codigo_siniestro,codigo_vehiculo,codigo_persona,departamento,provincia,distrito,tipo_persona,gravedad,lugar_atencionlesionado,lugar_de_defuncion,situacionde_persona,pais_de_nacionalidad,edad,sexo,posee_licencia,estado_licencia,clase_licencia,se_sometio_a_dosaje_etilico_cualitativo,resultado_del_dosaje_etilico_cualitativo,se_sometio_a_dosaje_etilico_cuantitativo,vehiculo,fecha,ano,mes,dia,hora,clase_de_siniestro,causa,causa_especifica,tipo_de_via,codigo_de_carretera,red_vial
A-2021-01-248,V-2021-01-248-1,P-2021-01-248-1-1,LIMA,LIMA,PACHACAMAC,CONDUCTOR,LESIONADO,CENTRO DE SALUD PÚBLICO,,IDENTIFICADO,PERÚ,28,MASCULINO,SI,VIGENTE,B II C,SI,POSITIVO,SI,TRIMOTO PASAJERO,01/01/2021,2021,ENERO,VIERNES,5,DESPISTE,IMPRUDENCIA DEL CONDUCTOR,CONDUCIR EN ESTADO DE EBRIEDAD Y/O DROGADICCIÓN,AVENIDA,NO CORRESPONDE,URBANO
A-2021-01-248,V-2021-01-248-1,P-2021-01-248-1-2,LIMA,LIMA,PACHACAMAC,PASAJERO,FALLECIDO,,EN EL LUGAR DE LOS HECHOS,IDENTIFICADO,PERÚ,25,FEMENINO,,NO CONDUCTOR,NO CONDUCTOR,NO,POSITIVO,NO,TRIMOTO PASAJERO,01/01/2021,2021,ENERO,VIERNES,5,DESPISTE,IMPRUDENCIA DEL CONDUCTOR,CONDUCIR EN ESTADO DE EBRIEDAD Y/O DROGADICCIÓN,AVENIDA,NO CORRESPONDE,URBANO
A-2021-01-248,V-2021-01-248-1,P-2021-01-248-1-3,LIMA,LIMA,PACHACAMAC,PASAJERO,LESIONADO,CENTRO DE SALUD PÚBLICO,,IDENTIFICADO,PERÚ,0,MASCULINO,,NO CONDUCTOR,NO CONDUCTOR,NO,,NO,TRIMOTO PASAJERO,01/01/2021,2021,ENERO,VIERNES,5,DESPISTE,IMPRUDENCIA DEL CONDUCTOR,CONDUCIR EN ESTADO DE EBRIEDAD Y/O DROGADICCIÓN,AVENIDA,NO CORRESPONDE,URBANO
A-2021-01-248,V-2021-01-248-1,P-2021-01-248-1-4,LIMA,LIMA,PACHACAMAC,PASAJERO,LESIONADO,CENTRO DE SALUD PÚBLICO,,IDENTIFICADO,PERÚ,64,MASCULINO,,NO CONDUCTOR,NO CONDUCTOR,NO,,NO,TRIMOTO PASAJERO,01/01/2021,2021,ENERO,VIERNES,5,DESPISTE,IMPRUDENCIA DEL CONDUCTOR,CONDUCIR EN ESTADO DE EBRIEDAD Y/O DROGADICCIÓN,AVENIDA,NO CORRESPONDE,URBANO
A-2021-01-254,V-2021-01-254-1,P-2021-01-254-1-1,LIMA,LIMA,VILLA MARIA DEL TRIUNFO,CONDUCTOR,LESIONADO,CENTRO DE SALUD PÚBLICO,,IDENTIFICADO,VENEZUELA,30,MASCULINO,SI,NO REGISTRA,OTRO,SI,POSITIVO,SI,MOTOCICLETA,01/01/2021,2021,ENERO,VIERNES,14,ATROPELLO,IMPRUDENCIA DEL CONDUCTOR,CONDUCIR EN ESTADO DE EBRIEDAD Y/O DROGADICCIÓN,AVENIDA,NO CORRESPONDE,URBANO
A-2021-01-254,V-2021-01-254-1,P-2021-01-254-1-2,LIMA,LIMA,VILLA MARIA DEL TRIUNFO,PEATÓN,FALLECIDO,,EN EL LUGAR DE LOS HECHOS,IDENTIFICADO,PERÚ,16,MASCULINO,,NO CONDUCTOR,NO CONDUCTOR,NO,,NO,MOTOCICLETA,01/01/2021,2021,ENERO,VIERNES,14,ATROPELLO,IMPRUDENCIA DEL CONDUCTOR,CONDUCIR EN ESTADO DE EBRIEDAD Y/O DROGADICCIÓN,AVENIDA,NO CORRESPONDE,URBANO
A-2021-01-258,V-2021-01-258-1,P-2021-01-258-1-1,LIMA,LIMA,VILLA EL SALVADOR,CONDUCTOR FUGADO,NO SE CONOCE,,,NO IDENTIFICADO,VENEZUELA,,MASCULINO,,FUGADO,FUGADO,NO,POSITIVO,NO,VEHICULO NO IDENTIFICADO,03/01/2021,2021,ENERO,DOMINGO,0,ATROPELLO FUGA,EN PROCESO DE INVESTIGACIÓN,NO CUENTA CON CAUSA ESPECIFICA,CARRETERA NACIONAL,PE-1S,NACIONAL
A-2021-01-258,V-2021-01-258-1,P-2021-01-258-1-2,LIMA,LIMA,VILLA EL SALVADOR,PEATÓN,FALLECIDO,,EN EL LUGAR DE LOS HECHOS,NO IDENTIFICADO,PERÚ,,MASCULINO,,NO CONDUCTOR,NO CONDUCTOR,,,,VEHICULO NO IDENTIFICADO,03/01/2021,2021,ENERO,DOMINGO,0,ATROPELLO FUGA,EN PROCESO DE INVESTIGACIÓN,NO CUENTA CON CAUSA ESPECIFICA,CARRETERA NACIONAL,PE-1S,NACIONAL
A-2021-01-260,V-2021-01-260-1,P-2021-01-260-1-1,LIMA,LIMA,ATE,CONDUCTOR,ILESO,,,IDENTIFICADO,PERÚ,23,MASCULINO,SI,VIGENTE,B II C,NO,,NO,MOTOCICLETA,04/01/2021,2021,ENERO,LUNES,1,ATROPELLO,IMPRUDENCIA DEL CONDUCTOR,OTRO (IMPRUDENCIA DEL CONDUCTOR),AVENIDA,NO CORRESPONDE,URBANO
A-2021-01-260,V-2021-01-260-1,P-2021-01-260-1-2,LIMA,LIMA,ATE,PEATÓN,FALLECIDO,,EN EL LUGAR DE LOS HECHOS,IDENTIFICADO,PERÚ,26,MASCULINO,,NO CONDUCTOR,NO CONDUCTOR,NO,,NO,MOTOCICLETA,04/01/2021,2021,ENERO,LUNES,1,ATROPELLO,IMPRUDENCIA DEL CONDUCTOR,OTRO (IMPRUDENCIA DEL CONDUCTOR),AVENIDA,NO CORRESPONDE,URBANO
A-2021-01-262,V-2021-01-262-1,P-2021-01-262-1-1,LIMA,LIMA,CHORRILLOS,CONDUCTOR,ILESO,,,IDENTIFICADO,PERÚ,26,MASCULINO,SI,VIGENTE,A I,SI,NEGATIVO,SI,AUTOMÓVIL,06/01/2021,2021,ENERO,MIÉRCOLES,20,CHOQUE,IMPRUDENCIA DEL CONDUCTOR,CONDUCIR EN ESTADO DE EBRIEDAD Y/O DROGADICCIÓN,AVENIDA,NO CORRESPONDE,URBANO
A-2021-01-262,V-2021-01-262-1,P-2021-01-262-1-2,LIMA,LIMA,CHORRILLOS,PASAJERO,FALLECIDO,,EN EL LUGAR DE LOS HECHOS,IDENTIFICADO,PERÚ,19,FEMENINO,,NO CONDUCTOR,NO CONDUCTOR,NO,,NO,AUTOMÓVIL,06/01/2021,2021,ENERO,MIÉRCOLES,20,CHOQUE,IMPRUDENCIA DEL CONDUCTOR,CONDUCIR EN ESTADO DE EBRIEDAD Y/O DROGADICCIÓN,AVENIDA,NO CORRESPONDE,URBANO
A-2021-01-262,V-2021-01-262-2,P-2021-01-262-2-1,LIMA,LIMA,CHORRILLOS,CONDUCTOR,FALLECIDO,,EN EL LUGAR DE LOS HECHOS,IDENTIFICADO,PERÚ,31,FEMENINO,NO,SIN LICENCIA,SIN LICENCIA,SI,POSITIVO,SI,MOTOCICLETA,06/01/2021,2021,ENERO,MIÉRCOLES,20,CHOQUE,IMPRUDENCIA DEL CONDUCTOR,CONDUCIR EN ESTADO DE EBRIEDAD Y/O DROGADICCIÓN,AVENIDA,NO CORRESPONDE,URBANO
A-2021-01-264,V-2021-01-264-1,P-2021-01-264-1-1,LIMA,LIMA,SAN JUAN DE LURIGANCHO,CONDUCTOR,FALLECIDO,,,IDENTIFICADO,OTRO,41,MASCULINO,NO,SIN DNI IDENTIFICADO,SIN DNI IDENTIFICADO,NO,,NO,SEMIREMOLQUE,09/01/2021,2021,ENERO,SÁBADO,10,DESPISTE,NEGLIGENCIA DEL CONDUCTOR,OTRO (NEGLIGENCIA DEL CONDUCTOR),AVENIDA,NO CORRESPONDE,URBANO
A-2021-01-265,V-2021-01-265-1,P-2021-01-265-1-1,LIMA,LIMA,VILLA MARIA DEL TRIUNFO,CONDUCTOR,FALLECIDO,,EN EL LUGAR DE LOS HECHOS,IDENTIFICADO,PERÚ,64,MASCULINO,NO,VIGENTE,A II B,NO,,NO,CAMIONETA RURAL,11/01/2021,2021,ENERO,LUNES,9,DESPISTE,EN PROCESO DE INVESTIGACIÓN,NO CUENTA CON CAUSA ESPECIFICA,AVENIDA,NO CORRESPONDE,URBANO
A-2021-01-267,V-2021-01-267-1,P-2021-01-267-1-1,LIMA,LIMA,LURIN,CONDUCTOR,NO SE CONOCE,,,IDENTIFICADO,PERÚ,32,MASCULINO,NO,SIN LICENCIA,SIN LICENCIA,NO,,NO,MOTOCICLETA,14/01/2021,2021,ENERO,JUEVES,1,VOLCADURA,IMPRUDENCIA DEL CONDUCTOR,CONDUCIR EN ESTADO DE EBRIEDAD Y/O DROGADICCIÓN,OTRO,NO CORRESPONDE,URBANO
A-2021-01-267,V-2021-01-267-1,P-2021-01-267-1-2,LIMA,LIMA,LURIN,PASAJERO,FALLECIDO,,EN EL LUGAR DE LOS HECHOS,IDENTIFICADO,PERÚ,22,MASCULINO,,NO CONDUCTOR,NO CONDUCTOR,NO,,NO,MOTOCICLETA,14/01/2021,2021,ENERO,JUEVES,1,VOLCADURA,IMPRUDENCIA DEL CONDUCTOR,CONDUCIR EN ESTADO DE EBRIEDAD Y/O DROGADICCIÓN,OTRO,NO CORRESPONDE,URBANO
A-2021-01-267,V-2021-01-267-2,P-2021-01-267-2-1,LIMA,LIMA,LURIN,CONDUCTOR,NO SE CONOCE,,,IDENTIFICADO,OTRO,35,MASCULINO,NO,VIGENTE,A III C,NO,,NO,CAMIÓN,14/01/2021,2021,ENERO,JUEVES,1,VOLCADURA,IMPRUDENCIA DEL CONDUCTOR,CONDUCIR EN ESTADO DE EBRIEDAD Y/O DROGADICCIÓN,OTRO,NO CORRESPONDE,URBANO
A-2021-01-266,V-2021-01-266-1,P-2021-01-266-1-1,LIMA,LIMA,SANTA ANITA,CONDUCTOR,NO SE CONOCE,,,IDENTIFICADO,PERÚ,35,MASCULINO,NO,SIN DNI IDENTIFICADO,SIN DNI IDENTIFICADO,NO,,NO,CAMIONETA PICK UP,14/01/2021,2021,ENERO,JUEVES,6,ATROPELLO,IMPRUDENCIA DEL CONDUCTOR,EXCESO DE VELOCIDAD,AVENIDA,NO CORRESPONDE,URBANO
A-2021-01-266,V-2021-01-266-1,P-2021-01-266-1-2,LIMA,LIMA,SANTA ANITA,PEATÓN,FALLECIDO,,EN EL LUGAR DE LOS HECHOS,IDENTIFICADO,PERÚ,60,MASCULINO,,NO CONDUCTOR,NO CONDUCTOR,NO,,NO,CAMIONETA PICK UP,14/01/2021,2021,ENERO,JUEVES,6,ATROPELLO,IMPRUDENCIA DEL CONDUCTOR,EXCESO DE VELOCIDAD,AVENIDA,NO CORRESPONDE,URBANO
A-2021-01-269,V-2021-01-269-1,P-2021-01-269-1-1,LIMA,LIMA,COMAS,CONDUCTOR,LESIONADO,CENTRO DE SALUD PÚBLICO,,IDENTIFICADO,PERÚ,21,MASCULINO,NO,SIN DNI IDENTIFICADO,SIN DNI IDENTIFICADO,NO,,NO,MOTOCICLETA,16/01/2021,2021,ENERO,SÁBADO,18,DESPISTE,EN PROCESO DE INVESTIGACIÓN,NO CUENTA CON CAUSA ESPECIFICA,AVENIDA,NO CORRESPONDE,URBANO
A-2021-01-269,V-2021-01-269-1,P-2021-01-269-1-2,LIMA,LIMA,COMAS,PASAJERO,FALLECIDO,,EN EL LUGAR DE LOS HECHOS,IDENTIFICADO,PERÚ,1,MASCULINO,,NO CONDUCTOR,NO CONDUCTOR,NO,,NO,MOTOCICLETA,16/01/2021,2021,ENERO,SÁBADO,18,DESPISTE,EN PROCESO DE INVESTIGACIÓN,NO CUENTA CON CAUSA ESPECIFICA,AVENIDA,NO CORRESPONDE,URBANO
A-2021-01-392,V-2021-01-392-1,P-2021-01-392-1-1,CALLAO,CALLAO,LA PERLA,CONDUCTOR,LESIONADO,,,IDENTIFICADO,PERÚ,27,MASCULINO,SI,VIGENTE,B II C,NO,,SI,MOTOCICLETA,16/01/2021,2021,ENERO,SÁBADO,19,ATROPELLO,EN PROCESO DE INVESTIGACIÓN,NO CUENTA CON CAUSA ESPECIFICA,AVENIDA,NO CORRESPONDE,URBANO
A-2021-01-392,V-2021-01-392-1,P-2021-01-392-1-2,CALLAO,CALLAO,LA PERLA,PEATÓN,FALLECIDO,,EN EL CENTRO DE SALUD,IDENTIFICADO,PERÚ,65,FEMENINO,,NO CONDUCTOR,NO CONDUCTOR,NO,,SI,MOTOCICLETA,16/01/2021,2021,ENERO,SÁBADO,19,ATROPELLO,EN PROCESO DE INVESTIGACIÓN,NO CUENTA CON CAUSA ESPECIFICA,AVENIDA,NO CORRESPONDE,URBANO
A-2021-01-129,V-2021-01-129-1,P-2021-01-129-1-1,CALLAO,CALLAO,CALLAO,CONDUCTOR,ILESO,,,IDENTIFICADO,PERÚ,25,MASCULINO,SI,VIGENTE,A III B,NO,NEGATIVO,SI,REMOLCADOR-SEMIREMOLQUE,17/01/2021,2021,ENERO,DOMINGO,8,CAÍDA DE PASAJERO,IMPRUDENCIA DEL PEATÓN,OTRO (IMPRUDENCIA DEL PEATÓN),CARRETERA NACIONAL,PE-20,NACIONAL
A-2021-01-129,V-2021-01-129-1,P-2021-01-129-1-2,CALLAO,CALLAO,CALLAO,PASAJERO,FALLECIDO,,EN EL LUGAR DE LOS HECHOS,IDENTIFICADO,PERÚ,29,MASCULINO,,NO CONDUCTOR,NO CONDUCTOR,NO,,SI,REMOLCADOR-SEMIREMOLQUE,17/01/2021,2021,ENERO,DOMINGO,8,CAÍDA DE PASAJERO,IMPRUDENCIA DEL PEATÓN,OTRO (IMPRUDENCIA DEL PEATÓN),CARRETERA NACIONAL,PE-20,NACIONAL
A-2021-01-270,V-2021-01-270-1,P-2021-01-270-1-1,LIMA,LIMA,LURIGANCHO,CONDUCTOR,NO SE CONOCE,,,IDENTIFICADO,VENEZUELA,31,MASCULINO,NO,VIGENTE,A III C,NO,,NO,ÓMNIBUS,19/01/2021,2021,ENERO,MARTES,9,CHOQUE,IMPRUDENCIA DEL CONDUCTOR,OTRO (IMPRUDENCIA DEL CONDUCTOR),AVENIDA,NO CORRESPONDE,URBANO
A-2021-01-270,V-2021-01-270-1,P-2021-01-270-1-2,LIMA,LIMA,LURIGANCHO,PASAJERO,FALLECIDO,,EN EL LUGAR DE LOS HECHOS,IDENTIFICADO,PERÚ,36,MASCULINO,,NO CONDUCTOR,NO CONDUCTOR,NO,,NO,ÓMNIBUS,19/01/2021,2021,ENERO,MARTES,9,CHOQUE,IMPRUDENCIA DEL CONDUCTOR,OTRO (IMPRUDENCIA DEL CONDUCTOR),AVENIDA,NO CORRESPONDE,URBANO
A-2021-01-270,V-2021-01-270-1,P-2021-01-270-1-3,LIMA,LIMA,LURIGANCHO,PASAJERO,LESIONADO,CENTRO DE SALUD PÚBLICO,,IDENTIFICADO,PERÚ,26,FEMENINO,,NO CONDUCTOR,NO CONDUCTOR,NO,,NO,ÓMNIBUS,19/01/2021,2021,ENERO,MARTES,9,CHOQUE,IMPRUDENCIA DEL CONDUCTOR,OTRO (IMPRUDENCIA DEL CONDUCTOR),AVENIDA,NO CORRESPONDE,URBANO
A-2021-01-270,V-2021-01-270-1,P-2021-01-270-1-4,LIMA,LIMA,LURIGANCHO,PASAJERO,LESIONADO,CENTRO DE SALUD PÚBLICO,,IDENTIFICADO,PERÚ,35,MASCULINO,,NO CONDUCTOR,NO CONDUCTOR,NO,,NO,ÓMNIBUS,19/01/2021,2021,ENERO,MARTES,9,CHOQUE,IMPRUDENCIA DEL CONDUCTOR,OTRO (IMPRUDENCIA DEL CONDUCTOR),AVENIDA,NO CORRESPONDE,URBANO
A-2021-01-270,V-2021-01-270-1,P-2021-01-270-1-5,LIMA,LIMA,LURIGANCHO,PASAJERO,LESIONADO,CENTRO DE SALUD PÚBLICO,,IDENTIFICADO,PERÚ,13,MASCULINO,,NO CONDUCTOR,NO CONDUCTOR,NO,,NO,ÓMNIBUS,19/01/2021,2021,ENERO,MARTES,9,CHOQUE,IMPRUDENCIA DEL CONDUCTOR,OTRO (IMPRUDENCIA DEL CONDUCTOR),AVENIDA,NO CORRESPONDE,URBANO
A-2021-01-270,V-2021-01-270-2,P-2021-01-270-2-1,LIMA,LIMA,LURIGANCHO,CONDUCTOR,LESIONADO,CENTRO DE SALUD PÚBLICO,,IDENTIFICADO,PERÚ,50,MASCULINO,NO,VIGENTE,A III C,NO,,NO,CAMIÓN,19/01/2021,2021,ENERO,MARTES,9,CHOQUE,IMPRUDENCIA DEL CONDUCTOR,OTRO (IMPRUDENCIA DEL CONDUCTOR),AVENIDA,NO CORRESPONDE,URBANO
A-2021-01-271,V-2021-01-271-1,P-2021-01-271-1-1,LIMA,LIMA,LOS OLIVOS,CONDUCTOR,NO SE CONOCE,,,IDENTIFICADO,PERÚ,42,MASCULINO,NO,VIGENTE,B II C,NO,,NO,MOTOCICLETA,23/01/2021,2021,ENERO,SÁBADO,13,ATROPELLO,IMPRUDENCIA DEL CONDUCTOR,EXCESO DE VELOCIDAD,AVENIDA,NO CORRESPONDE,URBANO
A-2021-01-271,V-2021-01-271-1,P-2021-01-271-1-2,LIMA,LIMA,LOS OLIVOS,PEATÓN,FALLECIDO,,EN EL LUGAR DE LOS HECHOS,IDENTIFICADO,PERÚ,68,MASCULINO,,NO CONDUCTOR,NO CONDUCTOR,,,,MOTOCICLETA,23/01/2021,2021,ENERO,SÁBADO,13,ATROPELLO,IMPRUDENCIA DEL CONDUCTOR,EXCESO DE VELOCIDAD,AVENIDA,NO CORRESPONDE,URBANO
A-2021-01-272,V-2021-01-272-1,P-2021-01-272-1-1,LIMA,LIMA,PUENTE PIEDRA,CONDUCTOR,NO SE CONOCE,,,IDENTIFICADO,PERÚ,44,MASCULINO,NO,VIGENTE,A III C,NO,,NO,REMOLCADOR-SEMIREMOLQUE,23/01/2021,2021,ENERO,SÁBADO,17,ATROPELLO,EN PROCESO DE INVESTIGACIÓN,NO CUENTA CON CAUSA ESPECIFICA,CARRETERA NACIONAL,PE-1N,NACIONAL
A-2021-01-272,V-2021-01-272-1,P-2021-01-272-1-2,LIMA,LIMA,PUENTE PIEDRA,PEATÓN,FALLECIDO,,EN EL LUGAR DE LOS HECHOS,IDENTIFICADO,PERÚ,31,MASCULINO,,NO CONDUCTOR,NO CONDUCTOR,NO,,NO,REMOLCADOR-SEMIREMOLQUE,23/01/2021,2021,ENERO,SÁBADO,17,ATROPELLO,EN PROCESO DE INVESTIGACIÓN,NO CUENTA CON CAUSA ESPECIFICA,CARRETERA NACIONAL,PE-1N,NACIONAL
A-2021-01-195,V-2021-01-195-1,P-2021-01-195-1-1,CALLAO,CALLAO,VENTANILLA,CONDUCTOR,ILESO,,,IDENTIFICADO,PERÚ,34,MASCULINO,SI,VIGENTE,A III C,NO,,SI,ÓMNIBUS,24/01/2021,2021,ENERO,DOMINGO,20,DESPISTE,EN PROCESO DE INVESTIGACIÓN,NO CUENTA CON CAUSA ESPECIFICA,CARRETERA NACIONAL,PE-20,NACIONAL
A-2021-01-195,V-2021-01-195-2,P-2021-01-195-2-1,CALLAO,CALLAO,VENTANILLA,CONDUCTOR,FALLECIDO,,EN EL LUGAR DE LOS HECHOS,IDENTIFICADO,PERÚ,10,MASCULINO,NO,NO CORRESPONDE,NO CORRESPONDE,NO,,NO,BICICLETA,24/01/2021,2021,ENERO,DOMINGO,20,DESPISTE,EN PROCESO DE INVESTIGACIÓN,NO CUENTA CON CAUSA ESPECIFICA,CARRETERA NACIONAL,PE-20,NACIONAL
A-2021-01-273,V-2021-01-273-1,P-2021-01-273-1-1,LIMA,LIMA,SAN MARTIN DE PORRES,CONDUCTOR FUGADO,NO SE CONOCE,,,NO IDENTIFICADO,PERÚ,,MASCULINO,NO,FUGADO,FUGADO,NO,,NO,VEHICULO NO IDENTIFICADO,25/01/2021,2021,ENERO,LUNES,8,ATROPELLO FUGA,IMPRUDENCIA DEL PEATÓN,OTRO (IMPRUDENCIA DEL PEATÓN),AVENIDA,NO CORRESPONDE,URBANO
A-2021-01-273,V-2021-01-273-1,P-2021-01-273-1-2,LIMA,LIMA,SAN MARTIN DE PORRES,PEATÓN,FALLECIDO,,EN EL LUGAR DE LOS HECHOS,IDENTIFICADO,PERÚ,41,FEMENINO,,NO CONDUCTOR,NO CONDUCTOR,NO,,NO,VEHICULO NO IDENTIFICADO,25/01/2021,2021,ENERO,LUNES,8,ATROPELLO FUGA,IMPRUDENCIA DEL PEATÓN,OTRO (IMPRUDENCIA DEL PEATÓN),AVENIDA,NO CORRESPONDE,URBANO
A-2021-01-274,V-2021-01-274-1,P-2021-01-274-1-1,LIMA,LIMA,VILLA MARIA DEL TRIUNFO,CONDUCTOR,NO SE CONOCE,,,IDENTIFICADO,PERÚ,30,MASCULINO,NO,VIGENTE,A I,NO,,NO,CAMIONETA PICK UP,25/01/2021,2021,ENERO,LUNES,11,CHOQUE,NEGLIGENCIA DEL CONDUCTOR,OTRO (NEGLIGENCIA DEL CONDUCTOR),AVENIDA,NO CORRESPONDE,URBANO
A-2021-01-274,V-2021-01-274-2,P-2021-01-274-2-1,LIMA,LIMA,VILLA MARIA DEL TRIUNFO,CONDUCTOR,NO SE CONOCE,,,IDENTIFICADO,PERÚ,18,MASCULINO,NO,SIN DNI IDENTIFICADO,SIN DNI IDENTIFICADO,NO,,NO,TRIMOTO PASAJERO,25/01/2021,2021,ENERO,LUNES,11,CHOQUE,NEGLIGENCIA DEL CONDUCTOR,OTRO (NEGLIGENCIA DEL CONDUCTOR),AVENIDA,NO CORRESPONDE,URBANO
A-2021-01-274,V-2021-01-274-2,P-2021-01-274-2-2,LIMA,LIMA,VILLA MARIA DEL TRIUNFO,PASAJERO,FALLECIDO,,EN EL LUGAR DE LOS HECHOS,IDENTIFICADO,PERÚ,73,FEMENINO,,NO CONDUCTOR,NO CONDUCTOR,NO,,NO,TRIMOTO PASAJERO,25/01/2021,2021,ENERO,LUNES,11,CHOQUE,NEGLIGENCIA DEL CONDUCTOR,OTRO (NEGLIGENCIA DEL CONDUCTOR),AVENIDA,NO CORRESPONDE,URBANO
A-2021-01-274,V-2021-01-274-2,P-2021-01-274-2-3,LIMA,LIMA,VILLA MARIA DEL TRIUNFO,PASAJERO,LESIONADO,CENTRO DE SALUD PÚBLICO,,IDENTIFICADO,PERÚ,58,FEMENINO,,NO CONDUCTOR,NO CONDUCTOR,NO,,NO,TRIMOTO PASAJERO,25/01/2021,2021,ENERO,LUNES,11,CHOQUE,NEGLIGENCIA DEL CONDUCTOR,OTRO (NEGLIGENCIA DEL CONDUCTOR),AVENIDA,NO CORRESPONDE,URBANO
A-2021-01-381,V-2021-01-381-1,P-2021-01-381-1-1,LIMA,LIMA,SAN MARTIN DE PORRES,CONDUCTOR,NO SE CONOCE,,,IDENTIFICADO,PERÚ,25,MASCULINO,NO,VIGENTE,A III A,NO,,NO,ÓMNIBUS,26/01/2021,2021,ENERO,MARTES,6,ATROPELLO,EN PROCESO DE INVESTIGACIÓN,NO CUENTA CON CAUSA ESPECIFICA,JIRÓN,NO CORRESPONDE,URBANO
A-2021-01-381,V-2021-01-381-1,P-2021-01-381-1-2,LIMA,LIMA,SAN MARTIN DE PORRES,PEATÓN,FALLECIDO,,EN EL LUGAR DE LOS HECHOS,IDENTIFICADO,PERÚ,57,MASCULINO,,NO CONDUCTOR,NO CONDUCTOR,NO,,NO,ÓMNIBUS,26/01/2021,2021,ENERO,MARTES,6,ATROPELLO,EN PROCESO DE INVESTIGACIÓN,NO CUENTA CON CAUSA ESPECIFICA,JIRÓN,NO CORRESPONDE,URBANO
A-2021-01-282,V-2021-01-282-1,P-2021-01-282-1-1,LIMA,LIMA,COMAS,CONDUCTOR,LESIONADO,CENTRO DE SALUD PÚBLICO,,IDENTIFICADO,PERÚ,46,MASCULINO,NO,VIGENTE,A III C,NO,,NO,CAMIÓN,28/01/2021,2021,ENERO,JUEVES,5,CHOQUE FUGA,IMPRUDENCIA DEL CONDUCTOR,OTRO (IMPRUDENCIA DEL CONDUCTOR),CARRETERA NACIONAL,PE-1N,NACIONAL
A-2021-01-282,V-2021-01-282-1,P-2021-01-282-1-2,LIMA,LIMA,COMAS,PASAJERO,FALLECIDO,,EN EL LUGAR DE LOS HECHOS,IDENTIFICADO,PERÚ,38,FEMENINO,,NO CONDUCTOR,NO CONDUCTOR,NO,,NO,CAMIÓN,28/01/2021,2021,ENERO,JUEVES,5,CHOQUE FUGA,IMPRUDENCIA DEL CONDUCTOR,OTRO (IMPRUDENCIA DEL CONDUCTOR),CARRETERA NACIONAL,PE-1N,NACIONAL
A-2021-01-282,V-2021-01-282-2,P-2021-01-282-2-1,LIMA,LIMA,COMAS,CONDUCTOR FUGADO,NO SE CONOCE,,,NO IDENTIFICADO,,,MASCULINO,,FUGADO,FUGADO,NO,,NO,VEHICULO NO IDENTIFICADO,28/01/2021,2021,ENERO,JUEVES,5,CHOQUE FUGA,IMPRUDENCIA DEL CONDUCTOR,OTRO (IMPRUDENCIA DEL CONDUCTOR),CARRETERA NACIONAL,PE-1N,NACIONAL
A-2021-01-284,V-2021-01-284-1,P-2021-01-284-1-1,LIMA,LIMA,CARABAYLLO,CONDUCTOR,NO SE CONOCE,,,IDENTIFICADO,VENEZUELA,35,MASCULINO,NO,SIN DNI IDENTIFICADO,SIN DNI IDENTIFICADO,NO,,NO,CAMIÓN,28/01/2021,2021,ENERO,JUEVES,17,CHOQUE,EN PROCESO DE INVESTIGACIÓN,NO CUENTA CON CAUSA ESPECIFICA,AVENIDA,NO CORRESPONDE,URBANO
A-2021-01-284,V-2021-01-284-2,P-2021-01-284-2-1,LIMA,LIMA,CARABAYLLO,CONDUCTOR,FALLECIDO,,EN EL LUGAR DE LOS HECHOS,IDENTIFICADO,PERÚ,30,MASCULINO,NO,NO CORRESPONDE,NO CORRESPONDE,NO,,NO,BICICLETA,28/01/2021,2021,ENERO,JUEVES,17,CHOQUE,EN PROCESO DE INVESTIGACIÓN,NO CUENTA CON CAUSA ESPECIFICA,AVENIDA,NO CORRESPONDE,URBANO
A-2021-01-288,V-2021-01-288-1,P-2021-01-288-1-1,LIMA,LIMA,SAN JUAN DE LURIGANCHO,CONDUCTOR,FALLECIDO,,EN EL LUGAR DE LOS HECHOS,IDENTIFICADO,PERÚ,23,MASCULINO,NO,VIGENTE,B II C,NO,,NO,MOTOCICLETA,29/01/2021,2021,ENERO,VIERNES,10,CHOQUE,IMPRUDENCIA DEL CONDUCTOR,OTRO (IMPRUDENCIA DEL CONDUCTOR),AVENIDA,NO CORRESPONDE,URBANO
A-2021-01-288,V-2021-01-288-2,P-2021-01-288-2-1,LIMA,LIMA,SAN JUAN DE LURIGANCHO,CONDUCTOR,NO SE CONOCE,,,IDENTIFICADO,PERÚ,50,MASCULINO,NO,VIGENTE,A I,NO,,NO,STATION WAGON,29/01/2021,2021,ENERO,VIERNES,10,CHOQUE,IMPRUDENCIA DEL CONDUCTOR,OTRO (IMPRUDENCIA DEL CONDUCTOR),AVENIDA,NO CORRESPONDE,URBANO
A-2021-01-356,V-2021-01-356-1,P-2021-01-356-1-1,LIMA,LIMA,LURIGANCHO,PEATÓN,FALLECIDO,,EN EL LUGAR DE LOS HECHOS,IDENTIFICADO,PERÚ,22,MASCULINO,,NO CONDUCTOR,NO CONDUCTOR,NO,,NO,VEHICULO NO IDENTIFICADO,30/01/2021,2021,ENERO,SÁBADO,0,ATROPELLO FUGA,EN PROCESO DE INVESTIGACIÓN,NO CUENTA CON CAUSA ESPECIFICA,AVENIDA,NO CORRESPONDE,URBANO
A-2021-01-356,V-2021-01-356-1,P-2021-01-356-1-2,LIMA,LIMA,LURIGANCHO,CONDUCTOR FUGADO,NO SE CONOCE,,,NO IDENTIFICADO,,,NO INDICA,,FUGADO,FUGADO,NO,,NO,VEHICULO NO IDENTIFICADO,30/01/2021,2021,ENERO,SÁBADO,0,ATROPELLO FUGA,EN PROCESO DE INVESTIGACIÓN,NO CUENTA CON CAUSA ESPECIFICA,AVENIDA,NO CORRESPONDE,URBANO
A-2021-01-391,V-2021-01-391-1,P-2021-01-391-1-1,CALLAO,CALLAO,CALLAO,CONDUCTOR,LESIONADO,,,IDENTIFICADO,PERÚ,38,MASCULINO,SI,VIGENTE,A I,NO,,SI,AUTOMÓVIL,30/01/2021,2021,ENERO,SÁBADO,21,CHOQUE,IMPRUDENCIA DEL CONDUCTOR,CONDUCIR EN ESTADO DE EBRIEDAD Y/O DROGADICCIÓN,CARRETERA NACIONAL,PE-20B,NACIONAL
A-2021-01-391,V-2021-01-391-2,P-2021-01-391-2-1,CALLAO,CALLAO,CALLAO,CONDUCTOR,FALLECIDO,,EN EL LUGAR DE LOS HECHOS,IDENTIFICADO,PERÚ,59,MASCULINO,NO,NO CORRESPONDE,NO CORRESPONDE,NO,,SI,TRICICLO NO MOTORIZADO,30/01/2021,2021,ENERO,SÁBADO,21,CHOQUE,IMPRUDENCIA DEL CONDUCTOR,CONDUCIR EN ESTADO DE EBRIEDAD Y/O DROGADICCIÓN,CARRETERA NACIONAL,PE-20B,NACIONAL
A-2021-02-248,V-2021-02-248-1,P-2021-02-248-1-1,LIMA,LIMA,SAN ISIDRO,CONDUCTOR,ILESO,,,IDENTIFICADO,PERÚ,28,MASCULINO,SI,VIGENTE,A II A,SI,NEGATIVO,NO,AUTOMÓVIL,01/02/2021,2021,FEBRERO,LUNES,4,CHOQUE,NEGLIGENCIA DEL CONDUCTOR,CONDUCIR CON FALLAS DE DIRECCIÓN,AVENIDA,NO CORRESPONDE,URBANO
A-2021-02-248,V-2021-02-248-2,P-2021-02-248-2-1,LIMA,LIMA,SAN ISIDRO,CONDUCTOR,FALLECIDO,,EN EL LUGAR DE LOS HECHOS,IDENTIFICADO,PERÚ,69,MASCULINO,SI,VIGENTE,A II A,SI,NEGATIVO,NO,AUTOMÓVIL,01/02/2021,2021,FEBRERO,LUNES,4,CHOQUE,NEGLIGENCIA DEL CONDUCTOR,CONDUCIR CON FALLAS DE DIRECCIÓN,AVENIDA,NO CORRESPONDE,URBANO
A-2021-02-251,V-2021-02-251-1,P-2021-02-251-1-1,LIMA,LIMA,COMAS,CONDUCTOR,ILESO,,,IDENTIFICADO,PERÚ,32,MASCULINO,,SIN DNI IDENTIFICADO,SIN DNI IDENTIFICADO,SI,NEGATIVO,NO,REMOLCADOR-SEMIREMOLQUE,01/02/2021,2021,FEBRERO,LUNES,7,CHOQUE,EN PROCESO DE INVESTIGACIÓN,NO CUENTA CON CAUSA ESPECIFICA,AVENIDA,NO CORRESPONDE,URBANO
A-2021-02-251,V-2021-02-251-2,P-2021-02-251-2-1,LIMA,LIMA,COMAS,CONDUCTOR,FALLECIDO,,EN EL LUGAR DE LOS HECHOS,IDENTIFICADO,PERÚ,61,MASCULINO,,SIN DNI IDENTIFICADO,SIN DNI IDENTIFICADO,SI,POSITIVO,NO,MOTOCICLETA,01/02/2021,2021,FEBRERO,LUNES,7,CHOQUE,EN PROCESO DE INVESTIGACIÓN,NO CUENTA CON CAUSA ESPECIFICA,AVENIDA,NO CORRESPONDE,URBANO
A-2021-02-124,V-2021-02-124-1,P-2021-02-124-1-1,LIMA,LIMA,SAN JUAN DE LURIGANCHO,CONDUCTOR,ILESO,,,IDENTIFICADO,PERÚ,42,MASCULINO,NO,VIGENTE,A III C,NO,,NO,AUTOMÓVIL,08/02/2021,2021,FEBRERO,LUNES,11,CHOQUE,IMPRUDENCIA DEL CONDUCTOR,EXCESO DE VELOCIDAD,AVENIDA,NO CORRESPONDE,URBANO
A-2021-02-124,V-2021-02-124-2,P-2021-02-124-2-1,LIMA,LIMA,SAN JUAN DE LURIGANCHO,CONDUCTOR,FALLECIDO,,EN EL LUGAR DE LOS HECHOS,IDENTIFICADO,PERÚ,35,FEMENINO,NO,SIN LICENCIA,SIN LICENCIA,NO,,NO,TRIMOTO CARGA,08/02/2021,2021,FEBRERO,LUNES,11,CHOQUE,IMPRUDENCIA DEL CONDUCTOR,EXCESO DE VELOCIDAD,AVENIDA,NO CORRESPONDE,URBANO
A-2021-02-127,V-2021-02-127-1,P-2021-02-127-1-1,LIMA,LIMA,EL AGUSTINO,CONDUCTOR,ILESO,,,IDENTIFICADO,PERÚ,37,MASCULINO,NO,INHABILITADO,A II B,NO,,NO,REMOLCADOR,08/02/2021,2021,FEBRERO,LUNES,15,ATROPELLO,IMPRUDENCIA DEL CONDUCTOR,CONDUCIR EN ESTADO DE EBRIEDAD Y/O DROGADICCIÓN,AVENIDA,NO CORRESPONDE,URBANO
A-2021-02-127,V-2021-02-127-1,P-2021-02-127-1-2,LIMA,LIMA,EL AGUSTINO,PEATÓN,FALLECIDO,,EN EL CENTRO DE SALUD,IDENTIFICADO,VENEZUELA,29,MASCULINO,,NO CONDUCTOR,NO CONDUCTOR,NO,,NO,REMOLCADOR,08/02/2021,2021,FEBRERO,LUNES,15,ATROPELLO,IMPRUDENCIA DEL CONDUCTOR,CONDUCIR EN ESTADO DE EBRIEDAD Y/O DROGADICCIÓN,AVENIDA,NO CORRESPONDE,URBANO
A-2021-02-249,V-2021-02-249-1,P-2021-02-249-1-1,LIMA,LIMA,SAN JUAN DE MIRAFLORES,CONDUCTOR,ILESO,,,IDENTIFICADO,PERÚ,57,MASCULINO,SI,VIGENTE,A II A,SI,NEGATIVO,NO,CAMIÓN,09/02/2021,2021,FEBRERO,MARTES,20,ATROPELLO,IMPRUDENCIA DEL PEATÓN,ESTADO DE EBRIEDAD Y/O DROGADICCIÓN,CARRETERA NACIONAL,PE-1S,NACIONAL
A-2021-02-249,V-2021-02-249-1,P-2021-02-249-1-2,LIMA,LIMA,SAN JUAN DE MIRAFLORES,PEATÓN,FALLECIDO,,EN EL LUGAR DE LOS HECHOS,IDENTIFICADO,PERÚ,56,MASCULINO,,NO CONDUCTOR,NO CONDUCTOR,SI,NEGATIVO,NO,CAMIÓN,09/02/2021,2021,FEBRERO,MARTES,20,ATROPELLO,IMPRUDENCIA DEL PEATÓN,ESTADO DE EBRIEDAD Y/O DROGADICCIÓN,CARRETERA NACIONAL,PE-1S,NACIONAL
A-2021-02-250,V-2021-02-250-1,P-2021-02-250-1-1,LIMA,LIMA,LA VICTORIA,CONDUCTOR,FALLECIDO,,EN EL LUGAR DE LOS HECHOS,IDENTIFICADO,PERÚ,22,MASCULINO,SI,,A I,SI,NEGATIVO,NO,MOTOCICLETA,09/02/2021,2021,FEBRERO,MARTES,21,DESPISTE,IMPRUDENCIA DEL CONDUCTOR,EXCESO DE VELOCIDAD,AVENIDA,NO CORRESPONDE,URBANO
A-2021-02-254,V-2021-02-254-1,P-2021-02-254-1-1,LIMA,LIMA,SURQUILLO,CONDUCTOR,ILESO,,,IDENTIFICADO,PERÚ,33,MASCULINO,SI,VIGENTE,A III C,SI,NEGATIVO,NO,AUTOMÓVIL,10/02/2021,2021,FEBRERO,MIÉRCOLES,13,CHOQUE,IMPERICIA DEL CONDUCTOR,,AVENIDA,NO CORRESPONDE,URBANO
A-2021-02-254,V-2021-02-254-2,P-2021-02-254-2-1,LIMA,LIMA,SURQUILLO,CONDUCTOR,ILESO,,,IDENTIFICADO,PERÚ,29,MASCULINO,SI,VIGENTE,B II C,SI,NEGATIVO,NO,MOTOCICLETA,10/02/2021,2021,FEBRERO,MIÉRCOLES,13,CHOQUE,IMPERICIA DEL CONDUCTOR,,AVENIDA,NO CORRESPONDE,URBANO
A-2021-02-254,V-2021-02-254-2,P-2021-02-254-2-2,LIMA,LIMA,SURQUILLO,PASAJERO,FALLECIDO,,EN EL LUGAR DE LOS HECHOS,IDENTIFICADO,PERÚ,29,MASCULINO,,NO CONDUCTOR,NO CONDUCTOR,SI,NEGATIVO,NO,MOTOCICLETA,10/02/2021,2021,FEBRERO,MIÉRCOLES,13,CHOQUE,IMPERICIA DEL CONDUCTOR,,AVENIDA,NO CORRESPONDE,URBANO
A-2021-02-252,V-2021-02-252-1,P-2021-02-252-1-1,LIMA,LIMA,LURIN,CONDUCTOR,ILESO,,,IDENTIFICADO,PERÚ,21,MASCULINO,SI,VIGENTE,A II B,SI,NEGATIVO,NO,AUTOMÓVIL,10/02/2021,2021,FEBRERO,MIÉRCOLES,15,DESPISTE,IMPRUDENCIA DEL CONDUCTOR,EXCESO DE VELOCIDAD,CARRETERA NACIONAL,PE-1S,NACIONAL
A-2021-02-252,V-2021-02-252-2,P-2021-02-252-2-1,LIMA,LIMA,LURIN,CONDUCTOR,FALLECIDO,,EN EL LUGAR DE LOS HECHOS,IDENTIFICADO,PERÚ,50,MASCULINO,,NO CORRESPONDE,SIN DNI IDENTIFICADO,SI,NEGATIVO,NO,BICICLETA,10/02/2021,2021,FEBRERO,MIÉRCOLES,15,DESPISTE,IMPRUDENCIA DEL CONDUCTOR,EXCESO DE VELOCIDAD,CARRETERA NACIONAL,PE-1S,NACIONAL
A-2021-02-253,V-2021-02-253-1,P-2021-02-253-1-1,LIMA,LIMA,SAN LUIS,CONDUCTOR,ILESO,,,IDENTIFICADO,PERÚ,26,MASCULINO,,NO CORRESPONDE,NO CORRESPONDE,SI,NEGATIVO,NO,BICICLETA,10/02/2021,2021,FEBRERO,MIÉRCOLES,16,ATROPELLO,IMPRUDENCIA DEL PEATÓN,USO DE DISPOSITIVOS MÓVILES Y/O ELECTRÓNICOS,AVENIDA,NO CORRESPONDE,URBANO
A-2021-02-253,V-2021-02-253-1,P-2021-02-253-1-2,LIMA,LIMA,SAN LUIS,PEATÓN,FALLECIDO,,EN EL LUGAR DE LOS HECHOS,IDENTIFICADO,PERÚ,81,FEMENINO,,NO CONDUCTOR,NO CONDUCTOR,SI,NEGATIVO,NO,BICICLETA,10/02/2021,2021,FEBRERO,MIÉRCOLES,16,ATROPELLO,IMPRUDENCIA DEL PEATÓN,USO DE DISPOSITIVOS MÓVILES Y/O ELECTRÓNICOS,AVENIDA,NO CORRESPONDE,URBANO
A-2021-02-255,V-2021-02-255-1,P-2021-02-255-1-1,LIMA,LIMA,SAN MARTIN DE PORRES,CONDUCTOR,NO SE CONOCE,,,IDENTIFICADO,PERÚ,55,MASCULINO,,SIN DNI IDENTIFICADO,SIN DNI IDENTIFICADO,SI,NEGATIVO,NO,AUTOMÓVIL,12/02/2021,2021,FEBRERO,VIERNES,7,ATROPELLO,EN PROCESO DE INVESTIGACIÓN,NO CUENTA CON CAUSA ESPECIFICA,CARRETERA NACIONAL,PE-20F,NACIONAL
A-2021-02-255,V-2021-02-255-1,P-2021-02-255-1-2,LIMA,LIMA,SAN MARTIN DE PORRES,PEATÓN,FALLECIDO,,EN EL LUGAR DE LOS HECHOS,IDENTIFICADO,PERÚ,34,MASCULINO,,NO CONDUCTOR,NO CONDUCTOR,SI,NEGATIVO,,AUTOMÓVIL,12/02/2021,2021,FEBRERO,VIERNES,7,ATROPELLO,EN PROCESO DE INVESTIGACIÓN,NO CUENTA CON CAUSA ESPECIFICA,CARRETERA NACIONAL,PE-20F,NACIONAL
A-2021-02-244,V-2021-02-244-1,P-2021-02-244-1-1,CALLAO,CALLAO,CALLAO,CONDUCTOR,ILESO,,,IDENTIFICADO,PERÚ,47,MASCULINO,SI,SUSPENDIDA,A II B,NO,,SI,CAMIONETA RURAL,12/02/2021,2021,FEBRERO,VIERNES,11,CHOQUE,NEGLIGENCIA DEL CONDUCTOR,OTRO (NEGLIGENCIA DEL CONDUCTOR),AVENIDA,NO CORRESPONDE,URBANO
A-2021-02-244,V-2021-02-244-2,P-2021-02-244-2-1,CALLAO,CALLAO,CALLAO,CONDUCTOR,FALLECIDO,,EN EL CENTRO DE SALUD,IDENTIFICADO,PERÚ,50,MASCULINO,NO,NO CORRESPONDE,NO CORRESPONDE,NO,,SI,BICICLETA,12/02/2021,2021,FEBRERO,VIERNES,11,CHOQUE,NEGLIGENCIA DEL CONDUCTOR,OTRO (NEGLIGENCIA DEL CONDUCTOR),AVENIDA,NO CORRESPONDE,URBANO
A-2021-02-258,V-2021-02-258-1,P-2021-02-258-1-1,LIMA,LIMA,EL AGUSTINO,CONDUCTOR,ILESO,,,IDENTIFICADO,PERÚ,70,MASCULINO,SI,VIGENTE,A III C,SI,NEGATIVO,NO,CAMIÓN,13/02/2021,2021,FEBRERO,SÁBADO,8,ATROPELLO,IMPRUDENCIA DEL CONDUCTOR,EXCESO DE VELOCIDAD,CARRETERA NACIONAL,PE-1N,NACIONAL
A-2021-02-258,V-2021-02-258-1,P-2021-02-258-1-2,LIMA,LIMA,EL AGUSTINO,PEATÓN,FALLECIDO,,EN EL LUGAR DE LOS HECHOS,IDENTIFICADO,PERÚ,84,MASCULINO,,NO CONDUCTOR,NO CONDUCTOR,SI,NEGATIVO,NO,CAMIÓN,13/02/2021,2021,FEBRERO,SÁBADO,8,ATROPELLO,IMPRUDENCIA DEL CONDUCTOR,EXCESO DE VELOCIDAD,CARRETERA NACIONAL,PE-1N,NACIONAL
A-2021-02-256,V-2021-02-256-1,P-2021-02-256-1-1,LIMA,LIMA,VILLA EL SALVADOR,CONDUCTOR,ILESO,,,IDENTIFICADO,PERÚ,23,MASCULINO,SI,VIGENTE,A I,SI,NEGATIVO,NO,AUTOMÓVIL,13/02/2021,2021,FEBRERO,SÁBADO,17,CHOQUE,IMPRUDENCIA DEL CONDUCTOR,EXCESO DE VELOCIDAD,AVENIDA,NO CORRESPONDE,URBANO
A-2021-02-256,V-2021-02-256-2,P-2021-02-256-2-1,LIMA,LIMA,VILLA EL SALVADOR,CONDUCTOR,FALLECIDO,,EN EL LUGAR DE LOS HECHOS,IDENTIFICADO,PERÚ,25,MASCULINO,SI,VIGENTE,OTRO,SI,NEGATIVO,NO,TRIMOTO PASAJERO,13/02/2021,2021,FEBRERO,SÁBADO,17,CHOQUE,IMPRUDENCIA DEL CONDUCTOR,EXCESO DE VELOCIDAD,AVENIDA,NO CORRESPONDE,URBANO
A-2021-02-256,V-2021-02-256-2,P-2021-02-256-2-2,LIMA,LIMA,VILLA EL SALVADOR,PASAJERO,LESIONADO,CENTRO DE SALUD PÚBLICO,,IDENTIFICADO,PERÚ,20,FEMENINO,,NO CONDUCTOR,NO CONDUCTOR,SI,NEGATIVO,NO,TRIMOTO PASAJERO,13/02/2021,2021,FEBRERO,SÁBADO,17,CHOQUE,IMPRUDENCIA DEL CONDUCTOR,EXCESO DE VELOCIDAD,AVENIDA,NO CORRESPONDE,URBANO
A-2021-02-256,V-2021-02-256-2,P-2021-02-256-2-3,LIMA,LIMA,VILLA EL SALVADOR,PASAJERO,LESIONADO,CENTRO DE SALUD PÚBLICO,,IDENTIFICADO,PERÚ,19,FEMENINO,,NO CONDUCTOR,NO CONDUCTOR,SI,NEGATIVO,NO,TRIMOTO PASAJERO,13/02/2021,2021,FEBRERO,SÁBADO,17,CHOQUE,IMPRUDENCIA DEL CONDUCTOR,EXCESO DE VELOCIDAD,AVENIDA,NO CORRESPONDE,URBANO
A-2021-02-259,V-2021-02-259-1,P-2021-02-259-1-1,LIMA,LIMA,MIRAFLORES,CONDUCTOR,FALLECIDO,,EN EL LUGAR DE LOS HECHOS,IDENTIFICADO,PERÚ,29,MASCULINO,SI,,A I,NO,,NO,MOTOCICLETA,13/02/2021,2021,FEBRERO,SÁBADO,18,VOLCADURA,IMPRUDENCIA DEL CONDUCTOR,EXCESO DE VELOCIDAD,CALLE,NO CORRESPONDE,URBANO
A-2021-02-257,V-2021-02-257-1,P-2021-02-257-1-1,LIMA,LIMA,CARABAYLLO,CONDUCTOR,ILESO,,,IDENTIFICADO,PERÚ,30,MASCULINO,,SIN DNI IDENTIFICADO,SIN DNI IDENTIFICADO,SI,NEGATIVO,NO,ÓMNIBUS,13/02/2021,2021,FEBRERO,SÁBADO,20,ATROPELLO FUGA,IMPRUDENCIA DEL PEATÓN,CRUCE INDEBIDO POR LA CALZADA,AVENIDA,NO CORRESPONDE,URBANO
A-2021-02-257,V-2021-02-257-1,P-2021-02-257-1-2,LIMA,LIMA,CARABAYLLO,PEATÓN,FALLECIDO,,EN EL LUGAR DE LOS HECHOS,IDENTIFICADO,PERÚ,41,MASCULINO,,NO CONDUCTOR,NO CONDUCTOR,SI,NEGATIVO,NO,ÓMNIBUS,13/02/2021,2021,FEBRERO,SÁBADO,20,ATROPELLO FUGA,IMPRUDENCIA DEL PEATÓN,CRUCE INDEBIDO POR LA CALZADA,AVENIDA,NO CORRESPONDE,URBANO
A-2021-02-261,V-2021-02-261-1,P-2021-02-261-1-1,LIMA,LIMA,LIMA,CONDUCTOR,ILESO,,,IDENTIFICADO,PERÚ,35,MASCULINO,SI,VIGENTE,B I,SI,NEGATIVO,NO,AUTOMÓVIL,16/02/2021,2021,FEBRERO,MARTES,8,CHOQUE,IMPRUDENCIA DEL CONDUCTOR,EXCESO DE VELOCIDAD,AVENIDA,NO CORRESPONDE,URBANO
A-2021-02-261,V-2021-02-261-2,P-2021-02-261-2-1,LIMA,LIMA,LIMA,CONDUCTOR,FALLECIDO,,EN EL LUGAR DE LOS HECHOS,IDENTIFICADO,PERÚ,49,MASCULINO,,NO CORRESPONDE,NO CORRESPONDE,SI,NEGATIVO,NO,BICICLETA,16/02/2021,2021,FEBRERO,MARTES,8,CHOQUE,IMPRUDENCIA DEL CONDUCTOR,EXCESO DE VELOCIDAD,AVENIDA,NO CORRESPONDE,URBANO
A-2021-02-260,V-2021-02-260-1,P-2021-02-260-1-1,LIMA,LIMA,LINCE,CONDUCTOR,ILESO,,,IDENTIFICADO,PERÚ,38,MASCULINO,,VIGENTE,A III C,SI,NEGATIVO,NO,ÓMNIBUS,16/02/2021,2021,FEBRERO,MARTES,18,CHOQUE,IMPRUDENCIA DEL CONDUCTOR,OTRO (IMPRUDENCIA DEL CONDUCTOR),AVENIDA,NO CORRESPONDE,URBANO
A-2021-02-260,V-2021-02-260-2,P-2021-02-260-2-1,LIMA,LIMA,LINCE,CONDUCTOR,FALLECIDO,,EN EL CENTRO DE SALUD,IDENTIFICADO,PERÚ,49,MASCULINO,,NO CORRESPONDE,SIN DNI IDENTIFICADO,SI,NEGATIVO,NO,BICICLETA,16/02/2021,2021,FEBRERO,MARTES,18,CHOQUE,IMPRUDENCIA DEL CONDUCTOR,OTRO (IMPRUDENCIA DEL CONDUCTOR),AVENIDA,NO CORRESPONDE,URBANO
A-2021-02-262,V-2021-02-262-1,P-2021-02-262-1-1,LIMA,LIMA,RIMAC,CONDUCTOR,ILESO,,,IDENTIFICADO,PERÚ,37,MASCULINO,,VIGENTE,A III C,SI,NEGATIVO,NO,REMOLCADOR,17/02/2021,2021,FEBRERO,MIÉRCOLES,11,ATROPELLO,IMPRUDENCIA DEL PEATÓN,DESACATO DE SEÑAL DE TRÁNSITO,AVENIDA,NO CORRESPONDE,URBANO
A-2021-02-262,V-2021-02-262-1,P-2021-02-262-1-2,LIMA,LIMA,RIMAC,PEATÓN,FALLECIDO,,EN EL LUGAR DE LOS HECHOS,IDENTIFICADO,PERÚ,74,MASCULINO,,NO CONDUCTOR,NO CONDUCTOR,SI,NEGATIVO,NO,REMOLCADOR,17/02/2021,2021,FEBRERO,MIÉRCOLES,11,ATROPELLO,IMPRUDENCIA DEL PEATÓN,DESACATO DE SEÑAL DE TRÁNSITO,AVENIDA,NO CORRESPONDE,URBANO
A-2021-02-264,V-2021-02-264-1,P-2021-02-264-1-1,LIMA,LIMA,VILLA MARIA DEL TRIUNFO,CONDUCTOR,ILESO,,,IDENTIFICADO,PERÚ,31,MASCULINO,,SIN LICENCIA,SIN LICENCIA,SI,NEGATIVO,NO,REMOLCADOR,18/02/2021,2021,FEBRERO,JUEVES,15,CHOQUE CON OBJETO FIJO,IMPRUDENCIA DEL CONDUCTOR,EXCESO DE VELOCIDAD,CALLE,NO CORRESPONDE,URBANO
A-2021-02-264,V-2021-02-264-1,P-2021-02-264-1-2,LIMA,LIMA,VILLA MARIA DEL TRIUNFO,PASAJERO,FALLECIDO,,EN EL LUGAR DE LOS HECHOS,IDENTIFICADO,PERÚ,5,FEMENINO,,NO CONDUCTOR,NO CONDUCTOR,NO,,NO,REMOLCADOR,18/02/2021,2021,FEBRERO,JUEVES,15,CHOQUE CON OBJETO FIJO,IMPRUDENCIA DEL CONDUCTOR,EXCESO DE VELOCIDAD,CALLE,NO CORRESPONDE,URBANO
A-2021-02-264,V-2021-02-264-1,P-2021-02-264-1-3,LIMA,LIMA,VILLA MARIA DEL TRIUNFO,PASAJERO,LESIONADO,CENTRO DE SALUD PÚBLICO,,IDENTIFICADO,PERÚ,38,FEMENINO,,NO CONDUCTOR,NO CONDUCTOR,NO,,NO,REMOLCADOR,18/02/2021,2021,FEBRERO,JUEVES,15,CHOQUE CON OBJETO FIJO,IMPRUDENCIA DEL CONDUCTOR,EXCESO DE VELOCIDAD,CALLE,NO CORRESPONDE,URBANO
A-2021-02-264,V-2021-02-264-1,P-2021-02-264-1-4,LIMA,LIMA,VILLA MARIA DEL TRIUNFO,PASAJERO,LESIONADO,CENTRO DE SALUD PÚBLICO,,IDENTIFICADO,PERÚ,2,FEMENINO,,NO CONDUCTOR,NO CONDUCTOR,NO,,NO,REMOLCADOR,18/02/2021,2021,FEBRERO,JUEVES,15,CHOQUE CON OBJETO FIJO,IMPRUDENCIA DEL CONDUCTOR,EXCESO DE VELOCIDAD,CALLE,NO CORRESPONDE,URBANO
A-2021-02-264,V-2021-02-264-1,P-2021-02-264-1-5,LIMA,LIMA,VILLA MARIA DEL TRIUNFO,PASAJERO,LESIONADO,CENTRO DE SALUD PÚBLICO,,IDENTIFICADO,PERÚ,39,FEMENINO,,NO CONDUCTOR,NO CONDUCTOR,NO,,NO,REMOLCADOR,18/02/2021,2021,FEBRERO,JUEVES,15,CHOQUE CON OBJETO FIJO,IMPRUDENCIA DEL CONDUCTOR,EXCESO DE VELOCIDAD,CALLE,NO CORRESPONDE,URBANO
A-2021-02-263,V-2021-02-263-1,P-2021-02-263-1-1,LIMA,LIMA,RIMAC,CONDUCTOR FUGADO,NO SE CONOCE,,,NO IDENTIFICADO,,,NO INDICA,,FUGADO,FUGADO,,,,VEHICULO NO IDENTIFICADO,18/02/2021,2021,FEBRERO,JUEVES,18,ATROPELLO FUGA,EN PROCESO DE INVESTIGACIÓN,NO CUENTA CON CAUSA ESPECIFICA,CARRETERA NACIONAL,PE-1N,NACIONAL
A-2021-02-263,V-2021-02-263-1,P-2021-02-263-1-2,LIMA,LIMA,RIMAC,PEATÓN,FALLECIDO,,EN EL LUGAR DE LOS HECHOS,IDENTIFICADO,PERÚ,30,MASCULINO,,NO CONDUCTOR,NO CONDUCTOR,SI,NEGATIVO,NO,VEHICULO NO IDENTIFICADO,18/02/2021,2021,FEBRERO,JUEVES,18,ATROPELLO FUGA,EN PROCESO DE INVESTIGACIÓN,NO CUENTA CON CAUSA ESPECIFICA,CARRETERA NACIONAL,PE-1N,NACIONAL
A-2021-02-235,V-2021-02-235-1,P-2021-02-235-1-1,CALLAO,CALLAO,CALLAO,CONDUCTOR,ILESO,,,IDENTIFICADO,PERÚ,66,MASCULINO,SI,VIGENTE,A III C,NO,,SI,REMOLCADOR-SEMIREMOLQUE,19/02/2021,2021,FEBRERO,VIERNES,8,CHOQUE,EN PROCESO DE INVESTIGACIÓN,NO CUENTA CON CAUSA ESPECIFICA,CARRETERA NACIONAL,PE-20,NACIONAL
A-2021-02-235,V-2021-02-235-2,P-2021-02-235-2-1,CALLAO,CALLAO,CALLAO,CONDUCTOR,FALLECIDO,,EN EL CENTRO DE SALUD,IDENTIFICADO,PERÚ,21,MASCULINO,SI,VIGENTE,B II C,NO,,SI,MOTOCICLETA,19/02/2021,2021,FEBRERO,VIERNES,8,CHOQUE,EN PROCESO DE INVESTIGACIÓN,NO CUENTA CON CAUSA ESPECIFICA,CARRETERA NACIONAL,PE-20,NACIONAL
A-2021-02-265,V-2021-02-265-1,P-2021-02-265-1-1,LIMA,LIMA,LIMA,CONDUCTOR,ILESO,,,IDENTIFICADO,PERÚ,34,MASCULINO,SI,VIGENTE,A III C,SI,NEGATIVO,NO,MINIBUS,19/02/2021,2021,FEBRERO,VIERNES,20,ATROPELLO,IMPRUDENCIA DEL CONDUCTOR,EXCESO DE VELOCIDAD,AVENIDA,NO CORRESPONDE,URBANO
A-2021-02-265,V-2021-02-265-1,P-2021-02-265-1-2,LIMA,LIMA,LIMA,PEATÓN,FALLECIDO,,EN EL LUGAR DE LOS HECHOS,IDENTIFICADO,PERÚ,7,FEMENINO,,NO CONDUCTOR,NO CONDUCTOR,SI,NEGATIVO,NO,MINIBUS,19/02/2021,2021,FEBRERO,VIERNES,20,ATROPELLO,IMPRUDENCIA DEL CONDUCTOR,EXCESO DE VELOCIDAD,AVENIDA,NO CORRESPONDE,URBANO
A-2021-02-265,V-2021-02-265-1,P-2021-02-265-1-3,LIMA,LIMA,LIMA,PEATÓN,FALLECIDO,,EN EL LUGAR DE LOS HECHOS,IDENTIFICADO,PERÚ,27,FEMENINO,,NO CONDUCTOR,NO CONDUCTOR,SI,NEGATIVO,NO,MINIBUS,19/02/2021,2021,FEBRERO,VIERNES,20,ATROPELLO,IMPRUDENCIA DEL CONDUCTOR,EXCESO DE VELOCIDAD,AVENIDA,NO CORRESPONDE,URBANO
A-2021-02-237,V-2021-02-237-1,P-2021-02-237-1-1,LIMA,LIMA,MAGDALENA DEL MAR,CONDUCTOR,NO SE CONOCE,,,IDENTIFICADO,PERÚ,20,MASCULINO,NO,SIN DNI IDENTIFICADO,SIN DNI IDENTIFICADO,NO,,NO,MOTOCICLETA,21/02/2021,2021,FEBRERO,DOMINGO,21,CHOQUE CON OBJETO FIJO,EN PROCESO DE INVESTIGACIÓN,NO CUENTA CON CAUSA ESPECIFICA,OTRO,NO CORRESPONDE,URBANO
A-2021-02-237,V-2021-02-237-1,P-2021-02-237-1-2,LIMA,LIMA,MAGDALENA DEL MAR,PEATÓN,FALLECIDO,,EN EL LUGAR DE LOS HECHOS,IDENTIFICADO,PERÚ,25,FEMENINO,,NO CONDUCTOR,NO CONDUCTOR,NO,,NO,MOTOCICLETA,21/02/2021,2021,FEBRERO,DOMINGO,21,CHOQUE CON OBJETO FIJO,EN PROCESO DE INVESTIGACIÓN,NO CUENTA CON CAUSA ESPECIFICA,OTRO,NO CORRESPONDE,URBANO
A-2021-02-266,V-2021-02-266-1,P-2021-02-266-1-1,LIMA,LIMA,INDEPENDENCIA,CONDUCTOR,NO SE CONOCE,,,IDENTIFICADO,PERÚ,,MASCULINO,,SIN DNI IDENTIFICADO,SIN DNI IDENTIFICADO,NO,,NO,ÓMNIBUS,22/02/2021,2021,FEBRERO,LUNES,7,VOLCADURA,IMPRUDENCIA DEL CONDUCTOR,EXCESO DE VELOCIDAD,CARRETERA NACIONAL,PE-1N,NACIONAL
A-2021-02-266,V-2021-02-266-1,P-2021-02-266-1-2,LIMA,LIMA,INDEPENDENCIA,PEATÓN,FALLECIDO,,EN EL LUGAR DE LOS HECHOS,NO IDENTIFICADO,PERÚ,,NO INDICA,,NO CONDUCTOR,NO CONDUCTOR,SI,NEGATIVO,NO,ÓMNIBUS,22/02/2021,2021,FEBRERO,LUNES,7,VOLCADURA,IMPRUDENCIA DEL CONDUCTOR,EXCESO DE VELOCIDAD,CARRETERA NACIONAL,PE-1N,NACIONAL
A-2021-02-236,V-2021-02-236-1,P-2021-02-236-1-1,CALLAO,CALLAO,CALLAO,CONDUCTOR,FALLECIDO,,EN EL CENTRO DE SALUD,IDENTIFICADO,PERÚ,32,MASCULINO,SI,VIGENTE,B II C,NO,,SI,MOTOCICLETA,23/02/2021,2021,FEBRERO,MARTES,17,DESPISTE,EN PROCESO DE INVESTIGACIÓN,NO CUENTA CON CAUSA ESPECIFICA,CARRETERA NACIONAL,PE-20I,NACIONAL
A-2021-02-267,V-2021-02-267-1,P-2021-02-267-1-1,LIMA,LIMA,SANTA ANITA,CONDUCTOR FUGADO,NO SE CONOCE,,,NO IDENTIFICADO,,,NO INDICA,,FUGADO,FUGADO,NO,,NO,VEHICULO NO IDENTIFICADO,23/02/2021,2021,FEBRERO,MARTES,21,ATROPELLO FUGA,EN PROCESO DE INVESTIGACIÓN,NO CUENTA CON CAUSA ESPECIFICA,CARRETERA NACIONAL,PE-1N,NACIONAL
A-2021-02-267,V-2021-02-267-1,P-2021-02-267-1-2,LIMA,LIMA,SANTA ANITA,PEATÓN,FALLECIDO,,EN EL CENTRO DE SALUD,NO IDENTIFICADO,,,MASCULINO,,NO CONDUCTOR,NO CONDUCTOR,,,,VEHICULO NO IDENTIFICADO,23/02/2021,2021,FEBRERO,MARTES,21,ATROPELLO FUGA,EN PROCESO DE INVESTIGACIÓN,NO CUENTA CON CAUSA ESPECIFICA,CARRETERA NACIONAL,PE-1N,NACIONAL
A-2021-02-268,V-2021-02-268-1,P-2021-02-268-1-1,LIMA,LIMA,RIMAC,CONDUCTOR,ILESO,,,IDENTIFICADO,PERÚ,34,MASCULINO,,SIN LICENCIA,SIN LICENCIA,,,,AUTOMÓVIL,24/02/2021,2021,FEBRERO,MIÉRCOLES,8,CHOQUE,EN PROCESO DE INVESTIGACIÓN,NO CUENTA CON CAUSA ESPECIFICA,AVENIDA,NO CORRESPONDE,URBANO
A-2021-02-268,V-2021-02-268-2,P-2021-02-268-2-1,LIMA,LIMA,RIMAC,CONDUCTOR,FALLECIDO,,EN EL CENTRO DE SALUD,NO IDENTIFICADO,PERÚ,,MASCULINO,,SIN DNI IDENTIFICADO,SIN DNI IDENTIFICADO,,,,MOTOCICLETA,24/02/2021,2021,FEBRERO,MIÉRCOLES,8,CHOQUE,EN PROCESO DE INVESTIGACIÓN,NO CUENTA CON CAUSA ESPECIFICA,AVENIDA,NO CORRESPONDE,URBANO
A-2021-02-269,V-2021-02-269-1,P-2021-02-269-1-1,LIMA,LIMA,SAN JUAN DE MIRAFLORES,CONDUCTOR,ILESO,,,IDENTIFICADO,PERÚ,28,MASCULINO,,NO CORRESPONDE,NO CORRESPONDE,SI,NEGATIVO,SI,BICICLETA,26/02/2021,2021,FEBRERO,VIERNES,7,ATROPELLO,IMPRUDENCIA DEL CONDUCTOR,OTRO (IMPRUDENCIA DEL CONDUCTOR),AVENIDA,NO CORRESPONDE,URBANO
A-2021-02-269,V-2021-02-269-1,P-2021-02-269-1-2,LIMA,LIMA,SAN JUAN DE MIRAFLORES,PEATÓN,FALLECIDO,,EN EL CENTRO DE SALUD,IDENTIFICADO,PERÚ,86,MASCULINO,,NO CONDUCTOR,NO CONDUCTOR,SI,NEGATIVO,SI,BICICLETA,26/02/2021,2021,FEBRERO,VIERNES,7,ATROPELLO,IMPRUDENCIA DEL CONDUCTOR,OTRO (IMPRUDENCIA DEL CONDUCTOR),AVENIDA,NO CORRESPONDE,URBANO
A-2021-02-270,V-2021-02-270-1,P-2021-02-270-1-1,LIMA,LIMA,EL AGUSTINO,CONDUCTOR,ILESO,,,IDENTIFICADO,PERÚ,30,MASCULINO,,VIGENTE,A III C,,,,ÓMNIBUS,27/02/2021,2021,FEBRERO,SÁBADO,12,ATROPELLO,EN PROCESO DE INVESTIGACIÓN,NO CUENTA CON CAUSA ESPECIFICA,CARRETERA NACIONAL,PE-1N,NACIONAL
A-2021-02-270,V-2021-02-270-1,P-2021-02-270-1-2,LIMA,LIMA,EL AGUSTINO,PEATÓN,FALLECIDO,,,NO IDENTIFICADO,PERÚ,,MASCULINO,,NO CONDUCTOR,NO CONDUCTOR,,,,ÓMNIBUS,27/02/2021,2021,FEBRERO,SÁBADO,12,ATROPELLO,EN PROCESO DE INVESTIGACIÓN,NO CUENTA CON CAUSA ESPECIFICA,CARRETERA NACIONAL,PE-1N,NACIONAL
A-2021-02-271,V-2021-02-271-1,P-2021-02-271-1-1,LIMA,LIMA,CARABAYLLO,CONDUCTOR,FALLECIDO,,EN EL CENTRO DE SALUD,IDENTIFICADO,PERÚ,46,MASCULINO,,VIGENTE,B II A,SI,POSITIVO,SI,TRIMOTO PASAJERO,27/02/2021,2021,FEBRERO,SÁBADO,22,DESPISTE,IMPRUDENCIA DEL CONDUCTOR,CONDUCIR EN ESTADO DE EBRIEDAD Y/O DROGADICCIÓN,JIRÓN,NO CORRESPONDE,URBANO
A-2021-03-69,V-2021-03-69-1,P-2021-03-69-1-1,LIMA,LIMA,INDEPENDENCIA,CONDUCTOR,NO SE CONOCE,,,IDENTIFICADO,PERÚ,23,MASCULINO,NO,VIGENTE,A III A,NO,,NO,MINIBUS,01/03/2021,2021,MARZO,LUNES,8,CAÍDA DE PASAJERO,EN PROCESO DE INVESTIGACIÓN,NO CUENTA CON CAUSA ESPECIFICA,AVENIDA,NO CORRESPONDE,URBANO
A-2021-03-69,V-2021-03-69-1,P-2021-03-69-1-2,LIMA,LIMA,INDEPENDENCIA,PASAJERO,FALLECIDO,,EN EL LUGAR DE LOS HECHOS,IDENTIFICADO,PERÚ,21,FEMENINO,,NO CONDUCTOR,NO CONDUCTOR,NO,,NO,MINIBUS,01/03/2021,2021,MARZO,LUNES,8,CAÍDA DE PASAJERO,EN PROCESO DE INVESTIGACIÓN,NO CUENTA CON CAUSA ESPECIFICA,AVENIDA,NO CORRESPONDE,URBANO
A-2021-03-170,V-2021-03-170-1,P-2021-03-170-1-1,LIMA,LIMA,SAN JUAN DE LURIGANCHO,CONDUCTOR,NO SE CONOCE,,,IDENTIFICADO,PERÚ,68,MASCULINO,NO,VIGENTE,A I,NO,,NO,CAMIONETA RURAL,03/03/2021,2021,MARZO,MIÉRCOLES,18,ATROPELLO,IMPRUDENCIA DEL PEATÓN,OTRO (IMPRUDENCIA DEL PEATÓN),CARRETERA SIN CLASIFICAR,SIN CLASIFICAR,SIN CLASIFICAR
A-2021-03-170,V-2021-03-170-1,P-2021-03-170-1-2,LIMA,LIMA,SAN JUAN DE LURIGANCHO,PEATÓN,FALLECIDO,,EN EL LUGAR DE LOS HECHOS,IDENTIFICADO,PERÚ,20,MASCULINO,,NO CONDUCTOR,NO CONDUCTOR,NO,,NO,CAMIONETA RURAL,03/03/2021,2021,MARZO,MIÉRCOLES,18,ATROPELLO,IMPRUDENCIA DEL PEATÓN,OTRO (IMPRUDENCIA DEL PEATÓN),CARRETERA SIN CLASIFICAR,SIN CLASIFICAR,SIN CLASIFICAR
A-2021-03-171,V-2021-03-171-1,P-2021-03-171-1-1,LIMA,LIMA,SAN JUAN DE LURIGANCHO,CONDUCTOR,FALLECIDO,,EN EL LUGAR DE LOS HECHOS,IDENTIFICADO,PERÚ,26,MASCULINO,NO,VIGENTE,B II C,NO,,NO,MOTOCICLETA,04/03/2021,2021,MARZO,JUEVES,20,VOLCADURA,EN PROCESO DE INVESTIGACIÓN,NO CUENTA CON CAUSA ESPECIFICA,AVENIDA,NO CORRESPONDE,URBANO
A-2021-03-175,V-2021-03-175-1,P-2021-03-175-1-1,LIMA,LIMA,SAN MARTIN DE PORRES,CONDUCTOR,FALLECIDO,,,IDENTIFICADO,PERÚ,29,MASCULINO,NO,SIN DNI IDENTIFICADO,SIN DNI IDENTIFICADO,NO,,NO,MOTOCICLETA,05/03/2021,2021,MARZO,VIERNES,0,DESPISTE,INFRAESTRUCTURA Y ENTORNO VIAL,OTRO (INFRAESTRUCTURA Y ENTORNO VIAL),AVENIDA,NO CORRESPONDE,URBANO
A-2021-03-352,V-2021-03-352-1,P-2021-03-352-1-1,LIMA,LIMA,LIMA,CONDUCTOR,ILESO,,,IDENTIFICADO,PERÚ,49,MASCULINO,SI,VIGENTE,A III B,SI,NEGATIVO,SI,CAMIÓN,05/03/2021,2021,MARZO,VIERNES,19,ATROPELLO,IMPRUDENCIA DEL PEATÓN,ESTADO DE EBRIEDAD Y/O DROGADICCIÓN,JIRÓN,NO CORRESPONDE,URBANO
A-2021-03-352,V-2021-03-352-1,P-2021-03-352-1-2,LIMA,LIMA,LIMA,PEATÓN,FALLECIDO,,EN EL CENTRO DE SALUD,IDENTIFICADO,PERÚ,59,MASCULINO,,NO CONDUCTOR,NO CONDUCTOR,SI,POSITIVO,SI,CAMIÓN,05/03/2021,2021,MARZO,VIERNES,19,ATROPELLO,IMPRUDENCIA DEL PEATÓN,ESTADO DE EBRIEDAD Y/O DROGADICCIÓN,JIRÓN,NO CORRESPONDE,URBANO
A-2021-03-201,V-2021-03-201-1,P-2021-03-201-1-1,LIMA,LIMA,SAN JUAN DE MIRAFLORES,CONDUCTOR,NO SE CONOCE,,,IDENTIFICADO,PERÚ,33,MASCULINO,NO,VENCIDA,A I,NO,,NO,AUTOMÓVIL,05/03/2021,2021,MARZO,VIERNES,21,ATROPELLO,IMPRUDENCIA DEL CONDUCTOR,OTRO (IMPRUDENCIA DEL CONDUCTOR),CARRETERA NACIONAL,PE-1S,NACIONAL
A-2021-03-201,V-2021-03-201-1,P-2021-03-201-1-2,LIMA,LIMA,SAN JUAN DE MIRAFLORES,PEATÓN,FALLECIDO,,EN EL LUGAR DE LOS HECHOS,IDENTIFICADO,PERÚ,38,FEMENINO,,NO CONDUCTOR,NO CONDUCTOR,NO,,NO,AUTOMÓVIL,05/03/2021,2021,MARZO,VIERNES,21,ATROPELLO,IMPRUDENCIA DEL CONDUCTOR,OTRO (IMPRUDENCIA DEL CONDUCTOR),CARRETERA NACIONAL,PE-1S,NACIONAL
A-2021-03-202,V-2021-03-202-1,P-2021-03-202-1-1,LIMA,LIMA,COMAS,CONDUCTOR,NO SE CONOCE,,,IDENTIFICADO,PERÚ,21,MASCULINO,NO,VIGENTE,A I,NO,,NO,AUTOMÓVIL,06/03/2021,2021,MARZO,SÁBADO,3,ATROPELLO,IMPRUDENCIA DEL CONDUCTOR,OTRO (IMPRUDENCIA DEL CONDUCTOR),CARRETERA NACIONAL,PE-1N,NACIONAL
A-2021-03-202,V-2021-03-202-1,P-2021-03-202-1-2,LIMA,LIMA,COMAS,PEATÓN,FALLECIDO,,EN EL LUGAR DE LOS HECHOS,IDENTIFICADO,PERÚ,24,FEMENINO,,NO CONDUCTOR,NO CONDUCTOR,NO,,NO,AUTOMÓVIL,06/03/2021,2021,MARZO,SÁBADO,3,ATROPELLO,IMPRUDENCIA DEL CONDUCTOR,OTRO (IMPRUDENCIA DEL CONDUCTOR),CARRETERA NACIONAL,PE-1N,NACIONAL
A-2021-03-202,V-2021-03-202-1,P-2021-03-202-1-3,LIMA,LIMA,COMAS,PEATÓN,FALLECIDO,,EN EL LUGAR DE LOS HECHOS,IDENTIFICADO,PERÚ,24,FEMENINO,,NO CONDUCTOR,NO CONDUCTOR,NO,,NO,AUTOMÓVIL,06/03/2021,2021,MARZO,SÁBADO,3,ATROPELLO,IMPRUDENCIA DEL CONDUCTOR,OTRO (IMPRUDENCIA DEL CONDUCTOR),CARRETERA NACIONAL,PE-1N,NACIONAL
A-2021-03-202,V-2021-03-202-1,P-2021-03-202-1-4,LIMA,LIMA,COMAS,PEATÓN,FALLECIDO,,EN EL LUGAR DE LOS HECHOS,IDENTIFICADO,PERÚ,0,FEMENINO,,NO CONDUCTOR,NO CONDUCTOR,NO,,NO,AUTOMÓVIL,06/03/2021,2021,MARZO,SÁBADO,3,ATROPELLO,IMPRUDENCIA DEL CONDUCTOR,OTRO (IMPRUDENCIA DEL CONDUCTOR),CARRETERA NACIONAL,PE-1N,NACIONAL
A-2021-03-349,V-2021-03-349-1,P-2021-03-349-1-1,LIMA,LIMA,SANTA ROSA,CONDUCTOR,FALLECIDO,,EN EL LUGAR DE LOS HECHOS,IDENTIFICADO,PERÚ,,MASCULINO,NO,SIN LICENCIA,SIN LICENCIA,NO,,NO,AUTOMÓVIL,07/03/2021,2021,MARZO,DOMINGO,12,CHOQUE CON OBJETO FIJO,IMPRUDENCIA DEL CONDUCTOR,OTRO (IMPRUDENCIA DEL CONDUCTOR),CARRETERA NACIONAL,PE-1N,NACIONAL
A-2021-03-218,V-2021-03-218-1,P-2021-03-218-1-1,LIMA,LIMA,PUENTE PIEDRA,CONDUCTOR,FALLECIDO,,EN EL LUGAR DE LOS HECHOS,IDENTIFICADO,PERÚ,,MASCULINO,NO,NO CORRESPONDE,SIN DNI IDENTIFICADO,NO,,NO,TRICICLO NO MOTORIZADO,11/03/2021,2021,MARZO,JUEVES,17,CHOQUE CON OBJETO FIJO,IMPRUDENCIA DEL CONDUCTOR,EXCESO DE VELOCIDAD,CARRETERA NACIONAL,PE-1N,NACIONAL
A-2021-03-221,V-2021-03-221-1,P-2021-03-221-1-1,LIMA,LIMA,PUEBLO LIBRE,CONDUCTOR,NO SE CONOCE,,,IDENTIFICADO,PERÚ,39,MASCULINO,NO,VIGENTE,A III C,NO,,NO,ÓMNIBUS,12/03/2021,2021,MARZO,VIERNES,16,ATROPELLO,EN PROCESO DE INVESTIGACIÓN,NO CUENTA CON CAUSA ESPECIFICA,AVENIDA,NO CORRESPONDE,URBANO
A-2021-03-221,V-2021-03-221-1,P-2021-03-221-1-2,LIMA,LIMA,PUEBLO LIBRE,PEATÓN,FALLECIDO,,EN EL LUGAR DE LOS HECHOS,IDENTIFICADO,PERÚ,63,MASCULINO,,NO CONDUCTOR,NO CONDUCTOR,NO,,NO,ÓMNIBUS,12/03/2021,2021,MARZO,VIERNES,16,ATROPELLO,EN PROCESO DE INVESTIGACIÓN,NO CUENTA CON CAUSA ESPECIFICA,AVENIDA,NO CORRESPONDE,URBANO
A-2021-03-346,V-2021-03-346-1,P-2021-03-346-1-1,LIMA,LIMA,COMAS,CONDUCTOR FUGADO,NO SE CONOCE,,,NO IDENTIFICADO,,,NO INDICA,,FUGADO,FUGADO,NO,,NO,VEHICULO NO IDENTIFICADO,14/03/2021,2021,MARZO,DOMINGO,3,ATROPELLO FUGA,EN PROCESO DE INVESTIGACIÓN,NO CUENTA CON CAUSA ESPECIFICA,CARRETERA NACIONAL,PE-1N,NACIONAL
A-2021-03-346,V-2021-03-346-1,P-2021-03-346-1-2,LIMA,LIMA,COMAS,PEATÓN,FALLECIDO,,EN EL LUGAR DE LOS HECHOS,NO IDENTIFICADO,PERÚ,,MASCULINO,,NO CONDUCTOR,NO CONDUCTOR,NO,,NO,VEHICULO NO IDENTIFICADO,14/03/2021,2021,MARZO,DOMINGO,3,ATROPELLO FUGA,EN PROCESO DE INVESTIGACIÓN,NO CUENTA CON CAUSA ESPECIFICA,CARRETERA NACIONAL,PE-1N,NACIONAL
A-2021-03-228,V-2021-03-228-1,P-2021-03-228-1-1,LIMA,LIMA,INDEPENDENCIA,CONDUCTOR FUGADO,NO SE CONOCE,,EN EL LUGAR DE LOS HECHOS,NO IDENTIFICADO,,,NO INDICA,,FUGADO,FUGADO,NO,,NO,VEHICULO NO IDENTIFICADO,16/03/2021,2021,MARZO,MARTES,16,ATROPELLO FUGA,EN PROCESO DE INVESTIGACIÓN,NO CUENTA CON CAUSA ESPECIFICA,AVENIDA,NO CORRESPONDE,URBANO
A-2021-03-228,V-2021-03-228-1,P-2021-03-228-1-2,LIMA,LIMA,INDEPENDENCIA,PEATÓN,FALLECIDO,,EN EL LUGAR DE LOS HECHOS,NO IDENTIFICADO,,,MASCULINO,,NO CONDUCTOR,NO CONDUCTOR,NO,,NO,VEHICULO NO IDENTIFICADO,16/03/2021,2021,MARZO,MARTES,16,ATROPELLO FUGA,EN PROCESO DE INVESTIGACIÓN,NO CUENTA CON CAUSA ESPECIFICA,AVENIDA,NO CORRESPONDE,URBANO
A-2021-03-311,V-2021-03-311-1,P-2021-03-311-1-1,CALLAO,CALLAO,CALLAO,CONDUCTOR,LESIONADO,CENTRO DE SALUD PÚBLICO,,IDENTIFICADO,PERÚ,36,MASCULINO,SI,VIGENTE,B II C,NO,,SI,MOTOCICLETA,16/03/2021,2021,MARZO,MARTES,17,ATROPELLO,IMPRUDENCIA DEL PEATÓN,CRUCE INDEBIDO POR LA CALZADA,AVENIDA,NO CORRESPONDE,URBANO
A-2021-03-311,V-2021-03-311-1,P-2021-03-311-1-2,CALLAO,CALLAO,CALLAO,PEATÓN,FALLECIDO,,EN EL CENTRO DE SALUD,IDENTIFICADO,PERÚ,84,FEMENINO,,NO CONDUCTOR,NO CONDUCTOR,NO,,NO,MOTOCICLETA,16/03/2021,2021,MARZO,MARTES,17,ATROPELLO,IMPRUDENCIA DEL PEATÓN,CRUCE INDEBIDO POR LA CALZADA,AVENIDA,NO CORRESPONDE,URBANO
A-2021-03-230,V-2021-03-230-1,P-2021-03-230-1-1,LIMA,LIMA,SAN MARTIN DE PORRES,CONDUCTOR,NO SE CONOCE,,,IDENTIFICADO,PERÚ,40,MASCULINO,NO,VIGENTE,A II B,NO,,NO,CAMIONETA RURAL,17/03/2021,2021,MARZO,MIÉRCOLES,10,ATROPELLO,IMPRUDENCIA DEL PEATÓN,OTRO (IMPRUDENCIA DEL PEATÓN),AVENIDA,NO CORRESPONDE,URBANO
A-2021-03-230,V-2021-03-230-1,P-2021-03-230-1-2,LIMA,LIMA,SAN MARTIN DE PORRES,PEATÓN,FALLECIDO,,EN EL LUGAR DE LOS HECHOS,IDENTIFICADO,PERÚ,80,MASCULINO,,NO CONDUCTOR,NO CONDUCTOR,NO,,NO,CAMIONETA RURAL,17/03/2021,2021,MARZO,MIÉRCOLES,10,ATROPELLO,IMPRUDENCIA DEL PEATÓN,OTRO (IMPRUDENCIA DEL PEATÓN),AVENIDA,NO CORRESPONDE,URBANO
A-2021-03-233,V-2021-03-233-1,P-2021-03-233-1-1,LIMA,LIMA,PUNTA NEGRA,CONDUCTOR,FALLECIDO,,EN EL LUGAR DE LOS HECHOS,IDENTIFICADO,PERÚ,62,FEMENINO,NO,NO CORRESPONDE,A I,NO,,NO,BICICLETA,17/03/2021,2021,MARZO,MIÉRCOLES,17,VOLCADURA,EN PROCESO DE INVESTIGACIÓN,NO CUENTA CON CAUSA ESPECIFICA,AVENIDA,NO CORRESPONDE,URBANO
A-2021-03-236,V-2021-03-236-1,P-2021-03-236-1-1,LIMA,LIMA,SANTIAGO DE SURCO,CONDUCTOR,FALLECIDO,,,IDENTIFICADO,PERÚ,35,MASCULINO,NO,SIN DNI IDENTIFICADO,SIN DNI IDENTIFICADO,NO,,NO,CAMIÓN,19/03/2021,2021,MARZO,VIERNES,8,DESPISTE,IMPRUDENCIA DEL CONDUCTOR,EXCESO DE VELOCIDAD,AVENIDA,NO CORRESPONDE,URBANO
A-2021-03-237,V-2021-03-237-1,P-2021-03-237-1-1,LIMA,LIMA,SAN MARTIN DE PORRES,CONDUCTOR,NO SE CONOCE,,,IDENTIFICADO,PERÚ,40,MASCULINO,NO,SIN LICENCIA,SIN LICENCIA,NO,,NO,CAMIÓN,20/03/2021,2021,MARZO,SÁBADO,7,ATROPELLO,IMPRUDENCIA DEL CONDUCTOR,OTRO (IMPRUDENCIA DEL CONDUCTOR),AVENIDA,NO CORRESPONDE,URBANO
A-2021-03-237,V-2021-03-237-1,P-2021-03-237-1-2,LIMA,LIMA,SAN MARTIN DE PORRES,PEATÓN,FALLECIDO,,EN EL LUGAR DE LOS HECHOS,IDENTIFICADO,PERÚ,74,MASCULINO,,NO CONDUCTOR,NO CONDUCTOR,NO,,NO,CAMIÓN,20/03/2021,2021,MARZO,SÁBADO,7,ATROPELLO,IMPRUDENCIA DEL CONDUCTOR,OTRO (IMPRUDENCIA DEL CONDUCTOR),AVENIDA,NO CORRESPONDE,URBANO
A-2021-03-238,V-2021-03-238-1,P-2021-03-238-1-1,LIMA,LIMA,EL AGUSTINO,CONDUCTOR,NO SE CONOCE,,,IDENTIFICADO,PERÚ,43,MASCULINO,NO,VIGENTE,A III C,NO,,NO,REMOLCADOR-SEMIREMOLQUE,20/03/2021,2021,MARZO,SÁBADO,14,CHOQUE,IMPRUDENCIA DEL CONDUCTOR,CONDUCIR EN ESTADO DE EBRIEDAD Y/O DROGADICCIÓN,CARRETERA NACIONAL,PE-1N,NACIONAL
A-2021-03-238,V-2021-03-238-2,P-2021-03-238-2-1,LIMA,LIMA,EL AGUSTINO,CONDUCTOR,FALLECIDO,,,NO IDENTIFICADO,PERÚ,,NO INDICA,,SIN DNI IDENTIFICADO,SIN DNI IDENTIFICADO,NO,,NO,MOTOCICLETA,20/03/2021,2021,MARZO,SÁBADO,14,CHOQUE,IMPRUDENCIA DEL CONDUCTOR,CONDUCIR EN ESTADO DE EBRIEDAD Y/O DROGADICCIÓN,CARRETERA NACIONAL,PE-1N,NACIONAL
A-2021-03-326,V-2021-03-326-1,P-2021-03-326-1-1,LIMA,LIMA,INDEPENDENCIA,CONDUCTOR,ILESO,,,IDENTIFICADO,PERÚ,59,MASCULINO,NO,VENCIDA,B II C,NO,,NO,AUTOMÓVIL,21/03/2021,2021,MARZO,DOMINGO,12,DESPISTE,EN PROCESO DE INVESTIGACIÓN,NO CUENTA CON CAUSA ESPECIFICA,PASAJE,NO CORRESPONDE,URBANO
A-2021-03-326,V-2021-03-326-1,P-2021-03-326-1-2,LIMA,LIMA,INDEPENDENCIA,PEATÓN,FALLECIDO,,EN EL LUGAR DE LOS HECHOS,IDENTIFICADO,PERÚ,NO INDICA,MASCULINO,,NO CONDUCTOR,NO CONDUCTOR,NO,,NO,AUTOMÓVIL,21/03/2021,2021,MARZO,DOMINGO,12,DESPISTE,EN PROCESO DE INVESTIGACIÓN,NO CUENTA CON CAUSA ESPECIFICA,PASAJE,NO CORRESPONDE,URBANO
A-2021-03-240,V-2021-03-240-1,P-2021-03-240-1-1,LIMA,LIMA,SAN MARTIN DE PORRES,CONDUCTOR,NO SE CONOCE,,,IDENTIFICADO,VENEZUELA,,MASCULINO,NO,SIN DNI IDENTIFICADO,SIN DNI IDENTIFICADO,NO,,NO,TRIMOTO PASAJERO,21/03/2021,2021,MARZO,DOMINGO,20,ATROPELLO,IMPRUDENCIA DEL CONDUCTOR,EXCESO DE VELOCIDAD,AVENIDA,NO CORRESPONDE,URBANO
A-2021-03-240,V-2021-03-240-1,P-2021-03-240-1-2,LIMA,LIMA,SAN MARTIN DE PORRES,PEATÓN,FALLECIDO,,EN EL LUGAR DE LOS HECHOS,IDENTIFICADO,PERÚ,60,MASCULINO,,NO CONDUCTOR,NO CONDUCTOR,NO,,NO,TRIMOTO PASAJERO,21/03/2021,2021,MARZO,DOMINGO,20,ATROPELLO,IMPRUDENCIA DEL CONDUCTOR,EXCESO DE VELOCIDAD,AVENIDA,NO CORRESPONDE,URBANO
A-2021-03-243,V-2021-03-243-1,P-2021-03-243-1-1,LIMA,LIMA,LA MOLINA,CONDUCTOR,NO SE CONOCE,,,IDENTIFICADO,PERÚ,,MASCULINO,NO,SIN DNI IDENTIFICADO,SIN DNI IDENTIFICADO,NO,,NO,CAMIONETA PICK UP,24/03/2021,2021,MARZO,MIÉRCOLES,9,CHOQUE,IMPRUDENCIA DEL CONDUCTOR,OTRO (IMPRUDENCIA DEL CONDUCTOR),AVENIDA,NO CORRESPONDE,URBANO
A-2021-03-243,V-2021-03-243-2,P-2021-03-243-2-1,LIMA,LIMA,LA MOLINA,CONDUCTOR,FALLECIDO,,EN EL LUGAR DE LOS HECHOS,IDENTIFICADO,PERÚ,20,MASCULINO,NO,VIGENTE,B II C,NO,,NO,MOTOCICLETA,24/03/2021,2021,MARZO,MIÉRCOLES,9,CHOQUE,IMPRUDENCIA DEL CONDUCTOR,OTRO (IMPRUDENCIA DEL CONDUCTOR),AVENIDA,NO CORRESPONDE,URBANO
A-2021-03-353,V-2021-03-353-1,P-2021-03-353-1-1,LIMA,LIMA,LURIGANCHO,CONDUCTOR,ILESO,,,IDENTIFICADO,PERÚ,51,MASCULINO,,SIN DNI IDENTIFICADO,SIN DNI IDENTIFICADO,,,,REMOLCADOR-SEMIREMOLQUE,24/03/2021,2021,MARZO,MIÉRCOLES,14,ATROPELLO,EN PROCESO DE INVESTIGACIÓN,NO CUENTA CON CAUSA ESPECIFICA,AVENIDA,NO CORRESPONDE,URBANO
A-2021-03-353,V-2021-03-353-1,P-2021-03-353-1-2,LIMA,LIMA,LURIGANCHO,PEATÓN,FALLECIDO,,EN EL CENTRO DE SALUD,IDENTIFICADO,PERÚ,79,MASCULINO,,NO CONDUCTOR,NO CONDUCTOR,,,,REMOLCADOR-SEMIREMOLQUE,24/03/2021,2021,MARZO,MIÉRCOLES,14,ATROPELLO,EN PROCESO DE INVESTIGACIÓN,NO CUENTA CON CAUSA ESPECIFICA,AVENIDA,NO CORRESPONDE,URBANO
A-2021-03-354,V-2021-03-354-1,P-2021-03-354-1-1,LIMA,LIMA,COMAS,CONDUCTOR,ILESO,,,IDENTIFICADO,PERÚ,37,MASCULINO,SI,VIGENTE,A I,SI,NEGATIVO,SI,AUTOMÓVIL,26/03/2021,2021,MARZO,VIERNES,3,DESPISTE,IMPRUDENCIA DEL CONDUCTOR,OTRO (IMPRUDENCIA DEL CONDUCTOR),AVENIDA,NO CORRESPONDE,URBANO
A-2021-03-354,V-2021-03-354-1,P-2021-03-354-1-2,LIMA,LIMA,COMAS,PEATÓN,FALLECIDO,,EN EL CENTRO DE SALUD,IDENTIFICADO,PERÚ,86,MASCULINO,,NO CONDUCTOR,NO CONDUCTOR,SI,NEGATIVO,SI,AUTOMÓVIL,26/03/2021,2021,MARZO,VIERNES,3,DESPISTE,IMPRUDENCIA DEL CONDUCTOR,OTRO (IMPRUDENCIA DEL CONDUCTOR),AVENIDA,NO CORRESPONDE,URBANO
A-2021-03-355,V-2021-03-355-1,P-2021-03-355-1-1,LIMA,LIMA,VILLA MARIA DEL TRIUNFO,CONDUCTOR,ILESO,,,IDENTIFICADO,PERÚ,38,MASCULINO,SI,VIGENTE,A III C,SI,NEGATIVO,SI,ÓMNIBUS,26/03/2021,2021,MARZO,VIERNES,22,CHOQUE,IMPRUDENCIA DEL CONDUCTOR,OTRO (IMPRUDENCIA DEL CONDUCTOR),AVENIDA,NO CORRESPONDE,URBANO
A-2021-03-355,V-2021-03-355-2,P-2021-03-355-2-1,LIMA,LIMA,VILLA MARIA DEL TRIUNFO,CONDUCTOR,FALLECIDO,,EN EL CENTRO DE SALUD,IDENTIFICADO,PERÚ,28,MASCULINO,SI,VIGENTE,B I,,NEGATIVO,SI,MOTOCICLETA,26/03/2021,2021,MARZO,VIERNES,22,CHOQUE,IMPRUDENCIA DEL CONDUCTOR,OTRO (IMPRUDENCIA DEL CONDUCTOR),AVENIDA,NO CORRESPONDE,URBANO
A-2021-03-356,V-2021-03-356-1,P-2021-03-356-1-1,LIMA,LIMA,VILLA EL SALVADOR,CONDUCTOR,ILESO,,,IDENTIFICADO,PERÚ,40,MASCULINO,,VIGENTE,A I,,,,AUTOMÓVIL,27/03/2021,2021,MARZO,SÁBADO,17,CHOQUE,EN PROCESO DE INVESTIGACIÓN,NO CUENTA CON CAUSA ESPECIFICA,CARRETERA NACIONAL,PE-1S,NACIONAL
A-2021-03-356,V-2021-03-356-1,P-2021-03-356-1-2,LIMA,LIMA,VILLA EL SALVADOR,PASAJERO,LESIONADO,CENTRO DE SALUD PÚBLICO,,NO IDENTIFICADO,VENEZUELA,,MASCULINO,,NO CONDUCTOR,NO CONDUCTOR,,,,AUTOMÓVIL,27/03/2021,2021,MARZO,SÁBADO,17,CHOQUE,EN PROCESO DE INVESTIGACIÓN,NO CUENTA CON CAUSA ESPECIFICA,CARRETERA NACIONAL,PE-1S,NACIONAL
A-2021-03-356,V-2021-03-356-1,P-2021-03-356-1-3,LIMA,LIMA,VILLA EL SALVADOR,PASAJERO,LESIONADO,CENTRO DE SALUD PÚBLICO,,NO IDENTIFICADO,PERÚ,,MASCULINO,,NO CONDUCTOR,NO CONDUCTOR,,,,AUTOMÓVIL,27/03/2021,2021,MARZO,SÁBADO,17,CHOQUE,EN PROCESO DE INVESTIGACIÓN,NO CUENTA CON CAUSA ESPECIFICA,CARRETERA NACIONAL,PE-1S,NACIONAL
A-2021-03-356,V-2021-03-356-2,P-2021-03-356-2-1,LIMA,LIMA,VILLA EL SALVADOR,CONDUCTOR,FALLECIDO,,EN EL CENTRO DE SALUD,IDENTIFICADO,PERÚ,50,MASCULINO,,VIGENTE,A I,,,,CAMIONETA PICK UP,27/03/2021,2021,MARZO,SÁBADO,17,CHOQUE,EN PROCESO DE INVESTIGACIÓN,NO CUENTA CON CAUSA ESPECIFICA,CARRETERA NACIONAL,PE-1S,NACIONAL
A-2021-03-297,V-2021-03-297-1,P-2021-03-297-1-1,CALLAO,CALLAO,LA PERLA,CONDUCTOR,FALLECIDO,,EN EL CENTRO DE SALUD,IDENTIFICADO,PERÚ,42,MASCULINO,NO,VIGENTE,B II C,NO,,SI,MOTOCICLETA,27/03/2021,2021,MARZO,SÁBADO,23,DESPISTE,IMPRUDENCIA DEL CONDUCTOR,CONDUCIR EN ESTADO DE EBRIEDAD Y/O DROGADICCIÓN,AVENIDA,NO CORRESPONDE,URBANO
A-2021-03-357,V-2021-03-357-1,P-2021-03-357-1-1,LIMA,LIMA,VILLA EL SALVADOR,CONDUCTOR,FALLECIDO,,EN EL CENTRO DE SALUD,IDENTIFICADO,PERÚ,22,MASCULINO,,SIN LICENCIA,SIN LICENCIA,,,SI,MOTOCICLETA,29/03/2021,2021,MARZO,LUNES,5,CHOQUE,IMPRUDENCIA DEL CONDUCTOR,OTRO (IMPRUDENCIA DEL CONDUCTOR),AVENIDA,NO CORRESPONDE,URBANO
A-2021-03-357,V-2021-03-357-2,P-2021-03-357-2-1,LIMA,LIMA,VILLA EL SALVADOR,CONDUCTOR,ILESO,,,IDENTIFICADO,PERÚ,44,MASCULINO,SI,VIGENTE,A II A,,,SI,STATION WAGON,29/03/2021,2021,MARZO,LUNES,5,CHOQUE,IMPRUDENCIA DEL CONDUCTOR,OTRO (IMPRUDENCIA DEL CONDUCTOR),AVENIDA,NO CORRESPONDE,URBANO
A-2021-03-357,V-2021-03-357-2,P-2021-03-357-2-2,LIMA,LIMA,VILLA EL SALVADOR,PASAJERO,LESIONADO,CENTRO DE SALUD PÚBLICO,,NO IDENTIFICADO,PERÚ,,FEMENINO,,NO CONDUCTOR,NO CONDUCTOR,,,,STATION WAGON,29/03/2021,2021,MARZO,LUNES,5,CHOQUE,IMPRUDENCIA DEL CONDUCTOR,OTRO (IMPRUDENCIA DEL CONDUCTOR),AVENIDA,NO CORRESPONDE,URBANO
A-2021-03-357,V-2021-03-357-2,P-2021-03-357-2-3,LIMA,LIMA,VILLA EL SALVADOR,PASAJERO,LESIONADO,CENTRO DE SALUD PÚBLICO,,IDENTIFICADO,PERÚ,46,FEMENINO,,NO CONDUCTOR,NO CONDUCTOR,,,,STATION WAGON,29/03/2021,2021,MARZO,LUNES,5,CHOQUE,IMPRUDENCIA DEL CONDUCTOR,OTRO (IMPRUDENCIA DEL CONDUCTOR),AVENIDA,NO CORRESPONDE,URBANO
A-2021-03-358,V-2021-03-358-1,P-2021-03-358-1-1,LIMA,LIMA,CHORRILLOS,CONDUCTOR,ILESO,,,NO IDENTIFICADO,PERÚ,,MASCULINO,,SIN DNI IDENTIFICADO,SIN DNI IDENTIFICADO,,,SI,ÓMNIBUS,29/03/2021,2021,MARZO,LUNES,7,CHOQUE,IMPRUDENCIA DEL CONDUCTOR,EXCESO DE VELOCIDAD,AVENIDA,NO CORRESPONDE,URBANO
A-2021-03-358,V-2021-03-358-2,P-2021-03-358-2-1,LIMA,LIMA,CHORRILLOS,CONDUCTOR,ILESO,,,NO IDENTIFICADO,PERÚ,,MASCULINO,,VIGENTE,A I,,,SI,AUTOMÓVIL,29/03/2021,2021,MARZO,LUNES,7,CHOQUE,IMPRUDENCIA DEL CONDUCTOR,EXCESO DE VELOCIDAD,AVENIDA,NO CORRESPONDE,URBANO
A-2021-03-358,V-2021-03-358-2,P-2021-03-358-2-2,LIMA,LIMA,CHORRILLOS,PEATÓN,FALLECIDO,,EN EL CENTRO DE SALUD,NO IDENTIFICADO,PERÚ,,MASCULINO,,NO CONDUCTOR,NO CONDUCTOR,,,SI,AUTOMÓVIL,29/03/2021,2021,MARZO,LUNES,7,CHOQUE,IMPRUDENCIA DEL CONDUCTOR,EXCESO DE VELOCIDAD,AVENIDA,NO CORRESPONDE,URBANO
A-2021-03-359,V-2021-03-359-1,P-2021-03-359-1-1,LIMA,LIMA,SAN JUAN DE LURIGANCHO,CONDUCTOR,ILESO,,,NO IDENTIFICADO,PERÚ,,MASCULINO,,,A I,,,SI,MOTOCICLETA,29/03/2021,2021,MARZO,LUNES,19,ATROPELLO,IMPRUDENCIA DEL CONDUCTOR,EXCESO DE VELOCIDAD,AVENIDA,NO CORRESPONDE,URBANO
A-2021-03-359,V-2021-03-359-1,P-2021-03-359-1-2,LIMA,LIMA,SAN JUAN DE LURIGANCHO,PEATÓN,FALLECIDO,,EN EL CENTRO DE SALUD,IDENTIFICADO,PERÚ,75,MASCULINO,,NO CONDUCTOR,NO CONDUCTOR,,,SI,MOTOCICLETA,29/03/2021,2021,MARZO,LUNES,19,ATROPELLO,IMPRUDENCIA DEL CONDUCTOR,EXCESO DE VELOCIDAD,AVENIDA,NO CORRESPONDE,URBANO
A-2021-03-360,V-2021-03-360-1,P-2021-03-360-1-1,LIMA,LIMA,COMAS,CONDUCTOR,FALLECIDO,,EN EL CENTRO DE SALUD,NO IDENTIFICADO,PERÚ,,MASCULINO,,SIN DNI IDENTIFICADO,SIN DNI IDENTIFICADO,,,,TRIMOTO PASAJERO,29/03/2021,2021,MARZO,LUNES,20,DESPISTE,EN PROCESO DE INVESTIGACIÓN,NO CUENTA CON CAUSA ESPECIFICA,JIRÓN,NO CORRESPONDE,URBANO
A-2021-03-361,V-2021-03-361-1,P-2021-03-361-1-1,LIMA,LIMA,SAN ISIDRO,CONDUCTOR,ILESO,,,IDENTIFICADO,PERÚ,53,MASCULINO,SI,VIGENTE,A III C,,,SI,ÓMNIBUS,31/03/2021,2021,MARZO,MIÉRCOLES,15,ATROPELLO,IMPRUDENCIA DEL CONDUCTOR,OTRO (IMPRUDENCIA DEL CONDUCTOR),AVENIDA,NO CORRESPONDE,URBANO
A-2021-03-361,V-2021-03-361-1,P-2021-03-361-1-2,LIMA,LIMA,SAN ISIDRO,PEATÓN,FALLECIDO,,EN EL CENTRO DE SALUD,IDENTIFICADO,PERÚ,89,FEMENINO,,NO CONDUCTOR,NO CONDUCTOR,,,SI,ÓMNIBUS,31/03/2021,2021,MARZO,MIÉRCOLES,15,ATROPELLO,IMPRUDENCIA DEL CONDUCTOR,OTRO (IMPRUDENCIA DEL CONDUCTOR),AVENIDA,NO CORRESPONDE,URBANO
A-2021-03-299,V-2021-03-299-1,P-2021-03-299-1-1,LIMA,LIMA,LURIN,CONDUCTOR,NO SE CONOCE,,,IDENTIFICADO,PERÚ,,MASCULINO,NO,VIGENTE,A III A,NO,,NO,AUTOMÓVIL,31/03/2021,2021,MARZO,MIÉRCOLES,21,ATROPELLO,IMPRUDENCIA DEL PEATÓN,ESTADO DE EBRIEDAD Y/O DROGADICCIÓN,AVENIDA,NO CORRESPONDE,URBANO
A-2021-03-299,V-2021-03-299-1,P-2021-03-299-1-2,LIMA,LIMA,LURIN,PEATÓN,FALLECIDO,,EN EL LUGAR DE LOS HECHOS,NO IDENTIFICADO,PERÚ,,MASCULINO,,NO CONDUCTOR,NO CONDUCTOR,NO,,NO,AUTOMÓVIL,31/03/2021,2021,MARZO,MIÉRCOLES,21,ATROPELLO,IMPRUDENCIA DEL PEATÓN,ESTADO DE EBRIEDAD Y/O DROGADICCIÓN,AVENIDA,NO CORRESPONDE,URBANO
A-2021-04-6,V-2021-04-6-1,P-2021-04-6-1-1,CALLAO,CALLAO,VENTANILLA,CONDUCTOR,ILESO,,,IDENTIFICADO,PERÚ,32,MASCULINO,SI,VIGENTE,A I,NO,,SI,AUTOMÓVIL,01/04/2021,2021,ABRIL,JUEVES,21,DESPISTE,IMPRUDENCIA DEL CONDUCTOR,CONDUCIR EN ESTADO DE EBRIEDAD Y/O DROGADICCIÓN,AVENIDA,NO CORRESPONDE,URBANO
A-2021-04-6,V-2021-04-6-1,P-2021-04-6-1-2,CALLAO,CALLAO,VENTANILLA,PASAJERO,FALLECIDO,,EN EL LUGAR DE LOS HECHOS,IDENTIFICADO,PERÚ,28,MASCULINO,,NO CONDUCTOR,NO CONDUCTOR,NO,,NO,AUTOMÓVIL,01/04/2021,2021,ABRIL,JUEVES,21,DESPISTE,IMPRUDENCIA DEL CONDUCTOR,CONDUCIR EN ESTADO DE EBRIEDAD Y/O DROGADICCIÓN,AVENIDA,NO CORRESPONDE,URBANO
A-2021-04-6,V-2021-04-6-1,P-2021-04-6-1-3,CALLAO,CALLAO,VENTANILLA,PASAJERO,FALLECIDO,,EN EL LUGAR DE LOS HECHOS,IDENTIFICADO,PERÚ,25,MASCULINO,,NO CONDUCTOR,NO CONDUCTOR,NO,,NO,AUTOMÓVIL,01/04/2021,2021,ABRIL,JUEVES,21,DESPISTE,IMPRUDENCIA DEL CONDUCTOR,CONDUCIR EN ESTADO DE EBRIEDAD Y/O DROGADICCIÓN,AVENIDA,NO CORRESPONDE,URBANO
A-2021-04-6,V-2021-04-6-1,P-2021-04-6-1-4,CALLAO,CALLAO,VENTANILLA,PASAJERO,LESIONADO,CENTRO DE SALUD PÚBLICO,,IDENTIFICADO,PERÚ,21,MASCULINO,,NO CONDUCTOR,NO CONDUCTOR,NO,,NO,AUTOMÓVIL,01/04/2021,2021,ABRIL,JUEVES,21,DESPISTE,IMPRUDENCIA DEL CONDUCTOR,CONDUCIR EN ESTADO DE EBRIEDAD Y/O DROGADICCIÓN,AVENIDA,NO CORRESPONDE,URBANO
A-2021-04-6,V-2021-04-6-1,P-2021-04-6-1-5,CALLAO,CALLAO,VENTANILLA,PASAJERO,LESIONADO,CENTRO DE SALUD PÚBLICO,,IDENTIFICADO,PERÚ,27,MASCULINO,,NO CONDUCTOR,NO CONDUCTOR,NO,,NO,AUTOMÓVIL,01/04/2021,2021,ABRIL,JUEVES,21,DESPISTE,IMPRUDENCIA DEL CONDUCTOR,CONDUCIR EN ESTADO DE EBRIEDAD Y/O DROGADICCIÓN,AVENIDA,NO CORRESPONDE,URBANO
A-2021-04-6,V-2021-04-6-1,P-2021-04-6-1-6,CALLAO,CALLAO,VENTANILLA,PASAJERO,LESIONADO,CENTRO DE SALUD PÚBLICO,,IDENTIFICADO,PERÚ,27,MASCULINO,,NO CONDUCTOR,NO CONDUCTOR,NO,,NO,AUTOMÓVIL,01/04/2021,2021,ABRIL,JUEVES,21,DESPISTE,IMPRUDENCIA DEL CONDUCTOR,CONDUCIR EN ESTADO DE EBRIEDAD Y/O DROGADICCIÓN,AVENIDA,NO CORRESPONDE,URBANO
A-2021-04-6,V-2021-04-6-1,P-2021-04-6-1-7,CALLAO,CALLAO,VENTANILLA,PASAJERO,LESIONADO,CENTRO DE SALUD PÚBLICO,,IDENTIFICADO,PERÚ,35,MASCULINO,,NO CONDUCTOR,NO CONDUCTOR,NO,,NO,AUTOMÓVIL,01/04/2021,2021,ABRIL,JUEVES,21,DESPISTE,IMPRUDENCIA DEL CONDUCTOR,CONDUCIR EN ESTADO DE EBRIEDAD Y/O DROGADICCIÓN,AVENIDA,NO CORRESPONDE,URBANO
A-2021-04-6,V-2021-04-6-1,P-2021-04-6-1-8,CALLAO,CALLAO,VENTANILLA,PASAJERO,LESIONADO,CENTRO DE SALUD PÚBLICO,,IDENTIFICADO,PERÚ,28,MASCULINO,,NO CONDUCTOR,NO CONDUCTOR,NO,,NO,AUTOMÓVIL,01/04/2021,2021,ABRIL,JUEVES,21,DESPISTE,IMPRUDENCIA DEL CONDUCTOR,CONDUCIR EN ESTADO DE EBRIEDAD Y/O DROGADICCIÓN,AVENIDA,NO CORRESPONDE,URBANO
A-2021-04-219,V-2021-04-219-1,P-2021-04-219-1-1,LIMA,LIMA,SAN MARTIN DE PORRES,CONDUCTOR,ILESO,,,IDENTIFICADO,PERÚ,47,MASCULINO,NO,VENCIDA,A II A,NO,,NO,AUTOMÓVIL,03/04/2021,2021,ABRIL,SÁBADO,10,ATROPELLO,IMPRUDENCIA DEL PEATÓN,OTRO (IMPRUDENCIA DEL PEATÓN),AVENIDA,NO CORRESPONDE,URBANO
A-2021-04-219,V-2021-04-219-1,P-2021-04-219-1-2,LIMA,LIMA,SAN MARTIN DE PORRES,PEATÓN,FALLECIDO,,EN EL LUGAR DE LOS HECHOS,IDENTIFICADO,PERÚ,NO INDICA,MASCULINO,,NO CONDUCTOR,NO CONDUCTOR,NO,,NO,AUTOMÓVIL,03/04/2021,2021,ABRIL,SÁBADO,10,ATROPELLO,IMPRUDENCIA DEL PEATÓN,OTRO (IMPRUDENCIA DEL PEATÓN),AVENIDA,NO CORRESPONDE,URBANO
A-2021-04-220,V-2021-04-220-1,P-2021-04-220-1-1,LIMA,LIMA,EL AGUSTINO,CONDUCTOR,ILESO,,,IDENTIFICADO,PERÚ,,MASCULINO,NO,SIN DNI IDENTIFICADO,SIN DNI IDENTIFICADO,NO,,NO,CAMIÓN,06/04/2021,2021,ABRIL,MARTES,10,CHOQUE,EN PROCESO DE INVESTIGACIÓN,NO CUENTA CON CAUSA ESPECIFICA,AVENIDA,NO CORRESPONDE,URBANO
A-2021-04-220,V-2021-04-220-2,P-2021-04-220-2-1,LIMA,LIMA,EL AGUSTINO,CONDUCTOR,ILESO,,,IDENTIFICADO,PERÚ,46,MASCULINO,NO,RETENIDA,A III C,NO,,NO,ÓMNIBUS,06/04/2021,2021,ABRIL,MARTES,10,CHOQUE,EN PROCESO DE INVESTIGACIÓN,NO CUENTA CON CAUSA ESPECIFICA,AVENIDA,NO CORRESPONDE,URBANO
A-2021-04-220,V-2021-04-220-2,P-2021-04-220-2-2,LIMA,LIMA,EL AGUSTINO,PASAJERO,LESIONADO,OTRO,,IDENTIFICADO,PERÚ,35,FEMENINO,,NO CONDUCTOR,NO CONDUCTOR,NO,,NO,ÓMNIBUS,06/04/2021,2021,ABRIL,MARTES,10,CHOQUE,EN PROCESO DE INVESTIGACIÓN,NO CUENTA CON CAUSA ESPECIFICA,AVENIDA,NO CORRESPONDE,URBANO
A-2021-04-220,V-2021-04-220-2,P-2021-04-220-2-3,LIMA,LIMA,EL AGUSTINO,PASAJERO,LESIONADO,CENTRO DE SALUD PÚBLICO,,IDENTIFICADO,PERÚ,45,FEMENINO,,NO CONDUCTOR,NO CONDUCTOR,NO,,NO,ÓMNIBUS,06/04/2021,2021,ABRIL,MARTES,10,CHOQUE,EN PROCESO DE INVESTIGACIÓN,NO CUENTA CON CAUSA ESPECIFICA,AVENIDA,NO CORRESPONDE,URBANO
A-2021-04-220,V-2021-04-220-2,P-2021-04-220-2-4,LIMA,LIMA,EL AGUSTINO,PASAJERO,LESIONADO,CENTRO DE SALUD PÚBLICO,,IDENTIFICADO,PERÚ,45,FEMENINO,,NO CONDUCTOR,NO CONDUCTOR,NO,,NO,ÓMNIBUS,06/04/2021,2021,ABRIL,MARTES,10,CHOQUE,EN PROCESO DE INVESTIGACIÓN,NO CUENTA CON CAUSA ESPECIFICA,AVENIDA,NO CORRESPONDE,URBANO
A-2021-04-220,V-2021-04-220-2,P-2021-04-220-2-5,LIMA,LIMA,EL AGUSTINO,PASAJERO,LESIONADO,CENTRO DE SALUD PÚBLICO,,IDENTIFICADO,PERÚ,41,FEMENINO,,NO CONDUCTOR,NO CONDUCTOR,NO,,NO,ÓMNIBUS,06/04/2021,2021,ABRIL,MARTES,10,CHOQUE,EN PROCESO DE INVESTIGACIÓN,NO CUENTA CON CAUSA ESPECIFICA,AVENIDA,NO CORRESPONDE,URBANO
A-2021-04-220,V-2021-04-220-3,P-2021-04-220-3-1,LIMA,LIMA,EL AGUSTINO,CONDUCTOR,FALLECIDO,,EN EL LUGAR DE LOS HECHOS,IDENTIFICADO,PERÚ,,FEMENINO,NO,NO CORRESPONDE,SIN DNI IDENTIFICADO,NO,,NO,TRICICLO NO MOTORIZADO,06/04/2021,2021,ABRIL,MARTES,10,CHOQUE,EN PROCESO DE INVESTIGACIÓN,NO CUENTA CON CAUSA ESPECIFICA,AVENIDA,NO CORRESPONDE,URBANO
A-2021-04-221,V-2021-04-221-1,P-2021-04-221-1-1,LIMA,LIMA,RIMAC,CONDUCTOR,NO SE CONOCE,,,IDENTIFICADO,PERÚ,30,MASCULINO,NO,VIGENTE,A III A,NO,,NO,ÓMNIBUS,07/04/2021,2021,ABRIL,MIÉRCOLES,17,ATROPELLO,IMPRUDENCIA DEL PEATÓN,OTRO (IMPRUDENCIA DEL PEATÓN),AVENIDA,NO CORRESPONDE,URBANO
A-2021-04-221,V-2021-04-221-1,P-2021-04-221-1-2,LIMA,LIMA,RIMAC,PEATÓN,FALLECIDO,,EN EL LUGAR DE LOS HECHOS,IDENTIFICADO,PERÚ,68,MASCULINO,,NO CONDUCTOR,NO CONDUCTOR,NO,,NO,ÓMNIBUS,07/04/2021,2021,ABRIL,MIÉRCOLES,17,ATROPELLO,IMPRUDENCIA DEL PEATÓN,OTRO (IMPRUDENCIA DEL PEATÓN),AVENIDA,NO CORRESPONDE,URBANO
A-2021-04-222,V-2021-04-222-1,P-2021-04-222-1-1,LIMA,LIMA,LIMA,CONDUCTOR FUGADO,NO SE CONOCE,,,NO IDENTIFICADO,,,NO INDICA,,FUGADO,FUGADO,,,,VEHICULO NO IDENTIFICADO,07/04/2021,2021,ABRIL,MIÉRCOLES,18,ATROPELLO FUGA,EN PROCESO DE INVESTIGACIÓN,NO CUENTA CON CAUSA ESPECIFICA,AVENIDA,NO CORRESPONDE,URBANO
A-2021-04-222,V-2021-04-222-1,P-2021-04-222-1-2,LIMA,LIMA,LIMA,PEATÓN,FALLECIDO,,EN EL LUGAR DE LOS HECHOS,NO IDENTIFICADO,PERÚ,,NO INDICA,,NO CONDUCTOR,NO CONDUCTOR,NO,,NO,VEHICULO NO IDENTIFICADO,07/04/2021,2021,ABRIL,MIÉRCOLES,18,ATROPELLO FUGA,EN PROCESO DE INVESTIGACIÓN,NO CUENTA CON CAUSA ESPECIFICA,AVENIDA,NO CORRESPONDE,URBANO
A-2021-04-232,V-2021-04-232-1,P-2021-04-232-1-1,LIMA,LIMA,EL AGUSTINO,CONDUCTOR,NO SE CONOCE,,,IDENTIFICADO,PERÚ,,MASCULINO,NO,SIN DNI IDENTIFICADO,SIN DNI IDENTIFICADO,,,,CAMIÓN,07/04/2021,2021,ABRIL,MIÉRCOLES,18,ATROPELLO,NEGLIGENCIA DEL CONDUCTOR,OTRO (NEGLIGENCIA DEL CONDUCTOR),JIRÓN,NO CORRESPONDE,URBANO
A-2021-04-232,V-2021-04-232-1,P-2021-04-232-1-2,LIMA,LIMA,EL AGUSTINO,PEATÓN,FALLECIDO,,EN EL LUGAR DE LOS HECHOS,IDENTIFICADO,PERÚ,0,MASCULINO,,NO CONDUCTOR,NO CONDUCTOR,NO,,NO,CAMIÓN,07/04/2021,2021,ABRIL,MIÉRCOLES,18,ATROPELLO,NEGLIGENCIA DEL CONDUCTOR,OTRO (NEGLIGENCIA DEL CONDUCTOR),JIRÓN,NO CORRESPONDE,URBANO
A-2021-04-231,V-2021-04-231-1,P-2021-04-231-1-1,LIMA,LIMA,PUENTE PIEDRA,CONDUCTOR,NO SE CONOCE,,,IDENTIFICADO,PERÚ,,MASCULINO,NO,VIGENTE,A III C,NO,,NO,REMOLCADOR-SEMIREMOLQUE,07/04/2021,2021,ABRIL,MIÉRCOLES,21,ATROPELLO,IMPRUDENCIA DEL CONDUCTOR,OTRO (IMPRUDENCIA DEL CONDUCTOR),CARRETERA NACIONAL,PE-1N,NACIONAL
A-2021-04-231,V-2021-04-231-1,P-2021-04-231-1-2,LIMA,LIMA,PUENTE PIEDRA,PEATÓN,FALLECIDO,,EN EL LUGAR DE LOS HECHOS,NO IDENTIFICADO,,,NO INDICA,,NO CONDUCTOR,NO CONDUCTOR,NO,,NO,REMOLCADOR-SEMIREMOLQUE,07/04/2021,2021,ABRIL,MIÉRCOLES,21,ATROPELLO,IMPRUDENCIA DEL CONDUCTOR,OTRO (IMPRUDENCIA DEL CONDUCTOR),CARRETERA NACIONAL,PE-1N,NACIONAL
A-2021-04-234,V-2021-04-234-1,P-2021-04-234-1-1,LIMA,LIMA,SAN MARTIN DE PORRES,CONDUCTOR,FALLECIDO,,,IDENTIFICADO,PERÚ,40,MASCULINO,NO,VENCIDA,A I,NO,,NO,AUTOMÓVIL,09/04/2021,2021,ABRIL,VIERNES,8,DESPISTE,EN PROCESO DE INVESTIGACIÓN,NO CUENTA CON CAUSA ESPECIFICA,CARRETERA NACIONAL,PE-1N,NACIONAL
A-2021-04-233,V-2021-04-233-1,P-2021-04-233-1-1,LIMA,LIMA,SAN JUAN DE LURIGANCHO,CONDUCTOR FUGADO,NO SE CONOCE,,,NO IDENTIFICADO,,,NO INDICA,NO,FUGADO,FUGADO,NO,,NO,VEHICULO NO IDENTIFICADO,09/04/2021,2021,ABRIL,VIERNES,20,ATROPELLO FUGA,IMPRUDENCIA DEL PEATÓN,OTRO (IMPRUDENCIA DEL PEATÓN),AVENIDA,NO CORRESPONDE,URBANO
A-2021-04-233,V-2021-04-233-1,P-2021-04-233-1-2,LIMA,LIMA,SAN JUAN DE LURIGANCHO,PEATÓN,FALLECIDO,,,IDENTIFICADO,OTRO,49,MASCULINO,,NO CONDUCTOR,NO CONDUCTOR,NO,,NO,VEHICULO NO IDENTIFICADO,09/04/2021,2021,ABRIL,VIERNES,20,ATROPELLO FUGA,IMPRUDENCIA DEL PEATÓN,OTRO (IMPRUDENCIA DEL PEATÓN),AVENIDA,NO CORRESPONDE,URBANO
A-2021-04-235,V-2021-04-235-1,P-2021-04-235-1-1,LIMA,LIMA,COMAS,CONDUCTOR,ILESO,,,IDENTIFICADO,PERÚ,26,MASCULINO,NO,SIN LICENCIA,SIN LICENCIA,,,,MOTOCICLETA,10/04/2021,2021,ABRIL,SÁBADO,8,ATROPELLO,IMPRUDENCIA DEL CONDUCTOR,OTRO (IMPRUDENCIA DEL CONDUCTOR),AVENIDA,NO CORRESPONDE,URBANO
A-2021-04-235,V-2021-04-235-1,P-2021-04-235-1-2,LIMA,LIMA,COMAS,PEATÓN,FALLECIDO,,EN EL LUGAR DE LOS HECHOS,IDENTIFICADO,PERÚ,NO INDICA,MASCULINO,,NO CONDUCTOR,NO CONDUCTOR,NO,,NO,MOTOCICLETA,10/04/2021,2021,ABRIL,SÁBADO,8,ATROPELLO,IMPRUDENCIA DEL CONDUCTOR,OTRO (IMPRUDENCIA DEL CONDUCTOR),AVENIDA,NO CORRESPONDE,URBANO
A-2021-04-239,V-2021-04-239-1,P-2021-04-239-1-1,LIMA,LIMA,LIMA,CONDUCTOR,ILESO,,,IDENTIFICADO,PERÚ,22,MASCULINO,NO,VIGENTE,A I,NO,,NO,ÓMNIBUS,10/04/2021,2021,ABRIL,SÁBADO,14,DESPISTE,NEGLIGENCIA DEL CONDUCTOR,OTRO (NEGLIGENCIA DEL CONDUCTOR),AVENIDA,NO CORRESPONDE,URBANO
A-2021-04-239,V-2021-04-239-1,P-2021-04-239-1-2,LIMA,LIMA,LIMA,PASAJERO,LESIONADO,CENTRO DE SALUD PÚBLICO,,IDENTIFICADO,PERÚ,54,MASCULINO,,NO CONDUCTOR,NO CONDUCTOR,NO,,NO,ÓMNIBUS,10/04/2021,2021,ABRIL,SÁBADO,14,DESPISTE,NEGLIGENCIA DEL CONDUCTOR,OTRO (NEGLIGENCIA DEL CONDUCTOR),AVENIDA,NO CORRESPONDE,URBANO
A-2021-04-239,V-2021-04-239-1,P-2021-04-239-1-3,LIMA,LIMA,LIMA,PEATÓN,LESIONADO,CENTRO DE SALUD PÚBLICO,,IDENTIFICADO,PERÚ,44,FEMENINO,,NO CONDUCTOR,NO CONDUCTOR,NO,,NO,ÓMNIBUS,10/04/2021,2021,ABRIL,SÁBADO,14,DESPISTE,NEGLIGENCIA DEL CONDUCTOR,OTRO (NEGLIGENCIA DEL CONDUCTOR),AVENIDA,NO CORRESPONDE,URBANO
A-2021-04-239,V-2021-04-239-1,P-2021-04-239-1-4,LIMA,LIMA,LIMA,PEATÓN,LESIONADO,CENTRO DE SALUD PÚBLICO,,IDENTIFICADO,PERÚ,51,FEMENINO,,NO CONDUCTOR,NO CONDUCTOR,NO,,NO,ÓMNIBUS,10/04/2021,2021,ABRIL,SÁBADO,14,DESPISTE,NEGLIGENCIA DEL CONDUCTOR,OTRO (NEGLIGENCIA DEL CONDUCTOR),AVENIDA,NO CORRESPONDE,URBANO
A-2021-04-239,V-2021-04-239-2,P-2021-04-239-2-1,LIMA,LIMA,LIMA,CONDUCTOR,LESIONADO,CENTRO DE SALUD PÚBLICO,,IDENTIFICADO,PERÚ,,MASCULINO,NO,SIN DNI IDENTIFICADO,SIN DNI IDENTIFICADO,NO,,NO,STATION WAGON,10/04/2021,2021,ABRIL,SÁBADO,14,DESPISTE,NEGLIGENCIA DEL CONDUCTOR,OTRO (NEGLIGENCIA DEL CONDUCTOR),AVENIDA,NO CORRESPONDE,URBANO
A-2021-04-239,V-2021-04-239-2,P-2021-04-239-2-2,LIMA,LIMA,LIMA,PASAJERO,LESIONADO,CENTRO DE SALUD PÚBLICO,,IDENTIFICADO,PERÚ,0,FEMENINO,,NO CONDUCTOR,NO CONDUCTOR,NO,,NO,STATION WAGON,10/04/2021,2021,ABRIL,SÁBADO,14,DESPISTE,NEGLIGENCIA DEL CONDUCTOR,OTRO (NEGLIGENCIA DEL CONDUCTOR),AVENIDA,NO CORRESPONDE,URBANO
A-2021-04-239,V-2021-04-239-3,P-2021-04-239-3-1,LIMA,LIMA,LIMA,CONDUCTOR,LESIONADO,CENTRO DE SALUD PÚBLICO,,IDENTIFICADO,PERÚ,25,MASCULINO,NO,VIGENTE,B II C,NO,,NO,MOTOCICLETA,10/04/2021,2021,ABRIL,SÁBADO,14,DESPISTE,NEGLIGENCIA DEL CONDUCTOR,OTRO (NEGLIGENCIA DEL CONDUCTOR),AVENIDA,NO CORRESPONDE,URBANO
A-2021-04-239,V-2021-04-239-4,P-2021-04-239-4-1,LIMA,LIMA,LIMA,CONDUCTOR,FALLECIDO,,EN EL LUGAR DE LOS HECHOS,IDENTIFICADO,PERÚ,77,FEMENINO,NO,NO CORRESPONDE,NO CORRESPONDE,NO,,NO,BICICLETA,10/04/2021,2021,ABRIL,SÁBADO,14,DESPISTE,NEGLIGENCIA DEL CONDUCTOR,OTRO (NEGLIGENCIA DEL CONDUCTOR),AVENIDA,NO CORRESPONDE,URBANO
A-2021-04-39,V-2021-04-39-1,P-2021-04-39-1-1,CALLAO,CALLAO,MI PERU,CONDUCTOR,LESIONADO,CENTRO DE SALUD PÚBLICO,,IDENTIFICADO,PERÚ,67,MASCULINO,SI,VIGENTE,A III A,,,,MINIBUS,10/04/2021,2021,ABRIL,SÁBADO,22,CHOQUE,IMPRUDENCIA DEL CONDUCTOR,OTRO (IMPRUDENCIA DEL CONDUCTOR),AVENIDA,NO CORRESPONDE,URBANO
A-2021-04-39,V-2021-04-39-2,P-2021-04-39-2-1,CALLAO,CALLAO,MI PERU,CONDUCTOR,LESIONADO,CENTRO DE SALUD PÚBLICO,,IDENTIFICADO,PERÚ,60,MASCULINO,SI,VIGENTE,A II B,NO,,NO,CAMIONETA PICK UP,10/04/2021,2021,ABRIL,SÁBADO,22,CHOQUE,IMPRUDENCIA DEL CONDUCTOR,OTRO (IMPRUDENCIA DEL CONDUCTOR),AVENIDA,NO CORRESPONDE,URBANO
A-2021-04-39,V-2021-04-39-3,P-2021-04-39-3-1,CALLAO,CALLAO,MI PERU,CONDUCTOR,FALLECIDO,,EN EL CENTRO DE SALUD,IDENTIFICADO,PERÚ,37,MASCULINO,NO,VIGENTE,B II C,NO,,SI,MOTOCICLETA,10/04/2021,2021,ABRIL,SÁBADO,22,CHOQUE,IMPRUDENCIA DEL CONDUCTOR,OTRO (IMPRUDENCIA DEL CONDUCTOR),AVENIDA,NO CORRESPONDE,URBANO
A-2021-04-258,V-2021-04-258-1,P-2021-04-258-1-1,LIMA,LIMA,LURIN,CONDUCTOR,FALLECIDO,,EN EL LUGAR DE LOS HECHOS,NO IDENTIFICADO,PERÚ,,MASCULINO,NO,SIN DNI IDENTIFICADO,SIN DNI IDENTIFICADO,NO,,NO,MOTOCICLETA,11/04/2021,2021,ABRIL,DOMINGO,4,CHOQUE,EN PROCESO DE INVESTIGACIÓN,NO CUENTA CON CAUSA ESPECIFICA,CARRETERA NACIONAL,PE-1S,NACIONAL
A-2021-04-258,V-2021-04-258-2,P-2021-04-258-2-1,LIMA,LIMA,LURIN,CONDUCTOR,NO SE CONOCE,,,NO IDENTIFICADO,PERÚ,,NO INDICA,NO,FUGADO,FUGADO,NO,,NO,VEHICULO NO IDENTIFICADO,11/04/2021,2021,ABRIL,DOMINGO,4,CHOQUE,EN PROCESO DE INVESTIGACIÓN,NO CUENTA CON CAUSA ESPECIFICA,CARRETERA NACIONAL,PE-1S,NACIONAL
A-2021-04-240,V-2021-04-240-1,P-2021-04-240-1-1,LIMA,LIMA,SAN JUAN DE LURIGANCHO,CONDUCTOR,ILESO,,,IDENTIFICADO,PERÚ,34,MASCULINO,NO,SUSPENDIDA,A III C,NO,,NO,ÓMNIBUS,11/04/2021,2021,ABRIL,DOMINGO,9,ATROPELLO,IMPRUDENCIA DEL CONDUCTOR,OTRO (IMPRUDENCIA DEL CONDUCTOR),CALLE,NO CORRESPONDE,URBANO
A-2021-04-240,V-2021-04-240-1,P-2021-04-240-1-2,LIMA,LIMA,SAN JUAN DE LURIGANCHO,PEATÓN,FALLECIDO,,EN EL LUGAR DE LOS HECHOS,IDENTIFICADO,PERÚ,NO INDICA,MASCULINO,,NO CONDUCTOR,NO CONDUCTOR,NO,,NO,ÓMNIBUS,11/04/2021,2021,ABRIL,DOMINGO,9,ATROPELLO,IMPRUDENCIA DEL CONDUCTOR,OTRO (IMPRUDENCIA DEL CONDUCTOR),CALLE,NO CORRESPONDE,URBANO
A-2021-04-241,V-2021-04-241-1,P-2021-04-241-1-1,LIMA,LIMA,ATE,CONDUCTOR FUGADO,NO SE CONOCE,,,NO IDENTIFICADO,,,NO INDICA,NO,FUGADO,FUGADO,NO,,NO,VEHICULO NO IDENTIFICADO,13/04/2021,2021,ABRIL,MARTES,21,ATROPELLO FUGA,EN PROCESO DE INVESTIGACIÓN,NO CUENTA CON CAUSA ESPECIFICA,CARRETERA NACIONAL,PE-22,NACIONAL
A-2021-04-241,V-2021-04-241-1,P-2021-04-241-1-2,LIMA,LIMA,ATE,PEATÓN,FALLECIDO,,EN EL LUGAR DE LOS HECHOS,NO IDENTIFICADO,OTRO,,NO INDICA,,NO CONDUCTOR,NO CONDUCTOR,NO,,NO,VEHICULO NO IDENTIFICADO,13/04/2021,2021,ABRIL,MARTES,21,ATROPELLO FUGA,EN PROCESO DE INVESTIGACIÓN,NO CUENTA CON CAUSA ESPECIFICA,CARRETERA NACIONAL,PE-22,NACIONAL
A-2021-04-242,V-2021-04-242-1,P-2021-04-242-1-1,LIMA,LIMA,PUEBLO LIBRE,CONDUCTOR,ILESO,,,IDENTIFICADO,PERÚ,,MASCULINO,NO,SIN DNI IDENTIFICADO,SIN DNI IDENTIFICADO,NO,,NO,ÓMNIBUS,14/04/2021,2021,ABRIL,MIÉRCOLES,17,CHOQUE,IMPRUDENCIA DEL CONDUCTOR,OTRO (IMPRUDENCIA DEL CONDUCTOR),AVENIDA,NO CORRESPONDE,URBANO
A-2021-04-242,V-2021-04-242-2,P-2021-04-242-2-1,LIMA,LIMA,PUEBLO LIBRE,CONDUCTOR,FALLECIDO,,EN EL LUGAR DE LOS HECHOS,IDENTIFICADO,VENEZUELA,,MASCULINO,NO,VIGENTE,B II C,NO,,NO,MOTOCICLETA,14/04/2021,2021,ABRIL,MIÉRCOLES,17,CHOQUE,IMPRUDENCIA DEL CONDUCTOR,OTRO (IMPRUDENCIA DEL CONDUCTOR),AVENIDA,NO CORRESPONDE,URBANO
A-2021-04-243,V-2021-04-243-1,P-2021-04-243-1-1,LIMA,LIMA,LURIGANCHO,CONDUCTOR,ILESO,,,IDENTIFICADO,PERÚ,41,MASCULINO,NO,CANCELADA / CONDUCTOR INHABILITADO,A II B,NO,,NO,CAMIÓN,15/04/2021,2021,ABRIL,JUEVES,13,CHOQUE,IMPRUDENCIA DEL CONDUCTOR,EXCESO DE VELOCIDAD,AVENIDA,NO CORRESPONDE,URBANO
A-2021-04-243,V-2021-04-243-1,P-2021-04-243-3-2,LIMA,LIMA,LURIGANCHO,PEATÓN,FALLECIDO,,EN EL LUGAR DE LOS HECHOS,IDENTIFICADO,PERÚ,57,MASCULINO,,NO CONDUCTOR,NO CONDUCTOR,NO,,NO,CAMIÓN,15/04/2021,2021,ABRIL,JUEVES,13,CHOQUE,IMPRUDENCIA DEL CONDUCTOR,EXCESO DE VELOCIDAD,AVENIDA,NO CORRESPONDE,URBANO
A-2021-04-243,V-2021-04-243-2,P-2021-04-243-2-1,LIMA,LIMA,LURIGANCHO,CONDUCTOR,ILESO,,,IDENTIFICADO,PERÚ,41,MASCULINO,NO,VIGENTE,A III C,NO,,NO,CAMIONETA RURAL,15/04/2021,2021,ABRIL,JUEVES,13,CHOQUE,IMPRUDENCIA DEL CONDUCTOR,EXCESO DE VELOCIDAD,AVENIDA,NO CORRESPONDE,URBANO
A-2021-04-243,V-2021-04-243-2,P-2021-04-243-2-2,LIMA,LIMA,LURIGANCHO,PASAJERO,LESIONADO,CENTRO DE SALUD PÚBLICO,,IDENTIFICADO,PERÚ,46,MASCULINO,,NO CONDUCTOR,NO CONDUCTOR,NO,,NO,CAMIONETA RURAL,15/04/2021,2021,ABRIL,JUEVES,13,CHOQUE,IMPRUDENCIA DEL CONDUCTOR,EXCESO DE VELOCIDAD,AVENIDA,NO CORRESPONDE,URBANO
A-2021-04-243,V-2021-04-243-2,P-2021-04-243-2-3,LIMA,LIMA,LURIGANCHO,PASAJERO,LESIONADO,CENTRO DE SALUD PÚBLICO,,IDENTIFICADO,PERÚ,51,FEMENINO,,NO CONDUCTOR,NO CONDUCTOR,NO,,NO,CAMIONETA RURAL,15/04/2021,2021,ABRIL,JUEVES,13,CHOQUE,IMPRUDENCIA DEL CONDUCTOR,EXCESO DE VELOCIDAD,AVENIDA,NO CORRESPONDE,URBANO
A-2021-04-243,V-2021-04-243-3,P-2021-04-243-3-1,LIMA,LIMA,LURIGANCHO,CONDUCTOR,ILESO,,,IDENTIFICADO,PERÚ,52,MASCULINO,NO,VIGENTE,A II B,NO,,NO,CAMIÓN,15/04/2021,2021,ABRIL,JUEVES,13,CHOQUE,IMPRUDENCIA DEL CONDUCTOR,EXCESO DE VELOCIDAD,AVENIDA,NO CORRESPONDE,URBANO
A-2021-04-244,V-2021-04-244-1,P-2021-04-244-1-1,LIMA,LIMA,SAN LUIS,CONDUCTOR,ILESO,,,IDENTIFICADO,PERÚ,21,MASCULINO,NO,,A I,NO,,NO,MOTOCICLETA,16/04/2021,2021,ABRIL,VIERNES,7,ATROPELLO,EN PROCESO DE INVESTIGACIÓN,NO CUENTA CON CAUSA ESPECIFICA,AVENIDA,NO CORRESPONDE,URBANO
A-2021-04-244,V-2021-04-244-1,P-2021-04-244-1-2,LIMA,LIMA,SAN LUIS,PEATÓN,FALLECIDO,,EN EL LUGAR DE LOS HECHOS,NO IDENTIFICADO,PERÚ,,MASCULINO,,NO CONDUCTOR,NO CONDUCTOR,NO,,NO,MOTOCICLETA,16/04/2021,2021,ABRIL,VIERNES,7,ATROPELLO,EN PROCESO DE INVESTIGACIÓN,NO CUENTA CON CAUSA ESPECIFICA,AVENIDA,NO CORRESPONDE,URBANO
A-2021-04-84,V-2021-04-84-1,P-2021-04-84-1-1,CALLAO,CALLAO,CALLAO,CONDUCTOR,LESIONADO,OTRO,,IDENTIFICADO,PERÚ,28,MASCULINO,SI,VIGENTE,A I,NO,,SI,AUTOMÓVIL,17/04/2021,2021,ABRIL,SÁBADO,4,CHOQUE,EN PROCESO DE INVESTIGACIÓN,NO CUENTA CON CAUSA ESPECIFICA,AVENIDA,NO CORRESPONDE,URBANO
A-2021-04-84,V-2021-04-84-1,P-2021-04-84-1-2,CALLAO,CALLAO,CALLAO,PASAJERO,LESIONADO,OTRO,,IDENTIFICADO,PERÚ,24,FEMENINO,,NO CONDUCTOR,NO CONDUCTOR,NO,,NO,AUTOMÓVIL,17/04/2021,2021,ABRIL,SÁBADO,4,CHOQUE,EN PROCESO DE INVESTIGACIÓN,NO CUENTA CON CAUSA ESPECIFICA,AVENIDA,NO CORRESPONDE,URBANO
A-2021-04-84,V-2021-04-84-2,P-2021-04-84-2-1,CALLAO,CALLAO,CALLAO,CONDUCTOR FUGADO,NO SE CONOCE,,,NO IDENTIFICADO,,,NO INDICA,,FUGADO,FUGADO,,,,CAMIONETA RURAL,17/04/2021,2021,ABRIL,SÁBADO,4,CHOQUE,EN PROCESO DE INVESTIGACIÓN,NO CUENTA CON CAUSA ESPECIFICA,AVENIDA,NO CORRESPONDE,URBANO
A-2021-04-84,V-2021-04-84-2,P-2021-04-84-2-2,CALLAO,CALLAO,CALLAO,PASAJERO,LESIONADO,CENTRO DE SALUD PÚBLICO,,IDENTIFICADO,VENEZUELA,22,MASCULINO,,NO CONDUCTOR,NO CONDUCTOR,NO,,NO,CAMIONETA RURAL,17/04/2021,2021,ABRIL,SÁBADO,4,CHOQUE,EN PROCESO DE INVESTIGACIÓN,NO CUENTA CON CAUSA ESPECIFICA,AVENIDA,NO CORRESPONDE,URBANO
A-2021-04-84,V-2021-04-84-2,P-2021-04-84-2-3,CALLAO,CALLAO,CALLAO,PEATÓN,FALLECIDO,,EN EL LUGAR DE LOS HECHOS,IDENTIFICADO,PERÚ,47,MASCULINO,,NO CONDUCTOR,NO CONDUCTOR,NO,,SI,CAMIONETA RURAL,17/04/2021,2021,ABRIL,SÁBADO,4,CHOQUE,EN PROCESO DE INVESTIGACIÓN,NO CUENTA CON CAUSA ESPECIFICA,AVENIDA,NO CORRESPONDE,URBANO
A-2021-04-245,V-2021-04-245-1,P-2021-04-245-1-1,LIMA,LIMA,SANTIAGO DE SURCO,CONDUCTOR,ILESO,,,IDENTIFICADO,PERÚ,38,MASCULINO,NO,VIGENTE,A II A,,,,AUTOMÓVIL,19/04/2021,2021,ABRIL,LUNES,19,ATROPELLO,IMPRUDENCIA DEL PEATÓN,OTRO (IMPRUDENCIA DEL PEATÓN),CARRETERA NACIONAL,PE-1S,NACIONAL
A-2021-04-245,V-2021-04-245-1,P-2021-04-245-1-2,LIMA,LIMA,SANTIAGO DE SURCO,PEATÓN,FALLECIDO,,EN EL LUGAR DE LOS HECHOS,IDENTIFICADO,PERÚ,65,MASCULINO,,NO CONDUCTOR,NO CONDUCTOR,NO,,NO,AUTOMÓVIL,19/04/2021,2021,ABRIL,LUNES,19,ATROPELLO,IMPRUDENCIA DEL PEATÓN,OTRO (IMPRUDENCIA DEL PEATÓN),CARRETERA NACIONAL,PE-1S,NACIONAL
A-2021-04-309,V-2021-04-309-1,P-2021-04-309-1-1,CALLAO,CALLAO,CARMEN DE LA LEGUA REYNOSO,CONDUCTOR,ILESO,,,IDENTIFICADO,PERÚ,36,MASCULINO,SI,VIGENTE,A III C,NO,,SI,REMOLCADOR-SEMIREMOLQUE,21/04/2021,2021,ABRIL,MIÉRCOLES,8,ATROPELLO,EN PROCESO DE INVESTIGACIÓN,NO CUENTA CON CAUSA ESPECIFICA,AVENIDA,NO CORRESPONDE,URBANO
A-2021-04-309,V-2021-04-309-1,P-2021-04-309-1-2,CALLAO,CALLAO,CARMEN DE LA LEGUA REYNOSO,PEATÓN,FALLECIDO,,EN EL LUGAR DE LOS HECHOS,IDENTIFICADO,PERÚ,54,FEMENINO,,NO CONDUCTOR,NO CONDUCTOR,NO,,SI,REMOLCADOR-SEMIREMOLQUE,21/04/2021,2021,ABRIL,MIÉRCOLES,8,ATROPELLO,EN PROCESO DE INVESTIGACIÓN,NO CUENTA CON CAUSA ESPECIFICA,AVENIDA,NO CORRESPONDE,URBANO
A-2021-04-246,V-2021-04-246-1,P-2021-04-246-1-1,LIMA,LIMA,SAN JUAN DE LURIGANCHO,CONDUCTOR,ILESO,,,IDENTIFICADO,PERÚ,32,MASCULINO,NO,VIGENTE,A III B,NO,,NO,REMOLCADOR-SEMIREMOLQUE,21/04/2021,2021,ABRIL,MIÉRCOLES,10,ATROPELLO,IMPRUDENCIA DEL PEATÓN,OTRO (IMPRUDENCIA DEL PEATÓN),AVENIDA,NO CORRESPONDE,URBANO
A-2021-04-246,V-2021-04-246-1,P-2021-04-246-1-2,LIMA,LIMA,SAN JUAN DE LURIGANCHO,PEATÓN,FALLECIDO,,EN EL LUGAR DE LOS HECHOS,IDENTIFICADO,PERÚ,49,MASCULINO,,NO CONDUCTOR,NO CONDUCTOR,NO,,NO,REMOLCADOR-SEMIREMOLQUE,21/04/2021,2021,ABRIL,MIÉRCOLES,10,ATROPELLO,IMPRUDENCIA DEL PEATÓN,OTRO (IMPRUDENCIA DEL PEATÓN),AVENIDA,NO CORRESPONDE,URBANO
A-2021-04-250,V-2021-04-250-1,P-2021-04-250-1-1,LIMA,LIMA,SANTIAGO DE SURCO,CONDUCTOR,ILESO,,,IDENTIFICADO,PERÚ,46,MASCULINO,NO,VIGENTE,A III C,NO,,NO,REMOLCADOR-SEMIREMOLQUE,22/04/2021,2021,ABRIL,JUEVES,22,ATROPELLO,IMPRUDENCIA DEL PEATÓN,OTRO (IMPRUDENCIA DEL PEATÓN),CARRETERA NACIONAL,PE-1S,NACIONAL
A-2021-04-250,V-2021-04-250-1,P-2021-04-250-1-2,LIMA,LIMA,SANTIAGO DE SURCO,PEATÓN,FALLECIDO,,EN EL LUGAR DE LOS HECHOS,IDENTIFICADO,PERÚ,27,MASCULINO,,NO CONDUCTOR,NO CONDUCTOR,NO,,NO,REMOLCADOR-SEMIREMOLQUE,22/04/2021,2021,ABRIL,JUEVES,22,ATROPELLO,IMPRUDENCIA DEL PEATÓN,OTRO (IMPRUDENCIA DEL PEATÓN),CARRETERA NACIONAL,PE-1S,NACIONAL
A-2021-04-140,V-2021-04-140-1,P-2021-04-140-1-1,CALLAO,CALLAO,CALLAO,CONDUCTOR,ILESO,,,IDENTIFICADO,PERÚ,48,MASCULINO,SI,VIGENTE,A III B,NO,,SI,CAMIÓN,25/04/2021,2021,ABRIL,DOMINGO,2,ATROPELLO,EN PROCESO DE INVESTIGACIÓN,NO CUENTA CON CAUSA ESPECIFICA,CARRETERA NACIONAL,PE-20,NACIONAL
A-2021-04-140,V-2021-04-140-1,P-2021-04-140-1-2,CALLAO,CALLAO,CALLAO,PEATÓN,FALLECIDO,,EN EL LUGAR DE LOS HECHOS,IDENTIFICADO,PERÚ,59,MASCULINO,,NO CONDUCTOR,NO CONDUCTOR,NO,,SI,CAMIÓN,25/04/2021,2021,ABRIL,DOMINGO,2,ATROPELLO,EN PROCESO DE INVESTIGACIÓN,NO CUENTA CON CAUSA ESPECIFICA,CARRETERA NACIONAL,PE-20,NACIONAL
A-2021-04-141,V-2021-04-141-1,P-2021-04-141-1-1,CALLAO,CALLAO,CALLAO,CONDUCTOR,ILESO,,,IDENTIFICADO,PERÚ,38,MASCULINO,SI,VIGENTE,A II B,NO,,SI,AUTOMÓVIL,25/04/2021,2021,ABRIL,DOMINGO,22,CHOQUE,EN PROCESO DE INVESTIGACIÓN,NO CUENTA CON CAUSA ESPECIFICA,CARRETERA NACIONAL,PE-20,NACIONAL
A-2021-04-141,V-2021-04-141-2,P-2021-04-141-2-1,CALLAO,CALLAO,CALLAO,CONDUCTOR,FALLECIDO,,EN EL LUGAR DE LOS HECHOS,IDENTIFICADO,PERÚ,30,FEMENINO,NO,NO CORRESPONDE,NO CORRESPONDE,NO,,SI,BICICLETA,25/04/2021,2021,ABRIL,DOMINGO,22,CHOQUE,EN PROCESO DE INVESTIGACIÓN,NO CUENTA CON CAUSA ESPECIFICA,CARRETERA NACIONAL,PE-20,NACIONAL
A-2021-04-252,V-2021-04-252-1,P-2021-04-252-1-1,LIMA,LIMA,SAN MARTIN DE PORRES,CONDUCTOR FUGADO,NO SE CONOCE,,,NO IDENTIFICADO,PERÚ,,NO INDICA,NO,FUGADO,FUGADO,NO,,NO,VEHICULO NO IDENTIFICADO,26/04/2021,2021,ABRIL,LUNES,2,ATROPELLO FUGA,EN PROCESO DE INVESTIGACIÓN,NO CUENTA CON CAUSA ESPECIFICA,CARRETERA NACIONAL,PE-1N,NACIONAL
A-2021-04-252,V-2021-04-252-1,P-2021-04-252-1-2,LIMA,LIMA,SAN MARTIN DE PORRES,PEATÓN,FALLECIDO,,EN EL LUGAR DE LOS HECHOS,NO IDENTIFICADO,,,MASCULINO,,NO CONDUCTOR,NO CONDUCTOR,NO,,NO,VEHICULO NO IDENTIFICADO,26/04/2021,2021,ABRIL,LUNES,2,ATROPELLO FUGA,EN PROCESO DE INVESTIGACIÓN,NO CUENTA CON CAUSA ESPECIFICA,CARRETERA NACIONAL,PE-1N,NACIONAL
A-2021-04-310,V-2021-04-310-1,P-2021-04-310-1-1,LIMA,LIMA,EL AGUSTINO,CONDUCTOR,ILESO,,,IDENTIFICADO,PERÚ,63,MASCULINO,,SIN LICENCIA,SIN LICENCIA,,,,OTRO,26/04/2021,2021,ABRIL,LUNES,7,ATROPELLO FUGA,EN PROCESO DE INVESTIGACIÓN,NO CUENTA CON CAUSA ESPECIFICA,OTRO,NO CORRESPONDE,URBANO
A-2021-04-310,V-2021-04-310-1,P-2021-04-310-1-2,LIMA,LIMA,EL AGUSTINO,PEATÓN,FALLECIDO,,EN EL LUGAR DE LOS HECHOS,IDENTIFICADO,PERÚ,78,MASCULINO,,NO CONDUCTOR,NO CONDUCTOR,,,,OTRO,26/04/2021,2021,ABRIL,LUNES,7,ATROPELLO FUGA,EN PROCESO DE INVESTIGACIÓN,NO CUENTA CON CAUSA ESPECIFICA,OTRO,NO CORRESPONDE,URBANO
A-2021-04-253,V-2021-04-253-1,P-2021-04-253-1-1,LIMA,LIMA,SAN JUAN DE LURIGANCHO,CONDUCTOR,FALLECIDO,,EN EL LUGAR DE LOS HECHOS,IDENTIFICADO,PERÚ,30,MASCULINO,NO,VENCIDA,B II C,NO,,NO,MOTOCICLETA,26/04/2021,2021,ABRIL,LUNES,12,CHOQUE CON OBJETO FIJO,IMPRUDENCIA DEL CONDUCTOR,EXCESO DE VELOCIDAD,AVENIDA,NO CORRESPONDE,URBANO
A-2021-04-254,V-2021-04-254-1,P-2021-04-254-1-1,LIMA,LIMA,LOS OLIVOS,CONDUCTOR,ILESO,,,IDENTIFICADO,PERÚ,51,MASCULINO,NO,VIGENTE,A III C,NO,,NO,MINIBUS,26/04/2021,2021,ABRIL,LUNES,18,ATROPELLO,IMPRUDENCIA DEL PEATÓN,OTRO (IMPRUDENCIA DEL PEATÓN),CARRETERA NACIONAL,PE-1N,NACIONAL
A-2021-04-254,V-2021-04-254-1,P-2021-04-254-1-2,LIMA,LIMA,LOS OLIVOS,PEATÓN,FALLECIDO,,EN EL LUGAR DE LOS HECHOS,NO IDENTIFICADO,,,NO INDICA,,NO CONDUCTOR,NO CONDUCTOR,NO,,NO,MINIBUS,26/04/2021,2021,ABRIL,LUNES,18,ATROPELLO,IMPRUDENCIA DEL PEATÓN,OTRO (IMPRUDENCIA DEL PEATÓN),CARRETERA NACIONAL,PE-1N,NACIONAL
A-2021-04-255,V-2021-04-255-1,P-2021-04-255-1-1,LIMA,LIMA,SAN JUAN DE LURIGANCHO,CONDUCTOR,ILESO,,,IDENTIFICADO,PERÚ,32,MASCULINO,NO,VIGENTE,A III C,NO,,NO,CAMIÓN,26/04/2021,2021,ABRIL,LUNES,19,ATROPELLO,IMPRUDENCIA DEL CONDUCTOR,OTRO (IMPRUDENCIA DEL CONDUCTOR),JIRÓN,NO CORRESPONDE,URBANO
A-2021-04-255,V-2021-04-255-1,P-2021-04-255-1-2,LIMA,LIMA,SAN JUAN DE LURIGANCHO,PEATÓN,FALLECIDO,,EN EL LUGAR DE LOS HECHOS,IDENTIFICADO,PERÚ,76,FEMENINO,,NO CONDUCTOR,NO CONDUCTOR,NO,,NO,CAMIÓN,26/04/2021,2021,ABRIL,LUNES,19,ATROPELLO,IMPRUDENCIA DEL CONDUCTOR,OTRO (IMPRUDENCIA DEL CONDUCTOR),JIRÓN,NO CORRESPONDE,URBANO
A-2021-04-256,V-2021-04-256-1,P-2021-04-256-1-1,LIMA,LIMA,CHACLACAYO,CONDUCTOR,ILESO,,,IDENTIFICADO,PERÚ,53,MASCULINO,NO,VIGENTE,A III C,NO,,NO,ÓMNIBUS,26/04/2021,2021,ABRIL,LUNES,23,DESPISTE,IMPRUDENCIA DEL CONDUCTOR,EXCESO DE VELOCIDAD,CARRETERA NACIONAL,PE-22,NACIONAL
A-2021-04-256,V-2021-04-256-1,P-2021-04-256-1-2,LIMA,LIMA,CHACLACAYO,PASAJERO,LESIONADO,CENTRO DE SALUD PÚBLICO,,IDENTIFICADO,PERÚ,58,MASCULINO,,NO CONDUCTOR,NO CONDUCTOR,NO,,NO,ÓMNIBUS,26/04/2021,2021,ABRIL,LUNES,23,DESPISTE,IMPRUDENCIA DEL CONDUCTOR,EXCESO DE VELOCIDAD,CARRETERA NACIONAL,PE-22,NACIONAL
A-2021-04-256,V-2021-04-256-1,P-2021-04-256-1-3,LIMA,LIMA,CHACLACAYO,PASAJERO,LESIONADO,CENTRO DE SALUD PÚBLICO,,IDENTIFICADO,PERÚ,60,FEMENINO,,NO CONDUCTOR,NO CONDUCTOR,NO,,NO,ÓMNIBUS,26/04/2021,2021,ABRIL,LUNES,23,DESPISTE,IMPRUDENCIA DEL CONDUCTOR,EXCESO DE VELOCIDAD,CARRETERA NACIONAL,PE-22,NACIONAL
A-2021-04-256,V-2021-04-256-2,P-2021-04-256-2-1,LIMA,LIMA,CHACLACAYO,CONDUCTOR,FALLECIDO,,EN EL LUGAR DE LOS HECHOS,IDENTIFICADO,PERÚ,,MASCULINO,NO,SIN LICENCIA,SIN LICENCIA,NO,,NO,AUTOMÓVIL,26/04/2021,2021,ABRIL,LUNES,23,DESPISTE,IMPRUDENCIA DEL CONDUCTOR,EXCESO DE VELOCIDAD,CARRETERA NACIONAL,PE-22,NACIONAL
A-2021-04-256,V-2021-04-256-2,P-2021-04-256-2-2,LIMA,LIMA,CHACLACAYO,PASAJERO,FALLECIDO,,EN EL LUGAR DE LOS HECHOS,IDENTIFICADO,PERÚ,NO INDICA,MASCULINO,,NO CONDUCTOR,NO CONDUCTOR,NO,,NO,AUTOMÓVIL,26/04/2021,2021,ABRIL,LUNES,23,DESPISTE,IMPRUDENCIA DEL CONDUCTOR,EXCESO DE VELOCIDAD,CARRETERA NACIONAL,PE-22,NACIONAL
A-2021-04-259,V-2021-04-259-1,P-2021-04-259-1-1,LIMA,LIMA,LOS OLIVOS,CONDUCTOR,ILESO,,,IDENTIFICADO,PERÚ,59,MASCULINO,NO,VENCIDA,A III C,NO,,NO,AUTOMÓVIL,28/04/2021,2021,ABRIL,MIÉRCOLES,4,CHOQUE,IMPRUDENCIA DEL CONDUCTOR,OTRO (IMPRUDENCIA DEL CONDUCTOR),AVENIDA,NO CORRESPONDE,URBANO
A-2021-04-259,V-2021-04-259-2,P-2021-04-259-2-1,LIMA,LIMA,LOS OLIVOS,CONDUCTOR,FALLECIDO,,EN EL LUGAR DE LOS HECHOS,IDENTIFICADO,PERÚ,61,MASCULINO,NO,,A III C,NO,,NO,MOTOCICLETA,28/04/2021,2021,ABRIL,MIÉRCOLES,4,CHOQUE,IMPRUDENCIA DEL CONDUCTOR,OTRO (IMPRUDENCIA DEL CONDUCTOR),AVENIDA,NO CORRESPONDE,URBANO
A-2021-04-261,V-2021-04-261-1,P-2021-04-261-1-1,LIMA,LIMA,LURIN,CONDUCTOR,ILESO,,,IDENTIFICADO,PERÚ,33,MASCULINO,NO,VIGENTE,A III C,NO,,NO,CAMIÓN,28/04/2021,2021,ABRIL,MIÉRCOLES,16,ATROPELLO,IMPRUDENCIA DEL CONDUCTOR,OTRO (IMPRUDENCIA DEL CONDUCTOR),CALLE,NO CORRESPONDE,URBANO
A-2021-04-261,V-2021-04-261-1,P-2021-04-261-1-2,LIMA,LIMA,LURIN,PEATÓN,FALLECIDO,,EN EL LUGAR DE LOS HECHOS,NO IDENTIFICADO,PERÚ,,MASCULINO,,NO CONDUCTOR,NO CONDUCTOR,NO,,NO,CAMIÓN,28/04/2021,2021,ABRIL,MIÉRCOLES,16,ATROPELLO,IMPRUDENCIA DEL CONDUCTOR,OTRO (IMPRUDENCIA DEL CONDUCTOR),CALLE,NO CORRESPONDE,URBANO
A-2021-04-260,V-2021-04-260-1,P-2021-04-260-1-1,LIMA,LIMA,LOS OLIVOS,CONDUCTOR,FALLECIDO,,EN EL LUGAR DE LOS HECHOS,IDENTIFICADO,PERÚ,27,MASCULINO,NO,,A I,NO,,NO,MOTOCICLETA,29/04/2021,2021,ABRIL,JUEVES,0,CHOQUE,EN PROCESO DE INVESTIGACIÓN,NO CUENTA CON CAUSA ESPECIFICA,AVENIDA,NO CORRESPONDE,URBANO
A-2021-04-260,V-2021-04-260-1,P-2021-04-260-1-2,LIMA,LIMA,LOS OLIVOS,PASAJERO,LESIONADO,CENTRO DE SALUD PÚBLICO,,IDENTIFICADO,PERÚ,21,MASCULINO,,NO CONDUCTOR,NO CONDUCTOR,NO,,NO,MOTOCICLETA,29/04/2021,2021,ABRIL,JUEVES,0,CHOQUE,EN PROCESO DE INVESTIGACIÓN,NO CUENTA CON CAUSA ESPECIFICA,AVENIDA,NO CORRESPONDE,URBANO
A-2021-04-260,V-2021-04-260-2,P-2021-04-260-2-1,LIMA,LIMA,LOS OLIVOS,CONDUCTOR,ILESO,,,IDENTIFICADO,PERÚ,64,MASCULINO,NO,VIGENTE,A III C,NO,,NO,OTRO,29/04/2021,2021,ABRIL,JUEVES,0,CHOQUE,EN PROCESO DE INVESTIGACIÓN,NO CUENTA CON CAUSA ESPECIFICA,AVENIDA,NO CORRESPONDE,URBANO
A-2021-04-200,V-2021-04-200-1,P-2021-04-200-1-1,CALLAO,CALLAO,CALLAO,CONDUCTOR,ILESO,,,IDENTIFICADO,PERÚ,58,MASCULINO,SI,VIGENTE,A III C,NO,,SI,REMOLCADOR-SEMIREMOLQUE,29/04/2021,2021,ABRIL,JUEVES,16,ATROPELLO,EN PROCESO DE INVESTIGACIÓN,NO CUENTA CON CAUSA ESPECIFICA,CARRETERA NACIONAL,PE-20,NACIONAL
A-2021-04-200,V-2021-04-200-1,P-2021-04-200-1-2,CALLAO,CALLAO,CALLAO,PEATÓN,FALLECIDO,,EN EL LUGAR DE LOS HECHOS,IDENTIFICADO,PERÚ,72,FEMENINO,,NO CONDUCTOR,NO CONDUCTOR,NO,,SI,REMOLCADOR-SEMIREMOLQUE,29/04/2021,2021,ABRIL,JUEVES,16,ATROPELLO,EN PROCESO DE INVESTIGACIÓN,NO CUENTA CON CAUSA ESPECIFICA,CARRETERA NACIONAL,PE-20,NACIONAL
A-2021-05-124,V-2021-05-124-1,P-2021-05-124-1-1,LIMA,LIMA,LURIGANCHO,CONDUCTOR,FALLECIDO,,EN EL CENTRO DE SALUD,IDENTIFICADO,PERÚ,27,MASCULINO,NO,VENCIDA,B II C,NO,,NO,MOTOCICLETA,01/05/2021,2021,MAYO,SÁBADO,5,CHOQUE FUGA,EN PROCESO DE INVESTIGACIÓN,NO CUENTA CON CAUSA ESPECIFICA,AVENIDA,NO CORRESPONDE,URBANO
A-2021-05-124,V-2021-05-124-2,P-2021-05-124-2-1,LIMA,LIMA,LURIGANCHO,CONDUCTOR FUGADO,NO SE CONOCE,,,NO IDENTIFICADO,,,NO INDICA,,FUGADO,FUGADO,NO,,NO,VEHICULO NO IDENTIFICADO,01/05/2021,2021,MAYO,SÁBADO,5,CHOQUE FUGA,EN PROCESO DE INVESTIGACIÓN,NO CUENTA CON CAUSA ESPECIFICA,AVENIDA,NO CORRESPONDE,URBANO
A-2021-05-123,V-2021-05-123-1,P-2021-05-123-1-1,LIMA,LIMA,COMAS,CONDUCTOR,ILESO,,,IDENTIFICADO,PERÚ,23,MASCULINO,NO,VIGENTE,B II C,NO,,NO,MOTOCICLETA,01/05/2021,2021,MAYO,SÁBADO,15,ATROPELLO,EN PROCESO DE INVESTIGACIÓN,NO CUENTA CON CAUSA ESPECIFICA,AVENIDA,NO CORRESPONDE,URBANO
A-2021-05-123,V-2021-05-123-1,P-2021-05-123-1-2,LIMA,LIMA,COMAS,PEATÓN,FALLECIDO,,CAMINO AL CENTRO DE SALUD,IDENTIFICADO,PERÚ,NO INDICA,FEMENINO,,NO CONDUCTOR,NO CONDUCTOR,NO,,NO,MOTOCICLETA,01/05/2021,2021,MAYO,SÁBADO,15,ATROPELLO,EN PROCESO DE INVESTIGACIÓN,NO CUENTA CON CAUSA ESPECIFICA,AVENIDA,NO CORRESPONDE,URBANO
A-2021-05-125,V-2021-05-125-1,P-2021-05-125-1-1,LIMA,LIMA,LIMA,CONDUCTOR,FALLECIDO,,,IDENTIFICADO,PERÚ,26,MASCULINO,NO,VENCIDA,B II B,NO,,NO,MOTOCICLETA,02/05/2021,2021,MAYO,DOMINGO,9,CHOQUE,IMPRUDENCIA DEL CONDUCTOR,EXCESO DE VELOCIDAD,AVENIDA,NO CORRESPONDE,URBANO
A-2021-05-125,V-2021-05-125-2,P-2021-05-125-2-1,LIMA,LIMA,LIMA,CONDUCTOR,ILESO,,,IDENTIFICADO,PERÚ,48,MASCULINO,NO,SIN LICENCIA,SIN LICENCIA,NO,,NO,AUTOMÓVIL,02/05/2021,2021,MAYO,DOMINGO,9,CHOQUE,IMPRUDENCIA DEL CONDUCTOR,EXCESO DE VELOCIDAD,AVENIDA,NO CORRESPONDE,URBANO
A-2021-05-126,V-2021-05-126-1,P-2021-05-126-1-1,LIMA,LIMA,EL AGUSTINO,CONDUCTOR,ILESO,,,IDENTIFICADO,PERÚ,38,MASCULINO,NO,VIGENTE,A I,,,,AUTOMÓVIL,03/05/2021,2021,MAYO,LUNES,6,ATROPELLO,IMPRUDENCIA DEL PEATÓN,ESTADO DE EBRIEDAD Y/O DROGADICCIÓN,CARRETERA NACIONAL,PE-1N,NACIONAL
A-2021-05-126,V-2021-05-126-1,P-2021-05-126-1-2,LIMA,LIMA,EL AGUSTINO,PEATÓN,FALLECIDO,,EN EL LUGAR DE LOS HECHOS,NO IDENTIFICADO,OTRO,,NO INDICA,,NO CONDUCTOR,NO CONDUCTOR,NO,,NO,AUTOMÓVIL,03/05/2021,2021,MAYO,LUNES,6,ATROPELLO,IMPRUDENCIA DEL PEATÓN,ESTADO DE EBRIEDAD Y/O DROGADICCIÓN,CARRETERA NACIONAL,PE-1N,NACIONAL
A-2021-05-127,V-2021-05-127-1,P-2021-05-127-1-1,LIMA,LIMA,COMAS,CONDUCTOR,ILESO,,,IDENTIFICADO,PERÚ,53,MASCULINO,NO,SIN LICENCIA,SIN LICENCIA,NO,,NO,ÓMNIBUS,03/05/2021,2021,MAYO,LUNES,15,ATROPELLO,IMPRUDENCIA DEL PEATÓN,OTRO (IMPRUDENCIA DEL PEATÓN),AVENIDA,NO CORRESPONDE,URBANO
A-2021-05-127,V-2021-05-127-1,P-2021-05-127-1-2,LIMA,LIMA,COMAS,PEATÓN,FALLECIDO,,EN EL LUGAR DE LOS HECHOS,NO IDENTIFICADO,PERÚ,,MASCULINO,,NO CONDUCTOR,NO CONDUCTOR,NO,,NO,ÓMNIBUS,03/05/2021,2021,MAYO,LUNES,15,ATROPELLO,IMPRUDENCIA DEL PEATÓN,OTRO (IMPRUDENCIA DEL PEATÓN),AVENIDA,NO CORRESPONDE,URBANO
A-2021-05-128,V-2021-05-128-1,P-2021-05-128-1-1,LIMA,LIMA,LIMA,CONDUCTOR,NO SE CONOCE,,,IDENTIFICADO,PERÚ,,MASCULINO,NO,SIN DNI IDENTIFICADO,SIN DNI IDENTIFICADO,NO,,NO,CAMIONETA RURAL,05/05/2021,2021,MAYO,MIÉRCOLES,21,ATROPELLO,IMPRUDENCIA DEL PEATÓN,OTRO (IMPRUDENCIA DEL PEATÓN),AVENIDA,NO CORRESPONDE,URBANO
A-2021-05-128,V-2021-05-128-1,P-2021-05-128-1-2,LIMA,LIMA,LIMA,PEATÓN,FALLECIDO,,EN EL LUGAR DE LOS HECHOS,NO IDENTIFICADO,PERÚ,,NO INDICA,,NO CONDUCTOR,NO CONDUCTOR,NO,,NO,CAMIONETA RURAL,05/05/2021,2021,MAYO,MIÉRCOLES,21,ATROPELLO,IMPRUDENCIA DEL PEATÓN,OTRO (IMPRUDENCIA DEL PEATÓN),AVENIDA,NO CORRESPONDE,URBANO
A-2021-05-128,V-2021-05-128-1,P-2021-05-128-1-3,LIMA,LIMA,LIMA,PASAJERO,LESIONADO,CENTRO DE SALUD PÚBLICO,,IDENTIFICADO,PERÚ,56,MASCULINO,,NO CONDUCTOR,NO CONDUCTOR,NO,,NO,CAMIONETA RURAL,05/05/2021,2021,MAYO,MIÉRCOLES,21,ATROPELLO,IMPRUDENCIA DEL PEATÓN,OTRO (IMPRUDENCIA DEL PEATÓN),AVENIDA,NO CORRESPONDE,URBANO
A-2021-05-129,V-2021-05-129-1,P-2021-05-129-1-1,LIMA,LIMA,CHACLACAYO,CONDUCTOR,ILESO,,,IDENTIFICADO,PERÚ,24,MASCULINO,NO,VIGENTE,A I,NO,,NO,AUTOMÓVIL,06/05/2021,2021,MAYO,JUEVES,13,ATROPELLO,EN PROCESO DE INVESTIGACIÓN,NO CUENTA CON CAUSA ESPECIFICA,CARRETERA NACIONAL,PE-22,NACIONAL
A-2021-05-129,V-2021-05-129-1,P-2021-05-129-1-2,LIMA,LIMA,CHACLACAYO,PEATÓN,FALLECIDO,,EN EL LUGAR DE LOS HECHOS,NO IDENTIFICADO,PERÚ,,FEMENINO,,NO CONDUCTOR,NO CONDUCTOR,NO,,NO,AUTOMÓVIL,06/05/2021,2021,MAYO,JUEVES,13,ATROPELLO,EN PROCESO DE INVESTIGACIÓN,NO CUENTA CON CAUSA ESPECIFICA,CARRETERA NACIONAL,PE-22,NACIONAL
A-2021-05-130,V-2021-05-130-1,P-2021-05-130-1-1,LIMA,LIMA,SAN JUAN DE MIRAFLORES,CONDUCTOR,ILESO,,,IDENTIFICADO,PERÚ,34,MASCULINO,NO,VIGENTE,A II A,NO,,NO,AUTOMÓVIL,09/05/2021,2021,MAYO,DOMINGO,2,ATROPELLO,IMPRUDENCIA DEL PEATÓN,ESTADO DE EBRIEDAD Y/O DROGADICCIÓN,CARRETERA NACIONAL,PE-1S,NACIONAL
A-2021-05-130,V-2021-05-130-1,P-2021-05-130-1-2,LIMA,LIMA,SAN JUAN DE MIRAFLORES,PEATÓN,FALLECIDO,,EN EL LUGAR DE LOS HECHOS,IDENTIFICADO,PERÚ,47,FEMENINO,,NO CONDUCTOR,NO CONDUCTOR,NO,,NO,AUTOMÓVIL,09/05/2021,2021,MAYO,DOMINGO,2,ATROPELLO,IMPRUDENCIA DEL PEATÓN,ESTADO DE EBRIEDAD Y/O DROGADICCIÓN,CARRETERA NACIONAL,PE-1S,NACIONAL
A-2021-05-131,V-2021-05-131-1,P-2021-05-131-1-1,LIMA,LIMA,LOS OLIVOS,CONDUCTOR FUGADO,NO SE CONOCE,,,NO IDENTIFICADO,,,NO INDICA,,FUGADO,FUGADO,,,,VEHICULO NO IDENTIFICADO,10/05/2021,2021,MAYO,LUNES,22,ATROPELLO FUGA,EN PROCESO DE INVESTIGACIÓN,NO CUENTA CON CAUSA ESPECIFICA,CARRETERA NACIONAL,PE-1N,NACIONAL
A-2021-05-131,V-2021-05-131-1,P-2021-05-131-1-2,LIMA,LIMA,LOS OLIVOS,PEATÓN,FALLECIDO,,EN EL LUGAR DE LOS HECHOS,IDENTIFICADO,PERÚ,61,MASCULINO,,NO CONDUCTOR,NO CONDUCTOR,NO,,NO,VEHICULO NO IDENTIFICADO,10/05/2021,2021,MAYO,LUNES,22,ATROPELLO FUGA,EN PROCESO DE INVESTIGACIÓN,NO CUENTA CON CAUSA ESPECIFICA,CARRETERA NACIONAL,PE-1N,NACIONAL
A-2021-05-132,V-2021-05-132-1,P-2021-05-132-1-1,LIMA,LIMA,SANTA ANITA,CONDUCTOR,ILESO,,,IDENTIFICADO,PERÚ,58,MASCULINO,NO,VENCIDA,A II B,NO,,NO,STATION WAGON,14/05/2021,2021,MAYO,VIERNES,17,ATROPELLO,IMPRUDENCIA DEL CONDUCTOR,EXCESO DE VELOCIDAD,AVENIDA,NO CORRESPONDE,URBANO
A-2021-05-132,V-2021-05-132-1,P-2021-05-132-1-2,LIMA,LIMA,SANTA ANITA,PEATÓN,FALLECIDO,,EN EL LUGAR DE LOS HECHOS,IDENTIFICADO,PERÚ,83,MASCULINO,,NO CONDUCTOR,NO CONDUCTOR,NO,,NO,STATION WAGON,14/05/2021,2021,MAYO,VIERNES,17,ATROPELLO,IMPRUDENCIA DEL CONDUCTOR,EXCESO DE VELOCIDAD,AVENIDA,NO CORRESPONDE,URBANO
A-2021-05-80,V-2021-05-80-1,P-2021-05-80-1-1,CALLAO,CALLAO,VENTANILLA,CONDUCTOR,ILESO,,,IDENTIFICADO,PERÚ,59,MASCULINO,SI,VIGENTE,A II B,NO,,SI,CAMIÓN,17/05/2021,2021,MAYO,LUNES,16,ATROPELLO,IMPRUDENCIA DEL PEATÓN,ESTADO DE EBRIEDAD Y/O DROGADICCIÓN,CARRETERA NACIONAL,PE-20,NACIONAL
A-2021-05-80,V-2021-05-80-1,P-2021-05-80-1-2,CALLAO,CALLAO,VENTANILLA,PEATÓN,FALLECIDO,,EN EL LUGAR DE LOS HECHOS,IDENTIFICADO,PERÚ,22,MASCULINO,,NO CONDUCTOR,NO CONDUCTOR,NO,,SI,CAMIÓN,17/05/2021,2021,MAYO,LUNES,16,ATROPELLO,IMPRUDENCIA DEL PEATÓN,ESTADO DE EBRIEDAD Y/O DROGADICCIÓN,CARRETERA NACIONAL,PE-20,NACIONAL
A-2021-05-133,V-2021-05-133-1,P-2021-05-133-1-1,LIMA,LIMA,ATE,CONDUCTOR,ILESO,,,IDENTIFICADO,PERÚ,34,MASCULINO,NO,VIGENTE,A I,NO,,NO,CAMIONETA PANEL,18/05/2021,2021,MAYO,MARTES,12,CHOQUE,IMPRUDENCIA DEL CONDUCTOR,ADELANTAR INDEBIDAMENTE,CARRETERA NACIONAL,PE-22,NACIONAL
A-2021-05-133,V-2021-05-133-2,P-2021-05-133-2-1,LIMA,LIMA,ATE,CONDUCTOR,FALLECIDO,,EN EL LUGAR DE LOS HECHOS,NO IDENTIFICADO,PERÚ,,NO INDICA,NO,NO CORRESPONDE,SIN DNI IDENTIFICADO,NO,,NO,BICICLETA,18/05/2021,2021,MAYO,MARTES,12,CHOQUE,IMPRUDENCIA DEL CONDUCTOR,ADELANTAR INDEBIDAMENTE,CARRETERA NACIONAL,PE-22,NACIONAL
A-2021-05-134,V-2021-05-134-1,P-2021-05-134-1-1,LIMA,LIMA,LA MOLINA,CONDUCTOR,FALLECIDO,,EN EL LUGAR DE LOS HECHOS,IDENTIFICADO,PERÚ,,MASCULINO,NO,SIN LICENCIA,SIN LICENCIA,NO,,NO,MOTOCICLETA,20/05/2021,2021,MAYO,JUEVES,7,VOLCADURA,IMPRUDENCIA DEL CONDUCTOR,EXCESO DE VELOCIDAD,AVENIDA,NO CORRESPONDE,URBANO
A-2021-05-116,V-2021-05-116-1,P-2021-05-116-1-1,CALLAO,CALLAO,LA PERLA,CONDUCTOR,FALLECIDO,,EN EL CENTRO DE SALUD,IDENTIFICADO,PERÚ,65,MASCULINO,SI,VENCIDA,A II A,NO,,SI,AUTOMÓVIL,22/05/2021,2021,MAYO,SÁBADO,21,DESPISTE,EN PROCESO DE INVESTIGACIÓN,NO CUENTA CON CAUSA ESPECIFICA,AVENIDA,NO CORRESPONDE,URBANO
A-2021-05-311,V-2021-05-311-1,P-2021-05-311-1-1,LIMA,LIMA,LURIN,CONDUCTOR,FALLECIDO,,EN EL LUGAR DE LOS HECHOS,IDENTIFICADO,PERÚ,29,MASCULINO,,VIGENTE,B I,,,SI,MOTOCICLETA,26/05/2021,2021,MAYO,MIÉRCOLES,7,CHOQUE,IMPRUDENCIA DEL CONDUCTOR,OTRO (IMPRUDENCIA DEL CONDUCTOR),CARRETERA NACIONAL,PE-1S,NACIONAL
A-2021-05-311,V-2021-05-311-2,P-2021-05-311-2-1,LIMA,LIMA,LURIN,CONDUCTOR,ILESO,,,IDENTIFICADO,PERÚ,48,MASCULINO,SI,VIGENTE,A III C,,,SI,ÓMNIBUS,26/05/2021,2021,MAYO,MIÉRCOLES,7,CHOQUE,IMPRUDENCIA DEL CONDUCTOR,OTRO (IMPRUDENCIA DEL CONDUCTOR),CARRETERA NACIONAL,PE-1S,NACIONAL
A-2021-05-312,V-2021-05-312-1,P-2021-05-312-1-1,LIMA,LIMA,COMAS,CONDUCTOR,ILESO,,,NO IDENTIFICADO,PERÚ,,MASCULINO,,SIN DNI IDENTIFICADO,SIN DNI IDENTIFICADO,,,SI,ÓMNIBUS,27/05/2021,2021,MAYO,JUEVES,17,ATROPELLO,IMPRUDENCIA DEL PEATÓN,ESTADO DE EBRIEDAD Y/O DROGADICCIÓN,AVENIDA,NO CORRESPONDE,URBANO
A-2021-05-312,V-2021-05-312-1,P-2021-05-312-1-2,LIMA,LIMA,COMAS,PEATÓN,FALLECIDO,,EN EL LUGAR DE LOS HECHOS,IDENTIFICADO,PERÚ,48,MASCULINO,,NO CONDUCTOR,NO CONDUCTOR,,,SI,ÓMNIBUS,27/05/2021,2021,MAYO,JUEVES,17,ATROPELLO,IMPRUDENCIA DEL PEATÓN,ESTADO DE EBRIEDAD Y/O DROGADICCIÓN,AVENIDA,NO CORRESPONDE,URBANO
A-2021-05-313,V-2021-05-313-1,P-2021-05-313-1-1,LIMA,LIMA,LURIN,CONDUCTOR,ILESO,,,IDENTIFICADO,PERÚ,35,MASCULINO,SI,VIGENTE,A I,,,SI,AUTOMÓVIL,28/05/2021,2021,MAYO,VIERNES,19,ATROPELLO,IMPRUDENCIA DEL PEATÓN,ESTADO DE EBRIEDAD Y/O DROGADICCIÓN,CARRETERA NACIONAL,PE-1S,NACIONAL
A-2021-05-313,V-2021-05-313-1,P-2021-05-313-1-2,LIMA,LIMA,LURIN,PEATÓN,FALLECIDO,,EN EL CENTRO DE SALUD,NO IDENTIFICADO,,,MASCULINO,,NO CONDUCTOR,NO CONDUCTOR,,,SI,AUTOMÓVIL,28/05/2021,2021,MAYO,VIERNES,19,ATROPELLO,IMPRUDENCIA DEL PEATÓN,ESTADO DE EBRIEDAD Y/O DROGADICCIÓN,CARRETERA NACIONAL,PE-1S,NACIONAL
A-2021-05-313,V-2021-05-313-1,P-2021-05-313-1-3,LIMA,LIMA,LURIN,PEATÓN,FALLECIDO,,EN EL CENTRO DE SALUD,NO IDENTIFICADO,,,MASCULINO,,NO CONDUCTOR,NO CONDUCTOR,,,,AUTOMÓVIL,28/05/2021,2021,MAYO,VIERNES,19,ATROPELLO,IMPRUDENCIA DEL PEATÓN,ESTADO DE EBRIEDAD Y/O DROGADICCIÓN,CARRETERA NACIONAL,PE-1S,NACIONAL
A-2021-05-314,V-2021-05-314-1,P-2021-05-314-1-1,LIMA,LIMA,SAN JUAN DE LURIGANCHO,CONDUCTOR,FALLECIDO,,EN EL CENTRO DE SALUD,IDENTIFICADO,PERÚ,26,MASCULINO,,NO CORRESPONDE,NO CORRESPONDE,,,,TRICICLO MOTORIZADO,29/05/2021,2021,MAYO,SÁBADO,18,CHOQUE,EN PROCESO DE INVESTIGACIÓN,NO CUENTA CON CAUSA ESPECIFICA,CALLE,NO CORRESPONDE,URBANO
A-2021-05-314,V-2021-05-314-2,P-2021-05-314-2-1,LIMA,LIMA,SAN JUAN DE LURIGANCHO,CONDUCTOR,NO SE CONOCE,,,NO IDENTIFICADO,,,MASCULINO,,SIN DNI IDENTIFICADO,SIN DNI IDENTIFICADO,,,,CAMIONETA RURAL,29/05/2021,2021,MAYO,SÁBADO,18,CHOQUE,EN PROCESO DE INVESTIGACIÓN,NO CUENTA CON CAUSA ESPECIFICA,CALLE,NO CORRESPONDE,URBANO
A-2021-05-315,V-2021-05-315-1,P-2021-05-315-1-1,LIMA,LIMA,CHORRILLOS,CONDUCTOR,ILESO,,,IDENTIFICADO,PERÚ,47,MASCULINO,SI,VIGENTE,A II A,,,SI,CAMIONETA RURAL,31/05/2021,2021,MAYO,LUNES,8,ATROPELLO,IMPRUDENCIA DEL PEATÓN,OTRO (IMPRUDENCIA DEL PEATÓN),CALLE,NO CORRESPONDE,URBANO
A-2021-05-315,V-2021-05-315-1,P-2021-05-315-1-2,LIMA,LIMA,CHORRILLOS,PEATÓN,FALLECIDO,,EN EL CENTRO DE SALUD,NO IDENTIFICADO,PERÚ,,MASCULINO,,NO CONDUCTOR,NO CONDUCTOR,,,SI,CAMIONETA RURAL,31/05/2021,2021,MAYO,LUNES,8,ATROPELLO,IMPRUDENCIA DEL PEATÓN,OTRO (IMPRUDENCIA DEL PEATÓN),CALLE,NO CORRESPONDE,URBANO
A-2021-06-100,V-2021-06-100-1,P-2021-06-100-1-1,LIMA,LIMA,LOS OLIVOS,CONDUCTOR,ILESO,,,IDENTIFICADO,VENEZUELA,,MASCULINO,NO,SIN LICENCIA,SIN LICENCIA,NO,,NO,REMOLCADOR,01/06/2021,2021,JUNIO,MARTES,8,ATROPELLO,IMPRUDENCIA DEL CONDUCTOR,OTRO (IMPRUDENCIA DEL CONDUCTOR),AVENIDA,NO CORRESPONDE,URBANO
A-2021-06-100,V-2021-06-100-1,P-2021-06-100-1-2,LIMA,LIMA,LOS OLIVOS,PEATÓN,FALLECIDO,,EN EL LUGAR DE LOS HECHOS,IDENTIFICADO,PERÚ,83,MASCULINO,,NO CONDUCTOR,NO CONDUCTOR,NO,,NO,REMOLCADOR,01/06/2021,2021,JUNIO,MARTES,8,ATROPELLO,IMPRUDENCIA DEL CONDUCTOR,OTRO (IMPRUDENCIA DEL CONDUCTOR),AVENIDA,NO CORRESPONDE,URBANO
A-2021-06-101,V-2021-06-101-1,P-2021-06-101-1-1,LIMA,LIMA,PUENTE PIEDRA,CONDUCTOR,ILESO,,,IDENTIFICADO,PERÚ,26,MASCULINO,NO,VIGENTE,A III B,NO,,NO,REMOLCADOR,01/06/2021,2021,JUNIO,MARTES,10,ATROPELLO,IMPRUDENCIA DEL PEATÓN,OTRO (IMPRUDENCIA DEL PEATÓN),CARRETERA NACIONAL,PE-1N,NACIONAL
A-2021-06-101,V-2021-06-101-1,P-2021-06-101-1-2,LIMA,LIMA,PUENTE PIEDRA,PEATÓN,FALLECIDO,,EN EL CENTRO DE SALUD,IDENTIFICADO,PERÚ,28,MASCULINO,,NO CONDUCTOR,NO CONDUCTOR,NO,,NO,REMOLCADOR,01/06/2021,2021,JUNIO,MARTES,10,ATROPELLO,IMPRUDENCIA DEL PEATÓN,OTRO (IMPRUDENCIA DEL PEATÓN),CARRETERA NACIONAL,PE-1N,NACIONAL
A-2021-06-102,V-2021-06-102-1,P-2021-06-102-1-1,LIMA,LIMA,CHACLACAYO,CONDUCTOR,ILESO,,,IDENTIFICADO,PERÚ,37,MASCULINO,NO,VENCIDA,A III C,NO,,NO,ÓMNIBUS,01/06/2021,2021,JUNIO,MARTES,21,CHOQUE,EN PROCESO DE INVESTIGACIÓN,NO CUENTA CON CAUSA ESPECIFICA,CARRETERA NACIONAL,PE-22,NACIONAL
A-2021-06-102,V-2021-06-102-2,P-2021-06-102-2-1,LIMA,LIMA,CHACLACAYO,CONDUCTOR,FALLECIDO,,EN EL LUGAR DE LOS HECHOS,IDENTIFICADO,PERÚ,51,MASCULINO,NO,VIGENTE,B II C,NO,,NO,TRIMOTO CARGA,01/06/2021,2021,JUNIO,MARTES,21,CHOQUE,EN PROCESO DE INVESTIGACIÓN,NO CUENTA CON CAUSA ESPECIFICA,CARRETERA NACIONAL,PE-22,NACIONAL
A-2021-06-293,V-2021-06-293-1,P-2021-06-293-1-1,CALLAO,CALLAO,CARMEN DE LA LEGUA REYNOSO,CONDUCTOR FUGADO,NO SE CONOCE,,,NO IDENTIFICADO,,,NO INDICA,,FUGADO,FUGADO,,,,VEHICULO NO IDENTIFICADO,03/06/2021,2021,JUNIO,JUEVES,4,ATROPELLO FUGA,EN PROCESO DE INVESTIGACIÓN,NO CUENTA CON CAUSA ESPECIFICA,AVENIDA,NO CORRESPONDE,URBANO
A-2021-06-293,V-2021-06-293-1,P-2021-06-293-1-2,CALLAO,CALLAO,CARMEN DE LA LEGUA REYNOSO,PEATÓN,FALLECIDO,,,IDENTIFICADO,,44,MASCULINO,,NO CONDUCTOR,NO CONDUCTOR,,,,VEHICULO NO IDENTIFICADO,03/06/2021,2021,JUNIO,JUEVES,4,ATROPELLO FUGA,EN PROCESO DE INVESTIGACIÓN,NO CUENTA CON CAUSA ESPECIFICA,AVENIDA,NO CORRESPONDE,URBANO
A-2021-06-103,V-2021-06-103-1,P-2021-06-103-1-1,LIMA,LIMA,VILLA EL SALVADOR,CONDUCTOR,ILESO,,,IDENTIFICADO,PERÚ,63,MASCULINO,NO,VIGENTE,A III B,NO,,NO,REMOLCADOR,03/06/2021,2021,JUNIO,JUEVES,13,CHOQUE,IMPRUDENCIA DEL CONDUCTOR,CONDUCIR EN ESTADO DE EBRIEDAD Y/O DROGADICCIÓN,AVENIDA,NO CORRESPONDE,URBANO
A-2021-06-103,V-2021-06-103-2,P-2021-06-103-2-1,LIMA,LIMA,VILLA EL SALVADOR,CONDUCTOR,FALLECIDO,,EN EL LUGAR DE LOS HECHOS,IDENTIFICADO,PERÚ,39,MASCULINO,NO,VIGENTE,B II C,NO,,NO,TRIMOTO PASAJERO,03/06/2021,2021,JUNIO,JUEVES,13,CHOQUE,IMPRUDENCIA DEL CONDUCTOR,CONDUCIR EN ESTADO DE EBRIEDAD Y/O DROGADICCIÓN,AVENIDA,NO CORRESPONDE,URBANO
A-2021-06-111,V-2021-06-111-1,P-2021-06-111-1-1,LIMA,LIMA,LIMA,CONDUCTOR,ILESO,,,IDENTIFICADO,PERÚ,55,MASCULINO,NO,VIGENTE,A II A,NO,,NO,CAMIÓN,03/06/2021,2021,JUNIO,JUEVES,17,CHOQUE,EN PROCESO DE INVESTIGACIÓN,NO CUENTA CON CAUSA ESPECIFICA,JIRÓN,NO CORRESPONDE,URBANO
A-2021-06-111,V-2021-06-111-2,P-2021-06-111-2-1,LIMA,LIMA,LIMA,CONDUCTOR,FALLECIDO,,EN EL LUGAR DE LOS HECHOS,IDENTIFICADO,PERÚ,63,MASCULINO,NO,VIGENTE,A I,NO,,NO,CAMIONETA PICK UP,03/06/2021,2021,JUNIO,JUEVES,17,CHOQUE,EN PROCESO DE INVESTIGACIÓN,NO CUENTA CON CAUSA ESPECIFICA,JIRÓN,NO CORRESPONDE,URBANO
A-2021-06-112,V-2021-06-112-1,P-2021-06-112-1-1,LIMA,LIMA,LA MOLINA,CONDUCTOR,ILESO,,,IDENTIFICADO,PERÚ,23,MASCULINO,NO,VIGENTE,B II C,NO,,NO,MOTOCICLETA,04/06/2021,2021,JUNIO,VIERNES,8,ATROPELLO,NEGLIGENCIA DEL CONDUCTOR,OTRO (NEGLIGENCIA DEL CONDUCTOR),AVENIDA,NO CORRESPONDE,URBANO
A-2021-06-112,V-2021-06-112-1,P-2021-06-112-1-2,LIMA,LIMA,LA MOLINA,PEATÓN,FALLECIDO,,EN EL LUGAR DE LOS HECHOS,IDENTIFICADO,PERÚ,NO INDICA,FEMENINO,,NO CONDUCTOR,NO CONDUCTOR,NO,,NO,MOTOCICLETA,04/06/2021,2021,JUNIO,VIERNES,8,ATROPELLO,NEGLIGENCIA DEL CONDUCTOR,OTRO (NEGLIGENCIA DEL CONDUCTOR),AVENIDA,NO CORRESPONDE,URBANO
A-2021-06-271,V-2021-06-271-1,P-2021-06-271-1-1,CALLAO,CALLAO,CALLAO,CONDUCTOR,ILESO,,,IDENTIFICADO,PERÚ,64,MASCULINO,SI,VIGENTE,A III A,NO,,SI,MINIBUS,05/06/2021,2021,JUNIO,SÁBADO,19,ATROPELLO,NEGLIGENCIA DEL CONDUCTOR,OTRO (NEGLIGENCIA DEL CONDUCTOR),CARRETERA NACIONAL,PE-20,NACIONAL
A-2021-06-271,V-2021-06-271-1,P-2021-06-271-1-2,CALLAO,CALLAO,CALLAO,PEATÓN,FALLECIDO,,EN EL CENTRO DE SALUD,IDENTIFICADO,PERÚ,45,MASCULINO,,NO CONDUCTOR,NO CONDUCTOR,NO,,SI,MINIBUS,05/06/2021,2021,JUNIO,SÁBADO,19,ATROPELLO,NEGLIGENCIA DEL CONDUCTOR,OTRO (NEGLIGENCIA DEL CONDUCTOR),CARRETERA NACIONAL,PE-20,NACIONAL
A-2021-06-31,V-2021-06-31-1,P-2021-06-31-1-1,CALLAO,CALLAO,MI PERU,CONDUCTOR,LESIONADO,CENTRO DE SALUD PÚBLICO,,IDENTIFICADO,PERÚ,32,MASCULINO,SI,VIGENTE,A II A,,,,AUTOMÓVIL,06/06/2021,2021,JUNIO,DOMINGO,2,DESPISTE,IMPRUDENCIA DEL CONDUCTOR,OTRO (IMPRUDENCIA DEL CONDUCTOR),AVENIDA,NO CORRESPONDE,URBANO
A-2021-06-31,V-2021-06-31-1,P-2021-06-31-1-2,CALLAO,CALLAO,MI PERU,PASAJERO,FALLECIDO,,EN EL CENTRO DE SALUD,IDENTIFICADO,PERÚ,31,MASCULINO,,NO CONDUCTOR,NO CONDUCTOR,,,,AUTOMÓVIL,06/06/2021,2021,JUNIO,DOMINGO,2,DESPISTE,IMPRUDENCIA DEL CONDUCTOR,OTRO (IMPRUDENCIA DEL CONDUCTOR),AVENIDA,NO CORRESPONDE,URBANO
A-2021-06-113,V-2021-06-113-1,P-2021-06-113-1-1,LIMA,LIMA,SANTIAGO DE SURCO,CONDUCTOR,FALLECIDO,,EN EL LUGAR DE LOS HECHOS,IDENTIFICADO,PERÚ,,MASCULINO,NO,SIN DNI IDENTIFICADO,SIN DNI IDENTIFICADO,NO,,NO,MOTOCICLETA,06/06/2021,2021,JUNIO,DOMINGO,23,VOLCADURA,EN PROCESO DE INVESTIGACIÓN,NO CUENTA CON CAUSA ESPECIFICA,AVENIDA,NO CORRESPONDE,URBANO
A-2021-06-114,V-2021-06-114-1,P-2021-06-114-1-1,LIMA,LIMA,EL AGUSTINO,CONDUCTOR,ILESO,,,IDENTIFICADO,PERÚ,43,MASCULINO,NO,VIGENTE,A III B,NO,,NO,REMOLCADOR,09/06/2021,2021,JUNIO,MIÉRCOLES,10,CHOQUE,IMPRUDENCIA DEL CONDUCTOR,OTRO (IMPRUDENCIA DEL CONDUCTOR),CARRETERA NACIONAL,PE-1N,NACIONAL
A-2021-06-114,V-2021-06-114-2,P-2021-06-114-2-1,LIMA,LIMA,EL AGUSTINO,CONDUCTOR,FALLECIDO,,EN EL LUGAR DE LOS HECHOS,IDENTIFICADO,PERÚ,,MASCULINO,,VIGENTE,A I,NO,,NO,CAMIÓN,09/06/2021,2021,JUNIO,MIÉRCOLES,10,CHOQUE,IMPRUDENCIA DEL CONDUCTOR,OTRO (IMPRUDENCIA DEL CONDUCTOR),CARRETERA NACIONAL,PE-1N,NACIONAL
A-2021-06-115,V-2021-06-115-1,P-2021-06-115-1-1,LIMA,LIMA,PUEBLO LIBRE,CONDUCTOR,ILESO,,,IDENTIFICADO,PERÚ,36,MASCULINO,NO,VIGENTE,A I,NO,,NO,CAMIONETA PICK UP,09/06/2021,2021,JUNIO,MIÉRCOLES,18,ATROPELLO,IMPRUDENCIA DEL PEATÓN,OTRO (IMPRUDENCIA DEL PEATÓN),AVENIDA,NO CORRESPONDE,URBANO
A-2021-06-115,V-2021-06-115-1,P-2021-06-115-1-2,LIMA,LIMA,PUEBLO LIBRE,PEATÓN,FALLECIDO,,EN EL LUGAR DE LOS HECHOS,IDENTIFICADO,PERÚ,58,FEMENINO,,NO CONDUCTOR,NO CONDUCTOR,NO,,NO,CAMIONETA PICK UP,09/06/2021,2021,JUNIO,MIÉRCOLES,18,ATROPELLO,IMPRUDENCIA DEL PEATÓN,OTRO (IMPRUDENCIA DEL PEATÓN),AVENIDA,NO CORRESPONDE,URBANO
A-2021-06-74,V-2021-06-74-1,P-2021-06-74-1-1,LIMA,LIMA,SANTIAGO DE SURCO,CONDUCTOR,ILESO,,,IDENTIFICADO,PERÚ,34,MASCULINO,NO,VIGENTE,A III C,NO,,NO,REMOLCADOR,11/06/2021,2021,JUNIO,VIERNES,9,CHOQUE,IMPRUDENCIA DEL CONDUCTOR,OTRO (IMPRUDENCIA DEL CONDUCTOR),AVENIDA,NO CORRESPONDE,URBANO
A-2021-06-74,V-2021-06-74-2,P-2021-06-74-2-1,LIMA,LIMA,SANTIAGO DE SURCO,CONDUCTOR,ILESO,,,IDENTIFICADO,PERÚ,,MASCULINO,NO,SIN DNI IDENTIFICADO,SIN DNI IDENTIFICADO,NO,,NO,AUTOMÓVIL,11/06/2021,2021,JUNIO,VIERNES,9,CHOQUE,IMPRUDENCIA DEL CONDUCTOR,OTRO (IMPRUDENCIA DEL CONDUCTOR),AVENIDA,NO CORRESPONDE,URBANO
A-2021-06-74,V-2021-06-74-3,P-2021-06-74-3-1,LIMA,LIMA,SANTIAGO DE SURCO,CONDUCTOR,FALLECIDO,,EN EL LUGAR DE LOS HECHOS,IDENTIFICADO,PERÚ,67,FEMENINO,NO,NO CORRESPONDE,NO CORRESPONDE,NO,,NO,BICICLETA,11/06/2021,2021,JUNIO,VIERNES,9,CHOQUE,IMPRUDENCIA DEL CONDUCTOR,OTRO (IMPRUDENCIA DEL CONDUCTOR),AVENIDA,NO CORRESPONDE,URBANO
A-2021-06-116,V-2021-06-116-1,P-2021-06-116-1-1,LIMA,LIMA,VILLA MARIA DEL TRIUNFO,CONDUCTOR,ILESO,,,IDENTIFICADO,PERÚ,60,MASCULINO,NO,VENCIDA,A III C,NO,,NO,ÓMNIBUS,15/06/2021,2021,JUNIO,MARTES,12,ATROPELLO,IMPRUDENCIA DEL CONDUCTOR,EXCESO DE VELOCIDAD,AVENIDA,NO CORRESPONDE,URBANO
A-2021-06-116,V-2021-06-116-1,P-2021-06-116-1-2,LIMA,LIMA,VILLA MARIA DEL TRIUNFO,PEATÓN,FALLECIDO,,EN EL LUGAR DE LOS HECHOS,NO IDENTIFICADO,PERÚ,,NO INDICA,,NO CONDUCTOR,NO CONDUCTOR,NO,,NO,ÓMNIBUS,15/06/2021,2021,JUNIO,MARTES,12,ATROPELLO,IMPRUDENCIA DEL CONDUCTOR,EXCESO DE VELOCIDAD,AVENIDA,NO CORRESPONDE,URBANO
A-2021-06-117,V-2021-06-117-1,P-2021-06-117-1-1,LIMA,LIMA,SAN MARTIN DE PORRES,CONDUCTOR,FALLECIDO,,EN EL LUGAR DE LOS HECHOS,IDENTIFICADO,PERÚ,,MASCULINO,NO,SIN LICENCIA,SIN LICENCIA,NO,,NO,MOTOCICLETA,16/06/2021,2021,JUNIO,MIÉRCOLES,8,DESPISTE,EN PROCESO DE INVESTIGACIÓN,NO CUENTA CON CAUSA ESPECIFICA,AVENIDA,NO CORRESPONDE,URBANO
A-2021-06-117,V-2021-06-117-2,P-2021-06-117-2-1,LIMA,LIMA,SAN MARTIN DE PORRES,CONDUCTOR,ILESO,,,IDENTIFICADO,PERÚ,39,MASCULINO,NO,VIGENTE,A I,NO,,NO,ÓMNIBUS,16/06/2021,2021,JUNIO,MIÉRCOLES,8,DESPISTE,EN PROCESO DE INVESTIGACIÓN,NO CUENTA CON CAUSA ESPECIFICA,AVENIDA,NO CORRESPONDE,URBANO
A-2021-06-117,V-2021-06-117-3,P-2021-06-117-3-1,LIMA,LIMA,SAN MARTIN DE PORRES,CONDUCTOR,ILESO,,,IDENTIFICADO,PERÚ,47,MASCULINO,NO,VIGENTE,A III C,NO,,NO,AUTOMÓVIL,16/06/2021,2021,JUNIO,MIÉRCOLES,8,DESPISTE,EN PROCESO DE INVESTIGACIÓN,NO CUENTA CON CAUSA ESPECIFICA,AVENIDA,NO CORRESPONDE,URBANO
A-2021-06-125,V-2021-06-125-1,P-2021-06-125-1-1,LIMA,LIMA,BARRANCO,CONDUCTOR,ILESO,,,IDENTIFICADO,PERÚ,69,MASCULINO,NO,VIGENTE,A III C,NO,,NO,ÓMNIBUS,19/06/2021,2021,JUNIO,SÁBADO,12,CHOQUE,IMPRUDENCIA DEL CONDUCTOR,OTRO (IMPRUDENCIA DEL CONDUCTOR),AVENIDA,NO CORRESPONDE,URBANO
A-2021-06-125,V-2021-06-125-2,P-2021-06-125-2-1,LIMA,LIMA,BARRANCO,CONDUCTOR,FALLECIDO,,EN EL LUGAR DE LOS HECHOS,IDENTIFICADO,PERÚ,24,MASCULINO,NO,VENCIDA,B II C,NO,,NO,MOTOCICLETA,19/06/2021,2021,JUNIO,SÁBADO,12,CHOQUE,IMPRUDENCIA DEL CONDUCTOR,OTRO (IMPRUDENCIA DEL CONDUCTOR),AVENIDA,NO CORRESPONDE,URBANO
A-2021-06-145,V-2021-06-145-1,P-2021-06-145-1-1,CALLAO,CALLAO,CALLAO,PEATÓN,FALLECIDO,,EN EL LUGAR DE LOS HECHOS,IDENTIFICADO,PERÚ,50,MASCULINO,,NO CONDUCTOR,NO CONDUCTOR,NO,,SI,VEHICULO NO IDENTIFICADO,19/06/2021,2021,JUNIO,SÁBADO,23,ATROPELLO FUGA,IMPRUDENCIA DEL PEATÓN,ESTADO DE EBRIEDAD Y/O DROGADICCIÓN,CARRETERA NACIONAL,PE-20,NACIONAL
A-2021-06-145,V-2021-06-145-1,P-2021-06-145-1-2,CALLAO,CALLAO,CALLAO,CONDUCTOR FUGADO,NO SE CONOCE,,,NO IDENTIFICADO,,,NO INDICA,,FUGADO,FUGADO,NO,,NO,VEHICULO NO IDENTIFICADO,19/06/2021,2021,JUNIO,SÁBADO,23,ATROPELLO FUGA,IMPRUDENCIA DEL PEATÓN,ESTADO DE EBRIEDAD Y/O DROGADICCIÓN,CARRETERA NACIONAL,PE-20,NACIONAL
A-2021-06-245,V-2021-06-245-1,P-2021-06-245-1-1,LIMA,LIMA,LURIN,PEATÓN,FALLECIDO,,EN EL LUGAR DE LOS HECHOS,IDENTIFICADO,PERÚ,63,MASCULINO,,NO CONDUCTOR,NO CONDUCTOR,NO,,NO,VEHICULO NO IDENTIFICADO,21/06/2021,2021,JUNIO,LUNES,5,ATROPELLO FUGA,EN PROCESO DE INVESTIGACIÓN,NO CUENTA CON CAUSA ESPECIFICA,CARRETERA NACIONAL,PE-1S,NACIONAL
A-2021-06-245,V-2021-06-245-1,P-2021-06-245-1-2,LIMA,LIMA,LURIN,CONDUCTOR FUGADO,NO SE CONOCE,,,NO IDENTIFICADO,,,NO INDICA,,FUGADO,FUGADO,NO,,NO,VEHICULO NO IDENTIFICADO,21/06/2021,2021,JUNIO,LUNES,5,ATROPELLO FUGA,EN PROCESO DE INVESTIGACIÓN,NO CUENTA CON CAUSA ESPECIFICA,CARRETERA NACIONAL,PE-1S,NACIONAL
A-2021-06-246,V-2021-06-246-1,P-2021-06-246-1-1,LIMA,LIMA,ATE,CONDUCTOR,ILESO,,,IDENTIFICADO,PERÚ,,MASCULINO,NO,SIN DNI IDENTIFICADO,SIN DNI IDENTIFICADO,NO,,NO,ÓMNIBUS,21/06/2021,2021,JUNIO,LUNES,12,ATROPELLO,IMPRUDENCIA DEL CONDUCTOR,OTRO (IMPRUDENCIA DEL CONDUCTOR),AVENIDA,NO CORRESPONDE,URBANO
A-2021-06-246,V-2021-06-246-1,P-2021-06-246-1-2,LIMA,LIMA,ATE,PEATÓN,FALLECIDO,,EN EL LUGAR DE LOS HECHOS,NO IDENTIFICADO,,,NO INDICA,,NO CONDUCTOR,NO CONDUCTOR,NO,,NO,ÓMNIBUS,21/06/2021,2021,JUNIO,LUNES,12,ATROPELLO,IMPRUDENCIA DEL CONDUCTOR,OTRO (IMPRUDENCIA DEL CONDUCTOR),AVENIDA,NO CORRESPONDE,URBANO
A-2021-06-247,V-2021-06-247-1,P-2021-06-247-1-1,LIMA,LIMA,VILLA EL SALVADOR,CONDUCTOR,LESIONADO,CENTRO DE SALUD PÚBLICO,,IDENTIFICADO,PERÚ,66,MASCULINO,NO,VIGENTE,B II C,NO,,NO,TRIMOTO CARGA,21/06/2021,2021,JUNIO,LUNES,13,CHOQUE,EN PROCESO DE INVESTIGACIÓN,NO CUENTA CON CAUSA ESPECIFICA,AVENIDA,NO CORRESPONDE,URBANO
A-2021-06-247,V-2021-06-247-1,P-2021-06-247-1-2,LIMA,LIMA,VILLA EL SALVADOR,PASAJERO,FALLECIDO,,EN EL LUGAR DE LOS HECHOS,IDENTIFICADO,PERÚ,NO INDICA,MASCULINO,,NO CONDUCTOR,NO CONDUCTOR,NO,,NO,TRIMOTO CARGA,21/06/2021,2021,JUNIO,LUNES,13,CHOQUE,EN PROCESO DE INVESTIGACIÓN,NO CUENTA CON CAUSA ESPECIFICA,AVENIDA,NO CORRESPONDE,URBANO
A-2021-06-247,V-2021-06-247-2,P-2021-06-247-2-1,LIMA,LIMA,VILLA EL SALVADOR,CONDUCTOR,ILESO,,,IDENTIFICADO,PERÚ,39,MASCULINO,NO,VIGENTE,A III B,NO,,NO,CAMIÓN,21/06/2021,2021,JUNIO,LUNES,13,CHOQUE,EN PROCESO DE INVESTIGACIÓN,NO CUENTA CON CAUSA ESPECIFICA,AVENIDA,NO CORRESPONDE,URBANO
A-2021-06-247,V-2021-06-247-2,P-2021-06-247-2-2,LIMA,LIMA,VILLA EL SALVADOR,PASAJERO,LESIONADO,OTRO,,IDENTIFICADO,PERÚ,0,FEMENINO,,NO CONDUCTOR,NO CONDUCTOR,NO,,NO,CAMIÓN,21/06/2021,2021,JUNIO,LUNES,13,CHOQUE,EN PROCESO DE INVESTIGACIÓN,NO CUENTA CON CAUSA ESPECIFICA,AVENIDA,NO CORRESPONDE,URBANO
A-2021-06-249,V-2021-06-249-1,P-2021-06-249-1-1,LIMA,LIMA,LURIGANCHO,CONDUCTOR,ILESO,,,IDENTIFICADO,PERÚ,54,MASCULINO,NO,VIGENTE,A I,NO,,NO,AUTOMÓVIL,21/06/2021,2021,JUNIO,LUNES,22,CHOQUE,IMPRUDENCIA DEL CONDUCTOR,EXCESO DE VELOCIDAD,CARRETERA NACIONAL,PE-22,NACIONAL
A-2021-06-249,V-2021-06-249-2,P-2021-06-249-2-1,LIMA,LIMA,LURIGANCHO,CONDUCTOR,FALLECIDO,,EN EL LUGAR DE LOS HECHOS,IDENTIFICADO,PERÚ,27,MASCULINO,NO,VENCIDA,B II C,NO,,NO,MOTOCICLETA,21/06/2021,2021,JUNIO,LUNES,22,CHOQUE,IMPRUDENCIA DEL CONDUCTOR,EXCESO DE VELOCIDAD,CARRETERA NACIONAL,PE-22,NACIONAL
A-2021-06-248,V-2021-06-248-1,P-2021-06-248-1-1,LIMA,LIMA,INDEPENDENCIA,CONDUCTOR FUGADO,NO SE CONOCE,,,NO IDENTIFICADO,PERÚ,,NO INDICA,NO,FUGADO,FUGADO,NO,,NO,CAMIONETA RURAL,22/06/2021,2021,JUNIO,MARTES,2,ATROPELLO FUGA,EN PROCESO DE INVESTIGACIÓN,NO CUENTA CON CAUSA ESPECIFICA,CARRETERA NACIONAL,PE-1N,NACIONAL
A-2021-06-248,V-2021-06-248-1,P-2021-06-248-1-2,LIMA,LIMA,INDEPENDENCIA,PEATÓN,FALLECIDO,,EN EL LUGAR DE LOS HECHOS,NO IDENTIFICADO,PERÚ,,NO INDICA,,NO CONDUCTOR,NO CONDUCTOR,NO,,NO,CAMIONETA RURAL,22/06/2021,2021,JUNIO,MARTES,2,ATROPELLO FUGA,EN PROCESO DE INVESTIGACIÓN,NO CUENTA CON CAUSA ESPECIFICA,CARRETERA NACIONAL,PE-1N,NACIONAL
A-2021-06-250,V-2021-06-250-1,P-2021-06-250-1-1,LIMA,LIMA,LOS OLIVOS,CONDUCTOR,ILESO,,,IDENTIFICADO,PERÚ,,MASCULINO,NO,SIN LICENCIA,SIN LICENCIA,NO,,NO,CAMIONETA PICK UP,22/06/2021,2021,JUNIO,MARTES,13,CHOQUE,EN PROCESO DE INVESTIGACIÓN,NO CUENTA CON CAUSA ESPECIFICA,AVENIDA,NO CORRESPONDE,URBANO
A-2021-06-250,V-2021-06-250-2,P-2021-06-250-2-1,LIMA,LIMA,LOS OLIVOS,CONDUCTOR,FALLECIDO,,EN EL LUGAR DE LOS HECHOS,IDENTIFICADO,PERÚ,,MASCULINO,NO,SIN DNI IDENTIFICADO,SIN DNI IDENTIFICADO,NO,,NO,MOTOCICLETA,22/06/2021,2021,JUNIO,MARTES,13,CHOQUE,EN PROCESO DE INVESTIGACIÓN,NO CUENTA CON CAUSA ESPECIFICA,AVENIDA,NO CORRESPONDE,URBANO
A-2021-06-251,V-2021-06-251-1,P-2021-06-251-1-1,LIMA,LIMA,LURIN,CONDUCTOR,NO SE CONOCE,,,IDENTIFICADO,PERÚ,27,MASCULINO,NO,VIGENTE,A III C,NO,,NO,AUTOMÓVIL,22/06/2021,2021,JUNIO,MARTES,21,ATROPELLO,EN PROCESO DE INVESTIGACIÓN,NO CUENTA CON CAUSA ESPECIFICA,AVENIDA,NO CORRESPONDE,URBANO
A-2021-06-251,V-2021-06-251-1,P-2021-06-251-1-2,LIMA,LIMA,LURIN,PEATÓN,FALLECIDO,,EN EL LUGAR DE LOS HECHOS,IDENTIFICADO,PERÚ,46,FEMENINO,,NO CONDUCTOR,NO CONDUCTOR,NO,,NO,AUTOMÓVIL,22/06/2021,2021,JUNIO,MARTES,21,ATROPELLO,EN PROCESO DE INVESTIGACIÓN,NO CUENTA CON CAUSA ESPECIFICA,AVENIDA,NO CORRESPONDE,URBANO
A-2021-06-252,V-2021-06-252-1,P-2021-06-252-1-1,LIMA,LIMA,LOS OLIVOS,CONDUCTOR,FALLECIDO,,,NO IDENTIFICADO,,,NO INDICA,NO,SIN DNI IDENTIFICADO,SIN DNI IDENTIFICADO,NO,,NO,MOTOCICLETA,23/06/2021,2021,JUNIO,MIÉRCOLES,0,DESPISTE,EN PROCESO DE INVESTIGACIÓN,NO CUENTA CON CAUSA ESPECIFICA,AVENIDA,NO CORRESPONDE,URBANO
A-2021-06-252,V-2021-06-252-1,P-2021-06-252-1-2,LIMA,LIMA,LOS OLIVOS,PASAJERO,LESIONADO,OTRO,,NO IDENTIFICADO,PERÚ,,MASCULINO,,NO CONDUCTOR,NO CONDUCTOR,,,,MOTOCICLETA,23/06/2021,2021,JUNIO,MIÉRCOLES,0,DESPISTE,EN PROCESO DE INVESTIGACIÓN,NO CUENTA CON CAUSA ESPECIFICA,AVENIDA,NO CORRESPONDE,URBANO
A-2021-06-258,V-2021-06-258-1,P-2021-06-258-1-1,LIMA,LIMA,ATE,CONDUCTOR FUGADO,NO SE CONOCE,,,IDENTIFICADO,,41,MASCULINO,,VENCIDA,B II C,NO,,NO,VEHICULO NO IDENTIFICADO,23/06/2021,2021,JUNIO,MIÉRCOLES,14,ATROPELLO FUGA,IMPRUDENCIA DEL CONDUCTOR,CONDUCIR EN ESTADO DE EBRIEDAD Y/O DROGADICCIÓN,AVENIDA,NO CORRESPONDE,URBANO
A-2021-06-258,V-2021-06-258-1,P-2021-06-258-1-2,LIMA,LIMA,ATE,PEATÓN,FALLECIDO,,EN EL LUGAR DE LOS HECHOS,NO IDENTIFICADO,PERÚ,41,MASCULINO,,NO CONDUCTOR,NO CONDUCTOR,NO,,NO,VEHICULO NO IDENTIFICADO,23/06/2021,2021,JUNIO,MIÉRCOLES,14,ATROPELLO FUGA,IMPRUDENCIA DEL CONDUCTOR,CONDUCIR EN ESTADO DE EBRIEDAD Y/O DROGADICCIÓN,AVENIDA,NO CORRESPONDE,URBANO
A-2021-06-257,V-2021-06-257-1,P-2021-06-257-1-1,LIMA,LIMA,LIMA,PEATÓN,FALLECIDO,,EN EL LUGAR DE LOS HECHOS,NO IDENTIFICADO,,,NO INDICA,,NO CONDUCTOR,NO CONDUCTOR,NO,,NO,VEHICULO NO IDENTIFICADO,23/06/2021,2021,JUNIO,MIÉRCOLES,15,ATROPELLO FUGA,EN PROCESO DE INVESTIGACIÓN,NO CUENTA CON CAUSA ESPECIFICA,AVENIDA,NO CORRESPONDE,URBANO
A-2021-06-257,V-2021-06-257-1,P-2021-06-257-1-2,LIMA,LIMA,LIMA,CONDUCTOR FUGADO,NO SE CONOCE,,,NO IDENTIFICADO,,,NO INDICA,,FUGADO,FUGADO,NO,,NO,VEHICULO NO IDENTIFICADO,23/06/2021,2021,JUNIO,MIÉRCOLES,15,ATROPELLO FUGA,EN PROCESO DE INVESTIGACIÓN,NO CUENTA CON CAUSA ESPECIFICA,AVENIDA,NO CORRESPONDE,URBANO
A-2021-06-259,V-2021-06-259-1,P-2021-06-259-1-1,LIMA,LIMA,ATE,CONDUCTOR,ILESO,,,IDENTIFICADO,PERÚ,21,MASCULINO,NO,VIGENTE,B II C,NO,,NO,TRIMOTO PASAJERO,24/06/2021,2021,JUNIO,JUEVES,18,CHOQUE,EN PROCESO DE INVESTIGACIÓN,NO CUENTA CON CAUSA ESPECIFICA,CALLE,NO CORRESPONDE,URBANO
A-2021-06-259,V-2021-06-259-1,P-2021-06-259-2-2,LIMA,LIMA,ATE,PASAJERO,FALLECIDO,,EN EL LUGAR DE LOS HECHOS,IDENTIFICADO,PERÚ,35,MASCULINO,,NO CONDUCTOR,NO CONDUCTOR,NO,,NO,TRIMOTO PASAJERO,24/06/2021,2021,JUNIO,JUEVES,18,CHOQUE,EN PROCESO DE INVESTIGACIÓN,NO CUENTA CON CAUSA ESPECIFICA,CALLE,NO CORRESPONDE,URBANO
A-2021-06-259,V-2021-06-259-2,P-2021-06-259-2-1,LIMA,LIMA,ATE,CONDUCTOR,ILESO,,,IDENTIFICADO,PERÚ,32,MASCULINO,NO,VIGENTE,B II C,NO,,NO,CAMIONETA RURAL,24/06/2021,2021,JUNIO,JUEVES,18,CHOQUE,EN PROCESO DE INVESTIGACIÓN,NO CUENTA CON CAUSA ESPECIFICA,CALLE,NO CORRESPONDE,URBANO
A-2021-06-294,V-2021-06-294-1,P-2021-06-294-1-1,CALLAO,CALLAO,VENTANILLA,CONDUCTOR,ILESO,,,IDENTIFICADO,PERÚ,35,MASCULINO,SI,VIGENTE,A III C,NO,,SI,REMOLCADOR-SEMIREMOLQUE,25/06/2021,2021,JUNIO,VIERNES,5,CHOQUE,NEGLIGENCIA DEL CONDUCTOR,OTRO (NEGLIGENCIA DEL CONDUCTOR),CARRETERA NACIONAL,PE-20,NACIONAL
A-2021-06-294,V-2021-06-294-2,P-2021-06-294-2-1,CALLAO,CALLAO,VENTANILLA,CONDUCTOR,FALLECIDO,,EN EL LUGAR DE LOS HECHOS,IDENTIFICADO,PERÚ,42,MASCULINO,SI,VIGENTE,B II C,NO,,SI,TRIMOTO PASAJERO,25/06/2021,2021,JUNIO,VIERNES,5,CHOQUE,NEGLIGENCIA DEL CONDUCTOR,OTRO (NEGLIGENCIA DEL CONDUCTOR),CARRETERA NACIONAL,PE-20,NACIONAL
A-2021-06-260,V-2021-06-260-1,P-2021-06-260-1-2,LIMA,LIMA,RIMAC,PEATÓN,FALLECIDO,,EN EL LUGAR DE LOS HECHOS,NO IDENTIFICADO,PERÚ,,NO INDICA,,NO CONDUCTOR,NO CONDUCTOR,NO,,NO,VEHICULO NO IDENTIFICADO,25/06/2021,2021,JUNIO,VIERNES,12,ATROPELLO FUGA,EN PROCESO DE INVESTIGACIÓN,NO CUENTA CON CAUSA ESPECIFICA,CARRETERA NACIONAL,PE-1N,NACIONAL
A-2021-06-260,V-2021-06-260-1,P-2021-06-260-1-3,LIMA,LIMA,RIMAC,CONDUCTOR FUGADO,NO SE CONOCE,,,NO IDENTIFICADO,,,NO INDICA,,FUGADO,FUGADO,NO,,NO,VEHICULO NO IDENTIFICADO,25/06/2021,2021,JUNIO,VIERNES,12,ATROPELLO FUGA,EN PROCESO DE INVESTIGACIÓN,NO CUENTA CON CAUSA ESPECIFICA,CARRETERA NACIONAL,PE-1N,NACIONAL
A-2021-06-358,V-2021-06-358-1,P-2021-06-358-1-1,CALLAO,CALLAO,CALLAO,CONDUCTOR FUGADO,NO SE CONOCE,,,NO IDENTIFICADO,,,NO INDICA,,FUGADO,FUGADO,NO,,NO,VEHICULO NO IDENTIFICADO,27/06/2021,2021,JUNIO,DOMINGO,17,ATROPELLO FUGA,NEGLIGENCIA DEL CONDUCTOR,OTRO (NEGLIGENCIA DEL CONDUCTOR),CARRETERA NACIONAL,PE-20B,NACIONAL
A-2021-06-358,V-2021-06-358-1,P-2021-06-358-1-2,CALLAO,CALLAO,CALLAO,PEATÓN,FALLECIDO,,,IDENTIFICADO,,27,MASCULINO,,NO CONDUCTOR,NO CONDUCTOR,,,,VEHICULO NO IDENTIFICADO,27/06/2021,2021,JUNIO,DOMINGO,17,ATROPELLO FUGA,NEGLIGENCIA DEL CONDUCTOR,OTRO (NEGLIGENCIA DEL CONDUCTOR),CARRETERA NACIONAL,PE-20B,NACIONAL
A-2021-06-199,V-2021-06-199-1,P-2021-06-199-1-1,CALLAO,CALLAO,CALLAO,CONDUCTOR FUGADO,NO SE CONOCE,,,NO IDENTIFICADO,,,NO INDICA,,FUGADO,FUGADO,NO,,NO,VEHICULO NO IDENTIFICADO,27/06/2021,2021,JUNIO,DOMINGO,20,ATROPELLO FUGA,EN PROCESO DE INVESTIGACIÓN,NO CUENTA CON CAUSA ESPECIFICA,CARRETERA NACIONAL,PE-20B,NACIONAL
A-2021-06-199,V-2021-06-199-1,P-2021-06-199-1-2,CALLAO,CALLAO,CALLAO,PEATÓN,FALLECIDO,,EN EL LUGAR DE LOS HECHOS,NO IDENTIFICADO,PERÚ,,MASCULINO,,NO CONDUCTOR,NO CONDUCTOR,NO,,SI,VEHICULO NO IDENTIFICADO,27/06/2021,2021,JUNIO,DOMINGO,20,ATROPELLO FUGA,EN PROCESO DE INVESTIGACIÓN,NO CUENTA CON CAUSA ESPECIFICA,CARRETERA NACIONAL,PE-20B,NACIONAL
A-2021-06-261,V-2021-06-261-1,P-2021-06-261-1-1,LIMA,LIMA,COMAS,CONDUCTOR,ILESO,,,IDENTIFICADO,PERÚ,45,MASCULINO,NO,VIGENTE,A I,NO,,NO,CAMIONETA PICK UP,28/06/2021,2021,JUNIO,LUNES,9,CHOQUE,EN PROCESO DE INVESTIGACIÓN,NO CUENTA CON CAUSA ESPECIFICA,CARRETERA NACIONAL,PE-1N,NACIONAL
A-2021-06-261,V-2021-06-261-1,P-2021-06-261-1-2,LIMA,LIMA,COMAS,PASAJERO,FALLECIDO,,,IDENTIFICADO,,34,MASCULINO,,NO CONDUCTOR,NO CONDUCTOR,,,,CAMIONETA PICK UP,28/06/2021,2021,JUNIO,LUNES,9,CHOQUE,EN PROCESO DE INVESTIGACIÓN,NO CUENTA CON CAUSA ESPECIFICA,CARRETERA NACIONAL,PE-1N,NACIONAL
A-2021-06-261,V-2021-06-261-1,P-2021-06-261-1-3,LIMA,LIMA,COMAS,PASAJERO,LESIONADO,,,IDENTIFICADO,,34,MASCULINO,,NO CONDUCTOR,NO CONDUCTOR,,,,CAMIONETA PICK UP,28/06/2021,2021,JUNIO,LUNES,9,CHOQUE,EN PROCESO DE INVESTIGACIÓN,NO CUENTA CON CAUSA ESPECIFICA,CARRETERA NACIONAL,PE-1N,NACIONAL
A-2021-06-261,V-2021-06-261-2,P-2021-06-261-2-1,LIMA,LIMA,COMAS,CONDUCTOR,LESIONADO,,,IDENTIFICADO,PERÚ,43,FEMENINO,NO,VIGENTE,A I,NO,,NO,AUTOMÓVIL,28/06/2021,2021,JUNIO,LUNES,9,CHOQUE,EN PROCESO DE INVESTIGACIÓN,NO CUENTA CON CAUSA ESPECIFICA,CARRETERA NACIONAL,PE-1N,NACIONAL
A-2021-06-262,V-2021-06-262-1,P-2021-06-262-1-1,LIMA,LIMA,EL AGUSTINO,CONDUCTOR FUGADO,NO SE CONOCE,,,NO IDENTIFICADO,,,NO INDICA,,FUGADO,FUGADO,NO,,NO,VEHICULO NO IDENTIFICADO,28/06/2021,2021,JUNIO,LUNES,20,ATROPELLO FUGA,EN PROCESO DE INVESTIGACIÓN,NO CUENTA CON CAUSA ESPECIFICA,CARRETERA NACIONAL,PE-1N,NACIONAL
A-2021-06-262,V-2021-06-262-1,P-2021-06-262-1-2,LIMA,LIMA,EL AGUSTINO,PEATÓN,FALLECIDO,,,NO IDENTIFICADO,,,NO INDICA,,NO CONDUCTOR,NO CONDUCTOR,NO,,NO,VEHICULO NO IDENTIFICADO,28/06/2021,2021,JUNIO,LUNES,20,ATROPELLO FUGA,EN PROCESO DE INVESTIGACIÓN,NO CUENTA CON CAUSA ESPECIFICA,CARRETERA NACIONAL,PE-1N,NACIONAL
A-2021-06-263,V-2021-06-263-1,P-2021-06-263-1-1,LIMA,LIMA,BREÑA,CONDUCTOR,ILESO,,,IDENTIFICADO,PERÚ,33,MASCULINO,NO,VIGENTE,A III C,NO,,NO,ÓMNIBUS,28/06/2021,2021,JUNIO,LUNES,23,ATROPELLO,EN PROCESO DE INVESTIGACIÓN,NO CUENTA CON CAUSA ESPECIFICA,AVENIDA,NO CORRESPONDE,URBANO
A-2021-06-263,V-2021-06-263-1,P-2021-06-263-1-2,LIMA,LIMA,BREÑA,PEATÓN,FALLECIDO,,EN EL LUGAR DE LOS HECHOS,IDENTIFICADO,VENEZUELA,0,MASCULINO,,NO CONDUCTOR,NO CONDUCTOR,NO,,NO,ÓMNIBUS,28/06/2021,2021,JUNIO,LUNES,23,ATROPELLO,EN PROCESO DE INVESTIGACIÓN,NO CUENTA CON CAUSA ESPECIFICA,AVENIDA,NO CORRESPONDE,URBANO
A-2021-06-264,V-2021-06-264-1,P-2021-06-264-1-1,LIMA,LIMA,SANTA ANITA,CONDUCTOR FUGADO,NO SE CONOCE,,,NO IDENTIFICADO,PERÚ,,NO INDICA,,FUGADO,FUGADO,NO,,NO,VEHICULO NO IDENTIFICADO,29/06/2021,2021,JUNIO,MARTES,8,ATROPELLO FUGA,EN PROCESO DE INVESTIGACIÓN,NO CUENTA CON CAUSA ESPECIFICA,AVENIDA,NO CORRESPONDE,URBANO
A-2021-06-264,V-2021-06-264-1,P-2021-06-264-1-2,LIMA,LIMA,SANTA ANITA,PEATÓN,FALLECIDO,,EN EL LUGAR DE LOS HECHOS,IDENTIFICADO,PERÚ,0,MASCULINO,,NO CONDUCTOR,NO CONDUCTOR,NO,,NO,VEHICULO NO IDENTIFICADO,29/06/2021,2021,JUNIO,MARTES,8,ATROPELLO FUGA,EN PROCESO DE INVESTIGACIÓN,NO CUENTA CON CAUSA ESPECIFICA,AVENIDA,NO CORRESPONDE,URBANO
A-2021-06-265,V-2021-06-265-1,P-2021-06-265-1-1,LIMA,LIMA,SAN JUAN DE LURIGANCHO,CONDUCTOR,ILESO,,,IDENTIFICADO,PERÚ,45,MASCULINO,NO,SUSPENDIDA,A III B,NO,,NO,CAMIÓN,30/06/2021,2021,JUNIO,MIÉRCOLES,10,CHOQUE,IMPRUDENCIA DEL CONDUCTOR,OTRO (IMPRUDENCIA DEL CONDUCTOR),AVENIDA,NO CORRESPONDE,URBANO
A-2021-06-265,V-2021-06-265-2,P-2021-06-265-2-1,LIMA,LIMA,SAN JUAN DE LURIGANCHO,CONDUCTOR,FALLECIDO,,EN EL LUGAR DE LOS HECHOS,IDENTIFICADO,PERÚ,20,FEMENINO,NO,SIN LICENCIA,SIN LICENCIA,NO,,NO,OTRO,30/06/2021,2021,JUNIO,MIÉRCOLES,10,CHOQUE,IMPRUDENCIA DEL CONDUCTOR,OTRO (IMPRUDENCIA DEL CONDUCTOR),AVENIDA,NO CORRESPONDE,URBANO
A-2021-06-266,V-2021-06-266-1,P-2021-06-266-1-1,LIMA,LIMA,LURIN,CONDUCTOR,LESIONADO,CENTRO DE SALUD PÚBLICO,,IDENTIFICADO,PERÚ,45,MASCULINO,NO,VIGENTE,B II C,NO,,NO,MOTOCICLETA,30/06/2021,2021,JUNIO,MIÉRCOLES,19,CHOQUE,IMPRUDENCIA DEL CONDUCTOR,CONDUCIR EN ESTADO DE EBRIEDAD Y/O DROGADICCIÓN,CARRETERA NACIONAL,PE-1S,NACIONAL
A-2021-06-266,V-2021-06-266-1,P-2021-06-266-1-2,LIMA,LIMA,LURIN,PASAJERO,FALLECIDO,,EN EL LUGAR DE LOS HECHOS,IDENTIFICADO,PERÚ,45,FEMENINO,,NO CONDUCTOR,NO CONDUCTOR,NO,,NO,MOTOCICLETA,30/06/2021,2021,JUNIO,MIÉRCOLES,19,CHOQUE,IMPRUDENCIA DEL CONDUCTOR,CONDUCIR EN ESTADO DE EBRIEDAD Y/O DROGADICCIÓN,CARRETERA NACIONAL,PE-1S,NACIONAL
A-2021-06-266,V-2021-06-266-2,P-2021-06-266-2-1,LIMA,LIMA,LURIN,CONDUCTOR,LESIONADO,CENTRO DE SALUD PÚBLICO,,IDENTIFICADO,PERÚ,40,MASCULINO,NO,VIGENTE,B II C,NO,,NO,MOTOCICLETA,30/06/2021,2021,JUNIO,MIÉRCOLES,19,CHOQUE,IMPRUDENCIA DEL CONDUCTOR,CONDUCIR EN ESTADO DE EBRIEDAD Y/O DROGADICCIÓN,CARRETERA NACIONAL,PE-1S,NACIONAL
A-2021-06-266,V-2021-06-266-3,P-2021-06-266-3-1,LIMA,LIMA,LURIN,CONDUCTOR,ILESO,,,IDENTIFICADO,PERÚ,61,MASCULINO,NO,VIGENTE,A I,NO,,NO,CAMIONETA RURAL,30/06/2021,2021,JUNIO,MIÉRCOLES,19,CHOQUE,IMPRUDENCIA DEL CONDUCTOR,CONDUCIR EN ESTADO DE EBRIEDAD Y/O DROGADICCIÓN,CARRETERA NACIONAL,PE-1S,NACIONAL
A-2021-06-267,V-2021-06-267-1,P-2021-06-267-1-1,LIMA,LIMA,COMAS,CONDUCTOR,ILESO,,,IDENTIFICADO,PERÚ,48,MASCULINO,NO,VIGENTE,A II A,NO,,NO,STATION WAGON,30/06/2021,2021,JUNIO,MIÉRCOLES,20,CHOQUE,EN PROCESO DE INVESTIGACIÓN,NO CUENTA CON CAUSA ESPECIFICA,AVENIDA,NO CORRESPONDE,URBANO
A-2021-06-267,V-2021-06-267-2,P-2021-06-267-2-1,LIMA,LIMA,COMAS,CONDUCTOR,FALLECIDO,,EN EL LUGAR DE LOS HECHOS,IDENTIFICADO,PERÚ,30,MASCULINO,NO,SIN LICENCIA,SIN LICENCIA,NO,,NO,MOTOCICLETA,30/06/2021,2021,JUNIO,MIÉRCOLES,20,CHOQUE,EN PROCESO DE INVESTIGACIÓN,NO CUENTA CON CAUSA ESPECIFICA,AVENIDA,NO CORRESPONDE,URBANO
A-2021-07-11,V-2021-07-11-1,P-2021-07-11-1-1,LIMA,LIMA,SANTIAGO DE SURCO,CONDUCTOR,ILESO,,,IDENTIFICADO,PERÚ,19,MASCULINO,NO,VIGENTE,B,NO,,NO,MOTOCICLETA,01/07/2021,2021,JULIO,JUEVES,20,VOLCADURA,IMPRUDENCIA DEL PEATÓN,OTRO (IMPRUDENCIA DEL PEATÓN),CARRETERA NACIONAL,PE-1S,NACIONAL
A-2021-07-11,V-2021-07-11-1,P-2021-07-11-1-2,LIMA,LIMA,SANTIAGO DE SURCO,PASAJERO,FALLECIDO,,EN EL LUGAR DE LOS HECHOS,IDENTIFICADO,PERÚ,0,MASCULINO,,NO CONDUCTOR,NO CONDUCTOR,NO,,NO,MOTOCICLETA,01/07/2021,2021,JULIO,JUEVES,20,VOLCADURA,IMPRUDENCIA DEL PEATÓN,OTRO (IMPRUDENCIA DEL PEATÓN),CARRETERA NACIONAL,PE-1S,NACIONAL
A-2021-07-12,V-2021-07-12-1,P-2021-07-12-1-1,LIMA,LIMA,LOS OLIVOS,CONDUCTOR,ILESO,,,IDENTIFICADO,PERÚ,,MASCULINO,NO,VIGENTE,A I,NO,,NO,AUTOMÓVIL,02/07/2021,2021,JULIO,VIERNES,15,ATROPELLO,EN PROCESO DE INVESTIGACIÓN,NO CUENTA CON CAUSA ESPECIFICA,CARRETERA NACIONAL,PE-1N,NACIONAL
A-2021-07-12,V-2021-07-12-1,P-2021-07-12-1-2,LIMA,LIMA,LOS OLIVOS,PEATÓN,FALLECIDO,,EN EL LUGAR DE LOS HECHOS,IDENTIFICADO,PERÚ,38,MASCULINO,,NO CONDUCTOR,NO CONDUCTOR,NO,,NO,AUTOMÓVIL,02/07/2021,2021,JULIO,VIERNES,15,ATROPELLO,EN PROCESO DE INVESTIGACIÓN,NO CUENTA CON CAUSA ESPECIFICA,CARRETERA NACIONAL,PE-1N,NACIONAL
A-2021-07-13,V-2021-07-13-1,P-2021-07-13-1-1,LIMA,LIMA,CHORRILLOS,CONDUCTOR,LESIONADO,CENTRO DE SALUD PÚBLICO,,IDENTIFICADO,PERÚ,42,MASCULINO,NO,VIGENTE,A III C,NO,,NO,CAMIÓN,02/07/2021,2021,JULIO,VIERNES,15,CHOQUE,EN PROCESO DE INVESTIGACIÓN,NO CUENTA CON CAUSA ESPECIFICA,AVENIDA,NO CORRESPONDE,URBANO
A-2021-07-13,V-2021-07-13-2,P-2021-07-13-2-1,LIMA,LIMA,CHORRILLOS,CONDUCTOR,FALLECIDO,,EN EL LUGAR DE LOS HECHOS,NO IDENTIFICADO,PERÚ,,NO INDICA,NO,NO CORRESPONDE,SIN DNI IDENTIFICADO,NO,,NO,TRICICLO NO MOTORIZADO,02/07/2021,2021,JULIO,VIERNES,15,CHOQUE,EN PROCESO DE INVESTIGACIÓN,NO CUENTA CON CAUSA ESPECIFICA,AVENIDA,NO CORRESPONDE,URBANO
A-2021-07-14,V-2021-07-14-1,P-2021-07-14-1-1,LIMA,LIMA,LA VICTORIA,CONDUCTOR,ILESO,,,IDENTIFICADO,PERÚ,32,MASCULINO,NO,VIGENTE,A II A,NO,,NO,AUTOMÓVIL,03/07/2021,2021,JULIO,SÁBADO,1,CHOQUE,IMPRUDENCIA DEL CONDUCTOR,CONDUCIR EN ESTADO DE EBRIEDAD Y/O DROGADICCIÓN,AVENIDA,NO CORRESPONDE,URBANO
A-2021-07-14,V-2021-07-14-2,P-2021-07-14-2-1,LIMA,LIMA,LA VICTORIA,CONDUCTOR,FALLECIDO,,EN EL LUGAR DE LOS HECHOS,IDENTIFICADO,PERÚ,28,MASCULINO,NO,VIGENTE,B II C,NO,,NO,MOTOCICLETA,03/07/2021,2021,JULIO,SÁBADO,1,CHOQUE,IMPRUDENCIA DEL CONDUCTOR,CONDUCIR EN ESTADO DE EBRIEDAD Y/O DROGADICCIÓN,AVENIDA,NO CORRESPONDE,URBANO
A-2021-07-15,V-2021-07-15-1,P-2021-07-15-1-1,LIMA,LIMA,ATE,CONDUCTOR,ILESO,,,NO IDENTIFICADO,PERÚ,62,MASCULINO,NO,VIGENTE,A III C,NO,,NO,MINIBUS,03/07/2021,2021,JULIO,SÁBADO,19,CHOQUE,EN PROCESO DE INVESTIGACIÓN,NO CUENTA CON CAUSA ESPECIFICA,AVENIDA,NO CORRESPONDE,URBANO
A-2021-07-15,V-2021-07-15-1,P-2021-07-15-1-2,LIMA,LIMA,ATE,PASAJERO,LESIONADO,CENTRO DE SALUD PÚBLICO,,IDENTIFICADO,PERÚ,51,MASCULINO,,NO CONDUCTOR,NO CONDUCTOR,NO,,NO,MINIBUS,03/07/2021,2021,JULIO,SÁBADO,19,CHOQUE,EN PROCESO DE INVESTIGACIÓN,NO CUENTA CON CAUSA ESPECIFICA,AVENIDA,NO CORRESPONDE,URBANO
A-2021-07-15,V-2021-07-15-2,P-2021-07-15-2-1,LIMA,LIMA,ATE,CONDUCTOR,FALLECIDO,,EN EL LUGAR DE LOS HECHOS,IDENTIFICADO,PERÚ,42,MASCULINO,NO,VENCIDA,A II B,NO,,NO,AUTOMÓVIL,03/07/2021,2021,JULIO,SÁBADO,19,CHOQUE,EN PROCESO DE INVESTIGACIÓN,NO CUENTA CON CAUSA ESPECIFICA,AVENIDA,NO CORRESPONDE,URBANO
A-2021-07-15,V-2021-07-15-2,P-2021-07-15-2-2,LIMA,LIMA,ATE,PASAJERO,LESIONADO,CENTRO DE SALUD PÚBLICO,,IDENTIFICADO,PERÚ,53,FEMENINO,,NO CONDUCTOR,NO CONDUCTOR,NO,,NO,AUTOMÓVIL,03/07/2021,2021,JULIO,SÁBADO,19,CHOQUE,EN PROCESO DE INVESTIGACIÓN,NO CUENTA CON CAUSA ESPECIFICA,AVENIDA,NO CORRESPONDE,URBANO
A-2021-07-16,V-2021-07-16-1,P-2021-07-16-1-1,LIMA,LIMA,ATE,CONDUCTOR,ILESO,,,IDENTIFICADO,PERÚ,,MASCULINO,NO,CANCELADA / CONDUCTOR INHABILITADO,A II B,NO,,NO,CAMIONETA RURAL,03/07/2021,2021,JULIO,SÁBADO,22,ATROPELLO,IMPRUDENCIA DEL PEATÓN,ESTADO DE EBRIEDAD Y/O DROGADICCIÓN,CARRETERA NACIONAL,PE-22,NACIONAL
A-2021-07-16,V-2021-07-16-1,P-2021-07-16-1-2,LIMA,LIMA,ATE,PEATÓN,FALLECIDO,,EN EL LUGAR DE LOS HECHOS,IDENTIFICADO,PERÚ,48,MASCULINO,,NO CONDUCTOR,NO CONDUCTOR,NO,,NO,CAMIONETA RURAL,03/07/2021,2021,JULIO,SÁBADO,22,ATROPELLO,IMPRUDENCIA DEL PEATÓN,ESTADO DE EBRIEDAD Y/O DROGADICCIÓN,CARRETERA NACIONAL,PE-22,NACIONAL
A-2021-07-17,V-2021-07-17-1,P-2021-07-17-1-1,LIMA,LIMA,SANTIAGO DE SURCO,CONDUCTOR,ILESO,,,IDENTIFICADO,PERÚ,25,MASCULINO,NO,SIN LICENCIA,SIN LICENCIA,NO,,NO,MOTOCICLETA,04/07/2021,2021,JULIO,DOMINGO,3,VOLCADURA,EN PROCESO DE INVESTIGACIÓN,NO CUENTA CON CAUSA ESPECIFICA,CARRETERA NACIONAL,PE-1S,NACIONAL
A-2021-07-17,V-2021-07-17-1,P-2021-07-17-1-2,LIMA,LIMA,SANTIAGO DE SURCO,PASAJERO,FALLECIDO,,EN EL LUGAR DE LOS HECHOS,IDENTIFICADO,PERÚ,27,FEMENINO,,NO CONDUCTOR,NO CONDUCTOR,NO,,NO,MOTOCICLETA,04/07/2021,2021,JULIO,DOMINGO,3,VOLCADURA,EN PROCESO DE INVESTIGACIÓN,NO CUENTA CON CAUSA ESPECIFICA,CARRETERA NACIONAL,PE-1S,NACIONAL
A-2021-07-10,V-2021-07-10-1,P-2021-07-10-1-1,CALLAO,CALLAO,VENTANILLA,CONDUCTOR,ILESO,,,IDENTIFICADO,PERÚ,33,MASCULINO,SI,VIGENTE,A II B,NO,,SI,STATION WAGON,04/07/2021,2021,JULIO,DOMINGO,19,ATROPELLO,IMPRUDENCIA DEL CONDUCTOR,OTRO (IMPRUDENCIA DEL CONDUCTOR),CARRETERA NACIONAL,PE-20,NACIONAL
A-2021-07-10,V-2021-07-10-1,P-2021-07-10-1-2,CALLAO,CALLAO,VENTANILLA,PEATÓN,FALLECIDO,,EN EL LUGAR DE LOS HECHOS,IDENTIFICADO,PERÚ,47,MASCULINO,,NO CONDUCTOR,NO CONDUCTOR,NO,,SI,STATION WAGON,04/07/2021,2021,JULIO,DOMINGO,19,ATROPELLO,IMPRUDENCIA DEL CONDUCTOR,OTRO (IMPRUDENCIA DEL CONDUCTOR),CARRETERA NACIONAL,PE-20,NACIONAL
A-2021-07-10,V-2021-07-10-2,P-2021-07-10-2-1,CALLAO,CALLAO,VENTANILLA,CONDUCTOR,ILESO,,,IDENTIFICADO,PERÚ,50,MASCULINO,SI,VIGENTE,A I,NO,,SI,STATION WAGON,04/07/2021,2021,JULIO,DOMINGO,19,ATROPELLO,IMPRUDENCIA DEL CONDUCTOR,OTRO (IMPRUDENCIA DEL CONDUCTOR),CARRETERA NACIONAL,PE-20,NACIONAL
A-2021-07-21,V-2021-07-21-1,P-2021-07-21-1-1,CALLAO,CALLAO,VENTANILLA,CONDUCTOR FUGADO,NO SE CONOCE,,,NO IDENTIFICADO,OTRO,,NO INDICA,,FUGADO,FUGADO,NO,,NO,ÓMNIBUS,05/07/2021,2021,JULIO,LUNES,17,DESPISTE,NEGLIGENCIA DEL CONDUCTOR,OTRO (NEGLIGENCIA DEL CONDUCTOR),AVENIDA,NO CORRESPONDE,URBANO
A-2021-07-21,V-2021-07-21-1,P-2021-07-21-1-2,CALLAO,CALLAO,VENTANILLA,PASAJERO,LESIONADO,CENTRO DE SALUD PÚBLICO,,IDENTIFICADO,PERÚ,81,MASCULINO,,NO CONDUCTOR,NO CONDUCTOR,NO,,NO,ÓMNIBUS,05/07/2021,2021,JULIO,LUNES,17,DESPISTE,NEGLIGENCIA DEL CONDUCTOR,OTRO (NEGLIGENCIA DEL CONDUCTOR),AVENIDA,NO CORRESPONDE,URBANO
A-2021-07-21,V-2021-07-21-1,P-2021-07-21-1-3,CALLAO,CALLAO,VENTANILLA,PASAJERO,LESIONADO,CENTRO DE SALUD PÚBLICO,,IDENTIFICADO,PERÚ,64,FEMENINO,,NO CONDUCTOR,NO CONDUCTOR,NO,,NO,ÓMNIBUS,05/07/2021,2021,JULIO,LUNES,17,DESPISTE,NEGLIGENCIA DEL CONDUCTOR,OTRO (NEGLIGENCIA DEL CONDUCTOR),AVENIDA,NO CORRESPONDE,URBANO
A-2021-07-21,V-2021-07-21-1,P-2021-07-21-1-4,CALLAO,CALLAO,VENTANILLA,PEATÓN,FALLECIDO,,EN EL LUGAR DE LOS HECHOS,IDENTIFICADO,PERÚ,55,FEMENINO,,NO CONDUCTOR,NO CONDUCTOR,NO,,SI,ÓMNIBUS,05/07/2021,2021,JULIO,LUNES,17,DESPISTE,NEGLIGENCIA DEL CONDUCTOR,OTRO (NEGLIGENCIA DEL CONDUCTOR),AVENIDA,NO CORRESPONDE,URBANO
A-2021-07-229,V-2021-07-229-1,P-2021-07-229-1-1,LIMA,LIMA,SAN MARTIN DE PORRES,CONDUCTOR FUGADO,NO SE CONOCE,,,NO IDENTIFICADO,,,NO INDICA,,FUGADO,FUGADO,NO,,NO,VEHICULO NO IDENTIFICADO,05/07/2021,2021,JULIO,LUNES,21,ATROPELLO FUGA,EN PROCESO DE INVESTIGACIÓN,NO CUENTA CON CAUSA ESPECIFICA,AVENIDA,NO CORRESPONDE,URBANO
A-2021-07-229,V-2021-07-229-1,P-2021-07-229-1-2,LIMA,LIMA,SAN MARTIN DE PORRES,PEATÓN,FALLECIDO,,EN EL CENTRO DE SALUD,IDENTIFICADO,PERÚ,69,FEMENINO,,NO CONDUCTOR,NO CONDUCTOR,,,,VEHICULO NO IDENTIFICADO,05/07/2021,2021,JULIO,LUNES,21,ATROPELLO FUGA,EN PROCESO DE INVESTIGACIÓN,NO CUENTA CON CAUSA ESPECIFICA,AVENIDA,NO CORRESPONDE,URBANO
A-2021-07-231,V-2021-07-231-1,P-2021-07-231-1-1,LIMA,LIMA,SAN JUAN DE LURIGANCHO,CONDUCTOR FUGADO,NO SE CONOCE,,,NO IDENTIFICADO,,,NO INDICA,,FUGADO,FUGADO,,,,CAMIÓN,06/07/2021,2021,JULIO,MARTES,20,ATROPELLO FUGA,IMPRUDENCIA DEL CONDUCTOR,EXCESO DE VELOCIDAD,AVENIDA,NO CORRESPONDE,URBANO
A-2021-07-231,V-2021-07-231-1,P-2021-07-231-1-2,LIMA,LIMA,SAN JUAN DE LURIGANCHO,PEATÓN,FALLECIDO,,CAMINO AL CENTRO DE SALUD,IDENTIFICADO,PERÚ,22,MASCULINO,,NO CONDUCTOR,NO CONDUCTOR,,,,CAMIÓN,06/07/2021,2021,JULIO,MARTES,20,ATROPELLO FUGA,IMPRUDENCIA DEL CONDUCTOR,EXCESO DE VELOCIDAD,AVENIDA,NO CORRESPONDE,URBANO
A-2021-07-231,V-2021-07-231-1,P-2021-07-231-1-3,LIMA,LIMA,SAN JUAN DE LURIGANCHO,PEATÓN,FALLECIDO,,EN EL CENTRO DE SALUD,IDENTIFICADO,PERÚ,52,FEMENINO,,NO CONDUCTOR,NO CONDUCTOR,NO,,NO,CAMIÓN,06/07/2021,2021,JULIO,MARTES,20,ATROPELLO FUGA,IMPRUDENCIA DEL CONDUCTOR,EXCESO DE VELOCIDAD,AVENIDA,NO CORRESPONDE,URBANO
A-2021-07-233,V-2021-07-233-1,P-2021-07-233-1-1,LIMA,LIMA,COMAS,CONDUCTOR,ILESO,,,IDENTIFICADO,,31,MASCULINO,,VIGENTE,A III B,,,,CAMIÓN,07/07/2021,2021,JULIO,MIÉRCOLES,11,CHOQUE,EN PROCESO DE INVESTIGACIÓN,NO CUENTA CON CAUSA ESPECIFICA,CARRETERA NACIONAL,PE-20A,NACIONAL
A-2021-07-233,V-2021-07-233-2,P-2021-07-233-1-2,LIMA,LIMA,COMAS,PASAJERO,FALLECIDO,,,IDENTIFICADO,,35,MASCULINO,,NO CONDUCTOR,NO CONDUCTOR,,,,BICICLETA,07/07/2021,2021,JULIO,MIÉRCOLES,11,CHOQUE,EN PROCESO DE INVESTIGACIÓN,NO CUENTA CON CAUSA ESPECIFICA,CARRETERA NACIONAL,PE-20A,NACIONAL
A-2021-07-276,V-2021-07-276-1,P-2021-07-276-1-1,LIMA,LIMA,RIMAC,CONDUCTOR,ILESO,,,IDENTIFICADO,PERÚ,36,MASCULINO,,VIGENTE,A III C,NO,,NO,CAMIONETA PICK UP,09/07/2021,2021,JULIO,VIERNES,6,CHOQUE,IMPRUDENCIA DEL CONDUCTOR,EXCESO DE VELOCIDAD,VIA EXPRESA,NO CORRESPONDE,URBANO
A-2021-07-276,V-2021-07-276-2,P-2021-07-276-2-1,LIMA,LIMA,RIMAC,CONDUCTOR,FALLECIDO,,CAMINO AL CENTRO DE SALUD,IDENTIFICADO,PERÚ,50,MASCULINO,,NO CORRESPONDE,NO CORRESPONDE,NO,,NO,BICICLETA,09/07/2021,2021,JULIO,VIERNES,6,CHOQUE,IMPRUDENCIA DEL CONDUCTOR,EXCESO DE VELOCIDAD,VIA EXPRESA,NO CORRESPONDE,URBANO
A-2021-07-242,V-2021-07-242-1,P-2021-07-242-1-1,LIMA,LIMA,SANTIAGO DE SURCO,CONDUCTOR FUGADO,NO SE CONOCE,,,NO IDENTIFICADO,,,NO INDICA,,FUGADO,FUGADO,NO,,NO,AUTOMÓVIL,09/07/2021,2021,JULIO,VIERNES,22,CHOQUE FUGA,IMPRUDENCIA DEL CONDUCTOR,EXCESO DE VELOCIDAD,AVENIDA,NO CORRESPONDE,URBANO
A-2021-07-242,V-2021-07-242-2,P-2021-07-242-2-1,LIMA,LIMA,SANTIAGO DE SURCO,CONDUCTOR,FALLECIDO,,EN EL LUGAR DE LOS HECHOS,IDENTIFICADO,PERÚ,26,MASCULINO,,SIN LICENCIA,SIN LICENCIA,SI,NEGATIVO,NO,MOTOCICLETA,09/07/2021,2021,JULIO,VIERNES,22,CHOQUE FUGA,IMPRUDENCIA DEL CONDUCTOR,EXCESO DE VELOCIDAD,AVENIDA,NO CORRESPONDE,URBANO
A-2021-07-36,V-2021-07-36-1,P-2021-07-36-1-1,CALLAO,CALLAO,CALLAO,CONDUCTOR,ILESO,,,IDENTIFICADO,PERÚ,47,MASCULINO,SI,VENCIDA,A III B,NO,,SI,CAMIÓN,10/07/2021,2021,JULIO,SÁBADO,5,CHOQUE,IMPRUDENCIA DEL CONDUCTOR,GIRAR IMPRUDENTEMENTE,CARRETERA NACIONAL,PE-20,NACIONAL
A-2021-07-36,V-2021-07-36-2,P-2021-07-36-2-1,CALLAO,CALLAO,CALLAO,CONDUCTOR,FALLECIDO,,EN EL LUGAR DE LOS HECHOS,IDENTIFICADO,PERÚ,56,MASCULINO,,NO CORRESPONDE,NO CORRESPONDE,NO,,SI,BICICLETA,10/07/2021,2021,JULIO,SÁBADO,5,CHOQUE,IMPRUDENCIA DEL CONDUCTOR,GIRAR IMPRUDENTEMENTE,CARRETERA NACIONAL,PE-20,NACIONAL
A-2021-07-243,V-2021-07-243-1,P-2021-07-243-1-1,LIMA,LIMA,RIMAC,CONDUCTOR,FALLECIDO,,EN EL LUGAR DE LOS HECHOS,IDENTIFICADO,PERÚ,41,MASCULINO,,SIN LICENCIA,SIN LICENCIA,SI,NEGATIVO,NO,MOTOCICLETA,11/07/2021,2021,JULIO,DOMINGO,13,DESPISTE,IMPRUDENCIA DEL CONDUCTOR,EXCESO DE VELOCIDAD,AVENIDA,NO CORRESPONDE,URBANO
A-2021-07-43,V-2021-07-43-1,P-2021-07-43-1-1,CALLAO,CALLAO,CALLAO,CONDUCTOR,ILESO,,,IDENTIFICADO,PERÚ,47,MASCULINO,SI,VIGENTE,A III B,NO,,SI,CAMIONETA RURAL,11/07/2021,2021,JULIO,DOMINGO,20,ATROPELLO,IMPRUDENCIA DEL PEATÓN,ESTADO DE EBRIEDAD Y/O DROGADICCIÓN,CARRETERA NACIONAL,PE-20,NACIONAL
A-2021-07-43,V-2021-07-43-1,P-2021-07-43-1-2,CALLAO,CALLAO,CALLAO,PEATÓN,FALLECIDO,,EN EL LUGAR DE LOS HECHOS,IDENTIFICADO,PERÚ,52,MASCULINO,,NO CONDUCTOR,NO CONDUCTOR,NO,,SI,CAMIONETA RURAL,11/07/2021,2021,JULIO,DOMINGO,20,ATROPELLO,IMPRUDENCIA DEL PEATÓN,ESTADO DE EBRIEDAD Y/O DROGADICCIÓN,CARRETERA NACIONAL,PE-20,NACIONAL
A-2021-07-244,V-2021-07-244-1,P-2021-07-244-1-1,LIMA,LIMA,LIMA,CONDUCTOR,ILESO,,,IDENTIFICADO,PERÚ,26,MASCULINO,SI,VIGENTE,B,SI,NEGATIVO,NO,MOTOCICLETA,12/07/2021,2021,JULIO,LUNES,14,CHOQUE,IMPRUDENCIA DEL CONDUCTOR,EXCESO DE VELOCIDAD,AVENIDA,NO CORRESPONDE,URBANO
A-2021-07-244,V-2021-07-244-2,P-2021-07-244-2-1,LIMA,LIMA,LIMA,CONDUCTOR,ILESO,,,IDENTIFICADO,PERÚ,32,MASCULINO,SI,VENCIDA,B II C,SI,NEGATIVO,NO,TRIMOTO CARGA,12/07/2021,2021,JULIO,LUNES,14,CHOQUE,IMPRUDENCIA DEL CONDUCTOR,EXCESO DE VELOCIDAD,AVENIDA,NO CORRESPONDE,URBANO
A-2021-07-244,V-2021-07-244-3,P-2021-07-244-3-1,LIMA,LIMA,LIMA,CONDUCTOR,FALLECIDO,,EN EL LUGAR DE LOS HECHOS,IDENTIFICADO,PERÚ,54,MASCULINO,,NO CORRESPONDE,NO CORRESPONDE,SI,NEGATIVO,NO,BICICLETA,12/07/2021,2021,JULIO,LUNES,14,CHOQUE,IMPRUDENCIA DEL CONDUCTOR,EXCESO DE VELOCIDAD,AVENIDA,NO CORRESPONDE,URBANO
A-2021-07-245,V-2021-07-245-1,P-2021-07-245-1-1,LIMA,LIMA,ATE,CONDUCTOR,FALLECIDO,,EN EL LUGAR DE LOS HECHOS,IDENTIFICADO,PERÚ,,MASCULINO,,SIN DNI IDENTIFICADO,SIN DNI IDENTIFICADO,SI,NEGATIVO,NO,MINIBUS,12/07/2021,2021,JULIO,LUNES,19,ATROPELLO,IMPRUDENCIA DEL PEATÓN,USO DE DISPOSITIVOS MÓVILES Y/O ELECTRÓNICOS,AVENIDA,NO CORRESPONDE,URBANO
A-2021-07-245,V-2021-07-245-1,P-2021-07-245-1-3,LIMA,LIMA,ATE,PEATÓN,FALLECIDO,,EN EL LUGAR DE LOS HECHOS,NO IDENTIFICADO,PERÚ,,NO INDICA,,NO CONDUCTOR,NO CONDUCTOR,SI,NEGATIVO,NO,MINIBUS,12/07/2021,2021,JULIO,LUNES,19,ATROPELLO,IMPRUDENCIA DEL PEATÓN,USO DE DISPOSITIVOS MÓVILES Y/O ELECTRÓNICOS,AVENIDA,NO CORRESPONDE,URBANO
A-2021-07-246,V-2021-07-246-1,P-2021-07-246-1-1,LIMA,LIMA,LIMA,CONDUCTOR,ILESO,,,IDENTIFICADO,PERÚ,28,FEMENINO,,VIGENTE,A I,SI,NEGATIVO,NO,AUTOMÓVIL,13/07/2021,2021,JULIO,MARTES,7,ATROPELLO,IMPRUDENCIA DEL CONDUCTOR,EXCESO DE VELOCIDAD,AVENIDA,NO CORRESPONDE,URBANO
A-2021-07-246,V-2021-07-246-1,P-2021-07-246-1-2,LIMA,LIMA,LIMA,PEATÓN,FALLECIDO,,EN EL LUGAR DE LOS HECHOS,IDENTIFICADO,PERÚ,38,FEMENINO,,NO CONDUCTOR,NO CONDUCTOR,SI,NEGATIVO,NO,AUTOMÓVIL,13/07/2021,2021,JULIO,MARTES,7,ATROPELLO,IMPRUDENCIA DEL CONDUCTOR,EXCESO DE VELOCIDAD,AVENIDA,NO CORRESPONDE,URBANO
A-2021-07-247,V-2021-07-247-1,P-2021-07-247-1-1,LIMA,LIMA,SANTA ANITA,CONDUCTOR,ILESO,,,IDENTIFICADO,PERÚ,32,MASCULINO,,VIGENTE,A III C,SI,NEGATIVO,NO,REMOLCADOR,14/07/2021,2021,JULIO,MIÉRCOLES,18,ATROPELLO,IMPRUDENCIA DEL CONDUCTOR,NO DAR PASO PREFERENTE AL PEATÓN,AVENIDA,NO CORRESPONDE,URBANO
A-2021-07-247,V-2021-07-247-1,P-2021-07-247-1-2,LIMA,LIMA,SANTA ANITA,PEATÓN,FALLECIDO,,EN EL LUGAR DE LOS HECHOS,IDENTIFICADO,PERÚ,29,MASCULINO,,NO CONDUCTOR,NO CONDUCTOR,SI,NEGATIVO,NO,REMOLCADOR,14/07/2021,2021,JULIO,MIÉRCOLES,18,ATROPELLO,IMPRUDENCIA DEL CONDUCTOR,NO DAR PASO PREFERENTE AL PEATÓN,AVENIDA,NO CORRESPONDE,URBANO
A-2021-07-71,V-2021-07-71-1,P-2021-07-71-1-1,CALLAO,CALLAO,VENTANILLA,CONDUCTOR FUGADO,NO SE CONOCE,,,NO IDENTIFICADO,OTRO,,NO INDICA,,FUGADO,FUGADO,NO,,NO,VEHICULO NO IDENTIFICADO,14/07/2021,2021,JULIO,MIÉRCOLES,18,ATROPELLO FUGA,EN PROCESO DE INVESTIGACIÓN,NO CUENTA CON CAUSA ESPECIFICA,CARRETERA NACIONAL,PE-20,NACIONAL
A-2021-07-71,V-2021-07-71-1,P-2021-07-71-1-2,CALLAO,CALLAO,VENTANILLA,PEATÓN,FALLECIDO,,EN EL LUGAR DE LOS HECHOS,IDENTIFICADO,PERÚ,60,MASCULINO,,NO CONDUCTOR,NO CONDUCTOR,NO,,SI,VEHICULO NO IDENTIFICADO,14/07/2021,2021,JULIO,MIÉRCOLES,18,ATROPELLO FUGA,EN PROCESO DE INVESTIGACIÓN,NO CUENTA CON CAUSA ESPECIFICA,CARRETERA NACIONAL,PE-20,NACIONAL
A-2021-07-248,V-2021-07-248-1,P-2021-07-248-1-1,LIMA,LIMA,SAN MARTIN DE PORRES,CONDUCTOR,ILESO,,,IDENTIFICADO,PERÚ,44,MASCULINO,,CANCELADA,A III C,SI,NEGATIVO,NO,AUTOMÓVIL,15/07/2021,2021,JULIO,JUEVES,4,ATROPELLO,EN PROCESO DE INVESTIGACIÓN,NO CUENTA CON CAUSA ESPECIFICA,CARRETERA NACIONAL,PE-1N,NACIONAL
A-2021-07-248,V-2021-07-248-1,P-2021-07-248-1-2,LIMA,LIMA,SAN MARTIN DE PORRES,PEATÓN,FALLECIDO,,EN EL LUGAR DE LOS HECHOS,NO IDENTIFICADO,,,NO INDICA,,NO CONDUCTOR,NO CONDUCTOR,NO,,NO,AUTOMÓVIL,15/07/2021,2021,JULIO,JUEVES,4,ATROPELLO,EN PROCESO DE INVESTIGACIÓN,NO CUENTA CON CAUSA ESPECIFICA,CARRETERA NACIONAL,PE-1N,NACIONAL
A-2021-07-250,V-2021-07-250-1,P-2021-07-250-1-1,LIMA,LIMA,SAN MARTIN DE PORRES,CONDUCTOR,ILESO,,,IDENTIFICADO,PERÚ,37,MASCULINO,,VENCIDA,A III A,SI,NEGATIVO,NO,AUTOMÓVIL,16/07/2021,2021,JULIO,VIERNES,7,CHOQUE,IMPRUDENCIA DEL CONDUCTOR,EXCESO DE VELOCIDAD,AVENIDA,NO CORRESPONDE,URBANO
A-2021-07-250,V-2021-07-250-2,P-2021-07-250-2-1,LIMA,LIMA,SAN MARTIN DE PORRES,CONDUCTOR,FALLECIDO,,EN EL LUGAR DE LOS HECHOS,IDENTIFICADO,PERÚ,65,MASCULINO,,NO CORRESPONDE,A I,SI,NEGATIVO,NO,BICICLETA,16/07/2021,2021,JULIO,VIERNES,7,CHOQUE,IMPRUDENCIA DEL CONDUCTOR,EXCESO DE VELOCIDAD,AVENIDA,NO CORRESPONDE,URBANO
A-2021-07-96,V-2021-07-96-1,P-2021-07-96-1-1,CALLAO,CALLAO,CALLAO,PEATÓN,FALLECIDO,,EN EL LUGAR DE LOS HECHOS,IDENTIFICADO,PERÚ,29,MASCULINO,,NO CONDUCTOR,NO CONDUCTOR,NO,,SI,VEHICULO NO IDENTIFICADO,16/07/2021,2021,JULIO,VIERNES,18,ATROPELLO FUGA,EN PROCESO DE INVESTIGACIÓN,NO CUENTA CON CAUSA ESPECIFICA,CARRETERA NACIONAL,PE-20,NACIONAL
A-2021-07-96,V-2021-07-96-1,P-2021-07-96-1-2,CALLAO,CALLAO,CALLAO,CONDUCTOR FUGADO,NO SE CONOCE,,,NO IDENTIFICADO,OTRO,,NO INDICA,,FUGADO,FUGADO,NO,,NO,VEHICULO NO IDENTIFICADO,16/07/2021,2021,JULIO,VIERNES,18,ATROPELLO FUGA,EN PROCESO DE INVESTIGACIÓN,NO CUENTA CON CAUSA ESPECIFICA,CARRETERA NACIONAL,PE-20,NACIONAL
A-2021-07-253,V-2021-07-253-1,P-2021-07-253-1-1,LIMA,LIMA,VILLA EL SALVADOR,CONDUCTOR,ILESO,,,IDENTIFICADO,PERÚ,30,MASCULINO,,VIGENTE,A I,SI,NEGATIVO,NO,CAMIONETA PICK UP,17/07/2021,2021,JULIO,SÁBADO,1,DESPISTE,IMPRUDENCIA DEL CONDUCTOR,EXCESO DE VELOCIDAD,AVENIDA,NO CORRESPONDE,URBANO
A-2021-07-253,V-2021-07-253-1,P-2021-07-253-1-2,LIMA,LIMA,VILLA EL SALVADOR,PASAJERO,FALLECIDO,,EN EL LUGAR DE LOS HECHOS,IDENTIFICADO,PERÚ,29,MASCULINO,,NO CONDUCTOR,NO CONDUCTOR,SI,NEGATIVO,NO,CAMIONETA PICK UP,17/07/2021,2021,JULIO,SÁBADO,1,DESPISTE,IMPRUDENCIA DEL CONDUCTOR,EXCESO DE VELOCIDAD,AVENIDA,NO CORRESPONDE,URBANO
A-2021-07-253,V-2021-07-253-1,P-2021-07-253-1-3,LIMA,LIMA,VILLA EL SALVADOR,PASAJERO,LESIONADO,CENTRO DE SALUD PÚBLICO,,IDENTIFICADO,PERÚ,30,MASCULINO,,NO CONDUCTOR,NO CONDUCTOR,SI,NEGATIVO,NO,CAMIONETA PICK UP,17/07/2021,2021,JULIO,SÁBADO,1,DESPISTE,IMPRUDENCIA DEL CONDUCTOR,EXCESO DE VELOCIDAD,AVENIDA,NO CORRESPONDE,URBANO
A-2021-07-274,V-2021-07-274-1,P-2021-07-274-1-1,CALLAO,CALLAO,CALLAO,CONDUCTOR FUGADO,NO SE CONOCE,,,NO IDENTIFICADO,,,NO INDICA,,FUGADO,FUGADO,,,,VEHICULO NO IDENTIFICADO,17/07/2021,2021,JULIO,SÁBADO,19,ATROPELLO FUGA,IMPRUDENCIA DEL CONDUCTOR,CONDUCIR EN ESTADO DE EBRIEDAD Y/O DROGADICCIÓN,CARRETERA NACIONAL,PE-20,NACIONAL
A-2021-07-274,V-2021-07-274-1,P-2021-07-274-1-2,CALLAO,CALLAO,CALLAO,PEATÓN,FALLECIDO,,EN EL LUGAR DE LOS HECHOS,IDENTIFICADO,PERÚ,51,MASCULINO,,NO CONDUCTOR,NO CONDUCTOR,NO,,SI,VEHICULO NO IDENTIFICADO,17/07/2021,2021,JULIO,SÁBADO,19,ATROPELLO FUGA,IMPRUDENCIA DEL CONDUCTOR,CONDUCIR EN ESTADO DE EBRIEDAD Y/O DROGADICCIÓN,CARRETERA NACIONAL,PE-20,NACIONAL
A-2021-07-254,V-2021-07-254-1,P-2021-07-254-1-1,LIMA,LIMA,CARABAYLLO,CONDUCTOR,ILESO,,,IDENTIFICADO,PERÚ,72,MASCULINO,,SIN LICENCIA,SIN LICENCIA,SI,NEGATIVO,NO,AUTOMÓVIL,18/07/2021,2021,JULIO,DOMINGO,19,CHOQUE,IMPRUDENCIA DEL CONDUCTOR,EXCESO DE VELOCIDAD,AVENIDA,NO CORRESPONDE,URBANO
A-2021-07-254,V-2021-07-254-2,P-2021-07-254-2-1,LIMA,LIMA,CARABAYLLO,CONDUCTOR,FALLECIDO,,EN EL LUGAR DE LOS HECHOS,IDENTIFICADO,PERÚ,24,MASCULINO,,,A II B,SI,NEGATIVO,NO,MOTOCICLETA,18/07/2021,2021,JULIO,DOMINGO,19,CHOQUE,IMPRUDENCIA DEL CONDUCTOR,EXCESO DE VELOCIDAD,AVENIDA,NO CORRESPONDE,URBANO
A-2021-07-294,V-2021-07-294-1,P-2021-07-294-1-1,CALLAO,CALLAO,CALLAO,CONDUCTOR,ILESO,,,IDENTIFICADO,PERÚ,37,MASCULINO,SI,VIGENTE,A II B,NO,,SI,CAMIONETA RURAL,19/07/2021,2021,JULIO,LUNES,11,CAÍDA DE PASAJERO,IMPRUDENCIA DEL CONDUCTOR,FRENAR INTEMPESTIVAMENTE,CARRETERA NACIONAL,PE-20,NACIONAL
A-2021-07-294,V-2021-07-294-1,P-2021-07-294-1-2,CALLAO,CALLAO,CALLAO,PASAJERO,FALLECIDO,,EN EL CENTRO DE SALUD,IDENTIFICADO,PERÚ,61,FEMENINO,,NO CONDUCTOR,NO CONDUCTOR,NO,,SI,CAMIONETA RURAL,19/07/2021,2021,JULIO,LUNES,11,CAÍDA DE PASAJERO,IMPRUDENCIA DEL CONDUCTOR,FRENAR INTEMPESTIVAMENTE,CARRETERA NACIONAL,PE-20,NACIONAL
A-2021-07-255,V-2021-07-255-1,P-2021-07-255-1-1,LIMA,LIMA,INDEPENDENCIA,CONDUCTOR,ILESO,,,IDENTIFICADO,PERÚ,53,MASCULINO,,SIN LICENCIA,SIN LICENCIA,NO,,NO,CAMIONETA RURAL,21/07/2021,2021,JULIO,MIÉRCOLES,10,ATROPELLO,NEGLIGENCIA DEL CONDUCTOR,OTRO (NEGLIGENCIA DEL CONDUCTOR),AVENIDA,NO CORRESPONDE,URBANO
A-2021-07-255,V-2021-07-255-1,P-2021-07-255-1-2,LIMA,LIMA,INDEPENDENCIA,PEATÓN,FALLECIDO,,EN EL LUGAR DE LOS HECHOS,IDENTIFICADO,PERÚ,NO INDICA,FEMENINO,,NO CONDUCTOR,NO CONDUCTOR,SI,NEGATIVO,NO,CAMIONETA RURAL,21/07/2021,2021,JULIO,MIÉRCOLES,10,ATROPELLO,NEGLIGENCIA DEL CONDUCTOR,OTRO (NEGLIGENCIA DEL CONDUCTOR),AVENIDA,NO CORRESPONDE,URBANO
A-2021-07-256,V-2021-07-256-1,P-2021-07-256-1-1,LIMA,LIMA,SAN MARTIN DE PORRES,CONDUCTOR,ILESO,,,IDENTIFICADO,PERÚ,33,MASCULINO,,SIN LICENCIA,SIN LICENCIA,SI,NEGATIVO,NO,CAMIONETA RURAL,21/07/2021,2021,JULIO,MIÉRCOLES,13,CHOQUE,IMPRUDENCIA DEL CONDUCTOR,EXCESO DE VELOCIDAD,CARRETERA NACIONAL,PE-20B,NACIONAL
A-2021-07-256,V-2021-07-256-1,P-2021-07-256-1-2,LIMA,LIMA,SAN MARTIN DE PORRES,PEATÓN,FALLECIDO,,EN EL LUGAR DE LOS HECHOS,NO IDENTIFICADO,,,MASCULINO,,NO CONDUCTOR,NO CONDUCTOR,SI,NEGATIVO,NO,CAMIONETA RURAL,21/07/2021,2021,JULIO,MIÉRCOLES,13,CHOQUE,IMPRUDENCIA DEL CONDUCTOR,EXCESO DE VELOCIDAD,CARRETERA NACIONAL,PE-20B,NACIONAL
A-2021-07-256,V-2021-07-256-1,P-2021-07-256-1-3,LIMA,LIMA,SAN MARTIN DE PORRES,PEATÓN,FALLECIDO,,EN EL LUGAR DE LOS HECHOS,IDENTIFICADO,PERÚ,NO INDICA,MASCULINO,,NO CONDUCTOR,NO CONDUCTOR,SI,NEGATIVO,NO,CAMIONETA RURAL,21/07/2021,2021,JULIO,MIÉRCOLES,13,CHOQUE,IMPRUDENCIA DEL CONDUCTOR,EXCESO DE VELOCIDAD,CARRETERA NACIONAL,PE-20B,NACIONAL
A-2021-07-256,V-2021-07-256-2,P-2021-07-256-2-1,LIMA,LIMA,SAN MARTIN DE PORRES,CONDUCTOR,ILESO,,,IDENTIFICADO,PERÚ,38,MASCULINO,,VIGENTE,A I,SI,NEGATIVO,NO,AUTOMÓVIL,21/07/2021,2021,JULIO,MIÉRCOLES,13,CHOQUE,IMPRUDENCIA DEL CONDUCTOR,EXCESO DE VELOCIDAD,CARRETERA NACIONAL,PE-20B,NACIONAL
A-2021-07-275,V-2021-07-275-1,P-2021-07-275-1-1,CALLAO,CALLAO,CALLAO,CONDUCTOR,ILESO,,,IDENTIFICADO,PERÚ,36,MASCULINO,SI,VIGENTE,A II B,NO,,SI,AUTOMÓVIL,22/07/2021,2021,JULIO,JUEVES,4,ATROPELLO,IMPRUDENCIA DEL PEATÓN,CRUCE INDEBIDO POR LA CALZADA,CARRETERA NACIONAL,PE-20,NACIONAL
A-2021-07-275,V-2021-07-275-1,P-2021-07-275-1-2,CALLAO,CALLAO,CALLAO,PEATÓN,FALLECIDO,,EN EL LUGAR DE LOS HECHOS,IDENTIFICADO,PERÚ,51,FEMENINO,,NO CONDUCTOR,NO CONDUCTOR,NO,,SI,AUTOMÓVIL,22/07/2021,2021,JULIO,JUEVES,4,ATROPELLO,IMPRUDENCIA DEL PEATÓN,CRUCE INDEBIDO POR LA CALZADA,CARRETERA NACIONAL,PE-20,NACIONAL
A-2021-07-257,V-2021-07-257-1,P-2021-07-257-1-1,LIMA,LIMA,ATE,CONDUCTOR,ILESO,,,IDENTIFICADO,PERÚ,31,MASCULINO,,VIGENTE,A I,SI,NEGATIVO,NO,AUTOMÓVIL,22/07/2021,2021,JULIO,JUEVES,15,ATROPELLO,IMPRUDENCIA DEL CONDUCTOR,EXCESO DE VELOCIDAD,AVENIDA,NO CORRESPONDE,URBANO
A-2021-07-257,V-2021-07-257-1,P-2021-07-257-1-2,LIMA,LIMA,ATE,PEATÓN,FALLECIDO,,EN EL LUGAR DE LOS HECHOS,IDENTIFICADO,PERÚ,58,MASCULINO,,NO CONDUCTOR,NO CONDUCTOR,SI,NEGATIVO,NO,AUTOMÓVIL,22/07/2021,2021,JULIO,JUEVES,15,ATROPELLO,IMPRUDENCIA DEL CONDUCTOR,EXCESO DE VELOCIDAD,AVENIDA,NO CORRESPONDE,URBANO
A-2021-07-258,V-2021-07-258-1,P-2021-07-258-1-1,LIMA,LIMA,SAN JUAN DE MIRAFLORES,CONDUCTOR,ILESO,,,IDENTIFICADO,PERÚ,27,MASCULINO,,CANCELADA,A II B,SI,NEGATIVO,NO,ÓMNIBUS,24/07/2021,2021,JULIO,SÁBADO,7,DESPISTE,IMPRUDENCIA DEL CONDUCTOR,EXCESO DE VELOCIDAD,CARRETERA NACIONAL,PE-1S,NACIONAL
A-2021-07-258,V-2021-07-258-1,P-2021-07-258-1-2,LIMA,LIMA,SAN JUAN DE MIRAFLORES,PEATÓN,FALLECIDO,,EN EL LUGAR DE LOS HECHOS,IDENTIFICADO,PERÚ,NO INDICA,FEMENINO,,NO CONDUCTOR,NO CONDUCTOR,SI,NEGATIVO,NO,ÓMNIBUS,24/07/2021,2021,JULIO,SÁBADO,7,DESPISTE,IMPRUDENCIA DEL CONDUCTOR,EXCESO DE VELOCIDAD,CARRETERA NACIONAL,PE-1S,NACIONAL
A-2021-07-259,V-2021-07-259-1,P-2021-07-259-1-1,LIMA,LIMA,CARABAYLLO,CONDUCTOR,ILESO,,,IDENTIFICADO,PERÚ,35,MASCULINO,,SIN DNI IDENTIFICADO,SIN DNI IDENTIFICADO,SI,NEGATIVO,NO,CAMIONETA PICK UP,24/07/2021,2021,JULIO,SÁBADO,16,CHOQUE,IMPRUDENCIA DEL CONDUCTOR,EXCESO DE VELOCIDAD,CARRETERA NACIONAL,PE-20A,NACIONAL
A-2021-07-259,V-2021-07-259-2,P-2021-07-259-2-1,LIMA,LIMA,CARABAYLLO,CONDUCTOR,FALLECIDO,,EN EL LUGAR DE LOS HECHOS,IDENTIFICADO,PERÚ,49,MASCULINO,,SIN DNI IDENTIFICADO,SIN DNI IDENTIFICADO,SI,NEGATIVO,NO,MOTOCICLETA,24/07/2021,2021,JULIO,SÁBADO,16,CHOQUE,IMPRUDENCIA DEL CONDUCTOR,EXCESO DE VELOCIDAD,CARRETERA NACIONAL,PE-20A,NACIONAL
A-2021-07-259,V-2021-07-259-2,P-2021-07-259-2-2,LIMA,LIMA,CARABAYLLO,PASAJERO,LESIONADO,CENTRO DE SALUD PÚBLICO,,IDENTIFICADO,PERÚ,35,MASCULINO,,NO CONDUCTOR,NO CONDUCTOR,NO,NEGATIVO,NO,MOTOCICLETA,24/07/2021,2021,JULIO,SÁBADO,16,CHOQUE,IMPRUDENCIA DEL CONDUCTOR,EXCESO DE VELOCIDAD,CARRETERA NACIONAL,PE-20A,NACIONAL
A-2021-07-124,V-2021-07-124-1,P-2021-07-124-1-1,CALLAO,CALLAO,CALLAO,CONDUCTOR,ILESO,,,IDENTIFICADO,PERÚ,30,MASCULINO,SI,VIGENTE,A III C,NO,,SI,REMOLCADOR-SEMIREMOLQUE,24/07/2021,2021,JULIO,SÁBADO,21,ATROPELLO,IMPRUDENCIA DEL PEATÓN,ESTADO DE EBRIEDAD Y/O DROGADICCIÓN,AVENIDA,NO CORRESPONDE,URBANO
A-2021-07-124,V-2021-07-124-1,P-2021-07-124-1-2,CALLAO,CALLAO,CALLAO,PEATÓN,FALLECIDO,,EN EL LUGAR DE LOS HECHOS,IDENTIFICADO,PERÚ,28,MASCULINO,,NO CONDUCTOR,NO CONDUCTOR,NO,,SI,REMOLCADOR-SEMIREMOLQUE,24/07/2021,2021,JULIO,SÁBADO,21,ATROPELLO,IMPRUDENCIA DEL PEATÓN,ESTADO DE EBRIEDAD Y/O DROGADICCIÓN,AVENIDA,NO CORRESPONDE,URBANO
A-2021-07-260,V-2021-07-260-1,P-2021-07-260-1-1,LIMA,LIMA,LURIN,CONDUCTOR FUGADO,NO SE CONOCE,,,NO IDENTIFICADO,,,NO INDICA,,FUGADO,FUGADO,,,,VEHICULO NO IDENTIFICADO,26/07/2021,2021,JULIO,LUNES,5,ATROPELLO FUGA,IMPRUDENCIA DEL CONDUCTOR,EXCESO DE VELOCIDAD,CARRETERA NACIONAL,PE-1S,NACIONAL
A-2021-07-260,V-2021-07-260-1,P-2021-07-260-1-3,LIMA,LIMA,LURIN,PEATÓN,FALLECIDO,,EN EL LUGAR DE LOS HECHOS,NO IDENTIFICADO,PERÚ,,FEMENINO,,NO CONDUCTOR,NO CONDUCTOR,NO,,NO,VEHICULO NO IDENTIFICADO,26/07/2021,2021,JULIO,LUNES,5,ATROPELLO FUGA,IMPRUDENCIA DEL CONDUCTOR,EXCESO DE VELOCIDAD,CARRETERA NACIONAL,PE-1S,NACIONAL
A-2021-07-261,V-2021-07-261-1,P-2021-07-261-1-1,LIMA,LIMA,EL AGUSTINO,CONDUCTOR,ILESO,,,IDENTIFICADO,PERÚ,57,MASCULINO,,SIN DNI IDENTIFICADO,SIN DNI IDENTIFICADO,SI,NEGATIVO,NO,CAMIONETA RURAL,27/07/2021,2021,JULIO,MARTES,0,ATROPELLO,EN PROCESO DE INVESTIGACIÓN,NO CUENTA CON CAUSA ESPECIFICA,AVENIDA,NO CORRESPONDE,URBANO
A-2021-07-261,V-2021-07-261-1,P-2021-07-261-1-2,LIMA,LIMA,EL AGUSTINO,PEATÓN,FALLECIDO,,EN EL LUGAR DE LOS HECHOS,IDENTIFICADO,PERÚ,70,MASCULINO,,NO CONDUCTOR,NO CONDUCTOR,SI,NEGATIVO,NO,CAMIONETA RURAL,27/07/2021,2021,JULIO,MARTES,0,ATROPELLO,EN PROCESO DE INVESTIGACIÓN,NO CUENTA CON CAUSA ESPECIFICA,AVENIDA,NO CORRESPONDE,URBANO
A-2021-07-262,V-2021-07-262-1,P-2021-07-262-1-1,LIMA,LIMA,SANTIAGO DE SURCO,CONDUCTOR,ILESO,,,IDENTIFICADO,PERÚ,38,MASCULINO,,VIGENTE,B II C,SI,NEGATIVO,NO,CAMIÓN,28/07/2021,2021,JULIO,MIÉRCOLES,6,CHOQUE,IMPRUDENCIA DEL CONDUCTOR,EXCESO DE VELOCIDAD,CARRETERA NACIONAL,PE-1S,NACIONAL
A-2021-07-262,V-2021-07-262-2,P-2021-07-262-2-1,LIMA,LIMA,SANTIAGO DE SURCO,CONDUCTOR,FALLECIDO,,EN EL LUGAR DE LOS HECHOS,IDENTIFICADO,PERÚ,22,MASCULINO,,VIGENTE,B II C,SI,NEGATIVO,NO,MOTOCICLETA,28/07/2021,2021,JULIO,MIÉRCOLES,6,CHOQUE,IMPRUDENCIA DEL CONDUCTOR,EXCESO DE VELOCIDAD,CARRETERA NACIONAL,PE-1S,NACIONAL
A-2021-07-263,V-2021-07-263-1,P-2021-07-263-1-1,LIMA,LIMA,SAN MIGUEL,CONDUCTOR,ILESO,,,IDENTIFICADO,PERÚ,30,MASCULINO,SI,VIGENTE,A III A,NO,,NO,ÓMNIBUS,30/07/2021,2021,JULIO,VIERNES,20,CHOQUE,EN PROCESO DE INVESTIGACIÓN,NO CUENTA CON CAUSA ESPECIFICA,AVENIDA,NO CORRESPONDE,URBANO
A-2021-07-263,V-2021-07-263-2,P-2021-07-263-2-1,LIMA,LIMA,SAN MIGUEL,CONDUCTOR,LESIONADO,CENTRO DE SALUD PÚBLICO,,IDENTIFICADO,PERÚ,68,MASCULINO,SI,VIGENTE,A I,NO,,NO,CAMIÓN,30/07/2021,2021,JULIO,VIERNES,20,CHOQUE,EN PROCESO DE INVESTIGACIÓN,NO CUENTA CON CAUSA ESPECIFICA,AVENIDA,NO CORRESPONDE,URBANO
A-2021-07-263,V-2021-07-263-2,P-2021-07-263-2-2,LIMA,LIMA,SAN MIGUEL,PASAJERO,FALLECIDO,,,IDENTIFICADO,,38,FEMENINO,,NO CONDUCTOR,NO CONDUCTOR,,,,CAMIÓN,30/07/2021,2021,JULIO,VIERNES,20,CHOQUE,EN PROCESO DE INVESTIGACIÓN,NO CUENTA CON CAUSA ESPECIFICA,AVENIDA,NO CORRESPONDE,URBANO
A-2021-08-215,V-2021-08-215-1,P-2021-08-215-1-1,LIMA,LIMA,SAN MARTIN DE PORRES,CONDUCTOR,FALLECIDO,,EN EL LUGAR DE LOS HECHOS,IDENTIFICADO,VENEZUELA,26,MASCULINO,NO,SIN DNI IDENTIFICADO,SIN DNI IDENTIFICADO,NO,POSITIVO,NO,MOTOCICLETA,01/08/2021,2021,AGOSTO,DOMINGO,19,CHOQUE CON OBJETO FIJO,EN PROCESO DE INVESTIGACIÓN,NO CUENTA CON CAUSA ESPECIFICA,CARRETERA NACIONAL,PE-1N,NACIONAL
A-2021-08-220,V-2021-08-220-1,P-2021-08-220-1-1,LIMA,LIMA,SAN BARTOLO,CONDUCTOR,ILESO,,,IDENTIFICADO,PERÚ,27,MASCULINO,SI,RETENIDA,A III C,NO,,NO,SEMIREMOLQUE,02/08/2021,2021,AGOSTO,LUNES,19,DESPISTE,EN PROCESO DE INVESTIGACIÓN,NO CUENTA CON CAUSA ESPECIFICA,CARRETERA NACIONAL,PE-1S,NACIONAL
A-2021-08-220,V-2021-08-220-2,P-2021-08-220-2-1,LIMA,LIMA,SAN BARTOLO,CONDUCTOR,FALLECIDO,,EN EL LUGAR DE LOS HECHOS,IDENTIFICADO,PERÚ,,MASCULINO,NO,SIN DNI IDENTIFICADO,SIN DNI IDENTIFICADO,NO,,NO,AUTOMÓVIL,02/08/2021,2021,AGOSTO,LUNES,19,DESPISTE,EN PROCESO DE INVESTIGACIÓN,NO CUENTA CON CAUSA ESPECIFICA,CARRETERA NACIONAL,PE-1S,NACIONAL
A-2021-08-14,V-2021-08-14-1,P-2021-08-14-1-1,CALLAO,CALLAO,VENTANILLA,CONDUCTOR,ILESO,,,IDENTIFICADO,PERÚ,30,MASCULINO,SI,VIGENTE,A III A,NO,,SI,ÓMNIBUS,03/08/2021,2021,AGOSTO,MARTES,5,CHOQUE,NEGLIGENCIA DEL CONDUCTOR,OTRO (NEGLIGENCIA DEL CONDUCTOR),AVENIDA,NO CORRESPONDE,URBANO
A-2021-08-14,V-2021-08-14-2,P-2021-08-14-2-1,CALLAO,CALLAO,VENTANILLA,CONDUCTOR,LESIONADO,CENTRO DE SALUD PRIVADO,,IDENTIFICADO,PERÚ,60,MASCULINO,NO,VENCIDA,B II C,NO,,SI,TRIMOTO PASAJERO,03/08/2021,2021,AGOSTO,MARTES,5,CHOQUE,NEGLIGENCIA DEL CONDUCTOR,OTRO (NEGLIGENCIA DEL CONDUCTOR),AVENIDA,NO CORRESPONDE,URBANO
A-2021-08-14,V-2021-08-14-2,P-2021-08-14-2-2,CALLAO,CALLAO,VENTANILLA,PASAJERO,FALLECIDO,,EN EL CENTRO DE SALUD,IDENTIFICADO,PERÚ,77,MASCULINO,,NO CONDUCTOR,NO CONDUCTOR,NO,,SI,TRIMOTO PASAJERO,03/08/2021,2021,AGOSTO,MARTES,5,CHOQUE,NEGLIGENCIA DEL CONDUCTOR,OTRO (NEGLIGENCIA DEL CONDUCTOR),AVENIDA,NO CORRESPONDE,URBANO
A-2021-08-227,V-2021-08-227-1,P-2021-08-227-1-1,LIMA,LIMA,COMAS,CONDUCTOR,ILESO,,,IDENTIFICADO,PERÚ,,MASCULINO,NO,SIN LICENCIA,SIN LICENCIA,NO,,NO,MOTOCICLETA,03/08/2021,2021,AGOSTO,MARTES,15,ATROPELLO,EN PROCESO DE INVESTIGACIÓN,NO CUENTA CON CAUSA ESPECIFICA,AVENIDA,NO CORRESPONDE,URBANO
A-2021-08-227,V-2021-08-227-1,P-2021-08-227-1-2,LIMA,LIMA,COMAS,PEATÓN,FALLECIDO,,EN EL CENTRO DE SALUD,IDENTIFICADO,PERÚ,NO INDICA,MASCULINO,,NO CONDUCTOR,NO CONDUCTOR,NO,,NO,MOTOCICLETA,03/08/2021,2021,AGOSTO,MARTES,15,ATROPELLO,EN PROCESO DE INVESTIGACIÓN,NO CUENTA CON CAUSA ESPECIFICA,AVENIDA,NO CORRESPONDE,URBANO
A-2021-08-224,V-2021-08-224-1,P-2021-08-224-1-1,LIMA,LIMA,CARABAYLLO,CONDUCTOR,ILESO,,,IDENTIFICADO,PERÚ,47,MASCULINO,NO,VIGENTE,A II A,NO,,NO,AUTOMÓVIL,03/08/2021,2021,AGOSTO,MARTES,17,CHOQUE,EN PROCESO DE INVESTIGACIÓN,NO CUENTA CON CAUSA ESPECIFICA,AVENIDA,NO CORRESPONDE,URBANO
A-2021-08-224,V-2021-08-224-1,P-2021-08-224-1-2,LIMA,LIMA,CARABAYLLO,PASAJERO,LESIONADO,CENTRO DE SALUD PÚBLICO,,IDENTIFICADO,PERÚ,44,FEMENINO,,NO CONDUCTOR,NO CONDUCTOR,,,NO,AUTOMÓVIL,03/08/2021,2021,AGOSTO,MARTES,17,CHOQUE,EN PROCESO DE INVESTIGACIÓN,NO CUENTA CON CAUSA ESPECIFICA,AVENIDA,NO CORRESPONDE,URBANO
A-2021-08-224,V-2021-08-224-1,P-2021-08-224-1-3,LIMA,LIMA,CARABAYLLO,PASAJERO,FALLECIDO,,EN EL CENTRO DE SALUD,IDENTIFICADO,PERÚ,0,MASCULINO,,NO CONDUCTOR,NO CONDUCTOR,NO,,NO,AUTOMÓVIL,03/08/2021,2021,AGOSTO,MARTES,17,CHOQUE,EN PROCESO DE INVESTIGACIÓN,NO CUENTA CON CAUSA ESPECIFICA,AVENIDA,NO CORRESPONDE,URBANO
A-2021-08-224,V-2021-08-224-2,P-2021-08-224-2-1,LIMA,LIMA,CARABAYLLO,CONDUCTOR,ILESO,,,IDENTIFICADO,PERÚ,59,MASCULINO,NO,VIGENTE,A III C,NO,,NO,ÓMNIBUS,03/08/2021,2021,AGOSTO,MARTES,17,CHOQUE,EN PROCESO DE INVESTIGACIÓN,NO CUENTA CON CAUSA ESPECIFICA,AVENIDA,NO CORRESPONDE,URBANO
A-2021-08-225,V-2021-08-225-1,P-2021-08-225-1-1,LIMA,LIMA,CHORRILLOS,CONDUCTOR,ILESO,,,IDENTIFICADO,PERÚ,25,MASCULINO,NO,,A I,NO,,NO,TRIMOTO PASAJERO,04/08/2021,2021,AGOSTO,MIÉRCOLES,13,ATROPELLO FUGA,EN PROCESO DE INVESTIGACIÓN,NO CUENTA CON CAUSA ESPECIFICA,CALLE,NO CORRESPONDE,URBANO
A-2021-08-225,V-2021-08-225-1,P-2021-08-225-1-2,LIMA,LIMA,CHORRILLOS,PEATÓN,FALLECIDO,,EN EL CENTRO DE SALUD,IDENTIFICADO,PERÚ,77,MASCULINO,,NO CONDUCTOR,NO CONDUCTOR,NO,,NO,TRIMOTO PASAJERO,04/08/2021,2021,AGOSTO,MIÉRCOLES,13,ATROPELLO FUGA,EN PROCESO DE INVESTIGACIÓN,NO CUENTA CON CAUSA ESPECIFICA,CALLE,NO CORRESPONDE,URBANO
A-2021-08-228,V-2021-08-228-1,P-2021-08-228-1-1,LIMA,LIMA,SAN MARTIN DE PORRES,CONDUCTOR,LESIONADO,,,IDENTIFICADO,,,MASCULINO,,SIN DNI IDENTIFICADO,SIN DNI IDENTIFICADO,,,,MOTOCICLETA,05/08/2021,2021,AGOSTO,JUEVES,10,CHOQUE,EN PROCESO DE INVESTIGACIÓN,NO CUENTA CON CAUSA ESPECIFICA,AVENIDA,NO CORRESPONDE,URBANO
A-2021-08-228,V-2021-08-228-2,P-2021-08-228-2-1,LIMA,LIMA,SAN MARTIN DE PORRES,CONDUCTOR,FALLECIDO,,EN EL CENTRO DE SALUD,IDENTIFICADO,VENEZUELA,NO INDICA,MASCULINO,NO,NO CORRESPONDE,A II A,NO,,NO,BICICLETA,05/08/2021,2021,AGOSTO,JUEVES,10,CHOQUE,EN PROCESO DE INVESTIGACIÓN,NO CUENTA CON CAUSA ESPECIFICA,AVENIDA,NO CORRESPONDE,URBANO
A-2021-08-261,V-2021-08-261-1,P-2021-08-261-1-1,LIMA,LIMA,LA VICTORIA,CONDUCTOR,ILESO,,,IDENTIFICADO,PERÚ,31,MASCULINO,SI,VIGENTE,A III C,NO,,NO,REMOLCADOR,05/08/2021,2021,AGOSTO,JUEVES,10,ATROPELLO,EN PROCESO DE INVESTIGACIÓN,NO CUENTA CON CAUSA ESPECIFICA,AVENIDA,NO CORRESPONDE,URBANO
A-2021-08-261,V-2021-08-261-1,P-2021-08-261-1-2,LIMA,LIMA,LA VICTORIA,PEATÓN,FALLECIDO,,EN EL LUGAR DE LOS HECHOS,IDENTIFICADO,PERÚ,81,MASCULINO,,NO CONDUCTOR,NO CONDUCTOR,NO,,NO,REMOLCADOR,05/08/2021,2021,AGOSTO,JUEVES,10,ATROPELLO,EN PROCESO DE INVESTIGACIÓN,NO CUENTA CON CAUSA ESPECIFICA,AVENIDA,NO CORRESPONDE,URBANO
A-2021-08-229,V-2021-08-229-1,P-2021-08-229-1-1,LIMA,LIMA,LOS OLIVOS,CONDUCTOR FUGADO,NO SE CONOCE,,,NO IDENTIFICADO,,,NO INDICA,,FUGADO,FUGADO,,,,VEHICULO NO IDENTIFICADO,07/08/2021,2021,AGOSTO,SÁBADO,21,CHOQUE FUGA,EN PROCESO DE INVESTIGACIÓN,NO CUENTA CON CAUSA ESPECIFICA,CARRETERA NACIONAL,PE-1N,NACIONAL
A-2021-08-229,V-2021-08-229-2,P-2021-08-229-2-1,LIMA,LIMA,LOS OLIVOS,CONDUCTOR,FALLECIDO,,EN EL CENTRO DE SALUD,IDENTIFICADO,PERÚ,26,MASCULINO,NO,NO CORRESPONDE,SIN DNI IDENTIFICADO,NO,,NO,BICICLETA,07/08/2021,2021,AGOSTO,SÁBADO,21,CHOQUE FUGA,EN PROCESO DE INVESTIGACIÓN,NO CUENTA CON CAUSA ESPECIFICA,CARRETERA NACIONAL,PE-1N,NACIONAL
A-2021-08-230,V-2021-08-230-1,P-2021-08-230-1-1,LIMA,LIMA,SAN MARTIN DE PORRES,CONDUCTOR,ILESO,,,IDENTIFICADO,,37,MASCULINO,,VIGENTE,A I,,,,REMOLCADOR-SEMIREMOLQUE,10/08/2021,2021,AGOSTO,MARTES,6,ATROPELLO,EN PROCESO DE INVESTIGACIÓN,NO CUENTA CON CAUSA ESPECIFICA,AVENIDA,NO CORRESPONDE,URBANO
A-2021-08-230,V-2021-08-230-1,P-2021-08-230-1-2,LIMA,LIMA,SAN MARTIN DE PORRES,PEATÓN,FALLECIDO,,EN EL LUGAR DE LOS HECHOS,NO IDENTIFICADO,,,NO INDICA,,NO CONDUCTOR,NO CONDUCTOR,NO,,NO,REMOLCADOR-SEMIREMOLQUE,10/08/2021,2021,AGOSTO,MARTES,6,ATROPELLO,EN PROCESO DE INVESTIGACIÓN,NO CUENTA CON CAUSA ESPECIFICA,AVENIDA,NO CORRESPONDE,URBANO
A-2021-08-231,V-2021-08-231-1,P-2021-08-231-1-1,LIMA,LIMA,VILLA EL SALVADOR,CONDUCTOR,ILESO,,,IDENTIFICADO,PERÚ,29,MASCULINO,NO,VIGENTE,A I,SI,NEGATIVO,NO,CAMIÓN,10/08/2021,2021,AGOSTO,MARTES,7,ATROPELLO,EN PROCESO DE INVESTIGACIÓN,NO CUENTA CON CAUSA ESPECIFICA,AVENIDA,NO CORRESPONDE,URBANO
A-2021-08-231,V-2021-08-231-1,P-2021-08-231-1-2,LIMA,LIMA,VILLA EL SALVADOR,PEATÓN,FALLECIDO,,EN EL LUGAR DE LOS HECHOS,IDENTIFICADO,PERÚ,87,MASCULINO,,NO CONDUCTOR,NO CONDUCTOR,NO,,NO,CAMIÓN,10/08/2021,2021,AGOSTO,MARTES,7,ATROPELLO,EN PROCESO DE INVESTIGACIÓN,NO CUENTA CON CAUSA ESPECIFICA,AVENIDA,NO CORRESPONDE,URBANO
A-2021-08-232,V-2021-08-232-1,P-2021-08-232-1-1,LIMA,LIMA,CHORRILLOS,CONDUCTOR,ILESO,,,IDENTIFICADO,PERÚ,35,MASCULINO,NO,VIGENTE,A III C,NO,,NO,CAMIÓN,10/08/2021,2021,AGOSTO,MARTES,7,ATROPELLO,EN PROCESO DE INVESTIGACIÓN,NO CUENTA CON CAUSA ESPECIFICA,AVENIDA,NO CORRESPONDE,URBANO
A-2021-08-232,V-2021-08-232-1,P-2021-08-232-1-2,LIMA,LIMA,CHORRILLOS,PEATÓN,FALLECIDO,,EN EL CENTRO DE SALUD,IDENTIFICADO,PERÚ,64,MASCULINO,,NO CONDUCTOR,NO CONDUCTOR,NO,,NO,CAMIÓN,10/08/2021,2021,AGOSTO,MARTES,7,ATROPELLO,EN PROCESO DE INVESTIGACIÓN,NO CUENTA CON CAUSA ESPECIFICA,AVENIDA,NO CORRESPONDE,URBANO
A-2021-08-234,V-2021-08-234-1,P-2021-08-234-1-1,LIMA,LIMA,COMAS,CONDUCTOR,FALLECIDO,,EN EL LUGAR DE LOS HECHOS,IDENTIFICADO,PERÚ,,MASCULINO,,SIN LICENCIA,SIN LICENCIA,SI,NEGATIVO,NO,MOTOCICLETA,11/08/2021,2021,AGOSTO,MIÉRCOLES,9,CHOQUE,IMPRUDENCIA DEL CONDUCTOR,EXCESO DE VELOCIDAD,JIRÓN,NO CORRESPONDE,URBANO
A-2021-08-234,V-2021-08-234-2,P-2021-08-234-2-1,LIMA,LIMA,COMAS,CONDUCTOR,ILESO,,,IDENTIFICADO,PERÚ,,MASCULINO,,SIN DNI IDENTIFICADO,SIN DNI IDENTIFICADO,SI,NEGATIVO,NO,TRIMOTO CARGA,11/08/2021,2021,AGOSTO,MIÉRCOLES,9,CHOQUE,IMPRUDENCIA DEL CONDUCTOR,EXCESO DE VELOCIDAD,JIRÓN,NO CORRESPONDE,URBANO
A-2021-08-235,V-2021-08-235-1,P-2021-08-235-1-1,LIMA,LIMA,LOS OLIVOS,CONDUCTOR,ILESO,,,IDENTIFICADO,PERÚ,47,MASCULINO,NO,VIGENTE,A III C,NO,,NO,ÓMNIBUS,13/08/2021,2021,AGOSTO,VIERNES,9,ATROPELLO,EN PROCESO DE INVESTIGACIÓN,NO CUENTA CON CAUSA ESPECIFICA,AVENIDA,NO CORRESPONDE,URBANO
A-2021-08-235,V-2021-08-235-1,P-2021-08-235-1-2,LIMA,LIMA,LOS OLIVOS,PEATÓN,FALLECIDO,,EN EL CENTRO DE SALUD,IDENTIFICADO,PERÚ,79,MASCULINO,,NO CONDUCTOR,NO CONDUCTOR,NO,,NO,ÓMNIBUS,13/08/2021,2021,AGOSTO,VIERNES,9,ATROPELLO,EN PROCESO DE INVESTIGACIÓN,NO CUENTA CON CAUSA ESPECIFICA,AVENIDA,NO CORRESPONDE,URBANO
A-2021-08-236,V-2021-08-236-1,P-2021-08-236-1-1,LIMA,LIMA,VILLA EL SALVADOR,CONDUCTOR,ILESO,,,IDENTIFICADO,PERÚ,66,MASCULINO,NO,VIGENTE,A I,NO,,NO,OTRO,13/08/2021,2021,AGOSTO,VIERNES,16,ATROPELLO,EN PROCESO DE INVESTIGACIÓN,NO CUENTA CON CAUSA ESPECIFICA,OTRO,NO CORRESPONDE,URBANO
A-2021-08-236,V-2021-08-236-1,P-2021-08-236-1-2,LIMA,LIMA,VILLA EL SALVADOR,PEATÓN,FALLECIDO,,EN EL LUGAR DE LOS HECHOS,IDENTIFICADO,PERÚ,3,MASCULINO,,NO CONDUCTOR,NO CONDUCTOR,NO,,NO,OTRO,13/08/2021,2021,AGOSTO,VIERNES,16,ATROPELLO,EN PROCESO DE INVESTIGACIÓN,NO CUENTA CON CAUSA ESPECIFICA,OTRO,NO CORRESPONDE,URBANO
A-2021-08-237,V-2021-08-237-1,P-2021-08-237-1-1,LIMA,LIMA,COMAS,CONDUCTOR,ILESO,,,IDENTIFICADO,PERÚ,30,MASCULINO,NO,SIN DNI IDENTIFICADO,SIN DNI IDENTIFICADO,,,NO,CAMIÓN,14/08/2021,2021,AGOSTO,SÁBADO,15,ATROPELLO,EN PROCESO DE INVESTIGACIÓN,NO CUENTA CON CAUSA ESPECIFICA,AVENIDA,NO CORRESPONDE,URBANO
A-2021-08-237,V-2021-08-237-1,P-2021-08-237-1-2,LIMA,LIMA,COMAS,PEATÓN,FALLECIDO,,EN EL LUGAR DE LOS HECHOS,IDENTIFICADO,PERÚ,83,MASCULINO,,NO CONDUCTOR,NO CONDUCTOR,NO,,NO,CAMIÓN,14/08/2021,2021,AGOSTO,SÁBADO,15,ATROPELLO,EN PROCESO DE INVESTIGACIÓN,NO CUENTA CON CAUSA ESPECIFICA,AVENIDA,NO CORRESPONDE,URBANO
A-2021-08-238,V-2021-08-238-1,P-2021-08-238-1-1,LIMA,LIMA,VILLA EL SALVADOR,CONDUCTOR,ILESO,,,IDENTIFICADO,PERÚ,32,MASCULINO,NO,SIN DNI IDENTIFICADO,SIN DNI IDENTIFICADO,NO,,NO,CAMIÓN,16/08/2021,2021,AGOSTO,LUNES,9,ATROPELLO,EN PROCESO DE INVESTIGACIÓN,NO CUENTA CON CAUSA ESPECIFICA,AVENIDA,NO CORRESPONDE,URBANO
A-2021-08-238,V-2021-08-238-1,P-2021-08-238-1-2,LIMA,LIMA,VILLA EL SALVADOR,PEATÓN,FALLECIDO,,EN EL LUGAR DE LOS HECHOS,NO IDENTIFICADO,,,MASCULINO,,NO CONDUCTOR,NO CONDUCTOR,NO,,NO,CAMIÓN,16/08/2021,2021,AGOSTO,LUNES,9,ATROPELLO,EN PROCESO DE INVESTIGACIÓN,NO CUENTA CON CAUSA ESPECIFICA,AVENIDA,NO CORRESPONDE,URBANO
A-2021-08-332,V-2021-08-332-1,P-2021-08-332-1-1,LIMA,LIMA,LIMA,CONDUCTOR,FALLECIDO,,EN EL CENTRO DE SALUD,IDENTIFICADO,PERÚ,39,MASCULINO,,VIGENTE,A III A,NO,,SI,TRIMOTO PASAJERO,17/08/2021,2021,AGOSTO,MARTES,8,CHOQUE FUGA,IMPRUDENCIA DEL CONDUCTOR,EXCESO DE VELOCIDAD,AVENIDA,NO CORRESPONDE,URBANO
A-2021-08-332,V-2021-08-332-2,P-2021-08-332-2-1,LIMA,LIMA,LIMA,PASAJERO,LESIONADO,CENTRO DE SALUD PÚBLICO,,IDENTIFICADO,PERÚ,38,FEMENINO,,NO CONDUCTOR,NO CONDUCTOR,NO,,NO,CAMIONETA RURAL,17/08/2021,2021,AGOSTO,MARTES,8,CHOQUE FUGA,IMPRUDENCIA DEL CONDUCTOR,EXCESO DE VELOCIDAD,AVENIDA,NO CORRESPONDE,URBANO
A-2021-08-332,V-2021-08-332-2,P-2021-08-332-2-10,LIMA,LIMA,LIMA,PASAJERO,LESIONADO,CENTRO DE SALUD PÚBLICO,,IDENTIFICADO,PERÚ,32,FEMENINO,,NO CONDUCTOR,NO CONDUCTOR,NO,,NO,CAMIONETA RURAL,17/08/2021,2021,AGOSTO,MARTES,8,CHOQUE FUGA,IMPRUDENCIA DEL CONDUCTOR,EXCESO DE VELOCIDAD,AVENIDA,NO CORRESPONDE,URBANO
A-2021-08-332,V-2021-08-332-2,P-2021-08-332-2-11,LIMA,LIMA,LIMA,PASAJERO,LESIONADO,CENTRO DE SALUD PÚBLICO,,IDENTIFICADO,PERÚ,27,FEMENINO,,NO CONDUCTOR,NO CONDUCTOR,NO,,NO,CAMIONETA RURAL,17/08/2021,2021,AGOSTO,MARTES,8,CHOQUE FUGA,IMPRUDENCIA DEL CONDUCTOR,EXCESO DE VELOCIDAD,AVENIDA,NO CORRESPONDE,URBANO
A-2021-08-332,V-2021-08-332-2,P-2021-08-332-2-2,LIMA,LIMA,LIMA,PASAJERO,LESIONADO,CENTRO DE SALUD PÚBLICO,,IDENTIFICADO,PERÚ,59,FEMENINO,,NO CONDUCTOR,NO CONDUCTOR,NO,,NO,CAMIONETA RURAL,17/08/2021,2021,AGOSTO,MARTES,8,CHOQUE FUGA,IMPRUDENCIA DEL CONDUCTOR,EXCESO DE VELOCIDAD,AVENIDA,NO CORRESPONDE,URBANO
A-2021-08-332,V-2021-08-332-2,P-2021-08-332-2-3,LIMA,LIMA,LIMA,PASAJERO,LESIONADO,CENTRO DE SALUD PÚBLICO,,IDENTIFICADO,PERÚ,45,FEMENINO,,NO CONDUCTOR,NO CONDUCTOR,NO,,NO,CAMIONETA RURAL,17/08/2021,2021,AGOSTO,MARTES,8,CHOQUE FUGA,IMPRUDENCIA DEL CONDUCTOR,EXCESO DE VELOCIDAD,AVENIDA,NO CORRESPONDE,URBANO
A-2021-08-332,V-2021-08-332-2,P-2021-08-332-2-4,LIMA,LIMA,LIMA,CONDUCTOR,ILESO,,,IDENTIFICADO,PERÚ,42,MASCULINO,SI,VIGENTE,A II B,NO,,SI,CAMIONETA RURAL,17/08/2021,2021,AGOSTO,MARTES,8,CHOQUE FUGA,IMPRUDENCIA DEL CONDUCTOR,EXCESO DE VELOCIDAD,AVENIDA,NO CORRESPONDE,URBANO
A-2021-08-332,V-2021-08-332-2,P-2021-08-332-2-5,LIMA,LIMA,LIMA,PASAJERO,LESIONADO,CENTRO DE SALUD PÚBLICO,,IDENTIFICADO,PERÚ,26,MASCULINO,,NO CONDUCTOR,NO CONDUCTOR,NO,,NO,CAMIONETA RURAL,17/08/2021,2021,AGOSTO,MARTES,8,CHOQUE FUGA,IMPRUDENCIA DEL CONDUCTOR,EXCESO DE VELOCIDAD,AVENIDA,NO CORRESPONDE,URBANO
A-2021-08-332,V-2021-08-332-2,P-2021-08-332-2-6,LIMA,LIMA,LIMA,PASAJERO,LESIONADO,CENTRO DE SALUD PÚBLICO,,IDENTIFICADO,PERÚ,66,FEMENINO,,NO CONDUCTOR,NO CONDUCTOR,NO,,NO,CAMIONETA RURAL,17/08/2021,2021,AGOSTO,MARTES,8,CHOQUE FUGA,IMPRUDENCIA DEL CONDUCTOR,EXCESO DE VELOCIDAD,AVENIDA,NO CORRESPONDE,URBANO
A-2021-08-332,V-2021-08-332-2,P-2021-08-332-2-7,LIMA,LIMA,LIMA,PASAJERO,LESIONADO,CENTRO DE SALUD PÚBLICO,,IDENTIFICADO,PERÚ,46,FEMENINO,,NO CONDUCTOR,NO CONDUCTOR,NO,,NO,CAMIONETA RURAL,17/08/2021,2021,AGOSTO,MARTES,8,CHOQUE FUGA,IMPRUDENCIA DEL CONDUCTOR,EXCESO DE VELOCIDAD,AVENIDA,NO CORRESPONDE,URBANO
A-2021-08-332,V-2021-08-332-2,P-2021-08-332-2-8,LIMA,LIMA,LIMA,PASAJERO,LESIONADO,CENTRO DE SALUD PÚBLICO,,IDENTIFICADO,PERÚ,46,MASCULINO,,NO CONDUCTOR,NO CONDUCTOR,NO,,NO,CAMIONETA RURAL,17/08/2021,2021,AGOSTO,MARTES,8,CHOQUE FUGA,IMPRUDENCIA DEL CONDUCTOR,EXCESO DE VELOCIDAD,AVENIDA,NO CORRESPONDE,URBANO
A-2021-08-332,V-2021-08-332-2,P-2021-08-332-2-9,LIMA,LIMA,LIMA,PASAJERO,LESIONADO,CENTRO DE SALUD PÚBLICO,,IDENTIFICADO,PERÚ,60,FEMENINO,,NO CONDUCTOR,NO CONDUCTOR,NO,,NO,CAMIONETA RURAL,17/08/2021,2021,AGOSTO,MARTES,8,CHOQUE FUGA,IMPRUDENCIA DEL CONDUCTOR,EXCESO DE VELOCIDAD,AVENIDA,NO CORRESPONDE,URBANO
A-2021-08-239,V-2021-08-239-1,P-2021-08-239-1-1,LIMA,LIMA,BREÑA,CONDUCTOR,ILESO,,,IDENTIFICADO,PERÚ,40,MASCULINO,NO,VIGENTE,A III A,NO,,NO,ÓMNIBUS,18/08/2021,2021,AGOSTO,MIÉRCOLES,9,ATROPELLO,IMPRUDENCIA DEL PEATÓN,OTRO (IMPRUDENCIA DEL PEATÓN),AVENIDA,NO CORRESPONDE,URBANO
A-2021-08-239,V-2021-08-239-1,P-2021-08-239-1-2,LIMA,LIMA,BREÑA,PEATÓN,FALLECIDO,,EN EL LUGAR DE LOS HECHOS,IDENTIFICADO,PERÚ,NO INDICA,MASCULINO,,NO CONDUCTOR,NO CONDUCTOR,NO,,NO,ÓMNIBUS,18/08/2021,2021,AGOSTO,MIÉRCOLES,9,ATROPELLO,IMPRUDENCIA DEL PEATÓN,OTRO (IMPRUDENCIA DEL PEATÓN),AVENIDA,NO CORRESPONDE,URBANO
A-2021-08-240,V-2021-08-240-1,P-2021-08-240-1-1,LIMA,LIMA,ANCON,CONDUCTOR,ILESO,,,IDENTIFICADO,PERÚ,39,FEMENINO,NO,SUSPENDIDA,A II B,NO,,NO,AUTOMÓVIL,18/08/2021,2021,AGOSTO,MIÉRCOLES,19,ATROPELLO FUGA,EN PROCESO DE INVESTIGACIÓN,NO CUENTA CON CAUSA ESPECIFICA,CARRETERA NACIONAL,PE-1N,NACIONAL
A-2021-08-240,V-2021-08-240-1,P-2021-08-240-1-2,LIMA,LIMA,ANCON,PEATÓN,FALLECIDO,,EN EL LUGAR DE LOS HECHOS,IDENTIFICADO,PERÚ,67,MASCULINO,,NO CONDUCTOR,NO CONDUCTOR,NO,,NO,AUTOMÓVIL,18/08/2021,2021,AGOSTO,MIÉRCOLES,19,ATROPELLO FUGA,EN PROCESO DE INVESTIGACIÓN,NO CUENTA CON CAUSA ESPECIFICA,CARRETERA NACIONAL,PE-1N,NACIONAL
A-2021-08-242,V-2021-08-242-1,P-2021-08-242-1-1,LIMA,LIMA,ATE,CONDUCTOR,ILESO,,,IDENTIFICADO,,43,MASCULINO,,SIN LICENCIA,SIN LICENCIA,,,,OTRO,19/08/2021,2021,AGOSTO,JUEVES,13,ESPECIAL,EN PROCESO DE INVESTIGACIÓN,NO CUENTA CON CAUSA ESPECIFICA,CARRETERA NACIONAL,PE-22,NACIONAL
A-2021-08-242,V-2021-08-242-1,P-2021-08-242-1-2,LIMA,LIMA,ATE,PEATÓN,FALLECIDO,,EN EL LUGAR DE LOS HECHOS,IDENTIFICADO,PERÚ,29,FEMENINO,,NO CONDUCTOR,NO CONDUCTOR,NO,,NO,OTRO,19/08/2021,2021,AGOSTO,JUEVES,13,ESPECIAL,EN PROCESO DE INVESTIGACIÓN,NO CUENTA CON CAUSA ESPECIFICA,CARRETERA NACIONAL,PE-22,NACIONAL
A-2021-08-241,V-2021-08-241-1,P-2021-08-241-1-1,LIMA,LIMA,COMAS,PEATÓN,FALLECIDO,,EN EL CENTRO DE SALUD,IDENTIFICADO,PERÚ,77,MASCULINO,,NO CONDUCTOR,NO CONDUCTOR,NO,,NO,VEHICULO NO IDENTIFICADO,20/08/2021,2021,AGOSTO,VIERNES,21,ATROPELLO FUGA,EN PROCESO DE INVESTIGACIÓN,NO CUENTA CON CAUSA ESPECIFICA,AVENIDA,NO CORRESPONDE,URBANO
A-2021-08-243,V-2021-08-243-1,P-2021-08-243-1-1,LIMA,LIMA,CHORRILLOS,CONDUCTOR,ILESO,,,IDENTIFICADO,PERÚ,70,MASCULINO,NO,SIN DNI IDENTIFICADO,SIN DNI IDENTIFICADO,NO,,NO,ÓMNIBUS,21/08/2021,2021,AGOSTO,SÁBADO,23,ATROPELLO,EN PROCESO DE INVESTIGACIÓN,NO CUENTA CON CAUSA ESPECIFICA,AVENIDA,NO CORRESPONDE,URBANO
A-2021-08-243,V-2021-08-243-1,P-2021-08-243-1-2,LIMA,LIMA,CHORRILLOS,PEATÓN,FALLECIDO,,EN EL CENTRO DE SALUD,IDENTIFICADO,PERÚ,29,MASCULINO,,NO CONDUCTOR,NO CONDUCTOR,NO,,NO,ÓMNIBUS,21/08/2021,2021,AGOSTO,SÁBADO,23,ATROPELLO,EN PROCESO DE INVESTIGACIÓN,NO CUENTA CON CAUSA ESPECIFICA,AVENIDA,NO CORRESPONDE,URBANO
A-2021-08-244,V-2021-08-244-1,P-2021-08-244-1-1,LIMA,LIMA,SAN MARTIN DE PORRES,CONDUCTOR,ILESO,,,IDENTIFICADO,PERÚ,29,MASCULINO,NO,SIN DNI IDENTIFICADO,SIN DNI IDENTIFICADO,NO,,NO,MOTOCICLETA,22/08/2021,2021,AGOSTO,DOMINGO,4,VOLCADURA,EN PROCESO DE INVESTIGACIÓN,NO CUENTA CON CAUSA ESPECIFICA,AVENIDA,NO CORRESPONDE,URBANO
A-2021-08-244,V-2021-08-244-1,P-2021-08-244-1-2,LIMA,LIMA,SAN MARTIN DE PORRES,PASAJERO,FALLECIDO,,EN EL CENTRO DE SALUD,IDENTIFICADO,PERÚ,23,FEMENINO,,NO CONDUCTOR,NO CONDUCTOR,NO,,NO,MOTOCICLETA,22/08/2021,2021,AGOSTO,DOMINGO,4,VOLCADURA,EN PROCESO DE INVESTIGACIÓN,NO CUENTA CON CAUSA ESPECIFICA,AVENIDA,NO CORRESPONDE,URBANO
A-2021-08-245,V-2021-08-245-1,P-2021-08-245-1-1,LIMA,LIMA,SAN BARTOLO,CONDUCTOR,ILESO,,,IDENTIFICADO,PERÚ,39,MASCULINO,SI,SIN DNI IDENTIFICADO,SIN DNI IDENTIFICADO,NO,,NO,CAMIONETA RURAL,22/08/2021,2021,AGOSTO,DOMINGO,18,ATROPELLO,EN PROCESO DE INVESTIGACIÓN,NO CUENTA CON CAUSA ESPECIFICA,CARRETERA NACIONAL,PE-1S,NACIONAL
A-2021-08-245,V-2021-08-245-1,P-2021-08-245-1-2,LIMA,LIMA,SAN BARTOLO,PEATÓN,FALLECIDO,,EN EL LUGAR DE LOS HECHOS,NO IDENTIFICADO,,,NO INDICA,,NO CONDUCTOR,NO CONDUCTOR,NO,,NO,CAMIONETA RURAL,22/08/2021,2021,AGOSTO,DOMINGO,18,ATROPELLO,EN PROCESO DE INVESTIGACIÓN,NO CUENTA CON CAUSA ESPECIFICA,CARRETERA NACIONAL,PE-1S,NACIONAL
A-2021-08-247,V-2021-08-247-1,P-2021-08-247-1-1,LIMA,LIMA,SANTIAGO DE SURCO,CONDUCTOR,ILESO,,,IDENTIFICADO,PERÚ,38,MASCULINO,NO,VIGENTE,A III C,NO,,NO,REMOLCADOR-SEMIREMOLQUE,22/08/2021,2021,AGOSTO,DOMINGO,23,CHOQUE,EN PROCESO DE INVESTIGACIÓN,NO CUENTA CON CAUSA ESPECIFICA,CARRETERA NACIONAL,PE-1S,NACIONAL
A-2021-08-247,V-2021-08-247-2,P-2021-08-247-2-1,LIMA,LIMA,SANTIAGO DE SURCO,CONDUCTOR,ILESO,,,IDENTIFICADO,PERÚ,42,MASCULINO,NO,SIN LICENCIA,SIN LICENCIA,NO,,NO,CAMIÓN,22/08/2021,2021,AGOSTO,DOMINGO,23,CHOQUE,EN PROCESO DE INVESTIGACIÓN,NO CUENTA CON CAUSA ESPECIFICA,CARRETERA NACIONAL,PE-1S,NACIONAL
A-2021-08-247,V-2021-08-247-2,P-2021-08-247-2-2,LIMA,LIMA,SANTIAGO DE SURCO,PASAJERO,LESIONADO,CENTRO DE SALUD PRIVADO,,IDENTIFICADO,PERÚ,23,MASCULINO,,NO CONDUCTOR,NO CONDUCTOR,,,NO,CAMIÓN,22/08/2021,2021,AGOSTO,DOMINGO,23,CHOQUE,EN PROCESO DE INVESTIGACIÓN,NO CUENTA CON CAUSA ESPECIFICA,CARRETERA NACIONAL,PE-1S,NACIONAL
A-2021-08-247,V-2021-08-247-2,P-2021-08-247-2-3,LIMA,LIMA,SANTIAGO DE SURCO,PASAJERO,FALLECIDO,,EN EL CENTRO DE SALUD,NO IDENTIFICADO,PERÚ,,MASCULINO,,NO CONDUCTOR,NO CONDUCTOR,NO,,NO,CAMIÓN,22/08/2021,2021,AGOSTO,DOMINGO,23,CHOQUE,EN PROCESO DE INVESTIGACIÓN,NO CUENTA CON CAUSA ESPECIFICA,CARRETERA NACIONAL,PE-1S,NACIONAL
A-2021-08-249,V-2021-08-249-1,P-2021-08-249-1-1,LIMA,LIMA,SAN MARTIN DE PORRES,CONDUCTOR,ILESO,,,IDENTIFICADO,PERÚ,31,MASCULINO,,SIN LICENCIA,SIN LICENCIA,SI,NEGATIVO,NO,TRIMOTO PASAJERO,24/08/2021,2021,AGOSTO,MARTES,14,ATROPELLO,IMPRUDENCIA DEL CONDUCTOR,EXCESO DE VELOCIDAD,AVENIDA,NO CORRESPONDE,URBANO
A-2021-08-249,V-2021-08-249-1,P-2021-08-249-1-2,LIMA,LIMA,SAN MARTIN DE PORRES,PEATÓN,FALLECIDO,,EN EL LUGAR DE LOS HECHOS,IDENTIFICADO,PERÚ,80,MASCULINO,,NO CONDUCTOR,NO CONDUCTOR,SI,NEGATIVO,NO,TRIMOTO PASAJERO,24/08/2021,2021,AGOSTO,MARTES,14,ATROPELLO,IMPRUDENCIA DEL CONDUCTOR,EXCESO DE VELOCIDAD,AVENIDA,NO CORRESPONDE,URBANO
A-2021-08-290,V-2021-08-290-1,P-2021-08-290-1-1,CALLAO,CALLAO,CALLAO,CONDUCTOR FUGADO,NO SE CONOCE,,,NO IDENTIFICADO,PERÚ,,NO INDICA,,FUGADO,FUGADO,NO,,NO,VEHICULO NO IDENTIFICADO,24/08/2021,2021,AGOSTO,MARTES,19,ATROPELLO FUGA,IMPRUDENCIA DEL CONDUCTOR,EXCESO DE VELOCIDAD,CARRETERA NACIONAL,PE-20B,NACIONAL
A-2021-08-290,V-2021-08-290-1,P-2021-08-290-1-2,CALLAO,CALLAO,CALLAO,PEATÓN,FALLECIDO,,EN EL LUGAR DE LOS HECHOS,IDENTIFICADO,PERÚ,32,MASCULINO,,NO CONDUCTOR,NO CONDUCTOR,NO,,SI,VEHICULO NO IDENTIFICADO,24/08/2021,2021,AGOSTO,MARTES,19,ATROPELLO FUGA,IMPRUDENCIA DEL CONDUCTOR,EXCESO DE VELOCIDAD,CARRETERA NACIONAL,PE-20B,NACIONAL
A-2021-08-248,V-2021-08-248-1,P-2021-08-248-1-1,LIMA,LIMA,LURIN,CONDUCTOR,ILESO,,,IDENTIFICADO,PERÚ,69,MASCULINO,NO,VIGENTE,A III C,NO,,NO,REMOLCADOR-SEMIREMOLQUE,24/08/2021,2021,AGOSTO,MARTES,23,ATROPELLO,EN PROCESO DE INVESTIGACIÓN,NO CUENTA CON CAUSA ESPECIFICA,AVENIDA,NO CORRESPONDE,URBANO
A-2021-08-248,V-2021-08-248-1,P-2021-08-248-1-2,LIMA,LIMA,LURIN,PEATÓN,FALLECIDO,,EN EL CENTRO DE SALUD,NO IDENTIFICADO,,,MASCULINO,,NO CONDUCTOR,NO CONDUCTOR,,,NO,REMOLCADOR-SEMIREMOLQUE,24/08/2021,2021,AGOSTO,MARTES,23,ATROPELLO,EN PROCESO DE INVESTIGACIÓN,NO CUENTA CON CAUSA ESPECIFICA,AVENIDA,NO CORRESPONDE,URBANO
A-2021-08-248,V-2021-08-248-2,P-2021-08-248-2-1,LIMA,LIMA,LURIN,CONDUCTOR,ILESO,,,IDENTIFICADO,PERÚ,28,MASCULINO,NO,VIGENTE,A II B,NO,,NO,AUTOMÓVIL,24/08/2021,2021,AGOSTO,MARTES,23,ATROPELLO,EN PROCESO DE INVESTIGACIÓN,NO CUENTA CON CAUSA ESPECIFICA,AVENIDA,NO CORRESPONDE,URBANO
A-2021-08-250,V-2021-08-250-1,P-2021-08-250-1-1,LIMA,LIMA,EL AGUSTINO,CONDUCTOR,FALLECIDO,,EN EL CENTRO DE SALUD,IDENTIFICADO,PERÚ,23,MASCULINO,NO,SIN DNI IDENTIFICADO,SIN DNI IDENTIFICADO,NO,,NO,MOTOCICLETA,25/08/2021,2021,AGOSTO,MIÉRCOLES,12,CHOQUE,EN PROCESO DE INVESTIGACIÓN,NO CUENTA CON CAUSA ESPECIFICA,AVENIDA,NO CORRESPONDE,URBANO
A-2021-08-250,V-2021-08-250-2,P-2021-08-250-2-1,LIMA,LIMA,EL AGUSTINO,CONDUCTOR,ILESO,,,IDENTIFICADO,PERÚ,21,MASCULINO,NO,SIN DNI IDENTIFICADO,SIN DNI IDENTIFICADO,NO,,NO,MOTOCICLETA,25/08/2021,2021,AGOSTO,MIÉRCOLES,12,CHOQUE,EN PROCESO DE INVESTIGACIÓN,NO CUENTA CON CAUSA ESPECIFICA,AVENIDA,NO CORRESPONDE,URBANO
A-2021-08-251,V-2021-08-251-1,P-2021-08-251-1-1,LIMA,LIMA,ANCON,CONDUCTOR,ILESO,,,IDENTIFICADO,PERÚ,34,MASCULINO,NO,SIN DNI IDENTIFICADO,SIN DNI IDENTIFICADO,NO,,NO,CAMIONETA RURAL,25/08/2021,2021,AGOSTO,MIÉRCOLES,14,CHOQUE,EN PROCESO DE INVESTIGACIÓN,NO CUENTA CON CAUSA ESPECIFICA,CARRETERA NACIONAL,PE-1N,NACIONAL
A-2021-08-251,V-2021-08-251-2,P-2021-08-251-2-1,LIMA,LIMA,ANCON,CONDUCTOR,ILESO,,,IDENTIFICADO,PERÚ,46,MASCULINO,NO,SIN DNI IDENTIFICADO,SIN DNI IDENTIFICADO,NO,,NO,CAMIONETA RURAL,25/08/2021,2021,AGOSTO,MIÉRCOLES,14,CHOQUE,EN PROCESO DE INVESTIGACIÓN,NO CUENTA CON CAUSA ESPECIFICA,CARRETERA NACIONAL,PE-1N,NACIONAL
A-2021-08-251,V-2021-08-251-2,P-2021-08-251-2-2,LIMA,LIMA,ANCON,PASAJERO,FALLECIDO,,EN EL LUGAR DE LOS HECHOS,IDENTIFICADO,PERÚ,21,MASCULINO,,NO CONDUCTOR,NO CONDUCTOR,NO,,NO,CAMIONETA RURAL,25/08/2021,2021,AGOSTO,MIÉRCOLES,14,CHOQUE,EN PROCESO DE INVESTIGACIÓN,NO CUENTA CON CAUSA ESPECIFICA,CARRETERA NACIONAL,PE-1N,NACIONAL
A-2021-08-253,V-2021-08-253-1,P-2021-08-253-1-1,LIMA,LIMA,SAN ISIDRO,CONDUCTOR,ILESO,,,IDENTIFICADO,PERÚ,26,MASCULINO,NO,VIGENTE,A III C,,,NO,ÓMNIBUS,26/08/2021,2021,AGOSTO,JUEVES,19,CHOQUE,IMPRUDENCIA DEL CONDUCTOR,DESACATO DE SEÑAL DE TRÁNSITO,AVENIDA,NO CORRESPONDE,URBANO
A-2021-08-253,V-2021-08-253-2,P-2021-08-253-2-1,LIMA,LIMA,SAN ISIDRO,CONDUCTOR,FALLECIDO,,EN EL LUGAR DE LOS HECHOS,IDENTIFICADO,PERÚ,69,FEMENINO,NO,NO CORRESPONDE,NO CORRESPONDE,NO,,NO,BICICLETA,26/08/2021,2021,AGOSTO,JUEVES,19,CHOQUE,IMPRUDENCIA DEL CONDUCTOR,DESACATO DE SEÑAL DE TRÁNSITO,AVENIDA,NO CORRESPONDE,URBANO
A-2021-08-252,V-2021-08-252-1,P-2021-08-252-1-1,LIMA,LIMA,RIMAC,CONDUCTOR,FALLECIDO,,EN EL LUGAR DE LOS HECHOS,NO IDENTIFICADO,PERÚ,,MASCULINO,NO,SIN DNI IDENTIFICADO,SIN DNI IDENTIFICADO,NO,,NO,MOTOCICLETA,29/08/2021,2021,AGOSTO,DOMINGO,2,DESPISTE,EN PROCESO DE INVESTIGACIÓN,NO CUENTA CON CAUSA ESPECIFICA,AVENIDA,NO CORRESPONDE,URBANO
A-2021-08-254,V-2021-08-254-1,P-2021-08-254-1-1,LIMA,LIMA,SAN MIGUEL,CONDUCTOR,ILESO,,,IDENTIFICADO,PERÚ,45,MASCULINO,NO,VIGENTE,A I,NO,,NO,AUTOMÓVIL,29/08/2021,2021,AGOSTO,DOMINGO,14,CHOQUE,IMPRUDENCIA DEL CONDUCTOR,OTRO (IMPRUDENCIA DEL CONDUCTOR),AVENIDA,NO CORRESPONDE,URBANO
A-2021-08-254,V-2021-08-254-2,P-2021-08-254-2-1,LIMA,LIMA,SAN MIGUEL,CONDUCTOR,FALLECIDO,,EN EL CENTRO DE SALUD,IDENTIFICADO,VENEZUELA,28,MASCULINO,NO,SIN DNI IDENTIFICADO,SIN DNI IDENTIFICADO,NO,,NO,MOTOCICLETA,29/08/2021,2021,AGOSTO,DOMINGO,14,CHOQUE,IMPRUDENCIA DEL CONDUCTOR,OTRO (IMPRUDENCIA DEL CONDUCTOR),AVENIDA,NO CORRESPONDE,URBANO
A-2021-09-51,V-2021-09-51-1,P-2021-09-51-1-1,LIMA,LIMA,ANCON,CONDUCTOR,ILESO,,,IDENTIFICADO,PERÚ,31,MASCULINO,NO,VIGENTE,A II B,NO,,NO,CAMIONETA RURAL,01/09/2021,2021,SETIEMBRE,MIÉRCOLES,17,ATROPELLO,IMPRUDENCIA DEL PEATÓN,OTRO (IMPRUDENCIA DEL PEATÓN),AVENIDA,NO CORRESPONDE,URBANO
A-2021-09-51,V-2021-09-51-1,P-2021-09-51-1-2,LIMA,LIMA,ANCON,PEATÓN,FALLECIDO,,EN EL CENTRO DE SALUD,IDENTIFICADO,PERÚ,NO INDICA,MASCULINO,,NO CONDUCTOR,NO CONDUCTOR,NO,,NO,CAMIONETA RURAL,01/09/2021,2021,SETIEMBRE,MIÉRCOLES,17,ATROPELLO,IMPRUDENCIA DEL PEATÓN,OTRO (IMPRUDENCIA DEL PEATÓN),AVENIDA,NO CORRESPONDE,URBANO
A-2021-09-52,V-2021-09-52-1,P-2021-09-52-1-1,LIMA,LIMA,SAN JUAN DE MIRAFLORES,CONDUCTOR,ILESO,,,IDENTIFICADO,PERÚ,33,MASCULINO,,VIGENTE,A III C,NO,,NO,CAMIÓN,01/09/2021,2021,SETIEMBRE,MIÉRCOLES,17,ATROPELLO,IMPRUDENCIA DEL CONDUCTOR,DESACATO DE SEÑAL DE TRÁNSITO,AVENIDA,NO CORRESPONDE,URBANO
A-2021-09-52,V-2021-09-52-1,P-2021-09-52-1-2,LIMA,LIMA,SAN JUAN DE MIRAFLORES,PEATÓN,FALLECIDO,,EN EL LUGAR DE LOS HECHOS,IDENTIFICADO,PERÚ,90,MASCULINO,,NO CONDUCTOR,NO CONDUCTOR,NO,,NO,CAMIÓN,01/09/2021,2021,SETIEMBRE,MIÉRCOLES,17,ATROPELLO,IMPRUDENCIA DEL CONDUCTOR,DESACATO DE SEÑAL DE TRÁNSITO,AVENIDA,NO CORRESPONDE,URBANO
A-2021-09-53,V-2021-09-53-1,P-2021-09-53-1-1,LIMA,LIMA,VILLA EL SALVADOR,CONDUCTOR,ILESO,,,IDENTIFICADO,PERÚ,37,MASCULINO,SI,VIGENTE,A III A,NO,,NO,ÓMNIBUS,03/09/2021,2021,SETIEMBRE,VIERNES,13,ATROPELLO,IMPRUDENCIA DEL CONDUCTOR,OTRO (IMPRUDENCIA DEL CONDUCTOR),AVENIDA,NO CORRESPONDE,URBANO
A-2021-09-53,V-2021-09-53-1,P-2021-09-53-1-2,LIMA,LIMA,VILLA EL SALVADOR,PEATÓN,FALLECIDO,,EN EL LUGAR DE LOS HECHOS,NO IDENTIFICADO,PERÚ,,FEMENINO,,NO CONDUCTOR,NO CONDUCTOR,NO,,NO,ÓMNIBUS,03/09/2021,2021,SETIEMBRE,VIERNES,13,ATROPELLO,IMPRUDENCIA DEL CONDUCTOR,OTRO (IMPRUDENCIA DEL CONDUCTOR),AVENIDA,NO CORRESPONDE,URBANO
A-2021-09-54,V-2021-09-54-1,P-2021-09-54-1-1,LIMA,LIMA,EL AGUSTINO,CONDUCTOR,ILESO,,,IDENTIFICADO,PERÚ,61,MASCULINO,SI,VIGENTE,A III C,NO,,NO,REMOLCADOR-SEMIREMOLQUE,04/09/2021,2021,SETIEMBRE,SÁBADO,16,ATROPELLO,IMPRUDENCIA DEL PEATÓN,OTRO (IMPRUDENCIA DEL PEATÓN),AVENIDA,NO CORRESPONDE,URBANO
A-2021-09-54,V-2021-09-54-1,P-2021-09-54-1-2,LIMA,LIMA,EL AGUSTINO,PEATÓN,FALLECIDO,,EN EL LUGAR DE LOS HECHOS,IDENTIFICADO,PERÚ,27,MASCULINO,,NO CONDUCTOR,NO CONDUCTOR,NO,,NO,REMOLCADOR-SEMIREMOLQUE,04/09/2021,2021,SETIEMBRE,SÁBADO,16,ATROPELLO,IMPRUDENCIA DEL PEATÓN,OTRO (IMPRUDENCIA DEL PEATÓN),AVENIDA,NO CORRESPONDE,URBANO
A-2021-09-55,V-2021-09-55-1,P-2021-09-55-1-1,LIMA,LIMA,LOS OLIVOS,CONDUCTOR,ILESO,,,IDENTIFICADO,PERÚ,29,MASCULINO,SI,,A I,NO,,NO,MOTOCICLETA,05/09/2021,2021,SETIEMBRE,DOMINGO,6,ATROPELLO,IMPRUDENCIA DEL CONDUCTOR,CONDUCIR EN ESTADO DE EBRIEDAD Y/O DROGADICCIÓN,AVENIDA,NO CORRESPONDE,URBANO
A-2021-09-55,V-2021-09-55-1,P-2021-09-55-1-2,LIMA,LIMA,LOS OLIVOS,PEATÓN,FALLECIDO,,EN EL LUGAR DE LOS HECHOS,NO IDENTIFICADO,PERÚ,,MASCULINO,,NO CONDUCTOR,NO CONDUCTOR,NO,,NO,MOTOCICLETA,05/09/2021,2021,SETIEMBRE,DOMINGO,6,ATROPELLO,IMPRUDENCIA DEL CONDUCTOR,CONDUCIR EN ESTADO DE EBRIEDAD Y/O DROGADICCIÓN,AVENIDA,NO CORRESPONDE,URBANO
A-2021-09-114,V-2021-09-114-1,P-2021-09-114-1-1,LIMA,LIMA,EL AGUSTINO,CONDUCTOR,ILESO,,,IDENTIFICADO,PERÚ,,MASCULINO,,VIGENTE,B II C,NO,,NO,MOTOCICLETA,09/09/2021,2021,SETIEMBRE,JUEVES,8,ATROPELLO,IMPRUDENCIA DEL PEATÓN,CRUCE INDEBIDO POR LA CALZADA,AVENIDA,NO CORRESPONDE,URBANO
A-2021-09-114,V-2021-09-114-1,P-2021-09-114-1-2,LIMA,LIMA,EL AGUSTINO,PEATÓN,FALLECIDO,,EN EL CENTRO DE SALUD,IDENTIFICADO,PERÚ,68,FEMENINO,,NO CONDUCTOR,NO CONDUCTOR,NO,,NO,MOTOCICLETA,09/09/2021,2021,SETIEMBRE,JUEVES,8,ATROPELLO,IMPRUDENCIA DEL PEATÓN,CRUCE INDEBIDO POR LA CALZADA,AVENIDA,NO CORRESPONDE,URBANO
A-2021-09-118,V-2021-09-118-1,P-2021-09-118-1-1,LIMA,LIMA,CHACLACAYO,CONDUCTOR,ILESO,,,IDENTIFICADO,PERÚ,51,MASCULINO,NO,VIGENTE,A I,NO,,NO,OTRO,11/09/2021,2021,SETIEMBRE,SÁBADO,17,ESPECIAL,EN PROCESO DE INVESTIGACIÓN,NO CUENTA CON CAUSA ESPECIFICA,CARRETERA NACIONAL,PE-22,NACIONAL
A-2021-09-118,V-2021-09-118-1,P-2021-09-118-1-2,LIMA,LIMA,CHACLACAYO,PEATÓN,FALLECIDO,,EN EL LUGAR DE LOS HECHOS,IDENTIFICADO,PERÚ,41,FEMENINO,,NO CONDUCTOR,NO CONDUCTOR,NO,,NO,OTRO,11/09/2021,2021,SETIEMBRE,SÁBADO,17,ESPECIAL,EN PROCESO DE INVESTIGACIÓN,NO CUENTA CON CAUSA ESPECIFICA,CARRETERA NACIONAL,PE-22,NACIONAL
A-2021-09-119,V-2021-09-119-1,P-2021-09-119-1-1,LIMA,LIMA,VILLA EL SALVADOR,CONDUCTOR,ILESO,,,IDENTIFICADO,PERÚ,28,MASCULINO,NO,VIGENTE,A III B,NO,,NO,REMOLCADOR-SEMIREMOLQUE,12/09/2021,2021,SETIEMBRE,DOMINGO,19,CHOQUE,IMPRUDENCIA DEL CONDUCTOR,OTRO (IMPRUDENCIA DEL CONDUCTOR),AVENIDA,NO CORRESPONDE,URBANO
A-2021-09-119,V-2021-09-119-2,P-2021-09-119-2-1,LIMA,LIMA,VILLA EL SALVADOR,CONDUCTOR,FALLECIDO,,EN EL LUGAR DE LOS HECHOS,IDENTIFICADO,PERÚ,,MASCULINO,NO,SIN DNI IDENTIFICADO,SIN DNI IDENTIFICADO,NO,,NO,MOTOCICLETA,12/09/2021,2021,SETIEMBRE,DOMINGO,19,CHOQUE,IMPRUDENCIA DEL CONDUCTOR,OTRO (IMPRUDENCIA DEL CONDUCTOR),AVENIDA,NO CORRESPONDE,URBANO
A-2021-09-121,V-2021-09-121-1,P-2021-09-121-1-1,LIMA,LIMA,LOS OLIVOS,CONDUCTOR,FALLECIDO,,EN EL LUGAR DE LOS HECHOS,IDENTIFICADO,PERÚ,,MASCULINO,NO,SIN DNI IDENTIFICADO,SIN DNI IDENTIFICADO,,,NO,MOTOCICLETA,14/09/2021,2021,SETIEMBRE,MARTES,21,DESPISTE,EN PROCESO DE INVESTIGACIÓN,NO CUENTA CON CAUSA ESPECIFICA,CARRETERA NACIONAL,PE-1N,NACIONAL
A-2021-09-124,V-2021-09-124-1,P-2021-09-124-1-1,LIMA,LIMA,MIRAFLORES,CONDUCTOR,ILESO,,,IDENTIFICADO,PERÚ,30,MASCULINO,NO,VIGENTE,A III A,NO,,NO,ÓMNIBUS,15/09/2021,2021,SETIEMBRE,MIÉRCOLES,6,ATROPELLO,EN PROCESO DE INVESTIGACIÓN,NO CUENTA CON CAUSA ESPECIFICA,AVENIDA,NO CORRESPONDE,URBANO
A-2021-09-124,V-2021-09-124-1,P-2021-09-124-1-2,LIMA,LIMA,MIRAFLORES,PEATÓN,FALLECIDO,,EN EL LUGAR DE LOS HECHOS,IDENTIFICADO,PERÚ,30,MASCULINO,,NO CONDUCTOR,NO CONDUCTOR,NO,,NO,ÓMNIBUS,15/09/2021,2021,SETIEMBRE,MIÉRCOLES,6,ATROPELLO,EN PROCESO DE INVESTIGACIÓN,NO CUENTA CON CAUSA ESPECIFICA,AVENIDA,NO CORRESPONDE,URBANO
A-2021-09-126,V-2021-09-126-1,P-2021-09-126-1-1,LIMA,LIMA,VILLA EL SALVADOR,CONDUCTOR,ILESO,,,IDENTIFICADO,PERÚ,36,MASCULINO,,CANCELADA / CONDUCTOR INHABILITADO,A I,NO,,NO,AUTOMÓVIL,19/09/2021,2021,SETIEMBRE,DOMINGO,9,ATROPELLO,EN PROCESO DE INVESTIGACIÓN,NO CUENTA CON CAUSA ESPECIFICA,AVENIDA,NO CORRESPONDE,URBANO
A-2021-09-126,V-2021-09-126-1,P-2021-09-126-1-2,LIMA,LIMA,VILLA EL SALVADOR,PEATÓN,FALLECIDO,,EN EL LUGAR DE LOS HECHOS,IDENTIFICADO,PERÚ,29,FEMENINO,,NO CONDUCTOR,NO CONDUCTOR,NO,,NO,AUTOMÓVIL,19/09/2021,2021,SETIEMBRE,DOMINGO,9,ATROPELLO,EN PROCESO DE INVESTIGACIÓN,NO CUENTA CON CAUSA ESPECIFICA,AVENIDA,NO CORRESPONDE,URBANO
A-2021-09-127,V-2021-09-127-1,P-2021-09-127-1-1,LIMA,LIMA,RIMAC,CONDUCTOR,FALLECIDO,,EN EL LUGAR DE LOS HECHOS,IDENTIFICADO,PERÚ,26,MASCULINO,NO,SIN LICENCIA,SIN LICENCIA,NO,,NO,TRIMOTO PASAJERO,20/09/2021,2021,SETIEMBRE,LUNES,23,VOLCADURA,EN PROCESO DE INVESTIGACIÓN,NO CUENTA CON CAUSA ESPECIFICA,AVENIDA,NO CORRESPONDE,URBANO
A-2021-09-133,V-2021-09-133-1,P-2021-09-133-1-1,LIMA,LIMA,SAN JUAN DE MIRAFLORES,CONDUCTOR,FALLECIDO,,EN EL LUGAR DE LOS HECHOS,IDENTIFICADO,PERÚ,25,MASCULINO,NO,VIGENTE,B II C,NO,,NO,MOTOCICLETA,23/09/2021,2021,SETIEMBRE,JUEVES,12,CHOQUE CON OBJETO FIJO,IMPRUDENCIA DEL CONDUCTOR,EXCESO DE VELOCIDAD,CARRETERA NACIONAL,PE-1S,NACIONAL
A-2021-09-135,V-2021-09-135-1,P-2021-09-135-1-1,LIMA,LIMA,VILLA EL SALVADOR,CONDUCTOR,ILESO,,,IDENTIFICADO,PERÚ,50,MASCULINO,NO,VIGENTE,A II B,NO,,NO,CAMIONETA PANEL,24/09/2021,2021,SETIEMBRE,VIERNES,12,CHOQUE,EN PROCESO DE INVESTIGACIÓN,NO CUENTA CON CAUSA ESPECIFICA,AVENIDA,NO CORRESPONDE,URBANO
A-2021-09-135,V-2021-09-135-2,P-2021-09-135-2-1,LIMA,LIMA,VILLA EL SALVADOR,CONDUCTOR,FALLECIDO,,EN EL CENTRO DE SALUD,IDENTIFICADO,PERÚ,22,MASCULINO,NO,VIGENTE,B II C,NO,,NO,TRIMOTO PASAJERO,24/09/2021,2021,SETIEMBRE,VIERNES,12,CHOQUE,EN PROCESO DE INVESTIGACIÓN,NO CUENTA CON CAUSA ESPECIFICA,AVENIDA,NO CORRESPONDE,URBANO
A-2021-09-154,V-2021-09-154-1,P-2021-09-154-1-1,LIMA,LIMA,LIMA,CONDUCTOR,FALLECIDO,,EN EL LUGAR DE LOS HECHOS,IDENTIFICADO,PERÚ,,MASCULINO,NO,SIN DNI IDENTIFICADO,SIN DNI IDENTIFICADO,NO,,NO,MOTOCICLETA,25/09/2021,2021,SETIEMBRE,SÁBADO,6,DESPISTE,EN PROCESO DE INVESTIGACIÓN,NO CUENTA CON CAUSA ESPECIFICA,AVENIDA,NO CORRESPONDE,URBANO
A-2021-09-156,V-2021-09-156-1,P-2021-09-156-1-1,LIMA,LIMA,LURIN,CONDUCTOR,ILESO,,,IDENTIFICADO,PERÚ,32,MASCULINO,NO,VIGENTE,A III C,NO,,NO,REMOLCADOR,27/09/2021,2021,SETIEMBRE,LUNES,18,ATROPELLO,EN PROCESO DE INVESTIGACIÓN,NO CUENTA CON CAUSA ESPECIFICA,AVENIDA,NO CORRESPONDE,URBANO
A-2021-09-156,V-2021-09-156-1,P-2021-09-156-1-2,LIMA,LIMA,LURIN,PEATÓN,FALLECIDO,,EN EL LUGAR DE LOS HECHOS,IDENTIFICADO,PERÚ,0,MASCULINO,,NO CONDUCTOR,NO CONDUCTOR,NO,,NO,REMOLCADOR,27/09/2021,2021,SETIEMBRE,LUNES,18,ATROPELLO,EN PROCESO DE INVESTIGACIÓN,NO CUENTA CON CAUSA ESPECIFICA,AVENIDA,NO CORRESPONDE,URBANO
A-2021-09-155,V-2021-09-155-1,P-2021-09-155-1-1,LIMA,LIMA,BREÑA,CONDUCTOR,ILESO,,,IDENTIFICADO,PERÚ,60,MASCULINO,NO,VIGENTE,A III C,NO,,NO,AUTOMÓVIL,27/09/2021,2021,SETIEMBRE,LUNES,20,ATROPELLO,EN PROCESO DE INVESTIGACIÓN,NO CUENTA CON CAUSA ESPECIFICA,AVENIDA,NO CORRESPONDE,URBANO
A-2021-09-155,V-2021-09-155-1,P-2021-09-155-1-2,LIMA,LIMA,BREÑA,PEATÓN,FALLECIDO,,EN EL LUGAR DE LOS HECHOS,IDENTIFICADO,PERÚ,68,FEMENINO,,NO CONDUCTOR,NO CONDUCTOR,NO,,NO,AUTOMÓVIL,27/09/2021,2021,SETIEMBRE,LUNES,20,ATROPELLO,EN PROCESO DE INVESTIGACIÓN,NO CUENTA CON CAUSA ESPECIFICA,AVENIDA,NO CORRESPONDE,URBANO
A-2021-09-222,V-2021-09-222-1,P-2021-09-222-1-1,LIMA,LIMA,SAN JUAN DE LURIGANCHO,CONDUCTOR,ILESO,,,IDENTIFICADO,PERÚ,,MASCULINO,NO,SIN DNI IDENTIFICADO,SIN DNI IDENTIFICADO,NO,,NO,ÓMNIBUS,29/09/2021,2021,SETIEMBRE,MIÉRCOLES,9,ATROPELLO,IMPRUDENCIA DEL CONDUCTOR,OTRO (IMPRUDENCIA DEL CONDUCTOR),AVENIDA,NO CORRESPONDE,URBANO
A-2021-09-222,V-2021-09-222-1,P-2021-09-222-1-2,LIMA,LIMA,SAN JUAN DE LURIGANCHO,PEATÓN,FALLECIDO,,EN EL CENTRO DE SALUD,IDENTIFICADO,PERÚ,69,MASCULINO,,NO CONDUCTOR,NO CONDUCTOR,NO,,NO,ÓMNIBUS,29/09/2021,2021,SETIEMBRE,MIÉRCOLES,9,ATROPELLO,IMPRUDENCIA DEL CONDUCTOR,OTRO (IMPRUDENCIA DEL CONDUCTOR),AVENIDA,NO CORRESPONDE,URBANO
A-2021-09-224,V-2021-09-224-1,P-2021-09-224-1-1,LIMA,LIMA,LIMA,CONDUCTOR,ILESO,,,IDENTIFICADO,PERÚ,41,MASCULINO,NO,VIGENTE,A III A,NO,,NO,MINIBUS,29/09/2021,2021,SETIEMBRE,MIÉRCOLES,12,ATROPELLO,EN PROCESO DE INVESTIGACIÓN,NO CUENTA CON CAUSA ESPECIFICA,AVENIDA,NO CORRESPONDE,URBANO
A-2021-09-224,V-2021-09-224-1,P-2021-09-224-1-2,LIMA,LIMA,LIMA,PEATÓN,FALLECIDO,,EN EL LUGAR DE LOS HECHOS,IDENTIFICADO,PERÚ,58,FEMENINO,,NO CONDUCTOR,NO CONDUCTOR,NO,,NO,MINIBUS,29/09/2021,2021,SETIEMBRE,MIÉRCOLES,12,ATROPELLO,EN PROCESO DE INVESTIGACIÓN,NO CUENTA CON CAUSA ESPECIFICA,AVENIDA,NO CORRESPONDE,URBANO
A-2021-09-223,V-2021-09-223-1,P-2021-09-223-1-1,LIMA,LIMA,LURIN,CONDUCTOR,ILESO,,,IDENTIFICADO,PERÚ,34,MASCULINO,NO,VIGENTE,A III C,NO,,,REMOLCADOR-SEMIREMOLQUE,29/09/2021,2021,SETIEMBRE,MIÉRCOLES,20,CHOQUE,EN PROCESO DE INVESTIGACIÓN,NO CUENTA CON CAUSA ESPECIFICA,AVENIDA,NO CORRESPONDE,URBANO
A-2021-09-223,V-2021-09-223-2,P-2021-09-223-2-1,LIMA,LIMA,LURIN,CONDUCTOR,FALLECIDO,,EN EL LUGAR DE LOS HECHOS,IDENTIFICADO,PERÚ,47,MASCULINO,NO,SIN LICENCIA,SIN LICENCIA,NO,,NO,REMOLCADOR,29/09/2021,2021,SETIEMBRE,MIÉRCOLES,20,CHOQUE,EN PROCESO DE INVESTIGACIÓN,NO CUENTA CON CAUSA ESPECIFICA,AVENIDA,NO CORRESPONDE,URBANO
A-2021-09-226,V-2021-09-226-1,P-2021-09-226-1-1,LIMA,LIMA,COMAS,CONDUCTOR,FALLECIDO,,EN EL LUGAR DE LOS HECHOS,IDENTIFICADO,PERÚ,,MASCULINO,NO,SIN DNI IDENTIFICADO,SIN DNI IDENTIFICADO,NO,,NO,AUTOMÓVIL,30/09/2021,2021,SETIEMBRE,JUEVES,0,CHOQUE CON OBJETO FIJO,EN PROCESO DE INVESTIGACIÓN,NO CUENTA CON CAUSA ESPECIFICA,AVENIDA,NO CORRESPONDE,URBANO
A-2021-09-226,V-2021-09-226-1,P-2021-09-226-1-2,LIMA,LIMA,COMAS,PASAJERO,LESIONADO,CENTRO DE SALUD PÚBLICO,,IDENTIFICADO,PERÚ,34,MASCULINO,,NO CONDUCTOR,NO CONDUCTOR,NO,,NO,AUTOMÓVIL,30/09/2021,2021,SETIEMBRE,JUEVES,0,CHOQUE CON OBJETO FIJO,EN PROCESO DE INVESTIGACIÓN,NO CUENTA CON CAUSA ESPECIFICA,AVENIDA,NO CORRESPONDE,URBANO
A-2021-10-40,V-2021-10-40-1,P-2021-10-40-1-1,LIMA,LIMA,SAN JUAN DE LURIGANCHO,PEATÓN,FALLECIDO,,EN EL LUGAR DE LOS HECHOS,IDENTIFICADO,PERÚ,65,FEMENINO,,NO CONDUCTOR,NO CONDUCTOR,NO,,NO,VEHICULO NO IDENTIFICADO,01/10/2021,2021,OCTUBRE,VIERNES,19,ATROPELLO FUGA,EN PROCESO DE INVESTIGACIÓN,NO CUENTA CON CAUSA ESPECIFICA,AVENIDA,NO CORRESPONDE,URBANO
A-2021-10-41,V-2021-10-41-1,P-2021-10-41-1-1,LIMA,LIMA,SAN MARTIN DE PORRES,CONDUCTOR,FALLECIDO,,EN EL LUGAR DE LOS HECHOS,IDENTIFICADO,PERÚ,,MASCULINO,NO,SIN DNI IDENTIFICADO,SIN DNI IDENTIFICADO,NO,,NO,MOTOCICLETA,03/10/2021,2021,OCTUBRE,DOMINGO,12,DESPISTE,EN PROCESO DE INVESTIGACIÓN,NO CUENTA CON CAUSA ESPECIFICA,AVENIDA,NO CORRESPONDE,URBANO
A-2021-10-41,V-2021-10-41-1,P-2021-10-41-1-2,LIMA,LIMA,SAN MARTIN DE PORRES,PASAJERO,LESIONADO,CENTRO DE SALUD PÚBLICO,,IDENTIFICADO,PERÚ,23,FEMENINO,,NO CONDUCTOR,NO CONDUCTOR,NO,,NO,MOTOCICLETA,03/10/2021,2021,OCTUBRE,DOMINGO,12,DESPISTE,EN PROCESO DE INVESTIGACIÓN,NO CUENTA CON CAUSA ESPECIFICA,AVENIDA,NO CORRESPONDE,URBANO
A-2021-10-42,V-2021-10-42-1,P-2021-10-42-1-1,LIMA,LIMA,INDEPENDENCIA,CONDUCTOR,ILESO,,,IDENTIFICADO,PERÚ,,MASCULINO,NO,SIN DNI IDENTIFICADO,SIN DNI IDENTIFICADO,NO,,NO,MOTOCICLETA,05/10/2021,2021,OCTUBRE,MARTES,14,ATROPELLO,EN PROCESO DE INVESTIGACIÓN,NO CUENTA CON CAUSA ESPECIFICA,AVENIDA,NO CORRESPONDE,URBANO
A-2021-10-42,V-2021-10-42-1,P-2021-10-42-1-2,LIMA,LIMA,INDEPENDENCIA,PEATÓN,FALLECIDO,,EN EL LUGAR DE LOS HECHOS,IDENTIFICADO,PERÚ,0,MASCULINO,,NO CONDUCTOR,NO CONDUCTOR,NO,,NO,MOTOCICLETA,05/10/2021,2021,OCTUBRE,MARTES,14,ATROPELLO,EN PROCESO DE INVESTIGACIÓN,NO CUENTA CON CAUSA ESPECIFICA,AVENIDA,NO CORRESPONDE,URBANO
A-2021-10-43,V-2021-10-43-1,P-2021-10-43-1-1,LIMA,LIMA,SANTIAGO DE SURCO,CONDUCTOR,ILESO,,,IDENTIFICADO,PERÚ,47,MASCULINO,NO,VIGENTE,A III C,NO,,NO,REMOLCADOR,06/10/2021,2021,OCTUBRE,MIÉRCOLES,17,ATROPELLO,EN PROCESO DE INVESTIGACIÓN,NO CUENTA CON CAUSA ESPECIFICA,CARRETERA NACIONAL,PE-1S,NACIONAL
A-2021-10-43,V-2021-10-43-1,P-2021-10-43-1-2,LIMA,LIMA,SANTIAGO DE SURCO,PEATÓN,FALLECIDO,,EN EL LUGAR DE LOS HECHOS,IDENTIFICADO,PERÚ,49,MASCULINO,,NO CONDUCTOR,NO CONDUCTOR,NO,,NO,REMOLCADOR,06/10/2021,2021,OCTUBRE,MIÉRCOLES,17,ATROPELLO,EN PROCESO DE INVESTIGACIÓN,NO CUENTA CON CAUSA ESPECIFICA,CARRETERA NACIONAL,PE-1S,NACIONAL
A-2021-10-49,V-2021-10-49-1,P-2021-10-49-1-1,LIMA,LIMA,BARRANCO,CONDUCTOR,FALLECIDO,,EN EL LUGAR DE LOS HECHOS,IDENTIFICADO,PERÚ,,MASCULINO,NO,SIN DNI IDENTIFICADO,SIN DNI IDENTIFICADO,NO,,NO,AUTOMÓVIL,07/10/2021,2021,OCTUBRE,JUEVES,16,CHOQUE CON OBJETO FIJO,EN PROCESO DE INVESTIGACIÓN,NO CUENTA CON CAUSA ESPECIFICA,AVENIDA,NO CORRESPONDE,URBANO
A-2021-10-50,V-2021-10-50-1,P-2021-10-50-1-1,LIMA,LIMA,VILLA EL SALVADOR,CONDUCTOR,FALLECIDO,,EN EL CENTRO DE SALUD,IDENTIFICADO,PERÚ,34,MASCULINO,NO,SIN LICENCIA,SIN LICENCIA,NO,,NO,MOTOCICLETA,07/10/2021,2021,OCTUBRE,JUEVES,19,VOLCADURA,EN PROCESO DE INVESTIGACIÓN,NO CUENTA CON CAUSA ESPECIFICA,AVENIDA,NO CORRESPONDE,URBANO
A-2021-10-51,V-2021-10-51-1,P-2021-10-51-1-1,LIMA,LIMA,SANTIAGO DE SURCO,CONDUCTOR,FALLECIDO,,EN EL CENTRO DE SALUD,IDENTIFICADO,PERÚ,46,FEMENINO,,SIN LICENCIA,SIN LICENCIA,NO,,NO,MOTOCICLETA,07/10/2021,2021,OCTUBRE,JUEVES,19,CHOQUE CON OBJETO FIJO,EN PROCESO DE INVESTIGACIÓN,NO CUENTA CON CAUSA ESPECIFICA,CARRETERA NACIONAL,PE-1S,NACIONAL
A-2021-10-52,V-2021-10-52-1,P-2021-10-52-1-1,LIMA,LIMA,COMAS,CONDUCTOR,ILESO,,,IDENTIFICADO,PERÚ,34,MASCULINO,NO,VIGENTE,A II B,NO,,NO,CAMIONETA RURAL,08/10/2021,2021,OCTUBRE,VIERNES,10,ATROPELLO,EN PROCESO DE INVESTIGACIÓN,NO CUENTA CON CAUSA ESPECIFICA,AVENIDA,NO CORRESPONDE,URBANO
A-2021-10-52,V-2021-10-52-1,P-2021-10-52-1-2,LIMA,LIMA,COMAS,PEATÓN,FALLECIDO,,EN EL LUGAR DE LOS HECHOS,IDENTIFICADO,PERÚ,96,MASCULINO,,NO CONDUCTOR,NO CONDUCTOR,NO,,NO,CAMIONETA RURAL,08/10/2021,2021,OCTUBRE,VIERNES,10,ATROPELLO,EN PROCESO DE INVESTIGACIÓN,NO CUENTA CON CAUSA ESPECIFICA,AVENIDA,NO CORRESPONDE,URBANO
A-2021-10-133,V-2021-10-133-1,P-2021-10-133-1-1,CALLAO,CALLAO,BELLAVISTA,CONDUCTOR,FALLECIDO,,CAMINO AL CENTRO DE SALUD,IDENTIFICADO,PERÚ,22,MASCULINO,SI,VIGENTE,B II C,NO,,SI,MOTOCICLETA,08/10/2021,2021,OCTUBRE,VIERNES,23,DESPISTE,IMPRUDENCIA DEL CONDUCTOR,CONDUCIR EN ESTADO DE EBRIEDAD Y/O DROGADICCIÓN,AVENIDA,NO CORRESPONDE,URBANO
A-2021-10-53,V-2021-10-53-1,P-2021-10-53-1-1,LIMA,LIMA,LURIN,CONDUCTOR,FALLECIDO,,EN EL LUGAR DE LOS HECHOS,IDENTIFICADO,PERÚ,32,MASCULINO,,SIN DNI IDENTIFICADO,SIN DNI IDENTIFICADO,SI,NEGATIVO,NO,TRIMOTO PASAJERO,09/10/2021,2021,OCTUBRE,SÁBADO,20,CHOQUE,IMPRUDENCIA DEL CONDUCTOR,EXCESO DE VELOCIDAD,AVENIDA,NO CORRESPONDE,URBANO
A-2021-10-53,V-2021-10-53-2,P-2021-10-53-2-1,LIMA,LIMA,LURIN,SIN CONDUCTOR,NO SE CONOCE,,,NO IDENTIFICADO,PERÚ,,NO INDICA,,NO CONDUCTOR,NO CONDUCTOR,SI,NEGATIVO,NO,CAMIONETA RURAL,09/10/2021,2021,OCTUBRE,SÁBADO,20,CHOQUE,IMPRUDENCIA DEL CONDUCTOR,EXCESO DE VELOCIDAD,AVENIDA,NO CORRESPONDE,URBANO
A-2021-10-54,V-2021-10-54-1,P-2021-10-54-1-1,LIMA,LIMA,PUENTE PIEDRA,CONDUCTOR,ILESO,,,IDENTIFICADO,PERÚ,29,MASCULINO,,VIGENTE,A III C,SI,NEGATIVO,,MINIBUS,11/10/2021,2021,OCTUBRE,LUNES,5,ATROPELLO,IMPRUDENCIA DEL CONDUCTOR,EXCESO DE VELOCIDAD,CARRETERA NACIONAL,PE-1N,NACIONAL
A-2021-10-54,V-2021-10-54-1,P-2021-10-54-1-2,LIMA,LIMA,PUENTE PIEDRA,PEATÓN,FALLECIDO,,EN EL LUGAR DE LOS HECHOS,IDENTIFICADO,PERÚ,52,FEMENINO,,NO CONDUCTOR,NO CONDUCTOR,SI,NEGATIVO,NO,MINIBUS,11/10/2021,2021,OCTUBRE,LUNES,5,ATROPELLO,IMPRUDENCIA DEL CONDUCTOR,EXCESO DE VELOCIDAD,CARRETERA NACIONAL,PE-1N,NACIONAL
A-2021-10-187,V-2021-10-187-1,P-2021-10-187-1-1,LIMA,LIMA,LOS OLIVOS,CONDUCTOR,ILESO,,,IDENTIFICADO,PERÚ,33,MASCULINO,SI,VIGENTE,A III C,SI,NEGATIVO,NO,ÓMNIBUS,13/10/2021,2021,OCTUBRE,MIÉRCOLES,7,VOLCADURA,EN PROCESO DE INVESTIGACIÓN,NO CUENTA CON CAUSA ESPECIFICA,AVENIDA,NO CORRESPONDE,URBANO
A-2021-10-187,V-2021-10-187-2,P-2021-10-187-2-1,LIMA,LIMA,LOS OLIVOS,CONDUCTOR,FALLECIDO,,EN EL LUGAR DE LOS HECHOS,IDENTIFICADO,PERÚ,28,MASCULINO,,VIGENTE,B II C,SI,NEGATIVO,NO,MOTOCICLETA,13/10/2021,2021,OCTUBRE,MIÉRCOLES,7,VOLCADURA,EN PROCESO DE INVESTIGACIÓN,NO CUENTA CON CAUSA ESPECIFICA,AVENIDA,NO CORRESPONDE,URBANO
A-2021-10-188,V-2021-10-188-1,P-2021-10-188-1-1,LIMA,LIMA,ATE,CONDUCTOR,FALLECIDO,,EN EL LUGAR DE LOS HECHOS,IDENTIFICADO,PERÚ,37,MASCULINO,,VIGENTE,B II C,SI,NEGATIVO,NO,MOTOCICLETA,13/10/2021,2021,OCTUBRE,MIÉRCOLES,8,CHOQUE,EN PROCESO DE INVESTIGACIÓN,NO CUENTA CON CAUSA ESPECIFICA,CARRETERA NACIONAL,PE-1S,NACIONAL
A-2021-10-188,V-2021-10-188-2,P-2021-10-188-2-1,LIMA,LIMA,ATE,CONDUCTOR,ILESO,,,IDENTIFICADO,PERÚ,48,MASCULINO,,VIGENTE,A II B,SI,NEGATIVO,NO,CAMIÓN,13/10/2021,2021,OCTUBRE,MIÉRCOLES,8,CHOQUE,EN PROCESO DE INVESTIGACIÓN,NO CUENTA CON CAUSA ESPECIFICA,CARRETERA NACIONAL,PE-1S,NACIONAL
A-2021-10-189,V-2021-10-189-1,P-2021-10-189-1-1,LIMA,LIMA,LURIN,CONDUCTOR,ILESO,,,IDENTIFICADO,PERÚ,42,MASCULINO,SI,VIGENTE,A III C,SI,NEGATIVO,NO,ÓMNIBUS,14/10/2021,2021,OCTUBRE,JUEVES,8,ESPECIAL,EN PROCESO DE INVESTIGACIÓN,NO CUENTA CON CAUSA ESPECIFICA,CARRETERA NACIONAL,PE-1S,NACIONAL
A-2021-10-189,V-2021-10-189-2,P-2021-10-189-2-1,LIMA,LIMA,LURIN,CONDUCTOR,FALLECIDO,,,NO IDENTIFICADO,,,NO INDICA,,SIN DNI IDENTIFICADO,SIN DNI IDENTIFICADO,NO,,NO,CAMIONETA RURAL,14/10/2021,2021,OCTUBRE,JUEVES,8,ESPECIAL,EN PROCESO DE INVESTIGACIÓN,NO CUENTA CON CAUSA ESPECIFICA,CARRETERA NACIONAL,PE-1S,NACIONAL
A-2021-10-189,V-2021-10-189-2,P-2021-10-189-2-2,LIMA,LIMA,LURIN,PASAJERO,LESIONADO,CENTRO DE SALUD PRIVADO,,NO IDENTIFICADO,,,FEMENINO,,NO CONDUCTOR,NO CONDUCTOR,NO,,NO,CAMIONETA RURAL,14/10/2021,2021,OCTUBRE,JUEVES,8,ESPECIAL,EN PROCESO DE INVESTIGACIÓN,NO CUENTA CON CAUSA ESPECIFICA,CARRETERA NACIONAL,PE-1S,NACIONAL
A-2021-10-190,V-2021-10-190-1,P-2021-10-190-1-1,LIMA,LIMA,LA VICTORIA,CONDUCTOR,FALLECIDO,,EN EL LUGAR DE LOS HECHOS,IDENTIFICADO,PERÚ,32,MASCULINO,,VIGENTE,B II C,SI,NEGATIVO,NO,MOTOCICLETA,14/10/2021,2021,OCTUBRE,JUEVES,22,CHOQUE,EN PROCESO DE INVESTIGACIÓN,NO CUENTA CON CAUSA ESPECIFICA,AVENIDA,NO CORRESPONDE,URBANO
A-2021-10-190,V-2021-10-190-1,P-2021-10-190-1-2,LIMA,LIMA,LA VICTORIA,PASAJERO,FALLECIDO,,EN EL LUGAR DE LOS HECHOS,IDENTIFICADO,PERÚ,38,MASCULINO,,NO CONDUCTOR,NO CONDUCTOR,SI,NEGATIVO,NO,MOTOCICLETA,14/10/2021,2021,OCTUBRE,JUEVES,22,CHOQUE,EN PROCESO DE INVESTIGACIÓN,NO CUENTA CON CAUSA ESPECIFICA,AVENIDA,NO CORRESPONDE,URBANO
A-2021-10-190,V-2021-10-190-2,P-2021-10-190-2-1,LIMA,LIMA,LA VICTORIA,CONDUCTOR,ILESO,,,IDENTIFICADO,PERÚ,,MASCULINO,,SIN DNI IDENTIFICADO,SIN DNI IDENTIFICADO,SI,NEGATIVO,NO,CAMIONETA PICK UP,14/10/2021,2021,OCTUBRE,JUEVES,22,CHOQUE,EN PROCESO DE INVESTIGACIÓN,NO CUENTA CON CAUSA ESPECIFICA,AVENIDA,NO CORRESPONDE,URBANO
A-2021-10-134,V-2021-10-134-1,P-2021-10-134-1-1,CALLAO,CALLAO,VENTANILLA,CONDUCTOR,ILESO,,,IDENTIFICADO,PERÚ,32,MASCULINO,SI,VIGENTE,A I,NO,,SI,AUTOMÓVIL,17/10/2021,2021,OCTUBRE,DOMINGO,5,CHOQUE,IMPRUDENCIA DEL CONDUCTOR,OTRO (IMPRUDENCIA DEL CONDUCTOR),CARRETERA NACIONAL,PE-20,NACIONAL
A-2021-10-134,V-2021-10-134-2,P-2021-10-134-2-1,CALLAO,CALLAO,VENTANILLA,CONDUCTOR,FALLECIDO,,EN EL CENTRO DE SALUD,IDENTIFICADO,PERÚ,25,MASCULINO,SI,VIGENTE,B II C,NO,,SI,MOTOCICLETA,17/10/2021,2021,OCTUBRE,DOMINGO,5,CHOQUE,IMPRUDENCIA DEL CONDUCTOR,OTRO (IMPRUDENCIA DEL CONDUCTOR),CARRETERA NACIONAL,PE-20,NACIONAL
A-2021-10-191,V-2021-10-191-1,P-2021-10-191-1-1,LIMA,LIMA,LA VICTORIA,CONDUCTOR,ILESO,,,IDENTIFICADO,PERÚ,26,MASCULINO,SI,,A I,SI,NEGATIVO,NO,MOTOCICLETA,17/10/2021,2021,OCTUBRE,DOMINGO,13,ATROPELLO,EN PROCESO DE INVESTIGACIÓN,NO CUENTA CON CAUSA ESPECIFICA,AVENIDA,NO CORRESPONDE,URBANO
A-2021-10-191,V-2021-10-191-1,P-2021-10-191-1-2,LIMA,LIMA,LA VICTORIA,PEATÓN,FALLECIDO,,EN EL LUGAR DE LOS HECHOS,NO IDENTIFICADO,PERÚ,,MASCULINO,,NO CONDUCTOR,NO CONDUCTOR,SI,NEGATIVO,NO,MOTOCICLETA,17/10/2021,2021,OCTUBRE,DOMINGO,13,ATROPELLO,EN PROCESO DE INVESTIGACIÓN,NO CUENTA CON CAUSA ESPECIFICA,AVENIDA,NO CORRESPONDE,URBANO
A-2021-10-192,V-2021-10-192-1,P-2021-10-192-1-1,LIMA,LIMA,CARABAYLLO,CONDUCTOR,ILESO,,,IDENTIFICADO,PERÚ,23,MASCULINO,,VIGENTE,B,SI,NEGATIVO,NO,MOTOCICLETA,17/10/2021,2021,OCTUBRE,DOMINGO,16,CHOQUE,EN PROCESO DE INVESTIGACIÓN,NO CUENTA CON CAUSA ESPECIFICA,AVENIDA,NO CORRESPONDE,URBANO
A-2021-10-192,V-2021-10-192-1,P-2021-10-192-1-2,LIMA,LIMA,CARABAYLLO,PASAJERO,LESIONADO,CENTRO DE SALUD PÚBLICO,,IDENTIFICADO,PERÚ,42,FEMENINO,,NO CONDUCTOR,NO CONDUCTOR,SI,NEGATIVO,NO,MOTOCICLETA,17/10/2021,2021,OCTUBRE,DOMINGO,16,CHOQUE,EN PROCESO DE INVESTIGACIÓN,NO CUENTA CON CAUSA ESPECIFICA,AVENIDA,NO CORRESPONDE,URBANO
A-2021-10-192,V-2021-10-192-2,P-2021-10-192-2-1,LIMA,LIMA,CARABAYLLO,CONDUCTOR,FALLECIDO,,EN EL LUGAR DE LOS HECHOS,NO IDENTIFICADO,,,NO INDICA,,SIN DNI IDENTIFICADO,SIN DNI IDENTIFICADO,NO,,NO,MOTOCICLETA,17/10/2021,2021,OCTUBRE,DOMINGO,16,CHOQUE,EN PROCESO DE INVESTIGACIÓN,NO CUENTA CON CAUSA ESPECIFICA,AVENIDA,NO CORRESPONDE,URBANO
A-2021-10-193,V-2021-10-193-1,P-2021-10-193-1-1,LIMA,LIMA,BREÑA,CONDUCTOR,ILESO,,,IDENTIFICADO,PERÚ,32,MASCULINO,SI,VIGENTE,A III B,SI,NEGATIVO,NO,AUTOMÓVIL,18/10/2021,2021,OCTUBRE,LUNES,14,ATROPELLO,EN PROCESO DE INVESTIGACIÓN,NO CUENTA CON CAUSA ESPECIFICA,AVENIDA,NO CORRESPONDE,URBANO
A-2021-10-193,V-2021-10-193-1,P-2021-10-193-1-2,LIMA,LIMA,BREÑA,PEATÓN,FALLECIDO,,EN EL LUGAR DE LOS HECHOS,IDENTIFICADO,PERÚ,90,MASCULINO,,NO CONDUCTOR,NO CONDUCTOR,SI,NEGATIVO,NO,AUTOMÓVIL,18/10/2021,2021,OCTUBRE,LUNES,14,ATROPELLO,EN PROCESO DE INVESTIGACIÓN,NO CUENTA CON CAUSA ESPECIFICA,AVENIDA,NO CORRESPONDE,URBANO
A-2021-10-194,V-2021-10-194-1,P-2021-10-194-1-1,LIMA,LIMA,SANTIAGO DE SURCO,CONDUCTOR,ILESO,,,IDENTIFICADO,PERÚ,55,MASCULINO,,SIN LICENCIA,SIN LICENCIA,SI,NEGATIVO,NO,MOTOCICLETA,18/10/2021,2021,OCTUBRE,LUNES,18,ATROPELLO,EN PROCESO DE INVESTIGACIÓN,NO CUENTA CON CAUSA ESPECIFICA,AVENIDA,NO CORRESPONDE,URBANO
A-2021-10-194,V-2021-10-194-1,P-2021-10-194-1-2,LIMA,LIMA,SANTIAGO DE SURCO,PEATÓN,FALLECIDO,,EN EL LUGAR DE LOS HECHOS,IDENTIFICADO,PERÚ,72,MASCULINO,,NO CONDUCTOR,NO CONDUCTOR,SI,NEGATIVO,NO,MOTOCICLETA,18/10/2021,2021,OCTUBRE,LUNES,18,ATROPELLO,EN PROCESO DE INVESTIGACIÓN,NO CUENTA CON CAUSA ESPECIFICA,AVENIDA,NO CORRESPONDE,URBANO
A-2021-10-195,V-2021-10-195-1,P-2021-10-195-1-1,LIMA,LIMA,LURIN,CONDUCTOR,ILESO,,,IDENTIFICADO,PERÚ,30,MASCULINO,,SIN LICENCIA,SIN LICENCIA,SI,NEGATIVO,NO,AUTOMÓVIL,19/10/2021,2021,OCTUBRE,MARTES,23,DESPISTE,EN PROCESO DE INVESTIGACIÓN,NO CUENTA CON CAUSA ESPECIFICA,CARRETERA NACIONAL,PE-1S,NACIONAL
A-2021-10-195,V-2021-10-195-1,P-2021-10-195-1-2,LIMA,LIMA,LURIN,PASAJERO,FALLECIDO,,EN EL LUGAR DE LOS HECHOS,IDENTIFICADO,PERÚ,48,MASCULINO,,NO CONDUCTOR,NO CONDUCTOR,SI,NEGATIVO,NO,AUTOMÓVIL,19/10/2021,2021,OCTUBRE,MARTES,23,DESPISTE,EN PROCESO DE INVESTIGACIÓN,NO CUENTA CON CAUSA ESPECIFICA,CARRETERA NACIONAL,PE-1S,NACIONAL
A-2021-10-196,V-2021-10-196-1,P-2021-10-196-1-1,LIMA,LIMA,COMAS,CONDUCTOR,ILESO,,,IDENTIFICADO,VENEZUELA,,MASCULINO,,SIN DNI IDENTIFICADO,SIN DNI IDENTIFICADO,SI,NEGATIVO,NO,MOTOCICLETA,20/10/2021,2021,OCTUBRE,MIÉRCOLES,14,ATROPELLO,EN PROCESO DE INVESTIGACIÓN,NO CUENTA CON CAUSA ESPECIFICA,AVENIDA,NO CORRESPONDE,URBANO
A-2021-10-196,V-2021-10-196-1,P-2021-10-196-1-2,LIMA,LIMA,COMAS,PEATÓN,FALLECIDO,,EN EL LUGAR DE LOS HECHOS,IDENTIFICADO,PERÚ,87,MASCULINO,,NO CONDUCTOR,NO CONDUCTOR,SI,NEGATIVO,NO,MOTOCICLETA,20/10/2021,2021,OCTUBRE,MIÉRCOLES,14,ATROPELLO,EN PROCESO DE INVESTIGACIÓN,NO CUENTA CON CAUSA ESPECIFICA,AVENIDA,NO CORRESPONDE,URBANO
A-2021-10-197,V-2021-10-197-1,P-2021-10-197-1-1,LIMA,LIMA,PUENTE PIEDRA,CONDUCTOR,ILESO,,,IDENTIFICADO,PERÚ,45,MASCULINO,SI,VIGENTE,A III B,SI,NEGATIVO,NO,AUTOMÓVIL,21/10/2021,2021,OCTUBRE,JUEVES,21,ATROPELLO,EN PROCESO DE INVESTIGACIÓN,NO CUENTA CON CAUSA ESPECIFICA,CARRETERA NACIONAL,PE-1N,NACIONAL
A-2021-10-197,V-2021-10-197-1,P-2021-10-197-1-2,LIMA,LIMA,PUENTE PIEDRA,PEATÓN,FALLECIDO,,EN EL LUGAR DE LOS HECHOS,IDENTIFICADO,PERÚ,25,MASCULINO,,NO CONDUCTOR,NO CONDUCTOR,SI,NEGATIVO,NO,AUTOMÓVIL,21/10/2021,2021,OCTUBRE,JUEVES,21,ATROPELLO,EN PROCESO DE INVESTIGACIÓN,NO CUENTA CON CAUSA ESPECIFICA,CARRETERA NACIONAL,PE-1N,NACIONAL
A-2021-10-198,V-2021-10-198-1,P-2021-10-198-1-1,LIMA,LIMA,SANTIAGO DE SURCO,CONDUCTOR,FALLECIDO,,EN EL LUGAR DE LOS HECHOS,IDENTIFICADO,PERÚ,,MASCULINO,,SIN DNI IDENTIFICADO,SIN DNI IDENTIFICADO,SI,NEGATIVO,NO,MOTOCICLETA,22/10/2021,2021,OCTUBRE,VIERNES,13,CHOQUE,EN PROCESO DE INVESTIGACIÓN,NO CUENTA CON CAUSA ESPECIFICA,PASAJE,NO CORRESPONDE,URBANO
A-2021-10-198,V-2021-10-198-2,P-2021-10-198-2-1,LIMA,LIMA,SANTIAGO DE SURCO,CONDUCTOR FUGADO,NO SE CONOCE,,,NO IDENTIFICADO,,,NO INDICA,,FUGADO,FUGADO,NO,,NO,TRIMOTO PASAJERO,22/10/2021,2021,OCTUBRE,VIERNES,13,CHOQUE,EN PROCESO DE INVESTIGACIÓN,NO CUENTA CON CAUSA ESPECIFICA,PASAJE,NO CORRESPONDE,URBANO
A-2021-10-200,V-2021-10-200-1,P-2021-10-200-1-1,LIMA,LIMA,LOS OLIVOS,CONDUCTOR,ILESO,,,IDENTIFICADO,PERÚ,61,MASCULINO,,SIN LICENCIA,SIN LICENCIA,SI,NEGATIVO,NO,TRIMOTO PASAJERO,22/10/2021,2021,OCTUBRE,VIERNES,16,CHOQUE,EN PROCESO DE INVESTIGACIÓN,NO CUENTA CON CAUSA ESPECIFICA,AVENIDA,NO CORRESPONDE,URBANO
A-2021-10-200,V-2021-10-200-2,P-2021-10-200-2-1,LIMA,LIMA,LOS OLIVOS,CONDUCTOR,FALLECIDO,,EN EL LUGAR DE LOS HECHOS,IDENTIFICADO,PERÚ,25,MASCULINO,,SIN LICENCIA,SIN LICENCIA,SI,NEGATIVO,NO,MOTOCICLETA,22/10/2021,2021,OCTUBRE,VIERNES,16,CHOQUE,EN PROCESO DE INVESTIGACIÓN,NO CUENTA CON CAUSA ESPECIFICA,AVENIDA,NO CORRESPONDE,URBANO
A-2021-10-201,V-2021-10-201-1,P-2021-10-201-1-1,LIMA,LIMA,PUENTE PIEDRA,CONDUCTOR,ILESO,,,IDENTIFICADO,PERÚ,58,MASCULINO,,SUSPENDIDA,A II A,SI,NEGATIVO,NO,MINIBUS,23/10/2021,2021,OCTUBRE,SÁBADO,17,ATROPELLO,EN PROCESO DE INVESTIGACIÓN,NO CUENTA CON CAUSA ESPECIFICA,CARRETERA NACIONAL,PE-1N,NACIONAL
A-2021-10-201,V-2021-10-201-1,P-2021-10-201-1-2,LIMA,LIMA,PUENTE PIEDRA,PEATÓN,FALLECIDO,,EN EL LUGAR DE LOS HECHOS,IDENTIFICADO,PERÚ,81,MASCULINO,,NO CONDUCTOR,NO CONDUCTOR,SI,NEGATIVO,NO,MINIBUS,23/10/2021,2021,OCTUBRE,SÁBADO,17,ATROPELLO,EN PROCESO DE INVESTIGACIÓN,NO CUENTA CON CAUSA ESPECIFICA,CARRETERA NACIONAL,PE-1N,NACIONAL
A-2021-10-202,V-2021-10-202-1,P-2021-10-202-1-1,LIMA,LIMA,LURIGANCHO,CONDUCTOR,FALLECIDO,,EN EL LUGAR DE LOS HECHOS,IDENTIFICADO,PERÚ,33,MASCULINO,,SIN LICENCIA,SIN LICENCIA,SI,NEGATIVO,NO,MOTOCICLETA,24/10/2021,2021,OCTUBRE,DOMINGO,4,DESPISTE,EN PROCESO DE INVESTIGACIÓN,NO CUENTA CON CAUSA ESPECIFICA,CALLE,NO CORRESPONDE,URBANO
A-2021-10-203,V-2021-10-203-1,P-2021-10-203-1-1,LIMA,LIMA,SANTA ANITA,CONDUCTOR,ILESO,,,IDENTIFICADO,PERÚ,24,MASCULINO,,VIGENTE,B II C,SI,NEGATIVO,NO,MOTOCICLETA,26/10/2021,2021,OCTUBRE,MARTES,17,ATROPELLO,EN PROCESO DE INVESTIGACIÓN,NO CUENTA CON CAUSA ESPECIFICA,AVENIDA,NO CORRESPONDE,URBANO
A-2021-10-203,V-2021-10-203-1,P-2021-10-203-1-2,LIMA,LIMA,SANTA ANITA,PEATÓN,FALLECIDO,,EN EL LUGAR DE LOS HECHOS,IDENTIFICADO,PERÚ,80,MASCULINO,,NO CONDUCTOR,NO CONDUCTOR,SI,NEGATIVO,NO,MOTOCICLETA,26/10/2021,2021,OCTUBRE,MARTES,17,ATROPELLO,EN PROCESO DE INVESTIGACIÓN,NO CUENTA CON CAUSA ESPECIFICA,AVENIDA,NO CORRESPONDE,URBANO
A-2021-10-135,V-2021-10-135-1,P-2021-10-135-1-1,CALLAO,CALLAO,CALLAO,CONDUCTOR,FALLECIDO,,EN EL LUGAR DE LOS HECHOS,IDENTIFICADO,PERÚ,34,MASCULINO,,VENCIDA,B II C,NO,,SI,MOTOCICLETA,27/10/2021,2021,OCTUBRE,MIÉRCOLES,22,DESPISTE,IMPRUDENCIA DEL CONDUCTOR,CONDUCIR EN ESTADO DE EBRIEDAD Y/O DROGADICCIÓN,CARRETERA NACIONAL,PE-20,NACIONAL
A-2021-10-204,V-2021-10-204-1,P-2021-10-204-1-1,LIMA,LIMA,LURIGANCHO,CONDUCTOR,ILESO,,,IDENTIFICADO,PERÚ,,MASCULINO,,SIN DNI IDENTIFICADO,SIN DNI IDENTIFICADO,SI,NEGATIVO,NO,REMOLCADOR,28/10/2021,2021,OCTUBRE,JUEVES,6,ESPECIAL,EN PROCESO DE INVESTIGACIÓN,NO CUENTA CON CAUSA ESPECIFICA,CALLE,NO CORRESPONDE,URBANO
A-2021-10-204,V-2021-10-204-1,P-2021-10-204-1-2,LIMA,LIMA,LURIGANCHO,PEATÓN,FALLECIDO,,EN EL LUGAR DE LOS HECHOS,IDENTIFICADO,PERÚ,52,MASCULINO,,NO CONDUCTOR,NO CONDUCTOR,SI,NEGATIVO,NO,REMOLCADOR,28/10/2021,2021,OCTUBRE,JUEVES,6,ESPECIAL,EN PROCESO DE INVESTIGACIÓN,NO CUENTA CON CAUSA ESPECIFICA,CALLE,NO CORRESPONDE,URBANO
A-2021-10-205,V-2021-10-205-1,P-2021-10-205-1-1,LIMA,LIMA,COMAS,CONDUCTOR,ILESO,,,IDENTIFICADO,PERÚ,31,MASCULINO,SI,VIGENTE,A I,SI,NEGATIVO,NO,AUTOMÓVIL,28/10/2021,2021,OCTUBRE,JUEVES,17,CHOQUE,EN PROCESO DE INVESTIGACIÓN,NO CUENTA CON CAUSA ESPECIFICA,AVENIDA,NO CORRESPONDE,URBANO
A-2021-10-205,V-2021-10-205-1,P-2021-10-205-1-2,LIMA,LIMA,COMAS,PASAJERO,FALLECIDO,,EN EL LUGAR DE LOS HECHOS,IDENTIFICADO,PERÚ,23,FEMENINO,,NO CONDUCTOR,NO CONDUCTOR,SI,NEGATIVO,NO,AUTOMÓVIL,28/10/2021,2021,OCTUBRE,JUEVES,17,CHOQUE,EN PROCESO DE INVESTIGACIÓN,NO CUENTA CON CAUSA ESPECIFICA,AVENIDA,NO CORRESPONDE,URBANO
A-2021-10-205,V-2021-10-205-2,P-2021-10-205-2-1,LIMA,LIMA,COMAS,CONDUCTOR FUGADO,NO SE CONOCE,,,NO IDENTIFICADO,,,NO INDICA,,FUGADO,FUGADO,NO,,NO,TRIMOTO PASAJERO,28/10/2021,2021,OCTUBRE,JUEVES,17,CHOQUE,EN PROCESO DE INVESTIGACIÓN,NO CUENTA CON CAUSA ESPECIFICA,AVENIDA,NO CORRESPONDE,URBANO
A-2021-10-205,V-2021-10-205-2,P-2021-10-205-2-2,LIMA,LIMA,COMAS,PASAJERO,LESIONADO,CENTRO DE SALUD PÚBLICO,,IDENTIFICADO,PERÚ,24,MASCULINO,,NO CONDUCTOR,NO CONDUCTOR,SI,NEGATIVO,NO,TRIMOTO PASAJERO,28/10/2021,2021,OCTUBRE,JUEVES,17,CHOQUE,EN PROCESO DE INVESTIGACIÓN,NO CUENTA CON CAUSA ESPECIFICA,AVENIDA,NO CORRESPONDE,URBANO
A-2021-10-206,V-2021-10-206-1,P-2021-10-206-1-1,LIMA,LIMA,COMAS,SIN CONDUCTOR,NO SE CONOCE,,,NO IDENTIFICADO,,,NO INDICA,,NO CONDUCTOR,NO CONDUCTOR,NO,,NO,STATION WAGON,31/10/2021,2021,OCTUBRE,DOMINGO,5,ATROPELLO,EN PROCESO DE INVESTIGACIÓN,NO CUENTA CON CAUSA ESPECIFICA,CARRETERA NACIONAL,PE-1N,NACIONAL
A-2021-10-206,V-2021-10-206-1,P-2021-10-206-1-2,LIMA,LIMA,COMAS,PEATÓN,FALLECIDO,,EN EL LUGAR DE LOS HECHOS,IDENTIFICADO,PERÚ,36,MASCULINO,,NO CONDUCTOR,NO CONDUCTOR,SI,NEGATIVO,NO,STATION WAGON,31/10/2021,2021,OCTUBRE,DOMINGO,5,ATROPELLO,EN PROCESO DE INVESTIGACIÓN,NO CUENTA CON CAUSA ESPECIFICA,CARRETERA NACIONAL,PE-1N,NACIONAL
A-2021-10-207,V-2021-10-207-1,P-2021-10-207-1-1,LIMA,LIMA,LIMA,CONDUCTOR FUGADO,NO SE CONOCE,,,NO IDENTIFICADO,,,NO INDICA,,FUGADO,FUGADO,NO,,NO,VEHICULO NO IDENTIFICADO,31/10/2021,2021,OCTUBRE,DOMINGO,5,ATROPELLO FUGA,EN PROCESO DE INVESTIGACIÓN,NO CUENTA CON CAUSA ESPECIFICA,AVENIDA,NO CORRESPONDE,URBANO
A-2021-10-207,V-2021-10-207-1,P-2021-10-207-1-2,LIMA,LIMA,LIMA,PEATÓN,FALLECIDO,,EN EL LUGAR DE LOS HECHOS,IDENTIFICADO,PERÚ,58,MASCULINO,,NO CONDUCTOR,NO CONDUCTOR,NO,,NO,VEHICULO NO IDENTIFICADO,31/10/2021,2021,OCTUBRE,DOMINGO,5,ATROPELLO FUGA,EN PROCESO DE INVESTIGACIÓN,NO CUENTA CON CAUSA ESPECIFICA,AVENIDA,NO CORRESPONDE,URBANO
A-2021-11-113,V-2021-11-113-1,P-2021-11-113-1-1,LIMA,LIMA,VILLA MARIA DEL TRIUNFO,CONDUCTOR,FALLECIDO,,EN EL CENTRO DE SALUD,IDENTIFICADO,PERÚ,63,MASCULINO,,,A III C,NO,,NO,TRIMOTO PASAJERO,01/11/2021,2021,NOVIEMBRE,LUNES,20,DESPISTE,EN PROCESO DE INVESTIGACIÓN,NO CUENTA CON CAUSA ESPECIFICA,AVENIDA,NO CORRESPONDE,URBANO
A-2021-11-114,V-2021-11-114-1,P-2021-11-114-1-1,LIMA,LIMA,PUENTE PIEDRA,CONDUCTOR,FALLECIDO,,EN EL CENTRO DE SALUD,IDENTIFICADO,PERÚ,25,MASCULINO,,SIN LICENCIA,SIN LICENCIA,SI,NEGATIVO,NO,MOTOCICLETA,02/11/2021,2021,NOVIEMBRE,MARTES,18,CHOQUE,IMPRUDENCIA DEL CONDUCTOR,EXCESO DE VELOCIDAD,CARRETERA NACIONAL,PE-1N,NACIONAL
A-2021-11-114,V-2021-11-114-2,P-2021-11-114-2-1,LIMA,LIMA,PUENTE PIEDRA,CONDUCTOR,ILESO,,,IDENTIFICADO,PERÚ,,MASCULINO,,SIN DNI IDENTIFICADO,SIN DNI IDENTIFICADO,SI,NEGATIVO,NO,MINIBUS,02/11/2021,2021,NOVIEMBRE,MARTES,18,CHOQUE,IMPRUDENCIA DEL CONDUCTOR,EXCESO DE VELOCIDAD,CARRETERA NACIONAL,PE-1N,NACIONAL
A-2021-11-8,V-2021-11-8-1,P-2021-11-8-1-1,CALLAO,CALLAO,CALLAO,CONDUCTOR,ILESO,,,IDENTIFICADO,PERÚ,35,MASCULINO,SI,VIGENTE,A III C,NO,,NO,ÓMNIBUS,02/11/2021,2021,NOVIEMBRE,MARTES,22,ATROPELLO,EN PROCESO DE INVESTIGACIÓN,NO CUENTA CON CAUSA ESPECIFICA,CARRETERA NACIONAL,PE-20,NACIONAL
A-2021-11-8,V-2021-11-8-1,P-2021-11-8-1-2,CALLAO,CALLAO,CALLAO,PEATÓN,FALLECIDO,,EN EL LUGAR DE LOS HECHOS,IDENTIFICADO,PERÚ,52,MASCULINO,,NO CONDUCTOR,NO CONDUCTOR,NO,,NO,ÓMNIBUS,02/11/2021,2021,NOVIEMBRE,MARTES,22,ATROPELLO,EN PROCESO DE INVESTIGACIÓN,NO CUENTA CON CAUSA ESPECIFICA,CARRETERA NACIONAL,PE-20,NACIONAL
A-2021-11-141,V-2021-11-141-1,P-2021-11-141-1-1,LIMA,LIMA,SANTA ANITA,CONDUCTOR,ILESO,,,IDENTIFICADO,PERÚ,65,MASCULINO,SI,VIGENTE,A III C,SI,NEGATIVO,NO,MINIBUS,03/11/2021,2021,NOVIEMBRE,MIÉRCOLES,5,ATROPELLO,EN PROCESO DE INVESTIGACIÓN,NO CUENTA CON CAUSA ESPECIFICA,AVENIDA,NO CORRESPONDE,URBANO
A-2021-11-141,V-2021-11-141-1,P-2021-11-141-1-2,LIMA,LIMA,SANTA ANITA,PEATÓN,FALLECIDO,,EN EL LUGAR DE LOS HECHOS,IDENTIFICADO,PERÚ,NO INDICA,FEMENINO,,NO CONDUCTOR,NO CONDUCTOR,SI,NEGATIVO,NO,MINIBUS,03/11/2021,2021,NOVIEMBRE,MIÉRCOLES,5,ATROPELLO,EN PROCESO DE INVESTIGACIÓN,NO CUENTA CON CAUSA ESPECIFICA,AVENIDA,NO CORRESPONDE,URBANO
A-2021-11-10,V-2021-11-10-1,P-2021-11-10-1-1,LIMA,LIMA,SAN MARTIN DE PORRES,CONDUCTOR,ILESO,,,IDENTIFICADO,PERÚ,40,FEMENINO,SI,VIGENTE,A II B,NO,,SI,CAMIONETA RURAL,03/11/2021,2021,NOVIEMBRE,MIÉRCOLES,11,ATROPELLO,IMPRUDENCIA DEL CONDUCTOR,EXCESO DE VELOCIDAD,OTRO,NO CORRESPONDE,URBANO
A-2021-11-10,V-2021-11-10-1,P-2021-11-10-1-2,LIMA,LIMA,SAN MARTIN DE PORRES,PEATÓN,FALLECIDO,,EN EL CENTRO DE SALUD,IDENTIFICADO,PERÚ,1,MASCULINO,,NO CONDUCTOR,NO CONDUCTOR,NO,,NO,CAMIONETA RURAL,03/11/2021,2021,NOVIEMBRE,MIÉRCOLES,11,ATROPELLO,IMPRUDENCIA DEL CONDUCTOR,EXCESO DE VELOCIDAD,OTRO,NO CORRESPONDE,URBANO
A-2021-11-142,V-2021-11-142-1,P-2021-11-142-1-1,LIMA,LIMA,PUENTE PIEDRA,CONDUCTOR,ILESO,,,IDENTIFICADO,PERÚ,35,MASCULINO,SI,VIGENTE,A III A,SI,NEGATIVO,NO,ÓMNIBUS,05/11/2021,2021,NOVIEMBRE,VIERNES,7,CAÍDA DE PASAJERO,EN PROCESO DE INVESTIGACIÓN,NO CUENTA CON CAUSA ESPECIFICA,CARRETERA NACIONAL,PE-1N,NACIONAL
A-2021-11-142,V-2021-11-142-1,P-2021-11-142-1-2,LIMA,LIMA,PUENTE PIEDRA,PASAJERO,FALLECIDO,,EN EL LUGAR DE LOS HECHOS,IDENTIFICADO,PERÚ,18,FEMENINO,,NO CONDUCTOR,NO CONDUCTOR,SI,NEGATIVO,NO,ÓMNIBUS,05/11/2021,2021,NOVIEMBRE,VIERNES,7,CAÍDA DE PASAJERO,EN PROCESO DE INVESTIGACIÓN,NO CUENTA CON CAUSA ESPECIFICA,CARRETERA NACIONAL,PE-1N,NACIONAL
A-2021-11-143,V-2021-11-143-1,P-2021-11-143-1-1,LIMA,LIMA,SAN JUAN DE LURIGANCHO,CONDUCTOR,ILESO,,,IDENTIFICADO,PERÚ,44,MASCULINO,SI,VIGENTE,A III C,SI,NEGATIVO,NO,REMOLCADOR,05/11/2021,2021,NOVIEMBRE,VIERNES,14,CHOQUE,EN PROCESO DE INVESTIGACIÓN,NO CUENTA CON CAUSA ESPECIFICA,CARRETERA NACIONAL,PE-22,NACIONAL
A-2021-11-143,V-2021-11-143-2,P-2021-11-143-2-1,LIMA,LIMA,SAN JUAN DE LURIGANCHO,CONDUCTOR,FALLECIDO,,EN EL LUGAR DE LOS HECHOS,IDENTIFICADO,PERÚ,,MASCULINO,,SIN DNI IDENTIFICADO,SIN DNI IDENTIFICADO,SI,NEGATIVO,NO,MOTOCICLETA,05/11/2021,2021,NOVIEMBRE,VIERNES,14,CHOQUE,EN PROCESO DE INVESTIGACIÓN,NO CUENTA CON CAUSA ESPECIFICA,CARRETERA NACIONAL,PE-22,NACIONAL
A-2021-11-144,V-2021-11-144-1,P-2021-11-144-1-1,LIMA,LIMA,SAN MARTIN DE PORRES,CONDUCTOR,ILESO,,,IDENTIFICADO,PERÚ,46,MASCULINO,SI,VIGENTE,A III C,SI,NEGATIVO,NO,CAMIÓN,05/11/2021,2021,NOVIEMBRE,VIERNES,22,CHOQUE,IMPRUDENCIA DEL CONDUCTOR,EXCESO DE VELOCIDAD,CARRETERA NACIONAL,PE-1N,NACIONAL
A-2021-11-144,V-2021-11-144-2,P-2021-11-144-2-1,LIMA,LIMA,SAN MARTIN DE PORRES,CONDUCTOR,FALLECIDO,,EN EL LUGAR DE LOS HECHOS,IDENTIFICADO,PERÚ,24,MASCULINO,,VIGENTE,B II C,SI,,NO,MOTOCICLETA,05/11/2021,2021,NOVIEMBRE,VIERNES,22,CHOQUE,IMPRUDENCIA DEL CONDUCTOR,EXCESO DE VELOCIDAD,CARRETERA NACIONAL,PE-1N,NACIONAL
A-2021-11-146,V-2021-11-146-1,P-2021-11-146-1-1,LIMA,LIMA,SAN JUAN DE MIRAFLORES,CONDUCTOR FUGADO,NO SE CONOCE,,,NO IDENTIFICADO,,,NO INDICA,,FUGADO,FUGADO,NO,,NO,VEHICULO NO IDENTIFICADO,05/11/2021,2021,NOVIEMBRE,VIERNES,23,ATROPELLO FUGA,EN PROCESO DE INVESTIGACIÓN,NO CUENTA CON CAUSA ESPECIFICA,CARRETERA NACIONAL,PE-1S,NACIONAL
A-2021-11-146,V-2021-11-146-1,P-2021-11-146-1-2,LIMA,LIMA,SAN JUAN DE MIRAFLORES,PEATÓN,FALLECIDO,,EN EL LUGAR DE LOS HECHOS,IDENTIFICADO,PERÚ,51,MASCULINO,,NO CONDUCTOR,NO CONDUCTOR,NO,,NO,VEHICULO NO IDENTIFICADO,05/11/2021,2021,NOVIEMBRE,VIERNES,23,ATROPELLO FUGA,EN PROCESO DE INVESTIGACIÓN,NO CUENTA CON CAUSA ESPECIFICA,CARRETERA NACIONAL,PE-1S,NACIONAL
A-2021-11-147,V-2021-11-147-1,P-2021-11-147-1-1,LIMA,LIMA,COMAS,CONDUCTOR FUGADO,NO SE CONOCE,,,NO IDENTIFICADO,,,NO INDICA,,FUGADO,FUGADO,NO,,NO,VEHICULO NO IDENTIFICADO,07/11/2021,2021,NOVIEMBRE,DOMINGO,2,ATROPELLO FUGA,EN PROCESO DE INVESTIGACIÓN,NO CUENTA CON CAUSA ESPECIFICA,AVENIDA,NO CORRESPONDE,URBANO
A-2021-11-147,V-2021-11-147-1,P-2021-11-147-1-2,LIMA,LIMA,COMAS,PEATÓN,FALLECIDO,,EN EL LUGAR DE LOS HECHOS,IDENTIFICADO,PERÚ,39,MASCULINO,,NO CONDUCTOR,NO CONDUCTOR,NO,,NO,VEHICULO NO IDENTIFICADO,07/11/2021,2021,NOVIEMBRE,DOMINGO,2,ATROPELLO FUGA,EN PROCESO DE INVESTIGACIÓN,NO CUENTA CON CAUSA ESPECIFICA,AVENIDA,NO CORRESPONDE,URBANO
A-2021-11-148,V-2021-11-148-1,P-2021-11-148-1-1,LIMA,LIMA,LOS OLIVOS,CONDUCTOR,ILESO,,,IDENTIFICADO,PERÚ,34,MASCULINO,,VIGENTE,A III C,SI,NEGATIVO,NO,ÓMNIBUS,07/11/2021,2021,NOVIEMBRE,DOMINGO,10,ATROPELLO,EN PROCESO DE INVESTIGACIÓN,NO CUENTA CON CAUSA ESPECIFICA,CARRETERA NACIONAL,PE-1N,NACIONAL
A-2021-11-148,V-2021-11-148-1,P-2021-11-148-1-2,LIMA,LIMA,LOS OLIVOS,PEATÓN,FALLECIDO,,EN EL LUGAR DE LOS HECHOS,NO IDENTIFICADO,,,FEMENINO,,NO CONDUCTOR,NO CONDUCTOR,SI,NEGATIVO,NO,ÓMNIBUS,07/11/2021,2021,NOVIEMBRE,DOMINGO,10,ATROPELLO,EN PROCESO DE INVESTIGACIÓN,NO CUENTA CON CAUSA ESPECIFICA,CARRETERA NACIONAL,PE-1N,NACIONAL
A-2021-11-151,V-2021-11-151-1,P-2021-11-151-1-1,LIMA,LIMA,SANTIAGO DE SURCO,CONDUCTOR,ILESO,,,IDENTIFICADO,PERÚ,51,MASCULINO,SI,VIGENTE,A I,SI,NEGATIVO,NO,CAMIONETA PICK UP,07/11/2021,2021,NOVIEMBRE,DOMINGO,16,CHOQUE,EN PROCESO DE INVESTIGACIÓN,NO CUENTA CON CAUSA ESPECIFICA,AVENIDA,NO CORRESPONDE,URBANO
A-2021-11-151,V-2021-11-151-2,P-2021-11-151-2-1,LIMA,LIMA,SANTIAGO DE SURCO,CONDUCTOR,FALLECIDO,,EN EL LUGAR DE LOS HECHOS,IDENTIFICADO,PERÚ,20,MASCULINO,,SIN LICENCIA,SIN LICENCIA,SI,NEGATIVO,NO,MOTOCICLETA,07/11/2021,2021,NOVIEMBRE,DOMINGO,16,CHOQUE,EN PROCESO DE INVESTIGACIÓN,NO CUENTA CON CAUSA ESPECIFICA,AVENIDA,NO CORRESPONDE,URBANO
A-2021-11-149,V-2021-11-149-1,P-2021-11-149-1-1,LIMA,LIMA,LOS OLIVOS,CONDUCTOR,ILESO,,,IDENTIFICADO,PERÚ,30,MASCULINO,SI,VIGENTE,A II B,SI,NEGATIVO,NO,CAMIONETA RURAL,07/11/2021,2021,NOVIEMBRE,DOMINGO,20,CHOQUE,EN PROCESO DE INVESTIGACIÓN,NO CUENTA CON CAUSA ESPECIFICA,CARRETERA NACIONAL,PE-1N,NACIONAL
A-2021-11-149,V-2021-11-149-2,P-2021-11-149-2-1,LIMA,LIMA,LOS OLIVOS,CONDUCTOR,FALLECIDO,,EN EL LUGAR DE LOS HECHOS,IDENTIFICADO,PERÚ,,MASCULINO,,NO CORRESPONDE,SIN DNI IDENTIFICADO,SI,NEGATIVO,NO,TRICICLO NO MOTORIZADO,07/11/2021,2021,NOVIEMBRE,DOMINGO,20,CHOQUE,EN PROCESO DE INVESTIGACIÓN,NO CUENTA CON CAUSA ESPECIFICA,CARRETERA NACIONAL,PE-1N,NACIONAL
A-2021-11-149,V-2021-11-149-3,P-2021-11-149-3-1,LIMA,LIMA,LOS OLIVOS,CONDUCTOR,ILESO,,,IDENTIFICADO,PERÚ,27,MASCULINO,SI,VIGENTE,A I,SI,NEGATIVO,NO,AUTOMÓVIL,07/11/2021,2021,NOVIEMBRE,DOMINGO,20,CHOQUE,EN PROCESO DE INVESTIGACIÓN,NO CUENTA CON CAUSA ESPECIFICA,CARRETERA NACIONAL,PE-1N,NACIONAL
A-2021-11-152,V-2021-11-152-1,P-2021-11-152-1-1,LIMA,LIMA,ATE,CONDUCTOR,ILESO,,,IDENTIFICADO,PERÚ,64,MASCULINO,SI,VIGENTE,A III C,SI,NEGATIVO,NO,CAMIÓN,08/11/2021,2021,NOVIEMBRE,LUNES,6,CHOQUE,EN PROCESO DE INVESTIGACIÓN,NO CUENTA CON CAUSA ESPECIFICA,CARRETERA NACIONAL,PE-22,NACIONAL
A-2021-11-152,V-2021-11-152-2,P-2021-11-152-1-2,LIMA,LIMA,ATE,PASAJERO,FALLECIDO,,EN EL LUGAR DE LOS HECHOS,IDENTIFICADO,PERÚ,38,MASCULINO,,NO CONDUCTOR,NO CONDUCTOR,NO,,NO,AUTOMÓVIL,08/11/2021,2021,NOVIEMBRE,LUNES,6,CHOQUE,EN PROCESO DE INVESTIGACIÓN,NO CUENTA CON CAUSA ESPECIFICA,CARRETERA NACIONAL,PE-22,NACIONAL
A-2021-11-152,V-2021-11-152-2,P-2021-11-152-2-1,LIMA,LIMA,ATE,CONDUCTOR,ILESO,,,IDENTIFICADO,PERÚ,26,MASCULINO,,RETENIDA,A II B,SI,NEGATIVO,NO,AUTOMÓVIL,08/11/2021,2021,NOVIEMBRE,LUNES,6,CHOQUE,EN PROCESO DE INVESTIGACIÓN,NO CUENTA CON CAUSA ESPECIFICA,CARRETERA NACIONAL,PE-22,NACIONAL
A-2021-11-152,V-2021-11-152-2,P-2021-11-152-2-2,LIMA,LIMA,ATE,PASAJERO,LESIONADO,CENTRO DE SALUD PÚBLICO,,IDENTIFICADO,PERÚ,26,MASCULINO,,NO CONDUCTOR,NO CONDUCTOR,NO,,NO,AUTOMÓVIL,08/11/2021,2021,NOVIEMBRE,LUNES,6,CHOQUE,EN PROCESO DE INVESTIGACIÓN,NO CUENTA CON CAUSA ESPECIFICA,CARRETERA NACIONAL,PE-22,NACIONAL
A-2021-11-152,V-2021-11-152-2,P-2021-11-152-2-3,LIMA,LIMA,ATE,PASAJERO,LESIONADO,CENTRO DE SALUD PÚBLICO,,IDENTIFICADO,PERÚ,22,MASCULINO,,NO CONDUCTOR,NO CONDUCTOR,NO,,NO,AUTOMÓVIL,08/11/2021,2021,NOVIEMBRE,LUNES,6,CHOQUE,EN PROCESO DE INVESTIGACIÓN,NO CUENTA CON CAUSA ESPECIFICA,CARRETERA NACIONAL,PE-22,NACIONAL
A-2021-11-11,V-2021-11-11-1,P-2021-11-11-1-1,LIMA,LIMA,SAN MIGUEL,CONDUCTOR FUGADO,NO SE CONOCE,,,NO IDENTIFICADO,OTRO,,NO INDICA,,FUGADO,FUGADO,NO,,NO,VEHICULO NO IDENTIFICADO,08/11/2021,2021,NOVIEMBRE,LUNES,12,ATROPELLO FUGA,EN PROCESO DE INVESTIGACIÓN,NO CUENTA CON CAUSA ESPECIFICA,AVENIDA,NO CORRESPONDE,URBANO
A-2021-11-11,V-2021-11-11-1,P-2021-11-11-1-2,LIMA,LIMA,SAN MIGUEL,PEATÓN,FALLECIDO,,EN EL LUGAR DE LOS HECHOS,IDENTIFICADO,PERÚ,81,MASCULINO,,NO CONDUCTOR,NO CONDUCTOR,NO,,SI,VEHICULO NO IDENTIFICADO,08/11/2021,2021,NOVIEMBRE,LUNES,12,ATROPELLO FUGA,EN PROCESO DE INVESTIGACIÓN,NO CUENTA CON CAUSA ESPECIFICA,AVENIDA,NO CORRESPONDE,URBANO
A-2021-11-153,V-2021-11-153-1,P-2021-11-153-1-1,LIMA,LIMA,SAN JUAN DE LURIGANCHO,CONDUCTOR,ILESO,,,IDENTIFICADO,PERÚ,49,MASCULINO,SI,VIGENTE,A III C,SI,NEGATIVO,NO,CAMIÓN,09/11/2021,2021,NOVIEMBRE,MARTES,5,ATROPELLO,EN PROCESO DE INVESTIGACIÓN,NO CUENTA CON CAUSA ESPECIFICA,AVENIDA,NO CORRESPONDE,URBANO
A-2021-11-153,V-2021-11-153-2,P-2021-11-153-2-1,LIMA,LIMA,SAN JUAN DE LURIGANCHO,CONDUCTOR,ILESO,,,IDENTIFICADO,PERÚ,46,MASCULINO,,SUSPENDIDA,A III A,SI,NEGATIVO,NO,CAMIONETA RURAL,09/11/2021,2021,NOVIEMBRE,MARTES,5,ATROPELLO,EN PROCESO DE INVESTIGACIÓN,NO CUENTA CON CAUSA ESPECIFICA,AVENIDA,NO CORRESPONDE,URBANO
A-2021-11-153,V-2021-11-153-2,P-2021-11-153-2-2,LIMA,LIMA,SAN JUAN DE LURIGANCHO,PEATÓN,FALLECIDO,,EN EL CENTRO DE SALUD,IDENTIFICADO,PERÚ,34,MASCULINO,,NO CONDUCTOR,NO CONDUCTOR,SI,NEGATIVO,NO,CAMIONETA RURAL,09/11/2021,2021,NOVIEMBRE,MARTES,5,ATROPELLO,EN PROCESO DE INVESTIGACIÓN,NO CUENTA CON CAUSA ESPECIFICA,AVENIDA,NO CORRESPONDE,URBANO
A-2021-11-154,V-2021-11-154-1,P-2021-11-154-1-1,LIMA,LIMA,SAN JUAN DE LURIGANCHO,CONDUCTOR,ILESO,,,IDENTIFICADO,PERÚ,49,MASCULINO,SI,VIGENTE,A III C,SI,NEGATIVO,NO,REMOLCADOR-SEMIREMOLQUE,10/11/2021,2021,NOVIEMBRE,MIÉRCOLES,19,ATROPELLO,EN PROCESO DE INVESTIGACIÓN,NO CUENTA CON CAUSA ESPECIFICA,AVENIDA,NO CORRESPONDE,URBANO
A-2021-11-154,V-2021-11-154-1,P-2021-11-154-1-2,LIMA,LIMA,SAN JUAN DE LURIGANCHO,PEATÓN,FALLECIDO,,EN EL LUGAR DE LOS HECHOS,NO IDENTIFICADO,,,MASCULINO,,NO CONDUCTOR,NO CONDUCTOR,NO,,NO,REMOLCADOR-SEMIREMOLQUE,10/11/2021,2021,NOVIEMBRE,MIÉRCOLES,19,ATROPELLO,EN PROCESO DE INVESTIGACIÓN,NO CUENTA CON CAUSA ESPECIFICA,AVENIDA,NO CORRESPONDE,URBANO
A-2021-11-155,V-2021-11-155-1,P-2021-11-155-1-1,LIMA,LIMA,LOS OLIVOS,CONDUCTOR,FALLECIDO,,EN EL LUGAR DE LOS HECHOS,IDENTIFICADO,PERÚ,29,MASCULINO,,VENCIDA,B II C,SI,,NO,MOTOCICLETA,12/11/2021,2021,NOVIEMBRE,VIERNES,3,DESPISTE,EN PROCESO DE INVESTIGACIÓN,NO CUENTA CON CAUSA ESPECIFICA,OTRO,NO CORRESPONDE,URBANO
A-2021-11-156,V-2021-11-156-1,P-2021-11-156-1-1,LIMA,LIMA,SAN MARTIN DE PORRES,CONDUCTOR,FALLECIDO,,EN EL LUGAR DE LOS HECHOS,NO IDENTIFICADO,,,MASCULINO,,SIN DNI IDENTIFICADO,SIN DNI IDENTIFICADO,NO,,NO,MOTOCICLETA,12/11/2021,2021,NOVIEMBRE,VIERNES,15,DESPISTE,EN PROCESO DE INVESTIGACIÓN,NO CUENTA CON CAUSA ESPECIFICA,CARRETERA NACIONAL,PE-1N,NACIONAL
A-2021-11-156,V-2021-11-156-2,P-2021-11-156-2-1,LIMA,LIMA,SAN MARTIN DE PORRES,CONDUCTOR,ILESO,,,IDENTIFICADO,PERÚ,34,MASCULINO,SI,VIGENTE,A III C,NO,,NO,REMOLCADOR-SEMIREMOLQUE,12/11/2021,2021,NOVIEMBRE,VIERNES,15,DESPISTE,EN PROCESO DE INVESTIGACIÓN,NO CUENTA CON CAUSA ESPECIFICA,CARRETERA NACIONAL,PE-1N,NACIONAL
A-2021-11-157,V-2021-11-157-1,P-2021-11-157-1-1,LIMA,LIMA,LOS OLIVOS,CONDUCTOR,ILESO,,,IDENTIFICADO,PERÚ,29,MASCULINO,,SUSPENDIDA,A II B,SI,NEGATIVO,NO,CAMIÓN,12/11/2021,2021,NOVIEMBRE,VIERNES,19,ATROPELLO,EN PROCESO DE INVESTIGACIÓN,NO CUENTA CON CAUSA ESPECIFICA,AVENIDA,NO CORRESPONDE,URBANO
A-2021-11-157,V-2021-11-157-1,P-2021-11-157-1-2,LIMA,LIMA,LOS OLIVOS,PEATÓN,FALLECIDO,,EN EL LUGAR DE LOS HECHOS,IDENTIFICADO,PERÚ,27,MASCULINO,,NO CONDUCTOR,NO CONDUCTOR,SI,NEGATIVO,NO,CAMIÓN,12/11/2021,2021,NOVIEMBRE,VIERNES,19,ATROPELLO,EN PROCESO DE INVESTIGACIÓN,NO CUENTA CON CAUSA ESPECIFICA,AVENIDA,NO CORRESPONDE,URBANO
A-2021-11-158,V-2021-11-158-1,P-2021-11-158-1-1,LIMA,LIMA,PUCUSANA,CONDUCTOR FUGADO,NO SE CONOCE,,,NO IDENTIFICADO,,,NO INDICA,,FUGADO,FUGADO,NO,,NO,VEHICULO NO IDENTIFICADO,12/11/2021,2021,NOVIEMBRE,VIERNES,19,ATROPELLO FUGA,EN PROCESO DE INVESTIGACIÓN,NO CUENTA CON CAUSA ESPECIFICA,CARRETERA NACIONAL,PE-1S,NACIONAL
A-2021-11-158,V-2021-11-158-1,P-2021-11-158-1-2,LIMA,LIMA,PUCUSANA,PEATÓN,FALLECIDO,,EN EL LUGAR DE LOS HECHOS,NO IDENTIFICADO,PERÚ,,MASCULINO,,NO CONDUCTOR,NO CONDUCTOR,NO,,NO,VEHICULO NO IDENTIFICADO,12/11/2021,2021,NOVIEMBRE,VIERNES,19,ATROPELLO FUGA,EN PROCESO DE INVESTIGACIÓN,NO CUENTA CON CAUSA ESPECIFICA,CARRETERA NACIONAL,PE-1S,NACIONAL
A-2021-11-159,V-2021-11-159-1,P-2021-11-159-1-1,LIMA,LIMA,SANTA ANITA,CONDUCTOR FUGADO,NO SE CONOCE,,,NO IDENTIFICADO,,,NO INDICA,,FUGADO,FUGADO,NO,,NO,AUTOMÓVIL,13/11/2021,2021,NOVIEMBRE,SÁBADO,10,ATROPELLO FUGA,EN PROCESO DE INVESTIGACIÓN,NO CUENTA CON CAUSA ESPECIFICA,AVENIDA,NO CORRESPONDE,URBANO
A-2021-11-159,V-2021-11-159-1,P-2021-11-159-1-3,LIMA,LIMA,SANTA ANITA,PEATÓN,FALLECIDO,,EN EL LUGAR DE LOS HECHOS,IDENTIFICADO,PERÚ,75,MASCULINO,,NO CONDUCTOR,NO CONDUCTOR,NO,,NO,AUTOMÓVIL,13/11/2021,2021,NOVIEMBRE,SÁBADO,10,ATROPELLO FUGA,EN PROCESO DE INVESTIGACIÓN,NO CUENTA CON CAUSA ESPECIFICA,AVENIDA,NO CORRESPONDE,URBANO
A-2021-11-159,V-2021-11-159-2,P-2021-11-159-2-1,LIMA,LIMA,SANTA ANITA,CONDUCTOR,ILESO,,,IDENTIFICADO,PERÚ,37,MASCULINO,,VIGENTE,A I,SI,NEGATIVO,NO,AUTOMÓVIL,13/11/2021,2021,NOVIEMBRE,SÁBADO,10,ATROPELLO FUGA,EN PROCESO DE INVESTIGACIÓN,NO CUENTA CON CAUSA ESPECIFICA,AVENIDA,NO CORRESPONDE,URBANO
A-2021-11-160,V-2021-11-160-1,P-2021-11-160-1-1,LIMA,LIMA,SANTA ANITA,CONDUCTOR,FALLECIDO,,EN EL LUGAR DE LOS HECHOS,IDENTIFICADO,PERÚ,23,MASCULINO,,VIGENTE,B II C,SI,NEGATIVO,NO,MOTOCICLETA,13/11/2021,2021,NOVIEMBRE,SÁBADO,18,DESPISTE,EN PROCESO DE INVESTIGACIÓN,NO CUENTA CON CAUSA ESPECIFICA,AVENIDA,NO CORRESPONDE,URBANO
A-2021-11-165,V-2021-11-165-1,P-2021-11-165-1-1,LIMA,LIMA,LURIN,CONDUCTOR,ILESO,,,IDENTIFICADO,PERÚ,30,MASCULINO,SI,VIGENTE,A II B,SI,NEGATIVO,NO,CAMIÓN,17/11/2021,2021,NOVIEMBRE,MIÉRCOLES,5,CHOQUE,EN PROCESO DE INVESTIGACIÓN,NO CUENTA CON CAUSA ESPECIFICA,CARRETERA NACIONAL,PE-1S,NACIONAL
A-2021-11-165,V-2021-11-165-1,P-2021-11-165-1-2,LIMA,LIMA,LURIN,PASAJERO,FALLECIDO,,EN EL LUGAR DE LOS HECHOS,NO IDENTIFICADO,,,MASCULINO,,NO CONDUCTOR,NO CONDUCTOR,NO,,NO,CAMIÓN,17/11/2021,2021,NOVIEMBRE,MIÉRCOLES,5,CHOQUE,EN PROCESO DE INVESTIGACIÓN,NO CUENTA CON CAUSA ESPECIFICA,CARRETERA NACIONAL,PE-1S,NACIONAL
A-2021-11-165,V-2021-11-165-1,P-2021-11-165-1-3,LIMA,LIMA,LURIN,PASAJERO,LESIONADO,CENTRO DE SALUD PÚBLICO,,NO IDENTIFICADO,,,MASCULINO,,NO CONDUCTOR,NO CONDUCTOR,NO,,NO,CAMIÓN,17/11/2021,2021,NOVIEMBRE,MIÉRCOLES,5,CHOQUE,EN PROCESO DE INVESTIGACIÓN,NO CUENTA CON CAUSA ESPECIFICA,CARRETERA NACIONAL,PE-1S,NACIONAL
A-2021-11-165,V-2021-11-165-2,P-2021-11-165-2-1,LIMA,LIMA,LURIN,CONDUCTOR,ILESO,,,IDENTIFICADO,PERÚ,44,MASCULINO,SI,VIGENTE,A III B,SI,NEGATIVO,NO,REMOLCADOR-SEMIREMOLQUE,17/11/2021,2021,NOVIEMBRE,MIÉRCOLES,5,CHOQUE,EN PROCESO DE INVESTIGACIÓN,NO CUENTA CON CAUSA ESPECIFICA,CARRETERA NACIONAL,PE-1S,NACIONAL
A-2021-11-168,V-2021-11-168-1,P-2021-11-168-1-1,LIMA,LIMA,PUEBLO LIBRE,CONDUCTOR,ILESO,,,IDENTIFICADO,PERÚ,49,MASCULINO,SI,VIGENTE,A III A,SI,NEGATIVO,NO,ÓMNIBUS,17/11/2021,2021,NOVIEMBRE,MIÉRCOLES,10,ATROPELLO,EN PROCESO DE INVESTIGACIÓN,NO CUENTA CON CAUSA ESPECIFICA,AVENIDA,NO CORRESPONDE,URBANO
A-2021-11-168,V-2021-11-168-1,P-2021-11-168-1-2,LIMA,LIMA,PUEBLO LIBRE,PEATÓN,FALLECIDO,,EN EL LUGAR DE LOS HECHOS,IDENTIFICADO,PERÚ,76,MASCULINO,,NO CONDUCTOR,NO CONDUCTOR,NO,,NO,ÓMNIBUS,17/11/2021,2021,NOVIEMBRE,MIÉRCOLES,10,ATROPELLO,EN PROCESO DE INVESTIGACIÓN,NO CUENTA CON CAUSA ESPECIFICA,AVENIDA,NO CORRESPONDE,URBANO
A-2021-11-169,V-2021-11-169-1,P-2021-11-169-1-1,LIMA,LIMA,CHORRILLOS,CONDUCTOR FUGADO,NO SE CONOCE,,,NO IDENTIFICADO,PERÚ,,NO INDICA,,FUGADO,FUGADO,NO,,NO,AUTOMÓVIL,19/11/2021,2021,NOVIEMBRE,VIERNES,14,ATROPELLO FUGA,EN PROCESO DE INVESTIGACIÓN,NO CUENTA CON CAUSA ESPECIFICA,AVENIDA,NO CORRESPONDE,URBANO
A-2021-11-169,V-2021-11-169-1,P-2021-11-169-1-2,LIMA,LIMA,CHORRILLOS,PEATÓN,FALLECIDO,,EN EL CENTRO DE SALUD,IDENTIFICADO,PERÚ,6,MASCULINO,,NO CONDUCTOR,NO CONDUCTOR,NO,,NO,AUTOMÓVIL,19/11/2021,2021,NOVIEMBRE,VIERNES,14,ATROPELLO FUGA,EN PROCESO DE INVESTIGACIÓN,NO CUENTA CON CAUSA ESPECIFICA,AVENIDA,NO CORRESPONDE,URBANO
A-2021-11-179,V-2021-11-179-1,P-2021-11-179-1-1,LIMA,LIMA,SANTA ANITA,CONDUCTOR,NO SE CONOCE,,,NO IDENTIFICADO,,,NO INDICA,,FUGADO,FUGADO,,,,VEHICULO NO IDENTIFICADO,21/11/2021,2021,NOVIEMBRE,DOMINGO,3,ATROPELLO FUGA,EN PROCESO DE INVESTIGACIÓN,NO CUENTA CON CAUSA ESPECIFICA,CARRETERA NACIONAL,PE-1N,NACIONAL
A-2021-11-179,V-2021-11-179-1,P-2021-11-179-1-2,LIMA,LIMA,SANTA ANITA,PEATÓN,FALLECIDO,,EN EL LUGAR DE LOS HECHOS,IDENTIFICADO,PERÚ,22,MASCULINO,,NO CONDUCTOR,NO CONDUCTOR,SI,NEGATIVO,NO,VEHICULO NO IDENTIFICADO,21/11/2021,2021,NOVIEMBRE,DOMINGO,3,ATROPELLO FUGA,EN PROCESO DE INVESTIGACIÓN,NO CUENTA CON CAUSA ESPECIFICA,CARRETERA NACIONAL,PE-1N,NACIONAL
A-2021-11-170,V-2021-11-170-1,P-2021-11-170-1-1,LIMA,LIMA,SAN MARTIN DE PORRES,CONDUCTOR,FALLECIDO,,EN EL LUGAR DE LOS HECHOS,IDENTIFICADO,PERÚ,22,MASCULINO,,VIGENTE,B II C,SI,NEGATIVO,NO,MOTOCICLETA,21/11/2021,2021,NOVIEMBRE,DOMINGO,5,DESPISTE,EN PROCESO DE INVESTIGACIÓN,NO CUENTA CON CAUSA ESPECIFICA,CARRETERA NACIONAL,PE-1N,NACIONAL
A-2021-11-170,V-2021-11-170-1,P-2021-11-170-1-2,LIMA,LIMA,SAN MARTIN DE PORRES,PASAJERO,LESIONADO,CENTRO DE SALUD PÚBLICO,,IDENTIFICADO,PERÚ,23,FEMENINO,,NO CONDUCTOR,NO CONDUCTOR,SI,NEGATIVO,NO,MOTOCICLETA,21/11/2021,2021,NOVIEMBRE,DOMINGO,5,DESPISTE,EN PROCESO DE INVESTIGACIÓN,NO CUENTA CON CAUSA ESPECIFICA,CARRETERA NACIONAL,PE-1N,NACIONAL
A-2021-11-180,V-2021-11-180-1,P-2021-11-180-1-1,LIMA,LIMA,COMAS,CONDUCTOR,ILESO,,,IDENTIFICADO,PERÚ,43,MASCULINO,SI,VIGENTE,A II A,SI,NEGATIVO,NO,AUTOMÓVIL,21/11/2021,2021,NOVIEMBRE,DOMINGO,22,ATROPELLO,EN PROCESO DE INVESTIGACIÓN,NO CUENTA CON CAUSA ESPECIFICA,CARRETERA NACIONAL,PE-1N,NACIONAL
A-2021-11-180,V-2021-11-180-1,P-2021-11-180-1-2,LIMA,LIMA,COMAS,PEATÓN,FALLECIDO,,EN EL LUGAR DE LOS HECHOS,IDENTIFICADO,PERÚ,26,MASCULINO,,NO CONDUCTOR,NO CONDUCTOR,SI,NEGATIVO,NO,AUTOMÓVIL,21/11/2021,2021,NOVIEMBRE,DOMINGO,22,ATROPELLO,EN PROCESO DE INVESTIGACIÓN,NO CUENTA CON CAUSA ESPECIFICA,CARRETERA NACIONAL,PE-1N,NACIONAL
A-2021-11-185,V-2021-11-185-1,P-2021-11-185-1-1,LIMA,LIMA,LA MOLINA,CONDUCTOR,FALLECIDO,,EN EL LUGAR DE LOS HECHOS,IDENTIFICADO,PERÚ,30,MASCULINO,,NO CORRESPONDE,B II C,SI,NEGATIVO,NO,BICICLETA,23/11/2021,2021,NOVIEMBRE,MARTES,22,DESPISTE,IMPRUDENCIA DEL CONDUCTOR,EXCESO DE VELOCIDAD,CALLE,NO CORRESPONDE,URBANO
A-2021-11-186,V-2021-11-186-1,P-2021-11-186-1-1,LIMA,LIMA,LURIN,CONDUCTOR,ILESO,,,IDENTIFICADO,PERÚ,30,MASCULINO,,SIN LICENCIA,SIN LICENCIA,SI,,NO,AUTOMÓVIL,25/11/2021,2021,NOVIEMBRE,JUEVES,15,CHOQUE,EN PROCESO DE INVESTIGACIÓN,NO CUENTA CON CAUSA ESPECIFICA,AVENIDA,NO CORRESPONDE,URBANO
A-2021-11-186,V-2021-11-186-1,P-2021-11-186-1-2,LIMA,LIMA,LURIN,PASAJERO,FALLECIDO,,EN EL LUGAR DE LOS HECHOS,IDENTIFICADO,PERÚ,37,MASCULINO,,NO CONDUCTOR,NO CONDUCTOR,SI,NEGATIVO,NO,AUTOMÓVIL,25/11/2021,2021,NOVIEMBRE,JUEVES,15,CHOQUE,EN PROCESO DE INVESTIGACIÓN,NO CUENTA CON CAUSA ESPECIFICA,AVENIDA,NO CORRESPONDE,URBANO
A-2021-11-186,V-2021-11-186-2,P-2021-11-186-2-1,LIMA,LIMA,LURIN,CONDUCTOR,ILESO,,,IDENTIFICADO,PERÚ,45,FEMENINO,,VIGENTE,A I,SI,NEGATIVO,NO,AUTOMÓVIL,25/11/2021,2021,NOVIEMBRE,JUEVES,15,CHOQUE,EN PROCESO DE INVESTIGACIÓN,NO CUENTA CON CAUSA ESPECIFICA,AVENIDA,NO CORRESPONDE,URBANO
A-2021-11-187,V-2021-11-187-1,P-2021-11-187-1-1,LIMA,LIMA,LA VICTORIA,SIN CONDUCTOR,NO SE CONOCE,,,NO IDENTIFICADO,,,NO INDICA,,NO CONDUCTOR,NO CONDUCTOR,NO,,NO,VEHICULO NO IDENTIFICADO,26/11/2021,2021,NOVIEMBRE,VIERNES,14,ATROPELLO FUGA,EN PROCESO DE INVESTIGACIÓN,NO CUENTA CON CAUSA ESPECIFICA,AVENIDA,NO CORRESPONDE,URBANO
A-2021-11-187,V-2021-11-187-1,P-2021-11-187-1-2,LIMA,LIMA,LA VICTORIA,PEATÓN,FALLECIDO,,EN EL LUGAR DE LOS HECHOS,IDENTIFICADO,PERÚ,88,MASCULINO,,NO CONDUCTOR,NO CONDUCTOR,SI,NEGATIVO,NO,VEHICULO NO IDENTIFICADO,26/11/2021,2021,NOVIEMBRE,VIERNES,14,ATROPELLO FUGA,EN PROCESO DE INVESTIGACIÓN,NO CUENTA CON CAUSA ESPECIFICA,AVENIDA,NO CORRESPONDE,URBANO
A-2021-11-188,V-2021-11-188-1,P-2021-11-188-1-1,LIMA,LIMA,LURIN,CONDUCTOR,ILESO,,,IDENTIFICADO,PERÚ,34,MASCULINO,,VIGENTE,A I,SI,NEGATIVO,NO,AUTOMÓVIL,27/11/2021,2021,NOVIEMBRE,SÁBADO,14,ATROPELLO,EN PROCESO DE INVESTIGACIÓN,NO CUENTA CON CAUSA ESPECIFICA,OTRO,NO CORRESPONDE,URBANO
A-2021-11-188,V-2021-11-188-2,P-2021-11-188-2-1,LIMA,LIMA,LURIN,CONDUCTOR,ILESO,,,IDENTIFICADO,PERÚ,34,MASCULINO,,VENCIDA,A II A,NO,,NO,STATION WAGON,27/11/2021,2021,NOVIEMBRE,SÁBADO,14,ATROPELLO,EN PROCESO DE INVESTIGACIÓN,NO CUENTA CON CAUSA ESPECIFICA,OTRO,NO CORRESPONDE,URBANO
A-2021-11-188,V-2021-11-188-2,P-2021-11-188-2-2,LIMA,LIMA,LURIN,PEATÓN,FALLECIDO,,EN EL LUGAR DE LOS HECHOS,IDENTIFICADO,PERÚ,71,FEMENINO,,NO CONDUCTOR,NO CONDUCTOR,NO,,NO,STATION WAGON,27/11/2021,2021,NOVIEMBRE,SÁBADO,14,ATROPELLO,EN PROCESO DE INVESTIGACIÓN,NO CUENTA CON CAUSA ESPECIFICA,OTRO,NO CORRESPONDE,URBANO
A-2021-11-189,V-2021-11-189-1,P-2021-11-189-1-1,LIMA,LIMA,INDEPENDENCIA,CONDUCTOR,ILESO,,,IDENTIFICADO,PERÚ,30,MASCULINO,,VIGENTE,A III C,SI,NEGATIVO,NO,CAMIÓN,28/11/2021,2021,NOVIEMBRE,DOMINGO,5,ATROPELLO,EN PROCESO DE INVESTIGACIÓN,NO CUENTA CON CAUSA ESPECIFICA,CARRETERA NACIONAL,PE-1N,NACIONAL
A-2021-11-189,V-2021-11-189-1,P-2021-11-189-1-2,LIMA,LIMA,INDEPENDENCIA,PEATÓN,FALLECIDO,,EN EL LUGAR DE LOS HECHOS,IDENTIFICADO,PERÚ,44,MASCULINO,,NO CONDUCTOR,NO CONDUCTOR,NO,,NO,CAMIÓN,28/11/2021,2021,NOVIEMBRE,DOMINGO,5,ATROPELLO,EN PROCESO DE INVESTIGACIÓN,NO CUENTA CON CAUSA ESPECIFICA,CARRETERA NACIONAL,PE-1N,NACIONAL
A-2021-11-190,V-2021-11-190-1,P-2021-11-190-1-1,LIMA,LIMA,VILLA EL SALVADOR,CONDUCTOR FUGADO,NO SE CONOCE,,,NO IDENTIFICADO,,,NO INDICA,,FUGADO,FUGADO,NO,,NO,TRIMOTO PASAJERO,28/11/2021,2021,NOVIEMBRE,DOMINGO,22,ATROPELLO FUGA,EN PROCESO DE INVESTIGACIÓN,NO CUENTA CON CAUSA ESPECIFICA,AVENIDA,NO CORRESPONDE,URBANO
A-2021-11-190,V-2021-11-190-1,P-2021-11-190-1-2,LIMA,LIMA,VILLA EL SALVADOR,PEATÓN,FALLECIDO,,EN EL LUGAR DE LOS HECHOS,IDENTIFICADO,PERÚ,77,MASCULINO,,NO CONDUCTOR,NO CONDUCTOR,NO,,NO,TRIMOTO PASAJERO,28/11/2021,2021,NOVIEMBRE,DOMINGO,22,ATROPELLO FUGA,EN PROCESO DE INVESTIGACIÓN,NO CUENTA CON CAUSA ESPECIFICA,AVENIDA,NO CORRESPONDE,URBANO
A-2021-11-191,V-2021-11-191-1,P-2021-11-191-1-1,LIMA,LIMA,LURIN,CONDUCTOR,ILESO,,,IDENTIFICADO,PERÚ,53,MASCULINO,,SIN LICENCIA,SIN LICENCIA,SI,NEGATIVO,NO,CAMIONETA RURAL,29/11/2021,2021,NOVIEMBRE,LUNES,1,DESPISTE,EN PROCESO DE INVESTIGACIÓN,NO CUENTA CON CAUSA ESPECIFICA,CARRETERA PROVINCIAL,LM-801,PROVINCIAL
A-2021-11-191,V-2021-11-191-1,P-2021-11-191-1-2,LIMA,LIMA,LURIN,PASAJERO,FALLECIDO,,EN EL CENTRO DE SALUD,NO IDENTIFICADO,,,FEMENINO,,NO CONDUCTOR,NO CONDUCTOR,NO,,NO,CAMIONETA RURAL,29/11/2021,2021,NOVIEMBRE,LUNES,1,DESPISTE,EN PROCESO DE INVESTIGACIÓN,NO CUENTA CON CAUSA ESPECIFICA,CARRETERA PROVINCIAL,LM-801,PROVINCIAL
A-2021-11-191,V-2021-11-191-1,P-2021-11-191-1-3,LIMA,LIMA,LURIN,PASAJERO,LESIONADO,CENTRO DE SALUD PRIVADO,,IDENTIFICADO,PERÚ,25,FEMENINO,,NO CONDUCTOR,NO CONDUCTOR,NO,,NO,CAMIONETA RURAL,29/11/2021,2021,NOVIEMBRE,LUNES,1,DESPISTE,EN PROCESO DE INVESTIGACIÓN,NO CUENTA CON CAUSA ESPECIFICA,CARRETERA PROVINCIAL,LM-801,PROVINCIAL
A-2021-11-191,V-2021-11-191-1,P-2021-11-191-1-4,LIMA,LIMA,LURIN,PASAJERO,LESIONADO,CENTRO DE SALUD PRIVADO,,IDENTIFICADO,PERÚ,24,MASCULINO,,NO CONDUCTOR,NO CONDUCTOR,NO,,NO,CAMIONETA RURAL,29/11/2021,2021,NOVIEMBRE,LUNES,1,DESPISTE,EN PROCESO DE INVESTIGACIÓN,NO CUENTA CON CAUSA ESPECIFICA,CARRETERA PROVINCIAL,LM-801,PROVINCIAL
A-2021-11-192,V-2021-11-192-1,P-2021-11-192-1-1,LIMA,LIMA,LURIN,CONDUCTOR,ILESO,,,IDENTIFICADO,PERÚ,59,MASCULINO,,VIGENTE,A III C,SI,NEGATIVO,NO,CAMIONETA RURAL,29/11/2021,2021,NOVIEMBRE,LUNES,5,CHOQUE,EN PROCESO DE INVESTIGACIÓN,NO CUENTA CON CAUSA ESPECIFICA,AVENIDA,NO CORRESPONDE,URBANO
A-2021-11-192,V-2021-11-192-1,P-2021-11-192-1-2,LIMA,LIMA,LURIN,PASAJERO,FALLECIDO,,EN EL LUGAR DE LOS HECHOS,IDENTIFICADO,PERÚ,68,FEMENINO,,NO CONDUCTOR,NO CONDUCTOR,NO,,NO,CAMIONETA RURAL,29/11/2021,2021,NOVIEMBRE,LUNES,5,CHOQUE,EN PROCESO DE INVESTIGACIÓN,NO CUENTA CON CAUSA ESPECIFICA,AVENIDA,NO CORRESPONDE,URBANO
A-2021-11-192,V-2021-11-192-1,P-2021-11-192-1-3,LIMA,LIMA,LURIN,PASAJERO,LESIONADO,CENTRO DE SALUD PRIVADO,,IDENTIFICADO,PERÚ,46,FEMENINO,,NO CONDUCTOR,NO CONDUCTOR,NO,,NO,CAMIONETA RURAL,29/11/2021,2021,NOVIEMBRE,LUNES,5,CHOQUE,EN PROCESO DE INVESTIGACIÓN,NO CUENTA CON CAUSA ESPECIFICA,AVENIDA,NO CORRESPONDE,URBANO
A-2021-11-192,V-2021-11-192-1,P-2021-11-192-1-4,LIMA,LIMA,LURIN,PASAJERO,LESIONADO,CENTRO DE SALUD PRIVADO,,IDENTIFICADO,PERÚ,52,FEMENINO,,NO CONDUCTOR,NO CONDUCTOR,NO,,NO,CAMIONETA RURAL,29/11/2021,2021,NOVIEMBRE,LUNES,5,CHOQUE,EN PROCESO DE INVESTIGACIÓN,NO CUENTA CON CAUSA ESPECIFICA,AVENIDA,NO CORRESPONDE,URBANO
A-2021-11-192,V-2021-11-192-2,P-2021-11-192-2-1,LIMA,LIMA,LURIN,CONDUCTOR,ILESO,,,IDENTIFICADO,PERÚ,42,MASCULINO,,VIGENTE,A III B,SI,NEGATIVO,NO,REMOLCADOR-SEMIREMOLQUE,29/11/2021,2021,NOVIEMBRE,LUNES,5,CHOQUE,EN PROCESO DE INVESTIGACIÓN,NO CUENTA CON CAUSA ESPECIFICA,AVENIDA,NO CORRESPONDE,URBANO
A-2021-12-214,V-2021-12-214-1,P-2021-12-214-1-1,LIMA,LIMA,SAN JUAN DE LURIGANCHO,CONDUCTOR,FALLECIDO,,EN EL LUGAR DE LOS HECHOS,NO IDENTIFICADO,COLOMBIA,,MASCULINO,,SIN LICENCIA,SIN LICENCIA,NO,,SI,MOTOCICLETA,01/12/2021,2021,DICIEMBRE,MIÉRCOLES,17,VOLCADURA,IMPRUDENCIA DEL CONDUCTOR,OTRO (IMPRUDENCIA DEL CONDUCTOR),AVENIDA,NO CORRESPONDE,URBANO
A-2021-12-214,V-2021-12-214-2,P-2021-12-214-2-1,LIMA,LIMA,SAN JUAN DE LURIGANCHO,CONDUCTOR,ILESO,,,IDENTIFICADO,PERÚ,57,MASCULINO,SI,VIGENTE,A III C,NO,,SI,CAMIÓN,01/12/2021,2021,DICIEMBRE,MIÉRCOLES,17,VOLCADURA,IMPRUDENCIA DEL CONDUCTOR,OTRO (IMPRUDENCIA DEL CONDUCTOR),AVENIDA,NO CORRESPONDE,URBANO
A-2021-12-215,V-2021-12-215-1,P-2021-12-215-1-1,LIMA,LIMA,LURIGANCHO,CONDUCTOR,ILESO,,,IDENTIFICADO,PERÚ,34,MASCULINO,,SUSPENDIDA,A III A,,,SI,AUTOMÓVIL,02/12/2021,2021,DICIEMBRE,JUEVES,17,CHOQUE,EN PROCESO DE INVESTIGACIÓN,NO CUENTA CON CAUSA ESPECIFICA,AUTOPISTA,NO CORRESPONDE,URBANO
A-2021-12-215,V-2021-12-215-2,P-2021-12-215-2-1,LIMA,LIMA,LURIGANCHO,CONDUCTOR,FALLECIDO,,EN EL LUGAR DE LOS HECHOS,NO IDENTIFICADO,PERÚ,,MASCULINO,,SIN DNI IDENTIFICADO,SIN DNI IDENTIFICADO,,,SI,CAMIONETA PICK UP,02/12/2021,2021,DICIEMBRE,JUEVES,17,CHOQUE,EN PROCESO DE INVESTIGACIÓN,NO CUENTA CON CAUSA ESPECIFICA,AUTOPISTA,NO CORRESPONDE,URBANO
A-2021-12-116,V-2021-12-116-1,P-2021-12-116-1-1,LIMA,LIMA,LOS OLIVOS,CONDUCTOR,ILESO,,,IDENTIFICADO,PERÚ,37,MASCULINO,,CANCELADA / CONDUCTOR INHABILITADO,A I,NO,,SI,STATION WAGON,04/12/2021,2021,DICIEMBRE,SÁBADO,19,DESPISTE,IMPRUDENCIA DEL CONDUCTOR,CONDUCIR EN ESTADO DE EBRIEDAD Y/O DROGADICCIÓN,AVENIDA,NO CORRESPONDE,URBANO
A-2021-12-116,V-2021-12-116-2,P-2021-12-116-2-1,LIMA,LIMA,LOS OLIVOS,CONDUCTOR,ILESO,,,IDENTIFICADO,PERÚ,46,FEMENINO,SI,VIGENTE,A I,NO,,SI,AUTOMÓVIL,04/12/2021,2021,DICIEMBRE,SÁBADO,19,DESPISTE,IMPRUDENCIA DEL CONDUCTOR,CONDUCIR EN ESTADO DE EBRIEDAD Y/O DROGADICCIÓN,AVENIDA,NO CORRESPONDE,URBANO
A-2021-12-116,V-2021-12-116-2,P-2021-12-116-2-2,LIMA,LIMA,LOS OLIVOS,PEATÓN,FALLECIDO,,EN EL CENTRO DE SALUD,IDENTIFICADO,PERÚ,50,FEMENINO,,NO CONDUCTOR,NO CONDUCTOR,NO,,SI,AUTOMÓVIL,04/12/2021,2021,DICIEMBRE,SÁBADO,19,DESPISTE,IMPRUDENCIA DEL CONDUCTOR,CONDUCIR EN ESTADO DE EBRIEDAD Y/O DROGADICCIÓN,AVENIDA,NO CORRESPONDE,URBANO
A-2021-12-117,V-2021-12-117-1,P-2021-12-117-1-1,LIMA,LIMA,ATE,CONDUCTOR,ILESO,,,IDENTIFICADO,PERÚ,67,MASCULINO,,SIN LICENCIA,SIN LICENCIA,NO,,NO,OTRO,05/12/2021,2021,DICIEMBRE,DOMINGO,0,ATROPELLO,EN PROCESO DE INVESTIGACIÓN,NO CUENTA CON CAUSA ESPECIFICA,CARRETERA NACIONAL,PE-22,NACIONAL
A-2021-12-117,V-2021-12-117-1,P-2021-12-117-1-2,LIMA,LIMA,ATE,PEATÓN,FALLECIDO,,EN EL LUGAR DE LOS HECHOS,NO IDENTIFICADO,,,MASCULINO,,NO CONDUCTOR,NO CONDUCTOR,NO,,NO,OTRO,05/12/2021,2021,DICIEMBRE,DOMINGO,0,ATROPELLO,EN PROCESO DE INVESTIGACIÓN,NO CUENTA CON CAUSA ESPECIFICA,CARRETERA NACIONAL,PE-22,NACIONAL
A-2021-12-118,V-2021-12-118-1,P-2021-12-118-1-1,LIMA,LIMA,ATE,CONDUCTOR,ILESO,,,IDENTIFICADO,PERÚ,28,MASCULINO,SI,,A I,NO,,NO,MOTOCICLETA,05/12/2021,2021,DICIEMBRE,DOMINGO,15,ATROPELLO,EN PROCESO DE INVESTIGACIÓN,NO CUENTA CON CAUSA ESPECIFICA,CARRETERA NACIONAL,PE-1S,NACIONAL
A-2021-12-118,V-2021-12-118-1,P-2021-12-118-1-2,LIMA,LIMA,ATE,PEATÓN,FALLECIDO,,EN EL CENTRO DE SALUD,IDENTIFICADO,PERÚ,41,MASCULINO,,NO CONDUCTOR,NO CONDUCTOR,NO,,NO,MOTOCICLETA,05/12/2021,2021,DICIEMBRE,DOMINGO,15,ATROPELLO,EN PROCESO DE INVESTIGACIÓN,NO CUENTA CON CAUSA ESPECIFICA,CARRETERA NACIONAL,PE-1S,NACIONAL
A-2021-12-220,V-2021-12-220-1,P-2021-12-220-1-1,LIMA,LIMA,LOS OLIVOS,CONDUCTOR,ILESO,,,NO IDENTIFICADO,PERÚ,,MASCULINO,,SIN DNI IDENTIFICADO,SIN DNI IDENTIFICADO,,,,ÓMNIBUS,06/12/2021,2021,DICIEMBRE,LUNES,14,CHOQUE,EN PROCESO DE INVESTIGACIÓN,NO CUENTA CON CAUSA ESPECIFICA,AVENIDA,NO CORRESPONDE,URBANO
A-2021-12-220,V-2021-12-220-2,P-2021-12-220-2-1,LIMA,LIMA,LOS OLIVOS,CONDUCTOR,FALLECIDO,,EN EL CENTRO DE SALUD,IDENTIFICADO,PERÚ,38,MASCULINO,SI,,A I,,,,MOTOCICLETA,06/12/2021,2021,DICIEMBRE,LUNES,14,CHOQUE,EN PROCESO DE INVESTIGACIÓN,NO CUENTA CON CAUSA ESPECIFICA,AVENIDA,NO CORRESPONDE,URBANO
A-2021-12-119,V-2021-12-119-1,P-2021-12-119-1-1,LIMA,LIMA,CHACLACAYO,CONDUCTOR,ILESO,,,IDENTIFICADO,PERÚ,42,MASCULINO,SI,VIGENTE,A II B,,,,CAMIÓN,07/12/2021,2021,DICIEMBRE,MARTES,14,CHOQUE,EN PROCESO DE INVESTIGACIÓN,NO CUENTA CON CAUSA ESPECIFICA,CARRETERA NACIONAL,PE-22,NACIONAL
A-2021-12-119,V-2021-12-119-2,P-2021-12-119-2-1,LIMA,LIMA,CHACLACAYO,CONDUCTOR,FALLECIDO,,EN EL LUGAR DE LOS HECHOS,NO IDENTIFICADO,PERÚ,,FEMENINO,,SIN DNI IDENTIFICADO,SIN DNI IDENTIFICADO,,,,TRIMOTO PASAJERO,07/12/2021,2021,DICIEMBRE,MARTES,14,CHOQUE,EN PROCESO DE INVESTIGACIÓN,NO CUENTA CON CAUSA ESPECIFICA,CARRETERA NACIONAL,PE-22,NACIONAL
A-2021-12-8,V-2021-12-8-1,P-2021-12-8-1-1,CALLAO,CALLAO,CALLAO,CONDUCTOR,ILESO,,,IDENTIFICADO,PERÚ,58,MASCULINO,SI,VIGENTE,A III B,NO,,SI,REMOLCADOR-SEMIREMOLQUE,07/12/2021,2021,DICIEMBRE,MARTES,18,CHOQUE,EN PROCESO DE INVESTIGACIÓN,NO CUENTA CON CAUSA ESPECIFICA,CARRETERA NACIONAL,PE-20,NACIONAL
A-2021-12-8,V-2021-12-8-2,P-2021-12-8-2-1,CALLAO,CALLAO,CALLAO,CONDUCTOR,FALLECIDO,,EN EL LUGAR DE LOS HECHOS,IDENTIFICADO,PERÚ,19,MASCULINO,,VIGENTE,B I,NO,,SI,MOTOCICLETA,07/12/2021,2021,DICIEMBRE,MARTES,18,CHOQUE,EN PROCESO DE INVESTIGACIÓN,NO CUENTA CON CAUSA ESPECIFICA,CARRETERA NACIONAL,PE-20,NACIONAL
A-2021-12-7,V-2021-12-7-1,P-2021-12-7-1-1,CALLAO,CALLAO,CALLAO,CONDUCTOR,ILESO,,,IDENTIFICADO,PERÚ,44,MASCULINO,SI,VIGENTE,A III C,NO,,SI,REMOLCADOR-SEMIREMOLQUE,07/12/2021,2021,DICIEMBRE,MARTES,22,CHOQUE,NEGLIGENCIA DEL CONDUCTOR,OTRO (NEGLIGENCIA DEL CONDUCTOR),CARRETERA NACIONAL,PE-20,NACIONAL
A-2021-12-7,V-2021-12-7-2,P-2021-12-7-2-1,CALLAO,CALLAO,CALLAO,CONDUCTOR,FALLECIDO,,EN EL LUGAR DE LOS HECHOS,IDENTIFICADO,PERÚ,39,MASCULINO,,NO CORRESPONDE,A I,NO,,SI,BICICLETA,07/12/2021,2021,DICIEMBRE,MARTES,22,CHOQUE,NEGLIGENCIA DEL CONDUCTOR,OTRO (NEGLIGENCIA DEL CONDUCTOR),CARRETERA NACIONAL,PE-20,NACIONAL
A-2021-12-216,V-2021-12-216-1,P-2021-12-216-1-1,LIMA,LIMA,VILLA MARIA DEL TRIUNFO,CONDUCTOR FUGADO,NO SE CONOCE,,,NO IDENTIFICADO,,,NO INDICA,,FUGADO,FUGADO,NO,,NO,VEHICULO NO IDENTIFICADO,08/12/2021,2021,DICIEMBRE,MIÉRCOLES,10,CAÍDA DE PASAJERO,EN PROCESO DE INVESTIGACIÓN,NO CUENTA CON CAUSA ESPECIFICA,JIRÓN,NO CORRESPONDE,URBANO
A-2021-12-216,V-2021-12-216-1,P-2021-12-216-1-2,LIMA,LIMA,VILLA MARIA DEL TRIUNFO,PASAJERO,FALLECIDO,,EN EL CENTRO DE SALUD,IDENTIFICADO,PERÚ,53,MASCULINO,,NO CONDUCTOR,NO CONDUCTOR,,,,VEHICULO NO IDENTIFICADO,08/12/2021,2021,DICIEMBRE,MIÉRCOLES,10,CAÍDA DE PASAJERO,EN PROCESO DE INVESTIGACIÓN,NO CUENTA CON CAUSA ESPECIFICA,JIRÓN,NO CORRESPONDE,URBANO
A-2021-12-154,V-2021-12-154-1,P-2021-12-154-1-1,LIMA,LIMA,BARRANCO,CONDUCTOR,FALLECIDO,,EN EL LUGAR DE LOS HECHOS,NO IDENTIFICADO,,,MASCULINO,,SIN DNI IDENTIFICADO,SIN DNI IDENTIFICADO,,,,AUTOMÓVIL,10/12/2021,2021,DICIEMBRE,VIERNES,1,DESPISTE,EN PROCESO DE INVESTIGACIÓN,NO CUENTA CON CAUSA ESPECIFICA,OTRO,NO CORRESPONDE,URBANO
A-2021-12-154,V-2021-12-154-1,P-2021-12-154-1-2,LIMA,LIMA,BARRANCO,PASAJERO,LESIONADO,CENTRO DE SALUD PÚBLICO,,NO IDENTIFICADO,,,FEMENINO,,NO CONDUCTOR,NO CONDUCTOR,,,,AUTOMÓVIL,10/12/2021,2021,DICIEMBRE,VIERNES,1,DESPISTE,EN PROCESO DE INVESTIGACIÓN,NO CUENTA CON CAUSA ESPECIFICA,OTRO,NO CORRESPONDE,URBANO
A-2021-12-154,V-2021-12-154-1,P-2021-12-154-1-3,LIMA,LIMA,BARRANCO,PASAJERO,LESIONADO,CENTRO DE SALUD PÚBLICO,,NO IDENTIFICADO,,,MASCULINO,,NO CONDUCTOR,NO CONDUCTOR,NO,,NO,AUTOMÓVIL,10/12/2021,2021,DICIEMBRE,VIERNES,1,DESPISTE,EN PROCESO DE INVESTIGACIÓN,NO CUENTA CON CAUSA ESPECIFICA,OTRO,NO CORRESPONDE,URBANO
A-2021-12-155,V-2021-12-155-1,P-2021-12-155-1-1,LIMA,LIMA,VILLA MARIA DEL TRIUNFO,CONDUCTOR,ILESO,,,IDENTIFICADO,PERÚ,31,MASCULINO,,VENCIDA,A II B,,,,CAMIONETA RURAL,10/12/2021,2021,DICIEMBRE,VIERNES,16,CAÍDA DE PASAJERO,EN PROCESO DE INVESTIGACIÓN,NO CUENTA CON CAUSA ESPECIFICA,AVENIDA,NO CORRESPONDE,URBANO
A-2021-12-155,V-2021-12-155-1,P-2021-12-155-1-2,LIMA,LIMA,VILLA MARIA DEL TRIUNFO,PASAJERO,FALLECIDO,,EN EL CENTRO DE SALUD,NO IDENTIFICADO,PERÚ,,MASCULINO,,NO CONDUCTOR,NO CONDUCTOR,,,,CAMIONETA RURAL,10/12/2021,2021,DICIEMBRE,VIERNES,16,CAÍDA DE PASAJERO,EN PROCESO DE INVESTIGACIÓN,NO CUENTA CON CAUSA ESPECIFICA,AVENIDA,NO CORRESPONDE,URBANO
A-2021-12-155,V-2021-12-155-2,P-2021-12-155-2-1,LIMA,LIMA,VILLA MARIA DEL TRIUNFO,CONDUCTOR,ILESO,,,IDENTIFICADO,PERÚ,56,MASCULINO,SI,VIGENTE,A III C,,,,REMOLCADOR,10/12/2021,2021,DICIEMBRE,VIERNES,16,CAÍDA DE PASAJERO,EN PROCESO DE INVESTIGACIÓN,NO CUENTA CON CAUSA ESPECIFICA,AVENIDA,NO CORRESPONDE,URBANO
A-2021-12-156,V-2021-12-156-1,P-2021-12-156-1-1,LIMA,LIMA,LOS OLIVOS,CONDUCTOR,ILESO,,,IDENTIFICADO,PERÚ,24,MASCULINO,,SIN LICENCIA,SIN LICENCIA,,,,MOTOCICLETA,11/12/2021,2021,DICIEMBRE,SÁBADO,12,ATROPELLO,EN PROCESO DE INVESTIGACIÓN,NO CUENTA CON CAUSA ESPECIFICA,AVENIDA,NO CORRESPONDE,URBANO
A-2021-12-156,V-2021-12-156-1,P-2021-12-156-1-2,LIMA,LIMA,LOS OLIVOS,PEATÓN,FALLECIDO,,EN EL CENTRO DE SALUD,IDENTIFICADO,PERÚ,42,MASCULINO,,NO CONDUCTOR,NO CONDUCTOR,,,,MOTOCICLETA,11/12/2021,2021,DICIEMBRE,SÁBADO,12,ATROPELLO,EN PROCESO DE INVESTIGACIÓN,NO CUENTA CON CAUSA ESPECIFICA,AVENIDA,NO CORRESPONDE,URBANO
A-2021-12-157,V-2021-12-157-1,P-2021-12-157-1-1,LIMA,LIMA,VILLA EL SALVADOR,CONDUCTOR,ILESO,,,IDENTIFICADO,PERÚ,74,MASCULINO,SI,VIGENTE,A III C,,,,REMOLCADOR-SEMIREMOLQUE,11/12/2021,2021,DICIEMBRE,SÁBADO,21,CHOQUE,EN PROCESO DE INVESTIGACIÓN,NO CUENTA CON CAUSA ESPECIFICA,CARRETERA NACIONAL,PE-1S,NACIONAL
A-2021-12-157,V-2021-12-157-2,P-2021-12-157-2-1,LIMA,LIMA,VILLA EL SALVADOR,CONDUCTOR,ILESO,,,IDENTIFICADO,PERÚ,33,MASCULINO,SI,VIGENTE,A II B,,,,CAMIONETA RURAL,11/12/2021,2021,DICIEMBRE,SÁBADO,21,CHOQUE,EN PROCESO DE INVESTIGACIÓN,NO CUENTA CON CAUSA ESPECIFICA,CARRETERA NACIONAL,PE-1S,NACIONAL
A-2021-12-157,V-2021-12-157-2,P-2021-12-157-2-2,LIMA,LIMA,VILLA EL SALVADOR,PASAJERO,FALLECIDO,,EN EL CENTRO DE SALUD,IDENTIFICADO,PERÚ,46,FEMENINO,,NO CONDUCTOR,NO CONDUCTOR,,,,CAMIONETA RURAL,11/12/2021,2021,DICIEMBRE,SÁBADO,21,CHOQUE,EN PROCESO DE INVESTIGACIÓN,NO CUENTA CON CAUSA ESPECIFICA,CARRETERA NACIONAL,PE-1S,NACIONAL
A-2021-12-157,V-2021-12-157-2,P-2021-12-157-2-3,LIMA,LIMA,VILLA EL SALVADOR,PASAJERO,LESIONADO,CENTRO DE SALUD PRIVADO,,NO IDENTIFICADO,PERÚ,,MASCULINO,,NO CONDUCTOR,NO CONDUCTOR,,,,CAMIONETA RURAL,11/12/2021,2021,DICIEMBRE,SÁBADO,21,CHOQUE,EN PROCESO DE INVESTIGACIÓN,NO CUENTA CON CAUSA ESPECIFICA,CARRETERA NACIONAL,PE-1S,NACIONAL
A-2021-12-157,V-2021-12-157-2,P-2021-12-157-2-4,LIMA,LIMA,VILLA EL SALVADOR,PASAJERO,LESIONADO,CENTRO DE SALUD PRIVADO,,NO IDENTIFICADO,PERÚ,,MASCULINO,,NO CONDUCTOR,NO CONDUCTOR,,,,CAMIONETA RURAL,11/12/2021,2021,DICIEMBRE,SÁBADO,21,CHOQUE,EN PROCESO DE INVESTIGACIÓN,NO CUENTA CON CAUSA ESPECIFICA,CARRETERA NACIONAL,PE-1S,NACIONAL
A-2021-12-157,V-2021-12-157-2,P-2021-12-157-2-5,LIMA,LIMA,VILLA EL SALVADOR,PASAJERO,LESIONADO,CENTRO DE SALUD PRIVADO,,NO IDENTIFICADO,PERÚ,,FEMENINO,,NO CONDUCTOR,NO CONDUCTOR,,,,CAMIONETA RURAL,11/12/2021,2021,DICIEMBRE,SÁBADO,21,CHOQUE,EN PROCESO DE INVESTIGACIÓN,NO CUENTA CON CAUSA ESPECIFICA,CARRETERA NACIONAL,PE-1S,NACIONAL
A-2021-12-157,V-2021-12-157-2,P-2021-12-157-2-6,LIMA,LIMA,VILLA EL SALVADOR,PASAJERO,LESIONADO,CENTRO DE SALUD PRIVADO,,NO IDENTIFICADO,PERÚ,,FEMENINO,,NO CONDUCTOR,NO CONDUCTOR,,,,CAMIONETA RURAL,11/12/2021,2021,DICIEMBRE,SÁBADO,21,CHOQUE,EN PROCESO DE INVESTIGACIÓN,NO CUENTA CON CAUSA ESPECIFICA,CARRETERA NACIONAL,PE-1S,NACIONAL
A-2021-12-157,V-2021-12-157-2,P-2021-12-157-2-7,LIMA,LIMA,VILLA EL SALVADOR,PASAJERO,LESIONADO,CENTRO DE SALUD PRIVADO,,NO IDENTIFICADO,PERÚ,,FEMENINO,,NO CONDUCTOR,NO CONDUCTOR,,,,CAMIONETA RURAL,11/12/2021,2021,DICIEMBRE,SÁBADO,21,CHOQUE,EN PROCESO DE INVESTIGACIÓN,NO CUENTA CON CAUSA ESPECIFICA,CARRETERA NACIONAL,PE-1S,NACIONAL
A-2021-12-157,V-2021-12-157-2,P-2021-12-157-2-8,LIMA,LIMA,VILLA EL SALVADOR,PASAJERO,LESIONADO,CENTRO DE SALUD PRIVADO,,NO IDENTIFICADO,PERÚ,,FEMENINO,,NO CONDUCTOR,NO CONDUCTOR,,,,CAMIONETA RURAL,11/12/2021,2021,DICIEMBRE,SÁBADO,21,CHOQUE,EN PROCESO DE INVESTIGACIÓN,NO CUENTA CON CAUSA ESPECIFICA,CARRETERA NACIONAL,PE-1S,NACIONAL
A-2021-12-157,V-2021-12-157-2,P-2021-12-157-2-9,LIMA,LIMA,VILLA EL SALVADOR,PASAJERO,LESIONADO,CENTRO DE SALUD PRIVADO,,NO IDENTIFICADO,PERÚ,,MASCULINO,,NO CONDUCTOR,NO CONDUCTOR,,,,CAMIONETA RURAL,11/12/2021,2021,DICIEMBRE,SÁBADO,21,CHOQUE,EN PROCESO DE INVESTIGACIÓN,NO CUENTA CON CAUSA ESPECIFICA,CARRETERA NACIONAL,PE-1S,NACIONAL
A-2021-12-14,V-2021-12-14-1,P-2021-12-14-1-1,CALLAO,CALLAO,CALLAO,CONDUCTOR,FALLECIDO,,EN EL LUGAR DE LOS HECHOS,IDENTIFICADO,PERÚ,33,MASCULINO,SI,VIGENTE,B II C,NO,,SI,MOTOCICLETA,12/12/2021,2021,DICIEMBRE,DOMINGO,7,DESPISTE,EN PROCESO DE INVESTIGACIÓN,NO CUENTA CON CAUSA ESPECIFICA,CARRETERA NACIONAL,PE-20B,NACIONAL
A-2021-12-295,V-2021-12-295-1,P-2021-12-295-1-1,LIMA,LIMA,LOS OLIVOS,CONDUCTOR,NO SE CONOCE,,,NO IDENTIFICADO,,,MASCULINO,,FUGADO,FUGADO,,,,VEHICULO NO IDENTIFICADO,12/12/2021,2021,DICIEMBRE,DOMINGO,13,DESPISTE,EN PROCESO DE INVESTIGACIÓN,NO CUENTA CON CAUSA ESPECIFICA,AVENIDA,NO CORRESPONDE,URBANO
A-2021-12-295,V-2021-12-295-1,P-2021-12-295-1-2,LIMA,LIMA,LOS OLIVOS,PASAJERO,FALLECIDO,,,NO IDENTIFICADO,,,FEMENINO,,NO CONDUCTOR,NO CONDUCTOR,,,,VEHICULO NO IDENTIFICADO,12/12/2021,2021,DICIEMBRE,DOMINGO,13,DESPISTE,EN PROCESO DE INVESTIGACIÓN,NO CUENTA CON CAUSA ESPECIFICA,AVENIDA,NO CORRESPONDE,URBANO
A-2021-12-158,V-2021-12-158-1,P-2021-12-158-1-1,LIMA,LIMA,CIENEGUILLA,CONDUCTOR,FALLECIDO,,EN EL LUGAR DE LOS HECHOS,NO IDENTIFICADO,PERÚ,,MASCULINO,,SIN DNI IDENTIFICADO,SIN DNI IDENTIFICADO,,,,CAMIÓN,13/12/2021,2021,DICIEMBRE,LUNES,21,CHOQUE,EN PROCESO DE INVESTIGACIÓN,NO CUENTA CON CAUSA ESPECIFICA,CALLE,NO CORRESPONDE,URBANO
A-2021-12-158,V-2021-12-158-2,P-2021-12-158-2-1,LIMA,LIMA,CIENEGUILLA,CONDUCTOR,NO SE CONOCE,,,NO IDENTIFICADO,,,NO INDICA,,SIN DNI IDENTIFICADO,SIN DNI IDENTIFICADO,,,,AUTOMÓVIL,13/12/2021,2021,DICIEMBRE,LUNES,21,CHOQUE,EN PROCESO DE INVESTIGACIÓN,NO CUENTA CON CAUSA ESPECIFICA,CALLE,NO CORRESPONDE,URBANO
A-2021-12-159,V-2021-12-159-1,P-2021-12-159-1-1,LIMA,LIMA,LOS OLIVOS,CONDUCTOR,ILESO,,,NO IDENTIFICADO,,,MASCULINO,,SIN DNI IDENTIFICADO,SIN DNI IDENTIFICADO,,,,TRIMOTO PASAJERO,14/12/2021,2021,DICIEMBRE,MARTES,6,CHOQUE,EN PROCESO DE INVESTIGACIÓN,NO CUENTA CON CAUSA ESPECIFICA,CARRETERA NACIONAL,PE-20F,NACIONAL
A-2021-12-159,V-2021-12-159-2,P-2021-12-159-2-1,LIMA,LIMA,LOS OLIVOS,CONDUCTOR,FALLECIDO,,EN EL LUGAR DE LOS HECHOS,IDENTIFICADO,PERÚ,58,MASCULINO,,,A I,,,,MOTOCICLETA,14/12/2021,2021,DICIEMBRE,MARTES,6,CHOQUE,EN PROCESO DE INVESTIGACIÓN,NO CUENTA CON CAUSA ESPECIFICA,CARRETERA NACIONAL,PE-20F,NACIONAL
A-2021-12-27,V-2021-12-27-1,P-2021-12-27-1-1,CALLAO,CALLAO,CALLAO,CONDUCTOR,ILESO,,,IDENTIFICADO,PERÚ,36,MASCULINO,SI,VIGENTE,A III B,NO,,SI,REMOLCADOR,15/12/2021,2021,DICIEMBRE,MIÉRCOLES,17,CHOQUE,IMPRUDENCIA DEL CONDUCTOR,OTRO (IMPRUDENCIA DEL CONDUCTOR),AVENIDA,NO CORRESPONDE,URBANO
A-2021-12-27,V-2021-12-27-2,P-2021-12-27-2-1,CALLAO,CALLAO,CALLAO,CONDUCTOR,FALLECIDO,,EN EL LUGAR DE LOS HECHOS,IDENTIFICADO,PERÚ,11,MASCULINO,,NO CORRESPONDE,NO CORRESPONDE,NO,,NO,BICICLETA,15/12/2021,2021,DICIEMBRE,MIÉRCOLES,17,CHOQUE,IMPRUDENCIA DEL CONDUCTOR,OTRO (IMPRUDENCIA DEL CONDUCTOR),AVENIDA,NO CORRESPONDE,URBANO
A-2021-12-206,V-2021-12-206-1,P-2021-12-206-1-1,LIMA,LIMA,CIENEGUILLA,CONDUCTOR,FALLECIDO,,EN EL LUGAR DE LOS HECHOS,IDENTIFICADO,PERÚ,54,MASCULINO,,,A II B,,,,MOTOCICLETA,15/12/2021,2021,DICIEMBRE,MIÉRCOLES,19,VOLCADURA,EN PROCESO DE INVESTIGACIÓN,NO CUENTA CON CAUSA ESPECIFICA,AVENIDA,NO CORRESPONDE,URBANO
A-2021-12-207,V-2021-12-207-1,P-2021-12-207-1-1,LIMA,LIMA,PACHACAMAC,CONDUCTOR,ILESO,,,IDENTIFICADO,PERÚ,20,FEMENINO,,SIN LICENCIA,SIN LICENCIA,NO,,SI,TRIMOTO PASAJERO,16/12/2021,2021,DICIEMBRE,JUEVES,20,ATROPELLO,IMPRUDENCIA DEL CONDUCTOR,OTRO (IMPRUDENCIA DEL CONDUCTOR),AVENIDA,NO CORRESPONDE,URBANO
A-2021-12-207,V-2021-12-207-1,P-2021-12-207-1-2,LIMA,LIMA,PACHACAMAC,PEATÓN,FALLECIDO,,EN EL CENTRO DE SALUD,NO IDENTIFICADO,PERÚ,,FEMENINO,,NO CONDUCTOR,NO CONDUCTOR,,,,TRIMOTO PASAJERO,16/12/2021,2021,DICIEMBRE,JUEVES,20,ATROPELLO,IMPRUDENCIA DEL CONDUCTOR,OTRO (IMPRUDENCIA DEL CONDUCTOR),AVENIDA,NO CORRESPONDE,URBANO
A-2021-12-208,V-2021-12-208-1,P-2021-12-208-1-1,LIMA,LIMA,SAN MARTIN DE PORRES,CONDUCTOR,ILESO,,,IDENTIFICADO,PERÚ,43,MASCULINO,SI,VIGENTE,A I,,,,AUTOMÓVIL,18/12/2021,2021,DICIEMBRE,SÁBADO,12,CHOQUE,EN PROCESO DE INVESTIGACIÓN,NO CUENTA CON CAUSA ESPECIFICA,AVENIDA,NO CORRESPONDE,URBANO
A-2021-12-208,V-2021-12-208-2,P-2021-12-208-2-1,LIMA,LIMA,SAN MARTIN DE PORRES,CONDUCTOR,FALLECIDO,,EN EL LUGAR DE LOS HECHOS,NO IDENTIFICADO,PERÚ,,MASCULINO,,SIN DNI IDENTIFICADO,SIN DNI IDENTIFICADO,,,,MOTOCICLETA,18/12/2021,2021,DICIEMBRE,SÁBADO,12,CHOQUE,EN PROCESO DE INVESTIGACIÓN,NO CUENTA CON CAUSA ESPECIFICA,AVENIDA,NO CORRESPONDE,URBANO
A-2021-12-209,V-2021-12-209-1,P-2021-12-209-1-1,LIMA,LIMA,MIRAFLORES,CONDUCTOR,FALLECIDO,,EN EL LUGAR DE LOS HECHOS,NO IDENTIFICADO,PERÚ,,MASCULINO,,NO CORRESPONDE,SIN DNI IDENTIFICADO,,,,BICICLETA,18/12/2021,2021,DICIEMBRE,SÁBADO,20,CHOQUE,EN PROCESO DE INVESTIGACIÓN,NO CUENTA CON CAUSA ESPECIFICA,AVENIDA,NO CORRESPONDE,URBANO
A-2021-12-209,V-2021-12-209-2,P-2021-12-209-2-1,LIMA,LIMA,MIRAFLORES,CONDUCTOR FUGADO,NO SE CONOCE,,,NO IDENTIFICADO,,,NO INDICA,,FUGADO,FUGADO,NO,,NO,VEHICULO NO IDENTIFICADO,18/12/2021,2021,DICIEMBRE,SÁBADO,20,CHOQUE,EN PROCESO DE INVESTIGACIÓN,NO CUENTA CON CAUSA ESPECIFICA,AVENIDA,NO CORRESPONDE,URBANO
A-2021-12-210,V-2021-12-210-1,P-2021-12-210-1-1,LIMA,LIMA,COMAS,CONDUCTOR FUGADO,NO SE CONOCE,,,NO IDENTIFICADO,,,NO INDICA,,FUGADO,FUGADO,NO,,NO,VEHICULO NO IDENTIFICADO,19/12/2021,2021,DICIEMBRE,DOMINGO,2,CHOQUE,EN PROCESO DE INVESTIGACIÓN,NO CUENTA CON CAUSA ESPECIFICA,CARRETERA NACIONAL,PE-1N,NACIONAL
A-2021-12-210,V-2021-12-210-2,P-2021-12-210-2-1,LIMA,LIMA,COMAS,CONDUCTOR,FALLECIDO,,EN EL LUGAR DE LOS HECHOS,NO IDENTIFICADO,COLOMBIA,,MASCULINO,,SIN DNI IDENTIFICADO,SIN DNI IDENTIFICADO,,,,MOTOCICLETA,19/12/2021,2021,DICIEMBRE,DOMINGO,2,CHOQUE,EN PROCESO DE INVESTIGACIÓN,NO CUENTA CON CAUSA ESPECIFICA,CARRETERA NACIONAL,PE-1N,NACIONAL
A-2021-12-212,V-2021-12-212-1,P-2021-12-212-1-1,LIMA,LIMA,VILLA EL SALVADOR,CONDUCTOR,ILESO,,,IDENTIFICADO,PERÚ,42,MASCULINO,SI,VIGENTE,A III B,,,,AUTOMÓVIL,19/12/2021,2021,DICIEMBRE,DOMINGO,5,ATROPELLO,EN PROCESO DE INVESTIGACIÓN,NO CUENTA CON CAUSA ESPECIFICA,AVENIDA,NO CORRESPONDE,URBANO
A-2021-12-212,V-2021-12-212-1,P-2021-12-212-1-2,LIMA,LIMA,VILLA EL SALVADOR,PEATÓN,FALLECIDO,,EN EL CENTRO DE SALUD,NO IDENTIFICADO,PERÚ,,MASCULINO,,NO CONDUCTOR,NO CONDUCTOR,,,,AUTOMÓVIL,19/12/2021,2021,DICIEMBRE,DOMINGO,5,ATROPELLO,EN PROCESO DE INVESTIGACIÓN,NO CUENTA CON CAUSA ESPECIFICA,AVENIDA,NO CORRESPONDE,URBANO
A-2021-12-211,V-2021-12-211-1,P-2021-12-211-1-1,LIMA,LIMA,PACHACAMAC,CONDUCTOR,ILESO,,,NO IDENTIFICADO,PERÚ,,MASCULINO,,SIN DNI IDENTIFICADO,SIN DNI IDENTIFICADO,,,,ÓMNIBUS,20/12/2021,2021,DICIEMBRE,LUNES,6,ATROPELLO,EN PROCESO DE INVESTIGACIÓN,NO CUENTA CON CAUSA ESPECIFICA,AVENIDA,NO CORRESPONDE,URBANO
A-2021-12-211,V-2021-12-211-1,P-2021-12-211-1-2,LIMA,LIMA,PACHACAMAC,PEATÓN,FALLECIDO,,EN EL CENTRO DE SALUD,IDENTIFICADO,PERÚ,56,FEMENINO,,NO CONDUCTOR,NO CONDUCTOR,,,,ÓMNIBUS,20/12/2021,2021,DICIEMBRE,LUNES,6,ATROPELLO,EN PROCESO DE INVESTIGACIÓN,NO CUENTA CON CAUSA ESPECIFICA,AVENIDA,NO CORRESPONDE,URBANO
A-2021-12-34,V-2021-12-34-1,P-2021-12-34-1-1,CALLAO,CALLAO,MI PERU,CONDUCTOR,ILESO,,,IDENTIFICADO,PERÚ,47,MASCULINO,SI,VIGENTE,A II B,NO,,SI,CAMIONETA RURAL,20/12/2021,2021,DICIEMBRE,LUNES,11,ATROPELLO,NEGLIGENCIA DEL CONDUCTOR,OTRO (NEGLIGENCIA DEL CONDUCTOR),AVENIDA,NO CORRESPONDE,URBANO
A-2021-12-34,V-2021-12-34-1,P-2021-12-34-1-2,CALLAO,CALLAO,MI PERU,PEATÓN,FALLECIDO,,EN EL LUGAR DE LOS HECHOS,IDENTIFICADO,PERÚ,32,MASCULINO,,NO CONDUCTOR,NO CONDUCTOR,NO,,SI,CAMIONETA RURAL,20/12/2021,2021,DICIEMBRE,LUNES,11,ATROPELLO,NEGLIGENCIA DEL CONDUCTOR,OTRO (NEGLIGENCIA DEL CONDUCTOR),AVENIDA,NO CORRESPONDE,URBANO
A-2021-12-213,V-2021-12-213-1,P-2021-12-213-1-1,LIMA,LIMA,SAN JUAN DE LURIGANCHO,CONDUCTOR,LESIONADO,CENTRO DE SALUD PÚBLICO,,IDENTIFICADO,PERÚ,62,MASCULINO,SI,,A II A,,,,TRIMOTO PASAJERO,20/12/2021,2021,DICIEMBRE,LUNES,15,CHOQUE,EN PROCESO DE INVESTIGACIÓN,NO CUENTA CON CAUSA ESPECIFICA,AVENIDA,NO CORRESPONDE,URBANO
A-2021-12-213,V-2021-12-213-1,P-2021-12-213-1-2,LIMA,LIMA,SAN JUAN DE LURIGANCHO,PASAJERO,FALLECIDO,,EN EL CENTRO DE SALUD,NO IDENTIFICADO,VENEZUELA,,FEMENINO,,NO CONDUCTOR,NO CONDUCTOR,,,,TRIMOTO PASAJERO,20/12/2021,2021,DICIEMBRE,LUNES,15,CHOQUE,EN PROCESO DE INVESTIGACIÓN,NO CUENTA CON CAUSA ESPECIFICA,AVENIDA,NO CORRESPONDE,URBANO
A-2021-12-213,V-2021-12-213-2,P-2021-12-213-2-1,LIMA,LIMA,SAN JUAN DE LURIGANCHO,CONDUCTOR,ILESO,,,NO IDENTIFICADO,PERÚ,,MASCULINO,,SIN DNI IDENTIFICADO,SIN DNI IDENTIFICADO,,,,MINIBUS,20/12/2021,2021,DICIEMBRE,LUNES,15,CHOQUE,EN PROCESO DE INVESTIGACIÓN,NO CUENTA CON CAUSA ESPECIFICA,AVENIDA,NO CORRESPONDE,URBANO
A-2021-12-223,V-2021-12-223-1,P-2021-12-223-1-1,LIMA,LIMA,SAN MARTIN DE PORRES,CONDUCTOR,FALLECIDO,,EN EL LUGAR DE LOS HECHOS,NO IDENTIFICADO,,,MASCULINO,,SIN DNI IDENTIFICADO,SIN DNI IDENTIFICADO,,,,MOTOCICLETA,22/12/2021,2021,DICIEMBRE,MIÉRCOLES,6,DESPISTE,EN PROCESO DE INVESTIGACIÓN,NO CUENTA CON CAUSA ESPECIFICA,CARRETERA NACIONAL,PE-1N,NACIONAL
A-2021-12-224,V-2021-12-224-1,P-2021-12-224-1-1,LIMA,LIMA,LURIN,CONDUCTOR,ILESO,,,IDENTIFICADO,PERÚ,40,MASCULINO,SI,VIGENTE,A I,,,,CAMIONETA RURAL,23/12/2021,2021,DICIEMBRE,JUEVES,19,ATROPELLO,EN PROCESO DE INVESTIGACIÓN,NO CUENTA CON CAUSA ESPECIFICA,AVENIDA,NO CORRESPONDE,URBANO
A-2021-12-224,V-2021-12-224-1,P-2021-12-224-1-2,LIMA,LIMA,LURIN,PEATÓN,FALLECIDO,,EN EL LUGAR DE LOS HECHOS,NO IDENTIFICADO,PERÚ,,MASCULINO,,NO CONDUCTOR,NO CONDUCTOR,,,,CAMIONETA RURAL,23/12/2021,2021,DICIEMBRE,JUEVES,19,ATROPELLO,EN PROCESO DE INVESTIGACIÓN,NO CUENTA CON CAUSA ESPECIFICA,AVENIDA,NO CORRESPONDE,URBANO
A-2021-12-241,V-2021-12-241-1,P-2021-12-241-1-1,LIMA,LIMA,CIENEGUILLA,CONDUCTOR,ILESO,,,NO IDENTIFICADO,PERÚ,,MASCULINO,,SIN DNI IDENTIFICADO,SIN DNI IDENTIFICADO,,,,AUTOMÓVIL,24/12/2021,2021,DICIEMBRE,VIERNES,16,CHOQUE,EN PROCESO DE INVESTIGACIÓN,NO CUENTA CON CAUSA ESPECIFICA,CARRETERA DEPARTAMENTAL,LM-119,DEPARTAMENTAL
A-2021-12-241,V-2021-12-241-2,P-2021-12-241-2-1,LIMA,LIMA,CIENEGUILLA,CONDUCTOR,FALLECIDO,,EN EL LUGAR DE LOS HECHOS,NO IDENTIFICADO,PERÚ,,MASCULINO,,SIN DNI IDENTIFICADO,SIN DNI IDENTIFICADO,,,,MOTOCICLETA,24/12/2021,2021,DICIEMBRE,VIERNES,16,CHOQUE,EN PROCESO DE INVESTIGACIÓN,NO CUENTA CON CAUSA ESPECIFICA,CARRETERA DEPARTAMENTAL,LM-119,DEPARTAMENTAL
A-2021-12-240,V-2021-12-240-1,P-2021-12-240-1-1,LIMA,LIMA,LOS OLIVOS,CONDUCTOR,ILESO,,,IDENTIFICADO,PERÚ,57,MASCULINO,SI,VIGENTE,A III C,,,,CAMIONETA RURAL,24/12/2021,2021,DICIEMBRE,VIERNES,17,ATROPELLO,EN PROCESO DE INVESTIGACIÓN,NO CUENTA CON CAUSA ESPECIFICA,AVENIDA,NO CORRESPONDE,URBANO
A-2021-12-240,V-2021-12-240-1,P-2021-12-240-1-2,LIMA,LIMA,LOS OLIVOS,PEATÓN,FALLECIDO,,EN EL LUGAR DE LOS HECHOS,NO IDENTIFICADO,PERÚ,,MASCULINO,,NO CONDUCTOR,NO CONDUCTOR,,,,CAMIONETA RURAL,24/12/2021,2021,DICIEMBRE,VIERNES,17,ATROPELLO,EN PROCESO DE INVESTIGACIÓN,NO CUENTA CON CAUSA ESPECIFICA,AVENIDA,NO CORRESPONDE,URBANO
A-2021-12-293,V-2021-12-293-1,P-2021-12-293-1-1,CALLAO,CALLAO,VENTANILLA,CONDUCTOR,ILESO,,,IDENTIFICADO,PERÚ,27,MASCULINO,,VIGENTE,B II C,NO,,SI,TRIMOTO PASAJERO,25/12/2021,2021,DICIEMBRE,SÁBADO,13,ATROPELLO,IMPRUDENCIA DEL PEATÓN,OTRO (IMPRUDENCIA DEL PEATÓN),AVENIDA,NO CORRESPONDE,URBANO
A-2021-12-293,V-2021-12-293-1,P-2021-12-293-1-2,CALLAO,CALLAO,VENTANILLA,PEATÓN,FALLECIDO,,EN EL CENTRO DE SALUD,IDENTIFICADO,PERÚ,53,FEMENINO,,NO CONDUCTOR,NO CONDUCTOR,NO,,SI,TRIMOTO PASAJERO,25/12/2021,2021,DICIEMBRE,SÁBADO,13,ATROPELLO,IMPRUDENCIA DEL PEATÓN,OTRO (IMPRUDENCIA DEL PEATÓN),AVENIDA,NO CORRESPONDE,URBANO
A-2021-12-242,V-2021-12-242-1,P-2021-12-242-1-1,LIMA,LIMA,CARABAYLLO,CONDUCTOR,ILESO,,,NO IDENTIFICADO,PERÚ,,MASCULINO,,SIN DNI IDENTIFICADO,SIN DNI IDENTIFICADO,,,,ÓMNIBUS,25/12/2021,2021,DICIEMBRE,SÁBADO,16,ATROPELLO,EN PROCESO DE INVESTIGACIÓN,NO CUENTA CON CAUSA ESPECIFICA,AVENIDA,NO CORRESPONDE,URBANO
A-2021-12-242,V-2021-12-242-1,P-2021-12-242-1-2,LIMA,LIMA,CARABAYLLO,PEATÓN,FALLECIDO,,EN EL LUGAR DE LOS HECHOS,NO IDENTIFICADO,PERÚ,,MASCULINO,,NO CONDUCTOR,NO CONDUCTOR,,,,ÓMNIBUS,25/12/2021,2021,DICIEMBRE,SÁBADO,16,ATROPELLO,EN PROCESO DE INVESTIGACIÓN,NO CUENTA CON CAUSA ESPECIFICA,AVENIDA,NO CORRESPONDE,URBANO
A-2021-12-243,V-2021-12-243-1,P-2021-12-243-1-1,LIMA,LIMA,CHACLACAYO,CONDUCTOR,FALLECIDO,,EN EL LUGAR DE LOS HECHOS,NO IDENTIFICADO,PERÚ,,MASCULINO,,SIN DNI IDENTIFICADO,SIN DNI IDENTIFICADO,,,,MOTOCICLETA,26/12/2021,2021,DICIEMBRE,DOMINGO,4,DESPISTE,EN PROCESO DE INVESTIGACIÓN,NO CUENTA CON CAUSA ESPECIFICA,CARRETERA NACIONAL,PE-22,NACIONAL
A-2021-12-245,V-2021-12-245-1,P-2021-12-245-1-1,LIMA,LIMA,LA VICTORIA,CONDUCTOR,FALLECIDO,,EN EL LUGAR DE LOS HECHOS,NO IDENTIFICADO,PERÚ,,MASCULINO,,SIN DNI IDENTIFICADO,SIN DNI IDENTIFICADO,,,,TRIMOTO CARGA,26/12/2021,2021,DICIEMBRE,DOMINGO,16,VOLCADURA,EN PROCESO DE INVESTIGACIÓN,NO CUENTA CON CAUSA ESPECIFICA,AVENIDA,NO CORRESPONDE,URBANO
A-2021-12-244,V-2021-12-244-1,P-2021-12-244-1-1,LIMA,LIMA,CHORRILLOS,CONDUCTOR,FALLECIDO,,EN EL LUGAR DE LOS HECHOS,NO IDENTIFICADO,PERÚ,,MASCULINO,,SIN DNI IDENTIFICADO,SIN DNI IDENTIFICADO,,,,MOTOCICLETA,26/12/2021,2021,DICIEMBRE,DOMINGO,17,ATROPELLO,EN PROCESO DE INVESTIGACIÓN,NO CUENTA CON CAUSA ESPECIFICA,AVENIDA,NO CORRESPONDE,URBANO
A-2021-12-244,V-2021-12-244-1,P-2021-12-244-1-2,LIMA,LIMA,CHORRILLOS,PEATÓN,FALLECIDO,,EN EL LUGAR DE LOS HECHOS,NO IDENTIFICADO,PERÚ,,FEMENINO,,NO CONDUCTOR,NO CONDUCTOR,,,,MOTOCICLETA,26/12/2021,2021,DICIEMBRE,DOMINGO,17,ATROPELLO,EN PROCESO DE INVESTIGACIÓN,NO CUENTA CON CAUSA ESPECIFICA,AVENIDA,NO CORRESPONDE,URBANO
A-2021-12-244,V-2021-12-244-1,P-2021-12-244-1-3,LIMA,LIMA,CHORRILLOS,PEATÓN,LESIONADO,CENTRO DE SALUD PÚBLICO,,NO IDENTIFICADO,,,FEMENINO,,NO CONDUCTOR,NO CONDUCTOR,,,,MOTOCICLETA,26/12/2021,2021,DICIEMBRE,DOMINGO,17,ATROPELLO,EN PROCESO DE INVESTIGACIÓN,NO CUENTA CON CAUSA ESPECIFICA,AVENIDA,NO CORRESPONDE,URBANO
A-2021-12-246,V-2021-12-246-1,P-2021-12-246-1-1,LIMA,LIMA,LURIGANCHO,CONDUCTOR,ILESO,,,NO IDENTIFICADO,,,MASCULINO,,SIN DNI IDENTIFICADO,SIN DNI IDENTIFICADO,,,,MINIBUS,27/12/2021,2021,DICIEMBRE,LUNES,4,CHOQUE,EN PROCESO DE INVESTIGACIÓN,NO CUENTA CON CAUSA ESPECIFICA,CARRETERA NACIONAL,PE-22,NACIONAL
A-2021-12-246,V-2021-12-246-2,P-2021-12-246-2-1,LIMA,LIMA,LURIGANCHO,CONDUCTOR,FALLECIDO,,EN EL LUGAR DE LOS HECHOS,NO IDENTIFICADO,,,MASCULINO,,SIN DNI IDENTIFICADO,SIN DNI IDENTIFICADO,,,,TRIMOTO PASAJERO,27/12/2021,2021,DICIEMBRE,LUNES,4,CHOQUE,EN PROCESO DE INVESTIGACIÓN,NO CUENTA CON CAUSA ESPECIFICA,CARRETERA NACIONAL,PE-22,NACIONAL
A-2021-12-80,V-2021-12-80-1,P-2021-12-80-1-1,CALLAO,CALLAO,CALLAO,CONDUCTOR,ILESO,,,IDENTIFICADO,PERÚ,41,MASCULINO,,SIN LICENCIA,SIN LICENCIA,NO,,SI,REMOLCADOR-SEMIREMOLQUE,27/12/2021,2021,DICIEMBRE,LUNES,7,CHOQUE,IMPRUDENCIA DEL CONDUCTOR,NO DAR PASO PREFERENTE AL PEATÓN,CARRETERA NACIONAL,PE-20,NACIONAL
A-2021-12-80,V-2021-12-80-2,P-2021-12-80-2-1,CALLAO,CALLAO,CALLAO,CONDUCTOR,FALLECIDO,,EN EL LUGAR DE LOS HECHOS,IDENTIFICADO,PERÚ,38,MASCULINO,,SIN LICENCIA,SIN LICENCIA,NO,,SI,MOTOCICLETA,27/12/2021,2021,DICIEMBRE,LUNES,7,CHOQUE,IMPRUDENCIA DEL CONDUCTOR,NO DAR PASO PREFERENTE AL PEATÓN,CARRETERA NACIONAL,PE-20,NACIONAL
A-2021-12-218,V-2021-12-218-1,P-2021-12-218-1-1,LIMA,LIMA,SAN JUAN DE LURIGANCHO,CONDUCTOR,ILESO,,,IDENTIFICADO,PERÚ,22,MASCULINO,,VIGENTE,B II C,,,,TRIMOTO PASAJERO,29/12/2021,2021,DICIEMBRE,MIÉRCOLES,13,ATROPELLO,EN PROCESO DE INVESTIGACIÓN,NO CUENTA CON CAUSA ESPECIFICA,AVENIDA,NO CORRESPONDE,URBANO
A-2021-12-218,V-2021-12-218-1,P-2021-12-218-1-2,LIMA,LIMA,SAN JUAN DE LURIGANCHO,PEATÓN,FALLECIDO,,EN EL LUGAR DE LOS HECHOS,NO IDENTIFICADO,PERÚ,,FEMENINO,,NO CONDUCTOR,NO CONDUCTOR,,,,TRIMOTO PASAJERO,29/12/2021,2021,DICIEMBRE,MIÉRCOLES,13,ATROPELLO,EN PROCESO DE INVESTIGACIÓN,NO CUENTA CON CAUSA ESPECIFICA,AVENIDA,NO CORRESPONDE,URBANO
A-2021-12-218,V-2021-12-218-1,P-2021-12-218-1-3,LIMA,LIMA,SAN JUAN DE LURIGANCHO,PEATÓN,LESIONADO,CENTRO DE SALUD PÚBLICO,,IDENTIFICADO,PERÚ,53,FEMENINO,,NO CONDUCTOR,NO CONDUCTOR,,,,TRIMOTO PASAJERO,29/12/2021,2021,DICIEMBRE,MIÉRCOLES,13,ATROPELLO,EN PROCESO DE INVESTIGACIÓN,NO CUENTA CON CAUSA ESPECIFICA,AVENIDA,NO CORRESPONDE,URBANO
A-2021-12-217,V-2021-12-217-1,P-2021-12-217-1-1,LIMA,LIMA,LURIN,CONDUCTOR,ILESO,,,IDENTIFICADO,PERÚ,46,MASCULINO,SI,VIGENTE,A I,,,,CAMIONETA RURAL,30/12/2021,2021,DICIEMBRE,JUEVES,11,DESPISTE,EN PROCESO DE INVESTIGACIÓN,NO CUENTA CON CAUSA ESPECIFICA,CARRETERA NACIONAL,PE-1S,NACIONAL
A-2021-12-217,V-2021-12-217-1,P-2021-12-217-1-2,LIMA,LIMA,LURIN,PASAJERO,FALLECIDO,,EN EL LUGAR DE LOS HECHOS,NO IDENTIFICADO,PERÚ,,FEMENINO,,NO CONDUCTOR,NO CONDUCTOR,,,,CAMIONETA RURAL,30/12/2021,2021,DICIEMBRE,JUEVES,11,DESPISTE,EN PROCESO DE INVESTIGACIÓN,NO CUENTA CON CAUSA ESPECIFICA,CARRETERA NACIONAL,PE-1S,NACIONAL
A-2021-12-217,V-2021-12-217-1,P-2021-12-217-1-3,LIMA,LIMA,LURIN,PASAJERO,LESIONADO,CENTRO DE SALUD PÚBLICO,,NO IDENTIFICADO,PERÚ,,FEMENINO,,NO CONDUCTOR,NO CONDUCTOR,,,,CAMIONETA RURAL,30/12/2021,2021,DICIEMBRE,JUEVES,11,DESPISTE,EN PROCESO DE INVESTIGACIÓN,NO CUENTA CON CAUSA ESPECIFICA,CARRETERA NACIONAL,PE-1S,NACIONAL
A-2021-12-217,V-2021-12-217-1,P-2021-12-217-1-4,LIMA,LIMA,LURIN,PASAJERO,LESIONADO,CENTRO DE SALUD PÚBLICO,,NO IDENTIFICADO,PERÚ,,FEMENINO,,NO CONDUCTOR,NO CONDUCTOR,,,,CAMIONETA RURAL,30/12/2021,2021,DICIEMBRE,JUEVES,11,DESPISTE,EN PROCESO DE INVESTIGACIÓN,NO CUENTA CON CAUSA ESPECIFICA,CARRETERA NACIONAL,PE-1S,NACIONAL
A-2021-12-217,V-2021-12-217-1,P-2021-12-217-1-5,LIMA,LIMA,LURIN,PASAJERO,LESIONADO,CENTRO DE SALUD PÚBLICO,,NO IDENTIFICADO,PERÚ,,FEMENINO,,NO CONDUCTOR,NO CONDUCTOR,,,,CAMIONETA RURAL,30/12/2021,2021,DICIEMBRE,JUEVES,11,DESPISTE,EN PROCESO DE INVESTIGACIÓN,NO CUENTA CON CAUSA ESPECIFICA,CARRETERA NACIONAL,PE-1S,NACIONAL
A-2021-12-217,V-2021-12-217-1,P-2021-12-217-1-6,LIMA,LIMA,LURIN,PASAJERO,LESIONADO,CENTRO DE SALUD PÚBLICO,,NO IDENTIFICADO,PERÚ,,FEMENINO,,NO CONDUCTOR,NO CONDUCTOR,,,,CAMIONETA RURAL,30/12/2021,2021,DICIEMBRE,JUEVES,11,DESPISTE,EN PROCESO DE INVESTIGACIÓN,NO CUENTA CON CAUSA ESPECIFICA,CARRETERA NACIONAL,PE-1S,NACIONAL
A-2021-12-161,V-2021-12-161-1,P-2021-12-161-1-1,CALLAO,CALLAO,CALLAO,CONDUCTOR,ILESO,,,IDENTIFICADO,PERÚ,22,MASCULINO,,VENCIDA,A I,NO,,SI,CAMIÓN,31/12/2021,2021,DICIEMBRE,VIERNES,9,CHOQUE,NEGLIGENCIA DEL CONDUCTOR,CONDUCIR CON FALLAS DE FRENOS,CARRETERA NACIONAL,PE-20,NACIONAL
A-2021-12-161,V-2021-12-161-1,P-2021-12-161-1-2,CALLAO,CALLAO,CALLAO,PASAJERO,FALLECIDO,,EN EL LUGAR DE LOS HECHOS,IDENTIFICADO,PERÚ,23,MASCULINO,,NO CONDUCTOR,NO CONDUCTOR,NO,,NO,CAMIÓN,31/12/2021,2021,DICIEMBRE,VIERNES,9,CHOQUE,NEGLIGENCIA DEL CONDUCTOR,CONDUCIR CON FALLAS DE FRENOS,CARRETERA NACIONAL,PE-20,NACIONAL
A-2021-12-161,V-2021-12-161-2,P-2021-12-161-2-1,CALLAO,CALLAO,CALLAO,CONDUCTOR,ILESO,,,IDENTIFICADO,PERÚ,74,MASCULINO,SI,VIGENTE,A III B,NO,,SI,CAMIÓN,31/12/2021,2021,DICIEMBRE,VIERNES,9,CHOQUE,NEGLIGENCIA DEL CONDUCTOR,CONDUCIR CON FALLAS DE FRENOS,CARRETERA NACIONAL,PE-20,NACIONAL
A-2021-12-161,V-2021-12-161-3,P-2021-12-161-3-1,CALLAO,CALLAO,CALLAO,CONDUCTOR,ILESO,,,IDENTIFICADO,PERÚ,39,MASCULINO,SI,VIGENTE,A III C,NO,,SI,REMOLCADOR,31/12/2021,2021,DICIEMBRE,VIERNES,9,CHOQUE,NEGLIGENCIA DEL CONDUCTOR,CONDUCIR CON FALLAS DE FRENOS,CARRETERA NACIONAL,PE-20,NACIONAL
A-2021-12-219,V-2021-12-219-1,P-2021-12-219-1-1,LIMA,LIMA,LURIGANCHO,CONDUCTOR,ILESO,,,IDENTIFICADO,PERÚ,31,MASCULINO,SI,VIGENTE,A III C,,,,REMOLCADOR-SEMIREMOLQUE,31/12/2021,2021,DICIEMBRE,VIERNES,9,ATROPELLO,EN PROCESO DE INVESTIGACIÓN,NO CUENTA CON CAUSA ESPECIFICA,CARRETERA NACIONAL,PE-22,NACIONAL
A-2021-12-219,V-2021-12-219-1,P-2021-12-219-1-2,LIMA,LIMA,LURIGANCHO,PEATÓN,FALLECIDO,,EN EL CENTRO DE SALUD,IDENTIFICADO,PERÚ,78,MASCULINO,,NO CONDUCTOR,NO CONDUCTOR,,,,REMOLCADOR-SEMIREMOLQUE,31/12/2021,2021,DICIEMBRE,VIERNES,9,ATROPELLO,EN PROCESO DE INVESTIGACIÓN,NO CUENTA CON CAUSA ESPECIFICA,CARRETERA NACIONAL,PE-22,NACIONAL
A-2021-12-247,V-2021-12-247-1,P-2021-12-247-1-1,LIMA,LIMA,INDEPENDENCIA,CONDUCTOR,ILESO,,,NO IDENTIFICADO,PERÚ,,MASCULINO,,SIN DNI IDENTIFICADO,SIN DNI IDENTIFICADO,,,,MOTOCICLETA,31/12/2021,2021,DICIEMBRE,VIERNES,10,DESPISTE,EN PROCESO DE INVESTIGACIÓN,NO CUENTA CON CAUSA ESPECIFICA,AVENIDA,NO CORRESPONDE,URBANO
A-2021-12-247,V-2021-12-247-1,P-2021-12-247-1-2,LIMA,LIMA,INDEPENDENCIA,PASAJERO,FALLECIDO,,EN EL CENTRO DE SALUD,NO IDENTIFICADO,PERÚ,,MASCULINO,,NO CONDUCTOR,NO CONDUCTOR,,,,MOTOCICLETA,31/12/2021,2021,DICIEMBRE,VIERNES,10,DESPISTE,EN PROCESO DE INVESTIGACIÓN,NO CUENTA CON CAUSA ESPECIFICA,AVENIDA,NO CORRESPONDE,URBANO
A-2021-12-248,V-2021-12-248-1,P-2021-12-248-1-1,LIMA,LIMA,VILLA MARIA DEL TRIUNFO,CONDUCTOR,ILESO,,,NO IDENTIFICADO,PERÚ,,MASCULINO,,SIN DNI IDENTIFICADO,SIN DNI IDENTIFICADO,,,,CAMIONETA RURAL,31/12/2021,2021,DICIEMBRE,VIERNES,17,ATROPELLO,EN PROCESO DE INVESTIGACIÓN,NO CUENTA CON CAUSA ESPECIFICA,AVENIDA,NO CORRESPONDE,URBANO
A-2021-12-248,V-2021-12-248-1,P-2021-12-248-1-2,LIMA,LIMA,VILLA MARIA DEL TRIUNFO,PEATÓN,FALLECIDO,,EN EL LUGAR DE LOS HECHOS,IDENTIFICADO,PERÚ,43,MASCULINO,,NO CONDUCTOR,NO CONDUCTOR,,,,CAMIONETA RURAL,31/12/2021,2021,DICIEMBRE,VIERNES,17,ATROPELLO,EN PROCESO DE INVESTIGACIÓN,NO CUENTA CON CAUSA ESPECIFICA,AVENIDA,NO CORRESPONDE,URBANO
A-2022-01-69,V-2022-01-69-1,P-2022-01-69-1-1,LIMA,LIMA,LA MOLINA,CONDUCTOR,FALLECIDO,,EN EL LUGAR DE LOS HECHOS,IDENTIFICADO,PERÚ,28,MASCULINO,,VIGENTE,B II C,SI,NEGATIVO,NO,MOTOCICLETA,01/01/2022,2022,ENERO,SÁBADO,6,DESPISTE,EN PROCESO DE INVESTIGACIÓN,NO CUENTA CON CAUSA ESPECIFICA,AVENIDA,NO CORRESPONDE,URBANO
A-2022-01-70,V-2022-01-70-1,P-2022-01-70-1-1,LIMA,LIMA,PACHACAMAC,CONDUCTOR,ILESO,,,IDENTIFICADO,PERÚ,35,MASCULINO,SI,VIGENTE,A III C,SI,NEGATIVO,NO,CAMIONETA PICK UP,01/01/2022,2022,ENERO,SÁBADO,23,ATROPELLO,EN PROCESO DE INVESTIGACIÓN,NO CUENTA CON CAUSA ESPECIFICA,CARRETERA PROVINCIAL,LM-796,PROVINCIAL
A-2022-01-70,V-2022-01-70-1,P-2022-01-70-1-2,LIMA,LIMA,PACHACAMAC,PEATÓN,FALLECIDO,,EN EL LUGAR DE LOS HECHOS,IDENTIFICADO,PERÚ,60,FEMENINO,,NO CONDUCTOR,NO CONDUCTOR,SI,NEGATIVO,NO,CAMIONETA PICK UP,01/01/2022,2022,ENERO,SÁBADO,23,ATROPELLO,EN PROCESO DE INVESTIGACIÓN,NO CUENTA CON CAUSA ESPECIFICA,CARRETERA PROVINCIAL,LM-796,PROVINCIAL
A-2022-01-70,V-2022-01-70-2,P-2022-01-70-2-1,LIMA,LIMA,PACHACAMAC,CONDUCTOR,ILESO,,,IDENTIFICADO,PERÚ,43,MASCULINO,,VIGENTE,B II C,SI,NEGATIVO,NO,TRIMOTO PASAJERO,01/01/2022,2022,ENERO,SÁBADO,23,ATROPELLO,EN PROCESO DE INVESTIGACIÓN,NO CUENTA CON CAUSA ESPECIFICA,CARRETERA PROVINCIAL,LM-796,PROVINCIAL
A-2022-01-73,V-2022-01-73-1,P-2022-01-73-1-1,LIMA,LIMA,CHORRILLOS,CONDUCTOR,FALLECIDO,,EN EL CENTRO DE SALUD,IDENTIFICADO,PERÚ,45,MASCULINO,SI,VIGENTE,A III C,SI,NEGATIVO,NO,AUTOMÓVIL,03/01/2022,2022,ENERO,LUNES,19,CHOQUE,EN PROCESO DE INVESTIGACIÓN,NO CUENTA CON CAUSA ESPECIFICA,CARRETERA NACIONAL,PE-1S,NACIONAL
A-2022-01-73,V-2022-01-73-2,P-2022-01-73-2-1,LIMA,LIMA,CHORRILLOS,CONDUCTOR,ILESO,,,IDENTIFICADO,PERÚ,53,MASCULINO,SI,VIGENTE,A III C,SI,NEGATIVO,NO,REMOLCADOR-SEMIREMOLQUE,03/01/2022,2022,ENERO,LUNES,19,CHOQUE,EN PROCESO DE INVESTIGACIÓN,NO CUENTA CON CAUSA ESPECIFICA,CARRETERA NACIONAL,PE-1S,NACIONAL
A-2022-01-89,V-2022-01-89-1,P-2022-01-89-1-1,LIMA,LIMA,PUENTE PIEDRA,CONDUCTOR,ILESO,,,IDENTIFICADO,PERÚ,32,MASCULINO,SI,VIGENTE,A III B,SI,NEGATIVO,NO,REMOLCADOR-SEMIREMOLQUE,03/01/2022,2022,ENERO,LUNES,22,CHOQUE,EN PROCESO DE INVESTIGACIÓN,NO CUENTA CON CAUSA ESPECIFICA,CARRETERA NACIONAL,PE-1N,NACIONAL
A-2022-01-89,V-2022-01-89-2,P-2022-01-89-2-1,LIMA,LIMA,PUENTE PIEDRA,CONDUCTOR,FALLECIDO,,EN EL LUGAR DE LOS HECHOS,IDENTIFICADO,PERÚ,58,MASCULINO,,SIN LICENCIA,SIN LICENCIA,SI,NEGATIVO,NO,MOTOCICLETA,03/01/2022,2022,ENERO,LUNES,22,CHOQUE,EN PROCESO DE INVESTIGACIÓN,NO CUENTA CON CAUSA ESPECIFICA,CARRETERA NACIONAL,PE-1N,NACIONAL
A-2022-01-90,V-2022-01-90-1,P-2022-01-90-1-1,LIMA,LIMA,SAN MARTIN DE PORRES,CONDUCTOR,ILESO,,,IDENTIFICADO,PERÚ,51,MASCULINO,,SUSPENDIDA,A II A,SI,NEGATIVO,NO,CAMIONETA RURAL,04/01/2022,2022,ENERO,MARTES,10,ATROPELLO,EN PROCESO DE INVESTIGACIÓN,NO CUENTA CON CAUSA ESPECIFICA,CARRETERA NACIONAL,PE-1N,NACIONAL
A-2022-01-90,V-2022-01-90-1,P-2022-01-90-1-2,LIMA,LIMA,SAN MARTIN DE PORRES,PEATÓN,FALLECIDO,,EN EL LUGAR DE LOS HECHOS,IDENTIFICADO,PERÚ,90,MASCULINO,,NO CONDUCTOR,NO CONDUCTOR,SI,NEGATIVO,NO,CAMIONETA RURAL,04/01/2022,2022,ENERO,MARTES,10,ATROPELLO,EN PROCESO DE INVESTIGACIÓN,NO CUENTA CON CAUSA ESPECIFICA,CARRETERA NACIONAL,PE-1N,NACIONAL
A-2022-01-91,V-2022-01-91-1,P-2022-01-91-1-1,LIMA,LIMA,SAN MARTIN DE PORRES,CONDUCTOR,FALLECIDO,,EN EL LUGAR DE LOS HECHOS,IDENTIFICADO,PERÚ,25,MASCULINO,,VIGENTE,B II C,SI,NEGATIVO,NO,AUTOMÓVIL,04/01/2022,2022,ENERO,MARTES,20,DESPISTE,EN PROCESO DE INVESTIGACIÓN,NO CUENTA CON CAUSA ESPECIFICA,AVENIDA,NO CORRESPONDE,URBANO
A-2022-01-110,V-2022-01-110-1,P-2022-01-110-1-1,LIMA,LIMA,SAN JUAN DE MIRAFLORES,CONDUCTOR,FALLECIDO,,EN EL CENTRO DE SALUD,IDENTIFICADO,PERÚ,29,MASCULINO,,SIN LICENCIA,SIN LICENCIA,SI,NEGATIVO,NO,CAMIÓN,05/01/2022,2022,ENERO,MIÉRCOLES,6,CHOQUE,EN PROCESO DE INVESTIGACIÓN,NO CUENTA CON CAUSA ESPECIFICA,CARRETERA NACIONAL,PE-1S,NACIONAL
A-2022-01-110,V-2022-01-110-2,P-2022-01-110-2-1,LIMA,LIMA,SAN JUAN DE MIRAFLORES,CONDUCTOR,ILESO,,,IDENTIFICADO,PERÚ,61,MASCULINO,,VIGENTE,A III C,SI,NEGATIVO,NO,CAMIÓN,05/01/2022,2022,ENERO,MIÉRCOLES,6,CHOQUE,EN PROCESO DE INVESTIGACIÓN,NO CUENTA CON CAUSA ESPECIFICA,CARRETERA NACIONAL,PE-1S,NACIONAL
A-2022-01-111,V-2022-01-111-1,P-2022-01-111-1-1,LIMA,LIMA,SAN BARTOLO,CONDUCTOR,ILESO,,,IDENTIFICADO,PERÚ,51,MASCULINO,,VIGENTE,A I,SI,NEGATIVO,NO,AUTOMÓVIL,09/01/2022,2022,ENERO,DOMINGO,19,ATROPELLO,IMPRUDENCIA DEL PEATÓN,CRUCE INDEBIDO POR LA CALZADA,CARRETERA NACIONAL,PE-1S,NACIONAL
A-2022-01-111,V-2022-01-111-1,P-2022-01-111-1-2,LIMA,LIMA,SAN BARTOLO,PEATÓN,FALLECIDO,,EN EL LUGAR DE LOS HECHOS,IDENTIFICADO,PERÚ,28,MASCULINO,,NO CONDUCTOR,NO CONDUCTOR,SI,NEGATIVO,NO,AUTOMÓVIL,09/01/2022,2022,ENERO,DOMINGO,19,ATROPELLO,IMPRUDENCIA DEL PEATÓN,CRUCE INDEBIDO POR LA CALZADA,CARRETERA NACIONAL,PE-1S,NACIONAL
A-2022-01-120,V-2022-01-120-1,P-2022-01-120-1-1,LIMA,LIMA,SANTIAGO DE SURCO,CONDUCTOR,FALLECIDO,,EN EL CENTRO DE SALUD,IDENTIFICADO,PERÚ,30,MASCULINO,,VIGENTE,B II C,SI,NEGATIVO,NO,MOTOCICLETA,10/01/2022,2022,ENERO,LUNES,8,DESPISTE,EN PROCESO DE INVESTIGACIÓN,NO CUENTA CON CAUSA ESPECIFICA,CARRETERA NACIONAL,PE-1S,NACIONAL
A-2022-01-121,V-2022-01-121-1,P-2022-01-121-1-1,LIMA,LIMA,EL AGUSTINO,CONDUCTOR,FALLECIDO,,EN EL CENTRO DE SALUD,IDENTIFICADO,PERÚ,28,MASCULINO,,SIN LICENCIA,SIN LICENCIA,SI,NEGATIVO,NO,MOTOCICLETA,12/01/2022,2022,ENERO,MIÉRCOLES,2,CHOQUE CON OBJETO FIJO,IMPRUDENCIA DEL CONDUCTOR,VEHÍCULO MAL ESTACIONADO,AUTOPISTA,NO CORRESPONDE,URBANO
A-2022-01-121,V-2022-01-121-2,P-2022-01-121-2-1,LIMA,LIMA,EL AGUSTINO,SIN CONDUCTOR,NO SE CONOCE,,,NO IDENTIFICADO,,,NO INDICA,,NO CONDUCTOR,NO CONDUCTOR,NO,,NO,REMOLCADOR,12/01/2022,2022,ENERO,MIÉRCOLES,2,CHOQUE CON OBJETO FIJO,IMPRUDENCIA DEL CONDUCTOR,VEHÍCULO MAL ESTACIONADO,AUTOPISTA,NO CORRESPONDE,URBANO
A-2022-01-123,V-2022-01-123-1,P-2022-01-123-1-1,LIMA,LIMA,LIMA,CONDUCTOR,ILESO,,,IDENTIFICADO,PERÚ,37,MASCULINO,,VIGENTE,A III C,SI,NEGATIVO,NO,ÓMNIBUS,13/01/2022,2022,ENERO,JUEVES,14,CHOQUE,EN PROCESO DE INVESTIGACIÓN,NO CUENTA CON CAUSA ESPECIFICA,AVENIDA,NO CORRESPONDE,URBANO
A-2022-01-123,V-2022-01-123-2,P-2022-01-123-2-1,LIMA,LIMA,LIMA,CONDUCTOR,FALLECIDO,,EN EL LUGAR DE LOS HECHOS,IDENTIFICADO,PERÚ,48,MASCULINO,,,A III C,SI,NEGATIVO,NO,MOTOCICLETA,13/01/2022,2022,ENERO,JUEVES,14,CHOQUE,EN PROCESO DE INVESTIGACIÓN,NO CUENTA CON CAUSA ESPECIFICA,AVENIDA,NO CORRESPONDE,URBANO
A-2022-01-124,V-2022-01-124-1,P-2022-01-124-1-1,LIMA,LIMA,SAN JUAN DE LURIGANCHO,CONDUCTOR,ILESO,,,IDENTIFICADO,PERÚ,54,FEMENINO,,VIGENTE,A I,SI,NEGATIVO,NO,CAMIÓN,14/01/2022,2022,ENERO,VIERNES,15,ATROPELLO,EN PROCESO DE INVESTIGACIÓN,NO CUENTA CON CAUSA ESPECIFICA,CALLE,NO CORRESPONDE,URBANO
A-2022-01-124,V-2022-01-124-1,P-2022-01-124-1-2,LIMA,LIMA,SAN JUAN DE LURIGANCHO,PEATÓN,FALLECIDO,,EN EL CENTRO DE SALUD,IDENTIFICADO,PERÚ,5,MASCULINO,,NO CONDUCTOR,NO CONDUCTOR,NO,,NO,CAMIÓN,14/01/2022,2022,ENERO,VIERNES,15,ATROPELLO,EN PROCESO DE INVESTIGACIÓN,NO CUENTA CON CAUSA ESPECIFICA,CALLE,NO CORRESPONDE,URBANO
A-2022-01-125,V-2022-01-125-1,P-2022-01-125-1-1,LIMA,LIMA,PUENTE PIEDRA,CONDUCTOR,ILESO,,,IDENTIFICADO,PERÚ,33,MASCULINO,,VIGENTE,A I,SI,NEGATIVO,NO,CAMIONETA RURAL,14/01/2022,2022,ENERO,VIERNES,20,ATROPELLO,IMPRUDENCIA DEL CONDUCTOR,EXCESO DE VELOCIDAD,CARRETERA NACIONAL,PE-1N,NACIONAL
A-2022-01-125,V-2022-01-125-1,P-2022-01-125-1-2,LIMA,LIMA,PUENTE PIEDRA,PEATÓN,FALLECIDO,,EN EL LUGAR DE LOS HECHOS,NO IDENTIFICADO,,,MASCULINO,,NO CONDUCTOR,NO CONDUCTOR,SI,NEGATIVO,NO,CAMIONETA RURAL,14/01/2022,2022,ENERO,VIERNES,20,ATROPELLO,IMPRUDENCIA DEL CONDUCTOR,EXCESO DE VELOCIDAD,CARRETERA NACIONAL,PE-1N,NACIONAL
A-2022-01-126,V-2022-01-126-1,P-2022-01-126-1-1,LIMA,LIMA,ATE,CONDUCTOR,ILESO,,,IDENTIFICADO,PERÚ,32,MASCULINO,,VIGENTE,A I,SI,NEGATIVO,NO,AUTOMÓVIL,17/01/2022,2022,ENERO,LUNES,7,ATROPELLO,EN PROCESO DE INVESTIGACIÓN,NO CUENTA CON CAUSA ESPECIFICA,AVENIDA,NO CORRESPONDE,URBANO
A-2022-01-126,V-2022-01-126-1,P-2022-01-126-1-2,LIMA,LIMA,ATE,PEATÓN,FALLECIDO,,EN EL LUGAR DE LOS HECHOS,IDENTIFICADO,PERÚ,80,MASCULINO,,NO CONDUCTOR,NO CONDUCTOR,SI,NEGATIVO,NO,AUTOMÓVIL,17/01/2022,2022,ENERO,LUNES,7,ATROPELLO,EN PROCESO DE INVESTIGACIÓN,NO CUENTA CON CAUSA ESPECIFICA,AVENIDA,NO CORRESPONDE,URBANO
A-2022-01-260,V-2022-01-260-1,P-2022-01-260-1-1,LIMA,LIMA,CIENEGUILLA,CONDUCTOR,FALLECIDO,,EN EL LUGAR DE LOS HECHOS,IDENTIFICADO,PERÚ,28,MASCULINO,,,A I,SI,NEGATIVO,NO,MOTOCICLETA,18/01/2022,2022,ENERO,MARTES,17,DESPISTE,EN PROCESO DE INVESTIGACIÓN,NO CUENTA CON CAUSA ESPECIFICA,CARRETERA DEPARTAMENTAL,LM-119,DEPARTAMENTAL
A-2022-01-260,V-2022-01-260-2,P-2022-01-260-2-1,LIMA,LIMA,CIENEGUILLA,CONDUCTOR,LESIONADO,OTRO,,IDENTIFICADO,PERÚ,44,MASCULINO,,NO CORRESPONDE,NO CORRESPONDE,SI,NEGATIVO,NO,BICICLETA,18/01/2022,2022,ENERO,MARTES,17,DESPISTE,EN PROCESO DE INVESTIGACIÓN,NO CUENTA CON CAUSA ESPECIFICA,CARRETERA DEPARTAMENTAL,LM-119,DEPARTAMENTAL
A-2022-01-261,V-2022-01-261-1,P-2022-01-261-1-1,LIMA,LIMA,COMAS,CONDUCTOR FUGADO,NO SE CONOCE,,,NO IDENTIFICADO,,,NO INDICA,,FUGADO,FUGADO,NO,,NO,VEHICULO NO IDENTIFICADO,19/01/2022,2022,ENERO,MIÉRCOLES,16,CAÍDA DE PASAJERO,EN PROCESO DE INVESTIGACIÓN,NO CUENTA CON CAUSA ESPECIFICA,AVENIDA,NO CORRESPONDE,URBANO
A-2022-01-261,V-2022-01-261-1,P-2022-01-261-1-2,LIMA,LIMA,COMAS,PASAJERO,FALLECIDO,,EN EL LUGAR DE LOS HECHOS,IDENTIFICADO,PERÚ,50,FEMENINO,,NO CONDUCTOR,NO CONDUCTOR,SI,NEGATIVO,,VEHICULO NO IDENTIFICADO,19/01/2022,2022,ENERO,MIÉRCOLES,16,CAÍDA DE PASAJERO,EN PROCESO DE INVESTIGACIÓN,NO CUENTA CON CAUSA ESPECIFICA,AVENIDA,NO CORRESPONDE,URBANO
A-2022-01-94,V-2022-01-94-1,P-2022-01-94-1-1,CALLAO,CALLAO,VENTANILLA,CONDUCTOR,ILESO,,,IDENTIFICADO,PERÚ,45,MASCULINO,SI,VIGENTE,A III A,SI,NEGATIVO,NO,MINIBUS,21/01/2022,2022,ENERO,VIERNES,4,ATROPELLO,IMPRUDENCIA DEL PEATÓN,CRUCE INDEBIDO POR LA CALZADA,AVENIDA,NO CORRESPONDE,URBANO
A-2022-01-94,V-2022-01-94-1,P-2022-01-94-1-2,CALLAO,CALLAO,VENTANILLA,PEATÓN,FALLECIDO,,EN EL LUGAR DE LOS HECHOS,IDENTIFICADO,PERÚ,45,FEMENINO,,NO CONDUCTOR,NO CONDUCTOR,SI,NEGATIVO,NO,MINIBUS,21/01/2022,2022,ENERO,VIERNES,4,ATROPELLO,IMPRUDENCIA DEL PEATÓN,CRUCE INDEBIDO POR LA CALZADA,AVENIDA,NO CORRESPONDE,URBANO
A-2022-01-262,V-2022-01-262-1,P-2022-01-262-1-1,LIMA,LIMA,LURIN,CONDUCTOR,ILESO,,,IDENTIFICADO,PERÚ,42,MASCULINO,SI,VIGENTE,A III C,SI,NEGATIVO,NO,REMOLCADOR,21/01/2022,2022,ENERO,VIERNES,20,CHOQUE,EN PROCESO DE INVESTIGACIÓN,NO CUENTA CON CAUSA ESPECIFICA,CARRETERA NACIONAL,PE-1S,NACIONAL
A-2022-01-262,V-2022-01-262-2,P-2022-01-262-2-1,LIMA,LIMA,LURIN,CONDUCTOR,FALLECIDO,,EN EL LUGAR DE LOS HECHOS,IDENTIFICADO,PERÚ,59,MASCULINO,,VENCIDA,A II A,SI,NEGATIVO,NO,ÓMNIBUS,21/01/2022,2022,ENERO,VIERNES,20,CHOQUE,EN PROCESO DE INVESTIGACIÓN,NO CUENTA CON CAUSA ESPECIFICA,CARRETERA NACIONAL,PE-1S,NACIONAL
A-2022-01-104,V-2022-01-104-1,P-2022-01-104-1-1,CALLAO,CALLAO,CALLAO,CONDUCTOR,ILESO,,,IDENTIFICADO,PERÚ,39,MASCULINO,SI,VIGENTE,A III B,NO,,SI,REMOLCADOR-SEMIREMOLQUE,22/01/2022,2022,ENERO,SÁBADO,6,ATROPELLO,IMPRUDENCIA DEL PEATÓN,ESTADO DE EBRIEDAD Y/O DROGADICCIÓN,CARRETERA NACIONAL,PE-20,NACIONAL
A-2022-01-104,V-2022-01-104-1,P-2022-01-104-1-2,CALLAO,CALLAO,CALLAO,PEATÓN,FALLECIDO,,EN EL LUGAR DE LOS HECHOS,IDENTIFICADO,PERÚ,23,MASCULINO,,NO CONDUCTOR,NO CONDUCTOR,NO,,SI,REMOLCADOR-SEMIREMOLQUE,22/01/2022,2022,ENERO,SÁBADO,6,ATROPELLO,IMPRUDENCIA DEL PEATÓN,ESTADO DE EBRIEDAD Y/O DROGADICCIÓN,CARRETERA NACIONAL,PE-20,NACIONAL
A-2022-01-266,V-2022-01-266-1,P-2022-01-266-1-1,LIMA,LIMA,SANTIAGO DE SURCO,CONDUCTOR,ILESO,,,IDENTIFICADO,PERÚ,50,MASCULINO,,VIGENTE,A III C,SI,NEGATIVO,NO,REMOLCADOR,22/01/2022,2022,ENERO,SÁBADO,22,ATROPELLO,EN PROCESO DE INVESTIGACIÓN,NO CUENTA CON CAUSA ESPECIFICA,CARRETERA NACIONAL,PE-1S,NACIONAL
A-2022-01-266,V-2022-01-266-1,P-2022-01-266-1-2,LIMA,LIMA,SANTIAGO DE SURCO,PEATÓN,FALLECIDO,,EN EL LUGAR DE LOS HECHOS,NO IDENTIFICADO,,,NO INDICA,,NO CONDUCTOR,NO CONDUCTOR,NO,,NO,REMOLCADOR,22/01/2022,2022,ENERO,SÁBADO,22,ATROPELLO,EN PROCESO DE INVESTIGACIÓN,NO CUENTA CON CAUSA ESPECIFICA,CARRETERA NACIONAL,PE-1S,NACIONAL
A-2022-01-268,V-2022-01-268-1,P-2022-01-268-1-1,LIMA,LIMA,ATE,CONDUCTOR,ILESO,,,IDENTIFICADO,,54,MASCULINO,,VIGENTE,A II A,,,,ÓMNIBUS,24/01/2022,2022,ENERO,LUNES,4,CHOQUE,EN PROCESO DE INVESTIGACIÓN,NO CUENTA CON CAUSA ESPECIFICA,CARRETERA NACIONAL,PE-1S,NACIONAL
A-2022-01-268,V-2022-01-268-1,P-2022-01-268-1-2,LIMA,LIMA,ATE,PASAJERO,FALLECIDO,,,IDENTIFICADO,,66,FEMENINO,,NO CONDUCTOR,NO CONDUCTOR,,,,ÓMNIBUS,24/01/2022,2022,ENERO,LUNES,4,CHOQUE,EN PROCESO DE INVESTIGACIÓN,NO CUENTA CON CAUSA ESPECIFICA,CARRETERA NACIONAL,PE-1S,NACIONAL
A-2022-01-268,V-2022-01-268-1,P-2022-01-268-1-3,LIMA,LIMA,ATE,PASAJERO,FALLECIDO,,,IDENTIFICADO,,49,MASCULINO,,NO CONDUCTOR,NO CONDUCTOR,,,,ÓMNIBUS,24/01/2022,2022,ENERO,LUNES,4,CHOQUE,EN PROCESO DE INVESTIGACIÓN,NO CUENTA CON CAUSA ESPECIFICA,CARRETERA NACIONAL,PE-1S,NACIONAL
A-2022-01-268,V-2022-01-268-1,P-2022-01-268-1-4,LIMA,LIMA,ATE,PASAJERO,LESIONADO,,,IDENTIFICADO,,36,FEMENINO,,NO CONDUCTOR,NO CONDUCTOR,,,,ÓMNIBUS,24/01/2022,2022,ENERO,LUNES,4,CHOQUE,EN PROCESO DE INVESTIGACIÓN,NO CUENTA CON CAUSA ESPECIFICA,CARRETERA NACIONAL,PE-1S,NACIONAL
A-2022-01-268,V-2022-01-268-2,P-2022-01-268-2-1,LIMA,LIMA,ATE,CONDUCTOR FUGADO,NO SE CONOCE,,,NO IDENTIFICADO,,,NO INDICA,,FUGADO,FUGADO,,,,TRIMOTO PASAJERO,24/01/2022,2022,ENERO,LUNES,4,CHOQUE,EN PROCESO DE INVESTIGACIÓN,NO CUENTA CON CAUSA ESPECIFICA,CARRETERA NACIONAL,PE-1S,NACIONAL
A-2022-01-267,V-2022-01-267-1,P-2022-01-267-1-1,LIMA,LIMA,SAN JUAN DE MIRAFLORES,CONDUCTOR,ILESO,,,IDENTIFICADO,PERÚ,36,MASCULINO,,VIGENTE,A II B,SI,NEGATIVO,NO,CAMIONETA PICK UP,25/01/2022,2022,ENERO,MARTES,5,ATROPELLO,EN PROCESO DE INVESTIGACIÓN,NO CUENTA CON CAUSA ESPECIFICA,CARRETERA NACIONAL,PE-1S,NACIONAL
A-2022-01-267,V-2022-01-267-1,P-2022-01-267-1-2,LIMA,LIMA,SAN JUAN DE MIRAFLORES,PEATÓN,FALLECIDO,,EN EL LUGAR DE LOS HECHOS,NO IDENTIFICADO,,,FEMENINO,,NO CONDUCTOR,NO CONDUCTOR,NO,,NO,CAMIONETA PICK UP,25/01/2022,2022,ENERO,MARTES,5,ATROPELLO,EN PROCESO DE INVESTIGACIÓN,NO CUENTA CON CAUSA ESPECIFICA,CARRETERA NACIONAL,PE-1S,NACIONAL
A-2022-01-269,V-2022-01-269-1,P-2022-01-269-1-1,LIMA,LIMA,RIMAC,CONDUCTOR FUGADO,NO SE CONOCE,,,NO IDENTIFICADO,,,NO INDICA,,FUGADO,FUGADO,NO,,NO,VEHICULO NO IDENTIFICADO,28/01/2022,2022,ENERO,VIERNES,23,ATROPELLO FUGA,EN PROCESO DE INVESTIGACIÓN,NO CUENTA CON CAUSA ESPECIFICA,CARRETERA NACIONAL,PE-1N,NACIONAL
A-2022-01-269,V-2022-01-269-1,P-2022-01-269-1-2,LIMA,LIMA,RIMAC,PEATÓN,FALLECIDO,,EN EL LUGAR DE LOS HECHOS,NO IDENTIFICADO,,,MASCULINO,,NO CONDUCTOR,NO CONDUCTOR,NO,,NO,VEHICULO NO IDENTIFICADO,28/01/2022,2022,ENERO,VIERNES,23,ATROPELLO FUGA,EN PROCESO DE INVESTIGACIÓN,NO CUENTA CON CAUSA ESPECIFICA,CARRETERA NACIONAL,PE-1N,NACIONAL
A-2022-01-270,V-2022-01-270-1,P-2022-01-270-1-1,LIMA,LIMA,SANTIAGO DE SURCO,CONDUCTOR,FALLECIDO,,EN EL LUGAR DE LOS HECHOS,IDENTIFICADO,PERÚ,26,MASCULINO,,VIGENTE,B II C,SI,NEGATIVO,NO,MOTOCICLETA,30/01/2022,2022,ENERO,DOMINGO,1,VOLCADURA,EN PROCESO DE INVESTIGACIÓN,NO CUENTA CON CAUSA ESPECIFICA,CARRETERA NACIONAL,PE-1S,NACIONAL
A-2022-01-277,V-2022-01-277-1,P-2022-01-277-1-1,LIMA,LIMA,SAN MARTIN DE PORRES,CONDUCTOR,ILESO,,,IDENTIFICADO,PERÚ,23,MASCULINO,,SIN DNI IDENTIFICADO,SIN DNI IDENTIFICADO,SI,NEGATIVO,NO,CAMIÓN,30/01/2022,2022,ENERO,DOMINGO,6,CHOQUE,EN PROCESO DE INVESTIGACIÓN,NO CUENTA CON CAUSA ESPECIFICA,CARRETERA NACIONAL,PE-1N,NACIONAL
A-2022-01-277,V-2022-01-277-2,P-2022-01-277-2-1,LIMA,LIMA,SAN MARTIN DE PORRES,CONDUCTOR,ILESO,,,IDENTIFICADO,PERÚ,28,MASCULINO,SI,,A I,SI,NEGATIVO,NO,MOTOCICLETA,30/01/2022,2022,ENERO,DOMINGO,6,CHOQUE,EN PROCESO DE INVESTIGACIÓN,NO CUENTA CON CAUSA ESPECIFICA,CARRETERA NACIONAL,PE-1N,NACIONAL
A-2022-01-277,V-2022-01-277-2,P-2022-01-277-2-2,LIMA,LIMA,SAN MARTIN DE PORRES,PASAJERO,FALLECIDO,,EN EL LUGAR DE LOS HECHOS,IDENTIFICADO,PERÚ,28,FEMENINO,,NO CONDUCTOR,NO CONDUCTOR,SI,NEGATIVO,NO,MOTOCICLETA,30/01/2022,2022,ENERO,DOMINGO,6,CHOQUE,EN PROCESO DE INVESTIGACIÓN,NO CUENTA CON CAUSA ESPECIFICA,CARRETERA NACIONAL,PE-1N,NACIONAL
A-2022-01-271,V-2022-01-271-1,P-2022-01-271-1-1,LIMA,LIMA,VILLA MARIA DEL TRIUNFO,CONDUCTOR,ILESO,,,IDENTIFICADO,PERÚ,46,MASCULINO,,SIN DNI IDENTIFICADO,SIN DNI IDENTIFICADO,SI,NEGATIVO,NO,STATION WAGON,30/01/2022,2022,ENERO,DOMINGO,8,CHOQUE,EN PROCESO DE INVESTIGACIÓN,NO CUENTA CON CAUSA ESPECIFICA,AVENIDA,NO CORRESPONDE,URBANO
A-2022-01-271,V-2022-01-271-2,P-2022-01-271-2-1,LIMA,LIMA,VILLA MARIA DEL TRIUNFO,CONDUCTOR,FALLECIDO,,EN EL LUGAR DE LOS HECHOS,IDENTIFICADO,PERÚ,69,MASCULINO,SI,,A II A,SI,NEGATIVO,NO,MOTOCICLETA,30/01/2022,2022,ENERO,DOMINGO,8,CHOQUE,EN PROCESO DE INVESTIGACIÓN,NO CUENTA CON CAUSA ESPECIFICA,AVENIDA,NO CORRESPONDE,URBANO
A-2022-01-279,V-2022-01-279-1,P-2022-01-279-1-1,LIMA,LIMA,SANTA ANITA,SIN CONDUCTOR,NO SE CONOCE,,,NO IDENTIFICADO,,,NO INDICA,,NO CONDUCTOR,NO CONDUCTOR,NO,,NO,CAMIÓN,31/01/2022,2022,ENERO,LUNES,12,DESPISTE,EN PROCESO DE INVESTIGACIÓN,NO CUENTA CON CAUSA ESPECIFICA,AVENIDA,NO CORRESPONDE,URBANO
A-2022-01-279,V-2022-01-279-1,P-2022-01-279-1-2,LIMA,LIMA,SANTA ANITA,PASAJERO,FALLECIDO,,EN EL LUGAR DE LOS HECHOS,IDENTIFICADO,PERÚ,53,MASCULINO,,NO CONDUCTOR,NO CONDUCTOR,SI,NEGATIVO,NO,CAMIÓN,31/01/2022,2022,ENERO,LUNES,12,DESPISTE,EN PROCESO DE INVESTIGACIÓN,NO CUENTA CON CAUSA ESPECIFICA,AVENIDA,NO CORRESPONDE,URBANO
A-2022-01-279,V-2022-01-279-1,P-2022-01-279-1-3,LIMA,LIMA,SANTA ANITA,PASAJERO,LESIONADO,CENTRO DE SALUD PÚBLICO,,IDENTIFICADO,PERÚ,44,FEMENINO,,NO CONDUCTOR,NO CONDUCTOR,SI,NEGATIVO,NO,CAMIÓN,31/01/2022,2022,ENERO,LUNES,12,DESPISTE,EN PROCESO DE INVESTIGACIÓN,NO CUENTA CON CAUSA ESPECIFICA,AVENIDA,NO CORRESPONDE,URBANO
A-2022-02-149,V-2022-02-149-1,P-2022-02-149-1-1,LIMA,LIMA,SAN MARTIN DE PORRES,CONDUCTOR,ILESO,,,IDENTIFICADO,PERÚ,38,MASCULINO,,VIGENTE,A III C,SI,NEGATIVO,NO,REMOLCADOR-SEMIREMOLQUE,02/02/2022,2022,FEBRERO,MIÉRCOLES,10,ATROPELLO,EN PROCESO DE INVESTIGACIÓN,NO CUENTA CON CAUSA ESPECIFICA,CARRETERA NACIONAL,PE-1N,NACIONAL
A-2022-02-149,V-2022-02-149-1,P-2022-02-149-1-2,LIMA,LIMA,SAN MARTIN DE PORRES,PEATÓN,FALLECIDO,,EN EL LUGAR DE LOS HECHOS,IDENTIFICADO,PERÚ,64,FEMENINO,,NO CONDUCTOR,NO CONDUCTOR,SI,NEGATIVO,NO,REMOLCADOR-SEMIREMOLQUE,02/02/2022,2022,FEBRERO,MIÉRCOLES,10,ATROPELLO,EN PROCESO DE INVESTIGACIÓN,NO CUENTA CON CAUSA ESPECIFICA,CARRETERA NACIONAL,PE-1N,NACIONAL
A-2022-02-150,V-2022-02-150-1,P-2022-02-150-1-1,LIMA,LIMA,ATE,CONDUCTOR FUGADO,NO SE CONOCE,,,NO IDENTIFICADO,,,NO INDICA,,FUGADO,FUGADO,NO,,NO,VEHICULO NO IDENTIFICADO,02/02/2022,2022,FEBRERO,MIÉRCOLES,20,ATROPELLO FUGA,EN PROCESO DE INVESTIGACIÓN,NO CUENTA CON CAUSA ESPECIFICA,CARRETERA NACIONAL,PE-22,NACIONAL
A-2022-02-150,V-2022-02-150-1,P-2022-02-150-1-2,LIMA,LIMA,ATE,PEATÓN,FALLECIDO,,EN EL LUGAR DE LOS HECHOS,IDENTIFICADO,PERÚ,33,MASCULINO,,NO CONDUCTOR,NO CONDUCTOR,SI,NEGATIVO,NO,VEHICULO NO IDENTIFICADO,02/02/2022,2022,FEBRERO,MIÉRCOLES,20,ATROPELLO FUGA,EN PROCESO DE INVESTIGACIÓN,NO CUENTA CON CAUSA ESPECIFICA,CARRETERA NACIONAL,PE-22,NACIONAL
A-2022-02-151,V-2022-02-151-1,P-2022-02-151-1-1,LIMA,LIMA,SAN JUAN DE LURIGANCHO,CONDUCTOR,ILESO,,,IDENTIFICADO,PERÚ,73,MASCULINO,,SIN LICENCIA,SIN LICENCIA,SI,NEGATIVO,NO,MOTOCICLETA,03/02/2022,2022,FEBRERO,JUEVES,6,ATROPELLO,EN PROCESO DE INVESTIGACIÓN,NO CUENTA CON CAUSA ESPECIFICA,AVENIDA,NO CORRESPONDE,URBANO
A-2022-02-151,V-2022-02-151-1,P-2022-02-151-1-2,LIMA,LIMA,SAN JUAN DE LURIGANCHO,PEATÓN,FALLECIDO,,EN EL LUGAR DE LOS HECHOS,IDENTIFICADO,PERÚ,73,MASCULINO,,NO CONDUCTOR,NO CONDUCTOR,SI,NEGATIVO,NO,MOTOCICLETA,03/02/2022,2022,FEBRERO,JUEVES,6,ATROPELLO,EN PROCESO DE INVESTIGACIÓN,NO CUENTA CON CAUSA ESPECIFICA,AVENIDA,NO CORRESPONDE,URBANO
A-2022-02-153,V-2022-02-153-1,P-2022-02-153-1-1,LIMA,LIMA,VILLA EL SALVADOR,CONDUCTOR,ILESO,,,IDENTIFICADO,PERÚ,19,MASCULINO,,SIN LICENCIA,SIN LICENCIA,SI,NEGATIVO,NO,MOTOCICLETA,03/02/2022,2022,FEBRERO,JUEVES,13,ATROPELLO,EN PROCESO DE INVESTIGACIÓN,NO CUENTA CON CAUSA ESPECIFICA,AVENIDA,NO CORRESPONDE,URBANO
A-2022-02-153,V-2022-02-153-1,P-2022-02-153-1-2,LIMA,LIMA,VILLA EL SALVADOR,PEATÓN,FALLECIDO,,EN EL LUGAR DE LOS HECHOS,IDENTIFICADO,PERÚ,76,FEMENINO,,NO CONDUCTOR,NO CONDUCTOR,SI,NEGATIVO,NO,MOTOCICLETA,03/02/2022,2022,FEBRERO,JUEVES,13,ATROPELLO,EN PROCESO DE INVESTIGACIÓN,NO CUENTA CON CAUSA ESPECIFICA,AVENIDA,NO CORRESPONDE,URBANO
A-2022-02-153,V-2022-02-153-1,P-2022-02-153-1-3,LIMA,LIMA,VILLA EL SALVADOR,PASAJERO,LESIONADO,CENTRO DE SALUD PÚBLICO,,IDENTIFICADO,PERÚ,21,MASCULINO,,NO CONDUCTOR,NO CONDUCTOR,SI,NEGATIVO,NO,MOTOCICLETA,03/02/2022,2022,FEBRERO,JUEVES,13,ATROPELLO,EN PROCESO DE INVESTIGACIÓN,NO CUENTA CON CAUSA ESPECIFICA,AVENIDA,NO CORRESPONDE,URBANO
A-2022-02-154,V-2022-02-154-1,P-2022-02-154-1-1,LIMA,LIMA,CHORRILLOS,CONDUCTOR,ILESO,,,IDENTIFICADO,PERÚ,49,MASCULINO,,VIGENTE,A III C,SI,NEGATIVO,NO,REMOLCADOR,05/02/2022,2022,FEBRERO,SÁBADO,7,CHOQUE,EN PROCESO DE INVESTIGACIÓN,NO CUENTA CON CAUSA ESPECIFICA,AVENIDA,NO CORRESPONDE,URBANO
A-2022-02-154,V-2022-02-154-2,P-2022-02-154-2-1,LIMA,LIMA,CHORRILLOS,CONDUCTOR,ILESO,,,IDENTIFICADO,PERÚ,33,MASCULINO,,SIN LICENCIA,SIN LICENCIA,SI,NEGATIVO,,MOTOCICLETA,05/02/2022,2022,FEBRERO,SÁBADO,7,CHOQUE,EN PROCESO DE INVESTIGACIÓN,NO CUENTA CON CAUSA ESPECIFICA,AVENIDA,NO CORRESPONDE,URBANO
A-2022-02-154,V-2022-02-154-2,P-2022-02-154-2-2,LIMA,LIMA,CHORRILLOS,PASAJERO,FALLECIDO,,EN EL LUGAR DE LOS HECHOS,IDENTIFICADO,PERÚ,34,MASCULINO,,NO CONDUCTOR,NO CONDUCTOR,SI,NEGATIVO,NO,MOTOCICLETA,05/02/2022,2022,FEBRERO,SÁBADO,7,CHOQUE,EN PROCESO DE INVESTIGACIÓN,NO CUENTA CON CAUSA ESPECIFICA,AVENIDA,NO CORRESPONDE,URBANO
A-2022-02-22,V-2022-02-22-1,P-2022-02-22-1-1,CALLAO,CALLAO,BELLAVISTA,CONDUCTOR FUGADO,NO SE CONOCE,,,NO IDENTIFICADO,,,NO INDICA,,FUGADO,FUGADO,NO,,,CAMIONETA RURAL,05/02/2022,2022,FEBRERO,SÁBADO,17,CHOQUE FUGA,IMPRUDENCIA DEL CONDUCTOR,NO DAR PASO PREFERENTE AL PEATÓN,AVENIDA,NO CORRESPONDE,URBANO
A-2022-02-22,V-2022-02-22-2,P-2022-02-22-2-1,CALLAO,CALLAO,BELLAVISTA,CONDUCTOR,FALLECIDO,,EN EL LUGAR DE LOS HECHOS,IDENTIFICADO,PERÚ,72,MASCULINO,,NO CORRESPONDE,A I,NO,,SI,BICICLETA,05/02/2022,2022,FEBRERO,SÁBADO,17,CHOQUE FUGA,IMPRUDENCIA DEL CONDUCTOR,NO DAR PASO PREFERENTE AL PEATÓN,AVENIDA,NO CORRESPONDE,URBANO
A-2022-02-155,V-2022-02-155-1,P-2022-02-155-1-1,LIMA,LIMA,INDEPENDENCIA,CONDUCTOR,ILESO,,,IDENTIFICADO,PERÚ,29,MASCULINO,,VIGENTE,B,SI,NEGATIVO,NO,MOTOCICLETA,06/02/2022,2022,FEBRERO,DOMINGO,5,CHOQUE,EN PROCESO DE INVESTIGACIÓN,NO CUENTA CON CAUSA ESPECIFICA,CARRETERA NACIONAL,PE-1N,NACIONAL
A-2022-02-155,V-2022-02-155-2,P-2022-02-155-2-1,LIMA,LIMA,INDEPENDENCIA,CONDUCTOR,FALLECIDO,,EN EL LUGAR DE LOS HECHOS,NO IDENTIFICADO,,,MASCULINO,,SIN DNI IDENTIFICADO,SIN DNI IDENTIFICADO,SI,NEGATIVO,NO,MOTOCICLETA,06/02/2022,2022,FEBRERO,DOMINGO,5,CHOQUE,EN PROCESO DE INVESTIGACIÓN,NO CUENTA CON CAUSA ESPECIFICA,CARRETERA NACIONAL,PE-1N,NACIONAL
A-2022-02-162,V-2022-02-162-1,P-2022-02-162-1-1,LIMA,LIMA,SAN JUAN DE MIRAFLORES,CONDUCTOR,FALLECIDO,,EN EL LUGAR DE LOS HECHOS,IDENTIFICADO,PERÚ,60,MASCULINO,,VIGENTE,A I,SI,NEGATIVO,NO,AUTOMÓVIL,06/02/2022,2022,FEBRERO,DOMINGO,18,DESPISTE,EN PROCESO DE INVESTIGACIÓN,NO CUENTA CON CAUSA ESPECIFICA,AVENIDA,NO CORRESPONDE,URBANO
A-2022-02-166,V-2022-02-166-1,P-2022-02-166-1-1,LIMA,LIMA,LURIGANCHO,CONDUCTOR,ILESO,,,IDENTIFICADO,PERÚ,47,MASCULINO,,VIGENTE,A III C,SI,NEGATIVO,NO,REMOLCADOR-SEMIREMOLQUE,07/02/2022,2022,FEBRERO,LUNES,21,ESPECIAL,EN PROCESO DE INVESTIGACIÓN,NO CUENTA CON CAUSA ESPECIFICA,AVENIDA,NO CORRESPONDE,URBANO
A-2022-02-166,V-2022-02-166-1,P-2022-02-166-1-2,LIMA,LIMA,LURIGANCHO,PEATÓN,FALLECIDO,,EN EL LUGAR DE LOS HECHOS,IDENTIFICADO,PERÚ,25,MASCULINO,,NO CONDUCTOR,NO CONDUCTOR,SI,NEGATIVO,NO,REMOLCADOR-SEMIREMOLQUE,07/02/2022,2022,FEBRERO,LUNES,21,ESPECIAL,EN PROCESO DE INVESTIGACIÓN,NO CUENTA CON CAUSA ESPECIFICA,AVENIDA,NO CORRESPONDE,URBANO
A-2022-02-167,V-2022-02-167-1,P-2022-02-167-1-1,LIMA,LIMA,LOS OLIVOS,CONDUCTOR,ILESO,,,IDENTIFICADO,VENEZUELA,24,MASCULINO,,SIN DNI IDENTIFICADO,SIN DNI IDENTIFICADO,SI,NEGATIVO,NO,MINIBUS,08/02/2022,2022,FEBRERO,MARTES,17,CAÍDA DE PASAJERO,EN PROCESO DE INVESTIGACIÓN,NO CUENTA CON CAUSA ESPECIFICA,AVENIDA,NO CORRESPONDE,URBANO
A-2022-02-167,V-2022-02-167-1,P-2022-02-167-1-2,LIMA,LIMA,LOS OLIVOS,PASAJERO,FALLECIDO,,EN EL LUGAR DE LOS HECHOS,NO IDENTIFICADO,PERÚ,,MASCULINO,,NO CONDUCTOR,NO CONDUCTOR,SI,NEGATIVO,NO,MINIBUS,08/02/2022,2022,FEBRERO,MARTES,17,CAÍDA DE PASAJERO,EN PROCESO DE INVESTIGACIÓN,NO CUENTA CON CAUSA ESPECIFICA,AVENIDA,NO CORRESPONDE,URBANO
A-2022-02-168,V-2022-02-168-1,P-2022-02-168-1-1,LIMA,LIMA,SAN BORJA,CONDUCTOR,ILESO,,,IDENTIFICADO,PERÚ,66,MASCULINO,,VIGENTE,A III A,SI,NEGATIVO,NO,ÓMNIBUS,08/02/2022,2022,FEBRERO,MARTES,23,ATROPELLO,EN PROCESO DE INVESTIGACIÓN,NO CUENTA CON CAUSA ESPECIFICA,AVENIDA,NO CORRESPONDE,URBANO
A-2022-02-168,V-2022-02-168-1,P-2022-02-168-1-2,LIMA,LIMA,SAN BORJA,PEATÓN,FALLECIDO,,EN EL LUGAR DE LOS HECHOS,IDENTIFICADO,PERÚ,79,MASCULINO,,NO CONDUCTOR,NO CONDUCTOR,SI,NEGATIVO,NO,ÓMNIBUS,08/02/2022,2022,FEBRERO,MARTES,23,ATROPELLO,EN PROCESO DE INVESTIGACIÓN,NO CUENTA CON CAUSA ESPECIFICA,AVENIDA,NO CORRESPONDE,URBANO
A-2022-02-216,V-2022-02-216-1,P-2022-02-216-1-1,LIMA,LIMA,PACHACAMAC,CONDUCTOR,ILESO,,,IDENTIFICADO,PERÚ,27,MASCULINO,,SIN LICENCIA,SIN LICENCIA,SI,,NO,MOTOCICLETA,09/02/2022,2022,FEBRERO,MIÉRCOLES,20,ATROPELLO,EN PROCESO DE INVESTIGACIÓN,NO CUENTA CON CAUSA ESPECIFICA,AVENIDA,NO CORRESPONDE,URBANO
A-2022-02-216,V-2022-02-216-1,P-2022-02-216-1-2,LIMA,LIMA,PACHACAMAC,PEATÓN,FALLECIDO,,EN EL LUGAR DE LOS HECHOS,IDENTIFICADO,PERÚ,75,FEMENINO,,NO CONDUCTOR,NO CONDUCTOR,SI,NEGATIVO,NO,MOTOCICLETA,09/02/2022,2022,FEBRERO,MIÉRCOLES,20,ATROPELLO,EN PROCESO DE INVESTIGACIÓN,NO CUENTA CON CAUSA ESPECIFICA,AVENIDA,NO CORRESPONDE,URBANO
A-2022-02-218,V-2022-02-218-1,P-2022-02-218-1-1,LIMA,LIMA,CARABAYLLO,CONDUCTOR,ILESO,,,IDENTIFICADO,PERÚ,37,MASCULINO,,VIGENTE,A I,SI,NEGATIVO,NO,CAMIONETA RURAL,10/02/2022,2022,FEBRERO,JUEVES,6,ATROPELLO,EN PROCESO DE INVESTIGACIÓN,NO CUENTA CON CAUSA ESPECIFICA,CALLE,NO CORRESPONDE,URBANO
A-2022-02-218,V-2022-02-218-1,P-2022-02-218-1-2,LIMA,LIMA,CARABAYLLO,PEATÓN,FALLECIDO,,EN EL LUGAR DE LOS HECHOS,IDENTIFICADO,PERÚ,50,FEMENINO,,NO CONDUCTOR,NO CONDUCTOR,SI,NEGATIVO,NO,CAMIONETA RURAL,10/02/2022,2022,FEBRERO,JUEVES,6,ATROPELLO,EN PROCESO DE INVESTIGACIÓN,NO CUENTA CON CAUSA ESPECIFICA,CALLE,NO CORRESPONDE,URBANO
A-2022-02-222,V-2022-02-222-1,P-2022-02-222-1-1,LIMA,LIMA,CARABAYLLO,CONDUCTOR,ILESO,,,IDENTIFICADO,PERÚ,57,MASCULINO,,VIGENTE,A III C,SI,NEGATIVO,NO,ÓMNIBUS,11/02/2022,2022,FEBRERO,VIERNES,2,CHOQUE,EN PROCESO DE INVESTIGACIÓN,NO CUENTA CON CAUSA ESPECIFICA,AVENIDA,NO CORRESPONDE,URBANO
A-2022-02-222,V-2022-02-222-2,P-2022-02-222-2-1,LIMA,LIMA,CARABAYLLO,CONDUCTOR,FALLECIDO,,EN EL LUGAR DE LOS HECHOS,IDENTIFICADO,PERÚ,44,MASCULINO,,VENCIDA,B II C,SI,NEGATIVO,NO,TRIMOTO PASAJERO,11/02/2022,2022,FEBRERO,VIERNES,2,CHOQUE,EN PROCESO DE INVESTIGACIÓN,NO CUENTA CON CAUSA ESPECIFICA,AVENIDA,NO CORRESPONDE,URBANO
A-2022-02-221,V-2022-02-221-1,P-2022-02-221-1-1,LIMA,LIMA,ATE,CONDUCTOR,ILESO,,,IDENTIFICADO,PERÚ,62,MASCULINO,,VIGENTE,A III C,SI,NEGATIVO,NO,REMOLCADOR,11/02/2022,2022,FEBRERO,VIERNES,18,ATROPELLO,EN PROCESO DE INVESTIGACIÓN,NO CUENTA CON CAUSA ESPECIFICA,AVENIDA,NO CORRESPONDE,URBANO
A-2022-02-221,V-2022-02-221-1,P-2022-02-221-1-2,LIMA,LIMA,ATE,PEATÓN,FALLECIDO,,EN EL LUGAR DE LOS HECHOS,IDENTIFICADO,PERÚ,69,FEMENINO,,NO CONDUCTOR,NO CONDUCTOR,SI,NEGATIVO,NO,REMOLCADOR,11/02/2022,2022,FEBRERO,VIERNES,18,ATROPELLO,EN PROCESO DE INVESTIGACIÓN,NO CUENTA CON CAUSA ESPECIFICA,AVENIDA,NO CORRESPONDE,URBANO
A-2022-02-223,V-2022-02-223-1,P-2022-02-223-1-1,LIMA,LIMA,RIMAC,CONDUCTOR FUGADO,NO SE CONOCE,,,NO IDENTIFICADO,,,NO INDICA,,FUGADO,FUGADO,NO,,NO,VEHICULO NO IDENTIFICADO,12/02/2022,2022,FEBRERO,SÁBADO,2,ATROPELLO FUGA,EN PROCESO DE INVESTIGACIÓN,NO CUENTA CON CAUSA ESPECIFICA,CARRETERA NACIONAL,PE-1N,NACIONAL
A-2022-02-223,V-2022-02-223-1,P-2022-02-223-1-2,LIMA,LIMA,RIMAC,PEATÓN,FALLECIDO,,EN EL LUGAR DE LOS HECHOS,NO IDENTIFICADO,,,FEMENINO,,NO CONDUCTOR,NO CONDUCTOR,SI,NEGATIVO,NO,VEHICULO NO IDENTIFICADO,12/02/2022,2022,FEBRERO,SÁBADO,2,ATROPELLO FUGA,EN PROCESO DE INVESTIGACIÓN,NO CUENTA CON CAUSA ESPECIFICA,CARRETERA NACIONAL,PE-1N,NACIONAL
A-2022-02-228,V-2022-02-228-1,P-2022-02-228-1-1,LIMA,LIMA,LIMA,CONDUCTOR,ILESO,,,IDENTIFICADO,PERÚ,69,MASCULINO,,VIGENTE,A III C,SI,NEGATIVO,NO,ÓMNIBUS,13/02/2022,2022,FEBRERO,DOMINGO,15,CHOQUE,EN PROCESO DE INVESTIGACIÓN,NO CUENTA CON CAUSA ESPECIFICA,AVENIDA,NO CORRESPONDE,URBANO
A-2022-02-228,V-2022-02-228-2,P-2022-02-228-2-1,LIMA,LIMA,LIMA,CONDUCTOR,FALLECIDO,,EN EL LUGAR DE LOS HECHOS,IDENTIFICADO,PERÚ,71,MASCULINO,,VIGENTE,A I,SI,NEGATIVO,NO,CAMIÓN,13/02/2022,2022,FEBRERO,DOMINGO,15,CHOQUE,EN PROCESO DE INVESTIGACIÓN,NO CUENTA CON CAUSA ESPECIFICA,AVENIDA,NO CORRESPONDE,URBANO
A-2022-02-228,V-2022-02-228-2,P-2022-02-228-2-2,LIMA,LIMA,LIMA,PASAJERO,LESIONADO,OTRO,,IDENTIFICADO,PERÚ,69,MASCULINO,,NO CONDUCTOR,NO CONDUCTOR,SI,NEGATIVO,NO,CAMIÓN,13/02/2022,2022,FEBRERO,DOMINGO,15,CHOQUE,EN PROCESO DE INVESTIGACIÓN,NO CUENTA CON CAUSA ESPECIFICA,AVENIDA,NO CORRESPONDE,URBANO
A-2022-02-229,V-2022-02-229-1,P-2022-02-229-1-1,LIMA,LIMA,MAGDALENA DEL MAR,CONDUCTOR,FALLECIDO,,EN EL LUGAR DE LOS HECHOS,IDENTIFICADO,PERÚ,22,MASCULINO,,VIGENTE,B II C,SI,NEGATIVO,NO,MOTOCICLETA,14/02/2022,2022,FEBRERO,LUNES,5,DESPISTE,EN PROCESO DE INVESTIGACIÓN,NO CUENTA CON CAUSA ESPECIFICA,OTRO,NO CORRESPONDE,URBANO
A-2022-02-230,V-2022-02-230-1,P-2022-02-230-1-1,LIMA,LIMA,SAN MARTIN DE PORRES,CONDUCTOR FUGADO,NO SE CONOCE,,,NO IDENTIFICADO,,,NO INDICA,,FUGADO,FUGADO,NO,,NO,VEHICULO NO IDENTIFICADO,14/02/2022,2022,FEBRERO,LUNES,15,CHOQUE,EN PROCESO DE INVESTIGACIÓN,NO CUENTA CON CAUSA ESPECIFICA,AVENIDA,NO CORRESPONDE,URBANO
A-2022-02-230,V-2022-02-230-2,P-2022-02-230-2-1,LIMA,LIMA,SAN MARTIN DE PORRES,CONDUCTOR,ILESO,,,IDENTIFICADO,PERÚ,22,MASCULINO,,SIN DNI IDENTIFICADO,SIN DNI IDENTIFICADO,SI,NEGATIVO,NO,MOTOCICLETA,14/02/2022,2022,FEBRERO,LUNES,15,CHOQUE,EN PROCESO DE INVESTIGACIÓN,NO CUENTA CON CAUSA ESPECIFICA,AVENIDA,NO CORRESPONDE,URBANO
A-2022-02-230,V-2022-02-230-2,P-2022-02-230-2-2,LIMA,LIMA,SAN MARTIN DE PORRES,PEATÓN,FALLECIDO,,EN EL LUGAR DE LOS HECHOS,IDENTIFICADO,PERÚ,54,MASCULINO,,NO CONDUCTOR,NO CONDUCTOR,SI,NEGATIVO,NO,MOTOCICLETA,14/02/2022,2022,FEBRERO,LUNES,15,CHOQUE,EN PROCESO DE INVESTIGACIÓN,NO CUENTA CON CAUSA ESPECIFICA,AVENIDA,NO CORRESPONDE,URBANO
A-2022-02-231,V-2022-02-231-1,P-2022-02-231-1-1,LIMA,LIMA,LURIGANCHO,CONDUCTOR FUGADO,NO SE CONOCE,,,NO IDENTIFICADO,,,NO INDICA,,FUGADO,FUGADO,,,,VEHICULO NO IDENTIFICADO,15/02/2022,2022,FEBRERO,MARTES,4,ATROPELLO FUGA,EN PROCESO DE INVESTIGACIÓN,NO CUENTA CON CAUSA ESPECIFICA,AVENIDA,NO CORRESPONDE,URBANO
A-2022-02-231,V-2022-02-231-1,P-2022-02-231-1-2,LIMA,LIMA,LURIGANCHO,PEATÓN,FALLECIDO,,EN EL LUGAR DE LOS HECHOS,IDENTIFICADO,PERÚ,25,MASCULINO,,NO CONDUCTOR,NO CONDUCTOR,NO,,NO,VEHICULO NO IDENTIFICADO,15/02/2022,2022,FEBRERO,MARTES,4,ATROPELLO FUGA,EN PROCESO DE INVESTIGACIÓN,NO CUENTA CON CAUSA ESPECIFICA,AVENIDA,NO CORRESPONDE,URBANO
A-2022-02-234,V-2022-02-234-1,P-2022-02-234-1-1,LIMA,LIMA,COMAS,CONDUCTOR,ILESO,,,IDENTIFICADO,PERÚ,58,MASCULINO,SI,VIGENTE,A II B,SI,NEGATIVO,NO,CAMIÓN,15/02/2022,2022,FEBRERO,MARTES,11,ATROPELLO,EN PROCESO DE INVESTIGACIÓN,NO CUENTA CON CAUSA ESPECIFICA,AVENIDA,NO CORRESPONDE,URBANO
A-2022-02-234,V-2022-02-234-1,P-2022-02-234-1-2,LIMA,LIMA,COMAS,PEATÓN,FALLECIDO,,EN EL LUGAR DE LOS HECHOS,IDENTIFICADO,PERÚ,72,FEMENINO,,NO CONDUCTOR,NO CONDUCTOR,SI,NEGATIVO,NO,CAMIÓN,15/02/2022,2022,FEBRERO,MARTES,11,ATROPELLO,EN PROCESO DE INVESTIGACIÓN,NO CUENTA CON CAUSA ESPECIFICA,AVENIDA,NO CORRESPONDE,URBANO
A-2022-02-235,V-2022-02-235-1,P-2022-02-235-1-1,LIMA,LIMA,RIMAC,CONDUCTOR,ILESO,,,IDENTIFICADO,PERÚ,42,MASCULINO,,VIGENTE,A III C,SI,NEGATIVO,NO,ÓMNIBUS,16/02/2022,2022,FEBRERO,MIÉRCOLES,13,ATROPELLO,EN PROCESO DE INVESTIGACIÓN,NO CUENTA CON CAUSA ESPECIFICA,AVENIDA,NO CORRESPONDE,URBANO
A-2022-02-235,V-2022-02-235-1,P-2022-02-235-1-2,LIMA,LIMA,RIMAC,PEATÓN,FALLECIDO,,EN EL LUGAR DE LOS HECHOS,IDENTIFICADO,PERÚ,75,MASCULINO,,NO CONDUCTOR,NO CONDUCTOR,SI,NEGATIVO,NO,ÓMNIBUS,16/02/2022,2022,FEBRERO,MIÉRCOLES,13,ATROPELLO,EN PROCESO DE INVESTIGACIÓN,NO CUENTA CON CAUSA ESPECIFICA,AVENIDA,NO CORRESPONDE,URBANO
A-2022-02-81,V-2022-02-81-1,P-2022-02-81-1-1,CALLAO,CALLAO,CALLAO,CONDUCTOR,ILESO,,,IDENTIFICADO,PERÚ,27,MASCULINO,SI,VIGENTE,A III B,SI,NEGATIVO,NO,REMOLCADOR-SEMIREMOLQUE,17/02/2022,2022,FEBRERO,JUEVES,21,ATROPELLO,IMPRUDENCIA DEL PEATÓN,ESTADO DE EBRIEDAD Y/O DROGADICCIÓN,CARRETERA NACIONAL,PE-20,NACIONAL
A-2022-02-81,V-2022-02-81-1,P-2022-02-81-1-2,CALLAO,CALLAO,CALLAO,PEATÓN,FALLECIDO,,EN EL CENTRO DE SALUD,IDENTIFICADO,PERÚ,41,FEMENINO,,NO CONDUCTOR,NO CONDUCTOR,SI,POSITIVO,NO,REMOLCADOR-SEMIREMOLQUE,17/02/2022,2022,FEBRERO,JUEVES,21,ATROPELLO,IMPRUDENCIA DEL PEATÓN,ESTADO DE EBRIEDAD Y/O DROGADICCIÓN,CARRETERA NACIONAL,PE-20,NACIONAL
A-2022-02-236,V-2022-02-236-1,P-2022-02-236-1-1,LIMA,LIMA,MIRAFLORES,CONDUCTOR,ILESO,,,IDENTIFICADO,PERÚ,64,MASCULINO,,VIGENTE,A I,SI,NEGATIVO,NO,AUTOMÓVIL,18/02/2022,2022,FEBRERO,VIERNES,21,ATROPELLO,EN PROCESO DE INVESTIGACIÓN,NO CUENTA CON CAUSA ESPECIFICA,OTRO,NO CORRESPONDE,URBANO
A-2022-02-236,V-2022-02-236-1,P-2022-02-236-1-2,LIMA,LIMA,MIRAFLORES,PEATÓN,FALLECIDO,,EN EL LUGAR DE LOS HECHOS,NO IDENTIFICADO,,,MASCULINO,,NO CONDUCTOR,NO CONDUCTOR,NO,,NO,AUTOMÓVIL,18/02/2022,2022,FEBRERO,VIERNES,21,ATROPELLO,EN PROCESO DE INVESTIGACIÓN,NO CUENTA CON CAUSA ESPECIFICA,OTRO,NO CORRESPONDE,URBANO
A-2022-02-239,V-2022-02-239-1,P-2022-02-239-1-1,LIMA,LIMA,LURIN,CONDUCTOR FUGADO,NO SE CONOCE,,,NO IDENTIFICADO,,,NO INDICA,,FUGADO,FUGADO,,,,VEHICULO NO IDENTIFICADO,19/02/2022,2022,FEBRERO,SÁBADO,10,ATROPELLO FUGA,EN PROCESO DE INVESTIGACIÓN,NO CUENTA CON CAUSA ESPECIFICA,CARRETERA NACIONAL,PE-1S,NACIONAL
A-2022-02-239,V-2022-02-239-1,P-2022-02-239-1-2,LIMA,LIMA,LURIN,PEATÓN,FALLECIDO,,EN EL LUGAR DE LOS HECHOS,NO IDENTIFICADO,,,MASCULINO,,NO CONDUCTOR,NO CONDUCTOR,NO,,NO,VEHICULO NO IDENTIFICADO,19/02/2022,2022,FEBRERO,SÁBADO,10,ATROPELLO FUGA,EN PROCESO DE INVESTIGACIÓN,NO CUENTA CON CAUSA ESPECIFICA,CARRETERA NACIONAL,PE-1S,NACIONAL
A-2022-02-237,V-2022-02-237-1,P-2022-02-237-1-1,LIMA,LIMA,LA MOLINA,CONDUCTOR,ILESO,,,IDENTIFICADO,PERÚ,50,MASCULINO,,VIGENTE,A III C,SI,NEGATIVO,NO,REMOLCADOR,19/02/2022,2022,FEBRERO,SÁBADO,19,CHOQUE,EN PROCESO DE INVESTIGACIÓN,NO CUENTA CON CAUSA ESPECIFICA,CARRETERA DEPARTAMENTAL,LM-117,DEPARTAMENTAL
A-2022-02-237,V-2022-02-237-2,P-2022-02-237-2-1,LIMA,LIMA,LA MOLINA,CONDUCTOR,FALLECIDO,,EN EL LUGAR DE LOS HECHOS,IDENTIFICADO,PERÚ,21,MASCULINO,,SIN LICENCIA,SIN LICENCIA,SI,NEGATIVO,NO,MOTOCICLETA,19/02/2022,2022,FEBRERO,SÁBADO,19,CHOQUE,EN PROCESO DE INVESTIGACIÓN,NO CUENTA CON CAUSA ESPECIFICA,CARRETERA DEPARTAMENTAL,LM-117,DEPARTAMENTAL
A-2022-02-240,V-2022-02-240-1,P-2022-02-240-1-1,LIMA,LIMA,ANCON,CONDUCTOR,ILESO,,,IDENTIFICADO,PERÚ,41,MASCULINO,,VIGENTE,A III B,SI,NEGATIVO,NO,REMOLCADOR,20/02/2022,2022,FEBRERO,DOMINGO,2,ATROPELLO,EN PROCESO DE INVESTIGACIÓN,NO CUENTA CON CAUSA ESPECIFICA,CARRETERA NACIONAL,PE-1N,NACIONAL
A-2022-02-240,V-2022-02-240-1,P-2022-02-240-1-2,LIMA,LIMA,ANCON,PEATÓN,FALLECIDO,,EN EL LUGAR DE LOS HECHOS,NO IDENTIFICADO,,,MASCULINO,,NO CONDUCTOR,NO CONDUCTOR,NO,,NO,REMOLCADOR,20/02/2022,2022,FEBRERO,DOMINGO,2,ATROPELLO,EN PROCESO DE INVESTIGACIÓN,NO CUENTA CON CAUSA ESPECIFICA,CARRETERA NACIONAL,PE-1N,NACIONAL
A-2022-02-242,V-2022-02-242-1,P-2022-02-242-1-1,LIMA,LIMA,SAN MARTIN DE PORRES,CONDUCTOR,ILESO,,,IDENTIFICADO,PERÚ,60,MASCULINO,SI,VIGENTE,A III C,SI,NEGATIVO,NO,ÓMNIBUS,23/02/2022,2022,FEBRERO,MIÉRCOLES,9,CAÍDA DE PASAJERO,EN PROCESO DE INVESTIGACIÓN,NO CUENTA CON CAUSA ESPECIFICA,AVENIDA,NO CORRESPONDE,URBANO
A-2022-02-242,V-2022-02-242-1,P-2022-02-242-1-2,LIMA,LIMA,SAN MARTIN DE PORRES,PASAJERO,FALLECIDO,,EN EL LUGAR DE LOS HECHOS,IDENTIFICADO,PERÚ,55,FEMENINO,,NO CONDUCTOR,NO CONDUCTOR,SI,NEGATIVO,NO,ÓMNIBUS,23/02/2022,2022,FEBRERO,MIÉRCOLES,9,CAÍDA DE PASAJERO,EN PROCESO DE INVESTIGACIÓN,NO CUENTA CON CAUSA ESPECIFICA,AVENIDA,NO CORRESPONDE,URBANO
A-2022-02-119,V-2022-02-119-1,P-2022-02-119-1-1,CALLAO,CALLAO,CALLAO,CONDUCTOR FUGADO,NO SE CONOCE,,,NO IDENTIFICADO,OTRO,,MASCULINO,,FUGADO,FUGADO,NO,,NO,CAMIONETA RURAL,24/02/2022,2022,FEBRERO,JUEVES,5,ATROPELLO,IMPRUDENCIA DEL CONDUCTOR,EXCESO DE VELOCIDAD,AVENIDA,NO CORRESPONDE,URBANO
A-2022-02-119,V-2022-02-119-1,P-2022-02-119-1-2,CALLAO,CALLAO,CALLAO,PEATÓN,FALLECIDO,,EN EL LUGAR DE LOS HECHOS,IDENTIFICADO,PERÚ,69,FEMENINO,,NO CONDUCTOR,NO CONDUCTOR,NO,,SI,CAMIONETA RURAL,24/02/2022,2022,FEBRERO,JUEVES,5,ATROPELLO,IMPRUDENCIA DEL CONDUCTOR,EXCESO DE VELOCIDAD,AVENIDA,NO CORRESPONDE,URBANO
A-2022-02-241,V-2022-02-241-1,P-2022-02-241-1-1,LIMA,LIMA,LIMA,CONDUCTOR,ILESO,,,IDENTIFICADO,PERÚ,59,MASCULINO,,VIGENTE,A II B,SI,NEGATIVO,NO,CAMIONETA RURAL,24/02/2022,2022,FEBRERO,JUEVES,8,ESPECIAL,EN PROCESO DE INVESTIGACIÓN,NO CUENTA CON CAUSA ESPECIFICA,AVENIDA,NO CORRESPONDE,URBANO
A-2022-02-241,V-2022-02-241-1,P-2022-02-241-1-2,LIMA,LIMA,LIMA,PEATÓN,FALLECIDO,,EN EL LUGAR DE LOS HECHOS,IDENTIFICADO,PERÚ,55,MASCULINO,,NO CONDUCTOR,NO CONDUCTOR,SI,NEGATIVO,NO,CAMIONETA RURAL,24/02/2022,2022,FEBRERO,JUEVES,8,ESPECIAL,EN PROCESO DE INVESTIGACIÓN,NO CUENTA CON CAUSA ESPECIFICA,AVENIDA,NO CORRESPONDE,URBANO
A-2022-02-246,V-2022-02-246-1,P-2022-02-246-1-1,LIMA,LIMA,ATE,CONDUCTOR,ILESO,,,IDENTIFICADO,PERÚ,39,MASCULINO,,VIGENTE,A III C,SI,NEGATIVO,NO,ÓMNIBUS,25/02/2022,2022,FEBRERO,VIERNES,12,ATROPELLO,EN PROCESO DE INVESTIGACIÓN,NO CUENTA CON CAUSA ESPECIFICA,CARRETERA NACIONAL,PE-22,NACIONAL
A-2022-02-246,V-2022-02-246-1,P-2022-02-246-1-2,LIMA,LIMA,ATE,PEATÓN,FALLECIDO,,EN EL LUGAR DE LOS HECHOS,IDENTIFICADO,PERÚ,71,FEMENINO,,NO CONDUCTOR,NO CONDUCTOR,SI,NEGATIVO,NO,ÓMNIBUS,25/02/2022,2022,FEBRERO,VIERNES,12,ATROPELLO,EN PROCESO DE INVESTIGACIÓN,NO CUENTA CON CAUSA ESPECIFICA,CARRETERA NACIONAL,PE-22,NACIONAL
A-2022-02-309,V-2022-02-309-1,P-2022-02-309-1-1,LIMA,LIMA,SAN MARTIN DE PORRES,CONDUCTOR,ILESO,,,NO IDENTIFICADO,,,MASCULINO,,VIGENTE,A III C,,,,ÓMNIBUS,25/02/2022,2022,FEBRERO,VIERNES,14,ATROPELLO,EN PROCESO DE INVESTIGACIÓN,NO CUENTA CON CAUSA ESPECIFICA,AVENIDA,NO CORRESPONDE,URBANO
A-2022-02-309,V-2022-02-309-1,P-2022-02-309-1-2,LIMA,LIMA,SAN MARTIN DE PORRES,PEATÓN,FALLECIDO,,,NO IDENTIFICADO,,,FEMENINO,,NO CONDUCTOR,NO CONDUCTOR,,,,ÓMNIBUS,25/02/2022,2022,FEBRERO,VIERNES,14,ATROPELLO,EN PROCESO DE INVESTIGACIÓN,NO CUENTA CON CAUSA ESPECIFICA,AVENIDA,NO CORRESPONDE,URBANO
A-2022-02-249,V-2022-02-249-1,P-2022-02-249-1-1,LIMA,LIMA,SANTA ANITA,CONDUCTOR FUGADO,NO SE CONOCE,,,NO IDENTIFICADO,,,NO INDICA,,FUGADO,FUGADO,NO,,NO,VEHICULO NO IDENTIFICADO,25/02/2022,2022,FEBRERO,VIERNES,23,CHOQUE,EN PROCESO DE INVESTIGACIÓN,NO CUENTA CON CAUSA ESPECIFICA,AVENIDA,NO CORRESPONDE,URBANO
A-2022-02-249,V-2022-02-249-2,P-2022-02-249-2-1,LIMA,LIMA,SANTA ANITA,CONDUCTOR,ILESO,,,IDENTIFICADO,PERÚ,17,MASCULINO,,SIN DNI IDENTIFICADO,SIN DNI IDENTIFICADO,SI,NEGATIVO,NO,TRIMOTO PASAJERO,25/02/2022,2022,FEBRERO,VIERNES,23,CHOQUE,EN PROCESO DE INVESTIGACIÓN,NO CUENTA CON CAUSA ESPECIFICA,AVENIDA,NO CORRESPONDE,URBANO
A-2022-02-249,V-2022-02-249-2,P-2022-02-249-2-2,LIMA,LIMA,SANTA ANITA,PASAJERO,LESIONADO,CENTRO DE SALUD PÚBLICO,,IDENTIFICADO,PERÚ,15,FEMENINO,,NO CONDUCTOR,NO CONDUCTOR,NO,NEGATIVO,NO,TRIMOTO PASAJERO,25/02/2022,2022,FEBRERO,VIERNES,23,CHOQUE,EN PROCESO DE INVESTIGACIÓN,NO CUENTA CON CAUSA ESPECIFICA,AVENIDA,NO CORRESPONDE,URBANO
A-2022-02-249,V-2022-02-249-2,P-2022-02-249-2-3,LIMA,LIMA,SANTA ANITA,PASAJERO,LESIONADO,CENTRO DE SALUD PÚBLICO,,IDENTIFICADO,PERÚ,1,MASCULINO,,NO CONDUCTOR,NO CONDUCTOR,SI,NEGATIVO,NO,TRIMOTO PASAJERO,25/02/2022,2022,FEBRERO,VIERNES,23,CHOQUE,EN PROCESO DE INVESTIGACIÓN,NO CUENTA CON CAUSA ESPECIFICA,AVENIDA,NO CORRESPONDE,URBANO
A-2022-02-249,V-2022-02-249-2,P-2022-02-249-2-4,LIMA,LIMA,SANTA ANITA,PASAJERO,FALLECIDO,,EN EL LUGAR DE LOS HECHOS,IDENTIFICADO,PERÚ,65,FEMENINO,,NO CONDUCTOR,NO CONDUCTOR,SI,NEGATIVO,NO,TRIMOTO PASAJERO,25/02/2022,2022,FEBRERO,VIERNES,23,CHOQUE,EN PROCESO DE INVESTIGACIÓN,NO CUENTA CON CAUSA ESPECIFICA,AVENIDA,NO CORRESPONDE,URBANO
A-2022-02-248,V-2022-02-248-1,P-2022-02-248-1-1,LIMA,LIMA,ATE,CONDUCTOR,ILESO,,,IDENTIFICADO,PERÚ,33,MASCULINO,,RETENIDA,B,SI,NEGATIVO,NO,TRIMOTO PASAJERO,26/02/2022,2022,FEBRERO,SÁBADO,19,ATROPELLO,EN PROCESO DE INVESTIGACIÓN,NO CUENTA CON CAUSA ESPECIFICA,OTRO,NO CORRESPONDE,URBANO
A-2022-02-248,V-2022-02-248-1,P-2022-02-248-1-2,LIMA,LIMA,ATE,PEATÓN,FALLECIDO,,EN EL LUGAR DE LOS HECHOS,IDENTIFICADO,PERÚ,70,FEMENINO,,NO CONDUCTOR,NO CONDUCTOR,SI,NEGATIVO,NO,TRIMOTO PASAJERO,26/02/2022,2022,FEBRERO,SÁBADO,19,ATROPELLO,EN PROCESO DE INVESTIGACIÓN,NO CUENTA CON CAUSA ESPECIFICA,OTRO,NO CORRESPONDE,URBANO
A-2022-02-250,V-2022-02-250-1,P-2022-02-250-1-1,LIMA,LIMA,RIMAC,CONDUCTOR FUGADO,NO SE CONOCE,,,NO IDENTIFICADO,PERÚ,,NO INDICA,,FUGADO,FUGADO,SI,NEGATIVO,NO,VEHICULO NO IDENTIFICADO,28/02/2022,2022,FEBRERO,LUNES,3,ATROPELLO FUGA,EN PROCESO DE INVESTIGACIÓN,NO CUENTA CON CAUSA ESPECIFICA,CARRETERA NACIONAL,PE-1N,NACIONAL
A-2022-02-250,V-2022-02-250-1,P-2022-02-250-1-2,LIMA,LIMA,RIMAC,PEATÓN,FALLECIDO,,EN EL LUGAR DE LOS HECHOS,NO IDENTIFICADO,,,MASCULINO,,NO CONDUCTOR,NO CONDUCTOR,NO,,NO,VEHICULO NO IDENTIFICADO,28/02/2022,2022,FEBRERO,LUNES,3,ATROPELLO FUGA,EN PROCESO DE INVESTIGACIÓN,NO CUENTA CON CAUSA ESPECIFICA,CARRETERA NACIONAL,PE-1N,NACIONAL
A-2022-02-251,V-2022-02-251-1,P-2022-02-251-1-1,LIMA,LIMA,CHACLACAYO,CONDUCTOR,ILESO,,,IDENTIFICADO,PERÚ,65,MASCULINO,,VIGENTE,A I,SI,NEGATIVO,NO,CAMIONETA PANEL,28/02/2022,2022,FEBRERO,LUNES,5,CHOQUE,EN PROCESO DE INVESTIGACIÓN,NO CUENTA CON CAUSA ESPECIFICA,CARRETERA NACIONAL,PE-22,NACIONAL
A-2022-02-251,V-2022-02-251-1,P-2022-02-251-1-2,LIMA,LIMA,CHACLACAYO,PASAJERO,LESIONADO,CENTRO DE SALUD PÚBLICO,,IDENTIFICADO,PERÚ,30,FEMENINO,,NO CONDUCTOR,NO CONDUCTOR,SI,NEGATIVO,NO,CAMIONETA PANEL,28/02/2022,2022,FEBRERO,LUNES,5,CHOQUE,EN PROCESO DE INVESTIGACIÓN,NO CUENTA CON CAUSA ESPECIFICA,CARRETERA NACIONAL,PE-22,NACIONAL
A-2022-02-251,V-2022-02-251-1,P-2022-02-251-1-3,LIMA,LIMA,CHACLACAYO,PASAJERO,LESIONADO,CENTRO DE SALUD PÚBLICO,,IDENTIFICADO,PERÚ,19,FEMENINO,,NO CONDUCTOR,NO CONDUCTOR,SI,,NO,CAMIONETA PANEL,28/02/2022,2022,FEBRERO,LUNES,5,CHOQUE,EN PROCESO DE INVESTIGACIÓN,NO CUENTA CON CAUSA ESPECIFICA,CARRETERA NACIONAL,PE-22,NACIONAL
A-2022-02-251,V-2022-02-251-2,P-2022-02-251-2-1,LIMA,LIMA,CHACLACAYO,CONDUCTOR,ILESO,,,IDENTIFICADO,PERÚ,31,MASCULINO,,VIGENTE,A I,SI,NEGATIVO,NO,CAMIONETA RURAL,28/02/2022,2022,FEBRERO,LUNES,5,CHOQUE,EN PROCESO DE INVESTIGACIÓN,NO CUENTA CON CAUSA ESPECIFICA,CARRETERA NACIONAL,PE-22,NACIONAL
A-2022-02-251,V-2022-02-251-2,P-2022-02-251-2-2,LIMA,LIMA,CHACLACAYO,PASAJERO,FALLECIDO,,EN EL CENTRO DE SALUD,IDENTIFICADO,PERÚ,27,MASCULINO,,NO CONDUCTOR,NO CONDUCTOR,SI,NEGATIVO,NO,CAMIONETA RURAL,28/02/2022,2022,FEBRERO,LUNES,5,CHOQUE,EN PROCESO DE INVESTIGACIÓN,NO CUENTA CON CAUSA ESPECIFICA,CARRETERA NACIONAL,PE-22,NACIONAL
A-2022-03-189,V-2022-03-189-1,P-2022-03-189-1-1,LIMA,LIMA,PUENTE PIEDRA,CONDUCTOR,ILESO,,,IDENTIFICADO,PERÚ,66,MASCULINO,,SIN DNI IDENTIFICADO,SIN DNI IDENTIFICADO,SI,NEGATIVO,NO,CAMIÓN,01/03/2022,2022,MARZO,MARTES,7,VOLCADURA,EN PROCESO DE INVESTIGACIÓN,NO CUENTA CON CAUSA ESPECIFICA,AVENIDA,NO CORRESPONDE,URBANO
A-2022-03-189,V-2022-03-189-2,P-2022-03-189-2-1,LIMA,LIMA,PUENTE PIEDRA,CONDUCTOR,FALLECIDO,,CAMINO AL CENTRO DE SALUD,IDENTIFICADO,PERÚ,23,MASCULINO,,SIN DNI IDENTIFICADO,SIN DNI IDENTIFICADO,SI,NEGATIVO,NO,MOTOCICLETA,01/03/2022,2022,MARZO,MARTES,7,VOLCADURA,EN PROCESO DE INVESTIGACIÓN,NO CUENTA CON CAUSA ESPECIFICA,AVENIDA,NO CORRESPONDE,URBANO
A-2022-03-161,V-2022-03-161-1,P-2022-03-161-1-1,CALLAO,CALLAO,CALLAO,CONDUCTOR,FALLECIDO,,EN EL CENTRO DE SALUD,IDENTIFICADO,PERÚ,51,MASCULINO,SI,VIGENTE,A I,NO,,SI,STATION WAGON,02/03/2022,2022,MARZO,MIÉRCOLES,12,CHOQUE,IMPRUDENCIA DEL CONDUCTOR,INVASIÓN DE CARRIL,AVENIDA,NO CORRESPONDE,URBANO
A-2022-03-161,V-2022-03-161-2,P-2022-03-161-2-1,CALLAO,CALLAO,CALLAO,SIN CONDUCTOR,NO SE CONOCE,,,NO IDENTIFICADO,,,NO INDICA,,NO CONDUCTOR,NO CONDUCTOR,NO,,NO,SEMIREMOLQUE,02/03/2022,2022,MARZO,MIÉRCOLES,12,CHOQUE,IMPRUDENCIA DEL CONDUCTOR,INVASIÓN DE CARRIL,AVENIDA,NO CORRESPONDE,URBANO
A-2022-03-181,V-2022-03-181-1,P-2022-03-181-1-1,LIMA,LIMA,JESUS MARIA,CONDUCTOR,FALLECIDO,,EN EL LUGAR DE LOS HECHOS,IDENTIFICADO,VENEZUELA,23,MASCULINO,,SIN LICENCIA,SIN LICENCIA,NO,,NO,MOTOCICLETA,02/03/2022,2022,MARZO,MIÉRCOLES,14,CHOQUE,EN PROCESO DE INVESTIGACIÓN,NO CUENTA CON CAUSA ESPECIFICA,AVENIDA,NO CORRESPONDE,URBANO
A-2022-03-181,V-2022-03-181-2,P-2022-03-181-2-1,LIMA,LIMA,JESUS MARIA,CONDUCTOR,ILESO,,,IDENTIFICADO,PERÚ,50,MASCULINO,,VIGENTE,A III B,SI,NEGATIVO,SI,REMOLCADOR,02/03/2022,2022,MARZO,MIÉRCOLES,14,CHOQUE,EN PROCESO DE INVESTIGACIÓN,NO CUENTA CON CAUSA ESPECIFICA,AVENIDA,NO CORRESPONDE,URBANO
A-2022-03-283,V-2022-03-283-1,P-2022-03-283-1-1,LIMA,LIMA,CHORRILLOS,CONDUCTOR,NO SE CONOCE,,,NO IDENTIFICADO,,,MASCULINO,,FUGADO,FUGADO,,,,VEHICULO NO IDENTIFICADO,03/03/2022,2022,MARZO,JUEVES,23,ATROPELLO FUGA,EN PROCESO DE INVESTIGACIÓN,NO CUENTA CON CAUSA ESPECIFICA,AVENIDA,NO CORRESPONDE,URBANO
A-2022-03-283,V-2022-03-283-1,P-2022-03-283-1-2,LIMA,LIMA,CHORRILLOS,PEATÓN,FALLECIDO,,,NO IDENTIFICADO,,,MASCULINO,,NO CONDUCTOR,NO CONDUCTOR,,,,VEHICULO NO IDENTIFICADO,03/03/2022,2022,MARZO,JUEVES,23,ATROPELLO FUGA,EN PROCESO DE INVESTIGACIÓN,NO CUENTA CON CAUSA ESPECIFICA,AVENIDA,NO CORRESPONDE,URBANO
A-2022-03-212,V-2022-03-212-1,P-2022-03-212-1-1,CALLAO,CALLAO,CARMEN DE LA LEGUA REYNOSO,CONDUCTOR,ILESO,,,IDENTIFICADO,PERÚ,52,MASCULINO,SI,VIGENTE,A III C,SI,NEGATIVO,NO,REMOLCADOR-SEMIREMOLQUE,04/03/2022,2022,MARZO,VIERNES,14,ATROPELLO,EN PROCESO DE INVESTIGACIÓN,NO CUENTA CON CAUSA ESPECIFICA,AVENIDA,NO CORRESPONDE,URBANO
A-2022-03-212,V-2022-03-212-1,P-2022-03-212-1-2,CALLAO,CALLAO,CARMEN DE LA LEGUA REYNOSO,PEATÓN,FALLECIDO,,EN EL LUGAR DE LOS HECHOS,IDENTIFICADO,PERÚ,78,MASCULINO,,NO CONDUCTOR,NO CONDUCTOR,NO,,NO,REMOLCADOR-SEMIREMOLQUE,04/03/2022,2022,MARZO,VIERNES,14,ATROPELLO,EN PROCESO DE INVESTIGACIÓN,NO CUENTA CON CAUSA ESPECIFICA,AVENIDA,NO CORRESPONDE,URBANO
A-2022-03-213,V-2022-03-213-1,P-2022-03-213-1-1,LIMA,LIMA,VILLA EL SALVADOR,CONDUCTOR FUGADO,NO SE CONOCE,,,NO IDENTIFICADO,,,NO INDICA,,FUGADO,FUGADO,,,,VEHICULO NO IDENTIFICADO,05/03/2022,2022,MARZO,SÁBADO,4,ATROPELLO FUGA,EN PROCESO DE INVESTIGACIÓN,NO CUENTA CON CAUSA ESPECIFICA,CARRETERA NACIONAL,PE-1S,NACIONAL
A-2022-03-213,V-2022-03-213-1,P-2022-03-213-1-2,LIMA,LIMA,VILLA EL SALVADOR,PEATÓN,FALLECIDO,,,IDENTIFICADO,,32,MASCULINO,,NO CONDUCTOR,NO CONDUCTOR,,,,VEHICULO NO IDENTIFICADO,05/03/2022,2022,MARZO,SÁBADO,4,ATROPELLO FUGA,EN PROCESO DE INVESTIGACIÓN,NO CUENTA CON CAUSA ESPECIFICA,CARRETERA NACIONAL,PE-1S,NACIONAL
A-2022-03-8,V-2022-03-8-1,P-2022-03-8-1-1,CALLAO,CALLAO,CALLAO,CONDUCTOR,ILESO,,,IDENTIFICADO,PERÚ,44,MASCULINO,SI,VIGENTE,A III C,NO,,SI,REMOLCADOR-SEMIREMOLQUE,05/03/2022,2022,MARZO,SÁBADO,16,ATROPELLO,IMPRUDENCIA DEL PEATÓN,OTRO (IMPRUDENCIA DEL PEATÓN),CARRETERA NACIONAL,PE-20,NACIONAL
A-2022-03-8,V-2022-03-8-1,P-2022-03-8-1-2,CALLAO,CALLAO,CALLAO,PEATÓN,FALLECIDO,,EN EL LUGAR DE LOS HECHOS,IDENTIFICADO,PERÚ,27,MASCULINO,,NO CONDUCTOR,NO CONDUCTOR,NO,,SI,REMOLCADOR-SEMIREMOLQUE,05/03/2022,2022,MARZO,SÁBADO,16,ATROPELLO,IMPRUDENCIA DEL PEATÓN,OTRO (IMPRUDENCIA DEL PEATÓN),CARRETERA NACIONAL,PE-20,NACIONAL
A-2022-03-214,V-2022-03-214-1,P-2022-03-214-1-1,LIMA,LIMA,COMAS,CONDUCTOR,ILESO,,,IDENTIFICADO,,44,MASCULINO,,SIN DNI IDENTIFICADO,SIN DNI IDENTIFICADO,,,,CAMIONETA RURAL,07/03/2022,2022,MARZO,LUNES,14,ATROPELLO,EN PROCESO DE INVESTIGACIÓN,NO CUENTA CON CAUSA ESPECIFICA,AVENIDA,NO CORRESPONDE,URBANO
A-2022-03-214,V-2022-03-214-1,P-2022-03-214-1-2,LIMA,LIMA,COMAS,PEATÓN,FALLECIDO,,,IDENTIFICADO,,72,MASCULINO,,NO CONDUCTOR,NO CONDUCTOR,,,,CAMIONETA RURAL,07/03/2022,2022,MARZO,LUNES,14,ATROPELLO,EN PROCESO DE INVESTIGACIÓN,NO CUENTA CON CAUSA ESPECIFICA,AVENIDA,NO CORRESPONDE,URBANO
A-2022-03-232,V-2022-03-232-1,P-2022-03-232-1-1,LIMA,LIMA,COMAS,CONDUCTOR,ILESO,,,IDENTIFICADO,PERÚ,23,MASCULINO,,SIN LICENCIA,SIN LICENCIA,NO,,NO,CAMIONETA PICK UP,07/03/2022,2022,MARZO,LUNES,18,ATROPELLO,EN PROCESO DE INVESTIGACIÓN,NO CUENTA CON CAUSA ESPECIFICA,AVENIDA,NO CORRESPONDE,URBANO
A-2022-03-232,V-2022-03-232-1,P-2022-03-232-1-2,LIMA,LIMA,COMAS,PEATÓN,FALLECIDO,,EN EL LUGAR DE LOS HECHOS,IDENTIFICADO,PERÚ,76,MASCULINO,,NO CONDUCTOR,NO CONDUCTOR,NO,,NO,CAMIONETA PICK UP,07/03/2022,2022,MARZO,LUNES,18,ATROPELLO,EN PROCESO DE INVESTIGACIÓN,NO CUENTA CON CAUSA ESPECIFICA,AVENIDA,NO CORRESPONDE,URBANO
A-2022-03-215,V-2022-03-215-1,P-2022-03-215-1-1,LIMA,LIMA,EL AGUSTINO,CONDUCTOR,ILESO,,,IDENTIFICADO,,55,MASCULINO,,VIGENTE,A II A,,,,ÓMNIBUS,08/03/2022,2022,MARZO,MARTES,6,CHOQUE,EN PROCESO DE INVESTIGACIÓN,NO CUENTA CON CAUSA ESPECIFICA,CARRETERA NACIONAL,PE-1N,NACIONAL
A-2022-03-215,V-2022-03-215-2,P-2022-03-215-2-1,LIMA,LIMA,EL AGUSTINO,CONDUCTOR,FALLECIDO,,,IDENTIFICADO,,32,MASCULINO,,VIGENTE,A I,,,,AUTOMÓVIL,08/03/2022,2022,MARZO,MARTES,6,CHOQUE,EN PROCESO DE INVESTIGACIÓN,NO CUENTA CON CAUSA ESPECIFICA,CARRETERA NACIONAL,PE-1N,NACIONAL
A-2022-03-289,V-2022-03-289-1,P-2022-03-289-1-1,LIMA,LIMA,PACHACAMAC,CONDUCTOR,FALLECIDO,,EN EL LUGAR DE LOS HECHOS,IDENTIFICADO,PERÚ,32,MASCULINO,,NO CORRESPONDE,NO CORRESPONDE,NO,,SI,BICIMOTO,08/03/2022,2022,MARZO,MARTES,17,CHOQUE,IMPRUDENCIA DEL CONDUCTOR,EXCESO DE VELOCIDAD,AVENIDA,NO CORRESPONDE,URBANO
A-2022-03-289,V-2022-03-289-2,P-2022-03-289-2-1,LIMA,LIMA,PACHACAMAC,CONDUCTOR,ILESO,,,IDENTIFICADO,VENEZUELA,29,MASCULINO,SI,VIGENTE,A II B,NO,,SI,MINIBUS,08/03/2022,2022,MARZO,MARTES,17,CHOQUE,IMPRUDENCIA DEL CONDUCTOR,EXCESO DE VELOCIDAD,AVENIDA,NO CORRESPONDE,URBANO
A-2022-03-216,V-2022-03-216-1,P-2022-03-216-1-1,LIMA,LIMA,RIMAC,CONDUCTOR,FALLECIDO,,,IDENTIFICADO,,30,MASCULINO,,VIGENTE,A I,,,,CAMIÓN,09/03/2022,2022,MARZO,MIÉRCOLES,14,CHOQUE,EN PROCESO DE INVESTIGACIÓN,NO CUENTA CON CAUSA ESPECIFICA,CARRETERA NACIONAL,PE-1N,NACIONAL
A-2022-03-216,V-2022-03-216-2,P-2022-03-216-2-1,LIMA,LIMA,RIMAC,CONDUCTOR,ILESO,,,IDENTIFICADO,,47,MASCULINO,,VIGENTE,A III B,,,,REMOLCADOR,09/03/2022,2022,MARZO,MIÉRCOLES,14,CHOQUE,EN PROCESO DE INVESTIGACIÓN,NO CUENTA CON CAUSA ESPECIFICA,CARRETERA NACIONAL,PE-1N,NACIONAL
A-2022-03-253,V-2022-03-253-1,P-2022-03-253-1-1,LIMA,LIMA,SAN MARTIN DE PORRES,CONDUCTOR,FALLECIDO,,,NO IDENTIFICADO,,,MASCULINO,,NO CORRESPONDE,SIN DNI IDENTIFICADO,,,,BICICLETA,10/03/2022,2022,MARZO,JUEVES,20,CHOQUE FUGA,EN PROCESO DE INVESTIGACIÓN,NO CUENTA CON CAUSA ESPECIFICA,AVENIDA,NO CORRESPONDE,URBANO
A-2022-03-253,V-2022-03-253-2,P-2022-03-253-2-1,LIMA,LIMA,SAN MARTIN DE PORRES,CONDUCTOR,ILESO,,,NO IDENTIFICADO,,,MASCULINO,,VENCIDA,OTRO,,,,VEHICULO NO IDENTIFICADO,10/03/2022,2022,MARZO,JUEVES,20,CHOQUE FUGA,EN PROCESO DE INVESTIGACIÓN,NO CUENTA CON CAUSA ESPECIFICA,AVENIDA,NO CORRESPONDE,URBANO
A-2022-03-255,V-2022-03-255-1,P-2022-03-255-1-1,LIMA,LIMA,SAN JUAN DE LURIGANCHO,CONDUCTOR,FALLECIDO,,,NO IDENTIFICADO,,,MASCULINO,,VENCIDA,B II C,,,,TRIMOTO PASAJERO,11/03/2022,2022,MARZO,VIERNES,2,CHOQUE,EN PROCESO DE INVESTIGACIÓN,NO CUENTA CON CAUSA ESPECIFICA,AVENIDA,NO CORRESPONDE,URBANO
A-2022-03-255,V-2022-03-255-2,P-2022-03-255-2-1,LIMA,LIMA,SAN JUAN DE LURIGANCHO,CONDUCTOR,ILESO,,,NO IDENTIFICADO,,,MASCULINO,,CANCELADA,A I,,,,CAMIONETA PANEL,11/03/2022,2022,MARZO,VIERNES,2,CHOQUE,EN PROCESO DE INVESTIGACIÓN,NO CUENTA CON CAUSA ESPECIFICA,AVENIDA,NO CORRESPONDE,URBANO
A-2022-03-257,V-2022-03-257-1,P-2022-03-257-1-1,LIMA,LIMA,LIMA,CONDUCTOR,NO SE CONOCE,,,NO IDENTIFICADO,PERÚ,,MASCULINO,,VIGENTE,B,,,NO,MOTOCICLETA,11/03/2022,2022,MARZO,VIERNES,19,ATROPELLO,EN PROCESO DE INVESTIGACIÓN,NO CUENTA CON CAUSA ESPECIFICA,AVENIDA,NO CORRESPONDE,URBANO
A-2022-03-257,V-2022-03-257-1,P-2022-03-257-1-2,LIMA,LIMA,LIMA,PEATÓN,FALLECIDO,,EN EL LUGAR DE LOS HECHOS,NO IDENTIFICADO,PERÚ,,MASCULINO,,NO CONDUCTOR,NO CONDUCTOR,NO,,,MOTOCICLETA,11/03/2022,2022,MARZO,VIERNES,19,ATROPELLO,EN PROCESO DE INVESTIGACIÓN,NO CUENTA CON CAUSA ESPECIFICA,AVENIDA,NO CORRESPONDE,URBANO
A-2022-03-259,V-2022-03-259-1,P-2022-03-259-1-1,LIMA,LIMA,SAN JUAN DE LURIGANCHO,CONDUCTOR,ILESO,,,NO IDENTIFICADO,,,MASCULINO,,SIN LICENCIA,SIN LICENCIA,,,,ÓMNIBUS,13/03/2022,2022,MARZO,DOMINGO,11,ATROPELLO,EN PROCESO DE INVESTIGACIÓN,NO CUENTA CON CAUSA ESPECIFICA,AVENIDA,NO CORRESPONDE,URBANO
A-2022-03-259,V-2022-03-259-1,P-2022-03-259-1-2,LIMA,LIMA,SAN JUAN DE LURIGANCHO,PEATÓN,FALLECIDO,,,NO IDENTIFICADO,,,FEMENINO,,NO CONDUCTOR,NO CONDUCTOR,,,,ÓMNIBUS,13/03/2022,2022,MARZO,DOMINGO,11,ATROPELLO,EN PROCESO DE INVESTIGACIÓN,NO CUENTA CON CAUSA ESPECIFICA,AVENIDA,NO CORRESPONDE,URBANO
A-2022-03-260,V-2022-03-260-1,P-2022-03-260-1-1,LIMA,LIMA,SAN JUAN DE LURIGANCHO,CONDUCTOR,ILESO,,,NO IDENTIFICADO,,,MASCULINO,,SUSPENDIDA,A III C,,,,ÓMNIBUS,15/03/2022,2022,MARZO,MARTES,23,ATROPELLO,EN PROCESO DE INVESTIGACIÓN,NO CUENTA CON CAUSA ESPECIFICA,CARRETERA PROVINCIAL,LM-711,PROVINCIAL
A-2022-03-260,V-2022-03-260-1,P-2022-03-260-1-2,LIMA,LIMA,SAN JUAN DE LURIGANCHO,PEATÓN,FALLECIDO,,,NO IDENTIFICADO,,,FEMENINO,,NO CONDUCTOR,NO CONDUCTOR,,,,ÓMNIBUS,15/03/2022,2022,MARZO,MARTES,23,ATROPELLO,EN PROCESO DE INVESTIGACIÓN,NO CUENTA CON CAUSA ESPECIFICA,CARRETERA PROVINCIAL,LM-711,PROVINCIAL
A-2022-03-261,V-2022-03-261-1,P-2022-03-261-1-1,LIMA,LIMA,SAN ISIDRO,CONDUCTOR,FALLECIDO,,,NO IDENTIFICADO,,,MASCULINO,,VIGENTE,A I,,,,AUTOMÓVIL,16/03/2022,2022,MARZO,MIÉRCOLES,1,DESPISTE,EN PROCESO DE INVESTIGACIÓN,NO CUENTA CON CAUSA ESPECIFICA,OTRO,NO CORRESPONDE,URBANO
A-2022-03-261,V-2022-03-261-1,P-2022-03-261-1-2,LIMA,LIMA,SAN ISIDRO,PASAJERO,LESIONADO,,,NO IDENTIFICADO,,,FEMENINO,,NO CONDUCTOR,NO CONDUCTOR,,,,AUTOMÓVIL,16/03/2022,2022,MARZO,MIÉRCOLES,1,DESPISTE,EN PROCESO DE INVESTIGACIÓN,NO CUENTA CON CAUSA ESPECIFICA,OTRO,NO CORRESPONDE,URBANO
A-2022-03-263,V-2022-03-263-1,P-2022-03-263-1-1,LIMA,LIMA,CARABAYLLO,CONDUCTOR,ILESO,,,NO IDENTIFICADO,,,MASCULINO,,SIN DNI IDENTIFICADO,SIN DNI IDENTIFICADO,,,,ÓMNIBUS,18/03/2022,2022,MARZO,VIERNES,21,CHOQUE,EN PROCESO DE INVESTIGACIÓN,NO CUENTA CON CAUSA ESPECIFICA,AVENIDA,NO CORRESPONDE,URBANO
A-2022-03-263,V-2022-03-263-2,P-2022-03-263-2-1,LIMA,LIMA,CARABAYLLO,CONDUCTOR,FALLECIDO,,,NO IDENTIFICADO,,,MASCULINO,,SIN DNI IDENTIFICADO,SIN DNI IDENTIFICADO,,,,MOTOCICLETA,18/03/2022,2022,MARZO,VIERNES,21,CHOQUE,EN PROCESO DE INVESTIGACIÓN,NO CUENTA CON CAUSA ESPECIFICA,AVENIDA,NO CORRESPONDE,URBANO
A-2022-03-265,V-2022-03-265-1,P-2022-03-265-1-1,LIMA,LIMA,ATE,CONDUCTOR,FALLECIDO,,,NO IDENTIFICADO,,,MASCULINO,,SIN DNI IDENTIFICADO,SIN DNI IDENTIFICADO,,,,MOTOCICLETA,20/03/2022,2022,MARZO,DOMINGO,2,DESPISTE,EN PROCESO DE INVESTIGACIÓN,NO CUENTA CON CAUSA ESPECIFICA,CARRETERA NACIONAL,PE-22,NACIONAL
A-2022-03-265,V-2022-03-265-1,P-2022-03-265-1-2,LIMA,LIMA,ATE,PASAJERO,FALLECIDO,,,NO IDENTIFICADO,,,MASCULINO,,NO CONDUCTOR,NO CONDUCTOR,,,,MOTOCICLETA,20/03/2022,2022,MARZO,DOMINGO,2,DESPISTE,EN PROCESO DE INVESTIGACIÓN,NO CUENTA CON CAUSA ESPECIFICA,CARRETERA NACIONAL,PE-22,NACIONAL
A-2022-03-266,V-2022-03-266-1,P-2022-03-266-1-1,LIMA,LIMA,COMAS,CONDUCTOR,ILESO,,,NO IDENTIFICADO,,,MASCULINO,,SIN DNI IDENTIFICADO,SIN DNI IDENTIFICADO,,,,ÓMNIBUS,20/03/2022,2022,MARZO,DOMINGO,23,VOLCADURA,EN PROCESO DE INVESTIGACIÓN,NO CUENTA CON CAUSA ESPECIFICA,AVENIDA,NO CORRESPONDE,URBANO
A-2022-03-266,V-2022-03-266-2,P-2022-03-266-2-1,LIMA,LIMA,COMAS,CONDUCTOR,FALLECIDO,,,NO IDENTIFICADO,,,MASCULINO,,SIN DNI IDENTIFICADO,SIN DNI IDENTIFICADO,,,,MOTOCICLETA,20/03/2022,2022,MARZO,DOMINGO,23,VOLCADURA,EN PROCESO DE INVESTIGACIÓN,NO CUENTA CON CAUSA ESPECIFICA,AVENIDA,NO CORRESPONDE,URBANO
A-2022-03-267,V-2022-03-267-1,P-2022-03-267-1-1,LIMA,LIMA,ATE,CONDUCTOR,FALLECIDO,,,NO IDENTIFICADO,,,MASCULINO,,SIN DNI IDENTIFICADO,SIN DNI IDENTIFICADO,,,,MOTOCICLETA,21/03/2022,2022,MARZO,LUNES,4,DESPISTE,EN PROCESO DE INVESTIGACIÓN,NO CUENTA CON CAUSA ESPECIFICA,CARRETERA NACIONAL,PE-1S,NACIONAL
A-2022-03-270,V-2022-03-270-1,P-2022-03-270-1-1,LIMA,LIMA,VILLA MARIA DEL TRIUNFO,CONDUCTOR,ILESO,,,NO IDENTIFICADO,,,MASCULINO,,SIN DNI IDENTIFICADO,SIN DNI IDENTIFICADO,,,,ÓMNIBUS,21/03/2022,2022,MARZO,LUNES,18,ATROPELLO,EN PROCESO DE INVESTIGACIÓN,NO CUENTA CON CAUSA ESPECIFICA,AVENIDA,NO CORRESPONDE,URBANO
A-2022-03-270,V-2022-03-270-1,P-2022-03-270-1-2,LIMA,LIMA,VILLA MARIA DEL TRIUNFO,PEATÓN,FALLECIDO,,,NO IDENTIFICADO,,,MASCULINO,,NO CONDUCTOR,NO CONDUCTOR,,,,ÓMNIBUS,21/03/2022,2022,MARZO,LUNES,18,ATROPELLO,EN PROCESO DE INVESTIGACIÓN,NO CUENTA CON CAUSA ESPECIFICA,AVENIDA,NO CORRESPONDE,URBANO
A-2022-03-163,V-2022-03-163-1,P-2022-03-163-1-1,CALLAO,CALLAO,CALLAO,CONDUCTOR,ILESO,,,IDENTIFICADO,PERÚ,28,MASCULINO,SI,VIGENTE,A III B,NO,,SI,REMOLCADOR,24/03/2022,2022,MARZO,JUEVES,5,ESPECIAL,EN PROCESO DE INVESTIGACIÓN,NO CUENTA CON CAUSA ESPECIFICA,CARRETERA NACIONAL,PE-20I,NACIONAL
A-2022-03-163,V-2022-03-163-2,P-2022-03-163-2-1,CALLAO,CALLAO,CALLAO,CONDUCTOR,FALLECIDO,,EN EL LUGAR DE LOS HECHOS,IDENTIFICADO,PERÚ,61,MASCULINO,SI,VIGENTE,B II C,NO,,SI,MOTOCICLETA,24/03/2022,2022,MARZO,JUEVES,5,ESPECIAL,EN PROCESO DE INVESTIGACIÓN,NO CUENTA CON CAUSA ESPECIFICA,CARRETERA NACIONAL,PE-20I,NACIONAL
A-2022-03-162,V-2022-03-162-1,P-2022-03-162-1-1,CALLAO,CALLAO,CALLAO,CONDUCTOR FUGADO,NO SE CONOCE,,,NO IDENTIFICADO,,,NO INDICA,,FUGADO,FUGADO,,,,VEHICULO NO IDENTIFICADO,24/03/2022,2022,MARZO,JUEVES,7,ATROPELLO FUGA,IMPRUDENCIA DEL PEATÓN,CRUCE INDEBIDO POR LA CALZADA,CARRETERA NACIONAL,PE-20,NACIONAL
A-2022-03-162,V-2022-03-162-1,P-2022-03-162-1-2,CALLAO,CALLAO,CALLAO,PEATÓN,FALLECIDO,,EN EL LUGAR DE LOS HECHOS,NO IDENTIFICADO,,,NO INDICA,,NO CONDUCTOR,NO CONDUCTOR,NO,,SI,VEHICULO NO IDENTIFICADO,24/03/2022,2022,MARZO,JUEVES,7,ATROPELLO FUGA,IMPRUDENCIA DEL PEATÓN,CRUCE INDEBIDO POR LA CALZADA,CARRETERA NACIONAL,PE-20,NACIONAL
A-2022-03-273,V-2022-03-273-1,P-2022-03-273-1-1,LIMA,LIMA,ATE,CONDUCTOR,ILESO,,,NO IDENTIFICADO,,,MASCULINO,,VIGENTE,A III C,,,,REMOLCADOR-SEMIREMOLQUE,26/03/2022,2022,MARZO,SÁBADO,16,ATROPELLO,EN PROCESO DE INVESTIGACIÓN,NO CUENTA CON CAUSA ESPECIFICA,AVENIDA,NO CORRESPONDE,URBANO
A-2022-03-273,V-2022-03-273-1,P-2022-03-273-1-2,LIMA,LIMA,ATE,PEATÓN,FALLECIDO,,,NO IDENTIFICADO,,,MASCULINO,,NO CONDUCTOR,NO CONDUCTOR,,,,REMOLCADOR-SEMIREMOLQUE,26/03/2022,2022,MARZO,SÁBADO,16,ATROPELLO,EN PROCESO DE INVESTIGACIÓN,NO CUENTA CON CAUSA ESPECIFICA,AVENIDA,NO CORRESPONDE,URBANO
A-2022-03-271,V-2022-03-271-1,P-2022-03-271-1-1,LIMA,LIMA,LURIN,CONDUCTOR FUGADO,NO SE CONOCE,,,NO IDENTIFICADO,,,MASCULINO,,FUGADO,FUGADO,,,,VEHICULO NO IDENTIFICADO,26/03/2022,2022,MARZO,SÁBADO,23,ATROPELLO FUGA,EN PROCESO DE INVESTIGACIÓN,NO CUENTA CON CAUSA ESPECIFICA,CARRETERA NACIONAL,PE-1S,NACIONAL
A-2022-03-271,V-2022-03-271-1,P-2022-03-271-1-2,LIMA,LIMA,LURIN,PEATÓN,FALLECIDO,,,NO IDENTIFICADO,,,MASCULINO,,NO CONDUCTOR,NO CONDUCTOR,,,,VEHICULO NO IDENTIFICADO,26/03/2022,2022,MARZO,SÁBADO,23,ATROPELLO FUGA,EN PROCESO DE INVESTIGACIÓN,NO CUENTA CON CAUSA ESPECIFICA,CARRETERA NACIONAL,PE-1S,NACIONAL
A-2022-03-275,V-2022-03-275-1,P-2022-03-275-1-1,LIMA,LIMA,EL AGUSTINO,CONDUCTOR,ILESO,,,NO IDENTIFICADO,,,MASCULINO,,VIGENTE,A III C,,,,AUTOMÓVIL,27/03/2022,2022,MARZO,DOMINGO,17,ATROPELLO,EN PROCESO DE INVESTIGACIÓN,NO CUENTA CON CAUSA ESPECIFICA,CARRETERA NACIONAL,PE-22,NACIONAL
A-2022-03-275,V-2022-03-275-1,P-2022-03-275-1-2,LIMA,LIMA,EL AGUSTINO,PEATÓN,FALLECIDO,,,NO IDENTIFICADO,,,MASCULINO,,NO CONDUCTOR,NO CONDUCTOR,,,,AUTOMÓVIL,27/03/2022,2022,MARZO,DOMINGO,17,ATROPELLO,EN PROCESO DE INVESTIGACIÓN,NO CUENTA CON CAUSA ESPECIFICA,CARRETERA NACIONAL,PE-22,NACIONAL
A-2022-03-276,V-2022-03-276-1,P-2022-03-276-1-1,LIMA,LIMA,MIRAFLORES,CONDUCTOR,FALLECIDO,,,NO IDENTIFICADO,,,MASCULINO,,VIGENTE,A I,,,,AUTOMÓVIL,28/03/2022,2022,MARZO,LUNES,7,DESPISTE,EN PROCESO DE INVESTIGACIÓN,NO CUENTA CON CAUSA ESPECIFICA,OTRO,NO CORRESPONDE,URBANO
A-2022-03-276,V-2022-03-276-1,P-2022-03-276-1-2,LIMA,LIMA,MIRAFLORES,PASAJERO,LESIONADO,,,NO IDENTIFICADO,,,FEMENINO,,NO CONDUCTOR,NO CONDUCTOR,,,,AUTOMÓVIL,28/03/2022,2022,MARZO,LUNES,7,DESPISTE,EN PROCESO DE INVESTIGACIÓN,NO CUENTA CON CAUSA ESPECIFICA,OTRO,NO CORRESPONDE,URBANO
A-2022-04-214,V-2022-04-214-1,P-2022-04-214-1-1,LIMA,LIMA,COMAS,CONDUCTOR FUGADO,NO SE CONOCE,,,NO IDENTIFICADO,,,NO INDICA,,FUGADO,FUGADO,,,,VEHICULO NO IDENTIFICADO,01/04/2022,2022,ABRIL,VIERNES,19,ATROPELLO FUGA,EN PROCESO DE INVESTIGACIÓN,NO CUENTA CON CAUSA ESPECIFICA,AVENIDA,NO CORRESPONDE,URBANO
A-2022-04-214,V-2022-04-214-1,P-2022-04-214-1-2,LIMA,LIMA,COMAS,PEATÓN,FALLECIDO,,,IDENTIFICADO,,74,FEMENINO,,NO CONDUCTOR,NO CONDUCTOR,,,,VEHICULO NO IDENTIFICADO,01/04/2022,2022,ABRIL,VIERNES,19,ATROPELLO FUGA,EN PROCESO DE INVESTIGACIÓN,NO CUENTA CON CAUSA ESPECIFICA,AVENIDA,NO CORRESPONDE,URBANO
A-2022-04-195,V-2022-04-195-1,P-2022-04-195-1-1,LIMA,LIMA,SAN JUAN DE LURIGANCHO,CONDUCTOR,ILESO,,,IDENTIFICADO,,53,MASCULINO,,SIN LICENCIA,SIN LICENCIA,,,,AUTOMÓVIL,02/04/2022,2022,ABRIL,SÁBADO,0,CHOQUE,EN PROCESO DE INVESTIGACIÓN,NO CUENTA CON CAUSA ESPECIFICA,AVENIDA,NO CORRESPONDE,URBANO
A-2022-04-195,V-2022-04-195-2,P-2022-04-195-2-1,LIMA,LIMA,SAN JUAN DE LURIGANCHO,CONDUCTOR,FALLECIDO,,,IDENTIFICADO,,10,MASCULINO,,SIN LICENCIA,SIN LICENCIA,,,,TRIMOTO PASAJERO,02/04/2022,2022,ABRIL,SÁBADO,0,CHOQUE,EN PROCESO DE INVESTIGACIÓN,NO CUENTA CON CAUSA ESPECIFICA,AVENIDA,NO CORRESPONDE,URBANO
A-2022-04-191,V-2022-04-191-1,P-2022-04-191-1-1,LIMA,LIMA,INDEPENDENCIA,CONDUCTOR,FALLECIDO,,,IDENTIFICADO,,23,MASCULINO,,SIN DNI IDENTIFICADO,SIN DNI IDENTIFICADO,,,,MOTOCICLETA,02/04/2022,2022,ABRIL,SÁBADO,11,CHOQUE,EN PROCESO DE INVESTIGACIÓN,NO CUENTA CON CAUSA ESPECIFICA,AVENIDA,NO CORRESPONDE,URBANO
A-2022-04-190,V-2022-04-190-1,P-2022-04-190-1-1,LIMA,LIMA,LURIN,CONDUCTOR,FALLECIDO,,,IDENTIFICADO,,,MASCULINO,,SIN DNI IDENTIFICADO,SIN DNI IDENTIFICADO,,,,MOTOCICLETA,03/04/2022,2022,ABRIL,DOMINGO,3,VOLCADURA,EN PROCESO DE INVESTIGACIÓN,NO CUENTA CON CAUSA ESPECIFICA,CARRETERA NACIONAL,PE-1S,NACIONAL
A-2022-04-200,V-2022-04-200-1,P-2022-04-200-1-1,LIMA,LIMA,LURIN,CONDUCTOR,NO SE CONOCE,,,IDENTIFICADO,,22,MASCULINO,,SIN LICENCIA,SIN LICENCIA,,,,AUTOMÓVIL,03/04/2022,2022,ABRIL,DOMINGO,12,DESPISTE,EN PROCESO DE INVESTIGACIÓN,NO CUENTA CON CAUSA ESPECIFICA,AUTOPISTA,NO CORRESPONDE,URBANO
A-2022-04-200,V-2022-04-200-1,P-2022-04-200-1-2,LIMA,LIMA,LURIN,PASAJERO,FALLECIDO,,,IDENTIFICADO,,47,FEMENINO,,NO CONDUCTOR,NO CONDUCTOR,,,,AUTOMÓVIL,03/04/2022,2022,ABRIL,DOMINGO,12,DESPISTE,EN PROCESO DE INVESTIGACIÓN,NO CUENTA CON CAUSA ESPECIFICA,AUTOPISTA,NO CORRESPONDE,URBANO
A-2022-04-192,V-2022-04-192-1,P-2022-04-192-1-1,LIMA,LIMA,VILLA EL SALVADOR,CONDUCTOR,ILESO,,,IDENTIFICADO,,48,MASCULINO,,SIN DNI IDENTIFICADO,SIN DNI IDENTIFICADO,,,,AUTOMÓVIL,04/04/2022,2022,ABRIL,LUNES,10,CHOQUE,EN PROCESO DE INVESTIGACIÓN,NO CUENTA CON CAUSA ESPECIFICA,AVENIDA,NO CORRESPONDE,URBANO
A-2022-04-192,V-2022-04-192-2,P-2022-04-192-2-1,LIMA,LIMA,VILLA EL SALVADOR,CONDUCTOR,LESIONADO,,,IDENTIFICADO,,33,MASCULINO,,SIN DNI IDENTIFICADO,SIN DNI IDENTIFICADO,,,,AUTOMÓVIL,04/04/2022,2022,ABRIL,LUNES,10,CHOQUE,EN PROCESO DE INVESTIGACIÓN,NO CUENTA CON CAUSA ESPECIFICA,AVENIDA,NO CORRESPONDE,URBANO
A-2022-04-192,V-2022-04-192-2,P-2022-04-192-2-2,LIMA,LIMA,VILLA EL SALVADOR,PASAJERO,FALLECIDO,,,IDENTIFICADO,,35,FEMENINO,,NO CONDUCTOR,NO CONDUCTOR,,,,AUTOMÓVIL,04/04/2022,2022,ABRIL,LUNES,10,CHOQUE,EN PROCESO DE INVESTIGACIÓN,NO CUENTA CON CAUSA ESPECIFICA,AVENIDA,NO CORRESPONDE,URBANO
A-2022-04-23,V-2022-04-23-2,P-2022-04-23-2-1,CALLAO,CALLAO,CALLAO,CONDUCTOR FUGADO,NO SE CONOCE,,,NO IDENTIFICADO,OTRO,,NO INDICA,,FUGADO,FUGADO,NO,,NO,VEHICULO NO IDENTIFICADO,07/04/2022,2022,ABRIL,JUEVES,2,ATROPELLO FUGA,EN PROCESO DE INVESTIGACIÓN,NO CUENTA CON CAUSA ESPECIFICA,CARRETERA NACIONAL,PE-20,NACIONAL
A-2022-04-23,V-2022-04-23-2,P-2022-04-23-2-2,CALLAO,CALLAO,CALLAO,PEATÓN,FALLECIDO,,EN EL LUGAR DE LOS HECHOS,IDENTIFICADO,PERÚ,74,MASCULINO,,NO CONDUCTOR,NO CONDUCTOR,NO,,SI,VEHICULO NO IDENTIFICADO,07/04/2022,2022,ABRIL,JUEVES,2,ATROPELLO FUGA,EN PROCESO DE INVESTIGACIÓN,NO CUENTA CON CAUSA ESPECIFICA,CARRETERA NACIONAL,PE-20,NACIONAL
A-2022-04-194,V-2022-04-194-1,P-2022-04-194-1-1,LIMA,LIMA,SAN JUAN DE LURIGANCHO,CONDUCTOR,FALLECIDO,,,IDENTIFICADO,,32,MASCULINO,,VIGENTE,B,,,,MOTOCICLETA,08/04/2022,2022,ABRIL,VIERNES,5,ATROPELLO,EN PROCESO DE INVESTIGACIÓN,NO CUENTA CON CAUSA ESPECIFICA,AVENIDA,NO CORRESPONDE,URBANO
A-2022-04-194,V-2022-04-194-1,P-2022-04-194-1-2,LIMA,LIMA,SAN JUAN DE LURIGANCHO,PEATÓN,LESIONADO,,,IDENTIFICADO,,31,MASCULINO,,NO CONDUCTOR,NO CONDUCTOR,,,,MOTOCICLETA,08/04/2022,2022,ABRIL,VIERNES,5,ATROPELLO,EN PROCESO DE INVESTIGACIÓN,NO CUENTA CON CAUSA ESPECIFICA,AVENIDA,NO CORRESPONDE,URBANO
A-2022-04-24,V-2022-04-24-1,P-2022-04-24-1-1,CALLAO,CALLAO,MI PERU,CONDUCTOR,LESIONADO,CENTRO DE SALUD PÚBLICO,,IDENTIFICADO,PERÚ,37,MASCULINO,SI,VIGENTE,A III B,NO,,SI,CAMIÓN,08/04/2022,2022,ABRIL,VIERNES,9,CHOQUE,IMPRUDENCIA DEL CONDUCTOR,OTRO (IMPRUDENCIA DEL CONDUCTOR),AVENIDA,NO CORRESPONDE,URBANO
A-2022-04-24,V-2022-04-24-2,P-2022-04-24-2-1,CALLAO,CALLAO,MI PERU,CONDUCTOR,FALLECIDO,,EN EL LUGAR DE LOS HECHOS,IDENTIFICADO,VENEZUELA,25,MASCULINO,,SIN LICENCIA,SIN LICENCIA,NO,,SI,TRIMOTO PASAJERO,08/04/2022,2022,ABRIL,VIERNES,9,CHOQUE,IMPRUDENCIA DEL CONDUCTOR,OTRO (IMPRUDENCIA DEL CONDUCTOR),AVENIDA,NO CORRESPONDE,URBANO
A-2022-04-24,V-2022-04-24-3,P-2022-04-24-3-1,CALLAO,CALLAO,MI PERU,CONDUCTOR,FALLECIDO,,,IDENTIFICADO,PERÚ,43,MASCULINO,,VENCIDA,B II C,NO,,SI,TRIMOTO PASAJERO,08/04/2022,2022,ABRIL,VIERNES,9,CHOQUE,IMPRUDENCIA DEL CONDUCTOR,OTRO (IMPRUDENCIA DEL CONDUCTOR),AVENIDA,NO CORRESPONDE,URBANO
A-2022-04-198,V-2022-04-198-1,P-2022-04-198-1-1,LIMA,LIMA,ATE,CONDUCTOR,NO SE CONOCE,,,IDENTIFICADO,,38,MASCULINO,,SIN LICENCIA,SIN LICENCIA,,,,TRIMOTO PASAJERO,09/04/2022,2022,ABRIL,SÁBADO,9,ATROPELLO,EN PROCESO DE INVESTIGACIÓN,NO CUENTA CON CAUSA ESPECIFICA,AVENIDA,NO CORRESPONDE,URBANO
A-2022-04-198,V-2022-04-198-1,P-2022-04-198-1-2,LIMA,LIMA,ATE,PEATÓN,FALLECIDO,,,IDENTIFICADO,,73,MASCULINO,,NO CONDUCTOR,NO CONDUCTOR,,,,TRIMOTO PASAJERO,09/04/2022,2022,ABRIL,SÁBADO,9,ATROPELLO,EN PROCESO DE INVESTIGACIÓN,NO CUENTA CON CAUSA ESPECIFICA,AVENIDA,NO CORRESPONDE,URBANO
A-2022-04-199,V-2022-04-199-1,P-2022-04-199-1-1,LIMA,LIMA,ATE,CONDUCTOR,ILESO,,,IDENTIFICADO,,44,MASCULINO,,VIGENTE,A III C,,,,REMOLCADOR-SEMIREMOLQUE,09/04/2022,2022,ABRIL,SÁBADO,22,CHOQUE,EN PROCESO DE INVESTIGACIÓN,NO CUENTA CON CAUSA ESPECIFICA,AVENIDA,NO CORRESPONDE,URBANO
A-2022-04-199,V-2022-04-199-2,P-2022-04-199-2-1,LIMA,LIMA,ATE,CONDUCTOR,FALLECIDO,,,IDENTIFICADO,,32,MASCULINO,,CANCELADA,A II B,,,,CAMIONETA RURAL,09/04/2022,2022,ABRIL,SÁBADO,22,CHOQUE,EN PROCESO DE INVESTIGACIÓN,NO CUENTA CON CAUSA ESPECIFICA,AVENIDA,NO CORRESPONDE,URBANO
A-2022-04-199,V-2022-04-199-2,P-2022-04-199-2-2,LIMA,LIMA,ATE,PASAJERO,LESIONADO,,,IDENTIFICADO,,70,MASCULINO,,NO CONDUCTOR,NO CONDUCTOR,,,,CAMIONETA RURAL,09/04/2022,2022,ABRIL,SÁBADO,22,CHOQUE,EN PROCESO DE INVESTIGACIÓN,NO CUENTA CON CAUSA ESPECIFICA,AVENIDA,NO CORRESPONDE,URBANO
A-2022-04-199,V-2022-04-199-2,P-2022-04-199-2-3,LIMA,LIMA,ATE,PASAJERO,LESIONADO,,,IDENTIFICADO,,36,MASCULINO,,NO CONDUCTOR,NO CONDUCTOR,,,,CAMIONETA RURAL,09/04/2022,2022,ABRIL,SÁBADO,22,CHOQUE,EN PROCESO DE INVESTIGACIÓN,NO CUENTA CON CAUSA ESPECIFICA,AVENIDA,NO CORRESPONDE,URBANO
A-2022-04-199,V-2022-04-199-2,P-2022-04-199-2-4,LIMA,LIMA,ATE,PASAJERO,LESIONADO,,,IDENTIFICADO,,38,FEMENINO,,NO CONDUCTOR,NO CONDUCTOR,,,,CAMIONETA RURAL,09/04/2022,2022,ABRIL,SÁBADO,22,CHOQUE,EN PROCESO DE INVESTIGACIÓN,NO CUENTA CON CAUSA ESPECIFICA,AVENIDA,NO CORRESPONDE,URBANO
A-2022-04-199,V-2022-04-199-2,P-2022-04-199-2-5,LIMA,LIMA,ATE,PASAJERO,LESIONADO,,,IDENTIFICADO,,1,MASCULINO,,NO CONDUCTOR,NO CONDUCTOR,,,,CAMIONETA RURAL,09/04/2022,2022,ABRIL,SÁBADO,22,CHOQUE,EN PROCESO DE INVESTIGACIÓN,NO CUENTA CON CAUSA ESPECIFICA,AVENIDA,NO CORRESPONDE,URBANO
A-2022-04-199,V-2022-04-199-2,P-2022-04-199-2-6,LIMA,LIMA,ATE,PASAJERO,LESIONADO,,,IDENTIFICADO,,27,FEMENINO,,NO CONDUCTOR,NO CONDUCTOR,,,,CAMIONETA RURAL,09/04/2022,2022,ABRIL,SÁBADO,22,CHOQUE,EN PROCESO DE INVESTIGACIÓN,NO CUENTA CON CAUSA ESPECIFICA,AVENIDA,NO CORRESPONDE,URBANO
A-2022-04-199,V-2022-04-199-2,P-2022-04-199-2-7,LIMA,LIMA,ATE,PASAJERO,LESIONADO,,,IDENTIFICADO,,67,FEMENINO,,NO CONDUCTOR,NO CONDUCTOR,,,,CAMIONETA RURAL,09/04/2022,2022,ABRIL,SÁBADO,22,CHOQUE,EN PROCESO DE INVESTIGACIÓN,NO CUENTA CON CAUSA ESPECIFICA,AVENIDA,NO CORRESPONDE,URBANO
A-2022-04-199,V-2022-04-199-2,P-2022-04-199-2-8,LIMA,LIMA,ATE,PASAJERO,LESIONADO,,,IDENTIFICADO,,49,FEMENINO,,NO CONDUCTOR,NO CONDUCTOR,,,,CAMIONETA RURAL,09/04/2022,2022,ABRIL,SÁBADO,22,CHOQUE,EN PROCESO DE INVESTIGACIÓN,NO CUENTA CON CAUSA ESPECIFICA,AVENIDA,NO CORRESPONDE,URBANO
A-2022-04-199,V-2022-04-199-2,P-2022-04-199-2-9,LIMA,LIMA,ATE,PASAJERO,LESIONADO,,,IDENTIFICADO,,61,FEMENINO,,NO CONDUCTOR,NO CONDUCTOR,,,,CAMIONETA RURAL,09/04/2022,2022,ABRIL,SÁBADO,22,CHOQUE,EN PROCESO DE INVESTIGACIÓN,NO CUENTA CON CAUSA ESPECIFICA,AVENIDA,NO CORRESPONDE,URBANO
A-2022-04-197,V-2022-04-197-1,P-2022-04-197-1-1,LIMA,LIMA,ANCON,CONDUCTOR,NO SE CONOCE,,,IDENTIFICADO,,42,MASCULINO,,VIGENTE,A I,,,,AUTOMÓVIL,09/04/2022,2022,ABRIL,SÁBADO,23,ATROPELLO,EN PROCESO DE INVESTIGACIÓN,NO CUENTA CON CAUSA ESPECIFICA,CARRETERA NACIONAL,PE-1N,NACIONAL
A-2022-04-197,V-2022-04-197-1,P-2022-04-197-1-2,LIMA,LIMA,ANCON,PEATÓN,FALLECIDO,,,IDENTIFICADO,,57,MASCULINO,,NO CONDUCTOR,NO CONDUCTOR,,,,AUTOMÓVIL,09/04/2022,2022,ABRIL,SÁBADO,23,ATROPELLO,EN PROCESO DE INVESTIGACIÓN,NO CUENTA CON CAUSA ESPECIFICA,CARRETERA NACIONAL,PE-1N,NACIONAL
A-2022-04-235,V-2022-04-235-1,P-2022-04-235-1-1,LIMA,LIMA,ATE,CONDUCTOR,ILESO,,,NO IDENTIFICADO,,,MASCULINO,,SIN LICENCIA,SIN LICENCIA,,,,CAMIONETA RURAL,10/04/2022,2022,ABRIL,DOMINGO,14,ATROPELLO,EN PROCESO DE INVESTIGACIÓN,NO CUENTA CON CAUSA ESPECIFICA,AVENIDA,NO CORRESPONDE,URBANO
A-2022-04-235,V-2022-04-235-1,P-2022-04-235-1-2,LIMA,LIMA,ATE,PEATÓN,FALLECIDO,,,NO IDENTIFICADO,,,MASCULINO,,NO CONDUCTOR,NO CONDUCTOR,,,,CAMIONETA RURAL,10/04/2022,2022,ABRIL,DOMINGO,14,ATROPELLO,EN PROCESO DE INVESTIGACIÓN,NO CUENTA CON CAUSA ESPECIFICA,AVENIDA,NO CORRESPONDE,URBANO
A-2022-04-235,V-2022-04-235-2,P-2022-04-235-2-1,LIMA,LIMA,ATE,CONDUCTOR,ILESO,,,NO IDENTIFICADO,,,MASCULINO,,VIGENTE,A III A,,,,ÓMNIBUS,10/04/2022,2022,ABRIL,DOMINGO,14,ATROPELLO,EN PROCESO DE INVESTIGACIÓN,NO CUENTA CON CAUSA ESPECIFICA,AVENIDA,NO CORRESPONDE,URBANO
A-2022-04-201,V-2022-04-201-1,P-2022-04-201-1-1,LIMA,LIMA,LA VICTORIA,CONDUCTOR,NO SE CONOCE,,,IDENTIFICADO,,39,MASCULINO,,VIGENTE,A III C,,,,ÓMNIBUS,13/04/2022,2022,ABRIL,MIÉRCOLES,16,ATROPELLO,EN PROCESO DE INVESTIGACIÓN,NO CUENTA CON CAUSA ESPECIFICA,AVENIDA,NO CORRESPONDE,URBANO
A-2022-04-201,V-2022-04-201-2,P-2022-04-201-2-1,LIMA,LIMA,LA VICTORIA,CONDUCTOR,NO SE CONOCE,,,IDENTIFICADO,,71,MASCULINO,,SIN LICENCIA,SIN LICENCIA,,,,ÓMNIBUS,13/04/2022,2022,ABRIL,MIÉRCOLES,16,ATROPELLO,EN PROCESO DE INVESTIGACIÓN,NO CUENTA CON CAUSA ESPECIFICA,AVENIDA,NO CORRESPONDE,URBANO
A-2022-04-201,V-2022-04-201-2,P-2022-04-201-2-2,LIMA,LIMA,LA VICTORIA,PEATÓN,FALLECIDO,,,IDENTIFICADO,,54,MASCULINO,,NO CONDUCTOR,NO CONDUCTOR,,,,ÓMNIBUS,13/04/2022,2022,ABRIL,MIÉRCOLES,16,ATROPELLO,EN PROCESO DE INVESTIGACIÓN,NO CUENTA CON CAUSA ESPECIFICA,AVENIDA,NO CORRESPONDE,URBANO
A-2022-04-202,V-2022-04-202-1,P-2022-04-202-1-1,LIMA,LIMA,PUENTE PIEDRA,CONDUCTOR,NO SE CONOCE,,,IDENTIFICADO,,34,MASCULINO,,VIGENTE,A III B,,,,CAMIÓN,13/04/2022,2022,ABRIL,MIÉRCOLES,23,ATROPELLO,EN PROCESO DE INVESTIGACIÓN,NO CUENTA CON CAUSA ESPECIFICA,CARRETERA NACIONAL,PE-1N,NACIONAL
A-2022-04-202,V-2022-04-202-1,P-2022-04-202-1-2,LIMA,LIMA,PUENTE PIEDRA,PEATÓN,FALLECIDO,,,IDENTIFICADO,,37,MASCULINO,,NO CONDUCTOR,NO CONDUCTOR,,,,CAMIÓN,13/04/2022,2022,ABRIL,MIÉRCOLES,23,ATROPELLO,EN PROCESO DE INVESTIGACIÓN,NO CUENTA CON CAUSA ESPECIFICA,CARRETERA NACIONAL,PE-1N,NACIONAL
A-2022-04-236,V-2022-04-236-1,P-2022-04-236-1-1,LIMA,LIMA,COMAS,CONDUCTOR,FALLECIDO,,,NO IDENTIFICADO,,,MASCULINO,,SIN DNI IDENTIFICADO,SIN DNI IDENTIFICADO,,,,MOTOCICLETA,14/04/2022,2022,ABRIL,JUEVES,0,DESPISTE,EN PROCESO DE INVESTIGACIÓN,NO CUENTA CON CAUSA ESPECIFICA,AVENIDA,NO CORRESPONDE,URBANO
A-2022-04-237,V-2022-04-237-1,P-2022-04-237-1-1,LIMA,LIMA,LURIGANCHO,CONDUCTOR,ILESO,,,NO IDENTIFICADO,,,MASCULINO,,VIGENTE,A III C,,,,REMOLCADOR,15/04/2022,2022,ABRIL,VIERNES,4,CHOQUE,EN PROCESO DE INVESTIGACIÓN,NO CUENTA CON CAUSA ESPECIFICA,CARRETERA NACIONAL,PE-22,NACIONAL
A-2022-04-237,V-2022-04-237-1,P-2022-04-237-1-2,LIMA,LIMA,LURIGANCHO,PEATÓN,FALLECIDO,,,NO IDENTIFICADO,,,MASCULINO,,NO CONDUCTOR,NO CONDUCTOR,,,,REMOLCADOR,15/04/2022,2022,ABRIL,VIERNES,4,CHOQUE,EN PROCESO DE INVESTIGACIÓN,NO CUENTA CON CAUSA ESPECIFICA,CARRETERA NACIONAL,PE-22,NACIONAL
A-2022-04-237,V-2022-04-237-1,P-2022-04-237-1-3,LIMA,LIMA,LURIGANCHO,PEATÓN,FALLECIDO,,,NO IDENTIFICADO,,,MASCULINO,,NO CONDUCTOR,NO CONDUCTOR,,,,REMOLCADOR,15/04/2022,2022,ABRIL,VIERNES,4,CHOQUE,EN PROCESO DE INVESTIGACIÓN,NO CUENTA CON CAUSA ESPECIFICA,CARRETERA NACIONAL,PE-22,NACIONAL
A-2022-04-237,V-2022-04-237-2,P-2022-04-237-2-1,LIMA,LIMA,LURIGANCHO,CONDUCTOR,ILESO,,,NO IDENTIFICADO,,,MASCULINO,,VIGENTE,A II B,,,,CAMIÓN,15/04/2022,2022,ABRIL,VIERNES,4,CHOQUE,EN PROCESO DE INVESTIGACIÓN,NO CUENTA CON CAUSA ESPECIFICA,CARRETERA NACIONAL,PE-22,NACIONAL
A-2022-04-237,V-2022-04-237-3,P-2022-04-237-3-1,LIMA,LIMA,LURIGANCHO,CONDUCTOR,ILESO,,,NO IDENTIFICADO,,,MASCULINO,,VIGENTE,A I,,,,AUTOMÓVIL,15/04/2022,2022,ABRIL,VIERNES,4,CHOQUE,EN PROCESO DE INVESTIGACIÓN,NO CUENTA CON CAUSA ESPECIFICA,CARRETERA NACIONAL,PE-22,NACIONAL
A-2022-04-238,V-2022-04-238-1,P-2022-04-238-1-1,LIMA,LIMA,LURIGANCHO,CONDUCTOR FUGADO,NO SE CONOCE,,,NO IDENTIFICADO,,,MASCULINO,,FUGADO,FUGADO,,,,VEHICULO NO IDENTIFICADO,17/04/2022,2022,ABRIL,DOMINGO,2,ATROPELLO FUGA,EN PROCESO DE INVESTIGACIÓN,NO CUENTA CON CAUSA ESPECIFICA,CARRETERA NACIONAL,PE-22,NACIONAL
A-2022-04-238,V-2022-04-238-1,P-2022-04-238-1-2,LIMA,LIMA,LURIGANCHO,PEATÓN,FALLECIDO,,,NO IDENTIFICADO,,,MASCULINO,,NO CONDUCTOR,NO CONDUCTOR,,,,VEHICULO NO IDENTIFICADO,17/04/2022,2022,ABRIL,DOMINGO,2,ATROPELLO FUGA,EN PROCESO DE INVESTIGACIÓN,NO CUENTA CON CAUSA ESPECIFICA,CARRETERA NACIONAL,PE-22,NACIONAL
A-2022-04-245,V-2022-04-245-1,P-2022-04-245-1-1,LIMA,LIMA,SURQUILLO,CONDUCTOR,ILESO,,,NO IDENTIFICADO,,,MASCULINO,,VIGENTE,A I,,,,AUTOMÓVIL,17/04/2022,2022,ABRIL,DOMINGO,11,ATROPELLO,EN PROCESO DE INVESTIGACIÓN,NO CUENTA CON CAUSA ESPECIFICA,AVENIDA,NO CORRESPONDE,URBANO
A-2022-04-245,V-2022-04-245-1,P-2022-04-245-1-2,LIMA,LIMA,SURQUILLO,PEATÓN,FALLECIDO,,,NO IDENTIFICADO,,,FEMENINO,,NO CONDUCTOR,NO CONDUCTOR,,,,AUTOMÓVIL,17/04/2022,2022,ABRIL,DOMINGO,11,ATROPELLO,EN PROCESO DE INVESTIGACIÓN,NO CUENTA CON CAUSA ESPECIFICA,AVENIDA,NO CORRESPONDE,URBANO
A-2022-04-246,V-2022-04-246-1,P-2022-04-246-1-1,LIMA,LIMA,LOS OLIVOS,CONDUCTOR,ILESO,,,NO IDENTIFICADO,,,MASCULINO,,SIN DNI IDENTIFICADO,SIN DNI IDENTIFICADO,,,,AUTOMÓVIL,18/04/2022,2022,ABRIL,LUNES,1,ATROPELLO,EN PROCESO DE INVESTIGACIÓN,NO CUENTA CON CAUSA ESPECIFICA,CARRETERA NACIONAL,PE-1N,NACIONAL
A-2022-04-246,V-2022-04-246-1,P-2022-04-246-1-2,LIMA,LIMA,LOS OLIVOS,PEATÓN,FALLECIDO,,,NO IDENTIFICADO,,,MASCULINO,,NO CONDUCTOR,NO CONDUCTOR,,,,AUTOMÓVIL,18/04/2022,2022,ABRIL,LUNES,1,ATROPELLO,EN PROCESO DE INVESTIGACIÓN,NO CUENTA CON CAUSA ESPECIFICA,CARRETERA NACIONAL,PE-1N,NACIONAL
A-2022-04-247,V-2022-04-247-1,P-2022-04-247-1-1,LIMA,LIMA,LA VICTORIA,CONDUCTOR,ILESO,,,NO IDENTIFICADO,,,MASCULINO,,VENCIDA,A III A,,,,MINIBUS,19/04/2022,2022,ABRIL,MARTES,10,CAÍDA DE PASAJERO,EN PROCESO DE INVESTIGACIÓN,NO CUENTA CON CAUSA ESPECIFICA,AVENIDA,NO CORRESPONDE,URBANO
A-2022-04-247,V-2022-04-247-1,P-2022-04-247-1-2,LIMA,LIMA,LA VICTORIA,PASAJERO,FALLECIDO,,,NO IDENTIFICADO,,,MASCULINO,,NO CONDUCTOR,NO CONDUCTOR,,,,MINIBUS,19/04/2022,2022,ABRIL,MARTES,10,CAÍDA DE PASAJERO,EN PROCESO DE INVESTIGACIÓN,NO CUENTA CON CAUSA ESPECIFICA,AVENIDA,NO CORRESPONDE,URBANO
A-2022-04-59,V-2022-04-59-1,P-2022-04-59-1-1,CALLAO,CALLAO,CALLAO,CONDUCTOR FUGADO,NO SE CONOCE,,,NO IDENTIFICADO,PERÚ,,NO INDICA,,FUGADO,FUGADO,NO,,NO,VEHICULO NO IDENTIFICADO,19/04/2022,2022,ABRIL,MARTES,22,ATROPELLO FUGA,EN PROCESO DE INVESTIGACIÓN,NO CUENTA CON CAUSA ESPECIFICA,CARRETERA NACIONAL,PE-20,NACIONAL
A-2022-04-59,V-2022-04-59-1,P-2022-04-59-1-2,CALLAO,CALLAO,CALLAO,PEATÓN,FALLECIDO,,EN EL LUGAR DE LOS HECHOS,IDENTIFICADO,PERÚ,45,FEMENINO,,NO CONDUCTOR,NO CONDUCTOR,NO,,SI,VEHICULO NO IDENTIFICADO,19/04/2022,2022,ABRIL,MARTES,22,ATROPELLO FUGA,EN PROCESO DE INVESTIGACIÓN,NO CUENTA CON CAUSA ESPECIFICA,CARRETERA NACIONAL,PE-20,NACIONAL
A-2022-04-60,V-2022-04-60-1,P-2022-04-60-1-1,CALLAO,CALLAO,CALLAO,CONDUCTOR,FALLECIDO,,EN EL LUGAR DE LOS HECHOS,IDENTIFICADO,PERÚ,74,MASCULINO,,VENCIDA,A III C,NO,,SI,REMOLCADOR,20/04/2022,2022,ABRIL,MIÉRCOLES,4,DESPISTE,IMPRUDENCIA DEL CONDUCTOR,OTRO (IMPRUDENCIA DEL CONDUCTOR),OTRO,NO CORRESPONDE,URBANO
A-2022-04-248,V-2022-04-248-1,P-2022-04-248-1-1,LIMA,LIMA,COMAS,CONDUCTOR,FALLECIDO,,,NO IDENTIFICADO,,,MASCULINO,,SIN DNI IDENTIFICADO,SIN DNI IDENTIFICADO,,,,MOTOCICLETA,20/04/2022,2022,ABRIL,MIÉRCOLES,20,DESPISTE,EN PROCESO DE INVESTIGACIÓN,NO CUENTA CON CAUSA ESPECIFICA,AVENIDA,NO CORRESPONDE,URBANO
A-2022-04-248,V-2022-04-248-1,P-2022-04-248-1-2,LIMA,LIMA,COMAS,PASAJERO,LESIONADO,,,NO IDENTIFICADO,,,FEMENINO,,NO CONDUCTOR,NO CONDUCTOR,,,,MOTOCICLETA,20/04/2022,2022,ABRIL,MIÉRCOLES,20,DESPISTE,EN PROCESO DE INVESTIGACIÓN,NO CUENTA CON CAUSA ESPECIFICA,AVENIDA,NO CORRESPONDE,URBANO
A-2022-04-249,V-2022-04-249-1,P-2022-04-249-1-1,LIMA,LIMA,LURIGANCHO,CONDUCTOR,ILESO,,,NO IDENTIFICADO,,,MASCULINO,,VENCIDA,A II B,,,,CAMIONETA RURAL,20/04/2022,2022,ABRIL,MIÉRCOLES,21,CHOQUE,EN PROCESO DE INVESTIGACIÓN,NO CUENTA CON CAUSA ESPECIFICA,CARRETERA PROVINCIAL,LM-711,PROVINCIAL
A-2022-04-249,V-2022-04-249-2,P-2022-04-249-2-1,LIMA,LIMA,LURIGANCHO,CONDUCTOR,FALLECIDO,,,NO IDENTIFICADO,,,MASCULINO,,SIN LICENCIA,SIN LICENCIA,,,,MOTOCICLETA,20/04/2022,2022,ABRIL,MIÉRCOLES,21,CHOQUE,EN PROCESO DE INVESTIGACIÓN,NO CUENTA CON CAUSA ESPECIFICA,CARRETERA PROVINCIAL,LM-711,PROVINCIAL
A-2022-04-268,V-2022-04-268-1,P-2022-04-268-1-1,LIMA,LIMA,VILLA EL SALVADOR,CONDUCTOR,FALLECIDO,,EN EL LUGAR DE LOS HECHOS,IDENTIFICADO,PERÚ,26,MASCULINO,SI,VIGENTE,A I,,,,AUTOMÓVIL,21/04/2022,2022,ABRIL,JUEVES,3,CHOQUE,IMPRUDENCIA DEL CONDUCTOR,OTRO (IMPRUDENCIA DEL CONDUCTOR),CARRETERA NACIONAL,PE-1S,NACIONAL
A-2022-04-268,V-2022-04-268-2,P-2022-04-268-2-1,LIMA,LIMA,VILLA EL SALVADOR,CONDUCTOR,LESIONADO,CENTRO DE SALUD PÚBLICO,,IDENTIFICADO,PERÚ,35,MASCULINO,SI,VIGENTE,A III C,,,,REMOLCADOR-SEMIREMOLQUE,21/04/2022,2022,ABRIL,JUEVES,3,CHOQUE,IMPRUDENCIA DEL CONDUCTOR,OTRO (IMPRUDENCIA DEL CONDUCTOR),CARRETERA NACIONAL,PE-1S,NACIONAL
A-2022-04-250,V-2022-04-250-1,P-2022-04-250-1-1,LIMA,LIMA,RIMAC,CONDUCTOR,FALLECIDO,,,NO IDENTIFICADO,,,MASCULINO,,SIN LICENCIA,SIN LICENCIA,,,,MOTOCICLETA,22/04/2022,2022,ABRIL,VIERNES,0,DESPISTE,EN PROCESO DE INVESTIGACIÓN,NO CUENTA CON CAUSA ESPECIFICA,AVENIDA,NO CORRESPONDE,URBANO
A-2022-04-251,V-2022-04-251-1,P-2022-04-251-1-1,LIMA,LIMA,EL AGUSTINO,CONDUCTOR,ILESO,,,NO IDENTIFICADO,,,MASCULINO,,VIGENTE,A III C,,,,REMOLCADOR,22/04/2022,2022,ABRIL,VIERNES,4,VOLCADURA,EN PROCESO DE INVESTIGACIÓN,NO CUENTA CON CAUSA ESPECIFICA,CARRETERA NACIONAL,PE-1N,NACIONAL
A-2022-04-251,V-2022-04-251-2,P-2022-04-251-2-1,LIMA,LIMA,EL AGUSTINO,CONDUCTOR,ILESO,,,NO IDENTIFICADO,,,MASCULINO,,SIN DNI IDENTIFICADO,SIN DNI IDENTIFICADO,,,,MOTOCICLETA,22/04/2022,2022,ABRIL,VIERNES,4,VOLCADURA,EN PROCESO DE INVESTIGACIÓN,NO CUENTA CON CAUSA ESPECIFICA,CARRETERA NACIONAL,PE-1N,NACIONAL
A-2022-04-251,V-2022-04-251-2,P-2022-04-251-2-2,LIMA,LIMA,EL AGUSTINO,PASAJERO,FALLECIDO,,,NO IDENTIFICADO,,,FEMENINO,,NO CONDUCTOR,NO CONDUCTOR,,,,MOTOCICLETA,22/04/2022,2022,ABRIL,VIERNES,4,VOLCADURA,EN PROCESO DE INVESTIGACIÓN,NO CUENTA CON CAUSA ESPECIFICA,CARRETERA NACIONAL,PE-1N,NACIONAL
A-2022-04-252,V-2022-04-252-1,P-2022-04-252-1-1,LIMA,LIMA,RIMAC,CONDUCTOR,ILESO,,,NO IDENTIFICADO,,,MASCULINO,,VIGENTE,A III C,,,,REMOLCADOR,22/04/2022,2022,ABRIL,VIERNES,11,CHOQUE,EN PROCESO DE INVESTIGACIÓN,NO CUENTA CON CAUSA ESPECIFICA,CARRETERA NACIONAL,PE-1N,NACIONAL
A-2022-04-252,V-2022-04-252-2,P-2022-04-252-2-1,LIMA,LIMA,RIMAC,CONDUCTOR,FALLECIDO,,,NO IDENTIFICADO,,,MASCULINO,,VIGENTE,B,,,,MOTOCICLETA,22/04/2022,2022,ABRIL,VIERNES,11,CHOQUE,EN PROCESO DE INVESTIGACIÓN,NO CUENTA CON CAUSA ESPECIFICA,CARRETERA NACIONAL,PE-1N,NACIONAL
A-2022-04-61,V-2022-04-61-1,P-2022-04-61-1-1,CALLAO,CALLAO,CALLAO,CONDUCTOR,FALLECIDO,,EN EL LUGAR DE LOS HECHOS,IDENTIFICADO,PERÚ,36,MASCULINO,SI,VIGENTE,OTRO,NO,,SI,MOTOCICLETA,22/04/2022,2022,ABRIL,VIERNES,14,CHOQUE,IMPRUDENCIA DEL CONDUCTOR,NO DAR PASO PREFERENTE AL PEATÓN,CARRETERA NACIONAL,PE-20,NACIONAL
A-2022-04-61,V-2022-04-61-2,P-2022-04-61-2-1,CALLAO,CALLAO,CALLAO,CONDUCTOR,ILESO,,,IDENTIFICADO,PERÚ,58,MASCULINO,SI,VIGENTE,A III C,NO,,SI,REMOLCADOR,22/04/2022,2022,ABRIL,VIERNES,14,CHOQUE,IMPRUDENCIA DEL CONDUCTOR,NO DAR PASO PREFERENTE AL PEATÓN,CARRETERA NACIONAL,PE-20,NACIONAL
A-2022-04-254,V-2022-04-254-1,P-2022-04-254-1-1,LIMA,LIMA,COMAS,CONDUCTOR,FALLECIDO,,,NO IDENTIFICADO,,,MASCULINO,,SIN DNI IDENTIFICADO,SIN DNI IDENTIFICADO,,,,AUTOMÓVIL,24/04/2022,2022,ABRIL,DOMINGO,5,CHOQUE,EN PROCESO DE INVESTIGACIÓN,NO CUENTA CON CAUSA ESPECIFICA,AVENIDA,NO CORRESPONDE,URBANO
A-2022-04-255,V-2022-04-255-1,P-2022-04-255-1-1,LIMA,LIMA,ATE,CONDUCTOR FUGADO,NO SE CONOCE,,,NO IDENTIFICADO,,,MASCULINO,,FUGADO,FUGADO,,,,VEHICULO NO IDENTIFICADO,24/04/2022,2022,ABRIL,DOMINGO,6,ATROPELLO FUGA,EN PROCESO DE INVESTIGACIÓN,NO CUENTA CON CAUSA ESPECIFICA,CARRETERA NACIONAL,PE-22,NACIONAL
A-2022-04-255,V-2022-04-255-1,P-2022-04-255-1-2,LIMA,LIMA,ATE,PEATÓN,FALLECIDO,,,NO IDENTIFICADO,,,MASCULINO,,NO CONDUCTOR,NO CONDUCTOR,,,,VEHICULO NO IDENTIFICADO,24/04/2022,2022,ABRIL,DOMINGO,6,ATROPELLO FUGA,EN PROCESO DE INVESTIGACIÓN,NO CUENTA CON CAUSA ESPECIFICA,CARRETERA NACIONAL,PE-22,NACIONAL
A-2022-04-256,V-2022-04-256-1,P-2022-04-256-1-1,LIMA,LIMA,PUENTE PIEDRA,CONDUCTOR FUGADO,NO SE CONOCE,,,NO IDENTIFICADO,,,NO INDICA,,FUGADO,FUGADO,,,,VEHICULO NO IDENTIFICADO,24/04/2022,2022,ABRIL,DOMINGO,12,ATROPELLO FUGA,EN PROCESO DE INVESTIGACIÓN,NO CUENTA CON CAUSA ESPECIFICA,AVENIDA,NO CORRESPONDE,URBANO
A-2022-04-256,V-2022-04-256-1,P-2022-04-256-1-2,LIMA,LIMA,PUENTE PIEDRA,PEATÓN,FALLECIDO,,,NO IDENTIFICADO,,,MASCULINO,,NO CONDUCTOR,NO CONDUCTOR,,,,VEHICULO NO IDENTIFICADO,24/04/2022,2022,ABRIL,DOMINGO,12,ATROPELLO FUGA,EN PROCESO DE INVESTIGACIÓN,NO CUENTA CON CAUSA ESPECIFICA,AVENIDA,NO CORRESPONDE,URBANO
A-2022-04-257,V-2022-04-257-1,P-2022-04-257-1-1,LIMA,LIMA,COMAS,CONDUCTOR,ILESO,,,NO IDENTIFICADO,,,MASCULINO,,SIN DNI IDENTIFICADO,SIN DNI IDENTIFICADO,,,,REMOLCADOR-SEMIREMOLQUE,24/04/2022,2022,ABRIL,DOMINGO,15,CHOQUE,EN PROCESO DE INVESTIGACIÓN,NO CUENTA CON CAUSA ESPECIFICA,CARRETERA NACIONAL,PE-1N,NACIONAL
A-2022-04-257,V-2022-04-257-1,P-2022-04-257-1-2,LIMA,LIMA,COMAS,PEATÓN,FALLECIDO,,,NO IDENTIFICADO,,,NO INDICA,,NO CONDUCTOR,NO CONDUCTOR,,,,REMOLCADOR-SEMIREMOLQUE,24/04/2022,2022,ABRIL,DOMINGO,15,CHOQUE,EN PROCESO DE INVESTIGACIÓN,NO CUENTA CON CAUSA ESPECIFICA,CARRETERA NACIONAL,PE-1N,NACIONAL
A-2022-04-257,V-2022-04-257-2,P-2022-04-257-2-1,LIMA,LIMA,COMAS,CONDUCTOR,NO SE CONOCE,,,NO IDENTIFICADO,,,MASCULINO,,SIN DNI IDENTIFICADO,SIN DNI IDENTIFICADO,,,,AUTOMÓVIL,24/04/2022,2022,ABRIL,DOMINGO,15,CHOQUE,EN PROCESO DE INVESTIGACIÓN,NO CUENTA CON CAUSA ESPECIFICA,CARRETERA NACIONAL,PE-1N,NACIONAL
A-2022-04-259,V-2022-04-259-1,P-2022-04-259-1-1,LIMA,LIMA,LURIGANCHO,CONDUCTOR FUGADO,NO SE CONOCE,,,NO IDENTIFICADO,,,NO INDICA,,FUGADO,FUGADO,,,,VEHICULO NO IDENTIFICADO,26/04/2022,2022,ABRIL,MARTES,6,ATROPELLO FUGA,EN PROCESO DE INVESTIGACIÓN,NO CUENTA CON CAUSA ESPECIFICA,CARRETERA NACIONAL,PE-22,NACIONAL
A-2022-04-259,V-2022-04-259-1,P-2022-04-259-1-2,LIMA,LIMA,LURIGANCHO,PEATÓN,FALLECIDO,,,NO IDENTIFICADO,,,NO INDICA,,NO CONDUCTOR,NO CONDUCTOR,,,,VEHICULO NO IDENTIFICADO,26/04/2022,2022,ABRIL,MARTES,6,ATROPELLO FUGA,EN PROCESO DE INVESTIGACIÓN,NO CUENTA CON CAUSA ESPECIFICA,CARRETERA NACIONAL,PE-22,NACIONAL
A-2022-04-260,V-2022-04-260-1,P-2022-04-260-1-1,LIMA,LIMA,SURQUILLO,CONDUCTOR,ILESO,,,NO IDENTIFICADO,,,MASCULINO,,SIN LICENCIA,SIN LICENCIA,,,,MOTOCICLETA,26/04/2022,2022,ABRIL,MARTES,10,CHOQUE,EN PROCESO DE INVESTIGACIÓN,NO CUENTA CON CAUSA ESPECIFICA,AVENIDA,NO CORRESPONDE,URBANO
A-2022-04-260,V-2022-04-260-2,P-2022-04-260-2-1,LIMA,LIMA,SURQUILLO,CONDUCTOR,FALLECIDO,,,NO IDENTIFICADO,,,MASCULINO,,NO CORRESPONDE,NO CORRESPONDE,,,,BICICLETA,26/04/2022,2022,ABRIL,MARTES,10,CHOQUE,EN PROCESO DE INVESTIGACIÓN,NO CUENTA CON CAUSA ESPECIFICA,AVENIDA,NO CORRESPONDE,URBANO
A-2022-04-203,V-2022-04-203-1,P-2022-04-203-1-1,LIMA,LIMA,CARABAYLLO,CONDUCTOR,NO SE CONOCE,,,IDENTIFICADO,,51,MASCULINO,,VIGENTE,B II C,,,,TRIMOTO PASAJERO,27/04/2022,2022,ABRIL,MIÉRCOLES,20,ATROPELLO,EN PROCESO DE INVESTIGACIÓN,NO CUENTA CON CAUSA ESPECIFICA,AVENIDA,NO CORRESPONDE,URBANO
A-2022-04-203,V-2022-04-203-1,P-2022-04-203-1-2,LIMA,LIMA,CARABAYLLO,PEATÓN,FALLECIDO,,,IDENTIFICADO,,78,MASCULINO,,NO CONDUCTOR,NO CONDUCTOR,,,,TRIMOTO PASAJERO,27/04/2022,2022,ABRIL,MIÉRCOLES,20,ATROPELLO,EN PROCESO DE INVESTIGACIÓN,NO CUENTA CON CAUSA ESPECIFICA,AVENIDA,NO CORRESPONDE,URBANO
A-2022-04-261,V-2022-04-261-1,P-2022-04-261-1-1,LIMA,LIMA,LINCE,CONDUCTOR,ILESO,,,NO IDENTIFICADO,,,MASCULINO,,SIN DNI IDENTIFICADO,SIN DNI IDENTIFICADO,,,,MINIBUS,28/04/2022,2022,ABRIL,JUEVES,16,CHOQUE,EN PROCESO DE INVESTIGACIÓN,NO CUENTA CON CAUSA ESPECIFICA,PASAJE,NO CORRESPONDE,URBANO
A-2022-04-261,V-2022-04-261-2,P-2022-04-261-2-1,LIMA,LIMA,LINCE,CONDUCTOR,FALLECIDO,,,NO IDENTIFICADO,,,MASCULINO,,SIN DNI IDENTIFICADO,SIN DNI IDENTIFICADO,,,,MOTOCICLETA,28/04/2022,2022,ABRIL,JUEVES,16,CHOQUE,EN PROCESO DE INVESTIGACIÓN,NO CUENTA CON CAUSA ESPECIFICA,PASAJE,NO CORRESPONDE,URBANO
A-2022-04-262,V-2022-04-262-1,P-2022-04-262-1-1,LIMA,LIMA,LURIGANCHO,CONDUCTOR,ILESO,,,NO IDENTIFICADO,,,MASCULINO,,VENCIDA,A II B,,,,CAMIONETA RURAL,28/04/2022,2022,ABRIL,JUEVES,17,CHOQUE,EN PROCESO DE INVESTIGACIÓN,NO CUENTA CON CAUSA ESPECIFICA,CARRETERA PROVINCIAL,LM-711,PROVINCIAL
A-2022-04-262,V-2022-04-262-2,P-2022-04-262-2-1,LIMA,LIMA,LURIGANCHO,CONDUCTOR,ILESO,,,NO IDENTIFICADO,,,MASCULINO,,VIGENTE,A II B,,,,REMOLCADOR,28/04/2022,2022,ABRIL,JUEVES,17,CHOQUE,EN PROCESO DE INVESTIGACIÓN,NO CUENTA CON CAUSA ESPECIFICA,CARRETERA PROVINCIAL,LM-711,PROVINCIAL
A-2022-04-262,V-2022-04-262-3,P-2022-04-262-3-1,LIMA,LIMA,LURIGANCHO,CONDUCTOR,FALLECIDO,,,NO IDENTIFICADO,,,MASCULINO,,VIGENTE,A III A,,,,CAMIONETA RURAL,28/04/2022,2022,ABRIL,JUEVES,17,CHOQUE,EN PROCESO DE INVESTIGACIÓN,NO CUENTA CON CAUSA ESPECIFICA,CARRETERA PROVINCIAL,LM-711,PROVINCIAL
A-2022-04-263,V-2022-04-263-1,P-2022-04-263-1-1,LIMA,LIMA,EL AGUSTINO,CONDUCTOR,ILESO,,,NO IDENTIFICADO,,,NO INDICA,,VIGENTE,A III C,,,,SEMIREMOLQUE,29/04/2022,2022,ABRIL,VIERNES,17,DESPISTE,EN PROCESO DE INVESTIGACIÓN,NO CUENTA CON CAUSA ESPECIFICA,CARRETERA NACIONAL,PE-1N,NACIONAL
A-2022-04-263,V-2022-04-263-2,P-2022-04-263-2-1,LIMA,LIMA,EL AGUSTINO,CONDUCTOR,FALLECIDO,,,NO IDENTIFICADO,,,MASCULINO,,SIN LICENCIA,SIN LICENCIA,,,,MOTOCICLETA,29/04/2022,2022,ABRIL,VIERNES,17,DESPISTE,EN PROCESO DE INVESTIGACIÓN,NO CUENTA CON CAUSA ESPECIFICA,CARRETERA NACIONAL,PE-1N,NACIONAL
A-2022-04-265,V-2022-04-265-1,P-2022-04-265-1-1,LIMA,LIMA,LURIGANCHO,CONDUCTOR,ILESO,,,NO IDENTIFICADO,,,MASCULINO,,VENCIDA,B,,,,MOTOCICLETA,29/04/2022,2022,ABRIL,VIERNES,21,ATROPELLO,EN PROCESO DE INVESTIGACIÓN,NO CUENTA CON CAUSA ESPECIFICA,CARRETERA NACIONAL,PE-22,NACIONAL
A-2022-04-265,V-2022-04-265-1,P-2022-04-265-1-2,LIMA,LIMA,LURIGANCHO,PEATÓN,FALLECIDO,,,NO IDENTIFICADO,,,MASCULINO,,NO CONDUCTOR,NO CONDUCTOR,,,,MOTOCICLETA,29/04/2022,2022,ABRIL,VIERNES,21,ATROPELLO,EN PROCESO DE INVESTIGACIÓN,NO CUENTA CON CAUSA ESPECIFICA,CARRETERA NACIONAL,PE-22,NACIONAL
A-2022-04-266,V-2022-04-266-1,P-2022-04-266-1-1,LIMA,LIMA,PUNTA NEGRA,CONDUCTOR,ILESO,,,NO IDENTIFICADO,,,MASCULINO,,SIN DNI IDENTIFICADO,SIN DNI IDENTIFICADO,,,,CAMIÓN,30/04/2022,2022,ABRIL,SÁBADO,18,ATROPELLO,EN PROCESO DE INVESTIGACIÓN,NO CUENTA CON CAUSA ESPECIFICA,CARRETERA NACIONAL,PE-1S,NACIONAL
A-2022-04-266,V-2022-04-266-1,P-2022-04-266-1-2,LIMA,LIMA,PUNTA NEGRA,PEATÓN,FALLECIDO,,,NO IDENTIFICADO,,,MASCULINO,,NO CONDUCTOR,NO CONDUCTOR,,,,CAMIÓN,30/04/2022,2022,ABRIL,SÁBADO,18,ATROPELLO,EN PROCESO DE INVESTIGACIÓN,NO CUENTA CON CAUSA ESPECIFICA,CARRETERA NACIONAL,PE-1S,NACIONAL
A-2022-05-203,V-2022-05-203-1,P-2022-05-203-1-1,LIMA,LIMA,LOS OLIVOS,CONDUCTOR,ILESO,,,IDENTIFICADO,PERÚ,44,MASCULINO,,SIN DNI IDENTIFICADO,SIN DNI IDENTIFICADO,SI,NEGATIVO,NO,REMOLCADOR-SEMIREMOLQUE,02/05/2022,2022,MAYO,LUNES,15,ATROPELLO,EN PROCESO DE INVESTIGACIÓN,NO CUENTA CON CAUSA ESPECIFICA,AVENIDA,NO CORRESPONDE,URBANO
A-2022-05-203,V-2022-05-203-1,P-2022-05-203-1-2,LIMA,LIMA,LOS OLIVOS,PEATÓN,FALLECIDO,,EN EL LUGAR DE LOS HECHOS,IDENTIFICADO,PERÚ,72,MASCULINO,,NO CONDUCTOR,NO CONDUCTOR,SI,NEGATIVO,NO,REMOLCADOR-SEMIREMOLQUE,02/05/2022,2022,MAYO,LUNES,15,ATROPELLO,EN PROCESO DE INVESTIGACIÓN,NO CUENTA CON CAUSA ESPECIFICA,AVENIDA,NO CORRESPONDE,URBANO
A-2022-05-204,V-2022-05-204-1,P-2022-05-204-1-1,LIMA,LIMA,SANTA ANITA,CONDUCTOR,FALLECIDO,,EN EL LUGAR DE LOS HECHOS,IDENTIFICADO,PERÚ,19,MASCULINO,,SIN LICENCIA,SIN LICENCIA,SI,NEGATIVO,NO,MOTOCICLETA,02/05/2022,2022,MAYO,LUNES,15,DESPISTE,EN PROCESO DE INVESTIGACIÓN,NO CUENTA CON CAUSA ESPECIFICA,AVENIDA,NO CORRESPONDE,URBANO
A-2022-05-204,V-2022-05-204-2,P-2022-05-204-2-1,LIMA,LIMA,SANTA ANITA,CONDUCTOR FUGADO,ILESO,,,IDENTIFICADO,OTRO,32,MASCULINO,,VENCIDA,A I,SI,NEGATIVO,NO,AUTOMÓVIL,02/05/2022,2022,MAYO,LUNES,15,DESPISTE,EN PROCESO DE INVESTIGACIÓN,NO CUENTA CON CAUSA ESPECIFICA,AVENIDA,NO CORRESPONDE,URBANO
A-2022-05-223,V-2022-05-223-1,P-2022-05-223-1-1,CALLAO,CALLAO,VENTANILLA,CONDUCTOR,ILESO,,,IDENTIFICADO,PERÚ,38,MASCULINO,SI,VIGENTE,A III C,NO,,SI,REMOLCADOR,04/05/2022,2022,MAYO,MIÉRCOLES,15,ATROPELLO,IMPRUDENCIA DEL CONDUCTOR,FATIGA Y/O CANSANCIO,CARRETERA SIN CLASIFICAR,SIN CLASIFICAR,SIN CLASIFICAR
A-2022-05-223,V-2022-05-223-1,P-2022-05-223-1-2,CALLAO,CALLAO,VENTANILLA,PEATÓN,FALLECIDO,,EN EL LUGAR DE LOS HECHOS,IDENTIFICADO,PERÚ,48,MASCULINO,,NO CONDUCTOR,NO CONDUCTOR,NO,,SI,REMOLCADOR,04/05/2022,2022,MAYO,MIÉRCOLES,15,ATROPELLO,IMPRUDENCIA DEL CONDUCTOR,FATIGA Y/O CANSANCIO,CARRETERA SIN CLASIFICAR,SIN CLASIFICAR,SIN CLASIFICAR
A-2022-05-220,V-2022-05-220-1,P-2022-05-220-1-1,CALLAO,CALLAO,CALLAO,CONDUCTOR,ILESO,,,IDENTIFICADO,VENEZUELA,20,MASCULINO,,SIN LICENCIA,SIN LICENCIA,NO,,SI,MOTOCICLETA,04/05/2022,2022,MAYO,MIÉRCOLES,20,ATROPELLO,NEGLIGENCIA DEL CONDUCTOR,OTRO (NEGLIGENCIA DEL CONDUCTOR),AVENIDA,NO CORRESPONDE,URBANO
A-2022-05-220,V-2022-05-220-1,P-2022-05-220-1-2,CALLAO,CALLAO,CALLAO,PEATÓN,FALLECIDO,,EN EL CENTRO DE SALUD,IDENTIFICADO,PERÚ,67,MASCULINO,,NO CONDUCTOR,NO CONDUCTOR,NO,,SI,MOTOCICLETA,04/05/2022,2022,MAYO,MIÉRCOLES,20,ATROPELLO,NEGLIGENCIA DEL CONDUCTOR,OTRO (NEGLIGENCIA DEL CONDUCTOR),AVENIDA,NO CORRESPONDE,URBANO
A-2022-05-206,V-2022-05-206-1,P-2022-05-206-1-1,LIMA,LIMA,SAN JUAN DE LURIGANCHO,CONDUCTOR,ILESO,,,IDENTIFICADO,PERÚ,22,MASCULINO,,SIN LICENCIA,SIN LICENCIA,SI,NEGATIVO,NO,MINIBUS,06/05/2022,2022,MAYO,VIERNES,13,ATROPELLO,EN PROCESO DE INVESTIGACIÓN,NO CUENTA CON CAUSA ESPECIFICA,AVENIDA,NO CORRESPONDE,URBANO
A-2022-05-206,V-2022-05-206-1,P-2022-05-206-1-2,LIMA,LIMA,SAN JUAN DE LURIGANCHO,PEATÓN,FALLECIDO,,EN EL LUGAR DE LOS HECHOS,IDENTIFICADO,PERÚ,23,MASCULINO,,NO CONDUCTOR,NO CONDUCTOR,SI,NEGATIVO,NO,MINIBUS,06/05/2022,2022,MAYO,VIERNES,13,ATROPELLO,EN PROCESO DE INVESTIGACIÓN,NO CUENTA CON CAUSA ESPECIFICA,AVENIDA,NO CORRESPONDE,URBANO
A-2022-05-207,V-2022-05-207-1,P-2022-05-207-1-1,LIMA,LIMA,SAN MARTIN DE PORRES,CONDUCTOR,ILESO,,,IDENTIFICADO,PERÚ,20,MASCULINO,,SIN DNI IDENTIFICADO,SIN DNI IDENTIFICADO,SI,NEGATIVO,NO,MOTOCICLETA,06/05/2022,2022,MAYO,VIERNES,20,ATROPELLO,EN PROCESO DE INVESTIGACIÓN,NO CUENTA CON CAUSA ESPECIFICA,AVENIDA,NO CORRESPONDE,URBANO
A-2022-05-207,V-2022-05-207-1,P-2022-05-207-1-2,LIMA,LIMA,SAN MARTIN DE PORRES,PEATÓN,FALLECIDO,,EN EL LUGAR DE LOS HECHOS,IDENTIFICADO,PERÚ,84,MASCULINO,,NO CONDUCTOR,NO CONDUCTOR,SI,NEGATIVO,NO,MOTOCICLETA,06/05/2022,2022,MAYO,VIERNES,20,ATROPELLO,EN PROCESO DE INVESTIGACIÓN,NO CUENTA CON CAUSA ESPECIFICA,AVENIDA,NO CORRESPONDE,URBANO
A-2022-05-208,V-2022-05-208-1,P-2022-05-208-1-1,LIMA,LIMA,SANTIAGO DE SURCO,CONDUCTOR,ILESO,,,IDENTIFICADO,PERÚ,57,MASCULINO,SI,VIGENTE,A II B,SI,NEGATIVO,NO,AUTOMÓVIL,07/05/2022,2022,MAYO,SÁBADO,4,ATROPELLO FUGA,EN PROCESO DE INVESTIGACIÓN,NO CUENTA CON CAUSA ESPECIFICA,AVENIDA,NO CORRESPONDE,URBANO
A-2022-05-208,V-2022-05-208-1,P-2022-05-208-1-2,LIMA,LIMA,SANTIAGO DE SURCO,PEATÓN,FALLECIDO,,EN EL LUGAR DE LOS HECHOS,NO IDENTIFICADO,,,MASCULINO,,NO CONDUCTOR,NO CONDUCTOR,SI,NEGATIVO,NO,AUTOMÓVIL,07/05/2022,2022,MAYO,SÁBADO,4,ATROPELLO FUGA,EN PROCESO DE INVESTIGACIÓN,NO CUENTA CON CAUSA ESPECIFICA,AVENIDA,NO CORRESPONDE,URBANO
A-2022-05-210,V-2022-05-210-1,P-2022-05-210-1-1,LIMA,LIMA,LA VICTORIA,CONDUCTOR,ILESO,,,IDENTIFICADO,PERÚ,46,MASCULINO,,VENCIDA,A I,SI,NEGATIVO,NO,AUTOMÓVIL,08/05/2022,2022,MAYO,DOMINGO,2,ATROPELLO,EN PROCESO DE INVESTIGACIÓN,NO CUENTA CON CAUSA ESPECIFICA,AVENIDA,NO CORRESPONDE,URBANO
A-2022-05-210,V-2022-05-210-1,P-2022-05-210-1-2,LIMA,LIMA,LA VICTORIA,PEATÓN,FALLECIDO,,EN EL CENTRO DE SALUD,IDENTIFICADO,PERÚ,55,MASCULINO,,NO CONDUCTOR,NO CONDUCTOR,SI,NEGATIVO,NO,AUTOMÓVIL,08/05/2022,2022,MAYO,DOMINGO,2,ATROPELLO,EN PROCESO DE INVESTIGACIÓN,NO CUENTA CON CAUSA ESPECIFICA,AVENIDA,NO CORRESPONDE,URBANO
A-2022-05-209,V-2022-05-209-1,P-2022-05-209-1-1,LIMA,LIMA,COMAS,CONDUCTOR FUGADO,NO SE CONOCE,,,NO IDENTIFICADO,,,NO INDICA,,FUGADO,FUGADO,,,,STATION WAGON,08/05/2022,2022,MAYO,DOMINGO,12,ATROPELLO FUGA,EN PROCESO DE INVESTIGACIÓN,NO CUENTA CON CAUSA ESPECIFICA,AVENIDA,NO CORRESPONDE,URBANO
A-2022-05-209,V-2022-05-209-1,P-2022-05-209-1-2,LIMA,LIMA,COMAS,PEATÓN,FALLECIDO,,EN EL LUGAR DE LOS HECHOS,IDENTIFICADO,PERÚ,33,MASCULINO,,NO CONDUCTOR,NO CONDUCTOR,SI,NEGATIVO,NO,STATION WAGON,08/05/2022,2022,MAYO,DOMINGO,12,ATROPELLO FUGA,EN PROCESO DE INVESTIGACIÓN,NO CUENTA CON CAUSA ESPECIFICA,AVENIDA,NO CORRESPONDE,URBANO
A-2022-05-211,V-2022-05-211-1,P-2022-05-211-1-1,LIMA,LIMA,SAN BARTOLO,CONDUCTOR,LESIONADO,CENTRO DE SALUD PRIVADO,,IDENTIFICADO,PERÚ,34,MASCULINO,,SIN DNI IDENTIFICADO,SIN DNI IDENTIFICADO,NO,,NO,CAMIONETA PICK UP,09/05/2022,2022,MAYO,LUNES,1,CHOQUE FUGA,EN PROCESO DE INVESTIGACIÓN,NO CUENTA CON CAUSA ESPECIFICA,CARRETERA NACIONAL,PE-1S,NACIONAL
A-2022-05-211,V-2022-05-211-1,P-2022-05-211-1-2,LIMA,LIMA,SAN BARTOLO,PASAJERO,FALLECIDO,,EN EL LUGAR DE LOS HECHOS,IDENTIFICADO,PERÚ,43,FEMENINO,,NO CONDUCTOR,NO CONDUCTOR,NO,,NO,CAMIONETA PICK UP,09/05/2022,2022,MAYO,LUNES,1,CHOQUE FUGA,EN PROCESO DE INVESTIGACIÓN,NO CUENTA CON CAUSA ESPECIFICA,CARRETERA NACIONAL,PE-1S,NACIONAL
A-2022-05-211,V-2022-05-211-2,P-2022-05-211-2-1,LIMA,LIMA,SAN BARTOLO,CONDUCTOR,NO SE CONOCE,,,IDENTIFICADO,PERÚ,48,MASCULINO,SI,VIGENTE,A III C,SI,NEGATIVO,NO,AUTOMÓVIL,09/05/2022,2022,MAYO,LUNES,1,CHOQUE FUGA,EN PROCESO DE INVESTIGACIÓN,NO CUENTA CON CAUSA ESPECIFICA,CARRETERA NACIONAL,PE-1S,NACIONAL
A-2022-05-213,V-2022-05-213-1,P-2022-05-213-1-1,LIMA,LIMA,SAN JUAN DE LURIGANCHO,CONDUCTOR,ILESO,,,IDENTIFICADO,,39,MASCULINO,,VENCIDA,A II B,,,,MINIBUS,12/05/2022,2022,MAYO,JUEVES,22,ATROPELLO,EN PROCESO DE INVESTIGACIÓN,NO CUENTA CON CAUSA ESPECIFICA,AVENIDA,NO CORRESPONDE,URBANO
A-2022-05-213,V-2022-05-213-1,P-2022-05-213-1-2,LIMA,LIMA,SAN JUAN DE LURIGANCHO,PEATÓN,FALLECIDO,,,IDENTIFICADO,,56,MASCULINO,,NO CONDUCTOR,NO CONDUCTOR,,,,MINIBUS,12/05/2022,2022,MAYO,JUEVES,22,ATROPELLO,EN PROCESO DE INVESTIGACIÓN,NO CUENTA CON CAUSA ESPECIFICA,AVENIDA,NO CORRESPONDE,URBANO
A-2022-05-215,V-2022-05-215-1,P-2022-05-215-1-1,LIMA,LIMA,LURIGANCHO,CONDUCTOR,ILESO,,,IDENTIFICADO,,30,MASCULINO,,VIGENTE,A I,,,,CAMIÓN,13/05/2022,2022,MAYO,VIERNES,5,ATROPELLO,EN PROCESO DE INVESTIGACIÓN,NO CUENTA CON CAUSA ESPECIFICA,AVENIDA,NO CORRESPONDE,URBANO
A-2022-05-215,V-2022-05-215-1,P-2022-05-215-1-2,LIMA,LIMA,LURIGANCHO,PEATÓN,FALLECIDO,,,IDENTIFICADO,,46,MASCULINO,,NO CONDUCTOR,NO CONDUCTOR,,,,CAMIÓN,13/05/2022,2022,MAYO,VIERNES,5,ATROPELLO,EN PROCESO DE INVESTIGACIÓN,NO CUENTA CON CAUSA ESPECIFICA,AVENIDA,NO CORRESPONDE,URBANO
A-2022-05-67,V-2022-05-67-1,P-2022-05-67-1-1,CALLAO,CALLAO,CALLAO,CONDUCTOR,ILESO,,,IDENTIFICADO,PERÚ,40,MASCULINO,SI,VIGENTE,A III B,NO,,SI,REMOLCADOR-SEMIREMOLQUE,13/05/2022,2022,MAYO,VIERNES,13,ATROPELLO,IMPRUDENCIA DEL PEATÓN,OTRO (IMPRUDENCIA DEL PEATÓN),AVENIDA,NO CORRESPONDE,URBANO
A-2022-05-67,V-2022-05-67-1,P-2022-05-67-1-2,CALLAO,CALLAO,CALLAO,PEATÓN,FALLECIDO,,EN EL LUGAR DE LOS HECHOS,IDENTIFICADO,PERÚ,13,FEMENINO,,NO CONDUCTOR,NO CONDUCTOR,NO,,NO,REMOLCADOR-SEMIREMOLQUE,13/05/2022,2022,MAYO,VIERNES,13,ATROPELLO,IMPRUDENCIA DEL PEATÓN,OTRO (IMPRUDENCIA DEL PEATÓN),AVENIDA,NO CORRESPONDE,URBANO
A-2022-05-257,V-2022-05-257-1,P-2022-05-257-1-1,LIMA,LIMA,SANTIAGO DE SURCO,CONDUCTOR,ILESO,,,NO IDENTIFICADO,,,MASCULINO,,SIN DNI IDENTIFICADO,SIN DNI IDENTIFICADO,,,,MOTOCICLETA,14/05/2022,2022,MAYO,SÁBADO,12,ATROPELLO,EN PROCESO DE INVESTIGACIÓN,NO CUENTA CON CAUSA ESPECIFICA,AVENIDA,NO CORRESPONDE,URBANO
A-2022-05-257,V-2022-05-257-1,P-2022-05-257-1-2,LIMA,LIMA,SANTIAGO DE SURCO,PEATÓN,FALLECIDO,,,NO IDENTIFICADO,,,FEMENINO,,NO CONDUCTOR,NO CONDUCTOR,,,,MOTOCICLETA,14/05/2022,2022,MAYO,SÁBADO,12,ATROPELLO,EN PROCESO DE INVESTIGACIÓN,NO CUENTA CON CAUSA ESPECIFICA,AVENIDA,NO CORRESPONDE,URBANO
A-2022-05-258,V-2022-05-258-1,P-2022-05-258-1-1,LIMA,LIMA,CHORRILLOS,CONDUCTOR,FALLECIDO,,,NO IDENTIFICADO,,,MASCULINO,,SIN DNI IDENTIFICADO,SIN DNI IDENTIFICADO,,,,MOTOCICLETA,15/05/2022,2022,MAYO,DOMINGO,20,CHOQUE,EN PROCESO DE INVESTIGACIÓN,NO CUENTA CON CAUSA ESPECIFICA,AVENIDA,NO CORRESPONDE,URBANO
A-2022-05-258,V-2022-05-258-1,P-2022-05-258-1-2,LIMA,LIMA,CHORRILLOS,PASAJERO,LESIONADO,,,NO IDENTIFICADO,,,MASCULINO,,NO CONDUCTOR,NO CONDUCTOR,,,,MOTOCICLETA,15/05/2022,2022,MAYO,DOMINGO,20,CHOQUE,EN PROCESO DE INVESTIGACIÓN,NO CUENTA CON CAUSA ESPECIFICA,AVENIDA,NO CORRESPONDE,URBANO
A-2022-05-259,V-2022-05-259-1,P-2022-05-259-1-1,LIMA,LIMA,CARABAYLLO,CONDUCTOR,ILESO,,,NO IDENTIFICADO,,,MASCULINO,,SIN DNI IDENTIFICADO,SIN DNI IDENTIFICADO,,,,CAMIÓN,16/05/2022,2022,MAYO,LUNES,10,CHOQUE,EN PROCESO DE INVESTIGACIÓN,NO CUENTA CON CAUSA ESPECIFICA,AVENIDA,NO CORRESPONDE,URBANO
A-2022-05-259,V-2022-05-259-2,P-2022-05-259-2-1,LIMA,LIMA,CARABAYLLO,CONDUCTOR,FALLECIDO,,,NO IDENTIFICADO,,,FEMENINO,,SIN DNI IDENTIFICADO,SIN DNI IDENTIFICADO,,,,TRIMOTO CARGA,16/05/2022,2022,MAYO,LUNES,10,CHOQUE,EN PROCESO DE INVESTIGACIÓN,NO CUENTA CON CAUSA ESPECIFICA,AVENIDA,NO CORRESPONDE,URBANO
A-2022-05-196,V-2022-05-196-1,P-2022-05-196-1-1,LIMA,LIMA,RIMAC,CONDUCTOR FUGADO,NO SE CONOCE,,,NO IDENTIFICADO,,,NO INDICA,,FUGADO,FUGADO,NO,,NO,VEHICULO NO IDENTIFICADO,17/05/2022,2022,MAYO,MARTES,2,ESPECIAL,EN PROCESO DE INVESTIGACIÓN,NO CUENTA CON CAUSA ESPECIFICA,ALAMEDA,NO CORRESPONDE,URBANO
A-2022-05-196,V-2022-05-196-1,P-2022-05-196-1-2,LIMA,LIMA,RIMAC,PASAJERO,FALLECIDO,,EN EL LUGAR DE LOS HECHOS,NO IDENTIFICADO,,,FEMENINO,,NO CONDUCTOR,NO CONDUCTOR,NO,,NO,VEHICULO NO IDENTIFICADO,17/05/2022,2022,MAYO,MARTES,2,ESPECIAL,EN PROCESO DE INVESTIGACIÓN,NO CUENTA CON CAUSA ESPECIFICA,ALAMEDA,NO CORRESPONDE,URBANO
A-2022-05-260,V-2022-05-260-1,P-2022-05-260-1-1,LIMA,LIMA,SAN JUAN DE LURIGANCHO,CONDUCTOR FUGADO,NO SE CONOCE,,,NO IDENTIFICADO,,,NO INDICA,,FUGADO,FUGADO,,,,VEHICULO NO IDENTIFICADO,18/05/2022,2022,MAYO,MIÉRCOLES,5,ATROPELLO FUGA,EN PROCESO DE INVESTIGACIÓN,NO CUENTA CON CAUSA ESPECIFICA,AVENIDA,NO CORRESPONDE,URBANO
A-2022-05-260,V-2022-05-260-1,P-2022-05-260-1-2,LIMA,LIMA,SAN JUAN DE LURIGANCHO,PEATÓN,FALLECIDO,,,NO IDENTIFICADO,,,NO INDICA,,NO CONDUCTOR,NO CONDUCTOR,,,,VEHICULO NO IDENTIFICADO,18/05/2022,2022,MAYO,MIÉRCOLES,5,ATROPELLO FUGA,EN PROCESO DE INVESTIGACIÓN,NO CUENTA CON CAUSA ESPECIFICA,AVENIDA,NO CORRESPONDE,URBANO
A-2022-05-261,V-2022-05-261-1,P-2022-05-261-1-1,LIMA,LIMA,COMAS,CONDUCTOR,ILESO,,,NO IDENTIFICADO,,,MASCULINO,,SIN DNI IDENTIFICADO,SIN DNI IDENTIFICADO,,,,CAMIONETA PICK UP,22/05/2022,2022,MAYO,DOMINGO,10,DESPISTE,EN PROCESO DE INVESTIGACIÓN,NO CUENTA CON CAUSA ESPECIFICA,AVENIDA,NO CORRESPONDE,URBANO
A-2022-05-261,V-2022-05-261-1,P-2022-05-261-1-2,LIMA,LIMA,COMAS,PEATÓN,FALLECIDO,,,NO IDENTIFICADO,,,FEMENINO,,NO CONDUCTOR,NO CONDUCTOR,,,,CAMIONETA PICK UP,22/05/2022,2022,MAYO,DOMINGO,10,DESPISTE,EN PROCESO DE INVESTIGACIÓN,NO CUENTA CON CAUSA ESPECIFICA,AVENIDA,NO CORRESPONDE,URBANO
A-2022-05-262,V-2022-05-262-1,P-2022-05-262-1-1,LIMA,LIMA,LOS OLIVOS,CONDUCTOR,ILESO,,,NO IDENTIFICADO,,,MASCULINO,,SIN DNI IDENTIFICADO,SIN DNI IDENTIFICADO,,,,AUTOMÓVIL,23/05/2022,2022,MAYO,LUNES,19,ATROPELLO,EN PROCESO DE INVESTIGACIÓN,NO CUENTA CON CAUSA ESPECIFICA,AVENIDA,NO CORRESPONDE,URBANO
A-2022-05-262,V-2022-05-262-1,P-2022-05-262-1-2,LIMA,LIMA,LOS OLIVOS,PEATÓN,FALLECIDO,,,NO IDENTIFICADO,,,MASCULINO,,NO CONDUCTOR,NO CONDUCTOR,,,,AUTOMÓVIL,23/05/2022,2022,MAYO,LUNES,19,ATROPELLO,EN PROCESO DE INVESTIGACIÓN,NO CUENTA CON CAUSA ESPECIFICA,AVENIDA,NO CORRESPONDE,URBANO
A-2022-05-197,V-2022-05-197-1,P-2022-05-197-1-1,LIMA,LIMA,PACHACAMAC,CONDUCTOR FUGADO,NO SE CONOCE,,,NO IDENTIFICADO,,,NO INDICA,,FUGADO,FUGADO,NO,,NO,VEHICULO NO IDENTIFICADO,23/05/2022,2022,MAYO,LUNES,23,ATROPELLO,EN PROCESO DE INVESTIGACIÓN,NO CUENTA CON CAUSA ESPECIFICA,CARRETERA PROVINCIAL,LM-796,PROVINCIAL
A-2022-05-197,V-2022-05-197-1,P-2022-05-197-1-2,LIMA,LIMA,PACHACAMAC,PEATÓN,FALLECIDO,,EN EL LUGAR DE LOS HECHOS,NO IDENTIFICADO,,,NO INDICA,,NO CONDUCTOR,NO CONDUCTOR,NO,,NO,VEHICULO NO IDENTIFICADO,23/05/2022,2022,MAYO,LUNES,23,ATROPELLO,EN PROCESO DE INVESTIGACIÓN,NO CUENTA CON CAUSA ESPECIFICA,CARRETERA PROVINCIAL,LM-796,PROVINCIAL
A-2022-05-263,V-2022-05-263-1,P-2022-05-263-1-1,LIMA,LIMA,ATE,CONDUCTOR FUGADO,NO SE CONOCE,,,NO IDENTIFICADO,,,NO INDICA,,FUGADO,FUGADO,,,,VEHICULO NO IDENTIFICADO,24/05/2022,2022,MAYO,MARTES,5,CHOQUE FUGA,EN PROCESO DE INVESTIGACIÓN,NO CUENTA CON CAUSA ESPECIFICA,CARRETERA PROVINCIAL,LM-718,PROVINCIAL
A-2022-05-263,V-2022-05-263-2,P-2022-05-263-2-1,LIMA,LIMA,ATE,CONDUCTOR,FALLECIDO,,,NO IDENTIFICADO,,,MASCULINO,,VIGENTE,B II C,,,,MOTOCICLETA,24/05/2022,2022,MAYO,MARTES,5,CHOQUE FUGA,EN PROCESO DE INVESTIGACIÓN,NO CUENTA CON CAUSA ESPECIFICA,CARRETERA PROVINCIAL,LM-718,PROVINCIAL
A-2022-05-264,V-2022-05-264-1,P-2022-05-264-1-1,LIMA,LIMA,SAN JUAN DE LURIGANCHO,CONDUCTOR,ILESO,,,NO IDENTIFICADO,,,MASCULINO,,VIGENTE,A III C,,,,REMOLCADOR,26/05/2022,2022,MAYO,JUEVES,9,CHOQUE,EN PROCESO DE INVESTIGACIÓN,NO CUENTA CON CAUSA ESPECIFICA,AVENIDA,NO CORRESPONDE,URBANO
A-2022-05-264,V-2022-05-264-2,P-2022-05-264-2-1,LIMA,LIMA,SAN JUAN DE LURIGANCHO,CONDUCTOR,FALLECIDO,,,NO IDENTIFICADO,,,MASCULINO,,OBSERVADA,B,,,,MOTOCICLETA,26/05/2022,2022,MAYO,JUEVES,9,CHOQUE,EN PROCESO DE INVESTIGACIÓN,NO CUENTA CON CAUSA ESPECIFICA,AVENIDA,NO CORRESPONDE,URBANO
A-2022-05-265,V-2022-05-265-1,P-2022-05-265-1-1,LIMA,LIMA,SAN JUAN DE MIRAFLORES,CONDUCTOR FUGADO,NO SE CONOCE,,,NO IDENTIFICADO,,,NO INDICA,,FUGADO,FUGADO,,,,VEHICULO NO IDENTIFICADO,27/05/2022,2022,MAYO,VIERNES,6,CHOQUE FUGA,EN PROCESO DE INVESTIGACIÓN,NO CUENTA CON CAUSA ESPECIFICA,AVENIDA,NO CORRESPONDE,URBANO
A-2022-05-265,V-2022-05-265-2,P-2022-05-265-2-1,LIMA,LIMA,SAN JUAN DE MIRAFLORES,CONDUCTOR,LESIONADO,,,NO IDENTIFICADO,,,MASCULINO,,SIN DNI IDENTIFICADO,SIN DNI IDENTIFICADO,,,,MOTOCICLETA,27/05/2022,2022,MAYO,VIERNES,6,CHOQUE FUGA,EN PROCESO DE INVESTIGACIÓN,NO CUENTA CON CAUSA ESPECIFICA,AVENIDA,NO CORRESPONDE,URBANO
A-2022-05-265,V-2022-05-265-2,P-2022-05-265-2-2,LIMA,LIMA,SAN JUAN DE MIRAFLORES,PASAJERO,FALLECIDO,,,NO IDENTIFICADO,,,FEMENINO,,NO CONDUCTOR,NO CONDUCTOR,,,,MOTOCICLETA,27/05/2022,2022,MAYO,VIERNES,6,CHOQUE FUGA,EN PROCESO DE INVESTIGACIÓN,NO CUENTA CON CAUSA ESPECIFICA,AVENIDA,NO CORRESPONDE,URBANO
A-2022-05-266,V-2022-05-266-1,P-2022-05-266-1-1,LIMA,LIMA,LURIN,CONDUCTOR,NO SE CONOCE,,,NO IDENTIFICADO,,,MASCULINO,,SIN DNI IDENTIFICADO,SIN DNI IDENTIFICADO,,,,AUTOMÓVIL,28/05/2022,2022,MAYO,SÁBADO,16,CHOQUE,EN PROCESO DE INVESTIGACIÓN,NO CUENTA CON CAUSA ESPECIFICA,CARRETERA PROVINCIAL,LM-797,PROVINCIAL
A-2022-05-266,V-2022-05-266-2,P-2022-05-266-2-1,LIMA,LIMA,LURIN,CONDUCTOR,FALLECIDO,,,NO IDENTIFICADO,,,MASCULINO,,SIN DNI IDENTIFICADO,SIN DNI IDENTIFICADO,,,,CAMIONETA PICK UP,28/05/2022,2022,MAYO,SÁBADO,16,CHOQUE,EN PROCESO DE INVESTIGACIÓN,NO CUENTA CON CAUSA ESPECIFICA,CARRETERA PROVINCIAL,LM-797,PROVINCIAL
A-2022-05-267,V-2022-05-267-1,P-2022-05-267-1-1,LIMA,LIMA,LURIN,CONDUCTOR FUGADO,NO SE CONOCE,,,NO IDENTIFICADO,,,NO INDICA,,FUGADO,FUGADO,,,,VEHICULO NO IDENTIFICADO,30/05/2022,2022,MAYO,LUNES,5,CHOQUE FUGA,EN PROCESO DE INVESTIGACIÓN,NO CUENTA CON CAUSA ESPECIFICA,AVENIDA,NO CORRESPONDE,URBANO
A-2022-05-267,V-2022-05-267-2,P-2022-05-267-2-1,LIMA,LIMA,LURIN,CONDUCTOR,ILESO,,,NO IDENTIFICADO,,,MASCULINO,,SIN DNI IDENTIFICADO,SIN DNI IDENTIFICADO,,,,TRICICLO MOTORIZADO,30/05/2022,2022,MAYO,LUNES,5,CHOQUE FUGA,EN PROCESO DE INVESTIGACIÓN,NO CUENTA CON CAUSA ESPECIFICA,AVENIDA,NO CORRESPONDE,URBANO
A-2022-05-267,V-2022-05-267-2,P-2022-05-267-2-2,LIMA,LIMA,LURIN,PASAJERO,FALLECIDO,,,NO IDENTIFICADO,,,MASCULINO,,NO CONDUCTOR,NO CONDUCTOR,,,,TRICICLO MOTORIZADO,30/05/2022,2022,MAYO,LUNES,5,CHOQUE FUGA,EN PROCESO DE INVESTIGACIÓN,NO CUENTA CON CAUSA ESPECIFICA,AVENIDA,NO CORRESPONDE,URBANO
A-2022-05-167,V-2022-05-167-1,P-2022-05-167-1-1,CALLAO,CALLAO,CALLAO,CONDUCTOR,ILESO,,,IDENTIFICADO,PERÚ,62,MASCULINO,SI,VIGENTE,A I,NO,,SI,AUTOMÓVIL,30/05/2022,2022,MAYO,LUNES,6,ATROPELLO,IMPRUDENCIA DEL CONDUCTOR,EXCESO DE VELOCIDAD,CARRETERA NACIONAL,PE-20,NACIONAL
A-2022-05-167,V-2022-05-167-1,P-2022-05-167-1-2,CALLAO,CALLAO,CALLAO,PEATÓN,FALLECIDO,,EN EL LUGAR DE LOS HECHOS,IDENTIFICADO,PERÚ,67,MASCULINO,,NO CONDUCTOR,NO CONDUCTOR,NO,,SI,AUTOMÓVIL,30/05/2022,2022,MAYO,LUNES,6,ATROPELLO,IMPRUDENCIA DEL CONDUCTOR,EXCESO DE VELOCIDAD,CARRETERA NACIONAL,PE-20,NACIONAL
A-2022-05-268,V-2022-05-268-1,P-2022-05-268-1-1,LIMA,LIMA,LOS OLIVOS,CONDUCTOR,ILESO,,,NO IDENTIFICADO,,,MASCULINO,,SIN DNI IDENTIFICADO,SIN DNI IDENTIFICADO,,,,MOTOCICLETA,31/05/2022,2022,MAYO,MARTES,13,ATROPELLO,EN PROCESO DE INVESTIGACIÓN,NO CUENTA CON CAUSA ESPECIFICA,AVENIDA,NO CORRESPONDE,URBANO
A-2022-05-268,V-2022-05-268-1,P-2022-05-268-1-2,LIMA,LIMA,LOS OLIVOS,PEATÓN,FALLECIDO,,,NO IDENTIFICADO,,,NO INDICA,,NO CONDUCTOR,NO CONDUCTOR,,,,MOTOCICLETA,31/05/2022,2022,MAYO,MARTES,13,ATROPELLO,EN PROCESO DE INVESTIGACIÓN,NO CUENTA CON CAUSA ESPECIFICA,AVENIDA,NO CORRESPONDE,URBANO
A-2022-06-260,V-2022-06-260-1,P-2022-06-260-1-1,LIMA,LIMA,VILLA MARIA DEL TRIUNFO,CONDUCTOR,ILESO,,,NO IDENTIFICADO,,,MASCULINO,,SIN LICENCIA,SIN LICENCIA,,,,MOTOCICLETA,01/06/2022,2022,JUNIO,MIÉRCOLES,7,ATROPELLO,EN PROCESO DE INVESTIGACIÓN,NO CUENTA CON CAUSA ESPECIFICA,AVENIDA,NO CORRESPONDE,URBANO
A-2022-06-260,V-2022-06-260-1,P-2022-06-260-1-2,LIMA,LIMA,VILLA MARIA DEL TRIUNFO,PEATÓN,FALLECIDO,,,NO IDENTIFICADO,,,FEMENINO,,NO CONDUCTOR,NO CONDUCTOR,,,,MOTOCICLETA,01/06/2022,2022,JUNIO,MIÉRCOLES,7,ATROPELLO,EN PROCESO DE INVESTIGACIÓN,NO CUENTA CON CAUSA ESPECIFICA,AVENIDA,NO CORRESPONDE,URBANO
A-2022-06-262,V-2022-06-262-1,P-2022-06-262-1-1,LIMA,LIMA,VILLA MARIA DEL TRIUNFO,CONDUCTOR,ILESO,,,NO IDENTIFICADO,,,MASCULINO,,VENCIDA,B,,,,TRIMOTO PASAJERO,01/06/2022,2022,JUNIO,MIÉRCOLES,11,DESPISTE,EN PROCESO DE INVESTIGACIÓN,NO CUENTA CON CAUSA ESPECIFICA,AVENIDA,NO CORRESPONDE,URBANO
A-2022-06-262,V-2022-06-262-1,P-2022-06-262-1-2,LIMA,LIMA,VILLA MARIA DEL TRIUNFO,PASAJERO,FALLECIDO,,,NO IDENTIFICADO,,,FEMENINO,,NO CONDUCTOR,NO CONDUCTOR,,,,TRIMOTO PASAJERO,01/06/2022,2022,JUNIO,MIÉRCOLES,11,DESPISTE,EN PROCESO DE INVESTIGACIÓN,NO CUENTA CON CAUSA ESPECIFICA,AVENIDA,NO CORRESPONDE,URBANO
A-2022-06-261,V-2022-06-261-1,P-2022-06-261-1-1,LIMA,LIMA,SAN MARTIN DE PORRES,CONDUCTOR,ILESO,,,NO IDENTIFICADO,,,MASCULINO,,SIN DNI IDENTIFICADO,SIN DNI IDENTIFICADO,,,,CAMIÓN,01/06/2022,2022,JUNIO,MIÉRCOLES,13,ATROPELLO,EN PROCESO DE INVESTIGACIÓN,NO CUENTA CON CAUSA ESPECIFICA,AVENIDA,NO CORRESPONDE,URBANO
A-2022-06-261,V-2022-06-261-1,P-2022-06-261-1-2,LIMA,LIMA,SAN MARTIN DE PORRES,PEATÓN,FALLECIDO,,,NO IDENTIFICADO,,,MASCULINO,,NO CONDUCTOR,NO CONDUCTOR,,,,CAMIÓN,01/06/2022,2022,JUNIO,MIÉRCOLES,13,ATROPELLO,EN PROCESO DE INVESTIGACIÓN,NO CUENTA CON CAUSA ESPECIFICA,AVENIDA,NO CORRESPONDE,URBANO
A-2022-06-263,V-2022-06-263-1,P-2022-06-263-1-1,LIMA,LIMA,VILLA EL SALVADOR,CONDUCTOR,ILESO,,,NO IDENTIFICADO,,,MASCULINO,,SIN DNI IDENTIFICADO,SIN DNI IDENTIFICADO,,,,CAMIONETA RURAL,02/06/2022,2022,JUNIO,JUEVES,18,ATROPELLO,EN PROCESO DE INVESTIGACIÓN,NO CUENTA CON CAUSA ESPECIFICA,AVENIDA,NO CORRESPONDE,URBANO
A-2022-06-263,V-2022-06-263-1,P-2022-06-263-1-2,LIMA,LIMA,VILLA EL SALVADOR,PEATÓN,FALLECIDO,,,NO IDENTIFICADO,,,FEMENINO,,NO CONDUCTOR,NO CONDUCTOR,,,,CAMIONETA RURAL,02/06/2022,2022,JUNIO,JUEVES,18,ATROPELLO,EN PROCESO DE INVESTIGACIÓN,NO CUENTA CON CAUSA ESPECIFICA,AVENIDA,NO CORRESPONDE,URBANO
A-2022-06-216,V-2022-06-216-1,P-2022-06-216-1-1,LIMA,LIMA,CHORRILLOS,CONDUCTOR,LESIONADO,CENTRO DE SALUD PÚBLICO,,IDENTIFICADO,PERÚ,24,MASCULINO,SI,VIGENTE,A I,SI,,,AUTOMÓVIL,05/06/2022,2022,JUNIO,DOMINGO,3,CHOQUE,EN PROCESO DE INVESTIGACIÓN,NO CUENTA CON CAUSA ESPECIFICA,AVENIDA,NO CORRESPONDE,URBANO
A-2022-06-216,V-2022-06-216-2,P-2022-06-216-2-1,LIMA,LIMA,CHORRILLOS,CONDUCTOR,FALLECIDO,,EN EL LUGAR DE LOS HECHOS,IDENTIFICADO,VENEZUELA,32,MASCULINO,,SIN LICENCIA,SIN LICENCIA,SI,,,MOTOCICLETA,05/06/2022,2022,JUNIO,DOMINGO,3,CHOQUE,EN PROCESO DE INVESTIGACIÓN,NO CUENTA CON CAUSA ESPECIFICA,AVENIDA,NO CORRESPONDE,URBANO
A-2022-06-215,V-2022-06-215-1,P-2022-06-215-1-1,LIMA,LIMA,CARABAYLLO,CONDUCTOR,ILESO,,,IDENTIFICADO,PERÚ,37,MASCULINO,,VIGENTE,B II C,SI,,,AUTOMÓVIL,05/06/2022,2022,JUNIO,DOMINGO,8,DESPISTE,EN PROCESO DE INVESTIGACIÓN,NO CUENTA CON CAUSA ESPECIFICA,AVENIDA,NO CORRESPONDE,URBANO
A-2022-06-215,V-2022-06-215-1,P-2022-06-215-1-2,LIMA,LIMA,CARABAYLLO,PEATÓN,FALLECIDO,,EN EL LUGAR DE LOS HECHOS,IDENTIFICADO,PERÚ,48,FEMENINO,,NO CONDUCTOR,NO CONDUCTOR,SI,,,AUTOMÓVIL,05/06/2022,2022,JUNIO,DOMINGO,8,DESPISTE,EN PROCESO DE INVESTIGACIÓN,NO CUENTA CON CAUSA ESPECIFICA,AVENIDA,NO CORRESPONDE,URBANO
A-2022-06-215,V-2022-06-215-1,P-2022-06-215-1-3,LIMA,LIMA,CARABAYLLO,PEATÓN,LESIONADO,CENTRO DE SALUD PÚBLICO,,IDENTIFICADO,PERÚ,36,FEMENINO,,NO CONDUCTOR,NO CONDUCTOR,SI,,,AUTOMÓVIL,05/06/2022,2022,JUNIO,DOMINGO,8,DESPISTE,EN PROCESO DE INVESTIGACIÓN,NO CUENTA CON CAUSA ESPECIFICA,AVENIDA,NO CORRESPONDE,URBANO
A-2022-06-217,V-2022-06-217-1,P-2022-06-217-1-1,LIMA,LIMA,ATE,CONDUCTOR,ILESO,,,IDENTIFICADO,PERÚ,29,MASCULINO,SI,VIGENTE,A I,SI,,,AUTOMÓVIL,05/06/2022,2022,JUNIO,DOMINGO,12,CHOQUE,EN PROCESO DE INVESTIGACIÓN,NO CUENTA CON CAUSA ESPECIFICA,AVENIDA,NO CORRESPONDE,URBANO
A-2022-06-217,V-2022-06-217-2,P-2022-06-217-2-1,LIMA,LIMA,ATE,CONDUCTOR,ILESO,,,IDENTIFICADO,PERÚ,25,MASCULINO,SI,VIGENTE,A II B,SI,,,AUTOMÓVIL,05/06/2022,2022,JUNIO,DOMINGO,12,CHOQUE,EN PROCESO DE INVESTIGACIÓN,NO CUENTA CON CAUSA ESPECIFICA,AVENIDA,NO CORRESPONDE,URBANO
A-2022-06-217,V-2022-06-217-2,P-2022-06-217-2-2,LIMA,LIMA,ATE,PASAJERO,LESIONADO,CENTRO DE SALUD PÚBLICO,,IDENTIFICADO,PERÚ,25,FEMENINO,,NO CONDUCTOR,NO CONDUCTOR,SI,,,AUTOMÓVIL,05/06/2022,2022,JUNIO,DOMINGO,12,CHOQUE,EN PROCESO DE INVESTIGACIÓN,NO CUENTA CON CAUSA ESPECIFICA,AVENIDA,NO CORRESPONDE,URBANO
A-2022-06-217,V-2022-06-217-2,P-2022-06-217-2-3,LIMA,LIMA,ATE,PASAJERO,FALLECIDO,,CAMINO AL CENTRO DE SALUD,IDENTIFICADO,PERÚ,1,MASCULINO,,NO CONDUCTOR,NO CONDUCTOR,SI,,,AUTOMÓVIL,05/06/2022,2022,JUNIO,DOMINGO,12,CHOQUE,EN PROCESO DE INVESTIGACIÓN,NO CUENTA CON CAUSA ESPECIFICA,AVENIDA,NO CORRESPONDE,URBANO
A-2022-06-214,V-2022-06-214-1,P-2022-06-214-1-1,LIMA,LIMA,SAN JUAN DE LURIGANCHO,CONDUCTOR,ILESO,,,IDENTIFICADO,PERÚ,43,MASCULINO,SI,VIGENTE,A III A,SI,,,ÓMNIBUS,06/06/2022,2022,JUNIO,LUNES,9,ATROPELLO,EN PROCESO DE INVESTIGACIÓN,NO CUENTA CON CAUSA ESPECIFICA,CARRETERA PROVINCIAL,LM-711,PROVINCIAL
A-2022-06-214,V-2022-06-214-1,P-2022-06-214-1-2,LIMA,LIMA,SAN JUAN DE LURIGANCHO,PEATÓN,FALLECIDO,,EN EL LUGAR DE LOS HECHOS,IDENTIFICADO,PERÚ,79,FEMENINO,,NO CONDUCTOR,NO CONDUCTOR,SI,,,ÓMNIBUS,06/06/2022,2022,JUNIO,LUNES,9,ATROPELLO,EN PROCESO DE INVESTIGACIÓN,NO CUENTA CON CAUSA ESPECIFICA,CARRETERA PROVINCIAL,LM-711,PROVINCIAL
A-2022-06-264,V-2022-06-264-1,P-2022-06-264-1-1,LIMA,LIMA,SANTIAGO DE SURCO,CONDUCTOR,ILESO,,,NO IDENTIFICADO,,,MASCULINO,,VIGENTE,A III C,,,,ÓMNIBUS,06/06/2022,2022,JUNIO,LUNES,9,ATROPELLO,EN PROCESO DE INVESTIGACIÓN,NO CUENTA CON CAUSA ESPECIFICA,AVENIDA,NO CORRESPONDE,URBANO
A-2022-06-264,V-2022-06-264-1,P-2022-06-264-1-2,LIMA,LIMA,SANTIAGO DE SURCO,PEATÓN,FALLECIDO,,,NO IDENTIFICADO,,,FEMENINO,,NO CONDUCTOR,NO CONDUCTOR,,,,ÓMNIBUS,06/06/2022,2022,JUNIO,LUNES,9,ATROPELLO,EN PROCESO DE INVESTIGACIÓN,NO CUENTA CON CAUSA ESPECIFICA,AVENIDA,NO CORRESPONDE,URBANO
A-2022-06-94,V-2022-06-94-1,P-2022-06-94-1-1,CALLAO,CALLAO,CALLAO,CONDUCTOR,ILESO,,,IDENTIFICADO,PERÚ,49,MASCULINO,SI,VIGENTE,A III C,NO,,SI,REMOLCADOR,07/06/2022,2022,JUNIO,MARTES,17,ATROPELLO,IMPRUDENCIA DEL PEATÓN,CRUCE INDEBIDO POR LA CALZADA,CARRETERA NACIONAL,PE-20,NACIONAL
A-2022-06-94,V-2022-06-94-1,P-2022-06-94-1-2,CALLAO,CALLAO,CALLAO,PEATÓN,FALLECIDO,,EN EL LUGAR DE LOS HECHOS,IDENTIFICADO,PERÚ,33,MASCULINO,,NO CONDUCTOR,NO CONDUCTOR,NO,,SI,REMOLCADOR,07/06/2022,2022,JUNIO,MARTES,17,ATROPELLO,IMPRUDENCIA DEL PEATÓN,CRUCE INDEBIDO POR LA CALZADA,CARRETERA NACIONAL,PE-20,NACIONAL
A-2022-06-213,V-2022-06-213-1,P-2022-06-213-1-1,LIMA,LIMA,CIENEGUILLA,CONDUCTOR,LESIONADO,CENTRO DE SALUD PÚBLICO,,IDENTIFICADO,PERÚ,29,MASCULINO,,SIN LICENCIA,SIN LICENCIA,SI,,,OTRO,07/06/2022,2022,JUNIO,MARTES,19,DESPISTE,EN PROCESO DE INVESTIGACIÓN,NO CUENTA CON CAUSA ESPECIFICA,CARRETERA DEPARTAMENTAL,LM-117,DEPARTAMENTAL
A-2022-06-213,V-2022-06-213-1,P-2022-06-213-1-2,LIMA,LIMA,CIENEGUILLA,PASAJERO,FALLECIDO,,EN EL CENTRO DE SALUD,IDENTIFICADO,PERÚ,30,FEMENINO,,NO CONDUCTOR,NO CONDUCTOR,SI,,,OTRO,07/06/2022,2022,JUNIO,MARTES,19,DESPISTE,EN PROCESO DE INVESTIGACIÓN,NO CUENTA CON CAUSA ESPECIFICA,CARRETERA DEPARTAMENTAL,LM-117,DEPARTAMENTAL
A-2022-06-212,V-2022-06-212-1,P-2022-06-212-1-1,LIMA,LIMA,LA VICTORIA,CONDUCTOR,FALLECIDO,,EN EL LUGAR DE LOS HECHOS,IDENTIFICADO,PERÚ,25,MASCULINO,SI,VIGENTE,B II C,SI,,,TRIMOTO PASAJERO,09/06/2022,2022,JUNIO,JUEVES,15,CHOQUE,EN PROCESO DE INVESTIGACIÓN,NO CUENTA CON CAUSA ESPECIFICA,AVENIDA,NO CORRESPONDE,URBANO
A-2022-06-212,V-2022-06-212-1,P-2022-06-212-1-2,LIMA,LIMA,LA VICTORIA,PASAJERO,LESIONADO,CENTRO DE SALUD PÚBLICO,,IDENTIFICADO,PERÚ,44,FEMENINO,,NO CONDUCTOR,NO CONDUCTOR,SI,,,TRIMOTO PASAJERO,09/06/2022,2022,JUNIO,JUEVES,15,CHOQUE,EN PROCESO DE INVESTIGACIÓN,NO CUENTA CON CAUSA ESPECIFICA,AVENIDA,NO CORRESPONDE,URBANO
A-2022-06-212,V-2022-06-212-2,P-2022-06-212-2-1,LIMA,LIMA,LA VICTORIA,CONDUCTOR,ILESO,,,IDENTIFICADO,PERÚ,42,MASCULINO,,VENCIDA,B II C,SI,,,TRIMOTO CARGA,09/06/2022,2022,JUNIO,JUEVES,15,CHOQUE,EN PROCESO DE INVESTIGACIÓN,NO CUENTA CON CAUSA ESPECIFICA,AVENIDA,NO CORRESPONDE,URBANO
A-2022-06-211,V-2022-06-211-1,P-2022-06-211-1-1,LIMA,LIMA,LIMA,CONDUCTOR,ILESO,,,IDENTIFICADO,PERÚ,39,MASCULINO,SI,VIGENTE,A II B,SI,,,AUTOMÓVIL,16/06/2022,2022,JUNIO,JUEVES,1,ATROPELLO,EN PROCESO DE INVESTIGACIÓN,NO CUENTA CON CAUSA ESPECIFICA,AVENIDA,NO CORRESPONDE,URBANO
A-2022-06-211,V-2022-06-211-1,P-2022-06-211-1-2,LIMA,LIMA,LIMA,PEATÓN,FALLECIDO,,EN EL CENTRO DE SALUD,NO IDENTIFICADO,,,MASCULINO,,NO CONDUCTOR,NO CONDUCTOR,SI,,,AUTOMÓVIL,16/06/2022,2022,JUNIO,JUEVES,1,ATROPELLO,EN PROCESO DE INVESTIGACIÓN,NO CUENTA CON CAUSA ESPECIFICA,AVENIDA,NO CORRESPONDE,URBANO
A-2022-06-210,V-2022-06-210-1,P-2022-06-210-1-1,LIMA,LIMA,VILLA EL SALVADOR,CONDUCTOR,ILESO,,,IDENTIFICADO,PERÚ,38,MASCULINO,,SUSPENDIDA,A I,SI,,,CAMIONETA RURAL,16/06/2022,2022,JUNIO,JUEVES,9,ATROPELLO,EN PROCESO DE INVESTIGACIÓN,NO CUENTA CON CAUSA ESPECIFICA,AVENIDA,NO CORRESPONDE,URBANO
A-2022-06-210,V-2022-06-210-1,P-2022-06-210-1-2,LIMA,LIMA,VILLA EL SALVADOR,PEATÓN,FALLECIDO,,EN EL CENTRO DE SALUD,IDENTIFICADO,PERÚ,83,MASCULINO,,NO CONDUCTOR,NO CONDUCTOR,SI,,,CAMIONETA RURAL,16/06/2022,2022,JUNIO,JUEVES,9,ATROPELLO,EN PROCESO DE INVESTIGACIÓN,NO CUENTA CON CAUSA ESPECIFICA,AVENIDA,NO CORRESPONDE,URBANO
A-2022-06-209,V-2022-06-209-1,P-2022-06-209-1-1,LIMA,LIMA,LA VICTORIA,CONDUCTOR,ILESO,,,IDENTIFICADO,PERÚ,66,MASCULINO,SI,VIGENTE,A III C,SI,,,REMOLCADOR-SEMIREMOLQUE,17/06/2022,2022,JUNIO,VIERNES,3,ATROPELLO,EN PROCESO DE INVESTIGACIÓN,NO CUENTA CON CAUSA ESPECIFICA,JIRÓN,NO CORRESPONDE,URBANO
A-2022-06-209,V-2022-06-209-1,P-2022-06-209-1-2,LIMA,LIMA,LA VICTORIA,PEATÓN,FALLECIDO,,EN EL CENTRO DE SALUD,NO IDENTIFICADO,,,MASCULINO,,NO CONDUCTOR,NO CONDUCTOR,SI,,,REMOLCADOR-SEMIREMOLQUE,17/06/2022,2022,JUNIO,VIERNES,3,ATROPELLO,EN PROCESO DE INVESTIGACIÓN,NO CUENTA CON CAUSA ESPECIFICA,JIRÓN,NO CORRESPONDE,URBANO
A-2022-06-206,V-2022-06-206-1,P-2022-06-206-1-1,LIMA,LIMA,ANCON,CONDUCTOR,ILESO,,,IDENTIFICADO,PERÚ,25,MASCULINO,SI,VIGENTE,A I,SI,,,AUTOMÓVIL,18/06/2022,2022,JUNIO,SÁBADO,6,CHOQUE,EN PROCESO DE INVESTIGACIÓN,NO CUENTA CON CAUSA ESPECIFICA,CARRETERA NACIONAL,PE-1N,NACIONAL
A-2022-06-206,V-2022-06-206-1,P-2022-06-206-1-2,LIMA,LIMA,ANCON,PASAJERO,LESIONADO,CENTRO DE SALUD PÚBLICO,,IDENTIFICADO,PERÚ,29,MASCULINO,,NO CONDUCTOR,NO CONDUCTOR,SI,,,AUTOMÓVIL,18/06/2022,2022,JUNIO,SÁBADO,6,CHOQUE,EN PROCESO DE INVESTIGACIÓN,NO CUENTA CON CAUSA ESPECIFICA,CARRETERA NACIONAL,PE-1N,NACIONAL
A-2022-06-206,V-2022-06-206-2,P-2022-06-206-2-1,LIMA,LIMA,ANCON,CONDUCTOR,FALLECIDO,,EN EL LUGAR DE LOS HECHOS,IDENTIFICADO,PERÚ,44,MASCULINO,SI,,A III C,SI,,,TRIMOTO CARGA,18/06/2022,2022,JUNIO,SÁBADO,6,CHOQUE,EN PROCESO DE INVESTIGACIÓN,NO CUENTA CON CAUSA ESPECIFICA,CARRETERA NACIONAL,PE-1N,NACIONAL
A-2022-06-205,V-2022-06-205-1,P-2022-06-205-1-1,LIMA,LIMA,SAN MARTIN DE PORRES,CONDUCTOR,ILESO,,,IDENTIFICADO,PERÚ,51,MASCULINO,SI,VIGENTE,A III A,SI,,,MINIBUS,18/06/2022,2022,JUNIO,SÁBADO,9,ATROPELLO,EN PROCESO DE INVESTIGACIÓN,NO CUENTA CON CAUSA ESPECIFICA,AVENIDA,NO CORRESPONDE,URBANO
A-2022-06-205,V-2022-06-205-1,P-2022-06-205-1-2,LIMA,LIMA,SAN MARTIN DE PORRES,PEATÓN,FALLECIDO,,EN EL LUGAR DE LOS HECHOS,IDENTIFICADO,PERÚ,83,MASCULINO,,NO CONDUCTOR,NO CONDUCTOR,NO,NEGATIVO,,MINIBUS,18/06/2022,2022,JUNIO,SÁBADO,9,ATROPELLO,EN PROCESO DE INVESTIGACIÓN,NO CUENTA CON CAUSA ESPECIFICA,AVENIDA,NO CORRESPONDE,URBANO
A-2022-06-207,V-2022-06-207-1,P-2022-06-207-1-1,LIMA,LIMA,SANTA ANITA,CONDUCTOR,ILESO,,,IDENTIFICADO,PERÚ,73,MASCULINO,SI,VIGENTE,A I,SI,,,CAMIONETA RURAL,18/06/2022,2022,JUNIO,SÁBADO,20,ATROPELLO,EN PROCESO DE INVESTIGACIÓN,NO CUENTA CON CAUSA ESPECIFICA,AVENIDA,NO CORRESPONDE,URBANO
A-2022-06-207,V-2022-06-207-1,P-2022-06-207-1-2,LIMA,LIMA,SANTA ANITA,PEATÓN,FALLECIDO,,EN EL LUGAR DE LOS HECHOS,IDENTIFICADO,PERÚ,44,MASCULINO,,NO CONDUCTOR,NO CONDUCTOR,SI,,,CAMIONETA RURAL,18/06/2022,2022,JUNIO,SÁBADO,20,ATROPELLO,EN PROCESO DE INVESTIGACIÓN,NO CUENTA CON CAUSA ESPECIFICA,AVENIDA,NO CORRESPONDE,URBANO
A-2022-06-208,V-2022-06-208-1,P-2022-06-208-1-1,LIMA,LIMA,SAN JUAN DE LURIGANCHO,CONDUCTOR,ILESO,,,IDENTIFICADO,PERÚ,28,MASCULINO,SI,VIGENTE,A I,SI,,,AUTOMÓVIL,18/06/2022,2022,JUNIO,SÁBADO,23,ATROPELLO,EN PROCESO DE INVESTIGACIÓN,NO CUENTA CON CAUSA ESPECIFICA,AVENIDA,NO CORRESPONDE,URBANO
A-2022-06-208,V-2022-06-208-1,P-2022-06-208-1-2,LIMA,LIMA,SAN JUAN DE LURIGANCHO,PEATÓN,FALLECIDO,,EN EL LUGAR DE LOS HECHOS,NO IDENTIFICADO,PERÚ,,MASCULINO,,NO CONDUCTOR,NO CONDUCTOR,SI,,,AUTOMÓVIL,18/06/2022,2022,JUNIO,SÁBADO,23,ATROPELLO,EN PROCESO DE INVESTIGACIÓN,NO CUENTA CON CAUSA ESPECIFICA,AVENIDA,NO CORRESPONDE,URBANO
A-2022-06-204,V-2022-06-204-1,P-2022-06-204-1-1,LIMA,LIMA,LURIGANCHO,CONDUCTOR FUGADO,NO SE CONOCE,,,NO IDENTIFICADO,,,NO INDICA,,FUGADO,FUGADO,NO,,NO,VEHICULO NO IDENTIFICADO,19/06/2022,2022,JUNIO,DOMINGO,3,ATROPELLO FUGA,EN PROCESO DE INVESTIGACIÓN,NO CUENTA CON CAUSA ESPECIFICA,CARRETERA NACIONAL,PE-22,NACIONAL
A-2022-06-204,V-2022-06-204-1,P-2022-06-204-1-2,LIMA,LIMA,LURIGANCHO,PEATÓN,FALLECIDO,,EN EL LUGAR DE LOS HECHOS,NO IDENTIFICADO,,,MASCULINO,,NO CONDUCTOR,NO CONDUCTOR,NO,,,VEHICULO NO IDENTIFICADO,19/06/2022,2022,JUNIO,DOMINGO,3,ATROPELLO FUGA,EN PROCESO DE INVESTIGACIÓN,NO CUENTA CON CAUSA ESPECIFICA,CARRETERA NACIONAL,PE-22,NACIONAL
A-2022-06-203,V-2022-06-203-1,P-2022-06-203-1-1,LIMA,LIMA,LA VICTORIA,CONDUCTOR FUGADO,NO SE CONOCE,,,NO IDENTIFICADO,,,NO INDICA,,FUGADO,FUGADO,NO,,NO,VEHICULO NO IDENTIFICADO,19/06/2022,2022,JUNIO,DOMINGO,6,ATROPELLO FUGA,EN PROCESO DE INVESTIGACIÓN,NO CUENTA CON CAUSA ESPECIFICA,AVENIDA,NO CORRESPONDE,URBANO
A-2022-06-203,V-2022-06-203-1,P-2022-06-203-1-2,LIMA,LIMA,LA VICTORIA,PEATÓN,FALLECIDO,,EN EL LUGAR DE LOS HECHOS,IDENTIFICADO,PERÚ,65,MASCULINO,,NO CONDUCTOR,NO CONDUCTOR,NO,,,VEHICULO NO IDENTIFICADO,19/06/2022,2022,JUNIO,DOMINGO,6,ATROPELLO FUGA,EN PROCESO DE INVESTIGACIÓN,NO CUENTA CON CAUSA ESPECIFICA,AVENIDA,NO CORRESPONDE,URBANO
A-2022-06-202,V-2022-06-202-1,P-2022-06-202-1-1,LIMA,LIMA,PUENTE PIEDRA,CONDUCTOR FUGADO,NO SE CONOCE,,,NO IDENTIFICADO,,,NO INDICA,,FUGADO,FUGADO,NO,,NO,VEHICULO NO IDENTIFICADO,19/06/2022,2022,JUNIO,DOMINGO,22,ATROPELLO FUGA,EN PROCESO DE INVESTIGACIÓN,NO CUENTA CON CAUSA ESPECIFICA,CARRETERA NACIONAL,PE-1N,NACIONAL
A-2022-06-202,V-2022-06-202-1,P-2022-06-202-1-2,LIMA,LIMA,PUENTE PIEDRA,PEATÓN,FALLECIDO,,EN EL LUGAR DE LOS HECHOS,IDENTIFICADO,PERÚ,49,MASCULINO,,NO CONDUCTOR,NO CONDUCTOR,SI,,,VEHICULO NO IDENTIFICADO,19/06/2022,2022,JUNIO,DOMINGO,22,ATROPELLO FUGA,EN PROCESO DE INVESTIGACIÓN,NO CUENTA CON CAUSA ESPECIFICA,CARRETERA NACIONAL,PE-1N,NACIONAL
A-2022-06-199,V-2022-06-199-1,P-2022-06-199-1-1,LIMA,LIMA,SAN JUAN DE MIRAFLORES,CONDUCTOR FUGADO,NO SE CONOCE,,,NO IDENTIFICADO,,,NO INDICA,,FUGADO,FUGADO,NO,,NO,VEHICULO NO IDENTIFICADO,21/06/2022,2022,JUNIO,MARTES,0,ATROPELLO FUGA,EN PROCESO DE INVESTIGACIÓN,NO CUENTA CON CAUSA ESPECIFICA,CARRETERA NACIONAL,PE-1S,NACIONAL
A-2022-06-199,V-2022-06-199-1,P-2022-06-199-1-2,LIMA,LIMA,SAN JUAN DE MIRAFLORES,PEATÓN,FALLECIDO,,EN EL LUGAR DE LOS HECHOS,NO IDENTIFICADO,,,MASCULINO,,NO CONDUCTOR,NO CONDUCTOR,SI,,,VEHICULO NO IDENTIFICADO,21/06/2022,2022,JUNIO,MARTES,0,ATROPELLO FUGA,EN PROCESO DE INVESTIGACIÓN,NO CUENTA CON CAUSA ESPECIFICA,CARRETERA NACIONAL,PE-1S,NACIONAL
A-2022-06-200,V-2022-06-200-1,P-2022-06-200-1-1,LIMA,LIMA,LOS OLIVOS,CONDUCTOR,ILESO,,,IDENTIFICADO,PERÚ,20,MASCULINO,SI,VIGENTE,A I,SI,,,CAMIÓN,21/06/2022,2022,JUNIO,MARTES,6,DESPISTE,EN PROCESO DE INVESTIGACIÓN,NO CUENTA CON CAUSA ESPECIFICA,AVENIDA,NO CORRESPONDE,URBANO
A-2022-06-200,V-2022-06-200-1,P-2022-06-200-1-2,LIMA,LIMA,LOS OLIVOS,PEATÓN,FALLECIDO,,EN EL CENTRO DE SALUD,IDENTIFICADO,PERÚ,63,FEMENINO,,NO CONDUCTOR,NO CONDUCTOR,SI,,,CAMIÓN,21/06/2022,2022,JUNIO,MARTES,6,DESPISTE,EN PROCESO DE INVESTIGACIÓN,NO CUENTA CON CAUSA ESPECIFICA,AVENIDA,NO CORRESPONDE,URBANO
A-2022-06-201,V-2022-06-201-1,P-2022-06-201-1-1,LIMA,LIMA,LOS OLIVOS,CONDUCTOR,ILESO,,,IDENTIFICADO,PERÚ,44,MASCULINO,SI,VIGENTE,A III A,SI,,,AUTOMÓVIL,21/06/2022,2022,JUNIO,MARTES,15,CHOQUE,EN PROCESO DE INVESTIGACIÓN,NO CUENTA CON CAUSA ESPECIFICA,AVENIDA,NO CORRESPONDE,URBANO
A-2022-06-201,V-2022-06-201-2,P-2022-06-201-2-1,LIMA,LIMA,LOS OLIVOS,CONDUCTOR FUGADO,NO SE CONOCE,,,NO IDENTIFICADO,,,NO INDICA,,FUGADO,FUGADO,NO,,NO,CAMIONETA RURAL,21/06/2022,2022,JUNIO,MARTES,15,CHOQUE,EN PROCESO DE INVESTIGACIÓN,NO CUENTA CON CAUSA ESPECIFICA,AVENIDA,NO CORRESPONDE,URBANO
A-2022-06-201,V-2022-06-201-2,P-2022-06-201-2-2,LIMA,LIMA,LOS OLIVOS,PASAJERO,LESIONADO,CENTRO DE SALUD PÚBLICO,,IDENTIFICADO,PERÚ,28,FEMENINO,,NO CONDUCTOR,NO CONDUCTOR,SI,,,CAMIONETA RURAL,21/06/2022,2022,JUNIO,MARTES,15,CHOQUE,EN PROCESO DE INVESTIGACIÓN,NO CUENTA CON CAUSA ESPECIFICA,AVENIDA,NO CORRESPONDE,URBANO
A-2022-06-201,V-2022-06-201-2,P-2022-06-201-2-3,LIMA,LIMA,LOS OLIVOS,PASAJERO,LESIONADO,CENTRO DE SALUD PÚBLICO,,IDENTIFICADO,PERÚ,31,MASCULINO,,NO CONDUCTOR,NO CONDUCTOR,SI,,,CAMIONETA RURAL,21/06/2022,2022,JUNIO,MARTES,15,CHOQUE,EN PROCESO DE INVESTIGACIÓN,NO CUENTA CON CAUSA ESPECIFICA,AVENIDA,NO CORRESPONDE,URBANO
A-2022-06-201,V-2022-06-201-2,P-2022-06-201-2-4,LIMA,LIMA,LOS OLIVOS,PASAJERO,LESIONADO,CENTRO DE SALUD PÚBLICO,,IDENTIFICADO,PERÚ,41,MASCULINO,,NO CONDUCTOR,NO CONDUCTOR,SI,,,CAMIONETA RURAL,21/06/2022,2022,JUNIO,MARTES,15,CHOQUE,EN PROCESO DE INVESTIGACIÓN,NO CUENTA CON CAUSA ESPECIFICA,AVENIDA,NO CORRESPONDE,URBANO
A-2022-06-201,V-2022-06-201-2,P-2022-06-201-2-5,LIMA,LIMA,LOS OLIVOS,PASAJERO,LESIONADO,CENTRO DE SALUD PÚBLICO,,IDENTIFICADO,PERÚ,34,FEMENINO,,NO CONDUCTOR,NO CONDUCTOR,SI,,,CAMIONETA RURAL,21/06/2022,2022,JUNIO,MARTES,15,CHOQUE,EN PROCESO DE INVESTIGACIÓN,NO CUENTA CON CAUSA ESPECIFICA,AVENIDA,NO CORRESPONDE,URBANO
A-2022-06-201,V-2022-06-201-2,P-2022-06-201-2-6,LIMA,LIMA,LOS OLIVOS,PASAJERO,FALLECIDO,,EN EL LUGAR DE LOS HECHOS,IDENTIFICADO,PERÚ,6,FEMENINO,,NO CONDUCTOR,NO CONDUCTOR,NO,,,CAMIONETA RURAL,21/06/2022,2022,JUNIO,MARTES,15,CHOQUE,EN PROCESO DE INVESTIGACIÓN,NO CUENTA CON CAUSA ESPECIFICA,AVENIDA,NO CORRESPONDE,URBANO
A-2022-06-198,V-2022-06-198-1,P-2022-06-198-1-1,LIMA,LIMA,ATE,CONDUCTOR,ILESO,,,IDENTIFICADO,PERÚ,26,MASCULINO,SI,VIGENTE,B II C,SI,,,TRIMOTO PASAJERO,25/06/2022,2022,JUNIO,SÁBADO,12,ATROPELLO,EN PROCESO DE INVESTIGACIÓN,NO CUENTA CON CAUSA ESPECIFICA,AVENIDA,NO CORRESPONDE,URBANO
A-2022-06-198,V-2022-06-198-1,P-2022-06-198-1-2,LIMA,LIMA,ATE,PEATÓN,FALLECIDO,,EN EL CENTRO DE SALUD,IDENTIFICADO,PERÚ,85,MASCULINO,,NO CONDUCTOR,NO CONDUCTOR,SI,,,TRIMOTO PASAJERO,25/06/2022,2022,JUNIO,SÁBADO,12,ATROPELLO,EN PROCESO DE INVESTIGACIÓN,NO CUENTA CON CAUSA ESPECIFICA,AVENIDA,NO CORRESPONDE,URBANO
A-2022-06-196,V-2022-06-196-1,P-2022-06-196-1-1,LIMA,LIMA,SAN JUAN DE MIRAFLORES,CONDUCTOR,ILESO,,,IDENTIFICADO,PERÚ,28,MASCULINO,SI,VIGENTE,A I,SI,,,AUTOMÓVIL,26/06/2022,2022,JUNIO,DOMINGO,18,ATROPELLO,EN PROCESO DE INVESTIGACIÓN,NO CUENTA CON CAUSA ESPECIFICA,CARRETERA NACIONAL,PE-1S,NACIONAL
A-2022-06-196,V-2022-06-196-1,P-2022-06-196-1-2,LIMA,LIMA,SAN JUAN DE MIRAFLORES,PEATÓN,FALLECIDO,,EN EL LUGAR DE LOS HECHOS,IDENTIFICADO,PERÚ,34,MASCULINO,,NO CONDUCTOR,NO CONDUCTOR,NO,,,AUTOMÓVIL,26/06/2022,2022,JUNIO,DOMINGO,18,ATROPELLO,EN PROCESO DE INVESTIGACIÓN,NO CUENTA CON CAUSA ESPECIFICA,CARRETERA NACIONAL,PE-1S,NACIONAL
A-2022-06-193,V-2022-06-193-1,P-2022-06-193-1-1,LIMA,LIMA,EL AGUSTINO,CONDUCTOR FUGADO,NO SE CONOCE,,,NO IDENTIFICADO,,,NO INDICA,,FUGADO,FUGADO,NO,,NO,VEHICULO NO IDENTIFICADO,27/06/2022,2022,JUNIO,LUNES,1,ATROPELLO FUGA,EN PROCESO DE INVESTIGACIÓN,NO CUENTA CON CAUSA ESPECIFICA,CARRETERA NACIONAL,PE-22,NACIONAL
A-2022-06-193,V-2022-06-193-1,P-2022-06-193-1-2,LIMA,LIMA,EL AGUSTINO,PEATÓN,FALLECIDO,,EN EL LUGAR DE LOS HECHOS,NO IDENTIFICADO,,,MASCULINO,,NO CONDUCTOR,NO CONDUCTOR,NO,,,VEHICULO NO IDENTIFICADO,27/06/2022,2022,JUNIO,LUNES,1,ATROPELLO FUGA,EN PROCESO DE INVESTIGACIÓN,NO CUENTA CON CAUSA ESPECIFICA,CARRETERA NACIONAL,PE-22,NACIONAL
A-2022-06-194,V-2022-06-194-1,P-2022-06-194-1-1,LIMA,LIMA,CHACLACAYO,CONDUCTOR,FALLECIDO,,EN EL LUGAR DE LOS HECHOS,IDENTIFICADO,PERÚ,26,MASCULINO,SI,,A I,NO,,,MOTOCICLETA,27/06/2022,2022,JUNIO,LUNES,2,DESPISTE,EN PROCESO DE INVESTIGACIÓN,NO CUENTA CON CAUSA ESPECIFICA,CARRETERA NACIONAL,PE-22,NACIONAL
A-2022-06-195,V-2022-06-195-1,P-2022-06-195-1-1,LIMA,LIMA,SAN BORJA,CONDUCTOR,FALLECIDO,,EN EL LUGAR DE LOS HECHOS,IDENTIFICADO,PERÚ,34,MASCULINO,,VENCIDA,B II C,SI,,,MOTOCICLETA,27/06/2022,2022,JUNIO,LUNES,3,DESPISTE,EN PROCESO DE INVESTIGACIÓN,NO CUENTA CON CAUSA ESPECIFICA,AVENIDA,NO CORRESPONDE,URBANO
A-2022-06-195,V-2022-06-195-1,P-2022-06-195-1-2,LIMA,LIMA,SAN BORJA,PASAJERO,LESIONADO,CENTRO DE SALUD PRIVADO,,IDENTIFICADO,PERÚ,28,FEMENINO,,NO CONDUCTOR,NO CONDUCTOR,SI,,,MOTOCICLETA,27/06/2022,2022,JUNIO,LUNES,3,DESPISTE,EN PROCESO DE INVESTIGACIÓN,NO CUENTA CON CAUSA ESPECIFICA,AVENIDA,NO CORRESPONDE,URBANO
A-2022-06-191,V-2022-06-191-1,P-2022-06-191-1-1,LIMA,LIMA,LURIN,CONDUCTOR FUGADO,NO SE CONOCE,,,NO IDENTIFICADO,,,NO INDICA,,FUGADO,FUGADO,NO,,NO,VEHICULO NO IDENTIFICADO,28/06/2022,2022,JUNIO,MARTES,5,ATROPELLO FUGA,EN PROCESO DE INVESTIGACIÓN,NO CUENTA CON CAUSA ESPECIFICA,CARRETERA NACIONAL,PE-1S,NACIONAL
A-2022-06-191,V-2022-06-191-1,P-2022-06-191-1-2,LIMA,LIMA,LURIN,PEATÓN,FALLECIDO,,EN EL LUGAR DE LOS HECHOS,NO IDENTIFICADO,,,NO INDICA,,NO CONDUCTOR,NO CONDUCTOR,SI,NEGATIVO,,VEHICULO NO IDENTIFICADO,28/06/2022,2022,JUNIO,MARTES,5,ATROPELLO FUGA,EN PROCESO DE INVESTIGACIÓN,NO CUENTA CON CAUSA ESPECIFICA,CARRETERA NACIONAL,PE-1S,NACIONAL
A-2022-06-192,V-2022-06-192-1,P-2022-06-192-1-1,LIMA,LIMA,VILLA EL SALVADOR,CONDUCTOR,ILESO,,,IDENTIFICADO,PERÚ,67,MASCULINO,SI,VIGENTE,A III C,SI,,,CAMIÓN,28/06/2022,2022,JUNIO,MARTES,13,DESPISTE,EN PROCESO DE INVESTIGACIÓN,NO CUENTA CON CAUSA ESPECIFICA,CARRETERA NACIONAL,PE-1N,NACIONAL
A-2022-06-192,V-2022-06-192-1,P-2022-06-192-1-2,LIMA,LIMA,VILLA EL SALVADOR,PEATÓN,FALLECIDO,,EN EL CENTRO DE SALUD,NO IDENTIFICADO,OTRO,,MASCULINO,,NO CONDUCTOR,NO CONDUCTOR,NO,,,CAMIÓN,28/06/2022,2022,JUNIO,MARTES,13,DESPISTE,EN PROCESO DE INVESTIGACIÓN,NO CUENTA CON CAUSA ESPECIFICA,CARRETERA NACIONAL,PE-1N,NACIONAL
A-2022-06-192,V-2022-06-192-1,P-2022-06-192-1-3,LIMA,LIMA,VILLA EL SALVADOR,PEATÓN,FALLECIDO,,EN EL LUGAR DE LOS HECHOS,IDENTIFICADO,VENEZUELA,20,FEMENINO,,NO CONDUCTOR,NO CONDUCTOR,NO,,,CAMIÓN,28/06/2022,2022,JUNIO,MARTES,13,DESPISTE,EN PROCESO DE INVESTIGACIÓN,NO CUENTA CON CAUSA ESPECIFICA,CARRETERA NACIONAL,PE-1N,NACIONAL
A-2022-06-192,V-2022-06-192-1,P-2022-06-192-1-4,LIMA,LIMA,VILLA EL SALVADOR,PEATÓN,LESIONADO,CENTRO DE SALUD PRIVADO,,IDENTIFICADO,PERÚ,22,MASCULINO,,NO CONDUCTOR,NO CONDUCTOR,NO,,,CAMIÓN,28/06/2022,2022,JUNIO,MARTES,13,DESPISTE,EN PROCESO DE INVESTIGACIÓN,NO CUENTA CON CAUSA ESPECIFICA,CARRETERA NACIONAL,PE-1N,NACIONAL
A-2022-06-192,V-2022-06-192-1,P-2022-06-192-1-5,LIMA,LIMA,VILLA EL SALVADOR,PEATÓN,LESIONADO,CENTRO DE SALUD PRIVADO,,IDENTIFICADO,PERÚ,26,MASCULINO,,NO CONDUCTOR,NO CONDUCTOR,SI,,,CAMIÓN,28/06/2022,2022,JUNIO,MARTES,13,DESPISTE,EN PROCESO DE INVESTIGACIÓN,NO CUENTA CON CAUSA ESPECIFICA,CARRETERA NACIONAL,PE-1N,NACIONAL
A-2022-06-192,V-2022-06-192-2,P-2022-06-192-2-1,LIMA,LIMA,VILLA EL SALVADOR,CONDUCTOR,ILESO,,,IDENTIFICADO,PERÚ,60,MASCULINO,SI,VIGENTE,A II B,SI,,,CAMIÓN,28/06/2022,2022,JUNIO,MARTES,13,DESPISTE,EN PROCESO DE INVESTIGACIÓN,NO CUENTA CON CAUSA ESPECIFICA,CARRETERA NACIONAL,PE-1N,NACIONAL
A-2022-06-190,V-2022-06-190-1,P-2022-06-190-1-1,LIMA,LIMA,MIRAFLORES,CONDUCTOR FUGADO,NO SE CONOCE,,,NO IDENTIFICADO,,,NO INDICA,,FUGADO,FUGADO,NO,,NO,VEHICULO NO IDENTIFICADO,30/06/2022,2022,JUNIO,JUEVES,0,ATROPELLO FUGA,EN PROCESO DE INVESTIGACIÓN,NO CUENTA CON CAUSA ESPECIFICA,OTRO,NO CORRESPONDE,URBANO
A-2022-06-190,V-2022-06-190-1,P-2022-06-190-1-2,LIMA,LIMA,MIRAFLORES,PEATÓN,FALLECIDO,,EN EL LUGAR DE LOS HECHOS,NO IDENTIFICADO,,,FEMENINO,,NO CONDUCTOR,NO CONDUCTOR,SI,,,VEHICULO NO IDENTIFICADO,30/06/2022,2022,JUNIO,JUEVES,0,ATROPELLO FUGA,EN PROCESO DE INVESTIGACIÓN,NO CUENTA CON CAUSA ESPECIFICA,OTRO,NO CORRESPONDE,URBANO
A-2022-06-189,V-2022-06-189-1,P-2022-06-189-1-1,LIMA,LIMA,LURIN,CONDUCTOR FUGADO,NO SE CONOCE,,,NO IDENTIFICADO,,,NO INDICA,,FUGADO,FUGADO,NO,,NO,VEHICULO NO IDENTIFICADO,30/06/2022,2022,JUNIO,JUEVES,1,ATROPELLO FUGA,EN PROCESO DE INVESTIGACIÓN,NO CUENTA CON CAUSA ESPECIFICA,CARRETERA NACIONAL,PE-1S,NACIONAL
A-2022-06-189,V-2022-06-189-1,P-2022-06-189-1-2,LIMA,LIMA,LURIN,PEATÓN,FALLECIDO,,EN EL LUGAR DE LOS HECHOS,NO IDENTIFICADO,,,NO INDICA,,NO CONDUCTOR,NO CONDUCTOR,SI,,,VEHICULO NO IDENTIFICADO,30/06/2022,2022,JUNIO,JUEVES,1,ATROPELLO FUGA,EN PROCESO DE INVESTIGACIÓN,NO CUENTA CON CAUSA ESPECIFICA,CARRETERA NACIONAL,PE-1S,NACIONAL
A-2022-06-188,V-2022-06-188-1,P-2022-06-188-1-1,LIMA,LIMA,ANCON,CONDUCTOR FUGADO,NO SE CONOCE,,,NO IDENTIFICADO,,,NO INDICA,,FUGADO,FUGADO,NO,,NO,VEHICULO NO IDENTIFICADO,30/06/2022,2022,JUNIO,JUEVES,6,ATROPELLO FUGA,EN PROCESO DE INVESTIGACIÓN,NO CUENTA CON CAUSA ESPECIFICA,CARRETERA NACIONAL,PE-1N,NACIONAL
A-2022-06-188,V-2022-06-188-1,P-2022-06-188-1-2,LIMA,LIMA,ANCON,PEATÓN,FALLECIDO,,EN EL LUGAR DE LOS HECHOS,NO IDENTIFICADO,,,NO INDICA,,NO CONDUCTOR,NO CONDUCTOR,SI,,,VEHICULO NO IDENTIFICADO,30/06/2022,2022,JUNIO,JUEVES,6,ATROPELLO FUGA,EN PROCESO DE INVESTIGACIÓN,NO CUENTA CON CAUSA ESPECIFICA,CARRETERA NACIONAL,PE-1N,NACIONAL
A-2022-07-186,V-2022-07-186-1,P-2022-07-186-1-1,LIMA,LIMA,LURIN,CONDUCTOR FUGADO,NO SE CONOCE,,,NO IDENTIFICADO,,,NO INDICA,,FUGADO,FUGADO,,,,VEHICULO NO IDENTIFICADO,02/07/2022,2022,JULIO,SÁBADO,1,ATROPELLO FUGA,EN PROCESO DE INVESTIGACIÓN,NO CUENTA CON CAUSA ESPECIFICA,AVENIDA,NO CORRESPONDE,URBANO
A-2022-07-186,V-2022-07-186-1,P-2022-07-186-1-2,LIMA,LIMA,LURIN,PEATÓN,FALLECIDO,,EN EL LUGAR DE LOS HECHOS,NO IDENTIFICADO,,,NO INDICA,,NO CONDUCTOR,NO CONDUCTOR,NO,,NO,VEHICULO NO IDENTIFICADO,02/07/2022,2022,JULIO,SÁBADO,1,ATROPELLO FUGA,EN PROCESO DE INVESTIGACIÓN,NO CUENTA CON CAUSA ESPECIFICA,AVENIDA,NO CORRESPONDE,URBANO
A-2022-07-187,V-2022-07-187-1,P-2022-07-187-1-1,LIMA,LIMA,PUEBLO LIBRE,CONDUCTOR FUGADO,NO SE CONOCE,,,NO IDENTIFICADO,,,NO INDICA,,FUGADO,FUGADO,,,NO,VEHICULO NO IDENTIFICADO,02/07/2022,2022,JULIO,SÁBADO,2,ATROPELLO FUGA,EN PROCESO DE INVESTIGACIÓN,NO CUENTA CON CAUSA ESPECIFICA,AVENIDA,NO CORRESPONDE,URBANO
A-2022-07-187,V-2022-07-187-1,P-2022-07-187-1-2,LIMA,LIMA,PUEBLO LIBRE,PEATÓN,FALLECIDO,,EN EL LUGAR DE LOS HECHOS,IDENTIFICADO,PERÚ,43,MASCULINO,,NO CONDUCTOR,NO CONDUCTOR,NO,,NO,VEHICULO NO IDENTIFICADO,02/07/2022,2022,JULIO,SÁBADO,2,ATROPELLO FUGA,EN PROCESO DE INVESTIGACIÓN,NO CUENTA CON CAUSA ESPECIFICA,AVENIDA,NO CORRESPONDE,URBANO
A-2022-07-3,V-2022-07-3-1,P-2022-07-3-1-1,CALLAO,CALLAO,CALLAO,CONDUCTOR,ILESO,,,IDENTIFICADO,PERÚ,41,MASCULINO,SI,VIGENTE,A III C,NO,,SI,REMOLCADOR-SEMIREMOLQUE,03/07/2022,2022,JULIO,DOMINGO,10,ATROPELLO,IMPRUDENCIA DEL CONDUCTOR,OTRO (IMPRUDENCIA DEL CONDUCTOR),AVENIDA,NO CORRESPONDE,URBANO
A-2022-07-3,V-2022-07-3-1,P-2022-07-3-1-2,CALLAO,CALLAO,CALLAO,PEATÓN,FALLECIDO,,EN EL LUGAR DE LOS HECHOS,IDENTIFICADO,PERÚ,63,FEMENINO,,NO CONDUCTOR,NO CONDUCTOR,NO,,SI,REMOLCADOR-SEMIREMOLQUE,03/07/2022,2022,JULIO,DOMINGO,10,ATROPELLO,IMPRUDENCIA DEL CONDUCTOR,OTRO (IMPRUDENCIA DEL CONDUCTOR),AVENIDA,NO CORRESPONDE,URBANO
A-2022-07-185,V-2022-07-185-1,P-2022-07-185-1-1,LIMA,LIMA,BARRANCO,CONDUCTOR,FALLECIDO,,EN EL LUGAR DE LOS HECHOS,IDENTIFICADO,MEXICO,39,MASCULINO,,SIN LICENCIA,SIN LICENCIA,NO,,NO,MOTOCICLETA,04/07/2022,2022,JULIO,LUNES,3,CHOQUE CON OBJETO FIJO,EN PROCESO DE INVESTIGACIÓN,NO CUENTA CON CAUSA ESPECIFICA,OTRO,NO CORRESPONDE,URBANO
A-2022-07-184,V-2022-07-184-1,P-2022-07-184-1-1,LIMA,LIMA,CHORRILLOS,CONDUCTOR,FALLECIDO,,EN EL LUGAR DE LOS HECHOS,IDENTIFICADO,PERÚ,38,MASCULINO,,SUSPENDIDA,A II A,NO,,NO,AUTOMÓVIL,05/07/2022,2022,JULIO,MARTES,5,DESPISTE,EN PROCESO DE INVESTIGACIÓN,NO CUENTA CON CAUSA ESPECIFICA,AVENIDA,NO CORRESPONDE,URBANO
A-2022-07-183,V-2022-07-183-1,P-2022-07-183-1-1,LIMA,LIMA,SAN MARTIN DE PORRES,CONDUCTOR,ILESO,,,IDENTIFICADO,PERÚ,30,MASCULINO,SI,VIGENTE,A III B,NO,,NO,CAMIONETA RURAL,05/07/2022,2022,JULIO,MARTES,11,ATROPELLO,EN PROCESO DE INVESTIGACIÓN,NO CUENTA CON CAUSA ESPECIFICA,AVENIDA,NO CORRESPONDE,URBANO
A-2022-07-183,V-2022-07-183-1,P-2022-07-183-1-2,LIMA,LIMA,SAN MARTIN DE PORRES,PEATÓN,FALLECIDO,,EN EL LUGAR DE LOS HECHOS,IDENTIFICADO,PERÚ,24,MASCULINO,,NO CONDUCTOR,NO CONDUCTOR,NO,,NO,CAMIONETA RURAL,05/07/2022,2022,JULIO,MARTES,11,ATROPELLO,EN PROCESO DE INVESTIGACIÓN,NO CUENTA CON CAUSA ESPECIFICA,AVENIDA,NO CORRESPONDE,URBANO
A-2022-07-180,V-2022-07-180-1,P-2022-07-180-1-1,LIMA,LIMA,RIMAC,CONDUCTOR,ILESO,,,IDENTIFICADO,PERÚ,49,MASCULINO,SI,VIGENTE,A III A,NO,,NO,MINIBUS,05/07/2022,2022,JULIO,MARTES,22,ATROPELLO,IMPRUDENCIA DEL CONDUCTOR,CONDUCIR EN SENTIDO CONTRARIO,AVENIDA,NO CORRESPONDE,URBANO
A-2022-07-180,V-2022-07-180-1,P-2022-07-180-1-2,LIMA,LIMA,RIMAC,PEATÓN,FALLECIDO,,EN EL CENTRO DE SALUD,NO IDENTIFICADO,,,MASCULINO,,NO CONDUCTOR,NO CONDUCTOR,NO,,NO,MINIBUS,05/07/2022,2022,JULIO,MARTES,22,ATROPELLO,IMPRUDENCIA DEL CONDUCTOR,CONDUCIR EN SENTIDO CONTRARIO,AVENIDA,NO CORRESPONDE,URBANO
A-2022-07-198,V-2022-07-198-1,P-2022-07-198-1-1,LIMA,LIMA,MIRAFLORES,CONDUCTOR,ILESO,,,IDENTIFICADO,PERÚ,66,FEMENINO,SI,VIGENTE,A I,NO,,NO,AUTOMÓVIL,07/07/2022,2022,JULIO,JUEVES,13,ATROPELLO,EN PROCESO DE INVESTIGACIÓN,NO CUENTA CON CAUSA ESPECIFICA,AVENIDA,NO CORRESPONDE,URBANO
A-2022-07-198,V-2022-07-198-1,P-2022-07-198-1-2,LIMA,LIMA,MIRAFLORES,PEATÓN,FALLECIDO,,EN EL CENTRO DE SALUD,IDENTIFICADO,PERÚ,64,FEMENINO,,NO CONDUCTOR,NO CONDUCTOR,NO,,NO,AUTOMÓVIL,07/07/2022,2022,JULIO,JUEVES,13,ATROPELLO,EN PROCESO DE INVESTIGACIÓN,NO CUENTA CON CAUSA ESPECIFICA,AVENIDA,NO CORRESPONDE,URBANO
A-2022-07-179,V-2022-07-179-1,P-2022-07-179-1-1,LIMA,LIMA,MIRAFLORES,CONDUCTOR,FALLECIDO,,EN EL LUGAR DE LOS HECHOS,IDENTIFICADO,PERÚ,35,MASCULINO,SI,VIGENTE,B II C,NO,,NO,MOTOCICLETA,08/07/2022,2022,JULIO,VIERNES,5,DESPISTE,EN PROCESO DE INVESTIGACIÓN,NO CUENTA CON CAUSA ESPECIFICA,AVENIDA,NO CORRESPONDE,URBANO
A-2022-07-178,V-2022-07-178-1,P-2022-07-178-1-1,LIMA,LIMA,SANTA ANITA,CONDUCTOR,ILESO,,,IDENTIFICADO,PERÚ,60,MASCULINO,SI,VIGENTE,A III C,NO,,NO,REMOLCADOR,10/07/2022,2022,JULIO,DOMINGO,18,ATROPELLO,EN PROCESO DE INVESTIGACIÓN,NO CUENTA CON CAUSA ESPECIFICA,AVENIDA,NO CORRESPONDE,URBANO
A-2022-07-178,V-2022-07-178-1,P-2022-07-178-1-2,LIMA,LIMA,SANTA ANITA,PEATÓN,FALLECIDO,,EN EL LUGAR DE LOS HECHOS,IDENTIFICADO,PERÚ,35,MASCULINO,,NO CONDUCTOR,NO CONDUCTOR,NO,,NO,REMOLCADOR,10/07/2022,2022,JULIO,DOMINGO,18,ATROPELLO,EN PROCESO DE INVESTIGACIÓN,NO CUENTA CON CAUSA ESPECIFICA,AVENIDA,NO CORRESPONDE,URBANO
A-2022-07-238,V-2022-07-238-1,P-2022-07-238-1-1,CALLAO,CALLAO,CALLAO,CONDUCTOR FUGADO,NO SE CONOCE,,,NO IDENTIFICADO,,,NO INDICA,,FUGADO,FUGADO,,,,VEHICULO NO IDENTIFICADO,12/07/2022,2022,JULIO,MARTES,12,ATROPELLO FUGA,EN PROCESO DE INVESTIGACIÓN,NO CUENTA CON CAUSA ESPECIFICA,CALLE,NO CORRESPONDE,URBANO
A-2022-07-238,V-2022-07-238-1,P-2022-07-238-1-2,CALLAO,CALLAO,CALLAO,PEATÓN,FALLECIDO,,EN EL LUGAR DE LOS HECHOS,IDENTIFICADO,PERÚ,65,MASCULINO,,NO CONDUCTOR,NO CONDUCTOR,NO,,SI,VEHICULO NO IDENTIFICADO,12/07/2022,2022,JULIO,MARTES,12,ATROPELLO FUGA,EN PROCESO DE INVESTIGACIÓN,NO CUENTA CON CAUSA ESPECIFICA,CALLE,NO CORRESPONDE,URBANO
A-2022-07-177,V-2022-07-177-1,P-2022-07-177-1-1,LIMA,LIMA,SAN MARTIN DE PORRES,CONDUCTOR FUGADO,NO SE CONOCE,,,NO IDENTIFICADO,,,NO INDICA,,FUGADO,FUGADO,NO,,NO,VEHICULO NO IDENTIFICADO,12/07/2022,2022,JULIO,MARTES,23,ATROPELLO FUGA,EN PROCESO DE INVESTIGACIÓN,NO CUENTA CON CAUSA ESPECIFICA,AVENIDA,NO CORRESPONDE,URBANO
A-2022-07-177,V-2022-07-177-1,P-2022-07-177-1-2,LIMA,LIMA,SAN MARTIN DE PORRES,PEATÓN,FALLECIDO,,EN EL CENTRO DE SALUD,IDENTIFICADO,PERÚ,77,MASCULINO,,NO CONDUCTOR,NO CONDUCTOR,NO,,NO,VEHICULO NO IDENTIFICADO,12/07/2022,2022,JULIO,MARTES,23,ATROPELLO FUGA,EN PROCESO DE INVESTIGACIÓN,NO CUENTA CON CAUSA ESPECIFICA,AVENIDA,NO CORRESPONDE,URBANO
A-2022-07-176,V-2022-07-176-1,P-2022-07-176-1-1,LIMA,LIMA,SAN JUAN DE MIRAFLORES,CONDUCTOR,ILESO,,,IDENTIFICADO,PERÚ,33,MASCULINO,SI,VIGENTE,A III C,NO,,NO,CAMIÓN,13/07/2022,2022,JULIO,MIÉRCOLES,4,CHOQUE,EN PROCESO DE INVESTIGACIÓN,NO CUENTA CON CAUSA ESPECIFICA,AVENIDA,NO CORRESPONDE,URBANO
A-2022-07-176,V-2022-07-176-2,P-2022-07-176-2-1,LIMA,LIMA,SAN JUAN DE MIRAFLORES,CONDUCTOR,FALLECIDO,,EN EL LUGAR DE LOS HECHOS,IDENTIFICADO,PERÚ,62,MASCULINO,SI,VIGENTE,B II C,NO,,NO,TRIMOTO PASAJERO,13/07/2022,2022,JULIO,MIÉRCOLES,4,CHOQUE,EN PROCESO DE INVESTIGACIÓN,NO CUENTA CON CAUSA ESPECIFICA,AVENIDA,NO CORRESPONDE,URBANO
A-2022-07-175,V-2022-07-175-1,P-2022-07-175-1-1,LIMA,LIMA,CHORRILLOS,CONDUCTOR,ILESO,,,IDENTIFICADO,PERÚ,27,MASCULINO,SI,VIGENTE,A III B,NO,,NO,CAMIÓN,13/07/2022,2022,JULIO,MIÉRCOLES,17,CHOQUE FUGA,EN PROCESO DE INVESTIGACIÓN,NO CUENTA CON CAUSA ESPECIFICA,AVENIDA,NO CORRESPONDE,URBANO
A-2022-07-175,V-2022-07-175-2,P-2022-07-175-2-1,LIMA,LIMA,CHORRILLOS,CONDUCTOR FUGADO,NO SE CONOCE,,,NO IDENTIFICADO,,,NO INDICA,,FUGADO,FUGADO,NO,,NO,TRICICLO MOTORIZADO,13/07/2022,2022,JULIO,MIÉRCOLES,17,CHOQUE FUGA,EN PROCESO DE INVESTIGACIÓN,NO CUENTA CON CAUSA ESPECIFICA,AVENIDA,NO CORRESPONDE,URBANO
A-2022-07-175,V-2022-07-175-2,P-2022-07-175-2-2,LIMA,LIMA,CHORRILLOS,PASAJERO,FALLECIDO,,EN EL LUGAR DE LOS HECHOS,IDENTIFICADO,PERÚ,67,FEMENINO,,NO CONDUCTOR,NO CONDUCTOR,NO,,NO,TRICICLO MOTORIZADO,13/07/2022,2022,JULIO,MIÉRCOLES,17,CHOQUE FUGA,EN PROCESO DE INVESTIGACIÓN,NO CUENTA CON CAUSA ESPECIFICA,AVENIDA,NO CORRESPONDE,URBANO
A-2022-07-172,V-2022-07-172-1,P-2022-07-172-1-1,LIMA,LIMA,INDEPENDENCIA,CONDUCTOR,ILESO,,,IDENTIFICADO,PERÚ,44,MASCULINO,SI,VIGENTE,A II B,NO,,NO,STATION WAGON,16/07/2022,2022,JULIO,SÁBADO,14,ATROPELLO,EN PROCESO DE INVESTIGACIÓN,NO CUENTA CON CAUSA ESPECIFICA,CALLE,NO CORRESPONDE,URBANO
A-2022-07-172,V-2022-07-172-1,P-2022-07-172-1-2,LIMA,LIMA,INDEPENDENCIA,PEATÓN,FALLECIDO,,EN EL CENTRO DE SALUD,IDENTIFICADO,PERÚ,1,FEMENINO,,NO CONDUCTOR,NO CONDUCTOR,NO,,NO,STATION WAGON,16/07/2022,2022,JULIO,SÁBADO,14,ATROPELLO,EN PROCESO DE INVESTIGACIÓN,NO CUENTA CON CAUSA ESPECIFICA,CALLE,NO CORRESPONDE,URBANO
A-2022-07-173,V-2022-07-173-1,P-2022-07-173-1-1,LIMA,LIMA,RIMAC,CONDUCTOR,ILESO,,,IDENTIFICADO,PERÚ,58,MASCULINO,SI,VIGENTE,A II A,NO,,NO,AUTOMÓVIL,17/07/2022,2022,JULIO,DOMINGO,0,ATROPELLO,EN PROCESO DE INVESTIGACIÓN,NO CUENTA CON CAUSA ESPECIFICA,CARRETERA NACIONAL,PE-1N,NACIONAL
A-2022-07-173,V-2022-07-173-1,P-2022-07-173-1-2,LIMA,LIMA,RIMAC,PEATÓN,FALLECIDO,,EN EL LUGAR DE LOS HECHOS,NO IDENTIFICADO,,,NO INDICA,,NO CONDUCTOR,NO CONDUCTOR,NO,,NO,AUTOMÓVIL,17/07/2022,2022,JULIO,DOMINGO,0,ATROPELLO,EN PROCESO DE INVESTIGACIÓN,NO CUENTA CON CAUSA ESPECIFICA,CARRETERA NACIONAL,PE-1N,NACIONAL
A-2022-07-171,V-2022-07-171-1,P-2022-07-171-1-1,LIMA,LIMA,VILLA EL SALVADOR,CONDUCTOR FUGADO,NO SE CONOCE,,,NO IDENTIFICADO,,,NO INDICA,,FUGADO,FUGADO,NO,,NO,VEHICULO NO IDENTIFICADO,18/07/2022,2022,JULIO,LUNES,4,ATROPELLO FUGA,EN PROCESO DE INVESTIGACIÓN,NO CUENTA CON CAUSA ESPECIFICA,CARRETERA NACIONAL,PE-1S,NACIONAL
A-2022-07-171,V-2022-07-171-1,P-2022-07-171-1-2,LIMA,LIMA,VILLA EL SALVADOR,PEATÓN,FALLECIDO,,EN EL LUGAR DE LOS HECHOS,NO IDENTIFICADO,,,MASCULINO,,NO CONDUCTOR,NO CONDUCTOR,NO,,NO,VEHICULO NO IDENTIFICADO,18/07/2022,2022,JULIO,LUNES,4,ATROPELLO FUGA,EN PROCESO DE INVESTIGACIÓN,NO CUENTA CON CAUSA ESPECIFICA,CARRETERA NACIONAL,PE-1S,NACIONAL
A-2022-07-170,V-2022-07-170-1,P-2022-07-170-1-1,LIMA,LIMA,SANTA ANITA,CONDUCTOR FUGADO,NO SE CONOCE,,,NO IDENTIFICADO,,,NO INDICA,,FUGADO,FUGADO,NO,,NO,VEHICULO NO IDENTIFICADO,19/07/2022,2022,JULIO,MARTES,20,ATROPELLO FUGA,EN PROCESO DE INVESTIGACIÓN,NO CUENTA CON CAUSA ESPECIFICA,AVENIDA,NO CORRESPONDE,URBANO
A-2022-07-170,V-2022-07-170-1,P-2022-07-170-1-2,LIMA,LIMA,SANTA ANITA,PEATÓN,FALLECIDO,,EN EL LUGAR DE LOS HECHOS,NO IDENTIFICADO,,,MASCULINO,,NO CONDUCTOR,NO CONDUCTOR,NO,,NO,VEHICULO NO IDENTIFICADO,19/07/2022,2022,JULIO,MARTES,20,ATROPELLO FUGA,EN PROCESO DE INVESTIGACIÓN,NO CUENTA CON CAUSA ESPECIFICA,AVENIDA,NO CORRESPONDE,URBANO
A-2022-07-169,V-2022-07-169-1,P-2022-07-169-1-1,LIMA,LIMA,SAN JUAN DE MIRAFLORES,CONDUCTOR,ILESO,,,IDENTIFICADO,PERÚ,75,MASCULINO,SI,VIGENTE,A II B,NO,,NO,AUTOMÓVIL,20/07/2022,2022,JULIO,MIÉRCOLES,11,ATROPELLO,EN PROCESO DE INVESTIGACIÓN,NO CUENTA CON CAUSA ESPECIFICA,AVENIDA,NO CORRESPONDE,URBANO
A-2022-07-169,V-2022-07-169-1,P-2022-07-169-1-2,LIMA,LIMA,SAN JUAN DE MIRAFLORES,PEATÓN,FALLECIDO,,EN EL LUGAR DE LOS HECHOS,IDENTIFICADO,PERÚ,87,MASCULINO,,NO CONDUCTOR,NO CONDUCTOR,NO,,NO,AUTOMÓVIL,20/07/2022,2022,JULIO,MIÉRCOLES,11,ATROPELLO,EN PROCESO DE INVESTIGACIÓN,NO CUENTA CON CAUSA ESPECIFICA,AVENIDA,NO CORRESPONDE,URBANO
A-2022-07-168,V-2022-07-168-1,P-2022-07-168-1-1,LIMA,LIMA,CARABAYLLO,CONDUCTOR,FALLECIDO,,EN EL CENTRO DE SALUD,IDENTIFICADO,PERÚ,21,MASCULINO,,SIN LICENCIA,SIN LICENCIA,NO,,NO,MOTOCICLETA,23/07/2022,2022,JULIO,SÁBADO,16,DESPISTE,EN PROCESO DE INVESTIGACIÓN,NO CUENTA CON CAUSA ESPECIFICA,AVENIDA,NO CORRESPONDE,URBANO
A-2022-07-165,V-2022-07-165-1,P-2022-07-165-1-1,LIMA,LIMA,SANTA ROSA,CONDUCTOR,FALLECIDO,,EN EL LUGAR DE LOS HECHOS,IDENTIFICADO,PERÚ,52,MASCULINO,SI,VIGENTE,A III C,NO,,NO,CAMIONETA RURAL,24/07/2022,2022,JULIO,DOMINGO,17,DESPISTE,EN PROCESO DE INVESTIGACIÓN,NO CUENTA CON CAUSA ESPECIFICA,AVENIDA,NO CORRESPONDE,URBANO
A-2022-07-164,V-2022-07-164-1,P-2022-07-164-1-1,LIMA,LIMA,VILLA EL SALVADOR,CONDUCTOR,ILESO,,,IDENTIFICADO,PERÚ,30,MASCULINO,,VENCIDA,B II C,NO,,NO,TRIMOTO PASAJERO,24/07/2022,2022,JULIO,DOMINGO,20,ATROPELLO,EN PROCESO DE INVESTIGACIÓN,NO CUENTA CON CAUSA ESPECIFICA,AVENIDA,NO CORRESPONDE,URBANO
A-2022-07-164,V-2022-07-164-1,P-2022-07-164-1-2,LIMA,LIMA,VILLA EL SALVADOR,PEATÓN,FALLECIDO,,EN EL LUGAR DE LOS HECHOS,IDENTIFICADO,PERÚ,50,MASCULINO,,NO CONDUCTOR,NO CONDUCTOR,NO,,NO,TRIMOTO PASAJERO,24/07/2022,2022,JULIO,DOMINGO,20,ATROPELLO,EN PROCESO DE INVESTIGACIÓN,NO CUENTA CON CAUSA ESPECIFICA,AVENIDA,NO CORRESPONDE,URBANO
A-2022-07-161,V-2022-07-161-1,P-2022-07-161-1-1,LIMA,LIMA,SAN MARTIN DE PORRES,CONDUCTOR,NO SE CONOCE,,,IDENTIFICADO,PERÚ,23,MASCULINO,SI,,A I,,,,MOTOCICLETA,26/07/2022,2022,JULIO,MARTES,14,CHOQUE,EN PROCESO DE INVESTIGACIÓN,NO CUENTA CON CAUSA ESPECIFICA,AVENIDA,NO CORRESPONDE,URBANO
A-2022-07-161,V-2022-07-161-2,P-2022-07-161-2-1,LIMA,LIMA,SAN MARTIN DE PORRES,CONDUCTOR,FALLECIDO,,EN EL CENTRO DE SALUD,IDENTIFICADO,PERÚ,71,MASCULINO,,NO CORRESPONDE,NO CORRESPONDE,,,,BICICLETA,26/07/2022,2022,JULIO,MARTES,14,CHOQUE,EN PROCESO DE INVESTIGACIÓN,NO CUENTA CON CAUSA ESPECIFICA,AVENIDA,NO CORRESPONDE,URBANO
A-2022-07-275,V-2022-07-275-1,P-2022-07-275-1-1,LIMA,LIMA,LURIN,CONDUCTOR,FALLECIDO,,EN EL LUGAR DE LOS HECHOS,IDENTIFICADO,VENEZUELA,33,MASCULINO,SI,VIGENTE,B I,NO,,NO,MOTOCICLETA,27/07/2022,2022,JULIO,MIÉRCOLES,11,CHOQUE,IMPRUDENCIA DEL CONDUCTOR,OTRO (IMPRUDENCIA DEL CONDUCTOR),CARRETERA NACIONAL,PE-1S,NACIONAL
A-2022-07-275,V-2022-07-275-2,P-2022-07-275-2-1,LIMA,LIMA,LURIN,CONDUCTOR,ILESO,,,IDENTIFICADO,PERÚ,36,MASCULINO,SI,VIGENTE,A II B,NO,,NO,CAMIÓN,27/07/2022,2022,JULIO,MIÉRCOLES,11,CHOQUE,IMPRUDENCIA DEL CONDUCTOR,OTRO (IMPRUDENCIA DEL CONDUCTOR),CARRETERA NACIONAL,PE-1S,NACIONAL
A-2022-07-162,V-2022-07-162-1,P-2022-07-162-1-1,LIMA,LIMA,SAN MIGUEL,CONDUCTOR,NO SE CONOCE,,,NO IDENTIFICADO,,,NO INDICA,,FUGADO,FUGADO,NO,,NO,VEHICULO NO IDENTIFICADO,27/07/2022,2022,JULIO,MIÉRCOLES,22,ATROPELLO,EN PROCESO DE INVESTIGACIÓN,NO CUENTA CON CAUSA ESPECIFICA,OTRO,NO CORRESPONDE,URBANO
A-2022-07-162,V-2022-07-162-1,P-2022-07-162-1-2,LIMA,LIMA,SAN MIGUEL,PEATÓN,FALLECIDO,,EN EL CENTRO DE SALUD,IDENTIFICADO,PERÚ,49,FEMENINO,,NO CONDUCTOR,NO CONDUCTOR,NO,,NO,VEHICULO NO IDENTIFICADO,27/07/2022,2022,JULIO,MIÉRCOLES,22,ATROPELLO,EN PROCESO DE INVESTIGACIÓN,NO CUENTA CON CAUSA ESPECIFICA,OTRO,NO CORRESPONDE,URBANO
A-2022-07-162,V-2022-07-162-2,P-2022-07-162-2-1,LIMA,LIMA,SAN MIGUEL,CONDUCTOR,LESIONADO,CENTRO DE SALUD PÚBLICO,,IDENTIFICADO,VENEZUELA,39,MASCULINO,,SIN LICENCIA,SIN LICENCIA,NO,,NO,MOTOCICLETA,27/07/2022,2022,JULIO,MIÉRCOLES,22,ATROPELLO,EN PROCESO DE INVESTIGACIÓN,NO CUENTA CON CAUSA ESPECIFICA,OTRO,NO CORRESPONDE,URBANO
A-2022-07-163,V-2022-07-163-1,P-2022-07-163-1-1,LIMA,LIMA,RIMAC,CONDUCTOR FUGADO,NO SE CONOCE,,,NO IDENTIFICADO,,,NO INDICA,,FUGADO,FUGADO,NO,,NO,VEHICULO NO IDENTIFICADO,28/07/2022,2022,JULIO,JUEVES,16,ATROPELLO FUGA,EN PROCESO DE INVESTIGACIÓN,NO CUENTA CON CAUSA ESPECIFICA,CARRETERA NACIONAL,PE-1N,NACIONAL
A-2022-07-163,V-2022-07-163-1,P-2022-07-163-1-2,LIMA,LIMA,RIMAC,PEATÓN,FALLECIDO,,EN EL CENTRO DE SALUD,IDENTIFICADO,PERÚ,22,MASCULINO,,NO CONDUCTOR,NO CONDUCTOR,NO,,NO,VEHICULO NO IDENTIFICADO,28/07/2022,2022,JULIO,JUEVES,16,ATROPELLO FUGA,EN PROCESO DE INVESTIGACIÓN,NO CUENTA CON CAUSA ESPECIFICA,CARRETERA NACIONAL,PE-1N,NACIONAL
A-2022-07-160,V-2022-07-160-1,P-2022-07-160-1-1,LIMA,LIMA,CARABAYLLO,CONDUCTOR FUGADO,NO SE CONOCE,,,NO IDENTIFICADO,,,NO INDICA,,FUGADO,FUGADO,NO,,NO,VEHICULO NO IDENTIFICADO,29/07/2022,2022,JULIO,VIERNES,5,ATROPELLO FUGA,EN PROCESO DE INVESTIGACIÓN,NO CUENTA CON CAUSA ESPECIFICA,CARRETERA PROVINCIAL,LM-691,PROVINCIAL
A-2022-07-160,V-2022-07-160-1,P-2022-07-160-1-2,LIMA,LIMA,CARABAYLLO,PEATÓN,FALLECIDO,,EN EL CENTRO DE SALUD,NO IDENTIFICADO,PERÚ,,MASCULINO,,NO CONDUCTOR,NO CONDUCTOR,,,,VEHICULO NO IDENTIFICADO,29/07/2022,2022,JULIO,VIERNES,5,ATROPELLO FUGA,EN PROCESO DE INVESTIGACIÓN,NO CUENTA CON CAUSA ESPECIFICA,CARRETERA PROVINCIAL,LM-691,PROVINCIAL
A-2022-07-276,V-2022-07-276-1,P-2022-07-276-1-1,LIMA,LIMA,LURIN,CONDUCTOR,FALLECIDO,,EN EL LUGAR DE LOS HECHOS,IDENTIFICADO,PERÚ,31,MASCULINO,SI,VIGENTE,A I,,,,AUTOMÓVIL,31/07/2022,2022,JULIO,DOMINGO,22,CHOQUE,EN PROCESO DE INVESTIGACIÓN,NO CUENTA CON CAUSA ESPECIFICA,CARRETERA NACIONAL,PE-1S,NACIONAL
A-2022-07-276,V-2022-07-276-1,P-2022-07-276-1-2,LIMA,LIMA,LURIN,PASAJERO,FALLECIDO,,EN EL LUGAR DE LOS HECHOS,IDENTIFICADO,PERÚ,22,FEMENINO,,NO CONDUCTOR,NO CONDUCTOR,,,,AUTOMÓVIL,31/07/2022,2022,JULIO,DOMINGO,22,CHOQUE,EN PROCESO DE INVESTIGACIÓN,NO CUENTA CON CAUSA ESPECIFICA,CARRETERA NACIONAL,PE-1S,NACIONAL
A-2022-07-276,V-2022-07-276-1,P-2022-07-276-1-3,LIMA,LIMA,LURIN,PASAJERO,LESIONADO,CENTRO DE SALUD PÚBLICO,,IDENTIFICADO,PERÚ,34,MASCULINO,,NO CONDUCTOR,NO CONDUCTOR,,,,AUTOMÓVIL,31/07/2022,2022,JULIO,DOMINGO,22,CHOQUE,EN PROCESO DE INVESTIGACIÓN,NO CUENTA CON CAUSA ESPECIFICA,CARRETERA NACIONAL,PE-1S,NACIONAL
A-2022-07-276,V-2022-07-276-1,P-2022-07-276-1-4,LIMA,LIMA,LURIN,PASAJERO,LESIONADO,CENTRO DE SALUD PÚBLICO,,IDENTIFICADO,PERÚ,51,FEMENINO,,NO CONDUCTOR,NO CONDUCTOR,,,,AUTOMÓVIL,31/07/2022,2022,JULIO,DOMINGO,22,CHOQUE,EN PROCESO DE INVESTIGACIÓN,NO CUENTA CON CAUSA ESPECIFICA,CARRETERA NACIONAL,PE-1S,NACIONAL
A-2022-07-276,V-2022-07-276-1,P-2022-07-276-1-5,LIMA,LIMA,LURIN,PASAJERO,LESIONADO,CENTRO DE SALUD PÚBLICO,,IDENTIFICADO,PERÚ,11,FEMENINO,,NO CONDUCTOR,NO CONDUCTOR,,,,AUTOMÓVIL,31/07/2022,2022,JULIO,DOMINGO,22,CHOQUE,EN PROCESO DE INVESTIGACIÓN,NO CUENTA CON CAUSA ESPECIFICA,CARRETERA NACIONAL,PE-1S,NACIONAL
A-2022-07-276,V-2022-07-276-1,P-2022-07-276-1-6,LIMA,LIMA,LURIN,PASAJERO,LESIONADO,CENTRO DE SALUD PÚBLICO,,IDENTIFICADO,PERÚ,13,FEMENINO,,NO CONDUCTOR,NO CONDUCTOR,,,,AUTOMÓVIL,31/07/2022,2022,JULIO,DOMINGO,22,CHOQUE,EN PROCESO DE INVESTIGACIÓN,NO CUENTA CON CAUSA ESPECIFICA,CARRETERA NACIONAL,PE-1S,NACIONAL
A-2022-07-276,V-2022-07-276-1,P-2022-07-276-1-7,LIMA,LIMA,LURIN,PASAJERO,LESIONADO,CENTRO DE SALUD PÚBLICO,,IDENTIFICADO,PERÚ,24,FEMENINO,,NO CONDUCTOR,NO CONDUCTOR,,,,AUTOMÓVIL,31/07/2022,2022,JULIO,DOMINGO,22,CHOQUE,EN PROCESO DE INVESTIGACIÓN,NO CUENTA CON CAUSA ESPECIFICA,CARRETERA NACIONAL,PE-1S,NACIONAL
A-2022-07-276,V-2022-07-276-1,P-2022-07-276-1-8,LIMA,LIMA,LURIN,PASAJERO,LESIONADO,CENTRO DE SALUD PÚBLICO,,IDENTIFICADO,PERÚ,25,FEMENINO,,NO CONDUCTOR,NO CONDUCTOR,,,,AUTOMÓVIL,31/07/2022,2022,JULIO,DOMINGO,22,CHOQUE,EN PROCESO DE INVESTIGACIÓN,NO CUENTA CON CAUSA ESPECIFICA,CARRETERA NACIONAL,PE-1S,NACIONAL
A-2022-07-276,V-2022-07-276-2,P-2022-07-276-2-1,LIMA,LIMA,LURIN,CONDUCTOR,ILESO,,,IDENTIFICADO,PERÚ,35,MASCULINO,SI,VIGENTE,A III B,,,,REMOLCADOR-SEMIREMOLQUE,31/07/2022,2022,JULIO,DOMINGO,22,CHOQUE,EN PROCESO DE INVESTIGACIÓN,NO CUENTA CON CAUSA ESPECIFICA,CARRETERA NACIONAL,PE-1S,NACIONAL
A-2022-08-1,V-2022-08-1-1,P-2022-08-1-1-1,CALLAO,CALLAO,CALLAO,CONDUCTOR,ILESO,,,IDENTIFICADO,PERÚ,29,MASCULINO,SI,VIGENTE,A II B,NO,,SI,REMOLCADOR-SEMIREMOLQUE,02/08/2022,2022,AGOSTO,MARTES,6,CHOQUE,NEGLIGENCIA DEL CONDUCTOR,OTRO (NEGLIGENCIA DEL CONDUCTOR),AVENIDA,NO CORRESPONDE,URBANO
A-2022-08-1,V-2022-08-1-2,P-2022-08-1-2-1,CALLAO,CALLAO,CALLAO,CONDUCTOR,FALLECIDO,,EN EL LUGAR DE LOS HECHOS,IDENTIFICADO,PERÚ,73,MASCULINO,SI,VIGENTE,A I,NO,,SI,CAMIÓN,02/08/2022,2022,AGOSTO,MARTES,6,CHOQUE,NEGLIGENCIA DEL CONDUCTOR,OTRO (NEGLIGENCIA DEL CONDUCTOR),AVENIDA,NO CORRESPONDE,URBANO
A-2022-08-170,V-2022-08-170-1,P-2022-08-170-1-1,LIMA,LIMA,LA VICTORIA,CONDUCTOR,ILESO,,,IDENTIFICADO,VENEZUELA,43,MASCULINO,SI,VIGENTE,A III C,NO,,NO,ÓMNIBUS,04/08/2022,2022,AGOSTO,JUEVES,15,ATROPELLO,EN PROCESO DE INVESTIGACIÓN,NO CUENTA CON CAUSA ESPECIFICA,AVENIDA,NO CORRESPONDE,URBANO
A-2022-08-170,V-2022-08-170-1,P-2022-08-170-1-2,LIMA,LIMA,LA VICTORIA,PEATÓN,FALLECIDO,,EN EL LUGAR DE LOS HECHOS,IDENTIFICADO,PERÚ,90,MASCULINO,,NO CONDUCTOR,NO CONDUCTOR,NO,,NO,ÓMNIBUS,04/08/2022,2022,AGOSTO,JUEVES,15,ATROPELLO,EN PROCESO DE INVESTIGACIÓN,NO CUENTA CON CAUSA ESPECIFICA,AVENIDA,NO CORRESPONDE,URBANO
A-2022-08-2,V-2022-08-2-1,P-2022-08-2-1-1,CALLAO,CALLAO,VENTANILLA,CONDUCTOR,LESIONADO,OTRO,,IDENTIFICADO,VENEZUELA,22,MASCULINO,,SIN LICENCIA,SIN LICENCIA,SI,NEGATIVO,NO,CAMIÓN,04/08/2022,2022,AGOSTO,JUEVES,23,CAÍDA DE PASAJERO,EN PROCESO DE INVESTIGACIÓN,NO CUENTA CON CAUSA ESPECIFICA,CARRETERA NACIONAL,PE-20,NACIONAL
A-2022-08-2,V-2022-08-2-1,P-2022-08-2-1-2,CALLAO,CALLAO,VENTANILLA,PASAJERO,FALLECIDO,,EN EL CENTRO DE SALUD,IDENTIFICADO,PERÚ,58,FEMENINO,,NO CONDUCTOR,NO CONDUCTOR,SI,NEGATIVO,NO,CAMIÓN,04/08/2022,2022,AGOSTO,JUEVES,23,CAÍDA DE PASAJERO,EN PROCESO DE INVESTIGACIÓN,NO CUENTA CON CAUSA ESPECIFICA,CARRETERA NACIONAL,PE-20,NACIONAL
A-2022-08-169,V-2022-08-169-1,P-2022-08-169-1-1,LIMA,LIMA,SANTA ANITA,CONDUCTOR,ILESO,,,IDENTIFICADO,PERÚ,58,MASCULINO,SI,VIGENTE,A II A,NO,,NO,AUTOMÓVIL,05/08/2022,2022,AGOSTO,VIERNES,18,CHOQUE,EN PROCESO DE INVESTIGACIÓN,NO CUENTA CON CAUSA ESPECIFICA,AVENIDA,NO CORRESPONDE,URBANO
A-2022-08-169,V-2022-08-169-2,P-2022-08-169-2-1,LIMA,LIMA,SANTA ANITA,CONDUCTOR,FALLECIDO,,EN EL LUGAR DE LOS HECHOS,IDENTIFICADO,PERÚ,54,MASCULINO,SI,VIGENTE,B II C,NO,,NO,TRIMOTO PASAJERO,05/08/2022,2022,AGOSTO,VIERNES,18,CHOQUE,EN PROCESO DE INVESTIGACIÓN,NO CUENTA CON CAUSA ESPECIFICA,AVENIDA,NO CORRESPONDE,URBANO
A-2022-08-168,V-2022-08-168-1,P-2022-08-168-1-1,LIMA,LIMA,CHACLACAYO,CONDUCTOR,ILESO,,,IDENTIFICADO,PERÚ,46,MASCULINO,SI,VIGENTE,A II B,NO,,NO,STATION WAGON,07/08/2022,2022,AGOSTO,DOMINGO,22,ATROPELLO,EN PROCESO DE INVESTIGACIÓN,NO CUENTA CON CAUSA ESPECIFICA,CARRETERA NACIONAL,PE-22,NACIONAL
A-2022-08-168,V-2022-08-168-1,P-2022-08-168-1-2,LIMA,LIMA,CHACLACAYO,PEATÓN,FALLECIDO,,EN EL LUGAR DE LOS HECHOS,IDENTIFICADO,PERÚ,20,MASCULINO,,NO CONDUCTOR,NO CONDUCTOR,NO,,NO,STATION WAGON,07/08/2022,2022,AGOSTO,DOMINGO,22,ATROPELLO,EN PROCESO DE INVESTIGACIÓN,NO CUENTA CON CAUSA ESPECIFICA,CARRETERA NACIONAL,PE-22,NACIONAL
A-2022-08-167,V-2022-08-167-1,P-2022-08-167-1-1,LIMA,LIMA,ANCON,CONDUCTOR,ILESO,,,IDENTIFICADO,PERÚ,30,MASCULINO,SI,VIGENTE,A II B,NO,,NO,AUTOMÓVIL,08/08/2022,2022,AGOSTO,LUNES,8,DESPISTE,EN PROCESO DE INVESTIGACIÓN,NO CUENTA CON CAUSA ESPECIFICA,CARRETERA NACIONAL,PE-1N,NACIONAL
A-2022-08-167,V-2022-08-167-1,P-2022-08-167-1-2,LIMA,LIMA,ANCON,PASAJERO,FALLECIDO,,EN EL LUGAR DE LOS HECHOS,IDENTIFICADO,PERÚ,79,FEMENINO,,NO CONDUCTOR,NO CONDUCTOR,NO,,NO,AUTOMÓVIL,08/08/2022,2022,AGOSTO,LUNES,8,DESPISTE,EN PROCESO DE INVESTIGACIÓN,NO CUENTA CON CAUSA ESPECIFICA,CARRETERA NACIONAL,PE-1N,NACIONAL
A-2022-08-102,V-2022-08-102-1,P-2022-08-102-1-1,CALLAO,CALLAO,CALLAO,CONDUCTOR,ILESO,,,IDENTIFICADO,PERÚ,39,MASCULINO,SI,VIGENTE,A III C,NO,,SI,REMOLCADOR-SEMIREMOLQUE,09/08/2022,2022,AGOSTO,MARTES,6,ATROPELLO,EN PROCESO DE INVESTIGACIÓN,NO CUENTA CON CAUSA ESPECIFICA,CARRETERA NACIONAL,PE-20,NACIONAL
A-2022-08-102,V-2022-08-102-1,P-2022-08-102-1-2,CALLAO,CALLAO,CALLAO,PEATÓN,FALLECIDO,,EN EL LUGAR DE LOS HECHOS,IDENTIFICADO,PERÚ,35,FEMENINO,,NO CONDUCTOR,NO CONDUCTOR,NO,,SI,REMOLCADOR-SEMIREMOLQUE,09/08/2022,2022,AGOSTO,MARTES,6,ATROPELLO,EN PROCESO DE INVESTIGACIÓN,NO CUENTA CON CAUSA ESPECIFICA,CARRETERA NACIONAL,PE-20,NACIONAL
A-2022-08-165,V-2022-08-165-1,P-2022-08-165-1-1,LIMA,LIMA,SAN JUAN DE LURIGANCHO,CONDUCTOR,ILESO,,,IDENTIFICADO,PERÚ,41,MASCULINO,SI,VIGENTE,A III C,NO,,NO,MINIBUS,10/08/2022,2022,AGOSTO,MIÉRCOLES,6,ATROPELLO,EN PROCESO DE INVESTIGACIÓN,NO CUENTA CON CAUSA ESPECIFICA,AVENIDA,NO CORRESPONDE,URBANO
A-2022-08-165,V-2022-08-165-1,P-2022-08-165-1-2,LIMA,LIMA,SAN JUAN DE LURIGANCHO,PEATÓN,FALLECIDO,,EN EL CENTRO DE SALUD,IDENTIFICADO,PERÚ,44,FEMENINO,,NO CONDUCTOR,NO CONDUCTOR,NO,,NO,MINIBUS,10/08/2022,2022,AGOSTO,MIÉRCOLES,6,ATROPELLO,EN PROCESO DE INVESTIGACIÓN,NO CUENTA CON CAUSA ESPECIFICA,AVENIDA,NO CORRESPONDE,URBANO
A-2022-08-166,V-2022-08-166-1,P-2022-08-166-1-1,LIMA,LIMA,PUNTA HERMOSA,CONDUCTOR,ILESO,,,IDENTIFICADO,PERÚ,38,MASCULINO,SI,VIGENTE,A III C,NO,,NO,CAMIÓN,10/08/2022,2022,AGOSTO,MIÉRCOLES,7,CHOQUE,IMPRUDENCIA DEL CONDUCTOR,CONDUCIR EN SENTIDO CONTRARIO,AVENIDA,NO CORRESPONDE,URBANO
A-2022-08-166,V-2022-08-166-2,P-2022-08-166-2-1,LIMA,LIMA,PUNTA HERMOSA,CONDUCTOR,ILESO,,,IDENTIFICADO,PERÚ,33,MASCULINO,,SIN LICENCIA,SIN LICENCIA,NO,,NO,TRIMOTO PASAJERO,10/08/2022,2022,AGOSTO,MIÉRCOLES,7,CHOQUE,IMPRUDENCIA DEL CONDUCTOR,CONDUCIR EN SENTIDO CONTRARIO,AVENIDA,NO CORRESPONDE,URBANO
A-2022-08-166,V-2022-08-166-2,P-2022-08-166-2-2,LIMA,LIMA,PUNTA HERMOSA,PASAJERO,FALLECIDO,,EN EL LUGAR DE LOS HECHOS,IDENTIFICADO,PERÚ,46,FEMENINO,,NO CONDUCTOR,NO CONDUCTOR,NO,,NO,TRIMOTO PASAJERO,10/08/2022,2022,AGOSTO,MIÉRCOLES,7,CHOQUE,IMPRUDENCIA DEL CONDUCTOR,CONDUCIR EN SENTIDO CONTRARIO,AVENIDA,NO CORRESPONDE,URBANO
A-2022-08-166,V-2022-08-166-2,P-2022-08-166-2-3,LIMA,LIMA,PUNTA HERMOSA,PASAJERO,FALLECIDO,,EN EL LUGAR DE LOS HECHOS,IDENTIFICADO,PERÚ,14,FEMENINO,,NO CONDUCTOR,NO CONDUCTOR,NO,,NO,TRIMOTO PASAJERO,10/08/2022,2022,AGOSTO,MIÉRCOLES,7,CHOQUE,IMPRUDENCIA DEL CONDUCTOR,CONDUCIR EN SENTIDO CONTRARIO,AVENIDA,NO CORRESPONDE,URBANO
A-2022-08-163,V-2022-08-163-1,P-2022-08-163-1-1,LIMA,LIMA,LOS OLIVOS,CONDUCTOR FUGADO,NO SE CONOCE,,,NO IDENTIFICADO,,,NO INDICA,,FUGADO,FUGADO,NO,,NO,VEHICULO NO IDENTIFICADO,11/08/2022,2022,AGOSTO,JUEVES,0,ATROPELLO FUGA,EN PROCESO DE INVESTIGACIÓN,NO CUENTA CON CAUSA ESPECIFICA,AVENIDA,NO CORRESPONDE,URBANO
A-2022-08-163,V-2022-08-163-1,P-2022-08-163-1-2,LIMA,LIMA,LOS OLIVOS,PEATÓN,FALLECIDO,,EN EL CENTRO DE SALUD,IDENTIFICADO,PERÚ,66,MASCULINO,,NO CONDUCTOR,NO CONDUCTOR,NO,,NO,VEHICULO NO IDENTIFICADO,11/08/2022,2022,AGOSTO,JUEVES,0,ATROPELLO FUGA,EN PROCESO DE INVESTIGACIÓN,NO CUENTA CON CAUSA ESPECIFICA,AVENIDA,NO CORRESPONDE,URBANO
A-2022-08-164,V-2022-08-164-1,P-2022-08-164-1-1,LIMA,LIMA,CHORRILLOS,CONDUCTOR,ILESO,,,IDENTIFICADO,PERÚ,28,MASCULINO,,SIN LICENCIA,SIN LICENCIA,NO,,NO,AUTOMÓVIL,11/08/2022,2022,AGOSTO,JUEVES,4,CHOQUE,EN PROCESO DE INVESTIGACIÓN,NO CUENTA CON CAUSA ESPECIFICA,AVENIDA,NO CORRESPONDE,URBANO
A-2022-08-164,V-2022-08-164-2,P-2022-08-164-2-1,LIMA,LIMA,CHORRILLOS,CONDUCTOR,FALLECIDO,,EN EL LUGAR DE LOS HECHOS,IDENTIFICADO,PERÚ,23,MASCULINO,,SIN LICENCIA,SIN LICENCIA,NO,,NO,MOTOCICLETA,11/08/2022,2022,AGOSTO,JUEVES,4,CHOQUE,EN PROCESO DE INVESTIGACIÓN,NO CUENTA CON CAUSA ESPECIFICA,AVENIDA,NO CORRESPONDE,URBANO
A-2022-08-164,V-2022-08-164-2,P-2022-08-164-2-2,LIMA,LIMA,CHORRILLOS,PASAJERO,LESIONADO,CENTRO DE SALUD PÚBLICO,,IDENTIFICADO,PERÚ,23,MASCULINO,,NO CONDUCTOR,NO CONDUCTOR,NO,,NO,MOTOCICLETA,11/08/2022,2022,AGOSTO,JUEVES,4,CHOQUE,EN PROCESO DE INVESTIGACIÓN,NO CUENTA CON CAUSA ESPECIFICA,AVENIDA,NO CORRESPONDE,URBANO
A-2022-08-162,V-2022-08-162-1,P-2022-08-162-1-1,LIMA,LIMA,SAN JUAN DE LURIGANCHO,CONDUCTOR FUGADO,NO SE CONOCE,,,NO IDENTIFICADO,,,NO INDICA,,FUGADO,FUGADO,NO,,NO,VEHICULO NO IDENTIFICADO,12/08/2022,2022,AGOSTO,VIERNES,19,CHOQUE FUGA,EN PROCESO DE INVESTIGACIÓN,NO CUENTA CON CAUSA ESPECIFICA,JIRÓN,NO CORRESPONDE,URBANO
A-2022-08-162,V-2022-08-162-2,P-2022-08-162-2-1,LIMA,LIMA,SAN JUAN DE LURIGANCHO,CONDUCTOR,FALLECIDO,,EN EL LUGAR DE LOS HECHOS,IDENTIFICADO,PERÚ,33,MASCULINO,,VENCIDA,B II C,NO,,NO,MOTOCICLETA,12/08/2022,2022,AGOSTO,VIERNES,19,CHOQUE FUGA,EN PROCESO DE INVESTIGACIÓN,NO CUENTA CON CAUSA ESPECIFICA,JIRÓN,NO CORRESPONDE,URBANO
A-2022-08-160,V-2022-08-160-1,P-2022-08-160-1-1,LIMA,LIMA,SANTA ANITA,CONDUCTOR,ILESO,,,IDENTIFICADO,PERÚ,30,MASCULINO,SI,VIGENTE,A III A,NO,,NO,ÓMNIBUS,13/08/2022,2022,AGOSTO,SÁBADO,17,ATROPELLO,EN PROCESO DE INVESTIGACIÓN,NO CUENTA CON CAUSA ESPECIFICA,CARRETERA DEPARTAMENTAL,LM-117,DEPARTAMENTAL
A-2022-08-160,V-2022-08-160-1,P-2022-08-160-1-2,LIMA,LIMA,SANTA ANITA,PEATÓN,FALLECIDO,,EN EL LUGAR DE LOS HECHOS,IDENTIFICADO,PERÚ,72,MASCULINO,,NO CONDUCTOR,NO CONDUCTOR,NO,,NO,ÓMNIBUS,13/08/2022,2022,AGOSTO,SÁBADO,17,ATROPELLO,EN PROCESO DE INVESTIGACIÓN,NO CUENTA CON CAUSA ESPECIFICA,CARRETERA DEPARTAMENTAL,LM-117,DEPARTAMENTAL
A-2022-08-155,V-2022-08-155-1,P-2022-08-155-1-1,LIMA,LIMA,CARABAYLLO,CONDUCTOR,LESIONADO,CENTRO DE SALUD PÚBLICO,,IDENTIFICADO,PERÚ,54,MASCULINO,SI,VIGENTE,A III C,NO,,NO,AUTOMÓVIL,13/08/2022,2022,AGOSTO,SÁBADO,18,CHOQUE,EN PROCESO DE INVESTIGACIÓN,NO CUENTA CON CAUSA ESPECIFICA,AVENIDA,NO CORRESPONDE,URBANO
A-2022-08-155,V-2022-08-155-2,P-2022-08-155-2-1,LIMA,LIMA,CARABAYLLO,CONDUCTOR,LESIONADO,CENTRO DE SALUD PÚBLICO,,IDENTIFICADO,PERÚ,28,MASCULINO,SI,VIGENTE,A I,NO,,NO,AUTOMÓVIL,13/08/2022,2022,AGOSTO,SÁBADO,18,CHOQUE,EN PROCESO DE INVESTIGACIÓN,NO CUENTA CON CAUSA ESPECIFICA,AVENIDA,NO CORRESPONDE,URBANO
A-2022-08-155,V-2022-08-155-2,P-2022-08-155-2-2,LIMA,LIMA,CARABAYLLO,PASAJERO,FALLECIDO,,EN EL CENTRO DE SALUD,IDENTIFICADO,PERÚ,58,FEMENINO,,NO CONDUCTOR,NO CONDUCTOR,NO,,NO,AUTOMÓVIL,13/08/2022,2022,AGOSTO,SÁBADO,18,CHOQUE,EN PROCESO DE INVESTIGACIÓN,NO CUENTA CON CAUSA ESPECIFICA,AVENIDA,NO CORRESPONDE,URBANO
A-2022-08-155,V-2022-08-155-2,P-2022-08-155-2-3,LIMA,LIMA,CARABAYLLO,PASAJERO,LESIONADO,CENTRO DE SALUD PÚBLICO,,IDENTIFICADO,PERÚ,26,FEMENINO,,NO CONDUCTOR,NO CONDUCTOR,NO,,NO,AUTOMÓVIL,13/08/2022,2022,AGOSTO,SÁBADO,18,CHOQUE,EN PROCESO DE INVESTIGACIÓN,NO CUENTA CON CAUSA ESPECIFICA,AVENIDA,NO CORRESPONDE,URBANO
A-2022-08-158,V-2022-08-158-1,P-2022-08-158-1-1,LIMA,LIMA,VILLA EL SALVADOR,CONDUCTOR,ILESO,,,IDENTIFICADO,PERÚ,29,MASCULINO,SI,VIGENTE,A II B,NO,,NO,AUTOMÓVIL,14/08/2022,2022,AGOSTO,DOMINGO,5,ATROPELLO,EN PROCESO DE INVESTIGACIÓN,NO CUENTA CON CAUSA ESPECIFICA,CARRETERA NACIONAL,PE-1S,NACIONAL
A-2022-08-158,V-2022-08-158-1,P-2022-08-158-1-2,LIMA,LIMA,VILLA EL SALVADOR,PEATÓN,FALLECIDO,,EN EL LUGAR DE LOS HECHOS,IDENTIFICADO,PERÚ,19,FEMENINO,,NO CONDUCTOR,NO CONDUCTOR,NO,,NO,AUTOMÓVIL,14/08/2022,2022,AGOSTO,DOMINGO,5,ATROPELLO,EN PROCESO DE INVESTIGACIÓN,NO CUENTA CON CAUSA ESPECIFICA,CARRETERA NACIONAL,PE-1S,NACIONAL
A-2022-08-161,V-2022-08-161-1,P-2022-08-161-1-1,LIMA,LIMA,CARABAYLLO,SIN CONDUCTOR,NO SE CONOCE,,,NO IDENTIFICADO,,,MASCULINO,,NO CONDUCTOR,NO CONDUCTOR,NO,,NO,AUTOMÓVIL,14/08/2022,2022,AGOSTO,DOMINGO,5,DESPISTE,EN PROCESO DE INVESTIGACIÓN,NO CUENTA CON CAUSA ESPECIFICA,AVENIDA,NO CORRESPONDE,URBANO
A-2022-08-161,V-2022-08-161-1,P-2022-08-161-1-2,LIMA,LIMA,CARABAYLLO,PASAJERO,FALLECIDO,,EN EL LUGAR DE LOS HECHOS,IDENTIFICADO,PERÚ,20,MASCULINO,,NO CONDUCTOR,NO CONDUCTOR,NO,,NO,AUTOMÓVIL,14/08/2022,2022,AGOSTO,DOMINGO,5,DESPISTE,EN PROCESO DE INVESTIGACIÓN,NO CUENTA CON CAUSA ESPECIFICA,AVENIDA,NO CORRESPONDE,URBANO
A-2022-08-161,V-2022-08-161-1,P-2022-08-161-1-3,LIMA,LIMA,CARABAYLLO,PASAJERO,LESIONADO,CENTRO DE SALUD PÚBLICO,,IDENTIFICADO,PERÚ,46,MASCULINO,,NO CONDUCTOR,NO CONDUCTOR,NO,,NO,AUTOMÓVIL,14/08/2022,2022,AGOSTO,DOMINGO,5,DESPISTE,EN PROCESO DE INVESTIGACIÓN,NO CUENTA CON CAUSA ESPECIFICA,AVENIDA,NO CORRESPONDE,URBANO
A-2022-08-161,V-2022-08-161-2,P-2022-08-161-2-1,LIMA,LIMA,CARABAYLLO,CONDUCTOR,ILESO,,,IDENTIFICADO,PERÚ,47,MASCULINO,SI,VIGENTE,A III A,NO,,NO,CAMIÓN,14/08/2022,2022,AGOSTO,DOMINGO,5,DESPISTE,EN PROCESO DE INVESTIGACIÓN,NO CUENTA CON CAUSA ESPECIFICA,AVENIDA,NO CORRESPONDE,URBANO
A-2022-08-157,V-2022-08-157-1,P-2022-08-157-1-1,LIMA,LIMA,COMAS,CONDUCTOR FUGADO,NO SE CONOCE,,,NO IDENTIFICADO,,,NO INDICA,,FUGADO,FUGADO,NO,,NO,TRIMOTO PASAJERO,14/08/2022,2022,AGOSTO,DOMINGO,10,VOLCADURA,EN PROCESO DE INVESTIGACIÓN,NO CUENTA CON CAUSA ESPECIFICA,AVENIDA,NO CORRESPONDE,URBANO
A-2022-08-157,V-2022-08-157-1,P-2022-08-157-1-2,LIMA,LIMA,COMAS,PASAJERO,FALLECIDO,,EN EL LUGAR DE LOS HECHOS,NO IDENTIFICADO,PERÚ,,MASCULINO,,NO CONDUCTOR,NO CONDUCTOR,NO,,,TRIMOTO PASAJERO,14/08/2022,2022,AGOSTO,DOMINGO,10,VOLCADURA,EN PROCESO DE INVESTIGACIÓN,NO CUENTA CON CAUSA ESPECIFICA,AVENIDA,NO CORRESPONDE,URBANO
A-2022-08-159,V-2022-08-159-1,P-2022-08-159-1-1,LIMA,LIMA,VILLA MARIA DEL TRIUNFO,CONDUCTOR,FALLECIDO,,EN EL LUGAR DE LOS HECHOS,IDENTIFICADO,PERÚ,29,MASCULINO,SI,VIGENTE,B II C,NO,,NO,MOTOCICLETA,14/08/2022,2022,AGOSTO,DOMINGO,22,DESPISTE,EN PROCESO DE INVESTIGACIÓN,NO CUENTA CON CAUSA ESPECIFICA,AVENIDA,NO CORRESPONDE,URBANO
A-2022-08-156,V-2022-08-156-1,P-2022-08-156-1-1,LIMA,LIMA,MAGDALENA DEL MAR,CONDUCTOR,FALLECIDO,,EN EL CENTRO DE SALUD,NO IDENTIFICADO,VENEZUELA,,MASCULINO,,SIN DNI IDENTIFICADO,SIN DNI IDENTIFICADO,NO,,NO,MOTOCICLETA,15/08/2022,2022,AGOSTO,LUNES,0,DESPISTE,EN PROCESO DE INVESTIGACIÓN,NO CUENTA CON CAUSA ESPECIFICA,OTRO,NO CORRESPONDE,URBANO
A-2022-08-156,V-2022-08-156-1,P-2022-08-156-1-2,LIMA,LIMA,MAGDALENA DEL MAR,PASAJERO,LESIONADO,CENTRO DE SALUD PRIVADO,,NO IDENTIFICADO,VENEZUELA,,FEMENINO,,NO CONDUCTOR,NO CONDUCTOR,NO,,NO,MOTOCICLETA,15/08/2022,2022,AGOSTO,LUNES,0,DESPISTE,EN PROCESO DE INVESTIGACIÓN,NO CUENTA CON CAUSA ESPECIFICA,OTRO,NO CORRESPONDE,URBANO
A-2022-08-154,V-2022-08-154-1,P-2022-08-154-1-1,LIMA,LIMA,VILLA MARIA DEL TRIUNFO,CONDUCTOR,ILESO,,,IDENTIFICADO,PERÚ,38,MASCULINO,SI,VIGENTE,A III C,NO,,NO,MINIBUS,17/08/2022,2022,AGOSTO,MIÉRCOLES,6,CHOQUE,EN PROCESO DE INVESTIGACIÓN,NO CUENTA CON CAUSA ESPECIFICA,AVENIDA,NO CORRESPONDE,URBANO
A-2022-08-154,V-2022-08-154-2,P-2022-08-154-2-1,LIMA,LIMA,VILLA MARIA DEL TRIUNFO,CONDUCTOR,FALLECIDO,,EN EL LUGAR DE LOS HECHOS,IDENTIFICADO,PERÚ,25,MASCULINO,SI,VIGENTE,B II C,NO,,NO,TRIMOTO PASAJERO,17/08/2022,2022,AGOSTO,MIÉRCOLES,6,CHOQUE,EN PROCESO DE INVESTIGACIÓN,NO CUENTA CON CAUSA ESPECIFICA,AVENIDA,NO CORRESPONDE,URBANO
A-2022-08-154,V-2022-08-154-2,P-2022-08-154-2-2,LIMA,LIMA,VILLA MARIA DEL TRIUNFO,PASAJERO,FALLECIDO,,EN EL LUGAR DE LOS HECHOS,NO IDENTIFICADO,,,NO INDICA,,NO CONDUCTOR,NO CONDUCTOR,NO,,NO,TRIMOTO PASAJERO,17/08/2022,2022,AGOSTO,MIÉRCOLES,6,CHOQUE,EN PROCESO DE INVESTIGACIÓN,NO CUENTA CON CAUSA ESPECIFICA,AVENIDA,NO CORRESPONDE,URBANO
A-2022-08-153,V-2022-08-153-1,P-2022-08-153-1-1,LIMA,LIMA,LOS OLIVOS,CONDUCTOR,ILESO,,,IDENTIFICADO,PERÚ,51,MASCULINO,SI,VIGENTE,A III C,NO,,NO,ÓMNIBUS,19/08/2022,2022,AGOSTO,VIERNES,3,CHOQUE,EN PROCESO DE INVESTIGACIÓN,NO CUENTA CON CAUSA ESPECIFICA,AVENIDA,NO CORRESPONDE,URBANO
A-2022-08-153,V-2022-08-153-2,P-2022-08-153-2-1,LIMA,LIMA,LOS OLIVOS,CONDUCTOR,NO SE CONOCE,,,IDENTIFICADO,PERÚ,26,MASCULINO,SI,VIGENTE,B II C,NO,,NO,MOTOCICLETA,19/08/2022,2022,AGOSTO,VIERNES,3,CHOQUE,EN PROCESO DE INVESTIGACIÓN,NO CUENTA CON CAUSA ESPECIFICA,AVENIDA,NO CORRESPONDE,URBANO
A-2022-08-153,V-2022-08-153-2,P-2022-08-153-2-2,LIMA,LIMA,LOS OLIVOS,PASAJERO,FALLECIDO,,EN EL LUGAR DE LOS HECHOS,IDENTIFICADO,PERÚ,23,FEMENINO,,NO CONDUCTOR,NO CONDUCTOR,NO,,NO,MOTOCICLETA,19/08/2022,2022,AGOSTO,VIERNES,3,CHOQUE,EN PROCESO DE INVESTIGACIÓN,NO CUENTA CON CAUSA ESPECIFICA,AVENIDA,NO CORRESPONDE,URBANO
A-2022-08-150,V-2022-08-150-1,P-2022-08-150-1-1,LIMA,LIMA,ATE,CONDUCTOR,ILESO,,,IDENTIFICADO,PERÚ,35,MASCULINO,SI,VIGENTE,A II A,NO,,NO,CAMIÓN,19/08/2022,2022,AGOSTO,VIERNES,15,CAÍDA DE PASAJERO,EN PROCESO DE INVESTIGACIÓN,NO CUENTA CON CAUSA ESPECIFICA,CALLE,NO CORRESPONDE,URBANO
A-2022-08-150,V-2022-08-150-1,P-2022-08-150-1-2,LIMA,LIMA,ATE,PASAJERO,FALLECIDO,,EN EL LUGAR DE LOS HECHOS,IDENTIFICADO,PERÚ,27,MASCULINO,,NO CONDUCTOR,NO CONDUCTOR,NO,,NO,CAMIÓN,19/08/2022,2022,AGOSTO,VIERNES,15,CAÍDA DE PASAJERO,EN PROCESO DE INVESTIGACIÓN,NO CUENTA CON CAUSA ESPECIFICA,CALLE,NO CORRESPONDE,URBANO
A-2022-08-151,V-2022-08-151-1,P-2022-08-151-1-1,LIMA,LIMA,SAN JUAN DE LURIGANCHO,CONDUCTOR,FALLECIDO,,EN EL LUGAR DE LOS HECHOS,IDENTIFICADO,PERÚ,32,MASCULINO,SI,VIGENTE,B II C,NO,,NO,MOTOCICLETA,20/08/2022,2022,AGOSTO,SÁBADO,18,DESPISTE,EN PROCESO DE INVESTIGACIÓN,NO CUENTA CON CAUSA ESPECIFICA,AVENIDA,NO CORRESPONDE,URBANO
A-2022-08-152,V-2022-08-152-1,P-2022-08-152-1-1,LIMA,LIMA,LOS OLIVOS,CONDUCTOR FUGADO,NO SE CONOCE,,,NO IDENTIFICADO,,,NO INDICA,,FUGADO,FUGADO,NO,,NO,VEHICULO NO IDENTIFICADO,21/08/2022,2022,AGOSTO,DOMINGO,18,ATROPELLO FUGA,EN PROCESO DE INVESTIGACIÓN,NO CUENTA CON CAUSA ESPECIFICA,AVENIDA,NO CORRESPONDE,URBANO
A-2022-08-152,V-2022-08-152-1,P-2022-08-152-1-2,LIMA,LIMA,LOS OLIVOS,PEATÓN,FALLECIDO,,EN EL LUGAR DE LOS HECHOS,IDENTIFICADO,PERÚ,81,MASCULINO,,NO CONDUCTOR,NO CONDUCTOR,NO,,NO,VEHICULO NO IDENTIFICADO,21/08/2022,2022,AGOSTO,DOMINGO,18,ATROPELLO FUGA,EN PROCESO DE INVESTIGACIÓN,NO CUENTA CON CAUSA ESPECIFICA,AVENIDA,NO CORRESPONDE,URBANO
A-2022-08-212,V-2022-08-212-1,P-2022-08-212-1-1,CALLAO,CALLAO,VENTANILLA,CONDUCTOR,FALLECIDO,,EN EL LUGAR DE LOS HECHOS,IDENTIFICADO,PERÚ,35,MASCULINO,SI,VIGENTE,B II C,NO,,SI,MOTOCICLETA,23/08/2022,2022,AGOSTO,MARTES,8,VOLCADURA,IMPRUDENCIA DEL CONDUCTOR,EXCESO DE VELOCIDAD,AVENIDA,NO CORRESPONDE,URBANO
A-2022-08-149,V-2022-08-149-1,P-2022-08-149-1-1,LIMA,LIMA,EL AGUSTINO,CONDUCTOR,FALLECIDO,,EN EL LUGAR DE LOS HECHOS,IDENTIFICADO,PERÚ,20,MASCULINO,,SIN LICENCIA,SIN LICENCIA,NO,,NO,MOTOCICLETA,23/08/2022,2022,AGOSTO,MARTES,13,CHOQUE,EN PROCESO DE INVESTIGACIÓN,NO CUENTA CON CAUSA ESPECIFICA,CARRETERA NACIONAL,PE-1N,NACIONAL
A-2022-08-149,V-2022-08-149-2,P-2022-08-149-2-1,LIMA,LIMA,EL AGUSTINO,CONDUCTOR FUGADO,NO SE CONOCE,,,NO IDENTIFICADO,,,NO INDICA,,FUGADO,FUGADO,NO,,NO,VEHICULO NO IDENTIFICADO,23/08/2022,2022,AGOSTO,MARTES,13,CHOQUE,EN PROCESO DE INVESTIGACIÓN,NO CUENTA CON CAUSA ESPECIFICA,CARRETERA NACIONAL,PE-1N,NACIONAL
A-2022-08-148,V-2022-08-148-1,P-2022-08-148-1-1,LIMA,LIMA,ATE,CONDUCTOR,ILESO,,,IDENTIFICADO,PERÚ,39,MASCULINO,SI,VIGENTE,A III C,NO,,NO,ÓMNIBUS,25/08/2022,2022,AGOSTO,JUEVES,9,ATROPELLO,EN PROCESO DE INVESTIGACIÓN,NO CUENTA CON CAUSA ESPECIFICA,CARRETERA NACIONAL,PE-22,NACIONAL
A-2022-08-148,V-2022-08-148-1,P-2022-08-148-1-2,LIMA,LIMA,ATE,PEATÓN,FALLECIDO,,EN EL CENTRO DE SALUD,IDENTIFICADO,PERÚ,60,FEMENINO,,NO CONDUCTOR,NO CONDUCTOR,NO,,NO,ÓMNIBUS,25/08/2022,2022,AGOSTO,JUEVES,9,ATROPELLO,EN PROCESO DE INVESTIGACIÓN,NO CUENTA CON CAUSA ESPECIFICA,CARRETERA NACIONAL,PE-22,NACIONAL
A-2022-08-274,V-2022-08-274-1,P-2022-08-274-1-1,LIMA,LIMA,SAN MARTIN DE PORRES,CONDUCTOR,ILESO,,,IDENTIFICADO,PERÚ,32,MASCULINO,SI,VIGENTE,A II A,,,,AUTOMÓVIL,26/08/2022,2022,AGOSTO,VIERNES,4,CHOQUE,IMPRUDENCIA DEL CONDUCTOR,OTRO (IMPRUDENCIA DEL CONDUCTOR),AVENIDA,NO CORRESPONDE,URBANO
A-2022-08-274,V-2022-08-274-2,P-2022-08-274-2-1,LIMA,LIMA,SAN MARTIN DE PORRES,CONDUCTOR,FALLECIDO,,EN EL CENTRO DE SALUD,IDENTIFICADO,PERÚ,49,FEMENINO,,NO CORRESPONDE,NO CORRESPONDE,,,,TRICICLO NO MOTORIZADO,26/08/2022,2022,AGOSTO,VIERNES,4,CHOQUE,IMPRUDENCIA DEL CONDUCTOR,OTRO (IMPRUDENCIA DEL CONDUCTOR),AVENIDA,NO CORRESPONDE,URBANO
A-2022-08-147,V-2022-08-147-1,P-2022-08-147-1-1,LIMA,LIMA,ANCON,CONDUCTOR FUGADO,ILESO,,,IDENTIFICADO,PERÚ,64,MASCULINO,SI,VIGENTE,A II A,NO,,NO,AUTOMÓVIL,26/08/2022,2022,AGOSTO,VIERNES,18,ATROPELLO FUGA,EN PROCESO DE INVESTIGACIÓN,NO CUENTA CON CAUSA ESPECIFICA,CARRETERA NACIONAL,PE-1N,NACIONAL
A-2022-08-147,V-2022-08-147-1,P-2022-08-147-1-2,LIMA,LIMA,ANCON,PEATÓN,FALLECIDO,,EN EL LUGAR DE LOS HECHOS,IDENTIFICADO,PERÚ,81,FEMENINO,,NO CONDUCTOR,NO CONDUCTOR,NO,,NO,AUTOMÓVIL,26/08/2022,2022,AGOSTO,VIERNES,18,ATROPELLO FUGA,EN PROCESO DE INVESTIGACIÓN,NO CUENTA CON CAUSA ESPECIFICA,CARRETERA NACIONAL,PE-1N,NACIONAL
A-2022-08-146,V-2022-08-146-1,P-2022-08-146-1-1,LIMA,LIMA,VILLA EL SALVADOR,CONDUCTOR,ILESO,,,IDENTIFICADO,PERÚ,43,MASCULINO,SI,VIGENTE,A III C,NO,,NO,CAMIONETA RURAL,26/08/2022,2022,AGOSTO,VIERNES,21,ATROPELLO,EN PROCESO DE INVESTIGACIÓN,NO CUENTA CON CAUSA ESPECIFICA,AVENIDA,NO CORRESPONDE,URBANO
A-2022-08-146,V-2022-08-146-1,P-2022-08-146-1-2,LIMA,LIMA,VILLA EL SALVADOR,PEATÓN,FALLECIDO,,EN EL LUGAR DE LOS HECHOS,NO IDENTIFICADO,,,MASCULINO,,NO CONDUCTOR,NO CONDUCTOR,NO,,NO,CAMIONETA RURAL,26/08/2022,2022,AGOSTO,VIERNES,21,ATROPELLO,EN PROCESO DE INVESTIGACIÓN,NO CUENTA CON CAUSA ESPECIFICA,AVENIDA,NO CORRESPONDE,URBANO
A-2022-08-145,V-2022-08-145-1,P-2022-08-145-1-1,LIMA,LIMA,COMAS,CONDUCTOR FUGADO,NO SE CONOCE,,,NO IDENTIFICADO,,,NO INDICA,,FUGADO,FUGADO,,,,VEHICULO NO IDENTIFICADO,27/08/2022,2022,AGOSTO,SÁBADO,6,ATROPELLO FUGA,EN PROCESO DE INVESTIGACIÓN,NO CUENTA CON CAUSA ESPECIFICA,AVENIDA,NO CORRESPONDE,URBANO
A-2022-08-145,V-2022-08-145-1,P-2022-08-145-1-2,LIMA,LIMA,COMAS,PEATÓN,FALLECIDO,,EN EL LUGAR DE LOS HECHOS,IDENTIFICADO,PERÚ,45,FEMENINO,,NO CONDUCTOR,NO CONDUCTOR,NO,,NO,VEHICULO NO IDENTIFICADO,27/08/2022,2022,AGOSTO,SÁBADO,6,ATROPELLO FUGA,EN PROCESO DE INVESTIGACIÓN,NO CUENTA CON CAUSA ESPECIFICA,AVENIDA,NO CORRESPONDE,URBANO
A-2022-08-144,V-2022-08-144-1,P-2022-08-144-1-1,LIMA,LIMA,SANTIAGO DE SURCO,CONDUCTOR,FALLECIDO,,EN EL LUGAR DE LOS HECHOS,IDENTIFICADO,PERÚ,28,MASCULINO,SI,VIGENTE,B II C,NO,,NO,MOTOCICLETA,27/08/2022,2022,AGOSTO,SÁBADO,7,CHOQUE,EN PROCESO DE INVESTIGACIÓN,NO CUENTA CON CAUSA ESPECIFICA,CARRETERA NACIONAL,PE-1S,NACIONAL
A-2022-08-144,V-2022-08-144-2,P-2022-08-144-2-1,LIMA,LIMA,SANTIAGO DE SURCO,CONDUCTOR,ILESO,,,IDENTIFICADO,PERÚ,35,MASCULINO,SI,VIGENTE,A II B,NO,,NO,STATION WAGON,27/08/2022,2022,AGOSTO,SÁBADO,7,CHOQUE,EN PROCESO DE INVESTIGACIÓN,NO CUENTA CON CAUSA ESPECIFICA,CARRETERA NACIONAL,PE-1S,NACIONAL
A-2022-08-144,V-2022-08-144-3,P-2022-08-144-3-1,LIMA,LIMA,SANTIAGO DE SURCO,CONDUCTOR,ILESO,,,IDENTIFICADO,PERÚ,47,MASCULINO,SI,VIGENTE,A I,NO,,NO,STATION WAGON,27/08/2022,2022,AGOSTO,SÁBADO,7,CHOQUE,EN PROCESO DE INVESTIGACIÓN,NO CUENTA CON CAUSA ESPECIFICA,CARRETERA NACIONAL,PE-1S,NACIONAL
A-2022-08-144,V-2022-08-144-4,P-2022-08-144-4-1,LIMA,LIMA,SANTIAGO DE SURCO,CONDUCTOR,ILESO,,,IDENTIFICADO,PERÚ,24,MASCULINO,,VIGENTE,A I,NO,,NO,REMOLCADOR,27/08/2022,2022,AGOSTO,SÁBADO,7,CHOQUE,EN PROCESO DE INVESTIGACIÓN,NO CUENTA CON CAUSA ESPECIFICA,CARRETERA NACIONAL,PE-1S,NACIONAL
A-2022-08-143,V-2022-08-143-1,P-2022-08-143-1-1,LIMA,LIMA,LURIN,CONDUCTOR,ILESO,,,IDENTIFICADO,PERÚ,39,MASCULINO,SI,VIGENTE,A III C,NO,,NO,ÓMNIBUS,28/08/2022,2022,AGOSTO,DOMINGO,6,CHOQUE,EN PROCESO DE INVESTIGACIÓN,NO CUENTA CON CAUSA ESPECIFICA,CARRETERA PROVINCIAL,LM-797,PROVINCIAL
A-2022-08-143,V-2022-08-143-2,P-2022-08-143-2-1,LIMA,LIMA,LURIN,CONDUCTOR,FALLECIDO,,EN EL LUGAR DE LOS HECHOS,IDENTIFICADO,PERÚ,47,MASCULINO,,,A I,NO,,NO,MOTOCICLETA,28/08/2022,2022,AGOSTO,DOMINGO,6,CHOQUE,EN PROCESO DE INVESTIGACIÓN,NO CUENTA CON CAUSA ESPECIFICA,CARRETERA PROVINCIAL,LM-797,PROVINCIAL
A-2022-08-141,V-2022-08-141-1,P-2022-08-141-1-1,LIMA,LIMA,PUENTE PIEDRA,CONDUCTOR,ILESO,,,IDENTIFICADO,PERÚ,41,MASCULINO,SI,VIGENTE,A III C,NO,,NO,CAMIONETA PICK UP,29/08/2022,2022,AGOSTO,LUNES,5,ATROPELLO,EN PROCESO DE INVESTIGACIÓN,NO CUENTA CON CAUSA ESPECIFICA,CARRETERA NACIONAL,PE-1N,NACIONAL
A-2022-08-141,V-2022-08-141-1,P-2022-08-141-1-2,LIMA,LIMA,PUENTE PIEDRA,PEATÓN,FALLECIDO,,EN EL CENTRO DE SALUD,IDENTIFICADO,PERÚ,29,MASCULINO,,NO CONDUCTOR,NO CONDUCTOR,NO,,NO,CAMIONETA PICK UP,29/08/2022,2022,AGOSTO,LUNES,5,ATROPELLO,EN PROCESO DE INVESTIGACIÓN,NO CUENTA CON CAUSA ESPECIFICA,CARRETERA NACIONAL,PE-1N,NACIONAL
A-2022-08-142,V-2022-08-142-1,P-2022-08-142-1-1,LIMA,LIMA,SAN JUAN DE LURIGANCHO,CONDUCTOR,ILESO,,,IDENTIFICADO,PERÚ,43,MASCULINO,SI,VIGENTE,A III B,NO,,NO,CAMIÓN,29/08/2022,2022,AGOSTO,LUNES,15,ATROPELLO,EN PROCESO DE INVESTIGACIÓN,NO CUENTA CON CAUSA ESPECIFICA,AVENIDA,NO CORRESPONDE,URBANO
A-2022-08-142,V-2022-08-142-1,P-2022-08-142-1-2,LIMA,LIMA,SAN JUAN DE LURIGANCHO,PEATÓN,FALLECIDO,,EN EL LUGAR DE LOS HECHOS,IDENTIFICADO,PERÚ,64,FEMENINO,,NO CONDUCTOR,NO CONDUCTOR,NO,,NO,CAMIÓN,29/08/2022,2022,AGOSTO,LUNES,15,ATROPELLO,EN PROCESO DE INVESTIGACIÓN,NO CUENTA CON CAUSA ESPECIFICA,AVENIDA,NO CORRESPONDE,URBANO
A-2022-08-139,V-2022-08-139-1,P-2022-08-139-1-1,LIMA,LIMA,LOS OLIVOS,CONDUCTOR,ILESO,,,IDENTIFICADO,PERÚ,27,MASCULINO,,,A I,NO,,NO,MOTOCICLETA,30/08/2022,2022,AGOSTO,MARTES,21,ATROPELLO,EN PROCESO DE INVESTIGACIÓN,NO CUENTA CON CAUSA ESPECIFICA,CARRETERA NACIONAL,PE-20J,NACIONAL
A-2022-08-139,V-2022-08-139-1,P-2022-08-139-1-2,LIMA,LIMA,LOS OLIVOS,PEATÓN,FALLECIDO,,EN EL CENTRO DE SALUD,IDENTIFICADO,PERÚ,44,MASCULINO,,NO CONDUCTOR,NO CONDUCTOR,NO,,NO,MOTOCICLETA,30/08/2022,2022,AGOSTO,MARTES,21,ATROPELLO,EN PROCESO DE INVESTIGACIÓN,NO CUENTA CON CAUSA ESPECIFICA,CARRETERA NACIONAL,PE-20J,NACIONAL
A-2022-08-140,V-2022-08-140-1,P-2022-08-140-1-1,LIMA,LIMA,PUENTE PIEDRA,CONDUCTOR,ILESO,,,IDENTIFICADO,PERÚ,42,MASCULINO,,VENCIDA,A II A,NO,,NO,CAMIONETA RURAL,30/08/2022,2022,AGOSTO,MARTES,23,ATROPELLO,EN PROCESO DE INVESTIGACIÓN,NO CUENTA CON CAUSA ESPECIFICA,CARRETERA NACIONAL,PE-1N,NACIONAL
A-2022-08-140,V-2022-08-140-1,P-2022-08-140-1-2,LIMA,LIMA,PUENTE PIEDRA,PEATÓN,FALLECIDO,,EN EL CENTRO DE SALUD,NO IDENTIFICADO,,,MASCULINO,,NO CONDUCTOR,NO CONDUCTOR,NO,,NO,CAMIONETA RURAL,30/08/2022,2022,AGOSTO,MARTES,23,ATROPELLO,EN PROCESO DE INVESTIGACIÓN,NO CUENTA CON CAUSA ESPECIFICA,CARRETERA NACIONAL,PE-1N,NACIONAL
A-2022-09-158,V-2022-09-158-1,P-2022-09-158-1-1,LIMA,LIMA,LIMA,CONDUCTOR,FALLECIDO,,EN EL CENTRO DE SALUD,IDENTIFICADO,PERÚ,35,MASCULINO,SI,VIGENTE,B II C,NO,,NO,MOTOCICLETA,02/09/2022,2022,SETIEMBRE,VIERNES,1,DESPISTE,EN PROCESO DE INVESTIGACIÓN,NO CUENTA CON CAUSA ESPECIFICA,JIRÓN,NO CORRESPONDE,URBANO
A-2022-09-157,V-2022-09-157-1,P-2022-09-157-1-1,LIMA,LIMA,LA VICTORIA,CONDUCTOR,LESIONADO,CENTRO DE SALUD PÚBLICO,,IDENTIFICADO,PERÚ,29,MASCULINO,,,A I,NO,,NO,MOTOCICLETA,03/09/2022,2022,SETIEMBRE,SÁBADO,16,CHOQUE,INFRAESTRUCTURA Y ENTORNO VIAL,OTRO (INFRAESTRUCTURA Y ENTORNO VIAL),VIA EXPRESA,NO CORRESPONDE,URBANO
A-2022-09-157,V-2022-09-157-1,P-2022-09-157-1-2,LIMA,LIMA,LA VICTORIA,PASAJERO,FALLECIDO,,EN EL CENTRO DE SALUD,IDENTIFICADO,PERÚ,30,FEMENINO,,NO CONDUCTOR,NO CONDUCTOR,NO,,NO,MOTOCICLETA,03/09/2022,2022,SETIEMBRE,SÁBADO,16,CHOQUE,INFRAESTRUCTURA Y ENTORNO VIAL,OTRO (INFRAESTRUCTURA Y ENTORNO VIAL),VIA EXPRESA,NO CORRESPONDE,URBANO
A-2022-09-157,V-2022-09-157-2,P-2022-09-157-2-1,LIMA,LIMA,LA VICTORIA,CONDUCTOR,ILESO,,,IDENTIFICADO,PERÚ,46,MASCULINO,,VENCIDA,A III A,NO,,NO,MINIBUS,03/09/2022,2022,SETIEMBRE,SÁBADO,16,CHOQUE,INFRAESTRUCTURA Y ENTORNO VIAL,OTRO (INFRAESTRUCTURA Y ENTORNO VIAL),VIA EXPRESA,NO CORRESPONDE,URBANO
A-2022-09-155,V-2022-09-155-1,P-2022-09-155-1-1,LIMA,LIMA,LA VICTORIA,CONDUCTOR,ILESO,,,IDENTIFICADO,PERÚ,50,MASCULINO,SI,VIGENTE,A III C,,,,CAMIÓN,04/09/2022,2022,SETIEMBRE,DOMINGO,2,CHOQUE,EN PROCESO DE INVESTIGACIÓN,NO CUENTA CON CAUSA ESPECIFICA,AVENIDA,NO CORRESPONDE,URBANO
A-2022-09-155,V-2022-09-155-2,P-2022-09-155-2-1,LIMA,LIMA,LA VICTORIA,CONDUCTOR,FALLECIDO,,EN EL CENTRO DE SALUD,NO IDENTIFICADO,,,NO INDICA,,SIN DNI IDENTIFICADO,SIN DNI IDENTIFICADO,,,,TRIMOTO PASAJERO,04/09/2022,2022,SETIEMBRE,DOMINGO,2,CHOQUE,EN PROCESO DE INVESTIGACIÓN,NO CUENTA CON CAUSA ESPECIFICA,AVENIDA,NO CORRESPONDE,URBANO
A-2022-09-156,V-2022-09-156-1,P-2022-09-156-1-1,LIMA,LIMA,PUNTA HERMOSA,CONDUCTOR FUGADO,NO SE CONOCE,,,NO IDENTIFICADO,,,NO INDICA,,FUGADO,FUGADO,,,,VEHICULO NO IDENTIFICADO,04/09/2022,2022,SETIEMBRE,DOMINGO,2,ATROPELLO FUGA,EN PROCESO DE INVESTIGACIÓN,NO CUENTA CON CAUSA ESPECIFICA,CARRETERA PROVINCIAL,LM-801,PROVINCIAL
A-2022-09-156,V-2022-09-156-1,P-2022-09-156-1-2,LIMA,LIMA,PUNTA HERMOSA,PEATÓN,FALLECIDO,,EN EL LUGAR DE LOS HECHOS,NO IDENTIFICADO,,,NO INDICA,,NO CONDUCTOR,NO CONDUCTOR,,,,VEHICULO NO IDENTIFICADO,04/09/2022,2022,SETIEMBRE,DOMINGO,2,ATROPELLO FUGA,EN PROCESO DE INVESTIGACIÓN,NO CUENTA CON CAUSA ESPECIFICA,CARRETERA PROVINCIAL,LM-801,PROVINCIAL
A-2022-09-154,V-2022-09-154-1,P-2022-09-154-1-1,LIMA,LIMA,COMAS,CONDUCTOR,FALLECIDO,,EN EL LUGAR DE LOS HECHOS,IDENTIFICADO,PERÚ,32,MASCULINO,,,A I,,,,MOTOCICLETA,05/09/2022,2022,SETIEMBRE,LUNES,11,DESPISTE,EN PROCESO DE INVESTIGACIÓN,NO CUENTA CON CAUSA ESPECIFICA,AVENIDA,NO CORRESPONDE,URBANO
A-2022-09-153,V-2022-09-153-1,P-2022-09-153-1-1,LIMA,LIMA,SANTIAGO DE SURCO,CONDUCTOR,FALLECIDO,,,IDENTIFICADO,,26,MASCULINO,,SIN LICENCIA,SIN LICENCIA,,,,MOTOCICLETA,08/09/2022,2022,SETIEMBRE,JUEVES,5,CHOQUE CON OBJETO FIJO,EN PROCESO DE INVESTIGACIÓN,NO CUENTA CON CAUSA ESPECIFICA,CARRETERA NACIONAL,PE-1S,NACIONAL
A-2022-09-152,V-2022-09-152-1,P-2022-09-152-1-1,LIMA,LIMA,VILLA EL SALVADOR,CONDUCTOR,ILESO,,,IDENTIFICADO,PERÚ,46,MASCULINO,SI,VIGENTE,B II C,,,,TRIMOTO PASAJERO,08/09/2022,2022,SETIEMBRE,JUEVES,8,CAÍDA DE PASAJERO,EN PROCESO DE INVESTIGACIÓN,NO CUENTA CON CAUSA ESPECIFICA,AVENIDA,NO CORRESPONDE,URBANO
A-2022-09-152,V-2022-09-152-1,P-2022-09-152-1-2,LIMA,LIMA,VILLA EL SALVADOR,PASAJERO,FALLECIDO,,EN EL CENTRO DE SALUD,IDENTIFICADO,PERÚ,37,FEMENINO,,NO CONDUCTOR,NO CONDUCTOR,,,,TRIMOTO PASAJERO,08/09/2022,2022,SETIEMBRE,JUEVES,8,CAÍDA DE PASAJERO,EN PROCESO DE INVESTIGACIÓN,NO CUENTA CON CAUSA ESPECIFICA,AVENIDA,NO CORRESPONDE,URBANO
A-2022-09-151,V-2022-09-151-1,P-2022-09-151-1-1,LIMA,LIMA,VILLA EL SALVADOR,CONDUCTOR,ILESO,,,IDENTIFICADO,PERÚ,48,MASCULINO,SI,VIGENTE,A III C,,,,ÓMNIBUS,09/09/2022,2022,SETIEMBRE,VIERNES,4,ATROPELLO,EN PROCESO DE INVESTIGACIÓN,NO CUENTA CON CAUSA ESPECIFICA,AVENIDA,NO CORRESPONDE,URBANO
A-2022-09-151,V-2022-09-151-1,P-2022-09-151-1-2,LIMA,LIMA,VILLA EL SALVADOR,PEATÓN,FALLECIDO,,EN EL CENTRO DE SALUD,IDENTIFICADO,PERÚ,57,FEMENINO,,NO CONDUCTOR,NO CONDUCTOR,,,,ÓMNIBUS,09/09/2022,2022,SETIEMBRE,VIERNES,4,ATROPELLO,EN PROCESO DE INVESTIGACIÓN,NO CUENTA CON CAUSA ESPECIFICA,AVENIDA,NO CORRESPONDE,URBANO
A-2022-09-274,V-2022-09-274-1,P-2022-09-274-1-1,LIMA,LIMA,CARABAYLLO,CONDUCTOR,ILESO,,,IDENTIFICADO,PERÚ,23,MASCULINO,SI,VIGENTE,A I,,,,AUTOMÓVIL,10/09/2022,2022,SETIEMBRE,SÁBADO,1,CHOQUE,EN PROCESO DE INVESTIGACIÓN,NO CUENTA CON CAUSA ESPECIFICA,AVENIDA,NO CORRESPONDE,URBANO
A-2022-09-274,V-2022-09-274-2,P-2022-09-274-2-1,LIMA,LIMA,CARABAYLLO,CONDUCTOR,FALLECIDO,,EN EL CENTRO DE SALUD,IDENTIFICADO,PERÚ,64,MASCULINO,SI,VIGENTE,A II A,,,,STATION WAGON,10/09/2022,2022,SETIEMBRE,SÁBADO,1,CHOQUE,EN PROCESO DE INVESTIGACIÓN,NO CUENTA CON CAUSA ESPECIFICA,AVENIDA,NO CORRESPONDE,URBANO
A-2022-09-150,V-2022-09-150-1,P-2022-09-150-1-1,LIMA,LIMA,LURIGANCHO,CONDUCTOR,LESIONADO,CENTRO DE SALUD PÚBLICO,,IDENTIFICADO,PERÚ,50,MASCULINO,SI,VIGENTE,A III C,,,,CAMIONETA PICK UP,12/09/2022,2022,SETIEMBRE,LUNES,3,DESPISTE,EN PROCESO DE INVESTIGACIÓN,NO CUENTA CON CAUSA ESPECIFICA,CARRETERA PROVINCIAL,LM-711,PROVINCIAL
A-2022-09-150,V-2022-09-150-1,P-2022-09-150-1-2,LIMA,LIMA,LURIGANCHO,PASAJERO,FALLECIDO,,EN EL LUGAR DE LOS HECHOS,IDENTIFICADO,PERÚ,68,MASCULINO,,NO CONDUCTOR,NO CONDUCTOR,,,,CAMIONETA PICK UP,12/09/2022,2022,SETIEMBRE,LUNES,3,DESPISTE,EN PROCESO DE INVESTIGACIÓN,NO CUENTA CON CAUSA ESPECIFICA,CARRETERA PROVINCIAL,LM-711,PROVINCIAL
A-2022-09-180,V-2022-09-180-1,P-2022-09-180-1-1,LIMA,LIMA,LIMA,CONDUCTOR,ILESO,,,IDENTIFICADO,PERÚ,26,MASCULINO,SI,VIGENTE,A I,NO,,SI,AUTOMÓVIL,13/09/2022,2022,SETIEMBRE,MARTES,15,ATROPELLO,IMPRUDENCIA DEL CONDUCTOR,OTRO (IMPRUDENCIA DEL CONDUCTOR),AVENIDA,NO CORRESPONDE,URBANO
A-2022-09-180,V-2022-09-180-1,P-2022-09-180-1-2,LIMA,LIMA,LIMA,PEATÓN,FALLECIDO,,EN EL CENTRO DE SALUD,IDENTIFICADO,PERÚ,83,MASCULINO,,NO CONDUCTOR,NO CONDUCTOR,NO,,SI,AUTOMÓVIL,13/09/2022,2022,SETIEMBRE,MARTES,15,ATROPELLO,IMPRUDENCIA DEL CONDUCTOR,OTRO (IMPRUDENCIA DEL CONDUCTOR),AVENIDA,NO CORRESPONDE,URBANO
A-2022-09-207,V-2022-09-207-1,P-2022-09-207-1-1,LIMA,LIMA,VILLA EL SALVADOR,CONDUCTOR,FALLECIDO,,EN EL LUGAR DE LOS HECHOS,IDENTIFICADO,PERÚ,22,MASCULINO,,SIN LICENCIA,SIN LICENCIA,SI,,,MOTOCICLETA,13/09/2022,2022,SETIEMBRE,MARTES,21,DESPISTE,EN PROCESO DE INVESTIGACIÓN,NO CUENTA CON CAUSA ESPECIFICA,AVENIDA,NO CORRESPONDE,URBANO
A-2022-09-207,V-2022-09-207-1,P-2022-09-207-1-2,LIMA,LIMA,VILLA EL SALVADOR,PASAJERO,LESIONADO,CENTRO DE SALUD PRIVADO,,IDENTIFICADO,PERÚ,21,FEMENINO,,NO CONDUCTOR,NO CONDUCTOR,SI,,,MOTOCICLETA,13/09/2022,2022,SETIEMBRE,MARTES,21,DESPISTE,EN PROCESO DE INVESTIGACIÓN,NO CUENTA CON CAUSA ESPECIFICA,AVENIDA,NO CORRESPONDE,URBANO
A-2022-09-181,V-2022-09-181-1,P-2022-09-181-1-1,CALLAO,CALLAO,CALLAO,CONDUCTOR,FALLECIDO,,EN EL LUGAR DE LOS HECHOS,IDENTIFICADO,PERÚ,35,MASCULINO,SI,VIGENTE,B II C,NO,,SI,MOTOCICLETA,17/09/2022,2022,SETIEMBRE,SÁBADO,3,CHOQUE,IMPRUDENCIA DEL CONDUCTOR,CONDUCIR EN ESTADO DE EBRIEDAD Y/O DROGADICCIÓN,CARRETERA NACIONAL,PE-20,NACIONAL
A-2022-09-181,V-2022-09-181-2,P-2022-09-181-2-1,CALLAO,CALLAO,CALLAO,CONDUCTOR FUGADO,NO SE CONOCE,,,NO IDENTIFICADO,,,NO INDICA,,FUGADO,FUGADO,,,,VEHICULO NO IDENTIFICADO,17/09/2022,2022,SETIEMBRE,SÁBADO,3,CHOQUE,IMPRUDENCIA DEL CONDUCTOR,CONDUCIR EN ESTADO DE EBRIEDAD Y/O DROGADICCIÓN,CARRETERA NACIONAL,PE-20,NACIONAL
A-2022-09-181,V-2022-09-181-3,P-2022-09-181-3-1,CALLAO,CALLAO,CALLAO,CONDUCTOR FUGADO,NO SE CONOCE,,,NO IDENTIFICADO,,,NO INDICA,,FUGADO,FUGADO,,,,VEHICULO NO IDENTIFICADO,17/09/2022,2022,SETIEMBRE,SÁBADO,3,CHOQUE,IMPRUDENCIA DEL CONDUCTOR,CONDUCIR EN ESTADO DE EBRIEDAD Y/O DROGADICCIÓN,CARRETERA NACIONAL,PE-20,NACIONAL
A-2022-09-206,V-2022-09-206-1,P-2022-09-206-1-1,LIMA,LIMA,ATE,CONDUCTOR FUGADO,NO SE CONOCE,,,NO IDENTIFICADO,,,NO INDICA,,FUGADO,FUGADO,NO,,NO,VEHICULO NO IDENTIFICADO,18/09/2022,2022,SETIEMBRE,DOMINGO,18,ATROPELLO FUGA,EN PROCESO DE INVESTIGACIÓN,NO CUENTA CON CAUSA ESPECIFICA,AVENIDA,NO CORRESPONDE,URBANO
A-2022-09-206,V-2022-09-206-1,P-2022-09-206-1-2,LIMA,LIMA,ATE,PEATÓN,FALLECIDO,,EN EL LUGAR DE LOS HECHOS,IDENTIFICADO,PERÚ,39,MASCULINO,,NO CONDUCTOR,NO CONDUCTOR,SI,,,VEHICULO NO IDENTIFICADO,18/09/2022,2022,SETIEMBRE,DOMINGO,18,ATROPELLO FUGA,EN PROCESO DE INVESTIGACIÓN,NO CUENTA CON CAUSA ESPECIFICA,AVENIDA,NO CORRESPONDE,URBANO
A-2022-09-182,V-2022-09-182-1,P-2022-09-182-1-1,CALLAO,CALLAO,CALLAO,CONDUCTOR FUGADO,NO SE CONOCE,,,NO IDENTIFICADO,,,NO INDICA,,FUGADO,FUGADO,NO,,NO,VEHICULO NO IDENTIFICADO,19/09/2022,2022,SETIEMBRE,LUNES,4,ATROPELLO FUGA,EN PROCESO DE INVESTIGACIÓN,NO CUENTA CON CAUSA ESPECIFICA,AVENIDA,NO CORRESPONDE,URBANO
A-2022-09-182,V-2022-09-182-1,P-2022-09-182-1-2,CALLAO,CALLAO,CALLAO,PEATÓN,FALLECIDO,,EN EL LUGAR DE LOS HECHOS,IDENTIFICADO,PERÚ,34,MASCULINO,,NO CONDUCTOR,NO CONDUCTOR,NO,,SI,VEHICULO NO IDENTIFICADO,19/09/2022,2022,SETIEMBRE,LUNES,4,ATROPELLO FUGA,EN PROCESO DE INVESTIGACIÓN,NO CUENTA CON CAUSA ESPECIFICA,AVENIDA,NO CORRESPONDE,URBANO
A-2022-09-205,V-2022-09-205-1,P-2022-09-205-1-1,LIMA,LIMA,CARABAYLLO,CONDUCTOR,ILESO,,,IDENTIFICADO,PERÚ,44,MASCULINO,SI,VIGENTE,A III C,SI,,,ÓMNIBUS,19/09/2022,2022,SETIEMBRE,LUNES,6,CHOQUE,EN PROCESO DE INVESTIGACIÓN,NO CUENTA CON CAUSA ESPECIFICA,AVENIDA,NO CORRESPONDE,URBANO
A-2022-09-205,V-2022-09-205-2,P-2022-09-205-2-1,LIMA,LIMA,CARABAYLLO,CONDUCTOR,FALLECIDO,,EN EL LUGAR DE LOS HECHOS,IDENTIFICADO,PERÚ,26,MASCULINO,,VENCIDA,B II C,SI,,,MOTOCICLETA,19/09/2022,2022,SETIEMBRE,LUNES,6,CHOQUE,EN PROCESO DE INVESTIGACIÓN,NO CUENTA CON CAUSA ESPECIFICA,AVENIDA,NO CORRESPONDE,URBANO
A-2022-09-208,V-2022-09-208-1,P-2022-09-208-1-1,LIMA,LIMA,PACHACAMAC,CONDUCTOR,ILESO,,,IDENTIFICADO,PERÚ,68,MASCULINO,SI,VIGENTE,A I,SI,,,AUTOMÓVIL,20/09/2022,2022,SETIEMBRE,MARTES,11,ATROPELLO,EN PROCESO DE INVESTIGACIÓN,NO CUENTA CON CAUSA ESPECIFICA,CARRETERA PROVINCIAL,LM-796,PROVINCIAL
A-2022-09-208,V-2022-09-208-1,P-2022-09-208-1-2,LIMA,LIMA,PACHACAMAC,PEATÓN,FALLECIDO,,EN EL LUGAR DE LOS HECHOS,IDENTIFICADO,PERÚ,74,FEMENINO,,NO CONDUCTOR,NO CONDUCTOR,SI,,,AUTOMÓVIL,20/09/2022,2022,SETIEMBRE,MARTES,11,ATROPELLO,EN PROCESO DE INVESTIGACIÓN,NO CUENTA CON CAUSA ESPECIFICA,CARRETERA PROVINCIAL,LM-796,PROVINCIAL
A-2022-09-204,V-2022-09-204-1,P-2022-09-204-1-1,LIMA,LIMA,INDEPENDENCIA,CONDUCTOR,LESIONADO,CENTRO DE SALUD PÚBLICO,,IDENTIFICADO,PERÚ,40,MASCULINO,,VIGENTE,A III C,SI,,,CAMIONETA RURAL,20/09/2022,2022,SETIEMBRE,MARTES,12,CHOQUE,EN PROCESO DE INVESTIGACIÓN,NO CUENTA CON CAUSA ESPECIFICA,AVENIDA,NO CORRESPONDE,URBANO
A-2022-09-204,V-2022-09-204-1,P-2022-09-204-1-2,LIMA,LIMA,INDEPENDENCIA,PEATÓN,FALLECIDO,,EN EL LUGAR DE LOS HECHOS,IDENTIFICADO,PERÚ,54,FEMENINO,,NO CONDUCTOR,NO CONDUCTOR,SI,,,CAMIONETA RURAL,20/09/2022,2022,SETIEMBRE,MARTES,12,CHOQUE,EN PROCESO DE INVESTIGACIÓN,NO CUENTA CON CAUSA ESPECIFICA,AVENIDA,NO CORRESPONDE,URBANO
A-2022-09-204,V-2022-09-204-1,P-2022-09-204-1-3,LIMA,LIMA,INDEPENDENCIA,PASAJERO,LESIONADO,CENTRO DE SALUD PÚBLICO,,IDENTIFICADO,PERÚ,32,FEMENINO,,NO CONDUCTOR,NO CONDUCTOR,NO,,,CAMIONETA RURAL,20/09/2022,2022,SETIEMBRE,MARTES,12,CHOQUE,EN PROCESO DE INVESTIGACIÓN,NO CUENTA CON CAUSA ESPECIFICA,AVENIDA,NO CORRESPONDE,URBANO
A-2022-09-204,V-2022-09-204-1,P-2022-09-204-1-4,LIMA,LIMA,INDEPENDENCIA,PASAJERO,LESIONADO,CENTRO DE SALUD PÚBLICO,,IDENTIFICADO,PERÚ,31,MASCULINO,,NO CONDUCTOR,NO CONDUCTOR,NO,,,CAMIONETA RURAL,20/09/2022,2022,SETIEMBRE,MARTES,12,CHOQUE,EN PROCESO DE INVESTIGACIÓN,NO CUENTA CON CAUSA ESPECIFICA,AVENIDA,NO CORRESPONDE,URBANO
A-2022-09-204,V-2022-09-204-2,P-2022-09-204-2-1,LIMA,LIMA,INDEPENDENCIA,CONDUCTOR,ILESO,,,IDENTIFICADO,PERÚ,30,MASCULINO,SI,VIGENTE,A II B,SI,,,CAMIONETA RURAL,20/09/2022,2022,SETIEMBRE,MARTES,12,CHOQUE,EN PROCESO DE INVESTIGACIÓN,NO CUENTA CON CAUSA ESPECIFICA,AVENIDA,NO CORRESPONDE,URBANO
A-2022-09-203,V-2022-09-203-1,P-2022-09-203-1-1,LIMA,LIMA,ATE,CONDUCTOR,ILESO,,,IDENTIFICADO,PERÚ,45,MASCULINO,SI,VIGENTE,A III C,SI,,,ÓMNIBUS,21/09/2022,2022,SETIEMBRE,MIÉRCOLES,20,ATROPELLO,EN PROCESO DE INVESTIGACIÓN,NO CUENTA CON CAUSA ESPECIFICA,JIRÓN,NO CORRESPONDE,URBANO
A-2022-09-203,V-2022-09-203-1,P-2022-09-203-1-2,LIMA,LIMA,ATE,PEATÓN,FALLECIDO,,EN EL CENTRO DE SALUD,IDENTIFICADO,PERÚ,86,MASCULINO,,NO CONDUCTOR,NO CONDUCTOR,SI,,,ÓMNIBUS,21/09/2022,2022,SETIEMBRE,MIÉRCOLES,20,ATROPELLO,EN PROCESO DE INVESTIGACIÓN,NO CUENTA CON CAUSA ESPECIFICA,JIRÓN,NO CORRESPONDE,URBANO
A-2022-09-202,V-2022-09-202-1,P-2022-09-202-1-1,LIMA,LIMA,LINCE,CONDUCTOR,ILESO,,,IDENTIFICADO,PERÚ,42,MASCULINO,SI,VIGENTE,A III C,SI,,,ÓMNIBUS,21/09/2022,2022,SETIEMBRE,MIÉRCOLES,22,CHOQUE,EN PROCESO DE INVESTIGACIÓN,NO CUENTA CON CAUSA ESPECIFICA,AVENIDA,NO CORRESPONDE,URBANO
A-2022-09-202,V-2022-09-202-2,P-2022-09-202-2-1,LIMA,LIMA,LINCE,CONDUCTOR,FALLECIDO,,EN EL CENTRO DE SALUD,IDENTIFICADO,PERÚ,32,MASCULINO,SI,VIGENTE,B II C,SI,,,MOTOCICLETA,21/09/2022,2022,SETIEMBRE,MIÉRCOLES,22,CHOQUE,EN PROCESO DE INVESTIGACIÓN,NO CUENTA CON CAUSA ESPECIFICA,AVENIDA,NO CORRESPONDE,URBANO
A-2022-09-200,V-2022-09-200-1,P-2022-09-200-1-1,LIMA,LIMA,SAN JUAN DE MIRAFLORES,CONDUCTOR,ILESO,,,IDENTIFICADO,PERÚ,53,MASCULINO,SI,VIGENTE,A I,NO,NEGATIVO,,AUTOMÓVIL,24/09/2022,2022,SETIEMBRE,SÁBADO,23,ATROPELLO,EN PROCESO DE INVESTIGACIÓN,NO CUENTA CON CAUSA ESPECIFICA,CARRETERA NACIONAL,PE-1S,NACIONAL
A-2022-09-200,V-2022-09-200-1,P-2022-09-200-1-2,LIMA,LIMA,SAN JUAN DE MIRAFLORES,PEATÓN,FALLECIDO,,EN EL LUGAR DE LOS HECHOS,NO IDENTIFICADO,,,MASCULINO,,NO CONDUCTOR,NO CONDUCTOR,SI,,,AUTOMÓVIL,24/09/2022,2022,SETIEMBRE,SÁBADO,23,ATROPELLO,EN PROCESO DE INVESTIGACIÓN,NO CUENTA CON CAUSA ESPECIFICA,CARRETERA NACIONAL,PE-1S,NACIONAL
A-2022-09-198,V-2022-09-198-1,P-2022-09-198-1-1,LIMA,LIMA,LURIGANCHO,CONDUCTOR,ILESO,,,IDENTIFICADO,PERÚ,45,MASCULINO,SI,VIGENTE,A I,SI,,,CAMIONETA RURAL,25/09/2022,2022,SETIEMBRE,DOMINGO,0,ATROPELLO,EN PROCESO DE INVESTIGACIÓN,NO CUENTA CON CAUSA ESPECIFICA,CARRETERA NACIONAL,PE-22,NACIONAL
A-2022-09-198,V-2022-09-198-1,P-2022-09-198-1-2,LIMA,LIMA,LURIGANCHO,PEATÓN,FALLECIDO,,EN EL LUGAR DE LOS HECHOS,IDENTIFICADO,PERÚ,46,MASCULINO,,NO CONDUCTOR,NO CONDUCTOR,SI,,,CAMIONETA RURAL,25/09/2022,2022,SETIEMBRE,DOMINGO,0,ATROPELLO,EN PROCESO DE INVESTIGACIÓN,NO CUENTA CON CAUSA ESPECIFICA,CARRETERA NACIONAL,PE-22,NACIONAL
A-2022-09-199,V-2022-09-199-1,P-2022-09-199-1-1,LIMA,LIMA,CARABAYLLO,CONDUCTOR,ILESO,,,IDENTIFICADO,PERÚ,69,MASCULINO,SI,VIGENTE,A III C,SI,POSITIVO,,STATION WAGON,25/09/2022,2022,SETIEMBRE,DOMINGO,20,ATROPELLO,EN PROCESO DE INVESTIGACIÓN,NO CUENTA CON CAUSA ESPECIFICA,AVENIDA,NO CORRESPONDE,URBANO
A-2022-09-199,V-2022-09-199-1,P-2022-09-199-1-2,LIMA,LIMA,CARABAYLLO,PEATÓN,FALLECIDO,,EN EL CENTRO DE SALUD,NO IDENTIFICADO,,,MASCULINO,,NO CONDUCTOR,NO CONDUCTOR,SI,,,STATION WAGON,25/09/2022,2022,SETIEMBRE,DOMINGO,20,ATROPELLO,EN PROCESO DE INVESTIGACIÓN,NO CUENTA CON CAUSA ESPECIFICA,AVENIDA,NO CORRESPONDE,URBANO
A-2022-09-197,V-2022-09-197-1,P-2022-09-197-1-1,LIMA,LIMA,SAN MARTIN DE PORRES,CONDUCTOR FUGADO,NO SE CONOCE,,,NO IDENTIFICADO,,,NO INDICA,,FUGADO,FUGADO,NO,,NO,VEHICULO NO IDENTIFICADO,25/09/2022,2022,SETIEMBRE,DOMINGO,23,ATROPELLO FUGA,EN PROCESO DE INVESTIGACIÓN,NO CUENTA CON CAUSA ESPECIFICA,CARRETERA NACIONAL,PE-1N,NACIONAL
A-2022-09-197,V-2022-09-197-1,P-2022-09-197-1-2,LIMA,LIMA,SAN MARTIN DE PORRES,PEATÓN,FALLECIDO,,EN EL LUGAR DE LOS HECHOS,NO IDENTIFICADO,,,MASCULINO,,NO CONDUCTOR,NO CONDUCTOR,SI,,,VEHICULO NO IDENTIFICADO,25/09/2022,2022,SETIEMBRE,DOMINGO,23,ATROPELLO FUGA,EN PROCESO DE INVESTIGACIÓN,NO CUENTA CON CAUSA ESPECIFICA,CARRETERA NACIONAL,PE-1N,NACIONAL
A-2022-09-196,V-2022-09-196-1,P-2022-09-196-1-1,LIMA,LIMA,LOS OLIVOS,CONDUCTOR,FALLECIDO,,,NO IDENTIFICADO,,,NO INDICA,,SIN DNI IDENTIFICADO,SIN DNI IDENTIFICADO,,,,AUTOMÓVIL,26/09/2022,2022,SETIEMBRE,LUNES,2,CHOQUE,EN PROCESO DE INVESTIGACIÓN,NO CUENTA CON CAUSA ESPECIFICA,AVENIDA,NO CORRESPONDE,URBANO
A-2022-09-196,V-2022-09-196-1,P-2022-09-196-1-2,LIMA,LIMA,LOS OLIVOS,PASAJERO,LESIONADO,,,NO IDENTIFICADO,,,MASCULINO,,NO CONDUCTOR,NO CONDUCTOR,,,,AUTOMÓVIL,26/09/2022,2022,SETIEMBRE,LUNES,2,CHOQUE,EN PROCESO DE INVESTIGACIÓN,NO CUENTA CON CAUSA ESPECIFICA,AVENIDA,NO CORRESPONDE,URBANO
A-2022-09-196,V-2022-09-196-1,P-2022-09-196-1-3,LIMA,LIMA,LOS OLIVOS,PASAJERO,LESIONADO,,,NO IDENTIFICADO,,,MASCULINO,,NO CONDUCTOR,NO CONDUCTOR,,,,AUTOMÓVIL,26/09/2022,2022,SETIEMBRE,LUNES,2,CHOQUE,EN PROCESO DE INVESTIGACIÓN,NO CUENTA CON CAUSA ESPECIFICA,AVENIDA,NO CORRESPONDE,URBANO
A-2022-09-195,V-2022-09-195-1,P-2022-09-195-1-1,LIMA,LIMA,LOS OLIVOS,CONDUCTOR,ILESO,,,IDENTIFICADO,PERÚ,57,MASCULINO,SI,VIGENTE,A III C,SI,,,MINIBUS,26/09/2022,2022,SETIEMBRE,LUNES,18,ATROPELLO,EN PROCESO DE INVESTIGACIÓN,NO CUENTA CON CAUSA ESPECIFICA,CARRETERA NACIONAL,PE-1N,NACIONAL
A-2022-09-195,V-2022-09-195-1,P-2022-09-195-1-2,LIMA,LIMA,LOS OLIVOS,PEATÓN,FALLECIDO,,EN EL LUGAR DE LOS HECHOS,NO IDENTIFICADO,PERÚ,,MASCULINO,,NO CONDUCTOR,NO CONDUCTOR,SI,,,MINIBUS,26/09/2022,2022,SETIEMBRE,LUNES,18,ATROPELLO,EN PROCESO DE INVESTIGACIÓN,NO CUENTA CON CAUSA ESPECIFICA,CARRETERA NACIONAL,PE-1N,NACIONAL
A-2022-10-146,V-2022-10-146-1,P-2022-10-146-1-1,LIMA,LIMA,CIENEGUILLA,CONDUCTOR,NO SE CONOCE,,,NO IDENTIFICADO,,,NO INDICA,,SIN DNI IDENTIFICADO,SIN DNI IDENTIFICADO,NO,,NO,AUTOMÓVIL,01/10/2022,2022,OCTUBRE,SÁBADO,4,CHOQUE,EN PROCESO DE INVESTIGACIÓN,NO CUENTA CON CAUSA ESPECIFICA,AVENIDA,NO CORRESPONDE,URBANO
A-2022-10-146,V-2022-10-146-2,P-2022-10-146-2-1,LIMA,LIMA,CIENEGUILLA,CONDUCTOR,FALLECIDO,,EN EL CENTRO DE SALUD,IDENTIFICADO,PERÚ,44,MASCULINO,,VENCIDA,B II C,SI,,,TRIMOTO PASAJERO,01/10/2022,2022,OCTUBRE,SÁBADO,4,CHOQUE,EN PROCESO DE INVESTIGACIÓN,NO CUENTA CON CAUSA ESPECIFICA,AVENIDA,NO CORRESPONDE,URBANO
A-2022-10-146,V-2022-10-146-2,P-2022-10-146-2-2,LIMA,LIMA,CIENEGUILLA,PASAJERO,LESIONADO,CENTRO DE SALUD PÚBLICO,,IDENTIFICADO,PERÚ,40,FEMENINO,,NO CONDUCTOR,NO CONDUCTOR,NO,,,TRIMOTO PASAJERO,01/10/2022,2022,OCTUBRE,SÁBADO,4,CHOQUE,EN PROCESO DE INVESTIGACIÓN,NO CUENTA CON CAUSA ESPECIFICA,AVENIDA,NO CORRESPONDE,URBANO
A-2022-10-144,V-2022-10-144-1,P-2022-10-144-1-1,LIMA,LIMA,CHORRILLOS,CONDUCTOR,ILESO,,,IDENTIFICADO,PERÚ,28,MASCULINO,SI,VIGENTE,A I,SI,,,CAMIÓN,03/10/2022,2022,OCTUBRE,LUNES,7,ATROPELLO,EN PROCESO DE INVESTIGACIÓN,NO CUENTA CON CAUSA ESPECIFICA,AVENIDA,NO CORRESPONDE,URBANO
A-2022-10-144,V-2022-10-144-1,P-2022-10-144-1-2,LIMA,LIMA,CHORRILLOS,PEATÓN,FALLECIDO,,EN EL LUGAR DE LOS HECHOS,IDENTIFICADO,PERÚ,74,MASCULINO,,NO CONDUCTOR,NO CONDUCTOR,NO,,,CAMIÓN,03/10/2022,2022,OCTUBRE,LUNES,7,ATROPELLO,EN PROCESO DE INVESTIGACIÓN,NO CUENTA CON CAUSA ESPECIFICA,AVENIDA,NO CORRESPONDE,URBANO
A-2022-10-143,V-2022-10-143-1,P-2022-10-143-1-1,LIMA,LIMA,PUNTA HERMOSA,CONDUCTOR,FALLECIDO,,,IDENTIFICADO,,33,MASCULINO,,SIN LICENCIA,SIN LICENCIA,,,,MOTOCICLETA,03/10/2022,2022,OCTUBRE,LUNES,16,DESPISTE,EN PROCESO DE INVESTIGACIÓN,NO CUENTA CON CAUSA ESPECIFICA,CARRETERA NACIONAL,PE-1S,NACIONAL
A-2022-10-142,V-2022-10-142-1,P-2022-10-142-1-1,LIMA,LIMA,LA MOLINA,CONDUCTOR,ILESO,,,IDENTIFICADO,PERÚ,46,MASCULINO,SI,VIGENTE,A II B,SI,,,CAMIÓN,04/10/2022,2022,OCTUBRE,MARTES,17,ATROPELLO,EN PROCESO DE INVESTIGACIÓN,NO CUENTA CON CAUSA ESPECIFICA,CARRETERA DEPARTAMENTAL,LM-117,DEPARTAMENTAL
A-2022-10-142,V-2022-10-142-1,P-2022-10-142-1-2,LIMA,LIMA,LA MOLINA,PEATÓN,FALLECIDO,,EN EL LUGAR DE LOS HECHOS,IDENTIFICADO,PERÚ,65,MASCULINO,,NO CONDUCTOR,NO CONDUCTOR,NO,,,CAMIÓN,04/10/2022,2022,OCTUBRE,MARTES,17,ATROPELLO,EN PROCESO DE INVESTIGACIÓN,NO CUENTA CON CAUSA ESPECIFICA,CARRETERA DEPARTAMENTAL,LM-117,DEPARTAMENTAL
A-2022-10-139,V-2022-10-139-1,P-2022-10-139-1-1,LIMA,LIMA,SAN JUAN DE MIRAFLORES,CONDUCTOR,ILESO,,,IDENTIFICADO,PERÚ,39,MASCULINO,,CANCELADA,A II A,SI,,,AUTOMÓVIL,09/10/2022,2022,OCTUBRE,DOMINGO,3,ATROPELLO,EN PROCESO DE INVESTIGACIÓN,NO CUENTA CON CAUSA ESPECIFICA,CARRETERA NACIONAL,PE-1S,NACIONAL
A-2022-10-139,V-2022-10-139-1,P-2022-10-139-1-2,LIMA,LIMA,SAN JUAN DE MIRAFLORES,PEATÓN,FALLECIDO,,EN EL CENTRO DE SALUD,NO IDENTIFICADO,PERÚ,,MASCULINO,,NO CONDUCTOR,NO CONDUCTOR,NO,,,AUTOMÓVIL,09/10/2022,2022,OCTUBRE,DOMINGO,3,ATROPELLO,EN PROCESO DE INVESTIGACIÓN,NO CUENTA CON CAUSA ESPECIFICA,CARRETERA NACIONAL,PE-1S,NACIONAL
A-2022-10-217,V-2022-10-217-1,P-2022-10-217-1-1,LIMA,LIMA,SAN JUAN DE LURIGANCHO,CONDUCTOR FUGADO,NO SE CONOCE,,,NO IDENTIFICADO,,,NO INDICA,,FUGADO,FUGADO,NO,,NO,VEHICULO NO IDENTIFICADO,09/10/2022,2022,OCTUBRE,DOMINGO,20,ATROPELLO FUGA,EN PROCESO DE INVESTIGACIÓN,NO CUENTA CON CAUSA ESPECIFICA,CARRETERA NACIONAL,PE-22,NACIONAL
A-2022-10-217,V-2022-10-217-1,P-2022-10-217-1-2,LIMA,LIMA,SAN JUAN DE LURIGANCHO,PEATÓN,FALLECIDO,,EN EL CENTRO DE SALUD,IDENTIFICADO,PERÚ,33,MASCULINO,,NO CONDUCTOR,NO CONDUCTOR,,,,VEHICULO NO IDENTIFICADO,09/10/2022,2022,OCTUBRE,DOMINGO,20,ATROPELLO FUGA,EN PROCESO DE INVESTIGACIÓN,NO CUENTA CON CAUSA ESPECIFICA,CARRETERA NACIONAL,PE-22,NACIONAL
A-2022-10-137,V-2022-10-137-1,P-2022-10-137-1-1,LIMA,LIMA,LURIGANCHO,CONDUCTOR,ILESO,,,IDENTIFICADO,PERÚ,18,MASCULINO,SI,VIGENTE,A III C,SI,,,REMOLCADOR,10/10/2022,2022,OCTUBRE,LUNES,8,ATROPELLO,EN PROCESO DE INVESTIGACIÓN,NO CUENTA CON CAUSA ESPECIFICA,AVENIDA,NO CORRESPONDE,URBANO
A-2022-10-137,V-2022-10-137-1,P-2022-10-137-1-2,LIMA,LIMA,LURIGANCHO,PEATÓN,FALLECIDO,,EN EL LUGAR DE LOS HECHOS,IDENTIFICADO,PERÚ,9,MASCULINO,,NO CONDUCTOR,NO CONDUCTOR,SI,,,REMOLCADOR,10/10/2022,2022,OCTUBRE,LUNES,8,ATROPELLO,EN PROCESO DE INVESTIGACIÓN,NO CUENTA CON CAUSA ESPECIFICA,AVENIDA,NO CORRESPONDE,URBANO
A-2022-10-136,V-2022-10-136-1,P-2022-10-136-1-1,LIMA,LIMA,MIRAFLORES,CONDUCTOR,ILESO,,,IDENTIFICADO,PERÚ,61,MASCULINO,SI,VIGENTE,A III C,NO,NEGATIVO,NO,ÓMNIBUS,10/10/2022,2022,OCTUBRE,LUNES,10,ATROPELLO,EN PROCESO DE INVESTIGACIÓN,NO CUENTA CON CAUSA ESPECIFICA,AVENIDA,NO CORRESPONDE,URBANO
A-2022-10-136,V-2022-10-136-1,P-2022-10-136-1-2,LIMA,LIMA,MIRAFLORES,PEATÓN,FALLECIDO,,EN EL CENTRO DE SALUD,IDENTIFICADO,PERÚ,72,FEMENINO,,NO CONDUCTOR,NO CONDUCTOR,NO,,NO,ÓMNIBUS,10/10/2022,2022,OCTUBRE,LUNES,10,ATROPELLO,EN PROCESO DE INVESTIGACIÓN,NO CUENTA CON CAUSA ESPECIFICA,AVENIDA,NO CORRESPONDE,URBANO
A-2022-10-138,V-2022-10-138-1,P-2022-10-138-1-1,LIMA,LIMA,LOS OLIVOS,CONDUCTOR,ILESO,,,IDENTIFICADO,PERÚ,50,MASCULINO,SI,VIGENTE,A III C,SI,,,REMOLCADOR,10/10/2022,2022,OCTUBRE,LUNES,13,ATROPELLO,EN PROCESO DE INVESTIGACIÓN,NO CUENTA CON CAUSA ESPECIFICA,AVENIDA,NO CORRESPONDE,URBANO
A-2022-10-138,V-2022-10-138-1,P-2022-10-138-1-2,LIMA,LIMA,LOS OLIVOS,PEATÓN,FALLECIDO,,EN EL LUGAR DE LOS HECHOS,IDENTIFICADO,PERÚ,59,FEMENINO,,NO CONDUCTOR,NO CONDUCTOR,NO,,,REMOLCADOR,10/10/2022,2022,OCTUBRE,LUNES,13,ATROPELLO,EN PROCESO DE INVESTIGACIÓN,NO CUENTA CON CAUSA ESPECIFICA,AVENIDA,NO CORRESPONDE,URBANO
A-2022-10-121,V-2022-10-121-1,P-2022-10-121-1-1,CALLAO,CALLAO,CALLAO,CONDUCTOR,ILESO,,,IDENTIFICADO,PERÚ,57,MASCULINO,SI,VIGENTE,A III C,NO,,SI,REMOLCADOR-SEMIREMOLQUE,12/10/2022,2022,OCTUBRE,MIÉRCOLES,14,ATROPELLO,IMPRUDENCIA DEL PEATÓN,CRUCE INDEBIDO POR LA CALZADA,CARRETERA NACIONAL,PE-20,NACIONAL
A-2022-10-121,V-2022-10-121-1,P-2022-10-121-1-2,CALLAO,CALLAO,CALLAO,PEATÓN,FALLECIDO,,EN EL CENTRO DE SALUD,IDENTIFICADO,PERÚ,88,MASCULINO,,NO CONDUCTOR,NO CONDUCTOR,NO,,SI,REMOLCADOR-SEMIREMOLQUE,12/10/2022,2022,OCTUBRE,MIÉRCOLES,14,ATROPELLO,IMPRUDENCIA DEL PEATÓN,CRUCE INDEBIDO POR LA CALZADA,CARRETERA NACIONAL,PE-20,NACIONAL
A-2022-10-135,V-2022-10-135-1,P-2022-10-135-1-1,LIMA,LIMA,VILLA MARIA DEL TRIUNFO,CONDUCTOR,LESIONADO,CENTRO DE SALUD PÚBLICO,,IDENTIFICADO,VENEZUELA,29,MASCULINO,,VIGENTE,B,NO,,NO,MOTOCICLETA,12/10/2022,2022,OCTUBRE,MIÉRCOLES,15,CHOQUE,EN PROCESO DE INVESTIGACIÓN,NO CUENTA CON CAUSA ESPECIFICA,AVENIDA,NO CORRESPONDE,URBANO
A-2022-10-135,V-2022-10-135-2,P-2022-10-135-2-1,LIMA,LIMA,VILLA MARIA DEL TRIUNFO,CONDUCTOR,LESIONADO,CENTRO DE SALUD PÚBLICO,,IDENTIFICADO,VENEZUELA,24,MASCULINO,,SIN LICENCIA,SIN LICENCIA,NO,,NO,TRIMOTO PASAJERO,12/10/2022,2022,OCTUBRE,MIÉRCOLES,15,CHOQUE,EN PROCESO DE INVESTIGACIÓN,NO CUENTA CON CAUSA ESPECIFICA,AVENIDA,NO CORRESPONDE,URBANO
A-2022-10-135,V-2022-10-135-2,P-2022-10-135-2-2,LIMA,LIMA,VILLA MARIA DEL TRIUNFO,PASAJERO,FALLECIDO,,EN EL CENTRO DE SALUD,IDENTIFICADO,PERÚ,2,FEMENINO,,NO CONDUCTOR,NO CONDUCTOR,NO,,NO,TRIMOTO PASAJERO,12/10/2022,2022,OCTUBRE,MIÉRCOLES,15,CHOQUE,EN PROCESO DE INVESTIGACIÓN,NO CUENTA CON CAUSA ESPECIFICA,AVENIDA,NO CORRESPONDE,URBANO
A-2022-10-134,V-2022-10-134-1,P-2022-10-134-1-1,LIMA,LIMA,PUNTA HERMOSA,CONDUCTOR,ILESO,,,IDENTIFICADO,PERÚ,24,MASCULINO,SI,VIGENTE,A II A,NO,,NO,CAMIONETA RURAL,15/10/2022,2022,OCTUBRE,SÁBADO,22,ATROPELLO,EN PROCESO DE INVESTIGACIÓN,NO CUENTA CON CAUSA ESPECIFICA,AVENIDA,NO CORRESPONDE,URBANO
A-2022-10-134,V-2022-10-134-1,P-2022-10-134-1-2,LIMA,LIMA,PUNTA HERMOSA,PEATÓN,FALLECIDO,,EN EL LUGAR DE LOS HECHOS,IDENTIFICADO,PERÚ,48,MASCULINO,,NO CONDUCTOR,NO CONDUCTOR,NO,,NO,CAMIONETA RURAL,15/10/2022,2022,OCTUBRE,SÁBADO,22,ATROPELLO,EN PROCESO DE INVESTIGACIÓN,NO CUENTA CON CAUSA ESPECIFICA,AVENIDA,NO CORRESPONDE,URBANO
A-2022-10-117,V-2022-10-117-1,P-2022-10-117-1-1,CALLAO,CALLAO,VENTANILLA,CONDUCTOR,ILESO,,,IDENTIFICADO,PERÚ,42,MASCULINO,SI,VIGENTE,A III C,NO,,SI,CAMIÓN,18/10/2022,2022,OCTUBRE,MARTES,2,CAÍDA DE PASAJERO,IMPRUDENCIA DEL CONDUCTOR,EXCESO DE VELOCIDAD,AVENIDA,NO CORRESPONDE,URBANO
A-2022-10-117,V-2022-10-117-1,P-2022-10-117-1-2,CALLAO,CALLAO,VENTANILLA,PASAJERO,FALLECIDO,,EN EL CENTRO DE SALUD,IDENTIFICADO,PERÚ,50,FEMENINO,,NO CONDUCTOR,NO CONDUCTOR,NO,,SI,CAMIÓN,18/10/2022,2022,OCTUBRE,MARTES,2,CAÍDA DE PASAJERO,IMPRUDENCIA DEL CONDUCTOR,EXCESO DE VELOCIDAD,AVENIDA,NO CORRESPONDE,URBANO
A-2022-10-133,V-2022-10-133-1,P-2022-10-133-1-1,LIMA,LIMA,SAN MARTIN DE PORRES,CONDUCTOR,FALLECIDO,,,IDENTIFICADO,,51,MASCULINO,,,A II A,,,,MOTOCICLETA,18/10/2022,2022,OCTUBRE,MARTES,19,DESPISTE,EN PROCESO DE INVESTIGACIÓN,NO CUENTA CON CAUSA ESPECIFICA,AVENIDA,NO CORRESPONDE,URBANO
A-2022-10-132,V-2022-10-132-1,P-2022-10-132-1-1,LIMA,LIMA,PUNTA HERMOSA,CONDUCTOR,ILESO,,,IDENTIFICADO,PERÚ,33,MASCULINO,SI,VIGENTE,A III C,SI,,,CAMIÓN,21/10/2022,2022,OCTUBRE,VIERNES,3,CHOQUE,EN PROCESO DE INVESTIGACIÓN,NO CUENTA CON CAUSA ESPECIFICA,CARRETERA NACIONAL,PE-1S,NACIONAL
A-2022-10-132,V-2022-10-132-2,P-2022-10-132-1-2,LIMA,LIMA,PUNTA HERMOSA,PASAJERO,FALLECIDO,,,IDENTIFICADO,,38,FEMENINO,,NO CONDUCTOR,NO CONDUCTOR,,,,CAMIONETA RURAL,21/10/2022,2022,OCTUBRE,VIERNES,3,CHOQUE,EN PROCESO DE INVESTIGACIÓN,NO CUENTA CON CAUSA ESPECIFICA,CARRETERA NACIONAL,PE-1S,NACIONAL
A-2022-10-132,V-2022-10-132-2,P-2022-10-132-2-1,LIMA,LIMA,PUNTA HERMOSA,CONDUCTOR,FALLECIDO,,EN EL LUGAR DE LOS HECHOS,IDENTIFICADO,PERÚ,50,MASCULINO,SI,VIGENTE,A II B,NO,,NO,CAMIONETA RURAL,21/10/2022,2022,OCTUBRE,VIERNES,3,CHOQUE,EN PROCESO DE INVESTIGACIÓN,NO CUENTA CON CAUSA ESPECIFICA,CARRETERA NACIONAL,PE-1S,NACIONAL
A-2022-10-132,V-2022-10-132-2,P-2022-10-132-2-2,LIMA,LIMA,PUNTA HERMOSA,PASAJERO,FALLECIDO,,,IDENTIFICADO,,13,FEMENINO,,NO CONDUCTOR,NO CONDUCTOR,,,,CAMIONETA RURAL,21/10/2022,2022,OCTUBRE,VIERNES,3,CHOQUE,EN PROCESO DE INVESTIGACIÓN,NO CUENTA CON CAUSA ESPECIFICA,CARRETERA NACIONAL,PE-1S,NACIONAL
A-2022-10-132,V-2022-10-132-2,P-2022-10-132-2-3,LIMA,LIMA,PUNTA HERMOSA,PASAJERO,FALLECIDO,,,IDENTIFICADO,,7,MASCULINO,,NO CONDUCTOR,NO CONDUCTOR,,,,CAMIONETA RURAL,21/10/2022,2022,OCTUBRE,VIERNES,3,CHOQUE,EN PROCESO DE INVESTIGACIÓN,NO CUENTA CON CAUSA ESPECIFICA,CARRETERA NACIONAL,PE-1S,NACIONAL
A-2022-10-132,V-2022-10-132-2,P-2022-10-132-2-4,LIMA,LIMA,PUNTA HERMOSA,PASAJERO,FALLECIDO,,,IDENTIFICADO,,55,MASCULINO,,NO CONDUCTOR,NO CONDUCTOR,,,,CAMIONETA RURAL,21/10/2022,2022,OCTUBRE,VIERNES,3,CHOQUE,EN PROCESO DE INVESTIGACIÓN,NO CUENTA CON CAUSA ESPECIFICA,CARRETERA NACIONAL,PE-1S,NACIONAL
A-2022-10-132,V-2022-10-132-2,P-2022-10-132-2-5,LIMA,LIMA,PUNTA HERMOSA,PASAJERO,FALLECIDO,,,NO IDENTIFICADO,,,NO INDICA,,NO CONDUCTOR,NO CONDUCTOR,,,,CAMIONETA RURAL,21/10/2022,2022,OCTUBRE,VIERNES,3,CHOQUE,EN PROCESO DE INVESTIGACIÓN,NO CUENTA CON CAUSA ESPECIFICA,CARRETERA NACIONAL,PE-1S,NACIONAL
A-2022-10-132,V-2022-10-132-2,P-2022-10-132-2-6,LIMA,LIMA,PUNTA HERMOSA,PASAJERO,FALLECIDO,,,NO IDENTIFICADO,,,NO INDICA,,NO CONDUCTOR,NO CONDUCTOR,,,,CAMIONETA RURAL,21/10/2022,2022,OCTUBRE,VIERNES,3,CHOQUE,EN PROCESO DE INVESTIGACIÓN,NO CUENTA CON CAUSA ESPECIFICA,CARRETERA NACIONAL,PE-1S,NACIONAL
A-2022-10-132,V-2022-10-132-2,P-2022-10-132-2-7,LIMA,LIMA,PUNTA HERMOSA,PASAJERO,LESIONADO,,,IDENTIFICADO,,46,MASCULINO,,NO CONDUCTOR,NO CONDUCTOR,,,,CAMIONETA RURAL,21/10/2022,2022,OCTUBRE,VIERNES,3,CHOQUE,EN PROCESO DE INVESTIGACIÓN,NO CUENTA CON CAUSA ESPECIFICA,CARRETERA NACIONAL,PE-1S,NACIONAL
A-2022-10-132,V-2022-10-132-2,P-2022-10-132-2-8,LIMA,LIMA,PUNTA HERMOSA,PASAJERO,LESIONADO,,,IDENTIFICADO,,72,MASCULINO,,NO CONDUCTOR,NO CONDUCTOR,,,,CAMIONETA RURAL,21/10/2022,2022,OCTUBRE,VIERNES,3,CHOQUE,EN PROCESO DE INVESTIGACIÓN,NO CUENTA CON CAUSA ESPECIFICA,CARRETERA NACIONAL,PE-1S,NACIONAL
A-2022-10-132,V-2022-10-132-2,P-2022-10-132-2-9,LIMA,LIMA,PUNTA HERMOSA,PASAJERO,LESIONADO,,,NO IDENTIFICADO,,,NO INDICA,,NO CONDUCTOR,NO CONDUCTOR,,,,CAMIONETA RURAL,21/10/2022,2022,OCTUBRE,VIERNES,3,CHOQUE,EN PROCESO DE INVESTIGACIÓN,NO CUENTA CON CAUSA ESPECIFICA,CARRETERA NACIONAL,PE-1S,NACIONAL
A-2022-10-123,V-2022-10-123-1,P-2022-10-123-1-1,CALLAO,CALLAO,CALLAO,CONDUCTOR,ILESO,,,IDENTIFICADO,PERÚ,28,MASCULINO,SI,VIGENTE,A I,NO,,SI,AUTOMÓVIL,21/10/2022,2022,OCTUBRE,VIERNES,16,ATROPELLO,IMPRUDENCIA DEL CONDUCTOR,OTRO (IMPRUDENCIA DEL CONDUCTOR),CARRETERA NACIONAL,PE-20,NACIONAL
A-2022-10-123,V-2022-10-123-1,P-2022-10-123-1-2,CALLAO,CALLAO,CALLAO,PEATÓN,FALLECIDO,,EN EL CENTRO DE SALUD,IDENTIFICADO,PERÚ,79,MASCULINO,,NO CONDUCTOR,NO CONDUCTOR,NO,,SI,AUTOMÓVIL,21/10/2022,2022,OCTUBRE,VIERNES,16,ATROPELLO,IMPRUDENCIA DEL CONDUCTOR,OTRO (IMPRUDENCIA DEL CONDUCTOR),CARRETERA NACIONAL,PE-20,NACIONAL
A-2022-10-122,V-2022-10-122-1,P-2022-10-122-1-1,CALLAO,CALLAO,CALLAO,CONDUCTOR,ILESO,,,IDENTIFICADO,PERÚ,20,MASCULINO,SI,VIGENTE,A I,NO,,SI,AUTOMÓVIL,22/10/2022,2022,OCTUBRE,SÁBADO,21,ATROPELLO,IMPRUDENCIA DEL PEATÓN,ESTADO DE EBRIEDAD Y/O DROGADICCIÓN,AVENIDA,NO CORRESPONDE,URBANO
A-2022-10-122,V-2022-10-122-1,P-2022-10-122-1-2,CALLAO,CALLAO,CALLAO,PEATÓN,FALLECIDO,,EN EL LUGAR DE LOS HECHOS,IDENTIFICADO,PERÚ,51,MASCULINO,,NO CONDUCTOR,NO CONDUCTOR,NO,,SI,AUTOMÓVIL,22/10/2022,2022,OCTUBRE,SÁBADO,21,ATROPELLO,IMPRUDENCIA DEL PEATÓN,ESTADO DE EBRIEDAD Y/O DROGADICCIÓN,AVENIDA,NO CORRESPONDE,URBANO
A-2022-10-148,V-2022-10-148-1,P-2022-10-148-1-1,LIMA,LIMA,COMAS,CONDUCTOR,ILESO,,,IDENTIFICADO,PERÚ,31,MASCULINO,,SIN LICENCIA,SIN LICENCIA,SI,,,CAMIONETA PICK UP,24/10/2022,2022,OCTUBRE,LUNES,8,CHOQUE,EN PROCESO DE INVESTIGACIÓN,NO CUENTA CON CAUSA ESPECIFICA,AVENIDA,NO CORRESPONDE,URBANO
A-2022-10-148,V-2022-10-148-1,P-2022-10-148-1-2,LIMA,LIMA,COMAS,PEATÓN,FALLECIDO,,EN EL CENTRO DE SALUD,IDENTIFICADO,PERÚ,62,MASCULINO,,NO CONDUCTOR,NO CONDUCTOR,SI,,,CAMIONETA PICK UP,24/10/2022,2022,OCTUBRE,LUNES,8,CHOQUE,EN PROCESO DE INVESTIGACIÓN,NO CUENTA CON CAUSA ESPECIFICA,AVENIDA,NO CORRESPONDE,URBANO
A-2022-10-148,V-2022-10-148-2,P-2022-10-148-2-1,LIMA,LIMA,COMAS,CONDUCTOR,ILESO,,,IDENTIFICADO,PERÚ,38,MASCULINO,SI,VIGENTE,A I,SI,,,AUTOMÓVIL,24/10/2022,2022,OCTUBRE,LUNES,8,CHOQUE,EN PROCESO DE INVESTIGACIÓN,NO CUENTA CON CAUSA ESPECIFICA,AVENIDA,NO CORRESPONDE,URBANO
A-2022-10-147,V-2022-10-147-1,P-2022-10-147-1-1,LIMA,LIMA,CHORRILLOS,CONDUCTOR,ILESO,,,IDENTIFICADO,PERÚ,29,MASCULINO,SI,VIGENTE,A I,SI,,,CAMIÓN,27/10/2022,2022,OCTUBRE,JUEVES,8,ATROPELLO,EN PROCESO DE INVESTIGACIÓN,NO CUENTA CON CAUSA ESPECIFICA,AVENIDA,NO CORRESPONDE,URBANO
A-2022-10-147,V-2022-10-147-1,P-2022-10-147-1-2,LIMA,LIMA,CHORRILLOS,PEATÓN,FALLECIDO,,EN EL CENTRO DE SALUD,IDENTIFICADO,PERÚ,15,MASCULINO,,NO CONDUCTOR,NO CONDUCTOR,SI,,,CAMIÓN,27/10/2022,2022,OCTUBRE,JUEVES,8,ATROPELLO,EN PROCESO DE INVESTIGACIÓN,NO CUENTA CON CAUSA ESPECIFICA,AVENIDA,NO CORRESPONDE,URBANO
A-2022-10-130,V-2022-10-130-1,P-2022-10-130-1-1,LIMA,LIMA,ANCON,CONDUCTOR,ILESO,,,IDENTIFICADO,PERÚ,73,MASCULINO,,SIN DNI IDENTIFICADO,SIN DNI IDENTIFICADO,NO,,NO,CAMIÓN,30/10/2022,2022,OCTUBRE,DOMINGO,7,CHOQUE,EN PROCESO DE INVESTIGACIÓN,NO CUENTA CON CAUSA ESPECIFICA,CARRETERA NACIONAL,PE-1N,NACIONAL
A-2022-10-130,V-2022-10-130-2,P-2022-10-130-2-1,LIMA,LIMA,ANCON,CONDUCTOR,FALLECIDO,,EN EL LUGAR DE LOS HECHOS,IDENTIFICADO,PERÚ,32,MASCULINO,,SIN DNI IDENTIFICADO,SIN DNI IDENTIFICADO,NO,,NO,MOTOCICLETA,30/10/2022,2022,OCTUBRE,DOMINGO,7,CHOQUE,EN PROCESO DE INVESTIGACIÓN,NO CUENTA CON CAUSA ESPECIFICA,CARRETERA NACIONAL,PE-1N,NACIONAL
A-2022-10-129,V-2022-10-129-1,P-2022-10-129-1-1,LIMA,LIMA,LOS OLIVOS,CONDUCTOR,ILESO,,,IDENTIFICADO,PERÚ,25,MASCULINO,SI,VIGENTE,A II A,NO,,NO,AUTOMÓVIL,30/10/2022,2022,OCTUBRE,DOMINGO,16,CHOQUE FUGA,EN PROCESO DE INVESTIGACIÓN,NO CUENTA CON CAUSA ESPECIFICA,JIRÓN,NO CORRESPONDE,URBANO
A-2022-10-129,V-2022-10-129-2,P-2022-10-129-2-1,LIMA,LIMA,LOS OLIVOS,CONDUCTOR,NO SE CONOCE,,,NO IDENTIFICADO,,,NO INDICA,,SIN DNI IDENTIFICADO,SIN DNI IDENTIFICADO,,,,TRIMOTO PASAJERO,30/10/2022,2022,OCTUBRE,DOMINGO,16,CHOQUE FUGA,EN PROCESO DE INVESTIGACIÓN,NO CUENTA CON CAUSA ESPECIFICA,JIRÓN,NO CORRESPONDE,URBANO
A-2022-10-129,V-2022-10-129-2,P-2022-10-129-2-2,LIMA,LIMA,LOS OLIVOS,PASAJERO,FALLECIDO,,EN EL CENTRO DE SALUD,IDENTIFICADO,PERÚ,1,MASCULINO,,NO CONDUCTOR,NO CONDUCTOR,NO,,NO,TRIMOTO PASAJERO,30/10/2022,2022,OCTUBRE,DOMINGO,16,CHOQUE FUGA,EN PROCESO DE INVESTIGACIÓN,NO CUENTA CON CAUSA ESPECIFICA,JIRÓN,NO CORRESPONDE,URBANO
A-2022-10-129,V-2022-10-129-2,P-2022-10-129-2-3,LIMA,LIMA,LOS OLIVOS,PASAJERO,LESIONADO,CENTRO DE SALUD PÚBLICO,,IDENTIFICADO,PERÚ,25,MASCULINO,,NO CONDUCTOR,NO CONDUCTOR,NO,,NO,TRIMOTO PASAJERO,30/10/2022,2022,OCTUBRE,DOMINGO,16,CHOQUE FUGA,EN PROCESO DE INVESTIGACIÓN,NO CUENTA CON CAUSA ESPECIFICA,JIRÓN,NO CORRESPONDE,URBANO
A-2022-10-128,V-2022-10-128-1,P-2022-10-128-1-1,LIMA,LIMA,VILLA MARIA DEL TRIUNFO,CONDUCTOR,ILESO,,,IDENTIFICADO,PERÚ,40,MASCULINO,SI,VIGENTE,A III A,NO,,NO,CAMIONETA RURAL,30/10/2022,2022,OCTUBRE,DOMINGO,21,CHOQUE,EN PROCESO DE INVESTIGACIÓN,NO CUENTA CON CAUSA ESPECIFICA,AVENIDA,NO CORRESPONDE,URBANO
A-2022-10-128,V-2022-10-128-1,P-2022-10-128-1-2,LIMA,LIMA,VILLA MARIA DEL TRIUNFO,PASAJERO,LESIONADO,CENTRO DE SALUD PÚBLICO,,IDENTIFICADO,PERÚ,53,MASCULINO,,NO CONDUCTOR,NO CONDUCTOR,NO,,NO,CAMIONETA RURAL,30/10/2022,2022,OCTUBRE,DOMINGO,21,CHOQUE,EN PROCESO DE INVESTIGACIÓN,NO CUENTA CON CAUSA ESPECIFICA,AVENIDA,NO CORRESPONDE,URBANO
A-2022-10-128,V-2022-10-128-2,P-2022-10-128-2-1,LIMA,LIMA,VILLA MARIA DEL TRIUNFO,CONDUCTOR,FALLECIDO,,EN EL LUGAR DE LOS HECHOS,IDENTIFICADO,PERÚ,26,MASCULINO,SI,VIGENTE,A II A,NO,,NO,AUTOMÓVIL,30/10/2022,2022,OCTUBRE,DOMINGO,21,CHOQUE,EN PROCESO DE INVESTIGACIÓN,NO CUENTA CON CAUSA ESPECIFICA,AVENIDA,NO CORRESPONDE,URBANO
A-2022-10-126,V-2022-10-126-1,P-2022-10-126-1-1,LIMA,LIMA,LA MOLINA,CONDUCTOR,ILESO,,,IDENTIFICADO,PERÚ,26,MASCULINO,,VIGENTE,B II C,NO,,NO,MOTOCICLETA,31/10/2022,2022,OCTUBRE,LUNES,18,VOLCADURA,EN PROCESO DE INVESTIGACIÓN,NO CUENTA CON CAUSA ESPECIFICA,CARRETERA NACIONAL,PE-1NA,NACIONAL
A-2022-10-126,V-2022-10-126-1,P-2022-10-126-1-2,LIMA,LIMA,LA MOLINA,PASAJERO,FALLECIDO,,EN EL LUGAR DE LOS HECHOS,IDENTIFICADO,PERÚ,22,FEMENINO,,NO CONDUCTOR,NO CONDUCTOR,NO,,NO,MOTOCICLETA,31/10/2022,2022,OCTUBRE,LUNES,18,VOLCADURA,EN PROCESO DE INVESTIGACIÓN,NO CUENTA CON CAUSA ESPECIFICA,CARRETERA NACIONAL,PE-1NA,NACIONAL
A-2022-11-155,V-2022-11-155-1,P-2022-11-155-1-1,LIMA,LIMA,PUCUSANA,CONDUCTOR,FALLECIDO,,EN EL LUGAR DE LOS HECHOS,IDENTIFICADO,PERÚ,74,MASCULINO,SI,VIGENTE,A I,,,,CAMIONETA PANEL,01/11/2022,2022,NOVIEMBRE,MARTES,6,DESPISTE,EN PROCESO DE INVESTIGACIÓN,NO CUENTA CON CAUSA ESPECIFICA,CARRETERA NACIONAL,PE-1S,NACIONAL
A-2022-11-155,V-2022-11-155-1,P-2022-11-155-1-2,LIMA,LIMA,PUCUSANA,PASAJERO,LESIONADO,OTRO,,IDENTIFICADO,PERÚ,22,FEMENINO,,NO CONDUCTOR,NO CONDUCTOR,NO,,NO,CAMIONETA PANEL,01/11/2022,2022,NOVIEMBRE,MARTES,6,DESPISTE,EN PROCESO DE INVESTIGACIÓN,NO CUENTA CON CAUSA ESPECIFICA,CARRETERA NACIONAL,PE-1S,NACIONAL
A-2022-11-155,V-2022-11-155-1,P-2022-11-155-1-3,LIMA,LIMA,PUCUSANA,PASAJERO,LESIONADO,OTRO,,IDENTIFICADO,PERÚ,31,MASCULINO,,NO CONDUCTOR,NO CONDUCTOR,NO,,NO,CAMIONETA PANEL,01/11/2022,2022,NOVIEMBRE,MARTES,6,DESPISTE,EN PROCESO DE INVESTIGACIÓN,NO CUENTA CON CAUSA ESPECIFICA,CARRETERA NACIONAL,PE-1S,NACIONAL
A-2022-11-155,V-2022-11-155-1,P-2022-11-155-1-4,LIMA,LIMA,PUCUSANA,PASAJERO,LESIONADO,OTRO,,IDENTIFICADO,PERÚ,19,FEMENINO,,NO CONDUCTOR,NO CONDUCTOR,NO,,NO,CAMIONETA PANEL,01/11/2022,2022,NOVIEMBRE,MARTES,6,DESPISTE,EN PROCESO DE INVESTIGACIÓN,NO CUENTA CON CAUSA ESPECIFICA,CARRETERA NACIONAL,PE-1S,NACIONAL
A-2022-11-155,V-2022-11-155-2,P-2022-11-155-2-1,LIMA,LIMA,PUCUSANA,CONDUCTOR,ILESO,,,IDENTIFICADO,PERÚ,35,MASCULINO,SI,VIGENTE,A III C,,,,SEMIREMOLQUE,01/11/2022,2022,NOVIEMBRE,MARTES,6,DESPISTE,EN PROCESO DE INVESTIGACIÓN,NO CUENTA CON CAUSA ESPECIFICA,CARRETERA NACIONAL,PE-1S,NACIONAL
A-2022-11-155,V-2022-11-155-3,P-2022-11-155-3-1,LIMA,LIMA,PUCUSANA,CONDUCTOR,ILESO,,,IDENTIFICADO,PERÚ,32,MASCULINO,SI,VIGENTE,A III B,,,,REMOLCADOR,01/11/2022,2022,NOVIEMBRE,MARTES,6,DESPISTE,EN PROCESO DE INVESTIGACIÓN,NO CUENTA CON CAUSA ESPECIFICA,CARRETERA NACIONAL,PE-1S,NACIONAL
A-2022-11-156,V-2022-11-156-1,P-2022-11-156-1-1,LIMA,LIMA,SAN MARTIN DE PORRES,CONDUCTOR,ILESO,,,IDENTIFICADO,PERÚ,34,MASCULINO,SI,VIGENTE,A I,,,,AUTOMÓVIL,01/11/2022,2022,NOVIEMBRE,MARTES,7,ATROPELLO,EN PROCESO DE INVESTIGACIÓN,NO CUENTA CON CAUSA ESPECIFICA,AVENIDA,NO CORRESPONDE,URBANO
A-2022-11-156,V-2022-11-156-1,P-2022-11-156-1-2,LIMA,LIMA,SAN MARTIN DE PORRES,PEATÓN,FALLECIDO,,EN EL CENTRO DE SALUD,IDENTIFICADO,PERÚ,36,FEMENINO,,NO CONDUCTOR,NO CONDUCTOR,,,,AUTOMÓVIL,01/11/2022,2022,NOVIEMBRE,MARTES,7,ATROPELLO,EN PROCESO DE INVESTIGACIÓN,NO CUENTA CON CAUSA ESPECIFICA,AVENIDA,NO CORRESPONDE,URBANO
A-2022-11-134,V-2022-11-134-1,P-2022-11-134-1-1,LIMA,LIMA,SAN MIGUEL,CONDUCTOR,FALLECIDO,,EN EL CENTRO DE SALUD,IDENTIFICADO,PERÚ,32,MASCULINO,SI,VIGENTE,B I,,,,MOTOCICLETA,03/11/2022,2022,NOVIEMBRE,JUEVES,0,CHOQUE CON OBJETO FIJO,EN PROCESO DE INVESTIGACIÓN,NO CUENTA CON CAUSA ESPECIFICA,OTRO,NO CORRESPONDE,URBANO
A-2022-11-134,V-2022-11-134-1,P-2022-11-134-1-2,LIMA,LIMA,SAN MIGUEL,PASAJERO,LESIONADO,CENTRO DE SALUD PRIVADO,,IDENTIFICADO,PERÚ,28,FEMENINO,,NO CONDUCTOR,NO CONDUCTOR,NO,,NO,MOTOCICLETA,03/11/2022,2022,NOVIEMBRE,JUEVES,0,CHOQUE CON OBJETO FIJO,EN PROCESO DE INVESTIGACIÓN,NO CUENTA CON CAUSA ESPECIFICA,OTRO,NO CORRESPONDE,URBANO
A-2022-11-135,V-2022-11-135-1,P-2022-11-135-1-1,LIMA,LIMA,PUENTE PIEDRA,CONDUCTOR,ILESO,,,IDENTIFICADO,PERÚ,18,MASCULINO,SI,VIGENTE,A I,,,,AUTOMÓVIL,05/11/2022,2022,NOVIEMBRE,SÁBADO,22,ATROPELLO,EN PROCESO DE INVESTIGACIÓN,NO CUENTA CON CAUSA ESPECIFICA,CARRETERA NACIONAL,PE-1N,NACIONAL
A-2022-11-135,V-2022-11-135-1,P-2022-11-135-1-2,LIMA,LIMA,PUENTE PIEDRA,PEATÓN,FALLECIDO,,EN EL CENTRO DE SALUD,NO IDENTIFICADO,,,MASCULINO,,NO CONDUCTOR,NO CONDUCTOR,,,,AUTOMÓVIL,05/11/2022,2022,NOVIEMBRE,SÁBADO,22,ATROPELLO,EN PROCESO DE INVESTIGACIÓN,NO CUENTA CON CAUSA ESPECIFICA,CARRETERA NACIONAL,PE-1N,NACIONAL
A-2022-11-235,V-2022-11-235-1,P-2022-11-235-1-1,LIMA,LIMA,LURIN,CONDUCTOR FUGADO,NO SE CONOCE,,,NO IDENTIFICADO,PERÚ,,NO INDICA,,FUGADO,FUGADO,NO,,NO,VEHICULO NO IDENTIFICADO,06/11/2022,2022,NOVIEMBRE,DOMINGO,1,ATROPELLO FUGA,EN PROCESO DE INVESTIGACIÓN,NO CUENTA CON CAUSA ESPECIFICA,CARRETERA NACIONAL,PE-1S,NACIONAL
A-2022-11-235,V-2022-11-235-1,P-2022-11-235-1-2,LIMA,LIMA,LURIN,PEATÓN,FALLECIDO,,EN EL LUGAR DE LOS HECHOS,IDENTIFICADO,PERÚ,45,MASCULINO,,NO CONDUCTOR,NO CONDUCTOR,NO,,NO,VEHICULO NO IDENTIFICADO,06/11/2022,2022,NOVIEMBRE,DOMINGO,1,ATROPELLO FUGA,EN PROCESO DE INVESTIGACIÓN,NO CUENTA CON CAUSA ESPECIFICA,CARRETERA NACIONAL,PE-1S,NACIONAL
A-2022-11-239,V-2022-11-239-1,P-2022-11-239-1-1,LIMA,LIMA,LURIN,CONDUCTOR FUGADO,NO SE CONOCE,,,NO IDENTIFICADO,,,NO INDICA,,FUGADO,FUGADO,NO,,NO,VEHICULO NO IDENTIFICADO,06/11/2022,2022,NOVIEMBRE,DOMINGO,5,ATROPELLO FUGA,EN PROCESO DE INVESTIGACIÓN,NO CUENTA CON CAUSA ESPECIFICA,CARRETERA NACIONAL,PE-1S,NACIONAL
A-2022-11-239,V-2022-11-239-1,P-2022-11-239-1-2,LIMA,LIMA,LURIN,PEATÓN,FALLECIDO,,EN EL LUGAR DE LOS HECHOS,IDENTIFICADO,PERÚ,72,FEMENINO,,NO CONDUCTOR,NO CONDUCTOR,,,,VEHICULO NO IDENTIFICADO,06/11/2022,2022,NOVIEMBRE,DOMINGO,5,ATROPELLO FUGA,EN PROCESO DE INVESTIGACIÓN,NO CUENTA CON CAUSA ESPECIFICA,CARRETERA NACIONAL,PE-1S,NACIONAL
A-2022-11-238,V-2022-11-238-1,P-2022-11-238-1-1,LIMA,LIMA,VILLA MARIA DEL TRIUNFO,CONDUCTOR FUGADO,NO SE CONOCE,,,NO IDENTIFICADO,,,NO INDICA,,FUGADO,FUGADO,NO,,NO,VEHICULO NO IDENTIFICADO,06/11/2022,2022,NOVIEMBRE,DOMINGO,19,ATROPELLO FUGA,IMPRUDENCIA DEL PEATÓN,OTRO (IMPRUDENCIA DEL PEATÓN),AVENIDA,NO CORRESPONDE,URBANO
A-2022-11-238,V-2022-11-238-1,P-2022-11-238-1-2,LIMA,LIMA,VILLA MARIA DEL TRIUNFO,PEATÓN,FALLECIDO,,EN EL LUGAR DE LOS HECHOS,IDENTIFICADO,PERÚ,44,MASCULINO,,NO CONDUCTOR,NO CONDUCTOR,,,,VEHICULO NO IDENTIFICADO,06/11/2022,2022,NOVIEMBRE,DOMINGO,19,ATROPELLO FUGA,IMPRUDENCIA DEL PEATÓN,OTRO (IMPRUDENCIA DEL PEATÓN),AVENIDA,NO CORRESPONDE,URBANO
A-2022-11-136,V-2022-11-136-1,P-2022-11-136-1-1,LIMA,LIMA,SAN MARTIN DE PORRES,CONDUCTOR,FALLECIDO,,EN EL LUGAR DE LOS HECHOS,IDENTIFICADO,PERÚ,24,MASCULINO,SI,VIGENTE,B I,,,,MOTOCICLETA,07/11/2022,2022,NOVIEMBRE,LUNES,5,DESPISTE,EN PROCESO DE INVESTIGACIÓN,NO CUENTA CON CAUSA ESPECIFICA,CARRETERA NACIONAL,PE-1N,NACIONAL
A-2022-11-157,V-2022-11-157-1,P-2022-11-157-1-1,LIMA,LIMA,PACHACAMAC,CONDUCTOR,ILESO,,,IDENTIFICADO,PERÚ,30,MASCULINO,SI,VIGENTE,B II C,,,,TRIMOTO PASAJERO,07/11/2022,2022,NOVIEMBRE,LUNES,5,CHOQUE,EN PROCESO DE INVESTIGACIÓN,NO CUENTA CON CAUSA ESPECIFICA,JIRÓN,NO CORRESPONDE,URBANO
A-2022-11-157,V-2022-11-157-1,P-2022-11-157-1-2,LIMA,LIMA,PACHACAMAC,PASAJERO,LESIONADO,OTRO,,IDENTIFICADO,PERÚ,62,FEMENINO,,NO CONDUCTOR,NO CONDUCTOR,NO,,NO,TRIMOTO PASAJERO,07/11/2022,2022,NOVIEMBRE,LUNES,5,CHOQUE,EN PROCESO DE INVESTIGACIÓN,NO CUENTA CON CAUSA ESPECIFICA,JIRÓN,NO CORRESPONDE,URBANO
A-2022-11-157,V-2022-11-157-1,P-2022-11-157-1-3,LIMA,LIMA,PACHACAMAC,PASAJERO,LESIONADO,OTRO,,IDENTIFICADO,PERÚ,32,MASCULINO,,NO CONDUCTOR,NO CONDUCTOR,NO,,NO,TRIMOTO PASAJERO,07/11/2022,2022,NOVIEMBRE,LUNES,5,CHOQUE,EN PROCESO DE INVESTIGACIÓN,NO CUENTA CON CAUSA ESPECIFICA,JIRÓN,NO CORRESPONDE,URBANO
A-2022-11-157,V-2022-11-157-1,P-2022-11-157-1-4,LIMA,LIMA,PACHACAMAC,PASAJERO,FALLECIDO,,EN EL LUGAR DE LOS HECHOS,IDENTIFICADO,PERÚ,28,FEMENINO,,NO CONDUCTOR,NO CONDUCTOR,NO,,NO,TRIMOTO PASAJERO,07/11/2022,2022,NOVIEMBRE,LUNES,5,CHOQUE,EN PROCESO DE INVESTIGACIÓN,NO CUENTA CON CAUSA ESPECIFICA,JIRÓN,NO CORRESPONDE,URBANO
A-2022-11-157,V-2022-11-157-1,P-2022-11-157-1-5,LIMA,LIMA,PACHACAMAC,PASAJERO,LESIONADO,OTRO,,IDENTIFICADO,PERÚ,7,MASCULINO,,NO CONDUCTOR,NO CONDUCTOR,NO,,NO,TRIMOTO PASAJERO,07/11/2022,2022,NOVIEMBRE,LUNES,5,CHOQUE,EN PROCESO DE INVESTIGACIÓN,NO CUENTA CON CAUSA ESPECIFICA,JIRÓN,NO CORRESPONDE,URBANO
A-2022-11-157,V-2022-11-157-2,P-2022-11-157-2-1,LIMA,LIMA,PACHACAMAC,CONDUCTOR,ILESO,,,IDENTIFICADO,PERÚ,32,MASCULINO,,SIN LICENCIA,SIN LICENCIA,,,,CAMIONETA RURAL,07/11/2022,2022,NOVIEMBRE,LUNES,5,CHOQUE,EN PROCESO DE INVESTIGACIÓN,NO CUENTA CON CAUSA ESPECIFICA,JIRÓN,NO CORRESPONDE,URBANO
A-2022-11-231,V-2022-11-231-1,P-2022-11-231-1-1,LIMA,LIMA,CARABAYLLO,CONDUCTOR,ILESO,,,IDENTIFICADO,PERÚ,18,MASCULINO,SI,VIGENTE,B I,,,,MOTOCICLETA,07/11/2022,2022,NOVIEMBRE,LUNES,21,ATROPELLO,EN PROCESO DE INVESTIGACIÓN,NO CUENTA CON CAUSA ESPECIFICA,AVENIDA,NO CORRESPONDE,URBANO
A-2022-11-231,V-2022-11-231-1,P-2022-11-231-1-2,LIMA,LIMA,CARABAYLLO,PEATÓN,FALLECIDO,,EN EL CENTRO DE SALUD,IDENTIFICADO,PERÚ,67,MASCULINO,,NO CONDUCTOR,NO CONDUCTOR,,,,MOTOCICLETA,07/11/2022,2022,NOVIEMBRE,LUNES,21,ATROPELLO,EN PROCESO DE INVESTIGACIÓN,NO CUENTA CON CAUSA ESPECIFICA,AVENIDA,NO CORRESPONDE,URBANO
A-2022-11-137,V-2022-11-137-1,P-2022-11-137-1-1,LIMA,LIMA,LA VICTORIA,CONDUCTOR FUGADO,NO SE CONOCE,,,NO IDENTIFICADO,,,NO INDICA,,FUGADO,FUGADO,,,,VEHICULO NO IDENTIFICADO,07/11/2022,2022,NOVIEMBRE,LUNES,22,ATROPELLO FUGA,EN PROCESO DE INVESTIGACIÓN,NO CUENTA CON CAUSA ESPECIFICA,VIA EXPRESA,NO CORRESPONDE,URBANO
A-2022-11-137,V-2022-11-137-1,P-2022-11-137-1-2,LIMA,LIMA,LA VICTORIA,PEATÓN,FALLECIDO,,EN EL LUGAR DE LOS HECHOS,IDENTIFICADO,PERÚ,72,MASCULINO,,NO CONDUCTOR,NO CONDUCTOR,,,,VEHICULO NO IDENTIFICADO,07/11/2022,2022,NOVIEMBRE,LUNES,22,ATROPELLO FUGA,EN PROCESO DE INVESTIGACIÓN,NO CUENTA CON CAUSA ESPECIFICA,VIA EXPRESA,NO CORRESPONDE,URBANO
A-2022-11-133,V-2022-11-133-1,P-2022-11-133-1-1,CALLAO,CALLAO,CALLAO,CONDUCTOR,ILESO,,,IDENTIFICADO,PERÚ,45,FEMENINO,SI,VIGENTE,A III C,NO,,SI,CAMIÓN,08/11/2022,2022,NOVIEMBRE,MARTES,8,ATROPELLO,EN PROCESO DE INVESTIGACIÓN,NO CUENTA CON CAUSA ESPECIFICA,CARRETERA NACIONAL,PE-20,NACIONAL
A-2022-11-133,V-2022-11-133-1,P-2022-11-133-1-2,CALLAO,CALLAO,CALLAO,PEATÓN,FALLECIDO,,EN EL LUGAR DE LOS HECHOS,IDENTIFICADO,PERÚ,88,MASCULINO,,NO CONDUCTOR,NO CONDUCTOR,NO,,SI,CAMIÓN,08/11/2022,2022,NOVIEMBRE,MARTES,8,ATROPELLO,EN PROCESO DE INVESTIGACIÓN,NO CUENTA CON CAUSA ESPECIFICA,CARRETERA NACIONAL,PE-20,NACIONAL
A-2022-11-119,V-2022-11-119-1,P-2022-11-119-1-1,CALLAO,CALLAO,CALLAO,CONDUCTOR,ILESO,,,IDENTIFICADO,PERÚ,52,MASCULINO,SI,VIGENTE,A III C,NO,,SI,REMOLCADOR-SEMIREMOLQUE,08/11/2022,2022,NOVIEMBRE,MARTES,16,CHOQUE,EN PROCESO DE INVESTIGACIÓN,NO CUENTA CON CAUSA ESPECIFICA,CARRETERA NACIONAL,PE-20,NACIONAL
A-2022-11-119,V-2022-11-119-2,P-2022-11-119-2-1,CALLAO,CALLAO,CALLAO,CONDUCTOR,FALLECIDO,,EN EL LUGAR DE LOS HECHOS,IDENTIFICADO,PERÚ,22,MASCULINO,SI,VIGENTE,B II C,NO,,SI,MOTOCICLETA,08/11/2022,2022,NOVIEMBRE,MARTES,16,CHOQUE,EN PROCESO DE INVESTIGACIÓN,NO CUENTA CON CAUSA ESPECIFICA,CARRETERA NACIONAL,PE-20,NACIONAL
A-2022-11-138,V-2022-11-138-1,P-2022-11-138-1-1,LIMA,LIMA,LURIGANCHO,CONDUCTOR FUGADO,NO SE CONOCE,,,NO IDENTIFICADO,,,NO INDICA,,FUGADO,FUGADO,NO,,NO,CAMIÓN,08/11/2022,2022,NOVIEMBRE,MARTES,16,CHOQUE,EN PROCESO DE INVESTIGACIÓN,NO CUENTA CON CAUSA ESPECIFICA,AVENIDA,NO CORRESPONDE,URBANO
A-2022-11-138,V-2022-11-138-2,P-2022-11-138-2-1,LIMA,LIMA,LURIGANCHO,CONDUCTOR,FALLECIDO,,EN EL LUGAR DE LOS HECHOS,IDENTIFICADO,VENEZUELA,21,MASCULINO,,SIN LICENCIA,SIN LICENCIA,,,,MOTOCICLETA,08/11/2022,2022,NOVIEMBRE,MARTES,16,CHOQUE,EN PROCESO DE INVESTIGACIÓN,NO CUENTA CON CAUSA ESPECIFICA,AVENIDA,NO CORRESPONDE,URBANO
A-2022-11-158,V-2022-11-158-1,P-2022-11-158-1-1,LIMA,LIMA,SAN JUAN DE LURIGANCHO,CONDUCTOR,ILESO,,,IDENTIFICADO,PERÚ,43,MASCULINO,SI,VIGENTE,A II A,,,,STATION WAGON,10/11/2022,2022,NOVIEMBRE,JUEVES,7,ATROPELLO,EN PROCESO DE INVESTIGACIÓN,NO CUENTA CON CAUSA ESPECIFICA,AVENIDA,NO CORRESPONDE,URBANO
A-2022-11-158,V-2022-11-158-1,P-2022-11-158-1-2,LIMA,LIMA,SAN JUAN DE LURIGANCHO,PEATÓN,FALLECIDO,,EN EL LUGAR DE LOS HECHOS,IDENTIFICADO,PERÚ,86,MASCULINO,,NO CONDUCTOR,NO CONDUCTOR,,,,STATION WAGON,10/11/2022,2022,NOVIEMBRE,JUEVES,7,ATROPELLO,EN PROCESO DE INVESTIGACIÓN,NO CUENTA CON CAUSA ESPECIFICA,AVENIDA,NO CORRESPONDE,URBANO
A-2022-11-158,V-2022-11-158-1,P-2022-11-158-1-3,LIMA,LIMA,SAN JUAN DE LURIGANCHO,PASAJERO,LESIONADO,CENTRO DE SALUD PRIVADO,,IDENTIFICADO,PERÚ,13,FEMENINO,,NO CONDUCTOR,NO CONDUCTOR,NO,,NO,STATION WAGON,10/11/2022,2022,NOVIEMBRE,JUEVES,7,ATROPELLO,EN PROCESO DE INVESTIGACIÓN,NO CUENTA CON CAUSA ESPECIFICA,AVENIDA,NO CORRESPONDE,URBANO
A-2022-11-140,V-2022-11-140-1,P-2022-11-140-1-1,LIMA,LIMA,LIMA,CONDUCTOR FUGADO,NO SE CONOCE,,,NO IDENTIFICADO,,,NO INDICA,,FUGADO,FUGADO,NO,,NO,VEHICULO NO IDENTIFICADO,10/11/2022,2022,NOVIEMBRE,JUEVES,19,ATROPELLO FUGA,EN PROCESO DE INVESTIGACIÓN,NO CUENTA CON CAUSA ESPECIFICA,JIRÓN,NO CORRESPONDE,URBANO
A-2022-11-140,V-2022-11-140-1,P-2022-11-140-1-2,LIMA,LIMA,LIMA,PEATÓN,FALLECIDO,,EN EL CENTRO DE SALUD,IDENTIFICADO,PERÚ,57,MASCULINO,,NO CONDUCTOR,NO CONDUCTOR,,,,VEHICULO NO IDENTIFICADO,10/11/2022,2022,NOVIEMBRE,JUEVES,19,ATROPELLO FUGA,EN PROCESO DE INVESTIGACIÓN,NO CUENTA CON CAUSA ESPECIFICA,JIRÓN,NO CORRESPONDE,URBANO
A-2022-11-161,V-2022-11-161-1,P-2022-11-161-1-1,LIMA,LIMA,VILLA EL SALVADOR,CONDUCTOR,ILESO,,,IDENTIFICADO,OTRO,82,MASCULINO,,SIN LICENCIA,SIN LICENCIA,,,,MOTOCICLETA,11/11/2022,2022,NOVIEMBRE,VIERNES,14,ATROPELLO,EN PROCESO DE INVESTIGACIÓN,NO CUENTA CON CAUSA ESPECIFICA,AVENIDA,NO CORRESPONDE,URBANO
A-2022-11-161,V-2022-11-161-1,P-2022-11-161-1-2,LIMA,LIMA,VILLA EL SALVADOR,PEATÓN,FALLECIDO,,EN EL LUGAR DE LOS HECHOS,IDENTIFICADO,PERÚ,84,MASCULINO,,NO CONDUCTOR,NO CONDUCTOR,,,,MOTOCICLETA,11/11/2022,2022,NOVIEMBRE,VIERNES,14,ATROPELLO,EN PROCESO DE INVESTIGACIÓN,NO CUENTA CON CAUSA ESPECIFICA,AVENIDA,NO CORRESPONDE,URBANO
A-2022-11-160,V-2022-11-160-1,P-2022-11-160-1-1,LIMA,LIMA,LURIN,CONDUCTOR,LESIONADO,OTRO,,IDENTIFICADO,PERÚ,33,MASCULINO,,VENCIDA,A II B,,,,AUTOMÓVIL,11/11/2022,2022,NOVIEMBRE,VIERNES,17,DESPISTE,EN PROCESO DE INVESTIGACIÓN,NO CUENTA CON CAUSA ESPECIFICA,CARRETERA NACIONAL,PE-1S,NACIONAL
A-2022-11-160,V-2022-11-160-1,P-2022-11-160-1-2,LIMA,LIMA,LURIN,PASAJERO,LESIONADO,OTRO,,IDENTIFICADO,PERÚ,34,MASCULINO,,NO CONDUCTOR,NO CONDUCTOR,,,NO,AUTOMÓVIL,11/11/2022,2022,NOVIEMBRE,VIERNES,17,DESPISTE,EN PROCESO DE INVESTIGACIÓN,NO CUENTA CON CAUSA ESPECIFICA,CARRETERA NACIONAL,PE-1S,NACIONAL
A-2022-11-160,V-2022-11-160-1,P-2022-11-160-1-3,LIMA,LIMA,LURIN,PASAJERO,LESIONADO,OTRO,,IDENTIFICADO,PERÚ,27,FEMENINO,,NO CONDUCTOR,NO CONDUCTOR,,,,AUTOMÓVIL,11/11/2022,2022,NOVIEMBRE,VIERNES,17,DESPISTE,EN PROCESO DE INVESTIGACIÓN,NO CUENTA CON CAUSA ESPECIFICA,CARRETERA NACIONAL,PE-1S,NACIONAL
A-2022-11-160,V-2022-11-160-1,P-2022-11-160-1-4,LIMA,LIMA,LURIN,PASAJERO,FALLECIDO,,EN EL LUGAR DE LOS HECHOS,NO IDENTIFICADO,,,FEMENINO,,NO CONDUCTOR,NO CONDUCTOR,NO,,NO,AUTOMÓVIL,11/11/2022,2022,NOVIEMBRE,VIERNES,17,DESPISTE,EN PROCESO DE INVESTIGACIÓN,NO CUENTA CON CAUSA ESPECIFICA,CARRETERA NACIONAL,PE-1S,NACIONAL
A-2022-11-139,V-2022-11-139-1,P-2022-11-139-1-1,LIMA,LIMA,SAN MIGUEL,CONDUCTOR,ILESO,,,IDENTIFICADO,PERÚ,37,MASCULINO,,SUSPENDIDA,A I,,,,AUTOMÓVIL,12/11/2022,2022,NOVIEMBRE,SÁBADO,5,CHOQUE,EN PROCESO DE INVESTIGACIÓN,NO CUENTA CON CAUSA ESPECIFICA,AVENIDA,NO CORRESPONDE,URBANO
A-2022-11-139,V-2022-11-139-2,P-2022-11-139-2-1,LIMA,LIMA,SAN MIGUEL,CONDUCTOR,FALLECIDO,,EN EL LUGAR DE LOS HECHOS,IDENTIFICADO,PERÚ,54,MASCULINO,,NO CORRESPONDE,NO CORRESPONDE,,,,OTRO,12/11/2022,2022,NOVIEMBRE,SÁBADO,5,CHOQUE,EN PROCESO DE INVESTIGACIÓN,NO CUENTA CON CAUSA ESPECIFICA,AVENIDA,NO CORRESPONDE,URBANO
A-2022-11-141,V-2022-11-141-1,P-2022-11-141-1-1,LIMA,LIMA,LURIGANCHO,CONDUCTOR,ILESO,,,IDENTIFICADO,PERÚ,54,MASCULINO,SI,VIGENTE,A III B,,,,CAMIÓN,12/11/2022,2022,NOVIEMBRE,SÁBADO,20,CHOQUE,EN PROCESO DE INVESTIGACIÓN,NO CUENTA CON CAUSA ESPECIFICA,CARRETERA NACIONAL,PE-22,NACIONAL
A-2022-11-141,V-2022-11-141-2,P-2022-11-141-2-1,LIMA,LIMA,LURIGANCHO,CONDUCTOR,LESIONADO,OTRO,,IDENTIFICADO,PERÚ,37,MASCULINO,,SIN LICENCIA,SIN LICENCIA,,,,AUTOMÓVIL,12/11/2022,2022,NOVIEMBRE,SÁBADO,20,CHOQUE,EN PROCESO DE INVESTIGACIÓN,NO CUENTA CON CAUSA ESPECIFICA,CARRETERA NACIONAL,PE-22,NACIONAL
A-2022-11-141,V-2022-11-141-2,P-2022-11-141-2-2,LIMA,LIMA,LURIGANCHO,PASAJERO,FALLECIDO,,EN EL LUGAR DE LOS HECHOS,NO IDENTIFICADO,,,MASCULINO,,NO CONDUCTOR,NO CONDUCTOR,NO,,NO,AUTOMÓVIL,12/11/2022,2022,NOVIEMBRE,SÁBADO,20,CHOQUE,EN PROCESO DE INVESTIGACIÓN,NO CUENTA CON CAUSA ESPECIFICA,CARRETERA NACIONAL,PE-22,NACIONAL
A-2022-11-233,V-2022-11-233-1,P-2022-11-233-1-1,LIMA,LIMA,SAN MARTIN DE PORRES,CONDUCTOR,ILESO,,,IDENTIFICADO,VENEZUELA,23,MASCULINO,SI,VIGENTE,B II C,,,,MOTOCICLETA,13/11/2022,2022,NOVIEMBRE,DOMINGO,18,CHOQUE,IMPRUDENCIA DEL CONDUCTOR,EXCESO DE VELOCIDAD,AVENIDA,NO CORRESPONDE,URBANO
A-2022-11-233,V-2022-11-233-2,P-2022-11-233-2-1,LIMA,LIMA,SAN MARTIN DE PORRES,CONDUCTOR,FALLECIDO,,EN EL CENTRO DE SALUD,IDENTIFICADO,PERÚ,48,MASCULINO,SI,VIGENTE,B II B,,,,MOTOCICLETA,13/11/2022,2022,NOVIEMBRE,DOMINGO,18,CHOQUE,IMPRUDENCIA DEL CONDUCTOR,EXCESO DE VELOCIDAD,AVENIDA,NO CORRESPONDE,URBANO
A-2022-11-142,V-2022-11-142-1,P-2022-11-142-1-1,LIMA,LIMA,LOS OLIVOS,CONDUCTOR,FALLECIDO,,EN EL CENTRO DE SALUD,IDENTIFICADO,PERÚ,26,MASCULINO,,NO CORRESPONDE,A I,,,,BICICLETA,13/11/2022,2022,NOVIEMBRE,DOMINGO,23,DESPISTE,EN PROCESO DE INVESTIGACIÓN,NO CUENTA CON CAUSA ESPECIFICA,AVENIDA,NO CORRESPONDE,URBANO
A-2022-11-162,V-2022-11-162-1,P-2022-11-162-1-1,LIMA,LIMA,LURIGANCHO,CONDUCTOR FUGADO,NO SE CONOCE,,,NO IDENTIFICADO,,,NO INDICA,,FUGADO,FUGADO,NO,,NO,VEHICULO NO IDENTIFICADO,14/11/2022,2022,NOVIEMBRE,LUNES,0,ATROPELLO FUGA,EN PROCESO DE INVESTIGACIÓN,NO CUENTA CON CAUSA ESPECIFICA,CALLE,NO CORRESPONDE,URBANO
A-2022-11-162,V-2022-11-162-1,P-2022-11-162-1-2,LIMA,LIMA,LURIGANCHO,PEATÓN,FALLECIDO,,EN EL LUGAR DE LOS HECHOS,IDENTIFICADO,VENEZUELA,27,MASCULINO,,NO CONDUCTOR,NO CONDUCTOR,,,,VEHICULO NO IDENTIFICADO,14/11/2022,2022,NOVIEMBRE,LUNES,0,ATROPELLO FUGA,EN PROCESO DE INVESTIGACIÓN,NO CUENTA CON CAUSA ESPECIFICA,CALLE,NO CORRESPONDE,URBANO
A-2022-11-143,V-2022-11-143-1,P-2022-11-143-1-1,LIMA,LIMA,ANCON,CONDUCTOR,ILESO,,,IDENTIFICADO,PERÚ,34,MASCULINO,SI,VIGENTE,A III A,,,,ÓMNIBUS,15/11/2022,2022,NOVIEMBRE,MARTES,12,ATROPELLO,EN PROCESO DE INVESTIGACIÓN,NO CUENTA CON CAUSA ESPECIFICA,CARRETERA NACIONAL,PE-1N,NACIONAL
A-2022-11-143,V-2022-11-143-1,P-2022-11-143-1-2,LIMA,LIMA,ANCON,PEATÓN,FALLECIDO,,EN EL CENTRO DE SALUD,NO IDENTIFICADO,,,MASCULINO,,NO CONDUCTOR,NO CONDUCTOR,,,,ÓMNIBUS,15/11/2022,2022,NOVIEMBRE,MARTES,12,ATROPELLO,EN PROCESO DE INVESTIGACIÓN,NO CUENTA CON CAUSA ESPECIFICA,CARRETERA NACIONAL,PE-1N,NACIONAL
A-2022-11-144,V-2022-11-144-1,P-2022-11-144-1-1,LIMA,LIMA,SAN MARTIN DE PORRES,CONDUCTOR,ILESO,,,IDENTIFICADO,PERÚ,29,MASCULINO,SI,VIGENTE,A III C,,,,ÓMNIBUS,15/11/2022,2022,NOVIEMBRE,MARTES,23,ATROPELLO,EN PROCESO DE INVESTIGACIÓN,NO CUENTA CON CAUSA ESPECIFICA,CARRETERA NACIONAL,PE-1N,NACIONAL
A-2022-11-144,V-2022-11-144-1,P-2022-11-144-1-2,LIMA,LIMA,SAN MARTIN DE PORRES,PEATÓN,FALLECIDO,,EN EL CENTRO DE SALUD,NO IDENTIFICADO,,,NO INDICA,,NO CONDUCTOR,NO CONDUCTOR,,,,ÓMNIBUS,15/11/2022,2022,NOVIEMBRE,MARTES,23,ATROPELLO,EN PROCESO DE INVESTIGACIÓN,NO CUENTA CON CAUSA ESPECIFICA,CARRETERA NACIONAL,PE-1N,NACIONAL
A-2022-11-145,V-2022-11-145-1,P-2022-11-145-1-1,LIMA,LIMA,LOS OLIVOS,CONDUCTOR,LESIONADO,CENTRO DE SALUD PRIVADO,,IDENTIFICADO,PERÚ,25,MASCULINO,SI,VIGENTE,A I,,,,AUTOMÓVIL,16/11/2022,2022,NOVIEMBRE,MIÉRCOLES,5,CHOQUE,EN PROCESO DE INVESTIGACIÓN,NO CUENTA CON CAUSA ESPECIFICA,CARRETERA NACIONAL,PE-1N,NACIONAL
A-2022-11-145,V-2022-11-145-1,P-2022-11-145-1-2,LIMA,LIMA,LOS OLIVOS,PASAJERO,FALLECIDO,,EN EL LUGAR DE LOS HECHOS,NO IDENTIFICADO,PERÚ,,MASCULINO,,NO CONDUCTOR,NO CONDUCTOR,,,,AUTOMÓVIL,16/11/2022,2022,NOVIEMBRE,MIÉRCOLES,5,CHOQUE,EN PROCESO DE INVESTIGACIÓN,NO CUENTA CON CAUSA ESPECIFICA,CARRETERA NACIONAL,PE-1N,NACIONAL
A-2022-11-145,V-2022-11-145-2,P-2022-11-145-2-1,LIMA,LIMA,LOS OLIVOS,CONDUCTOR,ILESO,,,IDENTIFICADO,PERÚ,44,MASCULINO,SI,VIGENTE,A III C,,,,CAMIÓN,16/11/2022,2022,NOVIEMBRE,MIÉRCOLES,5,CHOQUE,EN PROCESO DE INVESTIGACIÓN,NO CUENTA CON CAUSA ESPECIFICA,CARRETERA NACIONAL,PE-1N,NACIONAL
A-2022-11-146,V-2022-11-146-1,P-2022-11-146-1-1,LIMA,LIMA,BREÑA,CONDUCTOR,ILESO,,,IDENTIFICADO,PERÚ,39,MASCULINO,SI,VIGENTE,A III A,,,,MINIBUS,16/11/2022,2022,NOVIEMBRE,MIÉRCOLES,20,ATROPELLO,EN PROCESO DE INVESTIGACIÓN,NO CUENTA CON CAUSA ESPECIFICA,AVENIDA,NO CORRESPONDE,URBANO
A-2022-11-146,V-2022-11-146-1,P-2022-11-146-1-2,LIMA,LIMA,BREÑA,PEATÓN,FALLECIDO,,EN EL LUGAR DE LOS HECHOS,IDENTIFICADO,PERÚ,22,MASCULINO,,NO CONDUCTOR,NO CONDUCTOR,,,,MINIBUS,16/11/2022,2022,NOVIEMBRE,MIÉRCOLES,20,ATROPELLO,EN PROCESO DE INVESTIGACIÓN,NO CUENTA CON CAUSA ESPECIFICA,AVENIDA,NO CORRESPONDE,URBANO
A-2022-11-146,V-2022-11-146-1,P-2022-11-146-1-3,LIMA,LIMA,BREÑA,PEATÓN,LESIONADO,CENTRO DE SALUD PRIVADO,,IDENTIFICADO,PERÚ,21,FEMENINO,,NO CONDUCTOR,NO CONDUCTOR,,,,MINIBUS,16/11/2022,2022,NOVIEMBRE,MIÉRCOLES,20,ATROPELLO,EN PROCESO DE INVESTIGACIÓN,NO CUENTA CON CAUSA ESPECIFICA,AVENIDA,NO CORRESPONDE,URBANO
A-2022-11-147,V-2022-11-147-1,P-2022-11-147-1-1,LIMA,LIMA,LOS OLIVOS,CONDUCTOR,ILESO,,,IDENTIFICADO,PERÚ,41,MASCULINO,SI,VIGENTE,OTRO,,,,REMOLCADOR-SEMIREMOLQUE,18/11/2022,2022,NOVIEMBRE,VIERNES,18,ATROPELLO,EN PROCESO DE INVESTIGACIÓN,NO CUENTA CON CAUSA ESPECIFICA,AVENIDA,NO CORRESPONDE,URBANO
A-2022-11-147,V-2022-11-147-1,P-2022-11-147-1-2,LIMA,LIMA,LOS OLIVOS,PEATÓN,FALLECIDO,,EN EL CENTRO DE SALUD,IDENTIFICADO,PERÚ,18,FEMENINO,,NO CONDUCTOR,NO CONDUCTOR,,,,REMOLCADOR-SEMIREMOLQUE,18/11/2022,2022,NOVIEMBRE,VIERNES,18,ATROPELLO,EN PROCESO DE INVESTIGACIÓN,NO CUENTA CON CAUSA ESPECIFICA,AVENIDA,NO CORRESPONDE,URBANO
A-2022-11-148,V-2022-11-148-1,P-2022-11-148-1-1,LIMA,LIMA,ATE,CONDUCTOR,ILESO,,,IDENTIFICADO,PERÚ,39,MASCULINO,,CANCELADA,A II B,,,,CAMIONETA RURAL,19/11/2022,2022,NOVIEMBRE,SÁBADO,5,CHOQUE,EN PROCESO DE INVESTIGACIÓN,NO CUENTA CON CAUSA ESPECIFICA,CARRETERA NACIONAL,PE-22,NACIONAL
A-2022-11-148,V-2022-11-148-2,P-2022-11-148-2-1,LIMA,LIMA,ATE,CONDUCTOR,ILESO,,,IDENTIFICADO,PERÚ,34,MASCULINO,SI,VIGENTE,A II B,,,,CAMIONETA RURAL,19/11/2022,2022,NOVIEMBRE,SÁBADO,5,CHOQUE,EN PROCESO DE INVESTIGACIÓN,NO CUENTA CON CAUSA ESPECIFICA,CARRETERA NACIONAL,PE-22,NACIONAL
A-2022-11-148,V-2022-11-148-2,P-2022-11-148-2-2,LIMA,LIMA,ATE,PEATÓN,FALLECIDO,,EN EL LUGAR DE LOS HECHOS,IDENTIFICADO,PERÚ,46,FEMENINO,,NO CONDUCTOR,NO CONDUCTOR,,,,CAMIONETA RURAL,19/11/2022,2022,NOVIEMBRE,SÁBADO,5,CHOQUE,EN PROCESO DE INVESTIGACIÓN,NO CUENTA CON CAUSA ESPECIFICA,CARRETERA NACIONAL,PE-22,NACIONAL
A-2022-11-241,V-2022-11-241-1,P-2022-11-241-1-1,LIMA,LIMA,PUEBLO LIBRE,CONDUCTOR,ILESO,,,IDENTIFICADO,PERÚ,48,MASCULINO,SI,VIGENTE,A III C,NO,,NO,ÓMNIBUS,19/11/2022,2022,NOVIEMBRE,SÁBADO,17,CHOQUE,EN PROCESO DE INVESTIGACIÓN,NO CUENTA CON CAUSA ESPECIFICA,AVENIDA,NO CORRESPONDE,URBANO
A-2022-11-241,V-2022-11-241-2,P-2022-11-241-2-1,LIMA,LIMA,PUEBLO LIBRE,CONDUCTOR,FALLECIDO,,EN EL LUGAR DE LOS HECHOS,NO IDENTIFICADO,VENEZUELA,,MASCULINO,,SIN DNI IDENTIFICADO,SIN DNI IDENTIFICADO,NO,,NO,MOTOCICLETA,19/11/2022,2022,NOVIEMBRE,SÁBADO,17,CHOQUE,EN PROCESO DE INVESTIGACIÓN,NO CUENTA CON CAUSA ESPECIFICA,AVENIDA,NO CORRESPONDE,URBANO
A-2022-11-149,V-2022-11-149-1,P-2022-11-149-1-1,LIMA,LIMA,EL AGUSTINO,CONDUCTOR,FALLECIDO,,EN EL LUGAR DE LOS HECHOS,IDENTIFICADO,PERÚ,29,MASCULINO,SI,,A I,,,,MOTOCICLETA,21/11/2022,2022,NOVIEMBRE,LUNES,4,DESPISTE,EN PROCESO DE INVESTIGACIÓN,NO CUENTA CON CAUSA ESPECIFICA,AVENIDA,NO CORRESPONDE,URBANO
A-2022-11-236,V-2022-11-236-1,P-2022-11-236-1-1,LIMA,LIMA,VILLA EL SALVADOR,CONDUCTOR,ILESO,,,IDENTIFICADO,PERÚ,34,MASCULINO,SI,VIGENTE,B I,NO,,NO,TRIMOTO PASAJERO,22/11/2022,2022,NOVIEMBRE,MARTES,19,ATROPELLO,IMPRUDENCIA DEL CONDUCTOR,OTRO (IMPRUDENCIA DEL CONDUCTOR),AVENIDA,NO CORRESPONDE,URBANO
A-2022-11-236,V-2022-11-236-1,P-2022-11-236-1-2,LIMA,LIMA,VILLA EL SALVADOR,PEATÓN,FALLECIDO,,EN EL LUGAR DE LOS HECHOS,IDENTIFICADO,PERÚ,76,MASCULINO,,NO CONDUCTOR,NO CONDUCTOR,NO,,NO,TRIMOTO PASAJERO,22/11/2022,2022,NOVIEMBRE,MARTES,19,ATROPELLO,IMPRUDENCIA DEL CONDUCTOR,OTRO (IMPRUDENCIA DEL CONDUCTOR),AVENIDA,NO CORRESPONDE,URBANO
A-2022-11-150,V-2022-11-150-1,P-2022-11-150-1-1,LIMA,LIMA,PUENTE PIEDRA,CONDUCTOR,ILESO,,,IDENTIFICADO,PERÚ,48,MASCULINO,SI,VIGENTE,A III B,,,,CAMIÓN,23/11/2022,2022,NOVIEMBRE,MIÉRCOLES,18,ATROPELLO,EN PROCESO DE INVESTIGACIÓN,NO CUENTA CON CAUSA ESPECIFICA,CARRETERA NACIONAL,PE-1N,NACIONAL
A-2022-11-150,V-2022-11-150-1,P-2022-11-150-1-2,LIMA,LIMA,PUENTE PIEDRA,PEATÓN,FALLECIDO,,EN EL LUGAR DE LOS HECHOS,IDENTIFICADO,PERÚ,27,MASCULINO,,NO CONDUCTOR,NO CONDUCTOR,,,,CAMIÓN,23/11/2022,2022,NOVIEMBRE,MIÉRCOLES,18,ATROPELLO,EN PROCESO DE INVESTIGACIÓN,NO CUENTA CON CAUSA ESPECIFICA,CARRETERA NACIONAL,PE-1N,NACIONAL
A-2022-11-232,V-2022-11-232-1,P-2022-11-232-1-1,LIMA,LIMA,RIMAC,CONDUCTOR,ILESO,,,IDENTIFICADO,PERÚ,28,MASCULINO,SI,VIGENTE,A III A,,,,ÓMNIBUS,24/11/2022,2022,NOVIEMBRE,JUEVES,19,ATROPELLO,IMPRUDENCIA DEL PASAJERO/OCUPANTE,OTRO (IMPRUDENCIA DEL PASAJERO/OCUPANTE),JIRÓN,NO CORRESPONDE,URBANO
A-2022-11-232,V-2022-11-232-1,P-2022-11-232-1-2,LIMA,LIMA,RIMAC,PEATÓN,FALLECIDO,,EN EL CENTRO DE SALUD,IDENTIFICADO,PERÚ,71,MASCULINO,,NO CONDUCTOR,NO CONDUCTOR,,,,ÓMNIBUS,24/11/2022,2022,NOVIEMBRE,JUEVES,19,ATROPELLO,IMPRUDENCIA DEL PASAJERO/OCUPANTE,OTRO (IMPRUDENCIA DEL PASAJERO/OCUPANTE),JIRÓN,NO CORRESPONDE,URBANO
A-2022-11-151,V-2022-11-151-1,P-2022-11-151-1-1,LIMA,LIMA,COMAS,CONDUCTOR FUGADO,NO SE CONOCE,,,NO IDENTIFICADO,,,NO INDICA,,FUGADO,FUGADO,,,,VEHICULO NO IDENTIFICADO,25/11/2022,2022,NOVIEMBRE,VIERNES,11,CAÍDA DE PASAJERO,EN PROCESO DE INVESTIGACIÓN,NO CUENTA CON CAUSA ESPECIFICA,AVENIDA,NO CORRESPONDE,URBANO
A-2022-11-151,V-2022-11-151-1,P-2022-11-151-1-2,LIMA,LIMA,COMAS,PASAJERO,FALLECIDO,,EN EL CENTRO DE SALUD,NO IDENTIFICADO,,,MASCULINO,,NO CONDUCTOR,NO CONDUCTOR,,,,VEHICULO NO IDENTIFICADO,25/11/2022,2022,NOVIEMBRE,VIERNES,11,CAÍDA DE PASAJERO,EN PROCESO DE INVESTIGACIÓN,NO CUENTA CON CAUSA ESPECIFICA,AVENIDA,NO CORRESPONDE,URBANO
A-2022-11-163,V-2022-11-163-1,P-2022-11-163-1-1,LIMA,LIMA,VILLA MARIA DEL TRIUNFO,CONDUCTOR,ILESO,,,IDENTIFICADO,PERÚ,24,MASCULINO,SI,VIGENTE,B II C,,,,MOTOCICLETA,25/11/2022,2022,NOVIEMBRE,VIERNES,15,ATROPELLO,EN PROCESO DE INVESTIGACIÓN,NO CUENTA CON CAUSA ESPECIFICA,CALLE,NO CORRESPONDE,URBANO
A-2022-11-163,V-2022-11-163-1,P-2022-11-163-1-2,LIMA,LIMA,VILLA MARIA DEL TRIUNFO,PEATÓN,FALLECIDO,,EN EL CENTRO DE SALUD,IDENTIFICADO,PERÚ,83,MASCULINO,,NO CONDUCTOR,NO CONDUCTOR,,,,MOTOCICLETA,25/11/2022,2022,NOVIEMBRE,VIERNES,15,ATROPELLO,EN PROCESO DE INVESTIGACIÓN,NO CUENTA CON CAUSA ESPECIFICA,CALLE,NO CORRESPONDE,URBANO
A-2022-11-234,V-2022-11-234-1,P-2022-11-234-1-1,LIMA,LIMA,LOS OLIVOS,CONDUCTOR,FALLECIDO,,EN EL CENTRO DE SALUD,IDENTIFICADO,PERÚ,26,MASCULINO,SI,VIGENTE,A I,,,,AUTOMÓVIL,26/11/2022,2022,NOVIEMBRE,SÁBADO,7,DESPISTE,IMPRUDENCIA DEL CONDUCTOR,OTRO (IMPRUDENCIA DEL CONDUCTOR),AVENIDA,NO CORRESPONDE,URBANO
A-2022-11-153,V-2022-11-153-1,P-2022-11-153-1-1,LIMA,LIMA,ANCON,CONDUCTOR,FALLECIDO,,EN EL LUGAR DE LOS HECHOS,IDENTIFICADO,PERÚ,33,MASCULINO,,SIN LICENCIA,SIN LICENCIA,,,,MOTOCICLETA,27/11/2022,2022,NOVIEMBRE,DOMINGO,5,DESPISTE,EN PROCESO DE INVESTIGACIÓN,NO CUENTA CON CAUSA ESPECIFICA,CALLE,NO CORRESPONDE,URBANO
A-2022-11-122,V-2022-11-122-1,P-2022-11-122-1-1,CALLAO,CALLAO,VENTANILLA,CONDUCTOR,ILESO,,,IDENTIFICADO,PERÚ,35,FEMENINO,,SIN LICENCIA,SIN LICENCIA,NO,,SI,AUTOMÓVIL,27/11/2022,2022,NOVIEMBRE,DOMINGO,10,ATROPELLO,IMPRUDENCIA DEL CONDUCTOR,OTRO (IMPRUDENCIA DEL CONDUCTOR),CALLE,NO CORRESPONDE,URBANO
A-2022-11-122,V-2022-11-122-1,P-2022-11-122-1-2,CALLAO,CALLAO,VENTANILLA,PEATÓN,FALLECIDO,,EN EL LUGAR DE LOS HECHOS,IDENTIFICADO,PERÚ,57,FEMENINO,,NO CONDUCTOR,NO CONDUCTOR,NO,,SI,AUTOMÓVIL,27/11/2022,2022,NOVIEMBRE,DOMINGO,10,ATROPELLO,IMPRUDENCIA DEL CONDUCTOR,OTRO (IMPRUDENCIA DEL CONDUCTOR),CALLE,NO CORRESPONDE,URBANO
A-2022-11-122,V-2022-11-122-1,P-2022-11-122-1-3,CALLAO,CALLAO,VENTANILLA,PEATÓN,LESIONADO,CENTRO DE SALUD PÚBLICO,,IDENTIFICADO,PERÚ,9,FEMENINO,,NO CONDUCTOR,NO CONDUCTOR,NO,,NO,AUTOMÓVIL,27/11/2022,2022,NOVIEMBRE,DOMINGO,10,ATROPELLO,IMPRUDENCIA DEL CONDUCTOR,OTRO (IMPRUDENCIA DEL CONDUCTOR),CALLE,NO CORRESPONDE,URBANO
A-2022-11-152,V-2022-11-152-1,P-2022-11-152-1-1,LIMA,LIMA,SAN BORJA,CONDUCTOR,FALLECIDO,,EN EL LUGAR DE LOS HECHOS,IDENTIFICADO,PERÚ,51,MASCULINO,SI,,A I,,,,MOTOCICLETA,27/11/2022,2022,NOVIEMBRE,DOMINGO,15,DESPISTE,EN PROCESO DE INVESTIGACIÓN,NO CUENTA CON CAUSA ESPECIFICA,AVENIDA,NO CORRESPONDE,URBANO
A-2022-11-154,V-2022-11-154-1,P-2022-11-154-1-1,LIMA,LIMA,SAN MARTIN DE PORRES,CONDUCTOR,FALLECIDO,,EN EL LUGAR DE LOS HECHOS,IDENTIFICADO,VENEZUELA,34,MASCULINO,,SIN LICENCIA,SIN LICENCIA,,,,MOTOCICLETA,28/11/2022,2022,NOVIEMBRE,LUNES,5,DESPISTE,EN PROCESO DE INVESTIGACIÓN,NO CUENTA CON CAUSA ESPECIFICA,CARRETERA NACIONAL,PE-1N,NACIONAL
A-2022-11-237,V-2022-11-237-1,P-2022-11-237-1-1,LIMA,LIMA,SANTIAGO DE SURCO,CONDUCTOR,FALLECIDO,,EN EL CENTRO DE SALUD,IDENTIFICADO,PERÚ,29,MASCULINO,SI,VIGENTE,B II C,,,,MOTOCICLETA,30/11/2022,2022,NOVIEMBRE,MIÉRCOLES,3,DESPISTE,IMPRUDENCIA DEL CONDUCTOR,OTRO (IMPRUDENCIA DEL CONDUCTOR),CARRETERA NACIONAL,PE-1S,NACIONAL
A-2022-11-237,V-2022-11-237-2,P-2022-11-237-2-1,LIMA,LIMA,SANTIAGO DE SURCO,CONDUCTOR,ILESO,,,IDENTIFICADO,PERÚ,48,MASCULINO,SI,VIGENTE,A II B,,,,CAMIONETA PANEL,30/11/2022,2022,NOVIEMBRE,MIÉRCOLES,3,DESPISTE,IMPRUDENCIA DEL CONDUCTOR,OTRO (IMPRUDENCIA DEL CONDUCTOR),CARRETERA NACIONAL,PE-1S,NACIONAL
A-2022-12-147,V-2022-12-147-1,P-2022-12-147-1-1,LIMA,LIMA,ATE,CONDUCTOR,FALLECIDO,,EN EL LUGAR DE LOS HECHOS,IDENTIFICADO,PERÚ,24,MASCULINO,,VENCIDA,B II C,,,,MOTOCICLETA,02/12/2022,2022,DICIEMBRE,VIERNES,8,CHOQUE,EN PROCESO DE INVESTIGACIÓN,NO CUENTA CON CAUSA ESPECIFICA,CARRETERA NACIONAL,PE-22,NACIONAL
A-2022-12-147,V-2022-12-147-1,P-2022-12-147-1-2,LIMA,LIMA,ATE,PASAJERO,LESIONADO,CENTRO DE SALUD PÚBLICO,,IDENTIFICADO,PERÚ,21,FEMENINO,,NO CONDUCTOR,NO CONDUCTOR,NO,,NO,MOTOCICLETA,02/12/2022,2022,DICIEMBRE,VIERNES,8,CHOQUE,EN PROCESO DE INVESTIGACIÓN,NO CUENTA CON CAUSA ESPECIFICA,CARRETERA NACIONAL,PE-22,NACIONAL
A-2022-12-147,V-2022-12-147-2,P-2022-12-147-2-1,LIMA,LIMA,ATE,CONDUCTOR,ILESO,,,IDENTIFICADO,PERÚ,43,MASCULINO,SI,VIGENTE,A III C,,,,REMOLCADOR-SEMIREMOLQUE,02/12/2022,2022,DICIEMBRE,VIERNES,8,CHOQUE,EN PROCESO DE INVESTIGACIÓN,NO CUENTA CON CAUSA ESPECIFICA,CARRETERA NACIONAL,PE-22,NACIONAL
A-2022-12-135,V-2022-12-135-1,P-2022-12-135-1-1,LIMA,LIMA,LURIGANCHO,CONDUCTOR,FALLECIDO,,EN EL LUGAR DE LOS HECHOS,IDENTIFICADO,PERÚ,22,MASCULINO,SI,VIGENTE,B II C,,,,MOTOCICLETA,02/12/2022,2022,DICIEMBRE,VIERNES,22,DESPISTE,EN PROCESO DE INVESTIGACIÓN,NO CUENTA CON CAUSA ESPECIFICA,CARRETERA NACIONAL,PE-22,NACIONAL
A-2022-12-136,V-2022-12-136-1,P-2022-12-136-1-1,LIMA,LIMA,CARABAYLLO,CONDUCTOR,ILESO,,,IDENTIFICADO,PERÚ,33,MASCULINO,SI,VIGENTE,A III C,,,,REMOLCADOR,03/12/2022,2022,DICIEMBRE,SÁBADO,7,ATROPELLO,EN PROCESO DE INVESTIGACIÓN,NO CUENTA CON CAUSA ESPECIFICA,AVENIDA,NO CORRESPONDE,URBANO
A-2022-12-136,V-2022-12-136-1,P-2022-12-136-1-2,LIMA,LIMA,CARABAYLLO,PEATÓN,FALLECIDO,,EN EL CENTRO DE SALUD,IDENTIFICADO,PERÚ,71,MASCULINO,,NO CONDUCTOR,NO CONDUCTOR,,,,REMOLCADOR,03/12/2022,2022,DICIEMBRE,SÁBADO,7,ATROPELLO,EN PROCESO DE INVESTIGACIÓN,NO CUENTA CON CAUSA ESPECIFICA,AVENIDA,NO CORRESPONDE,URBANO
A-2022-12-137,V-2022-12-137-1,P-2022-12-137-1-1,LIMA,LIMA,LURIN,CONDUCTOR,ILESO,,,IDENTIFICADO,PERÚ,37,MASCULINO,SI,VIGENTE,A III C,,,,CAMIONETA RURAL,03/12/2022,2022,DICIEMBRE,SÁBADO,12,ATROPELLO,EN PROCESO DE INVESTIGACIÓN,NO CUENTA CON CAUSA ESPECIFICA,AVENIDA,NO CORRESPONDE,URBANO
A-2022-12-137,V-2022-12-137-1,P-2022-12-137-1-2,LIMA,LIMA,LURIN,PEATÓN,FALLECIDO,,EN EL CENTRO DE SALUD,IDENTIFICADO,PERÚ,76,MASCULINO,,NO CONDUCTOR,NO CONDUCTOR,,,,CAMIONETA RURAL,03/12/2022,2022,DICIEMBRE,SÁBADO,12,ATROPELLO,EN PROCESO DE INVESTIGACIÓN,NO CUENTA CON CAUSA ESPECIFICA,AVENIDA,NO CORRESPONDE,URBANO
A-2022-12-148,V-2022-12-148-1,P-2022-12-148-1-1,LIMA,LIMA,MIRAFLORES,CONDUCTOR,FALLECIDO,,EN EL LUGAR DE LOS HECHOS,IDENTIFICADO,PERÚ,28,MASCULINO,,VENCIDA,B II C,,,,MOTOCICLETA,04/12/2022,2022,DICIEMBRE,DOMINGO,2,DESPISTE,EN PROCESO DE INVESTIGACIÓN,NO CUENTA CON CAUSA ESPECIFICA,OTRO,NO CORRESPONDE,URBANO
A-2022-12-148,V-2022-12-148-1,P-2022-12-148-1-2,LIMA,LIMA,MIRAFLORES,PASAJERO,LESIONADO,OTRO,,IDENTIFICADO,PERÚ,27,FEMENINO,,NO CONDUCTOR,NO CONDUCTOR,NO,,NO,MOTOCICLETA,04/12/2022,2022,DICIEMBRE,DOMINGO,2,DESPISTE,EN PROCESO DE INVESTIGACIÓN,NO CUENTA CON CAUSA ESPECIFICA,OTRO,NO CORRESPONDE,URBANO
A-2022-12-110,V-2022-12-110-1,P-2022-12-110-1-1,CALLAO,CALLAO,CALLAO,CONDUCTOR,ILESO,,,IDENTIFICADO,PERÚ,60,MASCULINO,SI,VIGENTE,A III C,NO,POSITIVO,SI,AUTOMÓVIL,04/12/2022,2022,DICIEMBRE,DOMINGO,19,ATROPELLO,IMPRUDENCIA DEL CONDUCTOR,CONDUCIR EN ESTADO DE EBRIEDAD Y/O DROGADICCIÓN,AVENIDA,NO CORRESPONDE,URBANO
A-2022-12-110,V-2022-12-110-1,P-2022-12-110-1-2,CALLAO,CALLAO,CALLAO,PEATÓN,FALLECIDO,,EN EL CENTRO DE SALUD,IDENTIFICADO,PERÚ,73,FEMENINO,,NO CONDUCTOR,NO CONDUCTOR,NO,,SI,AUTOMÓVIL,04/12/2022,2022,DICIEMBRE,DOMINGO,19,ATROPELLO,IMPRUDENCIA DEL CONDUCTOR,CONDUCIR EN ESTADO DE EBRIEDAD Y/O DROGADICCIÓN,AVENIDA,NO CORRESPONDE,URBANO
A-2022-12-138,V-2022-12-138-1,P-2022-12-138-1-1,LIMA,LIMA,LURIGANCHO,CONDUCTOR,ILESO,,,IDENTIFICADO,PERÚ,34,FEMENINO,,SIN LICENCIA,SIN LICENCIA,,,,TRIMOTO PASAJERO,05/12/2022,2022,DICIEMBRE,LUNES,18,DESPISTE,EN PROCESO DE INVESTIGACIÓN,NO CUENTA CON CAUSA ESPECIFICA,AVENIDA,NO CORRESPONDE,URBANO
A-2022-12-138,V-2022-12-138-1,P-2022-12-138-1-2,LIMA,LIMA,LURIGANCHO,PASAJERO,FALLECIDO,,CAMINO AL CENTRO DE SALUD,IDENTIFICADO,PERÚ,2,FEMENINO,,NO CONDUCTOR,NO CONDUCTOR,NO,,NO,TRIMOTO PASAJERO,05/12/2022,2022,DICIEMBRE,LUNES,18,DESPISTE,EN PROCESO DE INVESTIGACIÓN,NO CUENTA CON CAUSA ESPECIFICA,AVENIDA,NO CORRESPONDE,URBANO
A-2022-12-149,V-2022-12-149-1,P-2022-12-149-1-1,LIMA,LIMA,PACHACAMAC,CONDUCTOR,ILESO,,,IDENTIFICADO,PERÚ,31,MASCULINO,SI,VIGENTE,A III C,,,,AUTOMÓVIL,05/12/2022,2022,DICIEMBRE,LUNES,20,ATROPELLO,EN PROCESO DE INVESTIGACIÓN,NO CUENTA CON CAUSA ESPECIFICA,CARRETERA PROVINCIAL,LM-796,PROVINCIAL
A-2022-12-149,V-2022-12-149-1,P-2022-12-149-1-2,LIMA,LIMA,PACHACAMAC,PEATÓN,FALLECIDO,,EN EL CENTRO DE SALUD,IDENTIFICADO,PERÚ,74,FEMENINO,,NO CONDUCTOR,NO CONDUCTOR,,,,AUTOMÓVIL,05/12/2022,2022,DICIEMBRE,LUNES,20,ATROPELLO,EN PROCESO DE INVESTIGACIÓN,NO CUENTA CON CAUSA ESPECIFICA,CARRETERA PROVINCIAL,LM-796,PROVINCIAL
A-2022-12-139,V-2022-12-139-1,P-2022-12-139-1-1,LIMA,LIMA,SAN MARTIN DE PORRES,CONDUCTOR,FALLECIDO,,EN EL LUGAR DE LOS HECHOS,IDENTIFICADO,PERÚ,42,MASCULINO,,SIN LICENCIA,SIN LICENCIA,,,,MOTOCICLETA,05/12/2022,2022,DICIEMBRE,LUNES,23,DESPISTE,EN PROCESO DE INVESTIGACIÓN,NO CUENTA CON CAUSA ESPECIFICA,AVENIDA,NO CORRESPONDE,URBANO
A-2022-12-140,V-2022-12-140-1,P-2022-12-140-1-1,LIMA,LIMA,MIRAFLORES,CONDUCTOR,FALLECIDO,,EN EL LUGAR DE LOS HECHOS,IDENTIFICADO,PERÚ,39,MASCULINO,SI,,A I,,,,MOTOCICLETA,06/12/2022,2022,DICIEMBRE,MARTES,10,DESPISTE,EN PROCESO DE INVESTIGACIÓN,NO CUENTA CON CAUSA ESPECIFICA,OTRO,NO CORRESPONDE,URBANO
A-2022-12-150,V-2022-12-150-1,P-2022-12-150-1-1,LIMA,LIMA,SAN ISIDRO,CONDUCTOR,ILESO,,,IDENTIFICADO,PERÚ,39,MASCULINO,SI,VIGENTE,A III C,,,,ÓMNIBUS,06/12/2022,2022,DICIEMBRE,MARTES,11,ATROPELLO,EN PROCESO DE INVESTIGACIÓN,NO CUENTA CON CAUSA ESPECIFICA,AVENIDA,NO CORRESPONDE,URBANO
A-2022-12-150,V-2022-12-150-1,P-2022-12-150-1-2,LIMA,LIMA,SAN ISIDRO,PEATÓN,FALLECIDO,,EN EL LUGAR DE LOS HECHOS,NO IDENTIFICADO,PERÚ,,MASCULINO,,NO CONDUCTOR,NO CONDUCTOR,,,,ÓMNIBUS,06/12/2022,2022,DICIEMBRE,MARTES,11,ATROPELLO,EN PROCESO DE INVESTIGACIÓN,NO CUENTA CON CAUSA ESPECIFICA,AVENIDA,NO CORRESPONDE,URBANO
A-2022-12-150,V-2022-12-150-2,P-2022-12-150-2-1,LIMA,LIMA,SAN ISIDRO,CONDUCTOR,ILESO,,,IDENTIFICADO,PERÚ,30,MASCULINO,SI,VIGENTE,A III B,,,,CAMIONETA RURAL,06/12/2022,2022,DICIEMBRE,MARTES,11,ATROPELLO,EN PROCESO DE INVESTIGACIÓN,NO CUENTA CON CAUSA ESPECIFICA,AVENIDA,NO CORRESPONDE,URBANO
A-2022-12-150,V-2022-12-150-3,P-2022-12-150-3-1,LIMA,LIMA,SAN ISIDRO,CONDUCTOR,ILESO,,,IDENTIFICADO,PERÚ,30,MASCULINO,SI,VIGENTE,A III B,,,,REMOLCADOR,06/12/2022,2022,DICIEMBRE,MARTES,11,ATROPELLO,EN PROCESO DE INVESTIGACIÓN,NO CUENTA CON CAUSA ESPECIFICA,AVENIDA,NO CORRESPONDE,URBANO
A-2022-12-141,V-2022-12-141-1,P-2022-12-141-1-1,LIMA,LIMA,CHORRILLOS,CONDUCTOR,FALLECIDO,,EN EL LUGAR DE LOS HECHOS,IDENTIFICADO,PERÚ,49,MASCULINO,,VENCIDA,B II C,,,,MOTOCICLETA,08/12/2022,2022,DICIEMBRE,JUEVES,4,DESPISTE,EN PROCESO DE INVESTIGACIÓN,NO CUENTA CON CAUSA ESPECIFICA,AVENIDA,NO CORRESPONDE,URBANO
A-2022-12-142,V-2022-12-142-1,P-2022-12-142-1-1,LIMA,LIMA,LIMA,CONDUCTOR,ILESO,,,IDENTIFICADO,PERÚ,59,MASCULINO,SI,VIGENTE,A I,,,,AUTOMÓVIL,10/12/2022,2022,DICIEMBRE,SÁBADO,10,DESPISTE,EN PROCESO DE INVESTIGACIÓN,NO CUENTA CON CAUSA ESPECIFICA,JIRÓN,NO CORRESPONDE,URBANO
A-2022-12-142,V-2022-12-142-1,P-2022-12-142-1-2,LIMA,LIMA,LIMA,PEATÓN,FALLECIDO,,EN EL CENTRO DE SALUD,IDENTIFICADO,PERÚ,36,MASCULINO,,NO CONDUCTOR,NO CONDUCTOR,,,,AUTOMÓVIL,10/12/2022,2022,DICIEMBRE,SÁBADO,10,DESPISTE,EN PROCESO DE INVESTIGACIÓN,NO CUENTA CON CAUSA ESPECIFICA,JIRÓN,NO CORRESPONDE,URBANO
A-2022-12-142,V-2022-12-142-1,P-2022-12-142-1-3,LIMA,LIMA,LIMA,PEATÓN,LESIONADO,CENTRO DE SALUD PRIVADO,,IDENTIFICADO,PERÚ,82,MASCULINO,,NO CONDUCTOR,NO CONDUCTOR,,,,AUTOMÓVIL,10/12/2022,2022,DICIEMBRE,SÁBADO,10,DESPISTE,EN PROCESO DE INVESTIGACIÓN,NO CUENTA CON CAUSA ESPECIFICA,JIRÓN,NO CORRESPONDE,URBANO
A-2022-12-133,V-2022-12-133-1,P-2022-12-133-1-1,CALLAO,CALLAO,CALLAO,CONDUCTOR,FALLECIDO,,EN EL LUGAR DE LOS HECHOS,IDENTIFICADO,PERÚ,23,MASCULINO,SI,VIGENTE,B II C,NO,,SI,MOTOCICLETA,10/12/2022,2022,DICIEMBRE,SÁBADO,14,CHOQUE CON OBJETO FIJO,IMPRUDENCIA DEL CONDUCTOR,OTRO (IMPRUDENCIA DEL CONDUCTOR),CARRETERA NACIONAL,PE-20B,NACIONAL
A-2022-12-151,V-2022-12-151-1,P-2022-12-151-1-1,LIMA,LIMA,SAN JUAN DE MIRAFLORES,SIN CONDUCTOR,NO SE CONOCE,,,NO IDENTIFICADO,,,NO INDICA,,NO CONDUCTOR,NO CONDUCTOR,NO,,NO,AUTOMÓVIL,10/12/2022,2022,DICIEMBRE,SÁBADO,23,ATROPELLO FUGA,EN PROCESO DE INVESTIGACIÓN,NO CUENTA CON CAUSA ESPECIFICA,CARRETERA NACIONAL,PE-1S,NACIONAL
A-2022-12-151,V-2022-12-151-2,P-2022-12-151-2-1,LIMA,LIMA,SAN JUAN DE MIRAFLORES,CONDUCTOR FUGADO,NO SE CONOCE,,,NO IDENTIFICADO,,,NO INDICA,,FUGADO,FUGADO,NO,,NO,VEHICULO NO IDENTIFICADO,10/12/2022,2022,DICIEMBRE,SÁBADO,23,ATROPELLO FUGA,EN PROCESO DE INVESTIGACIÓN,NO CUENTA CON CAUSA ESPECIFICA,CARRETERA NACIONAL,PE-1S,NACIONAL
A-2022-12-151,V-2022-12-151-2,P-2022-12-151-2-2,LIMA,LIMA,SAN JUAN DE MIRAFLORES,PEATÓN,FALLECIDO,,EN EL LUGAR DE LOS HECHOS,IDENTIFICADO,PERÚ,39,FEMENINO,,NO CONDUCTOR,NO CONDUCTOR,,,,VEHICULO NO IDENTIFICADO,10/12/2022,2022,DICIEMBRE,SÁBADO,23,ATROPELLO FUGA,EN PROCESO DE INVESTIGACIÓN,NO CUENTA CON CAUSA ESPECIFICA,CARRETERA NACIONAL,PE-1S,NACIONAL
A-2022-12-143,V-2022-12-143-1,P-2022-12-143-1-1,LIMA,LIMA,LURIGANCHO,CONDUCTOR,ILESO,,,IDENTIFICADO,PERÚ,41,MASCULINO,SI,VIGENTE,A III C,,,,ÓMNIBUS,11/12/2022,2022,DICIEMBRE,DOMINGO,0,ATROPELLO,EN PROCESO DE INVESTIGACIÓN,NO CUENTA CON CAUSA ESPECIFICA,CARRETERA NACIONAL,PE-22,NACIONAL
A-2022-12-143,V-2022-12-143-1,P-2022-12-143-1-2,LIMA,LIMA,LURIGANCHO,PEATÓN,FALLECIDO,,EN EL CENTRO DE SALUD,NO IDENTIFICADO,PERÚ,,MASCULINO,,NO CONDUCTOR,NO CONDUCTOR,,,,ÓMNIBUS,11/12/2022,2022,DICIEMBRE,DOMINGO,0,ATROPELLO,EN PROCESO DE INVESTIGACIÓN,NO CUENTA CON CAUSA ESPECIFICA,CARRETERA NACIONAL,PE-22,NACIONAL
A-2022-12-144,V-2022-12-144-1,P-2022-12-144-1-1,LIMA,LIMA,COMAS,CONDUCTOR,ILESO,,,IDENTIFICADO,PERÚ,37,MASCULINO,SI,VIGENTE,A I,,,,AUTOMÓVIL,11/12/2022,2022,DICIEMBRE,DOMINGO,12,ATROPELLO,EN PROCESO DE INVESTIGACIÓN,NO CUENTA CON CAUSA ESPECIFICA,CARRETERA NACIONAL,PE-1N,NACIONAL
A-2022-12-144,V-2022-12-144-1,P-2022-12-144-1-2,LIMA,LIMA,COMAS,PEATÓN,FALLECIDO,,EN EL CENTRO DE SALUD,IDENTIFICADO,PERÚ,79,MASCULINO,,NO CONDUCTOR,NO CONDUCTOR,,,,AUTOMÓVIL,11/12/2022,2022,DICIEMBRE,DOMINGO,12,ATROPELLO,EN PROCESO DE INVESTIGACIÓN,NO CUENTA CON CAUSA ESPECIFICA,CARRETERA NACIONAL,PE-1N,NACIONAL
A-2022-12-152,V-2022-12-152-1,P-2022-12-152-1-1,LIMA,LIMA,SAN MARTIN DE PORRES,CONDUCTOR,NO SE CONOCE,,,NO IDENTIFICADO,VENEZUELA,,MASCULINO,,SIN DNI IDENTIFICADO,SIN DNI IDENTIFICADO,,,,MOTOCICLETA,12/12/2022,2022,DICIEMBRE,LUNES,18,ATROPELLO,EN PROCESO DE INVESTIGACIÓN,NO CUENTA CON CAUSA ESPECIFICA,AVENIDA,NO CORRESPONDE,URBANO
A-2022-12-152,V-2022-12-152-1,P-2022-12-152-1-2,LIMA,LIMA,SAN MARTIN DE PORRES,PEATÓN,FALLECIDO,,EN EL CENTRO DE SALUD,IDENTIFICADO,PERÚ,70,FEMENINO,,NO CONDUCTOR,NO CONDUCTOR,,,,MOTOCICLETA,12/12/2022,2022,DICIEMBRE,LUNES,18,ATROPELLO,EN PROCESO DE INVESTIGACIÓN,NO CUENTA CON CAUSA ESPECIFICA,AVENIDA,NO CORRESPONDE,URBANO
A-2022-12-153,V-2022-12-153-1,P-2022-12-153-1-1,LIMA,LIMA,SAN MARTIN DE PORRES,CONDUCTOR,ILESO,,,IDENTIFICADO,PERÚ,38,MASCULINO,SI,VIGENTE,A III C,,,,CAMIÓN,13/12/2022,2022,DICIEMBRE,MARTES,13,ATROPELLO,EN PROCESO DE INVESTIGACIÓN,NO CUENTA CON CAUSA ESPECIFICA,AVENIDA,NO CORRESPONDE,URBANO
A-2022-12-153,V-2022-12-153-1,P-2022-12-153-1-2,LIMA,LIMA,SAN MARTIN DE PORRES,PEATÓN,FALLECIDO,,EN EL CENTRO DE SALUD,IDENTIFICADO,PERÚ,17,FEMENINO,,NO CONDUCTOR,NO CONDUCTOR,,,,CAMIÓN,13/12/2022,2022,DICIEMBRE,MARTES,13,ATROPELLO,EN PROCESO DE INVESTIGACIÓN,NO CUENTA CON CAUSA ESPECIFICA,AVENIDA,NO CORRESPONDE,URBANO
A-2022-12-154,V-2022-12-154-1,P-2022-12-154-1-1,LIMA,LIMA,LOS OLIVOS,CONDUCTOR FUGADO,NO SE CONOCE,,,NO IDENTIFICADO,,,NO INDICA,,FUGADO,FUGADO,NO,,NO,VEHICULO NO IDENTIFICADO,13/12/2022,2022,DICIEMBRE,MARTES,21,ATROPELLO FUGA,EN PROCESO DE INVESTIGACIÓN,NO CUENTA CON CAUSA ESPECIFICA,AVENIDA,NO CORRESPONDE,URBANO
A-2022-12-154,V-2022-12-154-1,P-2022-12-154-1-2,LIMA,LIMA,LOS OLIVOS,PEATÓN,FALLECIDO,,EN EL CENTRO DE SALUD,IDENTIFICADO,PERÚ,41,FEMENINO,,NO CONDUCTOR,NO CONDUCTOR,,,,VEHICULO NO IDENTIFICADO,13/12/2022,2022,DICIEMBRE,MARTES,21,ATROPELLO FUGA,EN PROCESO DE INVESTIGACIÓN,NO CUENTA CON CAUSA ESPECIFICA,AVENIDA,NO CORRESPONDE,URBANO
A-2022-12-230,V-2022-12-230-1,P-2022-12-230-1-1,LIMA,LIMA,COMAS,CONDUCTOR,ILESO,,,IDENTIFICADO,PERÚ,69,MASCULINO,SI,VIGENTE,B II C,,,,TRIMOTO PASAJERO,15/12/2022,2022,DICIEMBRE,JUEVES,21,ATROPELLO,EN PROCESO DE INVESTIGACIÓN,NO CUENTA CON CAUSA ESPECIFICA,AVENIDA,NO CORRESPONDE,URBANO
A-2022-12-230,V-2022-12-230-1,P-2022-12-230-1-2,LIMA,LIMA,COMAS,PEATÓN,FALLECIDO,,EN EL CENTRO DE SALUD,IDENTIFICADO,PERÚ,80,MASCULINO,,NO CONDUCTOR,NO CONDUCTOR,,,,TRIMOTO PASAJERO,15/12/2022,2022,DICIEMBRE,JUEVES,21,ATROPELLO,EN PROCESO DE INVESTIGACIÓN,NO CUENTA CON CAUSA ESPECIFICA,AVENIDA,NO CORRESPONDE,URBANO
A-2022-12-155,V-2022-12-155-1,P-2022-12-155-1-1,LIMA,LIMA,LURIN,CONDUCTOR FUGADO,NO SE CONOCE,,,NO IDENTIFICADO,,,NO INDICA,,FUGADO,FUGADO,NO,,NO,VEHICULO NO IDENTIFICADO,18/12/2022,2022,DICIEMBRE,DOMINGO,3,ATROPELLO FUGA,EN PROCESO DE INVESTIGACIÓN,NO CUENTA CON CAUSA ESPECIFICA,CARRETERA NACIONAL,PE-1S,NACIONAL
A-2022-12-155,V-2022-12-155-1,P-2022-12-155-1-2,LIMA,LIMA,LURIN,PEATÓN,FALLECIDO,,EN EL LUGAR DE LOS HECHOS,IDENTIFICADO,PERÚ,44,MASCULINO,,NO CONDUCTOR,NO CONDUCTOR,,,,VEHICULO NO IDENTIFICADO,18/12/2022,2022,DICIEMBRE,DOMINGO,3,ATROPELLO FUGA,EN PROCESO DE INVESTIGACIÓN,NO CUENTA CON CAUSA ESPECIFICA,CARRETERA NACIONAL,PE-1S,NACIONAL
A-2022-12-231,V-2022-12-231-1,P-2022-12-231-1-1,LIMA,LIMA,LURIGANCHO,CONDUCTOR,ILESO,,,IDENTIFICADO,PERÚ,69,MASCULINO,,VENCIDA,A III C,,,,OTRO,18/12/2022,2022,DICIEMBRE,DOMINGO,7,ESPECIAL,EN PROCESO DE INVESTIGACIÓN,NO CUENTA CON CAUSA ESPECIFICA,AUTOPISTA,NO CORRESPONDE,URBANO
A-2022-12-231,V-2022-12-231-1,P-2022-12-231-1-2,LIMA,LIMA,LURIGANCHO,PEATÓN,FALLECIDO,,EN EL CENTRO DE SALUD,IDENTIFICADO,PERÚ,5,MASCULINO,,NO CONDUCTOR,NO CONDUCTOR,NO,,,OTRO,18/12/2022,2022,DICIEMBRE,DOMINGO,7,ESPECIAL,EN PROCESO DE INVESTIGACIÓN,NO CUENTA CON CAUSA ESPECIFICA,AUTOPISTA,NO CORRESPONDE,URBANO
A-2022-12-156,V-2022-12-156-1,P-2022-12-156-1-1,LIMA,LIMA,PUENTE PIEDRA,CONDUCTOR,LESIONADO,CENTRO DE SALUD PÚBLICO,,IDENTIFICADO,PERÚ,25,MASCULINO,SI,VIGENTE,B I,,,,MOTOCICLETA,19/12/2022,2022,DICIEMBRE,LUNES,2,DESPISTE,EN PROCESO DE INVESTIGACIÓN,NO CUENTA CON CAUSA ESPECIFICA,CARRETERA NACIONAL,PE-1N,NACIONAL
A-2022-12-156,V-2022-12-156-1,P-2022-12-156-1-2,LIMA,LIMA,PUENTE PIEDRA,PASAJERO,FALLECIDO,,EN EL LUGAR DE LOS HECHOS,IDENTIFICADO,PERÚ,24,FEMENINO,,NO CONDUCTOR,NO CONDUCTOR,,,,MOTOCICLETA,19/12/2022,2022,DICIEMBRE,LUNES,2,DESPISTE,EN PROCESO DE INVESTIGACIÓN,NO CUENTA CON CAUSA ESPECIFICA,CARRETERA NACIONAL,PE-1N,NACIONAL
A-2022-12-157,V-2022-12-157-1,P-2022-12-157-1-1,LIMA,LIMA,PUENTE PIEDRA,CONDUCTOR,ILESO,,,IDENTIFICADO,COLOMBIA,26,MASCULINO,,SIN DNI IDENTIFICADO,SIN DNI IDENTIFICADO,,,,MOTOCICLETA,19/12/2022,2022,DICIEMBRE,LUNES,9,VOLCADURA,EN PROCESO DE INVESTIGACIÓN,NO CUENTA CON CAUSA ESPECIFICA,CARRETERA NACIONAL,PE-1N,NACIONAL
A-2022-12-157,V-2022-12-157-1,P-2022-12-157-1-2,LIMA,LIMA,PUENTE PIEDRA,PASAJERO,FALLECIDO,,EN EL LUGAR DE LOS HECHOS,IDENTIFICADO,VENEZUELA,22,FEMENINO,,NO CONDUCTOR,NO CONDUCTOR,,,,MOTOCICLETA,19/12/2022,2022,DICIEMBRE,LUNES,9,VOLCADURA,EN PROCESO DE INVESTIGACIÓN,NO CUENTA CON CAUSA ESPECIFICA,CARRETERA NACIONAL,PE-1N,NACIONAL
A-2022-12-157,V-2022-12-157-2,P-2022-12-157-2-1,LIMA,LIMA,PUENTE PIEDRA,CONDUCTOR,ILESO,,,IDENTIFICADO,PERÚ,36,MASCULINO,SI,VIGENTE,OTRO,,,,REMOLCADOR-SEMIREMOLQUE,19/12/2022,2022,DICIEMBRE,LUNES,9,VOLCADURA,EN PROCESO DE INVESTIGACIÓN,NO CUENTA CON CAUSA ESPECIFICA,CARRETERA NACIONAL,PE-1N,NACIONAL
A-2022-12-158,V-2022-12-158-1,P-2022-12-158-1-1,LIMA,LIMA,SAN MARTIN DE PORRES,CONDUCTOR,ILESO,,,IDENTIFICADO,PERÚ,24,MASCULINO,SI,VIGENTE,B II C,,,,MOTOCICLETA,19/12/2022,2022,DICIEMBRE,LUNES,22,ATROPELLO,EN PROCESO DE INVESTIGACIÓN,NO CUENTA CON CAUSA ESPECIFICA,AVENIDA,NO CORRESPONDE,URBANO
A-2022-12-158,V-2022-12-158-1,P-2022-12-158-1-2,LIMA,LIMA,SAN MARTIN DE PORRES,PEATÓN,FALLECIDO,,EN EL LUGAR DE LOS HECHOS,IDENTIFICADO,PERÚ,63,MASCULINO,,NO CONDUCTOR,NO CONDUCTOR,,,,MOTOCICLETA,19/12/2022,2022,DICIEMBRE,LUNES,22,ATROPELLO,EN PROCESO DE INVESTIGACIÓN,NO CUENTA CON CAUSA ESPECIFICA,AVENIDA,NO CORRESPONDE,URBANO
A-2022-12-159,V-2022-12-159-1,P-2022-12-159-1-1,LIMA,LIMA,LURIGANCHO,CONDUCTOR FUGADO,NO SE CONOCE,,,NO IDENTIFICADO,,,NO INDICA,,FUGADO,FUGADO,,,,VEHICULO NO IDENTIFICADO,19/12/2022,2022,DICIEMBRE,LUNES,23,ATROPELLO FUGA,EN PROCESO DE INVESTIGACIÓN,NO CUENTA CON CAUSA ESPECIFICA,AVENIDA,NO CORRESPONDE,URBANO
A-2022-12-159,V-2022-12-159-1,P-2022-12-159-1-2,LIMA,LIMA,LURIGANCHO,PEATÓN,FALLECIDO,,EN EL LUGAR DE LOS HECHOS,IDENTIFICADO,PERÚ,66,MASCULINO,,NO CONDUCTOR,NO CONDUCTOR,,,,VEHICULO NO IDENTIFICADO,19/12/2022,2022,DICIEMBRE,LUNES,23,ATROPELLO FUGA,EN PROCESO DE INVESTIGACIÓN,NO CUENTA CON CAUSA ESPECIFICA,AVENIDA,NO CORRESPONDE,URBANO
A-2022-12-162,V-2022-12-162-1,P-2022-12-162-1-1,LIMA,LIMA,RIMAC,CONDUCTOR,FALLECIDO,,EN EL LUGAR DE LOS HECHOS,IDENTIFICADO,PERÚ,38,MASCULINO,SI,VIGENTE,B II C,,,,MOTOCICLETA,20/12/2022,2022,DICIEMBRE,MARTES,6,VOLCADURA,EN PROCESO DE INVESTIGACIÓN,NO CUENTA CON CAUSA ESPECIFICA,CARRETERA NACIONAL,PE-1N,NACIONAL
A-2022-12-160,V-2022-12-160-1,P-2022-12-160-1-1,LIMA,LIMA,CARABAYLLO,CONDUCTOR FUGADO,NO SE CONOCE,,,NO IDENTIFICADO,,,NO INDICA,,FUGADO,FUGADO,NO,,NO,VEHICULO NO IDENTIFICADO,20/12/2022,2022,DICIEMBRE,MARTES,11,ATROPELLO FUGA,EN PROCESO DE INVESTIGACIÓN,NO CUENTA CON CAUSA ESPECIFICA,AVENIDA,NO CORRESPONDE,URBANO
A-2022-12-160,V-2022-12-160-1,P-2022-12-160-1-2,LIMA,LIMA,CARABAYLLO,PEATÓN,FALLECIDO,,EN EL LUGAR DE LOS HECHOS,IDENTIFICADO,PERÚ,73,MASCULINO,,NO CONDUCTOR,NO CONDUCTOR,,,,VEHICULO NO IDENTIFICADO,20/12/2022,2022,DICIEMBRE,MARTES,11,ATROPELLO FUGA,EN PROCESO DE INVESTIGACIÓN,NO CUENTA CON CAUSA ESPECIFICA,AVENIDA,NO CORRESPONDE,URBANO
A-2022-12-161,V-2022-12-161-1,P-2022-12-161-1-1,LIMA,LIMA,PUCUSANA,CONDUCTOR,ILESO,,,IDENTIFICADO,PERÚ,47,MASCULINO,SI,VIGENTE,A I,,,,AUTOMÓVIL,20/12/2022,2022,DICIEMBRE,MARTES,14,ATROPELLO,EN PROCESO DE INVESTIGACIÓN,NO CUENTA CON CAUSA ESPECIFICA,CARRETERA NACIONAL,PE-1S,NACIONAL
A-2022-12-161,V-2022-12-161-1,P-2022-12-161-1-2,LIMA,LIMA,PUCUSANA,PEATÓN,FALLECIDO,,EN EL CENTRO DE SALUD,IDENTIFICADO,PERÚ,16,MASCULINO,,NO CONDUCTOR,NO CONDUCTOR,,,,AUTOMÓVIL,20/12/2022,2022,DICIEMBRE,MARTES,14,ATROPELLO,EN PROCESO DE INVESTIGACIÓN,NO CUENTA CON CAUSA ESPECIFICA,CARRETERA NACIONAL,PE-1S,NACIONAL
A-2022-12-163,V-2022-12-163-1,P-2022-12-163-1-1,LIMA,LIMA,JESUS MARIA,CONDUCTOR,ILESO,,,IDENTIFICADO,PERÚ,39,MASCULINO,SI,VIGENTE,A III B,,,,CAMIÓN,21/12/2022,2022,DICIEMBRE,MIÉRCOLES,7,ATROPELLO,EN PROCESO DE INVESTIGACIÓN,NO CUENTA CON CAUSA ESPECIFICA,AVENIDA,NO CORRESPONDE,URBANO
A-2022-12-163,V-2022-12-163-1,P-2022-12-163-1-2,LIMA,LIMA,JESUS MARIA,PEATÓN,FALLECIDO,,EN EL LUGAR DE LOS HECHOS,IDENTIFICADO,PERÚ,71,FEMENINO,,NO CONDUCTOR,NO CONDUCTOR,,,,CAMIÓN,21/12/2022,2022,DICIEMBRE,MIÉRCOLES,7,ATROPELLO,EN PROCESO DE INVESTIGACIÓN,NO CUENTA CON CAUSA ESPECIFICA,AVENIDA,NO CORRESPONDE,URBANO
A-2022-12-164,V-2022-12-164-1,P-2022-12-164-1-1,LIMA,LIMA,PUENTE PIEDRA,CONDUCTOR FUGADO,NO SE CONOCE,,,NO IDENTIFICADO,,,NO INDICA,,FUGADO,FUGADO,NO,,NO,VEHICULO NO IDENTIFICADO,21/12/2022,2022,DICIEMBRE,MIÉRCOLES,19,ATROPELLO FUGA,EN PROCESO DE INVESTIGACIÓN,NO CUENTA CON CAUSA ESPECIFICA,CARRETERA NACIONAL,PE-20,NACIONAL
A-2022-12-164,V-2022-12-164-1,P-2022-12-164-1-2,LIMA,LIMA,PUENTE PIEDRA,PEATÓN,FALLECIDO,,EN EL LUGAR DE LOS HECHOS,NO IDENTIFICADO,,,MASCULINO,,NO CONDUCTOR,NO CONDUCTOR,,,,VEHICULO NO IDENTIFICADO,21/12/2022,2022,DICIEMBRE,MIÉRCOLES,19,ATROPELLO FUGA,EN PROCESO DE INVESTIGACIÓN,NO CUENTA CON CAUSA ESPECIFICA,CARRETERA NACIONAL,PE-20,NACIONAL
A-2022-12-165,V-2022-12-165-1,P-2022-12-165-1-1,LIMA,LIMA,LURIN,CONDUCTOR,FALLECIDO,,EN EL LUGAR DE LOS HECHOS,IDENTIFICADO,PERÚ,45,MASCULINO,SI,VIGENTE,A I,,,,AUTOMÓVIL,21/12/2022,2022,DICIEMBRE,MIÉRCOLES,22,CHOQUE,EN PROCESO DE INVESTIGACIÓN,NO CUENTA CON CAUSA ESPECIFICA,CARRETERA NACIONAL,PE-1S,NACIONAL
A-2022-12-165,V-2022-12-165-2,P-2022-12-165-2-1,LIMA,LIMA,LURIN,CONDUCTOR,ILESO,,,IDENTIFICADO,PERÚ,51,MASCULINO,SI,VIGENTE,A III A,,,,ÓMNIBUS,21/12/2022,2022,DICIEMBRE,MIÉRCOLES,22,CHOQUE,EN PROCESO DE INVESTIGACIÓN,NO CUENTA CON CAUSA ESPECIFICA,CARRETERA NACIONAL,PE-1S,NACIONAL
A-2022-12-167,V-2022-12-167-1,P-2022-12-167-1-1,LIMA,LIMA,ATE,CONDUCTOR,FALLECIDO,,EN EL CENTRO DE SALUD,IDENTIFICADO,PERÚ,17,MASCULINO,,SIN LICENCIA,SIN LICENCIA,,,,CAMIONETA RURAL,22/12/2022,2022,DICIEMBRE,JUEVES,13,DESPISTE,EN PROCESO DE INVESTIGACIÓN,NO CUENTA CON CAUSA ESPECIFICA,AVENIDA,NO CORRESPONDE,URBANO
A-2022-12-167,V-2022-12-167-1,P-2022-12-167-1-2,LIMA,LIMA,ATE,PASAJERO,FALLECIDO,,EN EL LUGAR DE LOS HECHOS,IDENTIFICADO,PERÚ,22,FEMENINO,,NO CONDUCTOR,NO CONDUCTOR,NO,,NO,CAMIONETA RURAL,22/12/2022,2022,DICIEMBRE,JUEVES,13,DESPISTE,EN PROCESO DE INVESTIGACIÓN,NO CUENTA CON CAUSA ESPECIFICA,AVENIDA,NO CORRESPONDE,URBANO
A-2022-12-167,V-2022-12-167-1,P-2022-12-167-1-3,LIMA,LIMA,ATE,PASAJERO,LESIONADO,CENTRO DE SALUD PÚBLICO,,NO IDENTIFICADO,,,NO INDICA,,NO CONDUCTOR,NO CONDUCTOR,NO,,NO,CAMIONETA RURAL,22/12/2022,2022,DICIEMBRE,JUEVES,13,DESPISTE,EN PROCESO DE INVESTIGACIÓN,NO CUENTA CON CAUSA ESPECIFICA,AVENIDA,NO CORRESPONDE,URBANO
A-2022-12-167,V-2022-12-167-1,P-2022-12-167-1-4,LIMA,LIMA,ATE,PASAJERO,LESIONADO,CENTRO DE SALUD PÚBLICO,,NO IDENTIFICADO,,,NO INDICA,,NO CONDUCTOR,NO CONDUCTOR,NO,,NO,CAMIONETA RURAL,22/12/2022,2022,DICIEMBRE,JUEVES,13,DESPISTE,EN PROCESO DE INVESTIGACIÓN,NO CUENTA CON CAUSA ESPECIFICA,AVENIDA,NO CORRESPONDE,URBANO
A-2022-12-167,V-2022-12-167-1,P-2022-12-167-1-5,LIMA,LIMA,ATE,PASAJERO,LESIONADO,CENTRO DE SALUD PÚBLICO,,NO IDENTIFICADO,,,NO INDICA,,NO CONDUCTOR,NO CONDUCTOR,NO,,NO,CAMIONETA RURAL,22/12/2022,2022,DICIEMBRE,JUEVES,13,DESPISTE,EN PROCESO DE INVESTIGACIÓN,NO CUENTA CON CAUSA ESPECIFICA,AVENIDA,NO CORRESPONDE,URBANO
A-2022-12-167,V-2022-12-167-1,P-2022-12-167-1-6,LIMA,LIMA,ATE,PASAJERO,LESIONADO,CENTRO DE SALUD PÚBLICO,,NO IDENTIFICADO,,,NO INDICA,,NO CONDUCTOR,NO CONDUCTOR,NO,,NO,CAMIONETA RURAL,22/12/2022,2022,DICIEMBRE,JUEVES,13,DESPISTE,EN PROCESO DE INVESTIGACIÓN,NO CUENTA CON CAUSA ESPECIFICA,AVENIDA,NO CORRESPONDE,URBANO
A-2022-12-167,V-2022-12-167-1,P-2022-12-167-1-7,LIMA,LIMA,ATE,PASAJERO,LESIONADO,CENTRO DE SALUD PÚBLICO,,NO IDENTIFICADO,,,NO INDICA,,NO CONDUCTOR,NO CONDUCTOR,NO,,NO,CAMIONETA RURAL,22/12/2022,2022,DICIEMBRE,JUEVES,13,DESPISTE,EN PROCESO DE INVESTIGACIÓN,NO CUENTA CON CAUSA ESPECIFICA,AVENIDA,NO CORRESPONDE,URBANO
A-2022-12-134,V-2022-12-134-1,P-2022-12-134-1-1,CALLAO,CALLAO,CALLAO,CONDUCTOR FUGADO,NO SE CONOCE,,,NO IDENTIFICADO,OTRO,,NO INDICA,,FUGADO,FUGADO,,,,VEHICULO NO IDENTIFICADO,23/12/2022,2022,DICIEMBRE,VIERNES,16,ATROPELLO FUGA,EN PROCESO DE INVESTIGACIÓN,NO CUENTA CON CAUSA ESPECIFICA,AVENIDA,NO CORRESPONDE,URBANO
A-2022-12-134,V-2022-12-134-1,P-2022-12-134-1-2,CALLAO,CALLAO,CALLAO,PEATÓN,FALLECIDO,,CAMINO AL CENTRO DE SALUD,IDENTIFICADO,PERÚ,82,MASCULINO,,NO CONDUCTOR,NO CONDUCTOR,NO,,SI,VEHICULO NO IDENTIFICADO,23/12/2022,2022,DICIEMBRE,VIERNES,16,ATROPELLO FUGA,EN PROCESO DE INVESTIGACIÓN,NO CUENTA CON CAUSA ESPECIFICA,AVENIDA,NO CORRESPONDE,URBANO
A-2022-12-166,V-2022-12-166-1,P-2022-12-166-1-1,LIMA,LIMA,COMAS,CONDUCTOR,ILESO,,,IDENTIFICADO,PERÚ,29,FEMENINO,SI,VIGENTE,A I,,,,AUTOMÓVIL,23/12/2022,2022,DICIEMBRE,VIERNES,23,ATROPELLO,EN PROCESO DE INVESTIGACIÓN,NO CUENTA CON CAUSA ESPECIFICA,AVENIDA,NO CORRESPONDE,URBANO
A-2022-12-166,V-2022-12-166-1,P-2022-12-166-1-2,LIMA,LIMA,COMAS,PEATÓN,FALLECIDO,,EN EL CENTRO DE SALUD,NO IDENTIFICADO,,,FEMENINO,,NO CONDUCTOR,NO CONDUCTOR,,,,AUTOMÓVIL,23/12/2022,2022,DICIEMBRE,VIERNES,23,ATROPELLO,EN PROCESO DE INVESTIGACIÓN,NO CUENTA CON CAUSA ESPECIFICA,AVENIDA,NO CORRESPONDE,URBANO
A-2022-12-169,V-2022-12-169-1,P-2022-12-169-1-1,LIMA,LIMA,SANTIAGO DE SURCO,CONDUCTOR FUGADO,NO SE CONOCE,,,NO IDENTIFICADO,,,NO INDICA,,FUGADO,FUGADO,NO,,NO,VEHICULO NO IDENTIFICADO,25/12/2022,2022,DICIEMBRE,DOMINGO,2,ATROPELLO FUGA,EN PROCESO DE INVESTIGACIÓN,NO CUENTA CON CAUSA ESPECIFICA,CARRETERA NACIONAL,PE-1S,NACIONAL
A-2022-12-169,V-2022-12-169-1,P-2022-12-169-1-2,LIMA,LIMA,SANTIAGO DE SURCO,PEATÓN,FALLECIDO,,EN EL LUGAR DE LOS HECHOS,NO IDENTIFICADO,,,MASCULINO,,NO CONDUCTOR,NO CONDUCTOR,,,,VEHICULO NO IDENTIFICADO,25/12/2022,2022,DICIEMBRE,DOMINGO,2,ATROPELLO FUGA,EN PROCESO DE INVESTIGACIÓN,NO CUENTA CON CAUSA ESPECIFICA,CARRETERA NACIONAL,PE-1S,NACIONAL
A-2022-12-170,V-2022-12-170-1,P-2022-12-170-1-1,LIMA,LIMA,BARRANCO,CONDUCTOR,FALLECIDO,,EN EL LUGAR DE LOS HECHOS,IDENTIFICADO,PERÚ,35,MASCULINO,SI,VIGENTE,B II C,,,,MOTOCICLETA,25/12/2022,2022,DICIEMBRE,DOMINGO,7,DESPISTE,EN PROCESO DE INVESTIGACIÓN,NO CUENTA CON CAUSA ESPECIFICA,AUTOPISTA,NO CORRESPONDE,URBANO
A-2022-12-168,V-2022-12-168-1,P-2022-12-168-1-1,LIMA,LIMA,LIMA,CONDUCTOR,ILESO,,,IDENTIFICADO,PERÚ,57,MASCULINO,SI,VIGENTE,A III A,,,,MINIBUS,25/12/2022,2022,DICIEMBRE,DOMINGO,16,CHOQUE,EN PROCESO DE INVESTIGACIÓN,NO CUENTA CON CAUSA ESPECIFICA,AVENIDA,NO CORRESPONDE,URBANO
A-2022-12-168,V-2022-12-168-2,P-2022-12-168-2-1,LIMA,LIMA,LIMA,CONDUCTOR,ILESO,,,IDENTIFICADO,PERÚ,50,MASCULINO,,VENCIDA,B II C,,,,TRIMOTO PASAJERO,25/12/2022,2022,DICIEMBRE,DOMINGO,16,CHOQUE,EN PROCESO DE INVESTIGACIÓN,NO CUENTA CON CAUSA ESPECIFICA,AVENIDA,NO CORRESPONDE,URBANO
A-2022-12-168,V-2022-12-168-2,P-2022-12-168-2-2,LIMA,LIMA,LIMA,PASAJERO,FALLECIDO,,EN EL LUGAR DE LOS HECHOS,IDENTIFICADO,PERÚ,49,MASCULINO,,NO CONDUCTOR,NO CONDUCTOR,NO,,NO,TRIMOTO PASAJERO,25/12/2022,2022,DICIEMBRE,DOMINGO,16,CHOQUE,EN PROCESO DE INVESTIGACIÓN,NO CUENTA CON CAUSA ESPECIFICA,AVENIDA,NO CORRESPONDE,URBANO
A-2022-12-171,V-2022-12-171-1,P-2022-12-171-1-1,LIMA,LIMA,SAN JUAN DE LURIGANCHO,CONDUCTOR,ILESO,,,IDENTIFICADO,PERÚ,22,MASCULINO,,SIN LICENCIA,SIN LICENCIA,,,,MOTOCICLETA,26/12/2022,2022,DICIEMBRE,LUNES,14,ATROPELLO,EN PROCESO DE INVESTIGACIÓN,NO CUENTA CON CAUSA ESPECIFICA,AVENIDA,NO CORRESPONDE,URBANO
A-2022-12-171,V-2022-12-171-1,P-2022-12-171-1-2,LIMA,LIMA,SAN JUAN DE LURIGANCHO,PEATÓN,FALLECIDO,,EN EL LUGAR DE LOS HECHOS,IDENTIFICADO,PERÚ,54,MASCULINO,,NO CONDUCTOR,NO CONDUCTOR,,,,MOTOCICLETA,26/12/2022,2022,DICIEMBRE,LUNES,14,ATROPELLO,EN PROCESO DE INVESTIGACIÓN,NO CUENTA CON CAUSA ESPECIFICA,AVENIDA,NO CORRESPONDE,URBANO
A-2022-12-131,V-2022-12-131-1,P-2022-12-131-1-1,CALLAO,CALLAO,CALLAO,CONDUCTOR,ILESO,,,IDENTIFICADO,VENEZUELA,33,MASCULINO,,VENCIDA,A III C,NO,,SI,REMOLCADOR-SEMIREMOLQUE,26/12/2022,2022,DICIEMBRE,LUNES,15,CHOQUE,EN PROCESO DE INVESTIGACIÓN,NO CUENTA CON CAUSA ESPECIFICA,CARRETERA NACIONAL,PE-20,NACIONAL
A-2022-12-131,V-2022-12-131-2,P-2022-12-131-2-1,CALLAO,CALLAO,CALLAO,CONDUCTOR,FALLECIDO,,EN EL LUGAR DE LOS HECHOS,IDENTIFICADO,PERÚ,49,MASCULINO,SI,VIGENTE,A III C,NO,,SI,REMOLCADOR-SEMIREMOLQUE,26/12/2022,2022,DICIEMBRE,LUNES,15,CHOQUE,EN PROCESO DE INVESTIGACIÓN,NO CUENTA CON CAUSA ESPECIFICA,CARRETERA NACIONAL,PE-20,NACIONAL
A-2022-12-172,V-2022-12-172-1,P-2022-12-172-1-1,LIMA,LIMA,SAN MARTIN DE PORRES,CONDUCTOR FUGADO,NO SE CONOCE,,,NO IDENTIFICADO,,,NO INDICA,,FUGADO,FUGADO,NO,,NO,VEHICULO NO IDENTIFICADO,29/12/2022,2022,DICIEMBRE,JUEVES,9,ATROPELLO FUGA,EN PROCESO DE INVESTIGACIÓN,NO CUENTA CON CAUSA ESPECIFICA,CARRETERA NACIONAL,PE-1N,NACIONAL
A-2022-12-172,V-2022-12-172-1,P-2022-12-172-1-2,LIMA,LIMA,SAN MARTIN DE PORRES,PEATÓN,FALLECIDO,,EN EL LUGAR DE LOS HECHOS,NO IDENTIFICADO,,,MASCULINO,,NO CONDUCTOR,NO CONDUCTOR,,,,VEHICULO NO IDENTIFICADO,29/12/2022,2022,DICIEMBRE,JUEVES,9,ATROPELLO FUGA,EN PROCESO DE INVESTIGACIÓN,NO CUENTA CON CAUSA ESPECIFICA,CARRETERA NACIONAL,PE-1N,NACIONAL
A-2022-12-232,V-2022-12-232-1,P-2022-12-232-1-1,LIMA,LIMA,ATE,CONDUCTOR,ILESO,,,IDENTIFICADO,PERÚ,46,MASCULINO,SI,VIGENTE,A III C,,,,REMOLCADOR-SEMIREMOLQUE,30/12/2022,2022,DICIEMBRE,VIERNES,2,CHOQUE,EN PROCESO DE INVESTIGACIÓN,NO CUENTA CON CAUSA ESPECIFICA,CARRETERA NACIONAL,PE-1S,NACIONAL
A-2022-12-232,V-2022-12-232-2,P-2022-12-232-2-1,LIMA,LIMA,ATE,CONDUCTOR,FALLECIDO,,EN EL CENTRO DE SALUD,IDENTIFICADO,PERÚ,59,MASCULINO,SI,VIGENTE,A II B,,,,CAMIONETA PICK UP,30/12/2022,2022,DICIEMBRE,VIERNES,2,CHOQUE,EN PROCESO DE INVESTIGACIÓN,NO CUENTA CON CAUSA ESPECIFICA,CARRETERA NACIONAL,PE-1S,NACIONAL
A-2022-12-215,V-2022-12-215-1,P-2022-12-215-1-1,LIMA,LIMA,ANCON,CONDUCTOR FUGADO,NO SE CONOCE,,,NO IDENTIFICADO,,,NO INDICA,,FUGADO,FUGADO,,,,VEHICULO NO IDENTIFICADO,31/12/2022,2022,DICIEMBRE,SÁBADO,23,ATROPELLO FUGA,EN PROCESO DE INVESTIGACIÓN,NO CUENTA CON CAUSA ESPECIFICA,CARRETERA NACIONAL,PE-1N,NACIONAL
A-2022-12-215,V-2022-12-215-1,P-2022-12-215-1-2,LIMA,LIMA,ANCON,PEATÓN,FALLECIDO,,,NO IDENTIFICADO,,,MASCULINO,,NO CONDUCTOR,NO CONDUCTOR,,,,VEHICULO NO IDENTIFICADO,31/12/2022,2022,DICIEMBRE,SÁBADO,23,ATROPELLO FUGA,EN PROCESO DE INVESTIGACIÓN,NO CUENTA CON CAUSA ESPECIFICA,CARRETERA NACIONAL,PE-1N,NACIONAL
A-2022-12-229,V-2022-12-229-1,P-2022-12-229-1-1,LIMA,LIMA,ANCON,CONDUCTOR FUGADO,NO SE CONOCE,,,NO IDENTIFICADO,,,NO INDICA,,FUGADO,FUGADO,NO,,NO,VEHICULO NO IDENTIFICADO,31/12/2022,2022,DICIEMBRE,SÁBADO,23,ATROPELLO FUGA,EN PROCESO DE INVESTIGACIÓN,NO CUENTA CON CAUSA ESPECIFICA,CARRETERA NACIONAL,PE-1N,NACIONAL
A-2022-12-229,V-2022-12-229-1,P-2022-12-229-1-2,LIMA,LIMA,ANCON,PEATÓN,FALLECIDO,,EN EL LUGAR DE LOS HECHOS,IDENTIFICADO,PERÚ,36,MASCULINO,,NO CONDUCTOR,NO CONDUCTOR,,,,VEHICULO NO IDENTIFICADO,31/12/2022,2022,DICIEMBRE,SÁBADO,23,ATROPELLO FUGA,EN PROCESO DE INVESTIGACIÓN,NO CUENTA CON CAUSA ESPECIFICA,CARRETERA NACIONAL,PE-1N,NACIONAL
A-2023-01-130,V-2023-01-130-1,P-2023-01-130-1-1,LIMA,LIMA,LURIGANCHO,CONDUCTOR,ILESO,,,IDENTIFICADO,PERÚ,42,MASCULINO,SI,VIGENTE,A III C,,,,CAMIÓN,01/01/2023,2023,ENERO,DOMINGO,4,CHOQUE,IMPRUDENCIA DEL CONDUCTOR,CONDUCIR EN ESTADO DE EBRIEDAD Y/O DROGADICCIÓN,CARRETERA NACIONAL,PE-22,NACIONAL
A-2023-01-130,V-2023-01-130-2,P-2023-01-130-2-1,LIMA,LIMA,LURIGANCHO,CONDUCTOR,FALLECIDO,,EN EL LUGAR DE LOS HECHOS,IDENTIFICADO,PERÚ,28,MASCULINO,SI,VIGENTE,B I,,,,MOTOCICLETA,01/01/2023,2023,ENERO,DOMINGO,4,CHOQUE,IMPRUDENCIA DEL CONDUCTOR,CONDUCIR EN ESTADO DE EBRIEDAD Y/O DROGADICCIÓN,CARRETERA NACIONAL,PE-22,NACIONAL
A-2023-01-131,V-2023-01-131-1,P-2023-01-131-1-1,LIMA,LIMA,CHORRILLOS,CONDUCTOR,FALLECIDO,,EN EL CENTRO DE SALUD,IDENTIFICADO,PERÚ,54,MASCULINO,,,A II B,,,,MOTOCICLETA,01/01/2023,2023,ENERO,DOMINGO,10,CHOQUE,IMPRUDENCIA DEL CONDUCTOR,OTRO (IMPRUDENCIA DEL CONDUCTOR),AVENIDA,NO CORRESPONDE,URBANO
A-2023-01-131,V-2023-01-131-2,P-2023-01-131-2-1,LIMA,LIMA,CHORRILLOS,CONDUCTOR,ILESO,,,IDENTIFICADO,VENEZUELA,31,MASCULINO,SI,VIGENTE,B II B,,,,TRIMOTO PASAJERO,01/01/2023,2023,ENERO,DOMINGO,10,CHOQUE,IMPRUDENCIA DEL CONDUCTOR,OTRO (IMPRUDENCIA DEL CONDUCTOR),AVENIDA,NO CORRESPONDE,URBANO
A-2023-01-131,V-2023-01-131-2,P-2023-01-131-2-2,LIMA,LIMA,CHORRILLOS,PASAJERO,LESIONADO,CENTRO DE SALUD PÚBLICO,,IDENTIFICADO,PERÚ,58,FEMENINO,,NO CONDUCTOR,NO CONDUCTOR,,,,TRIMOTO PASAJERO,01/01/2023,2023,ENERO,DOMINGO,10,CHOQUE,IMPRUDENCIA DEL CONDUCTOR,OTRO (IMPRUDENCIA DEL CONDUCTOR),AVENIDA,NO CORRESPONDE,URBANO
A-2023-01-157,V-2023-01-157-1,P-2023-01-157-1-1,LIMA,LIMA,RIMAC,CONDUCTOR FUGADO,NO SE CONOCE,,,NO IDENTIFICADO,,,NO INDICA,,FUGADO,FUGADO,NO,,NO,VEHICULO NO IDENTIFICADO,02/01/2023,2023,ENERO,LUNES,0,ATROPELLO FUGA,IMPRUDENCIA DEL CONDUCTOR,OTRO (IMPRUDENCIA DEL CONDUCTOR),CARRETERA NACIONAL,PE-1N,NACIONAL
A-2023-01-157,V-2023-01-157-1,P-2023-01-157-1-2,LIMA,LIMA,RIMAC,PEATÓN,FALLECIDO,,EN EL CENTRO DE SALUD,IDENTIFICADO,PERÚ,66,FEMENINO,,NO CONDUCTOR,NO CONDUCTOR,,,,VEHICULO NO IDENTIFICADO,02/01/2023,2023,ENERO,LUNES,0,ATROPELLO FUGA,IMPRUDENCIA DEL CONDUCTOR,OTRO (IMPRUDENCIA DEL CONDUCTOR),CARRETERA NACIONAL,PE-1N,NACIONAL
A-2023-01-132,V-2023-01-132-1,P-2023-01-132-1-1,LIMA,LIMA,SAN JUAN DE MIRAFLORES,CONDUCTOR,ILESO,,,IDENTIFICADO,PERÚ,51,MASCULINO,SI,VIGENTE,A III C,,,,REMOLCADOR,02/01/2023,2023,ENERO,LUNES,3,ATROPELLO,IMPRUDENCIA DEL PEATÓN,CRUCE INDEBIDO POR LA CALZADA,CARRETERA NACIONAL,PE-1S,NACIONAL
A-2023-01-132,V-2023-01-132-1,P-2023-01-132-1-2,LIMA,LIMA,SAN JUAN DE MIRAFLORES,PEATÓN,FALLECIDO,,EN EL LUGAR DE LOS HECHOS,IDENTIFICADO,PERÚ,25,MASCULINO,,NO CONDUCTOR,NO CONDUCTOR,,,,REMOLCADOR,02/01/2023,2023,ENERO,LUNES,3,ATROPELLO,IMPRUDENCIA DEL PEATÓN,CRUCE INDEBIDO POR LA CALZADA,CARRETERA NACIONAL,PE-1S,NACIONAL
A-2023-01-136,V-2023-01-136-1,P-2023-01-136-1-1,LIMA,LIMA,PUENTE PIEDRA,CONDUCTOR,ILESO,,,IDENTIFICADO,PERÚ,31,MASCULINO,SI,VIGENTE,A III C,,,,REMOLCADOR-SEMIREMOLQUE,02/01/2023,2023,ENERO,LUNES,4,CHOQUE,IMPRUDENCIA DEL CONDUCTOR,OTRO (IMPRUDENCIA DEL CONDUCTOR),CARRETERA NACIONAL,PE-1N,NACIONAL
A-2023-01-136,V-2023-01-136-2,P-2023-01-136-2-1,LIMA,LIMA,PUENTE PIEDRA,CONDUCTOR,FALLECIDO,,EN EL CENTRO DE SALUD,IDENTIFICADO,PERÚ,36,MASCULINO,,VENCIDA,B II C,,,,MOTOCICLETA,02/01/2023,2023,ENERO,LUNES,4,CHOQUE,IMPRUDENCIA DEL CONDUCTOR,OTRO (IMPRUDENCIA DEL CONDUCTOR),CARRETERA NACIONAL,PE-1N,NACIONAL
A-2023-01-133,V-2023-01-133-1,P-2023-01-133-1-1,LIMA,LIMA,COMAS,CONDUCTOR,ILESO,,,IDENTIFICADO,PERÚ,54,MASCULINO,SI,VIGENTE,A I,,,,AUTOMÓVIL,03/01/2023,2023,ENERO,MARTES,11,ATROPELLO,IMPRUDENCIA DEL PEATÓN,OTRO (IMPRUDENCIA DEL PEATÓN),JIRÓN,NO CORRESPONDE,URBANO
A-2023-01-133,V-2023-01-133-1,P-2023-01-133-1-2,LIMA,LIMA,COMAS,PEATÓN,FALLECIDO,,EN EL LUGAR DE LOS HECHOS,IDENTIFICADO,PERÚ,3,MASCULINO,,NO CONDUCTOR,NO CONDUCTOR,NO,,NO,AUTOMÓVIL,03/01/2023,2023,ENERO,MARTES,11,ATROPELLO,IMPRUDENCIA DEL PEATÓN,OTRO (IMPRUDENCIA DEL PEATÓN),JIRÓN,NO CORRESPONDE,URBANO
A-2023-01-134,V-2023-01-134-1,P-2023-01-134-1-1,LIMA,LIMA,SANTIAGO DE SURCO,CONDUCTOR,ILESO,,,IDENTIFICADO,PERÚ,46,MASCULINO,SI,VIGENTE,A III A,,,,ÓMNIBUS,04/01/2023,2023,ENERO,MIÉRCOLES,4,CHOQUE,IMPRUDENCIA DEL CONDUCTOR,OTRO (IMPRUDENCIA DEL CONDUCTOR),CARRETERA NACIONAL,PE-1S,NACIONAL
A-2023-01-134,V-2023-01-134-2,P-2023-01-134-2-1,LIMA,LIMA,SANTIAGO DE SURCO,CONDUCTOR,FALLECIDO,,EN EL LUGAR DE LOS HECHOS,IDENTIFICADO,PERÚ,21,MASCULINO,SI,VIGENTE,B I,,,,MOTOCICLETA,04/01/2023,2023,ENERO,MIÉRCOLES,4,CHOQUE,IMPRUDENCIA DEL CONDUCTOR,OTRO (IMPRUDENCIA DEL CONDUCTOR),CARRETERA NACIONAL,PE-1S,NACIONAL
A-2023-01-347,V-2023-01-347-1,P-2023-01-347-1-1,LIMA,LIMA,CARABAYLLO,CONDUCTOR,ILESO,,,IDENTIFICADO,PERÚ,57,MASCULINO,SI,VIGENTE,A II A,,,,AUTOMÓVIL,07/01/2023,2023,ENERO,SÁBADO,4,ATROPELLO,IMPRUDENCIA DEL CONDUCTOR,OTRO (IMPRUDENCIA DEL CONDUCTOR),AVENIDA,NO CORRESPONDE,URBANO
A-2023-01-347,V-2023-01-347-1,P-2023-01-347-1-2,LIMA,LIMA,CARABAYLLO,PEATÓN,FALLECIDO,,EN EL CENTRO DE SALUD,IDENTIFICADO,PERÚ,78,MASCULINO,,NO CONDUCTOR,NO CONDUCTOR,,,,AUTOMÓVIL,07/01/2023,2023,ENERO,SÁBADO,4,ATROPELLO,IMPRUDENCIA DEL CONDUCTOR,OTRO (IMPRUDENCIA DEL CONDUCTOR),AVENIDA,NO CORRESPONDE,URBANO
A-2023-01-135,V-2023-01-135-1,P-2023-01-135-1-1,LIMA,LIMA,CIENEGUILLA,CONDUCTOR,ILESO,,,IDENTIFICADO,PERÚ,38,MASCULINO,SI,VIGENTE,A III B,,,,CAMIÓN,08/01/2023,2023,ENERO,DOMINGO,10,ATROPELLO,EN PROCESO DE INVESTIGACIÓN,NO CUENTA CON CAUSA ESPECIFICA,AVENIDA,NO CORRESPONDE,URBANO
A-2023-01-135,V-2023-01-135-1,P-2023-01-135-1-2,LIMA,LIMA,CIENEGUILLA,PEATÓN,FALLECIDO,,EN EL LUGAR DE LOS HECHOS,IDENTIFICADO,PERÚ,9,MASCULINO,,NO CONDUCTOR,NO CONDUCTOR,NO,,NO,CAMIÓN,08/01/2023,2023,ENERO,DOMINGO,10,ATROPELLO,EN PROCESO DE INVESTIGACIÓN,NO CUENTA CON CAUSA ESPECIFICA,AVENIDA,NO CORRESPONDE,URBANO
A-2023-01-135,V-2023-01-135-1,P-2023-01-135-1-3,LIMA,LIMA,CIENEGUILLA,PEATÓN,LESIONADO,CENTRO DE SALUD PÚBLICO,,IDENTIFICADO,PERÚ,14,MASCULINO,,NO CONDUCTOR,NO CONDUCTOR,,,,CAMIÓN,08/01/2023,2023,ENERO,DOMINGO,10,ATROPELLO,EN PROCESO DE INVESTIGACIÓN,NO CUENTA CON CAUSA ESPECIFICA,AVENIDA,NO CORRESPONDE,URBANO
A-2023-01-137,V-2023-01-137-1,P-2023-01-137-1-1,LIMA,LIMA,LIMA,CONDUCTOR,ILESO,,,IDENTIFICADO,PERÚ,40,MASCULINO,SI,VIGENTE,A III B,,,,REMOLCADOR-SEMIREMOLQUE,12/01/2023,2023,ENERO,JUEVES,4,CHOQUE,NEGLIGENCIA DEL CONDUCTOR,OTRO (NEGLIGENCIA DEL CONDUCTOR),AVENIDA,NO CORRESPONDE,URBANO
A-2023-01-137,V-2023-01-137-2,P-2023-01-137-2-1,LIMA,LIMA,LIMA,CONDUCTOR,FALLECIDO,,EN EL LUGAR DE LOS HECHOS,IDENTIFICADO,VENEZUELA,38,MASCULINO,,SIN LICENCIA,SIN LICENCIA,,,,AUTOMÓVIL,12/01/2023,2023,ENERO,JUEVES,4,CHOQUE,NEGLIGENCIA DEL CONDUCTOR,OTRO (NEGLIGENCIA DEL CONDUCTOR),AVENIDA,NO CORRESPONDE,URBANO
A-2023-01-348,V-2023-01-348-1,P-2023-01-348-1-1,LIMA,LIMA,LOS OLIVOS,CONDUCTOR,ILESO,,,IDENTIFICADO,PERÚ,63,MASCULINO,SI,VIGENTE,A I,,,,AUTOMÓVIL,13/01/2023,2023,ENERO,VIERNES,6,CHOQUE,IMPRUDENCIA DEL CONDUCTOR,OTRO (IMPRUDENCIA DEL CONDUCTOR),AVENIDA,NO CORRESPONDE,URBANO
A-2023-01-348,V-2023-01-348-2,P-2023-01-348-2-1,LIMA,LIMA,LOS OLIVOS,CONDUCTOR,FALLECIDO,,EN EL CENTRO DE SALUD,IDENTIFICADO,PERÚ,44,MASCULINO,SI,VIGENTE,B II C,,,,TRIMOTO PASAJERO,13/01/2023,2023,ENERO,VIERNES,6,CHOQUE,IMPRUDENCIA DEL CONDUCTOR,OTRO (IMPRUDENCIA DEL CONDUCTOR),AVENIDA,NO CORRESPONDE,URBANO
A-2023-01-138,V-2023-01-138-1,P-2023-01-138-1-1,LIMA,LIMA,COMAS,CONDUCTOR,FALLECIDO,,EN EL LUGAR DE LOS HECHOS,IDENTIFICADO,PERÚ,46,MASCULINO,,VENCIDA,B II C,,,,MOTOCICLETA,14/01/2023,2023,ENERO,SÁBADO,1,DESPISTE,IMPRUDENCIA DEL CONDUCTOR,CONDUCIR EN ESTADO DE EBRIEDAD Y/O DROGADICCIÓN,AVENIDA,NO CORRESPONDE,URBANO
A-2023-01-346,V-2023-01-346-1,P-2023-01-346-1-1,LIMA,LIMA,VILLA EL SALVADOR,CONDUCTOR,ILESO,,,IDENTIFICADO,PERÚ,38,MASCULINO,,SIN LICENCIA,SIN LICENCIA,NO,,NO,ÓMNIBUS,17/01/2023,2023,ENERO,MARTES,12,CHOQUE,IMPRUDENCIA DEL CONDUCTOR,OTRO (IMPRUDENCIA DEL CONDUCTOR),AVENIDA,NO CORRESPONDE,URBANO
A-2023-01-346,V-2023-01-346-2,P-2023-01-346-2-1,LIMA,LIMA,VILLA EL SALVADOR,CONDUCTOR,FALLECIDO,,EN EL LUGAR DE LOS HECHOS,IDENTIFICADO,PERÚ,58,MASCULINO,,SIN LICENCIA,SIN LICENCIA,NO,,NO,TRIMOTO PASAJERO,17/01/2023,2023,ENERO,MARTES,12,CHOQUE,IMPRUDENCIA DEL CONDUCTOR,OTRO (IMPRUDENCIA DEL CONDUCTOR),AVENIDA,NO CORRESPONDE,URBANO
A-2023-01-346,V-2023-01-346-2,P-2023-01-346-2-2,LIMA,LIMA,VILLA EL SALVADOR,PASAJERO,LESIONADO,CENTRO DE SALUD PÚBLICO,,IDENTIFICADO,PERÚ,20,FEMENINO,,NO CONDUCTOR,NO CONDUCTOR,NO,,NO,TRIMOTO PASAJERO,17/01/2023,2023,ENERO,MARTES,12,CHOQUE,IMPRUDENCIA DEL CONDUCTOR,OTRO (IMPRUDENCIA DEL CONDUCTOR),AVENIDA,NO CORRESPONDE,URBANO
A-2023-01-139,V-2023-01-139-1,P-2023-01-139-1-1,LIMA,LIMA,PUENTE PIEDRA,CONDUCTOR,ILESO,,,IDENTIFICADO,PERÚ,45,MASCULINO,SI,VIGENTE,A III C,,,,REMOLCADOR-SEMIREMOLQUE,17/01/2023,2023,ENERO,MARTES,17,CAÍDA DE PASAJERO,IMPRUDENCIA DEL PEATÓN,OTRO (IMPRUDENCIA DEL PEATÓN),CARRETERA NACIONAL,PE-1N,NACIONAL
A-2023-01-139,V-2023-01-139-1,P-2023-01-139-1-2,LIMA,LIMA,PUENTE PIEDRA,PASAJERO,FALLECIDO,,EN EL LUGAR DE LOS HECHOS,IDENTIFICADO,PERÚ,38,MASCULINO,,NO CONDUCTOR,NO CONDUCTOR,,,,REMOLCADOR-SEMIREMOLQUE,17/01/2023,2023,ENERO,MARTES,17,CAÍDA DE PASAJERO,IMPRUDENCIA DEL PEATÓN,OTRO (IMPRUDENCIA DEL PEATÓN),CARRETERA NACIONAL,PE-1N,NACIONAL
A-2023-01-140,V-2023-01-140-1,P-2023-01-140-1-1,LIMA,LIMA,ANCON,CONDUCTOR,ILESO,,,IDENTIFICADO,PERÚ,46,MASCULINO,SI,VIGENTE,A I,,,,AUTOMÓVIL,17/01/2023,2023,ENERO,MARTES,23,CHOQUE,IMPRUDENCIA DEL CONDUCTOR,EXCESO DE VELOCIDAD,CALLE,NO CORRESPONDE,URBANO
A-2023-01-140,V-2023-01-140-2,P-2023-01-140-2-1,LIMA,LIMA,ANCON,CONDUCTOR,FALLECIDO,,EN EL LUGAR DE LOS HECHOS,IDENTIFICADO,PERÚ,25,MASCULINO,SI,VIGENTE,B I,,,,MOTOCICLETA,17/01/2023,2023,ENERO,MARTES,23,CHOQUE,IMPRUDENCIA DEL CONDUCTOR,EXCESO DE VELOCIDAD,CALLE,NO CORRESPONDE,URBANO
A-2023-01-141,V-2023-01-141-1,P-2023-01-141-1-1,LIMA,LIMA,SAN MARTIN DE PORRES,CONDUCTOR FUGADO,NO SE CONOCE,,,NO IDENTIFICADO,,,NO INDICA,,FUGADO,FUGADO,NO,,NO,VEHICULO NO IDENTIFICADO,18/01/2023,2023,ENERO,MIÉRCOLES,6,ATROPELLO FUGA,EN PROCESO DE INVESTIGACIÓN,NO CUENTA CON CAUSA ESPECIFICA,AVENIDA,NO CORRESPONDE,URBANO
A-2023-01-141,V-2023-01-141-1,P-2023-01-141-1-2,LIMA,LIMA,SAN MARTIN DE PORRES,PEATÓN,FALLECIDO,,EN EL LUGAR DE LOS HECHOS,IDENTIFICADO,PERÚ,65,MASCULINO,,NO CONDUCTOR,NO CONDUCTOR,,,,VEHICULO NO IDENTIFICADO,18/01/2023,2023,ENERO,MIÉRCOLES,6,ATROPELLO FUGA,EN PROCESO DE INVESTIGACIÓN,NO CUENTA CON CAUSA ESPECIFICA,AVENIDA,NO CORRESPONDE,URBANO
A-2022-01-345,V-2022-01-345-1,P-2022-01-345-1-1,LIMA,LIMA,SAN JUAN DE MIRAFLORES,CONDUCTOR,ILESO,,,IDENTIFICADO,PERÚ,33,MASCULINO,,VENCIDA,B II C,NO,,NO,TRIMOTO PASAJERO,18/01/2023,2023,ENERO,MIÉRCOLES,12,CHOQUE,IMPRUDENCIA DEL CONDUCTOR,OTRO (IMPRUDENCIA DEL CONDUCTOR),CALLE,NO CORRESPONDE,URBANO
A-2022-01-345,V-2022-01-345-2,P-2022-01-345-2-1,LIMA,LIMA,SAN JUAN DE MIRAFLORES,CONDUCTOR,FALLECIDO,,EN EL LUGAR DE LOS HECHOS,IDENTIFICADO,PERÚ,17,MASCULINO,,NO CORRESPONDE,NO CORRESPONDE,NO,,NO,BICICLETA,18/01/2023,2023,ENERO,MIÉRCOLES,12,CHOQUE,IMPRUDENCIA DEL CONDUCTOR,OTRO (IMPRUDENCIA DEL CONDUCTOR),CALLE,NO CORRESPONDE,URBANO
A-2023-01-143,V-2023-01-143-1,P-2023-01-143-1-1,LIMA,LIMA,COMAS,CONDUCTOR FUGADO,NO SE CONOCE,,,NO IDENTIFICADO,,,NO INDICA,,FUGADO,FUGADO,NO,,NO,VEHICULO NO IDENTIFICADO,18/01/2023,2023,ENERO,MIÉRCOLES,23,ATROPELLO FUGA,EN PROCESO DE INVESTIGACIÓN,NO CUENTA CON CAUSA ESPECIFICA,AVENIDA,NO CORRESPONDE,URBANO
A-2023-01-143,V-2023-01-143-2,P-2023-01-143-2-1,LIMA,LIMA,COMAS,CONDUCTOR FUGADO,NO SE CONOCE,,,NO IDENTIFICADO,,,NO INDICA,,FUGADO,FUGADO,NO,,NO,AUTOMÓVIL,18/01/2023,2023,ENERO,MIÉRCOLES,23,ATROPELLO FUGA,EN PROCESO DE INVESTIGACIÓN,NO CUENTA CON CAUSA ESPECIFICA,AVENIDA,NO CORRESPONDE,URBANO
A-2023-01-143,V-2023-01-143-2,P-2023-01-143-2-2,LIMA,LIMA,COMAS,PEATÓN,FALLECIDO,,EN EL LUGAR DE LOS HECHOS,IDENTIFICADO,PERÚ,62,MASCULINO,,NO CONDUCTOR,NO CONDUCTOR,,,,AUTOMÓVIL,18/01/2023,2023,ENERO,MIÉRCOLES,23,ATROPELLO FUGA,EN PROCESO DE INVESTIGACIÓN,NO CUENTA CON CAUSA ESPECIFICA,AVENIDA,NO CORRESPONDE,URBANO
A-2023-01-144,V-2023-01-144-1,P-2023-01-144-1-1,LIMA,LIMA,SANTIAGO DE SURCO,CONDUCTOR,ILESO,,,IDENTIFICADO,PERÚ,24,MASCULINO,,SIN LICENCIA,SIN LICENCIA,,,,AUTOMÓVIL,19/01/2023,2023,ENERO,JUEVES,5,ATROPELLO,IMPRUDENCIA DEL CONDUCTOR,OTRO (IMPRUDENCIA DEL CONDUCTOR),CARRETERA NACIONAL,PE-1S,NACIONAL
A-2023-01-144,V-2023-01-144-1,P-2023-01-144-1-2,LIMA,LIMA,SANTIAGO DE SURCO,PEATÓN,FALLECIDO,,EN EL LUGAR DE LOS HECHOS,IDENTIFICADO,PERÚ,35,MASCULINO,,NO CONDUCTOR,NO CONDUCTOR,,,,AUTOMÓVIL,19/01/2023,2023,ENERO,JUEVES,5,ATROPELLO,IMPRUDENCIA DEL CONDUCTOR,OTRO (IMPRUDENCIA DEL CONDUCTOR),CARRETERA NACIONAL,PE-1S,NACIONAL
A-2023-01-144,V-2023-01-144-2,P-2023-01-144-2-1,LIMA,LIMA,SANTIAGO DE SURCO,CONDUCTOR,ILESO,,,IDENTIFICADO,PERÚ,34,MASCULINO,,SUSPENDIDA,A I,,,,CAMIONETA RURAL,19/01/2023,2023,ENERO,JUEVES,5,ATROPELLO,IMPRUDENCIA DEL CONDUCTOR,OTRO (IMPRUDENCIA DEL CONDUCTOR),CARRETERA NACIONAL,PE-1S,NACIONAL
A-2023-01-144,V-2023-01-144-2,P-2023-01-144-2-2,LIMA,LIMA,SANTIAGO DE SURCO,PEATÓN,FALLECIDO,,EN EL LUGAR DE LOS HECHOS,IDENTIFICADO,PERÚ,58,MASCULINO,,NO CONDUCTOR,NO CONDUCTOR,,,,CAMIONETA RURAL,19/01/2023,2023,ENERO,JUEVES,5,ATROPELLO,IMPRUDENCIA DEL CONDUCTOR,OTRO (IMPRUDENCIA DEL CONDUCTOR),CARRETERA NACIONAL,PE-1S,NACIONAL
A-2023-01-142,V-2023-01-142-1,P-2023-01-142-1-1,LIMA,LIMA,VILLA EL SALVADOR,CONDUCTOR,ILESO,,,IDENTIFICADO,PERÚ,46,MASCULINO,SI,VIGENTE,A III C,,,,ÓMNIBUS,19/01/2023,2023,ENERO,JUEVES,6,ATROPELLO,IMPRUDENCIA DEL CONDUCTOR,OTRO (IMPRUDENCIA DEL CONDUCTOR),AVENIDA,NO CORRESPONDE,URBANO
A-2023-01-142,V-2023-01-142-1,P-2023-01-142-1-2,LIMA,LIMA,VILLA EL SALVADOR,PEATÓN,FALLECIDO,,EN EL LUGAR DE LOS HECHOS,IDENTIFICADO,PERÚ,61,FEMENINO,,NO CONDUCTOR,NO CONDUCTOR,,,,ÓMNIBUS,19/01/2023,2023,ENERO,JUEVES,6,ATROPELLO,IMPRUDENCIA DEL CONDUCTOR,OTRO (IMPRUDENCIA DEL CONDUCTOR),AVENIDA,NO CORRESPONDE,URBANO
A-2023-01-147,V-2023-01-147-1,P-2023-01-147-1-1,LIMA,LIMA,LURIGANCHO,CONDUCTOR,FALLECIDO,,EN EL LUGAR DE LOS HECHOS,IDENTIFICADO,PERÚ,34,MASCULINO,SI,VIGENTE,B I,,,,MOTOCICLETA,21/01/2023,2023,ENERO,SÁBADO,1,DESPISTE,IMPRUDENCIA DEL CONDUCTOR,CONDUCIR EN ESTADO DE EBRIEDAD Y/O DROGADICCIÓN,CARRETERA NACIONAL,PE-22,NACIONAL
A-2023-01-146,V-2023-01-146-1,P-2023-01-146-1-1,LIMA,LIMA,SANTIAGO DE SURCO,CONDUCTOR,ILESO,,,IDENTIFICADO,PERÚ,31,MASCULINO,SI,VIGENTE,A I,,,,AUTOMÓVIL,21/01/2023,2023,ENERO,SÁBADO,2,DESPISTE,NEGLIGENCIA DEL CONDUCTOR,OTRO (NEGLIGENCIA DEL CONDUCTOR),CARRETERA NACIONAL,PE-1S,NACIONAL
A-2023-01-146,V-2023-01-146-1,P-2023-01-146-1-2,LIMA,LIMA,SANTIAGO DE SURCO,PASAJERO,FALLECIDO,,EN EL LUGAR DE LOS HECHOS,IDENTIFICADO,PERÚ,21,FEMENINO,,NO CONDUCTOR,NO CONDUCTOR,,,,AUTOMÓVIL,21/01/2023,2023,ENERO,SÁBADO,2,DESPISTE,NEGLIGENCIA DEL CONDUCTOR,OTRO (NEGLIGENCIA DEL CONDUCTOR),CARRETERA NACIONAL,PE-1S,NACIONAL
A-2023-01-146,V-2023-01-146-1,P-2023-01-146-1-3,LIMA,LIMA,SANTIAGO DE SURCO,PASAJERO,LESIONADO,CENTRO DE SALUD PÚBLICO,,IDENTIFICADO,PERÚ,19,MASCULINO,,NO CONDUCTOR,NO CONDUCTOR,,,,AUTOMÓVIL,21/01/2023,2023,ENERO,SÁBADO,2,DESPISTE,NEGLIGENCIA DEL CONDUCTOR,OTRO (NEGLIGENCIA DEL CONDUCTOR),CARRETERA NACIONAL,PE-1S,NACIONAL
A-2023-01-146,V-2023-01-146-1,P-2023-01-146-1-4,LIMA,LIMA,SANTIAGO DE SURCO,PASAJERO,LESIONADO,CENTRO DE SALUD PÚBLICO,,IDENTIFICADO,PERÚ,21,FEMENINO,,NO CONDUCTOR,NO CONDUCTOR,,,,AUTOMÓVIL,21/01/2023,2023,ENERO,SÁBADO,2,DESPISTE,NEGLIGENCIA DEL CONDUCTOR,OTRO (NEGLIGENCIA DEL CONDUCTOR),CARRETERA NACIONAL,PE-1S,NACIONAL
A-2023-01-146,V-2023-01-146-1,P-2023-01-146-1-5,LIMA,LIMA,SANTIAGO DE SURCO,PASAJERO,LESIONADO,CENTRO DE SALUD PÚBLICO,,IDENTIFICADO,PERÚ,26,FEMENINO,,NO CONDUCTOR,NO CONDUCTOR,,,,AUTOMÓVIL,21/01/2023,2023,ENERO,SÁBADO,2,DESPISTE,NEGLIGENCIA DEL CONDUCTOR,OTRO (NEGLIGENCIA DEL CONDUCTOR),CARRETERA NACIONAL,PE-1S,NACIONAL
A-2023-01-146,V-2023-01-146-1,P-2023-01-146-1-6,LIMA,LIMA,SANTIAGO DE SURCO,PASAJERO,LESIONADO,CENTRO DE SALUD PRIVADO,,IDENTIFICADO,PERÚ,19,FEMENINO,,NO CONDUCTOR,NO CONDUCTOR,,,,AUTOMÓVIL,21/01/2023,2023,ENERO,SÁBADO,2,DESPISTE,NEGLIGENCIA DEL CONDUCTOR,OTRO (NEGLIGENCIA DEL CONDUCTOR),CARRETERA NACIONAL,PE-1S,NACIONAL
A-2023-01-145,V-2023-01-145-1,P-2023-01-145-1-1,LIMA,LIMA,CHORRILLOS,CONDUCTOR,FALLECIDO,,EN EL LUGAR DE LOS HECHOS,IDENTIFICADO,PERÚ,47,FEMENINO,SI,VIGENTE,B I,,,,MOTOCICLETA,21/01/2023,2023,ENERO,SÁBADO,6,CHOQUE,IMPRUDENCIA DEL CONDUCTOR,OTRO (IMPRUDENCIA DEL CONDUCTOR),AVENIDA,NO CORRESPONDE,URBANO
A-2023-01-145,V-2023-01-145-2,P-2023-01-145-2-1,LIMA,LIMA,CHORRILLOS,CONDUCTOR,ILESO,,,IDENTIFICADO,PERÚ,47,MASCULINO,SI,VIGENTE,A III A,,,,AUTOMÓVIL,21/01/2023,2023,ENERO,SÁBADO,6,CHOQUE,IMPRUDENCIA DEL CONDUCTOR,OTRO (IMPRUDENCIA DEL CONDUCTOR),AVENIDA,NO CORRESPONDE,URBANO
A-2023-01-148,V-2023-01-148-1,P-2023-01-148-1-1,LIMA,LIMA,SAN MARTIN DE PORRES,CONDUCTOR,ILESO,,,IDENTIFICADO,VENEZUELA,26,MASCULINO,,SIN LICENCIA,SIN LICENCIA,,,,MOTOCICLETA,21/01/2023,2023,ENERO,SÁBADO,19,CAÍDA DE PASAJERO,IMPRUDENCIA DEL CONDUCTOR,OTRO (IMPRUDENCIA DEL CONDUCTOR),CALLE,NO CORRESPONDE,URBANO
A-2023-01-148,V-2023-01-148-1,P-2023-01-148-1-2,LIMA,LIMA,SAN MARTIN DE PORRES,PASAJERO,FALLECIDO,,EN EL LUGAR DE LOS HECHOS,IDENTIFICADO,PERÚ,44,MASCULINO,,NO CONDUCTOR,NO CONDUCTOR,,,,MOTOCICLETA,21/01/2023,2023,ENERO,SÁBADO,19,CAÍDA DE PASAJERO,IMPRUDENCIA DEL CONDUCTOR,OTRO (IMPRUDENCIA DEL CONDUCTOR),CALLE,NO CORRESPONDE,URBANO
A-2023-01-149,V-2023-01-149-1,P-2023-01-149-1-1,LIMA,LIMA,ANCON,CONDUCTOR,ILESO,,,IDENTIFICADO,PERÚ,36,MASCULINO,SI,VIGENTE,A III C,,,,ÓMNIBUS,22/01/2023,2023,ENERO,DOMINGO,6,ATROPELLO,IMPRUDENCIA DEL CONDUCTOR,EXCESO DE VELOCIDAD,CARRETERA NACIONAL,PE-1N,NACIONAL
A-2023-01-149,V-2023-01-149-1,P-2023-01-149-1-2,LIMA,LIMA,ANCON,PEATÓN,FALLECIDO,,EN EL LUGAR DE LOS HECHOS,IDENTIFICADO,PERÚ,68,MASCULINO,,NO CONDUCTOR,NO CONDUCTOR,,,,ÓMNIBUS,22/01/2023,2023,ENERO,DOMINGO,6,ATROPELLO,IMPRUDENCIA DEL CONDUCTOR,EXCESO DE VELOCIDAD,CARRETERA NACIONAL,PE-1N,NACIONAL
A-2023-01-151,V-2023-01-151-1,P-2023-01-151-1-1,LIMA,LIMA,COMAS,CONDUCTOR,ILESO,,,IDENTIFICADO,PERÚ,56,MASCULINO,SI,VIGENTE,A II A,,,,STATION WAGON,22/01/2023,2023,ENERO,DOMINGO,22,ATROPELLO,IMPRUDENCIA DEL CONDUCTOR,OTRO (IMPRUDENCIA DEL CONDUCTOR),AVENIDA,NO CORRESPONDE,URBANO
A-2023-01-151,V-2023-01-151-1,P-2023-01-151-1-2,LIMA,LIMA,COMAS,PEATÓN,FALLECIDO,,EN EL LUGAR DE LOS HECHOS,IDENTIFICADO,PERÚ,41,MASCULINO,,NO CONDUCTOR,NO CONDUCTOR,,,,STATION WAGON,22/01/2023,2023,ENERO,DOMINGO,22,ATROPELLO,IMPRUDENCIA DEL CONDUCTOR,OTRO (IMPRUDENCIA DEL CONDUCTOR),AVENIDA,NO CORRESPONDE,URBANO
A-2023-01-150,V-2023-01-150-1,P-2023-01-150-1-1,LIMA,LIMA,COMAS,CONDUCTOR,FALLECIDO,,EN EL LUGAR DE LOS HECHOS,IDENTIFICADO,VENEZUELA,24,MASCULINO,,SIN LICENCIA,SIN LICENCIA,,,,MOTOCICLETA,23/01/2023,2023,ENERO,LUNES,1,DESPISTE,IMPRUDENCIA DEL CONDUCTOR,CONDUCIR EN ESTADO DE EBRIEDAD Y/O DROGADICCIÓN,JIRÓN,NO CORRESPONDE,URBANO
A-2023-01-152,V-2023-01-152-1,P-2023-01-152-1-1,LIMA,LIMA,SAN ISIDRO,CONDUCTOR,ILESO,,,IDENTIFICADO,PERÚ,44,MASCULINO,SI,VIGENTE,A I,,,,CAMIONETA PICK UP,25/01/2023,2023,ENERO,MIÉRCOLES,7,ATROPELLO,IMPRUDENCIA DEL CONDUCTOR,OTRO (IMPRUDENCIA DEL CONDUCTOR),AVENIDA,NO CORRESPONDE,URBANO
A-2023-01-152,V-2023-01-152-1,P-2023-01-152-1-2,LIMA,LIMA,SAN ISIDRO,PEATÓN,FALLECIDO,,EN EL LUGAR DE LOS HECHOS,IDENTIFICADO,PERÚ,34,FEMENINO,,NO CONDUCTOR,NO CONDUCTOR,,,,CAMIONETA PICK UP,25/01/2023,2023,ENERO,MIÉRCOLES,7,ATROPELLO,IMPRUDENCIA DEL CONDUCTOR,OTRO (IMPRUDENCIA DEL CONDUCTOR),AVENIDA,NO CORRESPONDE,URBANO
A-2023-01-153,V-2023-01-153-1,P-2023-01-153-1-1,LIMA,LIMA,LINCE,CONDUCTOR,LESIONADO,CENTRO DE SALUD PÚBLICO,,IDENTIFICADO,PERÚ,59,MASCULINO,SI,VIGENTE,A I,,,,CAMIONETA PICK UP,25/01/2023,2023,ENERO,MIÉRCOLES,12,ATROPELLO,IMPRUDENCIA DEL CONDUCTOR,OTRO (IMPRUDENCIA DEL CONDUCTOR),AVENIDA,NO CORRESPONDE,URBANO
A-2023-01-153,V-2023-01-153-1,P-2023-01-153-1-2,LIMA,LIMA,LINCE,PEATÓN,FALLECIDO,,EN EL LUGAR DE LOS HECHOS,IDENTIFICADO,PERÚ,48,FEMENINO,,NO CONDUCTOR,NO CONDUCTOR,,,,CAMIONETA PICK UP,25/01/2023,2023,ENERO,MIÉRCOLES,12,ATROPELLO,IMPRUDENCIA DEL CONDUCTOR,OTRO (IMPRUDENCIA DEL CONDUCTOR),AVENIDA,NO CORRESPONDE,URBANO
A-2023-01-153,V-2023-01-153-2,P-2023-01-153-2-1,LIMA,LIMA,LINCE,CONDUCTOR,ILESO,,,IDENTIFICADO,PERÚ,55,MASCULINO,SI,VIGENTE,A III A,,,,ÓMNIBUS,25/01/2023,2023,ENERO,MIÉRCOLES,12,ATROPELLO,IMPRUDENCIA DEL CONDUCTOR,OTRO (IMPRUDENCIA DEL CONDUCTOR),AVENIDA,NO CORRESPONDE,URBANO
A-2023-01-153,V-2023-01-153-2,P-2023-01-153-2-2,LIMA,LIMA,LINCE,PASAJERO,LESIONADO,CENTRO DE SALUD PÚBLICO,,IDENTIFICADO,PERÚ,15,MASCULINO,,NO CONDUCTOR,NO CONDUCTOR,,,,ÓMNIBUS,25/01/2023,2023,ENERO,MIÉRCOLES,12,ATROPELLO,IMPRUDENCIA DEL CONDUCTOR,OTRO (IMPRUDENCIA DEL CONDUCTOR),AVENIDA,NO CORRESPONDE,URBANO
A-2023-01-153,V-2023-01-153-2,P-2023-01-153-2-3,LIMA,LIMA,LINCE,PASAJERO,LESIONADO,CENTRO DE SALUD PÚBLICO,,IDENTIFICADO,PERÚ,8,MASCULINO,,NO CONDUCTOR,NO CONDUCTOR,,,,ÓMNIBUS,25/01/2023,2023,ENERO,MIÉRCOLES,12,ATROPELLO,IMPRUDENCIA DEL CONDUCTOR,OTRO (IMPRUDENCIA DEL CONDUCTOR),AVENIDA,NO CORRESPONDE,URBANO
A-2023-01-153,V-2023-01-153-2,P-2023-01-153-2-4,LIMA,LIMA,LINCE,PASAJERO,LESIONADO,CENTRO DE SALUD PÚBLICO,,IDENTIFICADO,PERÚ,3,MASCULINO,,NO CONDUCTOR,NO CONDUCTOR,,,,ÓMNIBUS,25/01/2023,2023,ENERO,MIÉRCOLES,12,ATROPELLO,IMPRUDENCIA DEL CONDUCTOR,OTRO (IMPRUDENCIA DEL CONDUCTOR),AVENIDA,NO CORRESPONDE,URBANO
A-2023-01-153,V-2023-01-153-2,P-2023-01-153-2-5,LIMA,LIMA,LINCE,PASAJERO,LESIONADO,CENTRO DE SALUD PÚBLICO,,IDENTIFICADO,PERÚ,35,MASCULINO,,NO CONDUCTOR,NO CONDUCTOR,,,,ÓMNIBUS,25/01/2023,2023,ENERO,MIÉRCOLES,12,ATROPELLO,IMPRUDENCIA DEL CONDUCTOR,OTRO (IMPRUDENCIA DEL CONDUCTOR),AVENIDA,NO CORRESPONDE,URBANO
A-2023-01-153,V-2023-01-153-2,P-2023-01-153-2-6,LIMA,LIMA,LINCE,PASAJERO,LESIONADO,CENTRO DE SALUD PÚBLICO,,IDENTIFICADO,PERÚ,49,FEMENINO,,NO CONDUCTOR,NO CONDUCTOR,,,,ÓMNIBUS,25/01/2023,2023,ENERO,MIÉRCOLES,12,ATROPELLO,IMPRUDENCIA DEL CONDUCTOR,OTRO (IMPRUDENCIA DEL CONDUCTOR),AVENIDA,NO CORRESPONDE,URBANO
A-2023-01-153,V-2023-01-153-2,P-2023-01-153-2-7,LIMA,LIMA,LINCE,PASAJERO,LESIONADO,CENTRO DE SALUD PÚBLICO,,IDENTIFICADO,PERÚ,23,FEMENINO,,NO CONDUCTOR,NO CONDUCTOR,,,,ÓMNIBUS,25/01/2023,2023,ENERO,MIÉRCOLES,12,ATROPELLO,IMPRUDENCIA DEL CONDUCTOR,OTRO (IMPRUDENCIA DEL CONDUCTOR),AVENIDA,NO CORRESPONDE,URBANO
A-2023-01-153,V-2023-01-153-2,P-2023-01-153-2-8,LIMA,LIMA,LINCE,PASAJERO,LESIONADO,CENTRO DE SALUD PÚBLICO,,IDENTIFICADO,PERÚ,29,FEMENINO,,NO CONDUCTOR,NO CONDUCTOR,,,,ÓMNIBUS,25/01/2023,2023,ENERO,MIÉRCOLES,12,ATROPELLO,IMPRUDENCIA DEL CONDUCTOR,OTRO (IMPRUDENCIA DEL CONDUCTOR),AVENIDA,NO CORRESPONDE,URBANO
A-2023-01-153,V-2023-01-153-2,P-2023-01-153-2-9,LIMA,LIMA,LINCE,PASAJERO,LESIONADO,CENTRO DE SALUD PÚBLICO,,IDENTIFICADO,PERÚ,53,MASCULINO,,NO CONDUCTOR,NO CONDUCTOR,,,,ÓMNIBUS,25/01/2023,2023,ENERO,MIÉRCOLES,12,ATROPELLO,IMPRUDENCIA DEL CONDUCTOR,OTRO (IMPRUDENCIA DEL CONDUCTOR),AVENIDA,NO CORRESPONDE,URBANO
A-2023-01-154,V-2023-01-154-1,P-2023-01-154-1-1,LIMA,LIMA,VILLA MARIA DEL TRIUNFO,CONDUCTOR,ILESO,,,IDENTIFICADO,PERÚ,59,MASCULINO,SI,VIGENTE,A III C,,,,REMOLCADOR-SEMIREMOLQUE,25/01/2023,2023,ENERO,MIÉRCOLES,12,ATROPELLO,IMPRUDENCIA DEL PEATÓN,OTRO (IMPRUDENCIA DEL PEATÓN),AVENIDA,NO CORRESPONDE,URBANO
A-2023-01-154,V-2023-01-154-1,P-2023-01-154-1-2,LIMA,LIMA,VILLA MARIA DEL TRIUNFO,PEATÓN,FALLECIDO,,EN EL LUGAR DE LOS HECHOS,IDENTIFICADO,PERÚ,73,MASCULINO,,NO CONDUCTOR,NO CONDUCTOR,,,,REMOLCADOR-SEMIREMOLQUE,25/01/2023,2023,ENERO,MIÉRCOLES,12,ATROPELLO,IMPRUDENCIA DEL PEATÓN,OTRO (IMPRUDENCIA DEL PEATÓN),AVENIDA,NO CORRESPONDE,URBANO
A-2023-01-155,V-2023-01-155-1,P-2023-01-155-1-1,LIMA,LIMA,PUENTE PIEDRA,CONDUCTOR FUGADO,NO SE CONOCE,,,NO IDENTIFICADO,,,NO INDICA,,FUGADO,FUGADO,NO,,NO,VEHICULO NO IDENTIFICADO,26/01/2023,2023,ENERO,JUEVES,7,ATROPELLO FUGA,EN PROCESO DE INVESTIGACIÓN,NO CUENTA CON CAUSA ESPECIFICA,CARRETERA NACIONAL,PE-1N,NACIONAL
A-2023-01-155,V-2023-01-155-1,P-2023-01-155-1-2,LIMA,LIMA,PUENTE PIEDRA,PEATÓN,FALLECIDO,,EN EL LUGAR DE LOS HECHOS,NO IDENTIFICADO,,,MASCULINO,,NO CONDUCTOR,NO CONDUCTOR,,,,VEHICULO NO IDENTIFICADO,26/01/2023,2023,ENERO,JUEVES,7,ATROPELLO FUGA,EN PROCESO DE INVESTIGACIÓN,NO CUENTA CON CAUSA ESPECIFICA,CARRETERA NACIONAL,PE-1N,NACIONAL
A-2023-01-349,V-2023-01-349-1,P-2023-01-349-1-1,LIMA,LIMA,SAN MARTIN DE PORRES,CONDUCTOR,ILESO,,,IDENTIFICADO,PERÚ,28,MASCULINO,,SIN LICENCIA,SIN LICENCIA,,,,MOTOCICLETA,26/01/2023,2023,ENERO,JUEVES,20,ATROPELLO,IMPRUDENCIA DEL CONDUCTOR,OTRO (IMPRUDENCIA DEL CONDUCTOR),AVENIDA,NO CORRESPONDE,URBANO
A-2023-01-349,V-2023-01-349-1,P-2023-01-349-1-2,LIMA,LIMA,SAN MARTIN DE PORRES,PEATÓN,FALLECIDO,,EN EL LUGAR DE LOS HECHOS,IDENTIFICADO,PERÚ,58,FEMENINO,,NO CONDUCTOR,NO CONDUCTOR,,,,MOTOCICLETA,26/01/2023,2023,ENERO,JUEVES,20,ATROPELLO,IMPRUDENCIA DEL CONDUCTOR,OTRO (IMPRUDENCIA DEL CONDUCTOR),AVENIDA,NO CORRESPONDE,URBANO
A-2023-01-156,V-2023-01-156-1,P-2023-01-156-1-1,LIMA,LIMA,CARABAYLLO,CONDUCTOR,ILESO,,,IDENTIFICADO,VENEZUELA,19,MASCULINO,,SIN LICENCIA,SIN LICENCIA,,,,MOTOCICLETA,28/01/2023,2023,ENERO,SÁBADO,0,ATROPELLO,IMPRUDENCIA DEL PEATÓN,OTRO (IMPRUDENCIA DEL PEATÓN),CARRETERA NACIONAL,PE-20A,NACIONAL
A-2023-01-156,V-2023-01-156-1,P-2023-01-156-1-2,LIMA,LIMA,CARABAYLLO,PEATÓN,FALLECIDO,,EN EL LUGAR DE LOS HECHOS,IDENTIFICADO,PERÚ,65,MASCULINO,,NO CONDUCTOR,NO CONDUCTOR,,,,MOTOCICLETA,28/01/2023,2023,ENERO,SÁBADO,0,ATROPELLO,IMPRUDENCIA DEL PEATÓN,OTRO (IMPRUDENCIA DEL PEATÓN),CARRETERA NACIONAL,PE-20A,NACIONAL
A-2023-01-161,V-2023-01-161-1,P-2023-01-161-1-1,LIMA,LIMA,ATE,CONDUCTOR,ILESO,,,IDENTIFICADO,PERÚ,44,MASCULINO,SI,VIGENTE,A III C,,,,ÓMNIBUS,28/01/2023,2023,ENERO,SÁBADO,6,ATROPELLO,IMPRUDENCIA DEL PEATÓN,OTRO (IMPRUDENCIA DEL PEATÓN),CARRETERA NACIONAL,PE-22,NACIONAL
A-2023-01-161,V-2023-01-161-1,P-2023-01-161-1-2,LIMA,LIMA,ATE,PEATÓN,FALLECIDO,,EN EL LUGAR DE LOS HECHOS,IDENTIFICADO,PERÚ,36,MASCULINO,,NO CONDUCTOR,NO CONDUCTOR,,,,ÓMNIBUS,28/01/2023,2023,ENERO,SÁBADO,6,ATROPELLO,IMPRUDENCIA DEL PEATÓN,OTRO (IMPRUDENCIA DEL PEATÓN),CARRETERA NACIONAL,PE-22,NACIONAL
A-2023-01-158,V-2023-01-158-1,P-2023-01-158-1-1,LIMA,LIMA,LURIN,CONDUCTOR,ILESO,,,IDENTIFICADO,PERÚ,52,MASCULINO,SI,VIGENTE,A III C,,,,CAMIÓN,29/01/2023,2023,ENERO,DOMINGO,8,ATROPELLO FUGA,IMPRUDENCIA DEL CONDUCTOR,OTRO (IMPRUDENCIA DEL CONDUCTOR),AVENIDA,NO CORRESPONDE,URBANO
A-2023-01-158,V-2023-01-158-1,P-2023-01-158-1-2,LIMA,LIMA,LURIN,PEATÓN,FALLECIDO,,EN EL CENTRO DE SALUD,IDENTIFICADO,PERÚ,18,MASCULINO,,NO CONDUCTOR,NO CONDUCTOR,,,,CAMIÓN,29/01/2023,2023,ENERO,DOMINGO,8,ATROPELLO FUGA,IMPRUDENCIA DEL CONDUCTOR,OTRO (IMPRUDENCIA DEL CONDUCTOR),AVENIDA,NO CORRESPONDE,URBANO
A-2023-01-159,V-2023-01-159-1,P-2023-01-159-1-1,LIMA,LIMA,COMAS,CONDUCTOR,ILESO,,,IDENTIFICADO,VENEZUELA,42,MASCULINO,,SIN DNI IDENTIFICADO,SIN DNI IDENTIFICADO,,,,CAMIONETA RURAL,29/01/2023,2023,ENERO,DOMINGO,15,ATROPELLO,EN PROCESO DE INVESTIGACIÓN,NO CUENTA CON CAUSA ESPECIFICA,AVENIDA,NO CORRESPONDE,URBANO
A-2023-01-159,V-2023-01-159-1,P-2023-01-159-1-2,LIMA,LIMA,COMAS,PEATÓN,FALLECIDO,,EN EL LUGAR DE LOS HECHOS,IDENTIFICADO,PERÚ,33,MASCULINO,,NO CONDUCTOR,NO CONDUCTOR,,,,CAMIONETA RURAL,29/01/2023,2023,ENERO,DOMINGO,15,ATROPELLO,EN PROCESO DE INVESTIGACIÓN,NO CUENTA CON CAUSA ESPECIFICA,AVENIDA,NO CORRESPONDE,URBANO
A-2023-01-160,V-2023-01-160-1,P-2023-01-160-1-1,LIMA,LIMA,VILLA EL SALVADOR,CONDUCTOR FUGADO,NO SE CONOCE,,,NO IDENTIFICADO,,,NO INDICA,,FUGADO,FUGADO,,,,VEHICULO NO IDENTIFICADO,30/01/2023,2023,ENERO,LUNES,1,ATROPELLO FUGA,IMPRUDENCIA DEL CONDUCTOR,EXCESO DE VELOCIDAD,CARRETERA NACIONAL,PE-1S,NACIONAL
A-2023-01-160,V-2023-01-160-1,P-2023-01-160-1-2,LIMA,LIMA,VILLA EL SALVADOR,PEATÓN,FALLECIDO,,EN EL CENTRO DE SALUD,IDENTIFICADO,PERÚ,41,MASCULINO,,NO CONDUCTOR,NO CONDUCTOR,,,,VEHICULO NO IDENTIFICADO,30/01/2023,2023,ENERO,LUNES,1,ATROPELLO FUGA,IMPRUDENCIA DEL CONDUCTOR,EXCESO DE VELOCIDAD,CARRETERA NACIONAL,PE-1S,NACIONAL
A-2023-01-114,V-2023-01-114-1,P-2023-01-114-1-1,CALLAO,CALLAO,CALLAO,CONDUCTOR,FALLECIDO,,EN EL LUGAR DE LOS HECHOS,IDENTIFICADO,PERÚ,33,FEMENINO,,SIN LICENCIA,SIN LICENCIA,NO,,SI,MOTOCICLETA,30/01/2023,2023,ENERO,LUNES,20,CHOQUE,IMPRUDENCIA DEL CONDUCTOR,OTRO (IMPRUDENCIA DEL CONDUCTOR),AVENIDA,NO CORRESPONDE,URBANO
A-2023-01-114,V-2023-01-114-2,P-2023-01-114-2-1,CALLAO,CALLAO,CALLAO,CONDUCTOR,LESIONADO,OTRO,,IDENTIFICADO,PERÚ,45,MASCULINO,SI,VIGENTE,A III C,NO,,SI,REMOLCADOR-SEMIREMOLQUE,30/01/2023,2023,ENERO,LUNES,20,CHOQUE,IMPRUDENCIA DEL CONDUCTOR,OTRO (IMPRUDENCIA DEL CONDUCTOR),AVENIDA,NO CORRESPONDE,URBANO
A-2023-01-162,V-2023-01-162-1,P-2023-01-162-1-1,LIMA,LIMA,ATE,CONDUCTOR,ILESO,,,IDENTIFICADO,PERÚ,25,FEMENINO,SI,,A I,NO,,NO,MOTOCICLETA,31/01/2023,2023,ENERO,MARTES,2,CHOQUE,IMPRUDENCIA DEL CONDUCTOR,NO ESTABLECER EL DERECHO DE PASO,AVENIDA,NO CORRESPONDE,URBANO
A-2023-01-162,V-2023-01-162-2,P-2023-01-162-2-1,LIMA,LIMA,ATE,CONDUCTOR,FALLECIDO,,EN EL LUGAR DE LOS HECHOS,IDENTIFICADO,PERÚ,63,MASCULINO,,VENCIDA,B II C,NO,,NO,TRIMOTO PASAJERO,31/01/2023,2023,ENERO,MARTES,2,CHOQUE,IMPRUDENCIA DEL CONDUCTOR,NO ESTABLECER EL DERECHO DE PASO,AVENIDA,NO CORRESPONDE,URBANO
A-2023-02-133,V-2023-02-133-1,P-2023-02-133-1-1,LIMA,LIMA,VILLA EL SALVADOR,CONDUCTOR,FALLECIDO,,EN EL LUGAR DE LOS HECHOS,IDENTIFICADO,PERÚ,23,MASCULINO,,VIGENTE,B II C,NO,,NO,MOTOCICLETA,02/02/2023,2023,FEBRERO,JUEVES,17,CHOQUE,IMPRUDENCIA DEL CONDUCTOR,CONDUCIR EN ESTADO DE EBRIEDAD Y/O DROGADICCIÓN,AVENIDA,NO CORRESPONDE,URBANO
A-2023-02-133,V-2023-02-133-2,P-2023-02-133-2-1,LIMA,LIMA,VILLA EL SALVADOR,CONDUCTOR,ILESO,,,IDENTIFICADO,PERÚ,43,MASCULINO,,VENCIDA,A III B,,,NO,AUTOMÓVIL,02/02/2023,2023,FEBRERO,JUEVES,17,CHOQUE,IMPRUDENCIA DEL CONDUCTOR,CONDUCIR EN ESTADO DE EBRIEDAD Y/O DROGADICCIÓN,AVENIDA,NO CORRESPONDE,URBANO
A-2023-02-134,V-2023-02-134-1,P-2023-02-134-1-1,LIMA,LIMA,PUENTE PIEDRA,CONDUCTOR,ILESO,,,IDENTIFICADO,PERÚ,15,MASCULINO,SI,VIGENTE,A III B,NO,,NO,REMOLCADOR-SEMIREMOLQUE,07/02/2023,2023,FEBRERO,MARTES,9,CHOQUE,EN PROCESO DE INVESTIGACIÓN,NO CUENTA CON CAUSA ESPECIFICA,CARRETERA NACIONAL,PE-1N,NACIONAL
A-2023-02-134,V-2023-02-134-2,P-2023-02-134-2-1,LIMA,LIMA,PUENTE PIEDRA,CONDUCTOR,FALLECIDO,,EN EL LUGAR DE LOS HECHOS,IDENTIFICADO,PERÚ,29,MASCULINO,SI,VIGENTE,B II C,NO,,NO,MOTOCICLETA,07/02/2023,2023,FEBRERO,MARTES,9,CHOQUE,EN PROCESO DE INVESTIGACIÓN,NO CUENTA CON CAUSA ESPECIFICA,CARRETERA NACIONAL,PE-1N,NACIONAL
A-2023-02-135,V-2023-02-135-1,P-2023-02-135-1-1,LIMA,LIMA,PUENTE PIEDRA,CONDUCTOR,ILESO,,,IDENTIFICADO,PERÚ,36,MASCULINO,SI,VIGENTE,A II B,NO,,NO,AUTOMÓVIL,07/02/2023,2023,FEBRERO,MARTES,20,ATROPELLO,IMPRUDENCIA DEL PEATÓN,OTRO (IMPRUDENCIA DEL PEATÓN),CARRETERA NACIONAL,PE-1N,NACIONAL
A-2023-02-135,V-2023-02-135-1,P-2023-02-135-1-2,LIMA,LIMA,PUENTE PIEDRA,PEATÓN,FALLECIDO,,EN EL LUGAR DE LOS HECHOS,IDENTIFICADO,PERÚ,28,MASCULINO,,NO CONDUCTOR,NO CONDUCTOR,NO,,NO,AUTOMÓVIL,07/02/2023,2023,FEBRERO,MARTES,20,ATROPELLO,IMPRUDENCIA DEL PEATÓN,OTRO (IMPRUDENCIA DEL PEATÓN),CARRETERA NACIONAL,PE-1N,NACIONAL
A-2023-02-136,V-2023-02-136-1,P-2023-02-136-1-1,LIMA,LIMA,PUCUSANA,CONDUCTOR,ILESO,,,IDENTIFICADO,PERÚ,38,MASCULINO,SI,VIGENTE,A I,NO,,NO,AUTOMÓVIL,07/02/2023,2023,FEBRERO,MARTES,20,ATROPELLO,IMPRUDENCIA DEL PEATÓN,OTRO (IMPRUDENCIA DEL PEATÓN),CARRETERA NACIONAL,PE-1S,NACIONAL
A-2023-02-136,V-2023-02-136-1,P-2023-02-136-1-2,LIMA,LIMA,PUCUSANA,PEATÓN,FALLECIDO,,EN EL LUGAR DE LOS HECHOS,IDENTIFICADO,PERÚ,53,MASCULINO,,NO CONDUCTOR,NO CONDUCTOR,NO,,NO,AUTOMÓVIL,07/02/2023,2023,FEBRERO,MARTES,20,ATROPELLO,IMPRUDENCIA DEL PEATÓN,OTRO (IMPRUDENCIA DEL PEATÓN),CARRETERA NACIONAL,PE-1S,NACIONAL
A-2023-02-137,V-2023-02-137-1,P-2023-02-137-1-1,LIMA,LIMA,SANTA ANITA,CONDUCTOR,ILESO,,,IDENTIFICADO,PERÚ,25,MASCULINO,SI,VIGENTE,A II B,NO,,NO,AUTOMÓVIL,07/02/2023,2023,FEBRERO,MARTES,21,ATROPELLO,IMPRUDENCIA DEL PEATÓN,OTRO (IMPRUDENCIA DEL PEATÓN),CARRETERA NACIONAL,PE-1N,NACIONAL
A-2023-02-137,V-2023-02-137-1,P-2023-02-137-1-2,LIMA,LIMA,SANTA ANITA,PEATÓN,FALLECIDO,,EN EL LUGAR DE LOS HECHOS,IDENTIFICADO,PERÚ,55,MASCULINO,,NO CONDUCTOR,NO CONDUCTOR,NO,,NO,AUTOMÓVIL,07/02/2023,2023,FEBRERO,MARTES,21,ATROPELLO,IMPRUDENCIA DEL PEATÓN,OTRO (IMPRUDENCIA DEL PEATÓN),CARRETERA NACIONAL,PE-1N,NACIONAL
A-2023-02-138,V-2023-02-138-1,P-2023-02-138-1-1,LIMA,LIMA,VILLA EL SALVADOR,CONDUCTOR,FALLECIDO,,CAMINO AL CENTRO DE SALUD,IDENTIFICADO,PERÚ,59,MASCULINO,,SIN LICENCIA,SIN LICENCIA,NO,,NO,ÓMNIBUS,08/02/2023,2023,FEBRERO,MIÉRCOLES,15,CHOQUE,EN PROCESO DE INVESTIGACIÓN,NO CUENTA CON CAUSA ESPECIFICA,AVENIDA,NO CORRESPONDE,URBANO
A-2023-02-138,V-2023-02-138-1,P-2023-02-138-1-2,LIMA,LIMA,VILLA EL SALVADOR,PASAJERO,LESIONADO,CENTRO DE SALUD PÚBLICO,,IDENTIFICADO,PERÚ,25,FEMENINO,,NO CONDUCTOR,NO CONDUCTOR,NO,,NO,ÓMNIBUS,08/02/2023,2023,FEBRERO,MIÉRCOLES,15,CHOQUE,EN PROCESO DE INVESTIGACIÓN,NO CUENTA CON CAUSA ESPECIFICA,AVENIDA,NO CORRESPONDE,URBANO
A-2023-02-138,V-2023-02-138-2,P-2023-02-138-2-1,LIMA,LIMA,VILLA EL SALVADOR,CONDUCTOR,ILESO,,,IDENTIFICADO,PERÚ,37,MASCULINO,SI,VIGENTE,A III A,NO,,NO,AUTOMÓVIL,08/02/2023,2023,FEBRERO,MIÉRCOLES,15,CHOQUE,EN PROCESO DE INVESTIGACIÓN,NO CUENTA CON CAUSA ESPECIFICA,AVENIDA,NO CORRESPONDE,URBANO
A-2023-02-152,V-2023-02-152-1,P-2023-02-152-1-1,LIMA,LIMA,LOS OLIVOS,CONDUCTOR,ILESO,,,IDENTIFICADO,PERÚ,44,MASCULINO,SI,VIGENTE,A II B,,,,CAMIÓN,11/02/2023,2023,FEBRERO,SÁBADO,11,ATROPELLO,EN PROCESO DE INVESTIGACIÓN,NO CUENTA CON CAUSA ESPECIFICA,AVENIDA,NO CORRESPONDE,URBANO
A-2023-02-152,V-2023-02-152-1,P-2023-02-152-1-2,LIMA,LIMA,LOS OLIVOS,PEATÓN,FALLECIDO,,EN EL CENTRO DE SALUD,IDENTIFICADO,PERÚ,72,MASCULINO,,NO CONDUCTOR,NO CONDUCTOR,,,,CAMIÓN,11/02/2023,2023,FEBRERO,SÁBADO,11,ATROPELLO,EN PROCESO DE INVESTIGACIÓN,NO CUENTA CON CAUSA ESPECIFICA,AVENIDA,NO CORRESPONDE,URBANO
A-2023-02-139,V-2023-02-139-1,P-2023-02-139-1-1,LIMA,LIMA,CHORRILLOS,CONDUCTOR,FALLECIDO,,EN EL LUGAR DE LOS HECHOS,IDENTIFICADO,PERÚ,61,MASCULINO,SI,VIGENTE,A III C,NO,,NO,CAMIÓN,14/02/2023,2023,FEBRERO,MARTES,13,DESPISTE,IMPRUDENCIA DEL CONDUCTOR,OTRO (IMPRUDENCIA DEL CONDUCTOR),CALLE,NO CORRESPONDE,URBANO
A-2023-02-139,V-2023-02-139-1,P-2023-02-139-1-2,LIMA,LIMA,CHORRILLOS,PASAJERO,LESIONADO,CENTRO DE SALUD PÚBLICO,,IDENTIFICADO,PERÚ,55,MASCULINO,,NO CONDUCTOR,NO CONDUCTOR,NO,,NO,CAMIÓN,14/02/2023,2023,FEBRERO,MARTES,13,DESPISTE,IMPRUDENCIA DEL CONDUCTOR,OTRO (IMPRUDENCIA DEL CONDUCTOR),CALLE,NO CORRESPONDE,URBANO
A-2023-02-139,V-2023-02-139-1,P-2023-02-139-1-3,LIMA,LIMA,CHORRILLOS,PASAJERO,LESIONADO,CENTRO DE SALUD PÚBLICO,,IDENTIFICADO,PERÚ,41,MASCULINO,,NO CONDUCTOR,NO CONDUCTOR,NO,,NO,CAMIÓN,14/02/2023,2023,FEBRERO,MARTES,13,DESPISTE,IMPRUDENCIA DEL CONDUCTOR,OTRO (IMPRUDENCIA DEL CONDUCTOR),CALLE,NO CORRESPONDE,URBANO
A-2023-02-140,V-2023-02-140-1,P-2023-02-140-1-1,LIMA,LIMA,LURIN,CONDUCTOR,FALLECIDO,,EN EL LUGAR DE LOS HECHOS,IDENTIFICADO,PERÚ,31,MASCULINO,,SIN LICENCIA,SIN LICENCIA,NO,,NO,MOTOCICLETA,14/02/2023,2023,FEBRERO,MARTES,23,CHOQUE,IMPRUDENCIA DEL CONDUCTOR,OTRO (IMPRUDENCIA DEL CONDUCTOR),CARRETERA NACIONAL,PE-1S,NACIONAL
A-2023-02-140,V-2023-02-140-2,P-2023-02-140-2-1,LIMA,LIMA,LURIN,CONDUCTOR,ILESO,,,IDENTIFICADO,PERÚ,27,MASCULINO,SI,VIGENTE,A II B,NO,,NO,CAMIONETA PICK UP,14/02/2023,2023,FEBRERO,MARTES,23,CHOQUE,IMPRUDENCIA DEL CONDUCTOR,OTRO (IMPRUDENCIA DEL CONDUCTOR),CARRETERA NACIONAL,PE-1S,NACIONAL
A-2023-02-141,V-2023-02-141-1,P-2023-02-141-1-1,LIMA,LIMA,LOS OLIVOS,CONDUCTOR,ILESO,,,IDENTIFICADO,VENEZUELA,27,MASCULINO,,SIN LICENCIA,SIN LICENCIA,NO,,NO,MOTOCICLETA,15/02/2023,2023,FEBRERO,MIÉRCOLES,19,ATROPELLO,IMPRUDENCIA DEL CONDUCTOR,OTRO (IMPRUDENCIA DEL CONDUCTOR),AVENIDA,NO CORRESPONDE,URBANO
A-2023-02-141,V-2023-02-141-1,P-2023-02-141-1-2,LIMA,LIMA,LOS OLIVOS,PEATÓN,FALLECIDO,,EN EL LUGAR DE LOS HECHOS,IDENTIFICADO,PERÚ,81,MASCULINO,,NO CONDUCTOR,NO CONDUCTOR,NO,,NO,MOTOCICLETA,15/02/2023,2023,FEBRERO,MIÉRCOLES,19,ATROPELLO,IMPRUDENCIA DEL CONDUCTOR,OTRO (IMPRUDENCIA DEL CONDUCTOR),AVENIDA,NO CORRESPONDE,URBANO
A-2023-02-142,V-2023-02-142-1,P-2023-02-142-1-1,LIMA,LIMA,LIMA,CONDUCTOR,ILESO,,,IDENTIFICADO,PERÚ,55,MASCULINO,SI,VIGENTE,A III C,NO,,NO,CAMIÓN,16/02/2023,2023,FEBRERO,JUEVES,11,ATROPELLO,IMPRUDENCIA DEL CONDUCTOR,GIRAR IMPRUDENTEMENTE,JIRÓN,NO CORRESPONDE,URBANO
A-2023-02-142,V-2023-02-142-1,P-2023-02-142-1-2,LIMA,LIMA,LIMA,PEATÓN,FALLECIDO,,EN EL LUGAR DE LOS HECHOS,IDENTIFICADO,PERÚ,3,MASCULINO,,NO CONDUCTOR,NO CONDUCTOR,NO,,NO,CAMIÓN,16/02/2023,2023,FEBRERO,JUEVES,11,ATROPELLO,IMPRUDENCIA DEL CONDUCTOR,GIRAR IMPRUDENTEMENTE,JIRÓN,NO CORRESPONDE,URBANO
A-2023-02-142,V-2023-02-142-1,P-2023-02-142-1-3,LIMA,LIMA,LIMA,PEATÓN,LESIONADO,CENTRO DE SALUD PÚBLICO,,IDENTIFICADO,PERÚ,35,FEMENINO,,NO CONDUCTOR,NO CONDUCTOR,NO,,NO,CAMIÓN,16/02/2023,2023,FEBRERO,JUEVES,11,ATROPELLO,IMPRUDENCIA DEL CONDUCTOR,GIRAR IMPRUDENTEMENTE,JIRÓN,NO CORRESPONDE,URBANO
A-2023-02-142,V-2023-02-142-1,P-2023-02-142-1-4,LIMA,LIMA,LIMA,PEATÓN,LESIONADO,CENTRO DE SALUD PÚBLICO,,IDENTIFICADO,PERÚ,47,MASCULINO,,NO CONDUCTOR,NO CONDUCTOR,NO,,NO,CAMIÓN,16/02/2023,2023,FEBRERO,JUEVES,11,ATROPELLO,IMPRUDENCIA DEL CONDUCTOR,GIRAR IMPRUDENTEMENTE,JIRÓN,NO CORRESPONDE,URBANO
A-2023-02-143,V-2023-02-143-1,P-2023-02-143-1-1,LIMA,LIMA,SAN JUAN DE LURIGANCHO,CONDUCTOR,ILESO,,,IDENTIFICADO,PERÚ,45,MASCULINO,SI,VIGENTE,A III C,NO,,NO,REMOLCADOR-SEMIREMOLQUE,17/02/2023,2023,FEBRERO,VIERNES,6,CHOQUE,IMPRUDENCIA DEL CONDUCTOR,OTRO (IMPRUDENCIA DEL CONDUCTOR),AVENIDA,NO CORRESPONDE,URBANO
A-2023-02-143,V-2023-02-143-2,P-2023-02-143-2-1,LIMA,LIMA,SAN JUAN DE LURIGANCHO,CONDUCTOR,FALLECIDO,,EN EL LUGAR DE LOS HECHOS,IDENTIFICADO,PERÚ,19,MASCULINO,,SIN LICENCIA,SIN LICENCIA,NO,,NO,MOTOCICLETA,17/02/2023,2023,FEBRERO,VIERNES,6,CHOQUE,IMPRUDENCIA DEL CONDUCTOR,OTRO (IMPRUDENCIA DEL CONDUCTOR),AVENIDA,NO CORRESPONDE,URBANO
A-2023-02-144,V-2023-02-144-1,P-2023-02-144-1-1,LIMA,LIMA,COMAS,CONDUCTOR,ILESO,,,IDENTIFICADO,PERÚ,42,MASCULINO,SI,VIGENTE,A III C,NO,,NO,REMOLCADOR-SEMIREMOLQUE,18/02/2023,2023,FEBRERO,SÁBADO,6,CHOQUE,EN PROCESO DE INVESTIGACIÓN,NO CUENTA CON CAUSA ESPECIFICA,AVENIDA,NO CORRESPONDE,URBANO
A-2023-02-144,V-2023-02-144-2,P-2023-02-144-2-1,LIMA,LIMA,COMAS,CONDUCTOR,ILESO,,,IDENTIFICADO,PERÚ,41,MASCULINO,,VENCIDA,B II C,NO,,NO,TRIMOTO PASAJERO,18/02/2023,2023,FEBRERO,SÁBADO,6,CHOQUE,EN PROCESO DE INVESTIGACIÓN,NO CUENTA CON CAUSA ESPECIFICA,AVENIDA,NO CORRESPONDE,URBANO
A-2023-02-144,V-2023-02-144-2,P-2023-02-144-2-2,LIMA,LIMA,COMAS,PASAJERO,FALLECIDO,,EN EL LUGAR DE LOS HECHOS,IDENTIFICADO,PERÚ,58,MASCULINO,,NO CONDUCTOR,NO CONDUCTOR,NO,,NO,TRIMOTO PASAJERO,18/02/2023,2023,FEBRERO,SÁBADO,6,CHOQUE,EN PROCESO DE INVESTIGACIÓN,NO CUENTA CON CAUSA ESPECIFICA,AVENIDA,NO CORRESPONDE,URBANO
A-2023-02-149,V-2023-02-149-1,P-2023-02-149-1-1,LIMA,LIMA,CARABAYLLO,CONDUCTOR,ILESO,,,IDENTIFICADO,PERÚ,46,MASCULINO,SI,VIGENTE,A III C,,,,ÓMNIBUS,20/02/2023,2023,FEBRERO,LUNES,5,ATROPELLO,EN PROCESO DE INVESTIGACIÓN,NO CUENTA CON CAUSA ESPECIFICA,AVENIDA,NO CORRESPONDE,URBANO
A-2023-02-149,V-2023-02-149-1,P-2023-02-149-1-2,LIMA,LIMA,CARABAYLLO,PEATÓN,FALLECIDO,,EN EL LUGAR DE LOS HECHOS,IDENTIFICADO,PERÚ,83,MASCULINO,,NO CONDUCTOR,NO CONDUCTOR,,,,ÓMNIBUS,20/02/2023,2023,FEBRERO,LUNES,5,ATROPELLO,EN PROCESO DE INVESTIGACIÓN,NO CUENTA CON CAUSA ESPECIFICA,AVENIDA,NO CORRESPONDE,URBANO
A-2023-02-153,V-2023-02-153-1,P-2023-02-153-1-1,LIMA,LIMA,SANTIAGO DE SURCO,CONDUCTOR,ILESO,,,IDENTIFICADO,PERÚ,40,MASCULINO,SI,VIGENTE,A III C,NO,,NO,AUTOMÓVIL,20/02/2023,2023,FEBRERO,LUNES,7,ATROPELLO,IMPRUDENCIA DEL PEATÓN,OTRO (IMPRUDENCIA DEL PEATÓN),CARRETERA NACIONAL,PE-1S,NACIONAL
A-2023-02-153,V-2023-02-153-1,P-2023-02-153-1-2,LIMA,LIMA,SANTIAGO DE SURCO,PEATÓN,FALLECIDO,,EN EL LUGAR DE LOS HECHOS,IDENTIFICADO,PERÚ,74,MASCULINO,,NO CONDUCTOR,NO CONDUCTOR,NO,,NO,AUTOMÓVIL,20/02/2023,2023,FEBRERO,LUNES,7,ATROPELLO,IMPRUDENCIA DEL PEATÓN,OTRO (IMPRUDENCIA DEL PEATÓN),CARRETERA NACIONAL,PE-1S,NACIONAL
A-2023-02-130,V-2023-02-130-1,P-2023-02-130-1-1,CALLAO,CALLAO,CALLAO,CONDUCTOR,ILESO,,,IDENTIFICADO,PERÚ,67,MASCULINO,SI,VIGENTE,A III C,NO,,SI,CAMIÓN,20/02/2023,2023,FEBRERO,LUNES,16,ATROPELLO,IMPRUDENCIA DEL CONDUCTOR,OTRO (IMPRUDENCIA DEL CONDUCTOR),CARRETERA NACIONAL,PE-20B,NACIONAL
A-2023-02-130,V-2023-02-130-1,P-2023-02-130-1-2,CALLAO,CALLAO,CALLAO,PEATÓN,FALLECIDO,,EN EL CENTRO DE SALUD,IDENTIFICADO,PERÚ,74,MASCULINO,,NO CONDUCTOR,NO CONDUCTOR,NO,,SI,CAMIÓN,20/02/2023,2023,FEBRERO,LUNES,16,ATROPELLO,IMPRUDENCIA DEL CONDUCTOR,OTRO (IMPRUDENCIA DEL CONDUCTOR),CARRETERA NACIONAL,PE-20B,NACIONAL
A-2023-02-145,V-2023-02-145-1,P-2023-02-145-1-1,LIMA,LIMA,PUEBLO LIBRE,CONDUCTOR,ILESO,,,IDENTIFICADO,PERÚ,44,MASCULINO,SI,VIGENTE,A III C,NO,,NO,ÓMNIBUS,20/02/2023,2023,FEBRERO,LUNES,19,ATROPELLO FUGA,IMPRUDENCIA DEL PEATÓN,DESACATO DE SEÑAL DE TRÁNSITO,AVENIDA,NO CORRESPONDE,URBANO
A-2023-02-145,V-2023-02-145-1,P-2023-02-145-1-2,LIMA,LIMA,PUEBLO LIBRE,PEATÓN,FALLECIDO,,EN EL LUGAR DE LOS HECHOS,IDENTIFICADO,PERÚ,61,MASCULINO,,NO CONDUCTOR,NO CONDUCTOR,NO,,NO,ÓMNIBUS,20/02/2023,2023,FEBRERO,LUNES,19,ATROPELLO FUGA,IMPRUDENCIA DEL PEATÓN,DESACATO DE SEÑAL DE TRÁNSITO,AVENIDA,NO CORRESPONDE,URBANO
A-2023-02-146,V-2023-02-146-1,P-2023-02-146-1-1,LIMA,LIMA,SAN BORJA,CONDUCTOR,ILESO,,,IDENTIFICADO,PERÚ,50,MASCULINO,,CANCELADA,A III A,NO,,NO,ÓMNIBUS,22/02/2023,2023,FEBRERO,MIÉRCOLES,10,ATROPELLO,NEGLIGENCIA DEL CONDUCTOR,OTRO (NEGLIGENCIA DEL CONDUCTOR),AVENIDA,NO CORRESPONDE,URBANO
A-2023-02-146,V-2023-02-146-1,P-2023-02-146-1-2,LIMA,LIMA,SAN BORJA,PEATÓN,FALLECIDO,,EN EL LUGAR DE LOS HECHOS,IDENTIFICADO,PERÚ,85,FEMENINO,,NO CONDUCTOR,NO CONDUCTOR,NO,,NO,ÓMNIBUS,22/02/2023,2023,FEBRERO,MIÉRCOLES,10,ATROPELLO,NEGLIGENCIA DEL CONDUCTOR,OTRO (NEGLIGENCIA DEL CONDUCTOR),AVENIDA,NO CORRESPONDE,URBANO
A-2023-02-147,V-2023-02-147-1,P-2023-02-147-1-1,LIMA,LIMA,RIMAC,CONDUCTOR,ILESO,,,IDENTIFICADO,PERÚ,48,MASCULINO,SI,VIGENTE,A III B,NO,,NO,REMOLCADOR-SEMIREMOLQUE,22/02/2023,2023,FEBRERO,MIÉRCOLES,21,CHOQUE,IMPRUDENCIA DEL CONDUCTOR,OTRO (IMPRUDENCIA DEL CONDUCTOR),CARRETERA NACIONAL,PE-1N,NACIONAL
A-2023-02-147,V-2023-02-147-2,P-2023-02-147-2-1,LIMA,LIMA,RIMAC,CONDUCTOR,ILESO,,,IDENTIFICADO,PERÚ,25,MASCULINO,SI,VIGENTE,B I,NO,,NO,MOTOCICLETA,22/02/2023,2023,FEBRERO,MIÉRCOLES,21,CHOQUE,IMPRUDENCIA DEL CONDUCTOR,OTRO (IMPRUDENCIA DEL CONDUCTOR),CARRETERA NACIONAL,PE-1N,NACIONAL
A-2023-02-147,V-2023-02-147-2,P-2023-02-147-2-2,LIMA,LIMA,RIMAC,PASAJERO,FALLECIDO,,EN EL LUGAR DE LOS HECHOS,IDENTIFICADO,PERÚ,25,FEMENINO,,NO CONDUCTOR,NO CONDUCTOR,NO,,NO,MOTOCICLETA,22/02/2023,2023,FEBRERO,MIÉRCOLES,21,CHOQUE,IMPRUDENCIA DEL CONDUCTOR,OTRO (IMPRUDENCIA DEL CONDUCTOR),CARRETERA NACIONAL,PE-1N,NACIONAL
A-2023-02-120,V-2023-02-120-1,P-2023-02-120-1-1,CALLAO,CALLAO,MI PERU,CONDUCTOR,ILESO,,,IDENTIFICADO,PERÚ,46,MASCULINO,SI,VIGENTE,A III C,NO,,SI,REMOLCADOR-SEMIREMOLQUE,23/02/2023,2023,FEBRERO,JUEVES,6,CHOQUE,EN PROCESO DE INVESTIGACIÓN,NO CUENTA CON CAUSA ESPECIFICA,CARRETERA NACIONAL,PE-20,NACIONAL
A-2023-02-120,V-2023-02-120-2,P-2023-02-120-2-1,CALLAO,CALLAO,MI PERU,CONDUCTOR,FALLECIDO,,EN EL LUGAR DE LOS HECHOS,IDENTIFICADO,PERÚ,30,MASCULINO,,NO CORRESPONDE,NO CORRESPONDE,NO,,SI,BICICLETA,23/02/2023,2023,FEBRERO,JUEVES,6,CHOQUE,EN PROCESO DE INVESTIGACIÓN,NO CUENTA CON CAUSA ESPECIFICA,CARRETERA NACIONAL,PE-20,NACIONAL
A-2023-02-148,V-2023-02-148-1,P-2023-02-148-1-1,LIMA,LIMA,LA VICTORIA,CONDUCTOR,ILESO,,,IDENTIFICADO,PERÚ,50,MASCULINO,,VIGENTE,A III B,NO,,NO,VEHICULO NO IDENTIFICADO,23/02/2023,2023,FEBRERO,JUEVES,15,ATROPELLO FUGA,IMPRUDENCIA DEL PEATÓN,OTRO (IMPRUDENCIA DEL PEATÓN),AVENIDA,NO CORRESPONDE,URBANO
A-2023-02-148,V-2023-02-148-1,P-2023-02-148-1-2,LIMA,LIMA,LA VICTORIA,PEATÓN,FALLECIDO,,EN EL LUGAR DE LOS HECHOS,IDENTIFICADO,PERÚ,83,FEMENINO,,NO CONDUCTOR,NO CONDUCTOR,NO,,NO,VEHICULO NO IDENTIFICADO,23/02/2023,2023,FEBRERO,JUEVES,15,ATROPELLO FUGA,IMPRUDENCIA DEL PEATÓN,OTRO (IMPRUDENCIA DEL PEATÓN),AVENIDA,NO CORRESPONDE,URBANO
A-2023-02-150,V-2023-02-150-1,P-2023-02-150-1-1,LIMA,LIMA,BARRANCO,CONDUCTOR,FALLECIDO,,EN EL LUGAR DE LOS HECHOS,IDENTIFICADO,VENEZUELA,34,MASCULINO,,SIN LICENCIA,SIN LICENCIA,NO,,NO,MOTOCICLETA,23/02/2023,2023,FEBRERO,JUEVES,19,DESPISTE,IMPRUDENCIA DEL CONDUCTOR,CONDUCIR EN ESTADO DE EBRIEDAD Y/O DROGADICCIÓN,AVENIDA,NO CORRESPONDE,URBANO
A-2023-03-131-A,V-2023-03-131-A-1,P-2023-03-131-A-1-1,LIMA,LIMA,SAN JUAN DE MIRAFLORES,CONDUCTOR FUGADO,NO SE CONOCE,,,NO IDENTIFICADO,PERÚ,,NO INDICA,,FUGADO,FUGADO,NO,,NO,CAMIÓN,25/02/2023,2023,FEBRERO,SÁBADO,8,ATROPELLO FUGA,EN PROCESO DE INVESTIGACIÓN,NO CUENTA CON CAUSA ESPECIFICA,CARRETERA NACIONAL,PE-1S,NACIONAL
A-2023-03-131-A,V-2023-03-131-A-1,P-2023-03-131-A-1-2,LIMA,LIMA,SAN JUAN DE MIRAFLORES,PEATÓN,FALLECIDO,,EN EL LUGAR DE LOS HECHOS,IDENTIFICADO,PERÚ,84,MASCULINO,,NO CONDUCTOR,NO CONDUCTOR,NO,,NO,CAMIÓN,25/02/2023,2023,FEBRERO,SÁBADO,8,ATROPELLO FUGA,EN PROCESO DE INVESTIGACIÓN,NO CUENTA CON CAUSA ESPECIFICA,CARRETERA NACIONAL,PE-1S,NACIONAL
A-2023-02-151,V-2023-02-151-1,P-2023-02-151-1-1,LIMA,LIMA,RIMAC,CONDUCTOR,ILESO,,,IDENTIFICADO,PERÚ,41,MASCULINO,SI,VIGENTE,A III A,NO,,NO,ÓMNIBUS,26/02/2023,2023,FEBRERO,DOMINGO,17,CHOQUE,IMPRUDENCIA DEL CONDUCTOR,EXCESO DE VELOCIDAD,AVENIDA,NO CORRESPONDE,URBANO
A-2023-02-151,V-2023-02-151-2,P-2023-02-151-2-1,LIMA,LIMA,RIMAC,CONDUCTOR,FALLECIDO,,EN EL LUGAR DE LOS HECHOS,IDENTIFICADO,PERÚ,69,MASCULINO,SI,VIGENTE,B I,NO,,NO,TRIMOTO PASAJERO,26/02/2023,2023,FEBRERO,DOMINGO,17,CHOQUE,IMPRUDENCIA DEL CONDUCTOR,EXCESO DE VELOCIDAD,AVENIDA,NO CORRESPONDE,URBANO
A-2023-02-151,V-2023-02-151-2,P-2023-02-151-2-2,LIMA,LIMA,RIMAC,PASAJERO,FALLECIDO,,EN EL LUGAR DE LOS HECHOS,IDENTIFICADO,PERÚ,19,FEMENINO,,NO CONDUCTOR,NO CONDUCTOR,NO,,NO,TRIMOTO PASAJERO,26/02/2023,2023,FEBRERO,DOMINGO,17,CHOQUE,IMPRUDENCIA DEL CONDUCTOR,EXCESO DE VELOCIDAD,AVENIDA,NO CORRESPONDE,URBANO
A-2023-03-131-B,V-2023-03-131-B-1,P-2023-03-131-B-1-1,LIMA,LIMA,LURIGANCHO,CONDUCTOR,ILESO,,,IDENTIFICADO,PERÚ,52,MASCULINO,SI,VIGENTE,A III C,NO,,NO,CAMIÓN,01/03/2023,2023,MARZO,MIÉRCOLES,5,CHOQUE,EN PROCESO DE INVESTIGACIÓN,NO CUENTA CON CAUSA ESPECIFICA,CARRETERA PROVINCIAL,LM-711,PROVINCIAL
A-2023-03-131-B,V-2023-03-131-B-2,P-2023-03-131-B-2-1,LIMA,LIMA,LURIGANCHO,CONDUCTOR,FALLECIDO,,EN EL LUGAR DE LOS HECHOS,IDENTIFICADO,PERÚ,28,MASCULINO,SI,VIGENTE,B I,NO,,NO,MOTOCICLETA,01/03/2023,2023,MARZO,MIÉRCOLES,5,CHOQUE,EN PROCESO DE INVESTIGACIÓN,NO CUENTA CON CAUSA ESPECIFICA,CARRETERA PROVINCIAL,LM-711,PROVINCIAL
A-2023-03-132,V-2023-03-132-1,P-2023-03-132-1-1,LIMA,LIMA,CARABAYLLO,CONDUCTOR,FALLECIDO,,EN EL LUGAR DE LOS HECHOS,IDENTIFICADO,PERÚ,33,MASCULINO,,SIN LICENCIA,SIN LICENCIA,NO,,NO,MOTOCICLETA,03/03/2023,2023,MARZO,VIERNES,3,DESPISTE,IMPRUDENCIA DEL CONDUCTOR,OTRO (IMPRUDENCIA DEL CONDUCTOR),AVENIDA,NO CORRESPONDE,URBANO
A-2023-03-133,V-2023-03-133-1,P-2023-03-133-1-1,LIMA,LIMA,LIMA,CONDUCTOR,ILESO,,,IDENTIFICADO,PERÚ,34,MASCULINO,SI,VIGENTE,A III C,NO,,NO,ÓMNIBUS,03/03/2023,2023,MARZO,VIERNES,11,CAÍDA DE PASAJERO,IMPRUDENCIA DEL PASAJERO/OCUPANTE,OTRO (IMPRUDENCIA DEL PASAJERO/OCUPANTE),AVENIDA,NO CORRESPONDE,URBANO
A-2023-03-133,V-2023-03-133-1,P-2023-03-133-1-2,LIMA,LIMA,LIMA,PASAJERO,FALLECIDO,,EN EL LUGAR DE LOS HECHOS,IDENTIFICADO,PERÚ,76,MASCULINO,,NO CONDUCTOR,NO CONDUCTOR,NO,,NO,ÓMNIBUS,03/03/2023,2023,MARZO,VIERNES,11,CAÍDA DE PASAJERO,IMPRUDENCIA DEL PASAJERO/OCUPANTE,OTRO (IMPRUDENCIA DEL PASAJERO/OCUPANTE),AVENIDA,NO CORRESPONDE,URBANO
A-2023-03-134,V-2023-03-134-1,P-2023-03-134-1-1,LIMA,LIMA,PUNTA HERMOSA,CONDUCTOR,ILESO,,,IDENTIFICADO,PERÚ,74,MASCULINO,,VIGENTE,A II B,NO,,NO,AUTOMÓVIL,04/03/2023,2023,MARZO,SÁBADO,2,ATROPELLO,IMPRUDENCIA DEL PEATÓN,OTRO (IMPRUDENCIA DEL PEATÓN),CARRETERA NACIONAL,PE-1S,NACIONAL
A-2023-03-134,V-2023-03-134-1,P-2023-03-134-1-2,LIMA,LIMA,PUNTA HERMOSA,PEATÓN,FALLECIDO,,EN EL LUGAR DE LOS HECHOS,IDENTIFICADO,PERÚ,40,MASCULINO,,NO CONDUCTOR,NO CONDUCTOR,NO,,NO,AUTOMÓVIL,04/03/2023,2023,MARZO,SÁBADO,2,ATROPELLO,IMPRUDENCIA DEL PEATÓN,OTRO (IMPRUDENCIA DEL PEATÓN),CARRETERA NACIONAL,PE-1S,NACIONAL
A-2023-03-135,V-2023-03-135-1,P-2023-03-135-1-1,LIMA,LIMA,CHORRILLOS,CONDUCTOR,ILESO,,,IDENTIFICADO,PERÚ,33,MASCULINO,SI,VIGENTE,A III C,NO,,NO,ÓMNIBUS,05/03/2023,2023,MARZO,DOMINGO,12,CHOQUE,IMPRUDENCIA DEL CONDUCTOR,OTRO (IMPRUDENCIA DEL CONDUCTOR),AVENIDA,NO CORRESPONDE,URBANO
A-2023-03-135,V-2023-03-135-1,P-2023-03-135-1-2,LIMA,LIMA,CHORRILLOS,PASAJERO,LESIONADO,CENTRO DE SALUD PÚBLICO,,IDENTIFICADO,PERÚ,50,MASCULINO,,NO CONDUCTOR,NO CONDUCTOR,NO,,NO,ÓMNIBUS,05/03/2023,2023,MARZO,DOMINGO,12,CHOQUE,IMPRUDENCIA DEL CONDUCTOR,OTRO (IMPRUDENCIA DEL CONDUCTOR),AVENIDA,NO CORRESPONDE,URBANO
A-2023-03-135,V-2023-03-135-1,P-2023-03-135-1-3,LIMA,LIMA,CHORRILLOS,PASAJERO,LESIONADO,CENTRO DE SALUD PÚBLICO,,IDENTIFICADO,PERÚ,53,FEMENINO,,NO CONDUCTOR,NO CONDUCTOR,NO,,NO,ÓMNIBUS,05/03/2023,2023,MARZO,DOMINGO,12,CHOQUE,IMPRUDENCIA DEL CONDUCTOR,OTRO (IMPRUDENCIA DEL CONDUCTOR),AVENIDA,NO CORRESPONDE,URBANO
A-2023-03-135,V-2023-03-135-2,P-2023-03-135-2-1,LIMA,LIMA,CHORRILLOS,CONDUCTOR,FALLECIDO,,EN EL LUGAR DE LOS HECHOS,IDENTIFICADO,VENEZUELA,31,MASCULINO,,SIN LICENCIA,SIN LICENCIA,NO,,NO,MOTOCICLETA,05/03/2023,2023,MARZO,DOMINGO,12,CHOQUE,IMPRUDENCIA DEL CONDUCTOR,OTRO (IMPRUDENCIA DEL CONDUCTOR),AVENIDA,NO CORRESPONDE,URBANO
A-2023-03-137,V-2023-03-137-1,P-2023-03-137-1-1,LIMA,LIMA,SAN MARTIN DE PORRES,CONDUCTOR,ILESO,,,IDENTIFICADO,PERÚ,54,MASCULINO,SI,VIGENTE,A III A,NO,,NO,ÓMNIBUS,07/03/2023,2023,MARZO,MARTES,5,CHOQUE,EN PROCESO DE INVESTIGACIÓN,NO CUENTA CON CAUSA ESPECIFICA,AVENIDA,NO CORRESPONDE,URBANO
A-2023-03-137,V-2023-03-137-2,P-2023-03-137-2-1,LIMA,LIMA,SAN MARTIN DE PORRES,CONDUCTOR,FALLECIDO,,EN EL LUGAR DE LOS HECHOS,IDENTIFICADO,VENEZUELA,24,MASCULINO,,SIN LICENCIA,SIN LICENCIA,NO,,NO,MOTOCICLETA,07/03/2023,2023,MARZO,MARTES,5,CHOQUE,EN PROCESO DE INVESTIGACIÓN,NO CUENTA CON CAUSA ESPECIFICA,AVENIDA,NO CORRESPONDE,URBANO
A-2023-03-138,V-2023-03-138-1,P-2023-03-138-1-1,LIMA,LIMA,LURIN,CONDUCTOR,ILESO,,,IDENTIFICADO,PERÚ,45,MASCULINO,SI,VIGENTE,A III C,NO,,NO,ÓMNIBUS,08/03/2023,2023,MARZO,MIÉRCOLES,15,CHOQUE,IMPRUDENCIA DEL CONDUCTOR,OTRO (IMPRUDENCIA DEL CONDUCTOR),CARRETERA NACIONAL,PE-1S,NACIONAL
A-2023-03-138,V-2023-03-138-2,P-2023-03-138-2-1,LIMA,LIMA,LURIN,CONDUCTOR,FALLECIDO,,EN EL LUGAR DE LOS HECHOS,IDENTIFICADO,PERÚ,29,MASCULINO,,VIGENTE,B,NO,,NO,MOTOCICLETA,08/03/2023,2023,MARZO,MIÉRCOLES,15,CHOQUE,IMPRUDENCIA DEL CONDUCTOR,OTRO (IMPRUDENCIA DEL CONDUCTOR),CARRETERA NACIONAL,PE-1S,NACIONAL
A-2023-03-179,V-2023-03-179-1,P-2023-03-179-1-1,LIMA,LIMA,COMAS,CONDUCTOR,ILESO,,,IDENTIFICADO,PERÚ,23,MASCULINO,SI,VIGENTE,B II C,NO,,SI,MOTOCICLETA,09/03/2023,2023,MARZO,JUEVES,11,ATROPELLO,IMPRUDENCIA DEL CONDUCTOR,EXCESO DE VELOCIDAD,AVENIDA,NO CORRESPONDE,URBANO
A-2023-03-179,V-2023-03-179-1,P-2023-03-179-1-2,LIMA,LIMA,COMAS,PEATÓN,FALLECIDO,,EN EL CENTRO DE SALUD,IDENTIFICADO,PERÚ,59,MASCULINO,,NO CONDUCTOR,NO CONDUCTOR,NO,,NO,MOTOCICLETA,09/03/2023,2023,MARZO,JUEVES,11,ATROPELLO,IMPRUDENCIA DEL CONDUCTOR,EXCESO DE VELOCIDAD,AVENIDA,NO CORRESPONDE,URBANO
A-2023-03-139,V-2023-03-139-1,P-2023-03-139-1-1,LIMA,LIMA,SAN JUAN DE LURIGANCHO,CONDUCTOR,ILESO,,,IDENTIFICADO,PERÚ,39,MASCULINO,SI,VIGENTE,A III C,NO,,NO,ÓMNIBUS,09/03/2023,2023,MARZO,JUEVES,13,CHOQUE,IMPRUDENCIA DEL CONDUCTOR,OTRO (IMPRUDENCIA DEL CONDUCTOR),AVENIDA,NO CORRESPONDE,URBANO
A-2023-03-139,V-2023-03-139-2,P-2023-03-139-2-1,LIMA,LIMA,SAN JUAN DE LURIGANCHO,CONDUCTOR,FALLECIDO,,EN EL LUGAR DE LOS HECHOS,IDENTIFICADO,PERÚ,37,FEMENINO,,SIN LICENCIA,SIN LICENCIA,NO,,NO,MOTOCICLETA,09/03/2023,2023,MARZO,JUEVES,13,CHOQUE,IMPRUDENCIA DEL CONDUCTOR,OTRO (IMPRUDENCIA DEL CONDUCTOR),AVENIDA,NO CORRESPONDE,URBANO
A-2023-03-139,V-2023-03-139-2,P-2023-03-139-2-2,LIMA,LIMA,SAN JUAN DE LURIGANCHO,PASAJERO,LESIONADO,CENTRO DE SALUD PÚBLICO,,IDENTIFICADO,PERÚ,36,FEMENINO,,NO CONDUCTOR,NO CONDUCTOR,NO,,NO,MOTOCICLETA,09/03/2023,2023,MARZO,JUEVES,13,CHOQUE,IMPRUDENCIA DEL CONDUCTOR,OTRO (IMPRUDENCIA DEL CONDUCTOR),AVENIDA,NO CORRESPONDE,URBANO
A-2023-03-140,V-2023-03-140-1,P-2023-03-140-1-1,LIMA,LIMA,SAN JUAN DE LURIGANCHO,CONDUCTOR,ILESO,,,IDENTIFICADO,VENEZUELA,46,MASCULINO,SI,VIGENTE,A III C,NO,,NO,CAMIÓN,09/03/2023,2023,MARZO,JUEVES,14,ATROPELLO FUGA,IMPRUDENCIA DEL PEATÓN,OTRO (IMPRUDENCIA DEL PEATÓN),AVENIDA,NO CORRESPONDE,URBANO
A-2023-03-140,V-2023-03-140-1,P-2023-03-140-1-2,LIMA,LIMA,SAN JUAN DE LURIGANCHO,PEATÓN,FALLECIDO,,EN EL LUGAR DE LOS HECHOS,IDENTIFICADO,PERÚ,36,MASCULINO,,NO CONDUCTOR,NO CONDUCTOR,NO,,NO,CAMIÓN,09/03/2023,2023,MARZO,JUEVES,14,ATROPELLO FUGA,IMPRUDENCIA DEL PEATÓN,OTRO (IMPRUDENCIA DEL PEATÓN),AVENIDA,NO CORRESPONDE,URBANO
A-2023-03-141,V-2023-03-141-1,P-2023-03-141-1-1,LIMA,LIMA,CHORRILLOS,CONDUCTOR,ILESO,,,IDENTIFICADO,PERÚ,46,MASCULINO,SI,VIGENTE,A II A,NO,,NO,AUTOMÓVIL,12/03/2023,2023,MARZO,DOMINGO,22,ATROPELLO,IMPRUDENCIA DEL PEATÓN,OTRO (IMPRUDENCIA DEL PEATÓN),CARRETERA NACIONAL,PE-1S,NACIONAL
A-2023-03-141,V-2023-03-141-1,P-2023-03-141-1-2,LIMA,LIMA,CHORRILLOS,PEATÓN,FALLECIDO,,EN EL LUGAR DE LOS HECHOS,NO IDENTIFICADO,,,MASCULINO,,NO CONDUCTOR,NO CONDUCTOR,NO,,NO,AUTOMÓVIL,12/03/2023,2023,MARZO,DOMINGO,22,ATROPELLO,IMPRUDENCIA DEL PEATÓN,OTRO (IMPRUDENCIA DEL PEATÓN),CARRETERA NACIONAL,PE-1S,NACIONAL
A-2023-03-142,V-2023-03-142-1,P-2023-03-142-1-1,LIMA,LIMA,ANCON,CONDUCTOR,ILESO,,,IDENTIFICADO,PERÚ,56,MASCULINO,SI,VIGENTE,A III C,NO,,NO,ÓMNIBUS,13/03/2023,2023,MARZO,LUNES,15,CAÍDA DE PASAJERO,EN PROCESO DE INVESTIGACIÓN,NO CUENTA CON CAUSA ESPECIFICA,CARRETERA NACIONAL,PE-1N,NACIONAL
A-2023-03-142,V-2023-03-142-1,P-2023-03-142-1-2,LIMA,LIMA,ANCON,PASAJERO,FALLECIDO,,EN EL LUGAR DE LOS HECHOS,IDENTIFICADO,PERÚ,50,MASCULINO,,NO CONDUCTOR,NO CONDUCTOR,NO,,NO,ÓMNIBUS,13/03/2023,2023,MARZO,LUNES,15,CAÍDA DE PASAJERO,EN PROCESO DE INVESTIGACIÓN,NO CUENTA CON CAUSA ESPECIFICA,CARRETERA NACIONAL,PE-1N,NACIONAL
A-2023-03-159,V-2023-03-159-1,P-2023-03-159-1-1,LIMA,LIMA,LIMA,CONDUCTOR,ILESO,,,IDENTIFICADO,PERÚ,47,MASCULINO,SI,VIGENTE,A III C,,,,REMOLCADOR-SEMIREMOLQUE,13/03/2023,2023,MARZO,LUNES,23,ATROPELLO FUGA,IMPRUDENCIA DEL PEATÓN,OTRO (IMPRUDENCIA DEL PEATÓN),JIRÓN,NO CORRESPONDE,URBANO
A-2023-03-159,V-2023-03-159-1,P-2023-03-159-1-2,LIMA,LIMA,LIMA,PEATÓN,FALLECIDO,,EN EL LUGAR DE LOS HECHOS,IDENTIFICADO,PERÚ,25,MASCULINO,,NO CONDUCTOR,NO CONDUCTOR,,,,REMOLCADOR-SEMIREMOLQUE,13/03/2023,2023,MARZO,LUNES,23,ATROPELLO FUGA,IMPRUDENCIA DEL PEATÓN,OTRO (IMPRUDENCIA DEL PEATÓN),JIRÓN,NO CORRESPONDE,URBANO
A-2023-03-143,V-2023-03-143-1,P-2023-03-143-1-1,LIMA,LIMA,SAN BORJA,CONDUCTOR,ILESO,,,IDENTIFICADO,PERÚ,57,MASCULINO,SI,VIGENTE,A III C,NO,,NO,ÓMNIBUS,15/03/2023,2023,MARZO,MIÉRCOLES,0,CHOQUE,IMPRUDENCIA DEL CONDUCTOR,OTRO (IMPRUDENCIA DEL CONDUCTOR),CARRETERA NACIONAL,PE-1S,NACIONAL
A-2023-03-143,V-2023-03-143-2,P-2023-03-143-2-1,LIMA,LIMA,SAN BORJA,CONDUCTOR,ILESO,,,IDENTIFICADO,PERÚ,26,MASCULINO,,VIGENTE,B,NO,,NO,MOTOCICLETA,15/03/2023,2023,MARZO,MIÉRCOLES,0,CHOQUE,IMPRUDENCIA DEL CONDUCTOR,OTRO (IMPRUDENCIA DEL CONDUCTOR),CARRETERA NACIONAL,PE-1S,NACIONAL
A-2023-03-143,V-2023-03-143-2,P-2023-03-143-2-2,LIMA,LIMA,SAN BORJA,PASAJERO,FALLECIDO,,EN EL LUGAR DE LOS HECHOS,IDENTIFICADO,PERÚ,26,FEMENINO,,NO CONDUCTOR,NO CONDUCTOR,NO,,NO,MOTOCICLETA,15/03/2023,2023,MARZO,MIÉRCOLES,0,CHOQUE,IMPRUDENCIA DEL CONDUCTOR,OTRO (IMPRUDENCIA DEL CONDUCTOR),CARRETERA NACIONAL,PE-1S,NACIONAL
A-2023-03-126,V-2023-03-126-1,P-2023-03-126-1-1,CALLAO,CALLAO,VENTANILLA,CONDUCTOR,ILESO,,,IDENTIFICADO,,37,MASCULINO,,VIGENTE,A II B,,,,AUTOMÓVIL,15/03/2023,2023,MARZO,MIÉRCOLES,20,ATROPELLO,EN PROCESO DE INVESTIGACIÓN,NO CUENTA CON CAUSA ESPECIFICA,AVENIDA,NO CORRESPONDE,URBANO
A-2023-03-126,V-2023-03-126-1,P-2023-03-126-1-2,CALLAO,CALLAO,VENTANILLA,PEATÓN,FALLECIDO,,,IDENTIFICADO,,40,MASCULINO,,NO CONDUCTOR,NO CONDUCTOR,,,,AUTOMÓVIL,15/03/2023,2023,MARZO,MIÉRCOLES,20,ATROPELLO,EN PROCESO DE INVESTIGACIÓN,NO CUENTA CON CAUSA ESPECIFICA,AVENIDA,NO CORRESPONDE,URBANO
A-2023-03-126,V-2023-03-126-1,P-2023-03-126-1-3,CALLAO,CALLAO,VENTANILLA,PEATÓN,LESIONADO,,,IDENTIFICADO,,35,MASCULINO,,NO CONDUCTOR,NO CONDUCTOR,,,,AUTOMÓVIL,15/03/2023,2023,MARZO,MIÉRCOLES,20,ATROPELLO,EN PROCESO DE INVESTIGACIÓN,NO CUENTA CON CAUSA ESPECIFICA,AVENIDA,NO CORRESPONDE,URBANO
A-2023-03-126,V-2023-03-126-1,P-2023-03-126-1-4,CALLAO,CALLAO,VENTANILLA,PEATÓN,LESIONADO,,,IDENTIFICADO,,37,MASCULINO,,NO CONDUCTOR,NO CONDUCTOR,,,,AUTOMÓVIL,15/03/2023,2023,MARZO,MIÉRCOLES,20,ATROPELLO,EN PROCESO DE INVESTIGACIÓN,NO CUENTA CON CAUSA ESPECIFICA,AVENIDA,NO CORRESPONDE,URBANO
A-2023-03-144,V-2023-03-144-1,P-2023-03-144-1-1,LIMA,LIMA,SAN JUAN DE LURIGANCHO,CONDUCTOR,FALLECIDO,,EN EL LUGAR DE LOS HECHOS,IDENTIFICADO,PERÚ,29,MASCULINO,SI,VIGENTE,B I,NO,,NO,MOTOCICLETA,16/03/2023,2023,MARZO,JUEVES,22,VOLCADURA,IMPRUDENCIA DEL CONDUCTOR,EXCESO DE VELOCIDAD,AVENIDA,NO CORRESPONDE,URBANO
A-2023-03-112,V-2023-03-112-1,P-2023-03-112-1-1,CALLAO,CALLAO,CALLAO,CONDUCTOR,ILESO,,,IDENTIFICADO,PERÚ,50,MASCULINO,SI,VIGENTE,A III C,NO,,SI,REMOLCADOR-SEMIREMOLQUE,17/03/2023,2023,MARZO,VIERNES,9,CHOQUE,IMPRUDENCIA DEL CONDUCTOR,OTRO (IMPRUDENCIA DEL CONDUCTOR),CARRETERA NACIONAL,PE-20,NACIONAL
A-2023-03-112,V-2023-03-112-2,P-2023-03-112-2-1,CALLAO,CALLAO,CALLAO,CONDUCTOR,FALLECIDO,,EN EL LUGAR DE LOS HECHOS,IDENTIFICADO,PERÚ,33,MASCULINO,,SIN LICENCIA,SIN LICENCIA,NO,,SI,MOTOCICLETA,17/03/2023,2023,MARZO,VIERNES,9,CHOQUE,IMPRUDENCIA DEL CONDUCTOR,OTRO (IMPRUDENCIA DEL CONDUCTOR),CARRETERA NACIONAL,PE-20,NACIONAL
A-2023-03-145,V-2023-03-145-1,P-2023-03-145-1-1,LIMA,LIMA,COMAS,CONDUCTOR,FALLECIDO,,EN EL LUGAR DE LOS HECHOS,IDENTIFICADO,PERÚ,53,MASCULINO,,VENCIDA,A II A,NO,,NO,CAMIONETA PICK UP,17/03/2023,2023,MARZO,VIERNES,19,CHOQUE,EN PROCESO DE INVESTIGACIÓN,NO CUENTA CON CAUSA ESPECIFICA,AVENIDA,NO CORRESPONDE,URBANO
A-2023-03-145,V-2023-03-145-1,P-2023-03-145-1-2,LIMA,LIMA,COMAS,PASAJERO,LESIONADO,CENTRO DE SALUD PÚBLICO,,IDENTIFICADO,PERÚ,27,FEMENINO,,NO CONDUCTOR,NO CONDUCTOR,NO,,NO,CAMIONETA PICK UP,17/03/2023,2023,MARZO,VIERNES,19,CHOQUE,EN PROCESO DE INVESTIGACIÓN,NO CUENTA CON CAUSA ESPECIFICA,AVENIDA,NO CORRESPONDE,URBANO
A-2023-03-145,V-2023-03-145-2,P-2023-03-145-2-1,LIMA,LIMA,COMAS,CONDUCTOR,ILESO,,,IDENTIFICADO,PERÚ,41,MASCULINO,SI,VIGENTE,A III A,NO,,NO,ÓMNIBUS,17/03/2023,2023,MARZO,VIERNES,19,CHOQUE,EN PROCESO DE INVESTIGACIÓN,NO CUENTA CON CAUSA ESPECIFICA,AVENIDA,NO CORRESPONDE,URBANO
A-2023-03-146,V-2023-03-146-1,P-2023-03-146-1-1,LIMA,LIMA,SAN JUAN DE LURIGANCHO,CONDUCTOR,ILESO,,,IDENTIFICADO,PERÚ,51,MASCULINO,SI,VIGENTE,A III C,NO,,NO,ÓMNIBUS,18/03/2023,2023,MARZO,SÁBADO,16,CHOQUE,IMPRUDENCIA DEL CONDUCTOR,VEHÍCULO MAL ESTACIONADO,AVENIDA,NO CORRESPONDE,URBANO
A-2023-03-146,V-2023-03-146-2,P-2023-03-146-2-1,LIMA,LIMA,SAN JUAN DE LURIGANCHO,CONDUCTOR,FALLECIDO,,EN EL LUGAR DE LOS HECHOS,IDENTIFICADO,VENEZUELA,46,MASCULINO,,SIN LICENCIA,SIN LICENCIA,NO,,NO,MOTOCICLETA,18/03/2023,2023,MARZO,SÁBADO,16,CHOQUE,IMPRUDENCIA DEL CONDUCTOR,VEHÍCULO MAL ESTACIONADO,AVENIDA,NO CORRESPONDE,URBANO
A-2023-03-146,V-2023-03-146-2,P-2023-03-146-2-2,LIMA,LIMA,SAN JUAN DE LURIGANCHO,PASAJERO,LESIONADO,CENTRO DE SALUD PÚBLICO,,IDENTIFICADO,PERÚ,30,FEMENINO,,NO CONDUCTOR,NO CONDUCTOR,NO,,NO,MOTOCICLETA,18/03/2023,2023,MARZO,SÁBADO,16,CHOQUE,IMPRUDENCIA DEL CONDUCTOR,VEHÍCULO MAL ESTACIONADO,AVENIDA,NO CORRESPONDE,URBANO
A-2023-03-147,V-2023-03-147-1,P-2023-03-147-1-1,LIMA,LIMA,PUENTE PIEDRA,CONDUCTOR FUGADO,NO SE CONOCE,,,NO IDENTIFICADO,PERÚ,,NO INDICA,,FUGADO,FUGADO,NO,,NO,VEHICULO NO IDENTIFICADO,19/03/2023,2023,MARZO,DOMINGO,5,ATROPELLO FUGA,EN PROCESO DE INVESTIGACIÓN,NO CUENTA CON CAUSA ESPECIFICA,CARRETERA NACIONAL,PE-1N,NACIONAL
A-2023-03-147,V-2023-03-147-1,P-2023-03-147-1-2,LIMA,LIMA,PUENTE PIEDRA,PEATÓN,FALLECIDO,,EN EL LUGAR DE LOS HECHOS,IDENTIFICADO,PERÚ,30,MASCULINO,,NO CONDUCTOR,NO CONDUCTOR,NO,,NO,VEHICULO NO IDENTIFICADO,19/03/2023,2023,MARZO,DOMINGO,5,ATROPELLO FUGA,EN PROCESO DE INVESTIGACIÓN,NO CUENTA CON CAUSA ESPECIFICA,CARRETERA NACIONAL,PE-1N,NACIONAL
A-2023-03-148,V-2023-03-148-1,P-2023-03-148-1-1,LIMA,LIMA,VILLA EL SALVADOR,CONDUCTOR,ILESO,,,IDENTIFICADO,PERÚ,34,MASCULINO,SI,VIGENTE,A II B,NO,,NO,STATION WAGON,19/03/2023,2023,MARZO,DOMINGO,6,ATROPELLO,IMPRUDENCIA DEL PEATÓN,ESTADO DE EBRIEDAD Y/O DROGADICCIÓN,AVENIDA,NO CORRESPONDE,URBANO
A-2023-03-148,V-2023-03-148-1,P-2023-03-148-1-2,LIMA,LIMA,VILLA EL SALVADOR,PEATÓN,FALLECIDO,,EN EL LUGAR DE LOS HECHOS,NO IDENTIFICADO,PERÚ,,NO INDICA,,NO CONDUCTOR,NO CONDUCTOR,NO,,NO,STATION WAGON,19/03/2023,2023,MARZO,DOMINGO,6,ATROPELLO,IMPRUDENCIA DEL PEATÓN,ESTADO DE EBRIEDAD Y/O DROGADICCIÓN,AVENIDA,NO CORRESPONDE,URBANO
A-2023-03-150,V-2023-03-150-1,P-2023-03-150-1-1,LIMA,LIMA,PUENTE PIEDRA,CONDUCTOR,FALLECIDO,,EN EL LUGAR DE LOS HECHOS,IDENTIFICADO,PERÚ,24,MASCULINO,,VENCIDA,B II C,NO,,NO,MOTOCICLETA,19/03/2023,2023,MARZO,DOMINGO,6,DESPISTE,IMPRUDENCIA DEL CONDUCTOR,OTRO (IMPRUDENCIA DEL CONDUCTOR),CARRETERA NACIONAL,PE-1N,NACIONAL
A-2023-03-149,V-2023-03-149-1,P-2023-03-149-1-1,LIMA,LIMA,SAN BORJA,CONDUCTOR,ILESO,,,IDENTIFICADO,PERÚ,49,FEMENINO,SI,VIGENTE,A I,NO,,NO,AUTOMÓVIL,19/03/2023,2023,MARZO,DOMINGO,10,CHOQUE,NEGLIGENCIA DEL CONDUCTOR,OTRO (NEGLIGENCIA DEL CONDUCTOR),AVENIDA,NO CORRESPONDE,URBANO
A-2023-03-149,V-2023-03-149-2,P-2023-03-149-2-1,LIMA,LIMA,SAN BORJA,CONDUCTOR,FALLECIDO,,EN EL LUGAR DE LOS HECHOS,IDENTIFICADO,PERÚ,30,MASCULINO,SI,VIGENTE,B I,NO,,NO,MOTOCICLETA,19/03/2023,2023,MARZO,DOMINGO,10,CHOQUE,NEGLIGENCIA DEL CONDUCTOR,OTRO (NEGLIGENCIA DEL CONDUCTOR),AVENIDA,NO CORRESPONDE,URBANO
A-2023-03-151,V-2023-03-151-1,P-2023-03-151-1-1,LIMA,LIMA,COMAS,CONDUCTOR,ILESO,,,IDENTIFICADO,PERÚ,46,MASCULINO,SI,VIGENTE,A I,NO,,NO,CAMIÓN,20/03/2023,2023,MARZO,LUNES,16,CHOQUE,EN PROCESO DE INVESTIGACIÓN,NO CUENTA CON CAUSA ESPECIFICA,AVENIDA,NO CORRESPONDE,URBANO
A-2023-03-151,V-2023-03-151-2,P-2023-03-151-2-1,LIMA,LIMA,COMAS,CONDUCTOR,LESIONADO,CENTRO DE SALUD PÚBLICO,,IDENTIFICADO,PERÚ,44,MASCULINO,SI,VIGENTE,A II A,NO,,NO,AUTOMÓVIL,20/03/2023,2023,MARZO,LUNES,16,CHOQUE,EN PROCESO DE INVESTIGACIÓN,NO CUENTA CON CAUSA ESPECIFICA,AVENIDA,NO CORRESPONDE,URBANO
A-2023-03-151,V-2023-03-151-2,P-2023-03-151-2-2,LIMA,LIMA,COMAS,PASAJERO,FALLECIDO,,EN EL LUGAR DE LOS HECHOS,IDENTIFICADO,PERÚ,19,MASCULINO,,NO CONDUCTOR,NO CONDUCTOR,NO,,NO,AUTOMÓVIL,20/03/2023,2023,MARZO,LUNES,16,CHOQUE,EN PROCESO DE INVESTIGACIÓN,NO CUENTA CON CAUSA ESPECIFICA,AVENIDA,NO CORRESPONDE,URBANO
A-2023-03-152,V-2023-03-152-1,P-2023-03-152-1-1,LIMA,LIMA,JESUS MARIA,CONDUCTOR,ILESO,,,IDENTIFICADO,VENEZUELA,30,MASCULINO,SI,VIGENTE,A III C,NO,,NO,CAMIÓN,21/03/2023,2023,MARZO,MARTES,8,CHOQUE,EN PROCESO DE INVESTIGACIÓN,NO CUENTA CON CAUSA ESPECIFICA,AVENIDA,NO CORRESPONDE,URBANO
A-2023-03-152,V-2023-03-152-2,P-2023-03-152-2-1,LIMA,LIMA,JESUS MARIA,CONDUCTOR,FALLECIDO,,EN EL LUGAR DE LOS HECHOS,IDENTIFICADO,PERÚ,26,FEMENINO,,NO CORRESPONDE,NO CORRESPONDE,NO,,NO,BICICLETA,21/03/2023,2023,MARZO,MARTES,8,CHOQUE,EN PROCESO DE INVESTIGACIÓN,NO CUENTA CON CAUSA ESPECIFICA,AVENIDA,NO CORRESPONDE,URBANO
A-2023-03-153,V-2023-03-153-1,P-2023-03-153-1-1,LIMA,LIMA,ATE,CONDUCTOR,ILESO,,,IDENTIFICADO,PERÚ,21,MASCULINO,,SIN LICENCIA,SIN LICENCIA,NO,,NO,MINIBUS,22/03/2023,2023,MARZO,MIÉRCOLES,19,CHOQUE,NEGLIGENCIA DEL CONDUCTOR,OTRO (NEGLIGENCIA DEL CONDUCTOR),CARRETERA NACIONAL,PE-22,NACIONAL
A-2023-03-153,V-2023-03-153-1,P-2023-03-153-1-2,LIMA,LIMA,ATE,PASAJERO,FALLECIDO,,EN EL LUGAR DE LOS HECHOS,IDENTIFICADO,PERÚ,18,FEMENINO,,NO CONDUCTOR,NO CONDUCTOR,NO,,NO,MINIBUS,22/03/2023,2023,MARZO,MIÉRCOLES,19,CHOQUE,NEGLIGENCIA DEL CONDUCTOR,OTRO (NEGLIGENCIA DEL CONDUCTOR),CARRETERA NACIONAL,PE-22,NACIONAL
A-2023-03-153,V-2023-03-153-1,P-2023-03-153-1-3,LIMA,LIMA,ATE,PASAJERO,LESIONADO,CENTRO DE SALUD PRIVADO,,IDENTIFICADO,PERÚ,62,MASCULINO,,NO CONDUCTOR,NO CONDUCTOR,NO,,NO,MINIBUS,22/03/2023,2023,MARZO,MIÉRCOLES,19,CHOQUE,NEGLIGENCIA DEL CONDUCTOR,OTRO (NEGLIGENCIA DEL CONDUCTOR),CARRETERA NACIONAL,PE-22,NACIONAL
A-2023-03-153,V-2023-03-153-1,P-2023-03-153-1-4,LIMA,LIMA,ATE,PASAJERO,LESIONADO,CENTRO DE SALUD PÚBLICO,,IDENTIFICADO,PERÚ,54,FEMENINO,,NO CONDUCTOR,NO CONDUCTOR,NO,,NO,MINIBUS,22/03/2023,2023,MARZO,MIÉRCOLES,19,CHOQUE,NEGLIGENCIA DEL CONDUCTOR,OTRO (NEGLIGENCIA DEL CONDUCTOR),CARRETERA NACIONAL,PE-22,NACIONAL
A-2023-03-153,V-2023-03-153-1,P-2023-03-153-1-5,LIMA,LIMA,ATE,PASAJERO,LESIONADO,CENTRO DE SALUD PÚBLICO,,IDENTIFICADO,PERÚ,27,MASCULINO,,NO CONDUCTOR,NO CONDUCTOR,NO,,NO,MINIBUS,22/03/2023,2023,MARZO,MIÉRCOLES,19,CHOQUE,NEGLIGENCIA DEL CONDUCTOR,OTRO (NEGLIGENCIA DEL CONDUCTOR),CARRETERA NACIONAL,PE-22,NACIONAL
A-2023-03-153,V-2023-03-153-1,P-2023-03-153-1-6,LIMA,LIMA,ATE,PASAJERO,LESIONADO,CENTRO DE SALUD PÚBLICO,,IDENTIFICADO,PERÚ,30,MASCULINO,,NO CONDUCTOR,NO CONDUCTOR,NO,,NO,MINIBUS,22/03/2023,2023,MARZO,MIÉRCOLES,19,CHOQUE,NEGLIGENCIA DEL CONDUCTOR,OTRO (NEGLIGENCIA DEL CONDUCTOR),CARRETERA NACIONAL,PE-22,NACIONAL
A-2023-03-153,V-2023-03-153-1,P-2023-03-153-1-7,LIMA,LIMA,ATE,PASAJERO,LESIONADO,CENTRO DE SALUD PÚBLICO,,IDENTIFICADO,PERÚ,30,FEMENINO,,NO CONDUCTOR,NO CONDUCTOR,NO,,NO,MINIBUS,22/03/2023,2023,MARZO,MIÉRCOLES,19,CHOQUE,NEGLIGENCIA DEL CONDUCTOR,OTRO (NEGLIGENCIA DEL CONDUCTOR),CARRETERA NACIONAL,PE-22,NACIONAL
A-2023-03-153,V-2023-03-153-1,P-2023-03-153-1-8,LIMA,LIMA,ATE,PASAJERO,LESIONADO,CENTRO DE SALUD PÚBLICO,,IDENTIFICADO,PERÚ,36,MASCULINO,,NO CONDUCTOR,NO CONDUCTOR,NO,,NO,MINIBUS,22/03/2023,2023,MARZO,MIÉRCOLES,19,CHOQUE,NEGLIGENCIA DEL CONDUCTOR,OTRO (NEGLIGENCIA DEL CONDUCTOR),CARRETERA NACIONAL,PE-22,NACIONAL
A-2023-03-153,V-2023-03-153-2,P-2023-03-153-2-1,LIMA,LIMA,ATE,CONDUCTOR,ILESO,,,IDENTIFICADO,PERÚ,27,MASCULINO,SI,VIGENTE,A III B,NO,,NO,CAMIÓN,22/03/2023,2023,MARZO,MIÉRCOLES,19,CHOQUE,NEGLIGENCIA DEL CONDUCTOR,OTRO (NEGLIGENCIA DEL CONDUCTOR),CARRETERA NACIONAL,PE-22,NACIONAL
A-2023-03-154,V-2023-03-154-1,P-2023-03-154-1-1,LIMA,LIMA,CHACLACAYO,CONDUCTOR,FALLECIDO,,EN EL LUGAR DE LOS HECHOS,IDENTIFICADO,PERÚ,28,MASCULINO,,SIN LICENCIA,SIN LICENCIA,NO,,NO,TRIMOTO PASAJERO,25/03/2023,2023,MARZO,SÁBADO,1,CHOQUE FUGA,IMPRUDENCIA DEL CONDUCTOR,EXCESO DE VELOCIDAD,CARRETERA NACIONAL,PE-22,NACIONAL
A-2023-03-154,V-2023-03-154-2,P-2023-03-154-2-1,LIMA,LIMA,CHACLACAYO,CONDUCTOR FUGADO,NO SE CONOCE,,,NO IDENTIFICADO,,,NO INDICA,,FUGADO,FUGADO,NO,,NO,VEHICULO NO IDENTIFICADO,25/03/2023,2023,MARZO,SÁBADO,1,CHOQUE FUGA,IMPRUDENCIA DEL CONDUCTOR,EXCESO DE VELOCIDAD,CARRETERA NACIONAL,PE-22,NACIONAL
A-2023-03-155,V-2023-03-155-1,P-2023-03-155-1-1,LIMA,LIMA,LIMA,CONDUCTOR,ILESO,,,IDENTIFICADO,VENEZUELA,46,MASCULINO,,SIN LICENCIA,SIN LICENCIA,NO,,NO,CAMIONETA RURAL,25/03/2023,2023,MARZO,SÁBADO,16,ATROPELLO,IMPRUDENCIA DEL PEATÓN,OTRO (IMPRUDENCIA DEL PEATÓN),AVENIDA,NO CORRESPONDE,URBANO
A-2023-03-155,V-2023-03-155-1,P-2023-03-155-1-2,LIMA,LIMA,LIMA,PEATÓN,FALLECIDO,,EN EL LUGAR DE LOS HECHOS,IDENTIFICADO,PERÚ,36,MASCULINO,,NO CONDUCTOR,NO CONDUCTOR,NO,,NO,CAMIONETA RURAL,25/03/2023,2023,MARZO,SÁBADO,16,ATROPELLO,IMPRUDENCIA DEL PEATÓN,OTRO (IMPRUDENCIA DEL PEATÓN),AVENIDA,NO CORRESPONDE,URBANO
A-2023-03-157,V-2023-03-157-1,P-2023-03-157-1-1,LIMA,LIMA,CARABAYLLO,CONDUCTOR,LESIONADO,CENTRO DE SALUD PÚBLICO,,IDENTIFICADO,PERÚ,19,MASCULINO,,SIN LICENCIA,SIN LICENCIA,NO,,NO,TRIMOTO PASAJERO,28/03/2023,2023,MARZO,MARTES,7,CHOQUE,IMPRUDENCIA DEL CONDUCTOR,OTRO (IMPRUDENCIA DEL CONDUCTOR),CARRETERA NACIONAL,PE-20A,NACIONAL
A-2023-03-157,V-2023-03-157-1,P-2023-03-157-1-2,LIMA,LIMA,CARABAYLLO,PASAJERO,FALLECIDO,,EN EL LUGAR DE LOS HECHOS,IDENTIFICADO,PERÚ,12,MASCULINO,,NO CONDUCTOR,NO CONDUCTOR,NO,,NO,TRIMOTO PASAJERO,28/03/2023,2023,MARZO,MARTES,7,CHOQUE,IMPRUDENCIA DEL CONDUCTOR,OTRO (IMPRUDENCIA DEL CONDUCTOR),CARRETERA NACIONAL,PE-20A,NACIONAL
A-2023-03-157,V-2023-03-157-2,P-2023-03-157-2-1,LIMA,LIMA,CARABAYLLO,CONDUCTOR,ILESO,,,IDENTIFICADO,PERÚ,40,MASCULINO,SI,VIGENTE,A II A,NO,,NO,CAMIONETA RURAL,28/03/2023,2023,MARZO,MARTES,7,CHOQUE,IMPRUDENCIA DEL CONDUCTOR,OTRO (IMPRUDENCIA DEL CONDUCTOR),CARRETERA NACIONAL,PE-20A,NACIONAL
A-2023-03-157,V-2023-03-157-2,P-2023-03-157-2-2,LIMA,LIMA,CARABAYLLO,PASAJERO,LESIONADO,CENTRO DE SALUD PÚBLICO,,IDENTIFICADO,PERÚ,26,MASCULINO,,NO CONDUCTOR,NO CONDUCTOR,NO,,NO,CAMIONETA RURAL,28/03/2023,2023,MARZO,MARTES,7,CHOQUE,IMPRUDENCIA DEL CONDUCTOR,OTRO (IMPRUDENCIA DEL CONDUCTOR),CARRETERA NACIONAL,PE-20A,NACIONAL
A-2023-03-157,V-2023-03-157-2,P-2023-03-157-2-3,LIMA,LIMA,CARABAYLLO,PASAJERO,LESIONADO,CENTRO DE SALUD PÚBLICO,,IDENTIFICADO,PERÚ,8,MASCULINO,,NO CONDUCTOR,NO CONDUCTOR,NO,,NO,CAMIONETA RURAL,28/03/2023,2023,MARZO,MARTES,7,CHOQUE,IMPRUDENCIA DEL CONDUCTOR,OTRO (IMPRUDENCIA DEL CONDUCTOR),CARRETERA NACIONAL,PE-20A,NACIONAL
A-2023-03-157,V-2023-03-157-2,P-2023-03-157-2-4,LIMA,LIMA,CARABAYLLO,PASAJERO,LESIONADO,CENTRO DE SALUD PÚBLICO,,IDENTIFICADO,PERÚ,4,MASCULINO,,NO CONDUCTOR,NO CONDUCTOR,NO,,NO,CAMIONETA RURAL,28/03/2023,2023,MARZO,MARTES,7,CHOQUE,IMPRUDENCIA DEL CONDUCTOR,OTRO (IMPRUDENCIA DEL CONDUCTOR),CARRETERA NACIONAL,PE-20A,NACIONAL
A-2023-03-157,V-2023-03-157-2,P-2023-03-157-2-5,LIMA,LIMA,CARABAYLLO,PASAJERO,LESIONADO,CENTRO DE SALUD PÚBLICO,,IDENTIFICADO,PERÚ,23,FEMENINO,,NO CONDUCTOR,NO CONDUCTOR,NO,,NO,CAMIONETA RURAL,28/03/2023,2023,MARZO,MARTES,7,CHOQUE,IMPRUDENCIA DEL CONDUCTOR,OTRO (IMPRUDENCIA DEL CONDUCTOR),CARRETERA NACIONAL,PE-20A,NACIONAL
A-2023-03-157,V-2023-03-157-2,P-2023-03-157-2-6,LIMA,LIMA,CARABAYLLO,PASAJERO,LESIONADO,CENTRO DE SALUD PÚBLICO,,IDENTIFICADO,PERÚ,25,FEMENINO,,NO CONDUCTOR,NO CONDUCTOR,NO,,NO,CAMIONETA RURAL,28/03/2023,2023,MARZO,MARTES,7,CHOQUE,IMPRUDENCIA DEL CONDUCTOR,OTRO (IMPRUDENCIA DEL CONDUCTOR),CARRETERA NACIONAL,PE-20A,NACIONAL
A-2023-03-156,V-2023-03-156-1,P-2023-03-156-1-1,LIMA,LIMA,COMAS,CONDUCTOR,ILESO,,,IDENTIFICADO,PERÚ,55,MASCULINO,SI,VIGENTE,A III C,NO,,NO,MINIBUS,28/03/2023,2023,MARZO,MARTES,16,ATROPELLO,IMPRUDENCIA DEL PEATÓN,OTRO (IMPRUDENCIA DEL PEATÓN),CARRETERA NACIONAL,PE-1N,NACIONAL
A-2023-03-156,V-2023-03-156-1,P-2023-03-156-1-2,LIMA,LIMA,COMAS,PEATÓN,FALLECIDO,,EN EL LUGAR DE LOS HECHOS,IDENTIFICADO,PERÚ,35,MASCULINO,,NO CONDUCTOR,NO CONDUCTOR,NO,,NO,MINIBUS,28/03/2023,2023,MARZO,MARTES,16,ATROPELLO,IMPRUDENCIA DEL PEATÓN,OTRO (IMPRUDENCIA DEL PEATÓN),CARRETERA NACIONAL,PE-1N,NACIONAL
A-2023-03-158,V-2023-03-158-1,P-2023-03-158-1-1,LIMA,LIMA,SAN BORJA,CONDUCTOR,ILESO,,,IDENTIFICADO,PERÚ,53,MASCULINO,SI,VIGENTE,A III C,NO,,NO,REMOLCADOR-SEMIREMOLQUE,31/03/2023,2023,MARZO,VIERNES,12,CHOQUE,IMPRUDENCIA DEL CONDUCTOR,OTRO (IMPRUDENCIA DEL CONDUCTOR),CARRETERA NACIONAL,PE-1S,NACIONAL
A-2023-03-158,V-2023-03-158-2,P-2023-03-158-2-1,LIMA,LIMA,SAN BORJA,CONDUCTOR,ILESO,,,IDENTIFICADO,VENEZUELA,33,MASCULINO,,SIN DNI IDENTIFICADO,SIN DNI IDENTIFICADO,NO,,NO,MOTOCICLETA,31/03/2023,2023,MARZO,VIERNES,12,CHOQUE,IMPRUDENCIA DEL CONDUCTOR,OTRO (IMPRUDENCIA DEL CONDUCTOR),CARRETERA NACIONAL,PE-1S,NACIONAL
A-2023-03-158,V-2023-03-158-2,P-2023-03-158-2-2,LIMA,LIMA,SAN BORJA,PASAJERO,FALLECIDO,,EN EL LUGAR DE LOS HECHOS,IDENTIFICADO,PERÚ,25,FEMENINO,,NO CONDUCTOR,NO CONDUCTOR,NO,,NO,MOTOCICLETA,31/03/2023,2023,MARZO,VIERNES,12,CHOQUE,IMPRUDENCIA DEL CONDUCTOR,OTRO (IMPRUDENCIA DEL CONDUCTOR),CARRETERA NACIONAL,PE-1S,NACIONAL
A-2023-04-140,V-2023-04-140-1,P-2023-04-140-1-1,LIMA,LIMA,SURQUILLO,CONDUCTOR FUGADO,NO SE CONOCE,,,NO IDENTIFICADO,PERÚ,,NO INDICA,,FUGADO,FUGADO,NO,,NO,VEHICULO NO IDENTIFICADO,01/04/2023,2023,ABRIL,SÁBADO,20,ATROPELLO FUGA,EN PROCESO DE INVESTIGACIÓN,NO CUENTA CON CAUSA ESPECIFICA,AVENIDA,NO CORRESPONDE,URBANO
A-2023-04-140,V-2023-04-140-1,P-2023-04-140-1-2,LIMA,LIMA,SURQUILLO,PEATÓN,FALLECIDO,,EN EL LUGAR DE LOS HECHOS,IDENTIFICADO,PERÚ,89,FEMENINO,,NO CONDUCTOR,NO CONDUCTOR,NO,,NO,VEHICULO NO IDENTIFICADO,01/04/2023,2023,ABRIL,SÁBADO,20,ATROPELLO FUGA,EN PROCESO DE INVESTIGACIÓN,NO CUENTA CON CAUSA ESPECIFICA,AVENIDA,NO CORRESPONDE,URBANO
A-2023-04-140,V-2023-04-140-1,P-2023-04-140-1-3,LIMA,LIMA,SURQUILLO,PEATÓN,LESIONADO,CENTRO DE SALUD PÚBLICO,,IDENTIFICADO,PERÚ,75,FEMENINO,,NO CONDUCTOR,NO CONDUCTOR,NO,,NO,VEHICULO NO IDENTIFICADO,01/04/2023,2023,ABRIL,SÁBADO,20,ATROPELLO FUGA,EN PROCESO DE INVESTIGACIÓN,NO CUENTA CON CAUSA ESPECIFICA,AVENIDA,NO CORRESPONDE,URBANO
A-2023-04-139,V-2023-04-139-1,P-2023-04-139-1-1,LIMA,LIMA,LURIN,CONDUCTOR,ILESO,,,IDENTIFICADO,PERÚ,18,MASCULINO,SI,VIGENTE,A I,NO,,NO,AUTOMÓVIL,01/04/2023,2023,ABRIL,SÁBADO,22,ATROPELLO,IMPRUDENCIA DEL PEATÓN,CRUCE INDEBIDO POR LA CALZADA,CARRETERA NACIONAL,PE-1S,NACIONAL
A-2023-04-139,V-2023-04-139-1,P-2023-04-139-1-2,LIMA,LIMA,LURIN,PEATÓN,FALLECIDO,,EN EL LUGAR DE LOS HECHOS,NO IDENTIFICADO,,,MASCULINO,,NO CONDUCTOR,NO CONDUCTOR,NO,,NO,AUTOMÓVIL,01/04/2023,2023,ABRIL,SÁBADO,22,ATROPELLO,IMPRUDENCIA DEL PEATÓN,CRUCE INDEBIDO POR LA CALZADA,CARRETERA NACIONAL,PE-1S,NACIONAL
A-2023-04-142,V-2023-04-142-1,P-2023-04-142-1-1,LIMA,LIMA,PUNTA HERMOSA,CONDUCTOR FUGADO,NO SE CONOCE,,,NO IDENTIFICADO,PERÚ,,NO INDICA,,FUGADO,FUGADO,NO,,NO,VEHICULO NO IDENTIFICADO,02/04/2023,2023,ABRIL,DOMINGO,4,ATROPELLO FUGA,EN PROCESO DE INVESTIGACIÓN,NO CUENTA CON CAUSA ESPECIFICA,CARRETERA NACIONAL,PE-1S,NACIONAL
A-2023-04-142,V-2023-04-142-1,P-2023-04-142-1-2,LIMA,LIMA,PUNTA HERMOSA,PEATÓN,FALLECIDO,,EN EL LUGAR DE LOS HECHOS,NO IDENTIFICADO,PERÚ,,MASCULINO,,NO CONDUCTOR,NO CONDUCTOR,NO,,NO,VEHICULO NO IDENTIFICADO,02/04/2023,2023,ABRIL,DOMINGO,4,ATROPELLO FUGA,EN PROCESO DE INVESTIGACIÓN,NO CUENTA CON CAUSA ESPECIFICA,CARRETERA NACIONAL,PE-1S,NACIONAL
A-2023-04-145,V-2023-04-145-1,P-2023-04-145-1-1,LIMA,LIMA,LURIGANCHO,CONDUCTOR,ILESO,,,IDENTIFICADO,PERÚ,32,MASCULINO,SI,VIGENTE,A III C,NO,,NO,CAMIONETA RURAL,02/04/2023,2023,ABRIL,DOMINGO,7,CHOQUE FUGA,IMPRUDENCIA DEL CONDUCTOR,NO ESTABLECER EL DERECHO DE PASO,CARRETERA NACIONAL,PE-22,NACIONAL
A-2023-04-145,V-2023-04-145-2,P-2023-04-145-2-1,LIMA,LIMA,LURIGANCHO,CONDUCTOR,FALLECIDO,,EN EL LUGAR DE LOS HECHOS,IDENTIFICADO,PERÚ,25,MASCULINO,,SIN LICENCIA,SIN LICENCIA,NO,,NO,MOTOCICLETA,02/04/2023,2023,ABRIL,DOMINGO,7,CHOQUE FUGA,IMPRUDENCIA DEL CONDUCTOR,NO ESTABLECER EL DERECHO DE PASO,CARRETERA NACIONAL,PE-22,NACIONAL
A-2023-04-141,V-2023-04-141-1,P-2023-04-141-1-1,LIMA,LIMA,COMAS,CONDUCTOR,ILESO,,,IDENTIFICADO,PERÚ,43,MASCULINO,SI,VIGENTE,A III A,NO,,NO,ÓMNIBUS,02/04/2023,2023,ABRIL,DOMINGO,11,ATROPELLO,EN PROCESO DE INVESTIGACIÓN,NO CUENTA CON CAUSA ESPECIFICA,AVENIDA,NO CORRESPONDE,URBANO
A-2023-04-141,V-2023-04-141-1,P-2023-04-141-1-2,LIMA,LIMA,COMAS,PEATÓN,FALLECIDO,,EN EL LUGAR DE LOS HECHOS,IDENTIFICADO,PERÚ,1,MASCULINO,,NO CONDUCTOR,NO CONDUCTOR,NO,,NO,ÓMNIBUS,02/04/2023,2023,ABRIL,DOMINGO,11,ATROPELLO,EN PROCESO DE INVESTIGACIÓN,NO CUENTA CON CAUSA ESPECIFICA,AVENIDA,NO CORRESPONDE,URBANO
A-2023-04-147,V-2023-04-147-1,P-2023-04-147-1-1,LIMA,LIMA,MAGDALENA DEL MAR,CONDUCTOR,FALLECIDO,,EN EL LUGAR DE LOS HECHOS,IDENTIFICADO,PERÚ,48,FEMENINO,SI,VIGENTE,B I,NO,,,MOTOCICLETA,03/04/2023,2023,ABRIL,LUNES,6,CHOQUE,IMPRUDENCIA DEL CONDUCTOR,CONDUCIR EN ESTADO DE EBRIEDAD Y/O DROGADICCIÓN,OTRO,NO CORRESPONDE,URBANO
A-2023-04-147,V-2023-04-147-2,P-2023-04-147-2-1,LIMA,LIMA,MAGDALENA DEL MAR,CONDUCTOR FUGADO,NO SE CONOCE,,,NO IDENTIFICADO,PERÚ,,NO INDICA,,FUGADO,FUGADO,NO,,NO,VEHICULO NO IDENTIFICADO,03/04/2023,2023,ABRIL,LUNES,6,CHOQUE,IMPRUDENCIA DEL CONDUCTOR,CONDUCIR EN ESTADO DE EBRIEDAD Y/O DROGADICCIÓN,OTRO,NO CORRESPONDE,URBANO
A-2023-04-21,V-2023-04-21-1,P-2023-04-21-1-1,CALLAO,CALLAO,CALLAO,CONDUCTOR,ILESO,,,IDENTIFICADO,PERÚ,40,MASCULINO,SI,VIGENTE,A III B,NO,,SI,CAMIÓN,05/04/2023,2023,ABRIL,MIÉRCOLES,19,CHOQUE,IMPRUDENCIA DEL CONDUCTOR,INVASIÓN DE CARRIL,AVENIDA,NO CORRESPONDE,URBANO
A-2023-04-21,V-2023-04-21-2,P-2023-04-21-2-1,CALLAO,CALLAO,CALLAO,CONDUCTOR,FALLECIDO,,EN EL LUGAR DE LOS HECHOS,IDENTIFICADO,VENEZUELA,30,MASCULINO,,SIN LICENCIA,SIN LICENCIA,NO,,NO,MOTOCICLETA ELECTRICA,05/04/2023,2023,ABRIL,MIÉRCOLES,19,CHOQUE,IMPRUDENCIA DEL CONDUCTOR,INVASIÓN DE CARRIL,AVENIDA,NO CORRESPONDE,URBANO
A-2023-04-144,V-2023-04-144-1,P-2023-04-144-1-1,LIMA,LIMA,SAN MARTIN DE PORRES,CONDUCTOR,ILESO,,,IDENTIFICADO,PERÚ,33,MASCULINO,,SIN LICENCIA,SIN LICENCIA,NO,,NO,CAMIÓN,06/04/2023,2023,ABRIL,JUEVES,18,ATROPELLO FUGA,EN PROCESO DE INVESTIGACIÓN,NO CUENTA CON CAUSA ESPECIFICA,AVENIDA,NO CORRESPONDE,URBANO
A-2023-04-144,V-2023-04-144-1,P-2023-04-144-1-2,LIMA,LIMA,SAN MARTIN DE PORRES,PEATÓN,FALLECIDO,,EN EL LUGAR DE LOS HECHOS,IDENTIFICADO,VENEZUELA,24,MASCULINO,,NO CONDUCTOR,NO CONDUCTOR,NO,,NO,CAMIÓN,06/04/2023,2023,ABRIL,JUEVES,18,ATROPELLO FUGA,EN PROCESO DE INVESTIGACIÓN,NO CUENTA CON CAUSA ESPECIFICA,AVENIDA,NO CORRESPONDE,URBANO
A-2023-04-143,V-2023-04-143-1,P-2023-04-143-1-1,LIMA,LIMA,LURIN,CONDUCTOR FUGADO,NO SE CONOCE,,,NO IDENTIFICADO,PERÚ,,NO INDICA,,FUGADO,FUGADO,NO,,NO,VEHICULO NO IDENTIFICADO,07/04/2023,2023,ABRIL,VIERNES,2,ATROPELLO FUGA,IMPRUDENCIA DEL PEATÓN,OTRO (IMPRUDENCIA DEL PEATÓN),CARRETERA NACIONAL,PE-1S,NACIONAL
A-2023-04-143,V-2023-04-143-1,P-2023-04-143-1-2,LIMA,LIMA,LURIN,PEATÓN,FALLECIDO,,EN EL LUGAR DE LOS HECHOS,IDENTIFICADO,PERÚ,61,MASCULINO,,NO CONDUCTOR,NO CONDUCTOR,NO,,NO,VEHICULO NO IDENTIFICADO,07/04/2023,2023,ABRIL,VIERNES,2,ATROPELLO FUGA,IMPRUDENCIA DEL PEATÓN,OTRO (IMPRUDENCIA DEL PEATÓN),CARRETERA NACIONAL,PE-1S,NACIONAL
A-2023-04-151,V-2023-04-151-1,P-2023-04-151-1-1,LIMA,LIMA,EL AGUSTINO,CONDUCTOR,FALLECIDO,,EN EL LUGAR DE LOS HECHOS,IDENTIFICADO,PERÚ,29,MASCULINO,SI,VIGENTE,B I,NO,,NO,MOTOCICLETA,07/04/2023,2023,ABRIL,VIERNES,4,DESPISTE,IMPRUDENCIA DEL CONDUCTOR,OTRO (IMPRUDENCIA DEL CONDUCTOR),CARRETERA NACIONAL,PE-1N,NACIONAL
A-2023-04-151,V-2023-04-151-1,P-2023-04-151-1-2,LIMA,LIMA,EL AGUSTINO,PASAJERO,LESIONADO,CENTRO DE SALUD PÚBLICO,,IDENTIFICADO,PERÚ,25,FEMENINO,,NO CONDUCTOR,NO CONDUCTOR,NO,,NO,MOTOCICLETA,07/04/2023,2023,ABRIL,VIERNES,4,DESPISTE,IMPRUDENCIA DEL CONDUCTOR,OTRO (IMPRUDENCIA DEL CONDUCTOR),CARRETERA NACIONAL,PE-1N,NACIONAL
A-2023-04-152,V-2023-04-152-1,P-2023-04-152-1-1,LIMA,LIMA,ANCON,CONDUCTOR,ILESO,,,IDENTIFICADO,PERÚ,33,MASCULINO,SI,VIGENTE,A II B,NO,,NO,AUTOMÓVIL,08/04/2023,2023,ABRIL,SÁBADO,6,ATROPELLO,IMPRUDENCIA DEL CONDUCTOR,OTRO (IMPRUDENCIA DEL CONDUCTOR),CARRETERA NACIONAL,PE-1N,NACIONAL
A-2023-04-152,V-2023-04-152-1,P-2023-04-152-1-2,LIMA,LIMA,ANCON,PEATÓN,FALLECIDO,,EN EL LUGAR DE LOS HECHOS,IDENTIFICADO,PERÚ,55,MASCULINO,,NO CONDUCTOR,NO CONDUCTOR,NO,,NO,AUTOMÓVIL,08/04/2023,2023,ABRIL,SÁBADO,6,ATROPELLO,IMPRUDENCIA DEL CONDUCTOR,OTRO (IMPRUDENCIA DEL CONDUCTOR),CARRETERA NACIONAL,PE-1N,NACIONAL
A-2023-04-153,V-2023-04-153-1,P-2023-04-153-1-1,LIMA,LIMA,CHORRILLOS,CONDUCTOR,ILESO,,,IDENTIFICADO,PERÚ,52,MASCULINO,SI,VIGENTE,A I,NO,,NO,CAMIONETA RURAL,08/04/2023,2023,ABRIL,SÁBADO,10,ATROPELLO,IMPRUDENCIA DEL PEATÓN,OTRO (IMPRUDENCIA DEL PEATÓN),CARRETERA NACIONAL,PE-1S,NACIONAL
A-2023-04-153,V-2023-04-153-1,P-2023-04-153-1-2,LIMA,LIMA,CHORRILLOS,PEATÓN,FALLECIDO,,EN EL LUGAR DE LOS HECHOS,NO IDENTIFICADO,PERÚ,,NO INDICA,,NO CONDUCTOR,NO CONDUCTOR,NO,,NO,CAMIONETA RURAL,08/04/2023,2023,ABRIL,SÁBADO,10,ATROPELLO,IMPRUDENCIA DEL PEATÓN,OTRO (IMPRUDENCIA DEL PEATÓN),CARRETERA NACIONAL,PE-1S,NACIONAL
A-2023-04-154,V-2023-04-154-1,P-2023-04-154-1-1,LIMA,LIMA,SANTIAGO DE SURCO,CONDUCTOR,FALLECIDO,,EN EL LUGAR DE LOS HECHOS,IDENTIFICADO,VENEZUELA,30,MASCULINO,,SIN LICENCIA,SIN LICENCIA,NO,,NO,MOTOCICLETA,08/04/2023,2023,ABRIL,SÁBADO,23,DESPISTE,IMPRUDENCIA DEL CONDUCTOR,OTRO (IMPRUDENCIA DEL CONDUCTOR),AVENIDA,NO CORRESPONDE,URBANO
A-2023-04-113,V-2023-04-113-1,P-2023-04-113-1-1,CALLAO,CALLAO,CALLAO,CONDUCTOR,FALLECIDO,,EN EL LUGAR DE LOS HECHOS,IDENTIFICADO,PERÚ,24,MASCULINO,SI,VIGENTE,B II C,NO,,SI,MOTOCICLETA,09/04/2023,2023,ABRIL,DOMINGO,6,CHOQUE,IMPRUDENCIA DEL CONDUCTOR,CONDUCIR EN ESTADO DE EBRIEDAD Y/O DROGADICCIÓN,AUTOPISTA,NO CORRESPONDE,URBANO
A-2023-04-113,V-2023-04-113-2,P-2023-04-113-2-1,CALLAO,CALLAO,CALLAO,SIN CONDUCTOR,NO SE CONOCE,,,NO IDENTIFICADO,,,NO INDICA,,NO CONDUCTOR,NO CONDUCTOR,,,,REMOLCADOR,09/04/2023,2023,ABRIL,DOMINGO,6,CHOQUE,IMPRUDENCIA DEL CONDUCTOR,CONDUCIR EN ESTADO DE EBRIEDAD Y/O DROGADICCIÓN,AUTOPISTA,NO CORRESPONDE,URBANO
A-2023-04-155,V-2023-04-155-1,P-2023-04-155-1-1,LIMA,LIMA,ATE,CONDUCTOR,ILESO,,,IDENTIFICADO,PERÚ,30,MASCULINO,,VENCIDA,A I,,,,CAMIÓN,09/04/2023,2023,ABRIL,DOMINGO,17,ATROPELLO,EN PROCESO DE INVESTIGACIÓN,NO CUENTA CON CAUSA ESPECIFICA,CARRETERA NACIONAL,PE-22,NACIONAL
A-2023-04-155,V-2023-04-155-1,P-2023-04-155-1-2,LIMA,LIMA,ATE,PEATÓN,FALLECIDO,,EN EL LUGAR DE LOS HECHOS,IDENTIFICADO,PERÚ,64,MASCULINO,,NO CONDUCTOR,NO CONDUCTOR,,,,CAMIÓN,09/04/2023,2023,ABRIL,DOMINGO,17,ATROPELLO,EN PROCESO DE INVESTIGACIÓN,NO CUENTA CON CAUSA ESPECIFICA,CARRETERA NACIONAL,PE-22,NACIONAL
A-2023-04-8,V-2023-04-8-1,P-2023-04-8-1-1,CALLAO,CALLAO,MI PERU,CONDUCTOR,ILESO,,,IDENTIFICADO,PERÚ,41,MASCULINO,SI,VIGENTE,A I,NO,,SI,STATION WAGON,10/04/2023,2023,ABRIL,LUNES,10,ATROPELLO,IMPRUDENCIA DEL CONDUCTOR,OTRO (IMPRUDENCIA DEL CONDUCTOR),CARRETERA NACIONAL,PE-20,NACIONAL
A-2023-04-8,V-2023-04-8-1,P-2023-04-8-1-2,CALLAO,CALLAO,MI PERU,PEATÓN,FALLECIDO,,EN EL LUGAR DE LOS HECHOS,IDENTIFICADO,PERÚ,74,FEMENINO,,NO CONDUCTOR,NO CONDUCTOR,NO,,SI,STATION WAGON,10/04/2023,2023,ABRIL,LUNES,10,ATROPELLO,IMPRUDENCIA DEL CONDUCTOR,OTRO (IMPRUDENCIA DEL CONDUCTOR),CARRETERA NACIONAL,PE-20,NACIONAL
A-2023-04-124,V-2023-04-124-1,P-2023-04-124-1-1,CALLAO,CALLAO,CALLAO,CONDUCTOR,ILESO,,,IDENTIFICADO,PERÚ,26,MASCULINO,SI,VIGENTE,B II A,NO,,SI,MOTOCICLETA,11/04/2023,2023,ABRIL,MARTES,9,ATROPELLO,EN PROCESO DE INVESTIGACIÓN,NO CUENTA CON CAUSA ESPECIFICA,AVENIDA,NO CORRESPONDE,URBANO
A-2023-04-124,V-2023-04-124-1,P-2023-04-124-1-2,CALLAO,CALLAO,CALLAO,PEATÓN,FALLECIDO,,EN EL LUGAR DE LOS HECHOS,IDENTIFICADO,PERÚ,71,FEMENINO,,NO CONDUCTOR,NO CONDUCTOR,NO,,SI,MOTOCICLETA,11/04/2023,2023,ABRIL,MARTES,9,ATROPELLO,EN PROCESO DE INVESTIGACIÓN,NO CUENTA CON CAUSA ESPECIFICA,AVENIDA,NO CORRESPONDE,URBANO
A-2023-04-124,V-2023-04-124-1,P-2023-04-124-1-3,CALLAO,CALLAO,CALLAO,PEATÓN,LESIONADO,CENTRO DE SALUD PRIVADO,,IDENTIFICADO,PERÚ,43,MASCULINO,,NO CONDUCTOR,NO CONDUCTOR,NO,,SI,MOTOCICLETA,11/04/2023,2023,ABRIL,MARTES,9,ATROPELLO,EN PROCESO DE INVESTIGACIÓN,NO CUENTA CON CAUSA ESPECIFICA,AVENIDA,NO CORRESPONDE,URBANO
A-2023-04-156,V-2023-04-156-1,P-2023-04-156-1-1,LIMA,LIMA,VILLA EL SALVADOR,CONDUCTOR,FALLECIDO,,EN EL LUGAR DE LOS HECHOS,IDENTIFICADO,PERÚ,28,MASCULINO,,VENCIDA,B II C,,,,TRIMOTO PASAJERO,11/04/2023,2023,ABRIL,MARTES,18,CHOQUE,IMPRUDENCIA DEL CONDUCTOR,OTRO (IMPRUDENCIA DEL CONDUCTOR),AVENIDA,NO CORRESPONDE,URBANO
A-2023-04-156,V-2023-04-156-2,P-2023-04-156-2-1,LIMA,LIMA,VILLA EL SALVADOR,CONDUCTOR,ILESO,,,IDENTIFICADO,OTRO,40,MASCULINO,,SIN LICENCIA,SIN LICENCIA,,,,CAMIÓN,11/04/2023,2023,ABRIL,MARTES,18,CHOQUE,IMPRUDENCIA DEL CONDUCTOR,OTRO (IMPRUDENCIA DEL CONDUCTOR),AVENIDA,NO CORRESPONDE,URBANO
A-2023-04-171,V-2023-04-171-1,P-2023-04-171-1-1,LIMA,LIMA,LIMA,CONDUCTOR,ILESO,,,IDENTIFICADO,PERÚ,43,MASCULINO,SI,VIGENTE,A III A,NO,,NO,CAMIONETA RURAL,12/04/2023,2023,ABRIL,MIÉRCOLES,0,ATROPELLO,IMPRUDENCIA DEL CONDUCTOR,OTRO (IMPRUDENCIA DEL CONDUCTOR),AVENIDA,NO CORRESPONDE,URBANO
A-2023-04-171,V-2023-04-171-1,P-2023-04-171-1-2,LIMA,LIMA,LIMA,PEATÓN,FALLECIDO,,EN EL LUGAR DE LOS HECHOS,NO IDENTIFICADO,PERÚ,,NO INDICA,,NO CONDUCTOR,NO CONDUCTOR,NO,,NO,CAMIONETA RURAL,12/04/2023,2023,ABRIL,MIÉRCOLES,0,ATROPELLO,IMPRUDENCIA DEL CONDUCTOR,OTRO (IMPRUDENCIA DEL CONDUCTOR),AVENIDA,NO CORRESPONDE,URBANO
A-2023-04-170,V-2023-04-170-1,P-2023-04-170-1-1,LIMA,LIMA,PACHACAMAC,CONDUCTOR,FALLECIDO,,EN EL LUGAR DE LOS HECHOS,IDENTIFICADO,PERÚ,26,MASCULINO,,SIN LICENCIA,SIN LICENCIA,NO,,NO,MOTOCICLETA,12/04/2023,2023,ABRIL,MIÉRCOLES,13,DESPISTE,IMPRUDENCIA DEL CONDUCTOR,OTRO (IMPRUDENCIA DEL CONDUCTOR),CALLE,NO CORRESPONDE,URBANO
A-2023-04-185,V-2023-04-185-1,P-2023-04-185-1-1,LIMA,LIMA,PACHACAMAC,CONDUCTOR,FALLECIDO,,EN EL CENTRO DE SALUD,IDENTIFICADO,PERÚ,0,MASCULINO,,SIN LICENCIA,SIN LICENCIA,NO,,NO,MOTOCICLETA,12/04/2023,2023,ABRIL,MIÉRCOLES,13,VOLCADURA,IMPRUDENCIA DEL CONDUCTOR,EXCESO DE VELOCIDAD,CALLE,NO CORRESPONDE,URBANO
A-2023-04-157,V-2023-04-157-1,P-2023-04-157-1-1,LIMA,LIMA,SAN JUAN DE MIRAFLORES,CONDUCTOR,ILESO,,,IDENTIFICADO,PERÚ,52,MASCULINO,SI,VIGENTE,A III C,,,,ÓMNIBUS,14/04/2023,2023,ABRIL,VIERNES,23,ATROPELLO,IMPRUDENCIA DEL CONDUCTOR,OTRO (IMPRUDENCIA DEL CONDUCTOR),AVENIDA,NO CORRESPONDE,URBANO
A-2023-04-157,V-2023-04-157-1,P-2023-04-157-1-2,LIMA,LIMA,SAN JUAN DE MIRAFLORES,PEATÓN,FALLECIDO,,EN EL LUGAR DE LOS HECHOS,IDENTIFICADO,PERÚ,74,FEMENINO,,NO CONDUCTOR,NO CONDUCTOR,,,,ÓMNIBUS,14/04/2023,2023,ABRIL,VIERNES,23,ATROPELLO,IMPRUDENCIA DEL CONDUCTOR,OTRO (IMPRUDENCIA DEL CONDUCTOR),AVENIDA,NO CORRESPONDE,URBANO
A-2023-04-150,V-2023-04-150-1,P-2023-04-150-1-1,LIMA,LIMA,LA VICTORIA,CONDUCTOR,ILESO,,,IDENTIFICADO,PERÚ,46,MASCULINO,SI,VIGENTE,A III C,,,,CAMIÓN,16/04/2023,2023,ABRIL,DOMINGO,4,ATROPELLO,EN PROCESO DE INVESTIGACIÓN,NO CUENTA CON CAUSA ESPECIFICA,AVENIDA,NO CORRESPONDE,URBANO
A-2023-04-150,V-2023-04-150-1,P-2023-04-150-1-2,LIMA,LIMA,LA VICTORIA,PEATÓN,FALLECIDO,,EN EL LUGAR DE LOS HECHOS,IDENTIFICADO,PERÚ,27,MASCULINO,,NO CONDUCTOR,NO CONDUCTOR,,,,CAMIÓN,16/04/2023,2023,ABRIL,DOMINGO,4,ATROPELLO,EN PROCESO DE INVESTIGACIÓN,NO CUENTA CON CAUSA ESPECIFICA,AVENIDA,NO CORRESPONDE,URBANO
A-2023-04-149,V-2023-04-149-1,P-2023-04-149-1-1,LIMA,LIMA,LIMA,CONDUCTOR FUGADO,NO SE CONOCE,,,NO IDENTIFICADO,,,NO INDICA,,FUGADO,FUGADO,NO,,NO,VEHICULO NO IDENTIFICADO,22/04/2023,2023,ABRIL,SÁBADO,3,ATROPELLO FUGA,EN PROCESO DE INVESTIGACIÓN,NO CUENTA CON CAUSA ESPECIFICA,AVENIDA,NO CORRESPONDE,URBANO
A-2023-04-149,V-2023-04-149-1,P-2023-04-149-1-2,LIMA,LIMA,LIMA,PEATÓN,FALLECIDO,,EN EL LUGAR DE LOS HECHOS,NO IDENTIFICADO,PERÚ,,MASCULINO,,NO CONDUCTOR,NO CONDUCTOR,,,,VEHICULO NO IDENTIFICADO,22/04/2023,2023,ABRIL,SÁBADO,3,ATROPELLO FUGA,EN PROCESO DE INVESTIGACIÓN,NO CUENTA CON CAUSA ESPECIFICA,AVENIDA,NO CORRESPONDE,URBANO
A-2023-04-148,V-2023-04-148-1,P-2023-04-148-1-1,LIMA,LIMA,ATE,CONDUCTOR,ILESO,,,IDENTIFICADO,PERÚ,33,MASCULINO,SI,VIGENTE,A II B,,,,CAMIÓN,22/04/2023,2023,ABRIL,SÁBADO,9,ATROPELLO FUGA,IMPRUDENCIA DEL CONDUCTOR,OTRO (IMPRUDENCIA DEL CONDUCTOR),AVENIDA,NO CORRESPONDE,URBANO
A-2023-04-148,V-2023-04-148-1,P-2023-04-148-1-2,LIMA,LIMA,ATE,PEATÓN,FALLECIDO,,EN EL LUGAR DE LOS HECHOS,IDENTIFICADO,PERÚ,30,MASCULINO,,NO CONDUCTOR,NO CONDUCTOR,,,,CAMIÓN,22/04/2023,2023,ABRIL,SÁBADO,9,ATROPELLO FUGA,IMPRUDENCIA DEL CONDUCTOR,OTRO (IMPRUDENCIA DEL CONDUCTOR),AVENIDA,NO CORRESPONDE,URBANO
A-2023-04-146,V-2023-04-146-1,P-2023-04-146-1-1,LIMA,LIMA,SAN JUAN DE LURIGANCHO,CONDUCTOR,ILESO,,,IDENTIFICADO,PERÚ,19,MASCULINO,SI,VIGENTE,B II C,,,,MOTOCICLETA,23/04/2023,2023,ABRIL,DOMINGO,12,ATROPELLO,IMPRUDENCIA DEL CONDUCTOR,EXCESO DE VELOCIDAD,AVENIDA,NO CORRESPONDE,URBANO
A-2023-04-146,V-2023-04-146-1,P-2023-04-146-1-2,LIMA,LIMA,SAN JUAN DE LURIGANCHO,PEATÓN,FALLECIDO,,EN EL LUGAR DE LOS HECHOS,IDENTIFICADO,PERÚ,71,FEMENINO,,NO CONDUCTOR,NO CONDUCTOR,,,,MOTOCICLETA,23/04/2023,2023,ABRIL,DOMINGO,12,ATROPELLO,IMPRUDENCIA DEL CONDUCTOR,EXCESO DE VELOCIDAD,AVENIDA,NO CORRESPONDE,URBANO
A-2023-04-138,V-2023-04-138-1,P-2023-04-138-1-1,LIMA,LIMA,VILLA MARIA DEL TRIUNFO,CONDUCTOR,ILESO,,,IDENTIFICADO,PERÚ,37,MASCULINO,SI,VIGENTE,A III A,,,,ÓMNIBUS,23/04/2023,2023,ABRIL,DOMINGO,14,ATROPELLO,IMPRUDENCIA DEL CONDUCTOR,OTRO (IMPRUDENCIA DEL CONDUCTOR),AVENIDA,NO CORRESPONDE,URBANO
A-2023-04-138,V-2023-04-138-1,P-2023-04-138-1-2,LIMA,LIMA,VILLA MARIA DEL TRIUNFO,PEATÓN,FALLECIDO,,EN EL LUGAR DE LOS HECHOS,IDENTIFICADO,PERÚ,43,FEMENINO,,NO CONDUCTOR,NO CONDUCTOR,,,,ÓMNIBUS,23/04/2023,2023,ABRIL,DOMINGO,14,ATROPELLO,IMPRUDENCIA DEL CONDUCTOR,OTRO (IMPRUDENCIA DEL CONDUCTOR),AVENIDA,NO CORRESPONDE,URBANO
A-2023-04-136,V-2023-04-136-1,P-2023-04-136-1-1,LIMA,LIMA,ATE,CONDUCTOR,ILESO,,,IDENTIFICADO,PERÚ,32,MASCULINO,SI,VIGENTE,A III C,,,,AUTOMÓVIL,24/04/2023,2023,ABRIL,LUNES,4,CHOQUE,IMPRUDENCIA DEL CONDUCTOR,OTRO (IMPRUDENCIA DEL CONDUCTOR),CARRETERA NACIONAL,PE-22,NACIONAL
A-2023-04-136,V-2023-04-136-2,P-2023-04-136-2-1,LIMA,LIMA,ATE,CONDUCTOR,FALLECIDO,,EN EL LUGAR DE LOS HECHOS,IDENTIFICADO,PERÚ,72,MASCULINO,,NO CORRESPONDE,NO CORRESPONDE,,,,BICICLETA,24/04/2023,2023,ABRIL,LUNES,4,CHOQUE,IMPRUDENCIA DEL CONDUCTOR,OTRO (IMPRUDENCIA DEL CONDUCTOR),CARRETERA NACIONAL,PE-22,NACIONAL
A-2023-04-137,V-2023-04-137-1,P-2023-04-137-1-1,LIMA,LIMA,SAN MARTIN DE PORRES,CONDUCTOR,ILESO,,,IDENTIFICADO,PERÚ,34,MASCULINO,SI,VIGENTE,A I,,,,AUTOMÓVIL,24/04/2023,2023,ABRIL,LUNES,9,DESPISTE,IMPRUDENCIA DEL CONDUCTOR,OTRO (IMPRUDENCIA DEL CONDUCTOR),AVENIDA,NO CORRESPONDE,URBANO
A-2023-04-137,V-2023-04-137-1,P-2023-04-137-1-2,LIMA,LIMA,SAN MARTIN DE PORRES,PEATÓN,FALLECIDO,,EN EL LUGAR DE LOS HECHOS,IDENTIFICADO,PERÚ,62,FEMENINO,,NO CONDUCTOR,NO CONDUCTOR,,,,AUTOMÓVIL,24/04/2023,2023,ABRIL,LUNES,9,DESPISTE,IMPRUDENCIA DEL CONDUCTOR,OTRO (IMPRUDENCIA DEL CONDUCTOR),AVENIDA,NO CORRESPONDE,URBANO
A-2023-04-135,V-2023-04-135-1,P-2023-04-135-1-1,LIMA,LIMA,SANTA ANITA,CONDUCTOR,ILESO,,,IDENTIFICADO,PERÚ,49,MASCULINO,SI,VIGENTE,A II A,,,,CAMIONETA PANEL,24/04/2023,2023,ABRIL,LUNES,13,ATROPELLO,IMPRUDENCIA DEL CONDUCTOR,OTRO (IMPRUDENCIA DEL CONDUCTOR),AVENIDA,NO CORRESPONDE,URBANO
A-2023-04-135,V-2023-04-135-1,P-2023-04-135-1-2,LIMA,LIMA,SANTA ANITA,PEATÓN,FALLECIDO,,EN EL LUGAR DE LOS HECHOS,IDENTIFICADO,PERÚ,76,FEMENINO,,NO CONDUCTOR,NO CONDUCTOR,,,,CAMIONETA PANEL,24/04/2023,2023,ABRIL,LUNES,13,ATROPELLO,IMPRUDENCIA DEL CONDUCTOR,OTRO (IMPRUDENCIA DEL CONDUCTOR),AVENIDA,NO CORRESPONDE,URBANO
A-2023-04-133,V-2023-04-133-1,P-2023-04-133-1-1,LIMA,LIMA,PUNTA HERMOSA,CONDUCTOR,ILESO,,,IDENTIFICADO,PERÚ,53,MASCULINO,SI,VIGENTE,A I,,,,CAMIÓN,24/04/2023,2023,ABRIL,LUNES,16,CAÍDA DE PASAJERO,IMPRUDENCIA DEL CONDUCTOR,OTRO (IMPRUDENCIA DEL CONDUCTOR),AVENIDA,NO CORRESPONDE,URBANO
A-2023-04-133,V-2023-04-133-1,P-2023-04-133-1-2,LIMA,LIMA,PUNTA HERMOSA,PASAJERO,FALLECIDO,,CAMINO AL CENTRO DE SALUD,IDENTIFICADO,PERÚ,49,MASCULINO,,NO CONDUCTOR,NO CONDUCTOR,,,,CAMIÓN,24/04/2023,2023,ABRIL,LUNES,16,CAÍDA DE PASAJERO,IMPRUDENCIA DEL CONDUCTOR,OTRO (IMPRUDENCIA DEL CONDUCTOR),AVENIDA,NO CORRESPONDE,URBANO
A-2023-04-134,V-2023-04-134-1,P-2023-04-134-1-1,LIMA,LIMA,ATE,CONDUCTOR,ILESO,,,IDENTIFICADO,PERÚ,35,MASCULINO,SI,VIGENTE,A III B,,,,CAMIÓN,25/04/2023,2023,ABRIL,MARTES,15,CHOQUE,IMPRUDENCIA DEL CONDUCTOR,OTRO (IMPRUDENCIA DEL CONDUCTOR),AVENIDA,NO CORRESPONDE,URBANO
A-2023-04-134,V-2023-04-134-1,P-2023-04-134-1-2,LIMA,LIMA,ATE,PEATÓN,FALLECIDO,,EN EL LUGAR DE LOS HECHOS,IDENTIFICADO,PERÚ,42,FEMENINO,,NO CONDUCTOR,NO CONDUCTOR,,,,CAMIÓN,25/04/2023,2023,ABRIL,MARTES,15,CHOQUE,IMPRUDENCIA DEL CONDUCTOR,OTRO (IMPRUDENCIA DEL CONDUCTOR),AVENIDA,NO CORRESPONDE,URBANO
A-2023-04-134,V-2023-04-134-2,P-2023-04-134-2-1,LIMA,LIMA,ATE,SIN CONDUCTOR,NO SE CONOCE,,,NO IDENTIFICADO,,,NO INDICA,,NO CONDUCTOR,NO CONDUCTOR,NO,,,AUTOMÓVIL,25/04/2023,2023,ABRIL,MARTES,15,CHOQUE,IMPRUDENCIA DEL CONDUCTOR,OTRO (IMPRUDENCIA DEL CONDUCTOR),AVENIDA,NO CORRESPONDE,URBANO
A-2023-04-131,V-2023-04-131-1,P-2023-04-131-1-1,LIMA,LIMA,LURIGANCHO,CONDUCTOR FUGADO,NO SE CONOCE,,,NO IDENTIFICADO,,,NO INDICA,,FUGADO,FUGADO,,,NO,VEHICULO NO IDENTIFICADO,27/04/2023,2023,ABRIL,JUEVES,6,ATROPELLO FUGA,EN PROCESO DE INVESTIGACIÓN,NO CUENTA CON CAUSA ESPECIFICA,AVENIDA,NO CORRESPONDE,URBANO
A-2023-04-131,V-2023-04-131-1,P-2023-04-131-1-2,LIMA,LIMA,LURIGANCHO,PEATÓN,FALLECIDO,,EN EL LUGAR DE LOS HECHOS,IDENTIFICADO,PERÚ,28,MASCULINO,,NO CONDUCTOR,NO CONDUCTOR,,,,VEHICULO NO IDENTIFICADO,27/04/2023,2023,ABRIL,JUEVES,6,ATROPELLO FUGA,EN PROCESO DE INVESTIGACIÓN,NO CUENTA CON CAUSA ESPECIFICA,AVENIDA,NO CORRESPONDE,URBANO
A-2023-04-132,V-2023-04-132-1,P-2023-04-132-1-1,LIMA,LIMA,LA MOLINA,CONDUCTOR FUGADO,NO SE CONOCE,,,NO IDENTIFICADO,,,NO INDICA,,FUGADO,FUGADO,NO,,NO,VEHICULO NO IDENTIFICADO,27/04/2023,2023,ABRIL,JUEVES,10,ATROPELLO FUGA,EN PROCESO DE INVESTIGACIÓN,NO CUENTA CON CAUSA ESPECIFICA,CARRETERA NACIONAL,PE-1S,NACIONAL
A-2023-04-132,V-2023-04-132-1,P-2023-04-132-1-2,LIMA,LIMA,LA MOLINA,PEATÓN,FALLECIDO,,EN EL LUGAR DE LOS HECHOS,NO IDENTIFICADO,,,MASCULINO,,NO CONDUCTOR,NO CONDUCTOR,,,,VEHICULO NO IDENTIFICADO,27/04/2023,2023,ABRIL,JUEVES,10,ATROPELLO FUGA,EN PROCESO DE INVESTIGACIÓN,NO CUENTA CON CAUSA ESPECIFICA,CARRETERA NACIONAL,PE-1S,NACIONAL
A-2023-04-129,V-2023-04-129-1,P-2023-04-129-1-1,LIMA,LIMA,SAN JUAN DE LURIGANCHO,CONDUCTOR,ILESO,,,IDENTIFICADO,PERÚ,37,MASCULINO,SI,VIGENTE,A II B,,,,AUTOMÓVIL,27/04/2023,2023,ABRIL,JUEVES,18,ATROPELLO,IMPRUDENCIA DEL CONDUCTOR,OTRO (IMPRUDENCIA DEL CONDUCTOR),AVENIDA,NO CORRESPONDE,URBANO
A-2023-04-129,V-2023-04-129-1,P-2023-04-129-1-2,LIMA,LIMA,SAN JUAN DE LURIGANCHO,PEATÓN,FALLECIDO,,EN EL LUGAR DE LOS HECHOS,IDENTIFICADO,PERÚ,77,FEMENINO,,NO CONDUCTOR,NO CONDUCTOR,,,,AUTOMÓVIL,27/04/2023,2023,ABRIL,JUEVES,18,ATROPELLO,IMPRUDENCIA DEL CONDUCTOR,OTRO (IMPRUDENCIA DEL CONDUCTOR),AVENIDA,NO CORRESPONDE,URBANO
A-2023-04-121,V-2023-04-121-1,P-2023-04-121-1-1,LIMA,LIMA,BARRANCO,CONDUCTOR,ILESO,,,IDENTIFICADO,PERÚ,26,MASCULINO,SI,VIGENTE,A II B,,,,CAMIONETA PANEL,28/04/2023,2023,ABRIL,VIERNES,9,ATROPELLO,IMPRUDENCIA DEL CONDUCTOR,OTRO (IMPRUDENCIA DEL CONDUCTOR),AVENIDA,NO CORRESPONDE,URBANO
A-2023-04-121,V-2023-04-121-1,P-2023-04-121-1-2,LIMA,LIMA,BARRANCO,PEATÓN,FALLECIDO,,EN EL CENTRO DE SALUD,IDENTIFICADO,PERÚ,66,FEMENINO,,NO CONDUCTOR,NO CONDUCTOR,,,,CAMIONETA PANEL,28/04/2023,2023,ABRIL,VIERNES,9,ATROPELLO,IMPRUDENCIA DEL CONDUCTOR,OTRO (IMPRUDENCIA DEL CONDUCTOR),AVENIDA,NO CORRESPONDE,URBANO
A-2023-04-127,V-2023-04-127-1,P-2023-04-127-1-1,LIMA,LIMA,CARABAYLLO,CONDUCTOR,ILESO,,,IDENTIFICADO,PERÚ,44,FEMENINO,SI,VIGENTE,B II C,,,,TRIMOTO PASAJERO,29/04/2023,2023,ABRIL,SÁBADO,13,CHOQUE,EN PROCESO DE INVESTIGACIÓN,NO CUENTA CON CAUSA ESPECIFICA,AVENIDA,NO CORRESPONDE,URBANO
A-2023-04-127,V-2023-04-127-1,P-2023-04-127-1-2,LIMA,LIMA,CARABAYLLO,PEATÓN,FALLECIDO,,EN EL LUGAR DE LOS HECHOS,IDENTIFICADO,PERÚ,61,FEMENINO,,NO CONDUCTOR,NO CONDUCTOR,,,,TRIMOTO PASAJERO,29/04/2023,2023,ABRIL,SÁBADO,13,CHOQUE,EN PROCESO DE INVESTIGACIÓN,NO CUENTA CON CAUSA ESPECIFICA,AVENIDA,NO CORRESPONDE,URBANO
A-2023-04-127,V-2023-04-127-2,P-2023-04-127-2-1,LIMA,LIMA,CARABAYLLO,CONDUCTOR,ILESO,,,IDENTIFICADO,PERÚ,35,MASCULINO,SI,VIGENTE,B II C,,,,TRIMOTO PASAJERO,29/04/2023,2023,ABRIL,SÁBADO,13,CHOQUE,EN PROCESO DE INVESTIGACIÓN,NO CUENTA CON CAUSA ESPECIFICA,AVENIDA,NO CORRESPONDE,URBANO
A-2023-04-127,V-2023-04-127-2,P-2023-04-127-2-2,LIMA,LIMA,CARABAYLLO,PEATÓN,FALLECIDO,,EN EL LUGAR DE LOS HECHOS,IDENTIFICADO,PERÚ,62,MASCULINO,,NO CONDUCTOR,NO CONDUCTOR,,,,TRIMOTO PASAJERO,29/04/2023,2023,ABRIL,SÁBADO,13,CHOQUE,EN PROCESO DE INVESTIGACIÓN,NO CUENTA CON CAUSA ESPECIFICA,AVENIDA,NO CORRESPONDE,URBANO
A-2023-04-128,V-2023-04-128-1,P-2023-04-128-1-1,LIMA,LIMA,VILLA EL SALVADOR,CONDUCTOR,ILESO,,,IDENTIFICADO,PERÚ,65,MASCULINO,SI,VIGENTE,B II C,,,,MOTOCICLETA,29/04/2023,2023,ABRIL,SÁBADO,13,VOLCADURA,EN PROCESO DE INVESTIGACIÓN,NO CUENTA CON CAUSA ESPECIFICA,CARRETERA NACIONAL,PE-1S,NACIONAL
A-2023-04-128,V-2023-04-128-1,P-2023-04-128-1-2,LIMA,LIMA,VILLA EL SALVADOR,PASAJERO,FALLECIDO,,EN EL LUGAR DE LOS HECHOS,IDENTIFICADO,PERÚ,53,FEMENINO,,NO CONDUCTOR,NO CONDUCTOR,,,,MOTOCICLETA,29/04/2023,2023,ABRIL,SÁBADO,13,VOLCADURA,EN PROCESO DE INVESTIGACIÓN,NO CUENTA CON CAUSA ESPECIFICA,CARRETERA NACIONAL,PE-1S,NACIONAL
A-2023-04-122,V-2023-04-122-1,P-2023-04-122-1-1,LIMA,LIMA,MIRAFLORES,CONDUCTOR,ILESO,,,IDENTIFICADO,PERÚ,33,MASCULINO,,VIGENTE,B,,,,MOTOCICLETA,29/04/2023,2023,ABRIL,SÁBADO,16,DESPISTE,EN PROCESO DE INVESTIGACIÓN,NO CUENTA CON CAUSA ESPECIFICA,AVENIDA,NO CORRESPONDE,URBANO
A-2023-04-122,V-2023-04-122-1,P-2023-04-122-1-2,LIMA,LIMA,MIRAFLORES,PASAJERO,FALLECIDO,,EN EL CENTRO DE SALUD,IDENTIFICADO,PERÚ,24,FEMENINO,,NO CONDUCTOR,NO CONDUCTOR,,,,MOTOCICLETA,29/04/2023,2023,ABRIL,SÁBADO,16,DESPISTE,EN PROCESO DE INVESTIGACIÓN,NO CUENTA CON CAUSA ESPECIFICA,AVENIDA,NO CORRESPONDE,URBANO
A-2023-04-126,V-2023-04-126-1,P-2023-04-126-1-1,LIMA,LIMA,CARABAYLLO,CONDUCTOR,ILESO,,,IDENTIFICADO,PERÚ,39,MASCULINO,SI,VIGENTE,A I,,,,AUTOMÓVIL,30/04/2023,2023,ABRIL,DOMINGO,5,ATROPELLO,EN PROCESO DE INVESTIGACIÓN,NO CUENTA CON CAUSA ESPECIFICA,AVENIDA,NO CORRESPONDE,URBANO
A-2023-04-126,V-2023-04-126-1,P-2023-04-126-1-2,LIMA,LIMA,CARABAYLLO,PEATÓN,FALLECIDO,,EN EL LUGAR DE LOS HECHOS,NO IDENTIFICADO,PERÚ,,MASCULINO,,NO CONDUCTOR,NO CONDUCTOR,,,,AUTOMÓVIL,30/04/2023,2023,ABRIL,DOMINGO,5,ATROPELLO,EN PROCESO DE INVESTIGACIÓN,NO CUENTA CON CAUSA ESPECIFICA,AVENIDA,NO CORRESPONDE,URBANO
A-2023-04-125,V-2023-04-125-1,P-2023-04-125-1-1,LIMA,LIMA,VILLA EL SALVADOR,CONDUCTOR,ILESO,,,IDENTIFICADO,VENEZUELA,40,MASCULINO,,SIN LICENCIA,SIN LICENCIA,,,,CAMIONETA RURAL,30/04/2023,2023,ABRIL,DOMINGO,11,CHOQUE,IMPRUDENCIA DEL CONDUCTOR,EXCESO DE VELOCIDAD,AVENIDA,NO CORRESPONDE,URBANO
A-2023-04-125,V-2023-04-125-1,P-2023-04-125-1-10,LIMA,LIMA,VILLA EL SALVADOR,PASAJERO,LESIONADO,CENTRO DE SALUD PÚBLICO,,IDENTIFICADO,PERÚ,66,MASCULINO,,NO CONDUCTOR,NO CONDUCTOR,,,,CAMIONETA RURAL,30/04/2023,2023,ABRIL,DOMINGO,11,CHOQUE,IMPRUDENCIA DEL CONDUCTOR,EXCESO DE VELOCIDAD,AVENIDA,NO CORRESPONDE,URBANO
A-2023-04-125,V-2023-04-125-1,P-2023-04-125-1-11,LIMA,LIMA,VILLA EL SALVADOR,PASAJERO,LESIONADO,CENTRO DE SALUD PÚBLICO,,IDENTIFICADO,PERÚ,52,MASCULINO,,NO CONDUCTOR,NO CONDUCTOR,,,,CAMIONETA RURAL,30/04/2023,2023,ABRIL,DOMINGO,11,CHOQUE,IMPRUDENCIA DEL CONDUCTOR,EXCESO DE VELOCIDAD,AVENIDA,NO CORRESPONDE,URBANO
A-2023-04-125,V-2023-04-125-1,P-2023-04-125-1-2,LIMA,LIMA,VILLA EL SALVADOR,PASAJERO,FALLECIDO,,EN EL LUGAR DE LOS HECHOS,IDENTIFICADO,PERÚ,58,FEMENINO,,NO CONDUCTOR,NO CONDUCTOR,,,,CAMIONETA RURAL,30/04/2023,2023,ABRIL,DOMINGO,11,CHOQUE,IMPRUDENCIA DEL CONDUCTOR,EXCESO DE VELOCIDAD,AVENIDA,NO CORRESPONDE,URBANO
A-2023-04-125,V-2023-04-125-1,P-2023-04-125-1-3,LIMA,LIMA,VILLA EL SALVADOR,PASAJERO,LESIONADO,CENTRO DE SALUD PÚBLICO,,IDENTIFICADO,PERÚ,42,MASCULINO,,NO CONDUCTOR,NO CONDUCTOR,,,,CAMIONETA RURAL,30/04/2023,2023,ABRIL,DOMINGO,11,CHOQUE,IMPRUDENCIA DEL CONDUCTOR,EXCESO DE VELOCIDAD,AVENIDA,NO CORRESPONDE,URBANO
A-2023-04-125,V-2023-04-125-1,P-2023-04-125-1-4,LIMA,LIMA,VILLA EL SALVADOR,PASAJERO,LESIONADO,CENTRO DE SALUD PÚBLICO,,IDENTIFICADO,PERÚ,32,MASCULINO,,NO CONDUCTOR,NO CONDUCTOR,,,,CAMIONETA RURAL,30/04/2023,2023,ABRIL,DOMINGO,11,CHOQUE,IMPRUDENCIA DEL CONDUCTOR,EXCESO DE VELOCIDAD,AVENIDA,NO CORRESPONDE,URBANO
A-2023-04-125,V-2023-04-125-1,P-2023-04-125-1-5,LIMA,LIMA,VILLA EL SALVADOR,PASAJERO,LESIONADO,CENTRO DE SALUD PÚBLICO,,IDENTIFICADO,PERÚ,56,FEMENINO,,NO CONDUCTOR,NO CONDUCTOR,,,,CAMIONETA RURAL,30/04/2023,2023,ABRIL,DOMINGO,11,CHOQUE,IMPRUDENCIA DEL CONDUCTOR,EXCESO DE VELOCIDAD,AVENIDA,NO CORRESPONDE,URBANO
A-2023-04-125,V-2023-04-125-1,P-2023-04-125-1-6,LIMA,LIMA,VILLA EL SALVADOR,PASAJERO,LESIONADO,CENTRO DE SALUD PÚBLICO,,IDENTIFICADO,PERÚ,53,FEMENINO,,NO CONDUCTOR,NO CONDUCTOR,,,,CAMIONETA RURAL,30/04/2023,2023,ABRIL,DOMINGO,11,CHOQUE,IMPRUDENCIA DEL CONDUCTOR,EXCESO DE VELOCIDAD,AVENIDA,NO CORRESPONDE,URBANO
A-2023-04-125,V-2023-04-125-1,P-2023-04-125-1-7,LIMA,LIMA,VILLA EL SALVADOR,PASAJERO,LESIONADO,CENTRO DE SALUD PÚBLICO,,IDENTIFICADO,PERÚ,67,FEMENINO,,NO CONDUCTOR,NO CONDUCTOR,,,,CAMIONETA RURAL,30/04/2023,2023,ABRIL,DOMINGO,11,CHOQUE,IMPRUDENCIA DEL CONDUCTOR,EXCESO DE VELOCIDAD,AVENIDA,NO CORRESPONDE,URBANO
A-2023-04-125,V-2023-04-125-1,P-2023-04-125-1-8,LIMA,LIMA,VILLA EL SALVADOR,PASAJERO,LESIONADO,CENTRO DE SALUD PÚBLICO,,IDENTIFICADO,PERÚ,25,FEMENINO,,NO CONDUCTOR,NO CONDUCTOR,,,,CAMIONETA RURAL,30/04/2023,2023,ABRIL,DOMINGO,11,CHOQUE,IMPRUDENCIA DEL CONDUCTOR,EXCESO DE VELOCIDAD,AVENIDA,NO CORRESPONDE,URBANO
A-2023-04-125,V-2023-04-125-1,P-2023-04-125-1-9,LIMA,LIMA,VILLA EL SALVADOR,PASAJERO,LESIONADO,CENTRO DE SALUD PÚBLICO,,IDENTIFICADO,PERÚ,56,MASCULINO,,NO CONDUCTOR,NO CONDUCTOR,,,,CAMIONETA RURAL,30/04/2023,2023,ABRIL,DOMINGO,11,CHOQUE,IMPRUDENCIA DEL CONDUCTOR,EXCESO DE VELOCIDAD,AVENIDA,NO CORRESPONDE,URBANO
A-2023-04-125,V-2023-04-125-2,P-2023-04-125-2-1,LIMA,LIMA,VILLA EL SALVADOR,CONDUCTOR,ILESO,,,IDENTIFICADO,PERÚ,20,MASCULINO,SI,VIGENTE,A I,,,,CAMIONETA PANEL,30/04/2023,2023,ABRIL,DOMINGO,11,CHOQUE,IMPRUDENCIA DEL CONDUCTOR,EXCESO DE VELOCIDAD,AVENIDA,NO CORRESPONDE,URBANO
A-2023-04-123,V-2023-04-123-1,P-2023-04-123-1-1,LIMA,LIMA,EL AGUSTINO,CONDUCTOR,NO SE CONOCE,,,IDENTIFICADO,PERÚ,42,MASCULINO,SI,VIGENTE,A II A,,,,AUTOMÓVIL,30/04/2023,2023,ABRIL,DOMINGO,15,DESPISTE,NEGLIGENCIA DEL CONDUCTOR,OTRO (NEGLIGENCIA DEL CONDUCTOR),CARRETERA NACIONAL,PE-22,NACIONAL
A-2023-04-123,V-2023-04-123-1,P-2023-04-123-1-2,LIMA,LIMA,EL AGUSTINO,PASAJERO,FALLECIDO,,EN EL LUGAR DE LOS HECHOS,IDENTIFICADO,PERÚ,88,FEMENINO,,NO CONDUCTOR,NO CONDUCTOR,,,,AUTOMÓVIL,30/04/2023,2023,ABRIL,DOMINGO,15,DESPISTE,NEGLIGENCIA DEL CONDUCTOR,OTRO (NEGLIGENCIA DEL CONDUCTOR),CARRETERA NACIONAL,PE-22,NACIONAL
A-2023-04-123,V-2023-04-123-1,P-2023-04-123-1-3,LIMA,LIMA,EL AGUSTINO,PASAJERO,FALLECIDO,,EN EL LUGAR DE LOS HECHOS,IDENTIFICADO,PERÚ,67,MASCULINO,,NO CONDUCTOR,NO CONDUCTOR,,,,AUTOMÓVIL,30/04/2023,2023,ABRIL,DOMINGO,15,DESPISTE,NEGLIGENCIA DEL CONDUCTOR,OTRO (NEGLIGENCIA DEL CONDUCTOR),CARRETERA NACIONAL,PE-22,NACIONAL
A-2023-04-123,V-2023-04-123-1,P-2023-04-123-1-4,LIMA,LIMA,EL AGUSTINO,PASAJERO,LESIONADO,CENTRO DE SALUD PÚBLICO,,IDENTIFICADO,PERÚ,49,MASCULINO,,NO CONDUCTOR,NO CONDUCTOR,,,,AUTOMÓVIL,30/04/2023,2023,ABRIL,DOMINGO,15,DESPISTE,NEGLIGENCIA DEL CONDUCTOR,OTRO (NEGLIGENCIA DEL CONDUCTOR),CARRETERA NACIONAL,PE-22,NACIONAL
A-2023-05-140,V-2023-05-140-1,P-2023-05-140-1-1,LIMA,LIMA,SAN JUAN DE LURIGANCHO,CONDUCTOR,ILESO,,,IDENTIFICADO,PERÚ,25,MASCULINO,SI,VIGENTE,A I,,,,AUTOMÓVIL,03/05/2023,2023,MAYO,MIÉRCOLES,10,ATROPELLO,IMPRUDENCIA DEL CONDUCTOR,OTRO (IMPRUDENCIA DEL CONDUCTOR),JIRÓN,NO CORRESPONDE,URBANO
A-2023-05-140,V-2023-05-140-1,P-2023-05-140-1-2,LIMA,LIMA,SAN JUAN DE LURIGANCHO,PEATÓN,FALLECIDO,,EN EL CENTRO DE SALUD,IDENTIFICADO,PERÚ,41,MASCULINO,,NO CONDUCTOR,NO CONDUCTOR,,,,AUTOMÓVIL,03/05/2023,2023,MAYO,MIÉRCOLES,10,ATROPELLO,IMPRUDENCIA DEL CONDUCTOR,OTRO (IMPRUDENCIA DEL CONDUCTOR),JIRÓN,NO CORRESPONDE,URBANO
A-2023-05-139,V-2023-05-139-1,P-2023-05-139-1-1,LIMA,LIMA,SAN JUAN DE LURIGANCHO,CONDUCTOR,ILESO,,,IDENTIFICADO,PERÚ,31,MASCULINO,SI,VIGENTE,A II B,,,,OTRO,06/05/2023,2023,MAYO,SÁBADO,9,ATROPELLO,EN PROCESO DE INVESTIGACIÓN,NO CUENTA CON CAUSA ESPECIFICA,AVENIDA,NO CORRESPONDE,URBANO
A-2023-05-139,V-2023-05-139-1,P-2023-05-139-1-2,LIMA,LIMA,SAN JUAN DE LURIGANCHO,PEATÓN,FALLECIDO,,EN EL CENTRO DE SALUD,IDENTIFICADO,PERÚ,74,MASCULINO,,NO CONDUCTOR,NO CONDUCTOR,,,,OTRO,06/05/2023,2023,MAYO,SÁBADO,9,ATROPELLO,EN PROCESO DE INVESTIGACIÓN,NO CUENTA CON CAUSA ESPECIFICA,AVENIDA,NO CORRESPONDE,URBANO
A-2023-05-155,V-2023-05-155-1,P-2023-05-155-1-1,LIMA,LIMA,SANTIAGO DE SURCO,CONDUCTOR,ILESO,,,IDENTIFICADO,PERÚ,40,FEMENINO,SI,VIGENTE,A I,,,,AUTOMÓVIL,06/05/2023,2023,MAYO,SÁBADO,15,CHOQUE,IMPRUDENCIA DEL CONDUCTOR,OTRO (IMPRUDENCIA DEL CONDUCTOR),CARRETERA NACIONAL,PE-1S,NACIONAL
A-2023-05-155,V-2023-05-155-2,P-2023-05-155-2-1,LIMA,LIMA,SANTIAGO DE SURCO,CONDUCTOR,FALLECIDO,,EN EL LUGAR DE LOS HECHOS,IDENTIFICADO,PERÚ,22,MASCULINO,SI,VIGENTE,OTRO,NO,,NO,MOTOCICLETA,06/05/2023,2023,MAYO,SÁBADO,15,CHOQUE,IMPRUDENCIA DEL CONDUCTOR,OTRO (IMPRUDENCIA DEL CONDUCTOR),CARRETERA NACIONAL,PE-1S,NACIONAL
A-2023-05-174,V-2023-05-174-1,P-2023-05-174-1-1,LIMA,LIMA,SANTIAGO DE SURCO,CONDUCTOR,ILESO,,,IDENTIFICADO,PERÚ,40,FEMENINO,SI,VIGENTE,A I,NO,,NO,AUTOMÓVIL,06/05/2023,2023,MAYO,SÁBADO,15,CHOQUE,IMPRUDENCIA DEL CONDUCTOR,GIRAR IMPRUDENTEMENTE,CARRETERA NACIONAL,PE-1S,NACIONAL
A-2023-05-174,V-2023-05-174-2,P-2023-05-174-2-1,LIMA,LIMA,SANTIAGO DE SURCO,CONDUCTOR,FALLECIDO,,EN EL LUGAR DE LOS HECHOS,IDENTIFICADO,PERÚ,30,MASCULINO,,VENCIDA,B II C,NO,,NO,MOTOCICLETA,06/05/2023,2023,MAYO,SÁBADO,15,CHOQUE,IMPRUDENCIA DEL CONDUCTOR,GIRAR IMPRUDENTEMENTE,CARRETERA NACIONAL,PE-1S,NACIONAL
A-2023-05-138,V-2023-05-138-1,P-2023-05-138-1-1,LIMA,LIMA,INDEPENDENCIA,CONDUCTOR,ILESO,,,IDENTIFICADO,VENEZUELA,24,MASCULINO,SI,VIGENTE,B I,,,,MOTOCICLETA,06/05/2023,2023,MAYO,SÁBADO,22,ATROPELLO,EN PROCESO DE INVESTIGACIÓN,NO CUENTA CON CAUSA ESPECIFICA,AVENIDA,NO CORRESPONDE,URBANO
A-2023-05-138,V-2023-05-138-1,P-2023-05-138-1-2,LIMA,LIMA,INDEPENDENCIA,PEATÓN,FALLECIDO,,EN EL LUGAR DE LOS HECHOS,IDENTIFICADO,PERÚ,48,MASCULINO,,NO CONDUCTOR,NO CONDUCTOR,,,,MOTOCICLETA,06/05/2023,2023,MAYO,SÁBADO,22,ATROPELLO,EN PROCESO DE INVESTIGACIÓN,NO CUENTA CON CAUSA ESPECIFICA,AVENIDA,NO CORRESPONDE,URBANO
A-2023-05-137,V-2023-05-137-1,P-2023-05-137-1-1,LIMA,LIMA,LOS OLIVOS,CONDUCTOR,ILESO,,,IDENTIFICADO,PERÚ,37,MASCULINO,SI,VIGENTE,A II B,,,,STATION WAGON,07/05/2023,2023,MAYO,DOMINGO,0,CHOQUE,EN PROCESO DE INVESTIGACIÓN,NO CUENTA CON CAUSA ESPECIFICA,AVENIDA,NO CORRESPONDE,URBANO
A-2023-05-137,V-2023-05-137-2,P-2023-05-137-2-1,LIMA,LIMA,LOS OLIVOS,CONDUCTOR,ILESO,,,IDENTIFICADO,VENEZUELA,23,MASCULINO,,SIN LICENCIA,SIN LICENCIA,,,,MOTOCICLETA,07/05/2023,2023,MAYO,DOMINGO,0,CHOQUE,EN PROCESO DE INVESTIGACIÓN,NO CUENTA CON CAUSA ESPECIFICA,AVENIDA,NO CORRESPONDE,URBANO
A-2023-05-137,V-2023-05-137-2,P-2023-05-137-2-2,LIMA,LIMA,LOS OLIVOS,PASAJERO,FALLECIDO,,EN EL LUGAR DE LOS HECHOS,IDENTIFICADO,PERÚ,23,FEMENINO,,NO CONDUCTOR,NO CONDUCTOR,,,,MOTOCICLETA,07/05/2023,2023,MAYO,DOMINGO,0,CHOQUE,EN PROCESO DE INVESTIGACIÓN,NO CUENTA CON CAUSA ESPECIFICA,AVENIDA,NO CORRESPONDE,URBANO
A-2023-05-136,V-2023-05-136-1,P-2023-05-136-1-1,LIMA,LIMA,SAN BORJA,CONDUCTOR,ILESO,,,IDENTIFICADO,PERÚ,42,MASCULINO,SI,VIGENTE,A III C,,,,REMOLCADOR-SEMIREMOLQUE,08/05/2023,2023,MAYO,LUNES,5,CHOQUE,EN PROCESO DE INVESTIGACIÓN,NO CUENTA CON CAUSA ESPECIFICA,CARRETERA NACIONAL,PE-1S,NACIONAL
A-2023-05-136,V-2023-05-136-2,P-2023-05-136-2-1,LIMA,LIMA,SAN BORJA,CONDUCTOR,FALLECIDO,,EN EL LUGAR DE LOS HECHOS,IDENTIFICADO,PERÚ,66,MASCULINO,SI,VIGENTE,A III C,,,,ÓMNIBUS,08/05/2023,2023,MAYO,LUNES,5,CHOQUE,EN PROCESO DE INVESTIGACIÓN,NO CUENTA CON CAUSA ESPECIFICA,CARRETERA NACIONAL,PE-1S,NACIONAL
A-2023-05-136,V-2023-05-136-2,P-2023-05-136-2-10,LIMA,LIMA,SAN BORJA,PASAJERO,LESIONADO,CENTRO DE SALUD PÚBLICO,,IDENTIFICADO,PERÚ,49,MASCULINO,,NO CONDUCTOR,NO CONDUCTOR,,,,ÓMNIBUS,08/05/2023,2023,MAYO,LUNES,5,CHOQUE,EN PROCESO DE INVESTIGACIÓN,NO CUENTA CON CAUSA ESPECIFICA,CARRETERA NACIONAL,PE-1S,NACIONAL
A-2023-05-136,V-2023-05-136-2,P-2023-05-136-2-11,LIMA,LIMA,SAN BORJA,PASAJERO,LESIONADO,CENTRO DE SALUD PÚBLICO,,IDENTIFICADO,PERÚ,53,FEMENINO,,NO CONDUCTOR,NO CONDUCTOR,,,,ÓMNIBUS,08/05/2023,2023,MAYO,LUNES,5,CHOQUE,EN PROCESO DE INVESTIGACIÓN,NO CUENTA CON CAUSA ESPECIFICA,CARRETERA NACIONAL,PE-1S,NACIONAL
A-2023-05-136,V-2023-05-136-2,P-2023-05-136-2-12,LIMA,LIMA,SAN BORJA,PASAJERO,LESIONADO,CENTRO DE SALUD PÚBLICO,,IDENTIFICADO,PERÚ,50,FEMENINO,,NO CONDUCTOR,NO CONDUCTOR,,,,ÓMNIBUS,08/05/2023,2023,MAYO,LUNES,5,CHOQUE,EN PROCESO DE INVESTIGACIÓN,NO CUENTA CON CAUSA ESPECIFICA,CARRETERA NACIONAL,PE-1S,NACIONAL
A-2023-05-136,V-2023-05-136-2,P-2023-05-136-2-13,LIMA,LIMA,SAN BORJA,PASAJERO,LESIONADO,CENTRO DE SALUD PÚBLICO,,IDENTIFICADO,PERÚ,11,FEMENINO,,NO CONDUCTOR,NO CONDUCTOR,,,,ÓMNIBUS,08/05/2023,2023,MAYO,LUNES,5,CHOQUE,EN PROCESO DE INVESTIGACIÓN,NO CUENTA CON CAUSA ESPECIFICA,CARRETERA NACIONAL,PE-1S,NACIONAL
A-2023-05-136,V-2023-05-136-2,P-2023-05-136-2-14,LIMA,LIMA,SAN BORJA,PASAJERO,LESIONADO,CENTRO DE SALUD PÚBLICO,,IDENTIFICADO,PERÚ,77,FEMENINO,,NO CONDUCTOR,NO CONDUCTOR,,,,ÓMNIBUS,08/05/2023,2023,MAYO,LUNES,5,CHOQUE,EN PROCESO DE INVESTIGACIÓN,NO CUENTA CON CAUSA ESPECIFICA,CARRETERA NACIONAL,PE-1S,NACIONAL
A-2023-05-136,V-2023-05-136-2,P-2023-05-136-2-15,LIMA,LIMA,SAN BORJA,PASAJERO,LESIONADO,CENTRO DE SALUD PÚBLICO,,IDENTIFICADO,PERÚ,87,MASCULINO,,NO CONDUCTOR,NO CONDUCTOR,,,,ÓMNIBUS,08/05/2023,2023,MAYO,LUNES,5,CHOQUE,EN PROCESO DE INVESTIGACIÓN,NO CUENTA CON CAUSA ESPECIFICA,CARRETERA NACIONAL,PE-1S,NACIONAL
A-2023-05-136,V-2023-05-136-2,P-2023-05-136-2-16,LIMA,LIMA,SAN BORJA,PASAJERO,LESIONADO,CENTRO DE SALUD PÚBLICO,,IDENTIFICADO,PERÚ,57,FEMENINO,,NO CONDUCTOR,NO CONDUCTOR,,,,ÓMNIBUS,08/05/2023,2023,MAYO,LUNES,5,CHOQUE,EN PROCESO DE INVESTIGACIÓN,NO CUENTA CON CAUSA ESPECIFICA,CARRETERA NACIONAL,PE-1S,NACIONAL
A-2023-05-136,V-2023-05-136-2,P-2023-05-136-2-17,LIMA,LIMA,SAN BORJA,PASAJERO,LESIONADO,CENTRO DE SALUD PÚBLICO,,IDENTIFICADO,PERÚ,47,MASCULINO,,NO CONDUCTOR,NO CONDUCTOR,,,,ÓMNIBUS,08/05/2023,2023,MAYO,LUNES,5,CHOQUE,EN PROCESO DE INVESTIGACIÓN,NO CUENTA CON CAUSA ESPECIFICA,CARRETERA NACIONAL,PE-1S,NACIONAL
A-2023-05-136,V-2023-05-136-2,P-2023-05-136-2-18,LIMA,LIMA,SAN BORJA,PASAJERO,LESIONADO,CENTRO DE SALUD PÚBLICO,,IDENTIFICADO,PERÚ,32,MASCULINO,,NO CONDUCTOR,NO CONDUCTOR,,,,ÓMNIBUS,08/05/2023,2023,MAYO,LUNES,5,CHOQUE,EN PROCESO DE INVESTIGACIÓN,NO CUENTA CON CAUSA ESPECIFICA,CARRETERA NACIONAL,PE-1S,NACIONAL
A-2023-05-136,V-2023-05-136-2,P-2023-05-136-2-19,LIMA,LIMA,SAN BORJA,PASAJERO,LESIONADO,CENTRO DE SALUD PÚBLICO,,IDENTIFICADO,PERÚ,41,MASCULINO,,NO CONDUCTOR,NO CONDUCTOR,,,,ÓMNIBUS,08/05/2023,2023,MAYO,LUNES,5,CHOQUE,EN PROCESO DE INVESTIGACIÓN,NO CUENTA CON CAUSA ESPECIFICA,CARRETERA NACIONAL,PE-1S,NACIONAL
A-2023-05-136,V-2023-05-136-2,P-2023-05-136-2-2,LIMA,LIMA,SAN BORJA,PASAJERO,LESIONADO,CENTRO DE SALUD PÚBLICO,,IDENTIFICADO,PERÚ,29,FEMENINO,,NO CONDUCTOR,NO CONDUCTOR,,,,ÓMNIBUS,08/05/2023,2023,MAYO,LUNES,5,CHOQUE,EN PROCESO DE INVESTIGACIÓN,NO CUENTA CON CAUSA ESPECIFICA,CARRETERA NACIONAL,PE-1S,NACIONAL
A-2023-05-136,V-2023-05-136-2,P-2023-05-136-2-20,LIMA,LIMA,SAN BORJA,PASAJERO,LESIONADO,,,IDENTIFICADO,,41,MASCULINO,,NO CONDUCTOR,NO CONDUCTOR,,,,ÓMNIBUS,08/05/2023,2023,MAYO,LUNES,5,CHOQUE,EN PROCESO DE INVESTIGACIÓN,NO CUENTA CON CAUSA ESPECIFICA,CARRETERA NACIONAL,PE-1S,NACIONAL
A-2023-05-136,V-2023-05-136-2,P-2023-05-136-2-21,LIMA,LIMA,SAN BORJA,PASAJERO,LESIONADO,CENTRO DE SALUD PÚBLICO,,IDENTIFICADO,PERÚ,23,FEMENINO,,NO CONDUCTOR,NO CONDUCTOR,,,,ÓMNIBUS,08/05/2023,2023,MAYO,LUNES,5,CHOQUE,EN PROCESO DE INVESTIGACIÓN,NO CUENTA CON CAUSA ESPECIFICA,CARRETERA NACIONAL,PE-1S,NACIONAL
A-2023-05-136,V-2023-05-136-2,P-2023-05-136-2-22,LIMA,LIMA,SAN BORJA,PASAJERO,LESIONADO,,,IDENTIFICADO,,50,FEMENINO,,NO CONDUCTOR,NO CONDUCTOR,,,,ÓMNIBUS,08/05/2023,2023,MAYO,LUNES,5,CHOQUE,EN PROCESO DE INVESTIGACIÓN,NO CUENTA CON CAUSA ESPECIFICA,CARRETERA NACIONAL,PE-1S,NACIONAL
A-2023-05-136,V-2023-05-136-2,P-2023-05-136-2-23,LIMA,LIMA,SAN BORJA,PASAJERO,LESIONADO,CENTRO DE SALUD PÚBLICO,,IDENTIFICADO,PERÚ,33,MASCULINO,,NO CONDUCTOR,NO CONDUCTOR,,,,ÓMNIBUS,08/05/2023,2023,MAYO,LUNES,5,CHOQUE,EN PROCESO DE INVESTIGACIÓN,NO CUENTA CON CAUSA ESPECIFICA,CARRETERA NACIONAL,PE-1S,NACIONAL
A-2023-05-136,V-2023-05-136-2,P-2023-05-136-2-24,LIMA,LIMA,SAN BORJA,PASAJERO,LESIONADO,CENTRO DE SALUD PÚBLICO,,IDENTIFICADO,PERÚ,35,FEMENINO,,NO CONDUCTOR,NO CONDUCTOR,,,,ÓMNIBUS,08/05/2023,2023,MAYO,LUNES,5,CHOQUE,EN PROCESO DE INVESTIGACIÓN,NO CUENTA CON CAUSA ESPECIFICA,CARRETERA NACIONAL,PE-1S,NACIONAL
A-2023-05-136,V-2023-05-136-2,P-2023-05-136-2-25,LIMA,LIMA,SAN BORJA,PASAJERO,LESIONADO,CENTRO DE SALUD PÚBLICO,,IDENTIFICADO,PERÚ,22,MASCULINO,,NO CONDUCTOR,NO CONDUCTOR,,,,ÓMNIBUS,08/05/2023,2023,MAYO,LUNES,5,CHOQUE,EN PROCESO DE INVESTIGACIÓN,NO CUENTA CON CAUSA ESPECIFICA,CARRETERA NACIONAL,PE-1S,NACIONAL
A-2023-05-136,V-2023-05-136-2,P-2023-05-136-2-3,LIMA,LIMA,SAN BORJA,PASAJERO,LESIONADO,CENTRO DE SALUD PÚBLICO,,IDENTIFICADO,PERÚ,65,FEMENINO,,NO CONDUCTOR,NO CONDUCTOR,,,,ÓMNIBUS,08/05/2023,2023,MAYO,LUNES,5,CHOQUE,EN PROCESO DE INVESTIGACIÓN,NO CUENTA CON CAUSA ESPECIFICA,CARRETERA NACIONAL,PE-1S,NACIONAL
A-2023-05-136,V-2023-05-136-2,P-2023-05-136-2-4,LIMA,LIMA,SAN BORJA,PASAJERO,LESIONADO,CENTRO DE SALUD PÚBLICO,,IDENTIFICADO,PERÚ,45,FEMENINO,,NO CONDUCTOR,NO CONDUCTOR,,,,ÓMNIBUS,08/05/2023,2023,MAYO,LUNES,5,CHOQUE,EN PROCESO DE INVESTIGACIÓN,NO CUENTA CON CAUSA ESPECIFICA,CARRETERA NACIONAL,PE-1S,NACIONAL
A-2023-05-136,V-2023-05-136-2,P-2023-05-136-2-5,LIMA,LIMA,SAN BORJA,PASAJERO,LESIONADO,CENTRO DE SALUD PÚBLICO,,IDENTIFICADO,PERÚ,44,FEMENINO,,NO CONDUCTOR,NO CONDUCTOR,,,,ÓMNIBUS,08/05/2023,2023,MAYO,LUNES,5,CHOQUE,EN PROCESO DE INVESTIGACIÓN,NO CUENTA CON CAUSA ESPECIFICA,CARRETERA NACIONAL,PE-1S,NACIONAL
A-2023-05-136,V-2023-05-136-2,P-2023-05-136-2-6,LIMA,LIMA,SAN BORJA,PASAJERO,LESIONADO,CENTRO DE SALUD PÚBLICO,,IDENTIFICADO,PERÚ,22,FEMENINO,,NO CONDUCTOR,NO CONDUCTOR,,,,ÓMNIBUS,08/05/2023,2023,MAYO,LUNES,5,CHOQUE,EN PROCESO DE INVESTIGACIÓN,NO CUENTA CON CAUSA ESPECIFICA,CARRETERA NACIONAL,PE-1S,NACIONAL
A-2023-05-136,V-2023-05-136-2,P-2023-05-136-2-7,LIMA,LIMA,SAN BORJA,PASAJERO,LESIONADO,CENTRO DE SALUD PÚBLICO,,IDENTIFICADO,PERÚ,4,MASCULINO,,NO CONDUCTOR,NO CONDUCTOR,,,,ÓMNIBUS,08/05/2023,2023,MAYO,LUNES,5,CHOQUE,EN PROCESO DE INVESTIGACIÓN,NO CUENTA CON CAUSA ESPECIFICA,CARRETERA NACIONAL,PE-1S,NACIONAL
A-2023-05-136,V-2023-05-136-2,P-2023-05-136-2-8,LIMA,LIMA,SAN BORJA,PASAJERO,LESIONADO,CENTRO DE SALUD PÚBLICO,,IDENTIFICADO,PERÚ,64,MASCULINO,,NO CONDUCTOR,NO CONDUCTOR,,,,ÓMNIBUS,08/05/2023,2023,MAYO,LUNES,5,CHOQUE,EN PROCESO DE INVESTIGACIÓN,NO CUENTA CON CAUSA ESPECIFICA,CARRETERA NACIONAL,PE-1S,NACIONAL
A-2023-05-136,V-2023-05-136-2,P-2023-05-136-2-9,LIMA,LIMA,SAN BORJA,PASAJERO,LESIONADO,CENTRO DE SALUD PÚBLICO,,IDENTIFICADO,PERÚ,38,FEMENINO,,NO CONDUCTOR,NO CONDUCTOR,,,,ÓMNIBUS,08/05/2023,2023,MAYO,LUNES,5,CHOQUE,EN PROCESO DE INVESTIGACIÓN,NO CUENTA CON CAUSA ESPECIFICA,CARRETERA NACIONAL,PE-1S,NACIONAL
A-2023-05-135,V-2023-05-135-1,P-2023-05-135-1-1,LIMA,LIMA,VILLA EL SALVADOR,CONDUCTOR FUGADO,NO SE CONOCE,,,NO IDENTIFICADO,,,NO INDICA,,FUGADO,FUGADO,NO,,NO,VEHICULO NO IDENTIFICADO,10/05/2023,2023,MAYO,MIÉRCOLES,13,ATROPELLO FUGA,EN PROCESO DE INVESTIGACIÓN,NO CUENTA CON CAUSA ESPECIFICA,CARRETERA NACIONAL,PE-1S,NACIONAL
A-2023-05-135,V-2023-05-135-1,P-2023-05-135-1-2,LIMA,LIMA,VILLA EL SALVADOR,PEATÓN,FALLECIDO,,EN EL LUGAR DE LOS HECHOS,IDENTIFICADO,VENEZUELA,35,MASCULINO,,NO CONDUCTOR,NO CONDUCTOR,,,,VEHICULO NO IDENTIFICADO,10/05/2023,2023,MAYO,MIÉRCOLES,13,ATROPELLO FUGA,EN PROCESO DE INVESTIGACIÓN,NO CUENTA CON CAUSA ESPECIFICA,CARRETERA NACIONAL,PE-1S,NACIONAL
A-2023-05-134,V-2023-05-134-1,P-2023-05-134-1-1,LIMA,LIMA,LURIGANCHO,CONDUCTOR,ILESO,,,IDENTIFICADO,PERÚ,52,MASCULINO,SI,VIGENTE,A III C,,,,REMOLCADOR-SEMIREMOLQUE,11/05/2023,2023,MAYO,JUEVES,12,CHOQUE,IMPRUDENCIA DEL CONDUCTOR,OTRO (IMPRUDENCIA DEL CONDUCTOR),AVENIDA,NO CORRESPONDE,URBANO
A-2023-05-134,V-2023-05-134-2,P-2023-05-134-2-1,LIMA,LIMA,LURIGANCHO,CONDUCTOR,FALLECIDO,,EN EL LUGAR DE LOS HECHOS,IDENTIFICADO,PERÚ,32,MASCULINO,,VENCIDA,B II C,,,,MOTOCICLETA,11/05/2023,2023,MAYO,JUEVES,12,CHOQUE,IMPRUDENCIA DEL CONDUCTOR,OTRO (IMPRUDENCIA DEL CONDUCTOR),AVENIDA,NO CORRESPONDE,URBANO
A-2023-05-133,V-2023-05-133-1,P-2023-05-133-1-1,LIMA,LIMA,VILLA MARIA DEL TRIUNFO,CONDUCTOR,FALLECIDO,,EN EL LUGAR DE LOS HECHOS,IDENTIFICADO,PERÚ,30,MASCULINO,,VENCIDA,B II B,,,,OTRO,11/05/2023,2023,MAYO,JUEVES,18,DESPISTE,EN PROCESO DE INVESTIGACIÓN,NO CUENTA CON CAUSA ESPECIFICA,JIRÓN,NO CORRESPONDE,URBANO
A-2023-05-132,V-2023-05-132-1,P-2023-05-132-1-1,LIMA,LIMA,LURIN,CONDUCTOR,ILESO,,,IDENTIFICADO,PERÚ,49,FEMENINO,SI,VIGENTE,A I,,,,CAMIONETA RURAL,12/05/2023,2023,MAYO,VIERNES,21,ATROPELLO,IMPRUDENCIA DEL PEATÓN,OTRO (IMPRUDENCIA DEL PEATÓN),CARRETERA NACIONAL,PE-1S,NACIONAL
A-2023-05-132,V-2023-05-132-1,P-2023-05-132-1-2,LIMA,LIMA,LURIN,PEATÓN,FALLECIDO,,EN EL LUGAR DE LOS HECHOS,NO IDENTIFICADO,,,MASCULINO,,NO CONDUCTOR,NO CONDUCTOR,,,,CAMIONETA RURAL,12/05/2023,2023,MAYO,VIERNES,21,ATROPELLO,IMPRUDENCIA DEL PEATÓN,OTRO (IMPRUDENCIA DEL PEATÓN),CARRETERA NACIONAL,PE-1S,NACIONAL
A-2023-05-131,V-2023-05-131-1,P-2023-05-131-1-1,LIMA,LIMA,RIMAC,CONDUCTOR,ILESO,,,IDENTIFICADO,PERÚ,52,MASCULINO,SI,VIGENTE,A I,,,,AUTOMÓVIL,13/05/2023,2023,MAYO,SÁBADO,10,ATROPELLO,EN PROCESO DE INVESTIGACIÓN,NO CUENTA CON CAUSA ESPECIFICA,JIRÓN,NO CORRESPONDE,URBANO
A-2023-05-131,V-2023-05-131-1,P-2023-05-131-1-2,LIMA,LIMA,RIMAC,PEATÓN,FALLECIDO,,EN EL LUGAR DE LOS HECHOS,IDENTIFICADO,PERÚ,84,MASCULINO,,NO CONDUCTOR,NO CONDUCTOR,,,,AUTOMÓVIL,13/05/2023,2023,MAYO,SÁBADO,10,ATROPELLO,EN PROCESO DE INVESTIGACIÓN,NO CUENTA CON CAUSA ESPECIFICA,JIRÓN,NO CORRESPONDE,URBANO
A-2023-05-131,V-2023-05-131-1,P-2023-05-131-1-3,LIMA,LIMA,RIMAC,PEATÓN,LESIONADO,CENTRO DE SALUD PÚBLICO,,IDENTIFICADO,PERÚ,57,FEMENINO,,NO CONDUCTOR,NO CONDUCTOR,,,,AUTOMÓVIL,13/05/2023,2023,MAYO,SÁBADO,10,ATROPELLO,EN PROCESO DE INVESTIGACIÓN,NO CUENTA CON CAUSA ESPECIFICA,JIRÓN,NO CORRESPONDE,URBANO
A-2023-05-130,V-2023-05-130-1,P-2023-05-130-1-1,LIMA,LIMA,SAN MARTIN DE PORRES,CONDUCTOR,ILESO,,,IDENTIFICADO,PERÚ,42,MASCULINO,SI,VIGENTE,A I,,,,AUTOMÓVIL,14/05/2023,2023,MAYO,DOMINGO,7,ATROPELLO,EN PROCESO DE INVESTIGACIÓN,NO CUENTA CON CAUSA ESPECIFICA,AVENIDA,NO CORRESPONDE,URBANO
A-2023-05-130,V-2023-05-130-1,P-2023-05-130-1-2,LIMA,LIMA,SAN MARTIN DE PORRES,PEATÓN,FALLECIDO,,EN EL LUGAR DE LOS HECHOS,IDENTIFICADO,PERÚ,68,FEMENINO,,NO CONDUCTOR,NO CONDUCTOR,,,,AUTOMÓVIL,14/05/2023,2023,MAYO,DOMINGO,7,ATROPELLO,EN PROCESO DE INVESTIGACIÓN,NO CUENTA CON CAUSA ESPECIFICA,AVENIDA,NO CORRESPONDE,URBANO
A-2023-05-129,V-2023-05-129-1,P-2023-05-129-1-1,LIMA,LIMA,LURIN,CONDUCTOR,ILESO,,,IDENTIFICADO,PERÚ,42,MASCULINO,SI,VIGENTE,A I,,,,AUTOMÓVIL,14/05/2023,2023,MAYO,DOMINGO,16,ATROPELLO,IMPRUDENCIA DEL PEATÓN,OTRO (IMPRUDENCIA DEL PEATÓN),CARRETERA NACIONAL,PE-1S,NACIONAL
A-2023-05-129,V-2023-05-129-1,P-2023-05-129-1-2,LIMA,LIMA,LURIN,PEATÓN,FALLECIDO,,EN EL LUGAR DE LOS HECHOS,IDENTIFICADO,PERÚ,54,FEMENINO,,NO CONDUCTOR,NO CONDUCTOR,,,,AUTOMÓVIL,14/05/2023,2023,MAYO,DOMINGO,16,ATROPELLO,IMPRUDENCIA DEL PEATÓN,OTRO (IMPRUDENCIA DEL PEATÓN),CARRETERA NACIONAL,PE-1S,NACIONAL
A-2023-05-10,V-2023-05-10-1,P-2023-05-10-1-1,LIMA,LIMA,PACHACAMAC,CONDUCTOR FUGADO,NO SE CONOCE,,,NO IDENTIFICADO,,,NO INDICA,,FUGADO,FUGADO,,,,VEHICULO NO IDENTIFICADO,14/05/2023,2023,MAYO,DOMINGO,23,ATROPELLO FUGA,EN PROCESO DE INVESTIGACIÓN,NO CUENTA CON CAUSA ESPECIFICA,AVENIDA,NO CORRESPONDE,URBANO
A-2023-05-10,V-2023-05-10-1,P-2023-05-10-1-2,LIMA,LIMA,PACHACAMAC,PEATÓN,FALLECIDO,,,IDENTIFICADO,,29,MASCULINO,,NO CONDUCTOR,NO CONDUCTOR,,,,VEHICULO NO IDENTIFICADO,14/05/2023,2023,MAYO,DOMINGO,23,ATROPELLO FUGA,EN PROCESO DE INVESTIGACIÓN,NO CUENTA CON CAUSA ESPECIFICA,AVENIDA,NO CORRESPONDE,URBANO
A-2023-05-128,V-2023-05-128-1,P-2023-05-128-1-1,LIMA,LIMA,PACHACAMAC,CONDUCTOR FUGADO,NO SE CONOCE,,,NO IDENTIFICADO,,,NO INDICA,,FUGADO,FUGADO,NO,,NO,VEHICULO NO IDENTIFICADO,14/05/2023,2023,MAYO,DOMINGO,23,ATROPELLO FUGA,EN PROCESO DE INVESTIGACIÓN,NO CUENTA CON CAUSA ESPECIFICA,AVENIDA,NO CORRESPONDE,URBANO
A-2023-05-128,V-2023-05-128-1,P-2023-05-128-1-2,LIMA,LIMA,PACHACAMAC,PEATÓN,FALLECIDO,,EN EL LUGAR DE LOS HECHOS,IDENTIFICADO,PERÚ,27,MASCULINO,,NO CONDUCTOR,NO CONDUCTOR,,,,VEHICULO NO IDENTIFICADO,14/05/2023,2023,MAYO,DOMINGO,23,ATROPELLO FUGA,EN PROCESO DE INVESTIGACIÓN,NO CUENTA CON CAUSA ESPECIFICA,AVENIDA,NO CORRESPONDE,URBANO
A-2023-05-122,V-2023-05-122-1,P-2023-05-122-1-1,LIMA,LIMA,ATE,CONDUCTOR FUGADO,NO SE CONOCE,,,NO IDENTIFICADO,,,NO INDICA,,FUGADO,FUGADO,NO,,NO,VEHICULO NO IDENTIFICADO,19/05/2023,2023,MAYO,VIERNES,6,ATROPELLO FUGA,EN PROCESO DE INVESTIGACIÓN,NO CUENTA CON CAUSA ESPECIFICA,CARRETERA NACIONAL,PE-22,NACIONAL
A-2023-05-122,V-2023-05-122-1,P-2023-05-122-1-2,LIMA,LIMA,ATE,PEATÓN,FALLECIDO,,EN EL LUGAR DE LOS HECHOS,NO IDENTIFICADO,,,MASCULINO,,NO CONDUCTOR,NO CONDUCTOR,,,,VEHICULO NO IDENTIFICADO,19/05/2023,2023,MAYO,VIERNES,6,ATROPELLO FUGA,EN PROCESO DE INVESTIGACIÓN,NO CUENTA CON CAUSA ESPECIFICA,CARRETERA NACIONAL,PE-22,NACIONAL
A-2023-05-127,V-2023-05-127-1,P-2023-05-127-1-1,LIMA,LIMA,LURIGANCHO,CONDUCTOR,FALLECIDO,,EN EL LUGAR DE LOS HECHOS,IDENTIFICADO,PERÚ,22,MASCULINO,,SIN LICENCIA,SIN LICENCIA,,,,MOTOCICLETA,20/05/2023,2023,MAYO,SÁBADO,19,VOLCADURA,IMPRUDENCIA DEL CONDUCTOR,OTRO (IMPRUDENCIA DEL CONDUCTOR),CARRETERA NACIONAL,PE-22,NACIONAL
A-2023-05-126,V-2023-05-126-1,P-2023-05-126-1-1,LIMA,LIMA,LURIN,CONDUCTOR,ILESO,,,IDENTIFICADO,PERÚ,31,MASCULINO,SI,VIGENTE,A I,,,,AUTOMÓVIL,20/05/2023,2023,MAYO,SÁBADO,23,ATROPELLO,IMPRUDENCIA DEL PEATÓN,OTRO (IMPRUDENCIA DEL PEATÓN),CARRETERA NACIONAL,PE-1S,NACIONAL
A-2023-05-126,V-2023-05-126-1,P-2023-05-126-1-2,LIMA,LIMA,LURIN,PEATÓN,FALLECIDO,,EN EL LUGAR DE LOS HECHOS,NO IDENTIFICADO,,,MASCULINO,,NO CONDUCTOR,NO CONDUCTOR,,,,AUTOMÓVIL,20/05/2023,2023,MAYO,SÁBADO,23,ATROPELLO,IMPRUDENCIA DEL PEATÓN,OTRO (IMPRUDENCIA DEL PEATÓN),CARRETERA NACIONAL,PE-1S,NACIONAL
A-2023-05-125,V-2023-05-125-1,P-2023-05-125-1-1,LIMA,LIMA,LURIN,CONDUCTOR,FALLECIDO,,EN EL LUGAR DE LOS HECHOS,IDENTIFICADO,PERÚ,24,MASCULINO,SI,VIGENTE,OTRO,,,,MOTOCICLETA,21/05/2023,2023,MAYO,DOMINGO,6,DESPISTE,IMPRUDENCIA DEL CONDUCTOR,OTRO (IMPRUDENCIA DEL CONDUCTOR),CARRETERA NACIONAL,PE-1S,NACIONAL
A-2023-05-125,V-2023-05-125-2,P-2023-05-125-2-1,LIMA,LIMA,LURIN,CONDUCTOR,ILESO,,,IDENTIFICADO,PERÚ,60,MASCULINO,SI,VIGENTE,A II B,,,,AUTOMÓVIL,21/05/2023,2023,MAYO,DOMINGO,6,DESPISTE,IMPRUDENCIA DEL CONDUCTOR,OTRO (IMPRUDENCIA DEL CONDUCTOR),CARRETERA NACIONAL,PE-1S,NACIONAL
A-2023-05-124,V-2023-05-124-1,P-2023-05-124-1-1,LIMA,LIMA,SAN JUAN DE MIRAFLORES,CONDUCTOR,ILESO,,,IDENTIFICADO,PERÚ,34,MASCULINO,SI,VIGENTE,A III B,,,,REMOLCADOR-SEMIREMOLQUE,21/05/2023,2023,MAYO,DOMINGO,23,ATROPELLO,EN PROCESO DE INVESTIGACIÓN,NO CUENTA CON CAUSA ESPECIFICA,CARRETERA NACIONAL,PE-1S,NACIONAL
A-2023-05-124,V-2023-05-124-1,P-2023-05-124-1-2,LIMA,LIMA,SAN JUAN DE MIRAFLORES,PEATÓN,FALLECIDO,,EN EL LUGAR DE LOS HECHOS,NO IDENTIFICADO,PERÚ,,FEMENINO,,NO CONDUCTOR,NO CONDUCTOR,,,,REMOLCADOR-SEMIREMOLQUE,21/05/2023,2023,MAYO,DOMINGO,23,ATROPELLO,EN PROCESO DE INVESTIGACIÓN,NO CUENTA CON CAUSA ESPECIFICA,CARRETERA NACIONAL,PE-1S,NACIONAL
A-2023-05-123,V-2023-05-123-1,P-2023-05-123-1-1,LIMA,LIMA,PUENTE PIEDRA,CONDUCTOR,ILESO,,,IDENTIFICADO,PERÚ,36,MASCULINO,,VENCIDA,A II B,,,,MINIBUS,22/05/2023,2023,MAYO,LUNES,20,CHOQUE,IMPRUDENCIA DEL CONDUCTOR,OTRO (IMPRUDENCIA DEL CONDUCTOR),CARRETERA NACIONAL,PE-1N,NACIONAL
A-2023-05-123,V-2023-05-123-2,P-2023-05-123-2-1,LIMA,LIMA,PUENTE PIEDRA,CONDUCTOR,FALLECIDO,,EN EL LUGAR DE LOS HECHOS,IDENTIFICADO,PERÚ,22,MASCULINO,SI,VIGENTE,B II C,,,,TRIMOTO PASAJERO,22/05/2023,2023,MAYO,LUNES,20,CHOQUE,IMPRUDENCIA DEL CONDUCTOR,OTRO (IMPRUDENCIA DEL CONDUCTOR),CARRETERA NACIONAL,PE-1N,NACIONAL
A-2023-05-121,V-2023-05-121-1,P-2023-05-121-1-1,LIMA,LIMA,SAN JUAN DE MIRAFLORES,CONDUCTOR,ILESO,,,IDENTIFICADO,PERÚ,40,MASCULINO,SI,VIGENTE,A III C,,,,REMOLCADOR-SEMIREMOLQUE,24/05/2023,2023,MAYO,MIÉRCOLES,14,CHOQUE,IMPRUDENCIA DEL CONDUCTOR,OTRO (IMPRUDENCIA DEL CONDUCTOR),CARRETERA NACIONAL,PE-1S,NACIONAL
A-2023-05-121,V-2023-05-121-2,P-2023-05-121-2-1,LIMA,LIMA,SAN JUAN DE MIRAFLORES,CONDUCTOR,LESIONADO,OTRO,,IDENTIFICADO,VENEZUELA,22,MASCULINO,,SIN LICENCIA,SIN LICENCIA,,,,AUTOMÓVIL,24/05/2023,2023,MAYO,MIÉRCOLES,14,CHOQUE,IMPRUDENCIA DEL CONDUCTOR,OTRO (IMPRUDENCIA DEL CONDUCTOR),CARRETERA NACIONAL,PE-1S,NACIONAL
A-2023-05-121,V-2023-05-121-2,P-2023-05-121-2-2,LIMA,LIMA,SAN JUAN DE MIRAFLORES,PASAJERO,FALLECIDO,,EN EL LUGAR DE LOS HECHOS,IDENTIFICADO,PERÚ,18,MASCULINO,,NO CONDUCTOR,NO CONDUCTOR,,,,AUTOMÓVIL,24/05/2023,2023,MAYO,MIÉRCOLES,14,CHOQUE,IMPRUDENCIA DEL CONDUCTOR,OTRO (IMPRUDENCIA DEL CONDUCTOR),CARRETERA NACIONAL,PE-1S,NACIONAL
A-2023-05-121,V-2023-05-121-2,P-2023-05-121-2-3,LIMA,LIMA,SAN JUAN DE MIRAFLORES,PASAJERO,LESIONADO,OTRO,,NO IDENTIFICADO,,,MASCULINO,,NO CONDUCTOR,NO CONDUCTOR,,,,AUTOMÓVIL,24/05/2023,2023,MAYO,MIÉRCOLES,14,CHOQUE,IMPRUDENCIA DEL CONDUCTOR,OTRO (IMPRUDENCIA DEL CONDUCTOR),CARRETERA NACIONAL,PE-1S,NACIONAL
A-2023-05-154,V-2023-05-154-1,P-2023-05-154-1-1,LIMA,LIMA,CHORRILLOS,CONDUCTOR,ILESO,,,IDENTIFICADO,PERÚ,37,MASCULINO,SI,VIGENTE,A II B,NO,,NO,CAMIÓN,24/05/2023,2023,MAYO,MIÉRCOLES,17,ATROPELLO,IMPRUDENCIA DEL PEATÓN,OTRO (IMPRUDENCIA DEL PEATÓN),AVENIDA,NO CORRESPONDE,URBANO
A-2023-05-154,V-2023-05-154-1,P-2023-05-154-1-2,LIMA,LIMA,CHORRILLOS,PEATÓN,FALLECIDO,,,NO IDENTIFICADO,,,MASCULINO,,NO CONDUCTOR,NO CONDUCTOR,,,,CAMIÓN,24/05/2023,2023,MAYO,MIÉRCOLES,17,ATROPELLO,IMPRUDENCIA DEL PEATÓN,OTRO (IMPRUDENCIA DEL PEATÓN),AVENIDA,NO CORRESPONDE,URBANO
A-2023-05-173,V-2023-05-173-1,P-2023-05-173-1-1,LIMA,LIMA,CHORRILLOS,CONDUCTOR,ILESO,,,IDENTIFICADO,PERÚ,36,MASCULINO,SI,VIGENTE,A II B,SI,NEGATIVO,NO,CAMIÓN,24/05/2023,2023,MAYO,MIÉRCOLES,17,ATROPELLO,IMPRUDENCIA DEL PEATÓN,CRUCE INDEBIDO POR LA CALZADA,AVENIDA,NO CORRESPONDE,URBANO
A-2023-05-173,V-2023-05-173-1,P-2023-05-173-1-2,LIMA,LIMA,CHORRILLOS,PEATÓN,FALLECIDO,,EN EL LUGAR DE LOS HECHOS,IDENTIFICADO,PERÚ,81,MASCULINO,,NO CONDUCTOR,NO CONDUCTOR,NO,,NO,CAMIÓN,24/05/2023,2023,MAYO,MIÉRCOLES,17,ATROPELLO,IMPRUDENCIA DEL PEATÓN,CRUCE INDEBIDO POR LA CALZADA,AVENIDA,NO CORRESPONDE,URBANO
A-2023-05-107,V-2023-05-107-1,P-2023-05-107-1-1,CALLAO,CALLAO,VENTANILLA,CONDUCTOR,ILESO,,,IDENTIFICADO,,38,MASCULINO,,VIGENTE,A III A,,,,MINIBUS,26/05/2023,2023,MAYO,VIERNES,8,DESPISTE,EN PROCESO DE INVESTIGACIÓN,NO CUENTA CON CAUSA ESPECIFICA,CARRETERA NACIONAL,PE-20,NACIONAL
A-2023-05-107,V-2023-05-107-1,P-2023-05-107-1-2,CALLAO,CALLAO,VENTANILLA,PASAJERO,FALLECIDO,,,IDENTIFICADO,,39,FEMENINO,,NO CONDUCTOR,NO CONDUCTOR,,,,MINIBUS,26/05/2023,2023,MAYO,VIERNES,8,DESPISTE,EN PROCESO DE INVESTIGACIÓN,NO CUENTA CON CAUSA ESPECIFICA,CARRETERA NACIONAL,PE-20,NACIONAL
A-2023-05-107,V-2023-05-107-1,P-2023-05-107-1-3,CALLAO,CALLAO,VENTANILLA,PASAJERO,LESIONADO,,,IDENTIFICADO,,58,FEMENINO,,NO CONDUCTOR,NO CONDUCTOR,,,,MINIBUS,26/05/2023,2023,MAYO,VIERNES,8,DESPISTE,EN PROCESO DE INVESTIGACIÓN,NO CUENTA CON CAUSA ESPECIFICA,CARRETERA NACIONAL,PE-20,NACIONAL
A-2023-05-107,V-2023-05-107-1,P-2023-05-107-1-4,CALLAO,CALLAO,VENTANILLA,PASAJERO,LESIONADO,,,IDENTIFICADO,,40,MASCULINO,,NO CONDUCTOR,NO CONDUCTOR,,,,MINIBUS,26/05/2023,2023,MAYO,VIERNES,8,DESPISTE,EN PROCESO DE INVESTIGACIÓN,NO CUENTA CON CAUSA ESPECIFICA,CARRETERA NACIONAL,PE-20,NACIONAL
A-2023-05-120,V-2023-05-120-1,P-2023-05-120-1-1,LIMA,LIMA,PUEBLO LIBRE,CONDUCTOR,ILESO,,,IDENTIFICADO,ITALIA,42,MASCULINO,SI,VIGENTE,A I,,,,AUTOMÓVIL,26/05/2023,2023,MAYO,VIERNES,20,CHOQUE,EN PROCESO DE INVESTIGACIÓN,NO CUENTA CON CAUSA ESPECIFICA,AVENIDA,NO CORRESPONDE,URBANO
A-2023-05-120,V-2023-05-120-2,P-2023-05-120-2-1,LIMA,LIMA,PUEBLO LIBRE,CONDUCTOR,FALLECIDO,,EN EL LUGAR DE LOS HECHOS,IDENTIFICADO,PERÚ,21,MASCULINO,SI,VIGENTE,B I,,,,MOTOCICLETA,26/05/2023,2023,MAYO,VIERNES,20,CHOQUE,EN PROCESO DE INVESTIGACIÓN,NO CUENTA CON CAUSA ESPECIFICA,AVENIDA,NO CORRESPONDE,URBANO
A-2023-05-119,V-2023-05-119-1,P-2023-05-119-1-1,LIMA,LIMA,VILLA EL SALVADOR,CONDUCTOR,ILESO,,,IDENTIFICADO,PERÚ,34,MASCULINO,SI,VIGENTE,A I,,,,AUTOMÓVIL,26/05/2023,2023,MAYO,VIERNES,21,CHOQUE,IMPRUDENCIA DEL CONDUCTOR,OTRO (IMPRUDENCIA DEL CONDUCTOR),CARRETERA NACIONAL,PE-1S,NACIONAL
A-2023-05-119,V-2023-05-119-2,P-2023-05-119-2-1,LIMA,LIMA,VILLA EL SALVADOR,CONDUCTOR,FALLECIDO,,EN EL LUGAR DE LOS HECHOS,IDENTIFICADO,VENEZUELA,54,MASCULINO,SI,VIGENTE,A III C,,,,AUTOMÓVIL,26/05/2023,2023,MAYO,VIERNES,21,CHOQUE,IMPRUDENCIA DEL CONDUCTOR,OTRO (IMPRUDENCIA DEL CONDUCTOR),CARRETERA NACIONAL,PE-1S,NACIONAL
A-2023-05-113,V-2023-05-113-1,P-2023-05-113-1-1,LIMA,LIMA,LIMA,CONDUCTOR,ILESO,,,IDENTIFICADO,VENEZUELA,24,MASCULINO,SI,VIGENTE,B II C,,,,MOTOCICLETA,27/05/2023,2023,MAYO,SÁBADO,20,ATROPELLO,IMPRUDENCIA DEL CONDUCTOR,EXCESO DE VELOCIDAD,AVENIDA,NO CORRESPONDE,URBANO
A-2023-05-113,V-2023-05-113-1,P-2023-05-113-1-2,LIMA,LIMA,LIMA,PEATÓN,FALLECIDO,,EN EL LUGAR DE LOS HECHOS,IDENTIFICADO,PERÚ,42,MASCULINO,,NO CONDUCTOR,NO CONDUCTOR,,,,MOTOCICLETA,27/05/2023,2023,MAYO,SÁBADO,20,ATROPELLO,IMPRUDENCIA DEL CONDUCTOR,EXCESO DE VELOCIDAD,AVENIDA,NO CORRESPONDE,URBANO
A-2023-05-114,V-2023-05-114-1,P-2023-05-114-1-1,LIMA,LIMA,PUENTE PIEDRA,CONDUCTOR,ILESO,,,IDENTIFICADO,PERÚ,34,MASCULINO,,VENCIDA,A III C,,,,MINIBUS,27/05/2023,2023,MAYO,SÁBADO,20,ATROPELLO,IMPRUDENCIA DEL PEATÓN,OTRO (IMPRUDENCIA DEL PEATÓN),CARRETERA NACIONAL,PE-1N,NACIONAL
A-2023-05-114,V-2023-05-114-1,P-2023-05-114-1-2,LIMA,LIMA,PUENTE PIEDRA,PEATÓN,FALLECIDO,,EN EL LUGAR DE LOS HECHOS,IDENTIFICADO,PERÚ,49,MASCULINO,,NO CONDUCTOR,NO CONDUCTOR,,,,MINIBUS,27/05/2023,2023,MAYO,SÁBADO,20,ATROPELLO,IMPRUDENCIA DEL PEATÓN,OTRO (IMPRUDENCIA DEL PEATÓN),CARRETERA NACIONAL,PE-1N,NACIONAL
A-2023-05-112,V-2023-05-112-1,P-2023-05-112-1-1,LIMA,LIMA,SAN MARTIN DE PORRES,CONDUCTOR,FALLECIDO,,EN EL LUGAR DE LOS HECHOS,IDENTIFICADO,PERÚ,53,MASCULINO,SI,VIGENTE,A III C,,,,AUTOMÓVIL,28/05/2023,2023,MAYO,DOMINGO,5,CHOQUE CON OBJETO FIJO,EN PROCESO DE INVESTIGACIÓN,NO CUENTA CON CAUSA ESPECIFICA,CARRETERA NACIONAL,PE-1N,NACIONAL
A-2023-05-112,V-2023-05-112-1,P-2023-05-112-1-2,LIMA,LIMA,SAN MARTIN DE PORRES,PASAJERO,LESIONADO,CENTRO DE SALUD PÚBLICO,,IDENTIFICADO,PERÚ,63,FEMENINO,,NO CONDUCTOR,NO CONDUCTOR,,,,AUTOMÓVIL,28/05/2023,2023,MAYO,DOMINGO,5,CHOQUE CON OBJETO FIJO,EN PROCESO DE INVESTIGACIÓN,NO CUENTA CON CAUSA ESPECIFICA,CARRETERA NACIONAL,PE-1N,NACIONAL
A-2023-05-116,V-2023-05-116-1,P-2023-05-116-1-1,LIMA,LIMA,LURIGANCHO,CONDUCTOR,ILESO,,,IDENTIFICADO,PERÚ,22,MASCULINO,SI,VIGENTE,A II B,,,,CAMIÓN,29/05/2023,2023,MAYO,LUNES,16,ATROPELLO,IMPRUDENCIA DEL CONDUCTOR,OTRO (IMPRUDENCIA DEL CONDUCTOR),AVENIDA,NO CORRESPONDE,URBANO
A-2023-05-116,V-2023-05-116-1,P-2023-05-116-1-2,LIMA,LIMA,LURIGANCHO,PEATÓN,FALLECIDO,,EN EL LUGAR DE LOS HECHOS,IDENTIFICADO,PERÚ,2,MASCULINO,,NO CONDUCTOR,NO CONDUCTOR,NO,,,CAMIÓN,29/05/2023,2023,MAYO,LUNES,16,ATROPELLO,IMPRUDENCIA DEL CONDUCTOR,OTRO (IMPRUDENCIA DEL CONDUCTOR),AVENIDA,NO CORRESPONDE,URBANO
A-2023-05-115,V-2023-05-115-1,P-2023-05-115-1-1,LIMA,LIMA,PUEBLO LIBRE,CONDUCTOR,ILESO,,,IDENTIFICADO,PERÚ,35,MASCULINO,SI,VIGENTE,A III C,,,,ÓMNIBUS,29/05/2023,2023,MAYO,LUNES,17,ATROPELLO,IMPRUDENCIA DEL PEATÓN,OTRO (IMPRUDENCIA DEL PEATÓN),AVENIDA,NO CORRESPONDE,URBANO
A-2023-05-115,V-2023-05-115-1,P-2023-05-115-1-2,LIMA,LIMA,PUEBLO LIBRE,PEATÓN,FALLECIDO,,EN EL LUGAR DE LOS HECHOS,IDENTIFICADO,PERÚ,29,MASCULINO,,NO CONDUCTOR,NO CONDUCTOR,,,,ÓMNIBUS,29/05/2023,2023,MAYO,LUNES,17,ATROPELLO,IMPRUDENCIA DEL PEATÓN,OTRO (IMPRUDENCIA DEL PEATÓN),AVENIDA,NO CORRESPONDE,URBANO
A-2023-05-117,V-2023-05-117-1,P-2023-05-117-1-1,LIMA,LIMA,PUENTE PIEDRA,CONDUCTOR,ILESO,,,IDENTIFICADO,PERÚ,63,MASCULINO,SI,VIGENTE,A I,,,,CAMIONETA PICK UP,30/05/2023,2023,MAYO,MARTES,7,CAÍDA DE PASAJERO,EN PROCESO DE INVESTIGACIÓN,NO CUENTA CON CAUSA ESPECIFICA,CALLE,NO CORRESPONDE,URBANO
A-2023-05-117,V-2023-05-117-1,P-2023-05-117-1-2,LIMA,LIMA,PUENTE PIEDRA,PASAJERO,FALLECIDO,,EN EL CENTRO DE SALUD,IDENTIFICADO,PERÚ,11,FEMENINO,,NO CONDUCTOR,NO CONDUCTOR,NO,,NO,CAMIONETA PICK UP,30/05/2023,2023,MAYO,MARTES,7,CAÍDA DE PASAJERO,EN PROCESO DE INVESTIGACIÓN,NO CUENTA CON CAUSA ESPECIFICA,CALLE,NO CORRESPONDE,URBANO
A-2023-05-118,V-2023-05-118-1,P-2023-05-118-1-1,LIMA,LIMA,VILLA EL SALVADOR,CONDUCTOR,ILESO,,,IDENTIFICADO,PERÚ,63,MASCULINO,SI,VIGENTE,A III C,,,,MINIBUS,31/05/2023,2023,MAYO,MIÉRCOLES,19,ATROPELLO,IMPRUDENCIA DEL CONDUCTOR,OTRO (IMPRUDENCIA DEL CONDUCTOR),AVENIDA,NO CORRESPONDE,URBANO
A-2023-05-118,V-2023-05-118-1,P-2023-05-118-1-2,LIMA,LIMA,VILLA EL SALVADOR,PEATÓN,FALLECIDO,,EN EL LUGAR DE LOS HECHOS,IDENTIFICADO,PERÚ,35,FEMENINO,,NO CONDUCTOR,NO CONDUCTOR,,,,MINIBUS,31/05/2023,2023,MAYO,MIÉRCOLES,19,ATROPELLO,IMPRUDENCIA DEL CONDUCTOR,OTRO (IMPRUDENCIA DEL CONDUCTOR),AVENIDA,NO CORRESPONDE,URBANO
A-2023-06-114,V-2023-06-114-1,P-2023-06-114-1-1,LIMA,LIMA,SAN MIGUEL,CONDUCTOR,ILESO,,,IDENTIFICADO,PERÚ,57,MASCULINO,SI,VIGENTE,A I,,,,AUTOMÓVIL,01/06/2023,2023,JUNIO,JUEVES,23,DESPISTE,IMPRUDENCIA DEL CONDUCTOR,OTRO (IMPRUDENCIA DEL CONDUCTOR),OTRO,NO CORRESPONDE,URBANO
A-2023-06-114,V-2023-06-114-1,P-2023-06-114-1-2,LIMA,LIMA,SAN MIGUEL,PASAJERO,FALLECIDO,,EN EL LUGAR DE LOS HECHOS,IDENTIFICADO,PERÚ,34,FEMENINO,,NO CONDUCTOR,NO CONDUCTOR,,,,AUTOMÓVIL,01/06/2023,2023,JUNIO,JUEVES,23,DESPISTE,IMPRUDENCIA DEL CONDUCTOR,OTRO (IMPRUDENCIA DEL CONDUCTOR),OTRO,NO CORRESPONDE,URBANO
A-2023-06-114,V-2023-06-114-1,P-2023-06-114-1-3,LIMA,LIMA,SAN MIGUEL,PASAJERO,LESIONADO,CENTRO DE SALUD PÚBLICO,,IDENTIFICADO,PERÚ,85,FEMENINO,,NO CONDUCTOR,NO CONDUCTOR,,,,AUTOMÓVIL,01/06/2023,2023,JUNIO,JUEVES,23,DESPISTE,IMPRUDENCIA DEL CONDUCTOR,OTRO (IMPRUDENCIA DEL CONDUCTOR),OTRO,NO CORRESPONDE,URBANO
A-2023-06-115,V-2023-06-115-1,P-2023-06-115-1-1,LIMA,LIMA,VILLA EL SALVADOR,CONDUCTOR,FALLECIDO,,EN EL LUGAR DE LOS HECHOS,NO IDENTIFICADO,,,NO INDICA,,SIN DNI IDENTIFICADO,SIN DNI IDENTIFICADO,,,,AUTOMÓVIL,01/06/2023,2023,JUNIO,JUEVES,23,CHOQUE,IMPRUDENCIA DEL CONDUCTOR,OTRO (IMPRUDENCIA DEL CONDUCTOR),AVENIDA,NO CORRESPONDE,URBANO
A-2023-06-115,V-2023-06-115-1,P-2023-06-115-1-2,LIMA,LIMA,VILLA EL SALVADOR,PASAJERO,LESIONADO,OTRO,,IDENTIFICADO,PERÚ,29,MASCULINO,,NO CONDUCTOR,NO CONDUCTOR,,,,AUTOMÓVIL,01/06/2023,2023,JUNIO,JUEVES,23,CHOQUE,IMPRUDENCIA DEL CONDUCTOR,OTRO (IMPRUDENCIA DEL CONDUCTOR),AVENIDA,NO CORRESPONDE,URBANO
A-2023-06-115,V-2023-06-115-2,P-2023-06-115-2-1,LIMA,LIMA,VILLA EL SALVADOR,CONDUCTOR,ILESO,,,IDENTIFICADO,PERÚ,40,MASCULINO,SI,VIGENTE,A III C,,,,REMOLCADOR-SEMIREMOLQUE,01/06/2023,2023,JUNIO,JUEVES,23,CHOQUE,IMPRUDENCIA DEL CONDUCTOR,OTRO (IMPRUDENCIA DEL CONDUCTOR),AVENIDA,NO CORRESPONDE,URBANO
A-2023-06-116,V-2023-06-116-1,P-2023-06-116-1-1,LIMA,LIMA,LIMA,CONDUCTOR,ILESO,,,IDENTIFICADO,PERÚ,27,MASCULINO,SI,VIGENTE,A I,,,,CAMIONETA RURAL,03/06/2023,2023,JUNIO,SÁBADO,18,ATROPELLO,EN PROCESO DE INVESTIGACIÓN,NO CUENTA CON CAUSA ESPECIFICA,AVENIDA,NO CORRESPONDE,URBANO
A-2023-06-116,V-2023-06-116-1,P-2023-06-116-1-2,LIMA,LIMA,LIMA,PEATÓN,FALLECIDO,,EN EL CENTRO DE SALUD,IDENTIFICADO,PERÚ,85,MASCULINO,,NO CONDUCTOR,NO CONDUCTOR,,,,CAMIONETA RURAL,03/06/2023,2023,JUNIO,SÁBADO,18,ATROPELLO,EN PROCESO DE INVESTIGACIÓN,NO CUENTA CON CAUSA ESPECIFICA,AVENIDA,NO CORRESPONDE,URBANO
A-2023-06-117,V-2023-06-117-1,P-2023-06-117-1-1,LIMA,LIMA,PUCUSANA,CONDUCTOR,ILESO,,,IDENTIFICADO,VENEZUELA,26,MASCULINO,SI,VIGENTE,B I,,,,TRIMOTO PASAJERO,03/06/2023,2023,JUNIO,SÁBADO,19,ATROPELLO,EN PROCESO DE INVESTIGACIÓN,NO CUENTA CON CAUSA ESPECIFICA,AVENIDA,NO CORRESPONDE,URBANO
A-2023-06-117,V-2023-06-117-1,P-2023-06-117-1-2,LIMA,LIMA,PUCUSANA,PEATÓN,FALLECIDO,,EN EL CENTRO DE SALUD,IDENTIFICADO,PERÚ,66,MASCULINO,,NO CONDUCTOR,NO CONDUCTOR,,,,TRIMOTO PASAJERO,03/06/2023,2023,JUNIO,SÁBADO,19,ATROPELLO,EN PROCESO DE INVESTIGACIÓN,NO CUENTA CON CAUSA ESPECIFICA,AVENIDA,NO CORRESPONDE,URBANO
A-2023-06-118,V-2023-06-118-1,P-2023-06-118-1-1,LIMA,LIMA,VILLA EL SALVADOR,CONDUCTOR FUGADO,NO SE CONOCE,,,NO IDENTIFICADO,,,NO INDICA,,FUGADO,FUGADO,,,,VEHICULO NO IDENTIFICADO,04/06/2023,2023,JUNIO,DOMINGO,7,ATROPELLO FUGA,EN PROCESO DE INVESTIGACIÓN,NO CUENTA CON CAUSA ESPECIFICA,CARRETERA NACIONAL,PE-1S,NACIONAL
A-2023-06-118,V-2023-06-118-1,P-2023-06-118-1-2,LIMA,LIMA,VILLA EL SALVADOR,PEATÓN,FALLECIDO,,EN EL LUGAR DE LOS HECHOS,NO IDENTIFICADO,PERÚ,,MASCULINO,,NO CONDUCTOR,NO CONDUCTOR,,,,VEHICULO NO IDENTIFICADO,04/06/2023,2023,JUNIO,DOMINGO,7,ATROPELLO FUGA,EN PROCESO DE INVESTIGACIÓN,NO CUENTA CON CAUSA ESPECIFICA,CARRETERA NACIONAL,PE-1S,NACIONAL
A-2023-06-119,V-2023-06-119-1,P-2023-06-119-1-1,LIMA,LIMA,SANTIAGO DE SURCO,CONDUCTOR FUGADO,NO SE CONOCE,,,NO IDENTIFICADO,,,NO INDICA,,FUGADO,FUGADO,NO,,NO,VEHICULO NO IDENTIFICADO,04/06/2023,2023,JUNIO,DOMINGO,7,ATROPELLO FUGA,EN PROCESO DE INVESTIGACIÓN,NO CUENTA CON CAUSA ESPECIFICA,CARRETERA NACIONAL,PE-1S,NACIONAL
A-2023-06-119,V-2023-06-119-1,P-2023-06-119-1-2,LIMA,LIMA,SANTIAGO DE SURCO,PEATÓN,FALLECIDO,,EN EL LUGAR DE LOS HECHOS,NO IDENTIFICADO,,,MASCULINO,,NO CONDUCTOR,NO CONDUCTOR,,,,VEHICULO NO IDENTIFICADO,04/06/2023,2023,JUNIO,DOMINGO,7,ATROPELLO FUGA,EN PROCESO DE INVESTIGACIÓN,NO CUENTA CON CAUSA ESPECIFICA,CARRETERA NACIONAL,PE-1S,NACIONAL
A-2023-06-120,V-2023-06-120-1,P-2023-06-120-1-1,LIMA,LIMA,ANCON,CONDUCTOR,ILESO,,,IDENTIFICADO,PERÚ,39,MASCULINO,SI,VIGENTE,OTRO,,,,REMOLCADOR-SEMIREMOLQUE,04/06/2023,2023,JUNIO,DOMINGO,22,CHOQUE,EN PROCESO DE INVESTIGACIÓN,NO CUENTA CON CAUSA ESPECIFICA,CARRETERA NACIONAL,PE-1N,NACIONAL
A-2023-06-120,V-2023-06-120-2,P-2023-06-120-2-1,LIMA,LIMA,ANCON,CONDUCTOR,FALLECIDO,,EN EL LUGAR DE LOS HECHOS,IDENTIFICADO,PERÚ,49,MASCULINO,SI,VIGENTE,A II A,,,,AUTOMÓVIL,04/06/2023,2023,JUNIO,DOMINGO,22,CHOQUE,EN PROCESO DE INVESTIGACIÓN,NO CUENTA CON CAUSA ESPECIFICA,CARRETERA NACIONAL,PE-1N,NACIONAL
A-2023-06-121,V-2023-06-121-1,P-2023-06-121-1-1,LIMA,LIMA,SAN JUAN DE LURIGANCHO,CONDUCTOR,ILESO,,,IDENTIFICADO,PERÚ,41,MASCULINO,,VENCIDA,A II B,,,,MINIBUS,06/06/2023,2023,JUNIO,MARTES,9,CAÍDA DE PASAJERO,IMPRUDENCIA DEL CONDUCTOR,EXCESO DE VELOCIDAD,AVENIDA,NO CORRESPONDE,URBANO
A-2023-06-121,V-2023-06-121-1,P-2023-06-121-1-2,LIMA,LIMA,SAN JUAN DE LURIGANCHO,PASAJERO,FALLECIDO,,EN EL LUGAR DE LOS HECHOS,IDENTIFICADO,VENEZUELA,18,MASCULINO,,NO CONDUCTOR,NO CONDUCTOR,,,,MINIBUS,06/06/2023,2023,JUNIO,MARTES,9,CAÍDA DE PASAJERO,IMPRUDENCIA DEL CONDUCTOR,EXCESO DE VELOCIDAD,AVENIDA,NO CORRESPONDE,URBANO
A-2023-06-122,V-2023-06-122-1,P-2023-06-122-1-1,LIMA,LIMA,SURQUILLO,CONDUCTOR,ILESO,,,IDENTIFICADO,PERÚ,29,MASCULINO,SI,VIGENTE,A I,,,,AUTOMÓVIL,06/06/2023,2023,JUNIO,MARTES,20,ATROPELLO,IMPRUDENCIA DEL PEATÓN,OTRO (IMPRUDENCIA DEL PEATÓN),CALLE,NO CORRESPONDE,URBANO
A-2023-06-122,V-2023-06-122-1,P-2023-06-122-1-2,LIMA,LIMA,SURQUILLO,PEATÓN,FALLECIDO,,EN EL CENTRO DE SALUD,IDENTIFICADO,PERÚ,7,MASCULINO,,NO CONDUCTOR,NO CONDUCTOR,NO,,NO,AUTOMÓVIL,06/06/2023,2023,JUNIO,MARTES,20,ATROPELLO,IMPRUDENCIA DEL PEATÓN,OTRO (IMPRUDENCIA DEL PEATÓN),CALLE,NO CORRESPONDE,URBANO
A-2023-06-122,V-2023-06-122-1,P-2023-06-122-1-3,LIMA,LIMA,SURQUILLO,PEATÓN,LESIONADO,CENTRO DE SALUD PÚBLICO,,IDENTIFICADO,PERÚ,6,MASCULINO,,NO CONDUCTOR,NO CONDUCTOR,NO,,NO,AUTOMÓVIL,06/06/2023,2023,JUNIO,MARTES,20,ATROPELLO,IMPRUDENCIA DEL PEATÓN,OTRO (IMPRUDENCIA DEL PEATÓN),CALLE,NO CORRESPONDE,URBANO
A-2023-06-123,V-2023-06-123-1,P-2023-06-123-1-1,LIMA,LIMA,SANTIAGO DE SURCO,CONDUCTOR,FALLECIDO,,EN EL LUGAR DE LOS HECHOS,IDENTIFICADO,PERÚ,43,MASCULINO,,VENCIDA,A III B,,,,AUTOMÓVIL,07/06/2023,2023,JUNIO,MIÉRCOLES,3,CHOQUE,IMPRUDENCIA DEL CONDUCTOR,OTRO (IMPRUDENCIA DEL CONDUCTOR),CARRETERA NACIONAL,PE-1S,NACIONAL
A-2023-06-123,V-2023-06-123-1,P-2023-06-123-1-2,LIMA,LIMA,SANTIAGO DE SURCO,PASAJERO,FALLECIDO,,EN EL LUGAR DE LOS HECHOS,IDENTIFICADO,PERÚ,45,FEMENINO,,NO CONDUCTOR,NO CONDUCTOR,,,,AUTOMÓVIL,07/06/2023,2023,JUNIO,MIÉRCOLES,3,CHOQUE,IMPRUDENCIA DEL CONDUCTOR,OTRO (IMPRUDENCIA DEL CONDUCTOR),CARRETERA NACIONAL,PE-1S,NACIONAL
A-2023-06-123,V-2023-06-123-1,P-2023-06-123-1-3,LIMA,LIMA,SANTIAGO DE SURCO,PASAJERO,LESIONADO,OTRO,,IDENTIFICADO,PERÚ,68,FEMENINO,,NO CONDUCTOR,NO CONDUCTOR,,,,AUTOMÓVIL,07/06/2023,2023,JUNIO,MIÉRCOLES,3,CHOQUE,IMPRUDENCIA DEL CONDUCTOR,OTRO (IMPRUDENCIA DEL CONDUCTOR),CARRETERA NACIONAL,PE-1S,NACIONAL
A-2023-06-123,V-2023-06-123-2,P-2023-06-123-2-1,LIMA,LIMA,SANTIAGO DE SURCO,CONDUCTOR,ILESO,,,IDENTIFICADO,PERÚ,50,MASCULINO,SI,VIGENTE,A III B,,,,REMOLCADOR,07/06/2023,2023,JUNIO,MIÉRCOLES,3,CHOQUE,IMPRUDENCIA DEL CONDUCTOR,OTRO (IMPRUDENCIA DEL CONDUCTOR),CARRETERA NACIONAL,PE-1S,NACIONAL
A-2023-06-124,V-2023-06-124-1,P-2023-06-124-1-1,LIMA,LIMA,CHORRILLOS,CONDUCTOR,ILESO,,,IDENTIFICADO,PERÚ,48,MASCULINO,SI,VIGENTE,A III A,,,,MINIBUS,07/06/2023,2023,JUNIO,MIÉRCOLES,10,ATROPELLO,NEGLIGENCIA DEL CONDUCTOR,OTRO (NEGLIGENCIA DEL CONDUCTOR),AVENIDA,NO CORRESPONDE,URBANO
A-2023-06-124,V-2023-06-124-1,P-2023-06-124-1-2,LIMA,LIMA,CHORRILLOS,PEATÓN,FALLECIDO,,EN EL CENTRO DE SALUD,IDENTIFICADO,PERÚ,89,MASCULINO,,NO CONDUCTOR,NO CONDUCTOR,,,,MINIBUS,07/06/2023,2023,JUNIO,MIÉRCOLES,10,ATROPELLO,NEGLIGENCIA DEL CONDUCTOR,OTRO (NEGLIGENCIA DEL CONDUCTOR),AVENIDA,NO CORRESPONDE,URBANO
A-2023-06-125,V-2023-06-125-1,P-2023-06-125-1-1,LIMA,LIMA,SAN MARTIN DE PORRES,CONDUCTOR,FALLECIDO,,EN EL LUGAR DE LOS HECHOS,IDENTIFICADO,PERÚ,23,MASCULINO,SI,VIGENTE,B II C,,,,MOTOCICLETA,08/06/2023,2023,JUNIO,JUEVES,5,DESPISTE,EN PROCESO DE INVESTIGACIÓN,NO CUENTA CON CAUSA ESPECIFICA,AVENIDA,NO CORRESPONDE,URBANO
A-2023-06-126,V-2023-06-126-1,P-2023-06-126-1-1,LIMA,LIMA,MIRAFLORES,CONDUCTOR,ILESO,,,IDENTIFICADO,PERÚ,46,MASCULINO,SI,VIGENTE,A II A,,,,AUTOMÓVIL,08/06/2023,2023,JUNIO,JUEVES,8,ATROPELLO,IMPRUDENCIA DEL CONDUCTOR,OTRO (IMPRUDENCIA DEL CONDUCTOR),AVENIDA,NO CORRESPONDE,URBANO
A-2023-06-126,V-2023-06-126-1,P-2023-06-126-1-2,LIMA,LIMA,MIRAFLORES,PEATÓN,FALLECIDO,,EN EL CENTRO DE SALUD,IDENTIFICADO,PERÚ,55,FEMENINO,,NO CONDUCTOR,NO CONDUCTOR,,,,AUTOMÓVIL,08/06/2023,2023,JUNIO,JUEVES,8,ATROPELLO,IMPRUDENCIA DEL CONDUCTOR,OTRO (IMPRUDENCIA DEL CONDUCTOR),AVENIDA,NO CORRESPONDE,URBANO
A-2023-06-86,V-2023-06-86-1,P-2023-06-86-1-1,CALLAO,CALLAO,CALLAO,CONDUCTOR,ILESO,,,IDENTIFICADO,PERÚ,44,MASCULINO,SI,VIGENTE,A III C,NO,,SI,REMOLCADOR-SEMIREMOLQUE,08/06/2023,2023,JUNIO,JUEVES,18,ATROPELLO,IMPRUDENCIA DEL PEATÓN,OTRO (IMPRUDENCIA DEL PEATÓN),CARRETERA NACIONAL,PE-20,NACIONAL
A-2023-06-86,V-2023-06-86-1,P-2023-06-86-1-2,CALLAO,CALLAO,CALLAO,PEATÓN,FALLECIDO,,EN EL LUGAR DE LOS HECHOS,IDENTIFICADO,PERÚ,46,MASCULINO,,NO CONDUCTOR,NO CONDUCTOR,NO,,SI,REMOLCADOR-SEMIREMOLQUE,08/06/2023,2023,JUNIO,JUEVES,18,ATROPELLO,IMPRUDENCIA DEL PEATÓN,OTRO (IMPRUDENCIA DEL PEATÓN),CARRETERA NACIONAL,PE-20,NACIONAL
A-2023-06-127,V-2023-06-127-1,P-2023-06-127-1-1,LIMA,LIMA,JESUS MARIA,CONDUCTOR,ILESO,,,IDENTIFICADO,VENEZUELA,38,MASCULINO,SI,VIGENTE,A III C,,,,ÓMNIBUS,09/06/2023,2023,JUNIO,VIERNES,16,CHOQUE,EN PROCESO DE INVESTIGACIÓN,NO CUENTA CON CAUSA ESPECIFICA,AVENIDA,NO CORRESPONDE,URBANO
A-2023-06-127,V-2023-06-127-2,P-2023-06-127-2-1,LIMA,LIMA,JESUS MARIA,CONDUCTOR,FALLECIDO,,EN EL LUGAR DE LOS HECHOS,IDENTIFICADO,PERÚ,78,FEMENINO,SI,VIGENTE,A I,,,,AUTOMÓVIL,09/06/2023,2023,JUNIO,VIERNES,16,CHOQUE,EN PROCESO DE INVESTIGACIÓN,NO CUENTA CON CAUSA ESPECIFICA,AVENIDA,NO CORRESPONDE,URBANO
A-2023-06-127,V-2023-06-127-2,P-2023-06-127-2-2,LIMA,LIMA,JESUS MARIA,PASAJERO,FALLECIDO,,EN EL LUGAR DE LOS HECHOS,IDENTIFICADO,PERÚ,94,FEMENINO,,NO CONDUCTOR,NO CONDUCTOR,,,,AUTOMÓVIL,09/06/2023,2023,JUNIO,VIERNES,16,CHOQUE,EN PROCESO DE INVESTIGACIÓN,NO CUENTA CON CAUSA ESPECIFICA,AVENIDA,NO CORRESPONDE,URBANO
A-2023-06-128,V-2023-06-128-1,P-2023-06-128-1-1,LIMA,LIMA,SAN BORJA,CONDUCTOR,ILESO,,,IDENTIFICADO,,41,MASCULINO,,VIGENTE,A III C,,,,ÓMNIBUS,10/06/2023,2023,JUNIO,SÁBADO,7,CHOQUE,EN PROCESO DE INVESTIGACIÓN,NO CUENTA CON CAUSA ESPECIFICA,AVENIDA,NO CORRESPONDE,URBANO
A-2023-06-128,V-2023-06-128-1,P-2023-06-128-1-2,LIMA,LIMA,SAN BORJA,PASAJERO,LESIONADO,,,IDENTIFICADO,,27,MASCULINO,,NO CONDUCTOR,NO CONDUCTOR,,,,ÓMNIBUS,10/06/2023,2023,JUNIO,SÁBADO,7,CHOQUE,EN PROCESO DE INVESTIGACIÓN,NO CUENTA CON CAUSA ESPECIFICA,AVENIDA,NO CORRESPONDE,URBANO
A-2023-06-128,V-2023-06-128-2,P-2023-06-128-2-1,LIMA,LIMA,SAN BORJA,CONDUCTOR,FALLECIDO,,,IDENTIFICADO,,46,MASCULINO,,VENCIDA,A II B,,,,CAMIÓN,10/06/2023,2023,JUNIO,SÁBADO,7,CHOQUE,EN PROCESO DE INVESTIGACIÓN,NO CUENTA CON CAUSA ESPECIFICA,AVENIDA,NO CORRESPONDE,URBANO
A-2023-06-131,V-2023-06-131-1,P-2023-06-131-1-1,LIMA,LIMA,ATE,CONDUCTOR FUGADO,NO SE CONOCE,,,NO IDENTIFICADO,,,NO INDICA,,FUGADO,FUGADO,,,,CAMIONETA RURAL,10/06/2023,2023,JUNIO,SÁBADO,20,ATROPELLO FUGA,EN PROCESO DE INVESTIGACIÓN,NO CUENTA CON CAUSA ESPECIFICA,CARRETERA NACIONAL,PE-22,NACIONAL
A-2023-06-131,V-2023-06-131-1,P-2023-06-131-1-2,LIMA,LIMA,ATE,PEATÓN,FALLECIDO,,EN EL LUGAR DE LOS HECHOS,IDENTIFICADO,PERÚ,33,MASCULINO,,NO CONDUCTOR,NO CONDUCTOR,,,,CAMIONETA RURAL,10/06/2023,2023,JUNIO,SÁBADO,20,ATROPELLO FUGA,EN PROCESO DE INVESTIGACIÓN,NO CUENTA CON CAUSA ESPECIFICA,CARRETERA NACIONAL,PE-22,NACIONAL
A-2023-06-129,V-2023-06-129-1,P-2023-06-129-1-1,LIMA,LIMA,ANCON,CONDUCTOR,ILESO,,,IDENTIFICADO,PERÚ,28,MASCULINO,SI,VIGENTE,A I,,,,AUTOMÓVIL,10/06/2023,2023,JUNIO,SÁBADO,23,ATROPELLO,IMPRUDENCIA DEL PEATÓN,OTRO (IMPRUDENCIA DEL PEATÓN),CARRETERA NACIONAL,PE-1N,NACIONAL
A-2023-06-129,V-2023-06-129-1,P-2023-06-129-1-2,LIMA,LIMA,ANCON,PEATÓN,FALLECIDO,,EN EL LUGAR DE LOS HECHOS,IDENTIFICADO,PERÚ,39,FEMENINO,,NO CONDUCTOR,NO CONDUCTOR,,,,AUTOMÓVIL,10/06/2023,2023,JUNIO,SÁBADO,23,ATROPELLO,IMPRUDENCIA DEL PEATÓN,OTRO (IMPRUDENCIA DEL PEATÓN),CARRETERA NACIONAL,PE-1N,NACIONAL
A-2023-06-132,V-2023-06-132-1,P-2023-06-132-1-1,LIMA,LIMA,SURQUILLO,CONDUCTOR,FALLECIDO,,EN EL LUGAR DE LOS HECHOS,IDENTIFICADO,PERÚ,29,MASCULINO,,VENCIDA,B II C,,,,MOTOCICLETA,11/06/2023,2023,JUNIO,DOMINGO,5,VOLCADURA,EN PROCESO DE INVESTIGACIÓN,NO CUENTA CON CAUSA ESPECIFICA,AVENIDA,NO CORRESPONDE,URBANO
A-2023-06-84,V-2023-06-84-1,P-2023-06-84-1-1,CALLAO,CALLAO,CALLAO,CONDUCTOR,ILESO,,,IDENTIFICADO,PERÚ,,MASCULINO,SI,VIGENTE,A I,NO,,SI,AUTOMÓVIL,11/06/2023,2023,JUNIO,DOMINGO,10,CHOQUE,IMPRUDENCIA DEL CONDUCTOR,CONDUCIR EN ESTADO DE EBRIEDAD Y/O DROGADICCIÓN,AVENIDA,NO CORRESPONDE,URBANO
A-2023-06-84,V-2023-06-84-2,P-2023-06-84-2-1,CALLAO,CALLAO,CALLAO,CONDUCTOR,ILESO,,,IDENTIFICADO,PERÚ,46,FEMENINO,SI,VIGENTE,A I,NO,,SI,AUTOMÓVIL,11/06/2023,2023,JUNIO,DOMINGO,10,CHOQUE,IMPRUDENCIA DEL CONDUCTOR,CONDUCIR EN ESTADO DE EBRIEDAD Y/O DROGADICCIÓN,AVENIDA,NO CORRESPONDE,URBANO
A-2023-06-84,V-2023-06-84-2,P-2023-06-84-2-2,CALLAO,CALLAO,CALLAO,PEATÓN,FALLECIDO,,EN EL LUGAR DE LOS HECHOS,IDENTIFICADO,PERÚ,48,FEMENINO,,NO CONDUCTOR,NO CONDUCTOR,NO,,SI,AUTOMÓVIL,11/06/2023,2023,JUNIO,DOMINGO,10,CHOQUE,IMPRUDENCIA DEL CONDUCTOR,CONDUCIR EN ESTADO DE EBRIEDAD Y/O DROGADICCIÓN,AVENIDA,NO CORRESPONDE,URBANO
A-2023-06-133,V-2023-06-133-1,P-2023-06-133-1-1,LIMA,LIMA,CHACLACAYO,CONDUCTOR,ILESO,,,IDENTIFICADO,PERÚ,62,MASCULINO,SI,VIGENTE,A II A,,,,AUTOMÓVIL,12/06/2023,2023,JUNIO,LUNES,0,ATROPELLO,IMPRUDENCIA DEL PEATÓN,OTRO (IMPRUDENCIA DEL PEATÓN),CARRETERA NACIONAL,PE-22,NACIONAL
A-2023-06-133,V-2023-06-133-1,P-2023-06-133-1-2,LIMA,LIMA,CHACLACAYO,PEATÓN,FALLECIDO,,EN EL LUGAR DE LOS HECHOS,IDENTIFICADO,PERÚ,33,MASCULINO,,NO CONDUCTOR,NO CONDUCTOR,,,,AUTOMÓVIL,12/06/2023,2023,JUNIO,LUNES,0,ATROPELLO,IMPRUDENCIA DEL PEATÓN,OTRO (IMPRUDENCIA DEL PEATÓN),CARRETERA NACIONAL,PE-22,NACIONAL
A-2023-06-135,V-2023-06-135-1,P-2023-06-135-1-1,LIMA,LIMA,LIMA,CONDUCTOR,ILESO,,,IDENTIFICADO,PERÚ,37,MASCULINO,SI,VIGENTE,A III C,,,,ÓMNIBUS,12/06/2023,2023,JUNIO,LUNES,6,CAÍDA DE PASAJERO,EN PROCESO DE INVESTIGACIÓN,NO CUENTA CON CAUSA ESPECIFICA,AVENIDA,NO CORRESPONDE,URBANO
A-2023-06-135,V-2023-06-135-1,P-2023-06-135-1-2,LIMA,LIMA,LIMA,PASAJERO,FALLECIDO,,EN EL LUGAR DE LOS HECHOS,IDENTIFICADO,PERÚ,49,MASCULINO,,NO CONDUCTOR,NO CONDUCTOR,,,,ÓMNIBUS,12/06/2023,2023,JUNIO,LUNES,6,CAÍDA DE PASAJERO,EN PROCESO DE INVESTIGACIÓN,NO CUENTA CON CAUSA ESPECIFICA,AVENIDA,NO CORRESPONDE,URBANO
A-2023-06-134,V-2023-06-134-1,P-2023-06-134-1-1,LIMA,LIMA,SAN MARTIN DE PORRES,CONDUCTOR,ILESO,,,IDENTIFICADO,PERÚ,30,FEMENINO,SI,VIGENTE,A I,,,,AUTOMÓVIL,12/06/2023,2023,JUNIO,LUNES,20,ATROPELLO,EN PROCESO DE INVESTIGACIÓN,NO CUENTA CON CAUSA ESPECIFICA,CARRETERA NACIONAL,PE-1N,NACIONAL
A-2023-06-134,V-2023-06-134-1,P-2023-06-134-1-2,LIMA,LIMA,SAN MARTIN DE PORRES,PEATÓN,FALLECIDO,,EN EL LUGAR DE LOS HECHOS,IDENTIFICADO,PERÚ,37,MASCULINO,,NO CONDUCTOR,NO CONDUCTOR,,,,AUTOMÓVIL,12/06/2023,2023,JUNIO,LUNES,20,ATROPELLO,EN PROCESO DE INVESTIGACIÓN,NO CUENTA CON CAUSA ESPECIFICA,CARRETERA NACIONAL,PE-1N,NACIONAL
A-2023-06-92,V-2023-06-92-1,P-2023-06-92-1-1,CALLAO,CALLAO,CALLAO,CONDUCTOR,ILESO,,,IDENTIFICADO,PERÚ,44,MASCULINO,SI,VIGENTE,A III B,NO,,SI,REMOLCADOR-SEMIREMOLQUE,13/06/2023,2023,JUNIO,MARTES,9,CHOQUE,EN PROCESO DE INVESTIGACIÓN,NO CUENTA CON CAUSA ESPECIFICA,CARRETERA NACIONAL,PE-20,NACIONAL
A-2023-06-92,V-2023-06-92-2,P-2023-06-92-2-1,CALLAO,CALLAO,CALLAO,CONDUCTOR,FALLECIDO,,EN EL LUGAR DE LOS HECHOS,IDENTIFICADO,PERÚ,38,MASCULINO,SI,VIGENTE,B II C,NO,,SI,MOTOCICLETA,13/06/2023,2023,JUNIO,MARTES,9,CHOQUE,EN PROCESO DE INVESTIGACIÓN,NO CUENTA CON CAUSA ESPECIFICA,CARRETERA NACIONAL,PE-20,NACIONAL
A-2023-06-136,V-2023-06-136-1,P-2023-06-136-1-1,LIMA,LIMA,SAN JUAN DE MIRAFLORES,CONDUCTOR,ILESO,,,IDENTIFICADO,PERÚ,53,MASCULINO,SI,VIGENTE,A III C,,,,CAMIÓN,13/06/2023,2023,JUNIO,MARTES,15,VOLCADURA,IMPRUDENCIA DEL CONDUCTOR,OTRO (IMPRUDENCIA DEL CONDUCTOR),AVENIDA,NO CORRESPONDE,URBANO
A-2023-06-136,V-2023-06-136-2,P-2023-06-136-2-1,LIMA,LIMA,SAN JUAN DE MIRAFLORES,CONDUCTOR,FALLECIDO,,EN EL LUGAR DE LOS HECHOS,IDENTIFICADO,PERÚ,27,MASCULINO,,SIN LICENCIA,SIN LICENCIA,,,,MOTOCICLETA,13/06/2023,2023,JUNIO,MARTES,15,VOLCADURA,IMPRUDENCIA DEL CONDUCTOR,OTRO (IMPRUDENCIA DEL CONDUCTOR),AVENIDA,NO CORRESPONDE,URBANO
A-2023-06-137,V-2023-06-137-1,P-2023-06-137-1-1,LIMA,LIMA,SAN JUAN DE LURIGANCHO,CONDUCTOR,ILESO,,,IDENTIFICADO,PERÚ,56,MASCULINO,SI,VIGENTE,A III C,,,,ÓMNIBUS,13/06/2023,2023,JUNIO,MARTES,21,ATROPELLO,IMPRUDENCIA DEL PEATÓN,OTRO (IMPRUDENCIA DEL PEATÓN),AVENIDA,NO CORRESPONDE,URBANO
A-2023-06-137,V-2023-06-137-1,P-2023-06-137-1-2,LIMA,LIMA,SAN JUAN DE LURIGANCHO,PEATÓN,FALLECIDO,,EN EL LUGAR DE LOS HECHOS,IDENTIFICADO,PERÚ,45,FEMENINO,,NO CONDUCTOR,NO CONDUCTOR,,,,ÓMNIBUS,13/06/2023,2023,JUNIO,MARTES,21,ATROPELLO,IMPRUDENCIA DEL PEATÓN,OTRO (IMPRUDENCIA DEL PEATÓN),AVENIDA,NO CORRESPONDE,URBANO
A-2023-06-190,V-2023-06-190-1,P-2023-06-190-1-1,CALLAO,CALLAO,CALLAO,CONDUCTOR,ILESO,,,IDENTIFICADO,PERÚ,28,MASCULINO,,SIN LICENCIA,SIN LICENCIA,NO,,SI,MOTOCICLETA,14/06/2023,2023,JUNIO,MIÉRCOLES,15,ATROPELLO,IMPRUDENCIA DEL CONDUCTOR,OTRO (IMPRUDENCIA DEL CONDUCTOR),AVENIDA,NO CORRESPONDE,URBANO
A-2023-06-190,V-2023-06-190-1,P-2023-06-190-1-2,CALLAO,CALLAO,CALLAO,PEATÓN,FALLECIDO,,EN EL CENTRO DE SALUD,IDENTIFICADO,PERÚ,53,FEMENINO,,NO CONDUCTOR,NO CONDUCTOR,NO,,SI,MOTOCICLETA,14/06/2023,2023,JUNIO,MIÉRCOLES,15,ATROPELLO,IMPRUDENCIA DEL CONDUCTOR,OTRO (IMPRUDENCIA DEL CONDUCTOR),AVENIDA,NO CORRESPONDE,URBANO
A-2023-06-138,V-2023-06-138-1,P-2023-06-138-1-1,LIMA,LIMA,SANTIAGO DE SURCO,CONDUCTOR FUGADO,NO SE CONOCE,,,NO IDENTIFICADO,,,NO INDICA,,FUGADO,FUGADO,NO,,NO,VEHICULO NO IDENTIFICADO,16/06/2023,2023,JUNIO,VIERNES,20,ATROPELLO FUGA,EN PROCESO DE INVESTIGACIÓN,NO CUENTA CON CAUSA ESPECIFICA,CARRETERA NACIONAL,PE-1S,NACIONAL
A-2023-06-138,V-2023-06-138-1,P-2023-06-138-1-2,LIMA,LIMA,SANTIAGO DE SURCO,PEATÓN,FALLECIDO,,EN EL LUGAR DE LOS HECHOS,NO IDENTIFICADO,,,MASCULINO,,NO CONDUCTOR,NO CONDUCTOR,,,,VEHICULO NO IDENTIFICADO,16/06/2023,2023,JUNIO,VIERNES,20,ATROPELLO FUGA,EN PROCESO DE INVESTIGACIÓN,NO CUENTA CON CAUSA ESPECIFICA,CARRETERA NACIONAL,PE-1S,NACIONAL
A-2023-06-139,V-2023-06-139-1,P-2023-06-139-1-1,LIMA,LIMA,LURIN,CONDUCTOR FUGADO,NO SE CONOCE,,,NO IDENTIFICADO,,,NO INDICA,,FUGADO,FUGADO,NO,,NO,VEHICULO NO IDENTIFICADO,17/06/2023,2023,JUNIO,SÁBADO,0,ATROPELLO FUGA,EN PROCESO DE INVESTIGACIÓN,NO CUENTA CON CAUSA ESPECIFICA,CARRETERA NACIONAL,PE-1S,NACIONAL
A-2023-06-139,V-2023-06-139-1,P-2023-06-139-1-2,LIMA,LIMA,LURIN,PEATÓN,FALLECIDO,,EN EL LUGAR DE LOS HECHOS,IDENTIFICADO,VENEZUELA,24,MASCULINO,,NO CONDUCTOR,NO CONDUCTOR,,,,VEHICULO NO IDENTIFICADO,17/06/2023,2023,JUNIO,SÁBADO,0,ATROPELLO FUGA,EN PROCESO DE INVESTIGACIÓN,NO CUENTA CON CAUSA ESPECIFICA,CARRETERA NACIONAL,PE-1S,NACIONAL
A-2023-06-153,V-2023-06-153-1,P-2023-06-153-1-1,LIMA,LIMA,ATE,CONDUCTOR,ILESO,,,IDENTIFICADO,VENEZUELA,33,MASCULINO,,SIN DNI IDENTIFICADO,SIN DNI IDENTIFICADO,,,,MOTOCICLETA,17/06/2023,2023,JUNIO,SÁBADO,1,ATROPELLO,EN PROCESO DE INVESTIGACIÓN,NO CUENTA CON CAUSA ESPECIFICA,CARRETERA NACIONAL,PE-22,NACIONAL
A-2023-06-153,V-2023-06-153-1,P-2023-06-153-1-2,LIMA,LIMA,ATE,PEATÓN,FALLECIDO,,EN EL CENTRO DE SALUD,IDENTIFICADO,PERÚ,50,MASCULINO,,NO CONDUCTOR,NO CONDUCTOR,,,,MOTOCICLETA,17/06/2023,2023,JUNIO,SÁBADO,1,ATROPELLO,EN PROCESO DE INVESTIGACIÓN,NO CUENTA CON CAUSA ESPECIFICA,CARRETERA NACIONAL,PE-22,NACIONAL
A-2023-06-140,V-2023-06-140-1,P-2023-06-140-1-1,LIMA,LIMA,MIRAFLORES,CONDUCTOR,ILESO,,,IDENTIFICADO,PERÚ,42,MASCULINO,SI,VIGENTE,A I,,,,AUTOMÓVIL,17/06/2023,2023,JUNIO,SÁBADO,9,ATROPELLO,EN PROCESO DE INVESTIGACIÓN,NO CUENTA CON CAUSA ESPECIFICA,AVENIDA,NO CORRESPONDE,URBANO
A-2023-06-140,V-2023-06-140-1,P-2023-06-140-1-2,LIMA,LIMA,MIRAFLORES,PEATÓN,FALLECIDO,,EN EL LUGAR DE LOS HECHOS,IDENTIFICADO,PERÚ,42,FEMENINO,,NO CONDUCTOR,NO CONDUCTOR,,,,AUTOMÓVIL,17/06/2023,2023,JUNIO,SÁBADO,9,ATROPELLO,EN PROCESO DE INVESTIGACIÓN,NO CUENTA CON CAUSA ESPECIFICA,AVENIDA,NO CORRESPONDE,URBANO
A-2023-06-141,V-2023-06-141-1,P-2023-06-141-1-1,LIMA,LIMA,ATE,CONDUCTOR FUGADO,NO SE CONOCE,,,NO IDENTIFICADO,,,NO INDICA,,FUGADO,FUGADO,NO,,NO,VEHICULO NO IDENTIFICADO,18/06/2023,2023,JUNIO,DOMINGO,6,ATROPELLO FUGA,EN PROCESO DE INVESTIGACIÓN,NO CUENTA CON CAUSA ESPECIFICA,CARRETERA NACIONAL,PE-22,NACIONAL
A-2023-06-141,V-2023-06-141-1,P-2023-06-141-1-2,LIMA,LIMA,ATE,PEATÓN,FALLECIDO,,EN EL CENTRO DE SALUD,IDENTIFICADO,PERÚ,21,MASCULINO,,NO CONDUCTOR,NO CONDUCTOR,,,,VEHICULO NO IDENTIFICADO,18/06/2023,2023,JUNIO,DOMINGO,6,ATROPELLO FUGA,EN PROCESO DE INVESTIGACIÓN,NO CUENTA CON CAUSA ESPECIFICA,CARRETERA NACIONAL,PE-22,NACIONAL
A-2023-06-142,V-2023-06-142-1,P-2023-06-142-1-1,LIMA,LIMA,LOS OLIVOS,CONDUCTOR,ILESO,,,IDENTIFICADO,PERÚ,48,MASCULINO,SI,VIGENTE,A I,,,,AUTOMÓVIL,19/06/2023,2023,JUNIO,LUNES,3,CHOQUE,EN PROCESO DE INVESTIGACIÓN,NO CUENTA CON CAUSA ESPECIFICA,AVENIDA,NO CORRESPONDE,URBANO
A-2023-06-142,V-2023-06-142-2,P-2023-06-142-2-1,LIMA,LIMA,LOS OLIVOS,CONDUCTOR,FALLECIDO,,EN EL LUGAR DE LOS HECHOS,IDENTIFICADO,VENEZUELA,28,MASCULINO,,SIN LICENCIA,SIN LICENCIA,,,,MOTOCICLETA,19/06/2023,2023,JUNIO,LUNES,3,CHOQUE,EN PROCESO DE INVESTIGACIÓN,NO CUENTA CON CAUSA ESPECIFICA,AVENIDA,NO CORRESPONDE,URBANO
A-2023-06-143,V-2023-06-143-1,P-2023-06-143-1-1,LIMA,LIMA,LURIGANCHO,CONDUCTOR,FALLECIDO,,EN EL LUGAR DE LOS HECHOS,IDENTIFICADO,PERÚ,55,MASCULINO,SI,VIGENTE,B II C,,,,TRIMOTO PASAJERO,19/06/2023,2023,JUNIO,LUNES,16,VOLCADURA,EN PROCESO DE INVESTIGACIÓN,NO CUENTA CON CAUSA ESPECIFICA,CALLE,NO CORRESPONDE,URBANO
A-2023-06-143,V-2023-06-143-1,P-2023-06-143-1-2,LIMA,LIMA,LURIGANCHO,PASAJERO,LESIONADO,CENTRO DE SALUD PÚBLICO,,IDENTIFICADO,PERÚ,32,FEMENINO,,NO CONDUCTOR,NO CONDUCTOR,,,,TRIMOTO PASAJERO,19/06/2023,2023,JUNIO,LUNES,16,VOLCADURA,EN PROCESO DE INVESTIGACIÓN,NO CUENTA CON CAUSA ESPECIFICA,CALLE,NO CORRESPONDE,URBANO
A-2023-06-154,V-2023-06-154-1,P-2023-06-154-1-1,CALLAO,CALLAO,CALLAO,CONDUCTOR,ILESO,,,IDENTIFICADO,PERÚ,23,MASCULINO,SI,VIGENTE,B II C,,,,MOTOCICLETA,19/06/2023,2023,JUNIO,LUNES,17,ATROPELLO,IMPRUDENCIA DEL CONDUCTOR,EXCESO DE VELOCIDAD,AVENIDA,NO CORRESPONDE,URBANO
A-2023-06-154,V-2023-06-154-1,P-2023-06-154-1-2,CALLAO,CALLAO,CALLAO,PEATÓN,FALLECIDO,,EN EL LUGAR DE LOS HECHOS,IDENTIFICADO,PERÚ,45,MASCULINO,,NO CONDUCTOR,NO CONDUCTOR,NO,,SI,MOTOCICLETA,19/06/2023,2023,JUNIO,LUNES,17,ATROPELLO,IMPRUDENCIA DEL CONDUCTOR,EXCESO DE VELOCIDAD,AVENIDA,NO CORRESPONDE,URBANO
A-2023-06-144,V-2023-06-144-1,P-2023-06-144-1-1,LIMA,LIMA,SAN MARTIN DE PORRES,CONDUCTOR FUGADO,NO SE CONOCE,,,NO IDENTIFICADO,,,NO INDICA,,FUGADO,FUGADO,NO,,NO,VEHICULO NO IDENTIFICADO,19/06/2023,2023,JUNIO,LUNES,22,ATROPELLO FUGA,EN PROCESO DE INVESTIGACIÓN,NO CUENTA CON CAUSA ESPECIFICA,CARRETERA NACIONAL,PE-1N,NACIONAL
A-2023-06-144,V-2023-06-144-1,P-2023-06-144-1-2,LIMA,LIMA,SAN MARTIN DE PORRES,PEATÓN,FALLECIDO,,EN EL LUGAR DE LOS HECHOS,NO IDENTIFICADO,,,MASCULINO,,NO CONDUCTOR,NO CONDUCTOR,,,,VEHICULO NO IDENTIFICADO,19/06/2023,2023,JUNIO,LUNES,22,ATROPELLO FUGA,EN PROCESO DE INVESTIGACIÓN,NO CUENTA CON CAUSA ESPECIFICA,CARRETERA NACIONAL,PE-1N,NACIONAL
A-2023-06-145,V-2023-06-145-1,P-2023-06-145-1-1,LIMA,LIMA,VILLA EL SALVADOR,CONDUCTOR,ILESO,,,IDENTIFICADO,PERÚ,26,MASCULINO,SI,VIGENTE,B II C,,,,TRIMOTO PASAJERO,22/06/2023,2023,JUNIO,JUEVES,6,VOLCADURA,IMPRUDENCIA DEL CONDUCTOR,OTRO (IMPRUDENCIA DEL CONDUCTOR),AVENIDA,NO CORRESPONDE,URBANO
A-2023-06-145,V-2023-06-145-1,P-2023-06-145-1-2,LIMA,LIMA,VILLA EL SALVADOR,PASAJERO,FALLECIDO,,EN EL LUGAR DE LOS HECHOS,IDENTIFICADO,PERÚ,26,FEMENINO,,NO CONDUCTOR,NO CONDUCTOR,,,,TRIMOTO PASAJERO,22/06/2023,2023,JUNIO,JUEVES,6,VOLCADURA,IMPRUDENCIA DEL CONDUCTOR,OTRO (IMPRUDENCIA DEL CONDUCTOR),AVENIDA,NO CORRESPONDE,URBANO
A-2023-06-145,V-2023-06-145-1,P-2023-06-145-1-3,LIMA,LIMA,VILLA EL SALVADOR,PASAJERO,LESIONADO,CENTRO DE SALUD PÚBLICO,,IDENTIFICADO,PERÚ,24,FEMENINO,,NO CONDUCTOR,NO CONDUCTOR,,,,TRIMOTO PASAJERO,22/06/2023,2023,JUNIO,JUEVES,6,VOLCADURA,IMPRUDENCIA DEL CONDUCTOR,OTRO (IMPRUDENCIA DEL CONDUCTOR),AVENIDA,NO CORRESPONDE,URBANO
A-2023-06-146,V-2023-06-146-1,P-2023-06-146-1-1,LIMA,LIMA,INDEPENDENCIA,CONDUCTOR,ILESO,,,IDENTIFICADO,PERÚ,26,MASCULINO,SI,VIGENTE,A I,,,,STATION WAGON,22/06/2023,2023,JUNIO,JUEVES,8,ATROPELLO,EN PROCESO DE INVESTIGACIÓN,NO CUENTA CON CAUSA ESPECIFICA,AVENIDA,NO CORRESPONDE,URBANO
A-2023-06-146,V-2023-06-146-1,P-2023-06-146-1-2,LIMA,LIMA,INDEPENDENCIA,PEATÓN,FALLECIDO,,EN EL LUGAR DE LOS HECHOS,IDENTIFICADO,PERÚ,42,MASCULINO,,NO CONDUCTOR,NO CONDUCTOR,,,,STATION WAGON,22/06/2023,2023,JUNIO,JUEVES,8,ATROPELLO,EN PROCESO DE INVESTIGACIÓN,NO CUENTA CON CAUSA ESPECIFICA,AVENIDA,NO CORRESPONDE,URBANO
A-2023-06-85,V-2023-06-85-1,P-2023-06-85-1-1,CALLAO,CALLAO,CALLAO,CONDUCTOR,ILESO,,,IDENTIFICADO,PERÚ,34,MASCULINO,SI,VIGENTE,A I,NO,,SI,AUTOMÓVIL,23/06/2023,2023,JUNIO,VIERNES,10,CHOQUE,EN PROCESO DE INVESTIGACIÓN,NO CUENTA CON CAUSA ESPECIFICA,AVENIDA,NO CORRESPONDE,URBANO
A-2023-06-85,V-2023-06-85-1,P-2023-06-85-1-2,CALLAO,CALLAO,CALLAO,PEATÓN,FALLECIDO,,EN EL LUGAR DE LOS HECHOS,IDENTIFICADO,PERÚ,71,FEMENINO,,NO CONDUCTOR,NO CONDUCTOR,NO,,SI,AUTOMÓVIL,23/06/2023,2023,JUNIO,VIERNES,10,CHOQUE,EN PROCESO DE INVESTIGACIÓN,NO CUENTA CON CAUSA ESPECIFICA,AVENIDA,NO CORRESPONDE,URBANO
A-2023-06-85,V-2023-06-85-2,P-2023-06-85-2-1,CALLAO,CALLAO,CALLAO,CONDUCTOR,ILESO,,,IDENTIFICADO,VENEZUELA,30,MASCULINO,SI,VIGENTE,A III C,NO,,SI,AUTOMÓVIL,23/06/2023,2023,JUNIO,VIERNES,10,CHOQUE,EN PROCESO DE INVESTIGACIÓN,NO CUENTA CON CAUSA ESPECIFICA,AVENIDA,NO CORRESPONDE,URBANO
A-2023-06-172,V-2023-06-172-1,P-2023-06-172-1-1,LIMA,LIMA,LURIN,CONDUCTOR,FALLECIDO,,EN EL LUGAR DE LOS HECHOS,NO IDENTIFICADO,PERÚ,,MASCULINO,,SIN DNI IDENTIFICADO,SIN DNI IDENTIFICADO,NO,,NO,AUTOMÓVIL,23/06/2023,2023,JUNIO,VIERNES,23,DESPISTE,IMPRUDENCIA DEL CONDUCTOR,OTRO (IMPRUDENCIA DEL CONDUCTOR),AVENIDA,NO CORRESPONDE,URBANO
A-2023-06-195,V-2023-06-195-1,P-2023-06-195-1-1,LIMA,LIMA,LURIN,CONDUCTOR,FALLECIDO,,EN EL LUGAR DE LOS HECHOS,IDENTIFICADO,PERÚ,58,MASCULINO,SI,VIGENTE,A I,NO,,NO,AUTOMÓVIL,23/06/2023,2023,JUNIO,VIERNES,23,DESPISTE,IMPRUDENCIA DEL CONDUCTOR,EXCESO DE VELOCIDAD,AVENIDA,NO CORRESPONDE,URBANO
A-2023-06-189,V-2023-06-189-1,P-2023-06-189-1-1,CALLAO,CALLAO,CALLAO,CONDUCTOR FUGADO,NO SE CONOCE,,,NO IDENTIFICADO,,,NO INDICA,,FUGADO,FUGADO,,,,VEHICULO NO IDENTIFICADO,25/06/2023,2023,JUNIO,DOMINGO,18,ATROPELLO FUGA,EN PROCESO DE INVESTIGACIÓN,NO CUENTA CON CAUSA ESPECIFICA,AVENIDA,NO CORRESPONDE,URBANO
A-2023-06-189,V-2023-06-189-1,P-2023-06-189-1-2,CALLAO,CALLAO,CALLAO,PEATÓN,FALLECIDO,,EN EL LUGAR DE LOS HECHOS,IDENTIFICADO,PERÚ,86,MASCULINO,,NO CONDUCTOR,NO CONDUCTOR,NO,,SI,VEHICULO NO IDENTIFICADO,25/06/2023,2023,JUNIO,DOMINGO,18,ATROPELLO FUGA,EN PROCESO DE INVESTIGACIÓN,NO CUENTA CON CAUSA ESPECIFICA,AVENIDA,NO CORRESPONDE,URBANO
A-2023-06-148,V-2023-06-148-1,P-2023-06-148-1-1,LIMA,LIMA,INDEPENDENCIA,CONDUCTOR,ILESO,,,IDENTIFICADO,PERÚ,41,MASCULINO,SI,VIGENTE,A III C,,,,CAMIÓN,26/06/2023,2023,JUNIO,LUNES,5,CHOQUE,EN PROCESO DE INVESTIGACIÓN,NO CUENTA CON CAUSA ESPECIFICA,CARRETERA NACIONAL,PE-1N,NACIONAL
A-2023-06-148,V-2023-06-148-2,P-2023-06-148-2-1,LIMA,LIMA,INDEPENDENCIA,CONDUCTOR,FALLECIDO,,EN EL LUGAR DE LOS HECHOS,IDENTIFICADO,PERÚ,32,MASCULINO,SI,VIGENTE,B I,,,,MOTOCICLETA,26/06/2023,2023,JUNIO,LUNES,5,CHOQUE,EN PROCESO DE INVESTIGACIÓN,NO CUENTA CON CAUSA ESPECIFICA,CARRETERA NACIONAL,PE-1N,NACIONAL
A-2023-06-149,V-2023-06-149-1,P-2023-06-149-1-1,LIMA,LIMA,PUNTA HERMOSA,CONDUCTOR,ILESO,,,IDENTIFICADO,PERÚ,31,MASCULINO,SI,VIGENTE,A III C,,,,REMOLCADOR-SEMIREMOLQUE,27/06/2023,2023,JUNIO,MARTES,5,ATROPELLO FUGA,IMPRUDENCIA DEL PEATÓN,OTRO (IMPRUDENCIA DEL PEATÓN),CARRETERA NACIONAL,PE-1S,NACIONAL
A-2023-06-149,V-2023-06-149-1,P-2023-06-149-1-2,LIMA,LIMA,PUNTA HERMOSA,PEATÓN,FALLECIDO,,EN EL LUGAR DE LOS HECHOS,IDENTIFICADO,PERÚ,78,MASCULINO,,NO CONDUCTOR,NO CONDUCTOR,,,,REMOLCADOR-SEMIREMOLQUE,27/06/2023,2023,JUNIO,MARTES,5,ATROPELLO FUGA,IMPRUDENCIA DEL PEATÓN,OTRO (IMPRUDENCIA DEL PEATÓN),CARRETERA NACIONAL,PE-1S,NACIONAL
A-2023-06-150,V-2023-06-150-1,P-2023-06-150-1-1,LIMA,LIMA,CARABAYLLO,CONDUCTOR,ILESO,,,IDENTIFICADO,PERÚ,44,MASCULINO,,VENCIDA,A II A,,,,AUTOMÓVIL,28/06/2023,2023,JUNIO,MIÉRCOLES,7,CHOQUE,EN PROCESO DE INVESTIGACIÓN,NO CUENTA CON CAUSA ESPECIFICA,AVENIDA,NO CORRESPONDE,URBANO
A-2023-06-150,V-2023-06-150-2,P-2023-06-150-2-1,LIMA,LIMA,CARABAYLLO,CONDUCTOR,FALLECIDO,,EN EL LUGAR DE LOS HECHOS,IDENTIFICADO,PERÚ,73,MASCULINO,,VENCIDA,B II C,,,,TRIMOTO PASAJERO,28/06/2023,2023,JUNIO,MIÉRCOLES,7,CHOQUE,EN PROCESO DE INVESTIGACIÓN,NO CUENTA CON CAUSA ESPECIFICA,AVENIDA,NO CORRESPONDE,URBANO
A-2023-06-151,V-2023-06-151-1,P-2023-06-151-1-1,LIMA,LIMA,SANTA ANITA,CONDUCTOR,FALLECIDO,,EN EL CENTRO DE SALUD,IDENTIFICADO,PERÚ,24,MASCULINO,SI,VIGENTE,A I,,,,AUTOMÓVIL,29/06/2023,2023,JUNIO,JUEVES,5,CHOQUE,EN PROCESO DE INVESTIGACIÓN,NO CUENTA CON CAUSA ESPECIFICA,CARRETERA NACIONAL,PE-1N,NACIONAL
A-2023-06-151,V-2023-06-151-1,P-2023-06-151-1-2,LIMA,LIMA,SANTA ANITA,PASAJERO,LESIONADO,CENTRO DE SALUD PÚBLICO,,IDENTIFICADO,PERÚ,47,MASCULINO,,NO CONDUCTOR,NO CONDUCTOR,,,,AUTOMÓVIL,29/06/2023,2023,JUNIO,JUEVES,5,CHOQUE,EN PROCESO DE INVESTIGACIÓN,NO CUENTA CON CAUSA ESPECIFICA,CARRETERA NACIONAL,PE-1N,NACIONAL
A-2023-06-151,V-2023-06-151-2,P-2023-06-151-2-1,LIMA,LIMA,SANTA ANITA,CONDUCTOR,ILESO,,,IDENTIFICADO,PERÚ,43,MASCULINO,SI,VIGENTE,A III C,,,,ÓMNIBUS,29/06/2023,2023,JUNIO,JUEVES,5,CHOQUE,EN PROCESO DE INVESTIGACIÓN,NO CUENTA CON CAUSA ESPECIFICA,CARRETERA NACIONAL,PE-1N,NACIONAL
A-2023-06-152,V-2023-06-152-1,P-2023-06-152-1-1,LIMA,LIMA,CHORRILLOS,CONDUCTOR,FALLECIDO,,EN EL LUGAR DE LOS HECHOS,IDENTIFICADO,PERÚ,71,MASCULINO,,SIN LICENCIA,SIN LICENCIA,,,,TRIMOTO PASAJERO,30/06/2023,2023,JUNIO,VIERNES,19,CHOQUE CON OBJETO FIJO,EN PROCESO DE INVESTIGACIÓN,NO CUENTA CON CAUSA ESPECIFICA,AVENIDA,NO CORRESPONDE,URBANO
A-2023-07-123,V-2023-07-123-1,P-2023-07-123-1-1,LIMA,LIMA,VILLA MARIA DEL TRIUNFO,CONDUCTOR FUGADO,NO SE CONOCE,,,NO IDENTIFICADO,,,NO INDICA,,FUGADO,FUGADO,NO,,NO,VEHICULO NO IDENTIFICADO,01/07/2023,2023,JULIO,SÁBADO,5,ATROPELLO FUGA,EN PROCESO DE INVESTIGACIÓN,NO CUENTA CON CAUSA ESPECIFICA,AVENIDA,NO CORRESPONDE,URBANO
A-2023-07-123,V-2023-07-123-1,P-2023-07-123-1-2,LIMA,LIMA,VILLA MARIA DEL TRIUNFO,PEATÓN,FALLECIDO,,EN EL LUGAR DE LOS HECHOS,IDENTIFICADO,PERÚ,39,MASCULINO,,NO CONDUCTOR,NO CONDUCTOR,,,,VEHICULO NO IDENTIFICADO,01/07/2023,2023,JULIO,SÁBADO,5,ATROPELLO FUGA,EN PROCESO DE INVESTIGACIÓN,NO CUENTA CON CAUSA ESPECIFICA,AVENIDA,NO CORRESPONDE,URBANO
A-2023-07-124,V-2023-07-124-1,P-2023-07-124-1-1,LIMA,LIMA,SAN MIGUEL,CONDUCTOR,ILESO,,,IDENTIFICADO,PERÚ,54,MASCULINO,SI,VIGENTE,A II A,,,,AUTOMÓVIL,01/07/2023,2023,JULIO,SÁBADO,10,ATROPELLO,EN PROCESO DE INVESTIGACIÓN,NO CUENTA CON CAUSA ESPECIFICA,AVENIDA,NO CORRESPONDE,URBANO
A-2023-07-124,V-2023-07-124-1,P-2023-07-124-1-2,LIMA,LIMA,SAN MIGUEL,PEATÓN,FALLECIDO,,EN EL CENTRO DE SALUD,IDENTIFICADO,PERÚ,85,FEMENINO,,NO CONDUCTOR,NO CONDUCTOR,,,,AUTOMÓVIL,01/07/2023,2023,JULIO,SÁBADO,10,ATROPELLO,EN PROCESO DE INVESTIGACIÓN,NO CUENTA CON CAUSA ESPECIFICA,AVENIDA,NO CORRESPONDE,URBANO
A-2023-07-136,V-2023-07-136-1,P-2023-07-136-1-1,LIMA,LIMA,SANTIAGO DE SURCO,CONDUCTOR,ILESO,,,IDENTIFICADO,PERÚ,59,MASCULINO,SI,VIGENTE,A I,,,,AUTOMÓVIL,01/07/2023,2023,JULIO,SÁBADO,22,ATROPELLO,EN PROCESO DE INVESTIGACIÓN,NO CUENTA CON CAUSA ESPECIFICA,CARRETERA NACIONAL,PE-1S,NACIONAL
A-2023-07-136,V-2023-07-136-1,P-2023-07-136-1-2,LIMA,LIMA,SANTIAGO DE SURCO,PEATÓN,FALLECIDO,,EN EL CENTRO DE SALUD,IDENTIFICADO,PERÚ,52,MASCULINO,,NO CONDUCTOR,NO CONDUCTOR,,,,AUTOMÓVIL,01/07/2023,2023,JULIO,SÁBADO,22,ATROPELLO,EN PROCESO DE INVESTIGACIÓN,NO CUENTA CON CAUSA ESPECIFICA,CARRETERA NACIONAL,PE-1S,NACIONAL
A-2023-07-125,V-2023-07-125-1,P-2023-07-125-1-1,LIMA,LIMA,LOS OLIVOS,CONDUCTOR,FALLECIDO,,EN EL LUGAR DE LOS HECHOS,IDENTIFICADO,PERÚ,28,MASCULINO,SI,VIGENTE,B I,,,,MOTOCICLETA,02/07/2023,2023,JULIO,DOMINGO,2,CHOQUE CON OBJETO FIJO,EN PROCESO DE INVESTIGACIÓN,NO CUENTA CON CAUSA ESPECIFICA,CALLE,NO CORRESPONDE,URBANO
A-2023-07-126,V-2023-07-126-1,P-2023-07-126-1-1,LIMA,LIMA,LURIN,CONDUCTOR FUGADO,NO SE CONOCE,,,NO IDENTIFICADO,,,NO INDICA,,FUGADO,FUGADO,NO,,NO,VEHICULO NO IDENTIFICADO,02/07/2023,2023,JULIO,DOMINGO,23,ATROPELLO FUGA,EN PROCESO DE INVESTIGACIÓN,NO CUENTA CON CAUSA ESPECIFICA,CARRETERA NACIONAL,PE-1S,NACIONAL
A-2023-07-126,V-2023-07-126-1,P-2023-07-126-1-2,LIMA,LIMA,LURIN,PEATÓN,FALLECIDO,,EN EL LUGAR DE LOS HECHOS,NO IDENTIFICADO,,,MASCULINO,,NO CONDUCTOR,NO CONDUCTOR,,,,VEHICULO NO IDENTIFICADO,02/07/2023,2023,JULIO,DOMINGO,23,ATROPELLO FUGA,EN PROCESO DE INVESTIGACIÓN,NO CUENTA CON CAUSA ESPECIFICA,CARRETERA NACIONAL,PE-1S,NACIONAL
A-2023-07-127,V-2023-07-127-1,P-2023-07-127-1-1,LIMA,LIMA,ATE,CONDUCTOR,ILESO,,,IDENTIFICADO,PERÚ,34,MASCULINO,SI,VIGENTE,A II A,,,,AUTOMÓVIL,02/07/2023,2023,JULIO,DOMINGO,23,ATROPELLO,IMPRUDENCIA DEL PEATÓN,OTRO (IMPRUDENCIA DEL PEATÓN),CARRETERA NACIONAL,PE-22,NACIONAL
A-2023-07-127,V-2023-07-127-1,P-2023-07-127-1-2,LIMA,LIMA,ATE,PEATÓN,FALLECIDO,,EN EL LUGAR DE LOS HECHOS,IDENTIFICADO,PERÚ,47,MASCULINO,,NO CONDUCTOR,NO CONDUCTOR,,,,AUTOMÓVIL,02/07/2023,2023,JULIO,DOMINGO,23,ATROPELLO,IMPRUDENCIA DEL PEATÓN,OTRO (IMPRUDENCIA DEL PEATÓN),CARRETERA NACIONAL,PE-22,NACIONAL
A-2023-07-128,V-2023-07-128-1,P-2023-07-128-1-1,LIMA,LIMA,CHORRILLOS,CONDUCTOR,ILESO,,,IDENTIFICADO,PERÚ,47,FEMENINO,SI,VIGENTE,A I,,,,AUTOMÓVIL,04/07/2023,2023,JULIO,MARTES,18,ATROPELLO,IMPRUDENCIA DEL PEATÓN,OTRO (IMPRUDENCIA DEL PEATÓN),AVENIDA,NO CORRESPONDE,URBANO
A-2023-07-128,V-2023-07-128-1,P-2023-07-128-1-2,LIMA,LIMA,CHORRILLOS,PEATÓN,FALLECIDO,,EN EL LUGAR DE LOS HECHOS,IDENTIFICADO,PERÚ,76,MASCULINO,,NO CONDUCTOR,NO CONDUCTOR,,,,AUTOMÓVIL,04/07/2023,2023,JULIO,MARTES,18,ATROPELLO,IMPRUDENCIA DEL PEATÓN,OTRO (IMPRUDENCIA DEL PEATÓN),AVENIDA,NO CORRESPONDE,URBANO
A-2023-07-129,V-2023-07-129-1,P-2023-07-129-1-1,LIMA,LIMA,LA VICTORIA,CONDUCTOR,ILESO,,,IDENTIFICADO,BOLIVIA,53,MASCULINO,SI,VIGENTE,A III C,,,,CAMIÓN,05/07/2023,2023,JULIO,MIÉRCOLES,10,ATROPELLO,EN PROCESO DE INVESTIGACIÓN,NO CUENTA CON CAUSA ESPECIFICA,JIRÓN,NO CORRESPONDE,URBANO
A-2023-07-129,V-2023-07-129-1,P-2023-07-129-1-2,LIMA,LIMA,LA VICTORIA,PEATÓN,FALLECIDO,,EN EL LUGAR DE LOS HECHOS,NO IDENTIFICADO,PERÚ,,MASCULINO,,NO CONDUCTOR,NO CONDUCTOR,,,,CAMIÓN,05/07/2023,2023,JULIO,MIÉRCOLES,10,ATROPELLO,EN PROCESO DE INVESTIGACIÓN,NO CUENTA CON CAUSA ESPECIFICA,JIRÓN,NO CORRESPONDE,URBANO
A-2023-07-130,V-2023-07-130-1,P-2023-07-130-1-1,LIMA,LIMA,CARABAYLLO,CONDUCTOR,ILESO,,,IDENTIFICADO,PERÚ,35,MASCULINO,SI,VIGENTE,A III A,,,,ÓMNIBUS,06/07/2023,2023,JULIO,JUEVES,5,ATROPELLO,EN PROCESO DE INVESTIGACIÓN,NO CUENTA CON CAUSA ESPECIFICA,AVENIDA,NO CORRESPONDE,URBANO
A-2023-07-130,V-2023-07-130-1,P-2023-07-130-1-2,LIMA,LIMA,CARABAYLLO,PEATÓN,FALLECIDO,,EN EL LUGAR DE LOS HECHOS,IDENTIFICADO,PERÚ,67,MASCULINO,,NO CONDUCTOR,NO CONDUCTOR,,,,ÓMNIBUS,06/07/2023,2023,JULIO,JUEVES,5,ATROPELLO,EN PROCESO DE INVESTIGACIÓN,NO CUENTA CON CAUSA ESPECIFICA,AVENIDA,NO CORRESPONDE,URBANO
A-2023-07-131,V-2023-07-131-1,P-2023-07-131-1-1,LIMA,LIMA,RIMAC,CONDUCTOR,ILESO,,,IDENTIFICADO,PERÚ,22,MASCULINO,SI,VIGENTE,B I,,,,MOTOCICLETA,06/07/2023,2023,JULIO,JUEVES,17,ATROPELLO,EN PROCESO DE INVESTIGACIÓN,NO CUENTA CON CAUSA ESPECIFICA,AVENIDA,NO CORRESPONDE,URBANO
A-2023-07-131,V-2023-07-131-1,P-2023-07-131-1-2,LIMA,LIMA,RIMAC,PEATÓN,FALLECIDO,,EN EL LUGAR DE LOS HECHOS,IDENTIFICADO,PERÚ,74,MASCULINO,,NO CONDUCTOR,NO CONDUCTOR,,,,MOTOCICLETA,06/07/2023,2023,JULIO,JUEVES,17,ATROPELLO,EN PROCESO DE INVESTIGACIÓN,NO CUENTA CON CAUSA ESPECIFICA,AVENIDA,NO CORRESPONDE,URBANO
A-2023-07-131,V-2023-07-131-1,P-2023-07-131-1-3,LIMA,LIMA,RIMAC,PEATÓN,LESIONADO,CENTRO DE SALUD PÚBLICO,,IDENTIFICADO,PERÚ,69,FEMENINO,,NO CONDUCTOR,NO CONDUCTOR,,,,MOTOCICLETA,06/07/2023,2023,JULIO,JUEVES,17,ATROPELLO,EN PROCESO DE INVESTIGACIÓN,NO CUENTA CON CAUSA ESPECIFICA,AVENIDA,NO CORRESPONDE,URBANO
A-2023-07-132,V-2023-07-132-1,P-2023-07-132-1-1,LIMA,LIMA,SAN JUAN DE LURIGANCHO,CONDUCTOR,FALLECIDO,,EN EL LUGAR DE LOS HECHOS,IDENTIFICADO,PERÚ,29,MASCULINO,,SIN LICENCIA,SIN LICENCIA,,,,MOTOCICLETA,08/07/2023,2023,JULIO,SÁBADO,21,VOLCADURA,EN PROCESO DE INVESTIGACIÓN,NO CUENTA CON CAUSA ESPECIFICA,AVENIDA,NO CORRESPONDE,URBANO
A-2023-07-133,V-2023-07-133-1,P-2023-07-133-1-1,LIMA,LIMA,SAN JUAN DE LURIGANCHO,CONDUCTOR,ILESO,,,IDENTIFICADO,PERÚ,48,MASCULINO,SI,VIGENTE,A I,,,,STATION WAGON,09/07/2023,2023,JULIO,DOMINGO,1,ATROPELLO,IMPRUDENCIA DEL CONDUCTOR,OTRO (IMPRUDENCIA DEL CONDUCTOR),AVENIDA,NO CORRESPONDE,URBANO
A-2023-07-133,V-2023-07-133-1,P-2023-07-133-1-2,LIMA,LIMA,SAN JUAN DE LURIGANCHO,PEATÓN,FALLECIDO,,EN EL CENTRO DE SALUD,IDENTIFICADO,PERÚ,61,MASCULINO,,NO CONDUCTOR,NO CONDUCTOR,,,,STATION WAGON,09/07/2023,2023,JULIO,DOMINGO,1,ATROPELLO,IMPRUDENCIA DEL CONDUCTOR,OTRO (IMPRUDENCIA DEL CONDUCTOR),AVENIDA,NO CORRESPONDE,URBANO
A-2023-07-134,V-2023-07-134-1,P-2023-07-134-1-1,LIMA,LIMA,COMAS,CONDUCTOR,LESIONADO,CENTRO DE SALUD PÚBLICO,,IDENTIFICADO,PERÚ,37,MASCULINO,SI,VIGENTE,A III A,,,,MINIBUS,09/07/2023,2023,JULIO,DOMINGO,7,DESPISTE,EN PROCESO DE INVESTIGACIÓN,NO CUENTA CON CAUSA ESPECIFICA,AVENIDA,NO CORRESPONDE,URBANO
A-2023-07-134,V-2023-07-134-1,P-2023-07-134-1-10,LIMA,LIMA,COMAS,PASAJERO,LESIONADO,CENTRO DE SALUD PÚBLICO,,IDENTIFICADO,PERÚ,21,FEMENINO,,NO CONDUCTOR,NO CONDUCTOR,,,,MINIBUS,09/07/2023,2023,JULIO,DOMINGO,7,DESPISTE,EN PROCESO DE INVESTIGACIÓN,NO CUENTA CON CAUSA ESPECIFICA,AVENIDA,NO CORRESPONDE,URBANO
A-2023-07-134,V-2023-07-134-1,P-2023-07-134-1-11,LIMA,LIMA,COMAS,PASAJERO,LESIONADO,CENTRO DE SALUD PÚBLICO,,IDENTIFICADO,PERÚ,37,FEMENINO,,NO CONDUCTOR,NO CONDUCTOR,,,,MINIBUS,09/07/2023,2023,JULIO,DOMINGO,7,DESPISTE,EN PROCESO DE INVESTIGACIÓN,NO CUENTA CON CAUSA ESPECIFICA,AVENIDA,NO CORRESPONDE,URBANO
A-2023-07-134,V-2023-07-134-1,P-2023-07-134-1-12,LIMA,LIMA,COMAS,PASAJERO,LESIONADO,CENTRO DE SALUD PÚBLICO,,IDENTIFICADO,PERÚ,21,MASCULINO,,NO CONDUCTOR,NO CONDUCTOR,,,,MINIBUS,09/07/2023,2023,JULIO,DOMINGO,7,DESPISTE,EN PROCESO DE INVESTIGACIÓN,NO CUENTA CON CAUSA ESPECIFICA,AVENIDA,NO CORRESPONDE,URBANO
A-2023-07-134,V-2023-07-134-1,P-2023-07-134-1-13,LIMA,LIMA,COMAS,PASAJERO,LESIONADO,CENTRO DE SALUD PÚBLICO,,IDENTIFICADO,PERÚ,23,MASCULINO,,NO CONDUCTOR,NO CONDUCTOR,,,,MINIBUS,09/07/2023,2023,JULIO,DOMINGO,7,DESPISTE,EN PROCESO DE INVESTIGACIÓN,NO CUENTA CON CAUSA ESPECIFICA,AVENIDA,NO CORRESPONDE,URBANO
A-2023-07-134,V-2023-07-134-1,P-2023-07-134-1-14,LIMA,LIMA,COMAS,PASAJERO,LESIONADO,CENTRO DE SALUD PÚBLICO,,IDENTIFICADO,PERÚ,56,FEMENINO,,NO CONDUCTOR,NO CONDUCTOR,,,,MINIBUS,09/07/2023,2023,JULIO,DOMINGO,7,DESPISTE,EN PROCESO DE INVESTIGACIÓN,NO CUENTA CON CAUSA ESPECIFICA,AVENIDA,NO CORRESPONDE,URBANO
A-2023-07-134,V-2023-07-134-1,P-2023-07-134-1-15,LIMA,LIMA,COMAS,PASAJERO,LESIONADO,CENTRO DE SALUD PÚBLICO,,IDENTIFICADO,PERÚ,56,MASCULINO,,NO CONDUCTOR,NO CONDUCTOR,,,,MINIBUS,09/07/2023,2023,JULIO,DOMINGO,7,DESPISTE,EN PROCESO DE INVESTIGACIÓN,NO CUENTA CON CAUSA ESPECIFICA,AVENIDA,NO CORRESPONDE,URBANO
A-2023-07-134,V-2023-07-134-1,P-2023-07-134-1-16,LIMA,LIMA,COMAS,PASAJERO,LESIONADO,CENTRO DE SALUD PÚBLICO,,IDENTIFICADO,PERÚ,27,FEMENINO,,NO CONDUCTOR,NO CONDUCTOR,,,,MINIBUS,09/07/2023,2023,JULIO,DOMINGO,7,DESPISTE,EN PROCESO DE INVESTIGACIÓN,NO CUENTA CON CAUSA ESPECIFICA,AVENIDA,NO CORRESPONDE,URBANO
A-2023-07-134,V-2023-07-134-1,P-2023-07-134-1-17,LIMA,LIMA,COMAS,PASAJERO,LESIONADO,CENTRO DE SALUD PÚBLICO,,IDENTIFICADO,PERÚ,46,MASCULINO,,NO CONDUCTOR,NO CONDUCTOR,,,,MINIBUS,09/07/2023,2023,JULIO,DOMINGO,7,DESPISTE,EN PROCESO DE INVESTIGACIÓN,NO CUENTA CON CAUSA ESPECIFICA,AVENIDA,NO CORRESPONDE,URBANO
A-2023-07-134,V-2023-07-134-1,P-2023-07-134-1-18,LIMA,LIMA,COMAS,PASAJERO,LESIONADO,CENTRO DE SALUD PÚBLICO,,IDENTIFICADO,PERÚ,31,MASCULINO,,NO CONDUCTOR,NO CONDUCTOR,,,,MINIBUS,09/07/2023,2023,JULIO,DOMINGO,7,DESPISTE,EN PROCESO DE INVESTIGACIÓN,NO CUENTA CON CAUSA ESPECIFICA,AVENIDA,NO CORRESPONDE,URBANO
A-2023-07-134,V-2023-07-134-1,P-2023-07-134-1-19,LIMA,LIMA,COMAS,PASAJERO,LESIONADO,CENTRO DE SALUD PÚBLICO,,IDENTIFICADO,PERÚ,23,MASCULINO,,NO CONDUCTOR,NO CONDUCTOR,,,,MINIBUS,09/07/2023,2023,JULIO,DOMINGO,7,DESPISTE,EN PROCESO DE INVESTIGACIÓN,NO CUENTA CON CAUSA ESPECIFICA,AVENIDA,NO CORRESPONDE,URBANO
A-2023-07-134,V-2023-07-134-1,P-2023-07-134-1-2,LIMA,LIMA,COMAS,PASAJERO,FALLECIDO,,EN EL LUGAR DE LOS HECHOS,IDENTIFICADO,PERÚ,57,FEMENINO,,NO CONDUCTOR,NO CONDUCTOR,,,,MINIBUS,09/07/2023,2023,JULIO,DOMINGO,7,DESPISTE,EN PROCESO DE INVESTIGACIÓN,NO CUENTA CON CAUSA ESPECIFICA,AVENIDA,NO CORRESPONDE,URBANO
A-2023-07-134,V-2023-07-134-1,P-2023-07-134-1-20,LIMA,LIMA,COMAS,PASAJERO,LESIONADO,CENTRO DE SALUD PÚBLICO,,IDENTIFICADO,PERÚ,29,MASCULINO,,NO CONDUCTOR,NO CONDUCTOR,,,,MINIBUS,09/07/2023,2023,JULIO,DOMINGO,7,DESPISTE,EN PROCESO DE INVESTIGACIÓN,NO CUENTA CON CAUSA ESPECIFICA,AVENIDA,NO CORRESPONDE,URBANO
A-2023-07-134,V-2023-07-134-1,P-2023-07-134-1-21,LIMA,LIMA,COMAS,PASAJERO,LESIONADO,CENTRO DE SALUD PÚBLICO,,IDENTIFICADO,PERÚ,21,FEMENINO,,NO CONDUCTOR,NO CONDUCTOR,,,,MINIBUS,09/07/2023,2023,JULIO,DOMINGO,7,DESPISTE,EN PROCESO DE INVESTIGACIÓN,NO CUENTA CON CAUSA ESPECIFICA,AVENIDA,NO CORRESPONDE,URBANO
A-2023-07-134,V-2023-07-134-1,P-2023-07-134-1-22,LIMA,LIMA,COMAS,PASAJERO,LESIONADO,CENTRO DE SALUD PÚBLICO,,IDENTIFICADO,PERÚ,18,MASCULINO,,NO CONDUCTOR,NO CONDUCTOR,,,,MINIBUS,09/07/2023,2023,JULIO,DOMINGO,7,DESPISTE,EN PROCESO DE INVESTIGACIÓN,NO CUENTA CON CAUSA ESPECIFICA,AVENIDA,NO CORRESPONDE,URBANO
A-2023-07-134,V-2023-07-134-1,P-2023-07-134-1-23,LIMA,LIMA,COMAS,PASAJERO,LESIONADO,CENTRO DE SALUD PÚBLICO,,IDENTIFICADO,PERÚ,48,FEMENINO,,NO CONDUCTOR,NO CONDUCTOR,,,,MINIBUS,09/07/2023,2023,JULIO,DOMINGO,7,DESPISTE,EN PROCESO DE INVESTIGACIÓN,NO CUENTA CON CAUSA ESPECIFICA,AVENIDA,NO CORRESPONDE,URBANO
A-2023-07-134,V-2023-07-134-1,P-2023-07-134-1-24,LIMA,LIMA,COMAS,PASAJERO,LESIONADO,,,IDENTIFICADO,,55,FEMENINO,,NO CONDUCTOR,NO CONDUCTOR,,,,MINIBUS,09/07/2023,2023,JULIO,DOMINGO,7,DESPISTE,EN PROCESO DE INVESTIGACIÓN,NO CUENTA CON CAUSA ESPECIFICA,AVENIDA,NO CORRESPONDE,URBANO
A-2023-07-134,V-2023-07-134-1,P-2023-07-134-1-25,LIMA,LIMA,COMAS,PASAJERO,LESIONADO,CENTRO DE SALUD PÚBLICO,,IDENTIFICADO,PERÚ,76,FEMENINO,,NO CONDUCTOR,NO CONDUCTOR,,,,MINIBUS,09/07/2023,2023,JULIO,DOMINGO,7,DESPISTE,EN PROCESO DE INVESTIGACIÓN,NO CUENTA CON CAUSA ESPECIFICA,AVENIDA,NO CORRESPONDE,URBANO
A-2023-07-134,V-2023-07-134-1,P-2023-07-134-1-26,LIMA,LIMA,COMAS,PASAJERO,LESIONADO,CENTRO DE SALUD PÚBLICO,,IDENTIFICADO,PERÚ,9,MASCULINO,,NO CONDUCTOR,NO CONDUCTOR,,,,MINIBUS,09/07/2023,2023,JULIO,DOMINGO,7,DESPISTE,EN PROCESO DE INVESTIGACIÓN,NO CUENTA CON CAUSA ESPECIFICA,AVENIDA,NO CORRESPONDE,URBANO
A-2023-07-134,V-2023-07-134-1,P-2023-07-134-1-27,LIMA,LIMA,COMAS,PASAJERO,LESIONADO,,,IDENTIFICADO,,2,FEMENINO,,NO CONDUCTOR,NO CONDUCTOR,,,,MINIBUS,09/07/2023,2023,JULIO,DOMINGO,7,DESPISTE,EN PROCESO DE INVESTIGACIÓN,NO CUENTA CON CAUSA ESPECIFICA,AVENIDA,NO CORRESPONDE,URBANO
A-2023-07-134,V-2023-07-134-1,P-2023-07-134-1-28,LIMA,LIMA,COMAS,PASAJERO,LESIONADO,CENTRO DE SALUD PÚBLICO,,IDENTIFICADO,PERÚ,5,MASCULINO,,NO CONDUCTOR,NO CONDUCTOR,,,,MINIBUS,09/07/2023,2023,JULIO,DOMINGO,7,DESPISTE,EN PROCESO DE INVESTIGACIÓN,NO CUENTA CON CAUSA ESPECIFICA,AVENIDA,NO CORRESPONDE,URBANO
A-2023-07-134,V-2023-07-134-1,P-2023-07-134-1-29,LIMA,LIMA,COMAS,PASAJERO,LESIONADO,,,IDENTIFICADO,,9,FEMENINO,,NO CONDUCTOR,NO CONDUCTOR,,,,MINIBUS,09/07/2023,2023,JULIO,DOMINGO,7,DESPISTE,EN PROCESO DE INVESTIGACIÓN,NO CUENTA CON CAUSA ESPECIFICA,AVENIDA,NO CORRESPONDE,URBANO
A-2023-07-134,V-2023-07-134-1,P-2023-07-134-1-3,LIMA,LIMA,COMAS,PASAJERO,FALLECIDO,,EN EL LUGAR DE LOS HECHOS,IDENTIFICADO,PERÚ,62,FEMENINO,,NO CONDUCTOR,NO CONDUCTOR,,,,MINIBUS,09/07/2023,2023,JULIO,DOMINGO,7,DESPISTE,EN PROCESO DE INVESTIGACIÓN,NO CUENTA CON CAUSA ESPECIFICA,AVENIDA,NO CORRESPONDE,URBANO
A-2023-07-134,V-2023-07-134-1,P-2023-07-134-1-30,LIMA,LIMA,COMAS,PASAJERO,LESIONADO,CENTRO DE SALUD PÚBLICO,,IDENTIFICADO,PERÚ,10,FEMENINO,,NO CONDUCTOR,NO CONDUCTOR,,,,MINIBUS,09/07/2023,2023,JULIO,DOMINGO,7,DESPISTE,EN PROCESO DE INVESTIGACIÓN,NO CUENTA CON CAUSA ESPECIFICA,AVENIDA,NO CORRESPONDE,URBANO
A-2023-07-134,V-2023-07-134-1,P-2023-07-134-1-31,LIMA,LIMA,COMAS,PASAJERO,LESIONADO,CENTRO DE SALUD PÚBLICO,,IDENTIFICADO,PERÚ,5,FEMENINO,,NO CONDUCTOR,NO CONDUCTOR,,,,MINIBUS,09/07/2023,2023,JULIO,DOMINGO,7,DESPISTE,EN PROCESO DE INVESTIGACIÓN,NO CUENTA CON CAUSA ESPECIFICA,AVENIDA,NO CORRESPONDE,URBANO
A-2023-07-134,V-2023-07-134-1,P-2023-07-134-1-32,LIMA,LIMA,COMAS,PASAJERO,LESIONADO,CENTRO DE SALUD PÚBLICO,,IDENTIFICADO,PERÚ,6,MASCULINO,,NO CONDUCTOR,NO CONDUCTOR,,,,MINIBUS,09/07/2023,2023,JULIO,DOMINGO,7,DESPISTE,EN PROCESO DE INVESTIGACIÓN,NO CUENTA CON CAUSA ESPECIFICA,AVENIDA,NO CORRESPONDE,URBANO
A-2023-07-134,V-2023-07-134-1,P-2023-07-134-1-33,LIMA,LIMA,COMAS,PASAJERO,LESIONADO,CENTRO DE SALUD PÚBLICO,,IDENTIFICADO,PERÚ,10,MASCULINO,,NO CONDUCTOR,NO CONDUCTOR,,,,MINIBUS,09/07/2023,2023,JULIO,DOMINGO,7,DESPISTE,EN PROCESO DE INVESTIGACIÓN,NO CUENTA CON CAUSA ESPECIFICA,AVENIDA,NO CORRESPONDE,URBANO
A-2023-07-134,V-2023-07-134-1,P-2023-07-134-1-4,LIMA,LIMA,COMAS,PASAJERO,FALLECIDO,,EN EL LUGAR DE LOS HECHOS,IDENTIFICADO,PERÚ,58,FEMENINO,,NO CONDUCTOR,NO CONDUCTOR,,,,MINIBUS,09/07/2023,2023,JULIO,DOMINGO,7,DESPISTE,EN PROCESO DE INVESTIGACIÓN,NO CUENTA CON CAUSA ESPECIFICA,AVENIDA,NO CORRESPONDE,URBANO
A-2023-07-134,V-2023-07-134-1,P-2023-07-134-1-5,LIMA,LIMA,COMAS,PASAJERO,FALLECIDO,,EN EL LUGAR DE LOS HECHOS,IDENTIFICADO,PERÚ,61,MASCULINO,,NO CONDUCTOR,NO CONDUCTOR,,,,MINIBUS,09/07/2023,2023,JULIO,DOMINGO,7,DESPISTE,EN PROCESO DE INVESTIGACIÓN,NO CUENTA CON CAUSA ESPECIFICA,AVENIDA,NO CORRESPONDE,URBANO
A-2023-07-134,V-2023-07-134-1,P-2023-07-134-1-6,LIMA,LIMA,COMAS,PASAJERO,FALLECIDO,,EN EL CENTRO DE SALUD,IDENTIFICADO,PERÚ,14,MASCULINO,,NO CONDUCTOR,NO CONDUCTOR,,,,MINIBUS,09/07/2023,2023,JULIO,DOMINGO,7,DESPISTE,EN PROCESO DE INVESTIGACIÓN,NO CUENTA CON CAUSA ESPECIFICA,AVENIDA,NO CORRESPONDE,URBANO
A-2023-07-134,V-2023-07-134-1,P-2023-07-134-1-7,LIMA,LIMA,COMAS,PASAJERO,LESIONADO,CENTRO DE SALUD PÚBLICO,,IDENTIFICADO,PERÚ,70,FEMENINO,,NO CONDUCTOR,NO CONDUCTOR,,,,MINIBUS,09/07/2023,2023,JULIO,DOMINGO,7,DESPISTE,EN PROCESO DE INVESTIGACIÓN,NO CUENTA CON CAUSA ESPECIFICA,AVENIDA,NO CORRESPONDE,URBANO
A-2023-07-134,V-2023-07-134-1,P-2023-07-134-1-8,LIMA,LIMA,COMAS,PASAJERO,LESIONADO,CENTRO DE SALUD PÚBLICO,,IDENTIFICADO,PERÚ,18,FEMENINO,,NO CONDUCTOR,NO CONDUCTOR,,,,MINIBUS,09/07/2023,2023,JULIO,DOMINGO,7,DESPISTE,EN PROCESO DE INVESTIGACIÓN,NO CUENTA CON CAUSA ESPECIFICA,AVENIDA,NO CORRESPONDE,URBANO
A-2023-07-134,V-2023-07-134-1,P-2023-07-134-1-9,LIMA,LIMA,COMAS,PASAJERO,LESIONADO,CENTRO DE SALUD PÚBLICO,,IDENTIFICADO,PERÚ,46,FEMENINO,,NO CONDUCTOR,NO CONDUCTOR,,,,MINIBUS,09/07/2023,2023,JULIO,DOMINGO,7,DESPISTE,EN PROCESO DE INVESTIGACIÓN,NO CUENTA CON CAUSA ESPECIFICA,AVENIDA,NO CORRESPONDE,URBANO
A-2023-07-135,V-2023-07-135-1,P-2023-07-135-1-1,LIMA,LIMA,INDEPENDENCIA,CONDUCTOR,LESIONADO,CENTRO DE SALUD PÚBLICO,,IDENTIFICADO,PERÚ,27,MASCULINO,SI,VIGENTE,A II B,,,,AUTOMÓVIL,12/07/2023,2023,JULIO,MIÉRCOLES,2,DESPISTE,EN PROCESO DE INVESTIGACIÓN,NO CUENTA CON CAUSA ESPECIFICA,CARRETERA NACIONAL,PE-1N,NACIONAL
A-2023-07-135,V-2023-07-135-1,P-2023-07-135-1-2,LIMA,LIMA,INDEPENDENCIA,PASAJERO,FALLECIDO,,EN EL LUGAR DE LOS HECHOS,IDENTIFICADO,PERÚ,37,MASCULINO,,NO CONDUCTOR,NO CONDUCTOR,,,,AUTOMÓVIL,12/07/2023,2023,JULIO,MIÉRCOLES,2,DESPISTE,EN PROCESO DE INVESTIGACIÓN,NO CUENTA CON CAUSA ESPECIFICA,CARRETERA NACIONAL,PE-1N,NACIONAL
A-2023-07-137,V-2023-07-137-1,P-2023-07-137-1-1,LIMA,LIMA,VILLA EL SALVADOR,CONDUCTOR,FALLECIDO,,EN EL LUGAR DE LOS HECHOS,IDENTIFICADO,PERÚ,44,MASCULINO,SI,VIGENTE,A III B,,,,CAMIÓN,12/07/2023,2023,JULIO,MIÉRCOLES,20,DESPISTE,EN PROCESO DE INVESTIGACIÓN,NO CUENTA CON CAUSA ESPECIFICA,AVENIDA,NO CORRESPONDE,URBANO
A-2023-07-138,V-2023-07-138-1,P-2023-07-138-1-1,LIMA,LIMA,CARABAYLLO,CONDUCTOR,FALLECIDO,,EN EL LUGAR DE LOS HECHOS,IDENTIFICADO,PERÚ,22,MASCULINO,SI,VIGENTE,B I,,,,MOTOCICLETA,13/07/2023,2023,JULIO,JUEVES,0,CHOQUE FUGA,EN PROCESO DE INVESTIGACIÓN,NO CUENTA CON CAUSA ESPECIFICA,AVENIDA,NO CORRESPONDE,URBANO
A-2023-07-138,V-2023-07-138-2,P-2023-07-138-2-1,LIMA,LIMA,CARABAYLLO,CONDUCTOR FUGADO,NO SE CONOCE,,,NO IDENTIFICADO,,,NO INDICA,,FUGADO,FUGADO,NO,,NO,VEHICULO NO IDENTIFICADO,13/07/2023,2023,JULIO,JUEVES,0,CHOQUE FUGA,EN PROCESO DE INVESTIGACIÓN,NO CUENTA CON CAUSA ESPECIFICA,AVENIDA,NO CORRESPONDE,URBANO
A-2023-07-139,V-2023-07-139-1,P-2023-07-139-1-1,LIMA,LIMA,VILLA MARIA DEL TRIUNFO,CONDUCTOR,ILESO,,,IDENTIFICADO,PERÚ,35,MASCULINO,SI,VIGENTE,A II A,,,,AUTOMÓVIL,13/07/2023,2023,JULIO,JUEVES,22,ATROPELLO,IMPRUDENCIA DEL CONDUCTOR,OTRO (IMPRUDENCIA DEL CONDUCTOR),AVENIDA,NO CORRESPONDE,URBANO
A-2023-07-139,V-2023-07-139-1,P-2023-07-139-1-2,LIMA,LIMA,VILLA MARIA DEL TRIUNFO,PEATÓN,FALLECIDO,,EN EL LUGAR DE LOS HECHOS,IDENTIFICADO,PERÚ,67,FEMENINO,,NO CONDUCTOR,NO CONDUCTOR,,,,AUTOMÓVIL,13/07/2023,2023,JULIO,JUEVES,22,ATROPELLO,IMPRUDENCIA DEL CONDUCTOR,OTRO (IMPRUDENCIA DEL CONDUCTOR),AVENIDA,NO CORRESPONDE,URBANO
A-2023-07-140,V-2023-07-140-1,P-2023-07-140-1-1,LIMA,LIMA,LIMA,CONDUCTOR,ILESO,,,IDENTIFICADO,PERÚ,46,MASCULINO,SI,VIGENTE,A III C,,,,MINIBUS,14/07/2023,2023,JULIO,VIERNES,9,CHOQUE,IMPRUDENCIA DEL CONDUCTOR,OTRO (IMPRUDENCIA DEL CONDUCTOR),AVENIDA,NO CORRESPONDE,URBANO
A-2023-07-140,V-2023-07-140-2,P-2023-07-140-2-1,LIMA,LIMA,LIMA,CONDUCTOR,FALLECIDO,,EN EL LUGAR DE LOS HECHOS,IDENTIFICADO,VENEZUELA,28,MASCULINO,SI,VIGENTE,B I,,,,MOTOCICLETA,14/07/2023,2023,JULIO,VIERNES,9,CHOQUE,IMPRUDENCIA DEL CONDUCTOR,OTRO (IMPRUDENCIA DEL CONDUCTOR),AVENIDA,NO CORRESPONDE,URBANO
A-2023-07-141,V-2023-07-141-1,P-2023-07-141-1-1,LIMA,LIMA,LIMA,CONDUCTOR,ILESO,,,IDENTIFICADO,PERÚ,47,MASCULINO,SI,VIGENTE,A II A,,,,AUTOMÓVIL,16/07/2023,2023,JULIO,DOMINGO,3,CHOQUE,EN PROCESO DE INVESTIGACIÓN,NO CUENTA CON CAUSA ESPECIFICA,AVENIDA,NO CORRESPONDE,URBANO
A-2023-07-141,V-2023-07-141-2,P-2023-07-141-2-1,LIMA,LIMA,LIMA,CONDUCTOR,FALLECIDO,,EN EL LUGAR DE LOS HECHOS,IDENTIFICADO,PERÚ,33,MASCULINO,SI,VIGENTE,B I,,,,MOTOCICLETA,16/07/2023,2023,JULIO,DOMINGO,3,CHOQUE,EN PROCESO DE INVESTIGACIÓN,NO CUENTA CON CAUSA ESPECIFICA,AVENIDA,NO CORRESPONDE,URBANO
A-2023-07-142,V-2023-07-142-1,P-2023-07-142-1-1,LIMA,LIMA,SAN MARTIN DE PORRES,CONDUCTOR,ILESO,,,IDENTIFICADO,PERÚ,40,MASCULINO,SI,VIGENTE,A III C,,,,MINIBUS,18/07/2023,2023,JULIO,MARTES,14,ATROPELLO,EN PROCESO DE INVESTIGACIÓN,NO CUENTA CON CAUSA ESPECIFICA,AVENIDA,NO CORRESPONDE,URBANO
A-2023-07-142,V-2023-07-142-1,P-2023-07-142-1-2,LIMA,LIMA,SAN MARTIN DE PORRES,PEATÓN,FALLECIDO,,EN EL LUGAR DE LOS HECHOS,IDENTIFICADO,PERÚ,76,MASCULINO,,NO CONDUCTOR,NO CONDUCTOR,,,,MINIBUS,18/07/2023,2023,JULIO,MARTES,14,ATROPELLO,EN PROCESO DE INVESTIGACIÓN,NO CUENTA CON CAUSA ESPECIFICA,AVENIDA,NO CORRESPONDE,URBANO
A-2023-07-143,V-2023-07-143-1,P-2023-07-143-1-1,LIMA,LIMA,PACHACAMAC,CONDUCTOR,FALLECIDO,,EN EL LUGAR DE LOS HECHOS,IDENTIFICADO,PERÚ,40,MASCULINO,,SIN LICENCIA,SIN LICENCIA,,,,MOTOCICLETA,21/07/2023,2023,JULIO,VIERNES,5,CHOQUE,EN PROCESO DE INVESTIGACIÓN,NO CUENTA CON CAUSA ESPECIFICA,AVENIDA,NO CORRESPONDE,URBANO
A-2023-07-143,V-2023-07-143-2,P-2023-07-143-2-1,LIMA,LIMA,PACHACAMAC,CONDUCTOR,ILESO,,,IDENTIFICADO,PERÚ,43,MASCULINO,SI,VIGENTE,A III C,,,,CAMIÓN,21/07/2023,2023,JULIO,VIERNES,5,CHOQUE,EN PROCESO DE INVESTIGACIÓN,NO CUENTA CON CAUSA ESPECIFICA,AVENIDA,NO CORRESPONDE,URBANO
A-2023-07-144,V-2023-07-144-1,P-2023-07-144-1-1,LIMA,LIMA,PUNTA NEGRA,CONDUCTOR,ILESO,,,IDENTIFICADO,PERÚ,30,MASCULINO,SI,VIGENTE,A I,,,,CAMIONETA RURAL,22/07/2023,2023,JULIO,SÁBADO,19,ATROPELLO,IMPRUDENCIA DEL PEATÓN,OTRO (IMPRUDENCIA DEL PEATÓN),CARRETERA NACIONAL,PE-1S,NACIONAL
A-2023-07-144,V-2023-07-144-1,P-2023-07-144-1-2,LIMA,LIMA,PUNTA NEGRA,PEATÓN,FALLECIDO,,EN EL LUGAR DE LOS HECHOS,IDENTIFICADO,PERÚ,19,FEMENINO,,NO CONDUCTOR,NO CONDUCTOR,,,,CAMIONETA RURAL,22/07/2023,2023,JULIO,SÁBADO,19,ATROPELLO,IMPRUDENCIA DEL PEATÓN,OTRO (IMPRUDENCIA DEL PEATÓN),CARRETERA NACIONAL,PE-1S,NACIONAL
A-2023-07-145,V-2023-07-145-1,P-2023-07-145-1-1,LIMA,LIMA,CARABAYLLO,CONDUCTOR,ILESO,,,IDENTIFICADO,PERÚ,39,MASCULINO,,VENCIDA,B II C,,,,MOTOCICLETA,22/07/2023,2023,JULIO,SÁBADO,20,ATROPELLO,EN PROCESO DE INVESTIGACIÓN,NO CUENTA CON CAUSA ESPECIFICA,AVENIDA,NO CORRESPONDE,URBANO
A-2023-07-145,V-2023-07-145-1,P-2023-07-145-1-2,LIMA,LIMA,CARABAYLLO,PEATÓN,FALLECIDO,,EN EL CENTRO DE SALUD,IDENTIFICADO,PERÚ,58,MASCULINO,,NO CONDUCTOR,NO CONDUCTOR,,,,MOTOCICLETA,22/07/2023,2023,JULIO,SÁBADO,20,ATROPELLO,EN PROCESO DE INVESTIGACIÓN,NO CUENTA CON CAUSA ESPECIFICA,AVENIDA,NO CORRESPONDE,URBANO
A-2023-07-146,V-2023-07-146-1,P-2023-07-146-1-1,LIMA,LIMA,LA MOLINA,CONDUCTOR,NO SE CONOCE,,,NO IDENTIFICADO,,,NO INDICA,,SIN DNI IDENTIFICADO,SIN DNI IDENTIFICADO,NO,,NO,AUTOMÓVIL,22/07/2023,2023,JULIO,SÁBADO,21,CHOQUE,EN PROCESO DE INVESTIGACIÓN,NO CUENTA CON CAUSA ESPECIFICA,AVENIDA,NO CORRESPONDE,URBANO
A-2023-07-146,V-2023-07-146-2,P-2023-07-146-2-1,LIMA,LIMA,LA MOLINA,CONDUCTOR,FALLECIDO,,EN EL CENTRO DE SALUD,IDENTIFICADO,VENEZUELA,46,MASCULINO,,SIN LICENCIA,SIN LICENCIA,,,,MOTOCICLETA,22/07/2023,2023,JULIO,SÁBADO,21,CHOQUE,EN PROCESO DE INVESTIGACIÓN,NO CUENTA CON CAUSA ESPECIFICA,AVENIDA,NO CORRESPONDE,URBANO
A-2023-07-147,V-2023-07-147-1,P-2023-07-147-1-1,LIMA,LIMA,INDEPENDENCIA,CONDUCTOR,ILESO,,,IDENTIFICADO,PERÚ,30,MASCULINO,SI,VIGENTE,A I,,,,AUTOMÓVIL,23/07/2023,2023,JULIO,DOMINGO,4,ATROPELLO,EN PROCESO DE INVESTIGACIÓN,NO CUENTA CON CAUSA ESPECIFICA,CARRETERA NACIONAL,PE-1N,NACIONAL
A-2023-07-147,V-2023-07-147-1,P-2023-07-147-1-2,LIMA,LIMA,INDEPENDENCIA,PEATÓN,FALLECIDO,,EN EL CENTRO DE SALUD,NO IDENTIFICADO,,,MASCULINO,,NO CONDUCTOR,NO CONDUCTOR,,,,AUTOMÓVIL,23/07/2023,2023,JULIO,DOMINGO,4,ATROPELLO,EN PROCESO DE INVESTIGACIÓN,NO CUENTA CON CAUSA ESPECIFICA,CARRETERA NACIONAL,PE-1N,NACIONAL
A-2023-07-148,V-2023-07-148-1,P-2023-07-148-1-1,LIMA,LIMA,EL AGUSTINO,CONDUCTOR,ILESO,,,IDENTIFICADO,PERÚ,29,MASCULINO,SI,VIGENTE,B I,,,,MOTOCICLETA,25/07/2023,2023,JULIO,MARTES,14,DESPISTE,EN PROCESO DE INVESTIGACIÓN,NO CUENTA CON CAUSA ESPECIFICA,CARRETERA NACIONAL,PE-1N,NACIONAL
A-2023-07-148,V-2023-07-148-1,P-2023-07-148-1-2,LIMA,LIMA,EL AGUSTINO,PASAJERO,FALLECIDO,,EN EL CENTRO DE SALUD,IDENTIFICADO,PERÚ,4,MASCULINO,,NO CONDUCTOR,NO CONDUCTOR,NO,,NO,MOTOCICLETA,25/07/2023,2023,JULIO,MARTES,14,DESPISTE,EN PROCESO DE INVESTIGACIÓN,NO CUENTA CON CAUSA ESPECIFICA,CARRETERA NACIONAL,PE-1N,NACIONAL
A-2023-07-149,V-2023-07-149-1,P-2023-07-149-1-1,LIMA,LIMA,CHORRILLOS,CONDUCTOR,ILESO,,,IDENTIFICADO,PERÚ,71,MASCULINO,SI,VIGENTE,A III C,,,,CAMIÓN,25/07/2023,2023,JULIO,MARTES,14,ATROPELLO,EN PROCESO DE INVESTIGACIÓN,NO CUENTA CON CAUSA ESPECIFICA,AVENIDA,NO CORRESPONDE,URBANO
A-2023-07-149,V-2023-07-149-1,P-2023-07-149-1-2,LIMA,LIMA,CHORRILLOS,PEATÓN,FALLECIDO,,EN EL CENTRO DE SALUD,IDENTIFICADO,PERÚ,33,FEMENINO,,NO CONDUCTOR,NO CONDUCTOR,,,,CAMIÓN,25/07/2023,2023,JULIO,MARTES,14,ATROPELLO,EN PROCESO DE INVESTIGACIÓN,NO CUENTA CON CAUSA ESPECIFICA,AVENIDA,NO CORRESPONDE,URBANO
A-2023-07-150,V-2023-07-150-1,P-2023-07-150-1-1,LIMA,LIMA,CARABAYLLO,CONDUCTOR,ILESO,,,IDENTIFICADO,PERÚ,35,MASCULINO,SI,VIGENTE,A III A,,,,ÓMNIBUS,26/07/2023,2023,JULIO,MIÉRCOLES,7,CHOQUE,EN PROCESO DE INVESTIGACIÓN,NO CUENTA CON CAUSA ESPECIFICA,AVENIDA,NO CORRESPONDE,URBANO
A-2023-07-150,V-2023-07-150-1,P-2023-07-150-1-2,LIMA,LIMA,CARABAYLLO,PASAJERO,FALLECIDO,,EN EL LUGAR DE LOS HECHOS,IDENTIFICADO,PERÚ,24,MASCULINO,,NO CONDUCTOR,NO CONDUCTOR,,,,ÓMNIBUS,26/07/2023,2023,JULIO,MIÉRCOLES,7,CHOQUE,EN PROCESO DE INVESTIGACIÓN,NO CUENTA CON CAUSA ESPECIFICA,AVENIDA,NO CORRESPONDE,URBANO
A-2023-07-150,V-2023-07-150-2,P-2023-07-150-2-1,LIMA,LIMA,CARABAYLLO,CONDUCTOR,ILESO,,,IDENTIFICADO,PERÚ,34,MASCULINO,SI,VIGENTE,A III A,,,,ÓMNIBUS,26/07/2023,2023,JULIO,MIÉRCOLES,7,CHOQUE,EN PROCESO DE INVESTIGACIÓN,NO CUENTA CON CAUSA ESPECIFICA,AVENIDA,NO CORRESPONDE,URBANO
A-2023-07-90,V-2023-07-90-1,P-2023-07-90-1-1,CALLAO,CALLAO,CALLAO,CONDUCTOR,ILESO,,,IDENTIFICADO,VENEZUELA,30,MASCULINO,,SIN LICENCIA,SIN LICENCIA,,,,MOTOCICLETA,26/07/2023,2023,JULIO,MIÉRCOLES,22,CHOQUE,EN PROCESO DE INVESTIGACIÓN,NO CUENTA CON CAUSA ESPECIFICA,AVENIDA,NO CORRESPONDE,URBANO
A-2023-07-90,V-2023-07-90-1,P-2023-07-90-1-2,CALLAO,CALLAO,CALLAO,PASAJERO,FALLECIDO,,CAMINO AL CENTRO DE SALUD,IDENTIFICADO,PERÚ,24,MASCULINO,,NO CONDUCTOR,NO CONDUCTOR,,,,MOTOCICLETA,26/07/2023,2023,JULIO,MIÉRCOLES,22,CHOQUE,EN PROCESO DE INVESTIGACIÓN,NO CUENTA CON CAUSA ESPECIFICA,AVENIDA,NO CORRESPONDE,URBANO
A-2023-07-90,V-2023-07-90-2,P-2023-07-90-2-1,CALLAO,CALLAO,CALLAO,CONDUCTOR,ILESO,,,IDENTIFICADO,PERÚ,48,MASCULINO,SI,VIGENTE,A I,NO,,SI,AUTOMÓVIL,26/07/2023,2023,JULIO,MIÉRCOLES,22,CHOQUE,EN PROCESO DE INVESTIGACIÓN,NO CUENTA CON CAUSA ESPECIFICA,AVENIDA,NO CORRESPONDE,URBANO
A-2023-07-151,V-2023-07-151-1,P-2023-07-151-1-1,LIMA,LIMA,CARABAYLLO,CONDUCTOR FUGADO,NO SE CONOCE,,,NO IDENTIFICADO,,,NO INDICA,,FUGADO,FUGADO,NO,,NO,VEHICULO NO IDENTIFICADO,27/07/2023,2023,JULIO,JUEVES,11,ATROPELLO FUGA,EN PROCESO DE INVESTIGACIÓN,NO CUENTA CON CAUSA ESPECIFICA,CALLE,NO CORRESPONDE,URBANO
A-2023-07-151,V-2023-07-151-1,P-2023-07-151-1-2,LIMA,LIMA,CARABAYLLO,PEATÓN,FALLECIDO,,EN EL LUGAR DE LOS HECHOS,IDENTIFICADO,PERÚ,86,FEMENINO,,NO CONDUCTOR,NO CONDUCTOR,,,,VEHICULO NO IDENTIFICADO,27/07/2023,2023,JULIO,JUEVES,11,ATROPELLO FUGA,EN PROCESO DE INVESTIGACIÓN,NO CUENTA CON CAUSA ESPECIFICA,CALLE,NO CORRESPONDE,URBANO
A-2023-07-152,V-2023-07-152-1,P-2023-07-152-1-1,LIMA,LIMA,SAN JUAN DE MIRAFLORES,CONDUCTOR,FALLECIDO,,EN EL LUGAR DE LOS HECHOS,IDENTIFICADO,VENEZUELA,57,MASCULINO,,SIN LICENCIA,OTRO,,,,MOTOCICLETA,27/07/2023,2023,JULIO,JUEVES,11,DESPISTE,EN PROCESO DE INVESTIGACIÓN,NO CUENTA CON CAUSA ESPECIFICA,CARRETERA NACIONAL,PE-1S,NACIONAL
A-2023-07-153,V-2023-07-153-1,P-2023-07-153-1-1,LIMA,LIMA,VILLA EL SALVADOR,CONDUCTOR FUGADO,NO SE CONOCE,,,NO IDENTIFICADO,,,NO INDICA,,FUGADO,FUGADO,NO,,NO,VEHICULO NO IDENTIFICADO,29/07/2023,2023,JULIO,SÁBADO,6,ATROPELLO FUGA,EN PROCESO DE INVESTIGACIÓN,NO CUENTA CON CAUSA ESPECIFICA,AVENIDA,NO CORRESPONDE,URBANO
A-2023-07-153,V-2023-07-153-1,P-2023-07-153-1-2,LIMA,LIMA,VILLA EL SALVADOR,PEATÓN,FALLECIDO,,EN EL LUGAR DE LOS HECHOS,IDENTIFICADO,PERÚ,66,FEMENINO,,NO CONDUCTOR,NO CONDUCTOR,,,,VEHICULO NO IDENTIFICADO,29/07/2023,2023,JULIO,SÁBADO,6,ATROPELLO FUGA,EN PROCESO DE INVESTIGACIÓN,NO CUENTA CON CAUSA ESPECIFICA,AVENIDA,NO CORRESPONDE,URBANO
A-2023-07-154,V-2023-07-154-1,P-2023-07-154-1-1,LIMA,LIMA,SANTIAGO DE SURCO,CONDUCTOR,FALLECIDO,,EN EL LUGAR DE LOS HECHOS,IDENTIFICADO,PERÚ,38,MASCULINO,SI,VIGENTE,B II C,,,,MOTOCICLETA,29/07/2023,2023,JULIO,SÁBADO,22,CHOQUE,EN PROCESO DE INVESTIGACIÓN,NO CUENTA CON CAUSA ESPECIFICA,CARRETERA NACIONAL,PE-1S,NACIONAL
A-2023-07-154,V-2023-07-154-2,P-2023-07-154-2-1,LIMA,LIMA,SANTIAGO DE SURCO,CONDUCTOR,FALLECIDO,,EN EL CENTRO DE SALUD,IDENTIFICADO,VENEZUELA,30,MASCULINO,SI,VIGENTE,B I,,,,TRIMOTO PASAJERO,29/07/2023,2023,JULIO,SÁBADO,22,CHOQUE,EN PROCESO DE INVESTIGACIÓN,NO CUENTA CON CAUSA ESPECIFICA,CARRETERA NACIONAL,PE-1S,NACIONAL
A-2023-08-85,V-2023-08-85-1,P-2023-08-85-1-1,LIMA,LIMA,COMAS,CONDUCTOR,ILESO,,,IDENTIFICADO,,40,MASCULINO,,RETENIDA,A II B,,,,MINIBUS,01/08/2023,2023,AGOSTO,MARTES,11,CHOQUE,EN PROCESO DE INVESTIGACIÓN,NO CUENTA CON CAUSA ESPECIFICA,AVENIDA,NO CORRESPONDE,URBANO
A-2023-08-85,V-2023-08-85-2,P-2023-08-85-2-1,LIMA,LIMA,COMAS,CONDUCTOR,FALLECIDO,,,IDENTIFICADO,,70,MASCULINO,,NO CORRESPONDE,NO CORRESPONDE,,,,BICICLETA,01/08/2023,2023,AGOSTO,MARTES,11,CHOQUE,EN PROCESO DE INVESTIGACIÓN,NO CUENTA CON CAUSA ESPECIFICA,AVENIDA,NO CORRESPONDE,URBANO
A-2023-08-86,V-2023-08-86-1,P-2023-08-86-1-1,LIMA,LIMA,VILLA EL SALVADOR,CONDUCTOR,ILESO,,,IDENTIFICADO,PERÚ,48,MASCULINO,,SIN LICENCIA,SIN LICENCIA,,,,STATION WAGON,04/08/2023,2023,AGOSTO,VIERNES,6,CHOQUE,IMPRUDENCIA DEL CONDUCTOR,EXCESO DE VELOCIDAD,AVENIDA,NO CORRESPONDE,URBANO
A-2023-08-86,V-2023-08-86-2,P-2023-08-86-2-1,LIMA,LIMA,VILLA EL SALVADOR,CONDUCTOR,FALLECIDO,,EN EL LUGAR DE LOS HECHOS,IDENTIFICADO,PERÚ,24,MASCULINO,SI,VIGENTE,B I,,,,MOTOCICLETA,04/08/2023,2023,AGOSTO,VIERNES,6,CHOQUE,IMPRUDENCIA DEL CONDUCTOR,EXCESO DE VELOCIDAD,AVENIDA,NO CORRESPONDE,URBANO
A-2023-08-151,V-2023-08-151-1,P-2023-08-151-1-1,CALLAO,CALLAO,CALLAO,CONDUCTOR,ILESO,,,IDENTIFICADO,PERÚ,36,MASCULINO,SI,VIGENTE,A III C,NO,,SI,REMOLCADOR,05/08/2023,2023,AGOSTO,SÁBADO,10,ATROPELLO,IMPRUDENCIA DEL PEATÓN,OTRO (IMPRUDENCIA DEL PEATÓN),AVENIDA,NO CORRESPONDE,URBANO
A-2023-08-151,V-2023-08-151-1,P-2023-08-151-1-2,CALLAO,CALLAO,CALLAO,PEATÓN,FALLECIDO,,EN EL LUGAR DE LOS HECHOS,IDENTIFICADO,PERÚ,48,MASCULINO,,NO CONDUCTOR,NO CONDUCTOR,NO,,SI,REMOLCADOR,05/08/2023,2023,AGOSTO,SÁBADO,10,ATROPELLO,IMPRUDENCIA DEL PEATÓN,OTRO (IMPRUDENCIA DEL PEATÓN),AVENIDA,NO CORRESPONDE,URBANO
A-2023-08-89,V-2023-08-89-1,P-2023-08-89-1-1,LIMA,LIMA,ATE,CONDUCTOR,ILESO,,,IDENTIFICADO,PERÚ,23,MASCULINO,SI,VIGENTE,B I,,,,MOTOCICLETA,06/08/2023,2023,AGOSTO,DOMINGO,20,ATROPELLO,EN PROCESO DE INVESTIGACIÓN,NO CUENTA CON CAUSA ESPECIFICA,AVENIDA,NO CORRESPONDE,URBANO
A-2023-08-89,V-2023-08-89-1,P-2023-08-89-1-2,LIMA,LIMA,ATE,PEATÓN,FALLECIDO,,EN EL CENTRO DE SALUD,IDENTIFICADO,PERÚ,70,MASCULINO,,NO CONDUCTOR,NO CONDUCTOR,,,,MOTOCICLETA,06/08/2023,2023,AGOSTO,DOMINGO,20,ATROPELLO,EN PROCESO DE INVESTIGACIÓN,NO CUENTA CON CAUSA ESPECIFICA,AVENIDA,NO CORRESPONDE,URBANO
A-2023-08-87,V-2023-08-87-1,P-2023-08-87-1-1,LIMA,LIMA,LOS OLIVOS,CONDUCTOR FUGADO,NO SE CONOCE,,,NO IDENTIFICADO,,,NO INDICA,,FUGADO,FUGADO,NO,,NO,VEHICULO NO IDENTIFICADO,07/08/2023,2023,AGOSTO,LUNES,0,ATROPELLO FUGA,EN PROCESO DE INVESTIGACIÓN,NO CUENTA CON CAUSA ESPECIFICA,CARRETERA NACIONAL,PE-1N,NACIONAL
A-2023-08-87,V-2023-08-87-1,P-2023-08-87-1-2,LIMA,LIMA,LOS OLIVOS,PEATÓN,FALLECIDO,,EN EL CENTRO DE SALUD,IDENTIFICADO,PERÚ,43,MASCULINO,,NO CONDUCTOR,NO CONDUCTOR,,,,VEHICULO NO IDENTIFICADO,07/08/2023,2023,AGOSTO,LUNES,0,ATROPELLO FUGA,EN PROCESO DE INVESTIGACIÓN,NO CUENTA CON CAUSA ESPECIFICA,CARRETERA NACIONAL,PE-1N,NACIONAL
A-2023-08-88,V-2023-08-88-1,P-2023-08-88-1-1,LIMA,LIMA,LURIN,CONDUCTOR,ILESO,,,IDENTIFICADO,PERÚ,41,MASCULINO,SI,VIGENTE,A II B,,,,AUTOMÓVIL,07/08/2023,2023,AGOSTO,LUNES,6,ATROPELLO,EN PROCESO DE INVESTIGACIÓN,NO CUENTA CON CAUSA ESPECIFICA,CARRETERA NACIONAL,PE-1S,NACIONAL
A-2023-08-88,V-2023-08-88-1,P-2023-08-88-1-2,LIMA,LIMA,LURIN,PEATÓN,FALLECIDO,,EN EL LUGAR DE LOS HECHOS,IDENTIFICADO,PERÚ,20,FEMENINO,,NO CONDUCTOR,NO CONDUCTOR,,,,AUTOMÓVIL,07/08/2023,2023,AGOSTO,LUNES,6,ATROPELLO,EN PROCESO DE INVESTIGACIÓN,NO CUENTA CON CAUSA ESPECIFICA,CARRETERA NACIONAL,PE-1S,NACIONAL
A-2023-08-90,V-2023-08-90-1,P-2023-08-90-1-1,LIMA,LIMA,LIMA,CONDUCTOR,FALLECIDO,,EN EL LUGAR DE LOS HECHOS,IDENTIFICADO,PERÚ,24,MASCULINO,SI,VIGENTE,B I,,,,MOTOCICLETA,07/08/2023,2023,AGOSTO,LUNES,22,VOLCADURA,EN PROCESO DE INVESTIGACIÓN,NO CUENTA CON CAUSA ESPECIFICA,AVENIDA,NO CORRESPONDE,URBANO
A-2023-08-90,V-2023-08-90-1,P-2023-08-90-1-2,LIMA,LIMA,LIMA,PASAJERO,LESIONADO,CENTRO DE SALUD PRIVADO,,IDENTIFICADO,PERÚ,21,FEMENINO,,NO CONDUCTOR,NO CONDUCTOR,,,,MOTOCICLETA,07/08/2023,2023,AGOSTO,LUNES,22,VOLCADURA,EN PROCESO DE INVESTIGACIÓN,NO CUENTA CON CAUSA ESPECIFICA,AVENIDA,NO CORRESPONDE,URBANO
A-2023-08-91,V-2023-08-91-1,P-2023-08-91-1-1,LIMA,LIMA,LA VICTORIA,CONDUCTOR,ILESO,,,IDENTIFICADO,PERÚ,68,MASCULINO,SI,VIGENTE,A III C,,,,ÓMNIBUS,09/08/2023,2023,AGOSTO,MIÉRCOLES,16,CHOQUE,IMPRUDENCIA DEL CONDUCTOR,OTRO (IMPRUDENCIA DEL CONDUCTOR),AVENIDA,NO CORRESPONDE,URBANO
A-2023-08-91,V-2023-08-91-2,P-2023-08-91-2-1,LIMA,LIMA,LA VICTORIA,CONDUCTOR,FALLECIDO,,EN EL LUGAR DE LOS HECHOS,IDENTIFICADO,PERÚ,48,MASCULINO,,NO CORRESPONDE,NO CORRESPONDE,,,,BICICLETA,09/08/2023,2023,AGOSTO,MIÉRCOLES,16,CHOQUE,IMPRUDENCIA DEL CONDUCTOR,OTRO (IMPRUDENCIA DEL CONDUCTOR),AVENIDA,NO CORRESPONDE,URBANO
A-2023-08-92,V-2023-08-92-1,P-2023-08-92-1-1,LIMA,LIMA,CARABAYLLO,CONDUCTOR,ILESO,,,IDENTIFICADO,PERÚ,34,MASCULINO,SI,VIGENTE,A III C,,,,ÓMNIBUS,09/08/2023,2023,AGOSTO,MIÉRCOLES,19,ATROPELLO,EN PROCESO DE INVESTIGACIÓN,NO CUENTA CON CAUSA ESPECIFICA,AVENIDA,NO CORRESPONDE,URBANO
A-2023-08-92,V-2023-08-92-1,P-2023-08-92-1-2,LIMA,LIMA,CARABAYLLO,PEATÓN,FALLECIDO,,EN EL LUGAR DE LOS HECHOS,NO IDENTIFICADO,PERÚ,,MASCULINO,,NO CONDUCTOR,NO CONDUCTOR,,,,ÓMNIBUS,09/08/2023,2023,AGOSTO,MIÉRCOLES,19,ATROPELLO,EN PROCESO DE INVESTIGACIÓN,NO CUENTA CON CAUSA ESPECIFICA,AVENIDA,NO CORRESPONDE,URBANO
A-2023-08-93,V-2023-08-93-1,P-2023-08-93-1-1,LIMA,LIMA,BREÑA,CONDUCTOR,ILESO,,,IDENTIFICADO,PERÚ,55,MASCULINO,SI,VIGENTE,A I,,,,AUTOMÓVIL,11/08/2023,2023,AGOSTO,VIERNES,9,ATROPELLO,EN PROCESO DE INVESTIGACIÓN,NO CUENTA CON CAUSA ESPECIFICA,AVENIDA,NO CORRESPONDE,URBANO
A-2023-08-93,V-2023-08-93-1,P-2023-08-93-1-2,LIMA,LIMA,BREÑA,PEATÓN,FALLECIDO,,EN EL CENTRO DE SALUD,IDENTIFICADO,PERÚ,95,MASCULINO,,NO CONDUCTOR,NO CONDUCTOR,,,,AUTOMÓVIL,11/08/2023,2023,AGOSTO,VIERNES,9,ATROPELLO,EN PROCESO DE INVESTIGACIÓN,NO CUENTA CON CAUSA ESPECIFICA,AVENIDA,NO CORRESPONDE,URBANO
A-2023-08-94,V-2023-08-94-1,P-2023-08-94-1-1,LIMA,LIMA,ATE,CONDUCTOR,ILESO,,,IDENTIFICADO,PERÚ,32,MASCULINO,SI,VIGENTE,A II A,,,,AUTOMÓVIL,13/08/2023,2023,AGOSTO,DOMINGO,5,CHOQUE,EN PROCESO DE INVESTIGACIÓN,NO CUENTA CON CAUSA ESPECIFICA,CARRETERA NACIONAL,PE-22,NACIONAL
A-2023-08-94,V-2023-08-94-2,P-2023-08-94-2-1,LIMA,LIMA,ATE,CONDUCTOR,FALLECIDO,,EN EL LUGAR DE LOS HECHOS,IDENTIFICADO,PERÚ,47,FEMENINO,,NO CORRESPONDE,NO CORRESPONDE,,,,BICICLETA,13/08/2023,2023,AGOSTO,DOMINGO,5,CHOQUE,EN PROCESO DE INVESTIGACIÓN,NO CUENTA CON CAUSA ESPECIFICA,CARRETERA NACIONAL,PE-22,NACIONAL
A-2023-08-95,V-2023-08-95-1,P-2023-08-95-1-1,LIMA,LIMA,LA VICTORIA,CONDUCTOR,ILESO,,,IDENTIFICADO,PERÚ,48,MASCULINO,SI,VIGENTE,A III C,,,,ÓMNIBUS,14/08/2023,2023,AGOSTO,LUNES,6,ATROPELLO,EN PROCESO DE INVESTIGACIÓN,NO CUENTA CON CAUSA ESPECIFICA,JIRÓN,NO CORRESPONDE,URBANO
A-2023-08-95,V-2023-08-95-1,P-2023-08-95-1-2,LIMA,LIMA,LA VICTORIA,PEATÓN,FALLECIDO,,EN EL LUGAR DE LOS HECHOS,IDENTIFICADO,PERÚ,51,MASCULINO,,NO CONDUCTOR,NO CONDUCTOR,,,,ÓMNIBUS,14/08/2023,2023,AGOSTO,LUNES,6,ATROPELLO,EN PROCESO DE INVESTIGACIÓN,NO CUENTA CON CAUSA ESPECIFICA,JIRÓN,NO CORRESPONDE,URBANO
A-2023-08-96,V-2023-08-96-1,P-2023-08-96-1-1,LIMA,LIMA,VILLA MARIA DEL TRIUNFO,CONDUCTOR,ILESO,,,IDENTIFICADO,PERÚ,30,MASCULINO,SI,VIGENTE,A I,,,,AUTOMÓVIL,14/08/2023,2023,AGOSTO,LUNES,23,CHOQUE,EN PROCESO DE INVESTIGACIÓN,NO CUENTA CON CAUSA ESPECIFICA,AVENIDA,NO CORRESPONDE,URBANO
A-2023-08-96,V-2023-08-96-2,P-2023-08-96-2-1,LIMA,LIMA,VILLA MARIA DEL TRIUNFO,CONDUCTOR,FALLECIDO,,EN EL LUGAR DE LOS HECHOS,IDENTIFICADO,PERÚ,54,MASCULINO,,VENCIDA,B II C,,,,TRIMOTO PASAJERO,14/08/2023,2023,AGOSTO,LUNES,23,CHOQUE,EN PROCESO DE INVESTIGACIÓN,NO CUENTA CON CAUSA ESPECIFICA,AVENIDA,NO CORRESPONDE,URBANO
A-2023-08-97,V-2023-08-97-1,P-2023-08-97-1-1,LIMA,LIMA,EL AGUSTINO,CONDUCTOR,FALLECIDO,,EN EL LUGAR DE LOS HECHOS,IDENTIFICADO,VENEZUELA,33,MASCULINO,SI,VIGENTE,B I,,,,MOTOCICLETA,16/08/2023,2023,AGOSTO,MIÉRCOLES,15,CHOQUE,EN PROCESO DE INVESTIGACIÓN,NO CUENTA CON CAUSA ESPECIFICA,CARRETERA NACIONAL,PE-1N,NACIONAL
A-2023-08-97,V-2023-08-97-2,P-2023-08-97-2-1,LIMA,LIMA,EL AGUSTINO,CONDUCTOR,ILESO,,,IDENTIFICADO,PERÚ,31,MASCULINO,SI,VIGENTE,A III B,,,,REMOLCADOR-SEMIREMOLQUE,16/08/2023,2023,AGOSTO,MIÉRCOLES,15,CHOQUE,EN PROCESO DE INVESTIGACIÓN,NO CUENTA CON CAUSA ESPECIFICA,CARRETERA NACIONAL,PE-1N,NACIONAL
A-2023-08-98,V-2023-08-98-1,P-2023-08-98-1-1,LIMA,LIMA,CHORRILLOS,CONDUCTOR,ILESO,,,IDENTIFICADO,PERÚ,61,MASCULINO,SI,VIGENTE,A II B,,,,CAMIÓN,17/08/2023,2023,AGOSTO,JUEVES,11,ATROPELLO,EN PROCESO DE INVESTIGACIÓN,NO CUENTA CON CAUSA ESPECIFICA,AVENIDA,NO CORRESPONDE,URBANO
A-2023-08-98,V-2023-08-98-1,P-2023-08-98-1-2,LIMA,LIMA,CHORRILLOS,PEATÓN,FALLECIDO,,EN EL LUGAR DE LOS HECHOS,IDENTIFICADO,PERÚ,56,FEMENINO,,NO CONDUCTOR,NO CONDUCTOR,,,,CAMIÓN,17/08/2023,2023,AGOSTO,JUEVES,11,ATROPELLO,EN PROCESO DE INVESTIGACIÓN,NO CUENTA CON CAUSA ESPECIFICA,AVENIDA,NO CORRESPONDE,URBANO
A-2023-08-118,V-2023-08-118-1,P-2023-08-118-1-1,CALLAO,CALLAO,CALLAO,CONDUCTOR,ILESO,,,IDENTIFICADO,PERÚ,52,MASCULINO,SI,VIGENTE,A II B,NO,,SI,CAMIÓN,18/08/2023,2023,AGOSTO,VIERNES,6,ATROPELLO,IMPRUDENCIA DEL CONDUCTOR,INVASIÓN DE CARRIL,AVENIDA,NO CORRESPONDE,URBANO
A-2023-08-118,V-2023-08-118-1,P-2023-08-118-1-2,CALLAO,CALLAO,CALLAO,PEATÓN,FALLECIDO,,EN EL LUGAR DE LOS HECHOS,IDENTIFICADO,PERÚ,2,MASCULINO,,NO CONDUCTOR,NO CONDUCTOR,NO,,,CAMIÓN,18/08/2023,2023,AGOSTO,VIERNES,6,ATROPELLO,IMPRUDENCIA DEL CONDUCTOR,INVASIÓN DE CARRIL,AVENIDA,NO CORRESPONDE,URBANO
A-2023-08-99,V-2023-08-99-1,P-2023-08-99-1-1,LIMA,LIMA,LURIN,CONDUCTOR,FALLECIDO,,EN EL LUGAR DE LOS HECHOS,IDENTIFICADO,PERÚ,35,MASCULINO,,SIN LICENCIA,SIN LICENCIA,,,,AUTOMÓVIL,18/08/2023,2023,AGOSTO,VIERNES,21,DESPISTE,EN PROCESO DE INVESTIGACIÓN,NO CUENTA CON CAUSA ESPECIFICA,AVENIDA,NO CORRESPONDE,URBANO
A-2023-08-166,V-2023-08-166-1,P-2023-08-166-1-1,LIMA,LIMA,LOS OLIVOS,CONDUCTOR,ILESO,,,IDENTIFICADO,,21,MASCULINO,,SIN DNI IDENTIFICADO,SIN DNI IDENTIFICADO,,,,MOTOCICLETA,19/08/2023,2023,AGOSTO,SÁBADO,7,CHOQUE,IMPRUDENCIA DEL CONDUCTOR,EXCESO DE VELOCIDAD,AVENIDA,NO CORRESPONDE,URBANO
A-2023-08-166,V-2023-08-166-2,P-2023-08-166-2-1,LIMA,LIMA,LOS OLIVOS,CONDUCTOR,FALLECIDO,,,IDENTIFICADO,,68,MASCULINO,,NO CORRESPONDE,NO CORRESPONDE,,,,BICICLETA,19/08/2023,2023,AGOSTO,SÁBADO,7,CHOQUE,IMPRUDENCIA DEL CONDUCTOR,EXCESO DE VELOCIDAD,AVENIDA,NO CORRESPONDE,URBANO
A-2023-08-100,V-2023-08-100-1,P-2023-08-100-1-1,LIMA,LIMA,ATE,CONDUCTOR FUGADO,NO SE CONOCE,,,NO IDENTIFICADO,,,NO INDICA,,FUGADO,FUGADO,NO,,NO,VEHICULO NO IDENTIFICADO,20/08/2023,2023,AGOSTO,DOMINGO,15,ATROPELLO FUGA,EN PROCESO DE INVESTIGACIÓN,NO CUENTA CON CAUSA ESPECIFICA,AVENIDA,NO CORRESPONDE,URBANO
A-2023-08-100,V-2023-08-100-1,P-2023-08-100-1-2,LIMA,LIMA,ATE,PEATÓN,FALLECIDO,,EN EL CENTRO DE SALUD,IDENTIFICADO,PERÚ,78,FEMENINO,,NO CONDUCTOR,NO CONDUCTOR,,,,VEHICULO NO IDENTIFICADO,20/08/2023,2023,AGOSTO,DOMINGO,15,ATROPELLO FUGA,EN PROCESO DE INVESTIGACIÓN,NO CUENTA CON CAUSA ESPECIFICA,AVENIDA,NO CORRESPONDE,URBANO
A-2023-08-167,V-2023-08-167-1,P-2023-08-167-1-1,LIMA,LIMA,SAN JUAN DE LURIGANCHO,CONDUCTOR,ILESO,,,IDENTIFICADO,PERÚ,36,MASCULINO,SI,VIGENTE,B II C,NO,,SI,MOTOCICLETA,20/08/2023,2023,AGOSTO,DOMINGO,17,ATROPELLO,IMPRUDENCIA DEL CONDUCTOR,EXCESO DE VELOCIDAD,AVENIDA,NO CORRESPONDE,URBANO
A-2023-08-167,V-2023-08-167-1,P-2023-08-167-1-2,LIMA,LIMA,SAN JUAN DE LURIGANCHO,PEATÓN,FALLECIDO,,EN EL CENTRO DE SALUD,IDENTIFICADO,PERÚ,83,MASCULINO,,NO CONDUCTOR,NO CONDUCTOR,NO,,SI,MOTOCICLETA,20/08/2023,2023,AGOSTO,DOMINGO,17,ATROPELLO,IMPRUDENCIA DEL CONDUCTOR,EXCESO DE VELOCIDAD,AVENIDA,NO CORRESPONDE,URBANO
A-2023-08-101,V-2023-08-101-1,P-2023-08-101-1-1,LIMA,LIMA,CHORRILLOS,CONDUCTOR,ILESO,,,IDENTIFICADO,PERÚ,20,MASCULINO,SI,VIGENTE,B II C,,,,MOTOCICLETA,22/08/2023,2023,AGOSTO,MARTES,15,ATROPELLO,EN PROCESO DE INVESTIGACIÓN,NO CUENTA CON CAUSA ESPECIFICA,AVENIDA,NO CORRESPONDE,URBANO
A-2023-08-101,V-2023-08-101-1,P-2023-08-101-1-2,LIMA,LIMA,CHORRILLOS,PEATÓN,FALLECIDO,,EN EL CENTRO DE SALUD,IDENTIFICADO,PERÚ,81,MASCULINO,,NO CONDUCTOR,NO CONDUCTOR,,,,MOTOCICLETA,22/08/2023,2023,AGOSTO,MARTES,15,ATROPELLO,EN PROCESO DE INVESTIGACIÓN,NO CUENTA CON CAUSA ESPECIFICA,AVENIDA,NO CORRESPONDE,URBANO
A-2023-08-102,V-2023-08-102-1,P-2023-08-102-1-1,LIMA,LIMA,CHORRILLOS,CONDUCTOR,FALLECIDO,,EN EL LUGAR DE LOS HECHOS,IDENTIFICADO,PERÚ,24,MASCULINO,SI,VIGENTE,B I,,,,MOTOCICLETA,23/08/2023,2023,AGOSTO,MIÉRCOLES,6,CHOQUE,EN PROCESO DE INVESTIGACIÓN,NO CUENTA CON CAUSA ESPECIFICA,AVENIDA,NO CORRESPONDE,URBANO
A-2023-08-102,V-2023-08-102-2,P-2023-08-102-2-1,LIMA,LIMA,CHORRILLOS,CONDUCTOR,ILESO,,,IDENTIFICADO,PERÚ,53,MASCULINO,SI,VIGENTE,A III C,,,,ÓMNIBUS,23/08/2023,2023,AGOSTO,MIÉRCOLES,6,CHOQUE,EN PROCESO DE INVESTIGACIÓN,NO CUENTA CON CAUSA ESPECIFICA,AVENIDA,NO CORRESPONDE,URBANO
A-2023-08-103,V-2023-08-103-1,P-2023-08-103-1-1,LIMA,LIMA,COMAS,CONDUCTOR,LESIONADO,CENTRO DE SALUD PÚBLICO,,IDENTIFICADO,PERÚ,25,MASCULINO,SI,VIGENTE,B II C,,,,MOTOCICLETA,24/08/2023,2023,AGOSTO,JUEVES,7,ATROPELLO,EN PROCESO DE INVESTIGACIÓN,NO CUENTA CON CAUSA ESPECIFICA,AVENIDA,NO CORRESPONDE,URBANO
A-2023-08-103,V-2023-08-103-1,P-2023-08-103-1-2,LIMA,LIMA,COMAS,PEATÓN,FALLECIDO,,EN EL LUGAR DE LOS HECHOS,IDENTIFICADO,PERÚ,36,FEMENINO,,NO CONDUCTOR,NO CONDUCTOR,,,,MOTOCICLETA,24/08/2023,2023,AGOSTO,JUEVES,7,ATROPELLO,EN PROCESO DE INVESTIGACIÓN,NO CUENTA CON CAUSA ESPECIFICA,AVENIDA,NO CORRESPONDE,URBANO
A-2023-08-105,V-2023-08-105-1,P-2023-08-105-1-1,LIMA,LIMA,RIMAC,CONDUCTOR,ILESO,,,IDENTIFICADO,PERÚ,55,MASCULINO,SI,VIGENTE,A III B,,,,CAMIÓN,24/08/2023,2023,AGOSTO,JUEVES,15,ATROPELLO,EN PROCESO DE INVESTIGACIÓN,NO CUENTA CON CAUSA ESPECIFICA,AVENIDA,NO CORRESPONDE,URBANO
A-2023-08-105,V-2023-08-105-1,P-2023-08-105-1-2,LIMA,LIMA,RIMAC,PEATÓN,FALLECIDO,,EN EL LUGAR DE LOS HECHOS,IDENTIFICADO,PERÚ,56,FEMENINO,,NO CONDUCTOR,NO CONDUCTOR,,,,CAMIÓN,24/08/2023,2023,AGOSTO,JUEVES,15,ATROPELLO,EN PROCESO DE INVESTIGACIÓN,NO CUENTA CON CAUSA ESPECIFICA,AVENIDA,NO CORRESPONDE,URBANO
A-2023-08-104,V-2023-08-104-1,P-2023-08-104-1-1,LIMA,LIMA,PUNTA HERMOSA,CONDUCTOR FUGADO,NO SE CONOCE,,,NO IDENTIFICADO,,,NO INDICA,,FUGADO,FUGADO,NO,,NO,AUTOMÓVIL,24/08/2023,2023,AGOSTO,JUEVES,23,DESPISTE,IMPRUDENCIA DEL CONDUCTOR,OTRO (IMPRUDENCIA DEL CONDUCTOR),AVENIDA,NO CORRESPONDE,URBANO
A-2023-08-104,V-2023-08-104-1,P-2023-08-104-1-2,LIMA,LIMA,PUNTA HERMOSA,PEATÓN,FALLECIDO,,EN EL LUGAR DE LOS HECHOS,IDENTIFICADO,PERÚ,31,MASCULINO,,NO CONDUCTOR,NO CONDUCTOR,,,,AUTOMÓVIL,24/08/2023,2023,AGOSTO,JUEVES,23,DESPISTE,IMPRUDENCIA DEL CONDUCTOR,OTRO (IMPRUDENCIA DEL CONDUCTOR),AVENIDA,NO CORRESPONDE,URBANO
A-2023-08-152,V-2023-08-152-1,P-2023-08-152-1-1,CALLAO,CALLAO,LA PERLA,CONDUCTOR,ILESO,,,IDENTIFICADO,PERÚ,52,MASCULINO,SI,VIGENTE,A I,NO,,SI,AUTOMÓVIL,26/08/2023,2023,AGOSTO,SÁBADO,19,ATROPELLO,IMPRUDENCIA DEL PEATÓN,CRUCE INDEBIDO POR LA CALZADA,AVENIDA,NO CORRESPONDE,URBANO
A-2023-08-152,V-2023-08-152-1,P-2023-08-152-1-2,CALLAO,CALLAO,LA PERLA,PEATÓN,FALLECIDO,,EN EL CENTRO DE SALUD,IDENTIFICADO,PERÚ,61,FEMENINO,,NO CONDUCTOR,NO CONDUCTOR,NO,,NO,AUTOMÓVIL,26/08/2023,2023,AGOSTO,SÁBADO,19,ATROPELLO,IMPRUDENCIA DEL PEATÓN,CRUCE INDEBIDO POR LA CALZADA,AVENIDA,NO CORRESPONDE,URBANO
A-2023-08-106,V-2023-08-106-1,P-2023-08-106-1-1,LIMA,LIMA,PUENTE PIEDRA,CONDUCTOR,ILESO,,,IDENTIFICADO,PERÚ,27,MASCULINO,SI,VIGENTE,B II C,,,,TRIMOTO PASAJERO,27/08/2023,2023,AGOSTO,DOMINGO,2,CHOQUE,EN PROCESO DE INVESTIGACIÓN,NO CUENTA CON CAUSA ESPECIFICA,AVENIDA,NO CORRESPONDE,URBANO
A-2023-08-106,V-2023-08-106-1,P-2023-08-106-1-2,LIMA,LIMA,PUENTE PIEDRA,PASAJERO,LESIONADO,CENTRO DE SALUD PÚBLICO,,IDENTIFICADO,VENEZUELA,41,MASCULINO,,NO CONDUCTOR,NO CONDUCTOR,,,,TRIMOTO PASAJERO,27/08/2023,2023,AGOSTO,DOMINGO,2,CHOQUE,EN PROCESO DE INVESTIGACIÓN,NO CUENTA CON CAUSA ESPECIFICA,AVENIDA,NO CORRESPONDE,URBANO
A-2023-08-106,V-2023-08-106-1,P-2023-08-106-1-3,LIMA,LIMA,PUENTE PIEDRA,PASAJERO,FALLECIDO,,EN EL CENTRO DE SALUD,NO IDENTIFICADO,VENEZUELA,,MASCULINO,,NO CONDUCTOR,NO CONDUCTOR,,,,TRIMOTO PASAJERO,27/08/2023,2023,AGOSTO,DOMINGO,2,CHOQUE,EN PROCESO DE INVESTIGACIÓN,NO CUENTA CON CAUSA ESPECIFICA,AVENIDA,NO CORRESPONDE,URBANO
A-2023-08-106,V-2023-08-106-1,P-2023-08-106-1-4,LIMA,LIMA,PUENTE PIEDRA,PASAJERO,LESIONADO,CENTRO DE SALUD PÚBLICO,,IDENTIFICADO,VENEZUELA,30,FEMENINO,,NO CONDUCTOR,NO CONDUCTOR,,,,TRIMOTO PASAJERO,27/08/2023,2023,AGOSTO,DOMINGO,2,CHOQUE,EN PROCESO DE INVESTIGACIÓN,NO CUENTA CON CAUSA ESPECIFICA,AVENIDA,NO CORRESPONDE,URBANO
A-2023-08-106,V-2023-08-106-1,P-2023-08-106-1-5,LIMA,LIMA,PUENTE PIEDRA,PASAJERO,LESIONADO,CENTRO DE SALUD PÚBLICO,,IDENTIFICADO,VENEZUELA,27,FEMENINO,,NO CONDUCTOR,NO CONDUCTOR,,,,TRIMOTO PASAJERO,27/08/2023,2023,AGOSTO,DOMINGO,2,CHOQUE,EN PROCESO DE INVESTIGACIÓN,NO CUENTA CON CAUSA ESPECIFICA,AVENIDA,NO CORRESPONDE,URBANO
A-2023-08-106,V-2023-08-106-2,P-2023-08-106-2-1,LIMA,LIMA,PUENTE PIEDRA,CONDUCTOR,ILESO,,,IDENTIFICADO,PERÚ,32,MASCULINO,SI,VIGENTE,OTRO,,,,AUTOMÓVIL,27/08/2023,2023,AGOSTO,DOMINGO,2,CHOQUE,EN PROCESO DE INVESTIGACIÓN,NO CUENTA CON CAUSA ESPECIFICA,AVENIDA,NO CORRESPONDE,URBANO
A-2023-08-107,V-2023-08-107-1,P-2023-08-107-1-1,LIMA,LIMA,ATE,CONDUCTOR,FALLECIDO,,EN EL LUGAR DE LOS HECHOS,IDENTIFICADO,PERÚ,55,MASCULINO,SI,VIGENTE,A I,,,,AUTOMÓVIL,27/08/2023,2023,AGOSTO,DOMINGO,7,DESPISTE,EN PROCESO DE INVESTIGACIÓN,NO CUENTA CON CAUSA ESPECIFICA,CARRETERA NACIONAL,PE-22,NACIONAL
A-2023-08-107,V-2023-08-107-1,P-2023-08-107-1-2,LIMA,LIMA,ATE,PASAJERO,LESIONADO,OTRO,,IDENTIFICADO,PERÚ,55,MASCULINO,,NO CONDUCTOR,NO CONDUCTOR,,,,AUTOMÓVIL,27/08/2023,2023,AGOSTO,DOMINGO,7,DESPISTE,EN PROCESO DE INVESTIGACIÓN,NO CUENTA CON CAUSA ESPECIFICA,CARRETERA NACIONAL,PE-22,NACIONAL
A-2023-08-107,V-2023-08-107-1,P-2023-08-107-1-3,LIMA,LIMA,ATE,PASAJERO,LESIONADO,OTRO,,IDENTIFICADO,PERÚ,54,FEMENINO,,NO CONDUCTOR,NO CONDUCTOR,,,,AUTOMÓVIL,27/08/2023,2023,AGOSTO,DOMINGO,7,DESPISTE,EN PROCESO DE INVESTIGACIÓN,NO CUENTA CON CAUSA ESPECIFICA,CARRETERA NACIONAL,PE-22,NACIONAL
A-2023-08-107,V-2023-08-107-1,P-2023-08-107-1-4,LIMA,LIMA,ATE,PASAJERO,LESIONADO,OTRO,,IDENTIFICADO,PERÚ,39,MASCULINO,,NO CONDUCTOR,NO CONDUCTOR,,,,AUTOMÓVIL,27/08/2023,2023,AGOSTO,DOMINGO,7,DESPISTE,EN PROCESO DE INVESTIGACIÓN,NO CUENTA CON CAUSA ESPECIFICA,CARRETERA NACIONAL,PE-22,NACIONAL
A-2023-08-107,V-2023-08-107-1,P-2023-08-107-1-5,LIMA,LIMA,ATE,PASAJERO,LESIONADO,OTRO,,IDENTIFICADO,PERÚ,4,FEMENINO,,NO CONDUCTOR,NO CONDUCTOR,,,,AUTOMÓVIL,27/08/2023,2023,AGOSTO,DOMINGO,7,DESPISTE,EN PROCESO DE INVESTIGACIÓN,NO CUENTA CON CAUSA ESPECIFICA,CARRETERA NACIONAL,PE-22,NACIONAL
A-2023-08-107,V-2023-08-107-2,P-2023-08-107-2-1,LIMA,LIMA,ATE,CONDUCTOR,ILESO,,,IDENTIFICADO,PERÚ,53,MASCULINO,SI,VIGENTE,A II B,,,,AUTOMÓVIL,27/08/2023,2023,AGOSTO,DOMINGO,7,DESPISTE,EN PROCESO DE INVESTIGACIÓN,NO CUENTA CON CAUSA ESPECIFICA,CARRETERA NACIONAL,PE-22,NACIONAL
A-2023-08-108,V-2023-08-108-1,P-2023-08-108-1-1,LIMA,LIMA,ATE,CONDUCTOR,ILESO,,,IDENTIFICADO,PERÚ,42,MASCULINO,,,A III C,,,,TRIMOTO PASAJERO,27/08/2023,2023,AGOSTO,DOMINGO,17,DESPISTE,EN PROCESO DE INVESTIGACIÓN,NO CUENTA CON CAUSA ESPECIFICA,AVENIDA,NO CORRESPONDE,URBANO
A-2023-08-108,V-2023-08-108-1,P-2023-08-108-1-2,LIMA,LIMA,ATE,PASAJERO,FALLECIDO,,EN EL LUGAR DE LOS HECHOS,IDENTIFICADO,PERÚ,35,FEMENINO,,NO CONDUCTOR,NO CONDUCTOR,,,,TRIMOTO PASAJERO,27/08/2023,2023,AGOSTO,DOMINGO,17,DESPISTE,EN PROCESO DE INVESTIGACIÓN,NO CUENTA CON CAUSA ESPECIFICA,AVENIDA,NO CORRESPONDE,URBANO
A-2023-08-108,V-2023-08-108-1,P-2023-08-108-1-3,LIMA,LIMA,ATE,PASAJERO,LESIONADO,CENTRO DE SALUD PÚBLICO,,IDENTIFICADO,PERÚ,9,FEMENINO,,NO CONDUCTOR,NO CONDUCTOR,,,,TRIMOTO PASAJERO,27/08/2023,2023,AGOSTO,DOMINGO,17,DESPISTE,EN PROCESO DE INVESTIGACIÓN,NO CUENTA CON CAUSA ESPECIFICA,AVENIDA,NO CORRESPONDE,URBANO
A-2023-08-108,V-2023-08-108-1,P-2023-08-108-1-4,LIMA,LIMA,ATE,PASAJERO,LESIONADO,CENTRO DE SALUD PÚBLICO,,IDENTIFICADO,PERÚ,3,MASCULINO,,NO CONDUCTOR,NO CONDUCTOR,,,,TRIMOTO PASAJERO,27/08/2023,2023,AGOSTO,DOMINGO,17,DESPISTE,EN PROCESO DE INVESTIGACIÓN,NO CUENTA CON CAUSA ESPECIFICA,AVENIDA,NO CORRESPONDE,URBANO
A-2023-08-108,V-2023-08-108-1,P-2023-08-108-1-5,LIMA,LIMA,ATE,PASAJERO,LESIONADO,CENTRO DE SALUD PÚBLICO,,IDENTIFICADO,PERÚ,28,FEMENINO,,NO CONDUCTOR,NO CONDUCTOR,,,,TRIMOTO PASAJERO,27/08/2023,2023,AGOSTO,DOMINGO,17,DESPISTE,EN PROCESO DE INVESTIGACIÓN,NO CUENTA CON CAUSA ESPECIFICA,AVENIDA,NO CORRESPONDE,URBANO
A-2023-08-109,V-2023-08-109-1,P-2023-08-109-1-1,LIMA,LIMA,SAN MARTIN DE PORRES,CONDUCTOR,ILESO,,,IDENTIFICADO,VENEZUELA,26,MASCULINO,,SIN LICENCIA,SIN LICENCIA,,,,AUTOMÓVIL,28/08/2023,2023,AGOSTO,LUNES,8,ATROPELLO,EN PROCESO DE INVESTIGACIÓN,NO CUENTA CON CAUSA ESPECIFICA,AVENIDA,NO CORRESPONDE,URBANO
A-2023-08-109,V-2023-08-109-1,P-2023-08-109-1-2,LIMA,LIMA,SAN MARTIN DE PORRES,PEATÓN,FALLECIDO,,EN EL LUGAR DE LOS HECHOS,IDENTIFICADO,PERÚ,42,MASCULINO,,NO CONDUCTOR,NO CONDUCTOR,,,,AUTOMÓVIL,28/08/2023,2023,AGOSTO,LUNES,8,ATROPELLO,EN PROCESO DE INVESTIGACIÓN,NO CUENTA CON CAUSA ESPECIFICA,AVENIDA,NO CORRESPONDE,URBANO
A-2023-08-110,V-2023-08-110-1,P-2023-08-110-1-1,LIMA,LIMA,ATE,CONDUCTOR,ILESO,,,IDENTIFICADO,PERÚ,31,MASCULINO,SI,VIGENTE,A I,,,,AUTOMÓVIL,28/08/2023,2023,AGOSTO,LUNES,8,ATROPELLO,EN PROCESO DE INVESTIGACIÓN,NO CUENTA CON CAUSA ESPECIFICA,AVENIDA,NO CORRESPONDE,URBANO
A-2023-08-110,V-2023-08-110-1,P-2023-08-110-1-2,LIMA,LIMA,ATE,PEATÓN,FALLECIDO,,EN EL LUGAR DE LOS HECHOS,IDENTIFICADO,PERÚ,80,MASCULINO,,NO CONDUCTOR,NO CONDUCTOR,,,,AUTOMÓVIL,28/08/2023,2023,AGOSTO,LUNES,8,ATROPELLO,EN PROCESO DE INVESTIGACIÓN,NO CUENTA CON CAUSA ESPECIFICA,AVENIDA,NO CORRESPONDE,URBANO
A-2023-08-111,V-2023-08-111-1,P-2023-08-111-1-1,LIMA,LIMA,SAN MARTIN DE PORRES,CONDUCTOR,ILESO,,,IDENTIFICADO,PERÚ,31,MASCULINO,SI,VIGENTE,A III C,,,,AUTOMÓVIL,28/08/2023,2023,AGOSTO,LUNES,20,ATROPELLO FUGA,EN PROCESO DE INVESTIGACIÓN,NO CUENTA CON CAUSA ESPECIFICA,AVENIDA,NO CORRESPONDE,URBANO
A-2023-08-111,V-2023-08-111-1,P-2023-08-111-1-2,LIMA,LIMA,SAN MARTIN DE PORRES,PEATÓN,FALLECIDO,,EN EL CENTRO DE SALUD,IDENTIFICADO,PERÚ,50,MASCULINO,,NO CONDUCTOR,NO CONDUCTOR,,,,AUTOMÓVIL,28/08/2023,2023,AGOSTO,LUNES,20,ATROPELLO FUGA,EN PROCESO DE INVESTIGACIÓN,NO CUENTA CON CAUSA ESPECIFICA,AVENIDA,NO CORRESPONDE,URBANO
A-2023-08-112,V-2023-08-112-1,P-2023-08-112-1-1,LIMA,LIMA,PACHACAMAC,CONDUCTOR,FALLECIDO,,EN EL LUGAR DE LOS HECHOS,IDENTIFICADO,PERÚ,59,MASCULINO,SI,VIGENTE,A I,,,,AUTOMÓVIL,28/08/2023,2023,AGOSTO,LUNES,22,CHOQUE,EN PROCESO DE INVESTIGACIÓN,NO CUENTA CON CAUSA ESPECIFICA,AVENIDA,NO CORRESPONDE,URBANO
A-2023-08-112,V-2023-08-112-1,P-2023-08-112-1-2,LIMA,LIMA,PACHACAMAC,PASAJERO,LESIONADO,CENTRO DE SALUD PÚBLICO,,IDENTIFICADO,PERÚ,59,MASCULINO,,NO CONDUCTOR,NO CONDUCTOR,,,,AUTOMÓVIL,28/08/2023,2023,AGOSTO,LUNES,22,CHOQUE,EN PROCESO DE INVESTIGACIÓN,NO CUENTA CON CAUSA ESPECIFICA,AVENIDA,NO CORRESPONDE,URBANO
A-2023-08-112,V-2023-08-112-2,P-2023-08-112-2-1,LIMA,LIMA,PACHACAMAC,CONDUCTOR,ILESO,,,IDENTIFICADO,PERÚ,31,MASCULINO,SI,VIGENTE,A II B,,,,MINIBUS,28/08/2023,2023,AGOSTO,LUNES,22,CHOQUE,EN PROCESO DE INVESTIGACIÓN,NO CUENTA CON CAUSA ESPECIFICA,AVENIDA,NO CORRESPONDE,URBANO
A-2023-08-113,V-2023-08-113-1,P-2023-08-113-1-1,LIMA,LIMA,VILLA EL SALVADOR,CONDUCTOR FUGADO,NO SE CONOCE,,,NO IDENTIFICADO,,,NO INDICA,,FUGADO,FUGADO,NO,,NO,VEHICULO NO IDENTIFICADO,29/08/2023,2023,AGOSTO,MARTES,19,ATROPELLO FUGA,EN PROCESO DE INVESTIGACIÓN,NO CUENTA CON CAUSA ESPECIFICA,CARRETERA NACIONAL,PE-1S,NACIONAL
A-2023-08-113,V-2023-08-113-1,P-2023-08-113-1-2,LIMA,LIMA,VILLA EL SALVADOR,PEATÓN,FALLECIDO,,EN EL LUGAR DE LOS HECHOS,NO IDENTIFICADO,,,MASCULINO,,NO CONDUCTOR,NO CONDUCTOR,,,,VEHICULO NO IDENTIFICADO,29/08/2023,2023,AGOSTO,MARTES,19,ATROPELLO FUGA,EN PROCESO DE INVESTIGACIÓN,NO CUENTA CON CAUSA ESPECIFICA,CARRETERA NACIONAL,PE-1S,NACIONAL
A-2023-08-114,V-2023-08-114-1,P-2023-08-114-1-1,LIMA,LIMA,SAN BORJA,CONDUCTOR,ILESO,,,IDENTIFICADO,PERÚ,25,MASCULINO,SI,VIGENTE,B II C,,,,MOTOCICLETA,30/08/2023,2023,AGOSTO,MIÉRCOLES,20,ATROPELLO,EN PROCESO DE INVESTIGACIÓN,NO CUENTA CON CAUSA ESPECIFICA,AVENIDA,NO CORRESPONDE,URBANO
A-2023-08-114,V-2023-08-114-1,P-2023-08-114-1-2,LIMA,LIMA,SAN BORJA,PEATÓN,FALLECIDO,,EN EL CENTRO DE SALUD,IDENTIFICADO,PERÚ,70,MASCULINO,,NO CONDUCTOR,NO CONDUCTOR,,,,MOTOCICLETA,30/08/2023,2023,AGOSTO,MIÉRCOLES,20,ATROPELLO,EN PROCESO DE INVESTIGACIÓN,NO CUENTA CON CAUSA ESPECIFICA,AVENIDA,NO CORRESPONDE,URBANO
A-2023-08-115,V-2023-08-115-1,P-2023-08-115-1-1,LIMA,LIMA,PUENTE PIEDRA,CONDUCTOR,LESIONADO,CENTRO DE SALUD PÚBLICO,,IDENTIFICADO,PERÚ,28,MASCULINO,SI,VIGENTE,B II C,,,,MOTOCICLETA,31/08/2023,2023,AGOSTO,JUEVES,2,ATROPELLO,EN PROCESO DE INVESTIGACIÓN,NO CUENTA CON CAUSA ESPECIFICA,CARRETERA NACIONAL,PE-1N,NACIONAL
A-2023-08-115,V-2023-08-115-1,P-2023-08-115-1-2,LIMA,LIMA,PUENTE PIEDRA,PEATÓN,FALLECIDO,,EN EL LUGAR DE LOS HECHOS,NO IDENTIFICADO,,,MASCULINO,,NO CONDUCTOR,NO CONDUCTOR,,,,MOTOCICLETA,31/08/2023,2023,AGOSTO,JUEVES,2,ATROPELLO,EN PROCESO DE INVESTIGACIÓN,NO CUENTA CON CAUSA ESPECIFICA,CARRETERA NACIONAL,PE-1N,NACIONAL
A-2023-08-115,V-2023-08-115-1,P-2023-08-115-1-3,LIMA,LIMA,PUENTE PIEDRA,PEATÓN,FALLECIDO,,EN EL LUGAR DE LOS HECHOS,NO IDENTIFICADO,,,MASCULINO,,NO CONDUCTOR,NO CONDUCTOR,,,,MOTOCICLETA,31/08/2023,2023,AGOSTO,JUEVES,2,ATROPELLO,EN PROCESO DE INVESTIGACIÓN,NO CUENTA CON CAUSA ESPECIFICA,CARRETERA NACIONAL,PE-1N,NACIONAL
A-2023-08-116,V-2023-08-116-1,P-2023-08-116-1-1,LIMA,LIMA,COMAS,CONDUCTOR FUGADO,NO SE CONOCE,,,NO IDENTIFICADO,,,NO INDICA,,FUGADO,FUGADO,NO,,NO,VEHICULO NO IDENTIFICADO,31/08/2023,2023,AGOSTO,JUEVES,18,ATROPELLO FUGA,EN PROCESO DE INVESTIGACIÓN,NO CUENTA CON CAUSA ESPECIFICA,AVENIDA,NO CORRESPONDE,URBANO
A-2023-08-116,V-2023-08-116-1,P-2023-08-116-1-2,LIMA,LIMA,COMAS,PEATÓN,FALLECIDO,,EN EL LUGAR DE LOS HECHOS,IDENTIFICADO,PERÚ,75,MASCULINO,,NO CONDUCTOR,NO CONDUCTOR,,,,VEHICULO NO IDENTIFICADO,31/08/2023,2023,AGOSTO,JUEVES,18,ATROPELLO FUGA,EN PROCESO DE INVESTIGACIÓN,NO CUENTA CON CAUSA ESPECIFICA,AVENIDA,NO CORRESPONDE,URBANO
A-2023-08-117,V-2023-08-117-1,P-2023-08-117-1-1,LIMA,LIMA,CHACLACAYO,CONDUCTOR,ILESO,,,IDENTIFICADO,PERÚ,47,MASCULINO,SI,VIGENTE,A I,,,,AUTOMÓVIL,31/08/2023,2023,AGOSTO,JUEVES,23,DESPISTE,EN PROCESO DE INVESTIGACIÓN,NO CUENTA CON CAUSA ESPECIFICA,CARRETERA NACIONAL,PE-22,NACIONAL
A-2023-08-117,V-2023-08-117-1,P-2023-08-117-1-2,LIMA,LIMA,CHACLACAYO,PASAJERO,FALLECIDO,,EN EL CENTRO DE SALUD,IDENTIFICADO,PERÚ,7,MASCULINO,,NO CONDUCTOR,NO CONDUCTOR,,,,AUTOMÓVIL,31/08/2023,2023,AGOSTO,JUEVES,23,DESPISTE,EN PROCESO DE INVESTIGACIÓN,NO CUENTA CON CAUSA ESPECIFICA,CARRETERA NACIONAL,PE-22,NACIONAL
A-2023-08-117,V-2023-08-117-1,P-2023-08-117-1-3,LIMA,LIMA,CHACLACAYO,PASAJERO,LESIONADO,CENTRO DE SALUD PÚBLICO,,IDENTIFICADO,PERÚ,59,FEMENINO,,NO CONDUCTOR,NO CONDUCTOR,,,,AUTOMÓVIL,31/08/2023,2023,AGOSTO,JUEVES,23,DESPISTE,EN PROCESO DE INVESTIGACIÓN,NO CUENTA CON CAUSA ESPECIFICA,CARRETERA NACIONAL,PE-22,NACIONAL
A-2023-09-84,V-2023-09-84-1,P-2023-09-84-1-1,LIMA,LIMA,SAN BORJA,CONDUCTOR,FALLECIDO,,EN EL LUGAR DE LOS HECHOS,IDENTIFICADO,PERÚ,30,MASCULINO,SI,VIGENTE,A I,,,,AUTOMÓVIL,02/09/2023,2023,SETIEMBRE,SÁBADO,1,DESPISTE,EN PROCESO DE INVESTIGACIÓN,NO CUENTA CON CAUSA ESPECIFICA,AVENIDA,NO CORRESPONDE,URBANO
A-2023-09-85,V-2023-09-85-1,P-2023-09-85-1-1,LIMA,LIMA,CARABAYLLO,CONDUCTOR,ILESO,,,IDENTIFICADO,PERÚ,42,MASCULINO,SI,VIGENTE,A I,,,,AUTOMÓVIL,02/09/2023,2023,SETIEMBRE,SÁBADO,20,ATROPELLO,EN PROCESO DE INVESTIGACIÓN,NO CUENTA CON CAUSA ESPECIFICA,AVENIDA,NO CORRESPONDE,URBANO
A-2023-09-85,V-2023-09-85-1,P-2023-09-85-1-2,LIMA,LIMA,CARABAYLLO,PEATÓN,FALLECIDO,,EN EL LUGAR DE LOS HECHOS,NO IDENTIFICADO,,,FEMENINO,,NO CONDUCTOR,NO CONDUCTOR,,,,AUTOMÓVIL,02/09/2023,2023,SETIEMBRE,SÁBADO,20,ATROPELLO,EN PROCESO DE INVESTIGACIÓN,NO CUENTA CON CAUSA ESPECIFICA,AVENIDA,NO CORRESPONDE,URBANO
A-2023-09-120,V-2023-09-120-1,P-2023-09-120-1-1,LIMA,LIMA,SAN MARTIN DE PORRES,CONDUCTOR,ILESO,,,IDENTIFICADO,PERÚ,41,MASCULINO,SI,VIGENTE,A III C,NO,,NO,ÓMNIBUS,08/09/2023,2023,SETIEMBRE,VIERNES,11,CHOQUE,EN PROCESO DE INVESTIGACIÓN,NO CUENTA CON CAUSA ESPECIFICA,AVENIDA,NO CORRESPONDE,URBANO
A-2023-09-120,V-2023-09-120-2,P-2023-09-120-2-1,LIMA,LIMA,SAN MARTIN DE PORRES,CONDUCTOR,FALLECIDO,,EN EL LUGAR DE LOS HECHOS,IDENTIFICADO,PERÚ,47,MASCULINO,,NO CORRESPONDE,NO CORRESPONDE,NO,,NO,BICICLETA,08/09/2023,2023,SETIEMBRE,VIERNES,11,CHOQUE,EN PROCESO DE INVESTIGACIÓN,NO CUENTA CON CAUSA ESPECIFICA,AVENIDA,NO CORRESPONDE,URBANO
A-2023-09-121,V-2023-09-121-1,P-2023-09-121-1-1,LIMA,LIMA,VILLA EL SALVADOR,CONDUCTOR,ILESO,,,IDENTIFICADO,PERÚ,54,MASCULINO,,SUSPENDIDA,A II B,,,,CAMIÓN,08/09/2023,2023,SETIEMBRE,VIERNES,18,CHOQUE,IMPRUDENCIA DEL CONDUCTOR,OTRO (IMPRUDENCIA DEL CONDUCTOR),AVENIDA,NO CORRESPONDE,URBANO
A-2023-09-121,V-2023-09-121-2,P-2023-09-121-2-1,LIMA,LIMA,VILLA EL SALVADOR,CONDUCTOR,FALLECIDO,,EN EL LUGAR DE LOS HECHOS,IDENTIFICADO,PERÚ,17,MASCULINO,,SIN DNI IDENTIFICADO,SIN DNI IDENTIFICADO,,,,MOTOCICLETA,08/09/2023,2023,SETIEMBRE,VIERNES,18,CHOQUE,IMPRUDENCIA DEL CONDUCTOR,OTRO (IMPRUDENCIA DEL CONDUCTOR),AVENIDA,NO CORRESPONDE,URBANO
A-2023-09-122,V-2023-09-122-1,P-2023-09-122-1-1,LIMA,LIMA,MIRAFLORES,CONDUCTOR,ILESO,,,IDENTIFICADO,PERÚ,71,MASCULINO,SI,VIGENTE,A III C,,,,CAMIONETA RURAL,08/09/2023,2023,SETIEMBRE,VIERNES,23,ATROPELLO,IMPRUDENCIA DEL PEATÓN,OTRO (IMPRUDENCIA DEL PEATÓN),AVENIDA,NO CORRESPONDE,URBANO
A-2023-09-122,V-2023-09-122-1,P-2023-09-122-1-2,LIMA,LIMA,MIRAFLORES,PEATÓN,FALLECIDO,,EN EL LUGAR DE LOS HECHOS,NO IDENTIFICADO,,,MASCULINO,,NO CONDUCTOR,NO CONDUCTOR,,,,CAMIONETA RURAL,08/09/2023,2023,SETIEMBRE,VIERNES,23,ATROPELLO,IMPRUDENCIA DEL PEATÓN,OTRO (IMPRUDENCIA DEL PEATÓN),AVENIDA,NO CORRESPONDE,URBANO
A-2023-09-124,V-2023-09-124-1,P-2023-09-124-1-1,LIMA,LIMA,SAN JUAN DE MIRAFLORES,CONDUCTOR,ILESO,,,IDENTIFICADO,PERÚ,59,MASCULINO,SI,VIGENTE,A II B,,,,ÓMNIBUS,09/09/2023,2023,SETIEMBRE,SÁBADO,6,CHOQUE,IMPRUDENCIA DEL CONDUCTOR,OTRO (IMPRUDENCIA DEL CONDUCTOR),CARRETERA NACIONAL,PE-1S,NACIONAL
A-2023-09-124,V-2023-09-124-2,P-2023-09-124-2-1,LIMA,LIMA,SAN JUAN DE MIRAFLORES,CONDUCTOR,FALLECIDO,,EN EL LUGAR DE LOS HECHOS,IDENTIFICADO,PERÚ,35,MASCULINO,SI,,A I,,,,MOTOCICLETA,09/09/2023,2023,SETIEMBRE,SÁBADO,6,CHOQUE,IMPRUDENCIA DEL CONDUCTOR,OTRO (IMPRUDENCIA DEL CONDUCTOR),CARRETERA NACIONAL,PE-1S,NACIONAL
A-2023-09-125,V-2023-09-125-1,P-2023-09-125-1-1,LIMA,LIMA,BREÑA,CONDUCTOR,ILESO,,,IDENTIFICADO,PERÚ,38,MASCULINO,SI,VIGENTE,A II B,,,,CAMIONETA PANEL,10/09/2023,2023,SETIEMBRE,DOMINGO,18,ATROPELLO,IMPRUDENCIA DEL CONDUCTOR,OTRO (IMPRUDENCIA DEL CONDUCTOR),JIRÓN,NO CORRESPONDE,URBANO
A-2023-09-125,V-2023-09-125-1,P-2023-09-125-1-2,LIMA,LIMA,BREÑA,PEATÓN,FALLECIDO,,EN EL LUGAR DE LOS HECHOS,NO IDENTIFICADO,PERÚ,,FEMENINO,,NO CONDUCTOR,NO CONDUCTOR,,,,CAMIONETA PANEL,10/09/2023,2023,SETIEMBRE,DOMINGO,18,ATROPELLO,IMPRUDENCIA DEL CONDUCTOR,OTRO (IMPRUDENCIA DEL CONDUCTOR),JIRÓN,NO CORRESPONDE,URBANO
A-2023-09-123,V-2023-09-123-1,P-2023-09-123-1-1,LIMA,LIMA,PUENTE PIEDRA,CONDUCTOR,ILESO,,,IDENTIFICADO,PERÚ,39,MASCULINO,SI,VIGENTE,A II B,,,,AUTOMÓVIL,11/09/2023,2023,SETIEMBRE,LUNES,3,ATROPELLO,IMPRUDENCIA DEL CONDUCTOR,OTRO (IMPRUDENCIA DEL CONDUCTOR),CARRETERA NACIONAL,PE-1N,NACIONAL
A-2023-09-123,V-2023-09-123-1,P-2023-09-123-1-2,LIMA,LIMA,PUENTE PIEDRA,PEATÓN,FALLECIDO,,EN EL LUGAR DE LOS HECHOS,NO IDENTIFICADO,PERÚ,,MASCULINO,,NO CONDUCTOR,NO CONDUCTOR,,,,AUTOMÓVIL,11/09/2023,2023,SETIEMBRE,LUNES,3,ATROPELLO,IMPRUDENCIA DEL CONDUCTOR,OTRO (IMPRUDENCIA DEL CONDUCTOR),CARRETERA NACIONAL,PE-1N,NACIONAL
A-2023-09-123,V-2023-09-123-1,P-2023-09-123-1-3,LIMA,LIMA,PUENTE PIEDRA,PEATÓN,FALLECIDO,,EN EL LUGAR DE LOS HECHOS,NO IDENTIFICADO,PERÚ,,MASCULINO,,NO CONDUCTOR,NO CONDUCTOR,,,,AUTOMÓVIL,11/09/2023,2023,SETIEMBRE,LUNES,3,ATROPELLO,IMPRUDENCIA DEL CONDUCTOR,OTRO (IMPRUDENCIA DEL CONDUCTOR),CARRETERA NACIONAL,PE-1N,NACIONAL
A-2023-09-126,V-2023-09-126-1,P-2023-09-126-1-1,LIMA,LIMA,RIMAC,CONDUCTOR,ILESO,,,IDENTIFICADO,PERÚ,26,MASCULINO,SI,VIGENTE,A I,,,,AUTOMÓVIL,13/09/2023,2023,SETIEMBRE,MIÉRCOLES,0,ATROPELLO,EN PROCESO DE INVESTIGACIÓN,NO CUENTA CON CAUSA ESPECIFICA,CARRETERA NACIONAL,PE-1N,NACIONAL
A-2023-09-126,V-2023-09-126-1,P-2023-09-126-1-2,LIMA,LIMA,RIMAC,PEATÓN,FALLECIDO,,EN EL LUGAR DE LOS HECHOS,NO IDENTIFICADO,PERÚ,,MASCULINO,,NO CONDUCTOR,NO CONDUCTOR,,,,AUTOMÓVIL,13/09/2023,2023,SETIEMBRE,MIÉRCOLES,0,ATROPELLO,EN PROCESO DE INVESTIGACIÓN,NO CUENTA CON CAUSA ESPECIFICA,CARRETERA NACIONAL,PE-1N,NACIONAL
A-2023-09-127,V-2023-09-127-1,P-2023-09-127-1-1,LIMA,LIMA,PUNTA NEGRA,CONDUCTOR,FALLECIDO,,EN EL LUGAR DE LOS HECHOS,IDENTIFICADO,PERÚ,24,MASCULINO,SI,VIGENTE,A II B,,,,ÓMNIBUS,14/09/2023,2023,SETIEMBRE,JUEVES,9,CHOQUE,IMPRUDENCIA DEL CONDUCTOR,OTRO (IMPRUDENCIA DEL CONDUCTOR),CARRETERA NACIONAL,PE-1S,NACIONAL
A-2023-09-127,V-2023-09-127-1,P-2023-09-127-1-10,LIMA,LIMA,PUNTA NEGRA,PASAJERO,LESIONADO,CENTRO DE SALUD PÚBLICO,,IDENTIFICADO,PERÚ,0,MASCULINO,,NO CONDUCTOR,NO CONDUCTOR,NO,,NO,ÓMNIBUS,14/09/2023,2023,SETIEMBRE,JUEVES,9,CHOQUE,IMPRUDENCIA DEL CONDUCTOR,OTRO (IMPRUDENCIA DEL CONDUCTOR),CARRETERA NACIONAL,PE-1S,NACIONAL
A-2023-09-127,V-2023-09-127-1,P-2023-09-127-1-11,LIMA,LIMA,PUNTA NEGRA,PASAJERO,LESIONADO,CENTRO DE SALUD PÚBLICO,,IDENTIFICADO,PERÚ,0,FEMENINO,,NO CONDUCTOR,NO CONDUCTOR,NO,,NO,ÓMNIBUS,14/09/2023,2023,SETIEMBRE,JUEVES,9,CHOQUE,IMPRUDENCIA DEL CONDUCTOR,OTRO (IMPRUDENCIA DEL CONDUCTOR),CARRETERA NACIONAL,PE-1S,NACIONAL
A-2023-09-127,V-2023-09-127-1,P-2023-09-127-1-12,LIMA,LIMA,PUNTA NEGRA,PASAJERO,LESIONADO,CENTRO DE SALUD PÚBLICO,,IDENTIFICADO,PERÚ,0,FEMENINO,,NO CONDUCTOR,NO CONDUCTOR,NO,,NO,ÓMNIBUS,14/09/2023,2023,SETIEMBRE,JUEVES,9,CHOQUE,IMPRUDENCIA DEL CONDUCTOR,OTRO (IMPRUDENCIA DEL CONDUCTOR),CARRETERA NACIONAL,PE-1S,NACIONAL
A-2023-09-127,V-2023-09-127-1,P-2023-09-127-1-13,LIMA,LIMA,PUNTA NEGRA,PASAJERO,LESIONADO,CENTRO DE SALUD PÚBLICO,,IDENTIFICADO,PERÚ,0,MASCULINO,,NO CONDUCTOR,NO CONDUCTOR,,,,ÓMNIBUS,14/09/2023,2023,SETIEMBRE,JUEVES,9,CHOQUE,IMPRUDENCIA DEL CONDUCTOR,OTRO (IMPRUDENCIA DEL CONDUCTOR),CARRETERA NACIONAL,PE-1S,NACIONAL
A-2023-09-127,V-2023-09-127-1,P-2023-09-127-1-14,LIMA,LIMA,PUNTA NEGRA,PASAJERO,LESIONADO,CENTRO DE SALUD PÚBLICO,,NO IDENTIFICADO,PERÚ,,NO INDICA,,NO CONDUCTOR,NO CONDUCTOR,,,NO,ÓMNIBUS,14/09/2023,2023,SETIEMBRE,JUEVES,9,CHOQUE,IMPRUDENCIA DEL CONDUCTOR,OTRO (IMPRUDENCIA DEL CONDUCTOR),CARRETERA NACIONAL,PE-1S,NACIONAL
A-2023-09-127,V-2023-09-127-1,P-2023-09-127-1-15,LIMA,LIMA,PUNTA NEGRA,PASAJERO,LESIONADO,CENTRO DE SALUD PÚBLICO,,NO IDENTIFICADO,PERÚ,,NO INDICA,,NO CONDUCTOR,NO CONDUCTOR,NO,,NO,ÓMNIBUS,14/09/2023,2023,SETIEMBRE,JUEVES,9,CHOQUE,IMPRUDENCIA DEL CONDUCTOR,OTRO (IMPRUDENCIA DEL CONDUCTOR),CARRETERA NACIONAL,PE-1S,NACIONAL
A-2023-09-127,V-2023-09-127-1,P-2023-09-127-1-16,LIMA,LIMA,PUNTA NEGRA,PASAJERO,LESIONADO,CENTRO DE SALUD PÚBLICO,,NO IDENTIFICADO,PERÚ,,NO INDICA,,NO CONDUCTOR,NO CONDUCTOR,NO,,NO,ÓMNIBUS,14/09/2023,2023,SETIEMBRE,JUEVES,9,CHOQUE,IMPRUDENCIA DEL CONDUCTOR,OTRO (IMPRUDENCIA DEL CONDUCTOR),CARRETERA NACIONAL,PE-1S,NACIONAL
A-2023-09-127,V-2023-09-127-1,P-2023-09-127-1-17,LIMA,LIMA,PUNTA NEGRA,PASAJERO,LESIONADO,CENTRO DE SALUD PÚBLICO,,NO IDENTIFICADO,PERÚ,,NO INDICA,,NO CONDUCTOR,NO CONDUCTOR,NO,,NO,ÓMNIBUS,14/09/2023,2023,SETIEMBRE,JUEVES,9,CHOQUE,IMPRUDENCIA DEL CONDUCTOR,OTRO (IMPRUDENCIA DEL CONDUCTOR),CARRETERA NACIONAL,PE-1S,NACIONAL
A-2023-09-127,V-2023-09-127-1,P-2023-09-127-1-18,LIMA,LIMA,PUNTA NEGRA,PASAJERO,LESIONADO,CENTRO DE SALUD PÚBLICO,,NO IDENTIFICADO,PERÚ,,NO INDICA,,NO CONDUCTOR,NO CONDUCTOR,NO,,NO,ÓMNIBUS,14/09/2023,2023,SETIEMBRE,JUEVES,9,CHOQUE,IMPRUDENCIA DEL CONDUCTOR,OTRO (IMPRUDENCIA DEL CONDUCTOR),CARRETERA NACIONAL,PE-1S,NACIONAL
A-2023-09-127,V-2023-09-127-1,P-2023-09-127-1-19,LIMA,LIMA,PUNTA NEGRA,PASAJERO,LESIONADO,CENTRO DE SALUD PÚBLICO,,NO IDENTIFICADO,PERÚ,,NO INDICA,,NO CONDUCTOR,NO CONDUCTOR,NO,,NO,ÓMNIBUS,14/09/2023,2023,SETIEMBRE,JUEVES,9,CHOQUE,IMPRUDENCIA DEL CONDUCTOR,OTRO (IMPRUDENCIA DEL CONDUCTOR),CARRETERA NACIONAL,PE-1S,NACIONAL
A-2023-09-127,V-2023-09-127-1,P-2023-09-127-1-2,LIMA,LIMA,PUNTA NEGRA,PASAJERO,LESIONADO,CENTRO DE SALUD PÚBLICO,,IDENTIFICADO,PERÚ,0,FEMENINO,,NO CONDUCTOR,NO CONDUCTOR,NO,,NO,ÓMNIBUS,14/09/2023,2023,SETIEMBRE,JUEVES,9,CHOQUE,IMPRUDENCIA DEL CONDUCTOR,OTRO (IMPRUDENCIA DEL CONDUCTOR),CARRETERA NACIONAL,PE-1S,NACIONAL
A-2023-09-127,V-2023-09-127-1,P-2023-09-127-1-20,LIMA,LIMA,PUNTA NEGRA,PASAJERO,LESIONADO,CENTRO DE SALUD PÚBLICO,,NO IDENTIFICADO,PERÚ,,NO INDICA,,NO CONDUCTOR,NO CONDUCTOR,NO,,NO,ÓMNIBUS,14/09/2023,2023,SETIEMBRE,JUEVES,9,CHOQUE,IMPRUDENCIA DEL CONDUCTOR,OTRO (IMPRUDENCIA DEL CONDUCTOR),CARRETERA NACIONAL,PE-1S,NACIONAL
A-2023-09-127,V-2023-09-127-1,P-2023-09-127-1-21,LIMA,LIMA,PUNTA NEGRA,PASAJERO,LESIONADO,CENTRO DE SALUD PÚBLICO,,NO IDENTIFICADO,PERÚ,,NO INDICA,,NO CONDUCTOR,NO CONDUCTOR,NO,,NO,ÓMNIBUS,14/09/2023,2023,SETIEMBRE,JUEVES,9,CHOQUE,IMPRUDENCIA DEL CONDUCTOR,OTRO (IMPRUDENCIA DEL CONDUCTOR),CARRETERA NACIONAL,PE-1S,NACIONAL
A-2023-09-127,V-2023-09-127-1,P-2023-09-127-1-22,LIMA,LIMA,PUNTA NEGRA,PASAJERO,LESIONADO,CENTRO DE SALUD PÚBLICO,,NO IDENTIFICADO,PERÚ,,NO INDICA,,NO CONDUCTOR,NO CONDUCTOR,NO,,NO,ÓMNIBUS,14/09/2023,2023,SETIEMBRE,JUEVES,9,CHOQUE,IMPRUDENCIA DEL CONDUCTOR,OTRO (IMPRUDENCIA DEL CONDUCTOR),CARRETERA NACIONAL,PE-1S,NACIONAL
A-2023-09-127,V-2023-09-127-1,P-2023-09-127-1-23,LIMA,LIMA,PUNTA NEGRA,PASAJERO,LESIONADO,CENTRO DE SALUD PÚBLICO,,NO IDENTIFICADO,PERÚ,,NO INDICA,,NO CONDUCTOR,NO CONDUCTOR,,,,ÓMNIBUS,14/09/2023,2023,SETIEMBRE,JUEVES,9,CHOQUE,IMPRUDENCIA DEL CONDUCTOR,OTRO (IMPRUDENCIA DEL CONDUCTOR),CARRETERA NACIONAL,PE-1S,NACIONAL
A-2023-09-127,V-2023-09-127-1,P-2023-09-127-1-24,LIMA,LIMA,PUNTA NEGRA,PASAJERO,LESIONADO,CENTRO DE SALUD PÚBLICO,,NO IDENTIFICADO,PERÚ,,NO INDICA,,NO CONDUCTOR,NO CONDUCTOR,NO,,NO,ÓMNIBUS,14/09/2023,2023,SETIEMBRE,JUEVES,9,CHOQUE,IMPRUDENCIA DEL CONDUCTOR,OTRO (IMPRUDENCIA DEL CONDUCTOR),CARRETERA NACIONAL,PE-1S,NACIONAL
A-2023-09-127,V-2023-09-127-1,P-2023-09-127-1-3,LIMA,LIMA,PUNTA NEGRA,PASAJERO,LESIONADO,CENTRO DE SALUD PÚBLICO,,IDENTIFICADO,PERÚ,0,MASCULINO,,NO CONDUCTOR,NO CONDUCTOR,NO,,NO,ÓMNIBUS,14/09/2023,2023,SETIEMBRE,JUEVES,9,CHOQUE,IMPRUDENCIA DEL CONDUCTOR,OTRO (IMPRUDENCIA DEL CONDUCTOR),CARRETERA NACIONAL,PE-1S,NACIONAL
A-2023-09-127,V-2023-09-127-1,P-2023-09-127-1-4,LIMA,LIMA,PUNTA NEGRA,PASAJERO,LESIONADO,CENTRO DE SALUD PÚBLICO,,IDENTIFICADO,PERÚ,0,FEMENINO,,NO CONDUCTOR,NO CONDUCTOR,,,,ÓMNIBUS,14/09/2023,2023,SETIEMBRE,JUEVES,9,CHOQUE,IMPRUDENCIA DEL CONDUCTOR,OTRO (IMPRUDENCIA DEL CONDUCTOR),CARRETERA NACIONAL,PE-1S,NACIONAL
A-2023-09-127,V-2023-09-127-1,P-2023-09-127-1-5,LIMA,LIMA,PUNTA NEGRA,PASAJERO,LESIONADO,,,IDENTIFICADO,,0,FEMENINO,,NO CONDUCTOR,NO CONDUCTOR,,,,ÓMNIBUS,14/09/2023,2023,SETIEMBRE,JUEVES,9,CHOQUE,IMPRUDENCIA DEL CONDUCTOR,OTRO (IMPRUDENCIA DEL CONDUCTOR),CARRETERA NACIONAL,PE-1S,NACIONAL
A-2023-09-127,V-2023-09-127-1,P-2023-09-127-1-6,LIMA,LIMA,PUNTA NEGRA,PASAJERO,LESIONADO,CENTRO DE SALUD PÚBLICO,,IDENTIFICADO,PERÚ,0,MASCULINO,,NO CONDUCTOR,NO CONDUCTOR,NO,,NO,ÓMNIBUS,14/09/2023,2023,SETIEMBRE,JUEVES,9,CHOQUE,IMPRUDENCIA DEL CONDUCTOR,OTRO (IMPRUDENCIA DEL CONDUCTOR),CARRETERA NACIONAL,PE-1S,NACIONAL
A-2023-09-127,V-2023-09-127-1,P-2023-09-127-1-7,LIMA,LIMA,PUNTA NEGRA,PASAJERO,LESIONADO,,,IDENTIFICADO,,0,MASCULINO,,NO CONDUCTOR,NO CONDUCTOR,,,,ÓMNIBUS,14/09/2023,2023,SETIEMBRE,JUEVES,9,CHOQUE,IMPRUDENCIA DEL CONDUCTOR,OTRO (IMPRUDENCIA DEL CONDUCTOR),CARRETERA NACIONAL,PE-1S,NACIONAL
A-2023-09-127,V-2023-09-127-1,P-2023-09-127-1-8,LIMA,LIMA,PUNTA NEGRA,PASAJERO,LESIONADO,CENTRO DE SALUD PÚBLICO,,IDENTIFICADO,PERÚ,0,MASCULINO,,NO CONDUCTOR,NO CONDUCTOR,NO,,NO,ÓMNIBUS,14/09/2023,2023,SETIEMBRE,JUEVES,9,CHOQUE,IMPRUDENCIA DEL CONDUCTOR,OTRO (IMPRUDENCIA DEL CONDUCTOR),CARRETERA NACIONAL,PE-1S,NACIONAL
A-2023-09-127,V-2023-09-127-1,P-2023-09-127-1-9,LIMA,LIMA,PUNTA NEGRA,PASAJERO,LESIONADO,CENTRO DE SALUD PÚBLICO,,IDENTIFICADO,PERÚ,0,MASCULINO,,NO CONDUCTOR,NO CONDUCTOR,NO,,NO,ÓMNIBUS,14/09/2023,2023,SETIEMBRE,JUEVES,9,CHOQUE,IMPRUDENCIA DEL CONDUCTOR,OTRO (IMPRUDENCIA DEL CONDUCTOR),CARRETERA NACIONAL,PE-1S,NACIONAL
A-2023-09-127,V-2023-09-127-2,P-2023-09-127-2-1,LIMA,LIMA,PUNTA NEGRA,CONDUCTOR,ILESO,,,IDENTIFICADO,PERÚ,48,MASCULINO,SI,VIGENTE,A III C,,,,REMOLCADOR-SEMIREMOLQUE,14/09/2023,2023,SETIEMBRE,JUEVES,9,CHOQUE,IMPRUDENCIA DEL CONDUCTOR,OTRO (IMPRUDENCIA DEL CONDUCTOR),CARRETERA NACIONAL,PE-1S,NACIONAL
A-2023-09-128,V-2023-09-128-1,P-2023-09-128-1-1,LIMA,LIMA,LURIGANCHO,CONDUCTOR,FALLECIDO,,EN EL LUGAR DE LOS HECHOS,IDENTIFICADO,PERÚ,47,MASCULINO,SI,VIGENTE,B I,NO,,NO,TRIMOTO PASAJERO,14/09/2023,2023,SETIEMBRE,JUEVES,18,CHOQUE,EN PROCESO DE INVESTIGACIÓN,NO CUENTA CON CAUSA ESPECIFICA,AVENIDA,NO CORRESPONDE,URBANO
A-2023-09-128,V-2023-09-128-2,P-2023-09-128-2-1,LIMA,LIMA,LURIGANCHO,CONDUCTOR,LESIONADO,CENTRO DE SALUD PÚBLICO,,IDENTIFICADO,PERÚ,25,MASCULINO,SI,VIGENTE,B I,NO,,NO,MOTOCICLETA,14/09/2023,2023,SETIEMBRE,JUEVES,18,CHOQUE,EN PROCESO DE INVESTIGACIÓN,NO CUENTA CON CAUSA ESPECIFICA,AVENIDA,NO CORRESPONDE,URBANO
A-2023-09-128,V-2023-09-128-2,P-2023-09-128-2-2,LIMA,LIMA,LURIGANCHO,PASAJERO,LESIONADO,CENTRO DE SALUD PÚBLICO,,NO IDENTIFICADO,PERÚ,,MASCULINO,,NO CONDUCTOR,NO CONDUCTOR,NO,,NO,MOTOCICLETA,14/09/2023,2023,SETIEMBRE,JUEVES,18,CHOQUE,EN PROCESO DE INVESTIGACIÓN,NO CUENTA CON CAUSA ESPECIFICA,AVENIDA,NO CORRESPONDE,URBANO
A-2023-09-129,V-2023-09-129-1,P-2023-09-129-1-1,LIMA,LIMA,SAN LUIS,CONDUCTOR FUGADO,NO SE CONOCE,,,NO IDENTIFICADO,,,NO INDICA,,FUGADO,FUGADO,,,,AUTOMÓVIL,15/09/2023,2023,SETIEMBRE,VIERNES,19,CHOQUE FUGA,EN PROCESO DE INVESTIGACIÓN,NO CUENTA CON CAUSA ESPECIFICA,AVENIDA,NO CORRESPONDE,URBANO
A-2023-09-129,V-2023-09-129-2,P-2023-09-129-2-1,LIMA,LIMA,SAN LUIS,CONDUCTOR,ILESO,,,IDENTIFICADO,PERÚ,67,MASCULINO,SI,VIGENTE,A I,,,,AUTOMÓVIL,15/09/2023,2023,SETIEMBRE,VIERNES,19,CHOQUE FUGA,EN PROCESO DE INVESTIGACIÓN,NO CUENTA CON CAUSA ESPECIFICA,AVENIDA,NO CORRESPONDE,URBANO
A-2023-09-129,V-2023-09-129-2,P-2023-09-129-2-2,LIMA,LIMA,SAN LUIS,PASAJERO,FALLECIDO,,EN EL LUGAR DE LOS HECHOS,NO IDENTIFICADO,PERÚ,,NO INDICA,,NO CONDUCTOR,NO CONDUCTOR,NO,,NO,AUTOMÓVIL,15/09/2023,2023,SETIEMBRE,VIERNES,19,CHOQUE FUGA,EN PROCESO DE INVESTIGACIÓN,NO CUENTA CON CAUSA ESPECIFICA,AVENIDA,NO CORRESPONDE,URBANO
A-2023-09-129,V-2023-09-129-2,P-2023-09-129-2-3,LIMA,LIMA,SAN LUIS,PASAJERO,FALLECIDO,,EN EL LUGAR DE LOS HECHOS,NO IDENTIFICADO,PERÚ,,MASCULINO,,NO CONDUCTOR,NO CONDUCTOR,NO,,NO,AUTOMÓVIL,15/09/2023,2023,SETIEMBRE,VIERNES,19,CHOQUE FUGA,EN PROCESO DE INVESTIGACIÓN,NO CUENTA CON CAUSA ESPECIFICA,AVENIDA,NO CORRESPONDE,URBANO
A-2023-09-129,V-2023-09-129-2,P-2023-09-129-2-4,LIMA,LIMA,SAN LUIS,PEATÓN,FALLECIDO,,EN EL LUGAR DE LOS HECHOS,NO IDENTIFICADO,PERÚ,,MASCULINO,,NO CONDUCTOR,NO CONDUCTOR,NO,,NO,AUTOMÓVIL,15/09/2023,2023,SETIEMBRE,VIERNES,19,CHOQUE FUGA,EN PROCESO DE INVESTIGACIÓN,NO CUENTA CON CAUSA ESPECIFICA,AVENIDA,NO CORRESPONDE,URBANO
A-2023-09-130,V-2023-09-130-1,P-2023-09-130-1-1,LIMA,LIMA,SAN BORJA,CONDUCTOR,ILESO,,,IDENTIFICADO,PERÚ,22,MASCULINO,SI,VIGENTE,A I,NO,,NO,AUTOMÓVIL,16/09/2023,2023,SETIEMBRE,SÁBADO,1,CHOQUE,IMPRUDENCIA DEL CONDUCTOR,OTRO (IMPRUDENCIA DEL CONDUCTOR),CARRETERA NACIONAL,PE-1S,NACIONAL
A-2023-09-130,V-2023-09-130-2,P-2023-09-130-2-1,LIMA,LIMA,SAN BORJA,CONDUCTOR,FALLECIDO,,EN EL LUGAR DE LOS HECHOS,IDENTIFICADO,PERÚ,27,MASCULINO,SI,VIGENTE,B I,NO,,NO,TRIMOTO PASAJERO,16/09/2023,2023,SETIEMBRE,SÁBADO,1,CHOQUE,IMPRUDENCIA DEL CONDUCTOR,OTRO (IMPRUDENCIA DEL CONDUCTOR),CARRETERA NACIONAL,PE-1S,NACIONAL
A-2023-09-131,V-2023-09-131-1,P-2023-09-131-1-1,LIMA,LIMA,ATE,CONDUCTOR,ILESO,,,IDENTIFICADO,PERÚ,46,MASCULINO,SI,VIGENTE,A II A,NO,,NO,CAMIONETA RURAL,16/09/2023,2023,SETIEMBRE,SÁBADO,17,ATROPELLO,IMPRUDENCIA DEL PEATÓN,OTRO (IMPRUDENCIA DEL PEATÓN),CARRETERA NACIONAL,PE-22,NACIONAL
A-2023-09-131,V-2023-09-131-1,P-2023-09-131-1-2,LIMA,LIMA,ATE,PEATÓN,FALLECIDO,,EN EL LUGAR DE LOS HECHOS,NO IDENTIFICADO,PERÚ,,FEMENINO,,NO CONDUCTOR,NO CONDUCTOR,NO,,NO,CAMIONETA RURAL,16/09/2023,2023,SETIEMBRE,SÁBADO,17,ATROPELLO,IMPRUDENCIA DEL PEATÓN,OTRO (IMPRUDENCIA DEL PEATÓN),CARRETERA NACIONAL,PE-22,NACIONAL
A-2023-09-132,V-2023-09-132-1,P-2023-09-132-1-1,LIMA,LIMA,SAN BORJA,CONDUCTOR,ILESO,,,IDENTIFICADO,PERÚ,57,MASCULINO,SI,VIGENTE,A III C,NO,,NO,ÓMNIBUS,16/09/2023,2023,SETIEMBRE,SÁBADO,19,CHOQUE,EN PROCESO DE INVESTIGACIÓN,NO CUENTA CON CAUSA ESPECIFICA,CARRETERA NACIONAL,PE-1S,NACIONAL
A-2023-09-132,V-2023-09-132-2,P-2023-09-132-2-1,LIMA,LIMA,SAN BORJA,CONDUCTOR,ILESO,,,IDENTIFICADO,PERÚ,31,MASCULINO,SI,VIGENTE,A II B,,,,CAMIONETA PICK UP,16/09/2023,2023,SETIEMBRE,SÁBADO,19,CHOQUE,EN PROCESO DE INVESTIGACIÓN,NO CUENTA CON CAUSA ESPECIFICA,CARRETERA NACIONAL,PE-1S,NACIONAL
A-2023-09-132,V-2023-09-132-2,P-2023-09-132-2-2,LIMA,LIMA,SAN BORJA,PEATÓN,FALLECIDO,,EN EL LUGAR DE LOS HECHOS,NO IDENTIFICADO,PERÚ,,MASCULINO,,NO CONDUCTOR,NO CONDUCTOR,NO,,NO,CAMIONETA PICK UP,16/09/2023,2023,SETIEMBRE,SÁBADO,19,CHOQUE,EN PROCESO DE INVESTIGACIÓN,NO CUENTA CON CAUSA ESPECIFICA,CARRETERA NACIONAL,PE-1S,NACIONAL
A-2023-09-133,V-2023-09-133-1,P-2023-09-133-1-1,LIMA,LIMA,LIMA,CONDUCTOR,FALLECIDO,,EN EL LUGAR DE LOS HECHOS,IDENTIFICADO,PERÚ,25,MASCULINO,,VIGENTE,B II B,NO,,NO,MOTOCICLETA,19/09/2023,2023,SETIEMBRE,MARTES,6,CHOQUE,IMPRUDENCIA DEL CONDUCTOR,OTRO (IMPRUDENCIA DEL CONDUCTOR),JIRÓN,NO CORRESPONDE,URBANO
A-2023-09-133,V-2023-09-133-2,P-2023-09-133-2-1,LIMA,LIMA,LIMA,CONDUCTOR,ILESO,,,IDENTIFICADO,PERÚ,59,MASCULINO,SI,VIGENTE,A II B,NO,,NO,CAMIONETA RURAL,19/09/2023,2023,SETIEMBRE,MARTES,6,CHOQUE,IMPRUDENCIA DEL CONDUCTOR,OTRO (IMPRUDENCIA DEL CONDUCTOR),JIRÓN,NO CORRESPONDE,URBANO
A-2023-09-134,V-2023-09-134-1,P-2023-09-134-1-1,LIMA,LIMA,SAN JUAN DE MIRAFLORES,CONDUCTOR,ILESO,,,NO IDENTIFICADO,PERÚ,,MASCULINO,,SIN DNI IDENTIFICADO,SIN DNI IDENTIFICADO,NO,,NO,ÓMNIBUS,19/09/2023,2023,SETIEMBRE,MARTES,8,CAÍDA DE PASAJERO,EN PROCESO DE INVESTIGACIÓN,NO CUENTA CON CAUSA ESPECIFICA,CARRETERA NACIONAL,PE-1S,NACIONAL
A-2023-09-134,V-2023-09-134-1,P-2023-09-134-1-2,LIMA,LIMA,SAN JUAN DE MIRAFLORES,PASAJERO,FALLECIDO,,EN EL LUGAR DE LOS HECHOS,NO IDENTIFICADO,PERÚ,,FEMENINO,,NO CONDUCTOR,NO CONDUCTOR,NO,,NO,ÓMNIBUS,19/09/2023,2023,SETIEMBRE,MARTES,8,CAÍDA DE PASAJERO,EN PROCESO DE INVESTIGACIÓN,NO CUENTA CON CAUSA ESPECIFICA,CARRETERA NACIONAL,PE-1S,NACIONAL
A-2023-09-135,V-2023-09-135-1,P-2023-09-135-1-1,LIMA,LIMA,SAN JUAN DE LURIGANCHO,CONDUCTOR,ILESO,,,IDENTIFICADO,PERÚ,45,MASCULINO,SI,VIGENTE,A II B,NO,,NO,CAMIÓN,21/09/2023,2023,SETIEMBRE,JUEVES,11,ATROPELLO,IMPRUDENCIA DEL PEATÓN,OTRO (IMPRUDENCIA DEL PEATÓN),CARRETERA NACIONAL,PE-22,NACIONAL
A-2023-09-135,V-2023-09-135-1,P-2023-09-135-1-2,LIMA,LIMA,SAN JUAN DE LURIGANCHO,PEATÓN,FALLECIDO,,EN EL LUGAR DE LOS HECHOS,NO IDENTIFICADO,PERÚ,,FEMENINO,,NO CONDUCTOR,NO CONDUCTOR,NO,,NO,CAMIÓN,21/09/2023,2023,SETIEMBRE,JUEVES,11,ATROPELLO,IMPRUDENCIA DEL PEATÓN,OTRO (IMPRUDENCIA DEL PEATÓN),CARRETERA NACIONAL,PE-22,NACIONAL
A-2023-09-137,V-2023-09-137-1,P-2023-09-137-1-1,LIMA,LIMA,LIMA,CONDUCTOR,ILESO,,,IDENTIFICADO,PERÚ,27,MASCULINO,SI,VIGENTE,A III B,NO,,NO,REMOLCADOR-SEMIREMOLQUE,22/09/2023,2023,SETIEMBRE,VIERNES,9,CHOQUE,IMPRUDENCIA DEL CONDUCTOR,OTRO (IMPRUDENCIA DEL CONDUCTOR),CARRETERA NACIONAL,PE-1N,NACIONAL
A-2023-09-137,V-2023-09-137-2,P-2023-09-137-2-1,LIMA,LIMA,LIMA,CONDUCTOR,FALLECIDO,,EN EL LUGAR DE LOS HECHOS,IDENTIFICADO,PERÚ,37,MASCULINO,,VENCIDA,B II C,NO,,NO,MOTOCICLETA,22/09/2023,2023,SETIEMBRE,VIERNES,9,CHOQUE,IMPRUDENCIA DEL CONDUCTOR,OTRO (IMPRUDENCIA DEL CONDUCTOR),CARRETERA NACIONAL,PE-1N,NACIONAL
A-2023-09-137,V-2023-09-137-2,P-2023-09-137-2-2,LIMA,LIMA,LIMA,PASAJERO,LESIONADO,CENTRO DE SALUD PÚBLICO,,NO IDENTIFICADO,PERÚ,,MASCULINO,,NO CONDUCTOR,NO CONDUCTOR,NO,,NO,MOTOCICLETA,22/09/2023,2023,SETIEMBRE,VIERNES,9,CHOQUE,IMPRUDENCIA DEL CONDUCTOR,OTRO (IMPRUDENCIA DEL CONDUCTOR),CARRETERA NACIONAL,PE-1N,NACIONAL
A-2023-09-136,V-2023-09-136-1,P-2023-09-136-1-1,LIMA,LIMA,SANTA ANITA,CONDUCTOR FUGADO,NO SE CONOCE,,,NO IDENTIFICADO,PERÚ,,NO INDICA,,FUGADO,FUGADO,NO,,NO,VEHICULO NO IDENTIFICADO,24/09/2023,2023,SETIEMBRE,DOMINGO,2,ATROPELLO FUGA,EN PROCESO DE INVESTIGACIÓN,NO CUENTA CON CAUSA ESPECIFICA,AVENIDA,NO CORRESPONDE,URBANO
A-2023-09-136,V-2023-09-136-1,P-2023-09-136-1-2,LIMA,LIMA,SANTA ANITA,PEATÓN,FALLECIDO,,EN EL LUGAR DE LOS HECHOS,NO IDENTIFICADO,PERÚ,,MASCULINO,,NO CONDUCTOR,NO CONDUCTOR,NO,,NO,VEHICULO NO IDENTIFICADO,24/09/2023,2023,SETIEMBRE,DOMINGO,2,ATROPELLO FUGA,EN PROCESO DE INVESTIGACIÓN,NO CUENTA CON CAUSA ESPECIFICA,AVENIDA,NO CORRESPONDE,URBANO
A-2023-09-138,V-2023-09-138-1,P-2023-09-138-1-1,LIMA,LIMA,RIMAC,CONDUCTOR,FALLECIDO,,EN EL LUGAR DE LOS HECHOS,IDENTIFICADO,PERÚ,34,MASCULINO,SI,VIGENTE,B I,NO,,NO,MOTOCICLETA,26/09/2023,2023,SETIEMBRE,MARTES,1,VOLCADURA,IMPRUDENCIA DEL CONDUCTOR,OTRO (IMPRUDENCIA DEL CONDUCTOR),CARRETERA NACIONAL,PE-1N,NACIONAL
A-2023-09-139,V-2023-09-139-1,P-2023-09-139-1-1,LIMA,LIMA,ANCON,CONDUCTOR FUGADO,NO SE CONOCE,,,NO IDENTIFICADO,VENEZUELA,,NO INDICA,,FUGADO,FUGADO,,,,MOTOCICLETA,26/09/2023,2023,SETIEMBRE,MARTES,19,ATROPELLO,EN PROCESO DE INVESTIGACIÓN,NO CUENTA CON CAUSA ESPECIFICA,CARRETERA NACIONAL,PE-1N,NACIONAL
A-2023-09-139,V-2023-09-139-1,P-2023-09-139-1-2,LIMA,LIMA,ANCON,PEATÓN,LESIONADO,CENTRO DE SALUD PÚBLICO,,NO IDENTIFICADO,PERÚ,,FEMENINO,,NO CONDUCTOR,NO CONDUCTOR,,,,MOTOCICLETA,26/09/2023,2023,SETIEMBRE,MARTES,19,ATROPELLO,EN PROCESO DE INVESTIGACIÓN,NO CUENTA CON CAUSA ESPECIFICA,CARRETERA NACIONAL,PE-1N,NACIONAL
A-2023-09-139,V-2023-09-139-1,P-2023-09-139-1-3,LIMA,LIMA,ANCON,PEATÓN,FALLECIDO,,EN EL LUGAR DE LOS HECHOS,NO IDENTIFICADO,PERÚ,,NO INDICA,,NO CONDUCTOR,NO CONDUCTOR,NO,,NO,MOTOCICLETA,26/09/2023,2023,SETIEMBRE,MARTES,19,ATROPELLO,EN PROCESO DE INVESTIGACIÓN,NO CUENTA CON CAUSA ESPECIFICA,CARRETERA NACIONAL,PE-1N,NACIONAL
A-2023-09-141,V-2023-09-141-1,P-2023-09-141-1-1,LIMA,LIMA,COMAS,CONDUCTOR,ILESO,,,IDENTIFICADO,PERÚ,21,MASCULINO,SI,VIGENTE,B I,NO,,NO,MOTOCICLETA,27/09/2023,2023,SETIEMBRE,MIÉRCOLES,6,CHOQUE,EN PROCESO DE INVESTIGACIÓN,NO CUENTA CON CAUSA ESPECIFICA,CALLE,NO CORRESPONDE,URBANO
A-2023-09-141,V-2023-09-141-1,P-2023-09-141-1-2,LIMA,LIMA,COMAS,PASAJERO,LESIONADO,CENTRO DE SALUD PÚBLICO,,NO IDENTIFICADO,PERÚ,,FEMENINO,,NO CONDUCTOR,NO CONDUCTOR,NO,,NO,MOTOCICLETA,27/09/2023,2023,SETIEMBRE,MIÉRCOLES,6,CHOQUE,EN PROCESO DE INVESTIGACIÓN,NO CUENTA CON CAUSA ESPECIFICA,CALLE,NO CORRESPONDE,URBANO
A-2023-09-141,V-2023-09-141-1,P-2023-09-141-1-3,LIMA,LIMA,COMAS,PASAJERO,FALLECIDO,,EN EL LUGAR DE LOS HECHOS,NO IDENTIFICADO,PERÚ,,NO INDICA,,NO CONDUCTOR,NO CONDUCTOR,NO,,NO,MOTOCICLETA,27/09/2023,2023,SETIEMBRE,MIÉRCOLES,6,CHOQUE,EN PROCESO DE INVESTIGACIÓN,NO CUENTA CON CAUSA ESPECIFICA,CALLE,NO CORRESPONDE,URBANO
A-2023-09-141,V-2023-09-141-2,P-2023-09-141-2-1,LIMA,LIMA,COMAS,CONDUCTOR,ILESO,,,IDENTIFICADO,PERÚ,29,MASCULINO,SI,VIGENTE,B I,NO,,NO,TRIMOTO PASAJERO,27/09/2023,2023,SETIEMBRE,MIÉRCOLES,6,CHOQUE,EN PROCESO DE INVESTIGACIÓN,NO CUENTA CON CAUSA ESPECIFICA,CALLE,NO CORRESPONDE,URBANO
A-2023-09-140,V-2023-09-140-1,P-2023-09-140-1-1,LIMA,LIMA,SANTA ANITA,CONDUCTOR,ILESO,,,IDENTIFICADO,PERÚ,48,MASCULINO,SI,VIGENTE,A III C,NO,,NO,CAMIÓN,27/09/2023,2023,SETIEMBRE,MIÉRCOLES,18,CHOQUE,EN PROCESO DE INVESTIGACIÓN,NO CUENTA CON CAUSA ESPECIFICA,AVENIDA,NO CORRESPONDE,URBANO
A-2023-09-140,V-2023-09-140-2,P-2023-09-140-2-1,LIMA,LIMA,SANTA ANITA,CONDUCTOR,FALLECIDO,,EN EL LUGAR DE LOS HECHOS,NO IDENTIFICADO,PERÚ,,MASCULINO,,NO CORRESPONDE,SIN DNI IDENTIFICADO,NO,,NO,BICICLETA,27/09/2023,2023,SETIEMBRE,MIÉRCOLES,18,CHOQUE,EN PROCESO DE INVESTIGACIÓN,NO CUENTA CON CAUSA ESPECIFICA,AVENIDA,NO CORRESPONDE,URBANO
A-2023-09-184,V-2023-09-184-1,P-2023-09-184-1-1,LIMA,LIMA,CIENEGUILLA,CONDUCTOR,FALLECIDO,,EN EL LUGAR DE LOS HECHOS,IDENTIFICADO,PERÚ,54,MASCULINO,SI,SIN LICENCIA,SIN LICENCIA,NO,,NO,MOTOCICLETA,28/09/2023,2023,SETIEMBRE,JUEVES,12,CHOQUE CON OBJETO FIJO,EN PROCESO DE INVESTIGACIÓN,NO CUENTA CON CAUSA ESPECIFICA,AVENIDA,NO CORRESPONDE,URBANO
A-2023-09-142,V-2023-09-142-1,P-2023-09-142-1-1,LIMA,LIMA,CHACLACAYO,CONDUCTOR FUGADO,NO SE CONOCE,,,NO IDENTIFICADO,PERÚ,,NO INDICA,,FUGADO,FUGADO,NO,,NO,VEHICULO NO IDENTIFICADO,28/09/2023,2023,SETIEMBRE,JUEVES,19,ATROPELLO FUGA,EN PROCESO DE INVESTIGACIÓN,NO CUENTA CON CAUSA ESPECIFICA,CARRETERA NACIONAL,PE-22,NACIONAL
A-2023-09-142,V-2023-09-142-1,P-2023-09-142-1-2,LIMA,LIMA,CHACLACAYO,PEATÓN,FALLECIDO,,EN EL LUGAR DE LOS HECHOS,NO IDENTIFICADO,PERÚ,,MASCULINO,,NO CONDUCTOR,NO CONDUCTOR,NO,,NO,VEHICULO NO IDENTIFICADO,28/09/2023,2023,SETIEMBRE,JUEVES,19,ATROPELLO FUGA,EN PROCESO DE INVESTIGACIÓN,NO CUENTA CON CAUSA ESPECIFICA,CARRETERA NACIONAL,PE-22,NACIONAL
A-2023-09-145,V-2023-09-145-1,P-2023-09-145-1-1,LIMA,LIMA,CIENEGUILLA,CONDUCTOR,FALLECIDO,,EN EL LUGAR DE LOS HECHOS,IDENTIFICADO,PERÚ,54,MASCULINO,SI,VIGENTE,A III C,NO,,NO,CAMIONETA RURAL,28/09/2023,2023,SETIEMBRE,JUEVES,21,CHOQUE CON OBJETO FIJO,EN PROCESO DE INVESTIGACIÓN,NO CUENTA CON CAUSA ESPECIFICA,AVENIDA,NO CORRESPONDE,URBANO
A-2023-09-144,V-2023-09-144-1,P-2023-09-144-1-1,LIMA,LIMA,ANCON,CONDUCTOR FUGADO,NO SE CONOCE,,,NO IDENTIFICADO,PERÚ,,NO INDICA,,FUGADO,FUGADO,NO,,NO,VEHICULO NO IDENTIFICADO,29/09/2023,2023,SETIEMBRE,VIERNES,5,ATROPELLO FUGA,EN PROCESO DE INVESTIGACIÓN,NO CUENTA CON CAUSA ESPECIFICA,CARRETERA NACIONAL,PE-1N,NACIONAL
A-2023-09-144,V-2023-09-144-1,P-2023-09-144-1-2,LIMA,LIMA,ANCON,PEATÓN,FALLECIDO,,EN EL LUGAR DE LOS HECHOS,NO IDENTIFICADO,PERÚ,,MASCULINO,,NO CONDUCTOR,NO CONDUCTOR,NO,,NO,VEHICULO NO IDENTIFICADO,29/09/2023,2023,SETIEMBRE,VIERNES,5,ATROPELLO FUGA,EN PROCESO DE INVESTIGACIÓN,NO CUENTA CON CAUSA ESPECIFICA,CARRETERA NACIONAL,PE-1N,NACIONAL
A-2023-09-183,V-2023-09-183-1,P-2023-09-183-1-1,LIMA,LIMA,ANCON,CONDUCTOR FUGADO,NO SE CONOCE,,,NO IDENTIFICADO,PERÚ,,,,NO CONDUCTOR,NO CONDUCTOR,NO,,NO,VEHICULO NO IDENTIFICADO,29/09/2023,2023,SETIEMBRE,VIERNES,5,ATROPELLO FUGA,IMPRUDENCIA DEL CONDUCTOR,EXCESO DE VELOCIDAD,CARRETERA NACIONAL,PE-1N,NACIONAL
A-2023-09-183,V-2023-09-183-1,P-2023-09-183-1-2,LIMA,LIMA,ANCON,PEATÓN,FALLECIDO,,EN EL LUGAR DE LOS HECHOS,IDENTIFICADO,PERÚ,38,MASCULINO,,NO CONDUCTOR,NO CONDUCTOR,NO,,NO,VEHICULO NO IDENTIFICADO,29/09/2023,2023,SETIEMBRE,VIERNES,5,ATROPELLO FUGA,IMPRUDENCIA DEL CONDUCTOR,EXCESO DE VELOCIDAD,CARRETERA NACIONAL,PE-1N,NACIONAL
A-2023-09-146,V-2023-09-146-1,P-2023-09-146-1-1,LIMA,LIMA,LURIGANCHO,CONDUCTOR,ILESO,,,IDENTIFICADO,PERÚ,21,MASCULINO,,SUSPENDIDA,A I,NO,,NO,CAMIONETA RURAL,29/09/2023,2023,SETIEMBRE,VIERNES,22,CHOQUE,EN PROCESO DE INVESTIGACIÓN,NO CUENTA CON CAUSA ESPECIFICA,AVENIDA,NO CORRESPONDE,URBANO
A-2023-09-146,V-2023-09-146-2,P-2023-09-146-2-1,LIMA,LIMA,LURIGANCHO,CONDUCTOR,ILESO,,,IDENTIFICADO,PERÚ,37,MASCULINO,SI,VIGENTE,B I,NO,,NO,TRIMOTO PASAJERO,29/09/2023,2023,SETIEMBRE,VIERNES,22,CHOQUE,EN PROCESO DE INVESTIGACIÓN,NO CUENTA CON CAUSA ESPECIFICA,AVENIDA,NO CORRESPONDE,URBANO
A-2023-09-146,V-2023-09-146-2,P-2023-09-146-2-2,LIMA,LIMA,LURIGANCHO,PASAJERO,FALLECIDO,,EN EL LUGAR DE LOS HECHOS,NO IDENTIFICADO,,,MASCULINO,,NO CONDUCTOR,NO CONDUCTOR,NO,,NO,TRIMOTO PASAJERO,29/09/2023,2023,SETIEMBRE,VIERNES,22,CHOQUE,EN PROCESO DE INVESTIGACIÓN,NO CUENTA CON CAUSA ESPECIFICA,AVENIDA,NO CORRESPONDE,URBANO
A-2023-09-147,V-2023-09-147-1,P-2023-09-147-1-1,LIMA,LIMA,SAN MIGUEL,CONDUCTOR,FALLECIDO,,EN EL LUGAR DE LOS HECHOS,IDENTIFICADO,VENEZUELA,39,MASCULINO,,SIN LICENCIA,SIN LICENCIA,NO,,NO,MOTOCICLETA,30/09/2023,2023,SETIEMBRE,SÁBADO,19,CHOQUE,EN PROCESO DE INVESTIGACIÓN,NO CUENTA CON CAUSA ESPECIFICA,AVENIDA,NO CORRESPONDE,URBANO
A-2023-09-147,V-2023-09-147-1,P-2023-09-147-1-2,LIMA,LIMA,SAN MIGUEL,PASAJERO,LESIONADO,CENTRO DE SALUD PÚBLICO,,NO IDENTIFICADO,VENEZUELA,,FEMENINO,,NO CONDUCTOR,NO CONDUCTOR,NO,,NO,MOTOCICLETA,30/09/2023,2023,SETIEMBRE,SÁBADO,19,CHOQUE,EN PROCESO DE INVESTIGACIÓN,NO CUENTA CON CAUSA ESPECIFICA,AVENIDA,NO CORRESPONDE,URBANO
A-2023-09-147,V-2023-09-147-2,P-2023-09-147-2-1,LIMA,LIMA,SAN MIGUEL,CONDUCTOR,ILESO,,,IDENTIFICADO,PERÚ,70,MASCULINO,SI,VIGENTE,A I,NO,,NO,AUTOMÓVIL,30/09/2023,2023,SETIEMBRE,SÁBADO,19,CHOQUE,EN PROCESO DE INVESTIGACIÓN,NO CUENTA CON CAUSA ESPECIFICA,AVENIDA,NO CORRESPONDE,URBANO
A-2023-10-95,V-2023-10-95-1,P-2023-10-95-1-1,LIMA,LIMA,LURIGANCHO,CONDUCTOR,ILESO,,,IDENTIFICADO,PERÚ,37,MASCULINO,,SUSPENDIDA,A III C,NO,,NO,CAMIÓN,02/10/2023,2023,OCTUBRE,LUNES,12,ATROPELLO,IMPRUDENCIA DEL CONDUCTOR,OTRO (IMPRUDENCIA DEL CONDUCTOR),AVENIDA,NO CORRESPONDE,URBANO
A-2023-10-95,V-2023-10-95-1,P-2023-10-95-1-2,LIMA,LIMA,LURIGANCHO,PEATÓN,FALLECIDO,,EN EL LUGAR DE LOS HECHOS,NO IDENTIFICADO,PERÚ,,MASCULINO,,NO CONDUCTOR,NO CONDUCTOR,NO,,NO,CAMIÓN,02/10/2023,2023,OCTUBRE,LUNES,12,ATROPELLO,IMPRUDENCIA DEL CONDUCTOR,OTRO (IMPRUDENCIA DEL CONDUCTOR),AVENIDA,NO CORRESPONDE,URBANO
A-2023-10-96,V-2023-10-96-1,P-2023-10-96-1-1,LIMA,LIMA,INDEPENDENCIA,CONDUCTOR,FALLECIDO,,EN EL LUGAR DE LOS HECHOS,IDENTIFICADO,PERÚ,18,MASCULINO,,SIN LICENCIA,SIN LICENCIA,NO,,NO,MOTOCICLETA,02/10/2023,2023,OCTUBRE,LUNES,19,DESPISTE,EN PROCESO DE INVESTIGACIÓN,NO CUENTA CON CAUSA ESPECIFICA,AVENIDA,NO CORRESPONDE,URBANO
A-2023-10-180,V-2023-10-180-1,P-2023-10-180-1-1,LIMA,LIMA,ATE,CONDUCTOR FUGADO,NO SE CONOCE,,,NO IDENTIFICADO,,,,,NO CONDUCTOR,NO CONDUCTOR,NO,,NO,VEHICULO NO IDENTIFICADO,04/10/2023,2023,OCTUBRE,MIÉRCOLES,10,ATROPELLO FUGA,IMPRUDENCIA DEL CONDUCTOR,OTRO (IMPRUDENCIA DEL CONDUCTOR),AVENIDA,NO CORRESPONDE,URBANO
A-2023-10-180,V-2023-10-180-1,P-2023-10-180-1-2,LIMA,LIMA,ATE,PEATÓN,FALLECIDO,,EN EL LUGAR DE LOS HECHOS,IDENTIFICADO,PERÚ,71,FEMENINO,,NO CONDUCTOR,NO CONDUCTOR,NO,,NO,VEHICULO NO IDENTIFICADO,04/10/2023,2023,OCTUBRE,MIÉRCOLES,10,ATROPELLO FUGA,IMPRUDENCIA DEL CONDUCTOR,OTRO (IMPRUDENCIA DEL CONDUCTOR),AVENIDA,NO CORRESPONDE,URBANO
A-2023-10-97,V-2023-10-97-1,P-2023-10-97-1-1,LIMA,LIMA,ATE,CONDUCTOR FUGADO,NO SE CONOCE,,,NO IDENTIFICADO,PERÚ,,NO INDICA,,FUGADO,FUGADO,NO,,NO,VEHICULO NO IDENTIFICADO,04/10/2023,2023,OCTUBRE,MIÉRCOLES,10,ATROPELLO FUGA,EN PROCESO DE INVESTIGACIÓN,NO CUENTA CON CAUSA ESPECIFICA,AVENIDA,NO CORRESPONDE,URBANO
A-2023-10-97,V-2023-10-97-1,P-2023-10-97-1-2,LIMA,LIMA,ATE,PEATÓN,FALLECIDO,,EN EL LUGAR DE LOS HECHOS,NO IDENTIFICADO,PERÚ,,FEMENINO,,NO CONDUCTOR,NO CONDUCTOR,NO,,NO,VEHICULO NO IDENTIFICADO,04/10/2023,2023,OCTUBRE,MIÉRCOLES,10,ATROPELLO FUGA,EN PROCESO DE INVESTIGACIÓN,NO CUENTA CON CAUSA ESPECIFICA,AVENIDA,NO CORRESPONDE,URBANO
A-2023-10-179,V-2023-10-179-1,P-2023-10-179-1-1,LIMA,LIMA,CARABAYLLO,CONDUCTOR,ILESO,,,IDENTIFICADO,PERÚ,48,MASCULINO,SI,VIGENTE,A III C,NO,,NO,ÓMNIBUS,05/10/2023,2023,OCTUBRE,JUEVES,7,ATROPELLO,EN PROCESO DE INVESTIGACIÓN,NO CUENTA CON CAUSA ESPECIFICA,AVENIDA,NO CORRESPONDE,URBANO
A-2023-10-179,V-2023-10-179-1,P-2023-10-179-1-2,LIMA,LIMA,CARABAYLLO,PEATÓN,FALLECIDO,,EN EL LUGAR DE LOS HECHOS,IDENTIFICADO,PERÚ,12,MASCULINO,,NO CONDUCTOR,NO CONDUCTOR,NO,,NO,ÓMNIBUS,05/10/2023,2023,OCTUBRE,JUEVES,7,ATROPELLO,EN PROCESO DE INVESTIGACIÓN,NO CUENTA CON CAUSA ESPECIFICA,AVENIDA,NO CORRESPONDE,URBANO
A-2023-10-98,V-2023-10-98-1,P-2023-10-98-1-1,LIMA,LIMA,COMAS,CONDUCTOR,ILESO,,,IDENTIFICADO,PERÚ,24,MASCULINO,SI,VIGENTE,A I,NO,,NO,AUTOMÓVIL,06/10/2023,2023,OCTUBRE,VIERNES,4,ATROPELLO,EN PROCESO DE INVESTIGACIÓN,NO CUENTA CON CAUSA ESPECIFICA,AVENIDA,NO CORRESPONDE,URBANO
A-2023-10-98,V-2023-10-98-1,P-2023-10-98-1-2,LIMA,LIMA,COMAS,PEATÓN,FALLECIDO,,EN EL LUGAR DE LOS HECHOS,NO IDENTIFICADO,PERÚ,,MASCULINO,,NO CONDUCTOR,NO CONDUCTOR,NO,,NO,AUTOMÓVIL,06/10/2023,2023,OCTUBRE,VIERNES,4,ATROPELLO,EN PROCESO DE INVESTIGACIÓN,NO CUENTA CON CAUSA ESPECIFICA,AVENIDA,NO CORRESPONDE,URBANO
A-2023-10-140,V-2023-10-140-1,P-2023-10-140-1-1,CALLAO,CALLAO,BELLAVISTA,CONDUCTOR,ILESO,,,IDENTIFICADO,PERÚ,56,MASCULINO,SI,VIGENTE,A III A,NO,,SI,MINIBUS,07/10/2023,2023,OCTUBRE,SÁBADO,18,CHOQUE,IMPRUDENCIA DEL CONDUCTOR,CONDUCIR EN ESTADO DE EBRIEDAD Y/O DROGADICCIÓN,AVENIDA,NO CORRESPONDE,URBANO
A-2023-10-140,V-2023-10-140-2,P-2023-10-140-2-1,CALLAO,CALLAO,BELLAVISTA,CONDUCTOR,FALLECIDO,,EN EL CENTRO DE SALUD,IDENTIFICADO,PERÚ,66,MASCULINO,SI,VIGENTE,B II C,NO,,SI,MOTOCICLETA,07/10/2023,2023,OCTUBRE,SÁBADO,18,CHOQUE,IMPRUDENCIA DEL CONDUCTOR,CONDUCIR EN ESTADO DE EBRIEDAD Y/O DROGADICCIÓN,AVENIDA,NO CORRESPONDE,URBANO
A-2023-10-9,V-2023-10-9-1,P-2023-10-9-1-1,CALLAO,CALLAO,VENTANILLA,CONDUCTOR,ILESO,,,IDENTIFICADO,PERÚ,35,MASCULINO,SI,VIGENTE,B II C,NO,,SI,TRIMOTO PASAJERO,07/10/2023,2023,OCTUBRE,SÁBADO,19,ATROPELLO,IMPRUDENCIA DEL CONDUCTOR,OTRO (IMPRUDENCIA DEL CONDUCTOR),AVENIDA,NO CORRESPONDE,URBANO
A-2023-10-9,V-2023-10-9-1,P-2023-10-9-1-2,CALLAO,CALLAO,VENTANILLA,PEATÓN,FALLECIDO,,EN EL CENTRO DE SALUD,IDENTIFICADO,PERÚ,86,MASCULINO,,NO CONDUCTOR,NO CONDUCTOR,NO,,SI,TRIMOTO PASAJERO,07/10/2023,2023,OCTUBRE,SÁBADO,19,ATROPELLO,IMPRUDENCIA DEL CONDUCTOR,OTRO (IMPRUDENCIA DEL CONDUCTOR),AVENIDA,NO CORRESPONDE,URBANO
A-2023-10-100,V-2023-10-100-1,P-2023-10-100-1-1,LIMA,LIMA,LA VICTORIA,CONDUCTOR,ILESO,,,IDENTIFICADO,PERÚ,38,MASCULINO,SI,VIGENTE,A III C,NO,,NO,CAMIÓN,09/10/2023,2023,OCTUBRE,LUNES,14,ATROPELLO,EN PROCESO DE INVESTIGACIÓN,NO CUENTA CON CAUSA ESPECIFICA,AVENIDA,NO CORRESPONDE,URBANO
A-2023-10-100,V-2023-10-100-1,P-2023-10-100-1-2,LIMA,LIMA,LA VICTORIA,PEATÓN,FALLECIDO,,EN EL LUGAR DE LOS HECHOS,NO IDENTIFICADO,PERÚ,,MASCULINO,,NO CONDUCTOR,NO CONDUCTOR,NO,,NO,CAMIÓN,09/10/2023,2023,OCTUBRE,LUNES,14,ATROPELLO,EN PROCESO DE INVESTIGACIÓN,NO CUENTA CON CAUSA ESPECIFICA,AVENIDA,NO CORRESPONDE,URBANO
A-2023-10-99,V-2023-10-99-1,P-2023-10-99-1-1,LIMA,LIMA,SANTA ROSA,CONDUCTOR,ILESO,,,IDENTIFICADO,PERÚ,53,MASCULINO,SI,VIGENTE,A I,NO,,NO,CAMIONETA RURAL,09/10/2023,2023,OCTUBRE,LUNES,18,ATROPELLO,EN PROCESO DE INVESTIGACIÓN,NO CUENTA CON CAUSA ESPECIFICA,AVENIDA,NO CORRESPONDE,URBANO
A-2023-10-99,V-2023-10-99-1,P-2023-10-99-1-2,LIMA,LIMA,SANTA ROSA,PEATÓN,FALLECIDO,,EN EL LUGAR DE LOS HECHOS,NO IDENTIFICADO,PERÚ,,MASCULINO,,NO CONDUCTOR,NO CONDUCTOR,NO,,NO,CAMIONETA RURAL,09/10/2023,2023,OCTUBRE,LUNES,18,ATROPELLO,EN PROCESO DE INVESTIGACIÓN,NO CUENTA CON CAUSA ESPECIFICA,AVENIDA,NO CORRESPONDE,URBANO
A-2023-10-101,V-2023-10-101-1,P-2023-10-101-1-1,LIMA,LIMA,SAN JUAN DE LURIGANCHO,CONDUCTOR,ILESO,,,IDENTIFICADO,PERÚ,26,MASCULINO,SI,VIGENTE,A II B,NO,,NO,CAMIONETA RURAL,09/10/2023,2023,OCTUBRE,LUNES,19,ATROPELLO,IMPRUDENCIA DEL PEATÓN,OTRO (IMPRUDENCIA DEL PEATÓN),CARRETERA NACIONAL,PE-22,NACIONAL
A-2023-10-101,V-2023-10-101-1,P-2023-10-101-1-2,LIMA,LIMA,SAN JUAN DE LURIGANCHO,PEATÓN,FALLECIDO,,EN EL LUGAR DE LOS HECHOS,NO IDENTIFICADO,PERÚ,,MASCULINO,,NO CONDUCTOR,NO CONDUCTOR,NO,,NO,CAMIONETA RURAL,09/10/2023,2023,OCTUBRE,LUNES,19,ATROPELLO,IMPRUDENCIA DEL PEATÓN,OTRO (IMPRUDENCIA DEL PEATÓN),CARRETERA NACIONAL,PE-22,NACIONAL
A-2023-10-102,V-2023-10-102-1,P-2023-10-102-1-1,LIMA,LIMA,MAGDALENA DEL MAR,CONDUCTOR,ILESO,,,IDENTIFICADO,PERÚ,64,MASCULINO,SI,VIGENTE,A III C,NO,,NO,CAMIONETA RURAL,10/10/2023,2023,OCTUBRE,MARTES,15,ATROPELLO,IMPRUDENCIA DEL PEATÓN,OTRO (IMPRUDENCIA DEL PEATÓN),AVENIDA,NO CORRESPONDE,URBANO
A-2023-10-102,V-2023-10-102-1,P-2023-10-102-1-2,LIMA,LIMA,MAGDALENA DEL MAR,PEATÓN,FALLECIDO,,EN EL LUGAR DE LOS HECHOS,NO IDENTIFICADO,PERÚ,,FEMENINO,,NO CONDUCTOR,NO CONDUCTOR,NO,,NO,CAMIONETA RURAL,10/10/2023,2023,OCTUBRE,MARTES,15,ATROPELLO,IMPRUDENCIA DEL PEATÓN,OTRO (IMPRUDENCIA DEL PEATÓN),AVENIDA,NO CORRESPONDE,URBANO
A-2023-10-103,V-2023-10-103-1,P-2023-10-103-1-1,LIMA,LIMA,SANTA ANITA,CONDUCTOR,ILESO,,,IDENTIFICADO,PERÚ,40,MASCULINO,,VIGENTE,A III C,NO,,NO,CAMIÓN,11/10/2023,2023,OCTUBRE,MIÉRCOLES,23,ATROPELLO,EN PROCESO DE INVESTIGACIÓN,NO CUENTA CON CAUSA ESPECIFICA,AVENIDA,NO CORRESPONDE,URBANO
A-2023-10-103,V-2023-10-103-1,P-2023-10-103-1-2,LIMA,LIMA,SANTA ANITA,PEATÓN,FALLECIDO,,EN EL LUGAR DE LOS HECHOS,NO IDENTIFICADO,PERÚ,,MASCULINO,,NO CONDUCTOR,NO CONDUCTOR,NO,,NO,CAMIÓN,11/10/2023,2023,OCTUBRE,MIÉRCOLES,23,ATROPELLO,EN PROCESO DE INVESTIGACIÓN,NO CUENTA CON CAUSA ESPECIFICA,AVENIDA,NO CORRESPONDE,URBANO
A-2023-10-104,V-2023-10-104-1,P-2023-10-104-1-1,LIMA,LIMA,LURIGANCHO,CONDUCTOR,ILESO,,,IDENTIFICADO,PERÚ,20,MASCULINO,,SIN LICENCIA,SIN LICENCIA,NO,,NO,CAMIÓN,12/10/2023,2023,OCTUBRE,JUEVES,6,CHOQUE,EN PROCESO DE INVESTIGACIÓN,NO CUENTA CON CAUSA ESPECIFICA,AUTOPISTA,NO CORRESPONDE,URBANO
A-2023-10-104,V-2023-10-104-1,P-2023-10-104-1-2,LIMA,LIMA,LURIGANCHO,PASAJERO,FALLECIDO,,EN EL LUGAR DE LOS HECHOS,NO IDENTIFICADO,PERÚ,,MASCULINO,,NO CONDUCTOR,NO CONDUCTOR,NO,,NO,CAMIÓN,12/10/2023,2023,OCTUBRE,JUEVES,6,CHOQUE,EN PROCESO DE INVESTIGACIÓN,NO CUENTA CON CAUSA ESPECIFICA,AUTOPISTA,NO CORRESPONDE,URBANO
A-2023-10-104,V-2023-10-104-2,P-2023-10-104-2-1,LIMA,LIMA,LURIGANCHO,SIN CONDUCTOR,NO SE CONOCE,,,NO IDENTIFICADO,PERÚ,,NO INDICA,,NO CONDUCTOR,NO CONDUCTOR,NO,,NO,CAMIÓN,12/10/2023,2023,OCTUBRE,JUEVES,6,CHOQUE,EN PROCESO DE INVESTIGACIÓN,NO CUENTA CON CAUSA ESPECIFICA,AUTOPISTA,NO CORRESPONDE,URBANO
A-2023-10-105,V-2023-10-105-1,P-2023-10-105-1-1,LIMA,LIMA,SAN MARTIN DE PORRES,CONDUCTOR,ILESO,,,IDENTIFICADO,PERÚ,21,MASCULINO,SI,VIGENTE,A I,NO,,NO,AUTOMÓVIL,12/10/2023,2023,OCTUBRE,JUEVES,14,ATROPELLO,EN PROCESO DE INVESTIGACIÓN,NO CUENTA CON CAUSA ESPECIFICA,AVENIDA,NO CORRESPONDE,URBANO
A-2023-10-105,V-2023-10-105-1,P-2023-10-105-1-2,LIMA,LIMA,SAN MARTIN DE PORRES,PEATÓN,FALLECIDO,,EN EL LUGAR DE LOS HECHOS,NO IDENTIFICADO,PERÚ,,FEMENINO,,NO CONDUCTOR,NO CONDUCTOR,NO,,NO,AUTOMÓVIL,12/10/2023,2023,OCTUBRE,JUEVES,14,ATROPELLO,EN PROCESO DE INVESTIGACIÓN,NO CUENTA CON CAUSA ESPECIFICA,AVENIDA,NO CORRESPONDE,URBANO
A-2023-10-106,V-2023-10-106-1,P-2023-10-106-1-1,LIMA,LIMA,LURIN,CONDUCTOR FUGADO,NO SE CONOCE,,,NO IDENTIFICADO,PERÚ,,NO INDICA,,FUGADO,FUGADO,NO,,NO,VEHICULO NO IDENTIFICADO,12/10/2023,2023,OCTUBRE,JUEVES,20,ATROPELLO FUGA,EN PROCESO DE INVESTIGACIÓN,NO CUENTA CON CAUSA ESPECIFICA,CARRETERA PROVINCIAL,LM-797,PROVINCIAL
A-2023-10-106,V-2023-10-106-1,P-2023-10-106-1-2,LIMA,LIMA,LURIN,PEATÓN,FALLECIDO,,EN EL LUGAR DE LOS HECHOS,NO IDENTIFICADO,PERÚ,,FEMENINO,,NO CONDUCTOR,NO CONDUCTOR,NO,,NO,VEHICULO NO IDENTIFICADO,12/10/2023,2023,OCTUBRE,JUEVES,20,ATROPELLO FUGA,EN PROCESO DE INVESTIGACIÓN,NO CUENTA CON CAUSA ESPECIFICA,CARRETERA PROVINCIAL,LM-797,PROVINCIAL
A-2023-10-107,V-2023-10-107-1,P-2023-10-107-1-1,LIMA,LIMA,VILLA MARIA DEL TRIUNFO,CONDUCTOR,ILESO,,,IDENTIFICADO,PERÚ,19,MASCULINO,SI,VIGENTE,B I,NO,,NO,MOTOCICLETA,13/10/2023,2023,OCTUBRE,VIERNES,3,ATROPELLO,EN PROCESO DE INVESTIGACIÓN,NO CUENTA CON CAUSA ESPECIFICA,AVENIDA,NO CORRESPONDE,URBANO
A-2023-10-107,V-2023-10-107-1,P-2023-10-107-1-2,LIMA,LIMA,VILLA MARIA DEL TRIUNFO,PEATÓN,FALLECIDO,,EN EL LUGAR DE LOS HECHOS,NO IDENTIFICADO,PERÚ,,MASCULINO,,NO CONDUCTOR,NO CONDUCTOR,NO,,NO,MOTOCICLETA,13/10/2023,2023,OCTUBRE,VIERNES,3,ATROPELLO,EN PROCESO DE INVESTIGACIÓN,NO CUENTA CON CAUSA ESPECIFICA,AVENIDA,NO CORRESPONDE,URBANO
A-2023-10-107,V-2023-10-107-1,P-2023-10-107-1-3,LIMA,LIMA,VILLA MARIA DEL TRIUNFO,PASAJERO,LESIONADO,CENTRO DE SALUD PÚBLICO,,NO IDENTIFICADO,PERÚ,,FEMENINO,,NO CONDUCTOR,NO CONDUCTOR,NO,,NO,MOTOCICLETA,13/10/2023,2023,OCTUBRE,VIERNES,3,ATROPELLO,EN PROCESO DE INVESTIGACIÓN,NO CUENTA CON CAUSA ESPECIFICA,AVENIDA,NO CORRESPONDE,URBANO
A-2023-10-11,V-2023-10-11-1,P-2023-10-11-1-1,CALLAO,CALLAO,CALLAO,CONDUCTOR,ILESO,,,IDENTIFICADO,PERÚ,53,MASCULINO,SI,VIGENTE,A III C,NO,,SI,REMOLCADOR,14/10/2023,2023,OCTUBRE,SÁBADO,4,ATROPELLO,IMPRUDENCIA DEL PEATÓN,CRUCE INDEBIDO POR LA CALZADA,CARRETERA NACIONAL,PE-20,NACIONAL
A-2023-10-11,V-2023-10-11-1,P-2023-10-11-1-2,CALLAO,CALLAO,CALLAO,PEATÓN,FALLECIDO,,EN EL LUGAR DE LOS HECHOS,IDENTIFICADO,PERÚ,71,MASCULINO,,NO CONDUCTOR,NO CONDUCTOR,NO,,SI,REMOLCADOR,14/10/2023,2023,OCTUBRE,SÁBADO,4,ATROPELLO,IMPRUDENCIA DEL PEATÓN,CRUCE INDEBIDO POR LA CALZADA,CARRETERA NACIONAL,PE-20,NACIONAL
A-2023-10-11,V-2023-10-11-2,P-2023-10-11-2-1,CALLAO,CALLAO,CALLAO,CONDUCTOR,ILESO,,,IDENTIFICADO,PERÚ,73,MASCULINO,SI,VIGENTE,A III C,NO,,SI,CAMIONETA RURAL,14/10/2023,2023,OCTUBRE,SÁBADO,4,ATROPELLO,IMPRUDENCIA DEL PEATÓN,CRUCE INDEBIDO POR LA CALZADA,CARRETERA NACIONAL,PE-20,NACIONAL
A-2023-10-108,V-2023-10-108-1,P-2023-10-108-1-1,LIMA,LIMA,VILLA MARIA DEL TRIUNFO,CONDUCTOR,ILESO,,,NO IDENTIFICADO,PERÚ,,NO INDICA,,SIN DNI IDENTIFICADO,SIN DNI IDENTIFICADO,NO,,NO,AUTOMÓVIL,15/10/2023,2023,OCTUBRE,DOMINGO,7,ATROPELLO,IMPRUDENCIA DEL CONDUCTOR,OTRO (IMPRUDENCIA DEL CONDUCTOR),AVENIDA,NO CORRESPONDE,URBANO
A-2023-10-108,V-2023-10-108-1,P-2023-10-108-1-2,LIMA,LIMA,VILLA MARIA DEL TRIUNFO,PEATÓN,FALLECIDO,,EN EL LUGAR DE LOS HECHOS,NO IDENTIFICADO,PERÚ,,FEMENINO,,NO CONDUCTOR,NO CONDUCTOR,NO,,NO,AUTOMÓVIL,15/10/2023,2023,OCTUBRE,DOMINGO,7,ATROPELLO,IMPRUDENCIA DEL CONDUCTOR,OTRO (IMPRUDENCIA DEL CONDUCTOR),AVENIDA,NO CORRESPONDE,URBANO
A-2023-10-108,V-2023-10-108-1,P-2023-10-108-1-3,LIMA,LIMA,VILLA MARIA DEL TRIUNFO,PEATÓN,LESIONADO,CENTRO DE SALUD PÚBLICO,,NO IDENTIFICADO,PERÚ,,FEMENINO,,NO CONDUCTOR,NO CONDUCTOR,NO,,NO,AUTOMÓVIL,15/10/2023,2023,OCTUBRE,DOMINGO,7,ATROPELLO,IMPRUDENCIA DEL CONDUCTOR,OTRO (IMPRUDENCIA DEL CONDUCTOR),AVENIDA,NO CORRESPONDE,URBANO
A-2023-10-109,V-2023-10-109-1,P-2023-10-109-1-1,LIMA,LIMA,LINCE,CONDUCTOR,ILESO,,,IDENTIFICADO,PERÚ,87,MASCULINO,SI,VIGENTE,A I,NO,,NO,AUTOMÓVIL,15/10/2023,2023,OCTUBRE,DOMINGO,11,ATROPELLO,IMPRUDENCIA DEL CONDUCTOR,OTRO (IMPRUDENCIA DEL CONDUCTOR),AVENIDA,NO CORRESPONDE,URBANO
A-2023-10-109,V-2023-10-109-1,P-2023-10-109-1-2,LIMA,LIMA,LINCE,PEATÓN,FALLECIDO,,EN EL LUGAR DE LOS HECHOS,NO IDENTIFICADO,PERÚ,,FEMENINO,,NO CONDUCTOR,NO CONDUCTOR,NO,,NO,AUTOMÓVIL,15/10/2023,2023,OCTUBRE,DOMINGO,11,ATROPELLO,IMPRUDENCIA DEL CONDUCTOR,OTRO (IMPRUDENCIA DEL CONDUCTOR),AVENIDA,NO CORRESPONDE,URBANO
A-2023-10-112,V-2023-10-112-1,P-2023-10-112-1-1,LIMA,LIMA,SANTIAGO DE SURCO,CONDUCTOR,ILESO,,,IDENTIFICADO,PERÚ,50,MASCULINO,SI,VIGENTE,A I,NO,,NO,AUTOMÓVIL,15/10/2023,2023,OCTUBRE,DOMINGO,20,CHOQUE,IMPRUDENCIA DEL CONDUCTOR,OTRO (IMPRUDENCIA DEL CONDUCTOR),AVENIDA,NO CORRESPONDE,URBANO
A-2023-10-112,V-2023-10-112-2,P-2023-10-112-2-1,LIMA,LIMA,SANTIAGO DE SURCO,CONDUCTOR,FALLECIDO,,EN EL LUGAR DE LOS HECHOS,IDENTIFICADO,PERÚ,25,MASCULINO,SI,,A I,NO,,NO,MOTOCICLETA,15/10/2023,2023,OCTUBRE,DOMINGO,20,CHOQUE,IMPRUDENCIA DEL CONDUCTOR,OTRO (IMPRUDENCIA DEL CONDUCTOR),AVENIDA,NO CORRESPONDE,URBANO
A-2023-10-111,V-2023-10-111-1,P-2023-10-111-1-1,LIMA,LIMA,CHACLACAYO,CONDUCTOR,FALLECIDO,,EN EL LUGAR DE LOS HECHOS,IDENTIFICADO,PERÚ,42,MASCULINO,,CANCELADA,A I,NO,,NO,AUTOMÓVIL,15/10/2023,2023,OCTUBRE,DOMINGO,21,DESPISTE,EN PROCESO DE INVESTIGACIÓN,NO CUENTA CON CAUSA ESPECIFICA,AVENIDA,NO CORRESPONDE,URBANO
A-2023-10-113,V-2023-10-113-1,P-2023-10-113-1-1,LIMA,LIMA,ANCON,CONDUCTOR,ILESO,,,IDENTIFICADO,PERÚ,42,MASCULINO,SI,VIGENTE,A I,NO,,NO,AUTOMÓVIL,16/10/2023,2023,OCTUBRE,LUNES,10,ATROPELLO,EN PROCESO DE INVESTIGACIÓN,NO CUENTA CON CAUSA ESPECIFICA,CARRETERA NACIONAL,PE-1N,NACIONAL
A-2023-10-113,V-2023-10-113-1,P-2023-10-113-1-2,LIMA,LIMA,ANCON,PEATÓN,FALLECIDO,,EN EL LUGAR DE LOS HECHOS,NO IDENTIFICADO,PERÚ,,MASCULINO,,NO CONDUCTOR,NO CONDUCTOR,NO,,NO,AUTOMÓVIL,16/10/2023,2023,OCTUBRE,LUNES,10,ATROPELLO,EN PROCESO DE INVESTIGACIÓN,NO CUENTA CON CAUSA ESPECIFICA,CARRETERA NACIONAL,PE-1N,NACIONAL
A-2023-10-114,V-2023-10-114-1,P-2023-10-114-1-1,LIMA,LIMA,VILLA EL SALVADOR,CONDUCTOR,ILESO,,,IDENTIFICADO,PERÚ,30,MASCULINO,,SUSPENDIDA,A I,NO,,NO,CAMIONETA PICK UP,16/10/2023,2023,OCTUBRE,LUNES,12,ATROPELLO,IMPRUDENCIA DEL CONDUCTOR,OTRO (IMPRUDENCIA DEL CONDUCTOR),CALLE,NO CORRESPONDE,URBANO
A-2023-10-114,V-2023-10-114-1,P-2023-10-114-1-2,LIMA,LIMA,VILLA EL SALVADOR,PEATÓN,FALLECIDO,,EN EL LUGAR DE LOS HECHOS,NO IDENTIFICADO,PERÚ,,FEMENINO,,NO CONDUCTOR,NO CONDUCTOR,NO,,NO,CAMIONETA PICK UP,16/10/2023,2023,OCTUBRE,LUNES,12,ATROPELLO,IMPRUDENCIA DEL CONDUCTOR,OTRO (IMPRUDENCIA DEL CONDUCTOR),CALLE,NO CORRESPONDE,URBANO
A-2023-10-115,V-2023-10-115-1,P-2023-10-115-1-1,LIMA,LIMA,SAN JUAN DE LURIGANCHO,CONDUCTOR,ILESO,,,IDENTIFICADO,PERÚ,40,MASCULINO,,RETENIDA,A I,NO,,NO,CAMIONETA RURAL,18/10/2023,2023,OCTUBRE,MIÉRCOLES,7,DESPISTE,IMPRUDENCIA DEL CONDUCTOR,OTRO (IMPRUDENCIA DEL CONDUCTOR),AVENIDA,NO CORRESPONDE,URBANO
A-2023-10-115,V-2023-10-115-1,P-2023-10-115-1-10,LIMA,LIMA,SAN JUAN DE LURIGANCHO,PASAJERO,LESIONADO,CENTRO DE SALUD PÚBLICO,,NO IDENTIFICADO,PERÚ,,MASCULINO,,NO CONDUCTOR,NO CONDUCTOR,NO,,NO,CAMIONETA RURAL,18/10/2023,2023,OCTUBRE,MIÉRCOLES,7,DESPISTE,IMPRUDENCIA DEL CONDUCTOR,OTRO (IMPRUDENCIA DEL CONDUCTOR),AVENIDA,NO CORRESPONDE,URBANO
A-2023-10-115,V-2023-10-115-1,P-2023-10-115-1-2,LIMA,LIMA,SAN JUAN DE LURIGANCHO,PEATÓN,FALLECIDO,,EN EL LUGAR DE LOS HECHOS,NO IDENTIFICADO,PERÚ,,MASCULINO,,NO CONDUCTOR,NO CONDUCTOR,NO,,NO,CAMIONETA RURAL,18/10/2023,2023,OCTUBRE,MIÉRCOLES,7,DESPISTE,IMPRUDENCIA DEL CONDUCTOR,OTRO (IMPRUDENCIA DEL CONDUCTOR),AVENIDA,NO CORRESPONDE,URBANO
A-2023-10-115,V-2023-10-115-1,P-2023-10-115-1-3,LIMA,LIMA,SAN JUAN DE LURIGANCHO,PASAJERO,LESIONADO,CENTRO DE SALUD PÚBLICO,,NO IDENTIFICADO,PERÚ,,FEMENINO,,NO CONDUCTOR,NO CONDUCTOR,NO,,NO,CAMIONETA RURAL,18/10/2023,2023,OCTUBRE,MIÉRCOLES,7,DESPISTE,IMPRUDENCIA DEL CONDUCTOR,OTRO (IMPRUDENCIA DEL CONDUCTOR),AVENIDA,NO CORRESPONDE,URBANO
A-2023-10-115,V-2023-10-115-1,P-2023-10-115-1-4,LIMA,LIMA,SAN JUAN DE LURIGANCHO,PASAJERO,LESIONADO,CENTRO DE SALUD PÚBLICO,,NO IDENTIFICADO,PERÚ,,FEMENINO,,NO CONDUCTOR,NO CONDUCTOR,NO,,NO,CAMIONETA RURAL,18/10/2023,2023,OCTUBRE,MIÉRCOLES,7,DESPISTE,IMPRUDENCIA DEL CONDUCTOR,OTRO (IMPRUDENCIA DEL CONDUCTOR),AVENIDA,NO CORRESPONDE,URBANO
A-2023-10-115,V-2023-10-115-1,P-2023-10-115-1-5,LIMA,LIMA,SAN JUAN DE LURIGANCHO,PASAJERO,LESIONADO,CENTRO DE SALUD PÚBLICO,,NO IDENTIFICADO,PERÚ,,MASCULINO,,NO CONDUCTOR,NO CONDUCTOR,NO,,NO,CAMIONETA RURAL,18/10/2023,2023,OCTUBRE,MIÉRCOLES,7,DESPISTE,IMPRUDENCIA DEL CONDUCTOR,OTRO (IMPRUDENCIA DEL CONDUCTOR),AVENIDA,NO CORRESPONDE,URBANO
A-2023-10-115,V-2023-10-115-1,P-2023-10-115-1-6,LIMA,LIMA,SAN JUAN DE LURIGANCHO,PASAJERO,LESIONADO,CENTRO DE SALUD PÚBLICO,,NO IDENTIFICADO,PERÚ,,MASCULINO,,NO CONDUCTOR,NO CONDUCTOR,NO,,NO,CAMIONETA RURAL,18/10/2023,2023,OCTUBRE,MIÉRCOLES,7,DESPISTE,IMPRUDENCIA DEL CONDUCTOR,OTRO (IMPRUDENCIA DEL CONDUCTOR),AVENIDA,NO CORRESPONDE,URBANO
A-2023-10-115,V-2023-10-115-1,P-2023-10-115-1-7,LIMA,LIMA,SAN JUAN DE LURIGANCHO,PASAJERO,LESIONADO,CENTRO DE SALUD PÚBLICO,,NO IDENTIFICADO,PERÚ,,FEMENINO,,NO CONDUCTOR,NO CONDUCTOR,NO,,NO,CAMIONETA RURAL,18/10/2023,2023,OCTUBRE,MIÉRCOLES,7,DESPISTE,IMPRUDENCIA DEL CONDUCTOR,OTRO (IMPRUDENCIA DEL CONDUCTOR),AVENIDA,NO CORRESPONDE,URBANO
A-2023-10-115,V-2023-10-115-1,P-2023-10-115-1-8,LIMA,LIMA,SAN JUAN DE LURIGANCHO,PASAJERO,LESIONADO,CENTRO DE SALUD PÚBLICO,,NO IDENTIFICADO,PERÚ,,MASCULINO,,NO CONDUCTOR,NO CONDUCTOR,NO,,NO,CAMIONETA RURAL,18/10/2023,2023,OCTUBRE,MIÉRCOLES,7,DESPISTE,IMPRUDENCIA DEL CONDUCTOR,OTRO (IMPRUDENCIA DEL CONDUCTOR),AVENIDA,NO CORRESPONDE,URBANO
A-2023-10-115,V-2023-10-115-1,P-2023-10-115-1-9,LIMA,LIMA,SAN JUAN DE LURIGANCHO,PASAJERO,LESIONADO,CENTRO DE SALUD PÚBLICO,,NO IDENTIFICADO,PERÚ,,FEMENINO,,NO CONDUCTOR,NO CONDUCTOR,NO,,NO,CAMIONETA RURAL,18/10/2023,2023,OCTUBRE,MIÉRCOLES,7,DESPISTE,IMPRUDENCIA DEL CONDUCTOR,OTRO (IMPRUDENCIA DEL CONDUCTOR),AVENIDA,NO CORRESPONDE,URBANO
A-2023-10-116,V-2023-10-116-1,P-2023-10-116-1-1,LIMA,LIMA,LA MOLINA,CONDUCTOR FUGADO,NO SE CONOCE,,,NO IDENTIFICADO,PERÚ,,NO INDICA,,FUGADO,FUGADO,NO,,NO,VEHICULO NO IDENTIFICADO,18/10/2023,2023,OCTUBRE,MIÉRCOLES,19,ATROPELLO FUGA,EN PROCESO DE INVESTIGACIÓN,NO CUENTA CON CAUSA ESPECIFICA,CARRETERA NACIONAL,PE-1S,NACIONAL
A-2023-10-116,V-2023-10-116-1,P-2023-10-116-1-2,LIMA,LIMA,LA MOLINA,PEATÓN,FALLECIDO,,EN EL LUGAR DE LOS HECHOS,NO IDENTIFICADO,PERÚ,,MASCULINO,,NO CONDUCTOR,NO CONDUCTOR,NO,,NO,VEHICULO NO IDENTIFICADO,18/10/2023,2023,OCTUBRE,MIÉRCOLES,19,ATROPELLO FUGA,EN PROCESO DE INVESTIGACIÓN,NO CUENTA CON CAUSA ESPECIFICA,CARRETERA NACIONAL,PE-1S,NACIONAL
A-2023-10-139,V-2023-10-139-1,P-2023-10-139-1-1,CALLAO,CALLAO,CALLAO,CONDUCTOR,FALLECIDO,,EN EL LUGAR DE LOS HECHOS,IDENTIFICADO,PERÚ,39,MASCULINO,,VIGENTE,B II C,NO,,SI,MOTOCICLETA,18/10/2023,2023,OCTUBRE,MIÉRCOLES,20,CHOQUE,IMPRUDENCIA DEL CONDUCTOR,OTRO (IMPRUDENCIA DEL CONDUCTOR),AVENIDA,NO CORRESPONDE,URBANO
A-2023-10-139,V-2023-10-139-2,P-2023-10-139-2-1,CALLAO,CALLAO,CALLAO,SIN CONDUCTOR,NO SE CONOCE,,,NO IDENTIFICADO,,,NO INDICA,,NO CONDUCTOR,NO CONDUCTOR,,,,REMOLCADOR-SEMIREMOLQUE,18/10/2023,2023,OCTUBRE,MIÉRCOLES,20,CHOQUE,IMPRUDENCIA DEL CONDUCTOR,OTRO (IMPRUDENCIA DEL CONDUCTOR),AVENIDA,NO CORRESPONDE,URBANO
A-2023-10-117,V-2023-10-117-1,P-2023-10-117-1-1,LIMA,LIMA,INDEPENDENCIA,CONDUCTOR,FALLECIDO,,EN EL LUGAR DE LOS HECHOS,IDENTIFICADO,PERÚ,26,MASCULINO,,SIN LICENCIA,SIN LICENCIA,NO,,NO,MOTOCICLETA,19/10/2023,2023,OCTUBRE,JUEVES,6,DESPISTE,EN PROCESO DE INVESTIGACIÓN,NO CUENTA CON CAUSA ESPECIFICA,CARRETERA NACIONAL,PE-1N,NACIONAL
A-2023-10-118,V-2023-10-118-1,P-2023-10-118-1-1,LIMA,LIMA,COMAS,CONDUCTOR,FALLECIDO,,EN EL LUGAR DE LOS HECHOS,IDENTIFICADO,VENEZUELA,30,FEMENINO,,NO CORRESPONDE,NO CORRESPONDE,NO,,NO,SCOOTER,21/10/2023,2023,OCTUBRE,SÁBADO,17,VOLCADURA,EN PROCESO DE INVESTIGACIÓN,NO CUENTA CON CAUSA ESPECIFICA,AVENIDA,NO CORRESPONDE,URBANO
A-2023-10-119,V-2023-10-119-1,P-2023-10-119-1-1,LIMA,LIMA,SAN MARTIN DE PORRES,CONDUCTOR,FALLECIDO,,EN EL LUGAR DE LOS HECHOS,NO IDENTIFICADO,PERÚ,,NO INDICA,,SIN DNI IDENTIFICADO,SIN DNI IDENTIFICADO,NO,,NO,MOTOCICLETA,22/10/2023,2023,OCTUBRE,DOMINGO,2,DESPISTE,EN PROCESO DE INVESTIGACIÓN,NO CUENTA CON CAUSA ESPECIFICA,AVENIDA,NO CORRESPONDE,URBANO
A-2023-10-120,V-2023-10-120-1,P-2023-10-120-1-1,LIMA,LIMA,PUNTA NEGRA,CONDUCTOR,FALLECIDO,,EN EL LUGAR DE LOS HECHOS,IDENTIFICADO,PERÚ,25,MASCULINO,,SIN LICENCIA,SIN LICENCIA,NO,,NO,MOTOCICLETA,22/10/2023,2023,OCTUBRE,DOMINGO,5,DESPISTE,EN PROCESO DE INVESTIGACIÓN,NO CUENTA CON CAUSA ESPECIFICA,CARRETERA NACIONAL,PE-1S,NACIONAL
A-2023-10-121,V-2023-10-121-1,P-2023-10-121-1-1,LIMA,LIMA,CHORRILLOS,CONDUCTOR,ILESO,,,IDENTIFICADO,PERÚ,44,MASCULINO,SI,VIGENTE,A I,NO,,NO,AUTOMÓVIL,22/10/2023,2023,OCTUBRE,DOMINGO,12,CHOQUE,EN PROCESO DE INVESTIGACIÓN,NO CUENTA CON CAUSA ESPECIFICA,CARRETERA NACIONAL,PE-1S,NACIONAL
A-2023-10-121,V-2023-10-121-2,P-2023-10-121-2-1,LIMA,LIMA,CHORRILLOS,CONDUCTOR,ILESO,,,IDENTIFICADO,PERÚ,36,MASCULINO,SI,VIGENTE,A I,NO,,NO,AUTOMÓVIL,22/10/2023,2023,OCTUBRE,DOMINGO,12,CHOQUE,EN PROCESO DE INVESTIGACIÓN,NO CUENTA CON CAUSA ESPECIFICA,CARRETERA NACIONAL,PE-1S,NACIONAL
A-2023-10-121,V-2023-10-121-3,P-2023-10-121-3-1,LIMA,LIMA,CHORRILLOS,CONDUCTOR,FALLECIDO,,EN EL LUGAR DE LOS HECHOS,NO IDENTIFICADO,PERÚ,,NO INDICA,,NO CORRESPONDE,SIN DNI IDENTIFICADO,NO,,NO,BICICLETA,22/10/2023,2023,OCTUBRE,DOMINGO,12,CHOQUE,EN PROCESO DE INVESTIGACIÓN,NO CUENTA CON CAUSA ESPECIFICA,CARRETERA NACIONAL,PE-1S,NACIONAL
A-2023-10-121,V-2023-10-121-4,P-2023-10-121-4-1,LIMA,LIMA,CHORRILLOS,CONDUCTOR,FALLECIDO,,EN EL LUGAR DE LOS HECHOS,NO IDENTIFICADO,PERÚ,,NO INDICA,,NO CORRESPONDE,SIN DNI IDENTIFICADO,NO,,NO,BICICLETA,22/10/2023,2023,OCTUBRE,DOMINGO,12,CHOQUE,EN PROCESO DE INVESTIGACIÓN,NO CUENTA CON CAUSA ESPECIFICA,CARRETERA NACIONAL,PE-1S,NACIONAL
A-2023-10-124,V-2023-10-124-1,P-2023-10-124-1-1,LIMA,LIMA,LURIN,CONDUCTOR,FALLECIDO,,EN EL LUGAR DE LOS HECHOS,IDENTIFICADO,PERÚ,57,MASCULINO,SI,VIGENTE,A I,NO,,NO,AUTOMÓVIL,23/10/2023,2023,OCTUBRE,LUNES,7,CHOQUE,EN PROCESO DE INVESTIGACIÓN,NO CUENTA CON CAUSA ESPECIFICA,CARRETERA NACIONAL,PE-1S,NACIONAL
A-2023-10-124,V-2023-10-124-2,P-2023-10-124-2-1,LIMA,LIMA,LURIN,CONDUCTOR,ILESO,,,IDENTIFICADO,PERÚ,41,MASCULINO,SI,VIGENTE,A III C,NO,,NO,ÓMNIBUS,23/10/2023,2023,OCTUBRE,LUNES,7,CHOQUE,EN PROCESO DE INVESTIGACIÓN,NO CUENTA CON CAUSA ESPECIFICA,CARRETERA NACIONAL,PE-1S,NACIONAL
A-2023-10-125,V-2023-10-125-1,P-2023-10-125-1-1,LIMA,LIMA,LURIN,CONDUCTOR,ILESO,,,IDENTIFICADO,PERÚ,31,MASCULINO,SI,VIGENTE,A III B,NO,,NO,REMOLCADOR-SEMIREMOLQUE,24/10/2023,2023,OCTUBRE,MARTES,7,CHOQUE,EN PROCESO DE INVESTIGACIÓN,NO CUENTA CON CAUSA ESPECIFICA,CARRETERA NACIONAL,PE-1S,NACIONAL
A-2023-10-125,V-2023-10-125-2,P-2023-10-125-2-1,LIMA,LIMA,LURIN,CONDUCTOR FUGADO,NO SE CONOCE,,,NO IDENTIFICADO,PERÚ,,NO INDICA,,FUGADO,FUGADO,NO,,NO,CAMIONETA RURAL,24/10/2023,2023,OCTUBRE,MARTES,7,CHOQUE,EN PROCESO DE INVESTIGACIÓN,NO CUENTA CON CAUSA ESPECIFICA,CARRETERA NACIONAL,PE-1S,NACIONAL
A-2023-10-125,V-2023-10-125-2,P-2023-10-125-2-2,LIMA,LIMA,LURIN,PASAJERO,FALLECIDO,,EN EL LUGAR DE LOS HECHOS,NO IDENTIFICADO,PERÚ,,MASCULINO,,NO CONDUCTOR,NO CONDUCTOR,NO,,NO,CAMIONETA RURAL,24/10/2023,2023,OCTUBRE,MARTES,7,CHOQUE,EN PROCESO DE INVESTIGACIÓN,NO CUENTA CON CAUSA ESPECIFICA,CARRETERA NACIONAL,PE-1S,NACIONAL
A-2023-10-125,V-2023-10-125-2,P-2023-10-125-2-3,LIMA,LIMA,LURIN,PASAJERO,FALLECIDO,,EN EL LUGAR DE LOS HECHOS,NO IDENTIFICADO,PERÚ,,FEMENINO,,NO CONDUCTOR,NO CONDUCTOR,NO,,NO,CAMIONETA RURAL,24/10/2023,2023,OCTUBRE,MARTES,7,CHOQUE,EN PROCESO DE INVESTIGACIÓN,NO CUENTA CON CAUSA ESPECIFICA,CARRETERA NACIONAL,PE-1S,NACIONAL
A-2023-10-128,V-2023-10-128-1,P-2023-10-128-1-1,LIMA,LIMA,SURQUILLO,CONDUCTOR,ILESO,,,IDENTIFICADO,PERÚ,34,MASCULINO,SI,VIGENTE,B I,NO,,NO,MOTOCICLETA,25/10/2023,2023,OCTUBRE,MIÉRCOLES,0,ATROPELLO,EN PROCESO DE INVESTIGACIÓN,NO CUENTA CON CAUSA ESPECIFICA,AVENIDA,NO CORRESPONDE,URBANO
A-2023-10-128,V-2023-10-128-1,P-2023-10-128-1-2,LIMA,LIMA,SURQUILLO,PEATÓN,FALLECIDO,,EN EL LUGAR DE LOS HECHOS,NO IDENTIFICADO,PERÚ,,MASCULINO,,NO CONDUCTOR,NO CONDUCTOR,NO,,NO,MOTOCICLETA,25/10/2023,2023,OCTUBRE,MIÉRCOLES,0,ATROPELLO,EN PROCESO DE INVESTIGACIÓN,NO CUENTA CON CAUSA ESPECIFICA,AVENIDA,NO CORRESPONDE,URBANO
A-2023-10-122,V-2023-10-122-1,P-2023-10-122-1-1,LIMA,LIMA,LOS OLIVOS,CONDUCTOR FUGADO,NO SE CONOCE,,,NO IDENTIFICADO,PERÚ,,NO INDICA,,FUGADO,FUGADO,NO,,NO,VEHICULO NO IDENTIFICADO,25/10/2023,2023,OCTUBRE,MIÉRCOLES,2,ATROPELLO FUGA,EN PROCESO DE INVESTIGACIÓN,NO CUENTA CON CAUSA ESPECIFICA,CARRETERA NACIONAL,PE-1N,NACIONAL
A-2023-10-122,V-2023-10-122-1,P-2023-10-122-1-2,LIMA,LIMA,LOS OLIVOS,PEATÓN,FALLECIDO,,EN EL LUGAR DE LOS HECHOS,NO IDENTIFICADO,PERÚ,,MASCULINO,,NO CONDUCTOR,NO CONDUCTOR,NO,,NO,VEHICULO NO IDENTIFICADO,25/10/2023,2023,OCTUBRE,MIÉRCOLES,2,ATROPELLO FUGA,EN PROCESO DE INVESTIGACIÓN,NO CUENTA CON CAUSA ESPECIFICA,CARRETERA NACIONAL,PE-1N,NACIONAL
A-2023-10-127,V-2023-10-127-1,P-2023-10-127-1-1,LIMA,LIMA,SAN LUIS,CONDUCTOR,ILESO,,,IDENTIFICADO,,29,MASCULINO,,,A II B,,,,MOTOCICLETA,26/10/2023,2023,OCTUBRE,JUEVES,5,ATROPELLO,EN PROCESO DE INVESTIGACIÓN,NO CUENTA CON CAUSA ESPECIFICA,AVENIDA,NO CORRESPONDE,URBANO
A-2023-10-127,V-2023-10-127-1,P-2023-10-127-1-2,LIMA,LIMA,SAN LUIS,PEATÓN,FALLECIDO,,EN EL LUGAR DE LOS HECHOS,NO IDENTIFICADO,PERÚ,,MASCULINO,,NO CONDUCTOR,NO CONDUCTOR,NO,,NO,MOTOCICLETA,26/10/2023,2023,OCTUBRE,JUEVES,5,ATROPELLO,EN PROCESO DE INVESTIGACIÓN,NO CUENTA CON CAUSA ESPECIFICA,AVENIDA,NO CORRESPONDE,URBANO
A-2023-10-123,V-2023-10-123-1,P-2023-10-123-1-1,LIMA,LIMA,LOS OLIVOS,CONDUCTOR FUGADO,NO SE CONOCE,,,NO IDENTIFICADO,PERÚ,,NO INDICA,,FUGADO,FUGADO,NO,,NO,VEHICULO NO IDENTIFICADO,27/10/2023,2023,OCTUBRE,VIERNES,1,ATROPELLO FUGA,EN PROCESO DE INVESTIGACIÓN,NO CUENTA CON CAUSA ESPECIFICA,CARRETERA NACIONAL,PE-1N,NACIONAL
A-2023-10-123,V-2023-10-123-1,P-2023-10-123-1-2,LIMA,LIMA,LOS OLIVOS,PEATÓN,FALLECIDO,,EN EL LUGAR DE LOS HECHOS,NO IDENTIFICADO,PERÚ,,MASCULINO,,NO CONDUCTOR,NO CONDUCTOR,NO,,NO,VEHICULO NO IDENTIFICADO,27/10/2023,2023,OCTUBRE,VIERNES,1,ATROPELLO FUGA,EN PROCESO DE INVESTIGACIÓN,NO CUENTA CON CAUSA ESPECIFICA,CARRETERA NACIONAL,PE-1N,NACIONAL
A-2023-10-126,V-2023-10-126-1,P-2023-10-126-1-1,LIMA,LIMA,SAN MARTIN DE PORRES,CONDUCTOR,ILESO,,,NO IDENTIFICADO,PERÚ,,NO INDICA,,SIN DNI IDENTIFICADO,SIN DNI IDENTIFICADO,NO,,NO,CAMIÓN,27/10/2023,2023,OCTUBRE,VIERNES,6,ATROPELLO,EN PROCESO DE INVESTIGACIÓN,NO CUENTA CON CAUSA ESPECIFICA,AVENIDA,NO CORRESPONDE,URBANO
A-2023-10-126,V-2023-10-126-1,P-2023-10-126-1-2,LIMA,LIMA,SAN MARTIN DE PORRES,PEATÓN,FALLECIDO,,EN EL LUGAR DE LOS HECHOS,NO IDENTIFICADO,PERÚ,,MASCULINO,,NO CONDUCTOR,NO CONDUCTOR,NO,,NO,CAMIÓN,27/10/2023,2023,OCTUBRE,VIERNES,6,ATROPELLO,EN PROCESO DE INVESTIGACIÓN,NO CUENTA CON CAUSA ESPECIFICA,AVENIDA,NO CORRESPONDE,URBANO
A-2023-10-129,V-2023-10-129-1,P-2023-10-129-1-1,LIMA,LIMA,LURIGANCHO,CONDUCTOR,ILESO,,,IDENTIFICADO,PERÚ,31,MASCULINO,,SUSPENDIDA,A II B,NO,,NO,AUTOMÓVIL,28/10/2023,2023,OCTUBRE,SÁBADO,2,ATROPELLO,EN PROCESO DE INVESTIGACIÓN,NO CUENTA CON CAUSA ESPECIFICA,CARRETERA NACIONAL,PE-22,NACIONAL
A-2023-10-129,V-2023-10-129-1,P-2023-10-129-1-2,LIMA,LIMA,LURIGANCHO,PEATÓN,FALLECIDO,,EN EL LUGAR DE LOS HECHOS,NO IDENTIFICADO,PERÚ,,FEMENINO,,NO CONDUCTOR,NO CONDUCTOR,NO,,NO,AUTOMÓVIL,28/10/2023,2023,OCTUBRE,SÁBADO,2,ATROPELLO,EN PROCESO DE INVESTIGACIÓN,NO CUENTA CON CAUSA ESPECIFICA,CARRETERA NACIONAL,PE-22,NACIONAL
A-2023-10-129,V-2023-10-129-1,P-2023-10-129-1-3,LIMA,LIMA,LURIGANCHO,PEATÓN,LESIONADO,CENTRO DE SALUD PÚBLICO,,NO IDENTIFICADO,PERÚ,,MASCULINO,,NO CONDUCTOR,NO CONDUCTOR,NO,,NO,AUTOMÓVIL,28/10/2023,2023,OCTUBRE,SÁBADO,2,ATROPELLO,EN PROCESO DE INVESTIGACIÓN,NO CUENTA CON CAUSA ESPECIFICA,CARRETERA NACIONAL,PE-22,NACIONAL
A-2023-10-129,V-2023-10-129-1,P-2023-10-129-1-4,LIMA,LIMA,LURIGANCHO,PEATÓN,LESIONADO,CENTRO DE SALUD PÚBLICO,,NO IDENTIFICADO,PERÚ,,FEMENINO,,NO CONDUCTOR,NO CONDUCTOR,NO,,NO,AUTOMÓVIL,28/10/2023,2023,OCTUBRE,SÁBADO,2,ATROPELLO,EN PROCESO DE INVESTIGACIÓN,NO CUENTA CON CAUSA ESPECIFICA,CARRETERA NACIONAL,PE-22,NACIONAL
A-2023-10-130,V-2023-10-130-1,P-2023-10-130-1-1,LIMA,LIMA,EL AGUSTINO,CONDUCTOR FUGADO,NO SE CONOCE,,,NO IDENTIFICADO,PERÚ,,NO INDICA,,FUGADO,FUGADO,NO,,NO,VEHICULO NO IDENTIFICADO,28/10/2023,2023,OCTUBRE,SÁBADO,4,ATROPELLO FUGA,EN PROCESO DE INVESTIGACIÓN,NO CUENTA CON CAUSA ESPECIFICA,AVENIDA,NO CORRESPONDE,URBANO
A-2023-10-130,V-2023-10-130-1,P-2023-10-130-1-2,LIMA,LIMA,EL AGUSTINO,PEATÓN,FALLECIDO,,EN EL LUGAR DE LOS HECHOS,NO IDENTIFICADO,PERÚ,,MASCULINO,,NO CONDUCTOR,NO CONDUCTOR,NO,,NO,VEHICULO NO IDENTIFICADO,28/10/2023,2023,OCTUBRE,SÁBADO,4,ATROPELLO FUGA,EN PROCESO DE INVESTIGACIÓN,NO CUENTA CON CAUSA ESPECIFICA,AVENIDA,NO CORRESPONDE,URBANO
A-2023-10-131,V-2023-10-131-1,P-2023-10-131-1-1,LIMA,LIMA,ATE,CONDUCTOR FUGADO,NO SE CONOCE,,,NO IDENTIFICADO,PERÚ,,NO INDICA,,FUGADO,FUGADO,NO,,NO,MOTOCICLETA,29/10/2023,2023,OCTUBRE,DOMINGO,0,ATROPELLO,EN PROCESO DE INVESTIGACIÓN,NO CUENTA CON CAUSA ESPECIFICA,CARRETERA NACIONAL,PE-22,NACIONAL
A-2023-10-131,V-2023-10-131-1,P-2023-10-131-1-2,LIMA,LIMA,ATE,PEATÓN,FALLECIDO,,EN EL LUGAR DE LOS HECHOS,NO IDENTIFICADO,PERÚ,,MASCULINO,,NO CONDUCTOR,NO CONDUCTOR,NO,,NO,MOTOCICLETA,29/10/2023,2023,OCTUBRE,DOMINGO,0,ATROPELLO,EN PROCESO DE INVESTIGACIÓN,NO CUENTA CON CAUSA ESPECIFICA,CARRETERA NACIONAL,PE-22,NACIONAL
A-2023-10-132,V-2023-10-132-1,P-2023-10-132-1-1,LIMA,LIMA,RIMAC,CONDUCTOR,FALLECIDO,,EN EL LUGAR DE LOS HECHOS,IDENTIFICADO,PERÚ,21,MASCULINO,,SIN LICENCIA,SIN LICENCIA,NO,,NO,TRIMOTO PASAJERO,29/10/2023,2023,OCTUBRE,DOMINGO,6,CHOQUE,EN PROCESO DE INVESTIGACIÓN,NO CUENTA CON CAUSA ESPECIFICA,CARRETERA NACIONAL,PE-1N,NACIONAL
A-2023-10-132,V-2023-10-132-2,P-2023-10-132-2-1,LIMA,LIMA,RIMAC,CONDUCTOR,ILESO,,,IDENTIFICADO,PERÚ,50,MASCULINO,SI,VIGENTE,A III C,NO,,NO,REMOLCADOR-SEMIREMOLQUE,29/10/2023,2023,OCTUBRE,DOMINGO,6,CHOQUE,EN PROCESO DE INVESTIGACIÓN,NO CUENTA CON CAUSA ESPECIFICA,CARRETERA NACIONAL,PE-1N,NACIONAL
A-2023-10-93,V-2023-10-93-1,P-2023-10-93-1-1,LIMA,LIMA,CARABAYLLO,CONDUCTOR,ILESO,,,IDENTIFICADO,PERÚ,41,MASCULINO,,VENCIDA,A II A,,,,STATION WAGON,29/10/2023,2023,OCTUBRE,DOMINGO,12,ATROPELLO,EN PROCESO DE INVESTIGACIÓN,NO CUENTA CON CAUSA ESPECIFICA,AVENIDA,NO CORRESPONDE,URBANO
A-2023-10-93,V-2023-10-93-1,P-2023-10-93-1-2,LIMA,LIMA,CARABAYLLO,PEATÓN,FALLECIDO,,EN EL LUGAR DE LOS HECHOS,IDENTIFICADO,PERÚ,66,FEMENINO,,NO CONDUCTOR,NO CONDUCTOR,,,,STATION WAGON,29/10/2023,2023,OCTUBRE,DOMINGO,12,ATROPELLO,EN PROCESO DE INVESTIGACIÓN,NO CUENTA CON CAUSA ESPECIFICA,AVENIDA,NO CORRESPONDE,URBANO
A-2023-11-105,V-2023-11-105-1,P-2023-11-105-1-1,LIMA,LIMA,LOS OLIVOS,CONDUCTOR,ILESO,,,IDENTIFICADO,PERÚ,26,MASCULINO,SI,VIGENTE,A I,,,,CAMIÓN,01/11/2023,2023,NOVIEMBRE,MIÉRCOLES,5,ATROPELLO,EN PROCESO DE INVESTIGACIÓN,NO CUENTA CON CAUSA ESPECIFICA,AVENIDA,NO CORRESPONDE,URBANO
A-2023-11-105,V-2023-11-105-1,P-2023-11-105-1-2,LIMA,LIMA,LOS OLIVOS,PEATÓN,FALLECIDO,,,IDENTIFICADO,,40,MASCULINO,,NO CONDUCTOR,NO CONDUCTOR,,,,CAMIÓN,01/11/2023,2023,NOVIEMBRE,MIÉRCOLES,5,ATROPELLO,EN PROCESO DE INVESTIGACIÓN,NO CUENTA CON CAUSA ESPECIFICA,AVENIDA,NO CORRESPONDE,URBANO
A-2023-11-106,V-2023-11-106-1,P-2023-11-106-1-1,LIMA,LIMA,CHORRILLOS,CONDUCTOR,FALLECIDO,,EN EL LUGAR DE LOS HECHOS,IDENTIFICADO,PERÚ,56,MASCULINO,SI,VIGENTE,A II A,,,,AUTOMÓVIL,01/11/2023,2023,NOVIEMBRE,MIÉRCOLES,19,ESPECIAL,EN PROCESO DE INVESTIGACIÓN,NO CUENTA CON CAUSA ESPECIFICA,VIA EXPRESA,NO CORRESPONDE,URBANO
A-2023-11-107,V-2023-11-107-1,P-2023-11-107-1-1,LIMA,LIMA,SAN MARTIN DE PORRES,CONDUCTOR,ILESO,,,IDENTIFICADO,PERÚ,37,MASCULINO,SI,VIGENTE,A III C,,,,REMOLCADOR-SEMIREMOLQUE,02/11/2023,2023,NOVIEMBRE,JUEVES,4,ATROPELLO,EN PROCESO DE INVESTIGACIÓN,NO CUENTA CON CAUSA ESPECIFICA,AVENIDA,NO CORRESPONDE,URBANO
A-2023-11-107,V-2023-11-107-1,P-2023-11-107-1-2,LIMA,LIMA,SAN MARTIN DE PORRES,PEATÓN,FALLECIDO,,EN EL LUGAR DE LOS HECHOS,IDENTIFICADO,PERÚ,50,MASCULINO,,NO CONDUCTOR,NO CONDUCTOR,,,,REMOLCADOR-SEMIREMOLQUE,02/11/2023,2023,NOVIEMBRE,JUEVES,4,ATROPELLO,EN PROCESO DE INVESTIGACIÓN,NO CUENTA CON CAUSA ESPECIFICA,AVENIDA,NO CORRESPONDE,URBANO
A-2023-11-108,V-2023-11-108-1,P-2023-11-108-1-1,LIMA,LIMA,SAN JUAN DE LURIGANCHO,CONDUCTOR,ILESO,,,IDENTIFICADO,PERÚ,31,MASCULINO,SI,VIGENTE,A I,,,,AUTOMÓVIL,02/11/2023,2023,NOVIEMBRE,JUEVES,5,ATROPELLO,EN PROCESO DE INVESTIGACIÓN,NO CUENTA CON CAUSA ESPECIFICA,AVENIDA,NO CORRESPONDE,URBANO
A-2023-11-108,V-2023-11-108-1,P-2023-11-108-1-2,LIMA,LIMA,SAN JUAN DE LURIGANCHO,PEATÓN,FALLECIDO,,EN EL LUGAR DE LOS HECHOS,IDENTIFICADO,PERÚ,75,MASCULINO,,NO CONDUCTOR,NO CONDUCTOR,,,,AUTOMÓVIL,02/11/2023,2023,NOVIEMBRE,JUEVES,5,ATROPELLO,EN PROCESO DE INVESTIGACIÓN,NO CUENTA CON CAUSA ESPECIFICA,AVENIDA,NO CORRESPONDE,URBANO
A-2023-11-109,V-2023-11-109-1,P-2023-11-109-1-1,LIMA,LIMA,SAN BARTOLO,CONDUCTOR FUGADO,NO SE CONOCE,,,NO IDENTIFICADO,,,NO INDICA,,FUGADO,FUGADO,,,,VEHICULO NO IDENTIFICADO,02/11/2023,2023,NOVIEMBRE,JUEVES,11,ATROPELLO FUGA,EN PROCESO DE INVESTIGACIÓN,NO CUENTA CON CAUSA ESPECIFICA,CARRETERA NACIONAL,PE-1S,NACIONAL
A-2023-11-109,V-2023-11-109-1,P-2023-11-109-1-2,LIMA,LIMA,SAN BARTOLO,PEATÓN,FALLECIDO,,EN EL LUGAR DE LOS HECHOS,IDENTIFICADO,PERÚ,50,MASCULINO,,NO CONDUCTOR,NO CONDUCTOR,,,,VEHICULO NO IDENTIFICADO,02/11/2023,2023,NOVIEMBRE,JUEVES,11,ATROPELLO FUGA,EN PROCESO DE INVESTIGACIÓN,NO CUENTA CON CAUSA ESPECIFICA,CARRETERA NACIONAL,PE-1S,NACIONAL
A-2023-11-111,V-2023-11-111-1,P-2023-11-111-1-1,LIMA,LIMA,SAN JUAN DE LURIGANCHO,CONDUCTOR,ILESO,,,IDENTIFICADO,PERÚ,41,MASCULINO,SI,VIGENTE,A III B,,,,REMOLCADOR,02/11/2023,2023,NOVIEMBRE,JUEVES,17,CHOQUE,EN PROCESO DE INVESTIGACIÓN,NO CUENTA CON CAUSA ESPECIFICA,AVENIDA,NO CORRESPONDE,URBANO
A-2023-11-111,V-2023-11-111-2,P-2023-11-111-2-1,LIMA,LIMA,SAN JUAN DE LURIGANCHO,CONDUCTOR,FALLECIDO,,EN EL LUGAR DE LOS HECHOS,IDENTIFICADO,VENEZUELA,27,MASCULINO,,SIN DNI IDENTIFICADO,SIN DNI IDENTIFICADO,,,,MOTOCICLETA,02/11/2023,2023,NOVIEMBRE,JUEVES,17,CHOQUE,EN PROCESO DE INVESTIGACIÓN,NO CUENTA CON CAUSA ESPECIFICA,AVENIDA,NO CORRESPONDE,URBANO
A-2023-11-110,V-2023-11-110-1,P-2023-11-110-1-1,LIMA,LIMA,ATE,CONDUCTOR,ILESO,,,IDENTIFICADO,PERÚ,36,MASCULINO,SI,VIGENTE,A I,,,,AUTOMÓVIL,02/11/2023,2023,NOVIEMBRE,JUEVES,19,ATROPELLO,EN PROCESO DE INVESTIGACIÓN,NO CUENTA CON CAUSA ESPECIFICA,CARRETERA NACIONAL,PE-22,NACIONAL
A-2023-11-110,V-2023-11-110-1,P-2023-11-110-1-2,LIMA,LIMA,ATE,PEATÓN,FALLECIDO,,EN EL LUGAR DE LOS HECHOS,IDENTIFICADO,PERÚ,12,MASCULINO,,NO CONDUCTOR,NO CONDUCTOR,,,,AUTOMÓVIL,02/11/2023,2023,NOVIEMBRE,JUEVES,19,ATROPELLO,EN PROCESO DE INVESTIGACIÓN,NO CUENTA CON CAUSA ESPECIFICA,CARRETERA NACIONAL,PE-22,NACIONAL
A-2023-11-112,V-2023-11-112-1,P-2023-11-112-1-1,LIMA,LIMA,RIMAC,CONDUCTOR,ILESO,,,IDENTIFICADO,PERÚ,22,MASCULINO,SI,VIGENTE,B II C,,,,MOTOCICLETA,03/11/2023,2023,NOVIEMBRE,VIERNES,3,ATROPELLO,EN PROCESO DE INVESTIGACIÓN,NO CUENTA CON CAUSA ESPECIFICA,CARRETERA NACIONAL,PE-1N,NACIONAL
A-2023-11-112,V-2023-11-112-1,P-2023-11-112-1-2,LIMA,LIMA,RIMAC,PEATÓN,FALLECIDO,,EN EL LUGAR DE LOS HECHOS,IDENTIFICADO,PERÚ,50,MASCULINO,,NO CONDUCTOR,NO CONDUCTOR,,,,MOTOCICLETA,03/11/2023,2023,NOVIEMBRE,VIERNES,3,ATROPELLO,EN PROCESO DE INVESTIGACIÓN,NO CUENTA CON CAUSA ESPECIFICA,CARRETERA NACIONAL,PE-1N,NACIONAL
A-2023-11-113,V-2023-11-113-1,P-2023-11-113-1-1,LIMA,LIMA,COMAS,CONDUCTOR,ILESO,,,IDENTIFICADO,VENEZUELA,46,MASCULINO,SI,VIGENTE,A III C,,,,ÓMNIBUS,05/11/2023,2023,NOVIEMBRE,DOMINGO,6,CHOQUE,EN PROCESO DE INVESTIGACIÓN,NO CUENTA CON CAUSA ESPECIFICA,AVENIDA,NO CORRESPONDE,URBANO
A-2023-11-113,V-2023-11-113-2,P-2023-11-113-2-1,LIMA,LIMA,COMAS,CONDUCTOR,FALLECIDO,,EN EL LUGAR DE LOS HECHOS,IDENTIFICADO,PERÚ,28,MASCULINO,SI,VIGENTE,B II C,,,,MOTOCICLETA,05/11/2023,2023,NOVIEMBRE,DOMINGO,6,CHOQUE,EN PROCESO DE INVESTIGACIÓN,NO CUENTA CON CAUSA ESPECIFICA,AVENIDA,NO CORRESPONDE,URBANO
A-2023-11-114,V-2023-11-114-1,P-2023-11-114-1-1,LIMA,LIMA,SAN MARTIN DE PORRES,CONDUCTOR,ILESO,,,IDENTIFICADO,PERÚ,28,MASCULINO,SI,VIGENTE,A II A,,,,AUTOMÓVIL,06/11/2023,2023,NOVIEMBRE,LUNES,5,ATROPELLO,EN PROCESO DE INVESTIGACIÓN,NO CUENTA CON CAUSA ESPECIFICA,AVENIDA,NO CORRESPONDE,URBANO
A-2023-11-114,V-2023-11-114-1,P-2023-11-114-1-2,LIMA,LIMA,SAN MARTIN DE PORRES,PEATÓN,FALLECIDO,,EN EL LUGAR DE LOS HECHOS,IDENTIFICADO,PERÚ,40,MASCULINO,,NO CONDUCTOR,NO CONDUCTOR,,,,AUTOMÓVIL,06/11/2023,2023,NOVIEMBRE,LUNES,5,ATROPELLO,EN PROCESO DE INVESTIGACIÓN,NO CUENTA CON CAUSA ESPECIFICA,AVENIDA,NO CORRESPONDE,URBANO
A-2023-11-115,V-2023-11-115-1,P-2023-11-115-1-1,LIMA,LIMA,LA VICTORIA,CONDUCTOR,ILESO,,,IDENTIFICADO,PERÚ,41,MASCULINO,SI,VIGENTE,A III C,,,,ÓMNIBUS,08/11/2023,2023,NOVIEMBRE,MIÉRCOLES,12,ATROPELLO,EN PROCESO DE INVESTIGACIÓN,NO CUENTA CON CAUSA ESPECIFICA,JIRÓN,NO CORRESPONDE,URBANO
A-2023-11-115,V-2023-11-115-1,P-2023-11-115-1-2,LIMA,LIMA,LA VICTORIA,PEATÓN,FALLECIDO,,EN EL LUGAR DE LOS HECHOS,IDENTIFICADO,PERÚ,45,FEMENINO,,NO CONDUCTOR,NO CONDUCTOR,,,,ÓMNIBUS,08/11/2023,2023,NOVIEMBRE,MIÉRCOLES,12,ATROPELLO,EN PROCESO DE INVESTIGACIÓN,NO CUENTA CON CAUSA ESPECIFICA,JIRÓN,NO CORRESPONDE,URBANO
A-2023-11-116,V-2023-11-116-1,P-2023-11-116-1-1,LIMA,LIMA,CARABAYLLO,CONDUCTOR,FALLECIDO,,EN EL LUGAR DE LOS HECHOS,IDENTIFICADO,PERÚ,62,MASCULINO,,NO CORRESPONDE,SIN DNI IDENTIFICADO,,,,BICICLETA,09/11/2023,2023,NOVIEMBRE,JUEVES,17,CHOQUE FUGA,EN PROCESO DE INVESTIGACIÓN,NO CUENTA CON CAUSA ESPECIFICA,CARRETERA NACIONAL,PE-20A,NACIONAL
A-2023-11-116,V-2023-11-116-2,P-2023-11-116-2-1,LIMA,LIMA,CARABAYLLO,CONDUCTOR FUGADO,ILESO,,,IDENTIFICADO,PERÚ,46,MASCULINO,SI,VIGENTE,A III B,,,,CAMIONETA RURAL,09/11/2023,2023,NOVIEMBRE,JUEVES,17,CHOQUE FUGA,EN PROCESO DE INVESTIGACIÓN,NO CUENTA CON CAUSA ESPECIFICA,CARRETERA NACIONAL,PE-20A,NACIONAL
A-2023-11-117,V-2023-11-117-1,P-2023-11-117-1-1,LIMA,LIMA,CARABAYLLO,CONDUCTOR,ILESO,,,IDENTIFICADO,PERÚ,34,MASCULINO,SI,VIGENTE,A I,,,,CAMIÓN,11/11/2023,2023,NOVIEMBRE,SÁBADO,22,CHOQUE,EN PROCESO DE INVESTIGACIÓN,NO CUENTA CON CAUSA ESPECIFICA,CARRETERA NACIONAL,PE-20A,NACIONAL
A-2023-11-117,V-2023-11-117-2,P-2023-11-117-2-1,LIMA,LIMA,CARABAYLLO,CONDUCTOR,FALLECIDO,,EN EL LUGAR DE LOS HECHOS,IDENTIFICADO,PERÚ,47,MASCULINO,,NO CORRESPONDE,NO CORRESPONDE,,,,OTRO,11/11/2023,2023,NOVIEMBRE,SÁBADO,22,CHOQUE,EN PROCESO DE INVESTIGACIÓN,NO CUENTA CON CAUSA ESPECIFICA,CARRETERA NACIONAL,PE-20A,NACIONAL
A-2023-11-118,V-2023-11-118-1,P-2023-11-118-1-1,LIMA,LIMA,SANTIAGO DE SURCO,CONDUCTOR,ILESO,,,IDENTIFICADO,PERÚ,32,MASCULINO,,SIN DNI IDENTIFICADO,SIN DNI IDENTIFICADO,,,,MOTOCICLETA,12/11/2023,2023,NOVIEMBRE,DOMINGO,10,ATROPELLO,EN PROCESO DE INVESTIGACIÓN,NO CUENTA CON CAUSA ESPECIFICA,AVENIDA,NO CORRESPONDE,URBANO
A-2023-11-118,V-2023-11-118-1,P-2023-11-118-1-2,LIMA,LIMA,SANTIAGO DE SURCO,PEATÓN,FALLECIDO,,EN EL LUGAR DE LOS HECHOS,IDENTIFICADO,PERÚ,60,MASCULINO,,NO CONDUCTOR,NO CONDUCTOR,,,,MOTOCICLETA,12/11/2023,2023,NOVIEMBRE,DOMINGO,10,ATROPELLO,EN PROCESO DE INVESTIGACIÓN,NO CUENTA CON CAUSA ESPECIFICA,AVENIDA,NO CORRESPONDE,URBANO
A-2023-11-119,V-2023-11-119-1,P-2023-11-119-1-1,LIMA,LIMA,LURIN,CONDUCTOR FUGADO,NO SE CONOCE,,,NO IDENTIFICADO,,,NO INDICA,,FUGADO,FUGADO,,,,VEHICULO NO IDENTIFICADO,12/11/2023,2023,NOVIEMBRE,DOMINGO,20,ATROPELLO FUGA,EN PROCESO DE INVESTIGACIÓN,NO CUENTA CON CAUSA ESPECIFICA,CARRETERA NACIONAL,PE-1S,NACIONAL
A-2023-11-119,V-2023-11-119-1,P-2023-11-119-1-2,LIMA,LIMA,LURIN,PEATÓN,FALLECIDO,,EN EL LUGAR DE LOS HECHOS,IDENTIFICADO,PERÚ,30,MASCULINO,,NO CONDUCTOR,NO CONDUCTOR,,,,VEHICULO NO IDENTIFICADO,12/11/2023,2023,NOVIEMBRE,DOMINGO,20,ATROPELLO FUGA,EN PROCESO DE INVESTIGACIÓN,NO CUENTA CON CAUSA ESPECIFICA,CARRETERA NACIONAL,PE-1S,NACIONAL
A-2023-11-177,V-2023-11-177-1,P-2023-11-177-1-1,LIMA,LIMA,SAN MARTIN DE PORRES,CONDUCTOR,ILESO,,,IDENTIFICADO,PERÚ,55,MASCULINO,SI,VIGENTE,A III C,NO,,NO,CAMIÓN,14/11/2023,2023,NOVIEMBRE,MARTES,20,CHOQUE,EN PROCESO DE INVESTIGACIÓN,NO CUENTA CON CAUSA ESPECIFICA,CARRETERA NACIONAL,PE-1N,NACIONAL
A-2023-11-177,V-2023-11-177-2,P-2023-11-177-2-1,LIMA,LIMA,SAN MARTIN DE PORRES,CONDUCTOR,ILESO,,,IDENTIFICADO,PERÚ,51,MASCULINO,SI,VIGENTE,A III C,NO,,NO,REMOLCADOR-SEMIREMOLQUE,14/11/2023,2023,NOVIEMBRE,MARTES,20,CHOQUE,EN PROCESO DE INVESTIGACIÓN,NO CUENTA CON CAUSA ESPECIFICA,CARRETERA NACIONAL,PE-1N,NACIONAL
A-2023-11-177,V-2023-11-177-3,P-2023-11-177-3-1,LIMA,LIMA,SAN MARTIN DE PORRES,CONDUCTOR,FALLECIDO,,EN EL LUGAR DE LOS HECHOS,IDENTIFICADO,VENEZUELA,29,MASCULINO,SI,VIGENTE,A I,NO,,NO,MOTOCICLETA,14/11/2023,2023,NOVIEMBRE,MARTES,20,CHOQUE,EN PROCESO DE INVESTIGACIÓN,NO CUENTA CON CAUSA ESPECIFICA,CARRETERA NACIONAL,PE-1N,NACIONAL
A-2023-11-120,V-2023-11-120-1,P-2023-11-120-1-1,LIMA,LIMA,LOS OLIVOS,CONDUCTOR,ILESO,,,IDENTIFICADO,PERÚ,31,MASCULINO,SI,VIGENTE,A III A,,,,MINIBUS,15/11/2023,2023,NOVIEMBRE,MIÉRCOLES,6,ATROPELLO,EN PROCESO DE INVESTIGACIÓN,NO CUENTA CON CAUSA ESPECIFICA,AVENIDA,NO CORRESPONDE,URBANO
A-2023-11-120,V-2023-11-120-1,P-2023-11-120-1-2,LIMA,LIMA,LOS OLIVOS,PEATÓN,FALLECIDO,,EN EL LUGAR DE LOS HECHOS,IDENTIFICADO,PERÚ,65,FEMENINO,,NO CONDUCTOR,NO CONDUCTOR,,,,MINIBUS,15/11/2023,2023,NOVIEMBRE,MIÉRCOLES,6,ATROPELLO,EN PROCESO DE INVESTIGACIÓN,NO CUENTA CON CAUSA ESPECIFICA,AVENIDA,NO CORRESPONDE,URBANO
A-2023-11-122,V-2023-11-122-1,P-2023-11-122-1-1,LIMA,LIMA,CARABAYLLO,CONDUCTOR,ILESO,,,IDENTIFICADO,PERÚ,41,MASCULINO,SI,VIGENTE,A II B,,,,CAMIONETA PICK UP,15/11/2023,2023,NOVIEMBRE,MIÉRCOLES,7,ATROPELLO,EN PROCESO DE INVESTIGACIÓN,NO CUENTA CON CAUSA ESPECIFICA,AVENIDA,NO CORRESPONDE,URBANO
A-2023-11-122,V-2023-11-122-1,P-2023-11-122-1-2,LIMA,LIMA,CARABAYLLO,PEATÓN,FALLECIDO,,EN EL LUGAR DE LOS HECHOS,IDENTIFICADO,PERÚ,80,MASCULINO,,NO CONDUCTOR,NO CONDUCTOR,,,,CAMIONETA PICK UP,15/11/2023,2023,NOVIEMBRE,MIÉRCOLES,7,ATROPELLO,EN PROCESO DE INVESTIGACIÓN,NO CUENTA CON CAUSA ESPECIFICA,AVENIDA,NO CORRESPONDE,URBANO
A-2023-11-121,V-2023-11-121-1,P-2023-11-121-1-1,LIMA,LIMA,SAN JUAN DE LURIGANCHO,CONDUCTOR,ILESO,,,IDENTIFICADO,PERÚ,31,MASCULINO,SI,VIGENTE,A III C,,,,CAMIÓN,15/11/2023,2023,NOVIEMBRE,MIÉRCOLES,11,ESPECIAL,EN PROCESO DE INVESTIGACIÓN,NO CUENTA CON CAUSA ESPECIFICA,CALLE,NO CORRESPONDE,URBANO
A-2023-11-121,V-2023-11-121-1,P-2023-11-121-1-2,LIMA,LIMA,SAN JUAN DE LURIGANCHO,PASAJERO,FALLECIDO,,EN EL LUGAR DE LOS HECHOS,IDENTIFICADO,PERÚ,25,FEMENINO,,NO CONDUCTOR,NO CONDUCTOR,,,,CAMIÓN,15/11/2023,2023,NOVIEMBRE,MIÉRCOLES,11,ESPECIAL,EN PROCESO DE INVESTIGACIÓN,NO CUENTA CON CAUSA ESPECIFICA,CALLE,NO CORRESPONDE,URBANO
A-2023-11-123,V-2023-11-123-1,P-2023-11-123-1-1,LIMA,LIMA,SAN JUAN DE LURIGANCHO,CONDUCTOR,FALLECIDO,,EN EL LUGAR DE LOS HECHOS,IDENTIFICADO,PERÚ,35,MASCULINO,,VENCIDA,B II C,,,,MOTOCICLETA,15/11/2023,2023,NOVIEMBRE,MIÉRCOLES,17,DESPISTE,EN PROCESO DE INVESTIGACIÓN,NO CUENTA CON CAUSA ESPECIFICA,CARRETERA NACIONAL,PE-22,NACIONAL
A-2023-11-149,V-2023-11-149-1,P-2023-11-149-1-1,CALLAO,CALLAO,CALLAO,CONDUCTOR,ILESO,,,IDENTIFICADO,PERÚ,35,MASCULINO,SI,VIGENTE,A III B,NO,,SI,REMOLCADOR-SEMIREMOLQUE,16/11/2023,2023,NOVIEMBRE,JUEVES,12,ATROPELLO,IMPRUDENCIA DEL PEATÓN,CRUCE INDEBIDO POR LA CALZADA,AVENIDA,NO CORRESPONDE,URBANO
A-2023-11-149,V-2023-11-149-1,P-2023-11-149-1-2,CALLAO,CALLAO,CALLAO,PEATÓN,FALLECIDO,,EN EL LUGAR DE LOS HECHOS,IDENTIFICADO,PERÚ,61,MASCULINO,,NO CONDUCTOR,NO CONDUCTOR,NO,,NO,REMOLCADOR-SEMIREMOLQUE,16/11/2023,2023,NOVIEMBRE,JUEVES,12,ATROPELLO,IMPRUDENCIA DEL PEATÓN,CRUCE INDEBIDO POR LA CALZADA,AVENIDA,NO CORRESPONDE,URBANO
A-2023-11-149,V-2023-11-149-1,P-2023-11-149-1-3,CALLAO,CALLAO,CALLAO,PEATÓN,LESIONADO,CENTRO DE SALUD PÚBLICO,,IDENTIFICADO,PERÚ,3,FEMENINO,,NO CONDUCTOR,NO CONDUCTOR,NO,,NO,REMOLCADOR-SEMIREMOLQUE,16/11/2023,2023,NOVIEMBRE,JUEVES,12,ATROPELLO,IMPRUDENCIA DEL PEATÓN,CRUCE INDEBIDO POR LA CALZADA,AVENIDA,NO CORRESPONDE,URBANO
A-2023-11-124,V-2023-11-124-1,P-2023-11-124-1-1,LIMA,LIMA,INDEPENDENCIA,CONDUCTOR,FALLECIDO,,EN EL LUGAR DE LOS HECHOS,NO IDENTIFICADO,,,MASCULINO,,SIN DNI IDENTIFICADO,SIN DNI IDENTIFICADO,,,,MOTOCICLETA,18/11/2023,2023,NOVIEMBRE,SÁBADO,0,DESPISTE,EN PROCESO DE INVESTIGACIÓN,NO CUENTA CON CAUSA ESPECIFICA,CARRETERA NACIONAL,PE-1N,NACIONAL
A-2023-11-125,V-2023-11-125-1,P-2023-11-125-1-1,LIMA,LIMA,SAN JUAN DE LURIGANCHO,CONDUCTOR,FALLECIDO,,EN EL LUGAR DE LOS HECHOS,IDENTIFICADO,PERÚ,60,MASCULINO,SI,VIGENTE,A III C,,,,AUTOMÓVIL,18/11/2023,2023,NOVIEMBRE,SÁBADO,7,DESPISTE,EN PROCESO DE INVESTIGACIÓN,NO CUENTA CON CAUSA ESPECIFICA,CALLE,NO CORRESPONDE,URBANO
A-2023-11-125,V-2023-11-125-1,P-2023-11-125-1-2,LIMA,LIMA,SAN JUAN DE LURIGANCHO,PEATÓN,LESIONADO,OTRO,EN EL LUGAR DE LOS HECHOS,IDENTIFICADO,PERÚ,35,FEMENINO,,NO CONDUCTOR,NO CONDUCTOR,,,,AUTOMÓVIL,18/11/2023,2023,NOVIEMBRE,SÁBADO,7,DESPISTE,EN PROCESO DE INVESTIGACIÓN,NO CUENTA CON CAUSA ESPECIFICA,CALLE,NO CORRESPONDE,URBANO
A-2023-11-126,V-2023-11-126-1,P-2023-11-126-1-1,LIMA,LIMA,SAN JUAN DE MIRAFLORES,CONDUCTOR FUGADO,NO SE CONOCE,,,NO IDENTIFICADO,,,NO INDICA,,FUGADO,FUGADO,,,,VEHICULO NO IDENTIFICADO,19/11/2023,2023,NOVIEMBRE,DOMINGO,5,ATROPELLO FUGA,EN PROCESO DE INVESTIGACIÓN,NO CUENTA CON CAUSA ESPECIFICA,CARRETERA NACIONAL,PE-1S,NACIONAL
A-2023-11-126,V-2023-11-126-1,P-2023-11-126-1-2,LIMA,LIMA,SAN JUAN DE MIRAFLORES,PEATÓN,FALLECIDO,,EN EL LUGAR DE LOS HECHOS,NO IDENTIFICADO,,,MASCULINO,,NO CONDUCTOR,NO CONDUCTOR,,,,VEHICULO NO IDENTIFICADO,19/11/2023,2023,NOVIEMBRE,DOMINGO,5,ATROPELLO FUGA,EN PROCESO DE INVESTIGACIÓN,NO CUENTA CON CAUSA ESPECIFICA,CARRETERA NACIONAL,PE-1S,NACIONAL
A-2023-11-127,V-2023-11-127-1,P-2023-11-127-1-1,LIMA,LIMA,ANCON,CONDUCTOR,ILESO,,,IDENTIFICADO,PERÚ,41,MASCULINO,,SIN DNI IDENTIFICADO,SIN DNI IDENTIFICADO,,,,CAMIONETA RURAL,19/11/2023,2023,NOVIEMBRE,DOMINGO,14,ATROPELLO,EN PROCESO DE INVESTIGACIÓN,NO CUENTA CON CAUSA ESPECIFICA,CARRETERA NACIONAL,PE-1N,NACIONAL
A-2023-11-127,V-2023-11-127-1,P-2023-11-127-1-2,LIMA,LIMA,ANCON,PEATÓN,FALLECIDO,,EN EL LUGAR DE LOS HECHOS,IDENTIFICADO,PERÚ,36,MASCULINO,,NO CONDUCTOR,NO CONDUCTOR,,,,CAMIONETA RURAL,19/11/2023,2023,NOVIEMBRE,DOMINGO,14,ATROPELLO,EN PROCESO DE INVESTIGACIÓN,NO CUENTA CON CAUSA ESPECIFICA,CARRETERA NACIONAL,PE-1N,NACIONAL
A-2023-11-128,V-2023-11-128-1,P-2023-11-128-1-1,LIMA,LIMA,LURIN,CONDUCTOR,ILESO,,,IDENTIFICADO,PERÚ,39,MASCULINO,SI,VIGENTE,A III B,,,,REMOLCADOR-SEMIREMOLQUE,20/11/2023,2023,NOVIEMBRE,LUNES,17,CHOQUE,EN PROCESO DE INVESTIGACIÓN,NO CUENTA CON CAUSA ESPECIFICA,CARRETERA NACIONAL,PE-1S,NACIONAL
A-2023-11-128,V-2023-11-128-2,P-2023-11-128-2-1,LIMA,LIMA,LURIN,CONDUCTOR,FALLECIDO,,EN EL LUGAR DE LOS HECHOS,IDENTIFICADO,VENEZUELA,35,MASCULINO,,SIN DNI IDENTIFICADO,SIN DNI IDENTIFICADO,,,,MOTOCICLETA,20/11/2023,2023,NOVIEMBRE,LUNES,17,CHOQUE,EN PROCESO DE INVESTIGACIÓN,NO CUENTA CON CAUSA ESPECIFICA,CARRETERA NACIONAL,PE-1S,NACIONAL
A-2023-11-128,V-2023-11-128-2,P-2023-11-128-2-2,LIMA,LIMA,LURIN,PASAJERO,FALLECIDO,,EN EL LUGAR DE LOS HECHOS,IDENTIFICADO,VENEZUELA,30,FEMENINO,,NO CONDUCTOR,NO CONDUCTOR,,,,MOTOCICLETA,20/11/2023,2023,NOVIEMBRE,LUNES,17,CHOQUE,EN PROCESO DE INVESTIGACIÓN,NO CUENTA CON CAUSA ESPECIFICA,CARRETERA NACIONAL,PE-1S,NACIONAL
A-2023-11-129,V-2023-11-129-1,P-2023-11-129-1-1,LIMA,LIMA,SAN MARTIN DE PORRES,CONDUCTOR,ILESO,,,IDENTIFICADO,PERÚ,31,MASCULINO,SI,VIGENTE,A II B,,,,CAMIONETA PICK UP,21/11/2023,2023,NOVIEMBRE,MARTES,3,ATROPELLO,EN PROCESO DE INVESTIGACIÓN,NO CUENTA CON CAUSA ESPECIFICA,CARRETERA NACIONAL,PE-1N,NACIONAL
A-2023-11-129,V-2023-11-129-1,P-2023-11-129-1-2,LIMA,LIMA,SAN MARTIN DE PORRES,PEATÓN,FALLECIDO,,EN EL LUGAR DE LOS HECHOS,IDENTIFICADO,PERÚ,31,MASCULINO,,NO CONDUCTOR,NO CONDUCTOR,,,,CAMIONETA PICK UP,21/11/2023,2023,NOVIEMBRE,MARTES,3,ATROPELLO,EN PROCESO DE INVESTIGACIÓN,NO CUENTA CON CAUSA ESPECIFICA,CARRETERA NACIONAL,PE-1N,NACIONAL
A-2023-11-130,V-2023-11-130-1,P-2023-11-130-1-1,LIMA,LIMA,PUENTE PIEDRA,CONDUCTOR,FALLECIDO,,EN EL LUGAR DE LOS HECHOS,IDENTIFICADO,PERÚ,23,MASCULINO,SI,VIGENTE,B II B,,,,MOTOCICLETA,22/11/2023,2023,NOVIEMBRE,MIÉRCOLES,23,CHOQUE,EN PROCESO DE INVESTIGACIÓN,NO CUENTA CON CAUSA ESPECIFICA,CARRETERA NACIONAL,PE-1N,NACIONAL
A-2023-11-130,V-2023-11-130-2,P-2023-11-130-2-1,LIMA,LIMA,PUENTE PIEDRA,CONDUCTOR,ILESO,,,IDENTIFICADO,PERÚ,30,MASCULINO,,SIN DNI IDENTIFICADO,SIN DNI IDENTIFICADO,,,,AUTOMÓVIL,22/11/2023,2023,NOVIEMBRE,MIÉRCOLES,23,CHOQUE,EN PROCESO DE INVESTIGACIÓN,NO CUENTA CON CAUSA ESPECIFICA,CARRETERA NACIONAL,PE-1N,NACIONAL
A-2023-11-131,V-2023-11-131-1,P-2023-11-131-1-1,LIMA,LIMA,PUENTE PIEDRA,CONDUCTOR FUGADO,NO SE CONOCE,,,NO IDENTIFICADO,,,NO INDICA,,FUGADO,FUGADO,,,,CAMIONETA RURAL,24/11/2023,2023,NOVIEMBRE,VIERNES,12,ATROPELLO FUGA,EN PROCESO DE INVESTIGACIÓN,NO CUENTA CON CAUSA ESPECIFICA,AVENIDA,NO CORRESPONDE,URBANO
A-2023-11-131,V-2023-11-131-1,P-2023-11-131-1-2,LIMA,LIMA,PUENTE PIEDRA,PEATÓN,FALLECIDO,,EN EL LUGAR DE LOS HECHOS,IDENTIFICADO,PERÚ,65,FEMENINO,,NO CONDUCTOR,NO CONDUCTOR,,,,CAMIONETA RURAL,24/11/2023,2023,NOVIEMBRE,VIERNES,12,ATROPELLO FUGA,EN PROCESO DE INVESTIGACIÓN,NO CUENTA CON CAUSA ESPECIFICA,AVENIDA,NO CORRESPONDE,URBANO
A-2023-11-132,V-2023-11-132-1,P-2023-11-132-1-1,LIMA,LIMA,PUNTA NEGRA,CONDUCTOR FUGADO,NO SE CONOCE,,,NO IDENTIFICADO,,,NO INDICA,,FUGADO,FUGADO,,,,VEHICULO NO IDENTIFICADO,25/11/2023,2023,NOVIEMBRE,SÁBADO,1,ATROPELLO FUGA,EN PROCESO DE INVESTIGACIÓN,NO CUENTA CON CAUSA ESPECIFICA,CARRETERA NACIONAL,PE-1S,NACIONAL
A-2023-11-132,V-2023-11-132-1,P-2023-11-132-1-2,LIMA,LIMA,PUNTA NEGRA,PEATÓN,FALLECIDO,,EN EL LUGAR DE LOS HECHOS,IDENTIFICADO,PERÚ,50,MASCULINO,,NO CONDUCTOR,NO CONDUCTOR,,,,VEHICULO NO IDENTIFICADO,25/11/2023,2023,NOVIEMBRE,SÁBADO,1,ATROPELLO FUGA,EN PROCESO DE INVESTIGACIÓN,NO CUENTA CON CAUSA ESPECIFICA,CARRETERA NACIONAL,PE-1S,NACIONAL
A-2023-11-189,V-2023-11-189-1,P-2023-11-189-1-1,LIMA,LIMA,VILLA MARIA DEL TRIUNFO,SIN CONDUCTOR,NO SE CONOCE,,,NO IDENTIFICADO,,,,,NO CONDUCTOR,NO CONDUCTOR,NO,,NO,AUTOMÓVIL,25/11/2023,2023,NOVIEMBRE,SÁBADO,8,ATROPELLO,EN PROCESO DE INVESTIGACIÓN,NO CUENTA CON CAUSA ESPECIFICA,AVENIDA,NO CORRESPONDE,URBANO
A-2023-11-189,V-2023-11-189-1,P-2023-11-189-1-2,LIMA,LIMA,VILLA MARIA DEL TRIUNFO,PEATÓN,FALLECIDO,,EN EL LUGAR DE LOS HECHOS,IDENTIFICADO,PERÚ,21,MASCULINO,,NO CONDUCTOR,NO CONDUCTOR,NO,,NO,AUTOMÓVIL,25/11/2023,2023,NOVIEMBRE,SÁBADO,8,ATROPELLO,EN PROCESO DE INVESTIGACIÓN,NO CUENTA CON CAUSA ESPECIFICA,AVENIDA,NO CORRESPONDE,URBANO
A-2023-11-133,V-2023-11-133-1,P-2023-11-133-1-1,LIMA,LIMA,LURIN,CONDUCTOR FUGADO,NO SE CONOCE,,,NO IDENTIFICADO,,,NO INDICA,,FUGADO,FUGADO,,,,VEHICULO NO IDENTIFICADO,26/11/2023,2023,NOVIEMBRE,DOMINGO,0,ATROPELLO FUGA,EN PROCESO DE INVESTIGACIÓN,NO CUENTA CON CAUSA ESPECIFICA,CARRETERA NACIONAL,PE-1S,NACIONAL
A-2023-11-133,V-2023-11-133-1,P-2023-11-133-1-2,LIMA,LIMA,LURIN,PEATÓN,FALLECIDO,,EN EL LUGAR DE LOS HECHOS,IDENTIFICADO,PERÚ,30,MASCULINO,,NO CONDUCTOR,NO CONDUCTOR,,,,VEHICULO NO IDENTIFICADO,26/11/2023,2023,NOVIEMBRE,DOMINGO,0,ATROPELLO FUGA,EN PROCESO DE INVESTIGACIÓN,NO CUENTA CON CAUSA ESPECIFICA,CARRETERA NACIONAL,PE-1S,NACIONAL
A-2023-11-135,V-2023-11-135-1,P-2023-11-135-1-1,LIMA,LIMA,LOS OLIVOS,CONDUCTOR,ILESO,,,IDENTIFICADO,PERÚ,39,MASCULINO,SI,VIGENTE,A III C,,,,REMOLCADOR-SEMIREMOLQUE,27/11/2023,2023,NOVIEMBRE,LUNES,17,ATROPELLO,EN PROCESO DE INVESTIGACIÓN,NO CUENTA CON CAUSA ESPECIFICA,AVENIDA,NO CORRESPONDE,URBANO
A-2023-11-135,V-2023-11-135-1,P-2023-11-135-1-2,LIMA,LIMA,LOS OLIVOS,PEATÓN,FALLECIDO,,EN EL LUGAR DE LOS HECHOS,IDENTIFICADO,PERÚ,25,MASCULINO,,NO CONDUCTOR,NO CONDUCTOR,,,,REMOLCADOR-SEMIREMOLQUE,27/11/2023,2023,NOVIEMBRE,LUNES,17,ATROPELLO,EN PROCESO DE INVESTIGACIÓN,NO CUENTA CON CAUSA ESPECIFICA,AVENIDA,NO CORRESPONDE,URBANO
A-2023-11-136,V-2023-11-136-1,P-2023-11-136-1-1,LIMA,LIMA,COMAS,CONDUCTOR,ILESO,,,IDENTIFICADO,PERÚ,26,MASCULINO,,VIGENTE,B II C,,,,MINIBUS,27/11/2023,2023,NOVIEMBRE,LUNES,20,DESPISTE,EN PROCESO DE INVESTIGACIÓN,NO CUENTA CON CAUSA ESPECIFICA,AVENIDA,NO CORRESPONDE,URBANO
A-2023-11-136,V-2023-11-136-1,P-2023-11-136-1-2,LIMA,LIMA,COMAS,PEATÓN,FALLECIDO,,EN EL LUGAR DE LOS HECHOS,IDENTIFICADO,PERÚ,35,FEMENINO,,NO CONDUCTOR,NO CONDUCTOR,,,,MINIBUS,27/11/2023,2023,NOVIEMBRE,LUNES,20,DESPISTE,EN PROCESO DE INVESTIGACIÓN,NO CUENTA CON CAUSA ESPECIFICA,AVENIDA,NO CORRESPONDE,URBANO
A-2023-11-136,V-2023-11-136-1,P-2023-11-136-1-3,LIMA,LIMA,COMAS,PASAJERO,LESIONADO,,,NO IDENTIFICADO,,,NO INDICA,,NO CONDUCTOR,NO CONDUCTOR,,,,MINIBUS,27/11/2023,2023,NOVIEMBRE,LUNES,20,DESPISTE,EN PROCESO DE INVESTIGACIÓN,NO CUENTA CON CAUSA ESPECIFICA,AVENIDA,NO CORRESPONDE,URBANO
A-2023-11-136,V-2023-11-136-1,P-2023-11-136-1-4,LIMA,LIMA,COMAS,PASAJERO,LESIONADO,,,NO IDENTIFICADO,,,NO INDICA,,NO CONDUCTOR,NO CONDUCTOR,,,,MINIBUS,27/11/2023,2023,NOVIEMBRE,LUNES,20,DESPISTE,EN PROCESO DE INVESTIGACIÓN,NO CUENTA CON CAUSA ESPECIFICA,AVENIDA,NO CORRESPONDE,URBANO
A-2023-11-136,V-2023-11-136-1,P-2023-11-136-1-5,LIMA,LIMA,COMAS,PASAJERO,LESIONADO,,,NO IDENTIFICADO,,,NO INDICA,,NO CONDUCTOR,NO CONDUCTOR,,,,MINIBUS,27/11/2023,2023,NOVIEMBRE,LUNES,20,DESPISTE,EN PROCESO DE INVESTIGACIÓN,NO CUENTA CON CAUSA ESPECIFICA,AVENIDA,NO CORRESPONDE,URBANO
A-2023-11-136,V-2023-11-136-1,P-2023-11-136-1-6,LIMA,LIMA,COMAS,PASAJERO,LESIONADO,,,NO IDENTIFICADO,,,NO INDICA,,NO CONDUCTOR,NO CONDUCTOR,,,,MINIBUS,27/11/2023,2023,NOVIEMBRE,LUNES,20,DESPISTE,EN PROCESO DE INVESTIGACIÓN,NO CUENTA CON CAUSA ESPECIFICA,AVENIDA,NO CORRESPONDE,URBANO
A-2023-11-136,V-2023-11-136-1,P-2023-11-136-1-7,LIMA,LIMA,COMAS,PASAJERO,LESIONADO,,,NO IDENTIFICADO,,,NO INDICA,,NO CONDUCTOR,NO CONDUCTOR,,,,MINIBUS,27/11/2023,2023,NOVIEMBRE,LUNES,20,DESPISTE,EN PROCESO DE INVESTIGACIÓN,NO CUENTA CON CAUSA ESPECIFICA,AVENIDA,NO CORRESPONDE,URBANO
A-2023-11-136,V-2023-11-136-1,P-2023-11-136-1-8,LIMA,LIMA,COMAS,PASAJERO,LESIONADO,,,NO IDENTIFICADO,,,NO INDICA,,NO CONDUCTOR,NO CONDUCTOR,,,,MINIBUS,27/11/2023,2023,NOVIEMBRE,LUNES,20,DESPISTE,EN PROCESO DE INVESTIGACIÓN,NO CUENTA CON CAUSA ESPECIFICA,AVENIDA,NO CORRESPONDE,URBANO
A-2023-11-137,V-2023-11-137-1,P-2023-11-137-1-1,LIMA,LIMA,CHORRILLOS,CONDUCTOR FUGADO,NO SE CONOCE,,,NO IDENTIFICADO,,,NO INDICA,,FUGADO,FUGADO,,,,VEHICULO NO IDENTIFICADO,27/11/2023,2023,NOVIEMBRE,LUNES,20,CHOQUE,EN PROCESO DE INVESTIGACIÓN,NO CUENTA CON CAUSA ESPECIFICA,CARRETERA NACIONAL,PE-1S,NACIONAL
A-2023-11-137,V-2023-11-137-2,P-2023-11-137-2-1,LIMA,LIMA,CHORRILLOS,CONDUCTOR,FALLECIDO,,EN EL LUGAR DE LOS HECHOS,IDENTIFICADO,PERÚ,40,MASCULINO,SI,VIGENTE,B II C,,,,MOTOCICLETA,27/11/2023,2023,NOVIEMBRE,LUNES,20,CHOQUE,EN PROCESO DE INVESTIGACIÓN,NO CUENTA CON CAUSA ESPECIFICA,CARRETERA NACIONAL,PE-1S,NACIONAL
A-2023-11-134,V-2023-11-134-1,P-2023-11-134-1-1,LIMA,LIMA,PUNTA NEGRA,CONDUCTOR FUGADO,NO SE CONOCE,,,NO IDENTIFICADO,,,NO INDICA,,FUGADO,FUGADO,,,,VEHICULO NO IDENTIFICADO,27/11/2023,2023,NOVIEMBRE,LUNES,21,ATROPELLO FUGA,EN PROCESO DE INVESTIGACIÓN,NO CUENTA CON CAUSA ESPECIFICA,CARRETERA NACIONAL,PE-1S,NACIONAL
A-2023-11-134,V-2023-11-134-1,P-2023-11-134-1-2,LIMA,LIMA,PUNTA NEGRA,PEATÓN,FALLECIDO,,EN EL LUGAR DE LOS HECHOS,IDENTIFICADO,PERÚ,60,MASCULINO,,NO CONDUCTOR,NO CONDUCTOR,,,,VEHICULO NO IDENTIFICADO,27/11/2023,2023,NOVIEMBRE,LUNES,21,ATROPELLO FUGA,EN PROCESO DE INVESTIGACIÓN,NO CUENTA CON CAUSA ESPECIFICA,CARRETERA NACIONAL,PE-1S,NACIONAL
A-2023-11-138,V-2023-11-138-1,P-2023-11-138-1-1,LIMA,LIMA,RIMAC,CONDUCTOR FUGADO,NO SE CONOCE,,,NO IDENTIFICADO,,,NO INDICA,,FUGADO,FUGADO,,,,VEHICULO NO IDENTIFICADO,28/11/2023,2023,NOVIEMBRE,MARTES,4,ATROPELLO FUGA,EN PROCESO DE INVESTIGACIÓN,NO CUENTA CON CAUSA ESPECIFICA,CARRETERA NACIONAL,PE-1N,NACIONAL
A-2023-11-138,V-2023-11-138-1,P-2023-11-138-1-2,LIMA,LIMA,RIMAC,PEATÓN,FALLECIDO,,EN EL LUGAR DE LOS HECHOS,IDENTIFICADO,PERÚ,25,MASCULINO,,NO CONDUCTOR,NO CONDUCTOR,,,,VEHICULO NO IDENTIFICADO,28/11/2023,2023,NOVIEMBRE,MARTES,4,ATROPELLO FUGA,EN PROCESO DE INVESTIGACIÓN,NO CUENTA CON CAUSA ESPECIFICA,CARRETERA NACIONAL,PE-1N,NACIONAL
A-2023-11-150,V-2023-11-150-1,P-2023-11-150-1-1,CALLAO,CALLAO,VENTANILLA,CONDUCTOR,FALLECIDO,,EN EL LUGAR DE LOS HECHOS,IDENTIFICADO,PERÚ,50,FEMENINO,SI,VIGENTE,B II C,,,,MOTOCICLETA,29/11/2023,2023,NOVIEMBRE,MIÉRCOLES,10,CHOQUE,IMPERICIA DEL CONDUCTOR,,CARRETERA NACIONAL,PE-1N,NACIONAL
A-2023-11-150,V-2023-11-150-2,P-2023-11-150-2-1,CALLAO,CALLAO,VENTANILLA,CONDUCTOR,ILESO,,,IDENTIFICADO,PERÚ,38,MASCULINO,SI,VIGENTE,A III C,,,,CAMIÓN,29/11/2023,2023,NOVIEMBRE,MIÉRCOLES,10,CHOQUE,IMPERICIA DEL CONDUCTOR,,CARRETERA NACIONAL,PE-1N,NACIONAL
A-2023-12-88,V-2023-12-88-1,P-2023-12-88-1-1,LIMA,LIMA,PUENTE PIEDRA,CONDUCTOR,FALLECIDO,,EN EL LUGAR DE LOS HECHOS,IDENTIFICADO,PERÚ,13,MASCULINO,,NO CORRESPONDE,SIN DNI IDENTIFICADO,,,,BICICLETA,02/12/2023,2023,DICIEMBRE,SÁBADO,16,DESPISTE,EN PROCESO DE INVESTIGACIÓN,NO CUENTA CON CAUSA ESPECIFICA,AVENIDA,NO CORRESPONDE,URBANO
A-2023-12-89,V-2023-12-89-1,P-2023-12-89-1-1,LIMA,LIMA,CARABAYLLO,CONDUCTOR,ILESO,,,IDENTIFICADO,PERÚ,60,MASCULINO,,VENCIDA,A III C,,,,CAMIONETA RURAL,02/12/2023,2023,DICIEMBRE,SÁBADO,19,ATROPELLO,EN PROCESO DE INVESTIGACIÓN,NO CUENTA CON CAUSA ESPECIFICA,CARRETERA NACIONAL,PE-20A,NACIONAL
A-2023-12-89,V-2023-12-89-1,P-2023-12-89-1-2,LIMA,LIMA,CARABAYLLO,PEATÓN,FALLECIDO,,EN EL LUGAR DE LOS HECHOS,IDENTIFICADO,PERÚ,74,MASCULINO,,NO CONDUCTOR,NO CONDUCTOR,,,,CAMIONETA RURAL,02/12/2023,2023,DICIEMBRE,SÁBADO,19,ATROPELLO,EN PROCESO DE INVESTIGACIÓN,NO CUENTA CON CAUSA ESPECIFICA,CARRETERA NACIONAL,PE-20A,NACIONAL
A-2023-12-90,V-2023-12-90-1,P-2023-12-90-1-1,LIMA,LIMA,COMAS,CONDUCTOR,ILESO,,,IDENTIFICADO,PERÚ,31,MASCULINO,SI,VIGENTE,B II C,,,,MOTOCICLETA,04/12/2023,2023,DICIEMBRE,LUNES,0,DESPISTE,EN PROCESO DE INVESTIGACIÓN,NO CUENTA CON CAUSA ESPECIFICA,AVENIDA,NO CORRESPONDE,URBANO
A-2023-12-90,V-2023-12-90-1,P-2023-12-90-1-2,LIMA,LIMA,COMAS,PASAJERO,FALLECIDO,,EN EL LUGAR DE LOS HECHOS,IDENTIFICADO,PERÚ,31,FEMENINO,,NO CONDUCTOR,NO CONDUCTOR,,,,MOTOCICLETA,04/12/2023,2023,DICIEMBRE,LUNES,0,DESPISTE,EN PROCESO DE INVESTIGACIÓN,NO CUENTA CON CAUSA ESPECIFICA,AVENIDA,NO CORRESPONDE,URBANO
A-2023-12-91,V-2023-12-91-1,P-2023-12-91-1-1,LIMA,LIMA,LOS OLIVOS,CONDUCTOR,ILESO,,,IDENTIFICADO,PERÚ,48,MASCULINO,SI,VIGENTE,A II B,,,,AUTOMÓVIL,04/12/2023,2023,DICIEMBRE,LUNES,2,ATROPELLO,EN PROCESO DE INVESTIGACIÓN,NO CUENTA CON CAUSA ESPECIFICA,CARRETERA NACIONAL,PE-1N,NACIONAL
A-2023-12-91,V-2023-12-91-1,P-2023-12-91-1-2,LIMA,LIMA,LOS OLIVOS,PEATÓN,FALLECIDO,,EN EL LUGAR DE LOS HECHOS,IDENTIFICADO,PERÚ,30,MASCULINO,,NO CONDUCTOR,NO CONDUCTOR,,,,AUTOMÓVIL,04/12/2023,2023,DICIEMBRE,LUNES,2,ATROPELLO,EN PROCESO DE INVESTIGACIÓN,NO CUENTA CON CAUSA ESPECIFICA,CARRETERA NACIONAL,PE-1N,NACIONAL
A-2023-12-92,V-2023-12-92-1,P-2023-12-92-1-1,LIMA,LIMA,ATE,CONDUCTOR,ILESO,,,IDENTIFICADO,PERÚ,23,MASCULINO,SI,VIGENTE,A I,,,,AUTOMÓVIL,04/12/2023,2023,DICIEMBRE,LUNES,18,ATROPELLO,EN PROCESO DE INVESTIGACIÓN,NO CUENTA CON CAUSA ESPECIFICA,CARRETERA NACIONAL,PE-22,NACIONAL
A-2023-12-92,V-2023-12-92-1,P-2023-12-92-1-2,LIMA,LIMA,ATE,PEATÓN,FALLECIDO,,EN EL LUGAR DE LOS HECHOS,IDENTIFICADO,PERÚ,72,MASCULINO,,NO CONDUCTOR,NO CONDUCTOR,,,,AUTOMÓVIL,04/12/2023,2023,DICIEMBRE,LUNES,18,ATROPELLO,EN PROCESO DE INVESTIGACIÓN,NO CUENTA CON CAUSA ESPECIFICA,CARRETERA NACIONAL,PE-22,NACIONAL
A-2023-12-146,V-2023-12-146-1,P-2023-12-146-1-1,CALLAO,CALLAO,BELLAVISTA,CONDUCTOR,ILESO,,,IDENTIFICADO,PERÚ,55,MASCULINO,SI,VIGENTE,A III C,NO,,SI,CAMIÓN,06/12/2023,2023,DICIEMBRE,MIÉRCOLES,12,ATROPELLO,IMPRUDENCIA DEL CONDUCTOR,OTRO (IMPRUDENCIA DEL CONDUCTOR),AVENIDA,NO CORRESPONDE,URBANO
A-2023-12-146,V-2023-12-146-1,P-2023-12-146-1-2,CALLAO,CALLAO,BELLAVISTA,PEATÓN,FALLECIDO,,EN EL LUGAR DE LOS HECHOS,IDENTIFICADO,PERÚ,90,MASCULINO,,NO CONDUCTOR,NO CONDUCTOR,NO,,SI,CAMIÓN,06/12/2023,2023,DICIEMBRE,MIÉRCOLES,12,ATROPELLO,IMPRUDENCIA DEL CONDUCTOR,OTRO (IMPRUDENCIA DEL CONDUCTOR),AVENIDA,NO CORRESPONDE,URBANO
A-2023-12-95,V-2023-12-95-1,P-2023-12-95-1-1,LIMA,LIMA,ATE,CONDUCTOR FUGADO,NO SE CONOCE,,,NO IDENTIFICADO,,,NO INDICA,,FUGADO,FUGADO,,,,OTRO,06/12/2023,2023,DICIEMBRE,MIÉRCOLES,17,ATROPELLO FUGA,EN PROCESO DE INVESTIGACIÓN,NO CUENTA CON CAUSA ESPECIFICA,OTRO,NO CORRESPONDE,URBANO
A-2023-12-95,V-2023-12-95-1,P-2023-12-95-1-2,LIMA,LIMA,ATE,PEATÓN,FALLECIDO,,EN EL LUGAR DE LOS HECHOS,IDENTIFICADO,PERÚ,66,MASCULINO,,NO CONDUCTOR,NO CONDUCTOR,,,,OTRO,06/12/2023,2023,DICIEMBRE,MIÉRCOLES,17,ATROPELLO FUGA,EN PROCESO DE INVESTIGACIÓN,NO CUENTA CON CAUSA ESPECIFICA,OTRO,NO CORRESPONDE,URBANO
A-2023-12-93,V-2023-12-93-1,P-2023-12-93-1-1,LIMA,LIMA,VILLA EL SALVADOR,CONDUCTOR,LESIONADO,OTRO,,IDENTIFICADO,PERÚ,35,MASCULINO,SI,VIGENTE,B II C,,,,MOTOCICLETA,07/12/2023,2023,DICIEMBRE,JUEVES,23,ATROPELLO,EN PROCESO DE INVESTIGACIÓN,NO CUENTA CON CAUSA ESPECIFICA,CARRETERA NACIONAL,PE-1S,NACIONAL
A-2023-12-93,V-2023-12-93-1,P-2023-12-93-1-2,LIMA,LIMA,VILLA EL SALVADOR,PEATÓN,FALLECIDO,,EN EL LUGAR DE LOS HECHOS,IDENTIFICADO,PERÚ,28,MASCULINO,,NO CONDUCTOR,NO CONDUCTOR,,,,MOTOCICLETA,07/12/2023,2023,DICIEMBRE,JUEVES,23,ATROPELLO,EN PROCESO DE INVESTIGACIÓN,NO CUENTA CON CAUSA ESPECIFICA,CARRETERA NACIONAL,PE-1S,NACIONAL
A-2023-12-94,V-2023-12-94-1,P-2023-12-94-1-1,LIMA,LIMA,LOS OLIVOS,CONDUCTOR,FALLECIDO,,EN EL LUGAR DE LOS HECHOS,IDENTIFICADO,PERÚ,48,MASCULINO,SI,VIGENTE,A III C,,,,STATION WAGON,08/12/2023,2023,DICIEMBRE,VIERNES,19,CHOQUE,EN PROCESO DE INVESTIGACIÓN,NO CUENTA CON CAUSA ESPECIFICA,CARRETERA NACIONAL,PE-1N,NACIONAL
A-2023-12-94,V-2023-12-94-2,P-2023-12-94-2-1,LIMA,LIMA,LOS OLIVOS,CONDUCTOR,ILESO,,,IDENTIFICADO,PERÚ,49,MASCULINO,SI,VIGENTE,A III C,,,,ÓMNIBUS,08/12/2023,2023,DICIEMBRE,VIERNES,19,CHOQUE,EN PROCESO DE INVESTIGACIÓN,NO CUENTA CON CAUSA ESPECIFICA,CARRETERA NACIONAL,PE-1N,NACIONAL
A-2023-12-96,V-2023-12-96-1,P-2023-12-96-1-1,LIMA,LIMA,CARABAYLLO,CONDUCTOR FUGADO,NO SE CONOCE,,,NO IDENTIFICADO,,,NO INDICA,,FUGADO,FUGADO,,,,VEHICULO NO IDENTIFICADO,09/12/2023,2023,DICIEMBRE,SÁBADO,4,ATROPELLO FUGA,EN PROCESO DE INVESTIGACIÓN,NO CUENTA CON CAUSA ESPECIFICA,AVENIDA,NO CORRESPONDE,URBANO
A-2023-12-96,V-2023-12-96-1,P-2023-12-96-1-2,LIMA,LIMA,CARABAYLLO,PEATÓN,FALLECIDO,,EN EL LUGAR DE LOS HECHOS,IDENTIFICADO,PERÚ,33,MASCULINO,,NO CONDUCTOR,NO CONDUCTOR,,,,VEHICULO NO IDENTIFICADO,09/12/2023,2023,DICIEMBRE,SÁBADO,4,ATROPELLO FUGA,EN PROCESO DE INVESTIGACIÓN,NO CUENTA CON CAUSA ESPECIFICA,AVENIDA,NO CORRESPONDE,URBANO
A-2023-12-97,V-2023-12-97-1,P-2023-12-97-1-1,LIMA,LIMA,LOS OLIVOS,CONDUCTOR,ILESO,,,IDENTIFICADO,PERÚ,24,MASCULINO,,SIN LICENCIA,SIN LICENCIA,,,,MOTOCICLETA,09/12/2023,2023,DICIEMBRE,SÁBADO,20,ATROPELLO,EN PROCESO DE INVESTIGACIÓN,NO CUENTA CON CAUSA ESPECIFICA,AVENIDA,NO CORRESPONDE,URBANO
A-2023-12-97,V-2023-12-97-1,P-2023-12-97-1-2,LIMA,LIMA,LOS OLIVOS,PEATÓN,FALLECIDO,,EN EL LUGAR DE LOS HECHOS,IDENTIFICADO,PERÚ,90,MASCULINO,,NO CONDUCTOR,NO CONDUCTOR,,,,MOTOCICLETA,09/12/2023,2023,DICIEMBRE,SÁBADO,20,ATROPELLO,EN PROCESO DE INVESTIGACIÓN,NO CUENTA CON CAUSA ESPECIFICA,AVENIDA,NO CORRESPONDE,URBANO
A-2023-12-98,V-2023-12-98-1,P-2023-12-98-1-1,LIMA,LIMA,LIMA,CONDUCTOR,ILESO,,,IDENTIFICADO,OTRO,34,MASCULINO,,SIN DNI IDENTIFICADO,SIN DNI IDENTIFICADO,,,,TRIMOTO PASAJERO,10/12/2023,2023,DICIEMBRE,DOMINGO,22,ATROPELLO,EN PROCESO DE INVESTIGACIÓN,NO CUENTA CON CAUSA ESPECIFICA,AVENIDA,NO CORRESPONDE,URBANO
A-2023-12-98,V-2023-12-98-1,P-2023-12-98-1-2,LIMA,LIMA,LIMA,PEATÓN,FALLECIDO,,EN EL LUGAR DE LOS HECHOS,IDENTIFICADO,PERÚ,38,MASCULINO,,NO CONDUCTOR,NO CONDUCTOR,,,,TRIMOTO PASAJERO,10/12/2023,2023,DICIEMBRE,DOMINGO,22,ATROPELLO,EN PROCESO DE INVESTIGACIÓN,NO CUENTA CON CAUSA ESPECIFICA,AVENIDA,NO CORRESPONDE,URBANO
A-2023-12-99,V-2023-12-99-1,P-2023-12-99-1-1,LIMA,LIMA,LOS OLIVOS,CONDUCTOR,ILESO,,,IDENTIFICADO,PERÚ,26,MASCULINO,,SIN DNI IDENTIFICADO,SIN DNI IDENTIFICADO,,,,MINIBUS,11/12/2023,2023,DICIEMBRE,LUNES,10,ATROPELLO,EN PROCESO DE INVESTIGACIÓN,NO CUENTA CON CAUSA ESPECIFICA,AVENIDA,NO CORRESPONDE,URBANO
A-2023-12-99,V-2023-12-99-1,P-2023-12-99-1-2,LIMA,LIMA,LOS OLIVOS,PEATÓN,FALLECIDO,,EN EL LUGAR DE LOS HECHOS,IDENTIFICADO,PERÚ,69,MASCULINO,,NO CONDUCTOR,NO CONDUCTOR,,,,MINIBUS,11/12/2023,2023,DICIEMBRE,LUNES,10,ATROPELLO,EN PROCESO DE INVESTIGACIÓN,NO CUENTA CON CAUSA ESPECIFICA,AVENIDA,NO CORRESPONDE,URBANO
A-2023-12-100,V-2023-12-100-1,P-2023-12-100-1-1,LIMA,LIMA,COMAS,CONDUCTOR,ILESO,,,IDENTIFICADO,PERÚ,34,MASCULINO,SI,VIGENTE,B II C,,,,MOTOCICLETA,11/12/2023,2023,DICIEMBRE,LUNES,18,ATROPELLO,EN PROCESO DE INVESTIGACIÓN,NO CUENTA CON CAUSA ESPECIFICA,AVENIDA,NO CORRESPONDE,URBANO
A-2023-12-100,V-2023-12-100-1,P-2023-12-100-1-2,LIMA,LIMA,COMAS,PEATÓN,FALLECIDO,,EN EL LUGAR DE LOS HECHOS,IDENTIFICADO,PERÚ,67,MASCULINO,,NO CONDUCTOR,NO CONDUCTOR,,,,MOTOCICLETA,11/12/2023,2023,DICIEMBRE,LUNES,18,ATROPELLO,EN PROCESO DE INVESTIGACIÓN,NO CUENTA CON CAUSA ESPECIFICA,AVENIDA,NO CORRESPONDE,URBANO
A-2023-12-101,V-2023-12-101-1,P-2023-12-101-1-1,LIMA,LIMA,VILLA MARIA DEL TRIUNFO,CONDUCTOR,ILESO,,,IDENTIFICADO,PERÚ,21,MASCULINO,,SIN LICENCIA,SIN LICENCIA,,,,TRIMOTO PASAJERO,12/12/2023,2023,DICIEMBRE,MARTES,10,ATROPELLO,EN PROCESO DE INVESTIGACIÓN,NO CUENTA CON CAUSA ESPECIFICA,AVENIDA,NO CORRESPONDE,URBANO
A-2023-12-101,V-2023-12-101-1,P-2023-12-101-1-2,LIMA,LIMA,VILLA MARIA DEL TRIUNFO,PEATÓN,FALLECIDO,,EN EL LUGAR DE LOS HECHOS,IDENTIFICADO,PERÚ,85,MASCULINO,,NO CONDUCTOR,NO CONDUCTOR,,,,TRIMOTO PASAJERO,12/12/2023,2023,DICIEMBRE,MARTES,10,ATROPELLO,EN PROCESO DE INVESTIGACIÓN,NO CUENTA CON CAUSA ESPECIFICA,AVENIDA,NO CORRESPONDE,URBANO
A-2023-12-103,V-2023-12-103-1,P-2023-12-103-1-1,LIMA,LIMA,SAN BARTOLO,CONDUCTOR,FALLECIDO,,EN EL LUGAR DE LOS HECHOS,IDENTIFICADO,PERÚ,48,MASCULINO,SI,VIGENTE,A I,,,,CAMIÓN,14/12/2023,2023,DICIEMBRE,JUEVES,5,CHOQUE,EN PROCESO DE INVESTIGACIÓN,NO CUENTA CON CAUSA ESPECIFICA,CARRETERA NACIONAL,PE-1S,NACIONAL
A-2023-12-103,V-2023-12-103-1,P-2023-12-103-1-2,LIMA,LIMA,SAN BARTOLO,PASAJERO,FALLECIDO,,EN EL LUGAR DE LOS HECHOS,IDENTIFICADO,PERÚ,23,FEMENINO,,NO CONDUCTOR,NO CONDUCTOR,,,,CAMIÓN,14/12/2023,2023,DICIEMBRE,JUEVES,5,CHOQUE,EN PROCESO DE INVESTIGACIÓN,NO CUENTA CON CAUSA ESPECIFICA,CARRETERA NACIONAL,PE-1S,NACIONAL
A-2023-12-103,V-2023-12-103-1,P-2023-12-103-1-3,LIMA,LIMA,SAN BARTOLO,PASAJERO,LESIONADO,OTRO,,IDENTIFICADO,PERÚ,22,MASCULINO,,NO CONDUCTOR,NO CONDUCTOR,,,,CAMIÓN,14/12/2023,2023,DICIEMBRE,JUEVES,5,CHOQUE,EN PROCESO DE INVESTIGACIÓN,NO CUENTA CON CAUSA ESPECIFICA,CARRETERA NACIONAL,PE-1S,NACIONAL
A-2023-12-103,V-2023-12-103-2,P-2023-12-103-2-1,LIMA,LIMA,SAN BARTOLO,CONDUCTOR,ILESO,,,IDENTIFICADO,PERÚ,62,MASCULINO,SI,VIGENTE,A III A,,,,ÓMNIBUS,14/12/2023,2023,DICIEMBRE,JUEVES,5,CHOQUE,EN PROCESO DE INVESTIGACIÓN,NO CUENTA CON CAUSA ESPECIFICA,CARRETERA NACIONAL,PE-1S,NACIONAL
A-2023-12-102,V-2023-12-102-1,P-2023-12-102-1-1,LIMA,LIMA,LURIN,CONDUCTOR,ILESO,,,IDENTIFICADO,PERÚ,26,MASCULINO,SI,VIGENTE,A I,,,,CAMIONETA RURAL,14/12/2023,2023,DICIEMBRE,JUEVES,6,DESPISTE,EN PROCESO DE INVESTIGACIÓN,NO CUENTA CON CAUSA ESPECIFICA,CARRETERA NACIONAL,PE-1S,NACIONAL
A-2023-12-102,V-2023-12-102-1,P-2023-12-102-1-10,LIMA,LIMA,LURIN,PASAJERO,LESIONADO,,,NO IDENTIFICADO,,,NO INDICA,,NO CONDUCTOR,NO CONDUCTOR,,,,CAMIONETA RURAL,14/12/2023,2023,DICIEMBRE,JUEVES,6,DESPISTE,EN PROCESO DE INVESTIGACIÓN,NO CUENTA CON CAUSA ESPECIFICA,CARRETERA NACIONAL,PE-1S,NACIONAL
A-2023-12-102,V-2023-12-102-1,P-2023-12-102-1-11,LIMA,LIMA,LURIN,PASAJERO,LESIONADO,,,NO IDENTIFICADO,,,NO INDICA,,NO CONDUCTOR,NO CONDUCTOR,,,,CAMIONETA RURAL,14/12/2023,2023,DICIEMBRE,JUEVES,6,DESPISTE,EN PROCESO DE INVESTIGACIÓN,NO CUENTA CON CAUSA ESPECIFICA,CARRETERA NACIONAL,PE-1S,NACIONAL
A-2023-12-102,V-2023-12-102-1,P-2023-12-102-1-12,LIMA,LIMA,LURIN,PASAJERO,LESIONADO,,,NO IDENTIFICADO,,,NO INDICA,,NO CONDUCTOR,NO CONDUCTOR,,,,CAMIONETA RURAL,14/12/2023,2023,DICIEMBRE,JUEVES,6,DESPISTE,EN PROCESO DE INVESTIGACIÓN,NO CUENTA CON CAUSA ESPECIFICA,CARRETERA NACIONAL,PE-1S,NACIONAL
A-2023-12-102,V-2023-12-102-1,P-2023-12-102-1-2,LIMA,LIMA,LURIN,PASAJERO,FALLECIDO,,EN EL LUGAR DE LOS HECHOS,IDENTIFICADO,PERÚ,48,FEMENINO,,NO CONDUCTOR,NO CONDUCTOR,,,,CAMIONETA RURAL,14/12/2023,2023,DICIEMBRE,JUEVES,6,DESPISTE,EN PROCESO DE INVESTIGACIÓN,NO CUENTA CON CAUSA ESPECIFICA,CARRETERA NACIONAL,PE-1S,NACIONAL
A-2023-12-102,V-2023-12-102-1,P-2023-12-102-1-3,LIMA,LIMA,LURIN,PASAJERO,FALLECIDO,,EN EL LUGAR DE LOS HECHOS,IDENTIFICADO,PERÚ,30,FEMENINO,,NO CONDUCTOR,NO CONDUCTOR,,,,CAMIONETA RURAL,14/12/2023,2023,DICIEMBRE,JUEVES,6,DESPISTE,EN PROCESO DE INVESTIGACIÓN,NO CUENTA CON CAUSA ESPECIFICA,CARRETERA NACIONAL,PE-1S,NACIONAL
A-2023-12-102,V-2023-12-102-1,P-2023-12-102-1-4,LIMA,LIMA,LURIN,PASAJERO,FALLECIDO,,EN EL LUGAR DE LOS HECHOS,IDENTIFICADO,PERÚ,35,MASCULINO,,NO CONDUCTOR,NO CONDUCTOR,,,,CAMIONETA RURAL,14/12/2023,2023,DICIEMBRE,JUEVES,6,DESPISTE,EN PROCESO DE INVESTIGACIÓN,NO CUENTA CON CAUSA ESPECIFICA,CARRETERA NACIONAL,PE-1S,NACIONAL
A-2023-12-102,V-2023-12-102-1,P-2023-12-102-1-5,LIMA,LIMA,LURIN,PASAJERO,LESIONADO,,,NO IDENTIFICADO,,,NO INDICA,,NO CONDUCTOR,NO CONDUCTOR,,,,CAMIONETA RURAL,14/12/2023,2023,DICIEMBRE,JUEVES,6,DESPISTE,EN PROCESO DE INVESTIGACIÓN,NO CUENTA CON CAUSA ESPECIFICA,CARRETERA NACIONAL,PE-1S,NACIONAL
A-2023-12-102,V-2023-12-102-1,P-2023-12-102-1-6,LIMA,LIMA,LURIN,PASAJERO,LESIONADO,,,NO IDENTIFICADO,,,NO INDICA,,NO CONDUCTOR,NO CONDUCTOR,,,,CAMIONETA RURAL,14/12/2023,2023,DICIEMBRE,JUEVES,6,DESPISTE,EN PROCESO DE INVESTIGACIÓN,NO CUENTA CON CAUSA ESPECIFICA,CARRETERA NACIONAL,PE-1S,NACIONAL
A-2023-12-102,V-2023-12-102-1,P-2023-12-102-1-7,LIMA,LIMA,LURIN,PASAJERO,LESIONADO,,,NO IDENTIFICADO,,,NO INDICA,,NO CONDUCTOR,NO CONDUCTOR,,,,CAMIONETA RURAL,14/12/2023,2023,DICIEMBRE,JUEVES,6,DESPISTE,EN PROCESO DE INVESTIGACIÓN,NO CUENTA CON CAUSA ESPECIFICA,CARRETERA NACIONAL,PE-1S,NACIONAL
A-2023-12-102,V-2023-12-102-1,P-2023-12-102-1-8,LIMA,LIMA,LURIN,PASAJERO,LESIONADO,,,NO IDENTIFICADO,,,NO INDICA,,NO CONDUCTOR,NO CONDUCTOR,,,,CAMIONETA RURAL,14/12/2023,2023,DICIEMBRE,JUEVES,6,DESPISTE,EN PROCESO DE INVESTIGACIÓN,NO CUENTA CON CAUSA ESPECIFICA,CARRETERA NACIONAL,PE-1S,NACIONAL
A-2023-12-102,V-2023-12-102-1,P-2023-12-102-1-9,LIMA,LIMA,LURIN,PASAJERO,LESIONADO,,,NO IDENTIFICADO,,,NO INDICA,,NO CONDUCTOR,NO CONDUCTOR,,,,CAMIONETA RURAL,14/12/2023,2023,DICIEMBRE,JUEVES,6,DESPISTE,EN PROCESO DE INVESTIGACIÓN,NO CUENTA CON CAUSA ESPECIFICA,CARRETERA NACIONAL,PE-1S,NACIONAL
A-2023-12-104,V-2023-12-104-1,P-2023-12-104-1-1,LIMA,LIMA,SAN JUAN DE LURIGANCHO,CONDUCTOR,FALLECIDO,,EN EL LUGAR DE LOS HECHOS,IDENTIFICADO,PERÚ,30,MASCULINO,,SIN DNI IDENTIFICADO,SIN DNI IDENTIFICADO,,,,MOTOCICLETA,17/12/2023,2023,DICIEMBRE,DOMINGO,7,DESPISTE,EN PROCESO DE INVESTIGACIÓN,NO CUENTA CON CAUSA ESPECIFICA,AUTOPISTA,NO CORRESPONDE,URBANO
A-2023-12-105,V-2023-12-105-1,P-2023-12-105-1-1,LIMA,LIMA,LIMA,CONDUCTOR,ILESO,,,IDENTIFICADO,PERÚ,44,MASCULINO,SI,VIGENTE,A III C,,,,AUTOMÓVIL,18/12/2023,2023,DICIEMBRE,LUNES,8,CHOQUE,EN PROCESO DE INVESTIGACIÓN,NO CUENTA CON CAUSA ESPECIFICA,JIRÓN,NO CORRESPONDE,URBANO
A-2023-12-105,V-2023-12-105-1,P-2023-12-105-1-2,LIMA,LIMA,LIMA,PEATÓN,FALLECIDO,,EN EL LUGAR DE LOS HECHOS,IDENTIFICADO,PERÚ,84,MASCULINO,,NO CONDUCTOR,NO CONDUCTOR,,,,AUTOMÓVIL,18/12/2023,2023,DICIEMBRE,LUNES,8,CHOQUE,EN PROCESO DE INVESTIGACIÓN,NO CUENTA CON CAUSA ESPECIFICA,JIRÓN,NO CORRESPONDE,URBANO
A-2023-12-105,V-2023-12-105-2,P-2023-12-105-2-1,LIMA,LIMA,LIMA,CONDUCTOR,ILESO,,,IDENTIFICADO,PERÚ,48,MASCULINO,SI,VIGENTE,A I,,,,AUTOMÓVIL,18/12/2023,2023,DICIEMBRE,LUNES,8,CHOQUE,EN PROCESO DE INVESTIGACIÓN,NO CUENTA CON CAUSA ESPECIFICA,JIRÓN,NO CORRESPONDE,URBANO
A-2023-12-105,V-2023-12-105-2,P-2023-12-105-2-2,LIMA,LIMA,LIMA,PEATÓN,FALLECIDO,,EN EL LUGAR DE LOS HECHOS,IDENTIFICADO,PERÚ,73,FEMENINO,,NO CONDUCTOR,NO CONDUCTOR,,,,AUTOMÓVIL,18/12/2023,2023,DICIEMBRE,LUNES,8,CHOQUE,EN PROCESO DE INVESTIGACIÓN,NO CUENTA CON CAUSA ESPECIFICA,JIRÓN,NO CORRESPONDE,URBANO
A-2023-12-107,V-2023-12-107-1,P-2023-12-107-1-1,LIMA,LIMA,PUEBLO LIBRE,CONDUCTOR,ILESO,,,IDENTIFICADO,PERÚ,60,MASCULINO,SI,VIGENTE,A II B,,,,CAMIÓN,18/12/2023,2023,DICIEMBRE,LUNES,16,CHOQUE,EN PROCESO DE INVESTIGACIÓN,NO CUENTA CON CAUSA ESPECIFICA,AVENIDA,NO CORRESPONDE,URBANO
A-2023-12-107,V-2023-12-107-2,P-2023-12-107-2-1,LIMA,LIMA,PUEBLO LIBRE,CONDUCTOR,FALLECIDO,,EN EL LUGAR DE LOS HECHOS,IDENTIFICADO,PERÚ,47,MASCULINO,,NO CORRESPONDE,SIN DNI IDENTIFICADO,,,,BICICLETA,18/12/2023,2023,DICIEMBRE,LUNES,16,CHOQUE,EN PROCESO DE INVESTIGACIÓN,NO CUENTA CON CAUSA ESPECIFICA,AVENIDA,NO CORRESPONDE,URBANO
A-2023-12-106,V-2023-12-106-1,P-2023-12-106-1-1,LIMA,LIMA,SAN MARTIN DE PORRES,CONDUCTOR,ILESO,,,IDENTIFICADO,PERÚ,29,MASCULINO,,SIN LICENCIA,SIN LICENCIA,,,,MOTOCICLETA,18/12/2023,2023,DICIEMBRE,LUNES,22,ATROPELLO,EN PROCESO DE INVESTIGACIÓN,NO CUENTA CON CAUSA ESPECIFICA,AVENIDA,NO CORRESPONDE,URBANO
A-2023-12-106,V-2023-12-106-1,P-2023-12-106-1-2,LIMA,LIMA,SAN MARTIN DE PORRES,PEATÓN,FALLECIDO,,EN EL LUGAR DE LOS HECHOS,IDENTIFICADO,PERÚ,75,MASCULINO,,NO CONDUCTOR,NO CONDUCTOR,,,,MOTOCICLETA,18/12/2023,2023,DICIEMBRE,LUNES,22,ATROPELLO,EN PROCESO DE INVESTIGACIÓN,NO CUENTA CON CAUSA ESPECIFICA,AVENIDA,NO CORRESPONDE,URBANO
A-2023-12-108,V-2023-12-108-1,P-2023-12-108-1-1,LIMA,LIMA,SAN JUAN DE MIRAFLORES,CONDUCTOR,ILESO,,,IDENTIFICADO,PERÚ,34,MASCULINO,,VENCIDA,B II C,,,,TRIMOTO PASAJERO,19/12/2023,2023,DICIEMBRE,MARTES,18,ATROPELLO,EN PROCESO DE INVESTIGACIÓN,NO CUENTA CON CAUSA ESPECIFICA,AVENIDA,NO CORRESPONDE,URBANO
A-2023-12-108,V-2023-12-108-1,P-2023-12-108-1-2,LIMA,LIMA,SAN JUAN DE MIRAFLORES,PEATÓN,FALLECIDO,,EN EL CENTRO DE SALUD,IDENTIFICADO,PERÚ,34,MASCULINO,,NO CONDUCTOR,NO CONDUCTOR,,,,TRIMOTO PASAJERO,19/12/2023,2023,DICIEMBRE,MARTES,18,ATROPELLO,EN PROCESO DE INVESTIGACIÓN,NO CUENTA CON CAUSA ESPECIFICA,AVENIDA,NO CORRESPONDE,URBANO
A-2023-12-109,V-2023-12-109-1,P-2023-12-109-1-1,LIMA,LIMA,LIMA,CONDUCTOR,ILESO,,,IDENTIFICADO,PERÚ,56,MASCULINO,SI,VIGENTE,A III A,,,,ÓMNIBUS,22/12/2023,2023,DICIEMBRE,VIERNES,17,ATROPELLO,EN PROCESO DE INVESTIGACIÓN,NO CUENTA CON CAUSA ESPECIFICA,AVENIDA,NO CORRESPONDE,URBANO
A-2023-12-109,V-2023-12-109-1,P-2023-12-109-1-2,LIMA,LIMA,LIMA,PEATÓN,FALLECIDO,,EN EL LUGAR DE LOS HECHOS,IDENTIFICADO,PERÚ,49,MASCULINO,,NO CONDUCTOR,NO CONDUCTOR,,,,ÓMNIBUS,22/12/2023,2023,DICIEMBRE,VIERNES,17,ATROPELLO,EN PROCESO DE INVESTIGACIÓN,NO CUENTA CON CAUSA ESPECIFICA,AVENIDA,NO CORRESPONDE,URBANO
A-2023-12-110,V-2023-12-110-1,P-2023-12-110-1-1,LIMA,LIMA,INDEPENDENCIA,CONDUCTOR FUGADO,NO SE CONOCE,,,NO IDENTIFICADO,,,NO INDICA,,FUGADO,FUGADO,,,,VEHICULO NO IDENTIFICADO,23/12/2023,2023,DICIEMBRE,SÁBADO,4,ATROPELLO FUGA,EN PROCESO DE INVESTIGACIÓN,NO CUENTA CON CAUSA ESPECIFICA,CARRETERA NACIONAL,PE-1N,NACIONAL
A-2023-12-110,V-2023-12-110-1,P-2023-12-110-1-2,LIMA,LIMA,INDEPENDENCIA,PEATÓN,FALLECIDO,,EN EL LUGAR DE LOS HECHOS,IDENTIFICADO,PERÚ,38,MASCULINO,,NO CONDUCTOR,NO CONDUCTOR,,,,VEHICULO NO IDENTIFICADO,23/12/2023,2023,DICIEMBRE,SÁBADO,4,ATROPELLO FUGA,EN PROCESO DE INVESTIGACIÓN,NO CUENTA CON CAUSA ESPECIFICA,CARRETERA NACIONAL,PE-1N,NACIONAL
A-2023-12-111,V-2023-12-111-1,P-2023-12-111-1-1,LIMA,LIMA,SANTA ANITA,CONDUCTOR,ILESO,,,IDENTIFICADO,PERÚ,36,MASCULINO,SI,VIGENTE,A III A,,,,ÓMNIBUS,23/12/2023,2023,DICIEMBRE,SÁBADO,17,ATROPELLO,EN PROCESO DE INVESTIGACIÓN,NO CUENTA CON CAUSA ESPECIFICA,AVENIDA,NO CORRESPONDE,URBANO
A-2023-12-111,V-2023-12-111-1,P-2023-12-111-1-2,LIMA,LIMA,SANTA ANITA,PEATÓN,FALLECIDO,,EN EL LUGAR DE LOS HECHOS,IDENTIFICADO,PERÚ,71,MASCULINO,,NO CONDUCTOR,NO CONDUCTOR,,,,ÓMNIBUS,23/12/2023,2023,DICIEMBRE,SÁBADO,17,ATROPELLO,EN PROCESO DE INVESTIGACIÓN,NO CUENTA CON CAUSA ESPECIFICA,AVENIDA,NO CORRESPONDE,URBANO
A-2023-12-112,V-2023-12-112-1,P-2023-12-112-1-1,LIMA,LIMA,LURIN,CONDUCTOR,FALLECIDO,,EN EL LUGAR DE LOS HECHOS,NO IDENTIFICADO,,,NO INDICA,,SIN DNI IDENTIFICADO,SIN DNI IDENTIFICADO,,,,MOTOCICLETA,23/12/2023,2023,DICIEMBRE,SÁBADO,22,CHOQUE,EN PROCESO DE INVESTIGACIÓN,NO CUENTA CON CAUSA ESPECIFICA,CARRETERA NACIONAL,PE-1S,NACIONAL
A-2023-12-112,V-2023-12-112-2,P-2023-12-112-2-1,LIMA,LIMA,LURIN,CONDUCTOR,ILESO,,,IDENTIFICADO,PERÚ,34,MASCULINO,,SIN DNI IDENTIFICADO,SIN DNI IDENTIFICADO,,,,AUTOMÓVIL,23/12/2023,2023,DICIEMBRE,SÁBADO,22,CHOQUE,EN PROCESO DE INVESTIGACIÓN,NO CUENTA CON CAUSA ESPECIFICA,CARRETERA NACIONAL,PE-1S,NACIONAL
A-2023-12-147,V-2023-12-147-1,P-2023-12-147-1-1,CALLAO,CALLAO,LA PERLA,CONDUCTOR,LESIONADO,OTRO,,IDENTIFICADO,PERÚ,35,MASCULINO,,SIN LICENCIA,SIN LICENCIA,NO,,SI,MOTOCICLETA,24/12/2023,2023,DICIEMBRE,DOMINGO,2,DESPISTE,IMPRUDENCIA DEL CONDUCTOR,CONDUCIR EN ESTADO DE EBRIEDAD Y/O DROGADICCIÓN,CARRETERA DEPARTAMENTAL,CL-100,DEPARTAMENTAL
A-2023-12-147,V-2023-12-147-1,P-2023-12-147-1-2,CALLAO,CALLAO,LA PERLA,PASAJERO,FALLECIDO,,EN EL LUGAR DE LOS HECHOS,IDENTIFICADO,PERÚ,25,MASCULINO,,NO CONDUCTOR,NO CONDUCTOR,NO,,NO,MOTOCICLETA,24/12/2023,2023,DICIEMBRE,DOMINGO,2,DESPISTE,IMPRUDENCIA DEL CONDUCTOR,CONDUCIR EN ESTADO DE EBRIEDAD Y/O DROGADICCIÓN,CARRETERA DEPARTAMENTAL,CL-100,DEPARTAMENTAL
A-2023-12-113,V-2023-12-113-1,P-2023-12-113-1-1,LIMA,LIMA,SANTIAGO DE SURCO,CONDUCTOR,FALLECIDO,,EN EL LUGAR DE LOS HECHOS,IDENTIFICADO,PERÚ,26,MASCULINO,,SIN DNI IDENTIFICADO,SIN DNI IDENTIFICADO,,,,MOTOCICLETA,25/12/2023,2023,DICIEMBRE,LUNES,5,DESPISTE,EN PROCESO DE INVESTIGACIÓN,NO CUENTA CON CAUSA ESPECIFICA,JIRÓN,NO CORRESPONDE,URBANO
A-2023-12-164,V-2023-12-164-1,P-2023-12-164-1-1,LIMA,LIMA,ANCON,CONDUCTOR,LESIONADO,CENTRO DE SALUD PÚBLICO,,IDENTIFICADO,PERÚ,64,MASCULINO,SI,VIGENTE,A I,SI,POSITIVO,SI,AUTOMÓVIL,25/12/2023,2023,DICIEMBRE,LUNES,14,DESPISTE,EN PROCESO DE INVESTIGACIÓN,NO CUENTA CON CAUSA ESPECIFICA,CARRETERA NACIONAL,PE-1N,NACIONAL
A-2023-12-164,V-2023-12-164-1,P-2023-12-164-1-2,LIMA,LIMA,ANCON,PASAJERO,FALLECIDO,,EN EL CENTRO DE SALUD,NO IDENTIFICADO,PERÚ,,FEMENINO,,NO CONDUCTOR,NO CONDUCTOR,NO,,NO,AUTOMÓVIL,25/12/2023,2023,DICIEMBRE,LUNES,14,DESPISTE,EN PROCESO DE INVESTIGACIÓN,NO CUENTA CON CAUSA ESPECIFICA,CARRETERA NACIONAL,PE-1N,NACIONAL
A-2023-12-114,V-2023-12-114-1,P-2023-12-114-1-1,LIMA,LIMA,CHORRILLOS,CONDUCTOR,FALLECIDO,,EN EL LUGAR DE LOS HECHOS,IDENTIFICADO,PERÚ,37,MASCULINO,SI,VIGENTE,A II B,,,,OTRO,26/12/2023,2023,DICIEMBRE,MARTES,6,DESPISTE,EN PROCESO DE INVESTIGACIÓN,NO CUENTA CON CAUSA ESPECIFICA,VIA EXPRESA,NO CORRESPONDE,URBANO
A-2023-12-114,V-2023-12-114-1,P-2023-12-114-1-2,LIMA,LIMA,CHORRILLOS,PASAJERO,LESIONADO,CENTRO DE SALUD PRIVADO,,IDENTIFICADO,PERÚ,30,MASCULINO,,NO CONDUCTOR,NO CONDUCTOR,,,,OTRO,26/12/2023,2023,DICIEMBRE,MARTES,6,DESPISTE,EN PROCESO DE INVESTIGACIÓN,NO CUENTA CON CAUSA ESPECIFICA,VIA EXPRESA,NO CORRESPONDE,URBANO
A-2023-12-115,V-2023-12-115-1,P-2023-12-115-1-1,LIMA,LIMA,LOS OLIVOS,CONDUCTOR,ILESO,,,IDENTIFICADO,PERÚ,64,MASCULINO,,SIN LICENCIA,SIN LICENCIA,,,,CAMIÓN,27/12/2023,2023,DICIEMBRE,MIÉRCOLES,16,CHOQUE,EN PROCESO DE INVESTIGACIÓN,NO CUENTA CON CAUSA ESPECIFICA,AVENIDA,NO CORRESPONDE,URBANO
A-2023-12-115,V-2023-12-115-1,P-2023-12-115-1-2,LIMA,LIMA,LOS OLIVOS,PEATÓN,FALLECIDO,,EN EL LUGAR DE LOS HECHOS,IDENTIFICADO,PERÚ,43,MASCULINO,,NO CONDUCTOR,NO CONDUCTOR,,,,CAMIÓN,27/12/2023,2023,DICIEMBRE,MIÉRCOLES,16,CHOQUE,EN PROCESO DE INVESTIGACIÓN,NO CUENTA CON CAUSA ESPECIFICA,AVENIDA,NO CORRESPONDE,URBANO
A-2023-12-115,V-2023-12-115-2,P-2023-12-115-2-1,LIMA,LIMA,LOS OLIVOS,CONDUCTOR,ILESO,,,IDENTIFICADO,PERÚ,31,MASCULINO,SI,VIGENTE,A I,,,,AUTOMÓVIL,27/12/2023,2023,DICIEMBRE,MIÉRCOLES,16,CHOQUE,EN PROCESO DE INVESTIGACIÓN,NO CUENTA CON CAUSA ESPECIFICA,AVENIDA,NO CORRESPONDE,URBANO
A-2023-12-115,V-2023-12-115-2,P-2023-12-115-2-2,LIMA,LIMA,LOS OLIVOS,PEATÓN,LESIONADO,OTRO,,IDENTIFICADO,PERÚ,45,MASCULINO,,NO CONDUCTOR,NO CONDUCTOR,,,,AUTOMÓVIL,27/12/2023,2023,DICIEMBRE,MIÉRCOLES,16,CHOQUE,EN PROCESO DE INVESTIGACIÓN,NO CUENTA CON CAUSA ESPECIFICA,AVENIDA,NO CORRESPONDE,URBANO
A-2023-12-116,V-2023-12-116-1,P-2023-12-116-1-1,LIMA,LIMA,PUNTA HERMOSA,CONDUCTOR,FALLECIDO,,EN EL LUGAR DE LOS HECHOS,IDENTIFICADO,PERÚ,40,MASCULINO,SI,VIGENTE,A I,,,,AUTOMÓVIL,27/12/2023,2023,DICIEMBRE,MIÉRCOLES,19,DESPISTE,EN PROCESO DE INVESTIGACIÓN,NO CUENTA CON CAUSA ESPECIFICA,CARRETERA NACIONAL,PE-1S,NACIONAL
A-2023-12-116,V-2023-12-116-2,P-2023-12-116-2-1,LIMA,LIMA,PUNTA HERMOSA,CONDUCTOR,ILESO,,,IDENTIFICADO,PERÚ,56,MASCULINO,SI,VIGENTE,A III C,,,,CAMIONETA PICK UP,27/12/2023,2023,DICIEMBRE,MIÉRCOLES,19,DESPISTE,EN PROCESO DE INVESTIGACIÓN,NO CUENTA CON CAUSA ESPECIFICA,CARRETERA NACIONAL,PE-1S,NACIONAL
A-2023-12-117,V-2023-12-117-1,P-2023-12-117-1-1,LIMA,LIMA,SAN BARTOLO,CONDUCTOR,ILESO,,,IDENTIFICADO,PERÚ,56,MASCULINO,SI,VIGENTE,A II A,,,,CAMIONETA RURAL,28/12/2023,2023,DICIEMBRE,JUEVES,21,ATROPELLO,EN PROCESO DE INVESTIGACIÓN,NO CUENTA CON CAUSA ESPECIFICA,CARRETERA NACIONAL,PE-1S,NACIONAL
A-2023-12-117,V-2023-12-117-1,P-2023-12-117-1-2,LIMA,LIMA,SAN BARTOLO,PEATÓN,FALLECIDO,,EN EL LUGAR DE LOS HECHOS,IDENTIFICADO,PERÚ,40,MASCULINO,,NO CONDUCTOR,NO CONDUCTOR,,,,CAMIONETA RURAL,28/12/2023,2023,DICIEMBRE,JUEVES,21,ATROPELLO,EN PROCESO DE INVESTIGACIÓN,NO CUENTA CON CAUSA ESPECIFICA,CARRETERA NACIONAL,PE-1S,NACIONAL
A-2023-12-118,V-2023-12-118-1,P-2023-12-118-1-1,LIMA,LIMA,SURQUILLO,CONDUCTOR,ILESO,,,IDENTIFICADO,PERÚ,30,MASCULINO,SI,VIGENTE,A II A,,,,AUTOMÓVIL,29/12/2023,2023,DICIEMBRE,VIERNES,21,ATROPELLO,EN PROCESO DE INVESTIGACIÓN,NO CUENTA CON CAUSA ESPECIFICA,CALLE,NO CORRESPONDE,URBANO
A-2023-12-118,V-2023-12-118-1,P-2023-12-118-1-2,LIMA,LIMA,SURQUILLO,PEATÓN,FALLECIDO,,EN EL LUGAR DE LOS HECHOS,IDENTIFICADO,PERÚ,73,MASCULINO,,NO CONDUCTOR,NO CONDUCTOR,,,,AUTOMÓVIL,29/12/2023,2023,DICIEMBRE,VIERNES,21,ATROPELLO,EN PROCESO DE INVESTIGACIÓN,NO CUENTA CON CAUSA ESPECIFICA,CALLE,NO CORRESPONDE,URBANO
A-2023-12-120,V-2023-12-120-1,P-2023-12-120-1-1,LIMA,LIMA,LA VICTORIA,CONDUCTOR,ILESO,,,IDENTIFICADO,PERÚ,38,MASCULINO,SI,VIGENTE,A III B,,,,CAMIÓN,30/12/2023,2023,DICIEMBRE,SÁBADO,8,ATROPELLO,EN PROCESO DE INVESTIGACIÓN,NO CUENTA CON CAUSA ESPECIFICA,AVENIDA,NO CORRESPONDE,URBANO
A-2023-12-120,V-2023-12-120-1,P-2023-12-120-1-2,LIMA,LIMA,LA VICTORIA,PEATÓN,FALLECIDO,,EN EL LUGAR DE LOS HECHOS,IDENTIFICADO,PERÚ,70,MASCULINO,,NO CONDUCTOR,NO CONDUCTOR,,,,CAMIÓN,30/12/2023,2023,DICIEMBRE,SÁBADO,8,ATROPELLO,EN PROCESO DE INVESTIGACIÓN,NO CUENTA CON CAUSA ESPECIFICA,AVENIDA,NO CORRESPONDE,URBANO
A-2023-12-119,V-2023-12-119-1,P-2023-12-119-1-1,LIMA,LIMA,SAN MIGUEL,CONDUCTOR,ILESO,,,IDENTIFICADO,PERÚ,37,MASCULINO,SI,VIGENTE,A II B,,,,CAMIONETA RURAL,30/12/2023,2023,DICIEMBRE,SÁBADO,11,CHOQUE,EN PROCESO DE INVESTIGACIÓN,NO CUENTA CON CAUSA ESPECIFICA,AVENIDA,NO CORRESPONDE,URBANO
A-2023-12-119,V-2023-12-119-2,P-2023-12-119-2-1,LIMA,LIMA,SAN MIGUEL,CONDUCTOR,FALLECIDO,,EN EL LUGAR DE LOS HECHOS,IDENTIFICADO,PERÚ,27,FEMENINO,SI,VIGENTE,B II B,,,,MOTOCICLETA,30/12/2023,2023,DICIEMBRE,SÁBADO,11,CHOQUE,EN PROCESO DE INVESTIGACIÓN,NO CUENTA CON CAUSA ESPECIFICA,AVENIDA,NO CORRESPONDE,URBANO
