codigo_siniestro,codigo_vehiculo,departamento,provincia,distrito,situacionvehiculo,estado_modalidad,modalidad_de_transporte,elemento_transportado,ambito_servicio,posee_seguro,estado_soat,tipo_seguro,compania_seguro,posee_citv,estado_citv,vehiculo,tipo_siniestro,fecha,ano,mes,dia,hora,codigo_de_carretera,tipo_de_via
A-2021-01-248,V-2021-01-248-1,LIMA,LIMA,PACHACAMAC,IDENTIFICADO,NO CORRESPONDE,SERVICIO ESPECIAL DE PASAJEROS,,,,NO REGISTRA,,,,NO REGISTRA,TRIMOTO PASAJERO,DESPISTE,01/01/2021,2021,ENERO,VIERNES,5,NO CORRESPONDE,AVENIDA
A-2021-01-254,V-2021-01-254-1,LIMA,LIMA,VILLA MARIA DEL TRIUNFO,IDENTIFICADO,NO CORRESPONDE,PARTICULAR,,,,VIGENTE,SOAT,LA POSITIVA,,NO REGISTRA,MOTOCICLETA,ATROPELLO,01/01/2021,2021,ENERO,VIERNES,14,NO CORRESPONDE,AVENIDA
A-2021-01-258,V-2021-01-258-1,LIMA,LIMA,VILLA EL SALVADOR,FUGADO,NO CORRESPONDE,OTRO,,,,NO APLICA,,NO APLICA,,NO APLICA,VEHICULO NO IDENTIFICADO,ATROPELLO FUGA,03/01/2021,2021,ENERO,DOMINGO,0,PE-1S,CARRETERA
A-2021-01-260,V-2021-01-260-1,LIMA,LIMA,ATE,IDENTIFICADO,NO CORRESPONDE,PARTICULAR,,,,VIGENTE,SOAT,LA POSITIVA,,NO REGISTRA,MOTOCICLETA,ATROPELLO,04/01/2021,2021,ENERO,LUNES,1,NO CORRESPONDE,AVENIDA
A-2021-01-262,V-2021-01-262-1,LIMA,LIMA,CHORRILLOS,IDENTIFICADO,HABILITADO,PARTICULAR,,,,VIGENTE,SOAT,PACIFICO,,VIGENTE,AUTOMÓVIL,CHOQUE,06/01/2021,2021,ENERO,MIÉRCOLES,20,NO CORRESPONDE,AVENIDA
A-2021-01-262,V-2021-01-262-2,LIMA,LIMA,CHORRILLOS,IDENTIFICADO,NO CORRESPONDE,PARTICULAR,,,,VIGENTE,SOAT,CRECER SEGUROS,,NO REGISTRA,MOTOCICLETA,CHOQUE,06/01/2021,2021,ENERO,MIÉRCOLES,20,NO CORRESPONDE,AVENIDA
A-2021-01-264,V-2021-01-264-1,LIMA,LIMA,SAN JUAN DE LURIGANCHO,IDENTIFICADO,NO CORRESPONDE,PARTICULAR,,,,NO REGISTRA,,,,NO REGISTRA,SEMIREMOLQUE,DESPISTE,09/01/2021,2021,ENERO,SÁBADO,10,NO CORRESPONDE,AVENIDA
A-2021-01-265,V-2021-01-265-1,LIMA,LIMA,VILLA MARIA DEL TRIUNFO,IDENTIFICADO,NO CORRESPONDE,PARTICULAR,,,,VIGENTE,SOAT,INTERSEGURO,,VIGENTE,CAMIONETA RURAL,DESPISTE,11/01/2021,2021,ENERO,LUNES,9,NO CORRESPONDE,AVENIDA
A-2021-01-267,V-2021-01-267-1,LIMA,LIMA,LURIN,IDENTIFICADO,HABILITADO,PARTICULAR,,,,VIGENTE,,LA POSITIVA,,NO REGISTRA,MOTOCICLETA,VOLCADURA,14/01/2021,2021,ENERO,JUEVES,1,NO CORRESPONDE,OTRO
A-2021-01-267,V-2021-01-267-2,LIMA,LIMA,LURIN,IDENTIFICADO,HABILITADO,PARTICULAR,,,,VIGENTE,,LA POSITIVA,,NO REGISTRA,CAMIÓN,VOLCADURA,14/01/2021,2021,ENERO,JUEVES,1,NO CORRESPONDE,OTRO
A-2021-01-266,V-2021-01-266-1,LIMA,LIMA,SANTA ANITA,IDENTIFICADO,HABILITADO,PARTICULAR,,,,VIGENTE,,RIMAC,,VIGENTE,CAMIONETA PICK UP,ATROPELLO,14/01/2021,2021,ENERO,JUEVES,6,NO CORRESPONDE,AVENIDA
A-2021-01-269,V-2021-01-269-1,LIMA,LIMA,COMAS,IDENTIFICADO,NO CORRESPONDE,PARTICULAR,,,,VENCIDO,,LA POSITIVA,,NO REGISTRA,MOTOCICLETA,DESPISTE,16/01/2021,2021,ENERO,SÁBADO,18,NO CORRESPONDE,AVENIDA
A-2021-01-392,V-2021-01-392-1,CALLAO,CALLAO,LA PERLA,IDENTIFICADO,NO CORRESPONDE,PARTICULAR,PERSONAS,NO SE CONOCE,,VIGENTE,,LA POSITIVA,,NO REGISTRA,MOTOCICLETA,ATROPELLO,16/01/2021,2021,ENERO,SÁBADO,19,NO CORRESPONDE,AVENIDA
A-2021-01-129,V-2021-01-129-1,CALLAO,CALLAO,CALLAO,IDENTIFICADO,HABILITADO,CARGA,,,,VIGENTE,,MAPFRE,,VIGENTE,REMOLCADOR-SEMIREMOLQUE,CAÍDA DE PASAJERO,17/01/2021,2021,ENERO,DOMINGO,8,PE-20,CARRETERA
A-2021-01-270,V-2021-01-270-1,LIMA,LIMA,LURIGANCHO,IDENTIFICADO,HABILITADO,REGULAR(INTERPROVINCIAL),,,,VIGENTE,,RIMAC,,VIGENTE,ÓMNIBUS,CHOQUE,19/01/2021,2021,ENERO,MARTES,9,NO CORRESPONDE,AVENIDA
A-2021-01-270,V-2021-01-270-2,LIMA,LIMA,LURIGANCHO,IDENTIFICADO,HABILITADO,PARTICULAR,,,,VIGENTE,,LA POSITIVA,,VIGENTE,CAMIÓN,CHOQUE,19/01/2021,2021,ENERO,MARTES,9,NO CORRESPONDE,AVENIDA
A-2021-01-271,V-2021-01-271-1,LIMA,LIMA,LOS OLIVOS,IDENTIFICADO,NO CORRESPONDE,PARTICULAR,,,,VIGENTE,,LA POSITIVA,,NO REGISTRA,MOTOCICLETA,ATROPELLO,23/01/2021,2021,ENERO,SÁBADO,13,NO CORRESPONDE,AVENIDA
A-2021-01-272,V-2021-01-272-1,LIMA,LIMA,PUENTE PIEDRA,IDENTIFICADO,HABILITADO,CARGA,,,,VIGENTE,,PACIFICO,,VIGENTE,REMOLCADOR-SEMIREMOLQUE,ATROPELLO,23/01/2021,2021,ENERO,SÁBADO,17,PE-1N,CARRETERA
A-2021-01-195,V-2021-01-195-1,CALLAO,CALLAO,VENTANILLA,IDENTIFICADO,HABILITADO,OTRO,,,,VIGENTE,,RIMAC,,VIGENTE,ÓMNIBUS,DESPISTE,24/01/2021,2021,ENERO,DOMINGO,20,PE-20,CARRETERA
A-2021-01-195,V-2021-01-195-2,CALLAO,CALLAO,VENTANILLA,IDENTIFICADO,NO CORRESPONDE,PARTICULAR,,,,VIGENTE,,NO APLICA,,NO APLICA,BICICLETA,DESPISTE,24/01/2021,2021,ENERO,DOMINGO,20,PE-20,CARRETERA
A-2021-01-273,V-2021-01-273-1,LIMA,LIMA,SAN MARTIN DE PORRES,FUGADO,NO CORRESPONDE,OTRO,,,,NO APLICA,,NO APLICA,,NO APLICA,VEHICULO NO IDENTIFICADO,ATROPELLO FUGA,25/01/2021,2021,ENERO,LUNES,8,NO CORRESPONDE,AVENIDA
A-2021-01-274,V-2021-01-274-1,LIMA,LIMA,VILLA MARIA DEL TRIUNFO,IDENTIFICADO,NO CORRESPONDE,PARTICULAR,,,,VIGENTE,,RIMAC,,VIGENTE,CAMIONETA PICK UP,CHOQUE,25/01/2021,2021,ENERO,LUNES,11,NO CORRESPONDE,AVENIDA
A-2021-01-274,V-2021-01-274-2,LIMA,LIMA,VILLA MARIA DEL TRIUNFO,IDENTIFICADO,NO CORRESPONDE,SERVICIO ESPECIAL DE PASAJEROS,,,,VIGENTE,,,,NO REGISTRA,TRIMOTO PASAJERO,CHOQUE,25/01/2021,2021,ENERO,LUNES,11,NO CORRESPONDE,AVENIDA
A-2021-01-381,V-2021-01-381-1,LIMA,LIMA,SAN MARTIN DE PORRES,IDENTIFICADO,NO HABILITADO,REGULAR(INTERPROVINCIAL),,,,VIGENTE,,LA POSITIVA,,VIGENTE,ÓMNIBUS,ATROPELLO,26/01/2021,2021,ENERO,MARTES,6,NO CORRESPONDE,JIRÓN
A-2021-01-282,V-2021-01-282-1,LIMA,LIMA,COMAS,IDENTIFICADO,HABILITADO,PARTICULAR,,,,VIGENTE,,LA POSITIVA,,VIGENTE,CAMIÓN,CHOQUE FUGA,28/01/2021,2021,ENERO,JUEVES,5,PE-1N,CARRETERA
A-2021-01-282,V-2021-01-282-2,LIMA,LIMA,COMAS,FUGADO,NO HABILITADO,OTRO,,,,VIGENTE,,NO APLICA,,NO APLICA,VEHICULO NO IDENTIFICADO,CHOQUE FUGA,28/01/2021,2021,ENERO,JUEVES,5,PE-1N,CARRETERA
A-2021-01-284,V-2021-01-284-1,LIMA,LIMA,CARABAYLLO,IDENTIFICADO,HABILITADO,PARTICULAR,,,,VIGENTE,,LA POSITIVA,,VIGENTE,CAMIÓN,CHOQUE,28/01/2021,2021,ENERO,JUEVES,17,NO CORRESPONDE,AVENIDA
A-2021-01-284,V-2021-01-284-2,LIMA,LIMA,CARABAYLLO,IDENTIFICADO,HABILITADO,PARTICULAR,,,,VIGENTE,,NO APLICA,,NO APLICA,BICICLETA,CHOQUE,28/01/2021,2021,ENERO,JUEVES,17,NO CORRESPONDE,AVENIDA
A-2021-01-288,V-2021-01-288-1,LIMA,LIMA,SAN JUAN DE LURIGANCHO,IDENTIFICADO,HABILITADO,PARTICULAR,,,,VIGENTE,,LA POSITIVA,,NO REGISTRA,MOTOCICLETA,CHOQUE,29/01/2021,2021,ENERO,VIERNES,10,NO CORRESPONDE,AVENIDA
A-2021-01-288,V-2021-01-288-2,LIMA,LIMA,SAN JUAN DE LURIGANCHO,IDENTIFICADO,HABILITADO,PARTICULAR,,,,VIGENTE,,PACIFICO,,VIGENTE,STATION WAGON,CHOQUE,29/01/2021,2021,ENERO,VIERNES,10,NO CORRESPONDE,AVENIDA
A-2021-01-356,V-2021-01-356-1,LIMA,LIMA,LURIGANCHO,FUGADO,,,,,,NO APLICA,,NO APLICA,,NO APLICA,VEHICULO NO IDENTIFICADO,ATROPELLO FUGA,30/01/2021,2021,ENERO,SÁBADO,0,NO CORRESPONDE,AVENIDA
A-2021-01-391,V-2021-01-391-1,CALLAO,CALLAO,CALLAO,IDENTIFICADO,NO CORRESPONDE,PARTICULAR,PERSONAS,NO SE CONOCE,,VIGENTE,,LA POSITIVA,,NO REGISTRA,AUTOMÓVIL,CHOQUE,30/01/2021,2021,ENERO,SÁBADO,21,PE-20B,CARRETERA
A-2021-01-391,V-2021-01-391-2,CALLAO,CALLAO,CALLAO,IDENTIFICADO,NO CORRESPONDE,PARTICULAR,CARGA Y/O MERCANCÍAS,NO SE CONOCE,,VIGENTE,,,,NO APLICA,TRICICLO NO MOTORIZADO,CHOQUE,30/01/2021,2021,ENERO,SÁBADO,21,PE-20B,CARRETERA
A-2021-02-248,V-2021-02-248-1,LIMA,LIMA,SAN ISIDRO,IDENTIFICADO,HABILITADO,PARTICULAR,,,SI,VIGENTE,SOAT,LA POSITIVA,SI,VIGENTE,AUTOMÓVIL,CHOQUE,01/02/2021,2021,FEBRERO,LUNES,4,NO CORRESPONDE,AVENIDA
A-2021-02-248,V-2021-02-248-2,LIMA,LIMA,SAN ISIDRO,IDENTIFICADO,HABILITADO,PARTICULAR,PERSONAS,NO SE CONOCE,SI,VIGENTE,SOAT,LA POSITIVA,SI,VIGENTE,AUTOMÓVIL,CHOQUE,01/02/2021,2021,FEBRERO,LUNES,4,NO CORRESPONDE,AVENIDA
A-2021-02-251,V-2021-02-251-1,LIMA,LIMA,COMAS,IDENTIFICADO,HABILITADO,CARGA,CARGA Y/O MERCANCÍAS,NO SE CONOCE,SI,VIGENTE,SOAT,RIMAC,SI,VIGENTE,REMOLCADOR-SEMIREMOLQUE,CHOQUE,01/02/2021,2021,FEBRERO,LUNES,7,NO CORRESPONDE,AVENIDA
A-2021-02-251,V-2021-02-251-2,LIMA,LIMA,COMAS,IDENTIFICADO,HABILITADO,PARTICULAR,PERSONAS,NO SE CONOCE,NO ESPECIFICA,VIGENTE,,,NO ESPECIFICA,NO REGISTRA,MOTOCICLETA,CHOQUE,01/02/2021,2021,FEBRERO,LUNES,7,NO CORRESPONDE,AVENIDA
A-2021-02-124,V-2021-02-124-1,LIMA,LIMA,SAN JUAN DE LURIGANCHO,IDENTIFICADO,HABILITADO,CARGA,,,,VENCIDO,,RIMAC,,NO REGISTRA,AUTOMÓVIL,CHOQUE,08/02/2021,2021,FEBRERO,LUNES,11,NO CORRESPONDE,AVENIDA
A-2021-02-124,V-2021-02-124-2,LIMA,LIMA,SAN JUAN DE LURIGANCHO,IDENTIFICADO,NO HABILITADO,CARGA,,,,VENCIDO,,NO APLICA,,NO APLICA,TRIMOTO CARGA,CHOQUE,08/02/2021,2021,FEBRERO,LUNES,11,NO CORRESPONDE,AVENIDA
A-2021-02-127,V-2021-02-127-1,LIMA,LIMA,EL AGUSTINO,IDENTIFICADO,NO CORRESPONDE,CARGA,CARGA Y/O MERCANCÍAS,DISTRITAL,,VIGENTE,SOAT,INTERSEGURO,,NO REGISTRA,REMOLCADOR,ATROPELLO,08/02/2021,2021,FEBRERO,LUNES,15,NO CORRESPONDE,AVENIDA
A-2021-02-249,V-2021-02-249-1,LIMA,LIMA,SAN JUAN DE MIRAFLORES,IDENTIFICADO,HABILITADO,CARGA,CARGA Y/O MERCANCÍAS,DISTRITAL,SI,VIGENTE,SOAT,INTERSEGURO,SI,VIGENTE,CAMIÓN,ATROPELLO,09/02/2021,2021,FEBRERO,MARTES,20,PE-1S,CARRETERA
A-2021-02-250,V-2021-02-250-1,LIMA,LIMA,LA VICTORIA,IDENTIFICADO,HABILITADO,PARTICULAR,PERSONAS,NO SE CONOCE,SI,VIGENTE,SOAT,LA POSITIVA,SI,VIGENTE,MOTOCICLETA,DESPISTE,09/02/2021,2021,FEBRERO,MARTES,21,NO CORRESPONDE,AVENIDA
A-2021-02-254,V-2021-02-254-1,LIMA,LIMA,SURQUILLO,IDENTIFICADO,HABILITADO,PUBLICO URBANO,PERSONAS,NO SE CONOCE,SI,VIGENTE,SOAT,INTERSEGURO,SI,VIGENTE,AUTOMÓVIL,CHOQUE,10/02/2021,2021,FEBRERO,MIÉRCOLES,13,NO CORRESPONDE,AVENIDA
A-2021-02-254,V-2021-02-254-2,LIMA,LIMA,SURQUILLO,IDENTIFICADO,HABILITADO,PARTICULAR,PERSONAS,NO SE CONOCE,SI,VIGENTE,SOAT,LA POSITIVA,NO,NO REGISTRA,MOTOCICLETA,CHOQUE,10/02/2021,2021,FEBRERO,MIÉRCOLES,13,NO CORRESPONDE,AVENIDA
A-2021-02-252,V-2021-02-252-1,LIMA,LIMA,LURIN,IDENTIFICADO,HABILITADO,PARTICULAR,PERSONAS,NO SE CONOCE,SI,VIGENTE,SOAT,LA POSITIVA,SI,VIGENTE,AUTOMÓVIL,DESPISTE,10/02/2021,2021,FEBRERO,MIÉRCOLES,15,PE-1S,CARRETERA
A-2021-02-252,V-2021-02-252-2,LIMA,LIMA,LURIN,IDENTIFICADO,NO CORRESPONDE,PARTICULAR,PERSONAS,NO SE CONOCE,NO CORRESPONDE,VIGENTE,,,NO CORRESPONDE,NO APLICA,BICICLETA,DESPISTE,10/02/2021,2021,FEBRERO,MIÉRCOLES,15,PE-1S,CARRETERA
A-2021-02-253,V-2021-02-253-1,LIMA,LIMA,SAN LUIS,IDENTIFICADO,NO CORRESPONDE,PARTICULAR,PERSONAS,NO SE CONOCE,NO CORRESPONDE,NO APLICA,,,NO CORRESPONDE,NO APLICA,BICICLETA,ATROPELLO,10/02/2021,2021,FEBRERO,MIÉRCOLES,16,NO CORRESPONDE,AVENIDA
A-2021-02-255,V-2021-02-255-1,LIMA,LIMA,SAN MARTIN DE PORRES,IDENTIFICADO,HABILITADO,PARTICULAR,PERSONAS,NO SE CONOCE,SI,VIGENTE,SOAT,INTERSEGURO,SI,VIGENTE,AUTOMÓVIL,ATROPELLO,12/02/2021,2021,FEBRERO,VIERNES,7,PE-20F,CARRETERA
A-2021-02-244,V-2021-02-244-1,CALLAO,CALLAO,CALLAO,IDENTIFICADO,NO CORRESPONDE,PUBLICO URBANO,PERSONAS,PROVINCIAL,SI,VENCIDO,SOAT,RIMAC,NO ESPECIFICA,NO REGISTRA,CAMIONETA RURAL,CHOQUE,12/02/2021,2021,FEBRERO,VIERNES,11,NO CORRESPONDE,AVENIDA
A-2021-02-244,V-2021-02-244-2,CALLAO,CALLAO,CALLAO,IDENTIFICADO,NO CORRESPONDE,PARTICULAR,PERSONAS,NO SE CONOCE,NO CORRESPONDE,VENCIDO,,NO APLICA,NO CORRESPONDE,NO APLICA,BICICLETA,CHOQUE,12/02/2021,2021,FEBRERO,VIERNES,11,NO CORRESPONDE,AVENIDA
A-2021-02-258,V-2021-02-258-1,LIMA,LIMA,EL AGUSTINO,IDENTIFICADO,HABILITADO,CARGA,CARGA Y/O MERCANCÍAS,NO SE CONOCE,SI,VIGENTE,SOAT,INTERSEGURO,SI,VIGENTE,CAMIÓN,ATROPELLO,13/02/2021,2021,FEBRERO,SÁBADO,8,PE-1N,CARRETERA
A-2021-02-256,V-2021-02-256-1,LIMA,LIMA,VILLA EL SALVADOR,IDENTIFICADO,HABILITADO,PARTICULAR,PERSONAS,NO SE CONOCE,SI,VENCIDO,SOAT,RIMAC,SI,VENCIDO,AUTOMÓVIL,CHOQUE,13/02/2021,2021,FEBRERO,SÁBADO,17,NO CORRESPONDE,AVENIDA
A-2021-02-256,V-2021-02-256-2,LIMA,LIMA,VILLA EL SALVADOR,IDENTIFICADO,HABILITADO,SERVICIO ESPECIAL DE PASAJEROS,PERSONAS,DISTRITAL,NO CORRESPONDE,VENCIDO,,,NO CORRESPONDE,NO APLICA,TRIMOTO PASAJERO,CHOQUE,13/02/2021,2021,FEBRERO,SÁBADO,17,NO CORRESPONDE,AVENIDA
A-2021-02-259,V-2021-02-259-1,LIMA,LIMA,MIRAFLORES,IDENTIFICADO,HABILITADO,PARTICULAR,PERSONAS,NO SE CONOCE,SI,VIGENTE,SOAT,CRECER SEGUROS,SI,VIGENTE,MOTOCICLETA,VOLCADURA,13/02/2021,2021,FEBRERO,SÁBADO,18,NO CORRESPONDE,CALLE
A-2021-02-257,V-2021-02-257-1,LIMA,LIMA,CARABAYLLO,IDENTIFICADO,HABILITADO,PUBLICO URBANO,PERSONAS,NO SE CONOCE,SI,VIGENTE,SOAT,LA POSITIVA,SI,VIGENTE,ÓMNIBUS,ATROPELLO FUGA,13/02/2021,2021,FEBRERO,SÁBADO,20,NO CORRESPONDE,AVENIDA
A-2021-02-261,V-2021-02-261-1,LIMA,LIMA,LIMA,IDENTIFICADO,HABILITADO,PARTICULAR,,,SI,VIGENTE,SOAT,INTERSEGURO,SI,VIGENTE,AUTOMÓVIL,CHOQUE,16/02/2021,2021,FEBRERO,MARTES,8,NO CORRESPONDE,AVENIDA
A-2021-02-261,V-2021-02-261-2,LIMA,LIMA,LIMA,IDENTIFICADO,NO CORRESPONDE,PARTICULAR,,,NO CORRESPONDE,VIGENTE,,,NO CORRESPONDE,NO APLICA,BICICLETA,CHOQUE,16/02/2021,2021,FEBRERO,MARTES,8,NO CORRESPONDE,AVENIDA
A-2021-02-260,V-2021-02-260-1,LIMA,LIMA,LINCE,IDENTIFICADO,HABILITADO,PUBLICO URBANO,,,SI,VENCIDO,SOAT,LA POSITIVA,NO ESPECIFICA,NO REGISTRA,ÓMNIBUS,CHOQUE,16/02/2021,2021,FEBRERO,MARTES,18,NO CORRESPONDE,AVENIDA
A-2021-02-260,V-2021-02-260-2,LIMA,LIMA,LINCE,IDENTIFICADO,NO CORRESPONDE,PARTICULAR,,,NO CORRESPONDE,VENCIDO,,,NO CORRESPONDE,NO APLICA,BICICLETA,CHOQUE,16/02/2021,2021,FEBRERO,MARTES,18,NO CORRESPONDE,AVENIDA
A-2021-02-262,V-2021-02-262-1,LIMA,LIMA,RIMAC,IDENTIFICADO,HABILITADO,CARGA,,,SI,VENCIDO,SOAT,INTERSEGURO,SI,VIGENTE,REMOLCADOR,ATROPELLO,17/02/2021,2021,FEBRERO,MIÉRCOLES,11,NO CORRESPONDE,AVENIDA
A-2021-02-264,V-2021-02-264-1,LIMA,LIMA,VILLA MARIA DEL TRIUNFO,IDENTIFICADO,HABILITADO,CARGA,,,SI,VENCIDO,SOAT,PACIFICO,SI,VENCIDO,REMOLCADOR,CHOQUE CON OBJETO FIJO,18/02/2021,2021,FEBRERO,JUEVES,15,NO CORRESPONDE,CALLE
A-2021-02-263,V-2021-02-263-1,LIMA,LIMA,RIMAC,FUGADO,NO CORRESPONDE,NO CORRESPONDE,,,NO CORRESPONDE,NO APLICA,,,NO CORRESPONDE,NO APLICA,VEHICULO NO IDENTIFICADO,ATROPELLO FUGA,18/02/2021,2021,FEBRERO,JUEVES,18,PE-1N,CARRETERA
A-2021-02-235,V-2021-02-235-1,CALLAO,CALLAO,CALLAO,IDENTIFICADO,HABILITADO,CARGA,CARGA Y/O MERCANCÍAS,PROVINCIAL,,VIGENTE,,LA POSITIVA,,NO REGISTRA,REMOLCADOR-SEMIREMOLQUE,CHOQUE,19/02/2021,2021,FEBRERO,VIERNES,8,PE-20,CARRETERA
A-2021-02-235,V-2021-02-235-2,CALLAO,CALLAO,CALLAO,IDENTIFICADO,NO CORRESPONDE,PARTICULAR,PERSONAS,NO SE CONOCE,,VIGENTE,,LA POSITIVA,,NO REGISTRA,MOTOCICLETA,CHOQUE,19/02/2021,2021,FEBRERO,VIERNES,8,PE-20,CARRETERA
A-2021-02-265,V-2021-02-265-1,LIMA,LIMA,LIMA,IDENTIFICADO,HABILITADO,PUBLICO URBANO,PERSONAS,NO SE CONOCE,SI,VENCIDO,SOAT,LA POSITIVA,SI,VIGENTE,MINIBUS,ATROPELLO,19/02/2021,2021,FEBRERO,VIERNES,20,NO CORRESPONDE,AVENIDA
A-2021-02-237,V-2021-02-237-1,LIMA,LIMA,MAGDALENA DEL MAR,IDENTIFICADO,HABILITADO,PARTICULAR,PERSONAS,NO SE CONOCE,,VIGENTE,,LA POSITIVA,,NO REGISTRA,MOTOCICLETA,CHOQUE CON OBJETO FIJO,21/02/2021,2021,FEBRERO,DOMINGO,21,NO CORRESPONDE,OTRO
A-2021-02-266,V-2021-02-266-1,LIMA,LIMA,INDEPENDENCIA,IDENTIFICADO,HABILITADO,PUBLICO URBANO,PERSONAS,NO SE CONOCE,SI,VIGENTE,SOAT,LA POSITIVA,NO ESPECIFICA,NO REGISTRA,ÓMNIBUS,VOLCADURA,22/02/2021,2021,FEBRERO,LUNES,7,PE-1N,CARRETERA
A-2021-02-236,V-2021-02-236-1,CALLAO,CALLAO,CALLAO,IDENTIFICADO,NO CORRESPONDE,PARTICULAR,PERSONAS,NO SE CONOCE,,VIGENTE,,LA POSITIVA,,NO REGISTRA,MOTOCICLETA,DESPISTE,23/02/2021,2021,FEBRERO,MARTES,17,PE-20I,CARRETERA
A-2021-02-267,V-2021-02-267-1,LIMA,LIMA,SANTA ANITA,FUGADO,NO CORRESPONDE,NO CORRESPONDE,,,NO CORRESPONDE,NO APLICA,,,NO CORRESPONDE,NO APLICA,VEHICULO NO IDENTIFICADO,ATROPELLO FUGA,23/02/2021,2021,FEBRERO,MARTES,21,PE-1N,CARRETERA
A-2021-02-268,V-2021-02-268-1,LIMA,LIMA,RIMAC,IDENTIFICADO,NO CORRESPONDE,PARTICULAR,,,SI,VIGENTE,SOAT,MAPFRE,NO,NO REGISTRA,AUTOMÓVIL,CHOQUE,24/02/2021,2021,FEBRERO,MIÉRCOLES,8,NO CORRESPONDE,AVENIDA
A-2021-02-268,V-2021-02-268-2,LIMA,LIMA,RIMAC,IDENTIFICADO,NO CORRESPONDE,PARTICULAR,,,SI,VIGENTE,SOAT,CRECER SEGUROS,NO,NO REGISTRA,MOTOCICLETA,CHOQUE,24/02/2021,2021,FEBRERO,MIÉRCOLES,8,NO CORRESPONDE,AVENIDA
A-2021-02-269,V-2021-02-269-1,LIMA,LIMA,SAN JUAN DE MIRAFLORES,IDENTIFICADO,NO CORRESPONDE,PARTICULAR,,,NO CORRESPONDE,NO APLICA,,,NO CORRESPONDE,NO APLICA,BICICLETA,ATROPELLO,26/02/2021,2021,FEBRERO,VIERNES,7,NO CORRESPONDE,AVENIDA
A-2021-02-270,V-2021-02-270-1,LIMA,LIMA,EL AGUSTINO,IDENTIFICADO,HABILITADO,PUBLICO URBANO,,,SI,VIGENTE,SOAT,LA POSITIVA,SI,VIGENTE,ÓMNIBUS,ATROPELLO,27/02/2021,2021,FEBRERO,SÁBADO,12,PE-1N,CARRETERA
A-2021-02-271,V-2021-02-271-1,LIMA,LIMA,CARABAYLLO,IDENTIFICADO,HABILITADO,SERVICIO ESPECIAL DE PASAJEROS,,,NO ESPECIFICA,NO REGISTRA,,,NO,NO REGISTRA,TRIMOTO PASAJERO,DESPISTE,27/02/2021,2021,FEBRERO,SÁBADO,22,NO CORRESPONDE,JIRÓN
A-2021-03-69,V-2021-03-69-1,LIMA,LIMA,INDEPENDENCIA,IDENTIFICADO,HABILITADO,PUBLICO URBANO,PERSONAS,NO SE CONOCE,,VIGENTE,,RIMAC,,VIGENTE,MINIBUS,CAÍDA DE PASAJERO,01/03/2021,2021,MARZO,LUNES,8,NO CORRESPONDE,AVENIDA
A-2021-03-170,V-2021-03-170-1,LIMA,LIMA,SAN JUAN DE LURIGANCHO,IDENTIFICADO,NO HABILITADO,PARTICULAR,,,,VENCIDO,,RIMAC,,VIGENTE,CAMIONETA RURAL,ATROPELLO,03/03/2021,2021,MARZO,MIÉRCOLES,18,SIN CLASIFICAR,CARRETERA
A-2021-03-171,V-2021-03-171-1,LIMA,LIMA,SAN JUAN DE LURIGANCHO,IDENTIFICADO,NO CORRESPONDE,OTRO,PERSONAS,NO SE CONOCE,,VIGENTE,,LA POSITIVA,,NO REGISTRA,MOTOCICLETA,VOLCADURA,04/03/2021,2021,MARZO,JUEVES,20,NO CORRESPONDE,AVENIDA
A-2021-03-175,V-2021-03-175-1,LIMA,LIMA,SAN MARTIN DE PORRES,IDENTIFICADO,NO CORRESPONDE,PARTICULAR,PERSONAS,NO SE CONOCE,,VIGENTE,,LA POSITIVA,,NO REGISTRA,MOTOCICLETA,DESPISTE,05/03/2021,2021,MARZO,VIERNES,0,NO CORRESPONDE,AVENIDA
A-2021-03-352,V-2021-03-352-1,LIMA,LIMA,LIMA,IDENTIFICADO,HABILITADO,CARGA,,,SI,VIGENTE,SOAT,MAPFRE,SI,VIGENTE,CAMIÓN,ATROPELLO,05/03/2021,2021,MARZO,VIERNES,19,NO CORRESPONDE,JIRÓN
A-2021-03-201,V-2021-03-201-1,LIMA,LIMA,SAN JUAN DE MIRAFLORES,IDENTIFICADO,NO CORRESPONDE,PARTICULAR,,,,NO REGISTRA,,,,NO REGISTRA,AUTOMÓVIL,ATROPELLO,05/03/2021,2021,MARZO,VIERNES,21,PE-1S,CARRETERA
A-2021-03-202,V-2021-03-202-1,LIMA,LIMA,COMAS,IDENTIFICADO,NO HABILITADO,PARTICULAR,PERSONAS,NO SE CONOCE,,VIGENTE,,PACIFICO,,NO REGISTRA,AUTOMÓVIL,ATROPELLO,06/03/2021,2021,MARZO,SÁBADO,3,PE-1N,CARRETERA
A-2021-03-349,V-2021-03-349-1,LIMA,LIMA,SANTA ROSA,IDENTIFICADO,NO CORRESPONDE,PARTICULAR,,,,VIGENTE,,RIMAC,,NO REGISTRA,AUTOMÓVIL,CHOQUE CON OBJETO FIJO,07/03/2021,2021,MARZO,DOMINGO,12,PE-1N,CARRETERA
A-2021-03-218,V-2021-03-218-1,LIMA,LIMA,PUENTE PIEDRA,IDENTIFICADO,NO HABILITADO,OTRO,CARGA Y/O MERCANCÍAS,DISTRITAL,,NO APLICA,,NO APLICA,,NO APLICA,TRICICLO NO MOTORIZADO,CHOQUE CON OBJETO FIJO,11/03/2021,2021,MARZO,JUEVES,17,PE-1N,CARRETERA
A-2021-03-221,V-2021-03-221-1,LIMA,LIMA,PUEBLO LIBRE,IDENTIFICADO,NO CORRESPONDE,PUBLICO URBANO,PERSONAS,NO SE CONOCE,,NO REGISTRA,,,,VIGENTE,ÓMNIBUS,ATROPELLO,12/03/2021,2021,MARZO,VIERNES,16,NO CORRESPONDE,AVENIDA
A-2021-03-346,V-2021-03-346-1,LIMA,LIMA,COMAS,FUGADO,,,,,,NO APLICA,,NO APLICA,,NO APLICA,VEHICULO NO IDENTIFICADO,ATROPELLO FUGA,14/03/2021,2021,MARZO,DOMINGO,3,PE-1N,CARRETERA
A-2021-03-228,V-2021-03-228-1,LIMA,LIMA,INDEPENDENCIA,FUGADO,,,PERSONAS,NO SE CONOCE,,NO APLICA,,NO APLICA,,NO APLICA,VEHICULO NO IDENTIFICADO,ATROPELLO FUGA,16/03/2021,2021,MARZO,MARTES,16,NO CORRESPONDE,AVENIDA
A-2021-03-311,V-2021-03-311-1,CALLAO,CALLAO,CALLAO,IDENTIFICADO,NO CORRESPONDE,PARTICULAR,PERSONAS,NO SE CONOCE,,VIGENTE,,LA POSITIVA,,NO REGISTRA,MOTOCICLETA,ATROPELLO,16/03/2021,2021,MARZO,MARTES,17,NO CORRESPONDE,AVENIDA
A-2021-03-230,V-2021-03-230-1,LIMA,LIMA,SAN MARTIN DE PORRES,IDENTIFICADO,NO HABILITADO,PARTICULAR,,,,VIGENTE,,LA POSITIVA,,VIGENTE,CAMIONETA RURAL,ATROPELLO,17/03/2021,2021,MARZO,MIÉRCOLES,10,NO CORRESPONDE,AVENIDA
A-2021-03-233,V-2021-03-233-1,LIMA,LIMA,PUNTA NEGRA,IDENTIFICADO,NO HABILITADO,PARTICULAR,PERSONAS,NO SE CONOCE,,NO APLICA,,NO APLICA,,NO APLICA,BICICLETA,VOLCADURA,17/03/2021,2021,MARZO,MIÉRCOLES,17,NO CORRESPONDE,AVENIDA
A-2021-03-236,V-2021-03-236-1,LIMA,LIMA,SANTIAGO DE SURCO,IDENTIFICADO,NO HABILITADO,PARTICULAR,,,,VIGENTE,SOAT,INTERSEGURO,,VIGENTE,CAMIÓN,DESPISTE,19/03/2021,2021,MARZO,VIERNES,8,NO CORRESPONDE,AVENIDA
A-2021-03-237,V-2021-03-237-1,LIMA,LIMA,SAN MARTIN DE PORRES,IDENTIFICADO,NO HABILITADO,PARTICULAR,,,,NO REGISTRA,,,,NO REGISTRA,CAMIÓN,ATROPELLO,20/03/2021,2021,MARZO,SÁBADO,7,NO CORRESPONDE,AVENIDA
A-2021-03-238,V-2021-03-238-1,LIMA,LIMA,EL AGUSTINO,IDENTIFICADO,NO CORRESPONDE,PARTICULAR,,,,VIGENTE,SOAT,INTERSEGURO,,VIGENTE,REMOLCADOR-SEMIREMOLQUE,CHOQUE,20/03/2021,2021,MARZO,SÁBADO,14,PE-1N,CARRETERA
A-2021-03-238,V-2021-03-238-2,LIMA,LIMA,EL AGUSTINO,IDENTIFICADO,NO CORRESPONDE,PARTICULAR,,,,VIGENTE,,LA POSITIVA,,NO REGISTRA,MOTOCICLETA,CHOQUE,20/03/2021,2021,MARZO,SÁBADO,14,PE-1N,CARRETERA
A-2021-03-326,V-2021-03-326-1,LIMA,LIMA,INDEPENDENCIA,IDENTIFICADO,NO HABILITADO,PARTICULAR,PERSONAS,NO SE CONOCE,,VIGENTE,,RIMAC,,NO REGISTRA,AUTOMÓVIL,DESPISTE,21/03/2021,2021,MARZO,DOMINGO,12,NO CORRESPONDE,PASAJE
A-2021-03-240,V-2021-03-240-1,LIMA,LIMA,SAN MARTIN DE PORRES,IDENTIFICADO,NO CORRESPONDE,PARTICULAR,,,,NO REGISTRA,,,,NO REGISTRA,TRIMOTO PASAJERO,ATROPELLO,21/03/2021,2021,MARZO,DOMINGO,20,NO CORRESPONDE,AVENIDA
A-2021-03-243,V-2021-03-243-1,LIMA,LIMA,LA MOLINA,IDENTIFICADO,NO CORRESPONDE,PARTICULAR,,,,VIGENTE,,PACIFICO,,VIGENTE,CAMIONETA PICK UP,CHOQUE,24/03/2021,2021,MARZO,MIÉRCOLES,9,NO CORRESPONDE,AVENIDA
A-2021-03-243,V-2021-03-243-2,LIMA,LIMA,LA MOLINA,IDENTIFICADO,NO CORRESPONDE,PARTICULAR,,,,VIGENTE,SOAT,CRECER SEGUROS,,NO REGISTRA,MOTOCICLETA,CHOQUE,24/03/2021,2021,MARZO,MIÉRCOLES,9,NO CORRESPONDE,AVENIDA
A-2021-03-353,V-2021-03-353-1,LIMA,LIMA,LURIGANCHO,IDENTIFICADO,HABILITADO,CARGA,,,SI,VIGENTE,SOAT,RIMAC,SI,VIGENTE,REMOLCADOR-SEMIREMOLQUE,ATROPELLO,24/03/2021,2021,MARZO,MIÉRCOLES,14,NO CORRESPONDE,AVENIDA
A-2021-03-354,V-2021-03-354-1,LIMA,LIMA,COMAS,IDENTIFICADO,NO CORRESPONDE,PARTICULAR,,,SI,VIGENTE,SOAT,RIMAC,SI,VIGENTE,AUTOMÓVIL,DESPISTE,26/03/2021,2021,MARZO,VIERNES,3,NO CORRESPONDE,AVENIDA
A-2021-03-355,V-2021-03-355-1,LIMA,LIMA,VILLA MARIA DEL TRIUNFO,IDENTIFICADO,HABILITADO,PUBLICO URBANO,,,SI,VIGENTE,SOAT,RIMAC,SI,VIGENTE,ÓMNIBUS,CHOQUE,26/03/2021,2021,MARZO,VIERNES,22,NO CORRESPONDE,AVENIDA
A-2021-03-355,V-2021-03-355-2,LIMA,LIMA,VILLA MARIA DEL TRIUNFO,IDENTIFICADO,NO CORRESPONDE,PARTICULAR,,,SI,VIGENTE,SOAT,LA POSITIVA,NO,NO REGISTRA,MOTOCICLETA,CHOQUE,26/03/2021,2021,MARZO,VIERNES,22,NO CORRESPONDE,AVENIDA
A-2021-03-356,V-2021-03-356-1,LIMA,LIMA,VILLA EL SALVADOR,IDENTIFICADO,NO CORRESPONDE,PARTICULAR,PERSONAS,NO SE CONOCE,SI,VIGENTE,SOAT,INTERSEGURO,SI,VENCIDO,AUTOMÓVIL,CHOQUE,27/03/2021,2021,MARZO,SÁBADO,17,PE-1S,CARRETERA
A-2021-03-356,V-2021-03-356-2,LIMA,LIMA,VILLA EL SALVADOR,IDENTIFICADO,HABILITADO,CARGA,CARGA Y/O MERCANCÍAS,NACIONAL,SI,VIGENTE,SOAT,INTERSEGURO,SI,VIGENTE,CAMIONETA PICK UP,CHOQUE,27/03/2021,2021,MARZO,SÁBADO,17,PE-1S,CARRETERA
A-2021-03-297,V-2021-03-297-1,CALLAO,CALLAO,LA PERLA,IDENTIFICADO,NO CORRESPONDE,PARTICULAR,PERSONAS,NO SE CONOCE,,VIGENTE,,LA POSITIVA,,NO REGISTRA,MOTOCICLETA,DESPISTE,27/03/2021,2021,MARZO,SÁBADO,23,NO CORRESPONDE,AVENIDA
A-2021-03-357,V-2021-03-357-1,LIMA,LIMA,VILLA EL SALVADOR,IDENTIFICADO,NO CORRESPONDE,PARTICULAR,PERSONAS,NO SE CONOCE,SI,VIGENTE,SOAT,LA POSITIVA,NO,NO REGISTRA,MOTOCICLETA,CHOQUE,29/03/2021,2021,MARZO,LUNES,5,NO CORRESPONDE,AVENIDA
A-2021-03-357,V-2021-03-357-2,LIMA,LIMA,VILLA EL SALVADOR,IDENTIFICADO,HABILITADO,TAXI,PERSONAS,DISTRITAL,SI,VIGENTE,SOAT,LA POSITIVA,NO,NO REGISTRA,STATION WAGON,CHOQUE,29/03/2021,2021,MARZO,LUNES,5,NO CORRESPONDE,AVENIDA
A-2021-03-358,V-2021-03-358-1,LIMA,LIMA,CHORRILLOS,IDENTIFICADO,HABILITADO,PUBLICO URBANO,PERSONAS,DISTRITAL,SI,VIGENTE,SOAT,MAPFRE,NO,NO REGISTRA,ÓMNIBUS,CHOQUE,29/03/2021,2021,MARZO,LUNES,7,NO CORRESPONDE,AVENIDA
A-2021-03-358,V-2021-03-358-2,LIMA,LIMA,CHORRILLOS,IDENTIFICADO,HABILITADO,TAXI,PERSONAS,DISTRITAL,SI,VIGENTE,SOAT,RIMAC,SI,VIGENTE,AUTOMÓVIL,CHOQUE,29/03/2021,2021,MARZO,LUNES,7,NO CORRESPONDE,AVENIDA
A-2021-03-359,V-2021-03-359-1,LIMA,LIMA,SAN JUAN DE LURIGANCHO,IDENTIFICADO,NO CORRESPONDE,PARTICULAR,PERSONAS,NO SE CONOCE,SI,VENCIDO,SOAT,LA POSITIVA,NO,NO REGISTRA,MOTOCICLETA,ATROPELLO,29/03/2021,2021,MARZO,LUNES,19,NO CORRESPONDE,AVENIDA
A-2021-03-360,V-2021-03-360-1,LIMA,LIMA,COMAS,IDENTIFICADO,NO HABILITADO,SERVICIO ESPECIAL DE PASAJEROS,PERSONAS,DISTRITAL,NO,NO REGISTRA,,,NO,NO REGISTRA,TRIMOTO PASAJERO,DESPISTE,29/03/2021,2021,MARZO,LUNES,20,NO CORRESPONDE,JIRÓN
A-2021-03-361,V-2021-03-361-1,LIMA,LIMA,SAN ISIDRO,IDENTIFICADO,HABILITADO,PUBLICO URBANO,,,SI,VIGENTE,SOAT,LA POSITIVA,SI,VIGENTE,ÓMNIBUS,ATROPELLO,31/03/2021,2021,MARZO,MIÉRCOLES,15,NO CORRESPONDE,AVENIDA
A-2021-03-299,V-2021-03-299-1,LIMA,LIMA,LURIN,IDENTIFICADO,NO CORRESPONDE,PARTICULAR,,,,VIGENTE,,LA POSITIVA,,NO REGISTRA,AUTOMÓVIL,ATROPELLO,31/03/2021,2021,MARZO,MIÉRCOLES,21,NO CORRESPONDE,AVENIDA
A-2021-04-6,V-2021-04-6-1,CALLAO,CALLAO,VENTANILLA,IDENTIFICADO,NO CORRESPONDE,PARTICULAR,PERSONAS,NO SE CONOCE,,VIGENTE,,RIMAC,,VIGENTE,AUTOMÓVIL,DESPISTE,01/04/2021,2021,ABRIL,JUEVES,21,NO CORRESPONDE,AVENIDA
A-2021-04-219,V-2021-04-219-1,LIMA,LIMA,SAN MARTIN DE PORRES,IDENTIFICADO,NO CORRESPONDE,PARTICULAR,PERSONAS,NO SE CONOCE,,VENCIDO,,RIMAC,,VIGENTE,AUTOMÓVIL,ATROPELLO,03/04/2021,2021,ABRIL,SÁBADO,10,NO CORRESPONDE,AVENIDA
A-2021-04-220,V-2021-04-220-1,LIMA,LIMA,EL AGUSTINO,IDENTIFICADO,NO HABILITADO,PARTICULAR,,,,VIGENTE,,PACIFICO,,VIGENTE,CAMIÓN,CHOQUE,06/04/2021,2021,ABRIL,MARTES,10,NO CORRESPONDE,AVENIDA
A-2021-04-220,V-2021-04-220-2,LIMA,LIMA,EL AGUSTINO,IDENTIFICADO,NO CORRESPONDE,REGULAR(INTERPROVINCIAL),PERSONAS,PROVINCIAL,,VIGENTE,,LA POSITIVA,,VIGENTE,ÓMNIBUS,CHOQUE,06/04/2021,2021,ABRIL,MARTES,10,NO CORRESPONDE,AVENIDA
A-2021-04-220,V-2021-04-220-3,LIMA,LIMA,EL AGUSTINO,IDENTIFICADO,NO HABILITADO,PARTICULAR,PERSONAS,NO SE CONOCE,,VIGENTE,,NO APLICA,,NO APLICA,TRICICLO NO MOTORIZADO,CHOQUE,06/04/2021,2021,ABRIL,MARTES,10,NO CORRESPONDE,AVENIDA
A-2021-04-221,V-2021-04-221-1,LIMA,LIMA,RIMAC,IDENTIFICADO,NO HABILITADO,PUBLICO URBANO,PERSONAS,DISTRITAL,,VIGENTE,,LA POSITIVA,,VIGENTE,ÓMNIBUS,ATROPELLO,07/04/2021,2021,ABRIL,MIÉRCOLES,17,NO CORRESPONDE,AVENIDA
A-2021-04-222,V-2021-04-222-1,LIMA,LIMA,LIMA,FUGADO,,,,,,NO APLICA,,NO APLICA,,NO APLICA,VEHICULO NO IDENTIFICADO,ATROPELLO FUGA,07/04/2021,2021,ABRIL,MIÉRCOLES,18,NO CORRESPONDE,AVENIDA
A-2021-04-232,V-2021-04-232-1,LIMA,LIMA,EL AGUSTINO,IDENTIFICADO,NO HABILITADO,PARTICULAR,,,,VIGENTE,,LA POSITIVA,,VIGENTE,CAMIÓN,ATROPELLO,07/04/2021,2021,ABRIL,MIÉRCOLES,18,NO CORRESPONDE,JIRÓN
A-2021-04-231,V-2021-04-231-1,LIMA,LIMA,PUENTE PIEDRA,IDENTIFICADO,NO HABILITADO,CARGA,,,,VIGENTE,,MAPFRE,,VIGENTE,REMOLCADOR-SEMIREMOLQUE,ATROPELLO,07/04/2021,2021,ABRIL,MIÉRCOLES,21,PE-1N,CARRETERA
A-2021-04-234,V-2021-04-234-1,LIMA,LIMA,SAN MARTIN DE PORRES,IDENTIFICADO,NO HABILITADO,PARTICULAR,,,,VENCIDO,SOAT,INTERSEGURO,,NO REGISTRA,AUTOMÓVIL,DESPISTE,09/04/2021,2021,ABRIL,VIERNES,8,PE-1N,CARRETERA
A-2021-04-233,V-2021-04-233-1,LIMA,LIMA,SAN JUAN DE LURIGANCHO,FUGADO,,,,,,NO APLICA,,NO APLICA,,NO APLICA,VEHICULO NO IDENTIFICADO,ATROPELLO FUGA,09/04/2021,2021,ABRIL,VIERNES,20,NO CORRESPONDE,AVENIDA
A-2021-04-235,V-2021-04-235-1,LIMA,LIMA,COMAS,IDENTIFICADO,NO CORRESPONDE,PARTICULAR,,,,VIGENTE,,RIMAC,,NO REGISTRA,MOTOCICLETA,ATROPELLO,10/04/2021,2021,ABRIL,SÁBADO,8,NO CORRESPONDE,AVENIDA
A-2021-04-239,V-2021-04-239-1,LIMA,LIMA,LIMA,IDENTIFICADO,NO CORRESPONDE,PARTICULAR,,,NO CORRESPONDE,NO APLICA,OTRO,,NO CORRESPONDE,NO APLICA,ÓMNIBUS,DESPISTE,10/04/2021,2021,ABRIL,SÁBADO,14,NO CORRESPONDE,AVENIDA
A-2021-04-239,V-2021-04-239-2,LIMA,LIMA,LIMA,IDENTIFICADO,NO HABILITADO,PARTICULAR,,,,NO APLICA,,LA POSITIVA,,VIGENTE,STATION WAGON,DESPISTE,10/04/2021,2021,ABRIL,SÁBADO,14,NO CORRESPONDE,AVENIDA
A-2021-04-239,V-2021-04-239-3,LIMA,LIMA,LIMA,IDENTIFICADO,NO CORRESPONDE,PARTICULAR,,,,NO APLICA,,LA POSITIVA,,NO REGISTRA,MOTOCICLETA,DESPISTE,10/04/2021,2021,ABRIL,SÁBADO,14,NO CORRESPONDE,AVENIDA
A-2021-04-239,V-2021-04-239-4,LIMA,LIMA,LIMA,IDENTIFICADO,NO HABILITADO,PARTICULAR,PERSONAS,NO SE CONOCE,,NO APLICA,,,,NO REGISTRA,BICICLETA,DESPISTE,10/04/2021,2021,ABRIL,SÁBADO,14,NO CORRESPONDE,AVENIDA
A-2021-04-39,V-2021-04-39-1,CALLAO,CALLAO,MI PERU,IDENTIFICADO,HABILITADO,PUBLICO URBANO,PERSONAS,DISTRITAL,,VIGENTE,,RIMAC,,VIGENTE,MINIBUS,CHOQUE,10/04/2021,2021,ABRIL,SÁBADO,22,NO CORRESPONDE,AVENIDA
A-2021-04-39,V-2021-04-39-2,CALLAO,CALLAO,MI PERU,IDENTIFICADO,HABILITADO,PARTICULAR,PERSONAS,NO SE CONOCE,,VIGENTE,,PACIFICO,,NO REGISTRA,CAMIONETA PICK UP,CHOQUE,10/04/2021,2021,ABRIL,SÁBADO,22,NO CORRESPONDE,AVENIDA
A-2021-04-39,V-2021-04-39-3,CALLAO,CALLAO,MI PERU,IDENTIFICADO,NO CORRESPONDE,PARTICULAR,,,,VIGENTE,,,,NO REGISTRA,MOTOCICLETA,CHOQUE,10/04/2021,2021,ABRIL,SÁBADO,22,NO CORRESPONDE,AVENIDA
A-2021-04-258,V-2021-04-258-1,LIMA,LIMA,LURIN,IDENTIFICADO,NO CORRESPONDE,PARTICULAR,,,,VIGENTE,,LA POSITIVA,,NO REGISTRA,MOTOCICLETA,CHOQUE,11/04/2021,2021,ABRIL,DOMINGO,4,PE-1S,CARRETERA
A-2021-04-258,V-2021-04-258-2,LIMA,LIMA,LURIN,FUGADO,,,,,,VIGENTE,,NO APLICA,,NO APLICA,VEHICULO NO IDENTIFICADO,CHOQUE,11/04/2021,2021,ABRIL,DOMINGO,4,PE-1S,CARRETERA
A-2021-04-240,V-2021-04-240-1,LIMA,LIMA,SAN JUAN DE LURIGANCHO,IDENTIFICADO,NO HABILITADO,PARTICULAR,PERSONAS,NO SE CONOCE,,VIGENTE,,RIMAC,,VIGENTE,ÓMNIBUS,ATROPELLO,11/04/2021,2021,ABRIL,DOMINGO,9,NO CORRESPONDE,CALLE
A-2021-04-241,V-2021-04-241-1,LIMA,LIMA,ATE,FUGADO,,,PERSONAS,NO SE CONOCE,,NO APLICA,,NO APLICA,,NO APLICA,VEHICULO NO IDENTIFICADO,ATROPELLO FUGA,13/04/2021,2021,ABRIL,MARTES,21,PE-22,CARRETERA
A-2021-04-242,V-2021-04-242-1,LIMA,LIMA,PUEBLO LIBRE,IDENTIFICADO,NO HABILITADO,PARTICULAR,PERSONAS,NO SE CONOCE,,VIGENTE,,LA POSITIVA,,VIGENTE,ÓMNIBUS,CHOQUE,14/04/2021,2021,ABRIL,MIÉRCOLES,17,NO CORRESPONDE,AVENIDA
A-2021-04-242,V-2021-04-242-2,LIMA,LIMA,PUEBLO LIBRE,IDENTIFICADO,NO HABILITADO,PARTICULAR,PERSONAS,NO SE CONOCE,,VIGENTE,,LA POSITIVA,,NO REGISTRA,MOTOCICLETA,CHOQUE,14/04/2021,2021,ABRIL,MIÉRCOLES,17,NO CORRESPONDE,AVENIDA
A-2021-04-243,V-2021-04-243-1,LIMA,LIMA,LURIGANCHO,IDENTIFICADO,NO HABILITADO,PARTICULAR,PERSONAS,NO SE CONOCE,,VIGENTE,,RIMAC,,VIGENTE,CAMIÓN,CHOQUE,15/04/2021,2021,ABRIL,JUEVES,13,NO CORRESPONDE,AVENIDA
A-2021-04-243,V-2021-04-243-2,LIMA,LIMA,LURIGANCHO,IDENTIFICADO,NO HABILITADO,PARTICULAR,PERSONAS,NO SE CONOCE,,VIGENTE,SOAT,INTERSEGURO,,NO REGISTRA,CAMIONETA RURAL,CHOQUE,15/04/2021,2021,ABRIL,JUEVES,13,NO CORRESPONDE,AVENIDA
A-2021-04-243,V-2021-04-243-3,LIMA,LIMA,LURIGANCHO,IDENTIFICADO,NO HABILITADO,PARTICULAR,,,,VIGENTE,,MAPFRE,,VIGENTE,CAMIÓN,CHOQUE,15/04/2021,2021,ABRIL,JUEVES,13,NO CORRESPONDE,AVENIDA
A-2021-04-244,V-2021-04-244-1,LIMA,LIMA,SAN LUIS,IDENTIFICADO,NO HABILITADO,PARTICULAR,,,,VIGENTE,,LA POSITIVA,,NO REGISTRA,MOTOCICLETA,ATROPELLO,16/04/2021,2021,ABRIL,VIERNES,7,NO CORRESPONDE,AVENIDA
A-2021-04-84,V-2021-04-84-1,CALLAO,CALLAO,CALLAO,IDENTIFICADO,NO CORRESPONDE,PARTICULAR,PERSONAS,NO SE CONOCE,,VIGENTE,,RIMAC,,NO REGISTRA,AUTOMÓVIL,CHOQUE,17/04/2021,2021,ABRIL,SÁBADO,4,NO CORRESPONDE,AVENIDA
A-2021-04-84,V-2021-04-84-2,CALLAO,CALLAO,CALLAO,IDENTIFICADO,NO HABILITADO,PUBLICO URBANO,,,,VIGENTE,,,,VIGENTE,CAMIONETA RURAL,CHOQUE,17/04/2021,2021,ABRIL,SÁBADO,4,NO CORRESPONDE,AVENIDA
A-2021-04-245,V-2021-04-245-1,LIMA,LIMA,SANTIAGO DE SURCO,IDENTIFICADO,NO HABILITADO,PARTICULAR,,,,VIGENTE,,PACIFICO,,VIGENTE,AUTOMÓVIL,ATROPELLO,19/04/2021,2021,ABRIL,LUNES,19,PE-1S,CARRETERA
A-2021-04-309,V-2021-04-309-1,CALLAO,CALLAO,CARMEN DE LA LEGUA REYNOSO,IDENTIFICADO,HABILITADO,CARGA,CARGA Y/O MERCANCÍAS,NO SE CONOCE,SI,VIGENTE,SOAT,MAPFRE,SI,VIGENTE,REMOLCADOR-SEMIREMOLQUE,ATROPELLO,21/04/2021,2021,ABRIL,MIÉRCOLES,8,NO CORRESPONDE,AVENIDA
A-2021-04-246,V-2021-04-246-1,LIMA,LIMA,SAN JUAN DE LURIGANCHO,IDENTIFICADO,NO CORRESPONDE,PARTICULAR,,,,VIGENTE,,LA POSITIVA,,VIGENTE,REMOLCADOR-SEMIREMOLQUE,ATROPELLO,21/04/2021,2021,ABRIL,MIÉRCOLES,10,NO CORRESPONDE,AVENIDA
A-2021-04-250,V-2021-04-250-1,LIMA,LIMA,SANTIAGO DE SURCO,IDENTIFICADO,NO CORRESPONDE,PARTICULAR,CARGA Y/O MERCANCÍAS,NO SE CONOCE,,VIGENTE,,MAPFRE,,NO REGISTRA,REMOLCADOR-SEMIREMOLQUE,ATROPELLO,22/04/2021,2021,ABRIL,JUEVES,22,PE-1S,CARRETERA
A-2021-04-140,V-2021-04-140-1,CALLAO,CALLAO,CALLAO,IDENTIFICADO,HABILITADO,CARGA,CARGA Y/O MERCANCÍAS,NO SE CONOCE,,VIGENTE,,PACIFICO,,NO REGISTRA,CAMIÓN,ATROPELLO,25/04/2021,2021,ABRIL,DOMINGO,2,PE-20,CARRETERA
A-2021-04-141,V-2021-04-141-1,CALLAO,CALLAO,CALLAO,IDENTIFICADO,NO CORRESPONDE,PARTICULAR,PERSONAS,NO SE CONOCE,,VIGENTE,,LA POSITIVA,,NO REGISTRA,AUTOMÓVIL,CHOQUE,25/04/2021,2021,ABRIL,DOMINGO,22,PE-20,CARRETERA
A-2021-04-141,V-2021-04-141-2,CALLAO,CALLAO,CALLAO,IDENTIFICADO,NO HABILITADO,PARTICULAR,PERSONAS,NO SE CONOCE,,VIGENTE,,NO APLICA,,NO APLICA,BICICLETA,CHOQUE,25/04/2021,2021,ABRIL,DOMINGO,22,PE-20,CARRETERA
A-2021-04-252,V-2021-04-252-1,LIMA,LIMA,SAN MARTIN DE PORRES,FUGADO,,,,,,NO APLICA,,NO APLICA,,NO APLICA,VEHICULO NO IDENTIFICADO,ATROPELLO FUGA,26/04/2021,2021,ABRIL,LUNES,2,PE-1N,CARRETERA
A-2021-04-310,V-2021-04-310-1,LIMA,LIMA,EL AGUSTINO,IDENTIFICADO,NO CORRESPONDE,NO CORRESPONDE,CARGA Y/O MERCANCÍAS,NACIONAL,NO CORRESPONDE,NO APLICA,,,NO CORRESPONDE,NO APLICA,OTRO,ATROPELLO FUGA,26/04/2021,2021,ABRIL,LUNES,7,NO CORRESPONDE,OTRO
A-2021-04-253,V-2021-04-253-1,LIMA,LIMA,SAN JUAN DE LURIGANCHO,IDENTIFICADO,NO CORRESPONDE,PARTICULAR,PERSONAS,NO SE CONOCE,,VIGENTE,,LA POSITIVA,,NO REGISTRA,MOTOCICLETA,CHOQUE CON OBJETO FIJO,26/04/2021,2021,ABRIL,LUNES,12,NO CORRESPONDE,AVENIDA
A-2021-04-254,V-2021-04-254-1,LIMA,LIMA,LOS OLIVOS,IDENTIFICADO,NO HABILITADO,PARTICULAR,,,,VIGENTE,,RIMAC,,VIGENTE,MINIBUS,ATROPELLO,26/04/2021,2021,ABRIL,LUNES,18,PE-1N,CARRETERA
A-2021-04-255,V-2021-04-255-1,LIMA,LIMA,SAN JUAN DE LURIGANCHO,IDENTIFICADO,NO CORRESPONDE,PARTICULAR,PERSONAS,NO SE CONOCE,,VIGENTE,,MAPFRE,,VIGENTE,CAMIÓN,ATROPELLO,26/04/2021,2021,ABRIL,LUNES,19,NO CORRESPONDE,JIRÓN
A-2021-04-256,V-2021-04-256-1,LIMA,LIMA,CHACLACAYO,IDENTIFICADO,NO CORRESPONDE,PARTICULAR,,,,VIGENTE,,RIMAC,,VIGENTE,ÓMNIBUS,DESPISTE,26/04/2021,2021,ABRIL,LUNES,23,PE-22,CARRETERA
A-2021-04-256,V-2021-04-256-2,LIMA,LIMA,CHACLACAYO,IDENTIFICADO,NO CORRESPONDE,PARTICULAR,,,,VIGENTE,SOAT,INTERSEGURO,,VIGENTE,AUTOMÓVIL,DESPISTE,26/04/2021,2021,ABRIL,LUNES,23,PE-22,CARRETERA
A-2021-04-259,V-2021-04-259-1,LIMA,LIMA,LOS OLIVOS,IDENTIFICADO,NO HABILITADO,PARTICULAR,,,,VIGENTE,,LA POSITIVA,,VIGENTE,AUTOMÓVIL,CHOQUE,28/04/2021,2021,ABRIL,MIÉRCOLES,4,NO CORRESPONDE,AVENIDA
A-2021-04-259,V-2021-04-259-2,LIMA,LIMA,LOS OLIVOS,IDENTIFICADO,NO HABILITADO,PARTICULAR,PERSONAS,NO SE CONOCE,,VIGENTE,,LA POSITIVA,,NO REGISTRA,MOTOCICLETA,CHOQUE,28/04/2021,2021,ABRIL,MIÉRCOLES,4,NO CORRESPONDE,AVENIDA
A-2021-04-261,V-2021-04-261-1,LIMA,LIMA,LURIN,IDENTIFICADO,NO HABILITADO,PARTICULAR,PERSONAS,NO SE CONOCE,,VIGENTE,SOAT,INTERSEGURO,,VIGENTE,CAMIÓN,ATROPELLO,28/04/2021,2021,ABRIL,MIÉRCOLES,16,NO CORRESPONDE,CALLE
A-2021-04-260,V-2021-04-260-1,LIMA,LIMA,LOS OLIVOS,IDENTIFICADO,NO CORRESPONDE,PARTICULAR,,,,NO REGISTRA,,,,NO REGISTRA,MOTOCICLETA,CHOQUE,29/04/2021,2021,ABRIL,JUEVES,0,NO CORRESPONDE,AVENIDA
A-2021-04-260,V-2021-04-260-2,LIMA,LIMA,LOS OLIVOS,IDENTIFICADO,NO CORRESPONDE,PARTICULAR,PERSONAS,NO SE CONOCE,,NO REGISTRA,,,,NO REGISTRA,OTRO,CHOQUE,29/04/2021,2021,ABRIL,JUEVES,0,NO CORRESPONDE,AVENIDA
A-2021-04-200,V-2021-04-200-1,CALLAO,CALLAO,CALLAO,IDENTIFICADO,HABILITADO,CARGA,CARGA Y/O MERCANCÍAS,NACIONAL,,VIGENTE,,RIMAC,,VIGENTE,REMOLCADOR-SEMIREMOLQUE,ATROPELLO,29/04/2021,2021,ABRIL,JUEVES,16,PE-20,CARRETERA
A-2021-05-124,V-2021-05-124-1,LIMA,LIMA,LURIGANCHO,IDENTIFICADO,NO CORRESPONDE,PARTICULAR,,,,VENCIDO,,LA POSITIVA,,NO REGISTRA,MOTOCICLETA,CHOQUE FUGA,01/05/2021,2021,MAYO,SÁBADO,5,NO CORRESPONDE,AVENIDA
A-2021-05-124,V-2021-05-124-2,LIMA,LIMA,LURIGANCHO,FUGADO,NO CORRESPONDE,OTRO,,,,VENCIDO,,NO APLICA,,NO APLICA,VEHICULO NO IDENTIFICADO,CHOQUE FUGA,01/05/2021,2021,MAYO,SÁBADO,5,NO CORRESPONDE,AVENIDA
A-2021-05-123,V-2021-05-123-1,LIMA,LIMA,COMAS,IDENTIFICADO,NO HABILITADO,PARTICULAR,PERSONAS,NO SE CONOCE,,VIGENTE,,LA POSITIVA,,NO REGISTRA,MOTOCICLETA,ATROPELLO,01/05/2021,2021,MAYO,SÁBADO,15,NO CORRESPONDE,AVENIDA
A-2021-05-125,V-2021-05-125-1,LIMA,LIMA,LIMA,IDENTIFICADO,NO CORRESPONDE,PARTICULAR,,,,VIGENTE,,LA POSITIVA,,NO REGISTRA,MOTOCICLETA,CHOQUE,02/05/2021,2021,MAYO,DOMINGO,9,NO CORRESPONDE,AVENIDA
A-2021-05-125,V-2021-05-125-2,LIMA,LIMA,LIMA,IDENTIFICADO,NO CORRESPONDE,PARTICULAR,PERSONAS,NO SE CONOCE,,VIGENTE,,RIMAC,,VENCIDO,AUTOMÓVIL,CHOQUE,02/05/2021,2021,MAYO,DOMINGO,9,NO CORRESPONDE,AVENIDA
A-2021-05-126,V-2021-05-126-1,LIMA,LIMA,EL AGUSTINO,IDENTIFICADO,NO CORRESPONDE,PARTICULAR,PERSONAS,NO SE CONOCE,,VIGENTE,,PACIFICO,,NO REGISTRA,AUTOMÓVIL,ATROPELLO,03/05/2021,2021,MAYO,LUNES,6,PE-1N,CARRETERA
A-2021-05-127,V-2021-05-127-1,LIMA,LIMA,COMAS,IDENTIFICADO,NO CORRESPONDE,PARTICULAR,PERSONAS,NO SE CONOCE,,VIGENTE,,LA POSITIVA,,VIGENTE,ÓMNIBUS,ATROPELLO,03/05/2021,2021,MAYO,LUNES,15,NO CORRESPONDE,AVENIDA
A-2021-05-128,V-2021-05-128-1,LIMA,LIMA,LIMA,IDENTIFICADO,NO CORRESPONDE,PARTICULAR,PERSONAS,NO SE CONOCE,,VENCIDO,,RIMAC,,VENCIDO,CAMIONETA RURAL,ATROPELLO,05/05/2021,2021,MAYO,MIÉRCOLES,21,NO CORRESPONDE,AVENIDA
A-2021-05-129,V-2021-05-129-1,LIMA,LIMA,CHACLACAYO,IDENTIFICADO,NO CORRESPONDE,PARTICULAR,PERSONAS,NO SE CONOCE,,VIGENTE,,LA POSITIVA,,VENCIDO,AUTOMÓVIL,ATROPELLO,06/05/2021,2021,MAYO,JUEVES,13,PE-22,CARRETERA
A-2021-05-130,V-2021-05-130-1,LIMA,LIMA,SAN JUAN DE MIRAFLORES,IDENTIFICADO,NO CORRESPONDE,PARTICULAR,,,,VENCIDO,,MAPFRE,,VIGENTE,AUTOMÓVIL,ATROPELLO,09/05/2021,2021,MAYO,DOMINGO,2,PE-1S,CARRETERA
A-2021-05-131,V-2021-05-131-1,LIMA,LIMA,LOS OLIVOS,FUGADO,,,,,,NO APLICA,,NO APLICA,,NO APLICA,VEHICULO NO IDENTIFICADO,ATROPELLO FUGA,10/05/2021,2021,MAYO,LUNES,22,PE-1N,CARRETERA
A-2021-05-132,V-2021-05-132-1,LIMA,LIMA,SANTA ANITA,IDENTIFICADO,NO CORRESPONDE,PARTICULAR,,,,VENCIDO,,LA POSITIVA,,VENCIDO,STATION WAGON,ATROPELLO,14/05/2021,2021,MAYO,VIERNES,17,NO CORRESPONDE,AVENIDA
A-2021-05-80,V-2021-05-80-1,CALLAO,CALLAO,VENTANILLA,IDENTIFICADO,NO CORRESPONDE,CARGA,CARGA Y/O MERCANCÍAS,PROVINCIAL,,VIGENTE,,PACIFICO,,NO REGISTRA,CAMIÓN,ATROPELLO,17/05/2021,2021,MAYO,LUNES,16,PE-20,CARRETERA
A-2021-05-133,V-2021-05-133-1,LIMA,LIMA,ATE,IDENTIFICADO,NO HABILITADO,PARTICULAR,,,,VIGENTE,,LA POSITIVA,,VENCIDO,CAMIONETA PANEL,CHOQUE,18/05/2021,2021,MAYO,MARTES,12,PE-22,CARRETERA
A-2021-05-133,V-2021-05-133-2,LIMA,LIMA,ATE,IDENTIFICADO,NO HABILITADO,PARTICULAR,PERSONAS,NO SE CONOCE,,VIGENTE,,NO APLICA,,NO APLICA,BICICLETA,CHOQUE,18/05/2021,2021,MAYO,MARTES,12,PE-22,CARRETERA
A-2021-05-134,V-2021-05-134-1,LIMA,LIMA,LA MOLINA,IDENTIFICADO,NO CORRESPONDE,PARTICULAR,PERSONAS,NO SE CONOCE,,NO APLICA,,NO APLICA,,NO APLICA,MOTOCICLETA,VOLCADURA,20/05/2021,2021,MAYO,JUEVES,7,NO CORRESPONDE,AVENIDA
A-2021-05-116,V-2021-05-116-1,CALLAO,CALLAO,LA PERLA,IDENTIFICADO,NO CORRESPONDE,TAXI,PERSONAS,NO SE CONOCE,NO ESPECIFICA,NO REGISTRA,,,NO ESPECIFICA,NO REGISTRA,AUTOMÓVIL,DESPISTE,22/05/2021,2021,MAYO,SÁBADO,21,NO CORRESPONDE,AVENIDA
A-2021-05-311,V-2021-05-311-1,LIMA,LIMA,LURIN,IDENTIFICADO,NO CORRESPONDE,PARTICULAR,PERSONAS,NO SE CONOCE,SI,VENCIDO,SOAT,LA POSITIVA,NO,NO REGISTRA,MOTOCICLETA,CHOQUE,26/05/2021,2021,MAYO,MIÉRCOLES,7,PE-1S,CARRETERA
A-2021-05-311,V-2021-05-311-2,LIMA,LIMA,LURIN,IDENTIFICADO,HABILITADO,PUBLICO URBANO,PERSONAS,DISTRITAL,SI,VENCIDO,SOAT,RIMAC,SI,VIGENTE,ÓMNIBUS,CHOQUE,26/05/2021,2021,MAYO,MIÉRCOLES,7,PE-1S,CARRETERA
A-2021-05-312,V-2021-05-312-1,LIMA,LIMA,COMAS,IDENTIFICADO,HABILITADO,PUBLICO URBANO,PERSONAS,PROVINCIAL,SI,VIGENTE,SOAT,MAPFRE,SI,VIGENTE,ÓMNIBUS,ATROPELLO,27/05/2021,2021,MAYO,JUEVES,17,NO CORRESPONDE,AVENIDA
A-2021-05-313,V-2021-05-313-1,LIMA,LIMA,LURIN,IDENTIFICADO,NO CORRESPONDE,PARTICULAR,PERSONAS,NO SE CONOCE,SI,VIGENTE,SOAT,INTERSEGURO,SI,VIGENTE,AUTOMÓVIL,ATROPELLO,28/05/2021,2021,MAYO,VIERNES,19,PE-1S,CARRETERA
A-2021-05-314,V-2021-05-314-1,LIMA,LIMA,SAN JUAN DE LURIGANCHO,IDENTIFICADO,NO CORRESPONDE,PARTICULAR,CARGA Y/O MERCANCÍAS,NO SE CONOCE,NO ESPECIFICA,NO REGISTRA,,,NO ESPECIFICA,NO REGISTRA,TRICICLO MOTORIZADO,CHOQUE,29/05/2021,2021,MAYO,SÁBADO,18,NO CORRESPONDE,CALLE
A-2021-05-314,V-2021-05-314-2,LIMA,LIMA,SAN JUAN DE LURIGANCHO,IDENTIFICADO,NO CORRESPONDE,PARTICULAR,,,SI,NO REGISTRA,SOAT,INTERSEGURO,SI,VIGENTE,CAMIONETA RURAL,CHOQUE,29/05/2021,2021,MAYO,SÁBADO,18,NO CORRESPONDE,CALLE
A-2021-05-315,V-2021-05-315-1,LIMA,LIMA,CHORRILLOS,IDENTIFICADO,HABILITADO,OTRO,PERSONAS,NACIONAL,SI,VENCIDO,SOAT,PROTECTA,SI,VIGENTE,CAMIONETA RURAL,ATROPELLO,31/05/2021,2021,MAYO,LUNES,8,NO CORRESPONDE,CALLE
A-2021-06-100,V-2021-06-100-1,LIMA,LIMA,LOS OLIVOS,IDENTIFICADO,NO CORRESPONDE,PARTICULAR,,,,VIGENTE,,MAPFRE,,VIGENTE,REMOLCADOR,ATROPELLO,01/06/2021,2021,JUNIO,MARTES,8,NO CORRESPONDE,AVENIDA
A-2021-06-101,V-2021-06-101-1,LIMA,LIMA,PUENTE PIEDRA,IDENTIFICADO,NO HABILITADO,PARTICULAR,,,,VIGENTE,,LA POSITIVA,,VIGENTE,REMOLCADOR,ATROPELLO,01/06/2021,2021,JUNIO,MARTES,10,PE-1N,CARRETERA
A-2021-06-102,V-2021-06-102-1,LIMA,LIMA,CHACLACAYO,IDENTIFICADO,NO HABILITADO,PUBLICO URBANO,PERSONAS,PROVINCIAL,,VIGENTE,,RIMAC,,VIGENTE,ÓMNIBUS,CHOQUE,01/06/2021,2021,JUNIO,MARTES,21,PE-22,CARRETERA
A-2021-06-102,V-2021-06-102-2,LIMA,LIMA,CHACLACAYO,IDENTIFICADO,NO HABILITADO,PARTICULAR,PERSONAS,NO SE CONOCE,,VIGENTE,,LA POSITIVA,,NO REGISTRA,TRIMOTO CARGA,CHOQUE,01/06/2021,2021,JUNIO,MARTES,21,PE-22,CARRETERA
A-2021-06-293,V-2021-06-293-1,CALLAO,CALLAO,CARMEN DE LA LEGUA REYNOSO,FUGADO,NO CORRESPONDE,NO CORRESPONDE,,,NO CORRESPONDE,NO APLICA,,,NO CORRESPONDE,NO APLICA,VEHICULO NO IDENTIFICADO,ATROPELLO FUGA,03/06/2021,2021,JUNIO,JUEVES,4,NO CORRESPONDE,AVENIDA
A-2021-06-103,V-2021-06-103-1,LIMA,LIMA,VILLA EL SALVADOR,IDENTIFICADO,NO HABILITADO,PARTICULAR,PERSONAS,NO SE CONOCE,,VIGENTE,SOAT,INTERSEGURO,,VIGENTE,REMOLCADOR,CHOQUE,03/06/2021,2021,JUNIO,JUEVES,13,NO CORRESPONDE,AVENIDA
A-2021-06-103,V-2021-06-103-2,LIMA,LIMA,VILLA EL SALVADOR,IDENTIFICADO,NO HABILITADO,PARTICULAR,PERSONAS,NO SE CONOCE,,VIGENTE,,,,NO REGISTRA,TRIMOTO PASAJERO,CHOQUE,03/06/2021,2021,JUNIO,JUEVES,13,NO CORRESPONDE,AVENIDA
A-2021-06-111,V-2021-06-111-1,LIMA,LIMA,LIMA,IDENTIFICADO,NO CORRESPONDE,PARTICULAR,PERSONAS,NO SE CONOCE,,VIGENTE,,LA POSITIVA,,VIGENTE,CAMIÓN,CHOQUE,03/06/2021,2021,JUNIO,JUEVES,17,NO CORRESPONDE,JIRÓN
A-2021-06-111,V-2021-06-111-2,LIMA,LIMA,LIMA,IDENTIFICADO,NO HABILITADO,PARTICULAR,PERSONAS,NO SE CONOCE,,VIGENTE,,RIMAC,,VIGENTE,CAMIONETA PICK UP,CHOQUE,03/06/2021,2021,JUNIO,JUEVES,17,NO CORRESPONDE,JIRÓN
A-2021-06-112,V-2021-06-112-1,LIMA,LIMA,LA MOLINA,IDENTIFICADO,NO CORRESPONDE,PARTICULAR,PERSONAS,NO SE CONOCE,,VIGENTE,,LA POSITIVA,,NO REGISTRA,MOTOCICLETA,ATROPELLO,04/06/2021,2021,JUNIO,VIERNES,8,NO CORRESPONDE,AVENIDA
A-2021-06-271,V-2021-06-271-1,CALLAO,CALLAO,CALLAO,IDENTIFICADO,NO CORRESPONDE,PUBLICO URBANO,PERSONAS,REGIONAL,NO ESPECIFICA,NO REGISTRA,,,NO ESPECIFICA,NO REGISTRA,MINIBUS,ATROPELLO,05/06/2021,2021,JUNIO,SÁBADO,19,PE-20,CARRETERA
A-2021-06-31,V-2021-06-31-1,CALLAO,CALLAO,MI PERU,IDENTIFICADO,NO CORRESPONDE,TAXI,,,,VIGENTE,SOAT,PROTECTA,,VIGENTE,AUTOMÓVIL,DESPISTE,06/06/2021,2021,JUNIO,DOMINGO,2,NO CORRESPONDE,AVENIDA
A-2021-06-113,V-2021-06-113-1,LIMA,LIMA,SANTIAGO DE SURCO,IDENTIFICADO,NO CORRESPONDE,PARTICULAR,PERSONAS,NO SE CONOCE,,VIGENTE,,LA POSITIVA,,NO REGISTRA,MOTOCICLETA,VOLCADURA,06/06/2021,2021,JUNIO,DOMINGO,23,NO CORRESPONDE,AVENIDA
A-2021-06-114,V-2021-06-114-1,LIMA,LIMA,EL AGUSTINO,IDENTIFICADO,NO CORRESPONDE,PARTICULAR,PERSONAS,NO SE CONOCE,,VIGENTE,,RIMAC,,VIGENTE,REMOLCADOR,CHOQUE,09/06/2021,2021,JUNIO,MIÉRCOLES,10,PE-1N,CARRETERA
A-2021-06-114,V-2021-06-114-2,LIMA,LIMA,EL AGUSTINO,IDENTIFICADO,NO CORRESPONDE,PARTICULAR,PERSONAS,NO SE CONOCE,,VIGENTE,,RIMAC,,NO REGISTRA,CAMIÓN,CHOQUE,09/06/2021,2021,JUNIO,MIÉRCOLES,10,PE-1N,CARRETERA
A-2021-06-115,V-2021-06-115-1,LIMA,LIMA,PUEBLO LIBRE,IDENTIFICADO,NO CORRESPONDE,PARTICULAR,CARGA Y/O MERCANCÍAS,NO SE CONOCE,,VIGENTE,,RIMAC,,VIGENTE,CAMIONETA PICK UP,ATROPELLO,09/06/2021,2021,JUNIO,MIÉRCOLES,18,NO CORRESPONDE,AVENIDA
A-2021-06-74,V-2021-06-74-1,LIMA,LIMA,SANTIAGO DE SURCO,IDENTIFICADO,NO HABILITADO,PARTICULAR,,,,VIGENTE,,PACIFICO,,VIGENTE,REMOLCADOR,CHOQUE,11/06/2021,2021,JUNIO,VIERNES,9,NO CORRESPONDE,AVENIDA
A-2021-06-74,V-2021-06-74-2,LIMA,LIMA,SANTIAGO DE SURCO,IDENTIFICADO,NO HABILITADO,PARTICULAR,,,,VIGENTE,,LA POSITIVA,,NO REGISTRA,AUTOMÓVIL,CHOQUE,11/06/2021,2021,JUNIO,VIERNES,9,NO CORRESPONDE,AVENIDA
A-2021-06-74,V-2021-06-74-3,LIMA,LIMA,SANTIAGO DE SURCO,IDENTIFICADO,NO CORRESPONDE,PARTICULAR,,,,VIGENTE,,,,NO REGISTRA,BICICLETA,CHOQUE,11/06/2021,2021,JUNIO,VIERNES,9,NO CORRESPONDE,AVENIDA
A-2021-06-116,V-2021-06-116-1,LIMA,LIMA,VILLA MARIA DEL TRIUNFO,IDENTIFICADO,NO CORRESPONDE,PUBLICO URBANO,PERSONAS,REGIONAL,,VIGENTE,,LA POSITIVA,,VIGENTE,ÓMNIBUS,ATROPELLO,15/06/2021,2021,JUNIO,MARTES,12,NO CORRESPONDE,AVENIDA
A-2021-06-117,V-2021-06-117-1,LIMA,LIMA,SAN MARTIN DE PORRES,IDENTIFICADO,NO CORRESPONDE,PARTICULAR,PERSONAS,NO SE CONOCE,,VENCIDO,,LA POSITIVA,,NO REGISTRA,MOTOCICLETA,DESPISTE,16/06/2021,2021,JUNIO,MIÉRCOLES,8,NO CORRESPONDE,AVENIDA
A-2021-06-117,V-2021-06-117-2,LIMA,LIMA,SAN MARTIN DE PORRES,IDENTIFICADO,NO CORRESPONDE,PARTICULAR,,,,VENCIDO,,LA POSITIVA,,VIGENTE,ÓMNIBUS,DESPISTE,16/06/2021,2021,JUNIO,MIÉRCOLES,8,NO CORRESPONDE,AVENIDA
A-2021-06-117,V-2021-06-117-3,LIMA,LIMA,SAN MARTIN DE PORRES,IDENTIFICADO,NO CORRESPONDE,PARTICULAR,,,,VENCIDO,,PACIFICO,,NO REGISTRA,AUTOMÓVIL,DESPISTE,16/06/2021,2021,JUNIO,MIÉRCOLES,8,NO CORRESPONDE,AVENIDA
A-2021-06-125,V-2021-06-125-1,LIMA,LIMA,BARRANCO,IDENTIFICADO,NO CORRESPONDE,PARTICULAR,PERSONAS,NO SE CONOCE,,VIGENTE,,RIMAC,,VIGENTE,ÓMNIBUS,CHOQUE,19/06/2021,2021,JUNIO,SÁBADO,12,NO CORRESPONDE,AVENIDA
A-2021-06-125,V-2021-06-125-2,LIMA,LIMA,BARRANCO,IDENTIFICADO,NO CORRESPONDE,PARTICULAR,PERSONAS,NO SE CONOCE,,VIGENTE,,LA POSITIVA,,NO REGISTRA,MOTOCICLETA,CHOQUE,19/06/2021,2021,JUNIO,SÁBADO,12,NO CORRESPONDE,AVENIDA
A-2021-06-145,V-2021-06-145-1,CALLAO,CALLAO,CALLAO,FUGADO,NO CORRESPONDE,NO CORRESPONDE,,,NO CORRESPONDE,NO APLICA,,,NO CORRESPONDE,NO APLICA,VEHICULO NO IDENTIFICADO,ATROPELLO FUGA,19/06/2021,2021,JUNIO,SÁBADO,23,PE-20,CARRETERA
A-2021-06-245,V-2021-06-245-1,LIMA,LIMA,LURIN,FUGADO,,,,,,NO APLICA,,NO APLICA,,NO APLICA,VEHICULO NO IDENTIFICADO,ATROPELLO FUGA,21/06/2021,2021,JUNIO,LUNES,5,PE-1S,CARRETERA
A-2021-06-246,V-2021-06-246-1,LIMA,LIMA,ATE,IDENTIFICADO,NO CORRESPONDE,REGULAR(INTERPROVINCIAL),,,,VIGENTE,,RIMAC,,VIGENTE,ÓMNIBUS,ATROPELLO,21/06/2021,2021,JUNIO,LUNES,12,NO CORRESPONDE,AVENIDA
A-2021-06-247,V-2021-06-247-1,LIMA,LIMA,VILLA EL SALVADOR,IDENTIFICADO,NO CORRESPONDE,PUBLICO URBANO,,,,VIGENTE,,LA POSITIVA,,NO REGISTRA,TRIMOTO CARGA,CHOQUE,21/06/2021,2021,JUNIO,LUNES,13,NO CORRESPONDE,AVENIDA
A-2021-06-247,V-2021-06-247-2,LIMA,LIMA,VILLA EL SALVADOR,IDENTIFICADO,NO CORRESPONDE,PARTICULAR,PERSONAS,NO SE CONOCE,,VIGENTE,,MAPFRE,,NO REGISTRA,CAMIÓN,CHOQUE,21/06/2021,2021,JUNIO,LUNES,13,NO CORRESPONDE,AVENIDA
A-2021-06-249,V-2021-06-249-1,LIMA,LIMA,LURIGANCHO,IDENTIFICADO,NO CORRESPONDE,PARTICULAR,,,,VIGENTE,,LA POSITIVA,,VIGENTE,AUTOMÓVIL,CHOQUE,21/06/2021,2021,JUNIO,LUNES,22,PE-22,CARRETERA
A-2021-06-249,V-2021-06-249-2,LIMA,LIMA,LURIGANCHO,IDENTIFICADO,NO CORRESPONDE,PARTICULAR,,,,VIGENTE,,LA POSITIVA,,NO REGISTRA,MOTOCICLETA,CHOQUE,21/06/2021,2021,JUNIO,LUNES,22,PE-22,CARRETERA
A-2021-06-248,V-2021-06-248-1,LIMA,LIMA,INDEPENDENCIA,IDENTIFICADO,NO CORRESPONDE,PARTICULAR,,,,VIGENTE,,RIMAC,,VIGENTE,CAMIONETA RURAL,ATROPELLO FUGA,22/06/2021,2021,JUNIO,MARTES,2,PE-1N,CARRETERA
A-2021-06-250,V-2021-06-250-1,LIMA,LIMA,LOS OLIVOS,IDENTIFICADO,NO CORRESPONDE,PARTICULAR,PERSONAS,NO SE CONOCE,,VIGENTE,,MAPFRE,,VIGENTE,CAMIONETA PICK UP,CHOQUE,22/06/2021,2021,JUNIO,MARTES,13,NO CORRESPONDE,AVENIDA
A-2021-06-250,V-2021-06-250-2,LIMA,LIMA,LOS OLIVOS,IDENTIFICADO,NO CORRESPONDE,PARTICULAR,PERSONAS,NO SE CONOCE,,VIGENTE,,,,NO REGISTRA,MOTOCICLETA,CHOQUE,22/06/2021,2021,JUNIO,MARTES,13,NO CORRESPONDE,AVENIDA
A-2021-06-251,V-2021-06-251-1,LIMA,LIMA,LURIN,IDENTIFICADO,NO CORRESPONDE,PARTICULAR,,,,VIGENTE,,RIMAC,,NO REGISTRA,AUTOMÓVIL,ATROPELLO,22/06/2021,2021,JUNIO,MARTES,21,NO CORRESPONDE,AVENIDA
A-2021-06-252,V-2021-06-252-1,LIMA,LIMA,LOS OLIVOS,IDENTIFICADO,NO CORRESPONDE,PARTICULAR,PERSONAS,NO SE CONOCE,,VIGENTE,,MAPFRE,,NO REGISTRA,MOTOCICLETA,DESPISTE,23/06/2021,2021,JUNIO,MIÉRCOLES,0,NO CORRESPONDE,AVENIDA
A-2021-06-258,V-2021-06-258-1,LIMA,LIMA,ATE,FUGADO,,,,,,NO APLICA,,NO APLICA,,NO APLICA,VEHICULO NO IDENTIFICADO,ATROPELLO FUGA,23/06/2021,2021,JUNIO,MIÉRCOLES,14,NO CORRESPONDE,AVENIDA
A-2021-06-257,V-2021-06-257-1,LIMA,LIMA,LIMA,FUGADO,,,,,,NO APLICA,,NO APLICA,,NO APLICA,VEHICULO NO IDENTIFICADO,ATROPELLO FUGA,23/06/2021,2021,JUNIO,MIÉRCOLES,15,NO CORRESPONDE,AVENIDA
A-2021-06-259,V-2021-06-259-1,LIMA,LIMA,ATE,IDENTIFICADO,NO CORRESPONDE,PARTICULAR,,,,NO REGISTRA,,,,VENCIDO,TRIMOTO PASAJERO,CHOQUE,24/06/2021,2021,JUNIO,JUEVES,18,NO CORRESPONDE,CALLE
A-2021-06-259,V-2021-06-259-2,LIMA,LIMA,ATE,IDENTIFICADO,NO CORRESPONDE,PARTICULAR,,,,NO REGISTRA,,LA POSITIVA,,VENCIDO,CAMIONETA RURAL,CHOQUE,24/06/2021,2021,JUNIO,JUEVES,18,NO CORRESPONDE,CALLE
A-2021-06-294,V-2021-06-294-1,CALLAO,CALLAO,VENTANILLA,IDENTIFICADO,HABILITADO,CARGA,CARGA Y/O MERCANCÍAS,PROVINCIAL,SI,VIGENTE,SOAT,PROTECTA,SI,VIGENTE,REMOLCADOR-SEMIREMOLQUE,CHOQUE,25/06/2021,2021,JUNIO,VIERNES,5,PE-20,CARRETERA
A-2021-06-294,V-2021-06-294-2,CALLAO,CALLAO,VENTANILLA,IDENTIFICADO,NO CORRESPONDE,PUBLICO URBANO,PERSONAS,NO SE CONOCE,SI,VIGENTE,CAT,,SI,VIGENTE,TRIMOTO PASAJERO,CHOQUE,25/06/2021,2021,JUNIO,VIERNES,5,PE-20,CARRETERA
A-2021-06-260,V-2021-06-260-1,LIMA,LIMA,RIMAC,FUGADO,,,,,,NO APLICA,,NO APLICA,,NO APLICA,VEHICULO NO IDENTIFICADO,ATROPELLO FUGA,25/06/2021,2021,JUNIO,VIERNES,12,PE-1N,CARRETERA
A-2021-06-358,V-2021-06-358-1,CALLAO,CALLAO,CALLAO,FUGADO,NO CORRESPONDE,NO CORRESPONDE,PERSONAS,,NO CORRESPONDE,NO APLICA,,,NO CORRESPONDE,NO APLICA,VEHICULO NO IDENTIFICADO,ATROPELLO FUGA,27/06/2021,2021,JUNIO,DOMINGO,17,PE-20B,CARRETERA
A-2021-06-199,V-2021-06-199-1,CALLAO,CALLAO,CALLAO,FUGADO,NO CORRESPONDE,NO CORRESPONDE,PERSONAS,,NO CORRESPONDE,NO APLICA,,,NO CORRESPONDE,NO APLICA,VEHICULO NO IDENTIFICADO,ATROPELLO FUGA,27/06/2021,2021,JUNIO,DOMINGO,20,PE-20B,CARRETERA
A-2021-06-261,V-2021-06-261-1,LIMA,LIMA,COMAS,IDENTIFICADO,NO HABILITADO,PARTICULAR,,,,VIGENTE,,LA POSITIVA,,VIGENTE,CAMIONETA PICK UP,CHOQUE,28/06/2021,2021,JUNIO,LUNES,9,PE-1N,CARRETERA
A-2021-06-261,V-2021-06-261-2,LIMA,LIMA,COMAS,IDENTIFICADO,NO CORRESPONDE,PARTICULAR,,,,VIGENTE,SOAT,INTERSEGURO,,NO REGISTRA,AUTOMÓVIL,CHOQUE,28/06/2021,2021,JUNIO,LUNES,9,PE-1N,CARRETERA
A-2021-06-262,V-2021-06-262-1,LIMA,LIMA,EL AGUSTINO,FUGADO,,,,,,NO APLICA,,NO APLICA,,NO APLICA,VEHICULO NO IDENTIFICADO,ATROPELLO FUGA,28/06/2021,2021,JUNIO,LUNES,20,PE-1N,CARRETERA
A-2021-06-263,V-2021-06-263-1,LIMA,LIMA,BREÑA,IDENTIFICADO,NO CORRESPONDE,PUBLICO URBANO,,,,VIGENTE,,LA POSITIVA,,VIGENTE,ÓMNIBUS,ATROPELLO,28/06/2021,2021,JUNIO,LUNES,23,NO CORRESPONDE,AVENIDA
A-2021-06-264,V-2021-06-264-1,LIMA,LIMA,SANTA ANITA,FUGADO,,,,,,NO APLICA,,NO APLICA,,NO APLICA,VEHICULO NO IDENTIFICADO,ATROPELLO FUGA,29/06/2021,2021,JUNIO,MARTES,8,NO CORRESPONDE,AVENIDA
A-2021-06-265,V-2021-06-265-1,LIMA,LIMA,SAN JUAN DE LURIGANCHO,IDENTIFICADO,NO CORRESPONDE,PARTICULAR,,,,VIGENTE,,LA POSITIVA,,VIGENTE,CAMIÓN,CHOQUE,30/06/2021,2021,JUNIO,MIÉRCOLES,10,NO CORRESPONDE,AVENIDA
A-2021-06-265,V-2021-06-265-2,LIMA,LIMA,SAN JUAN DE LURIGANCHO,IDENTIFICADO,NO CORRESPONDE,PARTICULAR,,,,VIGENTE,,,,NO REGISTRA,OTRO,CHOQUE,30/06/2021,2021,JUNIO,MIÉRCOLES,10,NO CORRESPONDE,AVENIDA
A-2021-06-266,V-2021-06-266-1,LIMA,LIMA,LURIN,IDENTIFICADO,NO CORRESPONDE,PARTICULAR,,,,VENCIDO,,PACIFICO,,NO REGISTRA,MOTOCICLETA,CHOQUE,30/06/2021,2021,JUNIO,MIÉRCOLES,19,PE-1S,CARRETERA
A-2021-06-266,V-2021-06-266-2,LIMA,LIMA,LURIN,IDENTIFICADO,NO CORRESPONDE,PARTICULAR,PERSONAS,NO SE CONOCE,,VENCIDO,,LA POSITIVA,,NO REGISTRA,MOTOCICLETA,CHOQUE,30/06/2021,2021,JUNIO,MIÉRCOLES,19,PE-1S,CARRETERA
A-2021-06-266,V-2021-06-266-3,LIMA,LIMA,LURIN,IDENTIFICADO,NO CORRESPONDE,PARTICULAR,PERSONAS,NO SE CONOCE,,VENCIDO,,LA POSITIVA,,VIGENTE,CAMIONETA RURAL,CHOQUE,30/06/2021,2021,JUNIO,MIÉRCOLES,19,PE-1S,CARRETERA
A-2021-06-267,V-2021-06-267-1,LIMA,LIMA,COMAS,IDENTIFICADO,NO CORRESPONDE,PARTICULAR,PERSONAS,NO SE CONOCE,,NO REGISTRA,,,,VIGENTE,STATION WAGON,CHOQUE,30/06/2021,2021,JUNIO,MIÉRCOLES,20,NO CORRESPONDE,AVENIDA
A-2021-06-267,V-2021-06-267-2,LIMA,LIMA,COMAS,IDENTIFICADO,NO CORRESPONDE,PARTICULAR,PERSONAS,NO SE CONOCE,,NO REGISTRA,,LA POSITIVA,,NO REGISTRA,MOTOCICLETA,CHOQUE,30/06/2021,2021,JUNIO,MIÉRCOLES,20,NO CORRESPONDE,AVENIDA
A-2021-07-11,V-2021-07-11-1,LIMA,LIMA,SANTIAGO DE SURCO,IDENTIFICADO,NO CORRESPONDE,PARTICULAR,,,NO ESPECIFICA,NO REGISTRA,,LA POSITIVA,NO ESPECIFICA,NO REGISTRA,MOTOCICLETA,VOLCADURA,01/07/2021,2021,JULIO,JUEVES,20,PE-1S,CARRETERA
A-2021-07-12,V-2021-07-12-1,LIMA,LIMA,LOS OLIVOS,IDENTIFICADO,NO CORRESPONDE,PARTICULAR,,,,VIGENTE,SOAT,INTERSEGURO,,VIGENTE,AUTOMÓVIL,ATROPELLO,02/07/2021,2021,JULIO,VIERNES,15,PE-1N,CARRETERA
A-2021-07-13,V-2021-07-13-1,LIMA,LIMA,CHORRILLOS,IDENTIFICADO,NO CORRESPONDE,PARTICULAR,PERSONAS,NO SE CONOCE,,VIGENTE,SOAT,INTERSEGURO,,VIGENTE,CAMIÓN,CHOQUE,02/07/2021,2021,JULIO,VIERNES,15,NO CORRESPONDE,AVENIDA
A-2021-07-13,V-2021-07-13-2,LIMA,LIMA,CHORRILLOS,IDENTIFICADO,NO HABILITADO,PARTICULAR,PERSONAS,NO SE CONOCE,,VIGENTE,,,,NO REGISTRA,TRICICLO NO MOTORIZADO,CHOQUE,02/07/2021,2021,JULIO,VIERNES,15,NO CORRESPONDE,AVENIDA
A-2021-07-14,V-2021-07-14-1,LIMA,LIMA,LA VICTORIA,IDENTIFICADO,NO CORRESPONDE,PARTICULAR,,,,VENCIDO,SOAT,INTERSEGURO,,VIGENTE,AUTOMÓVIL,CHOQUE,03/07/2021,2021,JULIO,SÁBADO,1,NO CORRESPONDE,AVENIDA
A-2021-07-14,V-2021-07-14-2,LIMA,LIMA,LA VICTORIA,IDENTIFICADO,NO CORRESPONDE,PARTICULAR,,,,VENCIDO,,LA POSITIVA,,NO REGISTRA,MOTOCICLETA,CHOQUE,03/07/2021,2021,JULIO,SÁBADO,1,NO CORRESPONDE,AVENIDA
A-2021-07-15,V-2021-07-15-1,LIMA,LIMA,ATE,IDENTIFICADO,NO HABILITADO,PARTICULAR,PERSONAS,NO SE CONOCE,,VIGENTE,,RIMAC,,VIGENTE,MINIBUS,CHOQUE,03/07/2021,2021,JULIO,SÁBADO,19,NO CORRESPONDE,AVENIDA
A-2021-07-15,V-2021-07-15-2,LIMA,LIMA,ATE,IDENTIFICADO,NO CORRESPONDE,PARTICULAR,,,,VIGENTE,SOAT,BNP PARIBAS CARDIF,,VENCIDO,AUTOMÓVIL,CHOQUE,03/07/2021,2021,JULIO,SÁBADO,19,NO CORRESPONDE,AVENIDA
A-2021-07-16,V-2021-07-16-1,LIMA,LIMA,ATE,IDENTIFICADO,NO CORRESPONDE,PARTICULAR,,,,VIGENTE,,PACIFICO,,VENCIDO,CAMIONETA RURAL,ATROPELLO,03/07/2021,2021,JULIO,SÁBADO,22,PE-22,CARRETERA
A-2021-07-17,V-2021-07-17-1,LIMA,LIMA,SANTIAGO DE SURCO,IDENTIFICADO,NO CORRESPONDE,PARTICULAR,,,,VIGENTE,,LA POSITIVA,,NO REGISTRA,MOTOCICLETA,VOLCADURA,04/07/2021,2021,JULIO,DOMINGO,3,PE-1S,CARRETERA
A-2021-07-10,V-2021-07-10-1,CALLAO,CALLAO,VENTANILLA,IDENTIFICADO,NO CORRESPONDE,PARTICULAR,PERSONAS,NO SE CONOCE,SI,VIGENTE,SOAT,PACIFICO,SI,VIGENTE,STATION WAGON,ATROPELLO,04/07/2021,2021,JULIO,DOMINGO,19,PE-20,CARRETERA
A-2021-07-10,V-2021-07-10-2,CALLAO,CALLAO,VENTANILLA,IDENTIFICADO,NO CORRESPONDE,PARTICULAR,PERSONAS,NO SE CONOCE,NO,VIGENTE,SOAT,MAPFRE,NO ESPECIFICA,NO REGISTRA,STATION WAGON,ATROPELLO,04/07/2021,2021,JULIO,DOMINGO,19,PE-20,CARRETERA
A-2021-07-21,V-2021-07-21-1,CALLAO,CALLAO,VENTANILLA,IDENTIFICADO,HABILITADO,PUBLICO URBANO,PERSONAS,NO SE CONOCE,SI,VIGENTE,SOAT,RIMAC,NO ESPECIFICA,NO REGISTRA,ÓMNIBUS,DESPISTE,05/07/2021,2021,JULIO,LUNES,17,NO CORRESPONDE,AVENIDA
A-2021-07-229,V-2021-07-229-1,LIMA,LIMA,SAN MARTIN DE PORRES,FUGADO,,,,,,,,,,,VEHICULO NO IDENTIFICADO,ATROPELLO FUGA,05/07/2021,2021,JULIO,LUNES,21,NO CORRESPONDE,AVENIDA
A-2021-07-231,V-2021-07-231-1,LIMA,LIMA,SAN JUAN DE LURIGANCHO,IDENTIFICADO,HABILITADO,CARGA,CARGA Y/O MERCANCÍAS,PROVINCIAL,,VENCIDO,,LA POSITIVA,,VENCIDO,CAMIÓN,ATROPELLO FUGA,06/07/2021,2021,JULIO,MARTES,20,NO CORRESPONDE,AVENIDA
A-2021-07-233,V-2021-07-233-1,LIMA,LIMA,COMAS,IDENTIFICADO,NO CORRESPONDE,PARTICULAR,CARGA Y/O MERCANCÍAS,NO SE CONOCE,,VIGENTE,,RIMAC,,VIGENTE,CAMIÓN,CHOQUE,07/07/2021,2021,JULIO,MIÉRCOLES,11,PE-20A,CARRETERA
A-2021-07-233,V-2021-07-233-2,LIMA,LIMA,COMAS,IDENTIFICADO,NO CORRESPONDE,PARTICULAR,PERSONAS,NO SE CONOCE,,VIGENTE,,NO APLICA,,NO APLICA,BICICLETA,CHOQUE,07/07/2021,2021,JULIO,MIÉRCOLES,11,PE-20A,CARRETERA
A-2021-07-276,V-2021-07-276-1,LIMA,LIMA,RIMAC,IDENTIFICADO,HABILITADO,CARGA,CARGA Y/O MERCANCÍAS,REGIONAL,SI,VIGENTE,SOAT,PACIFICO,SI,VIGENTE,CAMIONETA PICK UP,CHOQUE,09/07/2021,2021,JULIO,VIERNES,6,NO CORRESPONDE,VIA EXPRESA
A-2021-07-276,V-2021-07-276-2,LIMA,LIMA,RIMAC,IDENTIFICADO,NO CORRESPONDE,PARTICULAR,,,NO CORRESPONDE,VIGENTE,,,NO CORRESPONDE,NO APLICA,BICICLETA,CHOQUE,09/07/2021,2021,JULIO,VIERNES,6,NO CORRESPONDE,VIA EXPRESA
A-2021-07-242,V-2021-07-242-1,LIMA,LIMA,SANTIAGO DE SURCO,IDENTIFICADO,HABILITADO,PARTICULAR,PERSONAS,NO SE CONOCE,SI,VIGENTE,SOAT,LA POSITIVA,SI,VIGENTE,AUTOMÓVIL,CHOQUE FUGA,09/07/2021,2021,JULIO,VIERNES,22,NO CORRESPONDE,AVENIDA
A-2021-07-242,V-2021-07-242-2,LIMA,LIMA,SANTIAGO DE SURCO,IDENTIFICADO,HABILITADO,PARTICULAR,PERSONAS,NO SE CONOCE,SI,VIGENTE,SOAT,LA POSITIVA,SI,VIGENTE,MOTOCICLETA,CHOQUE FUGA,09/07/2021,2021,JULIO,VIERNES,22,NO CORRESPONDE,AVENIDA
A-2021-07-36,V-2021-07-36-1,CALLAO,CALLAO,CALLAO,IDENTIFICADO,NO CORRESPONDE,CARGA,CARGA Y/O MERCANCÍAS,NO SE CONOCE,SI,VIGENTE,SOAT,LA POSITIVA,NO ESPECIFICA,NO REGISTRA,CAMIÓN,CHOQUE,10/07/2021,2021,JULIO,SÁBADO,5,PE-20,CARRETERA
A-2021-07-36,V-2021-07-36-2,CALLAO,CALLAO,CALLAO,IDENTIFICADO,NO CORRESPONDE,PARTICULAR,PERSONAS,NO SE CONOCE,NO CORRESPONDE,VIGENTE,,NO APLICA,NO CORRESPONDE,NO APLICA,BICICLETA,CHOQUE,10/07/2021,2021,JULIO,SÁBADO,5,PE-20,CARRETERA
A-2021-07-243,V-2021-07-243-1,LIMA,LIMA,RIMAC,IDENTIFICADO,HABILITADO,PARTICULAR,PERSONAS,NO SE CONOCE,SI,VIGENTE,SOAT,LA POSITIVA,SI,VIGENTE,MOTOCICLETA,DESPISTE,11/07/2021,2021,JULIO,DOMINGO,13,NO CORRESPONDE,AVENIDA
A-2021-07-43,V-2021-07-43-1,CALLAO,CALLAO,CALLAO,IDENTIFICADO,NO CORRESPONDE,PARTICULAR,PERSONAS,NO SE CONOCE,SI,VIGENTE,SOAT,MAPFRE,SI,VIGENTE,CAMIONETA RURAL,ATROPELLO,11/07/2021,2021,JULIO,DOMINGO,20,PE-20,CARRETERA
A-2021-07-244,V-2021-07-244-1,LIMA,LIMA,LIMA,IDENTIFICADO,HABILITADO,PARTICULAR,PERSONAS,NO SE CONOCE,SI,VIGENTE,SOAT,LA POSITIVA,SI,VIGENTE,MOTOCICLETA,CHOQUE,12/07/2021,2021,JULIO,LUNES,14,NO CORRESPONDE,AVENIDA
A-2021-07-244,V-2021-07-244-2,LIMA,LIMA,LIMA,IDENTIFICADO,HABILITADO,CARGA,,,SI,VIGENTE,SOAT,LA POSITIVA,SI,VIGENTE,TRIMOTO CARGA,CHOQUE,12/07/2021,2021,JULIO,LUNES,14,NO CORRESPONDE,AVENIDA
A-2021-07-244,V-2021-07-244-3,LIMA,LIMA,LIMA,IDENTIFICADO,NO CORRESPONDE,PARTICULAR,,,NO CORRESPONDE,VIGENTE,,NO APLICA,NO CORRESPONDE,NO APLICA,BICICLETA,CHOQUE,12/07/2021,2021,JULIO,LUNES,14,NO CORRESPONDE,AVENIDA
A-2021-07-245,V-2021-07-245-1,LIMA,LIMA,ATE,IDENTIFICADO,HABILITADO,PUBLICO URBANO,PERSONAS,NO SE CONOCE,SI,VIGENTE,SOAT,RIMAC,SI,VIGENTE,MINIBUS,ATROPELLO,12/07/2021,2021,JULIO,LUNES,19,NO CORRESPONDE,AVENIDA
A-2021-07-246,V-2021-07-246-1,LIMA,LIMA,LIMA,IDENTIFICADO,HABILITADO,PARTICULAR,PERSONAS,NO SE CONOCE,SI,VIGENTE,SOAT,LA POSITIVA,SI,VIGENTE,AUTOMÓVIL,ATROPELLO,13/07/2021,2021,JULIO,MARTES,7,NO CORRESPONDE,AVENIDA
A-2021-07-247,V-2021-07-247-1,LIMA,LIMA,SANTA ANITA,IDENTIFICADO,HABILITADO,CARGA,CARGA Y/O MERCANCÍAS,NO SE CONOCE,SI,VIGENTE,SOAT,LA POSITIVA,SI,VIGENTE,REMOLCADOR,ATROPELLO,14/07/2021,2021,JULIO,MIÉRCOLES,18,NO CORRESPONDE,AVENIDA
A-2021-07-71,V-2021-07-71-1,CALLAO,CALLAO,VENTANILLA,FUGADO,NO CORRESPONDE,NO CORRESPONDE,,NO SE CONOCE,NO CORRESPONDE,NO APLICA,,,NO CORRESPONDE,NO APLICA,VEHICULO NO IDENTIFICADO,ATROPELLO FUGA,14/07/2021,2021,JULIO,MIÉRCOLES,18,PE-20,CARRETERA
A-2021-07-248,V-2021-07-248-1,LIMA,LIMA,SAN MARTIN DE PORRES,IDENTIFICADO,HABILITADO,PARTICULAR,PERSONAS,NO SE CONOCE,SI,VIGENTE,SOAT,INTERSEGURO,SI,VIGENTE,AUTOMÓVIL,ATROPELLO,15/07/2021,2021,JULIO,JUEVES,4,PE-1N,CARRETERA
A-2021-07-250,V-2021-07-250-1,LIMA,LIMA,SAN MARTIN DE PORRES,IDENTIFICADO,HABILITADO,PUBLICO URBANO,PERSONAS,NO SE CONOCE,SI,VIGENTE,SOAT,LA POSITIVA,SI,VIGENTE,AUTOMÓVIL,CHOQUE,16/07/2021,2021,JULIO,VIERNES,7,NO CORRESPONDE,AVENIDA
A-2021-07-250,V-2021-07-250-2,LIMA,LIMA,SAN MARTIN DE PORRES,IDENTIFICADO,NO CORRESPONDE,PARTICULAR,PERSONAS,NO SE CONOCE,NO CORRESPONDE,VIGENTE,,NO APLICA,NO CORRESPONDE,NO APLICA,BICICLETA,CHOQUE,16/07/2021,2021,JULIO,VIERNES,7,NO CORRESPONDE,AVENIDA
A-2021-07-96,V-2021-07-96-1,CALLAO,CALLAO,CALLAO,FUGADO,NO CORRESPONDE,NO CORRESPONDE,,NO SE CONOCE,NO CORRESPONDE,NO APLICA,,,NO CORRESPONDE,NO APLICA,VEHICULO NO IDENTIFICADO,ATROPELLO FUGA,16/07/2021,2021,JULIO,VIERNES,18,PE-20,CARRETERA
A-2021-07-253,V-2021-07-253-1,LIMA,LIMA,VILLA EL SALVADOR,IDENTIFICADO,HABILITADO,PARTICULAR,PERSONAS,NO SE CONOCE,SI,VIGENTE,SOAT,LA POSITIVA,SI,VIGENTE,CAMIONETA PICK UP,DESPISTE,17/07/2021,2021,JULIO,SÁBADO,1,NO CORRESPONDE,AVENIDA
A-2021-07-274,V-2021-07-274-1,CALLAO,CALLAO,CALLAO,FUGADO,NO CORRESPONDE,NO CORRESPONDE,CARGA Y/O MERCANCÍAS,,NO CORRESPONDE,NO APLICA,,,NO CORRESPONDE,NO APLICA,VEHICULO NO IDENTIFICADO,ATROPELLO FUGA,17/07/2021,2021,JULIO,SÁBADO,19,PE-20,CARRETERA
A-2021-07-254,V-2021-07-254-1,LIMA,LIMA,CARABAYLLO,IDENTIFICADO,HABILITADO,PARTICULAR,PERSONAS,NO SE CONOCE,SI,VIGENTE,SOAT,LA POSITIVA,SI,VIGENTE,AUTOMÓVIL,CHOQUE,18/07/2021,2021,JULIO,DOMINGO,19,NO CORRESPONDE,AVENIDA
A-2021-07-254,V-2021-07-254-2,LIMA,LIMA,CARABAYLLO,IDENTIFICADO,NO CORRESPONDE,PARTICULAR,PERSONAS,NO SE CONOCE,SI,VIGENTE,SOAT,LA POSITIVA,SI,VIGENTE,MOTOCICLETA,CHOQUE,18/07/2021,2021,JULIO,DOMINGO,19,NO CORRESPONDE,AVENIDA
A-2021-07-294,V-2021-07-294-1,CALLAO,CALLAO,CALLAO,IDENTIFICADO,HABILITADO,PUBLICO URBANO,PERSONAS,NO SE CONOCE,SI,VIGENTE,SOAT,LA POSITIVA,NO CORRESPONDE,NO APLICA,CAMIONETA RURAL,CAÍDA DE PASAJERO,19/07/2021,2021,JULIO,LUNES,11,PE-20,CARRETERA
A-2021-07-255,V-2021-07-255-1,LIMA,LIMA,INDEPENDENCIA,IDENTIFICADO,NO CORRESPONDE,PARTICULAR,PERSONAS,NO SE CONOCE,SI,VIGENTE,SOAT,LA POSITIVA,SI,VIGENTE,CAMIONETA RURAL,ATROPELLO,21/07/2021,2021,JULIO,MIÉRCOLES,10,NO CORRESPONDE,AVENIDA
A-2021-07-256,V-2021-07-256-1,LIMA,LIMA,SAN MARTIN DE PORRES,IDENTIFICADO,NO HABILITADO,PUBLICO URBANO,PERSONAS,NO SE CONOCE,SI,VIGENTE,SOAT,LA POSITIVA,SI,VIGENTE,CAMIONETA RURAL,CHOQUE,21/07/2021,2021,JULIO,MIÉRCOLES,13,PE-20B,CARRETERA
A-2021-07-256,V-2021-07-256-2,LIMA,LIMA,SAN MARTIN DE PORRES,IDENTIFICADO,HABILITADO,PARTICULAR,PERSONAS,NO SE CONOCE,SI,VIGENTE,SOAT,LA POSITIVA,SI,VIGENTE,AUTOMÓVIL,CHOQUE,21/07/2021,2021,JULIO,MIÉRCOLES,13,PE-20B,CARRETERA
A-2021-07-275,V-2021-07-275-1,CALLAO,CALLAO,CALLAO,IDENTIFICADO,NO CORRESPONDE,PARTICULAR,PERSONAS,NO SE CONOCE,SI,VIGENTE,SOAT,PACIFICO,SI,VIGENTE,AUTOMÓVIL,ATROPELLO,22/07/2021,2021,JULIO,JUEVES,4,PE-20,CARRETERA
A-2021-07-257,V-2021-07-257-1,LIMA,LIMA,ATE,IDENTIFICADO,HABILITADO,PARTICULAR,PERSONAS,NO SE CONOCE,SI,VIGENTE,SOAT,INTERSEGURO,SI,VIGENTE,AUTOMÓVIL,ATROPELLO,22/07/2021,2021,JULIO,JUEVES,15,NO CORRESPONDE,AVENIDA
A-2021-07-258,V-2021-07-258-1,LIMA,LIMA,SAN JUAN DE MIRAFLORES,IDENTIFICADO,HABILITADO,OTRO,PERSONAS,PROVINCIAL,SI,VIGENTE,SOAT,LA POSITIVA,SI,VIGENTE,ÓMNIBUS,DESPISTE,24/07/2021,2021,JULIO,SÁBADO,7,PE-1S,CARRETERA
A-2021-07-259,V-2021-07-259-1,LIMA,LIMA,CARABAYLLO,IDENTIFICADO,HABILITADO,PARTICULAR,PERSONAS,NO SE CONOCE,SI,VIGENTE,SOAT,LA POSITIVA,SI,VIGENTE,CAMIONETA PICK UP,CHOQUE,24/07/2021,2021,JULIO,SÁBADO,16,PE-20A,CARRETERA
A-2021-07-259,V-2021-07-259-2,LIMA,LIMA,CARABAYLLO,IDENTIFICADO,HABILITADO,PARTICULAR,PERSONAS,NO SE CONOCE,SI,VIGENTE,SOAT,LA POSITIVA,NO ESPECIFICA,NO REGISTRA,MOTOCICLETA,CHOQUE,24/07/2021,2021,JULIO,SÁBADO,16,PE-20A,CARRETERA
A-2021-07-124,V-2021-07-124-1,CALLAO,CALLAO,CALLAO,IDENTIFICADO,NO CORRESPONDE,CARGA,CARGA Y/O MERCANCÍAS,PROVINCIAL,,VIGENTE,,MAPFRE,,VIGENTE,REMOLCADOR-SEMIREMOLQUE,ATROPELLO,24/07/2021,2021,JULIO,SÁBADO,21,NO CORRESPONDE,AVENIDA
A-2021-07-260,V-2021-07-260-1,LIMA,LIMA,LURIN,FUGADO,NO CORRESPONDE,NO CORRESPONDE,,NO SE CONOCE,NO CORRESPONDE,NO APLICA,,,NO CORRESPONDE,NO APLICA,VEHICULO NO IDENTIFICADO,ATROPELLO FUGA,26/07/2021,2021,JULIO,LUNES,5,PE-1S,CARRETERA
A-2021-07-261,V-2021-07-261-1,LIMA,LIMA,EL AGUSTINO,IDENTIFICADO,HABILITADO,CARGA,PERSONAS,NO SE CONOCE,SI,VIGENTE,SOAT,LA POSITIVA,SI,VIGENTE,CAMIONETA RURAL,ATROPELLO,27/07/2021,2021,JULIO,MARTES,0,NO CORRESPONDE,AVENIDA
A-2021-07-262,V-2021-07-262-1,LIMA,LIMA,SANTIAGO DE SURCO,IDENTIFICADO,NO HABILITADO,CARGA,CARGA Y/O MERCANCÍAS,NO SE CONOCE,SI,VIGENTE,SOAT,LA POSITIVA,SI,VIGENTE,CAMIÓN,CHOQUE,28/07/2021,2021,JULIO,MIÉRCOLES,6,PE-1S,CARRETERA
A-2021-07-262,V-2021-07-262-2,LIMA,LIMA,SANTIAGO DE SURCO,IDENTIFICADO,HABILITADO,PARTICULAR,PERSONAS,NO SE CONOCE,SI,VIGENTE,SOAT,LA POSITIVA,SI,VIGENTE,MOTOCICLETA,CHOQUE,28/07/2021,2021,JULIO,MIÉRCOLES,6,PE-1S,CARRETERA
A-2021-07-263,V-2021-07-263-1,LIMA,LIMA,SAN MIGUEL,IDENTIFICADO,HABILITADO,PUBLICO URBANO,,,,VIGENTE,,RIMAC,,VIGENTE,ÓMNIBUS,CHOQUE,30/07/2021,2021,JULIO,VIERNES,20,NO CORRESPONDE,AVENIDA
A-2021-07-263,V-2021-07-263-2,LIMA,LIMA,SAN MIGUEL,IDENTIFICADO,HABILITADO,CARGA,,,,VIGENTE,SOAT,INTERSEGURO,,VIGENTE,CAMIÓN,CHOQUE,30/07/2021,2021,JULIO,VIERNES,20,NO CORRESPONDE,AVENIDA
A-2021-08-215,V-2021-08-215-1,LIMA,LIMA,SAN MARTIN DE PORRES,IDENTIFICADO,HABILITADO,PARTICULAR,PERSONAS,NO SE CONOCE,,NO REGISTRA,,,,NO REGISTRA,MOTOCICLETA,CHOQUE CON OBJETO FIJO,01/08/2021,2021,AGOSTO,DOMINGO,19,PE-1N,CARRETERA
A-2021-08-220,V-2021-08-220-1,LIMA,LIMA,SAN BARTOLO,IDENTIFICADO,HABILITADO,CARGA,,,,NO REGISTRA,,,,VIGENTE,SEMIREMOLQUE,DESPISTE,02/08/2021,2021,AGOSTO,LUNES,19,PE-1S,CARRETERA
A-2021-08-220,V-2021-08-220-2,LIMA,LIMA,SAN BARTOLO,IDENTIFICADO,NO CORRESPONDE,PARTICULAR,PERSONAS,NO SE CONOCE,,NO REGISTRA,,,,NO REGISTRA,AUTOMÓVIL,DESPISTE,02/08/2021,2021,AGOSTO,LUNES,19,PE-1S,CARRETERA
A-2021-08-14,V-2021-08-14-1,CALLAO,CALLAO,VENTANILLA,IDENTIFICADO,NO CORRESPONDE,PUBLICO URBANO,PERSONAS,DISTRITAL,,VIGENTE,,RIMAC,,VIGENTE,ÓMNIBUS,CHOQUE,03/08/2021,2021,AGOSTO,MARTES,5,NO CORRESPONDE,AVENIDA
A-2021-08-14,V-2021-08-14-2,CALLAO,CALLAO,VENTANILLA,IDENTIFICADO,NO CORRESPONDE,PUBLICO URBANO,PERSONAS,DISTRITAL,,VIGENTE,,,,NO REGISTRA,TRIMOTO PASAJERO,CHOQUE,03/08/2021,2021,AGOSTO,MARTES,5,NO CORRESPONDE,AVENIDA
A-2021-08-227,V-2021-08-227-1,LIMA,LIMA,COMAS,IDENTIFICADO,HABILITADO,PARTICULAR,PERSONAS,NO SE CONOCE,,VIGENTE,,LA POSITIVA,,NO REGISTRA,MOTOCICLETA,ATROPELLO,03/08/2021,2021,AGOSTO,MARTES,15,NO CORRESPONDE,AVENIDA
A-2021-08-224,V-2021-08-224-1,LIMA,LIMA,CARABAYLLO,IDENTIFICADO,HABILITADO,PARTICULAR,,,,VENCIDO,,LA POSITIVA,,VIGENTE,AUTOMÓVIL,CHOQUE,03/08/2021,2021,AGOSTO,MARTES,17,NO CORRESPONDE,AVENIDA
A-2021-08-224,V-2021-08-224-2,LIMA,LIMA,CARABAYLLO,IDENTIFICADO,HABILITADO,PUBLICO URBANO,,,,VENCIDO,,LA POSITIVA,,VIGENTE,ÓMNIBUS,CHOQUE,03/08/2021,2021,AGOSTO,MARTES,17,NO CORRESPONDE,AVENIDA
A-2021-08-225,V-2021-08-225-1,LIMA,LIMA,CHORRILLOS,IDENTIFICADO,NO HABILITADO,PARTICULAR,,,,NO REGISTRA,,,,NO REGISTRA,TRIMOTO PASAJERO,ATROPELLO FUGA,04/08/2021,2021,AGOSTO,MIÉRCOLES,13,NO CORRESPONDE,CALLE
A-2021-08-228,V-2021-08-228-1,LIMA,LIMA,SAN MARTIN DE PORRES,IDENTIFICADO,HABILITADO,PARTICULAR,PERSONAS,NO SE CONOCE,,VIGENTE,,LA POSITIVA,,VIGENTE,MOTOCICLETA,CHOQUE,05/08/2021,2021,AGOSTO,JUEVES,10,NO CORRESPONDE,AVENIDA
A-2021-08-228,V-2021-08-228-2,LIMA,LIMA,SAN MARTIN DE PORRES,IDENTIFICADO,NO CORRESPONDE,PARTICULAR,,,,VIGENTE,,NO APLICA,,NO APLICA,BICICLETA,CHOQUE,05/08/2021,2021,AGOSTO,JUEVES,10,NO CORRESPONDE,AVENIDA
A-2021-08-261,V-2021-08-261-1,LIMA,LIMA,LA VICTORIA,IDENTIFICADO,HABILITADO,PARTICULAR,,,,VIGENTE,,LA POSITIVA,,NO REGISTRA,REMOLCADOR,ATROPELLO,05/08/2021,2021,AGOSTO,JUEVES,10,NO CORRESPONDE,AVENIDA
A-2021-08-229,V-2021-08-229-1,LIMA,LIMA,LOS OLIVOS,FUGADO,NO CORRESPONDE,,,,,,,,,,VEHICULO NO IDENTIFICADO,CHOQUE FUGA,07/08/2021,2021,AGOSTO,SÁBADO,21,PE-1N,CARRETERA
A-2021-08-229,V-2021-08-229-2,LIMA,LIMA,LOS OLIVOS,IDENTIFICADO,NO CORRESPONDE,PARTICULAR,,,,,,NO APLICA,,NO APLICA,BICICLETA,CHOQUE FUGA,07/08/2021,2021,AGOSTO,SÁBADO,21,PE-1N,CARRETERA
A-2021-08-230,V-2021-08-230-1,LIMA,LIMA,SAN MARTIN DE PORRES,IDENTIFICADO,HABILITADO,CARGA,CARGA Y/O MERCANCÍAS,NACIONAL,,VIGENTE,SOAT,PROTECTA,,VIGENTE,REMOLCADOR-SEMIREMOLQUE,ATROPELLO,10/08/2021,2021,AGOSTO,MARTES,6,NO CORRESPONDE,AVENIDA
A-2021-08-231,V-2021-08-231-1,LIMA,LIMA,VILLA EL SALVADOR,IDENTIFICADO,HABILITADO,CARGA,,,,VIGENTE,SOAT,INTERSEGURO,,VIGENTE,CAMIÓN,ATROPELLO,10/08/2021,2021,AGOSTO,MARTES,7,NO CORRESPONDE,AVENIDA
A-2021-08-232,V-2021-08-232-1,LIMA,LIMA,CHORRILLOS,IDENTIFICADO,HABILITADO,CARGA,,,,VIGENTE,SOAT,INTERSEGURO,,VIGENTE,CAMIÓN,ATROPELLO,10/08/2021,2021,AGOSTO,MARTES,7,NO CORRESPONDE,AVENIDA
A-2021-08-234,V-2021-08-234-1,LIMA,LIMA,COMAS,IDENTIFICADO,HABILITADO,PARTICULAR,PERSONAS,NO SE CONOCE,SI,VIGENTE,SOAT,LA POSITIVA,NO CORRESPONDE,NO APLICA,MOTOCICLETA,CHOQUE,11/08/2021,2021,AGOSTO,MIÉRCOLES,9,NO CORRESPONDE,JIRÓN
A-2021-08-234,V-2021-08-234-2,LIMA,LIMA,COMAS,IDENTIFICADO,NO CORRESPONDE,CARGA,PERSONAS,NO SE CONOCE,NO CORRESPONDE,VIGENTE,,NO APLICA,NO CORRESPONDE,NO APLICA,TRIMOTO CARGA,CHOQUE,11/08/2021,2021,AGOSTO,MIÉRCOLES,9,NO CORRESPONDE,JIRÓN
A-2021-08-235,V-2021-08-235-1,LIMA,LIMA,LOS OLIVOS,IDENTIFICADO,HABILITADO,PUBLICO URBANO,,,,VIGENTE,,RIMAC,,VIGENTE,ÓMNIBUS,ATROPELLO,13/08/2021,2021,AGOSTO,VIERNES,9,NO CORRESPONDE,AVENIDA
A-2021-08-236,V-2021-08-236-1,LIMA,LIMA,VILLA EL SALVADOR,IDENTIFICADO,NO CORRESPONDE,OTRO,CARGA Y/O MERCANCÍAS,NO SE CONOCE,,NO APLICA,,NO APLICA,,NO APLICA,OTRO,ATROPELLO,13/08/2021,2021,AGOSTO,VIERNES,16,NO CORRESPONDE,OTRO
A-2021-08-237,V-2021-08-237-1,LIMA,LIMA,COMAS,IDENTIFICADO,HABILITADO,CARGA,CARGA Y/O MERCANCÍAS,PROVINCIAL,SI,VIGENTE,OTRO,,SI,VIGENTE,CAMIÓN,ATROPELLO,14/08/2021,2021,AGOSTO,SÁBADO,15,NO CORRESPONDE,AVENIDA
A-2021-08-238,V-2021-08-238-1,LIMA,LIMA,VILLA EL SALVADOR,IDENTIFICADO,HABILITADO,OTRO,CARGA Y/O MERCANCÍAS,PROVINCIAL,,VIGENTE,SOAT,INTERSEGURO,,VIGENTE,CAMIÓN,ATROPELLO,16/08/2021,2021,AGOSTO,LUNES,9,NO CORRESPONDE,AVENIDA
A-2021-08-332,V-2021-08-332-1,LIMA,LIMA,LIMA,IDENTIFICADO,HABILITADO,PUBLICO URBANO,PERSONAS,DISTRITAL,SI,VIGENTE,SOAT,LA POSITIVA,SI,VIGENTE,TRIMOTO PASAJERO,CHOQUE FUGA,17/08/2021,2021,AGOSTO,MARTES,8,NO CORRESPONDE,AVENIDA
A-2021-08-332,V-2021-08-332-2,LIMA,LIMA,LIMA,IDENTIFICADO,HABILITADO,PUBLICO URBANO,PERSONAS,DISTRITAL,SI,VIGENTE,SOAT,MAPFRE,SI,VIGENTE,CAMIONETA RURAL,CHOQUE FUGA,17/08/2021,2021,AGOSTO,MARTES,8,NO CORRESPONDE,AVENIDA
A-2021-08-239,V-2021-08-239-1,LIMA,LIMA,BREÑA,IDENTIFICADO,NO CORRESPONDE,PUBLICO URBANO,PERSONAS,PROVINCIAL,,NO REGISTRA,,,,NO REGISTRA,ÓMNIBUS,ATROPELLO,18/08/2021,2021,AGOSTO,MIÉRCOLES,9,NO CORRESPONDE,AVENIDA
A-2021-08-240,V-2021-08-240-1,LIMA,LIMA,ANCON,IDENTIFICADO,HABILITADO,PARTICULAR,,,,VIGENTE,SOAT,INTERSEGURO,,VIGENTE,AUTOMÓVIL,ATROPELLO FUGA,18/08/2021,2021,AGOSTO,MIÉRCOLES,19,PE-1N,CARRETERA
A-2021-08-242,V-2021-08-242-1,LIMA,LIMA,ATE,IDENTIFICADO,NO CORRESPONDE,CARGA,,,,NO APLICA,,NO APLICA,,NO APLICA,OTRO,ESPECIAL,19/08/2021,2021,AGOSTO,JUEVES,13,PE-22,CARRETERA
A-2021-08-241,V-2021-08-241-1,LIMA,LIMA,COMAS,FUGADO,,,,,,,,,,,VEHICULO NO IDENTIFICADO,ATROPELLO FUGA,20/08/2021,2021,AGOSTO,VIERNES,21,NO CORRESPONDE,AVENIDA
A-2021-08-243,V-2021-08-243-1,LIMA,LIMA,CHORRILLOS,IDENTIFICADO,HABILITADO,PUBLICO URBANO,,,,VIGENTE,,LA POSITIVA,,VIGENTE,ÓMNIBUS,ATROPELLO,21/08/2021,2021,AGOSTO,SÁBADO,23,NO CORRESPONDE,AVENIDA
A-2021-08-244,V-2021-08-244-1,LIMA,LIMA,SAN MARTIN DE PORRES,IDENTIFICADO,HABILITADO,PARTICULAR,,,,VIGENTE,,LA POSITIVA,,NO REGISTRA,MOTOCICLETA,VOLCADURA,22/08/2021,2021,AGOSTO,DOMINGO,4,NO CORRESPONDE,AVENIDA
A-2021-08-245,V-2021-08-245-1,LIMA,LIMA,SAN BARTOLO,IDENTIFICADO,HABILITADO,REGULAR(INTERPROVINCIAL),,,,VIGENTE,,MAPFRE,,VIGENTE,CAMIONETA RURAL,ATROPELLO,22/08/2021,2021,AGOSTO,DOMINGO,18,PE-1S,CARRETERA
A-2021-08-247,V-2021-08-247-1,LIMA,LIMA,SANTIAGO DE SURCO,IDENTIFICADO,HABILITADO,CARGA,,,,VIGENTE,,LA POSITIVA,,VIGENTE,REMOLCADOR-SEMIREMOLQUE,CHOQUE,22/08/2021,2021,AGOSTO,DOMINGO,23,PE-1S,CARRETERA
A-2021-08-247,V-2021-08-247-2,LIMA,LIMA,SANTIAGO DE SURCO,IDENTIFICADO,HABILITADO,CARGA,,,,VIGENTE,,MAPFRE,,VIGENTE,CAMIÓN,CHOQUE,22/08/2021,2021,AGOSTO,DOMINGO,23,PE-1S,CARRETERA
A-2021-08-249,V-2021-08-249-1,LIMA,LIMA,SAN MARTIN DE PORRES,IDENTIFICADO,HABILITADO,PARTICULAR,,,SI,VIGENTE,CAT,,SI,VIGENTE,TRIMOTO PASAJERO,ATROPELLO,24/08/2021,2021,AGOSTO,MARTES,14,NO CORRESPONDE,AVENIDA
A-2021-08-290,V-2021-08-290-1,CALLAO,CALLAO,CALLAO,FUGADO,NO CORRESPONDE,NO CORRESPONDE,PERSONAS,,NO CORRESPONDE,NO APLICA,,,NO CORRESPONDE,NO APLICA,VEHICULO NO IDENTIFICADO,ATROPELLO FUGA,24/08/2021,2021,AGOSTO,MARTES,19,PE-20B,CARRETERA
A-2021-08-248,V-2021-08-248-1,LIMA,LIMA,LURIN,IDENTIFICADO,HABILITADO,CARGA,,,,VIGENTE,SOAT,INTERSEGURO,,VIGENTE,REMOLCADOR-SEMIREMOLQUE,ATROPELLO,24/08/2021,2021,AGOSTO,MARTES,23,NO CORRESPONDE,AVENIDA
A-2021-08-248,V-2021-08-248-2,LIMA,LIMA,LURIN,IDENTIFICADO,HABILITADO,PARTICULAR,,,,VIGENTE,,MAPFRE,,VIGENTE,AUTOMÓVIL,ATROPELLO,24/08/2021,2021,AGOSTO,MARTES,23,NO CORRESPONDE,AVENIDA
A-2021-08-250,V-2021-08-250-1,LIMA,LIMA,EL AGUSTINO,IDENTIFICADO,HABILITADO,PARTICULAR,,,,VIGENTE,,LA POSITIVA,,NO REGISTRA,MOTOCICLETA,CHOQUE,25/08/2021,2021,AGOSTO,MIÉRCOLES,12,NO CORRESPONDE,AVENIDA
A-2021-08-250,V-2021-08-250-2,LIMA,LIMA,EL AGUSTINO,IDENTIFICADO,HABILITADO,PARTICULAR,,,,VIGENTE,,LA POSITIVA,,NO REGISTRA,MOTOCICLETA,CHOQUE,25/08/2021,2021,AGOSTO,MIÉRCOLES,12,NO CORRESPONDE,AVENIDA
A-2021-08-251,V-2021-08-251-1,LIMA,LIMA,ANCON,IDENTIFICADO,HABILITADO,REGULAR(INTERPROVINCIAL),,,,VIGENTE,,LA POSITIVA,,VIGENTE,CAMIONETA RURAL,CHOQUE,25/08/2021,2021,AGOSTO,MIÉRCOLES,14,PE-1N,CARRETERA
A-2021-08-251,V-2021-08-251-2,LIMA,LIMA,ANCON,IDENTIFICADO,HABILITADO,PUBLICO URBANO,,,,VIGENTE,SOAT,CRECER SEGUROS,,VIGENTE,CAMIONETA RURAL,CHOQUE,25/08/2021,2021,AGOSTO,MIÉRCOLES,14,PE-1N,CARRETERA
A-2021-08-253,V-2021-08-253-1,LIMA,LIMA,SAN ISIDRO,IDENTIFICADO,HABILITADO,PUBLICO URBANO,,,,VIGENTE,,RIMAC,,VIGENTE,ÓMNIBUS,CHOQUE,26/08/2021,2021,AGOSTO,JUEVES,19,NO CORRESPONDE,AVENIDA
A-2021-08-253,V-2021-08-253-2,LIMA,LIMA,SAN ISIDRO,IDENTIFICADO,NO CORRESPONDE,PARTICULAR,,,,VIGENTE,,NO APLICA,,NO APLICA,BICICLETA,CHOQUE,26/08/2021,2021,AGOSTO,JUEVES,19,NO CORRESPONDE,AVENIDA
A-2021-08-252,V-2021-08-252-1,LIMA,LIMA,RIMAC,IDENTIFICADO,HABILITADO,PARTICULAR,PERSONAS,NO SE CONOCE,,VIGENTE,,LA POSITIVA,,VIGENTE,MOTOCICLETA,DESPISTE,29/08/2021,2021,AGOSTO,DOMINGO,2,NO CORRESPONDE,AVENIDA
A-2021-08-254,V-2021-08-254-1,LIMA,LIMA,SAN MIGUEL,IDENTIFICADO,HABILITADO,PARTICULAR,,,,VIGENTE,,MAPFRE,,VIGENTE,AUTOMÓVIL,CHOQUE,29/08/2021,2021,AGOSTO,DOMINGO,14,NO CORRESPONDE,AVENIDA
A-2021-08-254,V-2021-08-254-2,LIMA,LIMA,SAN MIGUEL,IDENTIFICADO,HABILITADO,PARTICULAR,,,,VIGENTE,,MAPFRE,,NO REGISTRA,MOTOCICLETA,CHOQUE,29/08/2021,2021,AGOSTO,DOMINGO,14,NO CORRESPONDE,AVENIDA
A-2021-09-51,V-2021-09-51-1,LIMA,LIMA,ANCON,IDENTIFICADO,HABILITADO,OTRO,,,,VIGENTE,,MAPFRE,,VIGENTE,CAMIONETA RURAL,ATROPELLO,01/09/2021,2021,SETIEMBRE,MIÉRCOLES,17,NO CORRESPONDE,AVENIDA
A-2021-09-52,V-2021-09-52-1,LIMA,LIMA,SAN JUAN DE MIRAFLORES,IDENTIFICADO,HABILITADO,CARGA,CARGA Y/O MERCANCÍAS,REGIONAL,,VIGENTE,,PACIFICO,,VIGENTE,CAMIÓN,ATROPELLO,01/09/2021,2021,SETIEMBRE,MIÉRCOLES,17,NO CORRESPONDE,AVENIDA
A-2021-09-53,V-2021-09-53-1,LIMA,LIMA,VILLA EL SALVADOR,IDENTIFICADO,HABILITADO,PUBLICO URBANO,,,,VIGENTE,,LA POSITIVA,,VIGENTE,ÓMNIBUS,ATROPELLO,03/09/2021,2021,SETIEMBRE,VIERNES,13,NO CORRESPONDE,AVENIDA
A-2021-09-54,V-2021-09-54-1,LIMA,LIMA,EL AGUSTINO,IDENTIFICADO,HABILITADO,CARGA,CARGA Y/O MERCANCÍAS,REGIONAL,,VIGENTE,,LA POSITIVA,,VIGENTE,REMOLCADOR-SEMIREMOLQUE,ATROPELLO,04/09/2021,2021,SETIEMBRE,SÁBADO,16,NO CORRESPONDE,AVENIDA
A-2021-09-55,V-2021-09-55-1,LIMA,LIMA,LOS OLIVOS,IDENTIFICADO,HABILITADO,PARTICULAR,PERSONAS,NO SE CONOCE,,NO REGISTRA,,,,NO REGISTRA,MOTOCICLETA,ATROPELLO,05/09/2021,2021,SETIEMBRE,DOMINGO,6,NO CORRESPONDE,AVENIDA
A-2021-09-114,V-2021-09-114-1,LIMA,LIMA,EL AGUSTINO,IDENTIFICADO,HABILITADO,PARTICULAR,,,,VIGENTE,,LA POSITIVA,,NO REGISTRA,MOTOCICLETA,ATROPELLO,09/09/2021,2021,SETIEMBRE,JUEVES,8,NO CORRESPONDE,AVENIDA
A-2021-09-118,V-2021-09-118-1,LIMA,LIMA,CHACLACAYO,IDENTIFICADO,HABILITADO,CARGA,,,,NO REGISTRA,,,,NO REGISTRA,OTRO,ESPECIAL,11/09/2021,2021,SETIEMBRE,SÁBADO,17,PE-22,CARRETERA
A-2021-09-119,V-2021-09-119-1,LIMA,LIMA,VILLA EL SALVADOR,IDENTIFICADO,HABILITADO,CARGA,,,,VIGENTE,,LA POSITIVA,,VIGENTE,REMOLCADOR-SEMIREMOLQUE,CHOQUE,12/09/2021,2021,SETIEMBRE,DOMINGO,19,NO CORRESPONDE,AVENIDA
A-2021-09-119,V-2021-09-119-2,LIMA,LIMA,VILLA EL SALVADOR,IDENTIFICADO,HABILITADO,PARTICULAR,,,,VIGENTE,SOAT,CRECER SEGUROS,,VIGENTE,MOTOCICLETA,CHOQUE,12/09/2021,2021,SETIEMBRE,DOMINGO,19,NO CORRESPONDE,AVENIDA
A-2021-09-121,V-2021-09-121-1,LIMA,LIMA,LOS OLIVOS,IDENTIFICADO,HABILITADO,PARTICULAR,,,,VIGENTE,,LA POSITIVA,,VIGENTE,MOTOCICLETA,DESPISTE,14/09/2021,2021,SETIEMBRE,MARTES,21,PE-1N,CARRETERA
A-2021-09-124,V-2021-09-124-1,LIMA,LIMA,MIRAFLORES,IDENTIFICADO,HABILITADO,PUBLICO URBANO,PERSONAS,NO SE CONOCE,,VIGENTE,,MAPFRE,,VIGENTE,ÓMNIBUS,ATROPELLO,15/09/2021,2021,SETIEMBRE,MIÉRCOLES,6,NO CORRESPONDE,AVENIDA
A-2021-09-126,V-2021-09-126-1,LIMA,LIMA,VILLA EL SALVADOR,IDENTIFICADO,HABILITADO,PARTICULAR,PERSONAS,NO SE CONOCE,,VIGENTE,,PACIFICO,,VIGENTE,AUTOMÓVIL,ATROPELLO,19/09/2021,2021,SETIEMBRE,DOMINGO,9,NO CORRESPONDE,AVENIDA
A-2021-09-127,V-2021-09-127-1,LIMA,LIMA,RIMAC,IDENTIFICADO,HABILITADO,PARTICULAR,,,,NO REGISTRA,,,,NO REGISTRA,TRIMOTO PASAJERO,VOLCADURA,20/09/2021,2021,SETIEMBRE,LUNES,23,NO CORRESPONDE,AVENIDA
A-2021-09-133,V-2021-09-133-1,LIMA,LIMA,SAN JUAN DE MIRAFLORES,IDENTIFICADO,HABILITADO,PARTICULAR,,,,VIGENTE,,LA POSITIVA,,NO REGISTRA,MOTOCICLETA,CHOQUE CON OBJETO FIJO,23/09/2021,2021,SETIEMBRE,JUEVES,12,PE-1S,CARRETERA
A-2021-09-135,V-2021-09-135-1,LIMA,LIMA,VILLA EL SALVADOR,IDENTIFICADO,HABILITADO,CARGA,PERSONAS,PROVINCIAL,,VIGENTE,SOAT,INTERSEGURO,,VIGENTE,CAMIONETA PANEL,CHOQUE,24/09/2021,2021,SETIEMBRE,VIERNES,12,NO CORRESPONDE,AVENIDA
A-2021-09-135,V-2021-09-135-2,LIMA,LIMA,VILLA EL SALVADOR,IDENTIFICADO,HABILITADO,TAXI,,,,VIGENTE,,,,NO REGISTRA,TRIMOTO PASAJERO,CHOQUE,24/09/2021,2021,SETIEMBRE,VIERNES,12,NO CORRESPONDE,AVENIDA
A-2021-09-154,V-2021-09-154-1,LIMA,LIMA,LIMA,IDENTIFICADO,HABILITADO,PARTICULAR,PERSONAS,NO SE CONOCE,,VIGENTE,,LA POSITIVA,,NO APLICA,MOTOCICLETA,DESPISTE,25/09/2021,2021,SETIEMBRE,SÁBADO,6,NO CORRESPONDE,AVENIDA
A-2021-09-156,V-2021-09-156-1,LIMA,LIMA,LURIN,IDENTIFICADO,HABILITADO,CARGA,CARGA Y/O MERCANCÍAS,NO SE CONOCE,,VIGENTE,SOAT,INTERSEGURO,,VIGENTE,REMOLCADOR,ATROPELLO,27/09/2021,2021,SETIEMBRE,LUNES,18,NO CORRESPONDE,AVENIDA
A-2021-09-155,V-2021-09-155-1,LIMA,LIMA,BREÑA,IDENTIFICADO,HABILITADO,TAXI,PERSONAS,DISTRITAL,,VIGENTE,SOAT,INTERSEGURO,,VIGENTE,AUTOMÓVIL,ATROPELLO,27/09/2021,2021,SETIEMBRE,LUNES,20,NO CORRESPONDE,AVENIDA
A-2021-09-222,V-2021-09-222-1,LIMA,LIMA,SAN JUAN DE LURIGANCHO,IDENTIFICADO,HABILITADO,PUBLICO URBANO,,,,VIGENTE,,LA POSITIVA,,VIGENTE,ÓMNIBUS,ATROPELLO,29/09/2021,2021,SETIEMBRE,MIÉRCOLES,9,NO CORRESPONDE,AVENIDA
A-2021-09-224,V-2021-09-224-1,LIMA,LIMA,LIMA,IDENTIFICADO,HABILITADO,PARTICULAR,PERSONAS,NO SE CONOCE,,NO REGISTRA,,,,VIGENTE,MINIBUS,ATROPELLO,29/09/2021,2021,SETIEMBRE,MIÉRCOLES,12,NO CORRESPONDE,AVENIDA
A-2021-09-223,V-2021-09-223-1,LIMA,LIMA,LURIN,IDENTIFICADO,HABILITADO,CARGA,CARGA Y/O MERCANCÍAS,PROVINCIAL,,VIGENTE,SOAT,INTERSEGURO,,VIGENTE,REMOLCADOR-SEMIREMOLQUE,CHOQUE,29/09/2021,2021,SETIEMBRE,MIÉRCOLES,20,NO CORRESPONDE,AVENIDA
A-2021-09-223,V-2021-09-223-2,LIMA,LIMA,LURIN,IDENTIFICADO,HABILITADO,CARGA,CARGA Y/O MERCANCÍAS,PROVINCIAL,,VIGENTE,,MAPFRE,,VIGENTE,REMOLCADOR,CHOQUE,29/09/2021,2021,SETIEMBRE,MIÉRCOLES,20,NO CORRESPONDE,AVENIDA
A-2021-09-226,V-2021-09-226-1,LIMA,LIMA,COMAS,IDENTIFICADO,HABILITADO,VEHICULO POLICIAL,,,,VIGENTE,SOAT,PROTECTA,,VIGENTE,AUTOMÓVIL,CHOQUE CON OBJETO FIJO,30/09/2021,2021,SETIEMBRE,JUEVES,0,NO CORRESPONDE,AVENIDA
A-2021-10-40,V-2021-10-40-1,LIMA,LIMA,SAN JUAN DE LURIGANCHO,FUGADO,,,,NO SE CONOCE,,,,,,,VEHICULO NO IDENTIFICADO,ATROPELLO FUGA,01/10/2021,2021,OCTUBRE,VIERNES,19,NO CORRESPONDE,AVENIDA
A-2021-10-41,V-2021-10-41-1,LIMA,LIMA,SAN MARTIN DE PORRES,IDENTIFICADO,HABILITADO,PARTICULAR,PERSONAS,NO SE CONOCE,,NO REGISTRA,,,,NO REGISTRA,MOTOCICLETA,DESPISTE,03/10/2021,2021,OCTUBRE,DOMINGO,12,NO CORRESPONDE,AVENIDA
A-2021-10-42,V-2021-10-42-1,LIMA,LIMA,INDEPENDENCIA,IDENTIFICADO,HABILITADO,PARTICULAR,PERSONAS,NO SE CONOCE,,VENCIDO,,LA POSITIVA,,NO REGISTRA,MOTOCICLETA,ATROPELLO,05/10/2021,2021,OCTUBRE,MARTES,14,NO CORRESPONDE,AVENIDA
A-2021-10-43,V-2021-10-43-1,LIMA,LIMA,SANTIAGO DE SURCO,IDENTIFICADO,HABILITADO,CARGA,PERSONAS,NO SE CONOCE,,VENCIDO,,MAPFRE,,VIGENTE,REMOLCADOR,ATROPELLO,06/10/2021,2021,OCTUBRE,MIÉRCOLES,17,PE-1S,CARRETERA
A-2021-10-49,V-2021-10-49-1,LIMA,LIMA,BARRANCO,IDENTIFICADO,NO HABILITADO,TAXI,PERSONAS,DISTRITAL,,VENCIDO,,MAPFRE,,VENCIDO,AUTOMÓVIL,CHOQUE CON OBJETO FIJO,07/10/2021,2021,OCTUBRE,JUEVES,16,NO CORRESPONDE,AVENIDA
A-2021-10-50,V-2021-10-50-1,LIMA,LIMA,VILLA EL SALVADOR,IDENTIFICADO,HABILITADO,PARTICULAR,,,,NO REGISTRA,,,,NO REGISTRA,MOTOCICLETA,VOLCADURA,07/10/2021,2021,OCTUBRE,JUEVES,19,NO CORRESPONDE,AVENIDA
A-2021-10-51,V-2021-10-51-1,LIMA,LIMA,SANTIAGO DE SURCO,IDENTIFICADO,HABILITADO,PARTICULAR,,,,VIGENTE,,LA POSITIVA,,NO REGISTRA,MOTOCICLETA,CHOQUE CON OBJETO FIJO,07/10/2021,2021,OCTUBRE,JUEVES,19,PE-1S,CARRETERA
A-2021-10-52,V-2021-10-52-1,LIMA,LIMA,COMAS,IDENTIFICADO,HABILITADO,PARTICULAR,,,,VIGENTE,SOAT,INTERSEGURO,,VIGENTE,CAMIONETA RURAL,ATROPELLO,08/10/2021,2021,OCTUBRE,VIERNES,10,NO CORRESPONDE,AVENIDA
A-2021-10-133,V-2021-10-133-1,CALLAO,CALLAO,BELLAVISTA,IDENTIFICADO,NO CORRESPONDE,PARTICULAR,,,SI,VIGENTE,SOAT,MAPFRE,NO CORRESPONDE,NO APLICA,MOTOCICLETA,DESPISTE,08/10/2021,2021,OCTUBRE,VIERNES,23,NO CORRESPONDE,AVENIDA
A-2021-10-53,V-2021-10-53-1,LIMA,LIMA,LURIN,IDENTIFICADO,HABILITADO,SERVICIO ESPECIAL DE PASAJEROS,,,NO ESPECIFICA,NO REGISTRA,,,NO ESPECIFICA,NO REGISTRA,TRIMOTO PASAJERO,CHOQUE,09/10/2021,2021,OCTUBRE,SÁBADO,20,NO CORRESPONDE,AVENIDA
A-2021-10-53,V-2021-10-53-2,LIMA,LIMA,LURIN,IDENTIFICADO,HABILITADO,PARTICULAR,,,SI,NO REGISTRA,SOAT,LA POSITIVA,SI,VIGENTE,CAMIONETA RURAL,CHOQUE,09/10/2021,2021,OCTUBRE,SÁBADO,20,NO CORRESPONDE,AVENIDA
A-2021-10-54,V-2021-10-54-1,LIMA,LIMA,PUENTE PIEDRA,IDENTIFICADO,HABILITADO,PUBLICO URBANO,,,SI,VIGENTE,SOAT,MAPFRE,SI,VIGENTE,MINIBUS,ATROPELLO,11/10/2021,2021,OCTUBRE,LUNES,5,PE-1N,CARRETERA
A-2021-10-187,V-2021-10-187-1,LIMA,LIMA,LOS OLIVOS,IDENTIFICADO,HABILITADO,PUBLICO URBANO,,,SI,VIGENTE,SOAT,RIMAC,SI,VIGENTE,ÓMNIBUS,VOLCADURA,13/10/2021,2021,OCTUBRE,MIÉRCOLES,7,NO CORRESPONDE,AVENIDA
A-2021-10-187,V-2021-10-187-2,LIMA,LIMA,LOS OLIVOS,IDENTIFICADO,NO CORRESPONDE,PARTICULAR,,,SI,VIGENTE,SOAT,LA POSITIVA,NO ESPECIFICA,NO REGISTRA,MOTOCICLETA,VOLCADURA,13/10/2021,2021,OCTUBRE,MIÉRCOLES,7,NO CORRESPONDE,AVENIDA
A-2021-10-188,V-2021-10-188-1,LIMA,LIMA,ATE,IDENTIFICADO,NO CORRESPONDE,PARTICULAR,,,SI,VENCIDO,SOAT,LA POSITIVA,NO ESPECIFICA,NO REGISTRA,MOTOCICLETA,CHOQUE,13/10/2021,2021,OCTUBRE,MIÉRCOLES,8,PE-1S,CARRETERA
A-2021-10-188,V-2021-10-188-2,LIMA,LIMA,ATE,IDENTIFICADO,NO CORRESPONDE,CARGA,CARGA Y/O MERCANCÍAS,NO SE CONOCE,SI,VENCIDO,SOAT,MAPFRE,SI,VIGENTE,CAMIÓN,CHOQUE,13/10/2021,2021,OCTUBRE,MIÉRCOLES,8,PE-1S,CARRETERA
A-2021-10-189,V-2021-10-189-1,LIMA,LIMA,LURIN,IDENTIFICADO,HABILITADO,PUBLICO URBANO,PERSONAS,DISTRITAL,SI,VENCIDO,SOAT,LA POSITIVA,SI,VIGENTE,ÓMNIBUS,ESPECIAL,14/10/2021,2021,OCTUBRE,JUEVES,8,PE-1S,CARRETERA
A-2021-10-189,V-2021-10-189-2,LIMA,LIMA,LURIN,IDENTIFICADO,NO CORRESPONDE,PARTICULAR,PERSONAS,NO SE CONOCE,SI,VENCIDO,SOAT,LA POSITIVA,SI,VIGENTE,CAMIONETA RURAL,ESPECIAL,14/10/2021,2021,OCTUBRE,JUEVES,8,PE-1S,CARRETERA
A-2021-10-190,V-2021-10-190-1,LIMA,LIMA,LA VICTORIA,IDENTIFICADO,NO CORRESPONDE,PARTICULAR,PERSONAS,NO SE CONOCE,SI,VIGENTE,SOAT,LA POSITIVA,NO,NO REGISTRA,MOTOCICLETA,CHOQUE,14/10/2021,2021,OCTUBRE,JUEVES,22,NO CORRESPONDE,AVENIDA
A-2021-10-190,V-2021-10-190-2,LIMA,LIMA,LA VICTORIA,IDENTIFICADO,HABILITADO,CARGA,CARGA Y/O MERCANCÍAS,NACIONAL,SI,VIGENTE,SOAT,LA POSITIVA,SI,VIGENTE,CAMIONETA PICK UP,CHOQUE,14/10/2021,2021,OCTUBRE,JUEVES,22,NO CORRESPONDE,AVENIDA
A-2021-10-134,V-2021-10-134-1,CALLAO,CALLAO,VENTANILLA,IDENTIFICADO,NO CORRESPONDE,PARTICULAR,PERSONAS,NO SE CONOCE,SI,VIGENTE,SOAT,PACIFICO,NO ESPECIFICA,NO REGISTRA,AUTOMÓVIL,CHOQUE,17/10/2021,2021,OCTUBRE,DOMINGO,5,PE-20,CARRETERA
A-2021-10-134,V-2021-10-134-2,CALLAO,CALLAO,VENTANILLA,IDENTIFICADO,HABILITADO,PARTICULAR,PERSONAS,NO SE CONOCE,SI,VIGENTE,SOAT,LA POSITIVA,NO ESPECIFICA,NO REGISTRA,MOTOCICLETA,CHOQUE,17/10/2021,2021,OCTUBRE,DOMINGO,5,PE-20,CARRETERA
A-2021-10-191,V-2021-10-191-1,LIMA,LIMA,LA VICTORIA,IDENTIFICADO,NO CORRESPONDE,PARTICULAR,,,SI,VIGENTE,SOAT,LA POSITIVA,NO,NO REGISTRA,MOTOCICLETA,ATROPELLO,17/10/2021,2021,OCTUBRE,DOMINGO,13,NO CORRESPONDE,AVENIDA
A-2021-10-192,V-2021-10-192-1,LIMA,LIMA,CARABAYLLO,IDENTIFICADO,NO CORRESPONDE,PARTICULAR,,,NO ESPECIFICA,NO REGISTRA,,,NO,NO REGISTRA,MOTOCICLETA,CHOQUE,17/10/2021,2021,OCTUBRE,DOMINGO,16,NO CORRESPONDE,AVENIDA
A-2021-10-192,V-2021-10-192-2,LIMA,LIMA,CARABAYLLO,IDENTIFICADO,NO CORRESPONDE,PARTICULAR,,,SI,NO REGISTRA,SOAT,LA POSITIVA,NO,NO REGISTRA,MOTOCICLETA,CHOQUE,17/10/2021,2021,OCTUBRE,DOMINGO,16,NO CORRESPONDE,AVENIDA
A-2021-10-193,V-2021-10-193-1,LIMA,LIMA,BREÑA,IDENTIFICADO,NO CORRESPONDE,PARTICULAR,,,NO ESPECIFICA,NO REGISTRA,,,NO ESPECIFICA,NO REGISTRA,AUTOMÓVIL,ATROPELLO,18/10/2021,2021,OCTUBRE,LUNES,14,NO CORRESPONDE,AVENIDA
A-2021-10-194,V-2021-10-194-1,LIMA,LIMA,SANTIAGO DE SURCO,IDENTIFICADO,NO CORRESPONDE,PARTICULAR,,,SI,VIGENTE,SOAT,LA POSITIVA,NO ESPECIFICA,NO REGISTRA,MOTOCICLETA,ATROPELLO,18/10/2021,2021,OCTUBRE,LUNES,18,NO CORRESPONDE,AVENIDA
A-2021-10-195,V-2021-10-195-1,LIMA,LIMA,LURIN,IDENTIFICADO,NO CORRESPONDE,PARTICULAR,,,SI,VIGENTE,SOAT,PACIFICO,SI,VIGENTE,AUTOMÓVIL,DESPISTE,19/10/2021,2021,OCTUBRE,MARTES,23,PE-1S,CARRETERA
A-2021-10-196,V-2021-10-196-1,LIMA,LIMA,COMAS,IDENTIFICADO,NO CORRESPONDE,PARTICULAR,,,SI,VIGENTE,SOAT,LA POSITIVA,NO ESPECIFICA,NO REGISTRA,MOTOCICLETA,ATROPELLO,20/10/2021,2021,OCTUBRE,MIÉRCOLES,14,NO CORRESPONDE,AVENIDA
A-2021-10-197,V-2021-10-197-1,LIMA,LIMA,PUENTE PIEDRA,IDENTIFICADO,NO CORRESPONDE,PARTICULAR,,,SI,VIGENTE,SOAT,LA POSITIVA,SI,VIGENTE,AUTOMÓVIL,ATROPELLO,21/10/2021,2021,OCTUBRE,JUEVES,21,PE-1N,CARRETERA
A-2021-10-198,V-2021-10-198-1,LIMA,LIMA,SANTIAGO DE SURCO,IDENTIFICADO,NO CORRESPONDE,PARTICULAR,,,SI,VIGENTE,SOAT,LA POSITIVA,NO CORRESPONDE,NO APLICA,MOTOCICLETA,CHOQUE,22/10/2021,2021,OCTUBRE,VIERNES,13,NO CORRESPONDE,JIRÓN
A-2021-10-198,V-2021-10-198-2,LIMA,LIMA,SANTIAGO DE SURCO,IDENTIFICADO,NO CORRESPONDE,SERVICIO ESPECIAL DE PASAJEROS,,,NO ESPECIFICA,VIGENTE,,,NO ESPECIFICA,NO REGISTRA,TRIMOTO PASAJERO,CHOQUE,22/10/2021,2021,OCTUBRE,VIERNES,13,NO CORRESPONDE,JIRÓN
A-2021-10-200,V-2021-10-200-1,LIMA,LIMA,LOS OLIVOS,IDENTIFICADO,HABILITADO,SERVICIO ESPECIAL DE PASAJEROS,PERSONAS,NO SE CONOCE,NO ESPECIFICA,NO REGISTRA,,,NO,NO REGISTRA,TRIMOTO PASAJERO,CHOQUE,22/10/2021,2021,OCTUBRE,VIERNES,16,NO CORRESPONDE,AVENIDA
A-2021-10-200,V-2021-10-200-2,LIMA,LIMA,LOS OLIVOS,IDENTIFICADO,NO CORRESPONDE,PARTICULAR,PERSONAS,NO SE CONOCE,SI,NO REGISTRA,SOAT,LA POSITIVA,NO,NO REGISTRA,MOTOCICLETA,CHOQUE,22/10/2021,2021,OCTUBRE,VIERNES,16,NO CORRESPONDE,AVENIDA
A-2021-10-201,V-2021-10-201-1,LIMA,LIMA,PUENTE PIEDRA,IDENTIFICADO,HABILITADO,PUBLICO URBANO,PERSONAS,NO SE CONOCE,SI,VENCIDO,SOAT,PACIFICO,NO ESPECIFICA,NO REGISTRA,MINIBUS,ATROPELLO,23/10/2021,2021,OCTUBRE,SÁBADO,17,PE-1N,CARRETERA
A-2021-10-202,V-2021-10-202-1,LIMA,LIMA,LURIGANCHO,IDENTIFICADO,NO CORRESPONDE,PARTICULAR,PERSONAS,NO SE CONOCE,SI,VENCIDO,SOAT,PACIFICO,NO,NO REGISTRA,MOTOCICLETA,DESPISTE,24/10/2021,2021,OCTUBRE,DOMINGO,4,NO CORRESPONDE,CALLE
A-2021-10-203,V-2021-10-203-1,LIMA,LIMA,SANTA ANITA,IDENTIFICADO,NO CORRESPONDE,PARTICULAR,PERSONAS,NO SE CONOCE,SI,VENCIDO,SOAT,LA POSITIVA,NO,NO REGISTRA,MOTOCICLETA,ATROPELLO,26/10/2021,2021,OCTUBRE,MARTES,17,NO CORRESPONDE,AVENIDA
A-2021-10-135,V-2021-10-135-1,CALLAO,CALLAO,CALLAO,IDENTIFICADO,NO CORRESPONDE,PARTICULAR,PERSONAS,NO SE CONOCE,SI,VIGENTE,SOAT,LA POSITIVA,NO CORRESPONDE,NO APLICA,MOTOCICLETA,DESPISTE,27/10/2021,2021,OCTUBRE,MIÉRCOLES,22,PE-20,CARRETERA
A-2021-10-204,V-2021-10-204-1,LIMA,LIMA,LURIGANCHO,IDENTIFICADO,HABILITADO,CARGA,CARGA Y/O MERCANCÍAS,REGIONAL,SI,VIGENTE,SOAT,RIMAC,SI,VENCIDO,REMOLCADOR,ESPECIAL,28/10/2021,2021,OCTUBRE,JUEVES,6,NO CORRESPONDE,CALLE
A-2021-10-205,V-2021-10-205-1,LIMA,LIMA,COMAS,IDENTIFICADO,HABILITADO,TAXI,PERSONAS,PROVINCIAL,SI,VENCIDO,SOAT,RIMAC,SI,VIGENTE,AUTOMÓVIL,CHOQUE,28/10/2021,2021,OCTUBRE,JUEVES,17,NO CORRESPONDE,AVENIDA
A-2021-10-205,V-2021-10-205-2,LIMA,LIMA,COMAS,IDENTIFICADO,NO HABILITADO,SERVICIO ESPECIAL DE PASAJEROS,,,NO ESPECIFICA,VENCIDO,,,NO,NO REGISTRA,TRIMOTO PASAJERO,CHOQUE,28/10/2021,2021,OCTUBRE,JUEVES,17,NO CORRESPONDE,AVENIDA
A-2021-10-206,V-2021-10-206-1,LIMA,LIMA,COMAS,IDENTIFICADO,HABILITADO,TAXI,PERSONAS,PROVINCIAL,SI,VIGENTE,SOAT,INTERSEGURO,SI,VIGENTE,STATION WAGON,ATROPELLO,31/10/2021,2021,OCTUBRE,DOMINGO,5,PE-1N,CARRETERA
A-2021-10-207,V-2021-10-207-1,LIMA,LIMA,LIMA,FUGADO,NO CORRESPONDE,NO CORRESPONDE,,NO SE CONOCE,NO CORRESPONDE,NO APLICA,,,NO CORRESPONDE,NO APLICA,VEHICULO NO IDENTIFICADO,ATROPELLO FUGA,31/10/2021,2021,OCTUBRE,DOMINGO,5,NO CORRESPONDE,AVENIDA
A-2021-11-113,V-2021-11-113-1,LIMA,LIMA,VILLA MARIA DEL TRIUNFO,IDENTIFICADO,NO HABILITADO,SERVICIO ESPECIAL DE PASAJEROS,PERSONAS,NO SE CONOCE,NO,NO REGISTRA,,,NO,NO REGISTRA,TRIMOTO PASAJERO,DESPISTE,01/11/2021,2021,NOVIEMBRE,LUNES,20,NO CORRESPONDE,AVENIDA
A-2021-11-114,V-2021-11-114-1,LIMA,LIMA,PUENTE PIEDRA,IDENTIFICADO,NO CORRESPONDE,PARTICULAR,PERSONAS,NO SE CONOCE,NO,NO REGISTRA,,,NO,NO REGISTRA,MOTOCICLETA,CHOQUE,02/11/2021,2021,NOVIEMBRE,MARTES,18,PE-1N,CARRETERA
A-2021-11-114,V-2021-11-114-2,LIMA,LIMA,PUENTE PIEDRA,IDENTIFICADO,HABILITADO,PUBLICO URBANO,PERSONAS,NO SE CONOCE,SI,NO REGISTRA,SOAT,LA POSITIVA,SI,VENCIDO,MINIBUS,CHOQUE,02/11/2021,2021,NOVIEMBRE,MARTES,18,PE-1N,CARRETERA
A-2021-11-8,V-2021-11-8-1,CALLAO,CALLAO,CALLAO,IDENTIFICADO,HABILITADO,OTRO,PERSONAS,DISTRITAL,SI,VIGENTE,SOAT,PACIFICO,SI,VIGENTE,ÓMNIBUS,ATROPELLO,02/11/2021,2021,NOVIEMBRE,MARTES,22,PE-20,CARRETERA
A-2021-11-141,V-2021-11-141-1,LIMA,LIMA,SANTA ANITA,IDENTIFICADO,HABILITADO,PUBLICO URBANO,PERSONAS,PROVINCIAL,SI,VIGENTE,SOAT,LA POSITIVA,SI,VIGENTE,MINIBUS,ATROPELLO,03/11/2021,2021,NOVIEMBRE,MIÉRCOLES,5,NO CORRESPONDE,AVENIDA
A-2021-11-10,V-2021-11-10-1,LIMA,LIMA,SAN MARTIN DE PORRES,IDENTIFICADO,NO CORRESPONDE,PARTICULAR,PERSONAS,NO SE CONOCE,SI,VIGENTE,SOAT,LA POSITIVA,SI,VIGENTE,CAMIONETA RURAL,ATROPELLO,03/11/2021,2021,NOVIEMBRE,MIÉRCOLES,11,NO CORRESPONDE,OTRO
A-2021-11-142,V-2021-11-142-1,LIMA,LIMA,PUENTE PIEDRA,IDENTIFICADO,HABILITADO,PUBLICO URBANO,PERSONAS,PROVINCIAL,SI,VIGENTE,SOAT,RIMAC,NO ESPECIFICA,NO REGISTRA,ÓMNIBUS,CAÍDA DE PASAJERO,05/11/2021,2021,NOVIEMBRE,VIERNES,7,PE-1N,CARRETERA
A-2021-11-143,V-2021-11-143-1,LIMA,LIMA,SAN JUAN DE LURIGANCHO,IDENTIFICADO,HABILITADO,CARGA,CARGA Y/O MERCANCÍAS,PROVINCIAL,SI,VIGENTE,SOAT,RIMAC,SI,VIGENTE,REMOLCADOR,CHOQUE,05/11/2021,2021,NOVIEMBRE,VIERNES,14,PE-22,CARRETERA
A-2021-11-143,V-2021-11-143-2,LIMA,LIMA,SAN JUAN DE LURIGANCHO,IDENTIFICADO,NO CORRESPONDE,PARTICULAR,PERSONAS,NO SE CONOCE,SI,VIGENTE,SOAT,LA POSITIVA,NO ESPECIFICA,NO REGISTRA,MOTOCICLETA,CHOQUE,05/11/2021,2021,NOVIEMBRE,VIERNES,14,PE-22,CARRETERA
A-2021-11-144,V-2021-11-144-1,LIMA,LIMA,SAN MARTIN DE PORRES,IDENTIFICADO,HABILITADO,CARGA,PERSONAS,NACIONAL,NO ESPECIFICA,NO REGISTRA,,,SI,VIGENTE,CAMIÓN,CHOQUE,05/11/2021,2021,NOVIEMBRE,VIERNES,22,PE-1N,CARRETERA
A-2021-11-144,V-2021-11-144-2,LIMA,LIMA,SAN MARTIN DE PORRES,IDENTIFICADO,HABILITADO,PARTICULAR,PERSONAS,NO SE CONOCE,SI,NO REGISTRA,SOAT,LA POSITIVA,NO ESPECIFICA,NO REGISTRA,MOTOCICLETA,CHOQUE,05/11/2021,2021,NOVIEMBRE,VIERNES,22,PE-1N,CARRETERA
A-2021-11-146,V-2021-11-146-1,LIMA,LIMA,SAN JUAN DE MIRAFLORES,FUGADO,NO CORRESPONDE,NO CORRESPONDE,,NO SE CONOCE,NO CORRESPONDE,NO APLICA,,,NO CORRESPONDE,NO APLICA,VEHICULO NO IDENTIFICADO,ATROPELLO FUGA,05/11/2021,2021,NOVIEMBRE,VIERNES,23,PE-1S,CARRETERA
A-2021-11-147,V-2021-11-147-1,LIMA,LIMA,COMAS,FUGADO,NO CORRESPONDE,NO CORRESPONDE,,NO SE CONOCE,NO CORRESPONDE,NO APLICA,,,NO CORRESPONDE,NO APLICA,VEHICULO NO IDENTIFICADO,ATROPELLO FUGA,07/11/2021,2021,NOVIEMBRE,DOMINGO,2,NO CORRESPONDE,AVENIDA
A-2021-11-148,V-2021-11-148-1,LIMA,LIMA,LOS OLIVOS,IDENTIFICADO,HABILITADO,PUBLICO URBANO,PERSONAS,NACIONAL,SI,VIGENTE,SOAT,RIMAC,SI,VIGENTE,ÓMNIBUS,ATROPELLO,07/11/2021,2021,NOVIEMBRE,DOMINGO,10,PE-1N,CARRETERA
A-2021-11-151,V-2021-11-151-1,LIMA,LIMA,SANTIAGO DE SURCO,IDENTIFICADO,HABILITADO,CARGA,CARGA Y/O MERCANCÍAS,PROVINCIAL,SI,VENCIDO,SOAT,RIMAC,SI,VENCIDO,CAMIONETA PICK UP,CHOQUE,07/11/2021,2021,NOVIEMBRE,DOMINGO,16,NO CORRESPONDE,AVENIDA
A-2021-11-151,V-2021-11-151-2,LIMA,LIMA,SANTIAGO DE SURCO,IDENTIFICADO,NO HABILITADO,PARTICULAR,PERSONAS,NO SE CONOCE,SI,VENCIDO,SOAT,LA POSITIVA,NO ESPECIFICA,NO REGISTRA,MOTOCICLETA,CHOQUE,07/11/2021,2021,NOVIEMBRE,DOMINGO,16,NO CORRESPONDE,AVENIDA
A-2021-11-149,V-2021-11-149-1,LIMA,LIMA,LOS OLIVOS,IDENTIFICADO,NO CORRESPONDE,PARTICULAR,,,SI,VIGENTE,SOAT,RIMAC,NO ESPECIFICA,NO REGISTRA,CAMIONETA RURAL,CHOQUE,07/11/2021,2021,NOVIEMBRE,DOMINGO,20,PE-1N,CARRETERA
A-2021-11-149,V-2021-11-149-2,LIMA,LIMA,LOS OLIVOS,IDENTIFICADO,NO CORRESPONDE,PARTICULAR,CARGA Y/O MERCANCÍAS,NO SE CONOCE,NO CORRESPONDE,VIGENTE,,,NO CORRESPONDE,NO APLICA,TRICICLO NO MOTORIZADO,CHOQUE,07/11/2021,2021,NOVIEMBRE,DOMINGO,20,PE-1N,CARRETERA
A-2021-11-149,V-2021-11-149-3,LIMA,LIMA,LOS OLIVOS,IDENTIFICADO,NO CORRESPONDE,PARTICULAR,PERSONAS,NO SE CONOCE,SI,VIGENTE,SOAT,PACIFICO,SI,VIGENTE,AUTOMÓVIL,CHOQUE,07/11/2021,2021,NOVIEMBRE,DOMINGO,20,PE-1N,CARRETERA
A-2021-11-152,V-2021-11-152-1,LIMA,LIMA,ATE,IDENTIFICADO,HABILITADO,CARGA,CARGA Y/O MERCANCÍAS,NO SE CONOCE,SI,VIGENTE,SOAT,INTERSEGURO,SI,VIGENTE,CAMIÓN,CHOQUE,08/11/2021,2021,NOVIEMBRE,LUNES,6,PE-22,CARRETERA
A-2021-11-152,V-2021-11-152-2,LIMA,LIMA,ATE,IDENTIFICADO,NO CORRESPONDE,PARTICULAR,PERSONAS,NO SE CONOCE,SI,VIGENTE,SOAT,LA POSITIVA,SI,VIGENTE,AUTOMÓVIL,CHOQUE,08/11/2021,2021,NOVIEMBRE,LUNES,6,PE-22,CARRETERA
A-2021-11-11,V-2021-11-11-1,LIMA,LIMA,SAN MIGUEL,FUGADO,NO CORRESPONDE,NO CORRESPONDE,,NO SE CONOCE,NO CORRESPONDE,NO APLICA,,,NO CORRESPONDE,NO APLICA,VEHICULO NO IDENTIFICADO,ATROPELLO FUGA,08/11/2021,2021,NOVIEMBRE,LUNES,12,NO CORRESPONDE,AVENIDA
A-2021-11-153,V-2021-11-153-1,LIMA,LIMA,SAN JUAN DE LURIGANCHO,IDENTIFICADO,HABILITADO,CARGA,CARGA Y/O MERCANCÍAS,NACIONAL,SI,VIGENTE,SOAT,LA POSITIVA,SI,VIGENTE,CAMIÓN,ATROPELLO,09/11/2021,2021,NOVIEMBRE,MARTES,5,NO CORRESPONDE,AVENIDA
A-2021-11-153,V-2021-11-153-2,LIMA,LIMA,SAN JUAN DE LURIGANCHO,IDENTIFICADO,NO CORRESPONDE,PARTICULAR,PERSONAS,NO SE CONOCE,SI,VIGENTE,SOAT,INTERSEGURO,SI,VIGENTE,CAMIONETA RURAL,ATROPELLO,09/11/2021,2021,NOVIEMBRE,MARTES,5,NO CORRESPONDE,AVENIDA
A-2021-11-154,V-2021-11-154-1,LIMA,LIMA,SAN JUAN DE LURIGANCHO,IDENTIFICADO,HABILITADO,CARGA,CARGA Y/O MERCANCÍAS,NACIONAL,SI,VIGENTE,SOAT,LA POSITIVA,SI,VIGENTE,REMOLCADOR-SEMIREMOLQUE,ATROPELLO,10/11/2021,2021,NOVIEMBRE,MIÉRCOLES,19,NO CORRESPONDE,AVENIDA
A-2021-11-155,V-2021-11-155-1,LIMA,LIMA,LOS OLIVOS,IDENTIFICADO,NO CORRESPONDE,PARTICULAR,PERSONAS,NO SE CONOCE,SI,VENCIDO,SOAT,LA POSITIVA,NO ESPECIFICA,NO REGISTRA,MOTOCICLETA,DESPISTE,12/11/2021,2021,NOVIEMBRE,VIERNES,3,NO CORRESPONDE,OTRO
A-2021-11-156,V-2021-11-156-1,LIMA,LIMA,SAN MARTIN DE PORRES,IDENTIFICADO,NO CORRESPONDE,PARTICULAR,PERSONAS,NO SE CONOCE,SI,VIGENTE,SOAT,LA POSITIVA,NO ESPECIFICA,NO REGISTRA,MOTOCICLETA,DESPISTE,12/11/2021,2021,NOVIEMBRE,VIERNES,15,PE-1N,CARRETERA
A-2021-11-156,V-2021-11-156-2,LIMA,LIMA,SAN MARTIN DE PORRES,IDENTIFICADO,HABILITADO,CARGA,CARGA Y/O MERCANCÍAS,NACIONAL,SI,VIGENTE,SOAT,MAPFRE,SI,VIGENTE,REMOLCADOR-SEMIREMOLQUE,DESPISTE,12/11/2021,2021,NOVIEMBRE,VIERNES,15,PE-1N,CARRETERA
A-2021-11-157,V-2021-11-157-1,LIMA,LIMA,LOS OLIVOS,IDENTIFICADO,NO CORRESPONDE,CARGA,CARGA Y/O MERCANCÍAS,NO SE CONOCE,SI,VIGENTE,SOAT,RIMAC,NO ESPECIFICA,NO REGISTRA,CAMIÓN,ATROPELLO,12/11/2021,2021,NOVIEMBRE,VIERNES,19,NO CORRESPONDE,AVENIDA
A-2021-11-158,V-2021-11-158-1,LIMA,LIMA,PUCUSANA,FUGADO,NO CORRESPONDE,NO CORRESPONDE,,NO SE CONOCE,NO CORRESPONDE,NO APLICA,,,NO CORRESPONDE,NO APLICA,VEHICULO NO IDENTIFICADO,ATROPELLO FUGA,12/11/2021,2021,NOVIEMBRE,VIERNES,19,PE-1S,CARRETERA
A-2021-11-159,V-2021-11-159-1,LIMA,LIMA,SANTA ANITA,FUGADO,NO CORRESPONDE,PARTICULAR,PERSONAS,NO SE CONOCE,SI,VIGENTE,SOAT,LA POSITIVA,SI,VIGENTE,AUTOMÓVIL,ATROPELLO FUGA,13/11/2021,2021,NOVIEMBRE,SÁBADO,10,NO CORRESPONDE,AVENIDA
A-2021-11-159,V-2021-11-159-2,LIMA,LIMA,SANTA ANITA,IDENTIFICADO,NO CORRESPONDE,PARTICULAR,PERSONAS,NO SE CONOCE,SI,VIGENTE,SOAT,INTERSEGURO,NO ESPECIFICA,NO REGISTRA,AUTOMÓVIL,ATROPELLO FUGA,13/11/2021,2021,NOVIEMBRE,SÁBADO,10,NO CORRESPONDE,AVENIDA
A-2021-11-160,V-2021-11-160-1,LIMA,LIMA,SANTA ANITA,IDENTIFICADO,NO CORRESPONDE,PARTICULAR,PERSONAS,NO SE CONOCE,SI,VIGENTE,SOAT,LA POSITIVA,NO ESPECIFICA,NO REGISTRA,MOTOCICLETA,DESPISTE,13/11/2021,2021,NOVIEMBRE,SÁBADO,18,NO CORRESPONDE,AVENIDA
A-2021-11-165,V-2021-11-165-1,LIMA,LIMA,LURIN,IDENTIFICADO,HABILITADO,CARGA,,,SI,VIGENTE,SOAT,LA POSITIVA,SI,VIGENTE,CAMIÓN,CHOQUE,17/11/2021,2021,NOVIEMBRE,MIÉRCOLES,5,PE-1S,CARRETERA
A-2021-11-165,V-2021-11-165-2,LIMA,LIMA,LURIN,IDENTIFICADO,NO HABILITADO,SERVICIO ESPECIAL DE PASAJEROS,,,SI,VIGENTE,SOAT,LA POSITIVA,SI,VIGENTE,REMOLCADOR-SEMIREMOLQUE,CHOQUE,17/11/2021,2021,NOVIEMBRE,MIÉRCOLES,5,PE-1S,CARRETERA
A-2021-11-168,V-2021-11-168-1,LIMA,LIMA,PUEBLO LIBRE,IDENTIFICADO,HABILITADO,PUBLICO URBANO,PERSONAS,PROVINCIAL,SI,VIGENTE,SOAT,RIMAC,SI,VIGENTE,ÓMNIBUS,ATROPELLO,17/11/2021,2021,NOVIEMBRE,MIÉRCOLES,10,NO CORRESPONDE,AVENIDA
A-2021-11-169,V-2021-11-169-1,LIMA,LIMA,CHORRILLOS,IDENTIFICADO,NO CORRESPONDE,PARTICULAR,PERSONAS,NO SE CONOCE,SI,VENCIDO,SOAT,RIMAC,NO,NO REGISTRA,AUTOMÓVIL,ATROPELLO FUGA,19/11/2021,2021,NOVIEMBRE,VIERNES,14,NO CORRESPONDE,AVENIDA
A-2021-11-179,V-2021-11-179-1,LIMA,LIMA,SANTA ANITA,FUGADO,NO CORRESPONDE,NO CORRESPONDE,,,NO CORRESPONDE,NO APLICA,,,NO CORRESPONDE,NO APLICA,VEHICULO NO IDENTIFICADO,ATROPELLO FUGA,21/11/2021,2021,NOVIEMBRE,DOMINGO,3,PE-1N,CARRETERA
A-2021-11-170,V-2021-11-170-1,LIMA,LIMA,SAN MARTIN DE PORRES,IDENTIFICADO,HABILITADO,PARTICULAR,,,SI,VIGENTE,SOAT,LA POSITIVA,NO,NO REGISTRA,MOTOCICLETA,DESPISTE,21/11/2021,2021,NOVIEMBRE,DOMINGO,5,PE-1N,CARRETERA
A-2021-11-180,V-2021-11-180-1,LIMA,LIMA,COMAS,IDENTIFICADO,NO CORRESPONDE,PARTICULAR,PERSONAS,NO SE CONOCE,SI,VIGENTE,SOAT,PACIFICO,SI,VIGENTE,AUTOMÓVIL,ATROPELLO,21/11/2021,2021,NOVIEMBRE,DOMINGO,22,PE-1N,CARRETERA
A-2021-11-185,V-2021-11-185-1,LIMA,LIMA,LA MOLINA,IDENTIFICADO,NO CORRESPONDE,PARTICULAR,PERSONAS,NO SE CONOCE,NO CORRESPONDE,NO APLICA,,,NO CORRESPONDE,NO APLICA,BICICLETA,DESPISTE,23/11/2021,2021,NOVIEMBRE,MARTES,22,NO CORRESPONDE,CALLE
A-2021-11-186,V-2021-11-186-1,LIMA,LIMA,LURIN,IDENTIFICADO,NO CORRESPONDE,PARTICULAR,PERSONAS,NO SE CONOCE,SI,VENCIDO,SOAT,INTERSEGURO,NO,NO REGISTRA,AUTOMÓVIL,CHOQUE,25/11/2021,2021,NOVIEMBRE,JUEVES,15,NO CORRESPONDE,AVENIDA
A-2021-11-186,V-2021-11-186-2,LIMA,LIMA,LURIN,IDENTIFICADO,NO CORRESPONDE,PARTICULAR,PERSONAS,NO SE CONOCE,SI,VENCIDO,SOAT,INTERSEGURO,NO,NO REGISTRA,AUTOMÓVIL,CHOQUE,25/11/2021,2021,NOVIEMBRE,JUEVES,15,NO CORRESPONDE,AVENIDA
A-2021-11-187,V-2021-11-187-1,LIMA,LIMA,LA VICTORIA,FUGADO,NO CORRESPONDE,NO CORRESPONDE,,,NO CORRESPONDE,NO APLICA,,,NO CORRESPONDE,NO APLICA,VEHICULO NO IDENTIFICADO,ATROPELLO FUGA,26/11/2021,2021,NOVIEMBRE,VIERNES,14,NO CORRESPONDE,AVENIDA
A-2021-11-188,V-2021-11-188-1,LIMA,LIMA,LURIN,IDENTIFICADO,NO CORRESPONDE,PARTICULAR,PERSONAS,NO SE CONOCE,SI,VIGENTE,SOAT,MAPFRE,SI,VIGENTE,AUTOMÓVIL,ATROPELLO,27/11/2021,2021,NOVIEMBRE,SÁBADO,14,NO CORRESPONDE,OTRO
A-2021-11-188,V-2021-11-188-2,LIMA,LIMA,LURIN,IDENTIFICADO,NO CORRESPONDE,PARTICULAR,,,SI,VIGENTE,SOAT,LA POSITIVA,SI,VENCIDO,STATION WAGON,ATROPELLO,27/11/2021,2021,NOVIEMBRE,SÁBADO,14,NO CORRESPONDE,OTRO
A-2021-11-189,V-2021-11-189-1,LIMA,LIMA,INDEPENDENCIA,IDENTIFICADO,HABILITADO,CARGA,PERSONAS,NO SE CONOCE,SI,VIGENTE,SOAT,RIMAC,SI,VIGENTE,CAMIÓN,ATROPELLO,28/11/2021,2021,NOVIEMBRE,DOMINGO,5,PE-1N,CARRETERA
A-2021-11-190,V-2021-11-190-1,LIMA,LIMA,VILLA EL SALVADOR,IDENTIFICADO,NO CORRESPONDE,PARTICULAR,PERSONAS,NO SE CONOCE,NO,NO REGISTRA,,,SI,VIGENTE,TRIMOTO PASAJERO,ATROPELLO FUGA,28/11/2021,2021,NOVIEMBRE,DOMINGO,22,NO CORRESPONDE,AVENIDA
A-2021-11-191,V-2021-11-191-1,LIMA,LIMA,LURIN,IDENTIFICADO,NO CORRESPONDE,PARTICULAR,PERSONAS,NO SE CONOCE,NO ESPECIFICA,NO REGISTRA,,,NO ESPECIFICA,NO REGISTRA,CAMIONETA RURAL,DESPISTE,29/11/2021,2021,NOVIEMBRE,LUNES,1,LM-801,CARRETERA
A-2021-11-192,V-2021-11-192-1,LIMA,LIMA,LURIN,IDENTIFICADO,NO CORRESPONDE,AMBULANCIA,PERSONAS,NO SE CONOCE,SI,VIGENTE,SOAT,MAPFRE,NO ESPECIFICA,NO REGISTRA,CAMIONETA RURAL,CHOQUE,29/11/2021,2021,NOVIEMBRE,LUNES,5,NO CORRESPONDE,AVENIDA
A-2021-11-192,V-2021-11-192-2,LIMA,LIMA,LURIN,IDENTIFICADO,HABILITADO,CARGA,CARGA Y/O MERCANCÍAS,NACIONAL,SI,VIGENTE,SOAT,LA POSITIVA,SI,VIGENTE,REMOLCADOR-SEMIREMOLQUE,CHOQUE,29/11/2021,2021,NOVIEMBRE,LUNES,5,NO CORRESPONDE,AVENIDA
A-2021-12-214,V-2021-12-214-1,LIMA,LIMA,SAN JUAN DE LURIGANCHO,IDENTIFICADO,NO CORRESPONDE,PARTICULAR,PERSONAS,NO SE CONOCE,SI,VIGENTE,SOAT,LA POSITIVA,NO,NO REGISTRA,MOTOCICLETA,VOLCADURA,01/12/2021,2021,DICIEMBRE,MIÉRCOLES,17,NO CORRESPONDE,AVENIDA
A-2021-12-214,V-2021-12-214-2,LIMA,LIMA,SAN JUAN DE LURIGANCHO,IDENTIFICADO,HABILITADO,CARGA,CARGA Y/O MERCANCÍAS,NACIONAL,SI,VIGENTE,SOAT,INTERSEGURO,SI,VIGENTE,CAMIÓN,VOLCADURA,01/12/2021,2021,DICIEMBRE,MIÉRCOLES,17,NO CORRESPONDE,AVENIDA
A-2021-12-215,V-2021-12-215-1,LIMA,LIMA,LURIGANCHO,IDENTIFICADO,NO CORRESPONDE,PARTICULAR,,,SI,VIGENTE,SOAT,MAPFRE,SI,VENCIDO,AUTOMÓVIL,CHOQUE,02/12/2021,2021,DICIEMBRE,JUEVES,17,NO CORRESPONDE,AUTOPISTA
A-2021-12-215,V-2021-12-215-2,LIMA,LIMA,LURIGANCHO,IDENTIFICADO,NO CORRESPONDE,PARTICULAR,,,SI,VIGENTE,SOAT,LA POSITIVA,SI,VIGENTE,CAMIONETA PICK UP,CHOQUE,02/12/2021,2021,DICIEMBRE,JUEVES,17,NO CORRESPONDE,AUTOPISTA
A-2021-12-116,V-2021-12-116-1,LIMA,LIMA,LOS OLIVOS,IDENTIFICADO,NO CORRESPONDE,PARTICULAR,PERSONAS,NO SE CONOCE,SI,VIGENTE,SOAT,PACIFICO,NO,NO REGISTRA,STATION WAGON,DESPISTE,04/12/2021,2021,DICIEMBRE,SÁBADO,19,NO CORRESPONDE,AVENIDA
A-2021-12-116,V-2021-12-116-2,LIMA,LIMA,LOS OLIVOS,IDENTIFICADO,NO CORRESPONDE,PARTICULAR,PERSONAS,NO SE CONOCE,SI,VIGENTE,SOAT,LA POSITIVA,SI,VIGENTE,AUTOMÓVIL,DESPISTE,04/12/2021,2021,DICIEMBRE,SÁBADO,19,NO CORRESPONDE,AVENIDA
A-2021-12-117,V-2021-12-117-1,LIMA,LIMA,ATE,IDENTIFICADO,NO CORRESPONDE,NO CORRESPONDE,,,NO CORRESPONDE,NO APLICA,,,NO CORRESPONDE,NO APLICA,OTRO,ATROPELLO,05/12/2021,2021,DICIEMBRE,DOMINGO,0,PE-22,CARRETERA
A-2021-12-118,V-2021-12-118-1,LIMA,LIMA,ATE,IDENTIFICADO,NO CORRESPONDE,PARTICULAR,PERSONAS,NO SE CONOCE,SI,VIGENTE,SOAT,LA POSITIVA,NO,NO REGISTRA,MOTOCICLETA,ATROPELLO,05/12/2021,2021,DICIEMBRE,DOMINGO,15,PE-1S,CARRETERA
A-2021-12-220,V-2021-12-220-1,LIMA,LIMA,LOS OLIVOS,IDENTIFICADO,HABILITADO,PUBLICO URBANO,PERSONAS,DISTRITAL,SI,VIGENTE,SOAT,LA POSITIVA,SI,VENCIDO,ÓMNIBUS,CHOQUE,06/12/2021,2021,DICIEMBRE,LUNES,14,NO CORRESPONDE,AVENIDA
A-2021-12-220,V-2021-12-220-2,LIMA,LIMA,LOS OLIVOS,IDENTIFICADO,NO CORRESPONDE,PARTICULAR,PERSONAS,NO SE CONOCE,SI,VIGENTE,SOAT,LA POSITIVA,NO,NO REGISTRA,MOTOCICLETA,CHOQUE,06/12/2021,2021,DICIEMBRE,LUNES,14,NO CORRESPONDE,AVENIDA
A-2021-12-119,V-2021-12-119-1,LIMA,LIMA,CHACLACAYO,IDENTIFICADO,HABILITADO,CARGA,CARGA Y/O MERCANCÍAS,NACIONAL,SI,VIGENTE,SOAT,LA POSITIVA,SI,VIGENTE,CAMIÓN,CHOQUE,07/12/2021,2021,DICIEMBRE,MARTES,14,PE-22,CARRETERA
A-2021-12-119,V-2021-12-119-2,LIMA,LIMA,CHACLACAYO,IDENTIFICADO,HABILITADO,SERVICIO ESPECIAL DE PASAJEROS,PERSONAS,DISTRITAL,NO ESPECIFICA,VIGENTE,,,SI,VENCIDO,TRIMOTO PASAJERO,CHOQUE,07/12/2021,2021,DICIEMBRE,MARTES,14,PE-22,CARRETERA
A-2021-12-8,V-2021-12-8-1,CALLAO,CALLAO,CALLAO,IDENTIFICADO,HABILITADO,CARGA,CARGA Y/O MERCANCÍAS,NO SE CONOCE,NO ESPECIFICA,NO REGISTRA,,,NO ESPECIFICA,NO REGISTRA,REMOLCADOR-SEMIREMOLQUE,CHOQUE,07/12/2021,2021,DICIEMBRE,MARTES,18,PE-20,CARRETERA
A-2021-12-8,V-2021-12-8-2,CALLAO,CALLAO,CALLAO,IDENTIFICADO,HABILITADO,PARTICULAR,PERSONAS,NO SE CONOCE,SI,NO REGISTRA,SOAT,LA POSITIVA,NO CORRESPONDE,NO APLICA,MOTOCICLETA,CHOQUE,07/12/2021,2021,DICIEMBRE,MARTES,18,PE-20,CARRETERA
A-2021-12-7,V-2021-12-7-1,CALLAO,CALLAO,CALLAO,IDENTIFICADO,HABILITADO,CARGA,CARGA Y/O MERCANCÍAS,REGIONAL,SI,VIGENTE,SOAT,LA POSITIVA,SI,VIGENTE,REMOLCADOR-SEMIREMOLQUE,CHOQUE,07/12/2021,2021,DICIEMBRE,MARTES,22,PE-20,CARRETERA
A-2021-12-7,V-2021-12-7-2,CALLAO,CALLAO,CALLAO,IDENTIFICADO,NO CORRESPONDE,PARTICULAR,PERSONAS,NO SE CONOCE,NO CORRESPONDE,VIGENTE,,,NO CORRESPONDE,NO APLICA,BICICLETA,CHOQUE,07/12/2021,2021,DICIEMBRE,MARTES,22,PE-20,CARRETERA
A-2021-12-216,V-2021-12-216-1,LIMA,LIMA,VILLA MARIA DEL TRIUNFO,FUGADO,NO CORRESPONDE,NO CORRESPONDE,,,NO CORRESPONDE,NO APLICA,,,NO CORRESPONDE,NO APLICA,VEHICULO NO IDENTIFICADO,CAÍDA DE PASAJERO,08/12/2021,2021,DICIEMBRE,MIÉRCOLES,10,NO CORRESPONDE,JIRÓN
A-2021-12-154,V-2021-12-154-1,LIMA,LIMA,BARRANCO,IDENTIFICADO,NO CORRESPONDE,PARTICULAR,PERSONAS,NO SE CONOCE,SI,VIGENTE,SOAT,PACIFICO,SI,VENCIDO,AUTOMÓVIL,DESPISTE,10/12/2021,2021,DICIEMBRE,VIERNES,1,NO CORRESPONDE,OTRO
A-2021-12-155,V-2021-12-155-1,LIMA,LIMA,VILLA MARIA DEL TRIUNFO,IDENTIFICADO,HABILITADO,PUBLICO URBANO,PERSONAS,DISTRITAL,SI,VENCIDO,SOAT,RIMAC,SI,VIGENTE,CAMIONETA RURAL,CAÍDA DE PASAJERO,10/12/2021,2021,DICIEMBRE,VIERNES,16,NO CORRESPONDE,AVENIDA
A-2021-12-155,V-2021-12-155-2,LIMA,LIMA,VILLA MARIA DEL TRIUNFO,IDENTIFICADO,NO HABILITADO,CARGA,CARGA Y/O MERCANCÍAS,NACIONAL,SI,VENCIDO,SOAT,LA POSITIVA,SI,VIGENTE,REMOLCADOR,CAÍDA DE PASAJERO,10/12/2021,2021,DICIEMBRE,VIERNES,16,NO CORRESPONDE,AVENIDA
A-2021-12-156,V-2021-12-156-1,LIMA,LIMA,LOS OLIVOS,IDENTIFICADO,NO CORRESPONDE,PARTICULAR,PERSONAS,NO SE CONOCE,SI,VIGENTE,SOAT,LA POSITIVA,NO,NO REGISTRA,MOTOCICLETA,ATROPELLO,11/12/2021,2021,DICIEMBRE,SÁBADO,12,NO CORRESPONDE,AVENIDA
A-2021-12-157,V-2021-12-157-1,LIMA,LIMA,VILLA EL SALVADOR,IDENTIFICADO,HABILITADO,CARGA,,,SI,VIGENTE,SOAT,RIMAC,SI,VENCIDO,REMOLCADOR-SEMIREMOLQUE,CHOQUE,11/12/2021,2021,DICIEMBRE,SÁBADO,21,PE-1S,CARRETERA
A-2021-12-157,V-2021-12-157-2,LIMA,LIMA,VILLA EL SALVADOR,IDENTIFICADO,NO CORRESPONDE,PARTICULAR,,,SI,VIGENTE,SOAT,LA POSITIVA,SI,VIGENTE,CAMIONETA RURAL,CHOQUE,11/12/2021,2021,DICIEMBRE,SÁBADO,21,PE-1S,CARRETERA
A-2021-12-14,V-2021-12-14-1,CALLAO,CALLAO,CALLAO,IDENTIFICADO,NO CORRESPONDE,PARTICULAR,PERSONAS,NO SE CONOCE,SI,VIGENTE,SOAT,LA POSITIVA,NO CORRESPONDE,NO APLICA,MOTOCICLETA,DESPISTE,12/12/2021,2021,DICIEMBRE,DOMINGO,7,PE-20B,CARRETERA
A-2021-12-295,V-2021-12-295-1,LIMA,LIMA,LOS OLIVOS,FUGADO,NO CORRESPONDE,NO CORRESPONDE,,,NO CORRESPONDE,NO APLICA,,,NO CORRESPONDE,NO APLICA,VEHICULO NO IDENTIFICADO,DESPISTE,12/12/2021,2021,DICIEMBRE,DOMINGO,13,NO CORRESPONDE,AVENIDA
A-2021-12-158,V-2021-12-158-1,LIMA,LIMA,CIENEGUILLA,IDENTIFICADO,HABILITADO,CARGA,,,SI,VIGENTE,SOAT,INTERSEGURO,SI,VIGENTE,CAMIÓN,CHOQUE,13/12/2021,2021,DICIEMBRE,LUNES,21,NO CORRESPONDE,CALLE
A-2021-12-158,V-2021-12-158-2,LIMA,LIMA,CIENEGUILLA,IDENTIFICADO,NO CORRESPONDE,PARTICULAR,,,SI,VIGENTE,SOAT,INTERSEGURO,SI,VIGENTE,AUTOMÓVIL,CHOQUE,13/12/2021,2021,DICIEMBRE,LUNES,21,NO CORRESPONDE,CALLE
A-2021-12-159,V-2021-12-159-1,LIMA,LIMA,LOS OLIVOS,IDENTIFICADO,HABILITADO,SERVICIO ESPECIAL DE PASAJEROS,,,NO ESPECIFICA,NO REGISTRA,,,NO,NO REGISTRA,TRIMOTO PASAJERO,CHOQUE,14/12/2021,2021,DICIEMBRE,MARTES,6,PE-20F,CARRETERA
A-2021-12-159,V-2021-12-159-2,LIMA,LIMA,LOS OLIVOS,IDENTIFICADO,NO CORRESPONDE,PARTICULAR,,,SI,NO REGISTRA,SOAT,LA POSITIVA,NO,NO REGISTRA,MOTOCICLETA,CHOQUE,14/12/2021,2021,DICIEMBRE,MARTES,6,PE-20F,CARRETERA
A-2021-12-27,V-2021-12-27-1,CALLAO,CALLAO,CALLAO,IDENTIFICADO,HABILITADO,CARGA,CARGA Y/O MERCANCÍAS,NO SE CONOCE,SI,VIGENTE,SOAT,INTERSEGURO,SI,VIGENTE,REMOLCADOR,CHOQUE,15/12/2021,2021,DICIEMBRE,MIÉRCOLES,17,NO CORRESPONDE,AVENIDA
A-2021-12-27,V-2021-12-27-2,CALLAO,CALLAO,CALLAO,IDENTIFICADO,NO CORRESPONDE,PARTICULAR,PERSONAS,NO SE CONOCE,NO CORRESPONDE,VIGENTE,,,NO CORRESPONDE,NO APLICA,BICICLETA,CHOQUE,15/12/2021,2021,DICIEMBRE,MIÉRCOLES,17,NO CORRESPONDE,AVENIDA
A-2021-12-206,V-2021-12-206-1,LIMA,LIMA,CIENEGUILLA,IDENTIFICADO,NO CORRESPONDE,PARTICULAR,,,SI,VENCIDO,SOAT,LA POSITIVA,NO,NO REGISTRA,MOTOCICLETA,VOLCADURA,15/12/2021,2021,DICIEMBRE,MIÉRCOLES,19,NO CORRESPONDE,AVENIDA
A-2021-12-207,V-2021-12-207-1,LIMA,LIMA,PACHACAMAC,IDENTIFICADO,HABILITADO,SERVICIO ESPECIAL DE PASAJEROS,,,NO ESPECIFICA,NO REGISTRA,,,NO,NO REGISTRA,TRIMOTO PASAJERO,ATROPELLO,16/12/2021,2021,DICIEMBRE,JUEVES,20,NO CORRESPONDE,AVENIDA
A-2021-12-208,V-2021-12-208-1,LIMA,LIMA,SAN MARTIN DE PORRES,IDENTIFICADO,NO CORRESPONDE,PARTICULAR,PERSONAS,NO SE CONOCE,SI,VENCIDO,SOAT,INTERSEGURO,NO,NO REGISTRA,AUTOMÓVIL,CHOQUE,18/12/2021,2021,DICIEMBRE,SÁBADO,12,NO CORRESPONDE,AVENIDA
A-2021-12-208,V-2021-12-208-2,LIMA,LIMA,SAN MARTIN DE PORRES,IDENTIFICADO,NO CORRESPONDE,PARTICULAR,PERSONAS,NO SE CONOCE,SI,VENCIDO,SOAT,LA POSITIVA,NO,NO REGISTRA,MOTOCICLETA,CHOQUE,18/12/2021,2021,DICIEMBRE,SÁBADO,12,NO CORRESPONDE,AVENIDA
A-2021-12-209,V-2021-12-209-1,LIMA,LIMA,MIRAFLORES,IDENTIFICADO,NO CORRESPONDE,PARTICULAR,PERSONAS,NO SE CONOCE,NO CORRESPONDE,NO APLICA,,,NO CORRESPONDE,NO APLICA,BICICLETA,CHOQUE,18/12/2021,2021,DICIEMBRE,SÁBADO,20,NO CORRESPONDE,AVENIDA
A-2021-12-209,V-2021-12-209-2,LIMA,LIMA,MIRAFLORES,FUGADO,NO CORRESPONDE,NO CORRESPONDE,,,NO CORRESPONDE,NO APLICA,,,NO CORRESPONDE,NO APLICA,VEHICULO NO IDENTIFICADO,CHOQUE,18/12/2021,2021,DICIEMBRE,SÁBADO,20,NO CORRESPONDE,AVENIDA
A-2021-12-210,V-2021-12-210-1,LIMA,LIMA,COMAS,FUGADO,NO CORRESPONDE,NO CORRESPONDE,,,NO CORRESPONDE,NO APLICA,,,NO CORRESPONDE,NO APLICA,VEHICULO NO IDENTIFICADO,CHOQUE,19/12/2021,2021,DICIEMBRE,DOMINGO,2,PE-1N,CARRETERA
A-2021-12-210,V-2021-12-210-2,LIMA,LIMA,COMAS,IDENTIFICADO,NO CORRESPONDE,PARTICULAR,,,SI,NO APLICA,SOAT,LA POSITIVA,NO,NO REGISTRA,MOTOCICLETA,CHOQUE,19/12/2021,2021,DICIEMBRE,DOMINGO,2,PE-1N,CARRETERA
A-2021-12-212,V-2021-12-212-1,LIMA,LIMA,VILLA EL SALVADOR,IDENTIFICADO,NO CORRESPONDE,PARTICULAR,PERSONAS,NO SE CONOCE,SI,VIGENTE,SOAT,PROTECTA,SI,VIGENTE,AUTOMÓVIL,ATROPELLO,19/12/2021,2021,DICIEMBRE,DOMINGO,5,NO CORRESPONDE,AVENIDA
A-2021-12-211,V-2021-12-211-1,LIMA,LIMA,PACHACAMAC,IDENTIFICADO,HABILITADO,PUBLICO URBANO,PERSONAS,PROVINCIAL,SI,VIGENTE,SOAT,RIMAC,SI,VIGENTE,ÓMNIBUS,ATROPELLO,20/12/2021,2021,DICIEMBRE,LUNES,6,NO CORRESPONDE,AVENIDA
A-2021-12-34,V-2021-12-34-1,CALLAO,CALLAO,MI PERU,IDENTIFICADO,NO CORRESPONDE,PUBLICO URBANO,PERSONAS,PROVINCIAL,SI,VIGENTE,SOAT,PACIFICO,NO ESPECIFICA,NO REGISTRA,CAMIONETA RURAL,ATROPELLO,20/12/2021,2021,DICIEMBRE,LUNES,11,NO CORRESPONDE,AVENIDA
A-2021-12-213,V-2021-12-213-1,LIMA,LIMA,SAN JUAN DE LURIGANCHO,IDENTIFICADO,HABILITADO,SERVICIO ESPECIAL DE PASAJEROS,PERSONAS,DISTRITAL,NO ESPECIFICA,NO REGISTRA,,,NO,NO REGISTRA,TRIMOTO PASAJERO,CHOQUE,20/12/2021,2021,DICIEMBRE,LUNES,15,NO CORRESPONDE,AVENIDA
A-2021-12-213,V-2021-12-213-2,LIMA,LIMA,SAN JUAN DE LURIGANCHO,IDENTIFICADO,HABILITADO,PUBLICO URBANO,PERSONAS,PROVINCIAL,SI,NO REGISTRA,SOAT,LA POSITIVA,SI,VIGENTE,MINIBUS,CHOQUE,20/12/2021,2021,DICIEMBRE,LUNES,15,NO CORRESPONDE,AVENIDA
A-2021-12-223,V-2021-12-223-1,LIMA,LIMA,SAN MARTIN DE PORRES,IDENTIFICADO,NO CORRESPONDE,PARTICULAR,,,NO ESPECIFICA,NO REGISTRA,,,NO ESPECIFICA,NO REGISTRA,MOTOCICLETA,DESPISTE,22/12/2021,2021,DICIEMBRE,MIÉRCOLES,6,PE-1N,CARRETERA
A-2021-12-224,V-2021-12-224-1,LIMA,LIMA,LURIN,IDENTIFICADO,NO CORRESPONDE,PARTICULAR,,,SI,VIGENTE,SOAT,MAPFRE,NO,NO REGISTRA,CAMIONETA RURAL,ATROPELLO,23/12/2021,2021,DICIEMBRE,JUEVES,19,NO CORRESPONDE,AVENIDA
A-2021-12-241,V-2021-12-241-1,LIMA,LIMA,CIENEGUILLA,IDENTIFICADO,NO CORRESPONDE,PARTICULAR,,,SI,VIGENTE,SOAT,LA POSITIVA,SI,VENCIDO,AUTOMÓVIL,CHOQUE,24/12/2021,2021,DICIEMBRE,VIERNES,16,LM-119,CARRETERA
A-2021-12-241,V-2021-12-241-2,LIMA,LIMA,CIENEGUILLA,IDENTIFICADO,NO CORRESPONDE,PARTICULAR,PERSONAS,NO SE CONOCE,SI,VIGENTE,SOAT,LA POSITIVA,NO,NO REGISTRA,MOTOCICLETA,CHOQUE,24/12/2021,2021,DICIEMBRE,VIERNES,16,LM-119,CARRETERA
A-2021-12-240,V-2021-12-240-1,LIMA,LIMA,LOS OLIVOS,IDENTIFICADO,HABILITADO,TAXI,,,SI,VIGENTE,SOAT,RIMAC,SI,VIGENTE,CAMIONETA RURAL,ATROPELLO,24/12/2021,2021,DICIEMBRE,VIERNES,17,NO CORRESPONDE,AVENIDA
A-2021-12-293,V-2021-12-293-1,CALLAO,CALLAO,VENTANILLA,IDENTIFICADO,HABILITADO,SERVICIO ESPECIAL DE PASAJEROS,PERSONAS,NO SE CONOCE,NO ESPECIFICA,NO REGISTRA,,,SI,VIGENTE,TRIMOTO PASAJERO,ATROPELLO,25/12/2021,2021,DICIEMBRE,SÁBADO,13,NO CORRESPONDE,AVENIDA
A-2021-12-242,V-2021-12-242-1,LIMA,LIMA,CARABAYLLO,IDENTIFICADO,HABILITADO,PUBLICO URBANO,PERSONAS,PROVINCIAL,SI,VIGENTE,SOAT,RIMAC,SI,VIGENTE,ÓMNIBUS,ATROPELLO,25/12/2021,2021,DICIEMBRE,SÁBADO,16,NO CORRESPONDE,AVENIDA
A-2021-12-243,V-2021-12-243-1,LIMA,LIMA,CHACLACAYO,IDENTIFICADO,NO CORRESPONDE,PARTICULAR,PERSONAS,NO SE CONOCE,SI,VENCIDO,SOAT,LA POSITIVA,NO,NO REGISTRA,MOTOCICLETA,DESPISTE,26/12/2021,2021,DICIEMBRE,DOMINGO,4,PE-22,CARRETERA
A-2021-12-245,V-2021-12-245-1,LIMA,LIMA,LA VICTORIA,IDENTIFICADO,NO CORRESPONDE,PARTICULAR,PERSONAS,NO SE CONOCE,SI,VIGENTE,SOAT,MAPFRE,NO,NO REGISTRA,TRIMOTO CARGA,VOLCADURA,26/12/2021,2021,DICIEMBRE,DOMINGO,16,NO CORRESPONDE,AVENIDA
A-2021-12-244,V-2021-12-244-1,LIMA,LIMA,CHORRILLOS,IDENTIFICADO,NO CORRESPONDE,PARTICULAR,PERSONAS,NO SE CONOCE,SI,VIGENTE,SOAT,LA POSITIVA,NO,NO REGISTRA,MOTOCICLETA,ATROPELLO,26/12/2021,2021,DICIEMBRE,DOMINGO,17,NO CORRESPONDE,AVENIDA
A-2021-12-246,V-2021-12-246-1,LIMA,LIMA,LURIGANCHO,IDENTIFICADO,NO CORRESPONDE,PARTICULAR,PERSONAS,NO SE CONOCE,SI,VIGENTE,SOAT,RIMAC,SI,VENCIDO,MINIBUS,CHOQUE,27/12/2021,2021,DICIEMBRE,LUNES,4,PE-22,CARRETERA
A-2021-12-246,V-2021-12-246-2,LIMA,LIMA,LURIGANCHO,IDENTIFICADO,HABILITADO,SERVICIO ESPECIAL DE PASAJEROS,PERSONAS,DISTRITAL,NO ESPECIFICA,VIGENTE,,,NO,NO REGISTRA,TRIMOTO PASAJERO,CHOQUE,27/12/2021,2021,DICIEMBRE,LUNES,4,PE-22,CARRETERA
A-2021-12-80,V-2021-12-80-1,CALLAO,CALLAO,CALLAO,IDENTIFICADO,HABILITADO,CARGA,CARGA Y/O MERCANCÍAS,PROVINCIAL,NO ESPECIFICA,NO REGISTRA,,,SI,VIGENTE,REMOLCADOR-SEMIREMOLQUE,CHOQUE,27/12/2021,2021,DICIEMBRE,LUNES,7,PE-20,CARRETERA
A-2021-12-80,V-2021-12-80-2,CALLAO,CALLAO,CALLAO,IDENTIFICADO,NO CORRESPONDE,PARTICULAR,PERSONAS,NO SE CONOCE,SI,NO REGISTRA,SOAT,LA POSITIVA,NO ESPECIFICA,NO REGISTRA,MOTOCICLETA,CHOQUE,27/12/2021,2021,DICIEMBRE,LUNES,7,PE-20,CARRETERA
A-2021-12-218,V-2021-12-218-1,LIMA,LIMA,SAN JUAN DE LURIGANCHO,IDENTIFICADO,HABILITADO,SERVICIO ESPECIAL DE PASAJEROS,PERSONAS,DISTRITAL,NO ESPECIFICA,NO REGISTRA,,,NO,NO REGISTRA,TRIMOTO PASAJERO,ATROPELLO,29/12/2021,2021,DICIEMBRE,MIÉRCOLES,13,NO CORRESPONDE,AVENIDA
A-2021-12-217,V-2021-12-217-1,LIMA,LIMA,LURIN,IDENTIFICADO,NO CORRESPONDE,AUTO COLECTIVO,PERSONAS,NO SE CONOCE,SI,VIGENTE,SOAT,RIMAC,NO,NO REGISTRA,CAMIONETA RURAL,DESPISTE,30/12/2021,2021,DICIEMBRE,JUEVES,11,PE-1S,CARRETERA
A-2021-12-161,V-2021-12-161-1,CALLAO,CALLAO,CALLAO,IDENTIFICADO,NO CORRESPONDE,CARGA,CARGA Y/O MERCANCÍAS,NO SE CONOCE,SI,VIGENTE,SOAT,INTERSEGURO,SI,VIGENTE,CAMIÓN,CHOQUE,31/12/2021,2021,DICIEMBRE,VIERNES,9,PE-20,CARRETERA
A-2021-12-161,V-2021-12-161-2,CALLAO,CALLAO,CALLAO,IDENTIFICADO,NO CORRESPONDE,CARGA,CARGA Y/O MERCANCÍAS,NO SE CONOCE,SI,VIGENTE,SOAT,LA POSITIVA,SI,VIGENTE,CAMIÓN,CHOQUE,31/12/2021,2021,DICIEMBRE,VIERNES,9,PE-20,CARRETERA
A-2021-12-161,V-2021-12-161-3,CALLAO,CALLAO,CALLAO,IDENTIFICADO,NO CORRESPONDE,CARGA,CARGA Y/O MERCANCÍAS,NO SE CONOCE,SI,VIGENTE,SOAT,RIMAC,SI,VIGENTE,REMOLCADOR,CHOQUE,31/12/2021,2021,DICIEMBRE,VIERNES,9,PE-20,CARRETERA
A-2021-12-219,V-2021-12-219-1,LIMA,LIMA,LURIGANCHO,IDENTIFICADO,NO CORRESPONDE,CARGA,CARGA Y/O MERCANCÍAS,NACIONAL,NO ESPECIFICA,NO REGISTRA,,,NO ESPECIFICA,NO REGISTRA,REMOLCADOR-SEMIREMOLQUE,ATROPELLO,31/12/2021,2021,DICIEMBRE,VIERNES,9,PE-22,CARRETERA
A-2021-12-247,V-2021-12-247-1,LIMA,LIMA,INDEPENDENCIA,IDENTIFICADO,NO CORRESPONDE,PARTICULAR,PERSONAS,NO SE CONOCE,SI,VIGENTE,SOAT,MAPFRE,NO,NO REGISTRA,MOTOCICLETA,DESPISTE,31/12/2021,2021,DICIEMBRE,VIERNES,10,NO CORRESPONDE,AVENIDA
A-2021-12-248,V-2021-12-248-1,LIMA,LIMA,VILLA MARIA DEL TRIUNFO,IDENTIFICADO,HABILITADO,PUBLICO URBANO,PERSONAS,PROVINCIAL,SI,VIGENTE,SOAT,LA POSITIVA,SI,VIGENTE,CAMIONETA RURAL,ATROPELLO,31/12/2021,2021,DICIEMBRE,VIERNES,17,NO CORRESPONDE,AVENIDA
A-2022-01-69,V-2022-01-69-1,LIMA,LIMA,LA MOLINA,IDENTIFICADO,NO CORRESPONDE,PARTICULAR,PERSONAS,NO SE CONOCE,SI,VIGENTE,SOAT,LA POSITIVA,NO ESPECIFICA,NO REGISTRA,MOTOCICLETA,DESPISTE,01/01/2022,2022,ENERO,SÁBADO,6,NO CORRESPONDE,AVENIDA
A-2022-01-70,V-2022-01-70-1,LIMA,LIMA,PACHACAMAC,IDENTIFICADO,HABILITADO,CARGA,CARGA Y/O MERCANCÍAS,NACIONAL,SI,VIGENTE,SOAT,PACIFICO,SI,VIGENTE,CAMIONETA PICK UP,ATROPELLO,01/01/2022,2022,ENERO,SÁBADO,23,LM-796,CARRETERA
A-2022-01-70,V-2022-01-70-2,LIMA,LIMA,PACHACAMAC,IDENTIFICADO,NO CORRESPONDE,SERVICIO ESPECIAL DE PASAJEROS,PERSONAS,NO SE CONOCE,NO ESPECIFICA,VIGENTE,,,NO,NO REGISTRA,TRIMOTO PASAJERO,ATROPELLO,01/01/2022,2022,ENERO,SÁBADO,23,LM-796,CARRETERA
A-2022-01-73,V-2022-01-73-1,LIMA,LIMA,CHORRILLOS,IDENTIFICADO,NO CORRESPONDE,PARTICULAR,PERSONAS,NO SE CONOCE,SI,VIGENTE,SOAT,INTERSEGURO,SI,VIGENTE,AUTOMÓVIL,CHOQUE,03/01/2022,2022,ENERO,LUNES,19,PE-1S,CARRETERA
A-2022-01-73,V-2022-01-73-2,LIMA,LIMA,CHORRILLOS,IDENTIFICADO,HABILITADO,CARGA,CARGA Y/O MERCANCÍAS,NO SE CONOCE,SI,VIGENTE,SOAT,MAPFRE,SI,VIGENTE,REMOLCADOR-SEMIREMOLQUE,CHOQUE,03/01/2022,2022,ENERO,LUNES,19,PE-1S,CARRETERA
A-2022-01-89,V-2022-01-89-1,LIMA,LIMA,PUENTE PIEDRA,IDENTIFICADO,HABILITADO,CARGA,CARGA Y/O MERCANCÍAS,NO SE CONOCE,SI,VIGENTE,SOAT,MAPFRE,SI,VIGENTE,REMOLCADOR-SEMIREMOLQUE,CHOQUE,03/01/2022,2022,ENERO,LUNES,22,PE-1N,CARRETERA
A-2022-01-89,V-2022-01-89-2,LIMA,LIMA,PUENTE PIEDRA,IDENTIFICADO,NO CORRESPONDE,PARTICULAR,CARGA Y/O MERCANCÍAS,NO SE CONOCE,SI,VIGENTE,SOAT,LA POSITIVA,NO ESPECIFICA,NO REGISTRA,MOTOCICLETA,CHOQUE,03/01/2022,2022,ENERO,LUNES,22,PE-1N,CARRETERA
A-2022-01-90,V-2022-01-90-1,LIMA,LIMA,SAN MARTIN DE PORRES,IDENTIFICADO,NO CORRESPONDE,PARTICULAR,PERSONAS,NO SE CONOCE,SI,VIGENTE,CAT,,NO ESPECIFICA,NO REGISTRA,CAMIONETA RURAL,ATROPELLO,04/01/2022,2022,ENERO,MARTES,10,PE-1N,CARRETERA
A-2022-01-91,V-2022-01-91-1,LIMA,LIMA,SAN MARTIN DE PORRES,IDENTIFICADO,HABILITADO,PARTICULAR,,,SI,VIGENTE,SOAT,INTERSEGURO,SI,VIGENTE,AUTOMÓVIL,DESPISTE,04/01/2022,2022,ENERO,MARTES,20,NO CORRESPONDE,AVENIDA
A-2022-01-110,V-2022-01-110-1,LIMA,LIMA,SAN JUAN DE MIRAFLORES,IDENTIFICADO,HABILITADO,CARGA,,,SI,VIGENTE,SOAT,MAPFRE,SI,VIGENTE,CAMIÓN,CHOQUE,05/01/2022,2022,ENERO,MIÉRCOLES,6,PE-1S,CARRETERA
A-2022-01-110,V-2022-01-110-2,LIMA,LIMA,SAN JUAN DE MIRAFLORES,IDENTIFICADO,HABILITADO,CARGA,,,SI,VIGENTE,SOAT,INTERSEGURO,SI,VIGENTE,CAMIÓN,CHOQUE,05/01/2022,2022,ENERO,MIÉRCOLES,6,PE-1S,CARRETERA
A-2022-01-111,V-2022-01-111-1,LIMA,LIMA,SAN BARTOLO,IDENTIFICADO,NO CORRESPONDE,PARTICULAR,,,SI,VIGENTE,SOAT,LA POSITIVA,SI,VIGENTE,AUTOMÓVIL,ATROPELLO,09/01/2022,2022,ENERO,DOMINGO,19,PE-1S,CARRETERA
A-2022-01-120,V-2022-01-120-1,LIMA,LIMA,SANTIAGO DE SURCO,IDENTIFICADO,NO CORRESPONDE,PARTICULAR,,,SI,VIGENTE,SOAT,LA POSITIVA,NO,NO REGISTRA,MOTOCICLETA,DESPISTE,10/01/2022,2022,ENERO,LUNES,8,PE-1S,CARRETERA
A-2022-01-121,V-2022-01-121-1,LIMA,LIMA,EL AGUSTINO,IDENTIFICADO,NO CORRESPONDE,PARTICULAR,PERSONAS,NO SE CONOCE,SI,VIGENTE,SOAT,LA POSITIVA,NO,NO REGISTRA,MOTOCICLETA,CHOQUE CON OBJETO FIJO,12/01/2022,2022,ENERO,MIÉRCOLES,2,NO CORRESPONDE,AUTOPISTA
A-2022-01-121,V-2022-01-121-2,LIMA,LIMA,EL AGUSTINO,IDENTIFICADO,HABILITADO,CARGA,PERSONAS,NACIONAL,SI,VIGENTE,SOAT,MAPFRE,SI,VIGENTE,REMOLCADOR,CHOQUE CON OBJETO FIJO,12/01/2022,2022,ENERO,MIÉRCOLES,2,NO CORRESPONDE,AUTOPISTA
A-2022-01-123,V-2022-01-123-1,LIMA,LIMA,LIMA,IDENTIFICADO,HABILITADO,PUBLICO URBANO,PERSONAS,PROVINCIAL,SI,VIGENTE,SOAT,RIMAC,SI,VIGENTE,ÓMNIBUS,CHOQUE,13/01/2022,2022,ENERO,JUEVES,14,NO CORRESPONDE,AVENIDA
A-2022-01-123,V-2022-01-123-2,LIMA,LIMA,LIMA,IDENTIFICADO,NO CORRESPONDE,PARTICULAR,PERSONAS,NO SE CONOCE,SI,VIGENTE,SOAT,LA POSITIVA,NO,NO REGISTRA,MOTOCICLETA,CHOQUE,13/01/2022,2022,ENERO,JUEVES,14,NO CORRESPONDE,AVENIDA
A-2022-01-124,V-2022-01-124-1,LIMA,LIMA,SAN JUAN DE LURIGANCHO,IDENTIFICADO,NO CORRESPONDE,PARTICULAR,CARGA Y/O MERCANCÍAS,NO SE CONOCE,SI,VIGENTE,SOAT,RIMAC,SI,VENCIDO,CAMIÓN,ATROPELLO,14/01/2022,2022,ENERO,VIERNES,15,NO CORRESPONDE,CALLE
A-2022-01-125,V-2022-01-125-1,LIMA,LIMA,PUENTE PIEDRA,IDENTIFICADO,HABILITADO,PARTICULAR,PERSONAS,NO SE CONOCE,SI,VIGENTE,SOAT,INTERSEGURO,SI,VIGENTE,CAMIONETA RURAL,ATROPELLO,14/01/2022,2022,ENERO,VIERNES,20,PE-1N,CARRETERA
A-2022-01-126,V-2022-01-126-1,LIMA,LIMA,ATE,IDENTIFICADO,NO CORRESPONDE,PARTICULAR,PERSONAS,NO SE CONOCE,SI,VIGENTE,SOAT,MAPFRE,SI,VIGENTE,AUTOMÓVIL,ATROPELLO,17/01/2022,2022,ENERO,LUNES,7,NO CORRESPONDE,AVENIDA
A-2022-01-260,V-2022-01-260-1,LIMA,LIMA,CIENEGUILLA,IDENTIFICADO,NO HABILITADO,PARTICULAR,,,NO,NO REGISTRA,,,NO,NO REGISTRA,MOTOCICLETA,DESPISTE,18/01/2022,2022,ENERO,MARTES,17,LM-119,CARRETERA
A-2022-01-260,V-2022-01-260-2,LIMA,LIMA,CIENEGUILLA,IDENTIFICADO,NO CORRESPONDE,PARTICULAR,,,NO CORRESPONDE,NO REGISTRA,,,NO CORRESPONDE,NO APLICA,BICICLETA,DESPISTE,18/01/2022,2022,ENERO,MARTES,17,LM-119,CARRETERA
A-2022-01-261,V-2022-01-261-1,LIMA,LIMA,COMAS,FUGADO,NO CORRESPONDE,NO CORRESPONDE,,,NO CORRESPONDE,NO APLICA,,,NO CORRESPONDE,NO APLICA,VEHICULO NO IDENTIFICADO,CAÍDA DE PASAJERO,19/01/2022,2022,ENERO,MIÉRCOLES,16,NO CORRESPONDE,AVENIDA
A-2022-01-94,V-2022-01-94-1,CALLAO,CALLAO,VENTANILLA,IDENTIFICADO,NO CORRESPONDE,PUBLICO URBANO,PERSONAS,PROVINCIAL,SI,VIGENTE,SOAT,MAPFRE,SI,VIGENTE,MINIBUS,ATROPELLO,21/01/2022,2022,ENERO,VIERNES,4,NO CORRESPONDE,AVENIDA
A-2022-01-262,V-2022-01-262-1,LIMA,LIMA,LURIN,IDENTIFICADO,HABILITADO,CARGA,CARGA Y/O MERCANCÍAS,NO SE CONOCE,SI,VIGENTE,SOAT,INTERSEGURO,SI,VIGENTE,REMOLCADOR,CHOQUE,21/01/2022,2022,ENERO,VIERNES,20,PE-1S,CARRETERA
A-2022-01-262,V-2022-01-262-2,LIMA,LIMA,LURIN,IDENTIFICADO,HABILITADO,REGULAR(INTERPROVINCIAL),CARGA Y/O MERCANCÍAS,REGIONAL,SI,VIGENTE,SOAT,RIMAC,SI,VIGENTE,ÓMNIBUS,CHOQUE,21/01/2022,2022,ENERO,VIERNES,20,PE-1S,CARRETERA
A-2022-01-104,V-2022-01-104-1,CALLAO,CALLAO,CALLAO,IDENTIFICADO,HABILITADO,CARGA,CARGA Y/O MERCANCÍAS,PROVINCIAL,SI,VIGENTE,SOAT,PACIFICO,SI,VIGENTE,REMOLCADOR-SEMIREMOLQUE,ATROPELLO,22/01/2022,2022,ENERO,SÁBADO,6,PE-20,CARRETERA
A-2022-01-266,V-2022-01-266-1,LIMA,LIMA,SANTIAGO DE SURCO,IDENTIFICADO,HABILITADO,CARGA,CARGA Y/O MERCANCÍAS,NO SE CONOCE,SI,VENCIDO,SOAT,RIMAC,NO ESPECIFICA,NO REGISTRA,REMOLCADOR,ATROPELLO,22/01/2022,2022,ENERO,SÁBADO,22,PE-1S,CARRETERA
A-2022-01-268,V-2022-01-268-1,LIMA,LIMA,ATE,IDENTIFICADO,HABILITADO,PUBLICO URBANO,,,SI,VENCIDO,SOAT,RIMAC,NO,NO REGISTRA,ÓMNIBUS,CHOQUE,24/01/2022,2022,ENERO,LUNES,4,PE-1S,CARRETERA
A-2022-01-268,V-2022-01-268-2,LIMA,LIMA,ATE,IDENTIFICADO,HABILITADO,PARTICULAR,PERSONAS,NO SE CONOCE,SI,VENCIDO,SOAT,MAPFRE,NO ESPECIFICA,NO REGISTRA,TRIMOTO PASAJERO,CHOQUE,24/01/2022,2022,ENERO,LUNES,4,PE-1S,CARRETERA
A-2022-01-267,V-2022-01-267-1,LIMA,LIMA,SAN JUAN DE MIRAFLORES,IDENTIFICADO,NO CORRESPONDE,PARTICULAR,,,SI,VIGENTE,SOAT,LA POSITIVA,NO ESPECIFICA,NO REGISTRA,CAMIONETA PICK UP,ATROPELLO,25/01/2022,2022,ENERO,MARTES,5,PE-1S,CARRETERA
A-2022-01-269,V-2022-01-269-1,LIMA,LIMA,RIMAC,FUGADO,NO CORRESPONDE,NO CORRESPONDE,,NO SE CONOCE,NO CORRESPONDE,NO APLICA,,,NO CORRESPONDE,NO APLICA,VEHICULO NO IDENTIFICADO,ATROPELLO FUGA,28/01/2022,2022,ENERO,VIERNES,23,PE-1N,CARRETERA
A-2022-01-270,V-2022-01-270-1,LIMA,LIMA,SANTIAGO DE SURCO,IDENTIFICADO,NO HABILITADO,PARTICULAR,PERSONAS,NO SE CONOCE,SI,VIGENTE,SOAT,LA POSITIVA,SI,VIGENTE,MOTOCICLETA,VOLCADURA,30/01/2022,2022,ENERO,DOMINGO,1,PE-1S,CARRETERA
A-2022-01-277,V-2022-01-277-1,LIMA,LIMA,SAN MARTIN DE PORRES,IDENTIFICADO,HABILITADO,CARGA,CARGA Y/O MERCANCÍAS,NACIONAL,SI,VIGENTE,SOAT,INTERSEGURO,SI,VIGENTE,CAMIÓN,CHOQUE,30/01/2022,2022,ENERO,DOMINGO,6,PE-1N,CARRETERA
A-2022-01-277,V-2022-01-277-2,LIMA,LIMA,SAN MARTIN DE PORRES,IDENTIFICADO,NO HABILITADO,PARTICULAR,PERSONAS,NO SE CONOCE,SI,VIGENTE,SOAT,LA POSITIVA,NO ESPECIFICA,NO REGISTRA,MOTOCICLETA,CHOQUE,30/01/2022,2022,ENERO,DOMINGO,6,PE-1N,CARRETERA
A-2022-01-271,V-2022-01-271-1,LIMA,LIMA,VILLA MARIA DEL TRIUNFO,IDENTIFICADO,HABILITADO,TAXI,PERSONAS,NO SE CONOCE,SI,VIGENTE,SOAT,LA POSITIVA,SI,VIGENTE,STATION WAGON,CHOQUE,30/01/2022,2022,ENERO,DOMINGO,8,NO CORRESPONDE,AVENIDA
A-2022-01-271,V-2022-01-271-2,LIMA,LIMA,VILLA MARIA DEL TRIUNFO,IDENTIFICADO,NO HABILITADO,PARTICULAR,PERSONAS,NO SE CONOCE,SI,VIGENTE,SOAT,LA POSITIVA,NO ESPECIFICA,NO REGISTRA,MOTOCICLETA,CHOQUE,30/01/2022,2022,ENERO,DOMINGO,8,NO CORRESPONDE,AVENIDA
A-2022-01-279,V-2022-01-279-1,LIMA,LIMA,SANTA ANITA,IDENTIFICADO,NO HABILITADO,CARGA,CARGA Y/O MERCANCÍAS,NACIONAL,SI,VIGENTE,SOAT,LA POSITIVA,NO ESPECIFICA,NO REGISTRA,CAMIÓN,DESPISTE,31/01/2022,2022,ENERO,LUNES,12,NO CORRESPONDE,AVENIDA
A-2022-02-149,V-2022-02-149-1,LIMA,LIMA,SAN MARTIN DE PORRES,IDENTIFICADO,HABILITADO,CARGA,PERSONAS,NO SE CONOCE,SI,VIGENTE,SOAT,INTERSEGURO,SI,VIGENTE,REMOLCADOR-SEMIREMOLQUE,ATROPELLO,02/02/2022,2022,FEBRERO,MIÉRCOLES,10,PE-1N,CARRETERA
A-2022-02-150,V-2022-02-150-1,LIMA,LIMA,ATE,FUGADO,NO CORRESPONDE,NO CORRESPONDE,,,NO CORRESPONDE,NO APLICA,,,NO CORRESPONDE,NO APLICA,VEHICULO NO IDENTIFICADO,ATROPELLO FUGA,02/02/2022,2022,FEBRERO,MIÉRCOLES,20,PE-22,CARRETERA
A-2022-02-151,V-2022-02-151-1,LIMA,LIMA,SAN JUAN DE LURIGANCHO,IDENTIFICADO,NO HABILITADO,PARTICULAR,PERSONAS,NO SE CONOCE,SI,VIGENTE,SOAT,LA POSITIVA,NO ESPECIFICA,NO REGISTRA,MOTOCICLETA,ATROPELLO,03/02/2022,2022,FEBRERO,JUEVES,6,NO CORRESPONDE,AVENIDA
A-2022-02-153,V-2022-02-153-1,LIMA,LIMA,VILLA EL SALVADOR,IDENTIFICADO,NO HABILITADO,PARTICULAR,PERSONAS,NO SE CONOCE,NO ESPECIFICA,NO REGISTRA,,,NO,NO REGISTRA,MOTOCICLETA,ATROPELLO,03/02/2022,2022,FEBRERO,JUEVES,13,NO CORRESPONDE,AVENIDA
A-2022-02-154,V-2022-02-154-1,LIMA,LIMA,CHORRILLOS,IDENTIFICADO,HABILITADO,CARGA,CARGA Y/O MERCANCÍAS,NACIONAL,SI,VIGENTE,SOAT,RIMAC,SI,VIGENTE,REMOLCADOR,CHOQUE,05/02/2022,2022,FEBRERO,SÁBADO,7,NO CORRESPONDE,AVENIDA
A-2022-02-154,V-2022-02-154-2,LIMA,LIMA,CHORRILLOS,IDENTIFICADO,NO HABILITADO,PARTICULAR,PERSONAS,NO SE CONOCE,SI,VIGENTE,SOAT,RIMAC,NO ESPECIFICA,NO REGISTRA,MOTOCICLETA,CHOQUE,05/02/2022,2022,FEBRERO,SÁBADO,7,NO CORRESPONDE,AVENIDA
A-2022-02-22,V-2022-02-22-1,CALLAO,CALLAO,BELLAVISTA,IDENTIFICADO,NO CORRESPONDE,PUBLICO URBANO,PERSONAS,DISTRITAL,SI,VIGENTE,SOAT,RIMAC,SI,VIGENTE,CAMIONETA RURAL,CHOQUE FUGA,05/02/2022,2022,FEBRERO,SÁBADO,17,NO CORRESPONDE,AVENIDA
A-2022-02-22,V-2022-02-22-2,CALLAO,CALLAO,BELLAVISTA,IDENTIFICADO,NO CORRESPONDE,PARTICULAR,PERSONAS,NO SE CONOCE,NO CORRESPONDE,VIGENTE,,,NO CORRESPONDE,NO APLICA,BICICLETA,CHOQUE FUGA,05/02/2022,2022,FEBRERO,SÁBADO,17,NO CORRESPONDE,AVENIDA
A-2022-02-155,V-2022-02-155-1,LIMA,LIMA,INDEPENDENCIA,IDENTIFICADO,NO HABILITADO,PARTICULAR,PERSONAS,NO SE CONOCE,SI,VIGENTE,SOAT,LA POSITIVA,NO ESPECIFICA,NO REGISTRA,MOTOCICLETA,CHOQUE,06/02/2022,2022,FEBRERO,DOMINGO,5,PE-1N,CARRETERA
A-2022-02-155,V-2022-02-155-2,LIMA,LIMA,INDEPENDENCIA,IDENTIFICADO,NO HABILITADO,PARTICULAR,PERSONAS,NO SE CONOCE,NO,VIGENTE,,,NO ESPECIFICA,NO REGISTRA,MOTOCICLETA,CHOQUE,06/02/2022,2022,FEBRERO,DOMINGO,5,PE-1N,CARRETERA
A-2022-02-162,V-2022-02-162-1,LIMA,LIMA,SAN JUAN DE MIRAFLORES,IDENTIFICADO,NO HABILITADO,PARTICULAR,PERSONAS,NO SE CONOCE,SI,VIGENTE,SOAT,INTERSEGURO,NO ESPECIFICA,NO REGISTRA,AUTOMÓVIL,DESPISTE,06/02/2022,2022,FEBRERO,DOMINGO,18,NO CORRESPONDE,AVENIDA
A-2022-02-166,V-2022-02-166-1,LIMA,LIMA,LURIGANCHO,IDENTIFICADO,HABILITADO,CARGA,CARGA Y/O MERCANCÍAS,NACIONAL,SI,VIGENTE,SOAT,RIMAC,SI,VIGENTE,REMOLCADOR-SEMIREMOLQUE,ESPECIAL,07/02/2022,2022,FEBRERO,LUNES,21,NO CORRESPONDE,AVENIDA
A-2022-02-167,V-2022-02-167-1,LIMA,LIMA,LOS OLIVOS,IDENTIFICADO,HABILITADO,PUBLICO URBANO,PERSONAS,PROVINCIAL,SI,VENCIDO,SOAT,RIMAC,SI,VIGENTE,MINIBUS,CAÍDA DE PASAJERO,08/02/2022,2022,FEBRERO,MARTES,17,NO CORRESPONDE,AVENIDA
A-2022-02-168,V-2022-02-168-1,LIMA,LIMA,SAN BORJA,IDENTIFICADO,HABILITADO,PUBLICO URBANO,PERSONAS,NO SE CONOCE,SI,VIGENTE,SOAT,LA POSITIVA,SI,VIGENTE,ÓMNIBUS,ATROPELLO,08/02/2022,2022,FEBRERO,MARTES,23,NO CORRESPONDE,AVENIDA
A-2022-02-216,V-2022-02-216-1,LIMA,LIMA,PACHACAMAC,IDENTIFICADO,NO CORRESPONDE,PARTICULAR,,,SI,VIGENTE,SOAT,LA POSITIVA,NO,NO REGISTRA,MOTOCICLETA,ATROPELLO,09/02/2022,2022,FEBRERO,MIÉRCOLES,20,NO CORRESPONDE,AVENIDA
A-2022-02-218,V-2022-02-218-1,LIMA,LIMA,CARABAYLLO,IDENTIFICADO,HABILITADO,PARTICULAR,PERSONAS,NO SE CONOCE,SI,VIGENTE,SOAT,INTERSEGURO,SI,VIGENTE,CAMIONETA RURAL,ATROPELLO,10/02/2022,2022,FEBRERO,JUEVES,6,NO CORRESPONDE,CALLE
A-2022-02-222,V-2022-02-222-1,LIMA,LIMA,CARABAYLLO,IDENTIFICADO,HABILITADO,PUBLICO URBANO,,,SI,VIGENTE,SOAT,RIMAC,SI,VIGENTE,ÓMNIBUS,CHOQUE,11/02/2022,2022,FEBRERO,VIERNES,2,NO CORRESPONDE,AVENIDA
A-2022-02-222,V-2022-02-222-2,LIMA,LIMA,CARABAYLLO,IDENTIFICADO,NO HABILITADO,SERVICIO ESPECIAL DE PASAJEROS,,,NO ESPECIFICA,VIGENTE,,,NO,NO REGISTRA,TRIMOTO PASAJERO,CHOQUE,11/02/2022,2022,FEBRERO,VIERNES,2,NO CORRESPONDE,AVENIDA
A-2022-02-221,V-2022-02-221-1,LIMA,LIMA,ATE,IDENTIFICADO,HABILITADO,CARGA,CARGA Y/O MERCANCÍAS,NO SE CONOCE,SI,VIGENTE,SOAT,MAPFRE,NO ESPECIFICA,NO REGISTRA,REMOLCADOR,ATROPELLO,11/02/2022,2022,FEBRERO,VIERNES,18,NO CORRESPONDE,AVENIDA
A-2022-02-223,V-2022-02-223-1,LIMA,LIMA,RIMAC,FUGADO,NO CORRESPONDE,NO CORRESPONDE,,,NO CORRESPONDE,NO APLICA,,,NO CORRESPONDE,NO APLICA,VEHICULO NO IDENTIFICADO,ATROPELLO FUGA,12/02/2022,2022,FEBRERO,SÁBADO,2,PE-1N,CARRETERA
A-2022-02-228,V-2022-02-228-1,LIMA,LIMA,LIMA,IDENTIFICADO,HABILITADO,PUBLICO URBANO,PERSONAS,NACIONAL,SI,VIGENTE,SOAT,PACIFICO,SI,VIGENTE,ÓMNIBUS,CHOQUE,13/02/2022,2022,FEBRERO,DOMINGO,15,NO CORRESPONDE,AVENIDA
A-2022-02-228,V-2022-02-228-2,LIMA,LIMA,LIMA,IDENTIFICADO,HABILITADO,CARGA,CARGA Y/O MERCANCÍAS,NO SE CONOCE,SI,VIGENTE,SOAT,RIMAC,SI,VENCIDO,CAMIÓN,CHOQUE,13/02/2022,2022,FEBRERO,DOMINGO,15,NO CORRESPONDE,AVENIDA
A-2022-02-229,V-2022-02-229-1,LIMA,LIMA,MAGDALENA DEL MAR,IDENTIFICADO,NO CORRESPONDE,PARTICULAR,PERSONAS,NO SE CONOCE,SI,VENCIDO,SOAT,LA POSITIVA,SI,VIGENTE,MOTOCICLETA,DESPISTE,14/02/2022,2022,FEBRERO,LUNES,5,NO CORRESPONDE,OTRO
A-2022-02-230,V-2022-02-230-1,LIMA,LIMA,SAN MARTIN DE PORRES,FUGADO,NO CORRESPONDE,NO CORRESPONDE,,,NO CORRESPONDE,NO APLICA,,,NO CORRESPONDE,NO APLICA,VEHICULO NO IDENTIFICADO,CHOQUE,14/02/2022,2022,FEBRERO,LUNES,15,NO CORRESPONDE,AVENIDA
A-2022-02-230,V-2022-02-230-2,LIMA,LIMA,SAN MARTIN DE PORRES,IDENTIFICADO,NO CORRESPONDE,PARTICULAR,PERSONAS,NO SE CONOCE,SI,NO APLICA,SOAT,LA POSITIVA,NO,NO REGISTRA,MOTOCICLETA,CHOQUE,14/02/2022,2022,FEBRERO,LUNES,15,NO CORRESPONDE,AVENIDA
A-2022-02-231,V-2022-02-231-1,LIMA,LIMA,LURIGANCHO,FUGADO,NO CORRESPONDE,NO CORRESPONDE,,,NO CORRESPONDE,NO APLICA,,,NO CORRESPONDE,NO APLICA,VEHICULO NO IDENTIFICADO,ATROPELLO FUGA,15/02/2022,2022,FEBRERO,MARTES,4,NO CORRESPONDE,AVENIDA
A-2022-02-234,V-2022-02-234-1,LIMA,LIMA,COMAS,IDENTIFICADO,NO HABILITADO,REGULAR(INTERPROVINCIAL),PERSONAS,PROVINCIAL,SI,VENCIDO,SOAT,LA POSITIVA,SI,VIGENTE,CAMIÓN,ATROPELLO,15/02/2022,2022,FEBRERO,MARTES,11,NO CORRESPONDE,AVENIDA
A-2022-02-235,V-2022-02-235-1,LIMA,LIMA,RIMAC,IDENTIFICADO,HABILITADO,PUBLICO URBANO,PERSONAS,NO SE CONOCE,SI,VIGENTE,SOAT,LA POSITIVA,SI,VIGENTE,ÓMNIBUS,ATROPELLO,16/02/2022,2022,FEBRERO,MIÉRCOLES,13,NO CORRESPONDE,AVENIDA
A-2022-02-81,V-2022-02-81-1,CALLAO,CALLAO,CALLAO,IDENTIFICADO,HABILITADO,PARTICULAR,PERSONAS,NO SE CONOCE,SI,VIGENTE,SOAT,PROTECTA,SI,VIGENTE,REMOLCADOR-SEMIREMOLQUE,ATROPELLO,17/02/2022,2022,FEBRERO,JUEVES,21,PE-20,CARRETERA
A-2022-02-236,V-2022-02-236-1,LIMA,LIMA,MIRAFLORES,IDENTIFICADO,NO CORRESPONDE,PARTICULAR,PERSONAS,NO SE CONOCE,SI,VIGENTE,SOAT,RIMAC,SI,VIGENTE,AUTOMÓVIL,ATROPELLO,18/02/2022,2022,FEBRERO,VIERNES,21,NO CORRESPONDE,OTRO
A-2022-02-239,V-2022-02-239-1,LIMA,LIMA,LURIN,FUGADO,NO CORRESPONDE,NO CORRESPONDE,,,NO CORRESPONDE,NO APLICA,,,NO CORRESPONDE,NO APLICA,VEHICULO NO IDENTIFICADO,ATROPELLO FUGA,19/02/2022,2022,FEBRERO,SÁBADO,10,PE-1S,CARRETERA
A-2022-02-237,V-2022-02-237-1,LIMA,LIMA,LA MOLINA,IDENTIFICADO,HABILITADO,CARGA,PERSONAS,NO SE CONOCE,SI,VIGENTE,SOAT,MAPFRE,SI,VIGENTE,REMOLCADOR,CHOQUE,19/02/2022,2022,FEBRERO,SÁBADO,19,LM-117,CARRETERA
A-2022-02-237,V-2022-02-237-2,LIMA,LIMA,LA MOLINA,IDENTIFICADO,HABILITADO,PARTICULAR,PERSONAS,NO SE CONOCE,SI,VIGENTE,SOAT,LA POSITIVA,SI,VIGENTE,MOTOCICLETA,CHOQUE,19/02/2022,2022,FEBRERO,SÁBADO,19,LM-117,CARRETERA
A-2022-02-240,V-2022-02-240-1,LIMA,LIMA,ANCON,IDENTIFICADO,HABILITADO,CARGA,CARGA Y/O MERCANCÍAS,NO SE CONOCE,SI,VIGENTE,SOAT,LA POSITIVA,SI,VIGENTE,REMOLCADOR,ATROPELLO,20/02/2022,2022,FEBRERO,DOMINGO,2,PE-1N,CARRETERA
A-2022-02-242,V-2022-02-242-1,LIMA,LIMA,SAN MARTIN DE PORRES,IDENTIFICADO,HABILITADO,PUBLICO URBANO,PERSONAS,NO SE CONOCE,SI,VIGENTE,SOAT,RIMAC,SI,VIGENTE,ÓMNIBUS,CAÍDA DE PASAJERO,23/02/2022,2022,FEBRERO,MIÉRCOLES,9,NO CORRESPONDE,AVENIDA
A-2022-02-119,V-2022-02-119-1,CALLAO,CALLAO,CALLAO,IDENTIFICADO,NO HABILITADO,PUBLICO URBANO,PERSONAS,REGIONAL,NO,NO REGISTRA,,,SI,VIGENTE,CAMIONETA RURAL,ATROPELLO,24/02/2022,2022,FEBRERO,JUEVES,5,NO CORRESPONDE,AVENIDA
A-2022-02-241,V-2022-02-241-1,LIMA,LIMA,LIMA,IDENTIFICADO,HABILITADO,PUBLICO URBANO,PERSONAS,PROVINCIAL,SI,VENCIDO,SOAT,RIMAC,SI,VIGENTE,CAMIONETA RURAL,ESPECIAL,24/02/2022,2022,FEBRERO,JUEVES,8,NO CORRESPONDE,AVENIDA
A-2022-02-246,V-2022-02-246-1,LIMA,LIMA,ATE,IDENTIFICADO,HABILITADO,PUBLICO URBANO,,,SI,VIGENTE,SOAT,LA POSITIVA,SI,VIGENTE,ÓMNIBUS,ATROPELLO,25/02/2022,2022,FEBRERO,VIERNES,12,PE-22,CARRETERA
A-2022-02-309,V-2022-02-309-1,LIMA,LIMA,SAN MARTIN DE PORRES,IDENTIFICADO,HABILITADO,PUBLICO URBANO,,,SI,VENCIDO,SOAT,LA POSITIVA,SI,VIGENTE,ÓMNIBUS,ATROPELLO,25/02/2022,2022,FEBRERO,VIERNES,14,NO CORRESPONDE,AVENIDA
A-2022-02-249,V-2022-02-249-1,LIMA,LIMA,SANTA ANITA,FUGADO,NO CORRESPONDE,NO CORRESPONDE,,,NO CORRESPONDE,NO APLICA,,,NO CORRESPONDE,NO APLICA,VEHICULO NO IDENTIFICADO,CHOQUE,25/02/2022,2022,FEBRERO,VIERNES,23,NO CORRESPONDE,AVENIDA
A-2022-02-249,V-2022-02-249-2,LIMA,LIMA,SANTA ANITA,IDENTIFICADO,NO CORRESPONDE,SERVICIO ESPECIAL DE PASAJEROS,PERSONAS,NO SE CONOCE,NO,NO APLICA,,,NO ESPECIFICA,NO REGISTRA,TRIMOTO PASAJERO,CHOQUE,25/02/2022,2022,FEBRERO,VIERNES,23,NO CORRESPONDE,AVENIDA
A-2022-02-248,V-2022-02-248-1,LIMA,LIMA,ATE,IDENTIFICADO,NO CORRESPONDE,SERVICIO ESPECIAL DE PASAJEROS,,,NO ESPECIFICA,NO REGISTRA,,,NO ESPECIFICA,NO REGISTRA,TRIMOTO PASAJERO,ATROPELLO,26/02/2022,2022,FEBRERO,SÁBADO,19,NO CORRESPONDE,OTRO
A-2022-02-250,V-2022-02-250-1,LIMA,LIMA,RIMAC,FUGADO,NO CORRESPONDE,NO CORRESPONDE,,,NO CORRESPONDE,NO APLICA,,,NO CORRESPONDE,NO APLICA,VEHICULO NO IDENTIFICADO,ATROPELLO FUGA,28/02/2022,2022,FEBRERO,LUNES,3,PE-1N,CARRETERA
A-2022-02-251,V-2022-02-251-1,LIMA,LIMA,CHACLACAYO,IDENTIFICADO,HABILITADO,CARGA,CARGA Y/O MERCANCÍAS,NO SE CONOCE,SI,VIGENTE,SOAT,LA POSITIVA,NO,NO REGISTRA,CAMIONETA PANEL,CHOQUE,28/02/2022,2022,FEBRERO,LUNES,5,PE-22,CARRETERA
A-2022-02-251,V-2022-02-251-2,LIMA,LIMA,CHACLACAYO,IDENTIFICADO,HABILITADO,PARTICULAR,PERSONAS,NO SE CONOCE,SI,VIGENTE,SOAT,LA POSITIVA,NO ESPECIFICA,NO REGISTRA,CAMIONETA RURAL,CHOQUE,28/02/2022,2022,FEBRERO,LUNES,5,PE-22,CARRETERA
A-2022-03-189,V-2022-03-189-1,LIMA,LIMA,PUENTE PIEDRA,IDENTIFICADO,NO CORRESPONDE,CARGA,CARGA Y/O MERCANCÍAS,DISTRITAL,SI,VIGENTE,SOAT,LA POSITIVA,SI,VIGENTE,CAMIÓN,VOLCADURA,01/03/2022,2022,MARZO,MARTES,7,NO CORRESPONDE,AVENIDA
A-2022-03-189,V-2022-03-189-2,LIMA,LIMA,PUENTE PIEDRA,IDENTIFICADO,NO CORRESPONDE,PARTICULAR,PERSONAS,NO SE CONOCE,NO ESPECIFICA,VIGENTE,,,NO ESPECIFICA,NO REGISTRA,MOTOCICLETA,VOLCADURA,01/03/2022,2022,MARZO,MARTES,7,NO CORRESPONDE,AVENIDA
A-2022-03-161,V-2022-03-161-1,CALLAO,CALLAO,CALLAO,IDENTIFICADO,HABILITADO,PARTICULAR,PERSONAS,NO SE CONOCE,SI,VIGENTE,SOAT,RIMAC,NO ESPECIFICA,NO REGISTRA,STATION WAGON,CHOQUE,02/03/2022,2022,MARZO,MIÉRCOLES,12,NO CORRESPONDE,AVENIDA
A-2022-03-161,V-2022-03-161-2,CALLAO,CALLAO,CALLAO,IDENTIFICADO,HABILITADO,CARGA,CARGA Y/O MERCANCÍAS,NACIONAL,NO ESPECIFICA,VIGENTE,,,NO ESPECIFICA,NO REGISTRA,SEMIREMOLQUE,CHOQUE,02/03/2022,2022,MARZO,MIÉRCOLES,12,NO CORRESPONDE,AVENIDA
A-2022-03-181,V-2022-03-181-1,LIMA,LIMA,JESUS MARIA,IDENTIFICADO,NO CORRESPONDE,PARTICULAR,PERSONAS,NO SE CONOCE,NO ESPECIFICA,NO REGISTRA,,,NO ESPECIFICA,NO REGISTRA,MOTOCICLETA,CHOQUE,02/03/2022,2022,MARZO,MIÉRCOLES,14,NO CORRESPONDE,AVENIDA
A-2022-03-181,V-2022-03-181-2,LIMA,LIMA,JESUS MARIA,IDENTIFICADO,HABILITADO,CARGA,CARGA Y/O MERCANCÍAS,DISTRITAL,NO ESPECIFICA,NO REGISTRA,,,NO ESPECIFICA,NO REGISTRA,REMOLCADOR,CHOQUE,02/03/2022,2022,MARZO,MIÉRCOLES,14,NO CORRESPONDE,AVENIDA
A-2022-03-283,V-2022-03-283-1,LIMA,LIMA,CHORRILLOS,FUGADO,NO CORRESPONDE,NO CORRESPONDE,,,NO CORRESPONDE,NO APLICA,,,NO ESPECIFICA,NO REGISTRA,VEHICULO NO IDENTIFICADO,ATROPELLO FUGA,03/03/2022,2022,MARZO,JUEVES,23,NO CORRESPONDE,AVENIDA
A-2022-03-212,V-2022-03-212-1,CALLAO,CALLAO,CARMEN DE LA LEGUA REYNOSO,IDENTIFICADO,NO CORRESPONDE,CARGA,CARGA Y/O MERCANCÍAS,DISTRITAL,SI,VIGENTE,SOAT,LA POSITIVA,SI,VIGENTE,REMOLCADOR-SEMIREMOLQUE,ATROPELLO,04/03/2022,2022,MARZO,VIERNES,14,NO CORRESPONDE,AVENIDA
A-2022-03-213,V-2022-03-213-1,LIMA,LIMA,VILLA EL SALVADOR,FUGADO,NO CORRESPONDE,NO CORRESPONDE,,,NO CORRESPONDE,NO APLICA,,,NO CORRESPONDE,NO APLICA,VEHICULO NO IDENTIFICADO,ATROPELLO FUGA,05/03/2022,2022,MARZO,SÁBADO,4,PE-1S,CARRETERA
A-2022-03-8,V-2022-03-8-1,CALLAO,CALLAO,CALLAO,IDENTIFICADO,HABILITADO,PARTICULAR,CARGA Y/O MERCANCÍAS,NO SE CONOCE,SI,VIGENTE,SOAT,INTERSEGURO,SI,VIGENTE,REMOLCADOR-SEMIREMOLQUE,ATROPELLO,05/03/2022,2022,MARZO,SÁBADO,16,PE-20,CARRETERA
A-2022-03-214,V-2022-03-214-1,LIMA,LIMA,COMAS,IDENTIFICADO,HABILITADO,PUBLICO URBANO,PERSONAS,DISTRITAL,SI,VIGENTE,SOAT,PACIFICO,SI,VIGENTE,CAMIONETA RURAL,ATROPELLO,07/03/2022,2022,MARZO,LUNES,14,NO CORRESPONDE,AVENIDA
A-2022-03-232,V-2022-03-232-1,LIMA,LIMA,COMAS,IDENTIFICADO,HABILITADO,CARGA,CARGA Y/O MERCANCÍAS,NACIONAL,SI,VIGENTE,SOAT,LA POSITIVA,SI,VIGENTE,CAMIONETA PICK UP,ATROPELLO,07/03/2022,2022,MARZO,LUNES,18,NO CORRESPONDE,AVENIDA
A-2022-03-215,V-2022-03-215-1,LIMA,LIMA,EL AGUSTINO,IDENTIFICADO,NO CORRESPONDE,PUBLICO URBANO,,,SI,VIGENTE,SOAT,PACIFICO,NO ESPECIFICA,NO REGISTRA,ÓMNIBUS,CHOQUE,08/03/2022,2022,MARZO,MARTES,6,PE-1N,CARRETERA
A-2022-03-215,V-2022-03-215-2,LIMA,LIMA,EL AGUSTINO,IDENTIFICADO,NO CORRESPONDE,PARTICULAR,,,SI,VIGENTE,SOAT,RIMAC,SI,VIGENTE,AUTOMÓVIL,CHOQUE,08/03/2022,2022,MARZO,MARTES,6,PE-1N,CARRETERA
A-2022-03-289,V-2022-03-289-1,LIMA,LIMA,PACHACAMAC,IDENTIFICADO,NO CORRESPONDE,PARTICULAR,PERSONAS,NO SE CONOCE,NO CORRESPONDE,NO APLICA,,,NO CORRESPONDE,NO APLICA,BICIMOTO,CHOQUE,08/03/2022,2022,MARZO,MARTES,17,NO CORRESPONDE,AVENIDA
A-2022-03-289,V-2022-03-289-2,LIMA,LIMA,PACHACAMAC,IDENTIFICADO,NO HABILITADO,PUBLICO URBANO,PERSONAS,PROVINCIAL,NO,NO APLICA,,,NO,NO REGISTRA,MINIBUS,CHOQUE,08/03/2022,2022,MARZO,MARTES,17,NO CORRESPONDE,AVENIDA
A-2022-03-216,V-2022-03-216-1,LIMA,LIMA,RIMAC,IDENTIFICADO,HABILITADO,CARGA,,,SI,VIGENTE,SOAT,PACIFICO,NO ESPECIFICA,NO REGISTRA,CAMIÓN,CHOQUE,09/03/2022,2022,MARZO,MIÉRCOLES,14,PE-1N,CARRETERA
A-2022-03-216,V-2022-03-216-2,LIMA,LIMA,RIMAC,IDENTIFICADO,NO CORRESPONDE,PARTICULAR,,,SI,VIGENTE,SOAT,MAPFRE,NO ESPECIFICA,NO REGISTRA,REMOLCADOR,CHOQUE,09/03/2022,2022,MARZO,MIÉRCOLES,14,PE-1N,CARRETERA
A-2022-03-253,V-2022-03-253-1,LIMA,LIMA,SAN MARTIN DE PORRES,ESTACIONADO,NO CORRESPONDE,PARTICULAR,,,NO,NO REGISTRA,,,NO,NO REGISTRA,BICICLETA,CHOQUE FUGA,10/03/2022,2022,MARZO,JUEVES,20,NO CORRESPONDE,AVENIDA
A-2022-03-253,V-2022-03-253-2,LIMA,LIMA,SAN MARTIN DE PORRES,FUGADO,NO CORRESPONDE,OTRO,,,NO ESPECIFICA,NO REGISTRA,,,NO ESPECIFICA,NO REGISTRA,VEHICULO NO IDENTIFICADO,CHOQUE FUGA,10/03/2022,2022,MARZO,JUEVES,20,NO CORRESPONDE,AVENIDA
A-2022-03-255,V-2022-03-255-1,LIMA,LIMA,SAN JUAN DE LURIGANCHO,IDENTIFICADO,HABILITADO,SERVICIO ESPECIAL DE PASAJEROS,,,NO,NO REGISTRA,,,SI,VIGENTE,TRIMOTO PASAJERO,CHOQUE,11/03/2022,2022,MARZO,VIERNES,2,NO CORRESPONDE,AVENIDA
A-2022-03-255,V-2022-03-255-2,LIMA,LIMA,SAN JUAN DE LURIGANCHO,IDENTIFICADO,HABILITADO,OTRO,,,SI,NO REGISTRA,SOAT,INTERSEGURO,SI,VIGENTE,CAMIONETA PANEL,CHOQUE,11/03/2022,2022,MARZO,VIERNES,2,NO CORRESPONDE,AVENIDA
A-2022-03-257,V-2022-03-257-1,LIMA,LIMA,LIMA,IDENTIFICADO,HABILITADO,PARTICULAR,PERSONAS,NO SE CONOCE,NO ESPECIFICA,NO REGISTRA,,,NO ESPECIFICA,NO REGISTRA,MOTOCICLETA,ATROPELLO,11/03/2022,2022,MARZO,VIERNES,19,NO CORRESPONDE,AVENIDA
A-2022-03-259,V-2022-03-259-1,LIMA,LIMA,SAN JUAN DE LURIGANCHO,IDENTIFICADO,NO CORRESPONDE,PARTICULAR,,,NO ESPECIFICA,NO REGISTRA,,,NO ESPECIFICA,NO REGISTRA,ÓMNIBUS,ATROPELLO,13/03/2022,2022,MARZO,DOMINGO,11,NO CORRESPONDE,AVENIDA
A-2022-03-260,V-2022-03-260-1,LIMA,LIMA,SAN JUAN DE LURIGANCHO,IDENTIFICADO,HABILITADO,PUBLICO URBANO,,,NO ESPECIFICA,NO REGISTRA,,,NO ESPECIFICA,NO REGISTRA,ÓMNIBUS,ATROPELLO,15/03/2022,2022,MARZO,MARTES,23,LM-711,CARRETERA
A-2022-03-261,V-2022-03-261-1,LIMA,LIMA,SAN ISIDRO,IDENTIFICADO,NO CORRESPONDE,PARTICULAR,,,NO ESPECIFICA,NO REGISTRA,,,NO ESPECIFICA,NO REGISTRA,AUTOMÓVIL,DESPISTE,16/03/2022,2022,MARZO,MIÉRCOLES,1,NO CORRESPONDE,OTRO
A-2022-03-263,V-2022-03-263-1,LIMA,LIMA,CARABAYLLO,IDENTIFICADO,HABILITADO,PUBLICO URBANO,,,NO ESPECIFICA,NO REGISTRA,,,NO ESPECIFICA,NO REGISTRA,ÓMNIBUS,CHOQUE,18/03/2022,2022,MARZO,VIERNES,21,NO CORRESPONDE,AVENIDA
A-2022-03-263,V-2022-03-263-2,LIMA,LIMA,CARABAYLLO,IDENTIFICADO,NO CORRESPONDE,PARTICULAR,,,NO ESPECIFICA,NO REGISTRA,,,NO ESPECIFICA,NO REGISTRA,MOTOCICLETA,CHOQUE,18/03/2022,2022,MARZO,VIERNES,21,NO CORRESPONDE,AVENIDA
A-2022-03-265,V-2022-03-265-1,LIMA,LIMA,ATE,IDENTIFICADO,NO CORRESPONDE,PARTICULAR,,,NO ESPECIFICA,NO REGISTRA,,,NO ESPECIFICA,NO REGISTRA,MOTOCICLETA,DESPISTE,20/03/2022,2022,MARZO,DOMINGO,2,PE-22,CARRETERA
A-2022-03-266,V-2022-03-266-1,LIMA,LIMA,COMAS,IDENTIFICADO,HABILITADO,PUBLICO URBANO,,,NO ESPECIFICA,NO REGISTRA,,,NO ESPECIFICA,NO REGISTRA,ÓMNIBUS,VOLCADURA,20/03/2022,2022,MARZO,DOMINGO,23,NO CORRESPONDE,AVENIDA
A-2022-03-266,V-2022-03-266-2,LIMA,LIMA,COMAS,IDENTIFICADO,NO CORRESPONDE,PARTICULAR,,,NO ESPECIFICA,NO REGISTRA,,,NO ESPECIFICA,NO REGISTRA,MOTOCICLETA,VOLCADURA,20/03/2022,2022,MARZO,DOMINGO,23,NO CORRESPONDE,AVENIDA
A-2022-03-267,V-2022-03-267-1,LIMA,LIMA,ATE,IDENTIFICADO,NO CORRESPONDE,PARTICULAR,,,NO ESPECIFICA,NO REGISTRA,,,NO ESPECIFICA,NO REGISTRA,MOTOCICLETA,DESPISTE,21/03/2022,2022,MARZO,LUNES,4,PE-1S,CARRETERA
A-2022-03-270,V-2022-03-270-1,LIMA,LIMA,VILLA MARIA DEL TRIUNFO,IDENTIFICADO,NO HABILITADO,PUBLICO URBANO,,,NO ESPECIFICA,NO REGISTRA,,,NO ESPECIFICA,NO REGISTRA,ÓMNIBUS,ATROPELLO,21/03/2022,2022,MARZO,LUNES,18,NO CORRESPONDE,AVENIDA
A-2022-03-163,V-2022-03-163-1,CALLAO,CALLAO,CALLAO,IDENTIFICADO,HABILITADO,CARGA,CARGA Y/O MERCANCÍAS,NACIONAL,SI,VIGENTE,SOAT,RIMAC,SI,VIGENTE,REMOLCADOR,ESPECIAL,24/03/2022,2022,MARZO,JUEVES,5,PE-20I,CARRETERA
A-2022-03-163,V-2022-03-163-2,CALLAO,CALLAO,CALLAO,IDENTIFICADO,HABILITADO,PARTICULAR,PERSONAS,NO SE CONOCE,SI,VIGENTE,SOAT,LA POSITIVA,NO ESPECIFICA,NO REGISTRA,MOTOCICLETA,ESPECIAL,24/03/2022,2022,MARZO,JUEVES,5,PE-20I,CARRETERA
A-2022-03-162,V-2022-03-162-1,CALLAO,CALLAO,CALLAO,FUGADO,NO CORRESPONDE,NO CORRESPONDE,,NO SE CONOCE,NO CORRESPONDE,NO APLICA,,,NO CORRESPONDE,NO APLICA,VEHICULO NO IDENTIFICADO,ATROPELLO FUGA,24/03/2022,2022,MARZO,JUEVES,7,PE-20,CARRETERA
A-2022-03-273,V-2022-03-273-1,LIMA,LIMA,ATE,IDENTIFICADO,NO CORRESPONDE,NO CORRESPONDE,,,NO ESPECIFICA,NO REGISTRA,,,NO ESPECIFICA,NO REGISTRA,REMOLCADOR-SEMIREMOLQUE,ATROPELLO,26/03/2022,2022,MARZO,SÁBADO,16,NO CORRESPONDE,AVENIDA
A-2022-03-271,V-2022-03-271-1,LIMA,LIMA,LURIN,IDENTIFICADO,NO CORRESPONDE,NO CORRESPONDE,,,NO ESPECIFICA,NO REGISTRA,,,NO ESPECIFICA,NO REGISTRA,VEHICULO NO IDENTIFICADO,ATROPELLO FUGA,26/03/2022,2022,MARZO,SÁBADO,23,PE-1S,CARRETERA
A-2022-03-275,V-2022-03-275-1,LIMA,LIMA,EL AGUSTINO,IDENTIFICADO,NO CORRESPONDE,NO CORRESPONDE,,,NO ESPECIFICA,NO REGISTRA,,,NO ESPECIFICA,NO REGISTRA,AUTOMÓVIL,ATROPELLO,27/03/2022,2022,MARZO,DOMINGO,17,PE-22,CARRETERA
A-2022-03-276,V-2022-03-276-1,LIMA,LIMA,MIRAFLORES,IDENTIFICADO,NO CORRESPONDE,PARTICULAR,,,NO ESPECIFICA,NO REGISTRA,,,NO ESPECIFICA,NO REGISTRA,AUTOMÓVIL,DESPISTE,28/03/2022,2022,MARZO,LUNES,7,NO CORRESPONDE,OTRO
A-2022-04-214,V-2022-04-214-1,LIMA,LIMA,COMAS,FUGADO,NO CORRESPONDE,NO CORRESPONDE,,,,NO APLICA,,,NO CORRESPONDE,NO APLICA,VEHICULO NO IDENTIFICADO,ATROPELLO FUGA,01/04/2022,2022,ABRIL,VIERNES,19,NO CORRESPONDE,AVENIDA
A-2022-04-195,V-2022-04-195-1,LIMA,LIMA,SAN JUAN DE LURIGANCHO,IDENTIFICADO,NO CORRESPONDE,PARTICULAR,,,NO ESPECIFICA,NO REGISTRA,,,NO ESPECIFICA,NO REGISTRA,AUTOMÓVIL,CHOQUE,02/04/2022,2022,ABRIL,SÁBADO,0,NO CORRESPONDE,AVENIDA
A-2022-04-195,V-2022-04-195-2,LIMA,LIMA,SAN JUAN DE LURIGANCHO,IDENTIFICADO,NO HABILITADO,PARTICULAR,,,NO ESPECIFICA,NO REGISTRA,,,NO ESPECIFICA,NO REGISTRA,TRIMOTO PASAJERO,CHOQUE,02/04/2022,2022,ABRIL,SÁBADO,0,NO CORRESPONDE,AVENIDA
A-2022-04-191,V-2022-04-191-1,LIMA,LIMA,INDEPENDENCIA,IDENTIFICADO,HABILITADO,PARTICULAR,,,NO ESPECIFICA,NO REGISTRA,,,NO ESPECIFICA,NO REGISTRA,MOTOCICLETA,CHOQUE,02/04/2022,2022,ABRIL,SÁBADO,11,NO CORRESPONDE,AVENIDA
A-2022-04-191,V-2022-04-191-2,LIMA,LIMA,INDEPENDENCIA,IDENTIFICADO,HABILITADO,PARTICULAR,,,NO ESPECIFICA,NO REGISTRA,,,NO ESPECIFICA,NO REGISTRA,AUTOMÓVIL,CHOQUE,02/04/2022,2022,ABRIL,SÁBADO,11,NO CORRESPONDE,AVENIDA
A-2022-04-190,V-2022-04-190-1,LIMA,LIMA,LURIN,IDENTIFICADO,HABILITADO,PARTICULAR,,,NO ESPECIFICA,NO REGISTRA,,,NO ESPECIFICA,NO REGISTRA,MOTOCICLETA,VOLCADURA,03/04/2022,2022,ABRIL,DOMINGO,3,PE-1S,CARRETERA
A-2022-04-200,V-2022-04-200-1,LIMA,LIMA,LURIN,IDENTIFICADO,NO CORRESPONDE,PARTICULAR,,,NO ESPECIFICA,NO REGISTRA,,,NO ESPECIFICA,NO REGISTRA,AUTOMÓVIL,DESPISTE,03/04/2022,2022,ABRIL,DOMINGO,12,NO CORRESPONDE,AUTOPISTA
A-2022-04-192,V-2022-04-192-1,LIMA,LIMA,VILLA EL SALVADOR,IDENTIFICADO,HABILITADO,PARTICULAR,,,NO ESPECIFICA,NO REGISTRA,,,NO ESPECIFICA,NO REGISTRA,AUTOMÓVIL,CHOQUE,04/04/2022,2022,ABRIL,LUNES,10,NO CORRESPONDE,AVENIDA
A-2022-04-192,V-2022-04-192-2,LIMA,LIMA,VILLA EL SALVADOR,IDENTIFICADO,HABILITADO,PARTICULAR,,,NO ESPECIFICA,NO REGISTRA,,,NO ESPECIFICA,NO REGISTRA,AUTOMÓVIL,CHOQUE,04/04/2022,2022,ABRIL,LUNES,10,NO CORRESPONDE,AVENIDA
A-2022-04-23,V-2022-04-23-2,CALLAO,CALLAO,CALLAO,FUGADO,NO CORRESPONDE,NO CORRESPONDE,,NO SE CONOCE,NO CORRESPONDE,NO APLICA,,,NO CORRESPONDE,NO APLICA,VEHICULO NO IDENTIFICADO,ATROPELLO FUGA,07/04/2022,2022,ABRIL,JUEVES,2,PE-20,CARRETERA
A-2022-04-194,V-2022-04-194-1,LIMA,LIMA,SAN JUAN DE LURIGANCHO,IDENTIFICADO,NO HABILITADO,PARTICULAR,,,NO ESPECIFICA,NO REGISTRA,,,NO ESPECIFICA,NO REGISTRA,MOTOCICLETA,ATROPELLO,08/04/2022,2022,ABRIL,VIERNES,5,NO CORRESPONDE,AVENIDA
A-2022-04-24,V-2022-04-24-1,CALLAO,CALLAO,MI PERU,IDENTIFICADO,NO CORRESPONDE,CARGA,CARGA Y/O MERCANCÍAS,REGIONAL,SI,VIGENTE,SOAT,INTERSEGURO,SI,VIGENTE,CAMIÓN,CHOQUE,08/04/2022,2022,ABRIL,VIERNES,9,NO CORRESPONDE,AVENIDA
A-2022-04-24,V-2022-04-24-2,CALLAO,CALLAO,MI PERU,IDENTIFICADO,NO CORRESPONDE,NO CORRESPONDE,PERSONAS,DISTRITAL,NO,VIGENTE,,,NO,NO REGISTRA,TRIMOTO PASAJERO,CHOQUE,08/04/2022,2022,ABRIL,VIERNES,9,NO CORRESPONDE,AVENIDA
A-2022-04-24,V-2022-04-24-3,CALLAO,CALLAO,MI PERU,IDENTIFICADO,NO CORRESPONDE,SERVICIO ESPECIAL DE PASAJEROS,PERSONAS,DISTRITAL,SI,VIGENTE,OTRO,,NO,NO REGISTRA,TRIMOTO PASAJERO,CHOQUE,08/04/2022,2022,ABRIL,VIERNES,9,NO CORRESPONDE,AVENIDA
A-2022-04-198,V-2022-04-198-1,LIMA,LIMA,ATE,IDENTIFICADO,NO CORRESPONDE,PARTICULAR,,,NO,NO REGISTRA,,,NO ESPECIFICA,NO REGISTRA,TRIMOTO PASAJERO,ATROPELLO,09/04/2022,2022,ABRIL,SÁBADO,9,NO CORRESPONDE,AVENIDA
A-2022-04-199,V-2022-04-199-1,LIMA,LIMA,ATE,IDENTIFICADO,NO CORRESPONDE,CARGA,,,NO ESPECIFICA,NO REGISTRA,,,NO ESPECIFICA,NO REGISTRA,REMOLCADOR-SEMIREMOLQUE,CHOQUE,09/04/2022,2022,ABRIL,SÁBADO,22,NO CORRESPONDE,AVENIDA
A-2022-04-199,V-2022-04-199-2,LIMA,LIMA,ATE,IDENTIFICADO,NO CORRESPONDE,PUBLICO URBANO,,,NO ESPECIFICA,NO REGISTRA,,,NO ESPECIFICA,NO REGISTRA,CAMIONETA RURAL,CHOQUE,09/04/2022,2022,ABRIL,SÁBADO,22,NO CORRESPONDE,AVENIDA
A-2022-04-197,V-2022-04-197-1,LIMA,LIMA,ANCON,IDENTIFICADO,NO CORRESPONDE,PARTICULAR,,,NO ESPECIFICA,NO REGISTRA,,,NO ESPECIFICA,NO REGISTRA,AUTOMÓVIL,ATROPELLO,09/04/2022,2022,ABRIL,SÁBADO,23,PE-1N,CARRETERA
A-2022-04-235,V-2022-04-235-1,LIMA,LIMA,ATE,IDENTIFICADO,HABILITADO,PARTICULAR,,,NO ESPECIFICA,NO REGISTRA,,,NO ESPECIFICA,NO REGISTRA,CAMIONETA RURAL,ATROPELLO,10/04/2022,2022,ABRIL,DOMINGO,14,NO CORRESPONDE,AVENIDA
A-2022-04-235,V-2022-04-235-2,LIMA,LIMA,ATE,IDENTIFICADO,NO HABILITADO,PUBLICO URBANO,,,NO ESPECIFICA,NO REGISTRA,,,NO ESPECIFICA,NO REGISTRA,ÓMNIBUS,ATROPELLO,10/04/2022,2022,ABRIL,DOMINGO,14,NO CORRESPONDE,AVENIDA
A-2022-04-201,V-2022-04-201-1,LIMA,LIMA,LA VICTORIA,IDENTIFICADO,NO CORRESPONDE,PUBLICO URBANO,,,NO ESPECIFICA,NO REGISTRA,,,NO ESPECIFICA,NO REGISTRA,ÓMNIBUS,ATROPELLO,13/04/2022,2022,ABRIL,MIÉRCOLES,16,NO CORRESPONDE,AVENIDA
A-2022-04-201,V-2022-04-201-2,LIMA,LIMA,LA VICTORIA,IDENTIFICADO,NO CORRESPONDE,PUBLICO URBANO,,,NO ESPECIFICA,NO REGISTRA,,,NO ESPECIFICA,NO REGISTRA,ÓMNIBUS,ATROPELLO,13/04/2022,2022,ABRIL,MIÉRCOLES,16,NO CORRESPONDE,AVENIDA
A-2022-04-202,V-2022-04-202-1,LIMA,LIMA,PUENTE PIEDRA,IDENTIFICADO,NO CORRESPONDE,PARTICULAR,,,NO ESPECIFICA,NO REGISTRA,,,NO ESPECIFICA,NO REGISTRA,CAMIÓN,ATROPELLO,13/04/2022,2022,ABRIL,MIÉRCOLES,23,PE-1N,CARRETERA
A-2022-04-236,V-2022-04-236-1,LIMA,LIMA,COMAS,IDENTIFICADO,NO CORRESPONDE,PARTICULAR,,,NO ESPECIFICA,NO REGISTRA,,,NO ESPECIFICA,NO REGISTRA,MOTOCICLETA,DESPISTE,14/04/2022,2022,ABRIL,JUEVES,0,NO CORRESPONDE,AVENIDA
A-2022-04-237,V-2022-04-237-1,LIMA,LIMA,LURIGANCHO,IDENTIFICADO,NO CORRESPONDE,NO CORRESPONDE,,,NO ESPECIFICA,NO REGISTRA,,,NO ESPECIFICA,NO REGISTRA,REMOLCADOR,CHOQUE,15/04/2022,2022,ABRIL,VIERNES,4,PE-22,CARRETERA
A-2022-04-237,V-2022-04-237-2,LIMA,LIMA,LURIGANCHO,IDENTIFICADO,NO CORRESPONDE,PARTICULAR,,,NO ESPECIFICA,NO REGISTRA,,,NO ESPECIFICA,NO REGISTRA,CAMIÓN,CHOQUE,15/04/2022,2022,ABRIL,VIERNES,4,PE-22,CARRETERA
A-2022-04-237,V-2022-04-237-3,LIMA,LIMA,LURIGANCHO,IDENTIFICADO,HABILITADO,PARTICULAR,,,NO ESPECIFICA,NO REGISTRA,,,NO ESPECIFICA,NO REGISTRA,AUTOMÓVIL,CHOQUE,15/04/2022,2022,ABRIL,VIERNES,4,PE-22,CARRETERA
A-2022-04-238,V-2022-04-238-1,LIMA,LIMA,LURIGANCHO,FUGADO,NO CORRESPONDE,NO CORRESPONDE,,,NO CORRESPONDE,NO APLICA,,,NO CORRESPONDE,NO APLICA,VEHICULO NO IDENTIFICADO,ATROPELLO FUGA,17/04/2022,2022,ABRIL,DOMINGO,2,PE-22,CARRETERA
A-2022-04-245,V-2022-04-245-1,LIMA,LIMA,SURQUILLO,IDENTIFICADO,NO CORRESPONDE,PARTICULAR,,,NO ESPECIFICA,NO REGISTRA,,,NO ESPECIFICA,NO REGISTRA,AUTOMÓVIL,ATROPELLO,17/04/2022,2022,ABRIL,DOMINGO,11,NO CORRESPONDE,AVENIDA
A-2022-04-246,V-2022-04-246-1,LIMA,LIMA,LOS OLIVOS,IDENTIFICADO,NO CORRESPONDE,PARTICULAR,,,NO ESPECIFICA,NO REGISTRA,,,NO ESPECIFICA,NO REGISTRA,AUTOMÓVIL,ATROPELLO,18/04/2022,2022,ABRIL,LUNES,1,PE-1N,CARRETERA
A-2022-04-247,V-2022-04-247-1,LIMA,LIMA,LA VICTORIA,IDENTIFICADO,NO HABILITADO,PUBLICO URBANO,,,NO ESPECIFICA,NO REGISTRA,,,NO ESPECIFICA,NO REGISTRA,MINIBUS,CAÍDA DE PASAJERO,19/04/2022,2022,ABRIL,MARTES,10,NO CORRESPONDE,AVENIDA
A-2022-04-59,V-2022-04-59-1,CALLAO,CALLAO,CALLAO,FUGADO,NO CORRESPONDE,NO CORRESPONDE,,,NO CORRESPONDE,NO APLICA,,,NO CORRESPONDE,NO APLICA,VEHICULO NO IDENTIFICADO,ATROPELLO FUGA,19/04/2022,2022,ABRIL,MARTES,22,PE-20,CARRETERA
A-2022-04-60,V-2022-04-60-1,CALLAO,CALLAO,CALLAO,IDENTIFICADO,HABILITADO,CARGA,CARGA Y/O MERCANCÍAS,NO SE CONOCE,SI,VIGENTE,SOAT,RIMAC,SI,VIGENTE,REMOLCADOR,DESPISTE,20/04/2022,2022,ABRIL,MIÉRCOLES,4,NO CORRESPONDE,OTRO
A-2022-04-248,V-2022-04-248-1,LIMA,LIMA,COMAS,IDENTIFICADO,NO CORRESPONDE,PARTICULAR,,,NO ESPECIFICA,NO REGISTRA,,,NO ESPECIFICA,NO REGISTRA,MOTOCICLETA,DESPISTE,20/04/2022,2022,ABRIL,MIÉRCOLES,20,NO CORRESPONDE,AVENIDA
A-2022-04-249,V-2022-04-249-1,LIMA,LIMA,LURIGANCHO,IDENTIFICADO,NO CORRESPONDE,PARTICULAR,,,NO ESPECIFICA,NO REGISTRA,,,NO ESPECIFICA,NO REGISTRA,CAMIONETA RURAL,CHOQUE,20/04/2022,2022,ABRIL,MIÉRCOLES,21,LM-711,CARRETERA
A-2022-04-249,V-2022-04-249-2,LIMA,LIMA,LURIGANCHO,IDENTIFICADO,NO CORRESPONDE,PARTICULAR,,,NO ESPECIFICA,NO REGISTRA,,,NO ESPECIFICA,NO REGISTRA,MOTOCICLETA,CHOQUE,20/04/2022,2022,ABRIL,MIÉRCOLES,21,LM-711,CARRETERA
A-2022-04-268,V-2022-04-268-1,LIMA,LIMA,VILLA EL SALVADOR,IDENTIFICADO,NO CORRESPONDE,PARTICULAR,PERSONAS,NO SE CONOCE,SI,VIGENTE,SOAT,MAPFRE,NO,NO REGISTRA,AUTOMÓVIL,CHOQUE,21/04/2022,2022,ABRIL,JUEVES,3,PE-1S,CARRETERA
A-2022-04-268,V-2022-04-268-2,LIMA,LIMA,VILLA EL SALVADOR,IDENTIFICADO,HABILITADO,CARGA,CARGA Y/O MERCANCÍAS,NACIONAL,SI,VIGENTE,SOAT,LA POSITIVA,SI,VIGENTE,REMOLCADOR-SEMIREMOLQUE,CHOQUE,21/04/2022,2022,ABRIL,JUEVES,3,PE-1S,CARRETERA
A-2022-04-250,V-2022-04-250-1,LIMA,LIMA,RIMAC,IDENTIFICADO,NO CORRESPONDE,PARTICULAR,,,NO ESPECIFICA,NO REGISTRA,,,NO ESPECIFICA,NO REGISTRA,MOTOCICLETA,DESPISTE,22/04/2022,2022,ABRIL,VIERNES,0,NO CORRESPONDE,AVENIDA
A-2022-04-251,V-2022-04-251-1,LIMA,LIMA,EL AGUSTINO,IDENTIFICADO,NO CORRESPONDE,PARTICULAR,,,NO ESPECIFICA,NO REGISTRA,,,NO ESPECIFICA,NO REGISTRA,REMOLCADOR,VOLCADURA,22/04/2022,2022,ABRIL,VIERNES,4,PE-1N,CARRETERA
A-2022-04-251,V-2022-04-251-2,LIMA,LIMA,EL AGUSTINO,IDENTIFICADO,NO CORRESPONDE,PARTICULAR,,,NO ESPECIFICA,NO REGISTRA,,,NO ESPECIFICA,NO REGISTRA,MOTOCICLETA,VOLCADURA,22/04/2022,2022,ABRIL,VIERNES,4,PE-1N,CARRETERA
A-2022-04-252,V-2022-04-252-1,LIMA,LIMA,RIMAC,IDENTIFICADO,NO CORRESPONDE,PARTICULAR,,,NO ESPECIFICA,NO REGISTRA,,,NO ESPECIFICA,NO REGISTRA,REMOLCADOR,CHOQUE,22/04/2022,2022,ABRIL,VIERNES,11,PE-1N,CARRETERA
A-2022-04-252,V-2022-04-252-2,LIMA,LIMA,RIMAC,IDENTIFICADO,NO CORRESPONDE,PARTICULAR,,,NO ESPECIFICA,NO REGISTRA,,,NO ESPECIFICA,NO REGISTRA,MOTOCICLETA,CHOQUE,22/04/2022,2022,ABRIL,VIERNES,11,PE-1N,CARRETERA
A-2022-04-61,V-2022-04-61-1,CALLAO,CALLAO,CALLAO,IDENTIFICADO,NO HABILITADO,PARTICULAR,PERSONAS,NO SE CONOCE,NO,NO REGISTRA,,,NO,NO REGISTRA,MOTOCICLETA,CHOQUE,22/04/2022,2022,ABRIL,VIERNES,14,PE-20,CARRETERA
A-2022-04-61,V-2022-04-61-2,CALLAO,CALLAO,CALLAO,IDENTIFICADO,HABILITADO,CARGA,CARGA Y/O MERCANCÍAS,DISTRITAL,SI,NO REGISTRA,SOAT,LA POSITIVA,SI,VIGENTE,REMOLCADOR,CHOQUE,22/04/2022,2022,ABRIL,VIERNES,14,PE-20,CARRETERA
A-2022-04-254,V-2022-04-254-1,LIMA,LIMA,COMAS,IDENTIFICADO,NO CORRESPONDE,PARTICULAR,,,NO ESPECIFICA,NO REGISTRA,,,NO ESPECIFICA,NO REGISTRA,AUTOMÓVIL,CHOQUE,24/04/2022,2022,ABRIL,DOMINGO,5,NO CORRESPONDE,AVENIDA
A-2022-04-255,V-2022-04-255-1,LIMA,LIMA,ATE,IDENTIFICADO,NO CORRESPONDE,NO CORRESPONDE,,,NO ESPECIFICA,NO REGISTRA,,,NO ESPECIFICA,NO REGISTRA,VEHICULO NO IDENTIFICADO,ATROPELLO FUGA,24/04/2022,2022,ABRIL,DOMINGO,6,PE-22,CARRETERA
A-2022-04-256,V-2022-04-256-1,LIMA,LIMA,PUENTE PIEDRA,FUGADO,NO CORRESPONDE,NO CORRESPONDE,,,NO CORRESPONDE,NO APLICA,,,NO CORRESPONDE,NO APLICA,VEHICULO NO IDENTIFICADO,ATROPELLO FUGA,24/04/2022,2022,ABRIL,DOMINGO,12,NO CORRESPONDE,AVENIDA
A-2022-04-257,V-2022-04-257-1,LIMA,LIMA,COMAS,IDENTIFICADO,NO CORRESPONDE,CARGA,,,NO ESPECIFICA,NO REGISTRA,,,NO ESPECIFICA,NO REGISTRA,REMOLCADOR-SEMIREMOLQUE,CHOQUE,24/04/2022,2022,ABRIL,DOMINGO,15,PE-1N,CARRETERA
A-2022-04-257,V-2022-04-257-2,LIMA,LIMA,COMAS,IDENTIFICADO,NO CORRESPONDE,PARTICULAR,,,NO ESPECIFICA,NO REGISTRA,,,NO ESPECIFICA,NO REGISTRA,AUTOMÓVIL,CHOQUE,24/04/2022,2022,ABRIL,DOMINGO,15,PE-1N,CARRETERA
A-2022-04-259,V-2022-04-259-1,LIMA,LIMA,LURIGANCHO,FUGADO,NO CORRESPONDE,NO CORRESPONDE,,,NO CORRESPONDE,NO APLICA,,,NO CORRESPONDE,NO APLICA,VEHICULO NO IDENTIFICADO,ATROPELLO FUGA,26/04/2022,2022,ABRIL,MARTES,6,PE-22,CARRETERA
A-2022-04-260,V-2022-04-260-1,LIMA,LIMA,SURQUILLO,IDENTIFICADO,NO CORRESPONDE,PARTICULAR,,,NO ESPECIFICA,NO REGISTRA,,,NO ESPECIFICA,NO REGISTRA,MOTOCICLETA,CHOQUE,26/04/2022,2022,ABRIL,MARTES,10,NO CORRESPONDE,AVENIDA
A-2022-04-260,V-2022-04-260-2,LIMA,LIMA,SURQUILLO,IDENTIFICADO,NO CORRESPONDE,PARTICULAR,,,NO ESPECIFICA,NO REGISTRA,,,NO CORRESPONDE,NO APLICA,BICICLETA,CHOQUE,26/04/2022,2022,ABRIL,MARTES,10,NO CORRESPONDE,AVENIDA
A-2022-04-203,V-2022-04-203-1,LIMA,LIMA,CARABAYLLO,IDENTIFICADO,NO CORRESPONDE,PARTICULAR,,,NO ESPECIFICA,NO REGISTRA,,,NO ESPECIFICA,NO REGISTRA,TRIMOTO PASAJERO,ATROPELLO,27/04/2022,2022,ABRIL,MIÉRCOLES,20,NO CORRESPONDE,AVENIDA
A-2022-04-261,V-2022-04-261-1,LIMA,LIMA,LINCE,IDENTIFICADO,HABILITADO,PUBLICO URBANO,,,NO ESPECIFICA,NO REGISTRA,,,NO ESPECIFICA,NO REGISTRA,MINIBUS,CHOQUE,28/04/2022,2022,ABRIL,JUEVES,16,NO CORRESPONDE,PASAJE
A-2022-04-261,V-2022-04-261-2,LIMA,LIMA,LINCE,IDENTIFICADO,HABILITADO,PARTICULAR,,,NO ESPECIFICA,NO REGISTRA,,,NO ESPECIFICA,NO REGISTRA,MOTOCICLETA,CHOQUE,28/04/2022,2022,ABRIL,JUEVES,16,NO CORRESPONDE,PASAJE
A-2022-04-262,V-2022-04-262-1,LIMA,LIMA,LURIGANCHO,IDENTIFICADO,HABILITADO,PUBLICO URBANO,,,NO ESPECIFICA,NO REGISTRA,,,NO ESPECIFICA,NO REGISTRA,CAMIONETA RURAL,CHOQUE,28/04/2022,2022,ABRIL,JUEVES,17,LM-711,CARRETERA
A-2022-04-262,V-2022-04-262-2,LIMA,LIMA,LURIGANCHO,IDENTIFICADO,HABILITADO,CARGA,,,NO ESPECIFICA,NO REGISTRA,,,NO ESPECIFICA,NO REGISTRA,REMOLCADOR,CHOQUE,28/04/2022,2022,ABRIL,JUEVES,17,LM-711,CARRETERA
A-2022-04-262,V-2022-04-262-3,LIMA,LIMA,LURIGANCHO,IDENTIFICADO,NO CORRESPONDE,PARTICULAR,,,NO ESPECIFICA,NO REGISTRA,,,NO ESPECIFICA,NO REGISTRA,CAMIONETA RURAL,CHOQUE,28/04/2022,2022,ABRIL,JUEVES,17,LM-711,CARRETERA
A-2022-04-263,V-2022-04-263-1,LIMA,LIMA,EL AGUSTINO,IDENTIFICADO,NO CORRESPONDE,PARTICULAR,,,NO ESPECIFICA,NO REGISTRA,,,NO ESPECIFICA,NO REGISTRA,SEMIREMOLQUE,DESPISTE,29/04/2022,2022,ABRIL,VIERNES,17,PE-1N,CARRETERA
A-2022-04-263,V-2022-04-263-2,LIMA,LIMA,EL AGUSTINO,IDENTIFICADO,NO CORRESPONDE,PARTICULAR,,,NO ESPECIFICA,NO REGISTRA,,,NO ESPECIFICA,NO REGISTRA,MOTOCICLETA,DESPISTE,29/04/2022,2022,ABRIL,VIERNES,17,PE-1N,CARRETERA
A-2022-04-265,V-2022-04-265-1,LIMA,LIMA,LURIGANCHO,IDENTIFICADO,NO CORRESPONDE,PARTICULAR,,,NO ESPECIFICA,NO REGISTRA,,,NO ESPECIFICA,NO REGISTRA,MOTOCICLETA,ATROPELLO,29/04/2022,2022,ABRIL,VIERNES,21,PE-22,CARRETERA
A-2022-04-266,V-2022-04-266-1,LIMA,LIMA,PUNTA NEGRA,IDENTIFICADO,NO CORRESPONDE,PARTICULAR,,,NO ESPECIFICA,NO REGISTRA,,,NO ESPECIFICA,NO REGISTRA,CAMIÓN,ATROPELLO,30/04/2022,2022,ABRIL,SÁBADO,18,PE-1S,CARRETERA
A-2022-05-203,V-2022-05-203-1,LIMA,LIMA,LOS OLIVOS,IDENTIFICADO,NO CORRESPONDE,CARGA,CARGA Y/O MERCANCÍAS,NACIONAL,SI,VENCIDO,SOAT,LA POSITIVA,NO ESPECIFICA,NO REGISTRA,REMOLCADOR-SEMIREMOLQUE,ATROPELLO,02/05/2022,2022,MAYO,LUNES,15,NO CORRESPONDE,AVENIDA
A-2022-05-204,V-2022-05-204-1,LIMA,LIMA,SANTA ANITA,IDENTIFICADO,NO CORRESPONDE,PARTICULAR,,,SI,VENCIDO,SOAT,LA POSITIVA,NO CORRESPONDE,NO APLICA,MOTOCICLETA,DESPISTE,02/05/2022,2022,MAYO,LUNES,15,NO CORRESPONDE,AVENIDA
A-2022-05-204,V-2022-05-204-2,LIMA,LIMA,SANTA ANITA,IDENTIFICADO,HABILITADO,PARTICULAR,PERSONAS,NO SE CONOCE,SI,VENCIDO,SOAT,INTERSEGURO,SI,VIGENTE,AUTOMÓVIL,DESPISTE,02/05/2022,2022,MAYO,LUNES,15,NO CORRESPONDE,AVENIDA
A-2022-05-223,V-2022-05-223-1,CALLAO,CALLAO,VENTANILLA,IDENTIFICADO,HABILITADO,PARTICULAR,CARGA Y/O MERCANCÍAS,NO SE CONOCE,SI,VIGENTE,SOAT,RIMAC,NO ESPECIFICA,NO REGISTRA,REMOLCADOR,ATROPELLO,04/05/2022,2022,MAYO,MIÉRCOLES,15,SIN CLASIFICAR,CARRETERA
A-2022-05-220,V-2022-05-220-1,CALLAO,CALLAO,CALLAO,IDENTIFICADO,NO HABILITADO,PARTICULAR,PERSONAS,NO SE CONOCE,NO,NO REGISTRA,,,NO,NO REGISTRA,MOTOCICLETA,ATROPELLO,04/05/2022,2022,MAYO,MIÉRCOLES,20,NO CORRESPONDE,AVENIDA
A-2022-05-206,V-2022-05-206-1,LIMA,LIMA,SAN JUAN DE LURIGANCHO,IDENTIFICADO,HABILITADO,PUBLICO URBANO,,,SI,VENCIDO,SOAT,MAPFRE,SI,VIGENTE,MINIBUS,ATROPELLO,06/05/2022,2022,MAYO,VIERNES,13,NO CORRESPONDE,AVENIDA
A-2022-05-207,V-2022-05-207-1,LIMA,LIMA,SAN MARTIN DE PORRES,IDENTIFICADO,NO CORRESPONDE,PARTICULAR,PERSONAS,NO SE CONOCE,SI,VIGENTE,SOAT,INTERSEGURO,NO CORRESPONDE,NO APLICA,MOTOCICLETA,ATROPELLO,06/05/2022,2022,MAYO,VIERNES,20,NO CORRESPONDE,AVENIDA
A-2022-05-208,V-2022-05-208-1,LIMA,LIMA,SANTIAGO DE SURCO,IDENTIFICADO,NO CORRESPONDE,PARTICULAR,PERSONAS,NO SE CONOCE,SI,VIGENTE,SOAT,RIMAC,NO ESPECIFICA,NO REGISTRA,AUTOMÓVIL,ATROPELLO FUGA,07/05/2022,2022,MAYO,SÁBADO,4,NO CORRESPONDE,AVENIDA
A-2022-05-210,V-2022-05-210-1,LIMA,LIMA,LA VICTORIA,IDENTIFICADO,NO CORRESPONDE,PARTICULAR,PERSONAS,NO SE CONOCE,SI,VIGENTE,SOAT,RIMAC,NO ESPECIFICA,NO REGISTRA,AUTOMÓVIL,ATROPELLO,08/05/2022,2022,MAYO,DOMINGO,2,NO CORRESPONDE,AVENIDA
A-2022-05-209,V-2022-05-209-1,LIMA,LIMA,COMAS,IDENTIFICADO,NO CORRESPONDE,PARTICULAR,PERSONAS,NO SE CONOCE,SI,VIGENTE,SOAT,INTERSEGURO,NO ESPECIFICA,NO REGISTRA,STATION WAGON,ATROPELLO FUGA,08/05/2022,2022,MAYO,DOMINGO,12,NO CORRESPONDE,AVENIDA
A-2022-05-211,V-2022-05-211-1,LIMA,LIMA,SAN BARTOLO,IDENTIFICADO,HABILITADO,CARGA,PERSONAS,NO SE CONOCE,SI,VIGENTE,SOAT,INTERSEGURO,NO ESPECIFICA,NO REGISTRA,CAMIONETA PICK UP,CHOQUE FUGA,09/05/2022,2022,MAYO,LUNES,1,PE-1S,CARRETERA
A-2022-05-211,V-2022-05-211-2,LIMA,LIMA,SAN BARTOLO,IDENTIFICADO,NO CORRESPONDE,PARTICULAR,PERSONAS,NO SE CONOCE,SI,VIGENTE,SOAT,LA POSITIVA,NO ESPECIFICA,NO REGISTRA,AUTOMÓVIL,CHOQUE FUGA,09/05/2022,2022,MAYO,LUNES,1,PE-1S,CARRETERA
A-2022-05-213,V-2022-05-213-1,LIMA,LIMA,SAN JUAN DE LURIGANCHO,IDENTIFICADO,HABILITADO,PARTICULAR,,,NO ESPECIFICA,NO REGISTRA,,,NO ESPECIFICA,NO REGISTRA,MINIBUS,ATROPELLO,12/05/2022,2022,MAYO,JUEVES,22,NO CORRESPONDE,AVENIDA
A-2022-05-215,V-2022-05-215-1,LIMA,LIMA,LURIGANCHO,IDENTIFICADO,HABILITADO,CARGA,,,SI,VIGENTE,SOAT,INTERSEGURO,SI,VENCIDO,CAMIÓN,ATROPELLO,13/05/2022,2022,MAYO,VIERNES,5,NO CORRESPONDE,AVENIDA
A-2022-05-67,V-2022-05-67-1,CALLAO,CALLAO,CALLAO,IDENTIFICADO,HABILITADO,ESCOLAR,CARGA Y/O MERCANCÍAS,NO SE CONOCE,SI,VIGENTE,SOAT,MAPFRE,NO ESPECIFICA,NO REGISTRA,REMOLCADOR-SEMIREMOLQUE,ATROPELLO,13/05/2022,2022,MAYO,VIERNES,13,NO CORRESPONDE,AVENIDA
A-2022-05-257,V-2022-05-257-1,LIMA,LIMA,SANTIAGO DE SURCO,IDENTIFICADO,NO CORRESPONDE,PARTICULAR,,,NO ESPECIFICA,NO REGISTRA,,,NO ESPECIFICA,NO REGISTRA,MOTOCICLETA,ATROPELLO,14/05/2022,2022,MAYO,SÁBADO,12,NO CORRESPONDE,AVENIDA
A-2022-05-258,V-2022-05-258-1,LIMA,LIMA,CHORRILLOS,IDENTIFICADO,NO CORRESPONDE,PARTICULAR,,,NO ESPECIFICA,NO REGISTRA,,,NO ESPECIFICA,NO REGISTRA,MOTOCICLETA,CHOQUE,15/05/2022,2022,MAYO,DOMINGO,20,NO CORRESPONDE,AVENIDA
A-2022-05-259,V-2022-05-259-1,LIMA,LIMA,CARABAYLLO,IDENTIFICADO,NO CORRESPONDE,PARTICULAR,,,NO ESPECIFICA,NO REGISTRA,,,NO ESPECIFICA,NO REGISTRA,CAMIÓN,CHOQUE,16/05/2022,2022,MAYO,LUNES,10,NO CORRESPONDE,AVENIDA
A-2022-05-259,V-2022-05-259-2,LIMA,LIMA,CARABAYLLO,IDENTIFICADO,HABILITADO,CARGA,,,NO ESPECIFICA,NO REGISTRA,,,NO ESPECIFICA,NO REGISTRA,TRIMOTO CARGA,CHOQUE,16/05/2022,2022,MAYO,LUNES,10,NO CORRESPONDE,AVENIDA
A-2022-05-196,V-2022-05-196-1,LIMA,LIMA,RIMAC,FUGADO,NO CORRESPONDE,NO CORRESPONDE,PERSONAS,,NO CORRESPONDE,NO APLICA,,,NO CORRESPONDE,NO APLICA,VEHICULO NO IDENTIFICADO,ESPECIAL,17/05/2022,2022,MAYO,MARTES,2,NO CORRESPONDE,ALAMEDA
A-2022-05-260,V-2022-05-260-1,LIMA,LIMA,SAN JUAN DE LURIGANCHO,FUGADO,NO CORRESPONDE,NO CORRESPONDE,,,NO CORRESPONDE,NO APLICA,,,NO CORRESPONDE,NO APLICA,VEHICULO NO IDENTIFICADO,ATROPELLO FUGA,18/05/2022,2022,MAYO,MIÉRCOLES,5,NO CORRESPONDE,AVENIDA
A-2022-05-261,V-2022-05-261-1,LIMA,LIMA,COMAS,IDENTIFICADO,NO CORRESPONDE,PARTICULAR,,,NO ESPECIFICA,NO REGISTRA,,,NO ESPECIFICA,NO REGISTRA,CAMIONETA PICK UP,DESPISTE,22/05/2022,2022,MAYO,DOMINGO,10,NO CORRESPONDE,AVENIDA
A-2022-05-262,V-2022-05-262-1,LIMA,LIMA,LOS OLIVOS,IDENTIFICADO,NO CORRESPONDE,PARTICULAR,,,NO ESPECIFICA,NO REGISTRA,,,NO ESPECIFICA,NO REGISTRA,AUTOMÓVIL,ATROPELLO,23/05/2022,2022,MAYO,LUNES,19,NO CORRESPONDE,AVENIDA
A-2022-05-197,V-2022-05-197-1,LIMA,LIMA,PACHACAMAC,FUGADO,NO CORRESPONDE,NO CORRESPONDE,,,NO CORRESPONDE,NO APLICA,,,NO CORRESPONDE,NO APLICA,VEHICULO NO IDENTIFICADO,ATROPELLO,23/05/2022,2022,MAYO,LUNES,23,LM-796,CARRETERA
A-2022-05-263,V-2022-05-263-1,LIMA,LIMA,ATE,FUGADO,NO CORRESPONDE,NO CORRESPONDE,,,NO CORRESPONDE,NO APLICA,,,NO CORRESPONDE,NO APLICA,VEHICULO NO IDENTIFICADO,CHOQUE FUGA,24/05/2022,2022,MAYO,MARTES,5,LM-718,CARRETERA
A-2022-05-263,V-2022-05-263-2,LIMA,LIMA,ATE,IDENTIFICADO,NO CORRESPONDE,PARTICULAR,,,NO ESPECIFICA,NO APLICA,,,NO ESPECIFICA,NO REGISTRA,MOTOCICLETA,CHOQUE FUGA,24/05/2022,2022,MAYO,MARTES,5,LM-718,CARRETERA
A-2022-05-264,V-2022-05-264-1,LIMA,LIMA,SAN JUAN DE LURIGANCHO,IDENTIFICADO,HABILITADO,CARGA,,,NO ESPECIFICA,NO REGISTRA,,,NO ESPECIFICA,NO REGISTRA,REMOLCADOR,CHOQUE,26/05/2022,2022,MAYO,JUEVES,9,NO CORRESPONDE,AVENIDA
A-2022-05-264,V-2022-05-264-2,LIMA,LIMA,SAN JUAN DE LURIGANCHO,IDENTIFICADO,NO CORRESPONDE,PARTICULAR,,,NO ESPECIFICA,NO REGISTRA,,,NO ESPECIFICA,NO REGISTRA,MOTOCICLETA,CHOQUE,26/05/2022,2022,MAYO,JUEVES,9,NO CORRESPONDE,AVENIDA
A-2022-05-265,V-2022-05-265-1,LIMA,LIMA,SAN JUAN DE MIRAFLORES,FUGADO,NO CORRESPONDE,NO CORRESPONDE,,,NO CORRESPONDE,NO APLICA,,,NO CORRESPONDE,NO APLICA,VEHICULO NO IDENTIFICADO,CHOQUE FUGA,27/05/2022,2022,MAYO,VIERNES,6,NO CORRESPONDE,AVENIDA
A-2022-05-265,V-2022-05-265-2,LIMA,LIMA,SAN JUAN DE MIRAFLORES,IDENTIFICADO,HABILITADO,CARGA,,,NO ESPECIFICA,NO APLICA,,,NO ESPECIFICA,NO REGISTRA,MOTOCICLETA,CHOQUE FUGA,27/05/2022,2022,MAYO,VIERNES,6,NO CORRESPONDE,AVENIDA
A-2022-05-266,V-2022-05-266-1,LIMA,LIMA,LURIN,IDENTIFICADO,NO CORRESPONDE,PARTICULAR,,,NO ESPECIFICA,NO REGISTRA,,,NO ESPECIFICA,NO REGISTRA,AUTOMÓVIL,CHOQUE,28/05/2022,2022,MAYO,SÁBADO,16,LM-797,CARRETERA
A-2022-05-266,V-2022-05-266-2,LIMA,LIMA,LURIN,IDENTIFICADO,NO CORRESPONDE,PARTICULAR,,,NO ESPECIFICA,NO REGISTRA,,,NO ESPECIFICA,NO REGISTRA,CAMIONETA PICK UP,CHOQUE,28/05/2022,2022,MAYO,SÁBADO,16,LM-797,CARRETERA
A-2022-05-267,V-2022-05-267-1,LIMA,LIMA,LURIN,FUGADO,NO CORRESPONDE,NO CORRESPONDE,,,NO CORRESPONDE,NO APLICA,,,NO CORRESPONDE,NO APLICA,VEHICULO NO IDENTIFICADO,CHOQUE FUGA,30/05/2022,2022,MAYO,LUNES,5,NO CORRESPONDE,AVENIDA
A-2022-05-267,V-2022-05-267-2,LIMA,LIMA,LURIN,IDENTIFICADO,NO CORRESPONDE,PARTICULAR,,,NO ESPECIFICA,NO APLICA,,,NO ESPECIFICA,NO REGISTRA,TRICICLO MOTORIZADO,CHOQUE FUGA,30/05/2022,2022,MAYO,LUNES,5,NO CORRESPONDE,AVENIDA
A-2022-05-167,V-2022-05-167-1,CALLAO,CALLAO,CALLAO,IDENTIFICADO,HABILITADO,PARTICULAR,PERSONAS,NO SE CONOCE,SI,VIGENTE,SOAT,MAPFRE,NO ESPECIFICA,NO REGISTRA,AUTOMÓVIL,ATROPELLO,30/05/2022,2022,MAYO,LUNES,6,PE-20,CARRETERA
A-2022-05-268,V-2022-05-268-1,LIMA,LIMA,LOS OLIVOS,IDENTIFICADO,NO CORRESPONDE,PARTICULAR,,,NO ESPECIFICA,NO REGISTRA,,,NO ESPECIFICA,NO REGISTRA,MOTOCICLETA,ATROPELLO,31/05/2022,2022,MAYO,MARTES,13,NO CORRESPONDE,AVENIDA
A-2022-06-260,V-2022-06-260-1,LIMA,LIMA,VILLA MARIA DEL TRIUNFO,IDENTIFICADO,NO CORRESPONDE,PARTICULAR,,,NO ESPECIFICA,NO REGISTRA,,,NO ESPECIFICA,NO REGISTRA,MOTOCICLETA,ATROPELLO,01/06/2022,2022,JUNIO,MIÉRCOLES,7,NO CORRESPONDE,AVENIDA
A-2022-06-262,V-2022-06-262-1,LIMA,LIMA,VILLA MARIA DEL TRIUNFO,IDENTIFICADO,HABILITADO,CARGA,,,NO ESPECIFICA,NO REGISTRA,,,NO ESPECIFICA,NO REGISTRA,TRIMOTO PASAJERO,DESPISTE,01/06/2022,2022,JUNIO,MIÉRCOLES,11,NO CORRESPONDE,AVENIDA
A-2022-06-261,V-2022-06-261-1,LIMA,LIMA,SAN MARTIN DE PORRES,IDENTIFICADO,NO CORRESPONDE,PARTICULAR,,,NO ESPECIFICA,NO REGISTRA,,,NO ESPECIFICA,NO REGISTRA,CAMIÓN,ATROPELLO,01/06/2022,2022,JUNIO,MIÉRCOLES,13,NO CORRESPONDE,AVENIDA
A-2022-06-263,V-2022-06-263-1,LIMA,LIMA,VILLA EL SALVADOR,IDENTIFICADO,NO CORRESPONDE,PARTICULAR,,,NO ESPECIFICA,NO REGISTRA,,,NO ESPECIFICA,NO REGISTRA,CAMIONETA RURAL,ATROPELLO,02/06/2022,2022,JUNIO,JUEVES,18,NO CORRESPONDE,AVENIDA
A-2022-06-216,V-2022-06-216-1,LIMA,LIMA,CHORRILLOS,IDENTIFICADO,NO CORRESPONDE,PARTICULAR,PERSONAS,NO SE CONOCE,SI,VIGENTE,SOAT,INTERSEGURO,NO,NO REGISTRA,AUTOMÓVIL,CHOQUE,05/06/2022,2022,JUNIO,DOMINGO,3,NO CORRESPONDE,AVENIDA
A-2022-06-216,V-2022-06-216-2,LIMA,LIMA,CHORRILLOS,IDENTIFICADO,NO CORRESPONDE,PARTICULAR,PERSONAS,NO SE CONOCE,SI,VIGENTE,SOAT,LA POSITIVA,NO,NO REGISTRA,MOTOCICLETA,CHOQUE,05/06/2022,2022,JUNIO,DOMINGO,3,NO CORRESPONDE,AVENIDA
A-2022-06-215,V-2022-06-215-1,LIMA,LIMA,CARABAYLLO,IDENTIFICADO,NO CORRESPONDE,PARTICULAR,PERSONAS,NO SE CONOCE,SI,VIGENTE,SOAT,MAPFRE,SI,VIGENTE,AUTOMÓVIL,DESPISTE,05/06/2022,2022,JUNIO,DOMINGO,8,NO CORRESPONDE,AVENIDA
A-2022-06-217,V-2022-06-217-1,LIMA,LIMA,ATE,IDENTIFICADO,NO CORRESPONDE,PARTICULAR,PERSONAS,NO SE CONOCE,SI,VIGENTE,SOAT,MAPFRE,SI,VIGENTE,AUTOMÓVIL,CHOQUE,05/06/2022,2022,JUNIO,DOMINGO,12,NO CORRESPONDE,AVENIDA
A-2022-06-217,V-2022-06-217-2,LIMA,LIMA,ATE,IDENTIFICADO,NO CORRESPONDE,PARTICULAR,PERSONAS,NO SE CONOCE,SI,VIGENTE,SOAT,INTERSEGURO,SI,VIGENTE,AUTOMÓVIL,CHOQUE,05/06/2022,2022,JUNIO,DOMINGO,12,NO CORRESPONDE,AVENIDA
A-2022-06-214,V-2022-06-214-1,LIMA,LIMA,SAN JUAN DE LURIGANCHO,IDENTIFICADO,NO CORRESPONDE,PUBLICO URBANO,PERSONAS,NO SE CONOCE,SI,VIGENTE,SOAT,RIMAC,SI,VIGENTE,ÓMNIBUS,ATROPELLO,06/06/2022,2022,JUNIO,LUNES,9,LM-711,CARRETERA
A-2022-06-264,V-2022-06-264-1,LIMA,LIMA,SANTIAGO DE SURCO,IDENTIFICADO,HABILITADO,PUBLICO URBANO,,,NO ESPECIFICA,NO REGISTRA,,,NO ESPECIFICA,NO REGISTRA,ÓMNIBUS,ATROPELLO,06/06/2022,2022,JUNIO,LUNES,9,NO CORRESPONDE,AVENIDA
A-2022-06-94,V-2022-06-94-1,CALLAO,CALLAO,CALLAO,IDENTIFICADO,HABILITADO,CARGA,CARGA Y/O MERCANCÍAS,NACIONAL,SI,VIGENTE,SOAT,RIMAC,NO ESPECIFICA,NO REGISTRA,REMOLCADOR,ATROPELLO,07/06/2022,2022,JUNIO,MARTES,17,PE-20,CARRETERA
A-2022-06-213,V-2022-06-213-1,LIMA,LIMA,CIENEGUILLA,IDENTIFICADO,NO CORRESPONDE,PARTICULAR,PERSONAS,NO SE CONOCE,NO,NO REGISTRA,,,NO,NO REGISTRA,OTRO,DESPISTE,07/06/2022,2022,JUNIO,MARTES,19,LM-117,CARRETERA
A-2022-06-212,V-2022-06-212-1,LIMA,LIMA,LA VICTORIA,IDENTIFICADO,NO CORRESPONDE,PUBLICO URBANO,PERSONAS,NO SE CONOCE,NO,NO REGISTRA,,,NO,NO REGISTRA,TRIMOTO PASAJERO,CHOQUE,09/06/2022,2022,JUNIO,JUEVES,15,NO CORRESPONDE,AVENIDA
A-2022-06-212,V-2022-06-212-2,LIMA,LIMA,LA VICTORIA,IDENTIFICADO,NO CORRESPONDE,CARGA,CARGA Y/O MERCANCÍAS,NO SE CONOCE,SI,NO REGISTRA,SOAT,MAPFRE,NO,NO REGISTRA,TRIMOTO CARGA,CHOQUE,09/06/2022,2022,JUNIO,JUEVES,15,NO CORRESPONDE,AVENIDA
A-2022-06-211,V-2022-06-211-1,LIMA,LIMA,LIMA,IDENTIFICADO,NO CORRESPONDE,PARTICULAR,PERSONAS,NO SE CONOCE,SI,VIGENTE,SOAT,INTERSEGURO,SI,VIGENTE,AUTOMÓVIL,ATROPELLO,16/06/2022,2022,JUNIO,JUEVES,1,NO CORRESPONDE,AVENIDA
A-2022-06-210,V-2022-06-210-1,LIMA,LIMA,VILLA EL SALVADOR,IDENTIFICADO,NO CORRESPONDE,PUBLICO URBANO,PERSONAS,NO SE CONOCE,SI,VENCIDO,SOAT,LA POSITIVA,SI,VENCIDO,CAMIONETA RURAL,ATROPELLO,16/06/2022,2022,JUNIO,JUEVES,9,NO CORRESPONDE,AVENIDA
A-2022-06-209,V-2022-06-209-1,LIMA,LIMA,LA VICTORIA,IDENTIFICADO,NO CORRESPONDE,CARGA,CARGA Y/O MERCANCÍAS,NO SE CONOCE,SI,VIGENTE,SOAT,LA POSITIVA,SI,VIGENTE,REMOLCADOR-SEMIREMOLQUE,ATROPELLO,17/06/2022,2022,JUNIO,VIERNES,3,NO CORRESPONDE,JIRÓN
A-2022-06-206,V-2022-06-206-1,LIMA,LIMA,ANCON,IDENTIFICADO,NO CORRESPONDE,PARTICULAR,PERSONAS,NO SE CONOCE,SI,VENCIDO,SOAT,LA POSITIVA,SI,VIGENTE,AUTOMÓVIL,CHOQUE,18/06/2022,2022,JUNIO,SÁBADO,6,PE-1N,CARRETERA
A-2022-06-206,V-2022-06-206-2,LIMA,LIMA,ANCON,IDENTIFICADO,NO CORRESPONDE,CARGA,CARGA Y/O MERCANCÍAS,NO SE CONOCE,SI,VENCIDO,SOAT,LA POSITIVA,NO,NO REGISTRA,TRIMOTO CARGA,CHOQUE,18/06/2022,2022,JUNIO,SÁBADO,6,PE-1N,CARRETERA
A-2022-06-205,V-2022-06-205-1,LIMA,LIMA,SAN MARTIN DE PORRES,IDENTIFICADO,NO CORRESPONDE,PUBLICO URBANO,PERSONAS,NO SE CONOCE,SI,VIGENTE,SOAT,LA POSITIVA,SI,VENCIDO,MINIBUS,ATROPELLO,18/06/2022,2022,JUNIO,SÁBADO,9,NO CORRESPONDE,AVENIDA
A-2022-06-207,V-2022-06-207-1,LIMA,LIMA,SANTA ANITA,IDENTIFICADO,NO CORRESPONDE,TURISTICO,PERSONAS,NO SE CONOCE,SI,VENCIDO,SOAT,LA POSITIVA,SI,VENCIDO,CAMIONETA RURAL,ATROPELLO,18/06/2022,2022,JUNIO,SÁBADO,20,NO CORRESPONDE,AVENIDA
A-2022-06-208,V-2022-06-208-1,LIMA,LIMA,SAN JUAN DE LURIGANCHO,IDENTIFICADO,NO CORRESPONDE,PARTICULAR,PERSONAS,NO SE CONOCE,SI,VIGENTE,SOAT,RIMAC,SI,VIGENTE,AUTOMÓVIL,ATROPELLO,18/06/2022,2022,JUNIO,SÁBADO,23,NO CORRESPONDE,AVENIDA
A-2022-06-204,V-2022-06-204-1,LIMA,LIMA,LURIGANCHO,FUGADO,NO CORRESPONDE,NO CORRESPONDE,,,NO CORRESPONDE,NO APLICA,,,NO CORRESPONDE,NO APLICA,VEHICULO NO IDENTIFICADO,ATROPELLO FUGA,19/06/2022,2022,JUNIO,DOMINGO,3,PE-22,CARRETERA
A-2022-06-203,V-2022-06-203-1,LIMA,LIMA,LA VICTORIA,FUGADO,NO CORRESPONDE,NO CORRESPONDE,,,NO CORRESPONDE,NO APLICA,,,NO CORRESPONDE,NO APLICA,VEHICULO NO IDENTIFICADO,ATROPELLO FUGA,19/06/2022,2022,JUNIO,DOMINGO,6,NO CORRESPONDE,AVENIDA
A-2022-06-202,V-2022-06-202-1,LIMA,LIMA,PUENTE PIEDRA,FUGADO,NO CORRESPONDE,NO CORRESPONDE,,,NO CORRESPONDE,NO APLICA,,,NO CORRESPONDE,NO APLICA,VEHICULO NO IDENTIFICADO,ATROPELLO FUGA,19/06/2022,2022,JUNIO,DOMINGO,22,PE-1N,CARRETERA
A-2022-06-199,V-2022-06-199-1,LIMA,LIMA,SAN JUAN DE MIRAFLORES,FUGADO,NO CORRESPONDE,NO CORRESPONDE,,,NO CORRESPONDE,NO APLICA,,,NO CORRESPONDE,NO APLICA,VEHICULO NO IDENTIFICADO,ATROPELLO FUGA,21/06/2022,2022,JUNIO,MARTES,0,PE-1S,CARRETERA
A-2022-06-200,V-2022-06-200-1,LIMA,LIMA,LOS OLIVOS,IDENTIFICADO,NO CORRESPONDE,CARGA,CARGA Y/O MERCANCÍAS,NO SE CONOCE,SI,VIGENTE,SOAT,INTERSEGURO,SI,VIGENTE,CAMIÓN,DESPISTE,21/06/2022,2022,JUNIO,MARTES,6,NO CORRESPONDE,AVENIDA
A-2022-06-201,V-2022-06-201-1,LIMA,LIMA,LOS OLIVOS,IDENTIFICADO,NO CORRESPONDE,PARTICULAR,PERSONAS,NO SE CONOCE,SI,VIGENTE,SOAT,LA POSITIVA,SI,VIGENTE,AUTOMÓVIL,CHOQUE,21/06/2022,2022,JUNIO,MARTES,15,NO CORRESPONDE,AVENIDA
A-2022-06-201,V-2022-06-201-2,LIMA,LIMA,LOS OLIVOS,IDENTIFICADO,NO CORRESPONDE,PUBLICO URBANO,PERSONAS,NO SE CONOCE,SI,VIGENTE,SOAT,INTERSEGURO,SI,VENCIDO,CAMIONETA RURAL,CHOQUE,21/06/2022,2022,JUNIO,MARTES,15,NO CORRESPONDE,AVENIDA
A-2022-06-198,V-2022-06-198-1,LIMA,LIMA,ATE,IDENTIFICADO,NO CORRESPONDE,SERVICIO ESPECIAL DE PASAJEROS,PERSONAS,NO SE CONOCE,NO,NO REGISTRA,,,NO,NO REGISTRA,TRIMOTO PASAJERO,ATROPELLO,25/06/2022,2022,JUNIO,SÁBADO,12,NO CORRESPONDE,AVENIDA
A-2022-06-196,V-2022-06-196-1,LIMA,LIMA,SAN JUAN DE MIRAFLORES,IDENTIFICADO,NO CORRESPONDE,PARTICULAR,PERSONAS,NO SE CONOCE,SI,VIGENTE,SOAT,MAPFRE,SI,VIGENTE,AUTOMÓVIL,ATROPELLO,26/06/2022,2022,JUNIO,DOMINGO,18,PE-1S,CARRETERA
A-2022-06-193,V-2022-06-193-1,LIMA,LIMA,EL AGUSTINO,FUGADO,NO CORRESPONDE,NO CORRESPONDE,,,NO CORRESPONDE,NO APLICA,,,NO CORRESPONDE,NO APLICA,VEHICULO NO IDENTIFICADO,ATROPELLO FUGA,27/06/2022,2022,JUNIO,LUNES,1,PE-22,CARRETERA
A-2022-06-194,V-2022-06-194-1,LIMA,LIMA,CHACLACAYO,IDENTIFICADO,NO CORRESPONDE,PARTICULAR,PERSONAS,NO SE CONOCE,SI,VIGENTE,SOAT,LA POSITIVA,NO,NO REGISTRA,MOTOCICLETA,DESPISTE,27/06/2022,2022,JUNIO,LUNES,2,PE-22,CARRETERA
A-2022-06-195,V-2022-06-195-1,LIMA,LIMA,SAN BORJA,IDENTIFICADO,NO CORRESPONDE,PARTICULAR,PERSONAS,NO SE CONOCE,SI,VIGENTE,SOAT,LA POSITIVA,NO,NO REGISTRA,MOTOCICLETA,DESPISTE,27/06/2022,2022,JUNIO,LUNES,3,NO CORRESPONDE,AVENIDA
A-2022-06-191,V-2022-06-191-1,LIMA,LIMA,LURIN,FUGADO,NO CORRESPONDE,NO CORRESPONDE,,,NO CORRESPONDE,NO APLICA,,,NO CORRESPONDE,NO APLICA,VEHICULO NO IDENTIFICADO,ATROPELLO FUGA,28/06/2022,2022,JUNIO,MARTES,5,PE-1S,CARRETERA
A-2022-06-192,V-2022-06-192-1,LIMA,LIMA,VILLA EL SALVADOR,IDENTIFICADO,NO CORRESPONDE,CARGA,,,SI,VIGENTE,SOAT,INTERSEGURO,SI,VIGENTE,CAMIÓN,DESPISTE,28/06/2022,2022,JUNIO,MARTES,13,PE-1N,CARRETERA
A-2022-06-192,V-2022-06-192-2,LIMA,LIMA,VILLA EL SALVADOR,IDENTIFICADO,NO CORRESPONDE,CARGA,CARGA Y/O MERCANCÍAS,NO SE CONOCE,SI,VIGENTE,SOAT,RIMAC,SI,VIGENTE,CAMIÓN,DESPISTE,28/06/2022,2022,JUNIO,MARTES,13,PE-1N,CARRETERA
A-2022-06-190,V-2022-06-190-1,LIMA,LIMA,MIRAFLORES,FUGADO,NO CORRESPONDE,NO CORRESPONDE,,,NO CORRESPONDE,NO APLICA,,,NO CORRESPONDE,NO APLICA,VEHICULO NO IDENTIFICADO,ATROPELLO FUGA,30/06/2022,2022,JUNIO,JUEVES,0,NO CORRESPONDE,OTRO
A-2022-06-189,V-2022-06-189-1,LIMA,LIMA,LURIN,FUGADO,NO CORRESPONDE,NO CORRESPONDE,,,NO CORRESPONDE,NO APLICA,,,NO CORRESPONDE,NO APLICA,VEHICULO NO IDENTIFICADO,ATROPELLO FUGA,30/06/2022,2022,JUNIO,JUEVES,1,PE-1S,CARRETERA
A-2022-06-188,V-2022-06-188-1,LIMA,LIMA,ANCON,FUGADO,NO CORRESPONDE,NO CORRESPONDE,,,NO CORRESPONDE,NO APLICA,,,NO CORRESPONDE,NO APLICA,VEHICULO NO IDENTIFICADO,ATROPELLO FUGA,30/06/2022,2022,JUNIO,JUEVES,6,PE-1N,CARRETERA
A-2022-07-186,V-2022-07-186-1,LIMA,LIMA,LURIN,FUGADO,NO CORRESPONDE,NO CORRESPONDE,,,NO CORRESPONDE,NO APLICA,,,NO CORRESPONDE,NO APLICA,VEHICULO NO IDENTIFICADO,ATROPELLO FUGA,02/07/2022,2022,JULIO,SÁBADO,1,NO CORRESPONDE,AVENIDA
A-2022-07-187,V-2022-07-187-1,LIMA,LIMA,PUEBLO LIBRE,FUGADO,NO CORRESPONDE,NO CORRESPONDE,,,NO CORRESPONDE,NO APLICA,,,NO CORRESPONDE,NO APLICA,VEHICULO NO IDENTIFICADO,ATROPELLO FUGA,02/07/2022,2022,JULIO,SÁBADO,2,NO CORRESPONDE,AVENIDA
A-2022-07-3,V-2022-07-3-1,CALLAO,CALLAO,CALLAO,IDENTIFICADO,HABILITADO,PARTICULAR,CARGA Y/O MERCANCÍAS,NO SE CONOCE,NO ESPECIFICA,NO REGISTRA,,,NO ESPECIFICA,NO REGISTRA,REMOLCADOR-SEMIREMOLQUE,ATROPELLO,03/07/2022,2022,JULIO,DOMINGO,10,NO CORRESPONDE,AVENIDA
A-2022-07-185,V-2022-07-185-1,LIMA,LIMA,BARRANCO,IDENTIFICADO,HABILITADO,PARTICULAR,PERSONAS,NO SE CONOCE,SI,VIGENTE,SOAT,LA POSITIVA,NO,NO REGISTRA,MOTOCICLETA,CHOQUE CON OBJETO FIJO,04/07/2022,2022,JULIO,LUNES,3,NO CORRESPONDE,OTRO
A-2022-07-184,V-2022-07-184-1,LIMA,LIMA,CHORRILLOS,IDENTIFICADO,HABILITADO,TAXI,PERSONAS,PROVINCIAL,SI,VIGENTE,SOAT,RIMAC,NO,NO REGISTRA,AUTOMÓVIL,DESPISTE,05/07/2022,2022,JULIO,MARTES,5,NO CORRESPONDE,AVENIDA
A-2022-07-183,V-2022-07-183-1,LIMA,LIMA,SAN MARTIN DE PORRES,IDENTIFICADO,HABILITADO,TRABAJADORES,PERSONAS,NACIONAL,SI,VIGENTE,SOAT,MAPFRE,SI,VIGENTE,CAMIONETA RURAL,ATROPELLO,05/07/2022,2022,JULIO,MARTES,11,NO CORRESPONDE,AVENIDA
A-2022-07-180,V-2022-07-180-1,LIMA,LIMA,RIMAC,IDENTIFICADO,HABILITADO,PUBLICO URBANO,PERSONAS,PROVINCIAL,SI,VIGENTE,SOAT,RIMAC,SI,VIGENTE,MINIBUS,ATROPELLO,05/07/2022,2022,JULIO,MARTES,22,NO CORRESPONDE,AVENIDA
A-2022-07-198,V-2022-07-198-1,LIMA,LIMA,MIRAFLORES,IDENTIFICADO,NO CORRESPONDE,PARTICULAR,,,SI,VIGENTE,SOAT,INTERSEGURO,SI,VIGENTE,AUTOMÓVIL,ATROPELLO,07/07/2022,2022,JULIO,JUEVES,13,NO CORRESPONDE,AVENIDA
A-2022-07-179,V-2022-07-179-1,LIMA,LIMA,MIRAFLORES,IDENTIFICADO,HABILITADO,PARTICULAR,PERSONAS,NO SE CONOCE,SI,VIGENTE,SOAT,LA POSITIVA,NO,NO REGISTRA,MOTOCICLETA,DESPISTE,08/07/2022,2022,JULIO,VIERNES,5,NO CORRESPONDE,AVENIDA
A-2022-07-178,V-2022-07-178-1,LIMA,LIMA,SANTA ANITA,IDENTIFICADO,HABILITADO,CARGA,CARGA Y/O MERCANCÍAS,NACIONAL,SI,VIGENTE,SOAT,INTERSEGURO,SI,VENCIDO,REMOLCADOR,ATROPELLO,10/07/2022,2022,JULIO,DOMINGO,18,NO CORRESPONDE,AVENIDA
A-2022-07-238,V-2022-07-238-1,CALLAO,CALLAO,CALLAO,FUGADO,NO CORRESPONDE,NO CORRESPONDE,,,NO CORRESPONDE,NO APLICA,SOAT,INTERSEGURO,NO CORRESPONDE,NO APLICA,VEHICULO NO IDENTIFICADO,ATROPELLO FUGA,12/07/2022,2022,JULIO,MARTES,12,NO CORRESPONDE,CALLE
A-2022-07-177,V-2022-07-177-1,LIMA,LIMA,SAN MARTIN DE PORRES,FUGADO,NO CORRESPONDE,NO CORRESPONDE,,,NO CORRESPONDE,NO APLICA,,,NO CORRESPONDE,NO APLICA,VEHICULO NO IDENTIFICADO,ATROPELLO FUGA,12/07/2022,2022,JULIO,MARTES,23,NO CORRESPONDE,AVENIDA
A-2022-07-176,V-2022-07-176-1,LIMA,LIMA,SAN JUAN DE MIRAFLORES,IDENTIFICADO,HABILITADO,CARGA,,,SI,VIGENTE,SOAT,INTERSEGURO,SI,VIGENTE,CAMIÓN,CHOQUE,13/07/2022,2022,JULIO,MIÉRCOLES,4,NO CORRESPONDE,AVENIDA
A-2022-07-176,V-2022-07-176-2,LIMA,LIMA,SAN JUAN DE MIRAFLORES,IDENTIFICADO,HABILITADO,SERVICIO ESPECIAL DE PASAJEROS,,,NO,VIGENTE,,,SI,VIGENTE,TRIMOTO PASAJERO,CHOQUE,13/07/2022,2022,JULIO,MIÉRCOLES,4,NO CORRESPONDE,AVENIDA
A-2022-07-175,V-2022-07-175-1,LIMA,LIMA,CHORRILLOS,IDENTIFICADO,HABILITADO,CARGA,,,SI,VIGENTE,SOAT,INTERSEGURO,SI,VIGENTE,CAMIÓN,CHOQUE FUGA,13/07/2022,2022,JULIO,MIÉRCOLES,17,NO CORRESPONDE,AVENIDA
A-2022-07-175,V-2022-07-175-2,LIMA,LIMA,CHORRILLOS,IDENTIFICADO,HABILITADO,CARGA,,,NO CORRESPONDE,VIGENTE,,,NO CORRESPONDE,NO APLICA,TRICICLO MOTORIZADO,CHOQUE FUGA,13/07/2022,2022,JULIO,MIÉRCOLES,17,NO CORRESPONDE,AVENIDA
A-2022-07-172,V-2022-07-172-1,LIMA,LIMA,INDEPENDENCIA,IDENTIFICADO,HABILITADO,PARTICULAR,PERSONAS,NO SE CONOCE,NO,NO REGISTRA,,,NO,NO REGISTRA,STATION WAGON,ATROPELLO,16/07/2022,2022,JULIO,SÁBADO,14,NO CORRESPONDE,CALLE
A-2022-07-173,V-2022-07-173-1,LIMA,LIMA,RIMAC,IDENTIFICADO,HABILITADO,TAXI,PERSONAS,PROVINCIAL,NO,NO REGISTRA,,,SI,VENCIDO,AUTOMÓVIL,ATROPELLO,17/07/2022,2022,JULIO,DOMINGO,0,PE-1N,CARRETERA
A-2022-07-171,V-2022-07-171-1,LIMA,LIMA,VILLA EL SALVADOR,FUGADO,NO CORRESPONDE,NO CORRESPONDE,,,NO CORRESPONDE,NO APLICA,,,NO CORRESPONDE,NO APLICA,VEHICULO NO IDENTIFICADO,ATROPELLO FUGA,18/07/2022,2022,JULIO,LUNES,4,PE-1S,CARRETERA
A-2022-07-170,V-2022-07-170-1,LIMA,LIMA,SANTA ANITA,FUGADO,NO CORRESPONDE,NO CORRESPONDE,,,NO CORRESPONDE,NO APLICA,,,NO CORRESPONDE,NO APLICA,VEHICULO NO IDENTIFICADO,ATROPELLO FUGA,19/07/2022,2022,JULIO,MARTES,20,NO CORRESPONDE,AVENIDA
A-2022-07-169,V-2022-07-169-1,LIMA,LIMA,SAN JUAN DE MIRAFLORES,IDENTIFICADO,HABILITADO,TAXI,PERSONAS,PROVINCIAL,NO,NO REGISTRA,,,SI,VIGENTE,AUTOMÓVIL,ATROPELLO,20/07/2022,2022,JULIO,MIÉRCOLES,11,NO CORRESPONDE,AVENIDA
A-2022-07-168,V-2022-07-168-1,LIMA,LIMA,CARABAYLLO,IDENTIFICADO,HABILITADO,PARTICULAR,PERSONAS,NO SE CONOCE,SI,VIGENTE,SOAT,LA POSITIVA,NO,NO REGISTRA,MOTOCICLETA,DESPISTE,23/07/2022,2022,JULIO,SÁBADO,16,NO CORRESPONDE,AVENIDA
A-2022-07-165,V-2022-07-165-1,LIMA,LIMA,SANTA ROSA,IDENTIFICADO,HABILITADO,PARTICULAR,PERSONAS,NO SE CONOCE,SI,VIGENTE,SOAT,LA POSITIVA,SI,VIGENTE,CAMIONETA RURAL,DESPISTE,24/07/2022,2022,JULIO,DOMINGO,17,NO CORRESPONDE,AVENIDA
A-2022-07-164,V-2022-07-164-1,LIMA,LIMA,VILLA EL SALVADOR,IDENTIFICADO,NO HABILITADO,SERVICIO ESPECIAL DE PASAJEROS,PERSONAS,DISTRITAL,NO,NO REGISTRA,,,NO,NO REGISTRA,TRIMOTO PASAJERO,ATROPELLO,24/07/2022,2022,JULIO,DOMINGO,20,NO CORRESPONDE,AVENIDA
A-2022-07-161,V-2022-07-161-1,LIMA,LIMA,SAN MARTIN DE PORRES,IDENTIFICADO,NO CORRESPONDE,PARTICULAR,PERSONAS,NO SE CONOCE,SI,VIGENTE,SOAT,INTERSEGURO,NO,NO REGISTRA,MOTOCICLETA,CHOQUE,26/07/2022,2022,JULIO,MARTES,14,NO CORRESPONDE,AVENIDA
A-2022-07-161,V-2022-07-161-2,LIMA,LIMA,SAN MARTIN DE PORRES,IDENTIFICADO,NO CORRESPONDE,PARTICULAR,PERSONAS,NO SE CONOCE,NO CORRESPONDE,VIGENTE,,,NO CORRESPONDE,NO APLICA,BICICLETA,CHOQUE,26/07/2022,2022,JULIO,MARTES,14,NO CORRESPONDE,AVENIDA
A-2022-07-275,V-2022-07-275-1,LIMA,LIMA,LURIN,IDENTIFICADO,HABILITADO,PARTICULAR,PERSONAS,NO SE CONOCE,SI,VIGENTE,SOAT,LA POSITIVA,NO,NO REGISTRA,MOTOCICLETA,CHOQUE,27/07/2022,2022,JULIO,MIÉRCOLES,11,PE-1S,CARRETERA
A-2022-07-275,V-2022-07-275-2,LIMA,LIMA,LURIN,IDENTIFICADO,HABILITADO,CARGA,CARGA Y/O MERCANCÍAS,NO SE CONOCE,SI,VIGENTE,SOAT,MAPFRE,NO CORRESPONDE,NO APLICA,CAMIÓN,CHOQUE,27/07/2022,2022,JULIO,MIÉRCOLES,11,PE-1S,CARRETERA
A-2022-07-162,V-2022-07-162-1,LIMA,LIMA,SAN MIGUEL,FUGADO,NO CORRESPONDE,NO CORRESPONDE,,,NO CORRESPONDE,NO APLICA,,,NO CORRESPONDE,NO APLICA,VEHICULO NO IDENTIFICADO,ATROPELLO,27/07/2022,2022,JULIO,MIÉRCOLES,22,NO CORRESPONDE,OTRO
A-2022-07-162,V-2022-07-162-2,LIMA,LIMA,SAN MIGUEL,IDENTIFICADO,NO CORRESPONDE,PARTICULAR,PERSONAS,NO SE CONOCE,SI,NO APLICA,SOAT,LA POSITIVA,NO,NO REGISTRA,MOTOCICLETA,ATROPELLO,27/07/2022,2022,JULIO,MIÉRCOLES,22,NO CORRESPONDE,OTRO
A-2022-07-163,V-2022-07-163-1,LIMA,LIMA,RIMAC,FUGADO,NO CORRESPONDE,NO CORRESPONDE,,,NO CORRESPONDE,NO APLICA,,,NO CORRESPONDE,NO APLICA,VEHICULO NO IDENTIFICADO,ATROPELLO FUGA,28/07/2022,2022,JULIO,JUEVES,16,PE-1N,CARRETERA
A-2022-07-160,V-2022-07-160-1,LIMA,LIMA,CARABAYLLO,FUGADO,NO CORRESPONDE,NO CORRESPONDE,,,NO CORRESPONDE,NO APLICA,,,NO CORRESPONDE,NO APLICA,VEHICULO NO IDENTIFICADO,ATROPELLO FUGA,29/07/2022,2022,JULIO,VIERNES,5,LM-691,CARRETERA
A-2022-07-276,V-2022-07-276-1,LIMA,LIMA,LURIN,IDENTIFICADO,NO CORRESPONDE,PARTICULAR,PERSONAS,NO SE CONOCE,SI,VIGENTE,SOAT,RIMAC,NO CORRESPONDE,NO APLICA,AUTOMÓVIL,CHOQUE,31/07/2022,2022,JULIO,DOMINGO,22,PE-1S,CARRETERA
A-2022-07-276,V-2022-07-276-2,LIMA,LIMA,LURIN,IDENTIFICADO,HABILITADO,CARGA,CARGA Y/O MERCANCÍAS,NACIONAL,SI,VIGENTE,SOAT,LA POSITIVA,SI,VIGENTE,REMOLCADOR-SEMIREMOLQUE,CHOQUE,31/07/2022,2022,JULIO,DOMINGO,22,PE-1S,CARRETERA
A-2022-08-1,V-2022-08-1-1,CALLAO,CALLAO,CALLAO,IDENTIFICADO,HABILITADO,CARGA,CARGA Y/O MERCANCÍAS,NACIONAL,SI,VIGENTE,SOAT,LA POSITIVA,NO ESPECIFICA,NO REGISTRA,REMOLCADOR-SEMIREMOLQUE,CHOQUE,02/08/2022,2022,AGOSTO,MARTES,6,NO CORRESPONDE,AVENIDA
A-2022-08-1,V-2022-08-1-2,CALLAO,CALLAO,CALLAO,IDENTIFICADO,HABILITADO,CARGA,CARGA Y/O MERCANCÍAS,NO SE CONOCE,SI,VIGENTE,SOAT,MAPFRE,NO ESPECIFICA,NO REGISTRA,CAMIÓN,CHOQUE,02/08/2022,2022,AGOSTO,MARTES,6,NO CORRESPONDE,AVENIDA
A-2022-08-170,V-2022-08-170-1,LIMA,LIMA,LA VICTORIA,IDENTIFICADO,HABILITADO,PUBLICO URBANO,PERSONAS,PROVINCIAL,SI,VIGENTE,SOAT,RIMAC,SI,VIGENTE,ÓMNIBUS,ATROPELLO,04/08/2022,2022,AGOSTO,JUEVES,15,NO CORRESPONDE,AVENIDA
A-2022-08-2,V-2022-08-2-1,CALLAO,CALLAO,VENTANILLA,IDENTIFICADO,HABILITADO,PUBLICO URBANO,PERSONAS,PROVINCIAL,NO,NO REGISTRA,,,NO ESPECIFICA,NO REGISTRA,CAMIÓN,CAÍDA DE PASAJERO,04/08/2022,2022,AGOSTO,JUEVES,23,PE-20,CARRETERA
A-2022-08-169,V-2022-08-169-1,LIMA,LIMA,SANTA ANITA,IDENTIFICADO,HABILITADO,TAXI,PERSONAS,PROVINCIAL,SI,VENCIDO,SOAT,PACIFICO,SI,VIGENTE,AUTOMÓVIL,CHOQUE,05/08/2022,2022,AGOSTO,VIERNES,18,NO CORRESPONDE,AVENIDA
A-2022-08-169,V-2022-08-169-2,LIMA,LIMA,SANTA ANITA,IDENTIFICADO,HABILITADO,SERVICIO ESPECIAL DE PASAJEROS,PERSONAS,DISTRITAL,SI,VENCIDO,CAT,,NO,NO REGISTRA,TRIMOTO PASAJERO,CHOQUE,05/08/2022,2022,AGOSTO,VIERNES,18,NO CORRESPONDE,AVENIDA
A-2022-08-168,V-2022-08-168-1,LIMA,LIMA,CHACLACAYO,IDENTIFICADO,NO CORRESPONDE,PARTICULAR,PERSONAS,NO SE CONOCE,SI,VIGENTE,SOAT,MAPFRE,SI,VIGENTE,STATION WAGON,ATROPELLO,07/08/2022,2022,AGOSTO,DOMINGO,22,PE-22,CARRETERA
A-2022-08-167,V-2022-08-167-1,LIMA,LIMA,ANCON,IDENTIFICADO,NO CORRESPONDE,PARTICULAR,PERSONAS,NO SE CONOCE,SI,VIGENTE,SOAT,LA POSITIVA,SI,VIGENTE,AUTOMÓVIL,DESPISTE,08/08/2022,2022,AGOSTO,LUNES,8,PE-1N,CARRETERA
A-2022-08-102,V-2022-08-102-1,CALLAO,CALLAO,CALLAO,IDENTIFICADO,HABILITADO,CARGA,CARGA Y/O MERCANCÍAS,NO SE CONOCE,SI,VIGENTE,SOAT,RIMAC,NO ESPECIFICA,NO REGISTRA,REMOLCADOR-SEMIREMOLQUE,ATROPELLO,09/08/2022,2022,AGOSTO,MARTES,6,PE-20,CARRETERA
A-2022-08-165,V-2022-08-165-1,LIMA,LIMA,SAN JUAN DE LURIGANCHO,IDENTIFICADO,HABILITADO,PUBLICO URBANO,PERSONAS,PROVINCIAL,SI,VIGENTE,SOAT,RIMAC,SI,VIGENTE,MINIBUS,ATROPELLO,10/08/2022,2022,AGOSTO,MIÉRCOLES,6,NO CORRESPONDE,AVENIDA
A-2022-08-166,V-2022-08-166-1,LIMA,LIMA,PUNTA HERMOSA,IDENTIFICADO,HABILITADO,CARGA,CARGA Y/O MERCANCÍAS,NACIONAL,SI,VIGENTE,SOAT,INTERSEGURO,SI,VIGENTE,CAMIÓN,CHOQUE,10/08/2022,2022,AGOSTO,MIÉRCOLES,7,NO CORRESPONDE,AVENIDA
A-2022-08-166,V-2022-08-166-2,LIMA,LIMA,PUNTA HERMOSA,IDENTIFICADO,NO HABILITADO,SERVICIO ESPECIAL DE PASAJEROS,PERSONAS,NO SE CONOCE,NO,VIGENTE,,,NO,NO REGISTRA,TRIMOTO PASAJERO,CHOQUE,10/08/2022,2022,AGOSTO,MIÉRCOLES,7,NO CORRESPONDE,AVENIDA
A-2022-08-163,V-2022-08-163-1,LIMA,LIMA,LOS OLIVOS,FUGADO,NO CORRESPONDE,NO CORRESPONDE,,,NO CORRESPONDE,NO APLICA,,,NO CORRESPONDE,NO APLICA,VEHICULO NO IDENTIFICADO,ATROPELLO FUGA,11/08/2022,2022,AGOSTO,JUEVES,0,NO CORRESPONDE,AVENIDA
A-2022-08-164,V-2022-08-164-1,LIMA,LIMA,CHORRILLOS,IDENTIFICADO,NO CORRESPONDE,PARTICULAR,PERSONAS,NO SE CONOCE,SI,VIGENTE,SOAT,PACIFICO,SI,VIGENTE,AUTOMÓVIL,CHOQUE,11/08/2022,2022,AGOSTO,JUEVES,4,NO CORRESPONDE,AVENIDA
A-2022-08-164,V-2022-08-164-2,LIMA,LIMA,CHORRILLOS,IDENTIFICADO,NO CORRESPONDE,PARTICULAR,PERSONAS,NO SE CONOCE,SI,VIGENTE,SOAT,LA POSITIVA,NO,NO REGISTRA,MOTOCICLETA,CHOQUE,11/08/2022,2022,AGOSTO,JUEVES,4,NO CORRESPONDE,AVENIDA
A-2022-08-162,V-2022-08-162-1,LIMA,LIMA,SAN JUAN DE LURIGANCHO,FUGADO,NO CORRESPONDE,NO CORRESPONDE,,,NO CORRESPONDE,NO APLICA,,,NO CORRESPONDE,NO APLICA,VEHICULO NO IDENTIFICADO,CHOQUE FUGA,12/08/2022,2022,AGOSTO,VIERNES,19,NO CORRESPONDE,JIRÓN
A-2022-08-162,V-2022-08-162-2,LIMA,LIMA,SAN JUAN DE LURIGANCHO,IDENTIFICADO,NO CORRESPONDE,PARTICULAR,PERSONAS,NO SE CONOCE,SI,NO APLICA,SOAT,INTERSEGURO,NO,NO REGISTRA,MOTOCICLETA,CHOQUE FUGA,12/08/2022,2022,AGOSTO,VIERNES,19,NO CORRESPONDE,JIRÓN
A-2022-08-160,V-2022-08-160-1,LIMA,LIMA,SANTA ANITA,IDENTIFICADO,HABILITADO,PUBLICO URBANO,PERSONAS,PROVINCIAL,NO ESPECIFICA,NO REGISTRA,,,SI,VIGENTE,ÓMNIBUS,ATROPELLO,13/08/2022,2022,AGOSTO,SÁBADO,17,LM-117,CARRETERA
A-2022-08-155,V-2022-08-155-1,LIMA,LIMA,CARABAYLLO,IDENTIFICADO,HABILITADO,TAXI,PERSONAS,PROVINCIAL,SI,VIGENTE,SOAT,RIMAC,SI,VIGENTE,AUTOMÓVIL,CHOQUE,13/08/2022,2022,AGOSTO,SÁBADO,18,NO CORRESPONDE,AVENIDA
A-2022-08-155,V-2022-08-155-2,LIMA,LIMA,CARABAYLLO,IDENTIFICADO,NO CORRESPONDE,PARTICULAR,PERSONAS,NO SE CONOCE,SI,VIGENTE,SOAT,PACIFICO,NO,NO REGISTRA,AUTOMÓVIL,CHOQUE,13/08/2022,2022,AGOSTO,SÁBADO,18,NO CORRESPONDE,AVENIDA
A-2022-08-158,V-2022-08-158-1,LIMA,LIMA,VILLA EL SALVADOR,IDENTIFICADO,NO CORRESPONDE,PARTICULAR,PERSONAS,NO SE CONOCE,SI,VIGENTE,SOAT,LA POSITIVA,NO,NO REGISTRA,AUTOMÓVIL,ATROPELLO,14/08/2022,2022,AGOSTO,DOMINGO,5,PE-1S,CARRETERA
A-2022-08-161,V-2022-08-161-1,LIMA,LIMA,CARABAYLLO,IDENTIFICADO,HABILITADO,TAXI,PERSONAS,PROVINCIAL,SI,VENCIDO,SOAT,LA POSITIVA,SI,VIGENTE,AUTOMÓVIL,DESPISTE,14/08/2022,2022,AGOSTO,DOMINGO,5,NO CORRESPONDE,AVENIDA
A-2022-08-161,V-2022-08-161-2,LIMA,LIMA,CARABAYLLO,IDENTIFICADO,NO HABILITADO,CARGA,CARGA Y/O MERCANCÍAS,NO SE CONOCE,SI,VENCIDO,SOAT,MAPFRE,NO,NO REGISTRA,CAMIÓN,DESPISTE,14/08/2022,2022,AGOSTO,DOMINGO,5,NO CORRESPONDE,AVENIDA
A-2022-08-157,V-2022-08-157-1,LIMA,LIMA,COMAS,FUGADO,,SERVICIO ESPECIAL DE PASAJEROS,,DISTRITAL,NO CORRESPONDE,,,,NO CORRESPONDE,,TRIMOTO PASAJERO,VOLCADURA,14/08/2022,2022,AGOSTO,DOMINGO,10,NO CORRESPONDE,AVENIDA
A-2022-08-159,V-2022-08-159-1,LIMA,LIMA,VILLA MARIA DEL TRIUNFO,IDENTIFICADO,NO CORRESPONDE,PARTICULAR,PERSONAS,NO SE CONOCE,SI,VIGENTE,SOAT,INTERSEGURO,NO,NO REGISTRA,MOTOCICLETA,DESPISTE,14/08/2022,2022,AGOSTO,DOMINGO,22,NO CORRESPONDE,AVENIDA
A-2022-08-156,V-2022-08-156-1,LIMA,LIMA,MAGDALENA DEL MAR,IDENTIFICADO,NO CORRESPONDE,PARTICULAR,PERSONAS,NO SE CONOCE,SI,VENCIDO,SOAT,LA POSITIVA,NO,NO REGISTRA,MOTOCICLETA,DESPISTE,15/08/2022,2022,AGOSTO,LUNES,0,NO CORRESPONDE,OTRO
A-2022-08-154,V-2022-08-154-1,LIMA,LIMA,VILLA MARIA DEL TRIUNFO,IDENTIFICADO,HABILITADO,PUBLICO URBANO,PERSONAS,PROVINCIAL,SI,VIGENTE,SOAT,RIMAC,SI,VIGENTE,MINIBUS,CHOQUE,17/08/2022,2022,AGOSTO,MIÉRCOLES,6,NO CORRESPONDE,AVENIDA
A-2022-08-154,V-2022-08-154-2,LIMA,LIMA,VILLA MARIA DEL TRIUNFO,IDENTIFICADO,HABILITADO,SERVICIO ESPECIAL DE PASAJEROS,PERSONAS,DISTRITAL,SI,VIGENTE,SOAT,LA POSITIVA,NO,NO REGISTRA,TRIMOTO PASAJERO,CHOQUE,17/08/2022,2022,AGOSTO,MIÉRCOLES,6,NO CORRESPONDE,AVENIDA
A-2022-08-153,V-2022-08-153-1,LIMA,LIMA,LOS OLIVOS,IDENTIFICADO,HABILITADO,PUBLICO URBANO,PERSONAS,PROVINCIAL,SI,VIGENTE,SOAT,RIMAC,SI,VIGENTE,ÓMNIBUS,CHOQUE,19/08/2022,2022,AGOSTO,VIERNES,3,NO CORRESPONDE,AVENIDA
A-2022-08-153,V-2022-08-153-2,LIMA,LIMA,LOS OLIVOS,IDENTIFICADO,NO CORRESPONDE,PARTICULAR,PERSONAS,NO SE CONOCE,SI,VIGENTE,SOAT,LA POSITIVA,NO,NO REGISTRA,MOTOCICLETA,CHOQUE,19/08/2022,2022,AGOSTO,VIERNES,3,NO CORRESPONDE,AVENIDA
A-2022-08-150,V-2022-08-150-1,LIMA,LIMA,ATE,IDENTIFICADO,NO HABILITADO,CARGA,CARGA Y/O MERCANCÍAS,NO SE CONOCE,SI,VIGENTE,SOAT,MAPFRE,NO,NO REGISTRA,CAMIÓN,CAÍDA DE PASAJERO,19/08/2022,2022,AGOSTO,VIERNES,15,NO CORRESPONDE,CALLE
A-2022-08-151,V-2022-08-151-1,LIMA,LIMA,SAN JUAN DE LURIGANCHO,IDENTIFICADO,NO CORRESPONDE,PARTICULAR,,,SI,VIGENTE,SOAT,MAPFRE,NO,NO REGISTRA,MOTOCICLETA,DESPISTE,20/08/2022,2022,AGOSTO,SÁBADO,18,NO CORRESPONDE,AVENIDA
A-2022-08-152,V-2022-08-152-1,LIMA,LIMA,LOS OLIVOS,FUGADO,NO CORRESPONDE,NO CORRESPONDE,,,NO CORRESPONDE,NO APLICA,,,NO CORRESPONDE,NO APLICA,VEHICULO NO IDENTIFICADO,ATROPELLO FUGA,21/08/2022,2022,AGOSTO,DOMINGO,18,NO CORRESPONDE,AVENIDA
A-2022-08-212,V-2022-08-212-1,CALLAO,CALLAO,VENTANILLA,IDENTIFICADO,HABILITADO,PARTICULAR,PERSONAS,NO SE CONOCE,SI,VIGENTE,SOAT,LA POSITIVA,NO,NO REGISTRA,MOTOCICLETA,VOLCADURA,23/08/2022,2022,AGOSTO,MARTES,8,NO CORRESPONDE,AVENIDA
A-2022-08-149,V-2022-08-149-1,LIMA,LIMA,EL AGUSTINO,IDENTIFICADO,NO CORRESPONDE,PARTICULAR,PERSONAS,NO SE CONOCE,SI,VIGENTE,SOAT,LA POSITIVA,NO,NO REGISTRA,MOTOCICLETA,CHOQUE,23/08/2022,2022,AGOSTO,MARTES,13,PE-1N,CARRETERA
A-2022-08-149,V-2022-08-149-2,LIMA,LIMA,EL AGUSTINO,FUGADO,NO CORRESPONDE,NO CORRESPONDE,,,NO CORRESPONDE,VIGENTE,,,NO CORRESPONDE,NO APLICA,VEHICULO NO IDENTIFICADO,CHOQUE,23/08/2022,2022,AGOSTO,MARTES,13,PE-1N,CARRETERA
A-2022-08-148,V-2022-08-148-1,LIMA,LIMA,ATE,IDENTIFICADO,HABILITADO,PUBLICO URBANO,PERSONAS,PROVINCIAL,SI,VIGENTE,SOAT,LA POSITIVA,SI,VIGENTE,ÓMNIBUS,ATROPELLO,25/08/2022,2022,AGOSTO,JUEVES,9,PE-22,CARRETERA
A-2022-08-274,V-2022-08-274-1,LIMA,LIMA,SAN MARTIN DE PORRES,IDENTIFICADO,NO HABILITADO,TAXI,PERSONAS,PROVINCIAL,SI,VIGENTE,SOAT,LA POSITIVA,NO,NO REGISTRA,AUTOMÓVIL,CHOQUE,26/08/2022,2022,AGOSTO,VIERNES,4,NO CORRESPONDE,AVENIDA
A-2022-08-274,V-2022-08-274-2,LIMA,LIMA,SAN MARTIN DE PORRES,IDENTIFICADO,NO CORRESPONDE,PARTICULAR,CARGA Y/O MERCANCÍAS,NO SE CONOCE,NO CORRESPONDE,VIGENTE,,,NO CORRESPONDE,NO APLICA,TRICICLO NO MOTORIZADO,CHOQUE,26/08/2022,2022,AGOSTO,VIERNES,4,NO CORRESPONDE,AVENIDA
A-2022-08-147,V-2022-08-147-1,LIMA,LIMA,ANCON,IDENTIFICADO,NO CORRESPONDE,PARTICULAR,PERSONAS,NO SE CONOCE,SI,VIGENTE,SOAT,PACIFICO,SI,VENCIDO,AUTOMÓVIL,ATROPELLO FUGA,26/08/2022,2022,AGOSTO,VIERNES,18,PE-1N,CARRETERA
A-2022-08-146,V-2022-08-146-1,LIMA,LIMA,VILLA EL SALVADOR,IDENTIFICADO,HABILITADO,PARTICULAR,,,SI,VIGENTE,SOAT,RIMAC,SI,VIGENTE,CAMIONETA RURAL,ATROPELLO,26/08/2022,2022,AGOSTO,VIERNES,21,NO CORRESPONDE,AVENIDA
A-2022-08-145,V-2022-08-145-1,LIMA,LIMA,COMAS,FUGADO,NO CORRESPONDE,NO CORRESPONDE,,,NO CORRESPONDE,NO APLICA,,,NO CORRESPONDE,NO APLICA,VEHICULO NO IDENTIFICADO,ATROPELLO FUGA,27/08/2022,2022,AGOSTO,SÁBADO,6,NO CORRESPONDE,AVENIDA
A-2022-08-144,V-2022-08-144-1,LIMA,LIMA,SANTIAGO DE SURCO,IDENTIFICADO,NO CORRESPONDE,PARTICULAR,,,SI,VIGENTE,SOAT,LA POSITIVA,NO,NO REGISTRA,MOTOCICLETA,CHOQUE,27/08/2022,2022,AGOSTO,SÁBADO,7,PE-1S,CARRETERA
A-2022-08-144,V-2022-08-144-2,LIMA,LIMA,SANTIAGO DE SURCO,IDENTIFICADO,HABILITADO,TAXI,,,SI,VIGENTE,SOAT,MAPFRE,SI,VIGENTE,STATION WAGON,CHOQUE,27/08/2022,2022,AGOSTO,SÁBADO,7,PE-1S,CARRETERA
A-2022-08-144,V-2022-08-144-3,LIMA,LIMA,SANTIAGO DE SURCO,IDENTIFICADO,NO CORRESPONDE,PARTICULAR,,,SI,VIGENTE,SOAT,INTERSEGURO,SI,VIGENTE,STATION WAGON,CHOQUE,27/08/2022,2022,AGOSTO,SÁBADO,7,PE-1S,CARRETERA
A-2022-08-144,V-2022-08-144-4,LIMA,LIMA,SANTIAGO DE SURCO,IDENTIFICADO,HABILITADO,CARGA,,,SI,VIGENTE,SOAT,LA POSITIVA,SI,VIGENTE,REMOLCADOR,CHOQUE,27/08/2022,2022,AGOSTO,SÁBADO,7,PE-1S,CARRETERA
A-2022-08-143,V-2022-08-143-1,LIMA,LIMA,LURIN,IDENTIFICADO,HABILITADO,TRABAJADORES,,,SI,VIGENTE,SOAT,RIMAC,SI,VIGENTE,ÓMNIBUS,CHOQUE,28/08/2022,2022,AGOSTO,DOMINGO,6,LM-797,CARRETERA
A-2022-08-143,V-2022-08-143-2,LIMA,LIMA,LURIN,IDENTIFICADO,NO CORRESPONDE,PARTICULAR,,,SI,VIGENTE,SOAT,LA POSITIVA,NO,NO REGISTRA,MOTOCICLETA,CHOQUE,28/08/2022,2022,AGOSTO,DOMINGO,6,LM-797,CARRETERA
A-2022-08-141,V-2022-08-141-1,LIMA,LIMA,PUENTE PIEDRA,IDENTIFICADO,NO CORRESPONDE,PARTICULAR,,,SI,VIGENTE,SOAT,INTERSEGURO,NO,NO REGISTRA,CAMIONETA PICK UP,ATROPELLO,29/08/2022,2022,AGOSTO,LUNES,5,PE-1N,CARRETERA
A-2022-08-142,V-2022-08-142-1,LIMA,LIMA,SAN JUAN DE LURIGANCHO,IDENTIFICADO,HABILITADO,CARGA,,,SI,VIGENTE,SOAT,RIMAC,SI,VIGENTE,CAMIÓN,ATROPELLO,29/08/2022,2022,AGOSTO,LUNES,15,NO CORRESPONDE,AVENIDA
A-2022-08-139,V-2022-08-139-1,LIMA,LIMA,LOS OLIVOS,IDENTIFICADO,NO CORRESPONDE,PARTICULAR,,,SI,VIGENTE,SOAT,LA POSITIVA,NO,NO REGISTRA,MOTOCICLETA,ATROPELLO,30/08/2022,2022,AGOSTO,MARTES,21,PE-20J,CARRETERA
A-2022-08-140,V-2022-08-140-1,LIMA,LIMA,PUENTE PIEDRA,IDENTIFICADO,HABILITADO,PARTICULAR,,,SI,VIGENTE,SOAT,INTERSEGURO,SI,VIGENTE,CAMIONETA RURAL,ATROPELLO,30/08/2022,2022,AGOSTO,MARTES,23,PE-1N,CARRETERA
A-2022-09-158,V-2022-09-158-1,LIMA,LIMA,LIMA,IDENTIFICADO,NO CORRESPONDE,PARTICULAR,,,SI,VIGENTE,SOAT,LA POSITIVA,NO,NO REGISTRA,MOTOCICLETA,DESPISTE,02/09/2022,2022,SETIEMBRE,VIERNES,1,NO CORRESPONDE,JIRÓN
A-2022-09-157,V-2022-09-157-1,LIMA,LIMA,LA VICTORIA,IDENTIFICADO,NO CORRESPONDE,PARTICULAR,,,SI,VENCIDO,SOAT,LA POSITIVA,NO,NO REGISTRA,MOTOCICLETA,CHOQUE,03/09/2022,2022,SETIEMBRE,SÁBADO,16,NO CORRESPONDE,VIA EXPRESA
A-2022-09-157,V-2022-09-157-2,LIMA,LIMA,LA VICTORIA,IDENTIFICADO,HABILITADO,PUBLICO URBANO,,,SI,VENCIDO,SOAT,LA POSITIVA,SI,VIGENTE,MINIBUS,CHOQUE,03/09/2022,2022,SETIEMBRE,SÁBADO,16,NO CORRESPONDE,VIA EXPRESA
A-2022-09-155,V-2022-09-155-1,LIMA,LIMA,LA VICTORIA,IDENTIFICADO,HABILITADO,MATERIALES PELIGROSOS,,,SI,VIGENTE,SOAT,MAPFRE,SI,VIGENTE,CAMIÓN,CHOQUE,04/09/2022,2022,SETIEMBRE,DOMINGO,2,NO CORRESPONDE,AVENIDA
A-2022-09-155,V-2022-09-155-2,LIMA,LIMA,LA VICTORIA,IDENTIFICADO,NO CORRESPONDE,PARTICULAR,,,NO,VIGENTE,,,NO,NO REGISTRA,TRIMOTO PASAJERO,CHOQUE,04/09/2022,2022,SETIEMBRE,DOMINGO,2,NO CORRESPONDE,AVENIDA
A-2022-09-156,V-2022-09-156-1,LIMA,LIMA,PUNTA HERMOSA,FUGADO,NO CORRESPONDE,NO CORRESPONDE,,,NO CORRESPONDE,NO APLICA,,,NO CORRESPONDE,NO APLICA,VEHICULO NO IDENTIFICADO,ATROPELLO FUGA,04/09/2022,2022,SETIEMBRE,DOMINGO,2,LM-801,CARRETERA
A-2022-09-154,V-2022-09-154-1,LIMA,LIMA,COMAS,IDENTIFICADO,NO CORRESPONDE,PARTICULAR,,,SI,VIGENTE,SOAT,LA POSITIVA,NO,NO REGISTRA,MOTOCICLETA,DESPISTE,05/09/2022,2022,SETIEMBRE,LUNES,11,NO CORRESPONDE,AVENIDA
A-2022-09-153,V-2022-09-153-1,LIMA,LIMA,SANTIAGO DE SURCO,IDENTIFICADO,NO CORRESPONDE,PARTICULAR,,,NO ESPECIFICA,NO REGISTRA,,,NO ESPECIFICA,NO REGISTRA,MOTOCICLETA,CHOQUE CON OBJETO FIJO,08/09/2022,2022,SETIEMBRE,JUEVES,5,PE-1S,CARRETERA
A-2022-09-152,V-2022-09-152-1,LIMA,LIMA,VILLA EL SALVADOR,IDENTIFICADO,NO HABILITADO,SERVICIO ESPECIAL DE PASAJEROS,,,NO ESPECIFICA,NO REGISTRA,,,NO,NO REGISTRA,TRIMOTO PASAJERO,CAÍDA DE PASAJERO,08/09/2022,2022,SETIEMBRE,JUEVES,8,NO CORRESPONDE,AVENIDA
A-2022-09-151,V-2022-09-151-1,LIMA,LIMA,VILLA EL SALVADOR,IDENTIFICADO,HABILITADO,PUBLICO URBANO,,,SI,VIGENTE,SOAT,LA POSITIVA,SI,VIGENTE,ÓMNIBUS,ATROPELLO,09/09/2022,2022,SETIEMBRE,VIERNES,4,NO CORRESPONDE,AVENIDA
A-2022-09-274,V-2022-09-274-1,LIMA,LIMA,CARABAYLLO,IDENTIFICADO,NO CORRESPONDE,PARTICULAR,PERSONAS,NO SE CONOCE,SI,VIGENTE,SOAT,LA POSITIVA,SI,VIGENTE,AUTOMÓVIL,CHOQUE,10/09/2022,2022,SETIEMBRE,SÁBADO,1,NO CORRESPONDE,AVENIDA
A-2022-09-274,V-2022-09-274-2,LIMA,LIMA,CARABAYLLO,IDENTIFICADO,HABILITADO,TAXI,PERSONAS,PROVINCIAL,NO ESPECIFICA,VIGENTE,,,SI,VIGENTE,STATION WAGON,CHOQUE,10/09/2022,2022,SETIEMBRE,SÁBADO,1,NO CORRESPONDE,AVENIDA
A-2022-09-150,V-2022-09-150-1,LIMA,LIMA,LURIGANCHO,IDENTIFICADO,HABILITADO,CARGA,,,SI,VIGENTE,SOAT,INTERSEGURO,SI,VIGENTE,CAMIONETA PICK UP,DESPISTE,12/09/2022,2022,SETIEMBRE,LUNES,3,LM-711,CARRETERA
A-2022-09-180,V-2022-09-180-1,LIMA,LIMA,LIMA,IDENTIFICADO,HABILITADO,PARTICULAR,PERSONAS,NO SE CONOCE,SI,VIGENTE,SOAT,INTERSEGURO,NO CORRESPONDE,NO APLICA,AUTOMÓVIL,ATROPELLO,13/09/2022,2022,SETIEMBRE,MARTES,15,NO CORRESPONDE,AVENIDA
A-2022-09-207,V-2022-09-207-1,LIMA,LIMA,VILLA EL SALVADOR,IDENTIFICADO,NO CORRESPONDE,PARTICULAR,PERSONAS,NO SE CONOCE,SI,VIGENTE,SOAT,LA POSITIVA,NO,NO REGISTRA,MOTOCICLETA,DESPISTE,13/09/2022,2022,SETIEMBRE,MARTES,21,NO CORRESPONDE,AVENIDA
A-2022-09-181,V-2022-09-181-1,CALLAO,CALLAO,CALLAO,IDENTIFICADO,HABILITADO,PARTICULAR,PERSONAS,NO SE CONOCE,SI,VIGENTE,SOAT,LA POSITIVA,NO CORRESPONDE,NO APLICA,MOTOCICLETA,CHOQUE,17/09/2022,2022,SETIEMBRE,SÁBADO,3,PE-20,CARRETERA
A-2022-09-181,V-2022-09-181-2,CALLAO,CALLAO,CALLAO,FUGADO,NO CORRESPONDE,NO CORRESPONDE,,NO SE CONOCE,NO CORRESPONDE,VIGENTE,,,NO CORRESPONDE,NO APLICA,VEHICULO NO IDENTIFICADO,CHOQUE,17/09/2022,2022,SETIEMBRE,SÁBADO,3,PE-20,CARRETERA
A-2022-09-181,V-2022-09-181-3,CALLAO,CALLAO,CALLAO,FUGADO,NO CORRESPONDE,NO CORRESPONDE,,NO SE CONOCE,NO CORRESPONDE,VIGENTE,,,NO CORRESPONDE,NO APLICA,VEHICULO NO IDENTIFICADO,CHOQUE,17/09/2022,2022,SETIEMBRE,SÁBADO,3,PE-20,CARRETERA
A-2022-09-206,V-2022-09-206-1,LIMA,LIMA,ATE,FUGADO,NO CORRESPONDE,NO CORRESPONDE,,,NO CORRESPONDE,NO APLICA,,,NO CORRESPONDE,NO APLICA,VEHICULO NO IDENTIFICADO,ATROPELLO FUGA,18/09/2022,2022,SETIEMBRE,DOMINGO,18,NO CORRESPONDE,AVENIDA
A-2022-09-182,V-2022-09-182-1,CALLAO,CALLAO,CALLAO,FUGADO,NO CORRESPONDE,NO CORRESPONDE,,NO SE CONOCE,NO CORRESPONDE,NO APLICA,,,NO CORRESPONDE,NO APLICA,VEHICULO NO IDENTIFICADO,ATROPELLO FUGA,19/09/2022,2022,SETIEMBRE,LUNES,4,NO CORRESPONDE,AVENIDA
A-2022-09-205,V-2022-09-205-1,LIMA,LIMA,CARABAYLLO,IDENTIFICADO,NO CORRESPONDE,PUBLICO URBANO,PERSONAS,NO SE CONOCE,SI,VIGENTE,SOAT,LA POSITIVA,SI,VIGENTE,ÓMNIBUS,CHOQUE,19/09/2022,2022,SETIEMBRE,LUNES,6,NO CORRESPONDE,AVENIDA
A-2022-09-205,V-2022-09-205-2,LIMA,LIMA,CARABAYLLO,IDENTIFICADO,NO CORRESPONDE,PARTICULAR,PERSONAS,NO SE CONOCE,NO,VIGENTE,,,NO,NO REGISTRA,MOTOCICLETA,CHOQUE,19/09/2022,2022,SETIEMBRE,LUNES,6,NO CORRESPONDE,AVENIDA
A-2022-09-208,V-2022-09-208-1,LIMA,LIMA,PACHACAMAC,IDENTIFICADO,NO CORRESPONDE,PARTICULAR,PERSONAS,NO SE CONOCE,SI,VIGENTE,SOAT,INTERSEGURO,SI,VIGENTE,AUTOMÓVIL,ATROPELLO,20/09/2022,2022,SETIEMBRE,MARTES,11,LM-796,CARRETERA
A-2022-09-204,V-2022-09-204-1,LIMA,LIMA,INDEPENDENCIA,IDENTIFICADO,NO CORRESPONDE,TRABAJADORES,PERSONAS,NO SE CONOCE,SI,VIGENTE,SOAT,LA POSITIVA,SI,VIGENTE,CAMIONETA RURAL,CHOQUE,20/09/2022,2022,SETIEMBRE,MARTES,12,NO CORRESPONDE,AVENIDA
A-2022-09-204,V-2022-09-204-2,LIMA,LIMA,INDEPENDENCIA,IDENTIFICADO,NO CORRESPONDE,PUBLICO URBANO,PERSONAS,NO SE CONOCE,SI,VIGENTE,SOAT,LA POSITIVA,SI,VIGENTE,CAMIONETA RURAL,CHOQUE,20/09/2022,2022,SETIEMBRE,MARTES,12,NO CORRESPONDE,AVENIDA
A-2022-09-203,V-2022-09-203-1,LIMA,LIMA,ATE,IDENTIFICADO,NO CORRESPONDE,PUBLICO URBANO,PERSONAS,NO SE CONOCE,SI,VIGENTE,SOAT,RIMAC,SI,VIGENTE,ÓMNIBUS,ATROPELLO,21/09/2022,2022,SETIEMBRE,MIÉRCOLES,20,NO CORRESPONDE,JIRÓN
A-2022-09-202,V-2022-09-202-1,LIMA,LIMA,LINCE,IDENTIFICADO,NO CORRESPONDE,PUBLICO URBANO,PERSONAS,NO SE CONOCE,SI,VIGENTE,SOAT,RIMAC,SI,VIGENTE,ÓMNIBUS,CHOQUE,21/09/2022,2022,SETIEMBRE,MIÉRCOLES,22,NO CORRESPONDE,AVENIDA
A-2022-09-202,V-2022-09-202-2,LIMA,LIMA,LINCE,IDENTIFICADO,NO CORRESPONDE,PARTICULAR,PERSONAS,NO SE CONOCE,SI,VIGENTE,SOAT,PACIFICO,NO,NO REGISTRA,MOTOCICLETA,CHOQUE,21/09/2022,2022,SETIEMBRE,MIÉRCOLES,22,NO CORRESPONDE,AVENIDA
A-2022-09-200,V-2022-09-200-1,LIMA,LIMA,SAN JUAN DE MIRAFLORES,IDENTIFICADO,NO CORRESPONDE,PARTICULAR,PERSONAS,NO SE CONOCE,SI,VIGENTE,SOAT,INTERSEGURO,SI,VIGENTE,AUTOMÓVIL,ATROPELLO,24/09/2022,2022,SETIEMBRE,SÁBADO,23,PE-1S,CARRETERA
A-2022-09-198,V-2022-09-198-1,LIMA,LIMA,LURIGANCHO,IDENTIFICADO,NO CORRESPONDE,PARTICULAR,PERSONAS,NO SE CONOCE,SI,VIGENTE,SOAT,INTERSEGURO,SI,VIGENTE,CAMIONETA RURAL,ATROPELLO,25/09/2022,2022,SETIEMBRE,DOMINGO,0,PE-22,CARRETERA
A-2022-09-199,V-2022-09-199-1,LIMA,LIMA,CARABAYLLO,IDENTIFICADO,NO CORRESPONDE,TAXI,PERSONAS,NO SE CONOCE,SI,VIGENTE,SOAT,MAPFRE,SI,VIGENTE,STATION WAGON,ATROPELLO,25/09/2022,2022,SETIEMBRE,DOMINGO,20,NO CORRESPONDE,AVENIDA
A-2022-09-197,V-2022-09-197-1,LIMA,LIMA,SAN MARTIN DE PORRES,FUGADO,NO CORRESPONDE,NO CORRESPONDE,,,NO CORRESPONDE,NO APLICA,,,NO CORRESPONDE,NO APLICA,VEHICULO NO IDENTIFICADO,ATROPELLO FUGA,25/09/2022,2022,SETIEMBRE,DOMINGO,23,PE-1N,CARRETERA
A-2022-09-196,V-2022-09-196-1,LIMA,LIMA,LOS OLIVOS,IDENTIFICADO,NO CORRESPONDE,TAXI,,,NO,NO REGISTRA,,,NO,NO REGISTRA,AUTOMÓVIL,CHOQUE,26/09/2022,2022,SETIEMBRE,LUNES,2,NO CORRESPONDE,AVENIDA
A-2022-09-195,V-2022-09-195-1,LIMA,LIMA,LOS OLIVOS,IDENTIFICADO,NO CORRESPONDE,PUBLICO URBANO,PERSONAS,NO SE CONOCE,SI,VIGENTE,SOAT,LA POSITIVA,SI,VIGENTE,MINIBUS,ATROPELLO,26/09/2022,2022,SETIEMBRE,LUNES,18,PE-1N,CARRETERA
A-2022-10-146,V-2022-10-146-1,LIMA,LIMA,CIENEGUILLA,IDENTIFICADO,NO CORRESPONDE,PARTICULAR,PERSONAS,NO SE CONOCE,SI,VIGENTE,SOAT,PACIFICO,SI,VIGENTE,AUTOMÓVIL,CHOQUE,01/10/2022,2022,OCTUBRE,SÁBADO,4,NO CORRESPONDE,AVENIDA
A-2022-10-146,V-2022-10-146-2,LIMA,LIMA,CIENEGUILLA,IDENTIFICADO,NO CORRESPONDE,CARGA,CARGA Y/O MERCANCÍAS,NO SE CONOCE,NO,VIGENTE,,,NO,NO REGISTRA,TRIMOTO PASAJERO,CHOQUE,01/10/2022,2022,OCTUBRE,SÁBADO,4,NO CORRESPONDE,AVENIDA
A-2022-10-144,V-2022-10-144-1,LIMA,LIMA,CHORRILLOS,IDENTIFICADO,NO CORRESPONDE,CARGA,CARGA Y/O MERCANCÍAS,NO SE CONOCE,SI,VIGENTE,SOAT,MAPFRE,SI,VIGENTE,CAMIÓN,ATROPELLO,03/10/2022,2022,OCTUBRE,LUNES,7,NO CORRESPONDE,AVENIDA
A-2022-10-143,V-2022-10-143-1,LIMA,LIMA,PUNTA HERMOSA,IDENTIFICADO,NO CORRESPONDE,PARTICULAR,,,SI,VIGENTE,SOAT,MAPFRE,NO,NO REGISTRA,MOTOCICLETA,DESPISTE,03/10/2022,2022,OCTUBRE,LUNES,16,PE-1S,CARRETERA
A-2022-10-142,V-2022-10-142-1,LIMA,LIMA,LA MOLINA,IDENTIFICADO,NO CORRESPONDE,CARGA,CARGA Y/O MERCANCÍAS,NO SE CONOCE,SI,VIGENTE,SOAT,RIMAC,SI,VIGENTE,CAMIÓN,ATROPELLO,04/10/2022,2022,OCTUBRE,MARTES,17,LM-117,CARRETERA
A-2022-10-139,V-2022-10-139-1,LIMA,LIMA,SAN JUAN DE MIRAFLORES,IDENTIFICADO,NO CORRESPONDE,PARTICULAR,PERSONAS,NO SE CONOCE,SI,VIGENTE,SOAT,RIMAC,SI,VIGENTE,AUTOMÓVIL,ATROPELLO,09/10/2022,2022,OCTUBRE,DOMINGO,3,PE-1S,CARRETERA
A-2022-10-217,V-2022-10-217-1,LIMA,LIMA,SAN JUAN DE LURIGANCHO,FUGADO,NO CORRESPONDE,NO CORRESPONDE,,,NO CORRESPONDE,NO APLICA,,,NO CORRESPONDE,NO APLICA,VEHICULO NO IDENTIFICADO,ATROPELLO FUGA,09/10/2022,2022,OCTUBRE,DOMINGO,20,PE-22,CARRETERA
A-2022-10-137,V-2022-10-137-1,LIMA,LIMA,LURIGANCHO,IDENTIFICADO,NO CORRESPONDE,CARGA,CARGA Y/O MERCANCÍAS,NO SE CONOCE,SI,VIGENTE,SOAT,RIMAC,SI,VIGENTE,REMOLCADOR,ATROPELLO,10/10/2022,2022,OCTUBRE,LUNES,8,NO CORRESPONDE,AVENIDA
A-2022-10-136,V-2022-10-136-1,LIMA,LIMA,MIRAFLORES,IDENTIFICADO,NO CORRESPONDE,PUBLICO URBANO,PERSONAS,NO SE CONOCE,SI,VIGENTE,SOAT,LA POSITIVA,SI,VIGENTE,ÓMNIBUS,ATROPELLO,10/10/2022,2022,OCTUBRE,LUNES,10,NO CORRESPONDE,AVENIDA
A-2022-10-138,V-2022-10-138-1,LIMA,LIMA,LOS OLIVOS,IDENTIFICADO,NO CORRESPONDE,CARGA,CARGA Y/O MERCANCÍAS,NO SE CONOCE,SI,VIGENTE,SOAT,MAPFRE,SI,VIGENTE,REMOLCADOR,ATROPELLO,10/10/2022,2022,OCTUBRE,LUNES,13,NO CORRESPONDE,AVENIDA
A-2022-10-121,V-2022-10-121-1,CALLAO,CALLAO,CALLAO,IDENTIFICADO,HABILITADO,CARGA,CARGA Y/O MERCANCÍAS,NACIONAL,SI,VIGENTE,SOAT,PACIFICO,NO ESPECIFICA,NO REGISTRA,REMOLCADOR-SEMIREMOLQUE,ATROPELLO,12/10/2022,2022,OCTUBRE,MIÉRCOLES,14,PE-20,CARRETERA
A-2022-10-135,V-2022-10-135-1,LIMA,LIMA,VILLA MARIA DEL TRIUNFO,IDENTIFICADO,NO CORRESPONDE,PARTICULAR,PERSONAS,NO SE CONOCE,NO,NO REGISTRA,,,NO,NO REGISTRA,MOTOCICLETA,CHOQUE,12/10/2022,2022,OCTUBRE,MIÉRCOLES,15,NO CORRESPONDE,AVENIDA
A-2022-10-135,V-2022-10-135-2,LIMA,LIMA,VILLA MARIA DEL TRIUNFO,IDENTIFICADO,NO CORRESPONDE,SERVICIO ESPECIAL DE PASAJEROS,PERSONAS,NO SE CONOCE,NO,NO REGISTRA,,,NO,NO REGISTRA,TRIMOTO PASAJERO,CHOQUE,12/10/2022,2022,OCTUBRE,MIÉRCOLES,15,NO CORRESPONDE,AVENIDA
A-2022-10-134,V-2022-10-134-1,LIMA,LIMA,PUNTA HERMOSA,IDENTIFICADO,NO CORRESPONDE,PARTICULAR,PERSONAS,NO SE CONOCE,SI,VIGENTE,SOAT,MAPFRE,NO,NO REGISTRA,CAMIONETA RURAL,ATROPELLO,15/10/2022,2022,OCTUBRE,SÁBADO,22,NO CORRESPONDE,AVENIDA
A-2022-10-117,V-2022-10-117-1,CALLAO,CALLAO,VENTANILLA,IDENTIFICADO,HABILITADO,CARGA,CARGA Y/O MERCANCÍAS,DISTRITAL,SI,VIGENTE,SOAT,MAPFRE,NO,NO REGISTRA,CAMIÓN,CAÍDA DE PASAJERO,18/10/2022,2022,OCTUBRE,MARTES,2,NO CORRESPONDE,AVENIDA
A-2022-10-133,V-2022-10-133-1,LIMA,LIMA,SAN MARTIN DE PORRES,IDENTIFICADO,NO CORRESPONDE,PARTICULAR,,,NO,NO REGISTRA,,,NO,NO REGISTRA,MOTOCICLETA,DESPISTE,18/10/2022,2022,OCTUBRE,MARTES,19,NO CORRESPONDE,AVENIDA
A-2022-10-132,V-2022-10-132-1,LIMA,LIMA,PUNTA HERMOSA,IDENTIFICADO,HABILITADO,PUBLICO URBANO,PERSONAS,NO SE CONOCE,SI,VIGENTE,SOAT,MAPFRE,SI,VIGENTE,CAMIÓN,CHOQUE,21/10/2022,2022,OCTUBRE,VIERNES,3,PE-1S,CARRETERA
A-2022-10-132,V-2022-10-132-2,LIMA,LIMA,PUNTA HERMOSA,IDENTIFICADO,NO CORRESPONDE,PARTICULAR,PERSONAS,NO SE CONOCE,SI,VIGENTE,SOAT,INTERSEGURO,SI,VIGENTE,CAMIONETA RURAL,CHOQUE,21/10/2022,2022,OCTUBRE,VIERNES,3,PE-1S,CARRETERA
A-2022-10-123,V-2022-10-123-1,CALLAO,CALLAO,CALLAO,IDENTIFICADO,HABILITADO,PARTICULAR,PERSONAS,NO SE CONOCE,SI,VIGENTE,SOAT,INTERSEGURO,NO,NO REGISTRA,AUTOMÓVIL,ATROPELLO,21/10/2022,2022,OCTUBRE,VIERNES,16,PE-20,CARRETERA
A-2022-10-122,V-2022-10-122-1,CALLAO,CALLAO,CALLAO,IDENTIFICADO,HABILITADO,PARTICULAR,PERSONAS,NO SE CONOCE,SI,VIGENTE,SOAT,INTERSEGURO,NO ESPECIFICA,NO REGISTRA,AUTOMÓVIL,ATROPELLO,22/10/2022,2022,OCTUBRE,SÁBADO,21,NO CORRESPONDE,AVENIDA
A-2022-10-148,V-2022-10-148-1,LIMA,LIMA,COMAS,IDENTIFICADO,NO CORRESPONDE,PARTICULAR,PERSONAS,NO SE CONOCE,SI,VIGENTE,SOAT,INTERSEGURO,SI,VIGENTE,CAMIONETA PICK UP,CHOQUE,24/10/2022,2022,OCTUBRE,LUNES,8,NO CORRESPONDE,AVENIDA
A-2022-10-148,V-2022-10-148-2,LIMA,LIMA,COMAS,IDENTIFICADO,NO CORRESPONDE,PARTICULAR,PERSONAS,NO SE CONOCE,SI,VIGENTE,SOAT,RIMAC,SI,VIGENTE,AUTOMÓVIL,CHOQUE,24/10/2022,2022,OCTUBRE,LUNES,8,NO CORRESPONDE,AVENIDA
A-2022-10-147,V-2022-10-147-1,LIMA,LIMA,CHORRILLOS,IDENTIFICADO,NO CORRESPONDE,CARGA,CARGA Y/O MERCANCÍAS,NO SE CONOCE,SI,VIGENTE,SOAT,INTERSEGURO,SI,VIGENTE,CAMIÓN,ATROPELLO,27/10/2022,2022,OCTUBRE,JUEVES,8,NO CORRESPONDE,AVENIDA
A-2022-10-130,V-2022-10-130-1,LIMA,LIMA,ANCON,IDENTIFICADO,HABILITADO,CARGA,PERSONAS,PROVINCIAL,SI,VIGENTE,SOAT,PACIFICO,SI,VIGENTE,CAMIÓN,CHOQUE,30/10/2022,2022,OCTUBRE,DOMINGO,7,PE-1N,CARRETERA
A-2022-10-130,V-2022-10-130-2,LIMA,LIMA,ANCON,IDENTIFICADO,HABILITADO,PARTICULAR,PERSONAS,NO SE CONOCE,NO,VIGENTE,,,NO,NO REGISTRA,MOTOCICLETA,CHOQUE,30/10/2022,2022,OCTUBRE,DOMINGO,7,PE-1N,CARRETERA
A-2022-10-129,V-2022-10-129-1,LIMA,LIMA,LOS OLIVOS,IDENTIFICADO,HABILITADO,PARTICULAR,PERSONAS,NO SE CONOCE,SI,VIGENTE,SOAT,MAPFRE,SI,VIGENTE,AUTOMÓVIL,CHOQUE FUGA,30/10/2022,2022,OCTUBRE,DOMINGO,16,NO CORRESPONDE,JIRÓN
A-2022-10-129,V-2022-10-129-2,LIMA,LIMA,LOS OLIVOS,FUGADO,,SERVICIO ESPECIAL DE PASAJEROS,PERSONAS,,NO CORRESPONDE,VIGENTE,,,NO CORRESPONDE,,TRIMOTO PASAJERO,CHOQUE FUGA,30/10/2022,2022,OCTUBRE,DOMINGO,16,NO CORRESPONDE,JIRÓN
A-2022-10-128,V-2022-10-128-1,LIMA,LIMA,VILLA MARIA DEL TRIUNFO,IDENTIFICADO,HABILITADO,PUBLICO URBANO,PERSONAS,DISTRITAL,SI,VIGENTE,SOAT,RIMAC,SI,VIGENTE,CAMIONETA RURAL,CHOQUE,30/10/2022,2022,OCTUBRE,DOMINGO,21,NO CORRESPONDE,AVENIDA
A-2022-10-128,V-2022-10-128-2,LIMA,LIMA,VILLA MARIA DEL TRIUNFO,IDENTIFICADO,HABILITADO,PARTICULAR,PERSONAS,NO SE CONOCE,SI,VIGENTE,SOAT,LA POSITIVA,SI,VIGENTE,AUTOMÓVIL,CHOQUE,30/10/2022,2022,OCTUBRE,DOMINGO,21,NO CORRESPONDE,AVENIDA
A-2022-10-126,V-2022-10-126-1,LIMA,LIMA,LA MOLINA,IDENTIFICADO,NO HABILITADO,PARTICULAR,PERSONAS,NO SE CONOCE,NO,NO REGISTRA,,,NO,NO REGISTRA,MOTOCICLETA,VOLCADURA,31/10/2022,2022,OCTUBRE,LUNES,18,PE-1NA,CARRETERA
A-2022-11-155,V-2022-11-155-1,LIMA,LIMA,PUCUSANA,IDENTIFICADO,HABILITADO,CARGA,CARGA Y/O MERCANCÍAS,NACIONAL,SI,VIGENTE,SOAT,PROTECTA,SI,VIGENTE,CAMIONETA PANEL,DESPISTE,01/11/2022,2022,NOVIEMBRE,MARTES,6,PE-1S,CARRETERA
A-2022-11-155,V-2022-11-155-2,LIMA,LIMA,PUCUSANA,IDENTIFICADO,HABILITADO,CARGA,CARGA Y/O MERCANCÍAS,NACIONAL,NO,VIGENTE,,,SI,VIGENTE,SEMIREMOLQUE,DESPISTE,01/11/2022,2022,NOVIEMBRE,MARTES,6,PE-1S,CARRETERA
A-2022-11-155,V-2022-11-155-3,LIMA,LIMA,PUCUSANA,IDENTIFICADO,HABILITADO,CARGA,CARGA Y/O MERCANCÍAS,NACIONAL,SI,VIGENTE,SOAT,MAPFRE,SI,VIGENTE,REMOLCADOR,DESPISTE,01/11/2022,2022,NOVIEMBRE,MARTES,6,PE-1S,CARRETERA
A-2022-11-156,V-2022-11-156-1,LIMA,LIMA,SAN MARTIN DE PORRES,IDENTIFICADO,HABILITADO,PARTICULAR,PERSONAS,NO SE CONOCE,SI,VIGENTE,SOAT,INTERSEGURO,SI,VIGENTE,AUTOMÓVIL,ATROPELLO,01/11/2022,2022,NOVIEMBRE,MARTES,7,NO CORRESPONDE,AVENIDA
A-2022-11-134,V-2022-11-134-1,LIMA,LIMA,SAN MIGUEL,IDENTIFICADO,NO HABILITADO,PARTICULAR,PERSONAS,NO SE CONOCE,SI,VIGENTE,SOAT,MAPFRE,NO,NO REGISTRA,MOTOCICLETA,CHOQUE CON OBJETO FIJO,03/11/2022,2022,NOVIEMBRE,JUEVES,0,NO CORRESPONDE,OTRO
A-2022-11-135,V-2022-11-135-1,LIMA,LIMA,PUENTE PIEDRA,IDENTIFICADO,HABILITADO,PARTICULAR,PERSONAS,NO SE CONOCE,SI,VIGENTE,SOAT,PACIFICO,SI,VIGENTE,AUTOMÓVIL,ATROPELLO,05/11/2022,2022,NOVIEMBRE,SÁBADO,22,PE-1N,CARRETERA
A-2022-11-235,V-2022-11-235-1,LIMA,LIMA,LURIN,FUGADO,NO CORRESPONDE,NO CORRESPONDE,PERSONAS,,NO CORRESPONDE,NO APLICA,,,NO CORRESPONDE,NO APLICA,VEHICULO NO IDENTIFICADO,ATROPELLO FUGA,06/11/2022,2022,NOVIEMBRE,DOMINGO,1,PE-1S,CARRETERA
A-2022-11-239,V-2022-11-239-1,LIMA,LIMA,LURIN,FUGADO,NO CORRESPONDE,NO CORRESPONDE,,,NO CORRESPONDE,NO APLICA,,,NO CORRESPONDE,NO APLICA,VEHICULO NO IDENTIFICADO,ATROPELLO FUGA,06/11/2022,2022,NOVIEMBRE,DOMINGO,5,PE-1S,CARRETERA
A-2022-11-238,V-2022-11-238-1,LIMA,LIMA,VILLA MARIA DEL TRIUNFO,FUGADO,NO CORRESPONDE,NO CORRESPONDE,,,NO CORRESPONDE,NO APLICA,,,NO CORRESPONDE,NO APLICA,VEHICULO NO IDENTIFICADO,ATROPELLO FUGA,06/11/2022,2022,NOVIEMBRE,DOMINGO,19,NO CORRESPONDE,AVENIDA
A-2022-11-136,V-2022-11-136-1,LIMA,LIMA,SAN MARTIN DE PORRES,IDENTIFICADO,NO HABILITADO,PARTICULAR,PERSONAS,NO SE CONOCE,SI,VIGENTE,SOAT,RIMAC,NO,NO REGISTRA,MOTOCICLETA,DESPISTE,07/11/2022,2022,NOVIEMBRE,LUNES,5,PE-1N,CARRETERA
A-2022-11-157,V-2022-11-157-1,LIMA,LIMA,PACHACAMAC,IDENTIFICADO,NO HABILITADO,SERVICIO ESPECIAL DE PASAJEROS,PERSONAS,PROVINCIAL,NO,NO REGISTRA,,,NO,NO REGISTRA,TRIMOTO PASAJERO,CHOQUE,07/11/2022,2022,NOVIEMBRE,LUNES,5,NO CORRESPONDE,JIRÓN
A-2022-11-157,V-2022-11-157-2,LIMA,LIMA,PACHACAMAC,IDENTIFICADO,HABILITADO,PUBLICO URBANO,PERSONAS,PROVINCIAL,SI,NO REGISTRA,SOAT,PACIFICO,NO CORRESPONDE,NO APLICA,CAMIONETA RURAL,CHOQUE,07/11/2022,2022,NOVIEMBRE,LUNES,5,NO CORRESPONDE,JIRÓN
A-2022-11-231,V-2022-11-231-1,LIMA,LIMA,CARABAYLLO,IDENTIFICADO,NO CORRESPONDE,PARTICULAR,PERSONAS,NO SE CONOCE,SI,VIGENTE,SOAT,LA POSITIVA,NO CORRESPONDE,NO APLICA,MOTOCICLETA,ATROPELLO,07/11/2022,2022,NOVIEMBRE,LUNES,21,NO CORRESPONDE,AVENIDA
A-2022-11-137,V-2022-11-137-1,LIMA,LIMA,LA VICTORIA,FUGADO,NO CORRESPONDE,NO CORRESPONDE,,,NO CORRESPONDE,NO APLICA,,,NO CORRESPONDE,NO APLICA,VEHICULO NO IDENTIFICADO,ATROPELLO FUGA,07/11/2022,2022,NOVIEMBRE,LUNES,22,NO CORRESPONDE,VIA EXPRESA
A-2022-11-133,V-2022-11-133-1,CALLAO,CALLAO,CALLAO,IDENTIFICADO,HABILITADO,CARGA,CARGA Y/O MERCANCÍAS,NO SE CONOCE,SI,VIGENTE,SOAT,PACIFICO,NO ESPECIFICA,NO REGISTRA,CAMIÓN,ATROPELLO,08/11/2022,2022,NOVIEMBRE,MARTES,8,PE-20,CARRETERA
A-2022-11-119,V-2022-11-119-1,CALLAO,CALLAO,CALLAO,IDENTIFICADO,HABILITADO,CARGA,CARGA Y/O MERCANCÍAS,NACIONAL,SI,VIGENTE,SOAT,INTERSEGURO,NO CORRESPONDE,NO APLICA,REMOLCADOR-SEMIREMOLQUE,CHOQUE,08/11/2022,2022,NOVIEMBRE,MARTES,16,PE-20,CARRETERA
A-2022-11-119,V-2022-11-119-2,CALLAO,CALLAO,CALLAO,IDENTIFICADO,HABILITADO,PARTICULAR,PERSONAS,NO SE CONOCE,SI,VIGENTE,SOAT,LA POSITIVA,NO CORRESPONDE,NO APLICA,MOTOCICLETA,CHOQUE,08/11/2022,2022,NOVIEMBRE,MARTES,16,PE-20,CARRETERA
A-2022-11-138,V-2022-11-138-1,LIMA,LIMA,LURIGANCHO,IDENTIFICADO,HABILITADO,CARGA,CARGA Y/O MERCANCÍAS,NACIONAL,SI,VIGENTE,SOAT,INTERSEGURO,SI,VIGENTE,CAMIÓN,CHOQUE,08/11/2022,2022,NOVIEMBRE,MARTES,16,NO CORRESPONDE,AVENIDA
A-2022-11-138,V-2022-11-138-2,LIMA,LIMA,LURIGANCHO,IDENTIFICADO,NO HABILITADO,PARTICULAR,PERSONAS,NO SE CONOCE,NO,VIGENTE,,,NO,NO REGISTRA,MOTOCICLETA,CHOQUE,08/11/2022,2022,NOVIEMBRE,MARTES,16,NO CORRESPONDE,AVENIDA
A-2022-11-158,V-2022-11-158-1,LIMA,LIMA,SAN JUAN DE LURIGANCHO,IDENTIFICADO,HABILITADO,PARTICULAR,PERSONAS,NO SE CONOCE,SI,VIGENTE,SOAT,MAPFRE,SI,VIGENTE,STATION WAGON,ATROPELLO,10/11/2022,2022,NOVIEMBRE,JUEVES,7,NO CORRESPONDE,AVENIDA
A-2022-11-140,V-2022-11-140-1,LIMA,LIMA,LIMA,FUGADO,NO CORRESPONDE,NO CORRESPONDE,,,NO CORRESPONDE,NO APLICA,,,NO CORRESPONDE,NO APLICA,VEHICULO NO IDENTIFICADO,ATROPELLO FUGA,10/11/2022,2022,NOVIEMBRE,JUEVES,19,NO CORRESPONDE,JIRÓN
A-2022-11-161,V-2022-11-161-1,LIMA,LIMA,VILLA EL SALVADOR,IDENTIFICADO,HABILITADO,PARTICULAR,PERSONAS,NO SE CONOCE,SI,VIGENTE,SOAT,LA POSITIVA,NO CORRESPONDE,NO APLICA,MOTOCICLETA,ATROPELLO,11/11/2022,2022,NOVIEMBRE,VIERNES,14,NO CORRESPONDE,AVENIDA
A-2022-11-160,V-2022-11-160-1,LIMA,LIMA,LURIN,IDENTIFICADO,HABILITADO,PARTICULAR,PERSONAS,NO SE CONOCE,SI,VIGENTE,SOAT,LA POSITIVA,NO CORRESPONDE,NO APLICA,AUTOMÓVIL,DESPISTE,11/11/2022,2022,NOVIEMBRE,VIERNES,17,PE-1S,CARRETERA
A-2022-11-139,V-2022-11-139-1,LIMA,LIMA,SAN MIGUEL,IDENTIFICADO,HABILITADO,PARTICULAR,PERSONAS,NO SE CONOCE,SI,VIGENTE,SOAT,PROTECTA,SI,VIGENTE,AUTOMÓVIL,CHOQUE,12/11/2022,2022,NOVIEMBRE,SÁBADO,5,NO CORRESPONDE,AVENIDA
A-2022-11-139,V-2022-11-139-2,LIMA,LIMA,SAN MIGUEL,IDENTIFICADO,NO CORRESPONDE,NO CORRESPONDE,CARGA Y/O MERCANCÍAS,DISTRITAL,NO CORRESPONDE,VIGENTE,,,NO CORRESPONDE,NO APLICA,OTRO,CHOQUE,12/11/2022,2022,NOVIEMBRE,SÁBADO,5,NO CORRESPONDE,AVENIDA
A-2022-11-141,V-2022-11-141-1,LIMA,LIMA,LURIGANCHO,IDENTIFICADO,HABILITADO,CARGA,CARGA Y/O MERCANCÍAS,NACIONAL,SI,VIGENTE,SOAT,RIMAC,SI,VIGENTE,CAMIÓN,CHOQUE,12/11/2022,2022,NOVIEMBRE,SÁBADO,20,PE-22,CARRETERA
A-2022-11-141,V-2022-11-141-2,LIMA,LIMA,LURIGANCHO,IDENTIFICADO,HABILITADO,PARTICULAR,PERSONAS,NO SE CONOCE,SI,VIGENTE,SOAT,INTERSEGURO,SI,VIGENTE,AUTOMÓVIL,CHOQUE,12/11/2022,2022,NOVIEMBRE,SÁBADO,20,PE-22,CARRETERA
A-2022-11-233,V-2022-11-233-1,LIMA,LIMA,SAN MARTIN DE PORRES,IDENTIFICADO,NO CORRESPONDE,PARTICULAR,PERSONAS,NO SE CONOCE,SI,VIGENTE,SOAT,INTERSEGURO,NO CORRESPONDE,NO APLICA,MOTOCICLETA,CHOQUE,13/11/2022,2022,NOVIEMBRE,DOMINGO,18,NO CORRESPONDE,AVENIDA
A-2022-11-233,V-2022-11-233-2,LIMA,LIMA,SAN MARTIN DE PORRES,IDENTIFICADO,NO CORRESPONDE,PARTICULAR,PERSONAS,NO SE CONOCE,SI,VIGENTE,SOAT,LA POSITIVA,NO,NO REGISTRA,MOTOCICLETA,CHOQUE,13/11/2022,2022,NOVIEMBRE,DOMINGO,18,NO CORRESPONDE,AVENIDA
A-2022-11-142,V-2022-11-142-1,LIMA,LIMA,LOS OLIVOS,IDENTIFICADO,NO CORRESPONDE,PARTICULAR,PERSONAS,NO SE CONOCE,NO CORRESPONDE,NO APLICA,,,NO CORRESPONDE,NO APLICA,BICICLETA,DESPISTE,13/11/2022,2022,NOVIEMBRE,DOMINGO,23,NO CORRESPONDE,AVENIDA
A-2022-11-162,V-2022-11-162-1,LIMA,LIMA,LURIGANCHO,FUGADO,NO CORRESPONDE,NO CORRESPONDE,,,NO CORRESPONDE,NO APLICA,,,NO CORRESPONDE,NO APLICA,VEHICULO NO IDENTIFICADO,ATROPELLO FUGA,14/11/2022,2022,NOVIEMBRE,LUNES,0,NO CORRESPONDE,CALLE
A-2022-11-143,V-2022-11-143-1,LIMA,LIMA,ANCON,IDENTIFICADO,HABILITADO,REGULAR(INTERPROVINCIAL),PERSONAS,NACIONAL,SI,VIGENTE,SOAT,MAPFRE,SI,VIGENTE,ÓMNIBUS,ATROPELLO,15/11/2022,2022,NOVIEMBRE,MARTES,12,PE-1N,CARRETERA
A-2022-11-144,V-2022-11-144-1,LIMA,LIMA,SAN MARTIN DE PORRES,IDENTIFICADO,HABILITADO,PUBLICO URBANO,PERSONAS,PROVINCIAL,SI,VIGENTE,SOAT,RIMAC,SI,VIGENTE,ÓMNIBUS,ATROPELLO,15/11/2022,2022,NOVIEMBRE,MARTES,23,PE-1N,CARRETERA
A-2022-11-145,V-2022-11-145-1,LIMA,LIMA,LOS OLIVOS,IDENTIFICADO,HABILITADO,PARTICULAR,PERSONAS,NO SE CONOCE,SI,VIGENTE,SOAT,INTERSEGURO,SI,VIGENTE,AUTOMÓVIL,CHOQUE,16/11/2022,2022,NOVIEMBRE,MIÉRCOLES,5,PE-1N,CARRETERA
A-2022-11-145,V-2022-11-145-2,LIMA,LIMA,LOS OLIVOS,IDENTIFICADO,HABILITADO,CARGA,CARGA Y/O MERCANCÍAS,NACIONAL,SI,VIGENTE,SOAT,MAPFRE,SI,VIGENTE,CAMIÓN,CHOQUE,16/11/2022,2022,NOVIEMBRE,MIÉRCOLES,5,PE-1N,CARRETERA
A-2022-11-146,V-2022-11-146-1,LIMA,LIMA,BREÑA,IDENTIFICADO,HABILITADO,PUBLICO URBANO,PERSONAS,PROVINCIAL,SI,VIGENTE,SOAT,LA POSITIVA,SI,VIGENTE,MINIBUS,ATROPELLO,16/11/2022,2022,NOVIEMBRE,MIÉRCOLES,20,NO CORRESPONDE,AVENIDA
A-2022-11-147,V-2022-11-147-1,LIMA,LIMA,LOS OLIVOS,IDENTIFICADO,HABILITADO,MATERIALES PELIGROSOS,CARGA Y/O MERCANCÍAS,NACIONAL,SI,VIGENTE,SOAT,LA POSITIVA,SI,VIGENTE,REMOLCADOR-SEMIREMOLQUE,ATROPELLO,18/11/2022,2022,NOVIEMBRE,VIERNES,18,NO CORRESPONDE,AVENIDA
A-2022-11-148,V-2022-11-148-1,LIMA,LIMA,ATE,IDENTIFICADO,HABILITADO,PUBLICO URBANO,PERSONAS,PROVINCIAL,SI,VENCIDO,SOAT,LA POSITIVA,SI,VIGENTE,CAMIONETA RURAL,CHOQUE,19/11/2022,2022,NOVIEMBRE,SÁBADO,5,PE-22,CARRETERA
A-2022-11-148,V-2022-11-148-2,LIMA,LIMA,ATE,IDENTIFICADO,HABILITADO,PUBLICO URBANO,PERSONAS,PROVINCIAL,SI,VENCIDO,SOAT,LA POSITIVA,SI,VIGENTE,CAMIONETA RURAL,CHOQUE,19/11/2022,2022,NOVIEMBRE,SÁBADO,5,PE-22,CARRETERA
A-2022-11-241,V-2022-11-241-1,LIMA,LIMA,PUEBLO LIBRE,IDENTIFICADO,HABILITADO,PUBLICO URBANO,PERSONAS,DISTRITAL,SI,VIGENTE,SOAT,LA POSITIVA,SI,VIGENTE,ÓMNIBUS,CHOQUE,19/11/2022,2022,NOVIEMBRE,SÁBADO,17,NO CORRESPONDE,AVENIDA
A-2022-11-241,V-2022-11-241-2,LIMA,LIMA,PUEBLO LIBRE,IDENTIFICADO,NO CORRESPONDE,PARTICULAR,PERSONAS,NO SE CONOCE,SI,VIGENTE,SOAT,LA POSITIVA,NO ESPECIFICA,NO REGISTRA,MOTOCICLETA,CHOQUE,19/11/2022,2022,NOVIEMBRE,SÁBADO,17,NO CORRESPONDE,AVENIDA
A-2022-11-149,V-2022-11-149-1,LIMA,LIMA,EL AGUSTINO,IDENTIFICADO,NO HABILITADO,PARTICULAR,PERSONAS,NO SE CONOCE,NO,NO REGISTRA,,,NO,NO REGISTRA,MOTOCICLETA,DESPISTE,21/11/2022,2022,NOVIEMBRE,LUNES,4,NO CORRESPONDE,AVENIDA
A-2022-11-236,V-2022-11-236-1,LIMA,LIMA,VILLA EL SALVADOR,IDENTIFICADO,HABILITADO,SERVICIO ESPECIAL DE PASAJEROS,PERSONAS,DISTRITAL,NO,NO REGISTRA,,,SI,VENCIDO,TRIMOTO PASAJERO,ATROPELLO,22/11/2022,2022,NOVIEMBRE,MARTES,19,NO CORRESPONDE,AVENIDA
A-2022-11-150,V-2022-11-150-1,LIMA,LIMA,PUENTE PIEDRA,IDENTIFICADO,HABILITADO,CARGA,CARGA Y/O MERCANCÍAS,NACIONAL,SI,VIGENTE,SOAT,LA POSITIVA,SI,VIGENTE,CAMIÓN,ATROPELLO,23/11/2022,2022,NOVIEMBRE,MIÉRCOLES,18,PE-1N,CARRETERA
A-2022-11-232,V-2022-11-232-1,LIMA,LIMA,RIMAC,IDENTIFICADO,HABILITADO,PUBLICO URBANO,PERSONAS,PROVINCIAL,SI,VIGENTE,SOAT,LA POSITIVA,SI,VIGENTE,ÓMNIBUS,ATROPELLO,24/11/2022,2022,NOVIEMBRE,JUEVES,19,NO CORRESPONDE,JIRÓN
A-2022-11-151,V-2022-11-151-1,LIMA,LIMA,COMAS,FUGADO,NO CORRESPONDE,NO CORRESPONDE,,,NO CORRESPONDE,NO APLICA,,,NO CORRESPONDE,NO APLICA,VEHICULO NO IDENTIFICADO,CAÍDA DE PASAJERO,25/11/2022,2022,NOVIEMBRE,VIERNES,11,NO CORRESPONDE,AVENIDA
A-2022-11-163,V-2022-11-163-1,LIMA,LIMA,VILLA MARIA DEL TRIUNFO,IDENTIFICADO,NO HABILITADO,PARTICULAR,PERSONAS,NO SE CONOCE,SI,VIGENTE,SOAT,LA POSITIVA,NO,NO REGISTRA,MOTOCICLETA,ATROPELLO,25/11/2022,2022,NOVIEMBRE,VIERNES,15,NO CORRESPONDE,CALLE
A-2022-11-234,V-2022-11-234-1,LIMA,LIMA,LOS OLIVOS,IDENTIFICADO,NO CORRESPONDE,PARTICULAR,PERSONAS,NO SE CONOCE,SI,VIGENTE,SOAT,LA POSITIVA,NO CORRESPONDE,NO APLICA,AUTOMÓVIL,DESPISTE,26/11/2022,2022,NOVIEMBRE,SÁBADO,7,NO CORRESPONDE,AVENIDA
A-2022-11-153,V-2022-11-153-1,LIMA,LIMA,ANCON,IDENTIFICADO,NO HABILITADO,PARTICULAR,PERSONAS,NO SE CONOCE,SI,VIGENTE,SOAT,LA POSITIVA,NO,NO REGISTRA,MOTOCICLETA,DESPISTE,27/11/2022,2022,NOVIEMBRE,DOMINGO,5,NO CORRESPONDE,CALLE
A-2022-11-122,V-2022-11-122-1,CALLAO,CALLAO,VENTANILLA,IDENTIFICADO,HABILITADO,PARTICULAR,CARGA Y/O MERCANCÍAS,NO SE CONOCE,SI,VIGENTE,SOAT,MAPFRE,NO,NO REGISTRA,AUTOMÓVIL,ATROPELLO,27/11/2022,2022,NOVIEMBRE,DOMINGO,10,NO CORRESPONDE,CALLE
A-2022-11-152,V-2022-11-152-1,LIMA,LIMA,SAN BORJA,IDENTIFICADO,NO HABILITADO,PARTICULAR,PERSONAS,NO SE CONOCE,SI,VIGENTE,SOAT,LA POSITIVA,NO,NO REGISTRA,MOTOCICLETA,DESPISTE,27/11/2022,2022,NOVIEMBRE,DOMINGO,15,NO CORRESPONDE,AVENIDA
A-2022-11-154,V-2022-11-154-1,LIMA,LIMA,SAN MARTIN DE PORRES,IDENTIFICADO,NO HABILITADO,PARTICULAR,PERSONAS,NO SE CONOCE,SI,VENCIDO,SOAT,LA POSITIVA,NO,NO REGISTRA,MOTOCICLETA,DESPISTE,28/11/2022,2022,NOVIEMBRE,LUNES,5,PE-1N,CARRETERA
A-2022-11-237,V-2022-11-237-1,LIMA,LIMA,SANTIAGO DE SURCO,IDENTIFICADO,NO CORRESPONDE,PARTICULAR,PERSONAS,NO SE CONOCE,SI,VENCIDO,SOAT,LA POSITIVA,NO,NO REGISTRA,MOTOCICLETA,DESPISTE,30/11/2022,2022,NOVIEMBRE,MIÉRCOLES,3,PE-1S,CARRETERA
A-2022-11-237,V-2022-11-237-2,LIMA,LIMA,SANTIAGO DE SURCO,IDENTIFICADO,NO CORRESPONDE,PARTICULAR,PERSONAS,NO SE CONOCE,SI,VENCIDO,SOAT,INTERSEGURO,SI,VIGENTE,CAMIONETA PANEL,DESPISTE,30/11/2022,2022,NOVIEMBRE,MIÉRCOLES,3,PE-1S,CARRETERA
A-2022-12-147,V-2022-12-147-1,LIMA,LIMA,ATE,IDENTIFICADO,NO HABILITADO,PARTICULAR,PERSONAS,NO SE CONOCE,SI,VENCIDO,SOAT,LA POSITIVA,NO,NO REGISTRA,MOTOCICLETA,CHOQUE,02/12/2022,2022,DICIEMBRE,VIERNES,8,PE-22,CARRETERA
A-2022-12-147,V-2022-12-147-2,LIMA,LIMA,ATE,IDENTIFICADO,HABILITADO,CARGA,CARGA Y/O MERCANCÍAS,NACIONAL,SI,VENCIDO,SOAT,PACIFICO,SI,VIGENTE,REMOLCADOR-SEMIREMOLQUE,CHOQUE,02/12/2022,2022,DICIEMBRE,VIERNES,8,PE-22,CARRETERA
A-2022-12-135,V-2022-12-135-1,LIMA,LIMA,LURIGANCHO,IDENTIFICADO,HABILITADO,PARTICULAR,PERSONAS,NO SE CONOCE,SI,VIGENTE,SOAT,MAPFRE,NO CORRESPONDE,NO APLICA,MOTOCICLETA,DESPISTE,02/12/2022,2022,DICIEMBRE,VIERNES,22,PE-22,CARRETERA
A-2022-12-136,V-2022-12-136-1,LIMA,LIMA,CARABAYLLO,IDENTIFICADO,HABILITADO,CARGA,CARGA Y/O MERCANCÍAS,NACIONAL,SI,VIGENTE,SOAT,LA POSITIVA,SI,VIGENTE,REMOLCADOR,ATROPELLO,03/12/2022,2022,DICIEMBRE,SÁBADO,7,NO CORRESPONDE,AVENIDA
A-2022-12-137,V-2022-12-137-1,LIMA,LIMA,LURIN,IDENTIFICADO,HABILITADO,PUBLICO URBANO,PERSONAS,PROVINCIAL,SI,VIGENTE,SOAT,LA POSITIVA,SI,VIGENTE,CAMIONETA RURAL,ATROPELLO,03/12/2022,2022,DICIEMBRE,SÁBADO,12,NO CORRESPONDE,AVENIDA
A-2022-12-148,V-2022-12-148-1,LIMA,LIMA,MIRAFLORES,IDENTIFICADO,NO HABILITADO,PARTICULAR,PERSONAS,NO SE CONOCE,SI,VIGENTE,SOAT,MAPFRE,NO,NO REGISTRA,MOTOCICLETA,DESPISTE,04/12/2022,2022,DICIEMBRE,DOMINGO,2,NO CORRESPONDE,OTRO
A-2022-12-110,V-2022-12-110-1,CALLAO,CALLAO,CALLAO,IDENTIFICADO,HABILITADO,PARTICULAR,CARGA Y/O MERCANCÍAS,NO SE CONOCE,SI,VIGENTE,SOAT,INTERSEGURO,NO,NO REGISTRA,AUTOMÓVIL,ATROPELLO,04/12/2022,2022,DICIEMBRE,DOMINGO,19,NO CORRESPONDE,AVENIDA
A-2022-12-138,V-2022-12-138-1,LIMA,LIMA,LURIGANCHO,IDENTIFICADO,NO HABILITADO,SERVICIO ESPECIAL DE PASAJEROS,PERSONAS,PROVINCIAL,NO,NO REGISTRA,,,SI,VENCIDO,TRIMOTO PASAJERO,DESPISTE,05/12/2022,2022,DICIEMBRE,LUNES,18,NO CORRESPONDE,AVENIDA
A-2022-12-149,V-2022-12-149-1,LIMA,LIMA,PACHACAMAC,IDENTIFICADO,NO HABILITADO,TAXI,,,SI,VIGENTE,SOAT,INTERSEGURO,SI,VENCIDO,AUTOMÓVIL,ATROPELLO,05/12/2022,2022,DICIEMBRE,LUNES,20,LM-796,CARRETERA
A-2022-12-139,V-2022-12-139-1,LIMA,LIMA,SAN MARTIN DE PORRES,IDENTIFICADO,NO HABILITADO,PARTICULAR,PERSONAS,NO SE CONOCE,SI,VIGENTE,SOAT,LA POSITIVA,NO,NO REGISTRA,MOTOCICLETA,DESPISTE,05/12/2022,2022,DICIEMBRE,LUNES,23,NO CORRESPONDE,AVENIDA
A-2022-12-140,V-2022-12-140-1,LIMA,LIMA,MIRAFLORES,IDENTIFICADO,NO HABILITADO,PARTICULAR,PERSONAS,NO SE CONOCE,SI,VIGENTE,SOAT,LA POSITIVA,NO,NO REGISTRA,MOTOCICLETA,DESPISTE,06/12/2022,2022,DICIEMBRE,MARTES,10,NO CORRESPONDE,OTRO
A-2022-12-150,V-2022-12-150-1,LIMA,LIMA,SAN ISIDRO,IDENTIFICADO,HABILITADO,PUBLICO URBANO,,,SI,VENCIDO,SOAT,RIMAC,SI,VIGENTE,ÓMNIBUS,ATROPELLO,06/12/2022,2022,DICIEMBRE,MARTES,11,NO CORRESPONDE,AVENIDA
A-2022-12-150,V-2022-12-150-2,LIMA,LIMA,SAN ISIDRO,IDENTIFICADO,HABILITADO,PUBLICO URBANO,,,SI,VENCIDO,SOAT,LA POSITIVA,SI,VIGENTE,CAMIONETA RURAL,ATROPELLO,06/12/2022,2022,DICIEMBRE,MARTES,11,NO CORRESPONDE,AVENIDA
A-2022-12-150,V-2022-12-150-3,LIMA,LIMA,SAN ISIDRO,IDENTIFICADO,HABILITADO,CARGA,,,SI,VENCIDO,SOAT,LA POSITIVA,SI,VIGENTE,REMOLCADOR,ATROPELLO,06/12/2022,2022,DICIEMBRE,MARTES,11,NO CORRESPONDE,AVENIDA
A-2022-12-141,V-2022-12-141-1,LIMA,LIMA,CHORRILLOS,IDENTIFICADO,NO HABILITADO,PARTICULAR,PERSONAS,NO SE CONOCE,SI,VIGENTE,SOAT,LA POSITIVA,NO,NO REGISTRA,MOTOCICLETA,DESPISTE,08/12/2022,2022,DICIEMBRE,JUEVES,4,NO CORRESPONDE,AVENIDA
A-2022-12-142,V-2022-12-142-1,LIMA,LIMA,LIMA,IDENTIFICADO,HABILITADO,PARTICULAR,PERSONAS,NO SE CONOCE,SI,VIGENTE,SOAT,MAPFRE,SI,VIGENTE,AUTOMÓVIL,DESPISTE,10/12/2022,2022,DICIEMBRE,SÁBADO,10,NO CORRESPONDE,JIRÓN
A-2022-12-133,V-2022-12-133-1,CALLAO,CALLAO,CALLAO,IDENTIFICADO,HABILITADO,PARTICULAR,PERSONAS,NO SE CONOCE,SI,VIGENTE,SOAT,LA POSITIVA,NO CORRESPONDE,NO APLICA,MOTOCICLETA,CHOQUE CON OBJETO FIJO,10/12/2022,2022,DICIEMBRE,SÁBADO,14,PE-20B,CARRETERA
A-2022-12-151,V-2022-12-151-1,LIMA,LIMA,SAN JUAN DE MIRAFLORES,ESTACIONADO,HABILITADO,PARTICULAR,,,SI,VIGENTE,SOAT,INTERSEGURO,SI,VIGENTE,AUTOMÓVIL,ATROPELLO FUGA,10/12/2022,2022,DICIEMBRE,SÁBADO,23,PE-1S,CARRETERA
A-2022-12-151,V-2022-12-151-2,LIMA,LIMA,SAN JUAN DE MIRAFLORES,FUGADO,NO CORRESPONDE,NO CORRESPONDE,,,NO CORRESPONDE,VIGENTE,,,NO CORRESPONDE,NO APLICA,VEHICULO NO IDENTIFICADO,ATROPELLO FUGA,10/12/2022,2022,DICIEMBRE,SÁBADO,23,PE-1S,CARRETERA
A-2022-12-143,V-2022-12-143-1,LIMA,LIMA,LURIGANCHO,IDENTIFICADO,HABILITADO,REGULAR(INTERPROVINCIAL),PERSONAS,NACIONAL,SI,VIGENTE,SOAT,RIMAC,SI,VIGENTE,ÓMNIBUS,ATROPELLO,11/12/2022,2022,DICIEMBRE,DOMINGO,0,PE-22,CARRETERA
A-2022-12-144,V-2022-12-144-1,LIMA,LIMA,COMAS,IDENTIFICADO,HABILITADO,PARTICULAR,PERSONAS,NO SE CONOCE,SI,VIGENTE,SOAT,RIMAC,SI,VIGENTE,AUTOMÓVIL,ATROPELLO,11/12/2022,2022,DICIEMBRE,DOMINGO,12,PE-1N,CARRETERA
A-2022-12-152,V-2022-12-152-1,LIMA,LIMA,SAN MARTIN DE PORRES,IDENTIFICADO,HABILITADO,PARTICULAR,PERSONAS,NO SE CONOCE,SI,VIGENTE,SOAT,LA POSITIVA,NO CORRESPONDE,NO APLICA,MOTOCICLETA,ATROPELLO,12/12/2022,2022,DICIEMBRE,LUNES,18,NO CORRESPONDE,AVENIDA
A-2022-12-153,V-2022-12-153-1,LIMA,LIMA,SAN MARTIN DE PORRES,IDENTIFICADO,HABILITADO,CARGA,CARGA Y/O MERCANCÍAS,NACIONAL,SI,VIGENTE,SOAT,LA POSITIVA,SI,VIGENTE,CAMIÓN,ATROPELLO,13/12/2022,2022,DICIEMBRE,MARTES,13,NO CORRESPONDE,AVENIDA
A-2022-12-154,V-2022-12-154-1,LIMA,LIMA,LOS OLIVOS,FUGADO,NO CORRESPONDE,NO CORRESPONDE,,,NO CORRESPONDE,NO APLICA,,,NO CORRESPONDE,NO APLICA,VEHICULO NO IDENTIFICADO,ATROPELLO FUGA,13/12/2022,2022,DICIEMBRE,MARTES,21,NO CORRESPONDE,AVENIDA
A-2022-12-230,V-2022-12-230-1,LIMA,LIMA,COMAS,IDENTIFICADO,NO CORRESPONDE,SERVICIO ESPECIAL DE PASAJEROS,PERSONAS,DISTRITAL,NO,NO REGISTRA,,,NO,NO REGISTRA,TRIMOTO PASAJERO,ATROPELLO,15/12/2022,2022,DICIEMBRE,JUEVES,21,NO CORRESPONDE,AVENIDA
A-2022-12-155,V-2022-12-155-1,LIMA,LIMA,LURIN,FUGADO,NO CORRESPONDE,NO CORRESPONDE,,,NO CORRESPONDE,NO APLICA,,,NO CORRESPONDE,NO APLICA,VEHICULO NO IDENTIFICADO,ATROPELLO FUGA,18/12/2022,2022,DICIEMBRE,DOMINGO,3,PE-1S,CARRETERA
A-2022-12-231,V-2022-12-231-1,LIMA,LIMA,LURIGANCHO,IDENTIFICADO,NO CORRESPONDE,OTRO,CARGA Y/O MERCANCÍAS,NO SE CONOCE,NO,NO REGISTRA,,,NO,NO REGISTRA,OTRO,ESPECIAL,18/12/2022,2022,DICIEMBRE,DOMINGO,7,NO CORRESPONDE,AUTOPISTA
A-2022-12-156,V-2022-12-156-1,LIMA,LIMA,PUENTE PIEDRA,IDENTIFICADO,HABILITADO,PARTICULAR,PERSONAS,NO SE CONOCE,SI,VIGENTE,SOAT,LA POSITIVA,NO CORRESPONDE,NO APLICA,MOTOCICLETA,DESPISTE,19/12/2022,2022,DICIEMBRE,LUNES,2,PE-1N,CARRETERA
A-2022-12-157,V-2022-12-157-1,LIMA,LIMA,PUENTE PIEDRA,IDENTIFICADO,HABILITADO,PARTICULAR,PERSONAS,NO SE CONOCE,SI,VIGENTE,SOAT,LA POSITIVA,NO,NO REGISTRA,MOTOCICLETA,VOLCADURA,19/12/2022,2022,DICIEMBRE,LUNES,9,PE-1N,CARRETERA
A-2022-12-157,V-2022-12-157-2,LIMA,LIMA,PUENTE PIEDRA,IDENTIFICADO,HABILITADO,MATERIALES PELIGROSOS,CARGA Y/O MERCANCÍAS,NACIONAL,SI,VIGENTE,SOAT,LA POSITIVA,SI,VIGENTE,REMOLCADOR-SEMIREMOLQUE,VOLCADURA,19/12/2022,2022,DICIEMBRE,LUNES,9,PE-1N,CARRETERA
A-2022-12-158,V-2022-12-158-1,LIMA,LIMA,SAN MARTIN DE PORRES,IDENTIFICADO,NO HABILITADO,PARTICULAR,PERSONAS,NO SE CONOCE,SI,VIGENTE,SOAT,INTERSEGURO,NO,NO REGISTRA,MOTOCICLETA,ATROPELLO,19/12/2022,2022,DICIEMBRE,LUNES,22,NO CORRESPONDE,AVENIDA
A-2022-12-159,V-2022-12-159-1,LIMA,LIMA,LURIGANCHO,FUGADO,NO CORRESPONDE,NO CORRESPONDE,,,NO CORRESPONDE,NO APLICA,,,NO CORRESPONDE,NO APLICA,VEHICULO NO IDENTIFICADO,ATROPELLO FUGA,19/12/2022,2022,DICIEMBRE,LUNES,23,NO CORRESPONDE,AVENIDA
A-2022-12-162,V-2022-12-162-1,LIMA,LIMA,RIMAC,IDENTIFICADO,NO HABILITADO,PARTICULAR,PERSONAS,NO SE CONOCE,SI,VIGENTE,SOAT,INTERSEGURO,NO,NO REGISTRA,MOTOCICLETA,VOLCADURA,20/12/2022,2022,DICIEMBRE,MARTES,6,PE-1N,CARRETERA
A-2022-12-160,V-2022-12-160-1,LIMA,LIMA,CARABAYLLO,FUGADO,NO CORRESPONDE,NO CORRESPONDE,,,NO CORRESPONDE,NO APLICA,,,NO CORRESPONDE,NO APLICA,VEHICULO NO IDENTIFICADO,ATROPELLO FUGA,20/12/2022,2022,DICIEMBRE,MARTES,11,NO CORRESPONDE,AVENIDA
A-2022-12-161,V-2022-12-161-1,LIMA,LIMA,PUCUSANA,IDENTIFICADO,HABILITADO,PARTICULAR,PERSONAS,NO SE CONOCE,SI,VIGENTE,SOAT,PROTECTA,SI,VIGENTE,AUTOMÓVIL,ATROPELLO,20/12/2022,2022,DICIEMBRE,MARTES,14,PE-1S,CARRETERA
A-2022-12-163,V-2022-12-163-1,LIMA,LIMA,JESUS MARIA,IDENTIFICADO,HABILITADO,CARGA,CARGA Y/O MERCANCÍAS,NACIONAL,SI,VIGENTE,SOAT,RIMAC,SI,VIGENTE,CAMIÓN,ATROPELLO,21/12/2022,2022,DICIEMBRE,MIÉRCOLES,7,NO CORRESPONDE,AVENIDA
A-2022-12-164,V-2022-12-164-1,LIMA,LIMA,PUENTE PIEDRA,FUGADO,NO CORRESPONDE,NO CORRESPONDE,,,NO CORRESPONDE,NO APLICA,,,NO CORRESPONDE,NO APLICA,VEHICULO NO IDENTIFICADO,ATROPELLO FUGA,21/12/2022,2022,DICIEMBRE,MIÉRCOLES,19,PE-20,CARRETERA
A-2022-12-165,V-2022-12-165-1,LIMA,LIMA,LURIN,IDENTIFICADO,HABILITADO,PARTICULAR,PERSONAS,NO SE CONOCE,SI,VIGENTE,SOAT,INTERSEGURO,SI,VIGENTE,AUTOMÓVIL,CHOQUE,21/12/2022,2022,DICIEMBRE,MIÉRCOLES,22,PE-1S,CARRETERA
A-2022-12-165,V-2022-12-165-2,LIMA,LIMA,LURIN,IDENTIFICADO,HABILITADO,PUBLICO URBANO,PERSONAS,PROVINCIAL,SI,VIGENTE,SOAT,LA POSITIVA,SI,VIGENTE,ÓMNIBUS,CHOQUE,21/12/2022,2022,DICIEMBRE,MIÉRCOLES,22,PE-1S,CARRETERA
A-2022-12-167,V-2022-12-167-1,LIMA,LIMA,ATE,IDENTIFICADO,NO HABILITADO,PARTICULAR,PERSONAS,NO SE CONOCE,SI,VIGENTE,SOAT,INTERSEGURO,NO,NO REGISTRA,CAMIONETA RURAL,DESPISTE,22/12/2022,2022,DICIEMBRE,JUEVES,13,NO CORRESPONDE,AVENIDA
A-2022-12-134,V-2022-12-134-1,CALLAO,CALLAO,CALLAO,FUGADO,NO CORRESPONDE,NO CORRESPONDE,,NO SE CONOCE,NO CORRESPONDE,NO APLICA,,,NO CORRESPONDE,NO APLICA,VEHICULO NO IDENTIFICADO,ATROPELLO FUGA,23/12/2022,2022,DICIEMBRE,VIERNES,16,NO CORRESPONDE,AVENIDA
A-2022-12-166,V-2022-12-166-1,LIMA,LIMA,COMAS,IDENTIFICADO,NO HABILITADO,PARTICULAR,PERSONAS,NO SE CONOCE,SI,VIGENTE,SOAT,LA POSITIVA,NO,NO REGISTRA,AUTOMÓVIL,ATROPELLO,23/12/2022,2022,DICIEMBRE,VIERNES,23,NO CORRESPONDE,AVENIDA
A-2022-12-169,V-2022-12-169-1,LIMA,LIMA,SANTIAGO DE SURCO,FUGADO,NO CORRESPONDE,NO CORRESPONDE,,,NO CORRESPONDE,NO APLICA,,,NO CORRESPONDE,NO APLICA,VEHICULO NO IDENTIFICADO,ATROPELLO FUGA,25/12/2022,2022,DICIEMBRE,DOMINGO,2,PE-1S,CARRETERA
A-2022-12-170,V-2022-12-170-1,LIMA,LIMA,BARRANCO,IDENTIFICADO,NO HABILITADO,PARTICULAR,PERSONAS,NO SE CONOCE,SI,VIGENTE,SOAT,RIMAC,NO,NO REGISTRA,MOTOCICLETA,DESPISTE,25/12/2022,2022,DICIEMBRE,DOMINGO,7,NO CORRESPONDE,AUTOPISTA
A-2022-12-168,V-2022-12-168-1,LIMA,LIMA,LIMA,IDENTIFICADO,HABILITADO,PUBLICO URBANO,PERSONAS,PROVINCIAL,SI,VIGENTE,SOAT,LA POSITIVA,SI,VIGENTE,MINIBUS,CHOQUE,25/12/2022,2022,DICIEMBRE,DOMINGO,16,NO CORRESPONDE,AVENIDA
A-2022-12-168,V-2022-12-168-2,LIMA,LIMA,LIMA,IDENTIFICADO,NO HABILITADO,SERVICIO ESPECIAL DE PASAJEROS,PERSONAS,PROVINCIAL,NO,VIGENTE,,,NO,NO REGISTRA,TRIMOTO PASAJERO,CHOQUE,25/12/2022,2022,DICIEMBRE,DOMINGO,16,NO CORRESPONDE,AVENIDA
A-2022-12-171,V-2022-12-171-1,LIMA,LIMA,SAN JUAN DE LURIGANCHO,IDENTIFICADO,HABILITADO,PARTICULAR,PERSONAS,NO SE CONOCE,SI,VIGENTE,SOAT,LA POSITIVA,NO CORRESPONDE,NO APLICA,MOTOCICLETA,ATROPELLO,26/12/2022,2022,DICIEMBRE,LUNES,14,NO CORRESPONDE,AVENIDA
A-2022-12-131,V-2022-12-131-1,CALLAO,CALLAO,CALLAO,IDENTIFICADO,HABILITADO,PARTICULAR,CARGA Y/O MERCANCÍAS,NO SE CONOCE,SI,VIGENTE,SOAT,INTERSEGURO,NO ESPECIFICA,NO REGISTRA,REMOLCADOR-SEMIREMOLQUE,CHOQUE,26/12/2022,2022,DICIEMBRE,LUNES,15,PE-20,CARRETERA
A-2022-12-131,V-2022-12-131-2,CALLAO,CALLAO,CALLAO,IDENTIFICADO,HABILITADO,PARTICULAR,CARGA Y/O MERCANCÍAS,NO SE CONOCE,SI,VIGENTE,SOAT,RIMAC,NO ESPECIFICA,NO REGISTRA,REMOLCADOR-SEMIREMOLQUE,CHOQUE,26/12/2022,2022,DICIEMBRE,LUNES,15,PE-20,CARRETERA
A-2022-12-172,V-2022-12-172-1,LIMA,LIMA,SAN MARTIN DE PORRES,FUGADO,NO CORRESPONDE,NO CORRESPONDE,,,NO CORRESPONDE,NO APLICA,,,NO CORRESPONDE,NO APLICA,VEHICULO NO IDENTIFICADO,ATROPELLO FUGA,29/12/2022,2022,DICIEMBRE,JUEVES,9,PE-1N,CARRETERA
A-2022-12-232,V-2022-12-232-1,LIMA,LIMA,ATE,IDENTIFICADO,HABILITADO,CARGA,CARGA Y/O MERCANCÍAS,NACIONAL,SI,VIGENTE,SOAT,RIMAC,SI,VIGENTE,REMOLCADOR-SEMIREMOLQUE,CHOQUE,30/12/2022,2022,DICIEMBRE,VIERNES,2,PE-1S,CARRETERA
A-2022-12-232,V-2022-12-232-2,LIMA,LIMA,ATE,IDENTIFICADO,NO HABILITADO,CARGA,CARGA Y/O MERCANCÍAS,NACIONAL,NO,VIGENTE,,,SI,VIGENTE,CAMIONETA PICK UP,CHOQUE,30/12/2022,2022,DICIEMBRE,VIERNES,2,PE-1S,CARRETERA
A-2022-12-215,V-2022-12-215-1,LIMA,LIMA,ANCON,FUGADO,NO CORRESPONDE,NO CORRESPONDE,,,NO CORRESPONDE,NO APLICA,,,NO CORRESPONDE,NO APLICA,VEHICULO NO IDENTIFICADO,ATROPELLO FUGA,31/12/2022,2022,DICIEMBRE,SÁBADO,23,PE-1N,CARRETERA
A-2022-12-229,V-2022-12-229-1,LIMA,LIMA,ANCON,FUGADO,NO CORRESPONDE,NO CORRESPONDE,,,NO CORRESPONDE,NO APLICA,,,NO CORRESPONDE,NO APLICA,VEHICULO NO IDENTIFICADO,ATROPELLO FUGA,31/12/2022,2022,DICIEMBRE,SÁBADO,23,PE-1N,CARRETERA
A-2023-01-130,V-2023-01-130-1,LIMA,LIMA,LURIGANCHO,IDENTIFICADO,HABILITADO,CARGA,CARGA Y/O MERCANCÍAS,NACIONAL,SI,VIGENTE,SOAT,RIMAC,NO,NO REGISTRA,CAMIÓN,CHOQUE,01/01/2023,2023,ENERO,DOMINGO,4,PE-22,CARRETERA
A-2023-01-130,V-2023-01-130-2,LIMA,LIMA,LURIGANCHO,IDENTIFICADO,HABILITADO,PARTICULAR,PERSONAS,NO SE CONOCE,SI,VIGENTE,SOAT,INTERSEGURO,NO CORRESPONDE,NO APLICA,MOTOCICLETA,CHOQUE,01/01/2023,2023,ENERO,DOMINGO,4,PE-22,CARRETERA
A-2023-01-131,V-2023-01-131-1,LIMA,LIMA,CHORRILLOS,IDENTIFICADO,HABILITADO,PARTICULAR,PERSONAS,NO SE CONOCE,SI,VIGENTE,SOAT,LA POSITIVA,NO,NO REGISTRA,MOTOCICLETA,CHOQUE,01/01/2023,2023,ENERO,DOMINGO,10,NO CORRESPONDE,AVENIDA
A-2023-01-131,V-2023-01-131-2,LIMA,LIMA,CHORRILLOS,IDENTIFICADO,NO HABILITADO,SERVICIO ESPECIAL DE PASAJEROS,PERSONAS,DISTRITAL,NO,VIGENTE,,,NO,NO REGISTRA,TRIMOTO PASAJERO,CHOQUE,01/01/2023,2023,ENERO,DOMINGO,10,NO CORRESPONDE,AVENIDA
A-2023-01-157,V-2023-01-157-1,LIMA,LIMA,RIMAC,FUGADO,NO CORRESPONDE,NO CORRESPONDE,,,NO CORRESPONDE,NO APLICA,,,NO CORRESPONDE,NO APLICA,VEHICULO NO IDENTIFICADO,ATROPELLO FUGA,02/01/2023,2023,ENERO,LUNES,0,PE-1N,CARRETERA
A-2023-01-132,V-2023-01-132-1,LIMA,LIMA,SAN JUAN DE MIRAFLORES,IDENTIFICADO,HABILITADO,CARGA,CARGA Y/O MERCANCÍAS,NACIONAL,SI,VIGENTE,SOAT,RIMAC,SI,VIGENTE,REMOLCADOR,ATROPELLO,02/01/2023,2023,ENERO,LUNES,3,PE-1S,CARRETERA
A-2023-01-136,V-2023-01-136-1,LIMA,LIMA,PUENTE PIEDRA,IDENTIFICADO,HABILITADO,CARGA,CARGA Y/O MERCANCÍAS,NACIONAL,SI,VIGENTE,SOAT,LA POSITIVA,SI,VIGENTE,REMOLCADOR-SEMIREMOLQUE,CHOQUE,02/01/2023,2023,ENERO,LUNES,4,PE-1N,CARRETERA
A-2023-01-136,V-2023-01-136-2,LIMA,LIMA,PUENTE PIEDRA,IDENTIFICADO,NO CORRESPONDE,PARTICULAR,PERSONAS,NO SE CONOCE,SI,VIGENTE,SOAT,LA POSITIVA,NO,NO REGISTRA,MOTOCICLETA,CHOQUE,02/01/2023,2023,ENERO,LUNES,4,PE-1N,CARRETERA
A-2023-01-133,V-2023-01-133-1,LIMA,LIMA,COMAS,IDENTIFICADO,HABILITADO,PARTICULAR,PERSONAS,NO SE CONOCE,SI,VIGENTE,SOAT,INTERSEGURO,SI,VIGENTE,AUTOMÓVIL,ATROPELLO,03/01/2023,2023,ENERO,MARTES,11,NO CORRESPONDE,JIRÓN
A-2023-01-134,V-2023-01-134-1,LIMA,LIMA,SANTIAGO DE SURCO,IDENTIFICADO,HABILITADO,PUBLICO URBANO,PERSONAS,PROVINCIAL,SI,VIGENTE,SOAT,LA POSITIVA,SI,VIGENTE,ÓMNIBUS,CHOQUE,04/01/2023,2023,ENERO,MIÉRCOLES,4,PE-1S,CARRETERA
A-2023-01-134,V-2023-01-134-2,LIMA,LIMA,SANTIAGO DE SURCO,IDENTIFICADO,NO CORRESPONDE,PARTICULAR,PERSONAS,NO SE CONOCE,SI,VIGENTE,SOAT,LA POSITIVA,NO,NO REGISTRA,MOTOCICLETA,CHOQUE,04/01/2023,2023,ENERO,MIÉRCOLES,4,PE-1S,CARRETERA
A-2023-01-347,V-2023-01-347-1,LIMA,LIMA,CARABAYLLO,IDENTIFICADO,HABILITADO,TAXI,PERSONAS,PROVINCIAL,SI,VIGENTE,SOAT,RIMAC,NO,NO REGISTRA,AUTOMÓVIL,ATROPELLO,07/01/2023,2023,ENERO,SÁBADO,4,NO CORRESPONDE,AVENIDA
A-2023-01-135,V-2023-01-135-1,LIMA,LIMA,CIENEGUILLA,IDENTIFICADO,HABILITADO,CARGA,CARGA Y/O MERCANCÍAS,NACIONAL,SI,VIGENTE,SOAT,INTERSEGURO,SI,VIGENTE,CAMIÓN,ATROPELLO,08/01/2023,2023,ENERO,DOMINGO,10,NO CORRESPONDE,AVENIDA
A-2023-01-137,V-2023-01-137-1,LIMA,LIMA,LIMA,IDENTIFICADO,HABILITADO,CARGA,CARGA Y/O MERCANCÍAS,NACIONAL,SI,VIGENTE,SOAT,RIMAC,SI,VIGENTE,REMOLCADOR-SEMIREMOLQUE,CHOQUE,12/01/2023,2023,ENERO,JUEVES,4,NO CORRESPONDE,AVENIDA
A-2023-01-137,V-2023-01-137-2,LIMA,LIMA,LIMA,IDENTIFICADO,NO CORRESPONDE,PARTICULAR,PERSONAS,NO SE CONOCE,SI,VIGENTE,SOAT,INTERSEGURO,NO CORRESPONDE,NO APLICA,AUTOMÓVIL,CHOQUE,12/01/2023,2023,ENERO,JUEVES,4,NO CORRESPONDE,AVENIDA
A-2023-01-348,V-2023-01-348-1,LIMA,LIMA,LOS OLIVOS,IDENTIFICADO,NO CORRESPONDE,PARTICULAR,PERSONAS,NO SE CONOCE,SI,VIGENTE,SOAT,INTERSEGURO,SI,VIGENTE,AUTOMÓVIL,CHOQUE,13/01/2023,2023,ENERO,VIERNES,6,NO CORRESPONDE,AVENIDA
A-2023-01-348,V-2023-01-348-2,LIMA,LIMA,LOS OLIVOS,IDENTIFICADO,HABILITADO,SERVICIO ESPECIAL DE PASAJEROS,PERSONAS,DISTRITAL,NO ESPECIFICA,VIGENTE,,,NO,NO REGISTRA,TRIMOTO PASAJERO,CHOQUE,13/01/2023,2023,ENERO,VIERNES,6,NO CORRESPONDE,AVENIDA
A-2023-01-138,V-2023-01-138-1,LIMA,LIMA,COMAS,IDENTIFICADO,NO CORRESPONDE,PARTICULAR,PERSONAS,NO SE CONOCE,SI,VIGENTE,SOAT,MAPFRE,NO CORRESPONDE,NO APLICA,MOTOCICLETA,DESPISTE,14/01/2023,2023,ENERO,SÁBADO,1,NO CORRESPONDE,AVENIDA
A-2023-01-346,V-2023-01-346-1,LIMA,LIMA,VILLA EL SALVADOR,IDENTIFICADO,HABILITADO,PUBLICO URBANO,PERSONAS,PROVINCIAL,SI,VIGENTE,SOAT,LA POSITIVA,SI,VIGENTE,ÓMNIBUS,CHOQUE,17/01/2023,2023,ENERO,MARTES,12,NO CORRESPONDE,AVENIDA
A-2023-01-346,V-2023-01-346-2,LIMA,LIMA,VILLA EL SALVADOR,IDENTIFICADO,HABILITADO,SERVICIO ESPECIAL DE PASAJEROS,PERSONAS,DISTRITAL,NO,VIGENTE,,,NO,NO REGISTRA,TRIMOTO PASAJERO,CHOQUE,17/01/2023,2023,ENERO,MARTES,12,NO CORRESPONDE,AVENIDA
A-2023-01-139,V-2023-01-139-1,LIMA,LIMA,PUENTE PIEDRA,IDENTIFICADO,HABILITADO,CARGA,CARGA Y/O MERCANCÍAS,NACIONAL,SI,VIGENTE,SOAT,RIMAC,SI,VIGENTE,REMOLCADOR-SEMIREMOLQUE,CAÍDA DE PASAJERO,17/01/2023,2023,ENERO,MARTES,17,PE-1N,CARRETERA
A-2023-01-140,V-2023-01-140-1,LIMA,LIMA,ANCON,IDENTIFICADO,NO CORRESPONDE,PARTICULAR,PERSONAS,NO SE CONOCE,SI,VIGENTE,SOAT,PACIFICO,SI,VIGENTE,AUTOMÓVIL,CHOQUE,17/01/2023,2023,ENERO,MARTES,23,NO CORRESPONDE,CALLE
A-2023-01-140,V-2023-01-140-2,LIMA,LIMA,ANCON,IDENTIFICADO,NO CORRESPONDE,PARTICULAR,PERSONAS,NO SE CONOCE,SI,VIGENTE,SOAT,LA POSITIVA,NO,NO REGISTRA,MOTOCICLETA,CHOQUE,17/01/2023,2023,ENERO,MARTES,23,NO CORRESPONDE,CALLE
A-2023-01-141,V-2023-01-141-1,LIMA,LIMA,SAN MARTIN DE PORRES,FUGADO,NO CORRESPONDE,NO CORRESPONDE,,,NO CORRESPONDE,NO APLICA,,,NO CORRESPONDE,NO APLICA,VEHICULO NO IDENTIFICADO,ATROPELLO FUGA,18/01/2023,2023,ENERO,MIÉRCOLES,6,NO CORRESPONDE,AVENIDA
A-2022-01-345,V-2022-01-345-1,LIMA,LIMA,SAN JUAN DE MIRAFLORES,IDENTIFICADO,HABILITADO,SERVICIO ESPECIAL DE PASAJEROS,PERSONAS,DISTRITAL,NO,NO REGISTRA,,,SI,VENCIDO,TRIMOTO PASAJERO,CHOQUE,18/01/2023,2023,ENERO,MIÉRCOLES,12,NO CORRESPONDE,CALLE
A-2022-01-345,V-2022-01-345-2,LIMA,LIMA,SAN JUAN DE MIRAFLORES,IDENTIFICADO,NO CORRESPONDE,PARTICULAR,PERSONAS,NO SE CONOCE,NO CORRESPONDE,NO REGISTRA,,,NO CORRESPONDE,NO APLICA,BICICLETA,CHOQUE,18/01/2023,2023,ENERO,MIÉRCOLES,12,NO CORRESPONDE,CALLE
A-2023-01-143,V-2023-01-143-1,LIMA,LIMA,COMAS,FUGADO,NO CORRESPONDE,NO CORRESPONDE,,,NO CORRESPONDE,NO APLICA,,,NO CORRESPONDE,NO APLICA,VEHICULO NO IDENTIFICADO,ATROPELLO FUGA,18/01/2023,2023,ENERO,MIÉRCOLES,23,NO CORRESPONDE,AVENIDA
A-2023-01-143,V-2023-01-143-2,LIMA,LIMA,COMAS,IDENTIFICADO,NO CORRESPONDE,PARTICULAR,PERSONAS,NO SE CONOCE,SI,NO APLICA,SOAT,INTERSEGURO,NO,NO REGISTRA,AUTOMÓVIL,ATROPELLO FUGA,18/01/2023,2023,ENERO,MIÉRCOLES,23,NO CORRESPONDE,AVENIDA
A-2023-01-144,V-2023-01-144-1,LIMA,LIMA,SANTIAGO DE SURCO,IDENTIFICADO,NO CORRESPONDE,PARTICULAR,PERSONAS,NO SE CONOCE,SI,VIGENTE,SOAT,PROTECTA,SI,VIGENTE,AUTOMÓVIL,ATROPELLO,19/01/2023,2023,ENERO,JUEVES,5,PE-1S,CARRETERA
A-2023-01-144,V-2023-01-144-2,LIMA,LIMA,SANTIAGO DE SURCO,IDENTIFICADO,NO CORRESPONDE,PARTICULAR,PERSONAS,NO SE CONOCE,SI,VIGENTE,SOAT,PACIFICO,NO,NO REGISTRA,CAMIONETA RURAL,ATROPELLO,19/01/2023,2023,ENERO,JUEVES,5,PE-1S,CARRETERA
A-2023-01-142,V-2023-01-142-1,LIMA,LIMA,VILLA EL SALVADOR,IDENTIFICADO,HABILITADO,PUBLICO URBANO,PERSONAS,PROVINCIAL,SI,VIGENTE,SOAT,RIMAC,SI,VIGENTE,ÓMNIBUS,ATROPELLO,19/01/2023,2023,ENERO,JUEVES,6,NO CORRESPONDE,AVENIDA
A-2023-01-147,V-2023-01-147-1,LIMA,LIMA,LURIGANCHO,IDENTIFICADO,NO CORRESPONDE,PARTICULAR,PERSONAS,NO SE CONOCE,NO,NO REGISTRA,,,NO,NO REGISTRA,MOTOCICLETA,DESPISTE,21/01/2023,2023,ENERO,SÁBADO,1,PE-22,CARRETERA
A-2023-01-146,V-2023-01-146-1,LIMA,LIMA,SANTIAGO DE SURCO,IDENTIFICADO,NO CORRESPONDE,PARTICULAR,PERSONAS,NO SE CONOCE,SI,VIGENTE,SOAT,LA POSITIVA,SI,VIGENTE,AUTOMÓVIL,DESPISTE,21/01/2023,2023,ENERO,SÁBADO,2,PE-1S,CARRETERA
A-2023-01-145,V-2023-01-145-1,LIMA,LIMA,CHORRILLOS,IDENTIFICADO,NO CORRESPONDE,PARTICULAR,PERSONAS,NO SE CONOCE,NO,NO REGISTRA,,,NO,NO REGISTRA,MOTOCICLETA,CHOQUE,21/01/2023,2023,ENERO,SÁBADO,6,NO CORRESPONDE,AVENIDA
A-2023-01-145,V-2023-01-145-2,LIMA,LIMA,CHORRILLOS,IDENTIFICADO,NO HABILITADO,TAXI,PERSONAS,PROVINCIAL,SI,NO REGISTRA,SOAT,MAPFRE,NO,NO REGISTRA,AUTOMÓVIL,CHOQUE,21/01/2023,2023,ENERO,SÁBADO,6,NO CORRESPONDE,AVENIDA
A-2023-01-148,V-2023-01-148-1,LIMA,LIMA,SAN MARTIN DE PORRES,IDENTIFICADO,NO CORRESPONDE,PARTICULAR,PERSONAS,NO SE CONOCE,SI,VIGENTE,SOAT,LA POSITIVA,NO,NO REGISTRA,MOTOCICLETA,CAÍDA DE PASAJERO,21/01/2023,2023,ENERO,SÁBADO,19,NO CORRESPONDE,CALLE
A-2023-01-149,V-2023-01-149-1,LIMA,LIMA,ANCON,IDENTIFICADO,HABILITADO,REGULAR(INTERPROVINCIAL),PERSONAS,NACIONAL,SI,VIGENTE,SOAT,RIMAC,SI,VIGENTE,ÓMNIBUS,ATROPELLO,22/01/2023,2023,ENERO,DOMINGO,6,PE-1N,CARRETERA
A-2023-01-151,V-2023-01-151-1,LIMA,LIMA,COMAS,IDENTIFICADO,NO HABILITADO,TAXI,PERSONAS,PROVINCIAL,NO ESPECIFICA,NO REGISTRA,,,SI,VIGENTE,STATION WAGON,ATROPELLO,22/01/2023,2023,ENERO,DOMINGO,22,NO CORRESPONDE,AVENIDA
A-2023-01-150,V-2023-01-150-1,LIMA,LIMA,COMAS,IDENTIFICADO,NO CORRESPONDE,PARTICULAR,PERSONAS,NO SE CONOCE,NO,NO REGISTRA,,,NO,NO REGISTRA,MOTOCICLETA,DESPISTE,23/01/2023,2023,ENERO,LUNES,1,NO CORRESPONDE,JIRÓN
A-2023-01-152,V-2023-01-152-1,LIMA,LIMA,SAN ISIDRO,IDENTIFICADO,NO CORRESPONDE,CARGA,CARGA Y/O MERCANCÍAS,NO SE CONOCE,SI,VIGENTE,SOAT,RIMAC,NO CORRESPONDE,NO APLICA,CAMIONETA PICK UP,ATROPELLO,25/01/2023,2023,ENERO,MIÉRCOLES,7,NO CORRESPONDE,AVENIDA
A-2023-01-153,V-2023-01-153-1,LIMA,LIMA,LINCE,IDENTIFICADO,NO CORRESPONDE,PARTICULAR,CARGA Y/O MERCANCÍAS,NO SE CONOCE,NO ESPECIFICA,NO REGISTRA,,,NO ESPECIFICA,NO REGISTRA,CAMIONETA PICK UP,ATROPELLO,25/01/2023,2023,ENERO,MIÉRCOLES,12,NO CORRESPONDE,AVENIDA
A-2023-01-153,V-2023-01-153-2,LIMA,LIMA,LINCE,IDENTIFICADO,HABILITADO,PUBLICO URBANO,PERSONAS,PROVINCIAL,SI,NO REGISTRA,SOAT,RIMAC,SI,VIGENTE,ÓMNIBUS,ATROPELLO,25/01/2023,2023,ENERO,MIÉRCOLES,12,NO CORRESPONDE,AVENIDA
A-2023-01-154,V-2023-01-154-1,LIMA,LIMA,VILLA MARIA DEL TRIUNFO,IDENTIFICADO,HABILITADO,CARGA,CARGA Y/O MERCANCÍAS,NACIONAL,SI,VIGENTE,SOAT,RIMAC,SI,VIGENTE,REMOLCADOR-SEMIREMOLQUE,ATROPELLO,25/01/2023,2023,ENERO,MIÉRCOLES,12,NO CORRESPONDE,AVENIDA
A-2023-01-155,V-2023-01-155-1,LIMA,LIMA,PUENTE PIEDRA,FUGADO,NO CORRESPONDE,NO CORRESPONDE,,,NO CORRESPONDE,NO APLICA,,,NO CORRESPONDE,NO APLICA,VEHICULO NO IDENTIFICADO,ATROPELLO FUGA,26/01/2023,2023,ENERO,JUEVES,7,PE-1N,CARRETERA
A-2023-01-349,V-2023-01-349-1,LIMA,LIMA,SAN MARTIN DE PORRES,IDENTIFICADO,NO CORRESPONDE,PARTICULAR,PERSONAS,NO SE CONOCE,SI,VENCIDO,SOAT,LA POSITIVA,NO,NO REGISTRA,MOTOCICLETA,ATROPELLO,26/01/2023,2023,ENERO,JUEVES,20,NO CORRESPONDE,AVENIDA
A-2023-01-156,V-2023-01-156-1,LIMA,LIMA,CARABAYLLO,IDENTIFICADO,NO CORRESPONDE,PARTICULAR,PERSONAS,NO SE CONOCE,SI,VIGENTE,SOAT,LA POSITIVA,NO,NO REGISTRA,MOTOCICLETA,ATROPELLO,28/01/2023,2023,ENERO,SÁBADO,0,PE-20A,CARRETERA
A-2023-01-161,V-2023-01-161-1,LIMA,LIMA,ATE,IDENTIFICADO,HABILITADO,PUBLICO URBANO,PERSONAS,PROVINCIAL,SI,VIGENTE,SOAT,RIMAC,SI,VIGENTE,ÓMNIBUS,ATROPELLO,28/01/2023,2023,ENERO,SÁBADO,6,PE-22,CARRETERA
A-2023-01-158,V-2023-01-158-1,LIMA,LIMA,LURIN,IDENTIFICADO,HABILITADO,CARGA,CARGA Y/O MERCANCÍAS,NACIONAL,SI,VIGENTE,SOAT,INTERSEGURO,NO,NO REGISTRA,CAMIÓN,ATROPELLO FUGA,29/01/2023,2023,ENERO,DOMINGO,8,NO CORRESPONDE,AVENIDA
A-2023-01-159,V-2023-01-159-1,LIMA,LIMA,COMAS,IDENTIFICADO,HABILITADO,PUBLICO URBANO,PERSONAS,PROVINCIAL,NO,NO REGISTRA,,,SI,VIGENTE,CAMIONETA RURAL,ATROPELLO,29/01/2023,2023,ENERO,DOMINGO,15,NO CORRESPONDE,AVENIDA
A-2023-01-160,V-2023-01-160-1,LIMA,LIMA,VILLA EL SALVADOR,FUGADO,NO CORRESPONDE,NO CORRESPONDE,,,NO CORRESPONDE,NO APLICA,,,NO CORRESPONDE,NO APLICA,VEHICULO NO IDENTIFICADO,ATROPELLO FUGA,30/01/2023,2023,ENERO,LUNES,1,PE-1S,CARRETERA
A-2023-01-114,V-2023-01-114-1,CALLAO,CALLAO,CALLAO,IDENTIFICADO,NO HABILITADO,PARTICULAR,PERSONAS,NO SE CONOCE,NO,NO REGISTRA,,,NO CORRESPONDE,NO APLICA,MOTOCICLETA,CHOQUE,30/01/2023,2023,ENERO,LUNES,20,NO CORRESPONDE,AVENIDA
A-2023-01-114,V-2023-01-114-2,CALLAO,CALLAO,CALLAO,IDENTIFICADO,HABILITADO,CARGA,CARGA Y/O MERCANCÍAS,NACIONAL,SI,NO REGISTRA,SOAT,PACIFICO,NO,NO REGISTRA,REMOLCADOR-SEMIREMOLQUE,CHOQUE,30/01/2023,2023,ENERO,LUNES,20,NO CORRESPONDE,AVENIDA
A-2023-01-162,V-2023-01-162-1,LIMA,LIMA,ATE,IDENTIFICADO,HABILITADO,PARTICULAR,PERSONAS,NO SE CONOCE,SI,VIGENTE,SOAT,LA POSITIVA,NO,NO REGISTRA,MOTOCICLETA,CHOQUE,31/01/2023,2023,ENERO,MARTES,2,NO CORRESPONDE,AVENIDA
A-2023-01-162,V-2023-01-162-2,LIMA,LIMA,ATE,IDENTIFICADO,HABILITADO,PUBLICO URBANO,PERSONAS,DISTRITAL,NO,VIGENTE,,,NO,NO REGISTRA,TRIMOTO PASAJERO,CHOQUE,31/01/2023,2023,ENERO,MARTES,2,NO CORRESPONDE,AVENIDA
A-2023-02-133,V-2023-02-133-1,LIMA,LIMA,VILLA EL SALVADOR,IDENTIFICADO,HABILITADO,PARTICULAR,PERSONAS,NO SE CONOCE,SI,VIGENTE,SOAT,LA POSITIVA,NO,NO REGISTRA,MOTOCICLETA,CHOQUE,02/02/2023,2023,FEBRERO,JUEVES,17,NO CORRESPONDE,AVENIDA
A-2023-02-133,V-2023-02-133-2,LIMA,LIMA,VILLA EL SALVADOR,IDENTIFICADO,HABILITADO,TAXI,PERSONAS,PROVINCIAL,SI,VIGENTE,SOAT,INTERSEGURO,SI,VIGENTE,AUTOMÓVIL,CHOQUE,02/02/2023,2023,FEBRERO,JUEVES,17,NO CORRESPONDE,AVENIDA
A-2023-02-134,V-2023-02-134-1,LIMA,LIMA,PUENTE PIEDRA,IDENTIFICADO,HABILITADO,CARGA,CARGA Y/O MERCANCÍAS,NACIONAL,SI,VIGENTE,SOAT,MAPFRE,SI,VIGENTE,REMOLCADOR-SEMIREMOLQUE,CHOQUE,07/02/2023,2023,FEBRERO,MARTES,9,PE-1N,CARRETERA
A-2023-02-134,V-2023-02-134-2,LIMA,LIMA,PUENTE PIEDRA,IDENTIFICADO,HABILITADO,PARTICULAR,PERSONAS,NO SE CONOCE,NO,VIGENTE,,,NO,NO REGISTRA,MOTOCICLETA,CHOQUE,07/02/2023,2023,FEBRERO,MARTES,9,PE-1N,CARRETERA
A-2023-02-135,V-2023-02-135-1,LIMA,LIMA,PUENTE PIEDRA,IDENTIFICADO,HABILITADO,PARTICULAR,PERSONAS,NO SE CONOCE,SI,VIGENTE,SOAT,LA POSITIVA,NO CORRESPONDE,NO APLICA,AUTOMÓVIL,ATROPELLO,07/02/2023,2023,FEBRERO,MARTES,20,PE-1N,CARRETERA
A-2023-02-136,V-2023-02-136-1,LIMA,LIMA,PUCUSANA,IDENTIFICADO,HABILITADO,PARTICULAR,PERSONAS,NO SE CONOCE,SI,VIGENTE,SOAT,MAPFRE,NO CORRESPONDE,NO APLICA,AUTOMÓVIL,ATROPELLO,07/02/2023,2023,FEBRERO,MARTES,20,PE-1S,CARRETERA
A-2023-02-137,V-2023-02-137-1,LIMA,LIMA,SANTA ANITA,IDENTIFICADO,HABILITADO,PARTICULAR,PERSONAS,NO SE CONOCE,SI,VIGENTE,SOAT,INTERSEGURO,SI,VIGENTE,AUTOMÓVIL,ATROPELLO,07/02/2023,2023,FEBRERO,MARTES,21,PE-1N,CARRETERA
A-2023-02-138,V-2023-02-138-1,LIMA,LIMA,VILLA EL SALVADOR,IDENTIFICADO,HABILITADO,REGULAR(INTERPROVINCIAL),PERSONAS,PROVINCIAL,SI,VIGENTE,SOAT,RIMAC,SI,VIGENTE,ÓMNIBUS,CHOQUE,08/02/2023,2023,FEBRERO,MIÉRCOLES,15,NO CORRESPONDE,AVENIDA
A-2023-02-138,V-2023-02-138-2,LIMA,LIMA,VILLA EL SALVADOR,IDENTIFICADO,HABILITADO,PARTICULAR,PERSONAS,NO SE CONOCE,SI,VIGENTE,SOAT,LA POSITIVA,SI,VIGENTE,AUTOMÓVIL,CHOQUE,08/02/2023,2023,FEBRERO,MIÉRCOLES,15,NO CORRESPONDE,AVENIDA
A-2023-02-152,V-2023-02-152-1,LIMA,LIMA,LOS OLIVOS,IDENTIFICADO,HABILITADO,CARGA,CARGA Y/O MERCANCÍAS,NACIONAL,SI,VIGENTE,SOAT,INTERSEGURO,SI,VIGENTE,CAMIÓN,ATROPELLO,11/02/2023,2023,FEBRERO,SÁBADO,11,NO CORRESPONDE,AVENIDA
A-2023-02-139,V-2023-02-139-1,LIMA,LIMA,CHORRILLOS,IDENTIFICADO,HABILITADO,CARGA,CARGA Y/O MERCANCÍAS,NACIONAL,SI,VIGENTE,SOAT,INTERSEGURO,SI,VIGENTE,CAMIÓN,DESPISTE,14/02/2023,2023,FEBRERO,MARTES,13,NO CORRESPONDE,CALLE
A-2023-02-140,V-2023-02-140-1,LIMA,LIMA,LURIN,IDENTIFICADO,HABILITADO,PARTICULAR,PERSONAS,NO SE CONOCE,SI,VIGENTE,SOAT,LA POSITIVA,NO,NO REGISTRA,MOTOCICLETA,CHOQUE,14/02/2023,2023,FEBRERO,MARTES,23,PE-1S,CARRETERA
A-2023-02-140,V-2023-02-140-2,LIMA,LIMA,LURIN,IDENTIFICADO,HABILITADO,CARGA,CARGA Y/O MERCANCÍAS,NACIONAL,SI,VIGENTE,SOAT,PACIFICO,SI,VIGENTE,CAMIONETA PICK UP,CHOQUE,14/02/2023,2023,FEBRERO,MARTES,23,PE-1S,CARRETERA
A-2023-02-141,V-2023-02-141-1,LIMA,LIMA,LOS OLIVOS,IDENTIFICADO,HABILITADO,PARTICULAR,PERSONAS,NO SE CONOCE,SI,VIGENTE,SOAT,MAPFRE,NO CORRESPONDE,NO APLICA,MOTOCICLETA,ATROPELLO,15/02/2023,2023,FEBRERO,MIÉRCOLES,19,NO CORRESPONDE,AVENIDA
A-2023-02-142,V-2023-02-142-1,LIMA,LIMA,LIMA,IDENTIFICADO,HABILITADO,CARGA,CARGA Y/O MERCANCÍAS,NACIONAL,SI,VIGENTE,SOAT,LA POSITIVA,SI,VIGENTE,CAMIÓN,ATROPELLO,16/02/2023,2023,FEBRERO,JUEVES,11,NO CORRESPONDE,JIRÓN
A-2023-02-143,V-2023-02-143-1,LIMA,LIMA,SAN JUAN DE LURIGANCHO,IDENTIFICADO,HABILITADO,CARGA,CARGA Y/O MERCANCÍAS,NACIONAL,SI,VIGENTE,SOAT,MAPFRE,SI,VIGENTE,REMOLCADOR-SEMIREMOLQUE,CHOQUE,17/02/2023,2023,FEBRERO,VIERNES,6,NO CORRESPONDE,AVENIDA
A-2023-02-143,V-2023-02-143-2,LIMA,LIMA,SAN JUAN DE LURIGANCHO,IDENTIFICADO,NO CORRESPONDE,PARTICULAR,PERSONAS,NO SE CONOCE,SI,VIGENTE,SOAT,INTERSEGURO,NO,NO REGISTRA,MOTOCICLETA,CHOQUE,17/02/2023,2023,FEBRERO,VIERNES,6,NO CORRESPONDE,AVENIDA
A-2023-02-144,V-2023-02-144-1,LIMA,LIMA,COMAS,IDENTIFICADO,HABILITADO,CARGA,CARGA Y/O MERCANCÍAS,NACIONAL,SI,VIGENTE,SOAT,RIMAC,SI,VIGENTE,REMOLCADOR-SEMIREMOLQUE,CHOQUE,18/02/2023,2023,FEBRERO,SÁBADO,6,NO CORRESPONDE,AVENIDA
A-2023-02-144,V-2023-02-144-2,LIMA,LIMA,COMAS,IDENTIFICADO,HABILITADO,SERVICIO ESPECIAL DE PASAJEROS,PERSONAS,DISTRITAL,NO ESPECIFICA,VIGENTE,,,NO,NO REGISTRA,TRIMOTO PASAJERO,CHOQUE,18/02/2023,2023,FEBRERO,SÁBADO,6,NO CORRESPONDE,AVENIDA
A-2023-02-149,V-2023-02-149-1,LIMA,LIMA,CARABAYLLO,IDENTIFICADO,HABILITADO,PUBLICO URBANO,PERSONAS,PROVINCIAL,SI,VIGENTE,SOAT,LA POSITIVA,SI,VIGENTE,ÓMNIBUS,ATROPELLO,20/02/2023,2023,FEBRERO,LUNES,5,NO CORRESPONDE,AVENIDA
A-2023-02-153,V-2023-02-153-1,LIMA,LIMA,SANTIAGO DE SURCO,IDENTIFICADO,HABILITADO,TAXI,PERSONAS,PROVINCIAL,SI,VIGENTE,SOAT,LA POSITIVA,SI,VIGENTE,AUTOMÓVIL,ATROPELLO,20/02/2023,2023,FEBRERO,LUNES,7,PE-1S,CARRETERA
A-2023-02-130,V-2023-02-130-1,CALLAO,CALLAO,CALLAO,IDENTIFICADO,HABILITADO,CARGA,CARGA Y/O MERCANCÍAS,NACIONAL,SI,VIGENTE,SOAT,PACIFICO,SI,VIGENTE,CAMIÓN,ATROPELLO,20/02/2023,2023,FEBRERO,LUNES,16,PE-20B,CARRETERA
A-2023-02-145,V-2023-02-145-1,LIMA,LIMA,PUEBLO LIBRE,IDENTIFICADO,HABILITADO,PARTICULAR,PERSONAS,NO SE CONOCE,SI,VIGENTE,SOAT,LA POSITIVA,SI,VIGENTE,ÓMNIBUS,ATROPELLO FUGA,20/02/2023,2023,FEBRERO,LUNES,19,NO CORRESPONDE,AVENIDA
A-2023-02-146,V-2023-02-146-1,LIMA,LIMA,SAN BORJA,IDENTIFICADO,HABILITADO,REGULAR(INTERPROVINCIAL),PERSONAS,PROVINCIAL,SI,VIGENTE,SOAT,RIMAC,SI,VIGENTE,ÓMNIBUS,ATROPELLO,22/02/2023,2023,FEBRERO,MIÉRCOLES,10,NO CORRESPONDE,AVENIDA
A-2023-02-147,V-2023-02-147-1,LIMA,LIMA,RIMAC,IDENTIFICADO,HABILITADO,CARGA,CARGA Y/O MERCANCÍAS,NACIONAL,SI,VIGENTE,SOAT,PACIFICO,SI,VIGENTE,REMOLCADOR-SEMIREMOLQUE,CHOQUE,22/02/2023,2023,FEBRERO,MIÉRCOLES,21,PE-1N,CARRETERA
A-2023-02-147,V-2023-02-147-2,LIMA,LIMA,RIMAC,IDENTIFICADO,HABILITADO,PARTICULAR,PERSONAS,NO SE CONOCE,SI,VIGENTE,SOAT,LA POSITIVA,NO,NO REGISTRA,MOTOCICLETA,CHOQUE,22/02/2023,2023,FEBRERO,MIÉRCOLES,21,PE-1N,CARRETERA
A-2023-02-120,V-2023-02-120-1,CALLAO,CALLAO,MI PERU,IDENTIFICADO,HABILITADO,PARTICULAR,CARGA Y/O MERCANCÍAS,NO SE CONOCE,SI,VIGENTE,SOAT,RIMAC,SI,VIGENTE,REMOLCADOR-SEMIREMOLQUE,CHOQUE,23/02/2023,2023,FEBRERO,JUEVES,6,PE-20,CARRETERA
A-2023-02-120,V-2023-02-120-2,CALLAO,CALLAO,MI PERU,IDENTIFICADO,NO CORRESPONDE,PARTICULAR,PERSONAS,NO SE CONOCE,NO CORRESPONDE,VIGENTE,,,NO CORRESPONDE,NO APLICA,BICICLETA,CHOQUE,23/02/2023,2023,FEBRERO,JUEVES,6,PE-20,CARRETERA
A-2023-02-148,V-2023-02-148-1,LIMA,LIMA,LA VICTORIA,FUGADO,NO CORRESPONDE,NO CORRESPONDE,,NO SE CONOCE,NO CORRESPONDE,NO APLICA,,,NO CORRESPONDE,NO APLICA,VEHICULO NO IDENTIFICADO,ATROPELLO FUGA,23/02/2023,2023,FEBRERO,JUEVES,15,NO CORRESPONDE,AVENIDA
A-2023-02-150,V-2023-02-150-1,LIMA,LIMA,BARRANCO,IDENTIFICADO,HABILITADO,PARTICULAR,PERSONAS,NO SE CONOCE,SI,VIGENTE,SOAT,RIMAC,NO CORRESPONDE,NO APLICA,MOTOCICLETA,DESPISTE,23/02/2023,2023,FEBRERO,JUEVES,19,NO CORRESPONDE,AVENIDA
A-2023-03-131-A,V-2023-03-131-A-1,LIMA,LIMA,SAN JUAN DE MIRAFLORES,FUGADO,NO CORRESPONDE,NO CORRESPONDE,PERSONAS,,NO CORRESPONDE,NO APLICA,,,NO CORRESPONDE,NO APLICA,CAMIÓN,ATROPELLO FUGA,25/02/2023,2023,FEBRERO,SÁBADO,8,PE-1S,CARRETERA
A-2023-02-151,V-2023-02-151-1,LIMA,LIMA,RIMAC,IDENTIFICADO,HABILITADO,PUBLICO URBANO,PERSONAS,PROVINCIAL,SI,VIGENTE,SOAT,LA POSITIVA,SI,VIGENTE,ÓMNIBUS,CHOQUE,26/02/2023,2023,FEBRERO,DOMINGO,17,NO CORRESPONDE,AVENIDA
A-2023-02-151,V-2023-02-151-2,LIMA,LIMA,RIMAC,IDENTIFICADO,HABILITADO,SERVICIO ESPECIAL DE PASAJEROS,PERSONAS,NO SE CONOCE,NO ESPECIFICA,VIGENTE,,,NO,NO REGISTRA,TRIMOTO PASAJERO,CHOQUE,26/02/2023,2023,FEBRERO,DOMINGO,17,NO CORRESPONDE,AVENIDA
A-2023-03-131-B,V-2023-03-131-B-1,LIMA,LIMA,LURIGANCHO,IDENTIFICADO,HABILITADO,CARGA,CARGA Y/O MERCANCÍAS,NACIONAL,SI,VIGENTE,SOAT,INTERSEGURO,SI,VIGENTE,CAMIÓN,CHOQUE,01/03/2023,2023,MARZO,MIÉRCOLES,5,LM-711,CARRETERA
A-2023-03-131-B,V-2023-03-131-B-2,LIMA,LIMA,LURIGANCHO,IDENTIFICADO,NO CORRESPONDE,PARTICULAR,PERSONAS,NO SE CONOCE,SI,VIGENTE,SOAT,LA POSITIVA,NO,NO REGISTRA,MOTOCICLETA,CHOQUE,01/03/2023,2023,MARZO,MIÉRCOLES,5,LM-711,CARRETERA
A-2023-03-132,V-2023-03-132-1,LIMA,LIMA,CARABAYLLO,IDENTIFICADO,NO CORRESPONDE,PARTICULAR,PERSONAS,NO SE CONOCE,SI,VIGENTE,SOAT,MAPFRE,NO CORRESPONDE,NO APLICA,MOTOCICLETA,DESPISTE,03/03/2023,2023,MARZO,VIERNES,3,NO CORRESPONDE,AVENIDA
A-2023-03-133,V-2023-03-133-1,LIMA,LIMA,LIMA,IDENTIFICADO,HABILITADO,PUBLICO URBANO,PERSONAS,DISTRITAL,SI,VIGENTE,SOAT,LA POSITIVA,NO CORRESPONDE,NO APLICA,ÓMNIBUS,CAÍDA DE PASAJERO,03/03/2023,2023,MARZO,VIERNES,11,NO CORRESPONDE,AVENIDA
A-2023-03-134,V-2023-03-134-1,LIMA,LIMA,PUNTA HERMOSA,IDENTIFICADO,NO CORRESPONDE,PARTICULAR,PERSONAS,NO SE CONOCE,SI,VIGENTE,SOAT,PACIFICO,NO ESPECIFICA,NO REGISTRA,AUTOMÓVIL,ATROPELLO,04/03/2023,2023,MARZO,SÁBADO,2,PE-1S,CARRETERA
A-2023-03-135,V-2023-03-135-1,LIMA,LIMA,CHORRILLOS,IDENTIFICADO,HABILITADO,PUBLICO URBANO,PERSONAS,PROVINCIAL,SI,VIGENTE,SOAT,LA POSITIVA,SI,VIGENTE,ÓMNIBUS,CHOQUE,05/03/2023,2023,MARZO,DOMINGO,12,NO CORRESPONDE,AVENIDA
A-2023-03-135,V-2023-03-135-2,LIMA,LIMA,CHORRILLOS,IDENTIFICADO,NO CORRESPONDE,PARTICULAR,PERSONAS,NO SE CONOCE,SI,VIGENTE,SOAT,MAPFRE,NO,NO REGISTRA,MOTOCICLETA,CHOQUE,05/03/2023,2023,MARZO,DOMINGO,12,NO CORRESPONDE,AVENIDA
A-2023-03-137,V-2023-03-137-1,LIMA,LIMA,SAN MARTIN DE PORRES,IDENTIFICADO,HABILITADO,PUBLICO URBANO,PERSONAS,PROVINCIAL,SI,VIGENTE,SOAT,RIMAC,SI,VIGENTE,ÓMNIBUS,CHOQUE,07/03/2023,2023,MARZO,MARTES,5,NO CORRESPONDE,AVENIDA
A-2023-03-137,V-2023-03-137-2,LIMA,LIMA,SAN MARTIN DE PORRES,IDENTIFICADO,NO CORRESPONDE,PARTICULAR,PERSONAS,NO SE CONOCE,SI,VIGENTE,SOAT,LA POSITIVA,NO,NO REGISTRA,MOTOCICLETA,CHOQUE,07/03/2023,2023,MARZO,MARTES,5,NO CORRESPONDE,AVENIDA
A-2023-03-138,V-2023-03-138-1,LIMA,LIMA,LURIN,IDENTIFICADO,HABILITADO,PUBLICO URBANO,PERSONAS,PROVINCIAL,SI,VIGENTE,SOAT,LA POSITIVA,SI,VIGENTE,ÓMNIBUS,CHOQUE,08/03/2023,2023,MARZO,MIÉRCOLES,15,PE-1S,CARRETERA
A-2023-03-138,V-2023-03-138-2,LIMA,LIMA,LURIN,IDENTIFICADO,NO CORRESPONDE,PARTICULAR,PERSONAS,NO SE CONOCE,SI,VIGENTE,SOAT,LA POSITIVA,NO,NO REGISTRA,MOTOCICLETA,CHOQUE,08/03/2023,2023,MARZO,MIÉRCOLES,15,PE-1S,CARRETERA
A-2023-03-179,V-2023-03-179-1,LIMA,LIMA,COMAS,IDENTIFICADO,NO CORRESPONDE,PARTICULAR,PERSONAS,NO SE CONOCE,SI,VIGENTE,SOAT,LA POSITIVA,NO,NO REGISTRA,MOTOCICLETA,ATROPELLO,09/03/2023,2023,MARZO,JUEVES,11,NO CORRESPONDE,AVENIDA
A-2023-03-139,V-2023-03-139-1,LIMA,LIMA,SAN JUAN DE LURIGANCHO,IDENTIFICADO,HABILITADO,PUBLICO URBANO,PERSONAS,PROVINCIAL,SI,VIGENTE,SOAT,LA POSITIVA,SI,VIGENTE,ÓMNIBUS,CHOQUE,09/03/2023,2023,MARZO,JUEVES,13,NO CORRESPONDE,AVENIDA
A-2023-03-139,V-2023-03-139-2,LIMA,LIMA,SAN JUAN DE LURIGANCHO,IDENTIFICADO,NO CORRESPONDE,PARTICULAR,PERSONAS,NO SE CONOCE,SI,VIGENTE,SOAT,RIMAC,NO,NO REGISTRA,MOTOCICLETA,CHOQUE,09/03/2023,2023,MARZO,JUEVES,13,NO CORRESPONDE,AVENIDA
A-2023-03-140,V-2023-03-140-1,LIMA,LIMA,SAN JUAN DE LURIGANCHO,IDENTIFICADO,HABILITADO,CARGA,CARGA Y/O MERCANCÍAS,NACIONAL,SI,VIGENTE,SOAT,INTERSEGURO,SI,VIGENTE,CAMIÓN,ATROPELLO FUGA,09/03/2023,2023,MARZO,JUEVES,14,NO CORRESPONDE,AVENIDA
A-2023-03-141,V-2023-03-141-1,LIMA,LIMA,CHORRILLOS,IDENTIFICADO,NO CORRESPONDE,PARTICULAR,PERSONAS,NO SE CONOCE,SI,VIGENTE,SOAT,PACIFICO,NO CORRESPONDE,NO APLICA,AUTOMÓVIL,ATROPELLO,12/03/2023,2023,MARZO,DOMINGO,22,PE-1S,CARRETERA
A-2023-03-142,V-2023-03-142-1,LIMA,LIMA,ANCON,IDENTIFICADO,HABILITADO,PUBLICO URBANO,PERSONAS,PROVINCIAL,SI,VIGENTE,SOAT,RIMAC,SI,VIGENTE,ÓMNIBUS,CAÍDA DE PASAJERO,13/03/2023,2023,MARZO,LUNES,15,PE-1N,CARRETERA
A-2023-03-159,V-2023-03-159-1,LIMA,LIMA,LIMA,IDENTIFICADO,HABILITADO,CARGA,CARGA Y/O MERCANCÍAS,NACIONAL,SI,VIGENTE,SOAT,INTERSEGURO,SI,VIGENTE,REMOLCADOR-SEMIREMOLQUE,ATROPELLO FUGA,13/03/2023,2023,MARZO,LUNES,23,NO CORRESPONDE,JIRÓN
A-2023-03-143,V-2023-03-143-1,LIMA,LIMA,SAN BORJA,IDENTIFICADO,HABILITADO,PUBLICO URBANO,PERSONAS,PROVINCIAL,SI,VIGENTE,SOAT,LA POSITIVA,SI,VIGENTE,ÓMNIBUS,CHOQUE,15/03/2023,2023,MARZO,MIÉRCOLES,0,PE-1S,CARRETERA
A-2023-03-143,V-2023-03-143-2,LIMA,LIMA,SAN BORJA,IDENTIFICADO,NO CORRESPONDE,PARTICULAR,PERSONAS,NO SE CONOCE,SI,VIGENTE,SOAT,INTERSEGURO,NO,NO REGISTRA,MOTOCICLETA,CHOQUE,15/03/2023,2023,MARZO,MIÉRCOLES,0,PE-1S,CARRETERA
A-2023-03-126,V-2023-03-126-1,CALLAO,CALLAO,VENTANILLA,IDENTIFICADO,HABILITADO,PARTICULAR,,,SI,VENCIDO,SOAT,RIMAC,NO,NO REGISTRA,AUTOMÓVIL,ATROPELLO,15/03/2023,2023,MARZO,MIÉRCOLES,20,NO CORRESPONDE,AVENIDA
A-2023-03-126,V-2023-03-126-2,CALLAO,CALLAO,VENTANILLA,ESTACIONADO,HABILITADO,PARTICULAR,,,SI,VENCIDO,SOAT,PACIFICO,SI,VIGENTE,AUTOMÓVIL,ATROPELLO,15/03/2023,2023,MARZO,MIÉRCOLES,20,NO CORRESPONDE,AVENIDA
A-2023-03-126,V-2023-03-126-3,CALLAO,CALLAO,VENTANILLA,ESTACIONADO,HABILITADO,TAXI,,,SI,VENCIDO,SOAT,LA POSITIVA,SI,VIGENTE,AUTOMÓVIL,ATROPELLO,15/03/2023,2023,MARZO,MIÉRCOLES,20,NO CORRESPONDE,AVENIDA
A-2023-03-144,V-2023-03-144-1,LIMA,LIMA,SAN JUAN DE LURIGANCHO,IDENTIFICADO,NO CORRESPONDE,PARTICULAR,PERSONAS,NO SE CONOCE,SI,VIGENTE,SOAT,LA POSITIVA,NO,NO REGISTRA,MOTOCICLETA,VOLCADURA,16/03/2023,2023,MARZO,JUEVES,22,NO CORRESPONDE,AVENIDA
A-2023-03-112,V-2023-03-112-1,CALLAO,CALLAO,CALLAO,IDENTIFICADO,HABILITADO,CARGA,CARGA Y/O MERCANCÍAS,NACIONAL,SI,VIGENTE,SOAT,RIMAC,SI,VIGENTE,REMOLCADOR-SEMIREMOLQUE,CHOQUE,17/03/2023,2023,MARZO,VIERNES,9,PE-20,CARRETERA
A-2023-03-112,V-2023-03-112-2,CALLAO,CALLAO,CALLAO,IDENTIFICADO,HABILITADO,PARTICULAR,PERSONAS,NO SE CONOCE,SI,VIGENTE,SOAT,INTERSEGURO,NO CORRESPONDE,NO APLICA,MOTOCICLETA,CHOQUE,17/03/2023,2023,MARZO,VIERNES,9,PE-20,CARRETERA
A-2023-03-145,V-2023-03-145-1,LIMA,LIMA,COMAS,IDENTIFICADO,NO CORRESPONDE,PARTICULAR,CARGA Y/O MERCANCÍAS,NO SE CONOCE,SI,VIGENTE,SOAT,INTERSEGURO,SI,VIGENTE,CAMIONETA PICK UP,CHOQUE,17/03/2023,2023,MARZO,VIERNES,19,NO CORRESPONDE,AVENIDA
A-2023-03-145,V-2023-03-145-2,LIMA,LIMA,COMAS,IDENTIFICADO,HABILITADO,PUBLICO URBANO,PERSONAS,PROVINCIAL,SI,VIGENTE,SOAT,RIMAC,SI,VIGENTE,ÓMNIBUS,CHOQUE,17/03/2023,2023,MARZO,VIERNES,19,NO CORRESPONDE,AVENIDA
A-2023-03-146,V-2023-03-146-1,LIMA,LIMA,SAN JUAN DE LURIGANCHO,IDENTIFICADO,HABILITADO,PUBLICO URBANO,PERSONAS,PROVINCIAL,SI,VIGENTE,SOAT,RIMAC,SI,VIGENTE,ÓMNIBUS,CHOQUE,18/03/2023,2023,MARZO,SÁBADO,16,NO CORRESPONDE,AVENIDA
A-2023-03-146,V-2023-03-146-2,LIMA,LIMA,SAN JUAN DE LURIGANCHO,IDENTIFICADO,NO CORRESPONDE,PARTICULAR,PERSONAS,NO SE CONOCE,NO ESPECIFICA,VIGENTE,,,NO,NO REGISTRA,MOTOCICLETA,CHOQUE,18/03/2023,2023,MARZO,SÁBADO,16,NO CORRESPONDE,AVENIDA
A-2023-03-147,V-2023-03-147-1,LIMA,LIMA,PUENTE PIEDRA,FUGADO,NO CORRESPONDE,NO CORRESPONDE,,,NO CORRESPONDE,NO APLICA,,,NO CORRESPONDE,NO APLICA,VEHICULO NO IDENTIFICADO,ATROPELLO FUGA,19/03/2023,2023,MARZO,DOMINGO,5,PE-1N,CARRETERA
A-2023-03-148,V-2023-03-148-1,LIMA,LIMA,VILLA EL SALVADOR,IDENTIFICADO,NO CORRESPONDE,PARTICULAR,PERSONAS,NO SE CONOCE,SI,VIGENTE,SOAT,MAPFRE,SI,VIGENTE,STATION WAGON,ATROPELLO,19/03/2023,2023,MARZO,DOMINGO,6,NO CORRESPONDE,AVENIDA
A-2023-03-150,V-2023-03-150-1,LIMA,LIMA,PUENTE PIEDRA,IDENTIFICADO,NO CORRESPONDE,PARTICULAR,PERSONAS,NO SE CONOCE,SI,VIGENTE,SOAT,LA POSITIVA,NO CORRESPONDE,NO APLICA,MOTOCICLETA,DESPISTE,19/03/2023,2023,MARZO,DOMINGO,6,PE-1N,CARRETERA
A-2023-03-149,V-2023-03-149-1,LIMA,LIMA,SAN BORJA,IDENTIFICADO,NO CORRESPONDE,PARTICULAR,PERSONAS,NO SE CONOCE,SI,VIGENTE,SOAT,INTERSEGURO,SI,VIGENTE,AUTOMÓVIL,CHOQUE,19/03/2023,2023,MARZO,DOMINGO,10,NO CORRESPONDE,AVENIDA
A-2023-03-149,V-2023-03-149-2,LIMA,LIMA,SAN BORJA,IDENTIFICADO,NO CORRESPONDE,PARTICULAR,PERSONAS,NO SE CONOCE,SI,VIGENTE,SOAT,LA POSITIVA,NO,NO REGISTRA,MOTOCICLETA,CHOQUE,19/03/2023,2023,MARZO,DOMINGO,10,NO CORRESPONDE,AVENIDA
A-2023-03-151,V-2023-03-151-1,LIMA,LIMA,COMAS,IDENTIFICADO,NO CORRESPONDE,PARTICULAR,PERSONAS,NO SE CONOCE,SI,VIGENTE,SOAT,RIMAC,SI,VIGENTE,CAMIÓN,CHOQUE,20/03/2023,2023,MARZO,LUNES,16,NO CORRESPONDE,AVENIDA
A-2023-03-151,V-2023-03-151-2,LIMA,LIMA,COMAS,IDENTIFICADO,NO CORRESPONDE,PARTICULAR,PERSONAS,NO SE CONOCE,NO,VIGENTE,,,SI,VENCIDO,AUTOMÓVIL,CHOQUE,20/03/2023,2023,MARZO,LUNES,16,NO CORRESPONDE,AVENIDA
A-2023-03-152,V-2023-03-152-1,LIMA,LIMA,JESUS MARIA,IDENTIFICADO,HABILITADO,CARGA,CARGA Y/O MERCANCÍAS,NACIONAL,SI,VIGENTE,SOAT,LA POSITIVA,SI,VIGENTE,CAMIÓN,CHOQUE,21/03/2023,2023,MARZO,MARTES,8,NO CORRESPONDE,AVENIDA
A-2023-03-152,V-2023-03-152-2,LIMA,LIMA,JESUS MARIA,IDENTIFICADO,NO CORRESPONDE,PARTICULAR,PERSONAS,NO SE CONOCE,NO CORRESPONDE,VIGENTE,,,NO CORRESPONDE,NO APLICA,BICICLETA,CHOQUE,21/03/2023,2023,MARZO,MARTES,8,NO CORRESPONDE,AVENIDA
A-2023-03-153,V-2023-03-153-1,LIMA,LIMA,ATE,IDENTIFICADO,NO CORRESPONDE,PUBLICO URBANO,PERSONAS,PROVINCIAL,SI,VIGENTE,SOAT,MAPFRE,SI,VIGENTE,MINIBUS,CHOQUE,22/03/2023,2023,MARZO,MIÉRCOLES,19,PE-22,CARRETERA
A-2023-03-153,V-2023-03-153-2,LIMA,LIMA,ATE,IDENTIFICADO,HABILITADO,CARGA,CARGA Y/O MERCANCÍAS,NACIONAL,SI,VIGENTE,SOAT,RIMAC,SI,VIGENTE,CAMIÓN,CHOQUE,22/03/2023,2023,MARZO,MIÉRCOLES,19,PE-22,CARRETERA
A-2023-03-154,V-2023-03-154-1,LIMA,LIMA,CHACLACAYO,IDENTIFICADO,NO HABILITADO,SERVICIO ESPECIAL DE PASAJEROS,PERSONAS,NO SE CONOCE,NO,NO REGISTRA,,,NO,NO REGISTRA,TRIMOTO PASAJERO,CHOQUE FUGA,25/03/2023,2023,MARZO,SÁBADO,1,PE-22,CARRETERA
A-2023-03-154,V-2023-03-154-2,LIMA,LIMA,CHACLACAYO,FUGADO,NO CORRESPONDE,NO CORRESPONDE,,,NO CORRESPONDE,NO REGISTRA,,,NO CORRESPONDE,NO APLICA,VEHICULO NO IDENTIFICADO,CHOQUE FUGA,25/03/2023,2023,MARZO,SÁBADO,1,PE-22,CARRETERA
A-2023-03-155,V-2023-03-155-1,LIMA,LIMA,LIMA,IDENTIFICADO,NO CORRESPONDE,PARTICULAR,PERSONAS,NO SE CONOCE,NO,NO REGISTRA,,,NO CORRESPONDE,NO APLICA,CAMIONETA RURAL,ATROPELLO,25/03/2023,2023,MARZO,SÁBADO,16,NO CORRESPONDE,AVENIDA
A-2023-03-157,V-2023-03-157-1,LIMA,LIMA,CARABAYLLO,IDENTIFICADO,NO HABILITADO,SERVICIO ESPECIAL DE PASAJEROS,PERSONAS,NO SE CONOCE,NO,NO REGISTRA,,,NO,NO REGISTRA,TRIMOTO PASAJERO,CHOQUE,28/03/2023,2023,MARZO,MARTES,7,PE-20A,CARRETERA
A-2023-03-157,V-2023-03-157-2,LIMA,LIMA,CARABAYLLO,IDENTIFICADO,NO HABILITADO,SERVICIO ESPECIAL DE PASAJEROS,PERSONAS,PROVINCIAL,SI,NO REGISTRA,SOAT,LA POSITIVA,SI,VIGENTE,CAMIONETA RURAL,CHOQUE,28/03/2023,2023,MARZO,MARTES,7,PE-20A,CARRETERA
A-2023-03-156,V-2023-03-156-1,LIMA,LIMA,COMAS,IDENTIFICADO,NO HABILITADO,PUBLICO URBANO,PERSONAS,PROVINCIAL,NO,NO REGISTRA,,,SI,VIGENTE,MINIBUS,ATROPELLO,28/03/2023,2023,MARZO,MARTES,16,PE-1N,CARRETERA
A-2023-03-158,V-2023-03-158-1,LIMA,LIMA,SAN BORJA,IDENTIFICADO,HABILITADO,CARGA,CARGA Y/O MERCANCÍAS,NACIONAL,SI,VIGENTE,SOAT,RIMAC,SI,VIGENTE,REMOLCADOR-SEMIREMOLQUE,CHOQUE,31/03/2023,2023,MARZO,VIERNES,12,PE-1S,CARRETERA
A-2023-03-158,V-2023-03-158-2,LIMA,LIMA,SAN BORJA,IDENTIFICADO,NO CORRESPONDE,PARTICULAR,PERSONAS,NO SE CONOCE,SI,VIGENTE,SOAT,LA POSITIVA,NO,NO REGISTRA,MOTOCICLETA,CHOQUE,31/03/2023,2023,MARZO,VIERNES,12,PE-1S,CARRETERA
A-2023-04-140,V-2023-04-140-1,LIMA,LIMA,SURQUILLO,FUGADO,NO CORRESPONDE,NO CORRESPONDE,PERSONAS,,NO CORRESPONDE,NO APLICA,,,NO CORRESPONDE,NO APLICA,VEHICULO NO IDENTIFICADO,ATROPELLO FUGA,01/04/2023,2023,ABRIL,SÁBADO,20,NO CORRESPONDE,AVENIDA
A-2023-04-139,V-2023-04-139-1,LIMA,LIMA,LURIN,IDENTIFICADO,NO CORRESPONDE,PARTICULAR,PERSONAS,NO SE CONOCE,SI,VIGENTE,SOAT,PROTECTA,SI,VIGENTE,AUTOMÓVIL,ATROPELLO,01/04/2023,2023,ABRIL,SÁBADO,22,PE-1S,CARRETERA
A-2023-04-142,V-2023-04-142-1,LIMA,LIMA,PUNTA HERMOSA,FUGADO,NO CORRESPONDE,NO CORRESPONDE,PERSONAS,NO SE CONOCE,NO CORRESPONDE,NO APLICA,,,NO CORRESPONDE,NO APLICA,VEHICULO NO IDENTIFICADO,ATROPELLO FUGA,02/04/2023,2023,ABRIL,DOMINGO,4,PE-1S,CARRETERA
A-2023-04-145,V-2023-04-145-1,LIMA,LIMA,LURIGANCHO,IDENTIFICADO,NO HABILITADO,PUBLICO URBANO,PERSONAS,PROVINCIAL,SI,VIGENTE,SOAT,LA POSITIVA,SI,VIGENTE,CAMIONETA RURAL,CHOQUE FUGA,02/04/2023,2023,ABRIL,DOMINGO,7,PE-22,CARRETERA
A-2023-04-145,V-2023-04-145-2,LIMA,LIMA,LURIGANCHO,IDENTIFICADO,NO CORRESPONDE,PARTICULAR,PERSONAS,NO SE CONOCE,SI,VIGENTE,SOAT,LA POSITIVA,NO,NO REGISTRA,MOTOCICLETA,CHOQUE FUGA,02/04/2023,2023,ABRIL,DOMINGO,7,PE-22,CARRETERA
A-2023-04-141,V-2023-04-141-1,LIMA,LIMA,COMAS,IDENTIFICADO,NO CORRESPONDE,PUBLICO URBANO,PERSONAS,PROVINCIAL,NO,NO REGISTRA,,,SI,VIGENTE,ÓMNIBUS,ATROPELLO,02/04/2023,2023,ABRIL,DOMINGO,11,NO CORRESPONDE,AVENIDA
A-2023-04-147,V-2023-04-147-1,LIMA,LIMA,MAGDALENA DEL MAR,IDENTIFICADO,NO CORRESPONDE,PARTICULAR,PERSONAS,NO SE CONOCE,SI,VIGENTE,SOAT,RIMAC,NO,NO REGISTRA,MOTOCICLETA,CHOQUE,03/04/2023,2023,ABRIL,LUNES,6,NO CORRESPONDE,OTRO
A-2023-04-147,V-2023-04-147-2,LIMA,LIMA,MAGDALENA DEL MAR,FUGADO,NO CORRESPONDE,NO CORRESPONDE,PERSONAS,,NO CORRESPONDE,VIGENTE,,,NO CORRESPONDE,NO APLICA,VEHICULO NO IDENTIFICADO,CHOQUE,03/04/2023,2023,ABRIL,LUNES,6,NO CORRESPONDE,OTRO
A-2023-04-21,V-2023-04-21-1,CALLAO,CALLAO,CALLAO,IDENTIFICADO,HABILITADO,PARTICULAR,CARGA Y/O MERCANCÍAS,NO SE CONOCE,SI,VIGENTE,SOAT,RIMAC,SI,VIGENTE,CAMIÓN,CHOQUE,05/04/2023,2023,ABRIL,MIÉRCOLES,19,NO CORRESPONDE,AVENIDA
A-2023-04-21,V-2023-04-21-2,CALLAO,CALLAO,CALLAO,IDENTIFICADO,NO CORRESPONDE,PARTICULAR,PERSONAS,NO SE CONOCE,NO CORRESPONDE,VIGENTE,,,NO CORRESPONDE,NO APLICA,MOTOCICLETA ELECTRICA,CHOQUE,05/04/2023,2023,ABRIL,MIÉRCOLES,19,NO CORRESPONDE,AVENIDA
A-2023-04-144,V-2023-04-144-1,LIMA,LIMA,SAN MARTIN DE PORRES,IDENTIFICADO,NO HABILITADO,CARGA,CARGA Y/O MERCANCÍAS,NACIONAL,SI,VIGENTE,SOAT,INTERSEGURO,SI,VIGENTE,CAMIÓN,ATROPELLO FUGA,06/04/2023,2023,ABRIL,JUEVES,18,NO CORRESPONDE,AVENIDA
A-2023-04-143,V-2023-04-143-1,LIMA,LIMA,LURIN,FUGADO,NO CORRESPONDE,NO CORRESPONDE,PERSONAS,,NO CORRESPONDE,NO APLICA,,,NO CORRESPONDE,NO APLICA,VEHICULO NO IDENTIFICADO,ATROPELLO FUGA,07/04/2023,2023,ABRIL,VIERNES,2,PE-1S,CARRETERA
A-2023-04-151,V-2023-04-151-1,LIMA,LIMA,EL AGUSTINO,IDENTIFICADO,NO CORRESPONDE,PARTICULAR,PERSONAS,NO SE CONOCE,SI,VIGENTE,SOAT,LA POSITIVA,NO,NO REGISTRA,MOTOCICLETA,DESPISTE,07/04/2023,2023,ABRIL,VIERNES,4,PE-1N,CARRETERA
A-2023-04-152,V-2023-04-152-1,LIMA,LIMA,ANCON,IDENTIFICADO,NO CORRESPONDE,PARTICULAR,PERSONAS,NO SE CONOCE,SI,VIGENTE,SOAT,INTERSEGURO,SI,VIGENTE,AUTOMÓVIL,ATROPELLO,08/04/2023,2023,ABRIL,SÁBADO,6,PE-1N,CARRETERA
A-2023-04-153,V-2023-04-153-1,LIMA,LIMA,CHORRILLOS,IDENTIFICADO,NO CORRESPONDE,CARGA,CARGA Y/O MERCANCÍAS,NACIONAL,SI,VIGENTE,SOAT,MAPFRE,SI,VIGENTE,CAMIONETA RURAL,ATROPELLO,08/04/2023,2023,ABRIL,SÁBADO,10,PE-1S,CARRETERA
A-2023-04-154,V-2023-04-154-1,LIMA,LIMA,SANTIAGO DE SURCO,IDENTIFICADO,NO CORRESPONDE,PARTICULAR,PERSONAS,NO SE CONOCE,SI,VIGENTE,SOAT,LA POSITIVA,NO,NO REGISTRA,MOTOCICLETA,DESPISTE,08/04/2023,2023,ABRIL,SÁBADO,23,NO CORRESPONDE,AVENIDA
A-2023-04-113,V-2023-04-113-1,CALLAO,CALLAO,CALLAO,IDENTIFICADO,HABILITADO,PARTICULAR,PERSONAS,NO SE CONOCE,SI,VIGENTE,SOAT,LA POSITIVA,NO CORRESPONDE,NO APLICA,MOTOCICLETA,CHOQUE,09/04/2023,2023,ABRIL,DOMINGO,6,NO CORRESPONDE,AUTOPISTA
A-2023-04-113,V-2023-04-113-2,CALLAO,CALLAO,CALLAO,ESTACIONADO,HABILITADO,CARGA,CARGA Y/O MERCANCÍAS,NACIONAL,SI,VIGENTE,SOAT,LA POSITIVA,NO,NO REGISTRA,REMOLCADOR,CHOQUE,09/04/2023,2023,ABRIL,DOMINGO,6,NO CORRESPONDE,AUTOPISTA
A-2023-04-155,V-2023-04-155-1,LIMA,LIMA,ATE,IDENTIFICADO,NO HABILITADO,CARGA,CARGA Y/O MERCANCÍAS,NO SE CONOCE,SI,VIGENTE,SOAT,LA POSITIVA,NO,NO REGISTRA,CAMIÓN,ATROPELLO,09/04/2023,2023,ABRIL,DOMINGO,17,PE-22,CARRETERA
A-2023-04-8,V-2023-04-8-1,CALLAO,CALLAO,MI PERU,IDENTIFICADO,HABILITADO,PARTICULAR,PERSONAS,NO SE CONOCE,SI,VIGENTE,SOAT,LA POSITIVA,SI,VIGENTE,STATION WAGON,ATROPELLO,10/04/2023,2023,ABRIL,LUNES,10,PE-20,CARRETERA
A-2023-04-124,V-2023-04-124-1,CALLAO,CALLAO,CALLAO,IDENTIFICADO,HABILITADO,PARTICULAR,PERSONAS,NO SE CONOCE,SI,VENCIDO,SOAT,LA POSITIVA,SI,VIGENTE,MOTOCICLETA,ATROPELLO,11/04/2023,2023,ABRIL,MARTES,9,NO CORRESPONDE,AVENIDA
A-2023-04-156,V-2023-04-156-1,LIMA,LIMA,VILLA EL SALVADOR,IDENTIFICADO,NO HABILITADO,SERVICIO ESPECIAL DE PASAJEROS,PERSONAS,DISTRITAL,NO,NO REGISTRA,,,NO,NO REGISTRA,TRIMOTO PASAJERO,CHOQUE,11/04/2023,2023,ABRIL,MARTES,18,NO CORRESPONDE,AVENIDA
A-2023-04-156,V-2023-04-156-2,LIMA,LIMA,VILLA EL SALVADOR,IDENTIFICADO,NO HABILITADO,CARGA,CARGA Y/O MERCANCÍAS,NO SE CONOCE,SI,NO REGISTRA,SOAT,LA POSITIVA,SI,VIGENTE,CAMIÓN,CHOQUE,11/04/2023,2023,ABRIL,MARTES,18,NO CORRESPONDE,AVENIDA
A-2023-04-171,V-2023-04-171-1,LIMA,LIMA,LIMA,IDENTIFICADO,HABILITADO,PUBLICO URBANO,PERSONAS,DISTRITAL,SI,VIGENTE,SOAT,LA POSITIVA,SI,VIGENTE,CAMIONETA RURAL,ATROPELLO,12/04/2023,2023,ABRIL,MIÉRCOLES,0,NO CORRESPONDE,AVENIDA
A-2023-04-170,V-2023-04-170-1,LIMA,LIMA,PACHACAMAC,IDENTIFICADO,NO CORRESPONDE,PARTICULAR,PERSONAS,NO SE CONOCE,SI,VENCIDO,SOAT,PACIFICO,NO,NO REGISTRA,MOTOCICLETA,DESPISTE,12/04/2023,2023,ABRIL,MIÉRCOLES,13,NO CORRESPONDE,CALLE
A-2023-04-185,V-2023-04-185-1,LIMA,LIMA,PACHACAMAC,IDENTIFICADO,NO CORRESPONDE,PARTICULAR,PERSONAS,NO SE CONOCE,NO,NO REGISTRA,,,NO,NO REGISTRA,MOTOCICLETA,VOLCADURA,12/04/2023,2023,ABRIL,MIÉRCOLES,13,NO CORRESPONDE,CALLE
A-2023-04-157,V-2023-04-157-1,LIMA,LIMA,SAN JUAN DE MIRAFLORES,IDENTIFICADO,HABILITADO,PUBLICO URBANO,PERSONAS,PROVINCIAL,SI,VIGENTE,SOAT,RIMAC,SI,VIGENTE,ÓMNIBUS,ATROPELLO,14/04/2023,2023,ABRIL,VIERNES,23,NO CORRESPONDE,AVENIDA
A-2023-04-150,V-2023-04-150-1,LIMA,LIMA,LA VICTORIA,IDENTIFICADO,HABILITADO,CARGA,CARGA Y/O MERCANCÍAS,NACIONAL,SI,VIGENTE,SOAT,INTERSEGURO,SI,VIGENTE,CAMIÓN,ATROPELLO,16/04/2023,2023,ABRIL,DOMINGO,4,NO CORRESPONDE,AVENIDA
A-2023-04-149,V-2023-04-149-1,LIMA,LIMA,LIMA,FUGADO,NO CORRESPONDE,NO CORRESPONDE,,,NO CORRESPONDE,NO APLICA,,,NO CORRESPONDE,NO APLICA,VEHICULO NO IDENTIFICADO,ATROPELLO FUGA,22/04/2023,2023,ABRIL,SÁBADO,3,NO CORRESPONDE,AVENIDA
A-2023-04-148,V-2023-04-148-1,LIMA,LIMA,ATE,IDENTIFICADO,HABILITADO,CARGA,CARGA Y/O MERCANCÍAS,NACIONAL,SI,VIGENTE,SOAT,PROTECTA,SI,VIGENTE,CAMIÓN,ATROPELLO FUGA,22/04/2023,2023,ABRIL,SÁBADO,9,NO CORRESPONDE,AVENIDA
A-2023-04-146,V-2023-04-146-1,LIMA,LIMA,SAN JUAN DE LURIGANCHO,IDENTIFICADO,NO CORRESPONDE,PARTICULAR,PERSONAS,NO SE CONOCE,SI,VIGENTE,SOAT,LA POSITIVA,NO,NO REGISTRA,MOTOCICLETA,ATROPELLO,23/04/2023,2023,ABRIL,DOMINGO,12,NO CORRESPONDE,AVENIDA
A-2023-04-138,V-2023-04-138-1,LIMA,LIMA,VILLA MARIA DEL TRIUNFO,IDENTIFICADO,HABILITADO,TRABAJADORES,PERSONAS,NACIONAL,SI,VIGENTE,SOAT,RIMAC,SI,VIGENTE,ÓMNIBUS,ATROPELLO,23/04/2023,2023,ABRIL,DOMINGO,14,NO CORRESPONDE,AVENIDA
A-2023-04-136,V-2023-04-136-1,LIMA,LIMA,ATE,IDENTIFICADO,NO CORRESPONDE,PARTICULAR,PERSONAS,NO SE CONOCE,SI,VIGENTE,SOAT,LA POSITIVA,SI,VIGENTE,AUTOMÓVIL,CHOQUE,24/04/2023,2023,ABRIL,LUNES,4,PE-22,CARRETERA
A-2023-04-136,V-2023-04-136-2,LIMA,LIMA,ATE,IDENTIFICADO,NO CORRESPONDE,PARTICULAR,PERSONAS,NO SE CONOCE,NO CORRESPONDE,VIGENTE,,,NO CORRESPONDE,NO APLICA,BICICLETA,CHOQUE,24/04/2023,2023,ABRIL,LUNES,4,PE-22,CARRETERA
A-2023-04-137,V-2023-04-137-1,LIMA,LIMA,SAN MARTIN DE PORRES,IDENTIFICADO,NO CORRESPONDE,PARTICULAR,PERSONAS,NO SE CONOCE,SI,VIGENTE,SOAT,MAPFRE,SI,VIGENTE,AUTOMÓVIL,DESPISTE,24/04/2023,2023,ABRIL,LUNES,9,NO CORRESPONDE,AVENIDA
A-2023-04-135,V-2023-04-135-1,LIMA,LIMA,SANTA ANITA,IDENTIFICADO,NO CORRESPONDE,CARGA,CARGA Y/O MERCANCÍAS,NACIONAL,SI,VIGENTE,SOAT,INTERSEGURO,SI,VIGENTE,CAMIONETA PANEL,ATROPELLO,24/04/2023,2023,ABRIL,LUNES,13,NO CORRESPONDE,AVENIDA
A-2023-04-133,V-2023-04-133-1,LIMA,LIMA,PUNTA HERMOSA,IDENTIFICADO,NO HABILITADO,CARGA,CARGA Y/O MERCANCÍAS,NACIONAL,SI,VIGENTE,SOAT,INTERSEGURO,NO,NO REGISTRA,CAMIÓN,CAÍDA DE PASAJERO,24/04/2023,2023,ABRIL,LUNES,16,NO CORRESPONDE,AVENIDA
A-2023-04-134,V-2023-04-134-1,LIMA,LIMA,ATE,IDENTIFICADO,HABILITADO,CARGA,CARGA Y/O MERCANCÍAS,NACIONAL,SI,VIGENTE,SOAT,LA POSITIVA,NO,NO REGISTRA,CAMIÓN,CHOQUE,25/04/2023,2023,ABRIL,MARTES,15,NO CORRESPONDE,AVENIDA
A-2023-04-134,V-2023-04-134-2,LIMA,LIMA,ATE,ESTACIONADO,NO CORRESPONDE,PARTICULAR,PERSONAS,NO SE CONOCE,SI,VIGENTE,SOAT,INTERSEGURO,SI,VIGENTE,AUTOMÓVIL,CHOQUE,25/04/2023,2023,ABRIL,MARTES,15,NO CORRESPONDE,AVENIDA
A-2023-04-131,V-2023-04-131-1,LIMA,LIMA,LURIGANCHO,FUGADO,NO CORRESPONDE,NO CORRESPONDE,,,NO CORRESPONDE,NO APLICA,,,NO CORRESPONDE,NO APLICA,VEHICULO NO IDENTIFICADO,ATROPELLO FUGA,27/04/2023,2023,ABRIL,JUEVES,6,NO CORRESPONDE,AVENIDA
A-2023-04-132,V-2023-04-132-1,LIMA,LIMA,LA MOLINA,FUGADO,NO CORRESPONDE,NO CORRESPONDE,,,NO CORRESPONDE,NO APLICA,,,NO CORRESPONDE,NO APLICA,VEHICULO NO IDENTIFICADO,ATROPELLO FUGA,27/04/2023,2023,ABRIL,JUEVES,10,PE-1S,CARRETERA
A-2023-04-129,V-2023-04-129-1,LIMA,LIMA,SAN JUAN DE LURIGANCHO,IDENTIFICADO,HABILITADO,TAXI,PERSONAS,PROVINCIAL,SI,VIGENTE,SOAT,INTERSEGURO,NO CORRESPONDE,NO APLICA,AUTOMÓVIL,ATROPELLO,27/04/2023,2023,ABRIL,JUEVES,18,NO CORRESPONDE,AVENIDA
A-2023-04-121,V-2023-04-121-1,LIMA,LIMA,BARRANCO,IDENTIFICADO,NO CORRESPONDE,AMBULANCIA,CARGA Y/O MERCANCÍAS,NACIONAL,SI,VIGENTE,SOAT,MAPFRE,NO,NO REGISTRA,CAMIONETA PANEL,ATROPELLO,28/04/2023,2023,ABRIL,VIERNES,9,NO CORRESPONDE,AVENIDA
A-2023-04-127,V-2023-04-127-1,LIMA,LIMA,CARABAYLLO,IDENTIFICADO,NO CORRESPONDE,SERVICIO ESPECIAL DE PASAJEROS,PERSONAS,PROVINCIAL,NO ESPECIFICA,NO REGISTRA,,,NO,NO REGISTRA,TRIMOTO PASAJERO,CHOQUE,29/04/2023,2023,ABRIL,SÁBADO,13,NO CORRESPONDE,AVENIDA
A-2023-04-127,V-2023-04-127-2,LIMA,LIMA,CARABAYLLO,IDENTIFICADO,NO CORRESPONDE,SERVICIO ESPECIAL DE PASAJEROS,PERSONAS,PROVINCIAL,NO ESPECIFICA,NO REGISTRA,,,NO,NO REGISTRA,TRIMOTO PASAJERO,CHOQUE,29/04/2023,2023,ABRIL,SÁBADO,13,NO CORRESPONDE,AVENIDA
A-2023-04-128,V-2023-04-128-1,LIMA,LIMA,VILLA EL SALVADOR,IDENTIFICADO,NO CORRESPONDE,PARTICULAR,PERSONAS,NO SE CONOCE,SI,VIGENTE,SOAT,LA POSITIVA,NO,NO REGISTRA,MOTOCICLETA,VOLCADURA,29/04/2023,2023,ABRIL,SÁBADO,13,PE-1S,CARRETERA
A-2023-04-122,V-2023-04-122-1,LIMA,LIMA,MIRAFLORES,IDENTIFICADO,NO CORRESPONDE,PARTICULAR,PERSONAS,NO SE CONOCE,SI,VIGENTE,SOAT,LA POSITIVA,NO,NO REGISTRA,MOTOCICLETA,DESPISTE,29/04/2023,2023,ABRIL,SÁBADO,16,NO CORRESPONDE,AVENIDA
A-2023-04-126,V-2023-04-126-1,LIMA,LIMA,CARABAYLLO,IDENTIFICADO,NO CORRESPONDE,PARTICULAR,PERSONAS,NO SE CONOCE,SI,VIGENTE,SOAT,RIMAC,SI,VIGENTE,AUTOMÓVIL,ATROPELLO,30/04/2023,2023,ABRIL,DOMINGO,5,NO CORRESPONDE,AVENIDA
A-2023-04-125,V-2023-04-125-1,LIMA,LIMA,VILLA EL SALVADOR,IDENTIFICADO,HABILITADO,PUBLICO URBANO,PERSONAS,PROVINCIAL,NO,NO REGISTRA,,,SI,VIGENTE,CAMIONETA RURAL,CHOQUE,30/04/2023,2023,ABRIL,DOMINGO,11,NO CORRESPONDE,AVENIDA
A-2023-04-125,V-2023-04-125-2,LIMA,LIMA,VILLA EL SALVADOR,IDENTIFICADO,NO CORRESPONDE,CARGA,CARGA Y/O MERCANCÍAS,NACIONAL,SI,NO REGISTRA,SOAT,RIMAC,SI,VIGENTE,CAMIONETA PANEL,CHOQUE,30/04/2023,2023,ABRIL,DOMINGO,11,NO CORRESPONDE,AVENIDA
A-2023-04-123,V-2023-04-123-1,LIMA,LIMA,EL AGUSTINO,IDENTIFICADO,NO CORRESPONDE,PARTICULAR,PERSONAS,NO SE CONOCE,SI,VIGENTE,SOAT,LA POSITIVA,SI,VIGENTE,AUTOMÓVIL,DESPISTE,30/04/2023,2023,ABRIL,DOMINGO,15,PE-22,CARRETERA
A-2023-05-140,V-2023-05-140-1,LIMA,LIMA,SAN JUAN DE LURIGANCHO,IDENTIFICADO,NO CORRESPONDE,PARTICULAR,PERSONAS,NO SE CONOCE,SI,VIGENTE,SOAT,RIMAC,SI,VIGENTE,AUTOMÓVIL,ATROPELLO,03/05/2023,2023,MAYO,MIÉRCOLES,10,NO CORRESPONDE,JIRÓN
A-2023-05-139,V-2023-05-139-1,LIMA,LIMA,SAN JUAN DE LURIGANCHO,IDENTIFICADO,NO CORRESPONDE,OTRO,CARGA Y/O MERCANCÍAS,NO SE CONOCE,NO CORRESPONDE,NO APLICA,,,NO CORRESPONDE,NO APLICA,OTRO,ATROPELLO,06/05/2023,2023,MAYO,SÁBADO,9,NO CORRESPONDE,AVENIDA
A-2023-05-155,V-2023-05-155-1,LIMA,LIMA,SANTIAGO DE SURCO,IDENTIFICADO,NO CORRESPONDE,PARTICULAR,PERSONAS,NO SE CONOCE,SI,VIGENTE,SOAT,RIMAC,SI,VIGENTE,AUTOMÓVIL,CHOQUE,06/05/2023,2023,MAYO,SÁBADO,15,PE-1S,CARRETERA
A-2023-05-155,V-2023-05-155-2,LIMA,LIMA,SANTIAGO DE SURCO,IDENTIFICADO,NO CORRESPONDE,PARTICULAR,PERSONAS,NO SE CONOCE,NO,VIGENTE,,,NO ESPECIFICA,NO REGISTRA,MOTOCICLETA,CHOQUE,06/05/2023,2023,MAYO,SÁBADO,15,PE-1S,CARRETERA
A-2023-05-174,V-2023-05-174-1,LIMA,LIMA,SANTIAGO DE SURCO,IDENTIFICADO,NO CORRESPONDE,PARTICULAR,PERSONAS,NO SE CONOCE,SI,VIGENTE,SOAT,RIMAC,SI,VIGENTE,AUTOMÓVIL,CHOQUE,06/05/2023,2023,MAYO,SÁBADO,15,PE-1S,CARRETERA
A-2023-05-174,V-2023-05-174-2,LIMA,LIMA,SANTIAGO DE SURCO,IDENTIFICADO,NO CORRESPONDE,PARTICULAR,PERSONAS,NO SE CONOCE,NO ESPECIFICA,VIGENTE,,,NO ESPECIFICA,NO REGISTRA,MOTOCICLETA,CHOQUE,06/05/2023,2023,MAYO,SÁBADO,15,PE-1S,CARRETERA
A-2023-05-138,V-2023-05-138-1,LIMA,LIMA,INDEPENDENCIA,IDENTIFICADO,NO CORRESPONDE,PARTICULAR,PERSONAS,NO SE CONOCE,SI,VIGENTE,SOAT,MAPFRE,NO,NO REGISTRA,MOTOCICLETA,ATROPELLO,06/05/2023,2023,MAYO,SÁBADO,22,NO CORRESPONDE,AVENIDA
A-2023-05-137,V-2023-05-137-1,LIMA,LIMA,LOS OLIVOS,IDENTIFICADO,NO CORRESPONDE,PARTICULAR,PERSONAS,NO SE CONOCE,SI,VIGENTE,SOAT,PACIFICO,SI,VIGENTE,STATION WAGON,CHOQUE,07/05/2023,2023,MAYO,DOMINGO,0,NO CORRESPONDE,AVENIDA
A-2023-05-137,V-2023-05-137-2,LIMA,LIMA,LOS OLIVOS,IDENTIFICADO,NO CORRESPONDE,PARTICULAR,PERSONAS,NO SE CONOCE,SI,VIGENTE,SOAT,RIMAC,NO,NO REGISTRA,MOTOCICLETA,CHOQUE,07/05/2023,2023,MAYO,DOMINGO,0,NO CORRESPONDE,AVENIDA
A-2023-05-136,V-2023-05-136-1,LIMA,LIMA,SAN BORJA,IDENTIFICADO,HABILITADO,CARGA,CARGA Y/O MERCANCÍAS,NACIONAL,SI,VIGENTE,SOAT,RIMAC,SI,VIGENTE,REMOLCADOR-SEMIREMOLQUE,CHOQUE,08/05/2023,2023,MAYO,LUNES,5,PE-1S,CARRETERA
A-2023-05-136,V-2023-05-136-2,LIMA,LIMA,SAN BORJA,IDENTIFICADO,HABILITADO,REGULAR(INTERPROVINCIAL),PERSONAS,NACIONAL,SI,VIGENTE,SOAT,MAPFRE,SI,VIGENTE,ÓMNIBUS,CHOQUE,08/05/2023,2023,MAYO,LUNES,5,PE-1S,CARRETERA
A-2023-05-135,V-2023-05-135-1,LIMA,LIMA,VILLA EL SALVADOR,FUGADO,NO CORRESPONDE,NO CORRESPONDE,,,NO CORRESPONDE,NO APLICA,,,NO CORRESPONDE,NO APLICA,VEHICULO NO IDENTIFICADO,ATROPELLO FUGA,10/05/2023,2023,MAYO,MIÉRCOLES,13,PE-1S,CARRETERA
A-2023-05-134,V-2023-05-134-1,LIMA,LIMA,LURIGANCHO,IDENTIFICADO,HABILITADO,CARGA,CARGA Y/O MERCANCÍAS,NACIONAL,SI,VIGENTE,SOAT,INTERSEGURO,SI,VIGENTE,REMOLCADOR-SEMIREMOLQUE,CHOQUE,11/05/2023,2023,MAYO,JUEVES,12,NO CORRESPONDE,AVENIDA
A-2023-05-134,V-2023-05-134-2,LIMA,LIMA,LURIGANCHO,IDENTIFICADO,NO CORRESPONDE,PARTICULAR,PERSONAS,NO SE CONOCE,NO,VIGENTE,,,NO,NO REGISTRA,MOTOCICLETA,CHOQUE,11/05/2023,2023,MAYO,JUEVES,12,NO CORRESPONDE,AVENIDA
A-2023-05-133,V-2023-05-133-1,LIMA,LIMA,VILLA MARIA DEL TRIUNFO,IDENTIFICADO,NO CORRESPONDE,PARTICULAR,PERSONAS,NO SE CONOCE,NO CORRESPONDE,NO APLICA,,,NO CORRESPONDE,NO APLICA,OTRO,DESPISTE,11/05/2023,2023,MAYO,JUEVES,18,NO CORRESPONDE,JIRÓN
A-2023-05-132,V-2023-05-132-1,LIMA,LIMA,LURIN,IDENTIFICADO,NO CORRESPONDE,PARTICULAR,PERSONAS,NO SE CONOCE,SI,VIGENTE,SOAT,INTERSEGURO,SI,VIGENTE,CAMIONETA RURAL,ATROPELLO,12/05/2023,2023,MAYO,VIERNES,21,PE-1S,CARRETERA
A-2023-05-131,V-2023-05-131-1,LIMA,LIMA,RIMAC,IDENTIFICADO,NO CORRESPONDE,PARTICULAR,PERSONAS,NO SE CONOCE,SI,VIGENTE,SOAT,INTERSEGURO,NO,NO REGISTRA,AUTOMÓVIL,ATROPELLO,13/05/2023,2023,MAYO,SÁBADO,10,NO CORRESPONDE,JIRÓN
A-2023-05-130,V-2023-05-130-1,LIMA,LIMA,SAN MARTIN DE PORRES,IDENTIFICADO,NO CORRESPONDE,PARTICULAR,PERSONAS,NO SE CONOCE,SI,VIGENTE,SOAT,PACIFICO,SI,VIGENTE,AUTOMÓVIL,ATROPELLO,14/05/2023,2023,MAYO,DOMINGO,7,NO CORRESPONDE,AVENIDA
A-2023-05-129,V-2023-05-129-1,LIMA,LIMA,LURIN,IDENTIFICADO,NO CORRESPONDE,PARTICULAR,PERSONAS,NO SE CONOCE,SI,VIGENTE,SOAT,INTERSEGURO,SI,VIGENTE,AUTOMÓVIL,ATROPELLO,14/05/2023,2023,MAYO,DOMINGO,16,PE-1S,CARRETERA
A-2023-05-10,V-2023-05-10-1,LIMA,LIMA,PACHACAMAC,FUGADO,NO CORRESPONDE,NO CORRESPONDE,,,NO CORRESPONDE,NO APLICA,,,NO CORRESPONDE,NO APLICA,VEHICULO NO IDENTIFICADO,ATROPELLO FUGA,14/05/2023,2023,MAYO,DOMINGO,23,NO CORRESPONDE,AVENIDA
A-2023-05-128,V-2023-05-128-1,LIMA,LIMA,PACHACAMAC,FUGADO,NO CORRESPONDE,NO CORRESPONDE,,,NO CORRESPONDE,NO APLICA,,,NO CORRESPONDE,NO APLICA,VEHICULO NO IDENTIFICADO,ATROPELLO FUGA,14/05/2023,2023,MAYO,DOMINGO,23,NO CORRESPONDE,AVENIDA
A-2023-05-122,V-2023-05-122-1,LIMA,LIMA,ATE,FUGADO,NO CORRESPONDE,NO CORRESPONDE,,,NO CORRESPONDE,NO APLICA,,,NO CORRESPONDE,NO APLICA,VEHICULO NO IDENTIFICADO,ATROPELLO FUGA,19/05/2023,2023,MAYO,VIERNES,6,PE-22,CARRETERA
A-2023-05-127,V-2023-05-127-1,LIMA,LIMA,LURIGANCHO,IDENTIFICADO,NO CORRESPONDE,PARTICULAR,PERSONAS,NO SE CONOCE,SI,VIGENTE,SOAT,LA POSITIVA,NO,NO REGISTRA,MOTOCICLETA,VOLCADURA,20/05/2023,2023,MAYO,SÁBADO,19,PE-22,CARRETERA
A-2023-05-126,V-2023-05-126-1,LIMA,LIMA,LURIN,IDENTIFICADO,NO CORRESPONDE,PARTICULAR,PERSONAS,NO SE CONOCE,SI,VIGENTE,SOAT,RIMAC,SI,VIGENTE,AUTOMÓVIL,ATROPELLO,20/05/2023,2023,MAYO,SÁBADO,23,PE-1S,CARRETERA
A-2023-05-125,V-2023-05-125-1,LIMA,LIMA,LURIN,IDENTIFICADO,NO CORRESPONDE,PARTICULAR,PERSONAS,NO SE CONOCE,NO,NO REGISTRA,,,NO,NO REGISTRA,MOTOCICLETA,DESPISTE,21/05/2023,2023,MAYO,DOMINGO,6,PE-1S,CARRETERA
A-2023-05-125,V-2023-05-125-2,LIMA,LIMA,LURIN,IDENTIFICADO,NO CORRESPONDE,PARTICULAR,PERSONAS,NO SE CONOCE,SI,NO REGISTRA,SOAT,INTERSEGURO,NO,NO REGISTRA,AUTOMÓVIL,DESPISTE,21/05/2023,2023,MAYO,DOMINGO,6,PE-1S,CARRETERA
A-2023-05-124,V-2023-05-124-1,LIMA,LIMA,SAN JUAN DE MIRAFLORES,IDENTIFICADO,HABILITADO,CARGA,CARGA Y/O MERCANCÍAS,NACIONAL,SI,VIGENTE,SOAT,PACIFICO,NO,NO REGISTRA,REMOLCADOR-SEMIREMOLQUE,ATROPELLO,21/05/2023,2023,MAYO,DOMINGO,23,PE-1S,CARRETERA
A-2023-05-123,V-2023-05-123-1,LIMA,LIMA,PUENTE PIEDRA,IDENTIFICADO,HABILITADO,PUBLICO URBANO,PERSONAS,PROVINCIAL,SI,VIGENTE,SOAT,RIMAC,SI,VIGENTE,MINIBUS,CHOQUE,22/05/2023,2023,MAYO,LUNES,20,PE-1N,CARRETERA
A-2023-05-123,V-2023-05-123-2,LIMA,LIMA,PUENTE PIEDRA,IDENTIFICADO,HABILITADO,SERVICIO ESPECIAL DE PASAJEROS,PERSONAS,DISTRITAL,NO ESPECIFICA,VIGENTE,,,NO,NO REGISTRA,TRIMOTO PASAJERO,CHOQUE,22/05/2023,2023,MAYO,LUNES,20,PE-1N,CARRETERA
A-2023-05-121,V-2023-05-121-1,LIMA,LIMA,SAN JUAN DE MIRAFLORES,IDENTIFICADO,HABILITADO,CARGA,CARGA Y/O MERCANCÍAS,NACIONAL,SI,VIGENTE,SOAT,RIMAC,SI,VIGENTE,REMOLCADOR-SEMIREMOLQUE,CHOQUE,24/05/2023,2023,MAYO,MIÉRCOLES,14,PE-1S,CARRETERA
A-2023-05-121,V-2023-05-121-2,LIMA,LIMA,SAN JUAN DE MIRAFLORES,IDENTIFICADO,NO HABILITADO,TAXI,PERSONAS,PROVINCIAL,SI,VIGENTE,SOAT,INTERSEGURO,NO,NO REGISTRA,AUTOMÓVIL,CHOQUE,24/05/2023,2023,MAYO,MIÉRCOLES,14,PE-1S,CARRETERA
A-2023-05-154,V-2023-05-154-1,LIMA,LIMA,CHORRILLOS,IDENTIFICADO,HABILITADO,PARTICULAR,CARGA Y/O MERCANCÍAS,NO SE CONOCE,SI,VIGENTE,SOAT,PACIFICO,SI,VIGENTE,CAMIÓN,ATROPELLO,24/05/2023,2023,MAYO,MIÉRCOLES,17,NO CORRESPONDE,AVENIDA
A-2023-05-173,V-2023-05-173-1,LIMA,LIMA,CHORRILLOS,IDENTIFICADO,HABILITADO,CARGA,CARGA Y/O MERCANCÍAS,NACIONAL,SI,VIGENTE,SOAT,PACIFICO,SI,VIGENTE,CAMIÓN,ATROPELLO,24/05/2023,2023,MAYO,MIÉRCOLES,17,NO CORRESPONDE,AVENIDA
A-2023-05-107,V-2023-05-107-1,CALLAO,CALLAO,VENTANILLA,IDENTIFICADO,HABILITADO,PUBLICO URBANO,,,SI,VIGENTE,SOAT,RIMAC,SI,VIGENTE,MINIBUS,DESPISTE,26/05/2023,2023,MAYO,VIERNES,8,PE-20,CARRETERA
A-2023-05-120,V-2023-05-120-1,LIMA,LIMA,PUEBLO LIBRE,IDENTIFICADO,NO CORRESPONDE,PARTICULAR,PERSONAS,NO SE CONOCE,SI,VIGENTE,SOAT,RIMAC,NO,NO REGISTRA,AUTOMÓVIL,CHOQUE,26/05/2023,2023,MAYO,VIERNES,20,NO CORRESPONDE,AVENIDA
A-2023-05-120,V-2023-05-120-2,LIMA,LIMA,PUEBLO LIBRE,IDENTIFICADO,NO CORRESPONDE,PARTICULAR,PERSONAS,NO SE CONOCE,SI,VIGENTE,SOAT,LA POSITIVA,NO,NO REGISTRA,MOTOCICLETA,CHOQUE,26/05/2023,2023,MAYO,VIERNES,20,NO CORRESPONDE,AVENIDA
A-2023-05-119,V-2023-05-119-1,LIMA,LIMA,VILLA EL SALVADOR,IDENTIFICADO,NO CORRESPONDE,PARTICULAR,PERSONAS,NO SE CONOCE,SI,VIGENTE,SOAT,PROTECTA,SI,VENCIDO,AUTOMÓVIL,CHOQUE,26/05/2023,2023,MAYO,VIERNES,21,PE-1S,CARRETERA
A-2023-05-119,V-2023-05-119-2,LIMA,LIMA,VILLA EL SALVADOR,IDENTIFICADO,NO CORRESPONDE,PARTICULAR,PERSONAS,NO SE CONOCE,SI,VIGENTE,SOAT,PROTECTA,NO,NO REGISTRA,AUTOMÓVIL,CHOQUE,26/05/2023,2023,MAYO,VIERNES,21,PE-1S,CARRETERA
A-2023-05-113,V-2023-05-113-1,LIMA,LIMA,LIMA,IDENTIFICADO,NO CORRESPONDE,PARTICULAR,PERSONAS,NO SE CONOCE,SI,VIGENTE,SOAT,LA POSITIVA,NO CORRESPONDE,NO APLICA,MOTOCICLETA,ATROPELLO,27/05/2023,2023,MAYO,SÁBADO,20,NO CORRESPONDE,AVENIDA
A-2023-05-114,V-2023-05-114-1,LIMA,LIMA,PUENTE PIEDRA,IDENTIFICADO,HABILITADO,PUBLICO URBANO,PERSONAS,PROVINCIAL,NO ESPECIFICA,NO REGISTRA,,,SI,VIGENTE,MINIBUS,ATROPELLO,27/05/2023,2023,MAYO,SÁBADO,20,PE-1N,CARRETERA
A-2023-05-112,V-2023-05-112-1,LIMA,LIMA,SAN MARTIN DE PORRES,IDENTIFICADO,HABILITADO,TAXI,PERSONAS,PROVINCIAL,NO ESPECIFICA,NO REGISTRA,,,SI,VIGENTE,AUTOMÓVIL,CHOQUE CON OBJETO FIJO,28/05/2023,2023,MAYO,DOMINGO,5,PE-1N,CARRETERA
A-2023-05-116,V-2023-05-116-1,LIMA,LIMA,LURIGANCHO,IDENTIFICADO,HABILITADO,CARGA,CARGA Y/O MERCANCÍAS,NACIONAL,SI,VIGENTE,SOAT,RIMAC,NO CORRESPONDE,NO APLICA,CAMIÓN,ATROPELLO,29/05/2023,2023,MAYO,LUNES,16,NO CORRESPONDE,AVENIDA
A-2023-05-115,V-2023-05-115-1,LIMA,LIMA,PUEBLO LIBRE,IDENTIFICADO,HABILITADO,PUBLICO URBANO,PERSONAS,PROVINCIAL,SI,VIGENTE,SOAT,LA POSITIVA,SI,VIGENTE,ÓMNIBUS,ATROPELLO,29/05/2023,2023,MAYO,LUNES,17,NO CORRESPONDE,AVENIDA
A-2023-05-117,V-2023-05-117-1,LIMA,LIMA,PUENTE PIEDRA,IDENTIFICADO,NO CORRESPONDE,CARGA,CARGA Y/O MERCANCÍAS,NACIONAL,SI,VIGENTE,SOAT,LA POSITIVA,SI,VIGENTE,CAMIONETA PICK UP,CAÍDA DE PASAJERO,30/05/2023,2023,MAYO,MARTES,7,NO CORRESPONDE,CALLE
A-2023-05-118,V-2023-05-118-1,LIMA,LIMA,VILLA EL SALVADOR,IDENTIFICADO,HABILITADO,PUBLICO URBANO,PERSONAS,PROVINCIAL,SI,VIGENTE,SOAT,RIMAC,SI,VIGENTE,MINIBUS,ATROPELLO,31/05/2023,2023,MAYO,MIÉRCOLES,19,NO CORRESPONDE,AVENIDA
A-2023-06-114,V-2023-06-114-1,LIMA,LIMA,SAN MIGUEL,IDENTIFICADO,NO CORRESPONDE,PARTICULAR,PERSONAS,NO SE CONOCE,SI,VIGENTE,SOAT,PACIFICO,NO,NO REGISTRA,AUTOMÓVIL,DESPISTE,01/06/2023,2023,JUNIO,JUEVES,23,NO CORRESPONDE,OTRO
A-2023-06-115,V-2023-06-115-1,LIMA,LIMA,VILLA EL SALVADOR,IDENTIFICADO,NO CORRESPONDE,PARTICULAR,PERSONAS,NO SE CONOCE,SI,VIGENTE,SOAT,MAPFRE,SI,VIGENTE,AUTOMÓVIL,CHOQUE,01/06/2023,2023,JUNIO,JUEVES,23,NO CORRESPONDE,AVENIDA
A-2023-06-115,V-2023-06-115-2,LIMA,LIMA,VILLA EL SALVADOR,IDENTIFICADO,HABILITADO,CARGA,CARGA Y/O MERCANCÍAS,NACIONAL,SI,VIGENTE,SOAT,RIMAC,SI,VIGENTE,REMOLCADOR-SEMIREMOLQUE,CHOQUE,01/06/2023,2023,JUNIO,JUEVES,23,NO CORRESPONDE,AVENIDA
A-2023-06-116,V-2023-06-116-1,LIMA,LIMA,LIMA,IDENTIFICADO,NO HABILITADO,PUBLICO URBANO,PERSONAS,PROVINCIAL,SI,VIGENTE,SOAT,INTERSEGURO,SI,VIGENTE,CAMIONETA RURAL,ATROPELLO,03/06/2023,2023,JUNIO,SÁBADO,18,NO CORRESPONDE,AVENIDA
A-2023-06-117,V-2023-06-117-1,LIMA,LIMA,PUCUSANA,IDENTIFICADO,NO HABILITADO,SERVICIO ESPECIAL DE PASAJEROS,PERSONAS,DISTRITAL,NO,NO REGISTRA,,,NO,NO REGISTRA,TRIMOTO PASAJERO,ATROPELLO,03/06/2023,2023,JUNIO,SÁBADO,19,NO CORRESPONDE,AVENIDA
A-2023-06-118,V-2023-06-118-1,LIMA,LIMA,VILLA EL SALVADOR,FUGADO,NO CORRESPONDE,NO CORRESPONDE,,,NO CORRESPONDE,NO APLICA,,,NO CORRESPONDE,NO APLICA,VEHICULO NO IDENTIFICADO,ATROPELLO FUGA,04/06/2023,2023,JUNIO,DOMINGO,7,PE-1S,CARRETERA
A-2023-06-119,V-2023-06-119-1,LIMA,LIMA,SANTIAGO DE SURCO,FUGADO,NO CORRESPONDE,NO CORRESPONDE,,,NO CORRESPONDE,NO APLICA,,,NO CORRESPONDE,NO APLICA,VEHICULO NO IDENTIFICADO,ATROPELLO FUGA,04/06/2023,2023,JUNIO,DOMINGO,7,PE-1S,CARRETERA
A-2023-06-120,V-2023-06-120-1,LIMA,LIMA,ANCON,IDENTIFICADO,HABILITADO,CARGA,CARGA Y/O MERCANCÍAS,NACIONAL,SI,VIGENTE,SOAT,LA POSITIVA,SI,VIGENTE,REMOLCADOR-SEMIREMOLQUE,CHOQUE,04/06/2023,2023,JUNIO,DOMINGO,22,PE-1N,CARRETERA
A-2023-06-120,V-2023-06-120-2,LIMA,LIMA,ANCON,IDENTIFICADO,HABILITADO,TAXI,PERSONAS,PROVINCIAL,SI,VIGENTE,SOAT,RIMAC,SI,VIGENTE,AUTOMÓVIL,CHOQUE,04/06/2023,2023,JUNIO,DOMINGO,22,PE-1N,CARRETERA
A-2023-06-121,V-2023-06-121-1,LIMA,LIMA,SAN JUAN DE LURIGANCHO,IDENTIFICADO,NO HABILITADO,PUBLICO URBANO,PERSONAS,PROVINCIAL,NO ESPECIFICA,NO REGISTRA,,,SI,VIGENTE,MINIBUS,CAÍDA DE PASAJERO,06/06/2023,2023,JUNIO,MARTES,9,NO CORRESPONDE,AVENIDA
A-2023-06-122,V-2023-06-122-1,LIMA,LIMA,SURQUILLO,IDENTIFICADO,NO CORRESPONDE,PARTICULAR,PERSONAS,NO SE CONOCE,SI,VIGENTE,SOAT,PACIFICO,SI,VIGENTE,AUTOMÓVIL,ATROPELLO,06/06/2023,2023,JUNIO,MARTES,20,NO CORRESPONDE,CALLE
A-2023-06-123,V-2023-06-123-1,LIMA,LIMA,SANTIAGO DE SURCO,IDENTIFICADO,HABILITADO,TAXI,PERSONAS,PROVINCIAL,SI,VIGENTE,SOAT,RIMAC,NO CORRESPONDE,NO APLICA,AUTOMÓVIL,CHOQUE,07/06/2023,2023,JUNIO,MIÉRCOLES,3,PE-1S,CARRETERA
A-2023-06-123,V-2023-06-123-2,LIMA,LIMA,SANTIAGO DE SURCO,IDENTIFICADO,HABILITADO,CARGA,CARGA Y/O MERCANCÍAS,NACIONAL,SI,VIGENTE,SOAT,INTERSEGURO,SI,VIGENTE,REMOLCADOR,CHOQUE,07/06/2023,2023,JUNIO,MIÉRCOLES,3,PE-1S,CARRETERA
A-2023-06-124,V-2023-06-124-1,LIMA,LIMA,CHORRILLOS,IDENTIFICADO,HABILITADO,PUBLICO URBANO,PERSONAS,PROVINCIAL,SI,VENCIDO,SOAT,LA POSITIVA,SI,VIGENTE,MINIBUS,ATROPELLO,07/06/2023,2023,JUNIO,MIÉRCOLES,10,NO CORRESPONDE,AVENIDA
A-2023-06-125,V-2023-06-125-1,LIMA,LIMA,SAN MARTIN DE PORRES,IDENTIFICADO,NO CORRESPONDE,PARTICULAR,PERSONAS,NO SE CONOCE,NO,NO REGISTRA,,,NO,NO REGISTRA,MOTOCICLETA,DESPISTE,08/06/2023,2023,JUNIO,JUEVES,5,NO CORRESPONDE,AVENIDA
A-2023-06-126,V-2023-06-126-1,LIMA,LIMA,MIRAFLORES,IDENTIFICADO,HABILITADO,TAXI,PERSONAS,PROVINCIAL,SI,VIGENTE,SOAT,RIMAC,NO CORRESPONDE,NO APLICA,AUTOMÓVIL,ATROPELLO,08/06/2023,2023,JUNIO,JUEVES,8,NO CORRESPONDE,AVENIDA
A-2023-06-86,V-2023-06-86-1,CALLAO,CALLAO,CALLAO,IDENTIFICADO,HABILITADO,PARTICULAR,CARGA Y/O MERCANCÍAS,NO SE CONOCE,SI,VIGENTE,SOAT,RIMAC,NO ESPECIFICA,NO REGISTRA,REMOLCADOR-SEMIREMOLQUE,ATROPELLO,08/06/2023,2023,JUNIO,JUEVES,18,PE-20,CARRETERA
A-2023-06-127,V-2023-06-127-1,LIMA,LIMA,JESUS MARIA,IDENTIFICADO,HABILITADO,PUBLICO URBANO,PERSONAS,PROVINCIAL,SI,VIGENTE,SOAT,MAPFRE,SI,VIGENTE,ÓMNIBUS,CHOQUE,09/06/2023,2023,JUNIO,VIERNES,16,NO CORRESPONDE,AVENIDA
A-2023-06-127,V-2023-06-127-2,LIMA,LIMA,JESUS MARIA,IDENTIFICADO,NO CORRESPONDE,PARTICULAR,PERSONAS,NO SE CONOCE,SI,VIGENTE,SOAT,RIMAC,SI,VIGENTE,AUTOMÓVIL,CHOQUE,09/06/2023,2023,JUNIO,VIERNES,16,NO CORRESPONDE,AVENIDA
A-2023-06-128,V-2023-06-128-1,LIMA,LIMA,SAN BORJA,IDENTIFICADO,HABILITADO,PUBLICO URBANO,PERSONAS,PROVINCIAL,SI,VIGENTE,SOAT,RIMAC,SI,VIGENTE,ÓMNIBUS,CHOQUE,10/06/2023,2023,JUNIO,SÁBADO,7,NO CORRESPONDE,AVENIDA
A-2023-06-128,V-2023-06-128-2,LIMA,LIMA,SAN BORJA,IDENTIFICADO,HABILITADO,CARGA,CARGA Y/O MERCANCÍAS,NACIONAL,SI,VIGENTE,SOAT,INTERSEGURO,SI,VIGENTE,CAMIÓN,CHOQUE,10/06/2023,2023,JUNIO,SÁBADO,7,NO CORRESPONDE,AVENIDA
A-2023-06-131,V-2023-06-131-1,LIMA,LIMA,ATE,IDENTIFICADO,HABILITADO,PUBLICO URBANO,PERSONAS,PROVINCIAL,SI,VIGENTE,SOAT,LA POSITIVA,SI,VIGENTE,CAMIONETA RURAL,ATROPELLO FUGA,10/06/2023,2023,JUNIO,SÁBADO,20,PE-22,CARRETERA
A-2023-06-129,V-2023-06-129-1,LIMA,LIMA,ANCON,IDENTIFICADO,NO CORRESPONDE,PARTICULAR,PERSONAS,NO SE CONOCE,SI,VIGENTE,SOAT,RIMAC,NO,NO REGISTRA,AUTOMÓVIL,ATROPELLO,10/06/2023,2023,JUNIO,SÁBADO,23,PE-1N,CARRETERA
A-2023-06-132,V-2023-06-132-1,LIMA,LIMA,SURQUILLO,IDENTIFICADO,NO CORRESPONDE,PARTICULAR,PERSONAS,NO SE CONOCE,SI,VENCIDO,SOAT,LA POSITIVA,NO,NO REGISTRA,MOTOCICLETA,VOLCADURA,11/06/2023,2023,JUNIO,DOMINGO,5,NO CORRESPONDE,AVENIDA
A-2023-06-84,V-2023-06-84-1,CALLAO,CALLAO,CALLAO,IDENTIFICADO,HABILITADO,PARTICULAR,PERSONAS,NO SE CONOCE,SI,VIGENTE,SOAT,LA POSITIVA,SI,VIGENTE,AUTOMÓVIL,CHOQUE,11/06/2023,2023,JUNIO,DOMINGO,10,NO CORRESPONDE,AVENIDA
A-2023-06-84,V-2023-06-84-2,CALLAO,CALLAO,CALLAO,IDENTIFICADO,HABILITADO,PARTICULAR,PERSONAS,NO SE CONOCE,SI,VIGENTE,SOAT,INTERSEGURO,NO ESPECIFICA,NO REGISTRA,AUTOMÓVIL,CHOQUE,11/06/2023,2023,JUNIO,DOMINGO,10,NO CORRESPONDE,AVENIDA
A-2023-06-133,V-2023-06-133-1,LIMA,LIMA,CHACLACAYO,IDENTIFICADO,NO CORRESPONDE,PARTICULAR,PERSONAS,NO SE CONOCE,NO ESPECIFICA,NO REGISTRA,,,NO ESPECIFICA,NO REGISTRA,AUTOMÓVIL,ATROPELLO,12/06/2023,2023,JUNIO,LUNES,0,PE-22,CARRETERA
A-2023-06-135,V-2023-06-135-1,LIMA,LIMA,LIMA,IDENTIFICADO,HABILITADO,PUBLICO URBANO,PERSONAS,PROVINCIAL,SI,VIGENTE,SOAT,LA POSITIVA,SI,VIGENTE,ÓMNIBUS,CAÍDA DE PASAJERO,12/06/2023,2023,JUNIO,LUNES,6,NO CORRESPONDE,AVENIDA
A-2023-06-134,V-2023-06-134-1,LIMA,LIMA,SAN MARTIN DE PORRES,IDENTIFICADO,NO CORRESPONDE,PARTICULAR,PERSONAS,NO SE CONOCE,SI,VIGENTE,SOAT,INTERSEGURO,SI,VIGENTE,AUTOMÓVIL,ATROPELLO,12/06/2023,2023,JUNIO,LUNES,20,PE-1N,CARRETERA
A-2023-06-92,V-2023-06-92-1,CALLAO,CALLAO,CALLAO,IDENTIFICADO,HABILITADO,OTRO,CARGA Y/O MERCANCÍAS,NACIONAL,SI,VIGENTE,SOAT,MAPFRE,SI,VIGENTE,REMOLCADOR-SEMIREMOLQUE,CHOQUE,13/06/2023,2023,JUNIO,MARTES,9,PE-20,CARRETERA
A-2023-06-92,V-2023-06-92-2,CALLAO,CALLAO,CALLAO,IDENTIFICADO,HABILITADO,PARTICULAR,PERSONAS,NO SE CONOCE,SI,VIGENTE,SOAT,INTERSEGURO,NO CORRESPONDE,NO APLICA,MOTOCICLETA,CHOQUE,13/06/2023,2023,JUNIO,MARTES,9,PE-20,CARRETERA
A-2023-06-136,V-2023-06-136-1,LIMA,LIMA,SAN JUAN DE MIRAFLORES,IDENTIFICADO,HABILITADO,CARGA,CARGA Y/O MERCANCÍAS,NACIONAL,SI,VIGENTE,SOAT,RIMAC,SI,VIGENTE,CAMIÓN,VOLCADURA,13/06/2023,2023,JUNIO,MARTES,15,NO CORRESPONDE,AVENIDA
A-2023-06-136,V-2023-06-136-2,LIMA,LIMA,SAN JUAN DE MIRAFLORES,IDENTIFICADO,NO CORRESPONDE,PARTICULAR,PERSONAS,NO SE CONOCE,SI,VIGENTE,SOAT,LA POSITIVA,NO,NO REGISTRA,MOTOCICLETA,VOLCADURA,13/06/2023,2023,JUNIO,MARTES,15,NO CORRESPONDE,AVENIDA
A-2023-06-137,V-2023-06-137-1,LIMA,LIMA,SAN JUAN DE LURIGANCHO,IDENTIFICADO,HABILITADO,PUBLICO URBANO,PERSONAS,PROVINCIAL,SI,VIGENTE,SOAT,LA POSITIVA,SI,VIGENTE,ÓMNIBUS,ATROPELLO,13/06/2023,2023,JUNIO,MARTES,21,NO CORRESPONDE,AVENIDA
A-2023-06-190,V-2023-06-190-1,CALLAO,CALLAO,CALLAO,IDENTIFICADO,HABILITADO,PARTICULAR,PERSONAS,NO SE CONOCE,NO ESPECIFICA,NO REGISTRA,,,NO ESPECIFICA,NO REGISTRA,MOTOCICLETA,ATROPELLO,14/06/2023,2023,JUNIO,MIÉRCOLES,15,NO CORRESPONDE,AVENIDA
A-2023-06-138,V-2023-06-138-1,LIMA,LIMA,SANTIAGO DE SURCO,FUGADO,NO CORRESPONDE,NO CORRESPONDE,,,NO CORRESPONDE,NO APLICA,,,NO CORRESPONDE,NO APLICA,VEHICULO NO IDENTIFICADO,ATROPELLO FUGA,16/06/2023,2023,JUNIO,VIERNES,20,PE-1S,CARRETERA
A-2023-06-139,V-2023-06-139-1,LIMA,LIMA,LURIN,FUGADO,NO CORRESPONDE,NO CORRESPONDE,,,NO CORRESPONDE,NO APLICA,,,NO CORRESPONDE,NO APLICA,VEHICULO NO IDENTIFICADO,ATROPELLO FUGA,17/06/2023,2023,JUNIO,SÁBADO,0,PE-1S,CARRETERA
A-2023-06-153,V-2023-06-153-1,LIMA,LIMA,ATE,IDENTIFICADO,NO CORRESPONDE,PARTICULAR,PERSONAS,NO SE CONOCE,SI,VIGENTE,SOAT,LA POSITIVA,NO,NO REGISTRA,MOTOCICLETA,ATROPELLO,17/06/2023,2023,JUNIO,SÁBADO,1,PE-22,CARRETERA
A-2023-06-140,V-2023-06-140-1,LIMA,LIMA,MIRAFLORES,IDENTIFICADO,NO CORRESPONDE,PARTICULAR,PERSONAS,NO SE CONOCE,SI,VIGENTE,SOAT,INTERSEGURO,NO CORRESPONDE,NO APLICA,AUTOMÓVIL,ATROPELLO,17/06/2023,2023,JUNIO,SÁBADO,9,NO CORRESPONDE,AVENIDA
A-2023-06-141,V-2023-06-141-1,LIMA,LIMA,ATE,FUGADO,NO CORRESPONDE,NO CORRESPONDE,,,NO CORRESPONDE,NO APLICA,,,NO CORRESPONDE,NO APLICA,VEHICULO NO IDENTIFICADO,ATROPELLO FUGA,18/06/2023,2023,JUNIO,DOMINGO,6,PE-22,CARRETERA
A-2023-06-142,V-2023-06-142-1,LIMA,LIMA,LOS OLIVOS,IDENTIFICADO,NO CORRESPONDE,PARTICULAR,PERSONAS,NO SE CONOCE,SI,VIGENTE,SOAT,LA POSITIVA,SI,VIGENTE,AUTOMÓVIL,CHOQUE,19/06/2023,2023,JUNIO,LUNES,3,NO CORRESPONDE,AVENIDA
A-2023-06-142,V-2023-06-142-2,LIMA,LIMA,LOS OLIVOS,IDENTIFICADO,NO CORRESPONDE,PARTICULAR,PERSONAS,NO SE CONOCE,SI,VIGENTE,SOAT,LA POSITIVA,NO,NO REGISTRA,MOTOCICLETA,CHOQUE,19/06/2023,2023,JUNIO,LUNES,3,NO CORRESPONDE,AVENIDA
A-2023-06-143,V-2023-06-143-1,LIMA,LIMA,LURIGANCHO,IDENTIFICADO,NO HABILITADO,SERVICIO ESPECIAL DE PASAJEROS,PERSONAS,DISTRITAL,NO,NO REGISTRA,,,NO,NO REGISTRA,TRIMOTO PASAJERO,VOLCADURA,19/06/2023,2023,JUNIO,LUNES,16,NO CORRESPONDE,CALLE
A-2023-06-154,V-2023-06-154-1,CALLAO,CALLAO,CALLAO,IDENTIFICADO,HABILITADO,PARTICULAR,PERSONAS,NO SE CONOCE,NO ESPECIFICA,NO REGISTRA,,,NO ESPECIFICA,NO REGISTRA,MOTOCICLETA,ATROPELLO,19/06/2023,2023,JUNIO,LUNES,17,NO CORRESPONDE,AVENIDA
A-2023-06-144,V-2023-06-144-1,LIMA,LIMA,SAN MARTIN DE PORRES,FUGADO,NO CORRESPONDE,NO CORRESPONDE,,,NO CORRESPONDE,NO APLICA,,,NO CORRESPONDE,NO APLICA,VEHICULO NO IDENTIFICADO,ATROPELLO FUGA,19/06/2023,2023,JUNIO,LUNES,22,PE-1N,CARRETERA
A-2023-06-145,V-2023-06-145-1,LIMA,LIMA,VILLA EL SALVADOR,IDENTIFICADO,NO HABILITADO,SERVICIO ESPECIAL DE PASAJEROS,PERSONAS,PROVINCIAL,NO,NO REGISTRA,,,NO,NO REGISTRA,TRIMOTO PASAJERO,VOLCADURA,22/06/2023,2023,JUNIO,JUEVES,6,NO CORRESPONDE,AVENIDA
A-2023-06-146,V-2023-06-146-1,LIMA,LIMA,INDEPENDENCIA,IDENTIFICADO,NO CORRESPONDE,PARTICULAR,PERSONAS,NO SE CONOCE,SI,VIGENTE,SOAT,PACIFICO,SI,VIGENTE,STATION WAGON,ATROPELLO,22/06/2023,2023,JUNIO,JUEVES,8,NO CORRESPONDE,AVENIDA
A-2023-06-85,V-2023-06-85-1,CALLAO,CALLAO,CALLAO,IDENTIFICADO,HABILITADO,PARTICULAR,PERSONAS,NO SE CONOCE,SI,VIGENTE,SOAT,LA POSITIVA,SI,VIGENTE,AUTOMÓVIL,CHOQUE,23/06/2023,2023,JUNIO,VIERNES,10,NO CORRESPONDE,AVENIDA
A-2023-06-85,V-2023-06-85-2,CALLAO,CALLAO,CALLAO,IDENTIFICADO,HABILITADO,PARTICULAR,PERSONAS,NO SE CONOCE,SI,VIGENTE,SOAT,INTERSEGURO,SI,VIGENTE,AUTOMÓVIL,CHOQUE,23/06/2023,2023,JUNIO,VIERNES,10,NO CORRESPONDE,AVENIDA
A-2023-06-172,V-2023-06-172-1,LIMA,LIMA,LURIN,IDENTIFICADO,NO CORRESPONDE,PARTICULAR,PERSONAS,NO SE CONOCE,NO,NO REGISTRA,,,NO,NO REGISTRA,AUTOMÓVIL,DESPISTE,23/06/2023,2023,JUNIO,VIERNES,23,NO CORRESPONDE,AVENIDA
A-2023-06-195,V-2023-06-195-1,LIMA,LIMA,LURIN,IDENTIFICADO,NO CORRESPONDE,PARTICULAR,PERSONAS,NO SE CONOCE,NO,NO REGISTRA,,,NO,NO REGISTRA,AUTOMÓVIL,DESPISTE,23/06/2023,2023,JUNIO,VIERNES,23,NO CORRESPONDE,AVENIDA
A-2023-06-189,V-2023-06-189-1,CALLAO,CALLAO,CALLAO,FUGADO,NO CORRESPONDE,NO CORRESPONDE,,,NO CORRESPONDE,NO APLICA,,,NO CORRESPONDE,NO APLICA,VEHICULO NO IDENTIFICADO,ATROPELLO FUGA,25/06/2023,2023,JUNIO,DOMINGO,18,NO CORRESPONDE,AVENIDA
A-2023-06-148,V-2023-06-148-1,LIMA,LIMA,INDEPENDENCIA,IDENTIFICADO,HABILITADO,CARGA,CARGA Y/O MERCANCÍAS,NACIONAL,SI,VIGENTE,SOAT,MAPFRE,SI,VIGENTE,CAMIÓN,CHOQUE,26/06/2023,2023,JUNIO,LUNES,5,PE-1N,CARRETERA
A-2023-06-148,V-2023-06-148-2,LIMA,LIMA,INDEPENDENCIA,IDENTIFICADO,NO CORRESPONDE,PARTICULAR,PERSONAS,NO SE CONOCE,SI,VIGENTE,SOAT,MAPFRE,NO,NO REGISTRA,MOTOCICLETA,CHOQUE,26/06/2023,2023,JUNIO,LUNES,5,PE-1N,CARRETERA
A-2023-06-149,V-2023-06-149-1,LIMA,LIMA,PUNTA HERMOSA,FUGADO,HABILITADO,CARGA,CARGA Y/O MERCANCÍAS,NACIONAL,SI,VIGENTE,SOAT,PACIFICO,SI,VENCIDO,REMOLCADOR-SEMIREMOLQUE,ATROPELLO FUGA,27/06/2023,2023,JUNIO,MARTES,5,PE-1S,CARRETERA
A-2023-06-150,V-2023-06-150-1,LIMA,LIMA,CARABAYLLO,IDENTIFICADO,NO CORRESPONDE,PARTICULAR,PERSONAS,NO SE CONOCE,SI,VIGENTE,SOAT,PACIFICO,SI,VIGENTE,AUTOMÓVIL,CHOQUE,28/06/2023,2023,JUNIO,MIÉRCOLES,7,NO CORRESPONDE,AVENIDA
A-2023-06-150,V-2023-06-150-2,LIMA,LIMA,CARABAYLLO,IDENTIFICADO,NO HABILITADO,SERVICIO ESPECIAL DE PASAJEROS,PERSONAS,DISTRITAL,NO ESPECIFICA,VIGENTE,,,NO,NO REGISTRA,TRIMOTO PASAJERO,CHOQUE,28/06/2023,2023,JUNIO,MIÉRCOLES,7,NO CORRESPONDE,AVENIDA
A-2023-06-151,V-2023-06-151-1,LIMA,LIMA,SANTA ANITA,IDENTIFICADO,NO CORRESPONDE,PARTICULAR,PERSONAS,NO SE CONOCE,SI,VIGENTE,SOAT,INTERSEGURO,SI,VIGENTE,AUTOMÓVIL,CHOQUE,29/06/2023,2023,JUNIO,JUEVES,5,PE-1N,CARRETERA
A-2023-06-151,V-2023-06-151-2,LIMA,LIMA,SANTA ANITA,IDENTIFICADO,HABILITADO,PUBLICO URBANO,PERSONAS,PROVINCIAL,SI,VIGENTE,SOAT,LA POSITIVA,SI,VIGENTE,ÓMNIBUS,CHOQUE,29/06/2023,2023,JUNIO,JUEVES,5,PE-1N,CARRETERA
A-2023-06-152,V-2023-06-152-1,LIMA,LIMA,CHORRILLOS,IDENTIFICADO,NO HABILITADO,SERVICIO ESPECIAL DE PASAJEROS,PERSONAS,DISTRITAL,NO,NO REGISTRA,,,SI,VENCIDO,TRIMOTO PASAJERO,CHOQUE CON OBJETO FIJO,30/06/2023,2023,JUNIO,VIERNES,19,NO CORRESPONDE,AVENIDA
A-2023-07-123,V-2023-07-123-1,LIMA,LIMA,VILLA MARIA DEL TRIUNFO,FUGADO,NO CORRESPONDE,NO CORRESPONDE,,,NO CORRESPONDE,NO APLICA,,,NO CORRESPONDE,NO APLICA,VEHICULO NO IDENTIFICADO,ATROPELLO FUGA,01/07/2023,2023,JULIO,SÁBADO,5,NO CORRESPONDE,AVENIDA
A-2023-07-124,V-2023-07-124-1,LIMA,LIMA,SAN MIGUEL,IDENTIFICADO,NO CORRESPONDE,PARTICULAR,PERSONAS,NO SE CONOCE,SI,VIGENTE,SOAT,INTERSEGURO,NO,NO REGISTRA,AUTOMÓVIL,ATROPELLO,01/07/2023,2023,JULIO,SÁBADO,10,NO CORRESPONDE,AVENIDA
A-2023-07-136,V-2023-07-136-1,LIMA,LIMA,SANTIAGO DE SURCO,IDENTIFICADO,NO CORRESPONDE,PARTICULAR,PERSONAS,NO SE CONOCE,SI,VIGENTE,SOAT,INTERSEGURO,NO,NO REGISTRA,AUTOMÓVIL,ATROPELLO,01/07/2023,2023,JULIO,SÁBADO,22,PE-1S,CARRETERA
A-2023-07-125,V-2023-07-125-1,LIMA,LIMA,LOS OLIVOS,IDENTIFICADO,NO CORRESPONDE,PARTICULAR,PERSONAS,NO SE CONOCE,SI,VIGENTE,SOAT,LA POSITIVA,NO,NO REGISTRA,MOTOCICLETA,CHOQUE CON OBJETO FIJO,02/07/2023,2023,JULIO,DOMINGO,2,NO CORRESPONDE,CALLE
A-2023-07-126,V-2023-07-126-1,LIMA,LIMA,LURIN,FUGADO,NO CORRESPONDE,NO CORRESPONDE,,,NO CORRESPONDE,NO APLICA,,,NO CORRESPONDE,NO APLICA,VEHICULO NO IDENTIFICADO,ATROPELLO FUGA,02/07/2023,2023,JULIO,DOMINGO,23,PE-1S,CARRETERA
A-2023-07-127,V-2023-07-127-1,LIMA,LIMA,ATE,IDENTIFICADO,NO CORRESPONDE,PARTICULAR,PERSONAS,NO SE CONOCE,SI,VIGENTE,SOAT,LA POSITIVA,SI,VIGENTE,AUTOMÓVIL,ATROPELLO,02/07/2023,2023,JULIO,DOMINGO,23,PE-22,CARRETERA
A-2023-07-128,V-2023-07-128-1,LIMA,LIMA,CHORRILLOS,IDENTIFICADO,NO CORRESPONDE,PARTICULAR,PERSONAS,NO SE CONOCE,SI,VIGENTE,SOAT,INTERSEGURO,SI,VIGENTE,AUTOMÓVIL,ATROPELLO,04/07/2023,2023,JULIO,MARTES,18,NO CORRESPONDE,AVENIDA
A-2023-07-129,V-2023-07-129-1,LIMA,LIMA,LA VICTORIA,IDENTIFICADO,NO HABILITADO,CARGA,CARGA Y/O MERCANCÍAS,INTERNACIONAL,NO ESPECIFICA,NO REGISTRA,,,NO ESPECIFICA,NO REGISTRA,CAMIÓN,ATROPELLO,05/07/2023,2023,JULIO,MIÉRCOLES,10,NO CORRESPONDE,JIRÓN
A-2023-07-130,V-2023-07-130-1,LIMA,LIMA,CARABAYLLO,IDENTIFICADO,HABILITADO,PUBLICO URBANO,PERSONAS,PROVINCIAL,SI,VIGENTE,SOAT,LA POSITIVA,SI,VIGENTE,ÓMNIBUS,ATROPELLO,06/07/2023,2023,JULIO,JUEVES,5,NO CORRESPONDE,AVENIDA
A-2023-07-131,V-2023-07-131-1,LIMA,LIMA,RIMAC,IDENTIFICADO,NO CORRESPONDE,PARTICULAR,PERSONAS,NO SE CONOCE,SI,VIGENTE,SOAT,LA POSITIVA,NO,NO REGISTRA,MOTOCICLETA,ATROPELLO,06/07/2023,2023,JULIO,JUEVES,17,NO CORRESPONDE,AVENIDA
A-2023-07-132,V-2023-07-132-1,LIMA,LIMA,SAN JUAN DE LURIGANCHO,IDENTIFICADO,NO CORRESPONDE,PARTICULAR,PERSONAS,NO SE CONOCE,SI,VIGENTE,SOAT,LA POSITIVA,SI,VIGENTE,MOTOCICLETA,VOLCADURA,08/07/2023,2023,JULIO,SÁBADO,21,NO CORRESPONDE,AVENIDA
A-2023-07-133,V-2023-07-133-1,LIMA,LIMA,SAN JUAN DE LURIGANCHO,IDENTIFICADO,NO CORRESPONDE,PARTICULAR,PERSONAS,NO SE CONOCE,SI,VIGENTE,SOAT,INTERSEGURO,SI,VIGENTE,STATION WAGON,ATROPELLO,09/07/2023,2023,JULIO,DOMINGO,1,NO CORRESPONDE,AVENIDA
A-2023-07-134,V-2023-07-134-1,LIMA,LIMA,COMAS,IDENTIFICADO,NO HABILITADO,PUBLICO URBANO,PERSONAS,PROVINCIAL,NO,NO REGISTRA,,,SI,VIGENTE,MINIBUS,DESPISTE,09/07/2023,2023,JULIO,DOMINGO,7,NO CORRESPONDE,AVENIDA
A-2023-07-135,V-2023-07-135-1,LIMA,LIMA,INDEPENDENCIA,IDENTIFICADO,NO CORRESPONDE,PARTICULAR,PERSONAS,NO SE CONOCE,SI,VIGENTE,SOAT,PACIFICO,SI,VENCIDO,AUTOMÓVIL,DESPISTE,12/07/2023,2023,JULIO,MIÉRCOLES,2,PE-1N,CARRETERA
A-2023-07-137,V-2023-07-137-1,LIMA,LIMA,VILLA EL SALVADOR,IDENTIFICADO,HABILITADO,CARGA,CARGA Y/O MERCANCÍAS,NACIONAL,NO ESPECIFICA,NO REGISTRA,,,SI,VIGENTE,CAMIÓN,DESPISTE,12/07/2023,2023,JULIO,MIÉRCOLES,20,NO CORRESPONDE,AVENIDA
A-2023-07-138,V-2023-07-138-1,LIMA,LIMA,CARABAYLLO,IDENTIFICADO,HABILITADO,PARTICULAR,PERSONAS,NO SE CONOCE,NO ESPECIFICA,NO REGISTRA,,,NO ESPECIFICA,NO REGISTRA,MOTOCICLETA,CHOQUE FUGA,13/07/2023,2023,JULIO,JUEVES,0,NO CORRESPONDE,AVENIDA
A-2023-07-138,V-2023-07-138-2,LIMA,LIMA,CARABAYLLO,FUGADO,NO CORRESPONDE,NO CORRESPONDE,,,NO CORRESPONDE,NO REGISTRA,,,NO CORRESPONDE,NO APLICA,VEHICULO NO IDENTIFICADO,CHOQUE FUGA,13/07/2023,2023,JULIO,JUEVES,0,NO CORRESPONDE,AVENIDA
A-2023-07-139,V-2023-07-139-1,LIMA,LIMA,VILLA MARIA DEL TRIUNFO,IDENTIFICADO,HABILITADO,TAXI,PERSONAS,PROVINCIAL,SI,VIGENTE,SOAT,RIMAC,SI,VIGENTE,AUTOMÓVIL,ATROPELLO,13/07/2023,2023,JULIO,JUEVES,22,NO CORRESPONDE,AVENIDA
A-2023-07-140,V-2023-07-140-1,LIMA,LIMA,LIMA,IDENTIFICADO,HABILITADO,PUBLICO URBANO,PERSONAS,PROVINCIAL,NO ESPECIFICA,NO REGISTRA,,,NO,NO REGISTRA,MINIBUS,CHOQUE,14/07/2023,2023,JULIO,VIERNES,9,NO CORRESPONDE,AVENIDA
A-2023-07-140,V-2023-07-140-2,LIMA,LIMA,LIMA,IDENTIFICADO,NO CORRESPONDE,PARTICULAR,PERSONAS,NO SE CONOCE,SI,NO REGISTRA,SOAT,LA POSITIVA,NO,NO REGISTRA,MOTOCICLETA,CHOQUE,14/07/2023,2023,JULIO,VIERNES,9,NO CORRESPONDE,AVENIDA
A-2023-07-141,V-2023-07-141-1,LIMA,LIMA,LIMA,IDENTIFICADO,NO CORRESPONDE,PARTICULAR,PERSONAS,NO SE CONOCE,SI,VIGENTE,SOAT,RIMAC,NO,NO REGISTRA,AUTOMÓVIL,CHOQUE,16/07/2023,2023,JULIO,DOMINGO,3,NO CORRESPONDE,AVENIDA
A-2023-07-141,V-2023-07-141-2,LIMA,LIMA,LIMA,IDENTIFICADO,NO CORRESPONDE,PARTICULAR,PERSONAS,NO SE CONOCE,SI,VIGENTE,SOAT,LA POSITIVA,NO,NO REGISTRA,MOTOCICLETA,CHOQUE,16/07/2023,2023,JULIO,DOMINGO,3,NO CORRESPONDE,AVENIDA
A-2023-07-142,V-2023-07-142-1,LIMA,LIMA,SAN MARTIN DE PORRES,IDENTIFICADO,HABILITADO,PUBLICO URBANO,PERSONAS,PROVINCIAL,SI,VIGENTE,SOAT,RIMAC,SI,VIGENTE,MINIBUS,ATROPELLO,18/07/2023,2023,JULIO,MARTES,14,NO CORRESPONDE,AVENIDA
A-2023-07-143,V-2023-07-143-1,LIMA,LIMA,PACHACAMAC,IDENTIFICADO,NO CORRESPONDE,PARTICULAR,PERSONAS,NO SE CONOCE,SI,VIGENTE,SOAT,LA POSITIVA,NO,NO REGISTRA,MOTOCICLETA,CHOQUE,21/07/2023,2023,JULIO,VIERNES,5,NO CORRESPONDE,AVENIDA
A-2023-07-143,V-2023-07-143-2,LIMA,LIMA,PACHACAMAC,IDENTIFICADO,HABILITADO,CARGA,CARGA Y/O MERCANCÍAS,NACIONAL,SI,VIGENTE,SOAT,RIMAC,SI,VIGENTE,CAMIÓN,CHOQUE,21/07/2023,2023,JULIO,VIERNES,5,NO CORRESPONDE,AVENIDA
A-2023-07-144,V-2023-07-144-1,LIMA,LIMA,PUNTA NEGRA,IDENTIFICADO,NO CORRESPONDE,PARTICULAR,PERSONAS,NO SE CONOCE,SI,VIGENTE,SOAT,MAPFRE,SI,VIGENTE,CAMIONETA RURAL,ATROPELLO,22/07/2023,2023,JULIO,SÁBADO,19,PE-1S,CARRETERA
A-2023-07-145,V-2023-07-145-1,LIMA,LIMA,CARABAYLLO,IDENTIFICADO,NO CORRESPONDE,PARTICULAR,PERSONAS,NO SE CONOCE,SI,VIGENTE,SOAT,LA POSITIVA,NO,NO REGISTRA,MOTOCICLETA,ATROPELLO,22/07/2023,2023,JULIO,SÁBADO,20,NO CORRESPONDE,AVENIDA
A-2023-07-146,V-2023-07-146-1,LIMA,LIMA,LA MOLINA,IDENTIFICADO,NO CORRESPONDE,PARTICULAR,PERSONAS,NO SE CONOCE,SI,VENCIDO,SOAT,INTERSEGURO,SI,VIGENTE,AUTOMÓVIL,CHOQUE,22/07/2023,2023,JULIO,SÁBADO,21,NO CORRESPONDE,AVENIDA
A-2023-07-146,V-2023-07-146-2,LIMA,LIMA,LA MOLINA,IDENTIFICADO,NO CORRESPONDE,PARTICULAR,PERSONAS,NO SE CONOCE,SI,VENCIDO,SOAT,MAPFRE,NO,NO REGISTRA,MOTOCICLETA,CHOQUE,22/07/2023,2023,JULIO,SÁBADO,21,NO CORRESPONDE,AVENIDA
A-2023-07-147,V-2023-07-147-1,LIMA,LIMA,INDEPENDENCIA,IDENTIFICADO,NO CORRESPONDE,PARTICULAR,PERSONAS,NO SE CONOCE,SI,VIGENTE,SOAT,LA POSITIVA,NO,NO REGISTRA,AUTOMÓVIL,ATROPELLO,23/07/2023,2023,JULIO,DOMINGO,4,PE-1N,CARRETERA
A-2023-07-148,V-2023-07-148-1,LIMA,LIMA,EL AGUSTINO,IDENTIFICADO,NO CORRESPONDE,PARTICULAR,PERSONAS,NO SE CONOCE,SI,VIGENTE,SOAT,LA POSITIVA,NO,NO REGISTRA,MOTOCICLETA,DESPISTE,25/07/2023,2023,JULIO,MARTES,14,PE-1N,CARRETERA
A-2023-07-149,V-2023-07-149-1,LIMA,LIMA,CHORRILLOS,IDENTIFICADO,HABILITADO,CARGA,CARGA Y/O MERCANCÍAS,NACIONAL,SI,VIGENTE,SOAT,LA POSITIVA,SI,VIGENTE,CAMIÓN,ATROPELLO,25/07/2023,2023,JULIO,MARTES,14,NO CORRESPONDE,AVENIDA
A-2023-07-150,V-2023-07-150-1,LIMA,LIMA,CARABAYLLO,IDENTIFICADO,HABILITADO,PUBLICO URBANO,PERSONAS,PROVINCIAL,SI,VIGENTE,SOAT,LA POSITIVA,SI,VIGENTE,ÓMNIBUS,CHOQUE,26/07/2023,2023,JULIO,MIÉRCOLES,7,NO CORRESPONDE,AVENIDA
A-2023-07-150,V-2023-07-150-2,LIMA,LIMA,CARABAYLLO,IDENTIFICADO,HABILITADO,PUBLICO URBANO,PERSONAS,PROVINCIAL,SI,VIGENTE,SOAT,RIMAC,SI,VIGENTE,ÓMNIBUS,CHOQUE,26/07/2023,2023,JULIO,MIÉRCOLES,7,NO CORRESPONDE,AVENIDA
A-2023-07-90,V-2023-07-90-1,CALLAO,CALLAO,CALLAO,IDENTIFICADO,HABILITADO,PARTICULAR,PERSONAS,NO SE CONOCE,SI,VIGENTE,SOAT,RIMAC,NO CORRESPONDE,NO APLICA,MOTOCICLETA,CHOQUE,26/07/2023,2023,JULIO,MIÉRCOLES,22,NO CORRESPONDE,AVENIDA
A-2023-07-90,V-2023-07-90-2,CALLAO,CALLAO,CALLAO,IDENTIFICADO,HABILITADO,PARTICULAR,PERSONAS,NO SE CONOCE,SI,VIGENTE,SOAT,RIMAC,SI,VIGENTE,AUTOMÓVIL,CHOQUE,26/07/2023,2023,JULIO,MIÉRCOLES,22,NO CORRESPONDE,AVENIDA
A-2023-07-151,V-2023-07-151-1,LIMA,LIMA,CARABAYLLO,FUGADO,NO CORRESPONDE,NO CORRESPONDE,,,NO CORRESPONDE,NO APLICA,,,NO CORRESPONDE,NO APLICA,VEHICULO NO IDENTIFICADO,ATROPELLO FUGA,27/07/2023,2023,JULIO,JUEVES,11,NO CORRESPONDE,CALLE
A-2023-07-152,V-2023-07-152-1,LIMA,LIMA,SAN JUAN DE MIRAFLORES,IDENTIFICADO,NO CORRESPONDE,PARTICULAR,PERSONAS,NO SE CONOCE,SI,VIGENTE,SOAT,LA POSITIVA,NO,NO REGISTRA,MOTOCICLETA,DESPISTE,27/07/2023,2023,JULIO,JUEVES,11,PE-1S,CARRETERA
A-2023-07-153,V-2023-07-153-1,LIMA,LIMA,VILLA EL SALVADOR,FUGADO,NO CORRESPONDE,NO CORRESPONDE,,,NO CORRESPONDE,NO APLICA,,,NO CORRESPONDE,NO APLICA,VEHICULO NO IDENTIFICADO,ATROPELLO FUGA,29/07/2023,2023,JULIO,SÁBADO,6,NO CORRESPONDE,AVENIDA
A-2023-07-154,V-2023-07-154-1,LIMA,LIMA,SANTIAGO DE SURCO,IDENTIFICADO,NO CORRESPONDE,PARTICULAR,PERSONAS,NO SE CONOCE,SI,VIGENTE,SOAT,LA POSITIVA,NO,NO REGISTRA,MOTOCICLETA,CHOQUE,29/07/2023,2023,JULIO,SÁBADO,22,PE-1S,CARRETERA
A-2023-07-154,V-2023-07-154-2,LIMA,LIMA,SANTIAGO DE SURCO,IDENTIFICADO,NO CORRESPONDE,PARTICULAR,PERSONAS,NO SE CONOCE,SI,VIGENTE,SOAT,LA POSITIVA,NO,NO REGISTRA,TRIMOTO PASAJERO,CHOQUE,29/07/2023,2023,JULIO,SÁBADO,22,PE-1S,CARRETERA
A-2023-08-85,V-2023-08-85-1,LIMA,LIMA,COMAS,IDENTIFICADO,HABILITADO,PUBLICO URBANO,PERSONAS,PROVINCIAL,NO ESPECIFICA,NO REGISTRA,,,SI,VIGENTE,MINIBUS,CHOQUE,01/08/2023,2023,AGOSTO,MARTES,11,NO CORRESPONDE,AVENIDA
A-2023-08-85,V-2023-08-85-2,LIMA,LIMA,COMAS,IDENTIFICADO,NO CORRESPONDE,PARTICULAR,PERSONAS,NO SE CONOCE,NO CORRESPONDE,NO REGISTRA,,,NO CORRESPONDE,NO APLICA,BICICLETA,CHOQUE,01/08/2023,2023,AGOSTO,MARTES,11,NO CORRESPONDE,AVENIDA
A-2023-08-86,V-2023-08-86-1,LIMA,LIMA,VILLA EL SALVADOR,IDENTIFICADO,NO CORRESPONDE,PARTICULAR,PERSONAS,NO SE CONOCE,SI,VIGENTE,SOAT,MAPFRE,SI,VIGENTE,STATION WAGON,CHOQUE,04/08/2023,2023,AGOSTO,VIERNES,6,NO CORRESPONDE,AVENIDA
A-2023-08-86,V-2023-08-86-2,LIMA,LIMA,VILLA EL SALVADOR,IDENTIFICADO,NO CORRESPONDE,PARTICULAR,PERSONAS,NO SE CONOCE,SI,VIGENTE,SOAT,LA POSITIVA,NO,NO REGISTRA,MOTOCICLETA,CHOQUE,04/08/2023,2023,AGOSTO,VIERNES,6,NO CORRESPONDE,AVENIDA
A-2023-08-151,V-2023-08-151-1,CALLAO,CALLAO,CALLAO,IDENTIFICADO,HABILITADO,CARGA,PERSONAS,DISTRITAL,SI,VIGENTE,SOAT,RIMAC,SI,VIGENTE,REMOLCADOR,ATROPELLO,05/08/2023,2023,AGOSTO,SÁBADO,10,NO CORRESPONDE,AVENIDA
A-2023-08-89,V-2023-08-89-1,LIMA,LIMA,ATE,IDENTIFICADO,NO CORRESPONDE,PARTICULAR,PERSONAS,NO SE CONOCE,SI,VIGENTE,SOAT,LA POSITIVA,NO,NO REGISTRA,MOTOCICLETA,ATROPELLO,06/08/2023,2023,AGOSTO,DOMINGO,20,NO CORRESPONDE,AVENIDA
A-2023-08-87,V-2023-08-87-1,LIMA,LIMA,LOS OLIVOS,FUGADO,NO CORRESPONDE,NO CORRESPONDE,,,NO CORRESPONDE,NO APLICA,,,NO CORRESPONDE,NO APLICA,VEHICULO NO IDENTIFICADO,ATROPELLO FUGA,07/08/2023,2023,AGOSTO,LUNES,0,PE-1N,CARRETERA
A-2023-08-88,V-2023-08-88-1,LIMA,LIMA,LURIN,IDENTIFICADO,NO CORRESPONDE,PARTICULAR,PERSONAS,NO SE CONOCE,SI,VIGENTE,SOAT,MAPFRE,SI,VIGENTE,AUTOMÓVIL,ATROPELLO,07/08/2023,2023,AGOSTO,LUNES,6,PE-1S,CARRETERA
A-2023-08-90,V-2023-08-90-1,LIMA,LIMA,LIMA,IDENTIFICADO,NO CORRESPONDE,PARTICULAR,PERSONAS,NO SE CONOCE,SI,VIGENTE,SOAT,LA POSITIVA,SI,VENCIDO,MOTOCICLETA,VOLCADURA,07/08/2023,2023,AGOSTO,LUNES,22,NO CORRESPONDE,AVENIDA
A-2023-08-91,V-2023-08-91-1,LIMA,LIMA,LA VICTORIA,IDENTIFICADO,HABILITADO,PUBLICO URBANO,PERSONAS,PROVINCIAL,SI,VIGENTE,SOAT,LA POSITIVA,SI,VIGENTE,ÓMNIBUS,CHOQUE,09/08/2023,2023,AGOSTO,MIÉRCOLES,16,NO CORRESPONDE,AVENIDA
A-2023-08-91,V-2023-08-91-2,LIMA,LIMA,LA VICTORIA,IDENTIFICADO,NO CORRESPONDE,PARTICULAR,PERSONAS,NO SE CONOCE,NO CORRESPONDE,VIGENTE,,,NO CORRESPONDE,NO APLICA,BICICLETA,CHOQUE,09/08/2023,2023,AGOSTO,MIÉRCOLES,16,NO CORRESPONDE,AVENIDA
A-2023-08-92,V-2023-08-92-1,LIMA,LIMA,CARABAYLLO,IDENTIFICADO,HABILITADO,PUBLICO URBANO,PERSONAS,PROVINCIAL,SI,VIGENTE,SOAT,LA POSITIVA,SI,VIGENTE,ÓMNIBUS,ATROPELLO,09/08/2023,2023,AGOSTO,MIÉRCOLES,19,NO CORRESPONDE,AVENIDA
A-2023-08-93,V-2023-08-93-1,LIMA,LIMA,BREÑA,IDENTIFICADO,NO CORRESPONDE,PARTICULAR,PERSONAS,NO SE CONOCE,SI,VIGENTE,SOAT,INTERSEGURO,SI,VIGENTE,AUTOMÓVIL,ATROPELLO,11/08/2023,2023,AGOSTO,VIERNES,9,NO CORRESPONDE,AVENIDA
A-2023-08-94,V-2023-08-94-1,LIMA,LIMA,ATE,IDENTIFICADO,HABILITADO,TAXI,PERSONAS,PROVINCIAL,NO ESPECIFICA,NO REGISTRA,,,SI,VIGENTE,AUTOMÓVIL,CHOQUE,13/08/2023,2023,AGOSTO,DOMINGO,5,PE-22,CARRETERA
A-2023-08-94,V-2023-08-94-2,LIMA,LIMA,ATE,IDENTIFICADO,NO CORRESPONDE,PARTICULAR,PERSONAS,NO SE CONOCE,NO CORRESPONDE,NO REGISTRA,,,NO CORRESPONDE,NO APLICA,BICICLETA,CHOQUE,13/08/2023,2023,AGOSTO,DOMINGO,5,PE-22,CARRETERA
A-2023-08-95,V-2023-08-95-1,LIMA,LIMA,LA VICTORIA,IDENTIFICADO,HABILITADO,REGULAR(INTERPROVINCIAL),PERSONAS,NACIONAL,SI,VIGENTE,SOAT,RIMAC,SI,VIGENTE,ÓMNIBUS,ATROPELLO,14/08/2023,2023,AGOSTO,LUNES,6,NO CORRESPONDE,JIRÓN
A-2023-08-96,V-2023-08-96-1,LIMA,LIMA,VILLA MARIA DEL TRIUNFO,IDENTIFICADO,NO CORRESPONDE,PARTICULAR,PERSONAS,NO SE CONOCE,SI,VIGENTE,SOAT,PROTECTA,SI,VIGENTE,AUTOMÓVIL,CHOQUE,14/08/2023,2023,AGOSTO,LUNES,23,NO CORRESPONDE,AVENIDA
A-2023-08-96,V-2023-08-96-2,LIMA,LIMA,VILLA MARIA DEL TRIUNFO,IDENTIFICADO,NO HABILITADO,SERVICIO ESPECIAL DE PASAJEROS,PERSONAS,DISTRITAL,NO ESPECIFICA,VIGENTE,,,NO ESPECIFICA,NO REGISTRA,TRIMOTO PASAJERO,CHOQUE,14/08/2023,2023,AGOSTO,LUNES,23,NO CORRESPONDE,AVENIDA
A-2023-08-97,V-2023-08-97-1,LIMA,LIMA,EL AGUSTINO,IDENTIFICADO,NO CORRESPONDE,PARTICULAR,PERSONAS,NO SE CONOCE,SI,VIGENTE,SOAT,LA POSITIVA,NO,NO REGISTRA,MOTOCICLETA,CHOQUE,16/08/2023,2023,AGOSTO,MIÉRCOLES,15,PE-1N,CARRETERA
A-2023-08-97,V-2023-08-97-2,LIMA,LIMA,EL AGUSTINO,IDENTIFICADO,HABILITADO,CARGA,CARGA Y/O MERCANCÍAS,NACIONAL,SI,VIGENTE,SOAT,INTERSEGURO,SI,VIGENTE,REMOLCADOR-SEMIREMOLQUE,CHOQUE,16/08/2023,2023,AGOSTO,MIÉRCOLES,15,PE-1N,CARRETERA
A-2023-08-98,V-2023-08-98-1,LIMA,LIMA,CHORRILLOS,IDENTIFICADO,HABILITADO,CARGA,CARGA Y/O MERCANCÍAS,NACIONAL,SI,VIGENTE,SOAT,INTERSEGURO,SI,VENCIDO,CAMIÓN,ATROPELLO,17/08/2023,2023,AGOSTO,JUEVES,11,NO CORRESPONDE,AVENIDA
A-2023-08-118,V-2023-08-118-1,CALLAO,CALLAO,CALLAO,IDENTIFICADO,HABILITADO,CARGA,CARGA Y/O MERCANCÍAS,NACIONAL,SI,VIGENTE,SOAT,LA POSITIVA,NO ESPECIFICA,NO REGISTRA,CAMIÓN,ATROPELLO,18/08/2023,2023,AGOSTO,VIERNES,6,NO CORRESPONDE,AVENIDA
A-2023-08-99,V-2023-08-99-1,LIMA,LIMA,LURIN,IDENTIFICADO,NO CORRESPONDE,PARTICULAR,PERSONAS,NO SE CONOCE,SI,VIGENTE,SOAT,LA POSITIVA,SI,VIGENTE,AUTOMÓVIL,DESPISTE,18/08/2023,2023,AGOSTO,VIERNES,21,NO CORRESPONDE,AVENIDA
A-2023-08-166,V-2023-08-166-1,LIMA,LIMA,LOS OLIVOS,IDENTIFICADO,NO CORRESPONDE,PARTICULAR,PERSONAS,NO SE CONOCE,NO,NO REGISTRA,,,NO,NO REGISTRA,MOTOCICLETA,CHOQUE,19/08/2023,2023,AGOSTO,SÁBADO,7,NO CORRESPONDE,AVENIDA
A-2023-08-166,V-2023-08-166-2,LIMA,LIMA,LOS OLIVOS,IDENTIFICADO,NO CORRESPONDE,PARTICULAR,PERSONAS,NO SE CONOCE,NO CORRESPONDE,NO REGISTRA,,,NO CORRESPONDE,NO APLICA,BICICLETA,CHOQUE,19/08/2023,2023,AGOSTO,SÁBADO,7,NO CORRESPONDE,AVENIDA
A-2023-08-100,V-2023-08-100-1,LIMA,LIMA,ATE,FUGADO,NO CORRESPONDE,NO CORRESPONDE,,,NO CORRESPONDE,NO APLICA,,,NO CORRESPONDE,NO APLICA,VEHICULO NO IDENTIFICADO,ATROPELLO FUGA,20/08/2023,2023,AGOSTO,DOMINGO,15,NO CORRESPONDE,AVENIDA
A-2023-08-167,V-2023-08-167-1,LIMA,LIMA,SAN JUAN DE LURIGANCHO,IDENTIFICADO,NO CORRESPONDE,PARTICULAR,PERSONAS,NO SE CONOCE,SI,VIGENTE,SOAT,LA POSITIVA,NO,NO REGISTRA,MOTOCICLETA,ATROPELLO,20/08/2023,2023,AGOSTO,DOMINGO,17,NO CORRESPONDE,AVENIDA
A-2023-08-101,V-2023-08-101-1,LIMA,LIMA,CHORRILLOS,IDENTIFICADO,NO CORRESPONDE,PARTICULAR,PERSONAS,NO SE CONOCE,SI,VIGENTE,SOAT,LA POSITIVA,NO,NO REGISTRA,MOTOCICLETA,ATROPELLO,22/08/2023,2023,AGOSTO,MARTES,15,NO CORRESPONDE,AVENIDA
A-2023-08-102,V-2023-08-102-1,LIMA,LIMA,CHORRILLOS,IDENTIFICADO,NO CORRESPONDE,PARTICULAR,PERSONAS,NO SE CONOCE,NO,NO REGISTRA,,,NO,NO REGISTRA,MOTOCICLETA,CHOQUE,23/08/2023,2023,AGOSTO,MIÉRCOLES,6,NO CORRESPONDE,AVENIDA
A-2023-08-102,V-2023-08-102-2,LIMA,LIMA,CHORRILLOS,IDENTIFICADO,HABILITADO,PUBLICO URBANO,PERSONAS,PROVINCIAL,SI,NO REGISTRA,SOAT,RIMAC,SI,VIGENTE,ÓMNIBUS,CHOQUE,23/08/2023,2023,AGOSTO,MIÉRCOLES,6,NO CORRESPONDE,AVENIDA
A-2023-08-103,V-2023-08-103-1,LIMA,LIMA,COMAS,IDENTIFICADO,NO CORRESPONDE,PARTICULAR,PERSONAS,NO SE CONOCE,SI,VIGENTE,SOAT,LA POSITIVA,NO,NO REGISTRA,MOTOCICLETA,ATROPELLO,24/08/2023,2023,AGOSTO,JUEVES,7,NO CORRESPONDE,AVENIDA
A-2023-08-105,V-2023-08-105-1,LIMA,LIMA,RIMAC,IDENTIFICADO,HABILITADO,CARGA,CARGA Y/O MERCANCÍAS,NACIONAL,SI,VIGENTE,SOAT,INTERSEGURO,SI,VIGENTE,CAMIÓN,ATROPELLO,24/08/2023,2023,AGOSTO,JUEVES,15,NO CORRESPONDE,AVENIDA
A-2023-08-104,V-2023-08-104-1,LIMA,LIMA,PUNTA HERMOSA,IDENTIFICADO,NO CORRESPONDE,PARTICULAR,PERSONAS,NO SE CONOCE,SI,VENCIDO,SOAT,INTERSEGURO,SI,VENCIDO,AUTOMÓVIL,DESPISTE,24/08/2023,2023,AGOSTO,JUEVES,23,NO CORRESPONDE,AVENIDA
A-2023-08-152,V-2023-08-152-1,CALLAO,CALLAO,LA PERLA,IDENTIFICADO,HABILITADO,PARTICULAR,PERSONAS,NO SE CONOCE,NO ESPECIFICA,NO REGISTRA,,,NO ESPECIFICA,NO REGISTRA,AUTOMÓVIL,ATROPELLO,26/08/2023,2023,AGOSTO,SÁBADO,19,NO CORRESPONDE,AVENIDA
A-2023-08-106,V-2023-08-106-1,LIMA,LIMA,PUENTE PIEDRA,IDENTIFICADO,HABILITADO,SERVICIO ESPECIAL DE PASAJEROS,PERSONAS,DISTRITAL,NO ESPECIFICA,NO REGISTRA,,,NO,NO REGISTRA,TRIMOTO PASAJERO,CHOQUE,27/08/2023,2023,AGOSTO,DOMINGO,2,NO CORRESPONDE,AVENIDA
A-2023-08-106,V-2023-08-106-2,LIMA,LIMA,PUENTE PIEDRA,IDENTIFICADO,NO CORRESPONDE,PARTICULAR,,,SI,NO REGISTRA,SOAT,INTERSEGURO,NO,NO REGISTRA,AUTOMÓVIL,CHOQUE,27/08/2023,2023,AGOSTO,DOMINGO,2,NO CORRESPONDE,AVENIDA
A-2023-08-107,V-2023-08-107-1,LIMA,LIMA,ATE,IDENTIFICADO,NO CORRESPONDE,PARTICULAR,,,SI,VIGENTE,SOAT,LA POSITIVA,SI,VIGENTE,AUTOMÓVIL,DESPISTE,27/08/2023,2023,AGOSTO,DOMINGO,7,PE-22,CARRETERA
A-2023-08-107,V-2023-08-107-2,LIMA,LIMA,ATE,IDENTIFICADO,NO CORRESPONDE,PARTICULAR,PERSONAS,NO SE CONOCE,SI,VIGENTE,SOAT,LA POSITIVA,SI,VIGENTE,AUTOMÓVIL,DESPISTE,27/08/2023,2023,AGOSTO,DOMINGO,7,PE-22,CARRETERA
A-2023-08-108,V-2023-08-108-1,LIMA,LIMA,ATE,IDENTIFICADO,HABILITADO,SERVICIO ESPECIAL DE PASAJEROS,PERSONAS,DISTRITAL,NO ESPECIFICA,NO REGISTRA,,,SI,VENCIDO,TRIMOTO PASAJERO,DESPISTE,27/08/2023,2023,AGOSTO,DOMINGO,17,NO CORRESPONDE,AVENIDA
A-2023-08-109,V-2023-08-109-1,LIMA,LIMA,SAN MARTIN DE PORRES,IDENTIFICADO,NO CORRESPONDE,PARTICULAR,PERSONAS,NO SE CONOCE,SI,VIGENTE,SOAT,MAPFRE,SI,VIGENTE,AUTOMÓVIL,ATROPELLO,28/08/2023,2023,AGOSTO,LUNES,8,NO CORRESPONDE,AVENIDA
A-2023-08-110,V-2023-08-110-1,LIMA,LIMA,ATE,IDENTIFICADO,NO CORRESPONDE,PARTICULAR,PERSONAS,NO SE CONOCE,SI,VIGENTE,SOAT,LA POSITIVA,SI,VIGENTE,AUTOMÓVIL,ATROPELLO,28/08/2023,2023,AGOSTO,LUNES,8,NO CORRESPONDE,AVENIDA
A-2023-08-111,V-2023-08-111-1,LIMA,LIMA,SAN MARTIN DE PORRES,IDENTIFICADO,NO CORRESPONDE,PARTICULAR,PERSONAS,NO SE CONOCE,SI,VIGENTE,SOAT,LA POSITIVA,NO,NO REGISTRA,AUTOMÓVIL,ATROPELLO FUGA,28/08/2023,2023,AGOSTO,LUNES,20,NO CORRESPONDE,AVENIDA
A-2023-08-112,V-2023-08-112-1,LIMA,LIMA,PACHACAMAC,IDENTIFICADO,NO CORRESPONDE,PARTICULAR,PERSONAS,NO SE CONOCE,SI,VIGENTE,SOAT,LA POSITIVA,SI,VIGENTE,AUTOMÓVIL,CHOQUE,28/08/2023,2023,AGOSTO,LUNES,22,NO CORRESPONDE,AVENIDA
A-2023-08-112,V-2023-08-112-2,LIMA,LIMA,PACHACAMAC,IDENTIFICADO,HABILITADO,PUBLICO URBANO,PERSONAS,PROVINCIAL,SI,VIGENTE,SOAT,RIMAC,SI,VIGENTE,MINIBUS,CHOQUE,28/08/2023,2023,AGOSTO,LUNES,22,NO CORRESPONDE,AVENIDA
A-2023-08-113,V-2023-08-113-1,LIMA,LIMA,VILLA EL SALVADOR,FUGADO,NO CORRESPONDE,NO CORRESPONDE,,,NO CORRESPONDE,NO APLICA,,,NO CORRESPONDE,NO APLICA,VEHICULO NO IDENTIFICADO,ATROPELLO FUGA,29/08/2023,2023,AGOSTO,MARTES,19,PE-1S,CARRETERA
A-2023-08-114,V-2023-08-114-1,LIMA,LIMA,SAN BORJA,IDENTIFICADO,NO CORRESPONDE,PARTICULAR,PERSONAS,NO SE CONOCE,SI,VIGENTE,SOAT,LA POSITIVA,NO,NO REGISTRA,MOTOCICLETA,ATROPELLO,30/08/2023,2023,AGOSTO,MIÉRCOLES,20,NO CORRESPONDE,AVENIDA
A-2023-08-115,V-2023-08-115-1,LIMA,LIMA,PUENTE PIEDRA,IDENTIFICADO,NO CORRESPONDE,PARTICULAR,PERSONAS,NO SE CONOCE,SI,VIGENTE,SOAT,LA POSITIVA,NO,NO REGISTRA,MOTOCICLETA,ATROPELLO,31/08/2023,2023,AGOSTO,JUEVES,2,PE-1N,CARRETERA
A-2023-08-116,V-2023-08-116-1,LIMA,LIMA,COMAS,FUGADO,NO CORRESPONDE,NO CORRESPONDE,,,NO CORRESPONDE,NO APLICA,,,NO CORRESPONDE,NO APLICA,VEHICULO NO IDENTIFICADO,ATROPELLO FUGA,31/08/2023,2023,AGOSTO,JUEVES,18,NO CORRESPONDE,AVENIDA
A-2023-08-117,V-2023-08-117-1,LIMA,LIMA,CHACLACAYO,IDENTIFICADO,NO CORRESPONDE,PARTICULAR,PERSONAS,NO SE CONOCE,NO,NO REGISTRA,,,NO,NO REGISTRA,AUTOMÓVIL,DESPISTE,31/08/2023,2023,AGOSTO,JUEVES,23,PE-22,CARRETERA
A-2023-09-84,V-2023-09-84-1,LIMA,LIMA,SAN BORJA,IDENTIFICADO,NO CORRESPONDE,PARTICULAR,PERSONAS,NO SE CONOCE,SI,VIGENTE,SOAT,PACIFICO,SI,VIGENTE,AUTOMÓVIL,DESPISTE,02/09/2023,2023,SETIEMBRE,SÁBADO,1,NO CORRESPONDE,AVENIDA
A-2023-09-85,V-2023-09-85-1,LIMA,LIMA,CARABAYLLO,IDENTIFICADO,NO CORRESPONDE,PARTICULAR,PERSONAS,NO SE CONOCE,SI,VIGENTE,SOAT,PACIFICO,SI,VIGENTE,AUTOMÓVIL,ATROPELLO,02/09/2023,2023,SETIEMBRE,SÁBADO,20,NO CORRESPONDE,AVENIDA
A-2023-09-120,V-2023-09-120-1,LIMA,LIMA,SAN MARTIN DE PORRES,IDENTIFICADO,HABILITADO,PUBLICO URBANO,PERSONAS,DISTRITAL,SI,VIGENTE,SOAT,LA POSITIVA,SI,VIGENTE,ÓMNIBUS,CHOQUE,08/09/2023,2023,SETIEMBRE,VIERNES,11,NO CORRESPONDE,AVENIDA
A-2023-09-120,V-2023-09-120-2,LIMA,LIMA,SAN MARTIN DE PORRES,IDENTIFICADO,NO CORRESPONDE,PARTICULAR,PERSONAS,NO SE CONOCE,NO CORRESPONDE,VIGENTE,,,NO CORRESPONDE,NO APLICA,BICICLETA,CHOQUE,08/09/2023,2023,SETIEMBRE,VIERNES,11,NO CORRESPONDE,AVENIDA
A-2023-09-121,V-2023-09-121-1,LIMA,LIMA,VILLA EL SALVADOR,IDENTIFICADO,HABILITADO,CARGA,CARGA Y/O MERCANCÍAS,PROVINCIAL,SI,VIGENTE,SOAT,LA POSITIVA,NO,NO REGISTRA,CAMIÓN,CHOQUE,08/09/2023,2023,SETIEMBRE,VIERNES,18,NO CORRESPONDE,AVENIDA
A-2023-09-121,V-2023-09-121-2,LIMA,LIMA,VILLA EL SALVADOR,IDENTIFICADO,NO CORRESPONDE,PARTICULAR,PERSONAS,NO SE CONOCE,SI,VIGENTE,SOAT,LA POSITIVA,NO,NO REGISTRA,MOTOCICLETA,CHOQUE,08/09/2023,2023,SETIEMBRE,VIERNES,18,NO CORRESPONDE,AVENIDA
A-2023-09-122,V-2023-09-122-1,LIMA,LIMA,MIRAFLORES,IDENTIFICADO,HABILITADO,PUBLICO URBANO,PERSONAS,DISTRITAL,SI,VIGENTE,SOAT,LA POSITIVA,SI,VIGENTE,CAMIONETA RURAL,ATROPELLO,08/09/2023,2023,SETIEMBRE,VIERNES,23,NO CORRESPONDE,AVENIDA
A-2023-09-124,V-2023-09-124-1,LIMA,LIMA,SAN JUAN DE MIRAFLORES,IDENTIFICADO,HABILITADO,REGULAR(INTERPROVINCIAL),PERSONAS,PROVINCIAL,NO,NO REGISTRA,,,SI,VIGENTE,ÓMNIBUS,CHOQUE,09/09/2023,2023,SETIEMBRE,SÁBADO,6,PE-1S,CARRETERA
A-2023-09-124,V-2023-09-124-2,LIMA,LIMA,SAN JUAN DE MIRAFLORES,IDENTIFICADO,NO CORRESPONDE,PARTICULAR,PERSONAS,NO SE CONOCE,SI,NO REGISTRA,SOAT,LA POSITIVA,NO,NO REGISTRA,MOTOCICLETA,CHOQUE,09/09/2023,2023,SETIEMBRE,SÁBADO,6,PE-1S,CARRETERA
A-2023-09-125,V-2023-09-125-1,LIMA,LIMA,BREÑA,IDENTIFICADO,NO CORRESPONDE,PARTICULAR,CARGA Y/O MERCANCÍAS,NO SE CONOCE,SI,VIGENTE,SOAT,PACIFICO,SI,VIGENTE,CAMIONETA PANEL,ATROPELLO,10/09/2023,2023,SETIEMBRE,DOMINGO,18,NO CORRESPONDE,JIRÓN
A-2023-09-123,V-2023-09-123-1,LIMA,LIMA,PUENTE PIEDRA,IDENTIFICADO,NO CORRESPONDE,PARTICULAR,PERSONAS,NO SE CONOCE,NO,NO REGISTRA,,,SI,VIGENTE,AUTOMÓVIL,ATROPELLO,11/09/2023,2023,SETIEMBRE,LUNES,3,PE-1N,CARRETERA
A-2023-09-126,V-2023-09-126-1,LIMA,LIMA,RIMAC,IDENTIFICADO,NO CORRESPONDE,PARTICULAR,PERSONAS,NO SE CONOCE,SI,VIGENTE,SOAT,INTERSEGURO,SI,VIGENTE,AUTOMÓVIL,ATROPELLO,13/09/2023,2023,SETIEMBRE,MIÉRCOLES,0,PE-1N,CARRETERA
A-2023-09-127,V-2023-09-127-1,LIMA,LIMA,PUNTA NEGRA,IDENTIFICADO,HABILITADO,REGULAR(INTERPROVINCIAL),PERSONAS,NACIONAL,SI,VIGENTE,SOAT,RIMAC,SI,VIGENTE,ÓMNIBUS,CHOQUE,14/09/2023,2023,SETIEMBRE,JUEVES,9,PE-1S,CARRETERA
A-2023-09-127,V-2023-09-127-2,LIMA,LIMA,PUNTA NEGRA,IDENTIFICADO,HABILITADO,CARGA,CARGA Y/O MERCANCÍAS,NACIONAL,SI,VIGENTE,SOAT,RIMAC,SI,VIGENTE,REMOLCADOR-SEMIREMOLQUE,CHOQUE,14/09/2023,2023,SETIEMBRE,JUEVES,9,PE-1S,CARRETERA
A-2023-09-128,V-2023-09-128-1,LIMA,LIMA,LURIGANCHO,IDENTIFICADO,HABILITADO,SERVICIO ESPECIAL DE PASAJEROS,PERSONAS,DISTRITAL,NO,NO REGISTRA,,,NO ESPECIFICA,NO REGISTRA,TRIMOTO PASAJERO,CHOQUE,14/09/2023,2023,SETIEMBRE,JUEVES,18,NO CORRESPONDE,AVENIDA
A-2023-09-128,V-2023-09-128-2,LIMA,LIMA,LURIGANCHO,IDENTIFICADO,NO CORRESPONDE,PARTICULAR,PERSONAS,NO SE CONOCE,SI,NO REGISTRA,SOAT,LA POSITIVA,NO ESPECIFICA,NO REGISTRA,MOTOCICLETA,CHOQUE,14/09/2023,2023,SETIEMBRE,JUEVES,18,NO CORRESPONDE,AVENIDA
A-2023-09-129,V-2023-09-129-1,LIMA,LIMA,SAN LUIS,IDENTIFICADO,NO CORRESPONDE,PARTICULAR,PERSONAS,NO SE CONOCE,SI,VIGENTE,SOAT,RIMAC,SI,VIGENTE,AUTOMÓVIL,CHOQUE FUGA,15/09/2023,2023,SETIEMBRE,VIERNES,19,NO CORRESPONDE,AVENIDA
A-2023-09-129,V-2023-09-129-2,LIMA,LIMA,SAN LUIS,IDENTIFICADO,NO CORRESPONDE,PARTICULAR,PERSONAS,NO SE CONOCE,SI,VIGENTE,SOAT,PROTECTA,SI,VIGENTE,AUTOMÓVIL,CHOQUE FUGA,15/09/2023,2023,SETIEMBRE,VIERNES,19,NO CORRESPONDE,AVENIDA
A-2023-09-130,V-2023-09-130-1,LIMA,LIMA,SAN BORJA,IDENTIFICADO,NO CORRESPONDE,PARTICULAR,PERSONAS,NO SE CONOCE,SI,VIGENTE,SOAT,INTERSEGURO,NO,NO REGISTRA,AUTOMÓVIL,CHOQUE,16/09/2023,2023,SETIEMBRE,SÁBADO,1,PE-1S,CARRETERA
A-2023-09-130,V-2023-09-130-2,LIMA,LIMA,SAN BORJA,IDENTIFICADO,NO CORRESPONDE,SERVICIO ESPECIAL DE PASAJEROS,PERSONAS,DISTRITAL,NO ESPECIFICA,VIGENTE,,,NO ESPECIFICA,NO REGISTRA,TRIMOTO PASAJERO,CHOQUE,16/09/2023,2023,SETIEMBRE,SÁBADO,1,PE-1S,CARRETERA
A-2023-09-131,V-2023-09-131-1,LIMA,LIMA,ATE,IDENTIFICADO,HABILITADO,SERVICIO ESPECIAL DE PASAJEROS,PERSONAS,NACIONAL,SI,VIGENTE,SOAT,RIMAC,SI,VIGENTE,CAMIONETA RURAL,ATROPELLO,16/09/2023,2023,SETIEMBRE,SÁBADO,17,PE-22,CARRETERA
A-2023-09-132,V-2023-09-132-1,LIMA,LIMA,SAN BORJA,IDENTIFICADO,HABILITADO,REGULAR(INTERPROVINCIAL),PERSONAS,PROVINCIAL,SI,VIGENTE,SOAT,RIMAC,SI,VIGENTE,ÓMNIBUS,CHOQUE,16/09/2023,2023,SETIEMBRE,SÁBADO,19,PE-1S,CARRETERA
A-2023-09-132,V-2023-09-132-2,LIMA,LIMA,SAN BORJA,IDENTIFICADO,NO CORRESPONDE,PARTICULAR,CARGA Y/O MERCANCÍAS,NO SE CONOCE,NO,VIGENTE,,,NO,NO REGISTRA,CAMIONETA PICK UP,CHOQUE,16/09/2023,2023,SETIEMBRE,SÁBADO,19,PE-1S,CARRETERA
A-2023-09-133,V-2023-09-133-1,LIMA,LIMA,LIMA,IDENTIFICADO,NO CORRESPONDE,PARTICULAR,PERSONAS,NO SE CONOCE,SI,VIGENTE,SOAT,MAPFRE,NO CORRESPONDE,NO APLICA,MOTOCICLETA,CHOQUE,19/09/2023,2023,SETIEMBRE,MARTES,6,NO CORRESPONDE,JIRÓN
A-2023-09-133,V-2023-09-133-2,LIMA,LIMA,LIMA,IDENTIFICADO,HABILITADO,SERVICIO ESPECIAL DE PASAJEROS,PERSONAS,PROVINCIAL,SI,VIGENTE,SOAT,MAPFRE,SI,VIGENTE,CAMIONETA RURAL,CHOQUE,19/09/2023,2023,SETIEMBRE,MARTES,6,NO CORRESPONDE,JIRÓN
A-2023-09-134,V-2023-09-134-1,LIMA,LIMA,SAN JUAN DE MIRAFLORES,IDENTIFICADO,HABILITADO,SERVICIO ESPECIAL DE PASAJEROS,PERSONAS,PROVINCIAL,NO,NO REGISTRA,,,SI,VIGENTE,ÓMNIBUS,CAÍDA DE PASAJERO,19/09/2023,2023,SETIEMBRE,MARTES,8,PE-1S,CARRETERA
A-2023-09-135,V-2023-09-135-1,LIMA,LIMA,SAN JUAN DE LURIGANCHO,IDENTIFICADO,HABILITADO,CARGA,CARGA Y/O MERCANCÍAS,NACIONAL,SI,VIGENTE,SOAT,LA POSITIVA,SI,VIGENTE,CAMIÓN,ATROPELLO,21/09/2023,2023,SETIEMBRE,JUEVES,11,PE-22,CARRETERA
A-2023-09-137,V-2023-09-137-1,LIMA,LIMA,LIMA,IDENTIFICADO,HABILITADO,MATERIALES PELIGROSOS,CARGA Y/O MERCANCÍAS,NACIONAL,SI,VIGENTE,SOAT,MAPFRE,NO,NO REGISTRA,REMOLCADOR-SEMIREMOLQUE,CHOQUE,22/09/2023,2023,SETIEMBRE,VIERNES,9,PE-1N,CARRETERA
A-2023-09-137,V-2023-09-137-2,LIMA,LIMA,LIMA,IDENTIFICADO,NO CORRESPONDE,PARTICULAR,PERSONAS,NO SE CONOCE,SI,VIGENTE,SOAT,LA POSITIVA,NO,NO REGISTRA,MOTOCICLETA,CHOQUE,22/09/2023,2023,SETIEMBRE,VIERNES,9,PE-1N,CARRETERA
A-2023-09-136,V-2023-09-136-1,LIMA,LIMA,SANTA ANITA,FUGADO,NO CORRESPONDE,NO CORRESPONDE,,,NO CORRESPONDE,NO APLICA,,,NO CORRESPONDE,NO APLICA,VEHICULO NO IDENTIFICADO,ATROPELLO FUGA,24/09/2023,2023,SETIEMBRE,DOMINGO,2,NO CORRESPONDE,AVENIDA
A-2023-09-138,V-2023-09-138-1,LIMA,LIMA,RIMAC,IDENTIFICADO,NO CORRESPONDE,PARTICULAR,PERSONAS,NO SE CONOCE,SI,VIGENTE,SOAT,LA POSITIVA,NO,NO REGISTRA,MOTOCICLETA,VOLCADURA,26/09/2023,2023,SETIEMBRE,MARTES,1,PE-1N,CARRETERA
A-2023-09-139,V-2023-09-139-1,LIMA,LIMA,ANCON,IDENTIFICADO,NO CORRESPONDE,PARTICULAR,PERSONAS,NO SE CONOCE,NO,NO REGISTRA,,,NO,NO REGISTRA,MOTOCICLETA,ATROPELLO,26/09/2023,2023,SETIEMBRE,MARTES,19,PE-1N,CARRETERA
A-2023-09-141,V-2023-09-141-1,LIMA,LIMA,COMAS,IDENTIFICADO,NO CORRESPONDE,PARTICULAR,PERSONAS,NO SE CONOCE,NO ESPECIFICA,NO REGISTRA,,,NO ESPECIFICA,NO REGISTRA,MOTOCICLETA,CHOQUE,27/09/2023,2023,SETIEMBRE,MIÉRCOLES,6,NO CORRESPONDE,CALLE
A-2023-09-141,V-2023-09-141-2,LIMA,LIMA,COMAS,IDENTIFICADO,NO CORRESPONDE,SERVICIO ESPECIAL DE PASAJEROS,PERSONAS,DISTRITAL,NO,NO REGISTRA,,,SI,VENCIDO,TRIMOTO PASAJERO,CHOQUE,27/09/2023,2023,SETIEMBRE,MIÉRCOLES,6,NO CORRESPONDE,CALLE
A-2023-09-140,V-2023-09-140-1,LIMA,LIMA,SANTA ANITA,IDENTIFICADO,HABILITADO,CARGA,CARGA Y/O MERCANCÍAS,NACIONAL,SI,VIGENTE,SOAT,INTERSEGURO,SI,VIGENTE,CAMIÓN,CHOQUE,27/09/2023,2023,SETIEMBRE,MIÉRCOLES,18,NO CORRESPONDE,AVENIDA
A-2023-09-140,V-2023-09-140-2,LIMA,LIMA,SANTA ANITA,IDENTIFICADO,NO CORRESPONDE,PARTICULAR,PERSONAS,NO SE CONOCE,NO CORRESPONDE,VIGENTE,,,NO CORRESPONDE,NO APLICA,BICICLETA,CHOQUE,27/09/2023,2023,SETIEMBRE,MIÉRCOLES,18,NO CORRESPONDE,AVENIDA
A-2023-09-184,V-2023-09-184-1,LIMA,LIMA,CIENEGUILLA,IDENTIFICADO,HABILITADO,PUBLICO URBANO,PERSONAS,PROVINCIAL,SI,VIGENTE,SOAT,RIMAC,SI,VIGENTE,MOTOCICLETA,CHOQUE CON OBJETO FIJO,28/09/2023,2023,SETIEMBRE,JUEVES,12,NO CORRESPONDE,AVENIDA
A-2023-09-142,V-2023-09-142-1,LIMA,LIMA,CHACLACAYO,FUGADO,NO CORRESPONDE,NO CORRESPONDE,PERSONAS,,NO CORRESPONDE,NO APLICA,,,NO CORRESPONDE,NO APLICA,VEHICULO NO IDENTIFICADO,ATROPELLO FUGA,28/09/2023,2023,SETIEMBRE,JUEVES,19,PE-22,CARRETERA
A-2023-09-145,V-2023-09-145-1,LIMA,LIMA,CIENEGUILLA,IDENTIFICADO,HABILITADO,REGULAR(INTERPROVINCIAL),PERSONAS,PROVINCIAL,SI,VIGENTE,SOAT,RIMAC,SI,VIGENTE,CAMIONETA RURAL,CHOQUE CON OBJETO FIJO,28/09/2023,2023,SETIEMBRE,JUEVES,21,NO CORRESPONDE,AVENIDA
A-2023-09-144,V-2023-09-144-1,LIMA,LIMA,ANCON,FUGADO,NO CORRESPONDE,NO CORRESPONDE,PERSONAS,,NO CORRESPONDE,NO APLICA,,,NO CORRESPONDE,NO APLICA,VEHICULO NO IDENTIFICADO,ATROPELLO FUGA,29/09/2023,2023,SETIEMBRE,VIERNES,5,PE-1N,CARRETERA
A-2023-09-183,V-2023-09-183-1,LIMA,LIMA,ANCON,FUGADO,NO CORRESPONDE,NO CORRESPONDE,,NO SE CONOCE,NO CORRESPONDE,NO APLICA,,,NO CORRESPONDE,NO APLICA,VEHICULO NO IDENTIFICADO,ATROPELLO FUGA,29/09/2023,2023,SETIEMBRE,VIERNES,5,PE-1N,CARRETERA
A-2023-09-146,V-2023-09-146-1,LIMA,LIMA,LURIGANCHO,IDENTIFICADO,NO HABILITADO,PUBLICO URBANO,PERSONAS,DISTRITAL,SI,VENCIDO,SOAT,RIMAC,NO,NO REGISTRA,CAMIONETA RURAL,CHOQUE,29/09/2023,2023,SETIEMBRE,VIERNES,22,NO CORRESPONDE,AVENIDA
A-2023-09-146,V-2023-09-146-2,LIMA,LIMA,LURIGANCHO,IDENTIFICADO,NO HABILITADO,SERVICIO ESPECIAL DE PASAJEROS,PERSONAS,DISTRITAL,NO ESPECIFICA,VENCIDO,,,NO ESPECIFICA,NO REGISTRA,TRIMOTO PASAJERO,CHOQUE,29/09/2023,2023,SETIEMBRE,VIERNES,22,NO CORRESPONDE,AVENIDA
A-2023-09-147,V-2023-09-147-1,LIMA,LIMA,SAN MIGUEL,IDENTIFICADO,NO CORRESPONDE,PARTICULAR,PERSONAS,NO SE CONOCE,SI,VIGENTE,SOAT,LA POSITIVA,NO,NO REGISTRA,MOTOCICLETA,CHOQUE,30/09/2023,2023,SETIEMBRE,SÁBADO,19,NO CORRESPONDE,AVENIDA
A-2023-09-147,V-2023-09-147-2,LIMA,LIMA,SAN MIGUEL,IDENTIFICADO,NO CORRESPONDE,PARTICULAR,PERSONAS,NO SE CONOCE,SI,VIGENTE,SOAT,INTERSEGURO,SI,VIGENTE,AUTOMÓVIL,CHOQUE,30/09/2023,2023,SETIEMBRE,SÁBADO,19,NO CORRESPONDE,AVENIDA
A-2023-10-95,V-2023-10-95-1,LIMA,LIMA,LURIGANCHO,IDENTIFICADO,HABILITADO,CARGA,CARGA Y/O MERCANCÍAS,NACIONAL,SI,VIGENTE,SOAT,LA POSITIVA,SI,VIGENTE,CAMIÓN,ATROPELLO,02/10/2023,2023,OCTUBRE,LUNES,12,NO CORRESPONDE,AVENIDA
A-2023-10-96,V-2023-10-96-1,LIMA,LIMA,INDEPENDENCIA,IDENTIFICADO,NO CORRESPONDE,PARTICULAR,PERSONAS,NO SE CONOCE,SI,VIGENTE,SOAT,LA POSITIVA,NO,NO REGISTRA,MOTOCICLETA,DESPISTE,02/10/2023,2023,OCTUBRE,LUNES,19,NO CORRESPONDE,AVENIDA
A-2023-10-180,V-2023-10-180-1,LIMA,LIMA,ATE,FUGADO,NO CORRESPONDE,NO CORRESPONDE,,,NO CORRESPONDE,NO APLICA,,,NO CORRESPONDE,NO APLICA,VEHICULO NO IDENTIFICADO,ATROPELLO FUGA,04/10/2023,2023,OCTUBRE,MIÉRCOLES,10,NO CORRESPONDE,AVENIDA
A-2023-10-97,V-2023-10-97-1,LIMA,LIMA,ATE,FUGADO,NO CORRESPONDE,NO CORRESPONDE,PERSONAS,NO SE CONOCE,NO CORRESPONDE,NO APLICA,,,NO CORRESPONDE,NO APLICA,VEHICULO NO IDENTIFICADO,ATROPELLO FUGA,04/10/2023,2023,OCTUBRE,MIÉRCOLES,10,NO CORRESPONDE,AVENIDA
A-2023-10-179,V-2023-10-179-1,LIMA,LIMA,CARABAYLLO,IDENTIFICADO,NO HABILITADO,REGULAR(INTERPROVINCIAL),PERSONAS,PROVINCIAL,SI,VIGENTE,SOAT,RIMAC,SI,VIGENTE,ÓMNIBUS,ATROPELLO,05/10/2023,2023,OCTUBRE,JUEVES,7,NO CORRESPONDE,AVENIDA
A-2023-10-98,V-2023-10-98-1,LIMA,LIMA,COMAS,IDENTIFICADO,NO CORRESPONDE,PARTICULAR,PERSONAS,NO SE CONOCE,SI,VIGENTE,SOAT,RIMAC,SI,VIGENTE,AUTOMÓVIL,ATROPELLO,06/10/2023,2023,OCTUBRE,VIERNES,4,NO CORRESPONDE,AVENIDA
A-2023-10-140,V-2023-10-140-1,CALLAO,CALLAO,BELLAVISTA,IDENTIFICADO,HABILITADO,PUBLICO URBANO,PERSONAS,NO SE CONOCE,SI,VIGENTE,CAT,,SI,VIGENTE,MINIBUS,CHOQUE,07/10/2023,2023,OCTUBRE,SÁBADO,18,NO CORRESPONDE,AVENIDA
A-2023-10-140,V-2023-10-140-2,CALLAO,CALLAO,BELLAVISTA,IDENTIFICADO,HABILITADO,PARTICULAR,PERSONAS,NO SE CONOCE,NO ESPECIFICA,VIGENTE,,,NO ESPECIFICA,NO REGISTRA,MOTOCICLETA,CHOQUE,07/10/2023,2023,OCTUBRE,SÁBADO,18,NO CORRESPONDE,AVENIDA
A-2023-10-9,V-2023-10-9-1,CALLAO,CALLAO,VENTANILLA,IDENTIFICADO,HABILITADO,SERVICIO ESPECIAL DE PASAJEROS,PERSONAS,DISTRITAL,NO,NO REGISTRA,,,SI,VIGENTE,TRIMOTO PASAJERO,ATROPELLO,07/10/2023,2023,OCTUBRE,SÁBADO,19,NO CORRESPONDE,AVENIDA
A-2023-10-100,V-2023-10-100-1,LIMA,LIMA,LA VICTORIA,IDENTIFICADO,HABILITADO,CARGA,CARGA Y/O MERCANCÍAS,NACIONAL,SI,VIGENTE,SOAT,MAPFRE,SI,VIGENTE,CAMIÓN,ATROPELLO,09/10/2023,2023,OCTUBRE,LUNES,14,NO CORRESPONDE,AVENIDA
A-2023-10-99,V-2023-10-99-1,LIMA,LIMA,SANTA ROSA,IDENTIFICADO,NO CORRESPONDE,PARTICULAR,PERSONAS,NO SE CONOCE,SI,VIGENTE,SOAT,INTERSEGURO,SI,VIGENTE,CAMIONETA RURAL,ATROPELLO,09/10/2023,2023,OCTUBRE,LUNES,18,NO CORRESPONDE,AVENIDA
A-2023-10-101,V-2023-10-101-1,LIMA,LIMA,SAN JUAN DE LURIGANCHO,IDENTIFICADO,NO CORRESPONDE,PUBLICO URBANO,PERSONAS,DISTRITAL,SI,VENCIDO,SOAT,PACIFICO,SI,VIGENTE,CAMIONETA RURAL,ATROPELLO,09/10/2023,2023,OCTUBRE,LUNES,19,PE-22,CARRETERA
A-2023-10-102,V-2023-10-102-1,LIMA,LIMA,MAGDALENA DEL MAR,IDENTIFICADO,HABILITADO,REGULAR(INTERPROVINCIAL),PERSONAS,DISTRITAL,NO,NO REGISTRA,,,SI,VIGENTE,CAMIONETA RURAL,ATROPELLO,10/10/2023,2023,OCTUBRE,MARTES,15,NO CORRESPONDE,AVENIDA
A-2023-10-103,V-2023-10-103-1,LIMA,LIMA,SANTA ANITA,IDENTIFICADO,HABILITADO,CARGA,PERSONAS,NACIONAL,SI,VIGENTE,SOAT,MAPFRE,SI,VIGENTE,CAMIÓN,ATROPELLO,11/10/2023,2023,OCTUBRE,MIÉRCOLES,23,NO CORRESPONDE,AVENIDA
A-2023-10-104,V-2023-10-104-1,LIMA,LIMA,LURIGANCHO,IDENTIFICADO,HABILITADO,CARGA,CARGA Y/O MERCANCÍAS,NACIONAL,SI,VIGENTE,SOAT,RIMAC,SI,VIGENTE,CAMIÓN,CHOQUE,12/10/2023,2023,OCTUBRE,JUEVES,6,NO CORRESPONDE,AUTOPISTA
A-2023-10-104,V-2023-10-104-2,LIMA,LIMA,LURIGANCHO,ESTACIONADO,NO HABILITADO,CARGA,CARGA Y/O MERCANCÍAS,NACIONAL,NO ESPECIFICA,VIGENTE,,,NO ESPECIFICA,NO REGISTRA,CAMIÓN,CHOQUE,12/10/2023,2023,OCTUBRE,JUEVES,6,NO CORRESPONDE,AUTOPISTA
A-2023-10-105,V-2023-10-105-1,LIMA,LIMA,SAN MARTIN DE PORRES,IDENTIFICADO,NO CORRESPONDE,PARTICULAR,PERSONAS,NO SE CONOCE,SI,VIGENTE,SOAT,INTERSEGURO,NO,NO REGISTRA,AUTOMÓVIL,ATROPELLO,12/10/2023,2023,OCTUBRE,JUEVES,14,NO CORRESPONDE,AVENIDA
A-2023-10-106,V-2023-10-106-1,LIMA,LIMA,LURIN,FUGADO,NO CORRESPONDE,NO CORRESPONDE,PERSONAS,,NO CORRESPONDE,NO APLICA,,,NO CORRESPONDE,NO APLICA,VEHICULO NO IDENTIFICADO,ATROPELLO FUGA,12/10/2023,2023,OCTUBRE,JUEVES,20,LM-797,CARRETERA
A-2023-10-107,V-2023-10-107-1,LIMA,LIMA,VILLA MARIA DEL TRIUNFO,IDENTIFICADO,NO CORRESPONDE,PARTICULAR,PERSONAS,NO SE CONOCE,SI,VIGENTE,SOAT,LA POSITIVA,NO,NO REGISTRA,MOTOCICLETA,ATROPELLO,13/10/2023,2023,OCTUBRE,VIERNES,3,NO CORRESPONDE,AVENIDA
A-2023-10-11,V-2023-10-11-1,CALLAO,CALLAO,CALLAO,IDENTIFICADO,HABILITADO,CARGA,CARGA Y/O MERCANCÍAS,REGIONAL,SI,VIGENTE,SOAT,PACIFICO,SI,VIGENTE,REMOLCADOR,ATROPELLO,14/10/2023,2023,OCTUBRE,SÁBADO,4,PE-20,CARRETERA
A-2023-10-11,V-2023-10-11-2,CALLAO,CALLAO,CALLAO,IDENTIFICADO,HABILITADO,PUBLICO URBANO,PERSONAS,REGIONAL,SI,VIGENTE,SOAT,LA POSITIVA,SI,VIGENTE,CAMIONETA RURAL,ATROPELLO,14/10/2023,2023,OCTUBRE,SÁBADO,4,PE-20,CARRETERA
A-2023-10-108,V-2023-10-108-1,LIMA,LIMA,VILLA MARIA DEL TRIUNFO,IDENTIFICADO,NO CORRESPONDE,PARTICULAR,PERSONAS,NO SE CONOCE,SI,VIGENTE,SOAT,INTERSEGURO,SI,VENCIDO,AUTOMÓVIL,ATROPELLO,15/10/2023,2023,OCTUBRE,DOMINGO,7,NO CORRESPONDE,AVENIDA
A-2023-10-109,V-2023-10-109-1,LIMA,LIMA,LINCE,IDENTIFICADO,NO CORRESPONDE,PARTICULAR,PERSONAS,NO SE CONOCE,SI,VIGENTE,SOAT,INTERSEGURO,SI,VIGENTE,AUTOMÓVIL,ATROPELLO,15/10/2023,2023,OCTUBRE,DOMINGO,11,NO CORRESPONDE,AVENIDA
A-2023-10-112,V-2023-10-112-1,LIMA,LIMA,SANTIAGO DE SURCO,IDENTIFICADO,NO CORRESPONDE,PARTICULAR,PERSONAS,NO SE CONOCE,SI,VIGENTE,SOAT,INTERSEGURO,SI,VIGENTE,AUTOMÓVIL,CHOQUE,15/10/2023,2023,OCTUBRE,DOMINGO,20,NO CORRESPONDE,AVENIDA
A-2023-10-112,V-2023-10-112-2,LIMA,LIMA,SANTIAGO DE SURCO,IDENTIFICADO,NO CORRESPONDE,PARTICULAR,PERSONAS,NO SE CONOCE,SI,VIGENTE,SOAT,LA POSITIVA,NO,NO REGISTRA,MOTOCICLETA,CHOQUE,15/10/2023,2023,OCTUBRE,DOMINGO,20,NO CORRESPONDE,AVENIDA
A-2023-10-111,V-2023-10-111-1,LIMA,LIMA,CHACLACAYO,IDENTIFICADO,NO CORRESPONDE,PARTICULAR,PERSONAS,NO SE CONOCE,SI,VIGENTE,SOAT,RIMAC,SI,VIGENTE,AUTOMÓVIL,DESPISTE,15/10/2023,2023,OCTUBRE,DOMINGO,21,NO CORRESPONDE,AVENIDA
A-2023-10-113,V-2023-10-113-1,LIMA,LIMA,ANCON,IDENTIFICADO,NO CORRESPONDE,PARTICULAR,PERSONAS,NO SE CONOCE,SI,VIGENTE,SOAT,RIMAC,SI,VIGENTE,AUTOMÓVIL,ATROPELLO,16/10/2023,2023,OCTUBRE,LUNES,10,PE-1N,CARRETERA
A-2023-10-114,V-2023-10-114-1,LIMA,LIMA,VILLA EL SALVADOR,IDENTIFICADO,NO CORRESPONDE,PARTICULAR,PERSONAS,NO SE CONOCE,SI,VIGENTE,SOAT,INTERSEGURO,SI,VIGENTE,CAMIONETA PICK UP,ATROPELLO,16/10/2023,2023,OCTUBRE,LUNES,12,NO CORRESPONDE,CALLE
A-2023-10-115,V-2023-10-115-1,LIMA,LIMA,SAN JUAN DE LURIGANCHO,IDENTIFICADO,NO HABILITADO,PUBLICO URBANO,PERSONAS,PROVINCIAL,NO,NO REGISTRA,,,SI,VENCIDO,CAMIONETA RURAL,DESPISTE,18/10/2023,2023,OCTUBRE,MIÉRCOLES,7,NO CORRESPONDE,AVENIDA
A-2023-10-116,V-2023-10-116-1,LIMA,LIMA,LA MOLINA,FUGADO,NO CORRESPONDE,NO CORRESPONDE,PERSONAS,,NO CORRESPONDE,NO APLICA,,,NO CORRESPONDE,NO APLICA,VEHICULO NO IDENTIFICADO,ATROPELLO FUGA,18/10/2023,2023,OCTUBRE,MIÉRCOLES,19,PE-1S,CARRETERA
A-2023-10-139,V-2023-10-139-1,CALLAO,CALLAO,CALLAO,IDENTIFICADO,HABILITADO,PARTICULAR,PERSONAS,NO SE CONOCE,NO ESPECIFICA,NO REGISTRA,,,NO ESPECIFICA,NO REGISTRA,MOTOCICLETA,CHOQUE,18/10/2023,2023,OCTUBRE,MIÉRCOLES,20,NO CORRESPONDE,AVENIDA
A-2023-10-139,V-2023-10-139-2,CALLAO,CALLAO,CALLAO,ESTACIONADO,HABILITADO,PARTICULAR,PERSONAS,NO SE CONOCE,NO ESPECIFICA,NO REGISTRA,,,NO ESPECIFICA,NO REGISTRA,REMOLCADOR-SEMIREMOLQUE,CHOQUE,18/10/2023,2023,OCTUBRE,MIÉRCOLES,20,NO CORRESPONDE,AVENIDA
A-2023-10-117,V-2023-10-117-1,LIMA,LIMA,INDEPENDENCIA,IDENTIFICADO,NO CORRESPONDE,PARTICULAR,PERSONAS,NO SE CONOCE,SI,VIGENTE,SOAT,LA POSITIVA,NO,NO REGISTRA,MOTOCICLETA,DESPISTE,19/10/2023,2023,OCTUBRE,JUEVES,6,PE-1N,CARRETERA
A-2023-10-118,V-2023-10-118-1,LIMA,LIMA,COMAS,IDENTIFICADO,NO CORRESPONDE,NO CORRESPONDE,PERSONAS,NO SE CONOCE,NO CORRESPONDE,NO APLICA,,,NO CORRESPONDE,NO APLICA,SCOOTER,VOLCADURA,21/10/2023,2023,OCTUBRE,SÁBADO,17,NO CORRESPONDE,AVENIDA
A-2023-10-119,V-2023-10-119-1,LIMA,LIMA,SAN MARTIN DE PORRES,IDENTIFICADO,NO CORRESPONDE,PARTICULAR,PERSONAS,NO SE CONOCE,SI,VIGENTE,SOAT,LA POSITIVA,NO,NO REGISTRA,MOTOCICLETA,DESPISTE,22/10/2023,2023,OCTUBRE,DOMINGO,2,NO CORRESPONDE,AVENIDA
A-2023-10-120,V-2023-10-120-1,LIMA,LIMA,PUNTA NEGRA,IDENTIFICADO,NO CORRESPONDE,PARTICULAR,PERSONAS,NO SE CONOCE,SI,VIGENTE,SOAT,LA POSITIVA,NO,NO REGISTRA,MOTOCICLETA,DESPISTE,22/10/2023,2023,OCTUBRE,DOMINGO,5,PE-1S,CARRETERA
A-2023-10-121,V-2023-10-121-1,LIMA,LIMA,CHORRILLOS,IDENTIFICADO,NO CORRESPONDE,PARTICULAR,PERSONAS,NO SE CONOCE,SI,VIGENTE,SOAT,MAPFRE,NO CORRESPONDE,NO APLICA,AUTOMÓVIL,CHOQUE,22/10/2023,2023,OCTUBRE,DOMINGO,12,PE-1S,CARRETERA
A-2023-10-121,V-2023-10-121-2,LIMA,LIMA,CHORRILLOS,IDENTIFICADO,NO CORRESPONDE,PARTICULAR,PERSONAS,NO SE CONOCE,SI,VIGENTE,SOAT,RIMAC,SI,VIGENTE,AUTOMÓVIL,CHOQUE,22/10/2023,2023,OCTUBRE,DOMINGO,12,PE-1S,CARRETERA
A-2023-10-121,V-2023-10-121-3,LIMA,LIMA,CHORRILLOS,IDENTIFICADO,NO CORRESPONDE,PARTICULAR,PERSONAS,NO SE CONOCE,NO CORRESPONDE,VIGENTE,,,NO CORRESPONDE,NO APLICA,BICICLETA,CHOQUE,22/10/2023,2023,OCTUBRE,DOMINGO,12,PE-1S,CARRETERA
A-2023-10-121,V-2023-10-121-4,LIMA,LIMA,CHORRILLOS,IDENTIFICADO,NO CORRESPONDE,PARTICULAR,PERSONAS,NO SE CONOCE,NO CORRESPONDE,VIGENTE,,,NO CORRESPONDE,NO APLICA,BICICLETA,CHOQUE,22/10/2023,2023,OCTUBRE,DOMINGO,12,PE-1S,CARRETERA
A-2023-10-124,V-2023-10-124-1,LIMA,LIMA,LURIN,IDENTIFICADO,NO CORRESPONDE,PARTICULAR,PERSONAS,NO SE CONOCE,SI,VIGENTE,SOAT,INTERSEGURO,NO,NO REGISTRA,AUTOMÓVIL,CHOQUE,23/10/2023,2023,OCTUBRE,LUNES,7,PE-1S,CARRETERA
A-2023-10-124,V-2023-10-124-2,LIMA,LIMA,LURIN,IDENTIFICADO,HABILITADO,REGULAR(INTERPROVINCIAL),PERSONAS,PROVINCIAL,SI,VIGENTE,SOAT,RIMAC,SI,VIGENTE,ÓMNIBUS,CHOQUE,23/10/2023,2023,OCTUBRE,LUNES,7,PE-1S,CARRETERA
A-2023-10-125,V-2023-10-125-1,LIMA,LIMA,LURIN,IDENTIFICADO,HABILITADO,MATERIALES PELIGROSOS,CARGA Y/O MERCANCÍAS,NACIONAL,SI,VIGENTE,SOAT,RIMAC,SI,VIGENTE,REMOLCADOR-SEMIREMOLQUE,CHOQUE,24/10/2023,2023,OCTUBRE,MARTES,7,PE-1S,CARRETERA
A-2023-10-125,V-2023-10-125-2,LIMA,LIMA,LURIN,IDENTIFICADO,NO CORRESPONDE,PARTICULAR,PERSONAS,NO SE CONOCE,SI,VIGENTE,SOAT,PROTECTA,SI,VIGENTE,CAMIONETA RURAL,CHOQUE,24/10/2023,2023,OCTUBRE,MARTES,7,PE-1S,CARRETERA
A-2023-10-128,V-2023-10-128-1,LIMA,LIMA,SURQUILLO,IDENTIFICADO,NO CORRESPONDE,PARTICULAR,PERSONAS,NO SE CONOCE,SI,VIGENTE,SOAT,INTERSEGURO,NO,NO REGISTRA,MOTOCICLETA,ATROPELLO,25/10/2023,2023,OCTUBRE,MIÉRCOLES,0,NO CORRESPONDE,AVENIDA
A-2023-10-122,V-2023-10-122-1,LIMA,LIMA,LOS OLIVOS,FUGADO,NO CORRESPONDE,NO CORRESPONDE,PERSONAS,,NO CORRESPONDE,NO APLICA,,,NO CORRESPONDE,NO APLICA,VEHICULO NO IDENTIFICADO,ATROPELLO FUGA,25/10/2023,2023,OCTUBRE,MIÉRCOLES,2,PE-1N,CARRETERA
A-2023-10-127,V-2023-10-127-1,LIMA,LIMA,SAN LUIS,IDENTIFICADO,NO CORRESPONDE,PARTICULAR,PERSONAS,NO SE CONOCE,NO,NO REGISTRA,,,NO,NO REGISTRA,MOTOCICLETA,ATROPELLO,26/10/2023,2023,OCTUBRE,JUEVES,5,NO CORRESPONDE,AVENIDA
A-2023-10-123,V-2023-10-123-1,LIMA,LIMA,LOS OLIVOS,FUGADO,NO CORRESPONDE,NO CORRESPONDE,PERSONAS,,NO CORRESPONDE,NO APLICA,,,NO CORRESPONDE,NO APLICA,VEHICULO NO IDENTIFICADO,ATROPELLO FUGA,27/10/2023,2023,OCTUBRE,VIERNES,1,PE-1N,CARRETERA
A-2023-10-126,V-2023-10-126-1,LIMA,LIMA,SAN MARTIN DE PORRES,IDENTIFICADO,HABILITADO,CARGA,CARGA Y/O MERCANCÍAS,NACIONAL,SI,VIGENTE,SOAT,INTERSEGURO,SI,VIGENTE,CAMIÓN,ATROPELLO,27/10/2023,2023,OCTUBRE,VIERNES,6,NO CORRESPONDE,AVENIDA
A-2023-10-129,V-2023-10-129-1,LIMA,LIMA,LURIGANCHO,IDENTIFICADO,NO CORRESPONDE,PARTICULAR,PERSONAS,NO SE CONOCE,SI,VIGENTE,SOAT,LA POSITIVA,SI,VIGENTE,AUTOMÓVIL,ATROPELLO,28/10/2023,2023,OCTUBRE,SÁBADO,2,PE-22,CARRETERA
A-2023-10-130,V-2023-10-130-1,LIMA,LIMA,EL AGUSTINO,FUGADO,NO CORRESPONDE,NO CORRESPONDE,PERSONAS,,NO CORRESPONDE,NO APLICA,,,NO CORRESPONDE,NO APLICA,VEHICULO NO IDENTIFICADO,ATROPELLO FUGA,28/10/2023,2023,OCTUBRE,SÁBADO,4,NO CORRESPONDE,AVENIDA
A-2023-10-131,V-2023-10-131-1,LIMA,LIMA,ATE,IDENTIFICADO,NO CORRESPONDE,PARTICULAR,PERSONAS,NO SE CONOCE,SI,VENCIDO,SOAT,LA POSITIVA,NO,NO REGISTRA,MOTOCICLETA,ATROPELLO,29/10/2023,2023,OCTUBRE,DOMINGO,0,PE-22,CARRETERA
A-2023-10-132,V-2023-10-132-1,LIMA,LIMA,RIMAC,IDENTIFICADO,NO CORRESPONDE,SERVICIO ESPECIAL DE PASAJEROS,PERSONAS,DISTRITAL,NO ESPECIFICA,NO REGISTRA,,,NO ESPECIFICA,NO REGISTRA,TRIMOTO PASAJERO,CHOQUE,29/10/2023,2023,OCTUBRE,DOMINGO,6,PE-1N,CARRETERA
A-2023-10-132,V-2023-10-132-2,LIMA,LIMA,RIMAC,IDENTIFICADO,HABILITADO,CARGA,CARGA Y/O MERCANCÍAS,NACIONAL,SI,NO REGISTRA,SOAT,LA POSITIVA,SI,VIGENTE,REMOLCADOR-SEMIREMOLQUE,CHOQUE,29/10/2023,2023,OCTUBRE,DOMINGO,6,PE-1N,CARRETERA
A-2023-10-93,V-2023-10-93-1,LIMA,LIMA,CARABAYLLO,IDENTIFICADO,NO CORRESPONDE,PARTICULAR,PERSONAS,NO SE CONOCE,SI,VIGENTE,SOAT,PROTECTA,SI,VIGENTE,STATION WAGON,ATROPELLO,29/10/2023,2023,OCTUBRE,DOMINGO,12,NO CORRESPONDE,AVENIDA
A-2023-11-105,V-2023-11-105-1,LIMA,LIMA,LOS OLIVOS,IDENTIFICADO,HABILITADO,CARGA,CARGA Y/O MERCANCÍAS,NACIONAL,SI,VIGENTE,SOAT,INTERSEGURO,SI,VIGENTE,CAMIÓN,ATROPELLO,01/11/2023,2023,NOVIEMBRE,MIÉRCOLES,5,NO CORRESPONDE,AVENIDA
A-2023-11-106,V-2023-11-106-1,LIMA,LIMA,CHORRILLOS,IDENTIFICADO,NO CORRESPONDE,PARTICULAR,PERSONAS,NO SE CONOCE,SI,VIGENTE,SOAT,PROTECTA,SI,VIGENTE,AUTOMÓVIL,ESPECIAL,01/11/2023,2023,NOVIEMBRE,MIÉRCOLES,19,NO CORRESPONDE,VIA EXPRESA
A-2023-11-107,V-2023-11-107-1,LIMA,LIMA,SAN MARTIN DE PORRES,IDENTIFICADO,HABILITADO,CARGA,CARGA Y/O MERCANCÍAS,NACIONAL,SI,VIGENTE,SOAT,LA POSITIVA,SI,VIGENTE,REMOLCADOR-SEMIREMOLQUE,ATROPELLO,02/11/2023,2023,NOVIEMBRE,JUEVES,4,NO CORRESPONDE,AVENIDA
A-2023-11-108,V-2023-11-108-1,LIMA,LIMA,SAN JUAN DE LURIGANCHO,IDENTIFICADO,NO CORRESPONDE,PARTICULAR,PERSONAS,NO SE CONOCE,SI,VIGENTE,SOAT,PACIFICO,SI,VIGENTE,AUTOMÓVIL,ATROPELLO,02/11/2023,2023,NOVIEMBRE,JUEVES,5,NO CORRESPONDE,AVENIDA
A-2023-11-109,V-2023-11-109-1,LIMA,LIMA,SAN BARTOLO,FUGADO,NO CORRESPONDE,NO CORRESPONDE,,,NO CORRESPONDE,NO APLICA,,,NO CORRESPONDE,NO APLICA,VEHICULO NO IDENTIFICADO,ATROPELLO FUGA,02/11/2023,2023,NOVIEMBRE,JUEVES,11,PE-1S,CARRETERA
A-2023-11-111,V-2023-11-111-1,LIMA,LIMA,SAN JUAN DE LURIGANCHO,IDENTIFICADO,HABILITADO,CARGA,CARGA Y/O MERCANCÍAS,NACIONAL,SI,VIGENTE,SOAT,INTERSEGURO,SI,VIGENTE,REMOLCADOR,CHOQUE,02/11/2023,2023,NOVIEMBRE,JUEVES,17,NO CORRESPONDE,AVENIDA
A-2023-11-111,V-2023-11-111-2,LIMA,LIMA,SAN JUAN DE LURIGANCHO,IDENTIFICADO,NO CORRESPONDE,PARTICULAR,PERSONAS,NO SE CONOCE,SI,VIGENTE,SOAT,LA POSITIVA,NO,NO REGISTRA,MOTOCICLETA,CHOQUE,02/11/2023,2023,NOVIEMBRE,JUEVES,17,NO CORRESPONDE,AVENIDA
A-2023-11-110,V-2023-11-110-1,LIMA,LIMA,ATE,IDENTIFICADO,HABILITADO,TAXI,PERSONAS,PROVINCIAL,SI,VIGENTE,SOAT,PACIFICO,SI,VIGENTE,AUTOMÓVIL,ATROPELLO,02/11/2023,2023,NOVIEMBRE,JUEVES,19,PE-22,CARRETERA
A-2023-11-112,V-2023-11-112-1,LIMA,LIMA,RIMAC,IDENTIFICADO,NO CORRESPONDE,PARTICULAR,PERSONAS,NO SE CONOCE,SI,VIGENTE,SOAT,LA POSITIVA,NO,NO REGISTRA,MOTOCICLETA,ATROPELLO,03/11/2023,2023,NOVIEMBRE,VIERNES,3,PE-1N,CARRETERA
A-2023-11-113,V-2023-11-113-1,LIMA,LIMA,COMAS,IDENTIFICADO,HABILITADO,PUBLICO URBANO,PERSONAS,PROVINCIAL,SI,VIGENTE,SOAT,RIMAC,SI,VIGENTE,ÓMNIBUS,CHOQUE,05/11/2023,2023,NOVIEMBRE,DOMINGO,6,NO CORRESPONDE,AVENIDA
A-2023-11-113,V-2023-11-113-2,LIMA,LIMA,COMAS,IDENTIFICADO,NO CORRESPONDE,PARTICULAR,PERSONAS,NO SE CONOCE,NO,VIGENTE,,,NO,NO REGISTRA,MOTOCICLETA,CHOQUE,05/11/2023,2023,NOVIEMBRE,DOMINGO,6,NO CORRESPONDE,AVENIDA
A-2023-11-114,V-2023-11-114-1,LIMA,LIMA,SAN MARTIN DE PORRES,IDENTIFICADO,HABILITADO,TAXI,PERSONAS,PROVINCIAL,NO ESPECIFICA,NO REGISTRA,,,SI,VENCIDO,AUTOMÓVIL,ATROPELLO,06/11/2023,2023,NOVIEMBRE,LUNES,5,NO CORRESPONDE,AVENIDA
A-2023-11-115,V-2023-11-115-1,LIMA,LIMA,LA VICTORIA,IDENTIFICADO,HABILITADO,PUBLICO URBANO,PERSONAS,PROVINCIAL,SI,VIGENTE,SOAT,LA POSITIVA,SI,VIGENTE,ÓMNIBUS,ATROPELLO,08/11/2023,2023,NOVIEMBRE,MIÉRCOLES,12,NO CORRESPONDE,JIRÓN
A-2023-11-116,V-2023-11-116-1,LIMA,LIMA,CARABAYLLO,IDENTIFICADO,NO CORRESPONDE,PARTICULAR,PERSONAS,NO SE CONOCE,NO CORRESPONDE,NO APLICA,,,NO CORRESPONDE,NO APLICA,BICICLETA,CHOQUE FUGA,09/11/2023,2023,NOVIEMBRE,JUEVES,17,PE-20A,CARRETERA
A-2023-11-116,V-2023-11-116-2,LIMA,LIMA,CARABAYLLO,IDENTIFICADO,NO CORRESPONDE,PARTICULAR,PERSONAS,NO SE CONOCE,NO,NO APLICA,,,SI,VENCIDO,CAMIONETA RURAL,CHOQUE FUGA,09/11/2023,2023,NOVIEMBRE,JUEVES,17,PE-20A,CARRETERA
A-2023-11-117,V-2023-11-117-1,LIMA,LIMA,CARABAYLLO,IDENTIFICADO,NO CORRESPONDE,CARGA,CARGA Y/O MERCANCÍAS,NACIONAL,SI,VIGENTE,SOAT,RIMAC,SI,VIGENTE,CAMIÓN,CHOQUE,11/11/2023,2023,NOVIEMBRE,SÁBADO,22,PE-20A,CARRETERA
A-2023-11-117,V-2023-11-117-2,LIMA,LIMA,CARABAYLLO,IDENTIFICADO,NO CORRESPONDE,OTRO,PERSONAS,NO SE CONOCE,NO CORRESPONDE,VIGENTE,,,NO CORRESPONDE,NO APLICA,OTRO,CHOQUE,11/11/2023,2023,NOVIEMBRE,SÁBADO,22,PE-20A,CARRETERA
A-2023-11-118,V-2023-11-118-1,LIMA,LIMA,SANTIAGO DE SURCO,IDENTIFICADO,NO CORRESPONDE,PARTICULAR,PERSONAS,NO SE CONOCE,SI,VIGENTE,SOAT,LA POSITIVA,NO,NO REGISTRA,MOTOCICLETA,ATROPELLO,12/11/2023,2023,NOVIEMBRE,DOMINGO,10,NO CORRESPONDE,AVENIDA
A-2023-11-119,V-2023-11-119-1,LIMA,LIMA,LURIN,FUGADO,NO CORRESPONDE,NO CORRESPONDE,,,NO CORRESPONDE,NO APLICA,,,NO CORRESPONDE,NO APLICA,VEHICULO NO IDENTIFICADO,ATROPELLO FUGA,12/11/2023,2023,NOVIEMBRE,DOMINGO,20,PE-1S,CARRETERA
A-2023-11-177,V-2023-11-177-1,LIMA,LIMA,SAN MARTIN DE PORRES,IDENTIFICADO,HABILITADO,CARGA,CARGA Y/O MERCANCÍAS,PROVINCIAL,SI,VIGENTE,SOAT,LA POSITIVA,NO,NO REGISTRA,CAMIÓN,CHOQUE,14/11/2023,2023,NOVIEMBRE,MARTES,20,PE-1N,CARRETERA
A-2023-11-177,V-2023-11-177-2,LIMA,LIMA,SAN MARTIN DE PORRES,IDENTIFICADO,HABILITADO,CARGA,CARGA Y/O MERCANCÍAS,PROVINCIAL,SI,VIGENTE,SOAT,RIMAC,SI,VIGENTE,REMOLCADOR-SEMIREMOLQUE,CHOQUE,14/11/2023,2023,NOVIEMBRE,MARTES,20,PE-1N,CARRETERA
A-2023-11-177,V-2023-11-177-3,LIMA,LIMA,SAN MARTIN DE PORRES,IDENTIFICADO,NO CORRESPONDE,PARTICULAR,PERSONAS,NO SE CONOCE,SI,VIGENTE,SOAT,LA POSITIVA,NO ESPECIFICA,NO REGISTRA,MOTOCICLETA,CHOQUE,14/11/2023,2023,NOVIEMBRE,MARTES,20,PE-1N,CARRETERA
A-2023-11-120,V-2023-11-120-1,LIMA,LIMA,LOS OLIVOS,IDENTIFICADO,HABILITADO,PUBLICO URBANO,PERSONAS,PROVINCIAL,SI,VIGENTE,SOAT,RIMAC,SI,VIGENTE,MINIBUS,ATROPELLO,15/11/2023,2023,NOVIEMBRE,MIÉRCOLES,6,NO CORRESPONDE,AVENIDA
A-2023-11-122,V-2023-11-122-1,LIMA,LIMA,CARABAYLLO,IDENTIFICADO,NO CORRESPONDE,PARTICULAR,PERSONAS,NO SE CONOCE,SI,VIGENTE,SOAT,LA POSITIVA,NO CORRESPONDE,NO APLICA,CAMIONETA PICK UP,ATROPELLO,15/11/2023,2023,NOVIEMBRE,MIÉRCOLES,7,NO CORRESPONDE,AVENIDA
A-2023-11-121,V-2023-11-121-1,LIMA,LIMA,SAN JUAN DE LURIGANCHO,IDENTIFICADO,HABILITADO,CARGA,CARGA Y/O MERCANCÍAS,NACIONAL,SI,VIGENTE,SOAT,LA POSITIVA,SI,VIGENTE,CAMIÓN,ESPECIAL,15/11/2023,2023,NOVIEMBRE,MIÉRCOLES,11,NO CORRESPONDE,CALLE
A-2023-11-123,V-2023-11-123-1,LIMA,LIMA,SAN JUAN DE LURIGANCHO,IDENTIFICADO,NO CORRESPONDE,PARTICULAR,PERSONAS,NO SE CONOCE,SI,VIGENTE,SOAT,MAPFRE,NO,NO REGISTRA,MOTOCICLETA,DESPISTE,15/11/2023,2023,NOVIEMBRE,MIÉRCOLES,17,PE-22,CARRETERA
A-2023-11-149,V-2023-11-149-1,CALLAO,CALLAO,CALLAO,IDENTIFICADO,HABILITADO,CARGA,CARGA Y/O MERCANCÍAS,NO SE CONOCE,SI,VIGENTE,SOAT,LA POSITIVA,SI,VIGENTE,REMOLCADOR-SEMIREMOLQUE,ATROPELLO,16/11/2023,2023,NOVIEMBRE,JUEVES,12,NO CORRESPONDE,AVENIDA
A-2023-11-124,V-2023-11-124-1,LIMA,LIMA,INDEPENDENCIA,IDENTIFICADO,NO CORRESPONDE,PARTICULAR,PERSONAS,NO SE CONOCE,SI,VIGENTE,SOAT,LA POSITIVA,SI,VIGENTE,MOTOCICLETA,DESPISTE,18/11/2023,2023,NOVIEMBRE,SÁBADO,0,PE-1N,CARRETERA
A-2023-11-125,V-2023-11-125-1,LIMA,LIMA,SAN JUAN DE LURIGANCHO,IDENTIFICADO,NO CORRESPONDE,PARTICULAR,PERSONAS,NO SE CONOCE,SI,VIGENTE,SOAT,LA POSITIVA,SI,VIGENTE,AUTOMÓVIL,DESPISTE,18/11/2023,2023,NOVIEMBRE,SÁBADO,7,NO CORRESPONDE,CALLE
A-2023-11-126,V-2023-11-126-1,LIMA,LIMA,SAN JUAN DE MIRAFLORES,FUGADO,NO CORRESPONDE,NO CORRESPONDE,,,NO CORRESPONDE,NO APLICA,,,NO CORRESPONDE,NO APLICA,VEHICULO NO IDENTIFICADO,ATROPELLO FUGA,19/11/2023,2023,NOVIEMBRE,DOMINGO,5,PE-1S,CARRETERA
A-2023-11-127,V-2023-11-127-1,LIMA,LIMA,ANCON,IDENTIFICADO,NO CORRESPONDE,PARTICULAR,PERSONAS,NO SE CONOCE,SI,VIGENTE,SOAT,PACIFICO,NO,NO REGISTRA,CAMIONETA RURAL,ATROPELLO,19/11/2023,2023,NOVIEMBRE,DOMINGO,14,PE-1N,CARRETERA
A-2023-11-128,V-2023-11-128-1,LIMA,LIMA,LURIN,IDENTIFICADO,HABILITADO,CARGA,CARGA Y/O MERCANCÍAS,NACIONAL,SI,VIGENTE,SOAT,RIMAC,SI,VIGENTE,REMOLCADOR-SEMIREMOLQUE,CHOQUE,20/11/2023,2023,NOVIEMBRE,LUNES,17,PE-1S,CARRETERA
A-2023-11-128,V-2023-11-128-2,LIMA,LIMA,LURIN,IDENTIFICADO,NO CORRESPONDE,PARTICULAR,PERSONAS,NO SE CONOCE,SI,VIGENTE,SOAT,LA POSITIVA,NO CORRESPONDE,NO APLICA,MOTOCICLETA,CHOQUE,20/11/2023,2023,NOVIEMBRE,LUNES,17,PE-1S,CARRETERA
A-2023-11-129,V-2023-11-129-1,LIMA,LIMA,SAN MARTIN DE PORRES,IDENTIFICADO,NO CORRESPONDE,CARGA,CARGA Y/O MERCANCÍAS,NACIONAL,SI,VIGENTE,SOAT,MAPFRE,SI,VIGENTE,CAMIONETA PICK UP,ATROPELLO,21/11/2023,2023,NOVIEMBRE,MARTES,3,PE-1N,CARRETERA
A-2023-11-130,V-2023-11-130-1,LIMA,LIMA,PUENTE PIEDRA,IDENTIFICADO,NO CORRESPONDE,PARTICULAR,PERSONAS,NO SE CONOCE,SI,VIGENTE,SOAT,LA POSITIVA,NO CORRESPONDE,NO APLICA,MOTOCICLETA,CHOQUE,22/11/2023,2023,NOVIEMBRE,MIÉRCOLES,23,PE-1N,CARRETERA
A-2023-11-130,V-2023-11-130-2,LIMA,LIMA,PUENTE PIEDRA,IDENTIFICADO,NO CORRESPONDE,PARTICULAR,PERSONAS,NO SE CONOCE,NO,VIGENTE,,,NO,NO REGISTRA,AUTOMÓVIL,CHOQUE,22/11/2023,2023,NOVIEMBRE,MIÉRCOLES,23,PE-1N,CARRETERA
A-2023-11-131,V-2023-11-131-1,LIMA,LIMA,PUENTE PIEDRA,IDENTIFICADO,HABILITADO,PUBLICO URBANO,PERSONAS,PROVINCIAL,NO ESPECIFICA,NO REGISTRA,,,SI,VIGENTE,CAMIONETA RURAL,ATROPELLO FUGA,24/11/2023,2023,NOVIEMBRE,VIERNES,12,NO CORRESPONDE,AVENIDA
A-2023-11-132,V-2023-11-132-1,LIMA,LIMA,PUNTA NEGRA,FUGADO,NO CORRESPONDE,NO CORRESPONDE,,,NO CORRESPONDE,NO APLICA,,,NO CORRESPONDE,NO APLICA,VEHICULO NO IDENTIFICADO,ATROPELLO FUGA,25/11/2023,2023,NOVIEMBRE,SÁBADO,1,PE-1S,CARRETERA
A-2023-11-189,V-2023-11-189-1,LIMA,LIMA,VILLA MARIA DEL TRIUNFO,IDENTIFICADO,NO CORRESPONDE,PARTICULAR,PERSONAS,NO SE CONOCE,SI,VIGENTE,SOAT,INTERSEGURO,SI,VIGENTE,AUTOMÓVIL,ATROPELLO,25/11/2023,2023,NOVIEMBRE,SÁBADO,8,NO CORRESPONDE,AVENIDA
A-2023-11-133,V-2023-11-133-1,LIMA,LIMA,LURIN,FUGADO,NO CORRESPONDE,NO CORRESPONDE,,,NO CORRESPONDE,NO APLICA,,,NO CORRESPONDE,NO APLICA,VEHICULO NO IDENTIFICADO,ATROPELLO FUGA,26/11/2023,2023,NOVIEMBRE,DOMINGO,0,PE-1S,CARRETERA
A-2023-11-135,V-2023-11-135-1,LIMA,LIMA,LOS OLIVOS,IDENTIFICADO,HABILITADO,CARGA,CARGA Y/O MERCANCÍAS,NACIONAL,SI,VIGENTE,SOAT,MAPFRE,SI,VIGENTE,REMOLCADOR-SEMIREMOLQUE,ATROPELLO,27/11/2023,2023,NOVIEMBRE,LUNES,17,NO CORRESPONDE,AVENIDA
A-2023-11-136,V-2023-11-136-1,LIMA,LIMA,COMAS,IDENTIFICADO,NO CORRESPONDE,PARTICULAR,PERSONAS,NO SE CONOCE,SI,VIGENTE,SOAT,INTERSEGURO,SI,VIGENTE,MINIBUS,DESPISTE,27/11/2023,2023,NOVIEMBRE,LUNES,20,NO CORRESPONDE,AVENIDA
A-2023-11-137,V-2023-11-137-1,LIMA,LIMA,CHORRILLOS,FUGADO,NO CORRESPONDE,NO CORRESPONDE,,,NO CORRESPONDE,NO APLICA,,,NO CORRESPONDE,NO APLICA,VEHICULO NO IDENTIFICADO,CHOQUE,27/11/2023,2023,NOVIEMBRE,LUNES,20,PE-1S,CARRETERA
A-2023-11-137,V-2023-11-137-2,LIMA,LIMA,CHORRILLOS,IDENTIFICADO,NO CORRESPONDE,PARTICULAR,PERSONAS,NO SE CONOCE,SI,NO APLICA,SOAT,LA POSITIVA,NO CORRESPONDE,NO APLICA,MOTOCICLETA,CHOQUE,27/11/2023,2023,NOVIEMBRE,LUNES,20,PE-1S,CARRETERA
A-2023-11-134,V-2023-11-134-1,LIMA,LIMA,PUNTA NEGRA,FUGADO,NO CORRESPONDE,NO CORRESPONDE,,,NO CORRESPONDE,NO APLICA,,,NO CORRESPONDE,NO APLICA,VEHICULO NO IDENTIFICADO,ATROPELLO FUGA,27/11/2023,2023,NOVIEMBRE,LUNES,21,PE-1S,CARRETERA
A-2023-11-138,V-2023-11-138-1,LIMA,LIMA,RIMAC,FUGADO,NO CORRESPONDE,NO CORRESPONDE,,,NO CORRESPONDE,NO APLICA,,,NO CORRESPONDE,NO APLICA,VEHICULO NO IDENTIFICADO,ATROPELLO FUGA,28/11/2023,2023,NOVIEMBRE,MARTES,4,PE-1N,CARRETERA
A-2023-11-150,V-2023-11-150-1,CALLAO,CALLAO,VENTANILLA,IDENTIFICADO,HABILITADO,PARTICULAR,PERSONAS,NO SE CONOCE,SI,VIGENTE,SOAT,LA POSITIVA,NO ESPECIFICA,NO REGISTRA,MOTOCICLETA,CHOQUE,29/11/2023,2023,NOVIEMBRE,MIÉRCOLES,10,PE-1N,CARRETERA
A-2023-11-150,V-2023-11-150-2,CALLAO,CALLAO,VENTANILLA,IDENTIFICADO,HABILITADO,CARGA,CARGA Y/O MERCANCÍAS,NO SE CONOCE,SI,VIGENTE,SOAT,RIMAC,NO ESPECIFICA,NO REGISTRA,CAMIÓN,CHOQUE,29/11/2023,2023,NOVIEMBRE,MIÉRCOLES,10,PE-1N,CARRETERA
A-2023-12-88,V-2023-12-88-1,LIMA,LIMA,PUENTE PIEDRA,IDENTIFICADO,NO CORRESPONDE,PARTICULAR,PERSONAS,NO SE CONOCE,NO CORRESPONDE,NO APLICA,,,NO CORRESPONDE,NO APLICA,BICICLETA,DESPISTE,02/12/2023,2023,DICIEMBRE,SÁBADO,16,NO CORRESPONDE,AVENIDA
A-2023-12-89,V-2023-12-89-1,LIMA,LIMA,CARABAYLLO,IDENTIFICADO,HABILITADO,PUBLICO URBANO,PERSONAS,PROVINCIAL,NO ESPECIFICA,NO REGISTRA,,,SI,VIGENTE,CAMIONETA RURAL,ATROPELLO,02/12/2023,2023,DICIEMBRE,SÁBADO,19,PE-20A,CARRETERA
A-2023-12-90,V-2023-12-90-1,LIMA,LIMA,COMAS,IDENTIFICADO,NO CORRESPONDE,PARTICULAR,PERSONAS,NO SE CONOCE,SI,VIGENTE,SOAT,LA POSITIVA,NO,NO REGISTRA,MOTOCICLETA,DESPISTE,04/12/2023,2023,DICIEMBRE,LUNES,0,NO CORRESPONDE,AVENIDA
A-2023-12-91,V-2023-12-91-1,LIMA,LIMA,LOS OLIVOS,IDENTIFICADO,NO CORRESPONDE,PARTICULAR,PERSONAS,NO SE CONOCE,SI,VIGENTE,SOAT,LA POSITIVA,SI,VIGENTE,AUTOMÓVIL,ATROPELLO,04/12/2023,2023,DICIEMBRE,LUNES,2,PE-1N,CARRETERA
A-2023-12-92,V-2023-12-92-1,LIMA,LIMA,ATE,IDENTIFICADO,NO CORRESPONDE,PARTICULAR,PERSONAS,NO SE CONOCE,SI,VIGENTE,SOAT,PACIFICO,SI,VIGENTE,AUTOMÓVIL,ATROPELLO,04/12/2023,2023,DICIEMBRE,LUNES,18,PE-22,CARRETERA
A-2023-12-146,V-2023-12-146-1,CALLAO,CALLAO,BELLAVISTA,IDENTIFICADO,HABILITADO,CARGA,CARGA Y/O MERCANCÍAS,NO SE CONOCE,NO ESPECIFICA,NO REGISTRA,,,NO ESPECIFICA,NO REGISTRA,CAMIÓN,ATROPELLO,06/12/2023,2023,DICIEMBRE,MIÉRCOLES,12,NO CORRESPONDE,AVENIDA
A-2023-12-95,V-2023-12-95-1,LIMA,LIMA,ATE,FUGADO,NO CORRESPONDE,NO CORRESPONDE,,,NO CORRESPONDE,NO APLICA,,,NO CORRESPONDE,NO APLICA,OTRO,ATROPELLO FUGA,06/12/2023,2023,DICIEMBRE,MIÉRCOLES,17,NO CORRESPONDE,OTRO
A-2023-12-93,V-2023-12-93-1,LIMA,LIMA,VILLA EL SALVADOR,IDENTIFICADO,NO CORRESPONDE,PARTICULAR,PERSONAS,NO SE CONOCE,SI,VIGENTE,SOAT,INTERSEGURO,SI,VENCIDO,MOTOCICLETA,ATROPELLO,07/12/2023,2023,DICIEMBRE,JUEVES,23,PE-1S,CARRETERA
A-2023-12-94,V-2023-12-94-1,LIMA,LIMA,LOS OLIVOS,IDENTIFICADO,NO CORRESPONDE,PARTICULAR,PERSONAS,NO SE CONOCE,SI,VIGENTE,SOAT,PACIFICO,SI,VIGENTE,STATION WAGON,CHOQUE,08/12/2023,2023,DICIEMBRE,VIERNES,19,PE-1N,CARRETERA
A-2023-12-94,V-2023-12-94-2,LIMA,LIMA,LOS OLIVOS,IDENTIFICADO,HABILITADO,PUBLICO URBANO,PERSONAS,PROVINCIAL,SI,VIGENTE,SOAT,RIMAC,SI,VIGENTE,ÓMNIBUS,CHOQUE,08/12/2023,2023,DICIEMBRE,VIERNES,19,PE-1N,CARRETERA
A-2023-12-96,V-2023-12-96-1,LIMA,LIMA,CARABAYLLO,FUGADO,NO CORRESPONDE,NO CORRESPONDE,,,NO CORRESPONDE,NO APLICA,,,NO CORRESPONDE,NO APLICA,VEHICULO NO IDENTIFICADO,ATROPELLO FUGA,09/12/2023,2023,DICIEMBRE,SÁBADO,4,NO CORRESPONDE,AVENIDA
A-2023-12-97,V-2023-12-97-1,LIMA,LIMA,LOS OLIVOS,IDENTIFICADO,NO CORRESPONDE,PARTICULAR,PERSONAS,NO SE CONOCE,SI,VIGENTE,SOAT,LA POSITIVA,NO CORRESPONDE,NO APLICA,MOTOCICLETA,ATROPELLO,09/12/2023,2023,DICIEMBRE,SÁBADO,20,NO CORRESPONDE,AVENIDA
A-2023-12-98,V-2023-12-98-1,LIMA,LIMA,LIMA,IDENTIFICADO,NO HABILITADO,SERVICIO ESPECIAL DE PASAJEROS,PERSONAS,DISTRITAL,NO ESPECIFICA,NO REGISTRA,,,SI,VENCIDO,TRIMOTO PASAJERO,ATROPELLO,10/12/2023,2023,DICIEMBRE,DOMINGO,22,NO CORRESPONDE,AVENIDA
A-2023-12-99,V-2023-12-99-1,LIMA,LIMA,LOS OLIVOS,IDENTIFICADO,HABILITADO,PUBLICO URBANO,PERSONAS,PROVINCIAL,NO ESPECIFICA,NO REGISTRA,,,SI,VIGENTE,MINIBUS,ATROPELLO,11/12/2023,2023,DICIEMBRE,LUNES,10,NO CORRESPONDE,AVENIDA
A-2023-12-100,V-2023-12-100-1,LIMA,LIMA,COMAS,IDENTIFICADO,NO CORRESPONDE,PARTICULAR,PERSONAS,NO SE CONOCE,SI,VIGENTE,SOAT,LA POSITIVA,NO,NO REGISTRA,MOTOCICLETA,ATROPELLO,11/12/2023,2023,DICIEMBRE,LUNES,18,NO CORRESPONDE,AVENIDA
A-2023-12-101,V-2023-12-101-1,LIMA,LIMA,VILLA MARIA DEL TRIUNFO,IDENTIFICADO,NO HABILITADO,SERVICIO ESPECIAL DE PASAJEROS,PERSONAS,DISTRITAL,NO ESPECIFICA,NO REGISTRA,,,NO,NO REGISTRA,TRIMOTO PASAJERO,ATROPELLO,12/12/2023,2023,DICIEMBRE,MARTES,10,NO CORRESPONDE,AVENIDA
A-2023-12-103,V-2023-12-103-1,LIMA,LIMA,SAN BARTOLO,IDENTIFICADO,HABILITADO,CARGA,CARGA Y/O MERCANCÍAS,NACIONAL,SI,VIGENTE,SOAT,INTERSEGURO,SI,VIGENTE,CAMIÓN,CHOQUE,14/12/2023,2023,DICIEMBRE,JUEVES,5,PE-1S,CARRETERA
A-2023-12-103,V-2023-12-103-2,LIMA,LIMA,SAN BARTOLO,IDENTIFICADO,HABILITADO,PUBLICO URBANO,PERSONAS,PROVINCIAL,NO ESPECIFICA,VIGENTE,,,SI,VIGENTE,ÓMNIBUS,CHOQUE,14/12/2023,2023,DICIEMBRE,JUEVES,5,PE-1S,CARRETERA
A-2023-12-102,V-2023-12-102-1,LIMA,LIMA,LURIN,IDENTIFICADO,NO HABILITADO,PARTICULAR,PERSONAS,NO SE CONOCE,SI,VIGENTE,SOAT,INTERSEGURO,NO,NO REGISTRA,CAMIONETA RURAL,DESPISTE,14/12/2023,2023,DICIEMBRE,JUEVES,6,PE-1S,CARRETERA
A-2023-12-104,V-2023-12-104-1,LIMA,LIMA,SAN JUAN DE LURIGANCHO,IDENTIFICADO,NO CORRESPONDE,PARTICULAR,PERSONAS,NO SE CONOCE,NO,NO REGISTRA,,,NO,NO REGISTRA,MOTOCICLETA,DESPISTE,17/12/2023,2023,DICIEMBRE,DOMINGO,7,NO CORRESPONDE,AUTOPISTA
A-2023-12-105,V-2023-12-105-1,LIMA,LIMA,LIMA,IDENTIFICADO,HABILITADO,TAXI,PERSONAS,PROVINCIAL,SI,VIGENTE,SOAT,INTERSEGURO,SI,VIGENTE,AUTOMÓVIL,CHOQUE,18/12/2023,2023,DICIEMBRE,LUNES,8,NO CORRESPONDE,JIRÓN
A-2023-12-105,V-2023-12-105-2,LIMA,LIMA,LIMA,IDENTIFICADO,NO CORRESPONDE,PARTICULAR,PERSONAS,NO SE CONOCE,SI,VIGENTE,SOAT,LA POSITIVA,NO CORRESPONDE,NO APLICA,AUTOMÓVIL,CHOQUE,18/12/2023,2023,DICIEMBRE,LUNES,8,NO CORRESPONDE,JIRÓN
A-2023-12-107,V-2023-12-107-1,LIMA,LIMA,PUEBLO LIBRE,IDENTIFICADO,HABILITADO,CARGA,CARGA Y/O MERCANCÍAS,NACIONAL,SI,VIGENTE,SOAT,INTERSEGURO,SI,VIGENTE,CAMIÓN,CHOQUE,18/12/2023,2023,DICIEMBRE,LUNES,16,NO CORRESPONDE,AVENIDA
A-2023-12-107,V-2023-12-107-2,LIMA,LIMA,PUEBLO LIBRE,IDENTIFICADO,NO CORRESPONDE,PARTICULAR,PERSONAS,NO SE CONOCE,NO CORRESPONDE,VIGENTE,,,NO CORRESPONDE,NO APLICA,BICICLETA,CHOQUE,18/12/2023,2023,DICIEMBRE,LUNES,16,NO CORRESPONDE,AVENIDA
A-2023-12-106,V-2023-12-106-1,LIMA,LIMA,SAN MARTIN DE PORRES,IDENTIFICADO,NO CORRESPONDE,PARTICULAR,PERSONAS,NO SE CONOCE,SI,VIGENTE,SOAT,RIMAC,NO CORRESPONDE,NO APLICA,MOTOCICLETA,ATROPELLO,18/12/2023,2023,DICIEMBRE,LUNES,22,NO CORRESPONDE,AVENIDA
A-2023-12-108,V-2023-12-108-1,LIMA,LIMA,SAN JUAN DE MIRAFLORES,IDENTIFICADO,HABILITADO,SERVICIO ESPECIAL DE PASAJEROS,PERSONAS,DISTRITAL,NO ESPECIFICA,NO REGISTRA,,,NO ESPECIFICA,NO REGISTRA,TRIMOTO PASAJERO,ATROPELLO,19/12/2023,2023,DICIEMBRE,MARTES,18,NO CORRESPONDE,AVENIDA
A-2023-12-109,V-2023-12-109-1,LIMA,LIMA,LIMA,IDENTIFICADO,HABILITADO,PUBLICO URBANO,PERSONAS,PROVINCIAL,SI,VIGENTE,SOAT,RIMAC,SI,VIGENTE,ÓMNIBUS,ATROPELLO,22/12/2023,2023,DICIEMBRE,VIERNES,17,NO CORRESPONDE,AVENIDA
A-2023-12-110,V-2023-12-110-1,LIMA,LIMA,INDEPENDENCIA,FUGADO,NO CORRESPONDE,NO CORRESPONDE,,,NO CORRESPONDE,NO APLICA,,,NO CORRESPONDE,NO APLICA,VEHICULO NO IDENTIFICADO,ATROPELLO FUGA,23/12/2023,2023,DICIEMBRE,SÁBADO,4,PE-1N,CARRETERA
A-2023-12-111,V-2023-12-111-1,LIMA,LIMA,SANTA ANITA,IDENTIFICADO,HABILITADO,PUBLICO URBANO,PERSONAS,PROVINCIAL,SI,VIGENTE,SOAT,RIMAC,SI,VIGENTE,ÓMNIBUS,ATROPELLO,23/12/2023,2023,DICIEMBRE,SÁBADO,17,NO CORRESPONDE,AVENIDA
A-2023-12-112,V-2023-12-112-1,LIMA,LIMA,LURIN,IDENTIFICADO,NO CORRESPONDE,PARTICULAR,PERSONAS,NO SE CONOCE,NO,NO REGISTRA,,,NO,NO REGISTRA,MOTOCICLETA,CHOQUE,23/12/2023,2023,DICIEMBRE,SÁBADO,22,PE-1S,CARRETERA
A-2023-12-112,V-2023-12-112-2,LIMA,LIMA,LURIN,IDENTIFICADO,HABILITADO,TAXI,PERSONAS,PROVINCIAL,SI,NO REGISTRA,SOAT,PROTECTA,SI,VIGENTE,AUTOMÓVIL,CHOQUE,23/12/2023,2023,DICIEMBRE,SÁBADO,22,PE-1S,CARRETERA
A-2023-12-147,V-2023-12-147-1,CALLAO,CALLAO,LA PERLA,IDENTIFICADO,HABILITADO,PARTICULAR,PERSONAS,NO SE CONOCE,SI,VIGENTE,SOAT,LA POSITIVA,NO ESPECIFICA,NO REGISTRA,MOTOCICLETA,DESPISTE,24/12/2023,2023,DICIEMBRE,DOMINGO,2,CL-100,CARRETERA
A-2023-12-113,V-2023-12-113-1,LIMA,LIMA,SANTIAGO DE SURCO,IDENTIFICADO,NO CORRESPONDE,PARTICULAR,PERSONAS,NO SE CONOCE,SI,VIGENTE,SOAT,LA POSITIVA,NO,NO REGISTRA,MOTOCICLETA,DESPISTE,25/12/2023,2023,DICIEMBRE,LUNES,5,NO CORRESPONDE,JIRÓN
A-2023-12-164,V-2023-12-164-1,LIMA,LIMA,ANCON,IDENTIFICADO,NO CORRESPONDE,PARTICULAR,PERSONAS,NO SE CONOCE,SI,VIGENTE,SOAT,PACIFICO,SI,VIGENTE,AUTOMÓVIL,DESPISTE,25/12/2023,2023,DICIEMBRE,LUNES,14,PE-1N,CARRETERA
A-2023-12-114,V-2023-12-114-1,LIMA,LIMA,CHORRILLOS,IDENTIFICADO,HABILITADO,OTRO,CARGA Y/O MERCANCÍAS,NACIONAL,SI,VIGENTE,SOAT,RIMAC,SI,VIGENTE,OTRO,DESPISTE,26/12/2023,2023,DICIEMBRE,MARTES,6,NO CORRESPONDE,VIA EXPRESA
A-2023-12-115,V-2023-12-115-1,LIMA,LIMA,LOS OLIVOS,IDENTIFICADO,NO CORRESPONDE,CARGA,CARGA Y/O MERCANCÍAS,NACIONAL,SI,VIGENTE,SOAT,INTERSEGURO,SI,VIGENTE,CAMIÓN,CHOQUE,27/12/2023,2023,DICIEMBRE,MIÉRCOLES,16,NO CORRESPONDE,AVENIDA
A-2023-12-115,V-2023-12-115-2,LIMA,LIMA,LOS OLIVOS,IDENTIFICADO,NO CORRESPONDE,PARTICULAR,PERSONAS,NO SE CONOCE,SI,VIGENTE,SOAT,MAPFRE,SI,VIGENTE,AUTOMÓVIL,CHOQUE,27/12/2023,2023,DICIEMBRE,MIÉRCOLES,16,NO CORRESPONDE,AVENIDA
A-2023-12-116,V-2023-12-116-1,LIMA,LIMA,PUNTA HERMOSA,IDENTIFICADO,NO CORRESPONDE,PARTICULAR,PERSONAS,NO SE CONOCE,SI,VIGENTE,SOAT,MAPFRE,SI,VIGENTE,AUTOMÓVIL,DESPISTE,27/12/2023,2023,DICIEMBRE,MIÉRCOLES,19,PE-1S,CARRETERA
A-2023-12-116,V-2023-12-116-2,LIMA,LIMA,PUNTA HERMOSA,IDENTIFICADO,NO CORRESPONDE,PARTICULAR,PERSONAS,NO SE CONOCE,SI,VIGENTE,SOAT,RIMAC,NO CORRESPONDE,NO APLICA,CAMIONETA PICK UP,DESPISTE,27/12/2023,2023,DICIEMBRE,MIÉRCOLES,19,PE-1S,CARRETERA
A-2023-12-117,V-2023-12-117-1,LIMA,LIMA,SAN BARTOLO,IDENTIFICADO,NO CORRESPONDE,PARTICULAR,PERSONAS,NO SE CONOCE,SI,VIGENTE,SOAT,RIMAC,NO CORRESPONDE,NO APLICA,CAMIONETA RURAL,ATROPELLO,28/12/2023,2023,DICIEMBRE,JUEVES,21,PE-1S,CARRETERA
A-2023-12-118,V-2023-12-118-1,LIMA,LIMA,SURQUILLO,IDENTIFICADO,HABILITADO,TAXI,PERSONAS,PROVINCIAL,SI,VIGENTE,SOAT,INTERSEGURO,SI,VIGENTE,AUTOMÓVIL,ATROPELLO,29/12/2023,2023,DICIEMBRE,VIERNES,21,NO CORRESPONDE,CALLE
A-2023-12-120,V-2023-12-120-1,LIMA,LIMA,LA VICTORIA,IDENTIFICADO,HABILITADO,CARGA,CARGA Y/O MERCANCÍAS,NACIONAL,SI,VIGENTE,SOAT,LA POSITIVA,SI,VIGENTE,CAMIÓN,ATROPELLO,30/12/2023,2023,DICIEMBRE,SÁBADO,8,NO CORRESPONDE,AVENIDA
A-2023-12-119,V-2023-12-119-1,LIMA,LIMA,SAN MIGUEL,IDENTIFICADO,HABILITADO,PUBLICO URBANO,PERSONAS,PROVINCIAL,SI,VIGENTE,SOAT,RIMAC,SI,VIGENTE,CAMIONETA RURAL,CHOQUE,30/12/2023,2023,DICIEMBRE,SÁBADO,11,NO CORRESPONDE,AVENIDA
A-2023-12-119,V-2023-12-119-2,LIMA,LIMA,SAN MIGUEL,IDENTIFICADO,NO CORRESPONDE,PARTICULAR,PERSONAS,NO SE CONOCE,SI,VIGENTE,SOAT,LA POSITIVA,NO,NO REGISTRA,MOTOCICLETA,CHOQUE,30/12/2023,2023,DICIEMBRE,SÁBADO,11,NO CORRESPONDE,AVENIDA
