codigo_siniestro,codigo_persona,anio,fecha,hora,franja_horaria,provincia,distrito,tipo_persona,gravedad,lugar_defuncion,lugar_atencion_lesionado,sexo,edad,vehiculo,clase_siniestro,red_vial,tipo_via,zona,zonificacion,caracteristicas_via,superficie_calzada
A-2021-01-248,P-2021-01-248-1-1,2021,2021-01-01,05:45,MADRUGADA (00-05),LIMA,PACHACAMAC,CONDUCTOR,LESIONADO,,CENTRO DE SALUD PÚBLICO,MASCULINO,28,TRIMOTO PASAJERO,DESPISTE,URBANO,AVENIDA,URBANA,INDUSTRIAL,TRAMO RECTO,ASFALTADA
A-2021-01-248,P-2021-01-248-1-2,2021,2021-01-01,05:45,MADRUGADA (00-05),LIMA,PACHACAMAC,PASAJERO,FALLECIDO,EN EL LUGAR DE LOS HECHOS,,FEMENINO,25,TRIMOTO PASAJERO,DESPISTE,URBANO,AVENIDA,URBANA,INDUSTRIAL,TRAMO RECTO,ASFALTADA
A-2021-01-248,P-2021-01-248-1-3,2021,2021-01-01,05:45,MADRUGADA (00-05),LIMA,PACHACAMAC,PASAJERO,LESIONADO,,CENTRO DE SALUD PÚBLICO,MASCULINO,0,TRIMOTO PASAJERO,DESPISTE,URBANO,AVENIDA,URBANA,INDUSTRIAL,TRAMO RECTO,ASFALTADA
A-2021-01-248,P-2021-01-248-1-4,2021,2021-01-01,05:45,MADRUGADA (00-05),LIMA,PACHACAMAC,PASAJERO,LESIONADO,,CENTRO DE SALUD PÚBLICO,MASCULINO,64,TRIMOTO PASAJERO,DESPISTE,URBANO,AVENIDA,URBANA,INDUSTRIAL,TRAMO RECTO,ASFALTADA
A-2021-01-254,P-2021-01-254-1-1,2021,2021-01-01,14:00,TARDE (12-17),LIMA,VILLA MARIA DEL TRIUNFO,CONDUCTOR,LESIONADO,,CENTRO DE SALUD PÚBLICO,MASCULINO,30,MOTOCICLETA,ATROPELLO,URBANO,AVENIDA,URBANA,INDUSTRIAL,TRAMO RECTO,ASFALTADA
A-2021-01-254,P-2021-01-254-1-2,2021,2021-01-01,14:00,TARDE (12-17),LIMA,VILLA MARIA DEL TRIUNFO,PEATÓN,FALLECIDO,EN EL LUGAR DE LOS HECHOS,,MASCULINO,16,MOTOCICLETA,ATROPELLO,URBANO,AVENIDA,URBANA,INDUSTRIAL,TRAMO RECTO,ASFALTADA
A-2021-01-258,P-2021-01-258-1-1,2021,2021-01-03,00:35,MADRUGADA (00-05),LIMA,VILLA EL SALVADOR,CONDUCTOR FUGADO,NO SE CONOCE,,,MASCULINO,,VEHICULO NO IDENTIFICADO,ATROPELLO FUGA,NACIONAL,CARRETERA,URBANA,COMERCIAL,TRAMO RECTO,ASFALTADA
A-2021-01-258,P-2021-01-258-1-2,2021,2021-01-03,00:35,MADRUGADA (00-05),LIMA,VILLA EL SALVADOR,PEATÓN,FALLECIDO,EN EL LUGAR DE LOS HECHOS,,MASCULINO,,VEHICULO NO IDENTIFICADO,ATROPELLO FUGA,NACIONAL,CARRETERA,URBANA,COMERCIAL,TRAMO RECTO,ASFALTADA
A-2021-01-260,P-2021-01-260-1-1,2021,2021-01-04,01:35,MADRUGADA (00-05),LIMA,ATE,CONDUCTOR,ILESO,,,MASCULINO,23,MOTOCICLETA,ATROPELLO,URBANO,AVENIDA,URBANA,COMERCIAL,TRAMO RECTO,ASFALTADA
A-2021-01-260,P-2021-01-260-1-2,2021,2021-01-04,01:35,MADRUGADA (00-05),LIMA,ATE,PEATÓN,FALLECIDO,EN EL LUGAR DE LOS HECHOS,,MASCULINO,26,MOTOCICLETA,ATROPELLO,URBANO,AVENIDA,URBANA,COMERCIAL,TRAMO RECTO,ASFALTADA
A-2021-01-262,P-2021-01-262-1-1,2021,2021-01-06,20:40,NOCHE (18-23),LIMA,CHORRILLOS,CONDUCTOR,ILESO,,,MASCULINO,26,AUTOMÓVIL,CHOQUE,URBANO,AVENIDA,URBANA,COMERCIAL,TRAMO RECTO,ASFALTADA
A-2021-01-262,P-2021-01-262-1-2,2021,2021-01-06,20:40,NOCHE (18-23),LIMA,CHORRILLOS,PASAJERO,FALLECIDO,EN EL LUGAR DE LOS HECHOS,,FEMENINO,19,AUTOMÓVIL,CHOQUE,URBANO,AVENIDA,URBANA,COMERCIAL,TRAMO RECTO,ASFALTADA
A-2021-01-262,P-2021-01-262-2-1,2021,2021-01-06,20:40,NOCHE (18-23),LIMA,CHORRILLOS,CONDUCTOR,FALLECIDO,EN EL LUGAR DE LOS HECHOS,,FEMENINO,31,MOTOCICLETA,CHOQUE,URBANO,AVENIDA,URBANA,COMERCIAL,TRAMO RECTO,ASFALTADA
A-2021-01-264,P-2021-01-264-1-1,2021,2021-01-09,10:00,MANANA (06-11),LIMA,SAN JUAN DE LURIGANCHO,CONDUCTOR,FALLECIDO,,,MASCULINO,41,SEMIREMOLQUE,DESPISTE,URBANO,AVENIDA,URBANA,COMERCIAL,TRAMO RECTO,ASFALTADA
A-2021-01-265,P-2021-01-265-1-1,2021,2021-01-11,09:20,MANANA (06-11),LIMA,VILLA MARIA DEL TRIUNFO,CONDUCTOR,FALLECIDO,EN EL LUGAR DE LOS HECHOS,,MASCULINO,64,CAMIONETA RURAL,DESPISTE,URBANO,AVENIDA,URBANA,INDUSTRIAL,TRAMO RECTO,ASFALTADA
A-2021-01-267,P-2021-01-267-1-1,2021,2021-01-14,01:10,MADRUGADA (00-05),LIMA,LURIN,CONDUCTOR,NO SE CONOCE,,,MASCULINO,32,MOTOCICLETA,VOLCADURA,URBANO,OTRO,URBANA,COMERCIAL,TRAMO RECTO,ASFALTADA
A-2021-01-267,P-2021-01-267-1-2,2021,2021-01-14,01:10,MADRUGADA (00-05),LIMA,LURIN,PASAJERO,FALLECIDO,EN EL LUGAR DE LOS HECHOS,,MASCULINO,22,MOTOCICLETA,VOLCADURA,URBANO,OTRO,URBANA,COMERCIAL,TRAMO RECTO,ASFALTADA
A-2021-01-267,P-2021-01-267-2-1,2021,2021-01-14,01:10,MADRUGADA (00-05),LIMA,LURIN,CONDUCTOR,NO SE CONOCE,,,MASCULINO,35,CAMIÓN,VOLCADURA,URBANO,OTRO,URBANA,COMERCIAL,TRAMO RECTO,ASFALTADA
A-2021-01-266,P-2021-01-266-1-1,2021,2021-01-14,06:00,MANANA (06-11),LIMA,SANTA ANITA,CONDUCTOR,NO SE CONOCE,,,MASCULINO,35,CAMIONETA PICK UP,ATROPELLO,URBANO,AVENIDA,URBANA,INDUSTRIAL,TRAMO RECTO,ASFALTADA
A-2021-01-266,P-2021-01-266-1-2,2021,2021-01-14,06:00,MANANA (06-11),LIMA,SANTA ANITA,PEATÓN,FALLECIDO,EN EL LUGAR DE LOS HECHOS,,MASCULINO,60,CAMIONETA PICK UP,ATROPELLO,URBANO,AVENIDA,URBANA,INDUSTRIAL,TRAMO RECTO,ASFALTADA
A-2021-01-269,P-2021-01-269-1-1,2021,2021-01-16,18:30,NOCHE (18-23),LIMA,COMAS,CONDUCTOR,LESIONADO,,CENTRO DE SALUD PÚBLICO,MASCULINO,21,MOTOCICLETA,DESPISTE,URBANO,AVENIDA,URBANA,COMERCIAL,TRAMO RECTO,ASFALTADA
A-2021-01-269,P-2021-01-269-1-2,2021,2021-01-16,18:30,NOCHE (18-23),LIMA,COMAS,PASAJERO,FALLECIDO,EN EL LUGAR DE LOS HECHOS,,MASCULINO,1,MOTOCICLETA,DESPISTE,URBANO,AVENIDA,URBANA,COMERCIAL,TRAMO RECTO,ASFALTADA
A-2021-01-392,P-2021-01-392-1-1,2021,2021-01-16,19:45,NOCHE (18-23),CALLAO,LA PERLA,CONDUCTOR,LESIONADO,,,MASCULINO,27,MOTOCICLETA,ATROPELLO,URBANO,AVENIDA,URBANA,RESIDENCIAL,TRAMO RECTO,ASFALTADA
A-2021-01-392,P-2021-01-392-1-2,2021,2021-01-16,19:45,NOCHE (18-23),CALLAO,LA PERLA,PEATÓN,FALLECIDO,EN EL CENTRO DE SALUD,,FEMENINO,65,MOTOCICLETA,ATROPELLO,URBANO,AVENIDA,URBANA,RESIDENCIAL,TRAMO RECTO,ASFALTADA
A-2021-01-129,P-2021-01-129-1-1,2021,2021-01-17,08:00,MANANA (06-11),CALLAO,CALLAO,CONDUCTOR,ILESO,,,MASCULINO,25,REMOLCADOR-SEMIREMOLQUE,CAÍDA DE PASAJERO,NACIONAL,CARRETERA,URBANA,INDUSTRIAL,TRAMO RECTO,ASFALTADA
A-2021-01-129,P-2021-01-129-1-2,2021,2021-01-17,08:00,MANANA (06-11),CALLAO,CALLAO,PASAJERO,FALLECIDO,EN EL LUGAR DE LOS HECHOS,,MASCULINO,29,REMOLCADOR-SEMIREMOLQUE,CAÍDA DE PASAJERO,NACIONAL,CARRETERA,URBANA,INDUSTRIAL,TRAMO RECTO,ASFALTADA
A-2021-01-270,P-2021-01-270-1-1,2021,2021-01-19,09:30,MANANA (06-11),LIMA,LURIGANCHO,CONDUCTOR,NO SE CONOCE,,,MASCULINO,31,ÓMNIBUS,CHOQUE,URBANO,AVENIDA,URBANA,COMERCIAL,TRAMO RECTO,ASFALTADA
A-2021-01-270,P-2021-01-270-1-2,2021,2021-01-19,09:30,MANANA (06-11),LIMA,LURIGANCHO,PASAJERO,FALLECIDO,EN EL LUGAR DE LOS HECHOS,,MASCULINO,36,ÓMNIBUS,CHOQUE,URBANO,AVENIDA,URBANA,COMERCIAL,TRAMO RECTO,ASFALTADA
A-2021-01-270,P-2021-01-270-1-3,2021,2021-01-19,09:30,MANANA (06-11),LIMA,LURIGANCHO,PASAJERO,LESIONADO,,CENTRO DE SALUD PÚBLICO,FEMENINO,26,ÓMNIBUS,CHOQUE,URBANO,AVENIDA,URBANA,COMERCIAL,TRAMO RECTO,ASFALTADA
A-2021-01-270,P-2021-01-270-1-4,2021,2021-01-19,09:30,MANANA (06-11),LIMA,LURIGANCHO,PASAJERO,LESIONADO,,CENTRO DE SALUD PÚBLICO,MASCULINO,35,ÓMNIBUS,CHOQUE,URBANO,AVENIDA,URBANA,COMERCIAL,TRAMO RECTO,ASFALTADA
A-2021-01-270,P-2021-01-270-1-5,2021,2021-01-19,09:30,MANANA (06-11),LIMA,LURIGANCHO,PASAJERO,LESIONADO,,CENTRO DE SALUD PÚBLICO,MASCULINO,13,ÓMNIBUS,CHOQUE,URBANO,AVENIDA,URBANA,COMERCIAL,TRAMO RECTO,ASFALTADA
A-2021-01-270,P-2021-01-270-2-1,2021,2021-01-19,09:30,MANANA (06-11),LIMA,LURIGANCHO,CONDUCTOR,LESIONADO,,CENTRO DE SALUD PÚBLICO,MASCULINO,50,CAMIÓN,CHOQUE,URBANO,AVENIDA,URBANA,COMERCIAL,TRAMO RECTO,ASFALTADA
A-2021-01-271,P-2021-01-271-1-1,2021,2021-01-23,13:00,TARDE (12-17),LIMA,LOS OLIVOS,CONDUCTOR,NO SE CONOCE,,,MASCULINO,42,MOTOCICLETA,ATROPELLO,URBANO,AVENIDA,URBANA,COMERCIAL,TRAMO RECTO,ASFALTADA
A-2021-01-271,P-2021-01-271-1-2,2021,2021-01-23,13:00,TARDE (12-17),LIMA,LOS OLIVOS,PEATÓN,FALLECIDO,EN EL LUGAR DE LOS HECHOS,,MASCULINO,68,MOTOCICLETA,ATROPELLO,URBANO,AVENIDA,URBANA,COMERCIAL,TRAMO RECTO,ASFALTADA
A-2021-01-272,P-2021-01-272-1-1,2021,2021-01-23,17:35,TARDE (12-17),LIMA,PUENTE PIEDRA,CONDUCTOR,NO SE CONOCE,,,MASCULINO,44,REMOLCADOR-SEMIREMOLQUE,ATROPELLO,NACIONAL,CARRETERA,URBANA,COMERCIAL,TRAMO RECTO,ASFALTADA
A-2021-01-272,P-2021-01-272-1-2,2021,2021-01-23,17:35,TARDE (12-17),LIMA,PUENTE PIEDRA,PEATÓN,FALLECIDO,EN EL LUGAR DE LOS HECHOS,,MASCULINO,31,REMOLCADOR-SEMIREMOLQUE,ATROPELLO,NACIONAL,CARRETERA,URBANA,COMERCIAL,TRAMO RECTO,ASFALTADA
A-2021-01-195,P-2021-01-195-1-1,2021,2021-01-24,20:10,NOCHE (18-23),CALLAO,VENTANILLA,CONDUCTOR,ILESO,,,MASCULINO,34,ÓMNIBUS,DESPISTE,NACIONAL,CARRETERA,URBANA,RESIDENCIAL,TRAMO RECTO,ASFALTADA
A-2021-01-195,P-2021-01-195-2-1,2021,2021-01-24,20:10,NOCHE (18-23),CALLAO,VENTANILLA,CONDUCTOR,FALLECIDO,EN EL LUGAR DE LOS HECHOS,,MASCULINO,10,BICICLETA,DESPISTE,NACIONAL,CARRETERA,URBANA,RESIDENCIAL,TRAMO RECTO,ASFALTADA
A-2021-01-273,P-2021-01-273-1-1,2021,2021-01-25,08:00,MANANA (06-11),LIMA,SAN MARTIN DE PORRES,CONDUCTOR FUGADO,NO SE CONOCE,,,MASCULINO,,VEHICULO NO IDENTIFICADO,ATROPELLO FUGA,URBANO,AVENIDA,URBANA,COMERCIAL,TRAMO RECTO,ASFALTADA
A-2021-01-273,P-2021-01-273-1-2,2021,2021-01-25,08:00,MANANA (06-11),LIMA,SAN MARTIN DE PORRES,PEATÓN,FALLECIDO,EN EL LUGAR DE LOS HECHOS,,FEMENINO,41,VEHICULO NO IDENTIFICADO,ATROPELLO FUGA,URBANO,AVENIDA,URBANA,COMERCIAL,TRAMO RECTO,ASFALTADA
A-2021-01-274,P-2021-01-274-1-1,2021,2021-01-25,11:30,MANANA (06-11),LIMA,VILLA MARIA DEL TRIUNFO,CONDUCTOR,NO SE CONOCE,,,MASCULINO,30,CAMIONETA PICK UP,CHOQUE,URBANO,AVENIDA,URBANA,COMERCIAL,TRAMO RECTO,ASFALTADA
A-2021-01-274,P-2021-01-274-2-1,2021,2021-01-25,11:30,MANANA (06-11),LIMA,VILLA MARIA DEL TRIUNFO,CONDUCTOR,NO SE CONOCE,,,MASCULINO,18,TRIMOTO PASAJERO,CHOQUE,URBANO,AVENIDA,URBANA,COMERCIAL,TRAMO RECTO,ASFALTADA
A-2021-01-274,P-2021-01-274-2-2,2021,2021-01-25,11:30,MANANA (06-11),LIMA,VILLA MARIA DEL TRIUNFO,PASAJERO,FALLECIDO,EN EL LUGAR DE LOS HECHOS,,FEMENINO,73,TRIMOTO PASAJERO,CHOQUE,URBANO,AVENIDA,URBANA,COMERCIAL,TRAMO RECTO,ASFALTADA
A-2021-01-274,P-2021-01-274-2-3,2021,2021-01-25,11:30,MANANA (06-11),LIMA,VILLA MARIA DEL TRIUNFO,PASAJERO,LESIONADO,,CENTRO DE SALUD PÚBLICO,FEMENINO,58,TRIMOTO PASAJERO,CHOQUE,URBANO,AVENIDA,URBANA,COMERCIAL,TRAMO RECTO,ASFALTADA
A-2021-01-381,P-2021-01-381-1-1,2021,2021-01-26,06:50,MANANA (06-11),LIMA,SAN MARTIN DE PORRES,CONDUCTOR,NO SE CONOCE,,,MASCULINO,25,ÓMNIBUS,ATROPELLO,URBANO,JIRÓN,URBANA,INDUSTRIAL,TRAMO RECTO,ASFALTADA
A-2021-01-381,P-2021-01-381-1-2,2021,2021-01-26,06:50,MANANA (06-11),LIMA,SAN MARTIN DE PORRES,PEATÓN,FALLECIDO,EN EL LUGAR DE LOS HECHOS,,MASCULINO,57,ÓMNIBUS,ATROPELLO,URBANO,JIRÓN,URBANA,INDUSTRIAL,TRAMO RECTO,ASFALTADA
A-2021-01-282,P-2021-01-282-1-1,2021,2021-01-28,05:00,MADRUGADA (00-05),LIMA,COMAS,CONDUCTOR,LESIONADO,,CENTRO DE SALUD PÚBLICO,MASCULINO,46,CAMIÓN,CHOQUE FUGA,NACIONAL,CARRETERA,RURAL,RURAL,TRAMO RECTO,ASFALTADA
A-2021-01-282,P-2021-01-282-1-2,2021,2021-01-28,05:00,MADRUGADA (00-05),LIMA,COMAS,PASAJERO,FALLECIDO,EN EL LUGAR DE LOS HECHOS,,FEMENINO,38,CAMIÓN,CHOQUE FUGA,NACIONAL,CARRETERA,RURAL,RURAL,TRAMO RECTO,ASFALTADA
A-2021-01-282,P-2021-01-282-2-1,2021,2021-01-28,05:00,MADRUGADA (00-05),LIMA,COMAS,CONDUCTOR FUGADO,NO SE CONOCE,,,MASCULINO,,VEHICULO NO IDENTIFICADO,CHOQUE FUGA,NACIONAL,CARRETERA,RURAL,RURAL,TRAMO RECTO,ASFALTADA
A-2021-01-284,P-2021-01-284-1-1,2021,2021-01-28,17:20,TARDE (12-17),LIMA,CARABAYLLO,CONDUCTOR,NO SE CONOCE,,,MASCULINO,35,CAMIÓN,CHOQUE,URBANO,AVENIDA,URBANA,COMERCIAL,INTERSECCIÓN,ASFALTADA
A-2021-01-284,P-2021-01-284-2-1,2021,2021-01-28,17:20,TARDE (12-17),LIMA,CARABAYLLO,CONDUCTOR,FALLECIDO,EN EL LUGAR DE LOS HECHOS,,MASCULINO,30,BICICLETA,CHOQUE,URBANO,AVENIDA,URBANA,COMERCIAL,INTERSECCIÓN,ASFALTADA
A-2021-01-288,P-2021-01-288-1-1,2021,2021-01-29,10:14,MANANA (06-11),LIMA,SAN JUAN DE LURIGANCHO,CONDUCTOR,FALLECIDO,EN EL LUGAR DE LOS HECHOS,,MASCULINO,23,MOTOCICLETA,CHOQUE,URBANO,AVENIDA,URBANA,COMERCIAL,TRAMO RECTO,ASFALTADA
A-2021-01-288,P-2021-01-288-2-1,2021,2021-01-29,10:14,MANANA (06-11),LIMA,SAN JUAN DE LURIGANCHO,CONDUCTOR,NO SE CONOCE,,,MASCULINO,50,STATION WAGON,CHOQUE,URBANO,AVENIDA,URBANA,COMERCIAL,TRAMO RECTO,ASFALTADA
A-2021-01-356,P-2021-01-356-1-1,2021,2021-01-30,00:10,MADRUGADA (00-05),LIMA,LURIGANCHO,PEATÓN,FALLECIDO,EN EL LUGAR DE LOS HECHOS,,MASCULINO,22,VEHICULO NO IDENTIFICADO,ATROPELLO FUGA,URBANO,AVENIDA,URBANA,COMERCIAL,TRAMO RECTO,ASFALTADA
A-2021-01-356,P-2021-01-356-1-2,2021,2021-01-30,00:10,MADRUGADA (00-05),LIMA,LURIGANCHO,CONDUCTOR FUGADO,NO SE CONOCE,,,NO INDICA,,VEHICULO NO IDENTIFICADO,ATROPELLO FUGA,URBANO,AVENIDA,URBANA,COMERCIAL,TRAMO RECTO,ASFALTADA
A-2021-01-391,P-2021-01-391-1-1,2021,2021-01-30,21:10,NOCHE (18-23),CALLAO,CALLAO,CONDUCTOR,LESIONADO,,,MASCULINO,38,AUTOMÓVIL,CHOQUE,NACIONAL,CARRETERA,URBANA,RESIDENCIAL,TRAMO RECTO,CONCRETO
A-2021-01-391,P-2021-01-391-2-1,2021,2021-01-30,21:10,NOCHE (18-23),CALLAO,CALLAO,CONDUCTOR,FALLECIDO,EN EL LUGAR DE LOS HECHOS,,MASCULINO,59,TRICICLO NO MOTORIZADO,CHOQUE,NACIONAL,CARRETERA,URBANA,RESIDENCIAL,TRAMO RECTO,CONCRETO
A-2021-02-248,P-2021-02-248-1-1,2021,2021-02-01,04:47,MADRUGADA (00-05),LIMA,SAN ISIDRO,CONDUCTOR,ILESO,,,MASCULINO,28,AUTOMÓVIL,CHOQUE,URBANO,AVENIDA,URBANA,RESIDENCIAL,INTERSECCIÓN,ASFALTADA
A-2021-02-248,P-2021-02-248-2-1,2021,2021-02-01,04:47,MADRUGADA (00-05),LIMA,SAN ISIDRO,CONDUCTOR,FALLECIDO,EN EL LUGAR DE LOS HECHOS,,MASCULINO,69,AUTOMÓVIL,CHOQUE,URBANO,AVENIDA,URBANA,RESIDENCIAL,INTERSECCIÓN,ASFALTADA
A-2021-02-251,P-2021-02-251-1-1,2021,2021-02-01,07:10,MANANA (06-11),LIMA,COMAS,CONDUCTOR,ILESO,,,MASCULINO,32,REMOLCADOR-SEMIREMOLQUE,CHOQUE,URBANO,AVENIDA,URBANA,RESIDENCIAL,INTERSECCIÓN,ASFALTADA
A-2021-02-251,P-2021-02-251-2-1,2021,2021-02-01,07:10,MANANA (06-11),LIMA,COMAS,CONDUCTOR,FALLECIDO,EN EL LUGAR DE LOS HECHOS,,MASCULINO,61,MOTOCICLETA,CHOQUE,URBANO,AVENIDA,URBANA,RESIDENCIAL,INTERSECCIÓN,ASFALTADA
A-2021-02-124,P-2021-02-124-1-1,2021,2021-02-08,11:30,MANANA (06-11),LIMA,SAN JUAN DE LURIGANCHO,CONDUCTOR,ILESO,,,MASCULINO,42,AUTOMÓVIL,CHOQUE,URBANO,AVENIDA,URBANA,COMERCIAL,INTERSECCIÓN,ASFALTADA
A-2021-02-124,P-2021-02-124-2-1,2021,2021-02-08,11:30,MANANA (06-11),LIMA,SAN JUAN DE LURIGANCHO,CONDUCTOR,FALLECIDO,EN EL LUGAR DE LOS HECHOS,,FEMENINO,35,TRIMOTO CARGA,CHOQUE,URBANO,AVENIDA,URBANA,COMERCIAL,INTERSECCIÓN,ASFALTADA
A-2021-02-127,P-2021-02-127-1-1,2021,2021-02-08,15:40,TARDE (12-17),LIMA,EL AGUSTINO,CONDUCTOR,ILESO,,,MASCULINO,37,REMOLCADOR,ATROPELLO,URBANO,AVENIDA,URBANA,COMERCIAL,INTERSECCIÓN,ASFALTADA
A-2021-02-127,P-2021-02-127-1-2,2021,2021-02-08,15:40,TARDE (12-17),LIMA,EL AGUSTINO,PEATÓN,FALLECIDO,EN EL CENTRO DE SALUD,,MASCULINO,29,REMOLCADOR,ATROPELLO,URBANO,AVENIDA,URBANA,COMERCIAL,INTERSECCIÓN,ASFALTADA
A-2021-02-249,P-2021-02-249-1-1,2021,2021-02-09,20:00,NOCHE (18-23),LIMA,SAN JUAN DE MIRAFLORES,CONDUCTOR,ILESO,,,MASCULINO,57,CAMIÓN,ATROPELLO,NACIONAL,CARRETERA,URBANA,RESIDENCIAL,TRAMO RECTO,ASFALTADA
A-2021-02-249,P-2021-02-249-1-2,2021,2021-02-09,20:00,NOCHE (18-23),LIMA,SAN JUAN DE MIRAFLORES,PEATÓN,FALLECIDO,EN EL LUGAR DE LOS HECHOS,,MASCULINO,56,CAMIÓN,ATROPELLO,NACIONAL,CARRETERA,URBANA,RESIDENCIAL,TRAMO RECTO,ASFALTADA
A-2021-02-250,P-2021-02-250-1-1,2021,2021-02-09,21:12,NOCHE (18-23),LIMA,LA VICTORIA,CONDUCTOR,FALLECIDO,EN EL LUGAR DE LOS HECHOS,,MASCULINO,22,MOTOCICLETA,DESPISTE,URBANO,AVENIDA,URBANA,RESIDENCIAL,TRAMO RECTO,ASFALTADA
A-2021-02-254,P-2021-02-254-1-1,2021,2021-02-10,13:00,TARDE (12-17),LIMA,SURQUILLO,CONDUCTOR,ILESO,,,MASCULINO,33,AUTOMÓVIL,CHOQUE,URBANO,AVENIDA,URBANA,COMERCIAL,INTERSECCIÓN,ASFALTADA
A-2021-02-254,P-2021-02-254-2-1,2021,2021-02-10,13:00,TARDE (12-17),LIMA,SURQUILLO,CONDUCTOR,ILESO,,,MASCULINO,29,MOTOCICLETA,CHOQUE,URBANO,AVENIDA,URBANA,COMERCIAL,INTERSECCIÓN,ASFALTADA
A-2021-02-254,P-2021-02-254-2-2,2021,2021-02-10,13:00,TARDE (12-17),LIMA,SURQUILLO,PASAJERO,FALLECIDO,EN EL LUGAR DE LOS HECHOS,,MASCULINO,29,MOTOCICLETA,CHOQUE,URBANO,AVENIDA,URBANA,COMERCIAL,INTERSECCIÓN,ASFALTADA
A-2021-02-252,P-2021-02-252-1-1,2021,2021-02-10,15:30,TARDE (12-17),LIMA,LURIN,CONDUCTOR,ILESO,,,MASCULINO,21,AUTOMÓVIL,DESPISTE,NACIONAL,CARRETERA,URBANA,INDUSTRIAL,TRAMO RECTO,ASFALTADA
A-2021-02-252,P-2021-02-252-2-1,2021,2021-02-10,15:30,TARDE (12-17),LIMA,LURIN,CONDUCTOR,FALLECIDO,EN EL LUGAR DE LOS HECHOS,,MASCULINO,50,BICICLETA,DESPISTE,NACIONAL,CARRETERA,URBANA,INDUSTRIAL,TRAMO RECTO,ASFALTADA
A-2021-02-253,P-2021-02-253-1-1,2021,2021-02-10,16:15,TARDE (12-17),LIMA,SAN LUIS,CONDUCTOR,ILESO,,,MASCULINO,26,BICICLETA,ATROPELLO,URBANO,AVENIDA,URBANA,RESIDENCIAL,TRAMO RECTO,ASFALTADA
A-2021-02-253,P-2021-02-253-1-2,2021,2021-02-10,16:15,TARDE (12-17),LIMA,SAN LUIS,PEATÓN,FALLECIDO,EN EL LUGAR DE LOS HECHOS,,FEMENINO,81,BICICLETA,ATROPELLO,URBANO,AVENIDA,URBANA,RESIDENCIAL,TRAMO RECTO,ASFALTADA
A-2021-02-255,P-2021-02-255-1-1,2021,2021-02-12,07:15,MANANA (06-11),LIMA,SAN MARTIN DE PORRES,CONDUCTOR,NO SE CONOCE,,,MASCULINO,55,AUTOMÓVIL,ATROPELLO,NACIONAL,CARRETERA,URBANA,COMERCIAL,INTERSECCIÓN,ASFALTADA
A-2021-02-255,P-2021-02-255-1-2,2021,2021-02-12,07:15,MANANA (06-11),LIMA,SAN MARTIN DE PORRES,PEATÓN,FALLECIDO,EN EL LUGAR DE LOS HECHOS,,MASCULINO,34,AUTOMÓVIL,ATROPELLO,NACIONAL,CARRETERA,URBANA,COMERCIAL,INTERSECCIÓN,ASFALTADA
A-2021-02-244,P-2021-02-244-1-1,2021,2021-02-12,11:50,MANANA (06-11),CALLAO,CALLAO,CONDUCTOR,ILESO,,,MASCULINO,47,CAMIONETA RURAL,CHOQUE,URBANO,AVENIDA,URBANA,RESIDENCIAL,TRAMO RECTO,ASFALTADA
A-2021-02-244,P-2021-02-244-2-1,2021,2021-02-12,11:50,MANANA (06-11),CALLAO,CALLAO,CONDUCTOR,FALLECIDO,EN EL CENTRO DE SALUD,,MASCULINO,50,BICICLETA,CHOQUE,URBANO,AVENIDA,URBANA,RESIDENCIAL,TRAMO RECTO,ASFALTADA
A-2021-02-258,P-2021-02-258-1-1,2021,2021-02-13,08:00,MANANA (06-11),LIMA,EL AGUSTINO,CONDUCTOR,ILESO,,,MASCULINO,70,CAMIÓN,ATROPELLO,NACIONAL,CARRETERA,URBANA,RESIDENCIAL,INTERSECCIÓN,ASFALTADA
A-2021-02-258,P-2021-02-258-1-2,2021,2021-02-13,08:00,MANANA (06-11),LIMA,EL AGUSTINO,PEATÓN,FALLECIDO,EN EL LUGAR DE LOS HECHOS,,MASCULINO,84,CAMIÓN,ATROPELLO,NACIONAL,CARRETERA,URBANA,RESIDENCIAL,INTERSECCIÓN,ASFALTADA
A-2021-02-256,P-2021-02-256-1-1,2021,2021-02-13,17:20,TARDE (12-17),LIMA,VILLA EL SALVADOR,CONDUCTOR,ILESO,,,MASCULINO,23,AUTOMÓVIL,CHOQUE,URBANO,AVENIDA,URBANA,RESIDENCIAL,INTERSECCIÓN,ASFALTADA
A-2021-02-256,P-2021-02-256-2-1,2021,2021-02-13,17:20,TARDE (12-17),LIMA,VILLA EL SALVADOR,CONDUCTOR,FALLECIDO,EN EL LUGAR DE LOS HECHOS,,MASCULINO,25,TRIMOTO PASAJERO,CHOQUE,URBANO,AVENIDA,URBANA,RESIDENCIAL,INTERSECCIÓN,ASFALTADA
A-2021-02-256,P-2021-02-256-2-2,2021,2021-02-13,17:20,TARDE (12-17),LIMA,VILLA EL SALVADOR,PASAJERO,LESIONADO,,CENTRO DE SALUD PÚBLICO,FEMENINO,20,TRIMOTO PASAJERO,CHOQUE,URBANO,AVENIDA,URBANA,RESIDENCIAL,INTERSECCIÓN,ASFALTADA
A-2021-02-256,P-2021-02-256-2-3,2021,2021-02-13,17:20,TARDE (12-17),LIMA,VILLA EL SALVADOR,PASAJERO,LESIONADO,,CENTRO DE SALUD PÚBLICO,FEMENINO,19,TRIMOTO PASAJERO,CHOQUE,URBANO,AVENIDA,URBANA,RESIDENCIAL,INTERSECCIÓN,ASFALTADA
A-2021-02-259,P-2021-02-259-1-1,2021,2021-02-13,18:50,NOCHE (18-23),LIMA,MIRAFLORES,CONDUCTOR,FALLECIDO,EN EL LUGAR DE LOS HECHOS,,MASCULINO,29,MOTOCICLETA,VOLCADURA,URBANO,CALLE,URBANA,RESIDENCIAL,INTERSECCIÓN,ASFALTADA
A-2021-02-257,P-2021-02-257-1-1,2021,2021-02-13,20:40,NOCHE (18-23),LIMA,CARABAYLLO,CONDUCTOR,ILESO,,,MASCULINO,30,ÓMNIBUS,ATROPELLO FUGA,URBANO,AVENIDA,URBANA,INDUSTRIAL,INTERSECCIÓN,ASFALTADA
A-2021-02-257,P-2021-02-257-1-2,2021,2021-02-13,20:40,NOCHE (18-23),LIMA,CARABAYLLO,PEATÓN,FALLECIDO,EN EL LUGAR DE LOS HECHOS,,MASCULINO,41,ÓMNIBUS,ATROPELLO FUGA,URBANO,AVENIDA,URBANA,INDUSTRIAL,INTERSECCIÓN,ASFALTADA
A-2021-02-261,P-2021-02-261-1-1,2021,2021-02-16,08:00,MANANA (06-11),LIMA,LIMA,CONDUCTOR,ILESO,,,MASCULINO,35,AUTOMÓVIL,CHOQUE,URBANO,AVENIDA,URBANA,RESIDENCIAL,INTERSECCIÓN,ASFALTADA
A-2021-02-261,P-2021-02-261-2-1,2021,2021-02-16,08:00,MANANA (06-11),LIMA,LIMA,CONDUCTOR,FALLECIDO,EN EL LUGAR DE LOS HECHOS,,MASCULINO,49,BICICLETA,CHOQUE,URBANO,AVENIDA,URBANA,RESIDENCIAL,INTERSECCIÓN,ASFALTADA
A-2021-02-260,P-2021-02-260-1-1,2021,2021-02-16,18:30,NOCHE (18-23),LIMA,LINCE,CONDUCTOR,ILESO,,,MASCULINO,38,ÓMNIBUS,CHOQUE,URBANO,AVENIDA,URBANA,RESIDENCIAL,TRAMO RECTO,ASFALTADA
A-2021-02-260,P-2021-02-260-2-1,2021,2021-02-16,18:30,NOCHE (18-23),LIMA,LINCE,CONDUCTOR,FALLECIDO,EN EL CENTRO DE SALUD,,MASCULINO,49,BICICLETA,CHOQUE,URBANO,AVENIDA,URBANA,RESIDENCIAL,TRAMO RECTO,ASFALTADA
A-2021-02-262,P-2021-02-262-1-1,2021,2021-02-17,11:30,MANANA (06-11),LIMA,RIMAC,CONDUCTOR,ILESO,,,MASCULINO,37,REMOLCADOR,ATROPELLO,URBANO,AVENIDA,URBANA,RESIDENCIAL,INTERSECCIÓN,ASFALTADA
A-2021-02-262,P-2021-02-262-1-2,2021,2021-02-17,11:30,MANANA (06-11),LIMA,RIMAC,PEATÓN,FALLECIDO,EN EL LUGAR DE LOS HECHOS,,MASCULINO,74,REMOLCADOR,ATROPELLO,URBANO,AVENIDA,URBANA,RESIDENCIAL,INTERSECCIÓN,ASFALTADA
A-2021-02-264,P-2021-02-264-1-1,2021,2021-02-18,15:25,TARDE (12-17),LIMA,VILLA MARIA DEL TRIUNFO,CONDUCTOR,ILESO,,,MASCULINO,31,REMOLCADOR,CHOQUE CON OBJETO FIJO,URBANO,CALLE,RURAL,RURAL,PASE A DESNIVEL,AFIRMADO
A-2021-02-264,P-2021-02-264-1-2,2021,2021-02-18,15:25,TARDE (12-17),LIMA,VILLA MARIA DEL TRIUNFO,PASAJERO,FALLECIDO,EN EL LUGAR DE LOS HECHOS,,FEMENINO,5,REMOLCADOR,CHOQUE CON OBJETO FIJO,URBANO,CALLE,RURAL,RURAL,PASE A DESNIVEL,AFIRMADO
A-2021-02-264,P-2021-02-264-1-3,2021,2021-02-18,15:25,TARDE (12-17),LIMA,VILLA MARIA DEL TRIUNFO,PASAJERO,LESIONADO,,CENTRO DE SALUD PÚBLICO,FEMENINO,38,REMOLCADOR,CHOQUE CON OBJETO FIJO,URBANO,CALLE,RURAL,RURAL,PASE A DESNIVEL,AFIRMADO
A-2021-02-264,P-2021-02-264-1-4,2021,2021-02-18,15:25,TARDE (12-17),LIMA,VILLA MARIA DEL TRIUNFO,PASAJERO,LESIONADO,,CENTRO DE SALUD PÚBLICO,FEMENINO,2,REMOLCADOR,CHOQUE CON OBJETO FIJO,URBANO,CALLE,RURAL,RURAL,PASE A DESNIVEL,AFIRMADO
A-2021-02-264,P-2021-02-264-1-5,2021,2021-02-18,15:25,TARDE (12-17),LIMA,VILLA MARIA DEL TRIUNFO,PASAJERO,LESIONADO,,CENTRO DE SALUD PÚBLICO,FEMENINO,39,REMOLCADOR,CHOQUE CON OBJETO FIJO,URBANO,CALLE,RURAL,RURAL,PASE A DESNIVEL,AFIRMADO
A-2021-02-263,P-2021-02-263-1-1,2021,2021-02-18,18:00,NOCHE (18-23),LIMA,RIMAC,CONDUCTOR FUGADO,NO SE CONOCE,,,NO INDICA,,VEHICULO NO IDENTIFICADO,ATROPELLO FUGA,NACIONAL,CARRETERA,URBANA,INDUSTRIAL,TRAMO RECTO,ASFALTADA
A-2021-02-263,P-2021-02-263-1-2,2021,2021-02-18,18:00,NOCHE (18-23),LIMA,RIMAC,PEATÓN,FALLECIDO,EN EL LUGAR DE LOS HECHOS,,MASCULINO,30,VEHICULO NO IDENTIFICADO,ATROPELLO FUGA,NACIONAL,CARRETERA,URBANA,INDUSTRIAL,TRAMO RECTO,ASFALTADA
A-2021-02-235,P-2021-02-235-1-1,2021,2021-02-19,08:30,MANANA (06-11),CALLAO,CALLAO,CONDUCTOR,ILESO,,,MASCULINO,66,REMOLCADOR-SEMIREMOLQUE,CHOQUE,NACIONAL,CARRETERA,URBANA,INDUSTRIAL,TRAMO RECTO,CONCRETO
A-2021-02-235,P-2021-02-235-2-1,2021,2021-02-19,08:30,MANANA (06-11),CALLAO,CALLAO,CONDUCTOR,FALLECIDO,EN EL CENTRO DE SALUD,,MASCULINO,21,MOTOCICLETA,CHOQUE,NACIONAL,CARRETERA,URBANA,INDUSTRIAL,TRAMO RECTO,CONCRETO
A-2021-02-265,P-2021-02-265-1-1,2021,2021-02-19,20:20,NOCHE (18-23),LIMA,LIMA,CONDUCTOR,ILESO,,,MASCULINO,34,MINIBUS,ATROPELLO,URBANO,AVENIDA,URBANA,COMERCIAL,INTERSECCIÓN,ASFALTADA
A-2021-02-265,P-2021-02-265-1-2,2021,2021-02-19,20:20,NOCHE (18-23),LIMA,LIMA,PEATÓN,FALLECIDO,EN EL LUGAR DE LOS HECHOS,,FEMENINO,7,MINIBUS,ATROPELLO,URBANO,AVENIDA,URBANA,COMERCIAL,INTERSECCIÓN,ASFALTADA
A-2021-02-265,P-2021-02-265-1-3,2021,2021-02-19,20:20,NOCHE (18-23),LIMA,LIMA,PEATÓN,FALLECIDO,EN EL LUGAR DE LOS HECHOS,,FEMENINO,27,MINIBUS,ATROPELLO,URBANO,AVENIDA,URBANA,COMERCIAL,INTERSECCIÓN,ASFALTADA
A-2021-02-237,P-2021-02-237-1-1,2021,2021-02-21,21:40,NOCHE (18-23),LIMA,MAGDALENA DEL MAR,CONDUCTOR,NO SE CONOCE,,,MASCULINO,20,MOTOCICLETA,CHOQUE CON OBJETO FIJO,URBANO,OTRO,URBANA,RURAL,TRAMO RECTO,ASFALTADA
A-2021-02-237,P-2021-02-237-1-2,2021,2021-02-21,21:40,NOCHE (18-23),LIMA,MAGDALENA DEL MAR,PEATÓN,FALLECIDO,EN EL LUGAR DE LOS HECHOS,,FEMENINO,25,MOTOCICLETA,CHOQUE CON OBJETO FIJO,URBANO,OTRO,URBANA,RURAL,TRAMO RECTO,ASFALTADA
A-2021-02-266,P-2021-02-266-1-1,2021,2021-02-22,07:30,MANANA (06-11),LIMA,INDEPENDENCIA,CONDUCTOR,NO SE CONOCE,,,MASCULINO,,ÓMNIBUS,VOLCADURA,NACIONAL,CARRETERA,URBANA,COMERCIAL,INTERSECCIÓN,ASFALTADA
A-2021-02-266,P-2021-02-266-1-2,2021,2021-02-22,07:30,MANANA (06-11),LIMA,INDEPENDENCIA,PEATÓN,FALLECIDO,EN EL LUGAR DE LOS HECHOS,,NO INDICA,,ÓMNIBUS,VOLCADURA,NACIONAL,CARRETERA,URBANA,COMERCIAL,INTERSECCIÓN,ASFALTADA
A-2021-02-236,P-2021-02-236-1-1,2021,2021-02-23,17:00,TARDE (12-17),CALLAO,CALLAO,CONDUCTOR,FALLECIDO,EN EL CENTRO DE SALUD,,MASCULINO,32,MOTOCICLETA,DESPISTE,NACIONAL,CARRETERA,URBANA,RESIDENCIAL,TRAMO RECTO,CONCRETO
A-2021-02-267,P-2021-02-267-1-1,2021,2021-02-23,21:00,NOCHE (18-23),LIMA,SANTA ANITA,CONDUCTOR FUGADO,NO SE CONOCE,,,NO INDICA,,VEHICULO NO IDENTIFICADO,ATROPELLO FUGA,NACIONAL,CARRETERA,URBANA,RESIDENCIAL,TRAMO RECTO,ASFALTADA
A-2021-02-267,P-2021-02-267-1-2,2021,2021-02-23,21:00,NOCHE (18-23),LIMA,SANTA ANITA,PEATÓN,FALLECIDO,EN EL CENTRO DE SALUD,,MASCULINO,,VEHICULO NO IDENTIFICADO,ATROPELLO FUGA,NACIONAL,CARRETERA,URBANA,RESIDENCIAL,TRAMO RECTO,ASFALTADA
A-2021-02-268,P-2021-02-268-1-1,2021,2021-02-24,08:30,MANANA (06-11),LIMA,RIMAC,CONDUCTOR,ILESO,,,MASCULINO,34,AUTOMÓVIL,CHOQUE,URBANO,AVENIDA,URBANA,RESIDENCIAL,INTERSECCIÓN,ASFALTADA
A-2021-02-268,P-2021-02-268-2-1,2021,2021-02-24,08:30,MANANA (06-11),LIMA,RIMAC,CONDUCTOR,FALLECIDO,EN EL CENTRO DE SALUD,,MASCULINO,,MOTOCICLETA,CHOQUE,URBANO,AVENIDA,URBANA,RESIDENCIAL,INTERSECCIÓN,ASFALTADA
A-2021-02-269,P-2021-02-269-1-1,2021,2021-02-26,07:30,MANANA (06-11),LIMA,SAN JUAN DE MIRAFLORES,CONDUCTOR,ILESO,,,MASCULINO,28,BICICLETA,ATROPELLO,URBANO,AVENIDA,URBANA,RESIDENCIAL,TRAMO RECTO,ASFALTADA
A-2021-02-269,P-2021-02-269-1-2,2021,2021-02-26,07:30,MANANA (06-11),LIMA,SAN JUAN DE MIRAFLORES,PEATÓN,FALLECIDO,EN EL CENTRO DE SALUD,,MASCULINO,86,BICICLETA,ATROPELLO,URBANO,AVENIDA,URBANA,RESIDENCIAL,TRAMO RECTO,ASFALTADA
A-2021-02-270,P-2021-02-270-1-1,2021,2021-02-27,12:30,TARDE (12-17),LIMA,EL AGUSTINO,CONDUCTOR,ILESO,,,MASCULINO,30,ÓMNIBUS,ATROPELLO,NACIONAL,CARRETERA,URBANA,RESIDENCIAL,TRAMO RECTO,ASFALTADA
A-2021-02-270,P-2021-02-270-1-2,2021,2021-02-27,12:30,TARDE (12-17),LIMA,EL AGUSTINO,PEATÓN,FALLECIDO,,,MASCULINO,,ÓMNIBUS,ATROPELLO,NACIONAL,CARRETERA,URBANA,RESIDENCIAL,TRAMO RECTO,ASFALTADA
A-2021-02-271,P-2021-02-271-1-1,2021,2021-02-27,22:30,NOCHE (18-23),LIMA,CARABAYLLO,CONDUCTOR,FALLECIDO,EN EL CENTRO DE SALUD,,MASCULINO,46,TRIMOTO PASAJERO,DESPISTE,URBANO,JIRÓN,URBANA,RESIDENCIAL,TRAMO RECTO,ASFALTADA
A-2021-03-69,P-2021-03-69-1-1,2021,2021-03-01,08:00,MANANA (06-11),LIMA,INDEPENDENCIA,CONDUCTOR,NO SE CONOCE,,,MASCULINO,23,MINIBUS,CAÍDA DE PASAJERO,URBANO,AVENIDA,URBANA,COMERCIAL,TRAMO RECTO,ASFALTADA
A-2021-03-69,P-2021-03-69-1-2,2021,2021-03-01,08:00,MANANA (06-11),LIMA,INDEPENDENCIA,PASAJERO,FALLECIDO,EN EL LUGAR DE LOS HECHOS,,FEMENINO,21,MINIBUS,CAÍDA DE PASAJERO,URBANO,AVENIDA,URBANA,COMERCIAL,TRAMO RECTO,ASFALTADA
A-2021-03-170,P-2021-03-170-1-1,2021,2021-03-03,18:00,NOCHE (18-23),LIMA,SAN JUAN DE LURIGANCHO,CONDUCTOR,NO SE CONOCE,,,MASCULINO,68,CAMIONETA RURAL,ATROPELLO,SIN CLASIFICAR,CARRETERA,URBANA,RESIDENCIAL,INTERSECCIÓN,ASFALTADA
A-2021-03-170,P-2021-03-170-1-2,2021,2021-03-03,18:00,NOCHE (18-23),LIMA,SAN JUAN DE LURIGANCHO,PEATÓN,FALLECIDO,EN EL LUGAR DE LOS HECHOS,,MASCULINO,20,CAMIONETA RURAL,ATROPELLO,SIN CLASIFICAR,CARRETERA,URBANA,RESIDENCIAL,INTERSECCIÓN,ASFALTADA
A-2021-03-171,P-2021-03-171-1-1,2021,2021-03-04,20:40,NOCHE (18-23),LIMA,SAN JUAN DE LURIGANCHO,CONDUCTOR,FALLECIDO,EN EL LUGAR DE LOS HECHOS,,MASCULINO,26,MOTOCICLETA,VOLCADURA,URBANO,AVENIDA,URBANA,RURAL,SINUOSA,ASFALTADA
A-2021-03-175,P-2021-03-175-1-1,2021,2021-03-05,00:30,MADRUGADA (00-05),LIMA,SAN MARTIN DE PORRES,CONDUCTOR,FALLECIDO,,,MASCULINO,29,MOTOCICLETA,DESPISTE,URBANO,AVENIDA,URBANA,COMERCIAL,INTERSECCIÓN,ASFALTADA
A-2021-03-352,P-2021-03-352-1-1,2021,2021-03-05,19:00,NOCHE (18-23),LIMA,LIMA,CONDUCTOR,ILESO,,,MASCULINO,49,CAMIÓN,ATROPELLO,URBANO,JIRÓN,URBANA,RESIDENCIAL,INTERSECCIÓN,ASFALTADA
A-2021-03-352,P-2021-03-352-1-2,2021,2021-03-05,19:00,NOCHE (18-23),LIMA,LIMA,PEATÓN,FALLECIDO,EN EL CENTRO DE SALUD,,MASCULINO,59,CAMIÓN,ATROPELLO,URBANO,JIRÓN,URBANA,RESIDENCIAL,INTERSECCIÓN,ASFALTADA
A-2021-03-201,P-2021-03-201-1-1,2021,2021-03-05,21:30,NOCHE (18-23),LIMA,SAN JUAN DE MIRAFLORES,CONDUCTOR,NO SE CONOCE,,,MASCULINO,33,AUTOMÓVIL,ATROPELLO,NACIONAL,CARRETERA,URBANA,RURAL,TRAMO RECTO,ASFALTADA
A-2021-03-201,P-2021-03-201-1-2,2021,2021-03-05,21:30,NOCHE (18-23),LIMA,SAN JUAN DE MIRAFLORES,PEATÓN,FALLECIDO,EN EL LUGAR DE LOS HECHOS,,FEMENINO,38,AUTOMÓVIL,ATROPELLO,NACIONAL,CARRETERA,URBANA,RURAL,TRAMO RECTO,ASFALTADA
A-2021-03-202,P-2021-03-202-1-1,2021,2021-03-06,03:50,MADRUGADA (00-05),LIMA,COMAS,CONDUCTOR,NO SE CONOCE,,,MASCULINO,21,AUTOMÓVIL,ATROPELLO,NACIONAL,CARRETERA,URBANA,RESIDENCIAL,OTRO,ASFALTADA
A-2021-03-202,P-2021-03-202-1-2,2021,2021-03-06,03:50,MADRUGADA (00-05),LIMA,COMAS,PEATÓN,FALLECIDO,EN EL LUGAR DE LOS HECHOS,,FEMENINO,24,AUTOMÓVIL,ATROPELLO,NACIONAL,CARRETERA,URBANA,RESIDENCIAL,OTRO,ASFALTADA
A-2021-03-202,P-2021-03-202-1-3,2021,2021-03-06,03:50,MADRUGADA (00-05),LIMA,COMAS,PEATÓN,FALLECIDO,EN EL LUGAR DE LOS HECHOS,,FEMENINO,24,AUTOMÓVIL,ATROPELLO,NACIONAL,CARRETERA,URBANA,RESIDENCIAL,OTRO,ASFALTADA
A-2021-03-202,P-2021-03-202-1-4,2021,2021-03-06,03:50,MADRUGADA (00-05),LIMA,COMAS,PEATÓN,FALLECIDO,EN EL LUGAR DE LOS HECHOS,,FEMENINO,0,AUTOMÓVIL,ATROPELLO,NACIONAL,CARRETERA,URBANA,RESIDENCIAL,OTRO,ASFALTADA
A-2021-03-349,P-2021-03-349-1-1,2021,2021-03-07,12:30,TARDE (12-17),LIMA,SANTA ROSA,CONDUCTOR,FALLECIDO,EN EL LUGAR DE LOS HECHOS,,MASCULINO,,AUTOMÓVIL,CHOQUE CON OBJETO FIJO,NACIONAL,CARRETERA,URBANA,RESIDENCIAL,TRAMO RECTO,ASFALTADA
A-2021-03-218,P-2021-03-218-1-1,2021,2021-03-11,17:40,TARDE (12-17),LIMA,PUENTE PIEDRA,CONDUCTOR,FALLECIDO,EN EL LUGAR DE LOS HECHOS,,MASCULINO,,TRICICLO NO MOTORIZADO,CHOQUE CON OBJETO FIJO,NACIONAL,CARRETERA,URBANA,INDUSTRIAL,TRAMO RECTO,ASFALTADA
A-2021-03-221,P-2021-03-221-1-1,2021,2021-03-12,16:00,TARDE (12-17),LIMA,PUEBLO LIBRE,CONDUCTOR,NO SE CONOCE,,,MASCULINO,39,ÓMNIBUS,ATROPELLO,URBANO,AVENIDA,URBANA,INDUSTRIAL,TRAMO RECTO,ASFALTADA
A-2021-03-221,P-2021-03-221-1-2,2021,2021-03-12,16:00,TARDE (12-17),LIMA,PUEBLO LIBRE,PEATÓN,FALLECIDO,EN EL LUGAR DE LOS HECHOS,,MASCULINO,63,ÓMNIBUS,ATROPELLO,URBANO,AVENIDA,URBANA,INDUSTRIAL,TRAMO RECTO,ASFALTADA
A-2021-03-346,P-2021-03-346-1-1,2021,2021-03-14,03:00,MADRUGADA (00-05),LIMA,COMAS,CONDUCTOR FUGADO,NO SE CONOCE,,,NO INDICA,,VEHICULO NO IDENTIFICADO,ATROPELLO FUGA,NACIONAL,CARRETERA,URBANA,RESIDENCIAL,INTERSECCIÓN,ASFALTADA
A-2021-03-346,P-2021-03-346-1-2,2021,2021-03-14,03:00,MADRUGADA (00-05),LIMA,COMAS,PEATÓN,FALLECIDO,EN EL LUGAR DE LOS HECHOS,,MASCULINO,,VEHICULO NO IDENTIFICADO,ATROPELLO FUGA,NACIONAL,CARRETERA,URBANA,RESIDENCIAL,INTERSECCIÓN,ASFALTADA
A-2021-03-228,P-2021-03-228-1-1,2021,2021-03-16,16:00,TARDE (12-17),LIMA,INDEPENDENCIA,CONDUCTOR FUGADO,NO SE CONOCE,EN EL LUGAR DE LOS HECHOS,,NO INDICA,,VEHICULO NO IDENTIFICADO,ATROPELLO FUGA,URBANO,AVENIDA,URBANA,INDUSTRIAL,TRAMO RECTO,ASFALTADA
A-2021-03-228,P-2021-03-228-1-2,2021,2021-03-16,16:00,TARDE (12-17),LIMA,INDEPENDENCIA,PEATÓN,FALLECIDO,EN EL LUGAR DE LOS HECHOS,,MASCULINO,,VEHICULO NO IDENTIFICADO,ATROPELLO FUGA,URBANO,AVENIDA,URBANA,INDUSTRIAL,TRAMO RECTO,ASFALTADA
A-2021-03-311,P-2021-03-311-1-1,2021,2021-03-16,17:30,TARDE (12-17),CALLAO,CALLAO,CONDUCTOR,LESIONADO,,CENTRO DE SALUD PÚBLICO,MASCULINO,36,MOTOCICLETA,ATROPELLO,URBANO,AVENIDA,URBANA,COMERCIAL,TRAMO RECTO,CONCRETO
A-2021-03-311,P-2021-03-311-1-2,2021,2021-03-16,17:30,TARDE (12-17),CALLAO,CALLAO,PEATÓN,FALLECIDO,EN EL CENTRO DE SALUD,,FEMENINO,84,MOTOCICLETA,ATROPELLO,URBANO,AVENIDA,URBANA,COMERCIAL,TRAMO RECTO,CONCRETO
A-2021-03-230,P-2021-03-230-1-1,2021,2021-03-17,10:30,MANANA (06-11),LIMA,SAN MARTIN DE PORRES,CONDUCTOR,NO SE CONOCE,,,MASCULINO,40,CAMIONETA RURAL,ATROPELLO,URBANO,AVENIDA,URBANA,INDUSTRIAL,TRAMO RECTO,ASFALTADA
A-2021-03-230,P-2021-03-230-1-2,2021,2021-03-17,10:30,MANANA (06-11),LIMA,SAN MARTIN DE PORRES,PEATÓN,FALLECIDO,EN EL LUGAR DE LOS HECHOS,,MASCULINO,80,CAMIONETA RURAL,ATROPELLO,URBANO,AVENIDA,URBANA,INDUSTRIAL,TRAMO RECTO,ASFALTADA
A-2021-03-233,P-2021-03-233-1-1,2021,2021-03-17,17:00,TARDE (12-17),LIMA,PUNTA NEGRA,CONDUCTOR,FALLECIDO,EN EL LUGAR DE LOS HECHOS,,FEMENINO,62,BICICLETA,VOLCADURA,URBANO,AVENIDA,URBANA,INDUSTRIAL,TRAMO RECTO,ASFALTADA
A-2021-03-236,P-2021-03-236-1-1,2021,2021-03-19,08:40,MANANA (06-11),LIMA,SANTIAGO DE SURCO,CONDUCTOR,FALLECIDO,,,MASCULINO,35,CAMIÓN,DESPISTE,URBANO,AVENIDA,URBANA,INDUSTRIAL,TRAMO RECTO,ASFALTADA
A-2021-03-237,P-2021-03-237-1-1,2021,2021-03-20,07:00,MANANA (06-11),LIMA,SAN MARTIN DE PORRES,CONDUCTOR,NO SE CONOCE,,,MASCULINO,40,CAMIÓN,ATROPELLO,URBANO,AVENIDA,URBANA,INDUSTRIAL,TRAMO RECTO,ASFALTADA
A-2021-03-237,P-2021-03-237-1-2,2021,2021-03-20,07:00,MANANA (06-11),LIMA,SAN MARTIN DE PORRES,PEATÓN,FALLECIDO,EN EL LUGAR DE LOS HECHOS,,MASCULINO,74,CAMIÓN,ATROPELLO,URBANO,AVENIDA,URBANA,INDUSTRIAL,TRAMO RECTO,ASFALTADA
A-2021-03-238,P-2021-03-238-1-1,2021,2021-03-20,14:10,TARDE (12-17),LIMA,EL AGUSTINO,CONDUCTOR,NO SE CONOCE,,,MASCULINO,43,REMOLCADOR-SEMIREMOLQUE,CHOQUE,NACIONAL,CARRETERA,URBANA,RURAL,INTERSECCIÓN,ASFALTADA
A-2021-03-238,P-2021-03-238-2-1,2021,2021-03-20,14:10,TARDE (12-17),LIMA,EL AGUSTINO,CONDUCTOR,FALLECIDO,,,NO INDICA,,MOTOCICLETA,CHOQUE,NACIONAL,CARRETERA,URBANA,RURAL,INTERSECCIÓN,ASFALTADA
A-2021-03-326,P-2021-03-326-1-1,2021,2021-03-21,12:30,TARDE (12-17),LIMA,INDEPENDENCIA,CONDUCTOR,ILESO,,,MASCULINO,59,AUTOMÓVIL,DESPISTE,URBANO,PASAJE,URBANA,INDUSTRIAL,TRAMO RECTO,ASFALTADA
A-2021-03-326,P-2021-03-326-1-2,2021,2021-03-21,12:30,TARDE (12-17),LIMA,INDEPENDENCIA,PEATÓN,FALLECIDO,EN EL LUGAR DE LOS HECHOS,,MASCULINO,,AUTOMÓVIL,DESPISTE,URBANO,PASAJE,URBANA,INDUSTRIAL,TRAMO RECTO,ASFALTADA
A-2021-03-240,P-2021-03-240-1-1,2021,2021-03-21,20:00,NOCHE (18-23),LIMA,SAN MARTIN DE PORRES,CONDUCTOR,NO SE CONOCE,,,MASCULINO,,TRIMOTO PASAJERO,ATROPELLO,URBANO,AVENIDA,URBANA,INDUSTRIAL,TRAMO RECTO,ASFALTADA
A-2021-03-240,P-2021-03-240-1-2,2021,2021-03-21,20:00,NOCHE (18-23),LIMA,SAN MARTIN DE PORRES,PEATÓN,FALLECIDO,EN EL LUGAR DE LOS HECHOS,,MASCULINO,60,TRIMOTO PASAJERO,ATROPELLO,URBANO,AVENIDA,URBANA,INDUSTRIAL,TRAMO RECTO,ASFALTADA
A-2021-03-243,P-2021-03-243-1-1,2021,2021-03-24,09:30,MANANA (06-11),LIMA,LA MOLINA,CONDUCTOR,NO SE CONOCE,,,MASCULINO,,CAMIONETA PICK UP,CHOQUE,URBANO,AVENIDA,RURAL,INDUSTRIAL,TRAMO RECTO,ASFALTADA
A-2021-03-243,P-2021-03-243-2-1,2021,2021-03-24,09:30,MANANA (06-11),LIMA,LA MOLINA,CONDUCTOR,FALLECIDO,EN EL LUGAR DE LOS HECHOS,,MASCULINO,20,MOTOCICLETA,CHOQUE,URBANO,AVENIDA,RURAL,INDUSTRIAL,TRAMO RECTO,ASFALTADA
A-2021-03-353,P-2021-03-353-1-1,2021,2021-03-24,14:30,TARDE (12-17),LIMA,LURIGANCHO,CONDUCTOR,ILESO,,,MASCULINO,51,REMOLCADOR-SEMIREMOLQUE,ATROPELLO,URBANO,AVENIDA,URBANA,RESIDENCIAL,TRAMO RECTO,ASFALTADA
A-2021-03-353,P-2021-03-353-1-2,2021,2021-03-24,14:30,TARDE (12-17),LIMA,LURIGANCHO,PEATÓN,FALLECIDO,EN EL CENTRO DE SALUD,,MASCULINO,79,REMOLCADOR-SEMIREMOLQUE,ATROPELLO,URBANO,AVENIDA,URBANA,RESIDENCIAL,TRAMO RECTO,ASFALTADA
A-2021-03-354,P-2021-03-354-1-1,2021,2021-03-26,03:50,MADRUGADA (00-05),LIMA,COMAS,CONDUCTOR,ILESO,,,MASCULINO,37,AUTOMÓVIL,DESPISTE,URBANO,AVENIDA,URBANA,RESIDENCIAL,TRAMO RECTO,ASFALTADA
A-2021-03-354,P-2021-03-354-1-2,2021,2021-03-26,03:50,MADRUGADA (00-05),LIMA,COMAS,PEATÓN,FALLECIDO,EN EL CENTRO DE SALUD,,MASCULINO,86,AUTOMÓVIL,DESPISTE,URBANO,AVENIDA,URBANA,RESIDENCIAL,TRAMO RECTO,ASFALTADA
A-2021-03-355,P-2021-03-355-1-1,2021,2021-03-26,22:00,NOCHE (18-23),LIMA,VILLA MARIA DEL TRIUNFO,CONDUCTOR,ILESO,,,MASCULINO,38,ÓMNIBUS,CHOQUE,URBANO,AVENIDA,URBANA,RESIDENCIAL,INTERSECCIÓN,ASFALTADA
A-2021-03-355,P-2021-03-355-2-1,2021,2021-03-26,22:00,NOCHE (18-23),LIMA,VILLA MARIA DEL TRIUNFO,CONDUCTOR,FALLECIDO,EN EL CENTRO DE SALUD,,MASCULINO,28,MOTOCICLETA,CHOQUE,URBANO,AVENIDA,URBANA,RESIDENCIAL,INTERSECCIÓN,ASFALTADA
A-2021-03-356,P-2021-03-356-1-1,2021,2021-03-27,17:00,TARDE (12-17),LIMA,VILLA EL SALVADOR,CONDUCTOR,ILESO,,,MASCULINO,40,AUTOMÓVIL,CHOQUE,NACIONAL,CARRETERA,URBANA,RESIDENCIAL,TRAMO RECTO,ASFALTADA
A-2021-03-356,P-2021-03-356-1-2,2021,2021-03-27,17:00,TARDE (12-17),LIMA,VILLA EL SALVADOR,PASAJERO,LESIONADO,,CENTRO DE SALUD PÚBLICO,MASCULINO,,AUTOMÓVIL,CHOQUE,NACIONAL,CARRETERA,URBANA,RESIDENCIAL,TRAMO RECTO,ASFALTADA
A-2021-03-356,P-2021-03-356-1-3,2021,2021-03-27,17:00,TARDE (12-17),LIMA,VILLA EL SALVADOR,PASAJERO,LESIONADO,,CENTRO DE SALUD PÚBLICO,MASCULINO,,AUTOMÓVIL,CHOQUE,NACIONAL,CARRETERA,URBANA,RESIDENCIAL,TRAMO RECTO,ASFALTADA
A-2021-03-356,P-2021-03-356-2-1,2021,2021-03-27,17:00,TARDE (12-17),LIMA,VILLA EL SALVADOR,CONDUCTOR,FALLECIDO,EN EL CENTRO DE SALUD,,MASCULINO,50,CAMIONETA PICK UP,CHOQUE,NACIONAL,CARRETERA,URBANA,RESIDENCIAL,TRAMO RECTO,ASFALTADA
A-2021-03-297,P-2021-03-297-1-1,2021,2021-03-27,23:30,NOCHE (18-23),CALLAO,LA PERLA,CONDUCTOR,FALLECIDO,EN EL CENTRO DE SALUD,,MASCULINO,42,MOTOCICLETA,DESPISTE,URBANO,AVENIDA,URBANA,COMERCIAL,TRAMO RECTO,CONCRETO
A-2021-03-357,P-2021-03-357-1-1,2021,2021-03-29,05:50,MADRUGADA (00-05),LIMA,VILLA EL SALVADOR,CONDUCTOR,FALLECIDO,EN EL CENTRO DE SALUD,,MASCULINO,22,MOTOCICLETA,CHOQUE,URBANO,AVENIDA,URBANA,ESCOLAR,INTERSECCIÓN,ASFALTADA
A-2021-03-357,P-2021-03-357-2-1,2021,2021-03-29,05:50,MADRUGADA (00-05),LIMA,VILLA EL SALVADOR,CONDUCTOR,ILESO,,,MASCULINO,44,STATION WAGON,CHOQUE,URBANO,AVENIDA,URBANA,ESCOLAR,INTERSECCIÓN,ASFALTADA
A-2021-03-357,P-2021-03-357-2-2,2021,2021-03-29,05:50,MADRUGADA (00-05),LIMA,VILLA EL SALVADOR,PASAJERO,LESIONADO,,CENTRO DE SALUD PÚBLICO,FEMENINO,,STATION WAGON,CHOQUE,URBANO,AVENIDA,URBANA,ESCOLAR,INTERSECCIÓN,ASFALTADA
A-2021-03-357,P-2021-03-357-2-3,2021,2021-03-29,05:50,MADRUGADA (00-05),LIMA,VILLA EL SALVADOR,PASAJERO,LESIONADO,,CENTRO DE SALUD PÚBLICO,FEMENINO,46,STATION WAGON,CHOQUE,URBANO,AVENIDA,URBANA,ESCOLAR,INTERSECCIÓN,ASFALTADA
A-2021-03-358,P-2021-03-358-1-1,2021,2021-03-29,07:45,MANANA (06-11),LIMA,CHORRILLOS,CONDUCTOR,ILESO,,,MASCULINO,,ÓMNIBUS,CHOQUE,URBANO,AVENIDA,URBANA,RESIDENCIAL,INTERSECCIÓN,ASFALTADA
A-2021-03-358,P-2021-03-358-2-1,2021,2021-03-29,07:45,MANANA (06-11),LIMA,CHORRILLOS,CONDUCTOR,ILESO,,,MASCULINO,,AUTOMÓVIL,CHOQUE,URBANO,AVENIDA,URBANA,RESIDENCIAL,INTERSECCIÓN,ASFALTADA
A-2021-03-358,P-2021-03-358-2-2,2021,2021-03-29,07:45,MANANA (06-11),LIMA,CHORRILLOS,PEATÓN,FALLECIDO,EN EL CENTRO DE SALUD,,MASCULINO,,AUTOMÓVIL,CHOQUE,URBANO,AVENIDA,URBANA,RESIDENCIAL,INTERSECCIÓN,ASFALTADA
A-2021-03-359,P-2021-03-359-1-1,2021,2021-03-29,19:00,NOCHE (18-23),LIMA,SAN JUAN DE LURIGANCHO,CONDUCTOR,ILESO,,,MASCULINO,,MOTOCICLETA,ATROPELLO,URBANO,AVENIDA,URBANA,RESIDENCIAL,INTERSECCIÓN,ASFALTADA
A-2021-03-359,P-2021-03-359-1-2,2021,2021-03-29,19:00,NOCHE (18-23),LIMA,SAN JUAN DE LURIGANCHO,PEATÓN,FALLECIDO,EN EL CENTRO DE SALUD,,MASCULINO,75,MOTOCICLETA,ATROPELLO,URBANO,AVENIDA,URBANA,RESIDENCIAL,INTERSECCIÓN,ASFALTADA
A-2021-03-360,P-2021-03-360-1-1,2021,2021-03-29,20:00,NOCHE (18-23),LIMA,COMAS,CONDUCTOR,FALLECIDO,EN EL CENTRO DE SALUD,,MASCULINO,,TRIMOTO PASAJERO,DESPISTE,URBANO,JIRÓN,URBANA,RESIDENCIAL,INTERSECCIÓN,TROCHA
A-2021-03-361,P-2021-03-361-1-1,2021,2021-03-31,15:45,TARDE (12-17),LIMA,SAN ISIDRO,CONDUCTOR,ILESO,,,MASCULINO,53,ÓMNIBUS,ATROPELLO,URBANO,AVENIDA,URBANA,RESIDENCIAL,TRAMO RECTO,ASFALTADA
A-2021-03-361,P-2021-03-361-1-2,2021,2021-03-31,15:45,TARDE (12-17),LIMA,SAN ISIDRO,PEATÓN,FALLECIDO,EN EL CENTRO DE SALUD,,FEMENINO,89,ÓMNIBUS,ATROPELLO,URBANO,AVENIDA,URBANA,RESIDENCIAL,TRAMO RECTO,ASFALTADA
A-2021-03-299,P-2021-03-299-1-1,2021,2021-03-31,21:40,NOCHE (18-23),LIMA,LURIN,CONDUCTOR,NO SE CONOCE,,,MASCULINO,,AUTOMÓVIL,ATROPELLO,URBANO,AVENIDA,URBANA,RESIDENCIAL,TRAMO RECTO,ASFALTADA
A-2021-03-299,P-2021-03-299-1-2,2021,2021-03-31,21:40,NOCHE (18-23),LIMA,LURIN,PEATÓN,FALLECIDO,EN EL LUGAR DE LOS HECHOS,,MASCULINO,,AUTOMÓVIL,ATROPELLO,URBANO,AVENIDA,URBANA,RESIDENCIAL,TRAMO RECTO,ASFALTADA
A-2021-04-6,P-2021-04-6-1-1,2021,2021-04-01,21:40,NOCHE (18-23),CALLAO,VENTANILLA,CONDUCTOR,ILESO,,,MASCULINO,32,AUTOMÓVIL,DESPISTE,URBANO,AVENIDA,URBANA,INDUSTRIAL,TRAMO RECTO,CONCRETO
A-2021-04-6,P-2021-04-6-1-2,2021,2021-04-01,21:40,NOCHE (18-23),CALLAO,VENTANILLA,PASAJERO,FALLECIDO,EN EL LUGAR DE LOS HECHOS,,MASCULINO,28,AUTOMÓVIL,DESPISTE,URBANO,AVENIDA,URBANA,INDUSTRIAL,TRAMO RECTO,CONCRETO
A-2021-04-6,P-2021-04-6-1-3,2021,2021-04-01,21:40,NOCHE (18-23),CALLAO,VENTANILLA,PASAJERO,FALLECIDO,EN EL LUGAR DE LOS HECHOS,,MASCULINO,25,AUTOMÓVIL,DESPISTE,URBANO,AVENIDA,URBANA,INDUSTRIAL,TRAMO RECTO,CONCRETO
A-2021-04-6,P-2021-04-6-1-4,2021,2021-04-01,21:40,NOCHE (18-23),CALLAO,VENTANILLA,PASAJERO,LESIONADO,,CENTRO DE SALUD PÚBLICO,MASCULINO,21,AUTOMÓVIL,DESPISTE,URBANO,AVENIDA,URBANA,INDUSTRIAL,TRAMO RECTO,CONCRETO
A-2021-04-6,P-2021-04-6-1-5,2021,2021-04-01,21:40,NOCHE (18-23),CALLAO,VENTANILLA,PASAJERO,LESIONADO,,CENTRO DE SALUD PÚBLICO,MASCULINO,27,AUTOMÓVIL,DESPISTE,URBANO,AVENIDA,URBANA,INDUSTRIAL,TRAMO RECTO,CONCRETO
A-2021-04-6,P-2021-04-6-1-6,2021,2021-04-01,21:40,NOCHE (18-23),CALLAO,VENTANILLA,PASAJERO,LESIONADO,,CENTRO DE SALUD PÚBLICO,MASCULINO,27,AUTOMÓVIL,DESPISTE,URBANO,AVENIDA,URBANA,INDUSTRIAL,TRAMO RECTO,CONCRETO
A-2021-04-6,P-2021-04-6-1-7,2021,2021-04-01,21:40,NOCHE (18-23),CALLAO,VENTANILLA,PASAJERO,LESIONADO,,CENTRO DE SALUD PÚBLICO,MASCULINO,35,AUTOMÓVIL,DESPISTE,URBANO,AVENIDA,URBANA,INDUSTRIAL,TRAMO RECTO,CONCRETO
A-2021-04-6,P-2021-04-6-1-8,2021,2021-04-01,21:40,NOCHE (18-23),CALLAO,VENTANILLA,PASAJERO,LESIONADO,,CENTRO DE SALUD PÚBLICO,MASCULINO,28,AUTOMÓVIL,DESPISTE,URBANO,AVENIDA,URBANA,INDUSTRIAL,TRAMO RECTO,CONCRETO
A-2021-04-219,P-2021-04-219-1-1,2021,2021-04-03,10:30,MANANA (06-11),LIMA,SAN MARTIN DE PORRES,CONDUCTOR,ILESO,,,MASCULINO,47,AUTOMÓVIL,ATROPELLO,URBANO,AVENIDA,RURAL,INDUSTRIAL,TRAMO RECTO,ASFALTADA
A-2021-04-219,P-2021-04-219-1-2,2021,2021-04-03,10:30,MANANA (06-11),LIMA,SAN MARTIN DE PORRES,PEATÓN,FALLECIDO,EN EL LUGAR DE LOS HECHOS,,MASCULINO,,AUTOMÓVIL,ATROPELLO,URBANO,AVENIDA,RURAL,INDUSTRIAL,TRAMO RECTO,ASFALTADA
A-2021-04-220,P-2021-04-220-1-1,2021,2021-04-06,10:20,MANANA (06-11),LIMA,EL AGUSTINO,CONDUCTOR,ILESO,,,MASCULINO,,CAMIÓN,CHOQUE,URBANO,AVENIDA,URBANA,INDUSTRIAL,TRAMO RECTO,ASFALTADA
A-2021-04-220,P-2021-04-220-2-1,2021,2021-04-06,10:20,MANANA (06-11),LIMA,EL AGUSTINO,CONDUCTOR,ILESO,,,MASCULINO,46,ÓMNIBUS,CHOQUE,URBANO,AVENIDA,URBANA,INDUSTRIAL,TRAMO RECTO,ASFALTADA
A-2021-04-220,P-2021-04-220-2-2,2021,2021-04-06,10:20,MANANA (06-11),LIMA,EL AGUSTINO,PASAJERO,LESIONADO,,OTRO,FEMENINO,35,ÓMNIBUS,CHOQUE,URBANO,AVENIDA,URBANA,INDUSTRIAL,TRAMO RECTO,ASFALTADA
A-2021-04-220,P-2021-04-220-2-3,2021,2021-04-06,10:20,MANANA (06-11),LIMA,EL AGUSTINO,PASAJERO,LESIONADO,,CENTRO DE SALUD PÚBLICO,FEMENINO,45,ÓMNIBUS,CHOQUE,URBANO,AVENIDA,URBANA,INDUSTRIAL,TRAMO RECTO,ASFALTADA
A-2021-04-220,P-2021-04-220-2-4,2021,2021-04-06,10:20,MANANA (06-11),LIMA,EL AGUSTINO,PASAJERO,LESIONADO,,CENTRO DE SALUD PÚBLICO,FEMENINO,45,ÓMNIBUS,CHOQUE,URBANO,AVENIDA,URBANA,INDUSTRIAL,TRAMO RECTO,ASFALTADA
A-2021-04-220,P-2021-04-220-2-5,2021,2021-04-06,10:20,MANANA (06-11),LIMA,EL AGUSTINO,PASAJERO,LESIONADO,,CENTRO DE SALUD PÚBLICO,FEMENINO,41,ÓMNIBUS,CHOQUE,URBANO,AVENIDA,URBANA,INDUSTRIAL,TRAMO RECTO,ASFALTADA
A-2021-04-220,P-2021-04-220-3-1,2021,2021-04-06,10:20,MANANA (06-11),LIMA,EL AGUSTINO,CONDUCTOR,FALLECIDO,EN EL LUGAR DE LOS HECHOS,,FEMENINO,,TRICICLO NO MOTORIZADO,CHOQUE,URBANO,AVENIDA,URBANA,INDUSTRIAL,TRAMO RECTO,ASFALTADA
A-2021-04-221,P-2021-04-221-1-1,2021,2021-04-07,17:00,TARDE (12-17),LIMA,RIMAC,CONDUCTOR,NO SE CONOCE,,,MASCULINO,30,ÓMNIBUS,ATROPELLO,URBANO,AVENIDA,URBANA,RESIDENCIAL,TRAMO RECTO,ASFALTADA
A-2021-04-221,P-2021-04-221-1-2,2021,2021-04-07,17:00,TARDE (12-17),LIMA,RIMAC,PEATÓN,FALLECIDO,EN EL LUGAR DE LOS HECHOS,,MASCULINO,68,ÓMNIBUS,ATROPELLO,URBANO,AVENIDA,URBANA,RESIDENCIAL,TRAMO RECTO,ASFALTADA
A-2021-04-222,P-2021-04-222-1-1,2021,2021-04-07,18:00,NOCHE (18-23),LIMA,LIMA,CONDUCTOR FUGADO,NO SE CONOCE,,,NO INDICA,,VEHICULO NO IDENTIFICADO,ATROPELLO FUGA,URBANO,AVENIDA,URBANA,INDUSTRIAL,TRAMO RECTO,ASFALTADA
A-2021-04-222,P-2021-04-222-1-2,2021,2021-04-07,18:00,NOCHE (18-23),LIMA,LIMA,PEATÓN,FALLECIDO,EN EL LUGAR DE LOS HECHOS,,NO INDICA,,VEHICULO NO IDENTIFICADO,ATROPELLO FUGA,URBANO,AVENIDA,URBANA,INDUSTRIAL,TRAMO RECTO,ASFALTADA
A-2021-04-232,P-2021-04-232-1-1,2021,2021-04-07,18:00,NOCHE (18-23),LIMA,EL AGUSTINO,CONDUCTOR,NO SE CONOCE,,,MASCULINO,,CAMIÓN,ATROPELLO,URBANO,JIRÓN,URBANA,COMERCIAL,TRAMO RECTO,ASFALTADA
A-2021-04-232,P-2021-04-232-1-2,2021,2021-04-07,18:00,NOCHE (18-23),LIMA,EL AGUSTINO,PEATÓN,FALLECIDO,EN EL LUGAR DE LOS HECHOS,,MASCULINO,0,CAMIÓN,ATROPELLO,URBANO,JIRÓN,URBANA,COMERCIAL,TRAMO RECTO,ASFALTADA
A-2021-04-231,P-2021-04-231-1-1,2021,2021-04-07,21:20,NOCHE (18-23),LIMA,PUENTE PIEDRA,CONDUCTOR,NO SE CONOCE,,,MASCULINO,,REMOLCADOR-SEMIREMOLQUE,ATROPELLO,NACIONAL,CARRETERA,URBANA,RURAL,TRAMO RECTO,ASFALTADA
A-2021-04-231,P-2021-04-231-1-2,2021,2021-04-07,21:20,NOCHE (18-23),LIMA,PUENTE PIEDRA,PEATÓN,FALLECIDO,EN EL LUGAR DE LOS HECHOS,,NO INDICA,,REMOLCADOR-SEMIREMOLQUE,ATROPELLO,NACIONAL,CARRETERA,URBANA,RURAL,TRAMO RECTO,ASFALTADA
A-2021-04-234,P-2021-04-234-1-1,2021,2021-04-09,08:10,MANANA (06-11),LIMA,SAN MARTIN DE PORRES,CONDUCTOR,FALLECIDO,,,MASCULINO,40,AUTOMÓVIL,DESPISTE,NACIONAL,CARRETERA,URBANA,COMERCIAL,TRAMO RECTO,ASFALTADA
A-2021-04-233,P-2021-04-233-1-1,2021,2021-04-09,20:20,NOCHE (18-23),LIMA,SAN JUAN DE LURIGANCHO,CONDUCTOR FUGADO,NO SE CONOCE,,,NO INDICA,,VEHICULO NO IDENTIFICADO,ATROPELLO FUGA,URBANO,AVENIDA,URBANA,INDUSTRIAL,TRAMO RECTO,ASFALTADA
A-2021-04-233,P-2021-04-233-1-2,2021,2021-04-09,20:20,NOCHE (18-23),LIMA,SAN JUAN DE LURIGANCHO,PEATÓN,FALLECIDO,,,MASCULINO,49,VEHICULO NO IDENTIFICADO,ATROPELLO FUGA,URBANO,AVENIDA,URBANA,INDUSTRIAL,TRAMO RECTO,ASFALTADA
A-2021-04-235,P-2021-04-235-1-1,2021,2021-04-10,08:00,MANANA (06-11),LIMA,COMAS,CONDUCTOR,ILESO,,,MASCULINO,26,MOTOCICLETA,ATROPELLO,URBANO,AVENIDA,URBANA,COMERCIAL,TRAMO RECTO,ASFALTADA
A-2021-04-235,P-2021-04-235-1-2,2021,2021-04-10,08:00,MANANA (06-11),LIMA,COMAS,PEATÓN,FALLECIDO,EN EL LUGAR DE LOS HECHOS,,MASCULINO,,MOTOCICLETA,ATROPELLO,URBANO,AVENIDA,URBANA,COMERCIAL,TRAMO RECTO,ASFALTADA
A-2021-04-239,P-2021-04-239-1-1,2021,2021-04-10,14:30,TARDE (12-17),LIMA,LIMA,CONDUCTOR,ILESO,,,MASCULINO,22,ÓMNIBUS,DESPISTE,URBANO,AVENIDA,URBANA,INDUSTRIAL,TRAMO RECTO,ASFALTADA
A-2021-04-239,P-2021-04-239-1-2,2021,2021-04-10,14:30,TARDE (12-17),LIMA,LIMA,PASAJERO,LESIONADO,,CENTRO DE SALUD PÚBLICO,MASCULINO,54,ÓMNIBUS,DESPISTE,URBANO,AVENIDA,URBANA,INDUSTRIAL,TRAMO RECTO,ASFALTADA
A-2021-04-239,P-2021-04-239-1-3,2021,2021-04-10,14:30,TARDE (12-17),LIMA,LIMA,PEATÓN,LESIONADO,,CENTRO DE SALUD PÚBLICO,FEMENINO,44,ÓMNIBUS,DESPISTE,URBANO,AVENIDA,URBANA,INDUSTRIAL,TRAMO RECTO,ASFALTADA
A-2021-04-239,P-2021-04-239-1-4,2021,2021-04-10,14:30,TARDE (12-17),LIMA,LIMA,PEATÓN,LESIONADO,,CENTRO DE SALUD PÚBLICO,FEMENINO,51,ÓMNIBUS,DESPISTE,URBANO,AVENIDA,URBANA,INDUSTRIAL,TRAMO RECTO,ASFALTADA
A-2021-04-239,P-2021-04-239-2-1,2021,2021-04-10,14:30,TARDE (12-17),LIMA,LIMA,CONDUCTOR,LESIONADO,,CENTRO DE SALUD PÚBLICO,MASCULINO,,STATION WAGON,DESPISTE,URBANO,AVENIDA,URBANA,INDUSTRIAL,TRAMO RECTO,ASFALTADA
A-2021-04-239,P-2021-04-239-2-2,2021,2021-04-10,14:30,TARDE (12-17),LIMA,LIMA,PASAJERO,LESIONADO,,CENTRO DE SALUD PÚBLICO,FEMENINO,0,STATION WAGON,DESPISTE,URBANO,AVENIDA,URBANA,INDUSTRIAL,TRAMO RECTO,ASFALTADA
A-2021-04-239,P-2021-04-239-3-1,2021,2021-04-10,14:30,TARDE (12-17),LIMA,LIMA,CONDUCTOR,LESIONADO,,CENTRO DE SALUD PÚBLICO,MASCULINO,25,MOTOCICLETA,DESPISTE,URBANO,AVENIDA,URBANA,INDUSTRIAL,TRAMO RECTO,ASFALTADA
A-2021-04-239,P-2021-04-239-4-1,2021,2021-04-10,14:30,TARDE (12-17),LIMA,LIMA,CONDUCTOR,FALLECIDO,EN EL LUGAR DE LOS HECHOS,,FEMENINO,77,BICICLETA,DESPISTE,URBANO,AVENIDA,URBANA,INDUSTRIAL,TRAMO RECTO,ASFALTADA
A-2021-04-39,P-2021-04-39-1-1,2021,2021-04-10,22:30,NOCHE (18-23),CALLAO,MI PERU,CONDUCTOR,LESIONADO,,CENTRO DE SALUD PÚBLICO,MASCULINO,67,MINIBUS,CHOQUE,URBANO,AVENIDA,URBANA,RESIDENCIAL,TRAMO RECTO,ASFALTADA
A-2021-04-39,P-2021-04-39-2-1,2021,2021-04-10,22:30,NOCHE (18-23),CALLAO,MI PERU,CONDUCTOR,LESIONADO,,CENTRO DE SALUD PÚBLICO,MASCULINO,60,CAMIONETA PICK UP,CHOQUE,URBANO,AVENIDA,URBANA,RESIDENCIAL,TRAMO RECTO,ASFALTADA
A-2021-04-39,P-2021-04-39-3-1,2021,2021-04-10,22:30,NOCHE (18-23),CALLAO,MI PERU,CONDUCTOR,FALLECIDO,EN EL CENTRO DE SALUD,,MASCULINO,37,MOTOCICLETA,CHOQUE,URBANO,AVENIDA,URBANA,RESIDENCIAL,TRAMO RECTO,ASFALTADA
A-2021-04-258,P-2021-04-258-1-1,2021,2021-04-11,04:20,MADRUGADA (00-05),LIMA,LURIN,CONDUCTOR,FALLECIDO,EN EL LUGAR DE LOS HECHOS,,MASCULINO,,MOTOCICLETA,CHOQUE,NACIONAL,CARRETERA,RURAL,INDUSTRIAL,TRAMO RECTO,ASFALTADA
A-2021-04-258,P-2021-04-258-2-1,2021,2021-04-11,04:20,MADRUGADA (00-05),LIMA,LURIN,CONDUCTOR,NO SE CONOCE,,,NO INDICA,,VEHICULO NO IDENTIFICADO,CHOQUE,NACIONAL,CARRETERA,RURAL,INDUSTRIAL,TRAMO RECTO,ASFALTADA
A-2021-04-240,P-2021-04-240-1-1,2021,2021-04-11,09:40,MANANA (06-11),LIMA,SAN JUAN DE LURIGANCHO,CONDUCTOR,ILESO,,,MASCULINO,34,ÓMNIBUS,ATROPELLO,URBANO,CALLE,URBANA,INDUSTRIAL,TRAMO RECTO,ASFALTADA
A-2021-04-240,P-2021-04-240-1-2,2021,2021-04-11,09:40,MANANA (06-11),LIMA,SAN JUAN DE LURIGANCHO,PEATÓN,FALLECIDO,EN EL LUGAR DE LOS HECHOS,,MASCULINO,,ÓMNIBUS,ATROPELLO,URBANO,CALLE,URBANA,INDUSTRIAL,TRAMO RECTO,ASFALTADA
A-2021-04-241,P-2021-04-241-1-1,2021,2021-04-13,21:40,NOCHE (18-23),LIMA,ATE,CONDUCTOR FUGADO,NO SE CONOCE,,,NO INDICA,,VEHICULO NO IDENTIFICADO,ATROPELLO FUGA,NACIONAL,CARRETERA,URBANA,INDUSTRIAL,TRAMO RECTO,ASFALTADA
A-2021-04-241,P-2021-04-241-1-2,2021,2021-04-13,21:40,NOCHE (18-23),LIMA,ATE,PEATÓN,FALLECIDO,EN EL LUGAR DE LOS HECHOS,,NO INDICA,,VEHICULO NO IDENTIFICADO,ATROPELLO FUGA,NACIONAL,CARRETERA,URBANA,INDUSTRIAL,TRAMO RECTO,ASFALTADA
A-2021-04-242,P-2021-04-242-1-1,2021,2021-04-14,17:40,TARDE (12-17),LIMA,PUEBLO LIBRE,CONDUCTOR,ILESO,,,MASCULINO,,ÓMNIBUS,CHOQUE,URBANO,AVENIDA,URBANA,INDUSTRIAL,TRAMO RECTO,ASFALTADA
A-2021-04-242,P-2021-04-242-2-1,2021,2021-04-14,17:40,TARDE (12-17),LIMA,PUEBLO LIBRE,CONDUCTOR,FALLECIDO,EN EL LUGAR DE LOS HECHOS,,MASCULINO,,MOTOCICLETA,CHOQUE,URBANO,AVENIDA,URBANA,INDUSTRIAL,TRAMO RECTO,ASFALTADA
A-2021-04-243,P-2021-04-243-1-1,2021,2021-04-15,13:00,TARDE (12-17),LIMA,LURIGANCHO,CONDUCTOR,ILESO,,,MASCULINO,41,CAMIÓN,CHOQUE,URBANO,AVENIDA,URBANA,RURAL,TRAMO RECTO,ASFALTADA
A-2021-04-243,P-2021-04-243-3-2,2021,2021-04-15,13:00,TARDE (12-17),LIMA,LURIGANCHO,PEATÓN,FALLECIDO,EN EL LUGAR DE LOS HECHOS,,MASCULINO,57,CAMIÓN,CHOQUE,URBANO,AVENIDA,URBANA,RURAL,TRAMO RECTO,ASFALTADA
A-2021-04-243,P-2021-04-243-2-1,2021,2021-04-15,13:00,TARDE (12-17),LIMA,LURIGANCHO,CONDUCTOR,ILESO,,,MASCULINO,41,CAMIONETA RURAL,CHOQUE,URBANO,AVENIDA,URBANA,RURAL,TRAMO RECTO,ASFALTADA
A-2021-04-243,P-2021-04-243-2-2,2021,2021-04-15,13:00,TARDE (12-17),LIMA,LURIGANCHO,PASAJERO,LESIONADO,,CENTRO DE SALUD PÚBLICO,MASCULINO,46,CAMIONETA RURAL,CHOQUE,URBANO,AVENIDA,URBANA,RURAL,TRAMO RECTO,ASFALTADA
A-2021-04-243,P-2021-04-243-2-3,2021,2021-04-15,13:00,TARDE (12-17),LIMA,LURIGANCHO,PASAJERO,LESIONADO,,CENTRO DE SALUD PÚBLICO,FEMENINO,51,CAMIONETA RURAL,CHOQUE,URBANO,AVENIDA,URBANA,RURAL,TRAMO RECTO,ASFALTADA
A-2021-04-243,P-2021-04-243-3-1,2021,2021-04-15,13:00,TARDE (12-17),LIMA,LURIGANCHO,CONDUCTOR,ILESO,,,MASCULINO,52,CAMIÓN,CHOQUE,URBANO,AVENIDA,URBANA,RURAL,TRAMO RECTO,ASFALTADA
A-2021-04-244,P-2021-04-244-1-1,2021,2021-04-16,07:20,MANANA (06-11),LIMA,SAN LUIS,CONDUCTOR,ILESO,,,MASCULINO,21,MOTOCICLETA,ATROPELLO,URBANO,AVENIDA,URBANA,RESIDENCIAL,TRAMO RECTO,ASFALTADA
A-2021-04-244,P-2021-04-244-1-2,2021,2021-04-16,07:20,MANANA (06-11),LIMA,SAN LUIS,PEATÓN,FALLECIDO,EN EL LUGAR DE LOS HECHOS,,MASCULINO,,MOTOCICLETA,ATROPELLO,URBANO,AVENIDA,URBANA,RESIDENCIAL,TRAMO RECTO,ASFALTADA
A-2021-04-84,P-2021-04-84-1-1,2021,2021-04-17,04:45,MADRUGADA (00-05),CALLAO,CALLAO,CONDUCTOR,LESIONADO,,OTRO,MASCULINO,28,AUTOMÓVIL,CHOQUE,URBANO,AVENIDA,URBANA,RESIDENCIAL,TRAMO RECTO,ASFALTADA
A-2021-04-84,P-2021-04-84-1-2,2021,2021-04-17,04:45,MADRUGADA (00-05),CALLAO,CALLAO,PASAJERO,LESIONADO,,OTRO,FEMENINO,24,AUTOMÓVIL,CHOQUE,URBANO,AVENIDA,URBANA,RESIDENCIAL,TRAMO RECTO,ASFALTADA
A-2021-04-84,P-2021-04-84-2-1,2021,2021-04-17,04:45,MADRUGADA (00-05),CALLAO,CALLAO,CONDUCTOR FUGADO,NO SE CONOCE,,,NO INDICA,,CAMIONETA RURAL,CHOQUE,URBANO,AVENIDA,URBANA,RESIDENCIAL,TRAMO RECTO,ASFALTADA
A-2021-04-84,P-2021-04-84-2-2,2021,2021-04-17,04:45,MADRUGADA (00-05),CALLAO,CALLAO,PASAJERO,LESIONADO,,CENTRO DE SALUD PÚBLICO,MASCULINO,22,CAMIONETA RURAL,CHOQUE,URBANO,AVENIDA,URBANA,RESIDENCIAL,TRAMO RECTO,ASFALTADA
A-2021-04-84,P-2021-04-84-2-3,2021,2021-04-17,04:45,MADRUGADA (00-05),CALLAO,CALLAO,PEATÓN,FALLECIDO,EN EL LUGAR DE LOS HECHOS,,MASCULINO,47,CAMIONETA RURAL,CHOQUE,URBANO,AVENIDA,URBANA,RESIDENCIAL,TRAMO RECTO,ASFALTADA
A-2021-04-245,P-2021-04-245-1-1,2021,2021-04-19,19:45,NOCHE (18-23),LIMA,SANTIAGO DE SURCO,CONDUCTOR,ILESO,,,MASCULINO,38,AUTOMÓVIL,ATROPELLO,NACIONAL,CARRETERA,URBANA,INDUSTRIAL,TRAMO RECTO,ASFALTADA
A-2021-04-245,P-2021-04-245-1-2,2021,2021-04-19,19:45,NOCHE (18-23),LIMA,SANTIAGO DE SURCO,PEATÓN,FALLECIDO,EN EL LUGAR DE LOS HECHOS,,MASCULINO,65,AUTOMÓVIL,ATROPELLO,NACIONAL,CARRETERA,URBANA,INDUSTRIAL,TRAMO RECTO,ASFALTADA
A-2021-04-309,P-2021-04-309-1-1,2021,2021-04-21,08:00,MANANA (06-11),CALLAO,CARMEN DE LA LEGUA REYNOSO,CONDUCTOR,ILESO,,,MASCULINO,36,REMOLCADOR-SEMIREMOLQUE,ATROPELLO,URBANO,AVENIDA,URBANA,RESIDENCIAL,TRAMO RECTO,ASFALTADA
A-2021-04-309,P-2021-04-309-1-2,2021,2021-04-21,08:00,MANANA (06-11),CALLAO,CARMEN DE LA LEGUA REYNOSO,PEATÓN,FALLECIDO,EN EL LUGAR DE LOS HECHOS,,FEMENINO,54,REMOLCADOR-SEMIREMOLQUE,ATROPELLO,URBANO,AVENIDA,URBANA,RESIDENCIAL,TRAMO RECTO,ASFALTADA
A-2021-04-246,P-2021-04-246-1-1,2021,2021-04-21,10:00,MANANA (06-11),LIMA,SAN JUAN DE LURIGANCHO,CONDUCTOR,ILESO,,,MASCULINO,32,REMOLCADOR-SEMIREMOLQUE,ATROPELLO,URBANO,AVENIDA,URBANA,COMERCIAL,TRAMO RECTO,ASFALTADA
A-2021-04-246,P-2021-04-246-1-2,2021,2021-04-21,10:00,MANANA (06-11),LIMA,SAN JUAN DE LURIGANCHO,PEATÓN,FALLECIDO,EN EL LUGAR DE LOS HECHOS,,MASCULINO,49,REMOLCADOR-SEMIREMOLQUE,ATROPELLO,URBANO,AVENIDA,URBANA,COMERCIAL,TRAMO RECTO,ASFALTADA
A-2021-04-250,P-2021-04-250-1-1,2021,2021-04-22,22:00,NOCHE (18-23),LIMA,SANTIAGO DE SURCO,CONDUCTOR,ILESO,,,MASCULINO,46,REMOLCADOR-SEMIREMOLQUE,ATROPELLO,NACIONAL,CARRETERA,URBANA,INDUSTRIAL,TRAMO RECTO,ASFALTADA
A-2021-04-250,P-2021-04-250-1-2,2021,2021-04-22,22:00,NOCHE (18-23),LIMA,SANTIAGO DE SURCO,PEATÓN,FALLECIDO,EN EL LUGAR DE LOS HECHOS,,MASCULINO,27,REMOLCADOR-SEMIREMOLQUE,ATROPELLO,NACIONAL,CARRETERA,URBANA,INDUSTRIAL,TRAMO RECTO,ASFALTADA
A-2021-04-140,P-2021-04-140-1-1,2021,2021-04-25,02:15,MADRUGADA (00-05),CALLAO,CALLAO,CONDUCTOR,ILESO,,,MASCULINO,48,CAMIÓN,ATROPELLO,NACIONAL,CARRETERA,URBANA,COMERCIAL,TRAMO RECTO,CONCRETO
A-2021-04-140,P-2021-04-140-1-2,2021,2021-04-25,02:15,MADRUGADA (00-05),CALLAO,CALLAO,PEATÓN,FALLECIDO,EN EL LUGAR DE LOS HECHOS,,MASCULINO,59,CAMIÓN,ATROPELLO,NACIONAL,CARRETERA,URBANA,COMERCIAL,TRAMO RECTO,CONCRETO
A-2021-04-141,P-2021-04-141-1-1,2021,2021-04-25,22:00,NOCHE (18-23),CALLAO,CALLAO,CONDUCTOR,ILESO,,,MASCULINO,38,AUTOMÓVIL,CHOQUE,NACIONAL,CARRETERA,URBANA,COMERCIAL,TRAMO RECTO,CONCRETO
A-2021-04-141,P-2021-04-141-2-1,2021,2021-04-25,22:00,NOCHE (18-23),CALLAO,CALLAO,CONDUCTOR,FALLECIDO,EN EL LUGAR DE LOS HECHOS,,FEMENINO,30,BICICLETA,CHOQUE,NACIONAL,CARRETERA,URBANA,COMERCIAL,TRAMO RECTO,CONCRETO
A-2021-04-252,P-2021-04-252-1-1,2021,2021-04-26,02:00,MADRUGADA (00-05),LIMA,SAN MARTIN DE PORRES,CONDUCTOR FUGADO,NO SE CONOCE,,,NO INDICA,,VEHICULO NO IDENTIFICADO,ATROPELLO FUGA,NACIONAL,CARRETERA,URBANA,INDUSTRIAL,TRAMO RECTO,ASFALTADA
A-2021-04-252,P-2021-04-252-1-2,2021,2021-04-26,02:00,MADRUGADA (00-05),LIMA,SAN MARTIN DE PORRES,PEATÓN,FALLECIDO,EN EL LUGAR DE LOS HECHOS,,MASCULINO,,VEHICULO NO IDENTIFICADO,ATROPELLO FUGA,NACIONAL,CARRETERA,URBANA,INDUSTRIAL,TRAMO RECTO,ASFALTADA
A-2021-04-310,P-2021-04-310-1-1,2021,2021-04-26,07:15,MANANA (06-11),LIMA,EL AGUSTINO,CONDUCTOR,ILESO,,,MASCULINO,63,OTRO,ATROPELLO FUGA,URBANO,OTRO,RURAL,RESIDENCIAL,TRAMO RECTO,EMPEDRADO
A-2021-04-310,P-2021-04-310-1-2,2021,2021-04-26,07:15,MANANA (06-11),LIMA,EL AGUSTINO,PEATÓN,FALLECIDO,EN EL LUGAR DE LOS HECHOS,,MASCULINO,78,OTRO,ATROPELLO FUGA,URBANO,OTRO,RURAL,RESIDENCIAL,TRAMO RECTO,EMPEDRADO
A-2021-04-253,P-2021-04-253-1-1,2021,2021-04-26,12:00,TARDE (12-17),LIMA,SAN JUAN DE LURIGANCHO,CONDUCTOR,FALLECIDO,EN EL LUGAR DE LOS HECHOS,,MASCULINO,30,MOTOCICLETA,CHOQUE CON OBJETO FIJO,URBANO,AVENIDA,URBANA,INDUSTRIAL,TRAMO RECTO,ASFALTADA
A-2021-04-254,P-2021-04-254-1-1,2021,2021-04-26,18:20,NOCHE (18-23),LIMA,LOS OLIVOS,CONDUCTOR,ILESO,,,MASCULINO,51,MINIBUS,ATROPELLO,NACIONAL,CARRETERA,URBANA,INDUSTRIAL,TRAMO RECTO,ASFALTADA
A-2021-04-254,P-2021-04-254-1-2,2021,2021-04-26,18:20,NOCHE (18-23),LIMA,LOS OLIVOS,PEATÓN,FALLECIDO,EN EL LUGAR DE LOS HECHOS,,NO INDICA,,MINIBUS,ATROPELLO,NACIONAL,CARRETERA,URBANA,INDUSTRIAL,TRAMO RECTO,ASFALTADA
A-2021-04-255,P-2021-04-255-1-1,2021,2021-04-26,19:30,NOCHE (18-23),LIMA,SAN JUAN DE LURIGANCHO,CONDUCTOR,ILESO,,,MASCULINO,32,CAMIÓN,ATROPELLO,URBANO,JIRÓN,URBANA,INDUSTRIAL,TRAMO RECTO,ASFALTADA
A-2021-04-255,P-2021-04-255-1-2,2021,2021-04-26,19:30,NOCHE (18-23),LIMA,SAN JUAN DE LURIGANCHO,PEATÓN,FALLECIDO,EN EL LUGAR DE LOS HECHOS,,FEMENINO,76,CAMIÓN,ATROPELLO,URBANO,JIRÓN,URBANA,INDUSTRIAL,TRAMO RECTO,ASFALTADA
A-2021-04-256,P-2021-04-256-1-1,2021,2021-04-26,23:15,NOCHE (18-23),LIMA,CHACLACAYO,CONDUCTOR,ILESO,,,MASCULINO,53,ÓMNIBUS,DESPISTE,NACIONAL,CARRETERA,URBANA,INDUSTRIAL,TRAMO RECTO,ASFALTADA
A-2021-04-256,P-2021-04-256-1-2,2021,2021-04-26,23:15,NOCHE (18-23),LIMA,CHACLACAYO,PASAJERO,LESIONADO,,CENTRO DE SALUD PÚBLICO,MASCULINO,58,ÓMNIBUS,DESPISTE,NACIONAL,CARRETERA,URBANA,INDUSTRIAL,TRAMO RECTO,ASFALTADA
A-2021-04-256,P-2021-04-256-1-3,2021,2021-04-26,23:15,NOCHE (18-23),LIMA,CHACLACAYO,PASAJERO,LESIONADO,,CENTRO DE SALUD PÚBLICO,FEMENINO,60,ÓMNIBUS,DESPISTE,NACIONAL,CARRETERA,URBANA,INDUSTRIAL,TRAMO RECTO,ASFALTADA
A-2021-04-256,P-2021-04-256-2-1,2021,2021-04-26,23:15,NOCHE (18-23),LIMA,CHACLACAYO,CONDUCTOR,FALLECIDO,EN EL LUGAR DE LOS HECHOS,,MASCULINO,,AUTOMÓVIL,DESPISTE,NACIONAL,CARRETERA,URBANA,INDUSTRIAL,TRAMO RECTO,ASFALTADA
A-2021-04-256,P-2021-04-256-2-2,2021,2021-04-26,23:15,NOCHE (18-23),LIMA,CHACLACAYO,PASAJERO,FALLECIDO,EN EL LUGAR DE LOS HECHOS,,MASCULINO,,AUTOMÓVIL,DESPISTE,NACIONAL,CARRETERA,URBANA,INDUSTRIAL,TRAMO RECTO,ASFALTADA
A-2021-04-259,P-2021-04-259-1-1,2021,2021-04-28,04:30,MADRUGADA (00-05),LIMA,LOS OLIVOS,CONDUCTOR,ILESO,,,MASCULINO,59,AUTOMÓVIL,CHOQUE,URBANO,AVENIDA,URBANA,INDUSTRIAL,TRAMO RECTO,ASFALTADA
A-2021-04-259,P-2021-04-259-2-1,2021,2021-04-28,04:30,MADRUGADA (00-05),LIMA,LOS OLIVOS,CONDUCTOR,FALLECIDO,EN EL LUGAR DE LOS HECHOS,,MASCULINO,61,MOTOCICLETA,CHOQUE,URBANO,AVENIDA,URBANA,INDUSTRIAL,TRAMO RECTO,ASFALTADA
A-2021-04-261,P-2021-04-261-1-1,2021,2021-04-28,16:30,TARDE (12-17),LIMA,LURIN,CONDUCTOR,ILESO,,,MASCULINO,33,CAMIÓN,ATROPELLO,URBANO,CALLE,URBANA,INDUSTRIAL,TRAMO RECTO,ASFALTADA
A-2021-04-261,P-2021-04-261-1-2,2021,2021-04-28,16:30,TARDE (12-17),LIMA,LURIN,PEATÓN,FALLECIDO,EN EL LUGAR DE LOS HECHOS,,MASCULINO,,CAMIÓN,ATROPELLO,URBANO,CALLE,URBANA,INDUSTRIAL,TRAMO RECTO,ASFALTADA
A-2021-04-260,P-2021-04-260-1-1,2021,2021-04-29,00:10,MADRUGADA (00-05),LIMA,LOS OLIVOS,CONDUCTOR,FALLECIDO,EN EL LUGAR DE LOS HECHOS,,MASCULINO,27,MOTOCICLETA,CHOQUE,URBANO,AVENIDA,URBANA,INDUSTRIAL,TRAMO RECTO,ASFALTADA
A-2021-04-260,P-2021-04-260-1-2,2021,2021-04-29,00:10,MADRUGADA (00-05),LIMA,LOS OLIVOS,PASAJERO,LESIONADO,,CENTRO DE SALUD PÚBLICO,MASCULINO,21,MOTOCICLETA,CHOQUE,URBANO,AVENIDA,URBANA,INDUSTRIAL,TRAMO RECTO,ASFALTADA
A-2021-04-260,P-2021-04-260-2-1,2021,2021-04-29,00:10,MADRUGADA (00-05),LIMA,LOS OLIVOS,CONDUCTOR,ILESO,,,MASCULINO,64,OTRO,CHOQUE,URBANO,AVENIDA,URBANA,INDUSTRIAL,TRAMO RECTO,ASFALTADA
A-2021-04-200,P-2021-04-200-1-1,2021,2021-04-29,16:00,TARDE (12-17),CALLAO,CALLAO,CONDUCTOR,ILESO,,,MASCULINO,58,REMOLCADOR-SEMIREMOLQUE,ATROPELLO,NACIONAL,CARRETERA,URBANA,COMERCIAL,TRAMO RECTO,CONCRETO
A-2021-04-200,P-2021-04-200-1-2,2021,2021-04-29,16:00,TARDE (12-17),CALLAO,CALLAO,PEATÓN,FALLECIDO,EN EL LUGAR DE LOS HECHOS,,FEMENINO,72,REMOLCADOR-SEMIREMOLQUE,ATROPELLO,NACIONAL,CARRETERA,URBANA,COMERCIAL,TRAMO RECTO,CONCRETO
A-2021-05-124,P-2021-05-124-1-1,2021,2021-05-01,05:30,MADRUGADA (00-05),LIMA,LURIGANCHO,CONDUCTOR,FALLECIDO,EN EL CENTRO DE SALUD,,MASCULINO,27,MOTOCICLETA,CHOQUE FUGA,URBANO,AVENIDA,URBANA,RESIDENCIAL,TRAMO RECTO,ASFALTADA
A-2021-05-124,P-2021-05-124-2-1,2021,2021-05-01,05:30,MADRUGADA (00-05),LIMA,LURIGANCHO,CONDUCTOR FUGADO,NO SE CONOCE,,,NO INDICA,,VEHICULO NO IDENTIFICADO,CHOQUE FUGA,URBANO,AVENIDA,URBANA,RESIDENCIAL,TRAMO RECTO,ASFALTADA
A-2021-05-123,P-2021-05-123-1-1,2021,2021-05-01,15:30,TARDE (12-17),LIMA,COMAS,CONDUCTOR,ILESO,,,MASCULINO,23,MOTOCICLETA,ATROPELLO,URBANO,AVENIDA,URBANA,INDUSTRIAL,TRAMO RECTO,ASFALTADA
A-2021-05-123,P-2021-05-123-1-2,2021,2021-05-01,15:30,TARDE (12-17),LIMA,COMAS,PEATÓN,FALLECIDO,CAMINO AL CENTRO DE SALUD,,FEMENINO,,MOTOCICLETA,ATROPELLO,URBANO,AVENIDA,URBANA,INDUSTRIAL,TRAMO RECTO,ASFALTADA
A-2021-05-125,P-2021-05-125-1-1,2021,2021-05-02,09:00,MANANA (06-11),LIMA,LIMA,CONDUCTOR,FALLECIDO,,,MASCULINO,26,MOTOCICLETA,CHOQUE,URBANO,AVENIDA,URBANA,INDUSTRIAL,TRAMO RECTO,ASFALTADA
A-2021-05-125,P-2021-05-125-2-1,2021,2021-05-02,09:00,MANANA (06-11),LIMA,LIMA,CONDUCTOR,ILESO,,,MASCULINO,48,AUTOMÓVIL,CHOQUE,URBANO,AVENIDA,URBANA,INDUSTRIAL,TRAMO RECTO,ASFALTADA
A-2021-05-126,P-2021-05-126-1-1,2021,2021-05-03,06:00,MANANA (06-11),LIMA,EL AGUSTINO,CONDUCTOR,ILESO,,,MASCULINO,38,AUTOMÓVIL,ATROPELLO,NACIONAL,CARRETERA,URBANA,INDUSTRIAL,TRAMO RECTO,ASFALTADA
A-2021-05-126,P-2021-05-126-1-2,2021,2021-05-03,06:00,MANANA (06-11),LIMA,EL AGUSTINO,PEATÓN,FALLECIDO,EN EL LUGAR DE LOS HECHOS,,NO INDICA,,AUTOMÓVIL,ATROPELLO,NACIONAL,CARRETERA,URBANA,INDUSTRIAL,TRAMO RECTO,ASFALTADA
A-2021-05-127,P-2021-05-127-1-1,2021,2021-05-03,15:30,TARDE (12-17),LIMA,COMAS,CONDUCTOR,ILESO,,,MASCULINO,53,ÓMNIBUS,ATROPELLO,URBANO,AVENIDA,URBANA,INDUSTRIAL,TRAMO RECTO,ASFALTADA
A-2021-05-127,P-2021-05-127-1-2,2021,2021-05-03,15:30,TARDE (12-17),LIMA,COMAS,PEATÓN,FALLECIDO,EN EL LUGAR DE LOS HECHOS,,MASCULINO,,ÓMNIBUS,ATROPELLO,URBANO,AVENIDA,URBANA,INDUSTRIAL,TRAMO RECTO,ASFALTADA
A-2021-05-128,P-2021-05-128-1-1,2021,2021-05-05,21:50,NOCHE (18-23),LIMA,LIMA,CONDUCTOR,NO SE CONOCE,,,MASCULINO,,CAMIONETA RURAL,ATROPELLO,URBANO,AVENIDA,URBANA,INDUSTRIAL,TRAMO RECTO,ASFALTADA
A-2021-05-128,P-2021-05-128-1-2,2021,2021-05-05,21:50,NOCHE (18-23),LIMA,LIMA,PEATÓN,FALLECIDO,EN EL LUGAR DE LOS HECHOS,,NO INDICA,,CAMIONETA RURAL,ATROPELLO,URBANO,AVENIDA,URBANA,INDUSTRIAL,TRAMO RECTO,ASFALTADA
A-2021-05-128,P-2021-05-128-1-3,2021,2021-05-05,21:50,NOCHE (18-23),LIMA,LIMA,PASAJERO,LESIONADO,,CENTRO DE SALUD PÚBLICO,MASCULINO,56,CAMIONETA RURAL,ATROPELLO,URBANO,AVENIDA,URBANA,INDUSTRIAL,TRAMO RECTO,ASFALTADA
A-2021-05-129,P-2021-05-129-1-1,2021,2021-05-06,13:45,TARDE (12-17),LIMA,CHACLACAYO,CONDUCTOR,ILESO,,,MASCULINO,24,AUTOMÓVIL,ATROPELLO,NACIONAL,CARRETERA,URBANA,INDUSTRIAL,TRAMO RECTO,CONCRETO
A-2021-05-129,P-2021-05-129-1-2,2021,2021-05-06,13:45,TARDE (12-17),LIMA,CHACLACAYO,PEATÓN,FALLECIDO,EN EL LUGAR DE LOS HECHOS,,FEMENINO,,AUTOMÓVIL,ATROPELLO,NACIONAL,CARRETERA,URBANA,INDUSTRIAL,TRAMO RECTO,CONCRETO
A-2021-05-130,P-2021-05-130-1-1,2021,2021-05-09,02:00,MADRUGADA (00-05),LIMA,SAN JUAN DE MIRAFLORES,CONDUCTOR,ILESO,,,MASCULINO,34,AUTOMÓVIL,ATROPELLO,NACIONAL,CARRETERA,URBANA,INDUSTRIAL,TRAMO RECTO,ASFALTADA
A-2021-05-130,P-2021-05-130-1-2,2021,2021-05-09,02:00,MADRUGADA (00-05),LIMA,SAN JUAN DE MIRAFLORES,PEATÓN,FALLECIDO,EN EL LUGAR DE LOS HECHOS,,FEMENINO,47,AUTOMÓVIL,ATROPELLO,NACIONAL,CARRETERA,URBANA,INDUSTRIAL,TRAMO RECTO,ASFALTADA
A-2021-05-131,P-2021-05-131-1-1,2021,2021-05-10,22:00,NOCHE (18-23),LIMA,LOS OLIVOS,CONDUCTOR FUGADO,NO SE CONOCE,,,NO INDICA,,VEHICULO NO IDENTIFICADO,ATROPELLO FUGA,NACIONAL,CARRETERA,URBANA,INDUSTRIAL,TRAMO RECTO,CONCRETO
A-2021-05-131,P-2021-05-131-1-2,2021,2021-05-10,22:00,NOCHE (18-23),LIMA,LOS OLIVOS,PEATÓN,FALLECIDO,EN EL LUGAR DE LOS HECHOS,,MASCULINO,61,VEHICULO NO IDENTIFICADO,ATROPELLO FUGA,NACIONAL,CARRETERA,URBANA,INDUSTRIAL,TRAMO RECTO,CONCRETO
A-2021-05-132,P-2021-05-132-1-1,2021,2021-05-14,17:45,TARDE (12-17),LIMA,SANTA ANITA,CONDUCTOR,ILESO,,,MASCULINO,58,STATION WAGON,ATROPELLO,URBANO,AVENIDA,URBANA,INDUSTRIAL,TRAMO RECTO,ASFALTADA
A-2021-05-132,P-2021-05-132-1-2,2021,2021-05-14,17:45,TARDE (12-17),LIMA,SANTA ANITA,PEATÓN,FALLECIDO,EN EL LUGAR DE LOS HECHOS,,MASCULINO,83,STATION WAGON,ATROPELLO,URBANO,AVENIDA,URBANA,INDUSTRIAL,TRAMO RECTO,ASFALTADA
A-2021-05-80,P-2021-05-80-1-1,2021,2021-05-17,16:10,TARDE (12-17),CALLAO,VENTANILLA,CONDUCTOR,ILESO,,,MASCULINO,59,CAMIÓN,ATROPELLO,NACIONAL,CARRETERA,URBANA,COMERCIAL,TRAMO RECTO,ASFALTADA
A-2021-05-80,P-2021-05-80-1-2,2021,2021-05-17,16:10,TARDE (12-17),CALLAO,VENTANILLA,PEATÓN,FALLECIDO,EN EL LUGAR DE LOS HECHOS,,MASCULINO,22,CAMIÓN,ATROPELLO,NACIONAL,CARRETERA,URBANA,COMERCIAL,TRAMO RECTO,ASFALTADA
A-2021-05-133,P-2021-05-133-1-1,2021,2021-05-18,12:00,TARDE (12-17),LIMA,ATE,CONDUCTOR,ILESO,,,MASCULINO,34,CAMIONETA PANEL,CHOQUE,NACIONAL,CARRETERA,URBANA,INDUSTRIAL,TRAMO RECTO,ASFALTADA
A-2021-05-133,P-2021-05-133-2-1,2021,2021-05-18,12:00,TARDE (12-17),LIMA,ATE,CONDUCTOR,FALLECIDO,EN EL LUGAR DE LOS HECHOS,,NO INDICA,,BICICLETA,CHOQUE,NACIONAL,CARRETERA,URBANA,INDUSTRIAL,TRAMO RECTO,ASFALTADA
A-2021-05-134,P-2021-05-134-1-1,2021,2021-05-20,07:10,MANANA (06-11),LIMA,LA MOLINA,CONDUCTOR,FALLECIDO,EN EL LUGAR DE LOS HECHOS,,MASCULINO,,MOTOCICLETA,VOLCADURA,URBANO,AVENIDA,URBANA,INDUSTRIAL,TRAMO RECTO,ASFALTADA
A-2021-05-116,P-2021-05-116-1-1,2021,2021-05-22,21:00,NOCHE (18-23),CALLAO,LA PERLA,CONDUCTOR,FALLECIDO,EN EL CENTRO DE SALUD,,MASCULINO,65,AUTOMÓVIL,DESPISTE,URBANO,AVENIDA,URBANA,RESIDENCIAL,TRAMO RECTO,ASFALTADA
A-2021-05-311,P-2021-05-311-1-1,2021,2021-05-26,07:00,MANANA (06-11),LIMA,LURIN,CONDUCTOR,FALLECIDO,EN EL LUGAR DE LOS HECHOS,,MASCULINO,29,MOTOCICLETA,CHOQUE,NACIONAL,CARRETERA,URBANA,RESIDENCIAL,TRAMO RECTO,ASFALTADA
A-2021-05-311,P-2021-05-311-2-1,2021,2021-05-26,07:00,MANANA (06-11),LIMA,LURIN,CONDUCTOR,ILESO,,,MASCULINO,48,ÓMNIBUS,CHOQUE,NACIONAL,CARRETERA,URBANA,RESIDENCIAL,TRAMO RECTO,ASFALTADA
A-2021-05-312,P-2021-05-312-1-1,2021,2021-05-27,17:40,TARDE (12-17),LIMA,COMAS,CONDUCTOR,ILESO,,,MASCULINO,,ÓMNIBUS,ATROPELLO,URBANO,AVENIDA,URBANA,RESIDENCIAL,INTERSECCIÓN,ASFALTADA
A-2021-05-312,P-2021-05-312-1-2,2021,2021-05-27,17:40,TARDE (12-17),LIMA,COMAS,PEATÓN,FALLECIDO,EN EL LUGAR DE LOS HECHOS,,MASCULINO,48,ÓMNIBUS,ATROPELLO,URBANO,AVENIDA,URBANA,RESIDENCIAL,INTERSECCIÓN,ASFALTADA
A-2021-05-313,P-2021-05-313-1-1,2021,2021-05-28,19:00,NOCHE (18-23),LIMA,LURIN,CONDUCTOR,ILESO,,,MASCULINO,35,AUTOMÓVIL,ATROPELLO,NACIONAL,CARRETERA,URBANA,RESIDENCIAL,TRAMO RECTO,ASFALTADA
A-2021-05-313,P-2021-05-313-1-2,2021,2021-05-28,19:00,NOCHE (18-23),LIMA,LURIN,PEATÓN,FALLECIDO,EN EL CENTRO DE SALUD,,MASCULINO,,AUTOMÓVIL,ATROPELLO,NACIONAL,CARRETERA,URBANA,RESIDENCIAL,TRAMO RECTO,ASFALTADA
A-2021-05-313,P-2021-05-313-1-3,2021,2021-05-28,19:00,NOCHE (18-23),LIMA,LURIN,PEATÓN,FALLECIDO,EN EL CENTRO DE SALUD,,MASCULINO,,AUTOMÓVIL,ATROPELLO,NACIONAL,CARRETERA,URBANA,RESIDENCIAL,TRAMO RECTO,ASFALTADA
A-2021-05-314,P-2021-05-314-1-1,2021,2021-05-29,18:30,NOCHE (18-23),LIMA,SAN JUAN DE LURIGANCHO,CONDUCTOR,FALLECIDO,EN EL CENTRO DE SALUD,,MASCULINO,26,TRICICLO MOTORIZADO,CHOQUE,URBANO,CALLE,URBANA,RESIDENCIAL,TRAMO RECTO,ASFALTADA
A-2021-05-314,P-2021-05-314-2-1,2021,2021-05-29,18:30,NOCHE (18-23),LIMA,SAN JUAN DE LURIGANCHO,CONDUCTOR,NO SE CONOCE,,,MASCULINO,,CAMIONETA RURAL,CHOQUE,URBANO,CALLE,URBANA,RESIDENCIAL,TRAMO RECTO,ASFALTADA
A-2021-05-315,P-2021-05-315-1-1,2021,2021-05-31,08:20,MANANA (06-11),LIMA,CHORRILLOS,CONDUCTOR,ILESO,,,MASCULINO,47,CAMIONETA RURAL,ATROPELLO,URBANO,CALLE,URBANA,RESIDENCIAL,TRAMO RECTO,ASFALTADA
A-2021-05-315,P-2021-05-315-1-2,2021,2021-05-31,08:20,MANANA (06-11),LIMA,CHORRILLOS,PEATÓN,FALLECIDO,EN EL CENTRO DE SALUD,,MASCULINO,,CAMIONETA RURAL,ATROPELLO,URBANO,CALLE,URBANA,RESIDENCIAL,TRAMO RECTO,ASFALTADA
A-2021-06-100,P-2021-06-100-1-1,2021,2021-06-01,08:15,MANANA (06-11),LIMA,LOS OLIVOS,CONDUCTOR,ILESO,,,MASCULINO,,REMOLCADOR,ATROPELLO,URBANO,AVENIDA,URBANA,INDUSTRIAL,TRAMO RECTO,ASFALTADA
A-2021-06-100,P-2021-06-100-1-2,2021,2021-06-01,08:15,MANANA (06-11),LIMA,LOS OLIVOS,PEATÓN,FALLECIDO,EN EL LUGAR DE LOS HECHOS,,MASCULINO,83,REMOLCADOR,ATROPELLO,URBANO,AVENIDA,URBANA,INDUSTRIAL,TRAMO RECTO,ASFALTADA
A-2021-06-101,P-2021-06-101-1-1,2021,2021-06-01,10:00,MANANA (06-11),LIMA,PUENTE PIEDRA,CONDUCTOR,ILESO,,,MASCULINO,26,REMOLCADOR,ATROPELLO,NACIONAL,CARRETERA,URBANA,INDUSTRIAL,TRAMO RECTO,CONCRETO
A-2021-06-101,P-2021-06-101-1-2,2021,2021-06-01,10:00,MANANA (06-11),LIMA,PUENTE PIEDRA,PEATÓN,FALLECIDO,EN EL CENTRO DE SALUD,,MASCULINO,28,REMOLCADOR,ATROPELLO,NACIONAL,CARRETERA,URBANA,INDUSTRIAL,TRAMO RECTO,CONCRETO
A-2021-06-102,P-2021-06-102-1-1,2021,2021-06-01,21:30,NOCHE (18-23),LIMA,CHACLACAYO,CONDUCTOR,ILESO,,,MASCULINO,37,ÓMNIBUS,CHOQUE,NACIONAL,CARRETERA,URBANA,INDUSTRIAL,TRAMO RECTO,CONCRETO
A-2021-06-102,P-2021-06-102-2-1,2021,2021-06-01,21:30,NOCHE (18-23),LIMA,CHACLACAYO,CONDUCTOR,FALLECIDO,EN EL LUGAR DE LOS HECHOS,,MASCULINO,51,TRIMOTO CARGA,CHOQUE,NACIONAL,CARRETERA,URBANA,INDUSTRIAL,TRAMO RECTO,CONCRETO
A-2021-06-293,P-2021-06-293-1-1,2021,2021-06-03,04:40,MADRUGADA (00-05),CALLAO,CARMEN DE LA LEGUA REYNOSO,CONDUCTOR FUGADO,NO SE CONOCE,,,NO INDICA,,VEHICULO NO IDENTIFICADO,ATROPELLO FUGA,URBANO,AVENIDA,URBANA,,,
A-2021-06-293,P-2021-06-293-1-2,2021,2021-06-03,04:40,MADRUGADA (00-05),CALLAO,CARMEN DE LA LEGUA REYNOSO,PEATÓN,FALLECIDO,,,MASCULINO,44,VEHICULO NO IDENTIFICADO,ATROPELLO FUGA,URBANO,AVENIDA,URBANA,,,
A-2021-06-103,P-2021-06-103-1-1,2021,2021-06-03,13:10,TARDE (12-17),LIMA,VILLA EL SALVADOR,CONDUCTOR,ILESO,,,MASCULINO,63,REMOLCADOR,CHOQUE,URBANO,AVENIDA,URBANA,INDUSTRIAL,TRAMO RECTO,ASFALTADA
A-2021-06-103,P-2021-06-103-2-1,2021,2021-06-03,13:10,TARDE (12-17),LIMA,VILLA EL SALVADOR,CONDUCTOR,FALLECIDO,EN EL LUGAR DE LOS HECHOS,,MASCULINO,39,TRIMOTO PASAJERO,CHOQUE,URBANO,AVENIDA,URBANA,INDUSTRIAL,TRAMO RECTO,ASFALTADA
A-2021-06-111,P-2021-06-111-1-1,2021,2021-06-03,17:00,TARDE (12-17),LIMA,LIMA,CONDUCTOR,ILESO,,,MASCULINO,55,CAMIÓN,CHOQUE,URBANO,JIRÓN,URBANA,INDUSTRIAL,TRAMO RECTO,ASFALTADA
A-2021-06-111,P-2021-06-111-2-1,2021,2021-06-03,17:00,TARDE (12-17),LIMA,LIMA,CONDUCTOR,FALLECIDO,EN EL LUGAR DE LOS HECHOS,,MASCULINO,63,CAMIONETA PICK UP,CHOQUE,URBANO,JIRÓN,URBANA,INDUSTRIAL,TRAMO RECTO,ASFALTADA
A-2021-06-112,P-2021-06-112-1-1,2021,2021-06-04,08:30,MANANA (06-11),LIMA,LA MOLINA,CONDUCTOR,ILESO,,,MASCULINO,23,MOTOCICLETA,ATROPELLO,URBANO,AVENIDA,URBANA,INDUSTRIAL,TRAMO RECTO,ASFALTADA
A-2021-06-112,P-2021-06-112-1-2,2021,2021-06-04,08:30,MANANA (06-11),LIMA,LA MOLINA,PEATÓN,FALLECIDO,EN EL LUGAR DE LOS HECHOS,,FEMENINO,,MOTOCICLETA,ATROPELLO,URBANO,AVENIDA,URBANA,INDUSTRIAL,TRAMO RECTO,ASFALTADA
A-2021-06-271,P-2021-06-271-1-1,2021,2021-06-05,19:30,NOCHE (18-23),CALLAO,CALLAO,CONDUCTOR,ILESO,,,MASCULINO,64,MINIBUS,ATROPELLO,NACIONAL,CARRETERA,URBANA,COMERCIAL,TRAMO RECTO,ASFALTADA
A-2021-06-271,P-2021-06-271-1-2,2021,2021-06-05,19:30,NOCHE (18-23),CALLAO,CALLAO,PEATÓN,FALLECIDO,EN EL CENTRO DE SALUD,,MASCULINO,45,MINIBUS,ATROPELLO,NACIONAL,CARRETERA,URBANA,COMERCIAL,TRAMO RECTO,ASFALTADA
A-2021-06-31,P-2021-06-31-1-1,2021,2021-06-06,02:05,MADRUGADA (00-05),CALLAO,MI PERU,CONDUCTOR,LESIONADO,,CENTRO DE SALUD PÚBLICO,MASCULINO,32,AUTOMÓVIL,DESPISTE,URBANO,AVENIDA,URBANA,COMERCIAL,TRAMO RECTO,ASFALTADA
A-2021-06-31,P-2021-06-31-1-2,2021,2021-06-06,02:05,MADRUGADA (00-05),CALLAO,MI PERU,PASAJERO,FALLECIDO,EN EL CENTRO DE SALUD,,MASCULINO,31,AUTOMÓVIL,DESPISTE,URBANO,AVENIDA,URBANA,COMERCIAL,TRAMO RECTO,ASFALTADA
A-2021-06-113,P-2021-06-113-1-1,2021,2021-06-06,23:10,NOCHE (18-23),LIMA,SANTIAGO DE SURCO,CONDUCTOR,FALLECIDO,EN EL LUGAR DE LOS HECHOS,,MASCULINO,,MOTOCICLETA,VOLCADURA,URBANO,AVENIDA,URBANA,INDUSTRIAL,TRAMO RECTO,CONCRETO
A-2021-06-114,P-2021-06-114-1-1,2021,2021-06-09,10:00,MANANA (06-11),LIMA,EL AGUSTINO,CONDUCTOR,ILESO,,,MASCULINO,43,REMOLCADOR,CHOQUE,NACIONAL,CARRETERA,URBANA,INDUSTRIAL,TRAMO RECTO,CONCRETO
A-2021-06-114,P-2021-06-114-2-1,2021,2021-06-09,10:00,MANANA (06-11),LIMA,EL AGUSTINO,CONDUCTOR,FALLECIDO,EN EL LUGAR DE LOS HECHOS,,MASCULINO,,CAMIÓN,CHOQUE,NACIONAL,CARRETERA,URBANA,INDUSTRIAL,TRAMO RECTO,CONCRETO
A-2021-06-115,P-2021-06-115-1-1,2021,2021-06-09,18:45,NOCHE (18-23),LIMA,PUEBLO LIBRE,CONDUCTOR,ILESO,,,MASCULINO,36,CAMIONETA PICK UP,ATROPELLO,URBANO,AVENIDA,URBANA,INDUSTRIAL,TRAMO RECTO,ASFALTADA
A-2021-06-115,P-2021-06-115-1-2,2021,2021-06-09,18:45,NOCHE (18-23),LIMA,PUEBLO LIBRE,PEATÓN,FALLECIDO,EN EL LUGAR DE LOS HECHOS,,FEMENINO,58,CAMIONETA PICK UP,ATROPELLO,URBANO,AVENIDA,URBANA,INDUSTRIAL,TRAMO RECTO,ASFALTADA
A-2021-06-74,P-2021-06-74-1-1,2021,2021-06-11,09:00,MANANA (06-11),LIMA,SANTIAGO DE SURCO,CONDUCTOR,ILESO,,,MASCULINO,34,REMOLCADOR,CHOQUE,URBANO,AVENIDA,URBANA,INDUSTRIAL,TRAMO RECTO,CONCRETO
A-2021-06-74,P-2021-06-74-2-1,2021,2021-06-11,09:00,MANANA (06-11),LIMA,SANTIAGO DE SURCO,CONDUCTOR,ILESO,,,MASCULINO,,AUTOMÓVIL,CHOQUE,URBANO,AVENIDA,URBANA,INDUSTRIAL,TRAMO RECTO,CONCRETO
A-2021-06-74,P-2021-06-74-3-1,2021,2021-06-11,09:00,MANANA (06-11),LIMA,SANTIAGO DE SURCO,CONDUCTOR,FALLECIDO,EN EL LUGAR DE LOS HECHOS,,FEMENINO,67,BICICLETA,CHOQUE,URBANO,AVENIDA,URBANA,INDUSTRIAL,TRAMO RECTO,CONCRETO
A-2021-06-116,P-2021-06-116-1-1,2021,2021-06-15,12:30,TARDE (12-17),LIMA,VILLA MARIA DEL TRIUNFO,CONDUCTOR,ILESO,,,MASCULINO,60,ÓMNIBUS,ATROPELLO,URBANO,AVENIDA,URBANA,INDUSTRIAL,TRAMO RECTO,ASFALTADA
A-2021-06-116,P-2021-06-116-1-2,2021,2021-06-15,12:30,TARDE (12-17),LIMA,VILLA MARIA DEL TRIUNFO,PEATÓN,FALLECIDO,EN EL LUGAR DE LOS HECHOS,,NO INDICA,,ÓMNIBUS,ATROPELLO,URBANO,AVENIDA,URBANA,INDUSTRIAL,TRAMO RECTO,ASFALTADA
A-2021-06-117,P-2021-06-117-1-1,2021,2021-06-16,08:00,MANANA (06-11),LIMA,SAN MARTIN DE PORRES,CONDUCTOR,FALLECIDO,EN EL LUGAR DE LOS HECHOS,,MASCULINO,,MOTOCICLETA,DESPISTE,URBANO,AVENIDA,URBANA,INDUSTRIAL,TRAMO RECTO,ASFALTADA
A-2021-06-117,P-2021-06-117-2-1,2021,2021-06-16,08:00,MANANA (06-11),LIMA,SAN MARTIN DE PORRES,CONDUCTOR,ILESO,,,MASCULINO,39,ÓMNIBUS,DESPISTE,URBANO,AVENIDA,URBANA,INDUSTRIAL,TRAMO RECTO,ASFALTADA
A-2021-06-117,P-2021-06-117-3-1,2021,2021-06-16,08:00,MANANA (06-11),LIMA,SAN MARTIN DE PORRES,CONDUCTOR,ILESO,,,MASCULINO,47,AUTOMÓVIL,DESPISTE,URBANO,AVENIDA,URBANA,INDUSTRIAL,TRAMO RECTO,ASFALTADA
A-2021-06-125,P-2021-06-125-1-1,2021,2021-06-19,12:50,TARDE (12-17),LIMA,BARRANCO,CONDUCTOR,ILESO,,,MASCULINO,69,ÓMNIBUS,CHOQUE,URBANO,AVENIDA,URBANA,INDUSTRIAL,TRAMO RECTO,ASFALTADA
A-2021-06-125,P-2021-06-125-2-1,2021,2021-06-19,12:50,TARDE (12-17),LIMA,BARRANCO,CONDUCTOR,FALLECIDO,EN EL LUGAR DE LOS HECHOS,,MASCULINO,24,MOTOCICLETA,CHOQUE,URBANO,AVENIDA,URBANA,INDUSTRIAL,TRAMO RECTO,ASFALTADA
A-2021-06-145,P-2021-06-145-1-1,2021,2021-06-19,23:30,NOCHE (18-23),CALLAO,CALLAO,PEATÓN,FALLECIDO,EN EL LUGAR DE LOS HECHOS,,MASCULINO,50,VEHICULO NO IDENTIFICADO,ATROPELLO FUGA,NACIONAL,CARRETERA,URBANA,COMERCIAL,TRAMO RECTO,ASFALTADA
A-2021-06-145,P-2021-06-145-1-2,2021,2021-06-19,23:30,NOCHE (18-23),CALLAO,CALLAO,CONDUCTOR FUGADO,NO SE CONOCE,,,NO INDICA,,VEHICULO NO IDENTIFICADO,ATROPELLO FUGA,NACIONAL,CARRETERA,URBANA,COMERCIAL,TRAMO RECTO,ASFALTADA
A-2021-06-245,P-2021-06-245-1-1,2021,2021-06-21,05:50,MADRUGADA (00-05),LIMA,LURIN,PEATÓN,FALLECIDO,EN EL LUGAR DE LOS HECHOS,,MASCULINO,63,VEHICULO NO IDENTIFICADO,ATROPELLO FUGA,NACIONAL,CARRETERA,URBANA,INDUSTRIAL,TRAMO RECTO,ASFALTADA
A-2021-06-245,P-2021-06-245-1-2,2021,2021-06-21,05:50,MADRUGADA (00-05),LIMA,LURIN,CONDUCTOR FUGADO,NO SE CONOCE,,,NO INDICA,,VEHICULO NO IDENTIFICADO,ATROPELLO FUGA,NACIONAL,CARRETERA,URBANA,INDUSTRIAL,TRAMO RECTO,ASFALTADA
A-2021-06-246,P-2021-06-246-1-1,2021,2021-06-21,12:20,TARDE (12-17),LIMA,ATE,CONDUCTOR,ILESO,,,MASCULINO,,ÓMNIBUS,ATROPELLO,URBANO,AVENIDA,URBANA,RESIDENCIAL,TRAMO RECTO,ASFALTADA
A-2021-06-246,P-2021-06-246-1-2,2021,2021-06-21,12:20,TARDE (12-17),LIMA,ATE,PEATÓN,FALLECIDO,EN EL LUGAR DE LOS HECHOS,,NO INDICA,,ÓMNIBUS,ATROPELLO,URBANO,AVENIDA,URBANA,RESIDENCIAL,TRAMO RECTO,ASFALTADA
A-2021-06-247,P-2021-06-247-1-1,2021,2021-06-21,13:45,TARDE (12-17),LIMA,VILLA EL SALVADOR,CONDUCTOR,LESIONADO,,CENTRO DE SALUD PÚBLICO,MASCULINO,66,TRIMOTO CARGA,CHOQUE,URBANO,AVENIDA,RURAL,COMERCIAL,TRAMO RECTO,ASFALTADA
A-2021-06-247,P-2021-06-247-1-2,2021,2021-06-21,13:45,TARDE (12-17),LIMA,VILLA EL SALVADOR,PASAJERO,FALLECIDO,EN EL LUGAR DE LOS HECHOS,,MASCULINO,,TRIMOTO CARGA,CHOQUE,URBANO,AVENIDA,RURAL,COMERCIAL,TRAMO RECTO,ASFALTADA
A-2021-06-247,P-2021-06-247-2-1,2021,2021-06-21,13:45,TARDE (12-17),LIMA,VILLA EL SALVADOR,CONDUCTOR,ILESO,,,MASCULINO,39,CAMIÓN,CHOQUE,URBANO,AVENIDA,RURAL,COMERCIAL,TRAMO RECTO,ASFALTADA
A-2021-06-247,P-2021-06-247-2-2,2021,2021-06-21,13:45,TARDE (12-17),LIMA,VILLA EL SALVADOR,PASAJERO,LESIONADO,,OTRO,FEMENINO,0,CAMIÓN,CHOQUE,URBANO,AVENIDA,RURAL,COMERCIAL,TRAMO RECTO,ASFALTADA
A-2021-06-249,P-2021-06-249-1-1,2021,2021-06-21,22:50,NOCHE (18-23),LIMA,LURIGANCHO,CONDUCTOR,ILESO,,,MASCULINO,54,AUTOMÓVIL,CHOQUE,NACIONAL,CARRETERA,URBANA,COMERCIAL,TRAMO RECTO,CONCRETO
A-2021-06-249,P-2021-06-249-2-1,2021,2021-06-21,22:50,NOCHE (18-23),LIMA,LURIGANCHO,CONDUCTOR,FALLECIDO,EN EL LUGAR DE LOS HECHOS,,MASCULINO,27,MOTOCICLETA,CHOQUE,NACIONAL,CARRETERA,URBANA,COMERCIAL,TRAMO RECTO,CONCRETO
A-2021-06-248,P-2021-06-248-1-1,2021,2021-06-22,02:30,MADRUGADA (00-05),LIMA,INDEPENDENCIA,CONDUCTOR FUGADO,NO SE CONOCE,,,NO INDICA,,CAMIONETA RURAL,ATROPELLO FUGA,NACIONAL,CARRETERA,URBANA,RESIDENCIAL,TRAMO RECTO,ASFALTADA
A-2021-06-248,P-2021-06-248-1-2,2021,2021-06-22,02:30,MADRUGADA (00-05),LIMA,INDEPENDENCIA,PEATÓN,FALLECIDO,EN EL LUGAR DE LOS HECHOS,,NO INDICA,,CAMIONETA RURAL,ATROPELLO FUGA,NACIONAL,CARRETERA,URBANA,RESIDENCIAL,TRAMO RECTO,ASFALTADA
A-2021-06-250,P-2021-06-250-1-1,2021,2021-06-22,13:35,TARDE (12-17),LIMA,LOS OLIVOS,CONDUCTOR,ILESO,,,MASCULINO,,CAMIONETA PICK UP,CHOQUE,URBANO,AVENIDA,URBANA,COMERCIAL,TRAMO RECTO,ASFALTADA
A-2021-06-250,P-2021-06-250-2-1,2021,2021-06-22,13:35,TARDE (12-17),LIMA,LOS OLIVOS,CONDUCTOR,FALLECIDO,EN EL LUGAR DE LOS HECHOS,,MASCULINO,,MOTOCICLETA,CHOQUE,URBANO,AVENIDA,URBANA,COMERCIAL,TRAMO RECTO,ASFALTADA
A-2021-06-251,P-2021-06-251-1-1,2021,2021-06-22,21:30,NOCHE (18-23),LIMA,LURIN,CONDUCTOR,NO SE CONOCE,,,MASCULINO,27,AUTOMÓVIL,ATROPELLO,URBANO,AVENIDA,URBANA,COMERCIAL,TRAMO RECTO,ASFALTADA
A-2021-06-251,P-2021-06-251-1-2,2021,2021-06-22,21:30,NOCHE (18-23),LIMA,LURIN,PEATÓN,FALLECIDO,EN EL LUGAR DE LOS HECHOS,,FEMENINO,46,AUTOMÓVIL,ATROPELLO,URBANO,AVENIDA,URBANA,COMERCIAL,TRAMO RECTO,ASFALTADA
A-2021-06-252,P-2021-06-252-1-1,2021,2021-06-23,00:50,MADRUGADA (00-05),LIMA,LOS OLIVOS,CONDUCTOR,FALLECIDO,,,NO INDICA,,MOTOCICLETA,DESPISTE,URBANO,AVENIDA,URBANA,INDUSTRIAL,TRAMO RECTO,ASFALTADA
A-2021-06-252,P-2021-06-252-1-2,2021,2021-06-23,00:50,MADRUGADA (00-05),LIMA,LOS OLIVOS,PASAJERO,LESIONADO,,OTRO,MASCULINO,,MOTOCICLETA,DESPISTE,URBANO,AVENIDA,URBANA,INDUSTRIAL,TRAMO RECTO,ASFALTADA
A-2021-06-258,P-2021-06-258-1-1,2021,2021-06-23,14:30,TARDE (12-17),LIMA,ATE,CONDUCTOR FUGADO,NO SE CONOCE,,,MASCULINO,41,VEHICULO NO IDENTIFICADO,ATROPELLO FUGA,URBANO,AVENIDA,URBANA,COMERCIAL,TRAMO RECTO,ASFALTADA
A-2021-06-258,P-2021-06-258-1-2,2021,2021-06-23,14:30,TARDE (12-17),LIMA,ATE,PEATÓN,FALLECIDO,EN EL LUGAR DE LOS HECHOS,,MASCULINO,41,VEHICULO NO IDENTIFICADO,ATROPELLO FUGA,URBANO,AVENIDA,URBANA,COMERCIAL,TRAMO RECTO,ASFALTADA
A-2021-06-257,P-2021-06-257-1-1,2021,2021-06-23,15:40,TARDE (12-17),LIMA,LIMA,PEATÓN,FALLECIDO,EN EL LUGAR DE LOS HECHOS,,NO INDICA,,VEHICULO NO IDENTIFICADO,ATROPELLO FUGA,URBANO,AVENIDA,URBANA,COMERCIAL,TRAMO RECTO,CONCRETO
A-2021-06-257,P-2021-06-257-1-2,2021,2021-06-23,15:40,TARDE (12-17),LIMA,LIMA,CONDUCTOR FUGADO,NO SE CONOCE,,,NO INDICA,,VEHICULO NO IDENTIFICADO,ATROPELLO FUGA,URBANO,AVENIDA,URBANA,COMERCIAL,TRAMO RECTO,CONCRETO
A-2021-06-259,P-2021-06-259-1-1,2021,2021-06-24,18:30,NOCHE (18-23),LIMA,ATE,CONDUCTOR,ILESO,,,MASCULINO,21,TRIMOTO PASAJERO,CHOQUE,URBANO,CALLE,URBANA,COMERCIAL,TRAMO RECTO,ASFALTADA
A-2021-06-259,P-2021-06-259-2-2,2021,2021-06-24,18:30,NOCHE (18-23),LIMA,ATE,PASAJERO,FALLECIDO,EN EL LUGAR DE LOS HECHOS,,MASCULINO,35,TRIMOTO PASAJERO,CHOQUE,URBANO,CALLE,URBANA,COMERCIAL,TRAMO RECTO,ASFALTADA
A-2021-06-259,P-2021-06-259-2-1,2021,2021-06-24,18:30,NOCHE (18-23),LIMA,ATE,CONDUCTOR,ILESO,,,MASCULINO,32,CAMIONETA RURAL,CHOQUE,URBANO,CALLE,URBANA,COMERCIAL,TRAMO RECTO,ASFALTADA
A-2021-06-294,P-2021-06-294-1-1,2021,2021-06-25,05:35,MADRUGADA (00-05),CALLAO,VENTANILLA,CONDUCTOR,ILESO,,,MASCULINO,35,REMOLCADOR-SEMIREMOLQUE,CHOQUE,NACIONAL,CARRETERA,URBANA,COMERCIAL,TRAMO RECTO,ASFALTADA
A-2021-06-294,P-2021-06-294-2-1,2021,2021-06-25,05:35,MADRUGADA (00-05),CALLAO,VENTANILLA,CONDUCTOR,FALLECIDO,EN EL LUGAR DE LOS HECHOS,,MASCULINO,42,TRIMOTO PASAJERO,CHOQUE,NACIONAL,CARRETERA,URBANA,COMERCIAL,TRAMO RECTO,ASFALTADA
A-2021-06-260,P-2021-06-260-1-2,2021,2021-06-25,12:30,TARDE (12-17),LIMA,RIMAC,PEATÓN,FALLECIDO,EN EL LUGAR DE LOS HECHOS,,NO INDICA,,VEHICULO NO IDENTIFICADO,ATROPELLO FUGA,NACIONAL,CARRETERA,URBANA,INDUSTRIAL,TRAMO RECTO,ASFALTADA
A-2021-06-260,P-2021-06-260-1-3,2021,2021-06-25,12:30,TARDE (12-17),LIMA,RIMAC,CONDUCTOR FUGADO,NO SE CONOCE,,,NO INDICA,,VEHICULO NO IDENTIFICADO,ATROPELLO FUGA,NACIONAL,CARRETERA,URBANA,INDUSTRIAL,TRAMO RECTO,ASFALTADA
A-2021-06-358,P-2021-06-358-1-1,2021,2021-06-27,17:30,TARDE (12-17),CALLAO,CALLAO,CONDUCTOR FUGADO,NO SE CONOCE,,,NO INDICA,,VEHICULO NO IDENTIFICADO,ATROPELLO FUGA,NACIONAL,CARRETERA,URBANA,INDUSTRIAL,TRAMO RECTO,ASFALTADA
A-2021-06-358,P-2021-06-358-1-2,2021,2021-06-27,17:30,TARDE (12-17),CALLAO,CALLAO,PEATÓN,FALLECIDO,,,MASCULINO,27,VEHICULO NO IDENTIFICADO,ATROPELLO FUGA,NACIONAL,CARRETERA,URBANA,INDUSTRIAL,TRAMO RECTO,ASFALTADA
A-2021-06-199,P-2021-06-199-1-1,2021,2021-06-27,20:00,NOCHE (18-23),CALLAO,CALLAO,CONDUCTOR FUGADO,NO SE CONOCE,,,NO INDICA,,VEHICULO NO IDENTIFICADO,ATROPELLO FUGA,NACIONAL,CARRETERA,URBANA,RESIDENCIAL,TRAMO RECTO,ASFALTADA
A-2021-06-199,P-2021-06-199-1-2,2021,2021-06-27,20:00,NOCHE (18-23),CALLAO,CALLAO,PEATÓN,FALLECIDO,EN EL LUGAR DE LOS HECHOS,,MASCULINO,,VEHICULO NO IDENTIFICADO,ATROPELLO FUGA,NACIONAL,CARRETERA,URBANA,RESIDENCIAL,TRAMO RECTO,ASFALTADA
A-2021-06-261,P-2021-06-261-1-1,2021,2021-06-28,09:00,MANANA (06-11),LIMA,COMAS,CONDUCTOR,ILESO,,,MASCULINO,45,CAMIONETA PICK UP,CHOQUE,NACIONAL,CARRETERA,URBANA,COMERCIAL,TRAMO RECTO,ASFALTADA
A-2021-06-261,P-2021-06-261-1-2,2021,2021-06-28,09:00,MANANA (06-11),LIMA,COMAS,PASAJERO,FALLECIDO,,,MASCULINO,34,CAMIONETA PICK UP,CHOQUE,NACIONAL,CARRETERA,URBANA,COMERCIAL,TRAMO RECTO,ASFALTADA
A-2021-06-261,P-2021-06-261-1-3,2021,2021-06-28,09:00,MANANA (06-11),LIMA,COMAS,PASAJERO,LESIONADO,,,MASCULINO,34,CAMIONETA PICK UP,CHOQUE,NACIONAL,CARRETERA,URBANA,COMERCIAL,TRAMO RECTO,ASFALTADA
A-2021-06-261,P-2021-06-261-2-1,2021,2021-06-28,09:00,MANANA (06-11),LIMA,COMAS,CONDUCTOR,LESIONADO,,,FEMENINO,43,AUTOMÓVIL,CHOQUE,NACIONAL,CARRETERA,URBANA,COMERCIAL,TRAMO RECTO,ASFALTADA
A-2021-06-262,P-2021-06-262-1-1,2021,2021-06-28,20:30,NOCHE (18-23),LIMA,EL AGUSTINO,CONDUCTOR FUGADO,NO SE CONOCE,,,NO INDICA,,VEHICULO NO IDENTIFICADO,ATROPELLO FUGA,NACIONAL,CARRETERA,URBANA,INDUSTRIAL,TRAMO RECTO,ASFALTADA
A-2021-06-262,P-2021-06-262-1-2,2021,2021-06-28,20:30,NOCHE (18-23),LIMA,EL AGUSTINO,PEATÓN,FALLECIDO,,,NO INDICA,,VEHICULO NO IDENTIFICADO,ATROPELLO FUGA,NACIONAL,CARRETERA,URBANA,INDUSTRIAL,TRAMO RECTO,ASFALTADA
A-2021-06-263,P-2021-06-263-1-1,2021,2021-06-28,23:00,NOCHE (18-23),LIMA,BREÑA,CONDUCTOR,ILESO,,,MASCULINO,33,ÓMNIBUS,ATROPELLO,URBANO,AVENIDA,URBANA,INDUSTRIAL,TRAMO RECTO,ASFALTADA
A-2021-06-263,P-2021-06-263-1-2,2021,2021-06-28,23:00,NOCHE (18-23),LIMA,BREÑA,PEATÓN,FALLECIDO,EN EL LUGAR DE LOS HECHOS,,MASCULINO,0,ÓMNIBUS,ATROPELLO,URBANO,AVENIDA,URBANA,INDUSTRIAL,TRAMO RECTO,ASFALTADA
A-2021-06-264,P-2021-06-264-1-1,2021,2021-06-29,08:30,MANANA (06-11),LIMA,SANTA ANITA,CONDUCTOR FUGADO,NO SE CONOCE,,,NO INDICA,,VEHICULO NO IDENTIFICADO,ATROPELLO FUGA,URBANO,AVENIDA,URBANA,INDUSTRIAL,TRAMO RECTO,ASFALTADA
A-2021-06-264,P-2021-06-264-1-2,2021,2021-06-29,08:30,MANANA (06-11),LIMA,SANTA ANITA,PEATÓN,FALLECIDO,EN EL LUGAR DE LOS HECHOS,,MASCULINO,0,VEHICULO NO IDENTIFICADO,ATROPELLO FUGA,URBANO,AVENIDA,URBANA,INDUSTRIAL,TRAMO RECTO,ASFALTADA
A-2021-06-265,P-2021-06-265-1-1,2021,2021-06-30,10:30,MANANA (06-11),LIMA,SAN JUAN DE LURIGANCHO,CONDUCTOR,ILESO,,,MASCULINO,45,CAMIÓN,CHOQUE,URBANO,AVENIDA,URBANA,COMERCIAL,TRAMO RECTO,ASFALTADA
A-2021-06-265,P-2021-06-265-2-1,2021,2021-06-30,10:30,MANANA (06-11),LIMA,SAN JUAN DE LURIGANCHO,CONDUCTOR,FALLECIDO,EN EL LUGAR DE LOS HECHOS,,FEMENINO,20,OTRO,CHOQUE,URBANO,AVENIDA,URBANA,COMERCIAL,TRAMO RECTO,ASFALTADA
A-2021-06-266,P-2021-06-266-1-1,2021,2021-06-30,19:15,NOCHE (18-23),LIMA,LURIN,CONDUCTOR,LESIONADO,,CENTRO DE SALUD PÚBLICO,MASCULINO,45,MOTOCICLETA,CHOQUE,NACIONAL,CARRETERA,URBANA,RESIDENCIAL,TRAMO RECTO,ASFALTADA
A-2021-06-266,P-2021-06-266-1-2,2021,2021-06-30,19:15,NOCHE (18-23),LIMA,LURIN,PASAJERO,FALLECIDO,EN EL LUGAR DE LOS HECHOS,,FEMENINO,45,MOTOCICLETA,CHOQUE,NACIONAL,CARRETERA,URBANA,RESIDENCIAL,TRAMO RECTO,ASFALTADA
A-2021-06-266,P-2021-06-266-2-1,2021,2021-06-30,19:15,NOCHE (18-23),LIMA,LURIN,CONDUCTOR,LESIONADO,,CENTRO DE SALUD PÚBLICO,MASCULINO,40,MOTOCICLETA,CHOQUE,NACIONAL,CARRETERA,URBANA,RESIDENCIAL,TRAMO RECTO,ASFALTADA
A-2021-06-266,P-2021-06-266-3-1,2021,2021-06-30,19:15,NOCHE (18-23),LIMA,LURIN,CONDUCTOR,ILESO,,,MASCULINO,61,CAMIONETA RURAL,CHOQUE,NACIONAL,CARRETERA,URBANA,RESIDENCIAL,TRAMO RECTO,ASFALTADA
A-2021-06-267,P-2021-06-267-1-1,2021,2021-06-30,20:20,NOCHE (18-23),LIMA,COMAS,CONDUCTOR,ILESO,,,MASCULINO,48,STATION WAGON,CHOQUE,URBANO,AVENIDA,URBANA,COMERCIAL,TRAMO RECTO,CONCRETO
A-2021-06-267,P-2021-06-267-2-1,2021,2021-06-30,20:20,NOCHE (18-23),LIMA,COMAS,CONDUCTOR,FALLECIDO,EN EL LUGAR DE LOS HECHOS,,MASCULINO,30,MOTOCICLETA,CHOQUE,URBANO,AVENIDA,URBANA,COMERCIAL,TRAMO RECTO,CONCRETO
A-2021-07-11,P-2021-07-11-1-1,2021,2021-07-01,20:30,NOCHE (18-23),LIMA,SANTIAGO DE SURCO,CONDUCTOR,ILESO,,,MASCULINO,19,MOTOCICLETA,VOLCADURA,NACIONAL,CARRETERA,URBANA,COMERCIAL,TRAMO RECTO,ASFALTADA
A-2021-07-11,P-2021-07-11-1-2,2021,2021-07-01,20:30,NOCHE (18-23),LIMA,SANTIAGO DE SURCO,PASAJERO,FALLECIDO,EN EL LUGAR DE LOS HECHOS,,MASCULINO,0,MOTOCICLETA,VOLCADURA,NACIONAL,CARRETERA,URBANA,COMERCIAL,TRAMO RECTO,ASFALTADA
A-2021-07-12,P-2021-07-12-1-1,2021,2021-07-02,15:30,TARDE (12-17),LIMA,LOS OLIVOS,CONDUCTOR,ILESO,,,MASCULINO,,AUTOMÓVIL,ATROPELLO,NACIONAL,CARRETERA,,INDUSTRIAL,TRAMO RECTO,ASFALTADA
A-2021-07-12,P-2021-07-12-1-2,2021,2021-07-02,15:30,TARDE (12-17),LIMA,LOS OLIVOS,PEATÓN,FALLECIDO,EN EL LUGAR DE LOS HECHOS,,MASCULINO,38,AUTOMÓVIL,ATROPELLO,NACIONAL,CARRETERA,,INDUSTRIAL,TRAMO RECTO,ASFALTADA
A-2021-07-13,P-2021-07-13-1-1,2021,2021-07-02,15:00,TARDE (12-17),LIMA,CHORRILLOS,CONDUCTOR,LESIONADO,,CENTRO DE SALUD PÚBLICO,MASCULINO,42,CAMIÓN,CHOQUE,URBANO,AVENIDA,URBANA,INDUSTRIAL,TRAMO RECTO,ASFALTADA
A-2021-07-13,P-2021-07-13-2-1,2021,2021-07-02,15:00,TARDE (12-17),LIMA,CHORRILLOS,CONDUCTOR,FALLECIDO,EN EL LUGAR DE LOS HECHOS,,NO INDICA,,TRICICLO NO MOTORIZADO,CHOQUE,URBANO,AVENIDA,URBANA,INDUSTRIAL,TRAMO RECTO,ASFALTADA
A-2021-07-14,P-2021-07-14-1-1,2021,2021-07-03,01:12,MADRUGADA (00-05),LIMA,LA VICTORIA,CONDUCTOR,ILESO,,,MASCULINO,32,AUTOMÓVIL,CHOQUE,URBANO,AVENIDA,URBANA,INDUSTRIAL,TRAMO RECTO,CONCRETO
A-2021-07-14,P-2021-07-14-2-1,2021,2021-07-03,01:12,MADRUGADA (00-05),LIMA,LA VICTORIA,CONDUCTOR,FALLECIDO,EN EL LUGAR DE LOS HECHOS,,MASCULINO,28,MOTOCICLETA,CHOQUE,URBANO,AVENIDA,URBANA,INDUSTRIAL,TRAMO RECTO,CONCRETO
A-2021-07-15,P-2021-07-15-1-1,2021,2021-07-03,19:40,NOCHE (18-23),LIMA,ATE,CONDUCTOR,ILESO,,,MASCULINO,62,MINIBUS,CHOQUE,URBANO,AVENIDA,URBANA,COMERCIAL,TRAMO RECTO,CONCRETO
A-2021-07-15,P-2021-07-15-1-2,2021,2021-07-03,19:40,NOCHE (18-23),LIMA,ATE,PASAJERO,LESIONADO,,CENTRO DE SALUD PÚBLICO,MASCULINO,51,MINIBUS,CHOQUE,URBANO,AVENIDA,URBANA,COMERCIAL,TRAMO RECTO,CONCRETO
A-2021-07-15,P-2021-07-15-2-1,2021,2021-07-03,19:40,NOCHE (18-23),LIMA,ATE,CONDUCTOR,FALLECIDO,EN EL LUGAR DE LOS HECHOS,,MASCULINO,42,AUTOMÓVIL,CHOQUE,URBANO,AVENIDA,URBANA,COMERCIAL,TRAMO RECTO,CONCRETO
A-2021-07-15,P-2021-07-15-2-2,2021,2021-07-03,19:40,NOCHE (18-23),LIMA,ATE,PASAJERO,LESIONADO,,CENTRO DE SALUD PÚBLICO,FEMENINO,53,AUTOMÓVIL,CHOQUE,URBANO,AVENIDA,URBANA,COMERCIAL,TRAMO RECTO,CONCRETO
A-2021-07-16,P-2021-07-16-1-1,2021,2021-07-03,22:00,NOCHE (18-23),LIMA,ATE,CONDUCTOR,ILESO,,,MASCULINO,,CAMIONETA RURAL,ATROPELLO,NACIONAL,CARRETERA,URBANA,INDUSTRIAL,TRAMO RECTO,CONCRETO
A-2021-07-16,P-2021-07-16-1-2,2021,2021-07-03,22:00,NOCHE (18-23),LIMA,ATE,PEATÓN,FALLECIDO,EN EL LUGAR DE LOS HECHOS,,MASCULINO,48,CAMIONETA RURAL,ATROPELLO,NACIONAL,CARRETERA,URBANA,INDUSTRIAL,TRAMO RECTO,CONCRETO
A-2021-07-17,P-2021-07-17-1-1,2021,2021-07-04,03:30,MADRUGADA (00-05),LIMA,SANTIAGO DE SURCO,CONDUCTOR,ILESO,,,MASCULINO,25,MOTOCICLETA,VOLCADURA,NACIONAL,CARRETERA,URBANA,RESIDENCIAL,TRAMO RECTO,ASFALTADA
A-2021-07-17,P-2021-07-17-1-2,2021,2021-07-04,03:30,MADRUGADA (00-05),LIMA,SANTIAGO DE SURCO,PASAJERO,FALLECIDO,EN EL LUGAR DE LOS HECHOS,,FEMENINO,27,MOTOCICLETA,VOLCADURA,NACIONAL,CARRETERA,URBANA,RESIDENCIAL,TRAMO RECTO,ASFALTADA
A-2021-07-10,P-2021-07-10-1-1,2021,2021-07-04,19:00,NOCHE (18-23),CALLAO,VENTANILLA,CONDUCTOR,ILESO,,,MASCULINO,33,STATION WAGON,ATROPELLO,NACIONAL,CARRETERA,URBANA,INDUSTRIAL,TRAMO RECTO,ASFALTADA
A-2021-07-10,P-2021-07-10-1-2,2021,2021-07-04,19:00,NOCHE (18-23),CALLAO,VENTANILLA,PEATÓN,FALLECIDO,EN EL LUGAR DE LOS HECHOS,,MASCULINO,47,STATION WAGON,ATROPELLO,NACIONAL,CARRETERA,URBANA,INDUSTRIAL,TRAMO RECTO,ASFALTADA
A-2021-07-10,P-2021-07-10-2-1,2021,2021-07-04,19:00,NOCHE (18-23),CALLAO,VENTANILLA,CONDUCTOR,ILESO,,,MASCULINO,50,STATION WAGON,ATROPELLO,NACIONAL,CARRETERA,URBANA,INDUSTRIAL,TRAMO RECTO,ASFALTADA
A-2021-07-21,P-2021-07-21-1-1,2021,2021-07-05,17:30,TARDE (12-17),CALLAO,VENTANILLA,CONDUCTOR FUGADO,NO SE CONOCE,,,NO INDICA,,ÓMNIBUS,DESPISTE,URBANO,AVENIDA,URBANA,RESIDENCIAL,OTRO,AFIRMADO
A-2021-07-21,P-2021-07-21-1-2,2021,2021-07-05,17:30,TARDE (12-17),CALLAO,VENTANILLA,PASAJERO,LESIONADO,,CENTRO DE SALUD PÚBLICO,MASCULINO,81,ÓMNIBUS,DESPISTE,URBANO,AVENIDA,URBANA,RESIDENCIAL,OTRO,AFIRMADO
A-2021-07-21,P-2021-07-21-1-3,2021,2021-07-05,17:30,TARDE (12-17),CALLAO,VENTANILLA,PASAJERO,LESIONADO,,CENTRO DE SALUD PÚBLICO,FEMENINO,64,ÓMNIBUS,DESPISTE,URBANO,AVENIDA,URBANA,RESIDENCIAL,OTRO,AFIRMADO
A-2021-07-21,P-2021-07-21-1-4,2021,2021-07-05,17:30,TARDE (12-17),CALLAO,VENTANILLA,PEATÓN,FALLECIDO,EN EL LUGAR DE LOS HECHOS,,FEMENINO,55,ÓMNIBUS,DESPISTE,URBANO,AVENIDA,URBANA,RESIDENCIAL,OTRO,AFIRMADO
A-2021-07-229,P-2021-07-229-1-1,2021,2021-07-05,21:20,NOCHE (18-23),LIMA,SAN MARTIN DE PORRES,CONDUCTOR FUGADO,NO SE CONOCE,,,NO INDICA,,VEHICULO NO IDENTIFICADO,ATROPELLO FUGA,URBANO,AVENIDA,URBANA,COMERCIAL,INTERSECCIÓN,ASFALTADA
A-2021-07-229,P-2021-07-229-1-2,2021,2021-07-05,21:20,NOCHE (18-23),LIMA,SAN MARTIN DE PORRES,PEATÓN,FALLECIDO,EN EL CENTRO DE SALUD,,FEMENINO,69,VEHICULO NO IDENTIFICADO,ATROPELLO FUGA,URBANO,AVENIDA,URBANA,COMERCIAL,INTERSECCIÓN,ASFALTADA
A-2021-07-231,P-2021-07-231-1-1,2021,2021-07-06,20:00,NOCHE (18-23),LIMA,SAN JUAN DE LURIGANCHO,CONDUCTOR FUGADO,NO SE CONOCE,,,NO INDICA,,CAMIÓN,ATROPELLO FUGA,URBANO,AVENIDA,URBANA,COMERCIAL,INTERSECCIÓN,ASFALTADA
A-2021-07-231,P-2021-07-231-1-2,2021,2021-07-06,20:00,NOCHE (18-23),LIMA,SAN JUAN DE LURIGANCHO,PEATÓN,FALLECIDO,CAMINO AL CENTRO DE SALUD,,MASCULINO,22,CAMIÓN,ATROPELLO FUGA,URBANO,AVENIDA,URBANA,COMERCIAL,INTERSECCIÓN,ASFALTADA
A-2021-07-231,P-2021-07-231-1-3,2021,2021-07-06,20:00,NOCHE (18-23),LIMA,SAN JUAN DE LURIGANCHO,PEATÓN,FALLECIDO,EN EL CENTRO DE SALUD,,FEMENINO,52,CAMIÓN,ATROPELLO FUGA,URBANO,AVENIDA,URBANA,COMERCIAL,INTERSECCIÓN,ASFALTADA
A-2021-07-233,P-2021-07-233-1-1,2021,2021-07-07,11:30,MANANA (06-11),LIMA,COMAS,CONDUCTOR,ILESO,,,MASCULINO,31,CAMIÓN,CHOQUE,NACIONAL,CARRETERA,URBANA,ESCOLAR,INTERSECCIÓN,ASFALTADA
A-2021-07-233,P-2021-07-233-1-2,2021,2021-07-07,11:30,MANANA (06-11),LIMA,COMAS,PASAJERO,FALLECIDO,,,MASCULINO,35,BICICLETA,CHOQUE,NACIONAL,CARRETERA,URBANA,ESCOLAR,INTERSECCIÓN,ASFALTADA
A-2021-07-276,P-2021-07-276-1-1,2021,2021-07-09,06:35,MANANA (06-11),LIMA,RIMAC,CONDUCTOR,ILESO,,,MASCULINO,36,CAMIONETA PICK UP,CHOQUE,URBANO,VIA EXPRESA,URBANA,RESIDENCIAL,TRAMO RECTO,ASFALTADA
A-2021-07-276,P-2021-07-276-2-1,2021,2021-07-09,06:35,MANANA (06-11),LIMA,RIMAC,CONDUCTOR,FALLECIDO,CAMINO AL CENTRO DE SALUD,,MASCULINO,50,BICICLETA,CHOQUE,URBANO,VIA EXPRESA,URBANA,RESIDENCIAL,TRAMO RECTO,ASFALTADA
A-2021-07-242,P-2021-07-242-1-1,2021,2021-07-09,22:30,NOCHE (18-23),LIMA,SANTIAGO DE SURCO,CONDUCTOR FUGADO,NO SE CONOCE,,,NO INDICA,,AUTOMÓVIL,CHOQUE FUGA,URBANO,AVENIDA,URBANA,RESIDENCIAL,TRAMO RECTO,ASFALTADA
A-2021-07-242,P-2021-07-242-2-1,2021,2021-07-09,22:30,NOCHE (18-23),LIMA,SANTIAGO DE SURCO,CONDUCTOR,FALLECIDO,EN EL LUGAR DE LOS HECHOS,,MASCULINO,26,MOTOCICLETA,CHOQUE FUGA,URBANO,AVENIDA,URBANA,RESIDENCIAL,TRAMO RECTO,ASFALTADA
A-2021-07-36,P-2021-07-36-1-1,2021,2021-07-10,05:45,MADRUGADA (00-05),CALLAO,CALLAO,CONDUCTOR,ILESO,,,MASCULINO,47,CAMIÓN,CHOQUE,NACIONAL,CARRETERA,URBANA,INDUSTRIAL,TRAMO RECTO,ASFALTADA
A-2021-07-36,P-2021-07-36-2-1,2021,2021-07-10,05:45,MADRUGADA (00-05),CALLAO,CALLAO,CONDUCTOR,FALLECIDO,EN EL LUGAR DE LOS HECHOS,,MASCULINO,56,BICICLETA,CHOQUE,NACIONAL,CARRETERA,URBANA,INDUSTRIAL,TRAMO RECTO,ASFALTADA
A-2021-07-243,P-2021-07-243-1-1,2021,2021-07-11,13:00,TARDE (12-17),LIMA,RIMAC,CONDUCTOR,FALLECIDO,EN EL LUGAR DE LOS HECHOS,,MASCULINO,41,MOTOCICLETA,DESPISTE,URBANO,AVENIDA,URBANA,RESIDENCIAL,TÚNEL,ASFALTADA
A-2021-07-43,P-2021-07-43-1-1,2021,2021-07-11,20:00,NOCHE (18-23),CALLAO,CALLAO,CONDUCTOR,ILESO,,,MASCULINO,47,CAMIONETA RURAL,ATROPELLO,NACIONAL,CARRETERA,URBANA,INDUSTRIAL,TRAMO RECTO,ASFALTADA
A-2021-07-43,P-2021-07-43-1-2,2021,2021-07-11,20:00,NOCHE (18-23),CALLAO,CALLAO,PEATÓN,FALLECIDO,EN EL LUGAR DE LOS HECHOS,,MASCULINO,52,CAMIONETA RURAL,ATROPELLO,NACIONAL,CARRETERA,URBANA,INDUSTRIAL,TRAMO RECTO,ASFALTADA
A-2021-07-244,P-2021-07-244-1-1,2021,2021-07-12,14:30,TARDE (12-17),LIMA,LIMA,CONDUCTOR,ILESO,,,MASCULINO,26,MOTOCICLETA,CHOQUE,URBANO,AVENIDA,RURAL,RESIDENCIAL,TRAMO RECTO,ASFALTADA
A-2021-07-244,P-2021-07-244-2-1,2021,2021-07-12,14:30,TARDE (12-17),LIMA,LIMA,CONDUCTOR,ILESO,,,MASCULINO,32,TRIMOTO CARGA,CHOQUE,URBANO,AVENIDA,RURAL,RESIDENCIAL,TRAMO RECTO,ASFALTADA
A-2021-07-244,P-2021-07-244-3-1,2021,2021-07-12,14:30,TARDE (12-17),LIMA,LIMA,CONDUCTOR,FALLECIDO,EN EL LUGAR DE LOS HECHOS,,MASCULINO,54,BICICLETA,CHOQUE,URBANO,AVENIDA,RURAL,RESIDENCIAL,TRAMO RECTO,ASFALTADA
A-2021-07-245,P-2021-07-245-1-1,2021,2021-07-12,19:00,NOCHE (18-23),LIMA,ATE,CONDUCTOR,FALLECIDO,EN EL LUGAR DE LOS HECHOS,,MASCULINO,,MINIBUS,ATROPELLO,URBANO,AVENIDA,URBANA,COMERCIAL,TRAMO RECTO,ASFALTADA
A-2021-07-245,P-2021-07-245-1-3,2021,2021-07-12,19:00,NOCHE (18-23),LIMA,ATE,PEATÓN,FALLECIDO,EN EL LUGAR DE LOS HECHOS,,NO INDICA,,MINIBUS,ATROPELLO,URBANO,AVENIDA,URBANA,COMERCIAL,TRAMO RECTO,ASFALTADA
A-2021-07-246,P-2021-07-246-1-1,2021,2021-07-13,07:30,MANANA (06-11),LIMA,LIMA,CONDUCTOR,ILESO,,,FEMENINO,28,AUTOMÓVIL,ATROPELLO,URBANO,AVENIDA,URBANA,RESIDENCIAL,TRAMO RECTO,ASFALTADA
A-2021-07-246,P-2021-07-246-1-2,2021,2021-07-13,07:30,MANANA (06-11),LIMA,LIMA,PEATÓN,FALLECIDO,EN EL LUGAR DE LOS HECHOS,,FEMENINO,38,AUTOMÓVIL,ATROPELLO,URBANO,AVENIDA,URBANA,RESIDENCIAL,TRAMO RECTO,ASFALTADA
A-2021-07-247,P-2021-07-247-1-1,2021,2021-07-14,18:35,NOCHE (18-23),LIMA,SANTA ANITA,CONDUCTOR,ILESO,,,MASCULINO,32,REMOLCADOR,ATROPELLO,URBANO,AVENIDA,URBANA,COMERCIAL,INTERSECCIÓN,ASFALTADA
A-2021-07-247,P-2021-07-247-1-2,2021,2021-07-14,18:35,NOCHE (18-23),LIMA,SANTA ANITA,PEATÓN,FALLECIDO,EN EL LUGAR DE LOS HECHOS,,MASCULINO,29,REMOLCADOR,ATROPELLO,URBANO,AVENIDA,URBANA,COMERCIAL,INTERSECCIÓN,ASFALTADA
A-2021-07-71,P-2021-07-71-1-1,2021,2021-07-14,18:20,NOCHE (18-23),CALLAO,VENTANILLA,CONDUCTOR FUGADO,NO SE CONOCE,,,NO INDICA,,VEHICULO NO IDENTIFICADO,ATROPELLO FUGA,NACIONAL,CARRETERA,URBANA,INDUSTRIAL,OTRO,ASFALTADA
A-2021-07-71,P-2021-07-71-1-2,2021,2021-07-14,18:20,NOCHE (18-23),CALLAO,VENTANILLA,PEATÓN,FALLECIDO,EN EL LUGAR DE LOS HECHOS,,MASCULINO,60,VEHICULO NO IDENTIFICADO,ATROPELLO FUGA,NACIONAL,CARRETERA,URBANA,INDUSTRIAL,OTRO,ASFALTADA
A-2021-07-248,P-2021-07-248-1-1,2021,2021-07-15,04:30,MADRUGADA (00-05),LIMA,SAN MARTIN DE PORRES,CONDUCTOR,ILESO,,,MASCULINO,44,AUTOMÓVIL,ATROPELLO,NACIONAL,CARRETERA,URBANA,COMERCIAL,TRAMO RECTO,ASFALTADA
A-2021-07-248,P-2021-07-248-1-2,2021,2021-07-15,04:30,MADRUGADA (00-05),LIMA,SAN MARTIN DE PORRES,PEATÓN,FALLECIDO,EN EL LUGAR DE LOS HECHOS,,NO INDICA,,AUTOMÓVIL,ATROPELLO,NACIONAL,CARRETERA,URBANA,COMERCIAL,TRAMO RECTO,ASFALTADA
A-2021-07-250,P-2021-07-250-1-1,2021,2021-07-16,07:30,MANANA (06-11),LIMA,SAN MARTIN DE PORRES,CONDUCTOR,ILESO,,,MASCULINO,37,AUTOMÓVIL,CHOQUE,URBANO,AVENIDA,URBANA,ESCOLAR,INTERSECCIÓN,ASFALTADA
A-2021-07-250,P-2021-07-250-2-1,2021,2021-07-16,07:30,MANANA (06-11),LIMA,SAN MARTIN DE PORRES,CONDUCTOR,FALLECIDO,EN EL LUGAR DE LOS HECHOS,,MASCULINO,65,BICICLETA,CHOQUE,URBANO,AVENIDA,URBANA,ESCOLAR,INTERSECCIÓN,ASFALTADA
A-2021-07-96,P-2021-07-96-1-1,2021,2021-07-16,18:15,NOCHE (18-23),CALLAO,CALLAO,PEATÓN,FALLECIDO,EN EL LUGAR DE LOS HECHOS,,MASCULINO,29,VEHICULO NO IDENTIFICADO,ATROPELLO FUGA,NACIONAL,CARRETERA,URBANA,RESIDENCIAL,TRAMO RECTO,TROCHA
A-2021-07-96,P-2021-07-96-1-2,2021,2021-07-16,18:15,NOCHE (18-23),CALLAO,CALLAO,CONDUCTOR FUGADO,NO SE CONOCE,,,NO INDICA,,VEHICULO NO IDENTIFICADO,ATROPELLO FUGA,NACIONAL,CARRETERA,URBANA,RESIDENCIAL,TRAMO RECTO,TROCHA
A-2021-07-253,P-2021-07-253-1-1,2021,2021-07-17,01:20,MADRUGADA (00-05),LIMA,VILLA EL SALVADOR,CONDUCTOR,ILESO,,,MASCULINO,30,CAMIONETA PICK UP,DESPISTE,URBANO,AVENIDA,URBANA,RESIDENCIAL,INTERSECCIÓN,ASFALTADA
A-2021-07-253,P-2021-07-253-1-2,2021,2021-07-17,01:20,MADRUGADA (00-05),LIMA,VILLA EL SALVADOR,PASAJERO,FALLECIDO,EN EL LUGAR DE LOS HECHOS,,MASCULINO,29,CAMIONETA PICK UP,DESPISTE,URBANO,AVENIDA,URBANA,RESIDENCIAL,INTERSECCIÓN,ASFALTADA
A-2021-07-253,P-2021-07-253-1-3,2021,2021-07-17,01:20,MADRUGADA (00-05),LIMA,VILLA EL SALVADOR,PASAJERO,LESIONADO,,CENTRO DE SALUD PÚBLICO,MASCULINO,30,CAMIONETA PICK UP,DESPISTE,URBANO,AVENIDA,URBANA,RESIDENCIAL,INTERSECCIÓN,ASFALTADA
A-2021-07-274,P-2021-07-274-1-1,2021,2021-07-17,19:00,NOCHE (18-23),CALLAO,CALLAO,CONDUCTOR FUGADO,NO SE CONOCE,,,NO INDICA,,VEHICULO NO IDENTIFICADO,ATROPELLO FUGA,NACIONAL,CARRETERA,URBANA,INDUSTRIAL,TRAMO RECTO,ASFALTADA
A-2021-07-274,P-2021-07-274-1-2,2021,2021-07-17,19:00,NOCHE (18-23),CALLAO,CALLAO,PEATÓN,FALLECIDO,EN EL LUGAR DE LOS HECHOS,,MASCULINO,51,VEHICULO NO IDENTIFICADO,ATROPELLO FUGA,NACIONAL,CARRETERA,URBANA,INDUSTRIAL,TRAMO RECTO,ASFALTADA
A-2021-07-254,P-2021-07-254-1-1,2021,2021-07-18,19:00,NOCHE (18-23),LIMA,CARABAYLLO,CONDUCTOR,ILESO,,,MASCULINO,72,AUTOMÓVIL,CHOQUE,URBANO,AVENIDA,URBANA,RESIDENCIAL,TRAMO RECTO,ASFALTADA
A-2021-07-254,P-2021-07-254-2-1,2021,2021-07-18,19:00,NOCHE (18-23),LIMA,CARABAYLLO,CONDUCTOR,FALLECIDO,EN EL LUGAR DE LOS HECHOS,,MASCULINO,24,MOTOCICLETA,CHOQUE,URBANO,AVENIDA,URBANA,RESIDENCIAL,TRAMO RECTO,ASFALTADA
A-2021-07-294,P-2021-07-294-1-1,2021,2021-07-19,11:00,MANANA (06-11),CALLAO,CALLAO,CONDUCTOR,ILESO,,,MASCULINO,37,CAMIONETA RURAL,CAÍDA DE PASAJERO,NACIONAL,CARRETERA,URBANA,INDUSTRIAL,TRAMO RECTO,ASFALTADA
A-2021-07-294,P-2021-07-294-1-2,2021,2021-07-19,11:00,MANANA (06-11),CALLAO,CALLAO,PASAJERO,FALLECIDO,EN EL CENTRO DE SALUD,,FEMENINO,61,CAMIONETA RURAL,CAÍDA DE PASAJERO,NACIONAL,CARRETERA,URBANA,INDUSTRIAL,TRAMO RECTO,ASFALTADA
A-2021-07-255,P-2021-07-255-1-1,2021,2021-07-21,10:30,MANANA (06-11),LIMA,INDEPENDENCIA,CONDUCTOR,ILESO,,,MASCULINO,53,CAMIONETA RURAL,ATROPELLO,URBANO,AVENIDA,URBANA,RESIDENCIAL,INTERSECCIÓN,ASFALTADA
A-2021-07-255,P-2021-07-255-1-2,2021,2021-07-21,10:30,MANANA (06-11),LIMA,INDEPENDENCIA,PEATÓN,FALLECIDO,EN EL LUGAR DE LOS HECHOS,,FEMENINO,,CAMIONETA RURAL,ATROPELLO,URBANO,AVENIDA,URBANA,RESIDENCIAL,INTERSECCIÓN,ASFALTADA
A-2021-07-256,P-2021-07-256-1-1,2021,2021-07-21,13:00,TARDE (12-17),LIMA,SAN MARTIN DE PORRES,CONDUCTOR,ILESO,,,MASCULINO,33,CAMIONETA RURAL,CHOQUE,NACIONAL,CARRETERA,URBANA,RESIDENCIAL,TRAMO RECTO,ASFALTADA
A-2021-07-256,P-2021-07-256-1-2,2021,2021-07-21,13:00,TARDE (12-17),LIMA,SAN MARTIN DE PORRES,PEATÓN,FALLECIDO,EN EL LUGAR DE LOS HECHOS,,MASCULINO,,CAMIONETA RURAL,CHOQUE,NACIONAL,CARRETERA,URBANA,RESIDENCIAL,TRAMO RECTO,ASFALTADA
A-2021-07-256,P-2021-07-256-1-3,2021,2021-07-21,13:00,TARDE (12-17),LIMA,SAN MARTIN DE PORRES,PEATÓN,FALLECIDO,EN EL LUGAR DE LOS HECHOS,,MASCULINO,,CAMIONETA RURAL,CHOQUE,NACIONAL,CARRETERA,URBANA,RESIDENCIAL,TRAMO RECTO,ASFALTADA
A-2021-07-256,P-2021-07-256-2-1,2021,2021-07-21,13:00,TARDE (12-17),LIMA,SAN MARTIN DE PORRES,CONDUCTOR,ILESO,,,MASCULINO,38,AUTOMÓVIL,CHOQUE,NACIONAL,CARRETERA,URBANA,RESIDENCIAL,TRAMO RECTO,ASFALTADA
A-2021-07-275,P-2021-07-275-1-1,2021,2021-07-22,04:50,MADRUGADA (00-05),CALLAO,CALLAO,CONDUCTOR,ILESO,,,MASCULINO,36,AUTOMÓVIL,ATROPELLO,NACIONAL,CARRETERA,URBANA,INDUSTRIAL,TRAMO RECTO,ASFALTADA
A-2021-07-275,P-2021-07-275-1-2,2021,2021-07-22,04:50,MADRUGADA (00-05),CALLAO,CALLAO,PEATÓN,FALLECIDO,EN EL LUGAR DE LOS HECHOS,,FEMENINO,51,AUTOMÓVIL,ATROPELLO,NACIONAL,CARRETERA,URBANA,INDUSTRIAL,TRAMO RECTO,ASFALTADA
A-2021-07-257,P-2021-07-257-1-1,2021,2021-07-22,15:30,TARDE (12-17),LIMA,ATE,CONDUCTOR,ILESO,,,MASCULINO,31,AUTOMÓVIL,ATROPELLO,URBANO,AVENIDA,URBANA,RESIDENCIAL,INTERSECCIÓN,ASFALTADA
A-2021-07-257,P-2021-07-257-1-2,2021,2021-07-22,15:30,TARDE (12-17),LIMA,ATE,PEATÓN,FALLECIDO,EN EL LUGAR DE LOS HECHOS,,MASCULINO,58,AUTOMÓVIL,ATROPELLO,URBANO,AVENIDA,URBANA,RESIDENCIAL,INTERSECCIÓN,ASFALTADA
A-2021-07-258,P-2021-07-258-1-1,2021,2021-07-24,07:10,MANANA (06-11),LIMA,SAN JUAN DE MIRAFLORES,CONDUCTOR,ILESO,,,MASCULINO,27,ÓMNIBUS,DESPISTE,NACIONAL,CARRETERA,URBANA,RESIDENCIAL,TRAMO RECTO,ASFALTADA
A-2021-07-258,P-2021-07-258-1-2,2021,2021-07-24,07:10,MANANA (06-11),LIMA,SAN JUAN DE MIRAFLORES,PEATÓN,FALLECIDO,EN EL LUGAR DE LOS HECHOS,,FEMENINO,,ÓMNIBUS,DESPISTE,NACIONAL,CARRETERA,URBANA,RESIDENCIAL,TRAMO RECTO,ASFALTADA
A-2021-07-259,P-2021-07-259-1-1,2021,2021-07-24,16:10,TARDE (12-17),LIMA,CARABAYLLO,CONDUCTOR,ILESO,,,MASCULINO,35,CAMIONETA PICK UP,CHOQUE,NACIONAL,CARRETERA,URBANA,RURAL,TRAMO RECTO,ASFALTADA
A-2021-07-259,P-2021-07-259-2-1,2021,2021-07-24,16:10,TARDE (12-17),LIMA,CARABAYLLO,CONDUCTOR,FALLECIDO,EN EL LUGAR DE LOS HECHOS,,MASCULINO,49,MOTOCICLETA,CHOQUE,NACIONAL,CARRETERA,URBANA,RURAL,TRAMO RECTO,ASFALTADA
A-2021-07-259,P-2021-07-259-2-2,2021,2021-07-24,16:10,TARDE (12-17),LIMA,CARABAYLLO,PASAJERO,LESIONADO,,CENTRO DE SALUD PÚBLICO,MASCULINO,35,MOTOCICLETA,CHOQUE,NACIONAL,CARRETERA,URBANA,RURAL,TRAMO RECTO,ASFALTADA
A-2021-07-124,P-2021-07-124-1-1,2021,2021-07-24,21:00,NOCHE (18-23),CALLAO,CALLAO,CONDUCTOR,ILESO,,,MASCULINO,30,REMOLCADOR-SEMIREMOLQUE,ATROPELLO,URBANO,AVENIDA,URBANA,RESIDENCIAL,TRAMO RECTO,ASFALTADA
A-2021-07-124,P-2021-07-124-1-2,2021,2021-07-24,21:00,NOCHE (18-23),CALLAO,CALLAO,PEATÓN,FALLECIDO,EN EL LUGAR DE LOS HECHOS,,MASCULINO,28,REMOLCADOR-SEMIREMOLQUE,ATROPELLO,URBANO,AVENIDA,URBANA,RESIDENCIAL,TRAMO RECTO,ASFALTADA
A-2021-07-260,P-2021-07-260-1-1,2021,2021-07-26,05:00,MADRUGADA (00-05),LIMA,LURIN,CONDUCTOR FUGADO,NO SE CONOCE,,,NO INDICA,,VEHICULO NO IDENTIFICADO,ATROPELLO FUGA,NACIONAL,CARRETERA,URBANA,COMERCIAL,TRAMO RECTO,ASFALTADA
A-2021-07-260,P-2021-07-260-1-3,2021,2021-07-26,05:00,MADRUGADA (00-05),LIMA,LURIN,PEATÓN,FALLECIDO,EN EL LUGAR DE LOS HECHOS,,FEMENINO,,VEHICULO NO IDENTIFICADO,ATROPELLO FUGA,NACIONAL,CARRETERA,URBANA,COMERCIAL,TRAMO RECTO,ASFALTADA
A-2021-07-261,P-2021-07-261-1-1,2021,2021-07-27,00:30,MADRUGADA (00-05),LIMA,EL AGUSTINO,CONDUCTOR,ILESO,,,MASCULINO,57,CAMIONETA RURAL,ATROPELLO,URBANO,AVENIDA,URBANA,RESIDENCIAL,TRAMO RECTO,ASFALTADA
A-2021-07-261,P-2021-07-261-1-2,2021,2021-07-27,00:30,MADRUGADA (00-05),LIMA,EL AGUSTINO,PEATÓN,FALLECIDO,EN EL LUGAR DE LOS HECHOS,,MASCULINO,70,CAMIONETA RURAL,ATROPELLO,URBANO,AVENIDA,URBANA,RESIDENCIAL,TRAMO RECTO,ASFALTADA
A-2021-07-262,P-2021-07-262-1-1,2021,2021-07-28,06:45,MANANA (06-11),LIMA,SANTIAGO DE SURCO,CONDUCTOR,ILESO,,,MASCULINO,38,CAMIÓN,CHOQUE,NACIONAL,CARRETERA,URBANA,RESIDENCIAL,TRAMO RECTO,ASFALTADA
A-2021-07-262,P-2021-07-262-2-1,2021,2021-07-28,06:45,MANANA (06-11),LIMA,SANTIAGO DE SURCO,CONDUCTOR,FALLECIDO,EN EL LUGAR DE LOS HECHOS,,MASCULINO,22,MOTOCICLETA,CHOQUE,NACIONAL,CARRETERA,URBANA,RESIDENCIAL,TRAMO RECTO,ASFALTADA
A-2021-07-263,P-2021-07-263-1-1,2021,2021-07-30,20:30,NOCHE (18-23),LIMA,SAN MIGUEL,CONDUCTOR,ILESO,,,MASCULINO,30,ÓMNIBUS,CHOQUE,URBANO,AVENIDA,URBANA,COMERCIAL,TRAMO RECTO,ASFALTADA
A-2021-07-263,P-2021-07-263-2-1,2021,2021-07-30,20:30,NOCHE (18-23),LIMA,SAN MIGUEL,CONDUCTOR,LESIONADO,,CENTRO DE SALUD PÚBLICO,MASCULINO,68,CAMIÓN,CHOQUE,URBANO,AVENIDA,URBANA,COMERCIAL,TRAMO RECTO,ASFALTADA
A-2021-07-263,P-2021-07-263-2-2,2021,2021-07-30,20:30,NOCHE (18-23),LIMA,SAN MIGUEL,PASAJERO,FALLECIDO,,,FEMENINO,38,CAMIÓN,CHOQUE,URBANO,AVENIDA,URBANA,COMERCIAL,TRAMO RECTO,ASFALTADA
A-2021-08-215,P-2021-08-215-1-1,2021,2021-08-01,19:00,NOCHE (18-23),LIMA,SAN MARTIN DE PORRES,CONDUCTOR,FALLECIDO,EN EL LUGAR DE LOS HECHOS,,MASCULINO,26,MOTOCICLETA,CHOQUE CON OBJETO FIJO,NACIONAL,CARRETERA,URBANA,ESCOLAR,PUENTE,ASFALTADA
A-2021-08-220,P-2021-08-220-1-1,2021,2021-08-02,19:00,NOCHE (18-23),LIMA,SAN BARTOLO,CONDUCTOR,ILESO,,,MASCULINO,27,SEMIREMOLQUE,DESPISTE,NACIONAL,CARRETERA,URBANA,RESIDENCIAL,TRAMO RECTO,ASFALTADA
A-2021-08-220,P-2021-08-220-2-1,2021,2021-08-02,19:00,NOCHE (18-23),LIMA,SAN BARTOLO,CONDUCTOR,FALLECIDO,EN EL LUGAR DE LOS HECHOS,,MASCULINO,,AUTOMÓVIL,DESPISTE,NACIONAL,CARRETERA,URBANA,RESIDENCIAL,TRAMO RECTO,ASFALTADA
A-2021-08-14,P-2021-08-14-1-1,2021,2021-08-03,05:15,MADRUGADA (00-05),CALLAO,VENTANILLA,CONDUCTOR,ILESO,,,MASCULINO,30,ÓMNIBUS,CHOQUE,URBANO,AVENIDA,URBANA,RESIDENCIAL,TRAMO RECTO,ASFALTADA
A-2021-08-14,P-2021-08-14-2-1,2021,2021-08-03,05:15,MADRUGADA (00-05),CALLAO,VENTANILLA,CONDUCTOR,LESIONADO,,CENTRO DE SALUD PRIVADO,MASCULINO,60,TRIMOTO PASAJERO,CHOQUE,URBANO,AVENIDA,URBANA,RESIDENCIAL,TRAMO RECTO,ASFALTADA
A-2021-08-14,P-2021-08-14-2-2,2021,2021-08-03,05:15,MADRUGADA (00-05),CALLAO,VENTANILLA,PASAJERO,FALLECIDO,EN EL CENTRO DE SALUD,,MASCULINO,77,TRIMOTO PASAJERO,CHOQUE,URBANO,AVENIDA,URBANA,RESIDENCIAL,TRAMO RECTO,ASFALTADA
A-2021-08-227,P-2021-08-227-1-1,2021,2021-08-03,15:00,TARDE (12-17),LIMA,COMAS,CONDUCTOR,ILESO,,,MASCULINO,,MOTOCICLETA,ATROPELLO,URBANO,AVENIDA,URBANA,ESCOLAR,TRAMO RECTO,ASFALTADA
A-2021-08-227,P-2021-08-227-1-2,2021,2021-08-03,15:00,TARDE (12-17),LIMA,COMAS,PEATÓN,FALLECIDO,EN EL CENTRO DE SALUD,,MASCULINO,,MOTOCICLETA,ATROPELLO,URBANO,AVENIDA,URBANA,ESCOLAR,TRAMO RECTO,ASFALTADA
A-2021-08-224,P-2021-08-224-1-1,2021,2021-08-03,17:00,TARDE (12-17),LIMA,CARABAYLLO,CONDUCTOR,ILESO,,,MASCULINO,47,AUTOMÓVIL,CHOQUE,URBANO,AVENIDA,URBANA,RURAL,TRAMO RECTO,ASFALTADA
A-2021-08-224,P-2021-08-224-1-2,2021,2021-08-03,17:00,TARDE (12-17),LIMA,CARABAYLLO,PASAJERO,LESIONADO,,CENTRO DE SALUD PÚBLICO,FEMENINO,44,AUTOMÓVIL,CHOQUE,URBANO,AVENIDA,URBANA,RURAL,TRAMO RECTO,ASFALTADA
A-2021-08-224,P-2021-08-224-1-3,2021,2021-08-03,17:00,TARDE (12-17),LIMA,CARABAYLLO,PASAJERO,FALLECIDO,EN EL CENTRO DE SALUD,,MASCULINO,0,AUTOMÓVIL,CHOQUE,URBANO,AVENIDA,URBANA,RURAL,TRAMO RECTO,ASFALTADA
A-2021-08-224,P-2021-08-224-2-1,2021,2021-08-03,17:00,TARDE (12-17),LIMA,CARABAYLLO,CONDUCTOR,ILESO,,,MASCULINO,59,ÓMNIBUS,CHOQUE,URBANO,AVENIDA,URBANA,RURAL,TRAMO RECTO,ASFALTADA
A-2021-08-225,P-2021-08-225-1-1,2021,2021-08-04,13:00,TARDE (12-17),LIMA,CHORRILLOS,CONDUCTOR,ILESO,,,MASCULINO,25,TRIMOTO PASAJERO,ATROPELLO FUGA,URBANO,CALLE,URBANA,RESIDENCIAL,INTERSECCIÓN,ASFALTADA
A-2021-08-225,P-2021-08-225-1-2,2021,2021-08-04,13:00,TARDE (12-17),LIMA,CHORRILLOS,PEATÓN,FALLECIDO,EN EL CENTRO DE SALUD,,MASCULINO,77,TRIMOTO PASAJERO,ATROPELLO FUGA,URBANO,CALLE,URBANA,RESIDENCIAL,INTERSECCIÓN,ASFALTADA
A-2021-08-228,P-2021-08-228-1-1,2021,2021-08-05,10:30,MANANA (06-11),LIMA,SAN MARTIN DE PORRES,CONDUCTOR,LESIONADO,,,MASCULINO,,MOTOCICLETA,CHOQUE,URBANO,AVENIDA,URBANA,COMERCIAL,TRAMO RECTO,ASFALTADA
A-2021-08-228,P-2021-08-228-2-1,2021,2021-08-05,10:30,MANANA (06-11),LIMA,SAN MARTIN DE PORRES,CONDUCTOR,FALLECIDO,EN EL CENTRO DE SALUD,,MASCULINO,,BICICLETA,CHOQUE,URBANO,AVENIDA,URBANA,COMERCIAL,TRAMO RECTO,ASFALTADA
A-2021-08-261,P-2021-08-261-1-1,2021,2021-08-05,10:31,MANANA (06-11),LIMA,LA VICTORIA,CONDUCTOR,ILESO,,,MASCULINO,31,REMOLCADOR,ATROPELLO,URBANO,AVENIDA,URBANA,COMERCIAL,TRAMO RECTO,ASFALTADA
A-2021-08-261,P-2021-08-261-1-2,2021,2021-08-05,10:31,MANANA (06-11),LIMA,LA VICTORIA,PEATÓN,FALLECIDO,EN EL LUGAR DE LOS HECHOS,,MASCULINO,81,REMOLCADOR,ATROPELLO,URBANO,AVENIDA,URBANA,COMERCIAL,TRAMO RECTO,ASFALTADA
A-2021-08-229,P-2021-08-229-1-1,2021,2021-08-07,21:37,NOCHE (18-23),LIMA,LOS OLIVOS,CONDUCTOR FUGADO,NO SE CONOCE,,,NO INDICA,,VEHICULO NO IDENTIFICADO,CHOQUE FUGA,NACIONAL,CARRETERA,URBANA,ESCOLAR,TRAMO RECTO,ASFALTADA
A-2021-08-229,P-2021-08-229-2-1,2021,2021-08-07,21:37,NOCHE (18-23),LIMA,LOS OLIVOS,CONDUCTOR,FALLECIDO,EN EL CENTRO DE SALUD,,MASCULINO,26,BICICLETA,CHOQUE FUGA,NACIONAL,CARRETERA,URBANA,ESCOLAR,TRAMO RECTO,ASFALTADA
A-2021-08-230,P-2021-08-230-1-1,2021,2021-08-10,06:00,MANANA (06-11),LIMA,SAN MARTIN DE PORRES,CONDUCTOR,ILESO,,,MASCULINO,37,REMOLCADOR-SEMIREMOLQUE,ATROPELLO,URBANO,AVENIDA,URBANA,ESCOLAR,INTERSECCIÓN,ASFALTADA
A-2021-08-230,P-2021-08-230-1-2,2021,2021-08-10,06:00,MANANA (06-11),LIMA,SAN MARTIN DE PORRES,PEATÓN,FALLECIDO,EN EL LUGAR DE LOS HECHOS,,NO INDICA,,REMOLCADOR-SEMIREMOLQUE,ATROPELLO,URBANO,AVENIDA,URBANA,ESCOLAR,INTERSECCIÓN,ASFALTADA
A-2021-08-231,P-2021-08-231-1-1,2021,2021-08-10,07:00,MANANA (06-11),LIMA,VILLA EL SALVADOR,CONDUCTOR,ILESO,,,MASCULINO,29,CAMIÓN,ATROPELLO,URBANO,AVENIDA,URBANA,RESIDENCIAL,TRAMO RECTO,ASFALTADA
A-2021-08-231,P-2021-08-231-1-2,2021,2021-08-10,07:00,MANANA (06-11),LIMA,VILLA EL SALVADOR,PEATÓN,FALLECIDO,EN EL LUGAR DE LOS HECHOS,,MASCULINO,87,CAMIÓN,ATROPELLO,URBANO,AVENIDA,URBANA,RESIDENCIAL,TRAMO RECTO,ASFALTADA
A-2021-08-232,P-2021-08-232-1-1,2021,2021-08-10,07:45,MANANA (06-11),LIMA,CHORRILLOS,CONDUCTOR,ILESO,,,MASCULINO,35,CAMIÓN,ATROPELLO,URBANO,AVENIDA,URBANA,RESIDENCIAL,TRAMO RECTO,ASFALTADA
A-2021-08-232,P-2021-08-232-1-2,2021,2021-08-10,07:45,MANANA (06-11),LIMA,CHORRILLOS,PEATÓN,FALLECIDO,EN EL CENTRO DE SALUD,,MASCULINO,64,CAMIÓN,ATROPELLO,URBANO,AVENIDA,URBANA,RESIDENCIAL,TRAMO RECTO,ASFALTADA
A-2021-08-234,P-2021-08-234-1-1,2021,2021-08-11,09:15,MANANA (06-11),LIMA,COMAS,CONDUCTOR,FALLECIDO,EN EL LUGAR DE LOS HECHOS,,MASCULINO,,MOTOCICLETA,CHOQUE,URBANO,JIRÓN,URBANA,RESIDENCIAL,TRAMO RECTO,ASFALTADA
A-2021-08-234,P-2021-08-234-2-1,2021,2021-08-11,09:15,MANANA (06-11),LIMA,COMAS,CONDUCTOR,ILESO,,,MASCULINO,,TRIMOTO CARGA,CHOQUE,URBANO,JIRÓN,URBANA,RESIDENCIAL,TRAMO RECTO,ASFALTADA
A-2021-08-235,P-2021-08-235-1-1,2021,2021-08-13,09:30,MANANA (06-11),LIMA,LOS OLIVOS,CONDUCTOR,ILESO,,,MASCULINO,47,ÓMNIBUS,ATROPELLO,URBANO,AVENIDA,URBANA,ESCOLAR,INTERSECCIÓN,ASFALTADA
A-2021-08-235,P-2021-08-235-1-2,2021,2021-08-13,09:30,MANANA (06-11),LIMA,LOS OLIVOS,PEATÓN,FALLECIDO,EN EL CENTRO DE SALUD,,MASCULINO,79,ÓMNIBUS,ATROPELLO,URBANO,AVENIDA,URBANA,ESCOLAR,INTERSECCIÓN,ASFALTADA
A-2021-08-236,P-2021-08-236-1-1,2021,2021-08-13,16:30,TARDE (12-17),LIMA,VILLA EL SALVADOR,CONDUCTOR,ILESO,,,MASCULINO,66,OTRO,ATROPELLO,URBANO,OTRO,URBANA,ESCOLAR,TRAMO RECTO,ASFALTADA
A-2021-08-236,P-2021-08-236-1-2,2021,2021-08-13,16:30,TARDE (12-17),LIMA,VILLA EL SALVADOR,PEATÓN,FALLECIDO,EN EL LUGAR DE LOS HECHOS,,MASCULINO,3,OTRO,ATROPELLO,URBANO,OTRO,URBANA,ESCOLAR,TRAMO RECTO,ASFALTADA
A-2021-08-237,P-2021-08-237-1-1,2021,2021-08-14,15:30,TARDE (12-17),LIMA,COMAS,CONDUCTOR,ILESO,,,MASCULINO,30,CAMIÓN,ATROPELLO,URBANO,AVENIDA,URBANA,ESCOLAR,TRAMO RECTO,ASFALTADA
A-2021-08-237,P-2021-08-237-1-2,2021,2021-08-14,15:30,TARDE (12-17),LIMA,COMAS,PEATÓN,FALLECIDO,EN EL LUGAR DE LOS HECHOS,,MASCULINO,83,CAMIÓN,ATROPELLO,URBANO,AVENIDA,URBANA,ESCOLAR,TRAMO RECTO,ASFALTADA
A-2021-08-238,P-2021-08-238-1-1,2021,2021-08-16,09:40,MANANA (06-11),LIMA,VILLA EL SALVADOR,CONDUCTOR,ILESO,,,MASCULINO,32,CAMIÓN,ATROPELLO,URBANO,AVENIDA,URBANA,INDUSTRIAL,INTERSECCIÓN,ASFALTADA
A-2021-08-238,P-2021-08-238-1-2,2021,2021-08-16,09:40,MANANA (06-11),LIMA,VILLA EL SALVADOR,PEATÓN,FALLECIDO,EN EL LUGAR DE LOS HECHOS,,MASCULINO,,CAMIÓN,ATROPELLO,URBANO,AVENIDA,URBANA,INDUSTRIAL,INTERSECCIÓN,ASFALTADA
A-2021-08-332,P-2021-08-332-1-1,2021,2021-08-17,08:15,MANANA (06-11),LIMA,LIMA,CONDUCTOR,FALLECIDO,EN EL CENTRO DE SALUD,,MASCULINO,39,TRIMOTO PASAJERO,CHOQUE FUGA,URBANO,AVENIDA,URBANA,INDUSTRIAL,TRAMO RECTO,ASFALTADA
A-2021-08-332,P-2021-08-332-2-1,2021,2021-08-17,08:15,MANANA (06-11),LIMA,LIMA,PASAJERO,LESIONADO,,CENTRO DE SALUD PÚBLICO,FEMENINO,38,CAMIONETA RURAL,CHOQUE FUGA,URBANO,AVENIDA,URBANA,INDUSTRIAL,TRAMO RECTO,ASFALTADA
A-2021-08-332,P-2021-08-332-2-10,2021,2021-08-17,08:15,MANANA (06-11),LIMA,LIMA,PASAJERO,LESIONADO,,CENTRO DE SALUD PÚBLICO,FEMENINO,32,CAMIONETA RURAL,CHOQUE FUGA,URBANO,AVENIDA,URBANA,INDUSTRIAL,TRAMO RECTO,ASFALTADA
A-2021-08-332,P-2021-08-332-2-11,2021,2021-08-17,08:15,MANANA (06-11),LIMA,LIMA,PASAJERO,LESIONADO,,CENTRO DE SALUD PÚBLICO,FEMENINO,27,CAMIONETA RURAL,CHOQUE FUGA,URBANO,AVENIDA,URBANA,INDUSTRIAL,TRAMO RECTO,ASFALTADA
A-2021-08-332,P-2021-08-332-2-2,2021,2021-08-17,08:15,MANANA (06-11),LIMA,LIMA,PASAJERO,LESIONADO,,CENTRO DE SALUD PÚBLICO,FEMENINO,59,CAMIONETA RURAL,CHOQUE FUGA,URBANO,AVENIDA,URBANA,INDUSTRIAL,TRAMO RECTO,ASFALTADA
A-2021-08-332,P-2021-08-332-2-3,2021,2021-08-17,08:15,MANANA (06-11),LIMA,LIMA,PASAJERO,LESIONADO,,CENTRO DE SALUD PÚBLICO,FEMENINO,45,CAMIONETA RURAL,CHOQUE FUGA,URBANO,AVENIDA,URBANA,INDUSTRIAL,TRAMO RECTO,ASFALTADA
A-2021-08-332,P-2021-08-332-2-4,2021,2021-08-17,08:15,MANANA (06-11),LIMA,LIMA,CONDUCTOR,ILESO,,,MASCULINO,42,CAMIONETA RURAL,CHOQUE FUGA,URBANO,AVENIDA,URBANA,INDUSTRIAL,TRAMO RECTO,ASFALTADA
A-2021-08-332,P-2021-08-332-2-5,2021,2021-08-17,08:15,MANANA (06-11),LIMA,LIMA,PASAJERO,LESIONADO,,CENTRO DE SALUD PÚBLICO,MASCULINO,26,CAMIONETA RURAL,CHOQUE FUGA,URBANO,AVENIDA,URBANA,INDUSTRIAL,TRAMO RECTO,ASFALTADA
A-2021-08-332,P-2021-08-332-2-6,2021,2021-08-17,08:15,MANANA (06-11),LIMA,LIMA,PASAJERO,LESIONADO,,CENTRO DE SALUD PÚBLICO,FEMENINO,66,CAMIONETA RURAL,CHOQUE FUGA,URBANO,AVENIDA,URBANA,INDUSTRIAL,TRAMO RECTO,ASFALTADA
A-2021-08-332,P-2021-08-332-2-7,2021,2021-08-17,08:15,MANANA (06-11),LIMA,LIMA,PASAJERO,LESIONADO,,CENTRO DE SALUD PÚBLICO,FEMENINO,46,CAMIONETA RURAL,CHOQUE FUGA,URBANO,AVENIDA,URBANA,INDUSTRIAL,TRAMO RECTO,ASFALTADA
A-2021-08-332,P-2021-08-332-2-8,2021,2021-08-17,08:15,MANANA (06-11),LIMA,LIMA,PASAJERO,LESIONADO,,CENTRO DE SALUD PÚBLICO,MASCULINO,46,CAMIONETA RURAL,CHOQUE FUGA,URBANO,AVENIDA,URBANA,INDUSTRIAL,TRAMO RECTO,ASFALTADA
A-2021-08-332,P-2021-08-332-2-9,2021,2021-08-17,08:15,MANANA (06-11),LIMA,LIMA,PASAJERO,LESIONADO,,CENTRO DE SALUD PÚBLICO,FEMENINO,60,CAMIONETA RURAL,CHOQUE FUGA,URBANO,AVENIDA,URBANA,INDUSTRIAL,TRAMO RECTO,ASFALTADA
A-2021-08-239,P-2021-08-239-1-1,2021,2021-08-18,09:50,MANANA (06-11),LIMA,BREÑA,CONDUCTOR,ILESO,,,MASCULINO,40,ÓMNIBUS,ATROPELLO,URBANO,AVENIDA,URBANA,RESIDENCIAL,TRAMO RECTO,ASFALTADA
A-2021-08-239,P-2021-08-239-1-2,2021,2021-08-18,09:50,MANANA (06-11),LIMA,BREÑA,PEATÓN,FALLECIDO,EN EL LUGAR DE LOS HECHOS,,MASCULINO,,ÓMNIBUS,ATROPELLO,URBANO,AVENIDA,URBANA,RESIDENCIAL,TRAMO RECTO,ASFALTADA
A-2021-08-240,P-2021-08-240-1-1,2021,2021-08-18,19:53,NOCHE (18-23),LIMA,ANCON,CONDUCTOR,ILESO,,,FEMENINO,39,AUTOMÓVIL,ATROPELLO FUGA,NACIONAL,CARRETERA,URBANA,RURAL,TRAMO RECTO,ASFALTADA
A-2021-08-240,P-2021-08-240-1-2,2021,2021-08-18,19:53,NOCHE (18-23),LIMA,ANCON,PEATÓN,FALLECIDO,EN EL LUGAR DE LOS HECHOS,,MASCULINO,67,AUTOMÓVIL,ATROPELLO FUGA,NACIONAL,CARRETERA,URBANA,RURAL,TRAMO RECTO,ASFALTADA
A-2021-08-242,P-2021-08-242-1-1,2021,2021-08-19,13:20,TARDE (12-17),LIMA,ATE,CONDUCTOR,ILESO,,,MASCULINO,43,OTRO,ESPECIAL,NACIONAL,CARRETERA,URBANA,ESCOLAR,TRAMO RECTO,ASFALTADA
A-2021-08-242,P-2021-08-242-1-2,2021,2021-08-19,13:20,TARDE (12-17),LIMA,ATE,PEATÓN,FALLECIDO,EN EL LUGAR DE LOS HECHOS,,FEMENINO,29,OTRO,ESPECIAL,NACIONAL,CARRETERA,URBANA,ESCOLAR,TRAMO RECTO,ASFALTADA
A-2021-08-241,P-2021-08-241-1-1,2021,2021-08-20,21:40,NOCHE (18-23),LIMA,COMAS,PEATÓN,FALLECIDO,EN EL CENTRO DE SALUD,,MASCULINO,77,VEHICULO NO IDENTIFICADO,ATROPELLO FUGA,URBANO,AVENIDA,URBANA,RESIDENCIAL,INTERSECCIÓN,ASFALTADA
A-2021-08-243,P-2021-08-243-1-1,2021,2021-08-21,23:00,NOCHE (18-23),LIMA,CHORRILLOS,CONDUCTOR,ILESO,,,MASCULINO,70,ÓMNIBUS,ATROPELLO,URBANO,AVENIDA,URBANA,RESIDENCIAL,TRAMO RECTO,ASFALTADA
A-2021-08-243,P-2021-08-243-1-2,2021,2021-08-21,23:00,NOCHE (18-23),LIMA,CHORRILLOS,PEATÓN,FALLECIDO,EN EL CENTRO DE SALUD,,MASCULINO,29,ÓMNIBUS,ATROPELLO,URBANO,AVENIDA,URBANA,RESIDENCIAL,TRAMO RECTO,ASFALTADA
A-2021-08-244,P-2021-08-244-1-1,2021,2021-08-22,04:30,MADRUGADA (00-05),LIMA,SAN MARTIN DE PORRES,CONDUCTOR,ILESO,,,MASCULINO,29,MOTOCICLETA,VOLCADURA,URBANO,AVENIDA,URBANA,ESCOLAR,INTERSECCIÓN,ASFALTADA
A-2021-08-244,P-2021-08-244-1-2,2021,2021-08-22,04:30,MADRUGADA (00-05),LIMA,SAN MARTIN DE PORRES,PASAJERO,FALLECIDO,EN EL CENTRO DE SALUD,,FEMENINO,23,MOTOCICLETA,VOLCADURA,URBANO,AVENIDA,URBANA,ESCOLAR,INTERSECCIÓN,ASFALTADA
A-2021-08-245,P-2021-08-245-1-1,2021,2021-08-22,18:15,NOCHE (18-23),LIMA,SAN BARTOLO,CONDUCTOR,ILESO,,,MASCULINO,39,CAMIONETA RURAL,ATROPELLO,NACIONAL,CARRETERA,URBANA,COMERCIAL,TRAMO RECTO,ASFALTADA
A-2021-08-245,P-2021-08-245-1-2,2021,2021-08-22,18:15,NOCHE (18-23),LIMA,SAN BARTOLO,PEATÓN,FALLECIDO,EN EL LUGAR DE LOS HECHOS,,NO INDICA,,CAMIONETA RURAL,ATROPELLO,NACIONAL,CARRETERA,URBANA,COMERCIAL,TRAMO RECTO,ASFALTADA
A-2021-08-247,P-2021-08-247-1-1,2021,2021-08-22,23:45,NOCHE (18-23),LIMA,SANTIAGO DE SURCO,CONDUCTOR,ILESO,,,MASCULINO,38,REMOLCADOR-SEMIREMOLQUE,CHOQUE,NACIONAL,CARRETERA,URBANA,RESIDENCIAL,INTERSECCIÓN,ASFALTADA
A-2021-08-247,P-2021-08-247-2-1,2021,2021-08-22,23:45,NOCHE (18-23),LIMA,SANTIAGO DE SURCO,CONDUCTOR,ILESO,,,MASCULINO,42,CAMIÓN,CHOQUE,NACIONAL,CARRETERA,URBANA,RESIDENCIAL,INTERSECCIÓN,ASFALTADA
A-2021-08-247,P-2021-08-247-2-2,2021,2021-08-22,23:45,NOCHE (18-23),LIMA,SANTIAGO DE SURCO,PASAJERO,LESIONADO,,CENTRO DE SALUD PRIVADO,MASCULINO,23,CAMIÓN,CHOQUE,NACIONAL,CARRETERA,URBANA,RESIDENCIAL,INTERSECCIÓN,ASFALTADA
A-2021-08-247,P-2021-08-247-2-3,2021,2021-08-22,23:45,NOCHE (18-23),LIMA,SANTIAGO DE SURCO,PASAJERO,FALLECIDO,EN EL CENTRO DE SALUD,,MASCULINO,,CAMIÓN,CHOQUE,NACIONAL,CARRETERA,URBANA,RESIDENCIAL,INTERSECCIÓN,ASFALTADA
A-2021-08-249,P-2021-08-249-1-1,2021,2021-08-24,14:00,TARDE (12-17),LIMA,SAN MARTIN DE PORRES,CONDUCTOR,ILESO,,,MASCULINO,31,TRIMOTO PASAJERO,ATROPELLO,URBANO,AVENIDA,URBANA,RESIDENCIAL,TRAMO RECTO,ASFALTADA
A-2021-08-249,P-2021-08-249-1-2,2021,2021-08-24,14:00,TARDE (12-17),LIMA,SAN MARTIN DE PORRES,PEATÓN,FALLECIDO,EN EL LUGAR DE LOS HECHOS,,MASCULINO,80,TRIMOTO PASAJERO,ATROPELLO,URBANO,AVENIDA,URBANA,RESIDENCIAL,TRAMO RECTO,ASFALTADA
A-2021-08-290,P-2021-08-290-1-1,2021,2021-08-24,19:00,NOCHE (18-23),CALLAO,CALLAO,CONDUCTOR FUGADO,NO SE CONOCE,,,NO INDICA,,VEHICULO NO IDENTIFICADO,ATROPELLO FUGA,NACIONAL,CARRETERA,URBANA,COMERCIAL,TRAMO RECTO,ASFALTADA
A-2021-08-290,P-2021-08-290-1-2,2021,2021-08-24,19:00,NOCHE (18-23),CALLAO,CALLAO,PEATÓN,FALLECIDO,EN EL LUGAR DE LOS HECHOS,,MASCULINO,32,VEHICULO NO IDENTIFICADO,ATROPELLO FUGA,NACIONAL,CARRETERA,URBANA,COMERCIAL,TRAMO RECTO,ASFALTADA
A-2021-08-248,P-2021-08-248-1-1,2021,2021-08-24,23:30,NOCHE (18-23),LIMA,LURIN,CONDUCTOR,ILESO,,,MASCULINO,69,REMOLCADOR-SEMIREMOLQUE,ATROPELLO,URBANO,AVENIDA,URBANA,RESIDENCIAL,TRAMO RECTO,CONCRETO
A-2021-08-248,P-2021-08-248-1-2,2021,2021-08-24,23:30,NOCHE (18-23),LIMA,LURIN,PEATÓN,FALLECIDO,EN EL CENTRO DE SALUD,,MASCULINO,,REMOLCADOR-SEMIREMOLQUE,ATROPELLO,URBANO,AVENIDA,URBANA,RESIDENCIAL,TRAMO RECTO,CONCRETO
A-2021-08-248,P-2021-08-248-2-1,2021,2021-08-24,23:30,NOCHE (18-23),LIMA,LURIN,CONDUCTOR,ILESO,,,MASCULINO,28,AUTOMÓVIL,ATROPELLO,URBANO,AVENIDA,URBANA,RESIDENCIAL,TRAMO RECTO,CONCRETO
A-2021-08-250,P-2021-08-250-1-1,2021,2021-08-25,12:00,TARDE (12-17),LIMA,EL AGUSTINO,CONDUCTOR,FALLECIDO,EN EL CENTRO DE SALUD,,MASCULINO,23,MOTOCICLETA,CHOQUE,URBANO,AVENIDA,URBANA,COMERCIAL,INTERSECCIÓN,ASFALTADA
A-2021-08-250,P-2021-08-250-2-1,2021,2021-08-25,12:00,TARDE (12-17),LIMA,EL AGUSTINO,CONDUCTOR,ILESO,,,MASCULINO,21,MOTOCICLETA,CHOQUE,URBANO,AVENIDA,URBANA,COMERCIAL,INTERSECCIÓN,ASFALTADA
A-2021-08-251,P-2021-08-251-1-1,2021,2021-08-25,14:30,TARDE (12-17),LIMA,ANCON,CONDUCTOR,ILESO,,,MASCULINO,34,CAMIONETA RURAL,CHOQUE,NACIONAL,CARRETERA,URBANA,INDUSTRIAL,INTERSECCIÓN,ASFALTADA
A-2021-08-251,P-2021-08-251-2-1,2021,2021-08-25,14:30,TARDE (12-17),LIMA,ANCON,CONDUCTOR,ILESO,,,MASCULINO,46,CAMIONETA RURAL,CHOQUE,NACIONAL,CARRETERA,URBANA,INDUSTRIAL,INTERSECCIÓN,ASFALTADA
A-2021-08-251,P-2021-08-251-2-2,2021,2021-08-25,14:30,TARDE (12-17),LIMA,ANCON,PASAJERO,FALLECIDO,EN EL LUGAR DE LOS HECHOS,,MASCULINO,21,CAMIONETA RURAL,CHOQUE,NACIONAL,CARRETERA,URBANA,INDUSTRIAL,INTERSECCIÓN,ASFALTADA
A-2021-08-253,P-2021-08-253-1-1,2021,2021-08-26,19:35,NOCHE (18-23),LIMA,SAN ISIDRO,CONDUCTOR,ILESO,,,MASCULINO,26,ÓMNIBUS,CHOQUE,URBANO,AVENIDA,URBANA,RESIDENCIAL,INTERSECCIÓN,ASFALTADA
A-2021-08-253,P-2021-08-253-2-1,2021,2021-08-26,19:35,NOCHE (18-23),LIMA,SAN ISIDRO,CONDUCTOR,FALLECIDO,EN EL LUGAR DE LOS HECHOS,,FEMENINO,69,BICICLETA,CHOQUE,URBANO,AVENIDA,URBANA,RESIDENCIAL,INTERSECCIÓN,ASFALTADA
A-2021-08-252,P-2021-08-252-1-1,2021,2021-08-29,02:00,MADRUGADA (00-05),LIMA,RIMAC,CONDUCTOR,FALLECIDO,EN EL LUGAR DE LOS HECHOS,,MASCULINO,,MOTOCICLETA,DESPISTE,URBANO,AVENIDA,URBANA,INDUSTRIAL,TRAMO RECTO,ASFALTADA
A-2021-08-254,P-2021-08-254-1-1,2021,2021-08-29,14:00,TARDE (12-17),LIMA,SAN MIGUEL,CONDUCTOR,ILESO,,,MASCULINO,45,AUTOMÓVIL,CHOQUE,URBANO,AVENIDA,URBANA,RESIDENCIAL,INTERSECCIÓN,ASFALTADA
A-2021-08-254,P-2021-08-254-2-1,2021,2021-08-29,14:00,TARDE (12-17),LIMA,SAN MIGUEL,CONDUCTOR,FALLECIDO,EN EL CENTRO DE SALUD,,MASCULINO,28,MOTOCICLETA,CHOQUE,URBANO,AVENIDA,URBANA,RESIDENCIAL,INTERSECCIÓN,ASFALTADA
A-2021-09-51,P-2021-09-51-1-1,2021,2021-09-01,17:30,TARDE (12-17),LIMA,ANCON,CONDUCTOR,ILESO,,,MASCULINO,31,CAMIONETA RURAL,ATROPELLO,URBANO,AVENIDA,URBANA,RESIDENCIAL,TRAMO RECTO,ASFALTADA
A-2021-09-51,P-2021-09-51-1-2,2021,2021-09-01,17:30,TARDE (12-17),LIMA,ANCON,PEATÓN,FALLECIDO,EN EL CENTRO DE SALUD,,MASCULINO,,CAMIONETA RURAL,ATROPELLO,URBANO,AVENIDA,URBANA,RESIDENCIAL,TRAMO RECTO,ASFALTADA
A-2021-09-52,P-2021-09-52-1-1,2021,2021-09-01,17:45,TARDE (12-17),LIMA,SAN JUAN DE MIRAFLORES,CONDUCTOR,ILESO,,,MASCULINO,33,CAMIÓN,ATROPELLO,URBANO,AVENIDA,URBANA,COMERCIAL,INTERSECCIÓN,ASFALTADA
A-2021-09-52,P-2021-09-52-1-2,2021,2021-09-01,17:45,TARDE (12-17),LIMA,SAN JUAN DE MIRAFLORES,PEATÓN,FALLECIDO,EN EL LUGAR DE LOS HECHOS,,MASCULINO,90,CAMIÓN,ATROPELLO,URBANO,AVENIDA,URBANA,COMERCIAL,INTERSECCIÓN,ASFALTADA
A-2021-09-53,P-2021-09-53-1-1,2021,2021-09-03,13:40,TARDE (12-17),LIMA,VILLA EL SALVADOR,CONDUCTOR,ILESO,,,MASCULINO,37,ÓMNIBUS,ATROPELLO,URBANO,AVENIDA,URBANA,RESIDENCIAL,TRAMO RECTO,ASFALTADA
A-2021-09-53,P-2021-09-53-1-2,2021,2021-09-03,13:40,TARDE (12-17),LIMA,VILLA EL SALVADOR,PEATÓN,FALLECIDO,EN EL LUGAR DE LOS HECHOS,,FEMENINO,,ÓMNIBUS,ATROPELLO,URBANO,AVENIDA,URBANA,RESIDENCIAL,TRAMO RECTO,ASFALTADA
A-2021-09-54,P-2021-09-54-1-1,2021,2021-09-04,16:45,TARDE (12-17),LIMA,EL AGUSTINO,CONDUCTOR,ILESO,,,MASCULINO,61,REMOLCADOR-SEMIREMOLQUE,ATROPELLO,URBANO,AVENIDA,URBANA,RESIDENCIAL,INTERSECCIÓN,ASFALTADA
A-2021-09-54,P-2021-09-54-1-2,2021,2021-09-04,16:45,TARDE (12-17),LIMA,EL AGUSTINO,PEATÓN,FALLECIDO,EN EL LUGAR DE LOS HECHOS,,MASCULINO,27,REMOLCADOR-SEMIREMOLQUE,ATROPELLO,URBANO,AVENIDA,URBANA,RESIDENCIAL,INTERSECCIÓN,ASFALTADA
A-2021-09-55,P-2021-09-55-1-1,2021,2021-09-05,06:00,MANANA (06-11),LIMA,LOS OLIVOS,CONDUCTOR,ILESO,,,MASCULINO,29,MOTOCICLETA,ATROPELLO,URBANO,AVENIDA,URBANA,RESIDENCIAL,INTERSECCIÓN,ASFALTADA
A-2021-09-55,P-2021-09-55-1-2,2021,2021-09-05,06:00,MANANA (06-11),LIMA,LOS OLIVOS,PEATÓN,FALLECIDO,EN EL LUGAR DE LOS HECHOS,,MASCULINO,,MOTOCICLETA,ATROPELLO,URBANO,AVENIDA,URBANA,RESIDENCIAL,INTERSECCIÓN,ASFALTADA
A-2021-09-114,P-2021-09-114-1-1,2021,2021-09-09,08:50,MANANA (06-11),LIMA,EL AGUSTINO,CONDUCTOR,ILESO,,,MASCULINO,,MOTOCICLETA,ATROPELLO,URBANO,AVENIDA,URBANA,COMERCIAL,TRAMO RECTO,ASFALTADA
A-2021-09-114,P-2021-09-114-1-2,2021,2021-09-09,08:50,MANANA (06-11),LIMA,EL AGUSTINO,PEATÓN,FALLECIDO,EN EL CENTRO DE SALUD,,FEMENINO,68,MOTOCICLETA,ATROPELLO,URBANO,AVENIDA,URBANA,COMERCIAL,TRAMO RECTO,ASFALTADA
A-2021-09-118,P-2021-09-118-1-1,2021,2021-09-11,17:40,TARDE (12-17),LIMA,CHACLACAYO,CONDUCTOR,ILESO,,,MASCULINO,51,OTRO,ESPECIAL,NACIONAL,CARRETERA,URBANA,RESIDENCIAL,TRAMO RECTO,ASFALTADA
A-2021-09-118,P-2021-09-118-1-2,2021,2021-09-11,17:40,TARDE (12-17),LIMA,CHACLACAYO,PEATÓN,FALLECIDO,EN EL LUGAR DE LOS HECHOS,,FEMENINO,41,OTRO,ESPECIAL,NACIONAL,CARRETERA,URBANA,RESIDENCIAL,TRAMO RECTO,ASFALTADA
A-2021-09-119,P-2021-09-119-1-1,2021,2021-09-12,19:58,NOCHE (18-23),LIMA,VILLA EL SALVADOR,CONDUCTOR,ILESO,,,MASCULINO,28,REMOLCADOR-SEMIREMOLQUE,CHOQUE,URBANO,AVENIDA,URBANA,RESIDENCIAL,TRAMO RECTO,ASFALTADA
A-2021-09-119,P-2021-09-119-2-1,2021,2021-09-12,19:58,NOCHE (18-23),LIMA,VILLA EL SALVADOR,CONDUCTOR,FALLECIDO,EN EL LUGAR DE LOS HECHOS,,MASCULINO,,MOTOCICLETA,CHOQUE,URBANO,AVENIDA,URBANA,RESIDENCIAL,TRAMO RECTO,ASFALTADA
A-2021-09-121,P-2021-09-121-1-1,2021,2021-09-14,21:00,NOCHE (18-23),LIMA,LOS OLIVOS,CONDUCTOR,FALLECIDO,EN EL LUGAR DE LOS HECHOS,,MASCULINO,,MOTOCICLETA,DESPISTE,NACIONAL,CARRETERA,URBANA,RESIDENCIAL,TRAMO RECTO,ASFALTADA
A-2021-09-124,P-2021-09-124-1-1,2021,2021-09-15,06:40,MANANA (06-11),LIMA,MIRAFLORES,CONDUCTOR,ILESO,,,MASCULINO,30,ÓMNIBUS,ATROPELLO,URBANO,AVENIDA,URBANA,COMERCIAL,INTERSECCIÓN,ASFALTADA
A-2021-09-124,P-2021-09-124-1-2,2021,2021-09-15,06:40,MANANA (06-11),LIMA,MIRAFLORES,PEATÓN,FALLECIDO,EN EL LUGAR DE LOS HECHOS,,MASCULINO,30,ÓMNIBUS,ATROPELLO,URBANO,AVENIDA,URBANA,COMERCIAL,INTERSECCIÓN,ASFALTADA
A-2021-09-126,P-2021-09-126-1-1,2021,2021-09-19,09:00,MANANA (06-11),LIMA,VILLA EL SALVADOR,CONDUCTOR,ILESO,,,MASCULINO,36,AUTOMÓVIL,ATROPELLO,URBANO,AVENIDA,URBANA,COMERCIAL,INTERSECCIÓN,ASFALTADA
A-2021-09-126,P-2021-09-126-1-2,2021,2021-09-19,09:00,MANANA (06-11),LIMA,VILLA EL SALVADOR,PEATÓN,FALLECIDO,EN EL LUGAR DE LOS HECHOS,,FEMENINO,29,AUTOMÓVIL,ATROPELLO,URBANO,AVENIDA,URBANA,COMERCIAL,INTERSECCIÓN,ASFALTADA
A-2021-09-127,P-2021-09-127-1-1,2021,2021-09-20,23:30,NOCHE (18-23),LIMA,RIMAC,CONDUCTOR,FALLECIDO,EN EL LUGAR DE LOS HECHOS,,MASCULINO,26,TRIMOTO PASAJERO,VOLCADURA,URBANO,AVENIDA,URBANA,COMERCIAL,TRAMO RECTO,ASFALTADA
A-2021-09-133,P-2021-09-133-1-1,2021,2021-09-23,12:15,TARDE (12-17),LIMA,SAN JUAN DE MIRAFLORES,CONDUCTOR,FALLECIDO,EN EL LUGAR DE LOS HECHOS,,MASCULINO,25,MOTOCICLETA,CHOQUE CON OBJETO FIJO,NACIONAL,CARRETERA,URBANA,COMERCIAL,TRAMO RECTO,ASFALTADA
A-2021-09-135,P-2021-09-135-1-1,2021,2021-09-24,12:20,TARDE (12-17),LIMA,VILLA EL SALVADOR,CONDUCTOR,ILESO,,,MASCULINO,50,CAMIONETA PANEL,CHOQUE,URBANO,AVENIDA,URBANA,RESIDENCIAL,TRAMO RECTO,ASFALTADA
A-2021-09-135,P-2021-09-135-2-1,2021,2021-09-24,12:20,TARDE (12-17),LIMA,VILLA EL SALVADOR,CONDUCTOR,FALLECIDO,EN EL CENTRO DE SALUD,,MASCULINO,22,TRIMOTO PASAJERO,CHOQUE,URBANO,AVENIDA,URBANA,RESIDENCIAL,TRAMO RECTO,ASFALTADA
A-2021-09-154,P-2021-09-154-1-1,2021,2021-09-25,06:00,MANANA (06-11),LIMA,LIMA,CONDUCTOR,FALLECIDO,EN EL LUGAR DE LOS HECHOS,,MASCULINO,,MOTOCICLETA,DESPISTE,URBANO,AVENIDA,URBANA,RESIDENCIAL,TRAMO RECTO,ASFALTADA
A-2021-09-156,P-2021-09-156-1-1,2021,2021-09-27,18:00,NOCHE (18-23),LIMA,LURIN,CONDUCTOR,ILESO,,,MASCULINO,32,REMOLCADOR,ATROPELLO,URBANO,AVENIDA,URBANA,COMERCIAL,TRAMO RECTO,ASFALTADA
A-2021-09-156,P-2021-09-156-1-2,2021,2021-09-27,18:00,NOCHE (18-23),LIMA,LURIN,PEATÓN,FALLECIDO,EN EL LUGAR DE LOS HECHOS,,MASCULINO,0,REMOLCADOR,ATROPELLO,URBANO,AVENIDA,URBANA,COMERCIAL,TRAMO RECTO,ASFALTADA
A-2021-09-155,P-2021-09-155-1-1,2021,2021-09-27,20:30,NOCHE (18-23),LIMA,BREÑA,CONDUCTOR,ILESO,,,MASCULINO,60,AUTOMÓVIL,ATROPELLO,URBANO,AVENIDA,URBANA,COMERCIAL,TRAMO RECTO,ASFALTADA
A-2021-09-155,P-2021-09-155-1-2,2021,2021-09-27,20:30,NOCHE (18-23),LIMA,BREÑA,PEATÓN,FALLECIDO,EN EL LUGAR DE LOS HECHOS,,FEMENINO,68,AUTOMÓVIL,ATROPELLO,URBANO,AVENIDA,URBANA,COMERCIAL,TRAMO RECTO,ASFALTADA
A-2021-09-222,P-2021-09-222-1-1,2021,2021-09-29,09:30,MANANA (06-11),LIMA,SAN JUAN DE LURIGANCHO,CONDUCTOR,ILESO,,,MASCULINO,,ÓMNIBUS,ATROPELLO,URBANO,AVENIDA,URBANA,RESIDENCIAL,INTERSECCIÓN,ASFALTADA
A-2021-09-222,P-2021-09-222-1-2,2021,2021-09-29,09:30,MANANA (06-11),LIMA,SAN JUAN DE LURIGANCHO,PEATÓN,FALLECIDO,EN EL CENTRO DE SALUD,,MASCULINO,69,ÓMNIBUS,ATROPELLO,URBANO,AVENIDA,URBANA,RESIDENCIAL,INTERSECCIÓN,ASFALTADA
A-2021-09-224,P-2021-09-224-1-1,2021,2021-09-29,12:00,TARDE (12-17),LIMA,LIMA,CONDUCTOR,ILESO,,,MASCULINO,41,MINIBUS,ATROPELLO,URBANO,AVENIDA,URBANA,COMERCIAL,TRAMO RECTO,ASFALTADA
A-2021-09-224,P-2021-09-224-1-2,2021,2021-09-29,12:00,TARDE (12-17),LIMA,LIMA,PEATÓN,FALLECIDO,EN EL LUGAR DE LOS HECHOS,,FEMENINO,58,MINIBUS,ATROPELLO,URBANO,AVENIDA,URBANA,COMERCIAL,TRAMO RECTO,ASFALTADA
A-2021-09-223,P-2021-09-223-1-1,2021,2021-09-29,20:00,NOCHE (18-23),LIMA,LURIN,CONDUCTOR,ILESO,,,MASCULINO,34,REMOLCADOR-SEMIREMOLQUE,CHOQUE,URBANO,AVENIDA,URBANA,COMERCIAL,TRAMO RECTO,ASFALTADA
A-2021-09-223,P-2021-09-223-2-1,2021,2021-09-29,20:00,NOCHE (18-23),LIMA,LURIN,CONDUCTOR,FALLECIDO,EN EL LUGAR DE LOS HECHOS,,MASCULINO,47,REMOLCADOR,CHOQUE,URBANO,AVENIDA,URBANA,COMERCIAL,TRAMO RECTO,ASFALTADA
A-2021-09-226,P-2021-09-226-1-1,2021,2021-09-30,00:48,MADRUGADA (00-05),LIMA,COMAS,CONDUCTOR,FALLECIDO,EN EL LUGAR DE LOS HECHOS,,MASCULINO,,AUTOMÓVIL,CHOQUE CON OBJETO FIJO,URBANO,AVENIDA,URBANA,ESCOLAR,TRAMO RECTO,ASFALTADA
A-2021-09-226,P-2021-09-226-1-2,2021,2021-09-30,00:48,MADRUGADA (00-05),LIMA,COMAS,PASAJERO,LESIONADO,,CENTRO DE SALUD PÚBLICO,MASCULINO,34,AUTOMÓVIL,CHOQUE CON OBJETO FIJO,URBANO,AVENIDA,URBANA,ESCOLAR,TRAMO RECTO,ASFALTADA
A-2021-10-40,P-2021-10-40-1-1,2021,2021-10-01,19:30,NOCHE (18-23),LIMA,SAN JUAN DE LURIGANCHO,PEATÓN,FALLECIDO,EN EL LUGAR DE LOS HECHOS,,FEMENINO,65,VEHICULO NO IDENTIFICADO,ATROPELLO FUGA,URBANO,AVENIDA,URBANA,COMERCIAL,TRAMO RECTO,ASFALTADA
A-2021-10-41,P-2021-10-41-1-1,2021,2021-10-03,12:40,TARDE (12-17),LIMA,SAN MARTIN DE PORRES,CONDUCTOR,FALLECIDO,EN EL LUGAR DE LOS HECHOS,,MASCULINO,,MOTOCICLETA,DESPISTE,URBANO,AVENIDA,URBANA,COMERCIAL,INTERSECCIÓN,ASFALTADA
A-2021-10-41,P-2021-10-41-1-2,2021,2021-10-03,12:40,TARDE (12-17),LIMA,SAN MARTIN DE PORRES,PASAJERO,LESIONADO,,CENTRO DE SALUD PÚBLICO,FEMENINO,23,MOTOCICLETA,DESPISTE,URBANO,AVENIDA,URBANA,COMERCIAL,INTERSECCIÓN,ASFALTADA
A-2021-10-42,P-2021-10-42-1-1,2021,2021-10-05,14:30,TARDE (12-17),LIMA,INDEPENDENCIA,CONDUCTOR,ILESO,,,MASCULINO,,MOTOCICLETA,ATROPELLO,URBANO,AVENIDA,URBANA,RESIDENCIAL,TRAMO RECTO,ASFALTADA
A-2021-10-42,P-2021-10-42-1-2,2021,2021-10-05,14:30,TARDE (12-17),LIMA,INDEPENDENCIA,PEATÓN,FALLECIDO,EN EL LUGAR DE LOS HECHOS,,MASCULINO,0,MOTOCICLETA,ATROPELLO,URBANO,AVENIDA,URBANA,RESIDENCIAL,TRAMO RECTO,ASFALTADA
A-2021-10-43,P-2021-10-43-1-1,2021,2021-10-06,17:30,TARDE (12-17),LIMA,SANTIAGO DE SURCO,CONDUCTOR,ILESO,,,MASCULINO,47,REMOLCADOR,ATROPELLO,NACIONAL,CARRETERA,URBANA,COMERCIAL,TRAMO RECTO,ASFALTADA
A-2021-10-43,P-2021-10-43-1-2,2021,2021-10-06,17:30,TARDE (12-17),LIMA,SANTIAGO DE SURCO,PEATÓN,FALLECIDO,EN EL LUGAR DE LOS HECHOS,,MASCULINO,49,REMOLCADOR,ATROPELLO,NACIONAL,CARRETERA,URBANA,COMERCIAL,TRAMO RECTO,ASFALTADA
A-2021-10-49,P-2021-10-49-1-1,2021,2021-10-07,16:15,TARDE (12-17),LIMA,BARRANCO,CONDUCTOR,FALLECIDO,EN EL LUGAR DE LOS HECHOS,,MASCULINO,,AUTOMÓVIL,CHOQUE CON OBJETO FIJO,URBANO,AVENIDA,URBANA,COMERCIAL,TRAMO RECTO,ASFALTADA
A-2021-10-50,P-2021-10-50-1-1,2021,2021-10-07,19:20,NOCHE (18-23),LIMA,VILLA EL SALVADOR,CONDUCTOR,FALLECIDO,EN EL CENTRO DE SALUD,,MASCULINO,34,MOTOCICLETA,VOLCADURA,URBANO,AVENIDA,URBANA,COMERCIAL,INTERSECCIÓN,ASFALTADA
A-2021-10-51,P-2021-10-51-1-1,2021,2021-10-07,19:30,NOCHE (18-23),LIMA,SANTIAGO DE SURCO,CONDUCTOR,FALLECIDO,EN EL CENTRO DE SALUD,,FEMENINO,46,MOTOCICLETA,CHOQUE CON OBJETO FIJO,NACIONAL,CARRETERA,URBANA,RESIDENCIAL,TRAMO RECTO,ASFALTADA
A-2021-10-52,P-2021-10-52-1-1,2021,2021-10-08,10:30,MANANA (06-11),LIMA,COMAS,CONDUCTOR,ILESO,,,MASCULINO,34,CAMIONETA RURAL,ATROPELLO,URBANO,AVENIDA,URBANA,INDUSTRIAL,TRAMO RECTO,ASFALTADA
A-2021-10-52,P-2021-10-52-1-2,2021,2021-10-08,10:30,MANANA (06-11),LIMA,COMAS,PEATÓN,FALLECIDO,EN EL LUGAR DE LOS HECHOS,,MASCULINO,96,CAMIONETA RURAL,ATROPELLO,URBANO,AVENIDA,URBANA,INDUSTRIAL,TRAMO RECTO,ASFALTADA
A-2021-10-133,P-2021-10-133-1-1,2021,2021-10-08,23:30,NOCHE (18-23),CALLAO,BELLAVISTA,CONDUCTOR,FALLECIDO,CAMINO AL CENTRO DE SALUD,,MASCULINO,22,MOTOCICLETA,DESPISTE,URBANO,AVENIDA,URBANA,RESIDENCIAL,TRAMO RECTO,ASFALTADA
A-2021-10-53,P-2021-10-53-1-1,2021,2021-10-09,20:15,NOCHE (18-23),LIMA,LURIN,CONDUCTOR,FALLECIDO,EN EL LUGAR DE LOS HECHOS,,MASCULINO,32,TRIMOTO PASAJERO,CHOQUE,URBANO,AVENIDA,URBANA,RESIDENCIAL,TRAMO RECTO,ASFALTADA
A-2021-10-53,P-2021-10-53-2-1,2021,2021-10-09,20:15,NOCHE (18-23),LIMA,LURIN,SIN CONDUCTOR,NO SE CONOCE,,,NO INDICA,,CAMIONETA RURAL,CHOQUE,URBANO,AVENIDA,URBANA,RESIDENCIAL,TRAMO RECTO,ASFALTADA
A-2021-10-54,P-2021-10-54-1-1,2021,2021-10-11,05:00,MADRUGADA (00-05),LIMA,PUENTE PIEDRA,CONDUCTOR,ILESO,,,MASCULINO,29,MINIBUS,ATROPELLO,NACIONAL,CARRETERA,URBANA,COMERCIAL,TRAMO RECTO,ASFALTADA
A-2021-10-54,P-2021-10-54-1-2,2021,2021-10-11,05:00,MADRUGADA (00-05),LIMA,PUENTE PIEDRA,PEATÓN,FALLECIDO,EN EL LUGAR DE LOS HECHOS,,FEMENINO,52,MINIBUS,ATROPELLO,NACIONAL,CARRETERA,URBANA,COMERCIAL,TRAMO RECTO,ASFALTADA
A-2021-10-187,P-2021-10-187-1-1,2021,2021-10-13,07:10,MANANA (06-11),LIMA,LOS OLIVOS,CONDUCTOR,ILESO,,,MASCULINO,33,ÓMNIBUS,VOLCADURA,URBANO,AVENIDA,URBANA,ESCOLAR,TRAMO RECTO,ASFALTADA
A-2021-10-187,P-2021-10-187-2-1,2021,2021-10-13,07:10,MANANA (06-11),LIMA,LOS OLIVOS,CONDUCTOR,FALLECIDO,EN EL LUGAR DE LOS HECHOS,,MASCULINO,28,MOTOCICLETA,VOLCADURA,URBANO,AVENIDA,URBANA,ESCOLAR,TRAMO RECTO,ASFALTADA
A-2021-10-188,P-2021-10-188-1-1,2021,2021-10-13,08:00,MANANA (06-11),LIMA,ATE,CONDUCTOR,FALLECIDO,EN EL LUGAR DE LOS HECHOS,,MASCULINO,37,MOTOCICLETA,CHOQUE,NACIONAL,CARRETERA,URBANA,INDUSTRIAL,OTRO,ASFALTADA
A-2021-10-188,P-2021-10-188-2-1,2021,2021-10-13,08:00,MANANA (06-11),LIMA,ATE,CONDUCTOR,ILESO,,,MASCULINO,48,CAMIÓN,CHOQUE,NACIONAL,CARRETERA,URBANA,INDUSTRIAL,OTRO,ASFALTADA
A-2021-10-189,P-2021-10-189-1-1,2021,2021-10-14,08:15,MANANA (06-11),LIMA,LURIN,CONDUCTOR,ILESO,,,MASCULINO,42,ÓMNIBUS,ESPECIAL,NACIONAL,CARRETERA,URBANA,RESIDENCIAL,TRAMO RECTO,ASFALTADA
A-2021-10-189,P-2021-10-189-2-1,2021,2021-10-14,08:15,MANANA (06-11),LIMA,LURIN,CONDUCTOR,FALLECIDO,,,NO INDICA,,CAMIONETA RURAL,ESPECIAL,NACIONAL,CARRETERA,URBANA,RESIDENCIAL,TRAMO RECTO,ASFALTADA
A-2021-10-189,P-2021-10-189-2-2,2021,2021-10-14,08:15,MANANA (06-11),LIMA,LURIN,PASAJERO,LESIONADO,,CENTRO DE SALUD PRIVADO,FEMENINO,,CAMIONETA RURAL,ESPECIAL,NACIONAL,CARRETERA,URBANA,RESIDENCIAL,TRAMO RECTO,ASFALTADA
A-2021-10-190,P-2021-10-190-1-1,2021,2021-10-14,22:00,NOCHE (18-23),LIMA,LA VICTORIA,CONDUCTOR,FALLECIDO,EN EL LUGAR DE LOS HECHOS,,MASCULINO,32,MOTOCICLETA,CHOQUE,URBANO,AVENIDA,URBANA,INDUSTRIAL,ÓVALO,ASFALTADA
A-2021-10-190,P-2021-10-190-1-2,2021,2021-10-14,22:00,NOCHE (18-23),LIMA,LA VICTORIA,PASAJERO,FALLECIDO,EN EL LUGAR DE LOS HECHOS,,MASCULINO,38,MOTOCICLETA,CHOQUE,URBANO,AVENIDA,URBANA,INDUSTRIAL,ÓVALO,ASFALTADA
A-2021-10-190,P-2021-10-190-2-1,2021,2021-10-14,22:00,NOCHE (18-23),LIMA,LA VICTORIA,CONDUCTOR,ILESO,,,MASCULINO,,CAMIONETA PICK UP,CHOQUE,URBANO,AVENIDA,URBANA,INDUSTRIAL,ÓVALO,ASFALTADA
A-2021-10-134,P-2021-10-134-1-1,2021,2021-10-17,05:45,MADRUGADA (00-05),CALLAO,VENTANILLA,CONDUCTOR,ILESO,,,MASCULINO,32,AUTOMÓVIL,CHOQUE,NACIONAL,CARRETERA,URBANA,RESIDENCIAL,TRAMO RECTO,ASFALTADA
A-2021-10-134,P-2021-10-134-2-1,2021,2021-10-17,05:45,MADRUGADA (00-05),CALLAO,VENTANILLA,CONDUCTOR,FALLECIDO,EN EL CENTRO DE SALUD,,MASCULINO,25,MOTOCICLETA,CHOQUE,NACIONAL,CARRETERA,URBANA,RESIDENCIAL,TRAMO RECTO,ASFALTADA
A-2021-10-191,P-2021-10-191-1-1,2021,2021-10-17,13:55,TARDE (12-17),LIMA,LA VICTORIA,CONDUCTOR,ILESO,,,MASCULINO,26,MOTOCICLETA,ATROPELLO,URBANO,AVENIDA,URBANA,COMERCIAL,TRAMO RECTO,ASFALTADA
A-2021-10-191,P-2021-10-191-1-2,2021,2021-10-17,13:55,TARDE (12-17),LIMA,LA VICTORIA,PEATÓN,FALLECIDO,EN EL LUGAR DE LOS HECHOS,,MASCULINO,,MOTOCICLETA,ATROPELLO,URBANO,AVENIDA,URBANA,COMERCIAL,TRAMO RECTO,ASFALTADA
A-2021-10-192,P-2021-10-192-1-1,2021,2021-10-17,16:45,TARDE (12-17),LIMA,CARABAYLLO,CONDUCTOR,ILESO,,,MASCULINO,23,MOTOCICLETA,CHOQUE,URBANO,AVENIDA,URBANA,RESIDENCIAL,TRAMO RECTO,ASFALTADA
A-2021-10-192,P-2021-10-192-1-2,2021,2021-10-17,16:45,TARDE (12-17),LIMA,CARABAYLLO,PASAJERO,LESIONADO,,CENTRO DE SALUD PÚBLICO,FEMENINO,42,MOTOCICLETA,CHOQUE,URBANO,AVENIDA,URBANA,RESIDENCIAL,TRAMO RECTO,ASFALTADA
A-2021-10-192,P-2021-10-192-2-1,2021,2021-10-17,16:45,TARDE (12-17),LIMA,CARABAYLLO,CONDUCTOR,FALLECIDO,EN EL LUGAR DE LOS HECHOS,,NO INDICA,,MOTOCICLETA,CHOQUE,URBANO,AVENIDA,URBANA,RESIDENCIAL,TRAMO RECTO,ASFALTADA
A-2021-10-193,P-2021-10-193-1-1,2021,2021-10-18,14:52,TARDE (12-17),LIMA,BREÑA,CONDUCTOR,ILESO,,,MASCULINO,32,AUTOMÓVIL,ATROPELLO,URBANO,AVENIDA,URBANA,COMERCIAL,TRAMO RECTO,ASFALTADA
A-2021-10-193,P-2021-10-193-1-2,2021,2021-10-18,14:52,TARDE (12-17),LIMA,BREÑA,PEATÓN,FALLECIDO,EN EL LUGAR DE LOS HECHOS,,MASCULINO,90,AUTOMÓVIL,ATROPELLO,URBANO,AVENIDA,URBANA,COMERCIAL,TRAMO RECTO,ASFALTADA
A-2021-10-194,P-2021-10-194-1-1,2021,2021-10-18,18:00,NOCHE (18-23),LIMA,SANTIAGO DE SURCO,CONDUCTOR,ILESO,,,MASCULINO,55,MOTOCICLETA,ATROPELLO,URBANO,AVENIDA,URBANA,RESIDENCIAL,INTERSECCIÓN,ASFALTADA
A-2021-10-194,P-2021-10-194-1-2,2021,2021-10-18,18:00,NOCHE (18-23),LIMA,SANTIAGO DE SURCO,PEATÓN,FALLECIDO,EN EL LUGAR DE LOS HECHOS,,MASCULINO,72,MOTOCICLETA,ATROPELLO,URBANO,AVENIDA,URBANA,RESIDENCIAL,INTERSECCIÓN,ASFALTADA
A-2021-10-195,P-2021-10-195-1-1,2021,2021-10-19,23:40,NOCHE (18-23),LIMA,LURIN,CONDUCTOR,ILESO,,,MASCULINO,30,AUTOMÓVIL,DESPISTE,NACIONAL,CARRETERA,URBANA,INDUSTRIAL,TRAMO RECTO,ASFALTADA
A-2021-10-195,P-2021-10-195-1-2,2021,2021-10-19,23:40,NOCHE (18-23),LIMA,LURIN,PASAJERO,FALLECIDO,EN EL LUGAR DE LOS HECHOS,,MASCULINO,48,AUTOMÓVIL,DESPISTE,NACIONAL,CARRETERA,URBANA,INDUSTRIAL,TRAMO RECTO,ASFALTADA
A-2021-10-196,P-2021-10-196-1-1,2021,2021-10-20,14:30,TARDE (12-17),LIMA,COMAS,CONDUCTOR,ILESO,,,MASCULINO,,MOTOCICLETA,ATROPELLO,URBANO,AVENIDA,URBANA,COMERCIAL,INTERSECCIÓN,ASFALTADA
A-2021-10-196,P-2021-10-196-1-2,2021,2021-10-20,14:30,TARDE (12-17),LIMA,COMAS,PEATÓN,FALLECIDO,EN EL LUGAR DE LOS HECHOS,,MASCULINO,87,MOTOCICLETA,ATROPELLO,URBANO,AVENIDA,URBANA,COMERCIAL,INTERSECCIÓN,ASFALTADA
A-2021-10-197,P-2021-10-197-1-1,2021,2021-10-21,21:30,NOCHE (18-23),LIMA,PUENTE PIEDRA,CONDUCTOR,ILESO,,,MASCULINO,45,AUTOMÓVIL,ATROPELLO,NACIONAL,CARRETERA,URBANA,COMERCIAL,TRAMO RECTO,ASFALTADA
A-2021-10-197,P-2021-10-197-1-2,2021,2021-10-21,21:30,NOCHE (18-23),LIMA,PUENTE PIEDRA,PEATÓN,FALLECIDO,EN EL LUGAR DE LOS HECHOS,,MASCULINO,25,AUTOMÓVIL,ATROPELLO,NACIONAL,CARRETERA,URBANA,COMERCIAL,TRAMO RECTO,ASFALTADA
A-2021-10-198,P-2021-10-198-1-1,2021,2021-10-22,13:26,TARDE (12-17),LIMA,SANTIAGO DE SURCO,CONDUCTOR,FALLECIDO,EN EL LUGAR DE LOS HECHOS,,MASCULINO,,MOTOCICLETA,CHOQUE,URBANO,JIRÓN,URBANA,COMERCIAL,INTERSECCIÓN,ASFALTADA
A-2021-10-198,P-2021-10-198-2-1,2021,2021-10-22,13:26,TARDE (12-17),LIMA,SANTIAGO DE SURCO,CONDUCTOR FUGADO,NO SE CONOCE,,,NO INDICA,,TRIMOTO PASAJERO,CHOQUE,URBANO,JIRÓN,URBANA,COMERCIAL,INTERSECCIÓN,ASFALTADA
A-2021-10-200,P-2021-10-200-1-1,2021,2021-10-22,16:00,TARDE (12-17),LIMA,LOS OLIVOS,CONDUCTOR,ILESO,,,MASCULINO,61,TRIMOTO PASAJERO,CHOQUE,URBANO,AVENIDA,URBANA,ESCOLAR,INTERSECCIÓN,ASFALTADA
A-2021-10-200,P-2021-10-200-2-1,2021,2021-10-22,16:00,TARDE (12-17),LIMA,LOS OLIVOS,CONDUCTOR,FALLECIDO,EN EL LUGAR DE LOS HECHOS,,MASCULINO,25,MOTOCICLETA,CHOQUE,URBANO,AVENIDA,URBANA,ESCOLAR,INTERSECCIÓN,ASFALTADA
A-2021-10-201,P-2021-10-201-1-1,2021,2021-10-23,17:35,TARDE (12-17),LIMA,PUENTE PIEDRA,CONDUCTOR,ILESO,,,MASCULINO,58,MINIBUS,ATROPELLO,NACIONAL,CARRETERA,URBANA,COMERCIAL,TRAMO RECTO,ASFALTADA
A-2021-10-201,P-2021-10-201-1-2,2021,2021-10-23,17:35,TARDE (12-17),LIMA,PUENTE PIEDRA,PEATÓN,FALLECIDO,EN EL LUGAR DE LOS HECHOS,,MASCULINO,81,MINIBUS,ATROPELLO,NACIONAL,CARRETERA,URBANA,COMERCIAL,TRAMO RECTO,ASFALTADA
A-2021-10-202,P-2021-10-202-1-1,2021,2021-10-24,04:00,MADRUGADA (00-05),LIMA,LURIGANCHO,CONDUCTOR,FALLECIDO,EN EL LUGAR DE LOS HECHOS,,MASCULINO,33,MOTOCICLETA,DESPISTE,URBANO,CALLE,URBANA,COMERCIAL,TRAMO RECTO,ASFALTADA
A-2021-10-203,P-2021-10-203-1-1,2021,2021-10-26,17:30,TARDE (12-17),LIMA,SANTA ANITA,CONDUCTOR,ILESO,,,MASCULINO,24,MOTOCICLETA,ATROPELLO,URBANO,AVENIDA,URBANA,COMERCIAL,TRAMO RECTO,ASFALTADA
A-2021-10-203,P-2021-10-203-1-2,2021,2021-10-26,17:30,TARDE (12-17),LIMA,SANTA ANITA,PEATÓN,FALLECIDO,EN EL LUGAR DE LOS HECHOS,,MASCULINO,80,MOTOCICLETA,ATROPELLO,URBANO,AVENIDA,URBANA,COMERCIAL,TRAMO RECTO,ASFALTADA
A-2021-10-135,P-2021-10-135-1-1,2021,2021-10-27,22:15,NOCHE (18-23),CALLAO,CALLAO,CONDUCTOR,FALLECIDO,EN EL LUGAR DE LOS HECHOS,,MASCULINO,34,MOTOCICLETA,DESPISTE,NACIONAL,CARRETERA,URBANA,INDUSTRIAL,TRAMO RECTO,ASFALTADA
A-2021-10-204,P-2021-10-204-1-1,2021,2021-10-28,06:55,MANANA (06-11),LIMA,LURIGANCHO,CONDUCTOR,ILESO,,,MASCULINO,,REMOLCADOR,ESPECIAL,URBANO,CALLE,URBANA,COMERCIAL,TRAMO RECTO,CONCRETO
A-2021-10-204,P-2021-10-204-1-2,2021,2021-10-28,06:55,MANANA (06-11),LIMA,LURIGANCHO,PEATÓN,FALLECIDO,EN EL LUGAR DE LOS HECHOS,,MASCULINO,52,REMOLCADOR,ESPECIAL,URBANO,CALLE,URBANA,COMERCIAL,TRAMO RECTO,CONCRETO
A-2021-10-205,P-2021-10-205-1-1,2021,2021-10-28,17:00,TARDE (12-17),LIMA,COMAS,CONDUCTOR,ILESO,,,MASCULINO,31,AUTOMÓVIL,CHOQUE,URBANO,AVENIDA,URBANA,COMERCIAL,INTERSECCIÓN,ASFALTADA
A-2021-10-205,P-2021-10-205-1-2,2021,2021-10-28,17:00,TARDE (12-17),LIMA,COMAS,PASAJERO,FALLECIDO,EN EL LUGAR DE LOS HECHOS,,FEMENINO,23,AUTOMÓVIL,CHOQUE,URBANO,AVENIDA,URBANA,COMERCIAL,INTERSECCIÓN,ASFALTADA
A-2021-10-205,P-2021-10-205-2-1,2021,2021-10-28,17:00,TARDE (12-17),LIMA,COMAS,CONDUCTOR FUGADO,NO SE CONOCE,,,NO INDICA,,TRIMOTO PASAJERO,CHOQUE,URBANO,AVENIDA,URBANA,COMERCIAL,INTERSECCIÓN,ASFALTADA
A-2021-10-205,P-2021-10-205-2-2,2021,2021-10-28,17:00,TARDE (12-17),LIMA,COMAS,PASAJERO,LESIONADO,,CENTRO DE SALUD PÚBLICO,MASCULINO,24,TRIMOTO PASAJERO,CHOQUE,URBANO,AVENIDA,URBANA,COMERCIAL,INTERSECCIÓN,ASFALTADA
A-2021-10-206,P-2021-10-206-1-1,2021,2021-10-31,05:50,MADRUGADA (00-05),LIMA,COMAS,SIN CONDUCTOR,NO SE CONOCE,,,NO INDICA,,STATION WAGON,ATROPELLO,NACIONAL,CARRETERA,URBANA,COMERCIAL,INTERSECCIÓN,ASFALTADA
A-2021-10-206,P-2021-10-206-1-2,2021,2021-10-31,05:50,MADRUGADA (00-05),LIMA,COMAS,PEATÓN,FALLECIDO,EN EL LUGAR DE LOS HECHOS,,MASCULINO,36,STATION WAGON,ATROPELLO,NACIONAL,CARRETERA,URBANA,COMERCIAL,INTERSECCIÓN,ASFALTADA
A-2021-10-207,P-2021-10-207-1-1,2021,2021-10-31,05:50,MADRUGADA (00-05),LIMA,LIMA,CONDUCTOR FUGADO,NO SE CONOCE,,,NO INDICA,,VEHICULO NO IDENTIFICADO,ATROPELLO FUGA,URBANO,AVENIDA,URBANA,COMERCIAL,TRAMO RECTO,ASFALTADA
A-2021-10-207,P-2021-10-207-1-2,2021,2021-10-31,05:50,MADRUGADA (00-05),LIMA,LIMA,PEATÓN,FALLECIDO,EN EL LUGAR DE LOS HECHOS,,MASCULINO,58,VEHICULO NO IDENTIFICADO,ATROPELLO FUGA,URBANO,AVENIDA,URBANA,COMERCIAL,TRAMO RECTO,ASFALTADA
A-2021-11-113,P-2021-11-113-1-1,2021,2021-11-01,20:40,NOCHE (18-23),LIMA,VILLA MARIA DEL TRIUNFO,CONDUCTOR,FALLECIDO,EN EL CENTRO DE SALUD,,MASCULINO,63,TRIMOTO PASAJERO,DESPISTE,URBANO,AVENIDA,URBANA,INDUSTRIAL,INTERSECCIÓN,ASFALTADA
A-2021-11-114,P-2021-11-114-1-1,2021,2021-11-02,18:15,NOCHE (18-23),LIMA,PUENTE PIEDRA,CONDUCTOR,FALLECIDO,EN EL CENTRO DE SALUD,,MASCULINO,25,MOTOCICLETA,CHOQUE,NACIONAL,CARRETERA,URBANA,COMERCIAL,TRAMO RECTO,ASFALTADA
A-2021-11-114,P-2021-11-114-2-1,2021,2021-11-02,18:15,NOCHE (18-23),LIMA,PUENTE PIEDRA,CONDUCTOR,ILESO,,,MASCULINO,,MINIBUS,CHOQUE,NACIONAL,CARRETERA,URBANA,COMERCIAL,TRAMO RECTO,ASFALTADA
A-2021-11-8,P-2021-11-8-1-1,2021,2021-11-02,22:00,NOCHE (18-23),CALLAO,CALLAO,CONDUCTOR,ILESO,,,MASCULINO,35,ÓMNIBUS,ATROPELLO,NACIONAL,CARRETERA,URBANA,RESIDENCIAL,TRAMO RECTO,ASFALTADA
A-2021-11-8,P-2021-11-8-1-2,2021,2021-11-02,22:00,NOCHE (18-23),CALLAO,CALLAO,PEATÓN,FALLECIDO,EN EL LUGAR DE LOS HECHOS,,MASCULINO,52,ÓMNIBUS,ATROPELLO,NACIONAL,CARRETERA,URBANA,RESIDENCIAL,TRAMO RECTO,ASFALTADA
A-2021-11-141,P-2021-11-141-1-1,2021,2021-11-03,05:20,MADRUGADA (00-05),LIMA,SANTA ANITA,CONDUCTOR,ILESO,,,MASCULINO,65,MINIBUS,ATROPELLO,URBANO,AVENIDA,URBANA,COMERCIAL,TRAMO RECTO,ASFALTADA
A-2021-11-141,P-2021-11-141-1-2,2021,2021-11-03,05:20,MADRUGADA (00-05),LIMA,SANTA ANITA,PEATÓN,FALLECIDO,EN EL LUGAR DE LOS HECHOS,,FEMENINO,,MINIBUS,ATROPELLO,URBANO,AVENIDA,URBANA,COMERCIAL,TRAMO RECTO,ASFALTADA
A-2021-11-10,P-2021-11-10-1-1,2021,2021-11-03,11:47,MANANA (06-11),LIMA,SAN MARTIN DE PORRES,CONDUCTOR,ILESO,,,FEMENINO,40,CAMIONETA RURAL,ATROPELLO,URBANO,OTRO,URBANA,RESIDENCIAL,TRAMO RECTO,ASFALTADA
A-2021-11-10,P-2021-11-10-1-2,2021,2021-11-03,11:47,MANANA (06-11),LIMA,SAN MARTIN DE PORRES,PEATÓN,FALLECIDO,EN EL CENTRO DE SALUD,,MASCULINO,1,CAMIONETA RURAL,ATROPELLO,URBANO,OTRO,URBANA,RESIDENCIAL,TRAMO RECTO,ASFALTADA
A-2021-11-142,P-2021-11-142-1-1,2021,2021-11-05,07:30,MANANA (06-11),LIMA,PUENTE PIEDRA,CONDUCTOR,ILESO,,,MASCULINO,35,ÓMNIBUS,CAÍDA DE PASAJERO,NACIONAL,CARRETERA,URBANA,COMERCIAL,TRAMO RECTO,ASFALTADA
A-2021-11-142,P-2021-11-142-1-2,2021,2021-11-05,07:30,MANANA (06-11),LIMA,PUENTE PIEDRA,PASAJERO,FALLECIDO,EN EL LUGAR DE LOS HECHOS,,FEMENINO,18,ÓMNIBUS,CAÍDA DE PASAJERO,NACIONAL,CARRETERA,URBANA,COMERCIAL,TRAMO RECTO,ASFALTADA
A-2021-11-143,P-2021-11-143-1-1,2021,2021-11-05,14:30,TARDE (12-17),LIMA,SAN JUAN DE LURIGANCHO,CONDUCTOR,ILESO,,,MASCULINO,44,REMOLCADOR,CHOQUE,NACIONAL,CARRETERA,URBANA,RESIDENCIAL,TRAMO RECTO,ASFALTADA
A-2021-11-143,P-2021-11-143-2-1,2021,2021-11-05,14:30,TARDE (12-17),LIMA,SAN JUAN DE LURIGANCHO,CONDUCTOR,FALLECIDO,EN EL LUGAR DE LOS HECHOS,,MASCULINO,,MOTOCICLETA,CHOQUE,NACIONAL,CARRETERA,URBANA,RESIDENCIAL,TRAMO RECTO,ASFALTADA
A-2021-11-144,P-2021-11-144-1-1,2021,2021-11-05,22:30,NOCHE (18-23),LIMA,SAN MARTIN DE PORRES,CONDUCTOR,ILESO,,,MASCULINO,46,CAMIÓN,CHOQUE,NACIONAL,CARRETERA,URBANA,COMERCIAL,INTERSECCIÓN,ASFALTADA
A-2021-11-144,P-2021-11-144-2-1,2021,2021-11-05,22:30,NOCHE (18-23),LIMA,SAN MARTIN DE PORRES,CONDUCTOR,FALLECIDO,EN EL LUGAR DE LOS HECHOS,,MASCULINO,24,MOTOCICLETA,CHOQUE,NACIONAL,CARRETERA,URBANA,COMERCIAL,INTERSECCIÓN,ASFALTADA
A-2021-11-146,P-2021-11-146-1-1,2021,2021-11-05,23:10,NOCHE (18-23),LIMA,SAN JUAN DE MIRAFLORES,CONDUCTOR FUGADO,NO SE CONOCE,,,NO INDICA,,VEHICULO NO IDENTIFICADO,ATROPELLO FUGA,NACIONAL,CARRETERA,URBANA,RESIDENCIAL,TRAMO RECTO,ASFALTADA
A-2021-11-146,P-2021-11-146-1-2,2021,2021-11-05,23:10,NOCHE (18-23),LIMA,SAN JUAN DE MIRAFLORES,PEATÓN,FALLECIDO,EN EL LUGAR DE LOS HECHOS,,MASCULINO,51,VEHICULO NO IDENTIFICADO,ATROPELLO FUGA,NACIONAL,CARRETERA,URBANA,RESIDENCIAL,TRAMO RECTO,ASFALTADA
A-2021-11-147,P-2021-11-147-1-1,2021,2021-11-07,02:00,MADRUGADA (00-05),LIMA,COMAS,CONDUCTOR FUGADO,NO SE CONOCE,,,NO INDICA,,VEHICULO NO IDENTIFICADO,ATROPELLO FUGA,URBANO,AVENIDA,URBANA,COMERCIAL,INTERSECCIÓN,ASFALTADA
A-2021-11-147,P-2021-11-147-1-2,2021,2021-11-07,02:00,MADRUGADA (00-05),LIMA,COMAS,PEATÓN,FALLECIDO,EN EL LUGAR DE LOS HECHOS,,MASCULINO,39,VEHICULO NO IDENTIFICADO,ATROPELLO FUGA,URBANO,AVENIDA,URBANA,COMERCIAL,INTERSECCIÓN,ASFALTADA
A-2021-11-148,P-2021-11-148-1-1,2021,2021-11-07,10:40,MANANA (06-11),LIMA,LOS OLIVOS,CONDUCTOR,ILESO,,,MASCULINO,34,ÓMNIBUS,ATROPELLO,NACIONAL,CARRETERA,URBANA,COMERCIAL,INTERSECCIÓN,ASFALTADA
A-2021-11-148,P-2021-11-148-1-2,2021,2021-11-07,10:40,MANANA (06-11),LIMA,LOS OLIVOS,PEATÓN,FALLECIDO,EN EL LUGAR DE LOS HECHOS,,FEMENINO,,ÓMNIBUS,ATROPELLO,NACIONAL,CARRETERA,URBANA,COMERCIAL,INTERSECCIÓN,ASFALTADA
A-2021-11-151,P-2021-11-151-1-1,2021,2021-11-07,16:14,TARDE (12-17),LIMA,SANTIAGO DE SURCO,CONDUCTOR,ILESO,,,MASCULINO,51,CAMIONETA PICK UP,CHOQUE,URBANO,AVENIDA,URBANA,RESIDENCIAL,INTERSECCIÓN,ASFALTADA
A-2021-11-151,P-2021-11-151-2-1,2021,2021-11-07,16:14,TARDE (12-17),LIMA,SANTIAGO DE SURCO,CONDUCTOR,FALLECIDO,EN EL LUGAR DE LOS HECHOS,,MASCULINO,20,MOTOCICLETA,CHOQUE,URBANO,AVENIDA,URBANA,RESIDENCIAL,INTERSECCIÓN,ASFALTADA
A-2021-11-149,P-2021-11-149-1-1,2021,2021-11-07,20:00,NOCHE (18-23),LIMA,LOS OLIVOS,CONDUCTOR,ILESO,,,MASCULINO,30,CAMIONETA RURAL,CHOQUE,NACIONAL,CARRETERA,URBANA,ESCOLAR,ÓVALO,ASFALTADA
A-2021-11-149,P-2021-11-149-2-1,2021,2021-11-07,20:00,NOCHE (18-23),LIMA,LOS OLIVOS,CONDUCTOR,FALLECIDO,EN EL LUGAR DE LOS HECHOS,,MASCULINO,,TRICICLO NO MOTORIZADO,CHOQUE,NACIONAL,CARRETERA,URBANA,ESCOLAR,ÓVALO,ASFALTADA
A-2021-11-149,P-2021-11-149-3-1,2021,2021-11-07,20:00,NOCHE (18-23),LIMA,LOS OLIVOS,CONDUCTOR,ILESO,,,MASCULINO,27,AUTOMÓVIL,CHOQUE,NACIONAL,CARRETERA,URBANA,ESCOLAR,ÓVALO,ASFALTADA
A-2021-11-152,P-2021-11-152-1-1,2021,2021-11-08,06:30,MANANA (06-11),LIMA,ATE,CONDUCTOR,ILESO,,,MASCULINO,64,CAMIÓN,CHOQUE,NACIONAL,CARRETERA,URBANA,RESIDENCIAL,TRAMO RECTO,ASFALTADA
A-2021-11-152,P-2021-11-152-1-2,2021,2021-11-08,06:30,MANANA (06-11),LIMA,ATE,PASAJERO,FALLECIDO,EN EL LUGAR DE LOS HECHOS,,MASCULINO,38,AUTOMÓVIL,CHOQUE,NACIONAL,CARRETERA,URBANA,RESIDENCIAL,TRAMO RECTO,ASFALTADA
A-2021-11-152,P-2021-11-152-2-1,2021,2021-11-08,06:30,MANANA (06-11),LIMA,ATE,CONDUCTOR,ILESO,,,MASCULINO,26,AUTOMÓVIL,CHOQUE,NACIONAL,CARRETERA,URBANA,RESIDENCIAL,TRAMO RECTO,ASFALTADA
A-2021-11-152,P-2021-11-152-2-2,2021,2021-11-08,06:30,MANANA (06-11),LIMA,ATE,PASAJERO,LESIONADO,,CENTRO DE SALUD PÚBLICO,MASCULINO,26,AUTOMÓVIL,CHOQUE,NACIONAL,CARRETERA,URBANA,RESIDENCIAL,TRAMO RECTO,ASFALTADA
A-2021-11-152,P-2021-11-152-2-3,2021,2021-11-08,06:30,MANANA (06-11),LIMA,ATE,PASAJERO,LESIONADO,,CENTRO DE SALUD PÚBLICO,MASCULINO,22,AUTOMÓVIL,CHOQUE,NACIONAL,CARRETERA,URBANA,RESIDENCIAL,TRAMO RECTO,ASFALTADA
A-2021-11-11,P-2021-11-11-1-1,2021,2021-11-08,12:40,TARDE (12-17),LIMA,SAN MIGUEL,CONDUCTOR FUGADO,NO SE CONOCE,,,NO INDICA,,VEHICULO NO IDENTIFICADO,ATROPELLO FUGA,URBANO,AVENIDA,URBANA,INDUSTRIAL,TRAMO RECTO,ASFALTADA
A-2021-11-11,P-2021-11-11-1-2,2021,2021-11-08,12:40,TARDE (12-17),LIMA,SAN MIGUEL,PEATÓN,FALLECIDO,EN EL LUGAR DE LOS HECHOS,,MASCULINO,81,VEHICULO NO IDENTIFICADO,ATROPELLO FUGA,URBANO,AVENIDA,URBANA,INDUSTRIAL,TRAMO RECTO,ASFALTADA
A-2021-11-153,P-2021-11-153-1-1,2021,2021-11-09,05:30,MADRUGADA (00-05),LIMA,SAN JUAN DE LURIGANCHO,CONDUCTOR,ILESO,,,MASCULINO,49,CAMIÓN,ATROPELLO,URBANO,AVENIDA,URBANA,INDUSTRIAL,INTERSECCIÓN,ASFALTADA
A-2021-11-153,P-2021-11-153-2-1,2021,2021-11-09,05:30,MADRUGADA (00-05),LIMA,SAN JUAN DE LURIGANCHO,CONDUCTOR,ILESO,,,MASCULINO,46,CAMIONETA RURAL,ATROPELLO,URBANO,AVENIDA,URBANA,INDUSTRIAL,INTERSECCIÓN,ASFALTADA
A-2021-11-153,P-2021-11-153-2-2,2021,2021-11-09,05:30,MADRUGADA (00-05),LIMA,SAN JUAN DE LURIGANCHO,PEATÓN,FALLECIDO,EN EL CENTRO DE SALUD,,MASCULINO,34,CAMIONETA RURAL,ATROPELLO,URBANO,AVENIDA,URBANA,INDUSTRIAL,INTERSECCIÓN,ASFALTADA
A-2021-11-154,P-2021-11-154-1-1,2021,2021-11-10,19:15,NOCHE (18-23),LIMA,SAN JUAN DE LURIGANCHO,CONDUCTOR,ILESO,,,MASCULINO,49,REMOLCADOR-SEMIREMOLQUE,ATROPELLO,URBANO,AVENIDA,URBANA,INDUSTRIAL,INTERSECCIÓN,ASFALTADA
A-2021-11-154,P-2021-11-154-1-2,2021,2021-11-10,19:15,NOCHE (18-23),LIMA,SAN JUAN DE LURIGANCHO,PEATÓN,FALLECIDO,EN EL LUGAR DE LOS HECHOS,,MASCULINO,,REMOLCADOR-SEMIREMOLQUE,ATROPELLO,URBANO,AVENIDA,URBANA,INDUSTRIAL,INTERSECCIÓN,ASFALTADA
A-2021-11-155,P-2021-11-155-1-1,2021,2021-11-12,03:20,MADRUGADA (00-05),LIMA,LOS OLIVOS,CONDUCTOR,FALLECIDO,EN EL LUGAR DE LOS HECHOS,,MASCULINO,29,MOTOCICLETA,DESPISTE,URBANO,OTRO,URBANA,COMERCIAL,ÓVALO,ASFALTADA
A-2021-11-156,P-2021-11-156-1-1,2021,2021-11-12,15:10,TARDE (12-17),LIMA,SAN MARTIN DE PORRES,CONDUCTOR,FALLECIDO,EN EL LUGAR DE LOS HECHOS,,MASCULINO,,MOTOCICLETA,DESPISTE,NACIONAL,CARRETERA,URBANA,COMERCIAL,PUENTE,ASFALTADA
A-2021-11-156,P-2021-11-156-2-1,2021,2021-11-12,15:10,TARDE (12-17),LIMA,SAN MARTIN DE PORRES,CONDUCTOR,ILESO,,,MASCULINO,34,REMOLCADOR-SEMIREMOLQUE,DESPISTE,NACIONAL,CARRETERA,URBANA,COMERCIAL,PUENTE,ASFALTADA
A-2021-11-157,P-2021-11-157-1-1,2021,2021-11-12,19:45,NOCHE (18-23),LIMA,LOS OLIVOS,CONDUCTOR,ILESO,,,MASCULINO,29,CAMIÓN,ATROPELLO,URBANO,AVENIDA,URBANA,COMERCIAL,TRAMO RECTO,ASFALTADA
A-2021-11-157,P-2021-11-157-1-2,2021,2021-11-12,19:45,NOCHE (18-23),LIMA,LOS OLIVOS,PEATÓN,FALLECIDO,EN EL LUGAR DE LOS HECHOS,,MASCULINO,27,CAMIÓN,ATROPELLO,URBANO,AVENIDA,URBANA,COMERCIAL,TRAMO RECTO,ASFALTADA
A-2021-11-158,P-2021-11-158-1-1,2021,2021-11-12,19:30,NOCHE (18-23),LIMA,PUCUSANA,CONDUCTOR FUGADO,NO SE CONOCE,,,NO INDICA,,VEHICULO NO IDENTIFICADO,ATROPELLO FUGA,NACIONAL,CARRETERA,URBANA,RESIDENCIAL,TRAMO RECTO,ASFALTADA
A-2021-11-158,P-2021-11-158-1-2,2021,2021-11-12,19:30,NOCHE (18-23),LIMA,PUCUSANA,PEATÓN,FALLECIDO,EN EL LUGAR DE LOS HECHOS,,MASCULINO,,VEHICULO NO IDENTIFICADO,ATROPELLO FUGA,NACIONAL,CARRETERA,URBANA,RESIDENCIAL,TRAMO RECTO,ASFALTADA
A-2021-11-159,P-2021-11-159-1-1,2021,2021-11-13,10:50,MANANA (06-11),LIMA,SANTA ANITA,CONDUCTOR FUGADO,NO SE CONOCE,,,NO INDICA,,AUTOMÓVIL,ATROPELLO FUGA,URBANO,AVENIDA,URBANA,COMERCIAL,INTERSECCIÓN,ASFALTADA
A-2021-11-159,P-2021-11-159-1-3,2021,2021-11-13,10:50,MANANA (06-11),LIMA,SANTA ANITA,PEATÓN,FALLECIDO,EN EL LUGAR DE LOS HECHOS,,MASCULINO,75,AUTOMÓVIL,ATROPELLO FUGA,URBANO,AVENIDA,URBANA,COMERCIAL,INTERSECCIÓN,ASFALTADA
A-2021-11-159,P-2021-11-159-2-1,2021,2021-11-13,10:50,MANANA (06-11),LIMA,SANTA ANITA,CONDUCTOR,ILESO,,,MASCULINO,37,AUTOMÓVIL,ATROPELLO FUGA,URBANO,AVENIDA,URBANA,COMERCIAL,INTERSECCIÓN,ASFALTADA
A-2021-11-160,P-2021-11-160-1-1,2021,2021-11-13,18:05,NOCHE (18-23),LIMA,SANTA ANITA,CONDUCTOR,FALLECIDO,EN EL LUGAR DE LOS HECHOS,,MASCULINO,23,MOTOCICLETA,DESPISTE,URBANO,AVENIDA,URBANA,COMERCIAL,INTERSECCIÓN,ASFALTADA
A-2021-11-165,P-2021-11-165-1-1,2021,2021-11-17,05:40,MADRUGADA (00-05),LIMA,LURIN,CONDUCTOR,ILESO,,,MASCULINO,30,CAMIÓN,CHOQUE,NACIONAL,CARRETERA,URBANA,RESIDENCIAL,TRAMO RECTO,ASFALTADA
A-2021-11-165,P-2021-11-165-1-2,2021,2021-11-17,05:40,MADRUGADA (00-05),LIMA,LURIN,PASAJERO,FALLECIDO,EN EL LUGAR DE LOS HECHOS,,MASCULINO,,CAMIÓN,CHOQUE,NACIONAL,CARRETERA,URBANA,RESIDENCIAL,TRAMO RECTO,ASFALTADA
A-2021-11-165,P-2021-11-165-1-3,2021,2021-11-17,05:40,MADRUGADA (00-05),LIMA,LURIN,PASAJERO,LESIONADO,,CENTRO DE SALUD PÚBLICO,MASCULINO,,CAMIÓN,CHOQUE,NACIONAL,CARRETERA,URBANA,RESIDENCIAL,TRAMO RECTO,ASFALTADA
A-2021-11-165,P-2021-11-165-2-1,2021,2021-11-17,05:40,MADRUGADA (00-05),LIMA,LURIN,CONDUCTOR,ILESO,,,MASCULINO,44,REMOLCADOR-SEMIREMOLQUE,CHOQUE,NACIONAL,CARRETERA,URBANA,RESIDENCIAL,TRAMO RECTO,ASFALTADA
A-2021-11-168,P-2021-11-168-1-1,2021,2021-11-17,10:30,MANANA (06-11),LIMA,PUEBLO LIBRE,CONDUCTOR,ILESO,,,MASCULINO,49,ÓMNIBUS,ATROPELLO,URBANO,AVENIDA,URBANA,RESIDENCIAL,INTERSECCIÓN,ASFALTADA
A-2021-11-168,P-2021-11-168-1-2,2021,2021-11-17,10:30,MANANA (06-11),LIMA,PUEBLO LIBRE,PEATÓN,FALLECIDO,EN EL LUGAR DE LOS HECHOS,,MASCULINO,76,ÓMNIBUS,ATROPELLO,URBANO,AVENIDA,URBANA,RESIDENCIAL,INTERSECCIÓN,ASFALTADA
A-2021-11-169,P-2021-11-169-1-1,2021,2021-11-19,14:00,TARDE (12-17),LIMA,CHORRILLOS,CONDUCTOR FUGADO,NO SE CONOCE,,,NO INDICA,,AUTOMÓVIL,ATROPELLO FUGA,URBANO,AVENIDA,URBANA,RESIDENCIAL,TRAMO RECTO,ASFALTADA
A-2021-11-169,P-2021-11-169-1-2,2021,2021-11-19,14:00,TARDE (12-17),LIMA,CHORRILLOS,PEATÓN,FALLECIDO,EN EL CENTRO DE SALUD,,MASCULINO,6,AUTOMÓVIL,ATROPELLO FUGA,URBANO,AVENIDA,URBANA,RESIDENCIAL,TRAMO RECTO,ASFALTADA
A-2021-11-179,P-2021-11-179-1-1,2021,2021-11-21,03:00,MADRUGADA (00-05),LIMA,SANTA ANITA,CONDUCTOR,NO SE CONOCE,,,NO INDICA,,VEHICULO NO IDENTIFICADO,ATROPELLO FUGA,NACIONAL,CARRETERA,URBANA,RESIDENCIAL,TRAMO RECTO,ASFALTADA
A-2021-11-179,P-2021-11-179-1-2,2021,2021-11-21,03:00,MADRUGADA (00-05),LIMA,SANTA ANITA,PEATÓN,FALLECIDO,EN EL LUGAR DE LOS HECHOS,,MASCULINO,22,VEHICULO NO IDENTIFICADO,ATROPELLO FUGA,NACIONAL,CARRETERA,URBANA,RESIDENCIAL,TRAMO RECTO,ASFALTADA
A-2021-11-170,P-2021-11-170-1-1,2021,2021-11-21,05:45,MADRUGADA (00-05),LIMA,SAN MARTIN DE PORRES,CONDUCTOR,FALLECIDO,EN EL LUGAR DE LOS HECHOS,,MASCULINO,22,MOTOCICLETA,DESPISTE,NACIONAL,CARRETERA,URBANA,COMERCIAL,TRAMO RECTO,ASFALTADA
A-2021-11-170,P-2021-11-170-1-2,2021,2021-11-21,05:45,MADRUGADA (00-05),LIMA,SAN MARTIN DE PORRES,PASAJERO,LESIONADO,,CENTRO DE SALUD PÚBLICO,FEMENINO,23,MOTOCICLETA,DESPISTE,NACIONAL,CARRETERA,URBANA,COMERCIAL,TRAMO RECTO,ASFALTADA
A-2021-11-180,P-2021-11-180-1-1,2021,2021-11-21,22:45,NOCHE (18-23),LIMA,COMAS,CONDUCTOR,ILESO,,,MASCULINO,43,AUTOMÓVIL,ATROPELLO,NACIONAL,CARRETERA,URBANA,RESIDENCIAL,TRAMO RECTO,ASFALTADA
A-2021-11-180,P-2021-11-180-1-2,2021,2021-11-21,22:45,NOCHE (18-23),LIMA,COMAS,PEATÓN,FALLECIDO,EN EL LUGAR DE LOS HECHOS,,MASCULINO,26,AUTOMÓVIL,ATROPELLO,NACIONAL,CARRETERA,URBANA,RESIDENCIAL,TRAMO RECTO,ASFALTADA
A-2021-11-185,P-2021-11-185-1-1,2021,2021-11-23,22:35,NOCHE (18-23),LIMA,LA MOLINA,CONDUCTOR,FALLECIDO,EN EL LUGAR DE LOS HECHOS,,MASCULINO,30,BICICLETA,DESPISTE,URBANO,CALLE,URBANA,RESIDENCIAL,INTERSECCIÓN,ASFALTADA
A-2021-11-186,P-2021-11-186-1-1,2021,2021-11-25,15:00,TARDE (12-17),LIMA,LURIN,CONDUCTOR,ILESO,,,MASCULINO,30,AUTOMÓVIL,CHOQUE,URBANO,AVENIDA,URBANA,COMERCIAL,INTERSECCIÓN,ASFALTADA
A-2021-11-186,P-2021-11-186-1-2,2021,2021-11-25,15:00,TARDE (12-17),LIMA,LURIN,PASAJERO,FALLECIDO,EN EL LUGAR DE LOS HECHOS,,MASCULINO,37,AUTOMÓVIL,CHOQUE,URBANO,AVENIDA,URBANA,COMERCIAL,INTERSECCIÓN,ASFALTADA
A-2021-11-186,P-2021-11-186-2-1,2021,2021-11-25,15:00,TARDE (12-17),LIMA,LURIN,CONDUCTOR,ILESO,,,FEMENINO,45,AUTOMÓVIL,CHOQUE,URBANO,AVENIDA,URBANA,COMERCIAL,INTERSECCIÓN,ASFALTADA
A-2021-11-187,P-2021-11-187-1-1,2021,2021-11-26,14:00,TARDE (12-17),LIMA,LA VICTORIA,SIN CONDUCTOR,NO SE CONOCE,,,NO INDICA,,VEHICULO NO IDENTIFICADO,ATROPELLO FUGA,URBANO,AVENIDA,URBANA,COMERCIAL,TRAMO RECTO,ASFALTADA
A-2021-11-187,P-2021-11-187-1-2,2021,2021-11-26,14:00,TARDE (12-17),LIMA,LA VICTORIA,PEATÓN,FALLECIDO,EN EL LUGAR DE LOS HECHOS,,MASCULINO,88,VEHICULO NO IDENTIFICADO,ATROPELLO FUGA,URBANO,AVENIDA,URBANA,COMERCIAL,TRAMO RECTO,ASFALTADA
A-2021-11-188,P-2021-11-188-1-1,2021,2021-11-27,14:30,TARDE (12-17),LIMA,LURIN,CONDUCTOR,ILESO,,,MASCULINO,34,AUTOMÓVIL,ATROPELLO,URBANO,OTRO,RURAL,RURAL,PASE A DESNIVEL,ASFALTADA
A-2021-11-188,P-2021-11-188-2-1,2021,2021-11-27,14:30,TARDE (12-17),LIMA,LURIN,CONDUCTOR,ILESO,,,MASCULINO,34,STATION WAGON,ATROPELLO,URBANO,OTRO,RURAL,RURAL,PASE A DESNIVEL,ASFALTADA
A-2021-11-188,P-2021-11-188-2-2,2021,2021-11-27,14:30,TARDE (12-17),LIMA,LURIN,PEATÓN,FALLECIDO,EN EL LUGAR DE LOS HECHOS,,FEMENINO,71,STATION WAGON,ATROPELLO,URBANO,OTRO,RURAL,RURAL,PASE A DESNIVEL,ASFALTADA
A-2021-11-189,P-2021-11-189-1-1,2021,2021-11-28,05:30,MADRUGADA (00-05),LIMA,INDEPENDENCIA,CONDUCTOR,ILESO,,,MASCULINO,30,CAMIÓN,ATROPELLO,NACIONAL,CARRETERA,URBANA,COMERCIAL,TRAMO RECTO,ASFALTADA
A-2021-11-189,P-2021-11-189-1-2,2021,2021-11-28,05:30,MADRUGADA (00-05),LIMA,INDEPENDENCIA,PEATÓN,FALLECIDO,EN EL LUGAR DE LOS HECHOS,,MASCULINO,44,CAMIÓN,ATROPELLO,NACIONAL,CARRETERA,URBANA,COMERCIAL,TRAMO RECTO,ASFALTADA
A-2021-11-190,P-2021-11-190-1-1,2021,2021-11-28,22:30,NOCHE (18-23),LIMA,VILLA EL SALVADOR,CONDUCTOR FUGADO,NO SE CONOCE,,,NO INDICA,,TRIMOTO PASAJERO,ATROPELLO FUGA,URBANO,AVENIDA,URBANA,INDUSTRIAL,INTERSECCIÓN,ASFALTADA
A-2021-11-190,P-2021-11-190-1-2,2021,2021-11-28,22:30,NOCHE (18-23),LIMA,VILLA EL SALVADOR,PEATÓN,FALLECIDO,EN EL LUGAR DE LOS HECHOS,,MASCULINO,77,TRIMOTO PASAJERO,ATROPELLO FUGA,URBANO,AVENIDA,URBANA,INDUSTRIAL,INTERSECCIÓN,ASFALTADA
A-2021-11-191,P-2021-11-191-1-1,2021,2021-11-29,01:30,MADRUGADA (00-05),LIMA,LURIN,CONDUCTOR,ILESO,,,MASCULINO,53,CAMIONETA RURAL,DESPISTE,PROVINCIAL,CARRETERA,URBANA,COMERCIAL,TRAMO RECTO,ASFALTADA
A-2021-11-191,P-2021-11-191-1-2,2021,2021-11-29,01:30,MADRUGADA (00-05),LIMA,LURIN,PASAJERO,FALLECIDO,EN EL CENTRO DE SALUD,,FEMENINO,,CAMIONETA RURAL,DESPISTE,PROVINCIAL,CARRETERA,URBANA,COMERCIAL,TRAMO RECTO,ASFALTADA
A-2021-11-191,P-2021-11-191-1-3,2021,2021-11-29,01:30,MADRUGADA (00-05),LIMA,LURIN,PASAJERO,LESIONADO,,CENTRO DE SALUD PRIVADO,FEMENINO,25,CAMIONETA RURAL,DESPISTE,PROVINCIAL,CARRETERA,URBANA,COMERCIAL,TRAMO RECTO,ASFALTADA
A-2021-11-191,P-2021-11-191-1-4,2021,2021-11-29,01:30,MADRUGADA (00-05),LIMA,LURIN,PASAJERO,LESIONADO,,CENTRO DE SALUD PRIVADO,MASCULINO,24,CAMIONETA RURAL,DESPISTE,PROVINCIAL,CARRETERA,URBANA,COMERCIAL,TRAMO RECTO,ASFALTADA
A-2021-11-192,P-2021-11-192-1-1,2021,2021-11-29,05:30,MADRUGADA (00-05),LIMA,LURIN,CONDUCTOR,ILESO,,,MASCULINO,59,CAMIONETA RURAL,CHOQUE,URBANO,AVENIDA,URBANA,INDUSTRIAL,TRAMO RECTO,ASFALTADA
A-2021-11-192,P-2021-11-192-1-2,2021,2021-11-29,05:30,MADRUGADA (00-05),LIMA,LURIN,PASAJERO,FALLECIDO,EN EL LUGAR DE LOS HECHOS,,FEMENINO,68,CAMIONETA RURAL,CHOQUE,URBANO,AVENIDA,URBANA,INDUSTRIAL,TRAMO RECTO,ASFALTADA
A-2021-11-192,P-2021-11-192-1-3,2021,2021-11-29,05:30,MADRUGADA (00-05),LIMA,LURIN,PASAJERO,LESIONADO,,CENTRO DE SALUD PRIVADO,FEMENINO,46,CAMIONETA RURAL,CHOQUE,URBANO,AVENIDA,URBANA,INDUSTRIAL,TRAMO RECTO,ASFALTADA
A-2021-11-192,P-2021-11-192-1-4,2021,2021-11-29,05:30,MADRUGADA (00-05),LIMA,LURIN,PASAJERO,LESIONADO,,CENTRO DE SALUD PRIVADO,FEMENINO,52,CAMIONETA RURAL,CHOQUE,URBANO,AVENIDA,URBANA,INDUSTRIAL,TRAMO RECTO,ASFALTADA
A-2021-11-192,P-2021-11-192-2-1,2021,2021-11-29,05:30,MADRUGADA (00-05),LIMA,LURIN,CONDUCTOR,ILESO,,,MASCULINO,42,REMOLCADOR-SEMIREMOLQUE,CHOQUE,URBANO,AVENIDA,URBANA,INDUSTRIAL,TRAMO RECTO,ASFALTADA
A-2021-12-214,P-2021-12-214-1-1,2021,2021-12-01,17:30,TARDE (12-17),LIMA,SAN JUAN DE LURIGANCHO,CONDUCTOR,FALLECIDO,EN EL LUGAR DE LOS HECHOS,,MASCULINO,,MOTOCICLETA,VOLCADURA,URBANO,AVENIDA,URBANA,RESIDENCIAL,TRAMO RECTO,ASFALTADA
A-2021-12-214,P-2021-12-214-2-1,2021,2021-12-01,17:30,TARDE (12-17),LIMA,SAN JUAN DE LURIGANCHO,CONDUCTOR,ILESO,,,MASCULINO,57,CAMIÓN,VOLCADURA,URBANO,AVENIDA,URBANA,RESIDENCIAL,TRAMO RECTO,ASFALTADA
A-2021-12-215,P-2021-12-215-1-1,2021,2021-12-02,17:50,TARDE (12-17),LIMA,LURIGANCHO,CONDUCTOR,ILESO,,,MASCULINO,34,AUTOMÓVIL,CHOQUE,URBANO,AUTOPISTA,URBANA,RESIDENCIAL,TRAMO RECTO,ASFALTADA
A-2021-12-215,P-2021-12-215-2-1,2021,2021-12-02,17:50,TARDE (12-17),LIMA,LURIGANCHO,CONDUCTOR,FALLECIDO,EN EL LUGAR DE LOS HECHOS,,MASCULINO,,CAMIONETA PICK UP,CHOQUE,URBANO,AUTOPISTA,URBANA,RESIDENCIAL,TRAMO RECTO,ASFALTADA
A-2021-12-116,P-2021-12-116-1-1,2021,2021-12-04,19:40,NOCHE (18-23),LIMA,LOS OLIVOS,CONDUCTOR,ILESO,,,MASCULINO,37,STATION WAGON,DESPISTE,URBANO,AVENIDA,URBANA,RESIDENCIAL,INTERSECCIÓN,ASFALTADA
A-2021-12-116,P-2021-12-116-2-1,2021,2021-12-04,19:40,NOCHE (18-23),LIMA,LOS OLIVOS,CONDUCTOR,ILESO,,,FEMENINO,46,AUTOMÓVIL,DESPISTE,URBANO,AVENIDA,URBANA,RESIDENCIAL,INTERSECCIÓN,ASFALTADA
A-2021-12-116,P-2021-12-116-2-2,2021,2021-12-04,19:40,NOCHE (18-23),LIMA,LOS OLIVOS,PEATÓN,FALLECIDO,EN EL CENTRO DE SALUD,,FEMENINO,50,AUTOMÓVIL,DESPISTE,URBANO,AVENIDA,URBANA,RESIDENCIAL,INTERSECCIÓN,ASFALTADA
A-2021-12-117,P-2021-12-117-1-1,2021,2021-12-05,00:00,MADRUGADA (00-05),LIMA,ATE,CONDUCTOR,ILESO,,,MASCULINO,67,OTRO,ATROPELLO,NACIONAL,CARRETERA,URBANA,RESIDENCIAL,TRAMO RECTO,EMPEDRADO
A-2021-12-117,P-2021-12-117-1-2,2021,2021-12-05,00:00,MADRUGADA (00-05),LIMA,ATE,PEATÓN,FALLECIDO,EN EL LUGAR DE LOS HECHOS,,MASCULINO,,OTRO,ATROPELLO,NACIONAL,CARRETERA,URBANA,RESIDENCIAL,TRAMO RECTO,EMPEDRADO
A-2021-12-118,P-2021-12-118-1-1,2021,2021-12-05,15:00,TARDE (12-17),LIMA,ATE,CONDUCTOR,ILESO,,,MASCULINO,28,MOTOCICLETA,ATROPELLO,NACIONAL,CARRETERA,URBANA,RESIDENCIAL,TRAMO RECTO,ASFALTADA
A-2021-12-118,P-2021-12-118-1-2,2021,2021-12-05,15:00,TARDE (12-17),LIMA,ATE,PEATÓN,FALLECIDO,EN EL CENTRO DE SALUD,,MASCULINO,41,MOTOCICLETA,ATROPELLO,NACIONAL,CARRETERA,URBANA,RESIDENCIAL,TRAMO RECTO,ASFALTADA
A-2021-12-220,P-2021-12-220-1-1,2021,2021-12-06,14:44,TARDE (12-17),LIMA,LOS OLIVOS,CONDUCTOR,ILESO,,,MASCULINO,,ÓMNIBUS,CHOQUE,URBANO,AVENIDA,URBANA,RESIDENCIAL,INTERSECCIÓN,ASFALTADA
A-2021-12-220,P-2021-12-220-2-1,2021,2021-12-06,14:44,TARDE (12-17),LIMA,LOS OLIVOS,CONDUCTOR,FALLECIDO,EN EL CENTRO DE SALUD,,MASCULINO,38,MOTOCICLETA,CHOQUE,URBANO,AVENIDA,URBANA,RESIDENCIAL,INTERSECCIÓN,ASFALTADA
A-2021-12-119,P-2021-12-119-1-1,2021,2021-12-07,14:35,TARDE (12-17),LIMA,CHACLACAYO,CONDUCTOR,ILESO,,,MASCULINO,42,CAMIÓN,CHOQUE,NACIONAL,CARRETERA,URBANA,RESIDENCIAL,TRAMO RECTO,ASFALTADA
A-2021-12-119,P-2021-12-119-2-1,2021,2021-12-07,14:35,TARDE (12-17),LIMA,CHACLACAYO,CONDUCTOR,FALLECIDO,EN EL LUGAR DE LOS HECHOS,,FEMENINO,,TRIMOTO PASAJERO,CHOQUE,NACIONAL,CARRETERA,URBANA,RESIDENCIAL,TRAMO RECTO,ASFALTADA
A-2021-12-8,P-2021-12-8-1-1,2021,2021-12-07,18:00,NOCHE (18-23),CALLAO,CALLAO,CONDUCTOR,ILESO,,,MASCULINO,58,REMOLCADOR-SEMIREMOLQUE,CHOQUE,NACIONAL,CARRETERA,URBANA,INDUSTRIAL,TRAMO RECTO,ASFALTADA
A-2021-12-8,P-2021-12-8-2-1,2021,2021-12-07,18:00,NOCHE (18-23),CALLAO,CALLAO,CONDUCTOR,FALLECIDO,EN EL LUGAR DE LOS HECHOS,,MASCULINO,19,MOTOCICLETA,CHOQUE,NACIONAL,CARRETERA,URBANA,INDUSTRIAL,TRAMO RECTO,ASFALTADA
A-2021-12-7,P-2021-12-7-1-1,2021,2021-12-07,22:00,NOCHE (18-23),CALLAO,CALLAO,CONDUCTOR,ILESO,,,MASCULINO,44,REMOLCADOR-SEMIREMOLQUE,CHOQUE,NACIONAL,CARRETERA,URBANA,RESIDENCIAL,TRAMO RECTO,CONCRETO
A-2021-12-7,P-2021-12-7-2-1,2021,2021-12-07,22:00,NOCHE (18-23),CALLAO,CALLAO,CONDUCTOR,FALLECIDO,EN EL LUGAR DE LOS HECHOS,,MASCULINO,39,BICICLETA,CHOQUE,NACIONAL,CARRETERA,URBANA,RESIDENCIAL,TRAMO RECTO,CONCRETO
A-2021-12-216,P-2021-12-216-1-1,2021,2021-12-08,10:00,MANANA (06-11),LIMA,VILLA MARIA DEL TRIUNFO,CONDUCTOR FUGADO,NO SE CONOCE,,,NO INDICA,,VEHICULO NO IDENTIFICADO,CAÍDA DE PASAJERO,URBANO,JIRÓN,URBANA,RESIDENCIAL,TRAMO RECTO,ASFALTADA
A-2021-12-216,P-2021-12-216-1-2,2021,2021-12-08,10:00,MANANA (06-11),LIMA,VILLA MARIA DEL TRIUNFO,PASAJERO,FALLECIDO,EN EL CENTRO DE SALUD,,MASCULINO,53,VEHICULO NO IDENTIFICADO,CAÍDA DE PASAJERO,URBANO,JIRÓN,URBANA,RESIDENCIAL,TRAMO RECTO,ASFALTADA
A-2021-12-154,P-2021-12-154-1-1,2021,2021-12-10,01:00,MADRUGADA (00-05),LIMA,BARRANCO,CONDUCTOR,FALLECIDO,EN EL LUGAR DE LOS HECHOS,,MASCULINO,,AUTOMÓVIL,DESPISTE,URBANO,OTRO,URBANA,RESIDENCIAL,TRAMO RECTO,ASFALTADA
A-2021-12-154,P-2021-12-154-1-2,2021,2021-12-10,01:00,MADRUGADA (00-05),LIMA,BARRANCO,PASAJERO,LESIONADO,,CENTRO DE SALUD PÚBLICO,FEMENINO,,AUTOMÓVIL,DESPISTE,URBANO,OTRO,URBANA,RESIDENCIAL,TRAMO RECTO,ASFALTADA
A-2021-12-154,P-2021-12-154-1-3,2021,2021-12-10,01:00,MADRUGADA (00-05),LIMA,BARRANCO,PASAJERO,LESIONADO,,CENTRO DE SALUD PÚBLICO,MASCULINO,,AUTOMÓVIL,DESPISTE,URBANO,OTRO,URBANA,RESIDENCIAL,TRAMO RECTO,ASFALTADA
A-2021-12-155,P-2021-12-155-1-1,2021,2021-12-10,16:40,TARDE (12-17),LIMA,VILLA MARIA DEL TRIUNFO,CONDUCTOR,ILESO,,,MASCULINO,31,CAMIONETA RURAL,CAÍDA DE PASAJERO,URBANO,AVENIDA,URBANA,ESCOLAR,TRAMO RECTO,ASFALTADA
A-2021-12-155,P-2021-12-155-1-2,2021,2021-12-10,16:40,TARDE (12-17),LIMA,VILLA MARIA DEL TRIUNFO,PASAJERO,FALLECIDO,EN EL CENTRO DE SALUD,,MASCULINO,,CAMIONETA RURAL,CAÍDA DE PASAJERO,URBANO,AVENIDA,URBANA,ESCOLAR,TRAMO RECTO,ASFALTADA
A-2021-12-155,P-2021-12-155-2-1,2021,2021-12-10,16:40,TARDE (12-17),LIMA,VILLA MARIA DEL TRIUNFO,CONDUCTOR,ILESO,,,MASCULINO,56,REMOLCADOR,CAÍDA DE PASAJERO,URBANO,AVENIDA,URBANA,ESCOLAR,TRAMO RECTO,ASFALTADA
A-2021-12-156,P-2021-12-156-1-1,2021,2021-12-11,12:50,TARDE (12-17),LIMA,LOS OLIVOS,CONDUCTOR,ILESO,,,MASCULINO,24,MOTOCICLETA,ATROPELLO,URBANO,AVENIDA,URBANA,RESIDENCIAL,INTERSECCIÓN,ASFALTADA
A-2021-12-156,P-2021-12-156-1-2,2021,2021-12-11,12:50,TARDE (12-17),LIMA,LOS OLIVOS,PEATÓN,FALLECIDO,EN EL CENTRO DE SALUD,,MASCULINO,42,MOTOCICLETA,ATROPELLO,URBANO,AVENIDA,URBANA,RESIDENCIAL,INTERSECCIÓN,ASFALTADA
A-2021-12-157,P-2021-12-157-1-1,2021,2021-12-11,21:30,NOCHE (18-23),LIMA,VILLA EL SALVADOR,CONDUCTOR,ILESO,,,MASCULINO,74,REMOLCADOR-SEMIREMOLQUE,CHOQUE,NACIONAL,CARRETERA,URBANA,RESIDENCIAL,TRAMO RECTO,ASFALTADA
A-2021-12-157,P-2021-12-157-2-1,2021,2021-12-11,21:30,NOCHE (18-23),LIMA,VILLA EL SALVADOR,CONDUCTOR,ILESO,,,MASCULINO,33,CAMIONETA RURAL,CHOQUE,NACIONAL,CARRETERA,URBANA,RESIDENCIAL,TRAMO RECTO,ASFALTADA
A-2021-12-157,P-2021-12-157-2-2,2021,2021-12-11,21:30,NOCHE (18-23),LIMA,VILLA EL SALVADOR,PASAJERO,FALLECIDO,EN EL CENTRO DE SALUD,,FEMENINO,46,CAMIONETA RURAL,CHOQUE,NACIONAL,CARRETERA,URBANA,RESIDENCIAL,TRAMO RECTO,ASFALTADA
A-2021-12-157,P-2021-12-157-2-3,2021,2021-12-11,21:30,NOCHE (18-23),LIMA,VILLA EL SALVADOR,PASAJERO,LESIONADO,,CENTRO DE SALUD PRIVADO,MASCULINO,,CAMIONETA RURAL,CHOQUE,NACIONAL,CARRETERA,URBANA,RESIDENCIAL,TRAMO RECTO,ASFALTADA
A-2021-12-157,P-2021-12-157-2-4,2021,2021-12-11,21:30,NOCHE (18-23),LIMA,VILLA EL SALVADOR,PASAJERO,LESIONADO,,CENTRO DE SALUD PRIVADO,MASCULINO,,CAMIONETA RURAL,CHOQUE,NACIONAL,CARRETERA,URBANA,RESIDENCIAL,TRAMO RECTO,ASFALTADA
A-2021-12-157,P-2021-12-157-2-5,2021,2021-12-11,21:30,NOCHE (18-23),LIMA,VILLA EL SALVADOR,PASAJERO,LESIONADO,,CENTRO DE SALUD PRIVADO,FEMENINO,,CAMIONETA RURAL,CHOQUE,NACIONAL,CARRETERA,URBANA,RESIDENCIAL,TRAMO RECTO,ASFALTADA
A-2021-12-157,P-2021-12-157-2-6,2021,2021-12-11,21:30,NOCHE (18-23),LIMA,VILLA EL SALVADOR,PASAJERO,LESIONADO,,CENTRO DE SALUD PRIVADO,FEMENINO,,CAMIONETA RURAL,CHOQUE,NACIONAL,CARRETERA,URBANA,RESIDENCIAL,TRAMO RECTO,ASFALTADA
A-2021-12-157,P-2021-12-157-2-7,2021,2021-12-11,21:30,NOCHE (18-23),LIMA,VILLA EL SALVADOR,PASAJERO,LESIONADO,,CENTRO DE SALUD PRIVADO,FEMENINO,,CAMIONETA RURAL,CHOQUE,NACIONAL,CARRETERA,URBANA,RESIDENCIAL,TRAMO RECTO,ASFALTADA
A-2021-12-157,P-2021-12-157-2-8,2021,2021-12-11,21:30,NOCHE (18-23),LIMA,VILLA EL SALVADOR,PASAJERO,LESIONADO,,CENTRO DE SALUD PRIVADO,FEMENINO,,CAMIONETA RURAL,CHOQUE,NACIONAL,CARRETERA,URBANA,RESIDENCIAL,TRAMO RECTO,ASFALTADA
A-2021-12-157,P-2021-12-157-2-9,2021,2021-12-11,21:30,NOCHE (18-23),LIMA,VILLA EL SALVADOR,PASAJERO,LESIONADO,,CENTRO DE SALUD PRIVADO,MASCULINO,,CAMIONETA RURAL,CHOQUE,NACIONAL,CARRETERA,URBANA,RESIDENCIAL,TRAMO RECTO,ASFALTADA
A-2021-12-14,P-2021-12-14-1-1,2021,2021-12-12,07:40,MANANA (06-11),CALLAO,CALLAO,CONDUCTOR,FALLECIDO,EN EL LUGAR DE LOS HECHOS,,MASCULINO,33,MOTOCICLETA,DESPISTE,NACIONAL,CARRETERA,URBANA,RURAL,TRAMO RECTO,ASFALTADA
A-2021-12-295,P-2021-12-295-1-1,2021,2021-12-12,13:25,TARDE (12-17),LIMA,LOS OLIVOS,CONDUCTOR,NO SE CONOCE,,,MASCULINO,,VEHICULO NO IDENTIFICADO,DESPISTE,URBANO,AVENIDA,URBANA,,,
A-2021-12-295,P-2021-12-295-1-2,2021,2021-12-12,13:25,TARDE (12-17),LIMA,LOS OLIVOS,PASAJERO,FALLECIDO,,,FEMENINO,,VEHICULO NO IDENTIFICADO,DESPISTE,URBANO,AVENIDA,URBANA,,,
A-2021-12-158,P-2021-12-158-1-1,2021,2021-12-13,21:30,NOCHE (18-23),LIMA,CIENEGUILLA,CONDUCTOR,FALLECIDO,EN EL LUGAR DE LOS HECHOS,,MASCULINO,,CAMIÓN,CHOQUE,URBANO,CALLE,URBANA,RURAL,TRAMO RECTO,TROCHA
A-2021-12-158,P-2021-12-158-2-1,2021,2021-12-13,21:30,NOCHE (18-23),LIMA,CIENEGUILLA,CONDUCTOR,NO SE CONOCE,,,NO INDICA,,AUTOMÓVIL,CHOQUE,URBANO,CALLE,URBANA,RURAL,TRAMO RECTO,TROCHA
A-2021-12-159,P-2021-12-159-1-1,2021,2021-12-14,06:50,MANANA (06-11),LIMA,LOS OLIVOS,CONDUCTOR,ILESO,,,MASCULINO,,TRIMOTO PASAJERO,CHOQUE,NACIONAL,CARRETERA,URBANA,RESIDENCIAL,INTERSECCIÓN,ASFALTADA
A-2021-12-159,P-2021-12-159-2-1,2021,2021-12-14,06:50,MANANA (06-11),LIMA,LOS OLIVOS,CONDUCTOR,FALLECIDO,EN EL LUGAR DE LOS HECHOS,,MASCULINO,58,MOTOCICLETA,CHOQUE,NACIONAL,CARRETERA,URBANA,RESIDENCIAL,INTERSECCIÓN,ASFALTADA
A-2021-12-27,P-2021-12-27-1-1,2021,2021-12-15,17:00,TARDE (12-17),CALLAO,CALLAO,CONDUCTOR,ILESO,,,MASCULINO,36,REMOLCADOR,CHOQUE,URBANO,AVENIDA,URBANA,RESIDENCIAL,TRAMO RECTO,ASFALTADA
A-2021-12-27,P-2021-12-27-2-1,2021,2021-12-15,17:00,TARDE (12-17),CALLAO,CALLAO,CONDUCTOR,FALLECIDO,EN EL LUGAR DE LOS HECHOS,,MASCULINO,11,BICICLETA,CHOQUE,URBANO,AVENIDA,URBANA,RESIDENCIAL,TRAMO RECTO,ASFALTADA
A-2021-12-206,P-2021-12-206-1-1,2021,2021-12-15,19:40,NOCHE (18-23),LIMA,CIENEGUILLA,CONDUCTOR,FALLECIDO,EN EL LUGAR DE LOS HECHOS,,MASCULINO,54,MOTOCICLETA,VOLCADURA,URBANO,AVENIDA,URBANA,RESIDENCIAL,TRAMO RECTO,ASFALTADA
A-2021-12-207,P-2021-12-207-1-1,2021,2021-12-16,20:00,NOCHE (18-23),LIMA,PACHACAMAC,CONDUCTOR,ILESO,,,FEMENINO,20,TRIMOTO PASAJERO,ATROPELLO,URBANO,AVENIDA,URBANA,RESIDENCIAL,TRAMO RECTO,ASFALTADA
A-2021-12-207,P-2021-12-207-1-2,2021,2021-12-16,20:00,NOCHE (18-23),LIMA,PACHACAMAC,PEATÓN,FALLECIDO,EN EL CENTRO DE SALUD,,FEMENINO,,TRIMOTO PASAJERO,ATROPELLO,URBANO,AVENIDA,URBANA,RESIDENCIAL,TRAMO RECTO,ASFALTADA
A-2021-12-208,P-2021-12-208-1-1,2021,2021-12-18,12:40,TARDE (12-17),LIMA,SAN MARTIN DE PORRES,CONDUCTOR,ILESO,,,MASCULINO,43,AUTOMÓVIL,CHOQUE,URBANO,AVENIDA,URBANA,RESIDENCIAL,INTERSECCIÓN,ASFALTADA
A-2021-12-208,P-2021-12-208-2-1,2021,2021-12-18,12:40,TARDE (12-17),LIMA,SAN MARTIN DE PORRES,CONDUCTOR,FALLECIDO,EN EL LUGAR DE LOS HECHOS,,MASCULINO,,MOTOCICLETA,CHOQUE,URBANO,AVENIDA,URBANA,RESIDENCIAL,INTERSECCIÓN,ASFALTADA
A-2021-12-209,P-2021-12-209-1-1,2021,2021-12-18,20:20,NOCHE (18-23),LIMA,MIRAFLORES,CONDUCTOR,FALLECIDO,EN EL LUGAR DE LOS HECHOS,,MASCULINO,,BICICLETA,CHOQUE,URBANO,AVENIDA,URBANA,RESIDENCIAL,TRAMO RECTO,ASFALTADA
A-2021-12-209,P-2021-12-209-2-1,2021,2021-12-18,20:20,NOCHE (18-23),LIMA,MIRAFLORES,CONDUCTOR FUGADO,NO SE CONOCE,,,NO INDICA,,VEHICULO NO IDENTIFICADO,CHOQUE,URBANO,AVENIDA,URBANA,RESIDENCIAL,TRAMO RECTO,ASFALTADA
A-2021-12-210,P-2021-12-210-1-1,2021,2021-12-19,02:45,MADRUGADA (00-05),LIMA,COMAS,CONDUCTOR FUGADO,NO SE CONOCE,,,NO INDICA,,VEHICULO NO IDENTIFICADO,CHOQUE,NACIONAL,CARRETERA,URBANA,RESIDENCIAL,INTERSECCIÓN,ASFALTADA
A-2021-12-210,P-2021-12-210-2-1,2021,2021-12-19,02:45,MADRUGADA (00-05),LIMA,COMAS,CONDUCTOR,FALLECIDO,EN EL LUGAR DE LOS HECHOS,,MASCULINO,,MOTOCICLETA,CHOQUE,NACIONAL,CARRETERA,URBANA,RESIDENCIAL,INTERSECCIÓN,ASFALTADA
A-2021-12-212,P-2021-12-212-1-1,2021,2021-12-19,05:30,MADRUGADA (00-05),LIMA,VILLA EL SALVADOR,CONDUCTOR,ILESO,,,MASCULINO,42,AUTOMÓVIL,ATROPELLO,URBANO,AVENIDA,URBANA,RESIDENCIAL,INTERSECCIÓN,ASFALTADA
A-2021-12-212,P-2021-12-212-1-2,2021,2021-12-19,05:30,MADRUGADA (00-05),LIMA,VILLA EL SALVADOR,PEATÓN,FALLECIDO,EN EL CENTRO DE SALUD,,MASCULINO,,AUTOMÓVIL,ATROPELLO,URBANO,AVENIDA,URBANA,RESIDENCIAL,INTERSECCIÓN,ASFALTADA
A-2021-12-211,P-2021-12-211-1-1,2021,2021-12-20,06:35,MANANA (06-11),LIMA,PACHACAMAC,CONDUCTOR,ILESO,,,MASCULINO,,ÓMNIBUS,ATROPELLO,URBANO,AVENIDA,URBANA,RESIDENCIAL,TRAMO RECTO,AFIRMADO
A-2021-12-211,P-2021-12-211-1-2,2021,2021-12-20,06:35,MANANA (06-11),LIMA,PACHACAMAC,PEATÓN,FALLECIDO,EN EL CENTRO DE SALUD,,FEMENINO,56,ÓMNIBUS,ATROPELLO,URBANO,AVENIDA,URBANA,RESIDENCIAL,TRAMO RECTO,AFIRMADO
A-2021-12-34,P-2021-12-34-1-1,2021,2021-12-20,11:30,MANANA (06-11),CALLAO,MI PERU,CONDUCTOR,ILESO,,,MASCULINO,47,CAMIONETA RURAL,ATROPELLO,URBANO,AVENIDA,URBANA,RESIDENCIAL,TRAMO RECTO,ASFALTADA
A-2021-12-34,P-2021-12-34-1-2,2021,2021-12-20,11:30,MANANA (06-11),CALLAO,MI PERU,PEATÓN,FALLECIDO,EN EL LUGAR DE LOS HECHOS,,MASCULINO,32,CAMIONETA RURAL,ATROPELLO,URBANO,AVENIDA,URBANA,RESIDENCIAL,TRAMO RECTO,ASFALTADA
A-2021-12-213,P-2021-12-213-1-1,2021,2021-12-20,15:30,TARDE (12-17),LIMA,SAN JUAN DE LURIGANCHO,CONDUCTOR,LESIONADO,,CENTRO DE SALUD PÚBLICO,MASCULINO,62,TRIMOTO PASAJERO,CHOQUE,URBANO,AVENIDA,URBANA,RESIDENCIAL,INTERSECCIÓN,ASFALTADA
A-2021-12-213,P-2021-12-213-1-2,2021,2021-12-20,15:30,TARDE (12-17),LIMA,SAN JUAN DE LURIGANCHO,PASAJERO,FALLECIDO,EN EL CENTRO DE SALUD,,FEMENINO,,TRIMOTO PASAJERO,CHOQUE,URBANO,AVENIDA,URBANA,RESIDENCIAL,INTERSECCIÓN,ASFALTADA
A-2021-12-213,P-2021-12-213-2-1,2021,2021-12-20,15:30,TARDE (12-17),LIMA,SAN JUAN DE LURIGANCHO,CONDUCTOR,ILESO,,,MASCULINO,,MINIBUS,CHOQUE,URBANO,AVENIDA,URBANA,RESIDENCIAL,INTERSECCIÓN,ASFALTADA
A-2021-12-223,P-2021-12-223-1-1,2021,2021-12-22,06:30,MANANA (06-11),LIMA,SAN MARTIN DE PORRES,CONDUCTOR,FALLECIDO,EN EL LUGAR DE LOS HECHOS,,MASCULINO,,MOTOCICLETA,DESPISTE,NACIONAL,CARRETERA,URBANA,RESIDENCIAL,TRAMO RECTO,ASFALTADA
A-2021-12-224,P-2021-12-224-1-1,2021,2021-12-23,19:00,NOCHE (18-23),LIMA,LURIN,CONDUCTOR,ILESO,,,MASCULINO,40,CAMIONETA RURAL,ATROPELLO,URBANO,AVENIDA,URBANA,COMERCIAL,TRAMO RECTO,ASFALTADA
A-2021-12-224,P-2021-12-224-1-2,2021,2021-12-23,19:00,NOCHE (18-23),LIMA,LURIN,PEATÓN,FALLECIDO,EN EL LUGAR DE LOS HECHOS,,MASCULINO,,CAMIONETA RURAL,ATROPELLO,URBANO,AVENIDA,URBANA,COMERCIAL,TRAMO RECTO,ASFALTADA
A-2021-12-241,P-2021-12-241-1-1,2021,2021-12-24,16:20,TARDE (12-17),LIMA,CIENEGUILLA,CONDUCTOR,ILESO,,,MASCULINO,,AUTOMÓVIL,CHOQUE,DEPARTAMENTAL,CARRETERA,URBANA,RURAL,CURVA,ASFALTADA
A-2021-12-241,P-2021-12-241-2-1,2021,2021-12-24,16:20,TARDE (12-17),LIMA,CIENEGUILLA,CONDUCTOR,FALLECIDO,EN EL LUGAR DE LOS HECHOS,,MASCULINO,,MOTOCICLETA,CHOQUE,DEPARTAMENTAL,CARRETERA,URBANA,RURAL,CURVA,ASFALTADA
A-2021-12-240,P-2021-12-240-1-1,2021,2021-12-24,17:00,TARDE (12-17),LIMA,LOS OLIVOS,CONDUCTOR,ILESO,,,MASCULINO,57,CAMIONETA RURAL,ATROPELLO,URBANO,AVENIDA,URBANA,COMERCIAL,INTERSECCIÓN,ASFALTADA
A-2021-12-240,P-2021-12-240-1-2,2021,2021-12-24,17:00,TARDE (12-17),LIMA,LOS OLIVOS,PEATÓN,FALLECIDO,EN EL LUGAR DE LOS HECHOS,,MASCULINO,,CAMIONETA RURAL,ATROPELLO,URBANO,AVENIDA,URBANA,COMERCIAL,INTERSECCIÓN,ASFALTADA
A-2021-12-293,P-2021-12-293-1-1,2021,2021-12-25,13:45,TARDE (12-17),CALLAO,VENTANILLA,CONDUCTOR,ILESO,,,MASCULINO,27,TRIMOTO PASAJERO,ATROPELLO,URBANO,AVENIDA,URBANA,INDUSTRIAL,TRAMO RECTO,ASFALTADA
A-2021-12-293,P-2021-12-293-1-2,2021,2021-12-25,13:45,TARDE (12-17),CALLAO,VENTANILLA,PEATÓN,FALLECIDO,EN EL CENTRO DE SALUD,,FEMENINO,53,TRIMOTO PASAJERO,ATROPELLO,URBANO,AVENIDA,URBANA,INDUSTRIAL,TRAMO RECTO,ASFALTADA
A-2021-12-242,P-2021-12-242-1-1,2021,2021-12-25,16:30,TARDE (12-17),LIMA,CARABAYLLO,CONDUCTOR,ILESO,,,MASCULINO,,ÓMNIBUS,ATROPELLO,URBANO,AVENIDA,URBANA,RESIDENCIAL,TRAMO RECTO,ASFALTADA
A-2021-12-242,P-2021-12-242-1-2,2021,2021-12-25,16:30,TARDE (12-17),LIMA,CARABAYLLO,PEATÓN,FALLECIDO,EN EL LUGAR DE LOS HECHOS,,MASCULINO,,ÓMNIBUS,ATROPELLO,URBANO,AVENIDA,URBANA,RESIDENCIAL,TRAMO RECTO,ASFALTADA
A-2021-12-243,P-2021-12-243-1-1,2021,2021-12-26,04:00,MADRUGADA (00-05),LIMA,CHACLACAYO,CONDUCTOR,FALLECIDO,EN EL LUGAR DE LOS HECHOS,,MASCULINO,,MOTOCICLETA,DESPISTE,NACIONAL,CARRETERA,URBANA,RESIDENCIAL,TRAMO RECTO,ASFALTADA
A-2021-12-245,P-2021-12-245-1-1,2021,2021-12-26,16:00,TARDE (12-17),LIMA,LA VICTORIA,CONDUCTOR,FALLECIDO,EN EL LUGAR DE LOS HECHOS,,MASCULINO,,TRIMOTO CARGA,VOLCADURA,URBANO,AVENIDA,URBANA,COMERCIAL,INTERSECCIÓN,ASFALTADA
A-2021-12-244,P-2021-12-244-1-1,2021,2021-12-26,17:15,TARDE (12-17),LIMA,CHORRILLOS,CONDUCTOR,FALLECIDO,EN EL LUGAR DE LOS HECHOS,,MASCULINO,,MOTOCICLETA,ATROPELLO,URBANO,AVENIDA,URBANA,RESIDENCIAL,INTERSECCIÓN,ASFALTADA
A-2021-12-244,P-2021-12-244-1-2,2021,2021-12-26,17:15,TARDE (12-17),LIMA,CHORRILLOS,PEATÓN,FALLECIDO,EN EL LUGAR DE LOS HECHOS,,FEMENINO,,MOTOCICLETA,ATROPELLO,URBANO,AVENIDA,URBANA,RESIDENCIAL,INTERSECCIÓN,ASFALTADA
A-2021-12-244,P-2021-12-244-1-3,2021,2021-12-26,17:15,TARDE (12-17),LIMA,CHORRILLOS,PEATÓN,LESIONADO,,CENTRO DE SALUD PÚBLICO,FEMENINO,,MOTOCICLETA,ATROPELLO,URBANO,AVENIDA,URBANA,RESIDENCIAL,INTERSECCIÓN,ASFALTADA
A-2021-12-246,P-2021-12-246-1-1,2021,2021-12-27,04:00,MADRUGADA (00-05),LIMA,LURIGANCHO,CONDUCTOR,ILESO,,,MASCULINO,,MINIBUS,CHOQUE,NACIONAL,CARRETERA,URBANA,RESIDENCIAL,TRAMO RECTO,ASFALTADA
A-2021-12-246,P-2021-12-246-2-1,2021,2021-12-27,04:00,MADRUGADA (00-05),LIMA,LURIGANCHO,CONDUCTOR,FALLECIDO,EN EL LUGAR DE LOS HECHOS,,MASCULINO,,TRIMOTO PASAJERO,CHOQUE,NACIONAL,CARRETERA,URBANA,RESIDENCIAL,TRAMO RECTO,ASFALTADA
A-2021-12-80,P-2021-12-80-1-1,2021,2021-12-27,07:30,MANANA (06-11),CALLAO,CALLAO,CONDUCTOR,ILESO,,,MASCULINO,41,REMOLCADOR-SEMIREMOLQUE,CHOQUE,NACIONAL,CARRETERA,URBANA,INDUSTRIAL,TRAMO RECTO,ASFALTADA
A-2021-12-80,P-2021-12-80-2-1,2021,2021-12-27,07:30,MANANA (06-11),CALLAO,CALLAO,CONDUCTOR,FALLECIDO,EN EL LUGAR DE LOS HECHOS,,MASCULINO,38,MOTOCICLETA,CHOQUE,NACIONAL,CARRETERA,URBANA,INDUSTRIAL,TRAMO RECTO,ASFALTADA
A-2021-12-218,P-2021-12-218-1-1,2021,2021-12-29,13:55,TARDE (12-17),LIMA,SAN JUAN DE LURIGANCHO,CONDUCTOR,ILESO,,,MASCULINO,22,TRIMOTO PASAJERO,ATROPELLO,URBANO,AVENIDA,URBANA,RESIDENCIAL,INTERSECCIÓN,ASFALTADA
A-2021-12-218,P-2021-12-218-1-2,2021,2021-12-29,13:55,TARDE (12-17),LIMA,SAN JUAN DE LURIGANCHO,PEATÓN,FALLECIDO,EN EL LUGAR DE LOS HECHOS,,FEMENINO,,TRIMOTO PASAJERO,ATROPELLO,URBANO,AVENIDA,URBANA,RESIDENCIAL,INTERSECCIÓN,ASFALTADA
A-2021-12-218,P-2021-12-218-1-3,2021,2021-12-29,13:55,TARDE (12-17),LIMA,SAN JUAN DE LURIGANCHO,PEATÓN,LESIONADO,,CENTRO DE SALUD PÚBLICO,FEMENINO,53,TRIMOTO PASAJERO,ATROPELLO,URBANO,AVENIDA,URBANA,RESIDENCIAL,INTERSECCIÓN,ASFALTADA
A-2021-12-217,P-2021-12-217-1-1,2021,2021-12-30,11:30,MANANA (06-11),LIMA,LURIN,CONDUCTOR,ILESO,,,MASCULINO,46,CAMIONETA RURAL,DESPISTE,NACIONAL,CARRETERA,URBANA,RESIDENCIAL,TRAMO RECTO,ASFALTADA
A-2021-12-217,P-2021-12-217-1-2,2021,2021-12-30,11:30,MANANA (06-11),LIMA,LURIN,PASAJERO,FALLECIDO,EN EL LUGAR DE LOS HECHOS,,FEMENINO,,CAMIONETA RURAL,DESPISTE,NACIONAL,CARRETERA,URBANA,RESIDENCIAL,TRAMO RECTO,ASFALTADA
A-2021-12-217,P-2021-12-217-1-3,2021,2021-12-30,11:30,MANANA (06-11),LIMA,LURIN,PASAJERO,LESIONADO,,CENTRO DE SALUD PÚBLICO,FEMENINO,,CAMIONETA RURAL,DESPISTE,NACIONAL,CARRETERA,URBANA,RESIDENCIAL,TRAMO RECTO,ASFALTADA
A-2021-12-217,P-2021-12-217-1-4,2021,2021-12-30,11:30,MANANA (06-11),LIMA,LURIN,PASAJERO,LESIONADO,,CENTRO DE SALUD PÚBLICO,FEMENINO,,CAMIONETA RURAL,DESPISTE,NACIONAL,CARRETERA,URBANA,RESIDENCIAL,TRAMO RECTO,ASFALTADA
A-2021-12-217,P-2021-12-217-1-5,2021,2021-12-30,11:30,MANANA (06-11),LIMA,LURIN,PASAJERO,LESIONADO,,CENTRO DE SALUD PÚBLICO,FEMENINO,,CAMIONETA RURAL,DESPISTE,NACIONAL,CARRETERA,URBANA,RESIDENCIAL,TRAMO RECTO,ASFALTADA
A-2021-12-217,P-2021-12-217-1-6,2021,2021-12-30,11:30,MANANA (06-11),LIMA,LURIN,PASAJERO,LESIONADO,,CENTRO DE SALUD PÚBLICO,FEMENINO,,CAMIONETA RURAL,DESPISTE,NACIONAL,CARRETERA,URBANA,RESIDENCIAL,TRAMO RECTO,ASFALTADA
A-2021-12-161,P-2021-12-161-1-1,2021,2021-12-31,09:30,MANANA (06-11),CALLAO,CALLAO,CONDUCTOR,ILESO,,,MASCULINO,22,CAMIÓN,CHOQUE,NACIONAL,CARRETERA,URBANA,INDUSTRIAL,TRAMO RECTO,ASFALTADA
A-2021-12-161,P-2021-12-161-1-2,2021,2021-12-31,09:30,MANANA (06-11),CALLAO,CALLAO,PASAJERO,FALLECIDO,EN EL LUGAR DE LOS HECHOS,,MASCULINO,23,CAMIÓN,CHOQUE,NACIONAL,CARRETERA,URBANA,INDUSTRIAL,TRAMO RECTO,ASFALTADA
A-2021-12-161,P-2021-12-161-2-1,2021,2021-12-31,09:30,MANANA (06-11),CALLAO,CALLAO,CONDUCTOR,ILESO,,,MASCULINO,74,CAMIÓN,CHOQUE,NACIONAL,CARRETERA,URBANA,INDUSTRIAL,TRAMO RECTO,ASFALTADA
A-2021-12-161,P-2021-12-161-3-1,2021,2021-12-31,09:30,MANANA (06-11),CALLAO,CALLAO,CONDUCTOR,ILESO,,,MASCULINO,39,REMOLCADOR,CHOQUE,NACIONAL,CARRETERA,URBANA,INDUSTRIAL,TRAMO RECTO,ASFALTADA
A-2021-12-219,P-2021-12-219-1-1,2021,2021-12-31,09:10,MANANA (06-11),LIMA,LURIGANCHO,CONDUCTOR,ILESO,,,MASCULINO,31,REMOLCADOR-SEMIREMOLQUE,ATROPELLO,NACIONAL,CARRETERA,URBANA,RESIDENCIAL,INTERSECCIÓN,ASFALTADA
A-2021-12-219,P-2021-12-219-1-2,2021,2021-12-31,09:10,MANANA (06-11),LIMA,LURIGANCHO,PEATÓN,FALLECIDO,EN EL CENTRO DE SALUD,,MASCULINO,78,REMOLCADOR-SEMIREMOLQUE,ATROPELLO,NACIONAL,CARRETERA,URBANA,RESIDENCIAL,INTERSECCIÓN,ASFALTADA
A-2021-12-247,P-2021-12-247-1-1,2021,2021-12-31,10:54,MANANA (06-11),LIMA,INDEPENDENCIA,CONDUCTOR,ILESO,,,MASCULINO,,MOTOCICLETA,DESPISTE,URBANO,AVENIDA,URBANA,RESIDENCIAL,TRAMO RECTO,ASFALTADA
A-2021-12-247,P-2021-12-247-1-2,2021,2021-12-31,10:54,MANANA (06-11),LIMA,INDEPENDENCIA,PASAJERO,FALLECIDO,EN EL CENTRO DE SALUD,,MASCULINO,,MOTOCICLETA,DESPISTE,URBANO,AVENIDA,URBANA,RESIDENCIAL,TRAMO RECTO,ASFALTADA
A-2021-12-248,P-2021-12-248-1-1,2021,2021-12-31,17:05,TARDE (12-17),LIMA,VILLA MARIA DEL TRIUNFO,CONDUCTOR,ILESO,,,MASCULINO,,CAMIONETA RURAL,ATROPELLO,URBANO,AVENIDA,URBANA,RESIDENCIAL,TRAMO RECTO,ASFALTADA
A-2021-12-248,P-2021-12-248-1-2,2021,2021-12-31,17:05,TARDE (12-17),LIMA,VILLA MARIA DEL TRIUNFO,PEATÓN,FALLECIDO,EN EL LUGAR DE LOS HECHOS,,MASCULINO,43,CAMIONETA RURAL,ATROPELLO,URBANO,AVENIDA,URBANA,RESIDENCIAL,TRAMO RECTO,ASFALTADA
A-2022-01-69,P-2022-01-69-1-1,2022,2022-01-01,06:04,MANANA (06-11),LIMA,LA MOLINA,CONDUCTOR,FALLECIDO,EN EL LUGAR DE LOS HECHOS,,MASCULINO,28,MOTOCICLETA,DESPISTE,URBANO,AVENIDA,URBANA,COMERCIAL,TRAMO RECTO,ASFALTADA
A-2022-01-70,P-2022-01-70-1-1,2022,2022-01-01,23:00,NOCHE (18-23),LIMA,PACHACAMAC,CONDUCTOR,ILESO,,,MASCULINO,35,CAMIONETA PICK UP,ATROPELLO,PROVINCIAL,CARRETERA,URBANA,RURAL,TRAMO RECTO,ASFALTADA
A-2022-01-70,P-2022-01-70-1-2,2022,2022-01-01,23:00,NOCHE (18-23),LIMA,PACHACAMAC,PEATÓN,FALLECIDO,EN EL LUGAR DE LOS HECHOS,,FEMENINO,60,CAMIONETA PICK UP,ATROPELLO,PROVINCIAL,CARRETERA,URBANA,RURAL,TRAMO RECTO,ASFALTADA
A-2022-01-70,P-2022-01-70-2-1,2022,2022-01-01,23:00,NOCHE (18-23),LIMA,PACHACAMAC,CONDUCTOR,ILESO,,,MASCULINO,43,TRIMOTO PASAJERO,ATROPELLO,PROVINCIAL,CARRETERA,URBANA,RURAL,TRAMO RECTO,ASFALTADA
A-2022-01-73,P-2022-01-73-1-1,2022,2022-01-03,19:00,NOCHE (18-23),LIMA,CHORRILLOS,CONDUCTOR,FALLECIDO,EN EL CENTRO DE SALUD,,MASCULINO,45,AUTOMÓVIL,CHOQUE,NACIONAL,CARRETERA,URBANA,ESCOLAR,INTERSECCIÓN,ASFALTADA
A-2022-01-73,P-2022-01-73-2-1,2022,2022-01-03,19:00,NOCHE (18-23),LIMA,CHORRILLOS,CONDUCTOR,ILESO,,,MASCULINO,53,REMOLCADOR-SEMIREMOLQUE,CHOQUE,NACIONAL,CARRETERA,URBANA,ESCOLAR,INTERSECCIÓN,ASFALTADA
A-2022-01-89,P-2022-01-89-1-1,2022,2022-01-03,22:00,NOCHE (18-23),LIMA,PUENTE PIEDRA,CONDUCTOR,ILESO,,,MASCULINO,32,REMOLCADOR-SEMIREMOLQUE,CHOQUE,NACIONAL,CARRETERA,URBANA,COMERCIAL,TRAMO RECTO,ASFALTADA
A-2022-01-89,P-2022-01-89-2-1,2022,2022-01-03,22:00,NOCHE (18-23),LIMA,PUENTE PIEDRA,CONDUCTOR,FALLECIDO,EN EL LUGAR DE LOS HECHOS,,MASCULINO,58,MOTOCICLETA,CHOQUE,NACIONAL,CARRETERA,URBANA,COMERCIAL,TRAMO RECTO,ASFALTADA
A-2022-01-90,P-2022-01-90-1-1,2022,2022-01-04,10:45,MANANA (06-11),LIMA,SAN MARTIN DE PORRES,CONDUCTOR,ILESO,,,MASCULINO,51,CAMIONETA RURAL,ATROPELLO,NACIONAL,CARRETERA,URBANA,COMERCIAL,TRAMO RECTO,ASFALTADA
A-2022-01-90,P-2022-01-90-1-2,2022,2022-01-04,10:45,MANANA (06-11),LIMA,SAN MARTIN DE PORRES,PEATÓN,FALLECIDO,EN EL LUGAR DE LOS HECHOS,,MASCULINO,90,CAMIONETA RURAL,ATROPELLO,NACIONAL,CARRETERA,URBANA,COMERCIAL,TRAMO RECTO,ASFALTADA
A-2022-01-91,P-2022-01-91-1-1,2022,2022-01-04,20:30,NOCHE (18-23),LIMA,SAN MARTIN DE PORRES,CONDUCTOR,FALLECIDO,EN EL LUGAR DE LOS HECHOS,,MASCULINO,25,AUTOMÓVIL,DESPISTE,URBANO,AVENIDA,URBANA,COMERCIAL,INTERSECCIÓN,ASFALTADA
A-2022-01-110,P-2022-01-110-1-1,2022,2022-01-05,06:50,MANANA (06-11),LIMA,SAN JUAN DE MIRAFLORES,CONDUCTOR,FALLECIDO,EN EL CENTRO DE SALUD,,MASCULINO,29,CAMIÓN,CHOQUE,NACIONAL,CARRETERA,URBANA,RESIDENCIAL,TRAMO RECTO,ASFALTADA
A-2022-01-110,P-2022-01-110-2-1,2022,2022-01-05,06:50,MANANA (06-11),LIMA,SAN JUAN DE MIRAFLORES,CONDUCTOR,ILESO,,,MASCULINO,61,CAMIÓN,CHOQUE,NACIONAL,CARRETERA,URBANA,RESIDENCIAL,TRAMO RECTO,ASFALTADA
A-2022-01-111,P-2022-01-111-1-1,2022,2022-01-09,19:10,NOCHE (18-23),LIMA,SAN BARTOLO,CONDUCTOR,ILESO,,,MASCULINO,51,AUTOMÓVIL,ATROPELLO,NACIONAL,CARRETERA,URBANA,INDUSTRIAL,PUENTE,ASFALTADA
A-2022-01-111,P-2022-01-111-1-2,2022,2022-01-09,19:10,NOCHE (18-23),LIMA,SAN BARTOLO,PEATÓN,FALLECIDO,EN EL LUGAR DE LOS HECHOS,,MASCULINO,28,AUTOMÓVIL,ATROPELLO,NACIONAL,CARRETERA,URBANA,INDUSTRIAL,PUENTE,ASFALTADA
A-2022-01-120,P-2022-01-120-1-1,2022,2022-01-10,08:25,MANANA (06-11),LIMA,SANTIAGO DE SURCO,CONDUCTOR,FALLECIDO,EN EL CENTRO DE SALUD,,MASCULINO,30,MOTOCICLETA,DESPISTE,NACIONAL,CARRETERA,URBANA,RESIDENCIAL,INTERSECCIÓN,ASFALTADA
A-2022-01-121,P-2022-01-121-1-1,2022,2022-01-12,02:00,MADRUGADA (00-05),LIMA,EL AGUSTINO,CONDUCTOR,FALLECIDO,EN EL CENTRO DE SALUD,,MASCULINO,28,MOTOCICLETA,CHOQUE CON OBJETO FIJO,URBANO,AUTOPISTA,URBANA,INDUSTRIAL,INTERSECCIÓN,ASFALTADA
A-2022-01-121,P-2022-01-121-2-1,2022,2022-01-12,02:00,MADRUGADA (00-05),LIMA,EL AGUSTINO,SIN CONDUCTOR,NO SE CONOCE,,,NO INDICA,,REMOLCADOR,CHOQUE CON OBJETO FIJO,URBANO,AUTOPISTA,URBANA,INDUSTRIAL,INTERSECCIÓN,ASFALTADA
A-2022-01-123,P-2022-01-123-1-1,2022,2022-01-13,14:00,TARDE (12-17),LIMA,LIMA,CONDUCTOR,ILESO,,,MASCULINO,37,ÓMNIBUS,CHOQUE,URBANO,AVENIDA,URBANA,INDUSTRIAL,PUENTE,ASFALTADA
A-2022-01-123,P-2022-01-123-2-1,2022,2022-01-13,14:00,TARDE (12-17),LIMA,LIMA,CONDUCTOR,FALLECIDO,EN EL LUGAR DE LOS HECHOS,,MASCULINO,48,MOTOCICLETA,CHOQUE,URBANO,AVENIDA,URBANA,INDUSTRIAL,PUENTE,ASFALTADA
A-2022-01-124,P-2022-01-124-1-1,2022,2022-01-14,15:30,TARDE (12-17),LIMA,SAN JUAN DE LURIGANCHO,CONDUCTOR,ILESO,,,FEMENINO,54,CAMIÓN,ATROPELLO,URBANO,CALLE,RURAL,RURAL,TRAMO RECTO,AFIRMADO
A-2022-01-124,P-2022-01-124-1-2,2022,2022-01-14,15:30,TARDE (12-17),LIMA,SAN JUAN DE LURIGANCHO,PEATÓN,FALLECIDO,EN EL CENTRO DE SALUD,,MASCULINO,5,CAMIÓN,ATROPELLO,URBANO,CALLE,RURAL,RURAL,TRAMO RECTO,AFIRMADO
A-2022-01-125,P-2022-01-125-1-1,2022,2022-01-14,20:50,NOCHE (18-23),LIMA,PUENTE PIEDRA,CONDUCTOR,ILESO,,,MASCULINO,33,CAMIONETA RURAL,ATROPELLO,NACIONAL,CARRETERA,URBANA,COMERCIAL,TRAMO RECTO,ASFALTADA
A-2022-01-125,P-2022-01-125-1-2,2022,2022-01-14,20:50,NOCHE (18-23),LIMA,PUENTE PIEDRA,PEATÓN,FALLECIDO,EN EL LUGAR DE LOS HECHOS,,MASCULINO,,CAMIONETA RURAL,ATROPELLO,NACIONAL,CARRETERA,URBANA,COMERCIAL,TRAMO RECTO,ASFALTADA
A-2022-01-126,P-2022-01-126-1-1,2022,2022-01-17,07:45,MANANA (06-11),LIMA,ATE,CONDUCTOR,ILESO,,,MASCULINO,32,AUTOMÓVIL,ATROPELLO,URBANO,AVENIDA,URBANA,RESIDENCIAL,INTERSECCIÓN,ASFALTADA
A-2022-01-126,P-2022-01-126-1-2,2022,2022-01-17,07:45,MANANA (06-11),LIMA,ATE,PEATÓN,FALLECIDO,EN EL LUGAR DE LOS HECHOS,,MASCULINO,80,AUTOMÓVIL,ATROPELLO,URBANO,AVENIDA,URBANA,RESIDENCIAL,INTERSECCIÓN,ASFALTADA
A-2022-01-260,P-2022-01-260-1-1,2022,2022-01-18,17:00,TARDE (12-17),LIMA,CIENEGUILLA,CONDUCTOR,FALLECIDO,EN EL LUGAR DE LOS HECHOS,,MASCULINO,28,MOTOCICLETA,DESPISTE,DEPARTAMENTAL,CARRETERA,RURAL,RURAL,TRAMO RECTO,ASFALTADA
A-2022-01-260,P-2022-01-260-2-1,2022,2022-01-18,17:00,TARDE (12-17),LIMA,CIENEGUILLA,CONDUCTOR,LESIONADO,,OTRO,MASCULINO,44,BICICLETA,DESPISTE,DEPARTAMENTAL,CARRETERA,RURAL,RURAL,TRAMO RECTO,ASFALTADA
A-2022-01-261,P-2022-01-261-1-1,2022,2022-01-19,16:50,TARDE (12-17),LIMA,COMAS,CONDUCTOR FUGADO,NO SE CONOCE,,,NO INDICA,,VEHICULO NO IDENTIFICADO,CAÍDA DE PASAJERO,URBANO,AVENIDA,URBANA,COMERCIAL,INTERSECCIÓN,ASFALTADA
A-2022-01-261,P-2022-01-261-1-2,2022,2022-01-19,16:50,TARDE (12-17),LIMA,COMAS,PASAJERO,FALLECIDO,EN EL LUGAR DE LOS HECHOS,,FEMENINO,50,VEHICULO NO IDENTIFICADO,CAÍDA DE PASAJERO,URBANO,AVENIDA,URBANA,COMERCIAL,INTERSECCIÓN,ASFALTADA
A-2022-01-94,P-2022-01-94-1-1,2022,2022-01-21,04:40,MADRUGADA (00-05),CALLAO,VENTANILLA,CONDUCTOR,ILESO,,,MASCULINO,45,MINIBUS,ATROPELLO,URBANO,AVENIDA,URBANA,RESIDENCIAL,TRAMO RECTO,ASFALTADA
A-2022-01-94,P-2022-01-94-1-2,2022,2022-01-21,04:40,MADRUGADA (00-05),CALLAO,VENTANILLA,PEATÓN,FALLECIDO,EN EL LUGAR DE LOS HECHOS,,FEMENINO,45,MINIBUS,ATROPELLO,URBANO,AVENIDA,URBANA,RESIDENCIAL,TRAMO RECTO,ASFALTADA
A-2022-01-262,P-2022-01-262-1-1,2022,2022-01-21,20:00,NOCHE (18-23),LIMA,LURIN,CONDUCTOR,ILESO,,,MASCULINO,42,REMOLCADOR,CHOQUE,NACIONAL,CARRETERA,URBANA,INDUSTRIAL,TRAMO RECTO,ASFALTADA
A-2022-01-262,P-2022-01-262-2-1,2022,2022-01-21,20:00,NOCHE (18-23),LIMA,LURIN,CONDUCTOR,FALLECIDO,EN EL LUGAR DE LOS HECHOS,,MASCULINO,59,ÓMNIBUS,CHOQUE,NACIONAL,CARRETERA,URBANA,INDUSTRIAL,TRAMO RECTO,ASFALTADA
A-2022-01-104,P-2022-01-104-1-1,2022,2022-01-22,06:00,MANANA (06-11),CALLAO,CALLAO,CONDUCTOR,ILESO,,,MASCULINO,39,REMOLCADOR-SEMIREMOLQUE,ATROPELLO,NACIONAL,CARRETERA,URBANA,RESIDENCIAL,TRAMO RECTO,ASFALTADA
A-2022-01-104,P-2022-01-104-1-2,2022,2022-01-22,06:00,MANANA (06-11),CALLAO,CALLAO,PEATÓN,FALLECIDO,EN EL LUGAR DE LOS HECHOS,,MASCULINO,23,REMOLCADOR-SEMIREMOLQUE,ATROPELLO,NACIONAL,CARRETERA,URBANA,RESIDENCIAL,TRAMO RECTO,ASFALTADA
A-2022-01-266,P-2022-01-266-1-1,2022,2022-01-22,22:50,NOCHE (18-23),LIMA,SANTIAGO DE SURCO,CONDUCTOR,ILESO,,,MASCULINO,50,REMOLCADOR,ATROPELLO,NACIONAL,CARRETERA,URBANA,RESIDENCIAL,TRAMO RECTO,ASFALTADA
A-2022-01-266,P-2022-01-266-1-2,2022,2022-01-22,22:50,NOCHE (18-23),LIMA,SANTIAGO DE SURCO,PEATÓN,FALLECIDO,EN EL LUGAR DE LOS HECHOS,,NO INDICA,,REMOLCADOR,ATROPELLO,NACIONAL,CARRETERA,URBANA,RESIDENCIAL,TRAMO RECTO,ASFALTADA
A-2022-01-268,P-2022-01-268-1-1,2022,2022-01-24,04:00,MADRUGADA (00-05),LIMA,ATE,CONDUCTOR,ILESO,,,MASCULINO,54,ÓMNIBUS,CHOQUE,NACIONAL,CARRETERA,URBANA,INDUSTRIAL,TRAMO RECTO,ASFALTADA
A-2022-01-268,P-2022-01-268-1-2,2022,2022-01-24,04:00,MADRUGADA (00-05),LIMA,ATE,PASAJERO,FALLECIDO,,,FEMENINO,66,ÓMNIBUS,CHOQUE,NACIONAL,CARRETERA,URBANA,INDUSTRIAL,TRAMO RECTO,ASFALTADA
A-2022-01-268,P-2022-01-268-1-3,2022,2022-01-24,04:00,MADRUGADA (00-05),LIMA,ATE,PASAJERO,FALLECIDO,,,MASCULINO,49,ÓMNIBUS,CHOQUE,NACIONAL,CARRETERA,URBANA,INDUSTRIAL,TRAMO RECTO,ASFALTADA
A-2022-01-268,P-2022-01-268-1-4,2022,2022-01-24,04:00,MADRUGADA (00-05),LIMA,ATE,PASAJERO,LESIONADO,,,FEMENINO,36,ÓMNIBUS,CHOQUE,NACIONAL,CARRETERA,URBANA,INDUSTRIAL,TRAMO RECTO,ASFALTADA
A-2022-01-268,P-2022-01-268-2-1,2022,2022-01-24,04:00,MADRUGADA (00-05),LIMA,ATE,CONDUCTOR FUGADO,NO SE CONOCE,,,NO INDICA,,TRIMOTO PASAJERO,CHOQUE,NACIONAL,CARRETERA,URBANA,INDUSTRIAL,TRAMO RECTO,ASFALTADA
A-2022-01-267,P-2022-01-267-1-1,2022,2022-01-25,05:25,MADRUGADA (00-05),LIMA,SAN JUAN DE MIRAFLORES,CONDUCTOR,ILESO,,,MASCULINO,36,CAMIONETA PICK UP,ATROPELLO,NACIONAL,CARRETERA,URBANA,COMERCIAL,PUENTE,ASFALTADA
A-2022-01-267,P-2022-01-267-1-2,2022,2022-01-25,05:25,MADRUGADA (00-05),LIMA,SAN JUAN DE MIRAFLORES,PEATÓN,FALLECIDO,EN EL LUGAR DE LOS HECHOS,,FEMENINO,,CAMIONETA PICK UP,ATROPELLO,NACIONAL,CARRETERA,URBANA,COMERCIAL,PUENTE,ASFALTADA
A-2022-01-269,P-2022-01-269-1-1,2022,2022-01-28,23:40,NOCHE (18-23),LIMA,RIMAC,CONDUCTOR FUGADO,NO SE CONOCE,,,NO INDICA,,VEHICULO NO IDENTIFICADO,ATROPELLO FUGA,NACIONAL,CARRETERA,URBANA,INDUSTRIAL,INTERSECCIÓN,ASFALTADA
A-2022-01-269,P-2022-01-269-1-2,2022,2022-01-28,23:40,NOCHE (18-23),LIMA,RIMAC,PEATÓN,FALLECIDO,EN EL LUGAR DE LOS HECHOS,,MASCULINO,,VEHICULO NO IDENTIFICADO,ATROPELLO FUGA,NACIONAL,CARRETERA,URBANA,INDUSTRIAL,INTERSECCIÓN,ASFALTADA
A-2022-01-270,P-2022-01-270-1-1,2022,2022-01-30,01:20,MADRUGADA (00-05),LIMA,SANTIAGO DE SURCO,CONDUCTOR,FALLECIDO,EN EL LUGAR DE LOS HECHOS,,MASCULINO,26,MOTOCICLETA,VOLCADURA,NACIONAL,CARRETERA,URBANA,INDUSTRIAL,PUENTE,ASFALTADA
A-2022-01-277,P-2022-01-277-1-1,2022,2022-01-30,06:00,MANANA (06-11),LIMA,SAN MARTIN DE PORRES,CONDUCTOR,ILESO,,,MASCULINO,23,CAMIÓN,CHOQUE,NACIONAL,CARRETERA,URBANA,INDUSTRIAL,INTERSECCIÓN,ASFALTADA
A-2022-01-277,P-2022-01-277-2-1,2022,2022-01-30,06:00,MANANA (06-11),LIMA,SAN MARTIN DE PORRES,CONDUCTOR,ILESO,,,MASCULINO,28,MOTOCICLETA,CHOQUE,NACIONAL,CARRETERA,URBANA,INDUSTRIAL,INTERSECCIÓN,ASFALTADA
A-2022-01-277,P-2022-01-277-2-2,2022,2022-01-30,06:00,MANANA (06-11),LIMA,SAN MARTIN DE PORRES,PASAJERO,FALLECIDO,EN EL LUGAR DE LOS HECHOS,,FEMENINO,28,MOTOCICLETA,CHOQUE,NACIONAL,CARRETERA,URBANA,INDUSTRIAL,INTERSECCIÓN,ASFALTADA
A-2022-01-271,P-2022-01-271-1-1,2022,2022-01-30,08:10,MANANA (06-11),LIMA,VILLA MARIA DEL TRIUNFO,CONDUCTOR,ILESO,,,MASCULINO,46,STATION WAGON,CHOQUE,URBANO,AVENIDA,URBANA,COMERCIAL,TRAMO RECTO,ASFALTADA
A-2022-01-271,P-2022-01-271-2-1,2022,2022-01-30,08:10,MANANA (06-11),LIMA,VILLA MARIA DEL TRIUNFO,CONDUCTOR,FALLECIDO,EN EL LUGAR DE LOS HECHOS,,MASCULINO,69,MOTOCICLETA,CHOQUE,URBANO,AVENIDA,URBANA,COMERCIAL,TRAMO RECTO,ASFALTADA
A-2022-01-279,P-2022-01-279-1-1,2022,2022-01-31,12:00,TARDE (12-17),LIMA,SANTA ANITA,SIN CONDUCTOR,NO SE CONOCE,,,NO INDICA,,CAMIÓN,DESPISTE,URBANO,AVENIDA,URBANA,COMERCIAL,INTERSECCIÓN,ASFALTADA
A-2022-01-279,P-2022-01-279-1-2,2022,2022-01-31,12:00,TARDE (12-17),LIMA,SANTA ANITA,PASAJERO,FALLECIDO,EN EL LUGAR DE LOS HECHOS,,MASCULINO,53,CAMIÓN,DESPISTE,URBANO,AVENIDA,URBANA,COMERCIAL,INTERSECCIÓN,ASFALTADA
A-2022-01-279,P-2022-01-279-1-3,2022,2022-01-31,12:00,TARDE (12-17),LIMA,SANTA ANITA,PASAJERO,LESIONADO,,CENTRO DE SALUD PÚBLICO,FEMENINO,44,CAMIÓN,DESPISTE,URBANO,AVENIDA,URBANA,COMERCIAL,INTERSECCIÓN,ASFALTADA
A-2022-02-149,P-2022-02-149-1-1,2022,2022-02-02,10:00,MANANA (06-11),LIMA,SAN MARTIN DE PORRES,CONDUCTOR,ILESO,,,MASCULINO,38,REMOLCADOR-SEMIREMOLQUE,ATROPELLO,NACIONAL,CARRETERA,URBANA,RESIDENCIAL,INTERSECCIÓN,ASFALTADA
A-2022-02-149,P-2022-02-149-1-2,2022,2022-02-02,10:00,MANANA (06-11),LIMA,SAN MARTIN DE PORRES,PEATÓN,FALLECIDO,EN EL LUGAR DE LOS HECHOS,,FEMENINO,64,REMOLCADOR-SEMIREMOLQUE,ATROPELLO,NACIONAL,CARRETERA,URBANA,RESIDENCIAL,INTERSECCIÓN,ASFALTADA
A-2022-02-150,P-2022-02-150-1-1,2022,2022-02-02,20:00,NOCHE (18-23),LIMA,ATE,CONDUCTOR FUGADO,NO SE CONOCE,,,NO INDICA,,VEHICULO NO IDENTIFICADO,ATROPELLO FUGA,NACIONAL,CARRETERA,URBANA,INDUSTRIAL,INTERSECCIÓN,ASFALTADA
A-2022-02-150,P-2022-02-150-1-2,2022,2022-02-02,20:00,NOCHE (18-23),LIMA,ATE,PEATÓN,FALLECIDO,EN EL LUGAR DE LOS HECHOS,,MASCULINO,33,VEHICULO NO IDENTIFICADO,ATROPELLO FUGA,NACIONAL,CARRETERA,URBANA,INDUSTRIAL,INTERSECCIÓN,ASFALTADA
A-2022-02-151,P-2022-02-151-1-1,2022,2022-02-03,06:10,MANANA (06-11),LIMA,SAN JUAN DE LURIGANCHO,CONDUCTOR,ILESO,,,MASCULINO,73,MOTOCICLETA,ATROPELLO,URBANO,AVENIDA,URBANA,INDUSTRIAL,TRAMO RECTO,ASFALTADA
A-2022-02-151,P-2022-02-151-1-2,2022,2022-02-03,06:10,MANANA (06-11),LIMA,SAN JUAN DE LURIGANCHO,PEATÓN,FALLECIDO,EN EL LUGAR DE LOS HECHOS,,MASCULINO,73,MOTOCICLETA,ATROPELLO,URBANO,AVENIDA,URBANA,INDUSTRIAL,TRAMO RECTO,ASFALTADA
A-2022-02-153,P-2022-02-153-1-1,2022,2022-02-03,13:25,TARDE (12-17),LIMA,VILLA EL SALVADOR,CONDUCTOR,ILESO,,,MASCULINO,19,MOTOCICLETA,ATROPELLO,URBANO,AVENIDA,URBANA,COMERCIAL,TRAMO RECTO,ASFALTADA
A-2022-02-153,P-2022-02-153-1-2,2022,2022-02-03,13:25,TARDE (12-17),LIMA,VILLA EL SALVADOR,PEATÓN,FALLECIDO,EN EL LUGAR DE LOS HECHOS,,FEMENINO,76,MOTOCICLETA,ATROPELLO,URBANO,AVENIDA,URBANA,COMERCIAL,TRAMO RECTO,ASFALTADA
A-2022-02-153,P-2022-02-153-1-3,2022,2022-02-03,13:25,TARDE (12-17),LIMA,VILLA EL SALVADOR,PASAJERO,LESIONADO,,CENTRO DE SALUD PÚBLICO,MASCULINO,21,MOTOCICLETA,ATROPELLO,URBANO,AVENIDA,URBANA,COMERCIAL,TRAMO RECTO,ASFALTADA
A-2022-02-154,P-2022-02-154-1-1,2022,2022-02-05,07:00,MANANA (06-11),LIMA,CHORRILLOS,CONDUCTOR,ILESO,,,MASCULINO,49,REMOLCADOR,CHOQUE,URBANO,AVENIDA,URBANA,INDUSTRIAL,INTERSECCIÓN,ASFALTADA
A-2022-02-154,P-2022-02-154-2-1,2022,2022-02-05,07:00,MANANA (06-11),LIMA,CHORRILLOS,CONDUCTOR,ILESO,,,MASCULINO,33,MOTOCICLETA,CHOQUE,URBANO,AVENIDA,URBANA,INDUSTRIAL,INTERSECCIÓN,ASFALTADA
A-2022-02-154,P-2022-02-154-2-2,2022,2022-02-05,07:00,MANANA (06-11),LIMA,CHORRILLOS,PASAJERO,FALLECIDO,EN EL LUGAR DE LOS HECHOS,,MASCULINO,34,MOTOCICLETA,CHOQUE,URBANO,AVENIDA,URBANA,INDUSTRIAL,INTERSECCIÓN,ASFALTADA
A-2022-02-22,P-2022-02-22-1-1,2022,2022-02-05,17:10,TARDE (12-17),CALLAO,BELLAVISTA,CONDUCTOR FUGADO,NO SE CONOCE,,,NO INDICA,,CAMIONETA RURAL,CHOQUE FUGA,URBANO,AVENIDA,URBANA,COMERCIAL,TRAMO RECTO,ASFALTADA
A-2022-02-22,P-2022-02-22-2-1,2022,2022-02-05,17:10,TARDE (12-17),CALLAO,BELLAVISTA,CONDUCTOR,FALLECIDO,EN EL LUGAR DE LOS HECHOS,,MASCULINO,72,BICICLETA,CHOQUE FUGA,URBANO,AVENIDA,URBANA,COMERCIAL,TRAMO RECTO,ASFALTADA
A-2022-02-155,P-2022-02-155-1-1,2022,2022-02-06,05:15,MADRUGADA (00-05),LIMA,INDEPENDENCIA,CONDUCTOR,ILESO,,,MASCULINO,29,MOTOCICLETA,CHOQUE,NACIONAL,CARRETERA,URBANA,INDUSTRIAL,INTERSECCIÓN,ASFALTADA
A-2022-02-155,P-2022-02-155-2-1,2022,2022-02-06,05:15,MADRUGADA (00-05),LIMA,INDEPENDENCIA,CONDUCTOR,FALLECIDO,EN EL LUGAR DE LOS HECHOS,,MASCULINO,,MOTOCICLETA,CHOQUE,NACIONAL,CARRETERA,URBANA,INDUSTRIAL,INTERSECCIÓN,ASFALTADA
A-2022-02-162,P-2022-02-162-1-1,2022,2022-02-06,18:00,NOCHE (18-23),LIMA,SAN JUAN DE MIRAFLORES,CONDUCTOR,FALLECIDO,EN EL LUGAR DE LOS HECHOS,,MASCULINO,60,AUTOMÓVIL,DESPISTE,URBANO,AVENIDA,URBANA,COMERCIAL,TRAMO RECTO,ASFALTADA
A-2022-02-166,P-2022-02-166-1-1,2022,2022-02-07,21:00,NOCHE (18-23),LIMA,LURIGANCHO,CONDUCTOR,ILESO,,,MASCULINO,47,REMOLCADOR-SEMIREMOLQUE,ESPECIAL,URBANO,AVENIDA,URBANA,RESIDENCIAL,INTERSECCIÓN,ASFALTADA
A-2022-02-166,P-2022-02-166-1-2,2022,2022-02-07,21:00,NOCHE (18-23),LIMA,LURIGANCHO,PEATÓN,FALLECIDO,EN EL LUGAR DE LOS HECHOS,,MASCULINO,25,REMOLCADOR-SEMIREMOLQUE,ESPECIAL,URBANO,AVENIDA,URBANA,RESIDENCIAL,INTERSECCIÓN,ASFALTADA
A-2022-02-167,P-2022-02-167-1-1,2022,2022-02-08,17:00,TARDE (12-17),LIMA,LOS OLIVOS,CONDUCTOR,ILESO,,,MASCULINO,24,MINIBUS,CAÍDA DE PASAJERO,URBANO,AVENIDA,URBANA,COMERCIAL,INTERSECCIÓN,ASFALTADA
A-2022-02-167,P-2022-02-167-1-2,2022,2022-02-08,17:00,TARDE (12-17),LIMA,LOS OLIVOS,PASAJERO,FALLECIDO,EN EL LUGAR DE LOS HECHOS,,MASCULINO,,MINIBUS,CAÍDA DE PASAJERO,URBANO,AVENIDA,URBANA,COMERCIAL,INTERSECCIÓN,ASFALTADA
A-2022-02-168,P-2022-02-168-1-1,2022,2022-02-08,23:40,NOCHE (18-23),LIMA,SAN BORJA,CONDUCTOR,ILESO,,,MASCULINO,66,ÓMNIBUS,ATROPELLO,URBANO,AVENIDA,URBANA,COMERCIAL,TRAMO RECTO,ASFALTADA
A-2022-02-168,P-2022-02-168-1-2,2022,2022-02-08,23:40,NOCHE (18-23),LIMA,SAN BORJA,PEATÓN,FALLECIDO,EN EL LUGAR DE LOS HECHOS,,MASCULINO,79,ÓMNIBUS,ATROPELLO,URBANO,AVENIDA,URBANA,COMERCIAL,TRAMO RECTO,ASFALTADA
A-2022-02-216,P-2022-02-216-1-1,2022,2022-02-09,20:00,NOCHE (18-23),LIMA,PACHACAMAC,CONDUCTOR,ILESO,,,MASCULINO,27,MOTOCICLETA,ATROPELLO,URBANO,AVENIDA,URBANA,INDUSTRIAL,TRAMO RECTO,ASFALTADA
A-2022-02-216,P-2022-02-216-1-2,2022,2022-02-09,20:00,NOCHE (18-23),LIMA,PACHACAMAC,PEATÓN,FALLECIDO,EN EL LUGAR DE LOS HECHOS,,FEMENINO,75,MOTOCICLETA,ATROPELLO,URBANO,AVENIDA,URBANA,INDUSTRIAL,TRAMO RECTO,ASFALTADA
A-2022-02-218,P-2022-02-218-1-1,2022,2022-02-10,06:30,MANANA (06-11),LIMA,CARABAYLLO,CONDUCTOR,ILESO,,,MASCULINO,37,CAMIONETA RURAL,ATROPELLO,URBANO,CALLE,URBANA,RESIDENCIAL,INTERSECCIÓN,ASFALTADA
A-2022-02-218,P-2022-02-218-1-2,2022,2022-02-10,06:30,MANANA (06-11),LIMA,CARABAYLLO,PEATÓN,FALLECIDO,EN EL LUGAR DE LOS HECHOS,,FEMENINO,50,CAMIONETA RURAL,ATROPELLO,URBANO,CALLE,URBANA,RESIDENCIAL,INTERSECCIÓN,ASFALTADA
A-2022-02-222,P-2022-02-222-1-1,2022,2022-02-11,02:40,MADRUGADA (00-05),LIMA,CARABAYLLO,CONDUCTOR,ILESO,,,MASCULINO,57,ÓMNIBUS,CHOQUE,URBANO,AVENIDA,URBANA,RESIDENCIAL,TRAMO RECTO,ASFALTADA
A-2022-02-222,P-2022-02-222-2-1,2022,2022-02-11,02:40,MADRUGADA (00-05),LIMA,CARABAYLLO,CONDUCTOR,FALLECIDO,EN EL LUGAR DE LOS HECHOS,,MASCULINO,44,TRIMOTO PASAJERO,CHOQUE,URBANO,AVENIDA,URBANA,RESIDENCIAL,TRAMO RECTO,ASFALTADA
A-2022-02-221,P-2022-02-221-1-1,2022,2022-02-11,18:30,NOCHE (18-23),LIMA,ATE,CONDUCTOR,ILESO,,,MASCULINO,62,REMOLCADOR,ATROPELLO,URBANO,AVENIDA,URBANA,COMERCIAL,INTERSECCIÓN,ASFALTADA
A-2022-02-221,P-2022-02-221-1-2,2022,2022-02-11,18:30,NOCHE (18-23),LIMA,ATE,PEATÓN,FALLECIDO,EN EL LUGAR DE LOS HECHOS,,FEMENINO,69,REMOLCADOR,ATROPELLO,URBANO,AVENIDA,URBANA,COMERCIAL,INTERSECCIÓN,ASFALTADA
A-2022-02-223,P-2022-02-223-1-1,2022,2022-02-12,02:30,MADRUGADA (00-05),LIMA,RIMAC,CONDUCTOR FUGADO,NO SE CONOCE,,,NO INDICA,,VEHICULO NO IDENTIFICADO,ATROPELLO FUGA,NACIONAL,CARRETERA,URBANA,INDUSTRIAL,TRAMO RECTO,ASFALTADA
A-2022-02-223,P-2022-02-223-1-2,2022,2022-02-12,02:30,MADRUGADA (00-05),LIMA,RIMAC,PEATÓN,FALLECIDO,EN EL LUGAR DE LOS HECHOS,,FEMENINO,,VEHICULO NO IDENTIFICADO,ATROPELLO FUGA,NACIONAL,CARRETERA,URBANA,INDUSTRIAL,TRAMO RECTO,ASFALTADA
A-2022-02-228,P-2022-02-228-1-1,2022,2022-02-13,15:30,TARDE (12-17),LIMA,LIMA,CONDUCTOR,ILESO,,,MASCULINO,69,ÓMNIBUS,CHOQUE,URBANO,AVENIDA,URBANA,RESIDENCIAL,INTERSECCIÓN,ASFALTADA
A-2022-02-228,P-2022-02-228-2-1,2022,2022-02-13,15:30,TARDE (12-17),LIMA,LIMA,CONDUCTOR,FALLECIDO,EN EL LUGAR DE LOS HECHOS,,MASCULINO,71,CAMIÓN,CHOQUE,URBANO,AVENIDA,URBANA,RESIDENCIAL,INTERSECCIÓN,ASFALTADA
A-2022-02-228,P-2022-02-228-2-2,2022,2022-02-13,15:30,TARDE (12-17),LIMA,LIMA,PASAJERO,LESIONADO,,OTRO,MASCULINO,69,CAMIÓN,CHOQUE,URBANO,AVENIDA,URBANA,RESIDENCIAL,INTERSECCIÓN,ASFALTADA
A-2022-02-229,P-2022-02-229-1-1,2022,2022-02-14,05:30,MADRUGADA (00-05),LIMA,MAGDALENA DEL MAR,CONDUCTOR,FALLECIDO,EN EL LUGAR DE LOS HECHOS,,MASCULINO,22,MOTOCICLETA,DESPISTE,URBANO,OTRO,URBANA,INDUSTRIAL,TRAMO RECTO,ASFALTADA
A-2022-02-230,P-2022-02-230-1-1,2022,2022-02-14,15:20,TARDE (12-17),LIMA,SAN MARTIN DE PORRES,CONDUCTOR FUGADO,NO SE CONOCE,,,NO INDICA,,VEHICULO NO IDENTIFICADO,CHOQUE,URBANO,AVENIDA,URBANA,RESIDENCIAL,INTERSECCIÓN,ASFALTADA
A-2022-02-230,P-2022-02-230-2-1,2022,2022-02-14,15:20,TARDE (12-17),LIMA,SAN MARTIN DE PORRES,CONDUCTOR,ILESO,,,MASCULINO,22,MOTOCICLETA,CHOQUE,URBANO,AVENIDA,URBANA,RESIDENCIAL,INTERSECCIÓN,ASFALTADA
A-2022-02-230,P-2022-02-230-2-2,2022,2022-02-14,15:20,TARDE (12-17),LIMA,SAN MARTIN DE PORRES,PEATÓN,FALLECIDO,EN EL LUGAR DE LOS HECHOS,,MASCULINO,54,MOTOCICLETA,CHOQUE,URBANO,AVENIDA,URBANA,RESIDENCIAL,INTERSECCIÓN,ASFALTADA
A-2022-02-231,P-2022-02-231-1-1,2022,2022-02-15,04:30,MADRUGADA (00-05),LIMA,LURIGANCHO,CONDUCTOR FUGADO,NO SE CONOCE,,,NO INDICA,,VEHICULO NO IDENTIFICADO,ATROPELLO FUGA,URBANO,AVENIDA,URBANA,INDUSTRIAL,TRAMO RECTO,ASFALTADA
A-2022-02-231,P-2022-02-231-1-2,2022,2022-02-15,04:30,MADRUGADA (00-05),LIMA,LURIGANCHO,PEATÓN,FALLECIDO,EN EL LUGAR DE LOS HECHOS,,MASCULINO,25,VEHICULO NO IDENTIFICADO,ATROPELLO FUGA,URBANO,AVENIDA,URBANA,INDUSTRIAL,TRAMO RECTO,ASFALTADA
A-2022-02-234,P-2022-02-234-1-1,2022,2022-02-15,11:00,MANANA (06-11),LIMA,COMAS,CONDUCTOR,ILESO,,,MASCULINO,58,CAMIÓN,ATROPELLO,URBANO,AVENIDA,URBANA,RESIDENCIAL,INTERSECCIÓN,ASFALTADA
A-2022-02-234,P-2022-02-234-1-2,2022,2022-02-15,11:00,MANANA (06-11),LIMA,COMAS,PEATÓN,FALLECIDO,EN EL LUGAR DE LOS HECHOS,,FEMENINO,72,CAMIÓN,ATROPELLO,URBANO,AVENIDA,URBANA,RESIDENCIAL,INTERSECCIÓN,ASFALTADA
A-2022-02-235,P-2022-02-235-1-1,2022,2022-02-16,13:30,TARDE (12-17),LIMA,RIMAC,CONDUCTOR,ILESO,,,MASCULINO,42,ÓMNIBUS,ATROPELLO,URBANO,AVENIDA,URBANA,COMERCIAL,TRAMO RECTO,ASFALTADA
A-2022-02-235,P-2022-02-235-1-2,2022,2022-02-16,13:30,TARDE (12-17),LIMA,RIMAC,PEATÓN,FALLECIDO,EN EL LUGAR DE LOS HECHOS,,MASCULINO,75,ÓMNIBUS,ATROPELLO,URBANO,AVENIDA,URBANA,COMERCIAL,TRAMO RECTO,ASFALTADA
A-2022-02-81,P-2022-02-81-1-1,2022,2022-02-17,21:00,NOCHE (18-23),CALLAO,CALLAO,CONDUCTOR,ILESO,,,MASCULINO,27,REMOLCADOR-SEMIREMOLQUE,ATROPELLO,NACIONAL,CARRETERA,URBANA,INDUSTRIAL,INTERSECCIÓN,CONCRETO
A-2022-02-81,P-2022-02-81-1-2,2022,2022-02-17,21:00,NOCHE (18-23),CALLAO,CALLAO,PEATÓN,FALLECIDO,EN EL CENTRO DE SALUD,,FEMENINO,41,REMOLCADOR-SEMIREMOLQUE,ATROPELLO,NACIONAL,CARRETERA,URBANA,INDUSTRIAL,INTERSECCIÓN,CONCRETO
A-2022-02-236,P-2022-02-236-1-1,2022,2022-02-18,21:00,NOCHE (18-23),LIMA,MIRAFLORES,CONDUCTOR,ILESO,,,MASCULINO,64,AUTOMÓVIL,ATROPELLO,URBANO,OTRO,URBANA,INDUSTRIAL,CURVA,ASFALTADA
A-2022-02-236,P-2022-02-236-1-2,2022,2022-02-18,21:00,NOCHE (18-23),LIMA,MIRAFLORES,PEATÓN,FALLECIDO,EN EL LUGAR DE LOS HECHOS,,MASCULINO,,AUTOMÓVIL,ATROPELLO,URBANO,OTRO,URBANA,INDUSTRIAL,CURVA,ASFALTADA
A-2022-02-239,P-2022-02-239-1-1,2022,2022-02-19,10:30,MANANA (06-11),LIMA,LURIN,CONDUCTOR FUGADO,NO SE CONOCE,,,NO INDICA,,VEHICULO NO IDENTIFICADO,ATROPELLO FUGA,NACIONAL,CARRETERA,URBANA,INDUSTRIAL,TRAMO RECTO,ASFALTADA
A-2022-02-239,P-2022-02-239-1-2,2022,2022-02-19,10:30,MANANA (06-11),LIMA,LURIN,PEATÓN,FALLECIDO,EN EL LUGAR DE LOS HECHOS,,MASCULINO,,VEHICULO NO IDENTIFICADO,ATROPELLO FUGA,NACIONAL,CARRETERA,URBANA,INDUSTRIAL,TRAMO RECTO,ASFALTADA
A-2022-02-237,P-2022-02-237-1-1,2022,2022-02-19,19:45,NOCHE (18-23),LIMA,LA MOLINA,CONDUCTOR,ILESO,,,MASCULINO,50,REMOLCADOR,CHOQUE,DEPARTAMENTAL,CARRETERA,URBANA,RESIDENCIAL,INTERSECCIÓN,ASFALTADA
A-2022-02-237,P-2022-02-237-2-1,2022,2022-02-19,19:45,NOCHE (18-23),LIMA,LA MOLINA,CONDUCTOR,FALLECIDO,EN EL LUGAR DE LOS HECHOS,,MASCULINO,21,MOTOCICLETA,CHOQUE,DEPARTAMENTAL,CARRETERA,URBANA,RESIDENCIAL,INTERSECCIÓN,ASFALTADA
A-2022-02-240,P-2022-02-240-1-1,2022,2022-02-20,02:30,MADRUGADA (00-05),LIMA,ANCON,CONDUCTOR,ILESO,,,MASCULINO,41,REMOLCADOR,ATROPELLO,NACIONAL,CARRETERA,URBANA,INDUSTRIAL,TRAMO RECTO,ASFALTADA
A-2022-02-240,P-2022-02-240-1-2,2022,2022-02-20,02:30,MADRUGADA (00-05),LIMA,ANCON,PEATÓN,FALLECIDO,EN EL LUGAR DE LOS HECHOS,,MASCULINO,,REMOLCADOR,ATROPELLO,NACIONAL,CARRETERA,URBANA,INDUSTRIAL,TRAMO RECTO,ASFALTADA
A-2022-02-242,P-2022-02-242-1-1,2022,2022-02-23,09:50,MANANA (06-11),LIMA,SAN MARTIN DE PORRES,CONDUCTOR,ILESO,,,MASCULINO,60,ÓMNIBUS,CAÍDA DE PASAJERO,URBANO,AVENIDA,URBANA,ESCOLAR,TRAMO RECTO,ASFALTADA
A-2022-02-242,P-2022-02-242-1-2,2022,2022-02-23,09:50,MANANA (06-11),LIMA,SAN MARTIN DE PORRES,PASAJERO,FALLECIDO,EN EL LUGAR DE LOS HECHOS,,FEMENINO,55,ÓMNIBUS,CAÍDA DE PASAJERO,URBANO,AVENIDA,URBANA,ESCOLAR,TRAMO RECTO,ASFALTADA
A-2022-02-119,P-2022-02-119-1-1,2022,2022-02-24,05:45,MADRUGADA (00-05),CALLAO,CALLAO,CONDUCTOR FUGADO,NO SE CONOCE,,,MASCULINO,,CAMIONETA RURAL,ATROPELLO,URBANO,AVENIDA,URBANA,RESIDENCIAL,TRAMO RECTO,ASFALTADA
A-2022-02-119,P-2022-02-119-1-2,2022,2022-02-24,05:45,MADRUGADA (00-05),CALLAO,CALLAO,PEATÓN,FALLECIDO,EN EL LUGAR DE LOS HECHOS,,FEMENINO,69,CAMIONETA RURAL,ATROPELLO,URBANO,AVENIDA,URBANA,RESIDENCIAL,TRAMO RECTO,ASFALTADA
A-2022-02-241,P-2022-02-241-1-1,2022,2022-02-24,08:15,MANANA (06-11),LIMA,LIMA,CONDUCTOR,ILESO,,,MASCULINO,59,CAMIONETA RURAL,ESPECIAL,URBANO,AVENIDA,URBANA,INDUSTRIAL,TRAMO RECTO,ASFALTADA
A-2022-02-241,P-2022-02-241-1-2,2022,2022-02-24,08:15,MANANA (06-11),LIMA,LIMA,PEATÓN,FALLECIDO,EN EL LUGAR DE LOS HECHOS,,MASCULINO,55,CAMIONETA RURAL,ESPECIAL,URBANO,AVENIDA,URBANA,INDUSTRIAL,TRAMO RECTO,ASFALTADA
A-2022-02-246,P-2022-02-246-1-1,2022,2022-02-25,12:30,TARDE (12-17),LIMA,ATE,CONDUCTOR,ILESO,,,MASCULINO,39,ÓMNIBUS,ATROPELLO,NACIONAL,CARRETERA,URBANA,COMERCIAL,TRAMO RECTO,ASFALTADA
A-2022-02-246,P-2022-02-246-1-2,2022,2022-02-25,12:30,TARDE (12-17),LIMA,ATE,PEATÓN,FALLECIDO,EN EL LUGAR DE LOS HECHOS,,FEMENINO,71,ÓMNIBUS,ATROPELLO,NACIONAL,CARRETERA,URBANA,COMERCIAL,TRAMO RECTO,ASFALTADA
A-2022-02-309,P-2022-02-309-1-1,2022,2022-02-25,14:10,TARDE (12-17),LIMA,SAN MARTIN DE PORRES,CONDUCTOR,ILESO,,,MASCULINO,,ÓMNIBUS,ATROPELLO,URBANO,AVENIDA,URBANA,,,
A-2022-02-309,P-2022-02-309-1-2,2022,2022-02-25,14:10,TARDE (12-17),LIMA,SAN MARTIN DE PORRES,PEATÓN,FALLECIDO,,,FEMENINO,,ÓMNIBUS,ATROPELLO,URBANO,AVENIDA,URBANA,,,
A-2022-02-249,P-2022-02-249-1-1,2022,2022-02-25,23:30,NOCHE (18-23),LIMA,SANTA ANITA,CONDUCTOR FUGADO,NO SE CONOCE,,,NO INDICA,,VEHICULO NO IDENTIFICADO,CHOQUE,URBANO,AVENIDA,URBANA,COMERCIAL,INTERSECCIÓN,ASFALTADA
A-2022-02-249,P-2022-02-249-2-1,2022,2022-02-25,23:30,NOCHE (18-23),LIMA,SANTA ANITA,CONDUCTOR,ILESO,,,MASCULINO,17,TRIMOTO PASAJERO,CHOQUE,URBANO,AVENIDA,URBANA,COMERCIAL,INTERSECCIÓN,ASFALTADA
A-2022-02-249,P-2022-02-249-2-2,2022,2022-02-25,23:30,NOCHE (18-23),LIMA,SANTA ANITA,PASAJERO,LESIONADO,,CENTRO DE SALUD PÚBLICO,FEMENINO,15,TRIMOTO PASAJERO,CHOQUE,URBANO,AVENIDA,URBANA,COMERCIAL,INTERSECCIÓN,ASFALTADA
A-2022-02-249,P-2022-02-249-2-3,2022,2022-02-25,23:30,NOCHE (18-23),LIMA,SANTA ANITA,PASAJERO,LESIONADO,,CENTRO DE SALUD PÚBLICO,MASCULINO,1,TRIMOTO PASAJERO,CHOQUE,URBANO,AVENIDA,URBANA,COMERCIAL,INTERSECCIÓN,ASFALTADA
A-2022-02-249,P-2022-02-249-2-4,2022,2022-02-25,23:30,NOCHE (18-23),LIMA,SANTA ANITA,PASAJERO,FALLECIDO,EN EL LUGAR DE LOS HECHOS,,FEMENINO,65,TRIMOTO PASAJERO,CHOQUE,URBANO,AVENIDA,URBANA,COMERCIAL,INTERSECCIÓN,ASFALTADA
A-2022-02-248,P-2022-02-248-1-1,2022,2022-02-26,19:40,NOCHE (18-23),LIMA,ATE,CONDUCTOR,ILESO,,,MASCULINO,33,TRIMOTO PASAJERO,ATROPELLO,URBANO,OTRO,URBANA,COMERCIAL,TRAMO RECTO,ASFALTADA
A-2022-02-248,P-2022-02-248-1-2,2022,2022-02-26,19:40,NOCHE (18-23),LIMA,ATE,PEATÓN,FALLECIDO,EN EL LUGAR DE LOS HECHOS,,FEMENINO,70,TRIMOTO PASAJERO,ATROPELLO,URBANO,OTRO,URBANA,COMERCIAL,TRAMO RECTO,ASFALTADA
A-2022-02-250,P-2022-02-250-1-1,2022,2022-02-28,03:00,MADRUGADA (00-05),LIMA,RIMAC,CONDUCTOR FUGADO,NO SE CONOCE,,,NO INDICA,,VEHICULO NO IDENTIFICADO,ATROPELLO FUGA,NACIONAL,CARRETERA,URBANA,RESIDENCIAL,PUENTE,ASFALTADA
A-2022-02-250,P-2022-02-250-1-2,2022,2022-02-28,03:00,MADRUGADA (00-05),LIMA,RIMAC,PEATÓN,FALLECIDO,EN EL LUGAR DE LOS HECHOS,,MASCULINO,,VEHICULO NO IDENTIFICADO,ATROPELLO FUGA,NACIONAL,CARRETERA,URBANA,RESIDENCIAL,PUENTE,ASFALTADA
A-2022-02-251,P-2022-02-251-1-1,2022,2022-02-28,05:35,MADRUGADA (00-05),LIMA,CHACLACAYO,CONDUCTOR,ILESO,,,MASCULINO,65,CAMIONETA PANEL,CHOQUE,NACIONAL,CARRETERA,URBANA,INDUSTRIAL,TRAMO RECTO,ASFALTADA
A-2022-02-251,P-2022-02-251-1-2,2022,2022-02-28,05:35,MADRUGADA (00-05),LIMA,CHACLACAYO,PASAJERO,LESIONADO,,CENTRO DE SALUD PÚBLICO,FEMENINO,30,CAMIONETA PANEL,CHOQUE,NACIONAL,CARRETERA,URBANA,INDUSTRIAL,TRAMO RECTO,ASFALTADA
A-2022-02-251,P-2022-02-251-1-3,2022,2022-02-28,05:35,MADRUGADA (00-05),LIMA,CHACLACAYO,PASAJERO,LESIONADO,,CENTRO DE SALUD PÚBLICO,FEMENINO,19,CAMIONETA PANEL,CHOQUE,NACIONAL,CARRETERA,URBANA,INDUSTRIAL,TRAMO RECTO,ASFALTADA
A-2022-02-251,P-2022-02-251-2-1,2022,2022-02-28,05:35,MADRUGADA (00-05),LIMA,CHACLACAYO,CONDUCTOR,ILESO,,,MASCULINO,31,CAMIONETA RURAL,CHOQUE,NACIONAL,CARRETERA,URBANA,INDUSTRIAL,TRAMO RECTO,ASFALTADA
A-2022-02-251,P-2022-02-251-2-2,2022,2022-02-28,05:35,MADRUGADA (00-05),LIMA,CHACLACAYO,PASAJERO,FALLECIDO,EN EL CENTRO DE SALUD,,MASCULINO,27,CAMIONETA RURAL,CHOQUE,NACIONAL,CARRETERA,URBANA,INDUSTRIAL,TRAMO RECTO,ASFALTADA
A-2022-03-189,P-2022-03-189-1-1,2022,2022-03-01,07:20,MANANA (06-11),LIMA,PUENTE PIEDRA,CONDUCTOR,ILESO,,,MASCULINO,66,CAMIÓN,VOLCADURA,URBANO,AVENIDA,RURAL,RURAL,TRAMO RECTO,ASFALTADA
A-2022-03-189,P-2022-03-189-2-1,2022,2022-03-01,07:20,MANANA (06-11),LIMA,PUENTE PIEDRA,CONDUCTOR,FALLECIDO,CAMINO AL CENTRO DE SALUD,,MASCULINO,23,MOTOCICLETA,VOLCADURA,URBANO,AVENIDA,RURAL,RURAL,TRAMO RECTO,ASFALTADA
A-2022-03-161,P-2022-03-161-1-1,2022,2022-03-02,12:20,TARDE (12-17),CALLAO,CALLAO,CONDUCTOR,FALLECIDO,EN EL CENTRO DE SALUD,,MASCULINO,51,STATION WAGON,CHOQUE,URBANO,AVENIDA,URBANA,RESIDENCIAL,TRAMO RECTO,ASFALTADA
A-2022-03-161,P-2022-03-161-2-1,2022,2022-03-02,12:20,TARDE (12-17),CALLAO,CALLAO,SIN CONDUCTOR,NO SE CONOCE,,,NO INDICA,,SEMIREMOLQUE,CHOQUE,URBANO,AVENIDA,URBANA,RESIDENCIAL,TRAMO RECTO,ASFALTADA
A-2022-03-181,P-2022-03-181-1-1,2022,2022-03-02,14:30,TARDE (12-17),LIMA,JESUS MARIA,CONDUCTOR,FALLECIDO,EN EL LUGAR DE LOS HECHOS,,MASCULINO,23,MOTOCICLETA,CHOQUE,URBANO,AVENIDA,URBANA,RURAL,TRAMO RECTO,ASFALTADA
A-2022-03-181,P-2022-03-181-2-1,2022,2022-03-02,14:30,TARDE (12-17),LIMA,JESUS MARIA,CONDUCTOR,ILESO,,,MASCULINO,50,REMOLCADOR,CHOQUE,URBANO,AVENIDA,URBANA,RURAL,TRAMO RECTO,ASFALTADA
A-2022-03-283,P-2022-03-283-1-1,2022,2022-03-03,23:50,NOCHE (18-23),LIMA,CHORRILLOS,CONDUCTOR,NO SE CONOCE,,,MASCULINO,,VEHICULO NO IDENTIFICADO,ATROPELLO FUGA,URBANO,AVENIDA,URBANA,,,
A-2022-03-283,P-2022-03-283-1-2,2022,2022-03-03,23:50,NOCHE (18-23),LIMA,CHORRILLOS,PEATÓN,FALLECIDO,,,MASCULINO,,VEHICULO NO IDENTIFICADO,ATROPELLO FUGA,URBANO,AVENIDA,URBANA,,,
A-2022-03-212,P-2022-03-212-1-1,2022,2022-03-04,14:00,TARDE (12-17),CALLAO,CARMEN DE LA LEGUA REYNOSO,CONDUCTOR,ILESO,,,MASCULINO,52,REMOLCADOR-SEMIREMOLQUE,ATROPELLO,URBANO,AVENIDA,URBANA,INDUSTRIAL,TRAMO RECTO,ASFALTADA
A-2022-03-212,P-2022-03-212-1-2,2022,2022-03-04,14:00,TARDE (12-17),CALLAO,CARMEN DE LA LEGUA REYNOSO,PEATÓN,FALLECIDO,EN EL LUGAR DE LOS HECHOS,,MASCULINO,78,REMOLCADOR-SEMIREMOLQUE,ATROPELLO,URBANO,AVENIDA,URBANA,INDUSTRIAL,TRAMO RECTO,ASFALTADA
A-2022-03-213,P-2022-03-213-1-1,2022,2022-03-05,04:45,MADRUGADA (00-05),LIMA,VILLA EL SALVADOR,CONDUCTOR FUGADO,NO SE CONOCE,,,NO INDICA,,VEHICULO NO IDENTIFICADO,ATROPELLO FUGA,NACIONAL,CARRETERA,,,,
A-2022-03-213,P-2022-03-213-1-2,2022,2022-03-05,04:45,MADRUGADA (00-05),LIMA,VILLA EL SALVADOR,PEATÓN,FALLECIDO,,,MASCULINO,32,VEHICULO NO IDENTIFICADO,ATROPELLO FUGA,NACIONAL,CARRETERA,,,,
A-2022-03-8,P-2022-03-8-1-1,2022,2022-03-05,16:50,TARDE (12-17),CALLAO,CALLAO,CONDUCTOR,ILESO,,,MASCULINO,44,REMOLCADOR-SEMIREMOLQUE,ATROPELLO,NACIONAL,CARRETERA,URBANA,COMERCIAL,TRAMO RECTO,ASFALTADA
A-2022-03-8,P-2022-03-8-1-2,2022,2022-03-05,16:50,TARDE (12-17),CALLAO,CALLAO,PEATÓN,FALLECIDO,EN EL LUGAR DE LOS HECHOS,,MASCULINO,27,REMOLCADOR-SEMIREMOLQUE,ATROPELLO,NACIONAL,CARRETERA,URBANA,COMERCIAL,TRAMO RECTO,ASFALTADA
A-2022-03-214,P-2022-03-214-1-1,2022,2022-03-07,14:30,TARDE (12-17),LIMA,COMAS,CONDUCTOR,ILESO,,,MASCULINO,44,CAMIONETA RURAL,ATROPELLO,URBANO,AVENIDA,URBANA,COMERCIAL,TRAMO RECTO,ASFALTADA
A-2022-03-214,P-2022-03-214-1-2,2022,2022-03-07,14:30,TARDE (12-17),LIMA,COMAS,PEATÓN,FALLECIDO,,,MASCULINO,72,CAMIONETA RURAL,ATROPELLO,URBANO,AVENIDA,URBANA,COMERCIAL,TRAMO RECTO,ASFALTADA
A-2022-03-232,P-2022-03-232-1-1,2022,2022-03-07,18:25,NOCHE (18-23),LIMA,COMAS,CONDUCTOR,ILESO,,,MASCULINO,23,CAMIONETA PICK UP,ATROPELLO,URBANO,AVENIDA,URBANA,COMERCIAL,INTERSECCIÓN,ASFALTADA
A-2022-03-232,P-2022-03-232-1-2,2022,2022-03-07,18:25,NOCHE (18-23),LIMA,COMAS,PEATÓN,FALLECIDO,EN EL LUGAR DE LOS HECHOS,,MASCULINO,76,CAMIONETA PICK UP,ATROPELLO,URBANO,AVENIDA,URBANA,COMERCIAL,INTERSECCIÓN,ASFALTADA
A-2022-03-215,P-2022-03-215-1-1,2022,2022-03-08,06:00,MANANA (06-11),LIMA,EL AGUSTINO,CONDUCTOR,ILESO,,,MASCULINO,55,ÓMNIBUS,CHOQUE,NACIONAL,CARRETERA,URBANA,COMERCIAL,TRAMO RECTO,ASFALTADA
A-2022-03-215,P-2022-03-215-2-1,2022,2022-03-08,06:00,MANANA (06-11),LIMA,EL AGUSTINO,CONDUCTOR,FALLECIDO,,,MASCULINO,32,AUTOMÓVIL,CHOQUE,NACIONAL,CARRETERA,URBANA,COMERCIAL,TRAMO RECTO,ASFALTADA
A-2022-03-289,P-2022-03-289-1-1,2022,2022-03-08,17:20,TARDE (12-17),LIMA,PACHACAMAC,CONDUCTOR,FALLECIDO,EN EL LUGAR DE LOS HECHOS,,MASCULINO,32,BICIMOTO,CHOQUE,URBANO,AVENIDA,URBANA,COMERCIAL,TRAMO RECTO,ASFALTADA
A-2022-03-289,P-2022-03-289-2-1,2022,2022-03-08,17:20,TARDE (12-17),LIMA,PACHACAMAC,CONDUCTOR,ILESO,,,MASCULINO,29,MINIBUS,CHOQUE,URBANO,AVENIDA,URBANA,COMERCIAL,TRAMO RECTO,ASFALTADA
A-2022-03-216,P-2022-03-216-1-1,2022,2022-03-09,14:00,TARDE (12-17),LIMA,RIMAC,CONDUCTOR,FALLECIDO,,,MASCULINO,30,CAMIÓN,CHOQUE,NACIONAL,CARRETERA,URBANA,INDUSTRIAL,TRAMO RECTO,ASFALTADA
A-2022-03-216,P-2022-03-216-2-1,2022,2022-03-09,14:00,TARDE (12-17),LIMA,RIMAC,CONDUCTOR,ILESO,,,MASCULINO,47,REMOLCADOR,CHOQUE,NACIONAL,CARRETERA,URBANA,INDUSTRIAL,TRAMO RECTO,ASFALTADA
A-2022-03-253,P-2022-03-253-1-1,2022,2022-03-10,20:00,NOCHE (18-23),LIMA,SAN MARTIN DE PORRES,CONDUCTOR,FALLECIDO,,,MASCULINO,,BICICLETA,CHOQUE FUGA,URBANO,AVENIDA,URBANA,,,
A-2022-03-253,P-2022-03-253-2-1,2022,2022-03-10,20:00,NOCHE (18-23),LIMA,SAN MARTIN DE PORRES,CONDUCTOR,ILESO,,,MASCULINO,,VEHICULO NO IDENTIFICADO,CHOQUE FUGA,URBANO,AVENIDA,URBANA,,,
A-2022-03-255,P-2022-03-255-1-1,2022,2022-03-11,02:00,MADRUGADA (00-05),LIMA,SAN JUAN DE LURIGANCHO,CONDUCTOR,FALLECIDO,,,MASCULINO,,TRIMOTO PASAJERO,CHOQUE,URBANO,AVENIDA,URBANA,,,
A-2022-03-255,P-2022-03-255-2-1,2022,2022-03-11,02:00,MADRUGADA (00-05),LIMA,SAN JUAN DE LURIGANCHO,CONDUCTOR,ILESO,,,MASCULINO,,CAMIONETA PANEL,CHOQUE,URBANO,AVENIDA,URBANA,,,
A-2022-03-257,P-2022-03-257-1-1,2022,2022-03-11,19:50,NOCHE (18-23),LIMA,LIMA,CONDUCTOR,NO SE CONOCE,,,MASCULINO,,MOTOCICLETA,ATROPELLO,URBANO,AVENIDA,URBANA,RURAL,TRAMO RECTO,ASFALTADA
A-2022-03-257,P-2022-03-257-1-2,2022,2022-03-11,19:50,NOCHE (18-23),LIMA,LIMA,PEATÓN,FALLECIDO,EN EL LUGAR DE LOS HECHOS,,MASCULINO,,MOTOCICLETA,ATROPELLO,URBANO,AVENIDA,URBANA,RURAL,TRAMO RECTO,ASFALTADA
A-2022-03-259,P-2022-03-259-1-1,2022,2022-03-13,11:40,MANANA (06-11),LIMA,SAN JUAN DE LURIGANCHO,CONDUCTOR,ILESO,,,MASCULINO,,ÓMNIBUS,ATROPELLO,URBANO,AVENIDA,URBANA,,,
A-2022-03-259,P-2022-03-259-1-2,2022,2022-03-13,11:40,MANANA (06-11),LIMA,SAN JUAN DE LURIGANCHO,PEATÓN,FALLECIDO,,,FEMENINO,,ÓMNIBUS,ATROPELLO,URBANO,AVENIDA,URBANA,,,
A-2022-03-260,P-2022-03-260-1-1,2022,2022-03-15,23:30,NOCHE (18-23),LIMA,SAN JUAN DE LURIGANCHO,CONDUCTOR,ILESO,,,MASCULINO,,ÓMNIBUS,ATROPELLO,PROVINCIAL,CARRETERA,URBANA,,,
A-2022-03-260,P-2022-03-260-1-2,2022,2022-03-15,23:30,NOCHE (18-23),LIMA,SAN JUAN DE LURIGANCHO,PEATÓN,FALLECIDO,,,FEMENINO,,ÓMNIBUS,ATROPELLO,PROVINCIAL,CARRETERA,URBANA,,,
A-2022-03-261,P-2022-03-261-1-1,2022,2022-03-16,01:00,MADRUGADA (00-05),LIMA,SAN ISIDRO,CONDUCTOR,FALLECIDO,,,MASCULINO,,AUTOMÓVIL,DESPISTE,URBANO,OTRO,URBANA,,,
A-2022-03-261,P-2022-03-261-1-2,2022,2022-03-16,01:00,MADRUGADA (00-05),LIMA,SAN ISIDRO,PASAJERO,LESIONADO,,,FEMENINO,,AUTOMÓVIL,DESPISTE,URBANO,OTRO,URBANA,,,
A-2022-03-263,P-2022-03-263-1-1,2022,2022-03-18,21:00,NOCHE (18-23),LIMA,CARABAYLLO,CONDUCTOR,ILESO,,,MASCULINO,,ÓMNIBUS,CHOQUE,URBANO,AVENIDA,URBANA,,,
A-2022-03-263,P-2022-03-263-2-1,2022,2022-03-18,21:00,NOCHE (18-23),LIMA,CARABAYLLO,CONDUCTOR,FALLECIDO,,,MASCULINO,,MOTOCICLETA,CHOQUE,URBANO,AVENIDA,URBANA,,,
A-2022-03-265,P-2022-03-265-1-1,2022,2022-03-20,02:45,MADRUGADA (00-05),LIMA,ATE,CONDUCTOR,FALLECIDO,,,MASCULINO,,MOTOCICLETA,DESPISTE,NACIONAL,CARRETERA,URBANA,,,
A-2022-03-265,P-2022-03-265-1-2,2022,2022-03-20,02:45,MADRUGADA (00-05),LIMA,ATE,PASAJERO,FALLECIDO,,,MASCULINO,,MOTOCICLETA,DESPISTE,NACIONAL,CARRETERA,URBANA,,,
A-2022-03-266,P-2022-03-266-1-1,2022,2022-03-20,23:30,NOCHE (18-23),LIMA,COMAS,CONDUCTOR,ILESO,,,MASCULINO,,ÓMNIBUS,VOLCADURA,URBANO,AVENIDA,URBANA,,,
A-2022-03-266,P-2022-03-266-2-1,2022,2022-03-20,23:30,NOCHE (18-23),LIMA,COMAS,CONDUCTOR,FALLECIDO,,,MASCULINO,,MOTOCICLETA,VOLCADURA,URBANO,AVENIDA,URBANA,,,
A-2022-03-267,P-2022-03-267-1-1,2022,2022-03-21,04:00,MADRUGADA (00-05),LIMA,ATE,CONDUCTOR,FALLECIDO,,,MASCULINO,,MOTOCICLETA,DESPISTE,NACIONAL,CARRETERA,URBANA,,,
A-2022-03-270,P-2022-03-270-1-1,2022,2022-03-21,18:30,NOCHE (18-23),LIMA,VILLA MARIA DEL TRIUNFO,CONDUCTOR,ILESO,,,MASCULINO,,ÓMNIBUS,ATROPELLO,URBANO,AVENIDA,URBANA,,,
A-2022-03-270,P-2022-03-270-1-2,2022,2022-03-21,18:30,NOCHE (18-23),LIMA,VILLA MARIA DEL TRIUNFO,PEATÓN,FALLECIDO,,,MASCULINO,,ÓMNIBUS,ATROPELLO,URBANO,AVENIDA,URBANA,,,
A-2022-03-163,P-2022-03-163-1-1,2022,2022-03-24,05:00,MADRUGADA (00-05),CALLAO,CALLAO,CONDUCTOR,ILESO,,,MASCULINO,28,REMOLCADOR,ESPECIAL,NACIONAL,CARRETERA,URBANA,RESIDENCIAL,TRAMO RECTO,ASFALTADA
A-2022-03-163,P-2022-03-163-2-1,2022,2022-03-24,05:00,MADRUGADA (00-05),CALLAO,CALLAO,CONDUCTOR,FALLECIDO,EN EL LUGAR DE LOS HECHOS,,MASCULINO,61,MOTOCICLETA,ESPECIAL,NACIONAL,CARRETERA,URBANA,RESIDENCIAL,TRAMO RECTO,ASFALTADA
A-2022-03-162,P-2022-03-162-1-1,2022,2022-03-24,07:30,MANANA (06-11),CALLAO,CALLAO,CONDUCTOR FUGADO,NO SE CONOCE,,,NO INDICA,,VEHICULO NO IDENTIFICADO,ATROPELLO FUGA,NACIONAL,CARRETERA,URBANA,INDUSTRIAL,TRAMO RECTO,ASFALTADA
A-2022-03-162,P-2022-03-162-1-2,2022,2022-03-24,07:30,MANANA (06-11),CALLAO,CALLAO,PEATÓN,FALLECIDO,EN EL LUGAR DE LOS HECHOS,,NO INDICA,,VEHICULO NO IDENTIFICADO,ATROPELLO FUGA,NACIONAL,CARRETERA,URBANA,INDUSTRIAL,TRAMO RECTO,ASFALTADA
A-2022-03-273,P-2022-03-273-1-1,2022,2022-03-26,16:30,TARDE (12-17),LIMA,ATE,CONDUCTOR,ILESO,,,MASCULINO,,REMOLCADOR-SEMIREMOLQUE,ATROPELLO,URBANO,AVENIDA,URBANA,,,
A-2022-03-273,P-2022-03-273-1-2,2022,2022-03-26,16:30,TARDE (12-17),LIMA,ATE,PEATÓN,FALLECIDO,,,MASCULINO,,REMOLCADOR-SEMIREMOLQUE,ATROPELLO,URBANO,AVENIDA,URBANA,,,
A-2022-03-271,P-2022-03-271-1-1,2022,2022-03-26,23:50,NOCHE (18-23),LIMA,LURIN,CONDUCTOR FUGADO,NO SE CONOCE,,,MASCULINO,,VEHICULO NO IDENTIFICADO,ATROPELLO FUGA,NACIONAL,CARRETERA,URBANA,,,
A-2022-03-271,P-2022-03-271-1-2,2022,2022-03-26,23:50,NOCHE (18-23),LIMA,LURIN,PEATÓN,FALLECIDO,,,MASCULINO,,VEHICULO NO IDENTIFICADO,ATROPELLO FUGA,NACIONAL,CARRETERA,URBANA,,,
A-2022-03-275,P-2022-03-275-1-1,2022,2022-03-27,17:30,TARDE (12-17),LIMA,EL AGUSTINO,CONDUCTOR,ILESO,,,MASCULINO,,AUTOMÓVIL,ATROPELLO,NACIONAL,CARRETERA,URBANA,,,
A-2022-03-275,P-2022-03-275-1-2,2022,2022-03-27,17:30,TARDE (12-17),LIMA,EL AGUSTINO,PEATÓN,FALLECIDO,,,MASCULINO,,AUTOMÓVIL,ATROPELLO,NACIONAL,CARRETERA,URBANA,,,
A-2022-03-276,P-2022-03-276-1-1,2022,2022-03-28,07:00,MANANA (06-11),LIMA,MIRAFLORES,CONDUCTOR,FALLECIDO,,,MASCULINO,,AUTOMÓVIL,DESPISTE,URBANO,OTRO,URBANA,,,
A-2022-03-276,P-2022-03-276-1-2,2022,2022-03-28,07:00,MANANA (06-11),LIMA,MIRAFLORES,PASAJERO,LESIONADO,,,FEMENINO,,AUTOMÓVIL,DESPISTE,URBANO,OTRO,URBANA,,,
A-2022-04-214,P-2022-04-214-1-1,2022,2022-04-01,19:00,NOCHE (18-23),LIMA,COMAS,CONDUCTOR FUGADO,NO SE CONOCE,,,NO INDICA,,VEHICULO NO IDENTIFICADO,ATROPELLO FUGA,URBANO,AVENIDA,URBANA,,,
A-2022-04-214,P-2022-04-214-1-2,2022,2022-04-01,19:00,NOCHE (18-23),LIMA,COMAS,PEATÓN,FALLECIDO,,,FEMENINO,74,VEHICULO NO IDENTIFICADO,ATROPELLO FUGA,URBANO,AVENIDA,URBANA,,,
A-2022-04-195,P-2022-04-195-1-1,2022,2022-04-02,00:00,MADRUGADA (00-05),LIMA,SAN JUAN DE LURIGANCHO,CONDUCTOR,ILESO,,,MASCULINO,53,AUTOMÓVIL,CHOQUE,URBANO,AVENIDA,URBANA,,,
A-2022-04-195,P-2022-04-195-2-1,2022,2022-04-02,00:00,MADRUGADA (00-05),LIMA,SAN JUAN DE LURIGANCHO,CONDUCTOR,FALLECIDO,,,MASCULINO,10,TRIMOTO PASAJERO,CHOQUE,URBANO,AVENIDA,URBANA,,,
A-2022-04-191,P-2022-04-191-1-1,2022,2022-04-02,11:00,MANANA (06-11),LIMA,INDEPENDENCIA,CONDUCTOR,FALLECIDO,,,MASCULINO,23,MOTOCICLETA,CHOQUE,URBANO,AVENIDA,URBANA,,,
A-2022-04-190,P-2022-04-190-1-1,2022,2022-04-03,03:50,MADRUGADA (00-05),LIMA,LURIN,CONDUCTOR,FALLECIDO,,,MASCULINO,,MOTOCICLETA,VOLCADURA,NACIONAL,CARRETERA,URBANA,,,
A-2022-04-200,P-2022-04-200-1-1,2022,2022-04-03,12:05,TARDE (12-17),LIMA,LURIN,CONDUCTOR,NO SE CONOCE,,,MASCULINO,22,AUTOMÓVIL,DESPISTE,URBANO,AUTOPISTA,URBANA,,,
A-2022-04-200,P-2022-04-200-1-2,2022,2022-04-03,12:05,TARDE (12-17),LIMA,LURIN,PASAJERO,FALLECIDO,,,FEMENINO,47,AUTOMÓVIL,DESPISTE,URBANO,AUTOPISTA,URBANA,,,
A-2022-04-192,P-2022-04-192-1-1,2022,2022-04-04,10:30,MANANA (06-11),LIMA,VILLA EL SALVADOR,CONDUCTOR,ILESO,,,MASCULINO,48,AUTOMÓVIL,CHOQUE,URBANO,AVENIDA,URBANA,,,
A-2022-04-192,P-2022-04-192-2-1,2022,2022-04-04,10:30,MANANA (06-11),LIMA,VILLA EL SALVADOR,CONDUCTOR,LESIONADO,,,MASCULINO,33,AUTOMÓVIL,CHOQUE,URBANO,AVENIDA,URBANA,,,
A-2022-04-192,P-2022-04-192-2-2,2022,2022-04-04,10:30,MANANA (06-11),LIMA,VILLA EL SALVADOR,PASAJERO,FALLECIDO,,,FEMENINO,35,AUTOMÓVIL,CHOQUE,URBANO,AVENIDA,URBANA,,,
A-2022-04-23,P-2022-04-23-2-1,2022,2022-04-07,02:30,MADRUGADA (00-05),CALLAO,CALLAO,CONDUCTOR FUGADO,NO SE CONOCE,,,NO INDICA,,VEHICULO NO IDENTIFICADO,ATROPELLO FUGA,NACIONAL,CARRETERA,URBANA,INDUSTRIAL,TRAMO RECTO,ASFALTADA
A-2022-04-23,P-2022-04-23-2-2,2022,2022-04-07,02:30,MADRUGADA (00-05),CALLAO,CALLAO,PEATÓN,FALLECIDO,EN EL LUGAR DE LOS HECHOS,,MASCULINO,74,VEHICULO NO IDENTIFICADO,ATROPELLO FUGA,NACIONAL,CARRETERA,URBANA,INDUSTRIAL,TRAMO RECTO,ASFALTADA
A-2022-04-194,P-2022-04-194-1-1,2022,2022-04-08,05:00,MADRUGADA (00-05),LIMA,SAN JUAN DE LURIGANCHO,CONDUCTOR,FALLECIDO,,,MASCULINO,32,MOTOCICLETA,ATROPELLO,URBANO,AVENIDA,URBANA,,,
A-2022-04-194,P-2022-04-194-1-2,2022,2022-04-08,05:00,MADRUGADA (00-05),LIMA,SAN JUAN DE LURIGANCHO,PEATÓN,LESIONADO,,,MASCULINO,31,MOTOCICLETA,ATROPELLO,URBANO,AVENIDA,URBANA,,,
A-2022-04-24,P-2022-04-24-1-1,2022,2022-04-08,09:20,MANANA (06-11),CALLAO,MI PERU,CONDUCTOR,LESIONADO,,CENTRO DE SALUD PÚBLICO,MASCULINO,37,CAMIÓN,CHOQUE,URBANO,AVENIDA,URBANA,RESIDENCIAL,TRAMO RECTO,ASFALTADA
A-2022-04-24,P-2022-04-24-2-1,2022,2022-04-08,09:20,MANANA (06-11),CALLAO,MI PERU,CONDUCTOR,FALLECIDO,EN EL LUGAR DE LOS HECHOS,,MASCULINO,25,TRIMOTO PASAJERO,CHOQUE,URBANO,AVENIDA,URBANA,RESIDENCIAL,TRAMO RECTO,ASFALTADA
A-2022-04-24,P-2022-04-24-3-1,2022,2022-04-08,09:20,MANANA (06-11),CALLAO,MI PERU,CONDUCTOR,FALLECIDO,,,MASCULINO,43,TRIMOTO PASAJERO,CHOQUE,URBANO,AVENIDA,URBANA,RESIDENCIAL,TRAMO RECTO,ASFALTADA
A-2022-04-198,P-2022-04-198-1-1,2022,2022-04-09,09:40,MANANA (06-11),LIMA,ATE,CONDUCTOR,NO SE CONOCE,,,MASCULINO,38,TRIMOTO PASAJERO,ATROPELLO,URBANO,AVENIDA,URBANA,,,
A-2022-04-198,P-2022-04-198-1-2,2022,2022-04-09,09:40,MANANA (06-11),LIMA,ATE,PEATÓN,FALLECIDO,,,MASCULINO,73,TRIMOTO PASAJERO,ATROPELLO,URBANO,AVENIDA,URBANA,,,
A-2022-04-199,P-2022-04-199-1-1,2022,2022-04-09,22:10,NOCHE (18-23),LIMA,ATE,CONDUCTOR,ILESO,,,MASCULINO,44,REMOLCADOR-SEMIREMOLQUE,CHOQUE,URBANO,AVENIDA,URBANA,,,
A-2022-04-199,P-2022-04-199-2-1,2022,2022-04-09,22:10,NOCHE (18-23),LIMA,ATE,CONDUCTOR,FALLECIDO,,,MASCULINO,32,CAMIONETA RURAL,CHOQUE,URBANO,AVENIDA,URBANA,,,
A-2022-04-199,P-2022-04-199-2-2,2022,2022-04-09,22:10,NOCHE (18-23),LIMA,ATE,PASAJERO,LESIONADO,,,MASCULINO,70,CAMIONETA RURAL,CHOQUE,URBANO,AVENIDA,URBANA,,,
A-2022-04-199,P-2022-04-199-2-3,2022,2022-04-09,22:10,NOCHE (18-23),LIMA,ATE,PASAJERO,LESIONADO,,,MASCULINO,36,CAMIONETA RURAL,CHOQUE,URBANO,AVENIDA,URBANA,,,
A-2022-04-199,P-2022-04-199-2-4,2022,2022-04-09,22:10,NOCHE (18-23),LIMA,ATE,PASAJERO,LESIONADO,,,FEMENINO,38,CAMIONETA RURAL,CHOQUE,URBANO,AVENIDA,URBANA,,,
A-2022-04-199,P-2022-04-199-2-5,2022,2022-04-09,22:10,NOCHE (18-23),LIMA,ATE,PASAJERO,LESIONADO,,,MASCULINO,1,CAMIONETA RURAL,CHOQUE,URBANO,AVENIDA,URBANA,,,
A-2022-04-199,P-2022-04-199-2-6,2022,2022-04-09,22:10,NOCHE (18-23),LIMA,ATE,PASAJERO,LESIONADO,,,FEMENINO,27,CAMIONETA RURAL,CHOQUE,URBANO,AVENIDA,URBANA,,,
A-2022-04-199,P-2022-04-199-2-7,2022,2022-04-09,22:10,NOCHE (18-23),LIMA,ATE,PASAJERO,LESIONADO,,,FEMENINO,67,CAMIONETA RURAL,CHOQUE,URBANO,AVENIDA,URBANA,,,
A-2022-04-199,P-2022-04-199-2-8,2022,2022-04-09,22:10,NOCHE (18-23),LIMA,ATE,PASAJERO,LESIONADO,,,FEMENINO,49,CAMIONETA RURAL,CHOQUE,URBANO,AVENIDA,URBANA,,,
A-2022-04-199,P-2022-04-199-2-9,2022,2022-04-09,22:10,NOCHE (18-23),LIMA,ATE,PASAJERO,LESIONADO,,,FEMENINO,61,CAMIONETA RURAL,CHOQUE,URBANO,AVENIDA,URBANA,,,
A-2022-04-197,P-2022-04-197-1-1,2022,2022-04-09,23:30,NOCHE (18-23),LIMA,ANCON,CONDUCTOR,NO SE CONOCE,,,MASCULINO,42,AUTOMÓVIL,ATROPELLO,NACIONAL,CARRETERA,URBANA,,,
A-2022-04-197,P-2022-04-197-1-2,2022,2022-04-09,23:30,NOCHE (18-23),LIMA,ANCON,PEATÓN,FALLECIDO,,,MASCULINO,57,AUTOMÓVIL,ATROPELLO,NACIONAL,CARRETERA,URBANA,,,
A-2022-04-235,P-2022-04-235-1-1,2022,2022-04-10,14:30,TARDE (12-17),LIMA,ATE,CONDUCTOR,ILESO,,,MASCULINO,,CAMIONETA RURAL,ATROPELLO,URBANO,AVENIDA,URBANA,,,
A-2022-04-235,P-2022-04-235-1-2,2022,2022-04-10,14:30,TARDE (12-17),LIMA,ATE,PEATÓN,FALLECIDO,,,MASCULINO,,CAMIONETA RURAL,ATROPELLO,URBANO,AVENIDA,URBANA,,,
A-2022-04-235,P-2022-04-235-2-1,2022,2022-04-10,14:30,TARDE (12-17),LIMA,ATE,CONDUCTOR,ILESO,,,MASCULINO,,ÓMNIBUS,ATROPELLO,URBANO,AVENIDA,URBANA,,,
A-2022-04-201,P-2022-04-201-1-1,2022,2022-04-13,16:00,TARDE (12-17),LIMA,LA VICTORIA,CONDUCTOR,NO SE CONOCE,,,MASCULINO,39,ÓMNIBUS,ATROPELLO,URBANO,AVENIDA,URBANA,,,
A-2022-04-201,P-2022-04-201-2-1,2022,2022-04-13,16:00,TARDE (12-17),LIMA,LA VICTORIA,CONDUCTOR,NO SE CONOCE,,,MASCULINO,71,ÓMNIBUS,ATROPELLO,URBANO,AVENIDA,URBANA,,,
A-2022-04-201,P-2022-04-201-2-2,2022,2022-04-13,16:00,TARDE (12-17),LIMA,LA VICTORIA,PEATÓN,FALLECIDO,,,MASCULINO,54,ÓMNIBUS,ATROPELLO,URBANO,AVENIDA,URBANA,,,
A-2022-04-202,P-2022-04-202-1-1,2022,2022-04-13,23:30,NOCHE (18-23),LIMA,PUENTE PIEDRA,CONDUCTOR,NO SE CONOCE,,,MASCULINO,34,CAMIÓN,ATROPELLO,NACIONAL,CARRETERA,URBANA,,,
A-2022-04-202,P-2022-04-202-1-2,2022,2022-04-13,23:30,NOCHE (18-23),LIMA,PUENTE PIEDRA,PEATÓN,FALLECIDO,,,MASCULINO,37,CAMIÓN,ATROPELLO,NACIONAL,CARRETERA,URBANA,,,
A-2022-04-236,P-2022-04-236-1-1,2022,2022-04-14,00:04,MADRUGADA (00-05),LIMA,COMAS,CONDUCTOR,FALLECIDO,,,MASCULINO,,MOTOCICLETA,DESPISTE,URBANO,AVENIDA,URBANA,,,
A-2022-04-237,P-2022-04-237-1-1,2022,2022-04-15,04:45,MADRUGADA (00-05),LIMA,LURIGANCHO,CONDUCTOR,ILESO,,,MASCULINO,,REMOLCADOR,CHOQUE,NACIONAL,CARRETERA,URBANA,,,
A-2022-04-237,P-2022-04-237-1-2,2022,2022-04-15,04:45,MADRUGADA (00-05),LIMA,LURIGANCHO,PEATÓN,FALLECIDO,,,MASCULINO,,REMOLCADOR,CHOQUE,NACIONAL,CARRETERA,URBANA,,,
A-2022-04-237,P-2022-04-237-1-3,2022,2022-04-15,04:45,MADRUGADA (00-05),LIMA,LURIGANCHO,PEATÓN,FALLECIDO,,,MASCULINO,,REMOLCADOR,CHOQUE,NACIONAL,CARRETERA,URBANA,,,
A-2022-04-237,P-2022-04-237-2-1,2022,2022-04-15,04:45,MADRUGADA (00-05),LIMA,LURIGANCHO,CONDUCTOR,ILESO,,,MASCULINO,,CAMIÓN,CHOQUE,NACIONAL,CARRETERA,URBANA,,,
A-2022-04-237,P-2022-04-237-3-1,2022,2022-04-15,04:45,MADRUGADA (00-05),LIMA,LURIGANCHO,CONDUCTOR,ILESO,,,MASCULINO,,AUTOMÓVIL,CHOQUE,NACIONAL,CARRETERA,URBANA,,,
A-2022-04-238,P-2022-04-238-1-1,2022,2022-04-17,02:10,MADRUGADA (00-05),LIMA,LURIGANCHO,CONDUCTOR FUGADO,NO SE CONOCE,,,MASCULINO,,VEHICULO NO IDENTIFICADO,ATROPELLO FUGA,NACIONAL,CARRETERA,URBANA,,,
A-2022-04-238,P-2022-04-238-1-2,2022,2022-04-17,02:10,MADRUGADA (00-05),LIMA,LURIGANCHO,PEATÓN,FALLECIDO,,,MASCULINO,,VEHICULO NO IDENTIFICADO,ATROPELLO FUGA,NACIONAL,CARRETERA,URBANA,,,
A-2022-04-245,P-2022-04-245-1-1,2022,2022-04-17,11:45,MANANA (06-11),LIMA,SURQUILLO,CONDUCTOR,ILESO,,,MASCULINO,,AUTOMÓVIL,ATROPELLO,URBANO,AVENIDA,URBANA,,,
A-2022-04-245,P-2022-04-245-1-2,2022,2022-04-17,11:45,MANANA (06-11),LIMA,SURQUILLO,PEATÓN,FALLECIDO,,,FEMENINO,,AUTOMÓVIL,ATROPELLO,URBANO,AVENIDA,URBANA,,,
A-2022-04-246,P-2022-04-246-1-1,2022,2022-04-18,01:20,MADRUGADA (00-05),LIMA,LOS OLIVOS,CONDUCTOR,ILESO,,,MASCULINO,,AUTOMÓVIL,ATROPELLO,NACIONAL,CARRETERA,URBANA,,,
A-2022-04-246,P-2022-04-246-1-2,2022,2022-04-18,01:20,MADRUGADA (00-05),LIMA,LOS OLIVOS,PEATÓN,FALLECIDO,,,MASCULINO,,AUTOMÓVIL,ATROPELLO,NACIONAL,CARRETERA,URBANA,,,
A-2022-04-247,P-2022-04-247-1-1,2022,2022-04-19,10:30,MANANA (06-11),LIMA,LA VICTORIA,CONDUCTOR,ILESO,,,MASCULINO,,MINIBUS,CAÍDA DE PASAJERO,URBANO,AVENIDA,URBANA,,,
A-2022-04-247,P-2022-04-247-1-2,2022,2022-04-19,10:30,MANANA (06-11),LIMA,LA VICTORIA,PASAJERO,FALLECIDO,,,MASCULINO,,MINIBUS,CAÍDA DE PASAJERO,URBANO,AVENIDA,URBANA,,,
A-2022-04-59,P-2022-04-59-1-1,2022,2022-04-19,22:00,NOCHE (18-23),CALLAO,CALLAO,CONDUCTOR FUGADO,NO SE CONOCE,,,NO INDICA,,VEHICULO NO IDENTIFICADO,ATROPELLO FUGA,NACIONAL,CARRETERA,URBANA,COMERCIAL,TRAMO RECTO,ASFALTADA
A-2022-04-59,P-2022-04-59-1-2,2022,2022-04-19,22:00,NOCHE (18-23),CALLAO,CALLAO,PEATÓN,FALLECIDO,EN EL LUGAR DE LOS HECHOS,,FEMENINO,45,VEHICULO NO IDENTIFICADO,ATROPELLO FUGA,NACIONAL,CARRETERA,URBANA,COMERCIAL,TRAMO RECTO,ASFALTADA
A-2022-04-60,P-2022-04-60-1-1,2022,2022-04-20,04:55,MADRUGADA (00-05),CALLAO,CALLAO,CONDUCTOR,FALLECIDO,EN EL LUGAR DE LOS HECHOS,,MASCULINO,74,REMOLCADOR,DESPISTE,URBANO,OTRO,URBANA,INDUSTRIAL,TRAMO RECTO,ASFALTADA
A-2022-04-248,P-2022-04-248-1-1,2022,2022-04-20,20:30,NOCHE (18-23),LIMA,COMAS,CONDUCTOR,FALLECIDO,,,MASCULINO,,MOTOCICLETA,DESPISTE,URBANO,AVENIDA,URBANA,,,
A-2022-04-248,P-2022-04-248-1-2,2022,2022-04-20,20:30,NOCHE (18-23),LIMA,COMAS,PASAJERO,LESIONADO,,,FEMENINO,,MOTOCICLETA,DESPISTE,URBANO,AVENIDA,URBANA,,,
A-2022-04-249,P-2022-04-249-1-1,2022,2022-04-20,21:30,NOCHE (18-23),LIMA,LURIGANCHO,CONDUCTOR,ILESO,,,MASCULINO,,CAMIONETA RURAL,CHOQUE,PROVINCIAL,CARRETERA,URBANA,,,
A-2022-04-249,P-2022-04-249-2-1,2022,2022-04-20,21:30,NOCHE (18-23),LIMA,LURIGANCHO,CONDUCTOR,FALLECIDO,,,MASCULINO,,MOTOCICLETA,CHOQUE,PROVINCIAL,CARRETERA,URBANA,,,
A-2022-04-268,P-2022-04-268-1-1,2022,2022-04-21,03:13,MADRUGADA (00-05),LIMA,VILLA EL SALVADOR,CONDUCTOR,FALLECIDO,EN EL LUGAR DE LOS HECHOS,,MASCULINO,26,AUTOMÓVIL,CHOQUE,NACIONAL,CARRETERA,RURAL,INDUSTRIAL,TRAMO RECTO,ASFALTADA
A-2022-04-268,P-2022-04-268-2-1,2022,2022-04-21,03:13,MADRUGADA (00-05),LIMA,VILLA EL SALVADOR,CONDUCTOR,LESIONADO,,CENTRO DE SALUD PÚBLICO,MASCULINO,35,REMOLCADOR-SEMIREMOLQUE,CHOQUE,NACIONAL,CARRETERA,RURAL,INDUSTRIAL,TRAMO RECTO,ASFALTADA
A-2022-04-250,P-2022-04-250-1-1,2022,2022-04-22,00:03,MADRUGADA (00-05),LIMA,RIMAC,CONDUCTOR,FALLECIDO,,,MASCULINO,,MOTOCICLETA,DESPISTE,URBANO,AVENIDA,URBANA,,,
A-2022-04-251,P-2022-04-251-1-1,2022,2022-04-22,04:00,MADRUGADA (00-05),LIMA,EL AGUSTINO,CONDUCTOR,ILESO,,,MASCULINO,,REMOLCADOR,VOLCADURA,NACIONAL,CARRETERA,URBANA,,,
A-2022-04-251,P-2022-04-251-2-1,2022,2022-04-22,04:00,MADRUGADA (00-05),LIMA,EL AGUSTINO,CONDUCTOR,ILESO,,,MASCULINO,,MOTOCICLETA,VOLCADURA,NACIONAL,CARRETERA,URBANA,,,
A-2022-04-251,P-2022-04-251-2-2,2022,2022-04-22,04:00,MADRUGADA (00-05),LIMA,EL AGUSTINO,PASAJERO,FALLECIDO,,,FEMENINO,,MOTOCICLETA,VOLCADURA,NACIONAL,CARRETERA,URBANA,,,
A-2022-04-252,P-2022-04-252-1-1,2022,2022-04-22,11:45,MANANA (06-11),LIMA,RIMAC,CONDUCTOR,ILESO,,,MASCULINO,,REMOLCADOR,CHOQUE,NACIONAL,CARRETERA,URBANA,,,
A-2022-04-252,P-2022-04-252-2-1,2022,2022-04-22,11:45,MANANA (06-11),LIMA,RIMAC,CONDUCTOR,FALLECIDO,,,MASCULINO,,MOTOCICLETA,CHOQUE,NACIONAL,CARRETERA,URBANA,,,
A-2022-04-61,P-2022-04-61-1-1,2022,2022-04-22,14:40,TARDE (12-17),CALLAO,CALLAO,CONDUCTOR,FALLECIDO,EN EL LUGAR DE LOS HECHOS,,MASCULINO,36,MOTOCICLETA,CHOQUE,NACIONAL,CARRETERA,URBANA,COMERCIAL,TRAMO RECTO,ASFALTADA
A-2022-04-61,P-2022-04-61-2-1,2022,2022-04-22,14:40,TARDE (12-17),CALLAO,CALLAO,CONDUCTOR,ILESO,,,MASCULINO,58,REMOLCADOR,CHOQUE,NACIONAL,CARRETERA,URBANA,COMERCIAL,TRAMO RECTO,ASFALTADA
A-2022-04-254,P-2022-04-254-1-1,2022,2022-04-24,05:20,MADRUGADA (00-05),LIMA,COMAS,CONDUCTOR,FALLECIDO,,,MASCULINO,,AUTOMÓVIL,CHOQUE,URBANO,AVENIDA,URBANA,,,
A-2022-04-255,P-2022-04-255-1-1,2022,2022-04-24,06:30,MANANA (06-11),LIMA,ATE,CONDUCTOR FUGADO,NO SE CONOCE,,,MASCULINO,,VEHICULO NO IDENTIFICADO,ATROPELLO FUGA,NACIONAL,CARRETERA,URBANA,,,
A-2022-04-255,P-2022-04-255-1-2,2022,2022-04-24,06:30,MANANA (06-11),LIMA,ATE,PEATÓN,FALLECIDO,,,MASCULINO,,VEHICULO NO IDENTIFICADO,ATROPELLO FUGA,NACIONAL,CARRETERA,URBANA,,,
A-2022-04-256,P-2022-04-256-1-1,2022,2022-04-24,12:00,TARDE (12-17),LIMA,PUENTE PIEDRA,CONDUCTOR FUGADO,NO SE CONOCE,,,NO INDICA,,VEHICULO NO IDENTIFICADO,ATROPELLO FUGA,URBANO,AVENIDA,URBANA,,,
A-2022-04-256,P-2022-04-256-1-2,2022,2022-04-24,12:00,TARDE (12-17),LIMA,PUENTE PIEDRA,PEATÓN,FALLECIDO,,,MASCULINO,,VEHICULO NO IDENTIFICADO,ATROPELLO FUGA,URBANO,AVENIDA,URBANA,,,
A-2022-04-257,P-2022-04-257-1-1,2022,2022-04-24,15:30,TARDE (12-17),LIMA,COMAS,CONDUCTOR,ILESO,,,MASCULINO,,REMOLCADOR-SEMIREMOLQUE,CHOQUE,NACIONAL,CARRETERA,URBANA,,,
A-2022-04-257,P-2022-04-257-1-2,2022,2022-04-24,15:30,TARDE (12-17),LIMA,COMAS,PEATÓN,FALLECIDO,,,NO INDICA,,REMOLCADOR-SEMIREMOLQUE,CHOQUE,NACIONAL,CARRETERA,URBANA,,,
A-2022-04-257,P-2022-04-257-2-1,2022,2022-04-24,15:30,TARDE (12-17),LIMA,COMAS,CONDUCTOR,NO SE CONOCE,,,MASCULINO,,AUTOMÓVIL,CHOQUE,NACIONAL,CARRETERA,URBANA,,,
A-2022-04-259,P-2022-04-259-1-1,2022,2022-04-26,06:30,MANANA (06-11),LIMA,LURIGANCHO,CONDUCTOR FUGADO,NO SE CONOCE,,,NO INDICA,,VEHICULO NO IDENTIFICADO,ATROPELLO FUGA,NACIONAL,CARRETERA,URBANA,,,
A-2022-04-259,P-2022-04-259-1-2,2022,2022-04-26,06:30,MANANA (06-11),LIMA,LURIGANCHO,PEATÓN,FALLECIDO,,,NO INDICA,,VEHICULO NO IDENTIFICADO,ATROPELLO FUGA,NACIONAL,CARRETERA,URBANA,,,
A-2022-04-260,P-2022-04-260-1-1,2022,2022-04-26,10:20,MANANA (06-11),LIMA,SURQUILLO,CONDUCTOR,ILESO,,,MASCULINO,,MOTOCICLETA,CHOQUE,URBANO,AVENIDA,URBANA,,,
A-2022-04-260,P-2022-04-260-2-1,2022,2022-04-26,10:20,MANANA (06-11),LIMA,SURQUILLO,CONDUCTOR,FALLECIDO,,,MASCULINO,,BICICLETA,CHOQUE,URBANO,AVENIDA,URBANA,,,
A-2022-04-203,P-2022-04-203-1-1,2022,2022-04-27,20:00,NOCHE (18-23),LIMA,CARABAYLLO,CONDUCTOR,NO SE CONOCE,,,MASCULINO,51,TRIMOTO PASAJERO,ATROPELLO,URBANO,AVENIDA,URBANA,,,
A-2022-04-203,P-2022-04-203-1-2,2022,2022-04-27,20:00,NOCHE (18-23),LIMA,CARABAYLLO,PEATÓN,FALLECIDO,,,MASCULINO,78,TRIMOTO PASAJERO,ATROPELLO,URBANO,AVENIDA,URBANA,,,
A-2022-04-261,P-2022-04-261-1-1,2022,2022-04-28,16:30,TARDE (12-17),LIMA,LINCE,CONDUCTOR,ILESO,,,MASCULINO,,MINIBUS,CHOQUE,URBANO,PASAJE,URBANA,,,
A-2022-04-261,P-2022-04-261-2-1,2022,2022-04-28,16:30,TARDE (12-17),LIMA,LINCE,CONDUCTOR,FALLECIDO,,,MASCULINO,,MOTOCICLETA,CHOQUE,URBANO,PASAJE,URBANA,,,
A-2022-04-262,P-2022-04-262-1-1,2022,2022-04-28,17:50,TARDE (12-17),LIMA,LURIGANCHO,CONDUCTOR,ILESO,,,MASCULINO,,CAMIONETA RURAL,CHOQUE,PROVINCIAL,CARRETERA,URBANA,,,
A-2022-04-262,P-2022-04-262-2-1,2022,2022-04-28,17:50,TARDE (12-17),LIMA,LURIGANCHO,CONDUCTOR,ILESO,,,MASCULINO,,REMOLCADOR,CHOQUE,PROVINCIAL,CARRETERA,URBANA,,,
A-2022-04-262,P-2022-04-262-3-1,2022,2022-04-28,17:50,TARDE (12-17),LIMA,LURIGANCHO,CONDUCTOR,FALLECIDO,,,MASCULINO,,CAMIONETA RURAL,CHOQUE,PROVINCIAL,CARRETERA,URBANA,,,
A-2022-04-263,P-2022-04-263-1-1,2022,2022-04-29,17:00,TARDE (12-17),LIMA,EL AGUSTINO,CONDUCTOR,ILESO,,,NO INDICA,,SEMIREMOLQUE,DESPISTE,NACIONAL,CARRETERA,URBANA,,,
A-2022-04-263,P-2022-04-263-2-1,2022,2022-04-29,17:00,TARDE (12-17),LIMA,EL AGUSTINO,CONDUCTOR,FALLECIDO,,,MASCULINO,,MOTOCICLETA,DESPISTE,NACIONAL,CARRETERA,URBANA,,,
A-2022-04-265,P-2022-04-265-1-1,2022,2022-04-29,21:40,NOCHE (18-23),LIMA,LURIGANCHO,CONDUCTOR,ILESO,,,MASCULINO,,MOTOCICLETA,ATROPELLO,NACIONAL,CARRETERA,URBANA,,,
A-2022-04-265,P-2022-04-265-1-2,2022,2022-04-29,21:40,NOCHE (18-23),LIMA,LURIGANCHO,PEATÓN,FALLECIDO,,,MASCULINO,,MOTOCICLETA,ATROPELLO,NACIONAL,CARRETERA,URBANA,,,
A-2022-04-266,P-2022-04-266-1-1,2022,2022-04-30,18:45,NOCHE (18-23),LIMA,PUNTA NEGRA,CONDUCTOR,ILESO,,,MASCULINO,,CAMIÓN,ATROPELLO,NACIONAL,CARRETERA,URBANA,,,
A-2022-04-266,P-2022-04-266-1-2,2022,2022-04-30,18:45,NOCHE (18-23),LIMA,PUNTA NEGRA,PEATÓN,FALLECIDO,,,MASCULINO,,CAMIÓN,ATROPELLO,NACIONAL,CARRETERA,URBANA,,,
A-2022-05-203,P-2022-05-203-1-1,2022,2022-05-02,15:30,TARDE (12-17),LIMA,LOS OLIVOS,CONDUCTOR,ILESO,,,MASCULINO,44,REMOLCADOR-SEMIREMOLQUE,ATROPELLO,URBANO,AVENIDA,URBANA,COMERCIAL,TRAMO RECTO,ASFALTADA
A-2022-05-203,P-2022-05-203-1-2,2022,2022-05-02,15:30,TARDE (12-17),LIMA,LOS OLIVOS,PEATÓN,FALLECIDO,EN EL LUGAR DE LOS HECHOS,,MASCULINO,72,REMOLCADOR-SEMIREMOLQUE,ATROPELLO,URBANO,AVENIDA,URBANA,COMERCIAL,TRAMO RECTO,ASFALTADA
A-2022-05-204,P-2022-05-204-1-1,2022,2022-05-02,15:55,TARDE (12-17),LIMA,SANTA ANITA,CONDUCTOR,FALLECIDO,EN EL LUGAR DE LOS HECHOS,,MASCULINO,19,MOTOCICLETA,DESPISTE,URBANO,AVENIDA,URBANA,RESIDENCIAL,TRAMO RECTO,ASFALTADA
A-2022-05-204,P-2022-05-204-2-1,2022,2022-05-02,15:55,TARDE (12-17),LIMA,SANTA ANITA,CONDUCTOR FUGADO,ILESO,,,MASCULINO,32,AUTOMÓVIL,DESPISTE,URBANO,AVENIDA,URBANA,RESIDENCIAL,TRAMO RECTO,ASFALTADA
A-2022-05-223,P-2022-05-223-1-1,2022,2022-05-04,15:30,TARDE (12-17),CALLAO,VENTANILLA,CONDUCTOR,ILESO,,,MASCULINO,38,REMOLCADOR,ATROPELLO,SIN CLASIFICAR,CARRETERA,URBANA,INDUSTRIAL,SINUOSA,AFIRMADO
A-2022-05-223,P-2022-05-223-1-2,2022,2022-05-04,15:30,TARDE (12-17),CALLAO,VENTANILLA,PEATÓN,FALLECIDO,EN EL LUGAR DE LOS HECHOS,,MASCULINO,48,REMOLCADOR,ATROPELLO,SIN CLASIFICAR,CARRETERA,URBANA,INDUSTRIAL,SINUOSA,AFIRMADO
A-2022-05-220,P-2022-05-220-1-1,2022,2022-05-04,20:48,NOCHE (18-23),CALLAO,CALLAO,CONDUCTOR,ILESO,,,MASCULINO,20,MOTOCICLETA,ATROPELLO,URBANO,AVENIDA,URBANA,COMERCIAL,TRAMO RECTO,ASFALTADA
A-2022-05-220,P-2022-05-220-1-2,2022,2022-05-04,20:48,NOCHE (18-23),CALLAO,CALLAO,PEATÓN,FALLECIDO,EN EL CENTRO DE SALUD,,MASCULINO,67,MOTOCICLETA,ATROPELLO,URBANO,AVENIDA,URBANA,COMERCIAL,TRAMO RECTO,ASFALTADA
A-2022-05-206,P-2022-05-206-1-1,2022,2022-05-06,13:00,TARDE (12-17),LIMA,SAN JUAN DE LURIGANCHO,CONDUCTOR,ILESO,,,MASCULINO,22,MINIBUS,ATROPELLO,URBANO,AVENIDA,URBANA,INDUSTRIAL,TRAMO RECTO,ASFALTADA
A-2022-05-206,P-2022-05-206-1-2,2022,2022-05-06,13:00,TARDE (12-17),LIMA,SAN JUAN DE LURIGANCHO,PEATÓN,FALLECIDO,EN EL LUGAR DE LOS HECHOS,,MASCULINO,23,MINIBUS,ATROPELLO,URBANO,AVENIDA,URBANA,INDUSTRIAL,TRAMO RECTO,ASFALTADA
A-2022-05-207,P-2022-05-207-1-1,2022,2022-05-06,20:16,NOCHE (18-23),LIMA,SAN MARTIN DE PORRES,CONDUCTOR,ILESO,,,MASCULINO,20,MOTOCICLETA,ATROPELLO,URBANO,AVENIDA,URBANA,COMERCIAL,TRAMO RECTO,ASFALTADA
A-2022-05-207,P-2022-05-207-1-2,2022,2022-05-06,20:16,NOCHE (18-23),LIMA,SAN MARTIN DE PORRES,PEATÓN,FALLECIDO,EN EL LUGAR DE LOS HECHOS,,MASCULINO,84,MOTOCICLETA,ATROPELLO,URBANO,AVENIDA,URBANA,COMERCIAL,TRAMO RECTO,ASFALTADA
A-2022-05-208,P-2022-05-208-1-1,2022,2022-05-07,04:30,MADRUGADA (00-05),LIMA,SANTIAGO DE SURCO,CONDUCTOR,ILESO,,,MASCULINO,57,AUTOMÓVIL,ATROPELLO FUGA,URBANO,AVENIDA,URBANA,COMERCIAL,TRAMO RECTO,ASFALTADA
A-2022-05-208,P-2022-05-208-1-2,2022,2022-05-07,04:30,MADRUGADA (00-05),LIMA,SANTIAGO DE SURCO,PEATÓN,FALLECIDO,EN EL LUGAR DE LOS HECHOS,,MASCULINO,,AUTOMÓVIL,ATROPELLO FUGA,URBANO,AVENIDA,URBANA,COMERCIAL,TRAMO RECTO,ASFALTADA
A-2022-05-210,P-2022-05-210-1-1,2022,2022-05-08,02:30,MADRUGADA (00-05),LIMA,LA VICTORIA,CONDUCTOR,ILESO,,,MASCULINO,46,AUTOMÓVIL,ATROPELLO,URBANO,AVENIDA,URBANA,COMERCIAL,INTERSECCIÓN,ASFALTADA
A-2022-05-210,P-2022-05-210-1-2,2022,2022-05-08,02:30,MADRUGADA (00-05),LIMA,LA VICTORIA,PEATÓN,FALLECIDO,EN EL CENTRO DE SALUD,,MASCULINO,55,AUTOMÓVIL,ATROPELLO,URBANO,AVENIDA,URBANA,COMERCIAL,INTERSECCIÓN,ASFALTADA
A-2022-05-209,P-2022-05-209-1-1,2022,2022-05-08,12:45,TARDE (12-17),LIMA,COMAS,CONDUCTOR FUGADO,NO SE CONOCE,,,NO INDICA,,STATION WAGON,ATROPELLO FUGA,URBANO,AVENIDA,URBANA,COMERCIAL,TRAMO RECTO,ASFALTADA
A-2022-05-209,P-2022-05-209-1-2,2022,2022-05-08,12:45,TARDE (12-17),LIMA,COMAS,PEATÓN,FALLECIDO,EN EL LUGAR DE LOS HECHOS,,MASCULINO,33,STATION WAGON,ATROPELLO FUGA,URBANO,AVENIDA,URBANA,COMERCIAL,TRAMO RECTO,ASFALTADA
A-2022-05-211,P-2022-05-211-1-1,2022,2022-05-09,01:30,MADRUGADA (00-05),LIMA,SAN BARTOLO,CONDUCTOR,LESIONADO,,CENTRO DE SALUD PRIVADO,MASCULINO,34,CAMIONETA PICK UP,CHOQUE FUGA,NACIONAL,CARRETERA,URBANA,INDUSTRIAL,PUENTE,ASFALTADA
A-2022-05-211,P-2022-05-211-1-2,2022,2022-05-09,01:30,MADRUGADA (00-05),LIMA,SAN BARTOLO,PASAJERO,FALLECIDO,EN EL LUGAR DE LOS HECHOS,,FEMENINO,43,CAMIONETA PICK UP,CHOQUE FUGA,NACIONAL,CARRETERA,URBANA,INDUSTRIAL,PUENTE,ASFALTADA
A-2022-05-211,P-2022-05-211-2-1,2022,2022-05-09,01:30,MADRUGADA (00-05),LIMA,SAN BARTOLO,CONDUCTOR,NO SE CONOCE,,,MASCULINO,48,AUTOMÓVIL,CHOQUE FUGA,NACIONAL,CARRETERA,URBANA,INDUSTRIAL,PUENTE,ASFALTADA
A-2022-05-213,P-2022-05-213-1-1,2022,2022-05-12,22:46,NOCHE (18-23),LIMA,SAN JUAN DE LURIGANCHO,CONDUCTOR,ILESO,,,MASCULINO,39,MINIBUS,ATROPELLO,URBANO,AVENIDA,URBANA,,,
A-2022-05-213,P-2022-05-213-1-2,2022,2022-05-12,22:46,NOCHE (18-23),LIMA,SAN JUAN DE LURIGANCHO,PEATÓN,FALLECIDO,,,MASCULINO,56,MINIBUS,ATROPELLO,URBANO,AVENIDA,URBANA,,,
A-2022-05-215,P-2022-05-215-1-1,2022,2022-05-13,05:30,MADRUGADA (00-05),LIMA,LURIGANCHO,CONDUCTOR,ILESO,,,MASCULINO,30,CAMIÓN,ATROPELLO,URBANO,AVENIDA,URBANA,,,
A-2022-05-215,P-2022-05-215-1-2,2022,2022-05-13,05:30,MADRUGADA (00-05),LIMA,LURIGANCHO,PEATÓN,FALLECIDO,,,MASCULINO,46,CAMIÓN,ATROPELLO,URBANO,AVENIDA,URBANA,,,
A-2022-05-67,P-2022-05-67-1-1,2022,2022-05-13,13:20,TARDE (12-17),CALLAO,CALLAO,CONDUCTOR,ILESO,,,MASCULINO,40,REMOLCADOR-SEMIREMOLQUE,ATROPELLO,URBANO,AVENIDA,URBANA,INDUSTRIAL,TRAMO RECTO,ASFALTADA
A-2022-05-67,P-2022-05-67-1-2,2022,2022-05-13,13:20,TARDE (12-17),CALLAO,CALLAO,PEATÓN,FALLECIDO,EN EL LUGAR DE LOS HECHOS,,FEMENINO,13,REMOLCADOR-SEMIREMOLQUE,ATROPELLO,URBANO,AVENIDA,URBANA,INDUSTRIAL,TRAMO RECTO,ASFALTADA
A-2022-05-257,P-2022-05-257-1-1,2022,2022-05-14,12:30,TARDE (12-17),LIMA,SANTIAGO DE SURCO,CONDUCTOR,ILESO,,,MASCULINO,,MOTOCICLETA,ATROPELLO,URBANO,AVENIDA,URBANA,,,
A-2022-05-257,P-2022-05-257-1-2,2022,2022-05-14,12:30,TARDE (12-17),LIMA,SANTIAGO DE SURCO,PEATÓN,FALLECIDO,,,FEMENINO,,MOTOCICLETA,ATROPELLO,URBANO,AVENIDA,URBANA,,,
A-2022-05-258,P-2022-05-258-1-1,2022,2022-05-15,20:20,NOCHE (18-23),LIMA,CHORRILLOS,CONDUCTOR,FALLECIDO,,,MASCULINO,,MOTOCICLETA,CHOQUE,URBANO,AVENIDA,URBANA,,,
A-2022-05-258,P-2022-05-258-1-2,2022,2022-05-15,20:20,NOCHE (18-23),LIMA,CHORRILLOS,PASAJERO,LESIONADO,,,MASCULINO,,MOTOCICLETA,CHOQUE,URBANO,AVENIDA,URBANA,,,
A-2022-05-259,P-2022-05-259-1-1,2022,2022-05-16,10:20,MANANA (06-11),LIMA,CARABAYLLO,CONDUCTOR,ILESO,,,MASCULINO,,CAMIÓN,CHOQUE,URBANO,AVENIDA,URBANA,,,
A-2022-05-259,P-2022-05-259-2-1,2022,2022-05-16,10:20,MANANA (06-11),LIMA,CARABAYLLO,CONDUCTOR,FALLECIDO,,,FEMENINO,,TRIMOTO CARGA,CHOQUE,URBANO,AVENIDA,URBANA,,,
A-2022-05-196,P-2022-05-196-1-1,2022,2022-05-17,02:40,MADRUGADA (00-05),LIMA,RIMAC,CONDUCTOR FUGADO,NO SE CONOCE,,,NO INDICA,,VEHICULO NO IDENTIFICADO,ESPECIAL,URBANO,ALAMEDA,URBANA,RESIDENCIAL,TRAMO RECTO,ASFALTADA
A-2022-05-196,P-2022-05-196-1-2,2022,2022-05-17,02:40,MADRUGADA (00-05),LIMA,RIMAC,PASAJERO,FALLECIDO,EN EL LUGAR DE LOS HECHOS,,FEMENINO,,VEHICULO NO IDENTIFICADO,ESPECIAL,URBANO,ALAMEDA,URBANA,RESIDENCIAL,TRAMO RECTO,ASFALTADA
A-2022-05-260,P-2022-05-260-1-1,2022,2022-05-18,05:40,MADRUGADA (00-05),LIMA,SAN JUAN DE LURIGANCHO,CONDUCTOR FUGADO,NO SE CONOCE,,,NO INDICA,,VEHICULO NO IDENTIFICADO,ATROPELLO FUGA,URBANO,AVENIDA,URBANA,,,
A-2022-05-260,P-2022-05-260-1-2,2022,2022-05-18,05:40,MADRUGADA (00-05),LIMA,SAN JUAN DE LURIGANCHO,PEATÓN,FALLECIDO,,,NO INDICA,,VEHICULO NO IDENTIFICADO,ATROPELLO FUGA,URBANO,AVENIDA,URBANA,,,
A-2022-05-261,P-2022-05-261-1-1,2022,2022-05-22,10:00,MANANA (06-11),LIMA,COMAS,CONDUCTOR,ILESO,,,MASCULINO,,CAMIONETA PICK UP,DESPISTE,URBANO,AVENIDA,URBANA,,,
A-2022-05-261,P-2022-05-261-1-2,2022,2022-05-22,10:00,MANANA (06-11),LIMA,COMAS,PEATÓN,FALLECIDO,,,FEMENINO,,CAMIONETA PICK UP,DESPISTE,URBANO,AVENIDA,URBANA,,,
A-2022-05-262,P-2022-05-262-1-1,2022,2022-05-23,19:30,NOCHE (18-23),LIMA,LOS OLIVOS,CONDUCTOR,ILESO,,,MASCULINO,,AUTOMÓVIL,ATROPELLO,URBANO,AVENIDA,URBANA,,,
A-2022-05-262,P-2022-05-262-1-2,2022,2022-05-23,19:30,NOCHE (18-23),LIMA,LOS OLIVOS,PEATÓN,FALLECIDO,,,MASCULINO,,AUTOMÓVIL,ATROPELLO,URBANO,AVENIDA,URBANA,,,
A-2022-05-197,P-2022-05-197-1-1,2022,2022-05-23,23:00,NOCHE (18-23),LIMA,PACHACAMAC,CONDUCTOR FUGADO,NO SE CONOCE,,,NO INDICA,,VEHICULO NO IDENTIFICADO,ATROPELLO,PROVINCIAL,CARRETERA,URBANA,ESCOLAR,TRAMO RECTO,ASFALTADA
A-2022-05-197,P-2022-05-197-1-2,2022,2022-05-23,23:00,NOCHE (18-23),LIMA,PACHACAMAC,PEATÓN,FALLECIDO,EN EL LUGAR DE LOS HECHOS,,NO INDICA,,VEHICULO NO IDENTIFICADO,ATROPELLO,PROVINCIAL,CARRETERA,URBANA,ESCOLAR,TRAMO RECTO,ASFALTADA
A-2022-05-263,P-2022-05-263-1-1,2022,2022-05-24,05:40,MADRUGADA (00-05),LIMA,ATE,CONDUCTOR FUGADO,NO SE CONOCE,,,NO INDICA,,VEHICULO NO IDENTIFICADO,CHOQUE FUGA,PROVINCIAL,CARRETERA,URBANA,,,
A-2022-05-263,P-2022-05-263-2-1,2022,2022-05-24,05:40,MADRUGADA (00-05),LIMA,ATE,CONDUCTOR,FALLECIDO,,,MASCULINO,,MOTOCICLETA,CHOQUE FUGA,PROVINCIAL,CARRETERA,URBANA,,,
A-2022-05-264,P-2022-05-264-1-1,2022,2022-05-26,09:50,MANANA (06-11),LIMA,SAN JUAN DE LURIGANCHO,CONDUCTOR,ILESO,,,MASCULINO,,REMOLCADOR,CHOQUE,URBANO,AVENIDA,URBANA,,,
A-2022-05-264,P-2022-05-264-2-1,2022,2022-05-26,09:50,MANANA (06-11),LIMA,SAN JUAN DE LURIGANCHO,CONDUCTOR,FALLECIDO,,,MASCULINO,,MOTOCICLETA,CHOQUE,URBANO,AVENIDA,URBANA,,,
A-2022-05-265,P-2022-05-265-1-1,2022,2022-05-27,06:15,MANANA (06-11),LIMA,SAN JUAN DE MIRAFLORES,CONDUCTOR FUGADO,NO SE CONOCE,,,NO INDICA,,VEHICULO NO IDENTIFICADO,CHOQUE FUGA,URBANO,AVENIDA,URBANA,,,
A-2022-05-265,P-2022-05-265-2-1,2022,2022-05-27,06:15,MANANA (06-11),LIMA,SAN JUAN DE MIRAFLORES,CONDUCTOR,LESIONADO,,,MASCULINO,,MOTOCICLETA,CHOQUE FUGA,URBANO,AVENIDA,URBANA,,,
A-2022-05-265,P-2022-05-265-2-2,2022,2022-05-27,06:15,MANANA (06-11),LIMA,SAN JUAN DE MIRAFLORES,PASAJERO,FALLECIDO,,,FEMENINO,,MOTOCICLETA,CHOQUE FUGA,URBANO,AVENIDA,URBANA,,,
A-2022-05-266,P-2022-05-266-1-1,2022,2022-05-28,16:40,TARDE (12-17),LIMA,LURIN,CONDUCTOR,NO SE CONOCE,,,MASCULINO,,AUTOMÓVIL,CHOQUE,PROVINCIAL,CARRETERA,URBANA,,,
A-2022-05-266,P-2022-05-266-2-1,2022,2022-05-28,16:40,TARDE (12-17),LIMA,LURIN,CONDUCTOR,FALLECIDO,,,MASCULINO,,CAMIONETA PICK UP,CHOQUE,PROVINCIAL,CARRETERA,URBANA,,,
A-2022-05-267,P-2022-05-267-1-1,2022,2022-05-30,05:30,MADRUGADA (00-05),LIMA,LURIN,CONDUCTOR FUGADO,NO SE CONOCE,,,NO INDICA,,VEHICULO NO IDENTIFICADO,CHOQUE FUGA,URBANO,AVENIDA,URBANA,,,
A-2022-05-267,P-2022-05-267-2-1,2022,2022-05-30,05:30,MADRUGADA (00-05),LIMA,LURIN,CONDUCTOR,ILESO,,,MASCULINO,,TRICICLO MOTORIZADO,CHOQUE FUGA,URBANO,AVENIDA,URBANA,,,
A-2022-05-267,P-2022-05-267-2-2,2022,2022-05-30,05:30,MADRUGADA (00-05),LIMA,LURIN,PASAJERO,FALLECIDO,,,MASCULINO,,TRICICLO MOTORIZADO,CHOQUE FUGA,URBANO,AVENIDA,URBANA,,,
A-2022-05-167,P-2022-05-167-1-1,2022,2022-05-30,06:00,MANANA (06-11),CALLAO,CALLAO,CONDUCTOR,ILESO,,,MASCULINO,62,AUTOMÓVIL,ATROPELLO,NACIONAL,CARRETERA,URBANA,INDUSTRIAL,TRAMO RECTO,ASFALTADA
A-2022-05-167,P-2022-05-167-1-2,2022,2022-05-30,06:00,MANANA (06-11),CALLAO,CALLAO,PEATÓN,FALLECIDO,EN EL LUGAR DE LOS HECHOS,,MASCULINO,67,AUTOMÓVIL,ATROPELLO,NACIONAL,CARRETERA,URBANA,INDUSTRIAL,TRAMO RECTO,ASFALTADA
A-2022-05-268,P-2022-05-268-1-1,2022,2022-05-31,13:00,TARDE (12-17),LIMA,LOS OLIVOS,CONDUCTOR,ILESO,,,MASCULINO,,MOTOCICLETA,ATROPELLO,URBANO,AVENIDA,URBANA,,,
A-2022-05-268,P-2022-05-268-1-2,2022,2022-05-31,13:00,TARDE (12-17),LIMA,LOS OLIVOS,PEATÓN,FALLECIDO,,,NO INDICA,,MOTOCICLETA,ATROPELLO,URBANO,AVENIDA,URBANA,,,
A-2022-06-260,P-2022-06-260-1-1,2022,2022-06-01,07:00,MANANA (06-11),LIMA,VILLA MARIA DEL TRIUNFO,CONDUCTOR,ILESO,,,MASCULINO,,MOTOCICLETA,ATROPELLO,URBANO,AVENIDA,URBANA,,,
A-2022-06-260,P-2022-06-260-1-2,2022,2022-06-01,07:00,MANANA (06-11),LIMA,VILLA MARIA DEL TRIUNFO,PEATÓN,FALLECIDO,,,FEMENINO,,MOTOCICLETA,ATROPELLO,URBANO,AVENIDA,URBANA,,,
A-2022-06-262,P-2022-06-262-1-1,2022,2022-06-01,11:40,MANANA (06-11),LIMA,VILLA MARIA DEL TRIUNFO,CONDUCTOR,ILESO,,,MASCULINO,,TRIMOTO PASAJERO,DESPISTE,URBANO,AVENIDA,URBANA,,,
A-2022-06-262,P-2022-06-262-1-2,2022,2022-06-01,11:40,MANANA (06-11),LIMA,VILLA MARIA DEL TRIUNFO,PASAJERO,FALLECIDO,,,FEMENINO,,TRIMOTO PASAJERO,DESPISTE,URBANO,AVENIDA,URBANA,,,
A-2022-06-261,P-2022-06-261-1-1,2022,2022-06-01,13:30,TARDE (12-17),LIMA,SAN MARTIN DE PORRES,CONDUCTOR,ILESO,,,MASCULINO,,CAMIÓN,ATROPELLO,URBANO,AVENIDA,URBANA,,,
A-2022-06-261,P-2022-06-261-1-2,2022,2022-06-01,13:30,TARDE (12-17),LIMA,SAN MARTIN DE PORRES,PEATÓN,FALLECIDO,,,MASCULINO,,CAMIÓN,ATROPELLO,URBANO,AVENIDA,URBANA,,,
A-2022-06-263,P-2022-06-263-1-1,2022,2022-06-02,18:10,NOCHE (18-23),LIMA,VILLA EL SALVADOR,CONDUCTOR,ILESO,,,MASCULINO,,CAMIONETA RURAL,ATROPELLO,URBANO,AVENIDA,URBANA,,,
A-2022-06-263,P-2022-06-263-1-2,2022,2022-06-02,18:10,NOCHE (18-23),LIMA,VILLA EL SALVADOR,PEATÓN,FALLECIDO,,,FEMENINO,,CAMIONETA RURAL,ATROPELLO,URBANO,AVENIDA,URBANA,,,
A-2022-06-216,P-2022-06-216-1-1,2022,2022-06-05,03:00,MADRUGADA (00-05),LIMA,CHORRILLOS,CONDUCTOR,LESIONADO,,CENTRO DE SALUD PÚBLICO,MASCULINO,24,AUTOMÓVIL,CHOQUE,URBANO,AVENIDA,URBANA,COMERCIAL,CURVA,ASFALTADA
A-2022-06-216,P-2022-06-216-2-1,2022,2022-06-05,03:00,MADRUGADA (00-05),LIMA,CHORRILLOS,CONDUCTOR,FALLECIDO,EN EL LUGAR DE LOS HECHOS,,MASCULINO,32,MOTOCICLETA,CHOQUE,URBANO,AVENIDA,URBANA,COMERCIAL,CURVA,ASFALTADA
A-2022-06-215,P-2022-06-215-1-1,2022,2022-06-05,08:00,MANANA (06-11),LIMA,CARABAYLLO,CONDUCTOR,ILESO,,,MASCULINO,37,AUTOMÓVIL,DESPISTE,URBANO,AVENIDA,URBANA,ESCOLAR,TRAMO RECTO,ASFALTADA
A-2022-06-215,P-2022-06-215-1-2,2022,2022-06-05,08:00,MANANA (06-11),LIMA,CARABAYLLO,PEATÓN,FALLECIDO,EN EL LUGAR DE LOS HECHOS,,FEMENINO,48,AUTOMÓVIL,DESPISTE,URBANO,AVENIDA,URBANA,ESCOLAR,TRAMO RECTO,ASFALTADA
A-2022-06-215,P-2022-06-215-1-3,2022,2022-06-05,08:00,MANANA (06-11),LIMA,CARABAYLLO,PEATÓN,LESIONADO,,CENTRO DE SALUD PÚBLICO,FEMENINO,36,AUTOMÓVIL,DESPISTE,URBANO,AVENIDA,URBANA,ESCOLAR,TRAMO RECTO,ASFALTADA
A-2022-06-217,P-2022-06-217-1-1,2022,2022-06-05,12:00,TARDE (12-17),LIMA,ATE,CONDUCTOR,ILESO,,,MASCULINO,29,AUTOMÓVIL,CHOQUE,URBANO,AVENIDA,URBANA,COMERCIAL,TRAMO RECTO,TROCHA
A-2022-06-217,P-2022-06-217-2-1,2022,2022-06-05,12:00,TARDE (12-17),LIMA,ATE,CONDUCTOR,ILESO,,,MASCULINO,25,AUTOMÓVIL,CHOQUE,URBANO,AVENIDA,URBANA,COMERCIAL,TRAMO RECTO,TROCHA
A-2022-06-217,P-2022-06-217-2-2,2022,2022-06-05,12:00,TARDE (12-17),LIMA,ATE,PASAJERO,LESIONADO,,CENTRO DE SALUD PÚBLICO,FEMENINO,25,AUTOMÓVIL,CHOQUE,URBANO,AVENIDA,URBANA,COMERCIAL,TRAMO RECTO,TROCHA
A-2022-06-217,P-2022-06-217-2-3,2022,2022-06-05,12:00,TARDE (12-17),LIMA,ATE,PASAJERO,FALLECIDO,CAMINO AL CENTRO DE SALUD,,MASCULINO,1,AUTOMÓVIL,CHOQUE,URBANO,AVENIDA,URBANA,COMERCIAL,TRAMO RECTO,TROCHA
A-2022-06-214,P-2022-06-214-1-1,2022,2022-06-06,09:45,MANANA (06-11),LIMA,SAN JUAN DE LURIGANCHO,CONDUCTOR,ILESO,,,MASCULINO,43,ÓMNIBUS,ATROPELLO,PROVINCIAL,CARRETERA,RURAL,RURAL,TRAMO RECTO,ASFALTADA
A-2022-06-214,P-2022-06-214-1-2,2022,2022-06-06,09:45,MANANA (06-11),LIMA,SAN JUAN DE LURIGANCHO,PEATÓN,FALLECIDO,EN EL LUGAR DE LOS HECHOS,,FEMENINO,79,ÓMNIBUS,ATROPELLO,PROVINCIAL,CARRETERA,RURAL,RURAL,TRAMO RECTO,ASFALTADA
A-2022-06-264,P-2022-06-264-1-1,2022,2022-06-06,09:15,MANANA (06-11),LIMA,SANTIAGO DE SURCO,CONDUCTOR,ILESO,,,MASCULINO,,ÓMNIBUS,ATROPELLO,URBANO,AVENIDA,URBANA,,,
A-2022-06-264,P-2022-06-264-1-2,2022,2022-06-06,09:15,MANANA (06-11),LIMA,SANTIAGO DE SURCO,PEATÓN,FALLECIDO,,,FEMENINO,,ÓMNIBUS,ATROPELLO,URBANO,AVENIDA,URBANA,,,
A-2022-06-94,P-2022-06-94-1-1,2022,2022-06-07,17:30,TARDE (12-17),CALLAO,CALLAO,CONDUCTOR,ILESO,,,MASCULINO,49,REMOLCADOR,ATROPELLO,NACIONAL,CARRETERA,URBANA,INDUSTRIAL,TRAMO RECTO,ASFALTADA
A-2022-06-94,P-2022-06-94-1-2,2022,2022-06-07,17:30,TARDE (12-17),CALLAO,CALLAO,PEATÓN,FALLECIDO,EN EL LUGAR DE LOS HECHOS,,MASCULINO,33,REMOLCADOR,ATROPELLO,NACIONAL,CARRETERA,URBANA,INDUSTRIAL,TRAMO RECTO,ASFALTADA
A-2022-06-213,P-2022-06-213-1-1,2022,2022-06-07,19:45,NOCHE (18-23),LIMA,CIENEGUILLA,CONDUCTOR,LESIONADO,,CENTRO DE SALUD PÚBLICO,MASCULINO,29,OTRO,DESPISTE,DEPARTAMENTAL,CARRETERA,URBANA,RURAL,TRAMO RECTO,ASFALTADA
A-2022-06-213,P-2022-06-213-1-2,2022,2022-06-07,19:45,NOCHE (18-23),LIMA,CIENEGUILLA,PASAJERO,FALLECIDO,EN EL CENTRO DE SALUD,,FEMENINO,30,OTRO,DESPISTE,DEPARTAMENTAL,CARRETERA,URBANA,RURAL,TRAMO RECTO,ASFALTADA
A-2022-06-212,P-2022-06-212-1-1,2022,2022-06-09,15:30,TARDE (12-17),LIMA,LA VICTORIA,CONDUCTOR,FALLECIDO,EN EL LUGAR DE LOS HECHOS,,MASCULINO,25,TRIMOTO PASAJERO,CHOQUE,URBANO,AVENIDA,URBANA,COMERCIAL,TRAMO RECTO,ASFALTADA
A-2022-06-212,P-2022-06-212-1-2,2022,2022-06-09,15:30,TARDE (12-17),LIMA,LA VICTORIA,PASAJERO,LESIONADO,,CENTRO DE SALUD PÚBLICO,FEMENINO,44,TRIMOTO PASAJERO,CHOQUE,URBANO,AVENIDA,URBANA,COMERCIAL,TRAMO RECTO,ASFALTADA
A-2022-06-212,P-2022-06-212-2-1,2022,2022-06-09,15:30,TARDE (12-17),LIMA,LA VICTORIA,CONDUCTOR,ILESO,,,MASCULINO,42,TRIMOTO CARGA,CHOQUE,URBANO,AVENIDA,URBANA,COMERCIAL,TRAMO RECTO,ASFALTADA
A-2022-06-211,P-2022-06-211-1-1,2022,2022-06-16,01:30,MADRUGADA (00-05),LIMA,LIMA,CONDUCTOR,ILESO,,,MASCULINO,39,AUTOMÓVIL,ATROPELLO,URBANO,AVENIDA,URBANA,COMERCIAL,INTERSECCIÓN,ASFALTADA
A-2022-06-211,P-2022-06-211-1-2,2022,2022-06-16,01:30,MADRUGADA (00-05),LIMA,LIMA,PEATÓN,FALLECIDO,EN EL CENTRO DE SALUD,,MASCULINO,,AUTOMÓVIL,ATROPELLO,URBANO,AVENIDA,URBANA,COMERCIAL,INTERSECCIÓN,ASFALTADA
A-2022-06-210,P-2022-06-210-1-1,2022,2022-06-16,09:00,MANANA (06-11),LIMA,VILLA EL SALVADOR,CONDUCTOR,ILESO,,,MASCULINO,38,CAMIONETA RURAL,ATROPELLO,URBANO,AVENIDA,URBANA,INDUSTRIAL,INTERSECCIÓN,ASFALTADA
A-2022-06-210,P-2022-06-210-1-2,2022,2022-06-16,09:00,MANANA (06-11),LIMA,VILLA EL SALVADOR,PEATÓN,FALLECIDO,EN EL CENTRO DE SALUD,,MASCULINO,83,CAMIONETA RURAL,ATROPELLO,URBANO,AVENIDA,URBANA,INDUSTRIAL,INTERSECCIÓN,ASFALTADA
A-2022-06-209,P-2022-06-209-1-1,2022,2022-06-17,03:00,MADRUGADA (00-05),LIMA,LA VICTORIA,CONDUCTOR,ILESO,,,MASCULINO,66,REMOLCADOR-SEMIREMOLQUE,ATROPELLO,URBANO,JIRÓN,URBANA,COMERCIAL,TRAMO RECTO,ASFALTADA
A-2022-06-209,P-2022-06-209-1-2,2022,2022-06-17,03:00,MADRUGADA (00-05),LIMA,LA VICTORIA,PEATÓN,FALLECIDO,EN EL CENTRO DE SALUD,,MASCULINO,,REMOLCADOR-SEMIREMOLQUE,ATROPELLO,URBANO,JIRÓN,URBANA,COMERCIAL,TRAMO RECTO,ASFALTADA
A-2022-06-206,P-2022-06-206-1-1,2022,2022-06-18,06:15,MANANA (06-11),LIMA,ANCON,CONDUCTOR,ILESO,,,MASCULINO,25,AUTOMÓVIL,CHOQUE,NACIONAL,CARRETERA,URBANA,INDUSTRIAL,TRAMO RECTO,ASFALTADA
A-2022-06-206,P-2022-06-206-1-2,2022,2022-06-18,06:15,MANANA (06-11),LIMA,ANCON,PASAJERO,LESIONADO,,CENTRO DE SALUD PÚBLICO,MASCULINO,29,AUTOMÓVIL,CHOQUE,NACIONAL,CARRETERA,URBANA,INDUSTRIAL,TRAMO RECTO,ASFALTADA
A-2022-06-206,P-2022-06-206-2-1,2022,2022-06-18,06:15,MANANA (06-11),LIMA,ANCON,CONDUCTOR,FALLECIDO,EN EL LUGAR DE LOS HECHOS,,MASCULINO,44,TRIMOTO CARGA,CHOQUE,NACIONAL,CARRETERA,URBANA,INDUSTRIAL,TRAMO RECTO,ASFALTADA
A-2022-06-205,P-2022-06-205-1-1,2022,2022-06-18,09:00,MANANA (06-11),LIMA,SAN MARTIN DE PORRES,CONDUCTOR,ILESO,,,MASCULINO,51,MINIBUS,ATROPELLO,URBANO,AVENIDA,URBANA,COMERCIAL,TRAMO RECTO,ASFALTADA
A-2022-06-205,P-2022-06-205-1-2,2022,2022-06-18,09:00,MANANA (06-11),LIMA,SAN MARTIN DE PORRES,PEATÓN,FALLECIDO,EN EL LUGAR DE LOS HECHOS,,MASCULINO,83,MINIBUS,ATROPELLO,URBANO,AVENIDA,URBANA,COMERCIAL,TRAMO RECTO,ASFALTADA
A-2022-06-207,P-2022-06-207-1-1,2022,2022-06-18,20:20,NOCHE (18-23),LIMA,SANTA ANITA,CONDUCTOR,ILESO,,,MASCULINO,73,CAMIONETA RURAL,ATROPELLO,URBANO,AVENIDA,URBANA,COMERCIAL,TRAMO RECTO,ASFALTADA
A-2022-06-207,P-2022-06-207-1-2,2022,2022-06-18,20:20,NOCHE (18-23),LIMA,SANTA ANITA,PEATÓN,FALLECIDO,EN EL LUGAR DE LOS HECHOS,,MASCULINO,44,CAMIONETA RURAL,ATROPELLO,URBANO,AVENIDA,URBANA,COMERCIAL,TRAMO RECTO,ASFALTADA
A-2022-06-208,P-2022-06-208-1-1,2022,2022-06-18,23:00,NOCHE (18-23),LIMA,SAN JUAN DE LURIGANCHO,CONDUCTOR,ILESO,,,MASCULINO,28,AUTOMÓVIL,ATROPELLO,URBANO,AVENIDA,URBANA,COMERCIAL,INTERSECCIÓN,ASFALTADA
A-2022-06-208,P-2022-06-208-1-2,2022,2022-06-18,23:00,NOCHE (18-23),LIMA,SAN JUAN DE LURIGANCHO,PEATÓN,FALLECIDO,EN EL LUGAR DE LOS HECHOS,,MASCULINO,,AUTOMÓVIL,ATROPELLO,URBANO,AVENIDA,URBANA,COMERCIAL,INTERSECCIÓN,ASFALTADA
A-2022-06-204,P-2022-06-204-1-1,2022,2022-06-19,03:00,MADRUGADA (00-05),LIMA,LURIGANCHO,CONDUCTOR FUGADO,NO SE CONOCE,,,NO INDICA,,VEHICULO NO IDENTIFICADO,ATROPELLO FUGA,NACIONAL,CARRETERA,URBANA,COMERCIAL,CURVA,ASFALTADA
A-2022-06-204,P-2022-06-204-1-2,2022,2022-06-19,03:00,MADRUGADA (00-05),LIMA,LURIGANCHO,PEATÓN,FALLECIDO,EN EL LUGAR DE LOS HECHOS,,MASCULINO,,VEHICULO NO IDENTIFICADO,ATROPELLO FUGA,NACIONAL,CARRETERA,URBANA,COMERCIAL,CURVA,ASFALTADA
A-2022-06-203,P-2022-06-203-1-1,2022,2022-06-19,06:00,MANANA (06-11),LIMA,LA VICTORIA,CONDUCTOR FUGADO,NO SE CONOCE,,,NO INDICA,,VEHICULO NO IDENTIFICADO,ATROPELLO FUGA,URBANO,AVENIDA,URBANA,COMERCIAL,INTERSECCIÓN,ASFALTADA
A-2022-06-203,P-2022-06-203-1-2,2022,2022-06-19,06:00,MANANA (06-11),LIMA,LA VICTORIA,PEATÓN,FALLECIDO,EN EL LUGAR DE LOS HECHOS,,MASCULINO,65,VEHICULO NO IDENTIFICADO,ATROPELLO FUGA,URBANO,AVENIDA,URBANA,COMERCIAL,INTERSECCIÓN,ASFALTADA
A-2022-06-202,P-2022-06-202-1-1,2022,2022-06-19,22:50,NOCHE (18-23),LIMA,PUENTE PIEDRA,CONDUCTOR FUGADO,NO SE CONOCE,,,NO INDICA,,VEHICULO NO IDENTIFICADO,ATROPELLO FUGA,NACIONAL,CARRETERA,URBANA,COMERCIAL,TRAMO RECTO,ASFALTADA
A-2022-06-202,P-2022-06-202-1-2,2022,2022-06-19,22:50,NOCHE (18-23),LIMA,PUENTE PIEDRA,PEATÓN,FALLECIDO,EN EL LUGAR DE LOS HECHOS,,MASCULINO,49,VEHICULO NO IDENTIFICADO,ATROPELLO FUGA,NACIONAL,CARRETERA,URBANA,COMERCIAL,TRAMO RECTO,ASFALTADA
A-2022-06-199,P-2022-06-199-1-1,2022,2022-06-21,00:30,MADRUGADA (00-05),LIMA,SAN JUAN DE MIRAFLORES,CONDUCTOR FUGADO,NO SE CONOCE,,,NO INDICA,,VEHICULO NO IDENTIFICADO,ATROPELLO FUGA,NACIONAL,CARRETERA,URBANA,INDUSTRIAL,TRAMO RECTO,ASFALTADA
A-2022-06-199,P-2022-06-199-1-2,2022,2022-06-21,00:30,MADRUGADA (00-05),LIMA,SAN JUAN DE MIRAFLORES,PEATÓN,FALLECIDO,EN EL LUGAR DE LOS HECHOS,,MASCULINO,,VEHICULO NO IDENTIFICADO,ATROPELLO FUGA,NACIONAL,CARRETERA,URBANA,INDUSTRIAL,TRAMO RECTO,ASFALTADA
A-2022-06-200,P-2022-06-200-1-1,2022,2022-06-21,06:40,MANANA (06-11),LIMA,LOS OLIVOS,CONDUCTOR,ILESO,,,MASCULINO,20,CAMIÓN,DESPISTE,URBANO,AVENIDA,URBANA,COMERCIAL,TRAMO RECTO,ASFALTADA
A-2022-06-200,P-2022-06-200-1-2,2022,2022-06-21,06:40,MANANA (06-11),LIMA,LOS OLIVOS,PEATÓN,FALLECIDO,EN EL CENTRO DE SALUD,,FEMENINO,63,CAMIÓN,DESPISTE,URBANO,AVENIDA,URBANA,COMERCIAL,TRAMO RECTO,ASFALTADA
A-2022-06-201,P-2022-06-201-1-1,2022,2022-06-21,15:50,TARDE (12-17),LIMA,LOS OLIVOS,CONDUCTOR,ILESO,,,MASCULINO,44,AUTOMÓVIL,CHOQUE,URBANO,AVENIDA,URBANA,ESCOLAR,TRAMO RECTO,ASFALTADA
A-2022-06-201,P-2022-06-201-2-1,2022,2022-06-21,15:50,TARDE (12-17),LIMA,LOS OLIVOS,CONDUCTOR FUGADO,NO SE CONOCE,,,NO INDICA,,CAMIONETA RURAL,CHOQUE,URBANO,AVENIDA,URBANA,ESCOLAR,TRAMO RECTO,ASFALTADA
A-2022-06-201,P-2022-06-201-2-2,2022,2022-06-21,15:50,TARDE (12-17),LIMA,LOS OLIVOS,PASAJERO,LESIONADO,,CENTRO DE SALUD PÚBLICO,FEMENINO,28,CAMIONETA RURAL,CHOQUE,URBANO,AVENIDA,URBANA,ESCOLAR,TRAMO RECTO,ASFALTADA
A-2022-06-201,P-2022-06-201-2-3,2022,2022-06-21,15:50,TARDE (12-17),LIMA,LOS OLIVOS,PASAJERO,LESIONADO,,CENTRO DE SALUD PÚBLICO,MASCULINO,31,CAMIONETA RURAL,CHOQUE,URBANO,AVENIDA,URBANA,ESCOLAR,TRAMO RECTO,ASFALTADA
A-2022-06-201,P-2022-06-201-2-4,2022,2022-06-21,15:50,TARDE (12-17),LIMA,LOS OLIVOS,PASAJERO,LESIONADO,,CENTRO DE SALUD PÚBLICO,MASCULINO,41,CAMIONETA RURAL,CHOQUE,URBANO,AVENIDA,URBANA,ESCOLAR,TRAMO RECTO,ASFALTADA
A-2022-06-201,P-2022-06-201-2-5,2022,2022-06-21,15:50,TARDE (12-17),LIMA,LOS OLIVOS,PASAJERO,LESIONADO,,CENTRO DE SALUD PÚBLICO,FEMENINO,34,CAMIONETA RURAL,CHOQUE,URBANO,AVENIDA,URBANA,ESCOLAR,TRAMO RECTO,ASFALTADA
A-2022-06-201,P-2022-06-201-2-6,2022,2022-06-21,15:50,TARDE (12-17),LIMA,LOS OLIVOS,PASAJERO,FALLECIDO,EN EL LUGAR DE LOS HECHOS,,FEMENINO,6,CAMIONETA RURAL,CHOQUE,URBANO,AVENIDA,URBANA,ESCOLAR,TRAMO RECTO,ASFALTADA
A-2022-06-198,P-2022-06-198-1-1,2022,2022-06-25,12:00,TARDE (12-17),LIMA,ATE,CONDUCTOR,ILESO,,,MASCULINO,26,TRIMOTO PASAJERO,ATROPELLO,URBANO,AVENIDA,URBANA,COMERCIAL,TRAMO RECTO,ASFALTADA
A-2022-06-198,P-2022-06-198-1-2,2022,2022-06-25,12:00,TARDE (12-17),LIMA,ATE,PEATÓN,FALLECIDO,EN EL CENTRO DE SALUD,,MASCULINO,85,TRIMOTO PASAJERO,ATROPELLO,URBANO,AVENIDA,URBANA,COMERCIAL,TRAMO RECTO,ASFALTADA
A-2022-06-196,P-2022-06-196-1-1,2022,2022-06-26,18:45,NOCHE (18-23),LIMA,SAN JUAN DE MIRAFLORES,CONDUCTOR,ILESO,,,MASCULINO,28,AUTOMÓVIL,ATROPELLO,NACIONAL,CARRETERA,URBANA,COMERCIAL,TRAMO RECTO,ASFALTADA
A-2022-06-196,P-2022-06-196-1-2,2022,2022-06-26,18:45,NOCHE (18-23),LIMA,SAN JUAN DE MIRAFLORES,PEATÓN,FALLECIDO,EN EL LUGAR DE LOS HECHOS,,MASCULINO,34,AUTOMÓVIL,ATROPELLO,NACIONAL,CARRETERA,URBANA,COMERCIAL,TRAMO RECTO,ASFALTADA
A-2022-06-193,P-2022-06-193-1-1,2022,2022-06-27,01:00,MADRUGADA (00-05),LIMA,EL AGUSTINO,CONDUCTOR FUGADO,NO SE CONOCE,,,NO INDICA,,VEHICULO NO IDENTIFICADO,ATROPELLO FUGA,NACIONAL,CARRETERA,RURAL,RURAL,TRAMO RECTO,ASFALTADA
A-2022-06-193,P-2022-06-193-1-2,2022,2022-06-27,01:00,MADRUGADA (00-05),LIMA,EL AGUSTINO,PEATÓN,FALLECIDO,EN EL LUGAR DE LOS HECHOS,,MASCULINO,,VEHICULO NO IDENTIFICADO,ATROPELLO FUGA,NACIONAL,CARRETERA,RURAL,RURAL,TRAMO RECTO,ASFALTADA
A-2022-06-194,P-2022-06-194-1-1,2022,2022-06-27,02:00,MADRUGADA (00-05),LIMA,CHACLACAYO,CONDUCTOR,FALLECIDO,EN EL LUGAR DE LOS HECHOS,,MASCULINO,26,MOTOCICLETA,DESPISTE,NACIONAL,CARRETERA,URBANA,INDUSTRIAL,TRAMO RECTO,ASFALTADA
A-2022-06-195,P-2022-06-195-1-1,2022,2022-06-27,03:40,MADRUGADA (00-05),LIMA,SAN BORJA,CONDUCTOR,FALLECIDO,EN EL LUGAR DE LOS HECHOS,,MASCULINO,34,MOTOCICLETA,DESPISTE,URBANO,AVENIDA,URBANA,COMERCIAL,TRAMO RECTO,ASFALTADA
A-2022-06-195,P-2022-06-195-1-2,2022,2022-06-27,03:40,MADRUGADA (00-05),LIMA,SAN BORJA,PASAJERO,LESIONADO,,CENTRO DE SALUD PRIVADO,FEMENINO,28,MOTOCICLETA,DESPISTE,URBANO,AVENIDA,URBANA,COMERCIAL,TRAMO RECTO,ASFALTADA
A-2022-06-191,P-2022-06-191-1-1,2022,2022-06-28,05:48,MADRUGADA (00-05),LIMA,LURIN,CONDUCTOR FUGADO,NO SE CONOCE,,,NO INDICA,,VEHICULO NO IDENTIFICADO,ATROPELLO FUGA,NACIONAL,CARRETERA,RURAL,INDUSTRIAL,TRAMO RECTO,ASFALTADA
A-2022-06-191,P-2022-06-191-1-2,2022,2022-06-28,05:48,MADRUGADA (00-05),LIMA,LURIN,PEATÓN,FALLECIDO,EN EL LUGAR DE LOS HECHOS,,NO INDICA,,VEHICULO NO IDENTIFICADO,ATROPELLO FUGA,NACIONAL,CARRETERA,RURAL,INDUSTRIAL,TRAMO RECTO,ASFALTADA
A-2022-06-192,P-2022-06-192-1-1,2022,2022-06-28,13:45,TARDE (12-17),LIMA,VILLA EL SALVADOR,CONDUCTOR,ILESO,,,MASCULINO,67,CAMIÓN,DESPISTE,NACIONAL,CARRETERA,RURAL,INDUSTRIAL,INTERSECCIÓN,ASFALTADA
A-2022-06-192,P-2022-06-192-1-2,2022,2022-06-28,13:45,TARDE (12-17),LIMA,VILLA EL SALVADOR,PEATÓN,FALLECIDO,EN EL CENTRO DE SALUD,,MASCULINO,,CAMIÓN,DESPISTE,NACIONAL,CARRETERA,RURAL,INDUSTRIAL,INTERSECCIÓN,ASFALTADA
A-2022-06-192,P-2022-06-192-1-3,2022,2022-06-28,13:45,TARDE (12-17),LIMA,VILLA EL SALVADOR,PEATÓN,FALLECIDO,EN EL LUGAR DE LOS HECHOS,,FEMENINO,20,CAMIÓN,DESPISTE,NACIONAL,CARRETERA,RURAL,INDUSTRIAL,INTERSECCIÓN,ASFALTADA
A-2022-06-192,P-2022-06-192-1-4,2022,2022-06-28,13:45,TARDE (12-17),LIMA,VILLA EL SALVADOR,PEATÓN,LESIONADO,,CENTRO DE SALUD PRIVADO,MASCULINO,22,CAMIÓN,DESPISTE,NACIONAL,CARRETERA,RURAL,INDUSTRIAL,INTERSECCIÓN,ASFALTADA
A-2022-06-192,P-2022-06-192-1-5,2022,2022-06-28,13:45,TARDE (12-17),LIMA,VILLA EL SALVADOR,PEATÓN,LESIONADO,,CENTRO DE SALUD PRIVADO,MASCULINO,26,CAMIÓN,DESPISTE,NACIONAL,CARRETERA,RURAL,INDUSTRIAL,INTERSECCIÓN,ASFALTADA
A-2022-06-192,P-2022-06-192-2-1,2022,2022-06-28,13:45,TARDE (12-17),LIMA,VILLA EL SALVADOR,CONDUCTOR,ILESO,,,MASCULINO,60,CAMIÓN,DESPISTE,NACIONAL,CARRETERA,RURAL,INDUSTRIAL,INTERSECCIÓN,ASFALTADA
A-2022-06-190,P-2022-06-190-1-1,2022,2022-06-30,00:50,MADRUGADA (00-05),LIMA,MIRAFLORES,CONDUCTOR FUGADO,NO SE CONOCE,,,NO INDICA,,VEHICULO NO IDENTIFICADO,ATROPELLO FUGA,URBANO,OTRO,URBANA,COMERCIAL,CURVA,ASFALTADA
A-2022-06-190,P-2022-06-190-1-2,2022,2022-06-30,00:50,MADRUGADA (00-05),LIMA,MIRAFLORES,PEATÓN,FALLECIDO,EN EL LUGAR DE LOS HECHOS,,FEMENINO,,VEHICULO NO IDENTIFICADO,ATROPELLO FUGA,URBANO,OTRO,URBANA,COMERCIAL,CURVA,ASFALTADA
A-2022-06-189,P-2022-06-189-1-1,2022,2022-06-30,01:00,MADRUGADA (00-05),LIMA,LURIN,CONDUCTOR FUGADO,NO SE CONOCE,,,NO INDICA,,VEHICULO NO IDENTIFICADO,ATROPELLO FUGA,NACIONAL,CARRETERA,URBANA,RURAL,TRAMO RECTO,ASFALTADA
A-2022-06-189,P-2022-06-189-1-2,2022,2022-06-30,01:00,MADRUGADA (00-05),LIMA,LURIN,PEATÓN,FALLECIDO,EN EL LUGAR DE LOS HECHOS,,NO INDICA,,VEHICULO NO IDENTIFICADO,ATROPELLO FUGA,NACIONAL,CARRETERA,URBANA,RURAL,TRAMO RECTO,ASFALTADA
A-2022-06-188,P-2022-06-188-1-1,2022,2022-06-30,06:46,MANANA (06-11),LIMA,ANCON,CONDUCTOR FUGADO,NO SE CONOCE,,,NO INDICA,,VEHICULO NO IDENTIFICADO,ATROPELLO FUGA,NACIONAL,CARRETERA,URBANA,COMERCIAL,TRAMO RECTO,ASFALTADA
A-2022-06-188,P-2022-06-188-1-2,2022,2022-06-30,06:46,MANANA (06-11),LIMA,ANCON,PEATÓN,FALLECIDO,EN EL LUGAR DE LOS HECHOS,,NO INDICA,,VEHICULO NO IDENTIFICADO,ATROPELLO FUGA,NACIONAL,CARRETERA,URBANA,COMERCIAL,TRAMO RECTO,ASFALTADA
A-2022-07-186,P-2022-07-186-1-1,2022,2022-07-02,01:30,MADRUGADA (00-05),LIMA,LURIN,CONDUCTOR FUGADO,NO SE CONOCE,,,NO INDICA,,VEHICULO NO IDENTIFICADO,ATROPELLO FUGA,URBANO,AVENIDA,URBANA,COMERCIAL,TRAMO RECTO,ASFALTADA
A-2022-07-186,P-2022-07-186-1-2,2022,2022-07-02,01:30,MADRUGADA (00-05),LIMA,LURIN,PEATÓN,FALLECIDO,EN EL LUGAR DE LOS HECHOS,,NO INDICA,,VEHICULO NO IDENTIFICADO,ATROPELLO FUGA,URBANO,AVENIDA,URBANA,COMERCIAL,TRAMO RECTO,ASFALTADA
A-2022-07-187,P-2022-07-187-1-1,2022,2022-07-02,02:50,MADRUGADA (00-05),LIMA,PUEBLO LIBRE,CONDUCTOR FUGADO,NO SE CONOCE,,,NO INDICA,,VEHICULO NO IDENTIFICADO,ATROPELLO FUGA,URBANO,AVENIDA,URBANA,COMERCIAL,TRAMO RECTO,ASFALTADA
A-2022-07-187,P-2022-07-187-1-2,2022,2022-07-02,02:50,MADRUGADA (00-05),LIMA,PUEBLO LIBRE,PEATÓN,FALLECIDO,EN EL LUGAR DE LOS HECHOS,,MASCULINO,43,VEHICULO NO IDENTIFICADO,ATROPELLO FUGA,URBANO,AVENIDA,URBANA,COMERCIAL,TRAMO RECTO,ASFALTADA
A-2022-07-3,P-2022-07-3-1-1,2022,2022-07-03,10:30,MANANA (06-11),CALLAO,CALLAO,CONDUCTOR,ILESO,,,MASCULINO,41,REMOLCADOR-SEMIREMOLQUE,ATROPELLO,URBANO,AVENIDA,URBANA,COMERCIAL,TRAMO RECTO,ASFALTADA
A-2022-07-3,P-2022-07-3-1-2,2022,2022-07-03,10:30,MANANA (06-11),CALLAO,CALLAO,PEATÓN,FALLECIDO,EN EL LUGAR DE LOS HECHOS,,FEMENINO,63,REMOLCADOR-SEMIREMOLQUE,ATROPELLO,URBANO,AVENIDA,URBANA,COMERCIAL,TRAMO RECTO,ASFALTADA
A-2022-07-185,P-2022-07-185-1-1,2022,2022-07-04,03:50,MADRUGADA (00-05),LIMA,BARRANCO,CONDUCTOR,FALLECIDO,EN EL LUGAR DE LOS HECHOS,,MASCULINO,39,MOTOCICLETA,CHOQUE CON OBJETO FIJO,URBANO,OTRO,URBANA,RESIDENCIAL,TRAMO RECTO,ASFALTADA
A-2022-07-184,P-2022-07-184-1-1,2022,2022-07-05,05:45,MADRUGADA (00-05),LIMA,CHORRILLOS,CONDUCTOR,FALLECIDO,EN EL LUGAR DE LOS HECHOS,,MASCULINO,38,AUTOMÓVIL,DESPISTE,URBANO,AVENIDA,URBANA,COMERCIAL,TRAMO RECTO,ASFALTADA
A-2022-07-183,P-2022-07-183-1-1,2022,2022-07-05,11:00,MANANA (06-11),LIMA,SAN MARTIN DE PORRES,CONDUCTOR,ILESO,,,MASCULINO,30,CAMIONETA RURAL,ATROPELLO,URBANO,AVENIDA,URBANA,COMERCIAL,TRAMO RECTO,ASFALTADA
A-2022-07-183,P-2022-07-183-1-2,2022,2022-07-05,11:00,MANANA (06-11),LIMA,SAN MARTIN DE PORRES,PEATÓN,FALLECIDO,EN EL LUGAR DE LOS HECHOS,,MASCULINO,24,CAMIONETA RURAL,ATROPELLO,URBANO,AVENIDA,URBANA,COMERCIAL,TRAMO RECTO,ASFALTADA
A-2022-07-180,P-2022-07-180-1-1,2022,2022-07-05,22:45,NOCHE (18-23),LIMA,RIMAC,CONDUCTOR,ILESO,,,MASCULINO,49,MINIBUS,ATROPELLO,URBANO,AVENIDA,URBANA,COMERCIAL,TRAMO RECTO,ASFALTADA
A-2022-07-180,P-2022-07-180-1-2,2022,2022-07-05,22:45,NOCHE (18-23),LIMA,RIMAC,PEATÓN,FALLECIDO,EN EL CENTRO DE SALUD,,MASCULINO,,MINIBUS,ATROPELLO,URBANO,AVENIDA,URBANA,COMERCIAL,TRAMO RECTO,ASFALTADA
A-2022-07-198,P-2022-07-198-1-1,2022,2022-07-07,13:58,TARDE (12-17),LIMA,MIRAFLORES,CONDUCTOR,ILESO,,,FEMENINO,66,AUTOMÓVIL,ATROPELLO,URBANO,AVENIDA,URBANA,RESIDENCIAL,INTERSECCIÓN,ASFALTADA
A-2022-07-198,P-2022-07-198-1-2,2022,2022-07-07,13:58,TARDE (12-17),LIMA,MIRAFLORES,PEATÓN,FALLECIDO,EN EL CENTRO DE SALUD,,FEMENINO,64,AUTOMÓVIL,ATROPELLO,URBANO,AVENIDA,URBANA,RESIDENCIAL,INTERSECCIÓN,ASFALTADA
A-2022-07-179,P-2022-07-179-1-1,2022,2022-07-08,05:55,MADRUGADA (00-05),LIMA,MIRAFLORES,CONDUCTOR,FALLECIDO,EN EL LUGAR DE LOS HECHOS,,MASCULINO,35,MOTOCICLETA,DESPISTE,URBANO,AVENIDA,URBANA,RESIDENCIAL,TRAMO RECTO,ASFALTADA
A-2022-07-178,P-2022-07-178-1-1,2022,2022-07-10,18:20,NOCHE (18-23),LIMA,SANTA ANITA,CONDUCTOR,ILESO,,,MASCULINO,60,REMOLCADOR,ATROPELLO,URBANO,AVENIDA,URBANA,COMERCIAL,TRAMO RECTO,ASFALTADA
A-2022-07-178,P-2022-07-178-1-2,2022,2022-07-10,18:20,NOCHE (18-23),LIMA,SANTA ANITA,PEATÓN,FALLECIDO,EN EL LUGAR DE LOS HECHOS,,MASCULINO,35,REMOLCADOR,ATROPELLO,URBANO,AVENIDA,URBANA,COMERCIAL,TRAMO RECTO,ASFALTADA
A-2022-07-238,P-2022-07-238-1-1,2022,2022-07-12,12:30,TARDE (12-17),CALLAO,CALLAO,CONDUCTOR FUGADO,NO SE CONOCE,,,NO INDICA,,VEHICULO NO IDENTIFICADO,ATROPELLO FUGA,URBANO,CALLE,URBANA,COMERCIAL,TRAMO RECTO,ASFALTADA
A-2022-07-238,P-2022-07-238-1-2,2022,2022-07-12,12:30,TARDE (12-17),CALLAO,CALLAO,PEATÓN,FALLECIDO,EN EL LUGAR DE LOS HECHOS,,MASCULINO,65,VEHICULO NO IDENTIFICADO,ATROPELLO FUGA,URBANO,CALLE,URBANA,COMERCIAL,TRAMO RECTO,ASFALTADA
A-2022-07-177,P-2022-07-177-1-1,2022,2022-07-12,23:45,NOCHE (18-23),LIMA,SAN MARTIN DE PORRES,CONDUCTOR FUGADO,NO SE CONOCE,,,NO INDICA,,VEHICULO NO IDENTIFICADO,ATROPELLO FUGA,URBANO,AVENIDA,URBANA,COMERCIAL,TRAMO RECTO,ASFALTADA
A-2022-07-177,P-2022-07-177-1-2,2022,2022-07-12,23:45,NOCHE (18-23),LIMA,SAN MARTIN DE PORRES,PEATÓN,FALLECIDO,EN EL CENTRO DE SALUD,,MASCULINO,77,VEHICULO NO IDENTIFICADO,ATROPELLO FUGA,URBANO,AVENIDA,URBANA,COMERCIAL,TRAMO RECTO,ASFALTADA
A-2022-07-176,P-2022-07-176-1-1,2022,2022-07-13,04:15,MADRUGADA (00-05),LIMA,SAN JUAN DE MIRAFLORES,CONDUCTOR,ILESO,,,MASCULINO,33,CAMIÓN,CHOQUE,URBANO,AVENIDA,URBANA,COMERCIAL,TRAMO RECTO,ASFALTADA
A-2022-07-176,P-2022-07-176-2-1,2022,2022-07-13,04:15,MADRUGADA (00-05),LIMA,SAN JUAN DE MIRAFLORES,CONDUCTOR,FALLECIDO,EN EL LUGAR DE LOS HECHOS,,MASCULINO,62,TRIMOTO PASAJERO,CHOQUE,URBANO,AVENIDA,URBANA,COMERCIAL,TRAMO RECTO,ASFALTADA
A-2022-07-175,P-2022-07-175-1-1,2022,2022-07-13,17:39,TARDE (12-17),LIMA,CHORRILLOS,CONDUCTOR,ILESO,,,MASCULINO,27,CAMIÓN,CHOQUE FUGA,URBANO,AVENIDA,URBANA,COMERCIAL,TRAMO RECTO,ASFALTADA
A-2022-07-175,P-2022-07-175-2-1,2022,2022-07-13,17:39,TARDE (12-17),LIMA,CHORRILLOS,CONDUCTOR FUGADO,NO SE CONOCE,,,NO INDICA,,TRICICLO MOTORIZADO,CHOQUE FUGA,URBANO,AVENIDA,URBANA,COMERCIAL,TRAMO RECTO,ASFALTADA
A-2022-07-175,P-2022-07-175-2-2,2022,2022-07-13,17:39,TARDE (12-17),LIMA,CHORRILLOS,PASAJERO,FALLECIDO,EN EL LUGAR DE LOS HECHOS,,FEMENINO,67,TRICICLO MOTORIZADO,CHOQUE FUGA,URBANO,AVENIDA,URBANA,COMERCIAL,TRAMO RECTO,ASFALTADA
A-2022-07-172,P-2022-07-172-1-1,2022,2022-07-16,14:30,TARDE (12-17),LIMA,INDEPENDENCIA,CONDUCTOR,ILESO,,,MASCULINO,44,STATION WAGON,ATROPELLO,URBANO,CALLE,URBANA,RESIDENCIAL,TRAMO RECTO,TROCHA
A-2022-07-172,P-2022-07-172-1-2,2022,2022-07-16,14:30,TARDE (12-17),LIMA,INDEPENDENCIA,PEATÓN,FALLECIDO,EN EL CENTRO DE SALUD,,FEMENINO,1,STATION WAGON,ATROPELLO,URBANO,CALLE,URBANA,RESIDENCIAL,TRAMO RECTO,TROCHA
A-2022-07-173,P-2022-07-173-1-1,2022,2022-07-17,00:00,MADRUGADA (00-05),LIMA,RIMAC,CONDUCTOR,ILESO,,,MASCULINO,58,AUTOMÓVIL,ATROPELLO,NACIONAL,CARRETERA,URBANA,COMERCIAL,TRAMO RECTO,ASFALTADA
A-2022-07-173,P-2022-07-173-1-2,2022,2022-07-17,00:00,MADRUGADA (00-05),LIMA,RIMAC,PEATÓN,FALLECIDO,EN EL LUGAR DE LOS HECHOS,,NO INDICA,,AUTOMÓVIL,ATROPELLO,NACIONAL,CARRETERA,URBANA,COMERCIAL,TRAMO RECTO,ASFALTADA
A-2022-07-171,P-2022-07-171-1-1,2022,2022-07-18,04:30,MADRUGADA (00-05),LIMA,VILLA EL SALVADOR,CONDUCTOR FUGADO,NO SE CONOCE,,,NO INDICA,,VEHICULO NO IDENTIFICADO,ATROPELLO FUGA,NACIONAL,CARRETERA,URBANA,COMERCIAL,TRAMO RECTO,ASFALTADA
A-2022-07-171,P-2022-07-171-1-2,2022,2022-07-18,04:30,MADRUGADA (00-05),LIMA,VILLA EL SALVADOR,PEATÓN,FALLECIDO,EN EL LUGAR DE LOS HECHOS,,MASCULINO,,VEHICULO NO IDENTIFICADO,ATROPELLO FUGA,NACIONAL,CARRETERA,URBANA,COMERCIAL,TRAMO RECTO,ASFALTADA
A-2022-07-170,P-2022-07-170-1-1,2022,2022-07-19,20:00,NOCHE (18-23),LIMA,SANTA ANITA,CONDUCTOR FUGADO,NO SE CONOCE,,,NO INDICA,,VEHICULO NO IDENTIFICADO,ATROPELLO FUGA,URBANO,AVENIDA,URBANA,COMERCIAL,TRAMO RECTO,ASFALTADA
A-2022-07-170,P-2022-07-170-1-2,2022,2022-07-19,20:00,NOCHE (18-23),LIMA,SANTA ANITA,PEATÓN,FALLECIDO,EN EL LUGAR DE LOS HECHOS,,MASCULINO,,VEHICULO NO IDENTIFICADO,ATROPELLO FUGA,URBANO,AVENIDA,URBANA,COMERCIAL,TRAMO RECTO,ASFALTADA
A-2022-07-169,P-2022-07-169-1-1,2022,2022-07-20,11:30,MANANA (06-11),LIMA,SAN JUAN DE MIRAFLORES,CONDUCTOR,ILESO,,,MASCULINO,75,AUTOMÓVIL,ATROPELLO,URBANO,AVENIDA,URBANA,COMERCIAL,TRAMO RECTO,ASFALTADA
A-2022-07-169,P-2022-07-169-1-2,2022,2022-07-20,11:30,MANANA (06-11),LIMA,SAN JUAN DE MIRAFLORES,PEATÓN,FALLECIDO,EN EL LUGAR DE LOS HECHOS,,MASCULINO,87,AUTOMÓVIL,ATROPELLO,URBANO,AVENIDA,URBANA,COMERCIAL,TRAMO RECTO,ASFALTADA
A-2022-07-168,P-2022-07-168-1-1,2022,2022-07-23,16:00,TARDE (12-17),LIMA,CARABAYLLO,CONDUCTOR,FALLECIDO,EN EL CENTRO DE SALUD,,MASCULINO,21,MOTOCICLETA,DESPISTE,URBANO,AVENIDA,URBANA,RESIDENCIAL,TRAMO RECTO,ASFALTADA
A-2022-07-165,P-2022-07-165-1-1,2022,2022-07-24,17:00,TARDE (12-17),LIMA,SANTA ROSA,CONDUCTOR,FALLECIDO,EN EL LUGAR DE LOS HECHOS,,MASCULINO,52,CAMIONETA RURAL,DESPISTE,URBANO,AVENIDA,URBANA,RESIDENCIAL,TRAMO RECTO,ASFALTADA
A-2022-07-164,P-2022-07-164-1-1,2022,2022-07-24,20:00,NOCHE (18-23),LIMA,VILLA EL SALVADOR,CONDUCTOR,ILESO,,,MASCULINO,30,TRIMOTO PASAJERO,ATROPELLO,URBANO,AVENIDA,URBANA,COMERCIAL,INTERSECCIÓN,ASFALTADA
A-2022-07-164,P-2022-07-164-1-2,2022,2022-07-24,20:00,NOCHE (18-23),LIMA,VILLA EL SALVADOR,PEATÓN,FALLECIDO,EN EL LUGAR DE LOS HECHOS,,MASCULINO,50,TRIMOTO PASAJERO,ATROPELLO,URBANO,AVENIDA,URBANA,COMERCIAL,INTERSECCIÓN,ASFALTADA
A-2022-07-161,P-2022-07-161-1-1,2022,2022-07-26,14:05,TARDE (12-17),LIMA,SAN MARTIN DE PORRES,CONDUCTOR,NO SE CONOCE,,,MASCULINO,23,MOTOCICLETA,CHOQUE,URBANO,AVENIDA,URBANA,RESIDENCIAL,TRAMO RECTO,ASFALTADA
A-2022-07-161,P-2022-07-161-2-1,2022,2022-07-26,14:05,TARDE (12-17),LIMA,SAN MARTIN DE PORRES,CONDUCTOR,FALLECIDO,EN EL CENTRO DE SALUD,,MASCULINO,71,BICICLETA,CHOQUE,URBANO,AVENIDA,URBANA,RESIDENCIAL,TRAMO RECTO,ASFALTADA
A-2022-07-275,P-2022-07-275-1-1,2022,2022-07-27,11:50,MANANA (06-11),LIMA,LURIN,CONDUCTOR,FALLECIDO,EN EL LUGAR DE LOS HECHOS,,MASCULINO,33,MOTOCICLETA,CHOQUE,NACIONAL,CARRETERA,URBANA,INDUSTRIAL,TRAMO RECTO,ASFALTADA
A-2022-07-275,P-2022-07-275-2-1,2022,2022-07-27,11:50,MANANA (06-11),LIMA,LURIN,CONDUCTOR,ILESO,,,MASCULINO,36,CAMIÓN,CHOQUE,NACIONAL,CARRETERA,URBANA,INDUSTRIAL,TRAMO RECTO,ASFALTADA
A-2022-07-162,P-2022-07-162-1-1,2022,2022-07-27,22:30,NOCHE (18-23),LIMA,SAN MIGUEL,CONDUCTOR,NO SE CONOCE,,,NO INDICA,,VEHICULO NO IDENTIFICADO,ATROPELLO,URBANO,OTRO,URBANA,RESIDENCIAL,OTRO,ASFALTADA
A-2022-07-162,P-2022-07-162-1-2,2022,2022-07-27,22:30,NOCHE (18-23),LIMA,SAN MIGUEL,PEATÓN,FALLECIDO,EN EL CENTRO DE SALUD,,FEMENINO,49,VEHICULO NO IDENTIFICADO,ATROPELLO,URBANO,OTRO,URBANA,RESIDENCIAL,OTRO,ASFALTADA
A-2022-07-162,P-2022-07-162-2-1,2022,2022-07-27,22:30,NOCHE (18-23),LIMA,SAN MIGUEL,CONDUCTOR,LESIONADO,,CENTRO DE SALUD PÚBLICO,MASCULINO,39,MOTOCICLETA,ATROPELLO,URBANO,OTRO,URBANA,RESIDENCIAL,OTRO,ASFALTADA
A-2022-07-163,P-2022-07-163-1-1,2022,2022-07-28,16:20,TARDE (12-17),LIMA,RIMAC,CONDUCTOR FUGADO,NO SE CONOCE,,,NO INDICA,,VEHICULO NO IDENTIFICADO,ATROPELLO FUGA,NACIONAL,CARRETERA,URBANA,RESIDENCIAL,TRAMO RECTO,ASFALTADA
A-2022-07-163,P-2022-07-163-1-2,2022,2022-07-28,16:20,TARDE (12-17),LIMA,RIMAC,PEATÓN,FALLECIDO,EN EL CENTRO DE SALUD,,MASCULINO,22,VEHICULO NO IDENTIFICADO,ATROPELLO FUGA,NACIONAL,CARRETERA,URBANA,RESIDENCIAL,TRAMO RECTO,ASFALTADA
A-2022-07-160,P-2022-07-160-1-1,2022,2022-07-29,05:40,MADRUGADA (00-05),LIMA,CARABAYLLO,CONDUCTOR FUGADO,NO SE CONOCE,,,NO INDICA,,VEHICULO NO IDENTIFICADO,ATROPELLO FUGA,PROVINCIAL,CARRETERA,URBANA,ESCOLAR,TRAMO RECTO,ASFALTADA
A-2022-07-160,P-2022-07-160-1-2,2022,2022-07-29,05:40,MADRUGADA (00-05),LIMA,CARABAYLLO,PEATÓN,FALLECIDO,EN EL CENTRO DE SALUD,,MASCULINO,,VEHICULO NO IDENTIFICADO,ATROPELLO FUGA,PROVINCIAL,CARRETERA,URBANA,ESCOLAR,TRAMO RECTO,ASFALTADA
A-2022-07-276,P-2022-07-276-1-1,2022,2022-07-31,22:50,NOCHE (18-23),LIMA,LURIN,CONDUCTOR,FALLECIDO,EN EL LUGAR DE LOS HECHOS,,MASCULINO,31,AUTOMÓVIL,CHOQUE,NACIONAL,CARRETERA,URBANA,COMERCIAL,TRAMO RECTO,ASFALTADA
A-2022-07-276,P-2022-07-276-1-2,2022,2022-07-31,22:50,NOCHE (18-23),LIMA,LURIN,PASAJERO,FALLECIDO,EN EL LUGAR DE LOS HECHOS,,FEMENINO,22,AUTOMÓVIL,CHOQUE,NACIONAL,CARRETERA,URBANA,COMERCIAL,TRAMO RECTO,ASFALTADA
A-2022-07-276,P-2022-07-276-1-3,2022,2022-07-31,22:50,NOCHE (18-23),LIMA,LURIN,PASAJERO,LESIONADO,,CENTRO DE SALUD PÚBLICO,MASCULINO,34,AUTOMÓVIL,CHOQUE,NACIONAL,CARRETERA,URBANA,COMERCIAL,TRAMO RECTO,ASFALTADA
A-2022-07-276,P-2022-07-276-1-4,2022,2022-07-31,22:50,NOCHE (18-23),LIMA,LURIN,PASAJERO,LESIONADO,,CENTRO DE SALUD PÚBLICO,FEMENINO,51,AUTOMÓVIL,CHOQUE,NACIONAL,CARRETERA,URBANA,COMERCIAL,TRAMO RECTO,ASFALTADA
A-2022-07-276,P-2022-07-276-1-5,2022,2022-07-31,22:50,NOCHE (18-23),LIMA,LURIN,PASAJERO,LESIONADO,,CENTRO DE SALUD PÚBLICO,FEMENINO,11,AUTOMÓVIL,CHOQUE,NACIONAL,CARRETERA,URBANA,COMERCIAL,TRAMO RECTO,ASFALTADA
A-2022-07-276,P-2022-07-276-1-6,2022,2022-07-31,22:50,NOCHE (18-23),LIMA,LURIN,PASAJERO,LESIONADO,,CENTRO DE SALUD PÚBLICO,FEMENINO,13,AUTOMÓVIL,CHOQUE,NACIONAL,CARRETERA,URBANA,COMERCIAL,TRAMO RECTO,ASFALTADA
A-2022-07-276,P-2022-07-276-1-7,2022,2022-07-31,22:50,NOCHE (18-23),LIMA,LURIN,PASAJERO,LESIONADO,,CENTRO DE SALUD PÚBLICO,FEMENINO,24,AUTOMÓVIL,CHOQUE,NACIONAL,CARRETERA,URBANA,COMERCIAL,TRAMO RECTO,ASFALTADA
A-2022-07-276,P-2022-07-276-1-8,2022,2022-07-31,22:50,NOCHE (18-23),LIMA,LURIN,PASAJERO,LESIONADO,,CENTRO DE SALUD PÚBLICO,FEMENINO,25,AUTOMÓVIL,CHOQUE,NACIONAL,CARRETERA,URBANA,COMERCIAL,TRAMO RECTO,ASFALTADA
A-2022-07-276,P-2022-07-276-2-1,2022,2022-07-31,22:50,NOCHE (18-23),LIMA,LURIN,CONDUCTOR,ILESO,,,MASCULINO,35,REMOLCADOR-SEMIREMOLQUE,CHOQUE,NACIONAL,CARRETERA,URBANA,COMERCIAL,TRAMO RECTO,ASFALTADA
A-2022-08-1,P-2022-08-1-1-1,2022,2022-08-02,06:35,MANANA (06-11),CALLAO,CALLAO,CONDUCTOR,ILESO,,,MASCULINO,29,REMOLCADOR-SEMIREMOLQUE,CHOQUE,URBANO,AVENIDA,URBANA,INDUSTRIAL,TRAMO RECTO,ASFALTADA
A-2022-08-1,P-2022-08-1-2-1,2022,2022-08-02,06:35,MANANA (06-11),CALLAO,CALLAO,CONDUCTOR,FALLECIDO,EN EL LUGAR DE LOS HECHOS,,MASCULINO,73,CAMIÓN,CHOQUE,URBANO,AVENIDA,URBANA,INDUSTRIAL,TRAMO RECTO,ASFALTADA
A-2022-08-170,P-2022-08-170-1-1,2022,2022-08-04,15:00,TARDE (12-17),LIMA,LA VICTORIA,CONDUCTOR,ILESO,,,MASCULINO,43,ÓMNIBUS,ATROPELLO,URBANO,AVENIDA,URBANA,COMERCIAL,INTERSECCIÓN,ASFALTADA
A-2022-08-170,P-2022-08-170-1-2,2022,2022-08-04,15:00,TARDE (12-17),LIMA,LA VICTORIA,PEATÓN,FALLECIDO,EN EL LUGAR DE LOS HECHOS,,MASCULINO,90,ÓMNIBUS,ATROPELLO,URBANO,AVENIDA,URBANA,COMERCIAL,INTERSECCIÓN,ASFALTADA
A-2022-08-2,P-2022-08-2-1-1,2022,2022-08-04,23:00,NOCHE (18-23),CALLAO,VENTANILLA,CONDUCTOR,LESIONADO,,OTRO,MASCULINO,22,CAMIÓN,CAÍDA DE PASAJERO,NACIONAL,CARRETERA,URBANA,INDUSTRIAL,OTRO,CONCRETO
A-2022-08-2,P-2022-08-2-1-2,2022,2022-08-04,23:00,NOCHE (18-23),CALLAO,VENTANILLA,PASAJERO,FALLECIDO,EN EL CENTRO DE SALUD,,FEMENINO,58,CAMIÓN,CAÍDA DE PASAJERO,NACIONAL,CARRETERA,URBANA,INDUSTRIAL,OTRO,CONCRETO
A-2022-08-169,P-2022-08-169-1-1,2022,2022-08-05,18:50,NOCHE (18-23),LIMA,SANTA ANITA,CONDUCTOR,ILESO,,,MASCULINO,58,AUTOMÓVIL,CHOQUE,URBANO,AVENIDA,URBANA,COMERCIAL,INTERSECCIÓN,ASFALTADA
A-2022-08-169,P-2022-08-169-2-1,2022,2022-08-05,18:50,NOCHE (18-23),LIMA,SANTA ANITA,CONDUCTOR,FALLECIDO,EN EL LUGAR DE LOS HECHOS,,MASCULINO,54,TRIMOTO PASAJERO,CHOQUE,URBANO,AVENIDA,URBANA,COMERCIAL,INTERSECCIÓN,ASFALTADA
A-2022-08-168,P-2022-08-168-1-1,2022,2022-08-07,22:50,NOCHE (18-23),LIMA,CHACLACAYO,CONDUCTOR,ILESO,,,MASCULINO,46,STATION WAGON,ATROPELLO,NACIONAL,CARRETERA,URBANA,COMERCIAL,TRAMO RECTO,ASFALTADA
A-2022-08-168,P-2022-08-168-1-2,2022,2022-08-07,22:50,NOCHE (18-23),LIMA,CHACLACAYO,PEATÓN,FALLECIDO,EN EL LUGAR DE LOS HECHOS,,MASCULINO,20,STATION WAGON,ATROPELLO,NACIONAL,CARRETERA,URBANA,COMERCIAL,TRAMO RECTO,ASFALTADA
A-2022-08-167,P-2022-08-167-1-1,2022,2022-08-08,08:30,MANANA (06-11),LIMA,ANCON,CONDUCTOR,ILESO,,,MASCULINO,30,AUTOMÓVIL,DESPISTE,NACIONAL,CARRETERA,RURAL,RURAL,TRAMO RECTO,ASFALTADA
A-2022-08-167,P-2022-08-167-1-2,2022,2022-08-08,08:30,MANANA (06-11),LIMA,ANCON,PASAJERO,FALLECIDO,EN EL LUGAR DE LOS HECHOS,,FEMENINO,79,AUTOMÓVIL,DESPISTE,NACIONAL,CARRETERA,RURAL,RURAL,TRAMO RECTO,ASFALTADA
A-2022-08-102,P-2022-08-102-1-1,2022,2022-08-09,06:15,MANANA (06-11),CALLAO,CALLAO,CONDUCTOR,ILESO,,,MASCULINO,39,REMOLCADOR-SEMIREMOLQUE,ATROPELLO,NACIONAL,CARRETERA,URBANA,INDUSTRIAL,TRAMO RECTO,ASFALTADA
A-2022-08-102,P-2022-08-102-1-2,2022,2022-08-09,06:15,MANANA (06-11),CALLAO,CALLAO,PEATÓN,FALLECIDO,EN EL LUGAR DE LOS HECHOS,,FEMENINO,35,REMOLCADOR-SEMIREMOLQUE,ATROPELLO,NACIONAL,CARRETERA,URBANA,INDUSTRIAL,TRAMO RECTO,ASFALTADA
A-2022-08-165,P-2022-08-165-1-1,2022,2022-08-10,06:45,MANANA (06-11),LIMA,SAN JUAN DE LURIGANCHO,CONDUCTOR,ILESO,,,MASCULINO,41,MINIBUS,ATROPELLO,URBANO,AVENIDA,URBANA,COMERCIAL,TRAMO RECTO,ASFALTADA
A-2022-08-165,P-2022-08-165-1-2,2022,2022-08-10,06:45,MANANA (06-11),LIMA,SAN JUAN DE LURIGANCHO,PEATÓN,FALLECIDO,EN EL CENTRO DE SALUD,,FEMENINO,44,MINIBUS,ATROPELLO,URBANO,AVENIDA,URBANA,COMERCIAL,TRAMO RECTO,ASFALTADA
A-2022-08-166,P-2022-08-166-1-1,2022,2022-08-10,07:30,MANANA (06-11),LIMA,PUNTA HERMOSA,CONDUCTOR,ILESO,,,MASCULINO,38,CAMIÓN,CHOQUE,URBANO,AVENIDA,RURAL,RURAL,TRAMO RECTO,TROCHA
A-2022-08-166,P-2022-08-166-2-1,2022,2022-08-10,07:30,MANANA (06-11),LIMA,PUNTA HERMOSA,CONDUCTOR,ILESO,,,MASCULINO,33,TRIMOTO PASAJERO,CHOQUE,URBANO,AVENIDA,RURAL,RURAL,TRAMO RECTO,TROCHA
A-2022-08-166,P-2022-08-166-2-2,2022,2022-08-10,07:30,MANANA (06-11),LIMA,PUNTA HERMOSA,PASAJERO,FALLECIDO,EN EL LUGAR DE LOS HECHOS,,FEMENINO,46,TRIMOTO PASAJERO,CHOQUE,URBANO,AVENIDA,RURAL,RURAL,TRAMO RECTO,TROCHA
A-2022-08-166,P-2022-08-166-2-3,2022,2022-08-10,07:30,MANANA (06-11),LIMA,PUNTA HERMOSA,PASAJERO,FALLECIDO,EN EL LUGAR DE LOS HECHOS,,FEMENINO,14,TRIMOTO PASAJERO,CHOQUE,URBANO,AVENIDA,RURAL,RURAL,TRAMO RECTO,TROCHA
A-2022-08-163,P-2022-08-163-1-1,2022,2022-08-11,00:05,MADRUGADA (00-05),LIMA,LOS OLIVOS,CONDUCTOR FUGADO,NO SE CONOCE,,,NO INDICA,,VEHICULO NO IDENTIFICADO,ATROPELLO FUGA,URBANO,AVENIDA,URBANA,COMERCIAL,TRAMO RECTO,ASFALTADA
A-2022-08-163,P-2022-08-163-1-2,2022,2022-08-11,00:05,MADRUGADA (00-05),LIMA,LOS OLIVOS,PEATÓN,FALLECIDO,EN EL CENTRO DE SALUD,,MASCULINO,66,VEHICULO NO IDENTIFICADO,ATROPELLO FUGA,URBANO,AVENIDA,URBANA,COMERCIAL,TRAMO RECTO,ASFALTADA
A-2022-08-164,P-2022-08-164-1-1,2022,2022-08-11,04:30,MADRUGADA (00-05),LIMA,CHORRILLOS,CONDUCTOR,ILESO,,,MASCULINO,28,AUTOMÓVIL,CHOQUE,URBANO,AVENIDA,URBANA,COMERCIAL,INTERSECCIÓN,ASFALTADA
A-2022-08-164,P-2022-08-164-2-1,2022,2022-08-11,04:30,MADRUGADA (00-05),LIMA,CHORRILLOS,CONDUCTOR,FALLECIDO,EN EL LUGAR DE LOS HECHOS,,MASCULINO,23,MOTOCICLETA,CHOQUE,URBANO,AVENIDA,URBANA,COMERCIAL,INTERSECCIÓN,ASFALTADA
A-2022-08-164,P-2022-08-164-2-2,2022,2022-08-11,04:30,MADRUGADA (00-05),LIMA,CHORRILLOS,PASAJERO,LESIONADO,,CENTRO DE SALUD PÚBLICO,MASCULINO,23,MOTOCICLETA,CHOQUE,URBANO,AVENIDA,URBANA,COMERCIAL,INTERSECCIÓN,ASFALTADA
A-2022-08-162,P-2022-08-162-1-1,2022,2022-08-12,19:20,NOCHE (18-23),LIMA,SAN JUAN DE LURIGANCHO,CONDUCTOR FUGADO,NO SE CONOCE,,,NO INDICA,,VEHICULO NO IDENTIFICADO,CHOQUE FUGA,URBANO,JIRÓN,URBANA,RESIDENCIAL,INTERSECCIÓN,ASFALTADA
A-2022-08-162,P-2022-08-162-2-1,2022,2022-08-12,19:20,NOCHE (18-23),LIMA,SAN JUAN DE LURIGANCHO,CONDUCTOR,FALLECIDO,EN EL LUGAR DE LOS HECHOS,,MASCULINO,33,MOTOCICLETA,CHOQUE FUGA,URBANO,JIRÓN,URBANA,RESIDENCIAL,INTERSECCIÓN,ASFALTADA
A-2022-08-160,P-2022-08-160-1-1,2022,2022-08-13,17:15,TARDE (12-17),LIMA,SANTA ANITA,CONDUCTOR,ILESO,,,MASCULINO,30,ÓMNIBUS,ATROPELLO,DEPARTAMENTAL,CARRETERA,URBANA,COMERCIAL,INTERSECCIÓN,ASFALTADA
A-2022-08-160,P-2022-08-160-1-2,2022,2022-08-13,17:15,TARDE (12-17),LIMA,SANTA ANITA,PEATÓN,FALLECIDO,EN EL LUGAR DE LOS HECHOS,,MASCULINO,72,ÓMNIBUS,ATROPELLO,DEPARTAMENTAL,CARRETERA,URBANA,COMERCIAL,INTERSECCIÓN,ASFALTADA
A-2022-08-155,P-2022-08-155-1-1,2022,2022-08-13,18:00,NOCHE (18-23),LIMA,CARABAYLLO,CONDUCTOR,LESIONADO,,CENTRO DE SALUD PÚBLICO,MASCULINO,54,AUTOMÓVIL,CHOQUE,URBANO,AVENIDA,URBANA,RESIDENCIAL,TRAMO RECTO,ASFALTADA
A-2022-08-155,P-2022-08-155-2-1,2022,2022-08-13,18:00,NOCHE (18-23),LIMA,CARABAYLLO,CONDUCTOR,LESIONADO,,CENTRO DE SALUD PÚBLICO,MASCULINO,28,AUTOMÓVIL,CHOQUE,URBANO,AVENIDA,URBANA,RESIDENCIAL,TRAMO RECTO,ASFALTADA
A-2022-08-155,P-2022-08-155-2-2,2022,2022-08-13,18:00,NOCHE (18-23),LIMA,CARABAYLLO,PASAJERO,FALLECIDO,EN EL CENTRO DE SALUD,,FEMENINO,58,AUTOMÓVIL,CHOQUE,URBANO,AVENIDA,URBANA,RESIDENCIAL,TRAMO RECTO,ASFALTADA
A-2022-08-155,P-2022-08-155-2-3,2022,2022-08-13,18:00,NOCHE (18-23),LIMA,CARABAYLLO,PASAJERO,LESIONADO,,CENTRO DE SALUD PÚBLICO,FEMENINO,26,AUTOMÓVIL,CHOQUE,URBANO,AVENIDA,URBANA,RESIDENCIAL,TRAMO RECTO,ASFALTADA
A-2022-08-158,P-2022-08-158-1-1,2022,2022-08-14,05:30,MADRUGADA (00-05),LIMA,VILLA EL SALVADOR,CONDUCTOR,ILESO,,,MASCULINO,29,AUTOMÓVIL,ATROPELLO,NACIONAL,CARRETERA,URBANA,INDUSTRIAL,TRAMO RECTO,ASFALTADA
A-2022-08-158,P-2022-08-158-1-2,2022,2022-08-14,05:30,MADRUGADA (00-05),LIMA,VILLA EL SALVADOR,PEATÓN,FALLECIDO,EN EL LUGAR DE LOS HECHOS,,FEMENINO,19,AUTOMÓVIL,ATROPELLO,NACIONAL,CARRETERA,URBANA,INDUSTRIAL,TRAMO RECTO,ASFALTADA
A-2022-08-161,P-2022-08-161-1-1,2022,2022-08-14,05:20,MADRUGADA (00-05),LIMA,CARABAYLLO,SIN CONDUCTOR,NO SE CONOCE,,,MASCULINO,,AUTOMÓVIL,DESPISTE,URBANO,AVENIDA,URBANA,RESIDENCIAL,TRAMO RECTO,ASFALTADA
A-2022-08-161,P-2022-08-161-1-2,2022,2022-08-14,05:20,MADRUGADA (00-05),LIMA,CARABAYLLO,PASAJERO,FALLECIDO,EN EL LUGAR DE LOS HECHOS,,MASCULINO,20,AUTOMÓVIL,DESPISTE,URBANO,AVENIDA,URBANA,RESIDENCIAL,TRAMO RECTO,ASFALTADA
A-2022-08-161,P-2022-08-161-1-3,2022,2022-08-14,05:20,MADRUGADA (00-05),LIMA,CARABAYLLO,PASAJERO,LESIONADO,,CENTRO DE SALUD PÚBLICO,MASCULINO,46,AUTOMÓVIL,DESPISTE,URBANO,AVENIDA,URBANA,RESIDENCIAL,TRAMO RECTO,ASFALTADA
A-2022-08-161,P-2022-08-161-2-1,2022,2022-08-14,05:20,MADRUGADA (00-05),LIMA,CARABAYLLO,CONDUCTOR,ILESO,,,MASCULINO,47,CAMIÓN,DESPISTE,URBANO,AVENIDA,URBANA,RESIDENCIAL,TRAMO RECTO,ASFALTADA
A-2022-08-157,P-2022-08-157-1-1,2022,2022-08-14,10:30,MANANA (06-11),LIMA,COMAS,CONDUCTOR FUGADO,NO SE CONOCE,,,NO INDICA,,TRIMOTO PASAJERO,VOLCADURA,URBANO,AVENIDA,URBANA,COMERCIAL,TRAMO RECTO,ASFALTADA
A-2022-08-157,P-2022-08-157-1-2,2022,2022-08-14,10:30,MANANA (06-11),LIMA,COMAS,PASAJERO,FALLECIDO,EN EL LUGAR DE LOS HECHOS,,MASCULINO,,TRIMOTO PASAJERO,VOLCADURA,URBANO,AVENIDA,URBANA,COMERCIAL,TRAMO RECTO,ASFALTADA
A-2022-08-159,P-2022-08-159-1-1,2022,2022-08-14,22:20,NOCHE (18-23),LIMA,VILLA MARIA DEL TRIUNFO,CONDUCTOR,FALLECIDO,EN EL LUGAR DE LOS HECHOS,,MASCULINO,29,MOTOCICLETA,DESPISTE,URBANO,AVENIDA,URBANA,RESIDENCIAL,TRAMO RECTO,ASFALTADA
A-2022-08-156,P-2022-08-156-1-1,2022,2022-08-15,00:20,MADRUGADA (00-05),LIMA,MAGDALENA DEL MAR,CONDUCTOR,FALLECIDO,EN EL CENTRO DE SALUD,,MASCULINO,,MOTOCICLETA,DESPISTE,URBANO,OTRO,URBANA,COMERCIAL,TRAMO RECTO,ASFALTADA
A-2022-08-156,P-2022-08-156-1-2,2022,2022-08-15,00:20,MADRUGADA (00-05),LIMA,MAGDALENA DEL MAR,PASAJERO,LESIONADO,,CENTRO DE SALUD PRIVADO,FEMENINO,,MOTOCICLETA,DESPISTE,URBANO,OTRO,URBANA,COMERCIAL,TRAMO RECTO,ASFALTADA
A-2022-08-154,P-2022-08-154-1-1,2022,2022-08-17,06:40,MANANA (06-11),LIMA,VILLA MARIA DEL TRIUNFO,CONDUCTOR,ILESO,,,MASCULINO,38,MINIBUS,CHOQUE,URBANO,AVENIDA,URBANA,COMERCIAL,INTERSECCIÓN,ASFALTADA
A-2022-08-154,P-2022-08-154-2-1,2022,2022-08-17,06:40,MANANA (06-11),LIMA,VILLA MARIA DEL TRIUNFO,CONDUCTOR,FALLECIDO,EN EL LUGAR DE LOS HECHOS,,MASCULINO,25,TRIMOTO PASAJERO,CHOQUE,URBANO,AVENIDA,URBANA,COMERCIAL,INTERSECCIÓN,ASFALTADA
A-2022-08-154,P-2022-08-154-2-2,2022,2022-08-17,06:40,MANANA (06-11),LIMA,VILLA MARIA DEL TRIUNFO,PASAJERO,FALLECIDO,EN EL LUGAR DE LOS HECHOS,,NO INDICA,,TRIMOTO PASAJERO,CHOQUE,URBANO,AVENIDA,URBANA,COMERCIAL,INTERSECCIÓN,ASFALTADA
A-2022-08-153,P-2022-08-153-1-1,2022,2022-08-19,03:40,MADRUGADA (00-05),LIMA,LOS OLIVOS,CONDUCTOR,ILESO,,,MASCULINO,51,ÓMNIBUS,CHOQUE,URBANO,AVENIDA,URBANA,COMERCIAL,TRAMO RECTO,ASFALTADA
A-2022-08-153,P-2022-08-153-2-1,2022,2022-08-19,03:40,MADRUGADA (00-05),LIMA,LOS OLIVOS,CONDUCTOR,NO SE CONOCE,,,MASCULINO,26,MOTOCICLETA,CHOQUE,URBANO,AVENIDA,URBANA,COMERCIAL,TRAMO RECTO,ASFALTADA
A-2022-08-153,P-2022-08-153-2-2,2022,2022-08-19,03:40,MADRUGADA (00-05),LIMA,LOS OLIVOS,PASAJERO,FALLECIDO,EN EL LUGAR DE LOS HECHOS,,FEMENINO,23,MOTOCICLETA,CHOQUE,URBANO,AVENIDA,URBANA,COMERCIAL,TRAMO RECTO,ASFALTADA
A-2022-08-150,P-2022-08-150-1-1,2022,2022-08-19,15:50,TARDE (12-17),LIMA,ATE,CONDUCTOR,ILESO,,,MASCULINO,35,CAMIÓN,CAÍDA DE PASAJERO,URBANO,CALLE,URBANA,COMERCIAL,TRAMO RECTO,ASFALTADA
A-2022-08-150,P-2022-08-150-1-2,2022,2022-08-19,15:50,TARDE (12-17),LIMA,ATE,PASAJERO,FALLECIDO,EN EL LUGAR DE LOS HECHOS,,MASCULINO,27,CAMIÓN,CAÍDA DE PASAJERO,URBANO,CALLE,URBANA,COMERCIAL,TRAMO RECTO,ASFALTADA
A-2022-08-151,P-2022-08-151-1-1,2022,2022-08-20,18:20,NOCHE (18-23),LIMA,SAN JUAN DE LURIGANCHO,CONDUCTOR,FALLECIDO,EN EL LUGAR DE LOS HECHOS,,MASCULINO,32,MOTOCICLETA,DESPISTE,URBANO,AVENIDA,URBANA,RESIDENCIAL,TRAMO RECTO,ASFALTADA
A-2022-08-152,P-2022-08-152-1-1,2022,2022-08-21,18:00,NOCHE (18-23),LIMA,LOS OLIVOS,CONDUCTOR FUGADO,NO SE CONOCE,,,NO INDICA,,VEHICULO NO IDENTIFICADO,ATROPELLO FUGA,URBANO,AVENIDA,URBANA,RESIDENCIAL,TRAMO RECTO,ASFALTADA
A-2022-08-152,P-2022-08-152-1-2,2022,2022-08-21,18:00,NOCHE (18-23),LIMA,LOS OLIVOS,PEATÓN,FALLECIDO,EN EL LUGAR DE LOS HECHOS,,MASCULINO,81,VEHICULO NO IDENTIFICADO,ATROPELLO FUGA,URBANO,AVENIDA,URBANA,RESIDENCIAL,TRAMO RECTO,ASFALTADA
A-2022-08-212,P-2022-08-212-1-1,2022,2022-08-23,08:00,MANANA (06-11),CALLAO,VENTANILLA,CONDUCTOR,FALLECIDO,EN EL LUGAR DE LOS HECHOS,,MASCULINO,35,MOTOCICLETA,VOLCADURA,URBANO,AVENIDA,URBANA,INDUSTRIAL,TRAMO RECTO,ASFALTADA
A-2022-08-149,P-2022-08-149-1-1,2022,2022-08-23,13:10,TARDE (12-17),LIMA,EL AGUSTINO,CONDUCTOR,FALLECIDO,EN EL LUGAR DE LOS HECHOS,,MASCULINO,20,MOTOCICLETA,CHOQUE,NACIONAL,CARRETERA,URBANA,COMERCIAL,TRAMO RECTO,ASFALTADA
A-2022-08-149,P-2022-08-149-2-1,2022,2022-08-23,13:10,TARDE (12-17),LIMA,EL AGUSTINO,CONDUCTOR FUGADO,NO SE CONOCE,,,NO INDICA,,VEHICULO NO IDENTIFICADO,CHOQUE,NACIONAL,CARRETERA,URBANA,COMERCIAL,TRAMO RECTO,ASFALTADA
A-2022-08-148,P-2022-08-148-1-1,2022,2022-08-25,09:45,MANANA (06-11),LIMA,ATE,CONDUCTOR,ILESO,,,MASCULINO,39,ÓMNIBUS,ATROPELLO,NACIONAL,CARRETERA,URBANA,COMERCIAL,TRAMO RECTO,ASFALTADA
A-2022-08-148,P-2022-08-148-1-2,2022,2022-08-25,09:45,MANANA (06-11),LIMA,ATE,PEATÓN,FALLECIDO,EN EL CENTRO DE SALUD,,FEMENINO,60,ÓMNIBUS,ATROPELLO,NACIONAL,CARRETERA,URBANA,COMERCIAL,TRAMO RECTO,ASFALTADA
A-2022-08-274,P-2022-08-274-1-1,2022,2022-08-26,04:25,MADRUGADA (00-05),LIMA,SAN MARTIN DE PORRES,CONDUCTOR,ILESO,,,MASCULINO,32,AUTOMÓVIL,CHOQUE,URBANO,AVENIDA,URBANA,COMERCIAL,CURVA,ASFALTADA
A-2022-08-274,P-2022-08-274-2-1,2022,2022-08-26,04:25,MADRUGADA (00-05),LIMA,SAN MARTIN DE PORRES,CONDUCTOR,FALLECIDO,EN EL CENTRO DE SALUD,,FEMENINO,49,TRICICLO NO MOTORIZADO,CHOQUE,URBANO,AVENIDA,URBANA,COMERCIAL,CURVA,ASFALTADA
A-2022-08-147,P-2022-08-147-1-1,2022,2022-08-26,18:40,NOCHE (18-23),LIMA,ANCON,CONDUCTOR FUGADO,ILESO,,,MASCULINO,64,AUTOMÓVIL,ATROPELLO FUGA,NACIONAL,CARRETERA,URBANA,COMERCIAL,TRAMO RECTO,ASFALTADA
A-2022-08-147,P-2022-08-147-1-2,2022,2022-08-26,18:40,NOCHE (18-23),LIMA,ANCON,PEATÓN,FALLECIDO,EN EL LUGAR DE LOS HECHOS,,FEMENINO,81,AUTOMÓVIL,ATROPELLO FUGA,NACIONAL,CARRETERA,URBANA,COMERCIAL,TRAMO RECTO,ASFALTADA
A-2022-08-146,P-2022-08-146-1-1,2022,2022-08-26,21:20,NOCHE (18-23),LIMA,VILLA EL SALVADOR,CONDUCTOR,ILESO,,,MASCULINO,43,CAMIONETA RURAL,ATROPELLO,URBANO,AVENIDA,URBANA,COMERCIAL,TRAMO RECTO,ASFALTADA
A-2022-08-146,P-2022-08-146-1-2,2022,2022-08-26,21:20,NOCHE (18-23),LIMA,VILLA EL SALVADOR,PEATÓN,FALLECIDO,EN EL LUGAR DE LOS HECHOS,,MASCULINO,,CAMIONETA RURAL,ATROPELLO,URBANO,AVENIDA,URBANA,COMERCIAL,TRAMO RECTO,ASFALTADA
A-2022-08-145,P-2022-08-145-1-1,2022,2022-08-27,06:30,MANANA (06-11),LIMA,COMAS,CONDUCTOR FUGADO,NO SE CONOCE,,,NO INDICA,,VEHICULO NO IDENTIFICADO,ATROPELLO FUGA,URBANO,AVENIDA,URBANA,COMERCIAL,TRAMO RECTO,ASFALTADA
A-2022-08-145,P-2022-08-145-1-2,2022,2022-08-27,06:30,MANANA (06-11),LIMA,COMAS,PEATÓN,FALLECIDO,EN EL LUGAR DE LOS HECHOS,,FEMENINO,45,VEHICULO NO IDENTIFICADO,ATROPELLO FUGA,URBANO,AVENIDA,URBANA,COMERCIAL,TRAMO RECTO,ASFALTADA
A-2022-08-144,P-2022-08-144-1-1,2022,2022-08-27,07:45,MANANA (06-11),LIMA,SANTIAGO DE SURCO,CONDUCTOR,FALLECIDO,EN EL LUGAR DE LOS HECHOS,,MASCULINO,28,MOTOCICLETA,CHOQUE,NACIONAL,CARRETERA,URBANA,COMERCIAL,TRAMO RECTO,ASFALTADA
A-2022-08-144,P-2022-08-144-2-1,2022,2022-08-27,07:45,MANANA (06-11),LIMA,SANTIAGO DE SURCO,CONDUCTOR,ILESO,,,MASCULINO,35,STATION WAGON,CHOQUE,NACIONAL,CARRETERA,URBANA,COMERCIAL,TRAMO RECTO,ASFALTADA
A-2022-08-144,P-2022-08-144-3-1,2022,2022-08-27,07:45,MANANA (06-11),LIMA,SANTIAGO DE SURCO,CONDUCTOR,ILESO,,,MASCULINO,47,STATION WAGON,CHOQUE,NACIONAL,CARRETERA,URBANA,COMERCIAL,TRAMO RECTO,ASFALTADA
A-2022-08-144,P-2022-08-144-4-1,2022,2022-08-27,07:45,MANANA (06-11),LIMA,SANTIAGO DE SURCO,CONDUCTOR,ILESO,,,MASCULINO,24,REMOLCADOR,CHOQUE,NACIONAL,CARRETERA,URBANA,COMERCIAL,TRAMO RECTO,ASFALTADA
A-2022-08-143,P-2022-08-143-1-1,2022,2022-08-28,06:20,MANANA (06-11),LIMA,LURIN,CONDUCTOR,ILESO,,,MASCULINO,39,ÓMNIBUS,CHOQUE,PROVINCIAL,CARRETERA,URBANA,COMERCIAL,TRAMO RECTO,ASFALTADA
A-2022-08-143,P-2022-08-143-2-1,2022,2022-08-28,06:20,MANANA (06-11),LIMA,LURIN,CONDUCTOR,FALLECIDO,EN EL LUGAR DE LOS HECHOS,,MASCULINO,47,MOTOCICLETA,CHOQUE,PROVINCIAL,CARRETERA,URBANA,COMERCIAL,TRAMO RECTO,ASFALTADA
A-2022-08-141,P-2022-08-141-1-1,2022,2022-08-29,05:20,MADRUGADA (00-05),LIMA,PUENTE PIEDRA,CONDUCTOR,ILESO,,,MASCULINO,41,CAMIONETA PICK UP,ATROPELLO,NACIONAL,CARRETERA,URBANA,COMERCIAL,TRAMO RECTO,ASFALTADA
A-2022-08-141,P-2022-08-141-1-2,2022,2022-08-29,05:20,MADRUGADA (00-05),LIMA,PUENTE PIEDRA,PEATÓN,FALLECIDO,EN EL CENTRO DE SALUD,,MASCULINO,29,CAMIONETA PICK UP,ATROPELLO,NACIONAL,CARRETERA,URBANA,COMERCIAL,TRAMO RECTO,ASFALTADA
A-2022-08-142,P-2022-08-142-1-1,2022,2022-08-29,15:40,TARDE (12-17),LIMA,SAN JUAN DE LURIGANCHO,CONDUCTOR,ILESO,,,MASCULINO,43,CAMIÓN,ATROPELLO,URBANO,AVENIDA,URBANA,RESIDENCIAL,TRAMO RECTO,ASFALTADA
A-2022-08-142,P-2022-08-142-1-2,2022,2022-08-29,15:40,TARDE (12-17),LIMA,SAN JUAN DE LURIGANCHO,PEATÓN,FALLECIDO,EN EL LUGAR DE LOS HECHOS,,FEMENINO,64,CAMIÓN,ATROPELLO,URBANO,AVENIDA,URBANA,RESIDENCIAL,TRAMO RECTO,ASFALTADA
A-2022-08-139,P-2022-08-139-1-1,2022,2022-08-30,21:30,NOCHE (18-23),LIMA,LOS OLIVOS,CONDUCTOR,ILESO,,,MASCULINO,27,MOTOCICLETA,ATROPELLO,NACIONAL,CARRETERA,URBANA,COMERCIAL,TRAMO RECTO,ASFALTADA
A-2022-08-139,P-2022-08-139-1-2,2022,2022-08-30,21:30,NOCHE (18-23),LIMA,LOS OLIVOS,PEATÓN,FALLECIDO,EN EL CENTRO DE SALUD,,MASCULINO,44,MOTOCICLETA,ATROPELLO,NACIONAL,CARRETERA,URBANA,COMERCIAL,TRAMO RECTO,ASFALTADA
A-2022-08-140,P-2022-08-140-1-1,2022,2022-08-30,23:40,NOCHE (18-23),LIMA,PUENTE PIEDRA,CONDUCTOR,ILESO,,,MASCULINO,42,CAMIONETA RURAL,ATROPELLO,NACIONAL,CARRETERA,URBANA,COMERCIAL,SINUOSA,ASFALTADA
A-2022-08-140,P-2022-08-140-1-2,2022,2022-08-30,23:40,NOCHE (18-23),LIMA,PUENTE PIEDRA,PEATÓN,FALLECIDO,EN EL CENTRO DE SALUD,,MASCULINO,,CAMIONETA RURAL,ATROPELLO,NACIONAL,CARRETERA,URBANA,COMERCIAL,SINUOSA,ASFALTADA
A-2022-09-158,P-2022-09-158-1-1,2022,2022-09-02,01:45,MADRUGADA (00-05),LIMA,LIMA,CONDUCTOR,FALLECIDO,EN EL CENTRO DE SALUD,,MASCULINO,35,MOTOCICLETA,DESPISTE,URBANO,JIRÓN,URBANA,COMERCIAL,TRAMO RECTO,ASFALTADA
A-2022-09-157,P-2022-09-157-1-1,2022,2022-09-03,16:30,TARDE (12-17),LIMA,LA VICTORIA,CONDUCTOR,LESIONADO,,CENTRO DE SALUD PÚBLICO,MASCULINO,29,MOTOCICLETA,CHOQUE,URBANO,VIA EXPRESA,URBANA,COMERCIAL,TRAMO RECTO,ASFALTADA
A-2022-09-157,P-2022-09-157-1-2,2022,2022-09-03,16:30,TARDE (12-17),LIMA,LA VICTORIA,PASAJERO,FALLECIDO,EN EL CENTRO DE SALUD,,FEMENINO,30,MOTOCICLETA,CHOQUE,URBANO,VIA EXPRESA,URBANA,COMERCIAL,TRAMO RECTO,ASFALTADA
A-2022-09-157,P-2022-09-157-2-1,2022,2022-09-03,16:30,TARDE (12-17),LIMA,LA VICTORIA,CONDUCTOR,ILESO,,,MASCULINO,46,MINIBUS,CHOQUE,URBANO,VIA EXPRESA,URBANA,COMERCIAL,TRAMO RECTO,ASFALTADA
A-2022-09-155,P-2022-09-155-1-1,2022,2022-09-04,02:00,MADRUGADA (00-05),LIMA,LA VICTORIA,CONDUCTOR,ILESO,,,MASCULINO,50,CAMIÓN,CHOQUE,URBANO,AVENIDA,URBANA,COMERCIAL,INTERSECCIÓN,ASFALTADA
A-2022-09-155,P-2022-09-155-2-1,2022,2022-09-04,02:00,MADRUGADA (00-05),LIMA,LA VICTORIA,CONDUCTOR,FALLECIDO,EN EL CENTRO DE SALUD,,NO INDICA,,TRIMOTO PASAJERO,CHOQUE,URBANO,AVENIDA,URBANA,COMERCIAL,INTERSECCIÓN,ASFALTADA
A-2022-09-156,P-2022-09-156-1-1,2022,2022-09-04,02:10,MADRUGADA (00-05),LIMA,PUNTA HERMOSA,CONDUCTOR FUGADO,NO SE CONOCE,,,NO INDICA,,VEHICULO NO IDENTIFICADO,ATROPELLO FUGA,PROVINCIAL,CARRETERA,RURAL,RURAL,TRAMO RECTO,TROCHA
A-2022-09-156,P-2022-09-156-1-2,2022,2022-09-04,02:10,MADRUGADA (00-05),LIMA,PUNTA HERMOSA,PEATÓN,FALLECIDO,EN EL LUGAR DE LOS HECHOS,,NO INDICA,,VEHICULO NO IDENTIFICADO,ATROPELLO FUGA,PROVINCIAL,CARRETERA,RURAL,RURAL,TRAMO RECTO,TROCHA
A-2022-09-154,P-2022-09-154-1-1,2022,2022-09-05,11:00,MANANA (06-11),LIMA,COMAS,CONDUCTOR,FALLECIDO,EN EL LUGAR DE LOS HECHOS,,MASCULINO,32,MOTOCICLETA,DESPISTE,URBANO,AVENIDA,URBANA,RESIDENCIAL,TRAMO RECTO,ASFALTADA
A-2022-09-153,P-2022-09-153-1-1,2022,2022-09-08,05:00,MADRUGADA (00-05),LIMA,SANTIAGO DE SURCO,CONDUCTOR,FALLECIDO,,,MASCULINO,26,MOTOCICLETA,CHOQUE CON OBJETO FIJO,NACIONAL,CARRETERA,URBANA,COMERCIAL,TRAMO RECTO,ASFALTADA
A-2022-09-152,P-2022-09-152-1-1,2022,2022-09-08,08:30,MANANA (06-11),LIMA,VILLA EL SALVADOR,CONDUCTOR,ILESO,,,MASCULINO,46,TRIMOTO PASAJERO,CAÍDA DE PASAJERO,URBANO,AVENIDA,URBANA,COMERCIAL,TRAMO RECTO,ASFALTADA
A-2022-09-152,P-2022-09-152-1-2,2022,2022-09-08,08:30,MANANA (06-11),LIMA,VILLA EL SALVADOR,PASAJERO,FALLECIDO,EN EL CENTRO DE SALUD,,FEMENINO,37,TRIMOTO PASAJERO,CAÍDA DE PASAJERO,URBANO,AVENIDA,URBANA,COMERCIAL,TRAMO RECTO,ASFALTADA
A-2022-09-151,P-2022-09-151-1-1,2022,2022-09-09,04:20,MADRUGADA (00-05),LIMA,VILLA EL SALVADOR,CONDUCTOR,ILESO,,,MASCULINO,48,ÓMNIBUS,ATROPELLO,URBANO,AVENIDA,URBANA,COMERCIAL,INTERSECCIÓN,ASFALTADA
A-2022-09-151,P-2022-09-151-1-2,2022,2022-09-09,04:20,MADRUGADA (00-05),LIMA,VILLA EL SALVADOR,PEATÓN,FALLECIDO,EN EL CENTRO DE SALUD,,FEMENINO,57,ÓMNIBUS,ATROPELLO,URBANO,AVENIDA,URBANA,COMERCIAL,INTERSECCIÓN,ASFALTADA
A-2022-09-274,P-2022-09-274-1-1,2022,2022-09-10,01:20,MADRUGADA (00-05),LIMA,CARABAYLLO,CONDUCTOR,ILESO,,,MASCULINO,23,AUTOMÓVIL,CHOQUE,URBANO,AVENIDA,URBANA,COMERCIAL,SINUOSA,ASFALTADA
A-2022-09-274,P-2022-09-274-2-1,2022,2022-09-10,01:20,MADRUGADA (00-05),LIMA,CARABAYLLO,CONDUCTOR,FALLECIDO,EN EL CENTRO DE SALUD,,MASCULINO,64,STATION WAGON,CHOQUE,URBANO,AVENIDA,URBANA,COMERCIAL,SINUOSA,ASFALTADA
A-2022-09-150,P-2022-09-150-1-1,2022,2022-09-12,03:40,MADRUGADA (00-05),LIMA,LURIGANCHO,CONDUCTOR,LESIONADO,,CENTRO DE SALUD PÚBLICO,MASCULINO,50,CAMIONETA PICK UP,DESPISTE,PROVINCIAL,CARRETERA,URBANA,RURAL,CURVA,TROCHA
A-2022-09-150,P-2022-09-150-1-2,2022,2022-09-12,03:40,MADRUGADA (00-05),LIMA,LURIGANCHO,PASAJERO,FALLECIDO,EN EL LUGAR DE LOS HECHOS,,MASCULINO,68,CAMIONETA PICK UP,DESPISTE,PROVINCIAL,CARRETERA,URBANA,RURAL,CURVA,TROCHA
A-2022-09-180,P-2022-09-180-1-1,2022,2022-09-13,15:10,TARDE (12-17),LIMA,LIMA,CONDUCTOR,ILESO,,,MASCULINO,26,AUTOMÓVIL,ATROPELLO,URBANO,AVENIDA,URBANA,COMERCIAL,TRAMO RECTO,ASFALTADA
A-2022-09-180,P-2022-09-180-1-2,2022,2022-09-13,15:10,TARDE (12-17),LIMA,LIMA,PEATÓN,FALLECIDO,EN EL CENTRO DE SALUD,,MASCULINO,83,AUTOMÓVIL,ATROPELLO,URBANO,AVENIDA,URBANA,COMERCIAL,TRAMO RECTO,ASFALTADA
A-2022-09-207,P-2022-09-207-1-1,2022,2022-09-13,21:40,NOCHE (18-23),LIMA,VILLA EL SALVADOR,CONDUCTOR,FALLECIDO,EN EL LUGAR DE LOS HECHOS,,MASCULINO,22,MOTOCICLETA,DESPISTE,URBANO,AVENIDA,URBANA,COMERCIAL,TRAMO RECTO,ASFALTADA
A-2022-09-207,P-2022-09-207-1-2,2022,2022-09-13,21:40,NOCHE (18-23),LIMA,VILLA EL SALVADOR,PASAJERO,LESIONADO,,CENTRO DE SALUD PRIVADO,FEMENINO,21,MOTOCICLETA,DESPISTE,URBANO,AVENIDA,URBANA,COMERCIAL,TRAMO RECTO,ASFALTADA
A-2022-09-181,P-2022-09-181-1-1,2022,2022-09-17,03:20,MADRUGADA (00-05),CALLAO,CALLAO,CONDUCTOR,FALLECIDO,EN EL LUGAR DE LOS HECHOS,,MASCULINO,35,MOTOCICLETA,CHOQUE,NACIONAL,CARRETERA,URBANA,INDUSTRIAL,TRAMO RECTO,ASFALTADA
A-2022-09-181,P-2022-09-181-2-1,2022,2022-09-17,03:20,MADRUGADA (00-05),CALLAO,CALLAO,CONDUCTOR FUGADO,NO SE CONOCE,,,NO INDICA,,VEHICULO NO IDENTIFICADO,CHOQUE,NACIONAL,CARRETERA,URBANA,INDUSTRIAL,TRAMO RECTO,ASFALTADA
A-2022-09-181,P-2022-09-181-3-1,2022,2022-09-17,03:20,MADRUGADA (00-05),CALLAO,CALLAO,CONDUCTOR FUGADO,NO SE CONOCE,,,NO INDICA,,VEHICULO NO IDENTIFICADO,CHOQUE,NACIONAL,CARRETERA,URBANA,INDUSTRIAL,TRAMO RECTO,ASFALTADA
A-2022-09-206,P-2022-09-206-1-1,2022,2022-09-18,18:50,NOCHE (18-23),LIMA,ATE,CONDUCTOR FUGADO,NO SE CONOCE,,,NO INDICA,,VEHICULO NO IDENTIFICADO,ATROPELLO FUGA,URBANO,AVENIDA,URBANA,RESIDENCIAL,TRAMO RECTO,ASFALTADA
A-2022-09-206,P-2022-09-206-1-2,2022,2022-09-18,18:50,NOCHE (18-23),LIMA,ATE,PEATÓN,FALLECIDO,EN EL LUGAR DE LOS HECHOS,,MASCULINO,39,VEHICULO NO IDENTIFICADO,ATROPELLO FUGA,URBANO,AVENIDA,URBANA,RESIDENCIAL,TRAMO RECTO,ASFALTADA
A-2022-09-182,P-2022-09-182-1-1,2022,2022-09-19,04:35,MADRUGADA (00-05),CALLAO,CALLAO,CONDUCTOR FUGADO,NO SE CONOCE,,,NO INDICA,,VEHICULO NO IDENTIFICADO,ATROPELLO FUGA,URBANO,AVENIDA,URBANA,INDUSTRIAL,TRAMO RECTO,ASFALTADA
A-2022-09-182,P-2022-09-182-1-2,2022,2022-09-19,04:35,MADRUGADA (00-05),CALLAO,CALLAO,PEATÓN,FALLECIDO,EN EL LUGAR DE LOS HECHOS,,MASCULINO,34,VEHICULO NO IDENTIFICADO,ATROPELLO FUGA,URBANO,AVENIDA,URBANA,INDUSTRIAL,TRAMO RECTO,ASFALTADA
A-2022-09-205,P-2022-09-205-1-1,2022,2022-09-19,06:50,MANANA (06-11),LIMA,CARABAYLLO,CONDUCTOR,ILESO,,,MASCULINO,44,ÓMNIBUS,CHOQUE,URBANO,AVENIDA,URBANA,INDUSTRIAL,TRAMO RECTO,ASFALTADA
A-2022-09-205,P-2022-09-205-2-1,2022,2022-09-19,06:50,MANANA (06-11),LIMA,CARABAYLLO,CONDUCTOR,FALLECIDO,EN EL LUGAR DE LOS HECHOS,,MASCULINO,26,MOTOCICLETA,CHOQUE,URBANO,AVENIDA,URBANA,INDUSTRIAL,TRAMO RECTO,ASFALTADA
A-2022-09-208,P-2022-09-208-1-1,2022,2022-09-20,11:30,MANANA (06-11),LIMA,PACHACAMAC,CONDUCTOR,ILESO,,,MASCULINO,68,AUTOMÓVIL,ATROPELLO,PROVINCIAL,CARRETERA,URBANA,ESCOLAR,TRAMO RECTO,ASFALTADA
A-2022-09-208,P-2022-09-208-1-2,2022,2022-09-20,11:30,MANANA (06-11),LIMA,PACHACAMAC,PEATÓN,FALLECIDO,EN EL LUGAR DE LOS HECHOS,,FEMENINO,74,AUTOMÓVIL,ATROPELLO,PROVINCIAL,CARRETERA,URBANA,ESCOLAR,TRAMO RECTO,ASFALTADA
A-2022-09-204,P-2022-09-204-1-1,2022,2022-09-20,12:10,TARDE (12-17),LIMA,INDEPENDENCIA,CONDUCTOR,LESIONADO,,CENTRO DE SALUD PÚBLICO,MASCULINO,40,CAMIONETA RURAL,CHOQUE,URBANO,AVENIDA,URBANA,ESCOLAR,TRAMO RECTO,ASFALTADA
A-2022-09-204,P-2022-09-204-1-2,2022,2022-09-20,12:10,TARDE (12-17),LIMA,INDEPENDENCIA,PEATÓN,FALLECIDO,EN EL LUGAR DE LOS HECHOS,,FEMENINO,54,CAMIONETA RURAL,CHOQUE,URBANO,AVENIDA,URBANA,ESCOLAR,TRAMO RECTO,ASFALTADA
A-2022-09-204,P-2022-09-204-1-3,2022,2022-09-20,12:10,TARDE (12-17),LIMA,INDEPENDENCIA,PASAJERO,LESIONADO,,CENTRO DE SALUD PÚBLICO,FEMENINO,32,CAMIONETA RURAL,CHOQUE,URBANO,AVENIDA,URBANA,ESCOLAR,TRAMO RECTO,ASFALTADA
A-2022-09-204,P-2022-09-204-1-4,2022,2022-09-20,12:10,TARDE (12-17),LIMA,INDEPENDENCIA,PASAJERO,LESIONADO,,CENTRO DE SALUD PÚBLICO,MASCULINO,31,CAMIONETA RURAL,CHOQUE,URBANO,AVENIDA,URBANA,ESCOLAR,TRAMO RECTO,ASFALTADA
A-2022-09-204,P-2022-09-204-2-1,2022,2022-09-20,12:10,TARDE (12-17),LIMA,INDEPENDENCIA,CONDUCTOR,ILESO,,,MASCULINO,30,CAMIONETA RURAL,CHOQUE,URBANO,AVENIDA,URBANA,ESCOLAR,TRAMO RECTO,ASFALTADA
A-2022-09-203,P-2022-09-203-1-1,2022,2022-09-21,20:00,NOCHE (18-23),LIMA,ATE,CONDUCTOR,ILESO,,,MASCULINO,45,ÓMNIBUS,ATROPELLO,URBANO,JIRÓN,URBANA,COMERCIAL,INTERSECCIÓN,ASFALTADA
A-2022-09-203,P-2022-09-203-1-2,2022,2022-09-21,20:00,NOCHE (18-23),LIMA,ATE,PEATÓN,FALLECIDO,EN EL CENTRO DE SALUD,,MASCULINO,86,ÓMNIBUS,ATROPELLO,URBANO,JIRÓN,URBANA,COMERCIAL,INTERSECCIÓN,ASFALTADA
A-2022-09-202,P-2022-09-202-1-1,2022,2022-09-21,22:30,NOCHE (18-23),LIMA,LINCE,CONDUCTOR,ILESO,,,MASCULINO,42,ÓMNIBUS,CHOQUE,URBANO,AVENIDA,URBANA,COMERCIAL,INTERSECCIÓN,ASFALTADA
A-2022-09-202,P-2022-09-202-2-1,2022,2022-09-21,22:30,NOCHE (18-23),LIMA,LINCE,CONDUCTOR,FALLECIDO,EN EL CENTRO DE SALUD,,MASCULINO,32,MOTOCICLETA,CHOQUE,URBANO,AVENIDA,URBANA,COMERCIAL,INTERSECCIÓN,ASFALTADA
A-2022-09-200,P-2022-09-200-1-1,2022,2022-09-24,23:40,NOCHE (18-23),LIMA,SAN JUAN DE MIRAFLORES,CONDUCTOR,ILESO,,,MASCULINO,53,AUTOMÓVIL,ATROPELLO,NACIONAL,CARRETERA,URBANA,COMERCIAL,TRAMO RECTO,CONCRETO
A-2022-09-200,P-2022-09-200-1-2,2022,2022-09-24,23:40,NOCHE (18-23),LIMA,SAN JUAN DE MIRAFLORES,PEATÓN,FALLECIDO,EN EL LUGAR DE LOS HECHOS,,MASCULINO,,AUTOMÓVIL,ATROPELLO,NACIONAL,CARRETERA,URBANA,COMERCIAL,TRAMO RECTO,CONCRETO
A-2022-09-198,P-2022-09-198-1-1,2022,2022-09-25,00:00,MADRUGADA (00-05),LIMA,LURIGANCHO,CONDUCTOR,ILESO,,,MASCULINO,45,CAMIONETA RURAL,ATROPELLO,NACIONAL,CARRETERA,RURAL,INDUSTRIAL,CURVA,ASFALTADA
A-2022-09-198,P-2022-09-198-1-2,2022,2022-09-25,00:00,MADRUGADA (00-05),LIMA,LURIGANCHO,PEATÓN,FALLECIDO,EN EL LUGAR DE LOS HECHOS,,MASCULINO,46,CAMIONETA RURAL,ATROPELLO,NACIONAL,CARRETERA,RURAL,INDUSTRIAL,CURVA,ASFALTADA
A-2022-09-199,P-2022-09-199-1-1,2022,2022-09-25,20:30,NOCHE (18-23),LIMA,CARABAYLLO,CONDUCTOR,ILESO,,,MASCULINO,69,STATION WAGON,ATROPELLO,URBANO,AVENIDA,URBANA,COMERCIAL,TRAMO RECTO,ASFALTADA
A-2022-09-199,P-2022-09-199-1-2,2022,2022-09-25,20:30,NOCHE (18-23),LIMA,CARABAYLLO,PEATÓN,FALLECIDO,EN EL CENTRO DE SALUD,,MASCULINO,,STATION WAGON,ATROPELLO,URBANO,AVENIDA,URBANA,COMERCIAL,TRAMO RECTO,ASFALTADA
A-2022-09-197,P-2022-09-197-1-1,2022,2022-09-25,23:20,NOCHE (18-23),LIMA,SAN MARTIN DE PORRES,CONDUCTOR FUGADO,NO SE CONOCE,,,NO INDICA,,VEHICULO NO IDENTIFICADO,ATROPELLO FUGA,NACIONAL,CARRETERA,URBANA,COMERCIAL,TRAMO RECTO,ASFALTADA
A-2022-09-197,P-2022-09-197-1-2,2022,2022-09-25,23:20,NOCHE (18-23),LIMA,SAN MARTIN DE PORRES,PEATÓN,FALLECIDO,EN EL LUGAR DE LOS HECHOS,,MASCULINO,,VEHICULO NO IDENTIFICADO,ATROPELLO FUGA,NACIONAL,CARRETERA,URBANA,COMERCIAL,TRAMO RECTO,ASFALTADA
A-2022-09-196,P-2022-09-196-1-1,2022,2022-09-26,02:45,MADRUGADA (00-05),LIMA,LOS OLIVOS,CONDUCTOR,FALLECIDO,,,NO INDICA,,AUTOMÓVIL,CHOQUE,URBANO,AVENIDA,URBANA,,,
A-2022-09-196,P-2022-09-196-1-2,2022,2022-09-26,02:45,MADRUGADA (00-05),LIMA,LOS OLIVOS,PASAJERO,LESIONADO,,,MASCULINO,,AUTOMÓVIL,CHOQUE,URBANO,AVENIDA,URBANA,,,
A-2022-09-196,P-2022-09-196-1-3,2022,2022-09-26,02:45,MADRUGADA (00-05),LIMA,LOS OLIVOS,PASAJERO,LESIONADO,,,MASCULINO,,AUTOMÓVIL,CHOQUE,URBANO,AVENIDA,URBANA,,,
A-2022-09-195,P-2022-09-195-1-1,2022,2022-09-26,18:30,NOCHE (18-23),LIMA,LOS OLIVOS,CONDUCTOR,ILESO,,,MASCULINO,57,MINIBUS,ATROPELLO,NACIONAL,CARRETERA,URBANA,COMERCIAL,TRAMO RECTO,ASFALTADA
A-2022-09-195,P-2022-09-195-1-2,2022,2022-09-26,18:30,NOCHE (18-23),LIMA,LOS OLIVOS,PEATÓN,FALLECIDO,EN EL LUGAR DE LOS HECHOS,,MASCULINO,,MINIBUS,ATROPELLO,NACIONAL,CARRETERA,URBANA,COMERCIAL,TRAMO RECTO,ASFALTADA
A-2022-10-146,P-2022-10-146-1-1,2022,2022-10-01,04:30,MADRUGADA (00-05),LIMA,CIENEGUILLA,CONDUCTOR,NO SE CONOCE,,,NO INDICA,,AUTOMÓVIL,CHOQUE,URBANO,AVENIDA,RURAL,RURAL,TRAMO RECTO,ASFALTADA
A-2022-10-146,P-2022-10-146-2-1,2022,2022-10-01,04:30,MADRUGADA (00-05),LIMA,CIENEGUILLA,CONDUCTOR,FALLECIDO,EN EL CENTRO DE SALUD,,MASCULINO,44,TRIMOTO PASAJERO,CHOQUE,URBANO,AVENIDA,RURAL,RURAL,TRAMO RECTO,ASFALTADA
A-2022-10-146,P-2022-10-146-2-2,2022,2022-10-01,04:30,MADRUGADA (00-05),LIMA,CIENEGUILLA,PASAJERO,LESIONADO,,CENTRO DE SALUD PÚBLICO,FEMENINO,40,TRIMOTO PASAJERO,CHOQUE,URBANO,AVENIDA,RURAL,RURAL,TRAMO RECTO,ASFALTADA
A-2022-10-144,P-2022-10-144-1-1,2022,2022-10-03,07:30,MANANA (06-11),LIMA,CHORRILLOS,CONDUCTOR,ILESO,,,MASCULINO,28,CAMIÓN,ATROPELLO,URBANO,AVENIDA,URBANA,COMERCIAL,TRAMO RECTO,ASFALTADA
A-2022-10-144,P-2022-10-144-1-2,2022,2022-10-03,07:30,MANANA (06-11),LIMA,CHORRILLOS,PEATÓN,FALLECIDO,EN EL LUGAR DE LOS HECHOS,,MASCULINO,74,CAMIÓN,ATROPELLO,URBANO,AVENIDA,URBANA,COMERCIAL,TRAMO RECTO,ASFALTADA
A-2022-10-143,P-2022-10-143-1-1,2022,2022-10-03,16:00,TARDE (12-17),LIMA,PUNTA HERMOSA,CONDUCTOR,FALLECIDO,,,MASCULINO,33,MOTOCICLETA,DESPISTE,NACIONAL,CARRETERA,URBANA,,,
A-2022-10-142,P-2022-10-142-1-1,2022,2022-10-04,17:30,TARDE (12-17),LIMA,LA MOLINA,CONDUCTOR,ILESO,,,MASCULINO,46,CAMIÓN,ATROPELLO,DEPARTAMENTAL,CARRETERA,URBANA,RESIDENCIAL,TRAMO RECTO,ASFALTADA
A-2022-10-142,P-2022-10-142-1-2,2022,2022-10-04,17:30,TARDE (12-17),LIMA,LA MOLINA,PEATÓN,FALLECIDO,EN EL LUGAR DE LOS HECHOS,,MASCULINO,65,CAMIÓN,ATROPELLO,DEPARTAMENTAL,CARRETERA,URBANA,RESIDENCIAL,TRAMO RECTO,ASFALTADA
A-2022-10-139,P-2022-10-139-1-1,2022,2022-10-09,03:00,MADRUGADA (00-05),LIMA,SAN JUAN DE MIRAFLORES,CONDUCTOR,ILESO,,,MASCULINO,39,AUTOMÓVIL,ATROPELLO,NACIONAL,CARRETERA,URBANA,COMERCIAL,TRAMO RECTO,ASFALTADA
A-2022-10-139,P-2022-10-139-1-2,2022,2022-10-09,03:00,MADRUGADA (00-05),LIMA,SAN JUAN DE MIRAFLORES,PEATÓN,FALLECIDO,EN EL CENTRO DE SALUD,,MASCULINO,,AUTOMÓVIL,ATROPELLO,NACIONAL,CARRETERA,URBANA,COMERCIAL,TRAMO RECTO,ASFALTADA
A-2022-10-217,P-2022-10-217-1-1,2022,2022-10-09,20:19,NOCHE (18-23),LIMA,SAN JUAN DE LURIGANCHO,CONDUCTOR FUGADO,NO SE CONOCE,,,NO INDICA,,VEHICULO NO IDENTIFICADO,ATROPELLO FUGA,NACIONAL,CARRETERA,URBANA,RESIDENCIAL,TRAMO RECTO,ASFALTADA
A-2022-10-217,P-2022-10-217-1-2,2022,2022-10-09,20:19,NOCHE (18-23),LIMA,SAN JUAN DE LURIGANCHO,PEATÓN,FALLECIDO,EN EL CENTRO DE SALUD,,MASCULINO,33,VEHICULO NO IDENTIFICADO,ATROPELLO FUGA,NACIONAL,CARRETERA,URBANA,RESIDENCIAL,TRAMO RECTO,ASFALTADA
A-2022-10-137,P-2022-10-137-1-1,2022,2022-10-10,08:00,MANANA (06-11),LIMA,LURIGANCHO,CONDUCTOR,ILESO,,,MASCULINO,18,REMOLCADOR,ATROPELLO,URBANO,AVENIDA,RURAL,RURAL,INTERSECCIÓN,TROCHA
A-2022-10-137,P-2022-10-137-1-2,2022,2022-10-10,08:00,MANANA (06-11),LIMA,LURIGANCHO,PEATÓN,FALLECIDO,EN EL LUGAR DE LOS HECHOS,,MASCULINO,9,REMOLCADOR,ATROPELLO,URBANO,AVENIDA,RURAL,RURAL,INTERSECCIÓN,TROCHA
A-2022-10-136,P-2022-10-136-1-1,2022,2022-10-10,10:20,MANANA (06-11),LIMA,MIRAFLORES,CONDUCTOR,ILESO,,,MASCULINO,61,ÓMNIBUS,ATROPELLO,URBANO,AVENIDA,URBANA,RESIDENCIAL,TRAMO RECTO,ASFALTADA
A-2022-10-136,P-2022-10-136-1-2,2022,2022-10-10,10:20,MANANA (06-11),LIMA,MIRAFLORES,PEATÓN,FALLECIDO,EN EL CENTRO DE SALUD,,FEMENINO,72,ÓMNIBUS,ATROPELLO,URBANO,AVENIDA,URBANA,RESIDENCIAL,TRAMO RECTO,ASFALTADA
A-2022-10-138,P-2022-10-138-1-1,2022,2022-10-10,13:40,TARDE (12-17),LIMA,LOS OLIVOS,CONDUCTOR,ILESO,,,MASCULINO,50,REMOLCADOR,ATROPELLO,URBANO,AVENIDA,URBANA,COMERCIAL,INTERSECCIÓN,ASFALTADA
A-2022-10-138,P-2022-10-138-1-2,2022,2022-10-10,13:40,TARDE (12-17),LIMA,LOS OLIVOS,PEATÓN,FALLECIDO,EN EL LUGAR DE LOS HECHOS,,FEMENINO,59,REMOLCADOR,ATROPELLO,URBANO,AVENIDA,URBANA,COMERCIAL,INTERSECCIÓN,ASFALTADA
A-2022-10-121,P-2022-10-121-1-1,2022,2022-10-12,14:00,TARDE (12-17),CALLAO,CALLAO,CONDUCTOR,ILESO,,,MASCULINO,57,REMOLCADOR-SEMIREMOLQUE,ATROPELLO,NACIONAL,CARRETERA,URBANA,RESIDENCIAL,TRAMO RECTO,CONCRETO
A-2022-10-121,P-2022-10-121-1-2,2022,2022-10-12,14:00,TARDE (12-17),CALLAO,CALLAO,PEATÓN,FALLECIDO,EN EL CENTRO DE SALUD,,MASCULINO,88,REMOLCADOR-SEMIREMOLQUE,ATROPELLO,NACIONAL,CARRETERA,URBANA,RESIDENCIAL,TRAMO RECTO,CONCRETO
A-2022-10-135,P-2022-10-135-1-1,2022,2022-10-12,15:20,TARDE (12-17),LIMA,VILLA MARIA DEL TRIUNFO,CONDUCTOR,LESIONADO,,CENTRO DE SALUD PÚBLICO,MASCULINO,29,MOTOCICLETA,CHOQUE,URBANO,AVENIDA,URBANA,COMERCIAL,INTERSECCIÓN,ASFALTADA
A-2022-10-135,P-2022-10-135-2-1,2022,2022-10-12,15:20,TARDE (12-17),LIMA,VILLA MARIA DEL TRIUNFO,CONDUCTOR,LESIONADO,,CENTRO DE SALUD PÚBLICO,MASCULINO,24,TRIMOTO PASAJERO,CHOQUE,URBANO,AVENIDA,URBANA,COMERCIAL,INTERSECCIÓN,ASFALTADA
A-2022-10-135,P-2022-10-135-2-2,2022,2022-10-12,15:20,TARDE (12-17),LIMA,VILLA MARIA DEL TRIUNFO,PASAJERO,FALLECIDO,EN EL CENTRO DE SALUD,,FEMENINO,2,TRIMOTO PASAJERO,CHOQUE,URBANO,AVENIDA,URBANA,COMERCIAL,INTERSECCIÓN,ASFALTADA
A-2022-10-134,P-2022-10-134-1-1,2022,2022-10-15,22:30,NOCHE (18-23),LIMA,PUNTA HERMOSA,CONDUCTOR,ILESO,,,MASCULINO,24,CAMIONETA RURAL,ATROPELLO,URBANO,AVENIDA,URBANA,INDUSTRIAL,TRAMO RECTO,ASFALTADA
A-2022-10-134,P-2022-10-134-1-2,2022,2022-10-15,22:30,NOCHE (18-23),LIMA,PUNTA HERMOSA,PEATÓN,FALLECIDO,EN EL LUGAR DE LOS HECHOS,,MASCULINO,48,CAMIONETA RURAL,ATROPELLO,URBANO,AVENIDA,URBANA,INDUSTRIAL,TRAMO RECTO,ASFALTADA
A-2022-10-117,P-2022-10-117-1-1,2022,2022-10-18,02:30,MADRUGADA (00-05),CALLAO,VENTANILLA,CONDUCTOR,ILESO,,,MASCULINO,42,CAMIÓN,CAÍDA DE PASAJERO,URBANO,AVENIDA,URBANA,COMERCIAL,TRAMO RECTO,ASFALTADA
A-2022-10-117,P-2022-10-117-1-2,2022,2022-10-18,02:30,MADRUGADA (00-05),CALLAO,VENTANILLA,PASAJERO,FALLECIDO,EN EL CENTRO DE SALUD,,FEMENINO,50,CAMIÓN,CAÍDA DE PASAJERO,URBANO,AVENIDA,URBANA,COMERCIAL,TRAMO RECTO,ASFALTADA
A-2022-10-133,P-2022-10-133-1-1,2022,2022-10-18,19:45,NOCHE (18-23),LIMA,SAN MARTIN DE PORRES,CONDUCTOR,FALLECIDO,,,MASCULINO,51,MOTOCICLETA,DESPISTE,URBANO,AVENIDA,URBANA,,,
A-2022-10-132,P-2022-10-132-1-1,2022,2022-10-21,03:50,MADRUGADA (00-05),LIMA,PUNTA HERMOSA,CONDUCTOR,ILESO,,,MASCULINO,33,CAMIÓN,CHOQUE,NACIONAL,CARRETERA,URBANA,RURAL,TRAMO RECTO,ASFALTADA
A-2022-10-132,P-2022-10-132-1-2,2022,2022-10-21,03:50,MADRUGADA (00-05),LIMA,PUNTA HERMOSA,PASAJERO,FALLECIDO,,,FEMENINO,38,CAMIONETA RURAL,CHOQUE,NACIONAL,CARRETERA,URBANA,RURAL,TRAMO RECTO,ASFALTADA
A-2022-10-132,P-2022-10-132-2-1,2022,2022-10-21,03:50,MADRUGADA (00-05),LIMA,PUNTA HERMOSA,CONDUCTOR,FALLECIDO,EN EL LUGAR DE LOS HECHOS,,MASCULINO,50,CAMIONETA RURAL,CHOQUE,NACIONAL,CARRETERA,URBANA,RURAL,TRAMO RECTO,ASFALTADA
A-2022-10-132,P-2022-10-132-2-2,2022,2022-10-21,03:50,MADRUGADA (00-05),LIMA,PUNTA HERMOSA,PASAJERO,FALLECIDO,,,FEMENINO,13,CAMIONETA RURAL,CHOQUE,NACIONAL,CARRETERA,URBANA,RURAL,TRAMO RECTO,ASFALTADA
A-2022-10-132,P-2022-10-132-2-3,2022,2022-10-21,03:50,MADRUGADA (00-05),LIMA,PUNTA HERMOSA,PASAJERO,FALLECIDO,,,MASCULINO,7,CAMIONETA RURAL,CHOQUE,NACIONAL,CARRETERA,URBANA,RURAL,TRAMO RECTO,ASFALTADA
A-2022-10-132,P-2022-10-132-2-4,2022,2022-10-21,03:50,MADRUGADA (00-05),LIMA,PUNTA HERMOSA,PASAJERO,FALLECIDO,,,MASCULINO,55,CAMIONETA RURAL,CHOQUE,NACIONAL,CARRETERA,URBANA,RURAL,TRAMO RECTO,ASFALTADA
A-2022-10-132,P-2022-10-132-2-5,2022,2022-10-21,03:50,MADRUGADA (00-05),LIMA,PUNTA HERMOSA,PASAJERO,FALLECIDO,,,NO INDICA,,CAMIONETA RURAL,CHOQUE,NACIONAL,CARRETERA,URBANA,RURAL,TRAMO RECTO,ASFALTADA
A-2022-10-132,P-2022-10-132-2-6,2022,2022-10-21,03:50,MADRUGADA (00-05),LIMA,PUNTA HERMOSA,PASAJERO,FALLECIDO,,,NO INDICA,,CAMIONETA RURAL,CHOQUE,NACIONAL,CARRETERA,URBANA,RURAL,TRAMO RECTO,ASFALTADA
A-2022-10-132,P-2022-10-132-2-7,2022,2022-10-21,03:50,MADRUGADA (00-05),LIMA,PUNTA HERMOSA,PASAJERO,LESIONADO,,,MASCULINO,46,CAMIONETA RURAL,CHOQUE,NACIONAL,CARRETERA,URBANA,RURAL,TRAMO RECTO,ASFALTADA
A-2022-10-132,P-2022-10-132-2-8,2022,2022-10-21,03:50,MADRUGADA (00-05),LIMA,PUNTA HERMOSA,PASAJERO,LESIONADO,,,MASCULINO,72,CAMIONETA RURAL,CHOQUE,NACIONAL,CARRETERA,URBANA,RURAL,TRAMO RECTO,ASFALTADA
A-2022-10-132,P-2022-10-132-2-9,2022,2022-10-21,03:50,MADRUGADA (00-05),LIMA,PUNTA HERMOSA,PASAJERO,LESIONADO,,,NO INDICA,,CAMIONETA RURAL,CHOQUE,NACIONAL,CARRETERA,URBANA,RURAL,TRAMO RECTO,ASFALTADA
A-2022-10-123,P-2022-10-123-1-1,2022,2022-10-21,16:50,TARDE (12-17),CALLAO,CALLAO,CONDUCTOR,ILESO,,,MASCULINO,28,AUTOMÓVIL,ATROPELLO,NACIONAL,CARRETERA,URBANA,INDUSTRIAL,TRAMO RECTO,ASFALTADA
A-2022-10-123,P-2022-10-123-1-2,2022,2022-10-21,16:50,TARDE (12-17),CALLAO,CALLAO,PEATÓN,FALLECIDO,EN EL CENTRO DE SALUD,,MASCULINO,79,AUTOMÓVIL,ATROPELLO,NACIONAL,CARRETERA,URBANA,INDUSTRIAL,TRAMO RECTO,ASFALTADA
A-2022-10-122,P-2022-10-122-1-1,2022,2022-10-22,21:00,NOCHE (18-23),CALLAO,CALLAO,CONDUCTOR,ILESO,,,MASCULINO,20,AUTOMÓVIL,ATROPELLO,URBANO,AVENIDA,URBANA,INDUSTRIAL,TRAMO RECTO,ASFALTADA
A-2022-10-122,P-2022-10-122-1-2,2022,2022-10-22,21:00,NOCHE (18-23),CALLAO,CALLAO,PEATÓN,FALLECIDO,EN EL LUGAR DE LOS HECHOS,,MASCULINO,51,AUTOMÓVIL,ATROPELLO,URBANO,AVENIDA,URBANA,INDUSTRIAL,TRAMO RECTO,ASFALTADA
A-2022-10-148,P-2022-10-148-1-1,2022,2022-10-24,08:50,MANANA (06-11),LIMA,COMAS,CONDUCTOR,ILESO,,,MASCULINO,31,CAMIONETA PICK UP,CHOQUE,URBANO,AVENIDA,URBANA,RESIDENCIAL,TRAMO RECTO,ASFALTADA
A-2022-10-148,P-2022-10-148-1-2,2022,2022-10-24,08:50,MANANA (06-11),LIMA,COMAS,PEATÓN,FALLECIDO,EN EL CENTRO DE SALUD,,MASCULINO,62,CAMIONETA PICK UP,CHOQUE,URBANO,AVENIDA,URBANA,RESIDENCIAL,TRAMO RECTO,ASFALTADA
A-2022-10-148,P-2022-10-148-2-1,2022,2022-10-24,08:50,MANANA (06-11),LIMA,COMAS,CONDUCTOR,ILESO,,,MASCULINO,38,AUTOMÓVIL,CHOQUE,URBANO,AVENIDA,URBANA,RESIDENCIAL,TRAMO RECTO,ASFALTADA
A-2022-10-147,P-2022-10-147-1-1,2022,2022-10-27,08:10,MANANA (06-11),LIMA,CHORRILLOS,CONDUCTOR,ILESO,,,MASCULINO,29,CAMIÓN,ATROPELLO,URBANO,AVENIDA,URBANA,COMERCIAL,INTERSECCIÓN,ASFALTADA
A-2022-10-147,P-2022-10-147-1-2,2022,2022-10-27,08:10,MANANA (06-11),LIMA,CHORRILLOS,PEATÓN,FALLECIDO,EN EL CENTRO DE SALUD,,MASCULINO,15,CAMIÓN,ATROPELLO,URBANO,AVENIDA,URBANA,COMERCIAL,INTERSECCIÓN,ASFALTADA
A-2022-10-130,P-2022-10-130-1-1,2022,2022-10-30,07:40,MANANA (06-11),LIMA,ANCON,CONDUCTOR,ILESO,,,MASCULINO,73,CAMIÓN,CHOQUE,NACIONAL,CARRETERA,RURAL,RURAL,TRAMO RECTO,ASFALTADA
A-2022-10-130,P-2022-10-130-2-1,2022,2022-10-30,07:40,MANANA (06-11),LIMA,ANCON,CONDUCTOR,FALLECIDO,EN EL LUGAR DE LOS HECHOS,,MASCULINO,32,MOTOCICLETA,CHOQUE,NACIONAL,CARRETERA,RURAL,RURAL,TRAMO RECTO,ASFALTADA
A-2022-10-129,P-2022-10-129-1-1,2022,2022-10-30,16:30,TARDE (12-17),LIMA,LOS OLIVOS,CONDUCTOR,ILESO,,,MASCULINO,25,AUTOMÓVIL,CHOQUE FUGA,URBANO,JIRÓN,URBANA,COMERCIAL,INTERSECCIÓN,ASFALTADA
A-2022-10-129,P-2022-10-129-2-1,2022,2022-10-30,16:30,TARDE (12-17),LIMA,LOS OLIVOS,CONDUCTOR,NO SE CONOCE,,,NO INDICA,,TRIMOTO PASAJERO,CHOQUE FUGA,URBANO,JIRÓN,URBANA,COMERCIAL,INTERSECCIÓN,ASFALTADA
A-2022-10-129,P-2022-10-129-2-2,2022,2022-10-30,16:30,TARDE (12-17),LIMA,LOS OLIVOS,PASAJERO,FALLECIDO,EN EL CENTRO DE SALUD,,MASCULINO,1,TRIMOTO PASAJERO,CHOQUE FUGA,URBANO,JIRÓN,URBANA,COMERCIAL,INTERSECCIÓN,ASFALTADA
A-2022-10-129,P-2022-10-129-2-3,2022,2022-10-30,16:30,TARDE (12-17),LIMA,LOS OLIVOS,PASAJERO,LESIONADO,,CENTRO DE SALUD PÚBLICO,MASCULINO,25,TRIMOTO PASAJERO,CHOQUE FUGA,URBANO,JIRÓN,URBANA,COMERCIAL,INTERSECCIÓN,ASFALTADA
A-2022-10-128,P-2022-10-128-1-1,2022,2022-10-30,21:30,NOCHE (18-23),LIMA,VILLA MARIA DEL TRIUNFO,CONDUCTOR,ILESO,,,MASCULINO,40,CAMIONETA RURAL,CHOQUE,URBANO,AVENIDA,URBANA,COMERCIAL,INTERSECCIÓN,ASFALTADA
A-2022-10-128,P-2022-10-128-1-2,2022,2022-10-30,21:30,NOCHE (18-23),LIMA,VILLA MARIA DEL TRIUNFO,PASAJERO,LESIONADO,,CENTRO DE SALUD PÚBLICO,MASCULINO,53,CAMIONETA RURAL,CHOQUE,URBANO,AVENIDA,URBANA,COMERCIAL,INTERSECCIÓN,ASFALTADA
A-2022-10-128,P-2022-10-128-2-1,2022,2022-10-30,21:30,NOCHE (18-23),LIMA,VILLA MARIA DEL TRIUNFO,CONDUCTOR,FALLECIDO,EN EL LUGAR DE LOS HECHOS,,MASCULINO,26,AUTOMÓVIL,CHOQUE,URBANO,AVENIDA,URBANA,COMERCIAL,INTERSECCIÓN,ASFALTADA
A-2022-10-126,P-2022-10-126-1-1,2022,2022-10-31,18:00,NOCHE (18-23),LIMA,LA MOLINA,CONDUCTOR,ILESO,,,MASCULINO,26,MOTOCICLETA,VOLCADURA,NACIONAL,CARRETERA,RURAL,RURAL,TRAMO RECTO,ASFALTADA
A-2022-10-126,P-2022-10-126-1-2,2022,2022-10-31,18:00,NOCHE (18-23),LIMA,LA MOLINA,PASAJERO,FALLECIDO,EN EL LUGAR DE LOS HECHOS,,FEMENINO,22,MOTOCICLETA,VOLCADURA,NACIONAL,CARRETERA,RURAL,RURAL,TRAMO RECTO,ASFALTADA
A-2022-11-155,P-2022-11-155-1-1,2022,2022-11-01,06:55,MANANA (06-11),LIMA,PUCUSANA,CONDUCTOR,FALLECIDO,EN EL LUGAR DE LOS HECHOS,,MASCULINO,74,CAMIONETA PANEL,DESPISTE,NACIONAL,CARRETERA,URBANA,INDUSTRIAL,TRAMO RECTO,ASFALTADA
A-2022-11-155,P-2022-11-155-1-2,2022,2022-11-01,06:55,MANANA (06-11),LIMA,PUCUSANA,PASAJERO,LESIONADO,,OTRO,FEMENINO,22,CAMIONETA PANEL,DESPISTE,NACIONAL,CARRETERA,URBANA,INDUSTRIAL,TRAMO RECTO,ASFALTADA
A-2022-11-155,P-2022-11-155-1-3,2022,2022-11-01,06:55,MANANA (06-11),LIMA,PUCUSANA,PASAJERO,LESIONADO,,OTRO,MASCULINO,31,CAMIONETA PANEL,DESPISTE,NACIONAL,CARRETERA,URBANA,INDUSTRIAL,TRAMO RECTO,ASFALTADA
A-2022-11-155,P-2022-11-155-1-4,2022,2022-11-01,06:55,MANANA (06-11),LIMA,PUCUSANA,PASAJERO,LESIONADO,,OTRO,FEMENINO,19,CAMIONETA PANEL,DESPISTE,NACIONAL,CARRETERA,URBANA,INDUSTRIAL,TRAMO RECTO,ASFALTADA
A-2022-11-155,P-2022-11-155-2-1,2022,2022-11-01,06:55,MANANA (06-11),LIMA,PUCUSANA,CONDUCTOR,ILESO,,,MASCULINO,35,SEMIREMOLQUE,DESPISTE,NACIONAL,CARRETERA,URBANA,INDUSTRIAL,TRAMO RECTO,ASFALTADA
A-2022-11-155,P-2022-11-155-3-1,2022,2022-11-01,06:55,MANANA (06-11),LIMA,PUCUSANA,CONDUCTOR,ILESO,,,MASCULINO,32,REMOLCADOR,DESPISTE,NACIONAL,CARRETERA,URBANA,INDUSTRIAL,TRAMO RECTO,ASFALTADA
A-2022-11-156,P-2022-11-156-1-1,2022,2022-11-01,07:35,MANANA (06-11),LIMA,SAN MARTIN DE PORRES,CONDUCTOR,ILESO,,,MASCULINO,34,AUTOMÓVIL,ATROPELLO,URBANO,AVENIDA,URBANA,COMERCIAL,TRAMO RECTO,ASFALTADA
A-2022-11-156,P-2022-11-156-1-2,2022,2022-11-01,07:35,MANANA (06-11),LIMA,SAN MARTIN DE PORRES,PEATÓN,FALLECIDO,EN EL CENTRO DE SALUD,,FEMENINO,36,AUTOMÓVIL,ATROPELLO,URBANO,AVENIDA,URBANA,COMERCIAL,TRAMO RECTO,ASFALTADA
A-2022-11-134,P-2022-11-134-1-1,2022,2022-11-03,00:30,MADRUGADA (00-05),LIMA,SAN MIGUEL,CONDUCTOR,FALLECIDO,EN EL CENTRO DE SALUD,,MASCULINO,32,MOTOCICLETA,CHOQUE CON OBJETO FIJO,URBANO,OTRO,URBANA,COMERCIAL,TRAMO RECTO,ASFALTADA
A-2022-11-134,P-2022-11-134-1-2,2022,2022-11-03,00:30,MADRUGADA (00-05),LIMA,SAN MIGUEL,PASAJERO,LESIONADO,,CENTRO DE SALUD PRIVADO,FEMENINO,28,MOTOCICLETA,CHOQUE CON OBJETO FIJO,URBANO,OTRO,URBANA,COMERCIAL,TRAMO RECTO,ASFALTADA
A-2022-11-135,P-2022-11-135-1-1,2022,2022-11-05,22:30,NOCHE (18-23),LIMA,PUENTE PIEDRA,CONDUCTOR,ILESO,,,MASCULINO,18,AUTOMÓVIL,ATROPELLO,NACIONAL,CARRETERA,URBANA,COMERCIAL,TRAMO RECTO,ASFALTADA
A-2022-11-135,P-2022-11-135-1-2,2022,2022-11-05,22:30,NOCHE (18-23),LIMA,PUENTE PIEDRA,PEATÓN,FALLECIDO,EN EL CENTRO DE SALUD,,MASCULINO,,AUTOMÓVIL,ATROPELLO,NACIONAL,CARRETERA,URBANA,COMERCIAL,TRAMO RECTO,ASFALTADA
A-2022-11-235,P-2022-11-235-1-1,2022,2022-11-06,01:30,MADRUGADA (00-05),LIMA,LURIN,CONDUCTOR FUGADO,NO SE CONOCE,,,NO INDICA,,VEHICULO NO IDENTIFICADO,ATROPELLO FUGA,NACIONAL,CARRETERA,URBANA,COMERCIAL,TRAMO RECTO,ASFALTADA
A-2022-11-235,P-2022-11-235-1-2,2022,2022-11-06,01:30,MADRUGADA (00-05),LIMA,LURIN,PEATÓN,FALLECIDO,EN EL LUGAR DE LOS HECHOS,,MASCULINO,45,VEHICULO NO IDENTIFICADO,ATROPELLO FUGA,NACIONAL,CARRETERA,URBANA,COMERCIAL,TRAMO RECTO,ASFALTADA
A-2022-11-239,P-2022-11-239-1-1,2022,2022-11-06,05:30,MADRUGADA (00-05),LIMA,LURIN,CONDUCTOR FUGADO,NO SE CONOCE,,,NO INDICA,,VEHICULO NO IDENTIFICADO,ATROPELLO FUGA,NACIONAL,CARRETERA,RURAL,INDUSTRIAL,TRAMO RECTO,ASFALTADA
A-2022-11-239,P-2022-11-239-1-2,2022,2022-11-06,05:30,MADRUGADA (00-05),LIMA,LURIN,PEATÓN,FALLECIDO,EN EL LUGAR DE LOS HECHOS,,FEMENINO,72,VEHICULO NO IDENTIFICADO,ATROPELLO FUGA,NACIONAL,CARRETERA,RURAL,INDUSTRIAL,TRAMO RECTO,ASFALTADA
A-2022-11-238,P-2022-11-238-1-1,2022,2022-11-06,19:30,NOCHE (18-23),LIMA,VILLA MARIA DEL TRIUNFO,CONDUCTOR FUGADO,NO SE CONOCE,,,NO INDICA,,VEHICULO NO IDENTIFICADO,ATROPELLO FUGA,URBANO,AVENIDA,URBANA,COMERCIAL,TRAMO RECTO,ASFALTADA
A-2022-11-238,P-2022-11-238-1-2,2022,2022-11-06,19:30,NOCHE (18-23),LIMA,VILLA MARIA DEL TRIUNFO,PEATÓN,FALLECIDO,EN EL LUGAR DE LOS HECHOS,,MASCULINO,44,VEHICULO NO IDENTIFICADO,ATROPELLO FUGA,URBANO,AVENIDA,URBANA,COMERCIAL,TRAMO RECTO,ASFALTADA
A-2022-11-136,P-2022-11-136-1-1,2022,2022-11-07,05:45,MADRUGADA (00-05),LIMA,SAN MARTIN DE PORRES,CONDUCTOR,FALLECIDO,EN EL LUGAR DE LOS HECHOS,,MASCULINO,24,MOTOCICLETA,DESPISTE,NACIONAL,CARRETERA,URBANA,COMERCIAL,TRAMO RECTO,ASFALTADA
A-2022-11-157,P-2022-11-157-1-1,2022,2022-11-07,05:30,MADRUGADA (00-05),LIMA,PACHACAMAC,CONDUCTOR,ILESO,,,MASCULINO,30,TRIMOTO PASAJERO,CHOQUE,URBANO,JIRÓN,URBANA,RESIDENCIAL,TRAMO RECTO,ASFALTADA
A-2022-11-157,P-2022-11-157-1-2,2022,2022-11-07,05:30,MADRUGADA (00-05),LIMA,PACHACAMAC,PASAJERO,LESIONADO,,OTRO,FEMENINO,62,TRIMOTO PASAJERO,CHOQUE,URBANO,JIRÓN,URBANA,RESIDENCIAL,TRAMO RECTO,ASFALTADA
A-2022-11-157,P-2022-11-157-1-3,2022,2022-11-07,05:30,MADRUGADA (00-05),LIMA,PACHACAMAC,PASAJERO,LESIONADO,,OTRO,MASCULINO,32,TRIMOTO PASAJERO,CHOQUE,URBANO,JIRÓN,URBANA,RESIDENCIAL,TRAMO RECTO,ASFALTADA
A-2022-11-157,P-2022-11-157-1-4,2022,2022-11-07,05:30,MADRUGADA (00-05),LIMA,PACHACAMAC,PASAJERO,FALLECIDO,EN EL LUGAR DE LOS HECHOS,,FEMENINO,28,TRIMOTO PASAJERO,CHOQUE,URBANO,JIRÓN,URBANA,RESIDENCIAL,TRAMO RECTO,ASFALTADA
A-2022-11-157,P-2022-11-157-1-5,2022,2022-11-07,05:30,MADRUGADA (00-05),LIMA,PACHACAMAC,PASAJERO,LESIONADO,,OTRO,MASCULINO,7,TRIMOTO PASAJERO,CHOQUE,URBANO,JIRÓN,URBANA,RESIDENCIAL,TRAMO RECTO,ASFALTADA
A-2022-11-157,P-2022-11-157-2-1,2022,2022-11-07,05:30,MADRUGADA (00-05),LIMA,PACHACAMAC,CONDUCTOR,ILESO,,,MASCULINO,32,CAMIONETA RURAL,CHOQUE,URBANO,JIRÓN,URBANA,RESIDENCIAL,TRAMO RECTO,ASFALTADA
A-2022-11-231,P-2022-11-231-1-1,2022,2022-11-07,21:50,NOCHE (18-23),LIMA,CARABAYLLO,CONDUCTOR,ILESO,,,MASCULINO,18,MOTOCICLETA,ATROPELLO,URBANO,AVENIDA,URBANA,COMERCIAL,TRAMO RECTO,ASFALTADA
A-2022-11-231,P-2022-11-231-1-2,2022,2022-11-07,21:50,NOCHE (18-23),LIMA,CARABAYLLO,PEATÓN,FALLECIDO,EN EL CENTRO DE SALUD,,MASCULINO,67,MOTOCICLETA,ATROPELLO,URBANO,AVENIDA,URBANA,COMERCIAL,TRAMO RECTO,ASFALTADA
A-2022-11-137,P-2022-11-137-1-1,2022,2022-11-07,22:00,NOCHE (18-23),LIMA,LA VICTORIA,CONDUCTOR FUGADO,NO SE CONOCE,,,NO INDICA,,VEHICULO NO IDENTIFICADO,ATROPELLO FUGA,URBANO,VIA EXPRESA,URBANA,COMERCIAL,TRAMO RECTO,ASFALTADA
A-2022-11-137,P-2022-11-137-1-2,2022,2022-11-07,22:00,NOCHE (18-23),LIMA,LA VICTORIA,PEATÓN,FALLECIDO,EN EL LUGAR DE LOS HECHOS,,MASCULINO,72,VEHICULO NO IDENTIFICADO,ATROPELLO FUGA,URBANO,VIA EXPRESA,URBANA,COMERCIAL,TRAMO RECTO,ASFALTADA
A-2022-11-133,P-2022-11-133-1-1,2022,2022-11-08,08:30,MANANA (06-11),CALLAO,CALLAO,CONDUCTOR,ILESO,,,FEMENINO,45,CAMIÓN,ATROPELLO,NACIONAL,CARRETERA,URBANA,INDUSTRIAL,TRAMO RECTO,ASFALTADA
A-2022-11-133,P-2022-11-133-1-2,2022,2022-11-08,08:30,MANANA (06-11),CALLAO,CALLAO,PEATÓN,FALLECIDO,EN EL LUGAR DE LOS HECHOS,,MASCULINO,88,CAMIÓN,ATROPELLO,NACIONAL,CARRETERA,URBANA,INDUSTRIAL,TRAMO RECTO,ASFALTADA
A-2022-11-119,P-2022-11-119-1-1,2022,2022-11-08,16:00,TARDE (12-17),CALLAO,CALLAO,CONDUCTOR,ILESO,,,MASCULINO,52,REMOLCADOR-SEMIREMOLQUE,CHOQUE,NACIONAL,CARRETERA,URBANA,COMERCIAL,TRAMO RECTO,ASFALTADA
A-2022-11-119,P-2022-11-119-2-1,2022,2022-11-08,16:00,TARDE (12-17),CALLAO,CALLAO,CONDUCTOR,FALLECIDO,EN EL LUGAR DE LOS HECHOS,,MASCULINO,22,MOTOCICLETA,CHOQUE,NACIONAL,CARRETERA,URBANA,COMERCIAL,TRAMO RECTO,ASFALTADA
A-2022-11-138,P-2022-11-138-1-1,2022,2022-11-08,16:00,TARDE (12-17),LIMA,LURIGANCHO,CONDUCTOR FUGADO,NO SE CONOCE,,,NO INDICA,,CAMIÓN,CHOQUE,URBANO,AVENIDA,URBANA,INDUSTRIAL,INTERSECCIÓN,ASFALTADA
A-2022-11-138,P-2022-11-138-2-1,2022,2022-11-08,16:00,TARDE (12-17),LIMA,LURIGANCHO,CONDUCTOR,FALLECIDO,EN EL LUGAR DE LOS HECHOS,,MASCULINO,21,MOTOCICLETA,CHOQUE,URBANO,AVENIDA,URBANA,INDUSTRIAL,INTERSECCIÓN,ASFALTADA
A-2022-11-158,P-2022-11-158-1-1,2022,2022-11-10,07:20,MANANA (06-11),LIMA,SAN JUAN DE LURIGANCHO,CONDUCTOR,ILESO,,,MASCULINO,43,STATION WAGON,ATROPELLO,URBANO,AVENIDA,URBANA,COMERCIAL,TRAMO RECTO,ASFALTADA
A-2022-11-158,P-2022-11-158-1-2,2022,2022-11-10,07:20,MANANA (06-11),LIMA,SAN JUAN DE LURIGANCHO,PEATÓN,FALLECIDO,EN EL LUGAR DE LOS HECHOS,,MASCULINO,86,STATION WAGON,ATROPELLO,URBANO,AVENIDA,URBANA,COMERCIAL,TRAMO RECTO,ASFALTADA
A-2022-11-158,P-2022-11-158-1-3,2022,2022-11-10,07:20,MANANA (06-11),LIMA,SAN JUAN DE LURIGANCHO,PASAJERO,LESIONADO,,CENTRO DE SALUD PRIVADO,FEMENINO,13,STATION WAGON,ATROPELLO,URBANO,AVENIDA,URBANA,COMERCIAL,TRAMO RECTO,ASFALTADA
A-2022-11-140,P-2022-11-140-1-1,2022,2022-11-10,19:30,NOCHE (18-23),LIMA,LIMA,CONDUCTOR FUGADO,NO SE CONOCE,,,NO INDICA,,VEHICULO NO IDENTIFICADO,ATROPELLO FUGA,URBANO,JIRÓN,URBANA,COMERCIAL,INTERSECCIÓN,ASFALTADA
A-2022-11-140,P-2022-11-140-1-2,2022,2022-11-10,19:30,NOCHE (18-23),LIMA,LIMA,PEATÓN,FALLECIDO,EN EL CENTRO DE SALUD,,MASCULINO,57,VEHICULO NO IDENTIFICADO,ATROPELLO FUGA,URBANO,JIRÓN,URBANA,COMERCIAL,INTERSECCIÓN,ASFALTADA
A-2022-11-161,P-2022-11-161-1-1,2022,2022-11-11,14:40,TARDE (12-17),LIMA,VILLA EL SALVADOR,CONDUCTOR,ILESO,,,MASCULINO,82,MOTOCICLETA,ATROPELLO,URBANO,AVENIDA,URBANA,RESIDENCIAL,INTERSECCIÓN,ASFALTADA
A-2022-11-161,P-2022-11-161-1-2,2022,2022-11-11,14:40,TARDE (12-17),LIMA,VILLA EL SALVADOR,PEATÓN,FALLECIDO,EN EL LUGAR DE LOS HECHOS,,MASCULINO,84,MOTOCICLETA,ATROPELLO,URBANO,AVENIDA,URBANA,RESIDENCIAL,INTERSECCIÓN,ASFALTADA
A-2022-11-160,P-2022-11-160-1-1,2022,2022-11-11,17:20,TARDE (12-17),LIMA,LURIN,CONDUCTOR,LESIONADO,,OTRO,MASCULINO,33,AUTOMÓVIL,DESPISTE,NACIONAL,CARRETERA,URBANA,INDUSTRIAL,TRAMO RECTO,ASFALTADA
A-2022-11-160,P-2022-11-160-1-2,2022,2022-11-11,17:20,TARDE (12-17),LIMA,LURIN,PASAJERO,LESIONADO,,OTRO,MASCULINO,34,AUTOMÓVIL,DESPISTE,NACIONAL,CARRETERA,URBANA,INDUSTRIAL,TRAMO RECTO,ASFALTADA
A-2022-11-160,P-2022-11-160-1-3,2022,2022-11-11,17:20,TARDE (12-17),LIMA,LURIN,PASAJERO,LESIONADO,,OTRO,FEMENINO,27,AUTOMÓVIL,DESPISTE,NACIONAL,CARRETERA,URBANA,INDUSTRIAL,TRAMO RECTO,ASFALTADA
A-2022-11-160,P-2022-11-160-1-4,2022,2022-11-11,17:20,TARDE (12-17),LIMA,LURIN,PASAJERO,FALLECIDO,EN EL LUGAR DE LOS HECHOS,,FEMENINO,,AUTOMÓVIL,DESPISTE,NACIONAL,CARRETERA,URBANA,INDUSTRIAL,TRAMO RECTO,ASFALTADA
A-2022-11-139,P-2022-11-139-1-1,2022,2022-11-12,05:30,MADRUGADA (00-05),LIMA,SAN MIGUEL,CONDUCTOR,ILESO,,,MASCULINO,37,AUTOMÓVIL,CHOQUE,URBANO,AVENIDA,URBANA,COMERCIAL,TRAMO RECTO,ASFALTADA
A-2022-11-139,P-2022-11-139-2-1,2022,2022-11-12,05:30,MADRUGADA (00-05),LIMA,SAN MIGUEL,CONDUCTOR,FALLECIDO,EN EL LUGAR DE LOS HECHOS,,MASCULINO,54,OTRO,CHOQUE,URBANO,AVENIDA,URBANA,COMERCIAL,TRAMO RECTO,ASFALTADA
A-2022-11-141,P-2022-11-141-1-1,2022,2022-11-12,20:10,NOCHE (18-23),LIMA,LURIGANCHO,CONDUCTOR,ILESO,,,MASCULINO,54,CAMIÓN,CHOQUE,NACIONAL,CARRETERA,URBANA,INDUSTRIAL,TRAMO RECTO,ASFALTADA
A-2022-11-141,P-2022-11-141-2-1,2022,2022-11-12,20:10,NOCHE (18-23),LIMA,LURIGANCHO,CONDUCTOR,LESIONADO,,OTRO,MASCULINO,37,AUTOMÓVIL,CHOQUE,NACIONAL,CARRETERA,URBANA,INDUSTRIAL,TRAMO RECTO,ASFALTADA
A-2022-11-141,P-2022-11-141-2-2,2022,2022-11-12,20:10,NOCHE (18-23),LIMA,LURIGANCHO,PASAJERO,FALLECIDO,EN EL LUGAR DE LOS HECHOS,,MASCULINO,,AUTOMÓVIL,CHOQUE,NACIONAL,CARRETERA,URBANA,INDUSTRIAL,TRAMO RECTO,ASFALTADA
A-2022-11-233,P-2022-11-233-1-1,2022,2022-11-13,18:50,NOCHE (18-23),LIMA,SAN MARTIN DE PORRES,CONDUCTOR,ILESO,,,MASCULINO,23,MOTOCICLETA,CHOQUE,URBANO,AVENIDA,URBANA,RESIDENCIAL,TRAMO RECTO,ASFALTADA
A-2022-11-233,P-2022-11-233-2-1,2022,2022-11-13,18:50,NOCHE (18-23),LIMA,SAN MARTIN DE PORRES,CONDUCTOR,FALLECIDO,EN EL CENTRO DE SALUD,,MASCULINO,48,MOTOCICLETA,CHOQUE,URBANO,AVENIDA,URBANA,RESIDENCIAL,TRAMO RECTO,ASFALTADA
A-2022-11-142,P-2022-11-142-1-1,2022,2022-11-13,23:15,NOCHE (18-23),LIMA,LOS OLIVOS,CONDUCTOR,FALLECIDO,EN EL CENTRO DE SALUD,,MASCULINO,26,BICICLETA,DESPISTE,URBANO,AVENIDA,URBANA,RESIDENCIAL,TRAMO RECTO,ASFALTADA
A-2022-11-162,P-2022-11-162-1-1,2022,2022-11-14,00:30,MADRUGADA (00-05),LIMA,LURIGANCHO,CONDUCTOR FUGADO,NO SE CONOCE,,,NO INDICA,,VEHICULO NO IDENTIFICADO,ATROPELLO FUGA,URBANO,CALLE,URBANA,RESIDENCIAL,INTERSECCIÓN,ASFALTADA
A-2022-11-162,P-2022-11-162-1-2,2022,2022-11-14,00:30,MADRUGADA (00-05),LIMA,LURIGANCHO,PEATÓN,FALLECIDO,EN EL LUGAR DE LOS HECHOS,,MASCULINO,27,VEHICULO NO IDENTIFICADO,ATROPELLO FUGA,URBANO,CALLE,URBANA,RESIDENCIAL,INTERSECCIÓN,ASFALTADA
A-2022-11-143,P-2022-11-143-1-1,2022,2022-11-15,12:30,TARDE (12-17),LIMA,ANCON,CONDUCTOR,ILESO,,,MASCULINO,34,ÓMNIBUS,ATROPELLO,NACIONAL,CARRETERA,URBANA,COMERCIAL,TRAMO RECTO,ASFALTADA
A-2022-11-143,P-2022-11-143-1-2,2022,2022-11-15,12:30,TARDE (12-17),LIMA,ANCON,PEATÓN,FALLECIDO,EN EL CENTRO DE SALUD,,MASCULINO,,ÓMNIBUS,ATROPELLO,NACIONAL,CARRETERA,URBANA,COMERCIAL,TRAMO RECTO,ASFALTADA
A-2022-11-144,P-2022-11-144-1-1,2022,2022-11-15,23:00,NOCHE (18-23),LIMA,SAN MARTIN DE PORRES,CONDUCTOR,ILESO,,,MASCULINO,29,ÓMNIBUS,ATROPELLO,NACIONAL,CARRETERA,URBANA,COMERCIAL,TRAMO RECTO,ASFALTADA
A-2022-11-144,P-2022-11-144-1-2,2022,2022-11-15,23:00,NOCHE (18-23),LIMA,SAN MARTIN DE PORRES,PEATÓN,FALLECIDO,EN EL CENTRO DE SALUD,,NO INDICA,,ÓMNIBUS,ATROPELLO,NACIONAL,CARRETERA,URBANA,COMERCIAL,TRAMO RECTO,ASFALTADA
A-2022-11-145,P-2022-11-145-1-1,2022,2022-11-16,05:30,MADRUGADA (00-05),LIMA,LOS OLIVOS,CONDUCTOR,LESIONADO,,CENTRO DE SALUD PRIVADO,MASCULINO,25,AUTOMÓVIL,CHOQUE,NACIONAL,CARRETERA,URBANA,COMERCIAL,TRAMO RECTO,ASFALTADA
A-2022-11-145,P-2022-11-145-1-2,2022,2022-11-16,05:30,MADRUGADA (00-05),LIMA,LOS OLIVOS,PASAJERO,FALLECIDO,EN EL LUGAR DE LOS HECHOS,,MASCULINO,,AUTOMÓVIL,CHOQUE,NACIONAL,CARRETERA,URBANA,COMERCIAL,TRAMO RECTO,ASFALTADA
A-2022-11-145,P-2022-11-145-2-1,2022,2022-11-16,05:30,MADRUGADA (00-05),LIMA,LOS OLIVOS,CONDUCTOR,ILESO,,,MASCULINO,44,CAMIÓN,CHOQUE,NACIONAL,CARRETERA,URBANA,COMERCIAL,TRAMO RECTO,ASFALTADA
A-2022-11-146,P-2022-11-146-1-1,2022,2022-11-16,20:15,NOCHE (18-23),LIMA,BREÑA,CONDUCTOR,ILESO,,,MASCULINO,39,MINIBUS,ATROPELLO,URBANO,AVENIDA,URBANA,COMERCIAL,TRAMO RECTO,ASFALTADA
A-2022-11-146,P-2022-11-146-1-2,2022,2022-11-16,20:15,NOCHE (18-23),LIMA,BREÑA,PEATÓN,FALLECIDO,EN EL LUGAR DE LOS HECHOS,,MASCULINO,22,MINIBUS,ATROPELLO,URBANO,AVENIDA,URBANA,COMERCIAL,TRAMO RECTO,ASFALTADA
A-2022-11-146,P-2022-11-146-1-3,2022,2022-11-16,20:15,NOCHE (18-23),LIMA,BREÑA,PEATÓN,LESIONADO,,CENTRO DE SALUD PRIVADO,FEMENINO,21,MINIBUS,ATROPELLO,URBANO,AVENIDA,URBANA,COMERCIAL,TRAMO RECTO,ASFALTADA
A-2022-11-147,P-2022-11-147-1-1,2022,2022-11-18,18:00,NOCHE (18-23),LIMA,LOS OLIVOS,CONDUCTOR,ILESO,,,MASCULINO,41,REMOLCADOR-SEMIREMOLQUE,ATROPELLO,URBANO,AVENIDA,URBANA,COMERCIAL,ÓVALO,ASFALTADA
A-2022-11-147,P-2022-11-147-1-2,2022,2022-11-18,18:00,NOCHE (18-23),LIMA,LOS OLIVOS,PEATÓN,FALLECIDO,EN EL CENTRO DE SALUD,,FEMENINO,18,REMOLCADOR-SEMIREMOLQUE,ATROPELLO,URBANO,AVENIDA,URBANA,COMERCIAL,ÓVALO,ASFALTADA
A-2022-11-148,P-2022-11-148-1-1,2022,2022-11-19,05:40,MADRUGADA (00-05),LIMA,ATE,CONDUCTOR,ILESO,,,MASCULINO,39,CAMIONETA RURAL,CHOQUE,NACIONAL,CARRETERA,URBANA,INDUSTRIAL,TRAMO RECTO,ASFALTADA
A-2022-11-148,P-2022-11-148-2-1,2022,2022-11-19,05:40,MADRUGADA (00-05),LIMA,ATE,CONDUCTOR,ILESO,,,MASCULINO,34,CAMIONETA RURAL,CHOQUE,NACIONAL,CARRETERA,URBANA,INDUSTRIAL,TRAMO RECTO,ASFALTADA
A-2022-11-148,P-2022-11-148-2-2,2022,2022-11-19,05:40,MADRUGADA (00-05),LIMA,ATE,PEATÓN,FALLECIDO,EN EL LUGAR DE LOS HECHOS,,FEMENINO,46,CAMIONETA RURAL,CHOQUE,NACIONAL,CARRETERA,URBANA,INDUSTRIAL,TRAMO RECTO,ASFALTADA
A-2022-11-241,P-2022-11-241-1-1,2022,2022-11-19,17:00,TARDE (12-17),LIMA,PUEBLO LIBRE,CONDUCTOR,ILESO,,,MASCULINO,48,ÓMNIBUS,CHOQUE,URBANO,AVENIDA,URBANA,RESIDENCIAL,TRAMO RECTO,ASFALTADA
A-2022-11-241,P-2022-11-241-2-1,2022,2022-11-19,17:00,TARDE (12-17),LIMA,PUEBLO LIBRE,CONDUCTOR,FALLECIDO,EN EL LUGAR DE LOS HECHOS,,MASCULINO,,MOTOCICLETA,CHOQUE,URBANO,AVENIDA,URBANA,RESIDENCIAL,TRAMO RECTO,ASFALTADA
A-2022-11-149,P-2022-11-149-1-1,2022,2022-11-21,04:00,MADRUGADA (00-05),LIMA,EL AGUSTINO,CONDUCTOR,FALLECIDO,EN EL LUGAR DE LOS HECHOS,,MASCULINO,29,MOTOCICLETA,DESPISTE,URBANO,AVENIDA,URBANA,RESIDENCIAL,TRAMO RECTO,ASFALTADA
A-2022-11-236,P-2022-11-236-1-1,2022,2022-11-22,19:45,NOCHE (18-23),LIMA,VILLA EL SALVADOR,CONDUCTOR,ILESO,,,MASCULINO,34,TRIMOTO PASAJERO,ATROPELLO,URBANO,AVENIDA,URBANA,RESIDENCIAL,INTERSECCIÓN,ASFALTADA
A-2022-11-236,P-2022-11-236-1-2,2022,2022-11-22,19:45,NOCHE (18-23),LIMA,VILLA EL SALVADOR,PEATÓN,FALLECIDO,EN EL LUGAR DE LOS HECHOS,,MASCULINO,76,TRIMOTO PASAJERO,ATROPELLO,URBANO,AVENIDA,URBANA,RESIDENCIAL,INTERSECCIÓN,ASFALTADA
A-2022-11-150,P-2022-11-150-1-1,2022,2022-11-23,18:50,NOCHE (18-23),LIMA,PUENTE PIEDRA,CONDUCTOR,ILESO,,,MASCULINO,48,CAMIÓN,ATROPELLO,NACIONAL,CARRETERA,URBANA,COMERCIAL,INTERSECCIÓN,ASFALTADA
A-2022-11-150,P-2022-11-150-1-2,2022,2022-11-23,18:50,NOCHE (18-23),LIMA,PUENTE PIEDRA,PEATÓN,FALLECIDO,EN EL LUGAR DE LOS HECHOS,,MASCULINO,27,CAMIÓN,ATROPELLO,NACIONAL,CARRETERA,URBANA,COMERCIAL,INTERSECCIÓN,ASFALTADA
A-2022-11-232,P-2022-11-232-1-1,2022,2022-11-24,19:40,NOCHE (18-23),LIMA,RIMAC,CONDUCTOR,ILESO,,,MASCULINO,28,ÓMNIBUS,ATROPELLO,URBANO,JIRÓN,URBANA,COMERCIAL,TRAMO RECTO,ASFALTADA
A-2022-11-232,P-2022-11-232-1-2,2022,2022-11-24,19:40,NOCHE (18-23),LIMA,RIMAC,PEATÓN,FALLECIDO,EN EL CENTRO DE SALUD,,MASCULINO,71,ÓMNIBUS,ATROPELLO,URBANO,JIRÓN,URBANA,COMERCIAL,TRAMO RECTO,ASFALTADA
A-2022-11-151,P-2022-11-151-1-1,2022,2022-11-25,11:45,MANANA (06-11),LIMA,COMAS,CONDUCTOR FUGADO,NO SE CONOCE,,,NO INDICA,,VEHICULO NO IDENTIFICADO,CAÍDA DE PASAJERO,URBANO,AVENIDA,URBANA,RESIDENCIAL,CURVA,ASFALTADA
A-2022-11-151,P-2022-11-151-1-2,2022,2022-11-25,11:45,MANANA (06-11),LIMA,COMAS,PASAJERO,FALLECIDO,EN EL CENTRO DE SALUD,,MASCULINO,,VEHICULO NO IDENTIFICADO,CAÍDA DE PASAJERO,URBANO,AVENIDA,URBANA,RESIDENCIAL,CURVA,ASFALTADA
A-2022-11-163,P-2022-11-163-1-1,2022,2022-11-25,15:50,TARDE (12-17),LIMA,VILLA MARIA DEL TRIUNFO,CONDUCTOR,ILESO,,,MASCULINO,24,MOTOCICLETA,ATROPELLO,URBANO,CALLE,URBANA,RESIDENCIAL,INTERSECCIÓN,ASFALTADA
A-2022-11-163,P-2022-11-163-1-2,2022,2022-11-25,15:50,TARDE (12-17),LIMA,VILLA MARIA DEL TRIUNFO,PEATÓN,FALLECIDO,EN EL CENTRO DE SALUD,,MASCULINO,83,MOTOCICLETA,ATROPELLO,URBANO,CALLE,URBANA,RESIDENCIAL,INTERSECCIÓN,ASFALTADA
A-2022-11-234,P-2022-11-234-1-1,2022,2022-11-26,07:50,MANANA (06-11),LIMA,LOS OLIVOS,CONDUCTOR,FALLECIDO,EN EL CENTRO DE SALUD,,MASCULINO,26,AUTOMÓVIL,DESPISTE,URBANO,AVENIDA,URBANA,RESIDENCIAL,INTERSECCIÓN,ASFALTADA
A-2022-11-153,P-2022-11-153-1-1,2022,2022-11-27,05:52,MADRUGADA (00-05),LIMA,ANCON,CONDUCTOR,FALLECIDO,EN EL LUGAR DE LOS HECHOS,,MASCULINO,33,MOTOCICLETA,DESPISTE,URBANO,CALLE,URBANA,RESIDENCIAL,INTERSECCIÓN,AFIRMADO
A-2022-11-122,P-2022-11-122-1-1,2022,2022-11-27,10:10,MANANA (06-11),CALLAO,VENTANILLA,CONDUCTOR,ILESO,,,FEMENINO,35,AUTOMÓVIL,ATROPELLO,URBANO,CALLE,URBANA,RURAL,OTRO,AFIRMADO
A-2022-11-122,P-2022-11-122-1-2,2022,2022-11-27,10:10,MANANA (06-11),CALLAO,VENTANILLA,PEATÓN,FALLECIDO,EN EL LUGAR DE LOS HECHOS,,FEMENINO,57,AUTOMÓVIL,ATROPELLO,URBANO,CALLE,URBANA,RURAL,OTRO,AFIRMADO
A-2022-11-122,P-2022-11-122-1-3,2022,2022-11-27,10:10,MANANA (06-11),CALLAO,VENTANILLA,PEATÓN,LESIONADO,,CENTRO DE SALUD PÚBLICO,FEMENINO,9,AUTOMÓVIL,ATROPELLO,URBANO,CALLE,URBANA,RURAL,OTRO,AFIRMADO
A-2022-11-152,P-2022-11-152-1-1,2022,2022-11-27,15:00,TARDE (12-17),LIMA,SAN BORJA,CONDUCTOR,FALLECIDO,EN EL LUGAR DE LOS HECHOS,,MASCULINO,51,MOTOCICLETA,DESPISTE,URBANO,AVENIDA,URBANA,COMERCIAL,TRAMO RECTO,ASFALTADA
A-2022-11-154,P-2022-11-154-1-1,2022,2022-11-28,05:30,MADRUGADA (00-05),LIMA,SAN MARTIN DE PORRES,CONDUCTOR,FALLECIDO,EN EL LUGAR DE LOS HECHOS,,MASCULINO,34,MOTOCICLETA,DESPISTE,NACIONAL,CARRETERA,URBANA,COMERCIAL,TRAMO RECTO,ASFALTADA
A-2022-11-237,P-2022-11-237-1-1,2022,2022-11-30,03:30,MADRUGADA (00-05),LIMA,SANTIAGO DE SURCO,CONDUCTOR,FALLECIDO,EN EL CENTRO DE SALUD,,MASCULINO,29,MOTOCICLETA,DESPISTE,NACIONAL,CARRETERA,URBANA,COMERCIAL,TRAMO RECTO,ASFALTADA
A-2022-11-237,P-2022-11-237-2-1,2022,2022-11-30,03:30,MADRUGADA (00-05),LIMA,SANTIAGO DE SURCO,CONDUCTOR,ILESO,,,MASCULINO,48,CAMIONETA PANEL,DESPISTE,NACIONAL,CARRETERA,URBANA,COMERCIAL,TRAMO RECTO,ASFALTADA
A-2022-12-147,P-2022-12-147-1-1,2022,2022-12-02,08:30,MANANA (06-11),LIMA,ATE,CONDUCTOR,FALLECIDO,EN EL LUGAR DE LOS HECHOS,,MASCULINO,24,MOTOCICLETA,CHOQUE,NACIONAL,CARRETERA,URBANA,COMERCIAL,TRAMO RECTO,ASFALTADA
A-2022-12-147,P-2022-12-147-1-2,2022,2022-12-02,08:30,MANANA (06-11),LIMA,ATE,PASAJERO,LESIONADO,,CENTRO DE SALUD PÚBLICO,FEMENINO,21,MOTOCICLETA,CHOQUE,NACIONAL,CARRETERA,URBANA,COMERCIAL,TRAMO RECTO,ASFALTADA
A-2022-12-147,P-2022-12-147-2-1,2022,2022-12-02,08:30,MANANA (06-11),LIMA,ATE,CONDUCTOR,ILESO,,,MASCULINO,43,REMOLCADOR-SEMIREMOLQUE,CHOQUE,NACIONAL,CARRETERA,URBANA,COMERCIAL,TRAMO RECTO,ASFALTADA
A-2022-12-135,P-2022-12-135-1-1,2022,2022-12-02,22:55,NOCHE (18-23),LIMA,LURIGANCHO,CONDUCTOR,FALLECIDO,EN EL LUGAR DE LOS HECHOS,,MASCULINO,22,MOTOCICLETA,DESPISTE,NACIONAL,CARRETERA,URBANA,COMERCIAL,CURVA,ASFALTADA
A-2022-12-136,P-2022-12-136-1-1,2022,2022-12-03,07:00,MANANA (06-11),LIMA,CARABAYLLO,CONDUCTOR,ILESO,,,MASCULINO,33,REMOLCADOR,ATROPELLO,URBANO,AVENIDA,URBANA,COMERCIAL,INTERSECCIÓN,ASFALTADA
A-2022-12-136,P-2022-12-136-1-2,2022,2022-12-03,07:00,MANANA (06-11),LIMA,CARABAYLLO,PEATÓN,FALLECIDO,EN EL CENTRO DE SALUD,,MASCULINO,71,REMOLCADOR,ATROPELLO,URBANO,AVENIDA,URBANA,COMERCIAL,INTERSECCIÓN,ASFALTADA
A-2022-12-137,P-2022-12-137-1-1,2022,2022-12-03,12:00,TARDE (12-17),LIMA,LURIN,CONDUCTOR,ILESO,,,MASCULINO,37,CAMIONETA RURAL,ATROPELLO,URBANO,AVENIDA,URBANA,COMERCIAL,TRAMO RECTO,ASFALTADA
A-2022-12-137,P-2022-12-137-1-2,2022,2022-12-03,12:00,TARDE (12-17),LIMA,LURIN,PEATÓN,FALLECIDO,EN EL CENTRO DE SALUD,,MASCULINO,76,CAMIONETA RURAL,ATROPELLO,URBANO,AVENIDA,URBANA,COMERCIAL,TRAMO RECTO,ASFALTADA
A-2022-12-148,P-2022-12-148-1-1,2022,2022-12-04,02:10,MADRUGADA (00-05),LIMA,MIRAFLORES,CONDUCTOR,FALLECIDO,EN EL LUGAR DE LOS HECHOS,,MASCULINO,28,MOTOCICLETA,DESPISTE,URBANO,OTRO,URBANA,COMERCIAL,TRAMO RECTO,ASFALTADA
A-2022-12-148,P-2022-12-148-1-2,2022,2022-12-04,02:10,MADRUGADA (00-05),LIMA,MIRAFLORES,PASAJERO,LESIONADO,,OTRO,FEMENINO,27,MOTOCICLETA,DESPISTE,URBANO,OTRO,URBANA,COMERCIAL,TRAMO RECTO,ASFALTADA
A-2022-12-110,P-2022-12-110-1-1,2022,2022-12-04,19:45,NOCHE (18-23),CALLAO,CALLAO,CONDUCTOR,ILESO,,,MASCULINO,60,AUTOMÓVIL,ATROPELLO,URBANO,AVENIDA,URBANA,RESIDENCIAL,TRAMO RECTO,ASFALTADA
A-2022-12-110,P-2022-12-110-1-2,2022,2022-12-04,19:45,NOCHE (18-23),CALLAO,CALLAO,PEATÓN,FALLECIDO,EN EL CENTRO DE SALUD,,FEMENINO,73,AUTOMÓVIL,ATROPELLO,URBANO,AVENIDA,URBANA,RESIDENCIAL,TRAMO RECTO,ASFALTADA
A-2022-12-138,P-2022-12-138-1-1,2022,2022-12-05,18:00,NOCHE (18-23),LIMA,LURIGANCHO,CONDUCTOR,ILESO,,,FEMENINO,34,TRIMOTO PASAJERO,DESPISTE,URBANO,AVENIDA,URBANA,RESIDENCIAL,TRAMO RECTO,AFIRMADO
A-2022-12-138,P-2022-12-138-1-2,2022,2022-12-05,18:00,NOCHE (18-23),LIMA,LURIGANCHO,PASAJERO,FALLECIDO,CAMINO AL CENTRO DE SALUD,,FEMENINO,2,TRIMOTO PASAJERO,DESPISTE,URBANO,AVENIDA,URBANA,RESIDENCIAL,TRAMO RECTO,AFIRMADO
A-2022-12-149,P-2022-12-149-1-1,2022,2022-12-05,20:30,NOCHE (18-23),LIMA,PACHACAMAC,CONDUCTOR,ILESO,,,MASCULINO,31,AUTOMÓVIL,ATROPELLO,PROVINCIAL,CARRETERA,URBANA,RESIDENCIAL,INTERSECCIÓN,ASFALTADA
A-2022-12-149,P-2022-12-149-1-2,2022,2022-12-05,20:30,NOCHE (18-23),LIMA,PACHACAMAC,PEATÓN,FALLECIDO,EN EL CENTRO DE SALUD,,FEMENINO,74,AUTOMÓVIL,ATROPELLO,PROVINCIAL,CARRETERA,URBANA,RESIDENCIAL,INTERSECCIÓN,ASFALTADA
A-2022-12-139,P-2022-12-139-1-1,2022,2022-12-05,23:30,NOCHE (18-23),LIMA,SAN MARTIN DE PORRES,CONDUCTOR,FALLECIDO,EN EL LUGAR DE LOS HECHOS,,MASCULINO,42,MOTOCICLETA,DESPISTE,URBANO,AVENIDA,URBANA,RESIDENCIAL,TRAMO RECTO,ASFALTADA
A-2022-12-140,P-2022-12-140-1-1,2022,2022-12-06,10:00,MANANA (06-11),LIMA,MIRAFLORES,CONDUCTOR,FALLECIDO,EN EL LUGAR DE LOS HECHOS,,MASCULINO,39,MOTOCICLETA,DESPISTE,URBANO,OTRO,URBANA,COMERCIAL,TRAMO RECTO,ASFALTADA
A-2022-12-150,P-2022-12-150-1-1,2022,2022-12-06,11:20,MANANA (06-11),LIMA,SAN ISIDRO,CONDUCTOR,ILESO,,,MASCULINO,39,ÓMNIBUS,ATROPELLO,URBANO,AVENIDA,URBANA,COMERCIAL,TRAMO RECTO,ASFALTADA
A-2022-12-150,P-2022-12-150-1-2,2022,2022-12-06,11:20,MANANA (06-11),LIMA,SAN ISIDRO,PEATÓN,FALLECIDO,EN EL LUGAR DE LOS HECHOS,,MASCULINO,,ÓMNIBUS,ATROPELLO,URBANO,AVENIDA,URBANA,COMERCIAL,TRAMO RECTO,ASFALTADA
A-2022-12-150,P-2022-12-150-2-1,2022,2022-12-06,11:20,MANANA (06-11),LIMA,SAN ISIDRO,CONDUCTOR,ILESO,,,MASCULINO,30,CAMIONETA RURAL,ATROPELLO,URBANO,AVENIDA,URBANA,COMERCIAL,TRAMO RECTO,ASFALTADA
A-2022-12-150,P-2022-12-150-3-1,2022,2022-12-06,11:20,MANANA (06-11),LIMA,SAN ISIDRO,CONDUCTOR,ILESO,,,MASCULINO,30,REMOLCADOR,ATROPELLO,URBANO,AVENIDA,URBANA,COMERCIAL,TRAMO RECTO,ASFALTADA
A-2022-12-141,P-2022-12-141-1-1,2022,2022-12-08,04:50,MADRUGADA (00-05),LIMA,CHORRILLOS,CONDUCTOR,FALLECIDO,EN EL LUGAR DE LOS HECHOS,,MASCULINO,49,MOTOCICLETA,DESPISTE,URBANO,AVENIDA,URBANA,COMERCIAL,TRAMO RECTO,ASFALTADA
A-2022-12-142,P-2022-12-142-1-1,2022,2022-12-10,10:30,MANANA (06-11),LIMA,LIMA,CONDUCTOR,ILESO,,,MASCULINO,59,AUTOMÓVIL,DESPISTE,URBANO,JIRÓN,URBANA,COMERCIAL,TRAMO RECTO,ASFALTADA
A-2022-12-142,P-2022-12-142-1-2,2022,2022-12-10,10:30,MANANA (06-11),LIMA,LIMA,PEATÓN,FALLECIDO,EN EL CENTRO DE SALUD,,MASCULINO,36,AUTOMÓVIL,DESPISTE,URBANO,JIRÓN,URBANA,COMERCIAL,TRAMO RECTO,ASFALTADA
A-2022-12-142,P-2022-12-142-1-3,2022,2022-12-10,10:30,MANANA (06-11),LIMA,LIMA,PEATÓN,LESIONADO,,CENTRO DE SALUD PRIVADO,MASCULINO,82,AUTOMÓVIL,DESPISTE,URBANO,JIRÓN,URBANA,COMERCIAL,TRAMO RECTO,ASFALTADA
A-2022-12-133,P-2022-12-133-1-1,2022,2022-12-10,14:00,TARDE (12-17),CALLAO,CALLAO,CONDUCTOR,FALLECIDO,EN EL LUGAR DE LOS HECHOS,,MASCULINO,23,MOTOCICLETA,CHOQUE CON OBJETO FIJO,NACIONAL,CARRETERA,URBANA,COMERCIAL,TRAMO RECTO,CONCRETO
A-2022-12-151,P-2022-12-151-1-1,2022,2022-12-10,23:30,NOCHE (18-23),LIMA,SAN JUAN DE MIRAFLORES,SIN CONDUCTOR,NO SE CONOCE,,,NO INDICA,,AUTOMÓVIL,ATROPELLO FUGA,NACIONAL,CARRETERA,URBANA,COMERCIAL,TRAMO RECTO,ASFALTADA
A-2022-12-151,P-2022-12-151-2-1,2022,2022-12-10,23:30,NOCHE (18-23),LIMA,SAN JUAN DE MIRAFLORES,CONDUCTOR FUGADO,NO SE CONOCE,,,NO INDICA,,VEHICULO NO IDENTIFICADO,ATROPELLO FUGA,NACIONAL,CARRETERA,URBANA,COMERCIAL,TRAMO RECTO,ASFALTADA
A-2022-12-151,P-2022-12-151-2-2,2022,2022-12-10,23:30,NOCHE (18-23),LIMA,SAN JUAN DE MIRAFLORES,PEATÓN,FALLECIDO,EN EL LUGAR DE LOS HECHOS,,FEMENINO,39,VEHICULO NO IDENTIFICADO,ATROPELLO FUGA,NACIONAL,CARRETERA,URBANA,COMERCIAL,TRAMO RECTO,ASFALTADA
A-2022-12-143,P-2022-12-143-1-1,2022,2022-12-11,00:15,MADRUGADA (00-05),LIMA,LURIGANCHO,CONDUCTOR,ILESO,,,MASCULINO,41,ÓMNIBUS,ATROPELLO,NACIONAL,CARRETERA,URBANA,RURAL,TRAMO RECTO,ASFALTADA
A-2022-12-143,P-2022-12-143-1-2,2022,2022-12-11,00:15,MADRUGADA (00-05),LIMA,LURIGANCHO,PEATÓN,FALLECIDO,EN EL CENTRO DE SALUD,,MASCULINO,,ÓMNIBUS,ATROPELLO,NACIONAL,CARRETERA,URBANA,RURAL,TRAMO RECTO,ASFALTADA
A-2022-12-144,P-2022-12-144-1-1,2022,2022-12-11,12:50,TARDE (12-17),LIMA,COMAS,CONDUCTOR,ILESO,,,MASCULINO,37,AUTOMÓVIL,ATROPELLO,NACIONAL,CARRETERA,URBANA,INDUSTRIAL,TRAMO RECTO,ASFALTADA
A-2022-12-144,P-2022-12-144-1-2,2022,2022-12-11,12:50,TARDE (12-17),LIMA,COMAS,PEATÓN,FALLECIDO,EN EL CENTRO DE SALUD,,MASCULINO,79,AUTOMÓVIL,ATROPELLO,NACIONAL,CARRETERA,URBANA,INDUSTRIAL,TRAMO RECTO,ASFALTADA
A-2022-12-152,P-2022-12-152-1-1,2022,2022-12-12,18:15,NOCHE (18-23),LIMA,SAN MARTIN DE PORRES,CONDUCTOR,NO SE CONOCE,,,MASCULINO,,MOTOCICLETA,ATROPELLO,URBANO,AVENIDA,URBANA,COMERCIAL,TRAMO RECTO,ASFALTADA
A-2022-12-152,P-2022-12-152-1-2,2022,2022-12-12,18:15,NOCHE (18-23),LIMA,SAN MARTIN DE PORRES,PEATÓN,FALLECIDO,EN EL CENTRO DE SALUD,,FEMENINO,70,MOTOCICLETA,ATROPELLO,URBANO,AVENIDA,URBANA,COMERCIAL,TRAMO RECTO,ASFALTADA
A-2022-12-153,P-2022-12-153-1-1,2022,2022-12-13,13:00,TARDE (12-17),LIMA,SAN MARTIN DE PORRES,CONDUCTOR,ILESO,,,MASCULINO,38,CAMIÓN,ATROPELLO,URBANO,AVENIDA,URBANA,COMERCIAL,INTERSECCIÓN,ASFALTADA
A-2022-12-153,P-2022-12-153-1-2,2022,2022-12-13,13:00,TARDE (12-17),LIMA,SAN MARTIN DE PORRES,PEATÓN,FALLECIDO,EN EL CENTRO DE SALUD,,FEMENINO,17,CAMIÓN,ATROPELLO,URBANO,AVENIDA,URBANA,COMERCIAL,INTERSECCIÓN,ASFALTADA
A-2022-12-154,P-2022-12-154-1-1,2022,2022-12-13,21:10,NOCHE (18-23),LIMA,LOS OLIVOS,CONDUCTOR FUGADO,NO SE CONOCE,,,NO INDICA,,VEHICULO NO IDENTIFICADO,ATROPELLO FUGA,URBANO,AVENIDA,URBANA,COMERCIAL,TRAMO RECTO,ASFALTADA
A-2022-12-154,P-2022-12-154-1-2,2022,2022-12-13,21:10,NOCHE (18-23),LIMA,LOS OLIVOS,PEATÓN,FALLECIDO,EN EL CENTRO DE SALUD,,FEMENINO,41,VEHICULO NO IDENTIFICADO,ATROPELLO FUGA,URBANO,AVENIDA,URBANA,COMERCIAL,TRAMO RECTO,ASFALTADA
A-2022-12-230,P-2022-12-230-1-1,2022,2022-12-15,21:50,NOCHE (18-23),LIMA,COMAS,CONDUCTOR,ILESO,,,MASCULINO,69,TRIMOTO PASAJERO,ATROPELLO,URBANO,AVENIDA,URBANA,RESIDENCIAL,TRAMO RECTO,ASFALTADA
A-2022-12-230,P-2022-12-230-1-2,2022,2022-12-15,21:50,NOCHE (18-23),LIMA,COMAS,PEATÓN,FALLECIDO,EN EL CENTRO DE SALUD,,MASCULINO,80,TRIMOTO PASAJERO,ATROPELLO,URBANO,AVENIDA,URBANA,RESIDENCIAL,TRAMO RECTO,ASFALTADA
A-2022-12-155,P-2022-12-155-1-1,2022,2022-12-18,03:00,MADRUGADA (00-05),LIMA,LURIN,CONDUCTOR FUGADO,NO SE CONOCE,,,NO INDICA,,VEHICULO NO IDENTIFICADO,ATROPELLO FUGA,NACIONAL,CARRETERA,URBANA,COMERCIAL,TRAMO RECTO,ASFALTADA
A-2022-12-155,P-2022-12-155-1-2,2022,2022-12-18,03:00,MADRUGADA (00-05),LIMA,LURIN,PEATÓN,FALLECIDO,EN EL LUGAR DE LOS HECHOS,,MASCULINO,44,VEHICULO NO IDENTIFICADO,ATROPELLO FUGA,NACIONAL,CARRETERA,URBANA,COMERCIAL,TRAMO RECTO,ASFALTADA
A-2022-12-231,P-2022-12-231-1-1,2022,2022-12-18,07:50,MANANA (06-11),LIMA,LURIGANCHO,CONDUCTOR,ILESO,,,MASCULINO,69,OTRO,ESPECIAL,URBANO,AUTOPISTA,URBANA,COMERCIAL,OTRO,TROCHA
A-2022-12-231,P-2022-12-231-1-2,2022,2022-12-18,07:50,MANANA (06-11),LIMA,LURIGANCHO,PEATÓN,FALLECIDO,EN EL CENTRO DE SALUD,,MASCULINO,5,OTRO,ESPECIAL,URBANO,AUTOPISTA,URBANA,COMERCIAL,OTRO,TROCHA
A-2022-12-156,P-2022-12-156-1-1,2022,2022-12-19,02:00,MADRUGADA (00-05),LIMA,PUENTE PIEDRA,CONDUCTOR,LESIONADO,,CENTRO DE SALUD PÚBLICO,MASCULINO,25,MOTOCICLETA,DESPISTE,NACIONAL,CARRETERA,URBANA,COMERCIAL,TRAMO RECTO,ASFALTADA
A-2022-12-156,P-2022-12-156-1-2,2022,2022-12-19,02:00,MADRUGADA (00-05),LIMA,PUENTE PIEDRA,PASAJERO,FALLECIDO,EN EL LUGAR DE LOS HECHOS,,FEMENINO,24,MOTOCICLETA,DESPISTE,NACIONAL,CARRETERA,URBANA,COMERCIAL,TRAMO RECTO,ASFALTADA
A-2022-12-157,P-2022-12-157-1-1,2022,2022-12-19,09:25,MANANA (06-11),LIMA,PUENTE PIEDRA,CONDUCTOR,ILESO,,,MASCULINO,26,MOTOCICLETA,VOLCADURA,NACIONAL,CARRETERA,URBANA,COMERCIAL,TRAMO RECTO,ASFALTADA
A-2022-12-157,P-2022-12-157-1-2,2022,2022-12-19,09:25,MANANA (06-11),LIMA,PUENTE PIEDRA,PASAJERO,FALLECIDO,EN EL LUGAR DE LOS HECHOS,,FEMENINO,22,MOTOCICLETA,VOLCADURA,NACIONAL,CARRETERA,URBANA,COMERCIAL,TRAMO RECTO,ASFALTADA
A-2022-12-157,P-2022-12-157-2-1,2022,2022-12-19,09:25,MANANA (06-11),LIMA,PUENTE PIEDRA,CONDUCTOR,ILESO,,,MASCULINO,36,REMOLCADOR-SEMIREMOLQUE,VOLCADURA,NACIONAL,CARRETERA,URBANA,COMERCIAL,TRAMO RECTO,ASFALTADA
A-2022-12-158,P-2022-12-158-1-1,2022,2022-12-19,22:00,NOCHE (18-23),LIMA,SAN MARTIN DE PORRES,CONDUCTOR,ILESO,,,MASCULINO,24,MOTOCICLETA,ATROPELLO,URBANO,AVENIDA,URBANA,COMERCIAL,INTERSECCIÓN,ASFALTADA
A-2022-12-158,P-2022-12-158-1-2,2022,2022-12-19,22:00,NOCHE (18-23),LIMA,SAN MARTIN DE PORRES,PEATÓN,FALLECIDO,EN EL LUGAR DE LOS HECHOS,,MASCULINO,63,MOTOCICLETA,ATROPELLO,URBANO,AVENIDA,URBANA,COMERCIAL,INTERSECCIÓN,ASFALTADA
A-2022-12-159,P-2022-12-159-1-1,2022,2022-12-19,23:45,NOCHE (18-23),LIMA,LURIGANCHO,CONDUCTOR FUGADO,NO SE CONOCE,,,NO INDICA,,VEHICULO NO IDENTIFICADO,ATROPELLO FUGA,URBANO,AVENIDA,URBANA,RESIDENCIAL,TRAMO RECTO,AFIRMADO
A-2022-12-159,P-2022-12-159-1-2,2022,2022-12-19,23:45,NOCHE (18-23),LIMA,LURIGANCHO,PEATÓN,FALLECIDO,EN EL LUGAR DE LOS HECHOS,,MASCULINO,66,VEHICULO NO IDENTIFICADO,ATROPELLO FUGA,URBANO,AVENIDA,URBANA,RESIDENCIAL,TRAMO RECTO,AFIRMADO
A-2022-12-162,P-2022-12-162-1-1,2022,2022-12-20,06:30,MANANA (06-11),LIMA,RIMAC,CONDUCTOR,FALLECIDO,EN EL LUGAR DE LOS HECHOS,,MASCULINO,38,MOTOCICLETA,VOLCADURA,NACIONAL,CARRETERA,URBANA,RESIDENCIAL,TRAMO RECTO,ASFALTADA
A-2022-12-160,P-2022-12-160-1-1,2022,2022-12-20,11:15,MANANA (06-11),LIMA,CARABAYLLO,CONDUCTOR FUGADO,NO SE CONOCE,,,NO INDICA,,VEHICULO NO IDENTIFICADO,ATROPELLO FUGA,URBANO,AVENIDA,URBANA,COMERCIAL,TRAMO RECTO,ASFALTADA
A-2022-12-160,P-2022-12-160-1-2,2022,2022-12-20,11:15,MANANA (06-11),LIMA,CARABAYLLO,PEATÓN,FALLECIDO,EN EL LUGAR DE LOS HECHOS,,MASCULINO,73,VEHICULO NO IDENTIFICADO,ATROPELLO FUGA,URBANO,AVENIDA,URBANA,COMERCIAL,TRAMO RECTO,ASFALTADA
A-2022-12-161,P-2022-12-161-1-1,2022,2022-12-20,14:15,TARDE (12-17),LIMA,PUCUSANA,CONDUCTOR,ILESO,,,MASCULINO,47,AUTOMÓVIL,ATROPELLO,NACIONAL,CARRETERA,URBANA,RURAL,TRAMO RECTO,ASFALTADA
A-2022-12-161,P-2022-12-161-1-2,2022,2022-12-20,14:15,TARDE (12-17),LIMA,PUCUSANA,PEATÓN,FALLECIDO,EN EL CENTRO DE SALUD,,MASCULINO,16,AUTOMÓVIL,ATROPELLO,NACIONAL,CARRETERA,URBANA,RURAL,TRAMO RECTO,ASFALTADA
A-2022-12-163,P-2022-12-163-1-1,2022,2022-12-21,07:30,MANANA (06-11),LIMA,JESUS MARIA,CONDUCTOR,ILESO,,,MASCULINO,39,CAMIÓN,ATROPELLO,URBANO,AVENIDA,URBANA,COMERCIAL,TRAMO RECTO,ASFALTADA
A-2022-12-163,P-2022-12-163-1-2,2022,2022-12-21,07:30,MANANA (06-11),LIMA,JESUS MARIA,PEATÓN,FALLECIDO,EN EL LUGAR DE LOS HECHOS,,FEMENINO,71,CAMIÓN,ATROPELLO,URBANO,AVENIDA,URBANA,COMERCIAL,TRAMO RECTO,ASFALTADA
A-2022-12-164,P-2022-12-164-1-1,2022,2022-12-21,19:40,NOCHE (18-23),LIMA,PUENTE PIEDRA,CONDUCTOR FUGADO,NO SE CONOCE,,,NO INDICA,,VEHICULO NO IDENTIFICADO,ATROPELLO FUGA,NACIONAL,CARRETERA,URBANA,ESCOLAR,CURVA,ASFALTADA
A-2022-12-164,P-2022-12-164-1-2,2022,2022-12-21,19:40,NOCHE (18-23),LIMA,PUENTE PIEDRA,PEATÓN,FALLECIDO,EN EL LUGAR DE LOS HECHOS,,MASCULINO,,VEHICULO NO IDENTIFICADO,ATROPELLO FUGA,NACIONAL,CARRETERA,URBANA,ESCOLAR,CURVA,ASFALTADA
A-2022-12-165,P-2022-12-165-1-1,2022,2022-12-21,22:30,NOCHE (18-23),LIMA,LURIN,CONDUCTOR,FALLECIDO,EN EL LUGAR DE LOS HECHOS,,MASCULINO,45,AUTOMÓVIL,CHOQUE,NACIONAL,CARRETERA,URBANA,COMERCIAL,TRAMO RECTO,ASFALTADA
A-2022-12-165,P-2022-12-165-2-1,2022,2022-12-21,22:30,NOCHE (18-23),LIMA,LURIN,CONDUCTOR,ILESO,,,MASCULINO,51,ÓMNIBUS,CHOQUE,NACIONAL,CARRETERA,URBANA,COMERCIAL,TRAMO RECTO,ASFALTADA
A-2022-12-167,P-2022-12-167-1-1,2022,2022-12-22,13:30,TARDE (12-17),LIMA,ATE,CONDUCTOR,FALLECIDO,EN EL CENTRO DE SALUD,,MASCULINO,17,CAMIONETA RURAL,DESPISTE,URBANO,AVENIDA,URBANA,RESIDENCIAL,TRAMO RECTO,ASFALTADA
A-2022-12-167,P-2022-12-167-1-2,2022,2022-12-22,13:30,TARDE (12-17),LIMA,ATE,PASAJERO,FALLECIDO,EN EL LUGAR DE LOS HECHOS,,FEMENINO,22,CAMIONETA RURAL,DESPISTE,URBANO,AVENIDA,URBANA,RESIDENCIAL,TRAMO RECTO,ASFALTADA
A-2022-12-167,P-2022-12-167-1-3,2022,2022-12-22,13:30,TARDE (12-17),LIMA,ATE,PASAJERO,LESIONADO,,CENTRO DE SALUD PÚBLICO,NO INDICA,,CAMIONETA RURAL,DESPISTE,URBANO,AVENIDA,URBANA,RESIDENCIAL,TRAMO RECTO,ASFALTADA
A-2022-12-167,P-2022-12-167-1-4,2022,2022-12-22,13:30,TARDE (12-17),LIMA,ATE,PASAJERO,LESIONADO,,CENTRO DE SALUD PÚBLICO,NO INDICA,,CAMIONETA RURAL,DESPISTE,URBANO,AVENIDA,URBANA,RESIDENCIAL,TRAMO RECTO,ASFALTADA
A-2022-12-167,P-2022-12-167-1-5,2022,2022-12-22,13:30,TARDE (12-17),LIMA,ATE,PASAJERO,LESIONADO,,CENTRO DE SALUD PÚBLICO,NO INDICA,,CAMIONETA RURAL,DESPISTE,URBANO,AVENIDA,URBANA,RESIDENCIAL,TRAMO RECTO,ASFALTADA
A-2022-12-167,P-2022-12-167-1-6,2022,2022-12-22,13:30,TARDE (12-17),LIMA,ATE,PASAJERO,LESIONADO,,CENTRO DE SALUD PÚBLICO,NO INDICA,,CAMIONETA RURAL,DESPISTE,URBANO,AVENIDA,URBANA,RESIDENCIAL,TRAMO RECTO,ASFALTADA
A-2022-12-167,P-2022-12-167-1-7,2022,2022-12-22,13:30,TARDE (12-17),LIMA,ATE,PASAJERO,LESIONADO,,CENTRO DE SALUD PÚBLICO,NO INDICA,,CAMIONETA RURAL,DESPISTE,URBANO,AVENIDA,URBANA,RESIDENCIAL,TRAMO RECTO,ASFALTADA
A-2022-12-134,P-2022-12-134-1-1,2022,2022-12-23,16:40,TARDE (12-17),CALLAO,CALLAO,CONDUCTOR FUGADO,NO SE CONOCE,,,NO INDICA,,VEHICULO NO IDENTIFICADO,ATROPELLO FUGA,URBANO,AVENIDA,URBANA,COMERCIAL,TRAMO RECTO,ASFALTADA
A-2022-12-134,P-2022-12-134-1-2,2022,2022-12-23,16:40,TARDE (12-17),CALLAO,CALLAO,PEATÓN,FALLECIDO,CAMINO AL CENTRO DE SALUD,,MASCULINO,82,VEHICULO NO IDENTIFICADO,ATROPELLO FUGA,URBANO,AVENIDA,URBANA,COMERCIAL,TRAMO RECTO,ASFALTADA
A-2022-12-166,P-2022-12-166-1-1,2022,2022-12-23,23:00,NOCHE (18-23),LIMA,COMAS,CONDUCTOR,ILESO,,,FEMENINO,29,AUTOMÓVIL,ATROPELLO,URBANO,AVENIDA,URBANA,RESIDENCIAL,TRAMO RECTO,ASFALTADA
A-2022-12-166,P-2022-12-166-1-2,2022,2022-12-23,23:00,NOCHE (18-23),LIMA,COMAS,PEATÓN,FALLECIDO,EN EL CENTRO DE SALUD,,FEMENINO,,AUTOMÓVIL,ATROPELLO,URBANO,AVENIDA,URBANA,RESIDENCIAL,TRAMO RECTO,ASFALTADA
A-2022-12-169,P-2022-12-169-1-1,2022,2022-12-25,02:45,MADRUGADA (00-05),LIMA,SANTIAGO DE SURCO,CONDUCTOR FUGADO,NO SE CONOCE,,,NO INDICA,,VEHICULO NO IDENTIFICADO,ATROPELLO FUGA,NACIONAL,CARRETERA,URBANA,COMERCIAL,TRAMO RECTO,ASFALTADA
A-2022-12-169,P-2022-12-169-1-2,2022,2022-12-25,02:45,MADRUGADA (00-05),LIMA,SANTIAGO DE SURCO,PEATÓN,FALLECIDO,EN EL LUGAR DE LOS HECHOS,,MASCULINO,,VEHICULO NO IDENTIFICADO,ATROPELLO FUGA,NACIONAL,CARRETERA,URBANA,COMERCIAL,TRAMO RECTO,ASFALTADA
A-2022-12-170,P-2022-12-170-1-1,2022,2022-12-25,07:30,MANANA (06-11),LIMA,BARRANCO,CONDUCTOR,FALLECIDO,EN EL LUGAR DE LOS HECHOS,,MASCULINO,35,MOTOCICLETA,DESPISTE,URBANO,AUTOPISTA,URBANA,COMERCIAL,CURVA,ASFALTADA
A-2022-12-168,P-2022-12-168-1-1,2022,2022-12-25,16:30,TARDE (12-17),LIMA,LIMA,CONDUCTOR,ILESO,,,MASCULINO,57,MINIBUS,CHOQUE,URBANO,AVENIDA,URBANA,COMERCIAL,INTERSECCIÓN,ASFALTADA
A-2022-12-168,P-2022-12-168-2-1,2022,2022-12-25,16:30,TARDE (12-17),LIMA,LIMA,CONDUCTOR,ILESO,,,MASCULINO,50,TRIMOTO PASAJERO,CHOQUE,URBANO,AVENIDA,URBANA,COMERCIAL,INTERSECCIÓN,ASFALTADA
A-2022-12-168,P-2022-12-168-2-2,2022,2022-12-25,16:30,TARDE (12-17),LIMA,LIMA,PASAJERO,FALLECIDO,EN EL LUGAR DE LOS HECHOS,,MASCULINO,49,TRIMOTO PASAJERO,CHOQUE,URBANO,AVENIDA,URBANA,COMERCIAL,INTERSECCIÓN,ASFALTADA
A-2022-12-171,P-2022-12-171-1-1,2022,2022-12-26,14:30,TARDE (12-17),LIMA,SAN JUAN DE LURIGANCHO,CONDUCTOR,ILESO,,,MASCULINO,22,MOTOCICLETA,ATROPELLO,URBANO,AVENIDA,URBANA,COMERCIAL,TRAMO RECTO,ASFALTADA
A-2022-12-171,P-2022-12-171-1-2,2022,2022-12-26,14:30,TARDE (12-17),LIMA,SAN JUAN DE LURIGANCHO,PEATÓN,FALLECIDO,EN EL LUGAR DE LOS HECHOS,,MASCULINO,54,MOTOCICLETA,ATROPELLO,URBANO,AVENIDA,URBANA,COMERCIAL,TRAMO RECTO,ASFALTADA
A-2022-12-131,P-2022-12-131-1-1,2022,2022-12-26,15:56,TARDE (12-17),CALLAO,CALLAO,CONDUCTOR,ILESO,,,MASCULINO,33,REMOLCADOR-SEMIREMOLQUE,CHOQUE,NACIONAL,CARRETERA,URBANA,COMERCIAL,TRAMO RECTO,ASFALTADA
A-2022-12-131,P-2022-12-131-2-1,2022,2022-12-26,15:56,TARDE (12-17),CALLAO,CALLAO,CONDUCTOR,FALLECIDO,EN EL LUGAR DE LOS HECHOS,,MASCULINO,49,REMOLCADOR-SEMIREMOLQUE,CHOQUE,NACIONAL,CARRETERA,URBANA,COMERCIAL,TRAMO RECTO,ASFALTADA
A-2022-12-172,P-2022-12-172-1-1,2022,2022-12-29,09:40,MANANA (06-11),LIMA,SAN MARTIN DE PORRES,CONDUCTOR FUGADO,NO SE CONOCE,,,NO INDICA,,VEHICULO NO IDENTIFICADO,ATROPELLO FUGA,NACIONAL,CARRETERA,URBANA,COMERCIAL,TRAMO RECTO,ASFALTADA
A-2022-12-172,P-2022-12-172-1-2,2022,2022-12-29,09:40,MANANA (06-11),LIMA,SAN MARTIN DE PORRES,PEATÓN,FALLECIDO,EN EL LUGAR DE LOS HECHOS,,MASCULINO,,VEHICULO NO IDENTIFICADO,ATROPELLO FUGA,NACIONAL,CARRETERA,URBANA,COMERCIAL,TRAMO RECTO,ASFALTADA
A-2022-12-232,P-2022-12-232-1-1,2022,2022-12-30,02:38,MADRUGADA (00-05),LIMA,ATE,CONDUCTOR,ILESO,,,MASCULINO,46,REMOLCADOR-SEMIREMOLQUE,CHOQUE,NACIONAL,CARRETERA,URBANA,COMERCIAL,TRAMO RECTO,ASFALTADA
A-2022-12-232,P-2022-12-232-2-1,2022,2022-12-30,02:38,MADRUGADA (00-05),LIMA,ATE,CONDUCTOR,FALLECIDO,EN EL CENTRO DE SALUD,,MASCULINO,59,CAMIONETA PICK UP,CHOQUE,NACIONAL,CARRETERA,URBANA,COMERCIAL,TRAMO RECTO,ASFALTADA
A-2022-12-215,P-2022-12-215-1-1,2022,2022-12-31,23:15,NOCHE (18-23),LIMA,ANCON,CONDUCTOR FUGADO,NO SE CONOCE,,,NO INDICA,,VEHICULO NO IDENTIFICADO,ATROPELLO FUGA,NACIONAL,CARRETERA,URBANA,,,
A-2022-12-215,P-2022-12-215-1-2,2022,2022-12-31,23:15,NOCHE (18-23),LIMA,ANCON,PEATÓN,FALLECIDO,,,MASCULINO,,VEHICULO NO IDENTIFICADO,ATROPELLO FUGA,NACIONAL,CARRETERA,URBANA,,,
A-2022-12-229,P-2022-12-229-1-1,2022,2022-12-31,23:15,NOCHE (18-23),LIMA,ANCON,CONDUCTOR FUGADO,NO SE CONOCE,,,NO INDICA,,VEHICULO NO IDENTIFICADO,ATROPELLO FUGA,NACIONAL,CARRETERA,URBANA,RURAL,TRAMO RECTO,ASFALTADA
A-2022-12-229,P-2022-12-229-1-2,2022,2022-12-31,23:15,NOCHE (18-23),LIMA,ANCON,PEATÓN,FALLECIDO,EN EL LUGAR DE LOS HECHOS,,MASCULINO,36,VEHICULO NO IDENTIFICADO,ATROPELLO FUGA,NACIONAL,CARRETERA,URBANA,RURAL,TRAMO RECTO,ASFALTADA
A-2023-01-130,P-2023-01-130-1-1,2023,2023-01-01,04:30,MADRUGADA (00-05),LIMA,LURIGANCHO,CONDUCTOR,ILESO,,,MASCULINO,42,CAMIÓN,CHOQUE,NACIONAL,CARRETERA,URBANA,INDUSTRIAL,TRAMO RECTO,ASFALTADA
A-2023-01-130,P-2023-01-130-2-1,2023,2023-01-01,04:30,MADRUGADA (00-05),LIMA,LURIGANCHO,CONDUCTOR,FALLECIDO,EN EL LUGAR DE LOS HECHOS,,MASCULINO,28,MOTOCICLETA,CHOQUE,NACIONAL,CARRETERA,URBANA,INDUSTRIAL,TRAMO RECTO,ASFALTADA
A-2023-01-131,P-2023-01-131-1-1,2023,2023-01-01,10:50,MANANA (06-11),LIMA,CHORRILLOS,CONDUCTOR,FALLECIDO,EN EL CENTRO DE SALUD,,MASCULINO,54,MOTOCICLETA,CHOQUE,URBANO,AVENIDA,URBANA,RESIDENCIAL,INTERSECCIÓN,ASFALTADA
A-2023-01-131,P-2023-01-131-2-1,2023,2023-01-01,10:50,MANANA (06-11),LIMA,CHORRILLOS,CONDUCTOR,ILESO,,,MASCULINO,31,TRIMOTO PASAJERO,CHOQUE,URBANO,AVENIDA,URBANA,RESIDENCIAL,INTERSECCIÓN,ASFALTADA
A-2023-01-131,P-2023-01-131-2-2,2023,2023-01-01,10:50,MANANA (06-11),LIMA,CHORRILLOS,PASAJERO,LESIONADO,,CENTRO DE SALUD PÚBLICO,FEMENINO,58,TRIMOTO PASAJERO,CHOQUE,URBANO,AVENIDA,URBANA,RESIDENCIAL,INTERSECCIÓN,ASFALTADA
A-2023-01-157,P-2023-01-157-1-1,2023,2023-01-02,00:50,MADRUGADA (00-05),LIMA,RIMAC,CONDUCTOR FUGADO,NO SE CONOCE,,,NO INDICA,,VEHICULO NO IDENTIFICADO,ATROPELLO FUGA,NACIONAL,CARRETERA,URBANA,COMERCIAL,TRAMO RECTO,ASFALTADA
A-2023-01-157,P-2023-01-157-1-2,2023,2023-01-02,00:50,MADRUGADA (00-05),LIMA,RIMAC,PEATÓN,FALLECIDO,EN EL CENTRO DE SALUD,,FEMENINO,66,VEHICULO NO IDENTIFICADO,ATROPELLO FUGA,NACIONAL,CARRETERA,URBANA,COMERCIAL,TRAMO RECTO,ASFALTADA
A-2023-01-132,P-2023-01-132-1-1,2023,2023-01-02,03:30,MADRUGADA (00-05),LIMA,SAN JUAN DE MIRAFLORES,CONDUCTOR,ILESO,,,MASCULINO,51,REMOLCADOR,ATROPELLO,NACIONAL,CARRETERA,URBANA,COMERCIAL,TRAMO RECTO,ASFALTADA
A-2023-01-132,P-2023-01-132-1-2,2023,2023-01-02,03:30,MADRUGADA (00-05),LIMA,SAN JUAN DE MIRAFLORES,PEATÓN,FALLECIDO,EN EL LUGAR DE LOS HECHOS,,MASCULINO,25,REMOLCADOR,ATROPELLO,NACIONAL,CARRETERA,URBANA,COMERCIAL,TRAMO RECTO,ASFALTADA
A-2023-01-136,P-2023-01-136-1-1,2023,2023-01-02,04:10,MADRUGADA (00-05),LIMA,PUENTE PIEDRA,CONDUCTOR,ILESO,,,MASCULINO,31,REMOLCADOR-SEMIREMOLQUE,CHOQUE,NACIONAL,CARRETERA,URBANA,COMERCIAL,TRAMO RECTO,ASFALTADA
A-2023-01-136,P-2023-01-136-2-1,2023,2023-01-02,04:10,MADRUGADA (00-05),LIMA,PUENTE PIEDRA,CONDUCTOR,FALLECIDO,EN EL CENTRO DE SALUD,,MASCULINO,36,MOTOCICLETA,CHOQUE,NACIONAL,CARRETERA,URBANA,COMERCIAL,TRAMO RECTO,ASFALTADA
A-2023-01-133,P-2023-01-133-1-1,2023,2023-01-03,11:00,MANANA (06-11),LIMA,COMAS,CONDUCTOR,ILESO,,,MASCULINO,54,AUTOMÓVIL,ATROPELLO,URBANO,JIRÓN,URBANA,RESIDENCIAL,TRAMO RECTO,ASFALTADA
A-2023-01-133,P-2023-01-133-1-2,2023,2023-01-03,11:00,MANANA (06-11),LIMA,COMAS,PEATÓN,FALLECIDO,EN EL LUGAR DE LOS HECHOS,,MASCULINO,3,AUTOMÓVIL,ATROPELLO,URBANO,JIRÓN,URBANA,RESIDENCIAL,TRAMO RECTO,ASFALTADA
A-2023-01-134,P-2023-01-134-1-1,2023,2023-01-04,04:30,MADRUGADA (00-05),LIMA,SANTIAGO DE SURCO,CONDUCTOR,ILESO,,,MASCULINO,46,ÓMNIBUS,CHOQUE,NACIONAL,CARRETERA,URBANA,COMERCIAL,TRAMO RECTO,ASFALTADA
A-2023-01-134,P-2023-01-134-2-1,2023,2023-01-04,04:30,MADRUGADA (00-05),LIMA,SANTIAGO DE SURCO,CONDUCTOR,FALLECIDO,EN EL LUGAR DE LOS HECHOS,,MASCULINO,21,MOTOCICLETA,CHOQUE,NACIONAL,CARRETERA,URBANA,COMERCIAL,TRAMO RECTO,ASFALTADA
A-2023-01-347,P-2023-01-347-1-1,2023,2023-01-07,04:40,MADRUGADA (00-05),LIMA,CARABAYLLO,CONDUCTOR,ILESO,,,MASCULINO,57,AUTOMÓVIL,ATROPELLO,URBANO,AVENIDA,URBANA,COMERCIAL,INTERSECCIÓN,ASFALTADA
A-2023-01-347,P-2023-01-347-1-2,2023,2023-01-07,04:40,MADRUGADA (00-05),LIMA,CARABAYLLO,PEATÓN,FALLECIDO,EN EL CENTRO DE SALUD,,MASCULINO,78,AUTOMÓVIL,ATROPELLO,URBANO,AVENIDA,URBANA,COMERCIAL,INTERSECCIÓN,ASFALTADA
A-2023-01-135,P-2023-01-135-1-1,2023,2023-01-08,10:00,MANANA (06-11),LIMA,CIENEGUILLA,CONDUCTOR,ILESO,,,MASCULINO,38,CAMIÓN,ATROPELLO,URBANO,AVENIDA,URBANA,COMERCIAL,TRAMO RECTO,ASFALTADA
A-2023-01-135,P-2023-01-135-1-2,2023,2023-01-08,10:00,MANANA (06-11),LIMA,CIENEGUILLA,PEATÓN,FALLECIDO,EN EL LUGAR DE LOS HECHOS,,MASCULINO,9,CAMIÓN,ATROPELLO,URBANO,AVENIDA,URBANA,COMERCIAL,TRAMO RECTO,ASFALTADA
A-2023-01-135,P-2023-01-135-1-3,2023,2023-01-08,10:00,MANANA (06-11),LIMA,CIENEGUILLA,PEATÓN,LESIONADO,,CENTRO DE SALUD PÚBLICO,MASCULINO,14,CAMIÓN,ATROPELLO,URBANO,AVENIDA,URBANA,COMERCIAL,TRAMO RECTO,ASFALTADA
A-2023-01-137,P-2023-01-137-1-1,2023,2023-01-12,04:45,MADRUGADA (00-05),LIMA,LIMA,CONDUCTOR,ILESO,,,MASCULINO,40,REMOLCADOR-SEMIREMOLQUE,CHOQUE,URBANO,AVENIDA,URBANA,COMERCIAL,INTERSECCIÓN,ASFALTADA
A-2023-01-137,P-2023-01-137-2-1,2023,2023-01-12,04:45,MADRUGADA (00-05),LIMA,LIMA,CONDUCTOR,FALLECIDO,EN EL LUGAR DE LOS HECHOS,,MASCULINO,38,AUTOMÓVIL,CHOQUE,URBANO,AVENIDA,URBANA,COMERCIAL,INTERSECCIÓN,ASFALTADA
A-2023-01-348,P-2023-01-348-1-1,2023,2023-01-13,06:00,MANANA (06-11),LIMA,LOS OLIVOS,CONDUCTOR,ILESO,,,MASCULINO,63,AUTOMÓVIL,CHOQUE,URBANO,AVENIDA,URBANA,COMERCIAL,INTERSECCIÓN,ASFALTADA
A-2023-01-348,P-2023-01-348-2-1,2023,2023-01-13,06:00,MANANA (06-11),LIMA,LOS OLIVOS,CONDUCTOR,FALLECIDO,EN EL CENTRO DE SALUD,,MASCULINO,44,TRIMOTO PASAJERO,CHOQUE,URBANO,AVENIDA,URBANA,COMERCIAL,INTERSECCIÓN,ASFALTADA
A-2023-01-138,P-2023-01-138-1-1,2023,2023-01-14,01:15,MADRUGADA (00-05),LIMA,COMAS,CONDUCTOR,FALLECIDO,EN EL LUGAR DE LOS HECHOS,,MASCULINO,46,MOTOCICLETA,DESPISTE,URBANO,AVENIDA,URBANA,COMERCIAL,TRAMO RECTO,ASFALTADA
A-2023-01-346,P-2023-01-346-1-1,2023,2023-01-17,12:35,TARDE (12-17),LIMA,VILLA EL SALVADOR,CONDUCTOR,ILESO,,,MASCULINO,38,ÓMNIBUS,CHOQUE,URBANO,AVENIDA,URBANA,RESIDENCIAL,INTERSECCIÓN,ASFALTADA
A-2023-01-346,P-2023-01-346-2-1,2023,2023-01-17,12:35,TARDE (12-17),LIMA,VILLA EL SALVADOR,CONDUCTOR,FALLECIDO,EN EL LUGAR DE LOS HECHOS,,MASCULINO,58,TRIMOTO PASAJERO,CHOQUE,URBANO,AVENIDA,URBANA,RESIDENCIAL,INTERSECCIÓN,ASFALTADA
A-2023-01-346,P-2023-01-346-2-2,2023,2023-01-17,12:35,TARDE (12-17),LIMA,VILLA EL SALVADOR,PASAJERO,LESIONADO,,CENTRO DE SALUD PÚBLICO,FEMENINO,20,TRIMOTO PASAJERO,CHOQUE,URBANO,AVENIDA,URBANA,RESIDENCIAL,INTERSECCIÓN,ASFALTADA
A-2023-01-139,P-2023-01-139-1-1,2023,2023-01-17,17:10,TARDE (12-17),LIMA,PUENTE PIEDRA,CONDUCTOR,ILESO,,,MASCULINO,45,REMOLCADOR-SEMIREMOLQUE,CAÍDA DE PASAJERO,NACIONAL,CARRETERA,URBANA,COMERCIAL,TRAMO RECTO,ASFALTADA
A-2023-01-139,P-2023-01-139-1-2,2023,2023-01-17,17:10,TARDE (12-17),LIMA,PUENTE PIEDRA,PASAJERO,FALLECIDO,EN EL LUGAR DE LOS HECHOS,,MASCULINO,38,REMOLCADOR-SEMIREMOLQUE,CAÍDA DE PASAJERO,NACIONAL,CARRETERA,URBANA,COMERCIAL,TRAMO RECTO,ASFALTADA
A-2023-01-140,P-2023-01-140-1-1,2023,2023-01-17,23:00,NOCHE (18-23),LIMA,ANCON,CONDUCTOR,ILESO,,,MASCULINO,46,AUTOMÓVIL,CHOQUE,URBANO,CALLE,URBANA,RESIDENCIAL,INTERSECCIÓN,ASFALTADA
A-2023-01-140,P-2023-01-140-2-1,2023,2023-01-17,23:00,NOCHE (18-23),LIMA,ANCON,CONDUCTOR,FALLECIDO,EN EL LUGAR DE LOS HECHOS,,MASCULINO,25,MOTOCICLETA,CHOQUE,URBANO,CALLE,URBANA,RESIDENCIAL,INTERSECCIÓN,ASFALTADA
A-2023-01-141,P-2023-01-141-1-1,2023,2023-01-18,06:00,MANANA (06-11),LIMA,SAN MARTIN DE PORRES,CONDUCTOR FUGADO,NO SE CONOCE,,,NO INDICA,,VEHICULO NO IDENTIFICADO,ATROPELLO FUGA,URBANO,AVENIDA,URBANA,COMERCIAL,INTERSECCIÓN,ASFALTADA
A-2023-01-141,P-2023-01-141-1-2,2023,2023-01-18,06:00,MANANA (06-11),LIMA,SAN MARTIN DE PORRES,PEATÓN,FALLECIDO,EN EL LUGAR DE LOS HECHOS,,MASCULINO,65,VEHICULO NO IDENTIFICADO,ATROPELLO FUGA,URBANO,AVENIDA,URBANA,COMERCIAL,INTERSECCIÓN,ASFALTADA
A-2022-01-345,P-2022-01-345-1-1,2023,2023-01-18,12:30,TARDE (12-17),LIMA,SAN JUAN DE MIRAFLORES,CONDUCTOR,ILESO,,,MASCULINO,33,TRIMOTO PASAJERO,CHOQUE,URBANO,CALLE,URBANA,RESIDENCIAL,TRAMO RECTO,ASFALTADA
A-2022-01-345,P-2022-01-345-2-1,2023,2023-01-18,12:30,TARDE (12-17),LIMA,SAN JUAN DE MIRAFLORES,CONDUCTOR,FALLECIDO,EN EL LUGAR DE LOS HECHOS,,MASCULINO,17,BICICLETA,CHOQUE,URBANO,CALLE,URBANA,RESIDENCIAL,TRAMO RECTO,ASFALTADA
A-2023-01-143,P-2023-01-143-1-1,2023,2023-01-18,23:30,NOCHE (18-23),LIMA,COMAS,CONDUCTOR FUGADO,NO SE CONOCE,,,NO INDICA,,VEHICULO NO IDENTIFICADO,ATROPELLO FUGA,URBANO,AVENIDA,URBANA,RESIDENCIAL,TRAMO RECTO,ASFALTADA
A-2023-01-143,P-2023-01-143-2-1,2023,2023-01-18,23:30,NOCHE (18-23),LIMA,COMAS,CONDUCTOR FUGADO,NO SE CONOCE,,,NO INDICA,,AUTOMÓVIL,ATROPELLO FUGA,URBANO,AVENIDA,URBANA,RESIDENCIAL,TRAMO RECTO,ASFALTADA
A-2023-01-143,P-2023-01-143-2-2,2023,2023-01-18,23:30,NOCHE (18-23),LIMA,COMAS,PEATÓN,FALLECIDO,EN EL LUGAR DE LOS HECHOS,,MASCULINO,62,AUTOMÓVIL,ATROPELLO FUGA,URBANO,AVENIDA,URBANA,RESIDENCIAL,TRAMO RECTO,ASFALTADA
A-2023-01-144,P-2023-01-144-1-1,2023,2023-01-19,05:45,MADRUGADA (00-05),LIMA,SANTIAGO DE SURCO,CONDUCTOR,ILESO,,,MASCULINO,24,AUTOMÓVIL,ATROPELLO,NACIONAL,CARRETERA,URBANA,COMERCIAL,TRAMO RECTO,ASFALTADA
A-2023-01-144,P-2023-01-144-1-2,2023,2023-01-19,05:45,MADRUGADA (00-05),LIMA,SANTIAGO DE SURCO,PEATÓN,FALLECIDO,EN EL LUGAR DE LOS HECHOS,,MASCULINO,35,AUTOMÓVIL,ATROPELLO,NACIONAL,CARRETERA,URBANA,COMERCIAL,TRAMO RECTO,ASFALTADA
A-2023-01-144,P-2023-01-144-2-1,2023,2023-01-19,05:45,MADRUGADA (00-05),LIMA,SANTIAGO DE SURCO,CONDUCTOR,ILESO,,,MASCULINO,34,CAMIONETA RURAL,ATROPELLO,NACIONAL,CARRETERA,URBANA,COMERCIAL,TRAMO RECTO,ASFALTADA
A-2023-01-144,P-2023-01-144-2-2,2023,2023-01-19,05:45,MADRUGADA (00-05),LIMA,SANTIAGO DE SURCO,PEATÓN,FALLECIDO,EN EL LUGAR DE LOS HECHOS,,MASCULINO,58,CAMIONETA RURAL,ATROPELLO,NACIONAL,CARRETERA,URBANA,COMERCIAL,TRAMO RECTO,ASFALTADA
A-2023-01-142,P-2023-01-142-1-1,2023,2023-01-19,06:20,MANANA (06-11),LIMA,VILLA EL SALVADOR,CONDUCTOR,ILESO,,,MASCULINO,46,ÓMNIBUS,ATROPELLO,URBANO,AVENIDA,URBANA,COMERCIAL,INTERSECCIÓN,ASFALTADA
A-2023-01-142,P-2023-01-142-1-2,2023,2023-01-19,06:20,MANANA (06-11),LIMA,VILLA EL SALVADOR,PEATÓN,FALLECIDO,EN EL LUGAR DE LOS HECHOS,,FEMENINO,61,ÓMNIBUS,ATROPELLO,URBANO,AVENIDA,URBANA,COMERCIAL,INTERSECCIÓN,ASFALTADA
A-2023-01-147,P-2023-01-147-1-1,2023,2023-01-21,01:10,MADRUGADA (00-05),LIMA,LURIGANCHO,CONDUCTOR,FALLECIDO,EN EL LUGAR DE LOS HECHOS,,MASCULINO,34,MOTOCICLETA,DESPISTE,NACIONAL,CARRETERA,URBANA,INDUSTRIAL,TRAMO RECTO,ASFALTADA
A-2023-01-146,P-2023-01-146-1-1,2023,2023-01-21,02:30,MADRUGADA (00-05),LIMA,SANTIAGO DE SURCO,CONDUCTOR,ILESO,,,MASCULINO,31,AUTOMÓVIL,DESPISTE,NACIONAL,CARRETERA,URBANA,COMERCIAL,TRAMO RECTO,ASFALTADA
A-2023-01-146,P-2023-01-146-1-2,2023,2023-01-21,02:30,MADRUGADA (00-05),LIMA,SANTIAGO DE SURCO,PASAJERO,FALLECIDO,EN EL LUGAR DE LOS HECHOS,,FEMENINO,21,AUTOMÓVIL,DESPISTE,NACIONAL,CARRETERA,URBANA,COMERCIAL,TRAMO RECTO,ASFALTADA
A-2023-01-146,P-2023-01-146-1-3,2023,2023-01-21,02:30,MADRUGADA (00-05),LIMA,SANTIAGO DE SURCO,PASAJERO,LESIONADO,,CENTRO DE SALUD PÚBLICO,MASCULINO,19,AUTOMÓVIL,DESPISTE,NACIONAL,CARRETERA,URBANA,COMERCIAL,TRAMO RECTO,ASFALTADA
A-2023-01-146,P-2023-01-146-1-4,2023,2023-01-21,02:30,MADRUGADA (00-05),LIMA,SANTIAGO DE SURCO,PASAJERO,LESIONADO,,CENTRO DE SALUD PÚBLICO,FEMENINO,21,AUTOMÓVIL,DESPISTE,NACIONAL,CARRETERA,URBANA,COMERCIAL,TRAMO RECTO,ASFALTADA
A-2023-01-146,P-2023-01-146-1-5,2023,2023-01-21,02:30,MADRUGADA (00-05),LIMA,SANTIAGO DE SURCO,PASAJERO,LESIONADO,,CENTRO DE SALUD PÚBLICO,FEMENINO,26,AUTOMÓVIL,DESPISTE,NACIONAL,CARRETERA,URBANA,COMERCIAL,TRAMO RECTO,ASFALTADA
A-2023-01-146,P-2023-01-146-1-6,2023,2023-01-21,02:30,MADRUGADA (00-05),LIMA,SANTIAGO DE SURCO,PASAJERO,LESIONADO,,CENTRO DE SALUD PRIVADO,FEMENINO,19,AUTOMÓVIL,DESPISTE,NACIONAL,CARRETERA,URBANA,COMERCIAL,TRAMO RECTO,ASFALTADA
A-2023-01-145,P-2023-01-145-1-1,2023,2023-01-21,06:20,MANANA (06-11),LIMA,CHORRILLOS,CONDUCTOR,FALLECIDO,EN EL LUGAR DE LOS HECHOS,,FEMENINO,47,MOTOCICLETA,CHOQUE,URBANO,AVENIDA,URBANA,COMERCIAL,INTERSECCIÓN,ASFALTADA
A-2023-01-145,P-2023-01-145-2-1,2023,2023-01-21,06:20,MANANA (06-11),LIMA,CHORRILLOS,CONDUCTOR,ILESO,,,MASCULINO,47,AUTOMÓVIL,CHOQUE,URBANO,AVENIDA,URBANA,COMERCIAL,INTERSECCIÓN,ASFALTADA
A-2023-01-148,P-2023-01-148-1-1,2023,2023-01-21,19:20,NOCHE (18-23),LIMA,SAN MARTIN DE PORRES,CONDUCTOR,ILESO,,,MASCULINO,26,MOTOCICLETA,CAÍDA DE PASAJERO,URBANO,CALLE,URBANA,RESIDENCIAL,TRAMO RECTO,ASFALTADA
A-2023-01-148,P-2023-01-148-1-2,2023,2023-01-21,19:20,NOCHE (18-23),LIMA,SAN MARTIN DE PORRES,PASAJERO,FALLECIDO,EN EL LUGAR DE LOS HECHOS,,MASCULINO,44,MOTOCICLETA,CAÍDA DE PASAJERO,URBANO,CALLE,URBANA,RESIDENCIAL,TRAMO RECTO,ASFALTADA
A-2023-01-149,P-2023-01-149-1-1,2023,2023-01-22,06:00,MANANA (06-11),LIMA,ANCON,CONDUCTOR,ILESO,,,MASCULINO,36,ÓMNIBUS,ATROPELLO,NACIONAL,CARRETERA,URBANA,RURAL,TRAMO RECTO,ASFALTADA
A-2023-01-149,P-2023-01-149-1-2,2023,2023-01-22,06:00,MANANA (06-11),LIMA,ANCON,PEATÓN,FALLECIDO,EN EL LUGAR DE LOS HECHOS,,MASCULINO,68,ÓMNIBUS,ATROPELLO,NACIONAL,CARRETERA,URBANA,RURAL,TRAMO RECTO,ASFALTADA
A-2023-01-151,P-2023-01-151-1-1,2023,2023-01-22,22:30,NOCHE (18-23),LIMA,COMAS,CONDUCTOR,ILESO,,,MASCULINO,56,STATION WAGON,ATROPELLO,URBANO,AVENIDA,URBANA,COMERCIAL,TRAMO RECTO,ASFALTADA
A-2023-01-151,P-2023-01-151-1-2,2023,2023-01-22,22:30,NOCHE (18-23),LIMA,COMAS,PEATÓN,FALLECIDO,EN EL LUGAR DE LOS HECHOS,,MASCULINO,41,STATION WAGON,ATROPELLO,URBANO,AVENIDA,URBANA,COMERCIAL,TRAMO RECTO,ASFALTADA
A-2023-01-150,P-2023-01-150-1-1,2023,2023-01-23,01:10,MADRUGADA (00-05),LIMA,COMAS,CONDUCTOR,FALLECIDO,EN EL LUGAR DE LOS HECHOS,,MASCULINO,24,MOTOCICLETA,DESPISTE,URBANO,JIRÓN,URBANA,RESIDENCIAL,TRAMO RECTO,ASFALTADA
A-2023-01-152,P-2023-01-152-1-1,2023,2023-01-25,07:30,MANANA (06-11),LIMA,SAN ISIDRO,CONDUCTOR,ILESO,,,MASCULINO,44,CAMIONETA PICK UP,ATROPELLO,URBANO,AVENIDA,URBANA,COMERCIAL,INTERSECCIÓN,ASFALTADA
A-2023-01-152,P-2023-01-152-1-2,2023,2023-01-25,07:30,MANANA (06-11),LIMA,SAN ISIDRO,PEATÓN,FALLECIDO,EN EL LUGAR DE LOS HECHOS,,FEMENINO,34,CAMIONETA PICK UP,ATROPELLO,URBANO,AVENIDA,URBANA,COMERCIAL,INTERSECCIÓN,ASFALTADA
A-2023-01-153,P-2023-01-153-1-1,2023,2023-01-25,12:50,TARDE (12-17),LIMA,LINCE,CONDUCTOR,LESIONADO,,CENTRO DE SALUD PÚBLICO,MASCULINO,59,CAMIONETA PICK UP,ATROPELLO,URBANO,AVENIDA,URBANA,COMERCIAL,INTERSECCIÓN,ASFALTADA
A-2023-01-153,P-2023-01-153-1-2,2023,2023-01-25,12:50,TARDE (12-17),LIMA,LINCE,PEATÓN,FALLECIDO,EN EL LUGAR DE LOS HECHOS,,FEMENINO,48,CAMIONETA PICK UP,ATROPELLO,URBANO,AVENIDA,URBANA,COMERCIAL,INTERSECCIÓN,ASFALTADA
A-2023-01-153,P-2023-01-153-2-1,2023,2023-01-25,12:50,TARDE (12-17),LIMA,LINCE,CONDUCTOR,ILESO,,,MASCULINO,55,ÓMNIBUS,ATROPELLO,URBANO,AVENIDA,URBANA,COMERCIAL,INTERSECCIÓN,ASFALTADA
A-2023-01-153,P-2023-01-153-2-2,2023,2023-01-25,12:50,TARDE (12-17),LIMA,LINCE,PASAJERO,LESIONADO,,CENTRO DE SALUD PÚBLICO,MASCULINO,15,ÓMNIBUS,ATROPELLO,URBANO,AVENIDA,URBANA,COMERCIAL,INTERSECCIÓN,ASFALTADA
A-2023-01-153,P-2023-01-153-2-3,2023,2023-01-25,12:50,TARDE (12-17),LIMA,LINCE,PASAJERO,LESIONADO,,CENTRO DE SALUD PÚBLICO,MASCULINO,8,ÓMNIBUS,ATROPELLO,URBANO,AVENIDA,URBANA,COMERCIAL,INTERSECCIÓN,ASFALTADA
A-2023-01-153,P-2023-01-153-2-4,2023,2023-01-25,12:50,TARDE (12-17),LIMA,LINCE,PASAJERO,LESIONADO,,CENTRO DE SALUD PÚBLICO,MASCULINO,3,ÓMNIBUS,ATROPELLO,URBANO,AVENIDA,URBANA,COMERCIAL,INTERSECCIÓN,ASFALTADA
A-2023-01-153,P-2023-01-153-2-5,2023,2023-01-25,12:50,TARDE (12-17),LIMA,LINCE,PASAJERO,LESIONADO,,CENTRO DE SALUD PÚBLICO,MASCULINO,35,ÓMNIBUS,ATROPELLO,URBANO,AVENIDA,URBANA,COMERCIAL,INTERSECCIÓN,ASFALTADA
A-2023-01-153,P-2023-01-153-2-6,2023,2023-01-25,12:50,TARDE (12-17),LIMA,LINCE,PASAJERO,LESIONADO,,CENTRO DE SALUD PÚBLICO,FEMENINO,49,ÓMNIBUS,ATROPELLO,URBANO,AVENIDA,URBANA,COMERCIAL,INTERSECCIÓN,ASFALTADA
A-2023-01-153,P-2023-01-153-2-7,2023,2023-01-25,12:50,TARDE (12-17),LIMA,LINCE,PASAJERO,LESIONADO,,CENTRO DE SALUD PÚBLICO,FEMENINO,23,ÓMNIBUS,ATROPELLO,URBANO,AVENIDA,URBANA,COMERCIAL,INTERSECCIÓN,ASFALTADA
A-2023-01-153,P-2023-01-153-2-8,2023,2023-01-25,12:50,TARDE (12-17),LIMA,LINCE,PASAJERO,LESIONADO,,CENTRO DE SALUD PÚBLICO,FEMENINO,29,ÓMNIBUS,ATROPELLO,URBANO,AVENIDA,URBANA,COMERCIAL,INTERSECCIÓN,ASFALTADA
A-2023-01-153,P-2023-01-153-2-9,2023,2023-01-25,12:50,TARDE (12-17),LIMA,LINCE,PASAJERO,LESIONADO,,CENTRO DE SALUD PÚBLICO,MASCULINO,53,ÓMNIBUS,ATROPELLO,URBANO,AVENIDA,URBANA,COMERCIAL,INTERSECCIÓN,ASFALTADA
A-2023-01-154,P-2023-01-154-1-1,2023,2023-01-25,12:50,TARDE (12-17),LIMA,VILLA MARIA DEL TRIUNFO,CONDUCTOR,ILESO,,,MASCULINO,59,REMOLCADOR-SEMIREMOLQUE,ATROPELLO,URBANO,AVENIDA,URBANA,COMERCIAL,INTERSECCIÓN,ASFALTADA
A-2023-01-154,P-2023-01-154-1-2,2023,2023-01-25,12:50,TARDE (12-17),LIMA,VILLA MARIA DEL TRIUNFO,PEATÓN,FALLECIDO,EN EL LUGAR DE LOS HECHOS,,MASCULINO,73,REMOLCADOR-SEMIREMOLQUE,ATROPELLO,URBANO,AVENIDA,URBANA,COMERCIAL,INTERSECCIÓN,ASFALTADA
A-2023-01-155,P-2023-01-155-1-1,2023,2023-01-26,07:30,MANANA (06-11),LIMA,PUENTE PIEDRA,CONDUCTOR FUGADO,NO SE CONOCE,,,NO INDICA,,VEHICULO NO IDENTIFICADO,ATROPELLO FUGA,NACIONAL,CARRETERA,URBANA,COMERCIAL,TRAMO RECTO,ASFALTADA
A-2023-01-155,P-2023-01-155-1-2,2023,2023-01-26,07:30,MANANA (06-11),LIMA,PUENTE PIEDRA,PEATÓN,FALLECIDO,EN EL LUGAR DE LOS HECHOS,,MASCULINO,,VEHICULO NO IDENTIFICADO,ATROPELLO FUGA,NACIONAL,CARRETERA,URBANA,COMERCIAL,TRAMO RECTO,ASFALTADA
A-2023-01-349,P-2023-01-349-1-1,2023,2023-01-26,20:40,NOCHE (18-23),LIMA,SAN MARTIN DE PORRES,CONDUCTOR,ILESO,,,MASCULINO,28,MOTOCICLETA,ATROPELLO,URBANO,AVENIDA,URBANA,COMERCIAL,TRAMO RECTO,ASFALTADA
A-2023-01-349,P-2023-01-349-1-2,2023,2023-01-26,20:40,NOCHE (18-23),LIMA,SAN MARTIN DE PORRES,PEATÓN,FALLECIDO,EN EL LUGAR DE LOS HECHOS,,FEMENINO,58,MOTOCICLETA,ATROPELLO,URBANO,AVENIDA,URBANA,COMERCIAL,TRAMO RECTO,ASFALTADA
A-2023-01-156,P-2023-01-156-1-1,2023,2023-01-28,00:40,MADRUGADA (00-05),LIMA,CARABAYLLO,CONDUCTOR,ILESO,,,MASCULINO,19,MOTOCICLETA,ATROPELLO,NACIONAL,CARRETERA,RURAL,RURAL,CURVA,ASFALTADA
A-2023-01-156,P-2023-01-156-1-2,2023,2023-01-28,00:40,MADRUGADA (00-05),LIMA,CARABAYLLO,PEATÓN,FALLECIDO,EN EL LUGAR DE LOS HECHOS,,MASCULINO,65,MOTOCICLETA,ATROPELLO,NACIONAL,CARRETERA,RURAL,RURAL,CURVA,ASFALTADA
A-2023-01-161,P-2023-01-161-1-1,2023,2023-01-28,06:17,MANANA (06-11),LIMA,ATE,CONDUCTOR,ILESO,,,MASCULINO,44,ÓMNIBUS,ATROPELLO,NACIONAL,CARRETERA,URBANA,COMERCIAL,TRAMO RECTO,ASFALTADA
A-2023-01-161,P-2023-01-161-1-2,2023,2023-01-28,06:17,MANANA (06-11),LIMA,ATE,PEATÓN,FALLECIDO,EN EL LUGAR DE LOS HECHOS,,MASCULINO,36,ÓMNIBUS,ATROPELLO,NACIONAL,CARRETERA,URBANA,COMERCIAL,TRAMO RECTO,ASFALTADA
A-2023-01-158,P-2023-01-158-1-1,2023,2023-01-29,08:24,MANANA (06-11),LIMA,LURIN,CONDUCTOR,ILESO,,,MASCULINO,52,CAMIÓN,ATROPELLO FUGA,URBANO,AVENIDA,URBANA,RESIDENCIAL,CURVA,ASFALTADA
A-2023-01-158,P-2023-01-158-1-2,2023,2023-01-29,08:24,MANANA (06-11),LIMA,LURIN,PEATÓN,FALLECIDO,EN EL CENTRO DE SALUD,,MASCULINO,18,CAMIÓN,ATROPELLO FUGA,URBANO,AVENIDA,URBANA,RESIDENCIAL,CURVA,ASFALTADA
A-2023-01-159,P-2023-01-159-1-1,2023,2023-01-29,15:30,TARDE (12-17),LIMA,COMAS,CONDUCTOR,ILESO,,,MASCULINO,42,CAMIONETA RURAL,ATROPELLO,URBANO,AVENIDA,URBANA,ESCOLAR,INTERSECCIÓN,ASFALTADA
A-2023-01-159,P-2023-01-159-1-2,2023,2023-01-29,15:30,TARDE (12-17),LIMA,COMAS,PEATÓN,FALLECIDO,EN EL LUGAR DE LOS HECHOS,,MASCULINO,33,CAMIONETA RURAL,ATROPELLO,URBANO,AVENIDA,URBANA,ESCOLAR,INTERSECCIÓN,ASFALTADA
A-2023-01-160,P-2023-01-160-1-1,2023,2023-01-30,01:10,MADRUGADA (00-05),LIMA,VILLA EL SALVADOR,CONDUCTOR FUGADO,NO SE CONOCE,,,NO INDICA,,VEHICULO NO IDENTIFICADO,ATROPELLO FUGA,NACIONAL,CARRETERA,RURAL,INDUSTRIAL,CURVA,ASFALTADA
A-2023-01-160,P-2023-01-160-1-2,2023,2023-01-30,01:10,MADRUGADA (00-05),LIMA,VILLA EL SALVADOR,PEATÓN,FALLECIDO,EN EL CENTRO DE SALUD,,MASCULINO,41,VEHICULO NO IDENTIFICADO,ATROPELLO FUGA,NACIONAL,CARRETERA,RURAL,INDUSTRIAL,CURVA,ASFALTADA
A-2023-01-114,P-2023-01-114-1-1,2023,2023-01-30,20:20,NOCHE (18-23),CALLAO,CALLAO,CONDUCTOR,FALLECIDO,EN EL LUGAR DE LOS HECHOS,,FEMENINO,33,MOTOCICLETA,CHOQUE,URBANO,AVENIDA,URBANA,RESIDENCIAL,TRAMO RECTO,ASFALTADA
A-2023-01-114,P-2023-01-114-2-1,2023,2023-01-30,20:20,NOCHE (18-23),CALLAO,CALLAO,CONDUCTOR,LESIONADO,,OTRO,MASCULINO,45,REMOLCADOR-SEMIREMOLQUE,CHOQUE,URBANO,AVENIDA,URBANA,RESIDENCIAL,TRAMO RECTO,ASFALTADA
A-2023-01-162,P-2023-01-162-1-1,2023,2023-01-31,02:00,MADRUGADA (00-05),LIMA,ATE,CONDUCTOR,ILESO,,,FEMENINO,25,MOTOCICLETA,CHOQUE,URBANO,AVENIDA,URBANA,RESIDENCIAL,TRAMO RECTO,ASFALTADA
A-2023-01-162,P-2023-01-162-2-1,2023,2023-01-31,02:00,MADRUGADA (00-05),LIMA,ATE,CONDUCTOR,FALLECIDO,EN EL LUGAR DE LOS HECHOS,,MASCULINO,63,TRIMOTO PASAJERO,CHOQUE,URBANO,AVENIDA,URBANA,RESIDENCIAL,TRAMO RECTO,ASFALTADA
A-2023-02-133,P-2023-02-133-1-1,2023,2023-02-02,17:20,TARDE (12-17),LIMA,VILLA EL SALVADOR,CONDUCTOR,FALLECIDO,EN EL LUGAR DE LOS HECHOS,,MASCULINO,23,MOTOCICLETA,CHOQUE,URBANO,AVENIDA,URBANA,COMERCIAL,INTERSECCIÓN,ASFALTADA
A-2023-02-133,P-2023-02-133-2-1,2023,2023-02-02,17:20,TARDE (12-17),LIMA,VILLA EL SALVADOR,CONDUCTOR,ILESO,,,MASCULINO,43,AUTOMÓVIL,CHOQUE,URBANO,AVENIDA,URBANA,COMERCIAL,INTERSECCIÓN,ASFALTADA
A-2023-02-134,P-2023-02-134-1-1,2023,2023-02-07,09:30,MANANA (06-11),LIMA,PUENTE PIEDRA,CONDUCTOR,ILESO,,,MASCULINO,15,REMOLCADOR-SEMIREMOLQUE,CHOQUE,NACIONAL,CARRETERA,URBANA,COMERCIAL,TRAMO RECTO,ASFALTADA
A-2023-02-134,P-2023-02-134-2-1,2023,2023-02-07,09:30,MANANA (06-11),LIMA,PUENTE PIEDRA,CONDUCTOR,FALLECIDO,EN EL LUGAR DE LOS HECHOS,,MASCULINO,29,MOTOCICLETA,CHOQUE,NACIONAL,CARRETERA,URBANA,COMERCIAL,TRAMO RECTO,ASFALTADA
A-2023-02-135,P-2023-02-135-1-1,2023,2023-02-07,20:40,NOCHE (18-23),LIMA,PUENTE PIEDRA,CONDUCTOR,ILESO,,,MASCULINO,36,AUTOMÓVIL,ATROPELLO,NACIONAL,CARRETERA,URBANA,RESIDENCIAL,PUENTE,ASFALTADA
A-2023-02-135,P-2023-02-135-1-2,2023,2023-02-07,20:40,NOCHE (18-23),LIMA,PUENTE PIEDRA,PEATÓN,FALLECIDO,EN EL LUGAR DE LOS HECHOS,,MASCULINO,28,AUTOMÓVIL,ATROPELLO,NACIONAL,CARRETERA,URBANA,RESIDENCIAL,PUENTE,ASFALTADA
A-2023-02-136,P-2023-02-136-1-1,2023,2023-02-07,20:45,NOCHE (18-23),LIMA,PUCUSANA,CONDUCTOR,ILESO,,,MASCULINO,38,AUTOMÓVIL,ATROPELLO,NACIONAL,CARRETERA,URBANA,RURAL,TRAMO RECTO,ASFALTADA
A-2023-02-136,P-2023-02-136-1-2,2023,2023-02-07,20:45,NOCHE (18-23),LIMA,PUCUSANA,PEATÓN,FALLECIDO,EN EL LUGAR DE LOS HECHOS,,MASCULINO,53,AUTOMÓVIL,ATROPELLO,NACIONAL,CARRETERA,URBANA,RURAL,TRAMO RECTO,ASFALTADA
A-2023-02-137,P-2023-02-137-1-1,2023,2023-02-07,21:15,NOCHE (18-23),LIMA,SANTA ANITA,CONDUCTOR,ILESO,,,MASCULINO,25,AUTOMÓVIL,ATROPELLO,NACIONAL,CARRETERA,URBANA,COMERCIAL,TRAMO RECTO,ASFALTADA
A-2023-02-137,P-2023-02-137-1-2,2023,2023-02-07,21:15,NOCHE (18-23),LIMA,SANTA ANITA,PEATÓN,FALLECIDO,EN EL LUGAR DE LOS HECHOS,,MASCULINO,55,AUTOMÓVIL,ATROPELLO,NACIONAL,CARRETERA,URBANA,COMERCIAL,TRAMO RECTO,ASFALTADA
A-2023-02-138,P-2023-02-138-1-1,2023,2023-02-08,15:10,TARDE (12-17),LIMA,VILLA EL SALVADOR,CONDUCTOR,FALLECIDO,CAMINO AL CENTRO DE SALUD,,MASCULINO,59,ÓMNIBUS,CHOQUE,URBANO,AVENIDA,URBANA,COMERCIAL,TRAMO RECTO,ASFALTADA
A-2023-02-138,P-2023-02-138-1-2,2023,2023-02-08,15:10,TARDE (12-17),LIMA,VILLA EL SALVADOR,PASAJERO,LESIONADO,,CENTRO DE SALUD PÚBLICO,FEMENINO,25,ÓMNIBUS,CHOQUE,URBANO,AVENIDA,URBANA,COMERCIAL,TRAMO RECTO,ASFALTADA
A-2023-02-138,P-2023-02-138-2-1,2023,2023-02-08,15:10,TARDE (12-17),LIMA,VILLA EL SALVADOR,CONDUCTOR,ILESO,,,MASCULINO,37,AUTOMÓVIL,CHOQUE,URBANO,AVENIDA,URBANA,COMERCIAL,TRAMO RECTO,ASFALTADA
A-2023-02-152,P-2023-02-152-1-1,2023,2023-02-11,11:20,MANANA (06-11),LIMA,LOS OLIVOS,CONDUCTOR,ILESO,,,MASCULINO,44,CAMIÓN,ATROPELLO,URBANO,AVENIDA,URBANA,COMERCIAL,TRAMO RECTO,ASFALTADA
A-2023-02-152,P-2023-02-152-1-2,2023,2023-02-11,11:20,MANANA (06-11),LIMA,LOS OLIVOS,PEATÓN,FALLECIDO,EN EL CENTRO DE SALUD,,MASCULINO,72,CAMIÓN,ATROPELLO,URBANO,AVENIDA,URBANA,COMERCIAL,TRAMO RECTO,ASFALTADA
A-2023-02-139,P-2023-02-139-1-1,2023,2023-02-14,13:00,TARDE (12-17),LIMA,CHORRILLOS,CONDUCTOR,FALLECIDO,EN EL LUGAR DE LOS HECHOS,,MASCULINO,61,CAMIÓN,DESPISTE,URBANO,CALLE,URBANA,RESIDENCIAL,INTERSECCIÓN,ASFALTADA
A-2023-02-139,P-2023-02-139-1-2,2023,2023-02-14,13:00,TARDE (12-17),LIMA,CHORRILLOS,PASAJERO,LESIONADO,,CENTRO DE SALUD PÚBLICO,MASCULINO,55,CAMIÓN,DESPISTE,URBANO,CALLE,URBANA,RESIDENCIAL,INTERSECCIÓN,ASFALTADA
A-2023-02-139,P-2023-02-139-1-3,2023,2023-02-14,13:00,TARDE (12-17),LIMA,CHORRILLOS,PASAJERO,LESIONADO,,CENTRO DE SALUD PÚBLICO,MASCULINO,41,CAMIÓN,DESPISTE,URBANO,CALLE,URBANA,RESIDENCIAL,INTERSECCIÓN,ASFALTADA
A-2023-02-140,P-2023-02-140-1-1,2023,2023-02-14,23:50,NOCHE (18-23),LIMA,LURIN,CONDUCTOR,FALLECIDO,EN EL LUGAR DE LOS HECHOS,,MASCULINO,31,MOTOCICLETA,CHOQUE,NACIONAL,CARRETERA,URBANA,INDUSTRIAL,TRAMO RECTO,ASFALTADA
A-2023-02-140,P-2023-02-140-2-1,2023,2023-02-14,23:50,NOCHE (18-23),LIMA,LURIN,CONDUCTOR,ILESO,,,MASCULINO,27,CAMIONETA PICK UP,CHOQUE,NACIONAL,CARRETERA,URBANA,INDUSTRIAL,TRAMO RECTO,ASFALTADA
A-2023-02-141,P-2023-02-141-1-1,2023,2023-02-15,19:00,NOCHE (18-23),LIMA,LOS OLIVOS,CONDUCTOR,ILESO,,,MASCULINO,27,MOTOCICLETA,ATROPELLO,URBANO,AVENIDA,URBANA,RESIDENCIAL,TRAMO RECTO,ASFALTADA
A-2023-02-141,P-2023-02-141-1-2,2023,2023-02-15,19:00,NOCHE (18-23),LIMA,LOS OLIVOS,PEATÓN,FALLECIDO,EN EL LUGAR DE LOS HECHOS,,MASCULINO,81,MOTOCICLETA,ATROPELLO,URBANO,AVENIDA,URBANA,RESIDENCIAL,TRAMO RECTO,ASFALTADA
A-2023-02-142,P-2023-02-142-1-1,2023,2023-02-16,11:40,MANANA (06-11),LIMA,LIMA,CONDUCTOR,ILESO,,,MASCULINO,55,CAMIÓN,ATROPELLO,URBANO,JIRÓN,URBANA,COMERCIAL,TRAMO RECTO,ASFALTADA
A-2023-02-142,P-2023-02-142-1-2,2023,2023-02-16,11:40,MANANA (06-11),LIMA,LIMA,PEATÓN,FALLECIDO,EN EL LUGAR DE LOS HECHOS,,MASCULINO,3,CAMIÓN,ATROPELLO,URBANO,JIRÓN,URBANA,COMERCIAL,TRAMO RECTO,ASFALTADA
A-2023-02-142,P-2023-02-142-1-3,2023,2023-02-16,11:40,MANANA (06-11),LIMA,LIMA,PEATÓN,LESIONADO,,CENTRO DE SALUD PÚBLICO,FEMENINO,35,CAMIÓN,ATROPELLO,URBANO,JIRÓN,URBANA,COMERCIAL,TRAMO RECTO,ASFALTADA
A-2023-02-142,P-2023-02-142-1-4,2023,2023-02-16,11:40,MANANA (06-11),LIMA,LIMA,PEATÓN,LESIONADO,,CENTRO DE SALUD PÚBLICO,MASCULINO,47,CAMIÓN,ATROPELLO,URBANO,JIRÓN,URBANA,COMERCIAL,TRAMO RECTO,ASFALTADA
A-2023-02-143,P-2023-02-143-1-1,2023,2023-02-17,06:20,MANANA (06-11),LIMA,SAN JUAN DE LURIGANCHO,CONDUCTOR,ILESO,,,MASCULINO,45,REMOLCADOR-SEMIREMOLQUE,CHOQUE,URBANO,AVENIDA,URBANA,RESIDENCIAL,TRAMO RECTO,ASFALTADA
A-2023-02-143,P-2023-02-143-2-1,2023,2023-02-17,06:20,MANANA (06-11),LIMA,SAN JUAN DE LURIGANCHO,CONDUCTOR,FALLECIDO,EN EL LUGAR DE LOS HECHOS,,MASCULINO,19,MOTOCICLETA,CHOQUE,URBANO,AVENIDA,URBANA,RESIDENCIAL,TRAMO RECTO,ASFALTADA
A-2023-02-144,P-2023-02-144-1-1,2023,2023-02-18,06:00,MANANA (06-11),LIMA,COMAS,CONDUCTOR,ILESO,,,MASCULINO,42,REMOLCADOR-SEMIREMOLQUE,CHOQUE,URBANO,AVENIDA,URBANA,RESIDENCIAL,INTERSECCIÓN,ASFALTADA
A-2023-02-144,P-2023-02-144-2-1,2023,2023-02-18,06:00,MANANA (06-11),LIMA,COMAS,CONDUCTOR,ILESO,,,MASCULINO,41,TRIMOTO PASAJERO,CHOQUE,URBANO,AVENIDA,URBANA,RESIDENCIAL,INTERSECCIÓN,ASFALTADA
A-2023-02-144,P-2023-02-144-2-2,2023,2023-02-18,06:00,MANANA (06-11),LIMA,COMAS,PASAJERO,FALLECIDO,EN EL LUGAR DE LOS HECHOS,,MASCULINO,58,TRIMOTO PASAJERO,CHOQUE,URBANO,AVENIDA,URBANA,RESIDENCIAL,INTERSECCIÓN,ASFALTADA
A-2023-02-149,P-2023-02-149-1-1,2023,2023-02-20,05:15,MADRUGADA (00-05),LIMA,CARABAYLLO,CONDUCTOR,ILESO,,,MASCULINO,46,ÓMNIBUS,ATROPELLO,URBANO,AVENIDA,URBANA,COMERCIAL,TRAMO RECTO,ASFALTADA
A-2023-02-149,P-2023-02-149-1-2,2023,2023-02-20,05:15,MADRUGADA (00-05),LIMA,CARABAYLLO,PEATÓN,FALLECIDO,EN EL LUGAR DE LOS HECHOS,,MASCULINO,83,ÓMNIBUS,ATROPELLO,URBANO,AVENIDA,URBANA,COMERCIAL,TRAMO RECTO,ASFALTADA
A-2023-02-153,P-2023-02-153-1-1,2023,2023-02-20,07:00,MANANA (06-11),LIMA,SANTIAGO DE SURCO,CONDUCTOR,ILESO,,,MASCULINO,40,AUTOMÓVIL,ATROPELLO,NACIONAL,CARRETERA,URBANA,RESIDENCIAL,TRAMO RECTO,ASFALTADA
A-2023-02-153,P-2023-02-153-1-2,2023,2023-02-20,07:00,MANANA (06-11),LIMA,SANTIAGO DE SURCO,PEATÓN,FALLECIDO,EN EL LUGAR DE LOS HECHOS,,MASCULINO,74,AUTOMÓVIL,ATROPELLO,NACIONAL,CARRETERA,URBANA,RESIDENCIAL,TRAMO RECTO,ASFALTADA
A-2023-02-130,P-2023-02-130-1-1,2023,2023-02-20,16:05,TARDE (12-17),CALLAO,CALLAO,CONDUCTOR,ILESO,,,MASCULINO,67,CAMIÓN,ATROPELLO,NACIONAL,CARRETERA,URBANA,INDUSTRIAL,TRAMO RECTO,ASFALTADA
A-2023-02-130,P-2023-02-130-1-2,2023,2023-02-20,16:05,TARDE (12-17),CALLAO,CALLAO,PEATÓN,FALLECIDO,EN EL CENTRO DE SALUD,,MASCULINO,74,CAMIÓN,ATROPELLO,NACIONAL,CARRETERA,URBANA,INDUSTRIAL,TRAMO RECTO,ASFALTADA
A-2023-02-145,P-2023-02-145-1-1,2023,2023-02-20,19:12,NOCHE (18-23),LIMA,PUEBLO LIBRE,CONDUCTOR,ILESO,,,MASCULINO,44,ÓMNIBUS,ATROPELLO FUGA,URBANO,AVENIDA,URBANA,RESIDENCIAL,INTERSECCIÓN,ASFALTADA
A-2023-02-145,P-2023-02-145-1-2,2023,2023-02-20,19:12,NOCHE (18-23),LIMA,PUEBLO LIBRE,PEATÓN,FALLECIDO,EN EL LUGAR DE LOS HECHOS,,MASCULINO,61,ÓMNIBUS,ATROPELLO FUGA,URBANO,AVENIDA,URBANA,RESIDENCIAL,INTERSECCIÓN,ASFALTADA
A-2023-02-146,P-2023-02-146-1-1,2023,2023-02-22,10:50,MANANA (06-11),LIMA,SAN BORJA,CONDUCTOR,ILESO,,,MASCULINO,50,ÓMNIBUS,ATROPELLO,URBANO,AVENIDA,URBANA,RESIDENCIAL,INTERSECCIÓN,ASFALTADA
A-2023-02-146,P-2023-02-146-1-2,2023,2023-02-22,10:50,MANANA (06-11),LIMA,SAN BORJA,PEATÓN,FALLECIDO,EN EL LUGAR DE LOS HECHOS,,FEMENINO,85,ÓMNIBUS,ATROPELLO,URBANO,AVENIDA,URBANA,RESIDENCIAL,INTERSECCIÓN,ASFALTADA
A-2023-02-147,P-2023-02-147-1-1,2023,2023-02-22,21:41,NOCHE (18-23),LIMA,RIMAC,CONDUCTOR,ILESO,,,MASCULINO,48,REMOLCADOR-SEMIREMOLQUE,CHOQUE,NACIONAL,CARRETERA,URBANA,COMERCIAL,TRAMO RECTO,ASFALTADA
A-2023-02-147,P-2023-02-147-2-1,2023,2023-02-22,21:41,NOCHE (18-23),LIMA,RIMAC,CONDUCTOR,ILESO,,,MASCULINO,25,MOTOCICLETA,CHOQUE,NACIONAL,CARRETERA,URBANA,COMERCIAL,TRAMO RECTO,ASFALTADA
A-2023-02-147,P-2023-02-147-2-2,2023,2023-02-22,21:41,NOCHE (18-23),LIMA,RIMAC,PASAJERO,FALLECIDO,EN EL LUGAR DE LOS HECHOS,,FEMENINO,25,MOTOCICLETA,CHOQUE,NACIONAL,CARRETERA,URBANA,COMERCIAL,TRAMO RECTO,ASFALTADA
A-2023-02-120,P-2023-02-120-1-1,2023,2023-02-23,06:30,MANANA (06-11),CALLAO,MI PERU,CONDUCTOR,ILESO,,,MASCULINO,46,REMOLCADOR-SEMIREMOLQUE,CHOQUE,NACIONAL,CARRETERA,URBANA,COMERCIAL,TRAMO RECTO,ASFALTADA
A-2023-02-120,P-2023-02-120-2-1,2023,2023-02-23,06:30,MANANA (06-11),CALLAO,MI PERU,CONDUCTOR,FALLECIDO,EN EL LUGAR DE LOS HECHOS,,MASCULINO,30,BICICLETA,CHOQUE,NACIONAL,CARRETERA,URBANA,COMERCIAL,TRAMO RECTO,ASFALTADA
A-2023-02-148,P-2023-02-148-1-1,2023,2023-02-23,15:30,TARDE (12-17),LIMA,LA VICTORIA,CONDUCTOR,ILESO,,,MASCULINO,50,VEHICULO NO IDENTIFICADO,ATROPELLO FUGA,URBANO,AVENIDA,URBANA,RESIDENCIAL,TRAMO RECTO,ASFALTADA
A-2023-02-148,P-2023-02-148-1-2,2023,2023-02-23,15:30,TARDE (12-17),LIMA,LA VICTORIA,PEATÓN,FALLECIDO,EN EL LUGAR DE LOS HECHOS,,FEMENINO,83,VEHICULO NO IDENTIFICADO,ATROPELLO FUGA,URBANO,AVENIDA,URBANA,RESIDENCIAL,TRAMO RECTO,ASFALTADA
A-2023-02-150,P-2023-02-150-1-1,2023,2023-02-23,19:00,NOCHE (18-23),LIMA,BARRANCO,CONDUCTOR,FALLECIDO,EN EL LUGAR DE LOS HECHOS,,MASCULINO,34,MOTOCICLETA,DESPISTE,URBANO,AVENIDA,URBANA,RESIDENCIAL,TRAMO RECTO,ASFALTADA
A-2023-03-131-A,P-2023-03-131-A-1-1,2023,2023-02-25,08:15,MANANA (06-11),LIMA,SAN JUAN DE MIRAFLORES,CONDUCTOR FUGADO,NO SE CONOCE,,,NO INDICA,,CAMIÓN,ATROPELLO FUGA,NACIONAL,CARRETERA,URBANA,COMERCIAL,TRAMO RECTO,ASFALTADA
A-2023-03-131-A,P-2023-03-131-A-1-2,2023,2023-02-25,08:15,MANANA (06-11),LIMA,SAN JUAN DE MIRAFLORES,PEATÓN,FALLECIDO,EN EL LUGAR DE LOS HECHOS,,MASCULINO,84,CAMIÓN,ATROPELLO FUGA,NACIONAL,CARRETERA,URBANA,COMERCIAL,TRAMO RECTO,ASFALTADA
A-2023-02-151,P-2023-02-151-1-1,2023,2023-02-26,17:15,TARDE (12-17),LIMA,RIMAC,CONDUCTOR,ILESO,,,MASCULINO,41,ÓMNIBUS,CHOQUE,URBANO,AVENIDA,URBANA,RESIDENCIAL,INTERSECCIÓN,ASFALTADA
A-2023-02-151,P-2023-02-151-2-1,2023,2023-02-26,17:15,TARDE (12-17),LIMA,RIMAC,CONDUCTOR,FALLECIDO,EN EL LUGAR DE LOS HECHOS,,MASCULINO,69,TRIMOTO PASAJERO,CHOQUE,URBANO,AVENIDA,URBANA,RESIDENCIAL,INTERSECCIÓN,ASFALTADA
A-2023-02-151,P-2023-02-151-2-2,2023,2023-02-26,17:15,TARDE (12-17),LIMA,RIMAC,PASAJERO,FALLECIDO,EN EL LUGAR DE LOS HECHOS,,FEMENINO,19,TRIMOTO PASAJERO,CHOQUE,URBANO,AVENIDA,URBANA,RESIDENCIAL,INTERSECCIÓN,ASFALTADA
A-2023-03-131-B,P-2023-03-131-B-1-1,2023,2023-03-01,05:30,MADRUGADA (00-05),LIMA,LURIGANCHO,CONDUCTOR,ILESO,,,MASCULINO,52,CAMIÓN,CHOQUE,PROVINCIAL,CARRETERA,RURAL,INDUSTRIAL,TRAMO RECTO,ASFALTADA
A-2023-03-131-B,P-2023-03-131-B-2-1,2023,2023-03-01,05:30,MADRUGADA (00-05),LIMA,LURIGANCHO,CONDUCTOR,FALLECIDO,EN EL LUGAR DE LOS HECHOS,,MASCULINO,28,MOTOCICLETA,CHOQUE,PROVINCIAL,CARRETERA,RURAL,INDUSTRIAL,TRAMO RECTO,ASFALTADA
A-2023-03-132,P-2023-03-132-1-1,2023,2023-03-03,03:40,MADRUGADA (00-05),LIMA,CARABAYLLO,CONDUCTOR,FALLECIDO,EN EL LUGAR DE LOS HECHOS,,MASCULINO,33,MOTOCICLETA,DESPISTE,URBANO,AVENIDA,URBANA,RESIDENCIAL,TRAMO RECTO,ASFALTADA
A-2023-03-133,P-2023-03-133-1-1,2023,2023-03-03,11:30,MANANA (06-11),LIMA,LIMA,CONDUCTOR,ILESO,,,MASCULINO,34,ÓMNIBUS,CAÍDA DE PASAJERO,URBANO,AVENIDA,URBANA,COMERCIAL,TRAMO RECTO,ASFALTADA
A-2023-03-133,P-2023-03-133-1-2,2023,2023-03-03,11:30,MANANA (06-11),LIMA,LIMA,PASAJERO,FALLECIDO,EN EL LUGAR DE LOS HECHOS,,MASCULINO,76,ÓMNIBUS,CAÍDA DE PASAJERO,URBANO,AVENIDA,URBANA,COMERCIAL,TRAMO RECTO,ASFALTADA
A-2023-03-134,P-2023-03-134-1-1,2023,2023-03-04,02:20,MADRUGADA (00-05),LIMA,PUNTA HERMOSA,CONDUCTOR,ILESO,,,MASCULINO,74,AUTOMÓVIL,ATROPELLO,NACIONAL,CARRETERA,RURAL,COMERCIAL,TRAMO RECTO,ASFALTADA
A-2023-03-134,P-2023-03-134-1-2,2023,2023-03-04,02:20,MADRUGADA (00-05),LIMA,PUNTA HERMOSA,PEATÓN,FALLECIDO,EN EL LUGAR DE LOS HECHOS,,MASCULINO,40,AUTOMÓVIL,ATROPELLO,NACIONAL,CARRETERA,RURAL,COMERCIAL,TRAMO RECTO,ASFALTADA
A-2023-03-135,P-2023-03-135-1-1,2023,2023-03-05,12:00,TARDE (12-17),LIMA,CHORRILLOS,CONDUCTOR,ILESO,,,MASCULINO,33,ÓMNIBUS,CHOQUE,URBANO,AVENIDA,URBANA,COMERCIAL,INTERSECCIÓN,ASFALTADA
A-2023-03-135,P-2023-03-135-1-2,2023,2023-03-05,12:00,TARDE (12-17),LIMA,CHORRILLOS,PASAJERO,LESIONADO,,CENTRO DE SALUD PÚBLICO,MASCULINO,50,ÓMNIBUS,CHOQUE,URBANO,AVENIDA,URBANA,COMERCIAL,INTERSECCIÓN,ASFALTADA
A-2023-03-135,P-2023-03-135-1-3,2023,2023-03-05,12:00,TARDE (12-17),LIMA,CHORRILLOS,PASAJERO,LESIONADO,,CENTRO DE SALUD PÚBLICO,FEMENINO,53,ÓMNIBUS,CHOQUE,URBANO,AVENIDA,URBANA,COMERCIAL,INTERSECCIÓN,ASFALTADA
A-2023-03-135,P-2023-03-135-2-1,2023,2023-03-05,12:00,TARDE (12-17),LIMA,CHORRILLOS,CONDUCTOR,FALLECIDO,EN EL LUGAR DE LOS HECHOS,,MASCULINO,31,MOTOCICLETA,CHOQUE,URBANO,AVENIDA,URBANA,COMERCIAL,INTERSECCIÓN,ASFALTADA
A-2023-03-137,P-2023-03-137-1-1,2023,2023-03-07,05:50,MADRUGADA (00-05),LIMA,SAN MARTIN DE PORRES,CONDUCTOR,ILESO,,,MASCULINO,54,ÓMNIBUS,CHOQUE,URBANO,AVENIDA,URBANA,COMERCIAL,INTERSECCIÓN,ASFALTADA
A-2023-03-137,P-2023-03-137-2-1,2023,2023-03-07,05:50,MADRUGADA (00-05),LIMA,SAN MARTIN DE PORRES,CONDUCTOR,FALLECIDO,EN EL LUGAR DE LOS HECHOS,,MASCULINO,24,MOTOCICLETA,CHOQUE,URBANO,AVENIDA,URBANA,COMERCIAL,INTERSECCIÓN,ASFALTADA
A-2023-03-138,P-2023-03-138-1-1,2023,2023-03-08,15:00,TARDE (12-17),LIMA,LURIN,CONDUCTOR,ILESO,,,MASCULINO,45,ÓMNIBUS,CHOQUE,NACIONAL,CARRETERA,URBANA,INDUSTRIAL,TRAMO RECTO,ASFALTADA
A-2023-03-138,P-2023-03-138-2-1,2023,2023-03-08,15:00,TARDE (12-17),LIMA,LURIN,CONDUCTOR,FALLECIDO,EN EL LUGAR DE LOS HECHOS,,MASCULINO,29,MOTOCICLETA,CHOQUE,NACIONAL,CARRETERA,URBANA,INDUSTRIAL,TRAMO RECTO,ASFALTADA
A-2023-03-179,P-2023-03-179-1-1,2023,2023-03-09,11:00,MANANA (06-11),LIMA,COMAS,CONDUCTOR,ILESO,,,MASCULINO,23,MOTOCICLETA,ATROPELLO,URBANO,AVENIDA,URBANA,COMERCIAL,TRAMO RECTO,ASFALTADA
A-2023-03-179,P-2023-03-179-1-2,2023,2023-03-09,11:00,MANANA (06-11),LIMA,COMAS,PEATÓN,FALLECIDO,EN EL CENTRO DE SALUD,,MASCULINO,59,MOTOCICLETA,ATROPELLO,URBANO,AVENIDA,URBANA,COMERCIAL,TRAMO RECTO,ASFALTADA
A-2023-03-139,P-2023-03-139-1-1,2023,2023-03-09,13:30,TARDE (12-17),LIMA,SAN JUAN DE LURIGANCHO,CONDUCTOR,ILESO,,,MASCULINO,39,ÓMNIBUS,CHOQUE,URBANO,AVENIDA,URBANA,COMERCIAL,INTERSECCIÓN,ASFALTADA
A-2023-03-139,P-2023-03-139-2-1,2023,2023-03-09,13:30,TARDE (12-17),LIMA,SAN JUAN DE LURIGANCHO,CONDUCTOR,FALLECIDO,EN EL LUGAR DE LOS HECHOS,,FEMENINO,37,MOTOCICLETA,CHOQUE,URBANO,AVENIDA,URBANA,COMERCIAL,INTERSECCIÓN,ASFALTADA
A-2023-03-139,P-2023-03-139-2-2,2023,2023-03-09,13:30,TARDE (12-17),LIMA,SAN JUAN DE LURIGANCHO,PASAJERO,LESIONADO,,CENTRO DE SALUD PÚBLICO,FEMENINO,36,MOTOCICLETA,CHOQUE,URBANO,AVENIDA,URBANA,COMERCIAL,INTERSECCIÓN,ASFALTADA
A-2023-03-140,P-2023-03-140-1-1,2023,2023-03-09,14:00,TARDE (12-17),LIMA,SAN JUAN DE LURIGANCHO,CONDUCTOR,ILESO,,,MASCULINO,46,CAMIÓN,ATROPELLO FUGA,URBANO,AVENIDA,URBANA,RESIDENCIAL,TRAMO RECTO,ASFALTADA
A-2023-03-140,P-2023-03-140-1-2,2023,2023-03-09,14:00,TARDE (12-17),LIMA,SAN JUAN DE LURIGANCHO,PEATÓN,FALLECIDO,EN EL LUGAR DE LOS HECHOS,,MASCULINO,36,CAMIÓN,ATROPELLO FUGA,URBANO,AVENIDA,URBANA,RESIDENCIAL,TRAMO RECTO,ASFALTADA
A-2023-03-141,P-2023-03-141-1-1,2023,2023-03-12,22:30,NOCHE (18-23),LIMA,CHORRILLOS,CONDUCTOR,ILESO,,,MASCULINO,46,AUTOMÓVIL,ATROPELLO,NACIONAL,CARRETERA,URBANA,INDUSTRIAL,TRAMO RECTO,ASFALTADA
A-2023-03-141,P-2023-03-141-1-2,2023,2023-03-12,22:30,NOCHE (18-23),LIMA,CHORRILLOS,PEATÓN,FALLECIDO,EN EL LUGAR DE LOS HECHOS,,MASCULINO,,AUTOMÓVIL,ATROPELLO,NACIONAL,CARRETERA,URBANA,INDUSTRIAL,TRAMO RECTO,ASFALTADA
A-2023-03-142,P-2023-03-142-1-1,2023,2023-03-13,15:30,TARDE (12-17),LIMA,ANCON,CONDUCTOR,ILESO,,,MASCULINO,56,ÓMNIBUS,CAÍDA DE PASAJERO,NACIONAL,CARRETERA,URBANA,COMERCIAL,TRAMO RECTO,ASFALTADA
A-2023-03-142,P-2023-03-142-1-2,2023,2023-03-13,15:30,TARDE (12-17),LIMA,ANCON,PASAJERO,FALLECIDO,EN EL LUGAR DE LOS HECHOS,,MASCULINO,50,ÓMNIBUS,CAÍDA DE PASAJERO,NACIONAL,CARRETERA,URBANA,COMERCIAL,TRAMO RECTO,ASFALTADA
A-2023-03-159,P-2023-03-159-1-1,2023,2023-03-13,23:00,NOCHE (18-23),LIMA,LIMA,CONDUCTOR,ILESO,,,MASCULINO,47,REMOLCADOR-SEMIREMOLQUE,ATROPELLO FUGA,URBANO,JIRÓN,URBANA,RESIDENCIAL,TRAMO RECTO,ASFALTADA
A-2023-03-159,P-2023-03-159-1-2,2023,2023-03-13,23:00,NOCHE (18-23),LIMA,LIMA,PEATÓN,FALLECIDO,EN EL LUGAR DE LOS HECHOS,,MASCULINO,25,REMOLCADOR-SEMIREMOLQUE,ATROPELLO FUGA,URBANO,JIRÓN,URBANA,RESIDENCIAL,TRAMO RECTO,ASFALTADA
A-2023-03-143,P-2023-03-143-1-1,2023,2023-03-15,00:15,MADRUGADA (00-05),LIMA,SAN BORJA,CONDUCTOR,ILESO,,,MASCULINO,57,ÓMNIBUS,CHOQUE,NACIONAL,CARRETERA,URBANA,RESIDENCIAL,TRAMO RECTO,ASFALTADA
A-2023-03-143,P-2023-03-143-2-1,2023,2023-03-15,00:15,MADRUGADA (00-05),LIMA,SAN BORJA,CONDUCTOR,ILESO,,,MASCULINO,26,MOTOCICLETA,CHOQUE,NACIONAL,CARRETERA,URBANA,RESIDENCIAL,TRAMO RECTO,ASFALTADA
A-2023-03-143,P-2023-03-143-2-2,2023,2023-03-15,00:15,MADRUGADA (00-05),LIMA,SAN BORJA,PASAJERO,FALLECIDO,EN EL LUGAR DE LOS HECHOS,,FEMENINO,26,MOTOCICLETA,CHOQUE,NACIONAL,CARRETERA,URBANA,RESIDENCIAL,TRAMO RECTO,ASFALTADA
A-2023-03-126,P-2023-03-126-1-1,2023,2023-03-15,20:00,NOCHE (18-23),CALLAO,VENTANILLA,CONDUCTOR,ILESO,,,MASCULINO,37,AUTOMÓVIL,ATROPELLO,URBANO,AVENIDA,URBANA,,,
A-2023-03-126,P-2023-03-126-1-2,2023,2023-03-15,20:00,NOCHE (18-23),CALLAO,VENTANILLA,PEATÓN,FALLECIDO,,,MASCULINO,40,AUTOMÓVIL,ATROPELLO,URBANO,AVENIDA,URBANA,,,
A-2023-03-126,P-2023-03-126-1-3,2023,2023-03-15,20:00,NOCHE (18-23),CALLAO,VENTANILLA,PEATÓN,LESIONADO,,,MASCULINO,35,AUTOMÓVIL,ATROPELLO,URBANO,AVENIDA,URBANA,,,
A-2023-03-126,P-2023-03-126-1-4,2023,2023-03-15,20:00,NOCHE (18-23),CALLAO,VENTANILLA,PEATÓN,LESIONADO,,,MASCULINO,37,AUTOMÓVIL,ATROPELLO,URBANO,AVENIDA,URBANA,,,
A-2023-03-144,P-2023-03-144-1-1,2023,2023-03-16,22:30,NOCHE (18-23),LIMA,SAN JUAN DE LURIGANCHO,CONDUCTOR,FALLECIDO,EN EL LUGAR DE LOS HECHOS,,MASCULINO,29,MOTOCICLETA,VOLCADURA,URBANO,AVENIDA,URBANA,COMERCIAL,TRAMO RECTO,ASFALTADA
A-2023-03-112,P-2023-03-112-1-1,2023,2023-03-17,09:50,MANANA (06-11),CALLAO,CALLAO,CONDUCTOR,ILESO,,,MASCULINO,50,REMOLCADOR-SEMIREMOLQUE,CHOQUE,NACIONAL,CARRETERA,URBANA,INDUSTRIAL,TRAMO RECTO,ASFALTADA
A-2023-03-112,P-2023-03-112-2-1,2023,2023-03-17,09:50,MANANA (06-11),CALLAO,CALLAO,CONDUCTOR,FALLECIDO,EN EL LUGAR DE LOS HECHOS,,MASCULINO,33,MOTOCICLETA,CHOQUE,NACIONAL,CARRETERA,URBANA,INDUSTRIAL,TRAMO RECTO,ASFALTADA
A-2023-03-145,P-2023-03-145-1-1,2023,2023-03-17,19:20,NOCHE (18-23),LIMA,COMAS,CONDUCTOR,FALLECIDO,EN EL LUGAR DE LOS HECHOS,,MASCULINO,53,CAMIONETA PICK UP,CHOQUE,URBANO,AVENIDA,URBANA,RESIDENCIAL,TRAMO RECTO,ASFALTADA
A-2023-03-145,P-2023-03-145-1-2,2023,2023-03-17,19:20,NOCHE (18-23),LIMA,COMAS,PASAJERO,LESIONADO,,CENTRO DE SALUD PÚBLICO,FEMENINO,27,CAMIONETA PICK UP,CHOQUE,URBANO,AVENIDA,URBANA,RESIDENCIAL,TRAMO RECTO,ASFALTADA
A-2023-03-145,P-2023-03-145-2-1,2023,2023-03-17,19:20,NOCHE (18-23),LIMA,COMAS,CONDUCTOR,ILESO,,,MASCULINO,41,ÓMNIBUS,CHOQUE,URBANO,AVENIDA,URBANA,RESIDENCIAL,TRAMO RECTO,ASFALTADA
A-2023-03-146,P-2023-03-146-1-1,2023,2023-03-18,16:30,TARDE (12-17),LIMA,SAN JUAN DE LURIGANCHO,CONDUCTOR,ILESO,,,MASCULINO,51,ÓMNIBUS,CHOQUE,URBANO,AVENIDA,URBANA,COMERCIAL,TRAMO RECTO,ASFALTADA
A-2023-03-146,P-2023-03-146-2-1,2023,2023-03-18,16:30,TARDE (12-17),LIMA,SAN JUAN DE LURIGANCHO,CONDUCTOR,FALLECIDO,EN EL LUGAR DE LOS HECHOS,,MASCULINO,46,MOTOCICLETA,CHOQUE,URBANO,AVENIDA,URBANA,COMERCIAL,TRAMO RECTO,ASFALTADA
A-2023-03-146,P-2023-03-146-2-2,2023,2023-03-18,16:30,TARDE (12-17),LIMA,SAN JUAN DE LURIGANCHO,PASAJERO,LESIONADO,,CENTRO DE SALUD PÚBLICO,FEMENINO,30,MOTOCICLETA,CHOQUE,URBANO,AVENIDA,URBANA,COMERCIAL,TRAMO RECTO,ASFALTADA
A-2023-03-147,P-2023-03-147-1-1,2023,2023-03-19,05:55,MADRUGADA (00-05),LIMA,PUENTE PIEDRA,CONDUCTOR FUGADO,NO SE CONOCE,,,NO INDICA,,VEHICULO NO IDENTIFICADO,ATROPELLO FUGA,NACIONAL,CARRETERA,URBANA,COMERCIAL,TRAMO RECTO,ASFALTADA
A-2023-03-147,P-2023-03-147-1-2,2023,2023-03-19,05:55,MADRUGADA (00-05),LIMA,PUENTE PIEDRA,PEATÓN,FALLECIDO,EN EL LUGAR DE LOS HECHOS,,MASCULINO,30,VEHICULO NO IDENTIFICADO,ATROPELLO FUGA,NACIONAL,CARRETERA,URBANA,COMERCIAL,TRAMO RECTO,ASFALTADA
A-2023-03-148,P-2023-03-148-1-1,2023,2023-03-19,06:50,MANANA (06-11),LIMA,VILLA EL SALVADOR,CONDUCTOR,ILESO,,,MASCULINO,34,STATION WAGON,ATROPELLO,URBANO,AVENIDA,URBANA,RESIDENCIAL,TRAMO RECTO,ASFALTADA
A-2023-03-148,P-2023-03-148-1-2,2023,2023-03-19,06:50,MANANA (06-11),LIMA,VILLA EL SALVADOR,PEATÓN,FALLECIDO,EN EL LUGAR DE LOS HECHOS,,NO INDICA,,STATION WAGON,ATROPELLO,URBANO,AVENIDA,URBANA,RESIDENCIAL,TRAMO RECTO,ASFALTADA
A-2023-03-150,P-2023-03-150-1-1,2023,2023-03-19,06:25,MANANA (06-11),LIMA,PUENTE PIEDRA,CONDUCTOR,FALLECIDO,EN EL LUGAR DE LOS HECHOS,,MASCULINO,24,MOTOCICLETA,DESPISTE,NACIONAL,CARRETERA,URBANA,COMERCIAL,TRAMO RECTO,ASFALTADA
A-2023-03-149,P-2023-03-149-1-1,2023,2023-03-19,10:15,MANANA (06-11),LIMA,SAN BORJA,CONDUCTOR,ILESO,,,FEMENINO,49,AUTOMÓVIL,CHOQUE,URBANO,AVENIDA,URBANA,COMERCIAL,TRAMO RECTO,ASFALTADA
A-2023-03-149,P-2023-03-149-2-1,2023,2023-03-19,10:15,MANANA (06-11),LIMA,SAN BORJA,CONDUCTOR,FALLECIDO,EN EL LUGAR DE LOS HECHOS,,MASCULINO,30,MOTOCICLETA,CHOQUE,URBANO,AVENIDA,URBANA,COMERCIAL,TRAMO RECTO,ASFALTADA
A-2023-03-151,P-2023-03-151-1-1,2023,2023-03-20,16:45,TARDE (12-17),LIMA,COMAS,CONDUCTOR,ILESO,,,MASCULINO,46,CAMIÓN,CHOQUE,URBANO,AVENIDA,URBANA,COMERCIAL,TRAMO RECTO,ASFALTADA
A-2023-03-151,P-2023-03-151-2-1,2023,2023-03-20,16:45,TARDE (12-17),LIMA,COMAS,CONDUCTOR,LESIONADO,,CENTRO DE SALUD PÚBLICO,MASCULINO,44,AUTOMÓVIL,CHOQUE,URBANO,AVENIDA,URBANA,COMERCIAL,TRAMO RECTO,ASFALTADA
A-2023-03-151,P-2023-03-151-2-2,2023,2023-03-20,16:45,TARDE (12-17),LIMA,COMAS,PASAJERO,FALLECIDO,EN EL LUGAR DE LOS HECHOS,,MASCULINO,19,AUTOMÓVIL,CHOQUE,URBANO,AVENIDA,URBANA,COMERCIAL,TRAMO RECTO,ASFALTADA
A-2023-03-152,P-2023-03-152-1-1,2023,2023-03-21,08:30,MANANA (06-11),LIMA,JESUS MARIA,CONDUCTOR,ILESO,,,MASCULINO,30,CAMIÓN,CHOQUE,URBANO,AVENIDA,URBANA,RESIDENCIAL,TRAMO RECTO,ASFALTADA
A-2023-03-152,P-2023-03-152-2-1,2023,2023-03-21,08:30,MANANA (06-11),LIMA,JESUS MARIA,CONDUCTOR,FALLECIDO,EN EL LUGAR DE LOS HECHOS,,FEMENINO,26,BICICLETA,CHOQUE,URBANO,AVENIDA,URBANA,RESIDENCIAL,TRAMO RECTO,ASFALTADA
A-2023-03-153,P-2023-03-153-1-1,2023,2023-03-22,19:40,NOCHE (18-23),LIMA,ATE,CONDUCTOR,ILESO,,,MASCULINO,21,MINIBUS,CHOQUE,NACIONAL,CARRETERA,URBANA,COMERCIAL,TRAMO RECTO,ASFALTADA
A-2023-03-153,P-2023-03-153-1-2,2023,2023-03-22,19:40,NOCHE (18-23),LIMA,ATE,PASAJERO,FALLECIDO,EN EL LUGAR DE LOS HECHOS,,FEMENINO,18,MINIBUS,CHOQUE,NACIONAL,CARRETERA,URBANA,COMERCIAL,TRAMO RECTO,ASFALTADA
A-2023-03-153,P-2023-03-153-1-3,2023,2023-03-22,19:40,NOCHE (18-23),LIMA,ATE,PASAJERO,LESIONADO,,CENTRO DE SALUD PRIVADO,MASCULINO,62,MINIBUS,CHOQUE,NACIONAL,CARRETERA,URBANA,COMERCIAL,TRAMO RECTO,ASFALTADA
A-2023-03-153,P-2023-03-153-1-4,2023,2023-03-22,19:40,NOCHE (18-23),LIMA,ATE,PASAJERO,LESIONADO,,CENTRO DE SALUD PÚBLICO,FEMENINO,54,MINIBUS,CHOQUE,NACIONAL,CARRETERA,URBANA,COMERCIAL,TRAMO RECTO,ASFALTADA
A-2023-03-153,P-2023-03-153-1-5,2023,2023-03-22,19:40,NOCHE (18-23),LIMA,ATE,PASAJERO,LESIONADO,,CENTRO DE SALUD PÚBLICO,MASCULINO,27,MINIBUS,CHOQUE,NACIONAL,CARRETERA,URBANA,COMERCIAL,TRAMO RECTO,ASFALTADA
A-2023-03-153,P-2023-03-153-1-6,2023,2023-03-22,19:40,NOCHE (18-23),LIMA,ATE,PASAJERO,LESIONADO,,CENTRO DE SALUD PÚBLICO,MASCULINO,30,MINIBUS,CHOQUE,NACIONAL,CARRETERA,URBANA,COMERCIAL,TRAMO RECTO,ASFALTADA
A-2023-03-153,P-2023-03-153-1-7,2023,2023-03-22,19:40,NOCHE (18-23),LIMA,ATE,PASAJERO,LESIONADO,,CENTRO DE SALUD PÚBLICO,FEMENINO,30,MINIBUS,CHOQUE,NACIONAL,CARRETERA,URBANA,COMERCIAL,TRAMO RECTO,ASFALTADA
A-2023-03-153,P-2023-03-153-1-8,2023,2023-03-22,19:40,NOCHE (18-23),LIMA,ATE,PASAJERO,LESIONADO,,CENTRO DE SALUD PÚBLICO,MASCULINO,36,MINIBUS,CHOQUE,NACIONAL,CARRETERA,URBANA,COMERCIAL,TRAMO RECTO,ASFALTADA
A-2023-03-153,P-2023-03-153-2-1,2023,2023-03-22,19:40,NOCHE (18-23),LIMA,ATE,CONDUCTOR,ILESO,,,MASCULINO,27,CAMIÓN,CHOQUE,NACIONAL,CARRETERA,URBANA,COMERCIAL,TRAMO RECTO,ASFALTADA
A-2023-03-154,P-2023-03-154-1-1,2023,2023-03-25,01:45,MADRUGADA (00-05),LIMA,CHACLACAYO,CONDUCTOR,FALLECIDO,EN EL LUGAR DE LOS HECHOS,,MASCULINO,28,TRIMOTO PASAJERO,CHOQUE FUGA,NACIONAL,CARRETERA,URBANA,RESIDENCIAL,TRAMO RECTO,ASFALTADA
A-2023-03-154,P-2023-03-154-2-1,2023,2023-03-25,01:45,MADRUGADA (00-05),LIMA,CHACLACAYO,CONDUCTOR FUGADO,NO SE CONOCE,,,NO INDICA,,VEHICULO NO IDENTIFICADO,CHOQUE FUGA,NACIONAL,CARRETERA,URBANA,RESIDENCIAL,TRAMO RECTO,ASFALTADA
A-2023-03-155,P-2023-03-155-1-1,2023,2023-03-25,16:40,TARDE (12-17),LIMA,LIMA,CONDUCTOR,ILESO,,,MASCULINO,46,CAMIONETA RURAL,ATROPELLO,URBANO,AVENIDA,URBANA,RESIDENCIAL,INTERSECCIÓN,ASFALTADA
A-2023-03-155,P-2023-03-155-1-2,2023,2023-03-25,16:40,TARDE (12-17),LIMA,LIMA,PEATÓN,FALLECIDO,EN EL LUGAR DE LOS HECHOS,,MASCULINO,36,CAMIONETA RURAL,ATROPELLO,URBANO,AVENIDA,URBANA,RESIDENCIAL,INTERSECCIÓN,ASFALTADA
A-2023-03-157,P-2023-03-157-1-1,2023,2023-03-28,07:10,MANANA (06-11),LIMA,CARABAYLLO,CONDUCTOR,LESIONADO,,CENTRO DE SALUD PÚBLICO,MASCULINO,19,TRIMOTO PASAJERO,CHOQUE,NACIONAL,CARRETERA,RURAL,RURAL,TRAMO RECTO,ASFALTADA
A-2023-03-157,P-2023-03-157-1-2,2023,2023-03-28,07:10,MANANA (06-11),LIMA,CARABAYLLO,PASAJERO,FALLECIDO,EN EL LUGAR DE LOS HECHOS,,MASCULINO,12,TRIMOTO PASAJERO,CHOQUE,NACIONAL,CARRETERA,RURAL,RURAL,TRAMO RECTO,ASFALTADA
A-2023-03-157,P-2023-03-157-2-1,2023,2023-03-28,07:10,MANANA (06-11),LIMA,CARABAYLLO,CONDUCTOR,ILESO,,,MASCULINO,40,CAMIONETA RURAL,CHOQUE,NACIONAL,CARRETERA,RURAL,RURAL,TRAMO RECTO,ASFALTADA
A-2023-03-157,P-2023-03-157-2-2,2023,2023-03-28,07:10,MANANA (06-11),LIMA,CARABAYLLO,PASAJERO,LESIONADO,,CENTRO DE SALUD PÚBLICO,MASCULINO,26,CAMIONETA RURAL,CHOQUE,NACIONAL,CARRETERA,RURAL,RURAL,TRAMO RECTO,ASFALTADA
A-2023-03-157,P-2023-03-157-2-3,2023,2023-03-28,07:10,MANANA (06-11),LIMA,CARABAYLLO,PASAJERO,LESIONADO,,CENTRO DE SALUD PÚBLICO,MASCULINO,8,CAMIONETA RURAL,CHOQUE,NACIONAL,CARRETERA,RURAL,RURAL,TRAMO RECTO,ASFALTADA
A-2023-03-157,P-2023-03-157-2-4,2023,2023-03-28,07:10,MANANA (06-11),LIMA,CARABAYLLO,PASAJERO,LESIONADO,,CENTRO DE SALUD PÚBLICO,MASCULINO,4,CAMIONETA RURAL,CHOQUE,NACIONAL,CARRETERA,RURAL,RURAL,TRAMO RECTO,ASFALTADA
A-2023-03-157,P-2023-03-157-2-5,2023,2023-03-28,07:10,MANANA (06-11),LIMA,CARABAYLLO,PASAJERO,LESIONADO,,CENTRO DE SALUD PÚBLICO,FEMENINO,23,CAMIONETA RURAL,CHOQUE,NACIONAL,CARRETERA,RURAL,RURAL,TRAMO RECTO,ASFALTADA
A-2023-03-157,P-2023-03-157-2-6,2023,2023-03-28,07:10,MANANA (06-11),LIMA,CARABAYLLO,PASAJERO,LESIONADO,,CENTRO DE SALUD PÚBLICO,FEMENINO,25,CAMIONETA RURAL,CHOQUE,NACIONAL,CARRETERA,RURAL,RURAL,TRAMO RECTO,ASFALTADA
A-2023-03-156,P-2023-03-156-1-1,2023,2023-03-28,16:00,TARDE (12-17),LIMA,COMAS,CONDUCTOR,ILESO,,,MASCULINO,55,MINIBUS,ATROPELLO,NACIONAL,CARRETERA,URBANA,COMERCIAL,TRAMO RECTO,ASFALTADA
A-2023-03-156,P-2023-03-156-1-2,2023,2023-03-28,16:00,TARDE (12-17),LIMA,COMAS,PEATÓN,FALLECIDO,EN EL LUGAR DE LOS HECHOS,,MASCULINO,35,MINIBUS,ATROPELLO,NACIONAL,CARRETERA,URBANA,COMERCIAL,TRAMO RECTO,ASFALTADA
A-2023-03-158,P-2023-03-158-1-1,2023,2023-03-31,12:30,TARDE (12-17),LIMA,SAN BORJA,CONDUCTOR,ILESO,,,MASCULINO,53,REMOLCADOR-SEMIREMOLQUE,CHOQUE,NACIONAL,CARRETERA,URBANA,RESIDENCIAL,TRAMO RECTO,ASFALTADA
A-2023-03-158,P-2023-03-158-2-1,2023,2023-03-31,12:30,TARDE (12-17),LIMA,SAN BORJA,CONDUCTOR,ILESO,,,MASCULINO,33,MOTOCICLETA,CHOQUE,NACIONAL,CARRETERA,URBANA,RESIDENCIAL,TRAMO RECTO,ASFALTADA
A-2023-03-158,P-2023-03-158-2-2,2023,2023-03-31,12:30,TARDE (12-17),LIMA,SAN BORJA,PASAJERO,FALLECIDO,EN EL LUGAR DE LOS HECHOS,,FEMENINO,25,MOTOCICLETA,CHOQUE,NACIONAL,CARRETERA,URBANA,RESIDENCIAL,TRAMO RECTO,ASFALTADA
A-2023-04-140,P-2023-04-140-1-1,2023,2023-04-01,20:50,NOCHE (18-23),LIMA,SURQUILLO,CONDUCTOR FUGADO,NO SE CONOCE,,,NO INDICA,,VEHICULO NO IDENTIFICADO,ATROPELLO FUGA,URBANO,AVENIDA,URBANA,RESIDENCIAL,TRAMO RECTO,ASFALTADA
A-2023-04-140,P-2023-04-140-1-2,2023,2023-04-01,20:50,NOCHE (18-23),LIMA,SURQUILLO,PEATÓN,FALLECIDO,EN EL LUGAR DE LOS HECHOS,,FEMENINO,89,VEHICULO NO IDENTIFICADO,ATROPELLO FUGA,URBANO,AVENIDA,URBANA,RESIDENCIAL,TRAMO RECTO,ASFALTADA
A-2023-04-140,P-2023-04-140-1-3,2023,2023-04-01,20:50,NOCHE (18-23),LIMA,SURQUILLO,PEATÓN,LESIONADO,,CENTRO DE SALUD PÚBLICO,FEMENINO,75,VEHICULO NO IDENTIFICADO,ATROPELLO FUGA,URBANO,AVENIDA,URBANA,RESIDENCIAL,TRAMO RECTO,ASFALTADA
A-2023-04-139,P-2023-04-139-1-1,2023,2023-04-01,22:20,NOCHE (18-23),LIMA,LURIN,CONDUCTOR,ILESO,,,MASCULINO,18,AUTOMÓVIL,ATROPELLO,NACIONAL,CARRETERA,URBANA,COMERCIAL,TRAMO RECTO,ASFALTADA
A-2023-04-139,P-2023-04-139-1-2,2023,2023-04-01,22:20,NOCHE (18-23),LIMA,LURIN,PEATÓN,FALLECIDO,EN EL LUGAR DE LOS HECHOS,,MASCULINO,,AUTOMÓVIL,ATROPELLO,NACIONAL,CARRETERA,URBANA,COMERCIAL,TRAMO RECTO,ASFALTADA
A-2023-04-142,P-2023-04-142-1-1,2023,2023-04-02,04:00,MADRUGADA (00-05),LIMA,PUNTA HERMOSA,CONDUCTOR FUGADO,NO SE CONOCE,,,NO INDICA,,VEHICULO NO IDENTIFICADO,ATROPELLO FUGA,NACIONAL,CARRETERA,URBANA,RURAL,TRAMO RECTO,ASFALTADA
A-2023-04-142,P-2023-04-142-1-2,2023,2023-04-02,04:00,MADRUGADA (00-05),LIMA,PUNTA HERMOSA,PEATÓN,FALLECIDO,EN EL LUGAR DE LOS HECHOS,,MASCULINO,,VEHICULO NO IDENTIFICADO,ATROPELLO FUGA,NACIONAL,CARRETERA,URBANA,RURAL,TRAMO RECTO,ASFALTADA
A-2023-04-145,P-2023-04-145-1-1,2023,2023-04-02,07:30,MANANA (06-11),LIMA,LURIGANCHO,CONDUCTOR,ILESO,,,MASCULINO,32,CAMIONETA RURAL,CHOQUE FUGA,NACIONAL,CARRETERA,RURAL,RURAL,TRAMO RECTO,ASFALTADA
A-2023-04-145,P-2023-04-145-2-1,2023,2023-04-02,07:30,MANANA (06-11),LIMA,LURIGANCHO,CONDUCTOR,FALLECIDO,EN EL LUGAR DE LOS HECHOS,,MASCULINO,25,MOTOCICLETA,CHOQUE FUGA,NACIONAL,CARRETERA,RURAL,RURAL,TRAMO RECTO,ASFALTADA
A-2023-04-141,P-2023-04-141-1-1,2023,2023-04-02,11:45,MANANA (06-11),LIMA,COMAS,CONDUCTOR,ILESO,,,MASCULINO,43,ÓMNIBUS,ATROPELLO,URBANO,AVENIDA,URBANA,COMERCIAL,TRAMO RECTO,ASFALTADA
A-2023-04-141,P-2023-04-141-1-2,2023,2023-04-02,11:45,MANANA (06-11),LIMA,COMAS,PEATÓN,FALLECIDO,EN EL LUGAR DE LOS HECHOS,,MASCULINO,1,ÓMNIBUS,ATROPELLO,URBANO,AVENIDA,URBANA,COMERCIAL,TRAMO RECTO,ASFALTADA
A-2023-04-147,P-2023-04-147-1-1,2023,2023-04-03,06:50,MANANA (06-11),LIMA,MAGDALENA DEL MAR,CONDUCTOR,FALLECIDO,EN EL LUGAR DE LOS HECHOS,,FEMENINO,48,MOTOCICLETA,CHOQUE,URBANO,OTRO,URBANA,COMERCIAL,TRAMO RECTO,ASFALTADA
A-2023-04-147,P-2023-04-147-2-1,2023,2023-04-03,06:50,MANANA (06-11),LIMA,MAGDALENA DEL MAR,CONDUCTOR FUGADO,NO SE CONOCE,,,NO INDICA,,VEHICULO NO IDENTIFICADO,CHOQUE,URBANO,OTRO,URBANA,COMERCIAL,TRAMO RECTO,ASFALTADA
A-2023-04-21,P-2023-04-21-1-1,2023,2023-04-05,19:40,NOCHE (18-23),CALLAO,CALLAO,CONDUCTOR,ILESO,,,MASCULINO,40,CAMIÓN,CHOQUE,URBANO,AVENIDA,URBANA,COMERCIAL,TRAMO RECTO,ASFALTADA
A-2023-04-21,P-2023-04-21-2-1,2023,2023-04-05,19:40,NOCHE (18-23),CALLAO,CALLAO,CONDUCTOR,FALLECIDO,EN EL LUGAR DE LOS HECHOS,,MASCULINO,30,MOTOCICLETA ELECTRICA,CHOQUE,URBANO,AVENIDA,URBANA,COMERCIAL,TRAMO RECTO,ASFALTADA
A-2023-04-144,P-2023-04-144-1-1,2023,2023-04-06,18:00,NOCHE (18-23),LIMA,SAN MARTIN DE PORRES,CONDUCTOR,ILESO,,,MASCULINO,33,CAMIÓN,ATROPELLO FUGA,URBANO,AVENIDA,URBANA,RESIDENCIAL,TRAMO RECTO,ASFALTADA
A-2023-04-144,P-2023-04-144-1-2,2023,2023-04-06,18:00,NOCHE (18-23),LIMA,SAN MARTIN DE PORRES,PEATÓN,FALLECIDO,EN EL LUGAR DE LOS HECHOS,,MASCULINO,24,CAMIÓN,ATROPELLO FUGA,URBANO,AVENIDA,URBANA,RESIDENCIAL,TRAMO RECTO,ASFALTADA
A-2023-04-143,P-2023-04-143-1-1,2023,2023-04-07,02:30,MADRUGADA (00-05),LIMA,LURIN,CONDUCTOR FUGADO,NO SE CONOCE,,,NO INDICA,,VEHICULO NO IDENTIFICADO,ATROPELLO FUGA,NACIONAL,CARRETERA,RURAL,INDUSTRIAL,TRAMO RECTO,ASFALTADA
A-2023-04-143,P-2023-04-143-1-2,2023,2023-04-07,02:30,MADRUGADA (00-05),LIMA,LURIN,PEATÓN,FALLECIDO,EN EL LUGAR DE LOS HECHOS,,MASCULINO,61,VEHICULO NO IDENTIFICADO,ATROPELLO FUGA,NACIONAL,CARRETERA,RURAL,INDUSTRIAL,TRAMO RECTO,ASFALTADA
A-2023-04-151,P-2023-04-151-1-1,2023,2023-04-07,04:50,MADRUGADA (00-05),LIMA,EL AGUSTINO,CONDUCTOR,FALLECIDO,EN EL LUGAR DE LOS HECHOS,,MASCULINO,29,MOTOCICLETA,DESPISTE,NACIONAL,CARRETERA,URBANA,RESIDENCIAL,TRAMO RECTO,ASFALTADA
A-2023-04-151,P-2023-04-151-1-2,2023,2023-04-07,04:50,MADRUGADA (00-05),LIMA,EL AGUSTINO,PASAJERO,LESIONADO,,CENTRO DE SALUD PÚBLICO,FEMENINO,25,MOTOCICLETA,DESPISTE,NACIONAL,CARRETERA,URBANA,RESIDENCIAL,TRAMO RECTO,ASFALTADA
A-2023-04-152,P-2023-04-152-1-1,2023,2023-04-08,06:50,MANANA (06-11),LIMA,ANCON,CONDUCTOR,ILESO,,,MASCULINO,33,AUTOMÓVIL,ATROPELLO,NACIONAL,CARRETERA,URBANA,INDUSTRIAL,TRAMO RECTO,ASFALTADA
A-2023-04-152,P-2023-04-152-1-2,2023,2023-04-08,06:50,MANANA (06-11),LIMA,ANCON,PEATÓN,FALLECIDO,EN EL LUGAR DE LOS HECHOS,,MASCULINO,55,AUTOMÓVIL,ATROPELLO,NACIONAL,CARRETERA,URBANA,INDUSTRIAL,TRAMO RECTO,ASFALTADA
A-2023-04-153,P-2023-04-153-1-1,2023,2023-04-08,10:40,MANANA (06-11),LIMA,CHORRILLOS,CONDUCTOR,ILESO,,,MASCULINO,52,CAMIONETA RURAL,ATROPELLO,NACIONAL,CARRETERA,URBANA,INDUSTRIAL,TRAMO RECTO,ASFALTADA
A-2023-04-153,P-2023-04-153-1-2,2023,2023-04-08,10:40,MANANA (06-11),LIMA,CHORRILLOS,PEATÓN,FALLECIDO,EN EL LUGAR DE LOS HECHOS,,NO INDICA,,CAMIONETA RURAL,ATROPELLO,NACIONAL,CARRETERA,URBANA,INDUSTRIAL,TRAMO RECTO,ASFALTADA
A-2023-04-154,P-2023-04-154-1-1,2023,2023-04-08,23:00,NOCHE (18-23),LIMA,SANTIAGO DE SURCO,CONDUCTOR,FALLECIDO,EN EL LUGAR DE LOS HECHOS,,MASCULINO,30,MOTOCICLETA,DESPISTE,URBANO,AVENIDA,URBANA,COMERCIAL,TRAMO RECTO,ASFALTADA
A-2023-04-113,P-2023-04-113-1-1,2023,2023-04-09,06:00,MANANA (06-11),CALLAO,CALLAO,CONDUCTOR,FALLECIDO,EN EL LUGAR DE LOS HECHOS,,MASCULINO,24,MOTOCICLETA,CHOQUE,URBANO,AUTOPISTA,URBANA,RESIDENCIAL,TRAMO RECTO,ASFALTADA
A-2023-04-113,P-2023-04-113-2-1,2023,2023-04-09,06:00,MANANA (06-11),CALLAO,CALLAO,SIN CONDUCTOR,NO SE CONOCE,,,NO INDICA,,REMOLCADOR,CHOQUE,URBANO,AUTOPISTA,URBANA,RESIDENCIAL,TRAMO RECTO,ASFALTADA
A-2023-04-155,P-2023-04-155-1-1,2023,2023-04-09,17:20,TARDE (12-17),LIMA,ATE,CONDUCTOR,ILESO,,,MASCULINO,30,CAMIÓN,ATROPELLO,NACIONAL,CARRETERA,URBANA,RESIDENCIAL,INTERSECCIÓN,ASFALTADA
A-2023-04-155,P-2023-04-155-1-2,2023,2023-04-09,17:20,TARDE (12-17),LIMA,ATE,PEATÓN,FALLECIDO,EN EL LUGAR DE LOS HECHOS,,MASCULINO,64,CAMIÓN,ATROPELLO,NACIONAL,CARRETERA,URBANA,RESIDENCIAL,INTERSECCIÓN,ASFALTADA
A-2023-04-8,P-2023-04-8-1-1,2023,2023-04-10,10:30,MANANA (06-11),CALLAO,MI PERU,CONDUCTOR,ILESO,,,MASCULINO,41,STATION WAGON,ATROPELLO,NACIONAL,CARRETERA,URBANA,COMERCIAL,TRAMO RECTO,ASFALTADA
A-2023-04-8,P-2023-04-8-1-2,2023,2023-04-10,10:30,MANANA (06-11),CALLAO,MI PERU,PEATÓN,FALLECIDO,EN EL LUGAR DE LOS HECHOS,,FEMENINO,74,STATION WAGON,ATROPELLO,NACIONAL,CARRETERA,URBANA,COMERCIAL,TRAMO RECTO,ASFALTADA
A-2023-04-124,P-2023-04-124-1-1,2023,2023-04-11,09:00,MANANA (06-11),CALLAO,CALLAO,CONDUCTOR,ILESO,,,MASCULINO,26,MOTOCICLETA,ATROPELLO,URBANO,AVENIDA,URBANA,COMERCIAL,TRAMO RECTO,ASFALTADA
A-2023-04-124,P-2023-04-124-1-2,2023,2023-04-11,09:00,MANANA (06-11),CALLAO,CALLAO,PEATÓN,FALLECIDO,EN EL LUGAR DE LOS HECHOS,,FEMENINO,71,MOTOCICLETA,ATROPELLO,URBANO,AVENIDA,URBANA,COMERCIAL,TRAMO RECTO,ASFALTADA
A-2023-04-124,P-2023-04-124-1-3,2023,2023-04-11,09:00,MANANA (06-11),CALLAO,CALLAO,PEATÓN,LESIONADO,,CENTRO DE SALUD PRIVADO,MASCULINO,43,MOTOCICLETA,ATROPELLO,URBANO,AVENIDA,URBANA,COMERCIAL,TRAMO RECTO,ASFALTADA
A-2023-04-156,P-2023-04-156-1-1,2023,2023-04-11,18:15,NOCHE (18-23),LIMA,VILLA EL SALVADOR,CONDUCTOR,FALLECIDO,EN EL LUGAR DE LOS HECHOS,,MASCULINO,28,TRIMOTO PASAJERO,CHOQUE,URBANO,AVENIDA,URBANA,INDUSTRIAL,TRAMO RECTO,ASFALTADA
A-2023-04-156,P-2023-04-156-2-1,2023,2023-04-11,18:15,NOCHE (18-23),LIMA,VILLA EL SALVADOR,CONDUCTOR,ILESO,,,MASCULINO,40,CAMIÓN,CHOQUE,URBANO,AVENIDA,URBANA,INDUSTRIAL,TRAMO RECTO,ASFALTADA
A-2023-04-171,P-2023-04-171-1-1,2023,2023-04-12,00:00,MADRUGADA (00-05),LIMA,LIMA,CONDUCTOR,ILESO,,,MASCULINO,43,CAMIONETA RURAL,ATROPELLO,URBANO,AVENIDA,URBANA,COMERCIAL,INTERSECCIÓN,ASFALTADA
A-2023-04-171,P-2023-04-171-1-2,2023,2023-04-12,00:00,MADRUGADA (00-05),LIMA,LIMA,PEATÓN,FALLECIDO,EN EL LUGAR DE LOS HECHOS,,NO INDICA,,CAMIONETA RURAL,ATROPELLO,URBANO,AVENIDA,URBANA,COMERCIAL,INTERSECCIÓN,ASFALTADA
A-2023-04-170,P-2023-04-170-1-1,2023,2023-04-12,13:00,TARDE (12-17),LIMA,PACHACAMAC,CONDUCTOR,FALLECIDO,EN EL LUGAR DE LOS HECHOS,,MASCULINO,26,MOTOCICLETA,DESPISTE,URBANO,CALLE,URBANA,RURAL,INTERSECCIÓN,ASFALTADA
A-2023-04-185,P-2023-04-185-1-1,2023,2023-04-12,13:00,TARDE (12-17),LIMA,PACHACAMAC,CONDUCTOR,FALLECIDO,EN EL CENTRO DE SALUD,,MASCULINO,0,MOTOCICLETA,VOLCADURA,URBANO,CALLE,URBANA,RESIDENCIAL,INTERSECCIÓN,ASFALTADA
A-2023-04-157,P-2023-04-157-1-1,2023,2023-04-14,23:30,NOCHE (18-23),LIMA,SAN JUAN DE MIRAFLORES,CONDUCTOR,ILESO,,,MASCULINO,52,ÓMNIBUS,ATROPELLO,URBANO,AVENIDA,URBANA,COMERCIAL,INTERSECCIÓN,ASFALTADA
A-2023-04-157,P-2023-04-157-1-2,2023,2023-04-14,23:30,NOCHE (18-23),LIMA,SAN JUAN DE MIRAFLORES,PEATÓN,FALLECIDO,EN EL LUGAR DE LOS HECHOS,,FEMENINO,74,ÓMNIBUS,ATROPELLO,URBANO,AVENIDA,URBANA,COMERCIAL,INTERSECCIÓN,ASFALTADA
A-2023-04-150,P-2023-04-150-1-1,2023,2023-04-16,04:40,MADRUGADA (00-05),LIMA,LA VICTORIA,CONDUCTOR,ILESO,,,MASCULINO,46,CAMIÓN,ATROPELLO,URBANO,AVENIDA,URBANA,INDUSTRIAL,TRAMO RECTO,ASFALTADA
A-2023-04-150,P-2023-04-150-1-2,2023,2023-04-16,04:40,MADRUGADA (00-05),LIMA,LA VICTORIA,PEATÓN,FALLECIDO,EN EL LUGAR DE LOS HECHOS,,MASCULINO,27,CAMIÓN,ATROPELLO,URBANO,AVENIDA,URBANA,INDUSTRIAL,TRAMO RECTO,ASFALTADA
A-2023-04-149,P-2023-04-149-1-1,2023,2023-04-22,03:30,MADRUGADA (00-05),LIMA,LIMA,CONDUCTOR FUGADO,NO SE CONOCE,,,NO INDICA,,VEHICULO NO IDENTIFICADO,ATROPELLO FUGA,URBANO,AVENIDA,URBANA,COMERCIAL,INTERSECCIÓN,ASFALTADA
A-2023-04-149,P-2023-04-149-1-2,2023,2023-04-22,03:30,MADRUGADA (00-05),LIMA,LIMA,PEATÓN,FALLECIDO,EN EL LUGAR DE LOS HECHOS,,MASCULINO,,VEHICULO NO IDENTIFICADO,ATROPELLO FUGA,URBANO,AVENIDA,URBANA,COMERCIAL,INTERSECCIÓN,ASFALTADA
A-2023-04-148,P-2023-04-148-1-1,2023,2023-04-22,09:40,MANANA (06-11),LIMA,ATE,CONDUCTOR,ILESO,,,MASCULINO,33,CAMIÓN,ATROPELLO FUGA,URBANO,AVENIDA,URBANA,INDUSTRIAL,CURVA,ASFALTADA
A-2023-04-148,P-2023-04-148-1-2,2023,2023-04-22,09:40,MANANA (06-11),LIMA,ATE,PEATÓN,FALLECIDO,EN EL LUGAR DE LOS HECHOS,,MASCULINO,30,CAMIÓN,ATROPELLO FUGA,URBANO,AVENIDA,URBANA,INDUSTRIAL,CURVA,ASFALTADA
A-2023-04-146,P-2023-04-146-1-1,2023,2023-04-23,12:20,TARDE (12-17),LIMA,SAN JUAN DE LURIGANCHO,CONDUCTOR,ILESO,,,MASCULINO,19,MOTOCICLETA,ATROPELLO,URBANO,AVENIDA,URBANA,COMERCIAL,TRAMO RECTO,ASFALTADA
A-2023-04-146,P-2023-04-146-1-2,2023,2023-04-23,12:20,TARDE (12-17),LIMA,SAN JUAN DE LURIGANCHO,PEATÓN,FALLECIDO,EN EL LUGAR DE LOS HECHOS,,FEMENINO,71,MOTOCICLETA,ATROPELLO,URBANO,AVENIDA,URBANA,COMERCIAL,TRAMO RECTO,ASFALTADA
A-2023-04-138,P-2023-04-138-1-1,2023,2023-04-23,14:10,TARDE (12-17),LIMA,VILLA MARIA DEL TRIUNFO,CONDUCTOR,ILESO,,,MASCULINO,37,ÓMNIBUS,ATROPELLO,URBANO,AVENIDA,URBANA,RESIDENCIAL,CURVA,ASFALTADA
A-2023-04-138,P-2023-04-138-1-2,2023,2023-04-23,14:10,TARDE (12-17),LIMA,VILLA MARIA DEL TRIUNFO,PEATÓN,FALLECIDO,EN EL LUGAR DE LOS HECHOS,,FEMENINO,43,ÓMNIBUS,ATROPELLO,URBANO,AVENIDA,URBANA,RESIDENCIAL,CURVA,ASFALTADA
A-2023-04-136,P-2023-04-136-1-1,2023,2023-04-24,04:30,MADRUGADA (00-05),LIMA,ATE,CONDUCTOR,ILESO,,,MASCULINO,32,AUTOMÓVIL,CHOQUE,NACIONAL,CARRETERA,URBANA,COMERCIAL,TRAMO RECTO,ASFALTADA
A-2023-04-136,P-2023-04-136-2-1,2023,2023-04-24,04:30,MADRUGADA (00-05),LIMA,ATE,CONDUCTOR,FALLECIDO,EN EL LUGAR DE LOS HECHOS,,MASCULINO,72,BICICLETA,CHOQUE,NACIONAL,CARRETERA,URBANA,COMERCIAL,TRAMO RECTO,ASFALTADA
A-2023-04-137,P-2023-04-137-1-1,2023,2023-04-24,09:30,MANANA (06-11),LIMA,SAN MARTIN DE PORRES,CONDUCTOR,ILESO,,,MASCULINO,34,AUTOMÓVIL,DESPISTE,URBANO,AVENIDA,URBANA,RESIDENCIAL,TRAMO RECTO,ASFALTADA
A-2023-04-137,P-2023-04-137-1-2,2023,2023-04-24,09:30,MANANA (06-11),LIMA,SAN MARTIN DE PORRES,PEATÓN,FALLECIDO,EN EL LUGAR DE LOS HECHOS,,FEMENINO,62,AUTOMÓVIL,DESPISTE,URBANO,AVENIDA,URBANA,RESIDENCIAL,TRAMO RECTO,ASFALTADA
A-2023-04-135,P-2023-04-135-1-1,2023,2023-04-24,13:20,TARDE (12-17),LIMA,SANTA ANITA,CONDUCTOR,ILESO,,,MASCULINO,49,CAMIONETA PANEL,ATROPELLO,URBANO,AVENIDA,URBANA,COMERCIAL,TRAMO RECTO,ASFALTADA
A-2023-04-135,P-2023-04-135-1-2,2023,2023-04-24,13:20,TARDE (12-17),LIMA,SANTA ANITA,PEATÓN,FALLECIDO,EN EL LUGAR DE LOS HECHOS,,FEMENINO,76,CAMIONETA PANEL,ATROPELLO,URBANO,AVENIDA,URBANA,COMERCIAL,TRAMO RECTO,ASFALTADA
A-2023-04-133,P-2023-04-133-1-1,2023,2023-04-24,16:30,TARDE (12-17),LIMA,PUNTA HERMOSA,CONDUCTOR,ILESO,,,MASCULINO,53,CAMIÓN,CAÍDA DE PASAJERO,URBANO,AVENIDA,RURAL,RURAL,TRAMO RECTO,TROCHA
A-2023-04-133,P-2023-04-133-1-2,2023,2023-04-24,16:30,TARDE (12-17),LIMA,PUNTA HERMOSA,PASAJERO,FALLECIDO,CAMINO AL CENTRO DE SALUD,,MASCULINO,49,CAMIÓN,CAÍDA DE PASAJERO,URBANO,AVENIDA,RURAL,RURAL,TRAMO RECTO,TROCHA
A-2023-04-134,P-2023-04-134-1-1,2023,2023-04-25,15:20,TARDE (12-17),LIMA,ATE,CONDUCTOR,ILESO,,,MASCULINO,35,CAMIÓN,CHOQUE,URBANO,AVENIDA,RURAL,ESCOLAR,CURVA,ASFALTADA
A-2023-04-134,P-2023-04-134-1-2,2023,2023-04-25,15:20,TARDE (12-17),LIMA,ATE,PEATÓN,FALLECIDO,EN EL LUGAR DE LOS HECHOS,,FEMENINO,42,CAMIÓN,CHOQUE,URBANO,AVENIDA,RURAL,ESCOLAR,CURVA,ASFALTADA
A-2023-04-134,P-2023-04-134-2-1,2023,2023-04-25,15:20,TARDE (12-17),LIMA,ATE,SIN CONDUCTOR,NO SE CONOCE,,,NO INDICA,,AUTOMÓVIL,CHOQUE,URBANO,AVENIDA,RURAL,ESCOLAR,CURVA,ASFALTADA
A-2023-04-131,P-2023-04-131-1-1,2023,2023-04-27,06:23,MANANA (06-11),LIMA,LURIGANCHO,CONDUCTOR FUGADO,NO SE CONOCE,,,NO INDICA,,VEHICULO NO IDENTIFICADO,ATROPELLO FUGA,URBANO,AVENIDA,URBANA,INDUSTRIAL,INTERSECCIÓN,ASFALTADA
A-2023-04-131,P-2023-04-131-1-2,2023,2023-04-27,06:23,MANANA (06-11),LIMA,LURIGANCHO,PEATÓN,FALLECIDO,EN EL LUGAR DE LOS HECHOS,,MASCULINO,28,VEHICULO NO IDENTIFICADO,ATROPELLO FUGA,URBANO,AVENIDA,URBANA,INDUSTRIAL,INTERSECCIÓN,ASFALTADA
A-2023-04-132,P-2023-04-132-1-1,2023,2023-04-27,10:31,MANANA (06-11),LIMA,LA MOLINA,CONDUCTOR FUGADO,NO SE CONOCE,,,NO INDICA,,VEHICULO NO IDENTIFICADO,ATROPELLO FUGA,NACIONAL,CARRETERA,URBANA,RESIDENCIAL,TRAMO RECTO,ASFALTADA
A-2023-04-132,P-2023-04-132-1-2,2023,2023-04-27,10:31,MANANA (06-11),LIMA,LA MOLINA,PEATÓN,FALLECIDO,EN EL LUGAR DE LOS HECHOS,,MASCULINO,,VEHICULO NO IDENTIFICADO,ATROPELLO FUGA,NACIONAL,CARRETERA,URBANA,RESIDENCIAL,TRAMO RECTO,ASFALTADA
A-2023-04-129,P-2023-04-129-1-1,2023,2023-04-27,18:50,NOCHE (18-23),LIMA,SAN JUAN DE LURIGANCHO,CONDUCTOR,ILESO,,,MASCULINO,37,AUTOMÓVIL,ATROPELLO,URBANO,AVENIDA,URBANA,COMERCIAL,INTERSECCIÓN,ASFALTADA
A-2023-04-129,P-2023-04-129-1-2,2023,2023-04-27,18:50,NOCHE (18-23),LIMA,SAN JUAN DE LURIGANCHO,PEATÓN,FALLECIDO,EN EL LUGAR DE LOS HECHOS,,FEMENINO,77,AUTOMÓVIL,ATROPELLO,URBANO,AVENIDA,URBANA,COMERCIAL,INTERSECCIÓN,ASFALTADA
A-2023-04-121,P-2023-04-121-1-1,2023,2023-04-28,09:10,MANANA (06-11),LIMA,BARRANCO,CONDUCTOR,ILESO,,,MASCULINO,26,CAMIONETA PANEL,ATROPELLO,URBANO,AVENIDA,URBANA,ESCOLAR,INTERSECCIÓN,ASFALTADA
A-2023-04-121,P-2023-04-121-1-2,2023,2023-04-28,09:10,MANANA (06-11),LIMA,BARRANCO,PEATÓN,FALLECIDO,EN EL CENTRO DE SALUD,,FEMENINO,66,CAMIONETA PANEL,ATROPELLO,URBANO,AVENIDA,URBANA,ESCOLAR,INTERSECCIÓN,ASFALTADA
A-2023-04-127,P-2023-04-127-1-1,2023,2023-04-29,13:45,TARDE (12-17),LIMA,CARABAYLLO,CONDUCTOR,ILESO,,,FEMENINO,44,TRIMOTO PASAJERO,CHOQUE,URBANO,AVENIDA,URBANA,COMERCIAL,INTERSECCIÓN,ASFALTADA
A-2023-04-127,P-2023-04-127-1-2,2023,2023-04-29,13:45,TARDE (12-17),LIMA,CARABAYLLO,PEATÓN,FALLECIDO,EN EL LUGAR DE LOS HECHOS,,FEMENINO,61,TRIMOTO PASAJERO,CHOQUE,URBANO,AVENIDA,URBANA,COMERCIAL,INTERSECCIÓN,ASFALTADA
A-2023-04-127,P-2023-04-127-2-1,2023,2023-04-29,13:45,TARDE (12-17),LIMA,CARABAYLLO,CONDUCTOR,ILESO,,,MASCULINO,35,TRIMOTO PASAJERO,CHOQUE,URBANO,AVENIDA,URBANA,COMERCIAL,INTERSECCIÓN,ASFALTADA
A-2023-04-127,P-2023-04-127-2-2,2023,2023-04-29,13:45,TARDE (12-17),LIMA,CARABAYLLO,PEATÓN,FALLECIDO,EN EL LUGAR DE LOS HECHOS,,MASCULINO,62,TRIMOTO PASAJERO,CHOQUE,URBANO,AVENIDA,URBANA,COMERCIAL,INTERSECCIÓN,ASFALTADA
A-2023-04-128,P-2023-04-128-1-1,2023,2023-04-29,13:00,TARDE (12-17),LIMA,VILLA EL SALVADOR,CONDUCTOR,ILESO,,,MASCULINO,65,MOTOCICLETA,VOLCADURA,NACIONAL,CARRETERA,RURAL,RURAL,TRAMO RECTO,ASFALTADA
A-2023-04-128,P-2023-04-128-1-2,2023,2023-04-29,13:00,TARDE (12-17),LIMA,VILLA EL SALVADOR,PASAJERO,FALLECIDO,EN EL LUGAR DE LOS HECHOS,,FEMENINO,53,MOTOCICLETA,VOLCADURA,NACIONAL,CARRETERA,RURAL,RURAL,TRAMO RECTO,ASFALTADA
A-2023-04-122,P-2023-04-122-1-1,2023,2023-04-29,16:15,TARDE (12-17),LIMA,MIRAFLORES,CONDUCTOR,ILESO,,,MASCULINO,33,MOTOCICLETA,DESPISTE,URBANO,AVENIDA,URBANA,RESIDENCIAL,INTERSECCIÓN,ASFALTADA
A-2023-04-122,P-2023-04-122-1-2,2023,2023-04-29,16:15,TARDE (12-17),LIMA,MIRAFLORES,PASAJERO,FALLECIDO,EN EL CENTRO DE SALUD,,FEMENINO,24,MOTOCICLETA,DESPISTE,URBANO,AVENIDA,URBANA,RESIDENCIAL,INTERSECCIÓN,ASFALTADA
A-2023-04-126,P-2023-04-126-1-1,2023,2023-04-30,05:00,MADRUGADA (00-05),LIMA,CARABAYLLO,CONDUCTOR,ILESO,,,MASCULINO,39,AUTOMÓVIL,ATROPELLO,URBANO,AVENIDA,URBANA,COMERCIAL,TRAMO RECTO,ASFALTADA
A-2023-04-126,P-2023-04-126-1-2,2023,2023-04-30,05:00,MADRUGADA (00-05),LIMA,CARABAYLLO,PEATÓN,FALLECIDO,EN EL LUGAR DE LOS HECHOS,,MASCULINO,,AUTOMÓVIL,ATROPELLO,URBANO,AVENIDA,URBANA,COMERCIAL,TRAMO RECTO,ASFALTADA
A-2023-04-125,P-2023-04-125-1-1,2023,2023-04-30,11:30,MANANA (06-11),LIMA,VILLA EL SALVADOR,CONDUCTOR,ILESO,,,MASCULINO,40,CAMIONETA RURAL,CHOQUE,URBANO,AVENIDA,URBANA,RESIDENCIAL,INTERSECCIÓN,ASFALTADA
A-2023-04-125,P-2023-04-125-1-10,2023,2023-04-30,11:30,MANANA (06-11),LIMA,VILLA EL SALVADOR,PASAJERO,LESIONADO,,CENTRO DE SALUD PÚBLICO,MASCULINO,66,CAMIONETA RURAL,CHOQUE,URBANO,AVENIDA,URBANA,RESIDENCIAL,INTERSECCIÓN,ASFALTADA
A-2023-04-125,P-2023-04-125-1-11,2023,2023-04-30,11:30,MANANA (06-11),LIMA,VILLA EL SALVADOR,PASAJERO,LESIONADO,,CENTRO DE SALUD PÚBLICO,MASCULINO,52,CAMIONETA RURAL,CHOQUE,URBANO,AVENIDA,URBANA,RESIDENCIAL,INTERSECCIÓN,ASFALTADA
A-2023-04-125,P-2023-04-125-1-2,2023,2023-04-30,11:30,MANANA (06-11),LIMA,VILLA EL SALVADOR,PASAJERO,FALLECIDO,EN EL LUGAR DE LOS HECHOS,,FEMENINO,58,CAMIONETA RURAL,CHOQUE,URBANO,AVENIDA,URBANA,RESIDENCIAL,INTERSECCIÓN,ASFALTADA
A-2023-04-125,P-2023-04-125-1-3,2023,2023-04-30,11:30,MANANA (06-11),LIMA,VILLA EL SALVADOR,PASAJERO,LESIONADO,,CENTRO DE SALUD PÚBLICO,MASCULINO,42,CAMIONETA RURAL,CHOQUE,URBANO,AVENIDA,URBANA,RESIDENCIAL,INTERSECCIÓN,ASFALTADA
A-2023-04-125,P-2023-04-125-1-4,2023,2023-04-30,11:30,MANANA (06-11),LIMA,VILLA EL SALVADOR,PASAJERO,LESIONADO,,CENTRO DE SALUD PÚBLICO,MASCULINO,32,CAMIONETA RURAL,CHOQUE,URBANO,AVENIDA,URBANA,RESIDENCIAL,INTERSECCIÓN,ASFALTADA
A-2023-04-125,P-2023-04-125-1-5,2023,2023-04-30,11:30,MANANA (06-11),LIMA,VILLA EL SALVADOR,PASAJERO,LESIONADO,,CENTRO DE SALUD PÚBLICO,FEMENINO,56,CAMIONETA RURAL,CHOQUE,URBANO,AVENIDA,URBANA,RESIDENCIAL,INTERSECCIÓN,ASFALTADA
A-2023-04-125,P-2023-04-125-1-6,2023,2023-04-30,11:30,MANANA (06-11),LIMA,VILLA EL SALVADOR,PASAJERO,LESIONADO,,CENTRO DE SALUD PÚBLICO,FEMENINO,53,CAMIONETA RURAL,CHOQUE,URBANO,AVENIDA,URBANA,RESIDENCIAL,INTERSECCIÓN,ASFALTADA
A-2023-04-125,P-2023-04-125-1-7,2023,2023-04-30,11:30,MANANA (06-11),LIMA,VILLA EL SALVADOR,PASAJERO,LESIONADO,,CENTRO DE SALUD PÚBLICO,FEMENINO,67,CAMIONETA RURAL,CHOQUE,URBANO,AVENIDA,URBANA,RESIDENCIAL,INTERSECCIÓN,ASFALTADA
A-2023-04-125,P-2023-04-125-1-8,2023,2023-04-30,11:30,MANANA (06-11),LIMA,VILLA EL SALVADOR,PASAJERO,LESIONADO,,CENTRO DE SALUD PÚBLICO,FEMENINO,25,CAMIONETA RURAL,CHOQUE,URBANO,AVENIDA,URBANA,RESIDENCIAL,INTERSECCIÓN,ASFALTADA
A-2023-04-125,P-2023-04-125-1-9,2023,2023-04-30,11:30,MANANA (06-11),LIMA,VILLA EL SALVADOR,PASAJERO,LESIONADO,,CENTRO DE SALUD PÚBLICO,MASCULINO,56,CAMIONETA RURAL,CHOQUE,URBANO,AVENIDA,URBANA,RESIDENCIAL,INTERSECCIÓN,ASFALTADA
A-2023-04-125,P-2023-04-125-2-1,2023,2023-04-30,11:30,MANANA (06-11),LIMA,VILLA EL SALVADOR,CONDUCTOR,ILESO,,,MASCULINO,20,CAMIONETA PANEL,CHOQUE,URBANO,AVENIDA,URBANA,RESIDENCIAL,INTERSECCIÓN,ASFALTADA
A-2023-04-123,P-2023-04-123-1-1,2023,2023-04-30,15:30,TARDE (12-17),LIMA,EL AGUSTINO,CONDUCTOR,NO SE CONOCE,,,MASCULINO,42,AUTOMÓVIL,DESPISTE,NACIONAL,CARRETERA,URBANA,INDUSTRIAL,TRAMO RECTO,ASFALTADA
A-2023-04-123,P-2023-04-123-1-2,2023,2023-04-30,15:30,TARDE (12-17),LIMA,EL AGUSTINO,PASAJERO,FALLECIDO,EN EL LUGAR DE LOS HECHOS,,FEMENINO,88,AUTOMÓVIL,DESPISTE,NACIONAL,CARRETERA,URBANA,INDUSTRIAL,TRAMO RECTO,ASFALTADA
A-2023-04-123,P-2023-04-123-1-3,2023,2023-04-30,15:30,TARDE (12-17),LIMA,EL AGUSTINO,PASAJERO,FALLECIDO,EN EL LUGAR DE LOS HECHOS,,MASCULINO,67,AUTOMÓVIL,DESPISTE,NACIONAL,CARRETERA,URBANA,INDUSTRIAL,TRAMO RECTO,ASFALTADA
A-2023-04-123,P-2023-04-123-1-4,2023,2023-04-30,15:30,TARDE (12-17),LIMA,EL AGUSTINO,PASAJERO,LESIONADO,,CENTRO DE SALUD PÚBLICO,MASCULINO,49,AUTOMÓVIL,DESPISTE,NACIONAL,CARRETERA,URBANA,INDUSTRIAL,TRAMO RECTO,ASFALTADA
A-2023-05-140,P-2023-05-140-1-1,2023,2023-05-03,10:30,MANANA (06-11),LIMA,SAN JUAN DE LURIGANCHO,CONDUCTOR,ILESO,,,MASCULINO,25,AUTOMÓVIL,ATROPELLO,URBANO,JIRÓN,URBANA,RESIDENCIAL,INTERSECCIÓN,ASFALTADA
A-2023-05-140,P-2023-05-140-1-2,2023,2023-05-03,10:30,MANANA (06-11),LIMA,SAN JUAN DE LURIGANCHO,PEATÓN,FALLECIDO,EN EL CENTRO DE SALUD,,MASCULINO,41,AUTOMÓVIL,ATROPELLO,URBANO,JIRÓN,URBANA,RESIDENCIAL,INTERSECCIÓN,ASFALTADA
A-2023-05-139,P-2023-05-139-1-1,2023,2023-05-06,09:23,MANANA (06-11),LIMA,SAN JUAN DE LURIGANCHO,CONDUCTOR,ILESO,,,MASCULINO,31,OTRO,ATROPELLO,URBANO,AVENIDA,URBANA,COMERCIAL,TRAMO RECTO,ASFALTADA
A-2023-05-139,P-2023-05-139-1-2,2023,2023-05-06,09:23,MANANA (06-11),LIMA,SAN JUAN DE LURIGANCHO,PEATÓN,FALLECIDO,EN EL CENTRO DE SALUD,,MASCULINO,74,OTRO,ATROPELLO,URBANO,AVENIDA,URBANA,COMERCIAL,TRAMO RECTO,ASFALTADA
A-2023-05-155,P-2023-05-155-1-1,2023,2023-05-06,15:40,TARDE (12-17),LIMA,SANTIAGO DE SURCO,CONDUCTOR,ILESO,,,FEMENINO,40,AUTOMÓVIL,CHOQUE,NACIONAL,CARRETERA,RURAL,INDUSTRIAL,TRAMO RECTO,ASFALTADA
A-2023-05-155,P-2023-05-155-2-1,2023,2023-05-06,15:40,TARDE (12-17),LIMA,SANTIAGO DE SURCO,CONDUCTOR,FALLECIDO,EN EL LUGAR DE LOS HECHOS,,MASCULINO,22,MOTOCICLETA,CHOQUE,NACIONAL,CARRETERA,RURAL,INDUSTRIAL,TRAMO RECTO,ASFALTADA
A-2023-05-174,P-2023-05-174-1-1,2023,2023-05-06,15:40,TARDE (12-17),LIMA,SANTIAGO DE SURCO,CONDUCTOR,ILESO,,,FEMENINO,40,AUTOMÓVIL,CHOQUE,NACIONAL,CARRETERA,URBANA,RESIDENCIAL,TRAMO RECTO,ASFALTADA
A-2023-05-174,P-2023-05-174-2-1,2023,2023-05-06,15:40,TARDE (12-17),LIMA,SANTIAGO DE SURCO,CONDUCTOR,FALLECIDO,EN EL LUGAR DE LOS HECHOS,,MASCULINO,30,MOTOCICLETA,CHOQUE,NACIONAL,CARRETERA,URBANA,RESIDENCIAL,TRAMO RECTO,ASFALTADA
A-2023-05-138,P-2023-05-138-1-1,2023,2023-05-06,22:40,NOCHE (18-23),LIMA,INDEPENDENCIA,CONDUCTOR,ILESO,,,MASCULINO,24,MOTOCICLETA,ATROPELLO,URBANO,AVENIDA,URBANA,COMERCIAL,TRAMO RECTO,ASFALTADA
A-2023-05-138,P-2023-05-138-1-2,2023,2023-05-06,22:40,NOCHE (18-23),LIMA,INDEPENDENCIA,PEATÓN,FALLECIDO,EN EL LUGAR DE LOS HECHOS,,MASCULINO,48,MOTOCICLETA,ATROPELLO,URBANO,AVENIDA,URBANA,COMERCIAL,TRAMO RECTO,ASFALTADA
A-2023-05-137,P-2023-05-137-1-1,2023,2023-05-07,00:40,MADRUGADA (00-05),LIMA,LOS OLIVOS,CONDUCTOR,ILESO,,,MASCULINO,37,STATION WAGON,CHOQUE,URBANO,AVENIDA,URBANA,COMERCIAL,INTERSECCIÓN,ASFALTADA
A-2023-05-137,P-2023-05-137-2-1,2023,2023-05-07,00:40,MADRUGADA (00-05),LIMA,LOS OLIVOS,CONDUCTOR,ILESO,,,MASCULINO,23,MOTOCICLETA,CHOQUE,URBANO,AVENIDA,URBANA,COMERCIAL,INTERSECCIÓN,ASFALTADA
A-2023-05-137,P-2023-05-137-2-2,2023,2023-05-07,00:40,MADRUGADA (00-05),LIMA,LOS OLIVOS,PASAJERO,FALLECIDO,EN EL LUGAR DE LOS HECHOS,,FEMENINO,23,MOTOCICLETA,CHOQUE,URBANO,AVENIDA,URBANA,COMERCIAL,INTERSECCIÓN,ASFALTADA
A-2023-05-136,P-2023-05-136-1-1,2023,2023-05-08,05:00,MADRUGADA (00-05),LIMA,SAN BORJA,CONDUCTOR,ILESO,,,MASCULINO,42,REMOLCADOR-SEMIREMOLQUE,CHOQUE,NACIONAL,CARRETERA,URBANA,COMERCIAL,TRAMO RECTO,ASFALTADA
A-2023-05-136,P-2023-05-136-2-1,2023,2023-05-08,05:00,MADRUGADA (00-05),LIMA,SAN BORJA,CONDUCTOR,FALLECIDO,EN EL LUGAR DE LOS HECHOS,,MASCULINO,66,ÓMNIBUS,CHOQUE,NACIONAL,CARRETERA,URBANA,COMERCIAL,TRAMO RECTO,ASFALTADA
A-2023-05-136,P-2023-05-136-2-10,2023,2023-05-08,05:00,MADRUGADA (00-05),LIMA,SAN BORJA,PASAJERO,LESIONADO,,CENTRO DE SALUD PÚBLICO,MASCULINO,49,ÓMNIBUS,CHOQUE,NACIONAL,CARRETERA,URBANA,COMERCIAL,TRAMO RECTO,ASFALTADA
A-2023-05-136,P-2023-05-136-2-11,2023,2023-05-08,05:00,MADRUGADA (00-05),LIMA,SAN BORJA,PASAJERO,LESIONADO,,CENTRO DE SALUD PÚBLICO,FEMENINO,53,ÓMNIBUS,CHOQUE,NACIONAL,CARRETERA,URBANA,COMERCIAL,TRAMO RECTO,ASFALTADA
A-2023-05-136,P-2023-05-136-2-12,2023,2023-05-08,05:00,MADRUGADA (00-05),LIMA,SAN BORJA,PASAJERO,LESIONADO,,CENTRO DE SALUD PÚBLICO,FEMENINO,50,ÓMNIBUS,CHOQUE,NACIONAL,CARRETERA,URBANA,COMERCIAL,TRAMO RECTO,ASFALTADA
A-2023-05-136,P-2023-05-136-2-13,2023,2023-05-08,05:00,MADRUGADA (00-05),LIMA,SAN BORJA,PASAJERO,LESIONADO,,CENTRO DE SALUD PÚBLICO,FEMENINO,11,ÓMNIBUS,CHOQUE,NACIONAL,CARRETERA,URBANA,COMERCIAL,TRAMO RECTO,ASFALTADA
A-2023-05-136,P-2023-05-136-2-14,2023,2023-05-08,05:00,MADRUGADA (00-05),LIMA,SAN BORJA,PASAJERO,LESIONADO,,CENTRO DE SALUD PÚBLICO,FEMENINO,77,ÓMNIBUS,CHOQUE,NACIONAL,CARRETERA,URBANA,COMERCIAL,TRAMO RECTO,ASFALTADA
A-2023-05-136,P-2023-05-136-2-15,2023,2023-05-08,05:00,MADRUGADA (00-05),LIMA,SAN BORJA,PASAJERO,LESIONADO,,CENTRO DE SALUD PÚBLICO,MASCULINO,87,ÓMNIBUS,CHOQUE,NACIONAL,CARRETERA,URBANA,COMERCIAL,TRAMO RECTO,ASFALTADA
A-2023-05-136,P-2023-05-136-2-16,2023,2023-05-08,05:00,MADRUGADA (00-05),LIMA,SAN BORJA,PASAJERO,LESIONADO,,CENTRO DE SALUD PÚBLICO,FEMENINO,57,ÓMNIBUS,CHOQUE,NACIONAL,CARRETERA,URBANA,COMERCIAL,TRAMO RECTO,ASFALTADA
A-2023-05-136,P-2023-05-136-2-17,2023,2023-05-08,05:00,MADRUGADA (00-05),LIMA,SAN BORJA,PASAJERO,LESIONADO,,CENTRO DE SALUD PÚBLICO,MASCULINO,47,ÓMNIBUS,CHOQUE,NACIONAL,CARRETERA,URBANA,COMERCIAL,TRAMO RECTO,ASFALTADA
A-2023-05-136,P-2023-05-136-2-18,2023,2023-05-08,05:00,MADRUGADA (00-05),LIMA,SAN BORJA,PASAJERO,LESIONADO,,CENTRO DE SALUD PÚBLICO,MASCULINO,32,ÓMNIBUS,CHOQUE,NACIONAL,CARRETERA,URBANA,COMERCIAL,TRAMO RECTO,ASFALTADA
A-2023-05-136,P-2023-05-136-2-19,2023,2023-05-08,05:00,MADRUGADA (00-05),LIMA,SAN BORJA,PASAJERO,LESIONADO,,CENTRO DE SALUD PÚBLICO,MASCULINO,41,ÓMNIBUS,CHOQUE,NACIONAL,CARRETERA,URBANA,COMERCIAL,TRAMO RECTO,ASFALTADA
A-2023-05-136,P-2023-05-136-2-2,2023,2023-05-08,05:00,MADRUGADA (00-05),LIMA,SAN BORJA,PASAJERO,LESIONADO,,CENTRO DE SALUD PÚBLICO,FEMENINO,29,ÓMNIBUS,CHOQUE,NACIONAL,CARRETERA,URBANA,COMERCIAL,TRAMO RECTO,ASFALTADA
A-2023-05-136,P-2023-05-136-2-20,2023,2023-05-08,05:00,MADRUGADA (00-05),LIMA,SAN BORJA,PASAJERO,LESIONADO,,,MASCULINO,41,ÓMNIBUS,CHOQUE,NACIONAL,CARRETERA,URBANA,COMERCIAL,TRAMO RECTO,ASFALTADA
A-2023-05-136,P-2023-05-136-2-21,2023,2023-05-08,05:00,MADRUGADA (00-05),LIMA,SAN BORJA,PASAJERO,LESIONADO,,CENTRO DE SALUD PÚBLICO,FEMENINO,23,ÓMNIBUS,CHOQUE,NACIONAL,CARRETERA,URBANA,COMERCIAL,TRAMO RECTO,ASFALTADA
A-2023-05-136,P-2023-05-136-2-22,2023,2023-05-08,05:00,MADRUGADA (00-05),LIMA,SAN BORJA,PASAJERO,LESIONADO,,,FEMENINO,50,ÓMNIBUS,CHOQUE,NACIONAL,CARRETERA,URBANA,COMERCIAL,TRAMO RECTO,ASFALTADA
A-2023-05-136,P-2023-05-136-2-23,2023,2023-05-08,05:00,MADRUGADA (00-05),LIMA,SAN BORJA,PASAJERO,LESIONADO,,CENTRO DE SALUD PÚBLICO,MASCULINO,33,ÓMNIBUS,CHOQUE,NACIONAL,CARRETERA,URBANA,COMERCIAL,TRAMO RECTO,ASFALTADA
A-2023-05-136,P-2023-05-136-2-24,2023,2023-05-08,05:00,MADRUGADA (00-05),LIMA,SAN BORJA,PASAJERO,LESIONADO,,CENTRO DE SALUD PÚBLICO,FEMENINO,35,ÓMNIBUS,CHOQUE,NACIONAL,CARRETERA,URBANA,COMERCIAL,TRAMO RECTO,ASFALTADA
A-2023-05-136,P-2023-05-136-2-25,2023,2023-05-08,05:00,MADRUGADA (00-05),LIMA,SAN BORJA,PASAJERO,LESIONADO,,CENTRO DE SALUD PÚBLICO,MASCULINO,22,ÓMNIBUS,CHOQUE,NACIONAL,CARRETERA,URBANA,COMERCIAL,TRAMO RECTO,ASFALTADA
A-2023-05-136,P-2023-05-136-2-3,2023,2023-05-08,05:00,MADRUGADA (00-05),LIMA,SAN BORJA,PASAJERO,LESIONADO,,CENTRO DE SALUD PÚBLICO,FEMENINO,65,ÓMNIBUS,CHOQUE,NACIONAL,CARRETERA,URBANA,COMERCIAL,TRAMO RECTO,ASFALTADA
A-2023-05-136,P-2023-05-136-2-4,2023,2023-05-08,05:00,MADRUGADA (00-05),LIMA,SAN BORJA,PASAJERO,LESIONADO,,CENTRO DE SALUD PÚBLICO,FEMENINO,45,ÓMNIBUS,CHOQUE,NACIONAL,CARRETERA,URBANA,COMERCIAL,TRAMO RECTO,ASFALTADA
A-2023-05-136,P-2023-05-136-2-5,2023,2023-05-08,05:00,MADRUGADA (00-05),LIMA,SAN BORJA,PASAJERO,LESIONADO,,CENTRO DE SALUD PÚBLICO,FEMENINO,44,ÓMNIBUS,CHOQUE,NACIONAL,CARRETERA,URBANA,COMERCIAL,TRAMO RECTO,ASFALTADA
A-2023-05-136,P-2023-05-136-2-6,2023,2023-05-08,05:00,MADRUGADA (00-05),LIMA,SAN BORJA,PASAJERO,LESIONADO,,CENTRO DE SALUD PÚBLICO,FEMENINO,22,ÓMNIBUS,CHOQUE,NACIONAL,CARRETERA,URBANA,COMERCIAL,TRAMO RECTO,ASFALTADA
A-2023-05-136,P-2023-05-136-2-7,2023,2023-05-08,05:00,MADRUGADA (00-05),LIMA,SAN BORJA,PASAJERO,LESIONADO,,CENTRO DE SALUD PÚBLICO,MASCULINO,4,ÓMNIBUS,CHOQUE,NACIONAL,CARRETERA,URBANA,COMERCIAL,TRAMO RECTO,ASFALTADA
A-2023-05-136,P-2023-05-136-2-8,2023,2023-05-08,05:00,MADRUGADA (00-05),LIMA,SAN BORJA,PASAJERO,LESIONADO,,CENTRO DE SALUD PÚBLICO,MASCULINO,64,ÓMNIBUS,CHOQUE,NACIONAL,CARRETERA,URBANA,COMERCIAL,TRAMO RECTO,ASFALTADA
A-2023-05-136,P-2023-05-136-2-9,2023,2023-05-08,05:00,MADRUGADA (00-05),LIMA,SAN BORJA,PASAJERO,LESIONADO,,CENTRO DE SALUD PÚBLICO,FEMENINO,38,ÓMNIBUS,CHOQUE,NACIONAL,CARRETERA,URBANA,COMERCIAL,TRAMO RECTO,ASFALTADA
A-2023-05-135,P-2023-05-135-1-1,2023,2023-05-10,13:50,TARDE (12-17),LIMA,VILLA EL SALVADOR,CONDUCTOR FUGADO,NO SE CONOCE,,,NO INDICA,,VEHICULO NO IDENTIFICADO,ATROPELLO FUGA,NACIONAL,CARRETERA,RURAL,INDUSTRIAL,TRAMO RECTO,ASFALTADA
A-2023-05-135,P-2023-05-135-1-2,2023,2023-05-10,13:50,TARDE (12-17),LIMA,VILLA EL SALVADOR,PEATÓN,FALLECIDO,EN EL LUGAR DE LOS HECHOS,,MASCULINO,35,VEHICULO NO IDENTIFICADO,ATROPELLO FUGA,NACIONAL,CARRETERA,RURAL,INDUSTRIAL,TRAMO RECTO,ASFALTADA
A-2023-05-134,P-2023-05-134-1-1,2023,2023-05-11,12:30,TARDE (12-17),LIMA,LURIGANCHO,CONDUCTOR,ILESO,,,MASCULINO,52,REMOLCADOR-SEMIREMOLQUE,CHOQUE,URBANO,AVENIDA,URBANA,RESIDENCIAL,INTERSECCIÓN,ASFALTADA
A-2023-05-134,P-2023-05-134-2-1,2023,2023-05-11,12:30,TARDE (12-17),LIMA,LURIGANCHO,CONDUCTOR,FALLECIDO,EN EL LUGAR DE LOS HECHOS,,MASCULINO,32,MOTOCICLETA,CHOQUE,URBANO,AVENIDA,URBANA,RESIDENCIAL,INTERSECCIÓN,ASFALTADA
A-2023-05-133,P-2023-05-133-1-1,2023,2023-05-11,18:50,NOCHE (18-23),LIMA,VILLA MARIA DEL TRIUNFO,CONDUCTOR,FALLECIDO,EN EL LUGAR DE LOS HECHOS,,MASCULINO,30,OTRO,DESPISTE,URBANO,JIRÓN,URBANA,RESIDENCIAL,TRAMO RECTO,ASFALTADA
A-2023-05-132,P-2023-05-132-1-1,2023,2023-05-12,21:00,NOCHE (18-23),LIMA,LURIN,CONDUCTOR,ILESO,,,FEMENINO,49,CAMIONETA RURAL,ATROPELLO,NACIONAL,CARRETERA,RURAL,INDUSTRIAL,TRAMO RECTO,ASFALTADA
A-2023-05-132,P-2023-05-132-1-2,2023,2023-05-12,21:00,NOCHE (18-23),LIMA,LURIN,PEATÓN,FALLECIDO,EN EL LUGAR DE LOS HECHOS,,MASCULINO,,CAMIONETA RURAL,ATROPELLO,NACIONAL,CARRETERA,RURAL,INDUSTRIAL,TRAMO RECTO,ASFALTADA
A-2023-05-131,P-2023-05-131-1-1,2023,2023-05-13,10:30,MANANA (06-11),LIMA,RIMAC,CONDUCTOR,ILESO,,,MASCULINO,52,AUTOMÓVIL,ATROPELLO,URBANO,JIRÓN,URBANA,RESIDENCIAL,INTERSECCIÓN,ASFALTADA
A-2023-05-131,P-2023-05-131-1-2,2023,2023-05-13,10:30,MANANA (06-11),LIMA,RIMAC,PEATÓN,FALLECIDO,EN EL LUGAR DE LOS HECHOS,,MASCULINO,84,AUTOMÓVIL,ATROPELLO,URBANO,JIRÓN,URBANA,RESIDENCIAL,INTERSECCIÓN,ASFALTADA
A-2023-05-131,P-2023-05-131-1-3,2023,2023-05-13,10:30,MANANA (06-11),LIMA,RIMAC,PEATÓN,LESIONADO,,CENTRO DE SALUD PÚBLICO,FEMENINO,57,AUTOMÓVIL,ATROPELLO,URBANO,JIRÓN,URBANA,RESIDENCIAL,INTERSECCIÓN,ASFALTADA
A-2023-05-130,P-2023-05-130-1-1,2023,2023-05-14,07:00,MANANA (06-11),LIMA,SAN MARTIN DE PORRES,CONDUCTOR,ILESO,,,MASCULINO,42,AUTOMÓVIL,ATROPELLO,URBANO,AVENIDA,URBANA,RESIDENCIAL,INTERSECCIÓN,ASFALTADA
A-2023-05-130,P-2023-05-130-1-2,2023,2023-05-14,07:00,MANANA (06-11),LIMA,SAN MARTIN DE PORRES,PEATÓN,FALLECIDO,EN EL LUGAR DE LOS HECHOS,,FEMENINO,68,AUTOMÓVIL,ATROPELLO,URBANO,AVENIDA,URBANA,RESIDENCIAL,INTERSECCIÓN,ASFALTADA
A-2023-05-129,P-2023-05-129-1-1,2023,2023-05-14,16:40,TARDE (12-17),LIMA,LURIN,CONDUCTOR,ILESO,,,MASCULINO,42,AUTOMÓVIL,ATROPELLO,NACIONAL,CARRETERA,URBANA,INDUSTRIAL,TRAMO RECTO,ASFALTADA
A-2023-05-129,P-2023-05-129-1-2,2023,2023-05-14,16:40,TARDE (12-17),LIMA,LURIN,PEATÓN,FALLECIDO,EN EL LUGAR DE LOS HECHOS,,FEMENINO,54,AUTOMÓVIL,ATROPELLO,NACIONAL,CARRETERA,URBANA,INDUSTRIAL,TRAMO RECTO,ASFALTADA
A-2023-05-10,P-2023-05-10-1-1,2023,2023-05-14,23:20,NOCHE (18-23),LIMA,PACHACAMAC,CONDUCTOR FUGADO,NO SE CONOCE,,,NO INDICA,,VEHICULO NO IDENTIFICADO,ATROPELLO FUGA,URBANO,AVENIDA,URBANA,,,
A-2023-05-10,P-2023-05-10-1-2,2023,2023-05-14,23:20,NOCHE (18-23),LIMA,PACHACAMAC,PEATÓN,FALLECIDO,,,MASCULINO,29,VEHICULO NO IDENTIFICADO,ATROPELLO FUGA,URBANO,AVENIDA,URBANA,,,
A-2023-05-128,P-2023-05-128-1-1,2023,2023-05-14,23:20,NOCHE (18-23),LIMA,PACHACAMAC,CONDUCTOR FUGADO,NO SE CONOCE,,,NO INDICA,,VEHICULO NO IDENTIFICADO,ATROPELLO FUGA,URBANO,AVENIDA,URBANA,ESCOLAR,INTERSECCIÓN,ASFALTADA
A-2023-05-128,P-2023-05-128-1-2,2023,2023-05-14,23:20,NOCHE (18-23),LIMA,PACHACAMAC,PEATÓN,FALLECIDO,EN EL LUGAR DE LOS HECHOS,,MASCULINO,27,VEHICULO NO IDENTIFICADO,ATROPELLO FUGA,URBANO,AVENIDA,URBANA,ESCOLAR,INTERSECCIÓN,ASFALTADA
A-2023-05-122,P-2023-05-122-1-1,2023,2023-05-19,06:00,MANANA (06-11),LIMA,ATE,CONDUCTOR FUGADO,NO SE CONOCE,,,NO INDICA,,VEHICULO NO IDENTIFICADO,ATROPELLO FUGA,NACIONAL,CARRETERA,URBANA,COMERCIAL,TRAMO RECTO,ASFALTADA
A-2023-05-122,P-2023-05-122-1-2,2023,2023-05-19,06:00,MANANA (06-11),LIMA,ATE,PEATÓN,FALLECIDO,EN EL LUGAR DE LOS HECHOS,,MASCULINO,,VEHICULO NO IDENTIFICADO,ATROPELLO FUGA,NACIONAL,CARRETERA,URBANA,COMERCIAL,TRAMO RECTO,ASFALTADA
A-2023-05-127,P-2023-05-127-1-1,2023,2023-05-20,19:20,NOCHE (18-23),LIMA,LURIGANCHO,CONDUCTOR,FALLECIDO,EN EL LUGAR DE LOS HECHOS,,MASCULINO,22,MOTOCICLETA,VOLCADURA,NACIONAL,CARRETERA,URBANA,INDUSTRIAL,CURVA,ASFALTADA
A-2023-05-126,P-2023-05-126-1-1,2023,2023-05-20,23:40,NOCHE (18-23),LIMA,LURIN,CONDUCTOR,ILESO,,,MASCULINO,31,AUTOMÓVIL,ATROPELLO,NACIONAL,CARRETERA,RURAL,INDUSTRIAL,TRAMO RECTO,ASFALTADA
A-2023-05-126,P-2023-05-126-1-2,2023,2023-05-20,23:40,NOCHE (18-23),LIMA,LURIN,PEATÓN,FALLECIDO,EN EL LUGAR DE LOS HECHOS,,MASCULINO,,AUTOMÓVIL,ATROPELLO,NACIONAL,CARRETERA,RURAL,INDUSTRIAL,TRAMO RECTO,ASFALTADA
A-2023-05-125,P-2023-05-125-1-1,2023,2023-05-21,06:30,MANANA (06-11),LIMA,LURIN,CONDUCTOR,FALLECIDO,EN EL LUGAR DE LOS HECHOS,,MASCULINO,24,MOTOCICLETA,DESPISTE,NACIONAL,CARRETERA,RURAL,RURAL,TRAMO RECTO,ASFALTADA
A-2023-05-125,P-2023-05-125-2-1,2023,2023-05-21,06:30,MANANA (06-11),LIMA,LURIN,CONDUCTOR,ILESO,,,MASCULINO,60,AUTOMÓVIL,DESPISTE,NACIONAL,CARRETERA,RURAL,RURAL,TRAMO RECTO,ASFALTADA
A-2023-05-124,P-2023-05-124-1-1,2023,2023-05-21,23:30,NOCHE (18-23),LIMA,SAN JUAN DE MIRAFLORES,CONDUCTOR,ILESO,,,MASCULINO,34,REMOLCADOR-SEMIREMOLQUE,ATROPELLO,NACIONAL,CARRETERA,URBANA,COMERCIAL,TRAMO RECTO,ASFALTADA
A-2023-05-124,P-2023-05-124-1-2,2023,2023-05-21,23:30,NOCHE (18-23),LIMA,SAN JUAN DE MIRAFLORES,PEATÓN,FALLECIDO,EN EL LUGAR DE LOS HECHOS,,FEMENINO,,REMOLCADOR-SEMIREMOLQUE,ATROPELLO,NACIONAL,CARRETERA,URBANA,COMERCIAL,TRAMO RECTO,ASFALTADA
A-2023-05-123,P-2023-05-123-1-1,2023,2023-05-22,20:20,NOCHE (18-23),LIMA,PUENTE PIEDRA,CONDUCTOR,ILESO,,,MASCULINO,36,MINIBUS,CHOQUE,NACIONAL,CARRETERA,URBANA,COMERCIAL,TRAMO RECTO,ASFALTADA
A-2023-05-123,P-2023-05-123-2-1,2023,2023-05-22,20:20,NOCHE (18-23),LIMA,PUENTE PIEDRA,CONDUCTOR,FALLECIDO,EN EL LUGAR DE LOS HECHOS,,MASCULINO,22,TRIMOTO PASAJERO,CHOQUE,NACIONAL,CARRETERA,URBANA,COMERCIAL,TRAMO RECTO,ASFALTADA
A-2023-05-121,P-2023-05-121-1-1,2023,2023-05-24,14:00,TARDE (12-17),LIMA,SAN JUAN DE MIRAFLORES,CONDUCTOR,ILESO,,,MASCULINO,40,REMOLCADOR-SEMIREMOLQUE,CHOQUE,NACIONAL,CARRETERA,URBANA,RESIDENCIAL,TRAMO RECTO,ASFALTADA
A-2023-05-121,P-2023-05-121-2-1,2023,2023-05-24,14:00,TARDE (12-17),LIMA,SAN JUAN DE MIRAFLORES,CONDUCTOR,LESIONADO,,OTRO,MASCULINO,22,AUTOMÓVIL,CHOQUE,NACIONAL,CARRETERA,URBANA,RESIDENCIAL,TRAMO RECTO,ASFALTADA
A-2023-05-121,P-2023-05-121-2-2,2023,2023-05-24,14:00,TARDE (12-17),LIMA,SAN JUAN DE MIRAFLORES,PASAJERO,FALLECIDO,EN EL LUGAR DE LOS HECHOS,,MASCULINO,18,AUTOMÓVIL,CHOQUE,NACIONAL,CARRETERA,URBANA,RESIDENCIAL,TRAMO RECTO,ASFALTADA
A-2023-05-121,P-2023-05-121-2-3,2023,2023-05-24,14:00,TARDE (12-17),LIMA,SAN JUAN DE MIRAFLORES,PASAJERO,LESIONADO,,OTRO,MASCULINO,,AUTOMÓVIL,CHOQUE,NACIONAL,CARRETERA,URBANA,RESIDENCIAL,TRAMO RECTO,ASFALTADA
A-2023-05-154,P-2023-05-154-1-1,2023,2023-05-24,17:00,TARDE (12-17),LIMA,CHORRILLOS,CONDUCTOR,ILESO,,,MASCULINO,37,CAMIÓN,ATROPELLO,URBANO,AVENIDA,URBANA,RESIDENCIAL,INTERSECCIÓN,ASFALTADA
A-2023-05-154,P-2023-05-154-1-2,2023,2023-05-24,17:00,TARDE (12-17),LIMA,CHORRILLOS,PEATÓN,FALLECIDO,,,MASCULINO,,CAMIÓN,ATROPELLO,URBANO,AVENIDA,URBANA,RESIDENCIAL,INTERSECCIÓN,ASFALTADA
A-2023-05-173,P-2023-05-173-1-1,2023,2023-05-24,17:00,TARDE (12-17),LIMA,CHORRILLOS,CONDUCTOR,ILESO,,,MASCULINO,36,CAMIÓN,ATROPELLO,URBANO,AVENIDA,URBANA,COMERCIAL,INTERSECCIÓN,ASFALTADA
A-2023-05-173,P-2023-05-173-1-2,2023,2023-05-24,17:00,TARDE (12-17),LIMA,CHORRILLOS,PEATÓN,FALLECIDO,EN EL LUGAR DE LOS HECHOS,,MASCULINO,81,CAMIÓN,ATROPELLO,URBANO,AVENIDA,URBANA,COMERCIAL,INTERSECCIÓN,ASFALTADA
A-2023-05-107,P-2023-05-107-1-1,2023,2023-05-26,08:10,MANANA (06-11),CALLAO,VENTANILLA,CONDUCTOR,ILESO,,,MASCULINO,38,MINIBUS,DESPISTE,NACIONAL,CARRETERA,URBANA,,,
A-2023-05-107,P-2023-05-107-1-2,2023,2023-05-26,08:10,MANANA (06-11),CALLAO,VENTANILLA,PASAJERO,FALLECIDO,,,FEMENINO,39,MINIBUS,DESPISTE,NACIONAL,CARRETERA,URBANA,,,
A-2023-05-107,P-2023-05-107-1-3,2023,2023-05-26,08:10,MANANA (06-11),CALLAO,VENTANILLA,PASAJERO,LESIONADO,,,FEMENINO,58,MINIBUS,DESPISTE,NACIONAL,CARRETERA,URBANA,,,
A-2023-05-107,P-2023-05-107-1-4,2023,2023-05-26,08:10,MANANA (06-11),CALLAO,VENTANILLA,PASAJERO,LESIONADO,,,MASCULINO,40,MINIBUS,DESPISTE,NACIONAL,CARRETERA,URBANA,,,
A-2023-05-120,P-2023-05-120-1-1,2023,2023-05-26,20:50,NOCHE (18-23),LIMA,PUEBLO LIBRE,CONDUCTOR,ILESO,,,MASCULINO,42,AUTOMÓVIL,CHOQUE,URBANO,AVENIDA,URBANA,RESIDENCIAL,SINUOSA,ASFALTADA
A-2023-05-120,P-2023-05-120-2-1,2023,2023-05-26,20:50,NOCHE (18-23),LIMA,PUEBLO LIBRE,CONDUCTOR,FALLECIDO,EN EL LUGAR DE LOS HECHOS,,MASCULINO,21,MOTOCICLETA,CHOQUE,URBANO,AVENIDA,URBANA,RESIDENCIAL,SINUOSA,ASFALTADA
A-2023-05-119,P-2023-05-119-1-1,2023,2023-05-26,21:00,NOCHE (18-23),LIMA,VILLA EL SALVADOR,CONDUCTOR,ILESO,,,MASCULINO,34,AUTOMÓVIL,CHOQUE,NACIONAL,CARRETERA,URBANA,INDUSTRIAL,CURVA,ASFALTADA
A-2023-05-119,P-2023-05-119-2-1,2023,2023-05-26,21:00,NOCHE (18-23),LIMA,VILLA EL SALVADOR,CONDUCTOR,FALLECIDO,EN EL LUGAR DE LOS HECHOS,,MASCULINO,54,AUTOMÓVIL,CHOQUE,NACIONAL,CARRETERA,URBANA,INDUSTRIAL,CURVA,ASFALTADA
A-2023-05-113,P-2023-05-113-1-1,2023,2023-05-27,20:00,NOCHE (18-23),LIMA,LIMA,CONDUCTOR,ILESO,,,MASCULINO,24,MOTOCICLETA,ATROPELLO,URBANO,AVENIDA,URBANA,COMERCIAL,TRAMO RECTO,ASFALTADA
A-2023-05-113,P-2023-05-113-1-2,2023,2023-05-27,20:00,NOCHE (18-23),LIMA,LIMA,PEATÓN,FALLECIDO,EN EL LUGAR DE LOS HECHOS,,MASCULINO,42,MOTOCICLETA,ATROPELLO,URBANO,AVENIDA,URBANA,COMERCIAL,TRAMO RECTO,ASFALTADA
A-2023-05-114,P-2023-05-114-1-1,2023,2023-05-27,20:10,NOCHE (18-23),LIMA,PUENTE PIEDRA,CONDUCTOR,ILESO,,,MASCULINO,34,MINIBUS,ATROPELLO,NACIONAL,CARRETERA,URBANA,COMERCIAL,TRAMO RECTO,ASFALTADA
A-2023-05-114,P-2023-05-114-1-2,2023,2023-05-27,20:10,NOCHE (18-23),LIMA,PUENTE PIEDRA,PEATÓN,FALLECIDO,EN EL LUGAR DE LOS HECHOS,,MASCULINO,49,MINIBUS,ATROPELLO,NACIONAL,CARRETERA,URBANA,COMERCIAL,TRAMO RECTO,ASFALTADA
A-2023-05-112,P-2023-05-112-1-1,2023,2023-05-28,05:30,MADRUGADA (00-05),LIMA,SAN MARTIN DE PORRES,CONDUCTOR,FALLECIDO,EN EL LUGAR DE LOS HECHOS,,MASCULINO,53,AUTOMÓVIL,CHOQUE CON OBJETO FIJO,NACIONAL,CARRETERA,URBANA,ESCOLAR,TRAMO RECTO,ASFALTADA
A-2023-05-112,P-2023-05-112-1-2,2023,2023-05-28,05:30,MADRUGADA (00-05),LIMA,SAN MARTIN DE PORRES,PASAJERO,LESIONADO,,CENTRO DE SALUD PÚBLICO,FEMENINO,63,AUTOMÓVIL,CHOQUE CON OBJETO FIJO,NACIONAL,CARRETERA,URBANA,ESCOLAR,TRAMO RECTO,ASFALTADA
A-2023-05-116,P-2023-05-116-1-1,2023,2023-05-29,16:00,TARDE (12-17),LIMA,LURIGANCHO,CONDUCTOR,ILESO,,,MASCULINO,22,CAMIÓN,ATROPELLO,URBANO,AVENIDA,URBANA,RURAL,CURVA,AFIRMADO
A-2023-05-116,P-2023-05-116-1-2,2023,2023-05-29,16:00,TARDE (12-17),LIMA,LURIGANCHO,PEATÓN,FALLECIDO,EN EL LUGAR DE LOS HECHOS,,MASCULINO,2,CAMIÓN,ATROPELLO,URBANO,AVENIDA,URBANA,RURAL,CURVA,AFIRMADO
A-2023-05-115,P-2023-05-115-1-1,2023,2023-05-29,17:30,TARDE (12-17),LIMA,PUEBLO LIBRE,CONDUCTOR,ILESO,,,MASCULINO,35,ÓMNIBUS,ATROPELLO,URBANO,AVENIDA,URBANA,COMERCIAL,TRAMO RECTO,ASFALTADA
A-2023-05-115,P-2023-05-115-1-2,2023,2023-05-29,17:30,TARDE (12-17),LIMA,PUEBLO LIBRE,PEATÓN,FALLECIDO,EN EL LUGAR DE LOS HECHOS,,MASCULINO,29,ÓMNIBUS,ATROPELLO,URBANO,AVENIDA,URBANA,COMERCIAL,TRAMO RECTO,ASFALTADA
A-2023-05-117,P-2023-05-117-1-1,2023,2023-05-30,07:30,MANANA (06-11),LIMA,PUENTE PIEDRA,CONDUCTOR,ILESO,,,MASCULINO,63,CAMIONETA PICK UP,CAÍDA DE PASAJERO,URBANO,CALLE,URBANA,RESIDENCIAL,TRAMO RECTO,ASFALTADA
A-2023-05-117,P-2023-05-117-1-2,2023,2023-05-30,07:30,MANANA (06-11),LIMA,PUENTE PIEDRA,PASAJERO,FALLECIDO,EN EL CENTRO DE SALUD,,FEMENINO,11,CAMIONETA PICK UP,CAÍDA DE PASAJERO,URBANO,CALLE,URBANA,RESIDENCIAL,TRAMO RECTO,ASFALTADA
A-2023-05-118,P-2023-05-118-1-1,2023,2023-05-31,19:00,NOCHE (18-23),LIMA,VILLA EL SALVADOR,CONDUCTOR,ILESO,,,MASCULINO,63,MINIBUS,ATROPELLO,URBANO,AVENIDA,URBANA,ESCOLAR,INTERSECCIÓN,ASFALTADA
A-2023-05-118,P-2023-05-118-1-2,2023,2023-05-31,19:00,NOCHE (18-23),LIMA,VILLA EL SALVADOR,PEATÓN,FALLECIDO,EN EL LUGAR DE LOS HECHOS,,FEMENINO,35,MINIBUS,ATROPELLO,URBANO,AVENIDA,URBANA,ESCOLAR,INTERSECCIÓN,ASFALTADA
A-2023-06-114,P-2023-06-114-1-1,2023,2023-06-01,23:00,NOCHE (18-23),LIMA,SAN MIGUEL,CONDUCTOR,ILESO,,,MASCULINO,57,AUTOMÓVIL,DESPISTE,URBANO,OTRO,URBANA,COMERCIAL,TRAMO RECTO,ASFALTADA
A-2023-06-114,P-2023-06-114-1-2,2023,2023-06-01,23:00,NOCHE (18-23),LIMA,SAN MIGUEL,PASAJERO,FALLECIDO,EN EL LUGAR DE LOS HECHOS,,FEMENINO,34,AUTOMÓVIL,DESPISTE,URBANO,OTRO,URBANA,COMERCIAL,TRAMO RECTO,ASFALTADA
A-2023-06-114,P-2023-06-114-1-3,2023,2023-06-01,23:00,NOCHE (18-23),LIMA,SAN MIGUEL,PASAJERO,LESIONADO,,CENTRO DE SALUD PÚBLICO,FEMENINO,85,AUTOMÓVIL,DESPISTE,URBANO,OTRO,URBANA,COMERCIAL,TRAMO RECTO,ASFALTADA
A-2023-06-115,P-2023-06-115-1-1,2023,2023-06-01,23:50,NOCHE (18-23),LIMA,VILLA EL SALVADOR,CONDUCTOR,FALLECIDO,EN EL LUGAR DE LOS HECHOS,,NO INDICA,,AUTOMÓVIL,CHOQUE,URBANO,AVENIDA,URBANA,COMERCIAL,ÓVALO,ASFALTADA
A-2023-06-115,P-2023-06-115-1-2,2023,2023-06-01,23:50,NOCHE (18-23),LIMA,VILLA EL SALVADOR,PASAJERO,LESIONADO,,OTRO,MASCULINO,29,AUTOMÓVIL,CHOQUE,URBANO,AVENIDA,URBANA,COMERCIAL,ÓVALO,ASFALTADA
A-2023-06-115,P-2023-06-115-2-1,2023,2023-06-01,23:50,NOCHE (18-23),LIMA,VILLA EL SALVADOR,CONDUCTOR,ILESO,,,MASCULINO,40,REMOLCADOR-SEMIREMOLQUE,CHOQUE,URBANO,AVENIDA,URBANA,COMERCIAL,ÓVALO,ASFALTADA
A-2023-06-116,P-2023-06-116-1-1,2023,2023-06-03,18:45,NOCHE (18-23),LIMA,LIMA,CONDUCTOR,ILESO,,,MASCULINO,27,CAMIONETA RURAL,ATROPELLO,URBANO,AVENIDA,RURAL,COMERCIAL,INTERSECCIÓN,ASFALTADA
A-2023-06-116,P-2023-06-116-1-2,2023,2023-06-03,18:45,NOCHE (18-23),LIMA,LIMA,PEATÓN,FALLECIDO,EN EL CENTRO DE SALUD,,MASCULINO,85,CAMIONETA RURAL,ATROPELLO,URBANO,AVENIDA,RURAL,COMERCIAL,INTERSECCIÓN,ASFALTADA
A-2023-06-117,P-2023-06-117-1-1,2023,2023-06-03,19:20,NOCHE (18-23),LIMA,PUCUSANA,CONDUCTOR,ILESO,,,MASCULINO,26,TRIMOTO PASAJERO,ATROPELLO,URBANO,AVENIDA,URBANA,ESCOLAR,TRAMO RECTO,ASFALTADA
A-2023-06-117,P-2023-06-117-1-2,2023,2023-06-03,19:20,NOCHE (18-23),LIMA,PUCUSANA,PEATÓN,FALLECIDO,EN EL CENTRO DE SALUD,,MASCULINO,66,TRIMOTO PASAJERO,ATROPELLO,URBANO,AVENIDA,URBANA,ESCOLAR,TRAMO RECTO,ASFALTADA
A-2023-06-118,P-2023-06-118-1-1,2023,2023-06-04,07:20,MANANA (06-11),LIMA,VILLA EL SALVADOR,CONDUCTOR FUGADO,NO SE CONOCE,,,NO INDICA,,VEHICULO NO IDENTIFICADO,ATROPELLO FUGA,NACIONAL,CARRETERA,RURAL,RURAL,TRAMO RECTO,ASFALTADA
A-2023-06-118,P-2023-06-118-1-2,2023,2023-06-04,07:20,MANANA (06-11),LIMA,VILLA EL SALVADOR,PEATÓN,FALLECIDO,EN EL LUGAR DE LOS HECHOS,,MASCULINO,,VEHICULO NO IDENTIFICADO,ATROPELLO FUGA,NACIONAL,CARRETERA,RURAL,RURAL,TRAMO RECTO,ASFALTADA
A-2023-06-119,P-2023-06-119-1-1,2023,2023-06-04,07:45,MANANA (06-11),LIMA,SANTIAGO DE SURCO,CONDUCTOR FUGADO,NO SE CONOCE,,,NO INDICA,,VEHICULO NO IDENTIFICADO,ATROPELLO FUGA,NACIONAL,CARRETERA,URBANA,RESIDENCIAL,TRAMO RECTO,ASFALTADA
A-2023-06-119,P-2023-06-119-1-2,2023,2023-06-04,07:45,MANANA (06-11),LIMA,SANTIAGO DE SURCO,PEATÓN,FALLECIDO,EN EL LUGAR DE LOS HECHOS,,MASCULINO,,VEHICULO NO IDENTIFICADO,ATROPELLO FUGA,NACIONAL,CARRETERA,URBANA,RESIDENCIAL,TRAMO RECTO,ASFALTADA
A-2023-06-120,P-2023-06-120-1-1,2023,2023-06-04,22:30,NOCHE (18-23),LIMA,ANCON,CONDUCTOR,ILESO,,,MASCULINO,39,REMOLCADOR-SEMIREMOLQUE,CHOQUE,NACIONAL,CARRETERA,RURAL,RURAL,TRAMO RECTO,ASFALTADA
A-2023-06-120,P-2023-06-120-2-1,2023,2023-06-04,22:30,NOCHE (18-23),LIMA,ANCON,CONDUCTOR,FALLECIDO,EN EL LUGAR DE LOS HECHOS,,MASCULINO,49,AUTOMÓVIL,CHOQUE,NACIONAL,CARRETERA,RURAL,RURAL,TRAMO RECTO,ASFALTADA
A-2023-06-121,P-2023-06-121-1-1,2023,2023-06-06,09:40,MANANA (06-11),LIMA,SAN JUAN DE LURIGANCHO,CONDUCTOR,ILESO,,,MASCULINO,41,MINIBUS,CAÍDA DE PASAJERO,URBANO,AVENIDA,URBANA,ESCOLAR,CURVA,ASFALTADA
A-2023-06-121,P-2023-06-121-1-2,2023,2023-06-06,09:40,MANANA (06-11),LIMA,SAN JUAN DE LURIGANCHO,PASAJERO,FALLECIDO,EN EL LUGAR DE LOS HECHOS,,MASCULINO,18,MINIBUS,CAÍDA DE PASAJERO,URBANO,AVENIDA,URBANA,ESCOLAR,CURVA,ASFALTADA
A-2023-06-122,P-2023-06-122-1-1,2023,2023-06-06,20:50,NOCHE (18-23),LIMA,SURQUILLO,CONDUCTOR,ILESO,,,MASCULINO,29,AUTOMÓVIL,ATROPELLO,URBANO,CALLE,URBANA,ESCOLAR,TRAMO RECTO,ASFALTADA
A-2023-06-122,P-2023-06-122-1-2,2023,2023-06-06,20:50,NOCHE (18-23),LIMA,SURQUILLO,PEATÓN,FALLECIDO,EN EL CENTRO DE SALUD,,MASCULINO,7,AUTOMÓVIL,ATROPELLO,URBANO,CALLE,URBANA,ESCOLAR,TRAMO RECTO,ASFALTADA
A-2023-06-122,P-2023-06-122-1-3,2023,2023-06-06,20:50,NOCHE (18-23),LIMA,SURQUILLO,PEATÓN,LESIONADO,,CENTRO DE SALUD PÚBLICO,MASCULINO,6,AUTOMÓVIL,ATROPELLO,URBANO,CALLE,URBANA,ESCOLAR,TRAMO RECTO,ASFALTADA
A-2023-06-123,P-2023-06-123-1-1,2023,2023-06-07,03:40,MADRUGADA (00-05),LIMA,SANTIAGO DE SURCO,CONDUCTOR,FALLECIDO,EN EL LUGAR DE LOS HECHOS,,MASCULINO,43,AUTOMÓVIL,CHOQUE,NACIONAL,CARRETERA,URBANA,ESCOLAR,TRAMO RECTO,ASFALTADA
A-2023-06-123,P-2023-06-123-1-2,2023,2023-06-07,03:40,MADRUGADA (00-05),LIMA,SANTIAGO DE SURCO,PASAJERO,FALLECIDO,EN EL LUGAR DE LOS HECHOS,,FEMENINO,45,AUTOMÓVIL,CHOQUE,NACIONAL,CARRETERA,URBANA,ESCOLAR,TRAMO RECTO,ASFALTADA
A-2023-06-123,P-2023-06-123-1-3,2023,2023-06-07,03:40,MADRUGADA (00-05),LIMA,SANTIAGO DE SURCO,PASAJERO,LESIONADO,,OTRO,FEMENINO,68,AUTOMÓVIL,CHOQUE,NACIONAL,CARRETERA,URBANA,ESCOLAR,TRAMO RECTO,ASFALTADA
A-2023-06-123,P-2023-06-123-2-1,2023,2023-06-07,03:40,MADRUGADA (00-05),LIMA,SANTIAGO DE SURCO,CONDUCTOR,ILESO,,,MASCULINO,50,REMOLCADOR,CHOQUE,NACIONAL,CARRETERA,URBANA,ESCOLAR,TRAMO RECTO,ASFALTADA
A-2023-06-124,P-2023-06-124-1-1,2023,2023-06-07,10:45,MANANA (06-11),LIMA,CHORRILLOS,CONDUCTOR,ILESO,,,MASCULINO,48,MINIBUS,ATROPELLO,URBANO,AVENIDA,URBANA,COMERCIAL,INTERSECCIÓN,ASFALTADA
A-2023-06-124,P-2023-06-124-1-2,2023,2023-06-07,10:45,MANANA (06-11),LIMA,CHORRILLOS,PEATÓN,FALLECIDO,EN EL CENTRO DE SALUD,,MASCULINO,89,MINIBUS,ATROPELLO,URBANO,AVENIDA,URBANA,COMERCIAL,INTERSECCIÓN,ASFALTADA
A-2023-06-125,P-2023-06-125-1-1,2023,2023-06-08,05:00,MADRUGADA (00-05),LIMA,SAN MARTIN DE PORRES,CONDUCTOR,FALLECIDO,EN EL LUGAR DE LOS HECHOS,,MASCULINO,23,MOTOCICLETA,DESPISTE,URBANO,AVENIDA,URBANA,COMERCIAL,TRAMO RECTO,ASFALTADA
A-2023-06-126,P-2023-06-126-1-1,2023,2023-06-08,08:30,MANANA (06-11),LIMA,MIRAFLORES,CONDUCTOR,ILESO,,,MASCULINO,46,AUTOMÓVIL,ATROPELLO,URBANO,AVENIDA,URBANA,RESIDENCIAL,TRAMO RECTO,ASFALTADA
A-2023-06-126,P-2023-06-126-1-2,2023,2023-06-08,08:30,MANANA (06-11),LIMA,MIRAFLORES,PEATÓN,FALLECIDO,EN EL CENTRO DE SALUD,,FEMENINO,55,AUTOMÓVIL,ATROPELLO,URBANO,AVENIDA,URBANA,RESIDENCIAL,TRAMO RECTO,ASFALTADA
A-2023-06-86,P-2023-06-86-1-1,2023,2023-06-08,18:30,NOCHE (18-23),CALLAO,CALLAO,CONDUCTOR,ILESO,,,MASCULINO,44,REMOLCADOR-SEMIREMOLQUE,ATROPELLO,NACIONAL,CARRETERA,URBANA,COMERCIAL,TRAMO RECTO,ASFALTADA
A-2023-06-86,P-2023-06-86-1-2,2023,2023-06-08,18:30,NOCHE (18-23),CALLAO,CALLAO,PEATÓN,FALLECIDO,EN EL LUGAR DE LOS HECHOS,,MASCULINO,46,REMOLCADOR-SEMIREMOLQUE,ATROPELLO,NACIONAL,CARRETERA,URBANA,COMERCIAL,TRAMO RECTO,ASFALTADA
A-2023-06-127,P-2023-06-127-1-1,2023,2023-06-09,16:50,TARDE (12-17),LIMA,JESUS MARIA,CONDUCTOR,ILESO,,,MASCULINO,38,ÓMNIBUS,CHOQUE,URBANO,AVENIDA,URBANA,COMERCIAL,INTERSECCIÓN,ASFALTADA
A-2023-06-127,P-2023-06-127-2-1,2023,2023-06-09,16:50,TARDE (12-17),LIMA,JESUS MARIA,CONDUCTOR,FALLECIDO,EN EL LUGAR DE LOS HECHOS,,FEMENINO,78,AUTOMÓVIL,CHOQUE,URBANO,AVENIDA,URBANA,COMERCIAL,INTERSECCIÓN,ASFALTADA
A-2023-06-127,P-2023-06-127-2-2,2023,2023-06-09,16:50,TARDE (12-17),LIMA,JESUS MARIA,PASAJERO,FALLECIDO,EN EL LUGAR DE LOS HECHOS,,FEMENINO,94,AUTOMÓVIL,CHOQUE,URBANO,AVENIDA,URBANA,COMERCIAL,INTERSECCIÓN,ASFALTADA
A-2023-06-128,P-2023-06-128-1-1,2023,2023-06-10,07:10,MANANA (06-11),LIMA,SAN BORJA,CONDUCTOR,ILESO,,,MASCULINO,41,ÓMNIBUS,CHOQUE,URBANO,AVENIDA,URBANA,COMERCIAL,TRAMO RECTO,ASFALTADA
A-2023-06-128,P-2023-06-128-1-2,2023,2023-06-10,07:10,MANANA (06-11),LIMA,SAN BORJA,PASAJERO,LESIONADO,,,MASCULINO,27,ÓMNIBUS,CHOQUE,URBANO,AVENIDA,URBANA,COMERCIAL,TRAMO RECTO,ASFALTADA
A-2023-06-128,P-2023-06-128-2-1,2023,2023-06-10,07:10,MANANA (06-11),LIMA,SAN BORJA,CONDUCTOR,FALLECIDO,,,MASCULINO,46,CAMIÓN,CHOQUE,URBANO,AVENIDA,URBANA,COMERCIAL,TRAMO RECTO,ASFALTADA
A-2023-06-131,P-2023-06-131-1-1,2023,2023-06-10,20:40,NOCHE (18-23),LIMA,ATE,CONDUCTOR FUGADO,NO SE CONOCE,,,NO INDICA,,CAMIONETA RURAL,ATROPELLO FUGA,NACIONAL,CARRETERA,URBANA,INDUSTRIAL,TRAMO RECTO,ASFALTADA
A-2023-06-131,P-2023-06-131-1-2,2023,2023-06-10,20:40,NOCHE (18-23),LIMA,ATE,PEATÓN,FALLECIDO,EN EL LUGAR DE LOS HECHOS,,MASCULINO,33,CAMIONETA RURAL,ATROPELLO FUGA,NACIONAL,CARRETERA,URBANA,INDUSTRIAL,TRAMO RECTO,ASFALTADA
A-2023-06-129,P-2023-06-129-1-1,2023,2023-06-10,23:30,NOCHE (18-23),LIMA,ANCON,CONDUCTOR,ILESO,,,MASCULINO,28,AUTOMÓVIL,ATROPELLO,NACIONAL,CARRETERA,RURAL,RURAL,TRAMO RECTO,ASFALTADA
A-2023-06-129,P-2023-06-129-1-2,2023,2023-06-10,23:30,NOCHE (18-23),LIMA,ANCON,PEATÓN,FALLECIDO,EN EL LUGAR DE LOS HECHOS,,FEMENINO,39,AUTOMÓVIL,ATROPELLO,NACIONAL,CARRETERA,RURAL,RURAL,TRAMO RECTO,ASFALTADA
A-2023-06-132,P-2023-06-132-1-1,2023,2023-06-11,05:20,MADRUGADA (00-05),LIMA,SURQUILLO,CONDUCTOR,FALLECIDO,EN EL LUGAR DE LOS HECHOS,,MASCULINO,29,MOTOCICLETA,VOLCADURA,URBANO,AVENIDA,URBANA,COMERCIAL,INTERSECCIÓN,ASFALTADA
A-2023-06-84,P-2023-06-84-1-1,2023,2023-06-11,10:00,MANANA (06-11),CALLAO,CALLAO,CONDUCTOR,ILESO,,,MASCULINO,,AUTOMÓVIL,CHOQUE,URBANO,AVENIDA,URBANA,COMERCIAL,TRAMO RECTO,ASFALTADA
A-2023-06-84,P-2023-06-84-2-1,2023,2023-06-11,10:00,MANANA (06-11),CALLAO,CALLAO,CONDUCTOR,ILESO,,,FEMENINO,46,AUTOMÓVIL,CHOQUE,URBANO,AVENIDA,URBANA,COMERCIAL,TRAMO RECTO,ASFALTADA
A-2023-06-84,P-2023-06-84-2-2,2023,2023-06-11,10:00,MANANA (06-11),CALLAO,CALLAO,PEATÓN,FALLECIDO,EN EL LUGAR DE LOS HECHOS,,FEMENINO,48,AUTOMÓVIL,CHOQUE,URBANO,AVENIDA,URBANA,COMERCIAL,TRAMO RECTO,ASFALTADA
A-2023-06-133,P-2023-06-133-1-1,2023,2023-06-12,00:30,MADRUGADA (00-05),LIMA,CHACLACAYO,CONDUCTOR,ILESO,,,MASCULINO,62,AUTOMÓVIL,ATROPELLO,NACIONAL,CARRETERA,URBANA,RESIDENCIAL,TRAMO RECTO,ASFALTADA
A-2023-06-133,P-2023-06-133-1-2,2023,2023-06-12,00:30,MADRUGADA (00-05),LIMA,CHACLACAYO,PEATÓN,FALLECIDO,EN EL LUGAR DE LOS HECHOS,,MASCULINO,33,AUTOMÓVIL,ATROPELLO,NACIONAL,CARRETERA,URBANA,RESIDENCIAL,TRAMO RECTO,ASFALTADA
A-2023-06-135,P-2023-06-135-1-1,2023,2023-06-12,06:30,MANANA (06-11),LIMA,LIMA,CONDUCTOR,ILESO,,,MASCULINO,37,ÓMNIBUS,CAÍDA DE PASAJERO,URBANO,AVENIDA,URBANA,COMERCIAL,INTERSECCIÓN,ASFALTADA
A-2023-06-135,P-2023-06-135-1-2,2023,2023-06-12,06:30,MANANA (06-11),LIMA,LIMA,PASAJERO,FALLECIDO,EN EL LUGAR DE LOS HECHOS,,MASCULINO,49,ÓMNIBUS,CAÍDA DE PASAJERO,URBANO,AVENIDA,URBANA,COMERCIAL,INTERSECCIÓN,ASFALTADA
A-2023-06-134,P-2023-06-134-1-1,2023,2023-06-12,20:30,NOCHE (18-23),LIMA,SAN MARTIN DE PORRES,CONDUCTOR,ILESO,,,FEMENINO,30,AUTOMÓVIL,ATROPELLO,NACIONAL,CARRETERA,URBANA,COMERCIAL,CURVA,ASFALTADA
A-2023-06-134,P-2023-06-134-1-2,2023,2023-06-12,20:30,NOCHE (18-23),LIMA,SAN MARTIN DE PORRES,PEATÓN,FALLECIDO,EN EL LUGAR DE LOS HECHOS,,MASCULINO,37,AUTOMÓVIL,ATROPELLO,NACIONAL,CARRETERA,URBANA,COMERCIAL,CURVA,ASFALTADA
A-2023-06-92,P-2023-06-92-1-1,2023,2023-06-13,09:00,MANANA (06-11),CALLAO,CALLAO,CONDUCTOR,ILESO,,,MASCULINO,44,REMOLCADOR-SEMIREMOLQUE,CHOQUE,NACIONAL,CARRETERA,URBANA,INDUSTRIAL,TRAMO RECTO,ASFALTADA
A-2023-06-92,P-2023-06-92-2-1,2023,2023-06-13,09:00,MANANA (06-11),CALLAO,CALLAO,CONDUCTOR,FALLECIDO,EN EL LUGAR DE LOS HECHOS,,MASCULINO,38,MOTOCICLETA,CHOQUE,NACIONAL,CARRETERA,URBANA,INDUSTRIAL,TRAMO RECTO,ASFALTADA
A-2023-06-136,P-2023-06-136-1-1,2023,2023-06-13,15:40,TARDE (12-17),LIMA,SAN JUAN DE MIRAFLORES,CONDUCTOR,ILESO,,,MASCULINO,53,CAMIÓN,VOLCADURA,URBANO,AVENIDA,URBANA,COMERCIAL,TRAMO RECTO,ASFALTADA
A-2023-06-136,P-2023-06-136-2-1,2023,2023-06-13,15:40,TARDE (12-17),LIMA,SAN JUAN DE MIRAFLORES,CONDUCTOR,FALLECIDO,EN EL LUGAR DE LOS HECHOS,,MASCULINO,27,MOTOCICLETA,VOLCADURA,URBANO,AVENIDA,URBANA,COMERCIAL,TRAMO RECTO,ASFALTADA
A-2023-06-137,P-2023-06-137-1-1,2023,2023-06-13,21:00,NOCHE (18-23),LIMA,SAN JUAN DE LURIGANCHO,CONDUCTOR,ILESO,,,MASCULINO,56,ÓMNIBUS,ATROPELLO,URBANO,AVENIDA,URBANA,COMERCIAL,CURVA,ASFALTADA
A-2023-06-137,P-2023-06-137-1-2,2023,2023-06-13,21:00,NOCHE (18-23),LIMA,SAN JUAN DE LURIGANCHO,PEATÓN,FALLECIDO,EN EL LUGAR DE LOS HECHOS,,FEMENINO,45,ÓMNIBUS,ATROPELLO,URBANO,AVENIDA,URBANA,COMERCIAL,CURVA,ASFALTADA
A-2023-06-190,P-2023-06-190-1-1,2023,2023-06-14,15:15,TARDE (12-17),CALLAO,CALLAO,CONDUCTOR,ILESO,,,MASCULINO,28,MOTOCICLETA,ATROPELLO,URBANO,AVENIDA,URBANA,COMERCIAL,TRAMO RECTO,ASFALTADA
A-2023-06-190,P-2023-06-190-1-2,2023,2023-06-14,15:15,TARDE (12-17),CALLAO,CALLAO,PEATÓN,FALLECIDO,EN EL CENTRO DE SALUD,,FEMENINO,53,MOTOCICLETA,ATROPELLO,URBANO,AVENIDA,URBANA,COMERCIAL,TRAMO RECTO,ASFALTADA
A-2023-06-138,P-2023-06-138-1-1,2023,2023-06-16,20:30,NOCHE (18-23),LIMA,SANTIAGO DE SURCO,CONDUCTOR FUGADO,NO SE CONOCE,,,NO INDICA,,VEHICULO NO IDENTIFICADO,ATROPELLO FUGA,NACIONAL,CARRETERA,URBANA,COMERCIAL,TRAMO RECTO,ASFALTADA
A-2023-06-138,P-2023-06-138-1-2,2023,2023-06-16,20:30,NOCHE (18-23),LIMA,SANTIAGO DE SURCO,PEATÓN,FALLECIDO,EN EL LUGAR DE LOS HECHOS,,MASCULINO,,VEHICULO NO IDENTIFICADO,ATROPELLO FUGA,NACIONAL,CARRETERA,URBANA,COMERCIAL,TRAMO RECTO,ASFALTADA
A-2023-06-139,P-2023-06-139-1-1,2023,2023-06-17,00:30,MADRUGADA (00-05),LIMA,LURIN,CONDUCTOR FUGADO,NO SE CONOCE,,,NO INDICA,,VEHICULO NO IDENTIFICADO,ATROPELLO FUGA,NACIONAL,CARRETERA,URBANA,INDUSTRIAL,TRAMO RECTO,ASFALTADA
A-2023-06-139,P-2023-06-139-1-2,2023,2023-06-17,00:30,MADRUGADA (00-05),LIMA,LURIN,PEATÓN,FALLECIDO,EN EL LUGAR DE LOS HECHOS,,MASCULINO,24,VEHICULO NO IDENTIFICADO,ATROPELLO FUGA,NACIONAL,CARRETERA,URBANA,INDUSTRIAL,TRAMO RECTO,ASFALTADA
A-2023-06-153,P-2023-06-153-1-1,2023,2023-06-17,01:30,MADRUGADA (00-05),LIMA,ATE,CONDUCTOR,ILESO,,,MASCULINO,33,MOTOCICLETA,ATROPELLO,NACIONAL,CARRETERA,URBANA,INDUSTRIAL,TRAMO RECTO,ASFALTADA
A-2023-06-153,P-2023-06-153-1-2,2023,2023-06-17,01:30,MADRUGADA (00-05),LIMA,ATE,PEATÓN,FALLECIDO,EN EL CENTRO DE SALUD,,MASCULINO,50,MOTOCICLETA,ATROPELLO,NACIONAL,CARRETERA,URBANA,INDUSTRIAL,TRAMO RECTO,ASFALTADA
A-2023-06-140,P-2023-06-140-1-1,2023,2023-06-17,09:00,MANANA (06-11),LIMA,MIRAFLORES,CONDUCTOR,ILESO,,,MASCULINO,42,AUTOMÓVIL,ATROPELLO,URBANO,AVENIDA,URBANA,COMERCIAL,TRAMO RECTO,ASFALTADA
A-2023-06-140,P-2023-06-140-1-2,2023,2023-06-17,09:00,MANANA (06-11),LIMA,MIRAFLORES,PEATÓN,FALLECIDO,EN EL LUGAR DE LOS HECHOS,,FEMENINO,42,AUTOMÓVIL,ATROPELLO,URBANO,AVENIDA,URBANA,COMERCIAL,TRAMO RECTO,ASFALTADA
A-2023-06-141,P-2023-06-141-1-1,2023,2023-06-18,06:00,MANANA (06-11),LIMA,ATE,CONDUCTOR FUGADO,NO SE CONOCE,,,NO INDICA,,VEHICULO NO IDENTIFICADO,ATROPELLO FUGA,NACIONAL,CARRETERA,URBANA,INDUSTRIAL,TRAMO RECTO,ASFALTADA
A-2023-06-141,P-2023-06-141-1-2,2023,2023-06-18,06:00,MANANA (06-11),LIMA,ATE,PEATÓN,FALLECIDO,EN EL CENTRO DE SALUD,,MASCULINO,21,VEHICULO NO IDENTIFICADO,ATROPELLO FUGA,NACIONAL,CARRETERA,URBANA,INDUSTRIAL,TRAMO RECTO,ASFALTADA
A-2023-06-142,P-2023-06-142-1-1,2023,2023-06-19,03:15,MADRUGADA (00-05),LIMA,LOS OLIVOS,CONDUCTOR,ILESO,,,MASCULINO,48,AUTOMÓVIL,CHOQUE,URBANO,AVENIDA,URBANA,COMERCIAL,INTERSECCIÓN,ASFALTADA
A-2023-06-142,P-2023-06-142-2-1,2023,2023-06-19,03:15,MADRUGADA (00-05),LIMA,LOS OLIVOS,CONDUCTOR,FALLECIDO,EN EL LUGAR DE LOS HECHOS,,MASCULINO,28,MOTOCICLETA,CHOQUE,URBANO,AVENIDA,URBANA,COMERCIAL,INTERSECCIÓN,ASFALTADA
A-2023-06-143,P-2023-06-143-1-1,2023,2023-06-19,16:50,TARDE (12-17),LIMA,LURIGANCHO,CONDUCTOR,FALLECIDO,EN EL LUGAR DE LOS HECHOS,,MASCULINO,55,TRIMOTO PASAJERO,VOLCADURA,URBANO,CALLE,URBANA,RESIDENCIAL,TRAMO RECTO,ASFALTADA
A-2023-06-143,P-2023-06-143-1-2,2023,2023-06-19,16:50,TARDE (12-17),LIMA,LURIGANCHO,PASAJERO,LESIONADO,,CENTRO DE SALUD PÚBLICO,FEMENINO,32,TRIMOTO PASAJERO,VOLCADURA,URBANO,CALLE,URBANA,RESIDENCIAL,TRAMO RECTO,ASFALTADA
A-2023-06-154,P-2023-06-154-1-1,2023,2023-06-19,17:20,TARDE (12-17),CALLAO,CALLAO,CONDUCTOR,ILESO,,,MASCULINO,23,MOTOCICLETA,ATROPELLO,URBANO,AVENIDA,URBANA,COMERCIAL,TRAMO RECTO,ASFALTADA
A-2023-06-154,P-2023-06-154-1-2,2023,2023-06-19,17:20,TARDE (12-17),CALLAO,CALLAO,PEATÓN,FALLECIDO,EN EL LUGAR DE LOS HECHOS,,MASCULINO,45,MOTOCICLETA,ATROPELLO,URBANO,AVENIDA,URBANA,COMERCIAL,TRAMO RECTO,ASFALTADA
A-2023-06-144,P-2023-06-144-1-1,2023,2023-06-19,22:00,NOCHE (18-23),LIMA,SAN MARTIN DE PORRES,CONDUCTOR FUGADO,NO SE CONOCE,,,NO INDICA,,VEHICULO NO IDENTIFICADO,ATROPELLO FUGA,NACIONAL,CARRETERA,URBANA,COMERCIAL,TRAMO RECTO,ASFALTADA
A-2023-06-144,P-2023-06-144-1-2,2023,2023-06-19,22:00,NOCHE (18-23),LIMA,SAN MARTIN DE PORRES,PEATÓN,FALLECIDO,EN EL LUGAR DE LOS HECHOS,,MASCULINO,,VEHICULO NO IDENTIFICADO,ATROPELLO FUGA,NACIONAL,CARRETERA,URBANA,COMERCIAL,TRAMO RECTO,ASFALTADA
A-2023-06-145,P-2023-06-145-1-1,2023,2023-06-22,06:00,MANANA (06-11),LIMA,VILLA EL SALVADOR,CONDUCTOR,ILESO,,,MASCULINO,26,TRIMOTO PASAJERO,VOLCADURA,URBANO,AVENIDA,URBANA,COMERCIAL,INTERSECCIÓN,ASFALTADA
A-2023-06-145,P-2023-06-145-1-2,2023,2023-06-22,06:00,MANANA (06-11),LIMA,VILLA EL SALVADOR,PASAJERO,FALLECIDO,EN EL LUGAR DE LOS HECHOS,,FEMENINO,26,TRIMOTO PASAJERO,VOLCADURA,URBANO,AVENIDA,URBANA,COMERCIAL,INTERSECCIÓN,ASFALTADA
A-2023-06-145,P-2023-06-145-1-3,2023,2023-06-22,06:00,MANANA (06-11),LIMA,VILLA EL SALVADOR,PASAJERO,LESIONADO,,CENTRO DE SALUD PÚBLICO,FEMENINO,24,TRIMOTO PASAJERO,VOLCADURA,URBANO,AVENIDA,URBANA,COMERCIAL,INTERSECCIÓN,ASFALTADA
A-2023-06-146,P-2023-06-146-1-1,2023,2023-06-22,08:45,MANANA (06-11),LIMA,INDEPENDENCIA,CONDUCTOR,ILESO,,,MASCULINO,26,STATION WAGON,ATROPELLO,URBANO,AVENIDA,URBANA,COMERCIAL,TRAMO RECTO,ASFALTADA
A-2023-06-146,P-2023-06-146-1-2,2023,2023-06-22,08:45,MANANA (06-11),LIMA,INDEPENDENCIA,PEATÓN,FALLECIDO,EN EL LUGAR DE LOS HECHOS,,MASCULINO,42,STATION WAGON,ATROPELLO,URBANO,AVENIDA,URBANA,COMERCIAL,TRAMO RECTO,ASFALTADA
A-2023-06-85,P-2023-06-85-1-1,2023,2023-06-23,10:00,MANANA (06-11),CALLAO,CALLAO,CONDUCTOR,ILESO,,,MASCULINO,34,AUTOMÓVIL,CHOQUE,URBANO,AVENIDA,URBANA,COMERCIAL,TRAMO RECTO,ASFALTADA
A-2023-06-85,P-2023-06-85-1-2,2023,2023-06-23,10:00,MANANA (06-11),CALLAO,CALLAO,PEATÓN,FALLECIDO,EN EL LUGAR DE LOS HECHOS,,FEMENINO,71,AUTOMÓVIL,CHOQUE,URBANO,AVENIDA,URBANA,COMERCIAL,TRAMO RECTO,ASFALTADA
A-2023-06-85,P-2023-06-85-2-1,2023,2023-06-23,10:00,MANANA (06-11),CALLAO,CALLAO,CONDUCTOR,ILESO,,,MASCULINO,30,AUTOMÓVIL,CHOQUE,URBANO,AVENIDA,URBANA,COMERCIAL,TRAMO RECTO,ASFALTADA
A-2023-06-172,P-2023-06-172-1-1,2023,2023-06-23,23:30,NOCHE (18-23),LIMA,LURIN,CONDUCTOR,FALLECIDO,EN EL LUGAR DE LOS HECHOS,,MASCULINO,,AUTOMÓVIL,DESPISTE,URBANO,AVENIDA,URBANA,COMERCIAL,INTERSECCIÓN,ASFALTADA
A-2023-06-195,P-2023-06-195-1-1,2023,2023-06-23,23:30,NOCHE (18-23),LIMA,LURIN,CONDUCTOR,FALLECIDO,EN EL LUGAR DE LOS HECHOS,,MASCULINO,58,AUTOMÓVIL,DESPISTE,URBANO,AVENIDA,URBANA,COMERCIAL,ÓVALO,ASFALTADA
A-2023-06-189,P-2023-06-189-1-1,2023,2023-06-25,18:40,NOCHE (18-23),CALLAO,CALLAO,CONDUCTOR FUGADO,NO SE CONOCE,,,NO INDICA,,VEHICULO NO IDENTIFICADO,ATROPELLO FUGA,URBANO,AVENIDA,URBANA,COMERCIAL,TRAMO RECTO,ASFALTADA
A-2023-06-189,P-2023-06-189-1-2,2023,2023-06-25,18:40,NOCHE (18-23),CALLAO,CALLAO,PEATÓN,FALLECIDO,EN EL LUGAR DE LOS HECHOS,,MASCULINO,86,VEHICULO NO IDENTIFICADO,ATROPELLO FUGA,URBANO,AVENIDA,URBANA,COMERCIAL,TRAMO RECTO,ASFALTADA
A-2023-06-148,P-2023-06-148-1-1,2023,2023-06-26,05:50,MADRUGADA (00-05),LIMA,INDEPENDENCIA,CONDUCTOR,ILESO,,,MASCULINO,41,CAMIÓN,CHOQUE,NACIONAL,CARRETERA,URBANA,COMERCIAL,TRAMO RECTO,ASFALTADA
A-2023-06-148,P-2023-06-148-2-1,2023,2023-06-26,05:50,MADRUGADA (00-05),LIMA,INDEPENDENCIA,CONDUCTOR,FALLECIDO,EN EL LUGAR DE LOS HECHOS,,MASCULINO,32,MOTOCICLETA,CHOQUE,NACIONAL,CARRETERA,URBANA,COMERCIAL,TRAMO RECTO,ASFALTADA
A-2023-06-149,P-2023-06-149-1-1,2023,2023-06-27,05:50,MADRUGADA (00-05),LIMA,PUNTA HERMOSA,CONDUCTOR,ILESO,,,MASCULINO,31,REMOLCADOR-SEMIREMOLQUE,ATROPELLO FUGA,NACIONAL,CARRETERA,RURAL,RURAL,TRAMO RECTO,ASFALTADA
A-2023-06-149,P-2023-06-149-1-2,2023,2023-06-27,05:50,MADRUGADA (00-05),LIMA,PUNTA HERMOSA,PEATÓN,FALLECIDO,EN EL LUGAR DE LOS HECHOS,,MASCULINO,78,REMOLCADOR-SEMIREMOLQUE,ATROPELLO FUGA,NACIONAL,CARRETERA,RURAL,RURAL,TRAMO RECTO,ASFALTADA
A-2023-06-150,P-2023-06-150-1-1,2023,2023-06-28,07:00,MANANA (06-11),LIMA,CARABAYLLO,CONDUCTOR,ILESO,,,MASCULINO,44,AUTOMÓVIL,CHOQUE,URBANO,AVENIDA,URBANA,RESIDENCIAL,TRAMO RECTO,ASFALTADA
A-2023-06-150,P-2023-06-150-2-1,2023,2023-06-28,07:00,MANANA (06-11),LIMA,CARABAYLLO,CONDUCTOR,FALLECIDO,EN EL LUGAR DE LOS HECHOS,,MASCULINO,73,TRIMOTO PASAJERO,CHOQUE,URBANO,AVENIDA,URBANA,RESIDENCIAL,TRAMO RECTO,ASFALTADA
A-2023-06-151,P-2023-06-151-1-1,2023,2023-06-29,05:30,MADRUGADA (00-05),LIMA,SANTA ANITA,CONDUCTOR,FALLECIDO,EN EL CENTRO DE SALUD,,MASCULINO,24,AUTOMÓVIL,CHOQUE,NACIONAL,CARRETERA,URBANA,COMERCIAL,TRAMO RECTO,ASFALTADA
A-2023-06-151,P-2023-06-151-1-2,2023,2023-06-29,05:30,MADRUGADA (00-05),LIMA,SANTA ANITA,PASAJERO,LESIONADO,,CENTRO DE SALUD PÚBLICO,MASCULINO,47,AUTOMÓVIL,CHOQUE,NACIONAL,CARRETERA,URBANA,COMERCIAL,TRAMO RECTO,ASFALTADA
A-2023-06-151,P-2023-06-151-2-1,2023,2023-06-29,05:30,MADRUGADA (00-05),LIMA,SANTA ANITA,CONDUCTOR,ILESO,,,MASCULINO,43,ÓMNIBUS,CHOQUE,NACIONAL,CARRETERA,URBANA,COMERCIAL,TRAMO RECTO,ASFALTADA
A-2023-06-152,P-2023-06-152-1-1,2023,2023-06-30,19:30,NOCHE (18-23),LIMA,CHORRILLOS,CONDUCTOR,FALLECIDO,EN EL LUGAR DE LOS HECHOS,,MASCULINO,71,TRIMOTO PASAJERO,CHOQUE CON OBJETO FIJO,URBANO,AVENIDA,URBANA,RESIDENCIAL,INTERSECCIÓN,ASFALTADA
A-2023-07-123,P-2023-07-123-1-1,2023,2023-07-01,05:30,MADRUGADA (00-05),LIMA,VILLA MARIA DEL TRIUNFO,CONDUCTOR FUGADO,NO SE CONOCE,,,NO INDICA,,VEHICULO NO IDENTIFICADO,ATROPELLO FUGA,URBANO,AVENIDA,RURAL,RURAL,TRAMO RECTO,ASFALTADA
A-2023-07-123,P-2023-07-123-1-2,2023,2023-07-01,05:30,MADRUGADA (00-05),LIMA,VILLA MARIA DEL TRIUNFO,PEATÓN,FALLECIDO,EN EL LUGAR DE LOS HECHOS,,MASCULINO,39,VEHICULO NO IDENTIFICADO,ATROPELLO FUGA,URBANO,AVENIDA,RURAL,RURAL,TRAMO RECTO,ASFALTADA
A-2023-07-124,P-2023-07-124-1-1,2023,2023-07-01,10:40,MANANA (06-11),LIMA,SAN MIGUEL,CONDUCTOR,ILESO,,,MASCULINO,54,AUTOMÓVIL,ATROPELLO,URBANO,AVENIDA,URBANA,RESIDENCIAL,INTERSECCIÓN,ASFALTADA
A-2023-07-124,P-2023-07-124-1-2,2023,2023-07-01,10:40,MANANA (06-11),LIMA,SAN MIGUEL,PEATÓN,FALLECIDO,EN EL CENTRO DE SALUD,,FEMENINO,85,AUTOMÓVIL,ATROPELLO,URBANO,AVENIDA,URBANA,RESIDENCIAL,INTERSECCIÓN,ASFALTADA
A-2023-07-136,P-2023-07-136-1-1,2023,2023-07-01,22:30,NOCHE (18-23),LIMA,SANTIAGO DE SURCO,CONDUCTOR,ILESO,,,MASCULINO,59,AUTOMÓVIL,ATROPELLO,NACIONAL,CARRETERA,URBANA,COMERCIAL,TRAMO RECTO,ASFALTADA
A-2023-07-136,P-2023-07-136-1-2,2023,2023-07-01,22:30,NOCHE (18-23),LIMA,SANTIAGO DE SURCO,PEATÓN,FALLECIDO,EN EL CENTRO DE SALUD,,MASCULINO,52,AUTOMÓVIL,ATROPELLO,NACIONAL,CARRETERA,URBANA,COMERCIAL,TRAMO RECTO,ASFALTADA
A-2023-07-125,P-2023-07-125-1-1,2023,2023-07-02,02:30,MADRUGADA (00-05),LIMA,LOS OLIVOS,CONDUCTOR,FALLECIDO,EN EL LUGAR DE LOS HECHOS,,MASCULINO,28,MOTOCICLETA,CHOQUE CON OBJETO FIJO,URBANO,CALLE,URBANA,RESIDENCIAL,TRAMO RECTO,ASFALTADA
A-2023-07-126,P-2023-07-126-1-1,2023,2023-07-02,23:30,NOCHE (18-23),LIMA,LURIN,CONDUCTOR FUGADO,NO SE CONOCE,,,NO INDICA,,VEHICULO NO IDENTIFICADO,ATROPELLO FUGA,NACIONAL,CARRETERA,RURAL,RURAL,TRAMO RECTO,ASFALTADA
A-2023-07-126,P-2023-07-126-1-2,2023,2023-07-02,23:30,NOCHE (18-23),LIMA,LURIN,PEATÓN,FALLECIDO,EN EL LUGAR DE LOS HECHOS,,MASCULINO,,VEHICULO NO IDENTIFICADO,ATROPELLO FUGA,NACIONAL,CARRETERA,RURAL,RURAL,TRAMO RECTO,ASFALTADA
A-2023-07-127,P-2023-07-127-1-1,2023,2023-07-02,23:00,NOCHE (18-23),LIMA,ATE,CONDUCTOR,ILESO,,,MASCULINO,34,AUTOMÓVIL,ATROPELLO,NACIONAL,CARRETERA,URBANA,RESIDENCIAL,TRAMO RECTO,ASFALTADA
A-2023-07-127,P-2023-07-127-1-2,2023,2023-07-02,23:00,NOCHE (18-23),LIMA,ATE,PEATÓN,FALLECIDO,EN EL LUGAR DE LOS HECHOS,,MASCULINO,47,AUTOMÓVIL,ATROPELLO,NACIONAL,CARRETERA,URBANA,RESIDENCIAL,TRAMO RECTO,ASFALTADA
A-2023-07-128,P-2023-07-128-1-1,2023,2023-07-04,18:30,NOCHE (18-23),LIMA,CHORRILLOS,CONDUCTOR,ILESO,,,FEMENINO,47,AUTOMÓVIL,ATROPELLO,URBANO,AVENIDA,URBANA,RESIDENCIAL,INTERSECCIÓN,ASFALTADA
A-2023-07-128,P-2023-07-128-1-2,2023,2023-07-04,18:30,NOCHE (18-23),LIMA,CHORRILLOS,PEATÓN,FALLECIDO,EN EL LUGAR DE LOS HECHOS,,MASCULINO,76,AUTOMÓVIL,ATROPELLO,URBANO,AVENIDA,URBANA,RESIDENCIAL,INTERSECCIÓN,ASFALTADA
A-2023-07-129,P-2023-07-129-1-1,2023,2023-07-05,10:40,MANANA (06-11),LIMA,LA VICTORIA,CONDUCTOR,ILESO,,,MASCULINO,53,CAMIÓN,ATROPELLO,URBANO,JIRÓN,URBANA,RESIDENCIAL,CURVA,ASFALTADA
A-2023-07-129,P-2023-07-129-1-2,2023,2023-07-05,10:40,MANANA (06-11),LIMA,LA VICTORIA,PEATÓN,FALLECIDO,EN EL LUGAR DE LOS HECHOS,,MASCULINO,,CAMIÓN,ATROPELLO,URBANO,JIRÓN,URBANA,RESIDENCIAL,CURVA,ASFALTADA
A-2023-07-130,P-2023-07-130-1-1,2023,2023-07-06,05:50,MADRUGADA (00-05),LIMA,CARABAYLLO,CONDUCTOR,ILESO,,,MASCULINO,35,ÓMNIBUS,ATROPELLO,URBANO,AVENIDA,URBANA,COMERCIAL,TRAMO RECTO,ASFALTADA
A-2023-07-130,P-2023-07-130-1-2,2023,2023-07-06,05:50,MADRUGADA (00-05),LIMA,CARABAYLLO,PEATÓN,FALLECIDO,EN EL LUGAR DE LOS HECHOS,,MASCULINO,67,ÓMNIBUS,ATROPELLO,URBANO,AVENIDA,URBANA,COMERCIAL,TRAMO RECTO,ASFALTADA
A-2023-07-131,P-2023-07-131-1-1,2023,2023-07-06,17:00,TARDE (12-17),LIMA,RIMAC,CONDUCTOR,ILESO,,,MASCULINO,22,MOTOCICLETA,ATROPELLO,URBANO,AVENIDA,URBANA,COMERCIAL,INTERSECCIÓN,ASFALTADA
A-2023-07-131,P-2023-07-131-1-2,2023,2023-07-06,17:00,TARDE (12-17),LIMA,RIMAC,PEATÓN,FALLECIDO,EN EL LUGAR DE LOS HECHOS,,MASCULINO,74,MOTOCICLETA,ATROPELLO,URBANO,AVENIDA,URBANA,COMERCIAL,INTERSECCIÓN,ASFALTADA
A-2023-07-131,P-2023-07-131-1-3,2023,2023-07-06,17:00,TARDE (12-17),LIMA,RIMAC,PEATÓN,LESIONADO,,CENTRO DE SALUD PÚBLICO,FEMENINO,69,MOTOCICLETA,ATROPELLO,URBANO,AVENIDA,URBANA,COMERCIAL,INTERSECCIÓN,ASFALTADA
A-2023-07-132,P-2023-07-132-1-1,2023,2023-07-08,21:30,NOCHE (18-23),LIMA,SAN JUAN DE LURIGANCHO,CONDUCTOR,FALLECIDO,EN EL LUGAR DE LOS HECHOS,,MASCULINO,29,MOTOCICLETA,VOLCADURA,URBANO,AVENIDA,URBANA,COMERCIAL,INTERSECCIÓN,ASFALTADA
A-2023-07-133,P-2023-07-133-1-1,2023,2023-07-09,01:30,MADRUGADA (00-05),LIMA,SAN JUAN DE LURIGANCHO,CONDUCTOR,ILESO,,,MASCULINO,48,STATION WAGON,ATROPELLO,URBANO,AVENIDA,URBANA,COMERCIAL,CURVA,ASFALTADA
A-2023-07-133,P-2023-07-133-1-2,2023,2023-07-09,01:30,MADRUGADA (00-05),LIMA,SAN JUAN DE LURIGANCHO,PEATÓN,FALLECIDO,EN EL CENTRO DE SALUD,,MASCULINO,61,STATION WAGON,ATROPELLO,URBANO,AVENIDA,URBANA,COMERCIAL,CURVA,ASFALTADA
A-2023-07-134,P-2023-07-134-1-1,2023,2023-07-09,07:45,MANANA (06-11),LIMA,COMAS,CONDUCTOR,LESIONADO,,CENTRO DE SALUD PÚBLICO,MASCULINO,37,MINIBUS,DESPISTE,URBANO,AVENIDA,URBANA,RESIDENCIAL,CURVA,ASFALTADA
A-2023-07-134,P-2023-07-134-1-10,2023,2023-07-09,07:45,MANANA (06-11),LIMA,COMAS,PASAJERO,LESIONADO,,CENTRO DE SALUD PÚBLICO,FEMENINO,21,MINIBUS,DESPISTE,URBANO,AVENIDA,URBANA,RESIDENCIAL,CURVA,ASFALTADA
A-2023-07-134,P-2023-07-134-1-11,2023,2023-07-09,07:45,MANANA (06-11),LIMA,COMAS,PASAJERO,LESIONADO,,CENTRO DE SALUD PÚBLICO,FEMENINO,37,MINIBUS,DESPISTE,URBANO,AVENIDA,URBANA,RESIDENCIAL,CURVA,ASFALTADA
A-2023-07-134,P-2023-07-134-1-12,2023,2023-07-09,07:45,MANANA (06-11),LIMA,COMAS,PASAJERO,LESIONADO,,CENTRO DE SALUD PÚBLICO,MASCULINO,21,MINIBUS,DESPISTE,URBANO,AVENIDA,URBANA,RESIDENCIAL,CURVA,ASFALTADA
A-2023-07-134,P-2023-07-134-1-13,2023,2023-07-09,07:45,MANANA (06-11),LIMA,COMAS,PASAJERO,LESIONADO,,CENTRO DE SALUD PÚBLICO,MASCULINO,23,MINIBUS,DESPISTE,URBANO,AVENIDA,URBANA,RESIDENCIAL,CURVA,ASFALTADA
A-2023-07-134,P-2023-07-134-1-14,2023,2023-07-09,07:45,MANANA (06-11),LIMA,COMAS,PASAJERO,LESIONADO,,CENTRO DE SALUD PÚBLICO,FEMENINO,56,MINIBUS,DESPISTE,URBANO,AVENIDA,URBANA,RESIDENCIAL,CURVA,ASFALTADA
A-2023-07-134,P-2023-07-134-1-15,2023,2023-07-09,07:45,MANANA (06-11),LIMA,COMAS,PASAJERO,LESIONADO,,CENTRO DE SALUD PÚBLICO,MASCULINO,56,MINIBUS,DESPISTE,URBANO,AVENIDA,URBANA,RESIDENCIAL,CURVA,ASFALTADA
A-2023-07-134,P-2023-07-134-1-16,2023,2023-07-09,07:45,MANANA (06-11),LIMA,COMAS,PASAJERO,LESIONADO,,CENTRO DE SALUD PÚBLICO,FEMENINO,27,MINIBUS,DESPISTE,URBANO,AVENIDA,URBANA,RESIDENCIAL,CURVA,ASFALTADA
A-2023-07-134,P-2023-07-134-1-17,2023,2023-07-09,07:45,MANANA (06-11),LIMA,COMAS,PASAJERO,LESIONADO,,CENTRO DE SALUD PÚBLICO,MASCULINO,46,MINIBUS,DESPISTE,URBANO,AVENIDA,URBANA,RESIDENCIAL,CURVA,ASFALTADA
A-2023-07-134,P-2023-07-134-1-18,2023,2023-07-09,07:45,MANANA (06-11),LIMA,COMAS,PASAJERO,LESIONADO,,CENTRO DE SALUD PÚBLICO,MASCULINO,31,MINIBUS,DESPISTE,URBANO,AVENIDA,URBANA,RESIDENCIAL,CURVA,ASFALTADA
A-2023-07-134,P-2023-07-134-1-19,2023,2023-07-09,07:45,MANANA (06-11),LIMA,COMAS,PASAJERO,LESIONADO,,CENTRO DE SALUD PÚBLICO,MASCULINO,23,MINIBUS,DESPISTE,URBANO,AVENIDA,URBANA,RESIDENCIAL,CURVA,ASFALTADA
A-2023-07-134,P-2023-07-134-1-2,2023,2023-07-09,07:45,MANANA (06-11),LIMA,COMAS,PASAJERO,FALLECIDO,EN EL LUGAR DE LOS HECHOS,,FEMENINO,57,MINIBUS,DESPISTE,URBANO,AVENIDA,URBANA,RESIDENCIAL,CURVA,ASFALTADA
A-2023-07-134,P-2023-07-134-1-20,2023,2023-07-09,07:45,MANANA (06-11),LIMA,COMAS,PASAJERO,LESIONADO,,CENTRO DE SALUD PÚBLICO,MASCULINO,29,MINIBUS,DESPISTE,URBANO,AVENIDA,URBANA,RESIDENCIAL,CURVA,ASFALTADA
A-2023-07-134,P-2023-07-134-1-21,2023,2023-07-09,07:45,MANANA (06-11),LIMA,COMAS,PASAJERO,LESIONADO,,CENTRO DE SALUD PÚBLICO,FEMENINO,21,MINIBUS,DESPISTE,URBANO,AVENIDA,URBANA,RESIDENCIAL,CURVA,ASFALTADA
A-2023-07-134,P-2023-07-134-1-22,2023,2023-07-09,07:45,MANANA (06-11),LIMA,COMAS,PASAJERO,LESIONADO,,CENTRO DE SALUD PÚBLICO,MASCULINO,18,MINIBUS,DESPISTE,URBANO,AVENIDA,URBANA,RESIDENCIAL,CURVA,ASFALTADA
A-2023-07-134,P-2023-07-134-1-23,2023,2023-07-09,07:45,MANANA (06-11),LIMA,COMAS,PASAJERO,LESIONADO,,CENTRO DE SALUD PÚBLICO,FEMENINO,48,MINIBUS,DESPISTE,URBANO,AVENIDA,URBANA,RESIDENCIAL,CURVA,ASFALTADA
A-2023-07-134,P-2023-07-134-1-24,2023,2023-07-09,07:45,MANANA (06-11),LIMA,COMAS,PASAJERO,LESIONADO,,,FEMENINO,55,MINIBUS,DESPISTE,URBANO,AVENIDA,URBANA,RESIDENCIAL,CURVA,ASFALTADA
A-2023-07-134,P-2023-07-134-1-25,2023,2023-07-09,07:45,MANANA (06-11),LIMA,COMAS,PASAJERO,LESIONADO,,CENTRO DE SALUD PÚBLICO,FEMENINO,76,MINIBUS,DESPISTE,URBANO,AVENIDA,URBANA,RESIDENCIAL,CURVA,ASFALTADA
A-2023-07-134,P-2023-07-134-1-26,2023,2023-07-09,07:45,MANANA (06-11),LIMA,COMAS,PASAJERO,LESIONADO,,CENTRO DE SALUD PÚBLICO,MASCULINO,9,MINIBUS,DESPISTE,URBANO,AVENIDA,URBANA,RESIDENCIAL,CURVA,ASFALTADA
A-2023-07-134,P-2023-07-134-1-27,2023,2023-07-09,07:45,MANANA (06-11),LIMA,COMAS,PASAJERO,LESIONADO,,,FEMENINO,2,MINIBUS,DESPISTE,URBANO,AVENIDA,URBANA,RESIDENCIAL,CURVA,ASFALTADA
A-2023-07-134,P-2023-07-134-1-28,2023,2023-07-09,07:45,MANANA (06-11),LIMA,COMAS,PASAJERO,LESIONADO,,CENTRO DE SALUD PÚBLICO,MASCULINO,5,MINIBUS,DESPISTE,URBANO,AVENIDA,URBANA,RESIDENCIAL,CURVA,ASFALTADA
A-2023-07-134,P-2023-07-134-1-29,2023,2023-07-09,07:45,MANANA (06-11),LIMA,COMAS,PASAJERO,LESIONADO,,,FEMENINO,9,MINIBUS,DESPISTE,URBANO,AVENIDA,URBANA,RESIDENCIAL,CURVA,ASFALTADA
A-2023-07-134,P-2023-07-134-1-3,2023,2023-07-09,07:45,MANANA (06-11),LIMA,COMAS,PASAJERO,FALLECIDO,EN EL LUGAR DE LOS HECHOS,,FEMENINO,62,MINIBUS,DESPISTE,URBANO,AVENIDA,URBANA,RESIDENCIAL,CURVA,ASFALTADA
A-2023-07-134,P-2023-07-134-1-30,2023,2023-07-09,07:45,MANANA (06-11),LIMA,COMAS,PASAJERO,LESIONADO,,CENTRO DE SALUD PÚBLICO,FEMENINO,10,MINIBUS,DESPISTE,URBANO,AVENIDA,URBANA,RESIDENCIAL,CURVA,ASFALTADA
A-2023-07-134,P-2023-07-134-1-31,2023,2023-07-09,07:45,MANANA (06-11),LIMA,COMAS,PASAJERO,LESIONADO,,CENTRO DE SALUD PÚBLICO,FEMENINO,5,MINIBUS,DESPISTE,URBANO,AVENIDA,URBANA,RESIDENCIAL,CURVA,ASFALTADA
A-2023-07-134,P-2023-07-134-1-32,2023,2023-07-09,07:45,MANANA (06-11),LIMA,COMAS,PASAJERO,LESIONADO,,CENTRO DE SALUD PÚBLICO,MASCULINO,6,MINIBUS,DESPISTE,URBANO,AVENIDA,URBANA,RESIDENCIAL,CURVA,ASFALTADA
A-2023-07-134,P-2023-07-134-1-33,2023,2023-07-09,07:45,MANANA (06-11),LIMA,COMAS,PASAJERO,LESIONADO,,CENTRO DE SALUD PÚBLICO,MASCULINO,10,MINIBUS,DESPISTE,URBANO,AVENIDA,URBANA,RESIDENCIAL,CURVA,ASFALTADA
A-2023-07-134,P-2023-07-134-1-4,2023,2023-07-09,07:45,MANANA (06-11),LIMA,COMAS,PASAJERO,FALLECIDO,EN EL LUGAR DE LOS HECHOS,,FEMENINO,58,MINIBUS,DESPISTE,URBANO,AVENIDA,URBANA,RESIDENCIAL,CURVA,ASFALTADA
A-2023-07-134,P-2023-07-134-1-5,2023,2023-07-09,07:45,MANANA (06-11),LIMA,COMAS,PASAJERO,FALLECIDO,EN EL LUGAR DE LOS HECHOS,,MASCULINO,61,MINIBUS,DESPISTE,URBANO,AVENIDA,URBANA,RESIDENCIAL,CURVA,ASFALTADA
A-2023-07-134,P-2023-07-134-1-6,2023,2023-07-09,07:45,MANANA (06-11),LIMA,COMAS,PASAJERO,FALLECIDO,EN EL CENTRO DE SALUD,,MASCULINO,14,MINIBUS,DESPISTE,URBANO,AVENIDA,URBANA,RESIDENCIAL,CURVA,ASFALTADA
A-2023-07-134,P-2023-07-134-1-7,2023,2023-07-09,07:45,MANANA (06-11),LIMA,COMAS,PASAJERO,LESIONADO,,CENTRO DE SALUD PÚBLICO,FEMENINO,70,MINIBUS,DESPISTE,URBANO,AVENIDA,URBANA,RESIDENCIAL,CURVA,ASFALTADA
A-2023-07-134,P-2023-07-134-1-8,2023,2023-07-09,07:45,MANANA (06-11),LIMA,COMAS,PASAJERO,LESIONADO,,CENTRO DE SALUD PÚBLICO,FEMENINO,18,MINIBUS,DESPISTE,URBANO,AVENIDA,URBANA,RESIDENCIAL,CURVA,ASFALTADA
A-2023-07-134,P-2023-07-134-1-9,2023,2023-07-09,07:45,MANANA (06-11),LIMA,COMAS,PASAJERO,LESIONADO,,CENTRO DE SALUD PÚBLICO,FEMENINO,46,MINIBUS,DESPISTE,URBANO,AVENIDA,URBANA,RESIDENCIAL,CURVA,ASFALTADA
A-2023-07-135,P-2023-07-135-1-1,2023,2023-07-12,02:45,MADRUGADA (00-05),LIMA,INDEPENDENCIA,CONDUCTOR,LESIONADO,,CENTRO DE SALUD PÚBLICO,MASCULINO,27,AUTOMÓVIL,DESPISTE,NACIONAL,CARRETERA,URBANA,COMERCIAL,TRAMO RECTO,ASFALTADA
A-2023-07-135,P-2023-07-135-1-2,2023,2023-07-12,02:45,MADRUGADA (00-05),LIMA,INDEPENDENCIA,PASAJERO,FALLECIDO,EN EL LUGAR DE LOS HECHOS,,MASCULINO,37,AUTOMÓVIL,DESPISTE,NACIONAL,CARRETERA,URBANA,COMERCIAL,TRAMO RECTO,ASFALTADA
A-2023-07-137,P-2023-07-137-1-1,2023,2023-07-12,20:30,NOCHE (18-23),LIMA,VILLA EL SALVADOR,CONDUCTOR,FALLECIDO,EN EL LUGAR DE LOS HECHOS,,MASCULINO,44,CAMIÓN,DESPISTE,URBANO,AVENIDA,URBANA,COMERCIAL,ÓVALO,ASFALTADA
A-2023-07-138,P-2023-07-138-1-1,2023,2023-07-13,00:40,MADRUGADA (00-05),LIMA,CARABAYLLO,CONDUCTOR,FALLECIDO,EN EL LUGAR DE LOS HECHOS,,MASCULINO,22,MOTOCICLETA,CHOQUE FUGA,URBANO,AVENIDA,URBANA,COMERCIAL,INTERSECCIÓN,ASFALTADA
A-2023-07-138,P-2023-07-138-2-1,2023,2023-07-13,00:40,MADRUGADA (00-05),LIMA,CARABAYLLO,CONDUCTOR FUGADO,NO SE CONOCE,,,NO INDICA,,VEHICULO NO IDENTIFICADO,CHOQUE FUGA,URBANO,AVENIDA,URBANA,COMERCIAL,INTERSECCIÓN,ASFALTADA
A-2023-07-139,P-2023-07-139-1-1,2023,2023-07-13,22:10,NOCHE (18-23),LIMA,VILLA MARIA DEL TRIUNFO,CONDUCTOR,ILESO,,,MASCULINO,35,AUTOMÓVIL,ATROPELLO,URBANO,AVENIDA,URBANA,COMERCIAL,TRAMO RECTO,ASFALTADA
A-2023-07-139,P-2023-07-139-1-2,2023,2023-07-13,22:10,NOCHE (18-23),LIMA,VILLA MARIA DEL TRIUNFO,PEATÓN,FALLECIDO,EN EL LUGAR DE LOS HECHOS,,FEMENINO,67,AUTOMÓVIL,ATROPELLO,URBANO,AVENIDA,URBANA,COMERCIAL,TRAMO RECTO,ASFALTADA
A-2023-07-140,P-2023-07-140-1-1,2023,2023-07-14,09:20,MANANA (06-11),LIMA,LIMA,CONDUCTOR,ILESO,,,MASCULINO,46,MINIBUS,CHOQUE,URBANO,AVENIDA,URBANA,COMERCIAL,TRAMO RECTO,ASFALTADA
A-2023-07-140,P-2023-07-140-2-1,2023,2023-07-14,09:20,MANANA (06-11),LIMA,LIMA,CONDUCTOR,FALLECIDO,EN EL LUGAR DE LOS HECHOS,,MASCULINO,28,MOTOCICLETA,CHOQUE,URBANO,AVENIDA,URBANA,COMERCIAL,TRAMO RECTO,ASFALTADA
A-2023-07-141,P-2023-07-141-1-1,2023,2023-07-16,03:50,MADRUGADA (00-05),LIMA,LIMA,CONDUCTOR,ILESO,,,MASCULINO,47,AUTOMÓVIL,CHOQUE,URBANO,AVENIDA,URBANA,COMERCIAL,INTERSECCIÓN,ASFALTADA
A-2023-07-141,P-2023-07-141-2-1,2023,2023-07-16,03:50,MADRUGADA (00-05),LIMA,LIMA,CONDUCTOR,FALLECIDO,EN EL LUGAR DE LOS HECHOS,,MASCULINO,33,MOTOCICLETA,CHOQUE,URBANO,AVENIDA,URBANA,COMERCIAL,INTERSECCIÓN,ASFALTADA
A-2023-07-142,P-2023-07-142-1-1,2023,2023-07-18,14:30,TARDE (12-17),LIMA,SAN MARTIN DE PORRES,CONDUCTOR,ILESO,,,MASCULINO,40,MINIBUS,ATROPELLO,URBANO,AVENIDA,URBANA,ESCOLAR,INTERSECCIÓN,ASFALTADA
A-2023-07-142,P-2023-07-142-1-2,2023,2023-07-18,14:30,TARDE (12-17),LIMA,SAN MARTIN DE PORRES,PEATÓN,FALLECIDO,EN EL LUGAR DE LOS HECHOS,,MASCULINO,76,MINIBUS,ATROPELLO,URBANO,AVENIDA,URBANA,ESCOLAR,INTERSECCIÓN,ASFALTADA
A-2023-07-143,P-2023-07-143-1-1,2023,2023-07-21,05:50,MADRUGADA (00-05),LIMA,PACHACAMAC,CONDUCTOR,FALLECIDO,EN EL LUGAR DE LOS HECHOS,,MASCULINO,40,MOTOCICLETA,CHOQUE,URBANO,AVENIDA,URBANA,RESIDENCIAL,INTERSECCIÓN,ASFALTADA
A-2023-07-143,P-2023-07-143-2-1,2023,2023-07-21,05:50,MADRUGADA (00-05),LIMA,PACHACAMAC,CONDUCTOR,ILESO,,,MASCULINO,43,CAMIÓN,CHOQUE,URBANO,AVENIDA,URBANA,RESIDENCIAL,INTERSECCIÓN,ASFALTADA
A-2023-07-144,P-2023-07-144-1-1,2023,2023-07-22,19:30,NOCHE (18-23),LIMA,PUNTA NEGRA,CONDUCTOR,ILESO,,,MASCULINO,30,CAMIONETA RURAL,ATROPELLO,NACIONAL,CARRETERA,URBANA,RURAL,TRAMO RECTO,ASFALTADA
A-2023-07-144,P-2023-07-144-1-2,2023,2023-07-22,19:30,NOCHE (18-23),LIMA,PUNTA NEGRA,PEATÓN,FALLECIDO,EN EL LUGAR DE LOS HECHOS,,FEMENINO,19,CAMIONETA RURAL,ATROPELLO,NACIONAL,CARRETERA,URBANA,RURAL,TRAMO RECTO,ASFALTADA
A-2023-07-145,P-2023-07-145-1-1,2023,2023-07-22,20:30,NOCHE (18-23),LIMA,CARABAYLLO,CONDUCTOR,ILESO,,,MASCULINO,39,MOTOCICLETA,ATROPELLO,URBANO,AVENIDA,URBANA,COMERCIAL,SINUOSA,ASFALTADA
A-2023-07-145,P-2023-07-145-1-2,2023,2023-07-22,20:30,NOCHE (18-23),LIMA,CARABAYLLO,PEATÓN,FALLECIDO,EN EL CENTRO DE SALUD,,MASCULINO,58,MOTOCICLETA,ATROPELLO,URBANO,AVENIDA,URBANA,COMERCIAL,SINUOSA,ASFALTADA
A-2023-07-146,P-2023-07-146-1-1,2023,2023-07-22,21:10,NOCHE (18-23),LIMA,LA MOLINA,CONDUCTOR,NO SE CONOCE,,,NO INDICA,,AUTOMÓVIL,CHOQUE,URBANO,AVENIDA,URBANA,ESCOLAR,CURVA,ASFALTADA
A-2023-07-146,P-2023-07-146-2-1,2023,2023-07-22,21:10,NOCHE (18-23),LIMA,LA MOLINA,CONDUCTOR,FALLECIDO,EN EL CENTRO DE SALUD,,MASCULINO,46,MOTOCICLETA,CHOQUE,URBANO,AVENIDA,URBANA,ESCOLAR,CURVA,ASFALTADA
A-2023-07-147,P-2023-07-147-1-1,2023,2023-07-23,04:40,MADRUGADA (00-05),LIMA,INDEPENDENCIA,CONDUCTOR,ILESO,,,MASCULINO,30,AUTOMÓVIL,ATROPELLO,NACIONAL,CARRETERA,URBANA,COMERCIAL,TRAMO RECTO,ASFALTADA
A-2023-07-147,P-2023-07-147-1-2,2023,2023-07-23,04:40,MADRUGADA (00-05),LIMA,INDEPENDENCIA,PEATÓN,FALLECIDO,EN EL CENTRO DE SALUD,,MASCULINO,,AUTOMÓVIL,ATROPELLO,NACIONAL,CARRETERA,URBANA,COMERCIAL,TRAMO RECTO,ASFALTADA
A-2023-07-148,P-2023-07-148-1-1,2023,2023-07-25,14:00,TARDE (12-17),LIMA,EL AGUSTINO,CONDUCTOR,ILESO,,,MASCULINO,29,MOTOCICLETA,DESPISTE,NACIONAL,CARRETERA,URBANA,COMERCIAL,CURVA,ASFALTADA
A-2023-07-148,P-2023-07-148-1-2,2023,2023-07-25,14:00,TARDE (12-17),LIMA,EL AGUSTINO,PASAJERO,FALLECIDO,EN EL CENTRO DE SALUD,,MASCULINO,4,MOTOCICLETA,DESPISTE,NACIONAL,CARRETERA,URBANA,COMERCIAL,CURVA,ASFALTADA
A-2023-07-149,P-2023-07-149-1-1,2023,2023-07-25,14:30,TARDE (12-17),LIMA,CHORRILLOS,CONDUCTOR,ILESO,,,MASCULINO,71,CAMIÓN,ATROPELLO,URBANO,AVENIDA,URBANA,COMERCIAL,TRAMO RECTO,ASFALTADA
A-2023-07-149,P-2023-07-149-1-2,2023,2023-07-25,14:30,TARDE (12-17),LIMA,CHORRILLOS,PEATÓN,FALLECIDO,EN EL CENTRO DE SALUD,,FEMENINO,33,CAMIÓN,ATROPELLO,URBANO,AVENIDA,URBANA,COMERCIAL,TRAMO RECTO,ASFALTADA
A-2023-07-150,P-2023-07-150-1-1,2023,2023-07-26,07:40,MANANA (06-11),LIMA,CARABAYLLO,CONDUCTOR,ILESO,,,MASCULINO,35,ÓMNIBUS,CHOQUE,URBANO,AVENIDA,URBANA,COMERCIAL,TRAMO RECTO,ASFALTADA
A-2023-07-150,P-2023-07-150-1-2,2023,2023-07-26,07:40,MANANA (06-11),LIMA,CARABAYLLO,PASAJERO,FALLECIDO,EN EL LUGAR DE LOS HECHOS,,MASCULINO,24,ÓMNIBUS,CHOQUE,URBANO,AVENIDA,URBANA,COMERCIAL,TRAMO RECTO,ASFALTADA
A-2023-07-150,P-2023-07-150-2-1,2023,2023-07-26,07:40,MANANA (06-11),LIMA,CARABAYLLO,CONDUCTOR,ILESO,,,MASCULINO,34,ÓMNIBUS,CHOQUE,URBANO,AVENIDA,URBANA,COMERCIAL,TRAMO RECTO,ASFALTADA
A-2023-07-90,P-2023-07-90-1-1,2023,2023-07-26,22:00,NOCHE (18-23),CALLAO,CALLAO,CONDUCTOR,ILESO,,,MASCULINO,30,MOTOCICLETA,CHOQUE,URBANO,AVENIDA,URBANA,INDUSTRIAL,TRAMO RECTO,ASFALTADA
A-2023-07-90,P-2023-07-90-1-2,2023,2023-07-26,22:00,NOCHE (18-23),CALLAO,CALLAO,PASAJERO,FALLECIDO,CAMINO AL CENTRO DE SALUD,,MASCULINO,24,MOTOCICLETA,CHOQUE,URBANO,AVENIDA,URBANA,INDUSTRIAL,TRAMO RECTO,ASFALTADA
A-2023-07-90,P-2023-07-90-2-1,2023,2023-07-26,22:00,NOCHE (18-23),CALLAO,CALLAO,CONDUCTOR,ILESO,,,MASCULINO,48,AUTOMÓVIL,CHOQUE,URBANO,AVENIDA,URBANA,INDUSTRIAL,TRAMO RECTO,ASFALTADA
A-2023-07-151,P-2023-07-151-1-1,2023,2023-07-27,11:30,MANANA (06-11),LIMA,CARABAYLLO,CONDUCTOR FUGADO,NO SE CONOCE,,,NO INDICA,,VEHICULO NO IDENTIFICADO,ATROPELLO FUGA,URBANO,CALLE,URBANA,RESIDENCIAL,TRAMO RECTO,ASFALTADA
A-2023-07-151,P-2023-07-151-1-2,2023,2023-07-27,11:30,MANANA (06-11),LIMA,CARABAYLLO,PEATÓN,FALLECIDO,EN EL LUGAR DE LOS HECHOS,,FEMENINO,86,VEHICULO NO IDENTIFICADO,ATROPELLO FUGA,URBANO,CALLE,URBANA,RESIDENCIAL,TRAMO RECTO,ASFALTADA
A-2023-07-152,P-2023-07-152-1-1,2023,2023-07-27,11:10,MANANA (06-11),LIMA,SAN JUAN DE MIRAFLORES,CONDUCTOR,FALLECIDO,EN EL LUGAR DE LOS HECHOS,,MASCULINO,57,MOTOCICLETA,DESPISTE,NACIONAL,CARRETERA,URBANA,COMERCIAL,CURVA,ASFALTADA
A-2023-07-153,P-2023-07-153-1-1,2023,2023-07-29,06:00,MANANA (06-11),LIMA,VILLA EL SALVADOR,CONDUCTOR FUGADO,NO SE CONOCE,,,NO INDICA,,VEHICULO NO IDENTIFICADO,ATROPELLO FUGA,URBANO,AVENIDA,URBANA,ESCOLAR,TRAMO RECTO,ASFALTADA
A-2023-07-153,P-2023-07-153-1-2,2023,2023-07-29,06:00,MANANA (06-11),LIMA,VILLA EL SALVADOR,PEATÓN,FALLECIDO,EN EL LUGAR DE LOS HECHOS,,FEMENINO,66,VEHICULO NO IDENTIFICADO,ATROPELLO FUGA,URBANO,AVENIDA,URBANA,ESCOLAR,TRAMO RECTO,ASFALTADA
A-2023-07-154,P-2023-07-154-1-1,2023,2023-07-29,22:30,NOCHE (18-23),LIMA,SANTIAGO DE SURCO,CONDUCTOR,FALLECIDO,EN EL LUGAR DE LOS HECHOS,,MASCULINO,38,MOTOCICLETA,CHOQUE,NACIONAL,CARRETERA,URBANA,COMERCIAL,TRAMO RECTO,ASFALTADA
A-2023-07-154,P-2023-07-154-2-1,2023,2023-07-29,22:30,NOCHE (18-23),LIMA,SANTIAGO DE SURCO,CONDUCTOR,FALLECIDO,EN EL CENTRO DE SALUD,,MASCULINO,30,TRIMOTO PASAJERO,CHOQUE,NACIONAL,CARRETERA,URBANA,COMERCIAL,TRAMO RECTO,ASFALTADA
A-2023-08-85,P-2023-08-85-1-1,2023,2023-08-01,11:10,MANANA (06-11),LIMA,COMAS,CONDUCTOR,ILESO,,,MASCULINO,40,MINIBUS,CHOQUE,URBANO,AVENIDA,URBANA,COMERCIAL,TRAMO RECTO,ASFALTADA
A-2023-08-85,P-2023-08-85-2-1,2023,2023-08-01,11:10,MANANA (06-11),LIMA,COMAS,CONDUCTOR,FALLECIDO,,,MASCULINO,70,BICICLETA,CHOQUE,URBANO,AVENIDA,URBANA,COMERCIAL,TRAMO RECTO,ASFALTADA
A-2023-08-86,P-2023-08-86-1-1,2023,2023-08-04,06:40,MANANA (06-11),LIMA,VILLA EL SALVADOR,CONDUCTOR,ILESO,,,MASCULINO,48,STATION WAGON,CHOQUE,URBANO,AVENIDA,URBANA,COMERCIAL,INTERSECCIÓN,ASFALTADA
A-2023-08-86,P-2023-08-86-2-1,2023,2023-08-04,06:40,MANANA (06-11),LIMA,VILLA EL SALVADOR,CONDUCTOR,FALLECIDO,EN EL LUGAR DE LOS HECHOS,,MASCULINO,24,MOTOCICLETA,CHOQUE,URBANO,AVENIDA,URBANA,COMERCIAL,INTERSECCIÓN,ASFALTADA
A-2023-08-151,P-2023-08-151-1-1,2023,2023-08-05,10:00,MANANA (06-11),CALLAO,CALLAO,CONDUCTOR,ILESO,,,MASCULINO,36,REMOLCADOR,ATROPELLO,URBANO,AVENIDA,URBANA,COMERCIAL,TRAMO RECTO,ASFALTADA
A-2023-08-151,P-2023-08-151-1-2,2023,2023-08-05,10:00,MANANA (06-11),CALLAO,CALLAO,PEATÓN,FALLECIDO,EN EL LUGAR DE LOS HECHOS,,MASCULINO,48,REMOLCADOR,ATROPELLO,URBANO,AVENIDA,URBANA,COMERCIAL,TRAMO RECTO,ASFALTADA
A-2023-08-89,P-2023-08-89-1-1,2023,2023-08-06,20:20,NOCHE (18-23),LIMA,ATE,CONDUCTOR,ILESO,,,MASCULINO,23,MOTOCICLETA,ATROPELLO,URBANO,AVENIDA,URBANA,COMERCIAL,INTERSECCIÓN,ASFALTADA
A-2023-08-89,P-2023-08-89-1-2,2023,2023-08-06,20:20,NOCHE (18-23),LIMA,ATE,PEATÓN,FALLECIDO,EN EL CENTRO DE SALUD,,MASCULINO,70,MOTOCICLETA,ATROPELLO,URBANO,AVENIDA,URBANA,COMERCIAL,INTERSECCIÓN,ASFALTADA
A-2023-08-87,P-2023-08-87-1-1,2023,2023-08-07,00:45,MADRUGADA (00-05),LIMA,LOS OLIVOS,CONDUCTOR FUGADO,NO SE CONOCE,,,NO INDICA,,VEHICULO NO IDENTIFICADO,ATROPELLO FUGA,NACIONAL,CARRETERA,URBANA,COMERCIAL,TRAMO RECTO,ASFALTADA
A-2023-08-87,P-2023-08-87-1-2,2023,2023-08-07,00:45,MADRUGADA (00-05),LIMA,LOS OLIVOS,PEATÓN,FALLECIDO,EN EL CENTRO DE SALUD,,MASCULINO,43,VEHICULO NO IDENTIFICADO,ATROPELLO FUGA,NACIONAL,CARRETERA,URBANA,COMERCIAL,TRAMO RECTO,ASFALTADA
A-2023-08-88,P-2023-08-88-1-1,2023,2023-08-07,06:50,MANANA (06-11),LIMA,LURIN,CONDUCTOR,ILESO,,,MASCULINO,41,AUTOMÓVIL,ATROPELLO,NACIONAL,CARRETERA,RURAL,INDUSTRIAL,TRAMO RECTO,ASFALTADA
A-2023-08-88,P-2023-08-88-1-2,2023,2023-08-07,06:50,MANANA (06-11),LIMA,LURIN,PEATÓN,FALLECIDO,EN EL LUGAR DE LOS HECHOS,,FEMENINO,20,AUTOMÓVIL,ATROPELLO,NACIONAL,CARRETERA,RURAL,INDUSTRIAL,TRAMO RECTO,ASFALTADA
A-2023-08-90,P-2023-08-90-1-1,2023,2023-08-07,22:20,NOCHE (18-23),LIMA,LIMA,CONDUCTOR,FALLECIDO,EN EL LUGAR DE LOS HECHOS,,MASCULINO,24,MOTOCICLETA,VOLCADURA,URBANO,AVENIDA,URBANA,COMERCIAL,CURVA,ASFALTADA
A-2023-08-90,P-2023-08-90-1-2,2023,2023-08-07,22:20,NOCHE (18-23),LIMA,LIMA,PASAJERO,LESIONADO,,CENTRO DE SALUD PRIVADO,FEMENINO,21,MOTOCICLETA,VOLCADURA,URBANO,AVENIDA,URBANA,COMERCIAL,CURVA,ASFALTADA
A-2023-08-91,P-2023-08-91-1-1,2023,2023-08-09,16:15,TARDE (12-17),LIMA,LA VICTORIA,CONDUCTOR,ILESO,,,MASCULINO,68,ÓMNIBUS,CHOQUE,URBANO,AVENIDA,URBANA,COMERCIAL,INTERSECCIÓN,ASFALTADA
A-2023-08-91,P-2023-08-91-2-1,2023,2023-08-09,16:15,TARDE (12-17),LIMA,LA VICTORIA,CONDUCTOR,FALLECIDO,EN EL LUGAR DE LOS HECHOS,,MASCULINO,48,BICICLETA,CHOQUE,URBANO,AVENIDA,URBANA,COMERCIAL,INTERSECCIÓN,ASFALTADA
A-2023-08-92,P-2023-08-92-1-1,2023,2023-08-09,19:10,NOCHE (18-23),LIMA,CARABAYLLO,CONDUCTOR,ILESO,,,MASCULINO,34,ÓMNIBUS,ATROPELLO,URBANO,AVENIDA,URBANA,RESIDENCIAL,TRAMO RECTO,ASFALTADA
A-2023-08-92,P-2023-08-92-1-2,2023,2023-08-09,19:10,NOCHE (18-23),LIMA,CARABAYLLO,PEATÓN,FALLECIDO,EN EL LUGAR DE LOS HECHOS,,MASCULINO,,ÓMNIBUS,ATROPELLO,URBANO,AVENIDA,URBANA,RESIDENCIAL,TRAMO RECTO,ASFALTADA
A-2023-08-93,P-2023-08-93-1-1,2023,2023-08-11,09:25,MANANA (06-11),LIMA,BREÑA,CONDUCTOR,ILESO,,,MASCULINO,55,AUTOMÓVIL,ATROPELLO,URBANO,AVENIDA,URBANA,COMERCIAL,INTERSECCIÓN,ASFALTADA
A-2023-08-93,P-2023-08-93-1-2,2023,2023-08-11,09:25,MANANA (06-11),LIMA,BREÑA,PEATÓN,FALLECIDO,EN EL CENTRO DE SALUD,,MASCULINO,95,AUTOMÓVIL,ATROPELLO,URBANO,AVENIDA,URBANA,COMERCIAL,INTERSECCIÓN,ASFALTADA
A-2023-08-94,P-2023-08-94-1-1,2023,2023-08-13,05:00,MADRUGADA (00-05),LIMA,ATE,CONDUCTOR,ILESO,,,MASCULINO,32,AUTOMÓVIL,CHOQUE,NACIONAL,CARRETERA,URBANA,COMERCIAL,TRAMO RECTO,ASFALTADA
A-2023-08-94,P-2023-08-94-2-1,2023,2023-08-13,05:00,MADRUGADA (00-05),LIMA,ATE,CONDUCTOR,FALLECIDO,EN EL LUGAR DE LOS HECHOS,,FEMENINO,47,BICICLETA,CHOQUE,NACIONAL,CARRETERA,URBANA,COMERCIAL,TRAMO RECTO,ASFALTADA
A-2023-08-95,P-2023-08-95-1-1,2023,2023-08-14,06:00,MANANA (06-11),LIMA,LA VICTORIA,CONDUCTOR,ILESO,,,MASCULINO,48,ÓMNIBUS,ATROPELLO,URBANO,JIRÓN,URBANA,COMERCIAL,TRAMO RECTO,ASFALTADA
A-2023-08-95,P-2023-08-95-1-2,2023,2023-08-14,06:00,MANANA (06-11),LIMA,LA VICTORIA,PEATÓN,FALLECIDO,EN EL LUGAR DE LOS HECHOS,,MASCULINO,51,ÓMNIBUS,ATROPELLO,URBANO,JIRÓN,URBANA,COMERCIAL,TRAMO RECTO,ASFALTADA
A-2023-08-96,P-2023-08-96-1-1,2023,2023-08-14,23:30,NOCHE (18-23),LIMA,VILLA MARIA DEL TRIUNFO,CONDUCTOR,ILESO,,,MASCULINO,30,AUTOMÓVIL,CHOQUE,URBANO,AVENIDA,URBANA,RESIDENCIAL,INTERSECCIÓN,ASFALTADA
A-2023-08-96,P-2023-08-96-2-1,2023,2023-08-14,23:30,NOCHE (18-23),LIMA,VILLA MARIA DEL TRIUNFO,CONDUCTOR,FALLECIDO,EN EL LUGAR DE LOS HECHOS,,MASCULINO,54,TRIMOTO PASAJERO,CHOQUE,URBANO,AVENIDA,URBANA,RESIDENCIAL,INTERSECCIÓN,ASFALTADA
A-2023-08-97,P-2023-08-97-1-1,2023,2023-08-16,15:40,TARDE (12-17),LIMA,EL AGUSTINO,CONDUCTOR,FALLECIDO,EN EL LUGAR DE LOS HECHOS,,MASCULINO,33,MOTOCICLETA,CHOQUE,NACIONAL,CARRETERA,URBANA,COMERCIAL,TRAMO RECTO,ASFALTADA
A-2023-08-97,P-2023-08-97-2-1,2023,2023-08-16,15:40,TARDE (12-17),LIMA,EL AGUSTINO,CONDUCTOR,ILESO,,,MASCULINO,31,REMOLCADOR-SEMIREMOLQUE,CHOQUE,NACIONAL,CARRETERA,URBANA,COMERCIAL,TRAMO RECTO,ASFALTADA
A-2023-08-98,P-2023-08-98-1-1,2023,2023-08-17,11:45,MANANA (06-11),LIMA,CHORRILLOS,CONDUCTOR,ILESO,,,MASCULINO,61,CAMIÓN,ATROPELLO,URBANO,AVENIDA,URBANA,COMERCIAL,TRAMO RECTO,ASFALTADA
A-2023-08-98,P-2023-08-98-1-2,2023,2023-08-17,11:45,MANANA (06-11),LIMA,CHORRILLOS,PEATÓN,FALLECIDO,EN EL LUGAR DE LOS HECHOS,,FEMENINO,56,CAMIÓN,ATROPELLO,URBANO,AVENIDA,URBANA,COMERCIAL,TRAMO RECTO,ASFALTADA
A-2023-08-118,P-2023-08-118-1-1,2023,2023-08-18,06:45,MANANA (06-11),CALLAO,CALLAO,CONDUCTOR,ILESO,,,MASCULINO,52,CAMIÓN,ATROPELLO,URBANO,AVENIDA,URBANA,COMERCIAL,TRAMO RECTO,ASFALTADA
A-2023-08-118,P-2023-08-118-1-2,2023,2023-08-18,06:45,MANANA (06-11),CALLAO,CALLAO,PEATÓN,FALLECIDO,EN EL LUGAR DE LOS HECHOS,,MASCULINO,2,CAMIÓN,ATROPELLO,URBANO,AVENIDA,URBANA,COMERCIAL,TRAMO RECTO,ASFALTADA
A-2023-08-99,P-2023-08-99-1-1,2023,2023-08-18,21:30,NOCHE (18-23),LIMA,LURIN,CONDUCTOR,FALLECIDO,EN EL LUGAR DE LOS HECHOS,,MASCULINO,35,AUTOMÓVIL,DESPISTE,URBANO,AVENIDA,URBANA,RURAL,CURVA,ASFALTADA
A-2023-08-166,P-2023-08-166-1-1,2023,2023-08-19,07:00,MANANA (06-11),LIMA,LOS OLIVOS,CONDUCTOR,ILESO,,,MASCULINO,21,MOTOCICLETA,CHOQUE,URBANO,AVENIDA,URBANA,COMERCIAL,TRAMO RECTO,ASFALTADA
A-2023-08-166,P-2023-08-166-2-1,2023,2023-08-19,07:00,MANANA (06-11),LIMA,LOS OLIVOS,CONDUCTOR,FALLECIDO,,,MASCULINO,68,BICICLETA,CHOQUE,URBANO,AVENIDA,URBANA,COMERCIAL,TRAMO RECTO,ASFALTADA
A-2023-08-100,P-2023-08-100-1-1,2023,2023-08-20,15:30,TARDE (12-17),LIMA,ATE,CONDUCTOR FUGADO,NO SE CONOCE,,,NO INDICA,,VEHICULO NO IDENTIFICADO,ATROPELLO FUGA,URBANO,AVENIDA,URBANA,ESCOLAR,INTERSECCIÓN,ASFALTADA
A-2023-08-100,P-2023-08-100-1-2,2023,2023-08-20,15:30,TARDE (12-17),LIMA,ATE,PEATÓN,FALLECIDO,EN EL CENTRO DE SALUD,,FEMENINO,78,VEHICULO NO IDENTIFICADO,ATROPELLO FUGA,URBANO,AVENIDA,URBANA,ESCOLAR,INTERSECCIÓN,ASFALTADA
A-2023-08-167,P-2023-08-167-1-1,2023,2023-08-20,17:40,TARDE (12-17),LIMA,SAN JUAN DE LURIGANCHO,CONDUCTOR,ILESO,,,MASCULINO,36,MOTOCICLETA,ATROPELLO,URBANO,AVENIDA,URBANA,COMERCIAL,TRAMO RECTO,ASFALTADA
A-2023-08-167,P-2023-08-167-1-2,2023,2023-08-20,17:40,TARDE (12-17),LIMA,SAN JUAN DE LURIGANCHO,PEATÓN,FALLECIDO,EN EL CENTRO DE SALUD,,MASCULINO,83,MOTOCICLETA,ATROPELLO,URBANO,AVENIDA,URBANA,COMERCIAL,TRAMO RECTO,ASFALTADA
A-2023-08-101,P-2023-08-101-1-1,2023,2023-08-22,15:40,TARDE (12-17),LIMA,CHORRILLOS,CONDUCTOR,ILESO,,,MASCULINO,20,MOTOCICLETA,ATROPELLO,URBANO,AVENIDA,URBANA,RESIDENCIAL,CURVA,ASFALTADA
A-2023-08-101,P-2023-08-101-1-2,2023,2023-08-22,15:40,TARDE (12-17),LIMA,CHORRILLOS,PEATÓN,FALLECIDO,EN EL CENTRO DE SALUD,,MASCULINO,81,MOTOCICLETA,ATROPELLO,URBANO,AVENIDA,URBANA,RESIDENCIAL,CURVA,ASFALTADA
A-2023-08-102,P-2023-08-102-1-1,2023,2023-08-23,06:30,MANANA (06-11),LIMA,CHORRILLOS,CONDUCTOR,FALLECIDO,EN EL LUGAR DE LOS HECHOS,,MASCULINO,24,MOTOCICLETA,CHOQUE,URBANO,AVENIDA,URBANA,COMERCIAL,CURVA,ASFALTADA
A-2023-08-102,P-2023-08-102-2-1,2023,2023-08-23,06:30,MANANA (06-11),LIMA,CHORRILLOS,CONDUCTOR,ILESO,,,MASCULINO,53,ÓMNIBUS,CHOQUE,URBANO,AVENIDA,URBANA,COMERCIAL,CURVA,ASFALTADA
A-2023-08-103,P-2023-08-103-1-1,2023,2023-08-24,07:50,MANANA (06-11),LIMA,COMAS,CONDUCTOR,LESIONADO,,CENTRO DE SALUD PÚBLICO,MASCULINO,25,MOTOCICLETA,ATROPELLO,URBANO,AVENIDA,URBANA,COMERCIAL,TRAMO RECTO,ASFALTADA
A-2023-08-103,P-2023-08-103-1-2,2023,2023-08-24,07:50,MANANA (06-11),LIMA,COMAS,PEATÓN,FALLECIDO,EN EL LUGAR DE LOS HECHOS,,FEMENINO,36,MOTOCICLETA,ATROPELLO,URBANO,AVENIDA,URBANA,COMERCIAL,TRAMO RECTO,ASFALTADA
A-2023-08-105,P-2023-08-105-1-1,2023,2023-08-24,15:00,TARDE (12-17),LIMA,RIMAC,CONDUCTOR,ILESO,,,MASCULINO,55,CAMIÓN,ATROPELLO,URBANO,AVENIDA,URBANA,COMERCIAL,INTERSECCIÓN,ASFALTADA
A-2023-08-105,P-2023-08-105-1-2,2023,2023-08-24,15:00,TARDE (12-17),LIMA,RIMAC,PEATÓN,FALLECIDO,EN EL LUGAR DE LOS HECHOS,,FEMENINO,56,CAMIÓN,ATROPELLO,URBANO,AVENIDA,URBANA,COMERCIAL,INTERSECCIÓN,ASFALTADA
A-2023-08-104,P-2023-08-104-1-1,2023,2023-08-24,23:00,NOCHE (18-23),LIMA,PUNTA HERMOSA,CONDUCTOR FUGADO,NO SE CONOCE,,,NO INDICA,,AUTOMÓVIL,DESPISTE,URBANO,AVENIDA,URBANA,COMERCIAL,INTERSECCIÓN,ASFALTADA
A-2023-08-104,P-2023-08-104-1-2,2023,2023-08-24,23:00,NOCHE (18-23),LIMA,PUNTA HERMOSA,PEATÓN,FALLECIDO,EN EL LUGAR DE LOS HECHOS,,MASCULINO,31,AUTOMÓVIL,DESPISTE,URBANO,AVENIDA,URBANA,COMERCIAL,INTERSECCIÓN,ASFALTADA
A-2023-08-152,P-2023-08-152-1-1,2023,2023-08-26,19:30,NOCHE (18-23),CALLAO,LA PERLA,CONDUCTOR,ILESO,,,MASCULINO,52,AUTOMÓVIL,ATROPELLO,URBANO,AVENIDA,URBANA,RESIDENCIAL,TRAMO RECTO,ASFALTADA
A-2023-08-152,P-2023-08-152-1-2,2023,2023-08-26,19:30,NOCHE (18-23),CALLAO,LA PERLA,PEATÓN,FALLECIDO,EN EL CENTRO DE SALUD,,FEMENINO,61,AUTOMÓVIL,ATROPELLO,URBANO,AVENIDA,URBANA,RESIDENCIAL,TRAMO RECTO,ASFALTADA
A-2023-08-106,P-2023-08-106-1-1,2023,2023-08-27,02:30,MADRUGADA (00-05),LIMA,PUENTE PIEDRA,CONDUCTOR,ILESO,,,MASCULINO,27,TRIMOTO PASAJERO,CHOQUE,URBANO,AVENIDA,URBANA,RESIDENCIAL,INTERSECCIÓN,AFIRMADO
A-2023-08-106,P-2023-08-106-1-2,2023,2023-08-27,02:30,MADRUGADA (00-05),LIMA,PUENTE PIEDRA,PASAJERO,LESIONADO,,CENTRO DE SALUD PÚBLICO,MASCULINO,41,TRIMOTO PASAJERO,CHOQUE,URBANO,AVENIDA,URBANA,RESIDENCIAL,INTERSECCIÓN,AFIRMADO
A-2023-08-106,P-2023-08-106-1-3,2023,2023-08-27,02:30,MADRUGADA (00-05),LIMA,PUENTE PIEDRA,PASAJERO,FALLECIDO,EN EL CENTRO DE SALUD,,MASCULINO,,TRIMOTO PASAJERO,CHOQUE,URBANO,AVENIDA,URBANA,RESIDENCIAL,INTERSECCIÓN,AFIRMADO
A-2023-08-106,P-2023-08-106-1-4,2023,2023-08-27,02:30,MADRUGADA (00-05),LIMA,PUENTE PIEDRA,PASAJERO,LESIONADO,,CENTRO DE SALUD PÚBLICO,FEMENINO,30,TRIMOTO PASAJERO,CHOQUE,URBANO,AVENIDA,URBANA,RESIDENCIAL,INTERSECCIÓN,AFIRMADO
A-2023-08-106,P-2023-08-106-1-5,2023,2023-08-27,02:30,MADRUGADA (00-05),LIMA,PUENTE PIEDRA,PASAJERO,LESIONADO,,CENTRO DE SALUD PÚBLICO,FEMENINO,27,TRIMOTO PASAJERO,CHOQUE,URBANO,AVENIDA,URBANA,RESIDENCIAL,INTERSECCIÓN,AFIRMADO
A-2023-08-106,P-2023-08-106-2-1,2023,2023-08-27,02:30,MADRUGADA (00-05),LIMA,PUENTE PIEDRA,CONDUCTOR,ILESO,,,MASCULINO,32,AUTOMÓVIL,CHOQUE,URBANO,AVENIDA,URBANA,RESIDENCIAL,INTERSECCIÓN,AFIRMADO
A-2023-08-107,P-2023-08-107-1-1,2023,2023-08-27,07:46,MANANA (06-11),LIMA,ATE,CONDUCTOR,FALLECIDO,EN EL LUGAR DE LOS HECHOS,,MASCULINO,55,AUTOMÓVIL,DESPISTE,NACIONAL,CARRETERA,URBANA,COMERCIAL,CURVA,ASFALTADA
A-2023-08-107,P-2023-08-107-1-2,2023,2023-08-27,07:46,MANANA (06-11),LIMA,ATE,PASAJERO,LESIONADO,,OTRO,MASCULINO,55,AUTOMÓVIL,DESPISTE,NACIONAL,CARRETERA,URBANA,COMERCIAL,CURVA,ASFALTADA
A-2023-08-107,P-2023-08-107-1-3,2023,2023-08-27,07:46,MANANA (06-11),LIMA,ATE,PASAJERO,LESIONADO,,OTRO,FEMENINO,54,AUTOMÓVIL,DESPISTE,NACIONAL,CARRETERA,URBANA,COMERCIAL,CURVA,ASFALTADA
A-2023-08-107,P-2023-08-107-1-4,2023,2023-08-27,07:46,MANANA (06-11),LIMA,ATE,PASAJERO,LESIONADO,,OTRO,MASCULINO,39,AUTOMÓVIL,DESPISTE,NACIONAL,CARRETERA,URBANA,COMERCIAL,CURVA,ASFALTADA
A-2023-08-107,P-2023-08-107-1-5,2023,2023-08-27,07:46,MANANA (06-11),LIMA,ATE,PASAJERO,LESIONADO,,OTRO,FEMENINO,4,AUTOMÓVIL,DESPISTE,NACIONAL,CARRETERA,URBANA,COMERCIAL,CURVA,ASFALTADA
A-2023-08-107,P-2023-08-107-2-1,2023,2023-08-27,07:46,MANANA (06-11),LIMA,ATE,CONDUCTOR,ILESO,,,MASCULINO,53,AUTOMÓVIL,DESPISTE,NACIONAL,CARRETERA,URBANA,COMERCIAL,CURVA,ASFALTADA
A-2023-08-108,P-2023-08-108-1-1,2023,2023-08-27,17:45,TARDE (12-17),LIMA,ATE,CONDUCTOR,ILESO,,,MASCULINO,42,TRIMOTO PASAJERO,DESPISTE,URBANO,AVENIDA,URBANA,RESIDENCIAL,TRAMO RECTO,ASFALTADA
A-2023-08-108,P-2023-08-108-1-2,2023,2023-08-27,17:45,TARDE (12-17),LIMA,ATE,PASAJERO,FALLECIDO,EN EL LUGAR DE LOS HECHOS,,FEMENINO,35,TRIMOTO PASAJERO,DESPISTE,URBANO,AVENIDA,URBANA,RESIDENCIAL,TRAMO RECTO,ASFALTADA
A-2023-08-108,P-2023-08-108-1-3,2023,2023-08-27,17:45,TARDE (12-17),LIMA,ATE,PASAJERO,LESIONADO,,CENTRO DE SALUD PÚBLICO,FEMENINO,9,TRIMOTO PASAJERO,DESPISTE,URBANO,AVENIDA,URBANA,RESIDENCIAL,TRAMO RECTO,ASFALTADA
A-2023-08-108,P-2023-08-108-1-4,2023,2023-08-27,17:45,TARDE (12-17),LIMA,ATE,PASAJERO,LESIONADO,,CENTRO DE SALUD PÚBLICO,MASCULINO,3,TRIMOTO PASAJERO,DESPISTE,URBANO,AVENIDA,URBANA,RESIDENCIAL,TRAMO RECTO,ASFALTADA
A-2023-08-108,P-2023-08-108-1-5,2023,2023-08-27,17:45,TARDE (12-17),LIMA,ATE,PASAJERO,LESIONADO,,CENTRO DE SALUD PÚBLICO,FEMENINO,28,TRIMOTO PASAJERO,DESPISTE,URBANO,AVENIDA,URBANA,RESIDENCIAL,TRAMO RECTO,ASFALTADA
A-2023-08-109,P-2023-08-109-1-1,2023,2023-08-28,08:40,MANANA (06-11),LIMA,SAN MARTIN DE PORRES,CONDUCTOR,ILESO,,,MASCULINO,26,AUTOMÓVIL,ATROPELLO,URBANO,AVENIDA,URBANA,COMERCIAL,INTERSECCIÓN,ASFALTADA
A-2023-08-109,P-2023-08-109-1-2,2023,2023-08-28,08:40,MANANA (06-11),LIMA,SAN MARTIN DE PORRES,PEATÓN,FALLECIDO,EN EL LUGAR DE LOS HECHOS,,MASCULINO,42,AUTOMÓVIL,ATROPELLO,URBANO,AVENIDA,URBANA,COMERCIAL,INTERSECCIÓN,ASFALTADA
A-2023-08-110,P-2023-08-110-1-1,2023,2023-08-28,08:30,MANANA (06-11),LIMA,ATE,CONDUCTOR,ILESO,,,MASCULINO,31,AUTOMÓVIL,ATROPELLO,URBANO,AVENIDA,URBANA,COMERCIAL,INTERSECCIÓN,ASFALTADA
A-2023-08-110,P-2023-08-110-1-2,2023,2023-08-28,08:30,MANANA (06-11),LIMA,ATE,PEATÓN,FALLECIDO,EN EL LUGAR DE LOS HECHOS,,MASCULINO,80,AUTOMÓVIL,ATROPELLO,URBANO,AVENIDA,URBANA,COMERCIAL,INTERSECCIÓN,ASFALTADA
A-2023-08-111,P-2023-08-111-1-1,2023,2023-08-28,20:50,NOCHE (18-23),LIMA,SAN MARTIN DE PORRES,CONDUCTOR,ILESO,,,MASCULINO,31,AUTOMÓVIL,ATROPELLO FUGA,URBANO,AVENIDA,URBANA,RESIDENCIAL,INTERSECCIÓN,ASFALTADA
A-2023-08-111,P-2023-08-111-1-2,2023,2023-08-28,20:50,NOCHE (18-23),LIMA,SAN MARTIN DE PORRES,PEATÓN,FALLECIDO,EN EL CENTRO DE SALUD,,MASCULINO,50,AUTOMÓVIL,ATROPELLO FUGA,URBANO,AVENIDA,URBANA,RESIDENCIAL,INTERSECCIÓN,ASFALTADA
A-2023-08-112,P-2023-08-112-1-1,2023,2023-08-28,22:30,NOCHE (18-23),LIMA,PACHACAMAC,CONDUCTOR,FALLECIDO,EN EL LUGAR DE LOS HECHOS,,MASCULINO,59,AUTOMÓVIL,CHOQUE,URBANO,AVENIDA,URBANA,ESCOLAR,INTERSECCIÓN,ASFALTADA
A-2023-08-112,P-2023-08-112-1-2,2023,2023-08-28,22:30,NOCHE (18-23),LIMA,PACHACAMAC,PASAJERO,LESIONADO,,CENTRO DE SALUD PÚBLICO,MASCULINO,59,AUTOMÓVIL,CHOQUE,URBANO,AVENIDA,URBANA,ESCOLAR,INTERSECCIÓN,ASFALTADA
A-2023-08-112,P-2023-08-112-2-1,2023,2023-08-28,22:30,NOCHE (18-23),LIMA,PACHACAMAC,CONDUCTOR,ILESO,,,MASCULINO,31,MINIBUS,CHOQUE,URBANO,AVENIDA,URBANA,ESCOLAR,INTERSECCIÓN,ASFALTADA
A-2023-08-113,P-2023-08-113-1-1,2023,2023-08-29,19:30,NOCHE (18-23),LIMA,VILLA EL SALVADOR,CONDUCTOR FUGADO,NO SE CONOCE,,,NO INDICA,,VEHICULO NO IDENTIFICADO,ATROPELLO FUGA,NACIONAL,CARRETERA,URBANA,COMERCIAL,CURVA,ASFALTADA
A-2023-08-113,P-2023-08-113-1-2,2023,2023-08-29,19:30,NOCHE (18-23),LIMA,VILLA EL SALVADOR,PEATÓN,FALLECIDO,EN EL LUGAR DE LOS HECHOS,,MASCULINO,,VEHICULO NO IDENTIFICADO,ATROPELLO FUGA,NACIONAL,CARRETERA,URBANA,COMERCIAL,CURVA,ASFALTADA
A-2023-08-114,P-2023-08-114-1-1,2023,2023-08-30,20:07,NOCHE (18-23),LIMA,SAN BORJA,CONDUCTOR,ILESO,,,MASCULINO,25,MOTOCICLETA,ATROPELLO,URBANO,AVENIDA,URBANA,COMERCIAL,INTERSECCIÓN,ASFALTADA
A-2023-08-114,P-2023-08-114-1-2,2023,2023-08-30,20:07,NOCHE (18-23),LIMA,SAN BORJA,PEATÓN,FALLECIDO,EN EL CENTRO DE SALUD,,MASCULINO,70,MOTOCICLETA,ATROPELLO,URBANO,AVENIDA,URBANA,COMERCIAL,INTERSECCIÓN,ASFALTADA
A-2023-08-115,P-2023-08-115-1-1,2023,2023-08-31,02:30,MADRUGADA (00-05),LIMA,PUENTE PIEDRA,CONDUCTOR,LESIONADO,,CENTRO DE SALUD PÚBLICO,MASCULINO,28,MOTOCICLETA,ATROPELLO,NACIONAL,CARRETERA,URBANA,COMERCIAL,TRAMO RECTO,ASFALTADA
A-2023-08-115,P-2023-08-115-1-2,2023,2023-08-31,02:30,MADRUGADA (00-05),LIMA,PUENTE PIEDRA,PEATÓN,FALLECIDO,EN EL LUGAR DE LOS HECHOS,,MASCULINO,,MOTOCICLETA,ATROPELLO,NACIONAL,CARRETERA,URBANA,COMERCIAL,TRAMO RECTO,ASFALTADA
A-2023-08-115,P-2023-08-115-1-3,2023,2023-08-31,02:30,MADRUGADA (00-05),LIMA,PUENTE PIEDRA,PEATÓN,FALLECIDO,EN EL LUGAR DE LOS HECHOS,,MASCULINO,,MOTOCICLETA,ATROPELLO,NACIONAL,CARRETERA,URBANA,COMERCIAL,TRAMO RECTO,ASFALTADA
A-2023-08-116,P-2023-08-116-1-1,2023,2023-08-31,18:30,NOCHE (18-23),LIMA,COMAS,CONDUCTOR FUGADO,NO SE CONOCE,,,NO INDICA,,VEHICULO NO IDENTIFICADO,ATROPELLO FUGA,URBANO,AVENIDA,URBANA,COMERCIAL,TRAMO RECTO,ASFALTADA
A-2023-08-116,P-2023-08-116-1-2,2023,2023-08-31,18:30,NOCHE (18-23),LIMA,COMAS,PEATÓN,FALLECIDO,EN EL LUGAR DE LOS HECHOS,,MASCULINO,75,VEHICULO NO IDENTIFICADO,ATROPELLO FUGA,URBANO,AVENIDA,URBANA,COMERCIAL,TRAMO RECTO,ASFALTADA
A-2023-08-117,P-2023-08-117-1-1,2023,2023-08-31,23:20,NOCHE (18-23),LIMA,CHACLACAYO,CONDUCTOR,ILESO,,,MASCULINO,47,AUTOMÓVIL,DESPISTE,NACIONAL,CARRETERA,URBANA,COMERCIAL,TRAMO RECTO,ASFALTADA
A-2023-08-117,P-2023-08-117-1-2,2023,2023-08-31,23:20,NOCHE (18-23),LIMA,CHACLACAYO,PASAJERO,FALLECIDO,EN EL CENTRO DE SALUD,,MASCULINO,7,AUTOMÓVIL,DESPISTE,NACIONAL,CARRETERA,URBANA,COMERCIAL,TRAMO RECTO,ASFALTADA
A-2023-08-117,P-2023-08-117-1-3,2023,2023-08-31,23:20,NOCHE (18-23),LIMA,CHACLACAYO,PASAJERO,LESIONADO,,CENTRO DE SALUD PÚBLICO,FEMENINO,59,AUTOMÓVIL,DESPISTE,NACIONAL,CARRETERA,URBANA,COMERCIAL,TRAMO RECTO,ASFALTADA
A-2023-09-84,P-2023-09-84-1-1,2023,2023-09-02,01:45,MADRUGADA (00-05),LIMA,SAN BORJA,CONDUCTOR,FALLECIDO,EN EL LUGAR DE LOS HECHOS,,MASCULINO,30,AUTOMÓVIL,DESPISTE,URBANO,AVENIDA,URBANA,COMERCIAL,TRAMO RECTO,ASFALTADA
A-2023-09-85,P-2023-09-85-1-1,2023,2023-09-02,20:56,NOCHE (18-23),LIMA,CARABAYLLO,CONDUCTOR,ILESO,,,MASCULINO,42,AUTOMÓVIL,ATROPELLO,URBANO,AVENIDA,URBANA,RESIDENCIAL,INTERSECCIÓN,ASFALTADA
A-2023-09-85,P-2023-09-85-1-2,2023,2023-09-02,20:56,NOCHE (18-23),LIMA,CARABAYLLO,PEATÓN,FALLECIDO,EN EL LUGAR DE LOS HECHOS,,FEMENINO,,AUTOMÓVIL,ATROPELLO,URBANO,AVENIDA,URBANA,RESIDENCIAL,INTERSECCIÓN,ASFALTADA
A-2023-09-120,P-2023-09-120-1-1,2023,2023-09-08,11:00,MANANA (06-11),LIMA,SAN MARTIN DE PORRES,CONDUCTOR,ILESO,,,MASCULINO,41,ÓMNIBUS,CHOQUE,URBANO,AVENIDA,URBANA,RESIDENCIAL,TRAMO RECTO,ASFALTADA
A-2023-09-120,P-2023-09-120-2-1,2023,2023-09-08,11:00,MANANA (06-11),LIMA,SAN MARTIN DE PORRES,CONDUCTOR,FALLECIDO,EN EL LUGAR DE LOS HECHOS,,MASCULINO,47,BICICLETA,CHOQUE,URBANO,AVENIDA,URBANA,RESIDENCIAL,TRAMO RECTO,ASFALTADA
A-2023-09-121,P-2023-09-121-1-1,2023,2023-09-08,18:00,NOCHE (18-23),LIMA,VILLA EL SALVADOR,CONDUCTOR,ILESO,,,MASCULINO,54,CAMIÓN,CHOQUE,URBANO,AVENIDA,URBANA,RESIDENCIAL,INTERSECCIÓN,ASFALTADA
A-2023-09-121,P-2023-09-121-2-1,2023,2023-09-08,18:00,NOCHE (18-23),LIMA,VILLA EL SALVADOR,CONDUCTOR,FALLECIDO,EN EL LUGAR DE LOS HECHOS,,MASCULINO,17,MOTOCICLETA,CHOQUE,URBANO,AVENIDA,URBANA,RESIDENCIAL,INTERSECCIÓN,ASFALTADA
A-2023-09-122,P-2023-09-122-1-1,2023,2023-09-08,23:50,NOCHE (18-23),LIMA,MIRAFLORES,CONDUCTOR,ILESO,,,MASCULINO,71,CAMIONETA RURAL,ATROPELLO,URBANO,AVENIDA,URBANA,COMERCIAL,INTERSECCIÓN,ASFALTADA
A-2023-09-122,P-2023-09-122-1-2,2023,2023-09-08,23:50,NOCHE (18-23),LIMA,MIRAFLORES,PEATÓN,FALLECIDO,EN EL LUGAR DE LOS HECHOS,,MASCULINO,,CAMIONETA RURAL,ATROPELLO,URBANO,AVENIDA,URBANA,COMERCIAL,INTERSECCIÓN,ASFALTADA
A-2023-09-124,P-2023-09-124-1-1,2023,2023-09-09,06:30,MANANA (06-11),LIMA,SAN JUAN DE MIRAFLORES,CONDUCTOR,ILESO,,,MASCULINO,59,ÓMNIBUS,CHOQUE,NACIONAL,CARRETERA,URBANA,RESIDENCIAL,TRAMO RECTO,ASFALTADA
A-2023-09-124,P-2023-09-124-2-1,2023,2023-09-09,06:30,MANANA (06-11),LIMA,SAN JUAN DE MIRAFLORES,CONDUCTOR,FALLECIDO,EN EL LUGAR DE LOS HECHOS,,MASCULINO,35,MOTOCICLETA,CHOQUE,NACIONAL,CARRETERA,URBANA,RESIDENCIAL,TRAMO RECTO,ASFALTADA
A-2023-09-125,P-2023-09-125-1-1,2023,2023-09-10,18:20,NOCHE (18-23),LIMA,BREÑA,CONDUCTOR,ILESO,,,MASCULINO,38,CAMIONETA PANEL,ATROPELLO,URBANO,JIRÓN,URBANA,COMERCIAL,TRAMO RECTO,ASFALTADA
A-2023-09-125,P-2023-09-125-1-2,2023,2023-09-10,18:20,NOCHE (18-23),LIMA,BREÑA,PEATÓN,FALLECIDO,EN EL LUGAR DE LOS HECHOS,,FEMENINO,,CAMIONETA PANEL,ATROPELLO,URBANO,JIRÓN,URBANA,COMERCIAL,TRAMO RECTO,ASFALTADA
A-2023-09-123,P-2023-09-123-1-1,2023,2023-09-11,03:40,MADRUGADA (00-05),LIMA,PUENTE PIEDRA,CONDUCTOR,ILESO,,,MASCULINO,39,AUTOMÓVIL,ATROPELLO,NACIONAL,CARRETERA,URBANA,COMERCIAL,TRAMO RECTO,ASFALTADA
A-2023-09-123,P-2023-09-123-1-2,2023,2023-09-11,03:40,MADRUGADA (00-05),LIMA,PUENTE PIEDRA,PEATÓN,FALLECIDO,EN EL LUGAR DE LOS HECHOS,,MASCULINO,,AUTOMÓVIL,ATROPELLO,NACIONAL,CARRETERA,URBANA,COMERCIAL,TRAMO RECTO,ASFALTADA
A-2023-09-123,P-2023-09-123-1-3,2023,2023-09-11,03:40,MADRUGADA (00-05),LIMA,PUENTE PIEDRA,PEATÓN,FALLECIDO,EN EL LUGAR DE LOS HECHOS,,MASCULINO,,AUTOMÓVIL,ATROPELLO,NACIONAL,CARRETERA,URBANA,COMERCIAL,TRAMO RECTO,ASFALTADA
A-2023-09-126,P-2023-09-126-1-1,2023,2023-09-13,00:30,MADRUGADA (00-05),LIMA,RIMAC,CONDUCTOR,ILESO,,,MASCULINO,26,AUTOMÓVIL,ATROPELLO,NACIONAL,CARRETERA,URBANA,COMERCIAL,TRAMO RECTO,ASFALTADA
A-2023-09-126,P-2023-09-126-1-2,2023,2023-09-13,00:30,MADRUGADA (00-05),LIMA,RIMAC,PEATÓN,FALLECIDO,EN EL LUGAR DE LOS HECHOS,,MASCULINO,,AUTOMÓVIL,ATROPELLO,NACIONAL,CARRETERA,URBANA,COMERCIAL,TRAMO RECTO,ASFALTADA
A-2023-09-127,P-2023-09-127-1-1,2023,2023-09-14,09:00,MANANA (06-11),LIMA,PUNTA NEGRA,CONDUCTOR,FALLECIDO,EN EL LUGAR DE LOS HECHOS,,MASCULINO,24,ÓMNIBUS,CHOQUE,NACIONAL,CARRETERA,RURAL,RURAL,TRAMO RECTO,ASFALTADA
A-2023-09-127,P-2023-09-127-1-10,2023,2023-09-14,09:00,MANANA (06-11),LIMA,PUNTA NEGRA,PASAJERO,LESIONADO,,CENTRO DE SALUD PÚBLICO,MASCULINO,0,ÓMNIBUS,CHOQUE,NACIONAL,CARRETERA,RURAL,RURAL,TRAMO RECTO,ASFALTADA
A-2023-09-127,P-2023-09-127-1-11,2023,2023-09-14,09:00,MANANA (06-11),LIMA,PUNTA NEGRA,PASAJERO,LESIONADO,,CENTRO DE SALUD PÚBLICO,FEMENINO,0,ÓMNIBUS,CHOQUE,NACIONAL,CARRETERA,RURAL,RURAL,TRAMO RECTO,ASFALTADA
A-2023-09-127,P-2023-09-127-1-12,2023,2023-09-14,09:00,MANANA (06-11),LIMA,PUNTA NEGRA,PASAJERO,LESIONADO,,CENTRO DE SALUD PÚBLICO,FEMENINO,0,ÓMNIBUS,CHOQUE,NACIONAL,CARRETERA,RURAL,RURAL,TRAMO RECTO,ASFALTADA
A-2023-09-127,P-2023-09-127-1-13,2023,2023-09-14,09:00,MANANA (06-11),LIMA,PUNTA NEGRA,PASAJERO,LESIONADO,,CENTRO DE SALUD PÚBLICO,MASCULINO,0,ÓMNIBUS,CHOQUE,NACIONAL,CARRETERA,RURAL,RURAL,TRAMO RECTO,ASFALTADA
A-2023-09-127,P-2023-09-127-1-14,2023,2023-09-14,09:00,MANANA (06-11),LIMA,PUNTA NEGRA,PASAJERO,LESIONADO,,CENTRO DE SALUD PÚBLICO,NO INDICA,,ÓMNIBUS,CHOQUE,NACIONAL,CARRETERA,RURAL,RURAL,TRAMO RECTO,ASFALTADA
A-2023-09-127,P-2023-09-127-1-15,2023,2023-09-14,09:00,MANANA (06-11),LIMA,PUNTA NEGRA,PASAJERO,LESIONADO,,CENTRO DE SALUD PÚBLICO,NO INDICA,,ÓMNIBUS,CHOQUE,NACIONAL,CARRETERA,RURAL,RURAL,TRAMO RECTO,ASFALTADA
A-2023-09-127,P-2023-09-127-1-16,2023,2023-09-14,09:00,MANANA (06-11),LIMA,PUNTA NEGRA,PASAJERO,LESIONADO,,CENTRO DE SALUD PÚBLICO,NO INDICA,,ÓMNIBUS,CHOQUE,NACIONAL,CARRETERA,RURAL,RURAL,TRAMO RECTO,ASFALTADA
A-2023-09-127,P-2023-09-127-1-17,2023,2023-09-14,09:00,MANANA (06-11),LIMA,PUNTA NEGRA,PASAJERO,LESIONADO,,CENTRO DE SALUD PÚBLICO,NO INDICA,,ÓMNIBUS,CHOQUE,NACIONAL,CARRETERA,RURAL,RURAL,TRAMO RECTO,ASFALTADA
A-2023-09-127,P-2023-09-127-1-18,2023,2023-09-14,09:00,MANANA (06-11),LIMA,PUNTA NEGRA,PASAJERO,LESIONADO,,CENTRO DE SALUD PÚBLICO,NO INDICA,,ÓMNIBUS,CHOQUE,NACIONAL,CARRETERA,RURAL,RURAL,TRAMO RECTO,ASFALTADA
A-2023-09-127,P-2023-09-127-1-19,2023,2023-09-14,09:00,MANANA (06-11),LIMA,PUNTA NEGRA,PASAJERO,LESIONADO,,CENTRO DE SALUD PÚBLICO,NO INDICA,,ÓMNIBUS,CHOQUE,NACIONAL,CARRETERA,RURAL,RURAL,TRAMO RECTO,ASFALTADA
A-2023-09-127,P-2023-09-127-1-2,2023,2023-09-14,09:00,MANANA (06-11),LIMA,PUNTA NEGRA,PASAJERO,LESIONADO,,CENTRO DE SALUD PÚBLICO,FEMENINO,0,ÓMNIBUS,CHOQUE,NACIONAL,CARRETERA,RURAL,RURAL,TRAMO RECTO,ASFALTADA
A-2023-09-127,P-2023-09-127-1-20,2023,2023-09-14,09:00,MANANA (06-11),LIMA,PUNTA NEGRA,PASAJERO,LESIONADO,,CENTRO DE SALUD PÚBLICO,NO INDICA,,ÓMNIBUS,CHOQUE,NACIONAL,CARRETERA,RURAL,RURAL,TRAMO RECTO,ASFALTADA
A-2023-09-127,P-2023-09-127-1-21,2023,2023-09-14,09:00,MANANA (06-11),LIMA,PUNTA NEGRA,PASAJERO,LESIONADO,,CENTRO DE SALUD PÚBLICO,NO INDICA,,ÓMNIBUS,CHOQUE,NACIONAL,CARRETERA,RURAL,RURAL,TRAMO RECTO,ASFALTADA
A-2023-09-127,P-2023-09-127-1-22,2023,2023-09-14,09:00,MANANA (06-11),LIMA,PUNTA NEGRA,PASAJERO,LESIONADO,,CENTRO DE SALUD PÚBLICO,NO INDICA,,ÓMNIBUS,CHOQUE,NACIONAL,CARRETERA,RURAL,RURAL,TRAMO RECTO,ASFALTADA
A-2023-09-127,P-2023-09-127-1-23,2023,2023-09-14,09:00,MANANA (06-11),LIMA,PUNTA NEGRA,PASAJERO,LESIONADO,,CENTRO DE SALUD PÚBLICO,NO INDICA,,ÓMNIBUS,CHOQUE,NACIONAL,CARRETERA,RURAL,RURAL,TRAMO RECTO,ASFALTADA
A-2023-09-127,P-2023-09-127-1-24,2023,2023-09-14,09:00,MANANA (06-11),LIMA,PUNTA NEGRA,PASAJERO,LESIONADO,,CENTRO DE SALUD PÚBLICO,NO INDICA,,ÓMNIBUS,CHOQUE,NACIONAL,CARRETERA,RURAL,RURAL,TRAMO RECTO,ASFALTADA
A-2023-09-127,P-2023-09-127-1-3,2023,2023-09-14,09:00,MANANA (06-11),LIMA,PUNTA NEGRA,PASAJERO,LESIONADO,,CENTRO DE SALUD PÚBLICO,MASCULINO,0,ÓMNIBUS,CHOQUE,NACIONAL,CARRETERA,RURAL,RURAL,TRAMO RECTO,ASFALTADA
A-2023-09-127,P-2023-09-127-1-4,2023,2023-09-14,09:00,MANANA (06-11),LIMA,PUNTA NEGRA,PASAJERO,LESIONADO,,CENTRO DE SALUD PÚBLICO,FEMENINO,0,ÓMNIBUS,CHOQUE,NACIONAL,CARRETERA,RURAL,RURAL,TRAMO RECTO,ASFALTADA
A-2023-09-127,P-2023-09-127-1-5,2023,2023-09-14,09:00,MANANA (06-11),LIMA,PUNTA NEGRA,PASAJERO,LESIONADO,,,FEMENINO,0,ÓMNIBUS,CHOQUE,NACIONAL,CARRETERA,RURAL,RURAL,TRAMO RECTO,ASFALTADA
A-2023-09-127,P-2023-09-127-1-6,2023,2023-09-14,09:00,MANANA (06-11),LIMA,PUNTA NEGRA,PASAJERO,LESIONADO,,CENTRO DE SALUD PÚBLICO,MASCULINO,0,ÓMNIBUS,CHOQUE,NACIONAL,CARRETERA,RURAL,RURAL,TRAMO RECTO,ASFALTADA
A-2023-09-127,P-2023-09-127-1-7,2023,2023-09-14,09:00,MANANA (06-11),LIMA,PUNTA NEGRA,PASAJERO,LESIONADO,,,MASCULINO,0,ÓMNIBUS,CHOQUE,NACIONAL,CARRETERA,RURAL,RURAL,TRAMO RECTO,ASFALTADA
A-2023-09-127,P-2023-09-127-1-8,2023,2023-09-14,09:00,MANANA (06-11),LIMA,PUNTA NEGRA,PASAJERO,LESIONADO,,CENTRO DE SALUD PÚBLICO,MASCULINO,0,ÓMNIBUS,CHOQUE,NACIONAL,CARRETERA,RURAL,RURAL,TRAMO RECTO,ASFALTADA
A-2023-09-127,P-2023-09-127-1-9,2023,2023-09-14,09:00,MANANA (06-11),LIMA,PUNTA NEGRA,PASAJERO,LESIONADO,,CENTRO DE SALUD PÚBLICO,MASCULINO,0,ÓMNIBUS,CHOQUE,NACIONAL,CARRETERA,RURAL,RURAL,TRAMO RECTO,ASFALTADA
A-2023-09-127,P-2023-09-127-2-1,2023,2023-09-14,09:00,MANANA (06-11),LIMA,PUNTA NEGRA,CONDUCTOR,ILESO,,,MASCULINO,48,REMOLCADOR-SEMIREMOLQUE,CHOQUE,NACIONAL,CARRETERA,RURAL,RURAL,TRAMO RECTO,ASFALTADA
A-2023-09-128,P-2023-09-128-1-1,2023,2023-09-14,18:00,NOCHE (18-23),LIMA,LURIGANCHO,CONDUCTOR,FALLECIDO,EN EL LUGAR DE LOS HECHOS,,MASCULINO,47,TRIMOTO PASAJERO,CHOQUE,URBANO,AVENIDA,URBANA,RESIDENCIAL,INTERSECCIÓN,ASFALTADA
A-2023-09-128,P-2023-09-128-2-1,2023,2023-09-14,18:00,NOCHE (18-23),LIMA,LURIGANCHO,CONDUCTOR,LESIONADO,,CENTRO DE SALUD PÚBLICO,MASCULINO,25,MOTOCICLETA,CHOQUE,URBANO,AVENIDA,URBANA,RESIDENCIAL,INTERSECCIÓN,ASFALTADA
A-2023-09-128,P-2023-09-128-2-2,2023,2023-09-14,18:00,NOCHE (18-23),LIMA,LURIGANCHO,PASAJERO,LESIONADO,,CENTRO DE SALUD PÚBLICO,MASCULINO,,MOTOCICLETA,CHOQUE,URBANO,AVENIDA,URBANA,RESIDENCIAL,INTERSECCIÓN,ASFALTADA
A-2023-09-129,P-2023-09-129-1-1,2023,2023-09-15,19:40,NOCHE (18-23),LIMA,SAN LUIS,CONDUCTOR FUGADO,NO SE CONOCE,,,NO INDICA,,AUTOMÓVIL,CHOQUE FUGA,URBANO,AVENIDA,URBANA,INDUSTRIAL,INTERSECCIÓN,ASFALTADA
A-2023-09-129,P-2023-09-129-2-1,2023,2023-09-15,19:40,NOCHE (18-23),LIMA,SAN LUIS,CONDUCTOR,ILESO,,,MASCULINO,67,AUTOMÓVIL,CHOQUE FUGA,URBANO,AVENIDA,URBANA,INDUSTRIAL,INTERSECCIÓN,ASFALTADA
A-2023-09-129,P-2023-09-129-2-2,2023,2023-09-15,19:40,NOCHE (18-23),LIMA,SAN LUIS,PASAJERO,FALLECIDO,EN EL LUGAR DE LOS HECHOS,,NO INDICA,,AUTOMÓVIL,CHOQUE FUGA,URBANO,AVENIDA,URBANA,INDUSTRIAL,INTERSECCIÓN,ASFALTADA
A-2023-09-129,P-2023-09-129-2-3,2023,2023-09-15,19:40,NOCHE (18-23),LIMA,SAN LUIS,PASAJERO,FALLECIDO,EN EL LUGAR DE LOS HECHOS,,MASCULINO,,AUTOMÓVIL,CHOQUE FUGA,URBANO,AVENIDA,URBANA,INDUSTRIAL,INTERSECCIÓN,ASFALTADA
A-2023-09-129,P-2023-09-129-2-4,2023,2023-09-15,19:40,NOCHE (18-23),LIMA,SAN LUIS,PEATÓN,FALLECIDO,EN EL LUGAR DE LOS HECHOS,,MASCULINO,,AUTOMÓVIL,CHOQUE FUGA,URBANO,AVENIDA,URBANA,INDUSTRIAL,INTERSECCIÓN,ASFALTADA
A-2023-09-130,P-2023-09-130-1-1,2023,2023-09-16,01:40,MADRUGADA (00-05),LIMA,SAN BORJA,CONDUCTOR,ILESO,,,MASCULINO,22,AUTOMÓVIL,CHOQUE,NACIONAL,CARRETERA,URBANA,RESIDENCIAL,TRAMO RECTO,ASFALTADA
A-2023-09-130,P-2023-09-130-2-1,2023,2023-09-16,01:40,MADRUGADA (00-05),LIMA,SAN BORJA,CONDUCTOR,FALLECIDO,EN EL LUGAR DE LOS HECHOS,,MASCULINO,27,TRIMOTO PASAJERO,CHOQUE,NACIONAL,CARRETERA,URBANA,RESIDENCIAL,TRAMO RECTO,ASFALTADA
A-2023-09-131,P-2023-09-131-1-1,2023,2023-09-16,17:30,TARDE (12-17),LIMA,ATE,CONDUCTOR,ILESO,,,MASCULINO,46,CAMIONETA RURAL,ATROPELLO,NACIONAL,CARRETERA,URBANA,INDUSTRIAL,TRAMO RECTO,ASFALTADA
A-2023-09-131,P-2023-09-131-1-2,2023,2023-09-16,17:30,TARDE (12-17),LIMA,ATE,PEATÓN,FALLECIDO,EN EL LUGAR DE LOS HECHOS,,FEMENINO,,CAMIONETA RURAL,ATROPELLO,NACIONAL,CARRETERA,URBANA,INDUSTRIAL,TRAMO RECTO,ASFALTADA
A-2023-09-132,P-2023-09-132-1-1,2023,2023-09-16,19:50,NOCHE (18-23),LIMA,SAN BORJA,CONDUCTOR,ILESO,,,MASCULINO,57,ÓMNIBUS,CHOQUE,NACIONAL,CARRETERA,URBANA,COMERCIAL,TRAMO RECTO,ASFALTADA
A-2023-09-132,P-2023-09-132-2-1,2023,2023-09-16,19:50,NOCHE (18-23),LIMA,SAN BORJA,CONDUCTOR,ILESO,,,MASCULINO,31,CAMIONETA PICK UP,CHOQUE,NACIONAL,CARRETERA,URBANA,COMERCIAL,TRAMO RECTO,ASFALTADA
A-2023-09-132,P-2023-09-132-2-2,2023,2023-09-16,19:50,NOCHE (18-23),LIMA,SAN BORJA,PEATÓN,FALLECIDO,EN EL LUGAR DE LOS HECHOS,,MASCULINO,,CAMIONETA PICK UP,CHOQUE,NACIONAL,CARRETERA,URBANA,COMERCIAL,TRAMO RECTO,ASFALTADA
A-2023-09-133,P-2023-09-133-1-1,2023,2023-09-19,06:00,MANANA (06-11),LIMA,LIMA,CONDUCTOR,FALLECIDO,EN EL LUGAR DE LOS HECHOS,,MASCULINO,25,MOTOCICLETA,CHOQUE,URBANO,JIRÓN,URBANA,COMERCIAL,INTERSECCIÓN,ASFALTADA
A-2023-09-133,P-2023-09-133-2-1,2023,2023-09-19,06:00,MANANA (06-11),LIMA,LIMA,CONDUCTOR,ILESO,,,MASCULINO,59,CAMIONETA RURAL,CHOQUE,URBANO,JIRÓN,URBANA,COMERCIAL,INTERSECCIÓN,ASFALTADA
A-2023-09-134,P-2023-09-134-1-1,2023,2023-09-19,08:00,MANANA (06-11),LIMA,SAN JUAN DE MIRAFLORES,CONDUCTOR,ILESO,,,MASCULINO,,ÓMNIBUS,CAÍDA DE PASAJERO,NACIONAL,CARRETERA,URBANA,COMERCIAL,TRAMO RECTO,ASFALTADA
A-2023-09-134,P-2023-09-134-1-2,2023,2023-09-19,08:00,MANANA (06-11),LIMA,SAN JUAN DE MIRAFLORES,PASAJERO,FALLECIDO,EN EL LUGAR DE LOS HECHOS,,FEMENINO,,ÓMNIBUS,CAÍDA DE PASAJERO,NACIONAL,CARRETERA,URBANA,COMERCIAL,TRAMO RECTO,ASFALTADA
A-2023-09-135,P-2023-09-135-1-1,2023,2023-09-21,11:20,MANANA (06-11),LIMA,SAN JUAN DE LURIGANCHO,CONDUCTOR,ILESO,,,MASCULINO,45,CAMIÓN,ATROPELLO,NACIONAL,CARRETERA,URBANA,RESIDENCIAL,TRAMO RECTO,ASFALTADA
A-2023-09-135,P-2023-09-135-1-2,2023,2023-09-21,11:20,MANANA (06-11),LIMA,SAN JUAN DE LURIGANCHO,PEATÓN,FALLECIDO,EN EL LUGAR DE LOS HECHOS,,FEMENINO,,CAMIÓN,ATROPELLO,NACIONAL,CARRETERA,URBANA,RESIDENCIAL,TRAMO RECTO,ASFALTADA
A-2023-09-137,P-2023-09-137-1-1,2023,2023-09-22,09:45,MANANA (06-11),LIMA,LIMA,CONDUCTOR,ILESO,,,MASCULINO,27,REMOLCADOR-SEMIREMOLQUE,CHOQUE,NACIONAL,CARRETERA,URBANA,COMERCIAL,TRAMO RECTO,ASFALTADA
A-2023-09-137,P-2023-09-137-2-1,2023,2023-09-22,09:45,MANANA (06-11),LIMA,LIMA,CONDUCTOR,FALLECIDO,EN EL LUGAR DE LOS HECHOS,,MASCULINO,37,MOTOCICLETA,CHOQUE,NACIONAL,CARRETERA,URBANA,COMERCIAL,TRAMO RECTO,ASFALTADA
A-2023-09-137,P-2023-09-137-2-2,2023,2023-09-22,09:45,MANANA (06-11),LIMA,LIMA,PASAJERO,LESIONADO,,CENTRO DE SALUD PÚBLICO,MASCULINO,,MOTOCICLETA,CHOQUE,NACIONAL,CARRETERA,URBANA,COMERCIAL,TRAMO RECTO,ASFALTADA
A-2023-09-136,P-2023-09-136-1-1,2023,2023-09-24,02:00,MADRUGADA (00-05),LIMA,SANTA ANITA,CONDUCTOR FUGADO,NO SE CONOCE,,,NO INDICA,,VEHICULO NO IDENTIFICADO,ATROPELLO FUGA,URBANO,AVENIDA,URBANA,RESIDENCIAL,TRAMO RECTO,ASFALTADA
A-2023-09-136,P-2023-09-136-1-2,2023,2023-09-24,02:00,MADRUGADA (00-05),LIMA,SANTA ANITA,PEATÓN,FALLECIDO,EN EL LUGAR DE LOS HECHOS,,MASCULINO,,VEHICULO NO IDENTIFICADO,ATROPELLO FUGA,URBANO,AVENIDA,URBANA,RESIDENCIAL,TRAMO RECTO,ASFALTADA
A-2023-09-138,P-2023-09-138-1-1,2023,2023-09-26,01:30,MADRUGADA (00-05),LIMA,RIMAC,CONDUCTOR,FALLECIDO,EN EL LUGAR DE LOS HECHOS,,MASCULINO,34,MOTOCICLETA,VOLCADURA,NACIONAL,CARRETERA,URBANA,COMERCIAL,TRAMO RECTO,ASFALTADA
A-2023-09-139,P-2023-09-139-1-1,2023,2023-09-26,19:25,NOCHE (18-23),LIMA,ANCON,CONDUCTOR FUGADO,NO SE CONOCE,,,NO INDICA,,MOTOCICLETA,ATROPELLO,NACIONAL,CARRETERA,URBANA,RURAL,TRAMO RECTO,ASFALTADA
A-2023-09-139,P-2023-09-139-1-2,2023,2023-09-26,19:25,NOCHE (18-23),LIMA,ANCON,PEATÓN,LESIONADO,,CENTRO DE SALUD PÚBLICO,FEMENINO,,MOTOCICLETA,ATROPELLO,NACIONAL,CARRETERA,URBANA,RURAL,TRAMO RECTO,ASFALTADA
A-2023-09-139,P-2023-09-139-1-3,2023,2023-09-26,19:25,NOCHE (18-23),LIMA,ANCON,PEATÓN,FALLECIDO,EN EL LUGAR DE LOS HECHOS,,NO INDICA,,MOTOCICLETA,ATROPELLO,NACIONAL,CARRETERA,URBANA,RURAL,TRAMO RECTO,ASFALTADA
A-2023-09-141,P-2023-09-141-1-1,2023,2023-09-27,06:30,MANANA (06-11),LIMA,COMAS,CONDUCTOR,ILESO,,,MASCULINO,21,MOTOCICLETA,CHOQUE,URBANO,CALLE,URBANA,COMERCIAL,INTERSECCIÓN,ASFALTADA
A-2023-09-141,P-2023-09-141-1-2,2023,2023-09-27,06:30,MANANA (06-11),LIMA,COMAS,PASAJERO,LESIONADO,,CENTRO DE SALUD PÚBLICO,FEMENINO,,MOTOCICLETA,CHOQUE,URBANO,CALLE,URBANA,COMERCIAL,INTERSECCIÓN,ASFALTADA
A-2023-09-141,P-2023-09-141-1-3,2023,2023-09-27,06:30,MANANA (06-11),LIMA,COMAS,PASAJERO,FALLECIDO,EN EL LUGAR DE LOS HECHOS,,NO INDICA,,MOTOCICLETA,CHOQUE,URBANO,CALLE,URBANA,COMERCIAL,INTERSECCIÓN,ASFALTADA
A-2023-09-141,P-2023-09-141-2-1,2023,2023-09-27,06:30,MANANA (06-11),LIMA,COMAS,CONDUCTOR,ILESO,,,MASCULINO,29,TRIMOTO PASAJERO,CHOQUE,URBANO,CALLE,URBANA,COMERCIAL,INTERSECCIÓN,ASFALTADA
A-2023-09-140,P-2023-09-140-1-1,2023,2023-09-27,18:30,NOCHE (18-23),LIMA,SANTA ANITA,CONDUCTOR,ILESO,,,MASCULINO,48,CAMIÓN,CHOQUE,URBANO,AVENIDA,URBANA,COMERCIAL,TRAMO RECTO,ASFALTADA
A-2023-09-140,P-2023-09-140-2-1,2023,2023-09-27,18:30,NOCHE (18-23),LIMA,SANTA ANITA,CONDUCTOR,FALLECIDO,EN EL LUGAR DE LOS HECHOS,,MASCULINO,,BICICLETA,CHOQUE,URBANO,AVENIDA,URBANA,COMERCIAL,TRAMO RECTO,ASFALTADA
A-2023-09-184,P-2023-09-184-1-1,2023,2023-09-28,12:00,TARDE (12-17),LIMA,CIENEGUILLA,CONDUCTOR,FALLECIDO,EN EL LUGAR DE LOS HECHOS,,MASCULINO,54,MOTOCICLETA,CHOQUE CON OBJETO FIJO,URBANO,AVENIDA,URBANA,RESIDENCIAL,TRAMO RECTO,TROCHA
A-2023-09-142,P-2023-09-142-1-1,2023,2023-09-28,19:30,NOCHE (18-23),LIMA,CHACLACAYO,CONDUCTOR FUGADO,NO SE CONOCE,,,NO INDICA,,VEHICULO NO IDENTIFICADO,ATROPELLO FUGA,NACIONAL,CARRETERA,URBANA,RESIDENCIAL,INTERSECCIÓN,ASFALTADA
A-2023-09-142,P-2023-09-142-1-2,2023,2023-09-28,19:30,NOCHE (18-23),LIMA,CHACLACAYO,PEATÓN,FALLECIDO,EN EL LUGAR DE LOS HECHOS,,MASCULINO,,VEHICULO NO IDENTIFICADO,ATROPELLO FUGA,NACIONAL,CARRETERA,URBANA,RESIDENCIAL,INTERSECCIÓN,ASFALTADA
A-2023-09-145,P-2023-09-145-1-1,2023,2023-09-28,21:00,NOCHE (18-23),LIMA,CIENEGUILLA,CONDUCTOR,FALLECIDO,EN EL LUGAR DE LOS HECHOS,,MASCULINO,54,CAMIONETA RURAL,CHOQUE CON OBJETO FIJO,URBANO,AVENIDA,RURAL,RURAL,INTERSECCIÓN,TROCHA
A-2023-09-144,P-2023-09-144-1-1,2023,2023-09-29,05:30,MADRUGADA (00-05),LIMA,ANCON,CONDUCTOR FUGADO,NO SE CONOCE,,,NO INDICA,,VEHICULO NO IDENTIFICADO,ATROPELLO FUGA,NACIONAL,CARRETERA,RURAL,RURAL,TRAMO RECTO,ASFALTADA
A-2023-09-144,P-2023-09-144-1-2,2023,2023-09-29,05:30,MADRUGADA (00-05),LIMA,ANCON,PEATÓN,FALLECIDO,EN EL LUGAR DE LOS HECHOS,,MASCULINO,,VEHICULO NO IDENTIFICADO,ATROPELLO FUGA,NACIONAL,CARRETERA,RURAL,RURAL,TRAMO RECTO,ASFALTADA
A-2023-09-183,P-2023-09-183-1-1,2023,2023-09-29,05:30,MADRUGADA (00-05),LIMA,ANCON,CONDUCTOR FUGADO,NO SE CONOCE,,,,,VEHICULO NO IDENTIFICADO,ATROPELLO FUGA,NACIONAL,CARRETERA,RURAL,RURAL,INTERSECCIÓN,ASFALTADA
A-2023-09-183,P-2023-09-183-1-2,2023,2023-09-29,05:30,MADRUGADA (00-05),LIMA,ANCON,PEATÓN,FALLECIDO,EN EL LUGAR DE LOS HECHOS,,MASCULINO,38,VEHICULO NO IDENTIFICADO,ATROPELLO FUGA,NACIONAL,CARRETERA,RURAL,RURAL,INTERSECCIÓN,ASFALTADA
A-2023-09-146,P-2023-09-146-1-1,2023,2023-09-29,22:40,NOCHE (18-23),LIMA,LURIGANCHO,CONDUCTOR,ILESO,,,MASCULINO,21,CAMIONETA RURAL,CHOQUE,URBANO,AVENIDA,URBANA,RURAL,INTERSECCIÓN,AFIRMADO
A-2023-09-146,P-2023-09-146-2-1,2023,2023-09-29,22:40,NOCHE (18-23),LIMA,LURIGANCHO,CONDUCTOR,ILESO,,,MASCULINO,37,TRIMOTO PASAJERO,CHOQUE,URBANO,AVENIDA,URBANA,RURAL,INTERSECCIÓN,AFIRMADO
A-2023-09-146,P-2023-09-146-2-2,2023,2023-09-29,22:40,NOCHE (18-23),LIMA,LURIGANCHO,PASAJERO,FALLECIDO,EN EL LUGAR DE LOS HECHOS,,MASCULINO,,TRIMOTO PASAJERO,CHOQUE,URBANO,AVENIDA,URBANA,RURAL,INTERSECCIÓN,AFIRMADO
A-2023-09-147,P-2023-09-147-1-1,2023,2023-09-30,19:45,NOCHE (18-23),LIMA,SAN MIGUEL,CONDUCTOR,FALLECIDO,EN EL LUGAR DE LOS HECHOS,,MASCULINO,39,MOTOCICLETA,CHOQUE,URBANO,AVENIDA,URBANA,COMERCIAL,TRAMO RECTO,ASFALTADA
A-2023-09-147,P-2023-09-147-1-2,2023,2023-09-30,19:45,NOCHE (18-23),LIMA,SAN MIGUEL,PASAJERO,LESIONADO,,CENTRO DE SALUD PÚBLICO,FEMENINO,,MOTOCICLETA,CHOQUE,URBANO,AVENIDA,URBANA,COMERCIAL,TRAMO RECTO,ASFALTADA
A-2023-09-147,P-2023-09-147-2-1,2023,2023-09-30,19:45,NOCHE (18-23),LIMA,SAN MIGUEL,CONDUCTOR,ILESO,,,MASCULINO,70,AUTOMÓVIL,CHOQUE,URBANO,AVENIDA,URBANA,COMERCIAL,TRAMO RECTO,ASFALTADA
A-2023-10-95,P-2023-10-95-1-1,2023,2023-10-02,12:35,TARDE (12-17),LIMA,LURIGANCHO,CONDUCTOR,ILESO,,,MASCULINO,37,CAMIÓN,ATROPELLO,URBANO,AVENIDA,URBANA,COMERCIAL,TRAMO RECTO,ASFALTADA
A-2023-10-95,P-2023-10-95-1-2,2023,2023-10-02,12:35,TARDE (12-17),LIMA,LURIGANCHO,PEATÓN,FALLECIDO,EN EL LUGAR DE LOS HECHOS,,MASCULINO,,CAMIÓN,ATROPELLO,URBANO,AVENIDA,URBANA,COMERCIAL,TRAMO RECTO,ASFALTADA
A-2023-10-96,P-2023-10-96-1-1,2023,2023-10-02,19:00,NOCHE (18-23),LIMA,INDEPENDENCIA,CONDUCTOR,FALLECIDO,EN EL LUGAR DE LOS HECHOS,,MASCULINO,18,MOTOCICLETA,DESPISTE,URBANO,AVENIDA,URBANA,COMERCIAL,TRAMO RECTO,ASFALTADA
A-2023-10-180,P-2023-10-180-1-1,2023,2023-10-04,10:48,MANANA (06-11),LIMA,ATE,CONDUCTOR FUGADO,NO SE CONOCE,,,,,VEHICULO NO IDENTIFICADO,ATROPELLO FUGA,URBANO,AVENIDA,URBANA,RESIDENCIAL,TRAMO RECTO,ASFALTADA
A-2023-10-180,P-2023-10-180-1-2,2023,2023-10-04,10:48,MANANA (06-11),LIMA,ATE,PEATÓN,FALLECIDO,EN EL LUGAR DE LOS HECHOS,,FEMENINO,71,VEHICULO NO IDENTIFICADO,ATROPELLO FUGA,URBANO,AVENIDA,URBANA,RESIDENCIAL,TRAMO RECTO,ASFALTADA
A-2023-10-97,P-2023-10-97-1-1,2023,2023-10-04,10:48,MANANA (06-11),LIMA,ATE,CONDUCTOR FUGADO,NO SE CONOCE,,,NO INDICA,,VEHICULO NO IDENTIFICADO,ATROPELLO FUGA,URBANO,AVENIDA,URBANA,RESIDENCIAL,TRAMO RECTO,ASFALTADA
A-2023-10-97,P-2023-10-97-1-2,2023,2023-10-04,10:48,MANANA (06-11),LIMA,ATE,PEATÓN,FALLECIDO,EN EL LUGAR DE LOS HECHOS,,FEMENINO,,VEHICULO NO IDENTIFICADO,ATROPELLO FUGA,URBANO,AVENIDA,URBANA,RESIDENCIAL,TRAMO RECTO,ASFALTADA
A-2023-10-179,P-2023-10-179-1-1,2023,2023-10-05,07:30,MANANA (06-11),LIMA,CARABAYLLO,CONDUCTOR,ILESO,,,MASCULINO,48,ÓMNIBUS,ATROPELLO,URBANO,AVENIDA,URBANA,COMERCIAL,TRAMO RECTO,ASFALTADA
A-2023-10-179,P-2023-10-179-1-2,2023,2023-10-05,07:30,MANANA (06-11),LIMA,CARABAYLLO,PEATÓN,FALLECIDO,EN EL LUGAR DE LOS HECHOS,,MASCULINO,12,ÓMNIBUS,ATROPELLO,URBANO,AVENIDA,URBANA,COMERCIAL,TRAMO RECTO,ASFALTADA
A-2023-10-98,P-2023-10-98-1-1,2023,2023-10-06,04:20,MADRUGADA (00-05),LIMA,COMAS,CONDUCTOR,ILESO,,,MASCULINO,24,AUTOMÓVIL,ATROPELLO,URBANO,AVENIDA,URBANA,RESIDENCIAL,TRAMO RECTO,ASFALTADA
A-2023-10-98,P-2023-10-98-1-2,2023,2023-10-06,04:20,MADRUGADA (00-05),LIMA,COMAS,PEATÓN,FALLECIDO,EN EL LUGAR DE LOS HECHOS,,MASCULINO,,AUTOMÓVIL,ATROPELLO,URBANO,AVENIDA,URBANA,RESIDENCIAL,TRAMO RECTO,ASFALTADA
A-2023-10-140,P-2023-10-140-1-1,2023,2023-10-07,18:00,NOCHE (18-23),CALLAO,BELLAVISTA,CONDUCTOR,ILESO,,,MASCULINO,56,MINIBUS,CHOQUE,URBANO,AVENIDA,URBANA,COMERCIAL,TRAMO RECTO,CONCRETO
A-2023-10-140,P-2023-10-140-2-1,2023,2023-10-07,18:00,NOCHE (18-23),CALLAO,BELLAVISTA,CONDUCTOR,FALLECIDO,EN EL CENTRO DE SALUD,,MASCULINO,66,MOTOCICLETA,CHOQUE,URBANO,AVENIDA,URBANA,COMERCIAL,TRAMO RECTO,CONCRETO
A-2023-10-9,P-2023-10-9-1-1,2023,2023-10-07,19:00,NOCHE (18-23),CALLAO,VENTANILLA,CONDUCTOR,ILESO,,,MASCULINO,35,TRIMOTO PASAJERO,ATROPELLO,URBANO,AVENIDA,URBANA,COMERCIAL,TRAMO RECTO,ASFALTADA
A-2023-10-9,P-2023-10-9-1-2,2023,2023-10-07,19:00,NOCHE (18-23),CALLAO,VENTANILLA,PEATÓN,FALLECIDO,EN EL CENTRO DE SALUD,,MASCULINO,86,TRIMOTO PASAJERO,ATROPELLO,URBANO,AVENIDA,URBANA,COMERCIAL,TRAMO RECTO,ASFALTADA
A-2023-10-100,P-2023-10-100-1-1,2023,2023-10-09,14:10,TARDE (12-17),LIMA,LA VICTORIA,CONDUCTOR,ILESO,,,MASCULINO,38,CAMIÓN,ATROPELLO,URBANO,AVENIDA,URBANA,COMERCIAL,INTERSECCIÓN,ASFALTADA
A-2023-10-100,P-2023-10-100-1-2,2023,2023-10-09,14:10,TARDE (12-17),LIMA,LA VICTORIA,PEATÓN,FALLECIDO,EN EL LUGAR DE LOS HECHOS,,MASCULINO,,CAMIÓN,ATROPELLO,URBANO,AVENIDA,URBANA,COMERCIAL,INTERSECCIÓN,ASFALTADA
A-2023-10-99,P-2023-10-99-1-1,2023,2023-10-09,18:35,NOCHE (18-23),LIMA,SANTA ROSA,CONDUCTOR,ILESO,,,MASCULINO,53,CAMIONETA RURAL,ATROPELLO,URBANO,AVENIDA,RURAL,RURAL,TRAMO RECTO,ASFALTADA
A-2023-10-99,P-2023-10-99-1-2,2023,2023-10-09,18:35,NOCHE (18-23),LIMA,SANTA ROSA,PEATÓN,FALLECIDO,EN EL LUGAR DE LOS HECHOS,,MASCULINO,,CAMIONETA RURAL,ATROPELLO,URBANO,AVENIDA,RURAL,RURAL,TRAMO RECTO,ASFALTADA
A-2023-10-101,P-2023-10-101-1-1,2023,2023-10-09,19:30,NOCHE (18-23),LIMA,SAN JUAN DE LURIGANCHO,CONDUCTOR,ILESO,,,MASCULINO,26,CAMIONETA RURAL,ATROPELLO,NACIONAL,CARRETERA,URBANA,INDUSTRIAL,TRAMO RECTO,ASFALTADA
A-2023-10-101,P-2023-10-101-1-2,2023,2023-10-09,19:30,NOCHE (18-23),LIMA,SAN JUAN DE LURIGANCHO,PEATÓN,FALLECIDO,EN EL LUGAR DE LOS HECHOS,,MASCULINO,,CAMIONETA RURAL,ATROPELLO,NACIONAL,CARRETERA,URBANA,INDUSTRIAL,TRAMO RECTO,ASFALTADA
A-2023-10-102,P-2023-10-102-1-1,2023,2023-10-10,15:45,TARDE (12-17),LIMA,MAGDALENA DEL MAR,CONDUCTOR,ILESO,,,MASCULINO,64,CAMIONETA RURAL,ATROPELLO,URBANO,AVENIDA,URBANA,COMERCIAL,TRAMO RECTO,ASFALTADA
A-2023-10-102,P-2023-10-102-1-2,2023,2023-10-10,15:45,TARDE (12-17),LIMA,MAGDALENA DEL MAR,PEATÓN,FALLECIDO,EN EL LUGAR DE LOS HECHOS,,FEMENINO,,CAMIONETA RURAL,ATROPELLO,URBANO,AVENIDA,URBANA,COMERCIAL,TRAMO RECTO,ASFALTADA
A-2023-10-103,P-2023-10-103-1-1,2023,2023-10-11,23:00,NOCHE (18-23),LIMA,SANTA ANITA,CONDUCTOR,ILESO,,,MASCULINO,40,CAMIÓN,ATROPELLO,URBANO,AVENIDA,URBANA,COMERCIAL,INTERSECCIÓN,ASFALTADA
A-2023-10-103,P-2023-10-103-1-2,2023,2023-10-11,23:00,NOCHE (18-23),LIMA,SANTA ANITA,PEATÓN,FALLECIDO,EN EL LUGAR DE LOS HECHOS,,MASCULINO,,CAMIÓN,ATROPELLO,URBANO,AVENIDA,URBANA,COMERCIAL,INTERSECCIÓN,ASFALTADA
A-2023-10-104,P-2023-10-104-1-1,2023,2023-10-12,06:45,MANANA (06-11),LIMA,LURIGANCHO,CONDUCTOR,ILESO,,,MASCULINO,20,CAMIÓN,CHOQUE,URBANO,AUTOPISTA,RURAL,RURAL,TRAMO RECTO,ASFALTADA
A-2023-10-104,P-2023-10-104-1-2,2023,2023-10-12,06:45,MANANA (06-11),LIMA,LURIGANCHO,PASAJERO,FALLECIDO,EN EL LUGAR DE LOS HECHOS,,MASCULINO,,CAMIÓN,CHOQUE,URBANO,AUTOPISTA,RURAL,RURAL,TRAMO RECTO,ASFALTADA
A-2023-10-104,P-2023-10-104-2-1,2023,2023-10-12,06:45,MANANA (06-11),LIMA,LURIGANCHO,SIN CONDUCTOR,NO SE CONOCE,,,NO INDICA,,CAMIÓN,CHOQUE,URBANO,AUTOPISTA,RURAL,RURAL,TRAMO RECTO,ASFALTADA
A-2023-10-105,P-2023-10-105-1-1,2023,2023-10-12,14:00,TARDE (12-17),LIMA,SAN MARTIN DE PORRES,CONDUCTOR,ILESO,,,MASCULINO,21,AUTOMÓVIL,ATROPELLO,URBANO,AVENIDA,URBANA,COMERCIAL,TRAMO RECTO,ASFALTADA
A-2023-10-105,P-2023-10-105-1-2,2023,2023-10-12,14:00,TARDE (12-17),LIMA,SAN MARTIN DE PORRES,PEATÓN,FALLECIDO,EN EL LUGAR DE LOS HECHOS,,FEMENINO,,AUTOMÓVIL,ATROPELLO,URBANO,AVENIDA,URBANA,COMERCIAL,TRAMO RECTO,ASFALTADA
A-2023-10-106,P-2023-10-106-1-1,2023,2023-10-12,20:15,NOCHE (18-23),LIMA,LURIN,CONDUCTOR FUGADO,NO SE CONOCE,,,NO INDICA,,VEHICULO NO IDENTIFICADO,ATROPELLO FUGA,PROVINCIAL,CARRETERA,URBANA,COMERCIAL,TRAMO RECTO,ASFALTADA
A-2023-10-106,P-2023-10-106-1-2,2023,2023-10-12,20:15,NOCHE (18-23),LIMA,LURIN,PEATÓN,FALLECIDO,EN EL LUGAR DE LOS HECHOS,,FEMENINO,,VEHICULO NO IDENTIFICADO,ATROPELLO FUGA,PROVINCIAL,CARRETERA,URBANA,COMERCIAL,TRAMO RECTO,ASFALTADA
A-2023-10-107,P-2023-10-107-1-1,2023,2023-10-13,03:55,MADRUGADA (00-05),LIMA,VILLA MARIA DEL TRIUNFO,CONDUCTOR,ILESO,,,MASCULINO,19,MOTOCICLETA,ATROPELLO,URBANO,AVENIDA,URBANA,COMERCIAL,TRAMO RECTO,ASFALTADA
A-2023-10-107,P-2023-10-107-1-2,2023,2023-10-13,03:55,MADRUGADA (00-05),LIMA,VILLA MARIA DEL TRIUNFO,PEATÓN,FALLECIDO,EN EL LUGAR DE LOS HECHOS,,MASCULINO,,MOTOCICLETA,ATROPELLO,URBANO,AVENIDA,URBANA,COMERCIAL,TRAMO RECTO,ASFALTADA
A-2023-10-107,P-2023-10-107-1-3,2023,2023-10-13,03:55,MADRUGADA (00-05),LIMA,VILLA MARIA DEL TRIUNFO,PASAJERO,LESIONADO,,CENTRO DE SALUD PÚBLICO,FEMENINO,,MOTOCICLETA,ATROPELLO,URBANO,AVENIDA,URBANA,COMERCIAL,TRAMO RECTO,ASFALTADA
A-2023-10-11,P-2023-10-11-1-1,2023,2023-10-14,04:20,MADRUGADA (00-05),CALLAO,CALLAO,CONDUCTOR,ILESO,,,MASCULINO,53,REMOLCADOR,ATROPELLO,NACIONAL,CARRETERA,URBANA,COMERCIAL,TRAMO RECTO,ASFALTADA
A-2023-10-11,P-2023-10-11-1-2,2023,2023-10-14,04:20,MADRUGADA (00-05),CALLAO,CALLAO,PEATÓN,FALLECIDO,EN EL LUGAR DE LOS HECHOS,,MASCULINO,71,REMOLCADOR,ATROPELLO,NACIONAL,CARRETERA,URBANA,COMERCIAL,TRAMO RECTO,ASFALTADA
A-2023-10-11,P-2023-10-11-2-1,2023,2023-10-14,04:20,MADRUGADA (00-05),CALLAO,CALLAO,CONDUCTOR,ILESO,,,MASCULINO,73,CAMIONETA RURAL,ATROPELLO,NACIONAL,CARRETERA,URBANA,COMERCIAL,TRAMO RECTO,ASFALTADA
A-2023-10-108,P-2023-10-108-1-1,2023,2023-10-15,07:50,MANANA (06-11),LIMA,VILLA MARIA DEL TRIUNFO,CONDUCTOR,ILESO,,,NO INDICA,,AUTOMÓVIL,ATROPELLO,URBANO,AVENIDA,URBANA,INDUSTRIAL,TRAMO RECTO,ASFALTADA
A-2023-10-108,P-2023-10-108-1-2,2023,2023-10-15,07:50,MANANA (06-11),LIMA,VILLA MARIA DEL TRIUNFO,PEATÓN,FALLECIDO,EN EL LUGAR DE LOS HECHOS,,FEMENINO,,AUTOMÓVIL,ATROPELLO,URBANO,AVENIDA,URBANA,INDUSTRIAL,TRAMO RECTO,ASFALTADA
A-2023-10-108,P-2023-10-108-1-3,2023,2023-10-15,07:50,MANANA (06-11),LIMA,VILLA MARIA DEL TRIUNFO,PEATÓN,LESIONADO,,CENTRO DE SALUD PÚBLICO,FEMENINO,,AUTOMÓVIL,ATROPELLO,URBANO,AVENIDA,URBANA,INDUSTRIAL,TRAMO RECTO,ASFALTADA
A-2023-10-109,P-2023-10-109-1-1,2023,2023-10-15,11:00,MANANA (06-11),LIMA,LINCE,CONDUCTOR,ILESO,,,MASCULINO,87,AUTOMÓVIL,ATROPELLO,URBANO,AVENIDA,URBANA,RESIDENCIAL,INTERSECCIÓN,ASFALTADA
A-2023-10-109,P-2023-10-109-1-2,2023,2023-10-15,11:00,MANANA (06-11),LIMA,LINCE,PEATÓN,FALLECIDO,EN EL LUGAR DE LOS HECHOS,,FEMENINO,,AUTOMÓVIL,ATROPELLO,URBANO,AVENIDA,URBANA,RESIDENCIAL,INTERSECCIÓN,ASFALTADA
A-2023-10-112,P-2023-10-112-1-1,2023,2023-10-15,20:05,NOCHE (18-23),LIMA,SANTIAGO DE SURCO,CONDUCTOR,ILESO,,,MASCULINO,50,AUTOMÓVIL,CHOQUE,URBANO,AVENIDA,URBANA,RESIDENCIAL,TRAMO RECTO,ASFALTADA
A-2023-10-112,P-2023-10-112-2-1,2023,2023-10-15,20:05,NOCHE (18-23),LIMA,SANTIAGO DE SURCO,CONDUCTOR,FALLECIDO,EN EL LUGAR DE LOS HECHOS,,MASCULINO,25,MOTOCICLETA,CHOQUE,URBANO,AVENIDA,URBANA,RESIDENCIAL,TRAMO RECTO,ASFALTADA
A-2023-10-111,P-2023-10-111-1-1,2023,2023-10-15,21:45,NOCHE (18-23),LIMA,CHACLACAYO,CONDUCTOR,FALLECIDO,EN EL LUGAR DE LOS HECHOS,,MASCULINO,42,AUTOMÓVIL,DESPISTE,URBANO,AVENIDA,URBANA,RESIDENCIAL,TRAMO RECTO,ASFALTADA
A-2023-10-113,P-2023-10-113-1-1,2023,2023-10-16,10:20,MANANA (06-11),LIMA,ANCON,CONDUCTOR,ILESO,,,MASCULINO,42,AUTOMÓVIL,ATROPELLO,NACIONAL,CARRETERA,RURAL,RURAL,TRAMO RECTO,ASFALTADA
A-2023-10-113,P-2023-10-113-1-2,2023,2023-10-16,10:20,MANANA (06-11),LIMA,ANCON,PEATÓN,FALLECIDO,EN EL LUGAR DE LOS HECHOS,,MASCULINO,,AUTOMÓVIL,ATROPELLO,NACIONAL,CARRETERA,RURAL,RURAL,TRAMO RECTO,ASFALTADA
A-2023-10-114,P-2023-10-114-1-1,2023,2023-10-16,12:00,TARDE (12-17),LIMA,VILLA EL SALVADOR,CONDUCTOR,ILESO,,,MASCULINO,30,CAMIONETA PICK UP,ATROPELLO,URBANO,CALLE,URBANA,RESIDENCIAL,TRAMO RECTO,AFIRMADO
A-2023-10-114,P-2023-10-114-1-2,2023,2023-10-16,12:00,TARDE (12-17),LIMA,VILLA EL SALVADOR,PEATÓN,FALLECIDO,EN EL LUGAR DE LOS HECHOS,,FEMENINO,,CAMIONETA PICK UP,ATROPELLO,URBANO,CALLE,URBANA,RESIDENCIAL,TRAMO RECTO,AFIRMADO
A-2023-10-115,P-2023-10-115-1-1,2023,2023-10-18,07:40,MANANA (06-11),LIMA,SAN JUAN DE LURIGANCHO,CONDUCTOR,ILESO,,,MASCULINO,40,CAMIONETA RURAL,DESPISTE,URBANO,AVENIDA,URBANA,COMERCIAL,INTERSECCIÓN,ASFALTADA
A-2023-10-115,P-2023-10-115-1-10,2023,2023-10-18,07:40,MANANA (06-11),LIMA,SAN JUAN DE LURIGANCHO,PASAJERO,LESIONADO,,CENTRO DE SALUD PÚBLICO,MASCULINO,,CAMIONETA RURAL,DESPISTE,URBANO,AVENIDA,URBANA,COMERCIAL,INTERSECCIÓN,ASFALTADA
A-2023-10-115,P-2023-10-115-1-2,2023,2023-10-18,07:40,MANANA (06-11),LIMA,SAN JUAN DE LURIGANCHO,PEATÓN,FALLECIDO,EN EL LUGAR DE LOS HECHOS,,MASCULINO,,CAMIONETA RURAL,DESPISTE,URBANO,AVENIDA,URBANA,COMERCIAL,INTERSECCIÓN,ASFALTADA
A-2023-10-115,P-2023-10-115-1-3,2023,2023-10-18,07:40,MANANA (06-11),LIMA,SAN JUAN DE LURIGANCHO,PASAJERO,LESIONADO,,CENTRO DE SALUD PÚBLICO,FEMENINO,,CAMIONETA RURAL,DESPISTE,URBANO,AVENIDA,URBANA,COMERCIAL,INTERSECCIÓN,ASFALTADA
A-2023-10-115,P-2023-10-115-1-4,2023,2023-10-18,07:40,MANANA (06-11),LIMA,SAN JUAN DE LURIGANCHO,PASAJERO,LESIONADO,,CENTRO DE SALUD PÚBLICO,FEMENINO,,CAMIONETA RURAL,DESPISTE,URBANO,AVENIDA,URBANA,COMERCIAL,INTERSECCIÓN,ASFALTADA
A-2023-10-115,P-2023-10-115-1-5,2023,2023-10-18,07:40,MANANA (06-11),LIMA,SAN JUAN DE LURIGANCHO,PASAJERO,LESIONADO,,CENTRO DE SALUD PÚBLICO,MASCULINO,,CAMIONETA RURAL,DESPISTE,URBANO,AVENIDA,URBANA,COMERCIAL,INTERSECCIÓN,ASFALTADA
A-2023-10-115,P-2023-10-115-1-6,2023,2023-10-18,07:40,MANANA (06-11),LIMA,SAN JUAN DE LURIGANCHO,PASAJERO,LESIONADO,,CENTRO DE SALUD PÚBLICO,MASCULINO,,CAMIONETA RURAL,DESPISTE,URBANO,AVENIDA,URBANA,COMERCIAL,INTERSECCIÓN,ASFALTADA
A-2023-10-115,P-2023-10-115-1-7,2023,2023-10-18,07:40,MANANA (06-11),LIMA,SAN JUAN DE LURIGANCHO,PASAJERO,LESIONADO,,CENTRO DE SALUD PÚBLICO,FEMENINO,,CAMIONETA RURAL,DESPISTE,URBANO,AVENIDA,URBANA,COMERCIAL,INTERSECCIÓN,ASFALTADA
A-2023-10-115,P-2023-10-115-1-8,2023,2023-10-18,07:40,MANANA (06-11),LIMA,SAN JUAN DE LURIGANCHO,PASAJERO,LESIONADO,,CENTRO DE SALUD PÚBLICO,MASCULINO,,CAMIONETA RURAL,DESPISTE,URBANO,AVENIDA,URBANA,COMERCIAL,INTERSECCIÓN,ASFALTADA
A-2023-10-115,P-2023-10-115-1-9,2023,2023-10-18,07:40,MANANA (06-11),LIMA,SAN JUAN DE LURIGANCHO,PASAJERO,LESIONADO,,CENTRO DE SALUD PÚBLICO,FEMENINO,,CAMIONETA RURAL,DESPISTE,URBANO,AVENIDA,URBANA,COMERCIAL,INTERSECCIÓN,ASFALTADA
A-2023-10-116,P-2023-10-116-1-1,2023,2023-10-18,19:40,NOCHE (18-23),LIMA,LA MOLINA,CONDUCTOR FUGADO,NO SE CONOCE,,,NO INDICA,,VEHICULO NO IDENTIFICADO,ATROPELLO FUGA,NACIONAL,CARRETERA,URBANA,RESIDENCIAL,TRAMO RECTO,ASFALTADA
A-2023-10-116,P-2023-10-116-1-2,2023,2023-10-18,19:40,NOCHE (18-23),LIMA,LA MOLINA,PEATÓN,FALLECIDO,EN EL LUGAR DE LOS HECHOS,,MASCULINO,,VEHICULO NO IDENTIFICADO,ATROPELLO FUGA,NACIONAL,CARRETERA,URBANA,RESIDENCIAL,TRAMO RECTO,ASFALTADA
A-2023-10-139,P-2023-10-139-1-1,2023,2023-10-18,20:15,NOCHE (18-23),CALLAO,CALLAO,CONDUCTOR,FALLECIDO,EN EL LUGAR DE LOS HECHOS,,MASCULINO,39,MOTOCICLETA,CHOQUE,URBANO,AVENIDA,URBANA,INDUSTRIAL,TRAMO RECTO,TROCHA
A-2023-10-139,P-2023-10-139-2-1,2023,2023-10-18,20:15,NOCHE (18-23),CALLAO,CALLAO,SIN CONDUCTOR,NO SE CONOCE,,,NO INDICA,,REMOLCADOR-SEMIREMOLQUE,CHOQUE,URBANO,AVENIDA,URBANA,INDUSTRIAL,TRAMO RECTO,TROCHA
A-2023-10-117,P-2023-10-117-1-1,2023,2023-10-19,06:00,MANANA (06-11),LIMA,INDEPENDENCIA,CONDUCTOR,FALLECIDO,EN EL LUGAR DE LOS HECHOS,,MASCULINO,26,MOTOCICLETA,DESPISTE,NACIONAL,CARRETERA,URBANA,COMERCIAL,TRAMO RECTO,ASFALTADA
A-2023-10-118,P-2023-10-118-1-1,2023,2023-10-21,17:35,TARDE (12-17),LIMA,COMAS,CONDUCTOR,FALLECIDO,EN EL LUGAR DE LOS HECHOS,,FEMENINO,30,SCOOTER,VOLCADURA,URBANO,AVENIDA,URBANA,COMERCIAL,INTERSECCIÓN,ASFALTADA
A-2023-10-119,P-2023-10-119-1-1,2023,2023-10-22,02:10,MADRUGADA (00-05),LIMA,SAN MARTIN DE PORRES,CONDUCTOR,FALLECIDO,EN EL LUGAR DE LOS HECHOS,,NO INDICA,,MOTOCICLETA,DESPISTE,URBANO,AVENIDA,URBANA,RESIDENCIAL,INTERSECCIÓN,ASFALTADA
A-2023-10-120,P-2023-10-120-1-1,2023,2023-10-22,05:50,MADRUGADA (00-05),LIMA,PUNTA NEGRA,CONDUCTOR,FALLECIDO,EN EL LUGAR DE LOS HECHOS,,MASCULINO,25,MOTOCICLETA,DESPISTE,NACIONAL,CARRETERA,RURAL,RURAL,TRAMO RECTO,ASFALTADA
A-2023-10-121,P-2023-10-121-1-1,2023,2023-10-22,12:40,TARDE (12-17),LIMA,CHORRILLOS,CONDUCTOR,ILESO,,,MASCULINO,44,AUTOMÓVIL,CHOQUE,NACIONAL,CARRETERA,URBANA,INDUSTRIAL,TRAMO RECTO,ASFALTADA
A-2023-10-121,P-2023-10-121-2-1,2023,2023-10-22,12:40,TARDE (12-17),LIMA,CHORRILLOS,CONDUCTOR,ILESO,,,MASCULINO,36,AUTOMÓVIL,CHOQUE,NACIONAL,CARRETERA,URBANA,INDUSTRIAL,TRAMO RECTO,ASFALTADA
A-2023-10-121,P-2023-10-121-3-1,2023,2023-10-22,12:40,TARDE (12-17),LIMA,CHORRILLOS,CONDUCTOR,FALLECIDO,EN EL LUGAR DE LOS HECHOS,,NO INDICA,,BICICLETA,CHOQUE,NACIONAL,CARRETERA,URBANA,INDUSTRIAL,TRAMO RECTO,ASFALTADA
A-2023-10-121,P-2023-10-121-4-1,2023,2023-10-22,12:40,TARDE (12-17),LIMA,CHORRILLOS,CONDUCTOR,FALLECIDO,EN EL LUGAR DE LOS HECHOS,,NO INDICA,,BICICLETA,CHOQUE,NACIONAL,CARRETERA,URBANA,INDUSTRIAL,TRAMO RECTO,ASFALTADA
A-2023-10-124,P-2023-10-124-1-1,2023,2023-10-23,07:00,MANANA (06-11),LIMA,LURIN,CONDUCTOR,FALLECIDO,EN EL LUGAR DE LOS HECHOS,,MASCULINO,57,AUTOMÓVIL,CHOQUE,NACIONAL,CARRETERA,RURAL,RURAL,TRAMO RECTO,ASFALTADA
A-2023-10-124,P-2023-10-124-2-1,2023,2023-10-23,07:00,MANANA (06-11),LIMA,LURIN,CONDUCTOR,ILESO,,,MASCULINO,41,ÓMNIBUS,CHOQUE,NACIONAL,CARRETERA,RURAL,RURAL,TRAMO RECTO,ASFALTADA
A-2023-10-125,P-2023-10-125-1-1,2023,2023-10-24,07:00,MANANA (06-11),LIMA,LURIN,CONDUCTOR,ILESO,,,MASCULINO,31,REMOLCADOR-SEMIREMOLQUE,CHOQUE,NACIONAL,CARRETERA,RURAL,RURAL,TRAMO RECTO,ASFALTADA
A-2023-10-125,P-2023-10-125-2-1,2023,2023-10-24,07:00,MANANA (06-11),LIMA,LURIN,CONDUCTOR FUGADO,NO SE CONOCE,,,NO INDICA,,CAMIONETA RURAL,CHOQUE,NACIONAL,CARRETERA,RURAL,RURAL,TRAMO RECTO,ASFALTADA
A-2023-10-125,P-2023-10-125-2-2,2023,2023-10-24,07:00,MANANA (06-11),LIMA,LURIN,PASAJERO,FALLECIDO,EN EL LUGAR DE LOS HECHOS,,MASCULINO,,CAMIONETA RURAL,CHOQUE,NACIONAL,CARRETERA,RURAL,RURAL,TRAMO RECTO,ASFALTADA
A-2023-10-125,P-2023-10-125-2-3,2023,2023-10-24,07:00,MANANA (06-11),LIMA,LURIN,PASAJERO,FALLECIDO,EN EL LUGAR DE LOS HECHOS,,FEMENINO,,CAMIONETA RURAL,CHOQUE,NACIONAL,CARRETERA,RURAL,RURAL,TRAMO RECTO,ASFALTADA
A-2023-10-128,P-2023-10-128-1-1,2023,2023-10-25,00:23,MADRUGADA (00-05),LIMA,SURQUILLO,CONDUCTOR,ILESO,,,MASCULINO,34,MOTOCICLETA,ATROPELLO,URBANO,AVENIDA,URBANA,RESIDENCIAL,TRAMO RECTO,ASFALTADA
A-2023-10-128,P-2023-10-128-1-2,2023,2023-10-25,00:23,MADRUGADA (00-05),LIMA,SURQUILLO,PEATÓN,FALLECIDO,EN EL LUGAR DE LOS HECHOS,,MASCULINO,,MOTOCICLETA,ATROPELLO,URBANO,AVENIDA,URBANA,RESIDENCIAL,TRAMO RECTO,ASFALTADA
A-2023-10-122,P-2023-10-122-1-1,2023,2023-10-25,02:40,MADRUGADA (00-05),LIMA,LOS OLIVOS,CONDUCTOR FUGADO,NO SE CONOCE,,,NO INDICA,,VEHICULO NO IDENTIFICADO,ATROPELLO FUGA,NACIONAL,CARRETERA,URBANA,COMERCIAL,TRAMO RECTO,ASFALTADA
A-2023-10-122,P-2023-10-122-1-2,2023,2023-10-25,02:40,MADRUGADA (00-05),LIMA,LOS OLIVOS,PEATÓN,FALLECIDO,EN EL LUGAR DE LOS HECHOS,,MASCULINO,,VEHICULO NO IDENTIFICADO,ATROPELLO FUGA,NACIONAL,CARRETERA,URBANA,COMERCIAL,TRAMO RECTO,ASFALTADA
A-2023-10-127,P-2023-10-127-1-1,2023,2023-10-26,05:45,MADRUGADA (00-05),LIMA,SAN LUIS,CONDUCTOR,ILESO,,,MASCULINO,29,MOTOCICLETA,ATROPELLO,URBANO,AVENIDA,URBANA,COMERCIAL,TRAMO RECTO,ASFALTADA
A-2023-10-127,P-2023-10-127-1-2,2023,2023-10-26,05:45,MADRUGADA (00-05),LIMA,SAN LUIS,PEATÓN,FALLECIDO,EN EL LUGAR DE LOS HECHOS,,MASCULINO,,MOTOCICLETA,ATROPELLO,URBANO,AVENIDA,URBANA,COMERCIAL,TRAMO RECTO,ASFALTADA
A-2023-10-123,P-2023-10-123-1-1,2023,2023-10-27,01:30,MADRUGADA (00-05),LIMA,LOS OLIVOS,CONDUCTOR FUGADO,NO SE CONOCE,,,NO INDICA,,VEHICULO NO IDENTIFICADO,ATROPELLO FUGA,NACIONAL,CARRETERA,URBANA,COMERCIAL,TRAMO RECTO,ASFALTADA
A-2023-10-123,P-2023-10-123-1-2,2023,2023-10-27,01:30,MADRUGADA (00-05),LIMA,LOS OLIVOS,PEATÓN,FALLECIDO,EN EL LUGAR DE LOS HECHOS,,MASCULINO,,VEHICULO NO IDENTIFICADO,ATROPELLO FUGA,NACIONAL,CARRETERA,URBANA,COMERCIAL,TRAMO RECTO,ASFALTADA
A-2023-10-126,P-2023-10-126-1-1,2023,2023-10-27,06:30,MANANA (06-11),LIMA,SAN MARTIN DE PORRES,CONDUCTOR,ILESO,,,NO INDICA,,CAMIÓN,ATROPELLO,URBANO,AVENIDA,URBANA,COMERCIAL,TRAMO RECTO,ASFALTADA
A-2023-10-126,P-2023-10-126-1-2,2023,2023-10-27,06:30,MANANA (06-11),LIMA,SAN MARTIN DE PORRES,PEATÓN,FALLECIDO,EN EL LUGAR DE LOS HECHOS,,MASCULINO,,CAMIÓN,ATROPELLO,URBANO,AVENIDA,URBANA,COMERCIAL,TRAMO RECTO,ASFALTADA
A-2023-10-129,P-2023-10-129-1-1,2023,2023-10-28,02:00,MADRUGADA (00-05),LIMA,LURIGANCHO,CONDUCTOR,ILESO,,,MASCULINO,31,AUTOMÓVIL,ATROPELLO,NACIONAL,CARRETERA,URBANA,INDUSTRIAL,TRAMO RECTO,ASFALTADA
A-2023-10-129,P-2023-10-129-1-2,2023,2023-10-28,02:00,MADRUGADA (00-05),LIMA,LURIGANCHO,PEATÓN,FALLECIDO,EN EL LUGAR DE LOS HECHOS,,FEMENINO,,AUTOMÓVIL,ATROPELLO,NACIONAL,CARRETERA,URBANA,INDUSTRIAL,TRAMO RECTO,ASFALTADA
A-2023-10-129,P-2023-10-129-1-3,2023,2023-10-28,02:00,MADRUGADA (00-05),LIMA,LURIGANCHO,PEATÓN,LESIONADO,,CENTRO DE SALUD PÚBLICO,MASCULINO,,AUTOMÓVIL,ATROPELLO,NACIONAL,CARRETERA,URBANA,INDUSTRIAL,TRAMO RECTO,ASFALTADA
A-2023-10-129,P-2023-10-129-1-4,2023,2023-10-28,02:00,MADRUGADA (00-05),LIMA,LURIGANCHO,PEATÓN,LESIONADO,,CENTRO DE SALUD PÚBLICO,FEMENINO,,AUTOMÓVIL,ATROPELLO,NACIONAL,CARRETERA,URBANA,INDUSTRIAL,TRAMO RECTO,ASFALTADA
A-2023-10-130,P-2023-10-130-1-1,2023,2023-10-28,04:30,MADRUGADA (00-05),LIMA,EL AGUSTINO,CONDUCTOR FUGADO,NO SE CONOCE,,,NO INDICA,,VEHICULO NO IDENTIFICADO,ATROPELLO FUGA,URBANO,AVENIDA,URBANA,RESIDENCIAL,TRAMO RECTO,ASFALTADA
A-2023-10-130,P-2023-10-130-1-2,2023,2023-10-28,04:30,MADRUGADA (00-05),LIMA,EL AGUSTINO,PEATÓN,FALLECIDO,EN EL LUGAR DE LOS HECHOS,,MASCULINO,,VEHICULO NO IDENTIFICADO,ATROPELLO FUGA,URBANO,AVENIDA,URBANA,RESIDENCIAL,TRAMO RECTO,ASFALTADA
A-2023-10-131,P-2023-10-131-1-1,2023,2023-10-29,00:40,MADRUGADA (00-05),LIMA,ATE,CONDUCTOR FUGADO,NO SE CONOCE,,,NO INDICA,,MOTOCICLETA,ATROPELLO,NACIONAL,CARRETERA,URBANA,COMERCIAL,TRAMO RECTO,ASFALTADA
A-2023-10-131,P-2023-10-131-1-2,2023,2023-10-29,00:40,MADRUGADA (00-05),LIMA,ATE,PEATÓN,FALLECIDO,EN EL LUGAR DE LOS HECHOS,,MASCULINO,,MOTOCICLETA,ATROPELLO,NACIONAL,CARRETERA,URBANA,COMERCIAL,TRAMO RECTO,ASFALTADA
A-2023-10-132,P-2023-10-132-1-1,2023,2023-10-29,06:10,MANANA (06-11),LIMA,RIMAC,CONDUCTOR,FALLECIDO,EN EL LUGAR DE LOS HECHOS,,MASCULINO,21,TRIMOTO PASAJERO,CHOQUE,NACIONAL,CARRETERA,URBANA,COMERCIAL,TRAMO RECTO,ASFALTADA
A-2023-10-132,P-2023-10-132-2-1,2023,2023-10-29,06:10,MANANA (06-11),LIMA,RIMAC,CONDUCTOR,ILESO,,,MASCULINO,50,REMOLCADOR-SEMIREMOLQUE,CHOQUE,NACIONAL,CARRETERA,URBANA,COMERCIAL,TRAMO RECTO,ASFALTADA
A-2023-10-93,P-2023-10-93-1-1,2023,2023-10-29,12:10,TARDE (12-17),LIMA,CARABAYLLO,CONDUCTOR,ILESO,,,MASCULINO,41,STATION WAGON,ATROPELLO,URBANO,AVENIDA,URBANA,COMERCIAL,TRAMO RECTO,ASFALTADA
A-2023-10-93,P-2023-10-93-1-2,2023,2023-10-29,12:10,TARDE (12-17),LIMA,CARABAYLLO,PEATÓN,FALLECIDO,EN EL LUGAR DE LOS HECHOS,,FEMENINO,66,STATION WAGON,ATROPELLO,URBANO,AVENIDA,URBANA,COMERCIAL,TRAMO RECTO,ASFALTADA
A-2023-11-105,P-2023-11-105-1-1,2023,2023-11-01,05:20,MADRUGADA (00-05),LIMA,LOS OLIVOS,CONDUCTOR,ILESO,,,MASCULINO,26,CAMIÓN,ATROPELLO,URBANO,AVENIDA,URBANA,RESIDENCIAL,TRAMO RECTO,ASFALTADA
A-2023-11-105,P-2023-11-105-1-2,2023,2023-11-01,05:20,MADRUGADA (00-05),LIMA,LOS OLIVOS,PEATÓN,FALLECIDO,,,MASCULINO,40,CAMIÓN,ATROPELLO,URBANO,AVENIDA,URBANA,RESIDENCIAL,TRAMO RECTO,ASFALTADA
A-2023-11-106,P-2023-11-106-1-1,2023,2023-11-01,19:00,NOCHE (18-23),LIMA,CHORRILLOS,CONDUCTOR,FALLECIDO,EN EL LUGAR DE LOS HECHOS,,MASCULINO,56,AUTOMÓVIL,ESPECIAL,URBANO,VIA EXPRESA,URBANA,RURAL,CURVA,ASFALTADA
A-2023-11-107,P-2023-11-107-1-1,2023,2023-11-02,04:40,MADRUGADA (00-05),LIMA,SAN MARTIN DE PORRES,CONDUCTOR,ILESO,,,MASCULINO,37,REMOLCADOR-SEMIREMOLQUE,ATROPELLO,URBANO,AVENIDA,URBANA,COMERCIAL,TRAMO RECTO,ASFALTADA
A-2023-11-107,P-2023-11-107-1-2,2023,2023-11-02,04:40,MADRUGADA (00-05),LIMA,SAN MARTIN DE PORRES,PEATÓN,FALLECIDO,EN EL LUGAR DE LOS HECHOS,,MASCULINO,50,REMOLCADOR-SEMIREMOLQUE,ATROPELLO,URBANO,AVENIDA,URBANA,COMERCIAL,TRAMO RECTO,ASFALTADA
A-2023-11-108,P-2023-11-108-1-1,2023,2023-11-02,05:00,MADRUGADA (00-05),LIMA,SAN JUAN DE LURIGANCHO,CONDUCTOR,ILESO,,,MASCULINO,31,AUTOMÓVIL,ATROPELLO,URBANO,AVENIDA,URBANA,COMERCIAL,CURVA,ASFALTADA
A-2023-11-108,P-2023-11-108-1-2,2023,2023-11-02,05:00,MADRUGADA (00-05),LIMA,SAN JUAN DE LURIGANCHO,PEATÓN,FALLECIDO,EN EL LUGAR DE LOS HECHOS,,MASCULINO,75,AUTOMÓVIL,ATROPELLO,URBANO,AVENIDA,URBANA,COMERCIAL,CURVA,ASFALTADA
A-2023-11-109,P-2023-11-109-1-1,2023,2023-11-02,11:45,MANANA (06-11),LIMA,SAN BARTOLO,CONDUCTOR FUGADO,NO SE CONOCE,,,NO INDICA,,VEHICULO NO IDENTIFICADO,ATROPELLO FUGA,NACIONAL,CARRETERA,URBANA,RURAL,TRAMO RECTO,ASFALTADA
A-2023-11-109,P-2023-11-109-1-2,2023,2023-11-02,11:45,MANANA (06-11),LIMA,SAN BARTOLO,PEATÓN,FALLECIDO,EN EL LUGAR DE LOS HECHOS,,MASCULINO,50,VEHICULO NO IDENTIFICADO,ATROPELLO FUGA,NACIONAL,CARRETERA,URBANA,RURAL,TRAMO RECTO,ASFALTADA
A-2023-11-111,P-2023-11-111-1-1,2023,2023-11-02,17:40,TARDE (12-17),LIMA,SAN JUAN DE LURIGANCHO,CONDUCTOR,ILESO,,,MASCULINO,41,REMOLCADOR,CHOQUE,URBANO,AVENIDA,URBANA,COMERCIAL,TRAMO RECTO,ASFALTADA
A-2023-11-111,P-2023-11-111-2-1,2023,2023-11-02,17:40,TARDE (12-17),LIMA,SAN JUAN DE LURIGANCHO,CONDUCTOR,FALLECIDO,EN EL LUGAR DE LOS HECHOS,,MASCULINO,27,MOTOCICLETA,CHOQUE,URBANO,AVENIDA,URBANA,COMERCIAL,TRAMO RECTO,ASFALTADA
A-2023-11-110,P-2023-11-110-1-1,2023,2023-11-02,19:45,NOCHE (18-23),LIMA,ATE,CONDUCTOR,ILESO,,,MASCULINO,36,AUTOMÓVIL,ATROPELLO,NACIONAL,CARRETERA,URBANA,INDUSTRIAL,TRAMO RECTO,ASFALTADA
A-2023-11-110,P-2023-11-110-1-2,2023,2023-11-02,19:45,NOCHE (18-23),LIMA,ATE,PEATÓN,FALLECIDO,EN EL LUGAR DE LOS HECHOS,,MASCULINO,12,AUTOMÓVIL,ATROPELLO,NACIONAL,CARRETERA,URBANA,INDUSTRIAL,TRAMO RECTO,ASFALTADA
A-2023-11-112,P-2023-11-112-1-1,2023,2023-11-03,03:06,MADRUGADA (00-05),LIMA,RIMAC,CONDUCTOR,ILESO,,,MASCULINO,22,MOTOCICLETA,ATROPELLO,NACIONAL,CARRETERA,URBANA,COMERCIAL,TRAMO RECTO,ASFALTADA
A-2023-11-112,P-2023-11-112-1-2,2023,2023-11-03,03:06,MADRUGADA (00-05),LIMA,RIMAC,PEATÓN,FALLECIDO,EN EL LUGAR DE LOS HECHOS,,MASCULINO,50,MOTOCICLETA,ATROPELLO,NACIONAL,CARRETERA,URBANA,COMERCIAL,TRAMO RECTO,ASFALTADA
A-2023-11-113,P-2023-11-113-1-1,2023,2023-11-05,06:30,MANANA (06-11),LIMA,COMAS,CONDUCTOR,ILESO,,,MASCULINO,46,ÓMNIBUS,CHOQUE,URBANO,AVENIDA,URBANA,COMERCIAL,INTERSECCIÓN,ASFALTADA
A-2023-11-113,P-2023-11-113-2-1,2023,2023-11-05,06:30,MANANA (06-11),LIMA,COMAS,CONDUCTOR,FALLECIDO,EN EL LUGAR DE LOS HECHOS,,MASCULINO,28,MOTOCICLETA,CHOQUE,URBANO,AVENIDA,URBANA,COMERCIAL,INTERSECCIÓN,ASFALTADA
A-2023-11-114,P-2023-11-114-1-1,2023,2023-11-06,05:40,MADRUGADA (00-05),LIMA,SAN MARTIN DE PORRES,CONDUCTOR,ILESO,,,MASCULINO,28,AUTOMÓVIL,ATROPELLO,URBANO,AVENIDA,URBANA,COMERCIAL,TRAMO RECTO,ASFALTADA
A-2023-11-114,P-2023-11-114-1-2,2023,2023-11-06,05:40,MADRUGADA (00-05),LIMA,SAN MARTIN DE PORRES,PEATÓN,FALLECIDO,EN EL LUGAR DE LOS HECHOS,,MASCULINO,40,AUTOMÓVIL,ATROPELLO,URBANO,AVENIDA,URBANA,COMERCIAL,TRAMO RECTO,ASFALTADA
A-2023-11-115,P-2023-11-115-1-1,2023,2023-11-08,12:00,TARDE (12-17),LIMA,LA VICTORIA,CONDUCTOR,ILESO,,,MASCULINO,41,ÓMNIBUS,ATROPELLO,URBANO,JIRÓN,URBANA,COMERCIAL,INTERSECCIÓN,ASFALTADA
A-2023-11-115,P-2023-11-115-1-2,2023,2023-11-08,12:00,TARDE (12-17),LIMA,LA VICTORIA,PEATÓN,FALLECIDO,EN EL LUGAR DE LOS HECHOS,,FEMENINO,45,ÓMNIBUS,ATROPELLO,URBANO,JIRÓN,URBANA,COMERCIAL,INTERSECCIÓN,ASFALTADA
A-2023-11-116,P-2023-11-116-1-1,2023,2023-11-09,17:40,TARDE (12-17),LIMA,CARABAYLLO,CONDUCTOR,FALLECIDO,EN EL LUGAR DE LOS HECHOS,,MASCULINO,62,BICICLETA,CHOQUE FUGA,NACIONAL,CARRETERA,URBANA,COMERCIAL,CURVA,ASFALTADA
A-2023-11-116,P-2023-11-116-2-1,2023,2023-11-09,17:40,TARDE (12-17),LIMA,CARABAYLLO,CONDUCTOR FUGADO,ILESO,,,MASCULINO,46,CAMIONETA RURAL,CHOQUE FUGA,NACIONAL,CARRETERA,URBANA,COMERCIAL,CURVA,ASFALTADA
A-2023-11-117,P-2023-11-117-1-1,2023,2023-11-11,22:10,NOCHE (18-23),LIMA,CARABAYLLO,CONDUCTOR,ILESO,,,MASCULINO,34,CAMIÓN,CHOQUE,NACIONAL,CARRETERA,RURAL,RURAL,CURVA,ASFALTADA
A-2023-11-117,P-2023-11-117-2-1,2023,2023-11-11,22:10,NOCHE (18-23),LIMA,CARABAYLLO,CONDUCTOR,FALLECIDO,EN EL LUGAR DE LOS HECHOS,,MASCULINO,47,OTRO,CHOQUE,NACIONAL,CARRETERA,RURAL,RURAL,CURVA,ASFALTADA
A-2023-11-118,P-2023-11-118-1-1,2023,2023-11-12,10:20,MANANA (06-11),LIMA,SANTIAGO DE SURCO,CONDUCTOR,ILESO,,,MASCULINO,32,MOTOCICLETA,ATROPELLO,URBANO,AVENIDA,URBANA,COMERCIAL,TRAMO RECTO,ASFALTADA
A-2023-11-118,P-2023-11-118-1-2,2023,2023-11-12,10:20,MANANA (06-11),LIMA,SANTIAGO DE SURCO,PEATÓN,FALLECIDO,EN EL LUGAR DE LOS HECHOS,,MASCULINO,60,MOTOCICLETA,ATROPELLO,URBANO,AVENIDA,URBANA,COMERCIAL,TRAMO RECTO,ASFALTADA
A-2023-11-119,P-2023-11-119-1-1,2023,2023-11-12,20:20,NOCHE (18-23),LIMA,LURIN,CONDUCTOR FUGADO,NO SE CONOCE,,,NO INDICA,,VEHICULO NO IDENTIFICADO,ATROPELLO FUGA,NACIONAL,CARRETERA,RURAL,INDUSTRIAL,CURVA,ASFALTADA
A-2023-11-119,P-2023-11-119-1-2,2023,2023-11-12,20:20,NOCHE (18-23),LIMA,LURIN,PEATÓN,FALLECIDO,EN EL LUGAR DE LOS HECHOS,,MASCULINO,30,VEHICULO NO IDENTIFICADO,ATROPELLO FUGA,NACIONAL,CARRETERA,RURAL,INDUSTRIAL,CURVA,ASFALTADA
A-2023-11-177,P-2023-11-177-1-1,2023,2023-11-14,20:45,NOCHE (18-23),LIMA,SAN MARTIN DE PORRES,CONDUCTOR,ILESO,,,MASCULINO,55,CAMIÓN,CHOQUE,NACIONAL,CARRETERA,URBANA,RESIDENCIAL,TRAMO RECTO,ASFALTADA
A-2023-11-177,P-2023-11-177-2-1,2023,2023-11-14,20:45,NOCHE (18-23),LIMA,SAN MARTIN DE PORRES,CONDUCTOR,ILESO,,,MASCULINO,51,REMOLCADOR-SEMIREMOLQUE,CHOQUE,NACIONAL,CARRETERA,URBANA,RESIDENCIAL,TRAMO RECTO,ASFALTADA
A-2023-11-177,P-2023-11-177-3-1,2023,2023-11-14,20:45,NOCHE (18-23),LIMA,SAN MARTIN DE PORRES,CONDUCTOR,FALLECIDO,EN EL LUGAR DE LOS HECHOS,,MASCULINO,29,MOTOCICLETA,CHOQUE,NACIONAL,CARRETERA,URBANA,RESIDENCIAL,TRAMO RECTO,ASFALTADA
A-2023-11-120,P-2023-11-120-1-1,2023,2023-11-15,06:15,MANANA (06-11),LIMA,LOS OLIVOS,CONDUCTOR,ILESO,,,MASCULINO,31,MINIBUS,ATROPELLO,URBANO,AVENIDA,URBANA,COMERCIAL,CURVA,ASFALTADA
A-2023-11-120,P-2023-11-120-1-2,2023,2023-11-15,06:15,MANANA (06-11),LIMA,LOS OLIVOS,PEATÓN,FALLECIDO,EN EL LUGAR DE LOS HECHOS,,FEMENINO,65,MINIBUS,ATROPELLO,URBANO,AVENIDA,URBANA,COMERCIAL,CURVA,ASFALTADA
A-2023-11-122,P-2023-11-122-1-1,2023,2023-11-15,07:20,MANANA (06-11),LIMA,CARABAYLLO,CONDUCTOR,ILESO,,,MASCULINO,41,CAMIONETA PICK UP,ATROPELLO,URBANO,AVENIDA,URBANA,COMERCIAL,TRAMO RECTO,ASFALTADA
A-2023-11-122,P-2023-11-122-1-2,2023,2023-11-15,07:20,MANANA (06-11),LIMA,CARABAYLLO,PEATÓN,FALLECIDO,EN EL LUGAR DE LOS HECHOS,,MASCULINO,80,CAMIONETA PICK UP,ATROPELLO,URBANO,AVENIDA,URBANA,COMERCIAL,TRAMO RECTO,ASFALTADA
A-2023-11-121,P-2023-11-121-1-1,2023,2023-11-15,11:40,MANANA (06-11),LIMA,SAN JUAN DE LURIGANCHO,CONDUCTOR,ILESO,,,MASCULINO,31,CAMIÓN,ESPECIAL,URBANO,CALLE,URBANA,RESIDENCIAL,TRAMO RECTO,ASFALTADA
A-2023-11-121,P-2023-11-121-1-2,2023,2023-11-15,11:40,MANANA (06-11),LIMA,SAN JUAN DE LURIGANCHO,PASAJERO,FALLECIDO,EN EL LUGAR DE LOS HECHOS,,FEMENINO,25,CAMIÓN,ESPECIAL,URBANO,CALLE,URBANA,RESIDENCIAL,TRAMO RECTO,ASFALTADA
A-2023-11-123,P-2023-11-123-1-1,2023,2023-11-15,17:10,TARDE (12-17),LIMA,SAN JUAN DE LURIGANCHO,CONDUCTOR,FALLECIDO,EN EL LUGAR DE LOS HECHOS,,MASCULINO,35,MOTOCICLETA,DESPISTE,NACIONAL,CARRETERA,URBANA,RURAL,TRAMO RECTO,ASFALTADA
A-2023-11-149,P-2023-11-149-1-1,2023,2023-11-16,12:10,TARDE (12-17),CALLAO,CALLAO,CONDUCTOR,ILESO,,,MASCULINO,35,REMOLCADOR-SEMIREMOLQUE,ATROPELLO,URBANO,AVENIDA,URBANA,COMERCIAL,TRAMO RECTO,ASFALTADA
A-2023-11-149,P-2023-11-149-1-2,2023,2023-11-16,12:10,TARDE (12-17),CALLAO,CALLAO,PEATÓN,FALLECIDO,EN EL LUGAR DE LOS HECHOS,,MASCULINO,61,REMOLCADOR-SEMIREMOLQUE,ATROPELLO,URBANO,AVENIDA,URBANA,COMERCIAL,TRAMO RECTO,ASFALTADA
A-2023-11-149,P-2023-11-149-1-3,2023,2023-11-16,12:10,TARDE (12-17),CALLAO,CALLAO,PEATÓN,LESIONADO,,CENTRO DE SALUD PÚBLICO,FEMENINO,3,REMOLCADOR-SEMIREMOLQUE,ATROPELLO,URBANO,AVENIDA,URBANA,COMERCIAL,TRAMO RECTO,ASFALTADA
A-2023-11-124,P-2023-11-124-1-1,2023,2023-11-18,00:20,MADRUGADA (00-05),LIMA,INDEPENDENCIA,CONDUCTOR,FALLECIDO,EN EL LUGAR DE LOS HECHOS,,MASCULINO,,MOTOCICLETA,DESPISTE,NACIONAL,CARRETERA,URBANA,COMERCIAL,TRAMO RECTO,ASFALTADA
A-2023-11-125,P-2023-11-125-1-1,2023,2023-11-18,07:10,MANANA (06-11),LIMA,SAN JUAN DE LURIGANCHO,CONDUCTOR,FALLECIDO,EN EL LUGAR DE LOS HECHOS,,MASCULINO,60,AUTOMÓVIL,DESPISTE,URBANO,CALLE,URBANA,ESCOLAR,CURVA,ASFALTADA
A-2023-11-125,P-2023-11-125-1-2,2023,2023-11-18,07:10,MANANA (06-11),LIMA,SAN JUAN DE LURIGANCHO,PEATÓN,LESIONADO,EN EL LUGAR DE LOS HECHOS,OTRO,FEMENINO,35,AUTOMÓVIL,DESPISTE,URBANO,CALLE,URBANA,ESCOLAR,CURVA,ASFALTADA
A-2023-11-126,P-2023-11-126-1-1,2023,2023-11-19,05:30,MADRUGADA (00-05),LIMA,SAN JUAN DE MIRAFLORES,CONDUCTOR FUGADO,NO SE CONOCE,,,NO INDICA,,VEHICULO NO IDENTIFICADO,ATROPELLO FUGA,NACIONAL,CARRETERA,URBANA,COMERCIAL,TRAMO RECTO,ASFALTADA
A-2023-11-126,P-2023-11-126-1-2,2023,2023-11-19,05:30,MADRUGADA (00-05),LIMA,SAN JUAN DE MIRAFLORES,PEATÓN,FALLECIDO,EN EL LUGAR DE LOS HECHOS,,MASCULINO,,VEHICULO NO IDENTIFICADO,ATROPELLO FUGA,NACIONAL,CARRETERA,URBANA,COMERCIAL,TRAMO RECTO,ASFALTADA
A-2023-11-127,P-2023-11-127-1-1,2023,2023-11-19,14:15,TARDE (12-17),LIMA,ANCON,CONDUCTOR,ILESO,,,MASCULINO,41,CAMIONETA RURAL,ATROPELLO,NACIONAL,CARRETERA,URBANA,RESIDENCIAL,CURVA,ASFALTADA
A-2023-11-127,P-2023-11-127-1-2,2023,2023-11-19,14:15,TARDE (12-17),LIMA,ANCON,PEATÓN,FALLECIDO,EN EL LUGAR DE LOS HECHOS,,MASCULINO,36,CAMIONETA RURAL,ATROPELLO,NACIONAL,CARRETERA,URBANA,RESIDENCIAL,CURVA,ASFALTADA
A-2023-11-128,P-2023-11-128-1-1,2023,2023-11-20,17:20,TARDE (12-17),LIMA,LURIN,CONDUCTOR,ILESO,,,MASCULINO,39,REMOLCADOR-SEMIREMOLQUE,CHOQUE,NACIONAL,CARRETERA,URBANA,COMERCIAL,TRAMO RECTO,ASFALTADA
A-2023-11-128,P-2023-11-128-2-1,2023,2023-11-20,17:20,TARDE (12-17),LIMA,LURIN,CONDUCTOR,FALLECIDO,EN EL LUGAR DE LOS HECHOS,,MASCULINO,35,MOTOCICLETA,CHOQUE,NACIONAL,CARRETERA,URBANA,COMERCIAL,TRAMO RECTO,ASFALTADA
A-2023-11-128,P-2023-11-128-2-2,2023,2023-11-20,17:20,TARDE (12-17),LIMA,LURIN,PASAJERO,FALLECIDO,EN EL LUGAR DE LOS HECHOS,,FEMENINO,30,MOTOCICLETA,CHOQUE,NACIONAL,CARRETERA,URBANA,COMERCIAL,TRAMO RECTO,ASFALTADA
A-2023-11-129,P-2023-11-129-1-1,2023,2023-11-21,03:10,MADRUGADA (00-05),LIMA,SAN MARTIN DE PORRES,CONDUCTOR,ILESO,,,MASCULINO,31,CAMIONETA PICK UP,ATROPELLO,NACIONAL,CARRETERA,URBANA,COMERCIAL,TRAMO RECTO,ASFALTADA
A-2023-11-129,P-2023-11-129-1-2,2023,2023-11-21,03:10,MADRUGADA (00-05),LIMA,SAN MARTIN DE PORRES,PEATÓN,FALLECIDO,EN EL LUGAR DE LOS HECHOS,,MASCULINO,31,CAMIONETA PICK UP,ATROPELLO,NACIONAL,CARRETERA,URBANA,COMERCIAL,TRAMO RECTO,ASFALTADA
A-2023-11-130,P-2023-11-130-1-1,2023,2023-11-22,23:30,NOCHE (18-23),LIMA,PUENTE PIEDRA,CONDUCTOR,FALLECIDO,EN EL LUGAR DE LOS HECHOS,,MASCULINO,23,MOTOCICLETA,CHOQUE,NACIONAL,CARRETERA,URBANA,ESCOLAR,TRAMO RECTO,ASFALTADA
A-2023-11-130,P-2023-11-130-2-1,2023,2023-11-22,23:30,NOCHE (18-23),LIMA,PUENTE PIEDRA,CONDUCTOR,ILESO,,,MASCULINO,30,AUTOMÓVIL,CHOQUE,NACIONAL,CARRETERA,URBANA,ESCOLAR,TRAMO RECTO,ASFALTADA
A-2023-11-131,P-2023-11-131-1-1,2023,2023-11-24,12:45,TARDE (12-17),LIMA,PUENTE PIEDRA,CONDUCTOR FUGADO,NO SE CONOCE,,,NO INDICA,,CAMIONETA RURAL,ATROPELLO FUGA,URBANO,AVENIDA,URBANA,RESIDENCIAL,TRAMO RECTO,ASFALTADA
A-2023-11-131,P-2023-11-131-1-2,2023,2023-11-24,12:45,TARDE (12-17),LIMA,PUENTE PIEDRA,PEATÓN,FALLECIDO,EN EL LUGAR DE LOS HECHOS,,FEMENINO,65,CAMIONETA RURAL,ATROPELLO FUGA,URBANO,AVENIDA,URBANA,RESIDENCIAL,TRAMO RECTO,ASFALTADA
A-2023-11-132,P-2023-11-132-1-1,2023,2023-11-25,01:30,MADRUGADA (00-05),LIMA,PUNTA NEGRA,CONDUCTOR FUGADO,NO SE CONOCE,,,NO INDICA,,VEHICULO NO IDENTIFICADO,ATROPELLO FUGA,NACIONAL,CARRETERA,RURAL,INDUSTRIAL,TRAMO RECTO,ASFALTADA
A-2023-11-132,P-2023-11-132-1-2,2023,2023-11-25,01:30,MADRUGADA (00-05),LIMA,PUNTA NEGRA,PEATÓN,FALLECIDO,EN EL LUGAR DE LOS HECHOS,,MASCULINO,50,VEHICULO NO IDENTIFICADO,ATROPELLO FUGA,NACIONAL,CARRETERA,RURAL,INDUSTRIAL,TRAMO RECTO,ASFALTADA
A-2023-11-189,P-2023-11-189-1-1,2023,2023-11-25,08:40,MANANA (06-11),LIMA,VILLA MARIA DEL TRIUNFO,SIN CONDUCTOR,NO SE CONOCE,,,,,AUTOMÓVIL,ATROPELLO,URBANO,AVENIDA,URBANA,RESIDENCIAL,TRAMO RECTO,ASFALTADA
A-2023-11-189,P-2023-11-189-1-2,2023,2023-11-25,08:40,MANANA (06-11),LIMA,VILLA MARIA DEL TRIUNFO,PEATÓN,FALLECIDO,EN EL LUGAR DE LOS HECHOS,,MASCULINO,21,AUTOMÓVIL,ATROPELLO,URBANO,AVENIDA,URBANA,RESIDENCIAL,TRAMO RECTO,ASFALTADA
A-2023-11-133,P-2023-11-133-1-1,2023,2023-11-26,00:30,MADRUGADA (00-05),LIMA,LURIN,CONDUCTOR FUGADO,NO SE CONOCE,,,NO INDICA,,VEHICULO NO IDENTIFICADO,ATROPELLO FUGA,NACIONAL,CARRETERA,URBANA,RURAL,TRAMO RECTO,ASFALTADA
A-2023-11-133,P-2023-11-133-1-2,2023,2023-11-26,00:30,MADRUGADA (00-05),LIMA,LURIN,PEATÓN,FALLECIDO,EN EL LUGAR DE LOS HECHOS,,MASCULINO,30,VEHICULO NO IDENTIFICADO,ATROPELLO FUGA,NACIONAL,CARRETERA,URBANA,RURAL,TRAMO RECTO,ASFALTADA
A-2023-11-135,P-2023-11-135-1-1,2023,2023-11-27,17:45,TARDE (12-17),LIMA,LOS OLIVOS,CONDUCTOR,ILESO,,,MASCULINO,39,REMOLCADOR-SEMIREMOLQUE,ATROPELLO,URBANO,AVENIDA,URBANA,ESCOLAR,TRAMO RECTO,ASFALTADA
A-2023-11-135,P-2023-11-135-1-2,2023,2023-11-27,17:45,TARDE (12-17),LIMA,LOS OLIVOS,PEATÓN,FALLECIDO,EN EL LUGAR DE LOS HECHOS,,MASCULINO,25,REMOLCADOR-SEMIREMOLQUE,ATROPELLO,URBANO,AVENIDA,URBANA,ESCOLAR,TRAMO RECTO,ASFALTADA
A-2023-11-136,P-2023-11-136-1-1,2023,2023-11-27,20:30,NOCHE (18-23),LIMA,COMAS,CONDUCTOR,ILESO,,,MASCULINO,26,MINIBUS,DESPISTE,URBANO,AVENIDA,URBANA,COMERCIAL,TRAMO RECTO,ASFALTADA
A-2023-11-136,P-2023-11-136-1-2,2023,2023-11-27,20:30,NOCHE (18-23),LIMA,COMAS,PEATÓN,FALLECIDO,EN EL LUGAR DE LOS HECHOS,,FEMENINO,35,MINIBUS,DESPISTE,URBANO,AVENIDA,URBANA,COMERCIAL,TRAMO RECTO,ASFALTADA
A-2023-11-136,P-2023-11-136-1-3,2023,2023-11-27,20:30,NOCHE (18-23),LIMA,COMAS,PASAJERO,LESIONADO,,,NO INDICA,,MINIBUS,DESPISTE,URBANO,AVENIDA,URBANA,COMERCIAL,TRAMO RECTO,ASFALTADA
A-2023-11-136,P-2023-11-136-1-4,2023,2023-11-27,20:30,NOCHE (18-23),LIMA,COMAS,PASAJERO,LESIONADO,,,NO INDICA,,MINIBUS,DESPISTE,URBANO,AVENIDA,URBANA,COMERCIAL,TRAMO RECTO,ASFALTADA
A-2023-11-136,P-2023-11-136-1-5,2023,2023-11-27,20:30,NOCHE (18-23),LIMA,COMAS,PASAJERO,LESIONADO,,,NO INDICA,,MINIBUS,DESPISTE,URBANO,AVENIDA,URBANA,COMERCIAL,TRAMO RECTO,ASFALTADA
A-2023-11-136,P-2023-11-136-1-6,2023,2023-11-27,20:30,NOCHE (18-23),LIMA,COMAS,PASAJERO,LESIONADO,,,NO INDICA,,MINIBUS,DESPISTE,URBANO,AVENIDA,URBANA,COMERCIAL,TRAMO RECTO,ASFALTADA
A-2023-11-136,P-2023-11-136-1-7,2023,2023-11-27,20:30,NOCHE (18-23),LIMA,COMAS,PASAJERO,LESIONADO,,,NO INDICA,,MINIBUS,DESPISTE,URBANO,AVENIDA,URBANA,COMERCIAL,TRAMO RECTO,ASFALTADA
A-2023-11-136,P-2023-11-136-1-8,2023,2023-11-27,20:30,NOCHE (18-23),LIMA,COMAS,PASAJERO,LESIONADO,,,NO INDICA,,MINIBUS,DESPISTE,URBANO,AVENIDA,URBANA,COMERCIAL,TRAMO RECTO,ASFALTADA
A-2023-11-137,P-2023-11-137-1-1,2023,2023-11-27,20:20,NOCHE (18-23),LIMA,CHORRILLOS,CONDUCTOR FUGADO,NO SE CONOCE,,,NO INDICA,,VEHICULO NO IDENTIFICADO,CHOQUE,NACIONAL,CARRETERA,URBANA,INDUSTRIAL,TRAMO RECTO,ASFALTADA
A-2023-11-137,P-2023-11-137-2-1,2023,2023-11-27,20:20,NOCHE (18-23),LIMA,CHORRILLOS,CONDUCTOR,FALLECIDO,EN EL LUGAR DE LOS HECHOS,,MASCULINO,40,MOTOCICLETA,CHOQUE,NACIONAL,CARRETERA,URBANA,INDUSTRIAL,TRAMO RECTO,ASFALTADA
A-2023-11-134,P-2023-11-134-1-1,2023,2023-11-27,21:10,NOCHE (18-23),LIMA,PUNTA NEGRA,CONDUCTOR FUGADO,NO SE CONOCE,,,NO INDICA,,VEHICULO NO IDENTIFICADO,ATROPELLO FUGA,NACIONAL,CARRETERA,RURAL,RURAL,TRAMO RECTO,ASFALTADA
A-2023-11-134,P-2023-11-134-1-2,2023,2023-11-27,21:10,NOCHE (18-23),LIMA,PUNTA NEGRA,PEATÓN,FALLECIDO,EN EL LUGAR DE LOS HECHOS,,MASCULINO,60,VEHICULO NO IDENTIFICADO,ATROPELLO FUGA,NACIONAL,CARRETERA,RURAL,RURAL,TRAMO RECTO,ASFALTADA
A-2023-11-138,P-2023-11-138-1-1,2023,2023-11-28,04:40,MADRUGADA (00-05),LIMA,RIMAC,CONDUCTOR FUGADO,NO SE CONOCE,,,NO INDICA,,VEHICULO NO IDENTIFICADO,ATROPELLO FUGA,NACIONAL,CARRETERA,URBANA,COMERCIAL,TRAMO RECTO,ASFALTADA
A-2023-11-138,P-2023-11-138-1-2,2023,2023-11-28,04:40,MADRUGADA (00-05),LIMA,RIMAC,PEATÓN,FALLECIDO,EN EL LUGAR DE LOS HECHOS,,MASCULINO,25,VEHICULO NO IDENTIFICADO,ATROPELLO FUGA,NACIONAL,CARRETERA,URBANA,COMERCIAL,TRAMO RECTO,ASFALTADA
A-2023-11-150,P-2023-11-150-1-1,2023,2023-11-29,10:30,MANANA (06-11),CALLAO,VENTANILLA,CONDUCTOR,FALLECIDO,EN EL LUGAR DE LOS HECHOS,,FEMENINO,50,MOTOCICLETA,CHOQUE,NACIONAL,CARRETERA,URBANA,INDUSTRIAL,TRAMO RECTO,ASFALTADA
A-2023-11-150,P-2023-11-150-2-1,2023,2023-11-29,10:30,MANANA (06-11),CALLAO,VENTANILLA,CONDUCTOR,ILESO,,,MASCULINO,38,CAMIÓN,CHOQUE,NACIONAL,CARRETERA,URBANA,INDUSTRIAL,TRAMO RECTO,ASFALTADA
A-2023-12-88,P-2023-12-88-1-1,2023,2023-12-02,16:30,TARDE (12-17),LIMA,PUENTE PIEDRA,CONDUCTOR,FALLECIDO,EN EL LUGAR DE LOS HECHOS,,MASCULINO,13,BICICLETA,DESPISTE,URBANO,AVENIDA,URBANA,RESIDENCIAL,TRAMO RECTO,TROCHA
A-2023-12-89,P-2023-12-89-1-1,2023,2023-12-02,19:20,NOCHE (18-23),LIMA,CARABAYLLO,CONDUCTOR,ILESO,,,MASCULINO,60,CAMIONETA RURAL,ATROPELLO,NACIONAL,CARRETERA,URBANA,COMERCIAL,INTERSECCIÓN,ASFALTADA
A-2023-12-89,P-2023-12-89-1-2,2023,2023-12-02,19:20,NOCHE (18-23),LIMA,CARABAYLLO,PEATÓN,FALLECIDO,EN EL LUGAR DE LOS HECHOS,,MASCULINO,74,CAMIONETA RURAL,ATROPELLO,NACIONAL,CARRETERA,URBANA,COMERCIAL,INTERSECCIÓN,ASFALTADA
A-2023-12-90,P-2023-12-90-1-1,2023,2023-12-04,00:23,MADRUGADA (00-05),LIMA,COMAS,CONDUCTOR,ILESO,,,MASCULINO,31,MOTOCICLETA,DESPISTE,URBANO,AVENIDA,URBANA,ESCOLAR,TRAMO RECTO,ASFALTADA
A-2023-12-90,P-2023-12-90-1-2,2023,2023-12-04,00:23,MADRUGADA (00-05),LIMA,COMAS,PASAJERO,FALLECIDO,EN EL LUGAR DE LOS HECHOS,,FEMENINO,31,MOTOCICLETA,DESPISTE,URBANO,AVENIDA,URBANA,ESCOLAR,TRAMO RECTO,ASFALTADA
A-2023-12-91,P-2023-12-91-1-1,2023,2023-12-04,02:30,MADRUGADA (00-05),LIMA,LOS OLIVOS,CONDUCTOR,ILESO,,,MASCULINO,48,AUTOMÓVIL,ATROPELLO,NACIONAL,CARRETERA,URBANA,COMERCIAL,TRAMO RECTO,ASFALTADA
A-2023-12-91,P-2023-12-91-1-2,2023,2023-12-04,02:30,MADRUGADA (00-05),LIMA,LOS OLIVOS,PEATÓN,FALLECIDO,EN EL LUGAR DE LOS HECHOS,,MASCULINO,30,AUTOMÓVIL,ATROPELLO,NACIONAL,CARRETERA,URBANA,COMERCIAL,TRAMO RECTO,ASFALTADA
A-2023-12-92,P-2023-12-92-1-1,2023,2023-12-04,18:30,NOCHE (18-23),LIMA,ATE,CONDUCTOR,ILESO,,,MASCULINO,23,AUTOMÓVIL,ATROPELLO,NACIONAL,CARRETERA,URBANA,COMERCIAL,CURVA,ASFALTADA
A-2023-12-92,P-2023-12-92-1-2,2023,2023-12-04,18:30,NOCHE (18-23),LIMA,ATE,PEATÓN,FALLECIDO,EN EL LUGAR DE LOS HECHOS,,MASCULINO,72,AUTOMÓVIL,ATROPELLO,NACIONAL,CARRETERA,URBANA,COMERCIAL,CURVA,ASFALTADA
A-2023-12-146,P-2023-12-146-1-1,2023,2023-12-06,12:30,TARDE (12-17),CALLAO,BELLAVISTA,CONDUCTOR,ILESO,,,MASCULINO,55,CAMIÓN,ATROPELLO,URBANO,AVENIDA,URBANA,COMERCIAL,TRAMO RECTO,ASFALTADA
A-2023-12-146,P-2023-12-146-1-2,2023,2023-12-06,12:30,TARDE (12-17),CALLAO,BELLAVISTA,PEATÓN,FALLECIDO,EN EL LUGAR DE LOS HECHOS,,MASCULINO,90,CAMIÓN,ATROPELLO,URBANO,AVENIDA,URBANA,COMERCIAL,TRAMO RECTO,ASFALTADA
A-2023-12-95,P-2023-12-95-1-1,2023,2023-12-06,17:00,TARDE (12-17),LIMA,ATE,CONDUCTOR FUGADO,NO SE CONOCE,,,NO INDICA,,OTRO,ATROPELLO FUGA,URBANO,OTRO,URBANA,INDUSTRIAL,INTERSECCIÓN,CASCAJO/RIPIO
A-2023-12-95,P-2023-12-95-1-2,2023,2023-12-06,17:00,TARDE (12-17),LIMA,ATE,PEATÓN,FALLECIDO,EN EL LUGAR DE LOS HECHOS,,MASCULINO,66,OTRO,ATROPELLO FUGA,URBANO,OTRO,URBANA,INDUSTRIAL,INTERSECCIÓN,CASCAJO/RIPIO
A-2023-12-93,P-2023-12-93-1-1,2023,2023-12-07,23:50,NOCHE (18-23),LIMA,VILLA EL SALVADOR,CONDUCTOR,LESIONADO,,OTRO,MASCULINO,35,MOTOCICLETA,ATROPELLO,NACIONAL,CARRETERA,RURAL,INDUSTRIAL,TRAMO RECTO,ASFALTADA
A-2023-12-93,P-2023-12-93-1-2,2023,2023-12-07,23:50,NOCHE (18-23),LIMA,VILLA EL SALVADOR,PEATÓN,FALLECIDO,EN EL LUGAR DE LOS HECHOS,,MASCULINO,28,MOTOCICLETA,ATROPELLO,NACIONAL,CARRETERA,RURAL,INDUSTRIAL,TRAMO RECTO,ASFALTADA
A-2023-12-94,P-2023-12-94-1-1,2023,2023-12-08,19:15,NOCHE (18-23),LIMA,LOS OLIVOS,CONDUCTOR,FALLECIDO,EN EL LUGAR DE LOS HECHOS,,MASCULINO,48,STATION WAGON,CHOQUE,NACIONAL,CARRETERA,URBANA,INDUSTRIAL,TRAMO RECTO,ASFALTADA
A-2023-12-94,P-2023-12-94-2-1,2023,2023-12-08,19:15,NOCHE (18-23),LIMA,LOS OLIVOS,CONDUCTOR,ILESO,,,MASCULINO,49,ÓMNIBUS,CHOQUE,NACIONAL,CARRETERA,URBANA,INDUSTRIAL,TRAMO RECTO,ASFALTADA
A-2023-12-96,P-2023-12-96-1-1,2023,2023-12-09,04:20,MADRUGADA (00-05),LIMA,CARABAYLLO,CONDUCTOR FUGADO,NO SE CONOCE,,,NO INDICA,,VEHICULO NO IDENTIFICADO,ATROPELLO FUGA,URBANO,AVENIDA,URBANA,COMERCIAL,TRAMO RECTO,ASFALTADA
A-2023-12-96,P-2023-12-96-1-2,2023,2023-12-09,04:20,MADRUGADA (00-05),LIMA,CARABAYLLO,PEATÓN,FALLECIDO,EN EL LUGAR DE LOS HECHOS,,MASCULINO,33,VEHICULO NO IDENTIFICADO,ATROPELLO FUGA,URBANO,AVENIDA,URBANA,COMERCIAL,TRAMO RECTO,ASFALTADA
A-2023-12-97,P-2023-12-97-1-1,2023,2023-12-09,20:55,NOCHE (18-23),LIMA,LOS OLIVOS,CONDUCTOR,ILESO,,,MASCULINO,24,MOTOCICLETA,ATROPELLO,URBANO,AVENIDA,URBANA,COMERCIAL,TRAMO RECTO,ASFALTADA
A-2023-12-97,P-2023-12-97-1-2,2023,2023-12-09,20:55,NOCHE (18-23),LIMA,LOS OLIVOS,PEATÓN,FALLECIDO,EN EL LUGAR DE LOS HECHOS,,MASCULINO,90,MOTOCICLETA,ATROPELLO,URBANO,AVENIDA,URBANA,COMERCIAL,TRAMO RECTO,ASFALTADA
A-2023-12-98,P-2023-12-98-1-1,2023,2023-12-10,22:40,NOCHE (18-23),LIMA,LIMA,CONDUCTOR,ILESO,,,MASCULINO,34,TRIMOTO PASAJERO,ATROPELLO,URBANO,AVENIDA,URBANA,COMERCIAL,INTERSECCIÓN,ASFALTADA
A-2023-12-98,P-2023-12-98-1-2,2023,2023-12-10,22:40,NOCHE (18-23),LIMA,LIMA,PEATÓN,FALLECIDO,EN EL LUGAR DE LOS HECHOS,,MASCULINO,38,TRIMOTO PASAJERO,ATROPELLO,URBANO,AVENIDA,URBANA,COMERCIAL,INTERSECCIÓN,ASFALTADA
A-2023-12-99,P-2023-12-99-1-1,2023,2023-12-11,10:30,MANANA (06-11),LIMA,LOS OLIVOS,CONDUCTOR,ILESO,,,MASCULINO,26,MINIBUS,ATROPELLO,URBANO,AVENIDA,URBANA,COMERCIAL,CURVA,ASFALTADA
A-2023-12-99,P-2023-12-99-1-2,2023,2023-12-11,10:30,MANANA (06-11),LIMA,LOS OLIVOS,PEATÓN,FALLECIDO,EN EL LUGAR DE LOS HECHOS,,MASCULINO,69,MINIBUS,ATROPELLO,URBANO,AVENIDA,URBANA,COMERCIAL,CURVA,ASFALTADA
A-2023-12-100,P-2023-12-100-1-1,2023,2023-12-11,18:20,NOCHE (18-23),LIMA,COMAS,CONDUCTOR,ILESO,,,MASCULINO,34,MOTOCICLETA,ATROPELLO,URBANO,AVENIDA,URBANA,COMERCIAL,INTERSECCIÓN,ASFALTADA
A-2023-12-100,P-2023-12-100-1-2,2023,2023-12-11,18:20,NOCHE (18-23),LIMA,COMAS,PEATÓN,FALLECIDO,EN EL LUGAR DE LOS HECHOS,,MASCULINO,67,MOTOCICLETA,ATROPELLO,URBANO,AVENIDA,URBANA,COMERCIAL,INTERSECCIÓN,ASFALTADA
A-2023-12-101,P-2023-12-101-1-1,2023,2023-12-12,10:00,MANANA (06-11),LIMA,VILLA MARIA DEL TRIUNFO,CONDUCTOR,ILESO,,,MASCULINO,21,TRIMOTO PASAJERO,ATROPELLO,URBANO,AVENIDA,URBANA,RESIDENCIAL,TRAMO RECTO,ASFALTADA
A-2023-12-101,P-2023-12-101-1-2,2023,2023-12-12,10:00,MANANA (06-11),LIMA,VILLA MARIA DEL TRIUNFO,PEATÓN,FALLECIDO,EN EL LUGAR DE LOS HECHOS,,MASCULINO,85,TRIMOTO PASAJERO,ATROPELLO,URBANO,AVENIDA,URBANA,RESIDENCIAL,TRAMO RECTO,ASFALTADA
A-2023-12-103,P-2023-12-103-1-1,2023,2023-12-14,05:45,MADRUGADA (00-05),LIMA,SAN BARTOLO,CONDUCTOR,FALLECIDO,EN EL LUGAR DE LOS HECHOS,,MASCULINO,48,CAMIÓN,CHOQUE,NACIONAL,CARRETERA,RURAL,RURAL,TRAMO RECTO,ASFALTADA
A-2023-12-103,P-2023-12-103-1-2,2023,2023-12-14,05:45,MADRUGADA (00-05),LIMA,SAN BARTOLO,PASAJERO,FALLECIDO,EN EL LUGAR DE LOS HECHOS,,FEMENINO,23,CAMIÓN,CHOQUE,NACIONAL,CARRETERA,RURAL,RURAL,TRAMO RECTO,ASFALTADA
A-2023-12-103,P-2023-12-103-1-3,2023,2023-12-14,05:45,MADRUGADA (00-05),LIMA,SAN BARTOLO,PASAJERO,LESIONADO,,OTRO,MASCULINO,22,CAMIÓN,CHOQUE,NACIONAL,CARRETERA,RURAL,RURAL,TRAMO RECTO,ASFALTADA
A-2023-12-103,P-2023-12-103-2-1,2023,2023-12-14,05:45,MADRUGADA (00-05),LIMA,SAN BARTOLO,CONDUCTOR,ILESO,,,MASCULINO,62,ÓMNIBUS,CHOQUE,NACIONAL,CARRETERA,RURAL,RURAL,TRAMO RECTO,ASFALTADA
A-2023-12-102,P-2023-12-102-1-1,2023,2023-12-14,06:30,MANANA (06-11),LIMA,LURIN,CONDUCTOR,ILESO,,,MASCULINO,26,CAMIONETA RURAL,DESPISTE,NACIONAL,CARRETERA,RURAL,INDUSTRIAL,TRAMO RECTO,ASFALTADA
A-2023-12-102,P-2023-12-102-1-10,2023,2023-12-14,06:30,MANANA (06-11),LIMA,LURIN,PASAJERO,LESIONADO,,,NO INDICA,,CAMIONETA RURAL,DESPISTE,NACIONAL,CARRETERA,RURAL,INDUSTRIAL,TRAMO RECTO,ASFALTADA
A-2023-12-102,P-2023-12-102-1-11,2023,2023-12-14,06:30,MANANA (06-11),LIMA,LURIN,PASAJERO,LESIONADO,,,NO INDICA,,CAMIONETA RURAL,DESPISTE,NACIONAL,CARRETERA,RURAL,INDUSTRIAL,TRAMO RECTO,ASFALTADA
A-2023-12-102,P-2023-12-102-1-12,2023,2023-12-14,06:30,MANANA (06-11),LIMA,LURIN,PASAJERO,LESIONADO,,,NO INDICA,,CAMIONETA RURAL,DESPISTE,NACIONAL,CARRETERA,RURAL,INDUSTRIAL,TRAMO RECTO,ASFALTADA
A-2023-12-102,P-2023-12-102-1-2,2023,2023-12-14,06:30,MANANA (06-11),LIMA,LURIN,PASAJERO,FALLECIDO,EN EL LUGAR DE LOS HECHOS,,FEMENINO,48,CAMIONETA RURAL,DESPISTE,NACIONAL,CARRETERA,RURAL,INDUSTRIAL,TRAMO RECTO,ASFALTADA
A-2023-12-102,P-2023-12-102-1-3,2023,2023-12-14,06:30,MANANA (06-11),LIMA,LURIN,PASAJERO,FALLECIDO,EN EL LUGAR DE LOS HECHOS,,FEMENINO,30,CAMIONETA RURAL,DESPISTE,NACIONAL,CARRETERA,RURAL,INDUSTRIAL,TRAMO RECTO,ASFALTADA
A-2023-12-102,P-2023-12-102-1-4,2023,2023-12-14,06:30,MANANA (06-11),LIMA,LURIN,PASAJERO,FALLECIDO,EN EL LUGAR DE LOS HECHOS,,MASCULINO,35,CAMIONETA RURAL,DESPISTE,NACIONAL,CARRETERA,RURAL,INDUSTRIAL,TRAMO RECTO,ASFALTADA
A-2023-12-102,P-2023-12-102-1-5,2023,2023-12-14,06:30,MANANA (06-11),LIMA,LURIN,PASAJERO,LESIONADO,,,NO INDICA,,CAMIONETA RURAL,DESPISTE,NACIONAL,CARRETERA,RURAL,INDUSTRIAL,TRAMO RECTO,ASFALTADA
A-2023-12-102,P-2023-12-102-1-6,2023,2023-12-14,06:30,MANANA (06-11),LIMA,LURIN,PASAJERO,LESIONADO,,,NO INDICA,,CAMIONETA RURAL,DESPISTE,NACIONAL,CARRETERA,RURAL,INDUSTRIAL,TRAMO RECTO,ASFALTADA
A-2023-12-102,P-2023-12-102-1-7,2023,2023-12-14,06:30,MANANA (06-11),LIMA,LURIN,PASAJERO,LESIONADO,,,NO INDICA,,CAMIONETA RURAL,DESPISTE,NACIONAL,CARRETERA,RURAL,INDUSTRIAL,TRAMO RECTO,ASFALTADA
A-2023-12-102,P-2023-12-102-1-8,2023,2023-12-14,06:30,MANANA (06-11),LIMA,LURIN,PASAJERO,LESIONADO,,,NO INDICA,,CAMIONETA RURAL,DESPISTE,NACIONAL,CARRETERA,RURAL,INDUSTRIAL,TRAMO RECTO,ASFALTADA
A-2023-12-102,P-2023-12-102-1-9,2023,2023-12-14,06:30,MANANA (06-11),LIMA,LURIN,PASAJERO,LESIONADO,,,NO INDICA,,CAMIONETA RURAL,DESPISTE,NACIONAL,CARRETERA,RURAL,INDUSTRIAL,TRAMO RECTO,ASFALTADA
A-2023-12-104,P-2023-12-104-1-1,2023,2023-12-17,07:00,MANANA (06-11),LIMA,SAN JUAN DE LURIGANCHO,CONDUCTOR,FALLECIDO,EN EL LUGAR DE LOS HECHOS,,MASCULINO,30,MOTOCICLETA,DESPISTE,URBANO,AUTOPISTA,URBANA,COMERCIAL,INTERSECCIÓN,ASFALTADA
A-2023-12-105,P-2023-12-105-1-1,2023,2023-12-18,08:30,MANANA (06-11),LIMA,LIMA,CONDUCTOR,ILESO,,,MASCULINO,44,AUTOMÓVIL,CHOQUE,URBANO,JIRÓN,URBANA,RESIDENCIAL,INTERSECCIÓN,ASFALTADA
A-2023-12-105,P-2023-12-105-1-2,2023,2023-12-18,08:30,MANANA (06-11),LIMA,LIMA,PEATÓN,FALLECIDO,EN EL LUGAR DE LOS HECHOS,,MASCULINO,84,AUTOMÓVIL,CHOQUE,URBANO,JIRÓN,URBANA,RESIDENCIAL,INTERSECCIÓN,ASFALTADA
A-2023-12-105,P-2023-12-105-2-1,2023,2023-12-18,08:30,MANANA (06-11),LIMA,LIMA,CONDUCTOR,ILESO,,,MASCULINO,48,AUTOMÓVIL,CHOQUE,URBANO,JIRÓN,URBANA,RESIDENCIAL,INTERSECCIÓN,ASFALTADA
A-2023-12-105,P-2023-12-105-2-2,2023,2023-12-18,08:30,MANANA (06-11),LIMA,LIMA,PEATÓN,FALLECIDO,EN EL LUGAR DE LOS HECHOS,,FEMENINO,73,AUTOMÓVIL,CHOQUE,URBANO,JIRÓN,URBANA,RESIDENCIAL,INTERSECCIÓN,ASFALTADA
A-2023-12-107,P-2023-12-107-1-1,2023,2023-12-18,16:00,TARDE (12-17),LIMA,PUEBLO LIBRE,CONDUCTOR,ILESO,,,MASCULINO,60,CAMIÓN,CHOQUE,URBANO,AVENIDA,URBANA,COMERCIAL,INTERSECCIÓN,ASFALTADA
A-2023-12-107,P-2023-12-107-2-1,2023,2023-12-18,16:00,TARDE (12-17),LIMA,PUEBLO LIBRE,CONDUCTOR,FALLECIDO,EN EL LUGAR DE LOS HECHOS,,MASCULINO,47,BICICLETA,CHOQUE,URBANO,AVENIDA,URBANA,COMERCIAL,INTERSECCIÓN,ASFALTADA
A-2023-12-106,P-2023-12-106-1-1,2023,2023-12-18,22:15,NOCHE (18-23),LIMA,SAN MARTIN DE PORRES,CONDUCTOR,ILESO,,,MASCULINO,29,MOTOCICLETA,ATROPELLO,URBANO,AVENIDA,URBANA,COMERCIAL,TRAMO RECTO,ASFALTADA
A-2023-12-106,P-2023-12-106-1-2,2023,2023-12-18,22:15,NOCHE (18-23),LIMA,SAN MARTIN DE PORRES,PEATÓN,FALLECIDO,EN EL LUGAR DE LOS HECHOS,,MASCULINO,75,MOTOCICLETA,ATROPELLO,URBANO,AVENIDA,URBANA,COMERCIAL,TRAMO RECTO,ASFALTADA
A-2023-12-108,P-2023-12-108-1-1,2023,2023-12-19,18:00,NOCHE (18-23),LIMA,SAN JUAN DE MIRAFLORES,CONDUCTOR,ILESO,,,MASCULINO,34,TRIMOTO PASAJERO,ATROPELLO,URBANO,AVENIDA,URBANA,COMERCIAL,INTERSECCIÓN,ASFALTADA
A-2023-12-108,P-2023-12-108-1-2,2023,2023-12-19,18:00,NOCHE (18-23),LIMA,SAN JUAN DE MIRAFLORES,PEATÓN,FALLECIDO,EN EL CENTRO DE SALUD,,MASCULINO,34,TRIMOTO PASAJERO,ATROPELLO,URBANO,AVENIDA,URBANA,COMERCIAL,INTERSECCIÓN,ASFALTADA
A-2023-12-109,P-2023-12-109-1-1,2023,2023-12-22,17:45,TARDE (12-17),LIMA,LIMA,CONDUCTOR,ILESO,,,MASCULINO,56,ÓMNIBUS,ATROPELLO,URBANO,AVENIDA,URBANA,RESIDENCIAL,TRAMO RECTO,ASFALTADA
A-2023-12-109,P-2023-12-109-1-2,2023,2023-12-22,17:45,TARDE (12-17),LIMA,LIMA,PEATÓN,FALLECIDO,EN EL LUGAR DE LOS HECHOS,,MASCULINO,49,ÓMNIBUS,ATROPELLO,URBANO,AVENIDA,URBANA,RESIDENCIAL,TRAMO RECTO,ASFALTADA
A-2023-12-110,P-2023-12-110-1-1,2023,2023-12-23,04:30,MADRUGADA (00-05),LIMA,INDEPENDENCIA,CONDUCTOR FUGADO,NO SE CONOCE,,,NO INDICA,,VEHICULO NO IDENTIFICADO,ATROPELLO FUGA,NACIONAL,CARRETERA,URBANA,COMERCIAL,TRAMO RECTO,ASFALTADA
A-2023-12-110,P-2023-12-110-1-2,2023,2023-12-23,04:30,MADRUGADA (00-05),LIMA,INDEPENDENCIA,PEATÓN,FALLECIDO,EN EL LUGAR DE LOS HECHOS,,MASCULINO,38,VEHICULO NO IDENTIFICADO,ATROPELLO FUGA,NACIONAL,CARRETERA,URBANA,COMERCIAL,TRAMO RECTO,ASFALTADA
A-2023-12-111,P-2023-12-111-1-1,2023,2023-12-23,17:30,TARDE (12-17),LIMA,SANTA ANITA,CONDUCTOR,ILESO,,,MASCULINO,36,ÓMNIBUS,ATROPELLO,URBANO,AVENIDA,URBANA,COMERCIAL,INTERSECCIÓN,ASFALTADA
A-2023-12-111,P-2023-12-111-1-2,2023,2023-12-23,17:30,TARDE (12-17),LIMA,SANTA ANITA,PEATÓN,FALLECIDO,EN EL LUGAR DE LOS HECHOS,,MASCULINO,71,ÓMNIBUS,ATROPELLO,URBANO,AVENIDA,URBANA,COMERCIAL,INTERSECCIÓN,ASFALTADA
A-2023-12-112,P-2023-12-112-1-1,2023,2023-12-23,22:00,NOCHE (18-23),LIMA,LURIN,CONDUCTOR,FALLECIDO,EN EL LUGAR DE LOS HECHOS,,NO INDICA,,MOTOCICLETA,CHOQUE,NACIONAL,CARRETERA,RURAL,INDUSTRIAL,TRAMO RECTO,ASFALTADA
A-2023-12-112,P-2023-12-112-2-1,2023,2023-12-23,22:00,NOCHE (18-23),LIMA,LURIN,CONDUCTOR,ILESO,,,MASCULINO,34,AUTOMÓVIL,CHOQUE,NACIONAL,CARRETERA,RURAL,INDUSTRIAL,TRAMO RECTO,ASFALTADA
A-2023-12-147,P-2023-12-147-1-1,2023,2023-12-24,02:30,MADRUGADA (00-05),CALLAO,LA PERLA,CONDUCTOR,LESIONADO,,OTRO,MASCULINO,35,MOTOCICLETA,DESPISTE,DEPARTAMENTAL,CARRETERA,URBANA,COMERCIAL,TRAMO RECTO,ASFALTADA
A-2023-12-147,P-2023-12-147-1-2,2023,2023-12-24,02:30,MADRUGADA (00-05),CALLAO,LA PERLA,PASAJERO,FALLECIDO,EN EL LUGAR DE LOS HECHOS,,MASCULINO,25,MOTOCICLETA,DESPISTE,DEPARTAMENTAL,CARRETERA,URBANA,COMERCIAL,TRAMO RECTO,ASFALTADA
A-2023-12-113,P-2023-12-113-1-1,2023,2023-12-25,05:45,MADRUGADA (00-05),LIMA,SANTIAGO DE SURCO,CONDUCTOR,FALLECIDO,EN EL LUGAR DE LOS HECHOS,,MASCULINO,26,MOTOCICLETA,DESPISTE,URBANO,JIRÓN,URBANA,RESIDENCIAL,CURVA,ASFALTADA
A-2023-12-164,P-2023-12-164-1-1,2023,2023-12-25,14:00,TARDE (12-17),LIMA,ANCON,CONDUCTOR,LESIONADO,,CENTRO DE SALUD PÚBLICO,MASCULINO,64,AUTOMÓVIL,DESPISTE,NACIONAL,CARRETERA,RURAL,RURAL,OTRO,ASFALTADA
A-2023-12-164,P-2023-12-164-1-2,2023,2023-12-25,14:00,TARDE (12-17),LIMA,ANCON,PASAJERO,FALLECIDO,EN EL CENTRO DE SALUD,,FEMENINO,,AUTOMÓVIL,DESPISTE,NACIONAL,CARRETERA,RURAL,RURAL,OTRO,ASFALTADA
A-2023-12-114,P-2023-12-114-1-1,2023,2023-12-26,06:00,MANANA (06-11),LIMA,CHORRILLOS,CONDUCTOR,FALLECIDO,EN EL LUGAR DE LOS HECHOS,,MASCULINO,37,OTRO,DESPISTE,URBANO,VIA EXPRESA,URBANA,COMERCIAL,TRAMO RECTO,ASFALTADA
A-2023-12-114,P-2023-12-114-1-2,2023,2023-12-26,06:00,MANANA (06-11),LIMA,CHORRILLOS,PASAJERO,LESIONADO,,CENTRO DE SALUD PRIVADO,MASCULINO,30,OTRO,DESPISTE,URBANO,VIA EXPRESA,URBANA,COMERCIAL,TRAMO RECTO,ASFALTADA
A-2023-12-115,P-2023-12-115-1-1,2023,2023-12-27,16:40,TARDE (12-17),LIMA,LOS OLIVOS,CONDUCTOR,ILESO,,,MASCULINO,64,CAMIÓN,CHOQUE,URBANO,AVENIDA,URBANA,COMERCIAL,TRAMO RECTO,ASFALTADA
A-2023-12-115,P-2023-12-115-1-2,2023,2023-12-27,16:40,TARDE (12-17),LIMA,LOS OLIVOS,PEATÓN,FALLECIDO,EN EL LUGAR DE LOS HECHOS,,MASCULINO,43,CAMIÓN,CHOQUE,URBANO,AVENIDA,URBANA,COMERCIAL,TRAMO RECTO,ASFALTADA
A-2023-12-115,P-2023-12-115-2-1,2023,2023-12-27,16:40,TARDE (12-17),LIMA,LOS OLIVOS,CONDUCTOR,ILESO,,,MASCULINO,31,AUTOMÓVIL,CHOQUE,URBANO,AVENIDA,URBANA,COMERCIAL,TRAMO RECTO,ASFALTADA
A-2023-12-115,P-2023-12-115-2-2,2023,2023-12-27,16:40,TARDE (12-17),LIMA,LOS OLIVOS,PEATÓN,LESIONADO,,OTRO,MASCULINO,45,AUTOMÓVIL,CHOQUE,URBANO,AVENIDA,URBANA,COMERCIAL,TRAMO RECTO,ASFALTADA
A-2023-12-116,P-2023-12-116-1-1,2023,2023-12-27,19:30,NOCHE (18-23),LIMA,PUNTA HERMOSA,CONDUCTOR,FALLECIDO,EN EL LUGAR DE LOS HECHOS,,MASCULINO,40,AUTOMÓVIL,DESPISTE,NACIONAL,CARRETERA,RURAL,INDUSTRIAL,TRAMO RECTO,ASFALTADA
A-2023-12-116,P-2023-12-116-2-1,2023,2023-12-27,19:30,NOCHE (18-23),LIMA,PUNTA HERMOSA,CONDUCTOR,ILESO,,,MASCULINO,56,CAMIONETA PICK UP,DESPISTE,NACIONAL,CARRETERA,RURAL,INDUSTRIAL,TRAMO RECTO,ASFALTADA
A-2023-12-117,P-2023-12-117-1-1,2023,2023-12-28,21:10,NOCHE (18-23),LIMA,SAN BARTOLO,CONDUCTOR,ILESO,,,MASCULINO,56,CAMIONETA RURAL,ATROPELLO,NACIONAL,CARRETERA,RURAL,RURAL,TRAMO RECTO,ASFALTADA
A-2023-12-117,P-2023-12-117-1-2,2023,2023-12-28,21:10,NOCHE (18-23),LIMA,SAN BARTOLO,PEATÓN,FALLECIDO,EN EL LUGAR DE LOS HECHOS,,MASCULINO,40,CAMIONETA RURAL,ATROPELLO,NACIONAL,CARRETERA,RURAL,RURAL,TRAMO RECTO,ASFALTADA
A-2023-12-118,P-2023-12-118-1-1,2023,2023-12-29,21:10,NOCHE (18-23),LIMA,SURQUILLO,CONDUCTOR,ILESO,,,MASCULINO,30,AUTOMÓVIL,ATROPELLO,URBANO,CALLE,URBANA,RESIDENCIAL,TRAMO RECTO,ASFALTADA
A-2023-12-118,P-2023-12-118-1-2,2023,2023-12-29,21:10,NOCHE (18-23),LIMA,SURQUILLO,PEATÓN,FALLECIDO,EN EL LUGAR DE LOS HECHOS,,MASCULINO,73,AUTOMÓVIL,ATROPELLO,URBANO,CALLE,URBANA,RESIDENCIAL,TRAMO RECTO,ASFALTADA
A-2023-12-120,P-2023-12-120-1-1,2023,2023-12-30,08:30,MANANA (06-11),LIMA,LA VICTORIA,CONDUCTOR,ILESO,,,MASCULINO,38,CAMIÓN,ATROPELLO,URBANO,AVENIDA,URBANA,RESIDENCIAL,INTERSECCIÓN,ASFALTADA
A-2023-12-120,P-2023-12-120-1-2,2023,2023-12-30,08:30,MANANA (06-11),LIMA,LA VICTORIA,PEATÓN,FALLECIDO,EN EL LUGAR DE LOS HECHOS,,MASCULINO,70,CAMIÓN,ATROPELLO,URBANO,AVENIDA,URBANA,RESIDENCIAL,INTERSECCIÓN,ASFALTADA
A-2023-12-119,P-2023-12-119-1-1,2023,2023-12-30,11:52,MANANA (06-11),LIMA,SAN MIGUEL,CONDUCTOR,ILESO,,,MASCULINO,37,CAMIONETA RURAL,CHOQUE,URBANO,AVENIDA,URBANA,COMERCIAL,INTERSECCIÓN,ASFALTADA
A-2023-12-119,P-2023-12-119-2-1,2023,2023-12-30,11:52,MANANA (06-11),LIMA,SAN MIGUEL,CONDUCTOR,FALLECIDO,EN EL LUGAR DE LOS HECHOS,,FEMENINO,27,MOTOCICLETA,CHOQUE,URBANO,AVENIDA,URBANA,COMERCIAL,INTERSECCIÓN,ASFALTADA
