codigo_siniestro,codigo_persona,tipo_persona,gravedad,sexo,edad,vehiculo
A-2021-01-129,P-2021-01-129-1-1,CONDUCTOR,ILESO,MASCULINO,25,REMOLCADOR-SEMIREMOLQUE
A-2021-01-129,P-2021-01-129-1-2,PASAJERO,FALLECIDO,MASCULINO,29,REMOLCADOR-SEMIREMOLQUE
A-2021-01-195,P-2021-01-195-1-1,CONDUCTOR,ILESO,MASCULINO,34,ÓMNIBUS
A-2021-01-195,P-2021-01-195-2-1,CONDUCTOR,FALLECIDO,MASCULINO,10,BICICLETA
A-2021-01-248,P-2021-01-248-1-1,CONDUCTOR,LESIONADO,MASCULINO,28,TRIMOTO PASAJERO
A-2021-01-248,P-2021-01-248-1-2,PASAJERO,FALLECIDO,FEMENINO,25,TRIMOTO PASAJERO
A-2021-01-248,P-2021-01-248-1-3,PASAJERO,LESIONADO,MASCULINO,0,TRIMOTO PASAJERO
A-2021-01-248,P-2021-01-248-1-4,PASAJERO,LESIONADO,MASCULINO,64,TRIMOTO PASAJERO
A-2021-01-254,P-2021-01-254-1-1,CONDUCTOR,LESIONADO,MASCULINO,30,MOTOCICLETA
A-2021-01-254,P-2021-01-254-1-2,PEATÓN,FALLECIDO,MASCULINO,16,MOTOCICLETA
A-2021-01-258,P-2021-01-258-1-1,CONDUCTOR FUGADO,NO SE CONOCE,MASCULINO,,VEHICULO NO IDENTIFICADO
A-2021-01-258,P-2021-01-258-1-2,PEATÓN,FALLECIDO,MASCULINO,,VEHICULO NO IDENTIFICADO
A-2021-01-260,P-2021-01-260-1-1,CONDUCTOR,ILESO,MASCULINO,23,MOTOCICLETA
A-2021-01-260,P-2021-01-260-1-2,PEATÓN,FALLECIDO,MASCULINO,26,MOTOCICLETA
A-2021-01-262,P-2021-01-262-1-1,CONDUCTOR,ILESO,MASCULINO,26,AUTOMÓVIL
A-2021-01-262,P-2021-01-262-1-2,PASAJERO,FALLECIDO,FEMENINO,19,AUTOMÓVIL
A-2021-01-262,P-2021-01-262-2-1,CONDUCTOR,FALLECIDO,FEMENINO,31,MOTOCICLETA
A-2021-01-264,P-2021-01-264-1-1,CONDUCTOR,FALLECIDO,MASCULINO,41,SEMIREMOLQUE
A-2021-01-265,P-2021-01-265-1-1,CONDUCTOR,FALLECIDO,MASCULINO,64,CAMIONETA RURAL
A-2021-01-266,P-2021-01-266-1-1,CONDUCTOR,NO SE CONOCE,MASCULINO,35,CAMIONETA PICK UP
A-2021-01-266,P-2021-01-266-1-2,PEATÓN,FALLECIDO,MASCULINO,60,CAMIONETA PICK UP
A-2021-01-267,P-2021-01-267-1-1,CONDUCTOR,NO SE CONOCE,MASCULINO,32,MOTOCICLETA
A-2021-01-267,P-2021-01-267-1-2,PASAJERO,FALLECIDO,MASCULINO,22,MOTOCICLETA
A-2021-01-267,P-2021-01-267-2-1,CONDUCTOR,NO SE CONOCE,MASCULINO,35,CAMIÓN
A-2021-01-269,P-2021-01-269-1-1,CONDUCTOR,LESIONADO,MASCULINO,21,MOTOCICLETA
A-2021-01-269,P-2021-01-269-1-2,PASAJERO,FALLECIDO,MASCULINO,1,MOTOCICLETA
A-2021-01-270,P-2021-01-270-1-1,CONDUCTOR,NO SE CONOCE,MASCULINO,31,ÓMNIBUS
A-2021-01-270,P-2021-01-270-1-2,PASAJERO,FALLECIDO,MASCULINO,36,ÓMNIBUS
A-2021-01-270,P-2021-01-270-1-3,PASAJERO,LESIONADO,FEMENINO,26,ÓMNIBUS
A-2021-01-270,P-2021-01-270-1-4,PASAJERO,LESIONADO,MASCULINO,35,ÓMNIBUS
A-2021-01-270,P-2021-01-270-1-5,PASAJERO,LESIONADO,MASCULINO,13,ÓMNIBUS
A-2021-01-270,P-2021-01-270-2-1,CONDUCTOR,LESIONADO,MASCULINO,50,CAMIÓN
A-2021-01-271,P-2021-01-271-1-1,CONDUCTOR,NO SE CONOCE,MASCULINO,42,MOTOCICLETA
A-2021-01-271,P-2021-01-271-1-2,PEATÓN,FALLECIDO,MASCULINO,68,MOTOCICLETA
A-2021-01-272,P-2021-01-272-1-1,CONDUCTOR,NO SE CONOCE,MASCULINO,44,REMOLCADOR-SEMIREMOLQUE
A-2021-01-272,P-2021-01-272-1-2,PEATÓN,FALLECIDO,MASCULINO,31,REMOLCADOR-SEMIREMOLQUE
A-2021-01-273,P-2021-01-273-1-1,CONDUCTOR FUGADO,NO SE CONOCE,MASCULINO,,VEHICULO NO IDENTIFICADO
A-2021-01-273,P-2021-01-273-1-2,PEATÓN,FALLECIDO,FEMENINO,41,VEHICULO NO IDENTIFICADO
A-2021-01-274,P-2021-01-274-1-1,CONDUCTOR,NO SE CONOCE,MASCULINO,30,CAMIONETA PICK UP
A-2021-01-274,P-2021-01-274-2-1,CONDUCTOR,NO SE CONOCE,MASCULINO,18,TRIMOTO PASAJERO
A-2021-01-274,P-2021-01-274-2-2,PASAJERO,FALLECIDO,FEMENINO,73,TRIMOTO PASAJERO
A-2021-01-274,P-2021-01-274-2-3,PASAJERO,LESIONADO,FEMENINO,58,TRIMOTO PASAJERO
A-2021-01-282,P-2021-01-282-1-1,CONDUCTOR,LESIONADO,MASCULINO,46,CAMIÓN
A-2021-01-282,P-2021-01-282-1-2,PASAJERO,FALLECIDO,FEMENINO,38,CAMIÓN
A-2021-01-282,P-2021-01-282-2-1,CONDUCTOR FUGADO,NO SE CONOCE,MASCULINO,,VEHICULO NO IDENTIFICADO
A-2021-01-284,P-2021-01-284-1-1,CONDUCTOR,NO SE CONOCE,MASCULINO,35,CAMIÓN
A-2021-01-284,P-2021-01-284-2-1,CONDUCTOR,FALLECIDO,MASCULINO,30,BICICLETA
A-2021-01-288,P-2021-01-288-1-1,CONDUCTOR,FALLECIDO,MASCULINO,23,MOTOCICLETA
A-2021-01-288,P-2021-01-288-2-1,CONDUCTOR,NO SE CONOCE,MASCULINO,50,STATION WAGON
A-2021-01-356,P-2021-01-356-1-1,PEATÓN,FALLECIDO,MASCULINO,22,VEHICULO NO IDENTIFICADO
A-2021-01-356,P-2021-01-356-1-2,CONDUCTOR FUGADO,NO SE CONOCE,NO INDICA,,VEHICULO NO IDENTIFICADO
A-2021-01-381,P-2021-01-381-1-1,CONDUCTOR,NO SE CONOCE,MASCULINO,25,ÓMNIBUS
A-2021-01-381,P-2021-01-381-1-2,PEATÓN,FALLECIDO,MASCULINO,57,ÓMNIBUS
A-2021-01-391,P-2021-01-391-1-1,CONDUCTOR,LESIONADO,MASCULINO,38,AUTOMÓVIL
A-2021-01-391,P-2021-01-391-2-1,CONDUCTOR,FALLECIDO,MASCULINO,59,TRICICLO NO MOTORIZADO
A-2021-01-392,P-2021-01-392-1-1,CONDUCTOR,LESIONADO,MASCULINO,27,MOTOCICLETA
A-2021-01-392,P-2021-01-392-1-2,PEATÓN,FALLECIDO,FEMENINO,65,MOTOCICLETA
A-2021-02-124,P-2021-02-124-1-1,CONDUCTOR,ILESO,MASCULINO,42,AUTOMÓVIL
A-2021-02-124,P-2021-02-124-2-1,CONDUCTOR,FALLECIDO,FEMENINO,35,TRIMOTO CARGA
A-2021-02-127,P-2021-02-127-1-1,CONDUCTOR,ILESO,MASCULINO,37,REMOLCADOR
A-2021-02-127,P-2021-02-127-1-2,PEATÓN,FALLECIDO,MASCULINO,29,REMOLCADOR
A-2021-02-235,P-2021-02-235-1-1,CONDUCTOR,ILESO,MASCULINO,66,REMOLCADOR-SEMIREMOLQUE
A-2021-02-235,P-2021-02-235-2-1,CONDUCTOR,FALLECIDO,MASCULINO,21,MOTOCICLETA
A-2021-02-236,P-2021-02-236-1-1,CONDUCTOR,FALLECIDO,MASCULINO,32,MOTOCICLETA
A-2021-02-237,P-2021-02-237-1-1,CONDUCTOR,NO SE CONOCE,MASCULINO,20,MOTOCICLETA
A-2021-02-237,P-2021-02-237-1-2,PEATÓN,FALLECIDO,FEMENINO,25,MOTOCICLETA
A-2021-02-244,P-2021-02-244-1-1,CONDUCTOR,ILESO,MASCULINO,47,CAMIONETA RURAL
A-2021-02-244,P-2021-02-244-2-1,CONDUCTOR,FALLECIDO,MASCULINO,50,BICICLETA
A-2021-02-248,P-2021-02-248-1-1,CONDUCTOR,ILESO,MASCULINO,28,AUTOMÓVIL
A-2021-02-248,P-2021-02-248-2-1,CONDUCTOR,FALLECIDO,MASCULINO,69,AUTOMÓVIL
A-2021-02-249,P-2021-02-249-1-1,CONDUCTOR,ILESO,MASCULINO,57,CAMIÓN
A-2021-02-249,P-2021-02-249-1-2,PEATÓN,FALLECIDO,MASCULINO,56,CAMIÓN
A-2021-02-250,P-2021-02-250-1-1,CONDUCTOR,FALLECIDO,MASCULINO,22,MOTOCICLETA
A-2021-02-251,P-2021-02-251-1-1,CONDUCTOR,ILESO,MASCULINO,32,REMOLCADOR-SEMIREMOLQUE
A-2021-02-251,P-2021-02-251-2-1,CONDUCTOR,FALLECIDO,MASCULINO,61,MOTOCICLETA
A-2021-02-252,P-2021-02-252-1-1,CONDUCTOR,ILESO,MASCULINO,21,AUTOMÓVIL
A-2021-02-252,P-2021-02-252-2-1,CONDUCTOR,FALLECIDO,MASCULINO,50,BICICLETA
A-2021-02-253,P-2021-02-253-1-1,CONDUCTOR,ILESO,MASCULINO,26,BICICLETA
A-2021-02-253,P-2021-02-253-1-2,PEATÓN,FALLECIDO,FEMENINO,81,BICICLETA
A-2021-02-254,P-2021-02-254-1-1,CONDUCTOR,ILESO,MASCULINO,33,AUTOMÓVIL
A-2021-02-254,P-2021-02-254-2-1,CONDUCTOR,ILESO,MASCULINO,29,MOTOCICLETA
A-2021-02-254,P-2021-02-254-2-2,PASAJERO,FALLECIDO,MASCULINO,29,MOTOCICLETA
A-2021-02-255,P-2021-02-255-1-1,CONDUCTOR,NO SE CONOCE,MASCULINO,55,AUTOMÓVIL
A-2021-02-255,P-2021-02-255-1-2,PEATÓN,FALLECIDO,MASCULINO,34,AUTOMÓVIL
A-2021-02-256,P-2021-02-256-1-1,CONDUCTOR,ILESO,MASCULINO,23,AUTOMÓVIL
A-2021-02-256,P-2021-02-256-2-1,CONDUCTOR,FALLECIDO,MASCULINO,25,TRIMOTO PASAJERO
A-2021-02-256,P-2021-02-256-2-2,PASAJERO,LESIONADO,FEMENINO,20,TRIMOTO PASAJERO
A-2021-02-256,P-2021-02-256-2-3,PASAJERO,LESIONADO,FEMENINO,19,TRIMOTO PASAJERO
A-2021-02-257,P-2021-02-257-1-1,CONDUCTOR,ILESO,MASCULINO,30,ÓMNIBUS
A-2021-02-257,P-2021-02-257-1-2,PEATÓN,FALLECIDO,MASCULINO,41,ÓMNIBUS
A-2021-02-258,P-2021-02-258-1-1,CONDUCTOR,ILESO,MASCULINO,70,CAMIÓN
A-2021-02-258,P-2021-02-258-1-2,PEATÓN,FALLECIDO,MASCULINO,84,CAMIÓN
A-2021-02-259,P-2021-02-259-1-1,CONDUCTOR,FALLECIDO,MASCULINO,29,MOTOCICLETA
A-2021-02-260,P-2021-02-260-1-1,CONDUCTOR,ILESO,MASCULINO,38,ÓMNIBUS
A-2021-02-260,P-2021-02-260-2-1,CONDUCTOR,FALLECIDO,MASCULINO,49,BICICLETA
A-2021-02-261,P-2021-02-261-1-1,CONDUCTOR,ILESO,MASCULINO,35,AUTOMÓVIL
A-2021-02-261,P-2021-02-261-2-1,CONDUCTOR,FALLECIDO,MASCULINO,49,BICICLETA
A-2021-02-262,P-2021-02-262-1-1,CONDUCTOR,ILESO,MASCULINO,37,REMOLCADOR
A-2021-02-262,P-2021-02-262-1-2,PEATÓN,FALLECIDO,MASCULINO,74,REMOLCADOR
A-2021-02-263,P-2021-02-263-1-1,CONDUCTOR FUGADO,NO SE CONOCE,NO INDICA,,VEHICULO NO IDENTIFICADO
A-2021-02-263,P-2021-02-263-1-2,PEATÓN,FALLECIDO,MASCULINO,30,VEHICULO NO IDENTIFICADO
A-2021-02-264,P-2021-02-264-1-1,CONDUCTOR,ILESO,MASCULINO,31,REMOLCADOR
A-2021-02-264,P-2021-02-264-1-2,PASAJERO,FALLECIDO,FEMENINO,5,REMOLCADOR
A-2021-02-264,P-2021-02-264-1-3,PASAJERO,LESIONADO,FEMENINO,38,REMOLCADOR
A-2021-02-264,P-2021-02-264-1-4,PASAJERO,LESIONADO,FEMENINO,2,REMOLCADOR
A-2021-02-264,P-2021-02-264-1-5,PASAJERO,LESIONADO,FEMENINO,39,REMOLCADOR
A-2021-02-265,P-2021-02-265-1-1,CONDUCTOR,ILESO,MASCULINO,34,MINIBUS
A-2021-02-265,P-2021-02-265-1-2,PEATÓN,FALLECIDO,FEMENINO,7,MINIBUS
A-2021-02-265,P-2021-02-265-1-3,PEATÓN,FALLECIDO,FEMENINO,27,MINIBUS
A-2021-02-266,P-2021-02-266-1-1,CONDUCTOR,NO SE CONOCE,MASCULINO,,ÓMNIBUS
A-2021-02-266,P-2021-02-266-1-2,PEATÓN,FALLECIDO,NO INDICA,,ÓMNIBUS
A-2021-02-267,P-2021-02-267-1-1,CONDUCTOR FUGADO,NO SE CONOCE,NO INDICA,,VEHICULO NO IDENTIFICADO
A-2021-02-267,P-2021-02-267-1-2,PEATÓN,FALLECIDO,MASCULINO,,VEHICULO NO IDENTIFICADO
A-2021-02-268,P-2021-02-268-1-1,CONDUCTOR,ILESO,MASCULINO,34,AUTOMÓVIL
A-2021-02-268,P-2021-02-268-2-1,CONDUCTOR,FALLECIDO,MASCULINO,,MOTOCICLETA
A-2021-02-269,P-2021-02-269-1-1,CONDUCTOR,ILESO,MASCULINO,28,BICICLETA
A-2021-02-269,P-2021-02-269-1-2,PEATÓN,FALLECIDO,MASCULINO,86,BICICLETA
A-2021-02-270,P-2021-02-270-1-1,CONDUCTOR,ILESO,MASCULINO,30,ÓMNIBUS
A-2021-02-270,P-2021-02-270-1-2,PEATÓN,FALLECIDO,MASCULINO,,ÓMNIBUS
A-2021-02-271,P-2021-02-271-1-1,CONDUCTOR,FALLECIDO,MASCULINO,46,TRIMOTO PASAJERO
A-2021-03-170,P-2021-03-170-1-1,CONDUCTOR,NO SE CONOCE,MASCULINO,68,CAMIONETA RURAL
A-2021-03-170,P-2021-03-170-1-2,PEATÓN,FALLECIDO,MASCULINO,20,CAMIONETA RURAL
A-2021-03-171,P-2021-03-171-1-1,CONDUCTOR,FALLECIDO,MASCULINO,26,MOTOCICLETA
A-2021-03-175,P-2021-03-175-1-1,CONDUCTOR,FALLECIDO,MASCULINO,29,MOTOCICLETA
A-2021-03-201,P-2021-03-201-1-1,CONDUCTOR,NO SE CONOCE,MASCULINO,33,AUTOMÓVIL
A-2021-03-201,P-2021-03-201-1-2,PEATÓN,FALLECIDO,FEMENINO,38,AUTOMÓVIL
A-2021-03-202,P-2021-03-202-1-1,CONDUCTOR,NO SE CONOCE,MASCULINO,21,AUTOMÓVIL
A-2021-03-202,P-2021-03-202-1-2,PEATÓN,FALLECIDO,FEMENINO,24,AUTOMÓVIL
A-2021-03-202,P-2021-03-202-1-3,PEATÓN,FALLECIDO,FEMENINO,24,AUTOMÓVIL
A-2021-03-202,P-2021-03-202-1-4,PEATÓN,FALLECIDO,FEMENINO,0,AUTOMÓVIL
A-2021-03-218,P-2021-03-218-1-1,CONDUCTOR,FALLECIDO,MASCULINO,,TRICICLO NO MOTORIZADO
A-2021-03-221,P-2021-03-221-1-1,CONDUCTOR,NO SE CONOCE,MASCULINO,39,ÓMNIBUS
A-2021-03-221,P-2021-03-221-1-2,PEATÓN,FALLECIDO,MASCULINO,63,ÓMNIBUS
A-2021-03-228,P-2021-03-228-1-1,CONDUCTOR FUGADO,NO SE CONOCE,NO INDICA,,VEHICULO NO IDENTIFICADO
A-2021-03-228,P-2021-03-228-1-2,PEATÓN,FALLECIDO,MASCULINO,,VEHICULO NO IDENTIFICADO
A-2021-03-230,P-2021-03-230-1-1,CONDUCTOR,NO SE CONOCE,MASCULINO,40,CAMIONETA RURAL
A-2021-03-230,P-2021-03-230-1-2,PEATÓN,FALLECIDO,MASCULINO,80,CAMIONETA RURAL
A-2021-03-233,P-2021-03-233-1-1,CONDUCTOR,FALLECIDO,FEMENINO,62,BICICLETA
A-2021-03-236,P-2021-03-236-1-1,CONDUCTOR,FALLECIDO,MASCULINO,35,CAMIÓN
A-2021-03-237,P-2021-03-237-1-1,CONDUCTOR,NO SE CONOCE,MASCULINO,40,CAMIÓN
A-2021-03-237,P-2021-03-237-1-2,PEATÓN,FALLECIDO,MASCULINO,74,CAMIÓN
A-2021-03-238,P-2021-03-238-1-1,CONDUCTOR,NO SE CONOCE,MASCULINO,43,REMOLCADOR-SEMIREMOLQUE
A-2021-03-238,P-2021-03-238-2-1,CONDUCTOR,FALLECIDO,NO INDICA,,MOTOCICLETA
A-2021-03-240,P-2021-03-240-1-1,CONDUCTOR,NO SE CONOCE,MASCULINO,,TRIMOTO PASAJERO
A-2021-03-240,P-2021-03-240-1-2,PEATÓN,FALLECIDO,MASCULINO,60,TRIMOTO PASAJERO
A-2021-03-243,P-2021-03-243-1-1,CONDUCTOR,NO SE CONOCE,MASCULINO,,CAMIONETA PICK UP
A-2021-03-243,P-2021-03-243-2-1,CONDUCTOR,FALLECIDO,MASCULINO,20,MOTOCICLETA
A-2021-03-297,P-2021-03-297-1-1,CONDUCTOR,FALLECIDO,MASCULINO,42,MOTOCICLETA
A-2021-03-299,P-2021-03-299-1-1,CONDUCTOR,NO SE CONOCE,MASCULINO,,AUTOMÓVIL
A-2021-03-299,P-2021-03-299-1-2,PEATÓN,FALLECIDO,MASCULINO,,AUTOMÓVIL
A-2021-03-311,P-2021-03-311-1-1,CONDUCTOR,LESIONADO,MASCULINO,36,MOTOCICLETA
A-2021-03-311,P-2021-03-311-1-2,PEATÓN,FALLECIDO,FEMENINO,84,MOTOCICLETA
A-2021-03-326,P-2021-03-326-1-1,CONDUCTOR,ILESO,MASCULINO,59,AUTOMÓVIL
A-2021-03-326,P-2021-03-326-1-2,PEATÓN,FALLECIDO,MASCULINO,,AUTOMÓVIL
A-2021-03-346,P-2021-03-346-1-1,CONDUCTOR FUGADO,NO SE CONOCE,NO INDICA,,VEHICULO NO IDENTIFICADO
A-2021-03-346,P-2021-03-346-1-2,PEATÓN,FALLECIDO,MASCULINO,,VEHICULO NO IDENTIFICADO
A-2021-03-349,P-2021-03-349-1-1,CONDUCTOR,FALLECIDO,MASCULINO,,AUTOMÓVIL
A-2021-03-352,P-2021-03-352-1-1,CONDUCTOR,ILESO,MASCULINO,49,CAMIÓN
A-2021-03-352,P-2021-03-352-1-2,PEATÓN,FALLECIDO,MASCULINO,59,CAMIÓN
A-2021-03-353,P-2021-03-353-1-1,CONDUCTOR,ILESO,MASCULINO,51,REMOLCADOR-SEMIREMOLQUE
A-2021-03-353,P-2021-03-353-1-2,PEATÓN,FALLECIDO,MASCULINO,79,REMOLCADOR-SEMIREMOLQUE
A-2021-03-354,P-2021-03-354-1-1,CONDUCTOR,ILESO,MASCULINO,37,AUTOMÓVIL
A-2021-03-354,P-2021-03-354-1-2,PEATÓN,FALLECIDO,MASCULINO,86,AUTOMÓVIL
A-2021-03-355,P-2021-03-355-1-1,CONDUCTOR,ILESO,MASCULINO,38,ÓMNIBUS
A-2021-03-355,P-2021-03-355-2-1,CONDUCTOR,FALLECIDO,MASCULINO,28,MOTOCICLETA
A-2021-03-356,P-2021-03-356-1-1,CONDUCTOR,ILESO,MASCULINO,40,AUTOMÓVIL
A-2021-03-356,P-2021-03-356-1-2,PASAJERO,LESIONADO,MASCULINO,,AUTOMÓVIL
A-2021-03-356,P-2021-03-356-1-3,PASAJERO,LESIONADO,MASCULINO,,AUTOMÓVIL
A-2021-03-356,P-2021-03-356-2-1,CONDUCTOR,FALLECIDO,MASCULINO,50,CAMIONETA PICK UP
A-2021-03-357,P-2021-03-357-1-1,CONDUCTOR,FALLECIDO,MASCULINO,22,MOTOCICLETA
A-2021-03-357,P-2021-03-357-2-1,CONDUCTOR,ILESO,MASCULINO,44,STATION WAGON
A-2021-03-357,P-2021-03-357-2-2,PASAJERO,LESIONADO,FEMENINO,,STATION WAGON
A-2021-03-357,P-2021-03-357-2-3,PASAJERO,LESIONADO,FEMENINO,46,STATION WAGON
A-2021-03-358,P-2021-03-358-1-1,CONDUCTOR,ILESO,MASCULINO,,ÓMNIBUS
A-2021-03-358,P-2021-03-358-2-1,CONDUCTOR,ILESO,MASCULINO,,AUTOMÓVIL
A-2021-03-358,P-2021-03-358-2-2,PEATÓN,FALLECIDO,MASCULINO,,AUTOMÓVIL
A-2021-03-359,P-2021-03-359-1-1,CONDUCTOR,ILESO,MASCULINO,,MOTOCICLETA
A-2021-03-359,P-2021-03-359-1-2,PEATÓN,FALLECIDO,MASCULINO,75,MOTOCICLETA
A-2021-03-360,P-2021-03-360-1-1,CONDUCTOR,FALLECIDO,MASCULINO,,TRIMOTO PASAJERO
A-2021-03-361,P-2021-03-361-1-1,CONDUCTOR,ILESO,MASCULINO,53,ÓMNIBUS
A-2021-03-361,P-2021-03-361-1-2,PEATÓN,FALLECIDO,FEMENINO,89,ÓMNIBUS
A-2021-03-69,P-2021-03-69-1-1,CONDUCTOR,NO SE CONOCE,MASCULINO,23,MINIBUS
A-2021-03-69,P-2021-03-69-1-2,PASAJERO,FALLECIDO,FEMENINO,21,MINIBUS
A-2021-04-140,P-2021-04-140-1-1,CONDUCTOR,ILESO,MASCULINO,48,CAMIÓN
A-2021-04-140,P-2021-04-140-1-2,PEATÓN,FALLECIDO,MASCULINO,59,CAMIÓN
A-2021-04-141,P-2021-04-141-1-1,CONDUCTOR,ILESO,MASCULINO,38,AUTOMÓVIL
A-2021-04-141,P-2021-04-141-2-1,CONDUCTOR,FALLECIDO,FEMENINO,30,BICICLETA
A-2021-04-200,P-2021-04-200-1-1,CONDUCTOR,ILESO,MASCULINO,58,REMOLCADOR-SEMIREMOLQUE
A-2021-04-200,P-2021-04-200-1-2,PEATÓN,FALLECIDO,FEMENINO,72,REMOLCADOR-SEMIREMOLQUE
A-2021-04-219,P-2021-04-219-1-1,CONDUCTOR,ILESO,MASCULINO,47,AUTOMÓVIL
A-2021-04-219,P-2021-04-219-1-2,PEATÓN,FALLECIDO,MASCULINO,,AUTOMÓVIL
A-2021-04-220,P-2021-04-220-1-1,CONDUCTOR,ILESO,MASCULINO,,CAMIÓN
A-2021-04-220,P-2021-04-220-2-1,CONDUCTOR,ILESO,MASCULINO,46,ÓMNIBUS
A-2021-04-220,P-2021-04-220-2-2,PASAJERO,LESIONADO,FEMENINO,35,ÓMNIBUS
A-2021-04-220,P-2021-04-220-2-3,PASAJERO,LESIONADO,FEMENINO,45,ÓMNIBUS
A-2021-04-220,P-2021-04-220-2-4,PASAJERO,LESIONADO,FEMENINO,45,ÓMNIBUS
A-2021-04-220,P-2021-04-220-2-5,PASAJERO,LESIONADO,FEMENINO,41,ÓMNIBUS
A-2021-04-220,P-2021-04-220-3-1,CONDUCTOR,FALLECIDO,FEMENINO,,TRICICLO NO MOTORIZADO
A-2021-04-221,P-2021-04-221-1-1,CONDUCTOR,NO SE CONOCE,MASCULINO,30,ÓMNIBUS
A-2021-04-221,P-2021-04-221-1-2,PEATÓN,FALLECIDO,MASCULINO,68,ÓMNIBUS
A-2021-04-222,P-2021-04-222-1-1,CONDUCTOR FUGADO,NO SE CONOCE,NO INDICA,,VEHICULO NO IDENTIFICADO
A-2021-04-222,P-2021-04-222-1-2,PEATÓN,FALLECIDO,NO INDICA,,VEHICULO NO IDENTIFICADO
A-2021-04-231,P-2021-04-231-1-1,CONDUCTOR,NO SE CONOCE,MASCULINO,,REMOLCADOR-SEMIREMOLQUE
A-2021-04-231,P-2021-04-231-1-2,PEATÓN,FALLECIDO,NO INDICA,,REMOLCADOR-SEMIREMOLQUE
A-2021-04-232,P-2021-04-232-1-1,CONDUCTOR,NO SE CONOCE,MASCULINO,,CAMIÓN
A-2021-04-232,P-2021-04-232-1-2,PEATÓN,FALLECIDO,MASCULINO,0,CAMIÓN
A-2021-04-233,P-2021-04-233-1-1,CONDUCTOR FUGADO,NO SE CONOCE,NO INDICA,,VEHICULO NO IDENTIFICADO
A-2021-04-233,P-2021-04-233-1-2,PEATÓN,FALLECIDO,MASCULINO,49,VEHICULO NO IDENTIFICADO
A-2021-04-234,P-2021-04-234-1-1,CONDUCTOR,FALLECIDO,MASCULINO,40,AUTOMÓVIL
A-2021-04-235,P-2021-04-235-1-1,CONDUCTOR,ILESO,MASCULINO,26,MOTOCICLETA
A-2021-04-235,P-2021-04-235-1-2,PEATÓN,FALLECIDO,MASCULINO,,MOTOCICLETA
A-2021-04-239,P-2021-04-239-1-1,CONDUCTOR,ILESO,MASCULINO,22,ÓMNIBUS
A-2021-04-239,P-2021-04-239-1-2,PASAJERO,LESIONADO,MASCULINO,54,ÓMNIBUS
A-2021-04-239,P-2021-04-239-1-3,PEATÓN,LESIONADO,FEMENINO,44,ÓMNIBUS
A-2021-04-239,P-2021-04-239-1-4,PEATÓN,LESIONADO,FEMENINO,51,ÓMNIBUS
A-2021-04-239,P-2021-04-239-2-1,CONDUCTOR,LESIONADO,MASCULINO,,STATION WAGON
A-2021-04-239,P-2021-04-239-2-2,PASAJERO,LESIONADO,FEMENINO,0,STATION WAGON
A-2021-04-239,P-2021-04-239-3-1,CONDUCTOR,LESIONADO,MASCULINO,25,MOTOCICLETA
A-2021-04-239,P-2021-04-239-4-1,CONDUCTOR,FALLECIDO,FEMENINO,77,BICICLETA
A-2021-04-240,P-2021-04-240-1-1,CONDUCTOR,ILESO,MASCULINO,34,ÓMNIBUS
A-2021-04-240,P-2021-04-240-1-2,PEATÓN,FALLECIDO,MASCULINO,,ÓMNIBUS
A-2021-04-241,P-2021-04-241-1-1,CONDUCTOR FUGADO,NO SE CONOCE,NO INDICA,,VEHICULO NO IDENTIFICADO
A-2021-04-241,P-2021-04-241-1-2,PEATÓN,FALLECIDO,NO INDICA,,VEHICULO NO IDENTIFICADO
A-2021-04-242,P-2021-04-242-1-1,CONDUCTOR,ILESO,MASCULINO,,ÓMNIBUS
A-2021-04-242,P-2021-04-242-2-1,CONDUCTOR,FALLECIDO,MASCULINO,,MOTOCICLETA
A-2021-04-243,P-2021-04-243-1-1,CONDUCTOR,ILESO,MASCULINO,41,CAMIÓN
A-2021-04-243,P-2021-04-243-2-1,CONDUCTOR,ILESO,MASCULINO,41,CAMIONETA RURAL
A-2021-04-243,P-2021-04-243-2-2,PASAJERO,LESIONADO,MASCULINO,46,CAMIONETA RURAL
A-2021-04-243,P-2021-04-243-2-3,PASAJERO,LESIONADO,FEMENINO,51,CAMIONETA RURAL
A-2021-04-243,P-2021-04-243-3-1,CONDUCTOR,ILESO,MASCULINO,52,CAMIÓN
A-2021-04-243,P-2021-04-243-3-2,PEATÓN,FALLECIDO,MASCULINO,57,CAMIÓN
A-2021-04-244,P-2021-04-244-1-1,CONDUCTOR,ILESO,MASCULINO,21,MOTOCICLETA
A-2021-04-244,P-2021-04-244-1-2,PEATÓN,FALLECIDO,MASCULINO,,MOTOCICLETA
A-2021-04-245,P-2021-04-245-1-1,CONDUCTOR,ILESO,MASCULINO,38,AUTOMÓVIL
A-2021-04-245,P-2021-04-245-1-2,PEATÓN,FALLECIDO,MASCULINO,65,AUTOMÓVIL
A-2021-04-246,P-2021-04-246-1-1,CONDUCTOR,ILESO,MASCULINO,32,REMOLCADOR-SEMIREMOLQUE
A-2021-04-246,P-2021-04-246-1-2,PEATÓN,FALLECIDO,MASCULINO,49,REMOLCADOR-SEMIREMOLQUE
A-2021-04-250,P-2021-04-250-1-1,CONDUCTOR,ILESO,MASCULINO,46,REMOLCADOR-SEMIREMOLQUE
A-2021-04-250,P-2021-04-250-1-2,PEATÓN,FALLECIDO,MASCULINO,27,REMOLCADOR-SEMIREMOLQUE
A-2021-04-252,P-2021-04-252-1-1,CONDUCTOR FUGADO,NO SE CONOCE,NO INDICA,,VEHICULO NO IDENTIFICADO
A-2021-04-252,P-2021-04-252-1-2,PEATÓN,FALLECIDO,MASCULINO,,VEHICULO NO IDENTIFICADO
A-2021-04-253,P-2021-04-253-1-1,CONDUCTOR,FALLECIDO,MASCULINO,30,MOTOCICLETA
A-2021-04-254,P-2021-04-254-1-1,CONDUCTOR,ILESO,MASCULINO,51,MINIBUS
A-2021-04-254,P-2021-04-254-1-2,PEATÓN,FALLECIDO,NO INDICA,,MINIBUS
A-2021-04-255,P-2021-04-255-1-1,CONDUCTOR,ILESO,MASCULINO,32,CAMIÓN
A-2021-04-255,P-2021-04-255-1-2,PEATÓN,FALLECIDO,FEMENINO,76,CAMIÓN
A-2021-04-256,P-2021-04-256-1-1,CONDUCTOR,ILESO,MASCULINO,53,ÓMNIBUS
A-2021-04-256,P-2021-04-256-1-2,PASAJERO,LESIONADO,MASCULINO,58,ÓMNIBUS
A-2021-04-256,P-2021-04-256-1-3,PASAJERO,LESIONADO,FEMENINO,60,ÓMNIBUS
A-2021-04-256,P-2021-04-256-2-1,CONDUCTOR,FALLECIDO,MASCULINO,,AUTOMÓVIL
A-2021-04-256,P-2021-04-256-2-2,PASAJERO,FALLECIDO,MASCULINO,,AUTOMÓVIL
A-2021-04-258,P-2021-04-258-1-1,CONDUCTOR,FALLECIDO,MASCULINO,,MOTOCICLETA
A-2021-04-258,P-2021-04-258-2-1,CONDUCTOR,NO SE CONOCE,NO INDICA,,VEHICULO NO IDENTIFICADO
A-2021-04-259,P-2021-04-259-1-1,CONDUCTOR,ILESO,MASCULINO,59,AUTOMÓVIL
A-2021-04-259,P-2021-04-259-2-1,CONDUCTOR,FALLECIDO,MASCULINO,61,MOTOCICLETA
A-2021-04-260,P-2021-04-260-1-1,CONDUCTOR,FALLECIDO,MASCULINO,27,MOTOCICLETA
A-2021-04-260,P-2021-04-260-1-2,PASAJERO,LESIONADO,MASCULINO,21,MOTOCICLETA
A-2021-04-260,P-2021-04-260-2-1,CONDUCTOR,ILESO,MASCULINO,64,OTRO
A-2021-04-261,P-2021-04-261-1-1,CONDUCTOR,ILESO,MASCULINO,33,CAMIÓN
A-2021-04-261,P-2021-04-261-1-2,PEATÓN,FALLECIDO,MASCULINO,,CAMIÓN
A-2021-04-309,P-2021-04-309-1-1,CONDUCTOR,ILESO,MASCULINO,36,REMOLCADOR-SEMIREMOLQUE
A-2021-04-309,P-2021-04-309-1-2,PEATÓN,FALLECIDO,FEMENINO,54,REMOLCADOR-SEMIREMOLQUE
A-2021-04-310,P-2021-04-310-1-1,CONDUCTOR,ILESO,MASCULINO,63,OTRO
A-2021-04-310,P-2021-04-310-1-2,PEATÓN,FALLECIDO,MASCULINO,78,OTRO
A-2021-04-39,P-2021-04-39-1-1,CONDUCTOR,LESIONADO,MASCULINO,67,MINIBUS
A-2021-04-39,P-2021-04-39-2-1,CONDUCTOR,LESIONADO,MASCULINO,60,CAMIONETA PICK UP
A-2021-04-39,P-2021-04-39-3-1,CONDUCTOR,FALLECIDO,MASCULINO,37,MOTOCICLETA
A-2021-04-6,P-2021-04-6-1-1,CONDUCTOR,ILESO,MASCULINO,32,AUTOMÓVIL
A-2021-04-6,P-2021-04-6-1-2,PASAJERO,FALLECIDO,MASCULINO,28,AUTOMÓVIL
A-2021-04-6,P-2021-04-6-1-3,PASAJERO,FALLECIDO,MASCULINO,25,AUTOMÓVIL
A-2021-04-6,P-2021-04-6-1-4,PASAJERO,LESIONADO,MASCULINO,21,AUTOMÓVIL
A-2021-04-6,P-2021-04-6-1-5,PASAJERO,LESIONADO,MASCULINO,27,AUTOMÓVIL
A-2021-04-6,P-2021-04-6-1-6,PASAJERO,LESIONADO,MASCULINO,27,AUTOMÓVIL
A-2021-04-6,P-2021-04-6-1-7,PASAJERO,LESIONADO,MASCULINO,35,AUTOMÓVIL
A-2021-04-6,P-2021-04-6-1-8,PASAJERO,LESIONADO,MASCULINO,28,AUTOMÓVIL
A-2021-04-84,P-2021-04-84-1-1,CONDUCTOR,LESIONADO,MASCULINO,28,AUTOMÓVIL
A-2021-04-84,P-2021-04-84-1-2,PASAJERO,LESIONADO,FEMENINO,24,AUTOMÓVIL
A-2021-04-84,P-2021-04-84-2-1,CONDUCTOR FUGADO,NO SE CONOCE,NO INDICA,,CAMIONETA RURAL
A-2021-04-84,P-2021-04-84-2-2,PASAJERO,LESIONADO,MASCULINO,22,CAMIONETA RURAL
A-2021-04-84,P-2021-04-84-2-3,PEATÓN,FALLECIDO,MASCULINO,47,CAMIONETA RURAL
A-2021-05-116,P-2021-05-116-1-1,CONDUCTOR,FALLECIDO,MASCULINO,65,AUTOMÓVIL
A-2021-05-123,P-2021-05-123-1-1,CONDUCTOR,ILESO,MASCULINO,23,MOTOCICLETA
A-2021-05-123,P-2021-05-123-1-2,PEATÓN,FALLECIDO,FEMENINO,,MOTOCICLETA
A-2021-05-124,P-2021-05-124-1-1,CONDUCTOR,FALLECIDO,MASCULINO,27,MOTOCICLETA
A-2021-05-124,P-2021-05-124-2-1,CONDUCTOR FUGADO,NO SE CONOCE,NO INDICA,,VEHICULO NO IDENTIFICADO
A-2021-05-125,P-2021-05-125-1-1,CONDUCTOR,FALLECIDO,MASCULINO,26,MOTOCICLETA
A-2021-05-125,P-2021-05-125-2-1,CONDUCTOR,ILESO,MASCULINO,48,AUTOMÓVIL
A-2021-05-126,P-2021-05-126-1-1,CONDUCTOR,ILESO,MASCULINO,38,AUTOMÓVIL
A-2021-05-126,P-2021-05-126-1-2,PEATÓN,FALLECIDO,NO INDICA,,AUTOMÓVIL
A-2021-05-127,P-2021-05-127-1-1,CONDUCTOR,ILESO,MASCULINO,53,ÓMNIBUS
A-2021-05-127,P-2021-05-127-1-2,PEATÓN,FALLECIDO,MASCULINO,,ÓMNIBUS
A-2021-05-128,P-2021-05-128-1-1,CONDUCTOR,NO SE CONOCE,MASCULINO,,CAMIONETA RURAL
A-2021-05-128,P-2021-05-128-1-2,PEATÓN,FALLECIDO,NO INDICA,,CAMIONETA RURAL
A-2021-05-128,P-2021-05-128-1-3,PASAJERO,LESIONADO,MASCULINO,56,CAMIONETA RURAL
A-2021-05-129,P-2021-05-129-1-1,CONDUCTOR,ILESO,MASCULINO,24,AUTOMÓVIL
A-2021-05-129,P-2021-05-129-1-2,PEATÓN,FALLECIDO,FEMENINO,,AUTOMÓVIL
A-2021-05-130,P-2021-05-130-1-1,CONDUCTOR,ILESO,MASCULINO,34,AUTOMÓVIL
A-2021-05-130,P-2021-05-130-1-2,PEATÓN,FALLECIDO,FEMENINO,47,AUTOMÓVIL
A-2021-05-131,P-2021-05-131-1-1,CONDUCTOR FUGADO,NO SE CONOCE,NO INDICA,,VEHICULO NO IDENTIFICADO
A-2021-05-131,P-2021-05-131-1-2,PEATÓN,FALLECIDO,MASCULINO,61,VEHICULO NO IDENTIFICADO
A-2021-05-132,P-2021-05-132-1-1,CONDUCTOR,ILESO,MASCULINO,58,STATION WAGON
A-2021-05-132,P-2021-05-132-1-2,PEATÓN,FALLECIDO,MASCULINO,83,STATION WAGON
A-2021-05-133,P-2021-05-133-1-1,CONDUCTOR,ILESO,MASCULINO,34,CAMIONETA PANEL
A-2021-05-133,P-2021-05-133-2-1,CONDUCTOR,FALLECIDO,NO INDICA,,BICICLETA
A-2021-05-134,P-2021-05-134-1-1,CONDUCTOR,FALLECIDO,MASCULINO,,MOTOCICLETA
A-2021-05-311,P-2021-05-311-1-1,CONDUCTOR,FALLECIDO,MASCULINO,29,MOTOCICLETA
A-2021-05-311,P-2021-05-311-2-1,CONDUCTOR,ILESO,MASCULINO,48,ÓMNIBUS
A-2021-05-312,P-2021-05-312-1-1,CONDUCTOR,ILESO,MASCULINO,,ÓMNIBUS
A-2021-05-312,P-2021-05-312-1-2,PEATÓN,FALLECIDO,MASCULINO,48,ÓMNIBUS
A-2021-05-313,P-2021-05-313-1-1,CONDUCTOR,ILESO,MASCULINO,35,AUTOMÓVIL
A-2021-05-313,P-2021-05-313-1-2,PEATÓN,FALLECIDO,MASCULINO,,AUTOMÓVIL
A-2021-05-313,P-2021-05-313-1-3,PEATÓN,FALLECIDO,MASCULINO,,AUTOMÓVIL
A-2021-05-314,P-2021-05-314-1-1,CONDUCTOR,FALLECIDO,MASCULINO,26,TRICICLO MOTORIZADO
A-2021-05-314,P-2021-05-314-2-1,CONDUCTOR,NO SE CONOCE,MASCULINO,,CAMIONETA RURAL
A-2021-05-315,P-2021-05-315-1-1,CONDUCTOR,ILESO,MASCULINO,47,CAMIONETA RURAL
A-2021-05-315,P-2021-05-315-1-2,PEATÓN,FALLECIDO,MASCULINO,,CAMIONETA RURAL
A-2021-05-80,P-2021-05-80-1-1,CONDUCTOR,ILESO,MASCULINO,59,CAMIÓN
A-2021-05-80,P-2021-05-80-1-2,PEATÓN,FALLECIDO,MASCULINO,22,CAMIÓN
A-2021-06-100,P-2021-06-100-1-1,CONDUCTOR,ILESO,MASCULINO,,REMOLCADOR
A-2021-06-100,P-2021-06-100-1-2,PEATÓN,FALLECIDO,MASCULINO,83,REMOLCADOR
A-2021-06-101,P-2021-06-101-1-1,CONDUCTOR,ILESO,MASCULINO,26,REMOLCADOR
A-2021-06-101,P-2021-06-101-1-2,PEATÓN,FALLECIDO,MASCULINO,28,REMOLCADOR
A-2021-06-102,P-2021-06-102-1-1,CONDUCTOR,ILESO,MASCULINO,37,ÓMNIBUS
A-2021-06-102,P-2021-06-102-2-1,CONDUCTOR,FALLECIDO,MASCULINO,51,TRIMOTO CARGA
A-2021-06-103,P-2021-06-103-1-1,CONDUCTOR,ILESO,MASCULINO,63,REMOLCADOR
A-2021-06-103,P-2021-06-103-2-1,CONDUCTOR,FALLECIDO,MASCULINO,39,TRIMOTO PASAJERO
A-2021-06-111,P-2021-06-111-1-1,CONDUCTOR,ILESO,MASCULINO,55,CAMIÓN
A-2021-06-111,P-2021-06-111-2-1,CONDUCTOR,FALLECIDO,MASCULINO,63,CAMIONETA PICK UP
A-2021-06-112,P-2021-06-112-1-1,CONDUCTOR,ILESO,MASCULINO,23,MOTOCICLETA
A-2021-06-112,P-2021-06-112-1-2,PEATÓN,FALLECIDO,FEMENINO,,MOTOCICLETA
A-2021-06-113,P-2021-06-113-1-1,CONDUCTOR,FALLECIDO,MASCULINO,,MOTOCICLETA
A-2021-06-114,P-2021-06-114-1-1,CONDUCTOR,ILESO,MASCULINO,43,REMOLCADOR
A-2021-06-114,P-2021-06-114-2-1,CONDUCTOR,FALLECIDO,MASCULINO,,CAMIÓN
A-2021-06-115,P-2021-06-115-1-1,CONDUCTOR,ILESO,MASCULINO,36,CAMIONETA PICK UP
A-2021-06-115,P-2021-06-115-1-2,PEATÓN,FALLECIDO,FEMENINO,58,CAMIONETA PICK UP
A-2021-06-116,P-2021-06-116-1-1,CONDUCTOR,ILESO,MASCULINO,60,ÓMNIBUS
A-2021-06-116,P-2021-06-116-1-2,PEATÓN,FALLECIDO,NO INDICA,,ÓMNIBUS
A-2021-06-117,P-2021-06-117-1-1,CONDUCTOR,FALLECIDO,MASCULINO,,MOTOCICLETA
A-2021-06-117,P-2021-06-117-2-1,CONDUCTOR,ILESO,MASCULINO,39,ÓMNIBUS
A-2021-06-117,P-2021-06-117-3-1,CONDUCTOR,ILESO,MASCULINO,47,AUTOMÓVIL
A-2021-06-125,P-2021-06-125-1-1,CONDUCTOR,ILESO,MASCULINO,69,ÓMNIBUS
A-2021-06-125,P-2021-06-125-2-1,CONDUCTOR,FALLECIDO,MASCULINO,24,MOTOCICLETA
A-2021-06-145,P-2021-06-145-1-1,PEATÓN,FALLECIDO,MASCULINO,50,VEHICULO NO IDENTIFICADO
A-2021-06-145,P-2021-06-145-1-2,CONDUCTOR FUGADO,NO SE CONOCE,NO INDICA,,VEHICULO NO IDENTIFICADO
A-2021-06-199,P-2021-06-199-1-1,CONDUCTOR FUGADO,NO SE CONOCE,NO INDICA,,VEHICULO NO IDENTIFICADO
A-2021-06-199,P-2021-06-199-1-2,PEATÓN,FALLECIDO,MASCULINO,,VEHICULO NO IDENTIFICADO
A-2021-06-245,P-2021-06-245-1-1,PEATÓN,FALLECIDO,MASCULINO,63,VEHICULO NO IDENTIFICADO
A-2021-06-245,P-2021-06-245-1-2,CONDUCTOR FUGADO,NO SE CONOCE,NO INDICA,,VEHICULO NO IDENTIFICADO
A-2021-06-246,P-2021-06-246-1-1,CONDUCTOR,ILESO,MASCULINO,,ÓMNIBUS
A-2021-06-246,P-2021-06-246-1-2,PEATÓN,FALLECIDO,NO INDICA,,ÓMNIBUS
A-2021-06-247,P-2021-06-247-1-1,CONDUCTOR,LESIONADO,MASCULINO,66,TRIMOTO CARGA
A-2021-06-247,P-2021-06-247-1-2,PASAJERO,FALLECIDO,MASCULINO,,TRIMOTO CARGA
A-2021-06-247,P-2021-06-247-2-1,CONDUCTOR,ILESO,MASCULINO,39,CAMIÓN
A-2021-06-247,P-2021-06-247-2-2,PASAJERO,LESIONADO,FEMENINO,0,CAMIÓN
A-2021-06-248,P-2021-06-248-1-1,CONDUCTOR FUGADO,NO SE CONOCE,NO INDICA,,CAMIONETA RURAL
A-2021-06-248,P-2021-06-248-1-2,PEATÓN,FALLECIDO,NO INDICA,,CAMIONETA RURAL
A-2021-06-249,P-2021-06-249-1-1,CONDUCTOR,ILESO,MASCULINO,54,AUTOMÓVIL
A-2021-06-249,P-2021-06-249-2-1,CONDUCTOR,FALLECIDO,MASCULINO,27,MOTOCICLETA
A-2021-06-250,P-2021-06-250-1-1,CONDUCTOR,ILESO,MASCULINO,,CAMIONETA PICK UP
A-2021-06-250,P-2021-06-250-2-1,CONDUCTOR,FALLECIDO,MASCULINO,,MOTOCICLETA
A-2021-06-251,P-2021-06-251-1-1,CONDUCTOR,NO SE CONOCE,MASCULINO,27,AUTOMÓVIL
A-2021-06-251,P-2021-06-251-1-2,PEATÓN,FALLECIDO,FEMENINO,46,AUTOMÓVIL
A-2021-06-252,P-2021-06-252-1-1,CONDUCTOR,FALLECIDO,NO INDICA,,MOTOCICLETA
A-2021-06-252,P-2021-06-252-1-2,PASAJERO,LESIONADO,MASCULINO,,MOTOCICLETA
A-2021-06-257,P-2021-06-257-1-1,PEATÓN,FALLECIDO,NO INDICA,,VEHICULO NO IDENTIFICADO
A-2021-06-257,P-2021-06-257-1-2,CONDUCTOR FUGADO,NO SE CONOCE,NO INDICA,,VEHICULO NO IDENTIFICADO
A-2021-06-258,P-2021-06-258-1-1,CONDUCTOR FUGADO,NO SE CONOCE,MASCULINO,41,VEHICULO NO IDENTIFICADO
A-2021-06-258,P-2021-06-258-1-2,PEATÓN,FALLECIDO,MASCULINO,41,VEHICULO NO IDENTIFICADO
A-2021-06-259,P-2021-06-259-1-1,CONDUCTOR,ILESO,MASCULINO,21,TRIMOTO PASAJERO
A-2021-06-259,P-2021-06-259-2-1,CONDUCTOR,ILESO,MASCULINO,32,CAMIONETA RURAL
A-2021-06-259,P-2021-06-259-2-2,PASAJERO,FALLECIDO,MASCULINO,35,TRIMOTO PASAJERO
A-2021-06-260,P-2021-06-260-1-2,PEATÓN,FALLECIDO,NO INDICA,,VEHICULO NO IDENTIFICADO
A-2021-06-260,P-2021-06-260-1-3,CONDUCTOR FUGADO,NO SE CONOCE,NO INDICA,,VEHICULO NO IDENTIFICADO
A-2021-06-261,P-2021-06-261-1-1,CONDUCTOR,ILESO,MASCULINO,45,CAMIONETA PICK UP
A-2021-06-261,P-2021-06-261-1-2,PASAJERO,FALLECIDO,MASCULINO,34,CAMIONETA PICK UP
A-2021-06-261,P-2021-06-261-1-3,PASAJERO,LESIONADO,MASCULINO,34,CAMIONETA PICK UP
A-2021-06-261,P-2021-06-261-2-1,CONDUCTOR,LESIONADO,FEMENINO,43,AUTOMÓVIL
A-2021-06-262,P-2021-06-262-1-1,CONDUCTOR FUGADO,NO SE CONOCE,NO INDICA,,VEHICULO NO IDENTIFICADO
A-2021-06-262,P-2021-06-262-1-2,PEATÓN,FALLECIDO,NO INDICA,,VEHICULO NO IDENTIFICADO
A-2021-06-263,P-2021-06-263-1-1,CONDUCTOR,ILESO,MASCULINO,33,ÓMNIBUS
A-2021-06-263,P-2021-06-263-1-2,PEATÓN,FALLECIDO,MASCULINO,0,ÓMNIBUS
A-2021-06-264,P-2021-06-264-1-1,CONDUCTOR FUGADO,NO SE CONOCE,NO INDICA,,VEHICULO NO IDENTIFICADO
A-2021-06-264,P-2021-06-264-1-2,PEATÓN,FALLECIDO,MASCULINO,0,VEHICULO NO IDENTIFICADO
A-2021-06-265,P-2021-06-265-1-1,CONDUCTOR,ILESO,MASCULINO,45,CAMIÓN
A-2021-06-265,P-2021-06-265-2-1,CONDUCTOR,FALLECIDO,FEMENINO,20,OTRO
A-2021-06-266,P-2021-06-266-1-1,CONDUCTOR,LESIONADO,MASCULINO,45,MOTOCICLETA
A-2021-06-266,P-2021-06-266-1-2,PASAJERO,FALLECIDO,FEMENINO,45,MOTOCICLETA
A-2021-06-266,P-2021-06-266-2-1,CONDUCTOR,LESIONADO,MASCULINO,40,MOTOCICLETA
A-2021-06-266,P-2021-06-266-3-1,CONDUCTOR,ILESO,MASCULINO,61,CAMIONETA RURAL
A-2021-06-267,P-2021-06-267-1-1,CONDUCTOR,ILESO,MASCULINO,48,STATION WAGON
A-2021-06-267,P-2021-06-267-2-1,CONDUCTOR,FALLECIDO,MASCULINO,30,MOTOCICLETA
A-2021-06-271,P-2021-06-271-1-1,CONDUCTOR,ILESO,MASCULINO,64,MINIBUS
A-2021-06-271,P-2021-06-271-1-2,PEATÓN,FALLECIDO,MASCULINO,45,MINIBUS
A-2021-06-293,P-2021-06-293-1-1,CONDUCTOR FUGADO,NO SE CONOCE,NO INDICA,,VEHICULO NO IDENTIFICADO
A-2021-06-293,P-2021-06-293-1-2,PEATÓN,FALLECIDO,MASCULINO,44,VEHICULO NO IDENTIFICADO
A-2021-06-294,P-2021-06-294-1-1,CONDUCTOR,ILESO,MASCULINO,35,REMOLCADOR-SEMIREMOLQUE
A-2021-06-294,P-2021-06-294-2-1,CONDUCTOR,FALLECIDO,MASCULINO,42,TRIMOTO PASAJERO
A-2021-06-31,P-2021-06-31-1-1,CONDUCTOR,LESIONADO,MASCULINO,32,AUTOMÓVIL
A-2021-06-31,P-2021-06-31-1-2,PASAJERO,FALLECIDO,MASCULINO,31,AUTOMÓVIL
A-2021-06-358,P-2021-06-358-1-1,CONDUCTOR FUGADO,NO SE CONOCE,NO INDICA,,VEHICULO NO IDENTIFICADO
A-2021-06-358,P-2021-06-358-1-2,PEATÓN,FALLECIDO,MASCULINO,27,VEHICULO NO IDENTIFICADO
A-2021-06-74,P-2021-06-74-1-1,CONDUCTOR,ILESO,MASCULINO,34,REMOLCADOR
A-2021-06-74,P-2021-06-74-2-1,CONDUCTOR,ILESO,MASCULINO,,AUTOMÓVIL
A-2021-06-74,P-2021-06-74-3-1,CONDUCTOR,FALLECIDO,FEMENINO,67,BICICLETA
A-2021-07-10,P-2021-07-10-1-1,CONDUCTOR,ILESO,MASCULINO,33,STATION WAGON
A-2021-07-10,P-2021-07-10-1-2,PEATÓN,FALLECIDO,MASCULINO,47,STATION WAGON
A-2021-07-10,P-2021-07-10-2-1,CONDUCTOR,ILESO,MASCULINO,50,STATION WAGON
A-2021-07-11,P-2021-07-11-1-1,CONDUCTOR,ILESO,MASCULINO,19,MOTOCICLETA
A-2021-07-11,P-2021-07-11-1-2,PASAJERO,FALLECIDO,MASCULINO,0,MOTOCICLETA
A-2021-07-12,P-2021-07-12-1-1,CONDUCTOR,ILESO,MASCULINO,,AUTOMÓVIL
A-2021-07-12,P-2021-07-12-1-2,PEATÓN,FALLECIDO,MASCULINO,38,AUTOMÓVIL
A-2021-07-124,P-2021-07-124-1-1,CONDUCTOR,ILESO,MASCULINO,30,REMOLCADOR-SEMIREMOLQUE
A-2021-07-124,P-2021-07-124-1-2,PEATÓN,FALLECIDO,MASCULINO,28,REMOLCADOR-SEMIREMOLQUE
A-2021-07-13,P-2021-07-13-1-1,CONDUCTOR,LESIONADO,MASCULINO,42,CAMIÓN
A-2021-07-13,P-2021-07-13-2-1,CONDUCTOR,FALLECIDO,NO INDICA,,TRICICLO NO MOTORIZADO
A-2021-07-14,P-2021-07-14-1-1,CONDUCTOR,ILESO,MASCULINO,32,AUTOMÓVIL
A-2021-07-14,P-2021-07-14-2-1,CONDUCTOR,FALLECIDO,MASCULINO,28,MOTOCICLETA
A-2021-07-15,P-2021-07-15-1-1,CONDUCTOR,ILESO,MASCULINO,62,MINIBUS
A-2021-07-15,P-2021-07-15-1-2,PASAJERO,LESIONADO,MASCULINO,51,MINIBUS
A-2021-07-15,P-2021-07-15-2-1,CONDUCTOR,FALLECIDO,MASCULINO,42,AUTOMÓVIL
A-2021-07-15,P-2021-07-15-2-2,PASAJERO,LESIONADO,FEMENINO,53,AUTOMÓVIL
A-2021-07-16,P-2021-07-16-1-1,CONDUCTOR,ILESO,MASCULINO,,CAMIONETA RURAL
A-2021-07-16,P-2021-07-16-1-2,PEATÓN,FALLECIDO,MASCULINO,48,CAMIONETA RURAL
A-2021-07-17,P-2021-07-17-1-1,CONDUCTOR,ILESO,MASCULINO,25,MOTOCICLETA
A-2021-07-17,P-2021-07-17-1-2,PASAJERO,FALLECIDO,FEMENINO,27,MOTOCICLETA
A-2021-07-21,P-2021-07-21-1-1,CONDUCTOR FUGADO,NO SE CONOCE,NO INDICA,,ÓMNIBUS
A-2021-07-21,P-2021-07-21-1-2,PASAJERO,LESIONADO,MASCULINO,81,ÓMNIBUS
A-2021-07-21,P-2021-07-21-1-3,PASAJERO,LESIONADO,FEMENINO,64,ÓMNIBUS
A-2021-07-21,P-2021-07-21-1-4,PEATÓN,FALLECIDO,FEMENINO,55,ÓMNIBUS
A-2021-07-229,P-2021-07-229-1-1,CONDUCTOR FUGADO,NO SE CONOCE,NO INDICA,,VEHICULO NO IDENTIFICADO
A-2021-07-229,P-2021-07-229-1-2,PEATÓN,FALLECIDO,FEMENINO,69,VEHICULO NO IDENTIFICADO
A-2021-07-231,P-2021-07-231-1-1,CONDUCTOR FUGADO,NO SE CONOCE,NO INDICA,,CAMIÓN
A-2021-07-231,P-2021-07-231-1-2,PEATÓN,FALLECIDO,MASCULINO,22,CAMIÓN
A-2021-07-231,P-2021-07-231-1-3,PEATÓN,FALLECIDO,FEMENINO,52,CAMIÓN
A-2021-07-233,P-2021-07-233-1-1,CONDUCTOR,ILESO,MASCULINO,31,CAMIÓN
A-2021-07-233,P-2021-07-233-1-2,PASAJERO,FALLECIDO,MASCULINO,35,BICICLETA
A-2021-07-242,P-2021-07-242-1-1,CONDUCTOR FUGADO,NO SE CONOCE,NO INDICA,,AUTOMÓVIL
A-2021-07-242,P-2021-07-242-2-1,CONDUCTOR,FALLECIDO,MASCULINO,26,MOTOCICLETA
A-2021-07-243,P-2021-07-243-1-1,CONDUCTOR,FALLECIDO,MASCULINO,41,MOTOCICLETA
A-2021-07-244,P-2021-07-244-1-1,CONDUCTOR,ILESO,MASCULINO,26,MOTOCICLETA
A-2021-07-244,P-2021-07-244-2-1,CONDUCTOR,ILESO,MASCULINO,32,TRIMOTO CARGA
A-2021-07-244,P-2021-07-244-3-1,CONDUCTOR,FALLECIDO,MASCULINO,54,BICICLETA
A-2021-07-245,P-2021-07-245-1-1,CONDUCTOR,FALLECIDO,MASCULINO,,MINIBUS
A-2021-07-245,P-2021-07-245-1-3,PEATÓN,FALLECIDO,NO INDICA,,MINIBUS
A-2021-07-246,P-2021-07-246-1-1,CONDUCTOR,ILESO,FEMENINO,28,AUTOMÓVIL
A-2021-07-246,P-2021-07-246-1-2,PEATÓN,FALLECIDO,FEMENINO,38,AUTOMÓVIL
A-2021-07-247,P-2021-07-247-1-1,CONDUCTOR,ILESO,MASCULINO,32,REMOLCADOR
A-2021-07-247,P-2021-07-247-1-2,PEATÓN,FALLECIDO,MASCULINO,29,REMOLCADOR
A-2021-07-248,P-2021-07-248-1-1,CONDUCTOR,ILESO,MASCULINO,44,AUTOMÓVIL
A-2021-07-248,P-2021-07-248-1-2,PEATÓN,FALLECIDO,NO INDICA,,AUTOMÓVIL
A-2021-07-250,P-2021-07-250-1-1,CONDUCTOR,ILESO,MASCULINO,37,AUTOMÓVIL
A-2021-07-250,P-2021-07-250-2-1,CONDUCTOR,FALLECIDO,MASCULINO,65,BICICLETA
A-2021-07-253,P-2021-07-253-1-1,CONDUCTOR,ILESO,MASCULINO,30,CAMIONETA PICK UP
A-2021-07-253,P-2021-07-253-1-2,PASAJERO,FALLECIDO,MASCULINO,29,CAMIONETA PICK UP
A-2021-07-253,P-2021-07-253-1-3,PASAJERO,LESIONADO,MASCULINO,30,CAMIONETA PICK UP
A-2021-07-254,P-2021-07-254-1-1,CONDUCTOR,ILESO,MASCULINO,72,AUTOMÓVIL
A-2021-07-254,P-2021-07-254-2-1,CONDUCTOR,FALLECIDO,MASCULINO,24,MOTOCICLETA
A-2021-07-255,P-2021-07-255-1-1,CONDUCTOR,ILESO,MASCULINO,53,CAMIONETA RURAL
A-2021-07-255,P-2021-07-255-1-2,PEATÓN,FALLECIDO,FEMENINO,,CAMIONETA RURAL
A-2021-07-256,P-2021-07-256-1-1,CONDUCTOR,ILESO,MASCULINO,33,CAMIONETA RURAL
A-2021-07-256,P-2021-07-256-1-2,PEATÓN,FALLECIDO,MASCULINO,,CAMIONETA RURAL
A-2021-07-256,P-2021-07-256-1-3,PEATÓN,FALLECIDO,MASCULINO,,CAMIONETA RURAL
A-2021-07-256,P-2021-07-256-2-1,CONDUCTOR,ILESO,MASCULINO,38,AUTOMÓVIL
A-2021-07-257,P-2021-07-257-1-1,CONDUCTOR,ILESO,MASCULINO,31,AUTOMÓVIL
A-2021-07-257,P-2021-07-257-1-2,PEATÓN,FALLECIDO,MASCULINO,58,AUTOMÓVIL
A-2021-07-258,P-2021-07-258-1-1,CONDUCTOR,ILESO,MASCULINO,27,ÓMNIBUS
A-2021-07-258,P-2021-07-258-1-2,PEATÓN,FALLECIDO,FEMENINO,,ÓMNIBUS
A-2021-07-259,P-2021-07-259-1-1,CONDUCTOR,ILESO,MASCULINO,35,CAMIONETA PICK UP
A-2021-07-259,P-2021-07-259-2-1,CONDUCTOR,FALLECIDO,MASCULINO,49,MOTOCICLETA
A-2021-07-259,P-2021-07-259-2-2,PASAJERO,LESIONADO,MASCULINO,35,MOTOCICLETA
A-2021-07-260,P-2021-07-260-1-1,CONDUCTOR FUGADO,NO SE CONOCE,NO INDICA,,VEHICULO NO IDENTIFICADO
A-2021-07-260,P-2021-07-260-1-3,PEATÓN,FALLECIDO,FEMENINO,,VEHICULO NO IDENTIFICADO
A-2021-07-261,P-2021-07-261-1-1,CONDUCTOR,ILESO,MASCULINO,57,CAMIONETA RURAL
A-2021-07-261,P-2021-07-261-1-2,PEATÓN,FALLECIDO,MASCULINO,70,CAMIONETA RURAL
A-2021-07-262,P-2021-07-262-1-1,CONDUCTOR,ILESO,MASCULINO,38,CAMIÓN
A-2021-07-262,P-2021-07-262-2-1,CONDUCTOR,FALLECIDO,MASCULINO,22,MOTOCICLETA
A-2021-07-263,P-2021-07-263-1-1,CONDUCTOR,ILESO,MASCULINO,30,ÓMNIBUS
A-2021-07-263,P-2021-07-263-2-1,CONDUCTOR,LESIONADO,MASCULINO,68,CAMIÓN
A-2021-07-263,P-2021-07-263-2-2,PASAJERO,FALLECIDO,FEMENINO,38,CAMIÓN
A-2021-07-274,P-2021-07-274-1-1,CONDUCTOR FUGADO,NO SE CONOCE,NO INDICA,,VEHICULO NO IDENTIFICADO
A-2021-07-274,P-2021-07-274-1-2,PEATÓN,FALLECIDO,MASCULINO,51,VEHICULO NO IDENTIFICADO
A-2021-07-275,P-2021-07-275-1-1,CONDUCTOR,ILESO,MASCULINO,36,AUTOMÓVIL
A-2021-07-275,P-2021-07-275-1-2,PEATÓN,FALLECIDO,FEMENINO,51,AUTOMÓVIL
A-2021-07-276,P-2021-07-276-1-1,CONDUCTOR,ILESO,MASCULINO,36,CAMIONETA PICK UP
A-2021-07-276,P-2021-07-276-2-1,CONDUCTOR,FALLECIDO,MASCULINO,50,BICICLETA
A-2021-07-294,P-2021-07-294-1-1,CONDUCTOR,ILESO,MASCULINO,37,CAMIONETA RURAL
A-2021-07-294,P-2021-07-294-1-2,PASAJERO,FALLECIDO,FEMENINO,61,CAMIONETA RURAL
A-2021-07-36,P-2021-07-36-1-1,CONDUCTOR,ILESO,MASCULINO,47,CAMIÓN
A-2021-07-36,P-2021-07-36-2-1,CONDUCTOR,FALLECIDO,MASCULINO,56,BICICLETA
A-2021-07-43,P-2021-07-43-1-1,CONDUCTOR,ILESO,MASCULINO,47,CAMIONETA RURAL
A-2021-07-43,P-2021-07-43-1-2,PEATÓN,FALLECIDO,MASCULINO,52,CAMIONETA RURAL
A-2021-07-71,P-2021-07-71-1-1,CONDUCTOR FUGADO,NO SE CONOCE,NO INDICA,,VEHICULO NO IDENTIFICADO
A-2021-07-71,P-2021-07-71-1-2,PEATÓN,FALLECIDO,MASCULINO,60,VEHICULO NO IDENTIFICADO
A-2021-07-96,P-2021-07-96-1-1,PEATÓN,FALLECIDO,MASCULINO,29,VEHICULO NO IDENTIFICADO
A-2021-07-96,P-2021-07-96-1-2,CONDUCTOR FUGADO,NO SE CONOCE,NO INDICA,,VEHICULO NO IDENTIFICADO
A-2021-08-14,P-2021-08-14-1-1,CONDUCTOR,ILESO,MASCULINO,30,ÓMNIBUS
A-2021-08-14,P-2021-08-14-2-1,CONDUCTOR,LESIONADO,MASCULINO,60,TRIMOTO PASAJERO
A-2021-08-14,P-2021-08-14-2-2,PASAJERO,FALLECIDO,MASCULINO,77,TRIMOTO PASAJERO
A-2021-08-215,P-2021-08-215-1-1,CONDUCTOR,FALLECIDO,MASCULINO,26,MOTOCICLETA
A-2021-08-220,P-2021-08-220-1-1,CONDUCTOR,ILESO,MASCULINO,27,SEMIREMOLQUE
A-2021-08-220,P-2021-08-220-2-1,CONDUCTOR,FALLECIDO,MASCULINO,,AUTOMÓVIL
A-2021-08-224,P-2021-08-224-1-1,CONDUCTOR,ILESO,MASCULINO,47,AUTOMÓVIL
A-2021-08-224,P-2021-08-224-1-2,PASAJERO,LESIONADO,FEMENINO,44,AUTOMÓVIL
A-2021-08-224,P-2021-08-224-1-3,PASAJERO,FALLECIDO,MASCULINO,0,AUTOMÓVIL
A-2021-08-224,P-2021-08-224-2-1,CONDUCTOR,ILESO,MASCULINO,59,ÓMNIBUS
A-2021-08-225,P-2021-08-225-1-1,CONDUCTOR,ILESO,MASCULINO,25,TRIMOTO PASAJERO
A-2021-08-225,P-2021-08-225-1-2,PEATÓN,FALLECIDO,MASCULINO,77,TRIMOTO PASAJERO
A-2021-08-227,P-2021-08-227-1-1,CONDUCTOR,ILESO,MASCULINO,,MOTOCICLETA
A-2021-08-227,P-2021-08-227-1-2,PEATÓN,FALLECIDO,MASCULINO,,MOTOCICLETA
A-2021-08-228,P-2021-08-228-1-1,CONDUCTOR,LESIONADO,MASCULINO,,MOTOCICLETA
A-2021-08-228,P-2021-08-228-2-1,CONDUCTOR,FALLECIDO,MASCULINO,,BICICLETA
A-2021-08-229,P-2021-08-229-1-1,CONDUCTOR FUGADO,NO SE CONOCE,NO INDICA,,VEHICULO NO IDENTIFICADO
A-2021-08-229,P-2021-08-229-2-1,CONDUCTOR,FALLECIDO,MASCULINO,26,BICICLETA
A-2021-08-230,P-2021-08-230-1-1,CONDUCTOR,ILESO,MASCULINO,37,REMOLCADOR-SEMIREMOLQUE
A-2021-08-230,P-2021-08-230-1-2,PEATÓN,FALLECIDO,NO INDICA,,REMOLCADOR-SEMIREMOLQUE
A-2021-08-231,P-2021-08-231-1-1,CONDUCTOR,ILESO,MASCULINO,29,CAMIÓN
A-2021-08-231,P-2021-08-231-1-2,PEATÓN,FALLECIDO,MASCULINO,87,CAMIÓN
A-2021-08-232,P-2021-08-232-1-1,CONDUCTOR,ILESO,MASCULINO,35,CAMIÓN
A-2021-08-232,P-2021-08-232-1-2,PEATÓN,FALLECIDO,MASCULINO,64,CAMIÓN
A-2021-08-234,P-2021-08-234-1-1,CONDUCTOR,FALLECIDO,MASCULINO,,MOTOCICLETA
A-2021-08-234,P-2021-08-234-2-1,CONDUCTOR,ILESO,MASCULINO,,TRIMOTO CARGA
A-2021-08-235,P-2021-08-235-1-1,CONDUCTOR,ILESO,MASCULINO,47,ÓMNIBUS
A-2021-08-235,P-2021-08-235-1-2,PEATÓN,FALLECIDO,MASCULINO,79,ÓMNIBUS
A-2021-08-236,P-2021-08-236-1-1,CONDUCTOR,ILESO,MASCULINO,66,OTRO
A-2021-08-236,P-2021-08-236-1-2,PEATÓN,FALLECIDO,MASCULINO,3,OTRO
A-2021-08-237,P-2021-08-237-1-1,CONDUCTOR,ILESO,MASCULINO,30,CAMIÓN
A-2021-08-237,P-2021-08-237-1-2,PEATÓN,FALLECIDO,MASCULINO,83,CAMIÓN
A-2021-08-238,P-2021-08-238-1-1,CONDUCTOR,ILESO,MASCULINO,32,CAMIÓN
A-2021-08-238,P-2021-08-238-1-2,PEATÓN,FALLECIDO,MASCULINO,,CAMIÓN
A-2021-08-239,P-2021-08-239-1-1,CONDUCTOR,ILESO,MASCULINO,40,ÓMNIBUS
A-2021-08-239,P-2021-08-239-1-2,PEATÓN,FALLECIDO,MASCULINO,,ÓMNIBUS
A-2021-08-240,P-2021-08-240-1-1,CONDUCTOR,ILESO,FEMENINO,39,AUTOMÓVIL
A-2021-08-240,P-2021-08-240-1-2,PEATÓN,FALLECIDO,MASCULINO,67,AUTOMÓVIL
A-2021-08-241,P-2021-08-241-1-1,PEATÓN,FALLECIDO,MASCULINO,77,VEHICULO NO IDENTIFICADO
A-2021-08-242,P-2021-08-242-1-1,CONDUCTOR,ILESO,MASCULINO,43,OTRO
A-2021-08-242,P-2021-08-242-1-2,PEATÓN,FALLECIDO,FEMENINO,29,OTRO
A-2021-08-243,P-2021-08-243-1-1,CONDUCTOR,ILESO,MASCULINO,70,ÓMNIBUS
A-2021-08-243,P-2021-08-243-1-2,PEATÓN,FALLECIDO,MASCULINO,29,ÓMNIBUS
A-2021-08-244,P-2021-08-244-1-1,CONDUCTOR,ILESO,MASCULINO,29,MOTOCICLETA
A-2021-08-244,P-2021-08-244-1-2,PASAJERO,FALLECIDO,FEMENINO,23,MOTOCICLETA
A-2021-08-245,P-2021-08-245-1-1,CONDUCTOR,ILESO,MASCULINO,39,CAMIONETA RURAL
A-2021-08-245,P-2021-08-245-1-2,PEATÓN,FALLECIDO,NO INDICA,,CAMIONETA RURAL
A-2021-08-247,P-2021-08-247-1-1,CONDUCTOR,ILESO,MASCULINO,38,REMOLCADOR-SEMIREMOLQUE
A-2021-08-247,P-2021-08-247-2-1,CONDUCTOR,ILESO,MASCULINO,42,CAMIÓN
A-2021-08-247,P-2021-08-247-2-2,PASAJERO,LESIONADO,MASCULINO,23,CAMIÓN
A-2021-08-247,P-2021-08-247-2-3,PASAJERO,FALLECIDO,MASCULINO,,CAMIÓN
A-2021-08-248,P-2021-08-248-1-1,CONDUCTOR,ILESO,MASCULINO,69,REMOLCADOR-SEMIREMOLQUE
A-2021-08-248,P-2021-08-248-1-2,PEATÓN,FALLECIDO,MASCULINO,,REMOLCADOR-SEMIREMOLQUE
A-2021-08-248,P-2021-08-248-2-1,CONDUCTOR,ILESO,MASCULINO,28,AUTOMÓVIL
A-2021-08-249,P-2021-08-249-1-1,CONDUCTOR,ILESO,MASCULINO,31,TRIMOTO PASAJERO
A-2021-08-249,P-2021-08-249-1-2,PEATÓN,FALLECIDO,MASCULINO,80,TRIMOTO PASAJERO
A-2021-08-250,P-2021-08-250-1-1,CONDUCTOR,FALLECIDO,MASCULINO,23,MOTOCICLETA
A-2021-08-250,P-2021-08-250-2-1,CONDUCTOR,ILESO,MASCULINO,21,MOTOCICLETA
A-2021-08-251,P-2021-08-251-1-1,CONDUCTOR,ILESO,MASCULINO,34,CAMIONETA RURAL
A-2021-08-251,P-2021-08-251-2-1,CONDUCTOR,ILESO,MASCULINO,46,CAMIONETA RURAL
A-2021-08-251,P-2021-08-251-2-2,PASAJERO,FALLECIDO,MASCULINO,21,CAMIONETA RURAL
A-2021-08-252,P-2021-08-252-1-1,CONDUCTOR,FALLECIDO,MASCULINO,,MOTOCICLETA
A-2021-08-253,P-2021-08-253-1-1,CONDUCTOR,ILESO,MASCULINO,26,ÓMNIBUS
A-2021-08-253,P-2021-08-253-2-1,CONDUCTOR,FALLECIDO,FEMENINO,69,BICICLETA
A-2021-08-254,P-2021-08-254-1-1,CONDUCTOR,ILESO,MASCULINO,45,AUTOMÓVIL
A-2021-08-254,P-2021-08-254-2-1,CONDUCTOR,FALLECIDO,MASCULINO,28,MOTOCICLETA
A-2021-08-261,P-2021-08-261-1-1,CONDUCTOR,ILESO,MASCULINO,31,REMOLCADOR
A-2021-08-261,P-2021-08-261-1-2,PEATÓN,FALLECIDO,MASCULINO,81,REMOLCADOR
A-2021-08-290,P-2021-08-290-1-1,CONDUCTOR FUGADO,NO SE CONOCE,NO INDICA,,VEHICULO NO IDENTIFICADO
A-2021-08-290,P-2021-08-290-1-2,PEATÓN,FALLECIDO,MASCULINO,32,VEHICULO NO IDENTIFICADO
A-2021-08-332,P-2021-08-332-1-1,CONDUCTOR,FALLECIDO,MASCULINO,39,TRIMOTO PASAJERO
A-2021-08-332,P-2021-08-332-2-1,PASAJERO,LESIONADO,FEMENINO,38,CAMIONETA RURAL
A-2021-08-332,P-2021-08-332-2-10,PASAJERO,LESIONADO,FEMENINO,32,CAMIONETA RURAL
A-2021-08-332,P-2021-08-332-2-11,PASAJERO,LESIONADO,FEMENINO,27,CAMIONETA RURAL
A-2021-08-332,P-2021-08-332-2-2,PASAJERO,LESIONADO,FEMENINO,59,CAMIONETA RURAL
A-2021-08-332,P-2021-08-332-2-3,PASAJERO,LESIONADO,FEMENINO,45,CAMIONETA RURAL
A-2021-08-332,P-2021-08-332-2-4,CONDUCTOR,ILESO,MASCULINO,42,CAMIONETA RURAL
A-2021-08-332,P-2021-08-332-2-5,PASAJERO,LESIONADO,MASCULINO,26,CAMIONETA RURAL
A-2021-08-332,P-2021-08-332-2-6,PASAJERO,LESIONADO,FEMENINO,66,CAMIONETA RURAL
A-2021-08-332,P-2021-08-332-2-7,PASAJERO,LESIONADO,FEMENINO,46,CAMIONETA RURAL
A-2021-08-332,P-2021-08-332-2-8,PASAJERO,LESIONADO,MASCULINO,46,CAMIONETA RURAL
A-2021-08-332,P-2021-08-332-2-9,PASAJERO,LESIONADO,FEMENINO,60,CAMIONETA RURAL
A-2021-09-114,P-2021-09-114-1-1,CONDUCTOR,ILESO,MASCULINO,,MOTOCICLETA
A-2021-09-114,P-2021-09-114-1-2,PEATÓN,FALLECIDO,FEMENINO,68,MOTOCICLETA
A-2021-09-118,P-2021-09-118-1-1,CONDUCTOR,ILESO,MASCULINO,51,OTRO
A-2021-09-118,P-2021-09-118-1-2,PEATÓN,FALLECIDO,FEMENINO,41,OTRO
A-2021-09-119,P-2021-09-119-1-1,CONDUCTOR,ILESO,MASCULINO,28,REMOLCADOR-SEMIREMOLQUE
A-2021-09-119,P-2021-09-119-2-1,CONDUCTOR,FALLECIDO,MASCULINO,,MOTOCICLETA
A-2021-09-121,P-2021-09-121-1-1,CONDUCTOR,FALLECIDO,MASCULINO,,MOTOCICLETA
A-2021-09-124,P-2021-09-124-1-1,CONDUCTOR,ILESO,MASCULINO,30,ÓMNIBUS
A-2021-09-124,P-2021-09-124-1-2,PEATÓN,FALLECIDO,MASCULINO,30,ÓMNIBUS
A-2021-09-126,P-2021-09-126-1-1,CONDUCTOR,ILESO,MASCULINO,36,AUTOMÓVIL
A-2021-09-126,P-2021-09-126-1-2,PEATÓN,FALLECIDO,FEMENINO,29,AUTOMÓVIL
A-2021-09-127,P-2021-09-127-1-1,CONDUCTOR,FALLECIDO,MASCULINO,26,TRIMOTO PASAJERO
A-2021-09-133,P-2021-09-133-1-1,CONDUCTOR,FALLECIDO,MASCULINO,25,MOTOCICLETA
A-2021-09-135,P-2021-09-135-1-1,CONDUCTOR,ILESO,MASCULINO,50,CAMIONETA PANEL
A-2021-09-135,P-2021-09-135-2-1,CONDUCTOR,FALLECIDO,MASCULINO,22,TRIMOTO PASAJERO
A-2021-09-154,P-2021-09-154-1-1,CONDUCTOR,FALLECIDO,MASCULINO,,MOTOCICLETA
A-2021-09-155,P-2021-09-155-1-1,CONDUCTOR,ILESO,MASCULINO,60,AUTOMÓVIL
A-2021-09-155,P-2021-09-155-1-2,PEATÓN,FALLECIDO,FEMENINO,68,AUTOMÓVIL
A-2021-09-156,P-2021-09-156-1-1,CONDUCTOR,ILESO,MASCULINO,32,REMOLCADOR
A-2021-09-156,P-2021-09-156-1-2,PEATÓN,FALLECIDO,MASCULINO,0,REMOLCADOR
A-2021-09-222,P-2021-09-222-1-1,CONDUCTOR,ILESO,MASCULINO,,ÓMNIBUS
A-2021-09-222,P-2021-09-222-1-2,PEATÓN,FALLECIDO,MASCULINO,69,ÓMNIBUS
A-2021-09-223,P-2021-09-223-1-1,CONDUCTOR,ILESO,MASCULINO,34,REMOLCADOR-SEMIREMOLQUE
A-2021-09-223,P-2021-09-223-2-1,CONDUCTOR,FALLECIDO,MASCULINO,47,REMOLCADOR
A-2021-09-224,P-2021-09-224-1-1,CONDUCTOR,ILESO,MASCULINO,41,MINIBUS
A-2021-09-224,P-2021-09-224-1-2,PEATÓN,FALLECIDO,FEMENINO,58,MINIBUS
A-2021-09-226,P-2021-09-226-1-1,CONDUCTOR,FALLECIDO,MASCULINO,,AUTOMÓVIL
A-2021-09-226,P-2021-09-226-1-2,PASAJERO,LESIONADO,MASCULINO,34,AUTOMÓVIL
A-2021-09-51,P-2021-09-51-1-1,CONDUCTOR,ILESO,MASCULINO,31,CAMIONETA RURAL
A-2021-09-51,P-2021-09-51-1-2,PEATÓN,FALLECIDO,MASCULINO,,CAMIONETA RURAL
A-2021-09-52,P-2021-09-52-1-1,CONDUCTOR,ILESO,MASCULINO,33,CAMIÓN
A-2021-09-52,P-2021-09-52-1-2,PEATÓN,FALLECIDO,MASCULINO,90,CAMIÓN
A-2021-09-53,P-2021-09-53-1-1,CONDUCTOR,ILESO,MASCULINO,37,ÓMNIBUS
A-2021-09-53,P-2021-09-53-1-2,PEATÓN,FALLECIDO,FEMENINO,,ÓMNIBUS
A-2021-09-54,P-2021-09-54-1-1,CONDUCTOR,ILESO,MASCULINO,61,REMOLCADOR-SEMIREMOLQUE
A-2021-09-54,P-2021-09-54-1-2,PEATÓN,FALLECIDO,MASCULINO,27,REMOLCADOR-SEMIREMOLQUE
A-2021-09-55,P-2021-09-55-1-1,CONDUCTOR,ILESO,MASCULINO,29,MOTOCICLETA
A-2021-09-55,P-2021-09-55-1-2,PEATÓN,FALLECIDO,MASCULINO,,MOTOCICLETA
A-2021-10-133,P-2021-10-133-1-1,CONDUCTOR,FALLECIDO,MASCULINO,22,MOTOCICLETA
A-2021-10-134,P-2021-10-134-1-1,CONDUCTOR,ILESO,MASCULINO,32,AUTOMÓVIL
A-2021-10-134,P-2021-10-134-2-1,CONDUCTOR,FALLECIDO,MASCULINO,25,MOTOCICLETA
A-2021-10-135,P-2021-10-135-1-1,CONDUCTOR,FALLECIDO,MASCULINO,34,MOTOCICLETA
A-2021-10-187,P-2021-10-187-1-1,CONDUCTOR,ILESO,MASCULINO,33,ÓMNIBUS
A-2021-10-187,P-2021-10-187-2-1,CONDUCTOR,FALLECIDO,MASCULINO,28,MOTOCICLETA
A-2021-10-188,P-2021-10-188-1-1,CONDUCTOR,FALLECIDO,MASCULINO,37,MOTOCICLETA
A-2021-10-188,P-2021-10-188-2-1,CONDUCTOR,ILESO,MASCULINO,48,CAMIÓN
A-2021-10-189,P-2021-10-189-1-1,CONDUCTOR,ILESO,MASCULINO,42,ÓMNIBUS
A-2021-10-189,P-2021-10-189-2-1,CONDUCTOR,FALLECIDO,NO INDICA,,CAMIONETA RURAL
A-2021-10-189,P-2021-10-189-2-2,PASAJERO,LESIONADO,FEMENINO,,CAMIONETA RURAL
A-2021-10-190,P-2021-10-190-1-1,CONDUCTOR,FALLECIDO,MASCULINO,32,MOTOCICLETA
A-2021-10-190,P-2021-10-190-1-2,PASAJERO,FALLECIDO,MASCULINO,38,MOTOCICLETA
A-2021-10-190,P-2021-10-190-2-1,CONDUCTOR,ILESO,MASCULINO,,CAMIONETA PICK UP
A-2021-10-191,P-2021-10-191-1-1,CONDUCTOR,ILESO,MASCULINO,26,MOTOCICLETA
A-2021-10-191,P-2021-10-191-1-2,PEATÓN,FALLECIDO,MASCULINO,,MOTOCICLETA
A-2021-10-192,P-2021-10-192-1-1,CONDUCTOR,ILESO,MASCULINO,23,MOTOCICLETA
A-2021-10-192,P-2021-10-192-1-2,PASAJERO,LESIONADO,FEMENINO,42,MOTOCICLETA
A-2021-10-192,P-2021-10-192-2-1,CONDUCTOR,FALLECIDO,NO INDICA,,MOTOCICLETA
A-2021-10-193,P-2021-10-193-1-1,CONDUCTOR,ILESO,MASCULINO,32,AUTOMÓVIL
A-2021-10-193,P-2021-10-193-1-2,PEATÓN,FALLECIDO,MASCULINO,90,AUTOMÓVIL
A-2021-10-194,P-2021-10-194-1-1,CONDUCTOR,ILESO,MASCULINO,55,MOTOCICLETA
A-2021-10-194,P-2021-10-194-1-2,PEATÓN,FALLECIDO,MASCULINO,72,MOTOCICLETA
A-2021-10-195,P-2021-10-195-1-1,CONDUCTOR,ILESO,MASCULINO,30,AUTOMÓVIL
A-2021-10-195,P-2021-10-195-1-2,PASAJERO,FALLECIDO,MASCULINO,48,AUTOMÓVIL
A-2021-10-196,P-2021-10-196-1-1,CONDUCTOR,ILESO,MASCULINO,,MOTOCICLETA
A-2021-10-196,P-2021-10-196-1-2,PEATÓN,FALLECIDO,MASCULINO,87,MOTOCICLETA
A-2021-10-197,P-2021-10-197-1-1,CONDUCTOR,ILESO,MASCULINO,45,AUTOMÓVIL
A-2021-10-197,P-2021-10-197-1-2,PEATÓN,FALLECIDO,MASCULINO,25,AUTOMÓVIL
A-2021-10-198,P-2021-10-198-1-1,CONDUCTOR,FALLECIDO,MASCULINO,,MOTOCICLETA
A-2021-10-198,P-2021-10-198-2-1,CONDUCTOR FUGADO,NO SE CONOCE,NO INDICA,,TRIMOTO PASAJERO
A-2021-10-200,P-2021-10-200-1-1,CONDUCTOR,ILESO,MASCULINO,61,TRIMOTO PASAJERO
A-2021-10-200,P-2021-10-200-2-1,CONDUCTOR,FALLECIDO,MASCULINO,25,MOTOCICLETA
A-2021-10-201,P-2021-10-201-1-1,CONDUCTOR,ILESO,MASCULINO,58,MINIBUS
A-2021-10-201,P-2021-10-201-1-2,PEATÓN,FALLECIDO,MASCULINO,81,MINIBUS
A-2021-10-202,P-2021-10-202-1-1,CONDUCTOR,FALLECIDO,MASCULINO,33,MOTOCICLETA
A-2021-10-203,P-2021-10-203-1-1,CONDUCTOR,ILESO,MASCULINO,24,MOTOCICLETA
A-2021-10-203,P-2021-10-203-1-2,PEATÓN,FALLECIDO,MASCULINO,80,MOTOCICLETA
A-2021-10-204,P-2021-10-204-1-1,CONDUCTOR,ILESO,MASCULINO,,REMOLCADOR
A-2021-10-204,P-2021-10-204-1-2,PEATÓN,FALLECIDO,MASCULINO,52,REMOLCADOR
A-2021-10-205,P-2021-10-205-1-1,CONDUCTOR,ILESO,MASCULINO,31,AUTOMÓVIL
A-2021-10-205,P-2021-10-205-1-2,PASAJERO,FALLECIDO,FEMENINO,23,AUTOMÓVIL
A-2021-10-205,P-2021-10-205-2-1,CONDUCTOR FUGADO,NO SE CONOCE,NO INDICA,,TRIMOTO PASAJERO
A-2021-10-205,P-2021-10-205-2-2,PASAJERO,LESIONADO,MASCULINO,24,TRIMOTO PASAJERO
A-2021-10-206,P-2021-10-206-1-1,SIN CONDUCTOR,NO SE CONOCE,NO INDICA,,STATION WAGON
A-2021-10-206,P-2021-10-206-1-2,PEATÓN,FALLECIDO,MASCULINO,36,STATION WAGON
A-2021-10-207,P-2021-10-207-1-1,CONDUCTOR FUGADO,NO SE CONOCE,NO INDICA,,VEHICULO NO IDENTIFICADO
A-2021-10-207,P-2021-10-207-1-2,PEATÓN,FALLECIDO,MASCULINO,58,VEHICULO NO IDENTIFICADO
A-2021-10-40,P-2021-10-40-1-1,PEATÓN,FALLECIDO,FEMENINO,65,VEHICULO NO IDENTIFICADO
A-2021-10-41,P-2021-10-41-1-1,CONDUCTOR,FALLECIDO,MASCULINO,,MOTOCICLETA
A-2021-10-41,P-2021-10-41-1-2,PASAJERO,LESIONADO,FEMENINO,23,MOTOCICLETA
A-2021-10-42,P-2021-10-42-1-1,CONDUCTOR,ILESO,MASCULINO,,MOTOCICLETA
A-2021-10-42,P-2021-10-42-1-2,PEATÓN,FALLECIDO,MASCULINO,0,MOTOCICLETA
A-2021-10-43,P-2021-10-43-1-1,CONDUCTOR,ILESO,MASCULINO,47,REMOLCADOR
A-2021-10-43,P-2021-10-43-1-2,PEATÓN,FALLECIDO,MASCULINO,49,REMOLCADOR
A-2021-10-49,P-2021-10-49-1-1,CONDUCTOR,FALLECIDO,MASCULINO,,AUTOMÓVIL
A-2021-10-50,P-2021-10-50-1-1,CONDUCTOR,FALLECIDO,MASCULINO,34,MOTOCICLETA
A-2021-10-51,P-2021-10-51-1-1,CONDUCTOR,FALLECIDO,FEMENINO,46,MOTOCICLETA
A-2021-10-52,P-2021-10-52-1-1,CONDUCTOR,ILESO,MASCULINO,34,CAMIONETA RURAL
A-2021-10-52,P-2021-10-52-1-2,PEATÓN,FALLECIDO,MASCULINO,96,CAMIONETA RURAL
A-2021-10-53,P-2021-10-53-1-1,CONDUCTOR,FALLECIDO,MASCULINO,32,TRIMOTO PASAJERO
A-2021-10-53,P-2021-10-53-2-1,SIN CONDUCTOR,NO SE CONOCE,NO INDICA,,CAMIONETA RURAL
A-2021-10-54,P-2021-10-54-1-1,CONDUCTOR,ILESO,MASCULINO,29,MINIBUS
A-2021-10-54,P-2021-10-54-1-2,PEATÓN,FALLECIDO,FEMENINO,52,MINIBUS
A-2021-11-10,P-2021-11-10-1-1,CONDUCTOR,ILESO,FEMENINO,40,CAMIONETA RURAL
A-2021-11-10,P-2021-11-10-1-2,PEATÓN,FALLECIDO,MASCULINO,1,CAMIONETA RURAL
A-2021-11-11,P-2021-11-11-1-1,CONDUCTOR FUGADO,NO SE CONOCE,NO INDICA,,VEHICULO NO IDENTIFICADO
A-2021-11-11,P-2021-11-11-1-2,PEATÓN,FALLECIDO,MASCULINO,81,VEHICULO NO IDENTIFICADO
A-2021-11-113,P-2021-11-113-1-1,CONDUCTOR,FALLECIDO,MASCULINO,63,TRIMOTO PASAJERO
A-2021-11-114,P-2021-11-114-1-1,CONDUCTOR,FALLECIDO,MASCULINO,25,MOTOCICLETA
A-2021-11-114,P-2021-11-114-2-1,CONDUCTOR,ILESO,MASCULINO,,MINIBUS
A-2021-11-141,P-2021-11-141-1-1,CONDUCTOR,ILESO,MASCULINO,65,MINIBUS
A-2021-11-141,P-2021-11-141-1-2,PEATÓN,FALLECIDO,FEMENINO,,MINIBUS
A-2021-11-142,P-2021-11-142-1-1,CONDUCTOR,ILESO,MASCULINO,35,ÓMNIBUS
A-2021-11-142,P-2021-11-142-1-2,PASAJERO,FALLECIDO,FEMENINO,18,ÓMNIBUS
A-2021-11-143,P-2021-11-143-1-1,CONDUCTOR,ILESO,MASCULINO,44,REMOLCADOR
A-2021-11-143,P-2021-11-143-2-1,CONDUCTOR,FALLECIDO,MASCULINO,,MOTOCICLETA
A-2021-11-144,P-2021-11-144-1-1,CONDUCTOR,ILESO,MASCULINO,46,CAMIÓN
A-2021-11-144,P-2021-11-144-2-1,CONDUCTOR,FALLECIDO,MASCULINO,24,MOTOCICLETA
A-2021-11-146,P-2021-11-146-1-1,CONDUCTOR FUGADO,NO SE CONOCE,NO INDICA,,VEHICULO NO IDENTIFICADO
A-2021-11-146,P-2021-11-146-1-2,PEATÓN,FALLECIDO,MASCULINO,51,VEHICULO NO IDENTIFICADO
A-2021-11-147,P-2021-11-147-1-1,CONDUCTOR FUGADO,NO SE CONOCE,NO INDICA,,VEHICULO NO IDENTIFICADO
A-2021-11-147,P-2021-11-147-1-2,PEATÓN,FALLECIDO,MASCULINO,39,VEHICULO NO IDENTIFICADO
A-2021-11-148,P-2021-11-148-1-1,CONDUCTOR,ILESO,MASCULINO,34,ÓMNIBUS
A-2021-11-148,P-2021-11-148-1-2,PEATÓN,FALLECIDO,FEMENINO,,ÓMNIBUS
A-2021-11-149,P-2021-11-149-1-1,CONDUCTOR,ILESO,MASCULINO,30,CAMIONETA RURAL
A-2021-11-149,P-2021-11-149-2-1,CONDUCTOR,FALLECIDO,MASCULINO,,TRICICLO NO MOTORIZADO
A-2021-11-149,P-2021-11-149-3-1,CONDUCTOR,ILESO,MASCULINO,27,AUTOMÓVIL
A-2021-11-151,P-2021-11-151-1-1,CONDUCTOR,ILESO,MASCULINO,51,CAMIONETA PICK UP
A-2021-11-151,P-2021-11-151-2-1,CONDUCTOR,FALLECIDO,MASCULINO,20,MOTOCICLETA
A-2021-11-152,P-2021-11-152-1-1,CONDUCTOR,ILESO,MASCULINO,64,CAMIÓN
A-2021-11-152,P-2021-11-152-1-2,PASAJERO,FALLECIDO,MASCULINO,38,AUTOMÓVIL
A-2021-11-152,P-2021-11-152-2-1,CONDUCTOR,ILESO,MASCULINO,26,AUTOMÓVIL
A-2021-11-152,P-2021-11-152-2-2,PASAJERO,LESIONADO,MASCULINO,26,AUTOMÓVIL
A-2021-11-152,P-2021-11-152-2-3,PASAJERO,LESIONADO,MASCULINO,22,AUTOMÓVIL
A-2021-11-153,P-2021-11-153-1-1,CONDUCTOR,ILESO,MASCULINO,49,CAMIÓN
A-2021-11-153,P-2021-11-153-2-1,CONDUCTOR,ILESO,MASCULINO,46,CAMIONETA RURAL
A-2021-11-153,P-2021-11-153-2-2,PEATÓN,FALLECIDO,MASCULINO,34,CAMIONETA RURAL
A-2021-11-154,P-2021-11-154-1-1,CONDUCTOR,ILESO,MASCULINO,49,REMOLCADOR-SEMIREMOLQUE
A-2021-11-154,P-2021-11-154-1-2,PEATÓN,FALLECIDO,MASCULINO,,REMOLCADOR-SEMIREMOLQUE
A-2021-11-155,P-2021-11-155-1-1,CONDUCTOR,FALLECIDO,MASCULINO,29,MOTOCICLETA
A-2021-11-156,P-2021-11-156-1-1,CONDUCTOR,FALLECIDO,MASCULINO,,MOTOCICLETA
A-2021-11-156,P-2021-11-156-2-1,CONDUCTOR,ILESO,MASCULINO,34,REMOLCADOR-SEMIREMOLQUE
A-2021-11-157,P-2021-11-157-1-1,CONDUCTOR,ILESO,MASCULINO,29,CAMIÓN
A-2021-11-157,P-2021-11-157-1-2,PEATÓN,FALLECIDO,MASCULINO,27,CAMIÓN
A-2021-11-158,P-2021-11-158-1-1,CONDUCTOR FUGADO,NO SE CONOCE,NO INDICA,,VEHICULO NO IDENTIFICADO
A-2021-11-158,P-2021-11-158-1-2,PEATÓN,FALLECIDO,MASCULINO,,VEHICULO NO IDENTIFICADO
A-2021-11-159,P-2021-11-159-1-1,CONDUCTOR FUGADO,NO SE CONOCE,NO INDICA,,AUTOMÓVIL
A-2021-11-159,P-2021-11-159-1-3,PEATÓN,FALLECIDO,MASCULINO,75,AUTOMÓVIL
A-2021-11-159,P-2021-11-159-2-1,CONDUCTOR,ILESO,MASCULINO,37,AUTOMÓVIL
A-2021-11-160,P-2021-11-160-1-1,CONDUCTOR,FALLECIDO,MASCULINO,23,MOTOCICLETA
A-2021-11-165,P-2021-11-165-1-1,CONDUCTOR,ILESO,MASCULINO,30,CAMIÓN
A-2021-11-165,P-2021-11-165-1-2,PASAJERO,FALLECIDO,MASCULINO,,CAMIÓN
A-2021-11-165,P-2021-11-165-1-3,PASAJERO,LESIONADO,MASCULINO,,CAMIÓN
A-2021-11-165,P-2021-11-165-2-1,CONDUCTOR,ILESO,MASCULINO,44,REMOLCADOR-SEMIREMOLQUE
A-2021-11-168,P-2021-11-168-1-1,CONDUCTOR,ILESO,MASCULINO,49,ÓMNIBUS
A-2021-11-168,P-2021-11-168-1-2,PEATÓN,FALLECIDO,MASCULINO,76,ÓMNIBUS
A-2021-11-169,P-2021-11-169-1-1,CONDUCTOR FUGADO,NO SE CONOCE,NO INDICA,,AUTOMÓVIL
A-2021-11-169,P-2021-11-169-1-2,PEATÓN,FALLECIDO,MASCULINO,6,AUTOMÓVIL
A-2021-11-170,P-2021-11-170-1-1,CONDUCTOR,FALLECIDO,MASCULINO,22,MOTOCICLETA
A-2021-11-170,P-2021-11-170-1-2,PASAJERO,LESIONADO,FEMENINO,23,MOTOCICLETA
A-2021-11-179,P-2021-11-179-1-1,CONDUCTOR,NO SE CONOCE,NO INDICA,,VEHICULO NO IDENTIFICADO
A-2021-11-179,P-2021-11-179-1-2,PEATÓN,FALLECIDO,MASCULINO,22,VEHICULO NO IDENTIFICADO
A-2021-11-180,P-2021-11-180-1-1,CONDUCTOR,ILESO,MASCULINO,43,AUTOMÓVIL
A-2021-11-180,P-2021-11-180-1-2,PEATÓN,FALLECIDO,MASCULINO,26,AUTOMÓVIL
A-2021-11-185,P-2021-11-185-1-1,CONDUCTOR,FALLECIDO,MASCULINO,30,BICICLETA
A-2021-11-186,P-2021-11-186-1-1,CONDUCTOR,ILESO,MASCULINO,30,AUTOMÓVIL
A-2021-11-186,P-2021-11-186-1-2,PASAJERO,FALLECIDO,MASCULINO,37,AUTOMÓVIL
A-2021-11-186,P-2021-11-186-2-1,CONDUCTOR,ILESO,FEMENINO,45,AUTOMÓVIL
A-2021-11-187,P-2021-11-187-1-1,SIN CONDUCTOR,NO SE CONOCE,NO INDICA,,VEHICULO NO IDENTIFICADO
A-2021-11-187,P-2021-11-187-1-2,PEATÓN,FALLECIDO,MASCULINO,88,VEHICULO NO IDENTIFICADO
A-2021-11-188,P-2021-11-188-1-1,CONDUCTOR,ILESO,MASCULINO,34,AUTOMÓVIL
A-2021-11-188,P-2021-11-188-2-1,CONDUCTOR,ILESO,MASCULINO,34,STATION WAGON
A-2021-11-188,P-2021-11-188-2-2,PEATÓN,FALLECIDO,FEMENINO,71,STATION WAGON
A-2021-11-189,P-2021-11-189-1-1,CONDUCTOR,ILESO,MASCULINO,30,CAMIÓN
A-2021-11-189,P-2021-11-189-1-2,PEATÓN,FALLECIDO,MASCULINO,44,CAMIÓN
A-2021-11-190,P-2021-11-190-1-1,CONDUCTOR FUGADO,NO SE CONOCE,NO INDICA,,TRIMOTO PASAJERO
A-2021-11-190,P-2021-11-190-1-2,PEATÓN,FALLECIDO,MASCULINO,77,TRIMOTO PASAJERO
A-2021-11-191,P-2021-11-191-1-1,CONDUCTOR,ILESO,MASCULINO,53,CAMIONETA RURAL
A-2021-11-191,P-2021-11-191-1-2,PASAJERO,FALLECIDO,FEMENINO,,CAMIONETA RURAL
A-2021-11-191,P-2021-11-191-1-3,PASAJERO,LESIONADO,FEMENINO,25,CAMIONETA RURAL
A-2021-11-191,P-2021-11-191-1-4,PASAJERO,LESIONADO,MASCULINO,24,CAMIONETA RURAL
A-2021-11-192,P-2021-11-192-1-1,CONDUCTOR,ILESO,MASCULINO,59,CAMIONETA RURAL
A-2021-11-192,P-2021-11-192-1-2,PASAJERO,FALLECIDO,FEMENINO,68,CAMIONETA RURAL
A-2021-11-192,P-2021-11-192-1-3,PASAJERO,LESIONADO,FEMENINO,46,CAMIONETA RURAL
A-2021-11-192,P-2021-11-192-1-4,PASAJERO,LESIONADO,FEMENINO,52,CAMIONETA RURAL
A-2021-11-192,P-2021-11-192-2-1,CONDUCTOR,ILESO,MASCULINO,42,REMOLCADOR-SEMIREMOLQUE
A-2021-11-8,P-2021-11-8-1-1,CONDUCTOR,ILESO,MASCULINO,35,ÓMNIBUS
A-2021-11-8,P-2021-11-8-1-2,PEATÓN,FALLECIDO,MASCULINO,52,ÓMNIBUS
A-2021-12-116,P-2021-12-116-1-1,CONDUCTOR,ILESO,MASCULINO,37,STATION WAGON
A-2021-12-116,P-2021-12-116-2-1,CONDUCTOR,ILESO,FEMENINO,46,AUTOMÓVIL
A-2021-12-116,P-2021-12-116-2-2,PEATÓN,FALLECIDO,FEMENINO,50,AUTOMÓVIL
A-2021-12-117,P-2021-12-117-1-1,CONDUCTOR,ILESO,MASCULINO,67,OTRO
A-2021-12-117,P-2021-12-117-1-2,PEATÓN,FALLECIDO,MASCULINO,,OTRO
A-2021-12-118,P-2021-12-118-1-1,CONDUCTOR,ILESO,MASCULINO,28,MOTOCICLETA
A-2021-12-118,P-2021-12-118-1-2,PEATÓN,FALLECIDO,MASCULINO,41,MOTOCICLETA
A-2021-12-119,P-2021-12-119-1-1,CONDUCTOR,ILESO,MASCULINO,42,CAMIÓN
A-2021-12-119,P-2021-12-119-2-1,CONDUCTOR,FALLECIDO,FEMENINO,,TRIMOTO PASAJERO
A-2021-12-14,P-2021-12-14-1-1,CONDUCTOR,FALLECIDO,MASCULINO,33,MOTOCICLETA
A-2021-12-154,P-2021-12-154-1-1,CONDUCTOR,FALLECIDO,MASCULINO,,AUTOMÓVIL
A-2021-12-154,P-2021-12-154-1-2,PASAJERO,LESIONADO,FEMENINO,,AUTOMÓVIL
A-2021-12-154,P-2021-12-154-1-3,PASAJERO,LESIONADO,MASCULINO,,AUTOMÓVIL
A-2021-12-155,P-2021-12-155-1-1,CONDUCTOR,ILESO,MASCULINO,31,CAMIONETA RURAL
A-2021-12-155,P-2021-12-155-1-2,PASAJERO,FALLECIDO,MASCULINO,,CAMIONETA RURAL
A-2021-12-155,P-2021-12-155-2-1,CONDUCTOR,ILESO,MASCULINO,56,REMOLCADOR
A-2021-12-156,P-2021-12-156-1-1,CONDUCTOR,ILESO,MASCULINO,24,MOTOCICLETA
A-2021-12-156,P-2021-12-156-1-2,PEATÓN,FALLECIDO,MASCULINO,42,MOTOCICLETA
A-2021-12-157,P-2021-12-157-1-1,CONDUCTOR,ILESO,MASCULINO,74,REMOLCADOR-SEMIREMOLQUE
A-2021-12-157,P-2021-12-157-2-1,CONDUCTOR,ILESO,MASCULINO,33,CAMIONETA RURAL
A-2021-12-157,P-2021-12-157-2-2,PASAJERO,FALLECIDO,FEMENINO,46,CAMIONETA RURAL
A-2021-12-157,P-2021-12-157-2-3,PASAJERO,LESIONADO,MASCULINO,,CAMIONETA RURAL
A-2021-12-157,P-2021-12-157-2-4,PASAJERO,LESIONADO,MASCULINO,,CAMIONETA RURAL
A-2021-12-157,P-2021-12-157-2-5,PASAJERO,LESIONADO,FEMENINO,,CAMIONETA RURAL
A-2021-12-157,P-2021-12-157-2-6,PASAJERO,LESIONADO,FEMENINO,,CAMIONETA RURAL
A-2021-12-157,P-2021-12-157-2-7,PASAJERO,LESIONADO,FEMENINO,,CAMIONETA RURAL
A-2021-12-157,P-2021-12-157-2-8,PASAJERO,LESIONADO,FEMENINO,,CAMIONETA RURAL
A-2021-12-157,P-2021-12-157-2-9,PASAJERO,LESIONADO,MASCULINO,,CAMIONETA RURAL
A-2021-12-158,P-2021-12-158-1-1,CONDUCTOR,FALLECIDO,MASCULINO,,CAMIÓN
A-2021-12-158,P-2021-12-158-2-1,CONDUCTOR,NO SE CONOCE,NO INDICA,,AUTOMÓVIL
A-2021-12-159,P-2021-12-159-1-1,CONDUCTOR,ILESO,MASCULINO,,TRIMOTO PASAJERO
A-2021-12-159,P-2021-12-159-2-1,CONDUCTOR,FALLECIDO,MASCULINO,58,MOTOCICLETA
A-2021-12-161,P-2021-12-161-1-1,CONDUCTOR,ILESO,MASCULINO,22,CAMIÓN
A-2021-12-161,P-2021-12-161-1-2,PASAJERO,FALLECIDO,MASCULINO,23,CAMIÓN
A-2021-12-161,P-2021-12-161-2-1,CONDUCTOR,ILESO,MASCULINO,74,CAMIÓN
A-2021-12-161,P-2021-12-161-3-1,CONDUCTOR,ILESO,MASCULINO,39,REMOLCADOR
A-2021-12-206,P-2021-12-206-1-1,CONDUCTOR,FALLECIDO,MASCULINO,54,MOTOCICLETA
A-2021-12-207,P-2021-12-207-1-1,CONDUCTOR,ILESO,FEMENINO,20,TRIMOTO PASAJERO
A-2021-12-207,P-2021-12-207-1-2,PEATÓN,FALLECIDO,FEMENINO,,TRIMOTO PASAJERO
A-2021-12-208,P-2021-12-208-1-1,CONDUCTOR,ILESO,MASCULINO,43,AUTOMÓVIL
A-2021-12-208,P-2021-12-208-2-1,CONDUCTOR,FALLECIDO,MASCULINO,,MOTOCICLETA
A-2021-12-209,P-2021-12-209-1-1,CONDUCTOR,FALLECIDO,MASCULINO,,BICICLETA
A-2021-12-209,P-2021-12-209-2-1,CONDUCTOR FUGADO,NO SE CONOCE,NO INDICA,,VEHICULO NO IDENTIFICADO
A-2021-12-210,P-2021-12-210-1-1,CONDUCTOR FUGADO,NO SE CONOCE,NO INDICA,,VEHICULO NO IDENTIFICADO
A-2021-12-210,P-2021-12-210-2-1,CONDUCTOR,FALLECIDO,MASCULINO,,MOTOCICLETA
A-2021-12-211,P-2021-12-211-1-1,CONDUCTOR,ILESO,MASCULINO,,ÓMNIBUS
A-2021-12-211,P-2021-12-211-1-2,PEATÓN,FALLECIDO,FEMENINO,56,ÓMNIBUS
A-2021-12-212,P-2021-12-212-1-1,CONDUCTOR,ILESO,MASCULINO,42,AUTOMÓVIL
A-2021-12-212,P-2021-12-212-1-2,PEATÓN,FALLECIDO,MASCULINO,,AUTOMÓVIL
A-2021-12-213,P-2021-12-213-1-1,CONDUCTOR,LESIONADO,MASCULINO,62,TRIMOTO PASAJERO
A-2021-12-213,P-2021-12-213-1-2,PASAJERO,FALLECIDO,FEMENINO,,TRIMOTO PASAJERO
A-2021-12-213,P-2021-12-213-2-1,CONDUCTOR,ILESO,MASCULINO,,MINIBUS
A-2021-12-214,P-2021-12-214-1-1,CONDUCTOR,FALLECIDO,MASCULINO,,MOTOCICLETA
A-2021-12-214,P-2021-12-214-2-1,CONDUCTOR,ILESO,MASCULINO,57,CAMIÓN
A-2021-12-215,P-2021-12-215-1-1,CONDUCTOR,ILESO,MASCULINO,34,AUTOMÓVIL
A-2021-12-215,P-2021-12-215-2-1,CONDUCTOR,FALLECIDO,MASCULINO,,CAMIONETA PICK UP
A-2021-12-216,P-2021-12-216-1-1,CONDUCTOR FUGADO,NO SE CONOCE,NO INDICA,,VEHICULO NO IDENTIFICADO
A-2021-12-216,P-2021-12-216-1-2,PASAJERO,FALLECIDO,MASCULINO,53,VEHICULO NO IDENTIFICADO
A-2021-12-217,P-2021-12-217-1-1,CONDUCTOR,ILESO,MASCULINO,46,CAMIONETA RURAL
A-2021-12-217,P-2021-12-217-1-2,PASAJERO,FALLECIDO,FEMENINO,,CAMIONETA RURAL
A-2021-12-217,P-2021-12-217-1-3,PASAJERO,LESIONADO,FEMENINO,,CAMIONETA RURAL
A-2021-12-217,P-2021-12-217-1-4,PASAJERO,LESIONADO,FEMENINO,,CAMIONETA RURAL
A-2021-12-217,P-2021-12-217-1-5,PASAJERO,LESIONADO,FEMENINO,,CAMIONETA RURAL
A-2021-12-217,P-2021-12-217-1-6,PASAJERO,LESIONADO,FEMENINO,,CAMIONETA RURAL
A-2021-12-218,P-2021-12-218-1-1,CONDUCTOR,ILESO,MASCULINO,22,TRIMOTO PASAJERO
A-2021-12-218,P-2021-12-218-1-2,PEATÓN,FALLECIDO,FEMENINO,,TRIMOTO PASAJERO
A-2021-12-218,P-2021-12-218-1-3,PEATÓN,LESIONADO,FEMENINO,53,TRIMOTO PASAJERO
A-2021-12-219,P-2021-12-219-1-1,CONDUCTOR,ILESO,MASCULINO,31,REMOLCADOR-SEMIREMOLQUE
A-2021-12-219,P-2021-12-219-1-2,PEATÓN,FALLECIDO,MASCULINO,78,REMOLCADOR-SEMIREMOLQUE
A-2021-12-220,P-2021-12-220-1-1,CONDUCTOR,ILESO,MASCULINO,,ÓMNIBUS
A-2021-12-220,P-2021-12-220-2-1,CONDUCTOR,FALLECIDO,MASCULINO,38,MOTOCICLETA
A-2021-12-223,P-2021-12-223-1-1,CONDUCTOR,FALLECIDO,MASCULINO,,MOTOCICLETA
A-2021-12-224,P-2021-12-224-1-1,CONDUCTOR,ILESO,MASCULINO,40,CAMIONETA RURAL
A-2021-12-224,P-2021-12-224-1-2,PEATÓN,FALLECIDO,MASCULINO,,CAMIONETA RURAL
A-2021-12-240,P-2021-12-240-1-1,CONDUCTOR,ILESO,MASCULINO,57,CAMIONETA RURAL
A-2021-12-240,P-2021-12-240-1-2,PEATÓN,FALLECIDO,MASCULINO,,CAMIONETA RURAL
A-2021-12-241,P-2021-12-241-1-1,CONDUCTOR,ILESO,MASCULINO,,AUTOMÓVIL
A-2021-12-241,P-2021-12-241-2-1,CONDUCTOR,FALLECIDO,MASCULINO,,MOTOCICLETA
A-2021-12-242,P-2021-12-242-1-1,CONDUCTOR,ILESO,MASCULINO,,ÓMNIBUS
A-2021-12-242,P-2021-12-242-1-2,PEATÓN,FALLECIDO,MASCULINO,,ÓMNIBUS
A-2021-12-243,P-2021-12-243-1-1,CONDUCTOR,FALLECIDO,MASCULINO,,MOTOCICLETA
A-2021-12-244,P-2021-12-244-1-1,CONDUCTOR,FALLECIDO,MASCULINO,,MOTOCICLETA
A-2021-12-244,P-2021-12-244-1-2,PEATÓN,FALLECIDO,FEMENINO,,MOTOCICLETA
A-2021-12-244,P-2021-12-244-1-3,PEATÓN,LESIONADO,FEMENINO,,MOTOCICLETA
A-2021-12-245,P-2021-12-245-1-1,CONDUCTOR,FALLECIDO,MASCULINO,,TRIMOTO CARGA
A-2021-12-246,P-2021-12-246-1-1,CONDUCTOR,ILESO,MASCULINO,,MINIBUS
A-2021-12-246,P-2021-12-246-2-1,CONDUCTOR,FALLECIDO,MASCULINO,,TRIMOTO PASAJERO
A-2021-12-247,P-2021-12-247-1-1,CONDUCTOR,ILESO,MASCULINO,,MOTOCICLETA
A-2021-12-247,P-2021-12-247-1-2,PASAJERO,FALLECIDO,MASCULINO,,MOTOCICLETA
A-2021-12-248,P-2021-12-248-1-1,CONDUCTOR,ILESO,MASCULINO,,CAMIONETA RURAL
A-2021-12-248,P-2021-12-248-1-2,PEATÓN,FALLECIDO,MASCULINO,43,CAMIONETA RURAL
A-2021-12-27,P-2021-12-27-1-1,CONDUCTOR,ILESO,MASCULINO,36,REMOLCADOR
A-2021-12-27,P-2021-12-27-2-1,CONDUCTOR,FALLECIDO,MASCULINO,11,BICICLETA
A-2021-12-293,P-2021-12-293-1-1,CONDUCTOR,ILESO,MASCULINO,27,TRIMOTO PASAJERO
A-2021-12-293,P-2021-12-293-1-2,PEATÓN,FALLECIDO,FEMENINO,53,TRIMOTO PASAJERO
A-2021-12-295,P-2021-12-295-1-1,CONDUCTOR,NO SE CONOCE,MASCULINO,,VEHICULO NO IDENTIFICADO
A-2021-12-295,P-2021-12-295-1-2,PASAJERO,FALLECIDO,FEMENINO,,VEHICULO NO IDENTIFICADO
A-2021-12-34,P-2021-12-34-1-1,CONDUCTOR,ILESO,MASCULINO,47,CAMIONETA RURAL
A-2021-12-34,P-2021-12-34-1-2,PEATÓN,FALLECIDO,MASCULINO,32,CAMIONETA RURAL
A-2021-12-7,P-2021-12-7-1-1,CONDUCTOR,ILESO,MASCULINO,44,REMOLCADOR-SEMIREMOLQUE
A-2021-12-7,P-2021-12-7-2-1,CONDUCTOR,FALLECIDO,MASCULINO,39,BICICLETA
A-2021-12-8,P-2021-12-8-1-1,CONDUCTOR,ILESO,MASCULINO,58,REMOLCADOR-SEMIREMOLQUE
A-2021-12-8,P-2021-12-8-2-1,CONDUCTOR,FALLECIDO,MASCULINO,19,MOTOCICLETA
A-2021-12-80,P-2021-12-80-1-1,CONDUCTOR,ILESO,MASCULINO,41,REMOLCADOR-SEMIREMOLQUE
A-2021-12-80,P-2021-12-80-2-1,CONDUCTOR,FALLECIDO,MASCULINO,38,MOTOCICLETA
A-2022-01-104,P-2022-01-104-1-1,CONDUCTOR,ILESO,MASCULINO,39,REMOLCADOR-SEMIREMOLQUE
A-2022-01-104,P-2022-01-104-1-2,PEATÓN,FALLECIDO,MASCULINO,23,REMOLCADOR-SEMIREMOLQUE
A-2022-01-110,P-2022-01-110-1-1,CONDUCTOR,FALLECIDO,MASCULINO,29,CAMIÓN
A-2022-01-110,P-2022-01-110-2-1,CONDUCTOR,ILESO,MASCULINO,61,CAMIÓN
A-2022-01-111,P-2022-01-111-1-1,CONDUCTOR,ILESO,MASCULINO,51,AUTOMÓVIL
A-2022-01-111,P-2022-01-111-1-2,PEATÓN,FALLECIDO,MASCULINO,28,AUTOMÓVIL
A-2022-01-120,P-2022-01-120-1-1,CONDUCTOR,FALLECIDO,MASCULINO,30,MOTOCICLETA
A-2022-01-121,P-2022-01-121-1-1,CONDUCTOR,FALLECIDO,MASCULINO,28,MOTOCICLETA
A-2022-01-121,P-2022-01-121-2-1,SIN CONDUCTOR,NO SE CONOCE,NO INDICA,,REMOLCADOR
A-2022-01-123,P-2022-01-123-1-1,CONDUCTOR,ILESO,MASCULINO,37,ÓMNIBUS
A-2022-01-123,P-2022-01-123-2-1,CONDUCTOR,FALLECIDO,MASCULINO,48,MOTOCICLETA
A-2022-01-124,P-2022-01-124-1-1,CONDUCTOR,ILESO,FEMENINO,54,CAMIÓN
A-2022-01-124,P-2022-01-124-1-2,PEATÓN,FALLECIDO,MASCULINO,5,CAMIÓN
A-2022-01-125,P-2022-01-125-1-1,CONDUCTOR,ILESO,MASCULINO,33,CAMIONETA RURAL
A-2022-01-125,P-2022-01-125-1-2,PEATÓN,FALLECIDO,MASCULINO,,CAMIONETA RURAL
A-2022-01-126,P-2022-01-126-1-1,CONDUCTOR,ILESO,MASCULINO,32,AUTOMÓVIL
A-2022-01-126,P-2022-01-126-1-2,PEATÓN,FALLECIDO,MASCULINO,80,AUTOMÓVIL
A-2022-01-260,P-2022-01-260-1-1,CONDUCTOR,FALLECIDO,MASCULINO,28,MOTOCICLETA
A-2022-01-260,P-2022-01-260-2-1,CONDUCTOR,LESIONADO,MASCULINO,44,BICICLETA
A-2022-01-261,P-2022-01-261-1-1,CONDUCTOR FUGADO,NO SE CONOCE,NO INDICA,,VEHICULO NO IDENTIFICADO
A-2022-01-261,P-2022-01-261-1-2,PASAJERO,FALLECIDO,FEMENINO,50,VEHICULO NO IDENTIFICADO
A-2022-01-262,P-2022-01-262-1-1,CONDUCTOR,ILESO,MASCULINO,42,REMOLCADOR
A-2022-01-262,P-2022-01-262-2-1,CONDUCTOR,FALLECIDO,MASCULINO,59,ÓMNIBUS
A-2022-01-266,P-2022-01-266-1-1,CONDUCTOR,ILESO,MASCULINO,50,REMOLCADOR
A-2022-01-266,P-2022-01-266-1-2,PEATÓN,FALLECIDO,NO INDICA,,REMOLCADOR
A-2022-01-267,P-2022-01-267-1-1,CONDUCTOR,ILESO,MASCULINO,36,CAMIONETA PICK UP
A-2022-01-267,P-2022-01-267-1-2,PEATÓN,FALLECIDO,FEMENINO,,CAMIONETA PICK UP
A-2022-01-268,P-2022-01-268-1-1,CONDUCTOR,ILESO,MASCULINO,54,ÓMNIBUS
A-2022-01-268,P-2022-01-268-1-2,PASAJERO,FALLECIDO,FEMENINO,66,ÓMNIBUS
A-2022-01-268,P-2022-01-268-1-3,PASAJERO,FALLECIDO,MASCULINO,49,ÓMNIBUS
A-2022-01-268,P-2022-01-268-1-4,PASAJERO,LESIONADO,FEMENINO,36,ÓMNIBUS
A-2022-01-268,P-2022-01-268-2-1,CONDUCTOR FUGADO,NO SE CONOCE,NO INDICA,,TRIMOTO PASAJERO
A-2022-01-269,P-2022-01-269-1-1,CONDUCTOR FUGADO,NO SE CONOCE,NO INDICA,,VEHICULO NO IDENTIFICADO
A-2022-01-269,P-2022-01-269-1-2,PEATÓN,FALLECIDO,MASCULINO,,VEHICULO NO IDENTIFICADO
A-2022-01-270,P-2022-01-270-1-1,CONDUCTOR,FALLECIDO,MASCULINO,26,MOTOCICLETA
A-2022-01-271,P-2022-01-271-1-1,CONDUCTOR,ILESO,MASCULINO,46,STATION WAGON
A-2022-01-271,P-2022-01-271-2-1,CONDUCTOR,FALLECIDO,MASCULINO,69,MOTOCICLETA
A-2022-01-277,P-2022-01-277-1-1,CONDUCTOR,ILESO,MASCULINO,23,CAMIÓN
A-2022-01-277,P-2022-01-277-2-1,CONDUCTOR,ILESO,MASCULINO,28,MOTOCICLETA
A-2022-01-277,P-2022-01-277-2-2,PASAJERO,FALLECIDO,FEMENINO,28,MOTOCICLETA
A-2022-01-279,P-2022-01-279-1-1,SIN CONDUCTOR,NO SE CONOCE,NO INDICA,,CAMIÓN
A-2022-01-279,P-2022-01-279-1-2,PASAJERO,FALLECIDO,MASCULINO,53,CAMIÓN
A-2022-01-279,P-2022-01-279-1-3,PASAJERO,LESIONADO,FEMENINO,44,CAMIÓN
A-2022-01-345,P-2022-01-345-1-1,CONDUCTOR,ILESO,MASCULINO,33,TRIMOTO PASAJERO
A-2022-01-345,P-2022-01-345-2-1,CONDUCTOR,FALLECIDO,MASCULINO,17,BICICLETA
A-2022-01-69,P-2022-01-69-1-1,CONDUCTOR,FALLECIDO,MASCULINO,28,MOTOCICLETA
A-2022-01-70,P-2022-01-70-1-1,CONDUCTOR,ILESO,MASCULINO,35,CAMIONETA PICK UP
A-2022-01-70,P-2022-01-70-1-2,PEATÓN,FALLECIDO,FEMENINO,60,CAMIONETA PICK UP
A-2022-01-70,P-2022-01-70-2-1,CONDUCTOR,ILESO,MASCULINO,43,TRIMOTO PASAJERO
A-2022-01-73,P-2022-01-73-1-1,CONDUCTOR,FALLECIDO,MASCULINO,45,AUTOMÓVIL
A-2022-01-73,P-2022-01-73-2-1,CONDUCTOR,ILESO,MASCULINO,53,REMOLCADOR-SEMIREMOLQUE
A-2022-01-89,P-2022-01-89-1-1,CONDUCTOR,ILESO,MASCULINO,32,REMOLCADOR-SEMIREMOLQUE
A-2022-01-89,P-2022-01-89-2-1,CONDUCTOR,FALLECIDO,MASCULINO,58,MOTOCICLETA
A-2022-01-90,P-2022-01-90-1-1,CONDUCTOR,ILESO,MASCULINO,51,CAMIONETA RURAL
A-2022-01-90,P-2022-01-90-1-2,PEATÓN,FALLECIDO,MASCULINO,90,CAMIONETA RURAL
A-2022-01-91,P-2022-01-91-1-1,CONDUCTOR,FALLECIDO,MASCULINO,25,AUTOMÓVIL
A-2022-01-94,P-2022-01-94-1-1,CONDUCTOR,ILESO,MASCULINO,45,MINIBUS
A-2022-01-94,P-2022-01-94-1-2,PEATÓN,FALLECIDO,FEMENINO,45,MINIBUS
A-2022-02-119,P-2022-02-119-1-1,CONDUCTOR FUGADO,NO SE CONOCE,MASCULINO,,CAMIONETA RURAL
A-2022-02-119,P-2022-02-119-1-2,PEATÓN,FALLECIDO,FEMENINO,69,CAMIONETA RURAL
A-2022-02-149,P-2022-02-149-1-1,CONDUCTOR,ILESO,MASCULINO,38,REMOLCADOR-SEMIREMOLQUE
A-2022-02-149,P-2022-02-149-1-2,PEATÓN,FALLECIDO,FEMENINO,64,REMOLCADOR-SEMIREMOLQUE
A-2022-02-150,P-2022-02-150-1-1,CONDUCTOR FUGADO,NO SE CONOCE,NO INDICA,,VEHICULO NO IDENTIFICADO
A-2022-02-150,P-2022-02-150-1-2,PEATÓN,FALLECIDO,MASCULINO,33,VEHICULO NO IDENTIFICADO
A-2022-02-151,P-2022-02-151-1-1,CONDUCTOR,ILESO,MASCULINO,73,MOTOCICLETA
A-2022-02-151,P-2022-02-151-1-2,PEATÓN,FALLECIDO,MASCULINO,73,MOTOCICLETA
A-2022-02-153,P-2022-02-153-1-1,CONDUCTOR,ILESO,MASCULINO,19,MOTOCICLETA
A-2022-02-153,P-2022-02-153-1-2,PEATÓN,FALLECIDO,FEMENINO,76,MOTOCICLETA
A-2022-02-153,P-2022-02-153-1-3,PASAJERO,LESIONADO,MASCULINO,21,MOTOCICLETA
A-2022-02-154,P-2022-02-154-1-1,CONDUCTOR,ILESO,MASCULINO,49,REMOLCADOR
A-2022-02-154,P-2022-02-154-2-1,CONDUCTOR,ILESO,MASCULINO,33,MOTOCICLETA
A-2022-02-154,P-2022-02-154-2-2,PASAJERO,FALLECIDO,MASCULINO,34,MOTOCICLETA
A-2022-02-155,P-2022-02-155-1-1,CONDUCTOR,ILESO,MASCULINO,29,MOTOCICLETA
A-2022-02-155,P-2022-02-155-2-1,CONDUCTOR,FALLECIDO,MASCULINO,,MOTOCICLETA
A-2022-02-162,P-2022-02-162-1-1,CONDUCTOR,FALLECIDO,MASCULINO,60,AUTOMÓVIL
A-2022-02-166,P-2022-02-166-1-1,CONDUCTOR,ILESO,MASCULINO,47,REMOLCADOR-SEMIREMOLQUE
A-2022-02-166,P-2022-02-166-1-2,PEATÓN,FALLECIDO,MASCULINO,25,REMOLCADOR-SEMIREMOLQUE
A-2022-02-167,P-2022-02-167-1-1,CONDUCTOR,ILESO,MASCULINO,24,MINIBUS
A-2022-02-167,P-2022-02-167-1-2,PASAJERO,FALLECIDO,MASCULINO,,MINIBUS
A-2022-02-168,P-2022-02-168-1-1,CONDUCTOR,ILESO,MASCULINO,66,ÓMNIBUS
A-2022-02-168,P-2022-02-168-1-2,PEATÓN,FALLECIDO,MASCULINO,79,ÓMNIBUS
A-2022-02-216,P-2022-02-216-1-1,CONDUCTOR,ILESO,MASCULINO,27,MOTOCICLETA
A-2022-02-216,P-2022-02-216-1-2,PEATÓN,FALLECIDO,FEMENINO,75,MOTOCICLETA
A-2022-02-218,P-2022-02-218-1-1,CONDUCTOR,ILESO,MASCULINO,37,CAMIONETA RURAL
A-2022-02-218,P-2022-02-218-1-2,PEATÓN,FALLECIDO,FEMENINO,50,CAMIONETA RURAL
A-2022-02-22,P-2022-02-22-1-1,CONDUCTOR FUGADO,NO SE CONOCE,NO INDICA,,CAMIONETA RURAL
A-2022-02-22,P-2022-02-22-2-1,CONDUCTOR,FALLECIDO,MASCULINO,72,BICICLETA
A-2022-02-221,P-2022-02-221-1-1,CONDUCTOR,ILESO,MASCULINO,62,REMOLCADOR
A-2022-02-221,P-2022-02-221-1-2,PEATÓN,FALLECIDO,FEMENINO,69,REMOLCADOR
A-2022-02-222,P-2022-02-222-1-1,CONDUCTOR,ILESO,MASCULINO,57,ÓMNIBUS
A-2022-02-222,P-2022-02-222-2-1,CONDUCTOR,FALLECIDO,MASCULINO,44,TRIMOTO PASAJERO
A-2022-02-223,P-2022-02-223-1-1,CONDUCTOR FUGADO,NO SE CONOCE,NO INDICA,,VEHICULO NO IDENTIFICADO
A-2022-02-223,P-2022-02-223-1-2,PEATÓN,FALLECIDO,FEMENINO,,VEHICULO NO IDENTIFICADO
A-2022-02-228,P-2022-02-228-1-1,CONDUCTOR,ILESO,MASCULINO,69,ÓMNIBUS
A-2022-02-228,P-2022-02-228-2-1,CONDUCTOR,FALLECIDO,MASCULINO,71,CAMIÓN
A-2022-02-228,P-2022-02-228-2-2,PASAJERO,LESIONADO,MASCULINO,69,CAMIÓN
A-2022-02-229,P-2022-02-229-1-1,CONDUCTOR,FALLECIDO,MASCULINO,22,MOTOCICLETA
A-2022-02-230,P-2022-02-230-1-1,CONDUCTOR FUGADO,NO SE CONOCE,NO INDICA,,VEHICULO NO IDENTIFICADO
A-2022-02-230,P-2022-02-230-2-1,CONDUCTOR,ILESO,MASCULINO,22,MOTOCICLETA
A-2022-02-230,P-2022-02-230-2-2,PEATÓN,FALLECIDO,MASCULINO,54,MOTOCICLETA
A-2022-02-231,P-2022-02-231-1-1,CONDUCTOR FUGADO,NO SE CONOCE,NO INDICA,,VEHICULO NO IDENTIFICADO
A-2022-02-231,P-2022-02-231-1-2,PEATÓN,FALLECIDO,MASCULINO,25,VEHICULO NO IDENTIFICADO
A-2022-02-234,P-2022-02-234-1-1,CONDUCTOR,ILESO,MASCULINO,58,CAMIÓN
A-2022-02-234,P-2022-02-234-1-2,PEATÓN,FALLECIDO,FEMENINO,72,CAMIÓN
A-2022-02-235,P-2022-02-235-1-1,CONDUCTOR,ILESO,MASCULINO,42,ÓMNIBUS
A-2022-02-235,P-2022-02-235-1-2,PEATÓN,FALLECIDO,MASCULINO,75,ÓMNIBUS
A-2022-02-236,P-2022-02-236-1-1,CONDUCTOR,ILESO,MASCULINO,64,AUTOMÓVIL
A-2022-02-236,P-2022-02-236-1-2,PEATÓN,FALLECIDO,MASCULINO,,AUTOMÓVIL
A-2022-02-237,P-2022-02-237-1-1,CONDUCTOR,ILESO,MASCULINO,50,REMOLCADOR
A-2022-02-237,P-2022-02-237-2-1,CONDUCTOR,FALLECIDO,MASCULINO,21,MOTOCICLETA
A-2022-02-239,P-2022-02-239-1-1,CONDUCTOR FUGADO,NO SE CONOCE,NO INDICA,,VEHICULO NO IDENTIFICADO
A-2022-02-239,P-2022-02-239-1-2,PEATÓN,FALLECIDO,MASCULINO,,VEHICULO NO IDENTIFICADO
A-2022-02-240,P-2022-02-240-1-1,CONDUCTOR,ILESO,MASCULINO,41,REMOLCADOR
A-2022-02-240,P-2022-02-240-1-2,PEATÓN,FALLECIDO,MASCULINO,,REMOLCADOR
A-2022-02-241,P-2022-02-241-1-1,CONDUCTOR,ILESO,MASCULINO,59,CAMIONETA RURAL
A-2022-02-241,P-2022-02-241-1-2,PEATÓN,FALLECIDO,MASCULINO,55,CAMIONETA RURAL
A-2022-02-242,P-2022-02-242-1-1,CONDUCTOR,ILESO,MASCULINO,60,ÓMNIBUS
A-2022-02-242,P-2022-02-242-1-2,PASAJERO,FALLECIDO,FEMENINO,55,ÓMNIBUS
A-2022-02-246,P-2022-02-246-1-1,CONDUCTOR,ILESO,MASCULINO,39,ÓMNIBUS
A-2022-02-246,P-2022-02-246-1-2,PEATÓN,FALLECIDO,FEMENINO,71,ÓMNIBUS
A-2022-02-248,P-2022-02-248-1-1,CONDUCTOR,ILESO,MASCULINO,33,TRIMOTO PASAJERO
A-2022-02-248,P-2022-02-248-1-2,PEATÓN,FALLECIDO,FEMENINO,70,TRIMOTO PASAJERO
A-2022-02-249,P-2022-02-249-1-1,CONDUCTOR FUGADO,NO SE CONOCE,NO INDICA,,VEHICULO NO IDENTIFICADO
A-2022-02-249,P-2022-02-249-2-1,CONDUCTOR,ILESO,MASCULINO,17,TRIMOTO PASAJERO
A-2022-02-249,P-2022-02-249-2-2,PASAJERO,LESIONADO,FEMENINO,15,TRIMOTO PASAJERO
A-2022-02-249,P-2022-02-249-2-3,PASAJERO,LESIONADO,MASCULINO,1,TRIMOTO PASAJERO
A-2022-02-249,P-2022-02-249-2-4,PASAJERO,FALLECIDO,FEMENINO,65,TRIMOTO PASAJERO
A-2022-02-250,P-2022-02-250-1-1,CONDUCTOR FUGADO,NO SE CONOCE,NO INDICA,,VEHICULO NO IDENTIFICADO
A-2022-02-250,P-2022-02-250-1-2,PEATÓN,FALLECIDO,MASCULINO,,VEHICULO NO IDENTIFICADO
A-2022-02-251,P-2022-02-251-1-1,CONDUCTOR,ILESO,MASCULINO,65,CAMIONETA PANEL
A-2022-02-251,P-2022-02-251-1-2,PASAJERO,LESIONADO,FEMENINO,30,CAMIONETA PANEL
A-2022-02-251,P-2022-02-251-1-3,PASAJERO,LESIONADO,FEMENINO,19,CAMIONETA PANEL
A-2022-02-251,P-2022-02-251-2-1,CONDUCTOR,ILESO,MASCULINO,31,CAMIONETA RURAL
A-2022-02-251,P-2022-02-251-2-2,PASAJERO,FALLECIDO,MASCULINO,27,CAMIONETA RURAL
A-2022-02-309,P-2022-02-309-1-1,CONDUCTOR,ILESO,MASCULINO,,ÓMNIBUS
A-2022-02-309,P-2022-02-309-1-2,PEATÓN,FALLECIDO,FEMENINO,,ÓMNIBUS
A-2022-02-81,P-2022-02-81-1-1,CONDUCTOR,ILESO,MASCULINO,27,REMOLCADOR-SEMIREMOLQUE
A-2022-02-81,P-2022-02-81-1-2,PEATÓN,FALLECIDO,FEMENINO,41,REMOLCADOR-SEMIREMOLQUE
A-2022-03-161,P-2022-03-161-1-1,CONDUCTOR,FALLECIDO,MASCULINO,51,STATION WAGON
A-2022-03-161,P-2022-03-161-2-1,SIN CONDUCTOR,NO SE CONOCE,NO INDICA,,SEMIREMOLQUE
A-2022-03-162,P-2022-03-162-1-1,CONDUCTOR FUGADO,NO SE CONOCE,NO INDICA,,VEHICULO NO IDENTIFICADO
A-2022-03-162,P-2022-03-162-1-2,PEATÓN,FALLECIDO,NO INDICA,,VEHICULO NO IDENTIFICADO
A-2022-03-163,P-2022-03-163-1-1,CONDUCTOR,ILESO,MASCULINO,28,REMOLCADOR
A-2022-03-163,P-2022-03-163-2-1,CONDUCTOR,FALLECIDO,MASCULINO,61,MOTOCICLETA
A-2022-03-181,P-2022-03-181-1-1,CONDUCTOR,FALLECIDO,MASCULINO,23,MOTOCICLETA
A-2022-03-181,P-2022-03-181-2-1,CONDUCTOR,ILESO,MASCULINO,50,REMOLCADOR
A-2022-03-189,P-2022-03-189-1-1,CONDUCTOR,ILESO,MASCULINO,66,CAMIÓN
A-2022-03-189,P-2022-03-189-2-1,CONDUCTOR,FALLECIDO,MASCULINO,23,MOTOCICLETA
A-2022-03-212,P-2022-03-212-1-1,CONDUCTOR,ILESO,MASCULINO,52,REMOLCADOR-SEMIREMOLQUE
A-2022-03-212,P-2022-03-212-1-2,PEATÓN,FALLECIDO,MASCULINO,78,REMOLCADOR-SEMIREMOLQUE
A-2022-03-213,P-2022-03-213-1-1,CONDUCTOR FUGADO,NO SE CONOCE,NO INDICA,,VEHICULO NO IDENTIFICADO
A-2022-03-213,P-2022-03-213-1-2,PEATÓN,FALLECIDO,MASCULINO,32,VEHICULO NO IDENTIFICADO
A-2022-03-214,P-2022-03-214-1-1,CONDUCTOR,ILESO,MASCULINO,44,CAMIONETA RURAL
A-2022-03-214,P-2022-03-214-1-2,PEATÓN,FALLECIDO,MASCULINO,72,CAMIONETA RURAL
A-2022-03-215,P-2022-03-215-1-1,CONDUCTOR,ILESO,MASCULINO,55,ÓMNIBUS
A-2022-03-215,P-2022-03-215-2-1,CONDUCTOR,FALLECIDO,MASCULINO,32,AUTOMÓVIL
A-2022-03-216,P-2022-03-216-1-1,CONDUCTOR,FALLECIDO,MASCULINO,30,CAMIÓN
A-2022-03-216,P-2022-03-216-2-1,CONDUCTOR,ILESO,MASCULINO,47,REMOLCADOR
A-2022-03-232,P-2022-03-232-1-1,CONDUCTOR,ILESO,MASCULINO,23,CAMIONETA PICK UP
A-2022-03-232,P-2022-03-232-1-2,PEATÓN,FALLECIDO,MASCULINO,76,CAMIONETA PICK UP
A-2022-03-253,P-2022-03-253-1-1,CONDUCTOR,FALLECIDO,MASCULINO,,BICICLETA
A-2022-03-253,P-2022-03-253-2-1,CONDUCTOR,ILESO,MASCULINO,,VEHICULO NO IDENTIFICADO
A-2022-03-255,P-2022-03-255-1-1,CONDUCTOR,FALLECIDO,MASCULINO,,TRIMOTO PASAJERO
A-2022-03-255,P-2022-03-255-2-1,CONDUCTOR,ILESO,MASCULINO,,CAMIONETA PANEL
A-2022-03-257,P-2022-03-257-1-1,CONDUCTOR,NO SE CONOCE,MASCULINO,,MOTOCICLETA
A-2022-03-257,P-2022-03-257-1-2,PEATÓN,FALLECIDO,MASCULINO,,MOTOCICLETA
A-2022-03-259,P-2022-03-259-1-1,CONDUCTOR,ILESO,MASCULINO,,ÓMNIBUS
A-2022-03-259,P-2022-03-259-1-2,PEATÓN,FALLECIDO,FEMENINO,,ÓMNIBUS
A-2022-03-260,P-2022-03-260-1-1,CONDUCTOR,ILESO,MASCULINO,,ÓMNIBUS
A-2022-03-260,P-2022-03-260-1-2,PEATÓN,FALLECIDO,FEMENINO,,ÓMNIBUS
A-2022-03-261,P-2022-03-261-1-1,CONDUCTOR,FALLECIDO,MASCULINO,,AUTOMÓVIL
A-2022-03-261,P-2022-03-261-1-2,PASAJERO,LESIONADO,FEMENINO,,AUTOMÓVIL
A-2022-03-263,P-2022-03-263-1-1,CONDUCTOR,ILESO,MASCULINO,,ÓMNIBUS
A-2022-03-263,P-2022-03-263-2-1,CONDUCTOR,FALLECIDO,MASCULINO,,MOTOCICLETA
A-2022-03-265,P-2022-03-265-1-1,CONDUCTOR,FALLECIDO,MASCULINO,,MOTOCICLETA
A-2022-03-265,P-2022-03-265-1-2,PASAJERO,FALLECIDO,MASCULINO,,MOTOCICLETA
A-2022-03-266,P-2022-03-266-1-1,CONDUCTOR,ILESO,MASCULINO,,ÓMNIBUS
A-2022-03-266,P-2022-03-266-2-1,CONDUCTOR,FALLECIDO,MASCULINO,,MOTOCICLETA
A-2022-03-267,P-2022-03-267-1-1,CONDUCTOR,FALLECIDO,MASCULINO,,MOTOCICLETA
A-2022-03-270,P-2022-03-270-1-1,CONDUCTOR,ILESO,MASCULINO,,ÓMNIBUS
A-2022-03-270,P-2022-03-270-1-2,PEATÓN,FALLECIDO,MASCULINO,,ÓMNIBUS
A-2022-03-271,P-2022-03-271-1-1,CONDUCTOR FUGADO,NO SE CONOCE,MASCULINO,,VEHICULO NO IDENTIFICADO
A-2022-03-271,P-2022-03-271-1-2,PEATÓN,FALLECIDO,MASCULINO,,VEHICULO NO IDENTIFICADO
A-2022-03-273,P-2022-03-273-1-1,CONDUCTOR,ILESO,MASCULINO,,REMOLCADOR-SEMIREMOLQUE
A-2022-03-273,P-2022-03-273-1-2,PEATÓN,FALLECIDO,MASCULINO,,REMOLCADOR-SEMIREMOLQUE
A-2022-03-275,P-2022-03-275-1-1,CONDUCTOR,ILESO,MASCULINO,,AUTOMÓVIL
A-2022-03-275,P-2022-03-275-1-2,PEATÓN,FALLECIDO,MASCULINO,,AUTOMÓVIL
A-2022-03-276,P-2022-03-276-1-1,CONDUCTOR,FALLECIDO,MASCULINO,,AUTOMÓVIL
A-2022-03-276,P-2022-03-276-1-2,PASAJERO,LESIONADO,FEMENINO,,AUTOMÓVIL
A-2022-03-283,P-2022-03-283-1-1,CONDUCTOR,NO SE CONOCE,MASCULINO,,VEHICULO NO IDENTIFICADO
A-2022-03-283,P-2022-03-283-1-2,PEATÓN,FALLECIDO,MASCULINO,,VEHICULO NO IDENTIFICADO
A-2022-03-289,P-2022-03-289-1-1,CONDUCTOR,FALLECIDO,MASCULINO,32,BICIMOTO
A-2022-03-289,P-2022-03-289-2-1,CONDUCTOR,ILESO,MASCULINO,29,MINIBUS
A-2022-03-8,P-2022-03-8-1-1,CONDUCTOR,ILESO,MASCULINO,44,REMOLCADOR-SEMIREMOLQUE
A-2022-03-8,P-2022-03-8-1-2,PEATÓN,FALLECIDO,MASCULINO,27,REMOLCADOR-SEMIREMOLQUE
A-2022-04-190,P-2022-04-190-1-1,CONDUCTOR,FALLECIDO,MASCULINO,,MOTOCICLETA
A-2022-04-191,P-2022-04-191-1-1,CONDUCTOR,FALLECIDO,MASCULINO,23,MOTOCICLETA
A-2022-04-192,P-2022-04-192-1-1,CONDUCTOR,ILESO,MASCULINO,48,AUTOMÓVIL
A-2022-04-192,P-2022-04-192-2-1,CONDUCTOR,LESIONADO,MASCULINO,33,AUTOMÓVIL
A-2022-04-192,P-2022-04-192-2-2,PASAJERO,FALLECIDO,FEMENINO,35,AUTOMÓVIL
A-2022-04-194,P-2022-04-194-1-1,CONDUCTOR,FALLECIDO,MASCULINO,32,MOTOCICLETA
A-2022-04-194,P-2022-04-194-1-2,PEATÓN,LESIONADO,MASCULINO,31,MOTOCICLETA
A-2022-04-195,P-2022-04-195-1-1,CONDUCTOR,ILESO,MASCULINO,53,AUTOMÓVIL
A-2022-04-195,P-2022-04-195-2-1,CONDUCTOR,FALLECIDO,MASCULINO,10,TRIMOTO PASAJERO
A-2022-04-197,P-2022-04-197-1-1,CONDUCTOR,NO SE CONOCE,MASCULINO,42,AUTOMÓVIL
A-2022-04-197,P-2022-04-197-1-2,PEATÓN,FALLECIDO,MASCULINO,57,AUTOMÓVIL
A-2022-04-198,P-2022-04-198-1-1,CONDUCTOR,NO SE CONOCE,MASCULINO,38,TRIMOTO PASAJERO
A-2022-04-198,P-2022-04-198-1-2,PEATÓN,FALLECIDO,MASCULINO,73,TRIMOTO PASAJERO
A-2022-04-199,P-2022-04-199-1-1,CONDUCTOR,ILESO,MASCULINO,44,REMOLCADOR-SEMIREMOLQUE
A-2022-04-199,P-2022-04-199-2-1,CONDUCTOR,FALLECIDO,MASCULINO,32,CAMIONETA RURAL
A-2022-04-199,P-2022-04-199-2-2,PASAJERO,LESIONADO,MASCULINO,70,CAMIONETA RURAL
A-2022-04-199,P-2022-04-199-2-3,PASAJERO,LESIONADO,MASCULINO,36,CAMIONETA RURAL
A-2022-04-199,P-2022-04-199-2-4,PASAJERO,LESIONADO,FEMENINO,38,CAMIONETA RURAL
A-2022-04-199,P-2022-04-199-2-5,PASAJERO,LESIONADO,MASCULINO,1,CAMIONETA RURAL
A-2022-04-199,P-2022-04-199-2-6,PASAJERO,LESIONADO,FEMENINO,27,CAMIONETA RURAL
A-2022-04-199,P-2022-04-199-2-7,PASAJERO,LESIONADO,FEMENINO,67,CAMIONETA RURAL
A-2022-04-199,P-2022-04-199-2-8,PASAJERO,LESIONADO,FEMENINO,49,CAMIONETA RURAL
A-2022-04-199,P-2022-04-199-2-9,PASAJERO,LESIONADO,FEMENINO,61,CAMIONETA RURAL
A-2022-04-200,P-2022-04-200-1-1,CONDUCTOR,NO SE CONOCE,MASCULINO,22,AUTOMÓVIL
A-2022-04-200,P-2022-04-200-1-2,PASAJERO,FALLECIDO,FEMENINO,47,AUTOMÓVIL
A-2022-04-201,P-2022-04-201-1-1,CONDUCTOR,NO SE CONOCE,MASCULINO,39,ÓMNIBUS
A-2022-04-201,P-2022-04-201-2-1,CONDUCTOR,NO SE CONOCE,MASCULINO,71,ÓMNIBUS
A-2022-04-201,P-2022-04-201-2-2,PEATÓN,FALLECIDO,MASCULINO,54,ÓMNIBUS
A-2022-04-202,P-2022-04-202-1-1,CONDUCTOR,NO SE CONOCE,MASCULINO,34,CAMIÓN
A-2022-04-202,P-2022-04-202-1-2,PEATÓN,FALLECIDO,MASCULINO,37,CAMIÓN
A-2022-04-203,P-2022-04-203-1-1,CONDUCTOR,NO SE CONOCE,MASCULINO,51,TRIMOTO PASAJERO
A-2022-04-203,P-2022-04-203-1-2,PEATÓN,FALLECIDO,MASCULINO,78,TRIMOTO PASAJERO
A-2022-04-214,P-2022-04-214-1-1,CONDUCTOR FUGADO,NO SE CONOCE,NO INDICA,,VEHICULO NO IDENTIFICADO
A-2022-04-214,P-2022-04-214-1-2,PEATÓN,FALLECIDO,FEMENINO,74,VEHICULO NO IDENTIFICADO
A-2022-04-23,P-2022-04-23-2-1,CONDUCTOR FUGADO,NO SE CONOCE,NO INDICA,,VEHICULO NO IDENTIFICADO
A-2022-04-23,P-2022-04-23-2-2,PEATÓN,FALLECIDO,MASCULINO,74,VEHICULO NO IDENTIFICADO
A-2022-04-235,P-2022-04-235-1-1,CONDUCTOR,ILESO,MASCULINO,,CAMIONETA RURAL
A-2022-04-235,P-2022-04-235-1-2,PEATÓN,FALLECIDO,MASCULINO,,CAMIONETA RURAL
A-2022-04-235,P-2022-04-235-2-1,CONDUCTOR,ILESO,MASCULINO,,ÓMNIBUS
A-2022-04-236,P-2022-04-236-1-1,CONDUCTOR,FALLECIDO,MASCULINO,,MOTOCICLETA
A-2022-04-237,P-2022-04-237-1-1,CONDUCTOR,ILESO,MASCULINO,,REMOLCADOR
A-2022-04-237,P-2022-04-237-1-2,PEATÓN,FALLECIDO,MASCULINO,,REMOLCADOR
A-2022-04-237,P-2022-04-237-1-3,PEATÓN,FALLECIDO,MASCULINO,,REMOLCADOR
A-2022-04-237,P-2022-04-237-2-1,CONDUCTOR,ILESO,MASCULINO,,CAMIÓN
A-2022-04-237,P-2022-04-237-3-1,CONDUCTOR,ILESO,MASCULINO,,AUTOMÓVIL
A-2022-04-238,P-2022-04-238-1-1,CONDUCTOR FUGADO,NO SE CONOCE,MASCULINO,,VEHICULO NO IDENTIFICADO
A-2022-04-238,P-2022-04-238-1-2,PEATÓN,FALLECIDO,MASCULINO,,VEHICULO NO IDENTIFICADO
A-2022-04-24,P-2022-04-24-1-1,CONDUCTOR,LESIONADO,MASCULINO,37,CAMIÓN
A-2022-04-24,P-2022-04-24-2-1,CONDUCTOR,FALLECIDO,MASCULINO,25,TRIMOTO PASAJERO
A-2022-04-24,P-2022-04-24-3-1,CONDUCTOR,FALLECIDO,MASCULINO,43,TRIMOTO PASAJERO
A-2022-04-245,P-2022-04-245-1-1,CONDUCTOR,ILESO,MASCULINO,,AUTOMÓVIL
A-2022-04-245,P-2022-04-245-1-2,PEATÓN,FALLECIDO,FEMENINO,,AUTOMÓVIL
A-2022-04-246,P-2022-04-246-1-1,CONDUCTOR,ILESO,MASCULINO,,AUTOMÓVIL
A-2022-04-246,P-2022-04-246-1-2,PEATÓN,FALLECIDO,MASCULINO,,AUTOMÓVIL
A-2022-04-247,P-2022-04-247-1-1,CONDUCTOR,ILESO,MASCULINO,,MINIBUS
A-2022-04-247,P-2022-04-247-1-2,PASAJERO,FALLECIDO,MASCULINO,,MINIBUS
A-2022-04-248,P-2022-04-248-1-1,CONDUCTOR,FALLECIDO,MASCULINO,,MOTOCICLETA
A-2022-04-248,P-2022-04-248-1-2,PASAJERO,LESIONADO,FEMENINO,,MOTOCICLETA
A-2022-04-249,P-2022-04-249-1-1,CONDUCTOR,ILESO,MASCULINO,,CAMIONETA RURAL
A-2022-04-249,P-2022-04-249-2-1,CONDUCTOR,FALLECIDO,MASCULINO,,MOTOCICLETA
A-2022-04-250,P-2022-04-250-1-1,CONDUCTOR,FALLECIDO,MASCULINO,,MOTOCICLETA
A-2022-04-251,P-2022-04-251-1-1,CONDUCTOR,ILESO,MASCULINO,,REMOLCADOR
A-2022-04-251,P-2022-04-251-2-1,CONDUCTOR,ILESO,MASCULINO,,MOTOCICLETA
A-2022-04-251,P-2022-04-251-2-2,PASAJERO,FALLECIDO,FEMENINO,,MOTOCICLETA
A-2022-04-252,P-2022-04-252-1-1,CONDUCTOR,ILESO,MASCULINO,,REMOLCADOR
A-2022-04-252,P-2022-04-252-2-1,CONDUCTOR,FALLECIDO,MASCULINO,,MOTOCICLETA
A-2022-04-254,P-2022-04-254-1-1,CONDUCTOR,FALLECIDO,MASCULINO,,AUTOMÓVIL
A-2022-04-255,P-2022-04-255-1-1,CONDUCTOR FUGADO,NO SE CONOCE,MASCULINO,,VEHICULO NO IDENTIFICADO
A-2022-04-255,P-2022-04-255-1-2,PEATÓN,FALLECIDO,MASCULINO,,VEHICULO NO IDENTIFICADO
A-2022-04-256,P-2022-04-256-1-1,CONDUCTOR FUGADO,NO SE CONOCE,NO INDICA,,VEHICULO NO IDENTIFICADO
A-2022-04-256,P-2022-04-256-1-2,PEATÓN,FALLECIDO,MASCULINO,,VEHICULO NO IDENTIFICADO
A-2022-04-257,P-2022-04-257-1-1,CONDUCTOR,ILESO,MASCULINO,,REMOLCADOR-SEMIREMOLQUE
A-2022-04-257,P-2022-04-257-1-2,PEATÓN,FALLECIDO,NO INDICA,,REMOLCADOR-SEMIREMOLQUE
A-2022-04-257,P-2022-04-257-2-1,CONDUCTOR,NO SE CONOCE,MASCULINO,,AUTOMÓVIL
A-2022-04-259,P-2022-04-259-1-1,CONDUCTOR FUGADO,NO SE CONOCE,NO INDICA,,VEHICULO NO IDENTIFICADO
A-2022-04-259,P-2022-04-259-1-2,PEATÓN,FALLECIDO,NO INDICA,,VEHICULO NO IDENTIFICADO
A-2022-04-260,P-2022-04-260-1-1,CONDUCTOR,ILESO,MASCULINO,,MOTOCICLETA
A-2022-04-260,P-2022-04-260-2-1,CONDUCTOR,FALLECIDO,MASCULINO,,BICICLETA
A-2022-04-261,P-2022-04-261-1-1,CONDUCTOR,ILESO,MASCULINO,,MINIBUS
A-2022-04-261,P-2022-04-261-2-1,CONDUCTOR,FALLECIDO,MASCULINO,,MOTOCICLETA
A-2022-04-262,P-2022-04-262-1-1,CONDUCTOR,ILESO,MASCULINO,,CAMIONETA RURAL
A-2022-04-262,P-2022-04-262-2-1,CONDUCTOR,ILESO,MASCULINO,,REMOLCADOR
A-2022-04-262,P-2022-04-262-3-1,CONDUCTOR,FALLECIDO,MASCULINO,,CAMIONETA RURAL
A-2022-04-263,P-2022-04-263-1-1,CONDUCTOR,ILESO,NO INDICA,,SEMIREMOLQUE
A-2022-04-263,P-2022-04-263-2-1,CONDUCTOR,FALLECIDO,MASCULINO,,MOTOCICLETA
A-2022-04-265,P-2022-04-265-1-1,CONDUCTOR,ILESO,MASCULINO,,MOTOCICLETA
A-2022-04-265,P-2022-04-265-1-2,PEATÓN,FALLECIDO,MASCULINO,,MOTOCICLETA
A-2022-04-266,P-2022-04-266-1-1,CONDUCTOR,ILESO,MASCULINO,,CAMIÓN
A-2022-04-266,P-2022-04-266-1-2,PEATÓN,FALLECIDO,MASCULINO,,CAMIÓN
A-2022-04-268,P-2022-04-268-1-1,CONDUCTOR,FALLECIDO,MASCULINO,26,AUTOMÓVIL
A-2022-04-268,P-2022-04-268-2-1,CONDUCTOR,LESIONADO,MASCULINO,35,REMOLCADOR-SEMIREMOLQUE
A-2022-04-59,P-2022-04-59-1-1,CONDUCTOR FUGADO,NO SE CONOCE,NO INDICA,,VEHICULO NO IDENTIFICADO
A-2022-04-59,P-2022-04-59-1-2,PEATÓN,FALLECIDO,FEMENINO,45,VEHICULO NO IDENTIFICADO
A-2022-04-60,P-2022-04-60-1-1,CONDUCTOR,FALLECIDO,MASCULINO,74,REMOLCADOR
A-2022-04-61,P-2022-04-61-1-1,CONDUCTOR,FALLECIDO,MASCULINO,36,MOTOCICLETA
A-2022-04-61,P-2022-04-61-2-1,CONDUCTOR,ILESO,MASCULINO,58,REMOLCADOR
A-2022-05-167,P-2022-05-167-1-1,CONDUCTOR,ILESO,MASCULINO,62,AUTOMÓVIL
A-2022-05-167,P-2022-05-167-1-2,PEATÓN,FALLECIDO,MASCULINO,67,AUTOMÓVIL
A-2022-05-196,P-2022-05-196-1-1,CONDUCTOR FUGADO,NO SE CONOCE,NO INDICA,,VEHICULO NO IDENTIFICADO
A-2022-05-196,P-2022-05-196-1-2,PASAJERO,FALLECIDO,FEMENINO,,VEHICULO NO IDENTIFICADO
A-2022-05-197,P-2022-05-197-1-1,CONDUCTOR FUGADO,NO SE CONOCE,NO INDICA,,VEHICULO NO IDENTIFICADO
A-2022-05-197,P-2022-05-197-1-2,PEATÓN,FALLECIDO,NO INDICA,,VEHICULO NO IDENTIFICADO
A-2022-05-203,P-2022-05-203-1-1,CONDUCTOR,ILESO,MASCULINO,44,REMOLCADOR-SEMIREMOLQUE
A-2022-05-203,P-2022-05-203-1-2,PEATÓN,FALLECIDO,MASCULINO,72,REMOLCADOR-SEMIREMOLQUE
A-2022-05-204,P-2022-05-204-1-1,CONDUCTOR,FALLECIDO,MASCULINO,19,MOTOCICLETA
A-2022-05-204,P-2022-05-204-2-1,CONDUCTOR FUGADO,ILESO,MASCULINO,32,AUTOMÓVIL
A-2022-05-206,P-2022-05-206-1-1,CONDUCTOR,ILESO,MASCULINO,22,MINIBUS
A-2022-05-206,P-2022-05-206-1-2,PEATÓN,FALLECIDO,MASCULINO,23,MINIBUS
A-2022-05-207,P-2022-05-207-1-1,CONDUCTOR,ILESO,MASCULINO,20,MOTOCICLETA
A-2022-05-207,P-2022-05-207-1-2,PEATÓN,FALLECIDO,MASCULINO,84,MOTOCICLETA
A-2022-05-208,P-2022-05-208-1-1,CONDUCTOR,ILESO,MASCULINO,57,AUTOMÓVIL
A-2022-05-208,P-2022-05-208-1-2,PEATÓN,FALLECIDO,MASCULINO,,AUTOMÓVIL
A-2022-05-209,P-2022-05-209-1-1,CONDUCTOR FUGADO,NO SE CONOCE,NO INDICA,,STATION WAGON
A-2022-05-209,P-2022-05-209-1-2,PEATÓN,FALLECIDO,MASCULINO,33,STATION WAGON
A-2022-05-210,P-2022-05-210-1-1,CONDUCTOR,ILESO,MASCULINO,46,AUTOMÓVIL
A-2022-05-210,P-2022-05-210-1-2,PEATÓN,FALLECIDO,MASCULINO,55,AUTOMÓVIL
A-2022-05-211,P-2022-05-211-1-1,CONDUCTOR,LESIONADO,MASCULINO,34,CAMIONETA PICK UP
A-2022-05-211,P-2022-05-211-1-2,PASAJERO,FALLECIDO,FEMENINO,43,CAMIONETA PICK UP
A-2022-05-211,P-2022-05-211-2-1,CONDUCTOR,NO SE CONOCE,MASCULINO,48,AUTOMÓVIL
A-2022-05-213,P-2022-05-213-1-1,CONDUCTOR,ILESO,MASCULINO,39,MINIBUS
A-2022-05-213,P-2022-05-213-1-2,PEATÓN,FALLECIDO,MASCULINO,56,MINIBUS
A-2022-05-215,P-2022-05-215-1-1,CONDUCTOR,ILESO,MASCULINO,30,CAMIÓN
A-2022-05-215,P-2022-05-215-1-2,PEATÓN,FALLECIDO,MASCULINO,46,CAMIÓN
A-2022-05-220,P-2022-05-220-1-1,CONDUCTOR,ILESO,MASCULINO,20,MOTOCICLETA
A-2022-05-220,P-2022-05-220-1-2,PEATÓN,FALLECIDO,MASCULINO,67,MOTOCICLETA
A-2022-05-223,P-2022-05-223-1-1,CONDUCTOR,ILESO,MASCULINO,38,REMOLCADOR
A-2022-05-223,P-2022-05-223-1-2,PEATÓN,FALLECIDO,MASCULINO,48,REMOLCADOR
A-2022-05-257,P-2022-05-257-1-1,CONDUCTOR,ILESO,MASCULINO,,MOTOCICLETA
A-2022-05-257,P-2022-05-257-1-2,PEATÓN,FALLECIDO,FEMENINO,,MOTOCICLETA
A-2022-05-258,P-2022-05-258-1-1,CONDUCTOR,FALLECIDO,MASCULINO,,MOTOCICLETA
A-2022-05-258,P-2022-05-258-1-2,PASAJERO,LESIONADO,MASCULINO,,MOTOCICLETA
A-2022-05-259,P-2022-05-259-1-1,CONDUCTOR,ILESO,MASCULINO,,CAMIÓN
A-2022-05-259,P-2022-05-259-2-1,CONDUCTOR,FALLECIDO,FEMENINO,,TRIMOTO CARGA
A-2022-05-260,P-2022-05-260-1-1,CONDUCTOR FUGADO,NO SE CONOCE,NO INDICA,,VEHICULO NO IDENTIFICADO
A-2022-05-260,P-2022-05-260-1-2,PEATÓN,FALLECIDO,NO INDICA,,VEHICULO NO IDENTIFICADO
A-2022-05-261,P-2022-05-261-1-1,CONDUCTOR,ILESO,MASCULINO,,CAMIONETA PICK UP
A-2022-05-261,P-2022-05-261-1-2,PEATÓN,FALLECIDO,FEMENINO,,CAMIONETA PICK UP
A-2022-05-262,P-2022-05-262-1-1,CONDUCTOR,ILESO,MASCULINO,,AUTOMÓVIL
A-2022-05-262,P-2022-05-262-1-2,PEATÓN,FALLECIDO,MASCULINO,,AUTOMÓVIL
A-2022-05-263,P-2022-05-263-1-1,CONDUCTOR FUGADO,NO SE CONOCE,NO INDICA,,VEHICULO NO IDENTIFICADO
A-2022-05-263,P-2022-05-263-2-1,CONDUCTOR,FALLECIDO,MASCULINO,,MOTOCICLETA
A-2022-05-264,P-2022-05-264-1-1,CONDUCTOR,ILESO,MASCULINO,,REMOLCADOR
A-2022-05-264,P-2022-05-264-2-1,CONDUCTOR,FALLECIDO,MASCULINO,,MOTOCICLETA
A-2022-05-265,P-2022-05-265-1-1,CONDUCTOR FUGADO,NO SE CONOCE,NO INDICA,,VEHICULO NO IDENTIFICADO
A-2022-05-265,P-2022-05-265-2-1,CONDUCTOR,LESIONADO,MASCULINO,,MOTOCICLETA
A-2022-05-265,P-2022-05-265-2-2,PASAJERO,FALLECIDO,FEMENINO,,MOTOCICLETA
A-2022-05-266,P-2022-05-266-1-1,CONDUCTOR,NO SE CONOCE,MASCULINO,,AUTOMÓVIL
A-2022-05-266,P-2022-05-266-2-1,CONDUCTOR,FALLECIDO,MASCULINO,,CAMIONETA PICK UP
A-2022-05-267,P-2022-05-267-1-1,CONDUCTOR FUGADO,NO SE CONOCE,NO INDICA,,VEHICULO NO IDENTIFICADO
A-2022-05-267,P-2022-05-267-2-1,CONDUCTOR,ILESO,MASCULINO,,TRICICLO MOTORIZADO
A-2022-05-267,P-2022-05-267-2-2,PASAJERO,FALLECIDO,MASCULINO,,TRICICLO MOTORIZADO
A-2022-05-268,P-2022-05-268-1-1,CONDUCTOR,ILESO,MASCULINO,,MOTOCICLETA
A-2022-05-268,P-2022-05-268-1-2,PEATÓN,FALLECIDO,NO INDICA,,MOTOCICLETA
A-2022-05-67,P-2022-05-67-1-1,CONDUCTOR,ILESO,MASCULINO,40,REMOLCADOR-SEMIREMOLQUE
A-2022-05-67,P-2022-05-67-1-2,PEATÓN,FALLECIDO,FEMENINO,13,REMOLCADOR-SEMIREMOLQUE
A-2022-06-188,P-2022-06-188-1-1,CONDUCTOR FUGADO,NO SE CONOCE,NO INDICA,,VEHICULO NO IDENTIFICADO
A-2022-06-188,P-2022-06-188-1-2,PEATÓN,FALLECIDO,NO INDICA,,VEHICULO NO IDENTIFICADO
A-2022-06-189,P-2022-06-189-1-1,CONDUCTOR FUGADO,NO SE CONOCE,NO INDICA,,VEHICULO NO IDENTIFICADO
A-2022-06-189,P-2022-06-189-1-2,PEATÓN,FALLECIDO,NO INDICA,,VEHICULO NO IDENTIFICADO
A-2022-06-190,P-2022-06-190-1-1,CONDUCTOR FUGADO,NO SE CONOCE,NO INDICA,,VEHICULO NO IDENTIFICADO
A-2022-06-190,P-2022-06-190-1-2,PEATÓN,FALLECIDO,FEMENINO,,VEHICULO NO IDENTIFICADO
A-2022-06-191,P-2022-06-191-1-1,CONDUCTOR FUGADO,NO SE CONOCE,NO INDICA,,VEHICULO NO IDENTIFICADO
A-2022-06-191,P-2022-06-191-1-2,PEATÓN,FALLECIDO,NO INDICA,,VEHICULO NO IDENTIFICADO
A-2022-06-192,P-2022-06-192-1-1,CONDUCTOR,ILESO,MASCULINO,67,CAMIÓN
A-2022-06-192,P-2022-06-192-1-2,PEATÓN,FALLECIDO,MASCULINO,,CAMIÓN
A-2022-06-192,P-2022-06-192-1-3,PEATÓN,FALLECIDO,FEMENINO,20,CAMIÓN
A-2022-06-192,P-2022-06-192-1-4,PEATÓN,LESIONADO,MASCULINO,22,CAMIÓN
A-2022-06-192,P-2022-06-192-1-5,PEATÓN,LESIONADO,MASCULINO,26,CAMIÓN
A-2022-06-192,P-2022-06-192-2-1,CONDUCTOR,ILESO,MASCULINO,60,CAMIÓN
A-2022-06-193,P-2022-06-193-1-1,CONDUCTOR FUGADO,NO SE CONOCE,NO INDICA,,VEHICULO NO IDENTIFICADO
A-2022-06-193,P-2022-06-193-1-2,PEATÓN,FALLECIDO,MASCULINO,,VEHICULO NO IDENTIFICADO
A-2022-06-194,P-2022-06-194-1-1,CONDUCTOR,FALLECIDO,MASCULINO,26,MOTOCICLETA
A-2022-06-195,P-2022-06-195-1-1,CONDUCTOR,FALLECIDO,MASCULINO,34,MOTOCICLETA
A-2022-06-195,P-2022-06-195-1-2,PASAJERO,LESIONADO,FEMENINO,28,MOTOCICLETA
A-2022-06-196,P-2022-06-196-1-1,CONDUCTOR,ILESO,MASCULINO,28,AUTOMÓVIL
A-2022-06-196,P-2022-06-196-1-2,PEATÓN,FALLECIDO,MASCULINO,34,AUTOMÓVIL
A-2022-06-198,P-2022-06-198-1-1,CONDUCTOR,ILESO,MASCULINO,26,TRIMOTO PASAJERO
A-2022-06-198,P-2022-06-198-1-2,PEATÓN,FALLECIDO,MASCULINO,85,TRIMOTO PASAJERO
A-2022-06-199,P-2022-06-199-1-1,CONDUCTOR FUGADO,NO SE CONOCE,NO INDICA,,VEHICULO NO IDENTIFICADO
A-2022-06-199,P-2022-06-199-1-2,PEATÓN,FALLECIDO,MASCULINO,,VEHICULO NO IDENTIFICADO
A-2022-06-200,P-2022-06-200-1-1,CONDUCTOR,ILESO,MASCULINO,20,CAMIÓN
A-2022-06-200,P-2022-06-200-1-2,PEATÓN,FALLECIDO,FEMENINO,63,CAMIÓN
A-2022-06-201,P-2022-06-201-1-1,CONDUCTOR,ILESO,MASCULINO,44,AUTOMÓVIL
A-2022-06-201,P-2022-06-201-2-1,CONDUCTOR FUGADO,NO SE CONOCE,NO INDICA,,CAMIONETA RURAL
A-2022-06-201,P-2022-06-201-2-2,PASAJERO,LESIONADO,FEMENINO,28,CAMIONETA RURAL
A-2022-06-201,P-2022-06-201-2-3,PASAJERO,LESIONADO,MASCULINO,31,CAMIONETA RURAL
A-2022-06-201,P-2022-06-201-2-4,PASAJERO,LESIONADO,MASCULINO,41,CAMIONETA RURAL
A-2022-06-201,P-2022-06-201-2-5,PASAJERO,LESIONADO,FEMENINO,34,CAMIONETA RURAL
A-2022-06-201,P-2022-06-201-2-6,PASAJERO,FALLECIDO,FEMENINO,6,CAMIONETA RURAL
A-2022-06-202,P-2022-06-202-1-1,CONDUCTOR FUGADO,NO SE CONOCE,NO INDICA,,VEHICULO NO IDENTIFICADO
A-2022-06-202,P-2022-06-202-1-2,PEATÓN,FALLECIDO,MASCULINO,49,VEHICULO NO IDENTIFICADO
A-2022-06-203,P-2022-06-203-1-1,CONDUCTOR FUGADO,NO SE CONOCE,NO INDICA,,VEHICULO NO IDENTIFICADO
A-2022-06-203,P-2022-06-203-1-2,PEATÓN,FALLECIDO,MASCULINO,65,VEHICULO NO IDENTIFICADO
A-2022-06-204,P-2022-06-204-1-1,CONDUCTOR FUGADO,NO SE CONOCE,NO INDICA,,VEHICULO NO IDENTIFICADO
A-2022-06-204,P-2022-06-204-1-2,PEATÓN,FALLECIDO,MASCULINO,,VEHICULO NO IDENTIFICADO
A-2022-06-205,P-2022-06-205-1-1,CONDUCTOR,ILESO,MASCULINO,51,MINIBUS
A-2022-06-205,P-2022-06-205-1-2,PEATÓN,FALLECIDO,MASCULINO,83,MINIBUS
A-2022-06-206,P-2022-06-206-1-1,CONDUCTOR,ILESO,MASCULINO,25,AUTOMÓVIL
A-2022-06-206,P-2022-06-206-1-2,PASAJERO,LESIONADO,MASCULINO,29,AUTOMÓVIL
A-2022-06-206,P-2022-06-206-2-1,CONDUCTOR,FALLECIDO,MASCULINO,44,TRIMOTO CARGA
A-2022-06-207,P-2022-06-207-1-1,CONDUCTOR,ILESO,MASCULINO,73,CAMIONETA RURAL
A-2022-06-207,P-2022-06-207-1-2,PEATÓN,FALLECIDO,MASCULINO,44,CAMIONETA RURAL
A-2022-06-208,P-2022-06-208-1-1,CONDUCTOR,ILESO,MASCULINO,28,AUTOMÓVIL
A-2022-06-208,P-2022-06-208-1-2,PEATÓN,FALLECIDO,MASCULINO,,AUTOMÓVIL
A-2022-06-209,P-2022-06-209-1-1,CONDUCTOR,ILESO,MASCULINO,66,REMOLCADOR-SEMIREMOLQUE
A-2022-06-209,P-2022-06-209-1-2,PEATÓN,FALLECIDO,MASCULINO,,REMOLCADOR-SEMIREMOLQUE
A-2022-06-210,P-2022-06-210-1-1,CONDUCTOR,ILESO,MASCULINO,38,CAMIONETA RURAL
A-2022-06-210,P-2022-06-210-1-2,PEATÓN,FALLECIDO,MASCULINO,83,CAMIONETA RURAL
A-2022-06-211,P-2022-06-211-1-1,CONDUCTOR,ILESO,MASCULINO,39,AUTOMÓVIL
A-2022-06-211,P-2022-06-211-1-2,PEATÓN,FALLECIDO,MASCULINO,,AUTOMÓVIL
A-2022-06-212,P-2022-06-212-1-1,CONDUCTOR,FALLECIDO,MASCULINO,25,TRIMOTO PASAJERO
A-2022-06-212,P-2022-06-212-1-2,PASAJERO,LESIONADO,FEMENINO,44,TRIMOTO PASAJERO
A-2022-06-212,P-2022-06-212-2-1,CONDUCTOR,ILESO,MASCULINO,42,TRIMOTO CARGA
A-2022-06-213,P-2022-06-213-1-1,CONDUCTOR,LESIONADO,MASCULINO,29,OTRO
A-2022-06-213,P-2022-06-213-1-2,PASAJERO,FALLECIDO,FEMENINO,30,OTRO
A-2022-06-214,P-2022-06-214-1-1,CONDUCTOR,ILESO,MASCULINO,43,ÓMNIBUS
A-2022-06-214,P-2022-06-214-1-2,PEATÓN,FALLECIDO,FEMENINO,79,ÓMNIBUS
A-2022-06-215,P-2022-06-215-1-1,CONDUCTOR,ILESO,MASCULINO,37,AUTOMÓVIL
A-2022-06-215,P-2022-06-215-1-2,PEATÓN,FALLECIDO,FEMENINO,48,AUTOMÓVIL
A-2022-06-215,P-2022-06-215-1-3,PEATÓN,LESIONADO,FEMENINO,36,AUTOMÓVIL
A-2022-06-216,P-2022-06-216-1-1,CONDUCTOR,LESIONADO,MASCULINO,24,AUTOMÓVIL
A-2022-06-216,P-2022-06-216-2-1,CONDUCTOR,FALLECIDO,MASCULINO,32,MOTOCICLETA
A-2022-06-217,P-2022-06-217-1-1,CONDUCTOR,ILESO,MASCULINO,29,AUTOMÓVIL
A-2022-06-217,P-2022-06-217-2-1,CONDUCTOR,ILESO,MASCULINO,25,AUTOMÓVIL
A-2022-06-217,P-2022-06-217-2-2,PASAJERO,LESIONADO,FEMENINO,25,AUTOMÓVIL
A-2022-06-217,P-2022-06-217-2-3,PASAJERO,FALLECIDO,MASCULINO,1,AUTOMÓVIL
A-2022-06-260,P-2022-06-260-1-1,CONDUCTOR,ILESO,MASCULINO,,MOTOCICLETA
A-2022-06-260,P-2022-06-260-1-2,PEATÓN,FALLECIDO,FEMENINO,,MOTOCICLETA
A-2022-06-261,P-2022-06-261-1-1,CONDUCTOR,ILESO,MASCULINO,,CAMIÓN
A-2022-06-261,P-2022-06-261-1-2,PEATÓN,FALLECIDO,MASCULINO,,CAMIÓN
A-2022-06-262,P-2022-06-262-1-1,CONDUCTOR,ILESO,MASCULINO,,TRIMOTO PASAJERO
A-2022-06-262,P-2022-06-262-1-2,PASAJERO,FALLECIDO,FEMENINO,,TRIMOTO PASAJERO
A-2022-06-263,P-2022-06-263-1-1,CONDUCTOR,ILESO,MASCULINO,,CAMIONETA RURAL
A-2022-06-263,P-2022-06-263-1-2,PEATÓN,FALLECIDO,FEMENINO,,CAMIONETA RURAL
A-2022-06-264,P-2022-06-264-1-1,CONDUCTOR,ILESO,MASCULINO,,ÓMNIBUS
A-2022-06-264,P-2022-06-264-1-2,PEATÓN,FALLECIDO,FEMENINO,,ÓMNIBUS
A-2022-06-94,P-2022-06-94-1-1,CONDUCTOR,ILESO,MASCULINO,49,REMOLCADOR
A-2022-06-94,P-2022-06-94-1-2,PEATÓN,FALLECIDO,MASCULINO,33,REMOLCADOR
A-2022-07-160,P-2022-07-160-1-1,CONDUCTOR FUGADO,NO SE CONOCE,NO INDICA,,VEHICULO NO IDENTIFICADO
A-2022-07-160,P-2022-07-160-1-2,PEATÓN,FALLECIDO,MASCULINO,,VEHICULO NO IDENTIFICADO
A-2022-07-161,P-2022-07-161-1-1,CONDUCTOR,NO SE CONOCE,MASCULINO,23,MOTOCICLETA
A-2022-07-161,P-2022-07-161-2-1,CONDUCTOR,FALLECIDO,MASCULINO,71,BICICLETA
A-2022-07-162,P-2022-07-162-1-1,CONDUCTOR,NO SE CONOCE,NO INDICA,,VEHICULO NO IDENTIFICADO
A-2022-07-162,P-2022-07-162-1-2,PEATÓN,FALLECIDO,FEMENINO,49,VEHICULO NO IDENTIFICADO
A-2022-07-162,P-2022-07-162-2-1,CONDUCTOR,LESIONADO,MASCULINO,39,MOTOCICLETA
A-2022-07-163,P-2022-07-163-1-1,CONDUCTOR FUGADO,NO SE CONOCE,NO INDICA,,VEHICULO NO IDENTIFICADO
A-2022-07-163,P-2022-07-163-1-2,PEATÓN,FALLECIDO,MASCULINO,22,VEHICULO NO IDENTIFICADO
A-2022-07-164,P-2022-07-164-1-1,CONDUCTOR,ILESO,MASCULINO,30,TRIMOTO PASAJERO
A-2022-07-164,P-2022-07-164-1-2,PEATÓN,FALLECIDO,MASCULINO,50,TRIMOTO PASAJERO
A-2022-07-165,P-2022-07-165-1-1,CONDUCTOR,FALLECIDO,MASCULINO,52,CAMIONETA RURAL
A-2022-07-168,P-2022-07-168-1-1,CONDUCTOR,FALLECIDO,MASCULINO,21,MOTOCICLETA
A-2022-07-169,P-2022-07-169-1-1,CONDUCTOR,ILESO,MASCULINO,75,AUTOMÓVIL
A-2022-07-169,P-2022-07-169-1-2,PEATÓN,FALLECIDO,MASCULINO,87,AUTOMÓVIL
A-2022-07-170,P-2022-07-170-1-1,CONDUCTOR FUGADO,NO SE CONOCE,NO INDICA,,VEHICULO NO IDENTIFICADO
A-2022-07-170,P-2022-07-170-1-2,PEATÓN,FALLECIDO,MASCULINO,,VEHICULO NO IDENTIFICADO
A-2022-07-171,P-2022-07-171-1-1,CONDUCTOR FUGADO,NO SE CONOCE,NO INDICA,,VEHICULO NO IDENTIFICADO
A-2022-07-171,P-2022-07-171-1-2,PEATÓN,FALLECIDO,MASCULINO,,VEHICULO NO IDENTIFICADO
A-2022-07-172,P-2022-07-172-1-1,CONDUCTOR,ILESO,MASCULINO,44,STATION WAGON
A-2022-07-172,P-2022-07-172-1-2,PEATÓN,FALLECIDO,FEMENINO,1,STATION WAGON
A-2022-07-173,P-2022-07-173-1-1,CONDUCTOR,ILESO,MASCULINO,58,AUTOMÓVIL
A-2022-07-173,P-2022-07-173-1-2,PEATÓN,FALLECIDO,NO INDICA,,AUTOMÓVIL
A-2022-07-175,P-2022-07-175-1-1,CONDUCTOR,ILESO,MASCULINO,27,CAMIÓN
A-2022-07-175,P-2022-07-175-2-1,CONDUCTOR FUGADO,NO SE CONOCE,NO INDICA,,TRICICLO MOTORIZADO
A-2022-07-175,P-2022-07-175-2-2,PASAJERO,FALLECIDO,FEMENINO,67,TRICICLO MOTORIZADO
A-2022-07-176,P-2022-07-176-1-1,CONDUCTOR,ILESO,MASCULINO,33,CAMIÓN
A-2022-07-176,P-2022-07-176-2-1,CONDUCTOR,FALLECIDO,MASCULINO,62,TRIMOTO PASAJERO
A-2022-07-177,P-2022-07-177-1-1,CONDUCTOR FUGADO,NO SE CONOCE,NO INDICA,,VEHICULO NO IDENTIFICADO
A-2022-07-177,P-2022-07-177-1-2,PEATÓN,FALLECIDO,MASCULINO,77,VEHICULO NO IDENTIFICADO
A-2022-07-178,P-2022-07-178-1-1,CONDUCTOR,ILESO,MASCULINO,60,REMOLCADOR
A-2022-07-178,P-2022-07-178-1-2,PEATÓN,FALLECIDO,MASCULINO,35,REMOLCADOR
A-2022-07-179,P-2022-07-179-1-1,CONDUCTOR,FALLECIDO,MASCULINO,35,MOTOCICLETA
A-2022-07-180,P-2022-07-180-1-1,CONDUCTOR,ILESO,MASCULINO,49,MINIBUS
A-2022-07-180,P-2022-07-180-1-2,PEATÓN,FALLECIDO,MASCULINO,,MINIBUS
A-2022-07-183,P-2022-07-183-1-1,CONDUCTOR,ILESO,MASCULINO,30,CAMIONETA RURAL
A-2022-07-183,P-2022-07-183-1-2,PEATÓN,FALLECIDO,MASCULINO,24,CAMIONETA RURAL
A-2022-07-184,P-2022-07-184-1-1,CONDUCTOR,FALLECIDO,MASCULINO,38,AUTOMÓVIL
A-2022-07-185,P-2022-07-185-1-1,CONDUCTOR,FALLECIDO,MASCULINO,39,MOTOCICLETA
A-2022-07-186,P-2022-07-186-1-1,CONDUCTOR FUGADO,NO SE CONOCE,NO INDICA,,VEHICULO NO IDENTIFICADO
A-2022-07-186,P-2022-07-186-1-2,PEATÓN,FALLECIDO,NO INDICA,,VEHICULO NO IDENTIFICADO
A-2022-07-187,P-2022-07-187-1-1,CONDUCTOR FUGADO,NO SE CONOCE,NO INDICA,,VEHICULO NO IDENTIFICADO
A-2022-07-187,P-2022-07-187-1-2,PEATÓN,FALLECIDO,MASCULINO,43,VEHICULO NO IDENTIFICADO
A-2022-07-198,P-2022-07-198-1-1,CONDUCTOR,ILESO,FEMENINO,66,AUTOMÓVIL
A-2022-07-198,P-2022-07-198-1-2,PEATÓN,FALLECIDO,FEMENINO,64,AUTOMÓVIL
A-2022-07-238,P-2022-07-238-1-1,CONDUCTOR FUGADO,NO SE CONOCE,NO INDICA,,VEHICULO NO IDENTIFICADO
A-2022-07-238,P-2022-07-238-1-2,PEATÓN,FALLECIDO,MASCULINO,65,VEHICULO NO IDENTIFICADO
A-2022-07-275,P-2022-07-275-1-1,CONDUCTOR,FALLECIDO,MASCULINO,33,MOTOCICLETA
A-2022-07-275,P-2022-07-275-2-1,CONDUCTOR,ILESO,MASCULINO,36,CAMIÓN
A-2022-07-276,P-2022-07-276-1-1,CONDUCTOR,FALLECIDO,MASCULINO,31,AUTOMÓVIL
A-2022-07-276,P-2022-07-276-1-2,PASAJERO,FALLECIDO,FEMENINO,22,AUTOMÓVIL
A-2022-07-276,P-2022-07-276-1-3,PASAJERO,LESIONADO,MASCULINO,34,AUTOMÓVIL
A-2022-07-276,P-2022-07-276-1-4,PASAJERO,LESIONADO,FEMENINO,51,AUTOMÓVIL
A-2022-07-276,P-2022-07-276-1-5,PASAJERO,LESIONADO,FEMENINO,11,AUTOMÓVIL
A-2022-07-276,P-2022-07-276-1-6,PASAJERO,LESIONADO,FEMENINO,13,AUTOMÓVIL
A-2022-07-276,P-2022-07-276-1-7,PASAJERO,LESIONADO,FEMENINO,24,AUTOMÓVIL
A-2022-07-276,P-2022-07-276-1-8,PASAJERO,LESIONADO,FEMENINO,25,AUTOMÓVIL
A-2022-07-276,P-2022-07-276-2-1,CONDUCTOR,ILESO,MASCULINO,35,REMOLCADOR-SEMIREMOLQUE
A-2022-07-3,P-2022-07-3-1-1,CONDUCTOR,ILESO,MASCULINO,41,REMOLCADOR-SEMIREMOLQUE
A-2022-07-3,P-2022-07-3-1-2,PEATÓN,FALLECIDO,FEMENINO,63,REMOLCADOR-SEMIREMOLQUE
A-2022-08-1,P-2022-08-1-1-1,CONDUCTOR,ILESO,MASCULINO,29,REMOLCADOR-SEMIREMOLQUE
A-2022-08-1,P-2022-08-1-2-1,CONDUCTOR,FALLECIDO,MASCULINO,73,CAMIÓN
A-2022-08-102,P-2022-08-102-1-1,CONDUCTOR,ILESO,MASCULINO,39,REMOLCADOR-SEMIREMOLQUE
A-2022-08-102,P-2022-08-102-1-2,PEATÓN,FALLECIDO,FEMENINO,35,REMOLCADOR-SEMIREMOLQUE
A-2022-08-139,P-2022-08-139-1-1,CONDUCTOR,ILESO,MASCULINO,27,MOTOCICLETA
A-2022-08-139,P-2022-08-139-1-2,PEATÓN,FALLECIDO,MASCULINO,44,MOTOCICLETA
A-2022-08-140,P-2022-08-140-1-1,CONDUCTOR,ILESO,MASCULINO,42,CAMIONETA RURAL
A-2022-08-140,P-2022-08-140-1-2,PEATÓN,FALLECIDO,MASCULINO,,CAMIONETA RURAL
A-2022-08-141,P-2022-08-141-1-1,CONDUCTOR,ILESO,MASCULINO,41,CAMIONETA PICK UP
A-2022-08-141,P-2022-08-141-1-2,PEATÓN,FALLECIDO,MASCULINO,29,CAMIONETA PICK UP
A-2022-08-142,P-2022-08-142-1-1,CONDUCTOR,ILESO,MASCULINO,43,CAMIÓN
A-2022-08-142,P-2022-08-142-1-2,PEATÓN,FALLECIDO,FEMENINO,64,CAMIÓN
A-2022-08-143,P-2022-08-143-1-1,CONDUCTOR,ILESO,MASCULINO,39,ÓMNIBUS
A-2022-08-143,P-2022-08-143-2-1,CONDUCTOR,FALLECIDO,MASCULINO,47,MOTOCICLETA
A-2022-08-144,P-2022-08-144-1-1,CONDUCTOR,FALLECIDO,MASCULINO,28,MOTOCICLETA
A-2022-08-144,P-2022-08-144-2-1,CONDUCTOR,ILESO,MASCULINO,35,STATION WAGON
A-2022-08-144,P-2022-08-144-3-1,CONDUCTOR,ILESO,MASCULINO,47,STATION WAGON
A-2022-08-144,P-2022-08-144-4-1,CONDUCTOR,ILESO,MASCULINO,24,REMOLCADOR
A-2022-08-145,P-2022-08-145-1-1,CONDUCTOR FUGADO,NO SE CONOCE,NO INDICA,,VEHICULO NO IDENTIFICADO
A-2022-08-145,P-2022-08-145-1-2,PEATÓN,FALLECIDO,FEMENINO,45,VEHICULO NO IDENTIFICADO
A-2022-08-146,P-2022-08-146-1-1,CONDUCTOR,ILESO,MASCULINO,43,CAMIONETA RURAL
A-2022-08-146,P-2022-08-146-1-2,PEATÓN,FALLECIDO,MASCULINO,,CAMIONETA RURAL
A-2022-08-147,P-2022-08-147-1-1,CONDUCTOR FUGADO,ILESO,MASCULINO,64,AUTOMÓVIL
A-2022-08-147,P-2022-08-147-1-2,PEATÓN,FALLECIDO,FEMENINO,81,AUTOMÓVIL
A-2022-08-148,P-2022-08-148-1-1,CONDUCTOR,ILESO,MASCULINO,39,ÓMNIBUS
A-2022-08-148,P-2022-08-148-1-2,PEATÓN,FALLECIDO,FEMENINO,60,ÓMNIBUS
A-2022-08-149,P-2022-08-149-1-1,CONDUCTOR,FALLECIDO,MASCULINO,20,MOTOCICLETA
A-2022-08-149,P-2022-08-149-2-1,CONDUCTOR FUGADO,NO SE CONOCE,NO INDICA,,VEHICULO NO IDENTIFICADO
A-2022-08-150,P-2022-08-150-1-1,CONDUCTOR,ILESO,MASCULINO,35,CAMIÓN
A-2022-08-150,P-2022-08-150-1-2,PASAJERO,FALLECIDO,MASCULINO,27,CAMIÓN
A-2022-08-151,P-2022-08-151-1-1,CONDUCTOR,FALLECIDO,MASCULINO,32,MOTOCICLETA
A-2022-08-152,P-2022-08-152-1-1,CONDUCTOR FUGADO,NO SE CONOCE,NO INDICA,,VEHICULO NO IDENTIFICADO
A-2022-08-152,P-2022-08-152-1-2,PEATÓN,FALLECIDO,MASCULINO,81,VEHICULO NO IDENTIFICADO
A-2022-08-153,P-2022-08-153-1-1,CONDUCTOR,ILESO,MASCULINO,51,ÓMNIBUS
A-2022-08-153,P-2022-08-153-2-1,CONDUCTOR,NO SE CONOCE,MASCULINO,26,MOTOCICLETA
A-2022-08-153,P-2022-08-153-2-2,PASAJERO,FALLECIDO,FEMENINO,23,MOTOCICLETA
A-2022-08-154,P-2022-08-154-1-1,CONDUCTOR,ILESO,MASCULINO,38,MINIBUS
A-2022-08-154,P-2022-08-154-2-1,CONDUCTOR,FALLECIDO,MASCULINO,25,TRIMOTO PASAJERO
A-2022-08-154,P-2022-08-154-2-2,PASAJERO,FALLECIDO,NO INDICA,,TRIMOTO PASAJERO
A-2022-08-155,P-2022-08-155-1-1,CONDUCTOR,LESIONADO,MASCULINO,54,AUTOMÓVIL
A-2022-08-155,P-2022-08-155-2-1,CONDUCTOR,LESIONADO,MASCULINO,28,AUTOMÓVIL
A-2022-08-155,P-2022-08-155-2-2,PASAJERO,FALLECIDO,FEMENINO,58,AUTOMÓVIL
A-2022-08-155,P-2022-08-155-2-3,PASAJERO,LESIONADO,FEMENINO,26,AUTOMÓVIL
A-2022-08-156,P-2022-08-156-1-1,CONDUCTOR,FALLECIDO,MASCULINO,,MOTOCICLETA
A-2022-08-156,P-2022-08-156-1-2,PASAJERO,LESIONADO,FEMENINO,,MOTOCICLETA
A-2022-08-157,P-2022-08-157-1-1,CONDUCTOR FUGADO,NO SE CONOCE,NO INDICA,,TRIMOTO PASAJERO
A-2022-08-157,P-2022-08-157-1-2,PASAJERO,FALLECIDO,MASCULINO,,TRIMOTO PASAJERO
A-2022-08-158,P-2022-08-158-1-1,CONDUCTOR,ILESO,MASCULINO,29,AUTOMÓVIL
A-2022-08-158,P-2022-08-158-1-2,PEATÓN,FALLECIDO,FEMENINO,19,AUTOMÓVIL
A-2022-08-159,P-2022-08-159-1-1,CONDUCTOR,FALLECIDO,MASCULINO,29,MOTOCICLETA
A-2022-08-160,P-2022-08-160-1-1,CONDUCTOR,ILESO,MASCULINO,30,ÓMNIBUS
A-2022-08-160,P-2022-08-160-1-2,PEATÓN,FALLECIDO,MASCULINO,72,ÓMNIBUS
A-2022-08-161,P-2022-08-161-1-1,SIN CONDUCTOR,NO SE CONOCE,MASCULINO,,AUTOMÓVIL
A-2022-08-161,P-2022-08-161-1-2,PASAJERO,FALLECIDO,MASCULINO,20,AUTOMÓVIL
A-2022-08-161,P-2022-08-161-1-3,PASAJERO,LESIONADO,MASCULINO,46,AUTOMÓVIL
A-2022-08-161,P-2022-08-161-2-1,CONDUCTOR,ILESO,MASCULINO,47,CAMIÓN
A-2022-08-162,P-2022-08-162-1-1,CONDUCTOR FUGADO,NO SE CONOCE,NO INDICA,,VEHICULO NO IDENTIFICADO
A-2022-08-162,P-2022-08-162-2-1,CONDUCTOR,FALLECIDO,MASCULINO,33,MOTOCICLETA
A-2022-08-163,P-2022-08-163-1-1,CONDUCTOR FUGADO,NO SE CONOCE,NO INDICA,,VEHICULO NO IDENTIFICADO
A-2022-08-163,P-2022-08-163-1-2,PEATÓN,FALLECIDO,MASCULINO,66,VEHICULO NO IDENTIFICADO
A-2022-08-164,P-2022-08-164-1-1,CONDUCTOR,ILESO,MASCULINO,28,AUTOMÓVIL
A-2022-08-164,P-2022-08-164-2-1,CONDUCTOR,FALLECIDO,MASCULINO,23,MOTOCICLETA
A-2022-08-164,P-2022-08-164-2-2,PASAJERO,LESIONADO,MASCULINO,23,MOTOCICLETA
A-2022-08-165,P-2022-08-165-1-1,CONDUCTOR,ILESO,MASCULINO,41,MINIBUS
A-2022-08-165,P-2022-08-165-1-2,PEATÓN,FALLECIDO,FEMENINO,44,MINIBUS
A-2022-08-166,P-2022-08-166-1-1,CONDUCTOR,ILESO,MASCULINO,38,CAMIÓN
A-2022-08-166,P-2022-08-166-2-1,CONDUCTOR,ILESO,MASCULINO,33,TRIMOTO PASAJERO
A-2022-08-166,P-2022-08-166-2-2,PASAJERO,FALLECIDO,FEMENINO,46,TRIMOTO PASAJERO
A-2022-08-166,P-2022-08-166-2-3,PASAJERO,FALLECIDO,FEMENINO,14,TRIMOTO PASAJERO
A-2022-08-167,P-2022-08-167-1-1,CONDUCTOR,ILESO,MASCULINO,30,AUTOMÓVIL
A-2022-08-167,P-2022-08-167-1-2,PASAJERO,FALLECIDO,FEMENINO,79,AUTOMÓVIL
A-2022-08-168,P-2022-08-168-1-1,CONDUCTOR,ILESO,MASCULINO,46,STATION WAGON
A-2022-08-168,P-2022-08-168-1-2,PEATÓN,FALLECIDO,MASCULINO,20,STATION WAGON
A-2022-08-169,P-2022-08-169-1-1,CONDUCTOR,ILESO,MASCULINO,58,AUTOMÓVIL
A-2022-08-169,P-2022-08-169-2-1,CONDUCTOR,FALLECIDO,MASCULINO,54,TRIMOTO PASAJERO
A-2022-08-170,P-2022-08-170-1-1,CONDUCTOR,ILESO,MASCULINO,43,ÓMNIBUS
A-2022-08-170,P-2022-08-170-1-2,PEATÓN,FALLECIDO,MASCULINO,90,ÓMNIBUS
A-2022-08-2,P-2022-08-2-1-1,CONDUCTOR,LESIONADO,MASCULINO,22,CAMIÓN
A-2022-08-2,P-2022-08-2-1-2,PASAJERO,FALLECIDO,FEMENINO,58,CAMIÓN
A-2022-08-212,P-2022-08-212-1-1,CONDUCTOR,FALLECIDO,MASCULINO,35,MOTOCICLETA
A-2022-08-274,P-2022-08-274-1-1,CONDUCTOR,ILESO,MASCULINO,32,AUTOMÓVIL
A-2022-08-274,P-2022-08-274-2-1,CONDUCTOR,FALLECIDO,FEMENINO,49,TRICICLO NO MOTORIZADO
A-2022-09-150,P-2022-09-150-1-1,CONDUCTOR,LESIONADO,MASCULINO,50,CAMIONETA PICK UP
A-2022-09-150,P-2022-09-150-1-2,PASAJERO,FALLECIDO,MASCULINO,68,CAMIONETA PICK UP
A-2022-09-151,P-2022-09-151-1-1,CONDUCTOR,ILESO,MASCULINO,48,ÓMNIBUS
A-2022-09-151,P-2022-09-151-1-2,PEATÓN,FALLECIDO,FEMENINO,57,ÓMNIBUS
A-2022-09-152,P-2022-09-152-1-1,CONDUCTOR,ILESO,MASCULINO,46,TRIMOTO PASAJERO
A-2022-09-152,P-2022-09-152-1-2,PASAJERO,FALLECIDO,FEMENINO,37,TRIMOTO PASAJERO
A-2022-09-153,P-2022-09-153-1-1,CONDUCTOR,FALLECIDO,MASCULINO,26,MOTOCICLETA
A-2022-09-154,P-2022-09-154-1-1,CONDUCTOR,FALLECIDO,MASCULINO,32,MOTOCICLETA
A-2022-09-155,P-2022-09-155-1-1,CONDUCTOR,ILESO,MASCULINO,50,CAMIÓN
A-2022-09-155,P-2022-09-155-2-1,CONDUCTOR,FALLECIDO,NO INDICA,,TRIMOTO PASAJERO
A-2022-09-156,P-2022-09-156-1-1,CONDUCTOR FUGADO,NO SE CONOCE,NO INDICA,,VEHICULO NO IDENTIFICADO
A-2022-09-156,P-2022-09-156-1-2,PEATÓN,FALLECIDO,NO INDICA,,VEHICULO NO IDENTIFICADO
A-2022-09-157,P-2022-09-157-1-1,CONDUCTOR,LESIONADO,MASCULINO,29,MOTOCICLETA
A-2022-09-157,P-2022-09-157-1-2,PASAJERO,FALLECIDO,FEMENINO,30,MOTOCICLETA
A-2022-09-157,P-2022-09-157-2-1,CONDUCTOR,ILESO,MASCULINO,46,MINIBUS
A-2022-09-158,P-2022-09-158-1-1,CONDUCTOR,FALLECIDO,MASCULINO,35,MOTOCICLETA
A-2022-09-180,P-2022-09-180-1-1,CONDUCTOR,ILESO,MASCULINO,26,AUTOMÓVIL
A-2022-09-180,P-2022-09-180-1-2,PEATÓN,FALLECIDO,MASCULINO,83,AUTOMÓVIL
A-2022-09-181,P-2022-09-181-1-1,CONDUCTOR,FALLECIDO,MASCULINO,35,MOTOCICLETA
A-2022-09-181,P-2022-09-181-2-1,CONDUCTOR FUGADO,NO SE CONOCE,NO INDICA,,VEHICULO NO IDENTIFICADO
A-2022-09-181,P-2022-09-181-3-1,CONDUCTOR FUGADO,NO SE CONOCE,NO INDICA,,VEHICULO NO IDENTIFICADO
A-2022-09-182,P-2022-09-182-1-1,CONDUCTOR FUGADO,NO SE CONOCE,NO INDICA,,VEHICULO NO IDENTIFICADO
A-2022-09-182,P-2022-09-182-1-2,PEATÓN,FALLECIDO,MASCULINO,34,VEHICULO NO IDENTIFICADO
A-2022-09-195,P-2022-09-195-1-1,CONDUCTOR,ILESO,MASCULINO,57,MINIBUS
A-2022-09-195,P-2022-09-195-1-2,PEATÓN,FALLECIDO,MASCULINO,,MINIBUS
A-2022-09-196,P-2022-09-196-1-1,CONDUCTOR,FALLECIDO,NO INDICA,,AUTOMÓVIL
A-2022-09-196,P-2022-09-196-1-2,PASAJERO,LESIONADO,MASCULINO,,AUTOMÓVIL
A-2022-09-196,P-2022-09-196-1-3,PASAJERO,LESIONADO,MASCULINO,,AUTOMÓVIL
A-2022-09-197,P-2022-09-197-1-1,CONDUCTOR FUGADO,NO SE CONOCE,NO INDICA,,VEHICULO NO IDENTIFICADO
A-2022-09-197,P-2022-09-197-1-2,PEATÓN,FALLECIDO,MASCULINO,,VEHICULO NO IDENTIFICADO
A-2022-09-198,P-2022-09-198-1-1,CONDUCTOR,ILESO,MASCULINO,45,CAMIONETA RURAL
A-2022-09-198,P-2022-09-198-1-2,PEATÓN,FALLECIDO,MASCULINO,46,CAMIONETA RURAL
A-2022-09-199,P-2022-09-199-1-1,CONDUCTOR,ILESO,MASCULINO,69,STATION WAGON
A-2022-09-199,P-2022-09-199-1-2,PEATÓN,FALLECIDO,MASCULINO,,STATION WAGON
A-2022-09-200,P-2022-09-200-1-1,CONDUCTOR,ILESO,MASCULINO,53,AUTOMÓVIL
A-2022-09-200,P-2022-09-200-1-2,PEATÓN,FALLECIDO,MASCULINO,,AUTOMÓVIL
A-2022-09-202,P-2022-09-202-1-1,CONDUCTOR,ILESO,MASCULINO,42,ÓMNIBUS
A-2022-09-202,P-2022-09-202-2-1,CONDUCTOR,FALLECIDO,MASCULINO,32,MOTOCICLETA
A-2022-09-203,P-2022-09-203-1-1,CONDUCTOR,ILESO,MASCULINO,45,ÓMNIBUS
A-2022-09-203,P-2022-09-203-1-2,PEATÓN,FALLECIDO,MASCULINO,86,ÓMNIBUS
A-2022-09-204,P-2022-09-204-1-1,CONDUCTOR,LESIONADO,MASCULINO,40,CAMIONETA RURAL
A-2022-09-204,P-2022-09-204-1-2,PEATÓN,FALLECIDO,FEMENINO,54,CAMIONETA RURAL
A-2022-09-204,P-2022-09-204-1-3,PASAJERO,LESIONADO,FEMENINO,32,CAMIONETA RURAL
A-2022-09-204,P-2022-09-204-1-4,PASAJERO,LESIONADO,MASCULINO,31,CAMIONETA RURAL
A-2022-09-204,P-2022-09-204-2-1,CONDUCTOR,ILESO,MASCULINO,30,CAMIONETA RURAL
A-2022-09-205,P-2022-09-205-1-1,CONDUCTOR,ILESO,MASCULINO,44,ÓMNIBUS
A-2022-09-205,P-2022-09-205-2-1,CONDUCTOR,FALLECIDO,MASCULINO,26,MOTOCICLETA
A-2022-09-206,P-2022-09-206-1-1,CONDUCTOR FUGADO,NO SE CONOCE,NO INDICA,,VEHICULO NO IDENTIFICADO
A-2022-09-206,P-2022-09-206-1-2,PEATÓN,FALLECIDO,MASCULINO,39,VEHICULO NO IDENTIFICADO
A-2022-09-207,P-2022-09-207-1-1,CONDUCTOR,FALLECIDO,MASCULINO,22,MOTOCICLETA
A-2022-09-207,P-2022-09-207-1-2,PASAJERO,LESIONADO,FEMENINO,21,MOTOCICLETA
A-2022-09-208,P-2022-09-208-1-1,CONDUCTOR,ILESO,MASCULINO,68,AUTOMÓVIL
A-2022-09-208,P-2022-09-208-1-2,PEATÓN,FALLECIDO,FEMENINO,74,AUTOMÓVIL
A-2022-09-274,P-2022-09-274-1-1,CONDUCTOR,ILESO,MASCULINO,23,AUTOMÓVIL
A-2022-09-274,P-2022-09-274-2-1,CONDUCTOR,FALLECIDO,MASCULINO,64,STATION WAGON
A-2022-10-117,P-2022-10-117-1-1,CONDUCTOR,ILESO,MASCULINO,42,CAMIÓN
A-2022-10-117,P-2022-10-117-1-2,PASAJERO,FALLECIDO,FEMENINO,50,CAMIÓN
A-2022-10-121,P-2022-10-121-1-1,CONDUCTOR,ILESO,MASCULINO,57,REMOLCADOR-SEMIREMOLQUE
A-2022-10-121,P-2022-10-121-1-2,PEATÓN,FALLECIDO,MASCULINO,88,REMOLCADOR-SEMIREMOLQUE
A-2022-10-122,P-2022-10-122-1-1,CONDUCTOR,ILESO,MASCULINO,20,AUTOMÓVIL
A-2022-10-122,P-2022-10-122-1-2,PEATÓN,FALLECIDO,MASCULINO,51,AUTOMÓVIL
A-2022-10-123,P-2022-10-123-1-1,CONDUCTOR,ILESO,MASCULINO,28,AUTOMÓVIL
A-2022-10-123,P-2022-10-123-1-2,PEATÓN,FALLECIDO,MASCULINO,79,AUTOMÓVIL
A-2022-10-126,P-2022-10-126-1-1,CONDUCTOR,ILESO,MASCULINO,26,MOTOCICLETA
A-2022-10-126,P-2022-10-126-1-2,PASAJERO,FALLECIDO,FEMENINO,22,MOTOCICLETA
A-2022-10-128,P-2022-10-128-1-1,CONDUCTOR,ILESO,MASCULINO,40,CAMIONETA RURAL
A-2022-10-128,P-2022-10-128-1-2,PASAJERO,LESIONADO,MASCULINO,53,CAMIONETA RURAL
A-2022-10-128,P-2022-10-128-2-1,CONDUCTOR,FALLECIDO,MASCULINO,26,AUTOMÓVIL
A-2022-10-129,P-2022-10-129-1-1,CONDUCTOR,ILESO,MASCULINO,25,AUTOMÓVIL
A-2022-10-129,P-2022-10-129-2-1,CONDUCTOR,NO SE CONOCE,NO INDICA,,TRIMOTO PASAJERO
A-2022-10-129,P-2022-10-129-2-2,PASAJERO,FALLECIDO,MASCULINO,1,TRIMOTO PASAJERO
A-2022-10-129,P-2022-10-129-2-3,PASAJERO,LESIONADO,MASCULINO,25,TRIMOTO PASAJERO
A-2022-10-130,P-2022-10-130-1-1,CONDUCTOR,ILESO,MASCULINO,73,CAMIÓN
A-2022-10-130,P-2022-10-130-2-1,CONDUCTOR,FALLECIDO,MASCULINO,32,MOTOCICLETA
A-2022-10-132,P-2022-10-132-1-1,CONDUCTOR,ILESO,MASCULINO,33,CAMIÓN
A-2022-10-132,P-2022-10-132-1-2,PASAJERO,FALLECIDO,FEMENINO,38,CAMIONETA RURAL
A-2022-10-132,P-2022-10-132-2-1,CONDUCTOR,FALLECIDO,MASCULINO,50,CAMIONETA RURAL
A-2022-10-132,P-2022-10-132-2-2,PASAJERO,FALLECIDO,FEMENINO,13,CAMIONETA RURAL
A-2022-10-132,P-2022-10-132-2-3,PASAJERO,FALLECIDO,MASCULINO,7,CAMIONETA RURAL
A-2022-10-132,P-2022-10-132-2-4,PASAJERO,FALLECIDO,MASCULINO,55,CAMIONETA RURAL
A-2022-10-132,P-2022-10-132-2-5,PASAJERO,FALLECIDO,NO INDICA,,CAMIONETA RURAL
A-2022-10-132,P-2022-10-132-2-6,PASAJERO,FALLECIDO,NO INDICA,,CAMIONETA RURAL
A-2022-10-132,P-2022-10-132-2-7,PASAJERO,LESIONADO,MASCULINO,46,CAMIONETA RURAL
A-2022-10-132,P-2022-10-132-2-8,PASAJERO,LESIONADO,MASCULINO,72,CAMIONETA RURAL
A-2022-10-132,P-2022-10-132-2-9,PASAJERO,LESIONADO,NO INDICA,,CAMIONETA RURAL
A-2022-10-133,P-2022-10-133-1-1,CONDUCTOR,FALLECIDO,MASCULINO,51,MOTOCICLETA
A-2022-10-134,P-2022-10-134-1-1,CONDUCTOR,ILESO,MASCULINO,24,CAMIONETA RURAL
A-2022-10-134,P-2022-10-134-1-2,PEATÓN,FALLECIDO,MASCULINO,48,CAMIONETA RURAL
A-2022-10-135,P-2022-10-135-1-1,CONDUCTOR,LESIONADO,MASCULINO,29,MOTOCICLETA
A-2022-10-135,P-2022-10-135-2-1,CONDUCTOR,LESIONADO,MASCULINO,24,TRIMOTO PASAJERO
A-2022-10-135,P-2022-10-135-2-2,PASAJERO,FALLECIDO,FEMENINO,2,TRIMOTO PASAJERO
A-2022-10-136,P-2022-10-136-1-1,CONDUCTOR,ILESO,MASCULINO,61,ÓMNIBUS
A-2022-10-136,P-2022-10-136-1-2,PEATÓN,FALLECIDO,FEMENINO,72,ÓMNIBUS
A-2022-10-137,P-2022-10-137-1-1,CONDUCTOR,ILESO,MASCULINO,18,REMOLCADOR
A-2022-10-137,P-2022-10-137-1-2,PEATÓN,FALLECIDO,MASCULINO,9,REMOLCADOR
A-2022-10-138,P-2022-10-138-1-1,CONDUCTOR,ILESO,MASCULINO,50,REMOLCADOR
A-2022-10-138,P-2022-10-138-1-2,PEATÓN,FALLECIDO,FEMENINO,59,REMOLCADOR
A-2022-10-139,P-2022-10-139-1-1,CONDUCTOR,ILESO,MASCULINO,39,AUTOMÓVIL
A-2022-10-139,P-2022-10-139-1-2,PEATÓN,FALLECIDO,MASCULINO,,AUTOMÓVIL
A-2022-10-142,P-2022-10-142-1-1,CONDUCTOR,ILESO,MASCULINO,46,CAMIÓN
A-2022-10-142,P-2022-10-142-1-2,PEATÓN,FALLECIDO,MASCULINO,65,CAMIÓN
A-2022-10-143,P-2022-10-143-1-1,CONDUCTOR,FALLECIDO,MASCULINO,33,MOTOCICLETA
A-2022-10-144,P-2022-10-144-1-1,CONDUCTOR,ILESO,MASCULINO,28,CAMIÓN
A-2022-10-144,P-2022-10-144-1-2,PEATÓN,FALLECIDO,MASCULINO,74,CAMIÓN
A-2022-10-146,P-2022-10-146-1-1,CONDUCTOR,NO SE CONOCE,NO INDICA,,AUTOMÓVIL
A-2022-10-146,P-2022-10-146-2-1,CONDUCTOR,FALLECIDO,MASCULINO,44,TRIMOTO PASAJERO
A-2022-10-146,P-2022-10-146-2-2,PASAJERO,LESIONADO,FEMENINO,40,TRIMOTO PASAJERO
A-2022-10-147,P-2022-10-147-1-1,CONDUCTOR,ILESO,MASCULINO,29,CAMIÓN
A-2022-10-147,P-2022-10-147-1-2,PEATÓN,FALLECIDO,MASCULINO,15,CAMIÓN
A-2022-10-148,P-2022-10-148-1-1,CONDUCTOR,ILESO,MASCULINO,31,CAMIONETA PICK UP
A-2022-10-148,P-2022-10-148-1-2,PEATÓN,FALLECIDO,MASCULINO,62,CAMIONETA PICK UP
A-2022-10-148,P-2022-10-148-2-1,CONDUCTOR,ILESO,MASCULINO,38,AUTOMÓVIL
A-2022-10-217,P-2022-10-217-1-1,CONDUCTOR FUGADO,NO SE CONOCE,NO INDICA,,VEHICULO NO IDENTIFICADO
A-2022-10-217,P-2022-10-217-1-2,PEATÓN,FALLECIDO,MASCULINO,33,VEHICULO NO IDENTIFICADO
A-2022-11-119,P-2022-11-119-1-1,CONDUCTOR,ILESO,MASCULINO,52,REMOLCADOR-SEMIREMOLQUE
A-2022-11-119,P-2022-11-119-2-1,CONDUCTOR,FALLECIDO,MASCULINO,22,MOTOCICLETA
A-2022-11-122,P-2022-11-122-1-1,CONDUCTOR,ILESO,FEMENINO,35,AUTOMÓVIL
A-2022-11-122,P-2022-11-122-1-2,PEATÓN,FALLECIDO,FEMENINO,57,AUTOMÓVIL
A-2022-11-122,P-2022-11-122-1-3,PEATÓN,LESIONADO,FEMENINO,9,AUTOMÓVIL
A-2022-11-133,P-2022-11-133-1-1,CONDUCTOR,ILESO,FEMENINO,45,CAMIÓN
A-2022-11-133,P-2022-11-133-1-2,PEATÓN,FALLECIDO,MASCULINO,88,CAMIÓN
A-2022-11-134,P-2022-11-134-1-1,CONDUCTOR,FALLECIDO,MASCULINO,32,MOTOCICLETA
A-2022-11-134,P-2022-11-134-1-2,PASAJERO,LESIONADO,FEMENINO,28,MOTOCICLETA
A-2022-11-135,P-2022-11-135-1-1,CONDUCTOR,ILESO,MASCULINO,18,AUTOMÓVIL
A-2022-11-135,P-2022-11-135-1-2,PEATÓN,FALLECIDO,MASCULINO,,AUTOMÓVIL
A-2022-11-136,P-2022-11-136-1-1,CONDUCTOR,FALLECIDO,MASCULINO,24,MOTOCICLETA
A-2022-11-137,P-2022-11-137-1-1,CONDUCTOR FUGADO,NO SE CONOCE,NO INDICA,,VEHICULO NO IDENTIFICADO
A-2022-11-137,P-2022-11-137-1-2,PEATÓN,FALLECIDO,MASCULINO,72,VEHICULO NO IDENTIFICADO
A-2022-11-138,P-2022-11-138-1-1,CONDUCTOR FUGADO,NO SE CONOCE,NO INDICA,,CAMIÓN
A-2022-11-138,P-2022-11-138-2-1,CONDUCTOR,FALLECIDO,MASCULINO,21,MOTOCICLETA
A-2022-11-139,P-2022-11-139-1-1,CONDUCTOR,ILESO,MASCULINO,37,AUTOMÓVIL
A-2022-11-139,P-2022-11-139-2-1,CONDUCTOR,FALLECIDO,MASCULINO,54,OTRO
A-2022-11-140,P-2022-11-140-1-1,CONDUCTOR FUGADO,NO SE CONOCE,NO INDICA,,VEHICULO NO IDENTIFICADO
A-2022-11-140,P-2022-11-140-1-2,PEATÓN,FALLECIDO,MASCULINO,57,VEHICULO NO IDENTIFICADO
A-2022-11-141,P-2022-11-141-1-1,CONDUCTOR,ILESO,MASCULINO,54,CAMIÓN
A-2022-11-141,P-2022-11-141-2-1,CONDUCTOR,LESIONADO,MASCULINO,37,AUTOMÓVIL
A-2022-11-141,P-2022-11-141-2-2,PASAJERO,FALLECIDO,MASCULINO,,AUTOMÓVIL
A-2022-11-142,P-2022-11-142-1-1,CONDUCTOR,FALLECIDO,MASCULINO,26,BICICLETA
A-2022-11-143,P-2022-11-143-1-1,CONDUCTOR,ILESO,MASCULINO,34,ÓMNIBUS
A-2022-11-143,P-2022-11-143-1-2,PEATÓN,FALLECIDO,MASCULINO,,ÓMNIBUS
A-2022-11-144,P-2022-11-144-1-1,CONDUCTOR,ILESO,MASCULINO,29,ÓMNIBUS
A-2022-11-144,P-2022-11-144-1-2,PEATÓN,FALLECIDO,NO INDICA,,ÓMNIBUS
A-2022-11-145,P-2022-11-145-1-1,CONDUCTOR,LESIONADO,MASCULINO,25,AUTOMÓVIL
A-2022-11-145,P-2022-11-145-1-2,PASAJERO,FALLECIDO,MASCULINO,,AUTOMÓVIL
A-2022-11-145,P-2022-11-145-2-1,CONDUCTOR,ILESO,MASCULINO,44,CAMIÓN
A-2022-11-146,P-2022-11-146-1-1,CONDUCTOR,ILESO,MASCULINO,39,MINIBUS
A-2022-11-146,P-2022-11-146-1-2,PEATÓN,FALLECIDO,MASCULINO,22,MINIBUS
A-2022-11-146,P-2022-11-146-1-3,PEATÓN,LESIONADO,FEMENINO,21,MINIBUS
A-2022-11-147,P-2022-11-147-1-1,CONDUCTOR,ILESO,MASCULINO,41,REMOLCADOR-SEMIREMOLQUE
A-2022-11-147,P-2022-11-147-1-2,PEATÓN,FALLECIDO,FEMENINO,18,REMOLCADOR-SEMIREMOLQUE
A-2022-11-148,P-2022-11-148-1-1,CONDUCTOR,ILESO,MASCULINO,39,CAMIONETA RURAL
A-2022-11-148,P-2022-11-148-2-1,CONDUCTOR,ILESO,MASCULINO,34,CAMIONETA RURAL
A-2022-11-148,P-2022-11-148-2-2,PEATÓN,FALLECIDO,FEMENINO,46,CAMIONETA RURAL
A-2022-11-149,P-2022-11-149-1-1,CONDUCTOR,FALLECIDO,MASCULINO,29,MOTOCICLETA
A-2022-11-150,P-2022-11-150-1-1,CONDUCTOR,ILESO,MASCULINO,48,CAMIÓN
A-2022-11-150,P-2022-11-150-1-2,PEATÓN,FALLECIDO,MASCULINO,27,CAMIÓN
A-2022-11-151,P-2022-11-151-1-1,CONDUCTOR FUGADO,NO SE CONOCE,NO INDICA,,VEHICULO NO IDENTIFICADO
A-2022-11-151,P-2022-11-151-1-2,PASAJERO,FALLECIDO,MASCULINO,,VEHICULO NO IDENTIFICADO
A-2022-11-152,P-2022-11-152-1-1,CONDUCTOR,FALLECIDO,MASCULINO,51,MOTOCICLETA
A-2022-11-153,P-2022-11-153-1-1,CONDUCTOR,FALLECIDO,MASCULINO,33,MOTOCICLETA
A-2022-11-154,P-2022-11-154-1-1,CONDUCTOR,FALLECIDO,MASCULINO,34,MOTOCICLETA
A-2022-11-155,P-2022-11-155-1-1,CONDUCTOR,FALLECIDO,MASCULINO,74,CAMIONETA PANEL
A-2022-11-155,P-2022-11-155-1-2,PASAJERO,LESIONADO,FEMENINO,22,CAMIONETA PANEL
A-2022-11-155,P-2022-11-155-1-3,PASAJERO,LESIONADO,MASCULINO,31,CAMIONETA PANEL
A-2022-11-155,P-2022-11-155-1-4,PASAJERO,LESIONADO,FEMENINO,19,CAMIONETA PANEL
A-2022-11-155,P-2022-11-155-2-1,CONDUCTOR,ILESO,MASCULINO,35,SEMIREMOLQUE
A-2022-11-155,P-2022-11-155-3-1,CONDUCTOR,ILESO,MASCULINO,32,REMOLCADOR
A-2022-11-156,P-2022-11-156-1-1,CONDUCTOR,ILESO,MASCULINO,34,AUTOMÓVIL
A-2022-11-156,P-2022-11-156-1-2,PEATÓN,FALLECIDO,FEMENINO,36,AUTOMÓVIL
A-2022-11-157,P-2022-11-157-1-1,CONDUCTOR,ILESO,MASCULINO,30,TRIMOTO PASAJERO
A-2022-11-157,P-2022-11-157-1-2,PASAJERO,LESIONADO,FEMENINO,62,TRIMOTO PASAJERO
A-2022-11-157,P-2022-11-157-1-3,PASAJERO,LESIONADO,MASCULINO,32,TRIMOTO PASAJERO
A-2022-11-157,P-2022-11-157-1-4,PASAJERO,FALLECIDO,FEMENINO,28,TRIMOTO PASAJERO
A-2022-11-157,P-2022-11-157-1-5,PASAJERO,LESIONADO,MASCULINO,7,TRIMOTO PASAJERO
A-2022-11-157,P-2022-11-157-2-1,CONDUCTOR,ILESO,MASCULINO,32,CAMIONETA RURAL
A-2022-11-158,P-2022-11-158-1-1,CONDUCTOR,ILESO,MASCULINO,43,STATION WAGON
A-2022-11-158,P-2022-11-158-1-2,PEATÓN,FALLECIDO,MASCULINO,86,STATION WAGON
A-2022-11-158,P-2022-11-158-1-3,PASAJERO,LESIONADO,FEMENINO,13,STATION WAGON
A-2022-11-160,P-2022-11-160-1-1,CONDUCTOR,LESIONADO,MASCULINO,33,AUTOMÓVIL
A-2022-11-160,P-2022-11-160-1-2,PASAJERO,LESIONADO,MASCULINO,34,AUTOMÓVIL
A-2022-11-160,P-2022-11-160-1-3,PASAJERO,LESIONADO,FEMENINO,27,AUTOMÓVIL
A-2022-11-160,P-2022-11-160-1-4,PASAJERO,FALLECIDO,FEMENINO,,AUTOMÓVIL
A-2022-11-161,P-2022-11-161-1-1,CONDUCTOR,ILESO,MASCULINO,82,MOTOCICLETA
A-2022-11-161,P-2022-11-161-1-2,PEATÓN,FALLECIDO,MASCULINO,84,MOTOCICLETA
A-2022-11-162,P-2022-11-162-1-1,CONDUCTOR FUGADO,NO SE CONOCE,NO INDICA,,VEHICULO NO IDENTIFICADO
A-2022-11-162,P-2022-11-162-1-2,PEATÓN,FALLECIDO,MASCULINO,27,VEHICULO NO IDENTIFICADO
A-2022-11-163,P-2022-11-163-1-1,CONDUCTOR,ILESO,MASCULINO,24,MOTOCICLETA
A-2022-11-163,P-2022-11-163-1-2,PEATÓN,FALLECIDO,MASCULINO,83,MOTOCICLETA
A-2022-11-231,P-2022-11-231-1-1,CONDUCTOR,ILESO,MASCULINO,18,MOTOCICLETA
A-2022-11-231,P-2022-11-231-1-2,PEATÓN,FALLECIDO,MASCULINO,67,MOTOCICLETA
A-2022-11-232,P-2022-11-232-1-1,CONDUCTOR,ILESO,MASCULINO,28,ÓMNIBUS
A-2022-11-232,P-2022-11-232-1-2,PEATÓN,FALLECIDO,MASCULINO,71,ÓMNIBUS
A-2022-11-233,P-2022-11-233-1-1,CONDUCTOR,ILESO,MASCULINO,23,MOTOCICLETA
A-2022-11-233,P-2022-11-233-2-1,CONDUCTOR,FALLECIDO,MASCULINO,48,MOTOCICLETA
A-2022-11-234,P-2022-11-234-1-1,CONDUCTOR,FALLECIDO,MASCULINO,26,AUTOMÓVIL
A-2022-11-235,P-2022-11-235-1-1,CONDUCTOR FUGADO,NO SE CONOCE,NO INDICA,,VEHICULO NO IDENTIFICADO
A-2022-11-235,P-2022-11-235-1-2,PEATÓN,FALLECIDO,MASCULINO,45,VEHICULO NO IDENTIFICADO
A-2022-11-236,P-2022-11-236-1-1,CONDUCTOR,ILESO,MASCULINO,34,TRIMOTO PASAJERO
A-2022-11-236,P-2022-11-236-1-2,PEATÓN,FALLECIDO,MASCULINO,76,TRIMOTO PASAJERO
A-2022-11-237,P-2022-11-237-1-1,CONDUCTOR,FALLECIDO,MASCULINO,29,MOTOCICLETA
A-2022-11-237,P-2022-11-237-2-1,CONDUCTOR,ILESO,MASCULINO,48,CAMIONETA PANEL
A-2022-11-238,P-2022-11-238-1-1,CONDUCTOR FUGADO,NO SE CONOCE,NO INDICA,,VEHICULO NO IDENTIFICADO
A-2022-11-238,P-2022-11-238-1-2,PEATÓN,FALLECIDO,MASCULINO,44,VEHICULO NO IDENTIFICADO
A-2022-11-239,P-2022-11-239-1-1,CONDUCTOR FUGADO,NO SE CONOCE,NO INDICA,,VEHICULO NO IDENTIFICADO
A-2022-11-239,P-2022-11-239-1-2,PEATÓN,FALLECIDO,FEMENINO,72,VEHICULO NO IDENTIFICADO
A-2022-11-241,P-2022-11-241-1-1,CONDUCTOR,ILESO,MASCULINO,48,ÓMNIBUS
A-2022-11-241,P-2022-11-241-2-1,CONDUCTOR,FALLECIDO,MASCULINO,,MOTOCICLETA
A-2022-12-110,P-2022-12-110-1-1,CONDUCTOR,ILESO,MASCULINO,60,AUTOMÓVIL
A-2022-12-110,P-2022-12-110-1-2,PEATÓN,FALLECIDO,FEMENINO,73,AUTOMÓVIL
A-2022-12-131,P-2022-12-131-1-1,CONDUCTOR,ILESO,MASCULINO,33,REMOLCADOR-SEMIREMOLQUE
A-2022-12-131,P-2022-12-131-2-1,CONDUCTOR,FALLECIDO,MASCULINO,49,REMOLCADOR-SEMIREMOLQUE
A-2022-12-133,P-2022-12-133-1-1,CONDUCTOR,FALLECIDO,MASCULINO,23,MOTOCICLETA
A-2022-12-134,P-2022-12-134-1-1,CONDUCTOR FUGADO,NO SE CONOCE,NO INDICA,,VEHICULO NO IDENTIFICADO
A-2022-12-134,P-2022-12-134-1-2,PEATÓN,FALLECIDO,MASCULINO,82,VEHICULO NO IDENTIFICADO
A-2022-12-135,P-2022-12-135-1-1,CONDUCTOR,FALLECIDO,MASCULINO,22,MOTOCICLETA
A-2022-12-136,P-2022-12-136-1-1,CONDUCTOR,ILESO,MASCULINO,33,REMOLCADOR
A-2022-12-136,P-2022-12-136-1-2,PEATÓN,FALLECIDO,MASCULINO,71,REMOLCADOR
A-2022-12-137,P-2022-12-137-1-1,CONDUCTOR,ILESO,MASCULINO,37,CAMIONETA RURAL
A-2022-12-137,P-2022-12-137-1-2,PEATÓN,FALLECIDO,MASCULINO,76,CAMIONETA RURAL
A-2022-12-138,P-2022-12-138-1-1,CONDUCTOR,ILESO,FEMENINO,34,TRIMOTO PASAJERO
A-2022-12-138,P-2022-12-138-1-2,PASAJERO,FALLECIDO,FEMENINO,2,TRIMOTO PASAJERO
A-2022-12-139,P-2022-12-139-1-1,CONDUCTOR,FALLECIDO,MASCULINO,42,MOTOCICLETA
A-2022-12-140,P-2022-12-140-1-1,CONDUCTOR,FALLECIDO,MASCULINO,39,MOTOCICLETA
A-2022-12-141,P-2022-12-141-1-1,CONDUCTOR,FALLECIDO,MASCULINO,49,MOTOCICLETA
A-2022-12-142,P-2022-12-142-1-1,CONDUCTOR,ILESO,MASCULINO,59,AUTOMÓVIL
A-2022-12-142,P-2022-12-142-1-2,PEATÓN,FALLECIDO,MASCULINO,36,AUTOMÓVIL
A-2022-12-142,P-2022-12-142-1-3,PEATÓN,LESIONADO,MASCULINO,82,AUTOMÓVIL
A-2022-12-143,P-2022-12-143-1-1,CONDUCTOR,ILESO,MASCULINO,41,ÓMNIBUS
A-2022-12-143,P-2022-12-143-1-2,PEATÓN,FALLECIDO,MASCULINO,,ÓMNIBUS
A-2022-12-144,P-2022-12-144-1-1,CONDUCTOR,ILESO,MASCULINO,37,AUTOMÓVIL
A-2022-12-144,P-2022-12-144-1-2,PEATÓN,FALLECIDO,MASCULINO,79,AUTOMÓVIL
A-2022-12-147,P-2022-12-147-1-1,CONDUCTOR,FALLECIDO,MASCULINO,24,MOTOCICLETA
A-2022-12-147,P-2022-12-147-1-2,PASAJERO,LESIONADO,FEMENINO,21,MOTOCICLETA
A-2022-12-147,P-2022-12-147-2-1,CONDUCTOR,ILESO,MASCULINO,43,REMOLCADOR-SEMIREMOLQUE
A-2022-12-148,P-2022-12-148-1-1,CONDUCTOR,FALLECIDO,MASCULINO,28,MOTOCICLETA
A-2022-12-148,P-2022-12-148-1-2,PASAJERO,LESIONADO,FEMENINO,27,MOTOCICLETA
A-2022-12-149,P-2022-12-149-1-1,CONDUCTOR,ILESO,MASCULINO,31,AUTOMÓVIL
A-2022-12-149,P-2022-12-149-1-2,PEATÓN,FALLECIDO,FEMENINO,74,AUTOMÓVIL
A-2022-12-150,P-2022-12-150-1-1,CONDUCTOR,ILESO,MASCULINO,39,ÓMNIBUS
A-2022-12-150,P-2022-12-150-1-2,PEATÓN,FALLECIDO,MASCULINO,,ÓMNIBUS
A-2022-12-150,P-2022-12-150-2-1,CONDUCTOR,ILESO,MASCULINO,30,CAMIONETA RURAL
A-2022-12-150,P-2022-12-150-3-1,CONDUCTOR,ILESO,MASCULINO,30,REMOLCADOR
A-2022-12-151,P-2022-12-151-1-1,SIN CONDUCTOR,NO SE CONOCE,NO INDICA,,AUTOMÓVIL
A-2022-12-151,P-2022-12-151-2-1,CONDUCTOR FUGADO,NO SE CONOCE,NO INDICA,,VEHICULO NO IDENTIFICADO
A-2022-12-151,P-2022-12-151-2-2,PEATÓN,FALLECIDO,FEMENINO,39,VEHICULO NO IDENTIFICADO
A-2022-12-152,P-2022-12-152-1-1,CONDUCTOR,NO SE CONOCE,MASCULINO,,MOTOCICLETA
A-2022-12-152,P-2022-12-152-1-2,PEATÓN,FALLECIDO,FEMENINO,70,MOTOCICLETA
A-2022-12-153,P-2022-12-153-1-1,CONDUCTOR,ILESO,MASCULINO,38,CAMIÓN
A-2022-12-153,P-2022-12-153-1-2,PEATÓN,FALLECIDO,FEMENINO,17,CAMIÓN
A-2022-12-154,P-2022-12-154-1-1,CONDUCTOR FUGADO,NO SE CONOCE,NO INDICA,,VEHICULO NO IDENTIFICADO
A-2022-12-154,P-2022-12-154-1-2,PEATÓN,FALLECIDO,FEMENINO,41,VEHICULO NO IDENTIFICADO
A-2022-12-155,P-2022-12-155-1-1,CONDUCTOR FUGADO,NO SE CONOCE,NO INDICA,,VEHICULO NO IDENTIFICADO
A-2022-12-155,P-2022-12-155-1-2,PEATÓN,FALLECIDO,MASCULINO,44,VEHICULO NO IDENTIFICADO
A-2022-12-156,P-2022-12-156-1-1,CONDUCTOR,LESIONADO,MASCULINO,25,MOTOCICLETA
A-2022-12-156,P-2022-12-156-1-2,PASAJERO,FALLECIDO,FEMENINO,24,MOTOCICLETA
A-2022-12-157,P-2022-12-157-1-1,CONDUCTOR,ILESO,MASCULINO,26,MOTOCICLETA
A-2022-12-157,P-2022-12-157-1-2,PASAJERO,FALLECIDO,FEMENINO,22,MOTOCICLETA
A-2022-12-157,P-2022-12-157-2-1,CONDUCTOR,ILESO,MASCULINO,36,REMOLCADOR-SEMIREMOLQUE
A-2022-12-158,P-2022-12-158-1-1,CONDUCTOR,ILESO,MASCULINO,24,MOTOCICLETA
A-2022-12-158,P-2022-12-158-1-2,PEATÓN,FALLECIDO,MASCULINO,63,MOTOCICLETA
A-2022-12-159,P-2022-12-159-1-1,CONDUCTOR FUGADO,NO SE CONOCE,NO INDICA,,VEHICULO NO IDENTIFICADO
A-2022-12-159,P-2022-12-159-1-2,PEATÓN,FALLECIDO,MASCULINO,66,VEHICULO NO IDENTIFICADO
A-2022-12-160,P-2022-12-160-1-1,CONDUCTOR FUGADO,NO SE CONOCE,NO INDICA,,VEHICULO NO IDENTIFICADO
A-2022-12-160,P-2022-12-160-1-2,PEATÓN,FALLECIDO,MASCULINO,73,VEHICULO NO IDENTIFICADO
A-2022-12-161,P-2022-12-161-1-1,CONDUCTOR,ILESO,MASCULINO,47,AUTOMÓVIL
A-2022-12-161,P-2022-12-161-1-2,PEATÓN,FALLECIDO,MASCULINO,16,AUTOMÓVIL
A-2022-12-162,P-2022-12-162-1-1,CONDUCTOR,FALLECIDO,MASCULINO,38,MOTOCICLETA
A-2022-12-163,P-2022-12-163-1-1,CONDUCTOR,ILESO,MASCULINO,39,CAMIÓN
A-2022-12-163,P-2022-12-163-1-2,PEATÓN,FALLECIDO,FEMENINO,71,CAMIÓN
A-2022-12-164,P-2022-12-164-1-1,CONDUCTOR FUGADO,NO SE CONOCE,NO INDICA,,VEHICULO NO IDENTIFICADO
A-2022-12-164,P-2022-12-164-1-2,PEATÓN,FALLECIDO,MASCULINO,,VEHICULO NO IDENTIFICADO
A-2022-12-165,P-2022-12-165-1-1,CONDUCTOR,FALLECIDO,MASCULINO,45,AUTOMÓVIL
A-2022-12-165,P-2022-12-165-2-1,CONDUCTOR,ILESO,MASCULINO,51,ÓMNIBUS
A-2022-12-166,P-2022-12-166-1-1,CONDUCTOR,ILESO,FEMENINO,29,AUTOMÓVIL
A-2022-12-166,P-2022-12-166-1-2,PEATÓN,FALLECIDO,FEMENINO,,AUTOMÓVIL
A-2022-12-167,P-2022-12-167-1-1,CONDUCTOR,FALLECIDO,MASCULINO,17,CAMIONETA RURAL
A-2022-12-167,P-2022-12-167-1-2,PASAJERO,FALLECIDO,FEMENINO,22,CAMIONETA RURAL
A-2022-12-167,P-2022-12-167-1-3,PASAJERO,LESIONADO,NO INDICA,,CAMIONETA RURAL
A-2022-12-167,P-2022-12-167-1-4,PASAJERO,LESIONADO,NO INDICA,,CAMIONETA RURAL
A-2022-12-167,P-2022-12-167-1-5,PASAJERO,LESIONADO,NO INDICA,,CAMIONETA RURAL
A-2022-12-167,P-2022-12-167-1-6,PASAJERO,LESIONADO,NO INDICA,,CAMIONETA RURAL
A-2022-12-167,P-2022-12-167-1-7,PASAJERO,LESIONADO,NO INDICA,,CAMIONETA RURAL
A-2022-12-168,P-2022-12-168-1-1,CONDUCTOR,ILESO,MASCULINO,57,MINIBUS
A-2022-12-168,P-2022-12-168-2-1,CONDUCTOR,ILESO,MASCULINO,50,TRIMOTO PASAJERO
A-2022-12-168,P-2022-12-168-2-2,PASAJERO,FALLECIDO,MASCULINO,49,TRIMOTO PASAJERO
A-2022-12-169,P-2022-12-169-1-1,CONDUCTOR FUGADO,NO SE CONOCE,NO INDICA,,VEHICULO NO IDENTIFICADO
A-2022-12-169,P-2022-12-169-1-2,PEATÓN,FALLECIDO,MASCULINO,,VEHICULO NO IDENTIFICADO
A-2022-12-170,P-2022-12-170-1-1,CONDUCTOR,FALLECIDO,MASCULINO,35,MOTOCICLETA
A-2022-12-171,P-2022-12-171-1-1,CONDUCTOR,ILESO,MASCULINO,22,MOTOCICLETA
A-2022-12-171,P-2022-12-171-1-2,PEATÓN,FALLECIDO,MASCULINO,54,MOTOCICLETA
A-2022-12-172,P-2022-12-172-1-1,CONDUCTOR FUGADO,NO SE CONOCE,NO INDICA,,VEHICULO NO IDENTIFICADO
A-2022-12-172,P-2022-12-172-1-2,PEATÓN,FALLECIDO,MASCULINO,,VEHICULO NO IDENTIFICADO
A-2022-12-215,P-2022-12-215-1-1,CONDUCTOR FUGADO,NO SE CONOCE,NO INDICA,,VEHICULO NO IDENTIFICADO
A-2022-12-215,P-2022-12-215-1-2,PEATÓN,FALLECIDO,MASCULINO,,VEHICULO NO IDENTIFICADO
A-2022-12-229,P-2022-12-229-1-1,CONDUCTOR FUGADO,NO SE CONOCE,NO INDICA,,VEHICULO NO IDENTIFICADO
A-2022-12-229,P-2022-12-229-1-2,PEATÓN,FALLECIDO,MASCULINO,36,VEHICULO NO IDENTIFICADO
A-2022-12-230,P-2022-12-230-1-1,CONDUCTOR,ILESO,MASCULINO,69,TRIMOTO PASAJERO
A-2022-12-230,P-2022-12-230-1-2,PEATÓN,FALLECIDO,MASCULINO,80,TRIMOTO PASAJERO
A-2022-12-231,P-2022-12-231-1-1,CONDUCTOR,ILESO,MASCULINO,69,OTRO
A-2022-12-231,P-2022-12-231-1-2,PEATÓN,FALLECIDO,MASCULINO,5,OTRO
A-2022-12-232,P-2022-12-232-1-1,CONDUCTOR,ILESO,MASCULINO,46,REMOLCADOR-SEMIREMOLQUE
A-2022-12-232,P-2022-12-232-2-1,CONDUCTOR,FALLECIDO,MASCULINO,59,CAMIONETA PICK UP
A-2023-01-114,P-2023-01-114-1-1,CONDUCTOR,FALLECIDO,FEMENINO,33,MOTOCICLETA
A-2023-01-114,P-2023-01-114-2-1,CONDUCTOR,LESIONADO,MASCULINO,45,REMOLCADOR-SEMIREMOLQUE
A-2023-01-130,P-2023-01-130-1-1,CONDUCTOR,ILESO,MASCULINO,42,CAMIÓN
A-2023-01-130,P-2023-01-130-2-1,CONDUCTOR,FALLECIDO,MASCULINO,28,MOTOCICLETA
A-2023-01-131,P-2023-01-131-1-1,CONDUCTOR,FALLECIDO,MASCULINO,54,MOTOCICLETA
A-2023-01-131,P-2023-01-131-2-1,CONDUCTOR,ILESO,MASCULINO,31,TRIMOTO PASAJERO
A-2023-01-131,P-2023-01-131-2-2,PASAJERO,LESIONADO,FEMENINO,58,TRIMOTO PASAJERO
A-2023-01-132,P-2023-01-132-1-1,CONDUCTOR,ILESO,MASCULINO,51,REMOLCADOR
A-2023-01-132,P-2023-01-132-1-2,PEATÓN,FALLECIDO,MASCULINO,25,REMOLCADOR
A-2023-01-133,P-2023-01-133-1-1,CONDUCTOR,ILESO,MASCULINO,54,AUTOMÓVIL
A-2023-01-133,P-2023-01-133-1-2,PEATÓN,FALLECIDO,MASCULINO,3,AUTOMÓVIL
A-2023-01-134,P-2023-01-134-1-1,CONDUCTOR,ILESO,MASCULINO,46,ÓMNIBUS
A-2023-01-134,P-2023-01-134-2-1,CONDUCTOR,FALLECIDO,MASCULINO,21,MOTOCICLETA
A-2023-01-135,P-2023-01-135-1-1,CONDUCTOR,ILESO,MASCULINO,38,CAMIÓN
A-2023-01-135,P-2023-01-135-1-2,PEATÓN,FALLECIDO,MASCULINO,9,CAMIÓN
A-2023-01-135,P-2023-01-135-1-3,PEATÓN,LESIONADO,MASCULINO,14,CAMIÓN
A-2023-01-136,P-2023-01-136-1-1,CONDUCTOR,ILESO,MASCULINO,31,REMOLCADOR-SEMIREMOLQUE
A-2023-01-136,P-2023-01-136-2-1,CONDUCTOR,FALLECIDO,MASCULINO,36,MOTOCICLETA
A-2023-01-137,P-2023-01-137-1-1,CONDUCTOR,ILESO,MASCULINO,40,REMOLCADOR-SEMIREMOLQUE
A-2023-01-137,P-2023-01-137-2-1,CONDUCTOR,FALLECIDO,MASCULINO,38,AUTOMÓVIL
A-2023-01-138,P-2023-01-138-1-1,CONDUCTOR,FALLECIDO,MASCULINO,46,MOTOCICLETA
A-2023-01-139,P-2023-01-139-1-1,CONDUCTOR,ILESO,MASCULINO,45,REMOLCADOR-SEMIREMOLQUE
A-2023-01-139,P-2023-01-139-1-2,PASAJERO,FALLECIDO,MASCULINO,38,REMOLCADOR-SEMIREMOLQUE
A-2023-01-140,P-2023-01-140-1-1,CONDUCTOR,ILESO,MASCULINO,46,AUTOMÓVIL
A-2023-01-140,P-2023-01-140-2-1,CONDUCTOR,FALLECIDO,MASCULINO,25,MOTOCICLETA
A-2023-01-141,P-2023-01-141-1-1,CONDUCTOR FUGADO,NO SE CONOCE,NO INDICA,,VEHICULO NO IDENTIFICADO
A-2023-01-141,P-2023-01-141-1-2,PEATÓN,FALLECIDO,MASCULINO,65,VEHICULO NO IDENTIFICADO
A-2023-01-142,P-2023-01-142-1-1,CONDUCTOR,ILESO,MASCULINO,46,ÓMNIBUS
A-2023-01-142,P-2023-01-142-1-2,PEATÓN,FALLECIDO,FEMENINO,61,ÓMNIBUS
A-2023-01-143,P-2023-01-143-1-1,CONDUCTOR FUGADO,NO SE CONOCE,NO INDICA,,VEHICULO NO IDENTIFICADO
A-2023-01-143,P-2023-01-143-2-1,CONDUCTOR FUGADO,NO SE CONOCE,NO INDICA,,AUTOMÓVIL
A-2023-01-143,P-2023-01-143-2-2,PEATÓN,FALLECIDO,MASCULINO,62,AUTOMÓVIL
A-2023-01-144,P-2023-01-144-1-1,CONDUCTOR,ILESO,MASCULINO,24,AUTOMÓVIL
A-2023-01-144,P-2023-01-144-1-2,PEATÓN,FALLECIDO,MASCULINO,35,AUTOMÓVIL
A-2023-01-144,P-2023-01-144-2-1,CONDUCTOR,ILESO,MASCULINO,34,CAMIONETA RURAL
A-2023-01-144,P-2023-01-144-2-2,PEATÓN,FALLECIDO,MASCULINO,58,CAMIONETA RURAL
A-2023-01-145,P-2023-01-145-1-1,CONDUCTOR,FALLECIDO,FEMENINO,47,MOTOCICLETA
A-2023-01-145,P-2023-01-145-2-1,CONDUCTOR,ILESO,MASCULINO,47,AUTOMÓVIL
A-2023-01-146,P-2023-01-146-1-1,CONDUCTOR,ILESO,MASCULINO,31,AUTOMÓVIL
A-2023-01-146,P-2023-01-146-1-2,PASAJERO,FALLECIDO,FEMENINO,21,AUTOMÓVIL
A-2023-01-146,P-2023-01-146-1-3,PASAJERO,LESIONADO,MASCULINO,19,AUTOMÓVIL
A-2023-01-146,P-2023-01-146-1-4,PASAJERO,LESIONADO,FEMENINO,21,AUTOMÓVIL
A-2023-01-146,P-2023-01-146-1-5,PASAJERO,LESIONADO,FEMENINO,26,AUTOMÓVIL
A-2023-01-146,P-2023-01-146-1-6,PASAJERO,LESIONADO,FEMENINO,19,AUTOMÓVIL
A-2023-01-147,P-2023-01-147-1-1,CONDUCTOR,FALLECIDO,MASCULINO,34,MOTOCICLETA
A-2023-01-148,P-2023-01-148-1-1,CONDUCTOR,ILESO,MASCULINO,26,MOTOCICLETA
A-2023-01-148,P-2023-01-148-1-2,PASAJERO,FALLECIDO,MASCULINO,44,MOTOCICLETA
A-2023-01-149,P-2023-01-149-1-1,CONDUCTOR,ILESO,MASCULINO,36,ÓMNIBUS
A-2023-01-149,P-2023-01-149-1-2,PEATÓN,FALLECIDO,MASCULINO,68,ÓMNIBUS
A-2023-01-150,P-2023-01-150-1-1,CONDUCTOR,FALLECIDO,MASCULINO,24,MOTOCICLETA
A-2023-01-151,P-2023-01-151-1-1,CONDUCTOR,ILESO,MASCULINO,56,STATION WAGON
A-2023-01-151,P-2023-01-151-1-2,PEATÓN,FALLECIDO,MASCULINO,41,STATION WAGON
A-2023-01-152,P-2023-01-152-1-1,CONDUCTOR,ILESO,MASCULINO,44,CAMIONETA PICK UP
A-2023-01-152,P-2023-01-152-1-2,PEATÓN,FALLECIDO,FEMENINO,34,CAMIONETA PICK UP
A-2023-01-153,P-2023-01-153-1-1,CONDUCTOR,LESIONADO,MASCULINO,59,CAMIONETA PICK UP
A-2023-01-153,P-2023-01-153-1-2,PEATÓN,FALLECIDO,FEMENINO,48,CAMIONETA PICK UP
A-2023-01-153,P-2023-01-153-2-1,CONDUCTOR,ILESO,MASCULINO,55,ÓMNIBUS
A-2023-01-153,P-2023-01-153-2-2,PASAJERO,LESIONADO,MASCULINO,15,ÓMNIBUS
A-2023-01-153,P-2023-01-153-2-3,PASAJERO,LESIONADO,MASCULINO,8,ÓMNIBUS
A-2023-01-153,P-2023-01-153-2-4,PASAJERO,LESIONADO,MASCULINO,3,ÓMNIBUS
A-2023-01-153,P-2023-01-153-2-5,PASAJERO,LESIONADO,MASCULINO,35,ÓMNIBUS
A-2023-01-153,P-2023-01-153-2-6,PASAJERO,LESIONADO,FEMENINO,49,ÓMNIBUS
A-2023-01-153,P-2023-01-153-2-7,PASAJERO,LESIONADO,FEMENINO,23,ÓMNIBUS
A-2023-01-153,P-2023-01-153-2-8,PASAJERO,LESIONADO,FEMENINO,29,ÓMNIBUS
A-2023-01-153,P-2023-01-153-2-9,PASAJERO,LESIONADO,MASCULINO,53,ÓMNIBUS
A-2023-01-154,P-2023-01-154-1-1,CONDUCTOR,ILESO,MASCULINO,59,REMOLCADOR-SEMIREMOLQUE
A-2023-01-154,P-2023-01-154-1-2,PEATÓN,FALLECIDO,MASCULINO,73,REMOLCADOR-SEMIREMOLQUE
A-2023-01-155,P-2023-01-155-1-1,CONDUCTOR FUGADO,NO SE CONOCE,NO INDICA,,VEHICULO NO IDENTIFICADO
A-2023-01-155,P-2023-01-155-1-2,PEATÓN,FALLECIDO,MASCULINO,,VEHICULO NO IDENTIFICADO
A-2023-01-156,P-2023-01-156-1-1,CONDUCTOR,ILESO,MASCULINO,19,MOTOCICLETA
A-2023-01-156,P-2023-01-156-1-2,PEATÓN,FALLECIDO,MASCULINO,65,MOTOCICLETA
A-2023-01-157,P-2023-01-157-1-1,CONDUCTOR FUGADO,NO SE CONOCE,NO INDICA,,VEHICULO NO IDENTIFICADO
A-2023-01-157,P-2023-01-157-1-2,PEATÓN,FALLECIDO,FEMENINO,66,VEHICULO NO IDENTIFICADO
A-2023-01-158,P-2023-01-158-1-1,CONDUCTOR,ILESO,MASCULINO,52,CAMIÓN
A-2023-01-158,P-2023-01-158-1-2,PEATÓN,FALLECIDO,MASCULINO,18,CAMIÓN
A-2023-01-159,P-2023-01-159-1-1,CONDUCTOR,ILESO,MASCULINO,42,CAMIONETA RURAL
A-2023-01-159,P-2023-01-159-1-2,PEATÓN,FALLECIDO,MASCULINO,33,CAMIONETA RURAL
A-2023-01-160,P-2023-01-160-1-1,CONDUCTOR FUGADO,NO SE CONOCE,NO INDICA,,VEHICULO NO IDENTIFICADO
A-2023-01-160,P-2023-01-160-1-2,PEATÓN,FALLECIDO,MASCULINO,41,VEHICULO NO IDENTIFICADO
A-2023-01-161,P-2023-01-161-1-1,CONDUCTOR,ILESO,MASCULINO,44,ÓMNIBUS
A-2023-01-161,P-2023-01-161-1-2,PEATÓN,FALLECIDO,MASCULINO,36,ÓMNIBUS
A-2023-01-162,P-2023-01-162-1-1,CONDUCTOR,ILESO,FEMENINO,25,MOTOCICLETA
A-2023-01-162,P-2023-01-162-2-1,CONDUCTOR,FALLECIDO,MASCULINO,63,TRIMOTO PASAJERO
A-2023-01-346,P-2023-01-346-1-1,CONDUCTOR,ILESO,MASCULINO,38,ÓMNIBUS
A-2023-01-346,P-2023-01-346-2-1,CONDUCTOR,FALLECIDO,MASCULINO,58,TRIMOTO PASAJERO
A-2023-01-346,P-2023-01-346-2-2,PASAJERO,LESIONADO,FEMENINO,20,TRIMOTO PASAJERO
A-2023-01-347,P-2023-01-347-1-1,CONDUCTOR,ILESO,MASCULINO,57,AUTOMÓVIL
A-2023-01-347,P-2023-01-347-1-2,PEATÓN,FALLECIDO,MASCULINO,78,AUTOMÓVIL
A-2023-01-348,P-2023-01-348-1-1,CONDUCTOR,ILESO,MASCULINO,63,AUTOMÓVIL
A-2023-01-348,P-2023-01-348-2-1,CONDUCTOR,FALLECIDO,MASCULINO,44,TRIMOTO PASAJERO
A-2023-01-349,P-2023-01-349-1-1,CONDUCTOR,ILESO,MASCULINO,28,MOTOCICLETA
A-2023-01-349,P-2023-01-349-1-2,PEATÓN,FALLECIDO,FEMENINO,58,MOTOCICLETA
A-2023-02-120,P-2023-02-120-1-1,CONDUCTOR,ILESO,MASCULINO,46,REMOLCADOR-SEMIREMOLQUE
A-2023-02-120,P-2023-02-120-2-1,CONDUCTOR,FALLECIDO,MASCULINO,30,BICICLETA
A-2023-02-130,P-2023-02-130-1-1,CONDUCTOR,ILESO,MASCULINO,67,CAMIÓN
A-2023-02-130,P-2023-02-130-1-2,PEATÓN,FALLECIDO,MASCULINO,74,CAMIÓN
A-2023-02-133,P-2023-02-133-1-1,CONDUCTOR,FALLECIDO,MASCULINO,23,MOTOCICLETA
A-2023-02-133,P-2023-02-133-2-1,CONDUCTOR,ILESO,MASCULINO,43,AUTOMÓVIL
A-2023-02-134,P-2023-02-134-1-1,CONDUCTOR,ILESO,MASCULINO,15,REMOLCADOR-SEMIREMOLQUE
A-2023-02-134,P-2023-02-134-2-1,CONDUCTOR,FALLECIDO,MASCULINO,29,MOTOCICLETA
A-2023-02-135,P-2023-02-135-1-1,CONDUCTOR,ILESO,MASCULINO,36,AUTOMÓVIL
A-2023-02-135,P-2023-02-135-1-2,PEATÓN,FALLECIDO,MASCULINO,28,AUTOMÓVIL
A-2023-02-136,P-2023-02-136-1-1,CONDUCTOR,ILESO,MASCULINO,38,AUTOMÓVIL
A-2023-02-136,P-2023-02-136-1-2,PEATÓN,FALLECIDO,MASCULINO,53,AUTOMÓVIL
A-2023-02-137,P-2023-02-137-1-1,CONDUCTOR,ILESO,MASCULINO,25,AUTOMÓVIL
A-2023-02-137,P-2023-02-137-1-2,PEATÓN,FALLECIDO,MASCULINO,55,AUTOMÓVIL
A-2023-02-138,P-2023-02-138-1-1,CONDUCTOR,FALLECIDO,MASCULINO,59,ÓMNIBUS
A-2023-02-138,P-2023-02-138-1-2,PASAJERO,LESIONADO,FEMENINO,25,ÓMNIBUS
A-2023-02-138,P-2023-02-138-2-1,CONDUCTOR,ILESO,MASCULINO,37,AUTOMÓVIL
A-2023-02-139,P-2023-02-139-1-1,CONDUCTOR,FALLECIDO,MASCULINO,61,CAMIÓN
A-2023-02-139,P-2023-02-139-1-2,PASAJERO,LESIONADO,MASCULINO,55,CAMIÓN
A-2023-02-139,P-2023-02-139-1-3,PASAJERO,LESIONADO,MASCULINO,41,CAMIÓN
A-2023-02-140,P-2023-02-140-1-1,CONDUCTOR,FALLECIDO,MASCULINO,31,MOTOCICLETA
A-2023-02-140,P-2023-02-140-2-1,CONDUCTOR,ILESO,MASCULINO,27,CAMIONETA PICK UP
A-2023-02-141,P-2023-02-141-1-1,CONDUCTOR,ILESO,MASCULINO,27,MOTOCICLETA
A-2023-02-141,P-2023-02-141-1-2,PEATÓN,FALLECIDO,MASCULINO,81,MOTOCICLETA
A-2023-02-142,P-2023-02-142-1-1,CONDUCTOR,ILESO,MASCULINO,55,CAMIÓN
A-2023-02-142,P-2023-02-142-1-2,PEATÓN,FALLECIDO,MASCULINO,3,CAMIÓN
A-2023-02-142,P-2023-02-142-1-3,PEATÓN,LESIONADO,FEMENINO,35,CAMIÓN
A-2023-02-142,P-2023-02-142-1-4,PEATÓN,LESIONADO,MASCULINO,47,CAMIÓN
A-2023-02-143,P-2023-02-143-1-1,CONDUCTOR,ILESO,MASCULINO,45,REMOLCADOR-SEMIREMOLQUE
A-2023-02-143,P-2023-02-143-2-1,CONDUCTOR,FALLECIDO,MASCULINO,19,MOTOCICLETA
A-2023-02-144,P-2023-02-144-1-1,CONDUCTOR,ILESO,MASCULINO,42,REMOLCADOR-SEMIREMOLQUE
A-2023-02-144,P-2023-02-144-2-1,CONDUCTOR,ILESO,MASCULINO,41,TRIMOTO PASAJERO
A-2023-02-144,P-2023-02-144-2-2,PASAJERO,FALLECIDO,MASCULINO,58,TRIMOTO PASAJERO
A-2023-02-145,P-2023-02-145-1-1,CONDUCTOR,ILESO,MASCULINO,44,ÓMNIBUS
A-2023-02-145,P-2023-02-145-1-2,PEATÓN,FALLECIDO,MASCULINO,61,ÓMNIBUS
A-2023-02-146,P-2023-02-146-1-1,CONDUCTOR,ILESO,MASCULINO,50,ÓMNIBUS
A-2023-02-146,P-2023-02-146-1-2,PEATÓN,FALLECIDO,FEMENINO,85,ÓMNIBUS
A-2023-02-147,P-2023-02-147-1-1,CONDUCTOR,ILESO,MASCULINO,48,REMOLCADOR-SEMIREMOLQUE
A-2023-02-147,P-2023-02-147-2-1,CONDUCTOR,ILESO,MASCULINO,25,MOTOCICLETA
A-2023-02-147,P-2023-02-147-2-2,PASAJERO,FALLECIDO,FEMENINO,25,MOTOCICLETA
A-2023-02-148,P-2023-02-148-1-1,CONDUCTOR,ILESO,MASCULINO,50,VEHICULO NO IDENTIFICADO
A-2023-02-148,P-2023-02-148-1-2,PEATÓN,FALLECIDO,FEMENINO,83,VEHICULO NO IDENTIFICADO
A-2023-02-149,P-2023-02-149-1-1,CONDUCTOR,ILESO,MASCULINO,46,ÓMNIBUS
A-2023-02-149,P-2023-02-149-1-2,PEATÓN,FALLECIDO,MASCULINO,83,ÓMNIBUS
A-2023-02-150,P-2023-02-150-1-1,CONDUCTOR,FALLECIDO,MASCULINO,34,MOTOCICLETA
A-2023-02-151,P-2023-02-151-1-1,CONDUCTOR,ILESO,MASCULINO,41,ÓMNIBUS
A-2023-02-151,P-2023-02-151-2-1,CONDUCTOR,FALLECIDO,MASCULINO,69,TRIMOTO PASAJERO
A-2023-02-151,P-2023-02-151-2-2,PASAJERO,FALLECIDO,FEMENINO,19,TRIMOTO PASAJERO
A-2023-02-152,P-2023-02-152-1-1,CONDUCTOR,ILESO,MASCULINO,44,CAMIÓN
A-2023-02-152,P-2023-02-152-1-2,PEATÓN,FALLECIDO,MASCULINO,72,CAMIÓN
A-2023-02-153,P-2023-02-153-1-1,CONDUCTOR,ILESO,MASCULINO,40,AUTOMÓVIL
A-2023-02-153,P-2023-02-153-1-2,PEATÓN,FALLECIDO,MASCULINO,74,AUTOMÓVIL
A-2023-03-112,P-2023-03-112-1-1,CONDUCTOR,ILESO,MASCULINO,50,REMOLCADOR-SEMIREMOLQUE
A-2023-03-112,P-2023-03-112-2-1,CONDUCTOR,FALLECIDO,MASCULINO,33,MOTOCICLETA
A-2023-03-126,P-2023-03-126-1-1,CONDUCTOR,ILESO,MASCULINO,37,AUTOMÓVIL
A-2023-03-126,P-2023-03-126-1-2,PEATÓN,FALLECIDO,MASCULINO,40,AUTOMÓVIL
A-2023-03-126,P-2023-03-126-1-3,PEATÓN,LESIONADO,MASCULINO,35,AUTOMÓVIL
A-2023-03-126,P-2023-03-126-1-4,PEATÓN,LESIONADO,MASCULINO,37,AUTOMÓVIL
A-2023-03-131-A,P-2023-03-131-A-1-1,CONDUCTOR FUGADO,NO SE CONOCE,NO INDICA,,CAMIÓN
A-2023-03-131-A,P-2023-03-131-A-1-2,PEATÓN,FALLECIDO,MASCULINO,84,CAMIÓN
A-2023-03-131-B,P-2023-03-131-B-1-1,CONDUCTOR,ILESO,MASCULINO,52,CAMIÓN
A-2023-03-131-B,P-2023-03-131-B-2-1,CONDUCTOR,FALLECIDO,MASCULINO,28,MOTOCICLETA
A-2023-03-132,P-2023-03-132-1-1,CONDUCTOR,FALLECIDO,MASCULINO,33,MOTOCICLETA
A-2023-03-133,P-2023-03-133-1-1,CONDUCTOR,ILESO,MASCULINO,34,ÓMNIBUS
A-2023-03-133,P-2023-03-133-1-2,PASAJERO,FALLECIDO,MASCULINO,76,ÓMNIBUS
A-2023-03-134,P-2023-03-134-1-1,CONDUCTOR,ILESO,MASCULINO,74,AUTOMÓVIL
A-2023-03-134,P-2023-03-134-1-2,PEATÓN,FALLECIDO,MASCULINO,40,AUTOMÓVIL
A-2023-03-135,P-2023-03-135-1-1,CONDUCTOR,ILESO,MASCULINO,33,ÓMNIBUS
A-2023-03-135,P-2023-03-135-1-2,PASAJERO,LESIONADO,MASCULINO,50,ÓMNIBUS
A-2023-03-135,P-2023-03-135-1-3,PASAJERO,LESIONADO,FEMENINO,53,ÓMNIBUS
A-2023-03-135,P-2023-03-135-2-1,CONDUCTOR,FALLECIDO,MASCULINO,31,MOTOCICLETA
A-2023-03-137,P-2023-03-137-1-1,CONDUCTOR,ILESO,MASCULINO,54,ÓMNIBUS
A-2023-03-137,P-2023-03-137-2-1,CONDUCTOR,FALLECIDO,MASCULINO,24,MOTOCICLETA
A-2023-03-138,P-2023-03-138-1-1,CONDUCTOR,ILESO,MASCULINO,45,ÓMNIBUS
A-2023-03-138,P-2023-03-138-2-1,CONDUCTOR,FALLECIDO,MASCULINO,29,MOTOCICLETA
A-2023-03-139,P-2023-03-139-1-1,CONDUCTOR,ILESO,MASCULINO,39,ÓMNIBUS
A-2023-03-139,P-2023-03-139-2-1,CONDUCTOR,FALLECIDO,FEMENINO,37,MOTOCICLETA
A-2023-03-139,P-2023-03-139-2-2,PASAJERO,LESIONADO,FEMENINO,36,MOTOCICLETA
A-2023-03-140,P-2023-03-140-1-1,CONDUCTOR,ILESO,MASCULINO,46,CAMIÓN
A-2023-03-140,P-2023-03-140-1-2,PEATÓN,FALLECIDO,MASCULINO,36,CAMIÓN
A-2023-03-141,P-2023-03-141-1-1,CONDUCTOR,ILESO,MASCULINO,46,AUTOMÓVIL
A-2023-03-141,P-2023-03-141-1-2,PEATÓN,FALLECIDO,MASCULINO,,AUTOMÓVIL
A-2023-03-142,P-2023-03-142-1-1,CONDUCTOR,ILESO,MASCULINO,56,ÓMNIBUS
A-2023-03-142,P-2023-03-142-1-2,PASAJERO,FALLECIDO,MASCULINO,50,ÓMNIBUS
A-2023-03-143,P-2023-03-143-1-1,CONDUCTOR,ILESO,MASCULINO,57,ÓMNIBUS
A-2023-03-143,P-2023-03-143-2-1,CONDUCTOR,ILESO,MASCULINO,26,MOTOCICLETA
A-2023-03-143,P-2023-03-143-2-2,PASAJERO,FALLECIDO,FEMENINO,26,MOTOCICLETA
A-2023-03-144,P-2023-03-144-1-1,CONDUCTOR,FALLECIDO,MASCULINO,29,MOTOCICLETA
A-2023-03-145,P-2023-03-145-1-1,CONDUCTOR,FALLECIDO,MASCULINO,53,CAMIONETA PICK UP
A-2023-03-145,P-2023-03-145-1-2,PASAJERO,LESIONADO,FEMENINO,27,CAMIONETA PICK UP
A-2023-03-145,P-2023-03-145-2-1,CONDUCTOR,ILESO,MASCULINO,41,ÓMNIBUS
A-2023-03-146,P-2023-03-146-1-1,CONDUCTOR,ILESO,MASCULINO,51,ÓMNIBUS
A-2023-03-146,P-2023-03-146-2-1,CONDUCTOR,FALLECIDO,MASCULINO,46,MOTOCICLETA
A-2023-03-146,P-2023-03-146-2-2,PASAJERO,LESIONADO,FEMENINO,30,MOTOCICLETA
A-2023-03-147,P-2023-03-147-1-1,CONDUCTOR FUGADO,NO SE CONOCE,NO INDICA,,VEHICULO NO IDENTIFICADO
A-2023-03-147,P-2023-03-147-1-2,PEATÓN,FALLECIDO,MASCULINO,30,VEHICULO NO IDENTIFICADO
A-2023-03-148,P-2023-03-148-1-1,CONDUCTOR,ILESO,MASCULINO,34,STATION WAGON
A-2023-03-148,P-2023-03-148-1-2,PEATÓN,FALLECIDO,NO INDICA,,STATION WAGON
A-2023-03-149,P-2023-03-149-1-1,CONDUCTOR,ILESO,FEMENINO,49,AUTOMÓVIL
A-2023-03-149,P-2023-03-149-2-1,CONDUCTOR,FALLECIDO,MASCULINO,30,MOTOCICLETA
A-2023-03-150,P-2023-03-150-1-1,CONDUCTOR,FALLECIDO,MASCULINO,24,MOTOCICLETA
A-2023-03-151,P-2023-03-151-1-1,CONDUCTOR,ILESO,MASCULINO,46,CAMIÓN
A-2023-03-151,P-2023-03-151-2-1,CONDUCTOR,LESIONADO,MASCULINO,44,AUTOMÓVIL
A-2023-03-151,P-2023-03-151-2-2,PASAJERO,FALLECIDO,MASCULINO,19,AUTOMÓVIL
A-2023-03-152,P-2023-03-152-1-1,CONDUCTOR,ILESO,MASCULINO,30,CAMIÓN
A-2023-03-152,P-2023-03-152-2-1,CONDUCTOR,FALLECIDO,FEMENINO,26,BICICLETA
A-2023-03-153,P-2023-03-153-1-1,CONDUCTOR,ILESO,MASCULINO,21,MINIBUS
A-2023-03-153,P-2023-03-153-1-2,PASAJERO,FALLECIDO,FEMENINO,18,MINIBUS
A-2023-03-153,P-2023-03-153-1-3,PASAJERO,LESIONADO,MASCULINO,62,MINIBUS
A-2023-03-153,P-2023-03-153-1-4,PASAJERO,LESIONADO,FEMENINO,54,MINIBUS
A-2023-03-153,P-2023-03-153-1-5,PASAJERO,LESIONADO,MASCULINO,27,MINIBUS
A-2023-03-153,P-2023-03-153-1-6,PASAJERO,LESIONADO,MASCULINO,30,MINIBUS
A-2023-03-153,P-2023-03-153-1-7,PASAJERO,LESIONADO,FEMENINO,30,MINIBUS
A-2023-03-153,P-2023-03-153-1-8,PASAJERO,LESIONADO,MASCULINO,36,MINIBUS
A-2023-03-153,P-2023-03-153-2-1,CONDUCTOR,ILESO,MASCULINO,27,CAMIÓN
A-2023-03-154,P-2023-03-154-1-1,CONDUCTOR,FALLECIDO,MASCULINO,28,TRIMOTO PASAJERO
A-2023-03-154,P-2023-03-154-2-1,CONDUCTOR FUGADO,NO SE CONOCE,NO INDICA,,VEHICULO NO IDENTIFICADO
A-2023-03-155,P-2023-03-155-1-1,CONDUCTOR,ILESO,MASCULINO,46,CAMIONETA RURAL
A-2023-03-155,P-2023-03-155-1-2,PEATÓN,FALLECIDO,MASCULINO,36,CAMIONETA RURAL
A-2023-03-156,P-2023-03-156-1-1,CONDUCTOR,ILESO,MASCULINO,55,MINIBUS
A-2023-03-156,P-2023-03-156-1-2,PEATÓN,FALLECIDO,MASCULINO,35,MINIBUS
A-2023-03-157,P-2023-03-157-1-1,CONDUCTOR,LESIONADO,MASCULINO,19,TRIMOTO PASAJERO
A-2023-03-157,P-2023-03-157-1-2,PASAJERO,FALLECIDO,MASCULINO,12,TRIMOTO PASAJERO
A-2023-03-157,P-2023-03-157-2-1,CONDUCTOR,ILESO,MASCULINO,40,CAMIONETA RURAL
A-2023-03-157,P-2023-03-157-2-2,PASAJERO,LESIONADO,MASCULINO,26,CAMIONETA RURAL
A-2023-03-157,P-2023-03-157-2-3,PASAJERO,LESIONADO,MASCULINO,8,CAMIONETA RURAL
A-2023-03-157,P-2023-03-157-2-4,PASAJERO,LESIONADO,MASCULINO,4,CAMIONETA RURAL
A-2023-03-157,P-2023-03-157-2-5,PASAJERO,LESIONADO,FEMENINO,23,CAMIONETA RURAL
A-2023-03-157,P-2023-03-157-2-6,PASAJERO,LESIONADO,FEMENINO,25,CAMIONETA RURAL
A-2023-03-158,P-2023-03-158-1-1,CONDUCTOR,ILESO,MASCULINO,53,REMOLCADOR-SEMIREMOLQUE
A-2023-03-158,P-2023-03-158-2-1,CONDUCTOR,ILESO,MASCULINO,33,MOTOCICLETA
A-2023-03-158,P-2023-03-158-2-2,PASAJERO,FALLECIDO,FEMENINO,25,MOTOCICLETA
A-2023-03-159,P-2023-03-159-1-1,CONDUCTOR,ILESO,MASCULINO,47,REMOLCADOR-SEMIREMOLQUE
A-2023-03-159,P-2023-03-159-1-2,PEATÓN,FALLECIDO,MASCULINO,25,REMOLCADOR-SEMIREMOLQUE
A-2023-03-179,P-2023-03-179-1-1,CONDUCTOR,ILESO,MASCULINO,23,MOTOCICLETA
A-2023-03-179,P-2023-03-179-1-2,PEATÓN,FALLECIDO,MASCULINO,59,MOTOCICLETA
A-2023-04-113,P-2023-04-113-1-1,CONDUCTOR,FALLECIDO,MASCULINO,24,MOTOCICLETA
A-2023-04-113,P-2023-04-113-2-1,SIN CONDUCTOR,NO SE CONOCE,NO INDICA,,REMOLCADOR
A-2023-04-121,P-2023-04-121-1-1,CONDUCTOR,ILESO,MASCULINO,26,CAMIONETA PANEL
A-2023-04-121,P-2023-04-121-1-2,PEATÓN,FALLECIDO,FEMENINO,66,CAMIONETA PANEL
A-2023-04-122,P-2023-04-122-1-1,CONDUCTOR,ILESO,MASCULINO,33,MOTOCICLETA
A-2023-04-122,P-2023-04-122-1-2,PASAJERO,FALLECIDO,FEMENINO,24,MOTOCICLETA
A-2023-04-123,P-2023-04-123-1-1,CONDUCTOR,NO SE CONOCE,MASCULINO,42,AUTOMÓVIL
A-2023-04-123,P-2023-04-123-1-2,PASAJERO,FALLECIDO,FEMENINO,88,AUTOMÓVIL
A-2023-04-123,P-2023-04-123-1-3,PASAJERO,FALLECIDO,MASCULINO,67,AUTOMÓVIL
A-2023-04-123,P-2023-04-123-1-4,PASAJERO,LESIONADO,MASCULINO,49,AUTOMÓVIL
A-2023-04-124,P-2023-04-124-1-1,CONDUCTOR,ILESO,MASCULINO,26,MOTOCICLETA
A-2023-04-124,P-2023-04-124-1-2,PEATÓN,FALLECIDO,FEMENINO,71,MOTOCICLETA
A-2023-04-124,P-2023-04-124-1-3,PEATÓN,LESIONADO,MASCULINO,43,MOTOCICLETA
A-2023-04-125,P-2023-04-125-1-1,CONDUCTOR,ILESO,MASCULINO,40,CAMIONETA RURAL
A-2023-04-125,P-2023-04-125-1-10,PASAJERO,LESIONADO,MASCULINO,66,CAMIONETA RURAL
A-2023-04-125,P-2023-04-125-1-11,PASAJERO,LESIONADO,MASCULINO,52,CAMIONETA RURAL
A-2023-04-125,P-2023-04-125-1-2,PASAJERO,FALLECIDO,FEMENINO,58,CAMIONETA RURAL
A-2023-04-125,P-2023-04-125-1-3,PASAJERO,LESIONADO,MASCULINO,42,CAMIONETA RURAL
A-2023-04-125,P-2023-04-125-1-4,PASAJERO,LESIONADO,MASCULINO,32,CAMIONETA RURAL
A-2023-04-125,P-2023-04-125-1-5,PASAJERO,LESIONADO,FEMENINO,56,CAMIONETA RURAL
A-2023-04-125,P-2023-04-125-1-6,PASAJERO,LESIONADO,FEMENINO,53,CAMIONETA RURAL
A-2023-04-125,P-2023-04-125-1-7,PASAJERO,LESIONADO,FEMENINO,67,CAMIONETA RURAL
A-2023-04-125,P-2023-04-125-1-8,PASAJERO,LESIONADO,FEMENINO,25,CAMIONETA RURAL
A-2023-04-125,P-2023-04-125-1-9,PASAJERO,LESIONADO,MASCULINO,56,CAMIONETA RURAL
A-2023-04-125,P-2023-04-125-2-1,CONDUCTOR,ILESO,MASCULINO,20,CAMIONETA PANEL
A-2023-04-126,P-2023-04-126-1-1,CONDUCTOR,ILESO,MASCULINO,39,AUTOMÓVIL
A-2023-04-126,P-2023-04-126-1-2,PEATÓN,FALLECIDO,MASCULINO,,AUTOMÓVIL
A-2023-04-127,P-2023-04-127-1-1,CONDUCTOR,ILESO,FEMENINO,44,TRIMOTO PASAJERO
A-2023-04-127,P-2023-04-127-1-2,PEATÓN,FALLECIDO,FEMENINO,61,TRIMOTO PASAJERO
A-2023-04-127,P-2023-04-127-2-1,CONDUCTOR,ILESO,MASCULINO,35,TRIMOTO PASAJERO
A-2023-04-127,P-2023-04-127-2-2,PEATÓN,FALLECIDO,MASCULINO,62,TRIMOTO PASAJERO
A-2023-04-128,P-2023-04-128-1-1,CONDUCTOR,ILESO,MASCULINO,65,MOTOCICLETA
A-2023-04-128,P-2023-04-128-1-2,PASAJERO,FALLECIDO,FEMENINO,53,MOTOCICLETA
A-2023-04-129,P-2023-04-129-1-1,CONDUCTOR,ILESO,MASCULINO,37,AUTOMÓVIL
A-2023-04-129,P-2023-04-129-1-2,PEATÓN,FALLECIDO,FEMENINO,77,AUTOMÓVIL
A-2023-04-131,P-2023-04-131-1-1,CONDUCTOR FUGADO,NO SE CONOCE,NO INDICA,,VEHICULO NO IDENTIFICADO
A-2023-04-131,P-2023-04-131-1-2,PEATÓN,FALLECIDO,MASCULINO,28,VEHICULO NO IDENTIFICADO
A-2023-04-132,P-2023-04-132-1-1,CONDUCTOR FUGADO,NO SE CONOCE,NO INDICA,,VEHICULO NO IDENTIFICADO
A-2023-04-132,P-2023-04-132-1-2,PEATÓN,FALLECIDO,MASCULINO,,VEHICULO NO IDENTIFICADO
A-2023-04-133,P-2023-04-133-1-1,CONDUCTOR,ILESO,MASCULINO,53,CAMIÓN
A-2023-04-133,P-2023-04-133-1-2,PASAJERO,FALLECIDO,MASCULINO,49,CAMIÓN
A-2023-04-134,P-2023-04-134-1-1,CONDUCTOR,ILESO,MASCULINO,35,CAMIÓN
A-2023-04-134,P-2023-04-134-1-2,PEATÓN,FALLECIDO,FEMENINO,42,CAMIÓN
A-2023-04-134,P-2023-04-134-2-1,SIN CONDUCTOR,NO SE CONOCE,NO INDICA,,AUTOMÓVIL
A-2023-04-135,P-2023-04-135-1-1,CONDUCTOR,ILESO,MASCULINO,49,CAMIONETA PANEL
A-2023-04-135,P-2023-04-135-1-2,PEATÓN,FALLECIDO,FEMENINO,76,CAMIONETA PANEL
A-2023-04-136,P-2023-04-136-1-1,CONDUCTOR,ILESO,MASCULINO,32,AUTOMÓVIL
A-2023-04-136,P-2023-04-136-2-1,CONDUCTOR,FALLECIDO,MASCULINO,72,BICICLETA
A-2023-04-137,P-2023-04-137-1-1,CONDUCTOR,ILESO,MASCULINO,34,AUTOMÓVIL
A-2023-04-137,P-2023-04-137-1-2,PEATÓN,FALLECIDO,FEMENINO,62,AUTOMÓVIL
A-2023-04-138,P-2023-04-138-1-1,CONDUCTOR,ILESO,MASCULINO,37,ÓMNIBUS
A-2023-04-138,P-2023-04-138-1-2,PEATÓN,FALLECIDO,FEMENINO,43,ÓMNIBUS
A-2023-04-139,P-2023-04-139-1-1,CONDUCTOR,ILESO,MASCULINO,18,AUTOMÓVIL
A-2023-04-139,P-2023-04-139-1-2,PEATÓN,FALLECIDO,MASCULINO,,AUTOMÓVIL
A-2023-04-140,P-2023-04-140-1-1,CONDUCTOR FUGADO,NO SE CONOCE,NO INDICA,,VEHICULO NO IDENTIFICADO
A-2023-04-140,P-2023-04-140-1-2,PEATÓN,FALLECIDO,FEMENINO,89,VEHICULO NO IDENTIFICADO
A-2023-04-140,P-2023-04-140-1-3,PEATÓN,LESIONADO,FEMENINO,75,VEHICULO NO IDENTIFICADO
A-2023-04-141,P-2023-04-141-1-1,CONDUCTOR,ILESO,MASCULINO,43,ÓMNIBUS
A-2023-04-141,P-2023-04-141-1-2,PEATÓN,FALLECIDO,MASCULINO,1,ÓMNIBUS
A-2023-04-142,P-2023-04-142-1-1,CONDUCTOR FUGADO,NO SE CONOCE,NO INDICA,,VEHICULO NO IDENTIFICADO
A-2023-04-142,P-2023-04-142-1-2,PEATÓN,FALLECIDO,MASCULINO,,VEHICULO NO IDENTIFICADO
A-2023-04-143,P-2023-04-143-1-1,CONDUCTOR FUGADO,NO SE CONOCE,NO INDICA,,VEHICULO NO IDENTIFICADO
A-2023-04-143,P-2023-04-143-1-2,PEATÓN,FALLECIDO,MASCULINO,61,VEHICULO NO IDENTIFICADO
A-2023-04-144,P-2023-04-144-1-1,CONDUCTOR,ILESO,MASCULINO,33,CAMIÓN
A-2023-04-144,P-2023-04-144-1-2,PEATÓN,FALLECIDO,MASCULINO,24,CAMIÓN
A-2023-04-145,P-2023-04-145-1-1,CONDUCTOR,ILESO,MASCULINO,32,CAMIONETA RURAL
A-2023-04-145,P-2023-04-145-2-1,CONDUCTOR,FALLECIDO,MASCULINO,25,MOTOCICLETA
A-2023-04-146,P-2023-04-146-1-1,CONDUCTOR,ILESO,MASCULINO,19,MOTOCICLETA
A-2023-04-146,P-2023-04-146-1-2,PEATÓN,FALLECIDO,FEMENINO,71,MOTOCICLETA
A-2023-04-147,P-2023-04-147-1-1,CONDUCTOR,FALLECIDO,FEMENINO,48,MOTOCICLETA
A-2023-04-147,P-2023-04-147-2-1,CONDUCTOR FUGADO,NO SE CONOCE,NO INDICA,,VEHICULO NO IDENTIFICADO
A-2023-04-148,P-2023-04-148-1-1,CONDUCTOR,ILESO,MASCULINO,33,CAMIÓN
A-2023-04-148,P-2023-04-148-1-2,PEATÓN,FALLECIDO,MASCULINO,30,CAMIÓN
A-2023-04-149,P-2023-04-149-1-1,CONDUCTOR FUGADO,NO SE CONOCE,NO INDICA,,VEHICULO NO IDENTIFICADO
A-2023-04-149,P-2023-04-149-1-2,PEATÓN,FALLECIDO,MASCULINO,,VEHICULO NO IDENTIFICADO
A-2023-04-150,P-2023-04-150-1-1,CONDUCTOR,ILESO,MASCULINO,46,CAMIÓN
A-2023-04-150,P-2023-04-150-1-2,PEATÓN,FALLECIDO,MASCULINO,27,CAMIÓN
A-2023-04-151,P-2023-04-151-1-1,CONDUCTOR,FALLECIDO,MASCULINO,29,MOTOCICLETA
A-2023-04-151,P-2023-04-151-1-2,PASAJERO,LESIONADO,FEMENINO,25,MOTOCICLETA
A-2023-04-152,P-2023-04-152-1-1,CONDUCTOR,ILESO,MASCULINO,33,AUTOMÓVIL
A-2023-04-152,P-2023-04-152-1-2,PEATÓN,FALLECIDO,MASCULINO,55,AUTOMÓVIL
A-2023-04-153,P-2023-04-153-1-1,CONDUCTOR,ILESO,MASCULINO,52,CAMIONETA RURAL
A-2023-04-153,P-2023-04-153-1-2,PEATÓN,FALLECIDO,NO INDICA,,CAMIONETA RURAL
A-2023-04-154,P-2023-04-154-1-1,CONDUCTOR,FALLECIDO,MASCULINO,30,MOTOCICLETA
A-2023-04-155,P-2023-04-155-1-1,CONDUCTOR,ILESO,MASCULINO,30,CAMIÓN
A-2023-04-155,P-2023-04-155-1-2,PEATÓN,FALLECIDO,MASCULINO,64,CAMIÓN
A-2023-04-156,P-2023-04-156-1-1,CONDUCTOR,FALLECIDO,MASCULINO,28,TRIMOTO PASAJERO
A-2023-04-156,P-2023-04-156-2-1,CONDUCTOR,ILESO,MASCULINO,40,CAMIÓN
A-2023-04-157,P-2023-04-157-1-1,CONDUCTOR,ILESO,MASCULINO,52,ÓMNIBUS
A-2023-04-157,P-2023-04-157-1-2,PEATÓN,FALLECIDO,FEMENINO,74,ÓMNIBUS
A-2023-04-170,P-2023-04-170-1-1,CONDUCTOR,FALLECIDO,MASCULINO,26,MOTOCICLETA
A-2023-04-171,P-2023-04-171-1-1,CONDUCTOR,ILESO,MASCULINO,43,CAMIONETA RURAL
A-2023-04-171,P-2023-04-171-1-2,PEATÓN,FALLECIDO,NO INDICA,,CAMIONETA RURAL
A-2023-04-185,P-2023-04-185-1-1,CONDUCTOR,FALLECIDO,MASCULINO,0,MOTOCICLETA
A-2023-04-21,P-2023-04-21-1-1,CONDUCTOR,ILESO,MASCULINO,40,CAMIÓN
A-2023-04-21,P-2023-04-21-2-1,CONDUCTOR,FALLECIDO,MASCULINO,30,MOTOCICLETA ELECTRICA
A-2023-04-8,P-2023-04-8-1-1,CONDUCTOR,ILESO,MASCULINO,41,STATION WAGON
A-2023-04-8,P-2023-04-8-1-2,PEATÓN,FALLECIDO,FEMENINO,74,STATION WAGON
A-2023-05-10,P-2023-05-10-1-1,CONDUCTOR FUGADO,NO SE CONOCE,NO INDICA,,VEHICULO NO IDENTIFICADO
A-2023-05-10,P-2023-05-10-1-2,PEATÓN,FALLECIDO,MASCULINO,29,VEHICULO NO IDENTIFICADO
A-2023-05-107,P-2023-05-107-1-1,CONDUCTOR,ILESO,MASCULINO,38,MINIBUS
A-2023-05-107,P-2023-05-107-1-2,PASAJERO,FALLECIDO,FEMENINO,39,MINIBUS
A-2023-05-107,P-2023-05-107-1-3,PASAJERO,LESIONADO,FEMENINO,58,MINIBUS
A-2023-05-107,P-2023-05-107-1-4,PASAJERO,LESIONADO,MASCULINO,40,MINIBUS
A-2023-05-112,P-2023-05-112-1-1,CONDUCTOR,FALLECIDO,MASCULINO,53,AUTOMÓVIL
A-2023-05-112,P-2023-05-112-1-2,PASAJERO,LESIONADO,FEMENINO,63,AUTOMÓVIL
A-2023-05-113,P-2023-05-113-1-1,CONDUCTOR,ILESO,MASCULINO,24,MOTOCICLETA
A-2023-05-113,P-2023-05-113-1-2,PEATÓN,FALLECIDO,MASCULINO,42,MOTOCICLETA
A-2023-05-114,P-2023-05-114-1-1,CONDUCTOR,ILESO,MASCULINO,34,MINIBUS
A-2023-05-114,P-2023-05-114-1-2,PEATÓN,FALLECIDO,MASCULINO,49,MINIBUS
A-2023-05-115,P-2023-05-115-1-1,CONDUCTOR,ILESO,MASCULINO,35,ÓMNIBUS
A-2023-05-115,P-2023-05-115-1-2,PEATÓN,FALLECIDO,MASCULINO,29,ÓMNIBUS
A-2023-05-116,P-2023-05-116-1-1,CONDUCTOR,ILESO,MASCULINO,22,CAMIÓN
A-2023-05-116,P-2023-05-116-1-2,PEATÓN,FALLECIDO,MASCULINO,2,CAMIÓN
A-2023-05-117,P-2023-05-117-1-1,CONDUCTOR,ILESO,MASCULINO,63,CAMIONETA PICK UP
A-2023-05-117,P-2023-05-117-1-2,PASAJERO,FALLECIDO,FEMENINO,11,CAMIONETA PICK UP
A-2023-05-118,P-2023-05-118-1-1,CONDUCTOR,ILESO,MASCULINO,63,MINIBUS
A-2023-05-118,P-2023-05-118-1-2,PEATÓN,FALLECIDO,FEMENINO,35,MINIBUS
A-2023-05-119,P-2023-05-119-1-1,CONDUCTOR,ILESO,MASCULINO,34,AUTOMÓVIL
A-2023-05-119,P-2023-05-119-2-1,CONDUCTOR,FALLECIDO,MASCULINO,54,AUTOMÓVIL
A-2023-05-120,P-2023-05-120-1-1,CONDUCTOR,ILESO,MASCULINO,42,AUTOMÓVIL
A-2023-05-120,P-2023-05-120-2-1,CONDUCTOR,FALLECIDO,MASCULINO,21,MOTOCICLETA
A-2023-05-121,P-2023-05-121-1-1,CONDUCTOR,ILESO,MASCULINO,40,REMOLCADOR-SEMIREMOLQUE
A-2023-05-121,P-2023-05-121-2-1,CONDUCTOR,LESIONADO,MASCULINO,22,AUTOMÓVIL
A-2023-05-121,P-2023-05-121-2-2,PASAJERO,FALLECIDO,MASCULINO,18,AUTOMÓVIL
A-2023-05-121,P-2023-05-121-2-3,PASAJERO,LESIONADO,MASCULINO,,AUTOMÓVIL
A-2023-05-122,P-2023-05-122-1-1,CONDUCTOR FUGADO,NO SE CONOCE,NO INDICA,,VEHICULO NO IDENTIFICADO
A-2023-05-122,P-2023-05-122-1-2,PEATÓN,FALLECIDO,MASCULINO,,VEHICULO NO IDENTIFICADO
A-2023-05-123,P-2023-05-123-1-1,CONDUCTOR,ILESO,MASCULINO,36,MINIBUS
A-2023-05-123,P-2023-05-123-2-1,CONDUCTOR,FALLECIDO,MASCULINO,22,TRIMOTO PASAJERO
A-2023-05-124,P-2023-05-124-1-1,CONDUCTOR,ILESO,MASCULINO,34,REMOLCADOR-SEMIREMOLQUE
A-2023-05-124,P-2023-05-124-1-2,PEATÓN,FALLECIDO,FEMENINO,,REMOLCADOR-SEMIREMOLQUE
A-2023-05-125,P-2023-05-125-1-1,CONDUCTOR,FALLECIDO,MASCULINO,24,MOTOCICLETA
A-2023-05-125,P-2023-05-125-2-1,CONDUCTOR,ILESO,MASCULINO,60,AUTOMÓVIL
A-2023-05-126,P-2023-05-126-1-1,CONDUCTOR,ILESO,MASCULINO,31,AUTOMÓVIL
A-2023-05-126,P-2023-05-126-1-2,PEATÓN,FALLECIDO,MASCULINO,,AUTOMÓVIL
A-2023-05-127,P-2023-05-127-1-1,CONDUCTOR,FALLECIDO,MASCULINO,22,MOTOCICLETA
A-2023-05-128,P-2023-05-128-1-1,CONDUCTOR FUGADO,NO SE CONOCE,NO INDICA,,VEHICULO NO IDENTIFICADO
A-2023-05-128,P-2023-05-128-1-2,PEATÓN,FALLECIDO,MASCULINO,27,VEHICULO NO IDENTIFICADO
A-2023-05-129,P-2023-05-129-1-1,CONDUCTOR,ILESO,MASCULINO,42,AUTOMÓVIL
A-2023-05-129,P-2023-05-129-1-2,PEATÓN,FALLECIDO,FEMENINO,54,AUTOMÓVIL
A-2023-05-130,P-2023-05-130-1-1,CONDUCTOR,ILESO,MASCULINO,42,AUTOMÓVIL
A-2023-05-130,P-2023-05-130-1-2,PEATÓN,FALLECIDO,FEMENINO,68,AUTOMÓVIL
A-2023-05-131,P-2023-05-131-1-1,CONDUCTOR,ILESO,MASCULINO,52,AUTOMÓVIL
A-2023-05-131,P-2023-05-131-1-2,PEATÓN,FALLECIDO,MASCULINO,84,AUTOMÓVIL
A-2023-05-131,P-2023-05-131-1-3,PEATÓN,LESIONADO,FEMENINO,57,AUTOMÓVIL
A-2023-05-132,P-2023-05-132-1-1,CONDUCTOR,ILESO,FEMENINO,49,CAMIONETA RURAL
A-2023-05-132,P-2023-05-132-1-2,PEATÓN,FALLECIDO,MASCULINO,,CAMIONETA RURAL
A-2023-05-133,P-2023-05-133-1-1,CONDUCTOR,FALLECIDO,MASCULINO,30,OTRO
A-2023-05-134,P-2023-05-134-1-1,CONDUCTOR,ILESO,MASCULINO,52,REMOLCADOR-SEMIREMOLQUE
A-2023-05-134,P-2023-05-134-2-1,CONDUCTOR,FALLECIDO,MASCULINO,32,MOTOCICLETA
A-2023-05-135,P-2023-05-135-1-1,CONDUCTOR FUGADO,NO SE CONOCE,NO INDICA,,VEHICULO NO IDENTIFICADO
A-2023-05-135,P-2023-05-135-1-2,PEATÓN,FALLECIDO,MASCULINO,35,VEHICULO NO IDENTIFICADO
A-2023-05-136,P-2023-05-136-1-1,CONDUCTOR,ILESO,MASCULINO,42,REMOLCADOR-SEMIREMOLQUE
A-2023-05-136,P-2023-05-136-2-1,CONDUCTOR,FALLECIDO,MASCULINO,66,ÓMNIBUS
A-2023-05-136,P-2023-05-136-2-10,PASAJERO,LESIONADO,MASCULINO,49,ÓMNIBUS
A-2023-05-136,P-2023-05-136-2-11,PASAJERO,LESIONADO,FEMENINO,53,ÓMNIBUS
A-2023-05-136,P-2023-05-136-2-12,PASAJERO,LESIONADO,FEMENINO,50,ÓMNIBUS
A-2023-05-136,P-2023-05-136-2-13,PASAJERO,LESIONADO,FEMENINO,11,ÓMNIBUS
A-2023-05-136,P-2023-05-136-2-14,PASAJERO,LESIONADO,FEMENINO,77,ÓMNIBUS
A-2023-05-136,P-2023-05-136-2-15,PASAJERO,LESIONADO,MASCULINO,87,ÓMNIBUS
A-2023-05-136,P-2023-05-136-2-16,PASAJERO,LESIONADO,FEMENINO,57,ÓMNIBUS
A-2023-05-136,P-2023-05-136-2-17,PASAJERO,LESIONADO,MASCULINO,47,ÓMNIBUS
A-2023-05-136,P-2023-05-136-2-18,PASAJERO,LESIONADO,MASCULINO,32,ÓMNIBUS
A-2023-05-136,P-2023-05-136-2-19,PASAJERO,LESIONADO,MASCULINO,41,ÓMNIBUS
A-2023-05-136,P-2023-05-136-2-2,PASAJERO,LESIONADO,FEMENINO,29,ÓMNIBUS
A-2023-05-136,P-2023-05-136-2-20,PASAJERO,LESIONADO,MASCULINO,41,ÓMNIBUS
A-2023-05-136,P-2023-05-136-2-21,PASAJERO,LESIONADO,FEMENINO,23,ÓMNIBUS
A-2023-05-136,P-2023-05-136-2-22,PASAJERO,LESIONADO,FEMENINO,50,ÓMNIBUS
A-2023-05-136,P-2023-05-136-2-23,PASAJERO,LESIONADO,MASCULINO,33,ÓMNIBUS
A-2023-05-136,P-2023-05-136-2-24,PASAJERO,LESIONADO,FEMENINO,35,ÓMNIBUS
A-2023-05-136,P-2023-05-136-2-25,PASAJERO,LESIONADO,MASCULINO,22,ÓMNIBUS
A-2023-05-136,P-2023-05-136-2-3,PASAJERO,LESIONADO,FEMENINO,65,ÓMNIBUS
A-2023-05-136,P-2023-05-136-2-4,PASAJERO,LESIONADO,FEMENINO,45,ÓMNIBUS
A-2023-05-136,P-2023-05-136-2-5,PASAJERO,LESIONADO,FEMENINO,44,ÓMNIBUS
A-2023-05-136,P-2023-05-136-2-6,PASAJERO,LESIONADO,FEMENINO,22,ÓMNIBUS
A-2023-05-136,P-2023-05-136-2-7,PASAJERO,LESIONADO,MASCULINO,4,ÓMNIBUS
A-2023-05-136,P-2023-05-136-2-8,PASAJERO,LESIONADO,MASCULINO,64,ÓMNIBUS
A-2023-05-136,P-2023-05-136-2-9,PASAJERO,LESIONADO,FEMENINO,38,ÓMNIBUS
A-2023-05-137,P-2023-05-137-1-1,CONDUCTOR,ILESO,MASCULINO,37,STATION WAGON
A-2023-05-137,P-2023-05-137-2-1,CONDUCTOR,ILESO,MASCULINO,23,MOTOCICLETA
A-2023-05-137,P-2023-05-137-2-2,PASAJERO,FALLECIDO,FEMENINO,23,MOTOCICLETA
A-2023-05-138,P-2023-05-138-1-1,CONDUCTOR,ILESO,MASCULINO,24,MOTOCICLETA
A-2023-05-138,P-2023-05-138-1-2,PEATÓN,FALLECIDO,MASCULINO,48,MOTOCICLETA
A-2023-05-139,P-2023-05-139-1-1,CONDUCTOR,ILESO,MASCULINO,31,OTRO
A-2023-05-139,P-2023-05-139-1-2,PEATÓN,FALLECIDO,MASCULINO,74,OTRO
A-2023-05-140,P-2023-05-140-1-1,CONDUCTOR,ILESO,MASCULINO,25,AUTOMÓVIL
A-2023-05-140,P-2023-05-140-1-2,PEATÓN,FALLECIDO,MASCULINO,41,AUTOMÓVIL
A-2023-05-154,P-2023-05-154-1-1,CONDUCTOR,ILESO,MASCULINO,37,CAMIÓN
A-2023-05-154,P-2023-05-154-1-2,PEATÓN,FALLECIDO,MASCULINO,,CAMIÓN
A-2023-05-155,P-2023-05-155-1-1,CONDUCTOR,ILESO,FEMENINO,40,AUTOMÓVIL
A-2023-05-155,P-2023-05-155-2-1,CONDUCTOR,FALLECIDO,MASCULINO,22,MOTOCICLETA
A-2023-05-173,P-2023-05-173-1-1,CONDUCTOR,ILESO,MASCULINO,36,CAMIÓN
A-2023-05-173,P-2023-05-173-1-2,PEATÓN,FALLECIDO,MASCULINO,81,CAMIÓN
A-2023-05-174,P-2023-05-174-1-1,CONDUCTOR,ILESO,FEMENINO,40,AUTOMÓVIL
A-2023-05-174,P-2023-05-174-2-1,CONDUCTOR,FALLECIDO,MASCULINO,30,MOTOCICLETA
A-2023-06-114,P-2023-06-114-1-1,CONDUCTOR,ILESO,MASCULINO,57,AUTOMÓVIL
A-2023-06-114,P-2023-06-114-1-2,PASAJERO,FALLECIDO,FEMENINO,34,AUTOMÓVIL
A-2023-06-114,P-2023-06-114-1-3,PASAJERO,LESIONADO,FEMENINO,85,AUTOMÓVIL
A-2023-06-115,P-2023-06-115-1-1,CONDUCTOR,FALLECIDO,NO INDICA,,AUTOMÓVIL
A-2023-06-115,P-2023-06-115-1-2,PASAJERO,LESIONADO,MASCULINO,29,AUTOMÓVIL
A-2023-06-115,P-2023-06-115-2-1,CONDUCTOR,ILESO,MASCULINO,40,REMOLCADOR-SEMIREMOLQUE
A-2023-06-116,P-2023-06-116-1-1,CONDUCTOR,ILESO,MASCULINO,27,CAMIONETA RURAL
A-2023-06-116,P-2023-06-116-1-2,PEATÓN,FALLECIDO,MASCULINO,85,CAMIONETA RURAL
A-2023-06-117,P-2023-06-117-1-1,CONDUCTOR,ILESO,MASCULINO,26,TRIMOTO PASAJERO
A-2023-06-117,P-2023-06-117-1-2,PEATÓN,FALLECIDO,MASCULINO,66,TRIMOTO PASAJERO
A-2023-06-118,P-2023-06-118-1-1,CONDUCTOR FUGADO,NO SE CONOCE,NO INDICA,,VEHICULO NO IDENTIFICADO
A-2023-06-118,P-2023-06-118-1-2,PEATÓN,FALLECIDO,MASCULINO,,VEHICULO NO IDENTIFICADO
A-2023-06-119,P-2023-06-119-1-1,CONDUCTOR FUGADO,NO SE CONOCE,NO INDICA,,VEHICULO NO IDENTIFICADO
A-2023-06-119,P-2023-06-119-1-2,PEATÓN,FALLECIDO,MASCULINO,,VEHICULO NO IDENTIFICADO
A-2023-06-120,P-2023-06-120-1-1,CONDUCTOR,ILESO,MASCULINO,39,REMOLCADOR-SEMIREMOLQUE
A-2023-06-120,P-2023-06-120-2-1,CONDUCTOR,FALLECIDO,MASCULINO,49,AUTOMÓVIL
A-2023-06-121,P-2023-06-121-1-1,CONDUCTOR,ILESO,MASCULINO,41,MINIBUS
A-2023-06-121,P-2023-06-121-1-2,PASAJERO,FALLECIDO,MASCULINO,18,MINIBUS
A-2023-06-122,P-2023-06-122-1-1,CONDUCTOR,ILESO,MASCULINO,29,AUTOMÓVIL
A-2023-06-122,P-2023-06-122-1-2,PEATÓN,FALLECIDO,MASCULINO,7,AUTOMÓVIL
A-2023-06-122,P-2023-06-122-1-3,PEATÓN,LESIONADO,MASCULINO,6,AUTOMÓVIL
A-2023-06-123,P-2023-06-123-1-1,CONDUCTOR,FALLECIDO,MASCULINO,43,AUTOMÓVIL
A-2023-06-123,P-2023-06-123-1-2,PASAJERO,FALLECIDO,FEMENINO,45,AUTOMÓVIL
A-2023-06-123,P-2023-06-123-1-3,PASAJERO,LESIONADO,FEMENINO,68,AUTOMÓVIL
A-2023-06-123,P-2023-06-123-2-1,CONDUCTOR,ILESO,MASCULINO,50,REMOLCADOR
A-2023-06-124,P-2023-06-124-1-1,CONDUCTOR,ILESO,MASCULINO,48,MINIBUS
A-2023-06-124,P-2023-06-124-1-2,PEATÓN,FALLECIDO,MASCULINO,89,MINIBUS
A-2023-06-125,P-2023-06-125-1-1,CONDUCTOR,FALLECIDO,MASCULINO,23,MOTOCICLETA
A-2023-06-126,P-2023-06-126-1-1,CONDUCTOR,ILESO,MASCULINO,46,AUTOMÓVIL
A-2023-06-126,P-2023-06-126-1-2,PEATÓN,FALLECIDO,FEMENINO,55,AUTOMÓVIL
A-2023-06-127,P-2023-06-127-1-1,CONDUCTOR,ILESO,MASCULINO,38,ÓMNIBUS
A-2023-06-127,P-2023-06-127-2-1,CONDUCTOR,FALLECIDO,FEMENINO,78,AUTOMÓVIL
A-2023-06-127,P-2023-06-127-2-2,PASAJERO,FALLECIDO,FEMENINO,94,AUTOMÓVIL
A-2023-06-128,P-2023-06-128-1-1,CONDUCTOR,ILESO,MASCULINO,41,ÓMNIBUS
A-2023-06-128,P-2023-06-128-1-2,PASAJERO,LESIONADO,MASCULINO,27,ÓMNIBUS
A-2023-06-128,P-2023-06-128-2-1,CONDUCTOR,FALLECIDO,MASCULINO,46,CAMIÓN
A-2023-06-129,P-2023-06-129-1-1,CONDUCTOR,ILESO,MASCULINO,28,AUTOMÓVIL
A-2023-06-129,P-2023-06-129-1-2,PEATÓN,FALLECIDO,FEMENINO,39,AUTOMÓVIL
A-2023-06-131,P-2023-06-131-1-1,CONDUCTOR FUGADO,NO SE CONOCE,NO INDICA,,CAMIONETA RURAL
A-2023-06-131,P-2023-06-131-1-2,PEATÓN,FALLECIDO,MASCULINO,33,CAMIONETA RURAL
A-2023-06-132,P-2023-06-132-1-1,CONDUCTOR,FALLECIDO,MASCULINO,29,MOTOCICLETA
A-2023-06-133,P-2023-06-133-1-1,CONDUCTOR,ILESO,MASCULINO,62,AUTOMÓVIL
A-2023-06-133,P-2023-06-133-1-2,PEATÓN,FALLECIDO,MASCULINO,33,AUTOMÓVIL
A-2023-06-134,P-2023-06-134-1-1,CONDUCTOR,ILESO,FEMENINO,30,AUTOMÓVIL
A-2023-06-134,P-2023-06-134-1-2,PEATÓN,FALLECIDO,MASCULINO,37,AUTOMÓVIL
A-2023-06-135,P-2023-06-135-1-1,CONDUCTOR,ILESO,MASCULINO,37,ÓMNIBUS
A-2023-06-135,P-2023-06-135-1-2,PASAJERO,FALLECIDO,MASCULINO,49,ÓMNIBUS
A-2023-06-136,P-2023-06-136-1-1,CONDUCTOR,ILESO,MASCULINO,53,CAMIÓN
A-2023-06-136,P-2023-06-136-2-1,CONDUCTOR,FALLECIDO,MASCULINO,27,MOTOCICLETA
A-2023-06-137,P-2023-06-137-1-1,CONDUCTOR,ILESO,MASCULINO,56,ÓMNIBUS
A-2023-06-137,P-2023-06-137-1-2,PEATÓN,FALLECIDO,FEMENINO,45,ÓMNIBUS
A-2023-06-138,P-2023-06-138-1-1,CONDUCTOR FUGADO,NO SE CONOCE,NO INDICA,,VEHICULO NO IDENTIFICADO
A-2023-06-138,P-2023-06-138-1-2,PEATÓN,FALLECIDO,MASCULINO,,VEHICULO NO IDENTIFICADO
A-2023-06-139,P-2023-06-139-1-1,CONDUCTOR FUGADO,NO SE CONOCE,NO INDICA,,VEHICULO NO IDENTIFICADO
A-2023-06-139,P-2023-06-139-1-2,PEATÓN,FALLECIDO,MASCULINO,24,VEHICULO NO IDENTIFICADO
A-2023-06-140,P-2023-06-140-1-1,CONDUCTOR,ILESO,MASCULINO,42,AUTOMÓVIL
A-2023-06-140,P-2023-06-140-1-2,PEATÓN,FALLECIDO,FEMENINO,42,AUTOMÓVIL
A-2023-06-141,P-2023-06-141-1-1,CONDUCTOR FUGADO,NO SE CONOCE,NO INDICA,,VEHICULO NO IDENTIFICADO
A-2023-06-141,P-2023-06-141-1-2,PEATÓN,FALLECIDO,MASCULINO,21,VEHICULO NO IDENTIFICADO
A-2023-06-142,P-2023-06-142-1-1,CONDUCTOR,ILESO,MASCULINO,48,AUTOMÓVIL
A-2023-06-142,P-2023-06-142-2-1,CONDUCTOR,FALLECIDO,MASCULINO,28,MOTOCICLETA
A-2023-06-143,P-2023-06-143-1-1,CONDUCTOR,FALLECIDO,MASCULINO,55,TRIMOTO PASAJERO
A-2023-06-143,P-2023-06-143-1-2,PASAJERO,LESIONADO,FEMENINO,32,TRIMOTO PASAJERO
A-2023-06-144,P-2023-06-144-1-1,CONDUCTOR FUGADO,NO SE CONOCE,NO INDICA,,VEHICULO NO IDENTIFICADO
A-2023-06-144,P-2023-06-144-1-2,PEATÓN,FALLECIDO,MASCULINO,,VEHICULO NO IDENTIFICADO
A-2023-06-145,P-2023-06-145-1-1,CONDUCTOR,ILESO,MASCULINO,26,TRIMOTO PASAJERO
A-2023-06-145,P-2023-06-145-1-2,PASAJERO,FALLECIDO,FEMENINO,26,TRIMOTO PASAJERO
A-2023-06-145,P-2023-06-145-1-3,PASAJERO,LESIONADO,FEMENINO,24,TRIMOTO PASAJERO
A-2023-06-146,P-2023-06-146-1-1,CONDUCTOR,ILESO,MASCULINO,26,STATION WAGON
A-2023-06-146,P-2023-06-146-1-2,PEATÓN,FALLECIDO,MASCULINO,42,STATION WAGON
A-2023-06-148,P-2023-06-148-1-1,CONDUCTOR,ILESO,MASCULINO,41,CAMIÓN
A-2023-06-148,P-2023-06-148-2-1,CONDUCTOR,FALLECIDO,MASCULINO,32,MOTOCICLETA
A-2023-06-149,P-2023-06-149-1-1,CONDUCTOR,ILESO,MASCULINO,31,REMOLCADOR-SEMIREMOLQUE
A-2023-06-149,P-2023-06-149-1-2,PEATÓN,FALLECIDO,MASCULINO,78,REMOLCADOR-SEMIREMOLQUE
A-2023-06-150,P-2023-06-150-1-1,CONDUCTOR,ILESO,MASCULINO,44,AUTOMÓVIL
A-2023-06-150,P-2023-06-150-2-1,CONDUCTOR,FALLECIDO,MASCULINO,73,TRIMOTO PASAJERO
A-2023-06-151,P-2023-06-151-1-1,CONDUCTOR,FALLECIDO,MASCULINO,24,AUTOMÓVIL
A-2023-06-151,P-2023-06-151-1-2,PASAJERO,LESIONADO,MASCULINO,47,AUTOMÓVIL
A-2023-06-151,P-2023-06-151-2-1,CONDUCTOR,ILESO,MASCULINO,43,ÓMNIBUS
A-2023-06-152,P-2023-06-152-1-1,CONDUCTOR,FALLECIDO,MASCULINO,71,TRIMOTO PASAJERO
A-2023-06-153,P-2023-06-153-1-1,CONDUCTOR,ILESO,MASCULINO,33,MOTOCICLETA
A-2023-06-153,P-2023-06-153-1-2,PEATÓN,FALLECIDO,MASCULINO,50,MOTOCICLETA
A-2023-06-154,P-2023-06-154-1-1,CONDUCTOR,ILESO,MASCULINO,23,MOTOCICLETA
A-2023-06-154,P-2023-06-154-1-2,PEATÓN,FALLECIDO,MASCULINO,45,MOTOCICLETA
A-2023-06-172,P-2023-06-172-1-1,CONDUCTOR,FALLECIDO,MASCULINO,,AUTOMÓVIL
A-2023-06-189,P-2023-06-189-1-1,CONDUCTOR FUGADO,NO SE CONOCE,NO INDICA,,VEHICULO NO IDENTIFICADO
A-2023-06-189,P-2023-06-189-1-2,PEATÓN,FALLECIDO,MASCULINO,86,VEHICULO NO IDENTIFICADO
A-2023-06-190,P-2023-06-190-1-1,CONDUCTOR,ILESO,MASCULINO,28,MOTOCICLETA
A-2023-06-190,P-2023-06-190-1-2,PEATÓN,FALLECIDO,FEMENINO,53,MOTOCICLETA
A-2023-06-195,P-2023-06-195-1-1,CONDUCTOR,FALLECIDO,MASCULINO,58,AUTOMÓVIL
A-2023-06-84,P-2023-06-84-1-1,CONDUCTOR,ILESO,MASCULINO,,AUTOMÓVIL
A-2023-06-84,P-2023-06-84-2-1,CONDUCTOR,ILESO,FEMENINO,46,AUTOMÓVIL
A-2023-06-84,P-2023-06-84-2-2,PEATÓN,FALLECIDO,FEMENINO,48,AUTOMÓVIL
A-2023-06-85,P-2023-06-85-1-1,CONDUCTOR,ILESO,MASCULINO,34,AUTOMÓVIL
A-2023-06-85,P-2023-06-85-1-2,PEATÓN,FALLECIDO,FEMENINO,71,AUTOMÓVIL
A-2023-06-85,P-2023-06-85-2-1,CONDUCTOR,ILESO,MASCULINO,30,AUTOMÓVIL
A-2023-06-86,P-2023-06-86-1-1,CONDUCTOR,ILESO,MASCULINO,44,REMOLCADOR-SEMIREMOLQUE
A-2023-06-86,P-2023-06-86-1-2,PEATÓN,FALLECIDO,MASCULINO,46,REMOLCADOR-SEMIREMOLQUE
A-2023-06-92,P-2023-06-92-1-1,CONDUCTOR,ILESO,MASCULINO,44,REMOLCADOR-SEMIREMOLQUE
A-2023-06-92,P-2023-06-92-2-1,CONDUCTOR,FALLECIDO,MASCULINO,38,MOTOCICLETA
A-2023-07-123,P-2023-07-123-1-1,CONDUCTOR FUGADO,NO SE CONOCE,NO INDICA,,VEHICULO NO IDENTIFICADO
A-2023-07-123,P-2023-07-123-1-2,PEATÓN,FALLECIDO,MASCULINO,39,VEHICULO NO IDENTIFICADO
A-2023-07-124,P-2023-07-124-1-1,CONDUCTOR,ILESO,MASCULINO,54,AUTOMÓVIL
A-2023-07-124,P-2023-07-124-1-2,PEATÓN,FALLECIDO,FEMENINO,85,AUTOMÓVIL
A-2023-07-125,P-2023-07-125-1-1,CONDUCTOR,FALLECIDO,MASCULINO,28,MOTOCICLETA
A-2023-07-126,P-2023-07-126-1-1,CONDUCTOR FUGADO,NO SE CONOCE,NO INDICA,,VEHICULO NO IDENTIFICADO
A-2023-07-126,P-2023-07-126-1-2,PEATÓN,FALLECIDO,MASCULINO,,VEHICULO NO IDENTIFICADO
A-2023-07-127,P-2023-07-127-1-1,CONDUCTOR,ILESO,MASCULINO,34,AUTOMÓVIL
A-2023-07-127,P-2023-07-127-1-2,PEATÓN,FALLECIDO,MASCULINO,47,AUTOMÓVIL
A-2023-07-128,P-2023-07-128-1-1,CONDUCTOR,ILESO,FEMENINO,47,AUTOMÓVIL
A-2023-07-128,P-2023-07-128-1-2,PEATÓN,FALLECIDO,MASCULINO,76,AUTOMÓVIL
A-2023-07-129,P-2023-07-129-1-1,CONDUCTOR,ILESO,MASCULINO,53,CAMIÓN
A-2023-07-129,P-2023-07-129-1-2,PEATÓN,FALLECIDO,MASCULINO,,CAMIÓN
A-2023-07-130,P-2023-07-130-1-1,CONDUCTOR,ILESO,MASCULINO,35,ÓMNIBUS
A-2023-07-130,P-2023-07-130-1-2,PEATÓN,FALLECIDO,MASCULINO,67,ÓMNIBUS
A-2023-07-131,P-2023-07-131-1-1,CONDUCTOR,ILESO,MASCULINO,22,MOTOCICLETA
A-2023-07-131,P-2023-07-131-1-2,PEATÓN,FALLECIDO,MASCULINO,74,MOTOCICLETA
A-2023-07-131,P-2023-07-131-1-3,PEATÓN,LESIONADO,FEMENINO,69,MOTOCICLETA
A-2023-07-132,P-2023-07-132-1-1,CONDUCTOR,FALLECIDO,MASCULINO,29,MOTOCICLETA
A-2023-07-133,P-2023-07-133-1-1,CONDUCTOR,ILESO,MASCULINO,48,STATION WAGON
A-2023-07-133,P-2023-07-133-1-2,PEATÓN,FALLECIDO,MASCULINO,61,STATION WAGON
A-2023-07-134,P-2023-07-134-1-1,CONDUCTOR,LESIONADO,MASCULINO,37,MINIBUS
A-2023-07-134,P-2023-07-134-1-10,PASAJERO,LESIONADO,FEMENINO,21,MINIBUS
A-2023-07-134,P-2023-07-134-1-11,PASAJERO,LESIONADO,FEMENINO,37,MINIBUS
A-2023-07-134,P-2023-07-134-1-12,PASAJERO,LESIONADO,MASCULINO,21,MINIBUS
A-2023-07-134,P-2023-07-134-1-13,PASAJERO,LESIONADO,MASCULINO,23,MINIBUS
A-2023-07-134,P-2023-07-134-1-14,PASAJERO,LESIONADO,FEMENINO,56,MINIBUS
A-2023-07-134,P-2023-07-134-1-15,PASAJERO,LESIONADO,MASCULINO,56,MINIBUS
A-2023-07-134,P-2023-07-134-1-16,PASAJERO,LESIONADO,FEMENINO,27,MINIBUS
A-2023-07-134,P-2023-07-134-1-17,PASAJERO,LESIONADO,MASCULINO,46,MINIBUS
A-2023-07-134,P-2023-07-134-1-18,PASAJERO,LESIONADO,MASCULINO,31,MINIBUS
A-2023-07-134,P-2023-07-134-1-19,PASAJERO,LESIONADO,MASCULINO,23,MINIBUS
A-2023-07-134,P-2023-07-134-1-2,PASAJERO,FALLECIDO,FEMENINO,57,MINIBUS
A-2023-07-134,P-2023-07-134-1-20,PASAJERO,LESIONADO,MASCULINO,29,MINIBUS
A-2023-07-134,P-2023-07-134-1-21,PASAJERO,LESIONADO,FEMENINO,21,MINIBUS
A-2023-07-134,P-2023-07-134-1-22,PASAJERO,LESIONADO,MASCULINO,18,MINIBUS
A-2023-07-134,P-2023-07-134-1-23,PASAJERO,LESIONADO,FEMENINO,48,MINIBUS
A-2023-07-134,P-2023-07-134-1-24,PASAJERO,LESIONADO,FEMENINO,55,MINIBUS
A-2023-07-134,P-2023-07-134-1-25,PASAJERO,LESIONADO,FEMENINO,76,MINIBUS
A-2023-07-134,P-2023-07-134-1-26,PASAJERO,LESIONADO,MASCULINO,9,MINIBUS
A-2023-07-134,P-2023-07-134-1-27,PASAJERO,LESIONADO,FEMENINO,2,MINIBUS
A-2023-07-134,P-2023-07-134-1-28,PASAJERO,LESIONADO,MASCULINO,5,MINIBUS
A-2023-07-134,P-2023-07-134-1-29,PASAJERO,LESIONADO,FEMENINO,9,MINIBUS
A-2023-07-134,P-2023-07-134-1-3,PASAJERO,FALLECIDO,FEMENINO,62,MINIBUS
A-2023-07-134,P-2023-07-134-1-30,PASAJERO,LESIONADO,FEMENINO,10,MINIBUS
A-2023-07-134,P-2023-07-134-1-31,PASAJERO,LESIONADO,FEMENINO,5,MINIBUS
A-2023-07-134,P-2023-07-134-1-32,PASAJERO,LESIONADO,MASCULINO,6,MINIBUS
A-2023-07-134,P-2023-07-134-1-33,PASAJERO,LESIONADO,MASCULINO,10,MINIBUS
A-2023-07-134,P-2023-07-134-1-4,PASAJERO,FALLECIDO,FEMENINO,58,MINIBUS
A-2023-07-134,P-2023-07-134-1-5,PASAJERO,FALLECIDO,MASCULINO,61,MINIBUS
A-2023-07-134,P-2023-07-134-1-6,PASAJERO,FALLECIDO,MASCULINO,14,MINIBUS
A-2023-07-134,P-2023-07-134-1-7,PASAJERO,LESIONADO,FEMENINO,70,MINIBUS
A-2023-07-134,P-2023-07-134-1-8,PASAJERO,LESIONADO,FEMENINO,18,MINIBUS
A-2023-07-134,P-2023-07-134-1-9,PASAJERO,LESIONADO,FEMENINO,46,MINIBUS
A-2023-07-135,P-2023-07-135-1-1,CONDUCTOR,LESIONADO,MASCULINO,27,AUTOMÓVIL
A-2023-07-135,P-2023-07-135-1-2,PASAJERO,FALLECIDO,MASCULINO,37,AUTOMÓVIL
A-2023-07-136,P-2023-07-136-1-1,CONDUCTOR,ILESO,MASCULINO,59,AUTOMÓVIL
A-2023-07-136,P-2023-07-136-1-2,PEATÓN,FALLECIDO,MASCULINO,52,AUTOMÓVIL
A-2023-07-137,P-2023-07-137-1-1,CONDUCTOR,FALLECIDO,MASCULINO,44,CAMIÓN
A-2023-07-138,P-2023-07-138-1-1,CONDUCTOR,FALLECIDO,MASCULINO,22,MOTOCICLETA
A-2023-07-138,P-2023-07-138-2-1,CONDUCTOR FUGADO,NO SE CONOCE,NO INDICA,,VEHICULO NO IDENTIFICADO
A-2023-07-139,P-2023-07-139-1-1,CONDUCTOR,ILESO,MASCULINO,35,AUTOMÓVIL
A-2023-07-139,P-2023-07-139-1-2,PEATÓN,FALLECIDO,FEMENINO,67,AUTOMÓVIL
A-2023-07-140,P-2023-07-140-1-1,CONDUCTOR,ILESO,MASCULINO,46,MINIBUS
A-2023-07-140,P-2023-07-140-2-1,CONDUCTOR,FALLECIDO,MASCULINO,28,MOTOCICLETA
A-2023-07-141,P-2023-07-141-1-1,CONDUCTOR,ILESO,MASCULINO,47,AUTOMÓVIL
A-2023-07-141,P-2023-07-141-2-1,CONDUCTOR,FALLECIDO,MASCULINO,33,MOTOCICLETA
A-2023-07-142,P-2023-07-142-1-1,CONDUCTOR,ILESO,MASCULINO,40,MINIBUS
A-2023-07-142,P-2023-07-142-1-2,PEATÓN,FALLECIDO,MASCULINO,76,MINIBUS
A-2023-07-143,P-2023-07-143-1-1,CONDUCTOR,FALLECIDO,MASCULINO,40,MOTOCICLETA
A-2023-07-143,P-2023-07-143-2-1,CONDUCTOR,ILESO,MASCULINO,43,CAMIÓN
A-2023-07-144,P-2023-07-144-1-1,CONDUCTOR,ILESO,MASCULINO,30,CAMIONETA RURAL
A-2023-07-144,P-2023-07-144-1-2,PEATÓN,FALLECIDO,FEMENINO,19,CAMIONETA RURAL
A-2023-07-145,P-2023-07-145-1-1,CONDUCTOR,ILESO,MASCULINO,39,MOTOCICLETA
A-2023-07-145,P-2023-07-145-1-2,PEATÓN,FALLECIDO,MASCULINO,58,MOTOCICLETA
A-2023-07-146,P-2023-07-146-1-1,CONDUCTOR,NO SE CONOCE,NO INDICA,,AUTOMÓVIL
A-2023-07-146,P-2023-07-146-2-1,CONDUCTOR,FALLECIDO,MASCULINO,46,MOTOCICLETA
A-2023-07-147,P-2023-07-147-1-1,CONDUCTOR,ILESO,MASCULINO,30,AUTOMÓVIL
A-2023-07-147,P-2023-07-147-1-2,PEATÓN,FALLECIDO,MASCULINO,,AUTOMÓVIL
A-2023-07-148,P-2023-07-148-1-1,CONDUCTOR,ILESO,MASCULINO,29,MOTOCICLETA
A-2023-07-148,P-2023-07-148-1-2,PASAJERO,FALLECIDO,MASCULINO,4,MOTOCICLETA
A-2023-07-149,P-2023-07-149-1-1,CONDUCTOR,ILESO,MASCULINO,71,CAMIÓN
A-2023-07-149,P-2023-07-149-1-2,PEATÓN,FALLECIDO,FEMENINO,33,CAMIÓN
A-2023-07-150,P-2023-07-150-1-1,CONDUCTOR,ILESO,MASCULINO,35,ÓMNIBUS
A-2023-07-150,P-2023-07-150-1-2,PASAJERO,FALLECIDO,MASCULINO,24,ÓMNIBUS
A-2023-07-150,P-2023-07-150-2-1,CONDUCTOR,ILESO,MASCULINO,34,ÓMNIBUS
A-2023-07-151,P-2023-07-151-1-1,CONDUCTOR FUGADO,NO SE CONOCE,NO INDICA,,VEHICULO NO IDENTIFICADO
A-2023-07-151,P-2023-07-151-1-2,PEATÓN,FALLECIDO,FEMENINO,86,VEHICULO NO IDENTIFICADO
A-2023-07-152,P-2023-07-152-1-1,CONDUCTOR,FALLECIDO,MASCULINO,57,MOTOCICLETA
A-2023-07-153,P-2023-07-153-1-1,CONDUCTOR FUGADO,NO SE CONOCE,NO INDICA,,VEHICULO NO IDENTIFICADO
A-2023-07-153,P-2023-07-153-1-2,PEATÓN,FALLECIDO,FEMENINO,66,VEHICULO NO IDENTIFICADO
A-2023-07-154,P-2023-07-154-1-1,CONDUCTOR,FALLECIDO,MASCULINO,38,MOTOCICLETA
A-2023-07-154,P-2023-07-154-2-1,CONDUCTOR,FALLECIDO,MASCULINO,30,TRIMOTO PASAJERO
A-2023-07-90,P-2023-07-90-1-1,CONDUCTOR,ILESO,MASCULINO,30,MOTOCICLETA
A-2023-07-90,P-2023-07-90-1-2,PASAJERO,FALLECIDO,MASCULINO,24,MOTOCICLETA
A-2023-07-90,P-2023-07-90-2-1,CONDUCTOR,ILESO,MASCULINO,48,AUTOMÓVIL
A-2023-08-100,P-2023-08-100-1-1,CONDUCTOR FUGADO,NO SE CONOCE,NO INDICA,,VEHICULO NO IDENTIFICADO
A-2023-08-100,P-2023-08-100-1-2,PEATÓN,FALLECIDO,FEMENINO,78,VEHICULO NO IDENTIFICADO
A-2023-08-101,P-2023-08-101-1-1,CONDUCTOR,ILESO,MASCULINO,20,MOTOCICLETA
A-2023-08-101,P-2023-08-101-1-2,PEATÓN,FALLECIDO,MASCULINO,81,MOTOCICLETA
A-2023-08-102,P-2023-08-102-1-1,CONDUCTOR,FALLECIDO,MASCULINO,24,MOTOCICLETA
A-2023-08-102,P-2023-08-102-2-1,CONDUCTOR,ILESO,MASCULINO,53,ÓMNIBUS
A-2023-08-103,P-2023-08-103-1-1,CONDUCTOR,LESIONADO,MASCULINO,25,MOTOCICLETA
A-2023-08-103,P-2023-08-103-1-2,PEATÓN,FALLECIDO,FEMENINO,36,MOTOCICLETA
A-2023-08-104,P-2023-08-104-1-1,CONDUCTOR FUGADO,NO SE CONOCE,NO INDICA,,AUTOMÓVIL
A-2023-08-104,P-2023-08-104-1-2,PEATÓN,FALLECIDO,MASCULINO,31,AUTOMÓVIL
A-2023-08-105,P-2023-08-105-1-1,CONDUCTOR,ILESO,MASCULINO,55,CAMIÓN
A-2023-08-105,P-2023-08-105-1-2,PEATÓN,FALLECIDO,FEMENINO,56,CAMIÓN
A-2023-08-106,P-2023-08-106-1-1,CONDUCTOR,ILESO,MASCULINO,27,TRIMOTO PASAJERO
A-2023-08-106,P-2023-08-106-1-2,PASAJERO,LESIONADO,MASCULINO,41,TRIMOTO PASAJERO
A-2023-08-106,P-2023-08-106-1-3,PASAJERO,FALLECIDO,MASCULINO,,TRIMOTO PASAJERO
A-2023-08-106,P-2023-08-106-1-4,PASAJERO,LESIONADO,FEMENINO,30,TRIMOTO PASAJERO
A-2023-08-106,P-2023-08-106-1-5,PASAJERO,LESIONADO,FEMENINO,27,TRIMOTO PASAJERO
A-2023-08-106,P-2023-08-106-2-1,CONDUCTOR,ILESO,MASCULINO,32,AUTOMÓVIL
A-2023-08-107,P-2023-08-107-1-1,CONDUCTOR,FALLECIDO,MASCULINO,55,AUTOMÓVIL
A-2023-08-107,P-2023-08-107-1-2,PASAJERO,LESIONADO,MASCULINO,55,AUTOMÓVIL
A-2023-08-107,P-2023-08-107-1-3,PASAJERO,LESIONADO,FEMENINO,54,AUTOMÓVIL
A-2023-08-107,P-2023-08-107-1-4,PASAJERO,LESIONADO,MASCULINO,39,AUTOMÓVIL
A-2023-08-107,P-2023-08-107-1-5,PASAJERO,LESIONADO,FEMENINO,4,AUTOMÓVIL
A-2023-08-107,P-2023-08-107-2-1,CONDUCTOR,ILESO,MASCULINO,53,AUTOMÓVIL
A-2023-08-108,P-2023-08-108-1-1,CONDUCTOR,ILESO,MASCULINO,42,TRIMOTO PASAJERO
A-2023-08-108,P-2023-08-108-1-2,PASAJERO,FALLECIDO,FEMENINO,35,TRIMOTO PASAJERO
A-2023-08-108,P-2023-08-108-1-3,PASAJERO,LESIONADO,FEMENINO,9,TRIMOTO PASAJERO
A-2023-08-108,P-2023-08-108-1-4,PASAJERO,LESIONADO,MASCULINO,3,TRIMOTO PASAJERO
A-2023-08-108,P-2023-08-108-1-5,PASAJERO,LESIONADO,FEMENINO,28,TRIMOTO PASAJERO
A-2023-08-109,P-2023-08-109-1-1,CONDUCTOR,ILESO,MASCULINO,26,AUTOMÓVIL
A-2023-08-109,P-2023-08-109-1-2,PEATÓN,FALLECIDO,MASCULINO,42,AUTOMÓVIL
A-2023-08-110,P-2023-08-110-1-1,CONDUCTOR,ILESO,MASCULINO,31,AUTOMÓVIL
A-2023-08-110,P-2023-08-110-1-2,PEATÓN,FALLECIDO,MASCULINO,80,AUTOMÓVIL
A-2023-08-111,P-2023-08-111-1-1,CONDUCTOR,ILESO,MASCULINO,31,AUTOMÓVIL
A-2023-08-111,P-2023-08-111-1-2,PEATÓN,FALLECIDO,MASCULINO,50,AUTOMÓVIL
A-2023-08-112,P-2023-08-112-1-1,CONDUCTOR,FALLECIDO,MASCULINO,59,AUTOMÓVIL
A-2023-08-112,P-2023-08-112-1-2,PASAJERO,LESIONADO,MASCULINO,59,AUTOMÓVIL
A-2023-08-112,P-2023-08-112-2-1,CONDUCTOR,ILESO,MASCULINO,31,MINIBUS
A-2023-08-113,P-2023-08-113-1-1,CONDUCTOR FUGADO,NO SE CONOCE,NO INDICA,,VEHICULO NO IDENTIFICADO
A-2023-08-113,P-2023-08-113-1-2,PEATÓN,FALLECIDO,MASCULINO,,VEHICULO NO IDENTIFICADO
A-2023-08-114,P-2023-08-114-1-1,CONDUCTOR,ILESO,MASCULINO,25,MOTOCICLETA
A-2023-08-114,P-2023-08-114-1-2,PEATÓN,FALLECIDO,MASCULINO,70,MOTOCICLETA
A-2023-08-115,P-2023-08-115-1-1,CONDUCTOR,LESIONADO,MASCULINO,28,MOTOCICLETA
A-2023-08-115,P-2023-08-115-1-2,PEATÓN,FALLECIDO,MASCULINO,,MOTOCICLETA
A-2023-08-115,P-2023-08-115-1-3,PEATÓN,FALLECIDO,MASCULINO,,MOTOCICLETA
A-2023-08-116,P-2023-08-116-1-1,CONDUCTOR FUGADO,NO SE CONOCE,NO INDICA,,VEHICULO NO IDENTIFICADO
A-2023-08-116,P-2023-08-116-1-2,PEATÓN,FALLECIDO,MASCULINO,75,VEHICULO NO IDENTIFICADO
A-2023-08-117,P-2023-08-117-1-1,CONDUCTOR,ILESO,MASCULINO,47,AUTOMÓVIL
A-2023-08-117,P-2023-08-117-1-2,PASAJERO,FALLECIDO,MASCULINO,7,AUTOMÓVIL
A-2023-08-117,P-2023-08-117-1-3,PASAJERO,LESIONADO,FEMENINO,59,AUTOMÓVIL
A-2023-08-118,P-2023-08-118-1-1,CONDUCTOR,ILESO,MASCULINO,52,CAMIÓN
A-2023-08-118,P-2023-08-118-1-2,PEATÓN,FALLECIDO,MASCULINO,2,CAMIÓN
A-2023-08-151,P-2023-08-151-1-1,CONDUCTOR,ILESO,MASCULINO,36,REMOLCADOR
A-2023-08-151,P-2023-08-151-1-2,PEATÓN,FALLECIDO,MASCULINO,48,REMOLCADOR
A-2023-08-152,P-2023-08-152-1-1,CONDUCTOR,ILESO,MASCULINO,52,AUTOMÓVIL
A-2023-08-152,P-2023-08-152-1-2,PEATÓN,FALLECIDO,FEMENINO,61,AUTOMÓVIL
A-2023-08-166,P-2023-08-166-1-1,CONDUCTOR,ILESO,MASCULINO,21,MOTOCICLETA
A-2023-08-166,P-2023-08-166-2-1,CONDUCTOR,FALLECIDO,MASCULINO,68,BICICLETA
A-2023-08-167,P-2023-08-167-1-1,CONDUCTOR,ILESO,MASCULINO,36,MOTOCICLETA
A-2023-08-167,P-2023-08-167-1-2,PEATÓN,FALLECIDO,MASCULINO,83,MOTOCICLETA
A-2023-08-85,P-2023-08-85-1-1,CONDUCTOR,ILESO,MASCULINO,40,MINIBUS
A-2023-08-85,P-2023-08-85-2-1,CONDUCTOR,FALLECIDO,MASCULINO,70,BICICLETA
A-2023-08-86,P-2023-08-86-1-1,CONDUCTOR,ILESO,MASCULINO,48,STATION WAGON
A-2023-08-86,P-2023-08-86-2-1,CONDUCTOR,FALLECIDO,MASCULINO,24,MOTOCICLETA
A-2023-08-87,P-2023-08-87-1-1,CONDUCTOR FUGADO,NO SE CONOCE,NO INDICA,,VEHICULO NO IDENTIFICADO
A-2023-08-87,P-2023-08-87-1-2,PEATÓN,FALLECIDO,MASCULINO,43,VEHICULO NO IDENTIFICADO
A-2023-08-88,P-2023-08-88-1-1,CONDUCTOR,ILESO,MASCULINO,41,AUTOMÓVIL
A-2023-08-88,P-2023-08-88-1-2,PEATÓN,FALLECIDO,FEMENINO,20,AUTOMÓVIL
A-2023-08-89,P-2023-08-89-1-1,CONDUCTOR,ILESO,MASCULINO,23,MOTOCICLETA
A-2023-08-89,P-2023-08-89-1-2,PEATÓN,FALLECIDO,MASCULINO,70,MOTOCICLETA
A-2023-08-90,P-2023-08-90-1-1,CONDUCTOR,FALLECIDO,MASCULINO,24,MOTOCICLETA
A-2023-08-90,P-2023-08-90-1-2,PASAJERO,LESIONADO,FEMENINO,21,MOTOCICLETA
A-2023-08-91,P-2023-08-91-1-1,CONDUCTOR,ILESO,MASCULINO,68,ÓMNIBUS
A-2023-08-91,P-2023-08-91-2-1,CONDUCTOR,FALLECIDO,MASCULINO,48,BICICLETA
A-2023-08-92,P-2023-08-92-1-1,CONDUCTOR,ILESO,MASCULINO,34,ÓMNIBUS
A-2023-08-92,P-2023-08-92-1-2,PEATÓN,FALLECIDO,MASCULINO,,ÓMNIBUS
A-2023-08-93,P-2023-08-93-1-1,CONDUCTOR,ILESO,MASCULINO,55,AUTOMÓVIL
A-2023-08-93,P-2023-08-93-1-2,PEATÓN,FALLECIDO,MASCULINO,95,AUTOMÓVIL
A-2023-08-94,P-2023-08-94-1-1,CONDUCTOR,ILESO,MASCULINO,32,AUTOMÓVIL
A-2023-08-94,P-2023-08-94-2-1,CONDUCTOR,FALLECIDO,FEMENINO,47,BICICLETA
A-2023-08-95,P-2023-08-95-1-1,CONDUCTOR,ILESO,MASCULINO,48,ÓMNIBUS
A-2023-08-95,P-2023-08-95-1-2,PEATÓN,FALLECIDO,MASCULINO,51,ÓMNIBUS
A-2023-08-96,P-2023-08-96-1-1,CONDUCTOR,ILESO,MASCULINO,30,AUTOMÓVIL
A-2023-08-96,P-2023-08-96-2-1,CONDUCTOR,FALLECIDO,MASCULINO,54,TRIMOTO PASAJERO
A-2023-08-97,P-2023-08-97-1-1,CONDUCTOR,FALLECIDO,MASCULINO,33,MOTOCICLETA
A-2023-08-97,P-2023-08-97-2-1,CONDUCTOR,ILESO,MASCULINO,31,REMOLCADOR-SEMIREMOLQUE
A-2023-08-98,P-2023-08-98-1-1,CONDUCTOR,ILESO,MASCULINO,61,CAMIÓN
A-2023-08-98,P-2023-08-98-1-2,PEATÓN,FALLECIDO,FEMENINO,56,CAMIÓN
A-2023-08-99,P-2023-08-99-1-1,CONDUCTOR,FALLECIDO,MASCULINO,35,AUTOMÓVIL
A-2023-09-120,P-2023-09-120-1-1,CONDUCTOR,ILESO,MASCULINO,41,ÓMNIBUS
A-2023-09-120,P-2023-09-120-2-1,CONDUCTOR,FALLECIDO,MASCULINO,47,BICICLETA
A-2023-09-121,P-2023-09-121-1-1,CONDUCTOR,ILESO,MASCULINO,54,CAMIÓN
A-2023-09-121,P-2023-09-121-2-1,CONDUCTOR,FALLECIDO,MASCULINO,17,MOTOCICLETA
A-2023-09-122,P-2023-09-122-1-1,CONDUCTOR,ILESO,MASCULINO,71,CAMIONETA RURAL
A-2023-09-122,P-2023-09-122-1-2,PEATÓN,FALLECIDO,MASCULINO,,CAMIONETA RURAL
A-2023-09-123,P-2023-09-123-1-1,CONDUCTOR,ILESO,MASCULINO,39,AUTOMÓVIL
A-2023-09-123,P-2023-09-123-1-2,PEATÓN,FALLECIDO,MASCULINO,,AUTOMÓVIL
A-2023-09-123,P-2023-09-123-1-3,PEATÓN,FALLECIDO,MASCULINO,,AUTOMÓVIL
A-2023-09-124,P-2023-09-124-1-1,CONDUCTOR,ILESO,MASCULINO,59,ÓMNIBUS
A-2023-09-124,P-2023-09-124-2-1,CONDUCTOR,FALLECIDO,MASCULINO,35,MOTOCICLETA
A-2023-09-125,P-2023-09-125-1-1,CONDUCTOR,ILESO,MASCULINO,38,CAMIONETA PANEL
A-2023-09-125,P-2023-09-125-1-2,PEATÓN,FALLECIDO,FEMENINO,,CAMIONETA PANEL
A-2023-09-126,P-2023-09-126-1-1,CONDUCTOR,ILESO,MASCULINO,26,AUTOMÓVIL
A-2023-09-126,P-2023-09-126-1-2,PEATÓN,FALLECIDO,MASCULINO,,AUTOMÓVIL
A-2023-09-127,P-2023-09-127-1-1,CONDUCTOR,FALLECIDO,MASCULINO,24,ÓMNIBUS
A-2023-09-127,P-2023-09-127-1-10,PASAJERO,LESIONADO,MASCULINO,0,ÓMNIBUS
A-2023-09-127,P-2023-09-127-1-11,PASAJERO,LESIONADO,FEMENINO,0,ÓMNIBUS
A-2023-09-127,P-2023-09-127-1-12,PASAJERO,LESIONADO,FEMENINO,0,ÓMNIBUS
A-2023-09-127,P-2023-09-127-1-13,PASAJERO,LESIONADO,MASCULINO,0,ÓMNIBUS
A-2023-09-127,P-2023-09-127-1-14,PASAJERO,LESIONADO,NO INDICA,,ÓMNIBUS
A-2023-09-127,P-2023-09-127-1-15,PASAJERO,LESIONADO,NO INDICA,,ÓMNIBUS
A-2023-09-127,P-2023-09-127-1-16,PASAJERO,LESIONADO,NO INDICA,,ÓMNIBUS
A-2023-09-127,P-2023-09-127-1-17,PASAJERO,LESIONADO,NO INDICA,,ÓMNIBUS
A-2023-09-127,P-2023-09-127-1-18,PASAJERO,LESIONADO,NO INDICA,,ÓMNIBUS
A-2023-09-127,P-2023-09-127-1-19,PASAJERO,LESIONADO,NO INDICA,,ÓMNIBUS
A-2023-09-127,P-2023-09-127-1-2,PASAJERO,LESIONADO,FEMENINO,0,ÓMNIBUS
A-2023-09-127,P-2023-09-127-1-20,PASAJERO,LESIONADO,NO INDICA,,ÓMNIBUS
A-2023-09-127,P-2023-09-127-1-21,PASAJERO,LESIONADO,NO INDICA,,ÓMNIBUS
A-2023-09-127,P-2023-09-127-1-22,PASAJERO,LESIONADO,NO INDICA,,ÓMNIBUS
A-2023-09-127,P-2023-09-127-1-23,PASAJERO,LESIONADO,NO INDICA,,ÓMNIBUS
A-2023-09-127,P-2023-09-127-1-24,PASAJERO,LESIONADO,NO INDICA,,ÓMNIBUS
A-2023-09-127,P-2023-09-127-1-3,PASAJERO,LESIONADO,MASCULINO,0,ÓMNIBUS
A-2023-09-127,P-2023-09-127-1-4,PASAJERO,LESIONADO,FEMENINO,0,ÓMNIBUS
A-2023-09-127,P-2023-09-127-1-5,PASAJERO,LESIONADO,FEMENINO,0,ÓMNIBUS
A-2023-09-127,P-2023-09-127-1-6,PASAJERO,LESIONADO,MASCULINO,0,ÓMNIBUS
A-2023-09-127,P-2023-09-127-1-7,PASAJERO,LESIONADO,MASCULINO,0,ÓMNIBUS
A-2023-09-127,P-2023-09-127-1-8,PASAJERO,LESIONADO,MASCULINO,0,ÓMNIBUS
A-2023-09-127,P-2023-09-127-1-9,PASAJERO,LESIONADO,MASCULINO,0,ÓMNIBUS
A-2023-09-127,P-2023-09-127-2-1,CONDUCTOR,ILESO,MASCULINO,48,REMOLCADOR-SEMIREMOLQUE
A-2023-09-128,P-2023-09-128-1-1,CONDUCTOR,FALLECIDO,MASCULINO,47,TRIMOTO PASAJERO
A-2023-09-128,P-2023-09-128-2-1,CONDUCTOR,LESIONADO,MASCULINO,25,MOTOCICLETA
A-2023-09-128,P-2023-09-128-2-2,PASAJERO,LESIONADO,MASCULINO,,MOTOCICLETA
A-2023-09-129,P-2023-09-129-1-1,CONDUCTOR FUGADO,NO SE CONOCE,NO INDICA,,AUTOMÓVIL
A-2023-09-129,P-2023-09-129-2-1,CONDUCTOR,ILESO,MASCULINO,67,AUTOMÓVIL
A-2023-09-129,P-2023-09-129-2-2,PASAJERO,FALLECIDO,NO INDICA,,AUTOMÓVIL
A-2023-09-129,P-2023-09-129-2-3,PASAJERO,FALLECIDO,MASCULINO,,AUTOMÓVIL
A-2023-09-129,P-2023-09-129-2-4,PEATÓN,FALLECIDO,MASCULINO,,AUTOMÓVIL
A-2023-09-130,P-2023-09-130-1-1,CONDUCTOR,ILESO,MASCULINO,22,AUTOMÓVIL
A-2023-09-130,P-2023-09-130-2-1,CONDUCTOR,FALLECIDO,MASCULINO,27,TRIMOTO PASAJERO
A-2023-09-131,P-2023-09-131-1-1,CONDUCTOR,ILESO,MASCULINO,46,CAMIONETA RURAL
A-2023-09-131,P-2023-09-131-1-2,PEATÓN,FALLECIDO,FEMENINO,,CAMIONETA RURAL
A-2023-09-132,P-2023-09-132-1-1,CONDUCTOR,ILESO,MASCULINO,57,ÓMNIBUS
A-2023-09-132,P-2023-09-132-2-1,CONDUCTOR,ILESO,MASCULINO,31,CAMIONETA PICK UP
A-2023-09-132,P-2023-09-132-2-2,PEATÓN,FALLECIDO,MASCULINO,,CAMIONETA PICK UP
A-2023-09-133,P-2023-09-133-1-1,CONDUCTOR,FALLECIDO,MASCULINO,25,MOTOCICLETA
A-2023-09-133,P-2023-09-133-2-1,CONDUCTOR,ILESO,MASCULINO,59,CAMIONETA RURAL
A-2023-09-134,P-2023-09-134-1-1,CONDUCTOR,ILESO,MASCULINO,,ÓMNIBUS
A-2023-09-134,P-2023-09-134-1-2,PASAJERO,FALLECIDO,FEMENINO,,ÓMNIBUS
A-2023-09-135,P-2023-09-135-1-1,CONDUCTOR,ILESO,MASCULINO,45,CAMIÓN
A-2023-09-135,P-2023-09-135-1-2,PEATÓN,FALLECIDO,FEMENINO,,CAMIÓN
A-2023-09-136,P-2023-09-136-1-1,CONDUCTOR FUGADO,NO SE CONOCE,NO INDICA,,VEHICULO NO IDENTIFICADO
A-2023-09-136,P-2023-09-136-1-2,PEATÓN,FALLECIDO,MASCULINO,,VEHICULO NO IDENTIFICADO
A-2023-09-137,P-2023-09-137-1-1,CONDUCTOR,ILESO,MASCULINO,27,REMOLCADOR-SEMIREMOLQUE
A-2023-09-137,P-2023-09-137-2-1,CONDUCTOR,FALLECIDO,MASCULINO,37,MOTOCICLETA
A-2023-09-137,P-2023-09-137-2-2,PASAJERO,LESIONADO,MASCULINO,,MOTOCICLETA
A-2023-09-138,P-2023-09-138-1-1,CONDUCTOR,FALLECIDO,MASCULINO,34,MOTOCICLETA
A-2023-09-139,P-2023-09-139-1-1,CONDUCTOR FUGADO,NO SE CONOCE,NO INDICA,,MOTOCICLETA
A-2023-09-139,P-2023-09-139-1-2,PEATÓN,LESIONADO,FEMENINO,,MOTOCICLETA
A-2023-09-139,P-2023-09-139-1-3,PEATÓN,FALLECIDO,NO INDICA,,MOTOCICLETA
A-2023-09-140,P-2023-09-140-1-1,CONDUCTOR,ILESO,MASCULINO,48,CAMIÓN
A-2023-09-140,P-2023-09-140-2-1,CONDUCTOR,FALLECIDO,MASCULINO,,BICICLETA
A-2023-09-141,P-2023-09-141-1-1,CONDUCTOR,ILESO,MASCULINO,21,MOTOCICLETA
A-2023-09-141,P-2023-09-141-1-2,PASAJERO,LESIONADO,FEMENINO,,MOTOCICLETA
A-2023-09-141,P-2023-09-141-1-3,PASAJERO,FALLECIDO,NO INDICA,,MOTOCICLETA
A-2023-09-141,P-2023-09-141-2-1,CONDUCTOR,ILESO,MASCULINO,29,TRIMOTO PASAJERO
A-2023-09-142,P-2023-09-142-1-1,CONDUCTOR FUGADO,NO SE CONOCE,NO INDICA,,VEHICULO NO IDENTIFICADO
A-2023-09-142,P-2023-09-142-1-2,PEATÓN,FALLECIDO,MASCULINO,,VEHICULO NO IDENTIFICADO
A-2023-09-144,P-2023-09-144-1-1,CONDUCTOR FUGADO,NO SE CONOCE,NO INDICA,,VEHICULO NO IDENTIFICADO
A-2023-09-144,P-2023-09-144-1-2,PEATÓN,FALLECIDO,MASCULINO,,VEHICULO NO IDENTIFICADO
A-2023-09-145,P-2023-09-145-1-1,CONDUCTOR,FALLECIDO,MASCULINO,54,CAMIONETA RURAL
A-2023-09-146,P-2023-09-146-1-1,CONDUCTOR,ILESO,MASCULINO,21,CAMIONETA RURAL
A-2023-09-146,P-2023-09-146-2-1,CONDUCTOR,ILESO,MASCULINO,37,TRIMOTO PASAJERO
A-2023-09-146,P-2023-09-146-2-2,PASAJERO,FALLECIDO,MASCULINO,,TRIMOTO PASAJERO
A-2023-09-147,P-2023-09-147-1-1,CONDUCTOR,FALLECIDO,MASCULINO,39,MOTOCICLETA
A-2023-09-147,P-2023-09-147-1-2,PASAJERO,LESIONADO,FEMENINO,,MOTOCICLETA
A-2023-09-147,P-2023-09-147-2-1,CONDUCTOR,ILESO,MASCULINO,70,AUTOMÓVIL
A-2023-09-183,P-2023-09-183-1-1,CONDUCTOR FUGADO,NO SE CONOCE,,,VEHICULO NO IDENTIFICADO
A-2023-09-183,P-2023-09-183-1-2,PEATÓN,FALLECIDO,MASCULINO,38,VEHICULO NO IDENTIFICADO
A-2023-09-184,P-2023-09-184-1-1,CONDUCTOR,FALLECIDO,MASCULINO,54,MOTOCICLETA
A-2023-09-84,P-2023-09-84-1-1,CONDUCTOR,FALLECIDO,MASCULINO,30,AUTOMÓVIL
A-2023-09-85,P-2023-09-85-1-1,CONDUCTOR,ILESO,MASCULINO,42,AUTOMÓVIL
A-2023-09-85,P-2023-09-85-1-2,PEATÓN,FALLECIDO,FEMENINO,,AUTOMÓVIL
A-2023-10-100,P-2023-10-100-1-1,CONDUCTOR,ILESO,MASCULINO,38,CAMIÓN
A-2023-10-100,P-2023-10-100-1-2,PEATÓN,FALLECIDO,MASCULINO,,CAMIÓN
A-2023-10-101,P-2023-10-101-1-1,CONDUCTOR,ILESO,MASCULINO,26,CAMIONETA RURAL
A-2023-10-101,P-2023-10-101-1-2,PEATÓN,FALLECIDO,MASCULINO,,CAMIONETA RURAL
A-2023-10-102,P-2023-10-102-1-1,CONDUCTOR,ILESO,MASCULINO,64,CAMIONETA RURAL
A-2023-10-102,P-2023-10-102-1-2,PEATÓN,FALLECIDO,FEMENINO,,CAMIONETA RURAL
A-2023-10-103,P-2023-10-103-1-1,CONDUCTOR,ILESO,MASCULINO,40,CAMIÓN
A-2023-10-103,P-2023-10-103-1-2,PEATÓN,FALLECIDO,MASCULINO,,CAMIÓN
A-2023-10-104,P-2023-10-104-1-1,CONDUCTOR,ILESO,MASCULINO,20,CAMIÓN
A-2023-10-104,P-2023-10-104-1-2,PASAJERO,FALLECIDO,MASCULINO,,CAMIÓN
A-2023-10-104,P-2023-10-104-2-1,SIN CONDUCTOR,NO SE CONOCE,NO INDICA,,CAMIÓN
A-2023-10-105,P-2023-10-105-1-1,CONDUCTOR,ILESO,MASCULINO,21,AUTOMÓVIL
A-2023-10-105,P-2023-10-105-1-2,PEATÓN,FALLECIDO,FEMENINO,,AUTOMÓVIL
A-2023-10-106,P-2023-10-106-1-1,CONDUCTOR FUGADO,NO SE CONOCE,NO INDICA,,VEHICULO NO IDENTIFICADO
A-2023-10-106,P-2023-10-106-1-2,PEATÓN,FALLECIDO,FEMENINO,,VEHICULO NO IDENTIFICADO
A-2023-10-107,P-2023-10-107-1-1,CONDUCTOR,ILESO,MASCULINO,19,MOTOCICLETA
A-2023-10-107,P-2023-10-107-1-2,PEATÓN,FALLECIDO,MASCULINO,,MOTOCICLETA
A-2023-10-107,P-2023-10-107-1-3,PASAJERO,LESIONADO,FEMENINO,,MOTOCICLETA
A-2023-10-108,P-2023-10-108-1-1,CONDUCTOR,ILESO,NO INDICA,,AUTOMÓVIL
A-2023-10-108,P-2023-10-108-1-2,PEATÓN,FALLECIDO,FEMENINO,,AUTOMÓVIL
A-2023-10-108,P-2023-10-108-1-3,PEATÓN,LESIONADO,FEMENINO,,AUTOMÓVIL
A-2023-10-109,P-2023-10-109-1-1,CONDUCTOR,ILESO,MASCULINO,87,AUTOMÓVIL
A-2023-10-109,P-2023-10-109-1-2,PEATÓN,FALLECIDO,FEMENINO,,AUTOMÓVIL
A-2023-10-11,P-2023-10-11-1-1,CONDUCTOR,ILESO,MASCULINO,53,REMOLCADOR
A-2023-10-11,P-2023-10-11-1-2,PEATÓN,FALLECIDO,MASCULINO,71,REMOLCADOR
A-2023-10-11,P-2023-10-11-2-1,CONDUCTOR,ILESO,MASCULINO,73,CAMIONETA RURAL
A-2023-10-111,P-2023-10-111-1-1,CONDUCTOR,FALLECIDO,MASCULINO,42,AUTOMÓVIL
A-2023-10-112,P-2023-10-112-1-1,CONDUCTOR,ILESO,MASCULINO,50,AUTOMÓVIL
A-2023-10-112,P-2023-10-112-2-1,CONDUCTOR,FALLECIDO,MASCULINO,25,MOTOCICLETA
A-2023-10-113,P-2023-10-113-1-1,CONDUCTOR,ILESO,MASCULINO,42,AUTOMÓVIL
A-2023-10-113,P-2023-10-113-1-2,PEATÓN,FALLECIDO,MASCULINO,,AUTOMÓVIL
A-2023-10-114,P-2023-10-114-1-1,CONDUCTOR,ILESO,MASCULINO,30,CAMIONETA PICK UP
A-2023-10-114,P-2023-10-114-1-2,PEATÓN,FALLECIDO,FEMENINO,,CAMIONETA PICK UP
A-2023-10-115,P-2023-10-115-1-1,CONDUCTOR,ILESO,MASCULINO,40,CAMIONETA RURAL
A-2023-10-115,P-2023-10-115-1-10,PASAJERO,LESIONADO,MASCULINO,,CAMIONETA RURAL
A-2023-10-115,P-2023-10-115-1-2,PEATÓN,FALLECIDO,MASCULINO,,CAMIONETA RURAL
A-2023-10-115,P-2023-10-115-1-3,PASAJERO,LESIONADO,FEMENINO,,CAMIONETA RURAL
A-2023-10-115,P-2023-10-115-1-4,PASAJERO,LESIONADO,FEMENINO,,CAMIONETA RURAL
A-2023-10-115,P-2023-10-115-1-5,PASAJERO,LESIONADO,MASCULINO,,CAMIONETA RURAL
A-2023-10-115,P-2023-10-115-1-6,PASAJERO,LESIONADO,MASCULINO,,CAMIONETA RURAL
A-2023-10-115,P-2023-10-115-1-7,PASAJERO,LESIONADO,FEMENINO,,CAMIONETA RURAL
A-2023-10-115,P-2023-10-115-1-8,PASAJERO,LESIONADO,MASCULINO,,CAMIONETA RURAL
A-2023-10-115,P-2023-10-115-1-9,PASAJERO,LESIONADO,FEMENINO,,CAMIONETA RURAL
A-2023-10-116,P-2023-10-116-1-1,CONDUCTOR FUGADO,NO SE CONOCE,NO INDICA,,VEHICULO NO IDENTIFICADO
A-2023-10-116,P-2023-10-116-1-2,PEATÓN,FALLECIDO,MASCULINO,,VEHICULO NO IDENTIFICADO
A-2023-10-117,P-2023-10-117-1-1,CONDUCTOR,FALLECIDO,MASCULINO,26,MOTOCICLETA
A-2023-10-118,P-2023-10-118-1-1,CONDUCTOR,FALLECIDO,FEMENINO,30,SCOOTER
A-2023-10-119,P-2023-10-119-1-1,CONDUCTOR,FALLECIDO,NO INDICA,,MOTOCICLETA
A-2023-10-120,P-2023-10-120-1-1,CONDUCTOR,FALLECIDO,MASCULINO,25,MOTOCICLETA
A-2023-10-121,P-2023-10-121-1-1,CONDUCTOR,ILESO,MASCULINO,44,AUTOMÓVIL
A-2023-10-121,P-2023-10-121-2-1,CONDUCTOR,ILESO,MASCULINO,36,AUTOMÓVIL
A-2023-10-121,P-2023-10-121-3-1,CONDUCTOR,FALLECIDO,NO INDICA,,BICICLETA
A-2023-10-121,P-2023-10-121-4-1,CONDUCTOR,FALLECIDO,NO INDICA,,BICICLETA
A-2023-10-122,P-2023-10-122-1-1,CONDUCTOR FUGADO,NO SE CONOCE,NO INDICA,,VEHICULO NO IDENTIFICADO
A-2023-10-122,P-2023-10-122-1-2,PEATÓN,FALLECIDO,MASCULINO,,VEHICULO NO IDENTIFICADO
A-2023-10-123,P-2023-10-123-1-1,CONDUCTOR FUGADO,NO SE CONOCE,NO INDICA,,VEHICULO NO IDENTIFICADO
A-2023-10-123,P-2023-10-123-1-2,PEATÓN,FALLECIDO,MASCULINO,,VEHICULO NO IDENTIFICADO
A-2023-10-124,P-2023-10-124-1-1,CONDUCTOR,FALLECIDO,MASCULINO,57,AUTOMÓVIL
A-2023-10-124,P-2023-10-124-2-1,CONDUCTOR,ILESO,MASCULINO,41,ÓMNIBUS
A-2023-10-125,P-2023-10-125-1-1,CONDUCTOR,ILESO,MASCULINO,31,REMOLCADOR-SEMIREMOLQUE
A-2023-10-125,P-2023-10-125-2-1,CONDUCTOR FUGADO,NO SE CONOCE,NO INDICA,,CAMIONETA RURAL
A-2023-10-125,P-2023-10-125-2-2,PASAJERO,FALLECIDO,MASCULINO,,CAMIONETA RURAL
A-2023-10-125,P-2023-10-125-2-3,PASAJERO,FALLECIDO,FEMENINO,,CAMIONETA RURAL
A-2023-10-126,P-2023-10-126-1-1,CONDUCTOR,ILESO,NO INDICA,,CAMIÓN
A-2023-10-126,P-2023-10-126-1-2,PEATÓN,FALLECIDO,MASCULINO,,CAMIÓN
A-2023-10-127,P-2023-10-127-1-1,CONDUCTOR,ILESO,MASCULINO,29,MOTOCICLETA
A-2023-10-127,P-2023-10-127-1-2,PEATÓN,FALLECIDO,MASCULINO,,MOTOCICLETA
A-2023-10-128,P-2023-10-128-1-1,CONDUCTOR,ILESO,MASCULINO,34,MOTOCICLETA
A-2023-10-128,P-2023-10-128-1-2,PEATÓN,FALLECIDO,MASCULINO,,MOTOCICLETA
A-2023-10-129,P-2023-10-129-1-1,CONDUCTOR,ILESO,MASCULINO,31,AUTOMÓVIL
A-2023-10-129,P-2023-10-129-1-2,PEATÓN,FALLECIDO,FEMENINO,,AUTOMÓVIL
A-2023-10-129,P-2023-10-129-1-3,PEATÓN,LESIONADO,MASCULINO,,AUTOMÓVIL
A-2023-10-129,P-2023-10-129-1-4,PEATÓN,LESIONADO,FEMENINO,,AUTOMÓVIL
A-2023-10-130,P-2023-10-130-1-1,CONDUCTOR FUGADO,NO SE CONOCE,NO INDICA,,VEHICULO NO IDENTIFICADO
A-2023-10-130,P-2023-10-130-1-2,PEATÓN,FALLECIDO,MASCULINO,,VEHICULO NO IDENTIFICADO
A-2023-10-131,P-2023-10-131-1-1,CONDUCTOR FUGADO,NO SE CONOCE,NO INDICA,,MOTOCICLETA
A-2023-10-131,P-2023-10-131-1-2,PEATÓN,FALLECIDO,MASCULINO,,MOTOCICLETA
A-2023-10-132,P-2023-10-132-1-1,CONDUCTOR,FALLECIDO,MASCULINO,21,TRIMOTO PASAJERO
A-2023-10-132,P-2023-10-132-2-1,CONDUCTOR,ILESO,MASCULINO,50,REMOLCADOR-SEMIREMOLQUE
A-2023-10-139,P-2023-10-139-1-1,CONDUCTOR,FALLECIDO,MASCULINO,39,MOTOCICLETA
A-2023-10-139,P-2023-10-139-2-1,SIN CONDUCTOR,NO SE CONOCE,NO INDICA,,REMOLCADOR-SEMIREMOLQUE
A-2023-10-140,P-2023-10-140-1-1,CONDUCTOR,ILESO,MASCULINO,56,MINIBUS
A-2023-10-140,P-2023-10-140-2-1,CONDUCTOR,FALLECIDO,MASCULINO,66,MOTOCICLETA
A-2023-10-179,P-2023-10-179-1-1,CONDUCTOR,ILESO,MASCULINO,48,ÓMNIBUS
A-2023-10-179,P-2023-10-179-1-2,PEATÓN,FALLECIDO,MASCULINO,12,ÓMNIBUS
A-2023-10-180,P-2023-10-180-1-1,CONDUCTOR FUGADO,NO SE CONOCE,,,VEHICULO NO IDENTIFICADO
A-2023-10-180,P-2023-10-180-1-2,PEATÓN,FALLECIDO,FEMENINO,71,VEHICULO NO IDENTIFICADO
A-2023-10-9,P-2023-10-9-1-1,CONDUCTOR,ILESO,MASCULINO,35,TRIMOTO PASAJERO
A-2023-10-9,P-2023-10-9-1-2,PEATÓN,FALLECIDO,MASCULINO,86,TRIMOTO PASAJERO
A-2023-10-93,P-2023-10-93-1-1,CONDUCTOR,ILESO,MASCULINO,41,STATION WAGON
A-2023-10-93,P-2023-10-93-1-2,PEATÓN,FALLECIDO,FEMENINO,66,STATION WAGON
A-2023-10-95,P-2023-10-95-1-1,CONDUCTOR,ILESO,MASCULINO,37,CAMIÓN
A-2023-10-95,P-2023-10-95-1-2,PEATÓN,FALLECIDO,MASCULINO,,CAMIÓN
A-2023-10-96,P-2023-10-96-1-1,CONDUCTOR,FALLECIDO,MASCULINO,18,MOTOCICLETA
A-2023-10-97,P-2023-10-97-1-1,CONDUCTOR FUGADO,NO SE CONOCE,NO INDICA,,VEHICULO NO IDENTIFICADO
A-2023-10-97,P-2023-10-97-1-2,PEATÓN,FALLECIDO,FEMENINO,,VEHICULO NO IDENTIFICADO
A-2023-10-98,P-2023-10-98-1-1,CONDUCTOR,ILESO,MASCULINO,24,AUTOMÓVIL
A-2023-10-98,P-2023-10-98-1-2,PEATÓN,FALLECIDO,MASCULINO,,AUTOMÓVIL
A-2023-10-99,P-2023-10-99-1-1,CONDUCTOR,ILESO,MASCULINO,53,CAMIONETA RURAL
A-2023-10-99,P-2023-10-99-1-2,PEATÓN,FALLECIDO,MASCULINO,,CAMIONETA RURAL
A-2023-11-105,P-2023-11-105-1-1,CONDUCTOR,ILESO,MASCULINO,26,CAMIÓN
A-2023-11-105,P-2023-11-105-1-2,PEATÓN,FALLECIDO,MASCULINO,40,CAMIÓN
A-2023-11-106,P-2023-11-106-1-1,CONDUCTOR,FALLECIDO,MASCULINO,56,AUTOMÓVIL
A-2023-11-107,P-2023-11-107-1-1,CONDUCTOR,ILESO,MASCULINO,37,REMOLCADOR-SEMIREMOLQUE
A-2023-11-107,P-2023-11-107-1-2,PEATÓN,FALLECIDO,MASCULINO,50,REMOLCADOR-SEMIREMOLQUE
A-2023-11-108,P-2023-11-108-1-1,CONDUCTOR,ILESO,MASCULINO,31,AUTOMÓVIL
A-2023-11-108,P-2023-11-108-1-2,PEATÓN,FALLECIDO,MASCULINO,75,AUTOMÓVIL
A-2023-11-109,P-2023-11-109-1-1,CONDUCTOR FUGADO,NO SE CONOCE,NO INDICA,,VEHICULO NO IDENTIFICADO
A-2023-11-109,P-2023-11-109-1-2,PEATÓN,FALLECIDO,MASCULINO,50,VEHICULO NO IDENTIFICADO
A-2023-11-110,P-2023-11-110-1-1,CONDUCTOR,ILESO,MASCULINO,36,AUTOMÓVIL
A-2023-11-110,P-2023-11-110-1-2,PEATÓN,FALLECIDO,MASCULINO,12,AUTOMÓVIL
A-2023-11-111,P-2023-11-111-1-1,CONDUCTOR,ILESO,MASCULINO,41,REMOLCADOR
A-2023-11-111,P-2023-11-111-2-1,CONDUCTOR,FALLECIDO,MASCULINO,27,MOTOCICLETA
A-2023-11-112,P-2023-11-112-1-1,CONDUCTOR,ILESO,MASCULINO,22,MOTOCICLETA
A-2023-11-112,P-2023-11-112-1-2,PEATÓN,FALLECIDO,MASCULINO,50,MOTOCICLETA
A-2023-11-113,P-2023-11-113-1-1,CONDUCTOR,ILESO,MASCULINO,46,ÓMNIBUS
A-2023-11-113,P-2023-11-113-2-1,CONDUCTOR,FALLECIDO,MASCULINO,28,MOTOCICLETA
A-2023-11-114,P-2023-11-114-1-1,CONDUCTOR,ILESO,MASCULINO,28,AUTOMÓVIL
A-2023-11-114,P-2023-11-114-1-2,PEATÓN,FALLECIDO,MASCULINO,40,AUTOMÓVIL
A-2023-11-115,P-2023-11-115-1-1,CONDUCTOR,ILESO,MASCULINO,41,ÓMNIBUS
A-2023-11-115,P-2023-11-115-1-2,PEATÓN,FALLECIDO,FEMENINO,45,ÓMNIBUS
A-2023-11-116,P-2023-11-116-1-1,CONDUCTOR,FALLECIDO,MASCULINO,62,BICICLETA
A-2023-11-116,P-2023-11-116-2-1,CONDUCTOR FUGADO,ILESO,MASCULINO,46,CAMIONETA RURAL
A-2023-11-117,P-2023-11-117-1-1,CONDUCTOR,ILESO,MASCULINO,34,CAMIÓN
A-2023-11-117,P-2023-11-117-2-1,CONDUCTOR,FALLECIDO,MASCULINO,47,OTRO
A-2023-11-118,P-2023-11-118-1-1,CONDUCTOR,ILESO,MASCULINO,32,MOTOCICLETA
A-2023-11-118,P-2023-11-118-1-2,PEATÓN,FALLECIDO,MASCULINO,60,MOTOCICLETA
A-2023-11-119,P-2023-11-119-1-1,CONDUCTOR FUGADO,NO SE CONOCE,NO INDICA,,VEHICULO NO IDENTIFICADO
A-2023-11-119,P-2023-11-119-1-2,PEATÓN,FALLECIDO,MASCULINO,30,VEHICULO NO IDENTIFICADO
A-2023-11-120,P-2023-11-120-1-1,CONDUCTOR,ILESO,MASCULINO,31,MINIBUS
A-2023-11-120,P-2023-11-120-1-2,PEATÓN,FALLECIDO,FEMENINO,65,MINIBUS
A-2023-11-121,P-2023-11-121-1-1,CONDUCTOR,ILESO,MASCULINO,31,CAMIÓN
A-2023-11-121,P-2023-11-121-1-2,PASAJERO,FALLECIDO,FEMENINO,25,CAMIÓN
A-2023-11-122,P-2023-11-122-1-1,CONDUCTOR,ILESO,MASCULINO,41,CAMIONETA PICK UP
A-2023-11-122,P-2023-11-122-1-2,PEATÓN,FALLECIDO,MASCULINO,80,CAMIONETA PICK UP
A-2023-11-123,P-2023-11-123-1-1,CONDUCTOR,FALLECIDO,MASCULINO,35,MOTOCICLETA
A-2023-11-124,P-2023-11-124-1-1,CONDUCTOR,FALLECIDO,MASCULINO,,MOTOCICLETA
A-2023-11-125,P-2023-11-125-1-1,CONDUCTOR,FALLECIDO,MASCULINO,60,AUTOMÓVIL
A-2023-11-125,P-2023-11-125-1-2,PEATÓN,LESIONADO,FEMENINO,35,AUTOMÓVIL
A-2023-11-126,P-2023-11-126-1-1,CONDUCTOR FUGADO,NO SE CONOCE,NO INDICA,,VEHICULO NO IDENTIFICADO
A-2023-11-126,P-2023-11-126-1-2,PEATÓN,FALLECIDO,MASCULINO,,VEHICULO NO IDENTIFICADO
A-2023-11-127,P-2023-11-127-1-1,CONDUCTOR,ILESO,MASCULINO,41,CAMIONETA RURAL
A-2023-11-127,P-2023-11-127-1-2,PEATÓN,FALLECIDO,MASCULINO,36,CAMIONETA RURAL
A-2023-11-128,P-2023-11-128-1-1,CONDUCTOR,ILESO,MASCULINO,39,REMOLCADOR-SEMIREMOLQUE
A-2023-11-128,P-2023-11-128-2-1,CONDUCTOR,FALLECIDO,MASCULINO,35,MOTOCICLETA
A-2023-11-128,P-2023-11-128-2-2,PASAJERO,FALLECIDO,FEMENINO,30,MOTOCICLETA
A-2023-11-129,P-2023-11-129-1-1,CONDUCTOR,ILESO,MASCULINO,31,CAMIONETA PICK UP
A-2023-11-129,P-2023-11-129-1-2,PEATÓN,FALLECIDO,MASCULINO,31,CAMIONETA PICK UP
A-2023-11-130,P-2023-11-130-1-1,CONDUCTOR,FALLECIDO,MASCULINO,23,MOTOCICLETA
A-2023-11-130,P-2023-11-130-2-1,CONDUCTOR,ILESO,MASCULINO,30,AUTOMÓVIL
A-2023-11-131,P-2023-11-131-1-1,CONDUCTOR FUGADO,NO SE CONOCE,NO INDICA,,CAMIONETA RURAL
A-2023-11-131,P-2023-11-131-1-2,PEATÓN,FALLECIDO,FEMENINO,65,CAMIONETA RURAL
A-2023-11-132,P-2023-11-132-1-1,CONDUCTOR FUGADO,NO SE CONOCE,NO INDICA,,VEHICULO NO IDENTIFICADO
A-2023-11-132,P-2023-11-132-1-2,PEATÓN,FALLECIDO,MASCULINO,50,VEHICULO NO IDENTIFICADO
A-2023-11-133,P-2023-11-133-1-1,CONDUCTOR FUGADO,NO SE CONOCE,NO INDICA,,VEHICULO NO IDENTIFICADO
A-2023-11-133,P-2023-11-133-1-2,PEATÓN,FALLECIDO,MASCULINO,30,VEHICULO NO IDENTIFICADO
A-2023-11-134,P-2023-11-134-1-1,CONDUCTOR FUGADO,NO SE CONOCE,NO INDICA,,VEHICULO NO IDENTIFICADO
A-2023-11-134,P-2023-11-134-1-2,PEATÓN,FALLECIDO,MASCULINO,60,VEHICULO NO IDENTIFICADO
A-2023-11-135,P-2023-11-135-1-1,CONDUCTOR,ILESO,MASCULINO,39,REMOLCADOR-SEMIREMOLQUE
A-2023-11-135,P-2023-11-135-1-2,PEATÓN,FALLECIDO,MASCULINO,25,REMOLCADOR-SEMIREMOLQUE
A-2023-11-136,P-2023-11-136-1-1,CONDUCTOR,ILESO,MASCULINO,26,MINIBUS
A-2023-11-136,P-2023-11-136-1-2,PEATÓN,FALLECIDO,FEMENINO,35,MINIBUS
A-2023-11-136,P-2023-11-136-1-3,PASAJERO,LESIONADO,NO INDICA,,MINIBUS
A-2023-11-136,P-2023-11-136-1-4,PASAJERO,LESIONADO,NO INDICA,,MINIBUS
A-2023-11-136,P-2023-11-136-1-5,PASAJERO,LESIONADO,NO INDICA,,MINIBUS
A-2023-11-136,P-2023-11-136-1-6,PASAJERO,LESIONADO,NO INDICA,,MINIBUS
A-2023-11-136,P-2023-11-136-1-7,PASAJERO,LESIONADO,NO INDICA,,MINIBUS
A-2023-11-136,P-2023-11-136-1-8,PASAJERO,LESIONADO,NO INDICA,,MINIBUS
A-2023-11-137,P-2023-11-137-1-1,CONDUCTOR FUGADO,NO SE CONOCE,NO INDICA,,VEHICULO NO IDENTIFICADO
A-2023-11-137,P-2023-11-137-2-1,CONDUCTOR,FALLECIDO,MASCULINO,40,MOTOCICLETA
A-2023-11-138,P-2023-11-138-1-1,CONDUCTOR FUGADO,NO SE CONOCE,NO INDICA,,VEHICULO NO IDENTIFICADO
A-2023-11-138,P-2023-11-138-1-2,PEATÓN,FALLECIDO,MASCULINO,25,VEHICULO NO IDENTIFICADO
A-2023-11-149,P-2023-11-149-1-1,CONDUCTOR,ILESO,MASCULINO,35,REMOLCADOR-SEMIREMOLQUE
A-2023-11-149,P-2023-11-149-1-2,PEATÓN,FALLECIDO,MASCULINO,61,REMOLCADOR-SEMIREMOLQUE
A-2023-11-149,P-2023-11-149-1-3,PEATÓN,LESIONADO,FEMENINO,3,REMOLCADOR-SEMIREMOLQUE
A-2023-11-150,P-2023-11-150-1-1,CONDUCTOR,FALLECIDO,FEMENINO,50,MOTOCICLETA
A-2023-11-150,P-2023-11-150-2-1,CONDUCTOR,ILESO,MASCULINO,38,CAMIÓN
A-2023-11-177,P-2023-11-177-1-1,CONDUCTOR,ILESO,MASCULINO,55,CAMIÓN
A-2023-11-177,P-2023-11-177-2-1,CONDUCTOR,ILESO,MASCULINO,51,REMOLCADOR-SEMIREMOLQUE
A-2023-11-177,P-2023-11-177-3-1,CONDUCTOR,FALLECIDO,MASCULINO,29,MOTOCICLETA
A-2023-11-189,P-2023-11-189-1-1,SIN CONDUCTOR,NO SE CONOCE,,,AUTOMÓVIL
A-2023-11-189,P-2023-11-189-1-2,PEATÓN,FALLECIDO,MASCULINO,21,AUTOMÓVIL
A-2023-12-100,P-2023-12-100-1-1,CONDUCTOR,ILESO,MASCULINO,34,MOTOCICLETA
A-2023-12-100,P-2023-12-100-1-2,PEATÓN,FALLECIDO,MASCULINO,67,MOTOCICLETA
A-2023-12-101,P-2023-12-101-1-1,CONDUCTOR,ILESO,MASCULINO,21,TRIMOTO PASAJERO
A-2023-12-101,P-2023-12-101-1-2,PEATÓN,FALLECIDO,MASCULINO,85,TRIMOTO PASAJERO
A-2023-12-102,P-2023-12-102-1-1,CONDUCTOR,ILESO,MASCULINO,26,CAMIONETA RURAL
A-2023-12-102,P-2023-12-102-1-10,PASAJERO,LESIONADO,NO INDICA,,CAMIONETA RURAL
A-2023-12-102,P-2023-12-102-1-11,PASAJERO,LESIONADO,NO INDICA,,CAMIONETA RURAL
A-2023-12-102,P-2023-12-102-1-12,PASAJERO,LESIONADO,NO INDICA,,CAMIONETA RURAL
A-2023-12-102,P-2023-12-102-1-2,PASAJERO,FALLECIDO,FEMENINO,48,CAMIONETA RURAL
A-2023-12-102,P-2023-12-102-1-3,PASAJERO,FALLECIDO,FEMENINO,30,CAMIONETA RURAL
A-2023-12-102,P-2023-12-102-1-4,PASAJERO,FALLECIDO,MASCULINO,35,CAMIONETA RURAL
A-2023-12-102,P-2023-12-102-1-5,PASAJERO,LESIONADO,NO INDICA,,CAMIONETA RURAL
A-2023-12-102,P-2023-12-102-1-6,PASAJERO,LESIONADO,NO INDICA,,CAMIONETA RURAL
A-2023-12-102,P-2023-12-102-1-7,PASAJERO,LESIONADO,NO INDICA,,CAMIONETA RURAL
A-2023-12-102,P-2023-12-102-1-8,PASAJERO,LESIONADO,NO INDICA,,CAMIONETA RURAL
A-2023-12-102,P-2023-12-102-1-9,PASAJERO,LESIONADO,NO INDICA,,CAMIONETA RURAL
A-2023-12-103,P-2023-12-103-1-1,CONDUCTOR,FALLECIDO,MASCULINO,48,CAMIÓN
A-2023-12-103,P-2023-12-103-1-2,PASAJERO,FALLECIDO,FEMENINO,23,CAMIÓN
A-2023-12-103,P-2023-12-103-1-3,PASAJERO,LESIONADO,MASCULINO,22,CAMIÓN
A-2023-12-103,P-2023-12-103-2-1,CONDUCTOR,ILESO,MASCULINO,62,ÓMNIBUS
A-2023-12-104,P-2023-12-104-1-1,CONDUCTOR,FALLECIDO,MASCULINO,30,MOTOCICLETA
A-2023-12-105,P-2023-12-105-1-1,CONDUCTOR,ILESO,MASCULINO,44,AUTOMÓVIL
A-2023-12-105,P-2023-12-105-1-2,PEATÓN,FALLECIDO,MASCULINO,84,AUTOMÓVIL
A-2023-12-105,P-2023-12-105-2-1,CONDUCTOR,ILESO,MASCULINO,48,AUTOMÓVIL
A-2023-12-105,P-2023-12-105-2-2,PEATÓN,FALLECIDO,FEMENINO,73,AUTOMÓVIL
A-2023-12-106,P-2023-12-106-1-1,CONDUCTOR,ILESO,MASCULINO,29,MOTOCICLETA
A-2023-12-106,P-2023-12-106-1-2,PEATÓN,FALLECIDO,MASCULINO,75,MOTOCICLETA
A-2023-12-107,P-2023-12-107-1-1,CONDUCTOR,ILESO,MASCULINO,60,CAMIÓN
A-2023-12-107,P-2023-12-107-2-1,CONDUCTOR,FALLECIDO,MASCULINO,47,BICICLETA
A-2023-12-108,P-2023-12-108-1-1,CONDUCTOR,ILESO,MASCULINO,34,TRIMOTO PASAJERO
A-2023-12-108,P-2023-12-108-1-2,PEATÓN,FALLECIDO,MASCULINO,34,TRIMOTO PASAJERO
A-2023-12-109,P-2023-12-109-1-1,CONDUCTOR,ILESO,MASCULINO,56,ÓMNIBUS
A-2023-12-109,P-2023-12-109-1-2,PEATÓN,FALLECIDO,MASCULINO,49,ÓMNIBUS
A-2023-12-110,P-2023-12-110-1-1,CONDUCTOR FUGADO,NO SE CONOCE,NO INDICA,,VEHICULO NO IDENTIFICADO
A-2023-12-110,P-2023-12-110-1-2,PEATÓN,FALLECIDO,MASCULINO,38,VEHICULO NO IDENTIFICADO
A-2023-12-111,P-2023-12-111-1-1,CONDUCTOR,ILESO,MASCULINO,36,ÓMNIBUS
A-2023-12-111,P-2023-12-111-1-2,PEATÓN,FALLECIDO,MASCULINO,71,ÓMNIBUS
A-2023-12-112,P-2023-12-112-1-1,CONDUCTOR,FALLECIDO,NO INDICA,,MOTOCICLETA
A-2023-12-112,P-2023-12-112-2-1,CONDUCTOR,ILESO,MASCULINO,34,AUTOMÓVIL
A-2023-12-113,P-2023-12-113-1-1,CONDUCTOR,FALLECIDO,MASCULINO,26,MOTOCICLETA
A-2023-12-114,P-2023-12-114-1-1,CONDUCTOR,FALLECIDO,MASCULINO,37,OTRO
A-2023-12-114,P-2023-12-114-1-2,PASAJERO,LESIONADO,MASCULINO,30,OTRO
A-2023-12-115,P-2023-12-115-1-1,CONDUCTOR,ILESO,MASCULINO,64,CAMIÓN
A-2023-12-115,P-2023-12-115-1-2,PEATÓN,FALLECIDO,MASCULINO,43,CAMIÓN
A-2023-12-115,P-2023-12-115-2-1,CONDUCTOR,ILESO,MASCULINO,31,AUTOMÓVIL
A-2023-12-115,P-2023-12-115-2-2,PEATÓN,LESIONADO,MASCULINO,45,AUTOMÓVIL
A-2023-12-116,P-2023-12-116-1-1,CONDUCTOR,FALLECIDO,MASCULINO,40,AUTOMÓVIL
A-2023-12-116,P-2023-12-116-2-1,CONDUCTOR,ILESO,MASCULINO,56,CAMIONETA PICK UP
A-2023-12-117,P-2023-12-117-1-1,CONDUCTOR,ILESO,MASCULINO,56,CAMIONETA RURAL
A-2023-12-117,P-2023-12-117-1-2,PEATÓN,FALLECIDO,MASCULINO,40,CAMIONETA RURAL
A-2023-12-118,P-2023-12-118-1-1,CONDUCTOR,ILESO,MASCULINO,30,AUTOMÓVIL
A-2023-12-118,P-2023-12-118-1-2,PEATÓN,FALLECIDO,MASCULINO,73,AUTOMÓVIL
A-2023-12-119,P-2023-12-119-1-1,CONDUCTOR,ILESO,MASCULINO,37,CAMIONETA RURAL
A-2023-12-119,P-2023-12-119-2-1,CONDUCTOR,FALLECIDO,FEMENINO,27,MOTOCICLETA
A-2023-12-120,P-2023-12-120-1-1,CONDUCTOR,ILESO,MASCULINO,38,CAMIÓN
A-2023-12-120,P-2023-12-120-1-2,PEATÓN,FALLECIDO,MASCULINO,70,CAMIÓN
A-2023-12-146,P-2023-12-146-1-1,CONDUCTOR,ILESO,MASCULINO,55,CAMIÓN
A-2023-12-146,P-2023-12-146-1-2,PEATÓN,FALLECIDO,MASCULINO,90,CAMIÓN
A-2023-12-147,P-2023-12-147-1-1,CONDUCTOR,LESIONADO,MASCULINO,35,MOTOCICLETA
A-2023-12-147,P-2023-12-147-1-2,PASAJERO,FALLECIDO,MASCULINO,25,MOTOCICLETA
A-2023-12-164,P-2023-12-164-1-1,CONDUCTOR,LESIONADO,MASCULINO,64,AUTOMÓVIL
A-2023-12-164,P-2023-12-164-1-2,PASAJERO,FALLECIDO,FEMENINO,,AUTOMÓVIL
A-2023-12-88,P-2023-12-88-1-1,CONDUCTOR,FALLECIDO,MASCULINO,13,BICICLETA
A-2023-12-89,P-2023-12-89-1-1,CONDUCTOR,ILESO,MASCULINO,60,CAMIONETA RURAL
A-2023-12-89,P-2023-12-89-1-2,PEATÓN,FALLECIDO,MASCULINO,74,CAMIONETA RURAL
A-2023-12-90,P-2023-12-90-1-1,CONDUCTOR,ILESO,MASCULINO,31,MOTOCICLETA
A-2023-12-90,P-2023-12-90-1-2,PASAJERO,FALLECIDO,FEMENINO,31,MOTOCICLETA
A-2023-12-91,P-2023-12-91-1-1,CONDUCTOR,ILESO,MASCULINO,48,AUTOMÓVIL
A-2023-12-91,P-2023-12-91-1-2,PEATÓN,FALLECIDO,MASCULINO,30,AUTOMÓVIL
A-2023-12-92,P-2023-12-92-1-1,CONDUCTOR,ILESO,MASCULINO,23,AUTOMÓVIL
A-2023-12-92,P-2023-12-92-1-2,PEATÓN,FALLECIDO,MASCULINO,72,AUTOMÓVIL
A-2023-12-93,P-2023-12-93-1-1,CONDUCTOR,LESIONADO,MASCULINO,35,MOTOCICLETA
A-2023-12-93,P-2023-12-93-1-2,PEATÓN,FALLECIDO,MASCULINO,28,MOTOCICLETA
A-2023-12-94,P-2023-12-94-1-1,CONDUCTOR,FALLECIDO,MASCULINO,48,STATION WAGON
A-2023-12-94,P-2023-12-94-2-1,CONDUCTOR,ILESO,MASCULINO,49,ÓMNIBUS
A-2023-12-95,P-2023-12-95-1-1,CONDUCTOR FUGADO,NO SE CONOCE,NO INDICA,,OTRO
A-2023-12-95,P-2023-12-95-1-2,PEATÓN,FALLECIDO,MASCULINO,66,OTRO
A-2023-12-96,P-2023-12-96-1-1,CONDUCTOR FUGADO,NO SE CONOCE,NO INDICA,,VEHICULO NO IDENTIFICADO
A-2023-12-96,P-2023-12-96-1-2,PEATÓN,FALLECIDO,MASCULINO,33,VEHICULO NO IDENTIFICADO
A-2023-12-97,P-2023-12-97-1-1,CONDUCTOR,ILESO,MASCULINO,24,MOTOCICLETA
A-2023-12-97,P-2023-12-97-1-2,PEATÓN,FALLECIDO,MASCULINO,90,MOTOCICLETA
A-2023-12-98,P-2023-12-98-1-1,CONDUCTOR,ILESO,MASCULINO,34,TRIMOTO PASAJERO
A-2023-12-98,P-2023-12-98-1-2,PEATÓN,FALLECIDO,MASCULINO,38,TRIMOTO PASAJERO
A-2023-12-99,P-2023-12-99-1-1,CONDUCTOR,ILESO,MASCULINO,26,MINIBUS
A-2023-12-99,P-2023-12-99-1-2,PEATÓN,FALLECIDO,MASCULINO,69,MINIBUS
