codigo_siniestro,fecha,anio,dia_semana,hora,hora_num,provincia,distrito,zona,tipo_via,clase_siniestro,causa_principal,cantidad_fallecidos,cantidad_lesionados,latitud,longitud
A-2021-01-248,2021-01-01,2021,VIERNES,05:45,5,LIMA,PACHACAMAC,URBANA,AVENIDA,DESPISTE,IMPRUDENCIA DEL CONDUCTOR,1,3,-12.2294,-76.859412
A-2021-01-254,2021-01-01,2021,VIERNES,14:00,14,LIMA,VILLA MARIA DEL TRIUNFO,URBANA,AVENIDA,ATROPELLO,IMPRUDENCIA DEL CONDUCTOR,1,1,-12.164406,-76.953426
A-2021-01-258,2021-01-03,2021,DOMINGO,00:35,0,LIMA,VILLA EL SALVADOR,URBANA,CARRETERA,ATROPELLO FUGA,EN PROCESO DE INVESTIGACIÓN,1,0,-12.225604,-76.971698
A-2021-01-260,2021-01-04,2021,LUNES,01:35,1,LIMA,ATE,URBANA,AVENIDA,ATROPELLO,IMPRUDENCIA DEL CONDUCTOR,1,0,-12.02601,-76.919122
A-2021-01-262,2021-01-06,2021,MIERCOLES,20:40,20,LIMA,CHORRILLOS,URBANA,AVENIDA,CHOQUE,IMPRUDENCIA DEL CONDUCTOR,2,0,-12.173039,-76.995706
A-2021-01-264,2021-01-09,2021,SABADO,10:00,10,LIMA,SAN JUAN DE LURIGANCHO,URBANA,AVENIDA,DESPISTE,NEGLIGENCIA DEL CONDUCTOR,1,0,-11.980617,-77.012747
A-2021-01-265,2021-01-11,2021,LUNES,09:20,9,LIMA,VILLA MARIA DEL TRIUNFO,URBANA,AVENIDA,DESPISTE,EN PROCESO DE INVESTIGACIÓN,1,0,-12.1622,-76.943612
A-2021-01-266,2021-01-14,2021,JUEVES,06:00,6,LIMA,SANTA ANITA,URBANA,AVENIDA,ATROPELLO,IMPRUDENCIA DEL CONDUCTOR,1,0,-12.0436,-76.971412
A-2021-01-267,2021-01-14,2021,JUEVES,01:10,1,LIMA,LURIN,URBANA,OTRO,VOLCADURA,IMPRUDENCIA DEL CONDUCTOR,1,0,-12.252695,-76.898016
A-2021-01-269,2021-01-16,2021,SABADO,18:30,18,LIMA,COMAS,URBANA,AVENIDA,DESPISTE,EN PROCESO DE INVESTIGACIÓN,1,1,-11.9575,-77.049211
A-2021-01-392,2021-01-16,2021,SABADO,19:45,19,CALLAO,LA PERLA,URBANA,AVENIDA,ATROPELLO,EN PROCESO DE INVESTIGACIÓN,1,1,-12.064691,-77.115547
A-2021-01-129,2021-01-17,2021,DOMINGO,08:00,8,CALLAO,CALLAO,URBANA,CARRETERA,CAÍDA DE PASAJERO,IMPRUDENCIA DEL PEATÓN,1,0,-12.054372,-77.142617
A-2021-01-270,2021-01-19,2021,MARTES,09:30,9,LIMA,LURIGANCHO,URBANA,AVENIDA,CHOQUE,IMPRUDENCIA DEL CONDUCTOR,1,4,-12.017421,-76.946914
A-2021-01-271,2021-01-23,2021,SABADO,13:00,13,LIMA,LOS OLIVOS,URBANA,AVENIDA,ATROPELLO,IMPRUDENCIA DEL CONDUCTOR,1,0,-11.991702,-77.070611
A-2021-01-272,2021-01-23,2021,SABADO,17:35,17,LIMA,PUENTE PIEDRA,URBANA,CARRETERA,ATROPELLO,EN PROCESO DE INVESTIGACIÓN,1,0,-11.897187,-77.067866
A-2021-01-195,2021-01-24,2021,DOMINGO,20:10,20,CALLAO,VENTANILLA,URBANA,CARRETERA,DESPISTE,EN PROCESO DE INVESTIGACIÓN,1,0,-11.881892,-77.126265
A-2021-01-273,2021-01-25,2021,LUNES,08:00,8,LIMA,SAN MARTIN DE PORRES,URBANA,AVENIDA,ATROPELLO FUGA,IMPRUDENCIA DEL PEATÓN,1,0,-11.981557,-77.096882
A-2021-01-274,2021-01-25,2021,LUNES,11:30,11,LIMA,VILLA MARIA DEL TRIUNFO,URBANA,AVENIDA,CHOQUE,NEGLIGENCIA DEL CONDUCTOR,1,1,-12.163841,-76.952571
A-2021-01-381,2021-01-26,2021,MARTES,06:50,6,LIMA,SAN MARTIN DE PORRES,URBANA,JIRÓN,ATROPELLO,EN PROCESO DE INVESTIGACIÓN,1,0,-12.018966,-77.053367
A-2021-01-282,2021-01-28,2021,JUEVES,05:00,5,LIMA,COMAS,RURAL,CARRETERA,CHOQUE FUGA,IMPRUDENCIA DEL CONDUCTOR,1,1,-11.932369,-77.072179
A-2021-01-284,2021-01-28,2021,JUEVES,17:20,17,LIMA,CARABAYLLO,URBANA,AVENIDA,CHOQUE,EN PROCESO DE INVESTIGACIÓN,1,0,-11.89,-77.026912
A-2021-01-288,2021-01-29,2021,VIERNES,10:14,10,LIMA,SAN JUAN DE LURIGANCHO,URBANA,AVENIDA,CHOQUE,IMPRUDENCIA DEL CONDUCTOR,1,0,-12.029399,-77.010081
A-2021-01-356,2021-01-30,2021,SABADO,00:10,0,LIMA,LURIGANCHO,URBANA,AVENIDA,ATROPELLO FUGA,EN PROCESO DE INVESTIGACIÓN,1,0,-11.987377,-76.897774
A-2021-01-391,2021-01-30,2021,SABADO,21:10,21,CALLAO,CALLAO,URBANA,CARRETERA,CHOQUE,IMPRUDENCIA DEL CONDUCTOR,1,1,-12.033277,-77.100286
A-2021-02-248,2021-02-01,2021,LUNES,04:47,4,LIMA,SAN ISIDRO,URBANA,AVENIDA,CHOQUE,NEGLIGENCIA DEL CONDUCTOR,1,0,-12.09219,-77.032178
A-2021-02-251,2021-02-01,2021,LUNES,07:10,7,LIMA,COMAS,URBANA,AVENIDA,CHOQUE,EN PROCESO DE INVESTIGACIÓN,1,0,-11.937626,-77.071262
A-2021-02-127,2021-02-08,2021,LUNES,15:40,15,LIMA,EL AGUSTINO,URBANA,AVENIDA,ATROPELLO,IMPRUDENCIA DEL CONDUCTOR,1,0,-12.029121,-76.99979
A-2021-02-124,2021-02-08,2021,LUNES,11:30,11,LIMA,SAN JUAN DE LURIGANCHO,URBANA,AVENIDA,CHOQUE,IMPRUDENCIA DEL CONDUCTOR,1,0,-12.025888,-76.98613
A-2021-02-249,2021-02-09,2021,MARTES,20:00,20,LIMA,SAN JUAN DE MIRAFLORES,URBANA,CARRETERA,ATROPELLO,IMPRUDENCIA DEL PEATÓN,1,0,-12.156762,-76.983253
A-2021-02-250,2021-02-09,2021,MARTES,21:12,21,LIMA,LA VICTORIA,URBANA,AVENIDA,DESPISTE,IMPRUDENCIA DEL CONDUCTOR,1,0,-12.076164,-77.02763
A-2021-02-254,2021-02-10,2021,MIERCOLES,13:00,13,LIMA,SURQUILLO,URBANA,AVENIDA,CHOQUE,IMPERICIA DEL CONDUCTOR,1,0,-12.117717,-77.008589
A-2021-02-252,2021-02-10,2021,MIERCOLES,15:30,15,LIMA,LURIN,URBANA,CARRETERA,DESPISTE,IMPRUDENCIA DEL CONDUCTOR,1,0,-12.290936,-76.866325
A-2021-02-253,2021-02-10,2021,MIERCOLES,16:15,16,LIMA,SAN LUIS,URBANA,AVENIDA,ATROPELLO,IMPRUDENCIA DEL PEATÓN,1,0,-12.081299,-76.994883
A-2021-02-255,2021-02-12,2021,VIERNES,07:15,7,LIMA,SAN MARTIN DE PORRES,URBANA,CARRETERA,ATROPELLO,EN PROCESO DE INVESTIGACIÓN,1,0,-11.954709,-77.085102
A-2021-02-244,2021-02-12,2021,VIERNES,11:50,11,CALLAO,CALLAO,URBANA,AVENIDA,CHOQUE,NEGLIGENCIA DEL CONDUCTOR,1,0,-12.055773,-77.121888
A-2021-02-257,2021-02-13,2021,SABADO,20:40,20,LIMA,CARABAYLLO,URBANA,AVENIDA,ATROPELLO FUGA,IMPRUDENCIA DEL PEATÓN,1,0,-11.861366,-77.053572
A-2021-02-259,2021-02-13,2021,SABADO,18:50,18,LIMA,MIRAFLORES,URBANA,CALLE,VOLCADURA,IMPRUDENCIA DEL CONDUCTOR,1,0,-12.116941,-77.034714
A-2021-02-256,2021-02-13,2021,SABADO,17:20,17,LIMA,VILLA EL SALVADOR,URBANA,AVENIDA,CHOQUE,IMPRUDENCIA DEL CONDUCTOR,1,2,-12.199058,-76.942014
A-2021-02-258,2021-02-13,2021,SABADO,08:00,8,LIMA,EL AGUSTINO,URBANA,CARRETERA,ATROPELLO,IMPRUDENCIA DEL CONDUCTOR,1,0,-12.030234,-76.993545
A-2021-02-261,2021-02-16,2021,MARTES,08:00,8,LIMA,LIMA,URBANA,AVENIDA,CHOQUE,IMPRUDENCIA DEL CONDUCTOR,1,0,-12.073431,-77.036197
A-2021-02-260,2021-02-16,2021,MARTES,18:30,18,LIMA,LINCE,URBANA,AVENIDA,CHOQUE,IMPRUDENCIA DEL CONDUCTOR,1,0,-12.08513,-77.04855
A-2021-02-262,2021-02-17,2021,MIERCOLES,11:30,11,LIMA,RIMAC,URBANA,AVENIDA,ATROPELLO,IMPRUDENCIA DEL PEATÓN,1,0,-12.026902,-77.040172
A-2021-02-264,2021-02-18,2021,JUEVES,15:25,15,LIMA,VILLA MARIA DEL TRIUNFO,RURAL,CALLE,CHOQUE CON OBJETO FIJO,IMPRUDENCIA DEL CONDUCTOR,1,3,-12.14029,-76.9112
A-2021-02-263,2021-02-18,2021,JUEVES,18:00,18,LIMA,RIMAC,URBANA,CARRETERA,ATROPELLO FUGA,EN PROCESO DE INVESTIGACIÓN,1,0,-12.043103,-77.023178
A-2021-02-235,2021-02-19,2021,VIERNES,08:30,8,CALLAO,CALLAO,URBANA,CARRETERA,CHOQUE,EN PROCESO DE INVESTIGACIÓN,1,0,-11.959804,-77.128368
A-2021-02-265,2021-02-19,2021,VIERNES,20:20,20,LIMA,LIMA,URBANA,AVENIDA,ATROPELLO,IMPRUDENCIA DEL CONDUCTOR,2,0,-12.061019,-77.012814
A-2021-02-237,2021-02-21,2021,DOMINGO,21:40,21,LIMA,MAGDALENA DEL MAR,URBANA,OTRO,CHOQUE CON OBJETO FIJO,EN PROCESO DE INVESTIGACIÓN,1,0,-12.09681,-77.075258
A-2021-02-266,2021-02-22,2021,LUNES,07:30,7,LIMA,INDEPENDENCIA,URBANA,CARRETERA,VOLCADURA,IMPRUDENCIA DEL CONDUCTOR,1,0,-11.988294,-77.064146
A-2021-02-236,2021-02-23,2021,MARTES,17:00,17,CALLAO,CALLAO,URBANA,CARRETERA,DESPISTE,EN PROCESO DE INVESTIGACIÓN,1,0,-12.050285,-77.118064
A-2021-02-267,2021-02-23,2021,MARTES,21:00,21,LIMA,SANTA ANITA,URBANA,CARRETERA,ATROPELLO FUGA,EN PROCESO DE INVESTIGACIÓN,1,0,-12.057,-76.974
A-2021-02-268,2021-02-24,2021,MIERCOLES,08:30,8,LIMA,RIMAC,URBANA,AVENIDA,CHOQUE,EN PROCESO DE INVESTIGACIÓN,1,0,-12.034807,-77.029858
A-2021-02-269,2021-02-26,2021,VIERNES,07:30,7,LIMA,SAN JUAN DE MIRAFLORES,URBANA,AVENIDA,ATROPELLO,IMPRUDENCIA DEL CONDUCTOR,1,0,-12.162491,-76.962732
A-2021-02-270,2021-02-27,2021,SABADO,12:30,12,LIMA,EL AGUSTINO,URBANA,CARRETERA,ATROPELLO,EN PROCESO DE INVESTIGACIÓN,1,0,-12.032477,-76.991074
A-2021-02-271,2021-02-27,2021,SABADO,22:30,22,LIMA,CARABAYLLO,URBANA,JIRÓN,DESPISTE,IMPRUDENCIA DEL CONDUCTOR,1,0,-11.889978,-77.02457
A-2021-03-69,2021-03-01,2021,LUNES,08:00,8,LIMA,INDEPENDENCIA,URBANA,AVENIDA,CAÍDA DE PASAJERO,EN PROCESO DE INVESTIGACIÓN,1,0,-11.9969,-77.0544
A-2021-03-170,2021-03-03,2021,MIERCOLES,18:00,18,LIMA,SAN JUAN DE LURIGANCHO,URBANA,CARRETERA,ATROPELLO,IMPRUDENCIA DEL PEATÓN,1,0,-11.960104,-76.981856
A-2021-03-171,2021-03-04,2021,JUEVES,20:40,20,LIMA,SAN JUAN DE LURIGANCHO,URBANA,AVENIDA,VOLCADURA,EN PROCESO DE INVESTIGACIÓN,1,0,-11.961697,-76.982522
A-2021-03-175,2021-03-05,2021,VIERNES,00:30,0,LIMA,SAN MARTIN DE PORRES,URBANA,AVENIDA,DESPISTE,INFRAESTRUCTURA Y ENTORNO VIAL,1,0,-12.031772,-77.077474
A-2021-03-352,2021-03-05,2021,VIERNES,19:00,19,LIMA,LIMA,URBANA,JIRÓN,ATROPELLO,IMPRUDENCIA DEL PEATÓN,1,0,-12.050964,-77.039908
A-2021-03-201,2021-03-05,2021,VIERNES,21:30,21,LIMA,SAN JUAN DE MIRAFLORES,URBANA,CARRETERA,ATROPELLO,IMPRUDENCIA DEL CONDUCTOR,1,0,-12.185667,-76.974538
A-2021-03-202,2021-03-06,2021,SABADO,03:50,3,LIMA,COMAS,URBANA,CARRETERA,ATROPELLO,IMPRUDENCIA DEL CONDUCTOR,3,0,-11.939114,-77.071492
A-2021-03-349,2021-03-07,2021,DOMINGO,12:30,12,LIMA,SANTA ROSA,URBANA,CARRETERA,CHOQUE CON OBJETO FIJO,IMPRUDENCIA DEL CONDUCTOR,1,0,-11.790793,-77.148731
A-2021-03-218,2021-03-11,2021,JUEVES,17:40,17,LIMA,PUENTE PIEDRA,URBANA,CARRETERA,CHOQUE CON OBJETO FIJO,IMPRUDENCIA DEL CONDUCTOR,1,0,-11.91275,-77.07335
A-2021-03-221,2021-03-12,2021,VIERNES,16:00,16,LIMA,PUEBLO LIBRE,URBANA,AVENIDA,ATROPELLO,EN PROCESO DE INVESTIGACIÓN,1,0,-12.08142,-77.05889
A-2021-03-346,2021-03-14,2021,DOMINGO,03:00,3,LIMA,COMAS,URBANA,CARRETERA,ATROPELLO FUGA,EN PROCESO DE INVESTIGACIÓN,1,0,-11.946883,-77.070858
A-2021-03-228,2021-03-16,2021,MARTES,16:00,16,LIMA,INDEPENDENCIA,URBANA,AVENIDA,ATROPELLO FUGA,EN PROCESO DE INVESTIGACIÓN,1,0,-12.00466,-77.06125
A-2021-03-311,2021-03-16,2021,MARTES,17:30,17,CALLAO,CALLAO,URBANA,AVENIDA,ATROPELLO,IMPRUDENCIA DEL PEATÓN,1,1,-12.047421,-77.08599
A-2021-03-230,2021-03-17,2021,MIERCOLES,10:30,10,LIMA,SAN MARTIN DE PORRES,URBANA,AVENIDA,ATROPELLO,IMPRUDENCIA DEL PEATÓN,1,0,-12.03756,-77.04597
A-2021-03-233,2021-03-17,2021,MIERCOLES,17:00,17,LIMA,PUNTA NEGRA,URBANA,AVENIDA,VOLCADURA,EN PROCESO DE INVESTIGACIÓN,1,0,-12.38028,-76.78787
A-2021-03-236,2021-03-19,2021,VIERNES,08:40,8,LIMA,SANTIAGO DE SURCO,URBANA,AVENIDA,DESPISTE,IMPRUDENCIA DEL CONDUCTOR,1,0,-12.13744,-77.01514
A-2021-03-237,2021-03-20,2021,SABADO,07:00,7,LIMA,SAN MARTIN DE PORRES,URBANA,AVENIDA,ATROPELLO,IMPRUDENCIA DEL CONDUCTOR,1,0,-12.00624,-77.0827
A-2021-03-238,2021-03-20,2021,SABADO,14:10,14,LIMA,EL AGUSTINO,URBANA,CARRETERA,CHOQUE,IMPRUDENCIA DEL CONDUCTOR,1,0,-12.0427,-76.98674
A-2021-03-326,2021-03-21,2021,DOMINGO,12:30,12,LIMA,INDEPENDENCIA,URBANA,PASAJE,DESPISTE,EN PROCESO DE INVESTIGACIÓN,1,0,-11.9994,-77.04375
A-2021-03-240,2021-03-21,2021,DOMINGO,20:00,20,LIMA,SAN MARTIN DE PORRES,URBANA,AVENIDA,ATROPELLO,IMPRUDENCIA DEL CONDUCTOR,1,0,-12.00193,-77.087
A-2021-03-353,2021-03-24,2021,MIERCOLES,14:30,14,LIMA,LURIGANCHO,URBANA,AVENIDA,ATROPELLO,EN PROCESO DE INVESTIGACIÓN,1,0,-11.94518,-76.713229
A-2021-03-243,2021-03-24,2021,MIERCOLES,09:30,9,LIMA,LA MOLINA,RURAL,AVENIDA,CHOQUE,IMPRUDENCIA DEL CONDUCTOR,1,0,-12.0607,-76.94719
A-2021-03-354,2021-03-26,2021,VIERNES,03:50,3,LIMA,COMAS,URBANA,AVENIDA,DESPISTE,IMPRUDENCIA DEL CONDUCTOR,1,0,-11.953623,-77.051583
A-2021-03-355,2021-03-26,2021,VIERNES,22:00,22,LIMA,VILLA MARIA DEL TRIUNFO,URBANA,AVENIDA,CHOQUE,IMPRUDENCIA DEL CONDUCTOR,1,0,-12.193128,-76.935911
A-2021-03-356,2021-03-27,2021,SABADO,17:00,17,LIMA,VILLA EL SALVADOR,URBANA,CARRETERA,CHOQUE,EN PROCESO DE INVESTIGACIÓN,1,2,-12.244082,-76.940981
A-2021-03-297,2021-03-27,2021,SABADO,23:30,23,CALLAO,LA PERLA,URBANA,AVENIDA,DESPISTE,IMPRUDENCIA DEL CONDUCTOR,1,0,-12.064906,-77.116
A-2021-03-359,2021-03-29,2021,LUNES,19:00,19,LIMA,SAN JUAN DE LURIGANCHO,URBANA,AVENIDA,ATROPELLO,IMPRUDENCIA DEL CONDUCTOR,1,0,-12.027828,-77.001119
A-2021-03-360,2021-03-29,2021,LUNES,20:00,20,LIMA,COMAS,URBANA,JIRÓN,DESPISTE,EN PROCESO DE INVESTIGACIÓN,1,0,-11.910399,-77.020927
A-2021-03-357,2021-03-29,2021,LUNES,05:50,5,LIMA,VILLA EL SALVADOR,URBANA,AVENIDA,CHOQUE,IMPRUDENCIA DEL CONDUCTOR,1,2,-12.224975,-76.932972
A-2021-03-358,2021-03-29,2021,LUNES,07:45,7,LIMA,CHORRILLOS,URBANA,AVENIDA,CHOQUE,IMPRUDENCIA DEL CONDUCTOR,1,0,-12.183982,-77.008011
A-2021-03-361,2021-03-31,2021,MIERCOLES,15:45,15,LIMA,SAN ISIDRO,URBANA,AVENIDA,ATROPELLO,IMPRUDENCIA DEL CONDUCTOR,1,0,-12.096617,-77.055005
A-2021-03-299,2021-03-31,2021,MIERCOLES,21:40,21,LIMA,LURIN,URBANA,AVENIDA,ATROPELLO,IMPRUDENCIA DEL PEATÓN,1,0,-12.261777,-76.883128
A-2021-04-6,2021-04-01,2021,JUEVES,21:40,21,CALLAO,VENTANILLA,URBANA,AVENIDA,DESPISTE,IMPRUDENCIA DEL CONDUCTOR,2,5,-11.918689,-77.128711
A-2021-04-219,2021-04-03,2021,SABADO,10:30,10,LIMA,SAN MARTIN DE PORRES,RURAL,AVENIDA,ATROPELLO,IMPRUDENCIA DEL PEATÓN,1,0,-12.015548,-77.052266
A-2021-04-220,2021-04-06,2021,MARTES,10:20,10,LIMA,EL AGUSTINO,URBANA,AVENIDA,CHOQUE,EN PROCESO DE INVESTIGACIÓN,1,4,-12.054878,-77.004339
A-2021-04-232,2021-04-07,2021,MIERCOLES,18:00,18,LIMA,EL AGUSTINO,URBANA,JIRÓN,ATROPELLO,NEGLIGENCIA DEL CONDUCTOR,1,0,-12.053118,-77.006283
A-2021-04-221,2021-04-07,2021,MIERCOLES,17:00,17,LIMA,RIMAC,URBANA,AVENIDA,ATROPELLO,IMPRUDENCIA DEL PEATÓN,1,0,-12.041403,-77.020181
A-2021-04-222,2021-04-07,2021,MIERCOLES,18:00,18,LIMA,LIMA,URBANA,AVENIDA,ATROPELLO FUGA,EN PROCESO DE INVESTIGACIÓN,1,0,-12.055162,-77.013695
A-2021-04-231,2021-04-07,2021,MIERCOLES,21:20,21,LIMA,PUENTE PIEDRA,URBANA,CARRETERA,ATROPELLO,IMPRUDENCIA DEL CONDUCTOR,1,0,-11.83371,-77.113468
A-2021-04-233,2021-04-09,2021,VIERNES,20:20,20,LIMA,SAN JUAN DE LURIGANCHO,URBANA,AVENIDA,ATROPELLO FUGA,IMPRUDENCIA DEL PEATÓN,1,0,-11.969483,-77.005295
A-2021-04-234,2021-04-09,2021,VIERNES,08:10,8,LIMA,SAN MARTIN DE PORRES,URBANA,CARRETERA,DESPISTE,EN PROCESO DE INVESTIGACIÓN,1,0,-12.020839,-77.059122
A-2021-04-235,2021-04-10,2021,SABADO,08:00,8,LIMA,COMAS,URBANA,AVENIDA,ATROPELLO,IMPRUDENCIA DEL CONDUCTOR,1,0,-11.936976,-77.057317
A-2021-04-239,2021-04-10,2021,SABADO,14:30,14,LIMA,LIMA,URBANA,AVENIDA,DESPISTE,NEGLIGENCIA DEL CONDUCTOR,1,6,-12.046567,-77.045112
A-2021-04-39,2021-04-10,2021,SABADO,22:30,22,CALLAO,MI PERU,URBANA,AVENIDA,CHOQUE,IMPRUDENCIA DEL CONDUCTOR,1,2,-11.856284,-77.121285
A-2021-04-258,2021-04-11,2021,DOMINGO,04:20,4,LIMA,LURIN,RURAL,CARRETERA,CHOQUE,EN PROCESO DE INVESTIGACIÓN,1,0,-12.28545,-76.87457
A-2021-04-240,2021-04-11,2021,DOMINGO,09:40,9,LIMA,SAN JUAN DE LURIGANCHO,URBANA,CALLE,ATROPELLO,IMPRUDENCIA DEL CONDUCTOR,1,0,-12.011587,-77.002258
A-2021-04-241,2021-04-13,2021,MARTES,21:40,21,LIMA,ATE,URBANA,CARRETERA,ATROPELLO FUGA,EN PROCESO DE INVESTIGACIÓN,1,0,-12.016931,-76.892195
A-2021-04-242,2021-04-14,2021,MIERCOLES,17:40,17,LIMA,PUEBLO LIBRE,URBANA,AVENIDA,CHOQUE,IMPRUDENCIA DEL CONDUCTOR,1,0,-12.07116,-77.050526
A-2021-04-243,2021-04-15,2021,JUEVES,13:00,13,LIMA,LURIGANCHO,URBANA,AVENIDA,CHOQUE,IMPRUDENCIA DEL CONDUCTOR,1,2,-11.967223,-76.936176
A-2021-04-244,2021-04-16,2021,VIERNES,07:20,7,LIMA,SAN LUIS,URBANA,AVENIDA,ATROPELLO,EN PROCESO DE INVESTIGACIÓN,1,0,-12.076393,-76.996181
A-2021-04-84,2021-04-17,2021,SABADO,04:45,4,CALLAO,CALLAO,URBANA,AVENIDA,CHOQUE,EN PROCESO DE INVESTIGACIÓN,1,3,-12.061785,-77.135686
A-2021-04-245,2021-04-19,2021,LUNES,19:45,19,LIMA,SANTIAGO DE SURCO,URBANA,CARRETERA,ATROPELLO,IMPRUDENCIA DEL PEATÓN,1,0,-12.143661,-76.981695
A-2021-04-309,2021-04-21,2021,MIERCOLES,08:00,8,CALLAO,CARMEN DE LA LEGUA REYNOSO,URBANA,AVENIDA,ATROPELLO,EN PROCESO DE INVESTIGACIÓN,1,0,-12.03909,-77.094874
A-2021-04-246,2021-04-21,2021,MIERCOLES,10:00,10,LIMA,SAN JUAN DE LURIGANCHO,URBANA,AVENIDA,ATROPELLO,IMPRUDENCIA DEL PEATÓN,1,0,-11.916645,-76.969383
A-2021-04-250,2021-04-22,2021,JUEVES,22:00,22,LIMA,SANTIAGO DE SURCO,URBANA,CARRETERA,ATROPELLO,IMPRUDENCIA DEL PEATÓN,1,0,-12.139552,-76.981017
A-2021-04-140,2021-04-25,2021,DOMINGO,02:15,2,CALLAO,CALLAO,URBANA,CARRETERA,ATROPELLO,EN PROCESO DE INVESTIGACIÓN,1,0,-12.050128,-77.139677
A-2021-04-141,2021-04-25,2021,DOMINGO,22:00,22,CALLAO,CALLAO,URBANA,CARRETERA,CHOQUE,EN PROCESO DE INVESTIGACIÓN,1,0,-11.969749,-77.125482
A-2021-04-255,2021-04-26,2021,LUNES,19:30,19,LIMA,SAN JUAN DE LURIGANCHO,URBANA,JIRÓN,ATROPELLO,IMPRUDENCIA DEL CONDUCTOR,1,0,-11.975217,-77.00532
A-2021-04-256,2021-04-26,2021,LUNES,23:15,23,LIMA,CHACLACAYO,URBANA,CARRETERA,DESPISTE,IMPRUDENCIA DEL CONDUCTOR,2,2,-11.980851,-76.792388
A-2021-04-253,2021-04-26,2021,LUNES,12:00,12,LIMA,SAN JUAN DE LURIGANCHO,URBANA,AVENIDA,CHOQUE CON OBJETO FIJO,IMPRUDENCIA DEL CONDUCTOR,1,0,-12.009293,-77.004063
A-2021-04-310,2021-04-26,2021,LUNES,07:15,7,LIMA,EL AGUSTINO,RURAL,OTRO,ATROPELLO FUGA,EN PROCESO DE INVESTIGACIÓN,1,0,-12.036416,-77.001516
A-2021-04-254,2021-04-26,2021,LUNES,18:20,18,LIMA,LOS OLIVOS,URBANA,CARRETERA,ATROPELLO,IMPRUDENCIA DEL PEATÓN,1,0,-12.007427,-77.061738
A-2021-04-252,2021-04-26,2021,LUNES,02:00,2,LIMA,SAN MARTIN DE PORRES,URBANA,CARRETERA,ATROPELLO FUGA,EN PROCESO DE INVESTIGACIÓN,1,0,-12.018517,-77.059519
A-2021-04-259,2021-04-28,2021,MIERCOLES,04:30,4,LIMA,LOS OLIVOS,URBANA,AVENIDA,CHOQUE,IMPRUDENCIA DEL CONDUCTOR,1,0,-11.923226,-77.076541
A-2021-04-261,2021-04-28,2021,MIERCOLES,16:30,16,LIMA,LURIN,URBANA,CALLE,ATROPELLO,IMPRUDENCIA DEL CONDUCTOR,1,0,-12.28618,-76.87237
A-2021-04-260,2021-04-29,2021,JUEVES,00:10,0,LIMA,LOS OLIVOS,URBANA,AVENIDA,CHOQUE,EN PROCESO DE INVESTIGACIÓN,1,1,-11.937825,-77.078881
A-2021-04-200,2021-04-29,2021,JUEVES,16:00,16,CALLAO,CALLAO,URBANA,CARRETERA,ATROPELLO,EN PROCESO DE INVESTIGACIÓN,1,0,-11.994407,-77.125992
A-2021-05-124,2021-05-01,2021,SABADO,05:30,5,LIMA,LURIGANCHO,URBANA,AVENIDA,CHOQUE FUGA,EN PROCESO DE INVESTIGACIÓN,1,0,-11.930175,-76.69002
A-2021-05-123,2021-05-01,2021,SABADO,15:30,15,LIMA,COMAS,URBANA,AVENIDA,ATROPELLO,EN PROCESO DE INVESTIGACIÓN,1,0,-11.962209,-77.054503
A-2021-05-125,2021-05-02,2021,DOMINGO,09:00,9,LIMA,LIMA,URBANA,AVENIDA,CHOQUE,IMPRUDENCIA DEL CONDUCTOR,1,0,-12.053072,-77.013056
A-2021-05-126,2021-05-03,2021,LUNES,06:00,6,LIMA,EL AGUSTINO,URBANA,CARRETERA,ATROPELLO,IMPRUDENCIA DEL PEATÓN,1,0,-12.033464,-76.990487
A-2021-05-127,2021-05-03,2021,LUNES,15:30,15,LIMA,COMAS,URBANA,AVENIDA,ATROPELLO,IMPRUDENCIA DEL PEATÓN,1,0,-11.905597,-77.042125
A-2021-05-128,2021-05-05,2021,MIERCOLES,21:50,21,LIMA,LIMA,URBANA,AVENIDA,ATROPELLO,IMPRUDENCIA DEL PEATÓN,1,1,-12.044108,-77.046872
A-2021-05-129,2021-05-06,2021,JUEVES,13:45,13,LIMA,CHACLACAYO,URBANA,CARRETERA,ATROPELLO,EN PROCESO DE INVESTIGACIÓN,1,0,-11.991997,-76.825692
A-2021-05-130,2021-05-09,2021,DOMINGO,02:00,2,LIMA,SAN JUAN DE MIRAFLORES,URBANA,CARRETERA,ATROPELLO,IMPRUDENCIA DEL PEATÓN,1,0,-12.17513,-76.97776
A-2021-05-131,2021-05-10,2021,LUNES,22:00,22,LIMA,LOS OLIVOS,URBANA,CARRETERA,ATROPELLO FUGA,EN PROCESO DE INVESTIGACIÓN,1,0,-11.965534,-77.067883
A-2021-05-132,2021-05-14,2021,VIERNES,17:45,17,LIMA,SANTA ANITA,URBANA,AVENIDA,ATROPELLO,IMPRUDENCIA DEL CONDUCTOR,1,0,-12.042317,-76.978289
A-2021-05-80,2021-05-17,2021,LUNES,16:10,16,CALLAO,VENTANILLA,URBANA,CARRETERA,ATROPELLO,IMPRUDENCIA DEL PEATÓN,1,0,-11.90406,-77.128492
A-2021-05-133,2021-05-18,2021,MARTES,12:00,12,LIMA,ATE,URBANA,CARRETERA,CHOQUE,IMPRUDENCIA DEL CONDUCTOR,1,0,-12.007771,-76.858968
A-2021-05-134,2021-05-20,2021,JUEVES,07:10,7,LIMA,LA MOLINA,URBANA,AVENIDA,VOLCADURA,IMPRUDENCIA DEL CONDUCTOR,1,0,-12.078943,-76.930904
A-2021-05-116,2021-05-22,2021,SABADO,21:00,21,CALLAO,LA PERLA,URBANA,AVENIDA,DESPISTE,EN PROCESO DE INVESTIGACIÓN,1,0,-12.06818,-77.114497
A-2021-05-311,2021-05-26,2021,MIERCOLES,07:00,7,LIMA,LURIN,URBANA,CARRETERA,CHOQUE,IMPRUDENCIA DEL CONDUCTOR,1,0,-12.295693,-76.858701
A-2021-05-312,2021-05-27,2021,JUEVES,17:40,17,LIMA,COMAS,URBANA,AVENIDA,ATROPELLO,IMPRUDENCIA DEL PEATÓN,1,0,-11.961375,-77.062622
A-2021-05-313,2021-05-28,2021,VIERNES,19:00,19,LIMA,LURIN,URBANA,CARRETERA,ATROPELLO,IMPRUDENCIA DEL PEATÓN,2,0,-12.24958,-76.931759
A-2021-05-314,2021-05-29,2021,SABADO,18:30,18,LIMA,SAN JUAN DE LURIGANCHO,URBANA,CALLE,CHOQUE,EN PROCESO DE INVESTIGACIÓN,1,0,-11.939689,-77.002096
A-2021-05-315,2021-05-31,2021,LUNES,08:20,8,LIMA,CHORRILLOS,URBANA,CALLE,ATROPELLO,IMPRUDENCIA DEL PEATÓN,1,0,-12.168525,-77.021175
A-2021-06-100,2021-06-01,2021,MARTES,08:15,8,LIMA,LOS OLIVOS,URBANA,AVENIDA,ATROPELLO,IMPRUDENCIA DEL CONDUCTOR,1,0,-11.954411,-77.076149
A-2021-06-101,2021-06-01,2021,MARTES,10:00,10,LIMA,PUENTE PIEDRA,URBANA,CARRETERA,ATROPELLO,IMPRUDENCIA DEL PEATÓN,1,0,-11.839958,-77.105521
A-2021-06-102,2021-06-01,2021,MARTES,21:30,21,LIMA,CHACLACAYO,URBANA,CARRETERA,CHOQUE,EN PROCESO DE INVESTIGACIÓN,1,0,-11.995138,-76.832106
A-2021-06-293,2021-06-03,2021,JUEVES,04:40,4,CALLAO,CARMEN DE LA LEGUA REYNOSO,URBANA,AVENIDA,ATROPELLO FUGA,EN PROCESO DE INVESTIGACIÓN,1,0,-12.047463,-77.087482
A-2021-06-103,2021-06-03,2021,JUEVES,13:10,13,LIMA,VILLA EL SALVADOR,URBANA,AVENIDA,CHOQUE,IMPRUDENCIA DEL CONDUCTOR,1,0,-12.23578,-76.9232
A-2021-06-111,2021-06-03,2021,JUEVES,17:00,17,LIMA,LIMA,URBANA,JIRÓN,CHOQUE,EN PROCESO DE INVESTIGACIÓN,1,0,-12.053265,-77.06395
A-2021-06-112,2021-06-04,2021,VIERNES,08:30,8,LIMA,LA MOLINA,URBANA,AVENIDA,ATROPELLO,NEGLIGENCIA DEL CONDUCTOR,1,0,-12.086141,-76.895195
A-2021-06-271,2021-06-05,2021,SABADO,19:30,19,CALLAO,CALLAO,URBANA,CARRETERA,ATROPELLO,NEGLIGENCIA DEL CONDUCTOR,1,0,-11.964816,-77.126663
A-2021-06-31,2021-06-06,2021,DOMINGO,02:05,2,CALLAO,MI PERU,URBANA,AVENIDA,DESPISTE,IMPRUDENCIA DEL CONDUCTOR,1,1,-11.851895,-77.128013
A-2021-06-113,2021-06-06,2021,DOMINGO,23:10,23,LIMA,SANTIAGO DE SURCO,URBANA,AVENIDA,VOLCADURA,EN PROCESO DE INVESTIGACIÓN,1,0,-12.128586,-76.997693
A-2021-06-114,2021-06-09,2021,MIERCOLES,10:00,10,LIMA,EL AGUSTINO,URBANA,CARRETERA,CHOQUE,IMPRUDENCIA DEL CONDUCTOR,1,0,-12.031138,-77.002644
A-2021-06-115,2021-06-09,2021,MIERCOLES,18:45,18,LIMA,PUEBLO LIBRE,URBANA,AVENIDA,ATROPELLO,IMPRUDENCIA DEL PEATÓN,1,0,-12.071682,-77.050911
A-2021-06-74,2021-06-11,2021,VIERNES,09:00,9,LIMA,SANTIAGO DE SURCO,URBANA,AVENIDA,CHOQUE,IMPRUDENCIA DEL CONDUCTOR,1,0,-12.128939,-76.981576
A-2021-06-116,2021-06-15,2021,MARTES,12:30,12,LIMA,VILLA MARIA DEL TRIUNFO,URBANA,AVENIDA,ATROPELLO,IMPRUDENCIA DEL CONDUCTOR,1,0,-12.169581,-76.928672
A-2021-06-117,2021-06-16,2021,MIERCOLES,08:00,8,LIMA,SAN MARTIN DE PORRES,URBANA,AVENIDA,DESPISTE,EN PROCESO DE INVESTIGACIÓN,1,0,-12.031643,-77.075594
A-2021-06-125,2021-06-19,2021,SABADO,12:50,12,LIMA,BARRANCO,URBANA,AVENIDA,CHOQUE,IMPRUDENCIA DEL CONDUCTOR,1,0,-12.14494,-77.021831
A-2021-06-145,2021-06-19,2021,SABADO,23:30,23,CALLAO,CALLAO,URBANA,CARRETERA,ATROPELLO FUGA,IMPRUDENCIA DEL PEATÓN,1,0,-11.994544,-77.125804
A-2021-06-245,2021-06-21,2021,LUNES,05:50,5,LIMA,LURIN,URBANA,CARRETERA,ATROPELLO FUGA,EN PROCESO DE INVESTIGACIÓN,1,0,-12.25263,-76.92798
A-2021-06-246,2021-06-21,2021,LUNES,12:20,12,LIMA,ATE,URBANA,AVENIDA,ATROPELLO,IMPRUDENCIA DEL CONDUCTOR,1,0,-12.014492,-76.819179
A-2021-06-247,2021-06-21,2021,LUNES,13:45,13,LIMA,VILLA EL SALVADOR,RURAL,AVENIDA,CHOQUE,EN PROCESO DE INVESTIGACIÓN,1,2,-12.24393,-76.92189
A-2021-06-249,2021-06-21,2021,LUNES,22:50,22,LIMA,LURIGANCHO,URBANA,CARRETERA,CHOQUE,IMPRUDENCIA DEL CONDUCTOR,1,0,-11.921471,-76.676499
A-2021-06-251,2021-06-22,2021,MARTES,21:30,21,LIMA,LURIN,URBANA,AVENIDA,ATROPELLO,EN PROCESO DE INVESTIGACIÓN,1,0,-12.25702,-76.88783
A-2021-06-248,2021-06-22,2021,MARTES,02:30,2,LIMA,INDEPENDENCIA,URBANA,CARRETERA,ATROPELLO FUGA,EN PROCESO DE INVESTIGACIÓN,1,0,-11.988199,-77.064534
A-2021-06-250,2021-06-22,2021,MARTES,13:35,13,LIMA,LOS OLIVOS,URBANA,AVENIDA,CHOQUE,EN PROCESO DE INVESTIGACIÓN,1,0,-11.99179,-77.07511
A-2021-06-252,2021-06-23,2021,MIERCOLES,00:50,0,LIMA,LOS OLIVOS,URBANA,AVENIDA,DESPISTE,EN PROCESO DE INVESTIGACIÓN,1,1,-11.986489,-77.072359
A-2021-06-258,2021-06-23,2021,MIERCOLES,14:30,14,LIMA,ATE,URBANA,AVENIDA,ATROPELLO FUGA,IMPRUDENCIA DEL CONDUCTOR,1,0,-12.025155,-76.920408
A-2021-06-257,2021-06-23,2021,MIERCOLES,15:40,15,LIMA,LIMA,URBANA,AVENIDA,ATROPELLO FUGA,EN PROCESO DE INVESTIGACIÓN,1,0,-12.060343,-77.008317
A-2021-06-259,2021-06-24,2021,JUEVES,18:30,18,LIMA,ATE,URBANA,CALLE,CHOQUE,EN PROCESO DE INVESTIGACIÓN,1,0,-12.0373,-76.932016
A-2021-06-294,2021-06-25,2021,VIERNES,05:35,5,CALLAO,VENTANILLA,URBANA,CARRETERA,CHOQUE,NEGLIGENCIA DEL CONDUCTOR,1,0,-11.873063,-77.127113
A-2021-06-260,2021-06-25,2021,VIERNES,12:30,12,LIMA,RIMAC,URBANA,CARRETERA,ATROPELLO FUGA,EN PROCESO DE INVESTIGACIÓN,1,0,-12.042747,-77.023008
A-2021-06-199,2021-06-27,2021,DOMINGO,20:00,20,CALLAO,CALLAO,URBANA,CARRETERA,ATROPELLO FUGA,EN PROCESO DE INVESTIGACIÓN,1,0,-11.99988,-77.118724
A-2021-06-358,2021-06-27,2021,DOMINGO,17:30,17,CALLAO,CALLAO,URBANA,CARRETERA,ATROPELLO FUGA,NEGLIGENCIA DEL CONDUCTOR,1,0,-11.999894,-77.118706
A-2021-06-261,2021-06-28,2021,LUNES,09:00,9,LIMA,COMAS,URBANA,CARRETERA,CHOQUE,EN PROCESO DE INVESTIGACIÓN,1,2,-11.924998,-77.072873
A-2021-06-262,2021-06-28,2021,LUNES,20:30,20,LIMA,EL AGUSTINO,URBANA,CARRETERA,ATROPELLO FUGA,EN PROCESO DE INVESTIGACIÓN,1,0,-12.032365,-77.006534
A-2021-06-263,2021-06-28,2021,LUNES,23:00,23,LIMA,BREÑA,URBANA,AVENIDA,ATROPELLO,EN PROCESO DE INVESTIGACIÓN,1,0,-12.068456,-77.048247
A-2021-06-264,2021-06-29,2021,MARTES,08:30,8,LIMA,SANTA ANITA,URBANA,AVENIDA,ATROPELLO FUGA,EN PROCESO DE INVESTIGACIÓN,1,0,-12.033213,-76.942706
A-2021-06-265,2021-06-30,2021,MIERCOLES,10:30,10,LIMA,SAN JUAN DE LURIGANCHO,URBANA,AVENIDA,CHOQUE,IMPRUDENCIA DEL CONDUCTOR,1,0,-12.012326,-77.011352
A-2021-06-266,2021-06-30,2021,MIERCOLES,19:15,19,LIMA,LURIN,URBANA,CARRETERA,CHOQUE,IMPRUDENCIA DEL CONDUCTOR,1,2,-12.28184,-76.88049
A-2021-06-267,2021-06-30,2021,MIERCOLES,20:20,20,LIMA,COMAS,URBANA,AVENIDA,CHOQUE,EN PROCESO DE INVESTIGACIÓN,1,0,-11.966163,-77.055928
A-2021-07-11,2021-07-01,2021,JUEVES,20:30,20,LIMA,SANTIAGO DE SURCO,URBANA,CARRETERA,VOLCADURA,IMPRUDENCIA DEL PEATÓN,1,0,-12.132165,-76.978381
A-2021-07-13,2021-07-02,2021,VIERNES,15:00,15,LIMA,CHORRILLOS,URBANA,AVENIDA,CHOQUE,EN PROCESO DE INVESTIGACIÓN,1,1,-12.196577,-76.990935
A-2021-07-12,2021-07-02,2021,VIERNES,15:30,15,LIMA,LOS OLIVOS,,CARRETERA,ATROPELLO,EN PROCESO DE INVESTIGACIÓN,1,0,-11.967712,-77.067618
A-2021-07-14,2021-07-03,2021,SABADO,01:12,1,LIMA,LA VICTORIA,URBANA,AVENIDA,CHOQUE,IMPRUDENCIA DEL CONDUCTOR,1,0,-12.059242,-77.029811
A-2021-07-15,2021-07-03,2021,SABADO,19:40,19,LIMA,ATE,URBANA,AVENIDA,CHOQUE,EN PROCESO DE INVESTIGACIÓN,1,2,-12.064744,-76.978404
A-2021-07-16,2021-07-03,2021,SABADO,22:00,22,LIMA,ATE,URBANA,CARRETERA,ATROPELLO,IMPRUDENCIA DEL PEATÓN,1,0,-12.007508,-76.856462
A-2021-07-17,2021-07-04,2021,DOMINGO,03:30,3,LIMA,SANTIAGO DE SURCO,URBANA,CARRETERA,VOLCADURA,EN PROCESO DE INVESTIGACIÓN,1,0,-12.131299,-76.978347
A-2021-07-10,2021-07-04,2021,DOMINGO,19:00,19,CALLAO,VENTANILLA,URBANA,CARRETERA,ATROPELLO,IMPRUDENCIA DEL CONDUCTOR,1,0,-11.915812,-77.128526
A-2021-07-229,2021-07-05,2021,LUNES,21:20,21,LIMA,SAN MARTIN DE PORRES,URBANA,AVENIDA,ATROPELLO FUGA,EN PROCESO DE INVESTIGACIÓN,1,0,-12.001002,-77.090998
A-2021-07-21,2021-07-05,2021,LUNES,17:30,17,CALLAO,VENTANILLA,URBANA,AVENIDA,DESPISTE,NEGLIGENCIA DEL CONDUCTOR,1,2,-11.846209,-77.134248
A-2021-07-231,2021-07-06,2021,MARTES,20:00,20,LIMA,SAN JUAN DE LURIGANCHO,URBANA,AVENIDA,ATROPELLO FUGA,IMPRUDENCIA DEL CONDUCTOR,2,0,-11.990197,-77.015389
A-2021-07-233,2021-07-07,2021,MIERCOLES,11:30,11,LIMA,COMAS,URBANA,CARRETERA,CHOQUE,EN PROCESO DE INVESTIGACIÓN,1,0,-11.910779,-77.05586
A-2021-07-276,2021-07-09,2021,VIERNES,06:35,6,LIMA,RIMAC,URBANA,VIA EXPRESA,CHOQUE,IMPRUDENCIA DEL CONDUCTOR,1,0,-12.038363,-77.016899
A-2021-07-242,2021-07-09,2021,VIERNES,22:30,22,LIMA,SANTIAGO DE SURCO,URBANA,AVENIDA,CHOQUE FUGA,IMPRUDENCIA DEL CONDUCTOR,1,0,-12.12408,-76.988392
A-2021-07-36,2021-07-10,2021,SABADO,05:45,5,CALLAO,CALLAO,URBANA,CARRETERA,CHOQUE,IMPRUDENCIA DEL CONDUCTOR,1,0,-12.03866,-77.127183
A-2021-07-243,2021-07-11,2021,DOMINGO,13:00,13,LIMA,RIMAC,URBANA,AVENIDA,DESPISTE,IMPRUDENCIA DEL CONDUCTOR,1,0,-12.030414,-77.023856
A-2021-07-43,2021-07-11,2021,DOMINGO,20:00,20,CALLAO,CALLAO,URBANA,CARRETERA,ATROPELLO,IMPRUDENCIA DEL PEATÓN,1,0,-11.994313,-77.125943
A-2021-07-244,2021-07-12,2021,LUNES,14:30,14,LIMA,LIMA,RURAL,AVENIDA,CHOQUE,IMPRUDENCIA DEL CONDUCTOR,1,0,-12.058098,-77.015984
A-2021-07-245,2021-07-12,2021,LUNES,19:00,19,LIMA,ATE,URBANA,AVENIDA,ATROPELLO,IMPRUDENCIA DEL PEATÓN,2,0,-12.019704,-76.900789
A-2021-07-246,2021-07-13,2021,MARTES,07:30,7,LIMA,LIMA,URBANA,AVENIDA,ATROPELLO,IMPRUDENCIA DEL CONDUCTOR,1,0,-12.05899,-77.071171
A-2021-07-247,2021-07-14,2021,MIERCOLES,18:35,18,LIMA,SANTA ANITA,URBANA,AVENIDA,ATROPELLO,IMPRUDENCIA DEL CONDUCTOR,1,0,-12.053241,-76.963232
A-2021-07-71,2021-07-14,2021,MIERCOLES,18:20,18,CALLAO,VENTANILLA,URBANA,CARRETERA,ATROPELLO FUGA,EN PROCESO DE INVESTIGACIÓN,1,0,-11.916421,-77.128914
A-2021-07-248,2021-07-15,2021,JUEVES,04:30,4,LIMA,SAN MARTIN DE PORRES,URBANA,CARRETERA,ATROPELLO,EN PROCESO DE INVESTIGACIÓN,1,0,-12.018493,-77.059711
A-2021-07-250,2021-07-16,2021,VIERNES,07:30,7,LIMA,SAN MARTIN DE PORRES,URBANA,AVENIDA,CHOQUE,IMPRUDENCIA DEL CONDUCTOR,1,0,-12.029194,-77.076803
A-2021-07-96,2021-07-16,2021,VIERNES,18:15,18,CALLAO,CALLAO,URBANA,CARRETERA,ATROPELLO FUGA,EN PROCESO DE INVESTIGACIÓN,1,0,-11.988772,-77.125418
A-2021-07-253,2021-07-17,2021,SABADO,01:20,1,LIMA,VILLA EL SALVADOR,URBANA,AVENIDA,DESPISTE,IMPRUDENCIA DEL CONDUCTOR,1,1,-12.216319,-76.968185
A-2021-07-274,2021-07-17,2021,SABADO,19:00,19,CALLAO,CALLAO,URBANA,CARRETERA,ATROPELLO FUGA,IMPRUDENCIA DEL CONDUCTOR,1,0,-12.001538,-77.126829
A-2021-07-254,2021-07-18,2021,DOMINGO,19:00,19,LIMA,CARABAYLLO,URBANA,AVENIDA,CHOQUE,IMPRUDENCIA DEL CONDUCTOR,1,0,-11.749137,-76.96752
A-2021-07-294,2021-07-19,2021,LUNES,11:00,11,CALLAO,CALLAO,URBANA,CARRETERA,CAÍDA DE PASAJERO,IMPRUDENCIA DEL CONDUCTOR,1,0,-11.944258,-77.131351
A-2021-07-256,2021-07-21,2021,MIERCOLES,13:00,13,LIMA,SAN MARTIN DE PORRES,URBANA,CARRETERA,CHOQUE,IMPRUDENCIA DEL CONDUCTOR,2,0,-11.9966,-77.112638
A-2021-07-255,2021-07-21,2021,MIERCOLES,10:30,10,LIMA,INDEPENDENCIA,URBANA,AVENIDA,ATROPELLO,NEGLIGENCIA DEL CONDUCTOR,1,0,-11.988854,-77.056784
A-2021-07-275,2021-07-22,2021,JUEVES,04:50,4,CALLAO,CALLAO,URBANA,CARRETERA,ATROPELLO,IMPRUDENCIA DEL PEATÓN,1,0,-12.044609,-77.126555
A-2021-07-257,2021-07-22,2021,JUEVES,15:30,15,LIMA,ATE,URBANA,AVENIDA,ATROPELLO,IMPRUDENCIA DEL CONDUCTOR,1,0,-12.033012,-76.938375
A-2021-07-258,2021-07-24,2021,SABADO,07:10,7,LIMA,SAN JUAN DE MIRAFLORES,URBANA,CARRETERA,DESPISTE,IMPRUDENCIA DEL CONDUCTOR,1,0,-12.161923,-76.98217
A-2021-07-259,2021-07-24,2021,SABADO,16:10,16,LIMA,CARABAYLLO,URBANA,CARRETERA,CHOQUE,IMPRUDENCIA DEL CONDUCTOR,1,1,-11.76972,-76.977699
A-2021-07-124,2021-07-24,2021,SABADO,21:00,21,CALLAO,CALLAO,URBANA,AVENIDA,ATROPELLO,IMPRUDENCIA DEL PEATÓN,1,0,-11.989218,-77.133276
A-2021-07-260,2021-07-26,2021,LUNES,05:00,5,LIMA,LURIN,URBANA,CARRETERA,ATROPELLO FUGA,IMPRUDENCIA DEL CONDUCTOR,1,0,-12.274178,-76.892697
A-2021-07-261,2021-07-27,2021,MARTES,00:30,0,LIMA,EL AGUSTINO,URBANA,AVENIDA,ATROPELLO,EN PROCESO DE INVESTIGACIÓN,1,0,-12.040262,-76.981751
A-2021-07-262,2021-07-28,2021,MIERCOLES,06:45,6,LIMA,SANTIAGO DE SURCO,URBANA,CARRETERA,CHOQUE,IMPRUDENCIA DEL CONDUCTOR,1,0,-12.122129,-76.97709
A-2021-07-263,2021-07-30,2021,VIERNES,20:30,20,LIMA,SAN MIGUEL,URBANA,AVENIDA,CHOQUE,EN PROCESO DE INVESTIGACIÓN,1,1,-12.064318,-77.078369
A-2021-08-215,2021-08-01,2021,DOMINGO,19:00,19,LIMA,SAN MARTIN DE PORRES,URBANA,CARRETERA,CHOQUE CON OBJETO FIJO,EN PROCESO DE INVESTIGACIÓN,1,0,-12.020936,-77.059184
A-2021-08-220,2021-08-02,2021,LUNES,19:00,19,LIMA,SAN BARTOLO,URBANA,CARRETERA,DESPISTE,EN PROCESO DE INVESTIGACIÓN,1,0,-12.384296,-76.771029
A-2021-08-14,2021-08-03,2021,MARTES,05:15,5,CALLAO,VENTANILLA,URBANA,AVENIDA,CHOQUE,NEGLIGENCIA DEL CONDUCTOR,1,1,-11.829235,-77.121203
A-2021-08-227,2021-08-03,2021,MARTES,15:00,15,LIMA,COMAS,URBANA,AVENIDA,ATROPELLO,EN PROCESO DE INVESTIGACIÓN,1,0,-11.945384,-77.063179
A-2021-08-224,2021-08-03,2021,MARTES,17:00,17,LIMA,CARABAYLLO,URBANA,AVENIDA,CHOQUE,EN PROCESO DE INVESTIGACIÓN,1,1,-11.863573,-77.008134
A-2021-08-225,2021-08-04,2021,MIERCOLES,13:00,13,LIMA,CHORRILLOS,URBANA,CALLE,ATROPELLO FUGA,EN PROCESO DE INVESTIGACIÓN,1,0,-12.17003,-77.02477
A-2021-08-228,2021-08-05,2021,JUEVES,10:30,10,LIMA,SAN MARTIN DE PORRES,URBANA,AVENIDA,CHOQUE,EN PROCESO DE INVESTIGACIÓN,1,1,-11.981457,-77.096965
A-2021-08-261,2021-08-05,2021,JUEVES,10:31,10,LIMA,LA VICTORIA,URBANA,AVENIDA,ATROPELLO,EN PROCESO DE INVESTIGACIÓN,1,0,-12.06384,-77.021884
A-2021-08-229,2021-08-07,2021,SABADO,21:37,21,LIMA,LOS OLIVOS,URBANA,CARRETERA,CHOQUE FUGA,EN PROCESO DE INVESTIGACIÓN,1,0,-11.959327,-77.068942
A-2021-08-232,2021-08-10,2021,MARTES,07:45,7,LIMA,CHORRILLOS,URBANA,AVENIDA,ATROPELLO,EN PROCESO DE INVESTIGACIÓN,1,0,-12.179248,-77.014289
A-2021-08-231,2021-08-10,2021,MARTES,07:00,7,LIMA,VILLA EL SALVADOR,URBANA,AVENIDA,ATROPELLO,EN PROCESO DE INVESTIGACIÓN,1,0,-12.197296,-76.952968
A-2021-08-230,2021-08-10,2021,MARTES,06:00,6,LIMA,SAN MARTIN DE PORRES,URBANA,AVENIDA,ATROPELLO,EN PROCESO DE INVESTIGACIÓN,1,0,-12.012709,-77.080828
A-2021-08-234,2021-08-11,2021,MIERCOLES,09:15,9,LIMA,COMAS,URBANA,JIRÓN,CHOQUE,IMPRUDENCIA DEL CONDUCTOR,1,0,-11.935141,-77.069255
A-2021-08-235,2021-08-13,2021,VIERNES,09:30,9,LIMA,LOS OLIVOS,URBANA,AVENIDA,ATROPELLO,EN PROCESO DE INVESTIGACIÓN,1,0,-11.959972,-77.068223
A-2021-08-236,2021-08-13,2021,VIERNES,16:30,16,LIMA,VILLA EL SALVADOR,URBANA,OTRO,ATROPELLO,EN PROCESO DE INVESTIGACIÓN,1,0,-12.236409,-76.920455
A-2021-08-237,2021-08-14,2021,SABADO,15:30,15,LIMA,COMAS,URBANA,AVENIDA,ATROPELLO,EN PROCESO DE INVESTIGACIÓN,1,0,-11.925832,-77.042881
A-2021-08-238,2021-08-16,2021,LUNES,09:40,9,LIMA,VILLA EL SALVADOR,URBANA,AVENIDA,ATROPELLO,EN PROCESO DE INVESTIGACIÓN,1,0,-12.212208,-76.958011
A-2021-08-332,2021-08-17,2021,MARTES,08:15,8,LIMA,LIMA,URBANA,AVENIDA,CHOQUE FUGA,IMPRUDENCIA DEL CONDUCTOR,1,10,-12.044565,-77.073666
A-2021-08-239,2021-08-18,2021,MIERCOLES,09:50,9,LIMA,BREÑA,URBANA,AVENIDA,ATROPELLO,IMPRUDENCIA DEL PEATÓN,1,0,-12.066318,-77.046615
A-2021-08-240,2021-08-18,2021,MIERCOLES,19:53,19,LIMA,ANCON,URBANA,CARRETERA,ATROPELLO FUGA,EN PROCESO DE INVESTIGACIÓN,1,0,-11.766541,-77.158564
A-2021-08-242,2021-08-19,2021,JUEVES,13:20,13,LIMA,ATE,URBANA,CARRETERA,ESPECIAL,EN PROCESO DE INVESTIGACIÓN,1,0,-12.009152,-76.866567
A-2021-08-241,2021-08-20,2021,VIERNES,21:40,21,LIMA,COMAS,URBANA,AVENIDA,ATROPELLO FUGA,EN PROCESO DE INVESTIGACIÓN,1,0,-11.912096,-77.052296
A-2021-08-243,2021-08-21,2021,SABADO,23:00,23,LIMA,CHORRILLOS,URBANA,AVENIDA,ATROPELLO,EN PROCESO DE INVESTIGACIÓN,1,0,-12.172279,-76.98347
A-2021-08-244,2021-08-22,2021,DOMINGO,04:30,4,LIMA,SAN MARTIN DE PORRES,URBANA,AVENIDA,VOLCADURA,EN PROCESO DE INVESTIGACIÓN,1,0,-12.011634,-77.089182
A-2021-08-245,2021-08-22,2021,DOMINGO,18:15,18,LIMA,SAN BARTOLO,URBANA,CARRETERA,ATROPELLO,EN PROCESO DE INVESTIGACIÓN,1,0,-12.385302,-76.770004
A-2021-08-247,2021-08-22,2021,DOMINGO,23:45,23,LIMA,SANTIAGO DE SURCO,URBANA,CARRETERA,CHOQUE,EN PROCESO DE INVESTIGACIÓN,1,1,-12.136136,-76.980274
A-2021-08-249,2021-08-24,2021,MARTES,14:00,14,LIMA,SAN MARTIN DE PORRES,URBANA,AVENIDA,ATROPELLO,IMPRUDENCIA DEL CONDUCTOR,1,0,-12.018424,-77.055792
A-2021-08-290,2021-08-24,2021,MARTES,19:00,19,CALLAO,CALLAO,URBANA,CARRETERA,ATROPELLO FUGA,IMPRUDENCIA DEL CONDUCTOR,1,0,-12.040087,-77.118175
A-2021-08-248,2021-08-24,2021,MARTES,23:30,23,LIMA,LURIN,URBANA,AVENIDA,ATROPELLO,EN PROCESO DE INVESTIGACIÓN,1,0,-12.254683,-76.916608
A-2021-08-251,2021-08-25,2021,MIERCOLES,14:30,14,LIMA,ANCON,URBANA,CARRETERA,CHOQUE,EN PROCESO DE INVESTIGACIÓN,1,0,-11.747909,-77.144199
A-2021-08-250,2021-08-25,2021,MIERCOLES,12:00,12,LIMA,EL AGUSTINO,URBANA,AVENIDA,CHOQUE,EN PROCESO DE INVESTIGACIÓN,1,0,-12.043371,-77.008517
A-2021-08-253,2021-08-26,2021,JUEVES,19:35,19,LIMA,SAN ISIDRO,URBANA,AVENIDA,CHOQUE,IMPRUDENCIA DEL CONDUCTOR,1,0,-12.094675,-77.033037
A-2021-08-252,2021-08-29,2021,DOMINGO,02:00,2,LIMA,RIMAC,URBANA,AVENIDA,DESPISTE,EN PROCESO DE INVESTIGACIÓN,1,0,-12.017943,-77.051037
A-2021-08-254,2021-08-29,2021,DOMINGO,14:00,14,LIMA,SAN MIGUEL,URBANA,AVENIDA,CHOQUE,IMPRUDENCIA DEL CONDUCTOR,1,0,-12.08089,-77.088211
A-2021-09-51,2021-09-01,2021,MIERCOLES,17:30,17,LIMA,ANCON,URBANA,AVENIDA,ATROPELLO,IMPRUDENCIA DEL PEATÓN,1,0,-11.81507,-77.1277
A-2021-09-52,2021-09-01,2021,MIERCOLES,17:45,17,LIMA,SAN JUAN DE MIRAFLORES,URBANA,AVENIDA,ATROPELLO,IMPRUDENCIA DEL CONDUCTOR,1,0,-12.159395,-76.95888
A-2021-09-53,2021-09-03,2021,VIERNES,13:40,13,LIMA,VILLA EL SALVADOR,URBANA,AVENIDA,ATROPELLO,IMPRUDENCIA DEL CONDUCTOR,1,0,-12.224592,-76.93886
A-2021-09-54,2021-09-04,2021,SABADO,16:45,16,LIMA,EL AGUSTINO,URBANA,AVENIDA,ATROPELLO,IMPRUDENCIA DEL PEATÓN,1,0,-12.030795,-76.999011
A-2021-09-55,2021-09-05,2021,DOMINGO,06:00,6,LIMA,LOS OLIVOS,URBANA,AVENIDA,ATROPELLO,IMPRUDENCIA DEL CONDUCTOR,1,0,-11.995378,-77.079853
A-2021-09-114,2021-09-09,2021,JUEVES,08:50,8,LIMA,EL AGUSTINO,URBANA,AVENIDA,ATROPELLO,IMPRUDENCIA DEL PEATÓN,1,0,-12.029106,-76.991683
A-2021-09-118,2021-09-11,2021,SABADO,17:40,17,LIMA,CHACLACAYO,URBANA,CARRETERA,ESPECIAL,EN PROCESO DE INVESTIGACIÓN,1,0,-11.985571,-76.809572
A-2021-09-119,2021-09-12,2021,DOMINGO,19:58,19,LIMA,VILLA EL SALVADOR,URBANA,AVENIDA,CHOQUE,IMPRUDENCIA DEL CONDUCTOR,1,0,-12.19285,-76.962367
A-2021-09-121,2021-09-14,2021,MARTES,21:00,21,LIMA,LOS OLIVOS,URBANA,CARRETERA,DESPISTE,EN PROCESO DE INVESTIGACIÓN,1,0,-11.966189,-77.067814
A-2021-09-124,2021-09-15,2021,MIERCOLES,06:40,6,LIMA,MIRAFLORES,URBANA,AVENIDA,ATROPELLO,EN PROCESO DE INVESTIGACIÓN,1,0,-12.129439,-77.023027
A-2021-09-126,2021-09-19,2021,DOMINGO,09:00,9,LIMA,VILLA EL SALVADOR,URBANA,AVENIDA,ATROPELLO,EN PROCESO DE INVESTIGACIÓN,1,0,-12.223894,-76.919897
A-2021-09-127,2021-09-20,2021,LUNES,23:30,23,LIMA,RIMAC,URBANA,AVENIDA,VOLCADURA,EN PROCESO DE INVESTIGACIÓN,1,0,-12.037243,-77.013437
A-2021-09-133,2021-09-23,2021,JUEVES,12:15,12,LIMA,SAN JUAN DE MIRAFLORES,URBANA,CARRETERA,CHOQUE CON OBJETO FIJO,IMPRUDENCIA DEL CONDUCTOR,1,0,-12.168898,-76.979617
A-2021-09-135,2021-09-24,2021,VIERNES,12:20,12,LIMA,VILLA EL SALVADOR,URBANA,AVENIDA,CHOQUE,EN PROCESO DE INVESTIGACIÓN,1,0,-12.227974,-76.938119
A-2021-09-154,2021-09-25,2021,SABADO,06:00,6,LIMA,LIMA,URBANA,AVENIDA,DESPISTE,EN PROCESO DE INVESTIGACIÓN,1,0,-12.050135,-77.077167
A-2021-09-156,2021-09-27,2021,LUNES,18:00,18,LIMA,LURIN,URBANA,AVENIDA,ATROPELLO,EN PROCESO DE INVESTIGACIÓN,1,0,-12.277608,-76.869489
A-2021-09-155,2021-09-27,2021,LUNES,20:30,20,LIMA,BREÑA,URBANA,AVENIDA,ATROPELLO,EN PROCESO DE INVESTIGACIÓN,1,0,-12.068308,-77.048368
A-2021-09-222,2021-09-29,2021,MIERCOLES,09:30,9,LIMA,SAN JUAN DE LURIGANCHO,URBANA,AVENIDA,ATROPELLO,IMPRUDENCIA DEL CONDUCTOR,1,0,-11.9369,-76.971132
A-2021-09-224,2021-09-29,2021,MIERCOLES,12:00,12,LIMA,LIMA,URBANA,AVENIDA,ATROPELLO,EN PROCESO DE INVESTIGACIÓN,1,0,-12.062738,-77.043553
A-2021-09-223,2021-09-29,2021,MIERCOLES,20:00,20,LIMA,LURIN,URBANA,AVENIDA,CHOQUE,EN PROCESO DE INVESTIGACIÓN,1,0,-12.275766,-76.870909
A-2021-09-226,2021-09-30,2021,JUEVES,00:48,0,LIMA,COMAS,URBANA,AVENIDA,CHOQUE CON OBJETO FIJO,EN PROCESO DE INVESTIGACIÓN,1,1,-11.951161,-77.050563
A-2021-10-40,2021-10-01,2021,VIERNES,19:30,19,LIMA,SAN JUAN DE LURIGANCHO,URBANA,AVENIDA,ATROPELLO FUGA,EN PROCESO DE INVESTIGACIÓN,1,0,-11.986788,-77.015744
A-2021-10-41,2021-10-03,2021,DOMINGO,12:40,12,LIMA,SAN MARTIN DE PORRES,URBANA,AVENIDA,DESPISTE,EN PROCESO DE INVESTIGACIÓN,1,1,-11.990742,-77.09302
A-2021-10-42,2021-10-05,2021,MARTES,14:30,14,LIMA,INDEPENDENCIA,URBANA,AVENIDA,ATROPELLO,EN PROCESO DE INVESTIGACIÓN,1,0,-12.009351,-77.051829
A-2021-10-43,2021-10-06,2021,MIERCOLES,17:30,17,LIMA,SANTIAGO DE SURCO,URBANA,CARRETERA,ATROPELLO,EN PROCESO DE INVESTIGACIÓN,1,0,-12.131348,-76.978353
A-2021-10-49,2021-10-07,2021,JUEVES,16:15,16,LIMA,BARRANCO,URBANA,AVENIDA,CHOQUE CON OBJETO FIJO,EN PROCESO DE INVESTIGACIÓN,1,0,-12.139583,-77.017783
A-2021-10-50,2021-10-07,2021,JUEVES,19:20,19,LIMA,VILLA EL SALVADOR,URBANA,AVENIDA,VOLCADURA,EN PROCESO DE INVESTIGACIÓN,1,0,-12.210074,-76.938764
A-2021-10-51,2021-10-07,2021,JUEVES,19:30,19,LIMA,SANTIAGO DE SURCO,URBANA,CARRETERA,CHOQUE CON OBJETO FIJO,EN PROCESO DE INVESTIGACIÓN,1,0,-12.096454,-76.979986
A-2021-10-52,2021-10-08,2021,VIERNES,10:30,10,LIMA,COMAS,URBANA,AVENIDA,ATROPELLO,EN PROCESO DE INVESTIGACIÓN,1,0,-11.940899,-77.0438
A-2021-10-133,2021-10-08,2021,VIERNES,23:30,23,CALLAO,BELLAVISTA,URBANA,AVENIDA,DESPISTE,IMPRUDENCIA DEL CONDUCTOR,1,0,-12.055474,-77.107581
A-2021-10-53,2021-10-09,2021,SABADO,20:15,20,LIMA,LURIN,URBANA,AVENIDA,CHOQUE,IMPRUDENCIA DEL CONDUCTOR,1,0,-12.250217,-76.866917
A-2021-10-54,2021-10-11,2021,LUNES,05:00,5,LIMA,PUENTE PIEDRA,URBANA,CARRETERA,ATROPELLO,IMPRUDENCIA DEL CONDUCTOR,1,0,-11.856783,-77.084182
A-2021-10-188,2021-10-13,2021,MIERCOLES,08:00,8,LIMA,ATE,URBANA,CARRETERA,CHOQUE,EN PROCESO DE INVESTIGACIÓN,1,0,-12.064066,-76.971427
A-2021-10-187,2021-10-13,2021,MIERCOLES,07:10,7,LIMA,LOS OLIVOS,URBANA,AVENIDA,VOLCADURA,EN PROCESO DE INVESTIGACIÓN,1,0,-12.002561,-77.083216
A-2021-10-189,2021-10-14,2021,JUEVES,08:15,8,LIMA,LURIN,URBANA,CARRETERA,ESPECIAL,EN PROCESO DE INVESTIGACIÓN,1,1,-12.264945,-76.907441
A-2021-10-190,2021-10-14,2021,JUEVES,22:00,22,LIMA,LA VICTORIA,URBANA,AVENIDA,CHOQUE,EN PROCESO DE INVESTIGACIÓN,2,0,-12.077021,-77.010326
A-2021-10-134,2021-10-17,2021,DOMINGO,05:45,5,CALLAO,VENTANILLA,URBANA,CARRETERA,CHOQUE,IMPRUDENCIA DEL CONDUCTOR,1,0,-11.871167,-77.127639
A-2021-10-191,2021-10-17,2021,DOMINGO,13:55,13,LIMA,LA VICTORIA,URBANA,AVENIDA,ATROPELLO,EN PROCESO DE INVESTIGACIÓN,1,0,-12.065986,-77.028915
A-2021-10-192,2021-10-17,2021,DOMINGO,16:45,16,LIMA,CARABAYLLO,URBANA,AVENIDA,CHOQUE,EN PROCESO DE INVESTIGACIÓN,1,1,-11.861129,-77.032029
A-2021-10-193,2021-10-18,2021,LUNES,14:52,14,LIMA,BREÑA,URBANA,AVENIDA,ATROPELLO,EN PROCESO DE INVESTIGACIÓN,1,0,-12.065391,-77.045953
A-2021-10-194,2021-10-18,2021,LUNES,18:00,18,LIMA,SANTIAGO DE SURCO,URBANA,AVENIDA,ATROPELLO,EN PROCESO DE INVESTIGACIÓN,1,0,-12.148518,-77.009443
A-2021-10-195,2021-10-19,2021,MARTES,23:40,23,LIMA,LURIN,URBANA,CARRETERA,DESPISTE,EN PROCESO DE INVESTIGACIÓN,1,0,-12.272783,-76.895042
A-2021-10-196,2021-10-20,2021,MIERCOLES,14:30,14,LIMA,COMAS,URBANA,AVENIDA,ATROPELLO,EN PROCESO DE INVESTIGACIÓN,1,0,-11.936842,-77.048987
A-2021-10-197,2021-10-21,2021,JUEVES,21:30,21,LIMA,PUENTE PIEDRA,URBANA,CARRETERA,ATROPELLO,EN PROCESO DE INVESTIGACIÓN,1,0,-11.843605,-77.100917
A-2021-10-198,2021-10-22,2021,VIERNES,13:26,13,LIMA,SANTIAGO DE SURCO,URBANA,JIRÓN,CHOQUE,EN PROCESO DE INVESTIGACIÓN,1,0,-12.16196,-76.984342
A-2021-10-200,2021-10-22,2021,VIERNES,16:00,16,LIMA,LOS OLIVOS,URBANA,AVENIDA,CHOQUE,EN PROCESO DE INVESTIGACIÓN,1,0,-11.97158,-77.07601
A-2021-10-201,2021-10-23,2021,SABADO,17:35,17,LIMA,PUENTE PIEDRA,URBANA,CARRETERA,ATROPELLO,EN PROCESO DE INVESTIGACIÓN,1,0,-11.86799,-77.072509
A-2021-10-202,2021-10-24,2021,DOMINGO,04:00,4,LIMA,LURIGANCHO,URBANA,CALLE,DESPISTE,EN PROCESO DE INVESTIGACIÓN,1,0,-11.9389,-76.694012
A-2021-10-203,2021-10-26,2021,MARTES,17:30,17,LIMA,SANTA ANITA,URBANA,AVENIDA,ATROPELLO,EN PROCESO DE INVESTIGACIÓN,1,0,-12.0408,-76.96171
A-2021-10-135,2021-10-27,2021,MIERCOLES,22:15,22,CALLAO,CALLAO,URBANA,CARRETERA,DESPISTE,IMPRUDENCIA DEL CONDUCTOR,1,0,-11.979772,-77.125247
A-2021-10-205,2021-10-28,2021,JUEVES,17:00,17,LIMA,COMAS,URBANA,AVENIDA,CHOQUE,EN PROCESO DE INVESTIGACIÓN,1,1,-11.957694,-77.049249
A-2021-10-204,2021-10-28,2021,JUEVES,06:55,6,LIMA,LURIGANCHO,URBANA,CALLE,ESPECIAL,EN PROCESO DE INVESTIGACIÓN,1,0,-11.997801,-76.869256
A-2021-10-207,2021-10-31,2021,DOMINGO,05:50,5,LIMA,LIMA,URBANA,AVENIDA,ATROPELLO FUGA,EN PROCESO DE INVESTIGACIÓN,1,0,-12.0591,-77.01383
A-2021-10-206,2021-10-31,2021,DOMINGO,05:50,5,LIMA,COMAS,URBANA,CARRETERA,ATROPELLO,EN PROCESO DE INVESTIGACIÓN,1,0,-11.935588,-77.071876
A-2021-11-113,2021-11-01,2021,LUNES,20:40,20,LIMA,VILLA MARIA DEL TRIUNFO,URBANA,AVENIDA,DESPISTE,EN PROCESO DE INVESTIGACIÓN,1,0,-12.21202,-76.903176
A-2021-11-114,2021-11-02,2021,MARTES,18:15,18,LIMA,PUENTE PIEDRA,URBANA,CARRETERA,CHOQUE,IMPRUDENCIA DEL CONDUCTOR,1,0,-11.853004,-77.089262
A-2021-11-8,2021-11-02,2021,MARTES,22:00,22,CALLAO,CALLAO,URBANA,CARRETERA,ATROPELLO,EN PROCESO DE INVESTIGACIÓN,1,0,-11.986946,-77.125516
A-2021-11-141,2021-11-03,2021,MIERCOLES,05:20,5,LIMA,SANTA ANITA,URBANA,AVENIDA,ATROPELLO,EN PROCESO DE INVESTIGACIÓN,1,0,-12.035626,-76.948923
A-2021-11-10,2021-11-03,2021,MIERCOLES,11:47,11,LIMA,SAN MARTIN DE PORRES,URBANA,OTRO,ATROPELLO,IMPRUDENCIA DEL CONDUCTOR,1,0,-11.981856,-77.107886
A-2021-11-142,2021-11-05,2021,VIERNES,07:30,7,LIMA,PUENTE PIEDRA,URBANA,CARRETERA,CAÍDA DE PASAJERO,EN PROCESO DE INVESTIGACIÓN,1,0,-11.899768,-77.067954
A-2021-11-143,2021-11-05,2021,VIERNES,14:30,14,LIMA,SAN JUAN DE LURIGANCHO,URBANA,CARRETERA,CHOQUE,EN PROCESO DE INVESTIGACIÓN,1,0,-12.024278,-76.964044
A-2021-11-144,2021-11-05,2021,VIERNES,22:30,22,LIMA,SAN MARTIN DE PORRES,URBANA,CARRETERA,CHOQUE,IMPRUDENCIA DEL CONDUCTOR,1,0,-12.026782,-77.058355
A-2021-11-146,2021-11-05,2021,VIERNES,23:10,23,LIMA,SAN JUAN DE MIRAFLORES,URBANA,CARRETERA,ATROPELLO FUGA,EN PROCESO DE INVESTIGACIÓN,1,0,-12.184364,-76.974964
A-2021-11-149,2021-11-07,2021,DOMINGO,20:00,20,LIMA,LOS OLIVOS,URBANA,CARRETERA,CHOQUE,EN PROCESO DE INVESTIGACIÓN,1,0,-11.962577,-77.068385
A-2021-11-151,2021-11-07,2021,DOMINGO,16:14,16,LIMA,SANTIAGO DE SURCO,URBANA,AVENIDA,CHOQUE,EN PROCESO DE INVESTIGACIÓN,1,0,-12.128541,-76.984966
A-2021-11-147,2021-11-07,2021,DOMINGO,02:00,2,LIMA,COMAS,URBANA,AVENIDA,ATROPELLO FUGA,EN PROCESO DE INVESTIGACIÓN,1,0,-11.953014,-77.051314
A-2021-11-148,2021-11-07,2021,DOMINGO,10:40,10,LIMA,LOS OLIVOS,URBANA,CARRETERA,ATROPELLO,EN PROCESO DE INVESTIGACIÓN,1,0,-11.937769,-77.071831
A-2021-11-152,2021-11-08,2021,LUNES,06:30,6,LIMA,ATE,URBANA,CARRETERA,CHOQUE,EN PROCESO DE INVESTIGACIÓN,1,2,-12.006873,-76.852368
A-2021-11-11,2021-11-08,2021,LUNES,12:40,12,LIMA,SAN MIGUEL,URBANA,AVENIDA,ATROPELLO FUGA,EN PROCESO DE INVESTIGACIÓN,1,0,-12.061559,-77.087503
A-2021-11-153,2021-11-09,2021,MARTES,05:30,5,LIMA,SAN JUAN DE LURIGANCHO,URBANA,AVENIDA,ATROPELLO,EN PROCESO DE INVESTIGACIÓN,1,0,-11.941629,-76.999188
A-2021-11-154,2021-11-10,2021,MIERCOLES,19:15,19,LIMA,SAN JUAN DE LURIGANCHO,URBANA,AVENIDA,ATROPELLO,EN PROCESO DE INVESTIGACIÓN,1,0,-12.01914,-76.952201
A-2021-11-157,2021-11-12,2021,VIERNES,19:45,19,LIMA,LOS OLIVOS,URBANA,AVENIDA,ATROPELLO,EN PROCESO DE INVESTIGACIÓN,1,0,-11.937184,-77.07225
A-2021-11-158,2021-11-12,2021,VIERNES,19:30,19,LIMA,PUCUSANA,URBANA,CARRETERA,ATROPELLO FUGA,EN PROCESO DE INVESTIGACIÓN,1,0,-12.460258,-76.752788
A-2021-11-156,2021-11-12,2021,VIERNES,15:10,15,LIMA,SAN MARTIN DE PORRES,URBANA,CARRETERA,DESPISTE,EN PROCESO DE INVESTIGACIÓN,1,0,-12.03548,-77.04769
A-2021-11-155,2021-11-12,2021,VIERNES,03:20,3,LIMA,LOS OLIVOS,URBANA,OTRO,DESPISTE,EN PROCESO DE INVESTIGACIÓN,1,0,-11.977289,-77.06678
A-2021-11-159,2021-11-13,2021,SABADO,10:50,10,LIMA,SANTA ANITA,URBANA,AVENIDA,ATROPELLO FUGA,EN PROCESO DE INVESTIGACIÓN,1,0,-12.034243,-76.943897
A-2021-11-160,2021-11-13,2021,SABADO,18:05,18,LIMA,SANTA ANITA,URBANA,AVENIDA,DESPISTE,EN PROCESO DE INVESTIGACIÓN,1,0,-12.040806,-76.962858
A-2021-11-165,2021-11-17,2021,MIERCOLES,05:40,5,LIMA,LURIN,URBANA,CARRETERA,CHOQUE,EN PROCESO DE INVESTIGACIÓN,1,1,-12.276699,-76.889126
A-2021-11-168,2021-11-17,2021,MIERCOLES,10:30,10,LIMA,PUEBLO LIBRE,URBANA,AVENIDA,ATROPELLO,EN PROCESO DE INVESTIGACIÓN,1,0,-12.080675,-77.058467
A-2021-11-169,2021-11-19,2021,VIERNES,14:00,14,LIMA,CHORRILLOS,URBANA,AVENIDA,ATROPELLO FUGA,EN PROCESO DE INVESTIGACIÓN,1,0,-12.182939,-76.994322
A-2021-11-170,2021-11-21,2021,DOMINGO,05:45,5,LIMA,SAN MARTIN DE PORRES,URBANA,CARRETERA,DESPISTE,EN PROCESO DE INVESTIGACIÓN,1,1,-12.023134,-77.058835
A-2021-11-180,2021-11-21,2021,DOMINGO,22:45,22,LIMA,COMAS,URBANA,CARRETERA,ATROPELLO,EN PROCESO DE INVESTIGACIÓN,1,0,-11.948594,-77.070406
A-2021-11-179,2021-11-21,2021,DOMINGO,03:00,3,LIMA,SANTA ANITA,URBANA,CARRETERA,ATROPELLO FUGA,EN PROCESO DE INVESTIGACIÓN,1,0,-12.054749,-76.974788
A-2021-11-185,2021-11-23,2021,MARTES,22:35,22,LIMA,LA MOLINA,URBANA,CALLE,DESPISTE,IMPRUDENCIA DEL CONDUCTOR,1,0,-12.116851,-76.937917
A-2021-11-186,2021-11-25,2021,JUEVES,15:00,15,LIMA,LURIN,URBANA,AVENIDA,CHOQUE,EN PROCESO DE INVESTIGACIÓN,1,0,-12.247909,-76.863908
A-2021-11-187,2021-11-26,2021,VIERNES,14:00,14,LIMA,LA VICTORIA,URBANA,AVENIDA,ATROPELLO FUGA,EN PROCESO DE INVESTIGACIÓN,1,0,-12.080235,-77.007901
A-2021-11-188,2021-11-27,2021,SABADO,14:30,14,LIMA,LURIN,RURAL,OTRO,ATROPELLO,EN PROCESO DE INVESTIGACIÓN,1,0,-12.23968,-76.89281
A-2021-11-189,2021-11-28,2021,DOMINGO,05:30,5,LIMA,INDEPENDENCIA,URBANA,CARRETERA,ATROPELLO,EN PROCESO DE INVESTIGACIÓN,1,0,-11.985649,-77.064671
A-2021-11-190,2021-11-28,2021,DOMINGO,22:30,22,LIMA,VILLA EL SALVADOR,URBANA,AVENIDA,ATROPELLO FUGA,EN PROCESO DE INVESTIGACIÓN,1,0,-12.229477,-76.920508
A-2021-11-191,2021-11-29,2021,LUNES,01:30,1,LIMA,LURIN,URBANA,CARRETERA,DESPISTE,EN PROCESO DE INVESTIGACIÓN,1,2,-12.296344,-76.850878
A-2021-11-192,2021-11-29,2021,LUNES,05:30,5,LIMA,LURIN,URBANA,AVENIDA,CHOQUE,EN PROCESO DE INVESTIGACIÓN,1,2,-12.287332,-76.860223
A-2021-12-214,2021-12-01,2021,MIERCOLES,17:30,17,LIMA,SAN JUAN DE LURIGANCHO,URBANA,AVENIDA,VOLCADURA,IMPRUDENCIA DEL CONDUCTOR,1,0,-11.982914,-76.993324
A-2021-12-215,2021-12-02,2021,JUEVES,17:50,17,LIMA,LURIGANCHO,URBANA,AUTOPISTA,CHOQUE,EN PROCESO DE INVESTIGACIÓN,1,0,-12.011532,-76.891939
A-2021-12-116,2021-12-04,2021,SABADO,19:40,19,LIMA,LOS OLIVOS,URBANA,AVENIDA,DESPISTE,IMPRUDENCIA DEL CONDUCTOR,1,0,-11.976829,-77.081429
A-2021-12-117,2021-12-05,2021,DOMINGO,00:00,0,LIMA,ATE,URBANA,CARRETERA,ATROPELLO,EN PROCESO DE INVESTIGACIÓN,1,0,-12.012511,-76.878788
A-2021-12-118,2021-12-05,2021,DOMINGO,15:00,15,LIMA,ATE,URBANA,CARRETERA,ATROPELLO,EN PROCESO DE INVESTIGACIÓN,1,0,-12.072798,-76.973889
A-2021-12-220,2021-12-06,2021,LUNES,14:44,14,LIMA,LOS OLIVOS,URBANA,AVENIDA,CHOQUE,EN PROCESO DE INVESTIGACIÓN,1,0,-11.977829,-77.077696
A-2021-12-119,2021-12-07,2021,MARTES,14:35,14,LIMA,CHACLACAYO,URBANA,CARRETERA,CHOQUE,EN PROCESO DE INVESTIGACIÓN,1,0,-11.98572,-76.809785
A-2021-12-8,2021-12-07,2021,MARTES,18:00,18,CALLAO,CALLAO,URBANA,CARRETERA,CHOQUE,EN PROCESO DE INVESTIGACIÓN,1,0,-11.972425,-77.124817
A-2021-12-7,2021-12-07,2021,MARTES,22:00,22,CALLAO,CALLAO,URBANA,CARRETERA,CHOQUE,NEGLIGENCIA DEL CONDUCTOR,1,0,-12.03826,-77.12718
A-2021-12-216,2021-12-08,2021,MIERCOLES,10:00,10,LIMA,VILLA MARIA DEL TRIUNFO,URBANA,JIRÓN,CAÍDA DE PASAJERO,EN PROCESO DE INVESTIGACIÓN,1,0,-12.183116,-76.924735
A-2021-12-154,2021-12-10,2021,VIERNES,01:00,1,LIMA,BARRANCO,URBANA,OTRO,DESPISTE,EN PROCESO DE INVESTIGACIÓN,1,2,-12.153688,-77.024744
A-2021-12-155,2021-12-10,2021,VIERNES,16:40,16,LIMA,VILLA MARIA DEL TRIUNFO,URBANA,AVENIDA,CAÍDA DE PASAJERO,EN PROCESO DE INVESTIGACIÓN,1,0,-12.166162,-76.952253
A-2021-12-156,2021-12-11,2021,SABADO,12:50,12,LIMA,LOS OLIVOS,URBANA,AVENIDA,ATROPELLO,EN PROCESO DE INVESTIGACIÓN,1,0,-12.006545,-77.082327
A-2021-12-157,2021-12-11,2021,SABADO,21:30,21,LIMA,VILLA EL SALVADOR,URBANA,CARRETERA,CHOQUE,EN PROCESO DE INVESTIGACIÓN,1,7,-12.195148,-76.9728
A-2021-12-14,2021-12-12,2021,DOMINGO,07:40,7,CALLAO,CALLAO,URBANA,CARRETERA,DESPISTE,EN PROCESO DE INVESTIGACIÓN,1,0,-12.041565,-77.104408
A-2021-12-295,2021-12-12,2021,DOMINGO,13:25,13,LIMA,LOS OLIVOS,URBANA,AVENIDA,DESPISTE,EN PROCESO DE INVESTIGACIÓN,1,0,-11.970591,-77.072484
A-2021-12-158,2021-12-13,2021,LUNES,21:30,21,LIMA,CIENEGUILLA,URBANA,CALLE,CHOQUE,EN PROCESO DE INVESTIGACIÓN,1,0,-12.073099,-76.874782
A-2021-12-159,2021-12-14,2021,MARTES,06:50,6,LIMA,LOS OLIVOS,URBANA,CARRETERA,CHOQUE,EN PROCESO DE INVESTIGACIÓN,1,0,-11.954954,-77.084784
A-2021-12-206,2021-12-15,2021,MIERCOLES,19:40,19,LIMA,CIENEGUILLA,URBANA,AVENIDA,VOLCADURA,EN PROCESO DE INVESTIGACIÓN,1,0,-12.10018,-76.79166
A-2021-12-27,2021-12-15,2021,MIERCOLES,17:00,17,CALLAO,CALLAO,URBANA,AVENIDA,CHOQUE,IMPRUDENCIA DEL CONDUCTOR,1,0,-12.017058,-77.092894
A-2021-12-207,2021-12-16,2021,JUEVES,20:00,20,LIMA,PACHACAMAC,URBANA,AVENIDA,ATROPELLO,IMPRUDENCIA DEL CONDUCTOR,1,0,-12.108048,-76.875272
A-2021-12-208,2021-12-18,2021,SABADO,12:40,12,LIMA,SAN MARTIN DE PORRES,URBANA,AVENIDA,CHOQUE,EN PROCESO DE INVESTIGACIÓN,1,0,-11.990701,-77.106933
A-2021-12-209,2021-12-18,2021,SABADO,20:20,20,LIMA,MIRAFLORES,URBANA,AVENIDA,CHOQUE,EN PROCESO DE INVESTIGACIÓN,1,0,-12.122384,-77.005647
A-2021-12-210,2021-12-19,2021,DOMINGO,02:45,2,LIMA,COMAS,URBANA,CARRETERA,CHOQUE,EN PROCESO DE INVESTIGACIÓN,1,0,-11.93071,-77.07231
A-2021-12-212,2021-12-19,2021,DOMINGO,05:30,5,LIMA,VILLA EL SALVADOR,URBANA,AVENIDA,ATROPELLO,EN PROCESO DE INVESTIGACIÓN,1,0,-12.21592,-76.935139
A-2021-12-213,2021-12-20,2021,LUNES,15:30,15,LIMA,SAN JUAN DE LURIGANCHO,URBANA,AVENIDA,CHOQUE,EN PROCESO DE INVESTIGACIÓN,1,1,-12.029521,-77.007004
A-2021-12-211,2021-12-20,2021,LUNES,06:35,6,LIMA,PACHACAMAC,URBANA,AVENIDA,ATROPELLO,EN PROCESO DE INVESTIGACIÓN,1,0,-12.083449,-76.878092
A-2021-12-34,2021-12-20,2021,LUNES,11:30,11,CALLAO,MI PERU,URBANA,AVENIDA,ATROPELLO,NEGLIGENCIA DEL CONDUCTOR,1,0,-11.857653,-77.128358
A-2021-12-223,2021-12-22,2021,MIERCOLES,06:30,6,LIMA,SAN MARTIN DE PORRES,URBANA,CARRETERA,DESPISTE,EN PROCESO DE INVESTIGACIÓN,1,0,-12.013349,-77.060384
A-2021-12-224,2021-12-23,2021,JUEVES,19:00,19,LIMA,LURIN,URBANA,AVENIDA,ATROPELLO,EN PROCESO DE INVESTIGACIÓN,1,0,-12.276894,-76.870023
A-2021-12-241,2021-12-24,2021,VIERNES,16:20,16,LIMA,CIENEGUILLA,URBANA,CARRETERA,CHOQUE,EN PROCESO DE INVESTIGACIÓN,1,0,-12.090918,-76.844108
A-2021-12-240,2021-12-24,2021,VIERNES,17:00,17,LIMA,LOS OLIVOS,URBANA,AVENIDA,ATROPELLO,EN PROCESO DE INVESTIGACIÓN,1,0,-12.006548,-77.082336
A-2021-12-293,2021-12-25,2021,SABADO,13:45,13,CALLAO,VENTANILLA,URBANA,AVENIDA,ATROPELLO,IMPRUDENCIA DEL PEATÓN,1,0,-11.888572,-77.130552
A-2021-12-242,2021-12-25,2021,SABADO,16:30,16,LIMA,CARABAYLLO,URBANA,AVENIDA,ATROPELLO,EN PROCESO DE INVESTIGACIÓN,1,0,-11.871631,-77.014417
A-2021-12-243,2021-12-26,2021,DOMINGO,04:00,4,LIMA,CHACLACAYO,URBANA,CARRETERA,DESPISTE,EN PROCESO DE INVESTIGACIÓN,1,0,-11.990416,-76.820875
A-2021-12-245,2021-12-26,2021,DOMINGO,16:00,16,LIMA,LA VICTORIA,URBANA,AVENIDA,VOLCADURA,EN PROCESO DE INVESTIGACIÓN,1,0,-12.067019,-76.997399
A-2021-12-244,2021-12-26,2021,DOMINGO,17:15,17,LIMA,CHORRILLOS,URBANA,AVENIDA,ATROPELLO,EN PROCESO DE INVESTIGACIÓN,2,1,-12.181323,-77.012318
A-2021-12-246,2021-12-27,2021,LUNES,04:00,4,LIMA,LURIGANCHO,URBANA,CARRETERA,CHOQUE,EN PROCESO DE INVESTIGACIÓN,1,0,-11.931703,-76.692086
A-2021-12-80,2021-12-27,2021,LUNES,07:30,7,CALLAO,CALLAO,URBANA,CARRETERA,CHOQUE,IMPRUDENCIA DEL CONDUCTOR,1,0,-11.985128,-77.125214
A-2021-12-218,2021-12-29,2021,MIERCOLES,13:55,13,LIMA,SAN JUAN DE LURIGANCHO,URBANA,AVENIDA,ATROPELLO,EN PROCESO DE INVESTIGACIÓN,1,1,-12.025253,-77.010592
A-2021-12-217,2021-12-30,2021,JUEVES,11:30,11,LIMA,LURIN,URBANA,CARRETERA,DESPISTE,EN PROCESO DE INVESTIGACIÓN,1,4,-12.301834,-76.845125
A-2021-12-219,2021-12-31,2021,VIERNES,09:10,9,LIMA,LURIGANCHO,URBANA,CARRETERA,ATROPELLO,EN PROCESO DE INVESTIGACIÓN,1,0,-11.933058,-76.693175
A-2021-12-161,2021-12-31,2021,VIERNES,09:30,9,CALLAO,CALLAO,URBANA,CARRETERA,CHOQUE,NEGLIGENCIA DEL CONDUCTOR,1,0,-12.024209,-77.128734
A-2021-12-247,2021-12-31,2021,VIERNES,10:54,10,LIMA,INDEPENDENCIA,URBANA,AVENIDA,DESPISTE,EN PROCESO DE INVESTIGACIÓN,1,0,-11.997731,-77.051705
A-2021-12-248,2021-12-31,2021,VIERNES,17:05,17,LIMA,VILLA MARIA DEL TRIUNFO,URBANA,AVENIDA,ATROPELLO,EN PROCESO DE INVESTIGACIÓN,1,0,-12.171185,-76.930697
A-2022-01-69,2022-01-01,2022,SABADO,06:04,6,LIMA,LA MOLINA,URBANA,AVENIDA,DESPISTE,EN PROCESO DE INVESTIGACIÓN,1,0,-12.063661,-76.952232
A-2022-01-70,2022-01-01,2022,SABADO,23:00,23,LIMA,PACHACAMAC,URBANA,CARRETERA,ATROPELLO,EN PROCESO DE INVESTIGACIÓN,1,0,-12.104026,-76.876418
A-2022-01-73,2022-01-03,2022,LUNES,19:00,19,LIMA,CHORRILLOS,URBANA,CARRETERA,CHOQUE,EN PROCESO DE INVESTIGACIÓN,1,0,-12.221115,-76.976148
A-2022-01-89,2022-01-03,2022,LUNES,22:00,22,LIMA,PUENTE PIEDRA,URBANA,CARRETERA,CHOQUE,EN PROCESO DE INVESTIGACIÓN,1,0,-11.890385,-77.068378
A-2022-01-90,2022-01-04,2022,MARTES,10:45,10,LIMA,SAN MARTIN DE PORRES,URBANA,CARRETERA,ATROPELLO,EN PROCESO DE INVESTIGACIÓN,1,0,-12.02323,-77.058815
A-2022-01-91,2022-01-04,2022,MARTES,20:30,20,LIMA,SAN MARTIN DE PORRES,URBANA,AVENIDA,DESPISTE,EN PROCESO DE INVESTIGACIÓN,1,0,-11.987278,-77.103042
A-2022-01-110,2022-01-05,2022,MIERCOLES,06:50,6,LIMA,SAN JUAN DE MIRAFLORES,URBANA,CARRETERA,CHOQUE,EN PROCESO DE INVESTIGACIÓN,1,0,-12.172018,-76.978732
A-2022-01-111,2022-01-09,2022,DOMINGO,19:10,19,LIMA,SAN BARTOLO,URBANA,CARRETERA,ATROPELLO,IMPRUDENCIA DEL PEATÓN,1,0,-12.385165,-76.770449
A-2022-01-120,2022-01-10,2022,LUNES,08:25,8,LIMA,SANTIAGO DE SURCO,URBANA,CARRETERA,DESPISTE,EN PROCESO DE INVESTIGACIÓN,1,0,-12.124372,-76.977199
A-2022-01-121,2022-01-12,2022,MIERCOLES,02:00,2,LIMA,EL AGUSTINO,URBANA,AUTOPISTA,CHOQUE CON OBJETO FIJO,IMPRUDENCIA DEL CONDUCTOR,1,0,-12.030628,-76.994509
A-2022-01-123,2022-01-13,2022,JUEVES,14:00,14,LIMA,LIMA,URBANA,AVENIDA,CHOQUE,EN PROCESO DE INVESTIGACIÓN,1,0,-12.0438,-77.024573
A-2022-01-125,2022-01-14,2022,VIERNES,20:50,20,LIMA,PUENTE PIEDRA,URBANA,CARRETERA,ATROPELLO,IMPRUDENCIA DEL CONDUCTOR,1,0,-11.913491,-77.073818
A-2022-01-124,2022-01-14,2022,VIERNES,15:30,15,LIMA,SAN JUAN DE LURIGANCHO,RURAL,CALLE,ATROPELLO,EN PROCESO DE INVESTIGACIÓN,1,0,-11.881755,-76.947732
A-2022-01-126,2022-01-17,2022,LUNES,07:45,7,LIMA,ATE,URBANA,AVENIDA,ATROPELLO,EN PROCESO DE INVESTIGACIÓN,1,0,-12.06192,-76.996147
A-2022-01-260,2022-01-18,2022,MARTES,17:00,17,LIMA,CIENEGUILLA,RURAL,CARRETERA,DESPISTE,EN PROCESO DE INVESTIGACIÓN,1,1,-12.130891,-76.810908
A-2022-01-261,2022-01-19,2022,MIERCOLES,16:50,16,LIMA,COMAS,URBANA,AVENIDA,CAÍDA DE PASAJERO,EN PROCESO DE INVESTIGACIÓN,1,0,-11.940693,-77.067244
A-2022-01-94,2022-01-21,2022,VIERNES,04:40,4,CALLAO,VENTANILLA,URBANA,AVENIDA,ATROPELLO,IMPRUDENCIA DEL PEATÓN,1,0,-11.828861,-77.159304
A-2022-01-262,2022-01-21,2022,VIERNES,20:00,20,LIMA,LURIN,URBANA,CARRETERA,CHOQUE,EN PROCESO DE INVESTIGACIÓN,1,0,-12.289421,-76.868668
A-2022-01-104,2022-01-22,2022,SABADO,06:00,6,CALLAO,CALLAO,URBANA,CARRETERA,ATROPELLO,IMPRUDENCIA DEL PEATÓN,1,0,-12.046638,-77.132099
A-2022-01-266,2022-01-22,2022,SABADO,22:50,22,LIMA,SANTIAGO DE SURCO,URBANA,CARRETERA,ATROPELLO,EN PROCESO DE INVESTIGACIÓN,1,0,-12.153347,-76.983953
A-2022-01-268,2022-01-24,2022,LUNES,04:00,4,LIMA,ATE,URBANA,CARRETERA,CHOQUE,EN PROCESO DE INVESTIGACIÓN,2,1,-12.0613,-76.972222
A-2022-01-267,2022-01-25,2022,MARTES,05:25,5,LIMA,SAN JUAN DE MIRAFLORES,URBANA,CARRETERA,ATROPELLO,EN PROCESO DE INVESTIGACIÓN,1,0,-12.180592,-76.976067
A-2022-01-269,2022-01-28,2022,VIERNES,23:40,23,LIMA,RIMAC,URBANA,CARRETERA,ATROPELLO FUGA,EN PROCESO DE INVESTIGACIÓN,1,0,-12.042153,-77.020614
A-2022-01-270,2022-01-30,2022,DOMINGO,01:20,1,LIMA,SANTIAGO DE SURCO,URBANA,CARRETERA,VOLCADURA,EN PROCESO DE INVESTIGACIÓN,1,0,-12.141153,-76.981288
A-2022-01-277,2022-01-30,2022,DOMINGO,06:00,6,LIMA,SAN MARTIN DE PORRES,URBANA,CARRETERA,CHOQUE,EN PROCESO DE INVESTIGACIÓN,1,0,-12.022886,-77.059221
A-2022-01-271,2022-01-30,2022,DOMINGO,08:10,8,LIMA,VILLA MARIA DEL TRIUNFO,URBANA,AVENIDA,CHOQUE,EN PROCESO DE INVESTIGACIÓN,1,0,-12.204977,-76.928748
A-2022-01-279,2022-01-31,2022,LUNES,12:00,12,LIMA,SANTA ANITA,URBANA,AVENIDA,DESPISTE,EN PROCESO DE INVESTIGACIÓN,1,1,-12.028669,-76.951075
A-2022-02-149,2022-02-02,2022,MIERCOLES,10:00,10,LIMA,SAN MARTIN DE PORRES,URBANA,CARRETERA,ATROPELLO,EN PROCESO DE INVESTIGACIÓN,1,0,-12.020893,-77.059355
A-2022-02-150,2022-02-02,2022,MIERCOLES,20:00,20,LIMA,ATE,URBANA,CARRETERA,ATROPELLO FUGA,EN PROCESO DE INVESTIGACIÓN,1,0,-12.012294,-76.878204
A-2022-02-151,2022-02-03,2022,JUEVES,06:10,6,LIMA,SAN JUAN DE LURIGANCHO,URBANA,AVENIDA,ATROPELLO,EN PROCESO DE INVESTIGACIÓN,1,0,-12.024065,-76.97799
A-2022-02-153,2022-02-03,2022,JUEVES,13:25,13,LIMA,VILLA EL SALVADOR,URBANA,AVENIDA,ATROPELLO,EN PROCESO DE INVESTIGACIÓN,1,1,-12.195677,-76.959079
A-2022-02-22,2022-02-05,2022,SABADO,17:10,17,CALLAO,BELLAVISTA,URBANA,AVENIDA,CHOQUE FUGA,IMPRUDENCIA DEL CONDUCTOR,1,0,-12.061248,-77.133978
A-2022-02-154,2022-02-05,2022,SABADO,07:00,7,LIMA,CHORRILLOS,URBANA,AVENIDA,CHOQUE,EN PROCESO DE INVESTIGACIÓN,1,0,-12.187632,-76.99171
A-2022-02-155,2022-02-06,2022,DOMINGO,05:15,5,LIMA,INDEPENDENCIA,URBANA,CARRETERA,CHOQUE,EN PROCESO DE INVESTIGACIÓN,1,0,-11.990122,-77.064095
A-2022-02-162,2022-02-06,2022,DOMINGO,18:00,18,LIMA,SAN JUAN DE MIRAFLORES,URBANA,AVENIDA,DESPISTE,EN PROCESO DE INVESTIGACIÓN,1,0,-12.15064,-76.980468
A-2022-02-166,2022-02-07,2022,LUNES,21:00,21,LIMA,LURIGANCHO,URBANA,AVENIDA,ESPECIAL,EN PROCESO DE INVESTIGACIÓN,1,0,-12.003851,-76.928158
A-2022-02-167,2022-02-08,2022,MARTES,17:00,17,LIMA,LOS OLIVOS,URBANA,AVENIDA,CAÍDA DE PASAJERO,EN PROCESO DE INVESTIGACIÓN,1,0,-11.963629,-77.077475
A-2022-02-168,2022-02-08,2022,MARTES,23:40,23,LIMA,SAN BORJA,URBANA,AVENIDA,ATROPELLO,EN PROCESO DE INVESTIGACIÓN,1,0,-12.105682,-77.001138
A-2022-02-216,2022-02-09,2022,MIERCOLES,20:00,20,LIMA,PACHACAMAC,URBANA,AVENIDA,ATROPELLO,EN PROCESO DE INVESTIGACIÓN,1,0,-12.101285,-76.874275
A-2022-02-218,2022-02-10,2022,JUEVES,06:30,6,LIMA,CARABAYLLO,URBANA,CALLE,ATROPELLO,EN PROCESO DE INVESTIGACIÓN,1,0,-11.86253,-77.03923
A-2022-02-221,2022-02-11,2022,VIERNES,18:30,18,LIMA,ATE,URBANA,AVENIDA,ATROPELLO,EN PROCESO DE INVESTIGACIÓN,1,0,-12.029235,-76.923477
A-2022-02-222,2022-02-11,2022,VIERNES,02:40,2,LIMA,CARABAYLLO,URBANA,AVENIDA,CHOQUE,EN PROCESO DE INVESTIGACIÓN,1,0,-11.874033,-77.027818
A-2022-02-223,2022-02-12,2022,SABADO,02:30,2,LIMA,RIMAC,URBANA,CARRETERA,ATROPELLO FUGA,EN PROCESO DE INVESTIGACIÓN,1,0,-12.040107,-77.016547
A-2022-02-228,2022-02-13,2022,DOMINGO,15:30,15,LIMA,LIMA,URBANA,AVENIDA,CHOQUE,EN PROCESO DE INVESTIGACIÓN,1,1,-12.075418,-77.034684
A-2022-02-229,2022-02-14,2022,LUNES,05:30,5,LIMA,MAGDALENA DEL MAR,URBANA,OTRO,DESPISTE,EN PROCESO DE INVESTIGACIÓN,1,0,-12.096321,-77.076241
A-2022-02-230,2022-02-14,2022,LUNES,15:20,15,LIMA,SAN MARTIN DE PORRES,URBANA,AVENIDA,CHOQUE,EN PROCESO DE INVESTIGACIÓN,1,0,-12.001624,-77.101342
A-2022-02-231,2022-02-15,2022,MARTES,04:30,4,LIMA,LURIGANCHO,URBANA,AVENIDA,ATROPELLO FUGA,EN PROCESO DE INVESTIGACIÓN,1,0,-12.019697,-76.919999
A-2022-02-234,2022-02-15,2022,MARTES,11:00,11,LIMA,COMAS,URBANA,AVENIDA,ATROPELLO,EN PROCESO DE INVESTIGACIÓN,1,0,-11.941692,-77.064414
A-2022-02-235,2022-02-16,2022,MIERCOLES,13:30,13,LIMA,RIMAC,URBANA,AVENIDA,ATROPELLO,EN PROCESO DE INVESTIGACIÓN,1,0,-12.024928,-77.035575
A-2022-02-81,2022-02-17,2022,JUEVES,21:00,21,CALLAO,CALLAO,URBANA,CARRETERA,ATROPELLO,IMPRUDENCIA DEL PEATÓN,1,0,-11.979787,-77.124876
A-2022-02-236,2022-02-18,2022,VIERNES,21:00,21,LIMA,MIRAFLORES,URBANA,OTRO,ATROPELLO,EN PROCESO DE INVESTIGACIÓN,1,0,-12.118356,-77.045397
A-2022-02-237,2022-02-19,2022,SABADO,19:45,19,LIMA,LA MOLINA,URBANA,CARRETERA,CHOQUE,EN PROCESO DE INVESTIGACIÓN,1,0,-12.082043,-76.92834
A-2022-02-239,2022-02-19,2022,SABADO,10:30,10,LIMA,LURIN,URBANA,CARRETERA,ATROPELLO FUGA,EN PROCESO DE INVESTIGACIÓN,1,0,-12.293074,-76.862978
A-2022-02-240,2022-02-20,2022,DOMINGO,02:30,2,LIMA,ANCON,URBANA,CARRETERA,ATROPELLO,EN PROCESO DE INVESTIGACIÓN,1,0,-11.808526,-77.132543
A-2022-02-242,2022-02-23,2022,MIERCOLES,09:50,9,LIMA,SAN MARTIN DE PORRES,URBANA,AVENIDA,CAÍDA DE PASAJERO,EN PROCESO DE INVESTIGACIÓN,1,0,-12.023764,-77.074466
A-2022-02-119,2022-02-24,2022,JUEVES,05:45,5,CALLAO,CALLAO,URBANA,AVENIDA,ATROPELLO,IMPRUDENCIA DEL CONDUCTOR,1,0,-12.053946,-77.119968
A-2022-02-241,2022-02-24,2022,JUEVES,08:15,8,LIMA,LIMA,URBANA,AVENIDA,ESPECIAL,EN PROCESO DE INVESTIGACIÓN,1,0,-12.059552,-77.078012
A-2022-02-246,2022-02-25,2022,VIERNES,12:30,12,LIMA,ATE,URBANA,CARRETERA,ATROPELLO,EN PROCESO DE INVESTIGACIÓN,1,0,-12.005992,-76.847815
A-2022-02-309,2022-02-25,2022,VIERNES,14:10,14,LIMA,SAN MARTIN DE PORRES,URBANA,AVENIDA,ATROPELLO,EN PROCESO DE INVESTIGACIÓN,1,0,-12.031263,-77.044221
A-2022-02-249,2022-02-25,2022,VIERNES,23:30,23,LIMA,SANTA ANITA,URBANA,AVENIDA,CHOQUE,EN PROCESO DE INVESTIGACIÓN,1,2,-12.035846,-76.948934
A-2022-02-248,2022-02-26,2022,SABADO,19:40,19,LIMA,ATE,URBANA,OTRO,ATROPELLO,EN PROCESO DE INVESTIGACIÓN,1,0,-12.041471,-76.924424
A-2022-02-250,2022-02-28,2022,LUNES,03:00,3,LIMA,RIMAC,URBANA,CARRETERA,ATROPELLO FUGA,EN PROCESO DE INVESTIGACIÓN,1,0,-12.043272,-77.025497
A-2022-02-251,2022-02-28,2022,LUNES,05:35,5,LIMA,CHACLACAYO,URBANA,CARRETERA,CHOQUE,EN PROCESO DE INVESTIGACIÓN,1,2,-11.967717,-76.745522
A-2022-03-189,2022-03-01,2022,MARTES,07:20,7,LIMA,PUENTE PIEDRA,RURAL,AVENIDA,VOLCADURA,EN PROCESO DE INVESTIGACIÓN,1,0,-11.845251,-77.077429
A-2022-03-161,2022-03-02,2022,MIERCOLES,12:20,12,CALLAO,CALLAO,URBANA,AVENIDA,CHOQUE,IMPRUDENCIA DEL CONDUCTOR,1,0,-12.055735,-77.12185
A-2022-03-181,2022-03-02,2022,MIERCOLES,14:30,14,LIMA,JESUS MARIA,URBANA,AVENIDA,CHOQUE,EN PROCESO DE INVESTIGACIÓN,1,0,-12.077487,-77.036734
A-2022-03-283,2022-03-03,2022,JUEVES,23:50,23,LIMA,CHORRILLOS,URBANA,AVENIDA,ATROPELLO FUGA,EN PROCESO DE INVESTIGACIÓN,1,0,-12.184293,-77.007464
A-2022-03-212,2022-03-04,2022,VIERNES,14:00,14,CALLAO,CARMEN DE LA LEGUA REYNOSO,URBANA,AVENIDA,ATROPELLO,EN PROCESO DE INVESTIGACIÓN,1,0,-12.046767,-77.08469
A-2022-03-8,2022-03-05,2022,SABADO,16:50,16,CALLAO,CALLAO,URBANA,CARRETERA,ATROPELLO,IMPRUDENCIA DEL PEATÓN,1,0,-12.041549,-77.126668
A-2022-03-213,2022-03-05,2022,SABADO,04:45,4,LIMA,VILLA EL SALVADOR,,CARRETERA,ATROPELLO FUGA,EN PROCESO DE INVESTIGACIÓN,1,0,-12.240213,-76.947585
A-2022-03-232,2022-03-07,2022,LUNES,18:25,18,LIMA,COMAS,URBANA,AVENIDA,ATROPELLO,EN PROCESO DE INVESTIGACIÓN,1,0,-11.900936,-77.039893
A-2022-03-214,2022-03-07,2022,LUNES,14:30,14,LIMA,COMAS,URBANA,AVENIDA,ATROPELLO,EN PROCESO DE INVESTIGACIÓN,1,0,-11.937831,-77.049489
A-2022-03-215,2022-03-08,2022,MARTES,06:00,6,LIMA,EL AGUSTINO,URBANA,CARRETERA,CHOQUE,EN PROCESO DE INVESTIGACIÓN,1,0,-12.02946,-76.999036
A-2022-03-289,2022-03-08,2022,MARTES,17:20,17,LIMA,PACHACAMAC,URBANA,AVENIDA,CHOQUE,IMPRUDENCIA DEL CONDUCTOR,1,0,-12.154419,-76.869334
A-2022-03-216,2022-03-09,2022,MIERCOLES,14:00,14,LIMA,RIMAC,URBANA,CARRETERA,CHOQUE,EN PROCESO DE INVESTIGACIÓN,1,0,-12.04027,-77.01653
A-2022-03-253,2022-03-10,2022,JUEVES,20:00,20,LIMA,SAN MARTIN DE PORRES,URBANA,AVENIDA,CHOQUE FUGA,EN PROCESO DE INVESTIGACIÓN,1,0,-11.949566,-77.085832
A-2022-03-255,2022-03-11,2022,VIERNES,02:00,2,LIMA,SAN JUAN DE LURIGANCHO,URBANA,AVENIDA,CHOQUE,EN PROCESO DE INVESTIGACIÓN,1,0,-11.970962,-76.992302
A-2022-03-257,2022-03-11,2022,VIERNES,19:50,19,LIMA,LIMA,URBANA,AVENIDA,ATROPELLO,EN PROCESO DE INVESTIGACIÓN,1,0,-12.057647,-77.067668
A-2022-03-259,2022-03-13,2022,DOMINGO,11:40,11,LIMA,SAN JUAN DE LURIGANCHO,URBANA,AVENIDA,ATROPELLO,EN PROCESO DE INVESTIGACIÓN,1,0,-11.992739,-77.010866
A-2022-03-260,2022-03-15,2022,MARTES,23:30,23,LIMA,SAN JUAN DE LURIGANCHO,URBANA,CARRETERA,ATROPELLO,EN PROCESO DE INVESTIGACIÓN,1,0,-11.92557,-76.963656
A-2022-03-261,2022-03-16,2022,MIERCOLES,01:00,1,LIMA,SAN ISIDRO,URBANA,OTRO,DESPISTE,EN PROCESO DE INVESTIGACIÓN,1,1,-12.108192,-77.058571
A-2022-03-263,2022-03-18,2022,VIERNES,21:00,21,LIMA,CARABAYLLO,URBANA,AVENIDA,CHOQUE,EN PROCESO DE INVESTIGACIÓN,1,0,-11.897196,-77.029915
A-2022-03-265,2022-03-20,2022,DOMINGO,02:45,2,LIMA,ATE,URBANA,CARRETERA,DESPISTE,EN PROCESO DE INVESTIGACIÓN,2,0,-12.0101,-76.8703
A-2022-03-266,2022-03-20,2022,DOMINGO,23:30,23,LIMA,COMAS,URBANA,AVENIDA,VOLCADURA,EN PROCESO DE INVESTIGACIÓN,1,0,-11.913083,-77.019259
A-2022-03-267,2022-03-21,2022,LUNES,04:00,4,LIMA,ATE,URBANA,CARRETERA,DESPISTE,EN PROCESO DE INVESTIGACIÓN,1,0,-12.061148,-76.972485
A-2022-03-270,2022-03-21,2022,LUNES,18:30,18,LIMA,VILLA MARIA DEL TRIUNFO,URBANA,AVENIDA,ATROPELLO,EN PROCESO DE INVESTIGACIÓN,1,0,-12.1744,-76.94747
A-2022-03-163,2022-03-24,2022,JUEVES,05:00,5,CALLAO,CALLAO,URBANA,CARRETERA,ESPECIAL,EN PROCESO DE INVESTIGACIÓN,1,0,-12.040702,-77.115875
A-2022-03-162,2022-03-24,2022,JUEVES,07:30,7,CALLAO,CALLAO,URBANA,CARRETERA,ATROPELLO FUGA,IMPRUDENCIA DEL PEATÓN,1,0,-11.975299,-77.125008
A-2022-03-273,2022-03-26,2022,SABADO,16:30,16,LIMA,ATE,URBANA,AVENIDA,ATROPELLO,EN PROCESO DE INVESTIGACIÓN,1,0,-12.025977,-76.920003
A-2022-03-271,2022-03-26,2022,SABADO,23:50,23,LIMA,LURIN,URBANA,CARRETERA,ATROPELLO FUGA,EN PROCESO DE INVESTIGACIÓN,1,0,-12.297931,-76.853886
A-2022-03-275,2022-03-27,2022,DOMINGO,17:30,17,LIMA,EL AGUSTINO,URBANA,CARRETERA,ATROPELLO,EN PROCESO DE INVESTIGACIÓN,1,0,-12.031884,-76.988024
A-2022-03-276,2022-03-28,2022,LUNES,07:00,7,LIMA,MIRAFLORES,URBANA,OTRO,DESPISTE,EN PROCESO DE INVESTIGACIÓN,1,1,-12.113504,-77.051017
A-2022-04-214,2022-04-01,2022,VIERNES,19:00,19,LIMA,COMAS,URBANA,AVENIDA,ATROPELLO FUGA,EN PROCESO DE INVESTIGACIÓN,1,0,-11.930408,-77.053074
A-2022-04-195,2022-04-02,2022,SABADO,00:00,0,LIMA,SAN JUAN DE LURIGANCHO,URBANA,AVENIDA,CHOQUE,EN PROCESO DE INVESTIGACIÓN,1,0,-11.980691,-77.012155
A-2022-04-191,2022-04-02,2022,SABADO,11:00,11,LIMA,INDEPENDENCIA,URBANA,AVENIDA,CHOQUE,EN PROCESO DE INVESTIGACIÓN,1,0,-11.987808,-77.057118
A-2022-04-190,2022-04-03,2022,DOMINGO,03:50,3,LIMA,LURIN,URBANA,CARRETERA,VOLCADURA,EN PROCESO DE INVESTIGACIÓN,1,0,-12.280727,-76.882445
A-2022-04-200,2022-04-03,2022,DOMINGO,12:05,12,LIMA,LURIN,URBANA,AUTOPISTA,DESPISTE,EN PROCESO DE INVESTIGACIÓN,1,0,-12.281988,-76.86395
A-2022-04-192,2022-04-04,2022,LUNES,10:30,10,LIMA,VILLA EL SALVADOR,URBANA,AVENIDA,CHOQUE,EN PROCESO DE INVESTIGACIÓN,1,1,-12.226589,-76.945976
A-2022-04-23,2022-04-07,2022,JUEVES,02:30,2,CALLAO,CALLAO,URBANA,CARRETERA,ATROPELLO FUGA,EN PROCESO DE INVESTIGACIÓN,1,0,-11.964148,-77.126887
A-2022-04-24,2022-04-08,2022,VIERNES,09:20,9,CALLAO,MI PERU,URBANA,AVENIDA,CHOQUE,IMPRUDENCIA DEL CONDUCTOR,2,1,-11.856807,-77.121588
A-2022-04-194,2022-04-08,2022,VIERNES,05:00,5,LIMA,SAN JUAN DE LURIGANCHO,URBANA,AVENIDA,ATROPELLO,EN PROCESO DE INVESTIGACIÓN,1,1,-11.989493,-77.007477
A-2022-04-198,2022-04-09,2022,SABADO,09:40,9,LIMA,ATE,URBANA,AVENIDA,ATROPELLO,EN PROCESO DE INVESTIGACIÓN,1,0,-11.997173,-76.834487
A-2022-04-199,2022-04-09,2022,SABADO,22:10,22,LIMA,ATE,URBANA,AVENIDA,CHOQUE,EN PROCESO DE INVESTIGACIÓN,1,8,-12.039388,-76.932605
A-2022-04-197,2022-04-09,2022,SABADO,23:30,23,LIMA,ANCON,URBANA,CARRETERA,ATROPELLO,EN PROCESO DE INVESTIGACIÓN,1,0,-11.814028,-77.128788
A-2022-04-235,2022-04-10,2022,DOMINGO,14:30,14,LIMA,ATE,URBANA,AVENIDA,ATROPELLO,EN PROCESO DE INVESTIGACIÓN,1,0,-12.029623,-76.927958
A-2022-04-201,2022-04-13,2022,MIERCOLES,16:00,16,LIMA,LA VICTORIA,URBANA,AVENIDA,ATROPELLO,EN PROCESO DE INVESTIGACIÓN,1,0,-12.075948,-77.02623
A-2022-04-202,2022-04-13,2022,MIERCOLES,23:30,23,LIMA,PUENTE PIEDRA,URBANA,CARRETERA,ATROPELLO,EN PROCESO DE INVESTIGACIÓN,1,0,-11.861387,-77.078387
A-2022-04-236,2022-04-14,2022,JUEVES,00:04,0,LIMA,COMAS,URBANA,AVENIDA,DESPISTE,EN PROCESO DE INVESTIGACIÓN,1,0,-11.936698,-77.048753
A-2022-04-237,2022-04-15,2022,VIERNES,04:45,4,LIMA,LURIGANCHO,URBANA,CARRETERA,CHOQUE,EN PROCESO DE INVESTIGACIÓN,2,0,-12.018346,-76.911652
A-2022-04-245,2022-04-17,2022,DOMINGO,11:45,11,LIMA,SURQUILLO,URBANA,AVENIDA,ATROPELLO,EN PROCESO DE INVESTIGACIÓN,1,0,-12.111205,-77.02335
A-2022-04-238,2022-04-17,2022,DOMINGO,02:10,2,LIMA,LURIGANCHO,URBANA,CARRETERA,ATROPELLO FUGA,EN PROCESO DE INVESTIGACIÓN,1,0,-11.921435,-76.675836
A-2022-04-246,2022-04-18,2022,LUNES,01:20,1,LIMA,LOS OLIVOS,URBANA,CARRETERA,ATROPELLO,EN PROCESO DE INVESTIGACIÓN,1,0,-11.937526,-77.071828
A-2022-04-247,2022-04-19,2022,MARTES,10:30,10,LIMA,LA VICTORIA,URBANA,AVENIDA,CAÍDA DE PASAJERO,EN PROCESO DE INVESTIGACIÓN,1,0,-12.066846,-77.005215
A-2022-04-59,2022-04-19,2022,MARTES,22:00,22,CALLAO,CALLAO,URBANA,CARRETERA,ATROPELLO FUGA,EN PROCESO DE INVESTIGACIÓN,1,0,-11.942374,-77.131271
A-2022-04-60,2022-04-20,2022,MIERCOLES,04:55,4,CALLAO,CALLAO,URBANA,OTRO,DESPISTE,IMPRUDENCIA DEL CONDUCTOR,1,0,-12.054155,-77.145566
A-2022-04-248,2022-04-20,2022,MIERCOLES,20:30,20,LIMA,COMAS,URBANA,AVENIDA,DESPISTE,EN PROCESO DE INVESTIGACIÓN,1,1,-11.936711,-77.048712
A-2022-04-249,2022-04-20,2022,MIERCOLES,21:30,21,LIMA,LURIGANCHO,URBANA,CARRETERA,CHOQUE,EN PROCESO DE INVESTIGACIÓN,1,0,-11.985049,-76.93855
A-2022-04-268,2022-04-21,2022,JUEVES,03:13,3,LIMA,VILLA EL SALVADOR,RURAL,CARRETERA,CHOQUE,IMPRUDENCIA DEL CONDUCTOR,1,1,-12.23388,-76.960183
A-2022-04-61,2022-04-22,2022,VIERNES,14:40,14,CALLAO,CALLAO,URBANA,CARRETERA,CHOQUE,IMPRUDENCIA DEL CONDUCTOR,1,0,-11.978254,-77.125139
A-2022-04-252,2022-04-22,2022,VIERNES,11:45,11,LIMA,RIMAC,URBANA,CARRETERA,CHOQUE,EN PROCESO DE INVESTIGACIÓN,1,0,-12.037505,-77.013085
A-2022-04-251,2022-04-22,2022,VIERNES,04:00,4,LIMA,EL AGUSTINO,URBANA,CARRETERA,VOLCADURA,EN PROCESO DE INVESTIGACIÓN,1,0,-12.030099,-76.994874
A-2022-04-250,2022-04-22,2022,VIERNES,00:03,0,LIMA,RIMAC,URBANA,AVENIDA,DESPISTE,EN PROCESO DE INVESTIGACIÓN,1,0,-12.027727,-77.040628
A-2022-04-254,2022-04-24,2022,DOMINGO,05:20,5,LIMA,COMAS,URBANA,AVENIDA,CHOQUE,EN PROCESO DE INVESTIGACIÓN,1,0,-11.930176,-77.043051
A-2022-04-255,2022-04-24,2022,DOMINGO,06:30,6,LIMA,ATE,URBANA,CARRETERA,ATROPELLO FUGA,EN PROCESO DE INVESTIGACIÓN,1,0,-12.010227,-76.869461
A-2022-04-256,2022-04-24,2022,DOMINGO,12:00,12,LIMA,PUENTE PIEDRA,URBANA,AVENIDA,ATROPELLO FUGA,EN PROCESO DE INVESTIGACIÓN,1,0,-11.864653,-77.073862
A-2022-04-257,2022-04-24,2022,DOMINGO,15:30,15,LIMA,COMAS,URBANA,CARRETERA,CHOQUE,EN PROCESO DE INVESTIGACIÓN,1,0,-11.924818,-77.072837
A-2022-04-259,2022-04-26,2022,MARTES,06:30,6,LIMA,LURIGANCHO,URBANA,CARRETERA,ATROPELLO FUGA,EN PROCESO DE INVESTIGACIÓN,1,0,-12.020773,-76.935817
A-2022-04-260,2022-04-26,2022,MARTES,10:20,10,LIMA,SURQUILLO,URBANA,AVENIDA,CHOQUE,EN PROCESO DE INVESTIGACIÓN,1,0,-12.115687,-77.009914
A-2022-04-203,2022-04-27,2022,MIERCOLES,20:00,20,LIMA,CARABAYLLO,URBANA,AVENIDA,ATROPELLO,EN PROCESO DE INVESTIGACIÓN,1,0,-11.872143,-77.01105
A-2022-04-261,2022-04-28,2022,JUEVES,16:30,16,LIMA,LINCE,URBANA,PASAJE,CHOQUE,EN PROCESO DE INVESTIGACIÓN,1,0,-12.083654,-77.043243
A-2022-04-262,2022-04-28,2022,JUEVES,17:50,17,LIMA,LURIGANCHO,URBANA,CARRETERA,CHOQUE,EN PROCESO DE INVESTIGACIÓN,1,0,-11.969253,-76.937386
A-2022-04-263,2022-04-29,2022,VIERNES,17:00,17,LIMA,EL AGUSTINO,URBANA,CARRETERA,DESPISTE,EN PROCESO DE INVESTIGACIÓN,1,0,-12.030002,-76.994403
A-2022-04-265,2022-04-29,2022,VIERNES,21:40,21,LIMA,LURIGANCHO,URBANA,CARRETERA,ATROPELLO,EN PROCESO DE INVESTIGACIÓN,1,0,-11.930346,-76.691038
A-2022-04-266,2022-04-30,2022,SABADO,18:45,18,LIMA,PUNTA NEGRA,URBANA,CARRETERA,ATROPELLO,EN PROCESO DE INVESTIGACIÓN,1,0,-12.36425,-76.792136
A-2022-05-203,2022-05-02,2022,LUNES,15:30,15,LIMA,LOS OLIVOS,URBANA,AVENIDA,ATROPELLO,EN PROCESO DE INVESTIGACIÓN,1,0,-12.012219,-77.078757
A-2022-05-204,2022-05-02,2022,LUNES,15:55,15,LIMA,SANTA ANITA,URBANA,AVENIDA,DESPISTE,EN PROCESO DE INVESTIGACIÓN,1,0,-12.040892,-76.961945
A-2022-05-220,2022-05-04,2022,MIERCOLES,20:48,20,CALLAO,CALLAO,URBANA,AVENIDA,ATROPELLO,NEGLIGENCIA DEL CONDUCTOR,1,0,-12.053317,-77.133996
A-2022-05-223,2022-05-04,2022,MIERCOLES,15:30,15,CALLAO,VENTANILLA,URBANA,CARRETERA,ATROPELLO,IMPRUDENCIA DEL CONDUCTOR,1,0,-11.903177,-77.130385
A-2022-05-206,2022-05-06,2022,VIERNES,13:00,13,LIMA,SAN JUAN DE LURIGANCHO,URBANA,AVENIDA,ATROPELLO,EN PROCESO DE INVESTIGACIÓN,1,0,-11.932928,-76.968953
A-2022-05-207,2022-05-06,2022,VIERNES,20:16,20,LIMA,SAN MARTIN DE PORRES,URBANA,AVENIDA,ATROPELLO,EN PROCESO DE INVESTIGACIÓN,1,0,-12.031764,-77.068351
A-2022-05-208,2022-05-07,2022,SABADO,04:30,4,LIMA,SANTIAGO DE SURCO,URBANA,AVENIDA,ATROPELLO FUGA,EN PROCESO DE INVESTIGACIÓN,1,0,-12.083798,-76.980095
A-2022-05-210,2022-05-08,2022,DOMINGO,02:30,2,LIMA,LA VICTORIA,URBANA,AVENIDA,ATROPELLO,EN PROCESO DE INVESTIGACIÓN,1,0,-12.081611,-77.017685
A-2022-05-209,2022-05-08,2022,DOMINGO,12:45,12,LIMA,COMAS,URBANA,AVENIDA,ATROPELLO FUGA,EN PROCESO DE INVESTIGACIÓN,1,0,-11.964631,-77.055373
A-2022-05-211,2022-05-09,2022,LUNES,01:30,1,LIMA,SAN BARTOLO,URBANA,CARRETERA,CHOQUE FUGA,EN PROCESO DE INVESTIGACIÓN,1,1,-12.386021,-76.769327
A-2022-05-213,2022-05-12,2022,JUEVES,22:46,22,LIMA,SAN JUAN DE LURIGANCHO,URBANA,AVENIDA,ATROPELLO,EN PROCESO DE INVESTIGACIÓN,1,0,-11.984402,-77.015373
A-2022-05-215,2022-05-13,2022,VIERNES,05:30,5,LIMA,LURIGANCHO,URBANA,AVENIDA,ATROPELLO,EN PROCESO DE INVESTIGACIÓN,1,0,-12.019398,-76.918702
A-2022-05-67,2022-05-13,2022,VIERNES,13:20,13,CALLAO,CALLAO,URBANA,AVENIDA,ATROPELLO,IMPRUDENCIA DEL PEATÓN,1,0,-12.049602,-77.11084
A-2022-05-257,2022-05-14,2022,SABADO,12:30,12,LIMA,SANTIAGO DE SURCO,URBANA,AVENIDA,ATROPELLO,EN PROCESO DE INVESTIGACIÓN,1,0,-12.128314,-76.995101
A-2022-05-258,2022-05-15,2022,DOMINGO,20:20,20,LIMA,CHORRILLOS,URBANA,AVENIDA,CHOQUE,EN PROCESO DE INVESTIGACIÓN,1,1,-12.160096,-77.018885
A-2022-05-259,2022-05-16,2022,LUNES,10:20,10,LIMA,CARABAYLLO,URBANA,AVENIDA,CHOQUE,EN PROCESO DE INVESTIGACIÓN,1,0,-11.843676,-77.042521
A-2022-05-196,2022-05-17,2022,MARTES,02:40,2,LIMA,RIMAC,URBANA,ALAMEDA,ESPECIAL,EN PROCESO DE INVESTIGACIÓN,1,0,-12.033891,-77.025834
A-2022-05-260,2022-05-18,2022,MIERCOLES,05:40,5,LIMA,SAN JUAN DE LURIGANCHO,URBANA,AVENIDA,ATROPELLO FUGA,EN PROCESO DE INVESTIGACIÓN,1,0,-11.97259,-76.99189
A-2022-05-261,2022-05-22,2022,DOMINGO,10:00,10,LIMA,COMAS,URBANA,AVENIDA,DESPISTE,EN PROCESO DE INVESTIGACIÓN,1,0,-11.947209,-77.060735
A-2022-05-262,2022-05-23,2022,LUNES,19:30,19,LIMA,LOS OLIVOS,URBANA,AVENIDA,ATROPELLO,EN PROCESO DE INVESTIGACIÓN,1,0,-11.976982,-77.07243
A-2022-05-197,2022-05-23,2022,LUNES,23:00,23,LIMA,PACHACAMAC,URBANA,CARRETERA,ATROPELLO,EN PROCESO DE INVESTIGACIÓN,1,0,-12.101235,-76.878056
A-2022-05-263,2022-05-24,2022,MARTES,05:40,5,LIMA,ATE,URBANA,CARRETERA,CHOQUE FUGA,EN PROCESO DE INVESTIGACIÓN,1,0,-12.031148,-76.892109
A-2022-05-264,2022-05-26,2022,JUEVES,09:50,9,LIMA,SAN JUAN DE LURIGANCHO,URBANA,AVENIDA,CHOQUE,EN PROCESO DE INVESTIGACIÓN,1,0,-11.963306,-77.008072
A-2022-05-265,2022-05-27,2022,VIERNES,06:15,6,LIMA,SAN JUAN DE MIRAFLORES,URBANA,AVENIDA,CHOQUE FUGA,EN PROCESO DE INVESTIGACIÓN,1,1,-12.18605,-76.97927
A-2022-05-266,2022-05-28,2022,SABADO,16:40,16,LIMA,LURIN,URBANA,CARRETERA,CHOQUE,EN PROCESO DE INVESTIGACIÓN,1,0,-12.27257,-76.873766
A-2022-05-267,2022-05-30,2022,LUNES,05:30,5,LIMA,LURIN,URBANA,AVENIDA,CHOQUE FUGA,EN PROCESO DE INVESTIGACIÓN,1,0,-12.2535,-76.9012
A-2022-05-167,2022-05-30,2022,LUNES,06:00,6,CALLAO,CALLAO,URBANA,CARRETERA,ATROPELLO,IMPRUDENCIA DEL CONDUCTOR,1,0,-11.996399,-77.126222
A-2022-05-268,2022-05-31,2022,MARTES,13:00,13,LIMA,LOS OLIVOS,URBANA,AVENIDA,ATROPELLO,EN PROCESO DE INVESTIGACIÓN,1,0,-11.933205,-77.080474
A-2022-06-260,2022-06-01,2022,MIERCOLES,07:00,7,LIMA,VILLA MARIA DEL TRIUNFO,URBANA,AVENIDA,ATROPELLO,EN PROCESO DE INVESTIGACIÓN,1,0,-12.16071,-76.94065
A-2022-06-262,2022-06-01,2022,MIERCOLES,11:40,11,LIMA,VILLA MARIA DEL TRIUNFO,URBANA,AVENIDA,DESPISTE,EN PROCESO DE INVESTIGACIÓN,1,0,-12.16706,-76.949913
A-2022-06-261,2022-06-01,2022,MIERCOLES,13:30,13,LIMA,SAN MARTIN DE PORRES,URBANA,AVENIDA,ATROPELLO,EN PROCESO DE INVESTIGACIÓN,1,0,-12.023962,-77.080476
A-2022-06-263,2022-06-02,2022,JUEVES,18:10,18,LIMA,VILLA EL SALVADOR,URBANA,AVENIDA,ATROPELLO,EN PROCESO DE INVESTIGACIÓN,1,0,-12.195384,-76.959065
A-2022-06-217,2022-06-05,2022,DOMINGO,12:00,12,LIMA,ATE,URBANA,AVENIDA,CHOQUE,EN PROCESO DE INVESTIGACIÓN,1,1,-12.022756,-76.911904
A-2022-06-216,2022-06-05,2022,DOMINGO,03:00,3,LIMA,CHORRILLOS,URBANA,AVENIDA,CHOQUE,EN PROCESO DE INVESTIGACIÓN,1,1,-12.19591,-77.00062
A-2022-06-215,2022-06-05,2022,DOMINGO,08:00,8,LIMA,CARABAYLLO,URBANA,AVENIDA,DESPISTE,EN PROCESO DE INVESTIGACIÓN,1,1,-11.88093,-77.02161
A-2022-06-264,2022-06-06,2022,LUNES,09:15,9,LIMA,SANTIAGO DE SURCO,URBANA,AVENIDA,ATROPELLO,EN PROCESO DE INVESTIGACIÓN,1,0,-12.131478,-76.999405
A-2022-06-214,2022-06-06,2022,LUNES,09:45,9,LIMA,SAN JUAN DE LURIGANCHO,RURAL,CARRETERA,ATROPELLO,EN PROCESO DE INVESTIGACIÓN,1,0,-11.883624,-76.955034
A-2022-06-94,2022-06-07,2022,MARTES,17:30,17,CALLAO,CALLAO,URBANA,CARRETERA,ATROPELLO,IMPRUDENCIA DEL PEATÓN,1,0,-12.03166,-77.127419
A-2022-06-213,2022-06-07,2022,MARTES,19:45,19,LIMA,CIENEGUILLA,URBANA,CARRETERA,DESPISTE,EN PROCESO DE INVESTIGACIÓN,1,1,-12.100449,-76.792255
A-2022-06-212,2022-06-09,2022,JUEVES,15:30,15,LIMA,LA VICTORIA,URBANA,AVENIDA,CHOQUE,EN PROCESO DE INVESTIGACIÓN,1,1,-12.065613,-77.004418
A-2022-06-211,2022-06-16,2022,JUEVES,01:30,1,LIMA,LIMA,URBANA,AVENIDA,ATROPELLO,EN PROCESO DE INVESTIGACIÓN,1,0,-12.046334,-77.037608
A-2022-06-210,2022-06-16,2022,JUEVES,09:00,9,LIMA,VILLA EL SALVADOR,URBANA,AVENIDA,ATROPELLO,EN PROCESO DE INVESTIGACIÓN,1,0,-12.217266,-76.954835
A-2022-06-209,2022-06-17,2022,VIERNES,03:00,3,LIMA,LA VICTORIA,URBANA,JIRÓN,ATROPELLO,EN PROCESO DE INVESTIGACIÓN,1,0,-12.068373,-77.009708
A-2022-06-206,2022-06-18,2022,SABADO,06:15,6,LIMA,ANCON,URBANA,CARRETERA,CHOQUE,EN PROCESO DE INVESTIGACIÓN,1,1,-11.783714,-77.155845
A-2022-06-205,2022-06-18,2022,SABADO,09:00,9,LIMA,SAN MARTIN DE PORRES,URBANA,AVENIDA,ATROPELLO,EN PROCESO DE INVESTIGACIÓN,1,0,-12.02443,-77.051427
A-2022-06-207,2022-06-18,2022,SABADO,20:20,20,LIMA,SANTA ANITA,URBANA,AVENIDA,ATROPELLO,EN PROCESO DE INVESTIGACIÓN,1,0,-12.036156,-76.960575
A-2022-06-208,2022-06-18,2022,SABADO,23:00,23,LIMA,SAN JUAN DE LURIGANCHO,URBANA,AVENIDA,ATROPELLO,EN PROCESO DE INVESTIGACIÓN,1,0,-12.016035,-76.965532
A-2022-06-203,2022-06-19,2022,DOMINGO,06:00,6,LIMA,LA VICTORIA,URBANA,AVENIDA,ATROPELLO FUGA,EN PROCESO DE INVESTIGACIÓN,1,0,-12.064423,-77.027764
A-2022-06-202,2022-06-19,2022,DOMINGO,22:50,22,LIMA,PUENTE PIEDRA,URBANA,CARRETERA,ATROPELLO FUGA,EN PROCESO DE INVESTIGACIÓN,1,0,-11.84886,-77.09431
A-2022-06-204,2022-06-19,2022,DOMINGO,03:00,3,LIMA,LURIGANCHO,URBANA,CARRETERA,ATROPELLO FUGA,EN PROCESO DE INVESTIGACIÓN,1,0,-12.021297,-76.925341
A-2022-06-201,2022-06-21,2022,MARTES,15:50,15,LIMA,LOS OLIVOS,URBANA,AVENIDA,CHOQUE,EN PROCESO DE INVESTIGACIÓN,1,4,-11.962559,-77.080604
A-2022-06-200,2022-06-21,2022,MARTES,06:40,6,LIMA,LOS OLIVOS,URBANA,AVENIDA,DESPISTE,EN PROCESO DE INVESTIGACIÓN,1,0,-11.949958,-77.084042
A-2022-06-199,2022-06-21,2022,MARTES,00:30,0,LIMA,SAN JUAN DE MIRAFLORES,URBANA,CARRETERA,ATROPELLO FUGA,EN PROCESO DE INVESTIGACIÓN,1,0,-12.14478,-76.98172
A-2022-06-198,2022-06-25,2022,SABADO,12:00,12,LIMA,ATE,URBANA,AVENIDA,ATROPELLO,EN PROCESO DE INVESTIGACIÓN,1,0,-12.034892,-76.931682
A-2022-06-196,2022-06-26,2022,DOMINGO,18:45,18,LIMA,SAN JUAN DE MIRAFLORES,URBANA,CARRETERA,ATROPELLO,EN PROCESO DE INVESTIGACIÓN,1,0,-12.175226,-76.977746
A-2022-06-193,2022-06-27,2022,LUNES,01:00,1,LIMA,EL AGUSTINO,RURAL,CARRETERA,ATROPELLO FUGA,EN PROCESO DE INVESTIGACIÓN,1,0,-12.031869,-76.988486
A-2022-06-194,2022-06-27,2022,LUNES,02:00,2,LIMA,CHACLACAYO,URBANA,CARRETERA,DESPISTE,EN PROCESO DE INVESTIGACIÓN,1,0,-11.978428,-76.782079
A-2022-06-195,2022-06-27,2022,LUNES,03:40,3,LIMA,SAN BORJA,URBANA,AVENIDA,DESPISTE,EN PROCESO DE INVESTIGACIÓN,1,1,-12.111403,-76.995903
A-2022-06-191,2022-06-28,2022,MARTES,05:48,5,LIMA,LURIN,RURAL,CARRETERA,ATROPELLO FUGA,EN PROCESO DE INVESTIGACIÓN,1,0,-12.250331,-76.930513
A-2022-06-192,2022-06-28,2022,MARTES,13:45,13,LIMA,VILLA EL SALVADOR,RURAL,CARRETERA,DESPISTE,EN PROCESO DE INVESTIGACIÓN,2,2,-12.222231,-76.974442
A-2022-06-188,2022-06-30,2022,JUEVES,06:46,6,LIMA,ANCON,URBANA,CARRETERA,ATROPELLO FUGA,EN PROCESO DE INVESTIGACIÓN,1,0,-11.770736,-77.15902
A-2022-06-190,2022-06-30,2022,JUEVES,00:50,0,LIMA,MIRAFLORES,URBANA,OTRO,ATROPELLO FUGA,EN PROCESO DE INVESTIGACIÓN,1,0,-12.127245,-77.037109
A-2022-06-189,2022-06-30,2022,JUEVES,01:00,1,LIMA,LURIN,URBANA,CARRETERA,ATROPELLO FUGA,EN PROCESO DE INVESTIGACIÓN,1,0,-12.254755,-76.924147
A-2022-07-186,2022-07-02,2022,SABADO,01:30,1,LIMA,LURIN,URBANA,AVENIDA,ATROPELLO FUGA,EN PROCESO DE INVESTIGACIÓN,1,0,-12.2439,-76.909518
A-2022-07-187,2022-07-02,2022,SABADO,02:50,2,LIMA,PUEBLO LIBRE,URBANA,AVENIDA,ATROPELLO FUGA,EN PROCESO DE INVESTIGACIÓN,1,0,-12.078181,-77.080338
A-2022-07-3,2022-07-03,2022,DOMINGO,10:30,10,CALLAO,CALLAO,URBANA,AVENIDA,ATROPELLO,IMPRUDENCIA DEL CONDUCTOR,1,0,-12.062088,-77.142767
A-2022-07-185,2022-07-04,2022,LUNES,03:50,3,LIMA,BARRANCO,URBANA,OTRO,CHOQUE CON OBJETO FIJO,EN PROCESO DE INVESTIGACIÓN,1,0,-12.152215,-77.02446
A-2022-07-183,2022-07-05,2022,MARTES,11:00,11,LIMA,SAN MARTIN DE PORRES,URBANA,AVENIDA,ATROPELLO,EN PROCESO DE INVESTIGACIÓN,1,0,-11.991583,-77.107768
A-2022-07-184,2022-07-05,2022,MARTES,05:45,5,LIMA,CHORRILLOS,URBANA,AVENIDA,DESPISTE,EN PROCESO DE INVESTIGACIÓN,1,0,-12.189429,-77.007245
A-2022-07-180,2022-07-05,2022,MARTES,22:45,22,LIMA,RIMAC,URBANA,AVENIDA,ATROPELLO,IMPRUDENCIA DEL CONDUCTOR,1,0,-12.030284,-77.029465
A-2022-07-198,2022-07-07,2022,JUEVES,13:58,13,LIMA,MIRAFLORES,URBANA,AVENIDA,ATROPELLO,EN PROCESO DE INVESTIGACIÓN,1,0,-12.129913,-77.026447
A-2022-07-179,2022-07-08,2022,VIERNES,05:55,5,LIMA,MIRAFLORES,URBANA,AVENIDA,DESPISTE,EN PROCESO DE INVESTIGACIÓN,1,0,-12.123954,-77.004534
A-2022-07-178,2022-07-10,2022,DOMINGO,18:20,18,LIMA,SANTA ANITA,URBANA,AVENIDA,ATROPELLO,EN PROCESO DE INVESTIGACIÓN,1,0,-12.040451,-76.964255
A-2022-07-238,2022-07-12,2022,MARTES,12:30,12,CALLAO,CALLAO,URBANA,CALLE,ATROPELLO FUGA,EN PROCESO DE INVESTIGACIÓN,1,0,-12.021652,-77.1366
A-2022-07-177,2022-07-12,2022,MARTES,23:45,23,LIMA,SAN MARTIN DE PORRES,URBANA,AVENIDA,ATROPELLO FUGA,EN PROCESO DE INVESTIGACIÓN,1,0,-12.031978,-77.075017
A-2022-07-176,2022-07-13,2022,MIERCOLES,04:15,4,LIMA,SAN JUAN DE MIRAFLORES,URBANA,AVENIDA,CHOQUE,EN PROCESO DE INVESTIGACIÓN,1,0,-12.156406,-76.966686
A-2022-07-175,2022-07-13,2022,MIERCOLES,17:39,17,LIMA,CHORRILLOS,URBANA,AVENIDA,CHOQUE FUGA,EN PROCESO DE INVESTIGACIÓN,1,0,-12.189487,-77.014457
A-2022-07-172,2022-07-16,2022,SABADO,14:30,14,LIMA,INDEPENDENCIA,URBANA,CALLE,ATROPELLO,EN PROCESO DE INVESTIGACIÓN,1,0,-11.974441,-77.055803
A-2022-07-173,2022-07-17,2022,DOMINGO,00:00,0,LIMA,RIMAC,URBANA,CARRETERA,ATROPELLO,EN PROCESO DE INVESTIGACIÓN,1,0,-12.041446,-77.032747
A-2022-07-171,2022-07-18,2022,LUNES,04:30,4,LIMA,VILLA EL SALVADOR,URBANA,CARRETERA,ATROPELLO FUGA,EN PROCESO DE INVESTIGACIÓN,1,0,-12.195246,-76.972876
A-2022-07-170,2022-07-19,2022,MARTES,20:00,20,LIMA,SANTA ANITA,URBANA,AVENIDA,ATROPELLO FUGA,EN PROCESO DE INVESTIGACIÓN,1,0,-12.042063,-76.965757
A-2022-07-169,2022-07-20,2022,MIERCOLES,11:30,11,LIMA,SAN JUAN DE MIRAFLORES,URBANA,AVENIDA,ATROPELLO,EN PROCESO DE INVESTIGACIÓN,1,0,-12.167517,-76.978599
A-2022-07-168,2022-07-23,2022,SABADO,16:00,16,LIMA,CARABAYLLO,URBANA,AVENIDA,DESPISTE,EN PROCESO DE INVESTIGACIÓN,1,0,-11.856793,-77.043706
A-2022-07-165,2022-07-24,2022,DOMINGO,17:00,17,LIMA,SANTA ROSA,URBANA,AVENIDA,DESPISTE,EN PROCESO DE INVESTIGACIÓN,1,0,-11.820244,-77.164711
A-2022-07-164,2022-07-24,2022,DOMINGO,20:00,20,LIMA,VILLA EL SALVADOR,URBANA,AVENIDA,ATROPELLO,EN PROCESO DE INVESTIGACIÓN,1,0,-12.213319,-76.936672
A-2022-07-161,2022-07-26,2022,MARTES,14:05,14,LIMA,SAN MARTIN DE PORRES,URBANA,AVENIDA,CHOQUE,EN PROCESO DE INVESTIGACIÓN,1,0,-11.963909,-77.092627
A-2022-07-275,2022-07-27,2022,MIERCOLES,11:50,11,LIMA,LURIN,URBANA,CARRETERA,CHOQUE,IMPRUDENCIA DEL CONDUCTOR,1,0,-12.283256,-76.878624
A-2022-07-162,2022-07-27,2022,MIERCOLES,22:30,22,LIMA,SAN MIGUEL,URBANA,OTRO,ATROPELLO,EN PROCESO DE INVESTIGACIÓN,1,1,-12.089397,-77.089552
A-2022-07-163,2022-07-28,2022,JUEVES,16:20,16,LIMA,RIMAC,URBANA,CARRETERA,ATROPELLO FUGA,EN PROCESO DE INVESTIGACIÓN,1,0,-12.041213,-77.032895
A-2022-07-160,2022-07-29,2022,VIERNES,05:40,5,LIMA,CARABAYLLO,URBANA,CARRETERA,ATROPELLO FUGA,EN PROCESO DE INVESTIGACIÓN,1,0,-11.86221,-77.055719
A-2022-07-276,2022-07-31,2022,DOMINGO,22:50,22,LIMA,LURIN,URBANA,CARRETERA,CHOQUE,EN PROCESO DE INVESTIGACIÓN,2,6,-12.250281,-76.930691
A-2022-08-1,2022-08-02,2022,MARTES,06:35,6,CALLAO,CALLAO,URBANA,AVENIDA,CHOQUE,NEGLIGENCIA DEL CONDUCTOR,1,0,-12.049843,-77.114163
A-2022-08-170,2022-08-04,2022,JUEVES,15:00,15,LIMA,LA VICTORIA,URBANA,AVENIDA,ATROPELLO,EN PROCESO DE INVESTIGACIÓN,1,0,-12.064386,-77.029218
A-2022-08-2,2022-08-04,2022,JUEVES,23:00,23,CALLAO,VENTANILLA,URBANA,CARRETERA,CAÍDA DE PASAJERO,EN PROCESO DE INVESTIGACIÓN,1,1,-11.889928,-77.126052
A-2022-08-169,2022-08-05,2022,VIERNES,18:50,18,LIMA,SANTA ANITA,URBANA,AVENIDA,CHOQUE,EN PROCESO DE INVESTIGACIÓN,1,0,-12.040578,-76.982714
A-2022-08-168,2022-08-07,2022,DOMINGO,22:50,22,LIMA,CHACLACAYO,URBANA,CARRETERA,ATROPELLO,EN PROCESO DE INVESTIGACIÓN,1,0,-11.973726,-76.76031
A-2022-08-167,2022-08-08,2022,LUNES,08:30,8,LIMA,ANCON,RURAL,CARRETERA,DESPISTE,EN PROCESO DE INVESTIGACIÓN,1,0,-11.729108,-77.164855
A-2022-08-102,2022-08-09,2022,MARTES,06:15,6,CALLAO,CALLAO,URBANA,CARRETERA,ATROPELLO,EN PROCESO DE INVESTIGACIÓN,1,0,-11.995371,-77.125879
A-2022-08-165,2022-08-10,2022,MIERCOLES,06:45,6,LIMA,SAN JUAN DE LURIGANCHO,URBANA,AVENIDA,ATROPELLO,EN PROCESO DE INVESTIGACIÓN,1,0,-12.014406,-77.011683
A-2022-08-166,2022-08-10,2022,MIERCOLES,07:30,7,LIMA,PUNTA HERMOSA,RURAL,AVENIDA,CHOQUE,IMPRUDENCIA DEL CONDUCTOR,2,0,-12.330224,-76.815202
A-2022-08-163,2022-08-11,2022,JUEVES,00:05,0,LIMA,LOS OLIVOS,URBANA,AVENIDA,ATROPELLO FUGA,EN PROCESO DE INVESTIGACIÓN,1,0,-11.995092,-77.076623
A-2022-08-164,2022-08-11,2022,JUEVES,04:30,4,LIMA,CHORRILLOS,URBANA,AVENIDA,CHOQUE,EN PROCESO DE INVESTIGACIÓN,1,1,-12.166325,-77.026795
A-2022-08-162,2022-08-12,2022,VIERNES,19:20,19,LIMA,SAN JUAN DE LURIGANCHO,URBANA,JIRÓN,CHOQUE FUGA,EN PROCESO DE INVESTIGACIÓN,1,0,-12.022577,-77.001747
A-2022-08-160,2022-08-13,2022,SABADO,17:15,17,LIMA,SANTA ANITA,URBANA,CARRETERA,ATROPELLO,EN PROCESO DE INVESTIGACIÓN,1,0,-12.056117,-76.96797
A-2022-08-155,2022-08-13,2022,SABADO,18:00,18,LIMA,CARABAYLLO,URBANA,AVENIDA,CHOQUE,EN PROCESO DE INVESTIGACIÓN,1,3,-11.845476,-77.000803
A-2022-08-157,2022-08-14,2022,DOMINGO,10:30,10,LIMA,COMAS,URBANA,AVENIDA,VOLCADURA,EN PROCESO DE INVESTIGACIÓN,1,0,-11.905806,-77.042922
A-2022-08-159,2022-08-14,2022,DOMINGO,22:20,22,LIMA,VILLA MARIA DEL TRIUNFO,URBANA,AVENIDA,DESPISTE,EN PROCESO DE INVESTIGACIÓN,1,0,-12.169856,-76.949848
A-2022-08-161,2022-08-14,2022,DOMINGO,05:20,5,LIMA,CARABAYLLO,URBANA,AVENIDA,DESPISTE,EN PROCESO DE INVESTIGACIÓN,1,1,-11.893833,-77.040706
A-2022-08-158,2022-08-14,2022,DOMINGO,05:30,5,LIMA,VILLA EL SALVADOR,URBANA,CARRETERA,ATROPELLO,EN PROCESO DE INVESTIGACIÓN,1,0,-12.24079,-76.947068
A-2022-08-156,2022-08-15,2022,LUNES,00:20,0,LIMA,MAGDALENA DEL MAR,URBANA,OTRO,DESPISTE,EN PROCESO DE INVESTIGACIÓN,1,1,-12.103738,-77.064008
A-2022-08-154,2022-08-17,2022,MIERCOLES,06:40,6,LIMA,VILLA MARIA DEL TRIUNFO,URBANA,AVENIDA,CHOQUE,EN PROCESO DE INVESTIGACIÓN,2,0,-12.159876,-76.939373
A-2022-08-153,2022-08-19,2022,VIERNES,03:40,3,LIMA,LOS OLIVOS,URBANA,AVENIDA,CHOQUE,EN PROCESO DE INVESTIGACIÓN,1,0,-11.971735,-77.0756
A-2022-08-150,2022-08-19,2022,VIERNES,15:50,15,LIMA,ATE,URBANA,CALLE,CAÍDA DE PASAJERO,EN PROCESO DE INVESTIGACIÓN,1,0,-12.030553,-76.925873
A-2022-08-151,2022-08-20,2022,SABADO,18:20,18,LIMA,SAN JUAN DE LURIGANCHO,URBANA,AVENIDA,DESPISTE,EN PROCESO DE INVESTIGACIÓN,1,0,-11.962939,-76.981688
A-2022-08-152,2022-08-21,2022,DOMINGO,18:00,18,LIMA,LOS OLIVOS,URBANA,AVENIDA,ATROPELLO FUGA,EN PROCESO DE INVESTIGACIÓN,1,0,-11.966787,-77.078679
A-2022-08-212,2022-08-23,2022,MARTES,08:00,8,CALLAO,VENTANILLA,URBANA,AVENIDA,VOLCADURA,IMPRUDENCIA DEL CONDUCTOR,1,0,-11.919893,-77.132013
A-2022-08-149,2022-08-23,2022,MARTES,13:10,13,LIMA,EL AGUSTINO,URBANA,CARRETERA,CHOQUE,EN PROCESO DE INVESTIGACIÓN,1,0,-12.030101,-77.001589
A-2022-08-148,2022-08-25,2022,JUEVES,09:45,9,LIMA,ATE,URBANA,CARRETERA,ATROPELLO,EN PROCESO DE INVESTIGACIÓN,1,0,-12.012247,-76.87809
A-2022-08-274,2022-08-26,2022,VIERNES,04:25,4,LIMA,SAN MARTIN DE PORRES,URBANA,AVENIDA,CHOQUE,IMPRUDENCIA DEL CONDUCTOR,1,0,-12.029452,-77.064369
A-2022-08-147,2022-08-26,2022,VIERNES,18:40,18,LIMA,ANCON,URBANA,CARRETERA,ATROPELLO FUGA,EN PROCESO DE INVESTIGACIÓN,1,0,-11.773241,-77.159443
A-2022-08-146,2022-08-26,2022,VIERNES,21:20,21,LIMA,VILLA EL SALVADOR,URBANA,AVENIDA,ATROPELLO,EN PROCESO DE INVESTIGACIÓN,1,0,-12.218494,-76.921427
A-2022-08-145,2022-08-27,2022,SABADO,06:30,6,LIMA,COMAS,URBANA,AVENIDA,ATROPELLO FUGA,EN PROCESO DE INVESTIGACIÓN,1,0,-11.936865,-77.049057
A-2022-08-144,2022-08-27,2022,SABADO,07:45,7,LIMA,SANTIAGO DE SURCO,URBANA,CARRETERA,CHOQUE,EN PROCESO DE INVESTIGACIÓN,1,0,-12.111926,-76.977852
A-2022-08-143,2022-08-28,2022,DOMINGO,06:20,6,LIMA,LURIN,URBANA,CARRETERA,CHOQUE,EN PROCESO DE INVESTIGACIÓN,1,0,-12.273785,-76.872771
A-2022-08-141,2022-08-29,2022,LUNES,05:20,5,LIMA,PUENTE PIEDRA,URBANA,CARRETERA,ATROPELLO,EN PROCESO DE INVESTIGACIÓN,1,0,-11.829355,-77.118704
A-2022-08-142,2022-08-29,2022,LUNES,15:40,15,LIMA,SAN JUAN DE LURIGANCHO,URBANA,AVENIDA,ATROPELLO,EN PROCESO DE INVESTIGACIÓN,1,0,-12.026427,-76.988762
A-2022-08-139,2022-08-30,2022,MARTES,21:30,21,LIMA,LOS OLIVOS,URBANA,CARRETERA,ATROPELLO,EN PROCESO DE INVESTIGACIÓN,1,0,-11.977052,-77.081955
A-2022-08-140,2022-08-30,2022,MARTES,23:40,23,LIMA,PUENTE PIEDRA,URBANA,CARRETERA,ATROPELLO,EN PROCESO DE INVESTIGACIÓN,1,0,-11.872988,-77.069377
A-2022-09-158,2022-09-02,2022,VIERNES,01:45,1,LIMA,LIMA,URBANA,JIRÓN,DESPISTE,EN PROCESO DE INVESTIGACIÓN,1,0,-12.051549,-77.03661
A-2022-09-157,2022-09-03,2022,SABADO,16:30,16,LIMA,LA VICTORIA,URBANA,VIA EXPRESA,CHOQUE,INFRAESTRUCTURA Y ENTORNO VIAL,1,1,-12.058269,-77.023327
A-2022-09-155,2022-09-04,2022,DOMINGO,02:00,2,LIMA,LA VICTORIA,URBANA,AVENIDA,CHOQUE,EN PROCESO DE INVESTIGACIÓN,1,0,-12.05921,-77.029814
A-2022-09-156,2022-09-04,2022,DOMINGO,02:10,2,LIMA,PUNTA HERMOSA,RURAL,CARRETERA,ATROPELLO FUGA,EN PROCESO DE INVESTIGACIÓN,1,0,-12.294049,-76.775075
A-2022-09-154,2022-09-05,2022,LUNES,11:00,11,LIMA,COMAS,URBANA,AVENIDA,DESPISTE,EN PROCESO DE INVESTIGACIÓN,1,0,-11.926374,-77.04708
A-2022-09-153,2022-09-08,2022,JUEVES,05:00,5,LIMA,SANTIAGO DE SURCO,URBANA,CARRETERA,CHOQUE CON OBJETO FIJO,EN PROCESO DE INVESTIGACIÓN,1,0,-12.145133,-76.981888
A-2022-09-152,2022-09-08,2022,JUEVES,08:30,8,LIMA,VILLA EL SALVADOR,URBANA,AVENIDA,CAÍDA DE PASAJERO,EN PROCESO DE INVESTIGACIÓN,1,0,-12.220176,-76.930407
A-2022-09-151,2022-09-09,2022,VIERNES,04:20,4,LIMA,VILLA EL SALVADOR,URBANA,AVENIDA,ATROPELLO,EN PROCESO DE INVESTIGACIÓN,1,0,-12.233369,-76.941684
A-2022-09-274,2022-09-10,2022,SABADO,01:20,1,LIMA,CARABAYLLO,URBANA,AVENIDA,CHOQUE,EN PROCESO DE INVESTIGACIÓN,1,0,-11.885106,-77.023288
A-2022-09-150,2022-09-12,2022,LUNES,03:40,3,LIMA,LURIGANCHO,URBANA,CARRETERA,DESPISTE,EN PROCESO DE INVESTIGACIÓN,1,1,-11.955,-76.936241
A-2022-09-180,2022-09-13,2022,MARTES,15:10,15,LIMA,LIMA,URBANA,AVENIDA,ATROPELLO,IMPRUDENCIA DEL CONDUCTOR,1,0,-12.035446,-77.064044
A-2022-09-207,2022-09-13,2022,MARTES,21:40,21,LIMA,VILLA EL SALVADOR,URBANA,AVENIDA,DESPISTE,EN PROCESO DE INVESTIGACIÓN,1,1,-12.210524,-76.960999
A-2022-09-181,2022-09-17,2022,SABADO,03:20,3,CALLAO,CALLAO,URBANA,CARRETERA,CHOQUE,IMPRUDENCIA DEL CONDUCTOR,1,0,-11.959308,-77.128291
A-2022-09-206,2022-09-18,2022,DOMINGO,18:50,18,LIMA,ATE,URBANA,AVENIDA,ATROPELLO FUGA,EN PROCESO DE INVESTIGACIÓN,1,0,-12.060423,-76.966538
A-2022-09-182,2022-09-19,2022,LUNES,04:35,4,CALLAO,CALLAO,URBANA,AVENIDA,ATROPELLO FUGA,EN PROCESO DE INVESTIGACIÓN,1,0,-12.025746,-77.142149
A-2022-09-205,2022-09-19,2022,LUNES,06:50,6,LIMA,CARABAYLLO,URBANA,AVENIDA,CHOQUE,EN PROCESO DE INVESTIGACIÓN,1,0,-11.838112,-76.998807
A-2022-09-208,2022-09-20,2022,MARTES,11:30,11,LIMA,PACHACAMAC,URBANA,CARRETERA,ATROPELLO,EN PROCESO DE INVESTIGACIÓN,1,0,-12.142874,-76.87138
A-2022-09-204,2022-09-20,2022,MARTES,12:10,12,LIMA,INDEPENDENCIA,URBANA,AVENIDA,CHOQUE,EN PROCESO DE INVESTIGACIÓN,1,3,-11.967565,-77.039249
A-2022-09-202,2022-09-21,2022,MIERCOLES,22:30,22,LIMA,LINCE,URBANA,AVENIDA,CHOQUE,EN PROCESO DE INVESTIGACIÓN,1,0,-12.085904,-77.035387
A-2022-09-203,2022-09-21,2022,MIERCOLES,20:00,20,LIMA,ATE,URBANA,JIRÓN,ATROPELLO,EN PROCESO DE INVESTIGACIÓN,1,0,-12.059811,-76.995578
A-2022-09-200,2022-09-24,2022,SABADO,23:40,23,LIMA,SAN JUAN DE MIRAFLORES,URBANA,CARRETERA,ATROPELLO,EN PROCESO DE INVESTIGACIÓN,1,0,-12.16199,-76.981872
A-2022-09-198,2022-09-25,2022,DOMINGO,00:00,0,LIMA,LURIGANCHO,RURAL,CARRETERA,ATROPELLO,EN PROCESO DE INVESTIGACIÓN,1,0,-12.020542,-76.920342
A-2022-09-199,2022-09-25,2022,DOMINGO,20:30,20,LIMA,CARABAYLLO,URBANA,AVENIDA,ATROPELLO,EN PROCESO DE INVESTIGACIÓN,1,0,-11.89028,-77.026675
A-2022-09-197,2022-09-25,2022,DOMINGO,23:20,23,LIMA,SAN MARTIN DE PORRES,URBANA,CARRETERA,ATROPELLO FUGA,EN PROCESO DE INVESTIGACIÓN,1,0,-12.03096,-77.056493
A-2022-09-196,2022-09-26,2022,LUNES,02:45,2,LIMA,LOS OLIVOS,URBANA,AVENIDA,CHOQUE,EN PROCESO DE INVESTIGACIÓN,1,2,-11.991499,-77.076983
A-2022-09-195,2022-09-26,2022,LUNES,18:30,18,LIMA,LOS OLIVOS,URBANA,CARRETERA,ATROPELLO,EN PROCESO DE INVESTIGACIÓN,1,0,-11.937325,-77.071838
A-2022-10-146,2022-10-01,2022,SABADO,04:30,4,LIMA,CIENEGUILLA,RURAL,AVENIDA,CHOQUE,EN PROCESO DE INVESTIGACIÓN,1,1,-12.127823,-76.820591
A-2022-10-143,2022-10-03,2022,LUNES,16:00,16,LIMA,PUNTA HERMOSA,URBANA,CARRETERA,DESPISTE,EN PROCESO DE INVESTIGACIÓN,1,0,-12.331771,-76.821078
A-2022-10-144,2022-10-03,2022,LUNES,07:30,7,LIMA,CHORRILLOS,URBANA,AVENIDA,ATROPELLO,EN PROCESO DE INVESTIGACIÓN,1,0,-12.182793,-76.999849
A-2022-10-142,2022-10-04,2022,MARTES,17:30,17,LIMA,LA MOLINA,URBANA,CARRETERA,ATROPELLO,EN PROCESO DE INVESTIGACIÓN,1,0,-12.08593,-76.897988
A-2022-10-139,2022-10-09,2022,DOMINGO,03:00,3,LIMA,SAN JUAN DE MIRAFLORES,URBANA,CARRETERA,ATROPELLO,EN PROCESO DE INVESTIGACIÓN,1,0,-12.184129,-76.975032
A-2022-10-217,2022-10-09,2022,DOMINGO,20:19,20,LIMA,SAN JUAN DE LURIGANCHO,URBANA,CARRETERA,ATROPELLO FUGA,EN PROCESO DE INVESTIGACIÓN,1,0,-12.022452,-76.958858
A-2022-10-137,2022-10-10,2022,LUNES,08:00,8,LIMA,LURIGANCHO,RURAL,AVENIDA,ATROPELLO,EN PROCESO DE INVESTIGACIÓN,1,0,-11.996909,-76.917091
A-2022-10-136,2022-10-10,2022,LUNES,10:20,10,LIMA,MIRAFLORES,URBANA,AVENIDA,ATROPELLO,EN PROCESO DE INVESTIGACIÓN,1,0,-12.130524,-77.019541
A-2022-10-138,2022-10-10,2022,LUNES,13:40,13,LIMA,LOS OLIVOS,URBANA,AVENIDA,ATROPELLO,EN PROCESO DE INVESTIGACIÓN,1,0,-11.948609,-77.080604
A-2022-10-121,2022-10-12,2022,MIERCOLES,14:00,14,CALLAO,CALLAO,URBANA,CARRETERA,ATROPELLO,IMPRUDENCIA DEL PEATÓN,1,0,-12.056458,-77.14457
A-2022-10-135,2022-10-12,2022,MIERCOLES,15:20,15,LIMA,VILLA MARIA DEL TRIUNFO,URBANA,AVENIDA,CHOQUE,EN PROCESO DE INVESTIGACIÓN,1,2,-12.145118,-76.953102
A-2022-10-134,2022-10-15,2022,SABADO,22:30,22,LIMA,PUNTA HERMOSA,URBANA,AVENIDA,ATROPELLO,EN PROCESO DE INVESTIGACIÓN,1,0,-12.330117,-76.823101
A-2022-10-133,2022-10-18,2022,MARTES,19:45,19,LIMA,SAN MARTIN DE PORRES,URBANA,AVENIDA,DESPISTE,EN PROCESO DE INVESTIGACIÓN,1,0,-12.00789,-77.082345
A-2022-10-117,2022-10-18,2022,MARTES,02:30,2,CALLAO,VENTANILLA,URBANA,AVENIDA,CAÍDA DE PASAJERO,IMPRUDENCIA DEL CONDUCTOR,1,0,-11.91824,-77.139304
A-2022-10-132,2022-10-21,2022,VIERNES,03:50,3,LIMA,PUNTA HERMOSA,URBANA,CARRETERA,CHOQUE,EN PROCESO DE INVESTIGACIÓN,7,3,-12.332333,-76.82066
A-2022-10-123,2022-10-21,2022,VIERNES,16:50,16,CALLAO,CALLAO,URBANA,CARRETERA,ATROPELLO,IMPRUDENCIA DEL CONDUCTOR,1,0,-11.95713,-77.128831
A-2022-10-122,2022-10-22,2022,SABADO,21:00,21,CALLAO,CALLAO,URBANA,AVENIDA,ATROPELLO,IMPRUDENCIA DEL PEATÓN,1,0,-11.97613,-77.127639
A-2022-10-148,2022-10-24,2022,LUNES,08:50,8,LIMA,COMAS,URBANA,AVENIDA,CHOQUE,EN PROCESO DE INVESTIGACIÓN,1,0,-11.923538,-77.054275
A-2022-10-147,2022-10-27,2022,JUEVES,08:10,8,LIMA,CHORRILLOS,URBANA,AVENIDA,ATROPELLO,EN PROCESO DE INVESTIGACIÓN,1,0,-12.198134,-76.99227
A-2022-10-130,2022-10-30,2022,DOMINGO,07:40,7,LIMA,ANCON,RURAL,CARRETERA,CHOQUE,EN PROCESO DE INVESTIGACIÓN,1,0,-11.745722,-77.141868
A-2022-10-129,2022-10-30,2022,DOMINGO,16:30,16,LIMA,LOS OLIVOS,URBANA,JIRÓN,CHOQUE FUGA,EN PROCESO DE INVESTIGACIÓN,1,1,-12.009299,-77.073535
A-2022-10-128,2022-10-30,2022,DOMINGO,21:30,21,LIMA,VILLA MARIA DEL TRIUNFO,URBANA,AVENIDA,CHOQUE,EN PROCESO DE INVESTIGACIÓN,1,1,-12.194665,-76.934638
A-2022-10-126,2022-10-31,2022,LUNES,18:00,18,LIMA,LA MOLINA,RURAL,CARRETERA,VOLCADURA,EN PROCESO DE INVESTIGACIÓN,1,0,-12.069432,-76.972235
A-2022-11-155,2022-11-01,2022,MARTES,06:55,6,LIMA,PUCUSANA,URBANA,CARRETERA,DESPISTE,EN PROCESO DE INVESTIGACIÓN,1,3,-12.45926,-76.752921
A-2022-11-156,2022-11-01,2022,MARTES,07:35,7,LIMA,SAN MARTIN DE PORRES,URBANA,AVENIDA,ATROPELLO,EN PROCESO DE INVESTIGACIÓN,1,0,-11.983233,-77.098308
A-2022-11-134,2022-11-03,2022,JUEVES,00:30,0,LIMA,SAN MIGUEL,URBANA,OTRO,CHOQUE CON OBJETO FIJO,EN PROCESO DE INVESTIGACIÓN,1,1,-12.086806,-77.09402
A-2022-11-135,2022-11-05,2022,SABADO,22:30,22,LIMA,PUENTE PIEDRA,URBANA,CARRETERA,ATROPELLO,EN PROCESO DE INVESTIGACIÓN,1,0,-11.866282,-77.073532
A-2022-11-235,2022-11-06,2022,DOMINGO,01:30,1,LIMA,LURIN,URBANA,CARRETERA,ATROPELLO FUGA,EN PROCESO DE INVESTIGACIÓN,1,0,-12.257543,-76.919539
A-2022-11-239,2022-11-06,2022,DOMINGO,05:30,5,LIMA,LURIN,RURAL,CARRETERA,ATROPELLO FUGA,EN PROCESO DE INVESTIGACIÓN,1,0,-12.283316,-76.878337
A-2022-11-238,2022-11-06,2022,DOMINGO,19:30,19,LIMA,VILLA MARIA DEL TRIUNFO,URBANA,AVENIDA,ATROPELLO FUGA,IMPRUDENCIA DEL PEATÓN,1,0,-12.223152,-76.908117
A-2022-11-137,2022-11-07,2022,LUNES,22:00,22,LIMA,LA VICTORIA,URBANA,VIA EXPRESA,ATROPELLO FUGA,EN PROCESO DE INVESTIGACIÓN,1,0,-12.070424,-77.03123
A-2022-11-231,2022-11-07,2022,LUNES,21:50,21,LIMA,CARABAYLLO,URBANA,AVENIDA,ATROPELLO,EN PROCESO DE INVESTIGACIÓN,1,0,-11.874393,-77.014071
A-2022-11-157,2022-11-07,2022,LUNES,05:30,5,LIMA,PACHACAMAC,URBANA,JIRÓN,CHOQUE,EN PROCESO DE INVESTIGACIÓN,1,3,-12.230636,-76.86011
A-2022-11-136,2022-11-07,2022,LUNES,05:45,5,LIMA,SAN MARTIN DE PORRES,URBANA,CARRETERA,DESPISTE,EN PROCESO DE INVESTIGACIÓN,1,0,-12.033332,-77.053468
A-2022-11-133,2022-11-08,2022,MARTES,08:30,8,CALLAO,CALLAO,URBANA,CARRETERA,ATROPELLO,EN PROCESO DE INVESTIGACIÓN,1,0,-11.94212,-77.131296
A-2022-11-119,2022-11-08,2022,MARTES,16:00,16,CALLAO,CALLAO,URBANA,CARRETERA,CHOQUE,EN PROCESO DE INVESTIGACIÓN,1,0,-11.989341,-77.125953
A-2022-11-138,2022-11-08,2022,MARTES,16:00,16,LIMA,LURIGANCHO,URBANA,AVENIDA,CHOQUE,EN PROCESO DE INVESTIGACIÓN,1,0,-12.007566,-76.887404
A-2022-11-158,2022-11-10,2022,JUEVES,07:20,7,LIMA,SAN JUAN DE LURIGANCHO,URBANA,AVENIDA,ATROPELLO,EN PROCESO DE INVESTIGACIÓN,1,1,-11.968521,-76.993521
A-2022-11-140,2022-11-10,2022,JUEVES,19:30,19,LIMA,LIMA,URBANA,JIRÓN,ATROPELLO FUGA,EN PROCESO DE INVESTIGACIÓN,1,0,-12.061314,-77.015571
A-2022-11-160,2022-11-11,2022,VIERNES,17:20,17,LIMA,LURIN,URBANA,CARRETERA,DESPISTE,EN PROCESO DE INVESTIGACIÓN,1,3,-12.27587,-76.890078
A-2022-11-161,2022-11-11,2022,VIERNES,14:40,14,LIMA,VILLA EL SALVADOR,URBANA,AVENIDA,ATROPELLO,EN PROCESO DE INVESTIGACIÓN,1,0,-12.218686,-76.940139
A-2022-11-141,2022-11-12,2022,SABADO,20:10,20,LIMA,LURIGANCHO,URBANA,CARRETERA,CHOQUE,EN PROCESO DE INVESTIGACIÓN,1,1,-12.020841,-76.922638
A-2022-11-139,2022-11-12,2022,SABADO,05:30,5,LIMA,SAN MIGUEL,URBANA,AVENIDA,CHOQUE,EN PROCESO DE INVESTIGACIÓN,1,0,-12.077029,-77.093812
A-2022-11-233,2022-11-13,2022,DOMINGO,18:50,18,LIMA,SAN MARTIN DE PORRES,URBANA,AVENIDA,CHOQUE,IMPRUDENCIA DEL CONDUCTOR,1,0,-11.990969,-77.089495
A-2022-11-142,2022-11-13,2022,DOMINGO,23:15,23,LIMA,LOS OLIVOS,URBANA,AVENIDA,DESPISTE,EN PROCESO DE INVESTIGACIÓN,1,0,-11.963233,-77.078622
A-2022-11-162,2022-11-14,2022,LUNES,00:30,0,LIMA,LURIGANCHO,URBANA,CALLE,ATROPELLO FUGA,EN PROCESO DE INVESTIGACIÓN,1,0,-11.938774,-76.713919
A-2022-11-143,2022-11-15,2022,MARTES,12:30,12,LIMA,ANCON,URBANA,CARRETERA,ATROPELLO,EN PROCESO DE INVESTIGACIÓN,1,0,-11.813834,-77.128701
A-2022-11-144,2022-11-15,2022,MARTES,23:00,23,LIMA,SAN MARTIN DE PORRES,URBANA,CARRETERA,ATROPELLO,EN PROCESO DE INVESTIGACIÓN,1,0,-12.00976,-77.060729
A-2022-11-145,2022-11-16,2022,MIERCOLES,05:30,5,LIMA,LOS OLIVOS,URBANA,CARRETERA,CHOQUE,EN PROCESO DE INVESTIGACIÓN,1,1,-11.974377,-77.066469
A-2022-11-146,2022-11-16,2022,MIERCOLES,20:15,20,LIMA,BREÑA,URBANA,AVENIDA,ATROPELLO,EN PROCESO DE INVESTIGACIÓN,1,1,-12.067948,-77.048048
A-2022-11-147,2022-11-18,2022,VIERNES,18:00,18,LIMA,LOS OLIVOS,URBANA,AVENIDA,ATROPELLO,EN PROCESO DE INVESTIGACIÓN,1,0,-11.989732,-77.064592
A-2022-11-241,2022-11-19,2022,SABADO,17:00,17,LIMA,PUEBLO LIBRE,URBANA,AVENIDA,CHOQUE,EN PROCESO DE INVESTIGACIÓN,1,0,-12.080112,-77.057902
A-2022-11-148,2022-11-19,2022,SABADO,05:40,5,LIMA,ATE,URBANA,CARRETERA,CHOQUE,EN PROCESO DE INVESTIGACIÓN,1,0,-12.006904,-76.852918
A-2022-11-149,2022-11-21,2022,LUNES,04:00,4,LIMA,EL AGUSTINO,URBANA,AVENIDA,DESPISTE,EN PROCESO DE INVESTIGACIÓN,1,0,-12.035437,-76.999499
A-2022-11-236,2022-11-22,2022,MARTES,19:45,19,LIMA,VILLA EL SALVADOR,URBANA,AVENIDA,ATROPELLO,IMPRUDENCIA DEL CONDUCTOR,1,0,-12.213341,-76.936724
A-2022-11-150,2022-11-23,2022,MIERCOLES,18:50,18,LIMA,PUENTE PIEDRA,URBANA,CARRETERA,ATROPELLO,EN PROCESO DE INVESTIGACIÓN,1,0,-11.836296,-77.110072
A-2022-11-232,2022-11-24,2022,JUEVES,19:40,19,LIMA,RIMAC,URBANA,JIRÓN,ATROPELLO,IMPRUDENCIA DEL PASAJERO/OCUPANTE,1,0,-12.041885,-77.022573
A-2022-11-151,2022-11-25,2022,VIERNES,11:45,11,LIMA,COMAS,URBANA,AVENIDA,CAÍDA DE PASAJERO,EN PROCESO DE INVESTIGACIÓN,1,0,-11.905014,-77.041267
A-2022-11-163,2022-11-25,2022,VIERNES,15:50,15,LIMA,VILLA MARIA DEL TRIUNFO,URBANA,CALLE,ATROPELLO,EN PROCESO DE INVESTIGACIÓN,1,0,-12.150951,-76.950791
A-2022-11-234,2022-11-26,2022,SABADO,07:50,7,LIMA,LOS OLIVOS,URBANA,AVENIDA,DESPISTE,IMPRUDENCIA DEL CONDUCTOR,1,0,-11.961897,-77.063349
A-2022-11-122,2022-11-27,2022,DOMINGO,10:10,10,CALLAO,VENTANILLA,URBANA,CALLE,ATROPELLO,IMPRUDENCIA DEL CONDUCTOR,1,1,-11.861388,-77.15016
A-2022-11-152,2022-11-27,2022,DOMINGO,15:00,15,LIMA,SAN BORJA,URBANA,AVENIDA,DESPISTE,EN PROCESO DE INVESTIGACIÓN,1,0,-12.112009,-77.00675
A-2022-11-153,2022-11-27,2022,DOMINGO,05:52,5,LIMA,ANCON,URBANA,CALLE,DESPISTE,EN PROCESO DE INVESTIGACIÓN,1,0,-11.765667,-77.153833
A-2022-11-154,2022-11-28,2022,LUNES,05:30,5,LIMA,SAN MARTIN DE PORRES,URBANA,CARRETERA,DESPISTE,EN PROCESO DE INVESTIGACIÓN,1,0,-12.015476,-77.060042
A-2022-11-237,2022-11-30,2022,MIERCOLES,03:30,3,LIMA,SANTIAGO DE SURCO,URBANA,CARRETERA,DESPISTE,IMPRUDENCIA DEL CONDUCTOR,1,0,-12.09583,-76.980239
A-2022-12-147,2022-12-02,2022,VIERNES,08:30,8,LIMA,ATE,URBANA,CARRETERA,CHOQUE,EN PROCESO DE INVESTIGACIÓN,1,1,-12.015033,-76.900177
A-2022-12-135,2022-12-02,2022,VIERNES,22:55,22,LIMA,LURIGANCHO,URBANA,CARRETERA,DESPISTE,EN PROCESO DE INVESTIGACIÓN,1,0,-11.944786,-76.709733
A-2022-12-136,2022-12-03,2022,SABADO,07:00,7,LIMA,CARABAYLLO,URBANA,AVENIDA,ATROPELLO,EN PROCESO DE INVESTIGACIÓN,1,0,-11.87342,-77.01557
A-2022-12-137,2022-12-03,2022,SABADO,12:00,12,LIMA,LURIN,URBANA,AVENIDA,ATROPELLO,EN PROCESO DE INVESTIGACIÓN,1,0,-12.252987,-76.893553
A-2022-12-110,2022-12-04,2022,DOMINGO,19:45,19,CALLAO,CALLAO,URBANA,AVENIDA,ATROPELLO,IMPRUDENCIA DEL CONDUCTOR,1,0,-12.041411,-77.101386
A-2022-12-148,2022-12-04,2022,DOMINGO,02:10,2,LIMA,MIRAFLORES,URBANA,OTRO,DESPISTE,EN PROCESO DE INVESTIGACIÓN,1,1,-12.124827,-77.039508
A-2022-12-139,2022-12-05,2022,LUNES,23:30,23,LIMA,SAN MARTIN DE PORRES,URBANA,AVENIDA,DESPISTE,EN PROCESO DE INVESTIGACIÓN,1,0,-11.985932,-77.086157
A-2022-12-138,2022-12-05,2022,LUNES,18:00,18,LIMA,LURIGANCHO,URBANA,AVENIDA,DESPISTE,EN PROCESO DE INVESTIGACIÓN,1,0,-11.976312,-76.786783
A-2022-12-149,2022-12-05,2022,LUNES,20:30,20,LIMA,PACHACAMAC,URBANA,CARRETERA,ATROPELLO,EN PROCESO DE INVESTIGACIÓN,1,0,-12.149398,-76.87107
A-2022-12-140,2022-12-06,2022,MARTES,10:00,10,LIMA,MIRAFLORES,URBANA,OTRO,DESPISTE,EN PROCESO DE INVESTIGACIÓN,1,0,-12.124395,-77.040378
A-2022-12-150,2022-12-06,2022,MARTES,11:20,11,LIMA,SAN ISIDRO,URBANA,AVENIDA,ATROPELLO,EN PROCESO DE INVESTIGACIÓN,1,0,-12.091149,-77.008452
A-2022-12-141,2022-12-08,2022,JUEVES,04:50,4,LIMA,CHORRILLOS,URBANA,AVENIDA,DESPISTE,EN PROCESO DE INVESTIGACIÓN,1,0,-12.196185,-77.000546
A-2022-12-142,2022-12-10,2022,SABADO,10:30,10,LIMA,LIMA,URBANA,JIRÓN,DESPISTE,EN PROCESO DE INVESTIGACIÓN,1,1,-12.044576,-77.045708
A-2022-12-133,2022-12-10,2022,SABADO,14:00,14,CALLAO,CALLAO,URBANA,CARRETERA,CHOQUE CON OBJETO FIJO,IMPRUDENCIA DEL CONDUCTOR,1,0,-12.038615,-77.099686
A-2022-12-151,2022-12-10,2022,SABADO,23:30,23,LIMA,SAN JUAN DE MIRAFLORES,URBANA,CARRETERA,ATROPELLO FUGA,EN PROCESO DE INVESTIGACIÓN,1,0,-12.183603,-76.975228
A-2022-12-144,2022-12-11,2022,DOMINGO,12:50,12,LIMA,COMAS,URBANA,CARRETERA,ATROPELLO,EN PROCESO DE INVESTIGACIÓN,1,0,-11.924984,-77.072926
A-2022-12-143,2022-12-11,2022,DOMINGO,00:15,0,LIMA,LURIGANCHO,URBANA,CARRETERA,ATROPELLO,EN PROCESO DE INVESTIGACIÓN,1,0,-11.951577,-76.726837
A-2022-12-152,2022-12-12,2022,LUNES,18:15,18,LIMA,SAN MARTIN DE PORRES,URBANA,AVENIDA,ATROPELLO,EN PROCESO DE INVESTIGACIÓN,1,0,-12.029884,-77.061064
A-2022-12-153,2022-12-13,2022,MARTES,13:00,13,LIMA,SAN MARTIN DE PORRES,URBANA,AVENIDA,ATROPELLO,EN PROCESO DE INVESTIGACIÓN,1,0,-11.987931,-77.114425
A-2022-12-154,2022-12-13,2022,MARTES,21:10,21,LIMA,LOS OLIVOS,URBANA,AVENIDA,ATROPELLO FUGA,EN PROCESO DE INVESTIGACIÓN,1,0,-11.975885,-77.083015
A-2022-12-230,2022-12-15,2022,JUEVES,21:50,21,LIMA,COMAS,URBANA,AVENIDA,ATROPELLO,EN PROCESO DE INVESTIGACIÓN,1,0,-11.921793,-77.035425
A-2022-12-155,2022-12-18,2022,DOMINGO,03:00,3,LIMA,LURIN,URBANA,CARRETERA,ATROPELLO FUGA,EN PROCESO DE INVESTIGACIÓN,1,0,-12.250006,-76.931258
A-2022-12-231,2022-12-18,2022,DOMINGO,07:50,7,LIMA,LURIGANCHO,URBANA,AUTOPISTA,ESPECIAL,EN PROCESO DE INVESTIGACIÓN,1,0,-12.007383,-76.878684
A-2022-12-159,2022-12-19,2022,LUNES,23:45,23,LIMA,LURIGANCHO,URBANA,AVENIDA,ATROPELLO FUGA,EN PROCESO DE INVESTIGACIÓN,1,0,-12.005509,-76.864542
A-2022-12-158,2022-12-19,2022,LUNES,22:00,22,LIMA,SAN MARTIN DE PORRES,URBANA,AVENIDA,ATROPELLO,EN PROCESO DE INVESTIGACIÓN,1,0,-11.988612,-77.081013
A-2022-12-156,2022-12-19,2022,LUNES,02:00,2,LIMA,PUENTE PIEDRA,URBANA,CARRETERA,DESPISTE,EN PROCESO DE INVESTIGACIÓN,1,1,-11.862725,-77.077226
A-2022-12-157,2022-12-19,2022,LUNES,09:25,9,LIMA,PUENTE PIEDRA,URBANA,CARRETERA,VOLCADURA,EN PROCESO DE INVESTIGACIÓN,1,0,-11.900399,-77.067679
A-2022-12-162,2022-12-20,2022,MARTES,06:30,6,LIMA,RIMAC,URBANA,CARRETERA,VOLCADURA,EN PROCESO DE INVESTIGACIÓN,1,0,-12.04103,-77.033306
A-2022-12-160,2022-12-20,2022,MARTES,11:15,11,LIMA,CARABAYLLO,URBANA,AVENIDA,ATROPELLO FUGA,EN PROCESO DE INVESTIGACIÓN,1,0,-11.853196,-77.003213
A-2022-12-161,2022-12-20,2022,MARTES,14:15,14,LIMA,PUCUSANA,URBANA,CARRETERA,ATROPELLO,EN PROCESO DE INVESTIGACIÓN,1,0,-12.450924,-76.75534
A-2022-12-163,2022-12-21,2022,MIERCOLES,07:30,7,LIMA,JESUS MARIA,URBANA,AVENIDA,ATROPELLO,EN PROCESO DE INVESTIGACIÓN,1,0,-12.089429,-77.058546
A-2022-12-164,2022-12-21,2022,MIERCOLES,19:40,19,LIMA,PUENTE PIEDRA,URBANA,CARRETERA,ATROPELLO FUGA,EN PROCESO DE INVESTIGACIÓN,1,0,-11.835598,-77.111331
A-2022-12-165,2022-12-21,2022,MIERCOLES,22:30,22,LIMA,LURIN,URBANA,CARRETERA,CHOQUE,EN PROCESO DE INVESTIGACIÓN,1,0,-12.249877,-76.931362
A-2022-12-167,2022-12-22,2022,JUEVES,13:30,13,LIMA,ATE,URBANA,AVENIDA,DESPISTE,EN PROCESO DE INVESTIGACIÓN,2,5,-12.042237,-76.910831
A-2022-12-166,2022-12-23,2022,VIERNES,23:00,23,LIMA,COMAS,URBANA,AVENIDA,ATROPELLO,EN PROCESO DE INVESTIGACIÓN,1,0,-11.912144,-77.045946
A-2022-12-134,2022-12-23,2022,VIERNES,16:40,16,CALLAO,CALLAO,URBANA,AVENIDA,ATROPELLO FUGA,EN PROCESO DE INVESTIGACIÓN,1,0,-12.04257,-77.118364
A-2022-12-169,2022-12-25,2022,DOMINGO,02:45,2,LIMA,SANTIAGO DE SURCO,URBANA,CARRETERA,ATROPELLO FUGA,EN PROCESO DE INVESTIGACIÓN,1,0,-12.144819,-76.981907
A-2022-12-170,2022-12-25,2022,DOMINGO,07:30,7,LIMA,BARRANCO,URBANA,AUTOPISTA,DESPISTE,EN PROCESO DE INVESTIGACIÓN,1,0,-12.139129,-77.027453
A-2022-12-168,2022-12-25,2022,DOMINGO,16:30,16,LIMA,LIMA,URBANA,AVENIDA,CHOQUE,EN PROCESO DE INVESTIGACIÓN,1,0,-12.044995,-77.042837
A-2022-12-171,2022-12-26,2022,LUNES,14:30,14,LIMA,SAN JUAN DE LURIGANCHO,URBANA,AVENIDA,ATROPELLO,EN PROCESO DE INVESTIGACIÓN,1,0,-12.029394,-77.011667
A-2022-12-131,2022-12-26,2022,LUNES,15:56,15,CALLAO,CALLAO,URBANA,CARRETERA,CHOQUE,EN PROCESO DE INVESTIGACIÓN,1,0,-11.943943,-77.13155
A-2022-12-172,2022-12-29,2022,JUEVES,09:40,9,LIMA,SAN MARTIN DE PORRES,URBANA,CARRETERA,ATROPELLO FUGA,EN PROCESO DE INVESTIGACIÓN,1,0,-12.035421,-77.047591
A-2022-12-232,2022-12-30,2022,VIERNES,02:38,2,LIMA,ATE,URBANA,CARRETERA,CHOQUE,EN PROCESO DE INVESTIGACIÓN,1,0,-12.067143,-76.971589
A-2022-12-229,2022-12-31,2022,SABADO,23:15,23,LIMA,ANCON,URBANA,CARRETERA,ATROPELLO FUGA,EN PROCESO DE INVESTIGACIÓN,1,0,-11.783896,-77.155454
A-2022-12-215,2022-12-31,2022,SABADO,23:15,23,LIMA,ANCON,URBANA,CARRETERA,ATROPELLO FUGA,EN PROCESO DE INVESTIGACIÓN,1,0,-11.784903,-77.154591
A-2023-01-130,2023-01-01,2023,DOMINGO,04:30,4,LIMA,LURIGANCHO,URBANA,CARRETERA,CHOQUE,IMPRUDENCIA DEL CONDUCTOR,1,0,-12.021154,-76.928436
A-2023-01-131,2023-01-01,2023,DOMINGO,10:50,10,LIMA,CHORRILLOS,URBANA,AVENIDA,CHOQUE,IMPRUDENCIA DEL CONDUCTOR,1,1,-12.187443,-76.995348
A-2023-01-157,2023-01-02,2023,LUNES,00:50,0,LIMA,RIMAC,URBANA,CARRETERA,ATROPELLO FUGA,IMPRUDENCIA DEL CONDUCTOR,1,0,-12.040883,-77.033925
A-2023-01-132,2023-01-02,2023,LUNES,03:30,3,LIMA,SAN JUAN DE MIRAFLORES,URBANA,CARRETERA,ATROPELLO,IMPRUDENCIA DEL PEATÓN,1,0,-12.162271,-76.981829
A-2023-01-136,2023-01-02,2023,LUNES,04:10,4,LIMA,PUENTE PIEDRA,URBANA,CARRETERA,CHOQUE,IMPRUDENCIA DEL CONDUCTOR,1,0,-11.856181,-77.085165
A-2023-01-133,2023-01-03,2023,MARTES,11:00,11,LIMA,COMAS,URBANA,JIRÓN,ATROPELLO,IMPRUDENCIA DEL PEATÓN,1,0,-11.935601,-77.050457
A-2023-01-134,2023-01-04,2023,MIERCOLES,04:30,4,LIMA,SANTIAGO DE SURCO,URBANA,CARRETERA,CHOQUE,IMPRUDENCIA DEL CONDUCTOR,1,0,-12.131482,-76.978481
A-2023-01-347,2023-01-07,2023,SABADO,04:40,4,LIMA,CARABAYLLO,URBANA,AVENIDA,ATROPELLO,IMPRUDENCIA DEL CONDUCTOR,1,0,-11.895648,-77.029572
A-2023-01-135,2023-01-08,2023,DOMINGO,10:00,10,LIMA,CIENEGUILLA,URBANA,AVENIDA,ATROPELLO,EN PROCESO DE INVESTIGACIÓN,1,1,-12.087359,-76.863378
A-2023-01-137,2023-01-12,2023,JUEVES,04:45,4,LIMA,LIMA,URBANA,AVENIDA,CHOQUE,NEGLIGENCIA DEL CONDUCTOR,1,0,-12.079509,-77.034023
A-2023-01-348,2023-01-13,2023,VIERNES,06:00,6,LIMA,LOS OLIVOS,URBANA,AVENIDA,CHOQUE,IMPRUDENCIA DEL CONDUCTOR,1,0,-11.983252,-77.078394
A-2023-01-138,2023-01-14,2023,SABADO,01:15,1,LIMA,COMAS,URBANA,AVENIDA,DESPISTE,IMPRUDENCIA DEL CONDUCTOR,1,0,-11.911919,-77.038622
A-2023-01-346,2023-01-17,2023,MARTES,12:35,12,LIMA,VILLA EL SALVADOR,URBANA,AVENIDA,CHOQUE,IMPRUDENCIA DEL CONDUCTOR,1,1,-12.218473,-76.945553
A-2023-01-139,2023-01-17,2023,MARTES,17:10,17,LIMA,PUENTE PIEDRA,URBANA,CARRETERA,CAÍDA DE PASAJERO,IMPRUDENCIA DEL PEATÓN,1,0,-11.840191,-77.105128
A-2023-01-140,2023-01-17,2023,MARTES,23:00,23,LIMA,ANCON,URBANA,CALLE,CHOQUE,IMPRUDENCIA DEL CONDUCTOR,1,0,-11.782084,-77.161735
A-2023-01-143,2023-01-18,2023,MIERCOLES,23:30,23,LIMA,COMAS,URBANA,AVENIDA,ATROPELLO FUGA,EN PROCESO DE INVESTIGACIÓN,1,0,-11.928095,-77.052621
A-2022-01-345,2023-01-18,2023,MIERCOLES,12:30,12,LIMA,SAN JUAN DE MIRAFLORES,URBANA,CALLE,CHOQUE,IMPRUDENCIA DEL CONDUCTOR,1,0,-12.188759,-76.960674
A-2023-01-141,2023-01-18,2023,MIERCOLES,06:00,6,LIMA,SAN MARTIN DE PORRES,URBANA,AVENIDA,ATROPELLO FUGA,EN PROCESO DE INVESTIGACIÓN,1,0,-12.015535,-77.059596
A-2023-01-144,2023-01-19,2023,JUEVES,05:45,5,LIMA,SANTIAGO DE SURCO,URBANA,CARRETERA,ATROPELLO,IMPRUDENCIA DEL CONDUCTOR,2,0,-12.130801,-76.978133
A-2023-01-142,2023-01-19,2023,JUEVES,06:20,6,LIMA,VILLA EL SALVADOR,URBANA,AVENIDA,ATROPELLO,IMPRUDENCIA DEL CONDUCTOR,1,0,-12.221124,-76.938624
A-2023-01-147,2023-01-21,2023,SABADO,01:10,1,LIMA,LURIGANCHO,URBANA,CARRETERA,DESPISTE,IMPRUDENCIA DEL CONDUCTOR,1,0,-12.02089,-76.921351
A-2023-01-146,2023-01-21,2023,SABADO,02:30,2,LIMA,SANTIAGO DE SURCO,URBANA,CARRETERA,DESPISTE,NEGLIGENCIA DEL CONDUCTOR,1,4,-12.152397,-76.983898
A-2023-01-145,2023-01-21,2023,SABADO,06:20,6,LIMA,CHORRILLOS,URBANA,AVENIDA,CHOQUE,IMPRUDENCIA DEL CONDUCTOR,1,0,-12.197326,-76.999335
A-2023-01-148,2023-01-21,2023,SABADO,19:20,19,LIMA,SAN MARTIN DE PORRES,URBANA,CALLE,CAÍDA DE PASAJERO,IMPRUDENCIA DEL CONDUCTOR,1,0,-11.979261,-77.095542
A-2023-01-151,2023-01-22,2023,DOMINGO,22:30,22,LIMA,COMAS,URBANA,AVENIDA,ATROPELLO,IMPRUDENCIA DEL CONDUCTOR,1,0,-11.91054,-77.045296
A-2023-01-149,2023-01-22,2023,DOMINGO,06:00,6,LIMA,ANCON,URBANA,CARRETERA,ATROPELLO,IMPRUDENCIA DEL CONDUCTOR,1,0,-11.75082,-77.146562
A-2023-01-150,2023-01-23,2023,LUNES,01:10,1,LIMA,COMAS,URBANA,JIRÓN,DESPISTE,IMPRUDENCIA DEL CONDUCTOR,1,0,-11.945074,-77.062716
A-2023-01-152,2023-01-25,2023,MIERCOLES,07:30,7,LIMA,SAN ISIDRO,URBANA,AVENIDA,ATROPELLO,IMPRUDENCIA DEL CONDUCTOR,1,0,-12.090693,-77.03348
A-2023-01-153,2023-01-25,2023,MIERCOLES,12:50,12,LIMA,LINCE,URBANA,AVENIDA,ATROPELLO,IMPRUDENCIA DEL CONDUCTOR,1,9,-12.084146,-77.038989
A-2023-01-154,2023-01-25,2023,MIERCOLES,12:50,12,LIMA,VILLA MARIA DEL TRIUNFO,URBANA,AVENIDA,ATROPELLO,IMPRUDENCIA DEL PEATÓN,1,0,-12.220124,-76.907534
A-2023-01-155,2023-01-26,2023,JUEVES,07:30,7,LIMA,PUENTE PIEDRA,URBANA,CARRETERA,ATROPELLO FUGA,EN PROCESO DE INVESTIGACIÓN,1,0,-11.836209,-77.11015
A-2023-01-349,2023-01-26,2023,JUEVES,20:40,20,LIMA,SAN MARTIN DE PORRES,URBANA,AVENIDA,ATROPELLO,IMPRUDENCIA DEL CONDUCTOR,1,0,-11.991131,-77.085012
A-2023-01-161,2023-01-28,2023,SABADO,06:17,6,LIMA,ATE,URBANA,CARRETERA,ATROPELLO,IMPRUDENCIA DEL PEATÓN,1,0,-12.013894,-76.883342
A-2023-01-156,2023-01-28,2023,SABADO,00:40,0,LIMA,CARABAYLLO,RURAL,CARRETERA,ATROPELLO,IMPRUDENCIA DEL PEATÓN,1,0,-11.755908,-76.974774
A-2023-01-159,2023-01-29,2023,DOMINGO,15:30,15,LIMA,COMAS,URBANA,AVENIDA,ATROPELLO,EN PROCESO DE INVESTIGACIÓN,1,0,-11.952932,-77.051338
A-2023-01-158,2023-01-29,2023,DOMINGO,08:24,8,LIMA,LURIN,URBANA,AVENIDA,ATROPELLO FUGA,IMPRUDENCIA DEL CONDUCTOR,1,0,-12.242233,-76.868379
A-2023-01-160,2023-01-30,2023,LUNES,01:10,1,LIMA,VILLA EL SALVADOR,RURAL,CARRETERA,ATROPELLO FUGA,IMPRUDENCIA DEL CONDUCTOR,1,0,-12.231327,-76.965387
A-2023-01-114,2023-01-30,2023,LUNES,20:20,20,CALLAO,CALLAO,URBANA,AVENIDA,CHOQUE,IMPRUDENCIA DEL CONDUCTOR,1,1,-12.044797,-77.138118
A-2023-01-162,2023-01-31,2023,MARTES,02:00,2,LIMA,ATE,URBANA,AVENIDA,CHOQUE,IMPRUDENCIA DEL CONDUCTOR,1,0,-12.006141,-76.829877
A-2023-02-133,2023-02-02,2023,JUEVES,17:20,17,LIMA,VILLA EL SALVADOR,URBANA,AVENIDA,CHOQUE,IMPRUDENCIA DEL CONDUCTOR,1,0,-12.22761,-76.915583
A-2023-02-134,2023-02-07,2023,MARTES,09:30,9,LIMA,PUENTE PIEDRA,URBANA,CARRETERA,CHOQUE,EN PROCESO DE INVESTIGACIÓN,1,0,-11.850768,-77.091932
A-2023-02-135,2023-02-07,2023,MARTES,20:40,20,LIMA,PUENTE PIEDRA,URBANA,CARRETERA,ATROPELLO,IMPRUDENCIA DEL PEATÓN,1,0,-11.835905,-77.110451
A-2023-02-136,2023-02-07,2023,MARTES,20:45,20,LIMA,PUCUSANA,URBANA,CARRETERA,ATROPELLO,IMPRUDENCIA DEL PEATÓN,1,0,-12.458473,-76.753223
A-2023-02-137,2023-02-07,2023,MARTES,21:15,21,LIMA,SANTA ANITA,URBANA,CARRETERA,ATROPELLO,IMPRUDENCIA DEL PEATÓN,1,0,-12.053681,-76.97536
A-2023-02-138,2023-02-08,2023,MIERCOLES,15:10,15,LIMA,VILLA EL SALVADOR,URBANA,AVENIDA,CHOQUE,EN PROCESO DE INVESTIGACIÓN,1,1,-12.193322,-76.966884
A-2023-02-152,2023-02-11,2023,SABADO,11:20,11,LIMA,LOS OLIVOS,URBANA,AVENIDA,ATROPELLO,EN PROCESO DE INVESTIGACIÓN,1,0,-11.978891,-77.076998
A-2023-02-139,2023-02-14,2023,MARTES,13:00,13,LIMA,CHORRILLOS,URBANA,CALLE,DESPISTE,IMPRUDENCIA DEL CONDUCTOR,1,2,-12.197716,-77.024613
A-2023-02-140,2023-02-14,2023,MARTES,23:50,23,LIMA,LURIN,URBANA,CARRETERA,CHOQUE,IMPRUDENCIA DEL CONDUCTOR,1,0,-12.259001,-76.917202
A-2023-02-141,2023-02-15,2023,MIERCOLES,19:00,19,LIMA,LOS OLIVOS,URBANA,AVENIDA,ATROPELLO,IMPRUDENCIA DEL CONDUCTOR,1,0,-11.981531,-77.072247
A-2023-02-142,2023-02-16,2023,JUEVES,11:40,11,LIMA,LIMA,URBANA,JIRÓN,ATROPELLO,IMPRUDENCIA DEL CONDUCTOR,1,2,-12.048456,-77.019675
A-2023-02-143,2023-02-17,2023,VIERNES,06:20,6,LIMA,SAN JUAN DE LURIGANCHO,URBANA,AVENIDA,CHOQUE,IMPRUDENCIA DEL CONDUCTOR,1,0,-12.025518,-76.983894
A-2023-02-144,2023-02-18,2023,SABADO,06:00,6,LIMA,COMAS,URBANA,AVENIDA,CHOQUE,EN PROCESO DE INVESTIGACIÓN,1,0,-11.925803,-77.052086
A-2023-02-145,2023-02-20,2023,LUNES,19:12,19,LIMA,PUEBLO LIBRE,URBANA,AVENIDA,ATROPELLO FUGA,IMPRUDENCIA DEL PEATÓN,1,0,-12.080603,-77.058376
A-2023-02-130,2023-02-20,2023,LUNES,16:05,16,CALLAO,CALLAO,URBANA,CARRETERA,ATROPELLO,IMPRUDENCIA DEL CONDUCTOR,1,0,-12.038101,-77.127056
A-2023-02-153,2023-02-20,2023,LUNES,07:00,7,LIMA,SANTIAGO DE SURCO,URBANA,CARRETERA,ATROPELLO,IMPRUDENCIA DEL PEATÓN,1,0,-12.148067,-76.982726
A-2023-02-149,2023-02-20,2023,LUNES,05:15,5,LIMA,CARABAYLLO,URBANA,AVENIDA,ATROPELLO,EN PROCESO DE INVESTIGACIÓN,1,0,-11.87538,-77.01681
A-2023-02-146,2023-02-22,2023,MIERCOLES,10:50,10,LIMA,SAN BORJA,URBANA,AVENIDA,ATROPELLO,NEGLIGENCIA DEL CONDUCTOR,1,0,-12.084079,-77.004156
A-2023-02-147,2023-02-22,2023,MIERCOLES,21:41,21,LIMA,RIMAC,URBANA,CARRETERA,CHOQUE,IMPRUDENCIA DEL CONDUCTOR,1,0,-12.041256,-77.03301
A-2023-02-120,2023-02-23,2023,JUEVES,06:30,6,CALLAO,MI PERU,URBANA,CARRETERA,CHOQUE,EN PROCESO DE INVESTIGACIÓN,1,0,-11.849315,-77.121527
A-2023-02-148,2023-02-23,2023,JUEVES,15:30,15,LIMA,LA VICTORIA,URBANA,AVENIDA,ATROPELLO FUGA,IMPRUDENCIA DEL PEATÓN,1,0,-12.075017,-77.023209
A-2023-02-150,2023-02-23,2023,JUEVES,19:00,19,LIMA,BARRANCO,URBANA,AVENIDA,DESPISTE,IMPRUDENCIA DEL CONDUCTOR,1,0,-12.134465,-77.020396
A-2023-03-131-A,2023-02-25,2023,SABADO,08:15,8,LIMA,SAN JUAN DE MIRAFLORES,URBANA,CARRETERA,ATROPELLO FUGA,EN PROCESO DE INVESTIGACIÓN,1,0,-12.193135,-76.972682
A-2023-02-151,2023-02-26,2023,DOMINGO,17:15,17,LIMA,RIMAC,URBANA,AVENIDA,CHOQUE,IMPRUDENCIA DEL CONDUCTOR,2,0,-12.030208,-77.029616
A-2023-03-131-B,2023-03-01,2023,MIERCOLES,05:30,5,LIMA,LURIGANCHO,RURAL,CARRETERA,CHOQUE,EN PROCESO DE INVESTIGACIÓN,1,0,-11.998263,-76.9272
A-2023-03-132,2023-03-03,2023,VIERNES,03:40,3,LIMA,CARABAYLLO,URBANA,AVENIDA,DESPISTE,IMPRUDENCIA DEL CONDUCTOR,1,0,-11.871011,-77.01986
A-2023-03-133,2023-03-03,2023,VIERNES,11:30,11,LIMA,LIMA,URBANA,AVENIDA,CAÍDA DE PASAJERO,IMPRUDENCIA DEL PASAJERO/OCUPANTE,1,0,-12.045833,-77.025596
A-2023-03-134,2023-03-04,2023,SABADO,02:20,2,LIMA,PUNTA HERMOSA,RURAL,CARRETERA,ATROPELLO,IMPRUDENCIA DEL PEATÓN,1,0,-12.308394,-76.836607
A-2023-03-135,2023-03-05,2023,DOMINGO,12:00,12,LIMA,CHORRILLOS,URBANA,AVENIDA,CHOQUE,IMPRUDENCIA DEL CONDUCTOR,1,2,-12.195296,-77.001275
A-2023-03-137,2023-03-07,2023,MARTES,05:50,5,LIMA,SAN MARTIN DE PORRES,URBANA,AVENIDA,CHOQUE,EN PROCESO DE INVESTIGACIÓN,1,0,-11.989054,-77.105359
A-2023-03-138,2023-03-08,2023,MIERCOLES,15:00,15,LIMA,LURIN,URBANA,CARRETERA,CHOQUE,IMPRUDENCIA DEL CONDUCTOR,1,0,-12.246463,-76.936133
A-2023-03-139,2023-03-09,2023,JUEVES,13:30,13,LIMA,SAN JUAN DE LURIGANCHO,URBANA,AVENIDA,CHOQUE,IMPRUDENCIA DEL CONDUCTOR,1,1,-12.018034,-77.001983
A-2023-03-140,2023-03-09,2023,JUEVES,14:00,14,LIMA,SAN JUAN DE LURIGANCHO,URBANA,AVENIDA,ATROPELLO FUGA,IMPRUDENCIA DEL PEATÓN,1,0,-12.019206,-76.986857
A-2023-03-179,2023-03-09,2023,JUEVES,11:00,11,LIMA,COMAS,URBANA,AVENIDA,ATROPELLO,IMPRUDENCIA DEL CONDUCTOR,1,0,-11.947733,-77.049658
A-2023-03-141,2023-03-12,2023,DOMINGO,22:30,22,LIMA,CHORRILLOS,URBANA,CARRETERA,ATROPELLO,IMPRUDENCIA DEL PEATÓN,1,0,-12.218937,-76.977076
A-2023-03-142,2023-03-13,2023,LUNES,15:30,15,LIMA,ANCON,URBANA,CARRETERA,CAÍDA DE PASAJERO,EN PROCESO DE INVESTIGACIÓN,1,0,-11.812734,-77.12962
A-2023-03-159,2023-03-13,2023,LUNES,23:00,23,LIMA,LIMA,URBANA,JIRÓN,ATROPELLO FUGA,IMPRUDENCIA DEL PEATÓN,1,0,-12.049457,-77.019568
A-2023-03-143,2023-03-15,2023,MIERCOLES,00:15,0,LIMA,SAN BORJA,URBANA,CARRETERA,CHOQUE,IMPRUDENCIA DEL CONDUCTOR,1,0,-12.104867,-76.979099
A-2023-03-126,2023-03-15,2023,MIERCOLES,20:00,20,CALLAO,VENTANILLA,URBANA,AVENIDA,ATROPELLO,EN PROCESO DE INVESTIGACIÓN,1,2,-11.828212,-77.124006
A-2023-03-144,2023-03-16,2023,JUEVES,22:30,22,LIMA,SAN JUAN DE LURIGANCHO,URBANA,AVENIDA,VOLCADURA,IMPRUDENCIA DEL CONDUCTOR,1,0,-12.029989,-77.020385
A-2023-03-145,2023-03-17,2023,VIERNES,19:20,19,LIMA,COMAS,URBANA,AVENIDA,CHOQUE,EN PROCESO DE INVESTIGACIÓN,1,1,-11.913066,-77.003002
A-2023-03-112,2023-03-17,2023,VIERNES,09:50,9,CALLAO,CALLAO,URBANA,CARRETERA,CHOQUE,IMPRUDENCIA DEL CONDUCTOR,1,0,-12.03567,-77.127532
A-2023-03-146,2023-03-18,2023,SABADO,16:30,16,LIMA,SAN JUAN DE LURIGANCHO,URBANA,AVENIDA,CHOQUE,IMPRUDENCIA DEL CONDUCTOR,1,1,-11.976445,-77.002076
A-2023-03-147,2023-03-19,2023,DOMINGO,05:55,5,LIMA,PUENTE PIEDRA,URBANA,CARRETERA,ATROPELLO FUGA,EN PROCESO DE INVESTIGACIÓN,1,0,-11.872306,-77.069443
A-2023-03-150,2023-03-19,2023,DOMINGO,06:25,6,LIMA,PUENTE PIEDRA,URBANA,CARRETERA,DESPISTE,IMPRUDENCIA DEL CONDUCTOR,1,0,-11.894874,-77.068026
A-2023-03-148,2023-03-19,2023,DOMINGO,06:50,6,LIMA,VILLA EL SALVADOR,URBANA,AVENIDA,ATROPELLO,IMPRUDENCIA DEL PEATÓN,1,0,-12.232153,-76.925505
A-2023-03-149,2023-03-19,2023,DOMINGO,10:15,10,LIMA,SAN BORJA,URBANA,AVENIDA,CHOQUE,NEGLIGENCIA DEL CONDUCTOR,1,0,-12.103769,-77.001345
A-2023-03-151,2023-03-20,2023,LUNES,16:45,16,LIMA,COMAS,URBANA,AVENIDA,CHOQUE,EN PROCESO DE INVESTIGACIÓN,1,1,-11.920433,-77.041833
A-2023-03-152,2023-03-21,2023,MARTES,08:30,8,LIMA,JESUS MARIA,URBANA,AVENIDA,CHOQUE,EN PROCESO DE INVESTIGACIÓN,1,0,-12.073804,-77.046444
A-2023-03-153,2023-03-22,2023,MIERCOLES,19:40,19,LIMA,ATE,URBANA,CARRETERA,CHOQUE,NEGLIGENCIA DEL CONDUCTOR,1,6,-12.000783,-76.839708
A-2023-03-155,2023-03-25,2023,SABADO,16:40,16,LIMA,LIMA,URBANA,AVENIDA,ATROPELLO,IMPRUDENCIA DEL PEATÓN,1,0,-12.035537,-77.065346
A-2023-03-154,2023-03-25,2023,SABADO,01:45,1,LIMA,CHACLACAYO,URBANA,CARRETERA,CHOQUE FUGA,IMPRUDENCIA DEL CONDUCTOR,1,0,-11.987369,-76.813531
A-2023-03-156,2023-03-28,2023,MARTES,16:00,16,LIMA,COMAS,URBANA,CARRETERA,ATROPELLO,IMPRUDENCIA DEL PEATÓN,1,0,-11.927893,-77.07262
A-2023-03-157,2023-03-28,2023,MARTES,07:10,7,LIMA,CARABAYLLO,RURAL,CARRETERA,CHOQUE,IMPRUDENCIA DEL CONDUCTOR,1,6,-11.789697,-76.982849
A-2023-03-158,2023-03-31,2023,VIERNES,12:30,12,LIMA,SAN BORJA,URBANA,CARRETERA,CHOQUE,IMPRUDENCIA DEL CONDUCTOR,1,0,-12.109276,-76.978491
A-2023-04-140,2023-04-01,2023,SABADO,20:50,20,LIMA,SURQUILLO,URBANA,AVENIDA,ATROPELLO FUGA,EN PROCESO DE INVESTIGACIÓN,1,1,-12.113599,-76.994755
A-2023-04-139,2023-04-01,2023,SABADO,22:20,22,LIMA,LURIN,URBANA,CARRETERA,ATROPELLO,IMPRUDENCIA DEL PEATÓN,1,0,-12.285617,-76.874719
A-2023-04-142,2023-04-02,2023,DOMINGO,04:00,4,LIMA,PUNTA HERMOSA,URBANA,CARRETERA,ATROPELLO FUGA,EN PROCESO DE INVESTIGACIÓN,1,0,-12.316674,-76.83106
A-2023-04-145,2023-04-02,2023,DOMINGO,07:30,7,LIMA,LURIGANCHO,RURAL,CARRETERA,CHOQUE FUGA,IMPRUDENCIA DEL CONDUCTOR,1,0,-12.021318,-76.930528
A-2023-04-141,2023-04-02,2023,DOMINGO,11:45,11,LIMA,COMAS,URBANA,AVENIDA,ATROPELLO,EN PROCESO DE INVESTIGACIÓN,1,0,-11.957287,-77.052895
A-2023-04-147,2023-04-03,2023,LUNES,06:50,6,LIMA,MAGDALENA DEL MAR,URBANA,OTRO,CHOQUE,IMPRUDENCIA DEL CONDUCTOR,1,0,-12.09769,-77.072985
A-2023-04-21,2023-04-05,2023,MIERCOLES,19:40,19,CALLAO,CALLAO,URBANA,AVENIDA,CHOQUE,IMPRUDENCIA DEL CONDUCTOR,1,0,-12.049502,-77.111637
A-2023-04-144,2023-04-06,2023,JUEVES,18:00,18,LIMA,SAN MARTIN DE PORRES,URBANA,AVENIDA,ATROPELLO FUGA,EN PROCESO DE INVESTIGACIÓN,1,0,-11.981888,-77.093323
A-2023-04-143,2023-04-07,2023,VIERNES,02:30,2,LIMA,LURIN,RURAL,CARRETERA,ATROPELLO FUGA,IMPRUDENCIA DEL PEATÓN,1,0,-12.30289,-76.842663
A-2023-04-151,2023-04-07,2023,VIERNES,04:50,4,LIMA,EL AGUSTINO,URBANA,CARRETERA,DESPISTE,IMPRUDENCIA DEL CONDUCTOR,1,1,-12.029958,-76.994321
A-2023-04-152,2023-04-08,2023,SABADO,06:50,6,LIMA,ANCON,URBANA,CARRETERA,ATROPELLO,IMPRUDENCIA DEL CONDUCTOR,1,0,-11.758847,-77.153686
A-2023-04-153,2023-04-08,2023,SABADO,10:40,10,LIMA,CHORRILLOS,URBANA,CARRETERA,ATROPELLO,IMPRUDENCIA DEL PEATÓN,1,0,-12.214472,-76.976484
A-2023-04-154,2023-04-08,2023,SABADO,23:00,23,LIMA,SANTIAGO DE SURCO,URBANA,AVENIDA,DESPISTE,IMPRUDENCIA DEL CONDUCTOR,1,0,-12.147634,-76.986575
A-2023-04-113,2023-04-09,2023,DOMINGO,06:00,6,CALLAO,CALLAO,URBANA,AUTOPISTA,CHOQUE,IMPRUDENCIA DEL CONDUCTOR,1,0,-12.015037,-77.09395
A-2023-04-155,2023-04-09,2023,DOMINGO,17:20,17,LIMA,ATE,URBANA,CARRETERA,ATROPELLO,EN PROCESO DE INVESTIGACIÓN,1,0,-12.013018,-76.880777
A-2023-04-8,2023-04-10,2023,LUNES,10:30,10,CALLAO,MI PERU,URBANA,CARRETERA,ATROPELLO,IMPRUDENCIA DEL CONDUCTOR,1,0,-11.842214,-77.11551
A-2023-04-124,2023-04-11,2023,MARTES,09:00,9,CALLAO,CALLAO,URBANA,AVENIDA,ATROPELLO,EN PROCESO DE INVESTIGACIÓN,1,1,-12.016515,-77.105585
A-2023-04-156,2023-04-11,2023,MARTES,18:15,18,LIMA,VILLA EL SALVADOR,URBANA,AVENIDA,CHOQUE,IMPRUDENCIA DEL CONDUCTOR,1,0,-12.196609,-76.933958
A-2023-04-171,2023-04-12,2023,MIERCOLES,00:00,0,LIMA,LIMA,URBANA,AVENIDA,ATROPELLO,IMPRUDENCIA DEL CONDUCTOR,1,0,-12.056666,-77.014752
A-2023-04-170,2023-04-12,2023,MIERCOLES,13:00,13,LIMA,PACHACAMAC,URBANA,CALLE,DESPISTE,IMPRUDENCIA DEL CONDUCTOR,1,0,-12.104074,-76.875154
A-2023-04-185,2023-04-12,2023,MIERCOLES,13:00,13,LIMA,PACHACAMAC,URBANA,CALLE,VOLCADURA,IMPRUDENCIA DEL CONDUCTOR,1,0,-12.104079,-76.875143
A-2023-04-157,2023-04-14,2023,VIERNES,23:30,23,LIMA,SAN JUAN DE MIRAFLORES,URBANA,AVENIDA,ATROPELLO,IMPRUDENCIA DEL CONDUCTOR,1,0,-12.187673,-76.958698
A-2023-04-150,2023-04-16,2023,DOMINGO,04:40,4,LIMA,LA VICTORIA,URBANA,AVENIDA,ATROPELLO,EN PROCESO DE INVESTIGACIÓN,1,0,-12.06694,-76.998495
A-2023-04-149,2023-04-22,2023,SABADO,03:30,3,LIMA,LIMA,URBANA,AVENIDA,ATROPELLO FUGA,EN PROCESO DE INVESTIGACIÓN,1,0,-12.059205,-77.013558
A-2023-04-148,2023-04-22,2023,SABADO,09:40,9,LIMA,ATE,URBANA,AVENIDA,ATROPELLO FUGA,IMPRUDENCIA DEL CONDUCTOR,1,0,-12.015991,-76.890605
A-2023-04-146,2023-04-23,2023,DOMINGO,12:20,12,LIMA,SAN JUAN DE LURIGANCHO,URBANA,AVENIDA,ATROPELLO,IMPRUDENCIA DEL CONDUCTOR,1,0,-12.014321,-77.001727
A-2023-04-138,2023-04-23,2023,DOMINGO,14:10,14,LIMA,VILLA MARIA DEL TRIUNFO,URBANA,AVENIDA,ATROPELLO,IMPRUDENCIA DEL CONDUCTOR,1,0,-12.170912,-76.946248
A-2023-04-136,2023-04-24,2023,LUNES,04:30,4,LIMA,ATE,URBANA,CARRETERA,CHOQUE,IMPRUDENCIA DEL CONDUCTOR,1,0,-12.008281,-76.860416
A-2023-04-137,2023-04-24,2023,LUNES,09:30,9,LIMA,SAN MARTIN DE PORRES,URBANA,AVENIDA,DESPISTE,IMPRUDENCIA DEL CONDUCTOR,1,0,-12.030359,-77.060536
A-2023-04-135,2023-04-24,2023,LUNES,13:20,13,LIMA,SANTA ANITA,URBANA,AVENIDA,ATROPELLO,IMPRUDENCIA DEL CONDUCTOR,1,0,-12.053446,-76.965253
A-2023-04-133,2023-04-24,2023,LUNES,16:30,16,LIMA,PUNTA HERMOSA,RURAL,AVENIDA,CAÍDA DE PASAJERO,IMPRUDENCIA DEL CONDUCTOR,1,0,-12.303466,-76.780648
A-2023-04-134,2023-04-25,2023,MARTES,15:20,15,LIMA,ATE,RURAL,AVENIDA,CHOQUE,IMPRUDENCIA DEL CONDUCTOR,1,0,-12.020831,-76.811399
A-2023-04-132,2023-04-27,2023,JUEVES,10:31,10,LIMA,LA MOLINA,URBANA,CARRETERA,ATROPELLO FUGA,EN PROCESO DE INVESTIGACIÓN,1,0,-12.075539,-76.974923
A-2023-04-131,2023-04-27,2023,JUEVES,06:23,6,LIMA,LURIGANCHO,URBANA,AVENIDA,ATROPELLO FUGA,EN PROCESO DE INVESTIGACIÓN,1,0,-12.007771,-76.920436
A-2023-04-129,2023-04-27,2023,JUEVES,18:50,18,LIMA,SAN JUAN DE LURIGANCHO,URBANA,AVENIDA,ATROPELLO,IMPRUDENCIA DEL CONDUCTOR,1,0,-12.002688,-76.999031
A-2023-04-121,2023-04-28,2023,VIERNES,09:10,9,LIMA,BARRANCO,URBANA,AVENIDA,ATROPELLO,IMPRUDENCIA DEL CONDUCTOR,1,0,-12.15349,-77.019626
A-2023-04-122,2023-04-29,2023,SABADO,16:15,16,LIMA,MIRAFLORES,URBANA,AVENIDA,DESPISTE,EN PROCESO DE INVESTIGACIÓN,1,0,-12.108733,-77.026689
A-2023-04-127,2023-04-29,2023,SABADO,13:45,13,LIMA,CARABAYLLO,URBANA,AVENIDA,CHOQUE,EN PROCESO DE INVESTIGACIÓN,2,0,-11.873538,-77.015612
A-2023-04-128,2023-04-29,2023,SABADO,13:00,13,LIMA,VILLA EL SALVADOR,RURAL,CARRETERA,VOLCADURA,EN PROCESO DE INVESTIGACIÓN,1,0,-12.242372,-76.944312
A-2023-04-126,2023-04-30,2023,DOMINGO,05:00,5,LIMA,CARABAYLLO,URBANA,AVENIDA,ATROPELLO,EN PROCESO DE INVESTIGACIÓN,1,0,-11.898647,-77.03846
A-2023-04-125,2023-04-30,2023,DOMINGO,11:30,11,LIMA,VILLA EL SALVADOR,URBANA,AVENIDA,CHOQUE,IMPRUDENCIA DEL CONDUCTOR,1,9,-12.226382,-76.935456
A-2023-04-123,2023-04-30,2023,DOMINGO,15:30,15,LIMA,EL AGUSTINO,URBANA,CARRETERA,DESPISTE,NEGLIGENCIA DEL CONDUCTOR,2,1,-12.030709,-76.983637
A-2023-05-140,2023-05-03,2023,MIERCOLES,10:30,10,LIMA,SAN JUAN DE LURIGANCHO,URBANA,JIRÓN,ATROPELLO,IMPRUDENCIA DEL CONDUCTOR,1,0,-11.963119,-76.983195
A-2023-05-174,2023-05-06,2023,SABADO,15:40,15,LIMA,SANTIAGO DE SURCO,URBANA,CARRETERA,CHOQUE,IMPRUDENCIA DEL CONDUCTOR,1,0,-12.14375,-76.981703
A-2023-05-138,2023-05-06,2023,SABADO,22:40,22,LIMA,INDEPENDENCIA,URBANA,AVENIDA,ATROPELLO,EN PROCESO DE INVESTIGACIÓN,1,0,-12.002167,-77.054999
A-2023-05-139,2023-05-06,2023,SABADO,09:23,9,LIMA,SAN JUAN DE LURIGANCHO,URBANA,AVENIDA,ATROPELLO,EN PROCESO DE INVESTIGACIÓN,1,0,-11.967824,-77.0039
A-2023-05-155,2023-05-06,2023,SABADO,15:40,15,LIMA,SANTIAGO DE SURCO,RURAL,CARRETERA,CHOQUE,IMPRUDENCIA DEL CONDUCTOR,1,0,-12.143686,-76.981723
A-2023-05-137,2023-05-07,2023,DOMINGO,00:40,0,LIMA,LOS OLIVOS,URBANA,AVENIDA,CHOQUE,EN PROCESO DE INVESTIGACIÓN,1,0,-11.980232,-77.072205
A-2023-05-136,2023-05-08,2023,LUNES,05:00,5,LIMA,SAN BORJA,URBANA,CARRETERA,CHOQUE,EN PROCESO DE INVESTIGACIÓN,1,24,-12.094176,-76.980606
A-2023-05-135,2023-05-10,2023,MIERCOLES,13:50,13,LIMA,VILLA EL SALVADOR,RURAL,CARRETERA,ATROPELLO FUGA,EN PROCESO DE INVESTIGACIÓN,1,0,-12.240542,-76.947702
A-2023-05-134,2023-05-11,2023,JUEVES,12:30,12,LIMA,LURIGANCHO,URBANA,AVENIDA,CHOQUE,IMPRUDENCIA DEL CONDUCTOR,1,0,-11.998582,-76.92669
A-2023-05-133,2023-05-11,2023,JUEVES,18:50,18,LIMA,VILLA MARIA DEL TRIUNFO,URBANA,JIRÓN,DESPISTE,EN PROCESO DE INVESTIGACIÓN,1,0,-12.184059,-76.939141
A-2023-05-132,2023-05-12,2023,VIERNES,21:00,21,LIMA,LURIN,RURAL,CARRETERA,ATROPELLO,IMPRUDENCIA DEL PEATÓN,1,0,-12.281627,-76.880799
A-2023-05-131,2023-05-13,2023,SABADO,10:30,10,LIMA,RIMAC,URBANA,JIRÓN,ATROPELLO,EN PROCESO DE INVESTIGACIÓN,1,1,-12.037794,-77.026981
A-2023-05-128,2023-05-14,2023,DOMINGO,23:20,23,LIMA,PACHACAMAC,URBANA,AVENIDA,ATROPELLO FUGA,EN PROCESO DE INVESTIGACIÓN,1,0,-12.112637,-76.87396
A-2023-05-10,2023-05-14,2023,DOMINGO,23:20,23,LIMA,PACHACAMAC,URBANA,AVENIDA,ATROPELLO FUGA,EN PROCESO DE INVESTIGACIÓN,1,0,-12.112766,-76.873714
A-2023-05-130,2023-05-14,2023,DOMINGO,07:00,7,LIMA,SAN MARTIN DE PORRES,URBANA,AVENIDA,ATROPELLO,EN PROCESO DE INVESTIGACIÓN,1,0,-12.021036,-77.08656
A-2023-05-129,2023-05-14,2023,DOMINGO,16:40,16,LIMA,LURIN,URBANA,CARRETERA,ATROPELLO,IMPRUDENCIA DEL PEATÓN,1,0,-12.302955,-76.84265
A-2023-05-122,2023-05-19,2023,VIERNES,06:00,6,LIMA,ATE,URBANA,CARRETERA,ATROPELLO FUGA,EN PROCESO DE INVESTIGACIÓN,1,0,-12.008269,-76.860337
A-2023-05-127,2023-05-20,2023,SABADO,19:20,19,LIMA,LURIGANCHO,URBANA,CARRETERA,VOLCADURA,IMPRUDENCIA DEL CONDUCTOR,1,0,-12.021007,-76.924511
A-2023-05-126,2023-05-20,2023,SABADO,23:40,23,LIMA,LURIN,RURAL,CARRETERA,ATROPELLO,IMPRUDENCIA DEL PEATÓN,1,0,-12.245601,-76.937863
A-2023-05-125,2023-05-21,2023,DOMINGO,06:30,6,LIMA,LURIN,RURAL,CARRETERA,DESPISTE,IMPRUDENCIA DEL CONDUCTOR,1,0,-12.272526,-76.895531
A-2023-05-124,2023-05-21,2023,DOMINGO,23:30,23,LIMA,SAN JUAN DE MIRAFLORES,URBANA,CARRETERA,ATROPELLO,EN PROCESO DE INVESTIGACIÓN,1,0,-12.146893,-76.982133
A-2023-05-123,2023-05-22,2023,LUNES,20:20,20,LIMA,PUENTE PIEDRA,URBANA,CARRETERA,CHOQUE,IMPRUDENCIA DEL CONDUCTOR,1,0,-11.899354,-77.067782
A-2023-05-154,2023-05-24,2023,MIERCOLES,17:00,17,LIMA,CHORRILLOS,URBANA,AVENIDA,ATROPELLO,IMPRUDENCIA DEL PEATÓN,1,0,-12.190228,-77.006271
A-2023-05-173,2023-05-24,2023,MIERCOLES,17:00,17,LIMA,CHORRILLOS,URBANA,AVENIDA,ATROPELLO,IMPRUDENCIA DEL PEATÓN,1,0,-12.19024,-77.006379
A-2023-05-121,2023-05-24,2023,MIERCOLES,14:00,14,LIMA,SAN JUAN DE MIRAFLORES,URBANA,CARRETERA,CHOQUE,IMPRUDENCIA DEL CONDUCTOR,1,2,-12.17345,-76.97825
A-2023-05-107,2023-05-26,2023,VIERNES,08:10,8,CALLAO,VENTANILLA,URBANA,CARRETERA,DESPISTE,EN PROCESO DE INVESTIGACIÓN,1,2,-11.920192,-77.129354
A-2023-05-120,2023-05-26,2023,VIERNES,20:50,20,LIMA,PUEBLO LIBRE,URBANA,AVENIDA,CHOQUE,EN PROCESO DE INVESTIGACIÓN,1,0,-12.084783,-77.064486
A-2023-05-119,2023-05-26,2023,VIERNES,21:00,21,LIMA,VILLA EL SALVADOR,URBANA,CARRETERA,CHOQUE,IMPRUDENCIA DEL CONDUCTOR,1,0,-12.229045,-76.968166
A-2023-05-113,2023-05-27,2023,SABADO,20:00,20,LIMA,LIMA,URBANA,AVENIDA,ATROPELLO,IMPRUDENCIA DEL CONDUCTOR,1,0,-12.058755,-77.013991
A-2023-05-114,2023-05-27,2023,SABADO,20:10,20,LIMA,PUENTE PIEDRA,URBANA,CARRETERA,ATROPELLO,IMPRUDENCIA DEL PEATÓN,1,0,-11.841271,-77.10372
A-2023-05-112,2023-05-28,2023,DOMINGO,05:30,5,LIMA,SAN MARTIN DE PORRES,URBANA,CARRETERA,CHOQUE CON OBJETO FIJO,EN PROCESO DE INVESTIGACIÓN,1,1,-12.035202,-77.049005
A-2023-05-116,2023-05-29,2023,LUNES,16:00,16,LIMA,LURIGANCHO,URBANA,AVENIDA,ATROPELLO,IMPRUDENCIA DEL CONDUCTOR,1,0,-11.97624,-76.895071
A-2023-05-115,2023-05-29,2023,LUNES,17:30,17,LIMA,PUEBLO LIBRE,URBANA,AVENIDA,ATROPELLO,IMPRUDENCIA DEL PEATÓN,1,0,-12.07878,-77.05688
A-2023-05-117,2023-05-30,2023,MARTES,07:30,7,LIMA,PUENTE PIEDRA,URBANA,CALLE,CAÍDA DE PASAJERO,EN PROCESO DE INVESTIGACIÓN,1,0,-11.826237,-77.112416
A-2023-05-118,2023-05-31,2023,MIERCOLES,19:00,19,LIMA,VILLA EL SALVADOR,URBANA,AVENIDA,ATROPELLO,IMPRUDENCIA DEL CONDUCTOR,1,0,-12.224051,-76.919824
A-2023-06-114,2023-06-01,2023,JUEVES,23:00,23,LIMA,SAN MIGUEL,URBANA,OTRO,DESPISTE,IMPRUDENCIA DEL CONDUCTOR,1,1,-12.081534,-77.106801
A-2023-06-115,2023-06-01,2023,JUEVES,23:50,23,LIMA,VILLA EL SALVADOR,URBANA,AVENIDA,CHOQUE,IMPRUDENCIA DEL CONDUCTOR,1,1,-12.239764,-76.912314
A-2023-06-116,2023-06-03,2023,SABADO,18:45,18,LIMA,LIMA,RURAL,AVENIDA,ATROPELLO,EN PROCESO DE INVESTIGACIÓN,1,0,-12.055195,-77.030261
A-2023-06-117,2023-06-03,2023,SABADO,19:20,19,LIMA,PUCUSANA,URBANA,AVENIDA,ATROPELLO,EN PROCESO DE INVESTIGACIÓN,1,0,-12.492415,-76.787542
A-2023-06-118,2023-06-04,2023,DOMINGO,07:20,7,LIMA,VILLA EL SALVADOR,RURAL,CARRETERA,ATROPELLO FUGA,EN PROCESO DE INVESTIGACIÓN,1,0,-12.235937,-76.956483
A-2023-06-119,2023-06-04,2023,DOMINGO,07:45,7,LIMA,SANTIAGO DE SURCO,URBANA,CARRETERA,ATROPELLO FUGA,EN PROCESO DE INVESTIGACIÓN,1,0,-12.136873,-76.980469
A-2023-06-120,2023-06-04,2023,DOMINGO,22:30,22,LIMA,ANCON,RURAL,CARRETERA,CHOQUE,EN PROCESO DE INVESTIGACIÓN,1,0,-11.79253,-77.146759
A-2023-06-122,2023-06-06,2023,MARTES,20:50,20,LIMA,SURQUILLO,URBANA,CALLE,ATROPELLO,IMPRUDENCIA DEL PEATÓN,1,1,-12.109711,-77.011654
A-2023-06-121,2023-06-06,2023,MARTES,09:40,9,LIMA,SAN JUAN DE LURIGANCHO,URBANA,AVENIDA,CAÍDA DE PASAJERO,IMPRUDENCIA DEL CONDUCTOR,1,0,-11.976992,-77.003059
A-2023-06-123,2023-06-07,2023,MIERCOLES,03:40,3,LIMA,SANTIAGO DE SURCO,URBANA,CARRETERA,CHOQUE,IMPRUDENCIA DEL CONDUCTOR,2,1,-12.118225,-76.977132
A-2023-06-124,2023-06-07,2023,MIERCOLES,10:45,10,LIMA,CHORRILLOS,URBANA,AVENIDA,ATROPELLO,NEGLIGENCIA DEL CONDUCTOR,1,0,-12.181346,-77.012327
A-2023-06-125,2023-06-08,2023,JUEVES,05:00,5,LIMA,SAN MARTIN DE PORRES,URBANA,AVENIDA,DESPISTE,EN PROCESO DE INVESTIGACIÓN,1,0,-12.016621,-77.077946
A-2023-06-126,2023-06-08,2023,JUEVES,08:30,8,LIMA,MIRAFLORES,URBANA,AVENIDA,ATROPELLO,IMPRUDENCIA DEL CONDUCTOR,1,0,-12.129914,-77.023709
A-2023-06-86,2023-06-08,2023,JUEVES,18:30,18,CALLAO,CALLAO,URBANA,CARRETERA,ATROPELLO,IMPRUDENCIA DEL PEATÓN,1,0,-12.044616,-77.126587
A-2023-06-127,2023-06-09,2023,VIERNES,16:50,16,LIMA,JESUS MARIA,URBANA,AVENIDA,CHOQUE,EN PROCESO DE INVESTIGACIÓN,2,0,-12.074223,-77.052937
A-2023-06-131,2023-06-10,2023,SABADO,20:40,20,LIMA,ATE,URBANA,CARRETERA,ATROPELLO FUGA,EN PROCESO DE INVESTIGACIÓN,1,0,-12.009093,-76.864798
A-2023-06-129,2023-06-10,2023,SABADO,23:30,23,LIMA,ANCON,RURAL,CARRETERA,ATROPELLO,IMPRUDENCIA DEL PEATÓN,1,0,-11.806201,-77.134166
A-2023-06-128,2023-06-10,2023,SABADO,07:10,7,LIMA,SAN BORJA,URBANA,AVENIDA,CHOQUE,EN PROCESO DE INVESTIGACIÓN,1,1,-12.087255,-76.996145
A-2023-06-132,2023-06-11,2023,DOMINGO,05:20,5,LIMA,SURQUILLO,URBANA,AVENIDA,VOLCADURA,EN PROCESO DE INVESTIGACIÓN,1,0,-12.109287,-77.025994
A-2023-06-84,2023-06-11,2023,DOMINGO,10:00,10,CALLAO,CALLAO,URBANA,AVENIDA,CHOQUE,IMPRUDENCIA DEL CONDUCTOR,1,0,-12.014298,-77.104826
A-2023-06-133,2023-06-12,2023,LUNES,00:30,0,LIMA,CHACLACAYO,URBANA,CARRETERA,ATROPELLO,IMPRUDENCIA DEL PEATÓN,1,0,-11.982035,-76.797168
A-2023-06-135,2023-06-12,2023,LUNES,06:30,6,LIMA,LIMA,URBANA,AVENIDA,CAÍDA DE PASAJERO,EN PROCESO DE INVESTIGACIÓN,1,0,-12.044265,-77.042792
A-2023-06-134,2023-06-12,2023,LUNES,20:30,20,LIMA,SAN MARTIN DE PORRES,URBANA,CARRETERA,ATROPELLO,EN PROCESO DE INVESTIGACIÓN,1,0,-12.033849,-77.052185
A-2023-06-92,2023-06-13,2023,MARTES,09:00,9,CALLAO,CALLAO,URBANA,CARRETERA,CHOQUE,EN PROCESO DE INVESTIGACIÓN,1,0,-11.946975,-77.131583
A-2023-06-136,2023-06-13,2023,MARTES,15:40,15,LIMA,SAN JUAN DE MIRAFLORES,URBANA,AVENIDA,VOLCADURA,IMPRUDENCIA DEL CONDUCTOR,1,0,-12.179933,-76.976636
A-2023-06-137,2023-06-13,2023,MARTES,21:00,21,LIMA,SAN JUAN DE LURIGANCHO,URBANA,AVENIDA,ATROPELLO,IMPRUDENCIA DEL PEATÓN,1,0,-11.955659,-76.99171
A-2023-06-190,2023-06-14,2023,MIERCOLES,15:15,15,CALLAO,CALLAO,URBANA,AVENIDA,ATROPELLO,IMPRUDENCIA DEL CONDUCTOR,1,0,-12.013131,-77.097647
A-2023-06-138,2023-06-16,2023,VIERNES,20:30,20,LIMA,SANTIAGO DE SURCO,URBANA,CARRETERA,ATROPELLO FUGA,EN PROCESO DE INVESTIGACIÓN,1,0,-12.119468,-76.977189
A-2023-06-139,2023-06-17,2023,SABADO,00:30,0,LIMA,LURIN,URBANA,CARRETERA,ATROPELLO FUGA,EN PROCESO DE INVESTIGACIÓN,1,0,-12.292872,-76.863096
A-2023-06-153,2023-06-17,2023,SABADO,01:30,1,LIMA,ATE,URBANA,CARRETERA,ATROPELLO,EN PROCESO DE INVESTIGACIÓN,1,0,-12.009901,-76.869318
A-2023-06-140,2023-06-17,2023,SABADO,09:00,9,LIMA,MIRAFLORES,URBANA,AVENIDA,ATROPELLO,EN PROCESO DE INVESTIGACIÓN,1,0,-12.115356,-77.029577
A-2023-06-141,2023-06-18,2023,DOMINGO,06:00,6,LIMA,ATE,URBANA,CARRETERA,ATROPELLO FUGA,EN PROCESO DE INVESTIGACIÓN,1,0,-12.00829,-76.860486
A-2023-06-154,2023-06-19,2023,LUNES,17:20,17,CALLAO,CALLAO,URBANA,AVENIDA,ATROPELLO,IMPRUDENCIA DEL CONDUCTOR,1,0,-11.997618,-77.11476
A-2023-06-144,2023-06-19,2023,LUNES,22:00,22,LIMA,SAN MARTIN DE PORRES,URBANA,CARRETERA,ATROPELLO FUGA,EN PROCESO DE INVESTIGACIÓN,1,0,-12.025267,-77.058607
A-2023-06-142,2023-06-19,2023,LUNES,03:15,3,LIMA,LOS OLIVOS,URBANA,AVENIDA,CHOQUE,EN PROCESO DE INVESTIGACIÓN,1,0,-11.980066,-77.072331
A-2023-06-143,2023-06-19,2023,LUNES,16:50,16,LIMA,LURIGANCHO,URBANA,CALLE,VOLCADURA,EN PROCESO DE INVESTIGACIÓN,1,1,-11.937547,-76.701752
A-2023-06-146,2023-06-22,2023,JUEVES,08:45,8,LIMA,INDEPENDENCIA,URBANA,AVENIDA,ATROPELLO,EN PROCESO DE INVESTIGACIÓN,1,0,-12.007867,-77.058374
A-2023-06-145,2023-06-22,2023,JUEVES,06:00,6,LIMA,VILLA EL SALVADOR,URBANA,AVENIDA,VOLCADURA,IMPRUDENCIA DEL CONDUCTOR,1,1,-12.195138,-76.934819
A-2023-06-85,2023-06-23,2023,VIERNES,10:00,10,CALLAO,CALLAO,URBANA,AVENIDA,CHOQUE,EN PROCESO DE INVESTIGACIÓN,1,0,-12.053512,-77.098003
A-2023-06-172,2023-06-23,2023,VIERNES,23:30,23,LIMA,LURIN,URBANA,AVENIDA,DESPISTE,IMPRUDENCIA DEL CONDUCTOR,1,0,-12.256879,-76.888211
A-2023-06-195,2023-06-23,2023,VIERNES,23:30,23,LIMA,LURIN,URBANA,AVENIDA,DESPISTE,IMPRUDENCIA DEL CONDUCTOR,1,0,-12.256869,-76.888208
A-2023-06-189,2023-06-25,2023,DOMINGO,18:40,18,CALLAO,CALLAO,URBANA,AVENIDA,ATROPELLO FUGA,EN PROCESO DE INVESTIGACIÓN,1,0,-12.019394,-77.101179
A-2023-06-148,2023-06-26,2023,LUNES,05:50,5,LIMA,INDEPENDENCIA,URBANA,CARRETERA,CHOQUE,EN PROCESO DE INVESTIGACIÓN,1,0,-11.979265,-77.065758
A-2023-06-149,2023-06-27,2023,MARTES,05:50,5,LIMA,PUNTA HERMOSA,RURAL,CARRETERA,ATROPELLO FUGA,IMPRUDENCIA DEL PEATÓN,1,0,-12.32425,-76.826043
A-2023-06-150,2023-06-28,2023,MIERCOLES,07:00,7,LIMA,CARABAYLLO,URBANA,AVENIDA,CHOQUE,EN PROCESO DE INVESTIGACIÓN,1,0,-11.847752,-77.001702
A-2023-06-151,2023-06-29,2023,JUEVES,05:30,5,LIMA,SANTA ANITA,URBANA,CARRETERA,CHOQUE,EN PROCESO DE INVESTIGACIÓN,1,1,-12.053487,-76.975512
A-2023-06-152,2023-06-30,2023,VIERNES,19:30,19,LIMA,CHORRILLOS,URBANA,AVENIDA,CHOQUE CON OBJETO FIJO,EN PROCESO DE INVESTIGACIÓN,1,0,-12.186744,-76.996391
A-2023-07-123,2023-07-01,2023,SABADO,05:30,5,LIMA,VILLA MARIA DEL TRIUNFO,RURAL,AVENIDA,ATROPELLO FUGA,EN PROCESO DE INVESTIGACIÓN,1,0,-12.174064,-76.915775
A-2023-07-124,2023-07-01,2023,SABADO,10:40,10,LIMA,SAN MIGUEL,URBANA,AVENIDA,ATROPELLO,EN PROCESO DE INVESTIGACIÓN,1,0,-12.089212,-77.085388
A-2023-07-136,2023-07-01,2023,SABADO,22:30,22,LIMA,SANTIAGO DE SURCO,URBANA,CARRETERA,ATROPELLO,EN PROCESO DE INVESTIGACIÓN,1,0,-12.111455,-76.978276
A-2023-07-125,2023-07-02,2023,DOMINGO,02:30,2,LIMA,LOS OLIVOS,URBANA,CALLE,CHOQUE CON OBJETO FIJO,EN PROCESO DE INVESTIGACIÓN,1,0,-12.005211,-77.080525
A-2023-07-127,2023-07-02,2023,DOMINGO,23:00,23,LIMA,ATE,URBANA,CARRETERA,ATROPELLO,IMPRUDENCIA DEL PEATÓN,1,0,-12.017291,-76.897926
A-2023-07-126,2023-07-02,2023,DOMINGO,23:30,23,LIMA,LURIN,RURAL,CARRETERA,ATROPELLO FUGA,EN PROCESO DE INVESTIGACIÓN,1,0,-12.257933,-76.918722
A-2023-07-128,2023-07-04,2023,MARTES,18:30,18,LIMA,CHORRILLOS,URBANA,AVENIDA,ATROPELLO,IMPRUDENCIA DEL PEATÓN,1,0,-12.199046,-76.997328
A-2023-07-129,2023-07-05,2023,MIERCOLES,10:40,10,LIMA,LA VICTORIA,URBANA,JIRÓN,ATROPELLO,EN PROCESO DE INVESTIGACIÓN,1,0,-12.057923,-77.017266
A-2023-07-131,2023-07-06,2023,JUEVES,17:00,17,LIMA,RIMAC,URBANA,AVENIDA,ATROPELLO,EN PROCESO DE INVESTIGACIÓN,1,1,-12.015058,-77.051829
A-2023-07-130,2023-07-06,2023,JUEVES,05:50,5,LIMA,CARABAYLLO,URBANA,AVENIDA,ATROPELLO,EN PROCESO DE INVESTIGACIÓN,1,0,-11.871983,-77.014637
A-2023-07-132,2023-07-08,2023,SABADO,21:30,21,LIMA,SAN JUAN DE LURIGANCHO,URBANA,AVENIDA,VOLCADURA,EN PROCESO DE INVESTIGACIÓN,1,0,-12.017513,-77.002146
A-2023-07-133,2023-07-09,2023,DOMINGO,01:30,1,LIMA,SAN JUAN DE LURIGANCHO,URBANA,AVENIDA,ATROPELLO,IMPRUDENCIA DEL CONDUCTOR,1,0,-12.008243,-77.010526
A-2023-07-134,2023-07-09,2023,DOMINGO,07:45,7,LIMA,COMAS,URBANA,AVENIDA,DESPISTE,EN PROCESO DE INVESTIGACIÓN,5,28,-11.912797,-77.003386
A-2023-07-135,2023-07-12,2023,MIERCOLES,02:45,2,LIMA,INDEPENDENCIA,URBANA,CARRETERA,DESPISTE,EN PROCESO DE INVESTIGACIÓN,1,1,-11.981025,-77.0655
A-2023-07-137,2023-07-12,2023,MIERCOLES,20:30,20,LIMA,VILLA EL SALVADOR,URBANA,AVENIDA,DESPISTE,EN PROCESO DE INVESTIGACIÓN,1,0,-12.239763,-76.912121
A-2023-07-138,2023-07-13,2023,JUEVES,00:40,0,LIMA,CARABAYLLO,URBANA,AVENIDA,CHOQUE FUGA,EN PROCESO DE INVESTIGACIÓN,1,0,-11.862191,-77.055853
A-2023-07-139,2023-07-13,2023,JUEVES,22:10,22,LIMA,VILLA MARIA DEL TRIUNFO,URBANA,AVENIDA,ATROPELLO,IMPRUDENCIA DEL CONDUCTOR,1,0,-12.221187,-76.920329
A-2023-07-140,2023-07-14,2023,VIERNES,09:20,9,LIMA,LIMA,URBANA,AVENIDA,CHOQUE,IMPRUDENCIA DEL CONDUCTOR,1,0,-12.067462,-77.077704
A-2023-07-141,2023-07-16,2023,DOMINGO,03:50,3,LIMA,LIMA,URBANA,AVENIDA,CHOQUE,EN PROCESO DE INVESTIGACIÓN,1,0,-12.054118,-77.061616
A-2023-07-142,2023-07-18,2023,MARTES,14:30,14,LIMA,SAN MARTIN DE PORRES,URBANA,AVENIDA,ATROPELLO,EN PROCESO DE INVESTIGACIÓN,1,0,-12.030474,-77.089722
A-2023-07-143,2023-07-21,2023,VIERNES,05:50,5,LIMA,PACHACAMAC,URBANA,AVENIDA,CHOQUE,EN PROCESO DE INVESTIGACIÓN,1,0,-12.115918,-76.87326
A-2023-07-144,2023-07-22,2023,SABADO,19:30,19,LIMA,PUNTA NEGRA,URBANA,CARRETERA,ATROPELLO,IMPRUDENCIA DEL PEATÓN,1,0,-12.368523,-76.787539
A-2023-07-145,2023-07-22,2023,SABADO,20:30,20,LIMA,CARABAYLLO,URBANA,AVENIDA,ATROPELLO,EN PROCESO DE INVESTIGACIÓN,1,0,-11.879289,-77.019163
A-2023-07-146,2023-07-22,2023,SABADO,21:10,21,LIMA,LA MOLINA,URBANA,AVENIDA,CHOQUE,EN PROCESO DE INVESTIGACIÓN,1,0,-12.076043,-76.961934
A-2023-07-147,2023-07-23,2023,DOMINGO,04:40,4,LIMA,INDEPENDENCIA,URBANA,CARRETERA,ATROPELLO,EN PROCESO DE INVESTIGACIÓN,1,0,-12.00245,-77.062072
A-2023-07-148,2023-07-25,2023,MARTES,14:00,14,LIMA,EL AGUSTINO,URBANA,CARRETERA,DESPISTE,EN PROCESO DE INVESTIGACIÓN,1,0,-12.030258,-76.993936
A-2023-07-149,2023-07-25,2023,MARTES,14:30,14,LIMA,CHORRILLOS,URBANA,AVENIDA,ATROPELLO,EN PROCESO DE INVESTIGACIÓN,1,0,-12.192791,-77.01958
A-2023-07-90,2023-07-26,2023,MIERCOLES,22:00,22,CALLAO,CALLAO,URBANA,AVENIDA,CHOQUE,EN PROCESO DE INVESTIGACIÓN,1,0,-12.048719,-77.103841
A-2023-07-150,2023-07-26,2023,MIERCOLES,07:40,7,LIMA,CARABAYLLO,URBANA,AVENIDA,CHOQUE,EN PROCESO DE INVESTIGACIÓN,1,0,-11.885952,-77.035176
A-2023-07-152,2023-07-27,2023,JUEVES,11:10,11,LIMA,SAN JUAN DE MIRAFLORES,URBANA,CARRETERA,DESPISTE,EN PROCESO DE INVESTIGACIÓN,1,0,-12.192105,-76.97263
A-2023-07-151,2023-07-27,2023,JUEVES,11:30,11,LIMA,CARABAYLLO,URBANA,CALLE,ATROPELLO FUGA,EN PROCESO DE INVESTIGACIÓN,1,0,-11.881944,-77.051944
A-2023-07-153,2023-07-29,2023,SABADO,06:00,6,LIMA,VILLA EL SALVADOR,URBANA,AVENIDA,ATROPELLO FUGA,EN PROCESO DE INVESTIGACIÓN,1,0,-12.1963,-76.953513
A-2023-07-154,2023-07-29,2023,SABADO,22:30,22,LIMA,SANTIAGO DE SURCO,URBANA,CARRETERA,CHOQUE,EN PROCESO DE INVESTIGACIÓN,2,0,-12.091023,-76.980921
A-2023-08-85,2023-08-01,2023,MARTES,11:10,11,LIMA,COMAS,URBANA,AVENIDA,CHOQUE,EN PROCESO DE INVESTIGACIÓN,1,0,-11.911112,-77.045611
A-2023-08-86,2023-08-04,2023,VIERNES,06:40,6,LIMA,VILLA EL SALVADOR,URBANA,AVENIDA,CHOQUE,IMPRUDENCIA DEL CONDUCTOR,1,0,-12.195136,-76.934833
A-2023-08-151,2023-08-05,2023,SABADO,10:00,10,CALLAO,CALLAO,URBANA,AVENIDA,ATROPELLO,IMPRUDENCIA DEL PEATÓN,1,0,-12.055657,-77.12197
A-2023-08-89,2023-08-06,2023,DOMINGO,20:20,20,LIMA,ATE,URBANA,AVENIDA,ATROPELLO,EN PROCESO DE INVESTIGACIÓN,1,0,-12.05378,-76.962278
A-2023-08-87,2023-08-07,2023,LUNES,00:45,0,LIMA,LOS OLIVOS,URBANA,CARRETERA,ATROPELLO FUGA,EN PROCESO DE INVESTIGACIÓN,1,0,-11.938314,-77.071641
A-2023-08-88,2023-08-07,2023,LUNES,06:50,6,LIMA,LURIN,RURAL,CARRETERA,ATROPELLO,EN PROCESO DE INVESTIGACIÓN,1,0,-12.254212,-76.924951
A-2023-08-90,2023-08-07,2023,LUNES,22:20,22,LIMA,LIMA,URBANA,AVENIDA,VOLCADURA,EN PROCESO DE INVESTIGACIÓN,1,1,-12.064086,-77.035995
A-2023-08-91,2023-08-09,2023,MIERCOLES,16:15,16,LIMA,LA VICTORIA,URBANA,AVENIDA,CHOQUE,IMPRUDENCIA DEL CONDUCTOR,1,0,-12.065918,-77.028947
A-2023-08-92,2023-08-09,2023,MIERCOLES,19:10,19,LIMA,CARABAYLLO,URBANA,AVENIDA,ATROPELLO,EN PROCESO DE INVESTIGACIÓN,1,0,-11.880959,-77.023938
A-2023-08-93,2023-08-11,2023,VIERNES,09:25,9,LIMA,BREÑA,URBANA,AVENIDA,ATROPELLO,EN PROCESO DE INVESTIGACIÓN,1,0,-12.06113,-77.058926
A-2023-08-94,2023-08-13,2023,DOMINGO,05:00,5,LIMA,ATE,URBANA,CARRETERA,CHOQUE,EN PROCESO DE INVESTIGACIÓN,1,0,-12.011613,-76.876304
A-2023-08-95,2023-08-14,2023,LUNES,06:00,6,LIMA,LA VICTORIA,URBANA,JIRÓN,ATROPELLO,EN PROCESO DE INVESTIGACIÓN,1,0,-12.060712,-77.026471
A-2023-08-96,2023-08-14,2023,LUNES,23:30,23,LIMA,VILLA MARIA DEL TRIUNFO,URBANA,AVENIDA,CHOQUE,EN PROCESO DE INVESTIGACIÓN,1,0,-12.196764,-76.931028
A-2023-08-97,2023-08-16,2023,MIERCOLES,15:40,15,LIMA,EL AGUSTINO,URBANA,CARRETERA,CHOQUE,EN PROCESO DE INVESTIGACIÓN,1,0,-12.032796,-77.006868
A-2023-08-98,2023-08-17,2023,JUEVES,11:45,11,LIMA,CHORRILLOS,URBANA,AVENIDA,ATROPELLO,EN PROCESO DE INVESTIGACIÓN,1,0,-12.169081,-77.024167
A-2023-08-118,2023-08-18,2023,VIERNES,06:45,6,CALLAO,CALLAO,URBANA,AVENIDA,ATROPELLO,IMPRUDENCIA DEL CONDUCTOR,1,0,-12.064152,-77.138998
A-2023-08-99,2023-08-18,2023,VIERNES,21:30,21,LIMA,LURIN,URBANA,AVENIDA,DESPISTE,EN PROCESO DE INVESTIGACIÓN,1,0,-12.30409,-76.843166
A-2023-08-166,2023-08-19,2023,SABADO,07:00,7,LIMA,LOS OLIVOS,URBANA,AVENIDA,CHOQUE,IMPRUDENCIA DEL CONDUCTOR,1,0,-11.983155,-77.07966
A-2023-08-100,2023-08-20,2023,DOMINGO,15:30,15,LIMA,ATE,URBANA,AVENIDA,ATROPELLO FUGA,EN PROCESO DE INVESTIGACIÓN,1,0,-12.025649,-76.909206
A-2023-08-167,2023-08-20,2023,DOMINGO,17:40,17,LIMA,SAN JUAN DE LURIGANCHO,URBANA,AVENIDA,ATROPELLO,IMPRUDENCIA DEL CONDUCTOR,1,0,-12.001227,-77.008447
A-2023-08-101,2023-08-22,2023,MARTES,15:40,15,LIMA,CHORRILLOS,URBANA,AVENIDA,ATROPELLO,EN PROCESO DE INVESTIGACIÓN,1,0,-12.188185,-76.982713
A-2023-08-102,2023-08-23,2023,MIERCOLES,06:30,6,LIMA,CHORRILLOS,URBANA,AVENIDA,CHOQUE,EN PROCESO DE INVESTIGACIÓN,1,0,-12.189115,-77.007243
A-2023-08-103,2023-08-24,2023,JUEVES,07:50,7,LIMA,COMAS,URBANA,AVENIDA,ATROPELLO,EN PROCESO DE INVESTIGACIÓN,1,1,-11.939304,-77.058972
A-2023-08-105,2023-08-24,2023,JUEVES,15:00,15,LIMA,RIMAC,URBANA,AVENIDA,ATROPELLO,EN PROCESO DE INVESTIGACIÓN,1,0,-12.027004,-77.033364
A-2023-08-104,2023-08-24,2023,JUEVES,23:00,23,LIMA,PUNTA HERMOSA,URBANA,AVENIDA,DESPISTE,IMPRUDENCIA DEL CONDUCTOR,1,0,-12.309412,-76.837385
A-2023-08-152,2023-08-26,2023,SABADO,19:30,19,CALLAO,LA PERLA,URBANA,AVENIDA,ATROPELLO,IMPRUDENCIA DEL PEATÓN,1,0,-12.064181,-77.112175
A-2023-08-106,2023-08-27,2023,DOMINGO,02:30,2,LIMA,PUENTE PIEDRA,URBANA,AVENIDA,CHOQUE,EN PROCESO DE INVESTIGACIÓN,1,3,-11.857518,-77.068218
A-2023-08-107,2023-08-27,2023,DOMINGO,07:46,7,LIMA,ATE,URBANA,CARRETERA,DESPISTE,EN PROCESO DE INVESTIGACIÓN,1,4,-12.010752,-76.873678
A-2023-08-108,2023-08-27,2023,DOMINGO,17:45,17,LIMA,ATE,URBANA,AVENIDA,DESPISTE,EN PROCESO DE INVESTIGACIÓN,1,3,-12.014827,-76.839189
A-2023-08-109,2023-08-28,2023,LUNES,08:40,8,LIMA,SAN MARTIN DE PORRES,URBANA,AVENIDA,ATROPELLO,EN PROCESO DE INVESTIGACIÓN,1,0,-12.031866,-77.075928
A-2023-08-111,2023-08-28,2023,LUNES,20:50,20,LIMA,SAN MARTIN DE PORRES,URBANA,AVENIDA,ATROPELLO FUGA,EN PROCESO DE INVESTIGACIÓN,1,0,-11.986178,-77.083027
A-2023-08-110,2023-08-28,2023,LUNES,08:30,8,LIMA,ATE,URBANA,AVENIDA,ATROPELLO,EN PROCESO DE INVESTIGACIÓN,1,0,-12.063144,-76.982736
A-2023-08-112,2023-08-28,2023,LUNES,22:30,22,LIMA,PACHACAMAC,URBANA,AVENIDA,CHOQUE,EN PROCESO DE INVESTIGACIÓN,1,1,-12.123208,-76.872355
A-2023-08-113,2023-08-29,2023,MARTES,19:30,19,LIMA,VILLA EL SALVADOR,URBANA,CARRETERA,ATROPELLO FUGA,EN PROCESO DE INVESTIGACIÓN,1,0,-12.192909,-76.972506
A-2023-08-114,2023-08-30,2023,MIERCOLES,20:07,20,LIMA,SAN BORJA,URBANA,AVENIDA,ATROPELLO,EN PROCESO DE INVESTIGACIÓN,1,0,-12.087517,-76.996552
A-2023-08-115,2023-08-31,2023,JUEVES,02:30,2,LIMA,PUENTE PIEDRA,URBANA,CARRETERA,ATROPELLO,EN PROCESO DE INVESTIGACIÓN,2,1,-11.866991,-77.072848
A-2023-08-116,2023-08-31,2023,JUEVES,18:30,18,LIMA,COMAS,URBANA,AVENIDA,ATROPELLO FUGA,EN PROCESO DE INVESTIGACIÓN,1,0,-11.941286,-77.050191
A-2023-08-117,2023-08-31,2023,JUEVES,23:20,23,LIMA,CHACLACAYO,URBANA,CARRETERA,DESPISTE,EN PROCESO DE INVESTIGACIÓN,1,1,-11.981428,-76.794622
A-2023-09-84,2023-09-02,2023,SABADO,01:45,1,LIMA,SAN BORJA,URBANA,AVENIDA,DESPISTE,EN PROCESO DE INVESTIGACIÓN,1,0,-12.088408,-77.005192
A-2023-09-85,2023-09-02,2023,SABADO,20:56,20,LIMA,CARABAYLLO,URBANA,AVENIDA,ATROPELLO,EN PROCESO DE INVESTIGACIÓN,1,0,-11.864544,-77.015862
A-2023-09-121,2023-09-08,2023,VIERNES,18:00,18,LIMA,VILLA EL SALVADOR,URBANA,AVENIDA,CHOQUE,IMPRUDENCIA DEL CONDUCTOR,1,0,-12.215459,-76.928899
A-2023-09-122,2023-09-08,2023,VIERNES,23:50,23,LIMA,MIRAFLORES,URBANA,AVENIDA,ATROPELLO,IMPRUDENCIA DEL PEATÓN,1,0,-12.126279,-77.0181
A-2023-09-120,2023-09-08,2023,VIERNES,11:00,11,LIMA,SAN MARTIN DE PORRES,URBANA,AVENIDA,CHOQUE,EN PROCESO DE INVESTIGACIÓN,1,0,-12.031116,-77.084069
A-2023-09-124,2023-09-09,2023,SABADO,06:30,6,LIMA,SAN JUAN DE MIRAFLORES,URBANA,CARRETERA,CHOQUE,IMPRUDENCIA DEL CONDUCTOR,1,0,-12.188189,-76.973693
A-2023-09-125,2023-09-10,2023,DOMINGO,18:20,18,LIMA,BREÑA,URBANA,JIRÓN,ATROPELLO,IMPRUDENCIA DEL CONDUCTOR,1,0,-12.059287,-77.046118
A-2023-09-123,2023-09-11,2023,LUNES,03:40,3,LIMA,PUENTE PIEDRA,URBANA,CARRETERA,ATROPELLO,IMPRUDENCIA DEL CONDUCTOR,2,0,-11.85077,-77.091966
A-2023-09-126,2023-09-13,2023,MIERCOLES,00:30,0,LIMA,RIMAC,URBANA,CARRETERA,ATROPELLO,EN PROCESO DE INVESTIGACIÓN,1,0,-12.043066,-77.022819
A-2023-09-127,2023-09-14,2023,JUEVES,09:00,9,LIMA,PUNTA NEGRA,RURAL,CARRETERA,CHOQUE,IMPRUDENCIA DEL CONDUCTOR,1,23,-12.355944,-76.800663
A-2023-09-128,2023-09-14,2023,JUEVES,18:00,18,LIMA,LURIGANCHO,URBANA,AVENIDA,CHOQUE,EN PROCESO DE INVESTIGACIÓN,1,2,-11.949391,-76.721626
A-2023-09-129,2023-09-15,2023,VIERNES,19:40,19,LIMA,SAN LUIS,URBANA,AVENIDA,CHOQUE FUGA,EN PROCESO DE INVESTIGACIÓN,3,0,-12.06851,-76.991952
A-2023-09-131,2023-09-16,2023,SABADO,17:30,17,LIMA,ATE,URBANA,CARRETERA,ATROPELLO,IMPRUDENCIA DEL PEATÓN,1,0,-12.017053,-76.892538
A-2023-09-132,2023-09-16,2023,SABADO,19:50,19,LIMA,SAN BORJA,URBANA,CARRETERA,CHOQUE,EN PROCESO DE INVESTIGACIÓN,1,0,-12.10124,-76.979505
A-2023-09-130,2023-09-16,2023,SABADO,01:40,1,LIMA,SAN BORJA,URBANA,CARRETERA,CHOQUE,IMPRUDENCIA DEL CONDUCTOR,1,0,-12.102801,-76.979275
A-2023-09-133,2023-09-19,2023,MARTES,06:00,6,LIMA,LIMA,URBANA,JIRÓN,CHOQUE,IMPRUDENCIA DEL CONDUCTOR,1,0,-12.051125,-77.032111
A-2023-09-134,2023-09-19,2023,MARTES,08:00,8,LIMA,SAN JUAN DE MIRAFLORES,URBANA,CARRETERA,CAÍDA DE PASAJERO,EN PROCESO DE INVESTIGACIÓN,1,0,-12.144557,-76.981742
A-2023-09-135,2023-09-21,2023,JUEVES,11:20,11,LIMA,SAN JUAN DE LURIGANCHO,URBANA,CARRETERA,ATROPELLO,IMPRUDENCIA DEL PEATÓN,1,0,-12.023776,-76.961846
A-2023-09-137,2023-09-22,2023,VIERNES,09:45,9,LIMA,LIMA,URBANA,CARRETERA,CHOQUE,IMPRUDENCIA DEL CONDUCTOR,1,1,-12.03497,-77.01011
A-2023-09-136,2023-09-24,2023,DOMINGO,02:00,2,LIMA,SANTA ANITA,URBANA,AVENIDA,ATROPELLO FUGA,EN PROCESO DE INVESTIGACIÓN,1,0,-12.040663,-76.981613
A-2023-09-138,2023-09-26,2023,MARTES,01:30,1,LIMA,RIMAC,URBANA,CARRETERA,VOLCADURA,IMPRUDENCIA DEL CONDUCTOR,1,0,-12.042437,-77.030604
A-2023-09-139,2023-09-26,2023,MARTES,19:25,19,LIMA,ANCON,URBANA,CARRETERA,ATROPELLO,EN PROCESO DE INVESTIGACIÓN,1,1,-11.769943,-77.158992
A-2023-09-140,2023-09-27,2023,MIERCOLES,18:30,18,LIMA,SANTA ANITA,URBANA,AVENIDA,CHOQUE,EN PROCESO DE INVESTIGACIÓN,1,0,-12.036634,-76.951394
A-2023-09-141,2023-09-27,2023,MIERCOLES,06:30,6,LIMA,COMAS,URBANA,CALLE,CHOQUE,EN PROCESO DE INVESTIGACIÓN,1,1,-11.95252,-77.053178
A-2023-09-184,2023-09-28,2023,JUEVES,12:00,12,LIMA,CIENEGUILLA,URBANA,AVENIDA,CHOQUE CON OBJETO FIJO,EN PROCESO DE INVESTIGACIÓN,1,0,-12.081339,-76.745271
A-2023-09-142,2023-09-28,2023,JUEVES,19:30,19,LIMA,CHACLACAYO,URBANA,CARRETERA,ATROPELLO FUGA,EN PROCESO DE INVESTIGACIÓN,1,0,-11.992203,-76.825113
A-2023-09-145,2023-09-28,2023,JUEVES,21:00,21,LIMA,CIENEGUILLA,RURAL,AVENIDA,CHOQUE CON OBJETO FIJO,EN PROCESO DE INVESTIGACIÓN,1,0,-12.090602,-76.774986
A-2023-09-144,2023-09-29,2023,VIERNES,05:30,5,LIMA,ANCON,RURAL,CARRETERA,ATROPELLO FUGA,EN PROCESO DE INVESTIGACIÓN,1,0,-11.792218,-77.147074
A-2023-09-183,2023-09-29,2023,VIERNES,05:30,5,LIMA,ANCON,RURAL,CARRETERA,ATROPELLO FUGA,IMPRUDENCIA DEL CONDUCTOR,1,0,-11.793869,-77.145334
A-2023-09-146,2023-09-29,2023,VIERNES,22:40,22,LIMA,LURIGANCHO,URBANA,AVENIDA,CHOQUE,EN PROCESO DE INVESTIGACIÓN,1,0,-11.998501,-76.926843
A-2023-09-147,2023-09-30,2023,SABADO,19:45,19,LIMA,SAN MIGUEL,URBANA,AVENIDA,CHOQUE,EN PROCESO DE INVESTIGACIÓN,1,1,-12.075371,-77.097669
A-2023-10-95,2023-10-02,2023,LUNES,12:35,12,LIMA,LURIGANCHO,URBANA,AVENIDA,ATROPELLO,IMPRUDENCIA DEL CONDUCTOR,1,0,-12.002625,-76.867139
A-2023-10-96,2023-10-02,2023,LUNES,19:00,19,LIMA,INDEPENDENCIA,URBANA,AVENIDA,DESPISTE,EN PROCESO DE INVESTIGACIÓN,1,0,-11.993224,-77.056841
A-2023-10-97,2023-10-04,2023,MIERCOLES,10:48,10,LIMA,ATE,URBANA,AVENIDA,ATROPELLO FUGA,EN PROCESO DE INVESTIGACIÓN,1,0,-12.026819,-76.949776
A-2023-10-180,2023-10-04,2023,MIERCOLES,10:48,10,LIMA,ATE,URBANA,AVENIDA,ATROPELLO FUGA,IMPRUDENCIA DEL CONDUCTOR,1,0,-12.026901,-76.950119
A-2023-10-179,2023-10-05,2023,JUEVES,07:30,7,LIMA,CARABAYLLO,URBANA,AVENIDA,ATROPELLO,EN PROCESO DE INVESTIGACIÓN,1,0,-11.831418,-77.068651
A-2023-10-98,2023-10-06,2023,VIERNES,04:20,4,LIMA,COMAS,URBANA,AVENIDA,ATROPELLO,EN PROCESO DE INVESTIGACIÓN,1,0,-11.922112,-77.042188
A-2023-10-140,2023-10-07,2023,SABADO,18:00,18,CALLAO,BELLAVISTA,URBANA,AVENIDA,CHOQUE,IMPRUDENCIA DEL CONDUCTOR,1,0,-12.065724,-77.121431
A-2023-10-9,2023-10-07,2023,SABADO,19:00,19,CALLAO,VENTANILLA,URBANA,AVENIDA,ATROPELLO,IMPRUDENCIA DEL CONDUCTOR,1,0,-11.877218,-77.1166
A-2023-10-100,2023-10-09,2023,LUNES,14:10,14,LIMA,LA VICTORIA,URBANA,AVENIDA,ATROPELLO,EN PROCESO DE INVESTIGACIÓN,1,0,-12.062443,-77.012803
A-2023-10-99,2023-10-09,2023,LUNES,18:35,18,LIMA,SANTA ROSA,RURAL,AVENIDA,ATROPELLO,EN PROCESO DE INVESTIGACIÓN,1,0,-11.796321,-77.164889
A-2023-10-101,2023-10-09,2023,LUNES,19:30,19,LIMA,SAN JUAN DE LURIGANCHO,URBANA,CARRETERA,ATROPELLO,IMPRUDENCIA DEL PEATÓN,1,0,-12.020497,-76.952664
A-2023-10-102,2023-10-10,2023,MARTES,15:45,15,LIMA,MAGDALENA DEL MAR,URBANA,AVENIDA,ATROPELLO,IMPRUDENCIA DEL PEATÓN,1,0,-12.091434,-77.067241
A-2023-10-103,2023-10-11,2023,MIERCOLES,23:00,23,LIMA,SANTA ANITA,URBANA,AVENIDA,ATROPELLO,EN PROCESO DE INVESTIGACIÓN,1,0,-12.035806,-76.949062
A-2023-10-104,2023-10-12,2023,JUEVES,06:45,6,LIMA,LURIGANCHO,RURAL,AUTOPISTA,CHOQUE,EN PROCESO DE INVESTIGACIÓN,1,0,-12.011469,-76.891962
A-2023-10-105,2023-10-12,2023,JUEVES,14:00,14,LIMA,SAN MARTIN DE PORRES,URBANA,AVENIDA,ATROPELLO,EN PROCESO DE INVESTIGACIÓN,1,0,-11.991134,-77.107395
A-2023-10-106,2023-10-12,2023,JUEVES,20:15,20,LIMA,LURIN,URBANA,CARRETERA,ATROPELLO FUGA,EN PROCESO DE INVESTIGACIÓN,1,0,-12.264034,-76.881188
A-2023-10-107,2023-10-13,2023,VIERNES,03:55,3,LIMA,VILLA MARIA DEL TRIUNFO,URBANA,AVENIDA,ATROPELLO,EN PROCESO DE INVESTIGACIÓN,1,1,-12.16713,-76.951653
A-2023-10-11,2023-10-14,2023,SABADO,04:20,4,CALLAO,CALLAO,URBANA,CARRETERA,ATROPELLO,IMPRUDENCIA DEL PEATÓN,1,0,-11.950778,-77.131543
A-2023-10-108,2023-10-15,2023,DOMINGO,07:50,7,LIMA,VILLA MARIA DEL TRIUNFO,URBANA,AVENIDA,ATROPELLO,IMPRUDENCIA DEL CONDUCTOR,1,1,-12.227607,-76.909093
A-2023-10-109,2023-10-15,2023,DOMINGO,11:00,11,LIMA,LINCE,URBANA,AVENIDA,ATROPELLO,IMPRUDENCIA DEL CONDUCTOR,1,0,-12.087763,-77.031986
A-2023-10-111,2023-10-15,2023,DOMINGO,21:45,21,LIMA,CHACLACAYO,URBANA,AVENIDA,DESPISTE,EN PROCESO DE INVESTIGACIÓN,1,0,-11.979874,-76.774688
A-2023-10-112,2023-10-15,2023,DOMINGO,20:05,20,LIMA,SANTIAGO DE SURCO,URBANA,AVENIDA,CHOQUE,IMPRUDENCIA DEL CONDUCTOR,1,0,-12.098597,-76.977765
A-2023-10-114,2023-10-16,2023,LUNES,12:00,12,LIMA,VILLA EL SALVADOR,URBANA,CALLE,ATROPELLO,IMPRUDENCIA DEL CONDUCTOR,1,0,-12.194571,-76.961047
A-2023-10-113,2023-10-16,2023,LUNES,10:20,10,LIMA,ANCON,RURAL,CARRETERA,ATROPELLO,EN PROCESO DE INVESTIGACIÓN,1,0,-11.771752,-77.159192
A-2023-10-115,2023-10-18,2023,MIERCOLES,07:40,7,LIMA,SAN JUAN DE LURIGANCHO,URBANA,AVENIDA,DESPISTE,IMPRUDENCIA DEL CONDUCTOR,1,8,-11.972142,-76.996599
A-2023-10-116,2023-10-18,2023,MIERCOLES,19:40,19,LIMA,LA MOLINA,URBANA,CARRETERA,ATROPELLO FUGA,EN PROCESO DE INVESTIGACIÓN,1,0,-12.074148,-76.974351
A-2023-10-139,2023-10-18,2023,MIERCOLES,20:15,20,CALLAO,CALLAO,URBANA,AVENIDA,CHOQUE,IMPRUDENCIA DEL CONDUCTOR,1,0,-11.982337,-77.117745
A-2023-10-117,2023-10-19,2023,JUEVES,06:00,6,LIMA,INDEPENDENCIA,URBANA,CARRETERA,DESPISTE,EN PROCESO DE INVESTIGACIÓN,1,0,-11.993519,-77.063545
A-2023-10-118,2023-10-21,2023,SABADO,17:35,17,LIMA,COMAS,URBANA,AVENIDA,VOLCADURA,EN PROCESO DE INVESTIGACIÓN,1,0,-11.942349,-77.060345
A-2023-10-119,2023-10-22,2023,DOMINGO,02:10,2,LIMA,SAN MARTIN DE PORRES,URBANA,AVENIDA,DESPISTE,EN PROCESO DE INVESTIGACIÓN,1,0,-11.994584,-77.109694
A-2023-10-120,2023-10-22,2023,DOMINGO,05:50,5,LIMA,PUNTA NEGRA,RURAL,CARRETERA,DESPISTE,EN PROCESO DE INVESTIGACIÓN,1,0,-12.349599,-76.807167
A-2023-10-121,2023-10-22,2023,DOMINGO,12:40,12,LIMA,CHORRILLOS,URBANA,CARRETERA,CHOQUE,EN PROCESO DE INVESTIGACIÓN,2,0,-12.209975,-76.975538
A-2023-10-124,2023-10-23,2023,LUNES,07:00,7,LIMA,LURIN,RURAL,CARRETERA,CHOQUE,EN PROCESO DE INVESTIGACIÓN,1,0,-12.276582,-76.889057
A-2023-10-125,2023-10-24,2023,MARTES,07:00,7,LIMA,LURIN,RURAL,CARRETERA,CHOQUE,EN PROCESO DE INVESTIGACIÓN,2,0,-12.262158,-76.912015
A-2023-10-128,2023-10-25,2023,MIERCOLES,00:23,0,LIMA,SURQUILLO,URBANA,AVENIDA,ATROPELLO,EN PROCESO DE INVESTIGACIÓN,1,0,-12.112737,-77.013696
A-2023-10-122,2023-10-25,2023,MIERCOLES,02:40,2,LIMA,LOS OLIVOS,URBANA,CARRETERA,ATROPELLO FUGA,EN PROCESO DE INVESTIGACIÓN,1,0,-11.943828,-77.071162
A-2023-10-127,2023-10-26,2023,JUEVES,05:45,5,LIMA,SAN LUIS,URBANA,AVENIDA,ATROPELLO,EN PROCESO DE INVESTIGACIÓN,1,0,-12.070043,-76.994928
A-2023-10-123,2023-10-27,2023,VIERNES,01:30,1,LIMA,LOS OLIVOS,URBANA,CARRETERA,ATROPELLO FUGA,EN PROCESO DE INVESTIGACIÓN,1,0,-11.937121,-77.071794
A-2023-10-126,2023-10-27,2023,VIERNES,06:30,6,LIMA,SAN MARTIN DE PORRES,URBANA,AVENIDA,ATROPELLO,EN PROCESO DE INVESTIGACIÓN,1,0,-11.993802,-77.083867
A-2023-10-130,2023-10-28,2023,SABADO,04:30,4,LIMA,EL AGUSTINO,URBANA,AVENIDA,ATROPELLO FUGA,EN PROCESO DE INVESTIGACIÓN,1,0,-12.043439,-76.986029
A-2023-10-129,2023-10-28,2023,SABADO,02:00,2,LIMA,LURIGANCHO,URBANA,CARRETERA,ATROPELLO,EN PROCESO DE INVESTIGACIÓN,1,2,-12.021163,-76.929768
A-2023-10-93,2023-10-29,2023,DOMINGO,12:10,12,LIMA,CARABAYLLO,URBANA,AVENIDA,ATROPELLO,EN PROCESO DE INVESTIGACIÓN,1,0,-11.892299,-77.028136
A-2023-10-131,2023-10-29,2023,DOMINGO,00:40,0,LIMA,ATE,URBANA,CARRETERA,ATROPELLO,EN PROCESO DE INVESTIGACIÓN,1,0,-12.00698,-76.853398
A-2023-10-132,2023-10-29,2023,DOMINGO,06:10,6,LIMA,RIMAC,URBANA,CARRETERA,CHOQUE,EN PROCESO DE INVESTIGACIÓN,1,0,-12.03665,-77.043149
A-2023-11-105,2023-11-01,2023,MIERCOLES,05:20,5,LIMA,LOS OLIVOS,URBANA,AVENIDA,ATROPELLO,EN PROCESO DE INVESTIGACIÓN,1,0,-11.962977,-77.063205
A-2023-11-106,2023-11-01,2023,MIERCOLES,19:00,19,LIMA,CHORRILLOS,URBANA,VIA EXPRESA,ESPECIAL,EN PROCESO DE INVESTIGACIÓN,1,0,-12.16949,-77.036358
A-2023-11-107,2023-11-02,2023,JUEVES,04:40,4,LIMA,SAN MARTIN DE PORRES,URBANA,AVENIDA,ATROPELLO,EN PROCESO DE INVESTIGACIÓN,1,0,-12.032259,-77.064231
A-2023-11-108,2023-11-02,2023,JUEVES,05:00,5,LIMA,SAN JUAN DE LURIGANCHO,URBANA,AVENIDA,ATROPELLO,EN PROCESO DE INVESTIGACIÓN,1,0,-12.025764,-77.010106
A-2023-11-109,2023-11-02,2023,JUEVES,11:45,11,LIMA,SAN BARTOLO,URBANA,CARRETERA,ATROPELLO FUGA,EN PROCESO DE INVESTIGACIÓN,1,0,-12.381164,-76.774431
A-2023-11-111,2023-11-02,2023,JUEVES,17:40,17,LIMA,SAN JUAN DE LURIGANCHO,URBANA,AVENIDA,CHOQUE,EN PROCESO DE INVESTIGACIÓN,1,0,-12.017964,-77.001801
A-2023-11-110,2023-11-02,2023,JUEVES,19:45,19,LIMA,ATE,URBANA,CARRETERA,ATROPELLO,EN PROCESO DE INVESTIGACIÓN,1,0,-12.009693,-76.868245
A-2023-11-112,2023-11-03,2023,VIERNES,03:06,3,LIMA,RIMAC,URBANA,CARRETERA,ATROPELLO,EN PROCESO DE INVESTIGACIÓN,1,0,-12.041256,-77.033037
A-2023-11-113,2023-11-05,2023,DOMINGO,06:30,6,LIMA,COMAS,URBANA,AVENIDA,CHOQUE,EN PROCESO DE INVESTIGACIÓN,1,0,-11.925777,-77.052068
A-2023-11-114,2023-11-06,2023,LUNES,05:40,5,LIMA,SAN MARTIN DE PORRES,URBANA,AVENIDA,ATROPELLO,EN PROCESO DE INVESTIGACIÓN,1,0,-12.026837,-77.055216
A-2023-11-115,2023-11-08,2023,MIERCOLES,12:00,12,LIMA,LA VICTORIA,URBANA,JIRÓN,ATROPELLO,EN PROCESO DE INVESTIGACIÓN,1,0,-12.060993,-77.023028
A-2023-11-116,2023-11-09,2023,JUEVES,17:40,17,LIMA,CARABAYLLO,URBANA,CARRETERA,CHOQUE FUGA,EN PROCESO DE INVESTIGACIÓN,1,0,-11.834638,-76.999715
A-2023-11-117,2023-11-11,2023,SABADO,22:10,22,LIMA,CARABAYLLO,RURAL,CARRETERA,CHOQUE,EN PROCESO DE INVESTIGACIÓN,1,0,-11.793955,-76.982986
A-2023-11-118,2023-11-12,2023,DOMINGO,10:20,10,LIMA,SANTIAGO DE SURCO,URBANA,AVENIDA,ATROPELLO,EN PROCESO DE INVESTIGACIÓN,1,0,-12.149217,-76.983871
A-2023-11-119,2023-11-12,2023,DOMINGO,20:20,20,LIMA,LURIN,RURAL,CARRETERA,ATROPELLO FUGA,EN PROCESO DE INVESTIGACIÓN,1,0,-12.30567,-76.838985
A-2023-11-177,2023-11-14,2023,MARTES,20:45,20,LIMA,SAN MARTIN DE PORRES,URBANA,CARRETERA,CHOQUE,EN PROCESO DE INVESTIGACIÓN,1,0,-12.035383,-77.047746
A-2023-11-123,2023-11-15,2023,MIERCOLES,17:10,17,LIMA,SAN JUAN DE LURIGANCHO,URBANA,CARRETERA,DESPISTE,EN PROCESO DE INVESTIGACIÓN,1,0,-12.020908,-76.954216
A-2023-11-121,2023-11-15,2023,MIERCOLES,11:40,11,LIMA,SAN JUAN DE LURIGANCHO,URBANA,CALLE,ESPECIAL,EN PROCESO DE INVESTIGACIÓN,1,0,-11.970466,-76.994393
A-2023-11-122,2023-11-15,2023,MIERCOLES,07:20,7,LIMA,CARABAYLLO,URBANA,AVENIDA,ATROPELLO,EN PROCESO DE INVESTIGACIÓN,1,0,-11.873748,-77.023482
A-2023-11-120,2023-11-15,2023,MIERCOLES,06:15,6,LIMA,LOS OLIVOS,URBANA,AVENIDA,ATROPELLO,EN PROCESO DE INVESTIGACIÓN,1,0,-11.970781,-77.072545
A-2023-11-149,2023-11-16,2023,JUEVES,12:10,12,CALLAO,CALLAO,URBANA,AVENIDA,ATROPELLO,IMPRUDENCIA DEL PEATÓN,1,1,-12.019166,-77.100873
A-2023-11-124,2023-11-18,2023,SABADO,00:20,0,LIMA,INDEPENDENCIA,URBANA,CARRETERA,DESPISTE,EN PROCESO DE INVESTIGACIÓN,1,0,-11.99914,-77.06266
A-2023-11-125,2023-11-18,2023,SABADO,07:10,7,LIMA,SAN JUAN DE LURIGANCHO,URBANA,CALLE,DESPISTE,EN PROCESO DE INVESTIGACIÓN,1,1,-11.968445,-76.969751
A-2023-11-126,2023-11-19,2023,DOMINGO,05:30,5,LIMA,SAN JUAN DE MIRAFLORES,URBANA,CARRETERA,ATROPELLO FUGA,EN PROCESO DE INVESTIGACIÓN,1,0,-12.179902,-76.976303
A-2023-11-127,2023-11-19,2023,DOMINGO,14:15,14,LIMA,ANCON,URBANA,CARRETERA,ATROPELLO,EN PROCESO DE INVESTIGACIÓN,1,0,-11.734519,-77.136116
A-2023-11-128,2023-11-20,2023,LUNES,17:20,17,LIMA,LURIN,URBANA,CARRETERA,CHOQUE,EN PROCESO DE INVESTIGACIÓN,2,0,-12.300015,-76.849084
A-2023-11-129,2023-11-21,2023,MARTES,03:10,3,LIMA,SAN MARTIN DE PORRES,URBANA,CARRETERA,ATROPELLO,EN PROCESO DE INVESTIGACIÓN,1,0,-12.024616,-77.05868
A-2023-11-130,2023-11-22,2023,MIERCOLES,23:30,23,LIMA,PUENTE PIEDRA,URBANA,CARRETERA,CHOQUE,EN PROCESO DE INVESTIGACIÓN,1,0,-11.886005,-77.068534
A-2023-11-131,2023-11-24,2023,VIERNES,12:45,12,LIMA,PUENTE PIEDRA,URBANA,AVENIDA,ATROPELLO FUGA,EN PROCESO DE INVESTIGACIÓN,1,0,-11.828855,-77.110221
A-2023-11-132,2023-11-25,2023,SABADO,01:30,1,LIMA,PUNTA NEGRA,RURAL,CARRETERA,ATROPELLO FUGA,EN PROCESO DE INVESTIGACIÓN,1,0,-12.363711,-76.792523
A-2023-11-189,2023-11-25,2023,SABADO,08:40,8,LIMA,VILLA MARIA DEL TRIUNFO,URBANA,AVENIDA,ATROPELLO,EN PROCESO DE INVESTIGACIÓN,1,0,-12.148134,-76.934364
A-2023-11-133,2023-11-26,2023,DOMINGO,00:30,0,LIMA,LURIN,URBANA,CARRETERA,ATROPELLO FUGA,EN PROCESO DE INVESTIGACIÓN,1,0,-12.297378,-76.8552
A-2023-11-135,2023-11-27,2023,LUNES,17:45,17,LIMA,LOS OLIVOS,URBANA,AVENIDA,ATROPELLO,EN PROCESO DE INVESTIGACIÓN,1,0,-11.978307,-77.075836
A-2023-11-137,2023-11-27,2023,LUNES,20:20,20,LIMA,CHORRILLOS,URBANA,CARRETERA,CHOQUE,EN PROCESO DE INVESTIGACIÓN,1,0,-12.222561,-76.974531
A-2023-11-136,2023-11-27,2023,LUNES,20:30,20,LIMA,COMAS,URBANA,AVENIDA,DESPISTE,EN PROCESO DE INVESTIGACIÓN,1,6,-11.928319,-77.055793
A-2023-11-134,2023-11-27,2023,LUNES,21:10,21,LIMA,PUNTA NEGRA,RURAL,CARRETERA,ATROPELLO FUGA,EN PROCESO DE INVESTIGACIÓN,1,0,-12.368539,-76.787526
A-2023-11-138,2023-11-28,2023,MARTES,04:40,4,LIMA,RIMAC,URBANA,CARRETERA,ATROPELLO FUGA,EN PROCESO DE INVESTIGACIÓN,1,0,-12.041966,-77.019987
A-2023-11-150,2023-11-29,2023,MIERCOLES,10:30,10,CALLAO,VENTANILLA,URBANA,CARRETERA,CHOQUE,IMPERICIA DEL CONDUCTOR,1,0,-11.825042,-77.122957
A-2023-12-88,2023-12-02,2023,SABADO,16:30,16,LIMA,PUENTE PIEDRA,URBANA,AVENIDA,DESPISTE,EN PROCESO DE INVESTIGACIÓN,1,0,-11.821835,-77.10314
A-2023-12-89,2023-12-02,2023,SABADO,19:20,19,LIMA,CARABAYLLO,URBANA,CARRETERA,ATROPELLO,EN PROCESO DE INVESTIGACIÓN,1,0,-11.890262,-77.044164
A-2023-12-90,2023-12-04,2023,LUNES,00:23,0,LIMA,COMAS,URBANA,AVENIDA,DESPISTE,EN PROCESO DE INVESTIGACIÓN,1,0,-11.907972,-77.043855
A-2023-12-91,2023-12-04,2023,LUNES,02:30,2,LIMA,LOS OLIVOS,URBANA,CARRETERA,ATROPELLO,EN PROCESO DE INVESTIGACIÓN,1,0,-11.96652,-77.067755
A-2023-12-92,2023-12-04,2023,LUNES,18:30,18,LIMA,ATE,URBANA,CARRETERA,ATROPELLO,EN PROCESO DE INVESTIGACIÓN,1,0,-12.006244,-76.848847
A-2023-12-146,2023-12-06,2023,MIERCOLES,12:30,12,CALLAO,BELLAVISTA,URBANA,AVENIDA,ATROPELLO,IMPRUDENCIA DEL CONDUCTOR,1,0,-12.054971,-77.104626
A-2023-12-95,2023-12-06,2023,MIERCOLES,17:00,17,LIMA,ATE,URBANA,OTRO,ATROPELLO FUGA,EN PROCESO DE INVESTIGACIÓN,1,0,-12.014912,-76.886645
A-2023-12-93,2023-12-07,2023,JUEVES,23:50,23,LIMA,VILLA EL SALVADOR,RURAL,CARRETERA,ATROPELLO,EN PROCESO DE INVESTIGACIÓN,1,1,-12.229058,-76.968159
A-2023-12-94,2023-12-08,2023,VIERNES,19:15,19,LIMA,LOS OLIVOS,URBANA,CARRETERA,CHOQUE,EN PROCESO DE INVESTIGACIÓN,1,0,-11.97016,-77.067188
A-2023-12-96,2023-12-09,2023,SABADO,04:20,4,LIMA,CARABAYLLO,URBANA,AVENIDA,ATROPELLO FUGA,EN PROCESO DE INVESTIGACIÓN,1,0,-11.875339,-77.024592
A-2023-12-97,2023-12-09,2023,SABADO,20:55,20,LIMA,LOS OLIVOS,URBANA,AVENIDA,ATROPELLO,EN PROCESO DE INVESTIGACIÓN,1,0,-11.990637,-77.071753
A-2023-12-98,2023-12-10,2023,DOMINGO,22:40,22,LIMA,LIMA,URBANA,AVENIDA,ATROPELLO,EN PROCESO DE INVESTIGACIÓN,1,0,-12.036368,-77.059542
A-2023-12-99,2023-12-11,2023,LUNES,10:30,10,LIMA,LOS OLIVOS,URBANA,AVENIDA,ATROPELLO,EN PROCESO DE INVESTIGACIÓN,1,0,-11.961251,-77.076348
A-2023-12-100,2023-12-11,2023,LUNES,18:20,18,LIMA,COMAS,URBANA,AVENIDA,ATROPELLO,EN PROCESO DE INVESTIGACIÓN,1,0,-11.940116,-77.059543
A-2023-12-101,2023-12-12,2023,MARTES,10:00,10,LIMA,VILLA MARIA DEL TRIUNFO,URBANA,AVENIDA,ATROPELLO,EN PROCESO DE INVESTIGACIÓN,1,0,-12.142896,-76.953884
A-2023-12-102,2023-12-14,2023,JUEVES,06:30,6,LIMA,LURIN,RURAL,CARRETERA,DESPISTE,EN PROCESO DE INVESTIGACIÓN,3,8,-12.251733,-76.92881
A-2023-12-103,2023-12-14,2023,JUEVES,05:45,5,LIMA,SAN BARTOLO,RURAL,CARRETERA,CHOQUE,EN PROCESO DE INVESTIGACIÓN,2,1,-12.393781,-76.761351
A-2023-12-104,2023-12-17,2023,DOMINGO,07:00,7,LIMA,SAN JUAN DE LURIGANCHO,URBANA,AUTOPISTA,DESPISTE,EN PROCESO DE INVESTIGACIÓN,1,0,-12.020571,-76.957906
A-2023-12-105,2023-12-18,2023,LUNES,08:30,8,LIMA,LIMA,URBANA,JIRÓN,CHOQUE,EN PROCESO DE INVESTIGACIÓN,2,0,-12.079372,-77.033244
A-2023-12-107,2023-12-18,2023,LUNES,16:00,16,LIMA,PUEBLO LIBRE,URBANA,AVENIDA,CHOQUE,EN PROCESO DE INVESTIGACIÓN,1,0,-12.083087,-77.067185
A-2023-12-106,2023-12-18,2023,LUNES,22:15,22,LIMA,SAN MARTIN DE PORRES,URBANA,AVENIDA,ATROPELLO,EN PROCESO DE INVESTIGACIÓN,1,0,-12.003908,-77.083178
A-2023-12-108,2023-12-19,2023,MARTES,18:00,18,LIMA,SAN JUAN DE MIRAFLORES,URBANA,AVENIDA,ATROPELLO,EN PROCESO DE INVESTIGACIÓN,1,0,-12.164657,-76.969219
A-2023-12-109,2023-12-22,2023,VIERNES,17:45,17,LIMA,LIMA,URBANA,AVENIDA,ATROPELLO,EN PROCESO DE INVESTIGACIÓN,1,0,-12.055527,-77.081579
A-2023-12-111,2023-12-23,2023,SABADO,17:30,17,LIMA,SANTA ANITA,URBANA,AVENIDA,ATROPELLO,EN PROCESO DE INVESTIGACIÓN,1,0,-12.04497,-76.974182
A-2023-12-110,2023-12-23,2023,SABADO,04:30,4,LIMA,INDEPENDENCIA,URBANA,CARRETERA,ATROPELLO FUGA,EN PROCESO DE INVESTIGACIÓN,1,0,-11.998718,-77.062731
A-2023-12-112,2023-12-23,2023,SABADO,22:00,22,LIMA,LURIN,RURAL,CARRETERA,CHOQUE,EN PROCESO DE INVESTIGACIÓN,1,0,-12.266209,-76.905593
A-2023-12-147,2023-12-24,2023,DOMINGO,02:30,2,CALLAO,LA PERLA,URBANA,CARRETERA,DESPISTE,IMPRUDENCIA DEL CONDUCTOR,1,1,-12.074029,-77.122524
A-2023-12-113,2023-12-25,2023,LUNES,05:45,5,LIMA,SANTIAGO DE SURCO,URBANA,JIRÓN,DESPISTE,EN PROCESO DE INVESTIGACIÓN,1,0,-12.111643,-76.978317
A-2023-12-164,2023-12-25,2023,LUNES,14:00,14,LIMA,ANCON,RURAL,CARRETERA,DESPISTE,EN PROCESO DE INVESTIGACIÓN,1,1,-11.691091,-77.181353
A-2023-12-114,2023-12-26,2023,MARTES,06:00,6,LIMA,CHORRILLOS,URBANA,VIA EXPRESA,DESPISTE,EN PROCESO DE INVESTIGACIÓN,1,1,-12.162058,-77.025894
A-2023-12-115,2023-12-27,2023,MIERCOLES,16:40,16,LIMA,LOS OLIVOS,URBANA,AVENIDA,CHOQUE,EN PROCESO DE INVESTIGACIÓN,1,1,-11.977052,-77.06362
A-2023-12-116,2023-12-27,2023,MIERCOLES,19:30,19,LIMA,PUNTA HERMOSA,RURAL,CARRETERA,DESPISTE,EN PROCESO DE INVESTIGACIÓN,1,0,-12.316706,-76.831093
A-2023-12-117,2023-12-28,2023,JUEVES,21:10,21,LIMA,SAN BARTOLO,RURAL,CARRETERA,ATROPELLO,EN PROCESO DE INVESTIGACIÓN,1,0,-12.387481,-76.767881
A-2023-12-118,2023-12-29,2023,VIERNES,21:10,21,LIMA,SURQUILLO,URBANA,CALLE,ATROPELLO,EN PROCESO DE INVESTIGACIÓN,1,0,-12.111373,-77.019302
A-2023-12-120,2023-12-30,2023,SABADO,08:30,8,LIMA,LA VICTORIA,URBANA,AVENIDA,ATROPELLO,EN PROCESO DE INVESTIGACIÓN,1,0,-12.061075,-77.023734
A-2023-12-119,2023-12-30,2023,SABADO,11:52,11,LIMA,SAN MIGUEL,URBANA,AVENIDA,CHOQUE,EN PROCESO DE INVESTIGACIÓN,1,0,-12.074717,-77.098978
