codigo_siniestro,fecha,anio,hora,franja_horaria,distrito,zona,tipo_via,clase_siniestro,cantidad_fallecidos,cantidad_lesionados,n_vehiculos,vehiculo_fugado,soat_no_vigente
A-2021-01-248,2021-01-01,2021,05:45,MADRUGADA (00-05),PACHACAMAC,URBANA,AVENIDA,DESPISTE,1,3,1,NO,SI
A-2021-01-254,2021-01-01,2021,14:00,TARDE (12-17),VILLA MARIA DEL TRIUNFO,URBANA,AVENIDA,ATROPELLO,1,1,1,NO,NO
A-2021-01-258,2021-01-03,2021,00:35,MADRUGADA (00-05),VILLA EL SALVADOR,URBANA,CARRETERA,ATROPELLO FUGA,1,0,1,SI,NO
A-2021-01-260,2021-01-04,2021,01:35,MADRUGADA (00-05),ATE,URBANA,AVENIDA,ATROPELLO,1,0,1,NO,NO
A-2021-01-262,2021-01-06,2021,20:40,NOCHE (18-23),CHORRILLOS,URBANA,AVENIDA,CHOQUE,2,0,2,NO,NO
A-2021-01-264,2021-01-09,2021,10:00,MANANA (06-11),SAN JUAN DE LURIGANCHO,URBANA,AVENIDA,DESPISTE,1,0,1,NO,SI
A-2021-01-265,2021-01-11,2021,09:20,MANANA (06-11),VILLA MARIA DEL TRIUNFO,URBANA,AVENIDA,DESPISTE,1,0,1,NO,NO
A-2021-01-267,2021-01-14,2021,01:10,MADRUGADA (00-05),LURIN,URBANA,OTRO,VOLCADURA,1,0,2,NO,NO
A-2021-01-266,2021-01-14,2021,06:00,MANANA (06-11),SANTA ANITA,URBANA,AVENIDA,ATROPELLO,1,0,1,NO,NO
A-2021-01-269,2021-01-16,2021,18:30,NOCHE (18-23),COMAS,URBANA,AVENIDA,DESPISTE,1,1,1,NO,SI
A-2021-01-392,2021-01-16,2021,19:45,NOCHE (18-23),LA PERLA,URBANA,AVENIDA,ATROPELLO,1,1,1,NO,NO
A-2021-01-129,2021-01-17,2021,08:00,MANANA (06-11),CALLAO,URBANA,CARRETERA,CAÍDA DE PASAJERO,1,0,1,NO,NO
A-2021-01-270,2021-01-19,2021,09:30,MANANA (06-11),LURIGANCHO,URBANA,AVENIDA,CHOQUE,1,4,2,NO,NO
A-2021-01-271,2021-01-23,2021,13:00,TARDE (12-17),LOS OLIVOS,URBANA,AVENIDA,ATROPELLO,1,0,1,NO,NO
A-2021-01-272,2021-01-23,2021,17:35,TARDE (12-17),PUENTE PIEDRA,URBANA,CARRETERA,ATROPELLO,1,0,1,NO,NO
A-2021-01-195,2021-01-24,2021,20:10,NOCHE (18-23),VENTANILLA,URBANA,CARRETERA,DESPISTE,1,0,2,NO,NO
A-2021-01-273,2021-01-25,2021,08:00,MANANA (06-11),SAN MARTIN DE PORRES,URBANA,AVENIDA,ATROPELLO FUGA,1,0,1,SI,NO
A-2021-01-274,2021-01-25,2021,11:30,MANANA (06-11),VILLA MARIA DEL TRIUNFO,URBANA,AVENIDA,CHOQUE,1,1,2,NO,NO
A-2021-01-381,2021-01-26,2021,06:50,MANANA (06-11),SAN MARTIN DE PORRES,URBANA,JIRÓN,ATROPELLO,1,0,1,NO,NO
A-2021-01-282,2021-01-28,2021,05:00,MADRUGADA (00-05),COMAS,RURAL,CARRETERA,CHOQUE FUGA,1,1,2,SI,NO
A-2021-01-284,2021-01-28,2021,17:20,TARDE (12-17),CARABAYLLO,URBANA,AVENIDA,CHOQUE,1,0,2,NO,NO
A-2021-01-288,2021-01-29,2021,10:14,MANANA (06-11),SAN JUAN DE LURIGANCHO,URBANA,AVENIDA,CHOQUE,1,0,2,NO,NO
A-2021-01-356,2021-01-30,2021,00:10,MADRUGADA (00-05),LURIGANCHO,URBANA,AVENIDA,ATROPELLO FUGA,1,0,1,SI,NO
A-2021-01-391,2021-01-30,2021,21:10,NOCHE (18-23),CALLAO,URBANA,CARRETERA,CHOQUE,1,1,2,NO,NO
A-2021-02-248,2021-02-01,2021,04:47,MADRUGADA (00-05),SAN ISIDRO,URBANA,AVENIDA,CHOQUE,1,0,2,NO,NO
A-2021-02-251,2021-02-01,2021,07:10,MANANA (06-11),COMAS,URBANA,AVENIDA,CHOQUE,1,0,2,NO,NO
A-2021-02-124,2021-02-08,2021,11:30,MANANA (06-11),SAN JUAN DE LURIGANCHO,URBANA,AVENIDA,CHOQUE,1,0,2,NO,SI
A-2021-02-127,2021-02-08,2021,15:40,TARDE (12-17),EL AGUSTINO,URBANA,AVENIDA,ATROPELLO,1,0,1,NO,NO
A-2021-02-249,2021-02-09,2021,20:00,NOCHE (18-23),SAN JUAN DE MIRAFLORES,URBANA,CARRETERA,ATROPELLO,1,0,1,NO,NO
A-2021-02-250,2021-02-09,2021,21:12,NOCHE (18-23),LA VICTORIA,URBANA,AVENIDA,DESPISTE,1,0,1,NO,NO
A-2021-02-254,2021-02-10,2021,13:00,TARDE (12-17),SURQUILLO,URBANA,AVENIDA,CHOQUE,1,0,2,NO,NO
A-2021-02-252,2021-02-10,2021,15:30,TARDE (12-17),LURIN,URBANA,CARRETERA,DESPISTE,1,0,2,NO,NO
A-2021-02-253,2021-02-10,2021,16:15,TARDE (12-17),SAN LUIS,URBANA,AVENIDA,ATROPELLO,1,0,1,NO,NO
A-2021-02-255,2021-02-12,2021,07:15,MANANA (06-11),SAN MARTIN DE PORRES,URBANA,CARRETERA,ATROPELLO,1,0,1,NO,NO
A-2021-02-244,2021-02-12,2021,11:50,MANANA (06-11),CALLAO,URBANA,AVENIDA,CHOQUE,1,0,2,NO,SI
A-2021-02-258,2021-02-13,2021,08:00,MANANA (06-11),EL AGUSTINO,URBANA,CARRETERA,ATROPELLO,1,0,1,NO,NO
A-2021-02-256,2021-02-13,2021,17:20,TARDE (12-17),VILLA EL SALVADOR,URBANA,AVENIDA,CHOQUE,1,2,2,NO,SI
A-2021-02-259,2021-02-13,2021,18:50,NOCHE (18-23),MIRAFLORES,URBANA,CALLE,VOLCADURA,1,0,1,NO,NO
A-2021-02-257,2021-02-13,2021,20:40,NOCHE (18-23),CARABAYLLO,URBANA,AVENIDA,ATROPELLO FUGA,1,0,1,NO,NO
A-2021-02-261,2021-02-16,2021,08:00,MANANA (06-11),LIMA,URBANA,AVENIDA,CHOQUE,1,0,2,NO,NO
A-2021-02-260,2021-02-16,2021,18:30,NOCHE (18-23),LINCE,URBANA,AVENIDA,CHOQUE,1,0,2,NO,SI
A-2021-02-262,2021-02-17,2021,11:30,MANANA (06-11),RIMAC,URBANA,AVENIDA,ATROPELLO,1,0,1,NO,SI
A-2021-02-264,2021-02-18,2021,15:25,TARDE (12-17),VILLA MARIA DEL TRIUNFO,RURAL,CALLE,CHOQUE CON OBJETO FIJO,1,3,1,NO,SI
A-2021-02-263,2021-02-18,2021,18:00,NOCHE (18-23),RIMAC,URBANA,CARRETERA,ATROPELLO FUGA,1,0,1,SI,NO
A-2021-02-235,2021-02-19,2021,08:30,MANANA (06-11),CALLAO,URBANA,CARRETERA,CHOQUE,1,0,2,NO,NO
A-2021-02-265,2021-02-19,2021,20:20,NOCHE (18-23),LIMA,URBANA,AVENIDA,ATROPELLO,2,0,1,NO,SI
A-2021-02-237,2021-02-21,2021,21:40,NOCHE (18-23),MAGDALENA DEL MAR,URBANA,OTRO,CHOQUE CON OBJETO FIJO,1,0,1,NO,NO
A-2021-02-266,2021-02-22,2021,07:30,MANANA (06-11),INDEPENDENCIA,URBANA,CARRETERA,VOLCADURA,1,0,1,NO,NO
A-2021-02-236,2021-02-23,2021,17:00,TARDE (12-17),CALLAO,URBANA,CARRETERA,DESPISTE,1,0,1,NO,NO
A-2021-02-267,2021-02-23,2021,21:00,NOCHE (18-23),SANTA ANITA,URBANA,CARRETERA,ATROPELLO FUGA,1,0,1,SI,NO
A-2021-02-268,2021-02-24,2021,08:30,MANANA (06-11),RIMAC,URBANA,AVENIDA,CHOQUE,1,0,2,NO,NO
A-2021-02-269,2021-02-26,2021,07:30,MANANA (06-11),SAN JUAN DE MIRAFLORES,URBANA,AVENIDA,ATROPELLO,1,0,1,NO,NO
A-2021-02-270,2021-02-27,2021,12:30,TARDE (12-17),EL AGUSTINO,URBANA,CARRETERA,ATROPELLO,1,0,1,NO,NO
A-2021-02-271,2021-02-27,2021,22:30,NOCHE (18-23),CARABAYLLO,URBANA,JIRÓN,DESPISTE,1,0,1,NO,SI
A-2021-03-69,2021-03-01,2021,08:00,MANANA (06-11),INDEPENDENCIA,URBANA,AVENIDA,CAÍDA DE PASAJERO,1,0,1,NO,NO
A-2021-03-170,2021-03-03,2021,18:00,NOCHE (18-23),SAN JUAN DE LURIGANCHO,URBANA,CARRETERA,ATROPELLO,1,0,1,NO,SI
A-2021-03-171,2021-03-04,2021,20:40,NOCHE (18-23),SAN JUAN DE LURIGANCHO,URBANA,AVENIDA,VOLCADURA,1,0,1,NO,NO
A-2021-03-175,2021-03-05,2021,00:30,MADRUGADA (00-05),SAN MARTIN DE PORRES,URBANA,AVENIDA,DESPISTE,1,0,1,NO,NO
A-2021-03-352,2021-03-05,2021,19:00,NOCHE (18-23),LIMA,URBANA,JIRÓN,ATROPELLO,1,0,1,NO,NO
A-2021-03-201,2021-03-05,2021,21:30,NOCHE (18-23),SAN JUAN DE MIRAFLORES,URBANA,CARRETERA,ATROPELLO,1,0,1,NO,SI
A-2021-03-202,2021-03-06,2021,03:50,MADRUGADA (00-05),COMAS,URBANA,CARRETERA,ATROPELLO,3,0,1,NO,NO
A-2021-03-349,2021-03-07,2021,12:30,TARDE (12-17),SANTA ROSA,URBANA,CARRETERA,CHOQUE CON OBJETO FIJO,1,0,1,NO,NO
A-2021-03-218,2021-03-11,2021,17:40,TARDE (12-17),PUENTE PIEDRA,URBANA,CARRETERA,CHOQUE CON OBJETO FIJO,1,0,1,NO,NO
A-2021-03-221,2021-03-12,2021,16:00,TARDE (12-17),PUEBLO LIBRE,URBANA,AVENIDA,ATROPELLO,1,0,1,NO,SI
A-2021-03-346,2021-03-14,2021,03:00,MADRUGADA (00-05),COMAS,URBANA,CARRETERA,ATROPELLO FUGA,1,0,1,SI,NO
A-2021-03-228,2021-03-16,2021,16:00,TARDE (12-17),INDEPENDENCIA,URBANA,AVENIDA,ATROPELLO FUGA,1,0,1,SI,NO
A-2021-03-311,2021-03-16,2021,17:30,TARDE (12-17),CALLAO,URBANA,AVENIDA,ATROPELLO,1,1,1,NO,NO
A-2021-03-230,2021-03-17,2021,10:30,MANANA (06-11),SAN MARTIN DE PORRES,URBANA,AVENIDA,ATROPELLO,1,0,1,NO,NO
A-2021-03-233,2021-03-17,2021,17:00,TARDE (12-17),PUNTA NEGRA,URBANA,AVENIDA,VOLCADURA,1,0,1,NO,NO
A-2021-03-236,2021-03-19,2021,08:40,MANANA (06-11),SANTIAGO DE SURCO,URBANA,AVENIDA,DESPISTE,1,0,1,NO,NO
A-2021-03-237,2021-03-20,2021,07:00,MANANA (06-11),SAN MARTIN DE PORRES,URBANA,AVENIDA,ATROPELLO,1,0,1,NO,SI
A-2021-03-238,2021-03-20,2021,14:10,TARDE (12-17),EL AGUSTINO,URBANA,CARRETERA,CHOQUE,1,0,2,NO,NO
A-2021-03-326,2021-03-21,2021,12:30,TARDE (12-17),INDEPENDENCIA,URBANA,PASAJE,DESPISTE,1,0,1,NO,NO
A-2021-03-240,2021-03-21,2021,20:00,NOCHE (18-23),SAN MARTIN DE PORRES,URBANA,AVENIDA,ATROPELLO,1,0,1,NO,SI
A-2021-03-243,2021-03-24,2021,09:30,MANANA (06-11),LA MOLINA,RURAL,AVENIDA,CHOQUE,1,0,2,NO,NO
A-2021-03-353,2021-03-24,2021,14:30,TARDE (12-17),LURIGANCHO,URBANA,AVENIDA,ATROPELLO,1,0,1,NO,NO
A-2021-03-354,2021-03-26,2021,03:50,MADRUGADA (00-05),COMAS,URBANA,AVENIDA,DESPISTE,1,0,1,NO,NO
A-2021-03-355,2021-03-26,2021,22:00,NOCHE (18-23),VILLA MARIA DEL TRIUNFO,URBANA,AVENIDA,CHOQUE,1,0,2,NO,NO
A-2021-03-356,2021-03-27,2021,17:00,TARDE (12-17),VILLA EL SALVADOR,URBANA,CARRETERA,CHOQUE,1,2,2,NO,NO
A-2021-03-297,2021-03-27,2021,23:30,NOCHE (18-23),LA PERLA,URBANA,AVENIDA,DESPISTE,1,0,1,NO,NO
A-2021-03-357,2021-03-29,2021,05:50,MADRUGADA (00-05),VILLA EL SALVADOR,URBANA,AVENIDA,CHOQUE,1,2,2,NO,NO
A-2021-03-358,2021-03-29,2021,07:45,MANANA (06-11),CHORRILLOS,URBANA,AVENIDA,CHOQUE,1,0,2,NO,NO
A-2021-03-359,2021-03-29,2021,19:00,NOCHE (18-23),SAN JUAN DE LURIGANCHO,URBANA,AVENIDA,ATROPELLO,1,0,1,NO,SI
A-2021-03-360,2021-03-29,2021,20:00,NOCHE (18-23),COMAS,URBANA,JIRÓN,DESPISTE,1,0,1,NO,SI
A-2021-03-361,2021-03-31,2021,15:45,TARDE (12-17),SAN ISIDRO,URBANA,AVENIDA,ATROPELLO,1,0,1,NO,NO
A-2021-03-299,2021-03-31,2021,21:40,NOCHE (18-23),LURIN,URBANA,AVENIDA,ATROPELLO,1,0,1,NO,NO
A-2021-04-6,2021-04-01,2021,21:40,NOCHE (18-23),VENTANILLA,URBANA,AVENIDA,DESPISTE,2,5,1,NO,NO
A-2021-04-219,2021-04-03,2021,10:30,MANANA (06-11),SAN MARTIN DE PORRES,RURAL,AVENIDA,ATROPELLO,1,0,1,NO,SI
A-2021-04-220,2021-04-06,2021,10:20,MANANA (06-11),EL AGUSTINO,URBANA,AVENIDA,CHOQUE,1,4,3,NO,NO
A-2021-04-221,2021-04-07,2021,17:00,TARDE (12-17),RIMAC,URBANA,AVENIDA,ATROPELLO,1,0,1,NO,NO
A-2021-04-222,2021-04-07,2021,18:00,NOCHE (18-23),LIMA,URBANA,AVENIDA,ATROPELLO FUGA,1,0,1,SI,NO
A-2021-04-232,2021-04-07,2021,18:00,NOCHE (18-23),EL AGUSTINO,URBANA,JIRÓN,ATROPELLO,1,0,1,NO,NO
A-2021-04-231,2021-04-07,2021,21:20,NOCHE (18-23),PUENTE PIEDRA,URBANA,CARRETERA,ATROPELLO,1,0,1,NO,NO
A-2021-04-234,2021-04-09,2021,08:10,MANANA (06-11),SAN MARTIN DE PORRES,URBANA,CARRETERA,DESPISTE,1,0,1,NO,SI
A-2021-04-233,2021-04-09,2021,20:20,NOCHE (18-23),SAN JUAN DE LURIGANCHO,URBANA,AVENIDA,ATROPELLO FUGA,1,0,1,SI,NO
A-2021-04-235,2021-04-10,2021,08:00,MANANA (06-11),COMAS,URBANA,AVENIDA,ATROPELLO,1,0,1,NO,NO
A-2021-04-239,2021-04-10,2021,14:30,TARDE (12-17),LIMA,URBANA,AVENIDA,DESPISTE,1,6,4,NO,NO
A-2021-04-39,2021-04-10,2021,22:30,NOCHE (18-23),MI PERU,URBANA,AVENIDA,CHOQUE,1,2,3,NO,NO
A-2021-04-258,2021-04-11,2021,04:20,MADRUGADA (00-05),LURIN,RURAL,CARRETERA,CHOQUE,1,0,2,SI,NO
A-2021-04-240,2021-04-11,2021,09:40,MANANA (06-11),SAN JUAN DE LURIGANCHO,URBANA,CALLE,ATROPELLO,1,0,1,NO,NO
A-2021-04-241,2021-04-13,2021,21:40,NOCHE (18-23),ATE,URBANA,CARRETERA,ATROPELLO FUGA,1,0,1,SI,NO
A-2021-04-242,2021-04-14,2021,17:40,TARDE (12-17),PUEBLO LIBRE,URBANA,AVENIDA,CHOQUE,1,0,2,NO,NO
A-2021-04-243,2021-04-15,2021,13:00,TARDE (12-17),LURIGANCHO,URBANA,AVENIDA,CHOQUE,1,2,3,NO,NO
A-2021-04-244,2021-04-16,2021,07:20,MANANA (06-11),SAN LUIS,URBANA,AVENIDA,ATROPELLO,1,0,1,NO,NO
A-2021-04-84,2021-04-17,2021,04:45,MADRUGADA (00-05),CALLAO,URBANA,AVENIDA,CHOQUE,1,3,2,NO,NO
A-2021-04-245,2021-04-19,2021,19:45,NOCHE (18-23),SANTIAGO DE SURCO,URBANA,CARRETERA,ATROPELLO,1,0,1,NO,NO
A-2021-04-309,2021-04-21,2021,08:00,MANANA (06-11),CARMEN DE LA LEGUA REYNOSO,URBANA,AVENIDA,ATROPELLO,1,0,1,NO,NO
A-2021-04-246,2021-04-21,2021,10:00,MANANA (06-11),SAN JUAN DE LURIGANCHO,URBANA,AVENIDA,ATROPELLO,1,0,1,NO,NO
A-2021-04-250,2021-04-22,2021,22:00,NOCHE (18-23),SANTIAGO DE SURCO,URBANA,CARRETERA,ATROPELLO,1,0,1,NO,NO
A-2021-04-140,2021-04-25,2021,02:15,MADRUGADA (00-05),CALLAO,URBANA,CARRETERA,ATROPELLO,1,0,1,NO,NO
A-2021-04-141,2021-04-25,2021,22:00,NOCHE (18-23),CALLAO,URBANA,CARRETERA,CHOQUE,1,0,2,NO,NO
A-2021-04-252,2021-04-26,2021,02:00,MADRUGADA (00-05),SAN MARTIN DE PORRES,URBANA,CARRETERA,ATROPELLO FUGA,1,0,1,SI,NO
A-2021-04-310,2021-04-26,2021,07:15,MANANA (06-11),EL AGUSTINO,RURAL,OTRO,ATROPELLO FUGA,1,0,1,NO,NO
A-2021-04-253,2021-04-26,2021,12:00,TARDE (12-17),SAN JUAN DE LURIGANCHO,URBANA,AVENIDA,CHOQUE CON OBJETO FIJO,1,0,1,NO,NO
A-2021-04-254,2021-04-26,2021,18:20,NOCHE (18-23),LOS OLIVOS,URBANA,CARRETERA,ATROPELLO,1,0,1,NO,NO
A-2021-04-255,2021-04-26,2021,19:30,NOCHE (18-23),SAN JUAN DE LURIGANCHO,URBANA,JIRÓN,ATROPELLO,1,0,1,NO,NO
A-2021-04-256,2021-04-26,2021,23:15,NOCHE (18-23),CHACLACAYO,URBANA,CARRETERA,DESPISTE,2,2,2,NO,NO
A-2021-04-259,2021-04-28,2021,04:30,MADRUGADA (00-05),LOS OLIVOS,URBANA,AVENIDA,CHOQUE,1,0,2,NO,NO
A-2021-04-261,2021-04-28,2021,16:30,TARDE (12-17),LURIN,URBANA,CALLE,ATROPELLO,1,0,1,NO,NO
A-2021-04-260,2021-04-29,2021,00:10,MADRUGADA (00-05),LOS OLIVOS,URBANA,AVENIDA,CHOQUE,1,1,2,NO,SI
A-2021-04-200,2021-04-29,2021,16:00,TARDE (12-17),CALLAO,URBANA,CARRETERA,ATROPELLO,1,0,1,NO,NO
A-2021-05-124,2021-05-01,2021,05:30,MADRUGADA (00-05),LURIGANCHO,URBANA,AVENIDA,CHOQUE FUGA,1,0,2,SI,SI
A-2021-05-123,2021-05-01,2021,15:30,TARDE (12-17),COMAS,URBANA,AVENIDA,ATROPELLO,1,0,1,NO,NO
A-2021-05-125,2021-05-02,2021,09:00,MANANA (06-11),LIMA,URBANA,AVENIDA,CHOQUE,1,0,2,NO,NO
A-2021-05-126,2021-05-03,2021,06:00,MANANA (06-11),EL AGUSTINO,URBANA,CARRETERA,ATROPELLO,1,0,1,NO,NO
A-2021-05-127,2021-05-03,2021,15:30,TARDE (12-17),COMAS,URBANA,AVENIDA,ATROPELLO,1,0,1,NO,NO
A-2021-05-128,2021-05-05,2021,21:50,NOCHE (18-23),LIMA,URBANA,AVENIDA,ATROPELLO,1,1,1,NO,SI
A-2021-05-129,2021-05-06,2021,13:45,TARDE (12-17),CHACLACAYO,URBANA,CARRETERA,ATROPELLO,1,0,1,NO,NO
A-2021-05-130,2021-05-09,2021,02:00,MADRUGADA (00-05),SAN JUAN DE MIRAFLORES,URBANA,CARRETERA,ATROPELLO,1,0,1,NO,SI
A-2021-05-131,2021-05-10,2021,22:00,NOCHE (18-23),LOS OLIVOS,URBANA,CARRETERA,ATROPELLO FUGA,1,0,1,SI,NO
A-2021-05-132,2021-05-14,2021,17:45,TARDE (12-17),SANTA ANITA,URBANA,AVENIDA,ATROPELLO,1,0,1,NO,SI
A-2021-05-80,2021-05-17,2021,16:10,TARDE (12-17),VENTANILLA,URBANA,CARRETERA,ATROPELLO,1,0,1,NO,NO
A-2021-05-133,2021-05-18,2021,12:00,TARDE (12-17),ATE,URBANA,CARRETERA,CHOQUE,1,0,2,NO,NO
A-2021-05-134,2021-05-20,2021,07:10,MANANA (06-11),LA MOLINA,URBANA,AVENIDA,VOLCADURA,1,0,1,NO,NO
A-2021-05-116,2021-05-22,2021,21:00,NOCHE (18-23),LA PERLA,URBANA,AVENIDA,DESPISTE,1,0,1,NO,SI
A-2021-05-311,2021-05-26,2021,07:00,MANANA (06-11),LURIN,URBANA,CARRETERA,CHOQUE,1,0,2,NO,SI
A-2021-05-312,2021-05-27,2021,17:40,TARDE (12-17),COMAS,URBANA,AVENIDA,ATROPELLO,1,0,1,NO,NO
A-2021-05-313,2021-05-28,2021,19:00,NOCHE (18-23),LURIN,URBANA,CARRETERA,ATROPELLO,2,0,1,NO,NO
A-2021-05-314,2021-05-29,2021,18:30,NOCHE (18-23),SAN JUAN DE LURIGANCHO,URBANA,CALLE,CHOQUE,1,0,2,NO,SI
A-2021-05-315,2021-05-31,2021,08:20,MANANA (06-11),CHORRILLOS,URBANA,CALLE,ATROPELLO,1,0,1,NO,SI
A-2021-06-100,2021-06-01,2021,08:15,MANANA (06-11),LOS OLIVOS,URBANA,AVENIDA,ATROPELLO,1,0,1,NO,NO
A-2021-06-101,2021-06-01,2021,10:00,MANANA (06-11),PUENTE PIEDRA,URBANA,CARRETERA,ATROPELLO,1,0,1,NO,NO
A-2021-06-102,2021-06-01,2021,21:30,NOCHE (18-23),CHACLACAYO,URBANA,CARRETERA,CHOQUE,1,0,2,NO,NO
A-2021-06-293,2021-06-03,2021,04:40,MADRUGADA (00-05),CARMEN DE LA LEGUA REYNOSO,URBANA,AVENIDA,ATROPELLO FUGA,1,0,1,SI,NO
A-2021-06-103,2021-06-03,2021,13:10,TARDE (12-17),VILLA EL SALVADOR,URBANA,AVENIDA,CHOQUE,1,0,2,NO,NO
A-2021-06-111,2021-06-03,2021,17:00,TARDE (12-17),LIMA,URBANA,JIRÓN,CHOQUE,1,0,2,NO,NO
A-2021-06-112,2021-06-04,2021,08:30,MANANA (06-11),LA MOLINA,URBANA,AVENIDA,ATROPELLO,1,0,1,NO,NO
A-2021-06-271,2021-06-05,2021,19:30,NOCHE (18-23),CALLAO,URBANA,CARRETERA,ATROPELLO,1,0,1,NO,SI
A-2021-06-31,2021-06-06,2021,02:05,MADRUGADA (00-05),MI PERU,URBANA,AVENIDA,DESPISTE,1,1,1,NO,NO
A-2021-06-113,2021-06-06,2021,23:10,NOCHE (18-23),SANTIAGO DE SURCO,URBANA,AVENIDA,VOLCADURA,1,0,1,NO,NO
A-2021-06-114,2021-06-09,2021,10:00,MANANA (06-11),EL AGUSTINO,URBANA,CARRETERA,CHOQUE,1,0,2,NO,NO
A-2021-06-115,2021-06-09,2021,18:45,NOCHE (18-23),PUEBLO LIBRE,URBANA,AVENIDA,ATROPELLO,1,0,1,NO,NO
A-2021-06-74,2021-06-11,2021,09:00,MANANA (06-11),SANTIAGO DE SURCO,URBANA,AVENIDA,CHOQUE,1,0,3,NO,NO
A-2021-06-116,2021-06-15,2021,12:30,TARDE (12-17),VILLA MARIA DEL TRIUNFO,URBANA,AVENIDA,ATROPELLO,1,0,1,NO,NO
A-2021-06-117,2021-06-16,2021,08:00,MANANA (06-11),SAN MARTIN DE PORRES,URBANA,AVENIDA,DESPISTE,1,0,3,NO,SI
A-2021-06-125,2021-06-19,2021,12:50,TARDE (12-17),BARRANCO,URBANA,AVENIDA,CHOQUE,1,0,2,NO,NO
A-2021-06-145,2021-06-19,2021,23:30,NOCHE (18-23),CALLAO,URBANA,CARRETERA,ATROPELLO FUGA,1,0,1,SI,NO
A-2021-06-245,2021-06-21,2021,05:50,MADRUGADA (00-05),LURIN,URBANA,CARRETERA,ATROPELLO FUGA,1,0,1,SI,NO
A-2021-06-246,2021-06-21,2021,12:20,TARDE (12-17),ATE,URBANA,AVENIDA,ATROPELLO,1,0,1,NO,NO
A-2021-06-247,2021-06-21,2021,13:45,TARDE (12-17),VILLA EL SALVADOR,RURAL,AVENIDA,CHOQUE,1,2,2,NO,NO
A-2021-06-249,2021-06-21,2021,22:50,NOCHE (18-23),LURIGANCHO,URBANA,CARRETERA,CHOQUE,1,0,2,NO,NO
A-2021-06-248,2021-06-22,2021,02:30,MADRUGADA (00-05),INDEPENDENCIA,URBANA,CARRETERA,ATROPELLO FUGA,1,0,1,NO,NO
A-2021-06-250,2021-06-22,2021,13:35,TARDE (12-17),LOS OLIVOS,URBANA,AVENIDA,CHOQUE,1,0,2,NO,NO
A-2021-06-251,2021-06-22,2021,21:30,NOCHE (18-23),LURIN,URBANA,AVENIDA,ATROPELLO,1,0,1,NO,NO
A-2021-06-252,2021-06-23,2021,00:50,MADRUGADA (00-05),LOS OLIVOS,URBANA,AVENIDA,DESPISTE,1,1,1,NO,NO
A-2021-06-258,2021-06-23,2021,14:30,TARDE (12-17),ATE,URBANA,AVENIDA,ATROPELLO FUGA,1,0,1,SI,NO
A-2021-06-257,2021-06-23,2021,15:40,TARDE (12-17),LIMA,URBANA,AVENIDA,ATROPELLO FUGA,1,0,1,SI,NO
A-2021-06-259,2021-06-24,2021,18:30,NOCHE (18-23),ATE,URBANA,CALLE,CHOQUE,1,0,2,NO,SI
A-2021-06-294,2021-06-25,2021,05:35,MADRUGADA (00-05),VENTANILLA,URBANA,CARRETERA,CHOQUE,1,0,2,NO,NO
A-2021-06-260,2021-06-25,2021,12:30,TARDE (12-17),RIMAC,URBANA,CARRETERA,ATROPELLO FUGA,1,0,1,SI,NO
A-2021-06-358,2021-06-27,2021,17:30,TARDE (12-17),CALLAO,URBANA,CARRETERA,ATROPELLO FUGA,1,0,1,SI,NO
A-2021-06-199,2021-06-27,2021,20:00,NOCHE (18-23),CALLAO,URBANA,CARRETERA,ATROPELLO FUGA,1,0,1,SI,NO
A-2021-06-261,2021-06-28,2021,09:00,MANANA (06-11),COMAS,URBANA,CARRETERA,CHOQUE,1,2,2,NO,NO
A-2021-06-262,2021-06-28,2021,20:30,NOCHE (18-23),EL AGUSTINO,URBANA,CARRETERA,ATROPELLO FUGA,1,0,1,SI,NO
A-2021-06-263,2021-06-28,2021,23:00,NOCHE (18-23),BREÑA,URBANA,AVENIDA,ATROPELLO,1,0,1,NO,NO
A-2021-06-264,2021-06-29,2021,08:30,MANANA (06-11),SANTA ANITA,URBANA,AVENIDA,ATROPELLO FUGA,1,0,1,SI,NO
A-2021-06-265,2021-06-30,2021,10:30,MANANA (06-11),SAN JUAN DE LURIGANCHO,URBANA,AVENIDA,CHOQUE,1,0,2,NO,NO
A-2021-06-266,2021-06-30,2021,19:15,NOCHE (18-23),LURIN,URBANA,CARRETERA,CHOQUE,1,2,3,NO,SI
A-2021-06-267,2021-06-30,2021,20:20,NOCHE (18-23),COMAS,URBANA,AVENIDA,CHOQUE,1,0,2,NO,SI
A-2021-07-11,2021-07-01,2021,20:30,NOCHE (18-23),SANTIAGO DE SURCO,URBANA,CARRETERA,VOLCADURA,1,0,1,NO,SI
A-2021-07-13,2021-07-02,2021,15:00,TARDE (12-17),CHORRILLOS,URBANA,AVENIDA,CHOQUE,1,1,2,NO,NO
A-2021-07-12,2021-07-02,2021,15:30,TARDE (12-17),LOS OLIVOS,,CARRETERA,ATROPELLO,1,0,1,NO,NO
A-2021-07-14,2021-07-03,2021,01:12,MADRUGADA (00-05),LA VICTORIA,URBANA,AVENIDA,CHOQUE,1,0,2,NO,SI
A-2021-07-15,2021-07-03,2021,19:40,NOCHE (18-23),ATE,URBANA,AVENIDA,CHOQUE,1,2,2,NO,NO
A-2021-07-16,2021-07-03,2021,22:00,NOCHE (18-23),ATE,URBANA,CARRETERA,ATROPELLO,1,0,1,NO,NO
A-2021-07-17,2021-07-04,2021,03:30,MADRUGADA (00-05),SANTIAGO DE SURCO,URBANA,CARRETERA,VOLCADURA,1,0,1,NO,NO
A-2021-07-10,2021-07-04,2021,19:00,NOCHE (18-23),VENTANILLA,URBANA,CARRETERA,ATROPELLO,1,0,2,NO,NO
A-2021-07-21,2021-07-05,2021,17:30,TARDE (12-17),VENTANILLA,URBANA,AVENIDA,DESPISTE,1,2,1,NO,NO
A-2021-07-229,2021-07-05,2021,21:20,NOCHE (18-23),SAN MARTIN DE PORRES,URBANA,AVENIDA,ATROPELLO FUGA,1,0,1,SI,NO
A-2021-07-231,2021-07-06,2021,20:00,NOCHE (18-23),SAN JUAN DE LURIGANCHO,URBANA,AVENIDA,ATROPELLO FUGA,2,0,1,NO,SI
A-2021-07-233,2021-07-07,2021,11:30,MANANA (06-11),COMAS,URBANA,CARRETERA,CHOQUE,1,0,2,NO,NO
A-2021-07-276,2021-07-09,2021,06:35,MANANA (06-11),RIMAC,URBANA,VIA EXPRESA,CHOQUE,1,0,2,NO,NO
A-2021-07-242,2021-07-09,2021,22:30,NOCHE (18-23),SANTIAGO DE SURCO,URBANA,AVENIDA,CHOQUE FUGA,1,0,2,NO,NO
A-2021-07-36,2021-07-10,2021,05:45,MADRUGADA (00-05),CALLAO,URBANA,CARRETERA,CHOQUE,1,0,2,NO,NO
A-2021-07-243,2021-07-11,2021,13:00,TARDE (12-17),RIMAC,URBANA,AVENIDA,DESPISTE,1,0,1,NO,NO
A-2021-07-43,2021-07-11,2021,20:00,NOCHE (18-23),CALLAO,URBANA,CARRETERA,ATROPELLO,1,0,1,NO,NO
A-2021-07-244,2021-07-12,2021,14:30,TARDE (12-17),LIMA,RURAL,AVENIDA,CHOQUE,1,0,3,NO,NO
A-2021-07-245,2021-07-12,2021,19:00,NOCHE (18-23),ATE,URBANA,AVENIDA,ATROPELLO,2,0,1,NO,NO
A-2021-07-246,2021-07-13,2021,07:30,MANANA (06-11),LIMA,URBANA,AVENIDA,ATROPELLO,1,0,1,NO,NO
A-2021-07-71,2021-07-14,2021,18:20,NOCHE (18-23),VENTANILLA,URBANA,CARRETERA,ATROPELLO FUGA,1,0,1,SI,NO
A-2021-07-247,2021-07-14,2021,18:35,NOCHE (18-23),SANTA ANITA,URBANA,AVENIDA,ATROPELLO,1,0,1,NO,NO
A-2021-07-248,2021-07-15,2021,04:30,MADRUGADA (00-05),SAN MARTIN DE PORRES,URBANA,CARRETERA,ATROPELLO,1,0,1,NO,NO
A-2021-07-250,2021-07-16,2021,07:30,MANANA (06-11),SAN MARTIN DE PORRES,URBANA,AVENIDA,CHOQUE,1,0,2,NO,NO
A-2021-07-96,2021-07-16,2021,18:15,NOCHE (18-23),CALLAO,URBANA,CARRETERA,ATROPELLO FUGA,1,0,1,SI,NO
A-2021-07-253,2021-07-17,2021,01:20,MADRUGADA (00-05),VILLA EL SALVADOR,URBANA,AVENIDA,DESPISTE,1,1,1,NO,NO
A-2021-07-274,2021-07-17,2021,19:00,NOCHE (18-23),CALLAO,URBANA,CARRETERA,ATROPELLO FUGA,1,0,1,SI,NO
A-2021-07-254,2021-07-18,2021,19:00,NOCHE (18-23),CARABAYLLO,URBANA,AVENIDA,CHOQUE,1,0,2,NO,NO
A-2021-07-294,2021-07-19,2021,11:00,MANANA (06-11),CALLAO,URBANA,CARRETERA,CAÍDA DE PASAJERO,1,0,1,NO,NO
A-2021-07-255,2021-07-21,2021,10:30,MANANA (06-11),INDEPENDENCIA,URBANA,AVENIDA,ATROPELLO,1,0,1,NO,NO
A-2021-07-256,2021-07-21,2021,13:00,TARDE (12-17),SAN MARTIN DE PORRES,URBANA,CARRETERA,CHOQUE,2,0,2,NO,NO
A-2021-07-275,2021-07-22,2021,04:50,MADRUGADA (00-05),CALLAO,URBANA,CARRETERA,ATROPELLO,1,0,1,NO,NO
A-2021-07-257,2021-07-22,2021,15:30,TARDE (12-17),ATE,URBANA,AVENIDA,ATROPELLO,1,0,1,NO,NO
A-2021-07-258,2021-07-24,2021,07:10,MANANA (06-11),SAN JUAN DE MIRAFLORES,URBANA,CARRETERA,DESPISTE,1,0,1,NO,NO
A-2021-07-259,2021-07-24,2021,16:10,TARDE (12-17),CARABAYLLO,URBANA,CARRETERA,CHOQUE,1,1,2,NO,NO
A-2021-07-124,2021-07-24,2021,21:00,NOCHE (18-23),CALLAO,URBANA,AVENIDA,ATROPELLO,1,0,1,NO,NO
A-2021-07-260,2021-07-26,2021,05:00,MADRUGADA (00-05),LURIN,URBANA,CARRETERA,ATROPELLO FUGA,1,0,1,SI,NO
A-2021-07-261,2021-07-27,2021,00:30,MADRUGADA (00-05),EL AGUSTINO,URBANA,AVENIDA,ATROPELLO,1,0,1,NO,NO
A-2021-07-262,2021-07-28,2021,06:45,MANANA (06-11),SANTIAGO DE SURCO,URBANA,CARRETERA,CHOQUE,1,0,2,NO,NO
A-2021-07-263,2021-07-30,2021,20:30,NOCHE (18-23),SAN MIGUEL,URBANA,AVENIDA,CHOQUE,1,1,2,NO,NO
A-2021-08-215,2021-08-01,2021,19:00,NOCHE (18-23),SAN MARTIN DE PORRES,URBANA,CARRETERA,CHOQUE CON OBJETO FIJO,1,0,1,NO,SI
A-2021-08-220,2021-08-02,2021,19:00,NOCHE (18-23),SAN BARTOLO,URBANA,CARRETERA,DESPISTE,1,0,2,NO,SI
A-2021-08-14,2021-08-03,2021,05:15,MADRUGADA (00-05),VENTANILLA,URBANA,AVENIDA,CHOQUE,1,1,2,NO,NO
A-2021-08-227,2021-08-03,2021,15:00,TARDE (12-17),COMAS,URBANA,AVENIDA,ATROPELLO,1,0,1,NO,NO
A-2021-08-224,2021-08-03,2021,17:00,TARDE (12-17),CARABAYLLO,URBANA,AVENIDA,CHOQUE,1,1,2,NO,SI
A-2021-08-225,2021-08-04,2021,13:00,TARDE (12-17),CHORRILLOS,URBANA,CALLE,ATROPELLO FUGA,1,0,1,NO,SI
A-2021-08-228,2021-08-05,2021,10:30,MANANA (06-11),SAN MARTIN DE PORRES,URBANA,AVENIDA,CHOQUE,1,1,2,NO,NO
A-2021-08-261,2021-08-05,2021,10:31,MANANA (06-11),LA VICTORIA,URBANA,AVENIDA,ATROPELLO,1,0,1,NO,NO
A-2021-08-229,2021-08-07,2021,21:37,NOCHE (18-23),LOS OLIVOS,URBANA,CARRETERA,CHOQUE FUGA,1,0,2,SI,NO
A-2021-08-230,2021-08-10,2021,06:00,MANANA (06-11),SAN MARTIN DE PORRES,URBANA,AVENIDA,ATROPELLO,1,0,1,NO,NO
A-2021-08-231,2021-08-10,2021,07:00,MANANA (06-11),VILLA EL SALVADOR,URBANA,AVENIDA,ATROPELLO,1,0,1,NO,NO
A-2021-08-232,2021-08-10,2021,07:45,MANANA (06-11),CHORRILLOS,URBANA,AVENIDA,ATROPELLO,1,0,1,NO,NO
A-2021-08-234,2021-08-11,2021,09:15,MANANA (06-11),COMAS,URBANA,JIRÓN,CHOQUE,1,0,2,NO,NO
A-2021-08-235,2021-08-13,2021,09:30,MANANA (06-11),LOS OLIVOS,URBANA,AVENIDA,ATROPELLO,1,0,1,NO,NO
A-2021-08-236,2021-08-13,2021,16:30,TARDE (12-17),VILLA EL SALVADOR,URBANA,OTRO,ATROPELLO,1,0,1,NO,NO
A-2021-08-237,2021-08-14,2021,15:30,TARDE (12-17),COMAS,URBANA,AVENIDA,ATROPELLO,1,0,1,NO,NO
A-2021-08-238,2021-08-16,2021,09:40,MANANA (06-11),VILLA EL SALVADOR,URBANA,AVENIDA,ATROPELLO,1,0,1,NO,NO
A-2021-08-332,2021-08-17,2021,08:15,MANANA (06-11),LIMA,URBANA,AVENIDA,CHOQUE FUGA,1,10,2,NO,NO
A-2021-08-239,2021-08-18,2021,09:50,MANANA (06-11),BREÑA,URBANA,AVENIDA,ATROPELLO,1,0,1,NO,SI
A-2021-08-240,2021-08-18,2021,19:53,NOCHE (18-23),ANCON,URBANA,CARRETERA,ATROPELLO FUGA,1,0,1,NO,NO
A-2021-08-242,2021-08-19,2021,13:20,TARDE (12-17),ATE,URBANA,CARRETERA,ESPECIAL,1,0,1,NO,NO
A-2021-08-241,2021-08-20,2021,21:40,NOCHE (18-23),COMAS,URBANA,AVENIDA,ATROPELLO FUGA,1,0,1,SI,NO
A-2021-08-243,2021-08-21,2021,23:00,NOCHE (18-23),CHORRILLOS,URBANA,AVENIDA,ATROPELLO,1,0,1,NO,NO
A-2021-08-244,2021-08-22,2021,04:30,MADRUGADA (00-05),SAN MARTIN DE PORRES,URBANA,AVENIDA,VOLCADURA,1,0,1,NO,NO
A-2021-08-245,2021-08-22,2021,18:15,NOCHE (18-23),SAN BARTOLO,URBANA,CARRETERA,ATROPELLO,1,0,1,NO,NO
A-2021-08-247,2021-08-22,2021,23:45,NOCHE (18-23),SANTIAGO DE SURCO,URBANA,CARRETERA,CHOQUE,1,1,2,NO,NO
A-2021-08-249,2021-08-24,2021,14:00,TARDE (12-17),SAN MARTIN DE PORRES,URBANA,AVENIDA,ATROPELLO,1,0,1,NO,NO
A-2021-08-290,2021-08-24,2021,19:00,NOCHE (18-23),CALLAO,URBANA,CARRETERA,ATROPELLO FUGA,1,0,1,SI,NO
A-2021-08-248,2021-08-24,2021,23:30,NOCHE (18-23),LURIN,URBANA,AVENIDA,ATROPELLO,1,0,2,NO,NO
A-2021-08-250,2021-08-25,2021,12:00,TARDE (12-17),EL AGUSTINO,URBANA,AVENIDA,CHOQUE,1,0,2,NO,NO
A-2021-08-251,2021-08-25,2021,14:30,TARDE (12-17),ANCON,URBANA,CARRETERA,CHOQUE,1,0,2,NO,NO
A-2021-08-253,2021-08-26,2021,19:35,NOCHE (18-23),SAN ISIDRO,URBANA,AVENIDA,CHOQUE,1,0,2,NO,NO
A-2021-08-252,2021-08-29,2021,02:00,MADRUGADA (00-05),RIMAC,URBANA,AVENIDA,DESPISTE,1,0,1,NO,NO
A-2021-08-254,2021-08-29,2021,14:00,TARDE (12-17),SAN MIGUEL,URBANA,AVENIDA,CHOQUE,1,0,2,NO,NO
A-2021-09-51,2021-09-01,2021,17:30,TARDE (12-17),ANCON,URBANA,AVENIDA,ATROPELLO,1,0,1,NO,NO
A-2021-09-52,2021-09-01,2021,17:45,TARDE (12-17),SAN JUAN DE MIRAFLORES,URBANA,AVENIDA,ATROPELLO,1,0,1,NO,NO
A-2021-09-53,2021-09-03,2021,13:40,TARDE (12-17),VILLA EL SALVADOR,URBANA,AVENIDA,ATROPELLO,1,0,1,NO,NO
A-2021-09-54,2021-09-04,2021,16:45,TARDE (12-17),EL AGUSTINO,URBANA,AVENIDA,ATROPELLO,1,0,1,NO,NO
A-2021-09-55,2021-09-05,2021,06:00,MANANA (06-11),LOS OLIVOS,URBANA,AVENIDA,ATROPELLO,1,0,1,NO,SI
A-2021-09-114,2021-09-09,2021,08:50,MANANA (06-11),EL AGUSTINO,URBANA,AVENIDA,ATROPELLO,1,0,1,NO,NO
A-2021-09-118,2021-09-11,2021,17:40,TARDE (12-17),CHACLACAYO,URBANA,CARRETERA,ESPECIAL,1,0,1,NO,SI
A-2021-09-119,2021-09-12,2021,19:58,NOCHE (18-23),VILLA EL SALVADOR,URBANA,AVENIDA,CHOQUE,1,0,2,NO,NO
A-2021-09-121,2021-09-14,2021,21:00,NOCHE (18-23),LOS OLIVOS,URBANA,CARRETERA,DESPISTE,1,0,1,NO,NO
A-2021-09-124,2021-09-15,2021,06:40,MANANA (06-11),MIRAFLORES,URBANA,AVENIDA,ATROPELLO,1,0,1,NO,NO
A-2021-09-126,2021-09-19,2021,09:00,MANANA (06-11),VILLA EL SALVADOR,URBANA,AVENIDA,ATROPELLO,1,0,1,NO,NO
A-2021-09-127,2021-09-20,2021,23:30,NOCHE (18-23),RIMAC,URBANA,AVENIDA,VOLCADURA,1,0,1,NO,SI
A-2021-09-133,2021-09-23,2021,12:15,TARDE (12-17),SAN JUAN DE MIRAFLORES,URBANA,CARRETERA,CHOQUE CON OBJETO FIJO,1,0,1,NO,NO
A-2021-09-135,2021-09-24,2021,12:20,TARDE (12-17),VILLA EL SALVADOR,URBANA,AVENIDA,CHOQUE,1,0,2,NO,NO
A-2021-09-154,2021-09-25,2021,06:00,MANANA (06-11),LIMA,URBANA,AVENIDA,DESPISTE,1,0,1,NO,NO
A-2021-09-156,2021-09-27,2021,18:00,NOCHE (18-23),LURIN,URBANA,AVENIDA,ATROPELLO,1,0,1,NO,NO
A-2021-09-155,2021-09-27,2021,20:30,NOCHE (18-23),BREÑA,URBANA,AVENIDA,ATROPELLO,1,0,1,NO,NO
A-2021-09-222,2021-09-29,2021,09:30,MANANA (06-11),SAN JUAN DE LURIGANCHO,URBANA,AVENIDA,ATROPELLO,1,0,1,NO,NO
A-2021-09-224,2021-09-29,2021,12:00,TARDE (12-17),LIMA,URBANA,AVENIDA,ATROPELLO,1,0,1,NO,SI
A-2021-09-223,2021-09-29,2021,20:00,NOCHE (18-23),LURIN,URBANA,AVENIDA,CHOQUE,1,0,2,NO,NO
A-2021-09-226,2021-09-30,2021,00:48,MADRUGADA (00-05),COMAS,URBANA,AVENIDA,CHOQUE CON OBJETO FIJO,1,1,1,NO,NO
A-2021-10-40,2021-10-01,2021,19:30,NOCHE (18-23),SAN JUAN DE LURIGANCHO,URBANA,AVENIDA,ATROPELLO FUGA,1,0,1,SI,NO
A-2021-10-41,2021-10-03,2021,12:40,TARDE (12-17),SAN MARTIN DE PORRES,URBANA,AVENIDA,DESPISTE,1,1,1,NO,SI
A-2021-10-42,2021-10-05,2021,14:30,TARDE (12-17),INDEPENDENCIA,URBANA,AVENIDA,ATROPELLO,1,0,1,NO,SI
A-2021-10-43,2021-10-06,2021,17:30,TARDE (12-17),SANTIAGO DE SURCO,URBANA,CARRETERA,ATROPELLO,1,0,1,NO,SI
A-2021-10-49,2021-10-07,2021,16:15,TARDE (12-17),BARRANCO,URBANA,AVENIDA,CHOQUE CON OBJETO FIJO,1,0,1,NO,SI
A-2021-10-50,2021-10-07,2021,19:20,NOCHE (18-23),VILLA EL SALVADOR,URBANA,AVENIDA,VOLCADURA,1,0,1,NO,SI
A-2021-10-51,2021-10-07,2021,19:30,NOCHE (18-23),SANTIAGO DE SURCO,URBANA,CARRETERA,CHOQUE CON OBJETO FIJO,1,0,1,NO,NO
A-2021-10-52,2021-10-08,2021,10:30,MANANA (06-11),COMAS,URBANA,AVENIDA,ATROPELLO,1,0,1,NO,NO
A-2021-10-133,2021-10-08,2021,23:30,NOCHE (18-23),BELLAVISTA,URBANA,AVENIDA,DESPISTE,1,0,1,NO,NO
A-2021-10-53,2021-10-09,2021,20:15,NOCHE (18-23),LURIN,URBANA,AVENIDA,CHOQUE,1,0,2,NO,SI
A-2021-10-54,2021-10-11,2021,05:00,MADRUGADA (00-05),PUENTE PIEDRA,URBANA,CARRETERA,ATROPELLO,1,0,1,NO,NO
A-2021-10-187,2021-10-13,2021,07:10,MANANA (06-11),LOS OLIVOS,URBANA,AVENIDA,VOLCADURA,1,0,2,NO,NO
A-2021-10-188,2021-10-13,2021,08:00,MANANA (06-11),ATE,URBANA,CARRETERA,CHOQUE,1,0,2,NO,SI
A-2021-10-189,2021-10-14,2021,08:15,MANANA (06-11),LURIN,URBANA,CARRETERA,ESPECIAL,1,1,2,NO,SI
A-2021-10-190,2021-10-14,2021,22:00,NOCHE (18-23),LA VICTORIA,URBANA,AVENIDA,CHOQUE,2,0,2,NO,NO
A-2021-10-134,2021-10-17,2021,05:45,MADRUGADA (00-05),VENTANILLA,URBANA,CARRETERA,CHOQUE,1,0,2,NO,NO
A-2021-10-191,2021-10-17,2021,13:55,TARDE (12-17),LA VICTORIA,URBANA,AVENIDA,ATROPELLO,1,0,1,NO,NO
A-2021-10-192,2021-10-17,2021,16:45,TARDE (12-17),CARABAYLLO,URBANA,AVENIDA,CHOQUE,1,1,2,NO,SI
A-2021-10-193,2021-10-18,2021,14:52,TARDE (12-17),BREÑA,URBANA,AVENIDA,ATROPELLO,1,0,1,NO,SI
A-2021-10-194,2021-10-18,2021,18:00,NOCHE (18-23),SANTIAGO DE SURCO,URBANA,AVENIDA,ATROPELLO,1,0,1,NO,NO
A-2021-10-195,2021-10-19,2021,23:40,NOCHE (18-23),LURIN,URBANA,CARRETERA,DESPISTE,1,0,1,NO,NO
A-2021-10-196,2021-10-20,2021,14:30,TARDE (12-17),COMAS,URBANA,AVENIDA,ATROPELLO,1,0,1,NO,NO
A-2021-10-197,2021-10-21,2021,21:30,NOCHE (18-23),PUENTE PIEDRA,URBANA,CARRETERA,ATROPELLO,1,0,1,NO,NO
A-2021-10-198,2021-10-22,2021,13:26,TARDE (12-17),SANTIAGO DE SURCO,URBANA,JIRÓN,CHOQUE,1,0,2,NO,NO
A-2021-10-200,2021-10-22,2021,16:00,TARDE (12-17),LOS OLIVOS,URBANA,AVENIDA,CHOQUE,1,0,2,NO,SI
A-2021-10-201,2021-10-23,2021,17:35,TARDE (12-17),PUENTE PIEDRA,URBANA,CARRETERA,ATROPELLO,1,0,1,NO,SI
A-2021-10-202,2021-10-24,2021,04:00,MADRUGADA (00-05),LURIGANCHO,URBANA,CALLE,DESPISTE,1,0,1,NO,SI
A-2021-10-203,2021-10-26,2021,17:30,TARDE (12-17),SANTA ANITA,URBANA,AVENIDA,ATROPELLO,1,0,1,NO,SI
A-2021-10-135,2021-10-27,2021,22:15,NOCHE (18-23),CALLAO,URBANA,CARRETERA,DESPISTE,1,0,1,NO,NO
A-2021-10-204,2021-10-28,2021,06:55,MANANA (06-11),LURIGANCHO,URBANA,CALLE,ESPECIAL,1,0,1,NO,NO
A-2021-10-205,2021-10-28,2021,17:00,TARDE (12-17),COMAS,URBANA,AVENIDA,CHOQUE,1,1,2,NO,SI
A-2021-10-206,2021-10-31,2021,05:50,MADRUGADA (00-05),COMAS,URBANA,CARRETERA,ATROPELLO,1,0,1,NO,NO
A-2021-10-207,2021-10-31,2021,05:50,MADRUGADA (00-05),LIMA,URBANA,AVENIDA,ATROPELLO FUGA,1,0,1,SI,NO
A-2021-11-113,2021-11-01,2021,20:40,NOCHE (18-23),VILLA MARIA DEL TRIUNFO,URBANA,AVENIDA,DESPISTE,1,0,1,NO,SI
A-2021-11-114,2021-11-02,2021,18:15,NOCHE (18-23),PUENTE PIEDRA,URBANA,CARRETERA,CHOQUE,1,0,2,NO,SI
A-2021-11-8,2021-11-02,2021,22:00,NOCHE (18-23),CALLAO,URBANA,CARRETERA,ATROPELLO,1,0,1,NO,NO
A-2021-11-141,2021-11-03,2021,05:20,MADRUGADA (00-05),SANTA ANITA,URBANA,AVENIDA,ATROPELLO,1,0,1,NO,NO
A-2021-11-10,2021-11-03,2021,11:47,MANANA (06-11),SAN MARTIN DE PORRES,URBANA,OTRO,ATROPELLO,1,0,1,NO,NO
A-2021-11-142,2021-11-05,2021,07:30,MANANA (06-11),PUENTE PIEDRA,URBANA,CARRETERA,CAÍDA DE PASAJERO,1,0,1,NO,NO
A-2021-11-143,2021-11-05,2021,14:30,TARDE (12-17),SAN JUAN DE LURIGANCHO,URBANA,CARRETERA,CHOQUE,1,0,2,NO,NO
A-2021-11-144,2021-11-05,2021,22:30,NOCHE (18-23),SAN MARTIN DE PORRES,URBANA,CARRETERA,CHOQUE,1,0,2,NO,SI
A-2021-11-146,2021-11-05,2021,23:10,NOCHE (18-23),SAN JUAN DE MIRAFLORES,URBANA,CARRETERA,ATROPELLO FUGA,1,0,1,SI,NO
A-2021-11-147,2021-11-07,2021,02:00,MADRUGADA (00-05),COMAS,URBANA,AVENIDA,ATROPELLO FUGA,1,0,1,SI,NO
A-2021-11-148,2021-11-07,2021,10:40,MANANA (06-11),LOS OLIVOS,URBANA,CARRETERA,ATROPELLO,1,0,1,NO,NO
A-2021-11-151,2021-11-07,2021,16:14,TARDE (12-17),SANTIAGO DE SURCO,URBANA,AVENIDA,CHOQUE,1,0,2,NO,SI
A-2021-11-149,2021-11-07,2021,20:00,NOCHE (18-23),LOS OLIVOS,URBANA,CARRETERA,CHOQUE,1,0,3,NO,NO
A-2021-11-152,2021-11-08,2021,06:30,MANANA (06-11),ATE,URBANA,CARRETERA,CHOQUE,1,2,2,NO,NO
A-2021-11-11,2021-11-08,2021,12:40,TARDE (12-17),SAN MIGUEL,URBANA,AVENIDA,ATROPELLO FUGA,1,0,1,SI,NO
A-2021-11-153,2021-11-09,2021,05:30,MADRUGADA (00-05),SAN JUAN DE LURIGANCHO,URBANA,AVENIDA,ATROPELLO,1,0,2,NO,NO
A-2021-11-154,2021-11-10,2021,19:15,NOCHE (18-23),SAN JUAN DE LURIGANCHO,URBANA,AVENIDA,ATROPELLO,1,0,1,NO,NO
A-2021-11-155,2021-11-12,2021,03:20,MADRUGADA (00-05),LOS OLIVOS,URBANA,OTRO,DESPISTE,1,0,1,NO,SI
A-2021-11-156,2021-11-12,2021,15:10,TARDE (12-17),SAN MARTIN DE PORRES,URBANA,CARRETERA,DESPISTE,1,0,2,NO,NO
A-2021-11-158,2021-11-12,2021,19:30,NOCHE (18-23),PUCUSANA,URBANA,CARRETERA,ATROPELLO FUGA,1,0,1,SI,NO
A-2021-11-157,2021-11-12,2021,19:45,NOCHE (18-23),LOS OLIVOS,URBANA,AVENIDA,ATROPELLO,1,0,1,NO,NO
A-2021-11-159,2021-11-13,2021,10:50,MANANA (06-11),SANTA ANITA,URBANA,AVENIDA,ATROPELLO FUGA,1,0,2,SI,NO
A-2021-11-160,2021-11-13,2021,18:05,NOCHE (18-23),SANTA ANITA,URBANA,AVENIDA,DESPISTE,1,0,1,NO,NO
A-2021-11-165,2021-11-17,2021,05:40,MADRUGADA (00-05),LURIN,URBANA,CARRETERA,CHOQUE,1,1,2,NO,NO
A-2021-11-168,2021-11-17,2021,10:30,MANANA (06-11),PUEBLO LIBRE,URBANA,AVENIDA,ATROPELLO,1,0,1,NO,NO
A-2021-11-169,2021-11-19,2021,14:00,TARDE (12-17),CHORRILLOS,URBANA,AVENIDA,ATROPELLO FUGA,1,0,1,NO,SI
A-2021-11-179,2021-11-21,2021,03:00,MADRUGADA (00-05),SANTA ANITA,URBANA,CARRETERA,ATROPELLO FUGA,1,0,1,SI,NO
A-2021-11-170,2021-11-21,2021,05:45,MADRUGADA (00-05),SAN MARTIN DE PORRES,URBANA,CARRETERA,DESPISTE,1,1,1,NO,NO
A-2021-11-180,2021-11-21,2021,22:45,NOCHE (18-23),COMAS,URBANA,CARRETERA,ATROPELLO,1,0,1,NO,NO
A-2021-11-185,2021-11-23,2021,22:35,NOCHE (18-23),LA MOLINA,URBANA,CALLE,DESPISTE,1,0,1,NO,NO
A-2021-11-186,2021-11-25,2021,15:00,TARDE (12-17),LURIN,URBANA,AVENIDA,CHOQUE,1,0,2,NO,SI
A-2021-11-187,2021-11-26,2021,14:00,TARDE (12-17),LA VICTORIA,URBANA,AVENIDA,ATROPELLO FUGA,1,0,1,SI,NO
A-2021-11-188,2021-11-27,2021,14:30,TARDE (12-17),LURIN,RURAL,OTRO,ATROPELLO,1,0,2,NO,NO
A-2021-11-189,2021-11-28,2021,05:30,MADRUGADA (00-05),INDEPENDENCIA,URBANA,CARRETERA,ATROPELLO,1,0,1,NO,NO
A-2021-11-190,2021-11-28,2021,22:30,NOCHE (18-23),VILLA EL SALVADOR,URBANA,AVENIDA,ATROPELLO FUGA,1,0,1,NO,SI
A-2021-11-191,2021-11-29,2021,01:30,MADRUGADA (00-05),LURIN,URBANA,CARRETERA,DESPISTE,1,2,1,NO,SI
A-2021-11-192,2021-11-29,2021,05:30,MADRUGADA (00-05),LURIN,URBANA,AVENIDA,CHOQUE,1,2,2,NO,NO
A-2021-12-214,2021-12-01,2021,17:30,TARDE (12-17),SAN JUAN DE LURIGANCHO,URBANA,AVENIDA,VOLCADURA,1,0,2,NO,NO
A-2021-12-215,2021-12-02,2021,17:50,TARDE (12-17),LURIGANCHO,URBANA,AUTOPISTA,CHOQUE,1,0,2,NO,NO
A-2021-12-116,2021-12-04,2021,19:40,NOCHE (18-23),LOS OLIVOS,URBANA,AVENIDA,DESPISTE,1,0,2,NO,NO
A-2021-12-117,2021-12-05,2021,00:00,MADRUGADA (00-05),ATE,URBANA,CARRETERA,ATROPELLO,1,0,1,NO,NO
A-2021-12-118,2021-12-05,2021,15:00,TARDE (12-17),ATE,URBANA,CARRETERA,ATROPELLO,1,0,1,NO,NO
A-2021-12-220,2021-12-06,2021,14:44,TARDE (12-17),LOS OLIVOS,URBANA,AVENIDA,CHOQUE,1,0,2,NO,NO
A-2021-12-119,2021-12-07,2021,14:35,TARDE (12-17),CHACLACAYO,URBANA,CARRETERA,CHOQUE,1,0,2,NO,NO
A-2021-12-8,2021-12-07,2021,18:00,NOCHE (18-23),CALLAO,URBANA,CARRETERA,CHOQUE,1,0,2,NO,SI
A-2021-12-7,2021-12-07,2021,22:00,NOCHE (18-23),CALLAO,URBANA,CARRETERA,CHOQUE,1,0,2,NO,NO
A-2021-12-216,2021-12-08,2021,10:00,MANANA (06-11),VILLA MARIA DEL TRIUNFO,URBANA,JIRÓN,CAÍDA DE PASAJERO,1,0,1,SI,NO
A-2021-12-154,2021-12-10,2021,01:00,MADRUGADA (00-05),BARRANCO,URBANA,OTRO,DESPISTE,1,2,1,NO,NO
A-2021-12-155,2021-12-10,2021,16:40,TARDE (12-17),VILLA MARIA DEL TRIUNFO,URBANA,AVENIDA,CAÍDA DE PASAJERO,1,0,2,NO,SI
A-2021-12-156,2021-12-11,2021,12:50,TARDE (12-17),LOS OLIVOS,URBANA,AVENIDA,ATROPELLO,1,0,1,NO,NO
A-2021-12-157,2021-12-11,2021,21:30,NOCHE (18-23),VILLA EL SALVADOR,URBANA,CARRETERA,CHOQUE,1,7,2,NO,NO
A-2021-12-14,2021-12-12,2021,07:40,MANANA (06-11),CALLAO,URBANA,CARRETERA,DESPISTE,1,0,1,NO,NO
A-2021-12-295,2021-12-12,2021,13:25,TARDE (12-17),LOS OLIVOS,URBANA,AVENIDA,DESPISTE,1,0,1,SI,NO
A-2021-12-158,2021-12-13,2021,21:30,NOCHE (18-23),CIENEGUILLA,URBANA,CALLE,CHOQUE,1,0,2,NO,NO
A-2021-12-159,2021-12-14,2021,06:50,MANANA (06-11),LOS OLIVOS,URBANA,CARRETERA,CHOQUE,1,0,2,NO,SI
A-2021-12-27,2021-12-15,2021,17:00,TARDE (12-17),CALLAO,URBANA,AVENIDA,CHOQUE,1,0,2,NO,NO
A-2021-12-206,2021-12-15,2021,19:40,NOCHE (18-23),CIENEGUILLA,URBANA,AVENIDA,VOLCADURA,1,0,1,NO,SI
A-2021-12-207,2021-12-16,2021,20:00,NOCHE (18-23),PACHACAMAC,URBANA,AVENIDA,ATROPELLO,1,0,1,NO,SI
A-2021-12-208,2021-12-18,2021,12:40,TARDE (12-17),SAN MARTIN DE PORRES,URBANA,AVENIDA,CHOQUE,1,0,2,NO,SI
A-2021-12-209,2021-12-18,2021,20:20,NOCHE (18-23),MIRAFLORES,URBANA,AVENIDA,CHOQUE,1,0,2,SI,NO
A-2021-12-210,2021-12-19,2021,02:45,MADRUGADA (00-05),COMAS,URBANA,CARRETERA,CHOQUE,1,0,2,SI,NO
A-2021-12-212,2021-12-19,2021,05:30,MADRUGADA (00-05),VILLA EL SALVADOR,URBANA,AVENIDA,ATROPELLO,1,0,1,NO,NO
A-2021-12-211,2021-12-20,2021,06:35,MANANA (06-11),PACHACAMAC,URBANA,AVENIDA,ATROPELLO,1,0,1,NO,NO
A-2021-12-34,2021-12-20,2021,11:30,MANANA (06-11),MI PERU,URBANA,AVENIDA,ATROPELLO,1,0,1,NO,NO
A-2021-12-213,2021-12-20,2021,15:30,TARDE (12-17),SAN JUAN DE LURIGANCHO,URBANA,AVENIDA,CHOQUE,1,1,2,NO,SI
A-2021-12-223,2021-12-22,2021,06:30,MANANA (06-11),SAN MARTIN DE PORRES,URBANA,CARRETERA,DESPISTE,1,0,1,NO,SI
A-2021-12-224,2021-12-23,2021,19:00,NOCHE (18-23),LURIN,URBANA,AVENIDA,ATROPELLO,1,0,1,NO,NO
A-2021-12-241,2021-12-24,2021,16:20,TARDE (12-17),CIENEGUILLA,URBANA,CARRETERA,CHOQUE,1,0,2,NO,NO
A-2021-12-240,2021-12-24,2021,17:00,TARDE (12-17),LOS OLIVOS,URBANA,AVENIDA,ATROPELLO,1,0,1,NO,NO
A-2021-12-293,2021-12-25,2021,13:45,TARDE (12-17),VENTANILLA,URBANA,AVENIDA,ATROPELLO,1,0,1,NO,SI
A-2021-12-242,2021-12-25,2021,16:30,TARDE (12-17),CARABAYLLO,URBANA,AVENIDA,ATROPELLO,1,0,1,NO,NO
A-2021-12-243,2021-12-26,2021,04:00,MADRUGADA (00-05),CHACLACAYO,URBANA,CARRETERA,DESPISTE,1,0,1,NO,SI
A-2021-12-245,2021-12-26,2021,16:00,TARDE (12-17),LA VICTORIA,URBANA,AVENIDA,VOLCADURA,1,0,1,NO,NO
A-2021-12-244,2021-12-26,2021,17:15,TARDE (12-17),CHORRILLOS,URBANA,AVENIDA,ATROPELLO,2,1,1,NO,NO
A-2021-12-246,2021-12-27,2021,04:00,MADRUGADA (00-05),LURIGANCHO,URBANA,CARRETERA,CHOQUE,1,0,2,NO,NO
A-2021-12-80,2021-12-27,2021,07:30,MANANA (06-11),CALLAO,URBANA,CARRETERA,CHOQUE,1,0,2,NO,SI
A-2021-12-218,2021-12-29,2021,13:55,TARDE (12-17),SAN JUAN DE LURIGANCHO,URBANA,AVENIDA,ATROPELLO,1,1,1,NO,SI
A-2021-12-217,2021-12-30,2021,11:30,MANANA (06-11),LURIN,URBANA,CARRETERA,DESPISTE,1,4,1,NO,NO
A-2021-12-219,2021-12-31,2021,09:10,MANANA (06-11),LURIGANCHO,URBANA,CARRETERA,ATROPELLO,1,0,1,NO,SI
A-2021-12-161,2021-12-31,2021,09:30,MANANA (06-11),CALLAO,URBANA,CARRETERA,CHOQUE,1,0,3,NO,NO
A-2021-12-247,2021-12-31,2021,10:54,MANANA (06-11),INDEPENDENCIA,URBANA,AVENIDA,DESPISTE,1,0,1,NO,NO
A-2021-12-248,2021-12-31,2021,17:05,TARDE (12-17),VILLA MARIA DEL TRIUNFO,URBANA,AVENIDA,ATROPELLO,1,0,1,NO,NO
A-2022-01-69,2022-01-01,2022,06:04,MANANA (06-11),LA MOLINA,URBANA,AVENIDA,DESPISTE,1,0,1,NO,NO
A-2022-01-70,2022-01-01,2022,23:00,NOCHE (18-23),PACHACAMAC,URBANA,CARRETERA,ATROPELLO,1,0,2,NO,NO
A-2022-01-73,2022-01-03,2022,19:00,NOCHE (18-23),CHORRILLOS,URBANA,CARRETERA,CHOQUE,1,0,2,NO,NO
A-2022-01-89,2022-01-03,2022,22:00,NOCHE (18-23),PUENTE PIEDRA,URBANA,CARRETERA,CHOQUE,1,0,2,NO,NO
A-2022-01-90,2022-01-04,2022,10:45,MANANA (06-11),SAN MARTIN DE PORRES,URBANA,CARRETERA,ATROPELLO,1,0,1,NO,NO
A-2022-01-91,2022-01-04,2022,20:30,NOCHE (18-23),SAN MARTIN DE PORRES,URBANA,AVENIDA,DESPISTE,1,0,1,NO,NO
A-2022-01-110,2022-01-05,2022,06:50,MANANA (06-11),SAN JUAN DE MIRAFLORES,URBANA,CARRETERA,CHOQUE,1,0,2,NO,NO
A-2022-01-111,2022-01-09,2022,19:10,NOCHE (18-23),SAN BARTOLO,URBANA,CARRETERA,ATROPELLO,1,0,1,NO,NO
A-2022-01-120,2022-01-10,2022,08:25,MANANA (06-11),SANTIAGO DE SURCO,URBANA,CARRETERA,DESPISTE,1,0,1,NO,NO
A-2022-01-121,2022-01-12,2022,02:00,MADRUGADA (00-05),EL AGUSTINO,URBANA,AUTOPISTA,CHOQUE CON OBJETO FIJO,1,0,2,NO,NO
A-2022-01-123,2022-01-13,2022,14:00,TARDE (12-17),LIMA,URBANA,AVENIDA,CHOQUE,1,0,2,NO,NO
A-2022-01-124,2022-01-14,2022,15:30,TARDE (12-17),SAN JUAN DE LURIGANCHO,RURAL,CALLE,ATROPELLO,1,0,1,NO,NO
A-2022-01-125,2022-01-14,2022,20:50,NOCHE (18-23),PUENTE PIEDRA,URBANA,CARRETERA,ATROPELLO,1,0,1,NO,NO
A-2022-01-126,2022-01-17,2022,07:45,MANANA (06-11),ATE,URBANA,AVENIDA,ATROPELLO,1,0,1,NO,NO
A-2022-01-260,2022-01-18,2022,17:00,TARDE (12-17),CIENEGUILLA,RURAL,CARRETERA,DESPISTE,1,1,2,NO,SI
A-2022-01-261,2022-01-19,2022,16:50,TARDE (12-17),COMAS,URBANA,AVENIDA,CAÍDA DE PASAJERO,1,0,1,SI,NO
A-2022-01-94,2022-01-21,2022,04:40,MADRUGADA (00-05),VENTANILLA,URBANA,AVENIDA,ATROPELLO,1,0,1,NO,NO
A-2022-01-262,2022-01-21,2022,20:00,NOCHE (18-23),LURIN,URBANA,CARRETERA,CHOQUE,1,0,2,NO,NO
A-2022-01-104,2022-01-22,2022,06:00,MANANA (06-11),CALLAO,URBANA,CARRETERA,ATROPELLO,1,0,1,NO,NO
A-2022-01-266,2022-01-22,2022,22:50,NOCHE (18-23),SANTIAGO DE SURCO,URBANA,CARRETERA,ATROPELLO,1,0,1,NO,SI
A-2022-01-268,2022-01-24,2022,04:00,MADRUGADA (00-05),ATE,URBANA,CARRETERA,CHOQUE,2,1,2,NO,SI
A-2022-01-267,2022-01-25,2022,05:25,MADRUGADA (00-05),SAN JUAN DE MIRAFLORES,URBANA,CARRETERA,ATROPELLO,1,0,1,NO,NO
A-2022-01-269,2022-01-28,2022,23:40,NOCHE (18-23),RIMAC,URBANA,CARRETERA,ATROPELLO FUGA,1,0,1,SI,NO
A-2022-01-270,2022-01-30,2022,01:20,MADRUGADA (00-05),SANTIAGO DE SURCO,URBANA,CARRETERA,VOLCADURA,1,0,1,NO,NO
A-2022-01-277,2022-01-30,2022,06:00,MANANA (06-11),SAN MARTIN DE PORRES,URBANA,CARRETERA,CHOQUE,1,0,2,NO,NO
A-2022-01-271,2022-01-30,2022,08:10,MANANA (06-11),VILLA MARIA DEL TRIUNFO,URBANA,AVENIDA,CHOQUE,1,0,2,NO,NO
A-2022-01-279,2022-01-31,2022,12:00,TARDE (12-17),SANTA ANITA,URBANA,AVENIDA,DESPISTE,1,1,1,NO,NO
A-2022-02-149,2022-02-02,2022,10:00,MANANA (06-11),SAN MARTIN DE PORRES,URBANA,CARRETERA,ATROPELLO,1,0,1,NO,NO
A-2022-02-150,2022-02-02,2022,20:00,NOCHE (18-23),ATE,URBANA,CARRETERA,ATROPELLO FUGA,1,0,1,SI,NO
A-2022-02-151,2022-02-03,2022,06:10,MANANA (06-11),SAN JUAN DE LURIGANCHO,URBANA,AVENIDA,ATROPELLO,1,0,1,NO,NO
A-2022-02-153,2022-02-03,2022,13:25,TARDE (12-17),VILLA EL SALVADOR,URBANA,AVENIDA,ATROPELLO,1,1,1,NO,SI
A-2022-02-154,2022-02-05,2022,07:00,MANANA (06-11),CHORRILLOS,URBANA,AVENIDA,CHOQUE,1,0,2,NO,NO
A-2022-02-22,2022-02-05,2022,17:10,TARDE (12-17),BELLAVISTA,URBANA,AVENIDA,CHOQUE FUGA,1,0,2,NO,NO
A-2022-02-155,2022-02-06,2022,05:15,MADRUGADA (00-05),INDEPENDENCIA,URBANA,CARRETERA,CHOQUE,1,0,2,NO,NO
A-2022-02-162,2022-02-06,2022,18:00,NOCHE (18-23),SAN JUAN DE MIRAFLORES,URBANA,AVENIDA,DESPISTE,1,0,1,NO,NO
A-2022-02-166,2022-02-07,2022,21:00,NOCHE (18-23),LURIGANCHO,URBANA,AVENIDA,ESPECIAL,1,0,1,NO,NO
A-2022-02-167,2022-02-08,2022,17:00,TARDE (12-17),LOS OLIVOS,URBANA,AVENIDA,CAÍDA DE PASAJERO,1,0,1,NO,SI
A-2022-02-168,2022-02-08,2022,23:40,NOCHE (18-23),SAN BORJA,URBANA,AVENIDA,ATROPELLO,1,0,1,NO,NO
A-2022-02-216,2022-02-09,2022,20:00,NOCHE (18-23),PACHACAMAC,URBANA,AVENIDA,ATROPELLO,1,0,1,NO,NO
A-2022-02-218,2022-02-10,2022,06:30,MANANA (06-11),CARABAYLLO,URBANA,CALLE,ATROPELLO,1,0,1,NO,NO
A-2022-02-222,2022-02-11,2022,02:40,MADRUGADA (00-05),CARABAYLLO,URBANA,AVENIDA,CHOQUE,1,0,2,NO,NO
A-2022-02-221,2022-02-11,2022,18:30,NOCHE (18-23),ATE,URBANA,AVENIDA,ATROPELLO,1,0,1,NO,NO
A-2022-02-223,2022-02-12,2022,02:30,MADRUGADA (00-05),RIMAC,URBANA,CARRETERA,ATROPELLO FUGA,1,0,1,SI,NO
A-2022-02-228,2022-02-13,2022,15:30,TARDE (12-17),LIMA,URBANA,AVENIDA,CHOQUE,1,1,2,NO,NO
A-2022-02-229,2022-02-14,2022,05:30,MADRUGADA (00-05),MAGDALENA DEL MAR,URBANA,OTRO,DESPISTE,1,0,1,NO,SI
A-2022-02-230,2022-02-14,2022,15:20,TARDE (12-17),SAN MARTIN DE PORRES,URBANA,AVENIDA,CHOQUE,1,0,2,SI,NO
A-2022-02-231,2022-02-15,2022,04:30,MADRUGADA (00-05),LURIGANCHO,URBANA,AVENIDA,ATROPELLO FUGA,1,0,1,SI,NO
A-2022-02-234,2022-02-15,2022,11:00,MANANA (06-11),COMAS,URBANA,AVENIDA,ATROPELLO,1,0,1,NO,SI
A-2022-02-235,2022-02-16,2022,13:30,TARDE (12-17),RIMAC,URBANA,AVENIDA,ATROPELLO,1,0,1,NO,NO
A-2022-02-81,2022-02-17,2022,21:00,NOCHE (18-23),CALLAO,URBANA,CARRETERA,ATROPELLO,1,0,1,NO,NO
A-2022-02-236,2022-02-18,2022,21:00,NOCHE (18-23),MIRAFLORES,URBANA,OTRO,ATROPELLO,1,0,1,NO,NO
A-2022-02-239,2022-02-19,2022,10:30,MANANA (06-11),LURIN,URBANA,CARRETERA,ATROPELLO FUGA,1,0,1,SI,NO
A-2022-02-237,2022-02-19,2022,19:45,NOCHE (18-23),LA MOLINA,URBANA,CARRETERA,CHOQUE,1,0,2,NO,NO
A-2022-02-240,2022-02-20,2022,02:30,MADRUGADA (00-05),ANCON,URBANA,CARRETERA,ATROPELLO,1,0,1,NO,NO
A-2022-02-242,2022-02-23,2022,09:50,MANANA (06-11),SAN MARTIN DE PORRES,URBANA,AVENIDA,CAÍDA DE PASAJERO,1,0,1,NO,NO
A-2022-02-119,2022-02-24,2022,05:45,MADRUGADA (00-05),CALLAO,URBANA,AVENIDA,ATROPELLO,1,0,1,NO,SI
A-2022-02-241,2022-02-24,2022,08:15,MANANA (06-11),LIMA,URBANA,AVENIDA,ESPECIAL,1,0,1,NO,SI
A-2022-02-246,2022-02-25,2022,12:30,TARDE (12-17),ATE,URBANA,CARRETERA,ATROPELLO,1,0,1,NO,NO
A-2022-02-309,2022-02-25,2022,14:10,TARDE (12-17),SAN MARTIN DE PORRES,URBANA,AVENIDA,ATROPELLO,1,0,1,NO,SI
A-2022-02-249,2022-02-25,2022,23:30,NOCHE (18-23),SANTA ANITA,URBANA,AVENIDA,CHOQUE,1,2,2,SI,NO
A-2022-02-248,2022-02-26,2022,19:40,NOCHE (18-23),ATE,URBANA,OTRO,ATROPELLO,1,0,1,NO,SI
A-2022-02-250,2022-02-28,2022,03:00,MADRUGADA (00-05),RIMAC,URBANA,CARRETERA,ATROPELLO FUGA,1,0,1,SI,NO
A-2022-02-251,2022-02-28,2022,05:35,MADRUGADA (00-05),CHACLACAYO,URBANA,CARRETERA,CHOQUE,1,2,2,NO,NO
A-2022-03-189,2022-03-01,2022,07:20,MANANA (06-11),PUENTE PIEDRA,RURAL,AVENIDA,VOLCADURA,1,0,2,NO,NO
A-2022-03-161,2022-03-02,2022,12:20,TARDE (12-17),CALLAO,URBANA,AVENIDA,CHOQUE,1,0,2,NO,NO
A-2022-03-181,2022-03-02,2022,14:30,TARDE (12-17),JESUS MARIA,URBANA,AVENIDA,CHOQUE,1,0,2,NO,SI
A-2022-03-283,2022-03-03,2022,23:50,NOCHE (18-23),CHORRILLOS,URBANA,AVENIDA,ATROPELLO FUGA,1,0,1,SI,NO
A-2022-03-212,2022-03-04,2022,14:00,TARDE (12-17),CARMEN DE LA LEGUA REYNOSO,URBANA,AVENIDA,ATROPELLO,1,0,1,NO,NO
A-2022-03-213,2022-03-05,2022,04:45,MADRUGADA (00-05),VILLA EL SALVADOR,,CARRETERA,ATROPELLO FUGA,1,0,1,SI,NO
A-2022-03-8,2022-03-05,2022,16:50,TARDE (12-17),CALLAO,URBANA,CARRETERA,ATROPELLO,1,0,1,NO,NO
A-2022-03-214,2022-03-07,2022,14:30,TARDE (12-17),COMAS,URBANA,AVENIDA,ATROPELLO,1,0,1,NO,NO
A-2022-03-232,2022-03-07,2022,18:25,NOCHE (18-23),COMAS,URBANA,AVENIDA,ATROPELLO,1,0,1,NO,NO
A-2022-03-215,2022-03-08,2022,06:00,MANANA (06-11),EL AGUSTINO,URBANA,CARRETERA,CHOQUE,1,0,2,NO,NO
A-2022-03-289,2022-03-08,2022,17:20,TARDE (12-17),PACHACAMAC,URBANA,AVENIDA,CHOQUE,1,0,2,NO,NO
A-2022-03-216,2022-03-09,2022,14:00,TARDE (12-17),RIMAC,URBANA,CARRETERA,CHOQUE,1,0,2,NO,NO
A-2022-03-253,2022-03-10,2022,20:00,NOCHE (18-23),SAN MARTIN DE PORRES,URBANA,AVENIDA,CHOQUE FUGA,1,0,2,SI,SI
A-2022-03-255,2022-03-11,2022,02:00,MADRUGADA (00-05),SAN JUAN DE LURIGANCHO,URBANA,AVENIDA,CHOQUE,1,0,2,NO,SI
A-2022-03-257,2022-03-11,2022,19:50,NOCHE (18-23),LIMA,URBANA,AVENIDA,ATROPELLO,1,0,1,NO,SI
A-2022-03-259,2022-03-13,2022,11:40,MANANA (06-11),SAN JUAN DE LURIGANCHO,URBANA,AVENIDA,ATROPELLO,1,0,1,NO,SI
A-2022-03-260,2022-03-15,2022,23:30,NOCHE (18-23),SAN JUAN DE LURIGANCHO,URBANA,CARRETERA,ATROPELLO,1,0,1,NO,SI
A-2022-03-261,2022-03-16,2022,01:00,MADRUGADA (00-05),SAN ISIDRO,URBANA,OTRO,DESPISTE,1,1,1,NO,SI
A-2022-03-263,2022-03-18,2022,21:00,NOCHE (18-23),CARABAYLLO,URBANA,AVENIDA,CHOQUE,1,0,2,NO,SI
A-2022-03-265,2022-03-20,2022,02:45,MADRUGADA (00-05),ATE,URBANA,CARRETERA,DESPISTE,2,0,1,NO,SI
A-2022-03-266,2022-03-20,2022,23:30,NOCHE (18-23),COMAS,URBANA,AVENIDA,VOLCADURA,1,0,2,NO,SI
A-2022-03-267,2022-03-21,2022,04:00,MADRUGADA (00-05),ATE,URBANA,CARRETERA,DESPISTE,1,0,1,NO,SI
A-2022-03-270,2022-03-21,2022,18:30,NOCHE (18-23),VILLA MARIA DEL TRIUNFO,URBANA,AVENIDA,ATROPELLO,1,0,1,NO,SI
A-2022-03-163,2022-03-24,2022,05:00,MADRUGADA (00-05),CALLAO,URBANA,CARRETERA,ESPECIAL,1,0,2,NO,NO
A-2022-03-162,2022-03-24,2022,07:30,MANANA (06-11),CALLAO,URBANA,CARRETERA,ATROPELLO FUGA,1,0,1,SI,NO
A-2022-03-273,2022-03-26,2022,16:30,TARDE (12-17),ATE,URBANA,AVENIDA,ATROPELLO,1,0,1,NO,SI
A-2022-03-271,2022-03-26,2022,23:50,NOCHE (18-23),LURIN,URBANA,CARRETERA,ATROPELLO FUGA,1,0,1,NO,SI
A-2022-03-275,2022-03-27,2022,17:30,TARDE (12-17),EL AGUSTINO,URBANA,CARRETERA,ATROPELLO,1,0,1,NO,SI
A-2022-03-276,2022-03-28,2022,07:00,MANANA (06-11),MIRAFLORES,URBANA,OTRO,DESPISTE,1,1,1,NO,SI
A-2022-04-214,2022-04-01,2022,19:00,NOCHE (18-23),COMAS,URBANA,AVENIDA,ATROPELLO FUGA,1,0,1,SI,NO
A-2022-04-195,2022-04-02,2022,00:00,MADRUGADA (00-05),SAN JUAN DE LURIGANCHO,URBANA,AVENIDA,CHOQUE,1,0,2,NO,SI
A-2022-04-191,2022-04-02,2022,11:00,MANANA (06-11),INDEPENDENCIA,URBANA,AVENIDA,CHOQUE,1,0,2,NO,SI
A-2022-04-190,2022-04-03,2022,03:50,MADRUGADA (00-05),LURIN,URBANA,CARRETERA,VOLCADURA,1,0,1,NO,SI
A-2022-04-200,2022-04-03,2022,12:05,TARDE (12-17),LURIN,URBANA,AUTOPISTA,DESPISTE,1,0,1,NO,SI
A-2022-04-192,2022-04-04,2022,10:30,MANANA (06-11),VILLA EL SALVADOR,URBANA,AVENIDA,CHOQUE,1,1,2,NO,SI
A-2022-04-23,2022-04-07,2022,02:30,MADRUGADA (00-05),CALLAO,URBANA,CARRETERA,ATROPELLO FUGA,1,0,1,SI,NO
A-2022-04-194,2022-04-08,2022,05:00,MADRUGADA (00-05),SAN JUAN DE LURIGANCHO,URBANA,AVENIDA,ATROPELLO,1,1,1,NO,SI
A-2022-04-24,2022-04-08,2022,09:20,MANANA (06-11),MI PERU,URBANA,AVENIDA,CHOQUE,2,1,3,NO,NO
A-2022-04-198,2022-04-09,2022,09:40,MANANA (06-11),ATE,URBANA,AVENIDA,ATROPELLO,1,0,1,NO,SI
A-2022-04-199,2022-04-09,2022,22:10,NOCHE (18-23),ATE,URBANA,AVENIDA,CHOQUE,1,8,2,NO,SI
A-2022-04-197,2022-04-09,2022,23:30,NOCHE (18-23),ANCON,URBANA,CARRETERA,ATROPELLO,1,0,1,NO,SI
A-2022-04-235,2022-04-10,2022,14:30,TARDE (12-17),ATE,URBANA,AVENIDA,ATROPELLO,1,0,2,NO,SI
A-2022-04-201,2022-04-13,2022,16:00,TARDE (12-17),LA VICTORIA,URBANA,AVENIDA,ATROPELLO,1,0,2,NO,SI
A-2022-04-202,2022-04-13,2022,23:30,NOCHE (18-23),PUENTE PIEDRA,URBANA,CARRETERA,ATROPELLO,1,0,1,NO,SI
A-2022-04-236,2022-04-14,2022,00:04,MADRUGADA (00-05),COMAS,URBANA,AVENIDA,DESPISTE,1,0,1,NO,SI
A-2022-04-237,2022-04-15,2022,04:45,MADRUGADA (00-05),LURIGANCHO,URBANA,CARRETERA,CHOQUE,2,0,3,NO,SI
A-2022-04-238,2022-04-17,2022,02:10,MADRUGADA (00-05),LURIGANCHO,URBANA,CARRETERA,ATROPELLO FUGA,1,0,1,SI,NO
A-2022-04-245,2022-04-17,2022,11:45,MANANA (06-11),SURQUILLO,URBANA,AVENIDA,ATROPELLO,1,0,1,NO,SI
A-2022-04-246,2022-04-18,2022,01:20,MADRUGADA (00-05),LOS OLIVOS,URBANA,CARRETERA,ATROPELLO,1,0,1,NO,SI
A-2022-04-247,2022-04-19,2022,10:30,MANANA (06-11),LA VICTORIA,URBANA,AVENIDA,CAÍDA DE PASAJERO,1,0,1,NO,SI
A-2022-04-59,2022-04-19,2022,22:00,NOCHE (18-23),CALLAO,URBANA,CARRETERA,ATROPELLO FUGA,1,0,1,SI,NO
A-2022-04-60,2022-04-20,2022,04:55,MADRUGADA (00-05),CALLAO,URBANA,OTRO,DESPISTE,1,0,1,NO,NO
A-2022-04-248,2022-04-20,2022,20:30,NOCHE (18-23),COMAS,URBANA,AVENIDA,DESPISTE,1,1,1,NO,SI
A-2022-04-249,2022-04-20,2022,21:30,NOCHE (18-23),LURIGANCHO,URBANA,CARRETERA,CHOQUE,1,0,2,NO,SI
A-2022-04-268,2022-04-21,2022,03:13,MADRUGADA (00-05),VILLA EL SALVADOR,RURAL,CARRETERA,CHOQUE,1,1,2,NO,NO
A-2022-04-250,2022-04-22,2022,00:03,MADRUGADA (00-05),RIMAC,URBANA,AVENIDA,DESPISTE,1,0,1,NO,SI
A-2022-04-251,2022-04-22,2022,04:00,MADRUGADA (00-05),EL AGUSTINO,URBANA,CARRETERA,VOLCADURA,1,0,2,NO,SI
A-2022-04-252,2022-04-22,2022,11:45,MANANA (06-11),RIMAC,URBANA,CARRETERA,CHOQUE,1,0,2,NO,SI
A-2022-04-61,2022-04-22,2022,14:40,TARDE (12-17),CALLAO,URBANA,CARRETERA,CHOQUE,1,0,2,NO,SI
A-2022-04-254,2022-04-24,2022,05:20,MADRUGADA (00-05),COMAS,URBANA,AVENIDA,CHOQUE,1,0,1,NO,SI
A-2022-04-255,2022-04-24,2022,06:30,MANANA (06-11),ATE,URBANA,CARRETERA,ATROPELLO FUGA,1,0,1,NO,SI
A-2022-04-256,2022-04-24,2022,12:00,TARDE (12-17),PUENTE PIEDRA,URBANA,AVENIDA,ATROPELLO FUGA,1,0,1,SI,NO
A-2022-04-257,2022-04-24,2022,15:30,TARDE (12-17),COMAS,URBANA,CARRETERA,CHOQUE,1,0,2,NO,SI
A-2022-04-259,2022-04-26,2022,06:30,MANANA (06-11),LURIGANCHO,URBANA,CARRETERA,ATROPELLO FUGA,1,0,1,SI,NO
A-2022-04-260,2022-04-26,2022,10:20,MANANA (06-11),SURQUILLO,URBANA,AVENIDA,CHOQUE,1,0,2,NO,SI
A-2022-04-203,2022-04-27,2022,20:00,NOCHE (18-23),CARABAYLLO,URBANA,AVENIDA,ATROPELLO,1,0,1,NO,SI
A-2022-04-261,2022-04-28,2022,16:30,TARDE (12-17),LINCE,URBANA,PASAJE,CHOQUE,1,0,2,NO,SI
A-2022-04-262,2022-04-28,2022,17:50,TARDE (12-17),LURIGANCHO,URBANA,CARRETERA,CHOQUE,1,0,3,NO,SI
A-2022-04-263,2022-04-29,2022,17:00,TARDE (12-17),EL AGUSTINO,URBANA,CARRETERA,DESPISTE,1,0,2,NO,SI
A-2022-04-265,2022-04-29,2022,21:40,NOCHE (18-23),LURIGANCHO,URBANA,CARRETERA,ATROPELLO,1,0,1,NO,SI
A-2022-04-266,2022-04-30,2022,18:45,NOCHE (18-23),PUNTA NEGRA,URBANA,CARRETERA,ATROPELLO,1,0,1,NO,SI
A-2022-05-203,2022-05-02,2022,15:30,TARDE (12-17),LOS OLIVOS,URBANA,AVENIDA,ATROPELLO,1,0,1,NO,SI
A-2022-05-204,2022-05-02,2022,15:55,TARDE (12-17),SANTA ANITA,URBANA,AVENIDA,DESPISTE,1,0,2,NO,SI
A-2022-05-223,2022-05-04,2022,15:30,TARDE (12-17),VENTANILLA,URBANA,CARRETERA,ATROPELLO,1,0,1,NO,NO
A-2022-05-220,2022-05-04,2022,20:48,NOCHE (18-23),CALLAO,URBANA,AVENIDA,ATROPELLO,1,0,1,NO,SI
A-2022-05-206,2022-05-06,2022,13:00,TARDE (12-17),SAN JUAN DE LURIGANCHO,URBANA,AVENIDA,ATROPELLO,1,0,1,NO,SI
A-2022-05-207,2022-05-06,2022,20:16,NOCHE (18-23),SAN MARTIN DE PORRES,URBANA,AVENIDA,ATROPELLO,1,0,1,NO,NO
A-2022-05-208,2022-05-07,2022,04:30,MADRUGADA (00-05),SANTIAGO DE SURCO,URBANA,AVENIDA,ATROPELLO FUGA,1,0,1,NO,NO
A-2022-05-210,2022-05-08,2022,02:30,MADRUGADA (00-05),LA VICTORIA,URBANA,AVENIDA,ATROPELLO,1,0,1,NO,NO
A-2022-05-209,2022-05-08,2022,12:45,TARDE (12-17),COMAS,URBANA,AVENIDA,ATROPELLO FUGA,1,0,1,NO,NO
A-2022-05-211,2022-05-09,2022,01:30,MADRUGADA (00-05),SAN BARTOLO,URBANA,CARRETERA,CHOQUE FUGA,1,1,2,NO,NO
A-2022-05-213,2022-05-12,2022,22:46,NOCHE (18-23),SAN JUAN DE LURIGANCHO,URBANA,AVENIDA,ATROPELLO,1,0,1,NO,SI
A-2022-05-215,2022-05-13,2022,05:30,MADRUGADA (00-05),LURIGANCHO,URBANA,AVENIDA,ATROPELLO,1,0,1,NO,NO
A-2022-05-67,2022-05-13,2022,13:20,TARDE (12-17),CALLAO,URBANA,AVENIDA,ATROPELLO,1,0,1,NO,NO
A-2022-05-257,2022-05-14,2022,12:30,TARDE (12-17),SANTIAGO DE SURCO,URBANA,AVENIDA,ATROPELLO,1,0,1,NO,SI
A-2022-05-258,2022-05-15,2022,20:20,NOCHE (18-23),CHORRILLOS,URBANA,AVENIDA,CHOQUE,1,1,1,NO,SI
A-2022-05-259,2022-05-16,2022,10:20,MANANA (06-11),CARABAYLLO,URBANA,AVENIDA,CHOQUE,1,0,2,NO,SI
A-2022-05-196,2022-05-17,2022,02:40,MADRUGADA (00-05),RIMAC,URBANA,ALAMEDA,ESPECIAL,1,0,1,SI,NO
A-2022-05-260,2022-05-18,2022,05:40,MADRUGADA (00-05),SAN JUAN DE LURIGANCHO,URBANA,AVENIDA,ATROPELLO FUGA,1,0,1,SI,NO
A-2022-05-261,2022-05-22,2022,10:00,MANANA (06-11),COMAS,URBANA,AVENIDA,DESPISTE,1,0,1,NO,SI
A-2022-05-262,2022-05-23,2022,19:30,NOCHE (18-23),LOS OLIVOS,URBANA,AVENIDA,ATROPELLO,1,0,1,NO,SI
A-2022-05-197,2022-05-23,2022,23:00,NOCHE (18-23),PACHACAMAC,URBANA,CARRETERA,ATROPELLO,1,0,1,SI,NO
A-2022-05-263,2022-05-24,2022,05:40,MADRUGADA (00-05),ATE,URBANA,CARRETERA,CHOQUE FUGA,1,0,2,SI,NO
A-2022-05-264,2022-05-26,2022,09:50,MANANA (06-11),SAN JUAN DE LURIGANCHO,URBANA,AVENIDA,CHOQUE,1,0,2,NO,SI
A-2022-05-265,2022-05-27,2022,06:15,MANANA (06-11),SAN JUAN DE MIRAFLORES,URBANA,AVENIDA,CHOQUE FUGA,1,1,2,SI,NO
A-2022-05-266,2022-05-28,2022,16:40,TARDE (12-17),LURIN,URBANA,CARRETERA,CHOQUE,1,0,2,NO,SI
A-2022-05-267,2022-05-30,2022,05:30,MADRUGADA (00-05),LURIN,URBANA,AVENIDA,CHOQUE FUGA,1,0,2,SI,NO
A-2022-05-167,2022-05-30,2022,06:00,MANANA (06-11),CALLAO,URBANA,CARRETERA,ATROPELLO,1,0,1,NO,NO
A-2022-05-268,2022-05-31,2022,13:00,TARDE (12-17),LOS OLIVOS,URBANA,AVENIDA,ATROPELLO,1,0,1,NO,SI
A-2022-06-260,2022-06-01,2022,07:00,MANANA (06-11),VILLA MARIA DEL TRIUNFO,URBANA,AVENIDA,ATROPELLO,1,0,1,NO,SI
A-2022-06-262,2022-06-01,2022,11:40,MANANA (06-11),VILLA MARIA DEL TRIUNFO,URBANA,AVENIDA,DESPISTE,1,0,1,NO,SI
A-2022-06-261,2022-06-01,2022,13:30,TARDE (12-17),SAN MARTIN DE PORRES,URBANA,AVENIDA,ATROPELLO,1,0,1,NO,SI
A-2022-06-263,2022-06-02,2022,18:10,NOCHE (18-23),VILLA EL SALVADOR,URBANA,AVENIDA,ATROPELLO,1,0,1,NO,SI
A-2022-06-216,2022-06-05,2022,03:00,MADRUGADA (00-05),CHORRILLOS,URBANA,AVENIDA,CHOQUE,1,1,2,NO,NO
A-2022-06-215,2022-06-05,2022,08:00,MANANA (06-11),CARABAYLLO,URBANA,AVENIDA,DESPISTE,1,1,1,NO,NO
A-2022-06-217,2022-06-05,2022,12:00,TARDE (12-17),ATE,URBANA,AVENIDA,CHOQUE,1,1,2,NO,NO
A-2022-06-264,2022-06-06,2022,09:15,MANANA (06-11),SANTIAGO DE SURCO,URBANA,AVENIDA,ATROPELLO,1,0,1,NO,SI
A-2022-06-214,2022-06-06,2022,09:45,MANANA (06-11),SAN JUAN DE LURIGANCHO,RURAL,CARRETERA,ATROPELLO,1,0,1,NO,NO
A-2022-06-94,2022-06-07,2022,17:30,TARDE (12-17),CALLAO,URBANA,CARRETERA,ATROPELLO,1,0,1,NO,NO
A-2022-06-213,2022-06-07,2022,19:45,NOCHE (18-23),CIENEGUILLA,URBANA,CARRETERA,DESPISTE,1,1,1,NO,SI
A-2022-06-212,2022-06-09,2022,15:30,TARDE (12-17),LA VICTORIA,URBANA,AVENIDA,CHOQUE,1,1,2,NO,SI
A-2022-06-211,2022-06-16,2022,01:30,MADRUGADA (00-05),LIMA,URBANA,AVENIDA,ATROPELLO,1,0,1,NO,NO
A-2022-06-210,2022-06-16,2022,09:00,MANANA (06-11),VILLA EL SALVADOR,URBANA,AVENIDA,ATROPELLO,1,0,1,NO,SI
A-2022-06-209,2022-06-17,2022,03:00,MADRUGADA (00-05),LA VICTORIA,URBANA,JIRÓN,ATROPELLO,1,0,1,NO,NO
A-2022-06-206,2022-06-18,2022,06:15,MANANA (06-11),ANCON,URBANA,CARRETERA,CHOQUE,1,1,2,NO,SI
A-2022-06-205,2022-06-18,2022,09:00,MANANA (06-11),SAN MARTIN DE PORRES,URBANA,AVENIDA,ATROPELLO,1,0,1,NO,NO
A-2022-06-207,2022-06-18,2022,20:20,NOCHE (18-23),SANTA ANITA,URBANA,AVENIDA,ATROPELLO,1,0,1,NO,SI
A-2022-06-208,2022-06-18,2022,23:00,NOCHE (18-23),SAN JUAN DE LURIGANCHO,URBANA,AVENIDA,ATROPELLO,1,0,1,NO,NO
A-2022-06-204,2022-06-19,2022,03:00,MADRUGADA (00-05),LURIGANCHO,URBANA,CARRETERA,ATROPELLO FUGA,1,0,1,SI,NO
A-2022-06-203,2022-06-19,2022,06:00,MANANA (06-11),LA VICTORIA,URBANA,AVENIDA,ATROPELLO FUGA,1,0,1,SI,NO
A-2022-06-202,2022-06-19,2022,22:50,NOCHE (18-23),PUENTE PIEDRA,URBANA,CARRETERA,ATROPELLO FUGA,1,0,1,SI,NO
A-2022-06-199,2022-06-21,2022,00:30,MADRUGADA (00-05),SAN JUAN DE MIRAFLORES,URBANA,CARRETERA,ATROPELLO FUGA,1,0,1,SI,NO
A-2022-06-200,2022-06-21,2022,06:40,MANANA (06-11),LOS OLIVOS,URBANA,AVENIDA,DESPISTE,1,0,1,NO,NO
A-2022-06-201,2022-06-21,2022,15:50,TARDE (12-17),LOS OLIVOS,URBANA,AVENIDA,CHOQUE,1,4,2,NO,NO
A-2022-06-198,2022-06-25,2022,12:00,TARDE (12-17),ATE,URBANA,AVENIDA,ATROPELLO,1,0,1,NO,SI
A-2022-06-196,2022-06-26,2022,18:45,NOCHE (18-23),SAN JUAN DE MIRAFLORES,URBANA,CARRETERA,ATROPELLO,1,0,1,NO,NO
A-2022-06-193,2022-06-27,2022,01:00,MADRUGADA (00-05),EL AGUSTINO,RURAL,CARRETERA,ATROPELLO FUGA,1,0,1,SI,NO
A-2022-06-194,2022-06-27,2022,02:00,MADRUGADA (00-05),CHACLACAYO,URBANA,CARRETERA,DESPISTE,1,0,1,NO,NO
A-2022-06-195,2022-06-27,2022,03:40,MADRUGADA (00-05),SAN BORJA,URBANA,AVENIDA,DESPISTE,1,1,1,NO,NO
A-2022-06-191,2022-06-28,2022,05:48,MADRUGADA (00-05),LURIN,RURAL,CARRETERA,ATROPELLO FUGA,1,0,1,SI,NO
A-2022-06-192,2022-06-28,2022,13:45,TARDE (12-17),VILLA EL SALVADOR,RURAL,CARRETERA,DESPISTE,2,2,2,NO,NO
A-2022-06-190,2022-06-30,2022,00:50,MADRUGADA (00-05),MIRAFLORES,URBANA,OTRO,ATROPELLO FUGA,1,0,1,SI,NO
A-2022-06-189,2022-06-30,2022,01:00,MADRUGADA (00-05),LURIN,URBANA,CARRETERA,ATROPELLO FUGA,1,0,1,SI,NO
A-2022-06-188,2022-06-30,2022,06:46,MANANA (06-11),ANCON,URBANA,CARRETERA,ATROPELLO FUGA,1,0,1,SI,NO
A-2022-07-186,2022-07-02,2022,01:30,MADRUGADA (00-05),LURIN,URBANA,AVENIDA,ATROPELLO FUGA,1,0,1,SI,NO
A-2022-07-187,2022-07-02,2022,02:50,MADRUGADA (00-05),PUEBLO LIBRE,URBANA,AVENIDA,ATROPELLO FUGA,1,0,1,SI,NO
A-2022-07-3,2022-07-03,2022,10:30,MANANA (06-11),CALLAO,URBANA,AVENIDA,ATROPELLO,1,0,1,NO,SI
A-2022-07-185,2022-07-04,2022,03:50,MADRUGADA (00-05),BARRANCO,URBANA,OTRO,CHOQUE CON OBJETO FIJO,1,0,1,NO,NO
A-2022-07-184,2022-07-05,2022,05:45,MADRUGADA (00-05),CHORRILLOS,URBANA,AVENIDA,DESPISTE,1,0,1,NO,NO
A-2022-07-183,2022-07-05,2022,11:00,MANANA (06-11),SAN MARTIN DE PORRES,URBANA,AVENIDA,ATROPELLO,1,0,1,NO,NO
A-2022-07-180,2022-07-05,2022,22:45,NOCHE (18-23),RIMAC,URBANA,AVENIDA,ATROPELLO,1,0,1,NO,NO
A-2022-07-198,2022-07-07,2022,13:58,TARDE (12-17),MIRAFLORES,URBANA,AVENIDA,ATROPELLO,1,0,1,NO,NO
A-2022-07-179,2022-07-08,2022,05:55,MADRUGADA (00-05),MIRAFLORES,URBANA,AVENIDA,DESPISTE,1,0,1,NO,NO
A-2022-07-178,2022-07-10,2022,18:20,NOCHE (18-23),SANTA ANITA,URBANA,AVENIDA,ATROPELLO,1,0,1,NO,NO
A-2022-07-238,2022-07-12,2022,12:30,TARDE (12-17),CALLAO,URBANA,CALLE,ATROPELLO FUGA,1,0,1,SI,NO
A-2022-07-177,2022-07-12,2022,23:45,NOCHE (18-23),SAN MARTIN DE PORRES,URBANA,AVENIDA,ATROPELLO FUGA,1,0,1,SI,NO
A-2022-07-176,2022-07-13,2022,04:15,MADRUGADA (00-05),SAN JUAN DE MIRAFLORES,URBANA,AVENIDA,CHOQUE,1,0,2,NO,NO
A-2022-07-175,2022-07-13,2022,17:39,TARDE (12-17),CHORRILLOS,URBANA,AVENIDA,CHOQUE FUGA,1,0,2,NO,NO
A-2022-07-172,2022-07-16,2022,14:30,TARDE (12-17),INDEPENDENCIA,URBANA,CALLE,ATROPELLO,1,0,1,NO,SI
A-2022-07-173,2022-07-17,2022,00:00,MADRUGADA (00-05),RIMAC,URBANA,CARRETERA,ATROPELLO,1,0,1,NO,SI
A-2022-07-171,2022-07-18,2022,04:30,MADRUGADA (00-05),VILLA EL SALVADOR,URBANA,CARRETERA,ATROPELLO FUGA,1,0,1,SI,NO
A-2022-07-170,2022-07-19,2022,20:00,NOCHE (18-23),SANTA ANITA,URBANA,AVENIDA,ATROPELLO FUGA,1,0,1,SI,NO
A-2022-07-169,2022-07-20,2022,11:30,MANANA (06-11),SAN JUAN DE MIRAFLORES,URBANA,AVENIDA,ATROPELLO,1,0,1,NO,SI
A-2022-07-168,2022-07-23,2022,16:00,TARDE (12-17),CARABAYLLO,URBANA,AVENIDA,DESPISTE,1,0,1,NO,NO
A-2022-07-165,2022-07-24,2022,17:00,TARDE (12-17),SANTA ROSA,URBANA,AVENIDA,DESPISTE,1,0,1,NO,NO
A-2022-07-164,2022-07-24,2022,20:00,NOCHE (18-23),VILLA EL SALVADOR,URBANA,AVENIDA,ATROPELLO,1,0,1,NO,SI
A-2022-07-161,2022-07-26,2022,14:05,TARDE (12-17),SAN MARTIN DE PORRES,URBANA,AVENIDA,CHOQUE,1,0,2,NO,NO
A-2022-07-275,2022-07-27,2022,11:50,MANANA (06-11),LURIN,URBANA,CARRETERA,CHOQUE,1,0,2,NO,NO
A-2022-07-162,2022-07-27,2022,22:30,NOCHE (18-23),SAN MIGUEL,URBANA,OTRO,ATROPELLO,1,1,2,SI,NO
A-2022-07-163,2022-07-28,2022,16:20,TARDE (12-17),RIMAC,URBANA,CARRETERA,ATROPELLO FUGA,1,0,1,SI,NO
A-2022-07-160,2022-07-29,2022,05:40,MADRUGADA (00-05),CARABAYLLO,URBANA,CARRETERA,ATROPELLO FUGA,1,0,1,SI,NO
A-2022-07-276,2022-07-31,2022,22:50,NOCHE (18-23),LURIN,URBANA,CARRETERA,CHOQUE,2,6,2,NO,NO
A-2022-08-1,2022-08-02,2022,06:35,MANANA (06-11),CALLAO,URBANA,AVENIDA,CHOQUE,1,0,2,NO,NO
A-2022-08-170,2022-08-04,2022,15:00,TARDE (12-17),LA VICTORIA,URBANA,AVENIDA,ATROPELLO,1,0,1,NO,NO
A-2022-08-2,2022-08-04,2022,23:00,NOCHE (18-23),VENTANILLA,URBANA,CARRETERA,CAÍDA DE PASAJERO,1,1,1,NO,SI
A-2022-08-169,2022-08-05,2022,18:50,NOCHE (18-23),SANTA ANITA,URBANA,AVENIDA,CHOQUE,1,0,2,NO,SI
A-2022-08-168,2022-08-07,2022,22:50,NOCHE (18-23),CHACLACAYO,URBANA,CARRETERA,ATROPELLO,1,0,1,NO,NO
A-2022-08-167,2022-08-08,2022,08:30,MANANA (06-11),ANCON,RURAL,CARRETERA,DESPISTE,1,0,1,NO,NO
A-2022-08-102,2022-08-09,2022,06:15,MANANA (06-11),CALLAO,URBANA,CARRETERA,ATROPELLO,1,0,1,NO,NO
A-2022-08-165,2022-08-10,2022,06:45,MANANA (06-11),SAN JUAN DE LURIGANCHO,URBANA,AVENIDA,ATROPELLO,1,0,1,NO,NO
A-2022-08-166,2022-08-10,2022,07:30,MANANA (06-11),PUNTA HERMOSA,RURAL,AVENIDA,CHOQUE,2,0,2,NO,NO
A-2022-08-163,2022-08-11,2022,00:05,MADRUGADA (00-05),LOS OLIVOS,URBANA,AVENIDA,ATROPELLO FUGA,1,0,1,SI,NO
A-2022-08-164,2022-08-11,2022,04:30,MADRUGADA (00-05),CHORRILLOS,URBANA,AVENIDA,CHOQUE,1,1,2,NO,NO
A-2022-08-162,2022-08-12,2022,19:20,NOCHE (18-23),SAN JUAN DE LURIGANCHO,URBANA,JIRÓN,CHOQUE FUGA,1,0,2,SI,NO
A-2022-08-160,2022-08-13,2022,17:15,TARDE (12-17),SANTA ANITA,URBANA,CARRETERA,ATROPELLO,1,0,1,NO,SI
A-2022-08-155,2022-08-13,2022,18:00,NOCHE (18-23),CARABAYLLO,URBANA,AVENIDA,CHOQUE,1,3,2,NO,NO
A-2022-08-161,2022-08-14,2022,05:20,MADRUGADA (00-05),CARABAYLLO,URBANA,AVENIDA,DESPISTE,1,1,2,NO,SI
A-2022-08-158,2022-08-14,2022,05:30,MADRUGADA (00-05),VILLA EL SALVADOR,URBANA,CARRETERA,ATROPELLO,1,0,1,NO,NO
A-2022-08-157,2022-08-14,2022,10:30,MANANA (06-11),COMAS,URBANA,AVENIDA,VOLCADURA,1,0,1,SI,NO
A-2022-08-159,2022-08-14,2022,22:20,NOCHE (18-23),VILLA MARIA DEL TRIUNFO,URBANA,AVENIDA,DESPISTE,1,0,1,NO,NO
A-2022-08-156,2022-08-15,2022,00:20,MADRUGADA (00-05),MAGDALENA DEL MAR,URBANA,OTRO,DESPISTE,1,1,1,NO,SI
A-2022-08-154,2022-08-17,2022,06:40,MANANA (06-11),VILLA MARIA DEL TRIUNFO,URBANA,AVENIDA,CHOQUE,2,0,2,NO,NO
A-2022-08-153,2022-08-19,2022,03:40,MADRUGADA (00-05),LOS OLIVOS,URBANA,AVENIDA,CHOQUE,1,0,2,NO,NO
A-2022-08-150,2022-08-19,2022,15:50,TARDE (12-17),ATE,URBANA,CALLE,CAÍDA DE PASAJERO,1,0,1,NO,NO
A-2022-08-151,2022-08-20,2022,18:20,NOCHE (18-23),SAN JUAN DE LURIGANCHO,URBANA,AVENIDA,DESPISTE,1,0,1,NO,NO
A-2022-08-152,2022-08-21,2022,18:00,NOCHE (18-23),LOS OLIVOS,URBANA,AVENIDA,ATROPELLO FUGA,1,0,1,SI,NO
A-2022-08-212,2022-08-23,2022,08:00,MANANA (06-11),VENTANILLA,URBANA,AVENIDA,VOLCADURA,1,0,1,NO,NO
A-2022-08-149,2022-08-23,2022,13:10,TARDE (12-17),EL AGUSTINO,URBANA,CARRETERA,CHOQUE,1,0,2,SI,NO
A-2022-08-148,2022-08-25,2022,09:45,MANANA (06-11),ATE,URBANA,CARRETERA,ATROPELLO,1,0,1,NO,NO
A-2022-08-274,2022-08-26,2022,04:25,MADRUGADA (00-05),SAN MARTIN DE PORRES,URBANA,AVENIDA,CHOQUE,1,0,2,NO,NO
A-2022-08-147,2022-08-26,2022,18:40,NOCHE (18-23),ANCON,URBANA,CARRETERA,ATROPELLO FUGA,1,0,1,NO,NO
A-2022-08-146,2022-08-26,2022,21:20,NOCHE (18-23),VILLA EL SALVADOR,URBANA,AVENIDA,ATROPELLO,1,0,1,NO,NO
A-2022-08-145,2022-08-27,2022,06:30,MANANA (06-11),COMAS,URBANA,AVENIDA,ATROPELLO FUGA,1,0,1,SI,NO
A-2022-08-144,2022-08-27,2022,07:45,MANANA (06-11),SANTIAGO DE SURCO,URBANA,CARRETERA,CHOQUE,1,0,4,NO,NO
A-2022-08-143,2022-08-28,2022,06:20,MANANA (06-11),LURIN,URBANA,CARRETERA,CHOQUE,1,0,2,NO,NO
A-2022-08-141,2022-08-29,2022,05:20,MADRUGADA (00-05),PUENTE PIEDRA,URBANA,CARRETERA,ATROPELLO,1,0,1,NO,NO
A-2022-08-142,2022-08-29,2022,15:40,TARDE (12-17),SAN JUAN DE LURIGANCHO,URBANA,AVENIDA,ATROPELLO,1,0,1,NO,NO
A-2022-08-139,2022-08-30,2022,21:30,NOCHE (18-23),LOS OLIVOS,URBANA,CARRETERA,ATROPELLO,1,0,1,NO,NO
A-2022-08-140,2022-08-30,2022,23:40,NOCHE (18-23),PUENTE PIEDRA,URBANA,CARRETERA,ATROPELLO,1,0,1,NO,NO
A-2022-09-158,2022-09-02,2022,01:45,MADRUGADA (00-05),LIMA,URBANA,JIRÓN,DESPISTE,1,0,1,NO,NO
A-2022-09-157,2022-09-03,2022,16:30,TARDE (12-17),LA VICTORIA,URBANA,VIA EXPRESA,CHOQUE,1,1,2,NO,SI
A-2022-09-155,2022-09-04,2022,02:00,MADRUGADA (00-05),LA VICTORIA,URBANA,AVENIDA,CHOQUE,1,0,2,NO,NO
A-2022-09-156,2022-09-04,2022,02:10,MADRUGADA (00-05),PUNTA HERMOSA,RURAL,CARRETERA,ATROPELLO FUGA,1,0,1,SI,NO
A-2022-09-154,2022-09-05,2022,11:00,MANANA (06-11),COMAS,URBANA,AVENIDA,DESPISTE,1,0,1,NO,NO
A-2022-09-153,2022-09-08,2022,05:00,MADRUGADA (00-05),SANTIAGO DE SURCO,URBANA,CARRETERA,CHOQUE CON OBJETO FIJO,1,0,1,NO,SI
A-2022-09-152,2022-09-08,2022,08:30,MANANA (06-11),VILLA EL SALVADOR,URBANA,AVENIDA,CAÍDA DE PASAJERO,1,0,1,NO,SI
A-2022-09-151,2022-09-09,2022,04:20,MADRUGADA (00-05),VILLA EL SALVADOR,URBANA,AVENIDA,ATROPELLO,1,0,1,NO,NO
A-2022-09-274,2022-09-10,2022,01:20,MADRUGADA (00-05),CARABAYLLO,URBANA,AVENIDA,CHOQUE,1,0,2,NO,NO
A-2022-09-150,2022-09-12,2022,03:40,MADRUGADA (00-05),LURIGANCHO,URBANA,CARRETERA,DESPISTE,1,1,1,NO,NO
A-2022-09-180,2022-09-13,2022,15:10,TARDE (12-17),LIMA,URBANA,AVENIDA,ATROPELLO,1,0,1,NO,NO
A-2022-09-207,2022-09-13,2022,21:40,NOCHE (18-23),VILLA EL SALVADOR,URBANA,AVENIDA,DESPISTE,1,1,1,NO,NO
A-2022-09-181,2022-09-17,2022,03:20,MADRUGADA (00-05),CALLAO,URBANA,CARRETERA,CHOQUE,1,0,3,SI,NO
A-2022-09-206,2022-09-18,2022,18:50,NOCHE (18-23),ATE,URBANA,AVENIDA,ATROPELLO FUGA,1,0,1,SI,NO
A-2022-09-182,2022-09-19,2022,04:35,MADRUGADA (00-05),CALLAO,URBANA,AVENIDA,ATROPELLO FUGA,1,0,1,SI,NO
A-2022-09-205,2022-09-19,2022,06:50,MANANA (06-11),CARABAYLLO,URBANA,AVENIDA,CHOQUE,1,0,2,NO,NO
A-2022-09-208,2022-09-20,2022,11:30,MANANA (06-11),PACHACAMAC,URBANA,CARRETERA,ATROPELLO,1,0,1,NO,NO
A-2022-09-204,2022-09-20,2022,12:10,TARDE (12-17),INDEPENDENCIA,URBANA,AVENIDA,CHOQUE,1,3,2,NO,NO
A-2022-09-203,2022-09-21,2022,20:00,NOCHE (18-23),ATE,URBANA,JIRÓN,ATROPELLO,1,0,1,NO,NO
A-2022-09-202,2022-09-21,2022,22:30,NOCHE (18-23),LINCE,URBANA,AVENIDA,CHOQUE,1,0,2,NO,NO
A-2022-09-200,2022-09-24,2022,23:40,NOCHE (18-23),SAN JUAN DE MIRAFLORES,URBANA,CARRETERA,ATROPELLO,1,0,1,NO,NO
A-2022-09-198,2022-09-25,2022,00:00,MADRUGADA (00-05),LURIGANCHO,RURAL,CARRETERA,ATROPELLO,1,0,1,NO,NO
A-2022-09-199,2022-09-25,2022,20:30,NOCHE (18-23),CARABAYLLO,URBANA,AVENIDA,ATROPELLO,1,0,1,NO,NO
A-2022-09-197,2022-09-25,2022,23:20,NOCHE (18-23),SAN MARTIN DE PORRES,URBANA,CARRETERA,ATROPELLO FUGA,1,0,1,SI,NO
A-2022-09-196,2022-09-26,2022,02:45,MADRUGADA (00-05),LOS OLIVOS,URBANA,AVENIDA,CHOQUE,1,2,1,NO,SI
A-2022-09-195,2022-09-26,2022,18:30,NOCHE (18-23),LOS OLIVOS,URBANA,CARRETERA,ATROPELLO,1,0,1,NO,NO
A-2022-10-146,2022-10-01,2022,04:30,MADRUGADA (00-05),CIENEGUILLA,RURAL,AVENIDA,CHOQUE,1,1,2,NO,NO
A-2022-10-144,2022-10-03,2022,07:30,MANANA (06-11),CHORRILLOS,URBANA,AVENIDA,ATROPELLO,1,0,1,NO,NO
A-2022-10-143,2022-10-03,2022,16:00,TARDE (12-17),PUNTA HERMOSA,URBANA,CARRETERA,DESPISTE,1,0,1,NO,NO
A-2022-10-142,2022-10-04,2022,17:30,TARDE (12-17),LA MOLINA,URBANA,CARRETERA,ATROPELLO,1,0,1,NO,NO
A-2022-10-139,2022-10-09,2022,03:00,MADRUGADA (00-05),SAN JUAN DE MIRAFLORES,URBANA,CARRETERA,ATROPELLO,1,0,1,NO,NO
A-2022-10-217,2022-10-09,2022,20:19,NOCHE (18-23),SAN JUAN DE LURIGANCHO,URBANA,CARRETERA,ATROPELLO FUGA,1,0,1,SI,NO
A-2022-10-137,2022-10-10,2022,08:00,MANANA (06-11),LURIGANCHO,RURAL,AVENIDA,ATROPELLO,1,0,1,NO,NO
A-2022-10-136,2022-10-10,2022,10:20,MANANA (06-11),MIRAFLORES,URBANA,AVENIDA,ATROPELLO,1,0,1,NO,NO
A-2022-10-138,2022-10-10,2022,13:40,TARDE (12-17),LOS OLIVOS,URBANA,AVENIDA,ATROPELLO,1,0,1,NO,NO
A-2022-10-121,2022-10-12,2022,14:00,TARDE (12-17),CALLAO,URBANA,CARRETERA,ATROPELLO,1,0,1,NO,NO
A-2022-10-135,2022-10-12,2022,15:20,TARDE (12-17),VILLA MARIA DEL TRIUNFO,URBANA,AVENIDA,CHOQUE,1,2,2,NO,SI
A-2022-10-134,2022-10-15,2022,22:30,NOCHE (18-23),PUNTA HERMOSA,URBANA,AVENIDA,ATROPELLO,1,0,1,NO,NO
A-2022-10-117,2022-10-18,2022,02:30,MADRUGADA (00-05),VENTANILLA,URBANA,AVENIDA,CAÍDA DE PASAJERO,1,0,1,NO,NO
A-2022-10-133,2022-10-18,2022,19:45,NOCHE (18-23),SAN MARTIN DE PORRES,URBANA,AVENIDA,DESPISTE,1,0,1,NO,SI
A-2022-10-132,2022-10-21,2022,03:50,MADRUGADA (00-05),PUNTA HERMOSA,URBANA,CARRETERA,CHOQUE,7,3,2,NO,NO
A-2022-10-123,2022-10-21,2022,16:50,TARDE (12-17),CALLAO,URBANA,CARRETERA,ATROPELLO,1,0,1,NO,NO
A-2022-10-122,2022-10-22,2022,21:00,NOCHE (18-23),CALLAO,URBANA,AVENIDA,ATROPELLO,1,0,1,NO,NO
A-2022-10-148,2022-10-24,2022,08:50,MANANA (06-11),COMAS,URBANA,AVENIDA,CHOQUE,1,0,2,NO,NO
A-2022-10-147,2022-10-27,2022,08:10,MANANA (06-11),CHORRILLOS,URBANA,AVENIDA,ATROPELLO,1,0,1,NO,NO
A-2022-10-130,2022-10-30,2022,07:40,MANANA (06-11),ANCON,RURAL,CARRETERA,CHOQUE,1,0,2,NO,NO
A-2022-10-129,2022-10-30,2022,16:30,TARDE (12-17),LOS OLIVOS,URBANA,JIRÓN,CHOQUE FUGA,1,1,2,SI,NO
A-2022-10-128,2022-10-30,2022,21:30,NOCHE (18-23),VILLA MARIA DEL TRIUNFO,URBANA,AVENIDA,CHOQUE,1,1,2,NO,NO
A-2022-10-126,2022-10-31,2022,18:00,NOCHE (18-23),LA MOLINA,RURAL,CARRETERA,VOLCADURA,1,0,1,NO,SI
A-2022-11-155,2022-11-01,2022,06:55,MANANA (06-11),PUCUSANA,URBANA,CARRETERA,DESPISTE,1,3,3,NO,NO
A-2022-11-156,2022-11-01,2022,07:35,MANANA (06-11),SAN MARTIN DE PORRES,URBANA,AVENIDA,ATROPELLO,1,0,1,NO,NO
A-2022-11-134,2022-11-03,2022,00:30,MADRUGADA (00-05),SAN MIGUEL,URBANA,OTRO,CHOQUE CON OBJETO FIJO,1,1,1,NO,NO
A-2022-11-135,2022-11-05,2022,22:30,NOCHE (18-23),PUENTE PIEDRA,URBANA,CARRETERA,ATROPELLO,1,0,1,NO,NO
A-2022-11-235,2022-11-06,2022,01:30,MADRUGADA (00-05),LURIN,URBANA,CARRETERA,ATROPELLO FUGA,1,0,1,SI,NO
A-2022-11-239,2022-11-06,2022,05:30,MADRUGADA (00-05),LURIN,RURAL,CARRETERA,ATROPELLO FUGA,1,0,1,SI,NO
A-2022-11-238,2022-11-06,2022,19:30,NOCHE (18-23),VILLA MARIA DEL TRIUNFO,URBANA,AVENIDA,ATROPELLO FUGA,1,0,1,SI,NO
A-2022-11-157,2022-11-07,2022,05:30,MADRUGADA (00-05),PACHACAMAC,URBANA,JIRÓN,CHOQUE,1,3,2,NO,SI
A-2022-11-136,2022-11-07,2022,05:45,MADRUGADA (00-05),SAN MARTIN DE PORRES,URBANA,CARRETERA,DESPISTE,1,0,1,NO,NO
A-2022-11-231,2022-11-07,2022,21:50,NOCHE (18-23),CARABAYLLO,URBANA,AVENIDA,ATROPELLO,1,0,1,NO,NO
A-2022-11-137,2022-11-07,2022,22:00,NOCHE (18-23),LA VICTORIA,URBANA,VIA EXPRESA,ATROPELLO FUGA,1,0,1,SI,NO
A-2022-11-133,2022-11-08,2022,08:30,MANANA (06-11),CALLAO,URBANA,CARRETERA,ATROPELLO,1,0,1,NO,NO
A-2022-11-119,2022-11-08,2022,16:00,TARDE (12-17),CALLAO,URBANA,CARRETERA,CHOQUE,1,0,2,NO,NO
A-2022-11-138,2022-11-08,2022,16:00,TARDE (12-17),LURIGANCHO,URBANA,AVENIDA,CHOQUE,1,0,2,NO,NO
A-2022-11-158,2022-11-10,2022,07:20,MANANA (06-11),SAN JUAN DE LURIGANCHO,URBANA,AVENIDA,ATROPELLO,1,1,1,NO,NO
A-2022-11-140,2022-11-10,2022,19:30,NOCHE (18-23),LIMA,URBANA,JIRÓN,ATROPELLO FUGA,1,0,1,SI,NO
A-2022-11-161,2022-11-11,2022,14:40,TARDE (12-17),VILLA EL SALVADOR,URBANA,AVENIDA,ATROPELLO,1,0,1,NO,NO
A-2022-11-160,2022-11-11,2022,17:20,TARDE (12-17),LURIN,URBANA,CARRETERA,DESPISTE,1,3,1,NO,NO
A-2022-11-139,2022-11-12,2022,05:30,MADRUGADA (00-05),SAN MIGUEL,URBANA,AVENIDA,CHOQUE,1,0,2,NO,NO
A-2022-11-141,2022-11-12,2022,20:10,NOCHE (18-23),LURIGANCHO,URBANA,CARRETERA,CHOQUE,1,1,2,NO,NO
A-2022-11-233,2022-11-13,2022,18:50,NOCHE (18-23),SAN MARTIN DE PORRES,URBANA,AVENIDA,CHOQUE,1,0,2,NO,NO
A-2022-11-142,2022-11-13,2022,23:15,NOCHE (18-23),LOS OLIVOS,URBANA,AVENIDA,DESPISTE,1,0,1,NO,NO
A-2022-11-162,2022-11-14,2022,00:30,MADRUGADA (00-05),LURIGANCHO,URBANA,CALLE,ATROPELLO FUGA,1,0,1,SI,NO
A-2022-11-143,2022-11-15,2022,12:30,TARDE (12-17),ANCON,URBANA,CARRETERA,ATROPELLO,1,0,1,NO,NO
A-2022-11-144,2022-11-15,2022,23:00,NOCHE (18-23),SAN MARTIN DE PORRES,URBANA,CARRETERA,ATROPELLO,1,0,1,NO,NO
A-2022-11-145,2022-11-16,2022,05:30,MADRUGADA (00-05),LOS OLIVOS,URBANA,CARRETERA,CHOQUE,1,1,2,NO,NO
A-2022-11-146,2022-11-16,2022,20:15,NOCHE (18-23),BREÑA,URBANA,AVENIDA,ATROPELLO,1,1,1,NO,NO
A-2022-11-147,2022-11-18,2022,18:00,NOCHE (18-23),LOS OLIVOS,URBANA,AVENIDA,ATROPELLO,1,0,1,NO,NO
A-2022-11-148,2022-11-19,2022,05:40,MADRUGADA (00-05),ATE,URBANA,CARRETERA,CHOQUE,1,0,2,NO,SI
A-2022-11-241,2022-11-19,2022,17:00,TARDE (12-17),PUEBLO LIBRE,URBANA,AVENIDA,CHOQUE,1,0,2,NO,NO
A-2022-11-149,2022-11-21,2022,04:00,MADRUGADA (00-05),EL AGUSTINO,URBANA,AVENIDA,DESPISTE,1,0,1,NO,SI
A-2022-11-236,2022-11-22,2022,19:45,NOCHE (18-23),VILLA EL SALVADOR,URBANA,AVENIDA,ATROPELLO,1,0,1,NO,SI
A-2022-11-150,2022-11-23,2022,18:50,NOCHE (18-23),PUENTE PIEDRA,URBANA,CARRETERA,ATROPELLO,1,0,1,NO,NO
A-2022-11-232,2022-11-24,2022,19:40,NOCHE (18-23),RIMAC,URBANA,JIRÓN,ATROPELLO,1,0,1,NO,NO
A-2022-11-151,2022-11-25,2022,11:45,MANANA (06-11),COMAS,URBANA,AVENIDA,CAÍDA DE PASAJERO,1,0,1,SI,NO
A-2022-11-163,2022-11-25,2022,15:50,TARDE (12-17),VILLA MARIA DEL TRIUNFO,URBANA,CALLE,ATROPELLO,1,0,1,NO,NO
A-2022-11-234,2022-11-26,2022,07:50,MANANA (06-11),LOS OLIVOS,URBANA,AVENIDA,DESPISTE,1,0,1,NO,NO
A-2022-11-153,2022-11-27,2022,05:52,MADRUGADA (00-05),ANCON,URBANA,CALLE,DESPISTE,1,0,1,NO,NO
A-2022-11-122,2022-11-27,2022,10:10,MANANA (06-11),VENTANILLA,URBANA,CALLE,ATROPELLO,1,1,1,NO,NO
A-2022-11-152,2022-11-27,2022,15:00,TARDE (12-17),SAN BORJA,URBANA,AVENIDA,DESPISTE,1,0,1,NO,NO
A-2022-11-154,2022-11-28,2022,05:30,MADRUGADA (00-05),SAN MARTIN DE PORRES,URBANA,CARRETERA,DESPISTE,1,0,1,NO,SI
A-2022-11-237,2022-11-30,2022,03:30,MADRUGADA (00-05),SANTIAGO DE SURCO,URBANA,CARRETERA,DESPISTE,1,0,2,NO,SI
A-2022-12-147,2022-12-02,2022,08:30,MANANA (06-11),ATE,URBANA,CARRETERA,CHOQUE,1,1,2,NO,SI
A-2022-12-135,2022-12-02,2022,22:55,NOCHE (18-23),LURIGANCHO,URBANA,CARRETERA,DESPISTE,1,0,1,NO,NO
A-2022-12-136,2022-12-03,2022,07:00,MANANA (06-11),CARABAYLLO,URBANA,AVENIDA,ATROPELLO,1,0,1,NO,NO
A-2022-12-137,2022-12-03,2022,12:00,TARDE (12-17),LURIN,URBANA,AVENIDA,ATROPELLO,1,0,1,NO,NO
A-2022-12-148,2022-12-04,2022,02:10,MADRUGADA (00-05),MIRAFLORES,URBANA,OTRO,DESPISTE,1,1,1,NO,NO
A-2022-12-110,2022-12-04,2022,19:45,NOCHE (18-23),CALLAO,URBANA,AVENIDA,ATROPELLO,1,0,1,NO,NO
A-2022-12-138,2022-12-05,2022,18:00,NOCHE (18-23),LURIGANCHO,URBANA,AVENIDA,DESPISTE,1,0,1,NO,SI
A-2022-12-149,2022-12-05,2022,20:30,NOCHE (18-23),PACHACAMAC,URBANA,CARRETERA,ATROPELLO,1,0,1,NO,NO
A-2022-12-139,2022-12-05,2022,23:30,NOCHE (18-23),SAN MARTIN DE PORRES,URBANA,AVENIDA,DESPISTE,1,0,1,NO,NO
A-2022-12-140,2022-12-06,2022,10:00,MANANA (06-11),MIRAFLORES,URBANA,OTRO,DESPISTE,1,0,1,NO,NO
A-2022-12-150,2022-12-06,2022,11:20,MANANA (06-11),SAN ISIDRO,URBANA,AVENIDA,ATROPELLO,1,0,3,NO,SI
A-2022-12-141,2022-12-08,2022,04:50,MADRUGADA (00-05),CHORRILLOS,URBANA,AVENIDA,DESPISTE,1,0,1,NO,NO
A-2022-12-142,2022-12-10,2022,10:30,MANANA (06-11),LIMA,URBANA,JIRÓN,DESPISTE,1,1,1,NO,NO
A-2022-12-133,2022-12-10,2022,14:00,TARDE (12-17),CALLAO,URBANA,CARRETERA,CHOQUE CON OBJETO FIJO,1,0,1,NO,NO
A-2022-12-151,2022-12-10,2022,23:30,NOCHE (18-23),SAN JUAN DE MIRAFLORES,URBANA,CARRETERA,ATROPELLO FUGA,1,0,2,SI,NO
A-2022-12-143,2022-12-11,2022,00:15,MADRUGADA (00-05),LURIGANCHO,URBANA,CARRETERA,ATROPELLO,1,0,1,NO,NO
A-2022-12-144,2022-12-11,2022,12:50,TARDE (12-17),COMAS,URBANA,CARRETERA,ATROPELLO,1,0,1,NO,NO
A-2022-12-152,2022-12-12,2022,18:15,NOCHE (18-23),SAN MARTIN DE PORRES,URBANA,AVENIDA,ATROPELLO,1,0,1,NO,NO
A-2022-12-153,2022-12-13,2022,13:00,TARDE (12-17),SAN MARTIN DE PORRES,URBANA,AVENIDA,ATROPELLO,1,0,1,NO,NO
A-2022-12-154,2022-12-13,2022,21:10,NOCHE (18-23),LOS OLIVOS,URBANA,AVENIDA,ATROPELLO FUGA,1,0,1,SI,NO
A-2022-12-230,2022-12-15,2022,21:50,NOCHE (18-23),COMAS,URBANA,AVENIDA,ATROPELLO,1,0,1,NO,SI
A-2022-12-155,2022-12-18,2022,03:00,MADRUGADA (00-05),LURIN,URBANA,CARRETERA,ATROPELLO FUGA,1,0,1,SI,NO
A-2022-12-231,2022-12-18,2022,07:50,MANANA (06-11),LURIGANCHO,URBANA,AUTOPISTA,ESPECIAL,1,0,1,NO,SI
A-2022-12-156,2022-12-19,2022,02:00,MADRUGADA (00-05),PUENTE PIEDRA,URBANA,CARRETERA,DESPISTE,1,1,1,NO,NO
A-2022-12-157,2022-12-19,2022,09:25,MANANA (06-11),PUENTE PIEDRA,URBANA,CARRETERA,VOLCADURA,1,0,2,NO,NO
A-2022-12-158,2022-12-19,2022,22:00,NOCHE (18-23),SAN MARTIN DE PORRES,URBANA,AVENIDA,ATROPELLO,1,0,1,NO,NO
A-2022-12-159,2022-12-19,2022,23:45,NOCHE (18-23),LURIGANCHO,URBANA,AVENIDA,ATROPELLO FUGA,1,0,1,SI,NO
A-2022-12-162,2022-12-20,2022,06:30,MANANA (06-11),RIMAC,URBANA,CARRETERA,VOLCADURA,1,0,1,NO,NO
A-2022-12-160,2022-12-20,2022,11:15,MANANA (06-11),CARABAYLLO,URBANA,AVENIDA,ATROPELLO FUGA,1,0,1,SI,NO
A-2022-12-161,2022-12-20,2022,14:15,TARDE (12-17),PUCUSANA,URBANA,CARRETERA,ATROPELLO,1,0,1,NO,NO
A-2022-12-163,2022-12-21,2022,07:30,MANANA (06-11),JESUS MARIA,URBANA,AVENIDA,ATROPELLO,1,0,1,NO,NO
A-2022-12-164,2022-12-21,2022,19:40,NOCHE (18-23),PUENTE PIEDRA,URBANA,CARRETERA,ATROPELLO FUGA,1,0,1,SI,NO
A-2022-12-165,2022-12-21,2022,22:30,NOCHE (18-23),LURIN,URBANA,CARRETERA,CHOQUE,1,0,2,NO,NO
A-2022-12-167,2022-12-22,2022,13:30,TARDE (12-17),ATE,URBANA,AVENIDA,DESPISTE,2,5,1,NO,NO
A-2022-12-134,2022-12-23,2022,16:40,TARDE (12-17),CALLAO,URBANA,AVENIDA,ATROPELLO FUGA,1,0,1,SI,NO
A-2022-12-166,2022-12-23,2022,23:00,NOCHE (18-23),COMAS,URBANA,AVENIDA,ATROPELLO,1,0,1,NO,NO
A-2022-12-169,2022-12-25,2022,02:45,MADRUGADA (00-05),SANTIAGO DE SURCO,URBANA,CARRETERA,ATROPELLO FUGA,1,0,1,SI,NO
A-2022-12-170,2022-12-25,2022,07:30,MANANA (06-11),BARRANCO,URBANA,AUTOPISTA,DESPISTE,1,0,1,NO,NO
A-2022-12-168,2022-12-25,2022,16:30,TARDE (12-17),LIMA,URBANA,AVENIDA,CHOQUE,1,0,2,NO,NO
A-2022-12-171,2022-12-26,2022,14:30,TARDE (12-17),SAN JUAN DE LURIGANCHO,URBANA,AVENIDA,ATROPELLO,1,0,1,NO,NO
A-2022-12-131,2022-12-26,2022,15:56,TARDE (12-17),CALLAO,URBANA,CARRETERA,CHOQUE,1,0,2,NO,NO
A-2022-12-172,2022-12-29,2022,09:40,MANANA (06-11),SAN MARTIN DE PORRES,URBANA,CARRETERA,ATROPELLO FUGA,1,0,1,SI,NO
A-2022-12-232,2022-12-30,2022,02:38,MADRUGADA (00-05),ATE,URBANA,CARRETERA,CHOQUE,1,0,2,NO,NO
A-2022-12-215,2022-12-31,2022,23:15,NOCHE (18-23),ANCON,URBANA,CARRETERA,ATROPELLO FUGA,1,0,1,SI,NO
A-2022-12-229,2022-12-31,2022,23:15,NOCHE (18-23),ANCON,URBANA,CARRETERA,ATROPELLO FUGA,1,0,1,SI,NO
A-2023-01-130,2023-01-01,2023,04:30,MADRUGADA (00-05),LURIGANCHO,URBANA,CARRETERA,CHOQUE,1,0,2,NO,NO
A-2023-01-131,2023-01-01,2023,10:50,MANANA (06-11),CHORRILLOS,URBANA,AVENIDA,CHOQUE,1,1,2,NO,NO
A-2023-01-157,2023-01-02,2023,00:50,MADRUGADA (00-05),RIMAC,URBANA,CARRETERA,ATROPELLO FUGA,1,0,1,SI,NO
A-2023-01-132,2023-01-02,2023,03:30,MADRUGADA (00-05),SAN JUAN DE MIRAFLORES,URBANA,CARRETERA,ATROPELLO,1,0,1,NO,NO
A-2023-01-136,2023-01-02,2023,04:10,MADRUGADA (00-05),PUENTE PIEDRA,URBANA,CARRETERA,CHOQUE,1,0,2,NO,NO
A-2023-01-133,2023-01-03,2023,11:00,MANANA (06-11),COMAS,URBANA,JIRÓN,ATROPELLO,1,0,1,NO,NO
A-2023-01-134,2023-01-04,2023,04:30,MADRUGADA (00-05),SANTIAGO DE SURCO,URBANA,CARRETERA,CHOQUE,1,0,2,NO,NO
A-2023-01-347,2023-01-07,2023,04:40,MADRUGADA (00-05),CARABAYLLO,URBANA,AVENIDA,ATROPELLO,1,0,1,NO,NO
A-2023-01-135,2023-01-08,2023,10:00,MANANA (06-11),CIENEGUILLA,URBANA,AVENIDA,ATROPELLO,1,1,1,NO,NO
A-2023-01-137,2023-01-12,2023,04:45,MADRUGADA (00-05),LIMA,URBANA,AVENIDA,CHOQUE,1,0,2,NO,NO
A-2023-01-348,2023-01-13,2023,06:00,MANANA (06-11),LOS OLIVOS,URBANA,AVENIDA,CHOQUE,1,0,2,NO,NO
A-2023-01-138,2023-01-14,2023,01:15,MADRUGADA (00-05),COMAS,URBANA,AVENIDA,DESPISTE,1,0,1,NO,NO
A-2023-01-346,2023-01-17,2023,12:35,TARDE (12-17),VILLA EL SALVADOR,URBANA,AVENIDA,CHOQUE,1,1,2,NO,NO
A-2023-01-139,2023-01-17,2023,17:10,TARDE (12-17),PUENTE PIEDRA,URBANA,CARRETERA,CAÍDA DE PASAJERO,1,0,1,NO,NO
A-2023-01-140,2023-01-17,2023,23:00,NOCHE (18-23),ANCON,URBANA,CALLE,CHOQUE,1,0,2,NO,NO
A-2023-01-141,2023-01-18,2023,06:00,MANANA (06-11),SAN MARTIN DE PORRES,URBANA,AVENIDA,ATROPELLO FUGA,1,0,1,SI,NO
A-2022-01-345,2023-01-18,2023,12:30,TARDE (12-17),SAN JUAN DE MIRAFLORES,URBANA,CALLE,CHOQUE,1,0,2,NO,SI
A-2023-01-143,2023-01-18,2023,23:30,NOCHE (18-23),COMAS,URBANA,AVENIDA,ATROPELLO FUGA,1,0,2,SI,NO
A-2023-01-144,2023-01-19,2023,05:45,MADRUGADA (00-05),SANTIAGO DE SURCO,URBANA,CARRETERA,ATROPELLO,2,0,2,NO,NO
A-2023-01-142,2023-01-19,2023,06:20,MANANA (06-11),VILLA EL SALVADOR,URBANA,AVENIDA,ATROPELLO,1,0,1,NO,NO
A-2023-01-147,2023-01-21,2023,01:10,MADRUGADA (00-05),LURIGANCHO,URBANA,CARRETERA,DESPISTE,1,0,1,NO,SI
A-2023-01-146,2023-01-21,2023,02:30,MADRUGADA (00-05),SANTIAGO DE SURCO,URBANA,CARRETERA,DESPISTE,1,4,1,NO,NO
A-2023-01-145,2023-01-21,2023,06:20,MANANA (06-11),CHORRILLOS,URBANA,AVENIDA,CHOQUE,1,0,2,NO,SI
A-2023-01-148,2023-01-21,2023,19:20,NOCHE (18-23),SAN MARTIN DE PORRES,URBANA,CALLE,CAÍDA DE PASAJERO,1,0,1,NO,NO
A-2023-01-149,2023-01-22,2023,06:00,MANANA (06-11),ANCON,URBANA,CARRETERA,ATROPELLO,1,0,1,NO,NO
A-2023-01-151,2023-01-22,2023,22:30,NOCHE (18-23),COMAS,URBANA,AVENIDA,ATROPELLO,1,0,1,NO,SI
A-2023-01-150,2023-01-23,2023,01:10,MADRUGADA (00-05),COMAS,URBANA,JIRÓN,DESPISTE,1,0,1,NO,SI
A-2023-01-152,2023-01-25,2023,07:30,MANANA (06-11),SAN ISIDRO,URBANA,AVENIDA,ATROPELLO,1,0,1,NO,NO
A-2023-01-153,2023-01-25,2023,12:50,TARDE (12-17),LINCE,URBANA,AVENIDA,ATROPELLO,1,9,2,NO,SI
A-2023-01-154,2023-01-25,2023,12:50,TARDE (12-17),VILLA MARIA DEL TRIUNFO,URBANA,AVENIDA,ATROPELLO,1,0,1,NO,NO
A-2023-01-155,2023-01-26,2023,07:30,MANANA (06-11),PUENTE PIEDRA,URBANA,CARRETERA,ATROPELLO FUGA,1,0,1,SI,NO
A-2023-01-349,2023-01-26,2023,20:40,NOCHE (18-23),SAN MARTIN DE PORRES,URBANA,AVENIDA,ATROPELLO,1,0,1,NO,SI
A-2023-01-156,2023-01-28,2023,00:40,MADRUGADA (00-05),CARABAYLLO,RURAL,CARRETERA,ATROPELLO,1,0,1,NO,NO
A-2023-01-161,2023-01-28,2023,06:17,MANANA (06-11),ATE,URBANA,CARRETERA,ATROPELLO,1,0,1,NO,NO
A-2023-01-158,2023-01-29,2023,08:24,MANANA (06-11),LURIN,URBANA,AVENIDA,ATROPELLO FUGA,1,0,1,NO,NO
A-2023-01-159,2023-01-29,2023,15:30,TARDE (12-17),COMAS,URBANA,AVENIDA,ATROPELLO,1,0,1,NO,SI
A-2023-01-160,2023-01-30,2023,01:10,MADRUGADA (00-05),VILLA EL SALVADOR,RURAL,CARRETERA,ATROPELLO FUGA,1,0,1,SI,NO
A-2023-01-114,2023-01-30,2023,20:20,NOCHE (18-23),CALLAO,URBANA,AVENIDA,CHOQUE,1,1,2,NO,SI
A-2023-01-162,2023-01-31,2023,02:00,MADRUGADA (00-05),ATE,URBANA,AVENIDA,CHOQUE,1,0,2,NO,NO
A-2023-02-133,2023-02-02,2023,17:20,TARDE (12-17),VILLA EL SALVADOR,URBANA,AVENIDA,CHOQUE,1,0,2,NO,NO
A-2023-02-134,2023-02-07,2023,09:30,MANANA (06-11),PUENTE PIEDRA,URBANA,CARRETERA,CHOQUE,1,0,2,NO,NO
A-2023-02-135,2023-02-07,2023,20:40,NOCHE (18-23),PUENTE PIEDRA,URBANA,CARRETERA,ATROPELLO,1,0,1,NO,NO
A-2023-02-136,2023-02-07,2023,20:45,NOCHE (18-23),PUCUSANA,URBANA,CARRETERA,ATROPELLO,1,0,1,NO,NO
A-2023-02-137,2023-02-07,2023,21:15,NOCHE (18-23),SANTA ANITA,URBANA,CARRETERA,ATROPELLO,1,0,1,NO,NO
A-2023-02-138,2023-02-08,2023,15:10,TARDE (12-17),VILLA EL SALVADOR,URBANA,AVENIDA,CHOQUE,1,1,2,NO,NO
A-2023-02-152,2023-02-11,2023,11:20,MANANA (06-11),LOS OLIVOS,URBANA,AVENIDA,ATROPELLO,1,0,1,NO,NO
A-2023-02-139,2023-02-14,2023,13:00,TARDE (12-17),CHORRILLOS,URBANA,CALLE,DESPISTE,1,2,1,NO,NO
A-2023-02-140,2023-02-14,2023,23:50,NOCHE (18-23),LURIN,URBANA,CARRETERA,CHOQUE,1,0,2,NO,NO
A-2023-02-141,2023-02-15,2023,19:00,NOCHE (18-23),LOS OLIVOS,URBANA,AVENIDA,ATROPELLO,1,0,1,NO,NO
A-2023-02-142,2023-02-16,2023,11:40,MANANA (06-11),LIMA,URBANA,JIRÓN,ATROPELLO,1,2,1,NO,NO
A-2023-02-143,2023-02-17,2023,06:20,MANANA (06-11),SAN JUAN DE LURIGANCHO,URBANA,AVENIDA,CHOQUE,1,0,2,NO,NO
A-2023-02-144,2023-02-18,2023,06:00,MANANA (06-11),COMAS,URBANA,AVENIDA,CHOQUE,1,0,2,NO,NO
A-2023-02-149,2023-02-20,2023,05:15,MADRUGADA (00-05),CARABAYLLO,URBANA,AVENIDA,ATROPELLO,1,0,1,NO,NO
A-2023-02-153,2023-02-20,2023,07:00,MANANA (06-11),SANTIAGO DE SURCO,URBANA,CARRETERA,ATROPELLO,1,0,1,NO,NO
A-2023-02-130,2023-02-20,2023,16:05,TARDE (12-17),CALLAO,URBANA,CARRETERA,ATROPELLO,1,0,1,NO,NO
A-2023-02-145,2023-02-20,2023,19:12,NOCHE (18-23),PUEBLO LIBRE,URBANA,AVENIDA,ATROPELLO FUGA,1,0,1,NO,NO
A-2023-02-146,2023-02-22,2023,10:50,MANANA (06-11),SAN BORJA,URBANA,AVENIDA,ATROPELLO,1,0,1,NO,NO
A-2023-02-147,2023-02-22,2023,21:41,NOCHE (18-23),RIMAC,URBANA,CARRETERA,CHOQUE,1,0,2,NO,NO
A-2023-02-120,2023-02-23,2023,06:30,MANANA (06-11),MI PERU,URBANA,CARRETERA,CHOQUE,1,0,2,NO,NO
A-2023-02-148,2023-02-23,2023,15:30,TARDE (12-17),LA VICTORIA,URBANA,AVENIDA,ATROPELLO FUGA,1,0,1,SI,NO
A-2023-02-150,2023-02-23,2023,19:00,NOCHE (18-23),BARRANCO,URBANA,AVENIDA,DESPISTE,1,0,1,NO,NO
A-2023-03-131-A,2023-02-25,2023,08:15,MANANA (06-11),SAN JUAN DE MIRAFLORES,URBANA,CARRETERA,ATROPELLO FUGA,1,0,1,SI,NO
A-2023-02-151,2023-02-26,2023,17:15,TARDE (12-17),RIMAC,URBANA,AVENIDA,CHOQUE,2,0,2,NO,NO
A-2023-03-131-B,2023-03-01,2023,05:30,MADRUGADA (00-05),LURIGANCHO,RURAL,CARRETERA,CHOQUE,1,0,2,NO,NO
A-2023-03-132,2023-03-03,2023,03:40,MADRUGADA (00-05),CARABAYLLO,URBANA,AVENIDA,DESPISTE,1,0,1,NO,NO
A-2023-03-133,2023-03-03,2023,11:30,MANANA (06-11),LIMA,URBANA,AVENIDA,CAÍDA DE PASAJERO,1,0,1,NO,NO
A-2023-03-134,2023-03-04,2023,02:20,MADRUGADA (00-05),PUNTA HERMOSA,RURAL,CARRETERA,ATROPELLO,1,0,1,NO,NO
A-2023-03-135,2023-03-05,2023,12:00,TARDE (12-17),CHORRILLOS,URBANA,AVENIDA,CHOQUE,1,2,2,NO,NO
A-2023-03-137,2023-03-07,2023,05:50,MADRUGADA (00-05),SAN MARTIN DE PORRES,URBANA,AVENIDA,CHOQUE,1,0,2,NO,NO
A-2023-03-138,2023-03-08,2023,15:00,TARDE (12-17),LURIN,URBANA,CARRETERA,CHOQUE,1,0,2,NO,NO
A-2023-03-179,2023-03-09,2023,11:00,MANANA (06-11),COMAS,URBANA,AVENIDA,ATROPELLO,1,0,1,NO,NO
A-2023-03-139,2023-03-09,2023,13:30,TARDE (12-17),SAN JUAN DE LURIGANCHO,URBANA,AVENIDA,CHOQUE,1,1,2,NO,NO
A-2023-03-140,2023-03-09,2023,14:00,TARDE (12-17),SAN JUAN DE LURIGANCHO,URBANA,AVENIDA,ATROPELLO FUGA,1,0,1,NO,NO
A-2023-03-141,2023-03-12,2023,22:30,NOCHE (18-23),CHORRILLOS,URBANA,CARRETERA,ATROPELLO,1,0,1,NO,NO
A-2023-03-142,2023-03-13,2023,15:30,TARDE (12-17),ANCON,URBANA,CARRETERA,CAÍDA DE PASAJERO,1,0,1,NO,NO
A-2023-03-159,2023-03-13,2023,23:00,NOCHE (18-23),LIMA,URBANA,JIRÓN,ATROPELLO FUGA,1,0,1,NO,NO
A-2023-03-143,2023-03-15,2023,00:15,MADRUGADA (00-05),SAN BORJA,URBANA,CARRETERA,CHOQUE,1,0,2,NO,NO
A-2023-03-126,2023-03-15,2023,20:00,NOCHE (18-23),VENTANILLA,URBANA,AVENIDA,ATROPELLO,1,2,3,NO,SI
A-2023-03-144,2023-03-16,2023,22:30,NOCHE (18-23),SAN JUAN DE LURIGANCHO,URBANA,AVENIDA,VOLCADURA,1,0,1,NO,NO
A-2023-03-112,2023-03-17,2023,09:50,MANANA (06-11),CALLAO,URBANA,CARRETERA,CHOQUE,1,0,2,NO,NO
A-2023-03-145,2023-03-17,2023,19:20,NOCHE (18-23),COMAS,URBANA,AVENIDA,CHOQUE,1,1,2,NO,NO
A-2023-03-146,2023-03-18,2023,16:30,TARDE (12-17),SAN JUAN DE LURIGANCHO,URBANA,AVENIDA,CHOQUE,1,1,2,NO,NO
A-2023-03-147,2023-03-19,2023,05:55,MADRUGADA (00-05),PUENTE PIEDRA,URBANA,CARRETERA,ATROPELLO FUGA,1,0,1,SI,NO
A-2023-03-150,2023-03-19,2023,06:25,MANANA (06-11),PUENTE PIEDRA,URBANA,CARRETERA,DESPISTE,1,0,1,NO,NO
A-2023-03-148,2023-03-19,2023,06:50,MANANA (06-11),VILLA EL SALVADOR,URBANA,AVENIDA,ATROPELLO,1,0,1,NO,NO
A-2023-03-149,2023-03-19,2023,10:15,MANANA (06-11),SAN BORJA,URBANA,AVENIDA,CHOQUE,1,0,2,NO,NO
A-2023-03-151,2023-03-20,2023,16:45,TARDE (12-17),COMAS,URBANA,AVENIDA,CHOQUE,1,1,2,NO,NO
A-2023-03-152,2023-03-21,2023,08:30,MANANA (06-11),JESUS MARIA,URBANA,AVENIDA,CHOQUE,1,0,2,NO,NO
A-2023-03-153,2023-03-22,2023,19:40,NOCHE (18-23),ATE,URBANA,CARRETERA,CHOQUE,1,6,2,NO,NO
A-2023-03-154,2023-03-25,2023,01:45,MADRUGADA (00-05),CHACLACAYO,URBANA,CARRETERA,CHOQUE FUGA,1,0,2,SI,SI
A-2023-03-155,2023-03-25,2023,16:40,TARDE (12-17),LIMA,URBANA,AVENIDA,ATROPELLO,1,0,1,NO,SI
A-2023-03-157,2023-03-28,2023,07:10,MANANA (06-11),CARABAYLLO,RURAL,CARRETERA,CHOQUE,1,6,2,NO,SI
A-2023-03-156,2023-03-28,2023,16:00,TARDE (12-17),COMAS,URBANA,CARRETERA,ATROPELLO,1,0,1,NO,SI
A-2023-03-158,2023-03-31,2023,12:30,TARDE (12-17),SAN BORJA,URBANA,CARRETERA,CHOQUE,1,0,2,NO,NO
A-2023-04-140,2023-04-01,2023,20:50,NOCHE (18-23),SURQUILLO,URBANA,AVENIDA,ATROPELLO FUGA,1,1,1,SI,NO
A-2023-04-139,2023-04-01,2023,22:20,NOCHE (18-23),LURIN,URBANA,CARRETERA,ATROPELLO,1,0,1,NO,NO
A-2023-04-142,2023-04-02,2023,04:00,MADRUGADA (00-05),PUNTA HERMOSA,URBANA,CARRETERA,ATROPELLO FUGA,1,0,1,SI,NO
A-2023-04-145,2023-04-02,2023,07:30,MANANA (06-11),LURIGANCHO,RURAL,CARRETERA,CHOQUE FUGA,1,0,2,NO,NO
A-2023-04-141,2023-04-02,2023,11:45,MANANA (06-11),COMAS,URBANA,AVENIDA,ATROPELLO,1,0,1,NO,SI
A-2023-04-147,2023-04-03,2023,06:50,MANANA (06-11),MAGDALENA DEL MAR,URBANA,OTRO,CHOQUE,1,0,2,SI,NO
A-2023-04-21,2023-04-05,2023,19:40,NOCHE (18-23),CALLAO,URBANA,AVENIDA,CHOQUE,1,0,2,NO,NO
A-2023-04-144,2023-04-06,2023,18:00,NOCHE (18-23),SAN MARTIN DE PORRES,URBANA,AVENIDA,ATROPELLO FUGA,1,0,1,NO,NO
A-2023-04-143,2023-04-07,2023,02:30,MADRUGADA (00-05),LURIN,RURAL,CARRETERA,ATROPELLO FUGA,1,0,1,SI,NO
A-2023-04-151,2023-04-07,2023,04:50,MADRUGADA (00-05),EL AGUSTINO,URBANA,CARRETERA,DESPISTE,1,1,1,NO,NO
A-2023-04-152,2023-04-08,2023,06:50,MANANA (06-11),ANCON,URBANA,CARRETERA,ATROPELLO,1,0,1,NO,NO
A-2023-04-153,2023-04-08,2023,10:40,MANANA (06-11),CHORRILLOS,URBANA,CARRETERA,ATROPELLO,1,0,1,NO,NO
A-2023-04-154,2023-04-08,2023,23:00,NOCHE (18-23),SANTIAGO DE SURCO,URBANA,AVENIDA,DESPISTE,1,0,1,NO,NO
A-2023-04-113,2023-04-09,2023,06:00,MANANA (06-11),CALLAO,URBANA,AUTOPISTA,CHOQUE,1,0,2,NO,NO
A-2023-04-155,2023-04-09,2023,17:20,TARDE (12-17),ATE,URBANA,CARRETERA,ATROPELLO,1,0,1,NO,NO
A-2023-04-8,2023-04-10,2023,10:30,MANANA (06-11),MI PERU,URBANA,CARRETERA,ATROPELLO,1,0,1,NO,NO
A-2023-04-124,2023-04-11,2023,09:00,MANANA (06-11),CALLAO,URBANA,AVENIDA,ATROPELLO,1,1,1,NO,SI
A-2023-04-156,2023-04-11,2023,18:15,NOCHE (18-23),VILLA EL SALVADOR,URBANA,AVENIDA,CHOQUE,1,0,2,NO,SI
A-2023-04-171,2023-04-12,2023,00:00,MADRUGADA (00-05),LIMA,URBANA,AVENIDA,ATROPELLO,1,0,1,NO,NO
A-2023-04-170,2023-04-12,2023,13:00,TARDE (12-17),PACHACAMAC,URBANA,CALLE,DESPISTE,1,0,1,NO,SI
A-2023-04-185,2023-04-12,2023,13:00,TARDE (12-17),PACHACAMAC,URBANA,CALLE,VOLCADURA,1,0,1,NO,SI
A-2023-04-157,2023-04-14,2023,23:30,NOCHE (18-23),SAN JUAN DE MIRAFLORES,URBANA,AVENIDA,ATROPELLO,1,0,1,NO,NO
A-2023-04-150,2023-04-16,2023,04:40,MADRUGADA (00-05),LA VICTORIA,URBANA,AVENIDA,ATROPELLO,1,0,1,NO,NO
A-2023-04-149,2023-04-22,2023,03:30,MADRUGADA (00-05),LIMA,URBANA,AVENIDA,ATROPELLO FUGA,1,0,1,SI,NO
A-2023-04-148,2023-04-22,2023,09:40,MANANA (06-11),ATE,URBANA,AVENIDA,ATROPELLO FUGA,1,0,1,NO,NO
A-2023-04-146,2023-04-23,2023,12:20,TARDE (12-17),SAN JUAN DE LURIGANCHO,URBANA,AVENIDA,ATROPELLO,1,0,1,NO,NO
A-2023-04-138,2023-04-23,2023,14:10,TARDE (12-17),VILLA MARIA DEL TRIUNFO,URBANA,AVENIDA,ATROPELLO,1,0,1,NO,NO
A-2023-04-136,2023-04-24,2023,04:30,MADRUGADA (00-05),ATE,URBANA,CARRETERA,CHOQUE,1,0,2,NO,NO
A-2023-04-137,2023-04-24,2023,09:30,MANANA (06-11),SAN MARTIN DE PORRES,URBANA,AVENIDA,DESPISTE,1,0,1,NO,NO
A-2023-04-135,2023-04-24,2023,13:20,TARDE (12-17),SANTA ANITA,URBANA,AVENIDA,ATROPELLO,1,0,1,NO,NO
A-2023-04-133,2023-04-24,2023,16:30,TARDE (12-17),PUNTA HERMOSA,RURAL,AVENIDA,CAÍDA DE PASAJERO,1,0,1,NO,NO
A-2023-04-134,2023-04-25,2023,15:20,TARDE (12-17),ATE,RURAL,AVENIDA,CHOQUE,1,0,2,NO,NO
A-2023-04-131,2023-04-27,2023,06:23,MANANA (06-11),LURIGANCHO,URBANA,AVENIDA,ATROPELLO FUGA,1,0,1,SI,NO
A-2023-04-132,2023-04-27,2023,10:31,MANANA (06-11),LA MOLINA,URBANA,CARRETERA,ATROPELLO FUGA,1,0,1,SI,NO
A-2023-04-129,2023-04-27,2023,18:50,NOCHE (18-23),SAN JUAN DE LURIGANCHO,URBANA,AVENIDA,ATROPELLO,1,0,1,NO,NO
A-2023-04-121,2023-04-28,2023,09:10,MANANA (06-11),BARRANCO,URBANA,AVENIDA,ATROPELLO,1,0,1,NO,NO
A-2023-04-128,2023-04-29,2023,13:00,TARDE (12-17),VILLA EL SALVADOR,RURAL,CARRETERA,VOLCADURA,1,0,1,NO,NO
A-2023-04-127,2023-04-29,2023,13:45,TARDE (12-17),CARABAYLLO,URBANA,AVENIDA,CHOQUE,2,0,2,NO,SI
A-2023-04-122,2023-04-29,2023,16:15,TARDE (12-17),MIRAFLORES,URBANA,AVENIDA,DESPISTE,1,0,1,NO,NO
A-2023-04-126,2023-04-30,2023,05:00,MADRUGADA (00-05),CARABAYLLO,URBANA,AVENIDA,ATROPELLO,1,0,1,NO,NO
A-2023-04-125,2023-04-30,2023,11:30,MANANA (06-11),VILLA EL SALVADOR,URBANA,AVENIDA,CHOQUE,1,9,2,NO,SI
A-2023-04-123,2023-04-30,2023,15:30,TARDE (12-17),EL AGUSTINO,URBANA,CARRETERA,DESPISTE,2,1,1,NO,NO
A-2023-05-140,2023-05-03,2023,10:30,MANANA (06-11),SAN JUAN DE LURIGANCHO,URBANA,JIRÓN,ATROPELLO,1,0,1,NO,NO
A-2023-05-139,2023-05-06,2023,09:23,MANANA (06-11),SAN JUAN DE LURIGANCHO,URBANA,AVENIDA,ATROPELLO,1,0,1,NO,NO
A-2023-05-155,2023-05-06,2023,15:40,TARDE (12-17),SANTIAGO DE SURCO,RURAL,CARRETERA,CHOQUE,1,0,2,NO,NO
A-2023-05-174,2023-05-06,2023,15:40,TARDE (12-17),SANTIAGO DE SURCO,URBANA,CARRETERA,CHOQUE,1,0,2,NO,NO
A-2023-05-138,2023-05-06,2023,22:40,NOCHE (18-23),INDEPENDENCIA,URBANA,AVENIDA,ATROPELLO,1,0,1,NO,NO
A-2023-05-137,2023-05-07,2023,00:40,MADRUGADA (00-05),LOS OLIVOS,URBANA,AVENIDA,CHOQUE,1,0,2,NO,NO
A-2023-05-136,2023-05-08,2023,05:00,MADRUGADA (00-05),SAN BORJA,URBANA,CARRETERA,CHOQUE,1,24,2,NO,NO
A-2023-05-135,2023-05-10,2023,13:50,TARDE (12-17),VILLA EL SALVADOR,RURAL,CARRETERA,ATROPELLO FUGA,1,0,1,SI,NO
A-2023-05-134,2023-05-11,2023,12:30,TARDE (12-17),LURIGANCHO,URBANA,AVENIDA,CHOQUE,1,0,2,NO,NO
A-2023-05-133,2023-05-11,2023,18:50,NOCHE (18-23),VILLA MARIA DEL TRIUNFO,URBANA,JIRÓN,DESPISTE,1,0,1,NO,NO
A-2023-05-132,2023-05-12,2023,21:00,NOCHE (18-23),LURIN,RURAL,CARRETERA,ATROPELLO,1,0,1,NO,NO
A-2023-05-131,2023-05-13,2023,10:30,MANANA (06-11),RIMAC,URBANA,JIRÓN,ATROPELLO,1,1,1,NO,NO
A-2023-05-130,2023-05-14,2023,07:00,MANANA (06-11),SAN MARTIN DE PORRES,URBANA,AVENIDA,ATROPELLO,1,0,1,NO,NO
A-2023-05-129,2023-05-14,2023,16:40,TARDE (12-17),LURIN,URBANA,CARRETERA,ATROPELLO,1,0,1,NO,NO
A-2023-05-10,2023-05-14,2023,23:20,NOCHE (18-23),PACHACAMAC,URBANA,AVENIDA,ATROPELLO FUGA,1,0,1,SI,NO
A-2023-05-128,2023-05-14,2023,23:20,NOCHE (18-23),PACHACAMAC,URBANA,AVENIDA,ATROPELLO FUGA,1,0,1,SI,NO
A-2023-05-122,2023-05-19,2023,06:00,MANANA (06-11),ATE,URBANA,CARRETERA,ATROPELLO FUGA,1,0,1,SI,NO
A-2023-05-127,2023-05-20,2023,19:20,NOCHE (18-23),LURIGANCHO,URBANA,CARRETERA,VOLCADURA,1,0,1,NO,NO
A-2023-05-126,2023-05-20,2023,23:40,NOCHE (18-23),LURIN,RURAL,CARRETERA,ATROPELLO,1,0,1,NO,NO
A-2023-05-125,2023-05-21,2023,06:30,MANANA (06-11),LURIN,RURAL,CARRETERA,DESPISTE,1,0,2,NO,SI
A-2023-05-124,2023-05-21,2023,23:30,NOCHE (18-23),SAN JUAN DE MIRAFLORES,URBANA,CARRETERA,ATROPELLO,1,0,1,NO,NO
A-2023-05-123,2023-05-22,2023,20:20,NOCHE (18-23),PUENTE PIEDRA,URBANA,CARRETERA,CHOQUE,1,0,2,NO,NO
A-2023-05-121,2023-05-24,2023,14:00,TARDE (12-17),SAN JUAN DE MIRAFLORES,URBANA,CARRETERA,CHOQUE,1,2,2,NO,NO
A-2023-05-154,2023-05-24,2023,17:00,TARDE (12-17),CHORRILLOS,URBANA,AVENIDA,ATROPELLO,1,0,1,NO,NO
A-2023-05-173,2023-05-24,2023,17:00,TARDE (12-17),CHORRILLOS,URBANA,AVENIDA,ATROPELLO,1,0,1,NO,NO
A-2023-05-107,2023-05-26,2023,08:10,MANANA (06-11),VENTANILLA,URBANA,CARRETERA,DESPISTE,1,2,1,NO,NO
A-2023-05-120,2023-05-26,2023,20:50,NOCHE (18-23),PUEBLO LIBRE,URBANA,AVENIDA,CHOQUE,1,0,2,NO,NO
A-2023-05-119,2023-05-26,2023,21:00,NOCHE (18-23),VILLA EL SALVADOR,URBANA,CARRETERA,CHOQUE,1,0,2,NO,NO
A-2023-05-113,2023-05-27,2023,20:00,NOCHE (18-23),LIMA,URBANA,AVENIDA,ATROPELLO,1,0,1,NO,NO
A-2023-05-114,2023-05-27,2023,20:10,NOCHE (18-23),PUENTE PIEDRA,URBANA,CARRETERA,ATROPELLO,1,0,1,NO,SI
A-2023-05-112,2023-05-28,2023,05:30,MADRUGADA (00-05),SAN MARTIN DE PORRES,URBANA,CARRETERA,CHOQUE CON OBJETO FIJO,1,1,1,NO,SI
A-2023-05-116,2023-05-29,2023,16:00,TARDE (12-17),LURIGANCHO,URBANA,AVENIDA,ATROPELLO,1,0,1,NO,NO
A-2023-05-115,2023-05-29,2023,17:30,TARDE (12-17),PUEBLO LIBRE,URBANA,AVENIDA,ATROPELLO,1,0,1,NO,NO
A-2023-05-117,2023-05-30,2023,07:30,MANANA (06-11),PUENTE PIEDRA,URBANA,CALLE,CAÍDA DE PASAJERO,1,0,1,NO,NO
A-2023-05-118,2023-05-31,2023,19:00,NOCHE (18-23),VILLA EL SALVADOR,URBANA,AVENIDA,ATROPELLO,1,0,1,NO,NO
A-2023-06-114,2023-06-01,2023,23:00,NOCHE (18-23),SAN MIGUEL,URBANA,OTRO,DESPISTE,1,1,1,NO,NO
A-2023-06-115,2023-06-01,2023,23:50,NOCHE (18-23),VILLA EL SALVADOR,URBANA,AVENIDA,CHOQUE,1,1,2,NO,NO
A-2023-06-116,2023-06-03,2023,18:45,NOCHE (18-23),LIMA,RURAL,AVENIDA,ATROPELLO,1,0,1,NO,NO
A-2023-06-117,2023-06-03,2023,19:20,NOCHE (18-23),PUCUSANA,URBANA,AVENIDA,ATROPELLO,1,0,1,NO,SI
A-2023-06-118,2023-06-04,2023,07:20,MANANA (06-11),VILLA EL SALVADOR,RURAL,CARRETERA,ATROPELLO FUGA,1,0,1,SI,NO
A-2023-06-119,2023-06-04,2023,07:45,MANANA (06-11),SANTIAGO DE SURCO,URBANA,CARRETERA,ATROPELLO FUGA,1,0,1,SI,NO
A-2023-06-120,2023-06-04,2023,22:30,NOCHE (18-23),ANCON,RURAL,CARRETERA,CHOQUE,1,0,2,NO,NO
A-2023-06-121,2023-06-06,2023,09:40,MANANA (06-11),SAN JUAN DE LURIGANCHO,URBANA,AVENIDA,CAÍDA DE PASAJERO,1,0,1,NO,SI
A-2023-06-122,2023-06-06,2023,20:50,NOCHE (18-23),SURQUILLO,URBANA,CALLE,ATROPELLO,1,1,1,NO,NO
A-2023-06-123,2023-06-07,2023,03:40,MADRUGADA (00-05),SANTIAGO DE SURCO,URBANA,CARRETERA,CHOQUE,2,1,2,NO,NO
A-2023-06-124,2023-06-07,2023,10:45,MANANA (06-11),CHORRILLOS,URBANA,AVENIDA,ATROPELLO,1,0,1,NO,SI
A-2023-06-125,2023-06-08,2023,05:00,MADRUGADA (00-05),SAN MARTIN DE PORRES,URBANA,AVENIDA,DESPISTE,1,0,1,NO,SI
A-2023-06-126,2023-06-08,2023,08:30,MANANA (06-11),MIRAFLORES,URBANA,AVENIDA,ATROPELLO,1,0,1,NO,NO
A-2023-06-86,2023-06-08,2023,18:30,NOCHE (18-23),CALLAO,URBANA,CARRETERA,ATROPELLO,1,0,1,NO,NO
A-2023-06-127,2023-06-09,2023,16:50,TARDE (12-17),JESUS MARIA,URBANA,AVENIDA,CHOQUE,2,0,2,NO,NO
A-2023-06-128,2023-06-10,2023,07:10,MANANA (06-11),SAN BORJA,URBANA,AVENIDA,CHOQUE,1,1,2,NO,NO
A-2023-06-131,2023-06-10,2023,20:40,NOCHE (18-23),ATE,URBANA,CARRETERA,ATROPELLO FUGA,1,0,1,NO,NO
A-2023-06-129,2023-06-10,2023,23:30,NOCHE (18-23),ANCON,RURAL,CARRETERA,ATROPELLO,1,0,1,NO,NO
A-2023-06-132,2023-06-11,2023,05:20,MADRUGADA (00-05),SURQUILLO,URBANA,AVENIDA,VOLCADURA,1,0,1,NO,SI
A-2023-06-84,2023-06-11,2023,10:00,MANANA (06-11),CALLAO,URBANA,AVENIDA,CHOQUE,1,0,2,NO,NO
A-2023-06-133,2023-06-12,2023,00:30,MADRUGADA (00-05),CHACLACAYO,URBANA,CARRETERA,ATROPELLO,1,0,1,NO,SI
A-2023-06-135,2023-06-12,2023,06:30,MANANA (06-11),LIMA,URBANA,AVENIDA,CAÍDA DE PASAJERO,1,0,1,NO,NO
A-2023-06-134,2023-06-12,2023,20:30,NOCHE (18-23),SAN MARTIN DE PORRES,URBANA,CARRETERA,ATROPELLO,1,0,1,NO,NO
A-2023-06-92,2023-06-13,2023,09:00,MANANA (06-11),CALLAO,URBANA,CARRETERA,CHOQUE,1,0,2,NO,NO
A-2023-06-136,2023-06-13,2023,15:40,TARDE (12-17),SAN JUAN DE MIRAFLORES,URBANA,AVENIDA,VOLCADURA,1,0,2,NO,NO
A-2023-06-137,2023-06-13,2023,21:00,NOCHE (18-23),SAN JUAN DE LURIGANCHO,URBANA,AVENIDA,ATROPELLO,1,0,1,NO,NO
A-2023-06-190,2023-06-14,2023,15:15,TARDE (12-17),CALLAO,URBANA,AVENIDA,ATROPELLO,1,0,1,NO,SI
A-2023-06-138,2023-06-16,2023,20:30,NOCHE (18-23),SANTIAGO DE SURCO,URBANA,CARRETERA,ATROPELLO FUGA,1,0,1,SI,NO
A-2023-06-139,2023-06-17,2023,00:30,MADRUGADA (00-05),LURIN,URBANA,CARRETERA,ATROPELLO FUGA,1,0,1,SI,NO
A-2023-06-153,2023-06-17,2023,01:30,MADRUGADA (00-05),ATE,URBANA,CARRETERA,ATROPELLO,1,0,1,NO,NO
A-2023-06-140,2023-06-17,2023,09:00,MANANA (06-11),MIRAFLORES,URBANA,AVENIDA,ATROPELLO,1,0,1,NO,NO
A-2023-06-141,2023-06-18,2023,06:00,MANANA (06-11),ATE,URBANA,CARRETERA,ATROPELLO FUGA,1,0,1,SI,NO
A-2023-06-142,2023-06-19,2023,03:15,MADRUGADA (00-05),LOS OLIVOS,URBANA,AVENIDA,CHOQUE,1,0,2,NO,NO
A-2023-06-143,2023-06-19,2023,16:50,TARDE (12-17),LURIGANCHO,URBANA,CALLE,VOLCADURA,1,1,1,NO,SI
A-2023-06-154,2023-06-19,2023,17:20,TARDE (12-17),CALLAO,URBANA,AVENIDA,ATROPELLO,1,0,1,NO,SI
A-2023-06-144,2023-06-19,2023,22:00,NOCHE (18-23),SAN MARTIN DE PORRES,URBANA,CARRETERA,ATROPELLO FUGA,1,0,1,SI,NO
A-2023-06-145,2023-06-22,2023,06:00,MANANA (06-11),VILLA EL SALVADOR,URBANA,AVENIDA,VOLCADURA,1,1,1,NO,SI
A-2023-06-146,2023-06-22,2023,08:45,MANANA (06-11),INDEPENDENCIA,URBANA,AVENIDA,ATROPELLO,1,0,1,NO,NO
A-2023-06-85,2023-06-23,2023,10:00,MANANA (06-11),CALLAO,URBANA,AVENIDA,CHOQUE,1,0,2,NO,NO
A-2023-06-172,2023-06-23,2023,23:30,NOCHE (18-23),LURIN,URBANA,AVENIDA,DESPISTE,1,0,1,NO,SI
A-2023-06-195,2023-06-23,2023,23:30,NOCHE (18-23),LURIN,URBANA,AVENIDA,DESPISTE,1,0,1,NO,SI
A-2023-06-189,2023-06-25,2023,18:40,NOCHE (18-23),CALLAO,URBANA,AVENIDA,ATROPELLO FUGA,1,0,1,SI,NO
A-2023-06-148,2023-06-26,2023,05:50,MADRUGADA (00-05),INDEPENDENCIA,URBANA,CARRETERA,CHOQUE,1,0,2,NO,NO
A-2023-06-149,2023-06-27,2023,05:50,MADRUGADA (00-05),PUNTA HERMOSA,RURAL,CARRETERA,ATROPELLO FUGA,1,0,1,SI,NO
A-2023-06-150,2023-06-28,2023,07:00,MANANA (06-11),CARABAYLLO,URBANA,AVENIDA,CHOQUE,1,0,2,NO,NO
A-2023-06-151,2023-06-29,2023,05:30,MADRUGADA (00-05),SANTA ANITA,URBANA,CARRETERA,CHOQUE,1,1,2,NO,NO
A-2023-06-152,2023-06-30,2023,19:30,NOCHE (18-23),CHORRILLOS,URBANA,AVENIDA,CHOQUE CON OBJETO FIJO,1,0,1,NO,SI
A-2023-07-123,2023-07-01,2023,05:30,MADRUGADA (00-05),VILLA MARIA DEL TRIUNFO,RURAL,AVENIDA,ATROPELLO FUGA,1,0,1,SI,NO
A-2023-07-124,2023-07-01,2023,10:40,MANANA (06-11),SAN MIGUEL,URBANA,AVENIDA,ATROPELLO,1,0,1,NO,NO
A-2023-07-136,2023-07-01,2023,22:30,NOCHE (18-23),SANTIAGO DE SURCO,URBANA,CARRETERA,ATROPELLO,1,0,1,NO,NO
A-2023-07-125,2023-07-02,2023,02:30,MADRUGADA (00-05),LOS OLIVOS,URBANA,CALLE,CHOQUE CON OBJETO FIJO,1,0,1,NO,NO
A-2023-07-127,2023-07-02,2023,23:00,NOCHE (18-23),ATE,URBANA,CARRETERA,ATROPELLO,1,0,1,NO,NO
A-2023-07-126,2023-07-02,2023,23:30,NOCHE (18-23),LURIN,RURAL,CARRETERA,ATROPELLO FUGA,1,0,1,SI,NO
A-2023-07-128,2023-07-04,2023,18:30,NOCHE (18-23),CHORRILLOS,URBANA,AVENIDA,ATROPELLO,1,0,1,NO,NO
A-2023-07-129,2023-07-05,2023,10:40,MANANA (06-11),LA VICTORIA,URBANA,JIRÓN,ATROPELLO,1,0,1,NO,SI
A-2023-07-130,2023-07-06,2023,05:50,MADRUGADA (00-05),CARABAYLLO,URBANA,AVENIDA,ATROPELLO,1,0,1,NO,NO
A-2023-07-131,2023-07-06,2023,17:00,TARDE (12-17),RIMAC,URBANA,AVENIDA,ATROPELLO,1,1,1,NO,NO
A-2023-07-132,2023-07-08,2023,21:30,NOCHE (18-23),SAN JUAN DE LURIGANCHO,URBANA,AVENIDA,VOLCADURA,1,0,1,NO,NO
A-2023-07-133,2023-07-09,2023,01:30,MADRUGADA (00-05),SAN JUAN DE LURIGANCHO,URBANA,AVENIDA,ATROPELLO,1,0,1,NO,NO
A-2023-07-134,2023-07-09,2023,07:45,MANANA (06-11),COMAS,URBANA,AVENIDA,DESPISTE,5,28,1,NO,SI
A-2023-07-135,2023-07-12,2023,02:45,MADRUGADA (00-05),INDEPENDENCIA,URBANA,CARRETERA,DESPISTE,1,1,1,NO,NO
A-2023-07-137,2023-07-12,2023,20:30,NOCHE (18-23),VILLA EL SALVADOR,URBANA,AVENIDA,DESPISTE,1,0,1,NO,SI
A-2023-07-138,2023-07-13,2023,00:40,MADRUGADA (00-05),CARABAYLLO,URBANA,AVENIDA,CHOQUE FUGA,1,0,2,SI,SI
A-2023-07-139,2023-07-13,2023,22:10,NOCHE (18-23),VILLA MARIA DEL TRIUNFO,URBANA,AVENIDA,ATROPELLO,1,0,1,NO,NO
A-2023-07-140,2023-07-14,2023,09:20,MANANA (06-11),LIMA,URBANA,AVENIDA,CHOQUE,1,0,2,NO,SI
A-2023-07-141,2023-07-16,2023,03:50,MADRUGADA (00-05),LIMA,URBANA,AVENIDA,CHOQUE,1,0,2,NO,NO
A-2023-07-142,2023-07-18,2023,14:30,TARDE (12-17),SAN MARTIN DE PORRES,URBANA,AVENIDA,ATROPELLO,1,0,1,NO,NO
A-2023-07-143,2023-07-21,2023,05:50,MADRUGADA (00-05),PACHACAMAC,URBANA,AVENIDA,CHOQUE,1,0,2,NO,NO
A-2023-07-144,2023-07-22,2023,19:30,NOCHE (18-23),PUNTA NEGRA,URBANA,CARRETERA,ATROPELLO,1,0,1,NO,NO
A-2023-07-145,2023-07-22,2023,20:30,NOCHE (18-23),CARABAYLLO,URBANA,AVENIDA,ATROPELLO,1,0,1,NO,NO
A-2023-07-146,2023-07-22,2023,21:10,NOCHE (18-23),LA MOLINA,URBANA,AVENIDA,CHOQUE,1,0,2,NO,SI
A-2023-07-147,2023-07-23,2023,04:40,MADRUGADA (00-05),INDEPENDENCIA,URBANA,CARRETERA,ATROPELLO,1,0,1,NO,NO
A-2023-07-148,2023-07-25,2023,14:00,TARDE (12-17),EL AGUSTINO,URBANA,CARRETERA,DESPISTE,1,0,1,NO,NO
A-2023-07-149,2023-07-25,2023,14:30,TARDE (12-17),CHORRILLOS,URBANA,AVENIDA,ATROPELLO,1,0,1,NO,NO
A-2023-07-150,2023-07-26,2023,07:40,MANANA (06-11),CARABAYLLO,URBANA,AVENIDA,CHOQUE,1,0,2,NO,NO
A-2023-07-90,2023-07-26,2023,22:00,NOCHE (18-23),CALLAO,URBANA,AVENIDA,CHOQUE,1,0,2,NO,NO
A-2023-07-152,2023-07-27,2023,11:10,MANANA (06-11),SAN JUAN DE MIRAFLORES,URBANA,CARRETERA,DESPISTE,1,0,1,NO,NO
A-2023-07-151,2023-07-27,2023,11:30,MANANA (06-11),CARABAYLLO,URBANA,CALLE,ATROPELLO FUGA,1,0,1,SI,NO
A-2023-07-153,2023-07-29,2023,06:00,MANANA (06-11),VILLA EL SALVADOR,URBANA,AVENIDA,ATROPELLO FUGA,1,0,1,SI,NO
A-2023-07-154,2023-07-29,2023,22:30,NOCHE (18-23),SANTIAGO DE SURCO,URBANA,CARRETERA,CHOQUE,2,0,2,NO,NO
A-2023-08-85,2023-08-01,2023,11:10,MANANA (06-11),COMAS,URBANA,AVENIDA,CHOQUE,1,0,2,NO,SI
A-2023-08-86,2023-08-04,2023,06:40,MANANA (06-11),VILLA EL SALVADOR,URBANA,AVENIDA,CHOQUE,1,0,2,NO,NO
A-2023-08-151,2023-08-05,2023,10:00,MANANA (06-11),CALLAO,URBANA,AVENIDA,ATROPELLO,1,0,1,NO,NO
A-2023-08-89,2023-08-06,2023,20:20,NOCHE (18-23),ATE,URBANA,AVENIDA,ATROPELLO,1,0,1,NO,NO
A-2023-08-87,2023-08-07,2023,00:45,MADRUGADA (00-05),LOS OLIVOS,URBANA,CARRETERA,ATROPELLO FUGA,1,0,1,SI,NO
A-2023-08-88,2023-08-07,2023,06:50,MANANA (06-11),LURIN,RURAL,CARRETERA,ATROPELLO,1,0,1,NO,NO
A-2023-08-90,2023-08-07,2023,22:20,NOCHE (18-23),LIMA,URBANA,AVENIDA,VOLCADURA,1,1,1,NO,NO
A-2023-08-91,2023-08-09,2023,16:15,TARDE (12-17),LA VICTORIA,URBANA,AVENIDA,CHOQUE,1,0,2,NO,NO
A-2023-08-92,2023-08-09,2023,19:10,NOCHE (18-23),CARABAYLLO,URBANA,AVENIDA,ATROPELLO,1,0,1,NO,NO
A-2023-08-93,2023-08-11,2023,09:25,MANANA (06-11),BREÑA,URBANA,AVENIDA,ATROPELLO,1,0,1,NO,NO
A-2023-08-94,2023-08-13,2023,05:00,MADRUGADA (00-05),ATE,URBANA,CARRETERA,CHOQUE,1,0,2,NO,SI
A-2023-08-95,2023-08-14,2023,06:00,MANANA (06-11),LA VICTORIA,URBANA,JIRÓN,ATROPELLO,1,0,1,NO,NO
A-2023-08-96,2023-08-14,2023,23:30,NOCHE (18-23),VILLA MARIA DEL TRIUNFO,URBANA,AVENIDA,CHOQUE,1,0,2,NO,NO
A-2023-08-97,2023-08-16,2023,15:40,TARDE (12-17),EL AGUSTINO,URBANA,CARRETERA,CHOQUE,1,0,2,NO,NO
A-2023-08-98,2023-08-17,2023,11:45,MANANA (06-11),CHORRILLOS,URBANA,AVENIDA,ATROPELLO,1,0,1,NO,NO
A-2023-08-118,2023-08-18,2023,06:45,MANANA (06-11),CALLAO,URBANA,AVENIDA,ATROPELLO,1,0,1,NO,NO
A-2023-08-99,2023-08-18,2023,21:30,NOCHE (18-23),LURIN,URBANA,AVENIDA,DESPISTE,1,0,1,NO,NO
A-2023-08-166,2023-08-19,2023,07:00,MANANA (06-11),LOS OLIVOS,URBANA,AVENIDA,CHOQUE,1,0,2,NO,SI
A-2023-08-100,2023-08-20,2023,15:30,TARDE (12-17),ATE,URBANA,AVENIDA,ATROPELLO FUGA,1,0,1,SI,NO
A-2023-08-167,2023-08-20,2023,17:40,TARDE (12-17),SAN JUAN DE LURIGANCHO,URBANA,AVENIDA,ATROPELLO,1,0,1,NO,NO
A-2023-08-101,2023-08-22,2023,15:40,TARDE (12-17),CHORRILLOS,URBANA,AVENIDA,ATROPELLO,1,0,1,NO,NO
A-2023-08-102,2023-08-23,2023,06:30,MANANA (06-11),CHORRILLOS,URBANA,AVENIDA,CHOQUE,1,0,2,NO,SI
A-2023-08-103,2023-08-24,2023,07:50,MANANA (06-11),COMAS,URBANA,AVENIDA,ATROPELLO,1,1,1,NO,NO
A-2023-08-105,2023-08-24,2023,15:00,TARDE (12-17),RIMAC,URBANA,AVENIDA,ATROPELLO,1,0,1,NO,NO
A-2023-08-104,2023-08-24,2023,23:00,NOCHE (18-23),PUNTA HERMOSA,URBANA,AVENIDA,DESPISTE,1,0,1,NO,SI
A-2023-08-152,2023-08-26,2023,19:30,NOCHE (18-23),LA PERLA,URBANA,AVENIDA,ATROPELLO,1,0,1,NO,SI
A-2023-08-106,2023-08-27,2023,02:30,MADRUGADA (00-05),PUENTE PIEDRA,URBANA,AVENIDA,CHOQUE,1,3,2,NO,SI
A-2023-08-107,2023-08-27,2023,07:46,MANANA (06-11),ATE,URBANA,CARRETERA,DESPISTE,1,4,2,NO,NO
A-2023-08-108,2023-08-27,2023,17:45,TARDE (12-17),ATE,URBANA,AVENIDA,DESPISTE,1,3,1,NO,SI
A-2023-08-110,2023-08-28,2023,08:30,MANANA (06-11),ATE,URBANA,AVENIDA,ATROPELLO,1,0,1,NO,NO
A-2023-08-109,2023-08-28,2023,08:40,MANANA (06-11),SAN MARTIN DE PORRES,URBANA,AVENIDA,ATROPELLO,1,0,1,NO,NO
A-2023-08-111,2023-08-28,2023,20:50,NOCHE (18-23),SAN MARTIN DE PORRES,URBANA,AVENIDA,ATROPELLO FUGA,1,0,1,NO,NO
A-2023-08-112,2023-08-28,2023,22:30,NOCHE (18-23),PACHACAMAC,URBANA,AVENIDA,CHOQUE,1,1,2,NO,NO
A-2023-08-113,2023-08-29,2023,19:30,NOCHE (18-23),VILLA EL SALVADOR,URBANA,CARRETERA,ATROPELLO FUGA,1,0,1,SI,NO
A-2023-08-114,2023-08-30,2023,20:07,NOCHE (18-23),SAN BORJA,URBANA,AVENIDA,ATROPELLO,1,0,1,NO,NO
A-2023-08-115,2023-08-31,2023,02:30,MADRUGADA (00-05),PUENTE PIEDRA,URBANA,CARRETERA,ATROPELLO,2,1,1,NO,NO
A-2023-08-116,2023-08-31,2023,18:30,NOCHE (18-23),COMAS,URBANA,AVENIDA,ATROPELLO FUGA,1,0,1,SI,NO
A-2023-08-117,2023-08-31,2023,23:20,NOCHE (18-23),CHACLACAYO,URBANA,CARRETERA,DESPISTE,1,1,1,NO,SI
A-2023-09-84,2023-09-02,2023,01:45,MADRUGADA (00-05),SAN BORJA,URBANA,AVENIDA,DESPISTE,1,0,1,NO,NO
A-2023-09-85,2023-09-02,2023,20:56,NOCHE (18-23),CARABAYLLO,URBANA,AVENIDA,ATROPELLO,1,0,1,NO,NO
A-2023-09-120,2023-09-08,2023,11:00,MANANA (06-11),SAN MARTIN DE PORRES,URBANA,AVENIDA,CHOQUE,1,0,2,NO,NO
A-2023-09-121,2023-09-08,2023,18:00,NOCHE (18-23),VILLA EL SALVADOR,URBANA,AVENIDA,CHOQUE,1,0,2,NO,NO
A-2023-09-122,2023-09-08,2023,23:50,NOCHE (18-23),MIRAFLORES,URBANA,AVENIDA,ATROPELLO,1,0,1,NO,NO
A-2023-09-124,2023-09-09,2023,06:30,MANANA (06-11),SAN JUAN DE MIRAFLORES,URBANA,CARRETERA,CHOQUE,1,0,2,NO,SI
A-2023-09-125,2023-09-10,2023,18:20,NOCHE (18-23),BREÑA,URBANA,JIRÓN,ATROPELLO,1,0,1,NO,NO
A-2023-09-123,2023-09-11,2023,03:40,MADRUGADA (00-05),PUENTE PIEDRA,URBANA,CARRETERA,ATROPELLO,2,0,1,NO,SI
A-2023-09-126,2023-09-13,2023,00:30,MADRUGADA (00-05),RIMAC,URBANA,CARRETERA,ATROPELLO,1,0,1,NO,NO
A-2023-09-127,2023-09-14,2023,09:00,MANANA (06-11),PUNTA NEGRA,RURAL,CARRETERA,CHOQUE,1,23,2,NO,NO
A-2023-09-128,2023-09-14,2023,18:00,NOCHE (18-23),LURIGANCHO,URBANA,AVENIDA,CHOQUE,1,2,2,NO,SI
A-2023-09-129,2023-09-15,2023,19:40,NOCHE (18-23),SAN LUIS,URBANA,AVENIDA,CHOQUE FUGA,3,0,2,NO,NO
A-2023-09-130,2023-09-16,2023,01:40,MADRUGADA (00-05),SAN BORJA,URBANA,CARRETERA,CHOQUE,1,0,2,NO,NO
A-2023-09-131,2023-09-16,2023,17:30,TARDE (12-17),ATE,URBANA,CARRETERA,ATROPELLO,1,0,1,NO,NO
A-2023-09-132,2023-09-16,2023,19:50,NOCHE (18-23),SAN BORJA,URBANA,CARRETERA,CHOQUE,1,0,2,NO,NO
A-2023-09-133,2023-09-19,2023,06:00,MANANA (06-11),LIMA,URBANA,JIRÓN,CHOQUE,1,0,2,NO,NO
A-2023-09-134,2023-09-19,2023,08:00,MANANA (06-11),SAN JUAN DE MIRAFLORES,URBANA,CARRETERA,CAÍDA DE PASAJERO,1,0,1,NO,SI
A-2023-09-135,2023-09-21,2023,11:20,MANANA (06-11),SAN JUAN DE LURIGANCHO,URBANA,CARRETERA,ATROPELLO,1,0,1,NO,NO
A-2023-09-137,2023-09-22,2023,09:45,MANANA (06-11),LIMA,URBANA,CARRETERA,CHOQUE,1,1,2,NO,NO
A-2023-09-136,2023-09-24,2023,02:00,MADRUGADA (00-05),SANTA ANITA,URBANA,AVENIDA,ATROPELLO FUGA,1,0,1,SI,NO
A-2023-09-138,2023-09-26,2023,01:30,MADRUGADA (00-05),RIMAC,URBANA,CARRETERA,VOLCADURA,1,0,1,NO,NO
A-2023-09-139,2023-09-26,2023,19:25,NOCHE (18-23),ANCON,URBANA,CARRETERA,ATROPELLO,1,1,1,NO,SI
A-2023-09-141,2023-09-27,2023,06:30,MANANA (06-11),COMAS,URBANA,CALLE,CHOQUE,1,1,2,NO,SI
A-2023-09-140,2023-09-27,2023,18:30,NOCHE (18-23),SANTA ANITA,URBANA,AVENIDA,CHOQUE,1,0,2,NO,NO
A-2023-09-184,2023-09-28,2023,12:00,TARDE (12-17),CIENEGUILLA,URBANA,AVENIDA,CHOQUE CON OBJETO FIJO,1,0,1,NO,NO
A-2023-09-142,2023-09-28,2023,19:30,NOCHE (18-23),CHACLACAYO,URBANA,CARRETERA,ATROPELLO FUGA,1,0,1,SI,NO
A-2023-09-145,2023-09-28,2023,21:00,NOCHE (18-23),CIENEGUILLA,RURAL,AVENIDA,CHOQUE CON OBJETO FIJO,1,0,1,NO,NO
A-2023-09-144,2023-09-29,2023,05:30,MADRUGADA (00-05),ANCON,RURAL,CARRETERA,ATROPELLO FUGA,1,0,1,SI,NO
A-2023-09-183,2023-09-29,2023,05:30,MADRUGADA (00-05),ANCON,RURAL,CARRETERA,ATROPELLO FUGA,1,0,1,SI,NO
A-2023-09-146,2023-09-29,2023,22:40,NOCHE (18-23),LURIGANCHO,URBANA,AVENIDA,CHOQUE,1,0,2,NO,SI
A-2023-09-147,2023-09-30,2023,19:45,NOCHE (18-23),SAN MIGUEL,URBANA,AVENIDA,CHOQUE,1,1,2,NO,NO
A-2023-10-95,2023-10-02,2023,12:35,TARDE (12-17),LURIGANCHO,URBANA,AVENIDA,ATROPELLO,1,0,1,NO,NO
A-2023-10-96,2023-10-02,2023,19:00,NOCHE (18-23),INDEPENDENCIA,URBANA,AVENIDA,DESPISTE,1,0,1,NO,NO
A-2023-10-180,2023-10-04,2023,10:48,MANANA (06-11),ATE,URBANA,AVENIDA,ATROPELLO FUGA,1,0,1,SI,NO
A-2023-10-97,2023-10-04,2023,10:48,MANANA (06-11),ATE,URBANA,AVENIDA,ATROPELLO FUGA,1,0,1,SI,NO
A-2023-10-179,2023-10-05,2023,07:30,MANANA (06-11),CARABAYLLO,URBANA,AVENIDA,ATROPELLO,1,0,1,NO,NO
A-2023-10-98,2023-10-06,2023,04:20,MADRUGADA (00-05),COMAS,URBANA,AVENIDA,ATROPELLO,1,0,1,NO,NO
A-2023-10-140,2023-10-07,2023,18:00,NOCHE (18-23),BELLAVISTA,URBANA,AVENIDA,CHOQUE,1,0,2,NO,NO
A-2023-10-9,2023-10-07,2023,19:00,NOCHE (18-23),VENTANILLA,URBANA,AVENIDA,ATROPELLO,1,0,1,NO,SI
A-2023-10-100,2023-10-09,2023,14:10,TARDE (12-17),LA VICTORIA,URBANA,AVENIDA,ATROPELLO,1,0,1,NO,NO
A-2023-10-99,2023-10-09,2023,18:35,NOCHE (18-23),SANTA ROSA,RURAL,AVENIDA,ATROPELLO,1,0,1,NO,NO
A-2023-10-101,2023-10-09,2023,19:30,NOCHE (18-23),SAN JUAN DE LURIGANCHO,URBANA,CARRETERA,ATROPELLO,1,0,1,NO,SI
A-2023-10-102,2023-10-10,2023,15:45,TARDE (12-17),MAGDALENA DEL MAR,URBANA,AVENIDA,ATROPELLO,1,0,1,NO,SI
A-2023-10-103,2023-10-11,2023,23:00,NOCHE (18-23),SANTA ANITA,URBANA,AVENIDA,ATROPELLO,1,0,1,NO,NO
A-2023-10-104,2023-10-12,2023,06:45,MANANA (06-11),LURIGANCHO,RURAL,AUTOPISTA,CHOQUE,1,0,2,NO,NO
A-2023-10-105,2023-10-12,2023,14:00,TARDE (12-17),SAN MARTIN DE PORRES,URBANA,AVENIDA,ATROPELLO,1,0,1,NO,NO
A-2023-10-106,2023-10-12,2023,20:15,NOCHE (18-23),LURIN,URBANA,CARRETERA,ATROPELLO FUGA,1,0,1,SI,NO
A-2023-10-107,2023-10-13,2023,03:55,MADRUGADA (00-05),VILLA MARIA DEL TRIUNFO,URBANA,AVENIDA,ATROPELLO,1,1,1,NO,NO
A-2023-10-11,2023-10-14,2023,04:20,MADRUGADA (00-05),CALLAO,URBANA,CARRETERA,ATROPELLO,1,0,2,NO,NO
A-2023-10-108,2023-10-15,2023,07:50,MANANA (06-11),VILLA MARIA DEL TRIUNFO,URBANA,AVENIDA,ATROPELLO,1,1,1,NO,NO
A-2023-10-109,2023-10-15,2023,11:00,MANANA (06-11),LINCE,URBANA,AVENIDA,ATROPELLO,1,0,1,NO,NO
A-2023-10-112,2023-10-15,2023,20:05,NOCHE (18-23),SANTIAGO DE SURCO,URBANA,AVENIDA,CHOQUE,1,0,2,NO,NO
A-2023-10-111,2023-10-15,2023,21:45,NOCHE (18-23),CHACLACAYO,URBANA,AVENIDA,DESPISTE,1,0,1,NO,NO
A-2023-10-113,2023-10-16,2023,10:20,MANANA (06-11),ANCON,RURAL,CARRETERA,ATROPELLO,1,0,1,NO,NO
A-2023-10-114,2023-10-16,2023,12:00,TARDE (12-17),VILLA EL SALVADOR,URBANA,CALLE,ATROPELLO,1,0,1,NO,NO
A-2023-10-115,2023-10-18,2023,07:40,MANANA (06-11),SAN JUAN DE LURIGANCHO,URBANA,AVENIDA,DESPISTE,1,8,1,NO,SI
A-2023-10-116,2023-10-18,2023,19:40,NOCHE (18-23),LA MOLINA,URBANA,CARRETERA,ATROPELLO FUGA,1,0,1,SI,NO
A-2023-10-139,2023-10-18,2023,20:15,NOCHE (18-23),CALLAO,URBANA,AVENIDA,CHOQUE,1,0,2,NO,SI
A-2023-10-117,2023-10-19,2023,06:00,MANANA (06-11),INDEPENDENCIA,URBANA,CARRETERA,DESPISTE,1,0,1,NO,NO
A-2023-10-118,2023-10-21,2023,17:35,TARDE (12-17),COMAS,URBANA,AVENIDA,VOLCADURA,1,0,1,NO,NO
A-2023-10-119,2023-10-22,2023,02:10,MADRUGADA (00-05),SAN MARTIN DE PORRES,URBANA,AVENIDA,DESPISTE,1,0,1,NO,NO
A-2023-10-120,2023-10-22,2023,05:50,MADRUGADA (00-05),PUNTA NEGRA,RURAL,CARRETERA,DESPISTE,1,0,1,NO,NO
A-2023-10-121,2023-10-22,2023,12:40,TARDE (12-17),CHORRILLOS,URBANA,CARRETERA,CHOQUE,2,0,4,NO,NO
A-2023-10-124,2023-10-23,2023,07:00,MANANA (06-11),LURIN,RURAL,CARRETERA,CHOQUE,1,0,2,NO,NO
A-2023-10-125,2023-10-24,2023,07:00,MANANA (06-11),LURIN,RURAL,CARRETERA,CHOQUE,2,0,2,NO,NO
A-2023-10-128,2023-10-25,2023,00:23,MADRUGADA (00-05),SURQUILLO,URBANA,AVENIDA,ATROPELLO,1,0,1,NO,NO
A-2023-10-122,2023-10-25,2023,02:40,MADRUGADA (00-05),LOS OLIVOS,URBANA,CARRETERA,ATROPELLO FUGA,1,0,1,SI,NO
A-2023-10-127,2023-10-26,2023,05:45,MADRUGADA (00-05),SAN LUIS,URBANA,AVENIDA,ATROPELLO,1,0,1,NO,SI
A-2023-10-123,2023-10-27,2023,01:30,MADRUGADA (00-05),LOS OLIVOS,URBANA,CARRETERA,ATROPELLO FUGA,1,0,1,SI,NO
A-2023-10-126,2023-10-27,2023,06:30,MANANA (06-11),SAN MARTIN DE PORRES,URBANA,AVENIDA,ATROPELLO,1,0,1,NO,NO
A-2023-10-129,2023-10-28,2023,02:00,MADRUGADA (00-05),LURIGANCHO,URBANA,CARRETERA,ATROPELLO,1,2,1,NO,NO
A-2023-10-130,2023-10-28,2023,04:30,MADRUGADA (00-05),EL AGUSTINO,URBANA,AVENIDA,ATROPELLO FUGA,1,0,1,SI,NO
A-2023-10-131,2023-10-29,2023,00:40,MADRUGADA (00-05),ATE,URBANA,CARRETERA,ATROPELLO,1,0,1,NO,SI
A-2023-10-132,2023-10-29,2023,06:10,MANANA (06-11),RIMAC,URBANA,CARRETERA,CHOQUE,1,0,2,NO,SI
A-2023-10-93,2023-10-29,2023,12:10,TARDE (12-17),CARABAYLLO,URBANA,AVENIDA,ATROPELLO,1,0,1,NO,NO
A-2023-11-105,2023-11-01,2023,05:20,MADRUGADA (00-05),LOS OLIVOS,URBANA,AVENIDA,ATROPELLO,1,0,1,NO,NO
A-2023-11-106,2023-11-01,2023,19:00,NOCHE (18-23),CHORRILLOS,URBANA,VIA EXPRESA,ESPECIAL,1,0,1,NO,NO
A-2023-11-107,2023-11-02,2023,04:40,MADRUGADA (00-05),SAN MARTIN DE PORRES,URBANA,AVENIDA,ATROPELLO,1,0,1,NO,NO
A-2023-11-108,2023-11-02,2023,05:00,MADRUGADA (00-05),SAN JUAN DE LURIGANCHO,URBANA,AVENIDA,ATROPELLO,1,0,1,NO,NO
A-2023-11-109,2023-11-02,2023,11:45,MANANA (06-11),SAN BARTOLO,URBANA,CARRETERA,ATROPELLO FUGA,1,0,1,SI,NO
A-2023-11-111,2023-11-02,2023,17:40,TARDE (12-17),SAN JUAN DE LURIGANCHO,URBANA,AVENIDA,CHOQUE,1,0,2,NO,NO
A-2023-11-110,2023-11-02,2023,19:45,NOCHE (18-23),ATE,URBANA,CARRETERA,ATROPELLO,1,0,1,NO,NO
A-2023-11-112,2023-11-03,2023,03:06,MADRUGADA (00-05),RIMAC,URBANA,CARRETERA,ATROPELLO,1,0,1,NO,NO
A-2023-11-113,2023-11-05,2023,06:30,MANANA (06-11),COMAS,URBANA,AVENIDA,CHOQUE,1,0,2,NO,NO
A-2023-11-114,2023-11-06,2023,05:40,MADRUGADA (00-05),SAN MARTIN DE PORRES,URBANA,AVENIDA,ATROPELLO,1,0,1,NO,SI
A-2023-11-115,2023-11-08,2023,12:00,TARDE (12-17),LA VICTORIA,URBANA,JIRÓN,ATROPELLO,1,0,1,NO,NO
A-2023-11-116,2023-11-09,2023,17:40,TARDE (12-17),CARABAYLLO,URBANA,CARRETERA,CHOQUE FUGA,1,0,2,NO,NO
A-2023-11-117,2023-11-11,2023,22:10,NOCHE (18-23),CARABAYLLO,RURAL,CARRETERA,CHOQUE,1,0,2,NO,NO
A-2023-11-118,2023-11-12,2023,10:20,MANANA (06-11),SANTIAGO DE SURCO,URBANA,AVENIDA,ATROPELLO,1,0,1,NO,NO
A-2023-11-119,2023-11-12,2023,20:20,NOCHE (18-23),LURIN,RURAL,CARRETERA,ATROPELLO FUGA,1,0,1,SI,NO
A-2023-11-177,2023-11-14,2023,20:45,NOCHE (18-23),SAN MARTIN DE PORRES,URBANA,CARRETERA,CHOQUE,1,0,3,NO,NO
A-2023-11-120,2023-11-15,2023,06:15,MANANA (06-11),LOS OLIVOS,URBANA,AVENIDA,ATROPELLO,1,0,1,NO,NO
A-2023-11-122,2023-11-15,2023,07:20,MANANA (06-11),CARABAYLLO,URBANA,AVENIDA,ATROPELLO,1,0,1,NO,NO
A-2023-11-121,2023-11-15,2023,11:40,MANANA (06-11),SAN JUAN DE LURIGANCHO,URBANA,CALLE,ESPECIAL,1,0,1,NO,NO
A-2023-11-123,2023-11-15,2023,17:10,TARDE (12-17),SAN JUAN DE LURIGANCHO,URBANA,CARRETERA,DESPISTE,1,0,1,NO,NO
A-2023-11-149,2023-11-16,2023,12:10,TARDE (12-17),CALLAO,URBANA,AVENIDA,ATROPELLO,1,1,1,NO,NO
A-2023-11-124,2023-11-18,2023,00:20,MADRUGADA (00-05),INDEPENDENCIA,URBANA,CARRETERA,DESPISTE,1,0,1,NO,NO
A-2023-11-125,2023-11-18,2023,07:10,MANANA (06-11),SAN JUAN DE LURIGANCHO,URBANA,CALLE,DESPISTE,1,1,1,NO,NO
A-2023-11-126,2023-11-19,2023,05:30,MADRUGADA (00-05),SAN JUAN DE MIRAFLORES,URBANA,CARRETERA,ATROPELLO FUGA,1,0,1,SI,NO
A-2023-11-127,2023-11-19,2023,14:15,TARDE (12-17),ANCON,URBANA,CARRETERA,ATROPELLO,1,0,1,NO,NO
A-2023-11-128,2023-11-20,2023,17:20,TARDE (12-17),LURIN,URBANA,CARRETERA,CHOQUE,2,0,2,NO,NO
A-2023-11-129,2023-11-21,2023,03:10,MADRUGADA (00-05),SAN MARTIN DE PORRES,URBANA,CARRETERA,ATROPELLO,1,0,1,NO,NO
A-2023-11-130,2023-11-22,2023,23:30,NOCHE (18-23),PUENTE PIEDRA,URBANA,CARRETERA,CHOQUE,1,0,2,NO,NO
A-2023-11-131,2023-11-24,2023,12:45,TARDE (12-17),PUENTE PIEDRA,URBANA,AVENIDA,ATROPELLO FUGA,1,0,1,NO,SI
A-2023-11-132,2023-11-25,2023,01:30,MADRUGADA (00-05),PUNTA NEGRA,RURAL,CARRETERA,ATROPELLO FUGA,1,0,1,SI,NO
A-2023-11-189,2023-11-25,2023,08:40,MANANA (06-11),VILLA MARIA DEL TRIUNFO,URBANA,AVENIDA,ATROPELLO,1,0,1,NO,NO
A-2023-11-133,2023-11-26,2023,00:30,MADRUGADA (00-05),LURIN,URBANA,CARRETERA,ATROPELLO FUGA,1,0,1,SI,NO
A-2023-11-135,2023-11-27,2023,17:45,TARDE (12-17),LOS OLIVOS,URBANA,AVENIDA,ATROPELLO,1,0,1,NO,NO
A-2023-11-137,2023-11-27,2023,20:20,NOCHE (18-23),CHORRILLOS,URBANA,CARRETERA,CHOQUE,1,0,2,SI,NO
A-2023-11-136,2023-11-27,2023,20:30,NOCHE (18-23),COMAS,URBANA,AVENIDA,DESPISTE,1,6,1,NO,NO
A-2023-11-134,2023-11-27,2023,21:10,NOCHE (18-23),PUNTA NEGRA,RURAL,CARRETERA,ATROPELLO FUGA,1,0,1,SI,NO
A-2023-11-138,2023-11-28,2023,04:40,MADRUGADA (00-05),RIMAC,URBANA,CARRETERA,ATROPELLO FUGA,1,0,1,SI,NO
A-2023-11-150,2023-11-29,2023,10:30,MANANA (06-11),VENTANILLA,URBANA,CARRETERA,CHOQUE,1,0,2,NO,NO
A-2023-12-88,2023-12-02,2023,16:30,TARDE (12-17),PUENTE PIEDRA,URBANA,AVENIDA,DESPISTE,1,0,1,NO,NO
A-2023-12-89,2023-12-02,2023,19:20,NOCHE (18-23),CARABAYLLO,URBANA,CARRETERA,ATROPELLO,1,0,1,NO,SI
A-2023-12-90,2023-12-04,2023,00:23,MADRUGADA (00-05),COMAS,URBANA,AVENIDA,DESPISTE,1,0,1,NO,NO
A-2023-12-91,2023-12-04,2023,02:30,MADRUGADA (00-05),LOS OLIVOS,URBANA,CARRETERA,ATROPELLO,1,0,1,NO,NO
A-2023-12-92,2023-12-04,2023,18:30,NOCHE (18-23),ATE,URBANA,CARRETERA,ATROPELLO,1,0,1,NO,NO
A-2023-12-146,2023-12-06,2023,12:30,TARDE (12-17),BELLAVISTA,URBANA,AVENIDA,ATROPELLO,1,0,1,NO,SI
A-2023-12-95,2023-12-06,2023,17:00,TARDE (12-17),ATE,URBANA,OTRO,ATROPELLO FUGA,1,0,1,SI,NO
A-2023-12-93,2023-12-07,2023,23:50,NOCHE (18-23),VILLA EL SALVADOR,RURAL,CARRETERA,ATROPELLO,1,1,1,NO,NO
A-2023-12-94,2023-12-08,2023,19:15,NOCHE (18-23),LOS OLIVOS,URBANA,CARRETERA,CHOQUE,1,0,2,NO,NO
A-2023-12-96,2023-12-09,2023,04:20,MADRUGADA (00-05),CARABAYLLO,URBANA,AVENIDA,ATROPELLO FUGA,1,0,1,SI,NO
A-2023-12-97,2023-12-09,2023,20:55,NOCHE (18-23),LOS OLIVOS,URBANA,AVENIDA,ATROPELLO,1,0,1,NO,NO
A-2023-12-98,2023-12-10,2023,22:40,NOCHE (18-23),LIMA,URBANA,AVENIDA,ATROPELLO,1,0,1,NO,SI
A-2023-12-99,2023-12-11,2023,10:30,MANANA (06-11),LOS OLIVOS,URBANA,AVENIDA,ATROPELLO,1,0,1,NO,SI
A-2023-12-100,2023-12-11,2023,18:20,NOCHE (18-23),COMAS,URBANA,AVENIDA,ATROPELLO,1,0,1,NO,NO
A-2023-12-101,2023-12-12,2023,10:00,MANANA (06-11),VILLA MARIA DEL TRIUNFO,URBANA,AVENIDA,ATROPELLO,1,0,1,NO,SI
A-2023-12-103,2023-12-14,2023,05:45,MADRUGADA (00-05),SAN BARTOLO,RURAL,CARRETERA,CHOQUE,2,1,2,NO,NO
A-2023-12-102,2023-12-14,2023,06:30,MANANA (06-11),LURIN,RURAL,CARRETERA,DESPISTE,3,8,1,NO,NO
A-2023-12-104,2023-12-17,2023,07:00,MANANA (06-11),SAN JUAN DE LURIGANCHO,URBANA,AUTOPISTA,DESPISTE,1,0,1,NO,SI
A-2023-12-105,2023-12-18,2023,08:30,MANANA (06-11),LIMA,URBANA,JIRÓN,CHOQUE,2,0,2,NO,NO
A-2023-12-107,2023-12-18,2023,16:00,TARDE (12-17),PUEBLO LIBRE,URBANA,AVENIDA,CHOQUE,1,0,2,NO,NO
A-2023-12-106,2023-12-18,2023,22:15,NOCHE (18-23),SAN MARTIN DE PORRES,URBANA,AVENIDA,ATROPELLO,1,0,1,NO,NO
A-2023-12-108,2023-12-19,2023,18:00,NOCHE (18-23),SAN JUAN DE MIRAFLORES,URBANA,AVENIDA,ATROPELLO,1,0,1,NO,SI
A-2023-12-109,2023-12-22,2023,17:45,TARDE (12-17),LIMA,URBANA,AVENIDA,ATROPELLO,1,0,1,NO,NO
A-2023-12-110,2023-12-23,2023,04:30,MADRUGADA (00-05),INDEPENDENCIA,URBANA,CARRETERA,ATROPELLO FUGA,1,0,1,SI,NO
A-2023-12-111,2023-12-23,2023,17:30,TARDE (12-17),SANTA ANITA,URBANA,AVENIDA,ATROPELLO,1,0,1,NO,NO
A-2023-12-112,2023-12-23,2023,22:00,NOCHE (18-23),LURIN,RURAL,CARRETERA,CHOQUE,1,0,2,NO,SI
A-2023-12-147,2023-12-24,2023,02:30,MADRUGADA (00-05),LA PERLA,URBANA,CARRETERA,DESPISTE,1,1,1,NO,NO
A-2023-12-113,2023-12-25,2023,05:45,MADRUGADA (00-05),SANTIAGO DE SURCO,URBANA,JIRÓN,DESPISTE,1,0,1,NO,NO
A-2023-12-164,2023-12-25,2023,14:00,TARDE (12-17),ANCON,RURAL,CARRETERA,DESPISTE,1,1,1,NO,NO
A-2023-12-114,2023-12-26,2023,06:00,MANANA (06-11),CHORRILLOS,URBANA,VIA EXPRESA,DESPISTE,1,1,1,NO,NO
A-2023-12-115,2023-12-27,2023,16:40,TARDE (12-17),LOS OLIVOS,URBANA,AVENIDA,CHOQUE,1,1,2,NO,NO
A-2023-12-116,2023-12-27,2023,19:30,NOCHE (18-23),PUNTA HERMOSA,RURAL,CARRETERA,DESPISTE,1,0,2,NO,NO
A-2023-12-117,2023-12-28,2023,21:10,NOCHE (18-23),SAN BARTOLO,RURAL,CARRETERA,ATROPELLO,1,0,1,NO,NO
A-2023-12-118,2023-12-29,2023,21:10,NOCHE (18-23),SURQUILLO,URBANA,CALLE,ATROPELLO,1,0,1,NO,NO
A-2023-12-120,2023-12-30,2023,08:30,MANANA (06-11),LA VICTORIA,URBANA,AVENIDA,ATROPELLO,1,0,1,NO,NO
A-2023-12-119,2023-12-30,2023,11:52,MANANA (06-11),SAN MIGUEL,URBANA,AVENIDA,CHOQUE,1,0,2,NO,NO
