"codigo_osinerg","razon_social","actividad","departamento","provincia","distrito","direccion","fecha_reporte"
"100010","ECOX S.A.C.","ESTACIÓN DE SERVICIO CON GASOCENTRO DE GLP","SAN MARTIN","TOCACHE","TOCACHE","JR. MARISCAL RAMON CASTILLA N° 671 INTERSECCION JR. FREDY ALIAGA S/N","2026-08-08"
"100012","SERVICENTRO 777 S.A.C.","ESTACIÓN DE SERVICIOS / GRIFOS","LIMA","LIMA","CARABAYLLO","AV. LAS LOMAS DE CARABAYLLO (VÍA PERIURBANA TRAMO I-C), MZ. A, LOTE 01 - ASOCIACIÓN AGROPECUARIA LOS PALOMARES","2026-08-07"
"100048","GE INVERSIONES EIRL","GASOCENTROS DE GLP","LIMA","LIMA","VILLA EL SALVADOR","AV. 1 DE MAYO MZ. E LT 32-33 1ER SECTOR COOP. VIV. VIRGEN DE COCHARCAS","2026-08-08"
"100116","ESTACIÓN DE SERVICIOS J & K SANTIAGO S.R.L.","ESTACIÓN DE SERVICIOS / GRIFOS","UCAYALI","PADRE ABAD","PADRE ABAD","PARCELA 7B DE LA PARCELACION MARIELA II ETAPA","2026-08-09"
"100129","GRIFO PARIAHUANCA","ESTACIÓN DE SERVICIO CON GASOCENTRO DE GLP","AYACUCHO","CANGALLO","LOS MOROCHUCOS","CARRETERA AYACUCHO VILCASHUAMAN-CANGALLO KM 53","2026-08-04"
"100144","EMPRESA DE TRANSPORTES IMPERIAL NUEVO IMPERIAL LA FLORIDA Nº 06 S.A.","ESTACIÓN DE SERVICIO CON GASOCENTRO DE GLP","LIMA","CAÑETE","NUEVO IMPERIAL","LOTIZACION EL CONDE, LOTE 1, PARCELA P-87-1","2026-08-08"
"100155","COESTI S.A","EE.SS con GLP y GNV","LIMA","LIMA","LA VICTORIA","AV. NICOLAS ARRIOLA N° 710, URB. SANTA CATALINA","2026-08-08"
"100157","GRIFO Y SERVICIOS MULTIPLES ALEXSANDRA S.R.L.","ESTACIÓN DE SERVICIOS / GRIFOS","PASCO","PASCO","SIMON BOLIVAR","AV. PROGRESO S/N A UNA CUADRA DEL PALACIO MUNICIPAL","2026-08-06"
"100232","ESTACION DE SERVICIOS PACHACAMAC S.A.C.","ESTACIÓN DE SERVICIO CON GASOCENTRO DE GLP","LIMA","LIMA","PACHACAMAC","AV. PAUL POBLET, MZ. ""C"" SUB LOTE 1-A, HUERTO DE PACHACAMAC","2026-08-08"
"100237","COMBUSTIBLES MAYTA SRL","ESTACIÓN DE SERVICIOS / GRIFOS","UCAYALI","PADRE ABAD","ALEXANDER VON HUMBOLD","CARRETERA FEDERICO BASADRE KM. 86.200 - JUNTA VECINAL SAN FERNANDO","2026-08-08"
"100240","FIDEL SULLCA HUAMAN","ESTACIÓN DE SERVICIOS / GRIFOS","LIMA","HUAROCHIRI","SAN ANTONIO","AV. TUPAC AMARU ESQUINA CON AV. LOS HEROES MZ CV LT 05 SECTOR EL VALLE DE LA COMUNIDAD CAMPESINA DE JICAMARCA ANEXO 22","2026-08-07"
"100259","COMPANIA PERUANA DE PETROLEO GAS Y GASOLINA SAC","ESTACIÓN DE SERVICIO CON GASOCENTRO DE GLP","LAMBAYEQUE","CHICLAYO","LA VICTORIA","AV. GRAN CHIMU MZ. C LOTE 12 INTERSECCION CON AV. MIGUEL GRAU","2026-08-08"
"100276","GRIFO CESAR","ESTACIÓN DE SERVICIO CON GASOCENTRO DE GLP","HUANUCO","AMBO","AMBO","INTERSECCION MALECON LEONCIO PRADO JR LIBERTAD","2026-08-07"
"100280","ESTACION DE SERVICIOS SAN JOSE ESPINAR CUSCO SRL","ESTACIÓN DE SERVICIOS / GRIFOS","CUSCO","ESPINAR","PALLPATA","ESQUINA CALLE PUNO Y CALLE BOLIVAR MZ. L-2 LOTE 08 - BARRIO PROGRESO","2026-08-08"
"100281","INVERSIONES GENERALES PACIFIC GROUP SAC","ESTACIÓN DE SERVICIOS / GRIFOS","HUANUCO","DOS DE MAYO","RIPAN","INTERSECCION JR JUNIN CON EL JR TACNA","2026-08-09"
"100345","ESTACION DE SERVICIOS TARMA","ESTACIÓN DE SERVICIO CON GASOCENTRO DE GLP","JUNIN","TARMA","TARMA","CARRETERA TARMA - LA OROYA KM 25 + 279 SECTOR CASA BLANCA","2026-08-09"
"100398","GRIFO COMBUSTIBLES DEL ORIENTE","ESTACIÓN DE SERVICIOS / GRIFOS","MADRE DE DIOS","MANU","MADRE DE DIOS","CARRETERA COLORADO-PUNKIRI CHICO KM. 33+560","2026-08-09"
"100409","MARIA DEL CARMEN CAMPANA CUELLAR","ESTACIÓN DE SERVICIOS / GRIFOS","APURIMAC","ABANCAY","CURAHUASI","EX FUNDO LUCMOS A 100 MTS DEL HOSPITAL DE DIOSPISUYANA","2026-08-05"
"100436","PROYECTO INVERSIONES JM S.R.L.","ESTACIÓN DE SERVICIO CON GASOCENTRO DE GLP","LIMA","CAÑETE","SAN VICENTE DE CAÑETE","AV. MARISCAL BENAVIDES N° 1399","2026-08-08"
"100459","ROSA CRUZ CASQUINO","ESTACIÓN DE SERVICIOS / GRIFOS","PUNO","PUNO","PUNO","AV. PANAMERICANA SUR Nº 410 - BARRIO CHEJOÑA","2026-07-30"
"100539","GASOLINERA CHAUPIN S.A.C.","ESTACIÓN DE SERVICIOS / GRIFOS","LIMA","CAÑETE","NUEVO IMPERIAL","AV. LOS LIBERTADORES S/N, CENTRO POBLADO AUGUSTO B. LEGUIA (ALTURA KM 12, MARGEN DERECHA CARRETERA CAÑETE - YAUYOS)","2026-08-03"
"100712","BERTIZ MARGARITA BERECHE BALDERA","ESTACIÓN DE SERVICIOS / GRIFOS","LAMBAYEQUE","FERREÑAFE","PITIPO","PREDIO MI ELUYAJE SECTOR LA BALSA CALLE PROLONGACION REAL S/N-BATANGRANDE","2026-08-07"
"100754","INVERSIONES CHRIAAL SOCIEDAD ANONIMA CERRADA - INVERSIONES CHRIAAL S.A.C.","ESTACIÓN DE SERVICIOS / GRIFOS","APURIMAC","ABANCAY","CURAHUASI","AV. PANAMERICANA S/N, SECTOR QUISCAPAMPA, CARRETERA CUSCO-ABANCAY","2026-08-05"
"100813","GRIFO EL PEDREGAL S.R.L.","ESTACIÓN DE SERVICIOS / GRIFOS","AREQUIPA","CAYLLOMA","MAJES","URB. GRANJA 61, SECCIÓN A, PRIMERA ETAPA","2026-08-05"
"100822","ESTACION DE SERVICIOS MARPETROL S.A.C.","ESTACIÓN DE SERVICIOS / GRIFOS","CUSCO","CHUMBIVILCAS","VELILLE","CAR. ESPINAR - VELILLE NRO. S/N URB. SOL DE ORO (CRUCE CON CALLE WIRACOCHA EN EST. SERV.)","2026-08-07"
"100862","ESTACION DE SERVICIOS MAROS S.A.C","ESTACIÓN DE SERVICIO CON GASOCENTRO DE GLP","LIMA","HUAURA","SANTA MARIA","AV. CENTENARIO S/N ESQ. CON CALLE CEFERINO RAMIREZ","2026-08-04"
"100967","INVERSIONES COLLAO E.I.R.L.","ESTACIÓN DE SERVICIOS / GRIFOS","PUNO","PUNO","ACORA","AV. PANAMERICANA KM 34.18","2026-08-07"
"100969","ANA JECENIA PALACIOS GAMARRA","ESTACIÓN DE SERVICIO CON GASOCENTRO DE GLP","JUNIN","SATIPO","RIO NEGRO","AV. ALAMEDA MARGINAL NORTE, INTERSECCIONES CON EL JR. LOS NOGALES","2026-08-08"
"100970","SERVICIOS GENERALES MCV SAC","ESTACIÓN DE SERVICIOS / GRIFOS","JUNIN","SATIPO","RIO NEGRO","CARRETERA MARGINAL KM 98 URB. LA CAMPIÑA","2026-08-03"
"100972","JOSE LUIS BAZAN CORDOVA","ESTACIÓN DE SERVICIO CON GASOCENTRO DE GLP","SAN MARTIN","TOCACHE","UCHIZA","AV. MARCELIANO ALVAREZ N° 501 MZ 27 E, LOTE 1","2026-08-07"
"101012","NEGOCIACIONES PANEZ ROMERO EMPRESA INDIVIDUAL DE RESPONSABILIDAD LIMITADA","ESTACIÓN DE SERVICIOS / GRIFOS","JUNIN","SATIPO","SATIPO","AV. MICAELA BASTIDAS N° 310","2026-08-08"
"101109","ANTONIO OCAMPO RODRIGUEZ","ESTACIÓN DE SERVICIOS / GRIFOS","AMAZONAS","RODRIGUEZ DE MENDOZA","OMIA","CODIGO CATASTRAL 173 -A MARGEN DERECHA DEL RIO MASHUYACU","2026-08-09"
"101279","ELIZABETH AZULA PEREZ","ESTACIÓN DE SERVICIOS / GRIFOS","CAJAMARCA","SAN MIGUEL","LLAPA","CARRETERA CAJAMARCA HUALGAYOC KM 71-CASERIO COIMOLACHE","2026-08-07"
"101335","COESTI SA ESS EL MILAGRO","ESTACIÓN DE SERVICIO CON GASOCENTRO DE GLP","LA LIBERTAD","TRUJILLO","HUANCHACO","ESQ. AV. MIGUEL GRAU CON CALLE JOSE CARLOS MARIATEGUI, AA.HH. EL MILAGRO,SECTOR 1 MZ 5 LOTE 4","2026-08-08"
"101360","BACA FERRO JUAN LEONARDO","ESTACIÓN DE SERVICIOS / GRIFOS","CUSCO","CALCA","PISAC","CALLE SAÑOHUASI S/N","2026-08-05"
"101383","OLGA GRACIELA GAVINO CAJAHUAMAN","ESTACIÓN DE SERVICIOS / GRIFOS","PASCO","PASCO","TICLACAYAN","CARRETERA CENTRAL KM. 325 HUANUCO - CERRO DE PASCO, ANEXO DE YANAPAMPA","2026-08-05"
"101406","GRIFO H.N.S. SANTA ROSA E.I.R.L.","ESTACIÓN DE SERVICIOS / GRIFOS","LORETO","MAYNAS","FERNANDO LORES","CALLE AMAZONAS MZ. L, LOTES 37 Y 38 - TAMSHIYACU","2026-08-03"
"101446","ZETA GAS ANDINO S.A","GASOCENTROS DE GLP","AREQUIPA","CAYLLOMA","MAJES","GRANJA FORESTAL MZ G-377, SUB LOTE A, SECTOR EL PEDREGAL, SECCION A","2026-07-24"
"101451","CARRASCO ORTEGA EVER JUNIOR","ESTACIÓN DE SERVICIOS / GRIFOS","ANCASH","HUAYLAS","CARAZ","JR. SAN MARTIN S/N MZ. Q LOTE 44  BARRIO YANACHACA","2026-08-02"
"101467","GRIFO SAN BARTOLOME E.I.R.L.","ESTACIÓN DE SERVICIO CON GASOCENTRO DE GLP","LIMA","LIMA","PUENTE PIEDRA","CALLE TACNA ESQUINA CON CALLE ABANCAY MZ. 77, LOTES 1 Y 2, AA.HH. SANTA ROSA","2026-08-09"
"101573","GLOBAL FUEL S.A.","ESTACIÓN DE SERVICIOS / GRIFOS","PIURA","PAITA","PAITA","ZONA INDUSTRIAL II MZ. V SUB LOTES 1B-5 Y 1B-6","2026-08-09"
"101616","VICENTE CHACACANTA NUÑEZ DE LA TORRE","ESTACIÓN DE SERVICIOS / GRIFOS","MADRE DE DIOS","MANU","HUEPETUHE","CALLE PRINCIPAL MZ C LT 3, NUEVA EXPANSION URBANA PARTE ALTA.","2026-08-06"
"101617","INES GUMERCINDA ROSA DE MEDINA","ESTACIÓN DE SERVICIOS / GRIFOS","MADRE DE DIOS","MANU","HUEPETUHE","CALLE PRINCIPAL MZ. D LT. 6, NUEVA EXPANSION URBANA PARTE ALTA","2026-08-09"
"101622","INVERSIONES ARACELY E.I.R.L.","ESTACIÓN DE SERVICIOS / GRIFOS","AYACUCHO","LA MAR","SAMUGARI","AV. 15 DE OCTUBRE S/N CERCADO DE PALMAPAMPA","2026-08-07"
"101635","TORIBIO ERNESTO PEREZ VALER","ESTACIÓN DE SERVICIOS / GRIFOS","MADRE DE DIOS","MANU","HUEPETUHE","CALLE PRINCIPAL MZ. C,LOTE 02,NUEVA EXPANSION URBANA PARTE ALTA","2026-08-05"
"101642","GRUPO QUILLY SOCIEDAD ANONIMA CERRADA","ESTACIÓN DE SERVICIOS / GRIFOS","MADRE DE DIOS","MANU","HUEPETUHE","CALLE PRINCIPAL MZ. C, LOTE 4","2026-08-06"
"101659","ANDRES CORCINO PALOMINO CCORAHUA","ESTACIÓN DE SERVICIOS / GRIFOS","HUANCAVELICA","ANGARAES","LIRCAY","AV. ANCCARA S/N. MZ H LT 7 Y 8 - BARRIO BELLAVISTA","2026-08-06"
"101676","ESTACION DE SERVICIO MIRA E.I.R.L.","ESTACIÓN DE SERVICIOS / GRIFOS","CUSCO","LA CONVENCION","PICHARI","PREDIO RUSTICO Nº 6, SECTOR OMAYA BAJA, CARRETERA PICHARI-SAN FRANCISCO","2026-08-05"
"101739","MULTISERVICIOS LIM TRANSPOR SAC","ESTACIÓN DE SERVICIO CON GASOCENTRO DE GLP","HUANUCO","DOS DE MAYO","PACHAS","CARRETERA HUANUCO - LA UNION BARRIO DEL CARMEN ALTO","2026-08-09"
"101753","MULTISERVICIOS BARRANQUILLA S.A.C.","ESTACIÓN DE SERVICIOS / GRIFOS","MADRE DE DIOS","MANU","HUEPETUHE","CARRETERA PUERTO PUNKIRI CAYCHIHUE BARRACA-HUEPETUHE, KM. 06 + 50 SECTOR CAYCHIHUE BARRACA","2026-08-05"
"101850","INVERSIONES PERCY CAR S.R.L.","ESTACIÓN DE SERVICIO CON GASOCENTRO DE GLP","LIMA","LIMA","VILLA EL SALVADOR","SECTOR 1 GRUPO 25A - MZ. I, LT. 1","2026-08-09"
"101912","GRIFO 4D E.I.R.L.","ESTACIÓN DE SERVICIOS / GRIFOS","LAMBAYEQUE","LAMBAYEQUE","LAMBAYEQUE","PREDIO SIALUPE, UC 10762, ANTIGUA CARRETERA PANAMERICANA NORTE KM 10+021","2026-08-08"
"101944","GRIFO RURAL KATHERIN EMPRESA INDIVIDUAL DE RESPONSABILIDAD LIMITADA","ESTACIÓN DE SERVICIOS / GRIFOS","MADRE DE DIOS","MANU","HUEPETUHE","CALLE PRINCIPAL LT. 01 MZ. R CENTRO POBLADO MENOR CHOQUE","2026-08-07"
"101946","MULTISERVICIOS SILVIA ROSARIO E.I.R.L.","ESTACIÓN DE SERVICIOS / GRIFOS","MADRE DE DIOS","MANU","HUEPETUHE","CALLE PRINCIPAL MZ. C, LT 01 -NUEVA EXPANSION URBANA- PARTE ALTA","2026-08-07"
"101947","ERNESTO AVELINO GUZMAN PANCORBO","ESTACIÓN DE SERVICIOS / GRIFOS","MADRE DE DIOS","MANU","HUEPETUHE","CALLE PRINCIPAL MZ. D LT. 7 NUEVA EXPANSION URBANA PARTE ALTA","2026-08-05"
"101980","SERVICENTRO PETRO MAPI EMPRESA INDIVIDUAL DE RESPONSABILIDAD LIMITADA","ESTACIÓN DE SERVICIOS / GRIFOS","MADRE DE DIOS","MANU","HUEPETUHE","CALLE PRINCIPAL INDEPENDENCIA MZ. L, LOTE 13","2026-08-08"
"102049","ARMANDA ENMA RAMOS AQUIÑO","ESTACIÓN DE SERVICIOS / GRIFOS","ANCASH","HUARAZ","PARIACOTO","AV. GABRIEL RAMOS S/N, CARRETERA HUARAZ-CASMA KM. 55.5","2026-08-06"
"102051","PETROLNASCA S.R.L","ESTACIÓN DE SERVICIO CON GASOCENTRO DE GLP","JUNIN","SATIPO","MAZAMARI","AV. LOS CAFETALEROS N° 137 H.U. COMANDANTE VALENTIN ALVAREZ","2026-08-09"
"102076","INVERSIONES ROHAMA S.A.C.","ESTACIÓN DE SERVICIOS / GRIFOS","LORETO","MAYNAS","PUNCHANA","AV. LA MARINA N° 1814","2026-08-08"
"102107","CONSORCIO RAMIREZ HNOS. S.A. ","ESTACIÓN DE SERVICIOS / GRIFOS","HUANCAVELICA","TAYACAJA","DANIEL HERNANDEZ","AV. PERU S/N","2026-08-08"
"102115","GRIFO EL MAGNATE","ESTACIÓN DE SERVICIOS / GRIFOS","CAJAMARCA","CAJAMARCA","CAJAMARCA","CARRETERA CAJAMARCA-BAMBAMARCA KM 2.5 CASERIO SAN FRANCISCO","2026-08-09"
"102149","AVA","ESTACIÓN DE SERVICIOS / GRIFOS","ANCASH","CARHUAZ","TINCO","AUTOPISTA HUARAZ CARAZ KM. 235.30, PREDIO RURAL BUENOS AIRES, SECTOR TOMA","2026-08-07"
"102201","GRIFO MUNICHIS S.A.C.","ESTACIÓN DE SERVICIOS / GRIFOS","LORETO","ALTO AMAZONAS","YURIMAGUAS","CALLE LIBERTAD N° 1117 - VILLA GALPOS","2026-08-07"
"102209","LK COMBUSTIBLES S. A. C","ESTACIÓN DE SERVICIOS / GRIFOS","ANCASH","CASMA","CASMA","CARRETERA PANAMERICANA NORTE KM 380+221.35 LOTES 1A Y B PREDIO EL CARMEN","2026-08-05"
"102272","CORPORACION MATAMOROS SOCIEDAD ANONIMA CERRADA","ESTACIÓN DE SERVICIOS / GRIFOS","MADRE DE DIOS","TAMBOPATA","TAMBOPATA","CARRETERA TRANSOCEANICA PUERTO MALDONADO  CUSCO KM. 04","2026-08-08"
"102300","DEL CARPIO COMPANY S.A.C.","ESTACIÓN DE SERVICIOS / GRIFOS","MADRE DE DIOS","MANU","HUEPETUHE","CALLE PRINCIPAL MZ. D, LOTE 02,NUEVA EXPANSION URBANA-PARTE ALTA.","2026-08-03"
"102301","VALENTIN RONALD DEL CARPIO GUZMAN","ESTACIÓN DE SERVICIOS / GRIFOS","MADRE DE DIOS","MANU","HUEPETUHE","CALLE PRINCIPAL MZ. D, LOTE 01,NUEVA EXPANSION URBANA -PARTE ALTA","2026-08-03"
"102332","INVERSIONES Y SERVICIOS EL OVALO S.A.C.","ESTACIÓN DE SERVICIOS / GRIFOS","AMAZONAS","BAGUA","BAGUA","SUB LOTE E EL EDEN A2 - SECTOR LA CURVA","2026-08-08"
"102353","GRIFOS FLORES REFF S.A.C.","ESTACIÓN DE SERVICIO CON GASOCENTRO DE GLP","JUNIN","HUANCAYO","CHILCA","CALLE REAL N° 1512 - CHILCA","2026-08-09"
"102381","ESTACION DE ENERGIAS EL CENTENARIO S.A.C","ESTACIÓN DE SERVICIO CON GASOCENTRO DE GLP","TACNA","TACNA","TACNA","PARQUE INDUSTRIAL MZ. G LTS. 5 Y 6 AV. JORGE BASADRE NORTE - CALLE 13","2026-08-09"
"102419","INDUSTRIAS RUBBER E.I.R.L.","ESTACIÓN DE SERVICIOS / GRIFOS","AREQUIPA","AREQUIPA","CHARACATO","CALLE YARABAMBA S/N","2026-08-07"
"102531","DON ANDRES QUILLY E.I.R.L","ESTACIÓN DE SERVICIOS / GRIFOS","MADRE DE DIOS","MANU","HUEPETUHE","CALLE PRINCIPAL MZ. A LOTE 07 NUEVA EXPANSION URBANA - PARTE ALTA","2026-08-06"
"102669","GUTIERREZ DELGADO CLAUDIO","ESTACIÓN DE SERVICIOS / GRIFOS","MADRE DE DIOS","MANU","HUEPETUHE","CALLE PRINCIPAL MZ. B L0TE 07 NUEVA EXPANSION URBANA - PARTE ALTA","2026-08-05"
"102685","ESTACION DE SERVICIOS CHALPON S.A.C.","ESTACIÓN DE SERVICIO CON GASOCENTRO DE GLP","LAMBAYEQUE","CHICLAYO","CHICLAYO","KM 2+350 VIA CHICLAYO-FERREÑAFE, MARGEN DERECHA UC 032 PREDIO CASA BLANCA","2026-08-09"
"102687","MARIA DEL PILAR ALCANTARA RIVERA","ESTACIÓN DE SERVICIOS / GRIFOS","LAMBAYEQUE","FERREÑAFE","PITIPO","CARRETERA FERREÑAFE BATANGRANDE KM 11+580, CASERÍO LA ZARANDA","2026-08-08"
"102728","GRIFOS COPACABANA","ESTACIÓN DE SERVICIOS / GRIFOS","PUNO","MELGAR","SANTA ROSA","CARRETERA PANAMERICANA KM. 179.5, PREDIO RÚSTICO SUYTU CANCHA","2026-08-08"
"102729","ESTACION DE SERVICIOS DOS DE MAYO S.A.C","ESTACIÓN DE SERVICIOS / GRIFOS","MADRE DE DIOS","TAMBOPATA","INAMBARI","VIA INTEROCEANICA SUR KM 319+355 SECTOR DOS DE MAYO-MAZUKO","2026-08-03"
"102879","GRIFO ALICIA E.I.R.L.","ESTACIÓN DE SERVICIOS / GRIFOS","MADRE DE DIOS","MANU","HUEPETUHE","CALLE PRINCIPAL MZ. D LT. 04 NUEVA EXPANSION URBANA PARTE ALTA","2026-08-08"
"102990","ESCOH S.A.C.","EE.SS con GLP y GNV","ICA","ICA","ICA","AV. FERNANDO LEON DE VIVERO ESQ. PASAJE LOS ANGELES, SUB LOTE 4A","2026-08-08"
"103005","CARMEN LUISA RIVERA TRISTAN","ESTACIÓN DE SERVICIOS / GRIFOS","MADRE DE DIOS","TAMBOPATA","LABERINTO","KM. 06 DEL ACCESO A PUERTO ROSARIO DE LABERINTO (MARGEN IZQUIERDA)","2026-08-08"
"103045","GRIFO EL SALVADOR S.R.L.","ESTACIÓN DE SERVICIOS / GRIFOS","MADRE DE DIOS","TAMBOPATA","LABERINTO","JR. EFRAIN LUNA MANZANA 2-LL LOTE 11","2026-08-07"
"103059","LUCINDA LLIMPE RODRIGUEZ","ESTACIÓN DE SERVICIOS / GRIFOS","HUANCAVELICA","ACOBAMBA","ACOBAMBA","JR LIMA S/N","2026-08-04"
"103094","SERVICIOS LOGISTICOS MONTERRILLO S.A.C.","ESTACIÓN DE SERVICIOS / GRIFOS","SAN MARTIN","RIOJA","PARDO MIGUEL","CARRETERA FERNANDO BELAUNDE TERRY KM 415+380","2026-07-31"
"103103","TRANSENERGY COMPANY S.A.C.","ESTACIÓN DE SERVICIOS / GRIFOS","LIMA","HUAURA","VEGUETA","CARRETERA PANAMERICANA NORTE, PARCELA 45A, SECTOR LA CHILAMPA","2026-08-08"
"103127","GRIFOS ESPINOZA S. A.","GASOCENTROS DE GLP","ANCASH","SANTA","CHIMBOTE","AV. VICTOR RAUL HAYA DE LA TORRE 1397 AA.HH. MIRAMAR ALTO MZ B, LOTE 24","2026-08-09"
"103141","ESTACION DE SERVICIOS SELVA EMPRESA INDIVIDUAL DE RESPONSABILIDAD LIMITADA","ESTACIÓN DE SERVICIOS / GRIFOS","JUNIN","SATIPO","PANGOA","LOTES 9 Y 10 DE LA MZ. G, INTERSECCIÓN DE LA AV. MARISCAL RAMÓN CASTILLA Y LA AV. FRAY ANTONIO ZEGARRA, CENTRO POBLADO DE SAN RAMON DE PANGOA","2026-08-07"
"103248","DVM ISAAC INVERSIONES S.A.C.","ESTACIÓN DE SERVICIOS / GRIFOS","SAN MARTIN","MOYOBAMBA","MOYOBAMBA","JR. INDEPENDENCIA ESQUINA CON JR. APURIMAC","2026-08-08"
"103306","SERVICENTRO CAMPANA SOCIEDAD COMERCIAL DE RESPONSABILIDAD LIMITADA","ESTACIÓN DE SERVICIOS / GRIFOS","HUANUCO","AMBO","AMBO","CARRETERA LIMA - HUANUCO KM 204","2026-08-09"
"103317","GRIFO LOS OLIVOS E.I.R.L.","ESTACIÓN DE SERVICIOS / GRIFOS","AREQUIPA","CARAVELI","YAUCA","CARRETERA PANAMERICANA SUR KM 566","2026-08-05"
"103368","SERVICENTRO SAN FRANCISCO E.I.R.L.","ESTACIÓN DE SERVICIOS / GRIFOS","MADRE DE DIOS","TAMBOPATA","LABERINTO","KM. 06 CARRETERA DE ACCESO SANTO DOMINGO-LABERINTO","2026-08-08"
"103375","INVERSIONES Y ASOCIADOS RHL   S.R.L.","ESTACIÓN DE SERVICIOS / GRIFOS","APURIMAC","COTABAMBAS","CHALLHUAHUACHO","AV. CHALLHUAHUACHO - PROGRESO MZ. X1 LOTE 5, ESQUINA CALLE 25","2026-08-05"
"103389","ESTACION DE SERVICIOS RUBY & B.K. S.A.C.","ESTACIÓN DE SERVICIOS / GRIFOS","ANCASH","CASMA","CASMA","AV. JULIO C. TELLO ESQUINA CON CALLE MIGUEL GRAU MZ. E-3 LOTES 1 Y 2, AA.HH. VILLA HERMOSA","2026-08-07"
"103481","JUSTO QUISPE QUISPE","ESTACIÓN DE SERVICIOS / GRIFOS","MADRE DE DIOS","MANU","HUEPETUHE","CARRETERA PUNKIRI  HUEPETUHE, FUNDO VISTA ALEGRE KM. 15+000","2026-08-07"
"103620","CESAR EMILIO MACEDO MAMANI","ESTACIÓN DE SERVICIOS / GRIFOS","PUNO","SANDIA","CUYOCUYO","AV RAMON CASTILLA S/N","2026-08-08"
"103639","PERUPETROLM MULTISERVICIOS SOCIEDAD ANONIMAC CERRADA - PERUPETROLM S.A.C.","ESTACIÓN DE SERVICIOS / GRIFOS","APURIMAC","COTABAMBAS","CHALLHUAHUACHO","INTERSECCION DE LA AV. LOS ALAMOS Y LA AV. 18 DE NOVIEMBRE ASOCIACION DE VIVIENDA LOS ALAMOS","2026-08-07"
"103658","ESTACION DE SERVICIOS SANROQUE SAC","ESTACIÓN DE SERVICIO CON GASOCENTRO DE GLP","LAMBAYEQUE","CHICLAYO","PIMENTEL","CARRETERA CHICLAYO-PIMENTEL KM 4.5 -SECTOR LA GARITA","2026-08-07"
"103744","ROCIO CORI VILCA","ESTACIÓN DE SERVICIOS / GRIFOS","MADRE DE DIOS","MANU","HUEPETUHE","CALLE PRINCIPAL CON CALLE S/N CENTRO POBLADO MENOR CHOQUE","2026-08-07"
"103766","ESTACION DE SERVICIOS SAGITARIO S.R.L.","ESTACIÓN DE SERVICIOS / GRIFOS","CUSCO","QUISPICANCHI","LUCRE","CARRETERA CUSCO-URCOS KM 37 SECTOR SUMAC TTICA-TONGOBAMBA","2026-08-05"
"103814","GRIFO TUMAN S.A.C","ESTACIÓN DE SERVICIOS / GRIFOS","LAMBAYEQUE","CHICLAYO","TUMAN","CARRETERA CHICLAYO - CHONGOYAPE KM 32 (FRENTE AL CEMENTERIO), SECTOR CAMPO EL TORO","2026-07-21"
"103866","ESTACION DE SERVICIOS NEYKAR E.I.R.L.","ESTACIÓN DE SERVICIO CON GASOCENTRO DE GLP","CUSCO","LA CONVENCION","PICHARI","CARRETERA PICHARI-NATIVIDAD KM. 1.65 - PICHARI ALTO","2026-08-04"
"103881","SERVICENTROS MARIELENA S.A.C.","ESTACIÓN DE SERVICIOS / GRIFOS","LA LIBERTAD","SANCHEZ CARRION","HUAMACHUCO","PARCELA LA CUCHILLA - CASERIO SHIRACMACA, CARRETERA HUAMACHUCO - RETAMAS (CARRETERA HUAMACHUCO - CAJABAMBA KM 0 + 808, SECTOR LA CUCHILLA)","2026-08-07"
"103900","SERVICENTRO MAYARA E.I.R.L.","ESTACIÓN DE SERVICIOS / GRIFOS","MADRE DE DIOS","MANU","MADRE DE DIOS","CARRETERA PONAL-SAN JUAN GRANDE KM 19+900  MARGEN DERECHA","2026-08-07"
"103914","ROSA JUANA LLAURY VILLANUEVA","ESTACIÓN DE SERVICIOS / GRIFOS","LA LIBERTAD","SANCHEZ CARRION","HUAMACHUCO","AV. ANTONIO SALAZAR S/N KM. 12 CARRETERA HUAMACHUCO-CAJABAMBA, CASERIO LAGUNA SAUSACOCHA","2026-08-06"
"103952","GRIFO JUAN DE DIOS I.C.R. EMPRESA INDIVIDUAL DE RESPONSABILIDAD LIMITADA","ESTACIÓN DE SERVICIOS / GRIFOS","ANCASH","CASMA","COMANDANTE NOEL","AV. JUAN VELASCO ALVARADO S/N, MZ. LL LOTE 02, AA.HH. MIGUEL GRAU, BARRIO PIURA (PUERTO DE CASMA)","2026-08-03"
"103957","CORPORACION CAMILFER EIRL","ESTACIÓN DE SERVICIOS / GRIFOS","JUNIN","SATIPO","MAZAMARI","CARRETERA MARGINAL MZ 8 LOTE 10","2026-08-08"
"104012","SERVICIOS MULTIPLES JHAMSUR S.A.C.","ESTACIÓN DE SERVICIOS / GRIFOS","AYACUCHO","PARINACOCHAS","PUYUSCA","INTERSECCION AV SAN ISIDRO S/N CON JR LIMA","2026-08-04"
"104033","INVERSIONES PETROLUZ S.A.C.","ESTACIÓN DE SERVICIOS / GRIFOS","JUNIN","CHANCHAMAYO","PERENE","AV. ESPERANZA - SECTOR SANTA INES MZ. A LOT.13,14 Y 15","2026-08-08"
"104038","KILMA ALIDA CANDIA VARGAS","ESTACIÓN DE SERVICIOS / GRIFOS","MADRE DE DIOS","MANU","HUEPETUHE","CALLE PRINCIPAL MZ. A LT. 06 - NUEVA EXPANSION URBANA PARTE ALTA","2026-08-04"
"104098","MULTISERVIS ALFA & JD S.A.C.","ESTACIÓN DE SERVICIOS / GRIFOS","MADRE DE DIOS","MANU","HUEPETUHE","AV. PRINCIPAL INDEPENDENCIA MZ 204 LTS 01-06 PARTE ALTA HUEPETUHE","2026-08-08"
"104151","ROJAS ALVAREZ JUSTINA","ESTACIÓN DE SERVICIOS / GRIFOS","MADRE DE DIOS","TAHUAMANU","IBERIA","AA.HH LAS PALMERAS MZ. A LOTE 06 CARRETERA INTEROCEANICA- IBERIA","2026-08-02"
"104194","TULA CABRERA MENDOZA","ESTACIÓN DE SERVICIOS / GRIFOS","MADRE DE DIOS","MANU","HUEPETUHE","MZ. M LT. 1 CENTRO POBLADO MENOR CAYCHIHUE ALTO Y QUEBRADA NUEVA-SECTOR NUEVA","2026-08-06"
"104256","INVERSIONES MYE SAC","ESTACIÓN DE SERVICIO CON GASOCENTRO DE GLP","LIMA","LIMA","LURIGANCHO","AV. LAS TORRES MZ. D LOTE 14, URB. ALAMEDA DE HUACHIPA","2026-08-08"
"104300","ESTACION DE SERVICIOS SAN ANTONIO SAC","ESTACIÓN DE SERVICIOS / GRIFOS","LIMA","BARRANCA","PARAMONGA","CARRETERA PATIVILCA-CRUZ KM. 12.5 CENTRO POBLADO SAN JUAN DE TUNAN","2026-08-08"
"104307","SERVICENTRO PERICO EMPRESA INDIVIDUAL DE RESPONSABILIDAD LIMITADA","ESTACIÓN DE SERVICIOS / GRIFOS","MADRE DE DIOS","MANU","HUEPETUHE","CALLE PRINCIPAL MZ. D LOTE 05 NUEVA EXPANSION URBANA PARTE ALTA","2026-08-05"
"104348","ESTACION DE SERVICIOS SANTA ANGELA SAC","ESTACIÓN DE SERVICIOS / GRIFOS","LAMBAYEQUE","CHICLAYO","JOSE LEONARDO ORTIZ","AV. VENEZUELA Y AV. LA DESPENSA MZ. N LOTE 08 - SALAMANCA","2026-08-07"
"104352","TECNOLOGIA Y SERVICIOS GENERALES EMANUEL EIRL","ESTACIÓN DE SERVICIOS / GRIFOS","PIURA","MORROPON","BUENOS AIRES","AV. PERU N° 120 CENTRO POBLADO CARRASQUILLO","2026-08-04"
"104354","GRUPO H SAN JUAN S.A.C.","ESTACIÓN DE SERVICIO CON GASOCENTRO DE GLP","ANCASH","SANTA","CHIMBOTE","AV. VICTOR RAUL HAYA DE LA TORRE 3701 - AAHH SAN JUAN","2026-08-08"
"104367","EMPRESA DE TRANSPORTES SERVICIOS Y COMERCIALIZACION REYDA EIRL","ESTACIÓN DE SERVICIOS / GRIFOS","LIMA","LIMA","SAN JUAN DE MIRAFLORES","LOTE 2B, LA RINCONADA PAMPLONA ALTA","2026-08-08"
"104389","SERVICENTRO RAMIREZ SAC","ESTACIÓN DE SERVICIO CON GASOCENTRO DE GLP","LA LIBERTAD","TRUJILLO","MOCHE","CARRETERA PANAMERICANA NORTE PREDIO EL TANQUE LOTE A SECTOR EL TANQUE","2026-08-09"
"104405","ESTACION DE SERVICIOS DON ROMULO SA","ESTACIÓN DE SERVICIOS / GRIFOS","PIURA","MORROPON","LA MATANZA","LOTE N° 01 MZ. 14 ENTRE AV. 28 DE JULIO Y CALLE CHULUCANAS","2026-08-08"
"104438","ESTACIONES DE SERVICIO AGUILAR E.I.R.L.","ESTACIÓN DE SERVICIOS / GRIFOS","PIURA","HUANCABAMBA","HUARMACA","AV. CUCHUPAMPA S/N-CARRETERA HUARMACA A HUALAPAMPA-CASERIO CUCHUPAMPA","2026-08-02"
"104454","INVERSIONES EN HIDROCARBUROS JC E.I.R.L.","ESTACIÓN DE SERVICIOS / GRIFOS","CUSCO","CUSCO","SAN JERONIMO","PREDIO RUSTICO PARUSTTACCA, ESQUINA DE LA VIA EXPRESA CON LA CALLE PEROL PUGIO","2026-08-08"
"104494","DELTA ATE E.I.R.L.","EE.SS con GLP y GNV","LIMA","LIMA","ATE","AV. NICOLAS AYLLON Nº 3620, CARRETERA CENTRAL ESQUINA CON AV. ATE","2026-08-08"
"104536","ESTACION DE SERVICIOS SHATU BARRIOS","ESTACIÓN DE SERVICIO CON GASOCENTRO DE GLP","JUNIN","CHUPACA","CHUPACA","INTERSECCION DEL JR. MARIA MIRANDA Y JR. SANTOS BRAVO","2026-08-08"
"104608","GRIFO DON FELIPE","ESTACIÓN DE SERVICIO CON GASOCENTRO DE GLP","AREQUIPA","AREQUIPA","JOSE LUIS BUSTAMANTE Y RIVERO","PROLONGACIÓN AV. DOLORES N° 109","2026-08-09"
"104635","SERVICENTRO MELSA E.I.R.LTDA.","ESTACIÓN DE SERVICIOS / GRIFOS","TACNA","TACNA","TACNA","OVALO CUSCO AV. JORGE BASADRE G. SUR - AV. TARAPACA (ANTES AV. COLLPA)","2026-08-07"
"104692","COMBUSTIBLES & SERVICIOS SEÑOR CAUTIVO E.I.R.L.","ESTACIÓN DE SERVICIO CON GASOCENTRO DE GLP","PIURA","MORROPON","MORROPON","CALLE BUENOS AIRES MZ 10 LOTE 8 Y 9","2026-08-04"
"104715","JAMED E.I.R.L.","ESTACIÓN DE SERVICIOS / GRIFOS","CUSCO","QUISPICANCHI","LUCRE","CARRETERA CUSCO-SAN SALVADOR, PREDIO HUAMBUTIO","2026-08-09"
"104719","ESTACION DE SERVICIOS ICA","ESTACIÓN DE SERVICIO CON GASOCENTRO DE GLP","ICA","ICA","ICA","AV. LOS MAESTROS ESQUINA CON AV. MANUEL SANTANA CHIRI","2026-08-08"
"104834","COMERCIAL IMPORTADORA MADRE SELVA S.A.C.","ESTACIÓN DE SERVICIOS / GRIFOS","LORETO","MAYNAS","PUNCHANA","AV. LA MARINA Nº 1996","2026-08-08"
"104839","CANO EGOAVIL LISETH ESTEFANI","ESTACIÓN DE SERVICIOS / GRIFOS","JUNIN","SATIPO","RIO NEGRO","CARRETERA MARGINAL LA MERCED - SATIPO KM 101","2026-08-09"
"104841","GRUPO APCHA SOCIEDAD COMERCIAL DE RESPONSABILIDAD LIMITADA","ESTACIÓN DE SERVICIOS / GRIFOS","PUNO","HUANCANE","COJATA","AV. PANAMERICANA ESQ. JIRÓN LIMA S/N UPV. VILLA COMBUCO","2026-08-05"
"104935","GRIFO EL TIBURON 555 E.I.R.L.","ESTACIÓN DE SERVICIOS / GRIFOS","PASCO","DANIEL ALCIDES CARRION","YANAHUANCA","CARRETERA RACRI - YANAHUANCA KM. 217","2026-08-05"
"104950","MAYRA ALEJANDRINA BERNILLA NEIRA","ESTACIÓN DE SERVICIOS / GRIFOS","LAMBAYEQUE","LAMBAYEQUE","MOTUPE","PROLONGACION PROGRESO CON CALLE UDIMA - AA.HH. SANTA ROSA","2026-07-29"
"104953","COESTI SA","ESTACIÓN DE SERVICIO CON GASOCENTRO DE GLP","LIMA","LIMA","VILLA MARIA DEL TRIUNFO","AV. LIMA N° 2000, P.J. VILLA POETA JOSE GALVEZ PARCELA B MZ. 159, LOTE 4","2026-08-08"
"104988","GRIFO VALLE HERMOSO","ESTACIÓN DE SERVICIOS / GRIFOS","CAJAMARCA","CAJAMARCA","CAJAMARCA","AV. VÍA DE EVITAMIENTO SUR N° 2810 SECTOR 12 SAN MARTÍN BARRIO SAN MARTÍN DE PORRES","2026-08-07"
"105008","GRUPO ESPINOZA COMPANY E.I.R.L.","ESTACIÓN DE SERVICIOS / GRIFOS","AYACUCHO","LA MAR","SANTA ROSA","AV. PALMAPAMPA MZ. A LOTES 4, 5 Y 6 (ANTES CALLE 2)","2026-08-04"
"105016","EMPRESA GARATE PAREDES S.A.C.","ESTACIÓN DE SERVICIOS / GRIFOS","SAN MARTIN","MOYOBAMBA","SORITOR","JR. RAMON CASTILLA N° 1589","2026-08-08"
"105023","SERVICENTRO PALMA S.A.","ESTACIÓN DE SERVICIOS / GRIFOS","UCAYALI","CORONEL PORTILLO","CAMPOVERDE","CARRETERA FEDERICO BASADRE KM 58.5 (LOCAL COCEPU)","2026-08-08"
"105045","MAMANI APAZA HERNAN","ESTACIÓN DE SERVICIOS / GRIFOS","PUNO","SAN ROMAN","JULIACA","CARRETERA JULIACA - HUANCANE KM. 8 + 800","2026-08-06"
"105054","GRIFO CONTINENTAL S.A.C.","ESTACIÓN DE SERVICIOS / GRIFOS","LA LIBERTAD","PACASMAYO","GUADALUPE","CARRETERA CIUDAD DE DIOS-CAJAMARCA KM. 5 VALLE JEQUETEPEQUE PREDIO LIMONCARRO SECTOR TAMARINDO","2026-08-08"
"105056","ESTACION DE SERVICIOS MI CARIÑITO E.I.R.L.","ESTACIÓN DE SERVICIO CON GASOCENTRO DE GLP","SAN MARTIN","RIOJA","NUEVA CAJAMARCA","CARRETERA FERNANDO BELAUNDE TERRY KM 441 CASERIO LA ESPERANZA","2026-08-07"
"105057","SERVICENTRO PUERTO INCA S.A.C.","ESTACIÓN DE SERVICIOS / GRIFOS","HUANUCO","PUERTO INCA","PUERTO INCA","CARRETERA FERNANDO BELAUNDE TERRY S/N Y JR JOSE SAN MARTIN MZ C LT '1,2,3,4'- CC.PP PUERTO SUNGARO","2026-08-09"
"105058","ESTACIÓN DE SERVICIO  M & P  E.I.R.L.","ESTACIÓN DE SERVICIOS / GRIFOS","MADRE DE DIOS","MANU","HUEPETUHE","CALLE PRINCIPAL MZ. D L0TE 03","2026-08-08"
"105094","CORPORACION CHALAN DEL SUR S.R.L.","ESTACIÓN DE SERVICIOS / GRIFOS","MADRE DE DIOS","MANU","HUEPETUHE","CALLE PRINCIPAL MZ. A LOTE O1 NUEVA EXPANSION URBANA - PARTE ALTA","2026-08-08"
"105095","SERVICENTRO PETRO GAS NUEVA EMPRESA INDIVIDUAL DE RESPONSABILIDAD LIMITADA - SERVICENTRO PETRO GAS","ESTACIÓN DE SERVICIOS / GRIFOS","MADRE DE DIOS","MANU","HUEPETUHE","AV. INDEPENDENCIA S/N. POBLADO DE NUEVA","2026-08-08"
"105171","COMERCIAL MEXICO E IMPORTACIONES EIRL","ESTACIÓN DE SERVICIOS / GRIFOS","LAMBAYEQUE","CHICLAYO","JOSE LEONARDO ORTIZ","CALLE HUASCAR N° 898 INTERCCION CON LA AV. MEXICO","2026-08-08"
"105207","ESTACION DE SERVICIOS SANTO TOMAS DE LIMA S.A.C.","ESTACIÓN DE SERVICIO CON GASOCENTRO DE GLP","PIURA","PIURA","PIURA","ZONA INDUSTRIAL MZ. 216 LOTE 03","2026-08-08"
"105222","ESTACION DE SERVICIOS GRIFO DHIRMA","ESTACIÓN DE SERVICIOS / GRIFOS","UCAYALI","PADRE ABAD","HUIPOCA","PREDIO JUAN BOSCO SECTOR DE HUIPOCA ALTURA DEL KM 149 DE LA CARRETERA FEDERICO BASADRE","2026-08-09"
"105234","ESTACION DE SERVICIOS GRIFO CAMPÍÑA EMPRESA INDIVIDUAL DE RESPONSABILIDAD LIMITADA","ESTACIÓN DE SERVICIOS / GRIFOS","PUNO","AZANGARO","ASILLO","CARRETERA ASILLO - MACUSANI KM 75+500 C.P. TURUPAMPA LA ESTRELLA","2026-08-05"
"105268","TRANSPETROL J.R. S.A.C.","ESTACIÓN DE SERVICIO CON GASOCENTRO DE GLP","LAMBAYEQUE","CHICLAYO","LAGUNAS","CARRETERA PANAMERICANA SUR KM. 748 + 250, MZ. A1 LOTE 02 Y 03 CENTRO POBLADO MENOR NUEVO MOCUPE","2026-08-07"
"105288","COESTI S.A. EESS ULTRACOM PACASMAYO","ESTACIÓN DE SERVICIO CON GASOCENTRO DE GLP","LA LIBERTAD","PACASMAYO","PACASMAYO","AV. ENRIQUE VALENZUELA ESQUINA CON JR. LAS MAQUINARIAS S/N","2026-08-08"
"105319","ESTACION DE SERVICIOS DAVID NR S.A.C.","ESTACIÓN DE SERVICIO CON GASOCENTRO DE GLP","ANCASH","SANTA","NUEVO CHIMBOTE","AV. LA PAZ MZ. Ñ LOTES 11 Y 12 AA.HH. LOS ANGELES","2026-08-08"
"105325","GRUPO RENOR S.R.L.","ESTACIÓN DE SERVICIOS / GRIFOS","LAMBAYEQUE","CHICLAYO","JOSE LEONARDO ORTIZ","AV. LAMBAYEQUE NRO. 1100  C.P. SANTA ANA","2026-08-07"
"105330","SERVICENTRO LA PAMPILLA S.R.L","ESTACIÓN DE SERVICIOS / GRIFOS","MADRE DE DIOS","TAMBOPATA","INAMBARI","CARRETERA DE PUERTO MALDONADO - CUSCO KM. 106","2026-08-08"
"105356","MULTISERVIS LAS LOMAS E.I.R.L","ESTACIÓN DE SERVICIO CON GASOCENTRO DE GLP","PROV. CONST. DEL CALLAO","PROV. CONST. DEL CALLAO","VENTANILLA","AV. 200 ESQUINA CON CALLE S/N, MZ. A, LOTE 21 - PARQUE INDUSTRIAL PACHACUTEC","2026-08-08"
"105467","GRIFO SERVICENTRO AREQUIPA E.I.R.L","ESTACIÓN DE SERVICIOS / GRIFOS","PUNO","LAMPA","CALAPUJA","CARRETERA JULIACA - CUSCO KM. 17.000, PARCIALIDAD SARA","2026-08-07"
"105470","GRIFO DIANA & JESUS S.R.L.","ESTACIÓN DE SERVICIOS / GRIFOS","LORETO","DATEM DEL MARAÑON","BARRANCA","CALLE PUTUMAYO N° 277 ESQUINA CON CALLE AMAZONAS - SAN LORENZO","2026-07-28"
"105491","ALMENDRA LUCERO CAMPANA CAMPANA","ESTACIÓN DE SERVICIOS / GRIFOS","APURIMAC","ABANCAY","CURAHUASI","SECTOR LUCMOS S/N , CARRETERA PANAMERICANA CUSCO-ABANCAY KM 125","2026-08-07"
"105492","ESTACION DE SERVICIOS AYPATE E.I.R.L.","ESTACIÓN DE SERVICIOS / GRIFOS","PIURA","AYABACA","AYABACA","AV. CHANURAN S/N","2026-07-25"
"105578","GRIFO SAN ANTONIO E.I.R.LTDA.","ESTACIÓN DE SERVICIO CON GASOCENTRO DE GLP","LAMBAYEQUE","CHICLAYO","LA VICTORIA","AV LOS INCAS N° 293","2026-08-07"
"105599","MULTISERVICIOS ECOGAS S.A.C.","ESTACIÓN DE SERVICIO CON GASOCENTRO DE GLP","LIMA","LIMA","LURIGANCHO","AV. CARAPONGO Y CALLE LOS ROBLES, MZ. D, LOTE 1  URB. POPULAR NUEVO HORIZONTE CARAPONGO","2026-08-08"
"105638","ESTACION DE SERVICIO ECO GAS","ESTACIÓN DE SERVICIO CON GASOCENTRO DE GLP","HUANUCO","HUANUCO","PILLCO MARCA","PARCELA 66 DEL PREDIO ANDABAMBA DEL CENTRO POBLADO CORAZON DE JESUS","2026-08-03"
"105642","SERVICIOS GENERALES SANTA BEATRIZ E.I.R.L.","ESTACIÓN DE SERVICIOS / GRIFOS","CAJAMARCA","CAJABAMBA","CONDEBAMBA","PARCELA 26223 SECTOR MALCAS","2026-08-07"
"105730","SIRCON ENERGY EIRL","ESTACIÓN DE SERVICIO CON GASOCENTRO DE GLP","PROV. CONST. DEL CALLAO","PROV. CONST. DEL CALLAO","VENTANILLA","AV. NESTOR GAMBETA KM. 6.5","2026-08-09"
"105743","NEGOCIOS EMPRESARIALES DON GONZA S.R.L.","ESTACIÓN DE SERVICIOS / GRIFOS","AREQUIPA","CARAVELI","ATICO","AV. AREQUIPA S/N - LA FLORIDA","2026-08-06"
"105818","SERVICENTRO CASBEL S.R.L.","ESTACIÓN DE SERVICIOS / GRIFOS","PUNO","SAN ROMAN","JULIACA","PROLONGACIÓN AV. HEROES DE LA GUERRA DEL PACIFICO S/N KM 2.5 CARRETERA JULIACA-AREQUIPA","2026-08-07"
"105845","ESTACION DE SERVICIOS ELIZABETH - CARHUAZ . CARAZ","ESTACIÓN DE SERVICIO CON GASOCENTRO DE GLP","ANCASH","CARHUAZ","CARHUAZ","CARRETERA HUARAZ  CARAZ KM 610 + 300  SECTOR YANAMARCA","2026-08-08"
"105857","PALACIOS GAMARRA WILBER IGNACIO","ESTACIÓN DE SERVICIOS / GRIFOS","JUNIN","SATIPO","MAZAMARI","AV. DEL PANGOA N° 395- MZ. 22, LOTES 9 Y 10","2026-08-07"
"105874","PM GRIFO KUNURANA","ESTACIÓN DE SERVICIOS / GRIFOS","PUNO","MELGAR","SANTA ROSA","CARRETERA PANAMERICANA S/N CUSCO - AREQUIPA, URBANIZACIÓN PUEBLO LIBRE.","2026-08-05"
"105882","JUAN DANIEL POMA ALEJANDRO ","ESTACIÓN DE SERVICIOS / GRIFOS","JUNIN","SATIPO","PANGOA","SECTOR MISHICURI CC.NN. SAN RAMON DE PANGOA MZ. 'A' LOTES 1,2,3","2026-07-24"
"105913","GRUPO PURITA CALIDAD E.I.R.L.","ESTACIÓN DE SERVICIOS / GRIFOS","UCAYALI","PADRE ABAD","PADRE ABAD","CARRETERA FEDERICO BASADRE KM 178 CENTRO POBLADO EL BOQUERON","2026-08-07"
"105924","RICHARD PEDRO MALPARTIDA DOMINGUEZ","ESTACIÓN DE SERVICIO CON GASOCENTRO DE GLP","HUANUCO","HUANUCO","AMARILIS","CARRETERA HUANUCO TINGO MARIA KM 3.5","2026-08-08"
"105925","ESTACION DE SERVICIOS LAUROS II S.A.C.","ESTACIÓN DE SERVICIO CON GASOCENTRO DE GLP","PIURA","SECHURA","SECHURA","CARRETERA SECHURA PARACHIQUE KM. 4","2026-08-08"
"105948","SERVICENTRO TROYA E.I.R.L.","ESTACIÓN DE SERVICIOS / GRIFOS","AMAZONAS","UTCUBAMBA","BAGUA GRANDE","MZ. PV 16 LOTE 09 SECTOR PUEBLO VIEJO - PUEBLO TRADICIONAL CERCADO BAGUA GRANDE","2026-08-07"
"105955","COMPANY HATUN MUSQUY S.A.C.","ESTACIÓN DE SERVICIOS / GRIFOS","HUANCAVELICA","HUAYTARA","HUAYTARA","VIA LOS LIBERTARDORES KM. 111.50 - ANEXO CHOCORVO","2026-08-07"
"106020","ESTACION DE SERVICIOS FECASA S.A.C.","ESTACIÓN DE SERVICIOS / GRIFOS","PROV. CONST. DEL CALLAO","PROV. CONST. DEL CALLAO","CALLAO","ESQUINA AV. 200 CON CALLE 32 MZ K, LOTE 1 Y 26, ASENTAMIENTO HUMANO JAIME JOSHIYAMA.","2026-08-08"
"106050","ESTACION DE SERVICIOS CENTENARIO E.I.R.L.","ESTACIÓN DE SERVICIOS / GRIFOS","LA LIBERTAD","TRUJILLO","LAREDO","AV. LUIS CONDEMARIN MZ. E LOTE 5 CENTRO POBLADO CENTENARIO II ETAPA","2026-08-05"
"106094","INVERSIONES TACZA CONTRATISTAS GENERALES SOCIEDAD ANONIMA CERRADA","ESTACIÓN DE SERVICIO CON GASOCENTRO DE GLP","JUNIN","SATIPO","RIO NEGRO","CARRETERA MARGINAL SATIPO - MAZAMARI KM 3.0","2026-08-08"
"106160","VICTOR QUISPE CUELA","ESTACIÓN DE SERVICIOS / GRIFOS","MADRE DE DIOS","MANU","MADRE DE DIOS","COMUNIDAD DE PUNKIRI CHICO-CARRETERA PUNKIRI CHICO-BOCA COLORADO KM. 36+700","2026-08-06"
"106185","ORTEGA GUIZADO ALIPIO","ESTACIÓN DE SERVICIOS / GRIFOS","JUNIN","CHANCHAMAYO","PICHANAQUI","CARRETERA MARGINAL S/N CENTRO POBLADO - LA FLORIDA","2026-08-04"
"106255","COORPORACION GASOLINERA MIGUELITO SOCIEDAD ANONIMA CERRADA","ESTACIÓN DE SERVICIOS / GRIFOS","CUSCO","LA CONVENCION","SANTA ANA","CARRETERA QUILLABAMBA - ECHARATE KM. 2.5 SECTOR CHAQUIMAYO","2026-08-05"
"106321","GRIFOS ROYAL S.A.C.","ESTACIÓN DE SERVICIO CON GASOCENTRO DE GLP","CAJAMARCA","CAJAMARCA","CAJAMARCA","AV. VIA DE EVITAMIENTO SUR N° 2590 BARRIO LA COLMENA BAJA","2026-08-06"
"106327","ESTACION DE SERVICIOS MAVILA EMPRESA INDIVIDUAL DE RESPONSABILIDAD LIMITADA - ESTACION DE SERVICIOS","ESTACIÓN DE SERVICIOS / GRIFOS","MADRE DE DIOS","TAMBOPATA","LAS PIEDRAS","MZ. K-01 LOTE. 01 CENTRO POBLADO MENOR MAVILA","2026-08-09"
"106433","ESTACION DE SERVICIOS CON GASOCENTRO DE GLP SAC","ESTACIÓN DE SERVICIO CON GASOCENTRO DE GLP","AMAZONAS","BONGARA","FLORIDA","CARRETERA FERNANDO BELAUNDE TERRY KM 308+80 ANEXO DE CARRERA","2026-08-07"
"106469","SERVICENTRO LOS DELFINES S.R.L.","ESTACIÓN DE SERVICIOS / GRIFOS","CUSCO","ESPINAR","ESPINAR","CARRETERA ESPINAR-TINTAYA MARQUIRI KM. 13, HUAYHUARANIC","2026-08-07"
"106474","ZETA GAS ANDINO S.A.","GASOCENTROS DE GLP","JUNIN","TARMA","TARMA","JR. LOS ENRIQUES S/N","2026-07-17"
"106520","ESTACION DE SERVICIOS GOTARI S.A.","ESTACIÓN DE SERVICIO CON GASOCENTRO DE GLP","JUNIN","HUANCAYO","EL TAMBO","JR. TRUJILLO N° 180","2026-08-08"
"106546","JL COMBUSTIBLES E.I.R.L.","GRIFOS FLOTANTES","LORETO","LORETO","NAUTA","MARGEN IZQUIERDA DEL RÍO MARAÑÓN, REFERENCIA EN LA LOCALIDAD DE PUERTO ORLANDO","2026-08-05"
"106573","COMBSUR SAC","ESTACIÓN DE SERVICIOS / GRIFOS","ICA","CHINCHA","CHINCHA ALTA","PANAMERICANA SUR KM 196.5 Y CALLE MARISCAL CASTILLA","2026-08-06"
"106606","SATURNINA MAMANI CHINO","ESTACIÓN DE SERVICIOS / GRIFOS","PUNO","MELGAR","AYAVIRI","AV. PANAMERICANA SUR S/N ESQUINA CON CALLE 2, AA.HH. NUEVO CÁPAC HANCCO","2026-08-08"
"106657","TRANSPORTES ROCKET SAC","ESTACIÓN DE SERVICIOS / GRIFOS","LA LIBERTAD","TRUJILLO","VICTOR LARCO HERRERA","CALLE N° 07 MZ. E LOTE 20 URB. LOS SAUCES (AV. VIA EVITAMIENTO ESQUINA AV. 2 DE MAYO CON CALLE ODONOVAN)","2026-08-05"
"106767","ESTACION DE SERVICIOS SANTO TOMAS DE LIMA S.A.C.","EE.SS con GLP y GNV","LIMA","LIMA","SAN MIGUEL","AV. VENEZUELA ESQUINA CON AV. RIVA AGUERO","2026-08-08"
"106847","SERVICIOS E INVERSIONES VALLEJOS CUATRO S.A.C.","ESTACIÓN DE SERVICIOS / GRIFOS","LAMBAYEQUE","LAMBAYEQUE","OLMOS","KM 2 + 100 CARRETERA FERNANDO BELAUNDE TERRY - SECTOR LOS BOLICHES","2026-08-08"
"106964","ESATACION DE SERVICIOS PEDREGAL SUR S.R.L.","ESTACIÓN DE SERVICIO CON GASOCENTRO DE GLP","AREQUIPA","CAYLLOMA","MAJES","HABILITACIÓN URBANA LT. 491-A, MZ. G1 LT. 1 Y 2","2026-08-09"
"107025","GRANEL INDUSTRIAL S.A.C.","ESTACIÓN DE SERVICIO CON GASOCENTRO DE GLP","LA LIBERTAD","TRUJILLO","TRUJILLO","AV. AMERICA OESTE N° 201 MZ. F LOTE 13 URB. LOS CEDROS","2026-08-08"
"107029","ALEGROUP INVERSIONES E.I.R.L.","ESTACIÓN DE SERVICIO CON GASOCENTRO DE GLP","LAMBAYEQUE","LAMBAYEQUE","MOTUPE","ANTIGUA PANAMERICANA NORTE KM 59.3 SECTOR 6 A - CERRO LA VIEJA","2026-08-05"
"107059","COMPAÑÍA AZTECA SOCIEDAD DE RESPONSABILIDAD LIMITADA","ESTACIÓN DE SERVICIOS / GRIFOS","HUANCAVELICA","HUANCAVELICA","HUANCAVELICA","AV. EL SOL DE ORO S/N  HUAYLACUCHO","2026-08-06"
"107083","ESTACION DE SERVICIOS RAMIREZ E HIJOS S.A.C.","ESTACIÓN DE SERVICIO CON GASOCENTRO DE GLP","LA LIBERTAD","PACASMAYO","GUADALUPE","MZ. L LOTE 1 SECTOR LAS FLORES LIMONCARRO","2026-08-07"
"107114","E.S LAURIAMA PRIMAX","ESTACIÓN DE SERVICIO CON GASOCENTRO DE GLP","LIMA","BARRANCA","BARRANCA","JR. LAURIAMA MZ B LOTES 3, 4, 5, 6 Y 7 FUNDO PATILLO","2026-08-09"
"107193","GASOCENTRO ICA S.A.","GASOCENTRO DE GLP CON ESTABLECIMIENTO DE VENTA AL PUBLICO DE GNV","LIMA","LIMA","LA VICTORIA","AV. MEXICO NRO. 295 ESQUINA CON AV. MANCO CAPAC","2026-08-08"
"107226","GRIFOS ESTRELLA DE DAVID EIRL","ESTACIÓN DE SERVICIO CON GASOCENTRO DE GLP","LA LIBERTAD","TRUJILLO","TRUJILLO","ESQUINA AV. AMERICA OESTE CON CALLE 22 MZ. Z - LOTES 5, 6, 7 Y 8 URB. NATASHA ALTA","2026-08-04"
"107271","GRUPO INVERSIONES ANDIA EMPRESA INDIVIDUAL DE RESPONSABILIDAD LIMITADA","ESTACIÓN DE SERVICIOS / GRIFOS","APURIMAC","ABANCAY","CURAHUASI","CARRETERA PANAMERICANA CUSCO - ABANCAY KM 128 SECTOR ROSASPAMPA COMUNIDAD PISONAYPATA","2026-08-08"
"107272","HECTOR CHANCA CHAMORRO","GRIFOS FLOTANTES","UCAYALI","ATALAYA","RAYMONDI","MARGEN IZQUIERDA DEL RIO TAMBO","2026-08-05"
"107321"," ROSA TEODOSIA MINAYA TORRES ","ESTACIÓN DE SERVICIOS / GRIFOS","ANCASH","BOLOGNESI","COLQUIOC","CARRETERA PATIVILCA  HUARAZ KM. 53","2026-08-07"
"107368","GRIFO GASOIL SOCIEDAD ANONIMA CERRADA- GRIFO GASOIL S.A.C.","ESTACIÓN DE SERVICIOS / GRIFOS","CUSCO","QUISPICANCHI","OROPESA","FRACCION A DEL PREDIO ROSEDAL O RINCONADA, SECTOR CHIMPA PAMPA, CARRETERA CUSCO-URCOS","2026-08-08"
"107380","MARTA IRENE CONDORI  FLORES","ESTACIÓN DE SERVICIOS / GRIFOS","AREQUIPA","CARAVELI","ACARI","AV. ENRIQUE BRILKA S/N MZ. 54 LOTE 5 - PUEBLO NUEVO ACARI","2026-08-07"
"107381","ADMINISTRACION DE GRIFOS LEP S.A.C.","EE.SS con GLP y GNV","LIMA","LIMA","LURIGANCHO","AV. 5 DE AGOSTO CON CALLE LOS ANGELES MZ. A LOTES 1, 2 Y 23 DEL PROGRAMA DE VIVIENDA Y COMERCIO SAN VALENTIN DE HUACHIPA","2026-08-08"
"107394","GRUPO FIDEL","ESTACIÓN DE SERVICIO CON GASOCENTRO DE GLP","JUNIN","SATIPO","PANGOA","AV. PANGOA LOTES 1-5, 14-15 Y 18 MZ. C, URB. HERMANOS ARCOS I","2026-08-08"
"107418","MAGDA LIDUVINA CONTRERAS AYAUCA","ESTACIÓN DE SERVICIOS / GRIFOS","AREQUIPA","CARAVELI","ACARI","AV. RICARDO REYES, MZ 69 LOTES 10-11. AA.HH. NUEVO ACARÍ","2026-08-04"
"107456","GRIFO PECSA HUANA HUANA","ESTACIÓN DE SERVICIOS / GRIFOS","CAJAMARCA","CAJAMARCA","MAGDALENA","CARRETERA CAJAMARCA  MAGDALENA KM 119 CAS. HUANA HUANA","2026-08-08"
"107473","GRIFO BRISAS DE SAN JUAN E.I.R.LTDA.","ESTACIÓN DE SERVICIOS / GRIFOS","PUNO","SANDIA","SAN JUAN DEL ORO","KM. 250+925 CARRETERA A PUTINA PUNCO C.P. YANAMAYO","2026-08-08"
"107481","ESTACION DE SERVICIOS SAN JOSE ESPINAR CUSCO SRL","ESTACIÓN DE SERVICIOS / GRIFOS","CUSCO","CHUMBIVILCAS","VELILLE","CENTRO POBLADO CHAYCHAPAMPA COMUNIDAD COLLANA VIA VELILLE ESPINAR KM. 1.9","2026-08-05"
"107482","GRIFO SIGLO XXI","ESTACIÓN DE SERVICIOS / GRIFOS","PUNO","EL COLLAO","SANTA ROSA","CARRETERA BINACIONAL ILO - DESAGUADERO KM. 303+240, MAZOCRUZ","2026-08-07"
"107589","INVERSIONES Y PROYECTOS LAS TORRES E.I.R.L.","GRIFOS FLOTANTES","LORETO","UCAYALI","CONTAMANA","MARGEN DERECHA DEL RIO UCAYALI , REFERENCIA EN LA LOCALIDAD DE CONTAMANA","2026-08-08"
"107602","GRUPO E & E S.A.C.","ESTACIÓN DE SERVICIO CON GASOCENTRO DE GLP","LIMA","LIMA","CARABAYLLO","LOTES 7 Y 8 DE PUNCHAUCA, CAUDIVILLA Y ANEXO CONCON Y HUACOY ( AV. TUPAC AMARU KM. 22.50)","2026-08-08"
"107683","GRIFOS VERA E.I.R.L.","ESTACIÓN DE SERVICIOS / GRIFOS","CAJAMARCA","CAJABAMBA","CAJABAMBA","CARRETERA CAJABAMBA- HUAMACHUCO KM 1 SECTOR QUINGRAY CRUZ","2026-08-07"
"107712","ESTACION DE SERVICIOS LEO ESPINAR EIRL","ESTACIÓN DE SERVICIOS / GRIFOS","CUSCO","ESPINAR","ESPINAR","A.P.V. HEROES DEL CENEPA DE LOS LICENCIADOS DE LAS FUERZAS ARMADAS DEL PERU PROLONGACIÓN AV. SAN MARTIN S/N MANZANA B LOTE 1 Y 2","2026-08-09"
"107824","JORGE JESÚS PAYANO POMALAZA","ESTACIÓN DE SERVICIO CON GASOCENTRO DE GLP","JUNIN","CHANCHAMAYO","CHANCHAMAYO","CARRETERA MARGINAL S/N, CPM NIJANDARIS","2026-08-08"
"107999","ESTACION DE SERVICIOS QUISPE E HIJOS S.A.C.","ESTACIÓN DE SERVICIOS / GRIFOS","HUANCAVELICA","ANGARAES","CCOCHACCASA","AV. BUENAVENTURA N° 102","2026-08-05"
"108115","ESTACION DE SERVICIOS MADRID S.A.C.","ESTACIÓN DE SERVICIO CON GASOCENTRO DE GLP","SAN MARTIN","RIOJA","NUEVA CAJAMARCA","AV. CAJAMARCA SUR MZ 07 LOTE 04 - SECTOR JUAN VELASCO ALVARADO","2026-08-07"
"108214","INVERSIONES PERU COMBUSTIBLES S.A.","GRIFOS FLOTANTES","LORETO","MAYNAS","PUNCHANA","MARGEN IZQUIERDA DEL RÍO NANAY","2026-08-08"
"108234","ESTACION DE SERVICO CESAR E.I.R.L.","ESTACIÓN DE SERVICIO CON GASOCENTRO DE GLP","HUANUCO","AMBO","HUACAR","CARRETERA AMBO- YANAHUANCA KM 6.5 JUNTA VECINAL INGENIO ALTO","2026-08-05"
"108242","MULTIVENTAS SAYLENI E.I.R.L.","ESTACIÓN DE SERVICIOS / GRIFOS","LORETO","DATEM DEL MARAÑON","BARRANCA","CALLE NAPO S/N CUADRA 1 - SAN LORENZO","2026-07-30"
"108274","GRIFO FLOTANTE FABI I","GRIFOS FLOTANTES","LORETO","MAYNAS","IQUITOS","MARGEN DERECHA DEL RIO ITAYA","2026-08-08"
"108308","EESS DON MARIANITO SAC","ESTACIÓN DE SERVICIOS / GRIFOS","MADRE DE DIOS","TAMBOPATA","TAMBOPATA","CARRETERA PUERTO MALDONADO - QUINCE MIL KM. 6 (MARGEN IZQUIERDA) FRACCION B DEL PREDIO ALEJANDRINA-SECTOR LA PASTORA","2026-08-07"
"108311","INVERSIONES Y ASESORAMIENTO ESCORPIO S.A.C.","ESTACIÓN DE SERVICIOS / GRIFOS","LIMA","LIMA","PUCUSANA","MALECON SAN MARTIN - MANZANA 50. LOTES 6, 7, 8, 51 Y 52. SECTOR BALNEARIO","2026-08-07"
"108444","SERVICIOS GENERALES MCV SOCIEDAD ANONIMA CERRADA","ESTACIÓN DE SERVICIOS / GRIFOS","JUNIN","CHANCHAMAYO","PERENE","CARRETERA MARGINAL KM. 43 SECTOR PUENTE PUCHARINI","2026-08-03"
"108488","EMPRESA DE TRANSPORTES URBANO E INTERURBANO Y SERVICIOS MULTIPLES SANTA ROSA S.A.C.","ESTACIÓN DE SERVICIOS / GRIFOS","AYACUCHO","HUAMANGA","CARMEN ALTO","AV. MARISCAL CACERES Y JR. LOS LAURELES MZ W4 - LT 03","2026-08-05"
"108495","SERVICENTRO J. AMERICANO S.A.C.","ESTACIÓN DE SERVICIOS / GRIFOS","MADRE DE DIOS","TAMBOPATA","TAMBOPATA","CARRETERA INTEROCEANICA PUERTO MALDONADO-CUSCO KM. 06 (MARGEN IZQUIERDA)","2026-08-08"
"108505","SERVICIOS MULTIPLES SAMANEZ SOCIEDAD COMERCIAL DE RESPONSABILIDAD LIMITADA","ESTACIÓN DE SERVICIOS / GRIFOS","CUSCO","CHUMBIVILCAS","LIVITACA","A.P.V. JUAN VELAZCO ALVARADO MANZANA B LOTE 11-C.P. CHILLOROYA","2026-08-07"
"108541","PERCY JOEL PALACIOS GAMARRA","ESTACIÓN DE SERVICIO CON GASOCENTRO DE GLP","JUNIN","CHANCHAMAYO","SAN RAMON","AV. MIGUEL GRAU S/N, ESQUINA CON LA AV. JUAN SANTOS ATAHUALPA","2026-08-08"
"108566","ESTACIÓN DE SERVICIOS  VARGAS","ESTACIÓN DE SERVICIO CON GASOCENTRO DE GLP","PASCO","OXAPAMPA","CONSTITUCION","AV. FERNANDO BELAUNDE TERR MZ 1 LOTE 13 Y 14, CENTRO POBLADO VILLA CIUDAD CONSTITUCION, V ETAPA","2026-08-07"
"108654","SERVICENTRO SAN MIGUEL ARCANGEL EMPRESA INDIVIDUAL DE RESPONSABILIDAD LIMITADA","ESTACIÓN DE SERVICIOS / GRIFOS","MADRE DE DIOS","TAMBOPATA","TAMBOPATA","AV. CIRCUNVALACION MZ.- 10 LOTE N° 01 AH. AQUILINO SAN JARA","2026-08-08"
"108688","FERCOR","EE.SS con GLP y GNV","LIMA","LIMA","PUENTE PIEDRA","AV. SAN JUAN DE DIOS CON CALLE 7 MZ- C1- LTE-1 URB. LOTIZACION INDUSTRIAL","2026-08-08"
"108709","INVERS SCJ ONOFRE E.I.R.L.","ESTACIÓN DE SERVICIOS / GRIFOS","LIMA","LIMA","PUENTE PIEDRA","AV. LEONCIO PRADO Nº 344 - ZAPALLAL","2026-08-08"
"108749","GRIFO SAN JUAN S. R. L.","ESTACIÓN DE SERVICIOS / GRIFOS","LORETO","ALTO AMAZONAS","YURIMAGUAS","MZ. 2 LOTE 1 INTERSECCION DE LAS CALLES TUPAC AMARU Y ZOILA PEREA - URB. SAN JUAN","2026-08-07"
"108772","OLGA MONTES BRAVO","ESTACIÓN DE SERVICIOS / GRIFOS","PUNO","SAN ANTONIO DE PUTINA","ANANEA","AV. CIRCUNVALACION ESQ. JR. PEÑA PRADO S/N","2026-07-29"
"108778","GRIFO CONCRETOS Y SERVICIOS VIALEMY S.A.C.","ESTACIÓN DE SERVICIO CON GASOCENTRO DE GLP","AREQUIPA","CAMANA","SAMUEL PASTOR","VIA DE EVITAMIENTO S/N - KM 3","2026-08-07"
"108779","ESTACION DE SERVICO PETRO INTI SAC","ESTACIÓN DE SERVICIOS / GRIFOS","AYACUCHO","PAUCAR DEL SARA SARA","MARCABAMBA","AV. 28 DE JULIO S/N","2026-08-07"
"108786","INVERSIONES SARELY MILAGROS SOCIEDAD COMERCIAL DE RESPONSABILIDAD LIMITADA","ESTACIÓN DE SERVICIOS / GRIFOS","CUSCO","LA CONVENCION","SANTA ANA","CARRETERA QUILLABAMBA-ECHARATE S/N, SECTOR LA PLAYA","2026-08-09"
"108819","COMBUSTIBLES DEL ORIENTE S.A.C ","ESTACIÓN DE SERVICIOS / GRIFOS","UCAYALI","CORONEL PORTILLO","CALLERIA","AV. SAENZ PEÑA N° 414, LOTE 8 Y 9, MZ. 149. ESQUINA CON JR. TARAPACA","2026-08-08"
"108836","CORPORACION UNO S.A.","EE.SS con GLP y GNV","ICA","CHINCHA","CHINCHA BAJA","FUNDO LA VIÑA AZABACHE, LOTES N° 53,54 Y 55","2026-08-09"
"108881","PETROL AND OIL S.R.L.","ESTACIÓN DE SERVICIO CON GASOCENTRO DE GLP","JUNIN","HUANCAYO","SAN AGUSTIN","CARRETERA CENTRAL KM. 7.6","2026-08-07"
"108882","ESTACION DE SERVICIO INVERSIONES MCV S,A.C","ESTACIÓN DE SERVICIOS / GRIFOS","LAMBAYEQUE","LAMBAYEQUE","MOCHUMI","LOTES 1 Y 2 MZ. B - PREDIO AMPLIACION ZONA URBANA RICARDO VELEZMORO RUIZ","2026-08-08"
"108888","ESTACION DE SERVICIOS M Y M S.A.C.","ESTACIÓN DE SERVICIO CON GASOCENTRO DE GLP","PASCO","OXAPAMPA","OXAPAMPA","AV. SAN MARTIN N° 1298 (ESQUINA CON JR. FREY)","2026-08-07"
"108958","GRIFO¿S SAN MARTIN S.A.C.","ESTACIÓN DE SERVICIOS / GRIFOS","AMAZONAS","UTCUBAMBA","JAMALCA","CASERIO PUERTO NARANJITO KM 248 - CARRETERA FERNANDO BELAUNDE TERRY","2026-08-08"
"109057","ESTACION DE SERVICIOS SAN JOSE S.A.C.","GRIFOS FLOTANTES","PIURA","PAITA","PAITA","BAHIA DE PAITA","2026-07-30"
"109082","PETROMASS SAC","ESTACIÓN DE SERVICIO CON GASOCENTRO DE GLP","ANCASH","HUAYLAS","CARAZ","CARRETERA CENTRAL CARAZ - HUARAZ S/N - URB. SAN MIGUEL CHICO","2026-08-07"
"109093","INVERSIONES GENERALES FATIMA S.A.C.","ESTACIÓN DE SERVICIOS / GRIFOS","CUSCO","ESPINAR","COPORAQUE","INTERSECCION CARRETERA LAS BAMBAS Y CAMINO DE HERRADURA COPORAQUE A ESPINAR S/N, COMUNIDAD TRACARA","2026-08-02"
"109159","PETRORED S.A.C","ESTACIÓN DE SERVICIO CON GASOCENTRO DE GLP","LA LIBERTAD","TRUJILLO","HUANCHACO","CARRETERA PANAMERICANA NORTE KM 574.3 CENTRO POBLADO MENOR EL MILAGRO","2026-08-08"
"109175","SERVICIOS GENERALES MCV SAC","ESTACIÓN DE SERVICIOS / GRIFOS","CUSCO","LA CONVENCION","ECHARATE","AV. JJ. WIESE MANZANA C LOTE 2-CENTRO POBLADO DE KITENI","2026-08-09"
"109213","VARGAS CHAMBILLA ROSARELLA ZULMA","ESTACIÓN DE SERVICIOS / GRIFOS","PUNO","LAMPA","CABANILLA","AV. SIMON BOLIVAR N° 386","2026-07-31"
"109298","COMBUSTIBLES FERNANDEZ S.A.C.","ESTACIÓN DE SERVICIOS / GRIFOS","LAMBAYEQUE","CHICLAYO","POMALCA","AV. APOLINARIO SALCEDO MZ. 41 LT. 1, 2 Y 3","2026-08-07"
"109331","MULTISERVICIOS VELASQUEZ S.R.L.","ESTACIÓN DE SERVICIO CON GASOCENTRO DE GLP","LA LIBERTAD","PACASMAYO","GUADALUPE","MZ. 35 LOTE 1, CP. GUADALUPE, SECTOR 1","2026-08-08"
"109332","SERVICENTRO CALIFORNIA SAC","ESTACIÓN DE SERVICIO CON GASOCENTRO DE GLP","ANCASH","CASMA","CASMA","MZ. H  LOTES 7,8 Y 9 - URB. CALIFORNIA","2026-08-07"
"109356","MARGARITA OLLERO PARIONA ","ESTACIÓN DE SERVICIOS / GRIFOS","JUNIN","TARMA","PALCA","CARRETERA CENTRAL KM. 54 VIA TARMA - CHANCHAMAYO","2026-08-09"
"109376","JOSE MARCIAL RUIZ CASTRO","ESTACIÓN DE SERVICIOS / GRIFOS","AMAZONAS","RODRIGUEZ DE MENDOZA","HUAMBO","AV. AMAZONAS CUADRA 6 INTERSECCION JR. DESIDERIO ARBILDO S/N","2026-08-01"
"109454","DON ISAAC CORPORATION EIRL","ESTACIÓN DE SERVICIOS / GRIFOS","SAN MARTIN","MOYOBAMBA","MOYOBAMBA","CARRETERA FERNANDO BELAUNDE TERRY KM 497 + 740","2026-08-08"
"109500","ANDRES MANUEL PABLO MELGAREJO","GRIFOS RURALES CON ALMACENAMIENTO EN CILINDROS","HUANUCO","HUAMALIES","LLATA","PROLONGACION 28 DE JULIO S/N","2026-08-02"
"109510","GRIFO LESLY SRL","ESTACIÓN DE SERVICIOS / GRIFOS","UCAYALI","PADRE ABAD","CURIMANA","AV. CURIMANA ESQ. JR. DOS DE MAYO MZ. 49 LT. 10","2026-08-08"
"109524","GRUPO SHARAIN EMPRESA INDIVIDUAL DE RESPONSABILIDAD LIMITADA","ESTACIÓN DE SERVICIOS / GRIFOS","PUNO","AZANGARO","AZANGARO","AV. LOS PROCERES MZ. M3 LT. 04, 27 Y 28 BARRIO EZEQUIEL URVIOLA URB. EL CALVARIO","2026-08-07"
"109567","ESTACION DE SERVICIOS EL OVALO","ESTACIÓN DE SERVICIO CON GASOCENTRO DE GLP","ANCASH","SANTA","CHIMBOTE","MZ. A LOTE 1, LOTIZACION 1ERA ETAPA, PARCELA 1, ZONA GRAN TRAPECIO","2026-08-08"
"109582","AUTOSERVICIOS P & B S.A.C. ","ESTACIÓN DE SERVICIOS / GRIFOS","ICA","PISCO","PARACAS","BAHÍA DE PARACAS SUB LOTE N° 2-B1  CARRETERA PISCO A PARACAS","2026-08-07"
"109583","GRIFOS & INVERSIONES SAN JOSE SOCIEDAD ANONIMA CERRADA","ESTACIÓN DE SERVICIOS / GRIFOS","PUNO","SAN ROMAN","JULIACA","KM. 4 CARRETERA JULIACA - CUSCO FUNDO RUSTICO CHIJI PAMPA","2026-08-08"
"109598","CALDERON LASTRA REYNER","ESTACIÓN DE SERVICIOS / GRIFOS","CUSCO","LA CONVENCION","SANTA TERESA","CARRETERA VIA SECTOR HUADQUIÑA S/N","2026-08-07"
"109668","INVERSIONES MANUEL VALLEJOS S.A.C.","ESTACIÓN DE SERVICIOS / GRIFOS","LAMBAYEQUE","FERREÑAFE","PITIPO","KM. 14 CARRETERA PÍTIPO - BATANGRANDE - CASERÍO LOS AGUILARES","2026-08-08"
"109762","CARLOS EMILIANO SALDAÑA VERASTEGUI","ESTACIÓN DE SERVICIOS / GRIFOS","AMAZONAS","CHACHAPOYAS","MOLINOPAMPA","AV. AMAZONAS S/N","2026-08-01"
"109769","ESTACION DE SERVICIOS VISTA ALEGRE E.I.R.L.","ESTACIÓN DE SERVICIOS / GRIFOS","LIMA","CAÑETE","IMPERIAL","LOTE SAN FRANCISCO A-1 SECTOR LA ALAMEDA, COOPERATIVA AGRARIA CERRO ALEGRE","2026-08-07"
"109779","ESTACION DE SERVICIOS LUNA S.A.C.","ESTACIÓN DE SERVICIOS / GRIFOS","HUANUCO","LEONCIO PRADO","CASTILLO GRANDE","KM 1.5 CARRETERA TINGO MARIA - BELLA JACINTILLO CP CASTILLO GRANDE","2026-08-08"
"109789","SERVICENTRO ALEGRIA J & L S.A.C.","ESTACIÓN DE SERVICIOS / GRIFOS","MADRE DE DIOS","TAMBOPATA","LAS PIEDRAS","AV. ALEGRIA MZ. Q1 LOTE 02","2026-08-07"
"109792","PETROMAX A.C. E.I.R.L.","ESTACIÓN DE SERVICIOS / GRIFOS","UCAYALI","ATALAYA","RAYMONDI","AV. TENIENTE MEJÍA  JUNTA VECINAL JULIO VILLACORTA, MZ. 39H, LOTES 01, 19 Y 20, ESQ. CON JR. MARIO DENIS PEZO","2026-08-04"
"109801","LA ANTENA","GASOCENTRO DE GLP CON ESTABLECIMIENTO DE VENTA AL PUBLICO DE GNV","LIMA","LIMA","COMAS","AV. UNIVERSITARIA NORTE N° 8290 (MZ. P, LT 1-38) URB. SAN AGUSTIN 2DA. ETAPA","2026-08-08"
"109840","SUPER CUSCO POROY SOCIEDAD COMERCIAL DE RESPONSABILIDAD LIMITADA","ESTACIÓN DE SERVICIOS / GRIFOS","CUSCO","CUSCO","POROY","VIA CUSCO-ABANCAY ALTURA KM. 10","2026-08-08"
"109846","ESTACION DE SERVICIOS CRUZEÑA E.I.R.L.","ESTACIÓN DE SERVICIOS / GRIFOS","PIURA","HUANCABAMBA","HUARMACA","CALLE RAMON CASTILLA S/N","2026-08-08"
"109859","ISRAEL CHUQUILLANQUI ALIAGA","ESTACIÓN DE SERVICIO CON GASOCENTRO DE GLP","JUNIN","CHUPACA","CHUPACA","AV. CIRCUNVALACION N° 1412","2026-08-07"
"109949","JAVIER PROSPERO QUINTA MANYAVILCA","ESTACIÓN DE SERVICIOS / GRIFOS","AYACUCHO","LA MAR","SAN MIGUEL","AV. RAMON CASTILLA S/N CARRETERA SAN MIGUEL  SAN ANTONIO","2026-08-03"
"109986","GRUPO KATFER ESTACION DE SERVICIOS S.R.L","ESTACIÓN DE SERVICIOS / GRIFOS","HUANUCO","LAURICOCHA","BAÑOS","CARRETERA HUANUCO - BAÑOS KM 01(CIUDAD DE BAÑOS)","2026-08-03"
"110005","ESTACIÓN DE SERVICIOS EL PAISA E.I.R.L.","ESTACIÓN DE SERVICIOS / GRIFOS","AMAZONAS","UTCUBAMBA","EL MILAGRO","AV. EL REPOSO KM. 206 + 061, CENTRO POBLADO EL REPOSO","2026-08-07"
"110053","SERVICENTRO INVERSIONES JESUS TRIUNFADOR E I R L","ESTACIÓN DE SERVICIOS / GRIFOS","CUSCO","ACOMAYO","POMACANCHI","CALLE LOS REYES MZA.B LOTE 1  CENTRO POBLADO POMACANCHI","2026-08-04"
"110182","RIVERA PEREZ ADELINO","ESTACIÓN DE SERVICIOS / GRIFOS","LORETO","MARISCAL RAMON CASTILLA","RAMON CASTILLA","CALLE AYACUCHO MZ 58 LOTE Nº 12 - CABALLOCOCHA","2026-08-07"
"110184","INVERSIONES MILUSKA SAC","ESTACIÓN DE SERVICIOS / GRIFOS","LORETO","MAYNAS","IQUITOS","JR. YAVARÍ Nº 1298 ESQ. CON CALLE MI PERU","2026-08-08"
"110190","ESTACION DE SERVICIOS YESSENIA S.A.C.","ESTACIÓN DE SERVICIOS / GRIFOS","LA LIBERTAD","SANCHEZ CARRION","HUAMACHUCO","CARRETERA HUAMACHUCO-CAJABAMBA KM 7+040 CASERIO SAUSACOCHA","2026-08-07"
"110263","MAURO HUAMAN CANALES","ESTACIÓN DE SERVICIOS / GRIFOS","CUSCO","LA CONVENCION","KIMBIRI","CARRETERA HACIA LIMATAMBO, ANEXO LAS MALVINAS, CENTRO POBLADO NUEVO PROGRESO","2026-07-31"
"110291","INVERSIONES SMITH SPP E.I.R.L. ","ESTACIÓN DE SERVICIO CON GASOCENTRO DE GLP","LIMA","BARRANCA","SUPE","CARRETERA A LA CAMPIÑA (PROLONGACION AV. BOLOGNESI S/N UC08932) - SECTOR PAMAPA DE ANTIVAL","2026-08-07"
"110332","ESTACION DE SERVICIOS JIREH SAC","ESTACIÓN DE SERVICIOS / GRIFOS","ANCASH","HUARI","CHAVIN DE HUANTAR","PREDIO HUANCHACPAMPA - CASERIO HUARIMAYO, SAN MARCOS","2026-08-07"
"110340","ESTACION DE SERVICIOS CHANCHAMAYO S.A.C.","ESTACIÓN DE SERVICIOS / GRIFOS","JUNIN","CHANCHAMAYO","PICHANAQUI","CARRETERA MARGINAL KM 75 - CENTRO POBLADO LA FLORIDA","2026-08-07"
"110364","GRIFO OBSA S.A.C.","ESTACIÓN DE SERVICIOS / GRIFOS","PASCO","PASCO","SIMON BOLIVAR","VIA DISTRITAL CHAUPIMARCA C.P. QUIULACOCHA ALT. KM. 01","2026-08-09"
"110413","EMPRESA DE TRANSPORTE FLUVIAL VERA PERU S.A.C.","GRIFOS FLOTANTES","LORETO","UCAYALI","SARAYACU","MARGEN IZQUIERDA DEL RIO UCAYALI","2026-08-05"
"110414","COESTI S.A. EESS NUEVO CHIMBOTE","ESTACIÓN DE SERVICIO CON GASOCENTRO DE GLP","ANCASH","SANTA","NUEVO CHIMBOTE","MZ. A LOTE 2 - CARRETERA PANAMERICANA NORTE KM 425 - PROGRAMA DE VIVIENDA HUP VILLA MARIA - SUB LOTE B2","2026-08-09"
"110441","ESTACION DE SERVICIOS ANGELA GF EIRL","ESTACIÓN DE SERVICIOS / GRIFOS","AREQUIPA","CARAVELI","ACARI","AV. PRINCIPAL S/N, KM. 7.00, ANEXO VIJOTO - SECTOR TAMBO VIEJO","2026-08-04"
"110466","ROMERO TTITO HILDA","ESTACIÓN DE SERVICIOS / GRIFOS","CUSCO","QUISPICANCHI","OCONGATE","CARRETERA URCOS-PUERTO MALDONADO, SECTOR HUECCO UNO","2026-08-08"
"110480","REPRESENTACIONES EL ALFARERO I S.A.C.","ESTACIÓN DE SERVICIOS / GRIFOS","LA LIBERTAD","PATAZ","PARCOY","CARRETERA RETAMAS - TAYABAMBA COMUNIDAD CAMPESINA LLACUABAMBA","2026-08-08"
"110517","REPRESENTACIONES BRYANGELES S.R.L.","ESTACIÓN DE SERVICIOS / GRIFOS","MADRE DE DIOS","MANU","HUEPETUHE","CALLE PRINCIPAL MZ. A, LOTE 05, NUEVA EXPANSIÓN URBANA -PARTE ALTA","2026-08-07"
"110536","EL TORITO PILCOMAYO","ESTACIÓN DE SERVICIO CON GASOCENTRO DE GLP","JUNIN","HUANCAYO","PILCOMAYO","AV. CORONEL PARRA N° 215","2026-08-08"
"110553","GRIFO COMDELSA","ESTACIÓN DE SERVICIOS / GRIFOS","UCAYALI","CORONEL PORTILLO","CALLERIA","ESQUINA DEL JR. CAHUIDE CON EL JR. CABO REYES MA. A 133 LT. 01","2026-08-08"
"110611","SERVICENTRO PALIAN S.A.C.","ESTACIÓN DE SERVICIO CON GASOCENTRO DE GLP","JUNIN","HUANCAYO","HUANCAYO","AV. PALIAN N° 680","2026-08-09"
"110623","SERVICENTRO JM SAN JUAN E.I.R.L.","ESTACIÓN DE SERVICIOS / GRIFOS","PUNO","SAN ROMAN","JULIACA","CARRETERA JULIACA  HUANCANE KM. 9 - CENTRO POBLADO SANTA MARIA","2026-08-07"
"110629","ESTACIÓN DE SERVICIO BYR EMPRESA INDIVIDUAL DE RESPONSABILIDAD LIMITADA","ESTACIÓN DE SERVICIO CON GASOCENTRO DE GLP","JUNIN","HUANCAYO","HUAYUCACHI","CALLE AYACUCHO S/N - BARRIO QUILLISPATA","2026-08-07"
"110659","VERPASAR S.A.C","ESTACIÓN DE SERVICIO CON GASOCENTRO DE GLP","LIMA","LIMA","CARABAYLLO","AV. LAS LOMAS DE CARABAYLLO MZ- B LTES 14,15 Y 16 - PROGRAMA DE VIVIENDA SAN JOSE","2026-08-07"
"110752","GETSEMANI REPRESENTACIONES E.I.R.L.","ESTACIÓN DE SERVICIOS / GRIFOS","PIURA","SECHURA","SECHURA","CARRETERA SECHURA PARACHIQUE KM. 4.5","2026-08-04"
"110760","ESTACION DE SERVICIOS FABIOLITA S.A.C.","ESTACIÓN DE SERVICIO CON GASOCENTRO DE GLP","JUNIN","JAUJA","JAUJA","AV. ANDRES RAZURI Nª 690 Y VIA DE EVITAMIENTO S/N - BARRIO SAN ANTONIO","2026-08-09"
"110805","GAS 777 SOCIEDAD ANONIMA CERRADA","ESTACIÓN DE SERVICIO CON GASOCENTRO DE GLP","ICA","ICA","TATE","PREDIO RUSTICO DENOMINADO POTRERO CHICO UCN 29343 Y UC 29344 SECTOR TATE","2026-08-08"
"110825","ESTACIÓN DE SERVICIO SILVA E.I.R.L.","ESTACIÓN DE SERVICIOS / GRIFOS","PIURA","PIURA","TAMBO GRANDE","CARRETERA PANAMERICANA KM. 1 + 858","2026-08-08"
"110918","GRUPO RUIZ & BUSTAMANTE S.A.C.","ESTACIÓN DE SERVICIOS / GRIFOS","PIURA","PIURA","PIURA","VALLE MEDIO PIURA S/N - CASERÍO LA MARIPOSA","2026-08-08"
"110929","WESLY GRANDEZ CARDENAS","GRIFOS FLOTANTES","UCAYALI","PADRE ABAD","PADRE ABAD","MARGEN IZQUIERDA RIO AGUAYTIA","2026-08-06"
"110931","EMPRESA J.R.E. HERMANOS S.R.L.","ESTACIÓN DE SERVICIOS / GRIFOS","CAJAMARCA","CAJAMARCA","ENCAÑADA","U.C. 424 PREDIO RUSTICO LA ESTRELLA  VENTANILLAS DE COMBAYO","2026-08-05"
"111016","GRIFO JK","ESTACIÓN DE SERVICIOS / GRIFOS","SAN MARTIN","EL DORADO","SAN MARTIN","JR. SAN MARTIN N° 400","2026-08-08"
"111025","MULTISERVICIOS LIM TRANSPOR SAC","ESTACIÓN DE SERVICIOS / GRIFOS","LIMA","BARRANCA","PARAMONGA","CARRETERA CAMINO A HUARAZ - SAN JUAN DE TUNAN","2026-08-07"
"111061","SERVICENTRO ROCY","ESTACIÓN DE SERVICIOS / GRIFOS","CUSCO","URUBAMBA","OLLANTAYTAMBO","CARRETERA OLLANTAYTAMBO ABRA MÁLAGA COMUNIDAD CAMPESINA PHIRY","2026-08-06"
"111080","PETROMAR S.R.L.","ESTACIÓN DE SERVICIOS / GRIFOS","LAMBAYEQUE","CHICLAYO","CAYALTI","AV.PROLONGACION 9 DE OCTUBRE S/N (C.P. CERRO LEON CAMINO AL CEMENTERIO DE CAYALTI)","2026-08-04"
"111100","NEGOCIOS GENERALES MARANATHA S.R.L.","ESTACIÓN DE SERVICIOS / GRIFOS","ANCASH","CASMA","YAUTAN","CALLE SANTIAGO ANTUNEZ DE MAYOLO LOTIZACION LIMAC MZ C LOTES 03,04, 05 Y06","2026-07-30"
"111102","CRM GAS S.A.C.","ESTACIÓN DE SERVICIO CON GASOCENTRO DE GLP","LAMBAYEQUE","LAMBAYEQUE","OLMOS","SANTA BARBARITA S/N - SECTOR LA HUACA","2026-08-09"
"111120","GRIFOS SHANGUITO E.I.R.L.","ESTACIÓN DE SERVICIOS / GRIFOS","ANCASH","HUARI","SAN MARCOS","AV. LA FLORIDA S/N VALLE PUCHCA SECTOR SAN MARCOS","2026-08-09"
"111179","GRIFO Y REPUESTOS MENA E.I.R.L.","ESTACIÓN DE SERVICIOS / GRIFOS","CUSCO","CALCA","YANATILE","SECTOR QUEBRADA S/N (CARRETERA CALCA-YANATILE)","2026-08-06"
"111223","GRIFO ESTOCOLMO","ESTACIÓN DE SERVICIO CON GASOCENTRO DE GLP","AREQUIPA","CAMANA","SAMUEL PASTOR","AV. EL CARMEN S/N, MZ. B, LOTE 1","2026-08-09"
"111255","INVERSIONES FAMEVA SAC","ESTACIÓN DE SERVICIOS / GRIFOS","APURIMAC","ANDAHUAYLAS","SAN JERONIMO","CARRETERA ANDAHUAYLAS - ABANCAY KM 257+950","2026-08-05"
"111313","SUCESION INDIVISA ESPINOZA DURAND ROMULO","ESTACIÓN DE SERVICIOS / GRIFOS","UCAYALI","PADRE ABAD","CURIMANA","LOTE 6 MANZANA 49 AV. CURIMANA CON EL JR. JULIAN MONTES","2026-08-08"
"111382","GRIFO WILLIAMS EIRL","ESTACIÓN DE SERVICIO CON GASOCENTRO DE GLP","SAN MARTIN","TOCACHE","UCHIZA","AV. MARCELIANO ALVAREZ Nº 500 - 504","2026-08-07"
"111413","ABRAHAM H & B GRIFOS E.I.R.L.","ESTACIÓN DE SERVICIOS / GRIFOS","PUNO","MELGAR","ORURILLO","PREDIO MILLUNI LT. 2 PARCIALIDAD TICOCA - CARRETERA ORURILLO-AYAVIRI KM 4.5","2026-08-07"
"111422","JOSE ISIDRO SOLORZANO CERNA","ESTACIÓN DE SERVICIOS / GRIFOS","CAJAMARCA","CAJAMARCA","JESUS","ESQUINA JR. AREQUIPA CON JR. FRANCISCO RUIZ","2026-08-08"
"111438","INVERSIONES Y SERVICIOS DON ANTONIO E.I.R.L.","ESTACIÓN DE SERVICIOS / GRIFOS","PIURA","MORROPON","CHULUCANAS","JR. CUZCO N° 984","2026-08-08"
"111520","RENSO & RUTH INVERSIONES ASOCIADAS S.A.C ","ESTACIÓN DE SERVICIO CON GASOCENTRO DE GLP","LIMA","CAÑETE","SAN ANTONIO","AV. LIBERTAD MZ. F, LOTE 17.","2026-08-05"
"111552","ESTACION DE SERVICIOS PACHATUSAN S.A.C.","ESTACIÓN DE SERVICIO CON GASOCENTRO DE GLP","LIMA","LIMA","CIENEGUILLA","ASOCIACION DE PROPIETARIOS SEÑOR DE HUANCA MZ. D, LOTE 1","2026-08-08"
"111558","GRIFO CHAUCA LA PLANCHADA E.I.R.L.","ESTACIÓN DE SERVICIOS / GRIFOS","AREQUIPA","CAMANA","OCONA","CENTRO POBLADO LA PLANCHADA, ZONA A, MZ I1, LOTE 03","2026-08-07"
"111583","SERVICENTRO CRISNEYA E.I.R.L.","ESTACIÓN DE SERVICIO CON GASOCENTRO DE GLP","JUNIN","SATIPO","RIO NEGRO","CARRETERA MARGINAL INTERSECCION CON LA AV. BUENAVENTURA","2026-08-08"
"111585","ESTACION DE SERVICIOS LOS INKAS H1 SOCIEDAD ANONIMA CERRADA","ESTACIÓN DE SERVICIO CON GASOCENTRO DE GLP","JUNIN","CHANCHAMAYO","PICHANAQUI","AV. MARGINAL N° 930, 940 Y 950, ESQUINA CON ALAMEDA BELLO HORIZONTE N° 395 Y 397","2026-08-07"
"111604","PETROFORZA S.A.C.","ESTACIÓN DE SERVICIOS / GRIFOS","ANCASH","RECUAY","MARCA","KM. 74 + 800, CARRETERA PATIVILCA - HUARAZ.CENTRO POBLADO PAM PAM","2026-08-07"
"111636","ESTACION DE SERVICIOS GASOCENTRO MISABEL E.I.R.L","ESTACIÓN DE SERVICIO CON GASOCENTRO DE GLP","JUNIN","SATIPO","SATIPO","AV. MICAELA BASTIDAS CUADRA 3, URB. LA FLORESTA","2026-08-08"
"111655","FRANCISCO CUEVA QUISPE","ESTACIÓN DE SERVICIOS / GRIFOS","MADRE DE DIOS","MANU","MADRE DE DIOS","CARRETERA PONAL - SAN JUAN GRANDE KM. 20+50 MARGEN DERECHA","2026-08-07"
"111664","SONIA QUISPE MAMANI","ESTACIÓN DE SERVICIOS / GRIFOS","PUNO","PUNO","PUNO","URB AZIRUNI III ETAPA MZ B-1 LTE.07-06-05-Y04 AV ORGULLO AYMARA S/N","2026-08-07"
"111666","GRIFO BRIAN","ESTACIÓN DE SERVICIOS / GRIFOS","JUNIN","TARMA","HUASAHUASI","AV. DE LA PERUANIDAD S/N - HUASAHUASI","2026-08-07"
"111680","GRIFO LATINO S.A.C.","ESTACIÓN DE SERVICIOS / GRIFOS","CUSCO","ANTA","ANTA","JR. JAQUIJAHUANA N° 417-418","2026-08-07"
"111689","DISTRIBUIDORA Y COMERCIALIZADORA ROCEL SAC","ESTACIÓN DE SERVICIOS / GRIFOS","PASCO","OXAPAMPA","PUERTO BERMUDEZ","SECTOR 3 MZ 11 LOTE 1 INTERSECCION DE LA AV.PACHITEA CON LA AV SAN MATIAS","2026-08-08"
"111707","MULTISERVICIOS SEÑOR DE LOS MILAGROS S.R.L.","ESTACIÓN DE SERVICIO CON GASOCENTRO DE GLP","JUNIN","SATIPO","RIO NEGRO","AV. ALAMEDA MARGINAL SUR N° 2513","2026-08-07"
"111758","GRIFOS ALTIPLANO S.R.L.","ESTACIÓN DE SERVICIOS / GRIFOS","PUNO","LAMPA","CALAPUJA","CARRETERA PANAMERICANA JULIACA-CUSCO KM. 1290+940","2026-08-08"
"111788","CCORIMANYA VILCA SOCIEDAD COMERCIAL DE RESPONSABILIDAD LIMITADA","ESTACIÓN DE SERVICIOS / GRIFOS","MADRE DE DIOS","TAMBOPATA","TAMBOPATA","CARRETERA PUERTO MALDONADO - QUINCEMIL KM. 6 SECTOR LA PASTORA","2026-08-08"
"111906","SERVICENTRO SENOR DE LUREN LA PLANCHADA SAC.","ESTACIÓN DE SERVICIOS / GRIFOS","AREQUIPA","CAMANA","OCONA","CARRETERA PANAMERICANA SUR KM. 754, ANEXO DE LA PLANCHADA MZ. L LOTE 02","2026-07-31"
"111907","SEVERDAL S.A.C.","ESTACIÓN DE SERVICIOS / GRIFOS","PIURA","TALARA","PARIÑAS","URB. LOS ROBLES MZ. A LOTE 14 TALARA ALTA","2026-08-08"
"111916","CUEVA TAVERA S.A.C.","ESTACIÓN DE SERVICIO CON GASOCENTRO DE GLP","LA LIBERTAD","VIRU","CHAO","PREDIO RUSTICO LA VICTORIA U.C.10570","2026-08-08"
"112021","EMPRESA DE SERVICIOS MULTIPLES MI LIZ E.I.R.L.","ESTACIÓN DE SERVICIO CON GASOCENTRO DE GLP","AYACUCHO","HUANTA","HUANTA","JR.MILTON CORDOVA LA TORRE S/N LOTE 224890, SECTOR HUALLHUAYOC","2026-08-08"
"112082","GRIFO PAMPA LA VICTORIA S.A.C.","ESTACIÓN DE SERVICIOS / GRIFOS","LAMBAYEQUE","CHICLAYO","PATAPO","CARRETERA CHICLAYO - CHONGOYAPE KM 39+500 CPM PAMPA LA VICTORIA","2026-08-07"
"112120","ESTACION CORZO S.A.C.","ESTACIÓN DE SERVICIOS / GRIFOS","AREQUIPA","AREQUIPA","LA JOYA","UPIS CRISTO REY DE LA JOYA, MZ.D, LT.1, ZONA 2","2026-08-08"
"112121","SERVICENTRO SUNAMPE SAC","ESTACIÓN DE SERVICIO CON GASOCENTRO DE GLP","ICA","CHINCHA","SUNAMPE","AV. PRINCIPAL N° 444 - C.P. SAN PEDRO DE PILPA","2026-08-07"
"112142","MULTISERVICIOS VIRGEN DE COPACABANA MISKY II S.A.C.","ESTACIÓN DE SERVICIOS / GRIFOS","AREQUIPA","CAMANA","MARIANO NICOLAS VALCARCEL","CALLE 3 DE MAYO ESQUINA CON CALLE 28 DE JULIO  ANEXO SECOCHA","2026-08-07"
"112167","GRIFO TUPAC","ESTACIÓN DE SERVICIOS / GRIFOS","UCAYALI","CORONEL PORTILLO","MANANTAY","AV. TUPAC AMARU Y AV. PRIMAVERA MZA. M LOTE. 01","2026-08-08"
"112175","GLPENERGIA S.A.C","ESTACIÓN DE SERVICIO CON GASOCENTRO DE GLP","LAMBAYEQUE","CHICLAYO","JOSE LEONARDO ORTIZ","FUNDO CASA BLANCA Y SARAN KM. 02 CARRETERA A FERREÑAFE","2026-08-09"
"112178","GLOBAL FUEL SOCIEDAD ANONIMA","EE.SS con GLP y GNV","LIMA","LIMA","RIMAC","AV. FRANCISCO PIZARRO Nº 770, 772, 774, 776, 778, 780, 782, 784 Y 786 ESQ. CON AV. FELIPE ARANCIBIA","2026-08-09"
"112199","SERVICIOS MULTIPLES CARMELITAS S.A.C.","ESTACIÓN DE SERVICIOS / GRIFOS","CUSCO","PAUCARTAMBO","PAUCARTAMBO","URB. LLAYCHU MZ. N-1, LOTES 12, 13 Y 14","2026-08-03"
"112229","ESTACION BIO GASOL E.I.R.L.","ESTACIÓN DE SERVICIOS / GRIFOS","ICA","CHINCHA","PUEBLO NUEVO","AV. PROGRESO MZ. 74 LOTE 2 CENTRO POBLADO PUEBLO NUEVO CUARTA ETAPA","2026-08-01"
"112278","SERVICENTRO JAKELINE SOCIEDAD COMERCIAL DE RESPONSABILIDAD LIMITADA","ESTACIÓN DE SERVICIOS / GRIFOS","CUSCO","CUSCO","WANCHAQ","AV. VIA EXPRESA PARQUE INDUSTRIAL LOTE B-6","2026-08-08"
"112279","ESTACION DE SERVICIOS EL PROFE SRL","ESTACIÓN DE SERVICIOS / GRIFOS","CAJAMARCA","CAJABAMBA","CAJABAMBA","AV VICTOR RAUL HAYA DE LA TORRE N° 1751 SECTOR LA PAMPA GRANDE","2026-08-07"
"112299","GRIFO DOS DE MAYO","ESTACIÓN DE SERVICIOS / GRIFOS","PUNO","SANDIA","ALTO INAMBARI","AV. CIRCUNVALACIÓN S/N MZ. B1 LT. 13 BARRIO 2 DE MAYO","2026-08-08"
"112332","GRIFO RISO COMPANY","ESTACIÓN DE SERVICIO CON GASOCENTRO DE GLP","SAN MARTIN","MARISCAL CACERES","JUANJUI","CARRETERA FERNANDO BELAUNDE TERRY S/N","2026-08-07"
"112336","GRIFO NICOL CAROLINA EMPRESA INDIVIDUAL DE RESPONSABILIDAD LIMITADA","ESTACIÓN DE SERVICIOS / GRIFOS","PIURA","HUANCABAMBA","SONDOR","CARRETERA HUANCABAMBA SONDOR KM. 18.20 SECTOR TIERRA AMARILLA","2026-08-05"
"112338","NEGOCIACIONES POSEIDON E.I.R.L.","GRIFOS FLOTANTES","PIURA","SECHURA","SECHURA","PUERTO RICO BAYOVAR - BAHIA LA CALETA","2026-07-15"
"112601","LUCILA ZAMORA PEÑA","ESTACIÓN DE SERVICIOS / GRIFOS","AYACUCHO","LA MAR","SAN MIGUEL","AV. RAMON CASTILLA S/N (CARRETERA SAN MIGUEL - MINABAMBA Y SAN ANTONIO)","2026-08-07"
"112666","ESTACIÓN DE SERVICIO LA BLANQUITA EMPRESA INDIVIDUAL DE RESPONSABILIDAD LIMITADA","ESTACIÓN DE SERVICIOS / GRIFOS","PUNO","SAN ROMAN","JULIACA","URB. ALEXANDER MANZANA A-6 LOTES 01,02 Y 03 A -AV. CIRCUNVALACION ESQUINA CON CALLE S/N.","2026-08-05"
"112764","CORPORACION LAZO DE ORO S.A.C.","ESTACIÓN DE SERVICIOS / GRIFOS","CUSCO","CHUMBIVILCAS","SANTO TOMAS","ESQUINA CALLE SANTA BARBARA S/N Y CARRETERA SANTO TOMAS ESPINAR","2026-08-08"
"112792","ESTACION DE SERVICIOS HERNANDEZ","ESTACIÓN DE SERVICIOS / GRIFOS","AMAZONAS","BONGARA","CUISPES","CARRETERA FERNANDO BELAUNDE TERRY KM. 295 + 325","2026-08-08"
"112809","RED DE PETROLEOS L Y L S.A.C.","ESTACIÓN DE SERVICIOS / GRIFOS","MADRE DE DIOS","TAMBOPATA","INAMBARI","FRACCION DE LA PARCELA N° 05 DEL PROYECTO DE ADJUDICACION DENOMINADO SARAYACU-CENTRO POBLADO SARAYACU","2026-08-04"
"112811","SERVICIOS KONKO EIRL.","ESTACIÓN DE SERVICIOS / GRIFOS","AREQUIPA","CARAVELI","BELLA UNION","MZ. 120, AV. GUILLERMO VOSS Y JIRÓN CARAVELI S/N","2026-08-04"
"112877","SERVICENTRO  JBI  VALERO","ESTACIÓN DE SERVICIOS / GRIFOS","APURIMAC","CHINCHEROS","CHINCHEROS","CARRETERA AYACUCHO ANDAHUAYLAS KM 139+230 COMUNIDAD SAN JUAN BAUTISTA DE CALLEBAMBA","2026-08-08"
"112897","SERVILINEMAQ E.I.R.L","ESTACIÓN DE SERVICIO CON GASOCENTRO DE GLP","LAMBAYEQUE","LAMBAYEQUE","ILLIMO","SECTOR LA IGLESIA - PREDIO N° 7-6259280-48732, KM. 23 PANAMERICANA NORTE","2026-08-06"
"112933","QUISPE CONDE YODER","ESTACIÓN DE SERVICIOS / GRIFOS","CUSCO","CANAS","LAYO","AV. GRAU S/N","2026-08-08"
"112960","SERVICE PETROLEUM COMPANY E.I.R.L.","ESTACIÓN DE SERVICIOS / GRIFOS","LORETO","MAYNAS","PUNCHANA","CALLE LAS PALMAS N°185","2026-08-08"
"112964","SERVICIOS GENERALES PONCE DE LA ROSA SOCIEDAD ANONIMA CERRADA","ESTACIÓN DE SERVICIOS / GRIFOS","HUANUCO","AMBO","AMBO","ANEXO DE SANTA CRUZ DE MATI CHICO LOTE 2, ALTURA DEL KM. 375 DE LA CARRETERA LIMA-HUANUCO","2026-08-07"
"112983","CORPORACION QUILLI GRIFO 'S EMPRESA INDIVIDUAL DE RESPONSABILIDAD LIMITADA","ESTACIÓN DE SERVICIOS / GRIFOS","PUNO","AZANGARO","AZANGARO","INTERSECCIÓN JR. CAYRAHUIRE NRO. 440, VÍA ALTERNA DE LA CARRETERA INTEROCEÁNICA URB. SAN JUAN DE DIOS MZ. X LOTES 15 Y 26","2026-08-07"
"112992","ESTACION DE SERVICIOS PETROSANLUIS E.I.R.L","ESTACIÓN DE SERVICIOS / GRIFOS","ANCASH","CARLOS F. FITZCARRALD","SAN LUIS","AV. LOS HEROES N°244","2026-08-05"
"113003","COMBUSTIBLES JAMBO","ESTACIÓN DE SERVICIOS / GRIFOS","CAJAMARCA","CELENDIN","CELENDIN","AV. CAJAMARCA MZA. 15 LOTE 17 CASERIO BELLAVISTA","2026-08-09"
"113005","ESTACION DE SERVICIOS SEÑOR DE LUREN S.A.C","ESTACIÓN DE SERVICIOS / GRIFOS","JUNIN","SATIPO","PANGOA","CARRETERA MARGINAL KM. 1 A PUERTO OCOPA","2026-08-07"
"113006","MARISOL PALACIOS COLONIO","ESTACIÓN DE SERVICIOS / GRIFOS","HUANCAVELICA","TAYACAJA","COLCABAMBA","CALLE CAMPO ARMIÑO S/N MZ. F-4, SECTOR NOR ESTE","2026-07-30"
"113035","ESTACION DE COMBUSTIBLE SMART S.A.C.","ESTACIÓN DE SERVICIOS / GRIFOS","PUNO","PUNO","PUNO","AV. COSTANERA Nº 460, BARRIO VALLECITO","2026-08-07"
"113087","CETP S.A.C.","ESTACIÓN DE SERVICIOS / GRIFOS","LORETO","MAYNAS","IQUITOS","CALLE RAMON CASTILLA ESQ. CON AV. MARISCAL CACERES","2026-08-08"
"113104","MULTISERVICIOS DAJU S.A.C","ESTACIÓN DE SERVICIO CON GASOCENTRO DE GLP","SAN MARTIN","RIOJA","NUEVA CAJAMARCA","CARRETERA FERNANDO BELAUNDE TERRY KM 454 - CASERIO LA ESPERANZA","2026-08-08"
"113128","ESTACION INCAS PECSA","ESTACIÓN DE SERVICIOS / GRIFOS","LIMA","LIMA","COMAS","AV. LOS INCAS CON AV. SINCHI ROCA, MZ. A, LT. 18","2026-08-03"
"113159","ESTACION DE SERVICIOS JERUSALEN S.R.L.","ESTACIÓN DE SERVICIOS / GRIFOS","SAN MARTIN","RIOJA","ELIAS SOPLIN VARGAS","AV. LAS DELICIAS S/N MZ '8' LOTE N° 25, 26 Y 27 - SECTOR SEGUNDA JERUSALEN","2026-08-08"
"113204","SERVICENTRO EL MANANTIAL DE CHINCHEROS","ESTACIÓN DE SERVICIOS / GRIFOS","APURIMAC","CHINCHEROS","CHINCHEROS","LOTE 24 SECTOR HUAHUAPUQUIO LLIMPE CARRETERA CENTRAL SALIDA CHINCHEROS - APURIMAC KM. 150+3.09","2026-08-08"
"113211","GRIFO FLOTANTE SATELITE SRL","ESTACIÓN DE SERVICIOS / GRIFOS","LORETO","ALTO AMAZONAS","YURIMAGUAS","CALLE ESPINTANA MZ D LOTE 20 URB. LOS MADEROS","2026-08-08"
"113326","PETROSERVICENTRO MIGAEL EIRL","ESTACIÓN DE SERVICIOS / GRIFOS","CUSCO","LA CONVENCION","HUAYOPATA","CARRETERA CUSCO-QUILLABAMBA, SECTOR CHONTAMOCCO SECTOR IPAL, EX FUNDO HUYRO","2026-08-07"
"113329","JENRRI GARCIA DEL AGUILA","ESTACIÓN DE SERVICIOS / GRIFOS","SAN MARTIN","PICOTA","TRES UNIDOS","JR. UCAYALI CUADRA 5","2026-08-05"
"113356","ESTACION DE SERVICIOS SAN JOSE ESPINAR CUSCO SRL","ESTACIÓN DE SERVICIOS / GRIFOS","CUSCO","ESPINAR","ESPINAR","AV. SAN MARTIN 406 ASOCIACION PROV. ALTO PICHIHUA","2026-08-07"
"113364","INVERSIONES EL CONDOR DE SIHUINA SOCIEDAD ANONIMA CERRADA","ESTACIÓN DE SERVICIOS / GRIFOS","CUSCO","PARURO","ACCHA","CALLE PROLONGACION GARCILAZO S/N BARRIO URINSAYA","2026-08-04"
"113365","SERVICENTRO CCARHUAYO S.A.C.","ESTACIÓN DE SERVICIOS / GRIFOS","CUSCO","QUISPICANCHI","CCARHUAYO","CALLE 27 DE NOVIEMBRE S/N","2026-08-04"
"113369","EMPRESA COMERCIALIZADORA DE GAS S.R.L.","GASOCENTROS DE GLP","JUNIN","HUANCAYO","HUANCAYO","AV. MARTIRES DEL PERIODISMO Nº111","2026-08-09"
"113396","RC PLUS GRIFOS S.A.C.","ESTACIÓN DE SERVICIOS / GRIFOS","PUNO","HUANCANE","TARACO","A 559.67 METROS DE LA PLAZA DE ARMAS DEL DISTRITO EN LINEA RECTA A LA AVENIDA PANAMERICANA","2026-08-07"
"113398","C & A PALCARO E.I.R.L.","ESTACIÓN DE SERVICIOS / GRIFOS","APURIMAC","COTABAMBAS","TAMBOBAMBA","PROLONGACION CALLE BOLIVAR S/N","2026-08-04"
"113558","SERVICENTRO RIO TAMBO","ESTACIÓN DE SERVICIOS / GRIFOS","JUNIN","SATIPO","RIO TAMBO","CARRETERA MARGINAL S/N, INTERSECCION CON LA VIA PERENE","2026-08-04"
"113614","UPIACHIHUA SANGAMA YOVANA","ESTACIÓN DE SERVICIOS / GRIFOS","UCAYALI","CORONEL PORTILLO","CAMPOVERDE","AV. 1° DE JUNIO ESQUINA CON JR. CAHUIDE","2026-08-08"
"113616","GRIFO CRYSMAR S.A.C.","ESTACIÓN DE SERVICIO CON GASOCENTRO DE GLP","LAMBAYEQUE","CHICLAYO","REQUE","CARRETERA PANAMERICANA NORTE KM. 757 + 500","2026-08-08"
"113650","MULTISERCIOS E INVERSIONES CAMACHO","ESTACIÓN DE SERVICIOS / GRIFOS","PUNO","SAN ROMAN","JULIACA","AV. CIRCUNVALACIÓN ESTE Y ESQUINA CON EL JR. LUIS BANCHERO ROSSI","2026-08-01"
"113681","INVERSIONES MODASA E.I.R.L.","ESTACIÓN DE SERVICIOS / GRIFOS","LA LIBERTAD","SANCHEZ CARRION","HUAMACHUCO","CARRETERA TRUJILLO-HUAMACHUCO, CACERIO LA ARENA-SECTOR LA PERDIZ N° 19","2026-08-05"
"113723","WARI SERVICE S.A.C.","ESTACIÓN DE SERVICIO CON GASOCENTRO DE GLP","ICA","PISCO","SAN CLEMENTE","SECTOR SAN ISIDRO PARCELA 80, CARRETERA LOS LIBERTADORES KM 1.6","2026-08-08"
"113735","JESUS FLORES QUISPE","ESTACIÓN DE SERVICIOS / GRIFOS","AYACUCHO","HUAMANGA","VINCHOS","CENTRO POBLADO ARIZONA - CILLCAPAMPA - VIA LOS LIBERTADORES KM 40","2026-08-09"
"113840","ESTACION DE SERVICIOS BOQUERON S.A.C","ESTACIÓN DE SERVICIOS / GRIFOS","UCAYALI","PADRE ABAD","PADRE ABAD","CAR.FEDERICO BASADRE KM. 177 C.P. BOQUERON","2026-08-08"
"113842","JARAMILLO HUALPA MANUEL FRANCISCO","ESTACIÓN DE SERVICIOS / GRIFOS","PIURA","AYABACA","AYABACA","SECTOR CHANURAN S/N ENTRADA AYABACA","2026-08-08"
"113852","ESTACION DE SERVICIOS MEGAPLUS","ESTACIÓN DE SERVICIOS / GRIFOS","HUANUCO","HUANUCO","PILLCO MARCA","PARCELA 58 DEL PREDIO ANDABAMBA","2026-08-01"
"113883","GRIFO FORTUNA","ESTACIÓN DE SERVICIOS / GRIFOS","LA LIBERTAD","SANCHEZ CARRION","HUAMACHUCO","RUR. PREDIO LA ARENA CP/PARCELA 20498 CARRETERA TRUJILLO-HUAMACHUCO KM. 160+200","2026-08-05"
"113909","INVERSIONES CHINCHERO INTERNACIONAL SOCIEDAD ANONIMA CERRADA","ESTACIÓN DE SERVICIOS / GRIFOS","CUSCO","LA CONVENCION","ECHARATE","CARRETERA QUILLABAMBA-KITENI, CENTRO POBLADO PAMPA CONCEPCION","2026-08-05"
"113915","SERVICENTRO LA HACIENDA S.R.L.","ESTACIÓN DE SERVICIOS / GRIFOS","LORETO","MAYNAS","SAN JUAN BAUTISTA","CARRETERA IQUITOS-NAUTA KM. 3","2026-08-07"
"113916","JAVIER QUENAYA ARCE","ESTACIÓN DE SERVICIOS / GRIFOS","PUNO","EL COLLAO","ILAVE","AV. PANAMERICANA NORTE Nº 415.","2026-08-08"
"113932","ESTACION DE SERVICIOS GRUPO SAN MARTIN SRL","ESTACIÓN DE SERVICIO CON GASOCENTRO DE GLP","SAN MARTIN","RIOJA","NUEVA CAJAMARCA","CARRETERA NUEVA CAJAMARCA - UCRANIA, PREDIO RURAL SAN MARTIN, SECTOR UCRANIA - VALLE ALTOMAYO","2026-08-08"
"113963","ESTACIÓN DE SERVICIOS PROCERES S.A.C.","ESTACIÓN DE SERVICIOS / GRIFOS","UCAYALI","CORONEL PORTILLO","MANANTAY","AV. SANTIAGO SABOYA BARDALES Y JR. LOS PINOS MZ. 3 LOTE 12 Y 13, AA.HH. LOS PROCERES DE INDEPENDENCIA","2026-08-09"
"114030","COMPANIA OPERADORA DE LA SELVA","ESTACIÓN DE SERVICIOS / GRIFOS","UCAYALI","CORONEL PORTILLO","YARINACOCHA","JR. UNION MZ A LOTES 01 Y 02 AA.HH MARGINAL UCAYALI (ESQUINA JR. UNION CON ANTIGUA CARRETERA A YARINACOCHA)","2026-08-09"
"114067","BEZIM GROUP E.I.R.L.","ESTACIÓN DE SERVICIO CON GASOCENTRO DE GLP","ICA","PISCO","SAN ANDRES","AV. GENARO MEDRANO ESQUINA CON CALLE ESPAÑA","2026-08-08"
"114073","OCORIS 2 SAC","ESTACIÓN DE SERVICIO CON GASOCENTRO DE GLP","LIMA","LIMA","LA VICTORIA","AV. NICOLAS ARRIOLA N° 1003","2026-08-08"
"114077","SUPER GRIFO CHINCHA SAC","ESTACIÓN DE SERVICIO CON GASOCENTRO DE GLP","ICA","CHINCHA","CHINCHA ALTA","CARRETERA PANAMERICANA SUR N° 764","2026-08-07"
"114083","ESTACION DE SERVICIOS CAMPO VERDE S.C.R.L.","ESTACIÓN DE SERVICIOS / GRIFOS","UCAYALI","CORONEL PORTILLO","CAMPOVERDE","AV. PRIMERO DE JUNIO S/N MZ 126 LOTES 2A, 3, 4 Y 5","2026-08-08"
"114085","ESTACION DE GAS CAMPO VERDE SOCIEDAD COMERCIAL DE RESPONSABILIDAD LIMITADA","GASOCENTROS DE GLP","UCAYALI","CORONEL PORTILLO","CAMPOVERDE","AV. PRIMERO DE JUNIO S/N MZ 126 LOTE 2A, 3, 4 Y 5","2026-08-01"
"114115","RS PETROLEOS E.I.R.L.","ESTACIÓN DE SERVICIOS / GRIFOS","LORETO","ALTO AMAZONAS","YURIMAGUAS","CALLE PROLONGACIÓN 15 DE AGOSTO S/N, LOTES 1-2, MZ. Z, AA.HH. BUENA VISTA","2026-08-08"
"114150","SERGAS SUPE S.A.C.","ESTACIÓN DE SERVICIO CON GASOCENTRO DE GLP","ANCASH","SANTA","CHIMBOTE","MZ U2, LOTE 5  PUEBLO JOVEN MIRAFLORES ALTO","2026-08-08"
"114171","INVERSIONES BA HERMANOS S.R.L.","ESTACIÓN DE SERVICIOS / GRIFOS","HUANUCO","DOS DE MAYO","LA UNION","INTERSECCION JR. GRAU CON EL JR. DOS DE MAYO","2026-08-03"
"114257","INVERSIONES SAMANCO SAC","ESTACIÓN DE SERVICIOS / GRIFOS","ANCASH","SANTA","SAMANCO","AV. LOS PESCADORES MZ G1 LOTE 45","2026-08-07"
"114418","SERVICENTRO CECILIA E.I.R.L.","ESTACIÓN DE SERVICIOS / GRIFOS","UCAYALI","CORONEL PORTILLO","CALLERIA","AV. AVIACION ESQUINA CON AV. LLOQUE YUPANQUI MZ A LOTE 1 Y 3 AA.HH ENCANTO","2026-08-07"
"114466","ENERGIGAS S.A.C.","EE.SS con GLP y GNV","ICA","CHINCHA","CHINCHA BAJA","CARRETERA PANAMERICANA SUR KM 201","2026-08-08"
"114526","GRANEL INDUSTRIAL S.A.C.","EE.SS con GLP y GNV","LA LIBERTAD","TRUJILLO","MOCHE","AV. LA MARINA N° 558 CARRETERA PANAMERICANA NORTE PREDIO RURAL LA ENCALADA U.C. 11469","2026-08-08"
"114591","ASFALTO Y DIESEL DEL PERU S.A.C.","ESTACIÓN DE SERVICIO CON GASOCENTRO DE GLP","LIMA","BARRANCA","SUPE","SECTOR HUARANGAL CHICO, UC 09063, CARRETERA PANAMERICANA NORTE","2026-08-07"
"114600","GRIFOS GRAN PRIX SAC","ESTACIÓN DE SERVICIO CON GASOCENTRO DE GLP","LAMBAYEQUE","CHICLAYO","JOSE LEONARDO ORTIZ","MZA. R LOTE 09  PUEBLO JOVEN LAS MERCEDES","2026-08-09"
"114607","INVERSIONES DOS FRONTERAS S.A.C.","GRIFOS FLOTANTES","LORETO","MARISCAL RAMON CASTILLA","YAVARI","MARGEN DERECHA DEL RÍO AMAZONAS  LOCALIDAD DE SANTA ROSA","2026-07-22"
"114644","DELGADO CANALES VICTOR","ESTACIÓN DE SERVICIOS / GRIFOS","CUSCO","LA CONVENCION","KIMBIRI","AV. LOS PROCERES S/N CARRETERA KIMBIRI - KINTIARIANA KM 40 - CENTRO POBLADO LOBO TAWANTINSUYO","2026-08-01"
"114682","GRIFO Y ESTACIONES MI LEYDI DOS E.I.R.L.","ESTACIÓN DE SERVICIO CON GASOCENTRO DE GLP","AMAZONAS","BONGARA","JAZAN","AV. CAHUIDE N° 104, PEDRO RUIZ","2026-08-06"
"114714","INVERSIONES MACURANI E.I.R.L.","ESTACIÓN DE SERVICIOS / GRIFOS","CUSCO","CHUMBIVILCAS","LIVITACA","CARRETERA CUSCO-LIVITACA C.C. QUEHUINCHA","2026-08-08"
"114730","MULTISERVICIOS EL TRIANGULO","ESTACIÓN DE SERVICIO CON GASOCENTRO DE GLP","LIMA","HUAURA","SAYAN","CARRETERA HUAURA  SAYAN KM. 42","2026-08-09"
"114748","PETRO MAX JAC E.I.R.L.","ESTACIÓN DE SERVICIO CON GASOCENTRO DE GLP","JUNIN","SATIPO","COVIRIALI","ESQ.CARRETERA A BELLAVISTA Y JR. SAN JUAN MZ H LOTE 8","2026-08-08"
"114837","GASOCENTRO SICAN S.A.C.","ESTACIÓN DE SERVICIO CON GASOCENTRO DE GLP","LAMBAYEQUE","FERREÑAFE","FERREÑAFE","AV. BATANGRANDE N° 355  MZ 11, LOTE 01, DEL PIUV  HECTOR AURICH SOTO","2026-08-08"
"114878","GRIFOS ALBINAGORTA","ESTACIÓN DE SERVICIOS / GRIFOS","ANCASH","CARHUAZ","ACOPAMPA","CARRETERA ASFALTADA HUARAZ - CARAZ, SECTOR HUANCHAC PAMPA","2026-08-09"
"115063","ESTACION DE SERVICIOS WEKES SOCIEDAD ANONIMA CERRADA","ESTACIÓN DE SERVICIOS / GRIFOS","CUSCO","LA CONVENCION","ECHARATE","CENTRO POBLADO PALMA REAL - ZONA RECUERDO. MANZANA N LOTES 01 Y 02","2026-08-01"
"115097","SERAPIO HERRERAS CONDEMAITA","ESTACIÓN DE SERVICIOS / GRIFOS","AYACUCHO","LA MAR","TAMBO","AV. EL PORVENIR S/N MZ P, LOTE 10 Y 11","2026-08-03"
"115146","ESTACION DE SERVICIOS MIGUELITO EIRL","ESTACIÓN DE SERVICIOS / GRIFOS","CUSCO","LA CONVENCION","ECHARATE","PARCELA PAPAYACHAYOC  URB. PAMPA CONCEPCION","2026-08-05"
"115150","GRIFO ANTACCOCHA","ESTACIÓN DE SERVICIOS / GRIFOS","HUANCAVELICA","HUANCAVELICA","HUANCAVELICA","AV. ANTACCOCHA LOTE 2 S/N KM 11 CARRETERA CENTRAL HUANCAVELICA-HUANCAYO","2026-08-03"
"115170","ESTACIÓN DE SERVICIOS BARRERA","ESTACIÓN DE SERVICIOS / GRIFOS","HUANCAVELICA","ACOBAMBA","PAUCARA","JR. LOS CLAVELES S/N CRUCE CON AV. HIPODROMO S/N","2026-08-07"
"115202","ESTACIÓN DE SERVICIOS SAN HILARION SAC","ESTACIÓN DE SERVICIOS / GRIFOS","SAN MARTIN","PICOTA","SAN HILARION","MZ. 01 LOTE 4 Y 5 - CARRETERA FERNANDO BELAUNDE TERRY","2026-08-04"
"115218","INVERSIONES, COMBUSTIBLES Y SERVICIOS GENERALES GERSAB SRL","ESTACIÓN DE SERVICIOS / GRIFOS","AYACUCHO","CANGALLO","CANGALLO","CENTRO POBLADO CANGALLO MZ. E, LOTE 11","2026-08-07"
"115219","GRIFO FLOTANTE PETROMILG","GRIFOS FLOTANTES","UCAYALI","ATALAYA","RAYMONDI","MARGEN IZQUIERDA DEL RIO TAMBO","2026-08-06"
"115245","SAN PEDRO COMBUSTIBLES S.R.L.","ESTACIÓN DE SERVICIO CON GASOCENTRO DE GLP","LIMA","LIMA","LURIGANCHO","CALLE LIMA SUR N° 1529 (EX CARRETERA CENTRAL) PARTE DEL LOTE 43 DEL FUNDO MOYOPAMPA","2026-08-09"
"115250","GRIFO ROCKY E.I.R.L.","ESTACIÓN DE SERVICIOS / GRIFOS","CUSCO","LA CONVENCION","ECHARATE","NRO. SN ALAMEDA URUSAYHUA (A 3 CDRS DE LA COMPAÑIA BOMBEROS)","2026-08-03"
"115277","GRIFO IÑAPARI","ESTACIÓN DE SERVICIOS / GRIFOS","MADRE DE DIOS","TAHUAMANU","IÑAPARI","AV. LEON VELARDE S/N, ESQUINA CON JR. 7 DE OCTUBRE MZ A. LOTES 2 Y 3 SECTOR 2 VIRGEN DEL ROSARIO II","2026-07-27"
"115295","GRIFO MAFER I E.I.R.L.","ESTACIÓN DE SERVICIOS / GRIFOS","CUSCO","LA CONVENCION","SANTA ANA","VIA SAMBARAY S/N DE LA CIUDAD DE QUILLABAMBA","2026-08-05"
"115367","INVERSIONES Y SERVICIOS  GENERALES SANTA TERESITA SAC.","ESTACIÓN DE SERVICIOS / GRIFOS","LA LIBERTAD","ASCOPE","CASA GRANDE","MZ. C-7 LOTE 19 URB. SANTA TERESITA","2026-08-07"
"115376","SANCHEZ HUAMAN EFRAIN","ESTACIÓN DE SERVICIOS / GRIFOS","CUSCO","QUISPICANCHI","OCONGATE","SECTOR CANCHA CANCHA VALLE MAPACHO","2026-08-08"
"115401","NAGIBE ESTACION EIRL","ESTACIÓN DE SERVICIO CON GASOCENTRO DE GLP","ICA","CHINCHA","CHINCHA ALTA","AV. FAUSTINO SANCHEZ CARRION S/N","2026-08-09"
"115433","SERVICIOS MULTIPLES ROYER EIRL","ESTACIÓN DE SERVICIOS / GRIFOS","HUANUCO","PUERTO INCA","PUERTO INCA","UNIDAD CATASTRAL N° 31211 CARRETERA PUERTO SUNGARO A PUERTO INCA","2026-08-08"
"115447","JC EL EXITO E.I.R.L.","ESTACIÓN DE SERVICIOS / GRIFOS","AYACUCHO","HUAMANGA","CARMEN ALTO","PREDIO ÑAHUIMPUQUIO II FRACCION LOTE 15 A 5.00 KM CARRETERA AYACUCHO-CUSCO","2026-08-07"
"115463","ESTACION DE SERVICIOS CENTENO","ESTACIÓN DE SERVICIOS / GRIFOS","AYACUCHO","HUANTA","SIVIA","AV. HUANTA N° 575","2026-08-05"
"115476","SANTOS COARITE BARREDA","ESTACIÓN DE SERVICIOS / GRIFOS","PUNO","HUANCANE","VILQUE CHICO","C.P. SOLITARIO LOTES 6 Y 7 MZ. V-1 KM. 24+150 CARRETERA VILQUECHICO","2026-08-08"
"115584","GRIFO REY DAVID EMPRESA INDIVIDUAL DE RESPONSABILIDAD LIMITADA","ESTACIÓN DE SERVICIOS / GRIFOS","MADRE DE DIOS","TAMBOPATA","TAMBOPATA","CAR. TRES ISLAS KM. 14 C.C. TUPAC AMARU","2026-08-04"
"115600","INVERSIONES Y SERVICIOS PETROMAX E.I.R.L","ESTACIÓN DE SERVICIOS / GRIFOS","SAN MARTIN","TOCACHE","UCHIZA","ESQ. DE LA AVENIDA LEONCIO PRADO N° 1008 CON JR. ALFONSO UGARTE N° 256","2026-08-06"
"115607","GAMARRA BENITES RODRIGO ALBERTO","ESTACIÓN DE SERVICIOS / GRIFOS","CUSCO","LA CONVENCION","PICHARI","CARRETERA PICHARI - MANTARO - VALLE LA LIBERTAD MZ C LOTES 8,9,10,11","2026-07-30"
"115680","CORPORACION PERUANA DE INVERSIONES Y PRODUCCION S.A.","ESTACIÓN DE SERVICIO CON GASOCENTRO DE GLP","ANCASH","HUARAZ","INDEPENDENCIA","AV. CENTENARIO N° 3404 PREDIO JUYTUPAMPA","2026-08-08"
"115796","PETRONEX PERU S.A.C.","EE.SS con GNV","LA LIBERTAD","TRUJILLO","MOCHE","PREDIO LARREA PARCELA B (ALTURA DEL KM. 557 DE LA PANAMERICANA NORTE)","2026-08-07"
"115821","GRIFO SR. DE HUANCA PYD EIRL","ESTACIÓN DE SERVICIOS / GRIFOS","CUSCO","LA CONVENCION","SANTA ANA","CARRETERA QUILLABAMBA - CUSCO S/N URPIPATA ALTA","2026-08-04"
"115842","MOTOMAQ SAC","GRIFOS FLOTANTES","LORETO","MAYNAS","IQUITOS","MARGEN DERECHA DEL RIO ITAYA (REFERENCIA FRENTE AL EMBARCADERO TURÍSTICO EL HUEQUITO)","2026-07-30"
"115870","JEVARO CENTRO ORIENTE S.A.C.","ESTACIÓN DE SERVICIOS / GRIFOS","UCAYALI","CORONEL PORTILLO","YARINACOCHA","AV. LAS PALMERAS ESQ. JR. JOSE GALVEZ MZ. 238 LT. 17","2026-08-08"
"115903","SERVICENTRO BRAMAR S.C.R.L.","ESTACIÓN DE SERVICIOS / GRIFOS","UCAYALI","CORONEL PORTILLO","CALLERIA","MANZANA G, LOTES 01, 02 Y 03 HABILITACION URBANA SANTA MARINA (INTERSECCION DE LA CALLE N°03 CON LA AV. LLOQUE YUPANQUI)","2026-08-07"
"115931","ALVAREZ PEREZ YURI EFRAIN","ESTACIÓN DE SERVICIOS / GRIFOS","LIMA","LIMA","CARABAYLLO","AV. UNIVERSITARIA S/N, MZ. A  LOTES 15 Y 16 PROGRAMA DE VIVIENDA LAS MERCEDES","2026-08-03"
"115946","INVERSIONES BRAYMAR E.I.R.L.","GASOCENTROS DE GLP","UCAYALI","CORONEL PORTILLO","CALLERIA","LOTES 1,2 Y 3 MANZANA G HABILITACION URBANA SANTA MARINA (INTERSECCION DE LA CALLE N°03 CON LA AV. LLOQUE YUPANQUI)","2026-07-30"
"115977","ALAN CRISTIAN QUISOCALA HUANCO","ESTACIÓN DE SERVICIOS / GRIFOS","PUNO","SAN ROMAN","JULIACA","AV. TACNA N° 895 ESQ. JR. BOLOGNESI","2026-08-08"
"115985","ESTACION DE SERVICIOS SAN JOSE ESPINAR CUSCO SRL","ESTACIÓN DE SERVICIOS / GRIFOS","AREQUIPA","CAYLLOMA","SAN ANTONIO DE CHUCA","MARGEN DERECHA DE LA CARRETERA AREQUIPA-JULIACA KM 16.7 Y KM 166 MZ H-LOTE 1-2","2026-08-08"
"115988","DACOR  GAS S.A.C.","ESTACIÓN DE SERVICIOS / GRIFOS","LIMA","HUARAL","CHANCAY","CARRETERA PANAMERICANA NORTE KM. 84","2026-08-08"
"116052","GRIFO FLOTANTE HNOS. BROWN CESAR S.A.C.","GRIFOS FLOTANTES","MADRE DE DIOS","TAMBOPATA","TAMBOPATA","MARGEN DERECHA DEL RIO MADRE DE DIOS (SECTOR PUERTO LA PASTORA)","2026-08-07"
"116056","ESTACIÓN DE SERVICIO WACRACHUCO","ESTACIÓN DE SERVICIOS / GRIFOS","HUANUCO","MARAÑON","HUACRACHUCO","AV. PROLONGACION 28 DE JULIO S/N","2026-08-07"
"116059","MAFECAM E.I.R.L.","ESTACIÓN DE SERVICIOS / GRIFOS","AREQUIPA","ISLAY","COCACHACRA","ASENTAMIENTO HUMANO CARAQUEN, MZ. B, LT. 01","2026-08-05"
"116061","GRIFOS HUAMELIN E.I.R.L.","ESTACIÓN DE SERVICIOS / GRIFOS","PUNO","HUANCANE","PUSI","CARRETERA JULIACA - HUANCANE KM. 15 + 650","2026-08-08"
"116076","GRIFO MAFER II EMPRESA INDIVIDUAL DE RESPONSABILIDAD LIMITADA-GRIFO MAFER II E.I.R.L.","ESTACIÓN DE SERVICIOS / GRIFOS","CUSCO","CUSCO","SAN JERONIMO","A.P.V. LA KANTUTA MZ. E LOTE 9","2026-08-07"
"116133","ESTACION Y MULTISERVICIOS ECOPETRO E.I.R.L.","ESTACIÓN DE SERVICIOS / GRIFOS","LORETO","MAYNAS","IQUITOS","P.J. SAN ANTONIO ETAPA 3RA MZ. D LT 1 CRUCE AV. SAN ANTONIO CON CALLE MISTI","2026-08-07"
"116182","BILCON GAS SOL S.A.C.","GASOCENTROS DE GLP","LIMA","LIMA","ATE","CARRETERA CENTRAL KM 14.5","2026-08-08"
"116202","TRANSPORTES A & P YANAVILVA E.I.R.L.","ESTACIÓN DE SERVICIOS / GRIFOS","LIMA","HUAROCHIRI","CUENCA","AV. PRINCIPAL ESQ. CON CALLE PORVENIR, C.P. SAN JOSÉ DE LOS CHORRILLOS","2026-07-30"
"116212","GRIFO RAMOS & NEGOCIOS E.I.R.L.","ESTACIÓN DE SERVICIOS / GRIFOS","CUSCO","PARURO","YAURISQUE","CARRETERA CUSCO - PARURO KM 30.5","2026-08-04"
"116239","CORPORACION LUBRISELVA EIRL","ESTACIÓN DE SERVICIOS / GRIFOS","AMAZONAS","UTCUBAMBA","BAGUA GRANDE","ESQUINA JR. LIMA 739 Y LA SALIDA A CAJARURO LOTE 4 MZ. E 11 SECTOR LA ESPERANZA","2026-08-08"
"116243","CENTROGAS IQUITOS S.A.C.","EE.SS con GLP y GNV","LIMA","LIMA","LA VICTORIA","AV. IQUITOS 967-969,973-979,983-989-993-997-999 Y AV. ISABEL LA CATÓLICA 201-203,221-229,233","2026-08-09"
"116263","GRIFO LAS BAMBAS E.I.R.L.","ESTACIÓN DE SERVICIOS / GRIFOS","CUSCO","CANCHIS","MARANGANI","CARRETERA CUSCO-AREQUIPA-PANAMERICANA SUR KM. 127, COMUNIDAD DE MAMUERA, SECTOR DENOMINADO ÑANPATA LURUCACHI","2026-08-07"
"116270","NANCY CARITA QUISPE","ESTACIÓN DE SERVICIOS / GRIFOS","PUNO","SAN ROMAN","JULIACA","AV. INDEPENDENCIA N° 1051 URB. AEROPUERTO - SALIDA A CUSCO","2026-08-01"
"116298","CIRA ZENAIDA BENITES DE CARRION","GASOCENTROS DE GLP","JUNIN","HUANCAYO","HUANCAYO","JR. LOS ANGELES Nº340 -346","2026-08-09"
"116335","GRUPO ECONOMICO REAL E.I.R.L.","ESTACIÓN DE SERVICIOS / GRIFOS","CUSCO","LA CONVENCION","SANTA ANA","VIA CIRCUNVALACION S/N","2026-07-30"
"116383","GRIFO Y SERVICIOS MAYLO E.I.R.L.","ESTACIÓN DE SERVICIOS / GRIFOS","PIURA","SECHURA","SECHURA","AV. BRASIL S/N SECTOR NOR ESTE DE SECHURA","2026-08-08"
"116395","INVERSIONES AMAYA MORALES SAC","ESTACIÓN DE SERVICIOS / GRIFOS","LIMA","LIMA","LURIGANCHO","AV. CARAPONGO MZ. H LOTE 1-2, URB. LOS TULIPANES DE CARAPONGO","2026-08-08"
"116412","ALEXANDERS ARRIAGA HUAMAN","ESTACIÓN DE SERVICIOS / GRIFOS","CUSCO","QUISPICANCHI","LUCRE","PISTA HUACARPAY - HUAMBUTIO CENTRO POBLADO ANEXO ILLAPATA","2026-08-07"
"116434","SERVICENTRO MI LIA EMPRESA INDIVIDUAL DE RESPONSABILIDAD LIMITADA","ESTACIÓN DE SERVICIOS / GRIFOS","CUSCO","LA CONVENCION","ECHARATE","CARRETERA ECHARATE-QUILLABAMBA, PREDIO SANTA ASUNTA, SECTOR CALCAPAMPA S/N","2026-08-07"
"116448","SERVICENTRO SANTA ELENA E.I.R.L.","ESTACIÓN DE SERVICIO CON GASOCENTRO DE GLP","LA LIBERTAD","TRUJILLO","SIMBAL","AV. SUPERACION Nº 106 KM. 27 CASERIO PEDREGAL","2026-08-08"
"116464","GAS PERU & J.B SOCIEDAD ANONIMA CERRADA","ESTACIÓN DE SERVICIO CON GASOCENTRO DE GLP","ICA","ICA","ICA","AV. PROLONGACIÓN MANUEL SANTANA CHIRI S/N","2026-08-08"
"116538","MARIO PELE MOSCOSO FLOREZ","ESTACIÓN DE SERVICIOS / GRIFOS","CUSCO","PAUCARTAMBO","KOSÑIPATA","CENTRO POBLADO DE PATRIA, AV. ANTONIO IWAKI S/N","2026-08-08"
"116563","SERVICENTRO SAN FRANCISCO L & E S.R.L.","ESTACIÓN DE SERVICIOS / GRIFOS","PUNO","MELGAR","UMACHIRI","AV. AREQUIPA S/N","2026-08-07"
"116621","GRIFOS SAN PETRUS II EMPRESA INDIVIDUAL DE RESPONSABILIDAD LIMITADA","ESTACIÓN DE SERVICIOS / GRIFOS","PUNO","LAMPA","CALAPUJA","KM. 11+150 CARRETERA JULIACA - CUSCO","2026-08-07"
"116645","INVERSIONES PETRONOR E.I.R.L","ESTACIÓN DE SERVICIOS / GRIFOS","LIMA","BARRANCA","SUPE PUERTO","CARRETERA PANAMERICANA NORTE KM. 187","2026-08-08"
"116734","SERVICENTRO LOS GEMELOS S.A.C.","ESTACIÓN DE SERVICIOS / GRIFOS","CUSCO","LA CONVENCION","ECHARATE","CARRETERA QUILLABAMBA-QUELLOUNO S/N, SECTOR CHAHUARES PREDIO CEBADILLAYOC","2026-08-04"
"116746","INVERSIONES SALCANI S.A.C.","ESTACIÓN DE SERVICIOS / GRIFOS","LIMA","CAÑETE","ASIA","MANZANA A LOTES 1 AL 4, URB. LAS CASUARINAS DE ASIA","2026-08-05"
"116752","SERVICENTRO BIZARRO","ESTACIÓN DE SERVICIOS / GRIFOS","PROV. CONST. DEL CALLAO","PROV. CONST. DEL CALLAO","VENTANILLA","AV. 200 Y AV. 150 IZQUIERDA, MZ. L¿2 LOTE 4, GRUPO RESIDENCIAL B4 SECTOR B PROYECTO PILOTO NUEVO PACHACUTEC","2026-08-08"
"116755","ESTACIÓN DE SERVICIO SAN ANTONIO","ESTACIÓN DE SERVICIOS / GRIFOS","LORETO","MAYNAS","IQUITOS","CALLE SAN ANTONIO CON CALLE AMAZONAS S/N MZ. 4, LOTES 1 Y 2","2026-08-07"
"116799","ESTACION DE SERVICIOS SARA S.R.L.","ESTACIÓN DE SERVICIOS / GRIFOS","CUSCO","CANCHIS","SICUANI","PISTA ASFALTADA SICUANI - CUSCO KM. 4.5 S/N","2026-08-07"
"116808","NEGOCIACION CULTURAL IMPORT S.A.C.","ESTACIÓN DE SERVICIOS / GRIFOS","UCAYALI","CORONEL PORTILLO","MANANTAY","AV. AGUAYTIA ESQUINA CON JR. PADRE AGUERRIZABAL MZ 43 LT 08","2026-08-08"
"116818","HEXAGAS S.A.","GASOCENTROS DE GLP","LA LIBERTAD","VIRU","VIRU","INTERSECCION CARRETERA PANAMERICA NORTE CON CA. LOS LAURELES S/N, SECTOR LOS LAURALES  CENTRO POBLADO PUENTE VIRU (ALTURA KM 518 CARRETERA PANAMERICA","2026-08-09"
"116829"," SERVICIOS MULTIPLES Y TRANSPORTES W.W.C. S.R.L. ","ESTACIÓN DE SERVICIOS / GRIFOS","LIMA","LIMA","ATE","CARRETERA CENTRAL KM 14.800 ESQUINA CON AV. GLORIA - GLORIA ALTA","2026-08-08"
"116872","AQUILINA HUAYAPA HUAJA","ESTACIÓN DE SERVICIOS / GRIFOS","PUNO","LAMPA","CALAPUJA","CARRETERA JULIACA - CUSCO KM. 11+900 COMUNIDAD CHINGORA, FRACCION PARCELA A-83","2026-08-08"
"116882","LA CENTRAL ESTACIONES Y SERVICIOS S.A.C.","ESTACIÓN DE SERVICIO CON GASOCENTRO DE GLP","ANCASH","SANTA","NUEVO CHIMBOTE","HUP LAS FLORES MZ. K LOTE 03","2026-08-08"
"116981","ESTACION DE SERVICIOS GRUPO A&T PERU SOCIEDAD ANONIMA CERRADA","ESTACIÓN DE SERVICIO CON GASOCENTRO DE GLP","ICA","PISCO","SAN CLEMENTE","SECTOR BANDIN PREDIO C.P. PARCELA 091 U.C. 05803 VIA LOS LIBERTADORES (ALTURA DEL KM 07 DE LA VIA LOS LIBERTADORES)","2026-08-09"
"116990","ERASMO CONDORI QUISPE ","ESTACIÓN DE SERVICIOS / GRIFOS","CUSCO","QUISPICANCHI","CAMANTI","CARRETERA INTEROCEANICA QUINCEMIL-MAZUKO, PREDIO U.C. 313283, SECTOR QUINCEMIL-PRIMAVERAL (VALLE ARAZA-CARRETERA URCOS-PUENTE INAMBARI)","2026-08-03"
"116999","CORPORACION OIL GEMS S.A.C.","ESTACIÓN DE SERVICIO CON GASOCENTRO DE GLP","LIMA","HUARAL","CHANCAY","CARRETERA PANAMERICANA NORTE KM 97.20","2026-08-08"
"117064","SERRANO NINA PAVEL","ESTACIÓN DE SERVICIOS / GRIFOS","CUSCO","LA CONVENCION","ECHARATE","MANZANA F- 1 LOTES N° 5 Y N° 6. CENTRO POBLADO DE IVOCHOTE","2026-08-08"
"117072","ESTACIÓN DE SERVICIOS LA COLONIA","ESTACIÓN DE SERVICIOS / GRIFOS","PASCO","OXAPAMPA","POZUZO","AV. LOS COLONOS N° 820","2026-08-07"
"117106","SERVICIOS DIESEL EXPRESS EIRL","GRIFOS FLOTANTES","PIURA","PAITA","PAITA","BAHIA DE PAITA","2026-07-31"
"117167","CGHL SAC","ESTACIÓN DE SERVICIO CON GASOCENTRO DE GLP","LA LIBERTAD","TRUJILLO","TRUJILLO","AV. FEDERICO VILLARREAL N° 2010 CALLE S/N URB. SEMIRUSTICA EL BOSQUE, MZ. V LT 01-A","2026-08-08"
"117169","GRUPO CONSORCIO CARI S.A.C.","ESTACIÓN DE SERVICIOS / GRIFOS","PUNO","SAN ROMAN","JULIACA","KM. 11+000 CARRETERA JULIACA - CUSCO SECTOR MUCRA I LOTE A-36-B","2026-08-08"
"117214","GRIFO  APLAO","ESTACIÓN DE SERVICIOS / GRIFOS","AREQUIPA","CASTILLA","APLAO","CARRETERA PRINCIPAL CASPARI - APLAO","2026-07-24"
"117245","CORPORACION SUMAQKILLA SOCIEDAD COMERCIAL DE RESPONSABILIDAD LIMITADA","ESTACIÓN DE SERVICIO CON GASOCENTRO DE GLP","HUANUCO","DOS DE MAYO","PACHAS","CARRETERA HUANUCO LA UNION BARRIO HOSPITAL","2026-08-09"
"117288","SERVICENTRO QUIMLLO E.I.R.L.","ESTACIÓN DE SERVICIO CON GASOCENTRO DE GLP","HUANCAVELICA","TAYACAJA","ACOSTAMBO","CARRETERA CENTRAL S/N BARRIO PROGRESO","2026-08-08"
"117307","INVERSIONES AMSI S.A.C.","ESTACIÓN DE SERVICIOS / GRIFOS","LORETO","MAYNAS","IQUITOS","JR. CESAR CALVO DE ARAUJO ESQUINA CON CALLE MANCO CAPAC","2026-08-08"
"117322","GLODY ZUÑIGA SANCHEZ ","ESTACIÓN DE SERVICIO CON GASOCENTRO DE GLP","LIMA","CANTA","SANTA ROSA DE QUIVES","CENTRO POBLADO COCAYALTA, CARRETERA LIMA-CANTA, KM. 48.5 CON JR. JESUS DE NAZARET","2026-08-03"
"117333","ESTACION DE SERVICIO SANTA MARIA DE LA COLINA S.R.L.","ESTACIÓN DE SERVICIOS / GRIFOS","AREQUIPA","CAYLLOMA","MAJES","LOTE G-466-A, SECTOR PEDREGAL, SECCIÓN A, 1RA ETAPA PROYECTO ESPECIAL MAJES - SIGUAS","2026-08-09"
"117341","GRIFO SHAMBOYACU S.A.C.","ESTACIÓN DE SERVICIOS / GRIFOS","SAN MARTIN","PICOTA","SHAMBOYACU","MZ. C LOTE 1, ESQUINA ENTRE JR. ADRIAN PAREDES (CARRETERA DE ACCESO A NUEVO LORETO) CON JR. DORIS MUÑOZ S/N, BARRIO LA UNION","2026-08-06"
"117350","ESTACION DE SERVICIOS PANCHUMAYO SOCIEDAD ANONIMA CERRADA","ESTACIÓN DE SERVICIOS / GRIFOS","CUSCO","LA CONVENCION","ECHARATE","CARRETERA QUILLABAMBA-CHAHUARES, PREDIO ÑUSTAYOC, SECTOR SAHUAYACO","2026-08-07"
"117353","GRUPO HUACHIPA GAS E.I.R.L.","ESTACIÓN DE SERVICIO CON GASOCENTRO DE GLP","HUANUCO","HUANUCO","CHINCHAO","CARRETERA MARGINAL HUANUCO - TINGO MARIA KM. 8 HUACHIPA","2026-08-09"
"117371","MULTISERVICIOS E INVERCIONES  ANDERSON EIRL","ESTACIÓN DE SERVICIO CON GASOCENTRO DE GLP","HUANUCO","HUAMALIES","LLATA","PARCELA 3 SECTOR SAN CRISTOBAL CARRETERA DE LLATA A SINGA","2026-08-07"
"117415","GRIFO RODAS S.A.C.","ESTACIÓN DE SERVICIOS / GRIFOS","JUNIN","CHANCHAMAYO","SAN LUIS DE SHUARO","CARRETERA CENTRAL ANEXO PUENTE CAPELO S/N.","2026-08-07"
"117443","ENERGIGAS S.A.C.","EE.SS con GLP y GNV","PROV. CONST. DEL CALLAO","PROV. CONST. DEL CALLAO","CALLAO","AV. GUARDIA CHALACA MZ. 24 LOTE 17, ESQUINA CON AV. SAENZ PEÑA, URB. SANTA MARIA","2026-08-09"
"117590","ENERGIGAS SAC","EE.SS con GLP y GNV","LIMA","LIMA","LURIN","PREDIO RURAL SAN PEDRO LOTE UNICO, VALLE DE LURIN, ANTIGUA PANAMERICANA SUR, KM. 34.5","2026-08-08"
"117631","ESTACION DE SERVICIOS FLORES","ESTACIÓN DE SERVICIO CON GASOCENTRO DE GLP","PASCO","DANIEL ALCIDES CARRION","YANAHUANCA","CARRETERA YANAHUANCA - OYON KM. 3.5 Y CARRETERA HUARAUTAMBO-YANAHUANCA","2026-08-07"
"117662","NORPETROL SCRL","ESTACIÓN DE SERVICIOS / GRIFOS","PIURA","PIURA","CASTILLA","CARRETERA A CHAPAIRA PREDIO N° 17235 SECTOR CHAPAIRA","2026-08-07"
"117723","COESTI S.A","ESTACIÓN DE SERVICIOS / GRIFOS","PIURA","PIURA","PIURA","PREDIO COSCOMBA, SECTOR COSCOMBA. ASOCIACION SANTA LUCIA, CARRETERA INTEROCEANICA PIURA-PAITA KM. 04","2026-08-09"
"117724","GRIFO SANTACRUZ","ESTACIÓN DE SERVICIOS / GRIFOS","PUNO","EL COLLAO","SANTA ROSA","CARRETERA PANAMERICANA ILO - DESAGUADERO ESQ. AV. EL EJERCITO","2026-08-07"
"117758","FULGAS PLANTA ENVASADORA DE GLP S.A.","ESTACIÓN DE SERVICIOS / GRIFOS","HUANUCO","LEONCIO PRADO","LUYANDO","SECTOR NARANJILLO KM. 6.0 CARRETERA TINGO MARÍA - PUCALLPA","2026-08-08"
"117789","COMPAÑIA PERUANA DE PETROLEO GAS Y GASOLINA SAC","ESTACIÓN DE SERVICIO CON GASOCENTRO DE GLP","LA LIBERTAD","TRUJILLO","TRUJILLO","ESQUINA AV. TUPAC AMARU CON CALLE SAN MARTIN, MZ. E SUB LOTES 1A Y 1B SECTOR 2, CENTRO URBANO INFORMAL ALTO MOCHICA","2026-08-08"
"117818","ESTACIÓN DE SERVICIOS GRIFO LOMAS R & M S.A.C.","ESTACIÓN DE SERVICIOS / GRIFOS","AREQUIPA","CARAVELI","LOMAS","URB. COSTA AZUL, MANZANA Y, LOTE N° 2 DE LA AMPLIACIÓN","2026-08-03"
"117933","GRIFO FLOTANTE PATITO II E.I.R.L.","GRIFOS FLOTANTES","LORETO","MAYNAS","IQUITOS","MARGEN DERECHA DEL RIO ITAYA","2026-08-04"
"117936","GRIFO TEODOLINDA E.I.R.L.","ESTACIÓN DE SERVICIOS / GRIFOS","LIMA","BARRANCA","SUPE PUERTO","CARRETERA PANAMERICANA NORTE, LA PALMA, SECTOR PAMPA VELARDE","2026-08-06"
"118085","ESTACION DE SERVICIOS SR. DE LA CUMBRE E.I.R.L.","ESTACIÓN DE SERVICIOS / GRIFOS","CUSCO","QUISPICANCHI","OCONGATE","PREDIO RUSTICO 'TABLA TABLA' FRACCION DEL PREDIO CON U.C. 089771 SECTOR HUECO UNO VALLE MAPACHO","2026-08-07"
"118113","ESCOH S.A.C.","ESTACIÓN DE SERVICIO CON GASOCENTRO DE GLP","LIMA","CAÑETE","SAN VICENTE DE CAÑETE","AUTOPISTA IMPERIAL - SAN VICENTE (ALTURA KM. 4.00), AV. MARISCAL BENAVIDES SUB LOTE 1B","2026-08-08"
"118132","MARITIMA PETROLINE S.A.C. ","GRIFOS FLOTANTES","PROV. CONST. DEL CALLAO","PROV. CONST. DEL CALLAO","CALLAO","BAHIA DEL CALLAO","2026-08-03"
"118133","INVERSIONES GALVEZ S.A.C.","ESTACIÓN DE SERVICIO CON GASOCENTRO DE GLP","LA LIBERTAD","TRUJILLO","HUANCHACO","VIA DE EVITAMIENTO S/N PREDIO VALDIVIA, LT. UC-D-03, UC-D-04, UC-D-05 Y UC-D-06 SECTOR VALDIVIA","2026-08-09"
"118147","CONSUR PERU E.I.R.L.","ESTACIÓN DE SERVICIOS / GRIFOS","ANCASH","HUARAZ","HUARAZ","AV. CONFRATERNIDAD INTERNACIONAL OESTE N° 1741, VILLON BAJO","2026-08-08"
"118184","ESTACION DE SERVICIOS GRUPO LAS BAMBAS S.R.L.","ESTACIÓN DE SERVICIOS / GRIFOS","APURIMAC","COTABAMBAS","CHALLHUAHUACHO","MZ. H LOTE 18, 19, 20 ASOCIACION PRO VIVIENDA SAN MARCO DE SEOANE CORRALES","2026-08-06"
"118240","ADMINISTRACION DE GRIFOS LYLONE SAC","EE.SS con GLP y GNV","LIMA","LIMA","CARABAYLLO","AV. UNIVERSITARIA CRUCE CON AV. MANUEL PRADO MZ. B LOTE 04,05,06,07 Y 08 PROGRAMA DE VIVIENDA SANTA ROSA","2026-08-08"
"118280","INVERSIONES ELCHER S.A.C.","ESTACIÓN DE SERVICIO CON GASOCENTRO DE GLP","LIMA","LIMA","PUENTE PIEDRA","AV. SANTA ROSA MZ. D, LOTE 01 - ASOCIACION DE PROPIETARIOS LOS PARRALES DE PUENTE PIEDRA","2026-08-08"
"118323","INVERSIONES DAZU E.I.R.L.","ESTACIÓN DE SERVICIOS / GRIFOS","JUNIN","CONCEPCION","COMAS","AV. FRANCISCO IRAZOLA S/N","2026-07-13"
"118480","PETROMORO S.A.C.S","ESTACIÓN DE SERVICIOS / GRIFOS","PUNO","PUNO","PAUCARCOLLA","JR. PROGRESO S/N C.POBLADO. SANTA BARBARA DE MORO","2026-08-07"
"118599","URBANO CALIXTO HUANCA","ESTACIÓN DE SERVICIO CON GASOCENTRO DE GLP","HUANUCO","LEONCIO PRADO","JOSE CRESPO Y CASTILLO","LOTE 10 A ALTURA DEL KM 1 CARRETERA FERNANDO BELAUNDE TERRY - AUCAYACU","2026-08-07"
"118642","SERVICIOS GENERALES SIBER SAC","ESTACIÓN DE SERVICIO CON GASOCENTRO DE GLP","PASCO","PASCO","VICCO","LOTE1 MZ. X1 AV. 12 DE MAYO COMUNIDAD CAMPESINA COCHAMARCA.","2026-08-08"
"118693","NEGOCIACIONES & COMBUSTIBLES OSBERAL S.A.C.","ESTACIÓN DE SERVICIO CON GASOCENTRO DE GLP","LIMA","LIMA","LURIGANCHO","MZ. A LOTE 1, URB. LOS TULIPANES","2026-08-08"
"118756","CORPORACION AYRE SOCIEDAD ANONIMA CERRADA","ESTACIÓN DE SERVICIOS / GRIFOS","JUNIN","CHANCHAMAYO","PERENE","CARRETERA MARGINAL KM. 27 - VIA CHANCHAMAYO - SATIPO","2026-08-07"
"118765","GAVILAN DEL ORIENTE","ESTACIÓN DE SERVICIOS / GRIFOS","AMAZONAS","BAGUA","BAGUA","INTERSECCION AV. HEROES DEL CENEPA Y JR. TACNA","2026-08-09"
"118770","SERVICENTRO CAMANTINO EMPRESA INDIVIDUAL DE RESPONSABILIDAD LIMITADA","ESTACIÓN DE SERVICIOS / GRIFOS","CUSCO","QUISPICANCHI","CAMANTI","SECTOR YANAMAYO (PREDIO SANTA ISABEL)","2026-08-07"
"118797","INVERSIONES MABAL S.C.R.L.","ESTACIÓN DE SERVICIOS / GRIFOS","TACNA","JORGE BASADRE","ILABAYA","AV. TACNA S/N CRUCE ILABAYA TICAPAMPA CPM MIRAVE","2026-08-07"
"118799","GRIFO CHAMA","ESTACIÓN DE SERVICIOS / GRIFOS","LIMA","LIMA","VILLA EL SALVADOR","LOTE25,MZ.N¿, AGRUPAMIENTO PACHACAMAC,SECTOR SEGUNDO,PARCELAA/BARRIO1(ALT.INTERSECC DE LAS AV.SEPARADORA INDUSTRIAL Y AV.PROLONGACION UNIVERSITARIA)","2026-08-08"
"118823","GRIFO CONCEPCION","ESTACIÓN DE SERVICIOS / GRIFOS","CUSCO","LA CONVENCION","ECHARATE","AV. LAS PALMERAS MZ. Ñ LOTES 8, 9 Y 10-COMUNIDAD PAMPA CONCEPCIÓN","2026-07-29"
"118862","ESTACION DE SERVICIOS PETRO SELVA S.A.C.","ESTACIÓN DE SERVICIOS / GRIFOS","SAN MARTIN","TOCACHE","UCHIZA","CASERÍO SAN JUAN DE PORONGO S/N (REF. SUMINISTRO 126379)","2026-08-08"
"118916","GRIFO MAMANCHURA S.A.C.","ESTACIÓN DE SERVICIOS / GRIFOS","PUNO","PUNO","PICHACANI","JR. AUGUSTO B. LEGUIA N°603, ESQUINA CON JR. LOS INCAS","2026-08-06"
"118921","GRIFO VIRGEN DE LAS MERCEDES S.A.C.","ESTACIÓN DE SERVICIOS / GRIFOS","AREQUIPA","CARAVELI","CHAPARRA","KM 43 DE LA CARRETERA CHAPARRA - QUICACHA","2026-08-09"
"118970","PETROINKA ENERGY S.R.L.","ESTACIÓN DE SERVICIOS / GRIFOS","CUSCO","LA CONVENCION","CIELO PUNCO","CARRETERA TRONCAL KIMBIRI  KEPASHIATO  CENTRO POBLADO CHIRUMPIARI","2026-08-01"
"119011","SERVICENTRO MAURI S.A.C.","GRIFOS FLOTANTES","UCAYALI","CORONEL PORTILLO","CALLERIA","MARGEN DERECHA DEL RIO UCAYALI","2026-08-07"
"119018","SONIA TRUJILLO ESPINOZA","ESTACIÓN DE SERVICIOS / GRIFOS","ANCASH","HUARI","HUARI","CARRETERA POMACHACA - HUARI, CP YACYA, POMACHACA","2026-08-06"
"119078","GRIFO JOSE OLAYA E.I.R.L.","ESTACIÓN DE SERVICIO CON GASOCENTRO DE GLP","JUNIN","HUANCAYO","EL TAMBO","AV. FERROCARRIL Nº 2368, 2372, 2374.","2026-08-09"
"119112","ESTACION DE SERVICIOS  UNO GAS","EE.SS con GLP y GNV","ICA","ICA","ICA","CALLE JOSE DE LA TORRE UGARTE Y AV FERNANDO LEON ARECHUA N° 281","2026-08-08"
"119126","ESTACIONES DE SERVICIO CESAR","ESTACIÓN DE SERVICIO CON GASOCENTRO DE GLP","HUANUCO","LEONCIO PRADO","LUYANDO","CARRETERA FERNANDO BELAUNDE TERRY KM 3 MZ 056 LOTE 10 URB. NUEVA ESPERANZA","2026-08-05"
"119134","GRIFO COLONIZACION","ESTACIÓN DE SERVICIOS / GRIFOS","UCAYALI","CORONEL PORTILLO","CALLERIA","AA.HH. 9 DE OCTUBRE MANZANA 39 LOTE 1 SECTOR 9 DE OCTUBRE (ESQUINA AV. LLOQUE YUPANQUI Y LA AV. COLONIZACION)","2026-08-08"
"119159","INVERSIONES RISC & SAN ISIDRO EIRL","ESTACIÓN DE SERVICIOS / GRIFOS","ANCASH","SANTA","CHIMBOTE","CENTRO POBLADO VINZOS, AA.HH. EL PEDREGAL MZA. O LOTES 07 Y 08 (ALTURA KM 22 DE LA CARRETERA SANTA-HUALLANCA) MARGEN DERECHO","2026-08-04"
"119173","JL COMBUSTIBLES E.I.R.L.","GRIFOS FLOTANTES","LORETO","MARISCAL RAMON CASTILLA","YAVARI","MARGEN DERECHA DEL RIO AMAZONAS, LOCALIDAD DE SANTA ROSA","2026-08-05"
"119198","GRIFO OLITA","ESTACIÓN DE SERVICIOS / GRIFOS","SAN MARTIN","RIOJA","NUEVA CAJAMARCA","ESQUINA DE JR. UCRANIA CON JR. RICARDO PALMA","2026-08-04"
"119199","FIORELLA ZEIDA JULCARIMA AGUILAR","ESTACIÓN DE SERVICIOS / GRIFOS","JUNIN","SATIPO","RIO TAMBO","AV. TENIENTE MEJIA CON CALLE S/N CENTRO POBLADO VILLA JUNIN","2026-08-04"
"119202","LOZADA SEMINARIO GEORGINA ELENA","ESTACIÓN DE SERVICIOS / GRIFOS","PIURA","MORROPON","CHULUCANAS","CARRETERA CHULUCANAS-YAPATERA KM. 1.2 SECTOR CACAO BAJO","2026-07-30"
"119215","NEGOCIOS CORPORATIVOS MB S.A.C.","ESTACIÓN DE SERVICIOS / GRIFOS","AYACUCHO","VILCAS HUAMAN","VILCAS HUAMAN","AV. HALCON SAGRADO S/N- 5TA CUADRA, BARRIO CRUZ PATA, POCHCCO SANCAYA","2026-07-30"
"119217","PRIMAX HUANCAHUASI","ESTACIÓN DE SERVICIO CON GASOCENTRO DE GLP","HUANUCO","AMBO","AMBO","CASERIO HUANCAHUASI DEL CENTRO POBLADO JUAN JOSE CRESPO Y CASTILLO -AYANCOCHA","2026-08-08"
"119255","GRIFO MULTISERVICIOS ALELUYA S.A.C.","ESTACIÓN DE SERVICIOS / GRIFOS","AMAZONAS","LUYA","LUYA","KM. 0.9 DE LA CARRETERA A LA LOCALIDAD DE LUYA-SECTOR EL MOJON","2026-08-03"
"119354","INVERSIONES Y SERVICIOS GENERALES WAL MAR E.I.R.L.","ESTACIÓN DE SERVICIOS / GRIFOS","CAJAMARCA","SAN PABLO","SAN PABLO","AV. JULIAN CRUZADO N° 638","2026-08-07"
"119360","GRIFO ANCASH E.I.R.L.","ESTACIÓN DE SERVICIOS / GRIFOS","ANCASH","YUNGAY","YUNGAY","JR. 10 DE ENERO S/N BARRIO ANCASH, CENTRO POBLADO TUMPA","2026-08-01"
"119383","GRUPO AMELIA E.I.R.L.","ESTACIÓN DE SERVICIO CON GASOCENTRO DE GLP","LA LIBERTAD","PACASMAYO","GUADALUPE","AV. INDUSTRIAL Nº 324 LOTE 07","2026-08-09"
"119395","ESTACION LYRA E.I.R.L.","ESTACIÓN DE SERVICIOS / GRIFOS","LORETO","MAYNAS","IQUITOS","JR. MOORE N° 1180","2026-08-08"
"119417","PETROLCENTER SAC","ESTACIÓN DE SERVICIOS / GRIFOS","CUSCO","ESPINAR","ESPINAR","PUEBLO JOVEN ANTAPAMPA, MZ. Ñ-1 LOTE 5","2026-08-07"
"119450","ESTACION DE SERVICIOS CURO","ESTACIÓN DE SERVICIOS / GRIFOS","PIURA","SECHURA","SECHURA","CARRETERA SECHURA BAYOVAR KM 52.6","2026-07-30"
"119523","ENERGIGAS S.A.C.","ESTACIÓN DE SERVICIO CON GASOCENTRO DE GLP","ANCASH","SANTA","CHIMBOTE","PUEBLO JOVEN FLORIDA BAJA MZA. R LOTES 1A Y 1B (ESQ. AV. ENRIQUE MEIGGS Y JR. TACNA)","2026-08-08"
"119556","GRIFO AMIGO S.A","ESTACIÓN DE SERVICIO CON GASOCENTRO DE GLP","LA LIBERTAD","TRUJILLO","TRUJILLO","AV. TUPAC AMARU N° 1790, MZ. A LOTE N° 1, SECTOR ALTO MOCHICA","2026-08-07"
"119579","GRIFO SR. DE TORRECHAYOC","ESTACIÓN DE SERVICIOS / GRIFOS","CUSCO","URUBAMBA","MARAS","PREDIO RUSTICO PATACHIRAYOC, COMUNIDAD CAMPESINA CCOLLANAS PILLIRAY, PISTA CUSCO-URUBAMBA","2026-07-31"
"119589","MEJIA BERRU KAREN ELAINE","ESTACIÓN DE SERVICIOS / GRIFOS","PIURA","MORROPON","CHULUCANAS","SUB LOTE 88025-A CENTRO POBLADO PACCHA (A 10.20 KM. DE CHULUCANAS)","2026-08-07"
"119600","ESTACION DE SERVICIOS ANDAHUASI S.A.C.","EE.SS con GLP y GNV","LIMA","HUAURA","SAYAN","AV, HUAURA-SAYAN LOTE 100 ESQ CON CALLE SANTIAGO CORNEJO LOPEZ CP SAN JUAN DE CAÑAS","2026-08-08"
"119602","ESTACION DE SERVICIOS J.W.D. E.I.R.L.","ESTACIÓN DE SERVICIO CON GASOCENTRO DE GLP","PIURA","SULLANA","MARCAVELICA","CARRETERA PANAMERICANA SULLANA TALARA KM. 1027 CENTRO POBLADO MALLARITOS","2026-08-05"
"119625","ESTACION DE SERVICIOS PETRONORTE","ESTACIÓN DE SERVICIOS / GRIFOS","LA LIBERTAD","OTUZCO","OTUZCO","AV. TRUJILLO N° 173","2026-08-05"
"119632","ESTACION LYRA E.I.R.L.","ESTACIÓN DE SERVICIOS / GRIFOS","LORETO","MAYNAS","IQUITOS","JR RICARDO PALMA 698 MZ C LOTE 13 PUEBLO JOVEN RICARDO PALMA, PRIMERA ETAPA","2026-08-07"
"119635","FULGAS PLANTA ENVASADORA DE GLP S.A.","GASOCENTROS DE GLP","HUANUCO","LEONCIO PRADO","LUYANDO","SECTOR NARANJILLO KM 6.0 CARRETERA TINGO MARIA - PUCALLPA","2026-08-08"
"119684","ESTACION DE SERVICIOS SAN JOSE ESPINAR CUSCO S.R.L","ESTACIÓN DE SERVICIO CON GASOCENTRO DE GLP","AREQUIPA","AREQUIPA","CERRO COLORADO","AV. PERÚ S/N MZA. A, LOTES 5 Y 6","2026-08-07"
"119705","XACT PERU S.A.C.","ESTACIÓN DE SERVICIOS / GRIFOS","LIMA","BARRANCA","BARRANCA","LOTE DE TERRENO 259 PAMPAS DE VELARDE","2026-08-08"
"119737","ESTACION DE SERVICIOS SAN JOSE ESPINAR CUSCO SRL","ESTACIÓN DE SERVICIOS / GRIFOS","CUSCO","ESPINAR","ESPINAR","AV. AREQUIPA S/N CARRETERA ESPINAR TINTAYA MZA. K LOTE 11","2026-08-04"
"119783","COMERCIALIZADORA DASHA S.A.C.","GRIFOS FLOTANTES","LORETO","MARISCAL RAMON CASTILLA","YAVARI","MARGEN DERECHA DEL RIO AMAZONAS, LOCALIDAD ISLA SANTA ROSA","2026-08-04"
"119818","CONTRATISTA E INVERSIONES PUNTA OLÍMPICA E.I.R.L.","ESTACIÓN DE SERVICIOS / GRIFOS","ANCASH","ASUNCION","ACOCHACA","CARR. CHACAS SAN LUIS KM. 89.74 ANEXO TUMA","2026-08-01"
"119850","ESTACION DE SERVICIOS LUCIANA","ESTACIÓN DE SERVICIOS / GRIFOS","APURIMAC","ANDAHUAYLAS","ANDAHUAYLAS","AV. CONFRATERNIDAD N° 180","2026-08-03"
"119871","CORPORACION PERUANA DE COMERCIO Y SERVICIOS S.A.C.","ESTACIÓN DE SERVICIOS / GRIFOS","LIMA","HUAROCHIRI","SAN ANTONIO","AV. UNION JICARMARCA S/N MZ. N2 LT. 09 Y 10, AGRUPACION DE POBLADORES SECTOR NORTE, PARTE ALTA, ANEXO 8","2026-08-05"
"119978","ESTACION DE SERVICIOS BINACIONAL E.I.R.L","ESTACIÓN DE SERVICIOS / GRIFOS","PUNO","CHUCUITO","JULI","AV. PANAMERICANA SUR N°244 URB. FORTALEZA PUCARA","2026-08-05"
"119987","ANDREE G & C SOCIEDAD ANONIMA CERRADA- ANDREE G & C S.A.C.","ESTACIÓN DE SERVICIOS / GRIFOS","CUSCO","QUISPICANCHI","OROPESA","CARRETERA CUSCO - URCOS, SECTOR OROPESA","2026-08-08"
"119998","ESTACION DE SERVICIOS YOLITA S.A.C. ","ESTACIÓN DE SERVICIO CON GASOCENTRO DE GLP","LIMA","HUAURA","HUACHO","AV. MERCEDES INDACOCHEA 201","2026-08-08"
"120066","ESTACION DE SERVICIOS EL CARIBE SAC","ESTACIÓN DE SERVICIO CON GASOCENTRO DE GLP","LAMBAYEQUE","LAMBAYEQUE","LAMBAYEQUE","CARRETERA PANAMERICANA NORTE KM 778+500 - SECTOR LA TINA","2026-08-08"
"120068","ESTACION DE SERVICIOS NESTOR RAMIREZ PALACIOS S.R.L","ESTACIÓN DE SERVICIOS / GRIFOS","PIURA","HUANCABAMBA","HUANCABAMBA","CASERIO JIMACA CARRETERA A SAPALACHE","2026-08-04"
"120092","GRIFO AYACCOCHA E.I.R.L.","ESTACIÓN DE SERVICIOS / GRIFOS","HUANCAVELICA","HUANCAVELICA","ACORIA","AV. JOSÉ CARLOS MARIÁTEGUI S/N Y CRUCE A CCACCASIRI DEL CENTRO POBLADO DE AYACCOCHA","2026-08-05"
"120106","ESTACION DE SERVICIOS CHRISMAR EIRL.","ESTACIÓN DE SERVICIO CON GASOCENTRO DE GLP","JUNIN","CHANCHAMAYO","CHANCHAMAYO","AV. FRAY JERONIMO JIMENEZ MZ. C LOTES 01 AL 05, 17, 18 SECTOR R. LOTIZACION CITSELVA - SAN CARLOS","2026-08-09"
"120129","ESTACION DE SERVICIO LA FLORIDA LOS LUNAS S.A.C.","ESTACIÓN DE SERVICIO CON GASOCENTRO DE GLP","ICA","ICA","LA TINGUIÑA","AV. FINLANDIA - LOS LUNAS N° 713 MZ. F LOTE 1 ZONA 6","2026-08-08"
"120148","SERGAS","ESTACIÓN DE SERVICIO CON GASOCENTRO DE GLP","LIMA","BARRANCA","SUPE","CARRETERA PANAMERICANA NORTE KM. 185","2026-08-07"
"120149","GRIFO PAKAY S.R.L.","ESTACIÓN DE SERVICIOS / GRIFOS","PIURA","AYABACA","PACAIPAMPA","CALLE UNION S/N","2026-08-03"
"120156","SERVICENTRO SANTA ROSA EIRL","ESTACIÓN DE SERVICIOS / GRIFOS","ICA","NAZCA","MARCONA","PP.JJ. TUPAC AMARU MZ. Q LOTE 03 - COMITE 5","2026-08-07"
"120162","HORTENCIO CARRASCO TORRES","ESTACIÓN DE SERVICIOS / GRIFOS","PIURA","HUANCABAMBA","HUARMACA","AV. RAMON CASTILLA S/N CUADRA 03 CASERIO CUCHUPAMPA","2026-07-31"
"120260","SERVICENTRO FABIO","ESTACIÓN DE SERVICIOS / GRIFOS","LORETO","MAYNAS","IQUITOS","JR. CESAR CALVO DE ARAUJO ESQUINA CON CALLE ESTADO DE ISRAEL","2026-08-08"
"120262","ESTACION DE SERVICIOS DIEGO CUBA E.I.R.L.","ESTACIÓN DE SERVICIOS / GRIFOS","LA LIBERTAD","SANCHEZ CARRION","HUAMACHUCO","AV. VIA EVITAMIENTO NORTE N°1800 (ESQUINA CON PASAJE MALLORCA S/N)","2026-08-07"
"120264","GRIFO LA DOXA E.I.R.L.","ESTACIÓN DE SERVICIO CON GASOCENTRO DE GLP","ANCASH","SANTA","NUEVO CHIMBOTE","A.H. VILLA SAN LUIS I ETAPA MZ. A LT. 1","2026-08-08"
"120331","PETROSERVICIOS & CONSTRUCTORA RAMIREZ S.R.L.","ESTACIÓN DE SERVICIOS / GRIFOS","ANCASH","CARHUAZ","YUNGAR","CARRETERA CENTRAL HUARAZ  CARAZ S/N SECTOR CARIAN","2026-08-07"
"120340","GRIFO ROJAS E.I.R.L.","ESTACIÓN DE SERVICIOS / GRIFOS","SAN MARTIN","PICOTA","SAN HILARION","CARRETERA FERNANDO BELAUNDE TERRY KM 75","2026-08-07"
"120360","CORPORACION PONCE HERMANOS SOCIEDAD ANONIMA CERRADA ","ESTACIÓN DE SERVICIOS / GRIFOS","PUNO","CHUCUITO","POMATA","CARRETERA PANAMERICANA PUNO - DESAGUADERO KM. 1465+740","2026-08-07"
"120374","GRIFOS SANTA YSABEL","ESTACIÓN DE SERVICIO CON GASOCENTRO DE GLP","LAMBAYEQUE","CHICLAYO","CHICLAYO","AV. ELVIRA GARCIA Y GARCIA / CALLE CAJAMARCA 398","2026-08-07"
"120502","RENSO & RUTH INVERSIONES ASOCIADAS S.A.C.","ESTACIÓN DE SERVICIOS / GRIFOS","LIMA","CAÑETE","MALA","ANTIGUA PANAMERICANA SUR PARCELA UC 02547-A","2026-08-07"
"120515","HAMMER ENERGY SAC","ESTACIÓN DE SERVICIOS / GRIFOS","LAMBAYEQUE","CHICLAYO","POMALCA","AV. 3 CON AV. APOLINARIO SALCEDO Y CON CALLE 7 MZ. K LOTE 08 SECTOR 25, SAN BORJA","2026-08-09"
"120551","DELTA YARINACOCHA E.I.R.L.","ESTACIÓN DE SERVICIO CON GASOCENTRO DE GLP","UCAYALI","CORONEL PORTILLO","YARINACOCHA","AV. YARINACOCHA N° 2001, 2022, 2044 - PUERTO CALLAO","2026-08-08"
"120556","INVERSIONES Y SERVICIOS ALEX & LALITO EIRL","ESTACIÓN DE SERVICIOS / GRIFOS","LAMBAYEQUE","CHICLAYO","JOSE LEONARDO ORTIZ","AV. EUFEMIO LORA Y LORA N° 2450","2026-08-08"
"120564","JULIAN ROSARIO DIAZ ALVA","ESTACIÓN DE SERVICIOS / GRIFOS","LIMA","HUARAL","HUARAL","CARRETERA CHANCAY KM 7.35","2026-08-03"
"120572","GRIFOS SEÑOR DE CCOYLLORRITTY PATRICIO Y DIEGO E I R L","ESTACIÓN DE SERVICIOS / GRIFOS","CUSCO","LA CONVENCION","ECHARATE","NUEVO AMANECER, SECTOR OZONAMPIATO, CENTRO POBLADO DE KEPASHIATO","2026-08-07"
"120578","GUILLERMO CURI YAURI","ESTACIÓN DE SERVICIOS / GRIFOS","ANCASH","RECUAY","PAMPAS CHICO","CARRETERA PATIVILCA  HUARAZ KM 120","2026-08-04"
"120596","GRIFOS GUEVARA","ESTACIÓN DE SERVICIOS / GRIFOS","PUNO","EL COLLAO","PILCUYO","AV. CHASQUI - CACHIPUCARA MZ. W LOTE 01","2026-08-04"
"120617","GRIFOS CESAR CONDORI S.A.C.","ESTACIÓN DE SERVICIOS / GRIFOS","PUNO","PUNO","MAÑAZO","VIA MAÑAZO - CABANILLAS KM. 41+220 SECTOR JATUMAYO","2026-08-08"
"120633","TERESA DE JESUS PUPUCHE ARROYO ","ESTACIÓN DE SERVICIOS / GRIFOS","LAMBAYEQUE","LAMBAYEQUE","OLMOS","ANTIGUA CARRETERA PANAMERICANA NORTE KM. 120+507 CPM INSCULAS","2026-08-07"
"120720","PETRO SUR SHERMAN S.A.C.","ESTACIÓN DE SERVICIOS / GRIFOS","CUSCO","QUISPICANCHI","OCONGATE","CARRETERA INTEROCEANICA TRAMO URCOS - QUINCEMIL, KM. 78.5, SECTOR MAHUAYANI","2026-08-08"
"120736","RADIANT FEISTY LADIES S.A.C.","ESTACIÓN DE SERVICIOS / GRIFOS","LORETO","MAYNAS","IQUITOS","CALLE LIBERTAD N° 710. ESQUINA CON CALLE BOLOGNESI","2026-08-08"
"120757","ESTACION DE SERVICIOS SHISHUA","ESTACIÓN DE SERVICIOS / GRIFOS","PASCO","PASCO","HUACHON","AV. OXAPAMPA S/N - CENTRO POBLADO DE QUIPARACRA","2026-08-07"
"120796","CONSORCIO Y PROYECTOS R¿ & R¿ S.R.L.","ESTACIÓN DE SERVICIOS / GRIFOS","LA LIBERTAD","TRUJILLO","MOCHE","PREDIO QUEVEDO MZ. A LOTES 1 Y 2","2026-08-08"
"120799","MULTISERVICIOS ECOGAS S.A.C.","ESTACIÓN DE SERVICIO CON GASOCENTRO DE GLP","ICA","CHINCHA","SUNAMPE","CARRETERA PANAMERICANA SUR KM. 199.5 LOTES 1 Y 2","2026-08-08"
"120879","CAIDIESEL S & R S.A.C.","ESTACIÓN DE SERVICIOS / GRIFOS","CAJAMARCA","HUALGAYOC","BAMBAMARCA","CARRETERA A BAMBAMARCA KM 199+480, KM 199+580 - SECTOR SAN RAFAEL","2026-08-04"
"120888","COMBUSTIBLES Y LUBRICANTES LORITO","ESTACIÓN DE SERVICIOS / GRIFOS","HUANUCO","PUERTO INCA","PUERTO INCA","LOTES 06,07 Y 08 MANZANA N DE LA ASOCIACION DE VIVIENDA LAS PALMERAS - CENTRO POBLADO PUERTO SUNGARO","2026-08-08"
"120903","SIVINMED E.I.R.L","ESTACIÓN DE SERVICIOS / GRIFOS","CUSCO","CHUMBIVILCAS","SANTO TOMAS","ANEXO DE SOÑAQQUE DE LA COMUNIDAD CAMPESINA PULLPURE PUENTE CUYO USCAMARCA","2026-08-09"
"120987","ZETA GAS ANDINO S.A.","GASOCENTRO DE GLP CON ESTABLECIMIENTO DE VENTA AL PUBLICO DE GNV","LIMA","LIMA","LURIGANCHO","AV. LAS TORRES MZ. F, SUB LOTE 6A, ESQUINA CON AV. HUACHIPA, LOTIZACIÓN LA CAPITANA - SANTA MARÍA DE HUACHIPA","2026-07-17"
"121053","ESTACION DE COMBUSTIBLES EL POLAR E.I.R.L.","ESTACIÓN DE SERVICIOS / GRIFOS","LIMA","LIMA","VILLA EL SALVADOR","SECTOR 1, GRUPO 22, MZ. I, LOTE 01","2026-08-04"
"121095","PRIMAX KEVIN 2","ESTACIÓN DE SERVICIO CON GASOCENTRO DE GLP","HUANUCO","PACHITEA","PANAO","LOTE PURUPAMPA - CARRETERA PANAO - CHAGLLA","2026-08-08"
"121126","INVERSIONES HM SEÑOR DE MURUHUAY SAC","ESTACIÓN DE SERVICIOS / GRIFOS","LIMA","LIMA","ATE","AV. ANDRES AVELINO CACERES LT 15, ZONA H, PJ PROYECTO ESPECIAL HUAYCAN","2026-08-08"
"121135","DIPETRO SRL","ESTACIÓN DE SERVICIOS / GRIFOS","AYACUCHO","HUANTA","HUANTA","CARRETERA HUANTA - AYACUCHO KM 341.5 SECTOR IZON UC 07012","2026-08-07"
"121164","SERVICENTRO LESLY E.I.R.L.","ESTACIÓN DE SERVICIOS / GRIFOS","JUNIN","SATIPO","PANGOA","AV. RIO ENE S/N - SECTOR MISHICURI DE LA CC.NN. SAN RAMON DE PANGOA","2026-08-05"
"121166","PALACIOS NIMA RODOLFO MIGUEL ANGEL","ESTACIÓN DE SERVICIOS / GRIFOS","PIURA","PIURA","TAMBO GRANDE","CALLE MALINGAS X-05 INTERIOR SE-01 CASERIO MALINGAS","2026-08-05"
"121217","CORPORACION GRIFERA MOQUEGUA S.A.C.","ESTACIÓN DE SERVICIOS / GRIFOS","MOQUEGUA","MARISCAL NIETO","MOQUEGUA","AV. ALFONSO UGARTE S/N PARCELA 10, SECTOR PAMPAS DE SAN FRANCISCO","2026-08-06"
"121339","MULTISERVICIOS LA PRADERA S.A. ","ESTACIÓN DE SERVICIOS / GRIFOS","LAMBAYEQUE","CHICLAYO","PIMENTEL","MZ T LTE 01 AAHH VIRGEN DE FATIMA","2026-08-08"
"121358","SUSOLI S.R.L","ESTACIÓN DE SERVICIOS / GRIFOS","LIMA","LIMA","LURIGANCHO","AV. CHOSICA-CARRETERA CAJAMARQUILLA, PARCELA 89, LOTE 89-B, URB. CAJAMARQUILLA, SEGUNDA ETAPA, ESQUINA CALLE 03.","2026-08-08"
"121364","ESTACION DE SERVICIOS CARRERA","ESTACIÓN DE SERVICIOS / GRIFOS","CUSCO","LA CONVENCION","KIMBIRI","CENTRO POBLADO LOBO-TAHUANTINSUYO","2026-08-05"
"121366","AUTRISA AUTOMOTRIZ ANDINA S.A.","ESTACIÓN DE SERVICIOS / GRIFOS","CUSCO","ESPINAR","ESPINAR","PACELA B-1, FRACCCION B DEL PREDIO RUSTICO PUENTE DE LA AMISTAD","2026-08-08"
"121432","ESTACION DE SERVICIOS TUNKIMAYO S.A.C.","ESTACIÓN DE SERVICIOS / GRIFOS","PUNO","SANDIA","SAN PEDRO DE PUTINA PUNCO","CARRETERA DE SAN PEDRO DE PUTINA PUNCO KM 268 C.P CURVA ALEGRE","2026-08-07"
"121442","EMPRESA DE ESTACIÓN DE SERVICIOS BOLDMAR SOCIEDAD ANONIMA CERRADA","ESTACIÓN DE SERVICIOS / GRIFOS","SAN MARTIN","TOCACHE","NUEVO PROGRESO","JR. MODESTO PEREZ Y JR. CARLOS HONORES MZ. 58 LOTE 6C","2026-08-05"
"121474","GOLDEN SHOCK S.A.C.","ESTACIÓN DE SERVICIOS / GRIFOS","LIMA","HUAROCHIRI","SAN ANTONIO","AV. SINCHI ROCA MZ. G LTE 9, ASOCIACIÓN DE POBLADORES DEL CERCADO DE LA COMUNIDAD CAMPESINA DE JICAMARCA ANEXO 22","2026-08-05"
"121495","GASOCENTRO PEYSA II SAC","ESTACIÓN DE SERVICIO CON GASOCENTRO DE GLP","PIURA","PIURA","CASTILLA","AV. GUARDIA CIVIL MZ. A, LOTE N° 7 - AA.HH. VILLA SOL","2026-08-07"
"121521","AERO GAS DEL NORTE SAC","ESTACIÓN DE SERVICIO CON GASOCENTRO DE GLP","LAMBAYEQUE","CHICLAYO","CAYALTI","PREDIO RURAL SANTA TERESA VALLE SAÑA-SECTOR ADELINA COD. PREDIO 7-6559235-18689","2026-08-07"
"121566","INVERSIONES Y COMBUSTIBLES GATO E.I.R.L.","GRIFOS FLOTANTES","LORETO","REQUENA","REQUENA","MARGEN IZQUIERDA DE LA QUEBRADA CAMANA","2026-07-24"
"121570","ESTACION DE SERVICIOS ALVARADO I S.R.L.","ESTACIÓN DE SERVICIOS / GRIFOS","PIURA","MORROPON","CHULUCANAS","CARRETERA PIURA CHULUCANAS CASERIO KM. 50 (COMUNIDAD CAMPESINA JOSE IGNACIO PASAPERA)","2026-08-08"
"121688","ZETA GAS ANDINO SA","GASOCENTRO DE GLP CON ESTABLECIMIENTO DE VENTA AL PUBLICO DE GNV","ICA","CHINCHA","EL CARMEN","SECTOR SANTA MARIA CHICA, PREDIO PARCELA N°125 (CARRETERA PANAMERICANA SUR KM 211.5)","2026-07-17"
"121732","CORPORACION NORWI¿S E.I.R.L.","ESTACIÓN DE SERVICIOS / GRIFOS","HUANUCO","PUERTO INCA","CODO DEL POZUZO","AV PROLONGACION CODO POZUZO S/N INTERSECCION CON EL JR. FLORIDA","2026-08-08"
"121755","CLAUDIA MIGUEL NAVARRO","ESTACIÓN DE SERVICIOS / GRIFOS","AYACUCHO","LA MAR","SANTA ROSA","AV. ROBERTO SACHA FLORES S/N PREDIO ROSAS PAMPA - CENTRO POBLADO MARINTARI","2026-07-30"
"121758","ESTACION DE SERVICIOS VICOTIA L & K HNAS S.A.C.","ESTACIÓN DE SERVICIOS / GRIFOS","PASCO","OXAPAMPA","HUANCABAMBA","JR. LAS ACACIAS S/N MZ.I-Q LT. 06-08 URB. HUANCABAMBA","2026-08-07"
"121776","GRIFOS SAN PETRUS EMPRESA INDIVIDUAL DE RESPONSABILIDAD LIMITADA","ESTACIÓN DE SERVICIOS / GRIFOS","PUNO","SAN ROMAN","JULIACA","JR. CALIXTO ARESTEGUI N° 1208 - ESQ. CON AV. CIRCUNVALACION OESTE","2026-08-07"
"121802","LEMARK CONSULTORIA E INVERSIONES S.A.C.","ESTACIÓN DE SERVICIOS / GRIFOS","ICA","PISCO","HUANCANO","CARRETERA VIA LOS LIBERTADORES KM.76 SECTOR FUENTE DE ORO","2026-08-05"
"121836","SEGUNDO QUITERIO HERNANDEZ VASQUEZ","ESTACIÓN DE SERVICIOS / GRIFOS","AMAZONAS","UTCUBAMBA","CAJARURO","AV. PUENTE CAJARURO S/N  CAJARURO","2026-08-07"
"121839","ESTACION DE SERVICIOS JERICO SRL","ESTACIÓN DE SERVICIOS / GRIFOS","AYACUCHO","CANGALLO","PARAS","MZ. C - LOTE 5 - CENTRO POBLADO DE CCARHUACCPAMPA - RUMICHACA","2026-08-07"
"121854","CABRERA PEREZ JUAN HELI","ESTACIÓN DE SERVICIO CON GASOCENTRO DE GLP","LAMBAYEQUE","CHICLAYO","LA VICTORIA","CALLE PACHACUTEC NRO. 1405","2026-08-09"
"121870","ESTACION DE SERVICIOS INVERSIONES CHOLO SAC","ESTACIÓN DE SERVICIOS / GRIFOS","HUANCAVELICA","ACOBAMBA","PAUCARA","AV. HIPODROMO S/N ESQUINA CON JR. LOS LIBERTADORES","2026-08-08"
"121947","ESTACIÓN SIHUASINOS SAC","ESTACIÓN DE SERVICIOS / GRIFOS","ANCASH","SIHUAS","SIHUAS","CENTRO POBLADO DE SIHUAS MZ. H2 LT. 12 BARRIO PINGULLO","2026-08-07"
"121965","S Y M COMERCIAL DEL PERU S.A.C.","ESTACIÓN DE SERVICIO CON GASOCENTRO DE GLP","LIMA","LIMA","LURIGANCHO","AV. LAS TORRES Y ESQ. AV. CAJAMARQUILLA (AV. MEDIA LUNA) PARCELA MEDIA LUNA MZ. E LOTE 7","2026-08-06"
"122014","SERVICENTRO MEJIA","ESTACIÓN DE SERVICIOS / GRIFOS","CUSCO","LA CONVENCION","HUAYOPATA","CARRETERA CUSCO - QUILLABAMBA KM. 203, SECTOR HUAYOPATA RODEO S/N","2026-07-20"
"122038","ESTACION DE SERVICIO Y GASOCENTRO MIRAFLORES SOCIEDAD COMERCIAL DE RESPONSABILIDAD LIMITADA","ESTACIÓN DE SERVICIO CON GASOCENTRO DE GLP","PIURA","PIURA","VEINTISEIS DE OCTUBRE","PROLONGACION AV. CHULUCANAS EX FUNDO EL CHIPE (FRENTE A UNIVERSIDAD CESAR VALLEJO)","2026-08-08"
"122044","GAS VIVA EMPRESA INDIVIDUAL DE RESPONSABILIDAD LIMITADA","ESTACIÓN DE SERVICIOS / GRIFOS","JUNIN","SATIPO","SATIPO","JR. BOLOGNESI Y JR. SAN MARTIN MZ. E LT. 40","2026-08-08"
"122065","PETROENERGIAS EL ROI S.A.C.","ESTACIÓN DE SERVICIO CON GASOCENTRO DE GLP","JUNIN","HUANCAYO","EL TAMBO","AV. FERROCARRIL N° 2802","2026-08-08"
"122091","ESTACION SERVI CENTRO BARMEL S.A.C.","ESTACIÓN DE SERVICIOS / GRIFOS","ANCASH","SANTA","SAMANCO","AV. PESCADORES MZ. E2, LT. 25","2026-08-06"
"122124","SELVA GRIFOS E.I.R.L.","ESTACIÓN DE SERVICIO CON GASOCENTRO DE GLP","SAN MARTIN","SAN MARTIN","JUAN GUERRA","PREDIO RURAL SANTA ELENA U.C. 31182 - CARRETERA FERNANDO BELAUNDE TERRY KM. 653","2026-08-07"
"122132","ESTACION DE SERVICIOS Y GASOCENTRO EL SOL S.C.R.L","ESTACIÓN DE SERVICIO CON GASOCENTRO DE GLP","PASCO","PASCO","TINYAHUARCO","AV. MARISCAL CASTILLA MZ. N LOTE 2","2026-08-08"
"122201","INVERSIONES GIOMAX SAC.","ESTACIÓN DE SERVICIOS / GRIFOS","PASCO","OXAPAMPA","PUERTO BERMUDEZ","AV. EVITAMIENTO NRO. S/N (REFERENCIA: MZ. 36 LT. 06 SECTOR 03)","2026-08-07"
"122321","THF02 SCRL","ESTACIÓN DE SERVICIOS / GRIFOS","AYACUCHO","SUCRE","QUEROBAMBA","JR. HUASCAR ESQUINA CON JR. CONSTITUCIÓN - BARRIO CHAUPI","2026-08-07"
"122331","UNIVERSAL GAS SRL","GASOCENTROS DE GLP","SAN MARTIN","SAN MARTIN","MORALES","JR. FRANCISCO PIZARRO N° 860","2026-08-01"
"122362","LUBRICENTRO AUCALLAMA S.A.C.","ESTACIÓN DE SERVICIO CON GASOCENTRO DE GLP","LIMA","HUARAL","AUCALLAMA","PARCELA 49, PROYECTO SAN JOSE DE MIRAFLORES","2026-08-09"
"122419","SELVA GRIFOS EIRL","ESTACIÓN DE SERVICIOS / GRIFOS","SAN MARTIN","MOYOBAMBA","MOYOBAMBA","AV. IGNACIA VELASQUEZ CUADRA 08 - BARRIO BELEN","2026-08-06"
"122432","INVERSIONES KELMAIN S.A.C.","ESTACIÓN DE SERVICIOS / GRIFOS","AYACUCHO","HUAMANGA","CARMEN ALTO","CARRETERA AYACUCHO - ANDAHUAYLAS KM. 08","2026-08-08"
"122473","JUAN LEONARDO BACA FERRO","ESTACIÓN DE SERVICIOS / GRIFOS","CUSCO","CALCA","CALCA","ESQUINA DE LA AV. VILCANOTA CON AGROPECUARIO S/N","2026-08-07"
"122481","H & E INVERSIONES MILY E.I.R.L.","ESTACIÓN DE SERVICIOS / GRIFOS","PUNO","CARABAYA","SAN GABAN","AV. 15 DE OCTUBRE MZ. B, LT. 8 CENTRO POBLADO LANLACUNI","2026-08-06"
"122544","SERVICENTRO HUARCA SOCIEDAD ANONIMA CERRADA","ESTACIÓN DE SERVICIOS / GRIFOS","CUSCO","CANAS","KUNTURKANKI","CARRETERA SICUANI - ESPINAR, SECTOR CANCHIS","2026-08-08"
"122558","GRIFO FLOTANTE PRADERA I EIRL","GRIFOS FLOTANTES","LORETO","ALTO AMAZONAS","YURIMAGUAS","MARGEN IZQUIERDA DEL RIO HUALLAGA - REFERENCIA EN LA CIUDAD DE YURIMAGUAS","2026-08-08"
"122618","BECSABETH ROSALIA VILCAPOMA VELAZCO DE FLORES","ESTACIÓN DE SERVICIOS / GRIFOS","LIMA","LIMA","CARABAYLLO","PARCELA 6 COOPERATIVA AGRARIA MARIA PARADO DE BELLIDO","2026-08-01"
"122653","ESTACION DE SERVICIOS HNOS ARGANDOÑA S.C.R.L.","ESTACIÓN DE SERVICIOS / GRIFOS","HUANUCO","AMBO","AMBO","CASERIO SANTA CRUZ DE MATICHICO ALTURA DEL KM. 377 DE LA CARRETERA CENTRAL LIMA-HUANUCO","2026-08-08"
"122733","DISTRIBUIDORA Y COMERCIALIZADORA ROCEL SAC","ESTACIÓN DE SERVICIO CON GASOCENTRO DE GLP","PASCO","OXAPAMPA","CONSTITUCION","CARRETERA FERNANDO BELAUNDE TERRY S/N (A LA SALIDA HACIA PUCALLPA)","2026-08-08"
"122767","GRIFO BRIAN ALEXANDER","ESTACIÓN DE SERVICIOS / GRIFOS","LAMBAYEQUE","FERREÑAFE","PITIPO","CARRETERA FERREÑAFE - BATANGRANDE KM 17+700 CASERIO TAMBO REAL","2026-08-08"
"122784","ESTACION TUCOHUAYIN","ESTACIÓN DE SERVICIOS / GRIFOS","HUANUCO","HUAMALIES","LLATA","CARRETERA LLATA PROGRESO SECTOR DE TUCOHUAYIN","2026-08-08"
"122794","SERVICENTRO LH S.R.L.","ESTACIÓN DE SERVICIO CON GASOCENTRO DE GLP","AREQUIPA","AREQUIPA","MARIANO MELGAR","MZ. E-2, LOTE 1, PUEBLO TRADICIONAL, URB. MARIANO MELGAR","2026-08-08"
"122795","MULTISERVICIOS FRANDAB E.I.R.L.","ESTACIÓN DE SERVICIOS / GRIFOS","AREQUIPA","ISLAY","DEAN VALDIVIA","ASENTAMIENTO HUMANO VILLA PARAISO, MZ. N, LOTE N° 4, CALLE N° 7","2026-07-31"
"122906","ESTACIONES ALEJANDRO S.A.C","ESTACIÓN DE SERVICIO CON GASOCENTRO DE GLP","ICA","ICA","SALAS","CARRETERA PANAMERICANA SUR KM 271.8","2026-08-07"
"123093","GRIFOS & INVERSIONES EDIN S.A.C","ESTACIÓN DE SERVICIOS / GRIFOS","PUNO","CARABAYA","CRUCERO","AV. SANTO DOMINGO N° 1148","2026-08-09"
"123142","MARQUEZ BAUTISTA ALONSO","ESTACIÓN DE SERVICIOS / GRIFOS","AYACUCHO","LA MAR","AYNA","AV. SANTA ROSA S/N SECTOR BARRIO MIRAFLORES MZ. A5 LOTES 8, 9 Y 10","2026-08-01"
"123168","GO COMBUSTIBLE 4 S.A.C.","EE.SS con GLP y GNV","LIMA","LIMA","CARABAYLLO","MZ. A, LOTES 65, 66, 1, URBANIZACIÓN TUNGASUCA","2026-08-08"
"123174","ANDREE G & C SOCIEDAD ANONIMA CERRADA","ESTACIÓN DE SERVICIOS / GRIFOS","CUSCO","QUISPICANCHI","OROPESA","FRACCION N° 10 DEL PREDIO TAMBOPATA","2026-08-08"
"123181","GRIFO OLEOCENTRO REYSAN E.I.R.L.","ESTACIÓN DE SERVICIO CON GASOCENTRO DE GLP","LA LIBERTAD","TRUJILLO","HUANCHACO","ESQUINA AV. NUEVO TRUJILLO CON AV. CHEPEN, MZA. 66 LOTE 07, FUNDO LA ESPERANZA URB. MANUEL AREVALO C.P. VICTOR RAUL HAYA DE LA TORRE","2026-08-09"
"123193","V T SERVICENTRO SAN JUAN E.I.R.L.","ESTACIÓN DE SERVICIOS / GRIFOS","PUNO","AZANGARO","AZANGARO","AV. LOS PROCERES N° 855 MZ-A LOTE 4,5 Y 6","2026-08-07"
"123258","BUSINES GRIFO JD & DJ S.A.C.","ESTACIÓN DE SERVICIOS / GRIFOS","APURIMAC","ANDAHUAYLAS","ANDAHUAYLAS","AV. CONFRATERNIDAD N° 2095","2026-07-31"
"123318","ROSANA S. ORDINOLA PUENTE","ESTACIÓN DE SERVICIOS / GRIFOS","AYACUCHO","LA MAR","SANTA ROSA","AV. SAN FRANCISCO S/N - CARRETERA SANTA ROSA - SAN FRANCISCO","2026-08-04"
"123320","RODAS PETROL S.A.C.","ESTACIÓN DE SERVICIOS / GRIFOS","PUNO","SAN ROMAN","JULIACA","PARCELA N° A-89 COMUNIDAD CAMPESINA CHINGORA KM. 11 CARRETERA JULIACA-CUSCO","2026-08-07"
"123472","ESTACION DE SERVIICOS EVELIN","ESTACIÓN DE SERVICIOS / GRIFOS","CUSCO","QUISPICANCHI","CCATCA","CARRETERA ASFALTADA URCOS - PUENTE INAMBARI SECTOR CHACACHIMPA","2026-08-04"
"123523","ESTACIONES GASOCENTROSERVICIOS EL JORDAN E.I.R.L.","ESTACIÓN DE SERVICIOS / GRIFOS","ANCASH","ASUNCION","CHACAS","AV. ANIBAL VEGA PORTELLA S/N BARRIO DE SAN MARTIN","2026-08-08"
"123524","GRIFO EL JORDAN E.I.R.L.","ESTACIÓN DE SERVICIOS / GRIFOS","ANCASH","POMABAMBA","POMABAMBA","JR. HUAYCOCOLPA S/N SECTOR LOS BAÑOS","2026-08-07"
"123525","GRIFO EL JORDAN Y SERVICIOS GENERALES E.I.R.L.","ESTACIÓN DE SERVICIOS / GRIFOS","ANCASH","POMABAMBA","POMABAMBA","JR. SAN JUAN S/N CENTRO POBLADO CHACUABAMBA","2026-08-07"
"123546","GASOCENTRO SANTA ANA SAC","GASOCENTRO DE GLP CON ESTABLECIMIENTO DE VENTA AL PUBLICO DE GNV","LIMA","LIMA","LOS OLIVOS","AV. LOS PROCERES ESQ. CON AV. CONFRATERNIDAD MZ D2 LOTES 29-41 URB. SANTA ANA","2026-08-08"
"123549","PROGRASOL E.I.R.L.","ESTACIÓN DE SERVICIO CON GASOCENTRO DE GLP","JUNIN","HUANCAYO","EL TAMBO","PROLONGACION AREQUIPA N° 2750 Y 2760","2026-08-08"
"123601","INVERSIONES JORGE DORADO S.R.L.","ESTACIÓN DE SERVICIOS / GRIFOS","CUSCO","URUBAMBA","YUCAY","CARRETERA CALCA - URUBAMBA, SECTOR ACCOSCCA","2026-08-08"
"123616","ESTACION DE SERVICIOS HUAYOBAMBA E.I.R.L","ESTACIÓN DE SERVICIOS / GRIFOS","CAJAMARCA","SAN MARCOS","PEDRO GALVEZ","AV. CAJAMARCA S/N","2026-08-06"
"123617","ESTACION DE SERVICIOS MARYFE S.R.L.","ESTACIÓN DE SERVICIOS / GRIFOS","CAJAMARCA","CAJAMARCA","LOS BAÑOS DEL INCA","AV. PRINCIPAL VENTANILLAS DE OTUZCO KM 11 SECTOR LA RINCONADA","2026-08-08"
"123631","ESTACIÓN DE SERVICIOS VIRGEN DEL ROSARIO S.A.C","ESTACIÓN DE SERVICIOS / GRIFOS","LA LIBERTAD","PATAZ","TAYABAMBA","AV. HUANCASPATA S/N - ANEXO LA UNION","2026-08-08"
"123722","GRIFO LAS PALMERAS","ESTACIÓN DE SERVICIOS / GRIFOS","UCAYALI","CORONEL PORTILLO","YARINACOCHA","JR. LAS PALMERAS MZ. 129 LT. 05 ESQUINA CRUCE JR. LOBO CAÑO","2026-08-08"
"123766","ESTACIÓN DE SERVICIOS TOTERANI EMPRESA INDIVIDUAL DE RESPONSABILIDAD LIMITADA","ESTACIÓN DE SERVICIOS / GRIFOS","JUNIN","CHANCHAMAYO","PERENE","CARRETERA MARGINAL S/N (A 10.5 KM DE SANTA ANA) ANEXO BAJO RIO NEGRO","2026-08-07"
"123788","EE.SS. SOL Y CAMPO","ESTACIÓN DE SERVICIO CON GASOCENTRO DE GLP","LIMA","HUAROCHIRI","RICARDO PALMA","KM. 46.00 DE LA CARRETERA CENTRAL LIMA - LA OROYA, SECTOR CUPICHE","2026-08-07"
"123790","SJT LUCKY STAR E.I.R.L.","ESTACIÓN DE SERVICIOS / GRIFOS","ANCASH","RECUAY","RECUAY","CARRETERA HUARAZ - RECUAY KM. 183 SECTOR COLLAHUASI","2026-08-01"
"123796","GRIFO SANTA ISABEL","ESTACIÓN DE SERVICIOS / GRIFOS","LIMA","LIMA","CARABAYLLO","AV. UNIVERSITARIA N° 100  URB. SANTA ISABEL","2026-08-08"
"123805","COESTI S.A.","EE.SS con GLP y GNV","LIMA","LIMA","PUENTE PIEDRA","AV. INDUSTRIAL, MZ. F LOTE 5, ESQUINA AV. SAN JUAN, URB. LAS VEGAS","2026-08-09"
"123814","ESTACION DE SERVICIOS LOS OLIVOS D & L S.A.C.","ESTACIÓN DE SERVICIOS / GRIFOS","CAJAMARCA","CHOTA","CHOTA","PASEO SAN MATEO CUADRA 2 MZA. 34 LOTES 1E, 1F Y 1G","2026-08-05"
"123877","JUAN FELICIANO QUINTANA ZAMORA","ESTACIÓN DE SERVICIOS / GRIFOS","AYACUCHO","LA MAR","SANTA ROSA","CARRETERA SANTA ROSA - PALMAPAMPA, KM 1.5","2026-08-05"
"123985","ESTACION DE SERVICIOS GRIFO DENVER S.R.L.	","EE.SS con GLP y GNV","LIMA","LIMA","ATE","CARRETERA CENTRAL SUB PARCELA 8A DE LA PARCELA N°10015 EX FUNDO PARIACHI MZ. A LT. 1 Y 2, PROGRAMA DE VIVIENDA 'LAS PONCIANAS DE PARIACHI'","2026-08-07"
"124096","ESTACION DE SERVICIOS EL ALTIPLANO S.A.C.","ESTACIÓN DE SERVICIOS / GRIFOS","PUNO","SAN ANTONIO DE PUTINA","SINA","CARRETERA SINA - COJATA KM. 7+750 FUNDO PAMPA CCARCA","2026-08-07"
"124098","COMERCIALIZADORA INDUSTRIAL LA MOLINA SAC","GASOCENTROS DE GLP","LIMA","LIMA","ATE","AV. LA MOLINA N° 448, MZ. H2, LOTE 07, URB. LOTIZACION INDUSTRIAL EL ARTESANO","2026-08-08"
"124101","ESTACION Y SERVICIOS MULTIPLES F & G EMPRESA INDIVIDUAL DE RESPONSABILIDAD LIMITADA","ESTACIÓN DE SERVICIOS / GRIFOS","PUNO","SAN ANTONIO DE PUTINA","SINA","CARRETERA SINA - COJATA KM. 7+770 FUNDO PAMPA CCARCCA","2026-08-08"
"124109","PRIMAX DE ANDABAMBA K.M 9.3","ESTACIÓN DE SERVICIO CON GASOCENTRO DE GLP","HUANUCO","HUANUCO","PILLCO MARCA","VIA REGIONAL HUANUCO  LIMA, KM. 9 + 300  PARCELA N° 78, C.P.M. ANDABAMBA.","2026-08-08"
"124175","ESTACION DE SERVICIO NONATO","ESTACIÓN DE SERVICIOS / GRIFOS","PROV. CONST. DEL CALLAO","PROV. CONST. DEL CALLAO","VENTANILLA","AV. LOS ARQUITECTOS S/N MZ A LOTES 10-12 SECTOR G BARRIO XV GRUPO RESIDENCIAL 4, PROYECTO ESPECIAL PACHACUTEC","2026-08-08"
"124245","ESTACION DE SERVICIOS RYL SAC","ESTACIÓN DE SERVICIO CON GASOCENTRO DE GLP","LA LIBERTAD","TRUJILLO","TRUJILLO","AV. FEDERICO VILLARREAL MZ. 2 LOTES 01 AL 06 URB. LA RINCONADA","2026-08-08"
"124260","SHIN S.A.C.","ESTACIÓN DE SERVICIO CON GASOCENTRO DE GLP","LIMA","LIMA","SAN JUAN DE LURIGANCHO","AV. SAN MARTIN DE PORRAS MZ CL 1 LOTE 18-19 CANTO GRANDE","2026-08-08"
"124262","SOSA QUINTA ROSA LILIANA","ESTACIÓN DE SERVICIOS / GRIFOS","AYACUCHO","LA MAR","SAN MIGUEL","JR. ALFONSO UGARTE S/N","2026-08-08"
"124274","FELIX ALEX LONCONI MOSCOSO","ESTACIÓN DE SERVICIOS / GRIFOS","CUSCO","CUSCO","SAN SEBASTIAN","PREDIO RUSTICO DENOMINADO MISCAHUARA VIA SANTUTIS - CORAO","2026-08-07"
"124290","KENYVIC E.I.R.L.","ESTACIÓN DE SERVICIOS / GRIFOS","AMAZONAS","RODRIGUEZ DE MENDOZA","SAN NICOLAS","AV. HUARMIACU CD 01","2026-08-07"
"124296","ESTACION DE SERVICIOS MANCORA AVA","ESTACIÓN DE SERVICIOS / GRIFOS","PIURA","TALARA","MANCORA","AV. GRAU S/N BARRIO NICARAGUA LADO OESTE","2026-08-08"
"124306","GLADYS ISABEL AGUERO AMADO","ESTACIÓN DE SERVICIOS / GRIFOS","LIMA","HUAURA","HUAURA","AV. PERU S/N CARRETERA HUAURA SAYAN KM 21.5 CENTRO POBLADO MENOR DE HUMAYA","2026-08-07"
"124309","SAN FRANCISCO GROUP","ESTACIÓN DE SERVICIOS / GRIFOS","ANCASH","RECUAY","PAMPAS CHICO","KM. 122 CARRETERA PATIVILCA - CONOCOCHA - CENTRO POBLADO HUAMBO","2026-08-09"
"124317","GASOLINERAS PIURA SRL","ESTACIÓN DE SERVICIO CON GASOCENTRO DE GLP","PIURA","SULLANA","SALITRAL","CALLE TACNA N° 206","2026-08-07"
"124333","JOSE DANIEL RUIZ SANCHEZ","ESTACIÓN DE SERVICIOS / GRIFOS","CAJAMARCA","SAN MARCOS","PEDRO GALVEZ","CARRETERA SAN MARCOS  CAJABAMBA S/N LOCALIDAD EL CEDRO (REF. A 0.75 KM DEL PUENTE RIO CASCASEN)","2026-08-05"
"124335","ESTACION DE SERVICIOS SIERRA NEVADA EL PINO S.A.C.","ESTACIÓN DE SERVICIO CON GASOCENTRO DE GLP","ANCASH","HUARAZ","HUARAZ","PREDIO KAKE PAMPA, U.C. 08347, VALLE CALLEJON DE HUAYLAS, SECTOR SAN NICOLAS","2026-08-05"
"124352","ESTACION DE SERVICIOS ASUNCIÓN SAN ISIDRO E.I.R.L.","ESTACIÓN DE SERVICIOS / GRIFOS","AYACUCHO","LA MAR","AYNA","AV. HUANTA S/N - SETIMA CUADRA SECTOR BARRIO AURORA","2026-07-30"
"124415","ESTACION DE SERVICIOS JULIO E.I.R.L.","ESTACIÓN DE SERVICIOS / GRIFOS","TUMBES","CONTRALMIRANTE VILLAR","ZORRITOS","AV. PANAMERICANA NORTE 198 CP BOCAPAN","2026-08-07"
"124541","JHARUT ENERGY GAS E.I.R.L","ESTACIÓN DE SERVICIOS / GRIFOS","CAJAMARCA","CAJAMARCA","LOS BAÑOS DEL INCA","ESQUINA JR. 25 DE DICIEMBRE CON JR. PUYLUCANA CENTRO POBLADO PUYLUCANA","2026-08-05"
"124573","MULTISERVICIOS FADA S.R.L.","ESTACIÓN DE SERVICIO CON GASOCENTRO DE GLP","LA LIBERTAD","PACASMAYO","GUADALUPE","MZ. 02 SUBLOTE 02 - CENTRO POBLADO CIUDAD DE DIOS (CRUCE A CAJAMARCA)","2026-08-08"
"124621","REPRESENTACIONES ALPA","ESTACIÓN DE SERVICIO CON GASOCENTRO DE GLP","ICA","ICA","LA TINGUIÑA","AV. VICTORIO GOTUZZO N° 571","2026-08-08"
"124738","GRIFO SAN ANTONIO E.I.R.LTDA.","ESTACIÓN DE SERVICIO CON GASOCENTRO DE GLP","LAMBAYEQUE","CHICLAYO","LA VICTORIA","AV. GRAN CHIMU N° 475 Y HUAYNA CAPAC","2026-08-08"
"124745","ESTACION DE SERVICIO  PETROBAZ","ESTACIÓN DE SERVICIOS / GRIFOS","CAJAMARCA","CAJAMARCA","CAJAMARCA","CRUCE KM 03 CARRETERA CAJAMARCA  OTUZCO CON CARRETERA AL AEROPUERTO AV. RAFAEL HOYOS RUBIO - PREDIO COLUMBO, FUNDO CUMBICANCHA","2026-08-03"
"124935","SERVICENTRO RAMIREZ SAC","ESTACIÓN DE SERVICIO CON GASOCENTRO DE GLP","LA LIBERTAD","TRUJILLO","TRUJILLO","AV. AMERICA OESTE N° 138, 142, 150 LOTE A","2026-08-09"
"124988","SHANDHIRA S.A.C.","ESTACIÓN DE SERVICIO CON GASOCENTRO DE GLP","LIMA","HUARAL","HUARAL","AUTOPISTA CHANCAY HUARAL, PREDIO DEL PUQUIO LOTE A","2026-08-05"
"125013","ESTACION DE SERVICIOS TOCAS","ESTACIÓN DE SERVICIOS / GRIFOS","HUANCAVELICA","TAYACAJA","COLCABAMBA","CALLE 01, CENTRO POBLADO DE TOCAS","2026-08-05"
"125017","ESTACION DE SERVICIOS EVICO","ESTACIÓN DE SERVICIOS / GRIFOS","AYACUCHO","HUAMANGA","AYACUCHO","CARRETERA AYACUCHO - VISCHONGO (ALTURA KM 08) C.P. SAN ANTONIO MANALLASACC","2026-07-31"
"125073","CARMEN ROSA MOROCCO BONIFACIO ","ESTACIÓN DE SERVICIOS / GRIFOS","PUNO","CARABAYA","MACUSANI","CARRETERA MACUSANI - OLLACHEA URAPATA LOTE 3","2026-08-07"
"125092","ESTACION DE SERVICIOS SURI S.R.L.","ESTACIÓN DE SERVICIO CON GASOCENTRO DE GLP","JUNIN","CONCEPCION","CONCEPCION","AV.ORIENTE S/N","2026-08-05"
"125130","GRIFO E INVERSIONES SAN FRANCISCO S.A.C.","ESTACIÓN DE SERVICIOS / GRIFOS","AREQUIPA","CARAVELI","JAQUI","PARQUE INDUSTRIAL, MZ. C, LOTE Nº 1","2026-08-08"
"125138","PEDRO MARCELINO SUELDO VIVANCO","ESTACIÓN DE SERVICIOS / GRIFOS","HUANCAVELICA","ACOBAMBA","ACOBAMBA","AV. UNIVERSITARIA S/N","2026-08-08"
"125172","ESTACION DE SERVICIOS PISHUPYACUN S.R.L","ESTACIÓN DE SERVICIO CON GASOCENTRO DE GLP","JUNIN","HUANCAYO","CHILCA","ESQUINA AV. JACINTO IBARRA Y AV. LOS PROCERES","2026-08-08"
"125177","PETRO PARQUE","ESTACIÓN DE SERVICIOS / GRIFOS","LA LIBERTAD","TRUJILLO","LA ESPERANZA","REACTIVACION 2007, PRIMERA FASE, ETAPA VIGESIMA OCTAVA SECTOR PARQUE INDUSTRIAL, AV. 2 MZ. C12 LT. 13","2026-08-08"
"125187","CONCSER JUNIN SAC","ESTACIÓN DE SERVICIOS / GRIFOS","JUNIN","CHUPACA","CHUPACA","AV. BRUNO TERREROS S/N","2026-08-08"
"125188","CORPORACION DEUS SOCIEDAD ANONIMA CERRADA","ESTACIÓN DE SERVICIOS / GRIFOS","PUNO","SAN ROMAN","JULIACA","CIRCUNVALACIÓN ESTE-JOSE IGNACIO MIRANDA URB. ALEXANDER MZ. A5 LOTE 1,2,3 Y 20","2026-08-05"
"125276","CAPITAL GLOBAL GAS S.A.C.","GASOCENTROS DE GLP","LIMA","LIMA","ATE","AV. LOS CASTILLOS Nº 340, URB. INDUSTRIAL SANTA ROSA","2026-08-08"
"125288","GRUPO RALIZ S.A.C.","ESTACIÓN DE SERVICIO CON GASOCENTRO DE GLP","HUANCAVELICA","TAYACAJA","PAMPAS","INTERSECCIÓN DE VIA DE EVITAMIENTO Y JR. SAN SEBASTIAN","2026-08-08"
"125289","GASOLINERA DEL CENTRO S.A.C.","ESTACIÓN DE SERVICIO CON GASOCENTRO DE GLP","JUNIN","YAULI","YAULI","CARRETERA CENTRAL KM 158 - SAN MIGUEL DE PACHACHACA","2026-08-08"
"125324","GASOCENTRO CHUPACA","ESTACIÓN DE SERVICIO CON GASOCENTRO DE GLP","JUNIN","CHUPACA","CHUPACA","AV. LOS HEROES S/N BARRIO LA LIBERTAD","2026-08-09"
"125349","MAXIMILIANA HERRERAS CONDEMAITA","ESTACIÓN DE SERVICIOS / GRIFOS","CUSCO","LA CONVENCION","PICHARI","AV. LOS VENCEDORES MZ H1 - LOTES 2,3,4,5,6,17,18,19 Y 20 - LUGAR OMAYA BAJA","2026-08-06"
"125403","ESTHER QUISPE ROJAS","ESTACIÓN DE SERVICIOS / GRIFOS","AYACUCHO","LA MAR","SANTA ROSA","AV. SAN FRANCISCO S/N","2026-07-30"
"125478","ALDO CHANCHARI ISUIZA","GRIFOS FLOTANTES","LORETO","DATEM DEL MARAÑON","BARRANCA","MARGEN IZQUIERDA DEL RIO MARAÑON","2026-08-04"
"125483","MULTIVENTAS VILLITA S.A.C.","GRIFOS FLOTANTES","LORETO","MARISCAL RAMON CASTILLA","YAVARI","MARGEN DERECHA DEL RIO YAVARI - EN EL POBLADO DE ISLANDIA","2026-08-01"
"125485","SANTIAGO TORRES BARRIOS ","GASOCENTROS DE GLP","ICA","CHINCHA","GROCIO PRADO","AV. CENTENARIO S/N","2026-08-09"
"125592","EMPRESA CONSTRUCTORA PAMPAÑA TAMBOBAMBA","ESTACIÓN DE SERVICIOS / GRIFOS","APURIMAC","COTABAMBAS","TAMBOBAMBA","AV. APURIMAC S/N","2026-08-07"
"125601","COESTI SA","ESTACIÓN DE SERVICIO CON GASOCENTRO DE GLP","LIMA","LIMA","PUENTE PIEDRA","AV. REPUBLICA DE CROACIA (ANTES AV. LEONCIO PRADO) CON AV. COPACABANA KM 35 DE LA PANAMERICANA. NORTE MZ. N LT 186","2026-08-08"
"125635","CONSORCIO Y SERVICIOS GENERALES VALPAZ S.R.L.","ESTACIÓN DE SERVICIOS / GRIFOS","CAJAMARCA","SAN MARCOS","EDUARDO VILLANUEVA","AV. CAJAMARCA S/N C.P. AGUAS CALIENTES (CARRETERA CAJAMARCA-CAJABAMBA KM. 85.50)","2026-08-04"
"125639","SERVICENTRO SURINOR EIRL","ESTACIÓN DE SERVICIO CON GASOCENTRO DE GLP","ANCASH","SANTA","NEPEÑA","SECTOR SAN JOSE DE LA PAMPA Y SUTE CENTRO POBLADO SAN JACINTO","2026-08-08"
"125695","GRUPPE AR SAC","EE.SS con GLP y GNV","LIMA","LIMA","COMAS","AV. HEROES DEL ALTO CENEPA, LTE 27 (AUTOPISTA TRAPICHE - CHILLON)","2026-08-09"
"125848","CORPORACIONES VERA A & M S.A.C.","ESTACIÓN DE SERVICIOS / GRIFOS","PUNO","CARABAYA","SAN GABAN","CARRETERA INTEROCEANICA SUR KM. 337+100","2026-08-07"
"125850","ALTA VIDDA GAS S.A.C","EE.SS con GLP y GNV","LIMA","LIMA","SAN JUAN DE LURIGANCHO","MZ. N LOTE 9 PARCELACION SEMI RUSTICA DEL FUNDO CANTO GRANDE 2DA ETAPA","2026-08-08"
"125855","COESTI S.A","EE.SS con GLP y GNV","LIMA","LIMA","CHORRILLOS","AV. DEFENSORES DEL MORRO (EX AV. HUAYLAS) N° 1391 H.U. EL MORRO","2026-08-08"
"125901","GRIFO OTUZCO","ESTACIÓN DE SERVICIOS / GRIFOS","CAJAMARCA","CAJAMARCA","LOS BAÑOS DEL INCA","PROLONGACION AV. ARMANDO REVOREDO IGLESIAS S/N, CARRETERA CAJAMARCA  OTUZCO KM 5, CENTRO POBLADO OTUZCO BAJO","2026-08-03"
"125909","MULTISERVICIOS LUCHIN¿S E.I.R.L.","ESTACIÓN DE SERVICIO CON GASOCENTRO DE GLP","LIMA","BARRANCA","SUPE","CARRETERA PANAMERICANA NORTE SUB LOTE D UC 120645 SECTOR LA MINKA","2026-08-05"
"125938","SERRANO FLORES FIORELLA YADIRA","ESTACIÓN DE SERVICIOS / GRIFOS","AMAZONAS","BAGUA","ARAMANGO","CARRETERA REPOSO -DURAN KM 48+295-SECTOR PUERTO POMARÁ","2026-08-09"
"125951","W & F SELVA ALEGRE S.A.C.","ESTACIÓN DE SERVICIOS / GRIFOS","PUNO","SANDIA","ALTO INAMBARI","JR. PALMERAS S/N, MZ 'Q' LT. 15 BARRIO MIRAFLORES","2026-08-07"
"125961","GRIFO SOL DE VILLA","ESTACIÓN DE SERVICIO CON GASOCENTRO DE GLP","CAJAMARCA","CAJAMARCA","LOS BAÑOS DEL INCA","CARRETERA CAJAMARCA - BAÑOS DEL INCA KM 5.2","2026-08-07"
"125968","EE.SS. DON ROQUE","ESTACIÓN DE SERVICIOS / GRIFOS","LAMBAYEQUE","CHICLAYO","CHONGOYAPE","PREDIO RUSTICO HUANABAL S/N, COMUNIDAD CAMPESINA SANTA CATALINA","2026-08-07"
"125970","SUE HELLEN BRUN LOZADA","ESTACIÓN DE SERVICIO CON GASOCENTRO DE GLP","PIURA","MORROPON","CHULUCANAS","INTERSECCIÓN CARRETERA CHULUCANAS HUAPALAS  PREDIO HUAPALAS RR.CC. 18667","2026-08-08"
"125982","COLIGASS S.A.C.","ESTACIÓN DE SERVICIOS / GRIFOS","LA LIBERTAD","CHEPEN","PACANGA","PANAMERICANA NORTE KM. 718.700 SECTOR PACANGUILLA","2026-08-07"
"126071","SEMAR SAC","ESTACIÓN DE SERVICIO CON GASOCENTRO DE GLP","LA LIBERTAD","TRUJILLO","VICTOR LARCO HERRERA","AV. JUAN PABLO II MZ. L LT. 08 Y 09 - URB. SAN ANDRES 5TA ETAPA","2026-08-04"
"126097","ONCAP S.A.C.","ESTACIÓN DE SERVICIO CON GASOCENTRO DE GLP","LIMA","LIMA","PUENTE PIEDRA","LOTIZACION SEMI RUSTICA LEONCIO PRADO LOTE 108 MZ I","2026-08-09"
"126163","INVERSIONES SELFA SERL","ESTACIÓN DE SERVICIOS / GRIFOS","LA LIBERTAD","SANTIAGO DE CHUCO","QUIRUVILCA","JR. TRUJILLO S/N BARRIO TRUJILLO SECTOR LA PERLA CARRETERA SHOREY - QUIRUVILCA","2026-08-09"
"126226","CALERA EL UÑEGAN S.R.L.","ESTACIÓN DE SERVICIOS / GRIFOS","CAJAMARCA","HUALGAYOC","BAMBAMARCA","SECTOR EL FRUTILLO S/N (CARRETERA BAMBAMARCA CAJAMARCA KM 6 - CASERIO FRUTILLO BAJO)","2026-08-08"
"126370","ESTACION DE SERVICIOS CAMANTI QUINCEMIL S.R.L.","ESTACIÓN DE SERVICIOS / GRIFOS","CUSCO","QUISPICANCHI","CAMANTI","CARRETERA QUINCEMIL - PTO. MALDONADO KM. 191","2026-07-30"
"126476","GRIFO MEDINA","ESTACIÓN DE SERVICIOS / GRIFOS","PUNO","AZANGARO","SAN ANTON","ESMERALDA FUNDO CHILLAHUI URB.CHILLUMO CARRETERA INTEROCEANICA KM. 101+ 830 - SAN ANTON","2026-08-01"
"126479","EL ROSARIO","ESTACIÓN DE SERVICIO CON GASOCENTRO DE GLP","ICA","ICA","LOS AQUIJES","CENTRO POBLADO EL ROSARIO MZ. I LT. 7 Y 8","2026-08-08"
"126551","SURTIDORES E INVERSIONES MAX EMPRESA INDIVIDUAL DE RESPONSABILIDAD LIMITADA","ESTACIÓN DE SERVICIO CON GASOCENTRO DE GLP","JUNIN","SATIPO","PANGOA","CARRETERA MARGINAL PUERTO OCOPA N° 922","2026-08-08"
"126554","ESTACION DE SERVICIOS MARY ESTEFANY S.R.L.","ESTACIÓN DE SERVICIOS / GRIFOS","AMAZONAS","CHACHAPOYAS","LA JALCA","CARRETERA CHACHAPOYAS - LEYMEBAMBA - CP. YERBABUENA","2026-08-05"
"126569","VERONICA MAGALY MESIAS ANTON","ESTACIÓN DE SERVICIOS / GRIFOS","ICA","CHINCHA","ALTO LARAN","CARRETERA ALTO LARAN KM 5.7 (FRENTE FABRICA PROLAM)","2026-08-01"
"126647","EE SS LOS LAURELES","ESTACIÓN DE SERVICIOS / GRIFOS","UCAYALI","CORONEL PORTILLO","MANANTAY","JR. LOS LAURELES CON JR. TOMAS DAVILA SANDOVAL MZ. J LT.14","2026-08-08"
"126897","GRUPO VISTA ALEGRE S.A.C.","ESTACIÓN DE SERVICIO CON GASOCENTRO DE GLP","LA LIBERTAD","CHEPEN","PACANGA","CARRETERA PANAMERICANA NORTE KM 718 + 956.5 C.P. PACANGUILLA","2026-08-05"
"126902","GRIFO A & C COPACABANA S.A.C.","ESTACIÓN DE SERVICIOS / GRIFOS","APURIMAC","GRAU","CHUQUIBAMBILLA","CARRETERA CHUQUIBAMBILLA-ABANCAY KM. 1.5","2026-08-08"
"126916","ESTACION DE SERVICIOS SAN JOSE SRL","ESTACIÓN DE SERVICIO CON GASOCENTRO DE GLP","LA LIBERTAD","TRUJILLO","MOCHE","PREDIO B1-B CARRETERA INDUSTRIAL MZ.Q LT. 1 URB. SANTA ROSA","2026-08-09"
"126936","CARDENAS NAVARRO RUTH","ESTACIÓN DE SERVICIOS / GRIFOS","CUSCO","LA CONVENCION","KIMBIRI","JR. CUSCO S/N.","2026-08-08"
"126952","ESTACION SAN MARTIN SAC","ESTACIÓN DE SERVICIO CON GASOCENTRO DE GLP","ICA","ICA","ICA","AV. SAN MARTIN ESQ. ABRAHAM VALDELOMAR , LOTE 2B","2026-08-08"
"126987","BELLAMY E.I.R.L.","ESTACIÓN DE SERVICIO CON GASOCENTRO DE GLP","TACNA","TACNA","CORONEL GREGORIO ALBARRACIN LANCHIPA","CALLE LAS VIOLETAS: SUB LOTE 10-C, SECTOR VIÑANI","2026-08-06"
"127092","SERVICENTRO UNION J & R S.R.L.","ESTACIÓN DE SERVICIOS / GRIFOS","CUSCO","QUISPICANCHI","OROPESA","CARRETERA CUSCO - URCOS S/N SECTOR ROSENDAL DE SAN JOSE","2026-08-08"
"127095","ESTACION DE SERVICIOS VILLA DE LUYA E.I.R.L.","ESTACIÓN DE SERVICIOS / GRIFOS","AMAZONAS","LUYA","LUYA","SALIDA LUYA-CHACHAPOYAS, JR. FRANCISCO GRANDEZ CUADRA N° 1","2026-07-29"
"127148","SERVICENTRO Y SERVICIO MULTIPLE SAN CRISTOBAL E.I.R.L. ","ESTACIÓN DE SERVICIOS / GRIFOS","ICA","CHINCHA","ALTO LARAN","CARRETERA ALTO LARAN KM. 5.5 SUB LOTE A2","2026-08-08"
"127150","INVERSIONES Y ESTACION DE SERVICIOS MACHU-PICCHU EMPRESA INDIVIDUAL DE RESPONSABILIDAD LIMITADA","ESTACIÓN DE SERVICIOS / GRIFOS","CUSCO","LA CONVENCION","KIMBIRI","CARRETERA KIMBIRI-QUILLABAMBA KM 5, AV. 1° DE JUNIO S/N","2026-08-03"
"127219","ESTACION DE SERVICIOS LOS PINOS DEL NORTE SRL","ESTACIÓN DE SERVICIO CON GASOCENTRO DE GLP","CAJAMARCA","CHOTA","CHOTA","SECTOR PINGOBAMBA BAJO CARRETERA CHOTA - CHICLAYO","2026-08-08"
"127237","ESTACION DE SERVICIOS FAMILIA PALOMINO E.I.R.L.","ESTACIÓN DE SERVICIO CON GASOCENTRO DE GLP","JUNIN","SATIPO","PANGOA","AV. MARGINAL Y CALLE N° 2 -MZ. E, LOTE 1,2,3,4 - C.P. ALTO KIATARI","2026-08-07"
"127242","RUKANAS SERVICIOS GENERALES SRL","ESTACIÓN DE SERVICIOS / GRIFOS","AYACUCHO","LUCANAS","LUCANAS","AV. EL SOL N° 1102","2026-08-07"
"127288","GALIA AYDEE MUÑOZ EYZAGUIRRE","ESTACIÓN DE SERVICIOS / GRIFOS","CUSCO","LA CONVENCION","PICHARI","AV. TAHUANTINSUYO S/N - CARRETERA PICHARI - RIO ENE MZ. P-2 LT. 1 C.P. NATIVIDAD","2026-08-03"
"127337","ESTACION DE SERVICIOS PARURO.J E.I.R.L","ESTACIÓN DE SERVICIOS / GRIFOS","CUSCO","PARURO","PARURO","PROLONGACION AV. GRAU 1-A","2026-08-08"
"127395","GRIFOS ESPINOZA S.A.","EE.SS con GLP y GNV","LIMA","CAÑETE","SAN VICENTE DE CAÑETE","NUMERO DE PARCELA SUB LOTE A, CODIGO CATASTRAL SECTOR MONTALVAN, PROYECTO TERCER MUNDO VALLE CAÑETE","2026-08-08"
"127399","GRIFO BENPAUL S.R.L","ESTACIÓN DE SERVICIOS / GRIFOS","AMAZONAS","LUYA","TINGO","JR. DOS DE MAYO S/N SECTOR BAJO TINGO CARRETERA CHACHAPOYAS-LEYMEBAMBA","2026-08-08"
"127495","GRIFO EL HUARANGAL EIRL","ESTACIÓN DE SERVICIO CON GASOCENTRO DE GLP","LIMA","HUARAL","HUARAL","CARRETERA HUARAL LT 11 SECTOR JESUS DEL VALLE, UC 10753","2026-08-08"
"127520","BILCON GAS SOL","GASOCENTROS DE GLP","ANCASH","SANTA","NUEVO CHIMBOTE","AAHH LOS ANGELES MZ P LOTE 06","2026-08-08"
"127580","SERVICENTRO BELLAVISTA EMPRESA INDIVIDUAL DE RESPONSABILIDAD LIMITADA","ESTACIÓN DE SERVICIOS / GRIFOS","JUNIN","SATIPO","COVIRIALI","CARRETERA SATIPO-CONCEPCION, SECTOR COVIRIALI-RICARDO PALMA I ETAPA","2026-08-05"
"127593","EMPRESA INDUSTRIAL COMERCIAL Y DE SERVICIOS MATILDE LEON S.A.","ESTACIÓN DE SERVICIOS / GRIFOS","LIMA","CANTA","CANTA","CALLE RAMON CASTILLA S/N ESQUINA AV. NUEVA","2026-07-30"
"127600","ESTACIÓN DE SERVICIO OBREGON","ESTACIÓN DE SERVICIOS / GRIFOS","ANCASH","CARLOS F. FITZCARRALD","SAN LUIS","CARRETERA SAN LUIS - HUARI S/N - SECTOR CAPULI","2026-08-04"
"127630","GRUPO LEO GAS S.R.L.","ESTACIÓN DE SERVICIO CON GASOCENTRO DE GLP","LAMBAYEQUE","CHICLAYO","LA VICTORIA","AV. GRAN CHIMU Y HUAYNA CAPAC N° 1695","2026-08-08"
"127672","GASOCENTRO LLACTA S.A.C.","ESTACIÓN DE SERVICIO CON GASOCENTRO DE GLP","JUNIN","SATIPO","SATIPO","CARRETERA MARGINAL A MAZAMARI N° 1283","2026-08-08"
"127843","GASOLINERAS PIURA SRL","ESTACIÓN DE SERVICIO CON GASOCENTRO DE GLP","PIURA","PIURA","CASTILLA","CARRETERA PIURA CHULUCANAS KM 21","2026-08-09"
"127846","PETROCENTRO ARIAS S.A.C.","ESTACIÓN DE SERVICIO CON GASOCENTRO DE GLP","CAJAMARCA","SAN IGNACIO","SAN IGNACIO","CARRETERA SAN IGNACIO  JAEN KM 6 (PARCELA RUSTICA LA TUNA SECTOR PORTACHUELO)","2026-08-07"
"127907","VILMA PAULINA QUISPE DE MORALES","ESTACIÓN DE SERVICIOS / GRIFOS","PUNO","LAMPA","CALAPUJA","CARRETERA JULIACA - CUSCO KM. 10+00, SECTOR CASERIO CENTRAL MUCRA","2026-08-07"
"127928","YUCARI EMPRESA INDIVIDUAL DE RESPONSABILIDAD LIMITADA.","ESTACIÓN DE SERVICIOS / GRIFOS","JUNIN","CONCEPCION","MATAHUASI","CARRETERA CENTRAL KM 26.5 - MATAHUASI","2026-08-07"
"127937","GAMARRA CHULLA ABIGAIL FIROOZ","ESTACIÓN DE SERVICIOS / GRIFOS","CUSCO","QUISPICANCHI","CAMANTI","CARRETERA INTEROCEANICA CUSCO-CAMANTI, A 2 KM. DEL POBLADO DE CAMANTI","2026-08-04"
"127967","ORDULGAS S.A.C.	","GASOCENTROS DE GLP","LIMA","LIMA","CHORRILLOS","ESQUINA AV. CORDILLERA NEGRA Y JR. VOLCAN COROPUNA MZ E-13, LT. 5, URB. LAS DELICIAS DE VILLA","2026-08-08"
"128039","WALTER LOPEZ ROMANI","ESTACIÓN DE SERVICIOS / GRIFOS","JUNIN","SATIPO","RIO TAMBO","AV. RIO ENE, ESQUINA CON AV. 12 DE AGOSTO, CENTRO POBLADO SELVA DE ORO","2026-08-05"
"128051","PETROCENTRO QUINCEMIL SOCIEDAD ANONIMA CERRADA","ESTACIÓN DE SERVICIOS / GRIFOS","CUSCO","QUISPICANCHI","CAMANTI","PREDIO DENOMINADO ACUARIO-QUINCEMIL CARRETERA URCOS CAMANTI","2026-08-05"
"128073","CIRILA VARGAS CARDENAS","ESTACIÓN DE SERVICIOS / GRIFOS","MADRE DE DIOS","TAMBOPATA","TAMBOPATA","ZONA RURAL DE LA CARRETERA PUERTO MALDONADO  CUSCO EN LA COMUNIDAD SAN BERNARDO","2026-08-09"
"128074","INVERSIONES CHAGUALITO SRL","ESTACIÓN DE SERVICIOS / GRIFOS","LA LIBERTAD","PATAZ","TAYABAMBA","PROLONGACION AV. DOS DE MAYO S/N SECTOR ALTO DE AÑUNCA","2026-08-08"
"128095","COMBUSTIBLES CIUDAD CONSTITUCION EIRL","ESTACIÓN DE SERVICIOS / GRIFOS","PASCO","OXAPAMPA","CONSTITUCION","AV. FERNANDO BELAUNDE TERRY S/N LOTES 08-09 MZ F(6) CENTRO POBLADO PASEO LASARTES, LOMA LINDA","2026-08-04"
"128100","ESTACION DE SERVICIOS CON GASOCENTRO DE GLP LOS MILAGROS","ESTACIÓN DE SERVICIO CON GASOCENTRO DE GLP","HUANUCO","LEONCIO PRADO","JOSE CRESPO Y CASTILLO","AV. LIMA N° 214 - AUCAYACU","2026-08-06"
"128217","TINEO JUZCAMAYTA ALBERTH NAHUM","ESTACIÓN DE SERVICIOS / GRIFOS","AYACUCHO","HUAMANGA","PACAYCASA","CARRETERA AYACUCHO-HUANTA KM 14 - COMUNIDAD CAMPESINA DE HUAYLLAPAMPA","2026-08-08"
"128221","SERVICIOS MULTIPLES HINOSTROZA S.A.C.","ESTACIÓN DE SERVICIOS / GRIFOS","JUNIN","CHANCHAMAYO","PERENE","CARRETERA MARGINAL KM. 25 (N° 1507) MZ. A LOTE N° 01 Y N° 02  SAN PEDRO C.P. MARANKIARI","2026-08-07"
"128269","GASOCENTRO BRISMAR EIRL","ESTACIÓN DE SERVICIO CON GASOCENTRO DE GLP","AMAZONAS","BAGUA","BAGUA","AV. UNIVERSITARIA S/N, SECTOR BRUJO PATA - MZ. B - LOTE 1","2026-08-04"
"128292","GALA.Y.N. ASOCIADOS EIRL ","ESTACIÓN DE SERVICIO CON GASOCENTRO DE GLP","ICA","ICA","SALAS","PREDIO S/N - CARRETERA PANAMERICANA SUR KM. 293","2026-08-07"
"128310","SERVICENTRO MARCO Y MIGUEL EMPRESA INDIVIDUAL DE RESPONSABILIDAD LIMITADA - SERVICENTRO MAMI E.I.R.L.","ESTACIÓN DE SERVICIOS / GRIFOS","MADRE DE DIOS","TAMBOPATA","TAMBOPATA","SECTOR SAN BERNARDO (CARRETERA PUERTO MALDONADO - CUSCO KM. 29+00)","2026-08-08"
"128337","NEGOCIOS EJLR COMBUSTIBLES E.I.R.L.","GRIFOS FLOTANTES","LORETO","REQUENA","YAQUERANA","MARGEN IZQUIERDA DEL RIO YAVARI, REFERENCIA EN LA LOCALIDAD DE ANGAMOS","2026-08-01"
"128353","TINEO JUZCAMAYTA ALBERTH NAHUM","ESTACIÓN DE SERVICIOS / GRIFOS","AYACUCHO","HUAMANGA","AYACUCHO","SECTOR SIMPAPATA DEL CENTRO POBLADO DE SAN JOSE DE PARAISO (CARRETERA AYACUCHO JULCAMARCA KM. 30)","2026-08-08"
"128395","SERVICENTRO ADELIT EIRL","ESTACIÓN DE SERVICIOS / GRIFOS","APURIMAC","GRAU","CHUQUIBAMBILLA","SECTOR CONCHO CHICO CARRETERA CHUQUIBAMBILLA -VILCABAMBA S/N","2026-08-09"
"128397","ESTACIÓN DE SERVICIOS SAN ANTONIO DE PADUA SAC","ESTACIÓN DE SERVICIOS / GRIFOS","PUNO","LAMPA","CALAPUJA","CARRETERA JULIACA CUSCO KM. 8 PREDIO RUSTICO FRACCIÓN A-10, PARCELA A-1, PREDIO MUCRA I Y II","2026-08-02"
"128431","MAHANAIM HUACHO S.A.C. ","ESTACIÓN DE SERVICIO CON GASOCENTRO DE GLP","LIMA","HUAURA","SANTA MARIA","AV. PANAMERICANA NORTE N° 1900-1902-1920-1924-1930","2026-08-09"
"128504","SERVICENTRO PETROMOVIL","ESTACIÓN DE SERVICIOS / GRIFOS","CUSCO","LA CONVENCION","KIMBIRI","AV. TUPAC AMARU N° 1266 - SECTOR MIGUEL GRAU","2026-07-30"
"128577","GUSTAVO TOMASINE SALAZAR CRISPIN","ESTACIÓN DE SERVICIOS / GRIFOS","HUANCAVELICA","ACOBAMBA","PAUCARA","AV. HIPODROMO S/N","2026-08-05"
"128623","EXPLORACIONES PUERTO LEGUIA - INAMBARI SOCIEDAD COMERCIAL DE RESPONSABILIDAD LIMITADA","ESTACIÓN DE SERVICIOS / GRIFOS","PUNO","CARABAYA","SAN GABAN","CARRETERA INTEROCEANICA JULIACA - PUERTO MALDONADO KM. 337, CENTRO POBLADO LECHEMAYO","2026-08-08"
"128675","DELTA CHOCAS EIRL","ESTACIÓN DE SERVICIO CON GASOCENTRO DE GLP","LIMA","LIMA","SAN MARTIN DE PORRES","ALFREDO MENDIOLA N° 700 - 704 URB. PALAO","2026-08-08"
"128699","HNOS ANGULO S.A.C.","ESTACIÓN DE SERVICIO CON GASOCENTRO DE GLP","JUNIN","HUANCAYO","CHILCA","AV. JACINTO IBARRA N°800 INTERSECCION CON EL JR. 2 DE MAYO","2026-08-09"
"128708","HANCCO VARGAS REINALDA","ESTACIÓN DE SERVICIOS / GRIFOS","PUNO","AZANGARO","AZANGARO","JR. COSTANERA S/N MZ. B LTS. 2 Y 3 - HABILITACIÓN URBANA CIUDAD ECOLÓGICA BALZAPATA","2026-08-07"
"128767","SERVICENTROS PLAZA SAC","ESTACIÓN DE SERVICIOS / GRIFOS","AYACUCHO","HUAMANGA","AYACUCHO","CENTRO POBLADO HUASCAHURA MZ J - LOTE 1B","2026-08-05"
"128781","REPSOL COMERCIAL S.A.C.	","ESTACIÓN DE SERVICIOS / GRIFOS","LIMA","CAÑETE","MALA","CARRETERA PANAMERICANA SUR KM 88","2026-08-09"
"128784","CHEVROLANE IMPORT S.A.C.","ESTACIÓN DE SERVICIOS / GRIFOS","LORETO","MAYNAS","IQUITOS","AV. ALMIRANTE MIGUEL GRAU SEMINARIO N° 1399 C/ JR. JOSE GALVEZ N° 466 LOTE A, ZONA URBANA","2026-08-07"
"128791","CELENE CELY ESPIRITU PAEZ","ESTACIÓN DE SERVICIO CON GASOCENTRO DE GLP","JUNIN","SATIPO","RIO TAMBO","CALLE JUNIN ESQUINA CON CALLE MENCORI","2026-08-05"
"128905","ESTACION DE SERVICIOS VICMAR S.A.C.","ESTACIÓN DE SERVICIOS / GRIFOS","ANCASH","SANTA","NUEVO CHIMBOTE","AAHH LOS ANGELES MZ P LOTE 06","2026-08-07"
"128906","GRIFOS SEÑOR DE HUANCA DE IVOCHOTE S.R.L.","ESTACIÓN DE SERVICIOS / GRIFOS","CUSCO","LA CONVENCION","ECHARATE","LOTE Z-5 CENTRO POBLADO IVOCHOTE","2026-08-01"
"128940","MALAVER SALAZAR ASOCIADOS  S.A.C","ESTACIÓN DE SERVICIOS / GRIFOS","CAJAMARCA","CAJAMARCA","CAJAMARCA","ESQUINA AV. PROLONGACION REVILLA PEREZ CON AV. VIA DE EVITAMIENTO NORTE Y JR. CIRO ALEGRIA","2026-07-31"
"128972","FROILAN JAVIER CHAMBI SACACA ","ESTACIÓN DE SERVICIOS / GRIFOS","PUNO","SAN ANTONIO DE PUTINA","PUTINA","PROLONGACION AV. 2 DE SEPTIEMBRE S/N","2026-08-03"
"129020","BILCON GAS S.A.C.","GASOCENTROS DE GLP","AYACUCHO","HUAMANGA","SAN JUAN BAUTISTA","AV. ARENALES N° 900","2026-08-04"
"129024","SERVICENTRO SAN MIGUEL ARCANGEL II E.I.R.L.","ESTACIÓN DE SERVICIOS / GRIFOS","PUNO","CARABAYA","SAN GABAN","CARRETERA INTEROCEANICA JULIACA - PUERTO MALDONADO, KM. 298","2026-08-04"
"129053","GRIFO M&G SEÑOR DE LOS MILAGROS","ESTACIÓN DE SERVICIOS / GRIFOS","PUNO","MELGAR","AYAVIRI","AV. BALSASPATA N° 315","2026-08-04"
"129097","CALYPSO GROUP SOCIEDAD ANONIMA CERRADA","ESTACIÓN DE SERVICIOS / GRIFOS","PUNO","CARABAYA","OLLACHEA","CARRETERA INTEROCEANICA SUR TRAMO IV - SALIDA OLLACHEA A MACUSANI","2026-07-24"
"129333","ESTACION DE SERVICIOS NASCA S.A.C.","ESTACIÓN DE SERVICIO CON GASOCENTRO DE GLP","ICA","NAZCA","NAZCA","CARRETERA PANAMERICANA SUR Nº S/N  SECTOR FUNDO CALLANAL","2026-08-08"
"129343","SERVICENTRO SAN MIGUEL II E.I.R.L.","GRIFOS FLOTANTES","MADRE DE DIOS","TAMBOPATA","TAMBOPATA","MARGEN DERECHA DEL RIO MADRE DE DIOS, PUERTO CAPITANIA","2026-08-08"
"129374","MULTISERVICIOS JD VENUS SRL","ESTACIÓN DE SERVICIO CON GASOCENTRO DE GLP","ICA","ICA","LOS AQUIJES","PREDIO BALDEON LOTE B1 SECTOR GARGANTO","2026-08-08"
"129427","AERO GAS DEL NORTE SOCIEDAD ANONIMA  CERRADA","ESTACIÓN DE SERVICIO CON GASOCENTRO DE GLP","LA LIBERTAD","PACASMAYO","SAN JOSE","CARRETERA PANAMERICANA NORTE KM. 690","2026-08-07"
"129447","GRIFO SAN MIGUEL","ESTACIÓN DE SERVICIOS / GRIFOS","PUNO","HUANCANE","TARACO","CARRETERA JULIACA - HUANCANE KM. 29+200 BARRIO SAN ISIDRO","2026-07-24"
"129458","INAMBARI GROUP S.A.C.","ESTACIÓN DE SERVICIOS / GRIFOS","PUNO","SANDIA","ALTO INAMBARI","AV. VALLE GRANDE S/N URB. 2 DE MAYO (FRENTE AL CEMENTERIO)","2026-08-08"
"129482","GRIFO Y TRANSPORTES SARITA COLONIA P & F E.I.R.L.","ESTACIÓN DE SERVICIOS / GRIFOS","CAJAMARCA","CUTERVO","CUTERVO","AV. SANTA MARIA S/N ESQUINA CON CARRETERA AL CASERIO DE LIRIO","2026-08-07"
"129486","FAUSTINA QUISPE AMANQUI","ESTACIÓN DE SERVICIOS / GRIFOS","PUNO","HUANCANE","HUANCANE","CARRETERA JULIACA - HUANCANE KM. 49 + 60","2026-08-09"
"129526","CT-GAS MARCAVELICA S.A.C.","ESTACIÓN DE SERVICIO CON GASOCENTRO DE GLP","PIURA","SULLANA","MARCAVELICA","AV. RAMON CASTILLA S/N","2026-08-08"
"129527","ESTACION DE SERVICIOS EL CRUCEÑITO E.I.R.L.","ESTACIÓN DE SERVICIOS / GRIFOS","LAMBAYEQUE","CHICLAYO","OYOTUN","CARRETERA LAS DELICIAS SECTOR SANTA ROSA S/N","2026-08-08"
"129567","GRIFOS FLORIDA EIRL","ESTACIÓN DE SERVICIOS / GRIFOS","UCAYALI","CORONEL PORTILLO","MANANTAY","AV. BELLAVISTA ESQUINA CON JR. LOS CETICOS MZ. 40 LOTES 01 Y 24","2026-08-09"
"129641","DISCOM SANTA ROSA S.A.C.","ESTACIÓN DE SERVICIO CON GASOCENTRO DE GLP","LIMA","LIMA","SAN JUAN DE LURIGANCHO","SUB LOTE 1-A QUE FORMO PARTE DEL LOTE 1 DE LA MZ F, URB. CANTO GRANDE UNIDAD 12","2026-08-09"
"129693","ADMINISTRADOR DE ESTACIONES DE SERVICIOS DEL PERU E.I.R.L.","ESTACIÓN DE SERVICIOS / GRIFOS","AREQUIPA","CAMANA","SAMUEL PASTOR","CARRETERA PANAMERICANA SUR, AA.HH. MIRAMAR PRIMERA ETAPA, (A 600 M. DEL PEAJE DE CAMANÁ)","2026-08-07"
"129917","MULTISERVICIOS PETRO GALAXI E.I.R.L. ","ESTACIÓN DE SERVICIOS / GRIFOS","CUSCO","ANTA","CACHIMAYO","CARRETERA CUSCO - IZCUCHACA KM. 14, SECTOR RECREO PARTE I FRACCION UC. 186001","2026-08-07"
"130166","GRIFOS PACORA E.I.R.L.","ESTACIÓN DE SERVICIO CON GASOCENTRO DE GLP","LAMBAYEQUE","LAMBAYEQUE","PACORA","CARRET. PANAMERICANA NORTE KM. 29 - PREDIO SAN SEBASTIAN","2026-08-08"
"130168","SURTIDORES DIVISORIA E.I.R.L.","ESTACIÓN DE SERVICIOS / GRIFOS","UCAYALI","PADRE ABAD","PADRE ABAD","CARRETERA FEDERICO BASADRE KM. 2013+350 MARGEN IZQUIERDO AGUAYTIA-TINGO MARIA","2026-08-08"
"130197","REPRESENTACIONES NABEL S.R.L.","ESTACIÓN DE SERVICIOS / GRIFOS","HUANCAVELICA","HUAYTARA","HUAYTARA","VIA LOS LIBERTADORES 107 + 450 S/N ANEXO CHUQUIMARAN","2026-08-09"
"130201","PETROCENTROS ANDINA S.A.C.","ESTACIÓN DE SERVICIOS / GRIFOS","ANCASH","HUARAZ","INDEPENDENCIA","AV. CENTENARIO Nº 5927 ESQUINA JR. MIGUEL GRAU","2026-08-08"
"130277","GROUP CR & FP S.A.C.","ESTACIÓN DE SERVICIO CON GASOCENTRO DE GLP","LIMA","CAÑETE","MALA","PREDIO RURAL MARCHAND SECTOR MALA CODIGO CATASTRAL 8_3208600_019052 PROYECTO PREDIOS DE MALA VALLE MALA","2026-08-08"
"130311","COMBUSTIBLES YAUYUCANITO","ESTACIÓN DE SERVICIOS / GRIFOS","CAJAMARCA","SANTA CRUZ","YAUYUCAN","CARRETERA YAUYUCAN A PUEBLO VIEJO KM 0.25","2026-08-03"
"130317","GROUP PELINCO EMPRESA INDIVIDUAL DE RESPONSABILIDAD LIMITADA","ESTACIÓN DE SERVICIOS / GRIFOS","PUNO","SAN ROMAN","CARACOTO","CARRETERA JULIACA - COATA - CAPACHICA KM 3.5 MZ D LOTE 1 Y 2 COMUNIDAD CAMPESINA CANCHI CHICO","2026-08-03"
"130320","GAS PERUANA CORPORATIVA SAC","EE.SS con GLP y GNV","JUNIN","HUANCAYO","EL TAMBO","CALLE REAL Y JR. PARRA DEL RIEGO","2026-08-05"
"130331","EL FIEL INCOMPRENDIDO S.A.C.","ESTACIÓN DE SERVICIO CON GASOCENTRO DE GLP","LIMA","CAÑETE","CERRO AZUL","SUB LOTE A-1, SECTOR PAMPA LOS LOBOS, ALTUTRA KM. 130, CARRETERA PANAMERICANA SUR","2026-08-08"
"130345","VENERANDA QUISPE FERNANDEZ","ESTACIÓN DE SERVICIOS / GRIFOS","PUNO","PUNO","PAUCARCOLLA","SECTOR ACCOPATA KM. 1334.8 CARRTERA PUNO - JULIACA","2026-08-07"
"130362","CORPORACION GLESB E.I.R.L.","ESTACIÓN DE SERVICIOS / GRIFOS","HUANCAVELICA","TAYACAJA","COLCABAMBA","CARRETERA CAMPO ARMIÑO NORESTE L4-09","2026-08-02"
"130403","MULTISERVICIOS SEVAL E.I.R.L.","ESTACIÓN DE SERVICIOS / GRIFOS","PUNO","SAN ROMAN","JULIACA","URBANIZACIÓN A.P.I.R.A.J., MZ. L LOTE 09","2026-08-08"
"130420","ESTACION DE SERVICIOS M&N S.A.C","ESTACIÓN DE SERVICIOS / GRIFOS","CAJAMARCA","CAJAMARCA","CAJAMARCA","AV. VIA DE EVITAMIENTO NORTE CUADRA 19 CON JR. EDUARDO RODRIGUEZ URB. ALAMEDA II ETAPA SECTOR 5","2026-08-08"
"130432","ESTACION DE SERVICIOS CARAZAS CASAVERDE","ESTACIÓN DE SERVICIOS / GRIFOS","CUSCO","LA CONVENCION","PICHARI","CARRETERA PICHARI - PUERTO ENE, PREDIO SANTA ISABEL - SECTOR MANTARO","2026-07-30"
"130436","ARTURO DEL CARPIO DELGADO","ESTACIÓN DE SERVICIOS / GRIFOS","MADRE DE DIOS","MANU","HUEPETUHE","CALLE NUEVA MZA. U LOTE 01-A CENTRO POBLADO DE CAYCHIHUE ALTA Y QUEBRADA NUEVA","2026-08-08"
"130463","GRIFO VILLA HERMOSA JULIACA S.A.C.","ESTACIÓN DE SERVICIOS / GRIFOS","PUNO","SAN ROMAN","JULIACA","JR.SUCRE N°1277,ESQUINA CON JR. MIRAFLORES","2026-08-06"
"130498","GRIFOS CRUZ FUEL RCL","ESTACIÓN DE SERVICIOS / GRIFOS","ANCASH","CASMA","YAUTAN","CENTRO POBLADO MENOR DE CACHIPAMPA","2026-08-07"
"130523","ESTACION DE SERVICIOS GASTON SAC","ESTACIÓN DE SERVICIO CON GASOCENTRO DE GLP","ICA","ICA","PARCONA","CENTRO POBLADO LOS INCAS A-16","2026-08-07"
"130542","SERVICIOS GENERALES PONCE DE LA ROSA S.A.C.","ESTACIÓN DE SERVICIOS / GRIFOS","PASCO","PASCO","TINYAHUARCO","AV. RAMON CASTILLA MZ 1 LT 14 ANEXO VILLA DE PASCO","2026-08-07"
"130556","SERVICENTRO Y MULTISERVICIOS GRIFO ZAMACOLA SOC. COM. DE RESP. LIMITADA","ESTACIÓN DE SERVICIOS / GRIFOS","AREQUIPA","AREQUIPA","CERRO COLORADO","ESQ. AV. IDELFONSO LOPEZ  CALLE AMAZONAS P.T. ZAMACOLA MZ. B-1 LOTE 11","2026-08-07"
"130559","GRIFO SAN MARTIN S.A.C.","ESTACIÓN DE SERVICIOS / GRIFOS","CUSCO","CUSCO","SAN SEBASTIAN","VIA EXPRESA, FUNDO QUISPIQUILLA LOTE B-3","2026-08-08"
"130597","ESTACION DE SERVICO VIRGEN NATIVIDAD","ESTACIÓN DE SERVICIOS / GRIFOS","MADRE DE DIOS","TAMBOPATA","LAS PIEDRAS","CARRETERA INTEROCEANICA KM. 1.5 MARGEN IZQUIERDA- EL TRIUNFO","2026-08-06"
"130599","ESTACION PETROGAS SUR S.A.C.","ESTACIÓN DE SERVICIOS / GRIFOS","LIMA","LIMA","PACHACAMAC","AV. RETAMAL S/N MZ. I LT. 10 AL 15 ASOCIACION DE VIVIENDA ECOLOGICA-AVIECO QUEBRADA RETAMAL","2026-08-08"
"130607","NEGOCIOS E INVERSIONES LYSEN S.A.C.","ESTACIÓN DE SERVICIOS / GRIFOS","LA LIBERTAD","PATAZ","HUANCASPATA","PROLONGACION LIBERTAD S/N, SECTOR MURIACO","2026-08-07"
"130616","EXPLORACIONES PUERTO LEGUIA-INAMBARI SOCIEDAD COMERCIAL DE RESPONSABILIDAD LIMITADA","ESTACIÓN DE SERVICIOS / GRIFOS","MADRE DE DIOS","TAMBOPATA","TAMBOPATA","FRACCIÓN DEL LOTE N° 17 DEL SECTOR EL CASTAÑAL, CARRETERA INTEROCEÁNICA TRAMO SANTA ROSA-PUERTO MALDONADO KM. 12+40 MARGEN IZQUIERDA DE LA CARRETERA P","2026-08-06"
"130633","M & J SERVICIOS EMPRESARIALES S.R.L.","ESTACIÓN DE SERVICIOS / GRIFOS","LA LIBERTAD","SANTIAGO DE CHUCO","SANTIAGO DE CHUCO","CALLE LUIS LA PUENTE UCEDA (ANTES CALLE BOLOGNESI) ESQUINA CON CALLE FABLA SALVAJE MZ. 144 LOTE N° 06 BARRIO SAN JOSE","2026-08-08"
"130647","ESTACION DE SERVICIOS PASTOR SRL","ESTACIÓN DE SERVICIOS / GRIFOS","HUANUCO","HUANUCO","HUANUCO","JR. 28 DE JULIO N° 340","2026-08-08"
"130667","HIDROCARBUROS CANDARAVE SOCIEDAD ANONIMA CERRADA","ESTACIÓN DE SERVICIOS / GRIFOS","TACNA","CANDARAVE","CANDARAVE","CRUCE CARRETERA TARATA - CANDARAVE CON CARRETERA TARATA - PUNO, SECTOR PICA","2026-07-29"
"130670","ROSA ALANYA MENDOZA","ESTACIÓN DE SERVICIOS / GRIFOS","AYACUCHO","HUAMANGA","CARMEN ALTO","CENTRO POBLADO CASAORCCO, MZ. C - LOTE 1A - LOTE 2.","2026-08-07"
"130689","COMPAÑIA PERUANA DE PETROLEO GAS Y GASOLINA S.A.C","ESTACIÓN DE SERVICIO CON GASOCENTRO DE GLP","LA LIBERTAD","TRUJILLO","VICTOR LARCO HERRERA","FUNDO SAN ANDRES N° UN 083138 URB. SAN ANDRES V ETAPA","2026-08-08"
"130701","ESTACION DE SERVICIOS SENOR DE LA ASCENSION","ESTACIÓN DE SERVICIOS / GRIFOS","AYACUCHO","LUCANAS","PUQUIO","PARAJE PATA HUACCTA KM. 152 + 380 CARRETERA PUQUIO - NAZCA, JURISDICCIÓN DEL BARRIO CCAYAO","2026-08-07"
"130728","SERVICIOS GENERALES FULL GRIFOS DEL PERU S.A.C.","ESTACIÓN DE SERVICIOS / GRIFOS","ICA","ICA","SANTIAGO","PREDIO RUSTICO, LA JOYA, PREDIO LA HUACA, UC N°04293 Y UC N°04299","2026-08-06"
"130775","COESTI S.A.","EE.SS con GLP y GNV","LIMA","LIMA","SAN MIGUEL","AV. LA PAZ Y CALLE GRAN MARISCAL AGUSTIN GAMARRA MESSIA (ANTES JIRON) DENOMINADO LOTE 246, SUBLOTE A,B,C Y D DE LA MZ. 14 URBANIZACIÓN MIRAMAR..","2026-08-09"
"130800","SERVICENTRO PIMEX S.A.C","ESTACIÓN DE SERVICIOS / GRIFOS","PUNO","SAN ROMAN","JULIACA","CARRETERA JULIACA - HUANCANE KM 8.0+140","2026-07-31"
"130807","GERONIMO CELIS FLORMELIA","ESTACIÓN DE SERVICIOS / GRIFOS","PUNO","SAN ANTONIO DE PUTINA","PUTINA","AV. 02 DE SEPTIEMBRE Y JR. MAYTA CAPAC S/N MZ. C LOTE 1","2026-08-05"
"130838","ESTACION DE SERVICIO LOS TRES ANGELITOS","ESTACIÓN DE SERVICIOS / GRIFOS","CUSCO","QUISPICANCHI","CAMANTI","CARRETERA INTEROCEANICA TRAMO 3, KM. 194+200 FRACCION DEL PREDIO MAYUPATA","2026-08-08"
"130868","COMBUSTIBLES DE LA SELVA SANTO TOMAS E.I.R.L.","ESTACIÓN DE SERVICIOS / GRIFOS","LORETO","MAYNAS","PUNCHANA","ESQUINA DE LA CALLE CUZCO N° 1012 CON CALLE BORJA N° 701","2026-08-07"
"130924","PETROLCENTER SAC","ESTACIÓN DE SERVICIOS / GRIFOS","AREQUIPA","CAYLLOMA","CAYLLOMA","CENTRO POBLADO CAYLLOMA, BARRIO FRANCISCO DE ZELA, MZ. T-3, LOTE Nº 6","2026-08-09"
"130933","FAMHORA SERVICIOS GENERALES S.A.C.","ESTACIÓN DE SERVICIOS / GRIFOS","AMAZONAS","CHACHAPOYAS","CHACHAPOYAS","JR 3 ESQUINAS N° 611","2026-08-08"
"130942","GRUPO M & P GRIFOS S.A.C.","ESTACIÓN DE SERVICIOS / GRIFOS","PUNO","AZANGARO","ASILLO","AV. INAMBARI CON ESQUINA AV. NUEVA","2026-08-08"
"131000","SERVICENTRO CASMA S.A.C.","ESTACIÓN DE SERVICIO CON GASOCENTRO DE GLP","ANCASH","CASMA","COMANDANTE NOEL","PANAMERICANA NORTE SECTOR CH-2 TABON BAJO PREDIO SAN ANDRES UUCC 01685","2026-08-09"
"131087","ESTACION DE SERVICIOS OLMOS E.I.R.L.","ESTACIÓN DE SERVICIO CON GASOCENTRO DE GLP","LAMBAYEQUE","LAMBAYEQUE","OLMOS","CARRETERA PANAMERICANA NORTE ESQUINA CON LA AV. SAN MARTIN","2026-08-08"
"131174","ADMINISTRACION DE GRIFOS L&L ONE S.A.C.","ESTACIÓN DE SERVICIO CON GASOCENTRO DE GLP","LIMA","LIMA","CARABAYLLO","MZ 1-B, LOTE 02 SUB PARCELA 1-E (3ERA ETAPA) NUEVA URBANIZACION TORRE BLANCA","2026-08-08"
"131185","GRIFO CAMACHO SAC","ESTACIÓN DE SERVICIOS / GRIFOS","SAN MARTIN","TOCACHE","NUEVO PROGRESO","CARRETERA FERNANDO BELAÚNDE TERRY MZ G LOTES 5 Y 6","2026-08-09"
"131229","GRIFO EL OVALO","ESTACIÓN DE SERVICIO CON GASOCENTRO DE GLP","PIURA","SULLANA","SULLANA","AV. PANAMERICANA ESQUINA CON AV. JOSE DE LAMA Y CALLE DEL CARMEN MZ. 119 LOTE 09 URB. SANTA ROSA","2026-08-05"
"131240","INVERSIONES KATUMI JENNY & JOAQUIN SOCIEDAD COMERCIAL DE RESPONSABILIDAD LIMITADA","ESTACIÓN DE SERVICIOS / GRIFOS","CUSCO","LA CONVENCION","SANTA ANA","PROLONGACION JR. VILCABAMBA A.P.V. 3 DE MAYO, MZA 'A', LOTE 2 Y 3","2026-08-08"
"131254","GAS STATION CHAUPIN S.A.C.","ESTACIÓN DE SERVICIO CON GASOCENTRO DE GLP","LIMA","CAÑETE","IMPERIAL","MZ I 2 H.U. URB. RESIDENCIAL VILLA VICENTE 3ERA ETAPA","2026-08-07"
"131256","GRIFO HEXA","ESTACIÓN DE SERVICIOS / GRIFOS","UCAYALI","CORONEL PORTILLO","MANANTAY","AV. COLONIZACION ESQUINA CON JR. LOS LAURELES MZA. 11 LOTE 10","2026-08-08"
"131257","OPERADOR LOGISTICO HALCON ROJO S.AC","ESTACIÓN DE SERVICIO CON GASOCENTRO DE GLP","LAMBAYEQUE","CHICLAYO","JOSE LEONARDO ORTIZ","ESQUINA AV. ARGENTINA CON CALLE COLOMBIA","2026-08-08"
"131264","ISMAR SABA COMPANY E.I.R.L.","GRIFOS FLOTANTES","PIURA","SECHURA","SECHURA","PLAYA LAS DELICIAS BAHIA DE SECHURA","2026-08-01"
"131274","SERVICENTRO CRISTO SALVADOR E.I.R.L.","ESTACIÓN DE SERVICIOS / GRIFOS","MADRE DE DIOS","TAMBOPATA","INAMBARI","FRACCION PARCELA AGRICOLA N° 15 U.C.30025 SECTOR DOS DE MAYO","2026-08-03"
"131301","QQUESOHUALPA QQUENAYA LORENZO","ESTACIÓN DE SERVICIOS / GRIFOS","CUSCO","QUISPICANCHI","OCONGATE","CARRETERA URCOS-PUENTE INAMBARI S/N (INTEROCEANICA) TRAMO CENTRO POBLADO DE OCONGATE","2026-08-07"
"131347","GRIFOS EDUARDO","ESTACIÓN DE SERVICIOS / GRIFOS","PUNO","EL COLLAO","PILCUYO","CARRETERA PANAMERICANA PUNO-DESAGUADERO KM. 1426, CENTRO POBLADO MARCUYO","2026-08-04"
"131348","JJK ROCA E.I.R.L.","ESTACIÓN DE SERVICIOS / GRIFOS","AYACUCHO","CANGALLO","LOS MOROCHUCOS","CARRETERA PAMPA CANGALLO - AYACUCHO, SECTOR PAMPA CANGALLO","2026-08-05"
"131350","ESTACION DE SERVICIOS QUILLINCHITO S.R.L.","ESTACIÓN DE SERVICIOS / GRIFOS","APURIMAC","ANDAHUAYLAS","HUANCARAMA","JIRON CAHUIDE S/N - CARRETERA HUANCARAMA - ABANCAY","2026-08-08"
"131352","EMPRESA MULTISERVICIOS SMENDOZA S.A.C.","ESTACIÓN DE SERVICIOS / GRIFOS","AYACUCHO","CANGALLO","PARAS","VIA LOS LIBERTADORES WARI, KM 197 - RUMICHACA","2026-08-08"
"131391","ESTACION DE SERVICIOS GRAN PRIX S.A.C.","ESTACIÓN DE SERVICIO CON GASOCENTRO DE GLP","ICA","PISCO","SAN ANDRES","AV. LAS AMERICAS N° 1798","2026-08-08"
"131396","MULTISERVICIOS PEPITO DAN S.A.C.","ESTACIÓN DE SERVICIOS / GRIFOS","PUNO","CARABAYA","AJOYANI","PROLONGACION AV. INAMBARI S/N","2026-08-03"
"131420","GRIFO ANGELITA","ESTACIÓN DE SERVICIOS / GRIFOS","LA LIBERTAD","OTUZCO","OTUZCO","AV. INCA GARCILAZO DE LA VEGA S/N MZ. 17 LOTE 28C SECTOR RAMON CASTILLA","2026-08-05"
"131504","LYPECO SAC","ESTACIÓN DE SERVICIOS / GRIFOS","PIURA","AYABACA","FRIAS","SECTOR SAN ANDRES MZ. C LOTE 17","2026-08-03"
"131564","INVERSIONES CARUAJULCA S.R.L.","ESTACIÓN DE SERVICIOS / GRIFOS","CAJAMARCA","HUALGAYOC","BAMBAMARCA","CARRETERA CAJAMARCA  BAMBAMARCA KM 199 + 300 SECTOR SAN RAFAEL","2026-08-08"
"131610","GASOLINERA PLASENCIA","ESTACIÓN DE SERVICIOS / GRIFOS","CAJAMARCA","CONTUMAZA","CONTUMAZA","AV. CHILETE N° 329","2026-08-04"
"131613","DUSAN WARRIOR EMPRESA INDIVIDUAL DE RESPONSABILIDAD LIMITADA - D'WARRIOR E.I.R.L.","ESTACIÓN DE SERVICIOS / GRIFOS","CUSCO","CALCA","SAN SALVADOR","SECTOR MOLINUYOC S/N","2026-08-07"
"131667","GRIFO HIDROCARBUROS DEL HUALLAGA","ESTACIÓN DE SERVICIOS / GRIFOS","SAN MARTIN","TOCACHE","SANTA LUCIA","AV. SANTA LUCIA S/N","2026-08-07"
"131681","GRUPO A E EMANUEL S.R.L","ESTACIÓN DE SERVICIO CON GASOCENTRO DE GLP","JUNIN","CHANCHAMAYO","PICHANAQUI","CARRETERA MARGINAL PICHANAQUI - SATIPO S/N SECTOR BAJO PICHANAQUI II ETAPA","2026-08-03"
"131695","NARRO VILLALOBOS WILSON ALFREDO","ESTACIÓN DE SERVICIOS / GRIFOS","LA LIBERTAD","GRAN CHIMU","CASCAS","AV. LIBERTAD N° 310","2026-08-06"
"131732","DISTRIBUCIONES GENERALES SANTISIMO SEÑOR DE LOCUMBA S.A.C","ESTACIÓN DE SERVICIO CON GASOCENTRO DE GLP","MOQUEGUA","MARISCAL NIETO","MOQUEGUA","SECTOR MALECON RIBEREÑO, PREDIO LA CHIMBA PARCELAS 2C, 2D Y 2E","2026-08-09"
"131761","PETROCOMPANY ME SAC","ESTACIÓN DE SERVICIOS / GRIFOS","AYACUCHO","LA MAR","ANCHIHUAY","AV. ANCHIHUAY S/N, BARRIO BELLA VISTA","2026-08-05"
"131762","GRIFOS HUAMAN MENDOZA S.A.C.","ESTACIÓN DE SERVICIOS / GRIFOS","PUNO","SAN ROMAN","JULIACA","JR.CAHUIDE N°1275","2026-08-05"
"131764","ESTACION DE SERVICIOS KOJELA E.I.R.L.","ESTACIÓN DE SERVICIOS / GRIFOS","PUNO","HUANCANE","PUSI","CARRETERA JULIACA -HUANCANE KM. 12+950","2026-08-05"
"131783","ESTACIÓN DE SERVICIO SUXE","ESTACIÓN DE SERVICIOS / GRIFOS","LAMBAYEQUE","CHICLAYO","PATAPO","CASERIO TULIPE - LA CRIA","2026-08-07"
"131785","ALCANTARA TINCO OTILIA","ESTACIÓN DE SERVICIO CON GASOCENTRO DE GLP","HUANUCO","HUANUCO","SANTA MARIA DEL VALLE","CARRETERA CENTRAL HUÁNUCO-TINGO MARÍA KM. 11+800","2026-08-07"
"131825","DIANA CANDY BUSTAMANTE CABRERA","ESTACIÓN DE SERVICIOS / GRIFOS","LAMBAYEQUE","LAMBAYEQUE","MOCHUMI","CALLE 28 DE JULIO Y AV. SAN MARTIN","2026-08-09"
"131853","LOGISTICA GERM'PERU E.I.R.L.","ESTACIÓN DE SERVICIOS / GRIFOS","JUNIN","JAUJA","CURICACA","CARRETERA CENTRAL KM 54.5","2026-08-05"
"131854","GRIFO FLOTANTE JERLUVESCA E.I.R.L","GRIFOS FLOTANTES","LORETO","MARISCAL RAMON CASTILLA","YAVARI","MARGEN DERECHA DEL RIO YAVARI, REFERENCIA EN EL POBLADO DE ISLANDIA","2026-08-07"
"131881","RODAS PETROL S.A.C.","ESTACIÓN DE SERVICIOS / GRIFOS","PUNO","SAN ROMAN","JULIACA","CARRETERA JULIACA -HUANCANE KM 7+650","2026-08-07"
"131924","SEMAR SAC","ESTACIÓN DE SERVICIO CON GASOCENTRO DE GLP","LA LIBERTAD","TRUJILLO","TRUJILLO","CALLE AMAZONAS N° 342-344-348-360","2026-08-05"
"131930","DISTRIBUIDORA CARRIÓN S.A.C. ","ESTACIÓN DE SERVICIO CON GASOCENTRO DE GLP","JUNIN","HUANCAYO","EL TAMBO","PROLONGACIÓN JUNÍN N° 2713, ESQUINA CON VÍA EXPRESA 2, LOTE 1, MZ E, PARQUE INDUSTRIAL","2026-08-08"
"131969","GRIFOS CUTERVO E.I.R.L.","ESTACIÓN DE SERVICIOS / GRIFOS","CAJAMARCA","CUTERVO","CUTERVO","AV. SAN JUAN N° 1186","2026-08-08"
"131988","GRUPO MOQUEGUA E.I.R.L.","ESTACIÓN DE SERVICIOS / GRIFOS","MOQUEGUA","MARISCAL NIETO","MOQUEGUA","ASOCIACIÓN DE VIVIENDA ARTESANOS PAMPAS DE CHEN CHEN MZA. S LOTE 7A SECTOR A-8","2026-08-07"
"132027","BEQUER CAHUANA BELLIDO","ESTACIÓN DE SERVICIOS / GRIFOS","PUNO","SANDIA","ALTO INAMBARI","AV. VALLE GRANDE S/N MZ P. LOTES 27 Y 28. PUEBLO DE MASSIAPO","2026-08-08"
"132031","ESTACION DE SERVICIOS RUIZ S.R.L.","ESTACIÓN DE SERVICIOS / GRIFOS","CAJAMARCA","SAN MARCOS","PEDRO GALVEZ","ESQUINA AV. 28 DE JULIO S/N Y JR. WALTER HONORIO MZA. 10B LOTE 40, SECTOR RODEOPAMPA","2026-08-05"
"132034","GASOCENTRO TADUP SAC","ESTACIÓN DE SERVICIO CON GASOCENTRO DE GLP","LIMA","CANTA","SANTA ROSA DE QUIVES","KM. 39.5 CARRETERA A CANTA - PUEBLO TRAPICHE","2026-08-06"
"132037","ESTACION DE SERVICIOS AVE FENIX S.A.","ESTACIÓN DE SERVICIO CON GASOCENTRO DE GLP","LA LIBERTAD","TRUJILLO","TRUJILLO","CARRETERA INDUSTRIAL A LAREDO CRUCE CON LA AV. SANTA ROSA URB. VILLA DE CONTADORES","2026-08-08"
"132093","GRIFO SAN FRANCISCO","ESTACIÓN DE SERVICIOS / GRIFOS","PUNO","PUNO","TIQUILLACA","URB. VILLA SAN FRANCISCO MZ. B LT 9 CARRETERA PUNO - MAÑAZO KM. 21+094","2026-08-05"
"132100","VILCA HURTADO CESAR AUGUSTO","GRIFOS FLOTANTES","MADRE DE DIOS","TAMBOPATA","LABERINTO","MARGEN DERECHA DEL RIO MADRE DE DIOS","2026-08-05"
"132103","OTASUR SOCIEDAD DE RESPONSABILIDAD LIMITADA","ESTACIÓN DE SERVICIOS / GRIFOS","PUNO","MELGAR","LLALLI","URBANIZACIÓN BUENOS AIRES MZ R LT N° 01","2026-08-04"
"132164","ESTACION DE SERVICIOS SANCHEZ S.A.C.","ESTACIÓN DE SERVICIOS / GRIFOS","PIURA","SECHURA","SECHURA","CARRETERA SECHURA BAYOVAR KM. 67 + 120","2026-08-05"
"132197","MULTISERVICIOS G & M S.R.L.","ESTACIÓN DE SERVICIOS / GRIFOS","LA LIBERTAD","PACASMAYO","GUADALUPE","CARRETERA A CAJAMARCA KM. 1.5 SECTOR PAMPAS DE JESÚS","2026-08-08"
"132204","REPSOL COMERCIAL S.A.C.","EE.SS con GLP y GNV","LIMA","LIMA","SAN LUIS","AV. NICOLAS ARRIOLA N° 2140 ESQUINA CON AV. SAN LUIS, URBANIZACION SAN LUIS","2026-08-08"
"132211","INVERSIONES Y SERVICIOS MULTIPLES W.R S.A.C","ESTACIÓN DE SERVICIO CON GASOCENTRO DE GLP","LIMA","LIMA","CHACLACAYO","CARRETERA CENTRAL KM. 22.700","2026-08-09"
"132301","COMBUSTIBLES S&C MOLINA S.A.C.","ESTACIÓN DE SERVICIO CON GASOCENTRO DE GLP","JUNIN","HUANCAYO","HUAYUCACHI","AV. REAL S/N Y AV. 28 DE JULIO","2026-08-06"
"132317","COESTI S.A. PETROMAJES","ESTACIÓN DE SERVICIOS / GRIFOS","AREQUIPA","CAYLLOMA","MAJES","ASOCIACIÓN DE MICROEMPRESARIOS DE LA IRRIGACIÓN MAJES 'AMEIM', MZ. T, LOTE Nº 6 Y Nº 7","2026-08-09"
"132344","ESTASER G & S S.A.C.","ESTACIÓN DE SERVICIOS / GRIFOS","CAJAMARCA","CAJAMARCA","LOS BAÑOS DEL INCA","CARRETERA CAJAMARCA  COMBAYO KM 8.2 SECTOR LA RINCONADA DE OTUZCO","2026-08-08"
"132389","ESTACIÓN DE SERVICIOS ATALAYA EMPRESA INDIVIDUAL RESPONSABILIDAD LIMITADA","ESTACIÓN DE SERVICIOS / GRIFOS","UCAYALI","ATALAYA","RAYMONDI","CALLE PROLONGACION BOLOGNESI CON CALLE MOHEMAS MZ. 124 LT 2A","2026-08-08"
"132393","CARREÑO ZANABRIA RUTH YUDI","ESTACIÓN DE SERVICIOS / GRIFOS","CUSCO","LA CONVENCION","ECHARATE","SECTOR KOSHIRENI","2026-08-07"
"132404","ESTACION DE SERVICIOS PACUCHA","ESTACIÓN DE SERVICIOS / GRIFOS","APURIMAC","ANDAHUAYLAS","PACUCHA","AVENIDA LA CULTURA S/N","2026-08-08"
"132484","ESTACION DE SERVICIOS UNIVERSAL S.A.C.","ESTACIÓN DE SERVICIOS / GRIFOS","SAN MARTIN","PICOTA","PUCACACA","CARRETERA FERNANDO BELAUNDE TERRY KM. 671+300 C.P. CHINCHA ALTA","2026-08-03"
"132565","ZETA GAS ANDINO","GASOCENTROS DE GLP","LAMBAYEQUE","CHICLAYO","LA VICTORIA","MZ. 36 LOTE 4 SECTOR CHOSICA DEL NORTE","2026-07-31"
"132589","ESTACION DE SERVICIOS EL REY","ESTACIÓN DE SERVICIOS / GRIFOS","SAN MARTIN","TOCACHE","NUEVO PROGRESO","CARRETERA FERNANDO BELAUNDE TERRY KM 37 DE TOCACHE A NUEVO PROGRESO - CASERIO NAZARETH","2026-08-05"
"132647","ESTACION DE SERVICIO DON ANTONIO S.C.R.L.","ESTACIÓN DE SERVICIO CON GASOCENTRO DE GLP","PIURA","MORROPON","CHULUCANAS","PREDIO HUAPALAS S/N CARRETERA PIURA - CHULUCANAS","2026-08-05"
"132703","GRIFO JUAN JOSE VG E.I.R.L.","ESTACIÓN DE SERVICIO CON GASOCENTRO DE GLP","LAMBAYEQUE","LAMBAYEQUE","MOTUPE","SUB LOTE B DEL PREDIO ROSA FRANCISCA - VALLE MOTUPE OLMOS","2026-08-08"
"132732","ESTACION DE SERVICIOS RODAS S.A.C","ESTACIÓN DE SERVICIOS / GRIFOS","APURIMAC","ANDAHUAYLAS","SAN JERONIMO","CARRETERA ANDAHUAYLAS - ABANCAY S/N - SECTOR SONDOR","2026-08-03"
"132780","GASOCENTRO CAMPANA SOCIEDAD COMERCIAL DE RESPONSABILIDAD LIMITADA","ESTACIÓN DE SERVICIOS / GRIFOS","HUANUCO","HUANUCO","CHINCHAO","BQ. VILLASOL, LOTE 12, C.P. VILLASOL","2026-08-09"
"132798","SERVICENTRO AVATAR E.I.R.L.","ESTACIÓN DE SERVICIOS / GRIFOS","CUSCO","QUISPICANCHI","CAMANTI","PREDIO ESPERANZA SECTOR MANIRE VITOBAMBA UC 313035 A 6 KM. DEL C.P. DE QUINCEMIL","2026-08-01"
"132801","GRIFO EL RUISEÑOR E.I.R.L.","ESTACIÓN DE SERVICIO CON GASOCENTRO DE GLP","LIMA","BARRANCA","PARAMONGA","AUTOPISTA PATIVILCA  HUARAZ, VALLE FORTALEZA, PREDIO LA ESPERANZA, SECTOR SHAURA","2026-08-08"
"132812","NEGOCIOS E&G S.R.L.","GRIFOS FLOTANTES","LORETO","DATEM DEL MARAÑON","MANSERICHE","MARGEN DERECHA DEL RIO MARAÑON, EN LA LOCALIDAD DE SARAMIRIZA","2026-08-08"
"132827","ESTACIÓN DE SERVICIOS VIRGEN DE COCHARCAS PAUCARA S.A.C.","ESTACIÓN DE SERVICIO CON GASOCENTRO DE GLP","HUANCAVELICA","ACOBAMBA","PAUCARA","AV. ICA S/N CARRETERA HACIA HUANCAVELICA-HUANCAYO,BARRIO PROGRESO,SITIO CAMPAMENTO","2026-08-09"
"132867","JUANA HURTADO CAMPO","GRIFOS FLOTANTES","MADRE DE DIOS","TAMBOPATA","LABERINTO","MARGEN DERECHA DEL RIO MADRE DE DIOS","2026-08-08"
"132881","ESTACION DE SERVICIO ANDY E.I.R.L.","ESTACIÓN DE SERVICIOS / GRIFOS","AMAZONAS","UTCUBAMBA","BAGUA GRANDE","CARRETERA FERNANDO BELAUNDE TERRY KM. 226+536 SECTOR MORERILLA","2026-08-07"
"132893","PETROCENTROS ANDINA S.A.C.","ESTACIÓN DE SERVICIOS / GRIFOS","ANCASH","HUARAZ","INDEPENDENCIA","AV. CENTENARIO N° 3582 BARRIO VICHAY","2026-08-08"
"132923","BANHET GRIFOS","ESTACIÓN DE SERVICIOS / GRIFOS","PUNO","SAN ROMAN","JULIACA","AV. MODESTO BORDA APAZA S/N MZ. B LTS. 04, 16, 05 Y 17, URB. ADECEJ","2026-08-04"
"132950","WILLIAM MARCELO VICUÑA MELENDRES","GRIFOS RURALES CON ALMACENAMIENTO EN CILINDROS","UCAYALI","CORONEL PORTILLO","CAMPOVERDE","CARRETERA TOURNAVISTA KM. 09 -CASERIO MANCO CAPAC","2026-08-06"
"132962","MULTISERVICIOS INTEGRACIÓN  E.I.R.L.","ESTACIÓN DE SERVICIOS / GRIFOS","CAJAMARCA","SAN IGNACIO","NAMBALLE","CENTRO POBLADO NAMBALLE MZA 3 LOTE 6","2026-08-05"
"133004","ESTACION DE SERVICIOS ASCENCION","ESTACIÓN DE SERVICIOS / GRIFOS","HUANCAVELICA","HUANCAVELICA","ASCENSION","AV. ERNESTO MORALES S/N MZ. K LOTE 5","2026-08-05"
"133007","COMPANIA OPERADORA DE LA SELVA","ESTACIÓN DE SERVICIOS / GRIFOS","UCAYALI","CORONEL PORTILLO","YARINACOCHA","AV. YARINACOCHA ESQ. PROLONG. TUPAC AMARU MZ. 185 A LT. 36-37","2026-08-09"
"133039","GRIFO SERVICENTRO BROWN CESAR S.A.C.","ESTACIÓN DE SERVICIOS / GRIFOS","CUSCO","QUISPICANCHI","OROPESA","SECTOR DE SEMPICONA COMUNIDAD VALLE HUATANAY PUNA PUNABAMBA, SECTOR II CHOQUEPATA","2026-07-30"
"133040","RENATTO MARTIN MESIA CARDAMA","GRIFOS FLOTANTES","LORETO","LORETO","NAUTA","MARGEN IZQUIERDA DEL RÍO MARAÑON","2026-07-31"
"133098","REPSOL COMERCIAL SAC","ESTACIÓN DE SERVICIOS / GRIFOS","CUSCO","ANTA","CACHIMAYO","CARRETERA CUSCO-URUBAMBA KM. 12.50","2026-08-09"
"133099","INDUSTRIA METALMECANICA BILCON SAC","ESTACIÓN DE SERVICIO CON GASOCENTRO DE GLP","LIMA","LIMA","VILLA MARIA DEL TRIUNFO","AV. JOSÉ CARLOS MARIATEGUI N° 1184-1292","2026-08-09"
"133101","GRUPO PALOMO S.A.C.","ESTACIÓN DE SERVICIOS / GRIFOS","PUNO","PUNO","PUNO","AV. PANAMERICANA SUR N° 750","2026-08-08"
"133103","VIRGINIA EVARISTA CHOQUEHUANCA SOLORZANO  ","ESTACIÓN DE SERVICIOS / GRIFOS","PUNO","AZANGARO","AZANGARO","JR. SAN JOSE N° 803","2026-07-31"
"133122","FRIEDMAN DOUMER GOMEZ BENDAÑO ","ESTACIÓN DE SERVICIOS / GRIFOS","CUSCO","LA CONVENCION","PICHARI","CARRETERA TRONCAL PICHARI-KIMBIRI - FUNDO HUATUSCALLE PARCELAS N° 217910 Y 217911","2026-07-30"
"133123","ESTACION DE SERVICIOS","ESTACIÓN DE SERVICIOS / GRIFOS","PIURA","PIURA","CATACAOS","CALLE 28 DE JULIO N° 083 CASERIO MONTE CASTILLO","2026-08-06"
"133149","NAY RUTH ACUÑA UMERES","ESTACIÓN DE SERVICIOS / GRIFOS","CUSCO","LA CONVENCION","VILCABAMBA","CENTRO POBLADO DE HABASPATA S/N","2026-08-01"
"133158","CORRIDO ORTOGUERIN CARMEN ROSA","ESTACIÓN DE SERVICIOS / GRIFOS","CUSCO","PAUCARTAMBO","KOSÑIPATA","FONDO OLIMPIA PATRIA","2026-08-08"
"133203","PETRONEX PERU S.A.C.","ESTACIÓN DE SERVICIO CON GASOCENTRO DE GLP","LA LIBERTAD","TRUJILLO","HUANCHACO","LOTE VD 461 III-B SECTOR EL MILAGRO VALLE (CUENCA) MOCHE","2026-08-08"
"133262","MAHANAIM MAGDALENA S.A.C.","EE.SS con GLP y GNV","LIMA","LIMA","CARABAYLLO","UNIVERSITARIA S/N CRUCE CON CALLE 2","2026-08-08"
"133274","ESTACION DE SERVICIOS SAN JOSE S.A.C. NARIHUALÁ","ESTACIÓN DE SERVICIO CON GASOCENTRO DE GLP","PIURA","PIURA","CATACAOS","CARRETERA PIURA SECHURA KM 15.5 PEDREGAL CHICO","2026-08-08"
"133282","SERVICENTRO HIDROGAS S.A.C.","ESTACIÓN DE SERVICIO CON GASOCENTRO DE GLP","LA LIBERTAD","TRUJILLO","EL PORVENIR","MZ. I LOTE 1, 40 Y 41 BARRIO 3 CENTRO POBLADO ALTO TRUJILLO","2026-08-07"
"133326","INVERSIONES Y TRANSPORTES ESTRELLA POLAR S.A.C.","ESTACIÓN DE SERVICIOS / GRIFOS","LA LIBERTAD","SANCHEZ CARRION","CHUGAY","MZ. 45 LOTE 07 AV. CIRO ALEGRÍA S/N BARRIO SAN SALVADOR (PARTIDA REGISTRAL N° P30002136)","2026-08-04"
"133360","ESTACION DE SERVICIOS EL SOL DE CAMANA S.A.C.","ESTACIÓN DE SERVICIOS / GRIFOS","ICA","NAZCA","NAZCA","PARCELA 20 SECTOR CURVE","2026-08-08"
"133371","ESTACION DE SERVICIOS E & R GRIFOS EMPRESA INDIVIDUAL DE RESPONSABILIDAD LIMITADA","ESTACIÓN DE SERVICIOS / GRIFOS","PUNO","SAN ROMAN","CARACOTO","CARRETERA JULIACA - CAPACHICA KM. 3+540 SECTOR CANCHI CHICO","2026-08-07"
"133381","COESTI S.A.  PRIMAX","ESTACIÓN DE SERVICIOS / GRIFOS","LIMA","CAÑETE","ASIA","CARRETERA PANAMERICANA SUR KM. 106 (NORTE A SUR) PREDIO A SECTOR SARAPAMPA","2026-08-08"
"133397","ESTACIÓN DE SERVICIOS L&L S.A.","ESTACIÓN DE SERVICIO CON GASOCENTRO DE GLP","JUNIN","HUANCAYO","EL TAMBO","AV. PROGRESO N° 687","2026-08-08"
"133405","GRUPO MEJIA & ASOCIADOS S.A.C.","ESTACIÓN DE SERVICIOS / GRIFOS","LAMBAYEQUE","CHICLAYO","MONSEFU","VALLE CHANCAY / SECTOR ELLEN / LA COFRADIA N° 1 COD. PREF. 7_6259235_094056/UC 094056 (AV. VENEZUELA CON CALLE SIN NOMBRE)","2026-08-08"
"133443","SERVICENTRO ELENA EMPRESA INDIVIDUAL DE RESPONSABILIDAD LIMITADA","ESTACIÓN DE SERVICIOS / GRIFOS","CUSCO","QUISPICANCHI","OCONGATE","PREDIO RUSTICO QUINSA PUCYO, ANEXO PUYCABAMBA DEL CENTRO POBLADO DE TINKI","2026-08-09"
"133467","X TRAM S.A.C.","ESTACIÓN DE SERVICIOS / GRIFOS","LORETO","REQUENA","REQUENA","AV. JOSE CARLOS MARIATEGUI ESQUINA CON CALLE 26 DE MAYO","2026-08-07"
"133513","ESTACIÓN DE SERVICIOS MIGUEL ANGEL EIRL","ESTACIÓN DE SERVICIOS / GRIFOS","LAMBAYEQUE","LAMBAYEQUE","OLMOS","LADO NORTE DEL DISTRITO DE OLMOS - SECTOR EL PORVENIR - CARRETERA PANAMERICANA NORTE KM 125 +85","2026-08-04"
"133566","ZETA GAS ANDINO SA","GASOCENTROS DE GLP","HUANUCO","HUANUCO","HUANUCO","CARRETERA HUÁNUCO - AEROPUERTO KM 4.5 CENTRO POBLADO DE COLPA BAJA SECTOR II","2026-07-31"
"133620","COESTI S.A.  ULTRACOM EVITAMIENTO","ESTACIÓN DE SERVICIO CON GASOCENTRO DE GLP","LA LIBERTAD","TRUJILLO","VICTOR LARCO HERRERA","AV. DOS DE MAYO N° 1050 MZ. 1 LOTE 3 LOTIZACION MONTEVIDEO SECTOR BUENOS AIRES SUR","2026-08-08"
"133678","SERVICENTRO CARLIZ S.C.R.LTDA.","ESTACIÓN DE SERVICIOS / GRIFOS","PUNO","SAN ANTONIO DE PUTINA","ANANEA","AV. CIRCUNVALACIÓN S/N, MZ.B, BARRIO PROGRESO","2026-08-07"
"133713","ANDREE G & C SOCIEDAD ANONIMA CERRADA","ESTACIÓN DE SERVICIOS / GRIFOS","CUSCO","CUSCO","SAN SEBASTIAN","FRACCION QUINTA EL TOLEDANO Y LOTE 1 MANZANA 'Y' APV. POPULAR SANTA ROSA, URB. TUPAC AMARU","2026-08-08"
"133739","COMBUSTIBLES PETRODUT E.I.R.L","ESTACIÓN DE SERVICIOS / GRIFOS","CUSCO","LA CONVENCION","HUAYOPATA","SECTOR IPAL - PIRHUA S/N","2026-08-07"
"133747","JOHN CARPIO NUÑEZ","ESTACIÓN DE SERVICIOS / GRIFOS","PUNO","LAMPA","SANTA LUCIA","AV PANAMERICANA S/N (CARRETERA JULIACA-AREQUIPA)","2026-08-07"
"133786","ESTACION DE SERVICIOS KALIN CALIFORNIA S.A.C.","ESTACIÓN DE SERVICIO CON GASOCENTRO DE GLP","LA LIBERTAD","TRUJILLO","VICTOR LARCO HERRERA","MZ. G LOTE 1 SEGUNDA ETAPA URB. SAN JOSE DE CALIFORNIA","2026-08-08"
"133846","KATERINE MILAGROS NINA CCORIMANYA","ESTACIÓN DE SERVICIOS / GRIFOS","MADRE DE DIOS","MANU","MADRE DE DIOS","CARRETERA PUNKIRI CHICO - BOCA COLORADO KM 36+400","2026-08-06"
"133850","SERVICENTRO PANAMERICANO","ESTACIÓN DE SERVICIOS / GRIFOS","APURIMAC","ABANCAY","ABANCAY","SECTOR ILLANYA FRACCION DE LA PARCELA N° 35, CARRET. ABANCAY - CHALHUANCA KM. 07","2026-08-09"
"133853","GRUPO TRUJILLO SRL","ESTACIÓN DE SERVICIOS / GRIFOS","ANCASH","HUARI","HUARI","JR. PROLONGACIÓN LEONCIO PRADO S/N BARRIO EL CARMEN","2026-08-04"
"133868","PETRO IQUITOS 2","ESTACIÓN DE SERVICIOS / GRIFOS","LORETO","MAYNAS","PUNCHANA","JR. TRUJILLO ESQUINA CON LA CALLE MAYNAS","2026-08-09"
"133885","GASOCENTRO VILLASOL H&B  E.I.R.L.","GASOCENTROS DE GLP","HUANUCO","HUANUCO","CHINCHAO","CARRETERA HUANUCO TINGO MARIA CASERIO VILLASOL COMUNIDAD CAMPESINA DE ACOMAYO","2026-08-07"
"134036","PASCUAL CABEZAS HUARANCCA","ESTACIÓN DE SERVICIOS / GRIFOS","AYACUCHO","LA MAR","ANCO","JR.1 S/N CENTRO POBLADO DE UNIÓN PROGRESO DE SAN ANTONIO","2026-08-07"
"134040","CRISTOPHOER ISRAEL MACEDO MONTES","ESTACIÓN DE SERVICIOS / GRIFOS","PUNO","CARABAYA","MACUSANI","AV. TRANSOCEANICA S/N ESQ. JR. ANDRES MANZANO MZ. D LOTE 12 URB. SAN ANTONIO","2026-08-08"
"134060","EMPRESA DE TRANSPORTES MODIHU S.A.C.","ESTACIÓN DE SERVICIOS / GRIFOS","LIMA","LIMA","CARABAYLLO","AV. JOSÉ SACO ROJAS MZ.B LOTE 9 PROGRAMA DE VIVIENDA LAS DALIAS","2026-08-07"
"134062","ESTACION DE SERVICIOS LEO RUIZ SRL","ESTACIÓN DE SERVICIO CON GASOCENTRO DE GLP","CAJAMARCA","CAJAMARCA","CAJAMARCA","PROL. AV. VIA DE EVITAMIENTO SUR-CARRETERA A JESUS BARRIO SAN MARTIN (FRENTE A PLANTA REVISION TECNICA)","2026-08-08"
"134069","GRIFO FLOTANTE CESAR  NAUTA SRL","GRIFOS FLOTANTES","LORETO","LORETO","NAUTA","MARGEN IZQUIERDA DEL RIO MARAÑÓN, EN LA LOCALIDAD DE NAUTA","2026-08-08"
"134103","CORPORACION MAVIMAR E.I.R.L.","ESTACIÓN DE SERVICIOS / GRIFOS","APURIMAC","COTABAMBAS","MARA","COMUNIDAD DE CONGOTA, CARRETERA CHALLHUAHUACHO A MARA","2026-08-07"
"134208","GLOBAL FUEL S.A.","ESTACIÓN DE SERVICIO CON GASOCENTRO DE GLP","LIMA","BARRANCA","BARRANCA","JIRON GALVEZ N° 919","2026-08-08"
"134229","SERVICENTRO NOLASCO","ESTACIÓN DE SERVICIO CON GASOCENTRO DE GLP","HUANUCO","PACHITEA","PANAO","CARRETERA PANAO-MOLINO S/N, KM 0.5","2026-08-09"
"134236","GRIFO CONTINENTAL S.A.C.","ESTACIÓN DE SERVICIO CON GASOCENTRO DE GLP","CAJAMARCA","CAJAMARCA","CAJAMARCA","VIA EVITAMIENTO NORTE S/N SECTOR 5 LA ALAMEDA 2DA ETAPA (CRUCE CON CA. FELIX MENDELSSOHN - A 01 CUADRA DE SUNAT)","2026-08-08"
"134299","ANGELITA MULTIVENTAS-CONSTRUCCIONES Y CONSULTORES S.A.C.","GRIFOS FLOTANTES","LORETO","MARISCAL RAMON CASTILLA","RAMON CASTILLA","MARGEN DERECHA DEL LAGO CABALLOCOCHA, EN EL POBLADO DE SAN MARTÍN","2026-08-06"
"134304","ESTACION DE SERVICIOS LA SIQUINA","ESTACIÓN DE SERVICIOS / GRIFOS","TACNA","TACNA","SAMA","FUNDO RUSTICO LA SIQUINA, TERRENO A, SECTOR BOCA DEL RIO, CARRETERA COSTANERA SUR","2026-08-07"
"134311","CORPORACION FABY S.A.C","ESTACIÓN DE SERVICIOS / GRIFOS","PASCO","PASCO","SIMON BOLIVAR","AA.HH JOSE CARLOS MARIATEGUI SECTOR 03 AV. LOS YAROS LOTES 03 Y 04 MZA. 03","2026-08-08"
"134336","MULTINEGOCIOS EMPRESARIALES JHIRE S.A.C.","ESTACIÓN DE SERVICIOS / GRIFOS","LA LIBERTAD","SANTIAGO DE CHUCO","SANTIAGO DE CHUCO","CALLE TUNGSTENO S/N BARRIO SAN JOSE","2026-08-08"
"134337","GRIFO FLOTANTE PUERTO COSTA SOCIEDAD ANONIMA CERRADA","GRIFOS FLOTANTES","MADRE DE DIOS","TAMBOPATA","TAMBOPATA","MARGEN DERECHA DEL RIO MADRE DE DIOS - PUERTO ACOSTA","2026-08-05"
"134359","GRIFO GRUPO UCHUÑARI SOCIEDAD COMERCIAL DE RESPONSABILIDAD LIMITADA","ESTACIÓN DE SERVICIOS / GRIFOS","PUNO","SANDIA","SAN PEDRO DE PUTINA PUNCO","AV. BINACIONAL S/N CENTRO POBLADO CURVA ALEGRE","2026-08-08"
"134446","GRIFO MEDINA","ESTACIÓN DE SERVICIOS / GRIFOS","PUNO","LAMPA","CALAPUJA","CARRETERA JULIACA - CUSCO KM. 21 SECTOR KAPANI","2026-08-09"
"134502","JORGE ZANABRIA JUAN CARLOS","ESTACIÓN DE SERVICIOS / GRIFOS","AYACUCHO","LA MAR","ANCO","CARRETERA SAN ANTONIO - CENTRO POBLADO LECHEMAYO","2026-08-04"
"134533","ESTACIÓN DE SERVICIOS DON JERONIMO","ESTACIÓN DE SERVICIOS / GRIFOS","CUSCO","PAUCARTAMBO","COLQUEPATA","COMUNIDAD CAMPESINA COTATOCLLA PREDIO RUSTICO URACANCHA","2026-08-07"
"134609","GRIFO LOS CEDROS","ESTACIÓN DE SERVICIOS / GRIFOS","APURIMAC","AYMARAES","CHALHUANCA","PANAMERICANA SUR MZ. T2 LT. 10 - BARRIO CAMANI","2026-08-07"
"134633","ESTACION DE SERVICIOS ARQUINIGO S.A.C.","ESTACIÓN DE SERVICIOS / GRIFOS","ANCASH","HUARI","MASIN","AV. PRIMAVERA S/N CARRETERA POMACHACA-MASIN S/N UNIDAD CATASTRAL 8-2658960-51967, VALLE PUCHKA","2026-08-09"
"134640","GRIFOS BALDEON DEL ORIENTE SOCIEDAD ANONIMA CERRADA","ESTACIÓN DE SERVICIOS / GRIFOS","UCAYALI","CORONEL PORTILLO","CAMPOVERDE","CARRETERA F. BASADRE KM. 30.500 MARGEN IZQUIERDA","2026-08-07"
"134657","CONSTRUCTORA Y PROVEEDORA LINARES E.I.R.L.","GRIFOS RURALES CON ALMACENAMIENTO EN CILINDROS","CUSCO","CANCHIS","MARANGANI","ZONA RURAL JR. VILCANOTA Y CALLE CUSCO","2026-08-05"
"134682","TRANSPORTISTAS Y COMERCIALIZADORA E.I.R.L","ESTACIÓN DE SERVICIO CON GASOCENTRO DE GLP","HUANUCO","HUANUCO","PILLCO MARCA","CARRETERA CENTRAL HUANUCO-LIMA, KM 13 PARCELA N° 93, PREDIO VICHAYCOTO","2026-08-08"
"134688","ZETA GAS ANDINO S.A","GASOCENTROS DE GLP","AREQUIPA","AREQUIPA","SACHACA","CARRETERA VARIANTE DE UCHUMAYO KM 1.5","2026-07-24"
"134719","GRIFO FLOTANTE THIAGO E.I.R.L","GRIFOS FLOTANTES","LORETO","MAYNAS","PUNCHANA","MARGEN DERECHA DEL RIO ITAYA, FRENTE AL PUERTO PESQUERO","2026-08-04"
"134720","GLOBAL FUEL S.A","ESTACIÓN DE SERVICIO CON GASOCENTRO DE GLP","CAJAMARCA","CAJAMARCA","CAJAMARCA","INTERSECCION AV. TAHUANTINSUYO Y AV. SAN MARTIN DE PORRES N° 1580 BARRIO SAN MARTIN DEPORRES","2026-08-08"
"134721","MULTISERVICIOS SANTA LUCIA","ESTACIÓN DE SERVICIOS / GRIFOS","APURIMAC","ANDAHUAYLAS","ANDAHUAYLAS","AV. SESQUICENTENARIO S/N","2026-08-07"
"134741","ESTACION DE SERVICIOS KAORI SAC","ESTACIÓN DE SERVICIO CON GASOCENTRO DE GLP","JUNIN","CHANCHAMAYO","PERENE","CARRETERA MARGINAL S/N - SECTOR JUAN VELASCO ALVARAD MZ D LOTES 2D, 2E Y 2N","2026-08-09"
"134801","CASPETROL SAC","ESTACIÓN DE SERVICIOS / GRIFOS","CUSCO","CHUMBIVILCAS","COLQUEMARCA","CARRETERA COLQUEMARCA SANTO TOMAS S/N","2026-08-06"
"134854","KATTY ANDIA OSCCO","ESTACIÓN DE SERVICIOS / GRIFOS","APURIMAC","CHINCHEROS","ANCO-HUALLO","AV. LOS INCAS N° 324","2026-08-07"
"134855","SAN ANTONIO CORP S.A.C.","GRIFOS RURALES CON ALMACENAMIENTO EN CILINDROS","HUANUCO","HUAMALIES","LLATA","JR. PROLONGACIÓN 28 DE JULIO S/N","2026-07-21"
"134866","GLOBAL FUEL SOCIEDAD ANONIMA","ESTACIÓN DE SERVICIO CON GASOCENTRO DE GLP","ICA","CHINCHA","GROCIO PRADO","CARRETERA PANAMERICANA SUR KM 180-181","2026-08-07"
"134892","ALBERTO TINEO MITMA","ESTACIÓN DE SERVICIOS / GRIFOS","AYACUCHO","CANGALLO","LOS MOROCHUCOS","AV. CHANQUIL S/N, CENTRO POBLADO DE CHANQUIL","2026-08-06"
"134913","INVERSIONES VALUEMI S.A.C.","ESTACIÓN DE SERVICIO CON GASOCENTRO DE GLP","LIMA","LIMA","CARABAYLLO","A.H. PROYECTO INTEGRAL ALIANZA INDUSTRIAL DE LAS LOMAS MZ. C LOTE 5 - SECTOR CRUZ DEL NORTE 1, ZONA BAJA","2026-08-07"
"135016","GRUPO D¿GUADALUPE S.A.C.","ESTACIÓN DE SERVICIOS / GRIFOS","CUSCO","QUISPICANCHI","ANDAHUAYLILLAS","PREDIO RUSTICO DENOMINADO MOLLECHAYOC, SECTOR COYLLORCUCHO","2026-08-08"
"135047","EE.SS. DON MARIANITO II","ESTACIÓN DE SERVICIOS / GRIFOS","CUSCO","QUISPICANCHI","OROPESA","PREDIO CHURUPUCJIO, SECTOR CHURUPUJIO VALLE HUATANAY","2026-08-07"
"135071","SERVICENTRO NUEVO MUNDO EMPRESA INDIVIDUAL DE RESPONSABILIDAD LIMITADA","ESTACIÓN DE SERVICIOS / GRIFOS","PUNO","LAMPA","CALAPUJA","CARRETERA SICUANI - JULIACA, PARCELA B-34, COMUNIDAD SARA  ESTRELLA","2026-08-06"
"135085","SERVICIOS DE ESTACIONAMIENTO MACRIS S.A.C.","ESTACIÓN DE SERVICIOS / GRIFOS","CAJAMARCA","CAJABAMBA","CAJABAMBA","AV. VICTOR RAUL HAYA DE LA TORRE N° 121","2026-07-31"
"135092","GRIFO FLOTANTE CESAR INDIANA SRL","GRIFOS FLOTANTES","LORETO","MAYNAS","INDIANA","MARGEN IZQUIERDA DEL RIO AMAZONAS, EN LA LOCALIDAD DE INDIANA","2026-07-30"
"135178","ESTACION DE SERVICIOS AIRLANN EIRL","ESTACIÓN DE SERVICIOS / GRIFOS","APURIMAC","COTABAMBAS","CHALLHUAHUACHO","COMUNIDAD MANUEL SEOANE CORRALES S/N","2026-08-07"
"135182","GRIFO JUNIOR S.A.C.","ESTACIÓN DE SERVICIOS / GRIFOS","LAMBAYEQUE","LAMBAYEQUE","MORROPE","CASERIO LAGUNAS - CRUCE ZENAIDA LADO NORTE S/N","2026-08-07"
"135204","INVERSIONES BELLOTA JB S.A.C.","ESTACIÓN DE SERVICIOS / GRIFOS","CUSCO","CHUMBIVILCAS","COLQUEMARCA","CARRETERA COLQUEMARCA - CUSCO S/N","2026-08-03"
"135205","ESTACION DE SERVICIOS LA CUMBRERA S.R.L.","ESTACIÓN DE SERVICIOS / GRIFOS","CUSCO","QUISPICANCHI","CCARHUAYO","SECTOR MULLAMAYO, CALLE PRINCIPAL S/N","2026-08-07"
"135208","ESTACION DE SERVICIOS OSO E.I.R.L","ESTACIÓN DE SERVICIOS / GRIFOS","AYACUCHO","SUCRE","QUEROBAMBA","JR. LEONCIO PRADO Y JR. CAHUIDE MZ. N, LT. 03 - SECTOR BARRIO CHAUPI","2026-08-07"
"135234","GRIFO ROBLES S.A.C.","ESTACIÓN DE SERVICIO CON GASOCENTRO DE GLP","JUNIN","HUANCAYO","PILCOMAYO","AV. LAS AMERICAS S/N","2026-08-08"
"135289","GRIFOS GLORIA","ESTACIÓN DE SERVICIOS / GRIFOS","JUNIN","HUANCAYO","SAPALLANGA","CALLE REAL N° 830 - LA PUNTA","2026-08-08"
"135352","PEDRO PALOMINO MARTINEZ","ESTACIÓN DE SERVICIOS / GRIFOS","HUANCAVELICA","TAYACAJA","ACOSTAMBO","CARRETRA CENTRAL S/N","2026-08-07"
"135509","SERVICENTRO CH¿UMPIWILCAS SOCIEDAD ANONIMA CERRADA","ESTACIÓN DE SERVICIOS / GRIFOS","CUSCO","CHUMBIVILCAS","LIVITACA","AV. WARI Y CALLE ANTONIO MAIMONDI MZA. V1 LOTE 11","2026-08-07"
"135513","COESTI S.A","EE.SS con GLP y GNV","LIMA","LIMA","SAN JUAN DE LURIGANCHO","AV. LURIGANCHO MZ. B LOTE 10 A,B,C,D, E Y SUB LOTE 10 F1","2026-08-08"
"135516","EMERSON IGNACIO ALONZO GUERRA","GRIFOS RURALES CON ALMACENAMIENTO EN CILINDROS","UCAYALI","CORONEL PORTILLO","NUEVA REQUENA","JR. ABELARDO GUERRA ESQUINA JR. PEDRO PINCHI MZ. 12 LTE. 05","2026-08-05"
"135517","GLOBAL FUEL SOCIEDAD ANONIMA","EE.SS con GLP y GNV","ICA","ICA","LA TINGUIÑA","AV. FINLANDIA S/N, MZ. A-D, LOTES A1 Y A2, URB. SAN IDELFONSO","2026-08-08"
"135541","ESTACION DE SERVICIOS DIANA S.A.C.","ESTACIÓN DE SERVICIOS / GRIFOS","LA LIBERTAD","PATAZ","PARCOY","CARRETERA A LA ENTRADA AL DISTRITO DE PARCOY","2026-07-18"
"135572","SERVICENTRO NUEVA KALIFORNIA","ESTACIÓN DE SERVICIOS / GRIFOS","PUNO","SAN ROMAN","JULIACA","AV. JULIO C. TELLO N° 300, 306, 310 ESQUINA CON EL JR. MARAÑON","2026-08-09"
"135583","AERO GAS DEL NORTE SOCIEDAD ANONIMA CERRADA","ESTACIÓN DE SERVICIO CON GASOCENTRO DE GLP","LAMBAYEQUE","CHICLAYO","CHICLAYO","AV. SALAVERRY NRO. 595 - PJ JOSÉ OLAYA","2026-08-07"
"135633","FERNANDO GRANDEZ ZARATE","ESTACIÓN DE SERVICIOS / GRIFOS","UCAYALI","CORONEL PORTILLO","YARINACOCHA","CENTRO POBLADO AREA URBANA DE YARINACOCHA (AMPLIACIÓN CON PUERTO CALLAO ETAPAS I, II, III, IV) MZ. 121 LOTE 09  ETAPA TERCERA","2026-08-05"
"135694","ESTACION DE SERVICIOS SANTA MARIA S.R.L.","ESTACIÓN DE SERVICIO CON GASOCENTRO DE GLP","LA LIBERTAD","TRUJILLO","MOCHE","LOTE D Y E PREDIO EL TANQUE - SECTOR EL TANQUE KM. 556 - CAR. PANAMERICANA NORTE","2026-08-08"
"135710","INVERSIONES HENA","ESTACIÓN DE SERVICIO CON GASOCENTRO DE GLP","ICA","PISCO","INDEPENDENCIA","CARRETERA LOS LIBERTADORES KM. 16, (PARAJE SANTA MARIA)","2026-08-09"
"135719","ESTACION DE SERVICIOS CHUCHUMARAY S.A.C.","ESTACIÓN DE SERVICIOS / GRIFOS","LA LIBERTAD","PATAZ","PARCOY","CARRETERA A PARCOY S/N SECTOR CHUCHUMARAY","2026-08-09"
"135722","CONCORSA SAC","ESTACIÓN DE SERVICIO CON GASOCENTRO DE GLP","LA LIBERTAD","PACASMAYO","SAN JOSE","CARRETERA PANAMERICANA NORTE KM. 689 + 180","2026-08-08"
"135731","GO COMBUSTIBLES 8 S.A.C.","ESTACIÓN DE SERVICIO CON GASOCENTRO DE GLP","LIMA","LIMA","LURIN","AV. X-5 MZ. G-1 LOTES 5, 6 Y 7 (ANTIGUA PANAMERICANA SUR)","2026-08-08"
"135749","SAN ANTONIO CORP SAC","GRIFOS RURALES CON ALMACENAMIENTO EN CILINDROS","HUANUCO","HUAMALIES","LLATA","CENTRO POBLADO LIBERTAD S/N (CARRETERA LIBERTAD PORVENIR OGSHASH)","2026-07-17"
"135772","ECOX S.A.C.","ESTACIÓN DE SERVICIO CON GASOCENTRO DE GLP","SAN MARTIN","TOCACHE","TOCACHE","JR. JORGE CHAVEZ N° 280","2026-08-08"
"135778","GUEVARA MEGO ELMER","ESTACIÓN DE SERVICIOS / GRIFOS","AMAZONAS","BAGUA","LA PECA","CARRETERA BAGUA - EL MILAGRO KM 3 + 500","2026-08-07"
"135787","GRUPO GRAN BLANCO E.I.R.L.","GRIFOS FLOTANTES","LORETO","DATEM DEL MARAÑON","BARRANCA","MARGEN IZQUIERDA DEL RIO MARAÑON, EN EL POBLADO DE SAN LORENZO","2026-08-03"
"135804","GRIFO CHAMACA","ESTACIÓN DE SERVICIOS / GRIFOS","CUSCO","CHUMBIVILCAS","CHAMACA","VIA CHAMACA - CUSCO","2026-08-08"
"135813","QUISPE DIAZ MAX WILIANS","ESTACIÓN DE SERVICIOS / GRIFOS","PUNO","LAMPA","CALAPUJA","CARRETERA JULIACA - CUSCO KM. 11+500","2026-08-09"
"135816","ESTACION DE SERVICIOS LIDER SRL","ESTACIÓN DE SERVICIO CON GASOCENTRO DE GLP","LAMBAYEQUE","CHICLAYO","JOSE LEONARDO ORTIZ","AV. MÉXICO NRO. 274","2026-08-09"
"135892","SERVICENTRO SAN ANTONIO","ESTACIÓN DE SERVICIOS / GRIFOS","LORETO","DATEM DEL MARAÑON","BARRANCA","CALLE ALFONSO VALCARCEL MZ 49, LOTE 05, II ETAPA - SAN LORENZO","2026-08-04"
"135944","MORALES REAL ROBERTO MEDARDO","ESTACIÓN DE SERVICIOS / GRIFOS","ANCASH","YUNGAY","MANCOS","CARRETERA CENTRAL MZ G LT 1 CENTRO POBLADO MANCOS","2026-08-07"
"135999","ESTACION DE SERVICIOS MANTARO E.I.R.L.","ESTACIÓN DE SERVICIO CON GASOCENTRO DE GLP","JUNIN","HUANCAYO","SAPALLANGA","CALLE REAL S/N BARRIO CHACLAS","2026-08-07"
"136002","YANET PILAR POMA ALEJANDRO","ESTACIÓN DE SERVICIOS / GRIFOS","JUNIN","CHANCHAMAYO","PERENE","CENTRO POBLADO PUERTO YURINAKI, MZ. U, LOTE 4-5","2026-08-02"
"136027","OGOSI CORDERO YENY EDITH","ESTACIÓN DE SERVICIOS / GRIFOS","AYACUCHO","CANGALLO","MARIA PARADO DE BELLIDO","CARRETERA HACIA POMABAMBA, LOCALIDAD ACCNO CCATA","2026-08-06"
"136038","INVERSIONES IMPACTO DIVINO CELESTIAL M & M S.A.C.","ESTACIÓN DE SERVICIOS / GRIFOS","CUSCO","PAUCARTAMBO","PAUCARTAMBO","AV. PUMACHACA-BARRIO PIEDRA GRANDE MZ. V6 LOTE 13","2026-08-06"
"136109","INVERSIONES GENERALES PETROGAS DAB EIR.","ESTACIÓN DE SERVICIOS / GRIFOS","CUSCO","CUSCO","POROY","LOTES S/N, SECTOR II EX FUNDO YANAMAYO","2026-08-08"
"136127","SERVICENTRO GOYAS","ESTACIÓN DE SERVICIO CON GASOCENTRO DE GLP","LIMA","HUAROCHIRI","SANTA EULALIA","FUNDO OLIVO - SECTOR PALLE VIEJO CÓDIGO CATASTRAL 01571 - AV. MARISCAL CASTILLA S/N","2026-08-08"
"136136","ACUARIO FUELS S.A.C.","ESTACIÓN DE SERVICIO CON GASOCENTRO DE GLP","LA LIBERTAD","TRUJILLO","MOCHE","LOTE 1 PREDIO LA GARGANTA SECTOR CAMPIÑA MOCHE FRENTE A CARRETERA PANAMERICANA KM. 560","2026-08-09"
"136140","LUIS RIMARACHIN CARRANZA","GRIFOS RURALES CON ALMACENAMIENTO EN CILINDROS","SAN MARTIN","MARISCAL CACERES","HUICUNGO","CARRETERA A PACHIZA S/N (SALIDA DE HICUNGO A PACHIZA)","2026-07-31"
"136210","ESTACION DE SERVICIOS AMAF EMPRESA INDIVIDUAL DE RESPONSABILIDAD LIMITADA","ESTACIÓN DE SERVICIOS / GRIFOS","AREQUIPA","CAYLLOMA","MAJES","MZ. A, LOTE N° 01, CIUDAD DE MAJES, MÓDULO A, SECTOR I PEDREGAL","2026-08-07"
"136237","NEGOCIOS MAYORISTAS BELETO SAC","ESTACIÓN DE SERVICIOS / GRIFOS","PUNO","SAN ROMAN","CARACOTO","LOTE N° 1, 10B,11, 12, 13 Y 14 MZ.N AV. JERUSALEN URB. SANTA MARCELA","2026-08-05"
"136277","INVERSIONES SAMANCO S.A.C.","ESTACIÓN DE SERVICIOS / GRIFOS","ANCASH","SANTA","COISHCO","ANTIGUA PANAMERICANA MZ I2, LOTE 37 - COISHCO","2026-08-09"
"136308","NORMA NANCY MENA DEL CARPIO","ESTACIÓN DE SERVICIOS / GRIFOS","AREQUIPA","AREQUIPA","CERRO COLORADO","AVENIDA JOSE OLAYA N° 106","2026-08-05"
"136340","ESTACION DE SERVICIOS EL TRANSPORTISTA II E.I.R.L.","ESTACIÓN DE SERVICIO CON GASOCENTRO DE GLP","LA LIBERTAD","ASCOPE","CHOCOPE","PARCELA 13-B PREDIO MOCOLLOPE, CARRETERA PANAMERICANA NORTE KM. 613 C.P. SINTUCO (COSTADO PARADERO SINTUCO)","2026-08-08"
"136344","DON LEO","ESTACIÓN DE SERVICIOS / GRIFOS","LAMBAYEQUE","LAMBAYEQUE","LAMBAYEQUE","PREDIO POZO LA GREDA C.P CAPILLA SANTA ROSA PANAMERICANA NORTE KM 5+700","2026-08-05"
"136355","CENTRAL PARIACHI S.A.C. ","EE.SS con GLP y GNV","LIMA","LIMA","ATE","AV. NICOLAS AYLLON (ANTES CARRETERA CENTRAL) PREDIO SEMI RUSTICO PARIACHI PARCELA 10906","2026-08-08"
"136358","V & J MULTISERVICIOS SAN JOSE S.A.C.","ESTACIÓN DE SERVICIOS / GRIFOS","PUNO","AZANGARO","SAMAN","CARRETERA JULIACA - HUANCANE KM 18 CENTRO POBLADO JASANA GRANDE","2026-08-08"
"136371","GRUPO VIRGEN DE LA MEDALLA MILAGROSA E.I.R.L. ","ESTACIÓN DE SERVICIOS / GRIFOS","LAMBAYEQUE","CHICLAYO","PUCALA","MZ B LOTES 13, 14, Y 15 - SECTOR CAMPO ORIENTE, CARRETERA PATAPO SIPAN KM 08","2026-08-07"
"136476","EUSEBIO CORAS YAROS ","ESTACIÓN DE SERVICIOS / GRIFOS","AYACUCHO","LA MAR","SAMUGARI","ESQUINA AV. RIO MAGDALENA CON AV. LOS COCOS MZ. D-1, LOTES 1,2,3,4 Y 5","2026-07-30"
"136503","ESTACIÓN DE  SERVICIO. MARVIC SAC","ESTACIÓN DE SERVICIOS / GRIFOS","UCAYALI","CORONEL PORTILLO","MANANTAY","AV. AVIACIÓN ESQUINA VIA DE EVITAMIENTO MZ A LOTE 15 AAHH LA FORTALEZA","2026-08-07"
"136517","MEGA INVERSIONES SAN JUAN E.I.R.L.","ESTACIÓN DE SERVICIOS / GRIFOS","HUANCAVELICA","HUAYTARA","PILPICHACA","AV. LOS LIBERTADORES KM 192 DEL CENTRO POBLADO DE RUMICHACA","2026-08-03"
"136649","GASOLINERA PETROX","ESTACIÓN DE SERVICIOS / GRIFOS","AYACUCHO","HUAMANGA","JESUS NAZARENO","RUMICHACA S/N CENTRO JESUS NAZARENO CARRETERA AYACUCHO - HUANTA","2026-08-05"
"136681","INVERSIONES SAQUISAQUI S.R.L.","ESTACIÓN DE SERVICIOS / GRIFOS","UCAYALI","CORONEL PORTILLO","CALLERIA","AV. TUPAC AMARU CON LA AV LORETO ATURA DEL KM 8 DE LA CFB","2026-08-04"
"136779","GRIFOS SANTA YSABEL","ESTACIÓN DE SERVICIO CON GASOCENTRO DE GLP","LAMBAYEQUE","CHICLAYO","CHICLAYO","SUB LOTE 4A - FUNDO POLOLO (INTERSECCIÓN AV. PROLONGACION BOLOGNESI Y CALLE AREQUIPA)","2026-08-07"
"136812","BILCON GAS S.A.C.","ESTACIÓN DE SERVICIO CON GASOCENTRO DE GLP","LIMA","CAÑETE","IMPERIAL","RESIDENCIAL VILLA VICENTE MZ. H2 LT. 01, CARRETERA CAÑETE  YAUYOS","2026-08-06"
"136859","IVAN RAMOS ESPINOZA","ESTACIÓN DE SERVICIOS / GRIFOS","ANCASH","HUARI","HUARI","AV. CIRCUNVALACIÓN BAJA S/N (A 500 M DEL HOSPITAL, CARRETERA ASFALTADA HUARI  LIMA)","2026-08-06"
"136861","GRIFO E&L E.I.R.L.","ESTACIÓN DE SERVICIOS / GRIFOS","CAJAMARCA","HUALGAYOC","BAMBAMARCA","PROLONGACION AV. RICARDO PALMA S/N SECTOR DE MAYGASBAMBA (REF. A 100 M DE PUENTE MAYGASBAMBA)","2026-08-03"
"136870","DISCOM D&M S.A.C.","ESTACIÓN DE SERVICIO CON GASOCENTRO DE GLP","ANCASH","SANTA","CHIMBOTE","AV. CAMINO REAL MZ. 23 LOTE 8A P. J. MIRAFLORES BAJO (ESQUINA CON PROLONGACION JOSE OLAYA)","2026-08-08"
"136873","CORPORACION DE NEGOCIOS PETRO SELVA E.I.R.L.","GRIFOS FLOTANTES","UCAYALI","CORONEL PORTILLO","CALLERIA","MARGEN DERECHO DEL RIO UCAYALI","2026-08-08"
"136901","AURELIO ÑACARI CCANTO ","GRIFOS FLOTANTES","UCAYALI","ATALAYA","RAYMONDI","PUERTO ATALAYA MARGEN DERECHO DEL RIO TAMBO","2026-08-07"
"136930","HUGO ARENAS VELASQUEZ ","ESTACIÓN DE SERVICIOS / GRIFOS","APURIMAC","ANDAHUAYLAS","ANDAHUAYLAS","AV. SESQUICENTENARIO Y JR. LOS ROSALES S/N","2026-08-07"
"136932","SERVICENTRO PALUCO E.I.R.L.","ESTACIÓN DE SERVICIOS / GRIFOS","AYACUCHO","HUAMANGA","JESUS NAZARENO","CARRETERA AYACUCHO-HUANTA KM. 07+250 - ANEXO RUMICHACA","2026-08-08"
"136971","BERCORD E.I.R.L.","ESTACIÓN DE SERVICIO CON GASOCENTRO DE GLP","ICA","ICA","TATE","SECTOR LA CAPILLA PREDIO LA CHOZA S/N","2026-08-08"
"137063","EE.SS GRIFO CANAYRE S.A.C.","ESTACIÓN DE SERVICIOS / GRIFOS","AYACUCHO","HUANTA","CANAYRE","ESQUINA AV. LA UNION Y JR. MANRIQUE","2026-08-03"
"137117","JV ORIENTE SAC","ESTACIÓN DE SERVICIO CON GASOCENTRO DE GLP","UCAYALI","CORONEL PORTILLO","YARINACOCHA","AV. SEPARADORA INDUSTRIALES ESQ. CALLE S/N ALT. CARRETERA FEDERICO BASADRE KM 7.8","2026-08-08"
"137164","ESTACION DE SERVICIOS PRISMAX S.A.C.","ESTACIÓN DE SERVICIOS / GRIFOS","CAJAMARCA","CHOTA","CHOTA","PREDIO CASQUITO  SECTOR PINGOBAMBA TORIL U.C. 400023 (CARRETERA CHOTA  LAJAS)","2026-08-09"
"137229","SERVICENTRO INAMBARI S.A.C.","ESTACIÓN DE SERVICIOS / GRIFOS","MADRE DE DIOS","TAMBOPATA","INAMBARI","PARQUE INDUSTRIAL CARRETERA INTEROCEANICA KM. 1","2026-08-07"
"137287","NEGOCIOS Y SERVICENTRO MELGAR S.A.C.","ESTACIÓN DE SERVICIOS / GRIFOS","HUANCAVELICA","CHURCAMPA","EL CARMEN","ANEXO PACCALLE S/N., DEL CENTRO POBLADO PACCALLE- CARRETERA HUANCAYO-AYACUCHO KM. 290.","2026-08-05"
"137289","SERVICENTRO VIRGEN NATIVIDAD SOCIEDAD ANONIMA CERRADA - SERVICENTRO VIRGEN NATIVIDAD S.A.C.","ESTACIÓN DE SERVICIOS / GRIFOS","CUSCO","CUSCO","WANCHAQ","AV. LA REPUBLICA DEL PERU Y AV. AMERICAS LOTE 11-B","2026-08-08"
"137307","SAN ANTONIO GRIFOS S.R.L.","ESTACIÓN DE SERVICIOS / GRIFOS","PUNO","SAN ANTONIO DE PUTINA","PUTINA","PROLONGACION AV. LIBERTAD S/N SECTOR QUEANORY","2026-08-08"
"137314","ESTACION DE SERVICIOS JOLLUCO E.I.R.L.","ESTACIÓN DE SERVICIOS / GRIFOS","LA LIBERTAD","GRAN CHIMU","CASCAS","PREDIO EL TAMBO, CASERIO JOLLUCO","2026-08-08"
"137326","GRIFOS MATARA EIRL","ESTACIÓN DE SERVICIOS / GRIFOS","CAJAMARCA","CAJAMARCA","MATARA","CARRETERA CAJAMARCA SAN MARCOS SECTOR SAN JUAN  PREDIO U.C. N° 56646 (REF. A 300 M INGRESO A MATARA)","2026-08-05"
"137333","GRIFO ILLARI TIRAPATA","ESTACIÓN DE SERVICIOS / GRIFOS","PUNO","AZANGARO","TIRAPATA","AV. PUNO S/N URB. PACHACUTEC MZ. C LOTE 8 CERCADO","2026-08-05"
"137386","ESTACION DE SERVICIOS C L S.A.C.","ESTACIÓN DE SERVICIOS / GRIFOS","CAJAMARCA","CAJAMARCA","MAGDALENA","AV. JORGE CHAVEZ S/N SECTOR LA GRANADA (CARRETERA CAJAMARCA-CIUDAD DE DIOS - REF. A 100 M COMISARIA MAGDALENA)","2026-08-05"
"137397","INVERSIONES VALUEMI S.A.C.","ESTACIÓN DE SERVICIOS / GRIFOS","ANCASH","CASMA","BUENA VISTA ALTA","PARCELA 04592 KM. 6.3, CARRETERA CASMA-HUARAZ, VALLE SECHIN, PREDIO TAJO ABIERTO, SECTOR HUANCAMUÑA","2026-08-08"
"137398","ESTACION DE SERVICIOS MARVISALINAS S.A.C.","ESTACIÓN DE SERVICIOS / GRIFOS","LA LIBERTAD","SANCHEZ CARRION","HUAMACHUCO","CARRETERA HUAMACHUCO - EL PALLAR SECTOR LAS PAVAS CASERIO YANAC I","2026-08-07"
"137404","PETROMUNDO","GASOCENTROS DE GLP","CUSCO","CUSCO","CUSCO","ESQUINA AV. EJERCITO Y ALAMEDA PACHACUTEC S/N","2026-08-08"
"137413","LUISA MENDOZA MAMANI ","ESTACIÓN DE SERVICIOS / GRIFOS","CUSCO","QUISPICANCHI","OCONGATE","PREDIO CCHUCUMAYO DE LA PARCIALIDAD DE CHACACHIMPA","2026-08-07"
"137461","VIRTUAL GAS S.A.C.","ESTACIÓN DE SERVICIO CON GASOCENTRO DE GLP","ICA","CHINCHA","CHINCHA ALTA","CARRETERA PANAMERICANA SUR KM 199","2026-08-09"
"137469","ESTACION DE ENERGIAS EL CENTENARIO SOCIEDAD ANONIMA CERRADA - ENERGIAS EL CENTENARIO S.A.C.","ESTACIÓN DE SERVICIO CON GASOCENTRO DE GLP","TACNA","TACNA","TACNA","PAGO AYMARA AV. JORGE BASADRE OESTE Nº 203","2026-08-09"
"137542","SERVICIOS GENERALES KIARA JHOSELIN E.I.R.L.","ESTACIÓN DE SERVICIOS / GRIFOS","CAJAMARCA","CHOTA","CHOTA","CARRETERA CHOTA-LAJAS MZA. A-15 LOTE 1-A (VIA EVITAMIENTO ANAXIMANDRO VEGA REF. DETRÁS CEMENTERIO)","2026-08-08"
"137634","ESTACION DE SERVICIOS PAITA","ESTACIÓN DE SERVICIO CON GASOCENTRO DE GLP","PIURA","PAITA","PAITA","MZ. I LOTE 1 ZONA INDUSTRIAL II COMPLEMENTARIA","2026-08-07"
"137646","FULL TANK SAN MARTIN S.A.C.","ESTACIÓN DE SERVICIOS / GRIFOS","CUSCO","LA CONVENCION","PICHARI","CARRETERA PICHARI-PUERTO CUCOS, FUNDO BELÉN, PARCELA TO-40, LUGAR OTARI SAN MARTÍN","2026-08-02"
"137661","ESTACION DE SERVICIOS LEONOR S.A.C","ESTACIÓN DE SERVICIO CON GASOCENTRO DE GLP","ICA","ICA","SANTIAGO","PARCELA N° 36, V.C. 04621, SECTOR LOS TRONQUITOS","2026-08-07"
"137669","ZENAN S.R.L.","ESTACIÓN DE SERVICIOS / GRIFOS","PUNO","SANDIA","YANAHUAYA","AV. PROLONGACION MIRAFLORES S/N","2026-08-07"
"137744","SERVICENTRO SAN BARTOLITO EMPRESA INDIVIDUAL DE RESPONSABILIDAD LIMITADA","ESTACIÓN DE SERVICIO CON GASOCENTRO DE GLP","TACNA","TACNA","TACNA","AV. PANAMERICANA KM. 1304,360 LOTE B-2, SECTOR COPARE","2026-08-08"
"137777","ESTACION DE SERVICIOS PUCARA S.A.C","ESTACIÓN DE SERVICIO CON GASOCENTRO DE GLP","LA LIBERTAD","TRUJILLO","TRUJILLO","MZ. I LOTE 7 URB. SEMIRUSTICA MAMPUESTO","2026-08-08"
"137814","CAMPOS JULCA ARSENIA","ESTACIÓN DE SERVICIOS / GRIFOS","PIURA","HUANCABAMBA","HUANCABAMBA","CASERÍO SEGUNDA S/N - ANEXO CHORRO SUCIO EL CAFETAL - CARRETERA SAPALACHE - HUANCABAMBA","2026-08-04"
"137823","YAVA S.A.C","ESTACIÓN DE SERVICIOS / GRIFOS","AYACUCHO","HUAMANGA","AYACUCHO","PUEBLO JOVEN - LA LIBERTAD MZ. Z1 - LOTE 01","2026-08-08"
"137870","SOFI PETROL EIRL","ESTACIÓN DE SERVICIO CON GASOCENTRO DE GLP","CAJAMARCA","JAEN","BELLAVISTA","CARRETERA JAEN  SAN IGNACIO. PREDIO BUENAVISTA  SECTOR EL PUQUIO (ALTURA INGRESO AL AEROPUERTO)","2026-08-09"
"137879","INVERSIONES AMAYA MORALES SAC","GASOCENTROS DE GLP","LIMA","LIMA","COMAS","AV. UNIVERSITARIA MZ. G LOTE 9 URB. SANTA ISOLINA","2026-08-09"
"137892","SERVICENTRO ENERGI PERU J & N S.A.C.","ESTACIÓN DE SERVICIO CON GASOCENTRO DE GLP","PROV. CONST. DEL CALLAO","PROV. CONST. DEL CALLAO","CALLAO","AV. LOS ALISOS, ESQUINA CON AV. MANUEL MUJICA GALLO LT 1A, 1, 2, 3, 4, 5 Y 36 MZ. A, PROGRAMA DE VIVIENDA Y COMERCIO RESIDENCIAL EL ROSARIO","2026-08-05"
"137905","CORPORACION FERRETERA DEL NORTE S.A.C. ","ESTACIÓN DE SERVICIO CON GASOCENTRO DE GLP","LAMBAYEQUE","CHICLAYO","CHICLAYO","AV. FRANCISCO CUNEO N° 775","2026-08-09"
"137976","ESTACION DE SERVICIOS PARACAS E.I.R.L","ESTACIÓN DE SERVICIOS / GRIFOS","ICA","PISCO","PARACAS","CARRETERA PANAMERICANA SUR KM. 241.600 SECTOR SANTA CRUZ","2026-08-05"
"137995","NEGOCIACIONES LYF S.A.C.","ESTACIÓN DE SERVICIOS / GRIFOS","AYACUCHO","LA MAR","ANCO","CALLE CCOCCAYHUAÑUY - CENTRO POBLADO LECHEMAYO","2026-08-04"
"138051","AGA PETROLEOS","ESTACIÓN DE SERVICIOS / GRIFOS","PUNO","SANDIA","CUYOCUYO","URB. SANTA ROSA, CARRETERA JULIACA - SANDIA KM.196 + 330","2026-08-02"
"138062","ESTACION DE SERVICIO CRHISTIAN SOCIEDAD ANONIMA CERRADA","ESTACIÓN DE SERVICIO CON GASOCENTRO DE GLP","HUANUCO","PACHITEA","MOLINO","SUB LOTE DE TERRENO DENOMINADO MOLINOS CARRETERA MOLINOS-HUARICHACA","2026-08-09"
"138173","KAI ZUT SOCIEDAD ANONIMA CERRADA","ESTACIÓN DE SERVICIO CON GASOCENTRO DE GLP","HUANUCO","HUANUCO","PILLCO MARCA","PREDIO YANAC PARCELA 20889","2026-08-07"
"138180","NEGOCIOS E INVERSIONES EL TÉCNICO E.I.R.L.","GRIFOS FLOTANTES","LORETO","MAYNAS","PUNCHANA","MARGEN DERECHA DEL RÍO ITAYA","2026-08-08"
"138210","NEGOCIACIONES INTI E.I.R.L.","ESTACIÓN DE SERVICIO CON GASOCENTRO DE GLP","MOQUEGUA","ILO","ILO","HABILITACION INDUSTRIAL, MANZANA C, LOTES 01 Y 02","2026-08-09"
"138217","FOUR BEAUTIFUL GIRLS INVERSIONES S.A.C","ESTACIÓN DE SERVICIOS / GRIFOS","LORETO","MAYNAS","IQUITOS","CALLE ATLANTIDA N° 1201-1207 ESQUINA CALLE ABTAO N° 1275-1281 MZ. B LOTE 14 PPJJ ASENTAMMIENTO MARISCAL CASTILLA","2026-08-08"
"138229","SERVICENTRO VIRGEN DE COCHARCAS S.A.C.","ESTACIÓN DE SERVICIO CON GASOCENTRO DE GLP","LIMA","CAÑETE","IMPERIAL","URB. LOS LAURELES, MZ. A LT. N° 1","2026-08-09"
"138296","ESTACION DE SERVICIOS PUYANGO TUMBES SAC","ESTACIÓN DE SERVICIO CON GASOCENTRO DE GLP","TUMBES","TUMBES","TUMBES","CARRETERA PANAMERICANA NORTE KM 1256+100","2026-08-06"
"138322","MULTISERVICIOS SANTA INES EMPRESA INDIVIDUAL DE RESPONSABILIDAD LIMITADA","ESTACIÓN DE SERVICIOS / GRIFOS","CUSCO","ANTA","PUCYURA","FUNDO BELLAVISTA LOTE 7-7, FRACCION C","2026-08-05"
"138324"," M V COMBUSTIBLES S.A.C.","ESTACIÓN DE SERVICIOS / GRIFOS","LORETO","ALTO AMAZONAS","YURIMAGUAS","CALLE LIBERTAD LOTE 1, AA.HH. LA INDEPENDENCIA","2026-08-09"
"138334","GREBENMAR S.A.C","ESTACIÓN DE SERVICIOS / GRIFOS","AYACUCHO","PARINACOCHAS","PULLO","MZ 'I' LTE N '1' BARRIO LOS ANGELES DEL CENTRO POBLADO DE RELAVE","2026-07-31"
"138355","ESTACION DE SERVICIOS GENERALES CHAVIN S.A.C","ESTACIÓN DE SERVICIOS / GRIFOS","ICA","CHINCHA","GROCIO PRADO","CENTRO POBLADO VILLA SOL MZ. Y1 LOTE 1","2026-08-05"
"138357","COMPANIA OPERADORA DE LA SELVA","ESTACIÓN DE SERVICIOS / GRIFOS","UCAYALI","CORONEL PORTILLO","CALLERIA","AV. COLONIZACIÓN/ESQUINA CON CALLE 14 DE NOVIEMBRE MZ. 16 LOTE 1C","2026-08-09"
"138361","GRUPO APCHA SOCIEDAD COMERCIAL DE RESPONSABILIDAD LIMITADA","ESTACIÓN DE SERVICIOS / GRIFOS","PUNO","SAN ROMAN","CARACOTO","COMUNIDAD CAMPESINA CANCHI CHICO KM. 3 CARRETERA JULIACA - CAPACHICA","2026-07-20"
"138370","GRUPO ALEJANDRO MAGNO SUR SAC","ESTACIÓN DE SERVICIOS / GRIFOS","AREQUIPA","AREQUIPA","MOLLEBAYA","ALCOSA MZ. O LT. 4","2026-08-07"
"138377","ESTACION DE SERVICIOS KALIMAN EIRL","ESTACIÓN DE SERVICIOS / GRIFOS","CAJAMARCA","HUALGAYOC","BAMBAMARCA","PREDIO TRES PIEDRAS - CASERIO LUCMA (CARRETERA BAMBAMARCA CHOTA A 500 M CRUCE CON AV. TUPAC AMARU)","2026-08-07"
"138446","GRIFOS Y TRANSPORTES VENEZUELA S.A.C.","ESTACIÓN DE SERVICIOS / GRIFOS","PROV. CONST. DEL CALLAO","PROV. CONST. DEL CALLAO","VENTANILLA","ASOC. DE VIVIENDA CASA TALLER SANTA MARGARITA MZ L LOTE 3, 4, 5-A","2026-08-07"
"138448","MAXIMILIANO JOAQUIN ATAO CAJA ","ESTACIÓN DE SERVICIO CON GASOCENTRO DE GLP","JUNIN","CHANCHAMAYO","PERENE","LOTE 1C, MZ. LL 1, PAMPA SILVA -II MESETA (ESQ. AV. JUAN SANTOS ATAHUALPA Y AV. ESPERANZA)","2026-08-07"
"138453","EE SS PETRO WORLD SAC","ESTACIÓN DE SERVICIO CON GASOCENTRO DE GLP","ANCASH","CASMA","COMANDANTE NOEL","CARRETERA PANAMERICANA NORTE KM 380.5 - SECTOR TABON BAJO","2026-08-07"
"138461","EMPRESA DE TRANSPORTES SHASHO S.R.L.","ESTACIÓN DE SERVICIOS / GRIFOS","ANCASH","CASMA","YAUTAN","CARRETERA HUARAZ  CASMA CASERÍO CACHIPAMPA","2026-08-06"
"138569","GRIFO VELOCITY EIRL","ESTACIÓN DE SERVICIO CON GASOCENTRO DE GLP","LA LIBERTAD","TRUJILLO","VICTOR LARCO HERRERA","MZ. A LOTE 4, 5, 6 Y 7 SECTOR SAN PEDRO AV. DOS DE MAYO S/N","2026-08-08"
"138639","EMPRESA MULTISERVICIOS GENERALES DUQUE JAN EL MAGNATE E.I.R.L.","ESTACIÓN DE SERVICIOS / GRIFOS","CAJAMARCA","CAJAMARCA","LOS BAÑOS DEL INCA","CARRETERA CAJAMARCA - CELENDIN SECTOR CHIMCHIM CHUQUIPUQUIO (AV. MANCO CAPAC REF. A 01 KM SALIDA CP PUYLLUCANA)","2026-08-09"
"138640","CAX PETROL E.I.R.L.","ESTACIÓN DE SERVICIO CON GASOCENTRO DE GLP","LAMBAYEQUE","CHICLAYO","CHICLAYO","PROLONGACIÓN AVENIDA BOLOGNESI INTERSEC. AVENIDA CAJAMARCA CAMPIÑA AGRICOLA CHICLAYO","2026-08-08"
"138686","SERVICIOS MULTIPLES MABAL S.A.C.","ESTACIÓN DE SERVICIOS / GRIFOS","SAN MARTIN","MOYOBAMBA","MOYOBAMBA","PROLONGACION AV. GARCIA CARHUAPOMA S/N SECTOR LA CONQUISTA","2026-08-05"
"138693","MULTISERVICIOS CHORRY E.I.R.L.","GRIFOS FLOTANTES","LORETO","MARISCAL RAMON CASTILLA","RAMON CASTILLA","MARGEN DERECHA DEL LAGO CABALLOCOCHA, EN EL POBLADO DE SAN MARTIN","2026-07-31"
"138703","SERVICIOS GENERALES ELJEZA & MAELSA S.A.C.","ESTACIÓN DE SERVICIOS / GRIFOS","LA LIBERTAD","SANCHEZ CARRION","HUAMACHUCO","CARRETERA HUAMACHUCO - CAJABAMBA S/N CASERIO SHIRACMACA","2026-08-07"
"138713","ESTACION DE SERVICIOS ACEPAT S.A.C","ESTACIÓN DE SERVICIOS / GRIFOS","SAN MARTIN","TOCACHE","TOCACHE","CARRETERA FERNANDO BELAUNDE TERRY KM 649 - UC 104409 CASERÍO SIN SIN","2026-08-08"
"138741","YESSI DANITZA MAMANI URVIOLA ","ESTACIÓN DE SERVICIOS / GRIFOS","PUNO","SAN ANTONIO DE PUTINA","PUTINA","AV. PROGRESO ESQUINA CON EL JR. 31 DE AGOSTO S/N C.P. SAN ISIDRO","2026-08-05"
"138764","17 DE NOVIEMBRE SOCIEDAD ANÓNIMA CERRADA","ESTACIÓN DE SERVICIO CON GASOCENTRO DE GLP","JUNIN","CHUPACA","CHUPACA","AV. ANDRES AVELINO CACERES S/N","2026-08-09"
"138878","YNES QUISPE SANCHEZ","ESTACIÓN DE SERVICIOS / GRIFOS","AYACUCHO","LA MAR","SANTA ROSA","CARRETERA A LUISIANA - SECTOR LA UNIÓN","2026-08-08"
"138913","JACK KARL SEGOVIA ORTEGA","ESTACIÓN DE SERVICIOS / GRIFOS","CUSCO","LA CONVENCION","MARANURA","CENTRO POBLADO DE SANTA MARIA LA NUEVA II ETAPA DE LA AV. LOS OLIVOS Y JR. LOS FICUS","2026-08-09"
"138914","CONTIGAS D & M S.A.C.","ESTACIÓN DE SERVICIO CON GASOCENTRO DE GLP","LIMA","LIMA","EL AGUSTINO","COOPERATIVA DE VIVIENDA VILLA DEL MAR N° 104-LADO B, AV 1RO DE MAYO N° 2289 Y N° 2291 Y PSJ. VILLA N° 194 Y 196","2026-08-09"
"138923","INKA INVESTMENTS E.I.R.L","ESTACIÓN DE SERVICIOS / GRIFOS","PUNO","AZANGARO","SAN ANTON","AV. TUPAC AMARU S/N BARRIO 17 DE ENERO","2026-07-28"
"138964","DELIA ARZAPALO LLANA","ESTACIÓN DE SERVICIOS / GRIFOS","JUNIN","JUNIN","CARHUAMAYO","CARRETERA CENTRAL KM 79.6 MANZANA W LOTE 03, C.P. SANTA CLARA DE CHUIROC","2026-08-08"
"138968","SERVICENTRO FERROCARRIL S.A.","ESTACIÓN DE SERVICIOS / GRIFOS","PUNO","SAN ROMAN","JULIACA","AV. FERROCARRIL S/N ESQUINA CON HEROES POPULARES, URB. SANTA MARÍA, MZ. Y, LOTE 11-B","2026-08-09"
"138972","ESTACION DE SERVICIOS AFILADOR E.I.R.L","ESTACIÓN DE SERVICIO CON GASOCENTRO DE GLP","HUANUCO","LEONCIO PRADO","RUPA-RUPA","CARRETERA TINGO MARIA - HUANUCO KM. 2, MZ. A, LOTE 3 AL 6, ZONA DE LOTIZACION MITAR","2026-08-08"
"138985","ESTACION DE SERVICIOS VIRGEN ASUNCION DE SECCELAMBRAS S.A.C.","ESTACIÓN DE SERVICIOS / GRIFOS","AYACUCHO","HUAMANGA","ACOCRO","CARRETERA AYACUCHO-SECCELAMBRAS (ALTURA KM. 40)","2026-08-01"
"138988","GLOBAL FUEL SOCIEDAD ANONIMA","ESTACIÓN DE SERVICIOS / GRIFOS","PIURA","PAITA","PAITA","MZ. A LOTES 04, 05, 06 AA.HH. MARCO JARA SCHENONE","2026-08-07"
"139016","SERVICIOS MULTIPLES NINA E.I.R.L.","ESTACIÓN DE SERVICIOS / GRIFOS","JUNIN","CHANCHAMAYO","PICHANAQUI","CARRETERA MARGINAL KM. 89","2026-08-07"
"139026","ROSARIO ISABEL FLORES CHIOK","ESTACIÓN DE SERVICIOS / GRIFOS","LIMA","CAÑETE","QUILMANA","ESQUINA AV. LIMA CON JR. CALLAO","2026-08-07"
"139081","PALCONZA S.R.L.","ESTACIÓN DE SERVICIOS / GRIFOS","CUSCO","LA CONVENCION","QUELLOUNO","C.P. DE QUELLOUNO, A.P.V. MIRAFLORES MZA. S/N","2026-07-30"
"139116","SERVICENTRO BRAYMAR KM 40 S.C.R.L.","ESTACIÓN DE SERVICIO CON GASOCENTRO DE GLP","UCAYALI","CORONEL PORTILLO","CAMPOVERDE","CARRETERA FEDERICO BASADRE KM 40 - CASERIO LOS PINOS","2026-08-08"
"139126","INVERSIONES AMANDA SANDOVAL E.I.R.L.","ESTACIÓN DE SERVICIOS / GRIFOS","AYACUCHO","HUANTA","CANAYRE","AV. AVIACIÓN S/N CARRETERA UNIÓN MANTARO - CANAYRE","2026-08-08"
"139150","GRIFO FLOTANTE DOMI E.I.R.L.","ESTACIÓN DE SERVICIOS / GRIFOS","UCAYALI","CORONEL PORTILLO","MANANTAY","JR. DAMASO DAVILA ESQUINA CALLE LOS GIRASOLES MZ. D LOTE 04 AAHH 5 DE SETIEMBRE","2026-08-08"
"139208","WILLAN ALFREDO DE LA CRUZ MARTINEZ","ESTACIÓN DE SERVICIOS / GRIFOS","AYACUCHO","CANGALLO","LOS MOROCHUCOS","CARRETERA CANGALLO AYACUCHO - PREDIO CALZADAYOCC","2026-08-07"
"139218","GRIFO T & M E.I.R.L.","ESTACIÓN DE SERVICIOS / GRIFOS","PASCO","DANIEL ALCIDES CARRION","TAPUC","CENTRO POBLADO DE UZPACHACA, CARRETERA AMBO - YANAHUANCA","2026-08-06"
"139240","CONSORCIO ARIAS S.A.C.","ESTACIÓN DE SERVICIOS / GRIFOS","LIMA","HUAROCHIRI","SANTA CRUZ DE COCACHACRA","AV. NICOLAS DE PIEROLA SUR N° 276","2026-08-09"
"13930","COESTI S.A.","ESTACIÓN DE SERVICIO CON GASOCENTRO DE GLP","LIMA","LIMA","SANTIAGO DE SURCO","AV. ANGAMOS ESTE N° 1159 (ANTES: AV. PRIMAVERA N° 1159), URB. VALLE HERMOSO DE MONTERRICO","2026-08-09"
"139303","GRUPO SECOCHA S.A.C.","ESTACIÓN DE SERVICIOS / GRIFOS","AREQUIPA","CAMANA","MARIANO NICOLAS VALCARCEL","CALLE CARLOS PORTOCARRERO DONGO MZ. Q LOTE 3","2026-08-07"
"139330","INVERSIONES RAMOS N Y A SAC","ESTACIÓN DE SERVICIO CON GASOCENTRO DE GLP","MOQUEGUA","MARISCAL NIETO","MOQUEGUA","SECTOR A-8 CHEN CHEN, MZ G, LT. 1,2,11 Y 12","2026-08-07"
"139338","MUÑANTE CHOQUENAIRA CRUZ ","ESTACIÓN DE SERVICIOS / GRIFOS","CUSCO","CANAS","CHECCA","AV. PROGRESO LOTE S/N CARRETERA CHECCA  DESCANSO","2026-07-30"
"139344","RICALDI ALIANO DE GALVAN SARA MARIA ","GRIFOS RURALES CON ALMACENAMIENTO EN CILINDROS","PASCO","PASCO","PAUCARTAMBO","AV. LA AMISTAD S/N - PAUCARTAMBO - PASCO","2026-08-01"
"139366","GRIFO MUNICIPAL","ESTACIÓN DE SERVICIOS / GRIFOS","UCAYALI","CORONEL PORTILLO","CALLERIA","AV. HABILITACION URBANA MUNICIPAL PSJ N° 08 MZ G-2 LOTE N° 10","2026-08-08"
"139372","MULTISERVICIOS YOMIRA ISABEL E.I.R.L.","ESTACIÓN DE SERVICIOS / GRIFOS","HUANCAVELICA","CASTROVIRREYNA","CASTROVIRREYNA","AV. SAN MARTIN S/N MZ. G LOTE 9, BARRIO YANARUMI","2026-08-08"
"139411","NEGOCIACIÓN KIO S.A.C. PACHACAMAC","ESTACIÓN DE SERVICIO CON GASOCENTRO DE GLP","LIMA","LIMA","PACHACAMAC","PARCELACIÓN HUERTOS DE VILLENA MZ. B LT. 4","2026-08-09"
"139477","SERVICIOS GRIFO ALTIPLANO EMPRESA INDIVIDUAL DE RESPONSABILIDAD LIMITADA","ESTACIÓN DE SERVICIOS / GRIFOS","PUNO","SAN ROMAN","JULIACA","AV. CAMINACA S/N","2026-08-07"
"139478","E.S EL OVALO   REPSOL","ESTACIÓN DE SERVICIO CON GASOCENTRO DE GLP","LIMA","BARRANCA","BARRANCA","PRIMER OVALO N°100 (ANTES CHIU CHIU A. LOTE B)","2026-08-08"
"139515","GRIFO MULTISERVICIOS ROJAS E.I.R.L.","ESTACIÓN DE SERVICIOS / GRIFOS","PUNO","SANDIA","SAN PEDRO DE PUTINA PUNCO","AV. BINACIONAL S/N CENTRO POBLADO DE CURVA ALEGRE","2026-07-29"
"139517","AUTOSERVICIOS P & B S.A.C.","ESTACIÓN DE SERVICIO CON GASOCENTRO DE GLP","ICA","ICA","SUBTANJALLA","SUB LOTE B ENTRE LOS KMS 299.558 AL 299.83 - CARRETERA PANAMERICANA SUR","2026-08-09"
"139563","CORPORACION E INVERSIONES BUENA VISTA S.A.C.","ESTACIÓN DE SERVICIOS / GRIFOS","LA LIBERTAD","OTUZCO","OTUZCO","AV. TRUJILLO N° 685 BARRIO SAN REMIGIO","2026-08-07"
"139567","CAHUACHIA CATARI RAYMUNDO","ESTACIÓN DE SERVICIOS / GRIFOS","PUNO","HUANCANE","HUATASANI","PROLONGACION AV. PROGRESO SOBRE CARRETERA JULIACA-HUATASANI BARRIO DE SANTA ROSA - CARRETERA JULIACA - PUTINA KM 68+320","2026-08-08"
"139578","YAVA S.A.C.","ESTACIÓN DE SERVICIOS / GRIFOS","HUANCAVELICA","CHURCAMPA","CHURCAMPA","JR. 28 DE JULIO N° 372 - 380 BARRIO ATOCCASA","2026-08-05"
"139598","ESTACION DE SERVICIOS MJM E.I.R.L.","ESTACIÓN DE SERVICIOS / GRIFOS","CUSCO","QUISPICANCHI","OROPESA","CARRETERA ASFALTADA CUSCO- URCOS, PREDIO ROSEDAL O RINCONADA, SECTOR CCAMICANCHA","2026-08-07"
"139602","SERVICENTROS VICCEL S.A.C.","ESTACIÓN DE SERVICIOS / GRIFOS","JUNIN","SATIPO","RIO TAMBO","MZ. A LOTE 1 DEL CENTRO POBLADO UNIÓN JUNIN","2026-08-05"
"139658","COMERCIO CONSULTORIA Y EJECUCION ALFRI E.I.R.L.","ESTACIÓN DE SERVICIOS / GRIFOS","ANCASH","CARHUAZ","MARCARA","CARRETERA MARCARA  VICOS, TUYU PARCELA B LOTE 10","2026-08-04"
"139667","MEGA ESTACION DE SERVICIOS INVERSOL S.A.","ESTACIÓN DE SERVICIOS / GRIFOS","LIMA","HUAROCHIRI","SANTA CRUZ DE COCACHACRA","AV. NICOLAS DE PIEROLA SUR, CORCONA KM. 48 - CARRETERA CENTRAL","2026-08-09"
"139741","ESTACION DE SERVICIOS EL CASTELLANO EIRL","ESTACIÓN DE SERVICIO CON GASOCENTRO DE GLP","PIURA","PIURA","CASTILLA","KM 252 CARRETERA A CHULUCANAS, AA.HH. VALLE DE LA ESPERANZA II, MZ. L, LOTE 01 (ESQ. GUARDIA CIVIL CON SANTA ROSA)","2026-08-09"
"139803","GRIFO DEL CARMEN NUEVA PANAMERICANA S.A.C.","ESTACIÓN DE SERVICIO CON GASOCENTRO DE GLP","ICA","CHINCHA","EL CARMEN","FUNDO POZUELO NORTE, AUTOPISTA PANAMERICANA SUR KM 204","2026-08-09"
"139839","ESTANQUILLO GAONA S.A.C","GRIFOS RURALES CON ALMACENAMIENTO EN CILINDROS","SAN MARTIN","MARISCAL CACERES","CAMPANILLA","JR. SAN MARTIN S/N","2026-08-01"
"139845","GRIFO SAN LORENZO","ESTACIÓN DE SERVICIOS / GRIFOS","UCAYALI","CORONEL PORTILLO","YARINACOCHA","AV. SAN LORENZO MZ. 02 FRACCION DE LOTE 01 Y 04","2026-08-09"
"139867","AMAZON ENERGY S.A.C.","ESTACIÓN DE SERVICIOS / GRIFOS","SAN MARTIN","SAN MARTIN","TARAPOTO","AV. VIA DE EVITAMIENTO S/N ESQUINA CON JR. RICARDO PALMA","2026-08-09"
"139882","ESTACION DE SERVICIOS EL TUMI E.I.R.L.","ESTACIÓN DE SERVICIOS / GRIFOS","HUANUCO","HUACAYBAMBA","HUACAYBAMBA","AV. 28 DE JULIO S/N MANZANA K LOTE 2","2026-08-07"
"139940","ESTACION DE SERVICIOS MACABI","ESTACIÓN DE SERVICIOS / GRIFOS","LA LIBERTAD","ASCOPE","PAIJAN","LOTE SUB PARCELA UC N° 017332-C AV. VICTOR RAUL SECTOR MACABI BAJO","2026-08-08"
"140011","CORPORATION WILCARDIE S.A.C.","ESTACIÓN DE SERVICIOS / GRIFOS","LIMA","BARRANCA","SUPE","CARRETERA PANAMERICANA NORTE KM 179","2026-08-08"
"140058","ESTACIÓN DE SERVICIO YURAC","ESTACIÓN DE SERVICIOS / GRIFOS","SAN MARTIN","RIOJA","YURACYACU","AV. RIOJA ESQUINA CON JR. LIBERTAD","2026-08-02"
"140070","ESTACIONES GRAN PRIX EIRL","ESTACIÓN DE SERVICIO CON GASOCENTRO DE GLP","LAMBAYEQUE","CHICLAYO","CHICLAYO","AV. INCA GARCILAZO DE LA VEGA NRO. 905","2026-08-09"
"140091","INVERSIONES Y COMBUSTIBLES GATO E.I.R.L.","ESTACIÓN DE SERVICIOS / GRIFOS","LORETO","REQUENA","REQUENA","AAHH REQUENA MZ.57 LT. 3 ETAPA 1. ZONA A","2026-07-31"
"140107","MULTISERVICIOS COTABAMBAS E.I.R.L.","ESTACIÓN DE SERVICIOS / GRIFOS","APURIMAC","COTABAMBAS","COTABAMBAS","SECTOR CHONTA PUCA-PUCA","2026-08-07"
"140132","GRIFO SAN IGNACIO S.A.C.","ESTACIÓN DE SERVICIOS / GRIFOS","LIMA","CANTA","SANTA ROSA DE QUIVES","PREDIO RURAL, UBICACIÓN RURAL C.E. 288944, C.N. 87806034, CODIGO PREDIO / 8  2858705  00030, UNIDAD CATASTRAL 00030, PREDIO PARCELA 31, LOTE 1","2026-08-08"
"140133","GRIFO PERU JAC E.I.R.L.","ESTACIÓN DE SERVICIOS / GRIFOS","CUSCO","CHUMBIVILCAS","SANTO TOMAS","COMUNIDAD ORCCOMA ANEXO BUENAVISTA SN CARRETERA SANTO TOMAS - VELILLE","2026-08-08"
"140177","JK EL EXITO E.I.R.L.","ESTACIÓN DE SERVICIOS / GRIFOS","AYACUCHO","HUAMANGA","ANDRES AVELINO CACERES","AV. EL EJERCITO N° 597","2026-08-08"
"140185","COMPAÑÍA PERUANA DE PETROLEO GAS Y GASOLINA","ESTACIÓN DE SERVICIO CON GASOCENTRO DE GLP","ANCASH","SANTA","CHIMBOTE","MZ. X2 LOTE 04, P.J. MIRAFLORES ALTO","2026-08-09"
"140226","VALVERDE ALVITES FELIPE","ESTACIÓN DE SERVICIOS / GRIFOS","SAN MARTIN","EL DORADO","SAN JOSE DE SISA","AV. 20 DE MAYO CON JR. SALADO","2026-08-04"
"140259","ZETA GAS ANDINO S.A","GASOCENTROS DE GLP","AREQUIPA","AREQUIPA","CERRO COLORADO","CENTRO POBLADO SEMI RURAL PACHACUTEC, GRUPO ZONAL 23 MZ. 5 LOTE 4 ZONAL H","2026-07-24"
"140271","GRIFO ESTRELLA DAVID EIRL","ESTACIÓN DE SERVICIO CON GASOCENTRO DE GLP","LA LIBERTAD","TRUJILLO","TRUJILLO","AV. METROPOLITANA MZ. H LOTE 01 URB. LAS ORQUIDEAS","2026-08-04"
"140328","SERVICENTRO VICTORIA II MANTARO SUR E.I.R.L.","ESTACIÓN DE SERVICIOS / GRIFOS","CUSCO","LA CONVENCION","UNIÓN ASHÁNINKA","MZ. N3, LOTE 13, PREDIO BELEN - CENTRO POBLADO DE MANTARO","2026-07-30"
"140334","CAIDIESEL S & R S.A.C.","ESTACIÓN DE SERVICIOS / GRIFOS","CAJAMARCA","HUALGAYOC","BAMBAMARCA","CARRETERA BAMBAMARCA  CHOTA KM 1.85 PREDIO EL MERME U.C. 96057 SECTOR MAYGASBAMBA (REF. PE 3N KM 1382)","2026-08-04"
"140335","GONZALES PERDOMO ALDO","GRIFOS FLOTANTES","UCAYALI","ATALAYA","RAYMONDI","PUERTO ATALAYA MARGEN DERECHO DEL RIO TAMBO","2026-08-07"
"140345","ESTACION DE SERVICIOS MI GRIFO S.R.L.","ESTACIÓN DE SERVICIO CON GASOCENTRO DE GLP","AREQUIPA","AREQUIPA","LA JOYA","CARRETERA PANAMERICANA SUR KM 980.7, SECTOR SAN JOSE - LAS BERMUDAS LOTE INDUSTRIAL 1","2026-08-08"
"140354","APOLONIO ROMERO ALANIA","ESTACIÓN DE SERVICIO CON GASOCENTRO DE GLP","HUANUCO","AMBO","SAN RAFAEL","PROLONGACION DEL JR. PROGRESO S/N","2026-08-05"
"140377","SERVICENTRO GRUPO CHOQUEPUMA SOCIEDAD ANONIMA CERRADA","ESTACIÓN DE SERVICIOS / GRIFOS","CUSCO","QUISPICANCHI","CCATCA","COMUNIDAD CAMPESINA DE CCOPI, SECTOR CCOPI BAJO - SECTOR QUELLAYPAMPA","2026-08-05"
"140382","CORPORACION ATOM S.A.C.","ESTACIÓN DE SERVICIOS / GRIFOS","CAJAMARCA","CHOTA","LAJAS","PROLONGACIÓN AV. WALTER QUISPE FERRER S/N (REF. A 01 KM INGRESO A LAJAS)","2026-08-09"
"140447","MARIA ELITA GOICOCHEA TAPIA","GRIFOS RURALES CON ALMACENAMIENTO EN CILINDROS","AMAZONAS","BONGARA","YAMBRASBAMBA","CARRETERA FERNANDO BELAUNDE TERRY KM 343 + 020, CPM LA ESPERANZA","2026-07-30"
"140452","EE.SS. MALLARITOS S.A.C.","ESTACIÓN DE SERVICIO CON GASOCENTRO DE GLP","PIURA","SULLANA","MARCAVELICA","PREDIO RUSTICO N° 10308, 10312 Y 11166","2026-08-08"
"140454","VIRGILIO SURCO CCORIMANYA ","ESTACIÓN DE SERVICIOS / GRIFOS","PUNO","MELGAR","AYAVIRI","AV. LOS INCAS N° 781 MZ. J, LT. 12 AA.HH. PUEBLO LIBRE","2026-08-05"
"140494","GASEOCENTRO ELIZABETH SAC","ESTACIÓN DE SERVICIO CON GASOCENTRO DE GLP","ANCASH","CASMA","BUENA VISTA ALTA","PREDIO HUANCAMUÑA, C.P. / PARC.7 - 8058950-04667, CARRETERA CASMA - HUARAZ KM 7.5","2026-08-06"
"140540","ROSITA KLEOFE OCAMPO SALAZAR ","ESTACIÓN DE SERVICIOS / GRIFOS","AMAZONAS","LUYA","LUYA","AV. ALELUYA N° 1055","2026-08-08"
"140595","TRANSPORTES Y ESTACION DE SERVICIOS PABLITO E.I.R.L.","ESTACIÓN DE SERVICIOS / GRIFOS","LA LIBERTAD","SANTIAGO DE CHUCO","SANTA CRUZ DE CHUCA","CALLE CESAR VALLEJO S/N CENTRO POBLADO VILLA CRUZ DE ALGALLAMA","2026-08-07"
"140616","ESTACIÓN DE SERVICIOS ATLANTICO EMPRESA INDIVIDUAL DE RESPONSABILIDAD LIMITADA","ESTACIÓN DE SERVICIOS / GRIFOS","CUSCO","ANTA","CACHIMAYO","CARRETERA ASFALTADA CUSCO-ABANCAY KM 952-SECTOR CHURUPUCYO","2026-08-08"
"140621","ESTACION DE SERVICIOS SAN JUAN","ESTACIÓN DE SERVICIOS / GRIFOS","LA LIBERTAD","JULCAN","JULCAN","AV. 28 DE JULIO N° 516, BARRIO SANTA ROSA","2026-08-08"
"140682","GRIFOS ERICK","ESTACIÓN DE SERVICIO CON GASOCENTRO DE GLP","JUNIN","HUANCAYO","HUANCAN","AV. PANAMERICANA INTERSECCION CON JR. 7 DE OCTUBRE","2026-08-07"
"140686","ESTACIÓN DE SERVICIOS SANTA FÉ E.I.R.L..","ESTACIÓN DE SERVICIOS / GRIFOS","MOQUEGUA","MARISCAL NIETO","MOQUEGUA","CARRETERA BINACIONAL S/N SECTOR SAN ANTONIO","2026-08-08"
"140688","DACOR GAS S.A.C.","ESTACIÓN DE SERVICIO CON GASOCENTRO DE GLP","ICA","PISCO","PISCO","ESQUINA DE LA AV. LAS AMERICAS Y AV. A LOTES 12, 13, 14, 15, 16","2026-08-09"
"140692","ESTACION DE SERVICIOS ALTO MOLINO","ESTACIÓN DE SERVICIOS / GRIFOS","AREQUIPA","CONDESUYOS","RIO GRANDE","CARRETERA A SAN JUAN DE CHORUNGA S/N","2026-08-04"
"140703","ESTACION DE SERVICIOS PETRO MAPI S.A.C.","ESTACIÓN DE SERVICIOS / GRIFOS","CUSCO","QUISPICANCHI","OROPESA","SECTOR ÑAHUIPUJIO, COMUNIDAD CAMPESINA DE CHOQUEPATA","2026-08-07"
"140708","NEGOCIACIONES MIRANAVES E.I.R.L.","ESTACIÓN DE SERVICIO CON GASOCENTRO DE GLP","JUNIN","SATIPO","RIO NEGRO","CARRETERA MARGINAL SATIPO  MAZAMARI KM 3","2026-08-08"
"140709","CHELITA MIJAHUANGA CORONEL","ESTACIÓN DE SERVICIOS / GRIFOS","SAN MARTIN","LAMAS","ALONSO DE ALVARADO","JR. MOYOBAMBA S/N SECTOR ROQUE","2026-08-03"
"140721","SHILCAYO GRIFO LORETO S. C. R. L.","ESTACIÓN DE SERVICIO CON GASOCENTRO DE GLP","LORETO","ALTO AMAZONAS","YURIMAGUAS","CARRETERA YURIMAGUAS - TARAPOTO KM. 4","2026-08-08"
"140734","CASIMIRO ADRIAN CORDOVA HUERE","ESTACIÓN DE SERVICIO CON GASOCENTRO DE GLP","PASCO","PASCO","NINACACA","CARRETERA CENTRAL KM 94 + 270 M VIA LA OROYA - CERRO DE PASCO","2026-08-06"
"140752","ESTACION DE SERVICIOS RIO VIEJO II SRL","ESTACIÓN DE SERVICIO CON GASOCENTRO DE GLP","PIURA","PIURA","CATACAOS","SECTOR CASERIO SAN PABLO, FICHA REGISTRAL N° 11068364","2026-08-08"
"140825","ESTACION DE SERVICIOS Y GLP SEÑOR DE BURGOS S.A.C.","ESTACIÓN DE SERVICIO CON GASOCENTRO DE GLP","HUANUCO","PACHITEA","PANAO","BARRIO ULCUMANO SECTOR TIRISHUANCA CARRETERA HUANUCO - PANAO","2026-08-06"
"140839","GRIFOS TMJ ROMA","ESTACIÓN DE SERVICIOS / GRIFOS","PUNO","CHUCUITO","JULI","CARRETERA PANAMERICANA PUNO-DESAGUADERO KM. 1437+485 SECTOR CALA TALAHUI","2026-08-08"
"140861","DE LA CRUZ BAZAN PAULINO","ESTACIÓN DE SERVICIOS / GRIFOS","ANCASH","HUARI","HUARI","CENTRO POBLADO ULIA","2026-08-06"
"140881","DEOCHRYSO SOCIEDAD ANONIMA CERRADA","ESTACIÓN DE SERVICIOS / GRIFOS","ANCASH","PALLASCA","CABANA","CARRETERA HUANDOVAL SECTOR I MZ. P1 PREDIO LLOCOVER","2026-08-09"
"140904","MANUEL MEJIA GUEVARA","ESTACIÓN DE SERVICIOS / GRIFOS","AMAZONAS","BAGUA","IMAZA","CARRETERA PRINCIPAL S/N, SALIDA AL CENTRO POBLADO IMACITA-CHIRIACO","2026-08-08"
"140905","ESTACION DE SERVICIOS EL ACERO S.A.C.","ESTACIÓN DE SERVICIO CON GASOCENTRO DE GLP","ANCASH","SANTA","CHIMBOTE","BARRIO N° 5  DPTO N° 9A-2","2026-08-08"
"140915","ESTACION DE SERVICIOS EL REPOSO S.A.C.","ESTACIÓN DE SERVICIO CON GASOCENTRO DE GLP","LA LIBERTAD","TRUJILLO","HUANCHACO","AREA DE RESERVA GRLL-5, SECTOR EL MILAGRO ETAPA III VALLE MOCHE (CON FRENTE A LA CARRETERA PANAMERICANA NORTE MARGEN IZQUIERDO A APROX. 300 M. DEL CO","2026-08-08"
"140957","IGSEBAN S.A.C.","ESTACIÓN DE SERVICIOS / GRIFOS","CUSCO","QUISPICANCHI","OROPESA","PREDIO TAMBOPATA, SECTOR CHOQUEPATA N°PR 05000063","2026-08-08"
"140989","GRIFO Y REPUESTOS MENA EMPRESA INDIVIDUAL DE RESPONSABILIDAD LIMITADA","ESTACIÓN DE SERVICIOS / GRIFOS","CUSCO","CALCA","YANATILE","CENTRO POBLADO QUEBRADA HONDA S/N","2026-08-07"
"140992","GRIFOS WASI E.I.R.L.","ESTACIÓN DE SERVICIOS / GRIFOS","PIURA","HUANCABAMBA","CANCHAQUE","JR. SAN MARTIN N° 92","2026-07-31"
"141073","ESTACION DE SERVICIOS LOS BOSQUES","ESTACIÓN DE SERVICIO CON GASOCENTRO DE GLP","ICA","ICA","LOS AQUIJES","LOTE 6 SECTOR GARGANTO PANAMERICANA SUR S/N","2026-08-07"
"141102","GRIFO VIRGEN INMACULADA","ESTACIÓN DE SERVICIOS / GRIFOS","PUNO","PUNO","PAUCARCOLLA","AV. PANAMERICANA LOTE 6, MZ. V SECTOR 1","2026-08-07"
"141110","COMUNIDAD CAMPESINA DE HUINCHOS - PATACCOCHA","ESTACIÓN DE SERVICIOS / GRIFOS","APURIMAC","ANDAHUAYLAS","ANDAHUAYLAS","AV. JORGE CHAVEZ N° 2131, HUINCHOS-PATACCOCHA","2026-08-08"
"141151","CORPORACION J&C GROUP S.A.C. ","ESTACIÓN DE SERVICIOS / GRIFOS","AYACUCHO","HUANTA","CANAYRE","CARRETERA CANAYRE - UNION MANTARO, SECTOR ALTURA NUEVA URB. SANTA FE","2026-08-08"
"141198","SERVICENTRO PETROMOTORS F & A E.I.R.L.","ESTACIÓN DE SERVICIOS / GRIFOS","CUSCO","QUISPICANCHI","LUCRE","PREDIO TONGOBAMBA, CARRETERA CUSCO - SICUANI, SECTOR SUMAC TTICA","2026-08-03"
"141380","CEBLAZ GP EMPRESA INDIVIDUAL DE RESPONSABILIDAD LIMITADA - CEBLAZ GP E.I.R.L.","ESTACIÓN DE SERVICIO CON GASOCENTRO DE GLP","AREQUIPA","AREQUIPA","MARIANO MELGAR","AV. MARISCAL CASTILLA Nº 1800, URB. SANTA ROSA","2026-08-09"
"141401","ESTACION DE SERVICIOS JHON LENNON","ESTACIÓN DE SERVICIO CON GASOCENTRO DE GLP","JUNIN","CHUPACA","HUAMANCACA CHICO","JR. LOS GUINDALES Y AV. LOS HEROES N° 1173","2026-08-07"
"141445","CORPORACION RIVERT E.I.R.L.","GRIFOS FLOTANTES","LORETO","DATEM DEL MARAÑON","MANSERICHE","MARGEN DERECHA DEL RIO MARRAÑON, EN LA LOCALIDAD DE SARAMIRIZA","2026-08-07"
"141467","J&M EMPRESA DE TRANSPORTES Y SERVICIOS GENERALES E.I.R.L","GRIFOS FLOTANTES","UCAYALI","ATALAYA","SEPAHUA","PUERTO SEPAHUA MARGEN DERECHA DEL RIO URUBAMBA","2026-08-08"
"141472","ESTACION DE SERVICIOS SERVI CENTRO ANCO E.I.R.L.","ESTACIÓN DE SERVICIOS / GRIFOS","HUANCAVELICA","CHURCAMPA","ANCO","AV. 20 DE ENERO S/N  CARRETERA CENTRAL HUANCAYO  AYACUCHO  ALFA CORRAL CUCHO  LAS VENECIAS","2026-08-05"
"141500","ZETA GAS ANDINO S.A.","GASOCENTROS DE GLP","TACNA","TACNA","TACNA","AV INDUSTRIAL NRO. 380","2026-07-31"
"141505","GRIFO FLOTANTE PRADERA I EIRL","GRIFOS RURALES CON ALMACENAMIENTO EN CILINDROS","LORETO","ALTO AMAZONAS","YURIMAGUAS","CARRETERA YURIMAGUAS TARAPOTO KM 40 + 230, CASERIO GRAU","2026-08-07"
"141535","DISTRIBUCIONES GRIFO SEÑOR DE HUANCA F & ML SOCIEDAD COMERCIAL DE RESPONSABILIDAD LIMITADA","ESTACIÓN DE SERVICIOS / GRIFOS","PUNO","MELGAR","UMACHIRI","CARRETERA AYAVIRI - CUSCO KM. 1200+400","2026-08-07"
"141548","TERTISA COMBUSTIBLES S.A.","GASOCENTROS DE GLP","LIMA","LIMA","VILLA EL SALVADOR","CARRETERA PANAMERICANA SUR KM. 19.8","2026-08-09"
"141572","ESTACIÓN DE SERVICIO  """" CACHIPAMPA """"","ESTACIÓN DE SERVICIOS / GRIFOS","ANCASH","CASMA","YAUTAN","MZ. L1 LOTE 01 CENTRO POBLADO DE CACHIPAMPA","2026-08-08"
"141616","NEGOCIOS CORPORATIVOS MB S.A.C.","ESTACIÓN DE SERVICIOS / GRIFOS","AYACUCHO","VILCAS HUAMAN","VILCAS HUAMAN","AV. TAHUANTINSUYO - BARRIO HUAYCHAUHUACCANA S/N","2026-07-30"
"141621","GRIFO MELENDEZ","ESTACIÓN DE SERVICIOS / GRIFOS","PASCO","OXAPAMPA","VILLA RICA","CARRETERA MARGINAL KM. 36 VILLA RICA PUERTO BERMUDEZ-SECTOR SAN JUAN DE CACAZU","2026-08-01"
"141639","SAN CARLOSS GRIFOS E.I.R.L.","ESTACIÓN DE SERVICIO CON GASOCENTRO DE GLP","HUANUCO","HUANUCO","CHINCHAO","CARRETERA HUÁNUCO  TINGO MARÍA KM 93.7, SECTOR HUACHIPA CENTRO POBLADO PUENTE DURAND","2026-08-09"
"141649","AMAZON STAR II SOCIEDAD ANONIMA CERRADA","ESTACIÓN DE SERVICIOS / GRIFOS","PUNO","LAMPA","CALAPUJA","SECTOR CASERIO SARA - PARCELA A Y PARCELA 01 CARRETERA JULIACA - CUSCO KM. 1297+550","2026-08-09"
"141672","SERVICENTRO Y MULTISERVICIOS LA CENTRAL S.A.C.","ESTACIÓN DE SERVICIOS / GRIFOS","AREQUIPA","CASTILLA","APLAO","AV. 1, ASENTAMIENTO HUMANO LA CENTRAL, MZ. F, LOTE Nº 02","2026-08-07"
"141708","NEGOCIOS Y SERVICIOS FIRS E.I.R.L.","GRIFOS FLOTANTES","PIURA","SECHURA","SECHURA","BAHIA PUERTO RICO BAYOVAR","2026-07-22"
"141783","RC PLUS GRIFOS S.A.C.","ESTACIÓN DE SERVICIOS / GRIFOS","PUNO","SAN ROMAN","JULIACA","AV. JOSE SANTOS CHOCANO N° 203 ESQ. JR. AYAR AUCA S/N","2026-08-04"
"141792","MOLINOS MAIZAR PERU S.A.C.","ESTACIÓN DE SERVICIO CON GASOCENTRO DE GLP","LA LIBERTAD","TRUJILLO","TRUJILLO","AV. FEDERICO VILLARREAL N° 1798 URB. SEMIRUSTICA EL BOSQUE","2026-08-07"
"141799","VASQUEZ VASQUEZ GESSLY","GRIFOS RURALES CON ALMACENAMIENTO EN CILINDROS","LORETO","MAYNAS","SAN JUAN BAUTISTA","CARRETERA IQUITOS NAUTA KM. 14+500","2026-07-31"
"141817","SERVICENTRO CHALE E.I.R.L.","ESTACIÓN DE SERVICIO CON GASOCENTRO DE GLP","PIURA","SULLANA","IGNACIO ESCUDERO","AV. PANAMERICANA S/N ANEXO SAN PEDRO - ZONA LA TALAREÑA","2026-08-05"
"141890","COESTI S.A. EL TREBOL","ESTACIÓN DE SERVICIO CON GASOCENTRO DE GLP","LA LIBERTAD","TRUJILLO","TRUJILLO","ESQUINA JR. UNION N° 501 CON JR. HUALLAGA","2026-08-08"
"141899","SERVICIO LOGISTICO ALYMAC S.A.C.","GRIFOS RURALES CON ALMACENAMIENTO EN CILINDROS","CUSCO","ESPINAR","OCORURO","COMUNIDAD CAMPESINA OCORURO- PARCELA CANLLIHUATA S/N,","2026-08-07"
"141938","ESTACION DE SERVICIOS EL HUAMANGUINO S.A.C.","ESTACIÓN DE SERVICIOS / GRIFOS","AYACUCHO","HUAMANGA","SAN JUAN BAUTISTA","CARRETERA AYACUCHO - CUSCO KM 07","2026-08-08"
"141999","ESTACION DE SERVICIOS A & M E.I.R.L.","ESTACIÓN DE SERVICIOS / GRIFOS","CUSCO","ANTA","CACHIMAYO","CARRETERA DENOMINADA RECREO PARTE 1, PAMPA BACHICADO II CON LA UNIDAD CATASTRAL N° 186031","2026-08-07"
"142000","ESTACIONES DE SERVICIOS GHULE S.A.C. ","ESTACIÓN DE SERVICIOS / GRIFOS","AYACUCHO","LUCANAS","CABANA","CENTRO POBLADO DE CABANA MZ. 41 LOTE 7","2026-08-03"
"142077","ESTACION DE SERVICIOS EL GODO S.A.C.","ESTACIÓN DE SERVICIO CON GASOCENTRO DE GLP","LIMA","LIMA","LURIGANCHO","INTERSECCION DE LA AV. LOS HALCONES Y LA CALLE SAN LUIS DE NIEVERIA LOTE 3B","2026-08-08"
"142258","PETROLEOS Y DERIVADOS LIMA S.A.C.","ESTACIÓN DE SERVICIOS / GRIFOS","LIMA","LIMA","CARABAYLLO","MZ 'G' LTE 7 ALT. KM 33.50 CARRETERA LIMA - CANTA","2026-08-08"
"142298","ESTACION SANTA MARIA S.A.C.","EE.SS con GLP y GNV","LIMA","LIMA","CARABAYLLO","URB. SANTA MARIA 5TA ETAPA MZ. C-1 LOTE 01","2026-08-08"
"142314","ESTACION DE SERVICIOS Y GASOCENTRO ANGULO S.A.C.","ESTACIÓN DE SERVICIO CON GASOCENTRO DE GLP","JUNIN","HUANCAYO","EL TAMBO","AV. PROLONGACIÓN TRUJILLO N°1198","2026-08-08"
"142341","TRANSPETROL PERU SOCIEDAD ANONIMA CERRADA","ESTACIÓN DE SERVICIOS / GRIFOS","LA LIBERTAD","CHEPEN","PACANGA","PREDIO EL PUENTE - SECTOR PAMPAS DEL CERRO COLORADO","2026-08-06"
"142345","GRUPO PANAMAR S.A.C.","ESTACIÓN DE SERVICIOS / GRIFOS","AREQUIPA","CAMANA","MARISCAL CACERES","CARRETERA PANAMERICANA SUR. KM. 800, SECTOR HAWAY","2026-08-08"
"142381","ESTACION DE SERVICIOS VERA","ESTACIÓN DE SERVICIOS / GRIFOS","ICA","PISCO","SAN CLEMENTE","NUEVA CARRETERA PANAMERICANA SUR KM. 210, SECTOR CAMACHO","2026-08-08"
"142492","VICIANA SOTA MARTINEZ ","ESTACIÓN DE SERVICIOS / GRIFOS","CUSCO","CUSCO","SANTIAGO","PREDIO CHILCAPUGIO DE LA COMUNIDAD CAMPESINA DE CCACHONAPARTE ALTA CARRETERA CUSCO-PARURO","2026-08-05"
"142507","BUSTAMANTE CABRERA DIANA CANDY","ESTACIÓN DE SERVICIOS / GRIFOS","LAMBAYEQUE","CHICLAYO","CHICLAYO","AV. FERNANDO BELAUNDE TERRY MZ. E  LOTES 1, 26, 27 Y 28 DEL P.J. AMPLIACIÓN TUPAC AMARU","2026-08-09"
"142551","YANET SANCHEZ VERA","ESTACIÓN DE SERVICIOS / GRIFOS","AYACUCHO","HUAMANGA","AYACUCHO","AA.HH. 11 DE JUNIO MZ A LOTE 1,2,21,22 Y23","2026-08-07"
"142558","ESTACION DE SERVICIOS MELISSA","ESTACIÓN DE SERVICIOS / GRIFOS","ANCASH","HUARAZ","INDEPENDENCIA","CARRETERA HUARAZ  CASMA S/N, SECTOR EL MILAGRO","2026-08-07"
"142617","SABINA HUAMAN RAMOS","ESTACIÓN DE SERVICIOS / GRIFOS","JUNIN","TARMA","PALCA","CARRETERA CENTRAL KM 58 CASERIO VALDIVIA","2026-08-07"
"142623","JUSTINA DE LA CRUZ ORTIZ ","GRIFOS RURALES CON ALMACENAMIENTO EN CILINDROS","HUANCAVELICA","HUANCAVELICA","YAULI","JR. JORGE CHAVEZ S/N","2026-07-29"
"142630","BRAVO CASTRO CLEDER JAIME","ESTACIÓN DE SERVICIOS / GRIFOS","HUANUCO","AMBO","AMBO","CARRETERA CENTRAL LIMA-HUANUCO KM 372 CHAMANA CENTRO POBLADO MENOR DE SALAPAMPA","2026-07-15"
"142634","GRIFOS ARBI","ESTACIÓN DE SERVICIO CON GASOCENTRO DE GLP","HUANUCO","HUANUCO","AMARILIS","LOTE E KM. 5 CARRETERA HUANUCO - TINGO MARIA EN EL SECTOR LA ESPERANZA","2026-08-08"
"142652","ESTACION DE SERVICIOS YANDAL S.A.C.","ESTACIÓN DE SERVICIOS / GRIFOS","AYACUCHO","HUAMANGA","OCROS","CARRETERA AYACUCHO  ANDAHUAYLAS KM. 123 + 600","2026-08-07"
"142686","INVERSIONES M Y E S.A.C.","ESTACIÓN DE SERVICIO CON GASOCENTRO DE GLP","LIMA","LIMA","LURIGANCHO","LOTE 1 MZ. A-I ASOCIACION URB. POPULAR LOS CEDROS DE VILLA, SECTOR CAJAMARQUILLA, ESQUINA AV. CAJAMARQUILLA Y CALLE LOS CEDROS","2026-08-08"
"142730","LOGISTICA ISIDORO BERROCAL CORONADO SOCIEDAD ANONIMA CERRADA","ESTACIÓN DE SERVICIOS / GRIFOS","AREQUIPA","AREQUIPA","CERRO COLORADO","ASOCIACIÓN DE VIVIENDA Y TALLERES DE INTERES SOCIAL ANDRÉS AVELINO CÁCERES - ESQUINA AV. Nº 5 CON CALLE 13, MZ. N, LOTE 15","2026-07-29"
"142736","COMBUX","ESTACIÓN DE SERVICIOS / GRIFOS","AMAZONAS","UTCUBAMBA","EL MILAGRO","CARRETERA MARGINAL DE LA SELVA - CASERÍO EL REPOSO","2026-08-08"
"142783","COMPANIA COMERCIALIZADORA Y REPRESENTACIONES SA","ESTACIÓN DE SERVICIO CON GASOCENTRO DE GLP","LA LIBERTAD","TRUJILLO","TRUJILLO","CALLE SANTA LUISA LOTE 3 URB. ROSELL PARODI","2026-08-09"
"142795","EMMIR AGUIRRE CARRION","ESTACIÓN DE SERVICIOS / GRIFOS","CAJAMARCA","SAN IGNACIO","SAN JOSE DE LOURDES","CASERIO PUERTO CHINCHIPE S/N","2026-07-31"
"142833","FYFP INVERSIONES Y SG S.R.L.","ESTACIÓN DE SERVICIOS / GRIFOS","CUSCO","CALCA","COYA","AV. FRANCISCO MORA LIVIANO S/N","2026-08-05"
"142834","TRANSPORTES Y SERVICIOS LUZ Y CIELO E.I.R.L.","ESTACIÓN DE SERVICIOS / GRIFOS","CUSCO","CHUMBIVILCAS","COLQUEMARCA","AV. SANTO TOMAS MANZANA E2 FRACCIONES DE LOTES 3 Y 4","2026-08-05"
"142932","GRIFO SAN IGNACIO SAC","ESTACIÓN DE SERVICIOS / GRIFOS","SAN MARTIN","SAN MARTIN","CACATACHI","CARRETERA FERNANDO BELAUNDE TERRY KM. 9.5","2026-08-08"
"142938","GRIFO CRISTO SALVADOR S.A.C.","ESTACIÓN DE SERVICIO CON GASOCENTRO DE GLP","LIMA","LIMA","LA VICTORIA","AV. MEXICO N° 2383 INTERSECCION CON JR. VIRREY LA SERNA","2026-08-09"
"142953","RAQUEL MARIA ROCA PERALTA","ESTACIÓN DE SERVICIOS / GRIFOS","AREQUIPA","AREQUIPA","SOCABAYA","AA.HH. HORACIO ZEBALLOS GAMEZ LT 27 MZ 06 ZN. 10","2026-08-07"
"143022","GRIFO SUAREZ.C E.I.R.L.","ESTACIÓN DE SERVICIOS / GRIFOS","PIURA","SULLANA","SULLANA","CENTRO POBLADO HUANGALA MZ. 28, LOTE 12B","2026-08-08"
"143032","MULTISERVICIOS CECOMSAP SA","ESTACIÓN DE SERVICIOS / GRIFOS","PUNO","SAN ANTONIO DE PUTINA","ANANEA","JR. ARENALES N° 430 BARRIO CENTRAL","2026-08-09"
"143047","ESTACION DE SERVICIOS PERCY CAR PARACAS S.A.C.","ESTACIÓN DE SERVICIO CON GASOCENTRO DE GLP","ICA","PISCO","PARACAS","CARRETERA PANAMERICANA SUR KM. 242 PARCELA 25 SECTOR B","2026-08-08"
"143131","EMPRESA TRANSPORTES SALAVERRY EXPRESS SA","ESTACIÓN DE SERVICIO CON GASOCENTRO DE GLP","LA LIBERTAD","TRUJILLO","EL PORVENIR","MZ. A LOTE 1 SECTOR ASENTAMIENTO HUMANO ALTO TRUJILLO BARRIO 3A","2026-08-08"
"143138","GRUPO T&A S.A.C.","ESTACIÓN DE SERVICIOS / GRIFOS","AYACUCHO","SUCRE","SAN PEDRO DE LARCAY","CARRETERA CHICHA - PAMPACHIRI","2026-07-30"
"143147","SUCESION INDIVISA ESPINOZA DURAND ROMULO","ESTACIÓN DE SERVICIOS / GRIFOS","UCAYALI","PADRE ABAD","CURIMANA","JR. ENOC MZ. 06 LOTES 10 Y 11 DEL CASERIO BELLO HORIZONTE","2026-08-07"
"143159","ESTACION DE SERVICIOS GRUPO AT PERU SAC","ESTACIÓN DE SERVICIO CON GASOCENTRO DE GLP","ICA","PALPA","LLIPATA","CARRETERA PANAMERICANA SUR KM. 402","2026-08-08"
"143165","LOURDES LANDEO OCHOA","ESTACIÓN DE SERVICIOS / GRIFOS","AYACUCHO","HUAMANGA","SAN JUAN BAUTISTA","CARRETERA AYACUCHO - CUSCO KM.02","2026-08-08"
"143199","ESTACION DE SERVICIOS KILLARY WORLD EIRL","ESTACIÓN DE SERVICIOS / GRIFOS","PIURA","SULLANA","SULLANA","CARRETERA SULLANA  TAMBOGRANDE S/N CIENEGUILLO NORTE","2026-08-08"
"143204","LA ESTACION CALVO DE ARAUJO S.A.C.","ESTACIÓN DE SERVICIOS / GRIFOS","LORETO","MAYNAS","IQUITOS","JR.. CALVO DE ARAUJO MZ. A LT. 1- ESQUINA CON LA CALLE RAUL PILLCO PEREZ","2026-08-08"
"14372","GRIFOS ESPINOZA S A","EE.SS con GNV","ANCASH","SANTA","CHIMBOTE","AV. JOSE PARDO 1415, ESQUINA CON JR. UNION","2026-08-04"
"14380","SERVICENTRO EL ARCO SRL","ESTACIÓN DE SERVICIOS / GRIFOS","APURIMAC","ABANCAY","TAMBURCO","AV. TAMBURCO S/N","2026-08-07"
"14381","SERVICENTRO SANTA MARTHA E.I.R.LTDA.","ESTACIÓN DE SERVICIOS / GRIFOS","APURIMAC","ABANCAY","TAMBURCO","AV. TAMBURCO N° 152","2026-08-07"
"14382","WARI SERVICE SAC","ESTACIÓN DE SERVICIOS / GRIFOS","APURIMAC","ANDAHUAYLAS","ANDAHUAYLAS","AV. SESQUICENTENARIO Y JR. SR. DE LOS MILAGROS","2026-08-05"
"14388","GRIFO GABRIEL","ESTACIÓN DE SERVICIOS / GRIFOS","APURIMAC","CHINCHEROS","ANCO-HUALLO","AV. LOS INCAS N° 236","2026-08-07"
"14391","COESTI S.A. ES ITALIA","ESTACIÓN DE SERVICIOS / GRIFOS","AREQUIPA","AREQUIPA","AREQUIPA","AV. PARRA 222-A","2026-08-07"
"14392","COESTI VENEZUELA","ESTACIÓN DE SERVICIOS / GRIFOS","AREQUIPA","AREQUIPA","AREQUIPA","AV. VENEZUELA N° 2200","2026-08-09"
"144188","ZETA GAS ANDINO S.A.","GASOCENTROS DE GLP","JUNIN","HUANCAYO","EL TAMBO","AV. FERROCARRIL N° 841","2026-07-31"
"144228","NEGOCIACIONES COMERCIALES DCG S.A.C.","ESTACIÓN DE SERVICIOS / GRIFOS","LIMA","LIMA","EL AGUSTINO","JR. LAS RETAMAS MZ. A LOTE 01 COOPERATIVA DE VIVIENDA LAS PIRAMIDES","2026-08-08"
"144267","EE.SS.ALTO TAMBOPATA","ESTACIÓN DE SERVICIOS / GRIFOS","PUNO","SANDIA","SAN PEDRO DE PUTINA PUNCO","PROLONGACIÓN AV. TAMBOPATA S/N DEL BARRIO SELVA ALEGRE","2026-08-07"
"14428","GRIFO J.H.P. E.I.R.L.","ESTACIÓN DE SERVICIOS / GRIFOS","AREQUIPA","AREQUIPA","CERRO COLORADO","AV. AVIACIÓN KM. 9 - VÍA A YURA","2026-08-08"
"14431","VICTORIA VELASQUEZ MAMANI","ESTACIÓN DE SERVICIOS / GRIFOS","AREQUIPA","AREQUIPA","CHIGUATA","AV. LOS PORTALES S/N, ASENT. HUMANO LOS PORTALES COMUNIDAD CAMPESINA DE CHIGUATA","2026-08-05"
"144331","COESTI S.A","ESTACIÓN DE SERVICIO CON GASOCENTRO DE GLP","PIURA","PIURA","PIURA","CARRETERA PIURA - LOS EJIDOS, PREDIO RC 18849, SANTA INA (P), SECTOR EJIDOS DEL NORTE","2026-08-09"
"144335","SUR PETROL SOCIEDAD COMERCIAL DE RESPONSABILIDAD LIMITADA","ESTACIÓN DE SERVICIOS / GRIFOS","PUNO","CHUCUITO","ZEPITA","AV. PANAMERICANA ESQ. CON EL JR. MANCO CAPAC DE LA PANAMERICANA SUR PUNO DESAGUADERO KM. 1466+430","2026-08-08"
"144337","ESTACION DE SERVICIOS GRAN CAIMAN SAC","ESTACIÓN DE SERVICIO CON GASOCENTRO DE GLP","SAN MARTIN","TOCACHE","TOCACHE","JR. FREDY ALIAGA CDRA 33 CON JR. EMETERIO ALIAGA CDRA 04","2026-08-05"
"144346","BRYLUZ S.A.C","ESTACIÓN DE SERVICIOS / GRIFOS","CUSCO","CUSCO","SAN JERONIMO","AV. PICOL ORCOMPUGIO LOTE N°14 MANZANA E","2026-08-08"
"144359","ENERGIGAS S.A.C.","EE.SS con GLP y GNV","LIMA","LIMA","LIMA","AV. VENEZUELA N° 3300","2026-08-08"
"144367","ESTACIONES LUCIA S.A.C.","ESTACIÓN DE SERVICIOS / GRIFOS","UCAYALI","PADRE ABAD","ALEXANDER VON HUMBOLD","MZ. Q LT. 1 CASERIO PRIMAVERA ALTURA DEL KM 4 MARGEN IZQUIERDA DE LA CARRETERA BELAUNDE TERRY","2026-08-09"
"144374","ALLE ESTACIONES S.A.C.","ESTACIÓN DE SERVICIO CON GASOCENTRO DE GLP","LIMA","LIMA","SAN JUAN DE MIRAFLORES","PANAMERICANA SUR MZ. P, LOTES 18, 19, 20, COOPERATIVA DE VIVIENDA AMERICA S.R.LTDA","2026-08-07"
"144379","INVERSIONES NANDO S.A.C.","ESTACIÓN DE SERVICIOS / GRIFOS","LAMBAYEQUE","CHICLAYO","CHONGOYAPE","CARRETERA CHICLAYO - CHONGOYAPE KM. 62+900 SECTOR JUANA RIOS","2026-08-07"
"14438","MULTISERVICIOS ARAGON S.R.L.","ESTACIÓN DE SERVICIOS / GRIFOS","AREQUIPA","AREQUIPA","MARIANO MELGAR","CALLE PIURA N° 1213 ESQUINA CON CALLE MADRE DE DIOS","2026-08-08"
"144382","SERVICENTRO PAMPAS YURAC","ESTACIÓN DE SERVICIOS / GRIFOS","UCAYALI","PADRE ABAD","PADRE ABAD","CARRETERA FEDERICO BASADRE KM. 163 MARGEN IZQUIERDA FUNDO INGRID SECTOR PAMPA YURAC","2026-08-08"
"144437","GRIFO¿S ERIC E.I.R.L.","ESTACIÓN DE SERVICIOS / GRIFOS","CUSCO","CUSCO","SAN JERONIMO","PREDIO MANZANAYOC PUCRO","2026-08-07"
"14444","ESTACION  DE SERVICIO SAN MARTIN","ESTACIÓN DE SERVICIOS / GRIFOS","AREQUIPA","AREQUIPA","SOCABAYA","ESQUINA CALLE OROYA Nº 324 CON CALLE HUAMACHUCO - SAN MARTIN DE SOCABAYA","2026-08-08"
"14446","ESTACION DE SERVICIOS GRUPO CAMANA SAC","ESTACIÓN DE SERVICIO CON GASOCENTRO DE GLP","AREQUIPA","CAMANA","SAMUEL PASTOR","CARRETERA PANAMERICANA SUR KM. 832","2026-08-08"
"14447","FRUDEL E.I.R.L.","ESTACIÓN DE SERVICIOS / GRIFOS","AREQUIPA","CASTILLA","ORCOPAMPA","CALLE CUSCO S/N. URB. LA LAGUNA","2026-08-04"
"144514","WARI SERVICE SAC","ESTACIÓN DE SERVICIOS / GRIFOS","CUSCO","ESPINAR","YAURI","PARCELAS 2 Y 3 DEL PREDIO RUSTICO DENOMINADO CHILLITIRA SULLALLANI MUNAY PATA-COMUNIDAD CAMPESINA HUISA CCOLLANA","2026-08-07"
"144518","GRUPO APCHA SOCIEDAD COMERCIAL DE RESPONSABILIDAD LIMITADA","ESTACIÓN DE SERVICIOS / GRIFOS","PUNO","SAN ROMAN","JULIACA","AV. SIMON BOLIVAR ESQUINA CON CALLE SIN NOMBRE, URB. CAMINO CHURI MZ. R LOTES 01, 02 Y 13.","2026-07-20"
"144526","AERO GAS DEL NORTE SAC","EE.SS con GLP y GNV","LIMA","LIMA","COMAS","LOTE 1, CON FRENTE A LA AV. HEROES ALTO CENEPA - EX FUNDO CHACRA CERRO","2026-08-08"
"14455","ESTACION PALUCO E.I.R.L.","ESTACIÓN DE SERVICIOS / GRIFOS","AYACUCHO","HUAMANGA","JESUS NAZARENO","CARRETERA AYACUCHO - HUANTA KM. 7 + 104","2026-08-08"
"14456","HINOSTROZA HUAMAN GERARDO","ESTACIÓN DE SERVICIOS / GRIFOS","AYACUCHO","HUAMANGA","JESUS NAZARENO","JR. CIRO ALEGRIA N° 588 CON AV. SALVADOR CAVERO","2026-08-08"
"14457","EESS PRIMAX CARMEN ALTO","ESTACIÓN DE SERVICIOS / GRIFOS","AYACUCHO","HUAMANGA","CARMEN ALTO","AV. MARISCAL CACERES 322","2026-08-09"
"14459","AVENDAÑO CUADROS RICHAR FELIX","ESTACIÓN DE SERVICIOS / GRIFOS","AYACUCHO","HUAMANGA","QUINUA","AV. LIBERTADORES 602, CARRETERA AYACUCHO - SAN FRANCISCO","2026-08-08"
"144638","SERVICENTRO BAJO URUBAMBA EMPRESA INDIVIDUAL DE RESPONSABILIDAD LIMITADA","ESTACIÓN DE SERVICIOS / GRIFOS","CUSCO","LA CONVENCION","ECHARATE","A.P.V. NUEVO ECHARATE SANIRIATO MZ. L LOTE 1","2026-08-01"
"144657","ESTACION DE SERVICIOS MONTE EVEREST S.A.C.","ESTACIÓN DE SERVICIO CON GASOCENTRO DE GLP","ICA","CHINCHA","SUNAMPE","SUB LOTE 2-A AV. PRINCIPAL-CARRETERA A SUNAMPE","2026-08-05"
"144711","PETROL FAST DYLAN S.A.C.","ESTACIÓN DE SERVICIOS / GRIFOS","SAN MARTIN","TOCACHE","TOCACHE","CARRETERA FERNANDO BELAUNDE TERRY PE 5N KM 3.90","2026-08-04"
"14473","GRAN PRIX PLUS EMPRESA INDIVIDUAL DE RESPONSABILIDAD LIMITADA","ESTACIÓN DE SERVICIOS / GRIFOS","CAJAMARCA","JAEN","JAEN","AV. PAKAMUROS Nº 1296","2026-08-07"
"144735","GRIFOS SAN PETRUS II EMPRESA INDIVIDUAL DE RESPONSABILIDAD LIMITADA","ESTACIÓN DE SERVICIOS / GRIFOS","PUNO","SAN ROMAN","JULIACA","AV. MODESTO BORDA APAZA S/N MZ.G LT.01 URB. SANTO DOMINGO I ETAPA","2026-08-07"
"14475","ESTACION DE SERVICIOS SAN JUAN","ESTACIÓN DE SERVICIOS / GRIFOS","CUSCO","CANCHIS","SICUANI","AV. CONFEDERACION N° 919","2026-08-08"
"14478","JHON AMERICO HUAMAN SALAS","ESTACIÓN DE SERVICIOS / GRIFOS","CUSCO","CUSCO","SAN JERONIMO","AV. MANCO CCAPAC S/N","2026-08-08"
"14480","GRIFO EL SOL","ESTACIÓN DE SERVICIOS / GRIFOS","CUSCO","CUSCO","SAN SEBASTIAN","CARRETERA CUSCO - URUBAMBA KM. 16 SECTOR CCORAO","2026-08-08"
"144806","CHERO ODAR AGUSTIN CASIMIRO","ESTACIÓN DE SERVICIOS / GRIFOS","SAN MARTIN","MARISCAL CACERES","PAJARILLO","ESQUINA JR. TUPAC AMARU CON JR. JORGE CHAVEZ","2026-07-31"
"14481","SERVIMAS GRIFO E.I.R.LTDA.","ESTACIÓN DE SERVICIOS / GRIFOS","CUSCO","CUSCO","SAN SEBASTIAN","PROLONGACION AV. DE LA CULTURA Nº2338 - B- SANTUTIS CHICO","2026-08-06"
"14482","SOLUCIONES PETROLERAS SEÑOR DE HUANCA S.A.C.","ESTACIÓN DE SERVICIOS / GRIFOS","CUSCO","CUSCO","SANTIAGO","SECTOR URMAYMOCCO, COMUNIDAD CACHONA S/N CARRETERA CUSCO - PARURO","2026-08-06"
"14483","SERVICENTRO ESMAD S.A.C.","ESTACIÓN DE SERVICIOS / GRIFOS","CUSCO","CUSCO","SAYLLA","AV. CUSCO S/N, A MANO IZQUIERDA DE LAS REVISIONES TECNICAS","2026-08-08"
"144855","A & L ADMINISTRACION S.A.C.","ESTACIÓN DE SERVICIO CON GASOCENTRO DE GLP","LIMA","LIMA","LURIGANCHO","AV. ALAMEDA N° 180","2026-08-09"
"14487","GRIFO HUANCAVELICA JAMKO S.A.C.","ESTACIÓN DE SERVICIOS / GRIFOS","HUANCAVELICA","HUANCAVELICA","HUANCAVELICA","JR. HUANCAYO S/N","2026-08-08"
"144873","LAZMOR E.I.R.L.","ESTACIÓN DE SERVICIO CON GASOCENTRO DE GLP","LA LIBERTAD","VIRU","CHAO","PREDIO 21723, LA VICTORIA CALLE PU-PRS / CALLE U.C. 10570","2026-08-09"
"14488","ESTACION DE SERVICIOS SAN JUAN E.I.R.L.","ESTACIÓN DE SERVICIOS / GRIFOS","HUANCAVELICA","HUANCAVELICA","HUANCAVELICA","AV. ANDRES AVELINO CÁCERES Nº 951","2026-08-03"
"144891","FRANKLIN HUAMAN BAEZ ","ESTACIÓN DE SERVICIOS / GRIFOS","CUSCO","LA CONVENCION","QUELLOUNO","SECTOR REMOLINO PREDIO ROSEDAL","2026-07-31"
"144952","R & S PETROSUR KALA E.I.R.L.","ESTACIÓN DE SERVICIOS / GRIFOS","PUNO","AZANGARO","CHUPA","AV. PROLONGACIÓN TUPAC AMARU S/N","2026-08-04"
"144987","SERVICENTRO DOMI E.I.R.L","ESTACIÓN DE SERVICIOS / GRIFOS","UCAYALI","CORONEL PORTILLO","YARINACOCHA","AV. 2 DE MAYO ESQUINA AV. PASEO DE LA REPUBLICA A 200 METROS DE LA TORRE ELECTRICA DE ALTA TENSION","2026-08-07"
"145032","SERVICENTRO Y DISTRIBUCIONES YHEM EMPRESA INDIVIDUAL DE RESPONSABILIDAD LIMITADA","ESTACIÓN DE SERVICIOS / GRIFOS","PUNO","SAN ANTONIO DE PUTINA","QUILCAPUNCU","AV. SANDIA S/N BARRIO VILLA QUILCA","2026-08-05"
"145039","ESTACION DE SERVICIOS MI ROSITA E.I.R.L","ESTACIÓN DE SERVICIOS / GRIFOS","LAMBAYEQUE","CHICLAYO","LA VICTORIA","PROLONGACION AV. MANUEL SEOANE Y CALLE 02 (LIMA) - SECTOR TOCNOPE","2026-08-01"
"14507","ESTACION GAS JKA E.R.L.","ESTACIÓN DE SERVICIO CON GASOCENTRO DE GLP","HUANUCO","LEONCIO PRADO","RUPA-RUPA","AV. AMAZONAS N° 628","2026-08-09"
"14509","BENYKENT SAC","ESTACIÓN DE SERVICIO CON GASOCENTRO DE GLP","ICA","CHINCHA","CHINCHA ALTA","AV. FAUSTINO SÁNCHEZ CARRIÓN 360 - 364","2026-08-07"
"145103","NEGOCIACIONES PETROMAX S.A.C.","ESTACIÓN DE SERVICIOS / GRIFOS","HUANCAVELICA","ANGARAES","LIRCAY","CARRETERA CENTRAL HUANCAVELICA-LIRCAY KM 66.5 BARRIO MANZANARES- CENTRO POBLADO UCHCUPAMPA","2026-08-08"
"145111","ENERGEO S.A.C.","GASOCENTROS DE GLP","PROV. CONST. DEL CALLAO","PROV. CONST. DEL CALLAO","VENTANILLA","ASOCIACION DE VIVIENDA CASA TALLER SANTA MARGARITA MZ L LTS 3,4 Y 5-A","2026-08-08"
"14513","CONSORCIO ICA S.A.C.","EE.SS con GLP y GNV","ICA","ICA","LOS AQUIJES","PANAMERICANA SUR KM. 307.3, CENTRO POBLADO GARGANTO","2026-08-08"
"14514","SERVICENTRO LA FLORIDA SAC","ESTACIÓN DE SERVICIO CON GASOCENTRO DE GLP","ICA","ICA","LOS AQUIJES","AV. ARENALES N° 123","2026-08-08"
"145146","OCEANO FISHING SERVICES S.A.C.","GRIFOS FLOTANTES","PIURA","PAITA","PAITA","BAHIA DE PAITA  MUELLE ZONAL  ZONA INDUSTRIAL II","2026-08-03"
"145148","GRAN PRIX CORPORACION EIRL","ESTACIÓN DE SERVICIO CON GASOCENTRO DE GLP","LA LIBERTAD","PACASMAYO","SAN JOSE","MZ.63 LOTES 02, 03, 04, 05, 13, 14 Y 15 - CENTRO POBLADO SAN MARTIN DE PORRES","2026-08-07"
"14516","MULTISERVCIOS LA FLORIDA S.A.C.","ESTACIÓN DE SERVICIO CON GASOCENTRO DE GLP","ICA","ICA","PARCONA","PROLONGACION GRAU S/N CUADRA 09","2026-08-08"
"14517","C & M RED SOCIEDAD ANONIMA CERRADA - C & M RED  S.A.C","ESTACIÓN DE SERVICIO CON GASOCENTRO DE GLP","ICA","NAZCA","VISTA ALEGRE","CARRETERA PANAMERICANA SUR KM. 450 (ANTES KM. 444)","2026-08-07"
"145213","A.L. MARS E.I.R.L.","ESTACIÓN DE SERVICIOS / GRIFOS","ANCASH","RECUAY","TICAPAMPA","CARRETERA ASFALTADA HUARAZ  LIMA  SECTOR CASERIO ICHI HUISCA","2026-08-07"
"145245","PETROVIDA E.I.R.L.","ESTACIÓN DE SERVICIOS / GRIFOS","AMAZONAS","CHACHAPOYAS","CHACHAPOYAS","CARRETERA CHACHAPOYAS-RODRIGUEZ DE MENDOZA, SECTOR RUMICHACHA","2026-08-08"
"14526","ESTACION Z","ESTACIÓN DE SERVICIO CON GASOCENTRO DE GLP","ICA","PISCO","TUPAC AMARU INCA","PANAMERICANA SUR KM. 230.50 AV. LOS FLAMENCOS MZ. D LOTE 2 Y 3 SUB-LOTE B Y C","2026-08-08"
"14527","GRIFO HUANCAS E.I.R.L.","ESTACIÓN DE SERVICIO CON GASOCENTRO DE GLP","JUNIN","CONCEPCION","CONCEPCION","CARRETERA CENTRAL Nº 1525 MARGEN IZQUIERDA","2026-08-08"
"145317","CORPORACION SATURNINA TENORIO S.A.C.","ESTACIÓN DE SERVICIO CON GASOCENTRO DE GLP","TACNA","TACNA","TACNA","SECTOR PARQUE INDUSTRIAL MZ. G, SUB LOTES 16, 17, 18A Y 16, 17, 18B, AV. INDUSTRIAL ESQUINA CON CALLE 13","2026-08-09"
"145319","MULTISERVICIOS LA COLINA E.I.R.L.","ESTACIÓN DE SERVICIO CON GASOCENTRO DE GLP","AREQUIPA","CAYLLOMA","MAJES","SECTOR LA COLINA, TERRENO GRANJA G-168-A","2026-08-06"
"14534","GRIFO JOSE OLAYA E.I.R.L.","ESTACIÓN DE SERVICIOS / GRIFOS","JUNIN","HUANCAYO","HUANCAYO","AV. JOSÉ OLAYA Nº 548","2026-08-05"
"14535","ESTACION DE SERVICIOS ORETELL EIRL","ESTACIÓN DE SERVICIO CON GASOCENTRO DE GLP","JUNIN","JAUJA","SAUSA","CARRETERA CENTRAL Nº 595 - MARGEN IZQUIERDA","2026-08-08"
"145378","GRIFO¿S ERIC E.I.R.L.","ESTACIÓN DE SERVICIOS / GRIFOS","CUSCO","CUSCO","SAYLLA","CERRETERA CUSCO-URCOS, SECTOR PIHUI CCOSI, COMUNIDAD CAMPESINA DE ANAWARQQUE","2026-08-07"
"14538","INVERSIONES E INDUSTRIAS MIRFER S.A.C.","ESTACIÓN DE SERVICIO CON GASOCENTRO DE GLP","JUNIN","TARMA","TARMA","AV. FRANCISCO DE PAULA OTERO N° 317","2026-08-07"
"145386","GRIFO LUCYMAR S.A.C.","ESTACIÓN DE SERVICIO CON GASOCENTRO DE GLP","ICA","ICA","SALAS","CARRETERA PANAMERICANA SUR KM.275 -VILLACURI","2026-08-08"
"14539","GRUPO GREDISA S.A.C.","ESTACIÓN DE SERVICIO CON GASOCENTRO DE GLP","JUNIN","TARMA","TARMA","AV. CASTILLA NRO. 1411","2026-08-08"
"14540","SERVICENTROS FYF SEÑOR DE MURUHUAY EIRL","ESTACIÓN DE SERVICIOS / GRIFOS","JUNIN","TARMA","TARMA","AV. MANUEL A. ODRIA N° 1650 CARRETERA CENTRAL","2026-08-08"
"145401","GRIFOS PRIXVALSAC","ESTACIÓN DE SERVICIOS / GRIFOS","LA LIBERTAD","SANCHEZ CARRION","HUAMACHUCO","5.13% DEL PREDIO HUAGALL SECTOR TANTAPUSHA CARRETERA HUAMACHUCO  TRUJILLO EN CIUDAD HUAMACHUCO SECTOR II JUNTA VECINAL N° 01 (CON FRENTE A LA AV. TRU","2026-08-07"
"145418","GRIFO EL JORDAN Y SERVICIOS GENERALES E.I.R.L.","ESTACIÓN DE SERVICIOS / GRIFOS","ANCASH","MARISCAL LUZURIAGA","PISCOBAMBA","AV. MARCELO OCAÑA MELENDEZ, MZ.H1, LT, 04, BARRIO CONVENTO","2026-08-07"
"145451","GRIFO AVIACION","ESTACIÓN DE SERVICIOS / GRIFOS","UCAYALI","CORONEL PORTILLO","MANANTAY","AA.HH LOS PROCERES DE LA INDEPENDENCIA MZ. 23 LT. N° 2 AV AVIACION ESQUINA JR. LOS LAURELES","2026-08-08"
"145470","ANDREE G & C SOCIEDAD ANONIMA CERRADA","ESTACIÓN DE SERVICIOS / GRIFOS","CUSCO","ACOMAYO","ACOMAYO","SECTOR QUINTA PADUA","2026-08-05"
"145473","INVERSIONES Y DISTRIBUCIONES Y SERVICIOS EN GENERAL P  S","ESTACIÓN DE SERVICIOS / GRIFOS","HUANUCO","HUANUCO","HUANUCO","JR. PROLONGACION DOS DE MAYO N°103,109,113,119.","2026-08-08"
"14552","SERVICENTRO RAMIREZ SAC","ESTACIÓN DE SERVICIO CON GASOCENTRO DE GLP","LA LIBERTAD","TRUJILLO","TRUJILLO","AV. NICOLAS DE PIEROLA Nº 1390 SUB LOTES 08, 09, 10, 11, 12, 13 Y 14 URB. SAN FERNANDO","2026-08-09"
"145536","MULTISERVICIOS MI ZONA","ESTACIÓN DE SERVICIOS / GRIFOS","ANCASH","HUARI","HUANTAR","CALLE URANCHACRA LOTE 10","2026-08-07"
"145538","SERVICENTRO  LAS VEGAS I","ESTACIÓN DE SERVICIOS / GRIFOS","LORETO","MAYNAS","PUNCHANA","CALLE INDEPENDENCIA ESQUINA CON CALLE 3 DE OCTUBRE MZ. V1, LOTE 10","2026-08-09"
"14556","GRIFO SAN ANTONIO E.I.R.LTDA.","ESTACIÓN DE SERVICIO CON GASOCENTRO DE GLP","LAMBAYEQUE","CHICLAYO","CHICLAYO","AV. EUFEMIO LORA Y LORA ESQUINA CON CALLE PIURA URB. LA PRIMAVERA","2026-08-07"
"145569","ANCO CALLUPE GLORIA ANTONIETA","ESTACIÓN DE SERVICIOS / GRIFOS","JUNIN","JUNIN","CARHUAMAYO","BARRIO SANTA MARIA MZ. J LOTE N° 01","2026-08-08"
"145574","ESTACION DE SERVICIO GRIFO SOL DE SELVA SAC","ESTACIÓN DE SERVICIOS / GRIFOS","SAN MARTIN","PICOTA","CASPISAPA","CARRETERA FERNANDO BELAUNDE TERRY KM 68 (CASERIO NUEVA UNION)","2026-08-05"
"14559","E.S. POMALCA. INV. CARUAJULCA SRL","ESTACIÓN DE SERVICIOS / GRIFOS","LAMBAYEQUE","CHICLAYO","CHICLAYO","CARRETERA CHICLAYO - POMALCA KM. 3,7","2026-08-08"
"14563","ESTACION DE SERVICIOS PECOLINE S.R.L.","ESTACIÓN DE SERVICIO CON GASOCENTRO DE GLP","LAMBAYEQUE","CHICLAYO","LA VICTORIA","AV. VICTOR RAUL HAYA DE LA TORRE N° 2600 ESQUINA CON AV. SACSAHUAMAN","2026-08-08"
"145647","GRIFOS & SERVIS QUISPE HUAMAN SOCIEDAD ANONIMA CERRADA","ESTACIÓN DE SERVICIOS / GRIFOS","PUNO","SAN ROMAN","JULIACA","AV. HUANCANE N° 1711 ESQ. CON JR. PEDRO VILCAPAZA","2026-08-07"
"14566","HERMANOS JARA S.C.R.L.","ESTACIÓN DE SERVICIOS / GRIFOS","LAMBAYEQUE","FERREÑAFE","FERREÑAFE","AV. AUGUSTO B. LEGUIA N°498","2026-08-08"
"14567","ESTACION DE SERVICIOS SAN JOSE S.A.C.","ESTACIÓN DE SERVICIOS / GRIFOS","LAMBAYEQUE","LAMBAYEQUE","LAMBAYEQUE","CARRETERA PANAMERICANANORTE KM. 783 - MOCCE","2026-08-05"
"145686","GRIFO SAN PEDRO","ESTACIÓN DE SERVICIOS / GRIFOS","PUNO","HUANCANE","VILQUE CHICO","CENTRO POBLADO MENOR MUELLE, PARCIALIDAD COASIA, CARRETERA VILQUECHICO - HUANCANE","2026-08-07"
"14569","COESTI S.A","ESTACIÓN DE SERVICIO CON GASOCENTRO DE GLP","LIMA","BARRANCA","BARRANCA","AV. CARRETERA PANAMERICANA NORTE KM. 196 (ANTES CARRETERA PANAMERICANA NORTE INTERSECCION CON LA AV. A)","2026-08-09"
"145701","GRIFOS LOS DELFINES HNOS A & M SOCIEDAD ANONIMA CERRADA","ESTACIÓN DE SERVICIOS / GRIFOS","PUNO","SAN ROMAN","JULIACA","AV. HUANCANE N° 1307 ESQ. CON AV. DANIEL ALOMIAS ROBLES","2026-08-09"
"145747","GRANADOS MIMBELA JOSE MANUEL","ESTACIÓN DE SERVICIOS / GRIFOS","LAMBAYEQUE","LAMBAYEQUE","MORROPE","U.C N° 56034 -CASERIO TRANCA FANUPE","2026-08-01"
"145748","GRANADOS MIMBELA JOSE ARMANDO","ESTACIÓN DE SERVICIOS / GRIFOS","LAMBAYEQUE","LAMBAYEQUE","MORROPE","U.C. N° 56632 - CASERIO CRUCE MORALES","2026-08-07"
"145770","SERVICENTRO TRANSPORTES Y SERVICIOS ESPINAR S.A.C.","ESTACIÓN DE SERVICIOS / GRIFOS","CUSCO","ESPINAR","YAURI","SECTOR DE LOMA PATA, CARRETERA ESPINAR-COPORAQUE","2026-08-07"
"145782","GRUPO EMPRESARIAL MDM E.I.R.L.","ESTACIÓN DE SERVICIOS / GRIFOS","TACNA","TACNA","SAMA","ASENTAMIENTO HUMANO MORRO DE SAMA, MZA. 1, LOTE 1, CALLE 10","2026-08-05"
"14583","REPSOL COMERCIAL S.A.C.","ESTACIÓN DE SERVICIOS / GRIFOS","PROV. CONST. DEL CALLAO","PROV. CONST. DEL CALLAO","BELLAVISTA","INTERSECCION DE AV. OSCAR R. BENAVIDES N° 4600 Y AV. SAN JOSE URB. SAN JOSE","2026-08-09"
"145852","CAMPOS ARZAPALO CESARIO SANTOS","ESTACIÓN DE SERVICIOS / GRIFOS","JUNIN","JUNIN","CARHUAMAYO","AV. UNIÓN S/N MZ 47 LOTE S/N","2026-08-07"
"145865","ESTACION DE SERVICIOS EL SOL DE TACNA SOCIEDAD ANONIMA CERRADA","ESTACIÓN DE SERVICIO CON GASOCENTRO DE GLP","TACNA","TACNA","TACNA","AV. JORGE BASADRE GROHMANN OESTE N° 690","2026-08-09"
"145877","ESTACION BAYOLETH","ESTACIÓN DE SERVICIO CON GASOCENTRO DE GLP","ANCASH","SANTA","NUEVO CHIMBOTE","AA.HH. VISTA ALEGRE MZ. E LOTES 15 Y 16","2026-08-08"
"145925","CONSTRUCTORA RAMIREZ & AMADOR S.A.C.","ESTACIÓN DE SERVICIOS / GRIFOS","LA LIBERTAD","SANCHEZ CARRION","MARCABAL","CARRETERA HUAMACHUCO - CAJABAMBA, CASERIO SHAYAPUAICO - SECTOR LA CABAÑA, CENTRO POBLADO CHAQUILBAMBA","2026-08-08"
"145970","SERVICENTRO VIAL SOCIEDAD ANONIMA CERRADA","ESTACIÓN DE SERVICIOS / GRIFOS","CUSCO","CUSCO","SAN SEBASTIAN","LOTE N° 6 DE LA MANZANA H, FRACCION B Y C URBANIZACION SAN ANTONIO","2026-08-07"
"145990","INVERSIONES & COMERCIALIZADORA SR. DE LOS MILAGROS S.A.C.","ESTACIÓN DE SERVICIO CON GASOCENTRO DE GLP","HUANUCO","HUANUCO","PILLCO MARCA","REMANENTE II - REMANENTE 2A, PARC. 146 - ZONA PREDIO VICHAYCOTO","2026-08-07"
"146087","E.S PRISER   PRIMAX","ESTACIÓN DE SERVICIO CON GASOCENTRO DE GLP","LIMA","BARRANCA","BARRANCA","SUB LOTE 2B-1 DEL SUB LOTE 2 B DEL SUBLOTE 2 - CARRETERA PANAMERICANA NORTE N° 1651","2026-08-08"
"146097","ESTACION DE SERVICIO PETROMAR","ESTACIÓN DE SERVICIOS / GRIFOS","MOQUEGUA","MARISCAL NIETO","MOQUEGUA","CARRETERA BINACIONAL S/N SECTOR SAN ANTONIO","2026-08-07"
"146194","ESTACION DE SERVICIOS VICTORIA II MANTARO E.I.R.L.","ESTACIÓN DE SERVICIOS / GRIFOS","CUSCO","LA CONVENCION","UNIÓN ASHÁNINKA","CARRETERA MARGINAL MANTARO - NATIVIDAD","2026-08-04"
"146204","SERVICENTRO SAN JUAN","ESTACIÓN DE SERVICIOS / GRIFOS","LORETO","MAYNAS","SAN JUAN BAUTISTA","CARRETERA RUMOCOCHA KM. 1.75","2026-08-07"
"14622","REPSOL COMERCIAL S.A.C.","ESTACIÓN DE SERVICIOS / GRIFOS","LIMA","LIMA","ATE","AV. EVITAMIENTO N° 1904 MZ. B LOTES 1-6, URB. LOS PARQUES DE MONTERRICO","2026-08-09"
"14627","AGAR INVERSIONES & SERVICIOS SAC","ESTACIÓN DE SERVICIOS / GRIFOS","LIMA","LIMA","CARABAYLLO","AV. MANUEL PRADO N° 816","2026-08-07"
"14628","SAN ANTONIO INVERSIONES GENERALE S.R.L","ESTACIÓN DE SERVICIOS / GRIFOS","LIMA","LIMA","CARABAYLLO","AV. TUPAC AMARU KM. 22. CARRETERA A CANTA - ASOCIACION LOS ROSALES DE CHILLON","2026-08-08"
"14632","GRIFO SAN IGNACIO SAC","EE.SS con GNV","LIMA","LIMA","CHORRILLOS","CALLE CONSTELACION AUSTRAL MZ. D-1 LOTE 10, URB. PARCELACION LA CAMPIÑA","2026-08-09"
"14633","GAS INTERNATIONAL MURILLO","EE.SS con GLP y GNV","LIMA","LIMA","CHORRILLOS","ESQUINA AV. GUARDIA CIVIL N° 702 Y AV. EL SOL, URB. LA CAMPIÑA","2026-08-09"
"146340","ESTACION DE SERVICIOS PERIAVENTE S.A.C.","ESTACIÓN DE SERVICIOS / GRIFOS","AYACUCHO","HUANTA","LLOCHEGUA","CARRETERA LLOCHEGUA - PERIAVENTE, C.P. PERIAVENTE ALTA","2026-08-05"
"146341","ESTACION DE SERVICIO LILY SAC","ESTACIÓN DE SERVICIOS / GRIFOS","AYACUCHO","CANGALLO","LOS MOROCHUCOS","JR. BASILIO AUQUI HUAYTALLA S/N - CENTRO POBLADO PAMPA CANGALLO","2026-08-09"
"146353","ESTACION DE SERVICIOS MVA EIRL","ESTACIÓN DE SERVICIOS / GRIFOS","LAMBAYEQUE","CHICLAYO","PATAPO","CARRETERA CHICLAYO - CHONGOYAPE KM 40+200 SECTOR LA CRIA","2026-08-08"
"146354","E.E.S.S. ONERGY S.A.C.","ESTACIÓN DE SERVICIO CON GASOCENTRO DE GLP","PIURA","PIURA","VEINTISEIS DE OCTUBRE","MZA. A, LOTE 15, 16, 17, 18, 29, 30, 31 Y 32 ZONA INDUSTRIAL","2026-08-09"
"14637","COESTI S.A.","ESTACIÓN DE SERVICIO CON GASOCENTRO DE GLP","LIMA","LIMA","COMAS","ESQUINA DE LA AV. UNIVERSITARIA Y AV. MEXICO CALLE L, MZ. D, LOTE 34, 35 Y 36 URB. SANTA ISOLINA 2DA ETAPA","2026-08-09"
"146374","GRIFITO CRISTINA E.I.R.L.","ESTACIÓN DE SERVICIOS / GRIFOS","ANCASH","YUNGAY","QUILLO","CARRETERA CASMA  QUILLO S/N, CASERÍO CARHUAPAMPA","2026-08-08"
"146396","GLOBAL FUEL SOCIEDAD ANONIMA","ESTACIÓN DE SERVICIOS / GRIFOS","PIURA","PIURA","PIURA","PREDIO U.C. 7540943018189 CARRETERA PIURA - LOS EJIDOS","2026-08-06"
"146402","ESTACION DE SERVICIOS VALLE HERMOSO E.I.R.L","ESTACIÓN DE SERVICIOS / GRIFOS","JUNIN","CHUPACA","CHONGOS BAJO","JR. BOLOGNESI S/N","2026-08-04"
"146427","NICOLE INKA GOLD SOCIEDAD ANONIMA CERRADA","ESTACIÓN DE SERVICIOS / GRIFOS","CUSCO","URUBAMBA","CHINCHERO","SECTOR DE P'AKLACOCHA LOTE G-269-01831","2026-08-07"
"14643","EMPRESA INDUSTRIAL COMERCIAL Y DE SERVICIOS MATILDE LEON S.A.","ESTACIÓN DE SERVICIO CON GASOCENTRO DE GLP","LIMA","LIMA","INDEPENDENCIA","AV. TUPAC AMARU MZ. G LT. 1 Y 2 COOP. VIVIENDA SANTA LIGIA","2026-08-07"
"14645","TERPEL PERU SAC","ESTACIÓN DE SERVICIO CON GASOCENTRO DE GLP","LIMA","LIMA","JESUS MARIA","AV. CUBA N° 116 - 120, ESQ. CON AV. ARENALES N° 990","2026-08-08"
"14646","COESTI SA","EE.SS con GLP y GNV","LIMA","LIMA","JESUS MARIA","AV. FAUSTINO SANCHEZ CARRION Nº 471 ESQUINA CON JR. ESTADOS UNIDOS","2026-08-08"
"14648","COESTI S.A   UNIVERSIDAD","ESTACIÓN DE SERVICIO CON GASOCENTRO DE GLP","LIMA","LIMA","LA MOLINA","AV. MELGAREJO, ESQ. CON LA AV. UNIVERSIDAD","2026-08-08"
"146480","REMIGIO BARRERA RIOS","ESTACIÓN DE SERVICIOS / GRIFOS","CAJAMARCA","CAJAMARCA","CAJAMARCA","CASERIO AGOMARCA  CARRETERA CAJAMARCA PACASMAYO KM 6 (REF. A 120 M CRUCE CON CARRETERA A PARIAMARCA)","2026-08-09"
"146481","ESTACION DE SERVICIOS GRIFO CRISTO REY SOCIEDAD ANONIMA CERRADA","ESTACIÓN DE SERVICIOS / GRIFOS","AREQUIPA","CAMANA","NICOLAS DE PIEROLA","CARRETERA PANAMERICANA SUR KM 823","2026-08-08"
"146486","CORPORACION HUAMACHUCO ENERGY S.A.C","ESTACIÓN DE SERVICIOS / GRIFOS","LA LIBERTAD","SANCHEZ CARRION","HUAMACHUCO","INTERSECCIÓN AV. 15 DE AGOSTO Y CALLE JOSE OLAYA","2026-08-09"
"146487","FULGAS S.A.","GASOCENTROS DE GLP","HUANUCO","HUANUCO","HUANUCO","JR. PROLONGACIÓN DOS DE MAYO N° 103-109-113-119","2026-08-08"
"146648","NEGOCIACIONES JESSMARA E.I.R.L.","GRIFOS FLOTANTES","LORETO","LORETO","NAUTA","MARGEN IZQUIERDA DEL RÍO MARAÑÓN - DISTRITO DE NAUTA","2026-08-01"
"146663","INVERSIONES JHONNATAN E.I.R.L.","ESTACIÓN DE SERVICIOS / GRIFOS","AYACUCHO","SUCRE","QUEROBAMBA","JR. SIMON BOLIVAR MZ. E, LOTE 15-A","2026-08-08"
"146664","JAVIER QUENAYA ARCE ","ESTACIÓN DE SERVICIOS / GRIFOS","PUNO","EL COLLAO","ILAVE","AV. PUNO ESQUINA CON JR. MARTIRES BARRIO CRUZANI","2026-08-07"
"146686","SERVICE D Y J CARABAYA SAN MIGUEL ARCANGEL S.A.C.","ESTACIÓN DE SERVICIOS / GRIFOS","PUNO","CARABAYA","MACUSANI","AV. CENTENARIO S/N CARRETERA INTEROCEANICA KM. 185+100","2026-08-08"
"146712","INVERSIONES EL ENCONADO S.A.C.","ESTACIÓN DE SERVICIOS / GRIFOS","LA LIBERTAD","PATAZ","PATAZ","SECTOR NARANJITO S/N - ANEXO SAN FERNANDO - PATAZ (ENTRADA A LA CIUDAD DE PATAZ, CARRETERA HUAMACHUCO  PATAZ)","2026-08-07"
"146763","MEGA ESTACION DE SERVICIOS INVERSOL S.A.","ESTACIÓN DE SERVICIO CON GASOCENTRO DE GLP","LIMA","CANTA","SANTA ROSA DE QUIVES","CARRETERA LIMA-CANTA, KM. 40, ZAPAN P-14, PROYECTO TAHUANTINSUYO","2026-08-08"
"146781","SERVICENTRO VILLA VIRGEN S.R.L.","ESTACIÓN DE SERVICIOS / GRIFOS","CUSCO","LA CONVENCION","VILLA VIRGEN","AV. APURIMAC S/N","2026-07-31"
"146787","ESTACION DE SERVICIOS CON GASOCENTRO KYR TUMBES","ESTACIÓN DE SERVICIO CON GASOCENTRO DE GLP","TUMBES","TUMBES","TUMBES","CARRETERA PANAMERICANA NORTE KM 1270","2026-08-09"
"146803","SERVICENTRO GRUPO IRZZA S.R.L.","ESTACIÓN DE SERVICIOS / GRIFOS","PUNO","AZANGARO","JOSE DOMINGO CHOQUEHUANCA","PROLONGACION JR. CUSCO S/N CARRETERA TIRAPATA, BARRIO SANTA ROSA","2026-08-07"
"146816","UCV GRIFOS S.R.L.","ESTACIÓN DE SERVICIOS / GRIFOS","PIURA","PIURA","VEINTISEIS DE OCTUBRE","MZ. U LOTE 09 TERCERA ETAPA ZONA INDUSTRIAL I1  I2","2026-08-08"
"14682","REPSOL COMERCIAL S.A.C.","ESTACIÓN DE SERVICIOS / GRIFOS","LIMA","LIMA","LA MOLINA","AV. JAVIER PRADO ESTE N° 5313 CON AV. LOS FRUTALES","2026-08-09"
"146832","ESTACION DE SERVICIOS SANTO TORIBIO DE MOGROVEJO S.A.C.","ESTACIÓN DE SERVICIOS / GRIFOS","LAMBAYEQUE","CHICLAYO","SAÑA","LOS TAHUAPANES MZ E1 LOTE 1 SECTOR SANTIAGO DE MIRAFLORES","2026-08-07"
"14687","INVERSIONES SANTISIMA TRINIDAD S.A.C.","ESTACIÓN DE SERVICIO CON GASOCENTRO DE GLP","LIMA","LIMA","PUENTE PIEDRA","AUTOPISTA VENTANILLA MZ. G LT. 100 LEONCIO PRADO","2026-08-08"
"14691","COESTI SA","ESTACIÓN DE SERVICIO CON GASOCENTRO DE GLP","LIMA","LIMA","SAN BORJA","AV. JOSE GALVEZ BARRENECHEA ESQ. CON LA CALLE 32","2026-08-09"
"14693","REPSOL COMERCIAL S.A.C.","ESTACIÓN DE SERVICIO CON GASOCENTRO DE GLP","LIMA","LIMA","SAN ISIDRO","AV. JOSE GALVEZ BARRENECHEA Nº 211 ESQUINA CON AV. DEL PARQUE NORTE Nº 590","2026-08-09"
"146933","ESTACION DE SERVICIOS EL GAVILAN S.A.C.","ESTACIÓN DE SERVICIO CON GASOCENTRO DE GLP","CAJAMARCA","CAJAMARCA","CAJAMARCA","CARRETERA CIUDAD DE DIOS  CAJAMARCA KM 169 + 595  SECTOR SAN ANTONIO DE AGOMARCA (REF. A 500 M DEL CRUCE A PARIAMARCA)","2026-08-05"
"146964","PETRO HEMAR","ESTACIÓN DE SERVICIOS / GRIFOS","PUNO","SANDIA","SANDIA","JR. HUENCCALLA S/N BARRIO HUENCCALLA","2026-08-03"
"146976","NEGOCIOS Y SERVICIOS GENERALES EMERSON E.I.R.L.","GRIFOS FLOTANTES","LORETO","DATEM DEL MARAÑON","BARRANCA","MARGER DERECHA DEL RIO MARAÑON","2026-08-03"
"147025","ABRIL GROUP S.A.C.","ESTACIÓN DE SERVICIO CON GASOCENTRO DE GLP","LIMA","BARRANCA","SUPE","CARRETERA A CARAL SN LOTES 22 AL 29 PREDIO RURAL SAN NICOLAS 10 DE MAYO EL MOLINO","2026-08-04"
"147038","CORPORACION GRIFERA SAN JUAN S.A.C.","ESTACIÓN DE SERVICIOS / GRIFOS","CUSCO","LA CONVENCION","SANTA ANA","SECTOR MAZAPATA, PARCELA N° 1 DEL FUNDO DE SAN PABLO","2026-08-05"
"14706","ESTACION PETROGAS CAMPOY S.A.C.","ESTACIÓN DE SERVICIOS / GRIFOS","LIMA","LIMA","SAN JUAN DE LURIGANCHO","AV. LA PRINCIPAL MZ. B LOTE 5 URB. INDUSTRIAL CAMPOY","2026-08-08"
"14711","FIDEL SULLCA HUAMAN","ESTACIÓN DE SERVICIOS / GRIFOS","LIMA","LIMA","SAN JUAN DE LURIGANCHO","AV.FRATERNIDAD MZ. K LOTES 7 Y 8 AA.HH. ENRIQUE MONTENEGRO","2026-08-07"
"147134","ESTACION DE SERVICIOS EL SOL DE CAMANA S.A.C.","ESTACIÓN DE SERVICIO CON GASOCENTRO DE GLP","AREQUIPA","CAMANA","SAMUEL PASTOR","AV LIMA Nº 607","2026-08-08"
"14715","GLOBAL FUEL S.A.","EE.SS con GLP y GNV","LIMA","LIMA","SAN LUIS","AV. NICOLAS ARRIOLA N° 3191","2026-08-09"
"14722","GRIFO SERVITOR SA","ESTACIÓN DE SERVICIO CON GASOCENTRO DE GLP","LIMA","LIMA","SAN MARTIN DE PORRES","AV. ALFREDO MENDIOLA N° 1395 - URB. LA MILLA","2026-08-08"
"147236","MUÑOZ EYZAGUIRRE GALIA AYDEE","ESTACIÓN DE SERVICIOS / GRIFOS","CUSCO","LA CONVENCION","MANITEA","VIA NACIONAL PE-28B, TRAMO KIMBIRI-QUILLABAMBA KILOMETRO 25 DE LA LOCALIDAD MAQUETE SERANTA","2026-07-22"
"147244","MULTISERVICIOS NUEVA ALIANZA SOCIEDAD ANONIMA CERRADA","ESTACIÓN DE SERVICIOS / GRIFOS","PUNO","SAN ROMAN","JULIACA","ESQ. JR. TAMBOPATA CON AV. DANIEL ALOMIAS ROBLES","2026-08-03"
"14725","K.Y.T. S.A.C","ESTACIÓN DE SERVICIO CON GASOCENTRO DE GLP","LIMA","LIMA","SAN MARTIN DE PORRES","AV. PERU N° 3207","2026-08-08"
"147258","ALEJANDRO GUTIERREZ QUILCA","ESTACIÓN DE SERVICIOS / GRIFOS","HUANCAVELICA","TAYACAJA","PAZOS","AV. TAYACAJA LOTE 2, MZ B1  CENTRO POBLADO PAZOS","2026-08-07"
"147259","MULTISERVICIOS EL MAÑU E.I.R.L.","ESTACIÓN DE SERVICIOS / GRIFOS","AMAZONAS","BAGUA","IMAZA","AV. MARAÑON N° 1090 CP. MESONES MURO","2026-08-08"
"147263","ESTACION DE SERVICIOS SOCOTA S.A.C.","ESTACIÓN DE SERVICIOS / GRIFOS","CAJAMARCA","CUTERVO","SOCOTA","PROLONGACION JR. CUTERVO S/N (REF. SALIDA A CUTERVO)","2026-08-09"
"147264","ESTACION DE SERVICIOS VALLE CONDAY E.I.R.L.","ESTACIÓN DE SERVICIOS / GRIFOS","CAJAMARCA","CUTERVO","CUTERVO","U.C. N° 91984  91985  SECTOR VALLE CONDAY (REF. CARRETERA CUTERVO  CONDAY A 02 KM DE CUTERVO)","2026-08-08"
"147293","ESTACION DE SERVICIOS CON GASOCENTRO PERSEO S.A.C.","ESTACIÓN DE SERVICIO CON GASOCENTRO DE GLP","PIURA","SECHURA","VICE","CASERIO LETIRA VIA PANAMERICANA A SECHURA","2026-08-08"
"147328","ESTACION DE SERVICIOS HERRERA VIRGEN DEL CARMEN S.R.L","ESTACIÓN DE SERVICIOS / GRIFOS","CAJAMARCA","HUALGAYOC","BAMBAMARCA","CARRETERA BAMBAMARCA  LA PACCHA KM 3.5 CASERIO CAPULI BAJO","2026-08-04"
"147345","ESTACION DE SERVICIOS EL LOBO","ESTACIÓN DE SERVICIOS / GRIFOS","APURIMAC","CHINCHEROS","RANRACANCHA","AV. URIPA MZ L. LOTE 3, 5, FRACCION DEL LOTE 4 Y 6","2026-08-07"
"147359","GRIFO TYG","ESTACIÓN DE SERVICIOS / GRIFOS","JUNIN","JAUJA","SINCOS","CARRETERA CENTRAL JAUJA-HUANCAYO KM 24","2026-08-07"
"147364","PRODUCTOS DEL VRAE E.I.R.L.","ESTACIÓN DE SERVICIO CON GASOCENTRO DE GLP","AYACUCHO","HUAMANGA","JESUS NAZARENO","AV. EVITAMIENTO N° 500","2026-08-08"
"147378","COESTI SA","ESTACIÓN DE SERVICIO CON GASOCENTRO DE GLP","PROV. CONST. DEL CALLAO","PROV. CONST. DEL CALLAO","CALLAO","AV. NESTOR GAMBETTA Y AV. LOS ALISOS MZ. A LOTES 06 Y 07 SECCION C PARCELA 2, EX FUNDO OQUENDO KM 8.5 CARRETERA A VENTANILLA","2026-08-09"
"147379","ESTACION DE SERVICIOS LA SALVACION E.I.R.L","ESTACIÓN DE SERVICIOS / GRIFOS","SAN MARTIN","PICOTA","SHAMBOYACU","JR. ADRIAN PAREDES S/N CARRETERA DE ACCESO A NUEVO LORETO","2026-08-05"
"14742","GRIFOS LA TUNA S.A.C.","ESTACIÓN DE SERVICIO CON GASOCENTRO DE GLP","LIMA","LIMA","SANTIAGO DE SURCO","AV. SANTIAGO DE SURCO N° 3600 MZ. MI LOTE-3 URB. LOS ROSALES","2026-08-08"
"147466","JHARUT ENERGY GAS E.I.R.L","ESTACIÓN DE SERVICIOS / GRIFOS","CAJAMARCA","CAJAMARCA","LOS BAÑOS DEL INCA","CARRETERA LOS BAÑOS DEL INCA  LLACANORA ESQUINA CON JR. ZEPITA","2026-08-05"
"14754","COESTI S.A.","ESTACIÓN DE SERVICIOS / GRIFOS","LIMA","LIMA","SURQUILLO","AV. ANGAMOS ESTE N° 2398, URB. LA CALERA DE LA MERCED","2026-08-09"
"14756","PETROLEMP GROUP S.A.C.","ESTACIÓN DE SERVICIOS / GRIFOS","LIMA","LIMA","VILLA MARIA DEL TRIUNFO","ESQ. INCA OLLANTA Y AV. AMAZONAS - P.J JOSE CARLOS MARIATEGUI MZ. 207 L0TE. 10 ETAPA 5 SECTOR VALLECITO ALTO","2026-08-08"
"14758","E & A INVERSIONES S.A.","EE.SS con GLP y GNV","LIMA","LIMA","VILLA MARIA DEL TRIUNFO","AV. PACHACUTEC N° 5955","2026-08-08"
"147600","COMERCIAL IMPORTADORA MADRE SELVA SAC","ESTACIÓN DE SERVICIOS / GRIFOS","LORETO","MAYNAS","PUNCHANA","PUEBLO JOVEN AGRUPAMIENTO DE VIVIENDAS PUNCHANA MZ 'K' LOTE 11 Y 12","2026-08-08"
"14763","CARMEN DEL ROSIO PEREA VDA. DE RAMIREZ","GRIFOS FLOTANTES","LORETO","ALTO AMAZONAS","YURIMAGUAS","PUERTO GARCILAZO S/N - MARGEN IZQUIERDA DEL RIO HUALLAGA","2026-08-09"
"147633","ESTACION DE SERVICIOS AMAZONS TRAVELS  E.I.R.L","ESTACIÓN DE SERVICIOS / GRIFOS","AMAZONAS","CONDORCANQUI","NIEVA","MZ N1, LOTE 11, 12, 13 AA.HH. LA TUNA","2026-08-08"
"147648","MULTISERVICIOS H & H SAN FRANCISCO SOCIEDAD ANONIMA CERRADA","ESTACIÓN DE SERVICIOS / GRIFOS","PUNO","SAN ROMAN","JULIACA","URB. AEROPUERTO II ETAPA MZ. O LOTE Nº 02 AV. INDEPENDENCIA ESQ. CALLE AERO PERÚ","2026-08-07"
"147649","CORPORACION ESIMAX SOCIEDAD ANONIMA CERRADA","ESTACIÓN DE SERVICIOS / GRIFOS","PUNO","CARABAYA","AJOYANI","CARRETERA DESVIO SALVIANI - AJOYANI KM. 0+100 PREDIO BELLAVISTA SUB LOTE N° 16-1","2026-08-07"
"147671","PEDRO BUSTAMANTE TERRONES ","ESTACIÓN DE SERVICIOS / GRIFOS","CAJAMARCA","CUTERVO","SOCOTA","JR. TUPAC AMARU S/N CARRETERA A SAN LUIS DE LUCMA","2026-08-02"
"147680","GRIFO J & M E.I.R.L.","ESTACIÓN DE SERVICIOS / GRIFOS","LORETO","ALTO AMAZONAS","LAGUNAS","AV. PADRE LUCERO S/N","2026-08-08"
"14772","GRIFO FLOTANTE VOLCAN","GRIFOS FLOTANTES","LORETO","REQUENA","REQUENA","MARGEN DERECHA DEL RIO TAPICHE","2026-08-07"
"14777","SERVICENTRO PETROESMAD S.A.C.","ESTACIÓN DE SERVICIOS / GRIFOS","MADRE DE DIOS","TAMBOPATA","TAMBOPATA","AV. MADRE DE DIOS Nº 695 CRUCE CON AV. FITZCARRALD","2026-08-07"
"14779","SERVICIOS GENERALES MIRIAM S.R.L.","ESTACIÓN DE SERVICIOS / GRIFOS","MOQUEGUA","ILO","ILO","PROMUVI II MANZANA A, LOTE 19, PAMPA INALAMBRICA","2026-08-08"
"147815","PETRO EDELMIRA E.I.R.L.","ESTACIÓN DE SERVICIOS / GRIFOS","LAMBAYEQUE","CHICLAYO","PATAPO","CARRETERA CHICLAYO - CHONGOYAPE KM 27 + 250 SECTOR CONCHUCOS","2026-08-07"
"147829","REPRESENTACIONES Y SERVICIOS REMIX ATALAYA SOCIEDAD ANONIMA CERRADA","ESTACIÓN DE SERVICIOS / GRIFOS","UCAYALI","ATALAYA","RAYMONDI","JR. RIVAS ARAOS ESQ. CALLE RIOJA MZ. 32 LOTE 1C","2026-08-07"
"147835","SERVICENTRO VALLADARES S.A.C","ESTACIÓN DE SERVICIOS / GRIFOS","CAJAMARCA","CAJABAMBA","SITACOCHA","CA. UNION S/N ZONA LLUCHUBAMBA (REF. CRUCE CON CA. GASPAR MANTILLA)","2026-07-13"
"147872","ESTACION DE SERVICIOS SAN JOSE S.A.C.","ESTACIÓN DE SERVICIO CON GASOCENTRO DE GLP","LA LIBERTAD","TRUJILLO","HUANCHACO","SUB LOTE A SECTOR HUANCHAQUITO ALTO, VALLE MOCHE - HUANCHACO","2026-08-08"
"147888","ESTACION PONZANELLI SOCIEDAD COMERCIAL DE RESPONSABILIDAD LIMITADA","ESTACIÓN DE SERVICIOS / GRIFOS","PUNO","SAN ROMAN","CABANILLAS","MZ. C1 PREDIO LA QUINTA LIEJA, I ETAPA, PROLONGACIÓN AV. SAN MARTIN SUB LOTE A","2026-08-08"
"147897","GRIFO'S YUBALY EMPRESA INDIVIDUAL DE RESPONSABILIDAD LIMITADA","ESTACIÓN DE SERVICIOS / GRIFOS","CUSCO","CUSCO","SAYLLA","PREDIO HUASAHUAYLLA","2026-08-07"
"147898","INVERSIONES ORELLANA PALACIOS SOCIEDAD ANONIMA CERRADA","ESTACIÓN DE SERVICIOS / GRIFOS","JUNIN","SATIPO","MAZAMARI","CARRETERA MARGINAL N° 2091","2026-08-08"
"147933","ETRACONSAN S.A.","ESTACIÓN DE SERVICIOS / GRIFOS","PUNO","SAN ANTONIO DE PUTINA","ANANEA","ESQUINA JR. ARENALES, JR. SANTA CRUZ Y AV. CIRCUNVALACION S/N","2026-08-04"
"147939","PROYECTOS Y SERVICIOS SIMAX S.A.C.","ESTACIÓN DE SERVICIOS / GRIFOS","CUSCO","ESPINAR","COPORAQUE","CENTRO POBLADO PUENTE APACHACO CARRETERA A ESPINAR - CAYLLOMA","2026-08-03"
"14801","CORPORACION HERMANOS HUERTAS SOCIEDAD COMERCIAL DE RESPONSABILIDAD LIMITADA","ESTACIÓN DE SERVICIOS / GRIFOS","PIURA","PIURA","TAMBO GRANDE","CARRETERA SULLANA - TAMBOGRANDE KM.43.2","2026-08-07"
"148026","LLEVAMAX SOCIEDAD ANÓNIMA CERRADA","ESTACIÓN DE SERVICIO CON GASOCENTRO DE GLP","PIURA","PAITA","PAITA","MZ. F LOTE 02 - ZONA INDUSTRIAL II COMPLEMENTARIA","2026-08-08"
"148028","HUISA CJULA RUDECINDO","GRIFOS RURALES CON ALMACENAMIENTO EN CILINDROS","CUSCO","CHUMBIVILCAS","QUIÑOTA","VIA QUIÑOTA LLUSCO S/N","2026-08-04"
"14804","ESTACION DE SERVICIOS ECA S.R.L","ESTACIÓN DE SERVICIOS / GRIFOS","PIURA","SECHURA","SECHURA","CALLE GRAU S/N LA BOCANA - PARACHIQUE","2026-08-07"
"148063","INVERSIONES GABELL S.A.C.","ESTACIÓN DE SERVICIOS / GRIFOS","AYACUCHO","LA MAR","ANCO","CARRETERA LECHEMAYO - CHUNGUI KM 02","2026-08-09"
"148072","CODELMAR SAC","ESTACIÓN DE SERVICIOS / GRIFOS","CAJAMARCA","CAJAMARCA","CAJAMARCA","AV. VIA DE EVITAMIENTO NORTE Nº 1829","2026-08-08"
"148126","GRUPO FLORES JUSTO SOCIEDAD ANONIMA CERRADA","ESTACIÓN DE SERVICIOS / GRIFOS","PUNO","AZANGARO","AZANGARO","JR. RAMON CASTILLA INTERSECCIÓN CON JR. SAN MARTIN S/N MZ. S LOTE 20 BARRIO LIZANDRO LUNA","2026-08-08"
"148147","GRIFO PAISAJISTA","ESTACIÓN DE SERVICIO CON GASOCENTRO DE GLP","AREQUIPA","AREQUIPA","SOCABAYA","AV. PAISAJISTA CON LA AVENIDA LAS PEÑAS S/N","2026-08-09"
"148156","ESTACION DE SERVICIOS TPMYC EIRL","ESTACIÓN DE SERVICIOS / GRIFOS","CAJAMARCA","SAN MIGUEL","SAN MIGUEL","CARRETERA SAN MIGUEL - CHILETE S/N (REF. CRUCE CON CARRETERA A LLAPA)","2026-08-05"
"148163","INVERSIONES PETROLERAS DEL ORIENTE PERUANO S.A.C.","ESTACIÓN DE SERVICIO CON GASOCENTRO DE GLP","UCAYALI","CORONEL PORTILLO","CALLERIA","AV. HABILITACION URBANA MUNICIPAL N°1046","2026-08-08"
"148174","PETROCRIS SOCIEDAD ANONIMA CERRADA","ESTACIÓN DE SERVICIOS / GRIFOS","CUSCO","ANTA","ANTA","URB. HOSPITALPAMPA QUINTA SOFIA","2026-08-08"
"14819","ROXANA LARICO QUISPE","ESTACIÓN DE SERVICIOS / GRIFOS","PUNO","CARABAYA","MACUSANI","AV. CENTENARIO 262 - BARRIO MIRAFLORES","2026-08-05"
"148199","YOLANDA ARAUJO SOLANO","ESTACIÓN DE SERVICIOS / GRIFOS","AMAZONAS","BONGARA","FLORIDA","CARRETERA FERNANDO BELAUNDE TERRY KM. 324 + 540","2026-08-04"
"14821","CECILIA CONDORI MAMANI ","ESTACIÓN DE SERVICIOS / GRIFOS","PUNO","LAMPA","CALAPUJA","COMUNIDAD MUCRA PARCELA A-37 KM 11 CARRETERA JULACA - AYAVIRI","2026-08-07"
"148221","VARGAS VILLAFRANCA ZACARIAS VIDAL","GRIFOS RURALES CON ALMACENAMIENTO EN CILINDROS","ANCASH","YUNGAY","YUNGAY","CENTRO POBLADO MUSHO, CASERIO APA","2026-08-09"
"14825","ESTACION DE SERVICIO PORTEÑO S. R. L.","ESTACIÓN DE SERVICIO CON GASOCENTRO DE GLP","PUNO","PUNO","PUNO","ESQUINA AV. SIMON BOLIVAR Nº 1273 Y CALLE VICTORIA Nº 101","2026-08-09"
"148279","ESTACION DE SERVICIOS ANDERS E.I.R.L.","ESTACIÓN DE SERVICIOS / GRIFOS","CUSCO","ESPINAR","PALLPATA","PREDIOS DENOMINADOS QUINSA CCOCHA CCOCHA PAMPA, COMUNIDAD ANTAYCAMA ANEXO ICHULAHUA","2026-08-08"
"14828","CORPORACION SAN ROMAN EMPRESA INDIVIDUAL DE RESPONSABILIDAD LIMITADA","ESTACIÓN DE SERVICIOS / GRIFOS","PUNO","SAN ROMAN","JULIACA","AV HEROES DEL PACIFICO KM. 4 CARRETERA JULIACA - AREQUIPA","2026-08-03"
"148289","COESTI PRIMAX","ESTACIÓN DE SERVICIOS / GRIFOS","LIMA","CAÑETE","ASIA","CARRETERA PANAMERICANA SUR KM. 106 (SUR A NORTE) PREDIO B-SECTOR SARAPAMPA","2026-08-08"
"14829","GRIFO FAVORITA CAR","ESTACIÓN DE SERVICIOS / GRIFOS","PUNO","SAN ROMAN","JULIACA","ESQUINA AV. CIRCUNVALACION N° 1207 CON JR. TUMBES, URB. SAN JOSE I ETAPA","2026-08-08"
"148313","OLEOCENTRO Y SERVICIOS GENERALES CHAKAS E.I.R.L","ESTACIÓN DE SERVICIOS / GRIFOS","PIURA","AYABACA","PAIMAS","CARRETERA PANAMERICANA NORTE PIURA-AYABACA S/N","2026-08-08"
"148317","ESTACION DE SERVICIO ANITA S.A.C.","ESTACIÓN DE SERVICIOS / GRIFOS","UCAYALI","ATALAYA","RAYMONDI","JR. PADRE PASCUAL ALEGRE MZ. 161 LOTE 06","2026-08-05"
"14833","GRIFO UNIVERSAL EIRL","ESTACIÓN DE SERVICIOS / GRIFOS","SAN MARTIN","RIOJA","NUEVA CAJAMARCA","AV. CAJAMARCA SUR Nº 354","2026-08-05"
"14834","SHILCAYO GRIFO SRL","ESTACIÓN DE SERVICIOS / GRIFOS","SAN MARTIN","SAN MARTIN","MORALES","PROLONGACION PERU N° 287 (REF. FRENTE AL HOTEL SAN MARINO)","2026-08-07"
"148353","SERVICENTRO NANCY E.I.R.L.","ESTACIÓN DE SERVICIOS / GRIFOS","SAN MARTIN","MARISCAL CACERES","JUANJUI","CARRETERA FERNANDO BELAUNDE TERRY KM 800 CENTRO POBLADO HUAYABAMBA","2026-08-09"
"148360","VILLACA CONDORI YUDI MARIBEL","ESTACIÓN DE SERVICIOS / GRIFOS","CUSCO","CANCHIS","COMBAPATA","SECTOR MACHU ESTACION CHACAPATA - CHACAPAMPA","2026-08-08"
"14838","ESTACIÓN HUMEDALES","ESTACIÓN DE SERVICIOS / GRIFOS","TACNA","JORGE BASADRE","ITE","CARRETERA COSTANERA TACNA - ILO KM. 93","2026-08-07"
"148402","GRIFO LORITO","ESTACIÓN DE SERVICIOS / GRIFOS","HUANUCO","PUERTO INCA","PUERTO INCA","LOTE 4 DE LA MANZANA N° 75 A FRENTE A LA AV BELLAVISTA","2026-08-08"
"148426","GRIFO EL CÓNDOR FL S.R.L.","ESTACIÓN DE SERVICIOS / GRIFOS","PUNO","AZANGARO","SAN ANTON","AV. TUPAC AMARU S/N BARRIO FLORAL SECTOR BAJO CHILLUMA","2026-08-08"
"148431","AERO GAS DEL NORTE SOCIEDAD ANONIMA  CERRADA","ESTACIÓN DE SERVICIO CON GASOCENTRO DE GLP","LA LIBERTAD","TRUJILLO","LA ESPERANZA","AV. 2 MZ. C3 LOTES 11,12 Y 13 - PARQUE INDUSTRIAL DE LA ESPERANZA","2026-08-07"
"148434","GRIFO SERVICENTRO SAN ROMAN EIRL","ESTACIÓN DE SERVICIOS / GRIFOS","PUNO","SAN ROMAN","JULIACA","CARRETERA AREQUIPA - JULIACA KM. 285+600 FUNDO FLORAL LOTE 4 A-1 YOCARA CAMBRACA","2026-07-30"
"148437","SERVICENTRO J.L. DURAMAX E.I.R.L.","ESTACIÓN DE SERVICIOS / GRIFOS","CUSCO","CALCA","PISAC","VIA ASFALTADA PISAC - PARQUE ARQUEOLOGICO S/N","2026-08-05"
"14844","JIMSAR E.I.R.L.","ESTACIÓN DE SERVICIOS / GRIFOS","TACNA","TACNA","LA YARADA LOS PALOS","MARGEN DERECHO CARRETERA COSTANERA KM 17 ASENTAMIENTO HUMANO 4 LOTE 52, VIA TACNA BOCA DEL RIO","2026-08-07"
"148444","SERVI GRIFO EMANUEL S.A.C.","ESTACIÓN DE SERVICIOS / GRIFOS","LIMA","CAÑETE","NUEVO IMPERIAL","AV. VICTOR ANDRES BELAUNDE MZ. D2 LT. 1K PUEBLO NUEVO DE CONTA","2026-07-10"
"148448","JM LOGISTAS S.A.C.","ESTACIÓN DE SERVICIOS / GRIFOS","AYACUCHO","CANGALLO","LOS MOROCHUCOS","AV. 24 DE JUNIO DEL SECTOR HUANCASAYA","2026-08-08"
"14845","COESTI S.A. CENTRAL","ESTACIÓN DE SERVICIO CON GASOCENTRO DE GLP","TACNA","TACNA","TACNA","AV. EJERCITO N° 1595 Y AV. MANUEL A. ODRIA","2026-08-09"
"148471","MULTISERVICIOS LINHOBAC SOCIEDAD COMERCIAL DE RESPONSABILIDAD LIMITADA","ESTACIÓN DE SERVICIOS / GRIFOS","PUNO","LAMPA","CALAPUJA","CARRETERA JULIACA-CUSCO KM. 10 PARCELA A-45A SECTOR JUPA MUCRA I","2026-08-04"
"148475","GRUPO PETROX R. LL. SOCIEDAD COMERCIAL DE RESPONSABILIDAD LIMITADA","ESTACIÓN DE SERVICIO CON GASOCENTRO DE GLP","JUNIN","CHANCHAMAYO","PERENE","CARRETERA CENTRAL MARGINAL S/N SATIPO  LA MERCED, CENTRO POBLADO DE PUCHARIN","2026-08-05"
"148477","T & Q ASOCIADOS URINSAYA SOCIEDAD ANONIMA CERRADA","ESTACIÓN DE SERVICIOS / GRIFOS","CUSCO","ESPINAR","COPORAQUE","C.P. URINSAYA MZA. A-3 LOTE 02","2026-08-06"
"148479","COESTI SA","ESTACIÓN DE SERVICIOS / GRIFOS","PIURA","PIURA","VEINTISEIS DE OCTUBRE","LOTE P2 - 28 - A1, UBICACION RURAL VALLE MEDIO PIURA, SECTOR PIURA 2 C.P., PARCELA 17322","2026-08-08"
"148481","ESTACION DE SERVICIOS BATMAN E.I.R.L","ESTACIÓN DE SERVICIO CON GASOCENTRO DE GLP","LIMA","LIMA","LURIGANCHO","AV. LAS TORRES LOTE 13 A, ASOCIACION DIGNIDAD NACIONAL","2026-08-04"
"14849","INVERSIONES R. ORTIZ S.A.C.","ESTACIÓN DE SERVICIOS / GRIFOS","UCAYALI","CORONEL PORTILLO","CALLERIA","AV. 9 DE OCTUBRE Nº 125 - AA.HH 9 DE OCTUBRE","2026-08-08"
"148493","JM LOGISTAS S.A.C.","ESTACIÓN DE SERVICIOS / GRIFOS","AYACUCHO","HUAMANGA","PACAYCASA","AV. COMPAÑIA S/N - ANEXO COMPAÑIA","2026-08-08"
"148497","MULTISERVICIOS JF SAMIR E.I.R.L.","ESTACIÓN DE SERVICIOS / GRIFOS","CAJAMARCA","SAN IGNACIO","SAN JOSE DE LOURDES","JR. TACNA S/N (REF. FRENTE AL CEMENTERIO DE SAN JOSE DE LOURDES)","2026-08-04"
"14850","REDDY E.I.R.L","GRIFOS FLOTANTES","UCAYALI","ATALAYA","SEPAHUA","RIO SEPAHUA (VERTICE A: LAT 11°09'13.953""S/LONG 73°02'43.271""W)/RIO URUBAMBA (VERTICE A: LAT 11°09'08.816""S/LONG 73°02'51.179""W)","2026-08-07"
"148518","STANDAR OIL COMPANY E.I.R.L.","ESTACIÓN DE SERVICIOS / GRIFOS","UCAYALI","CORONEL PORTILLO","MANANTAY","AV. PRIMAVERA MZ. I LOTE 1, 2, 3, 4, 5, 6, 7 Y 8 AA.HH. PRIMAVERA I ETAPA","2026-08-08"
"148527","INVERSIONES MIGUEL ANGELO E.I.R.L.","ESTACIÓN DE SERVICIO CON GASOCENTRO DE GLP","LAMBAYEQUE","CHICLAYO","CHICLAYO","CARRETERA CHICLAYO- FERREÑAFE KM 05 SECTOR QUEFE","2026-08-07"
"14854","INVERSIONES MALEC EMPRESA INDIVIDUAL DE RESPONSABILIDAD LIMITADA","ESTACIÓN DE SERVICIOS / GRIFOS","UCAYALI","PADRE ABAD","PADRE ABAD","CARRETERA FEDERICO BASADRE KM.161 MZ. 215 LOTE 05 - JUNTA VECINAL BARRIO UNIDO","2026-08-08"
"148549","SERVICENTRO FIGUEROA S.A.C.","ESTACIÓN DE SERVICIOS / GRIFOS","CUSCO","LA CONVENCION","PICHARI","PREDIO QUISTO-PARCELA N° Q5-05 (VIA PICHARI PUERTO ENE)","2026-08-07"
"148607","GRIFO CONTA E.I.R.L.","ESTACIÓN DE SERVICIOS / GRIFOS","LORETO","UCAYALI","CONTAMANA","AV. LADISLAO ESPINAR N° 3 LOTES. 27,28 Y 29","2026-08-07"
"148629","GRUPO COMBUSTIBLE DEL SUR SAC","GASOCENTROS DE GLP","ICA","CHINCHA","CHINCHA ALTA","PANAMERICA SUR KM 196.5 CALLE MARISCAL CASTILLA","2026-08-09"
"148644","ESTACION DE SERVICIOS TADEO EIRL","ESTACIÓN DE SERVICIOS / GRIFOS","PIURA","SULLANA","MIGUEL CHECA","CARRETERA SULLANA  PAITA, MZ. 155, LOTE 01, C.P. JIBITO","2026-08-08"
"148680","HILDA ADELAIDA PAREDES CRUZ","ESTACIÓN DE SERVICIOS / GRIFOS","PUNO","CHUCUITO","DESAGUADERO","KM 300.85 CARRETERA PANAMERICANA SUR","2026-08-01"
"148713","GASOCENTRO 22 DE MARZO","GASOCENTROS DE GLP","JUNIN","HUANCAYO","HUANCAYO","JR. LIMA N° 2292","2026-08-09"
"14872","COESTI SA","ESTACIÓN DE SERVICIO CON GASOCENTRO DE GLP","LIMA","LIMA","VILLA EL SALVADOR","AV. JOSE CARLOS MARIATEGUI, ESQ. AV. REVOLUCION. SECTOR 3 GRUPO 15 MZ. A, LTS. 12 Y 13","2026-08-08"
"148762","GRIFOS RUWALDY S.C.R.L.","ESTACIÓN DE SERVICIOS / GRIFOS","PUNO","SAN ROMAN","JULIACA","URB. SAN ADRIAN MZ. F LOTES N° 02, 03 Y 04","2026-08-07"
"148821","SERVICENTRO RAMIREZ SAC","ESTACIÓN DE SERVICIO CON GASOCENTRO DE GLP","LA LIBERTAD","TRUJILLO","TRUJILLO","AV. TUPAC AMARU N° 1652 Y CALLE SANTA ROSA I-6; SECTOR ALTO MOCHICA","2026-08-09"
"148844","ARKANO TRADING S.A.C.","ESTACIÓN DE SERVICIO CON GASOCENTRO DE GLP","PIURA","PIURA","VEINTISEIS DE OCTUBRE","LOTE 13, MANZANA A EX FUNDO EL CHIPE","2026-08-07"
"148871","ORACIO MEDARDO VERA RAMOS","ESTACIÓN DE SERVICIOS / GRIFOS","LA LIBERTAD","SANTIAGO DE CHUCO","ANGASMARCA","CALLE SANCHEZ CARRION CUADRA 3","2026-08-04"
"148914","EL FARAON DEL RIO NIEVA S.A.C.","GRIFOS FLOTANTES","AMAZONAS","CONDORCANQUI","NIEVA","MARGEN DERECHA DEL RIO NIEVA, EN LA LOCALIDAD DE SANTA MARÍA DE NIEVA","2026-08-07"
"148954","TRACOM PERU S.A.C.","ESTACIÓN DE SERVICIOS / GRIFOS","LA LIBERTAD","TRUJILLO","HUANCHACO","MZ. C LOTE 1, C.P. EL MILAGRO, PARQUE INDUSTRIAL DEL CARBON","2026-08-07"
"149036","ESTACION DE SERVICIOS SAN JOSE ESPINAR CUSCO S.R.L.","ESTACIÓN DE SERVICIOS / GRIFOS","CUSCO","ESPINAR","OCORURO","CARRETERA IMATA - OCORURO KM 90.8 COMUNIDAD DE OCORURO, SECTOR DE ROSASANI SUB PARCELA N° 01-B","2026-08-07"
"149046","ZETA GAS ANDINO S.A.","GASOCENTROS DE GLP","JUNIN","HUANCAYO","EL TAMBO","AV. HUANCAVELICA NRO. 1890 ESQUINA CON JR. AGUIRRE MORALES","2026-07-31"
"149143","ESTACION DE SERVICIOS FATIMA E.I.R.L.","ESTACIÓN DE SERVICIO CON GASOCENTRO DE GLP","LA LIBERTAD","TRUJILLO","TRUJILLO","AV. PROLONGACION FATIMA N° 1351 - 1359","2026-08-08"
"149162","GRIFO EMERSON AUGUSTO CARDENAS OCAMPO","ESTACIÓN DE SERVICIOS / GRIFOS","LORETO","ALTO AMAZONAS","LAGUNAS","CALLE AMAZONAS ESQUINA CON CALLE JOSE CARDENAS","2026-08-09"
"149204","TARAPACA S.A.C. ","ESTACIÓN DE SERVICIO CON GASOCENTRO DE GLP","AREQUIPA","AREQUIPA","MIRAFLORES","AV. TARAPACÁ N° 1117, PP.JJ. UNIÓN EDIFICADORES MISTI","2026-08-09"
"149211","ESTACIÓN DE SERVICIOS VALLESANTA E.I.R.L.","ESTACIÓN DE SERVICIOS / GRIFOS","LAMBAYEQUE","LAMBAYEQUE","JAYANCA","U. C. N° 117130 DENOMINADA SANTA MAGDALENA, SECTOR ACHOTAL- VALLE LA LECHE","2026-08-08"
"149214","JHON MARINO","GRIFOS FLOTANTES","UCAYALI","ATALAYA","SEPAHUA","JR. MALECON S/N MARGEN DERECHO DEL RIO URUBAMBA","2026-08-07"
"149228","GRIFO FLOTANTE SATELITE SRL","ESTACIÓN DE SERVICIOS / GRIFOS","LORETO","ALTO AMAZONAS","YURIMAGUAS","VIA DE EVITAMIENTO S/N LT. 120, 121, 125, 126","2026-08-08"
"149252","ESTACION DE SERVICIOS QUILLAZU E.I.R.L","ESTACIÓN DE SERVICIOS / GRIFOS","PASCO","OXAPAMPA","OXAPAMPA","CARRETERA CENTRAL OXAPAMPA - POZUZO SECTOR QUILLAZÚ","2026-08-01"
"149254","ESTACION DE SERVICIOS BOOZ S.A.C.","ESTACIÓN DE SERVICIOS / GRIFOS","CAJAMARCA","CHOTA","CHOTA","ESTANCIA DE PINGOBAMBA SECTOR TORIL (CARRETERA CHOTA  LAJAS)","2026-08-07"
"149259","SERVICIOS Y DISTRIBUCIONES SAN JORGE DE PUTINA PUNCO SAC","ESTACIÓN DE SERVICIOS / GRIFOS","PUNO","SANDIA","SAN PEDRO DE PUTINA PUNCO","SECTOR ALTO PUTINA SECCIÓN MARCAPATA A 265.65 KM. CARRETERA JULIACA - PUTINA PUNCO","2026-08-08"
"149261","PATRICSAN S.A.C.","ESTACIÓN DE SERVICIOS / GRIFOS","PUNO","LAMPA","CALAPUJA","CARRETERA JULIACA - CUSCO KM. 1293+800","2026-08-07"
"149262","GASOCENTRO RUPAY E.I.R.L.","ESTACIÓN DE SERVICIO CON GASOCENTRO DE GLP","JUNIN","CONCEPCION","ORCOTUNA","CARRETERA CENTRAL N° 099","2026-08-08"
"149278","MARLENI HANCCO ESPIRILLA ","ESTACIÓN DE SERVICIOS / GRIFOS","PUNO","SAN ROMAN","JULIACA","AV. TACNA ESQ. CON AV. AMERICA S/N","2026-08-03"
"149283","RED PERUANA DE COMBUSTIBLES S.A.C.","ESTACIÓN DE SERVICIO CON GASOCENTRO DE GLP","LIMA","CAÑETE","CERRO AZUL","CARRETERA PANAMERICANA SUR KM. 127 - PAMPA DE LOS LOBOS","2026-08-08"
"149295","EE. SS. ENECON INVERSIONES","ESTACIÓN DE SERVICIOS / GRIFOS","AYACUCHO","HUAMANGA","CARMEN ALTO","CARRETERA AYACUCHO ANDAHUAYLAS, CP SAN CRISTOBAL DE CASAORCCO","2026-08-06"
"149298","ESTACION DE SERVICIOS Y GASOCENTRO GIANELLA E.I.R.L","ESTACIÓN DE SERVICIO CON GASOCENTRO DE GLP","HUANUCO","LEONCIO PRADO","CASTILLO GRANDE","AV. IQUITOS SUB LOTE 8-B3, MZ 69","2026-08-07"
"149301","MOROCCO BONIFACIO CARMEN ROSA","ESTACIÓN DE SERVICIOS / GRIFOS","PUNO","HUANCANE","PUSI","PULLA PULLANI CARRETERA JULIACA - HUANCANE KM. 13+720 COMUNIDAD CAMPESINA COJELA","2026-08-04"
"149303","ESTACION DE SERVICIOS DURAMAX","ESTACIÓN DE SERVICIOS / GRIFOS","CUSCO","CALCA","CALCA","LOTE 19 MANZANA K, CENTRO POBLADO CALCA","2026-08-06"
"149321","GRIFO PETROMAR SOCIEDAD ANONIMA CERRADA","ESTACIÓN DE SERVICIOS / GRIFOS","APURIMAC","ABANCAY","CIRCA","PANAMERICANA SUR VIA INTEROCEANICA NAZCA - CUSCO KM.417 - KM.418+00","2026-08-08"
"149365","AVA HUARAZ - ESTACION DE SERVICIO TLT","ESTACIÓN DE SERVICIOS / GRIFOS","ANCASH","HUARAZ","INDEPENDENCIA","AV. CENTENARIO 1798 / PASAJE INDUSTRIAL - PARAJE CASCAPAMPA","2026-08-08"
"149378","ESTACION DE SERVICIOS LORETO S.A.C.","ESTACIÓN DE SERVICIOS / GRIFOS","LORETO","ALTO AMAZONAS","YURIMAGUAS","CARRETERA YURIMAGUAS - TARAPOTO KM 46 CASERIO PAMPA HERMOSA","2026-08-08"
"149448","SERVICENTROS SANTO SEPULCRO S.R.L.","ESTACIÓN DE SERVICIOS / GRIFOS","JUNIN","TARMA","ACOBAMBA","CARRETERA CENTRAL (PROGRESIVA KM. 43 +792) ANEXO VILCABAMBA","2026-08-08"
"149481","COMBUSTIBLES BUENOS AIRES EIRL","ESTACIÓN DE SERVICIO CON GASOCENTRO DE GLP","JUNIN","SATIPO","PANGOA","AV. PANGOA S/N ASOCIACION DE VIVIENDA BUENOS AIRES","2026-08-09"
"149483","ESTACION DE SERVICIOS SAN JOSE S.A.C.","ESTACIÓN DE SERVICIO CON GASOCENTRO DE GLP","PIURA","PIURA","VEINTISEIS DE OCTUBRE","MARGEN IZQUIERDA AV. EVITAMIENTO  SECTOR COSCOMBA","2026-08-08"
"149484","GRIFO SHAMBOYACU S.A.C.","ESTACIÓN DE SERVICIOS / GRIFOS","SAN MARTIN","PICOTA","SHAMBOYACU","JR. BOLOGNESI S/N","2026-08-06"
"149497","ESTACION DE SERVICIOS SEÑOR DE LOS MILAGROS","ESTACIÓN DE SERVICIOS / GRIFOS","HUANCAVELICA","HUANCAVELICA","HUANCAVELICA","AV. LOS INCAS S/N","2026-08-07"
"149502","NEGOCIOS Y SERVICIOS DIVERSOS PAMI SOCIEDAD COMERCIAL DE RESPONSABILIDAD LIMITADA","ESTACIÓN DE SERVICIO CON GASOCENTRO DE GLP","TUMBES","TUMBES","LA CRUZ","CARRETERA PANAMERICANA NORTE S/N - SECTOR LOS CEREZOS","2026-08-07"
"149515","GRIFO EL MILAGRO","ESTACIÓN DE SERVICIOS / GRIFOS","PASCO","PASCO","PAUCARTAMBO","AV. SIMON BOLIVAR S/N","2026-07-31"
"149526","GRIFO HORIZONTE E.I.R.L.","ESTACIÓN DE SERVICIOS / GRIFOS","AREQUIPA","CARAVELI","CHAPARRA","CARRETERA CHAPARRA - QUICACHA, ALTURA KM. 42.5","2026-08-06"
"149532","GLOBAL FULL EIRL","ESTACIÓN DE SERVICIOS / GRIFOS","APURIMAC","ANDAHUAYLAS","SAN JERONIMO","CARRETERA ANDAHUAYLAS - ABANCAY, PROLONGACION MARIANO MELGAR S/N","2026-08-06"
"149599","INVERSIONES Y NEGOCIACIONES PAITITI SOCIEDAD ANONIMA CERRADA - INVERNEG PAITITI S.A.C.","ESTACIÓN DE SERVICIOS / GRIFOS","CUSCO","CALCA","YANATILE","PREDIO MUYUPAY MOCCO - SECTOR PANTORRILLA, LOCALIDAD DE QUEBRADA HONDA","2026-07-31"
"149601","CHUQUILLANQUI ALIAGA ISRAEL","ESTACIÓN DE SERVICIO CON GASOCENTRO DE GLP","JUNIN","HUANCAYO","CHILCA","AV. LOS INCAS N°189","2026-08-07"
"149611","COMPAÑIA DE COMBUSTIBLES DEL SUR S.A.C.","ESTACIÓN DE SERVICIOS / GRIFOS","LIMA","CAÑETE","IMPERIAL","AV. VILLARREAL MZ. B LOTE. 33 ANEXO VILLARREAL","2026-08-09"
"149613","GASOLINERAS PIURA S.R.L.","ESTACIÓN DE SERVICIO CON GASOCENTRO DE GLP","PIURA","SECHURA","CRISTO NOS VALGA","CARRETERA PIURA - CHICLAYO AA.HH. SAN RAMON (ALTURA KM.953+200)","2026-08-04"
"149625","SERVICENTRO EMPRESARIAL ALEJANDROS S.R.L.","ESTACIÓN DE SERVICIOS / GRIFOS","CUSCO","PAUCARTAMBO","HUANCARANI","COMUNIDAD CAMPESINA HUANCARANI, SECTOR PARUPARU","2026-08-07"
"149629","PACIFICO COMBUSTIBLES","ESTACIÓN DE SERVICIOS / GRIFOS","PIURA","SULLANA","SULLANA","AV. LAS MERCEDES S/N (ANTES CARRETERA ALTO CHIRA  C.P. SOMATE BAJO)","2026-08-04"
"149659","ESTACION DE SERVICIOS CHANKAS S.A.C.","ESTACIÓN DE SERVICIOS / GRIFOS","APURIMAC","ANDAHUAYLAS","ANDAHUAYLAS","AV. SESQUICENTENARIO Y JR. ALELIES N° 507","2026-08-08"
"149714","SATURNINO BONIFACIO MAMANI TACURI ","ESTACIÓN DE SERVICIOS / GRIFOS","PUNO","MELGAR","SANTA ROSA","CARRETERA PUNO-CUSCO, DESVIO QUISHUARA, COMUNIDAD KUNURANA BAJO KM. 8+00","2026-08-08"
"149727","CORPORACION PERUANA DE COMERCIO Y SERVICIOS SAC","ESTACIÓN DE SERVICIOS / GRIFOS","LIMA","LIMA","ATE","AV. DANIEL ALCIDES CARRION 501 C.P. SANTA CLARA","2026-08-03"
"149774","GRUPO ENERGETICO CHITANI EIRL","ESTACIÓN DE SERVICIOS / GRIFOS","UCAYALI","ATALAYA","RAYMONDI","JR. JUNIN MZ. 80 LOTE 3 C.P OVENTENI","2026-08-04"
"149883","GRUPO EL CHINO E.I.R.L.","ESTACIÓN DE SERVICIOS / GRIFOS","SAN MARTIN","RIOJA","SAN FERNANDO","AV. SAN MARTIN S/N CARRETERA A PERLA MAYO","2026-08-07"
"149953","MOVILGAS S.R.L.","ESTACIÓN DE SERVICIOS / GRIFOS","JUNIN","YAULI","SANTA ROSA DE SACCO","AV. AREVALO N° 1091","2026-08-03"
"149996","GRIFO BCV","ESTACIÓN DE SERVICIOS / GRIFOS","PUNO","SAN ROMAN","SAN MIGUEL","AV. CANCHI GRANDE S/N ESQUINA CON AV. 15 DE MAYO","2026-07-31"
"150075","SERVICENTRO MANUEL HANCCO","ESTACIÓN DE SERVICIOS / GRIFOS","CUSCO","CANCHIS","SICUANI","AV. PACHACUTEQ S/N","2026-08-07"
"150133","SUCESION INDIVISA ESPINOZA DURAND ROMULO","ESTACIÓN DE SERVICIOS / GRIFOS","UCAYALI","PADRE ABAD","CURIMANA","JR. ISAAC PEREZ S/N CASERIO LAS MALVINAS","2026-08-07"
"150207","REPSOL COMERCIAL S.A.C.","ESTACIÓN DE SERVICIOS / GRIFOS","PROV. CONST. DEL CALLAO","PROV. CONST. DEL CALLAO","VENTANILLA","AUTOPISTA HACIA VENTANILLA (AV. NESTOR GAMBETTA), SUB PARCELA A6-2B-1","2026-08-09"
"150208","GRIFO RODRIGO VG E.I.R.L.","ESTACIÓN DE SERVICIO CON GASOCENTRO DE GLP","LAMBAYEQUE","CHICLAYO","CHICLAYO","PROLONGACIÓN AV LAS AMERICAS S/N CUADRA 10","2026-08-09"
"150216","ESTACION DE SERVICIOS SIERRA NEVADA EL PINO S.A.C.","ESTACIÓN DE SERVICIOS / GRIFOS","ANCASH","HUAYLAS","CARAZ","CENTRO POBLADO CARAZ JR. SAN MARTIN N° 1775 CARRETERA CENTRAL N° 504, MZ. D6 LOTE I","2026-08-08"
"150451","R & K CONSTRUCTORES S.A.C.","ESTACIÓN DE SERVICIOS / GRIFOS","CUSCO","ANTA","ZURITE","COMUNIDAD CAMPESINA DE YANAMA, SECTOR AYLLUMAYO","2026-08-07"
"150452","SERVICENTRO SECHURA E.I.R.L.","ESTACIÓN DE SERVICIO CON GASOCENTRO DE GLP","PIURA","SECHURA","RINCONADA LLICUAR","AV. PERÚ S/N (ENTRADA A RINCONADA LLICUAR)","2026-08-07"
"150544","HEKLAND EIRL","ESTACIÓN DE SERVICIOS / GRIFOS","HUANCAVELICA","CHURCAMPA","SAN MIGUEL DE MAYOCC","AV. PROGRESO CENTRO POBLADO MAYOCC MZ. X LOTE 12","2026-08-08"
"150594","MULTISERVICIOS GENERALES DAYLU E.I.R.L.","ESTACIÓN DE SERVICIOS / GRIFOS","PUNO","HUANCANE","TARACO","CARRETERA JULIACA - HUANCANE KM. 38+060 - CENTRO POBLADO DE PUQUIS","2026-08-05"
"150597","MULTISERVICIOS FLARMIA","ESTACIÓN DE SERVICIOS / GRIFOS","PUNO","SAN ROMAN","JULIACA","AV. CIRCUNVALACION N° 1899 ESQUINA CON JR. CARACOTO - URB. SELVA ALEGRE","2026-08-07"
"150628","GRIFO MILAGRO DE DIOS SAC","ESTACIÓN DE SERVICIO CON GASOCENTRO DE GLP","LAMBAYEQUE","CHICLAYO","PICSI","AV. MIGUEL GRAU N° 800","2026-08-08"
"150647","PETROCENTRO NUÑOA S.A.C.","ESTACIÓN DE SERVICIOS / GRIFOS","PUNO","MELGAR","NUÑOA","ESQUINA AV. TÚPAC AMARU S/N CON AV. RAMÓN CASTILLA S/N DE LA URBANIZACIÓN AMPLIACIÓN SAN PEDRO II ETAPA MZ. L LOTE 01","2026-08-05"
"150648","JORGE DIAZ YARANGA","ESTACIÓN DE SERVICIOS / GRIFOS","AYACUCHO","HUANTA","CANAYRE","AV. UNION MANTARO Y JR. CENTRO POBLADO UNION MANTARO S/N","2026-08-05"
"150649","ALONZO GUERRA EMERSON IGNACIO","GRIFOS RURALES CON ALMACENAMIENTO EN CILINDROS","UCAYALI","CORONEL PORTILLO","CAMPOVERDE","CASERIO MANCO CAPAC MZ. 4 LT. 02","2026-08-05"
"150672","ALONZO GUERRA EMERSON IGNACIO","GRIFOS RURALES CON ALMACENAMIENTO EN CILINDROS","UCAYALI","CORONEL PORTILLO","NUEVA REQUENA","AV. SAN PABLO DE JUANTIA ESQUINA CON JR. CORAZÓN DE JESÚS, DEL CASERÍO SAN PABLO DE JUANTIA","2026-08-05"
"150681","CORPORACION JUDY S.A.C.","EE.SS con GLP y GNV","LIMA","LIMA","SAN MARTIN DE PORRES","AV. CANTA CALLAO, PARCELA Nº 59, U. C. Nº 10668, EX COOPERATIVA DE PRODUCCIÓN VIRGEN DEL ROSARIO, LTDA. Nº 77","2026-08-07"
"150722","ROCA RAMOS KEVIN ORLANDO","ESTACIÓN DE SERVICIOS / GRIFOS","HUANCAVELICA","TAYACAJA","ÑAHUIMPUQUIO","AV. CARRETERA CENTRAL S/N E INTERSECCION AV. UGARTE","2026-08-08"
"150810","ESTACION DE SERVICIO SALAMANCA II S.A.C.","ESTACIÓN DE SERVICIO CON GASOCENTRO DE GLP","LAMBAYEQUE","CHICLAYO","JOSE LEONARDO ORTIZ","MZ. A LOTE 04, 05, 06, 07 Y 08 URB. SALAMANCA- II ETAPA","2026-08-09"
"150893","GRIFOS SERPENTIN S.A.C.","ESTACIÓN DE SERVICIOS / GRIFOS","ANCASH","HUARI","SAN MARCOS","U.C. 8-2658950-79134 VALLE PUCHCA / OPAYACO (CERCA AL CENTRO POBLADO SAN MARCOS)","2026-08-06"
"150899","GRIFO FLOTANTE JUANITA SAC","GRIFOS FLOTANTES","MADRE DE DIOS","TAMBOPATA","LABERINTO","MARGEN DERECHA DEL RIO MADRE DE DIOS, SECTOR HUANTUPA","2026-07-31"
"150914","ESTACION & SERVICIOS MULTIPLES VIRGEN DE LAS MERCEDES SOCIEDAD COMERCIAL DE RESPONSABILIDAD LIMITADA","ESTACIÓN DE SERVICIOS / GRIFOS","PUNO","AZANGARO","SAMAN","CARRETERA JULIACA - HUANCANÉ KM. 18+870, PREDIO MACHUCHACA WASA","2026-08-08"
"150977","RAYDA PEREZ RODRIGUEZ ","ESTACIÓN DE SERVICIOS / GRIFOS","AYACUCHO","LA MAR","TAMBO","CARRETERA TAMBO SAN FRANCISCO (VRAEM) SECTOR C.P. MASINGA, PREDIO PUCA PAMPA UC. N°17447","2026-08-03"
"150980","SONIA QUISPE MAMANI","ESTACIÓN DE SERVICIOS / GRIFOS","TACNA","TACNA","TACNA","SECTOR MAGOLLO, VALLE DE TACNA S/N, UC 02489  TACNA","2026-08-08"
"150998","NEGOCIOS DON ISAAC E.I.R.L.","ESTACIÓN DE SERVICIOS / GRIFOS","SAN MARTIN","RIOJA","YURACYACU","ESQUINA JR. LIMA CON JR. SANTO TORIBIO","2026-08-08"
"151032","ESTACION DE SERVICIOS PETRO SELVA S.A.C.","ESTACIÓN DE SERVICIOS / GRIFOS","HUANUCO","MARAÑON","LA MORADA","PARCELA AGRICOLA A5 CÓDIGO CATASTRAL 13600 (FUNDO EL,PADRINO) CRUCE DE LA ENTRADA AL DISTRITO DE LA MORADA Y CARRETERA A LA ZONA B","2026-08-08"
"151065","CORPORACION GUADALUPE G & V S.A.C.","ESTACIÓN DE SERVICIOS / GRIFOS","PUNO","LAMPA","CALAPUJA","CARRETERA PANAMERICANA JULIACA - CUSCO KM. 22+00, ISLA KAMAQUEN","2026-08-04"
"151084","EFROCINIA BAUTISTA CASTRO","ESTACIÓN DE SERVICIOS / GRIFOS","JUNIN","SATIPO","RIO TAMBO","ESQUINA AV. ABANCAY CON JR. LA LIBERTAD - COMUNIDAD SECTOR ENE","2026-08-04"
"151086","DOMINGA ARIZACA LIMACHI ","ESTACIÓN DE SERVICIOS / GRIFOS","PUNO","MELGAR","AYAVIRI","ESQUINA JR. GRAU CON JR. ATAHUALPA N° 497","2026-07-30"
"151101","SOLIZ & ADL ESTACIONES Y SERVICIOS SOCIEDAD ANONIMA CERRADA","ESTACIÓN DE SERVICIOS / GRIFOS","PUNO","SAN ANTONIO DE PUTINA","ANANEA","AV. SOL DE ORO - BARRIO SAN FELIPE","2026-07-22"
"151164","PHOENIX INNOVATIONS S.A.C.","ESTACIÓN DE SERVICIOS / GRIFOS","PASCO","PASCO","TINYAHUARCO","AV MARISCAL CASTILLA MZ X LT 12 COMUNIDAD CAMPESINA VILLA DE PASCO","2026-08-07"
"151183","GRIFOS GUEVARA","ESTACIÓN DE SERVICIOS / GRIFOS","PUNO","AZANGARO","SAMAN","CARRETERA JULIACA - HUANCANÉ KM. 25+980 SECTOR CCORPA","2026-08-05"
"151222","GRIFO ORO DEL VALLE E.I.R.L.","ESTACIÓN DE SERVICIOS / GRIFOS","CUSCO","CALCA","CALCA","PREDIO RUSTICO HUANDAR - CHICO LOTE 2-C Y LOTE 2-D","2026-08-08"
"151378","HFK COMBUSTIBLES S.A.C.","ESTACIÓN DE SERVICIO CON GASOCENTRO DE GLP","LIMA","CAÑETE","SAN ANTONIO","PARCELA Nº 24, CODIGO CATASTRAL 11251 - PAMPA LA VIRGEN  SAN ANTONIO U.C. 11251 - P.O. 3141198 ALTURA CARRETERA PANAMERICANA SUR KM. 76.700","2026-08-06"
"151435","YESSENIA YHOMIRA RAMOS MAMANI ","ESTACIÓN DE SERVICIOS / GRIFOS","PUNO","AZANGARO","AZANGARO","VIA DE EVITAMIENTO CARRETERA INTEROCEANICA KM. 1+750","2026-08-01"
"151469","GRIFO FAYVE","ESTACIÓN DE SERVICIOS / GRIFOS","CAJAMARCA","CAJAMARCA","CAJAMARCA","CARRETERA CAJAMARCA - BAMBAMARCA KM 10 HUAMBOCANCHA ALTA","2026-08-06"
"151482","ESTACION DE SERVICIOS SIGÜENZA S.R.L.","ESTACIÓN DE SERVICIOS / GRIFOS","CAJAMARCA","CAJABAMBA","CONDEBAMBA","CRUCE CARRETERA MARGINAL DE LA SIERRA (CARRETERA SAN MARCOS-CAJABAMBA) CON CARRETERA A CHUQUIBAMBA, LOTE N° 42 SECTOR POMABAMBA","2026-08-09"
"151648","TRANSPORTES ACUARIO SAC","ESTACIÓN DE SERVICIO CON GASOCENTRO DE GLP","CAJAMARCA","CAJAMARCA","CAJAMARCA","U.C. Nº 55725 PREDIO RUSTICO SUNCHUBAMBA SECTOR SUNCHUBAMBA CASERÍO HUACARIZ (REF. CARRETERA CAJAMARA-SAN MARCOS A 100 M CRUCE CARRETERA A LA PACCHA)","2026-08-08"
"151682","GRIFO GABIYANE S.A.C.","ESTACIÓN DE SERVICIOS / GRIFOS","LAMBAYEQUE","FERREÑAFE","PITIPO","AV. INCAHUASI S/N (CARRETERA BATANGRANDE - INCAHUASI) KM. 7 + 100 - CASERÍO MOTUPILLO","2026-08-07"
"151763","LIBIA HUAMANI ANCALLA","GRIFOS RURALES CON ALMACENAMIENTO EN CILINDROS","CUSCO","CHUMBIVILCAS","SANTO TOMAS","INTERSECCION VIA SANTO TOMAS - ESPINAR Y PROLONGACION AV. NUEVA CHUMBIVILCAS DEL ANEXO CALZADA DE LA COMUNIDAD DE PULLPURE PUENTE COYO USCAMARCA","2026-08-07"
"151766","ESTACION DE SERVICIO TRES CRUCES DE ORO E.I.R.L.","ESTACIÓN DE SERVICIOS / GRIFOS","CUSCO","PAUCARTAMBO","PAUCARTAMBO","TROCHA CARROZABLE PAUCARTAMBO KOSÑIPATA, PREDIO MANZANARES","2026-08-09"
"151798","COMBUSTIBLES DISO S.A.C.","ESTACIÓN DE SERVICIO CON GASOCENTRO DE GLP","CAJAMARCA","JAEN","JAEN","CARRETERA JAEN  CHAMAYA KM 11.70 SECTOR MOCHENTA","2026-08-07"
"151820","CGN GRIFOS EIRL","ESTACIÓN DE SERVICIOS / GRIFOS","UCAYALI","CORONEL PORTILLO","MANANTAY","JR. LOS LAURELES ESQ. CON JR. 16 DE NOVIEMBRE MZ. C LT. 1 A.H. PROYECTO INTEGRAL LA PAZ","2026-08-08"
"151863","CONSUR PERU E.I.R.L.","ESTACIÓN DE SERVICIOS / GRIFOS","ANCASH","HUARAZ","INDEPENDENCIA","AV. CENTENARIO CON AV. INDEPENDENCIA S/N","2026-08-08"
"151869","RIVEROS SULLCA RICHARD JHON","ESTACIÓN DE SERVICIOS / GRIFOS","UCAYALI","ATALAYA","RAYMONDI","PROLONG. CLL. NICOLAS VELA MZ. 163 LT. 09 SECTOR JUNTA VECINAL PASCUAL ALEGRE","2026-08-03"
"151881","GRUPO EMPRESARIAL NONATO E.I.R.L.","ESTACIÓN DE SERVICIOS / GRIFOS","LIMA","CAÑETE","MALA","CARRETERA PANAMERICANA SUR KM. 87.5 LOTE 01 ESQUINA CON PASAJE PALOMINO (UC 11676 SALITRE BUJAMA, SECTOR PAMPA BARCELONA)","2026-08-08"
"151933","ESTACION DUBAI S.A.C.","ESTACIÓN DE SERVICIOS / GRIFOS","PUNO","HUANCANE","PUSI","AYABACAS PAMPA, CARRETERA JULIACA-HUANCANE KM. 9+750","2026-08-08"
"151946","AMAZONS RIVERS E.I.R.L.","GRIFOS FLOTANTES","AMAZONAS","CONDORCANQUI","NIEVA","MARGEN DERECHA DEL RIO NIEVA, LOCALIDAD DE SANTA MARIA DE NIEVA","2026-08-08"
"151955","CORPORACION OTOÑO S.A.C.","ESTACIÓN DE SERVICIOS / GRIFOS","LIMA","LIMA","LOS OLIVOS","AV. ANGELICA GAMARRA 848","2026-08-07"
"15196","COESTI SA","ESTACIÓN DE SERVICIO CON GASOCENTRO DE GLP","LIMA","CAÑETE","SAN LUIS","PANAMERICANA SUR KM. 138 AV. 28 DE JULIO N 216","2026-08-08"
"151974","NEGOCIOS MAYORISTAS BELETO SOCIEDAD ANONIMA CERRADA","ESTACIÓN DE SERVICIOS / GRIFOS","TACNA","TACNA","TACNA","SECTOR MAGOLLO  UC. 02489 CP/9_3608000_02489 VALLE DE TACNA SECTOR (LATERAL 5 Y 7)","2026-08-08"
"151988","ESTACION 8 S.A.C","ESTACIÓN DE SERVICIOS / GRIFOS","LIMA","BARRANCA","SUPE","PANAMERICANA NORTE KM 190+400 MT","2026-08-08"
"152038","CGHL SAC","ESTACIÓN DE SERVICIO CON GASOCENTRO DE GLP","LA LIBERTAD","TRUJILLO","TRUJILLO","AV. TEODORO VALCÁRCEL N° 976-986, MZ. A LT. 05 - 1A2, URB. SANTA LEONOR","2026-08-04"
"15206","ESTACION DE SERVICIOS PASO DE LOS ANDES S.A.C.","EE.SS con GLP y GNV","LIMA","LIMA","JESUS MARIA","AV. BRASIL N° 699","2026-08-09"
"152066","GRIFOS MALI S.A.C.","ESTACIÓN DE SERVICIOS / GRIFOS","PUNO","SANDIA","CUYOCUYO","LOTE 10 Y 11 DE MZA M-1, ESQUINA DE LA AV. PRINCIPAL CON CALLE SIN NOMBRE BARRIO VILLA UNIÓN DEL CENTRO POBLADO DE ORIENTAL","2026-08-07"
"15207","COESTI SAN LUIS II","ESTACIÓN DE SERVICIOS / GRIFOS","LIMA","LIMA","SAN BORJA","ESQ. DE LA AV. SAN LUIS N° 2605 CON SAN BORJA SUR","2026-08-09"
"152071","GRIFO SAN IGNACIO SAC","ESTACIÓN DE SERVICIOS / GRIFOS","LIMA","BARRANCA","PATIVILCA","CALLE JAZMIN N° 460 - 462","2026-08-07"
"15210","COESTI S.A","ESTACIÓN DE SERVICIOS / GRIFOS","LIMA","HUARAL","HUARAL","CALLE DERECHA N° 898 (CALLE DERECHA CUADRA 9 ESQ. CAMAL VIEJO)","2026-08-08"
"152103","HUAYNATE CHAVEZ MAXIMO HERMILIANO","ESTACIÓN DE SERVICIO CON GASOCENTRO DE GLP","HUANUCO","LAURICOCHA","JESUS","MZ H LOTE 12 BARRIO SANTA ROSA C. P MENOR DE LA MERCED INTERSECCIÓN AV. JOSE CARLOS MARIATEGUI CON JR. MICAELA BASTIDAS","2026-07-28"
"15211","REPSOL COMERCIAL S.A.C","ESTACIÓN DE SERVICIOS / GRIFOS","PROV. CONST. DEL CALLAO","PROV. CONST. DEL CALLAO","CALLAO","AV. TOMAS VALLE, ESQ. CON AV. LOS DOMINICOS - URB. JORGE CHAVEZ","2026-08-09"
"15215","REPSOL COMERCIAL S.A.C.","ESTACIÓN DE SERVICIOS / GRIFOS","LIMA","LIMA","MIRAFLORES","AV. 28 DE JULIO N° 904","2026-08-09"
"152177","ABSAMI COMBUSTIBLES EIRL","ESTACIÓN DE SERVICIO CON GASOCENTRO DE GLP","ICA","ICA","ICA","SUB LOTE B ESQUINA AV. TUPAC AMARU CON CALLE PEDRO ORTIZ - URB. SAN MIGUEL","2026-08-08"
"152179","PALACIOS GAMARRA WILBER IGNACIO","ESTACIÓN DE SERVICIO CON GASOCENTRO DE GLP","JUNIN","SATIPO","PANGOA","MZ. 30, LOTE TYZ, INTERSECCION DE LA AV. PANGOA Y LA CALLE LOS CAFETALEROS S/N  SAN MARTIN DE PANGOA","2026-08-08"
"15219","JAIME OLIVER S.A.C.","ESTACIÓN DE SERVICIOS / GRIFOS","LIMA","LIMA","JESUS MARIA","ESQUINA AV. SALAVERRY Y AV. CUBA","2026-08-07"
"15222","INVERSIONES E INDUSTRIAS MIRFER S.A.C.","ESTACIÓN DE SERVICIO CON GASOCENTRO DE GLP","JUNIN","TARMA","ACOBAMBA","AV. MANUEL A. ODRIA Nº 1922","2026-08-07"
"15223","JAIME OLIVER S.A.C.","ESTACIÓN DE SERVICIOS / GRIFOS","LIMA","LIMA","JESUS MARIA","AV. SALAVERRY ESQ. AV. MARIATEGUI","2026-08-07"
"15224","ESTACION DE SERVICIO MULTIPLES SAN MARTIN EMPRESA INDIVIDUAL DE RESPONSABILIDAD LIMITADA","ESTACIÓN DE SERVICIO CON GASOCENTRO DE GLP","JUNIN","SATIPO","PANGOA","CARRETERA MARGINAL KM. 13 MZ Q, URB. BERNABÉ OSCO","2026-08-08"
"152247","CTGAS","ESTACIÓN DE SERVICIO CON GASOCENTRO DE GLP","PIURA","SULLANA","SULLANA","LOTE 07 Y 08, MZ. I, CARRETERA SULLANA - PAITA, URB. ASOCIACION DE VIVIENDA RAMIRO PRIALE PRIALEIRO PRIALE","2026-07-22"
"152282","SERVICENTRO SAN FRANCISCO AQP S.R.L.","ESTACIÓN DE SERVICIOS / GRIFOS","AREQUIPA","AREQUIPA","YURA","LOTE 1 MANZANA Ñ ZONA A","2026-08-06"
"152285","PETRO EXPLORIUM","ESTACIÓN DE SERVICIO CON GASOCENTRO DE GLP","LIMA","LIMA","ATE","CALLE SAN CARLOS RD, MZ. C LOTE 14","2026-08-08"
"15231","MARIA MAGDALENA TURPO CAMA","ESTACIÓN DE SERVICIOS / GRIFOS","PUNO","AZANGARO","JOSE DOMINGO CHOQUEHUANCA","AV. CHOQUEHUANCA S/N, BARRIO 1° DE MAYO","2026-08-09"
"15232","COMBUSTIBLES LA VICTORIA EIRL","ESTACIÓN DE SERVICIO CON GASOCENTRO DE GLP","LAMBAYEQUE","CHICLAYO","LA VICTORIA","AV. LOS INCAS NRO. 1198 CON LA AV. GRAN CHIMU","2026-08-08"
"15233","SUCESION INDIVISA CUBAS CUBAS HECTOR FELIX","ESTACIÓN DE SERVICIOS / GRIFOS","LIMA","LIMA","SAN MARTIN DE PORRES","MZ. 2-A , LOTES 1 Y 1A, URBANIZACION PERU PRIMERA ZONA","2026-08-09"
"15234","REPSOL COMERCIAL S.A.C.","ESTACIÓN DE SERVICIOS / GRIFOS","LIMA","LIMA","MIRAFLORES","AV. DEL EJERCITO N° 1295","2026-08-09"
"15235","ESTACION DE SERVICIOS GRECS S.R.L","ESTACIÓN DE SERVICIO CON GASOCENTRO DE GLP","LIMA","LIMA","PACHACAMAC","ESQUINA DE LA AV. VICTOR MALASQUEZ Y CALLE 71 LOS HUERTOS DE MANCHAY","2026-08-08"
"15236","COESTI S.A. EESS MOCHE","ESTACIÓN DE SERVICIO CON GASOCENTRO DE GLP","LA LIBERTAD","TRUJILLO","MOCHE","CARRETERA PANAMERICANA NORTE KM. 556","2026-08-08"
"152431","SUMINISTROS PETROLEROS S.A.C.","ESTACIÓN DE SERVICIOS / GRIFOS","LIMA","HUAROCHIRI","SAN ANTONIO","MZ. DN, LOTES 03,07, 8A, 8B, SECTOR EL PALOMAR, ANEXO 22","2026-08-03"
"152583","COMBUSTIBLES AMAZONICOS S.A.C.","ESTACIÓN DE SERVICIOS / GRIFOS","UCAYALI","CORONEL PORTILLO","CALLERIA","AV. FERNANDO BELAUNDE TERRY ESQ. JR. LOS GIRASOLES MZ. 7 LT. 1 P.J ANTOMIO MARINO","2026-08-05"
"152646","EMPRESA DE SERVICIOS Y TRANSPORTES EL NEGRO E.I.R.L.","ESTACIÓN DE SERVICIO CON GASOCENTRO DE GLP","LIMA","HUARAL","CHANCAY","MZ A LOTE 17 - SECTOR CHACARILLA CARRETERA PANAMERICANA KM 80.7","2026-08-08"
"152715","LOZADA SEMINARIO GEORGINA ELENA","ESTACIÓN DE SERVICIOS / GRIFOS","PIURA","MORROPON","CHULUCANAS","JR. MOQUEGUA N° 697 SECTOR IV","2026-08-07"
"152758","KEVI¿S ECOMAX S.A.C.","ESTACIÓN DE SERVICIOS / GRIFOS","PUNO","SANDIA","CUYOCUYO","BARRIO INDEPENDENCIA MZ. B1 LOTE 1, CENTRO POBLADO ORIENTAL","2026-08-07"
"152831","CORPORACION CRIS SOCIEDAD ANONIMA CERRADA","ESTACIÓN DE SERVICIOS / GRIFOS","CUSCO","CALCA","CALCA","AV. ANTONIO RAYMONDI N° 2002","2026-08-05"
"152865","SERVICIOS GENERALES MING PERU E.I.R.L.","ESTACIÓN DE SERVICIOS / GRIFOS","CUSCO","CHUMBIVILCAS","SANTO TOMAS","SECTOR CCASA ORCCO PATA S/N","2026-08-07"
"152866","YANQUE JINCHO YOMAYNA","GRIFOS RURALES CON ALMACENAMIENTO EN CILINDROS","CUSCO","CANCHIS","SAN PEDRO","COMUNIDAD CAMPESINA DE SAN PEDRO DE C'ACHA","2026-07-30"
"152882","ESTACIONES DE SERVICIOS WILMAR S.A.C.","ESTACIÓN DE SERVICIOS / GRIFOS","PIURA","MORROPON","MORROPON","CARRETERA PIURA  MORROPON S/N","2026-08-06"
"152884","SERVICENTRO PERZA S.A.C","ESTACIÓN DE SERVICIOS / GRIFOS","LA LIBERTAD","SANTIAGO DE CHUCO","QUIRUVILCA","CENTRO URBANO DE SHOREY CHICO, CARRETERA NACIONAL DE TRUJILLO - HUAMACHUCO KM 120","2026-08-05"
"152935","GRIFO BUENAVISTA","ESTACIÓN DE SERVICIOS / GRIFOS","PUNO","AZANGARO","ASILLO","CALLE CUSCO S/N BARRIO CERRO COLORADO","2026-08-04"
"152976","ROSA MADELINE CONDORI SULLO","ESTACIÓN DE SERVICIOS / GRIFOS","PUNO","AZANGARO","AZANGARO","AV. HERMANOS FUENTES Y JR. LAS CRUCES LTS. 05 Y 06, MZ. A-2, URB. ZONA ECOLÓGICA CIUDAD BALSASPATA","2026-08-07"
"153099","PERUPETROLM MULTISERVICIOS SOCIEDAD ANONIMAC CERRADA - PERUPETROLM S.A.C.","ESTACIÓN DE SERVICIOS / GRIFOS","APURIMAC","COTABAMBAS","CHALLHUAHUACHO","CARRETERA CHALLHUAHUACHO - ABANCAY, BARRIO TACAMIPAMPA S/N","2026-08-07"
"153102","INVERSIONES & MULTISERVICIOS RAMA S.A.C.","ESTACIÓN DE SERVICIOS / GRIFOS","PASCO","OXAPAMPA","VILLA RICA","AVENIDA PICHIS PALCAZU S/N, CENTRO POBLADO SAN MIGUEL DE ENEÑAS","2026-08-04"
"153124","MI GRIFO YASOIL E.I.R.L.","ESTACIÓN DE SERVICIOS / GRIFOS","PUNO","SAN ANTONIO DE PUTINA","ANANEA","AV. PALOMANI S/N CENTRO POBLADO TRAPICHE","2026-08-08"
"153134","AGA PETROLEOS","ESTACIÓN DE SERVICIOS / GRIFOS","PUNO","SANDIA","PHARA","CALLE PRINCIPAL S/N URB. LOS CLAVELES CENTRO POBLADO DE CULLUCACHI","2026-08-07"
"153177","ESTACION DE SERVICIOS LA DOXA S.A.C.","ESTACIÓN DE SERVICIO CON GASOCENTRO DE GLP","ANCASH","SANTA","CHIMBOTE","AV. CAMINO REAL MZ. D8 LT. 01 AAHH VILLA EL SOL II ETAPA","2026-08-09"
"153223","TRANSMARINA DEL PERU SAC","GRIFOS FLOTANTES","ICA","PISCO","PARACAS","CARRETERA PARACAS KM 16.5 ZONA INDUSTRIAL SANTA ELENA DE PARACAS","2026-08-04"
"153250","ESTACION DE SERVICIOS FARRONAN","ESTACIÓN DE SERVICIOS / GRIFOS","LAMBAYEQUE","LAMBAYEQUE","MORROPE","CASERIO CHEPITO BAJO S/N","2026-08-08"
"153255","ORIHUELA QUISPE YANET EDITH","ESTACIÓN DE SERVICIOS / GRIFOS","PUNO","SAN ROMAN","JULIACA","CARRETERA JULIACA - AREQUIPA KM. 285","2026-08-08"
"153273","STRONG AND HAPPY GIRLS INVERSIONES S.A.C.","GRIFOS FLOTANTES","LORETO","MAYNAS","PUNCHANA","MARGEN DERECHO DEL RIO NANAY","2026-08-08"
"153344","SERVICENTRO JAPAY","ESTACIÓN DE SERVICIOS / GRIFOS","LORETO","MAYNAS","SAN JUAN BAUTISTA","CALLE LOS ARENALES MZ Ñ LOTE 1","2026-08-08"
"153361","INVERSIONES INDUMAC APFATA S.A.C.","ESTACIÓN DE SERVICIOS / GRIFOS","AREQUIPA","CAMANA","MARIANO NICOLAS VALCARCEL","AV. URINZAYA S/N MZ A, LOTE 2, ASENTAMIENTO HUMANO CARLOS PORTOCARRERO DONGO","2026-08-05"
"153376","HUAMANI ALHUAY SONIA","ESTACIÓN DE SERVICIOS / GRIFOS","APURIMAC","ANDAHUAYLAS","HUANCARAY","CENTRO POBLADO NATIVIDAD LOTE 5 MZ T","2026-08-05"
"153385","NIGSA HUAQUISTO CHAHUARA","ESTACIÓN DE SERVICIOS / GRIFOS","PUNO","SANDIA","SANDIA","JR. TUPAC AMARU MZ. D , LT. 01","2026-08-03"
"153394","CHICNES CHIPANA MELANIA","ESTACIÓN DE SERVICIOS / GRIFOS","AYACUCHO","HUANCA SANCOS","SANCOS","AV. EL PROGRESO S/N CARRETERA CARAPO  HUANCA SANCOS - CARAPO","2026-08-03"
"153411","BONIFACIO CONDORI MARGARITA","ESTACIÓN DE SERVICIOS / GRIFOS","PUNO","SAN ROMAN","SAN MIGUEL","URB. 2 DE MAYO MZ. G LT. 8, AV. INFANCIA N° 1205, ESQ. CON JR. JOSE DE LA RIVA AGÚERO","2026-08-06"
"153426","ANGKOR E.I.R.L.","ESTACIÓN DE SERVICIOS / GRIFOS","CUSCO","ESPINAR","ESPINAR","CV. VIA ESPINAR C. POBLADO TINTAYA MARQUIRI - ESPINAR","2026-08-07"
"153461","VIMALCA S.A.C.","ESTACIÓN DE SERVICIO CON GASOCENTRO DE GLP","LAMBAYEQUE","CHICLAYO","SANTA ROSA","MZ. 4, LOTE 1 ZONA INDUSTRIAL S/N CARRETERA SANTA ROSA - PIMENTEL","2026-08-08"
"153518","SERVICENTRO IRROMA","ESTACIÓN DE SERVICIOS / GRIFOS","LORETO","MAYNAS","SAN JUAN BAUTISTA","CARRETERA SANTA CLARA KM 2.5","2026-08-08"
"153637","DIMEXSA S.A.C.","ESTACIÓN DE SERVICIO CON GASOCENTRO DE GLP","ANCASH","SANTA","NUEVO CHIMBOTE","ASENTAMIENTO HUMANO HABILITACIÓN URBANA PROGRESIVA SAN FELIPE, MZ. O, LOTE 2","2026-08-09"
"153643","COSERMAN CH SRL","ESTACIÓN DE SERVICIO CON GASOCENTRO DE GLP","ANCASH","SANTA","NUEVO CHIMBOTE","A.H. UPIS VILLA SAN LUIS, II ETAPA PARCELA 12 -14, PROL. AV. PACIFICO, MZ. B, LOTE 1-1 A-2","2026-08-09"
"153689","CORPORACION PETROMAR SAC","ESTACIÓN DE SERVICIO CON GASOCENTRO DE GLP","LAMBAYEQUE","CHICLAYO","SANTA ROSA","PREDIO SH, SECTOR AMPLIACION CIUDAD DEL PESCADOR - PARTE II","2026-08-09"
"153723","MIREZ TONGO JOSE GREGORIO","ESTACIÓN DE SERVICIOS / GRIFOS","LAMBAYEQUE","LAMBAYEQUE","SALAS","PROLONGACION CALLE ANDRES AVELINO CACERES S/N","2026-08-04"
"153729","CHAMBILLA CHOQUE EUFRACIA","ESTACIÓN DE SERVICIOS / GRIFOS","PUNO","CHUCUITO","KELLUYO","AV. PUNO S/N CON JR. DESAGUADERO S/N","2026-08-08"
"153745","GLOBAL FUEL SOCIEDAD ANONIMA","ESTACIÓN DE SERVICIOS / GRIFOS","PIURA","SULLANA","SULLANA","URB. NUEVA ESPERANZA MARGEN IZQUIERDA CARRETERA SULLANA - PAITA","2026-08-07"
"153754","STRONG AND HAPPY GIRLS INVERSIONES S.A.C","ESTACIÓN DE SERVICIOS / GRIFOS","LORETO","MAYNAS","SAN JUAN BAUTISTA","CALLE 08 DE OCTUBRE O-1A CARRETERA VARGAS GUERRA- CASERIO SANTA CLARA DE NANAY","2026-08-08"
"153756","ESTACION DE SERVICIOS SAN FERMIN S.A.C.","ESTACIÓN DE SERVICIOS / GRIFOS","ANCASH","CASMA","CASMA","SECTOR CH2 PARCELA 15 PAMPA EL ARENAL (CARRETERA PANAMERICANA NORTE CASMA - CHIMBOTE)","2026-08-08"
"153764","ESTACION DE SERVICIOS LOS PINOS DEL NORTE SRL","ESTACIÓN DE SERVICIOS / GRIFOS","CAJAMARCA","CHOTA","CHOTA","CARRETERA CHOTA BAMBAMARCA - UC 47048 PREDIO DENOMINADO EL MOLINO, SECTOR CONGA BLANCA","2026-08-06"
"153770","BLANCO QUISPE ADOLFO","ESTACIÓN DE SERVICIOS / GRIFOS","PUNO","SAN ROMAN","JULIACA","AV. MODESTO BORDA N° 1405 Y 1415 ESQ. CON JR. LADISLAO HILASACA SUAQUITA","2026-08-07"
"153778","ESTACION DE SERVICIOS SANTA MARGARITA S.R.L.","ESTACIÓN DE SERVICIO CON GASOCENTRO DE GLP","CAJAMARCA","CAJAMARCA","CAJAMARCA","ESQ. AV. INDUSTRIAL Y JR. VIRGEN DEL SOL","2026-08-09"
"15382","GRUPO CORPORATIVO SAN LUIS S.A.C","ESTACIÓN DE SERVICIOS / GRIFOS","AREQUIPA","ISLAY","COCACHACRA","CARRETERA PANAMERICANA KM. 1041.5","2026-08-07"
"153857","ESTACION DE SERVICIOS OASIS","ESTACIÓN DE SERVICIOS / GRIFOS","ANCASH","CASMA","YAUTAN","INTERSECCIÓN DE CARRETERA CASMA - HUARAZ, CENTRO POBLADO CACHIPAMPA","2026-08-08"
"153877","EE.SS BERLIS E.I.R.L PETROPERU","ESTACIÓN DE SERVICIOS / GRIFOS","LIMA","LIMA","CARABAYLLO","CARRETERA A CANTA KM 35 (PROLONGACION AVENIDA TUPAC AMARU) COOPERATIVA MARIA PARADO DE BELLIDO PARCELA 29 - CENTRO POBLADO DE CHOCAS","2026-08-08"
"15389","GRAN PRIX S.R.L","ESTACIÓN DE SERVICIO CON GASOCENTRO DE GLP","CAJAMARCA","JAEN","JAEN","AV. PAKAMUROS N° 2191","2026-08-08"
"153896","COMBUSTIBLES,DERIVADOS Y SERVICIOS MI SEÑOR CAUTIVO II E.I.R.L.","ESTACIÓN DE SERVICIOS / GRIFOS","PIURA","MORROPON","MORROPON","CARRETERA A MORROPÓN (LADO DERECHO - INGRESO A MORROPÓN), PREDIO CON REGISTRO RR.CC. N° 11487","2026-08-03"
"15391","BIOCOMBUSTIBLES 20 DE ENERO  SAC","ESTACIÓN DE SERVICIOS / GRIFOS","CUSCO","CUSCO","SAN SEBASTIAN","AV. TUYRO TUPAC N° 413","2026-08-08"
"153981","JASFOR COMBUSTIBLES S.A.C.","ESTACIÓN DE SERVICIOS / GRIFOS","HUANUCO","LEONCIO PRADO","RUPA-RUPA","ALAMEDA PERU N°1009 Y JR. AGUAYTIA N° 387","2026-08-07"
"15400","COMERCIALIZADORA DE COMBUSTIBLES PALPA S.A.C.","ESTACIÓN DE SERVICIO CON GASOCENTRO DE GLP","ICA","PALPA","PALPA","AV. GRAU N° 278","2026-08-07"
"154023","ESTACION DE SERVICIOS VIRGEN DE LA ASUNCION S.A.C.","ESTACIÓN DE SERVICIOS / GRIFOS","LIMA","OYON","OYON","CARRETERA P18 KM 133 + 100  18 ML, SECTOR ANCUSUTA  URPAY","2026-08-04"
"15404","MACAE GRIFO MENDOZA","ESTACIÓN DE SERVICIO CON GASOCENTRO DE GLP","JUNIN","HUANCAYO","PILCOMAYO","AV. CORONEL PARRA Nº 371","2026-08-04"
"15406","WILBER IGNACIO PALACIOS GAMARRA","ESTACIÓN DE SERVICIOS / GRIFOS","JUNIN","SATIPO","RIO NEGRO","CARRETERA MARGINAL SATIPO KM. 2.5","2026-08-08"
"15409","GLOBAL FUEL EESS CHEPEN","ESTACIÓN DE SERVICIO CON GASOCENTRO DE GLP","LA LIBERTAD","CHEPEN","CHEPEN","CARRETERA PANAMERICANA NORTE KM. 696","2026-08-07"
"154138","GRUPO DIESEL PERU S.A.C.","ESTACIÓN DE SERVICIOS / GRIFOS","AREQUIPA","CAMANA","MARIANO NICOLAS VALCARCEL","ASENTAMIENTO HUMANO CARLOS PORTOCARRERO  SECOCHA  ESQUINA CALLE URINSAYA S/N CALLE VENADO S/N","2026-08-08"
"15415","COESTI S.A.  EESS PALMERAS","ESTACIÓN DE SERVICIO CON GASOCENTRO DE GLP","LAMBAYEQUE","CHICLAYO","CHICLAYO","ESQUINA AVENIDA BOLOGNESI Y AVENIDA GRAU S/N","2026-08-08"
"15418","GRIFO EL CHUGURANO E.I.R.L.","ESTACIÓN DE SERVICIO CON GASOCENTRO DE GLP","LAMBAYEQUE","CHICLAYO","PATAPO","CARRETERA CHICLAYO-CHONGOYAPE MZA. 004 LOTE 014-015, SECTOR LOS PINOS","2026-08-07"
"154189","INVERSIONES LAGUNA & Q S.A.C.","ESTACIÓN DE SERVICIOS / GRIFOS","ANCASH","HUARI","MASIN","CARRETERA MASIN - HUAYTUNA","2026-08-08"
"154240","GRIFOS J & R SAN LUIS S.R.L.","ESTACIÓN DE SERVICIO CON GASOCENTRO DE GLP","CAJAMARCA","CAJAMARCA","CAJAMARCA","MZ. G LOTES 6 - 13 URB. SAN LUIS SEGUNDA ETAPA AV. VIA DE EVITAMIENTO NORTE CDRA. 16","2026-08-08"
"154242","GRIFOS EL BUEN SAMARITANO E.I.R.L.","ESTACIÓN DE SERVICIOS / GRIFOS","CAJAMARCA","CUTERVO","CALLAYUC","CARRETERA FERNANDO BELAUNDE TERRY KM 148 C.P. SAN JUAN DE CHIPLE","2026-08-08"
"154271","GASOCENTRO WILLY EMPRESA INDIVIDUAL DE RESPONSABILIDAD LIMITADA","ESTACIÓN DE SERVICIO CON GASOCENTRO DE GLP","SAN MARTIN","TOCACHE","TOCACHE","AV. FERNANDO BELAUNDE TERRY KM. 18 - CASERIO VILLA PALMA","2026-08-09"
"154301","GRIFO RADEL EMPRESA INDIVIDUAL DE RESPONSABILIDAD LIMITADA","ESTACIÓN DE SERVICIOS / GRIFOS","CUSCO","ESPINAR","ESPINAR","APV. HEROES DEL CENEPA/CANTERAS S/N","2026-08-06"
"154319","GRIFO MARANATHA S.A.C.","ESTACIÓN DE SERVICIO CON GASOCENTRO DE GLP","LAMBAYEQUE","CHICLAYO","SANTA ROSA","PREDIO LARRY- SECTOR LAS LOMAS","2026-08-08"
"154338","ESTACION DE SERVICIOS SEÑOR DE LOCUMBA E.I.R.L.","ESTACIÓN DE SERVICIOS / GRIFOS","MOQUEGUA","MARISCAL NIETO","MOQUEGUA","CARRETERA PANAMERICANA S/N, FUNDO EL MONO, PARCELA 01","2026-08-07"
"154354","YE PETROLEUM S.A.C.","ESTACIÓN DE SERVICIOS / GRIFOS","LIMA","LIMA","ATE","AV. LOS CASTILLOS Nº 340, URB. INDUSTRIAL SANTA ROSA","2026-08-09"
"154372","ESTACION DE SERVICIOS CRUZ BLANCA E.I.R.L.","ESTACIÓN DE SERVICIOS / GRIFOS","LAMBAYEQUE","LAMBAYEQUE","TUCUME","CARRETERA TUCUME GRANJA SASAPE KM. 1.5 SECTOR SULLON BALDERA","2026-08-07"
"154408","ESTACION DE SERVICIOS PALOMINO DIAZ S.A.C.","ESTACIÓN DE SERVICIOS / GRIFOS","LA LIBERTAD","SANCHEZ CARRION","HUAMACHUCO","CARRETERA HUAMACHUCO - TRUJILLO, CASERIO LA COLPA (CARRETERA HUAMACHUCO LA COLPA KM. 2+054)","2026-08-08"
"154418","SERVICENTRO J Y N EIRL","ESTACIÓN DE SERVICIOS / GRIFOS","UCAYALI","CORONEL PORTILLO","YARINACOCHA","AV. PASEO DE LA REPUBLICA ESQUINA CON JR. HUASCARÁN  FRACCIÓN FUNDO CANAIMA","2026-08-07"
"154481","GRIFOS MONTERREY S.C.R.L.","ESTACIÓN DE SERVICIOS / GRIFOS","ANCASH","HUARAZ","INDEPENDENCIA","CARRETERA HUARAZ - CASMA - KM. 143 - SECTOR PONGOR","2026-08-05"
"154566","GROUP PELINCO EMPRESA INDIVIDUAL DE RESPONSABILIDAD LIMITADA","ESTACIÓN DE SERVICIOS / GRIFOS","PUNO","SAN ROMAN","JULIACA","AV. SAN MARTIN S/N ESQ. CON JR. 26 DE AGOSTO S/N, MZ. B LT. N° 14-15 URB. CLARA VICTORIA","2026-08-02"
"154668","GRIFO SAN JORGE","ESTACIÓN DE SERVICIOS / GRIFOS","PUNO","SAN ROMAN","SAN MIGUEL","URB. SAN JORGE, AV. LAS TORRES S/N, ESQ. CON AV. MANCO CAPAC","2026-07-25"
"154690","I.G. ALFABAS S.R.L.","ESTACIÓN DE SERVICIOS / GRIFOS","CUSCO","CALCA","LARES","SECTOR TALANA CARRETERA LARES - YANATILE KM. S/N","2026-08-07"
"154709","COMERCIALIZADORA Y SERVICIOS BROTHER S.A.C.","ESTACIÓN DE SERVICIO CON GASOCENTRO DE GLP","LA LIBERTAD","TRUJILLO","HUANCHACO","VÍA DE EVITAMIENTO LOTE VD 234 III - A SECTOR HUANCHAQUITO ALTO VALLE MOCHE","2026-08-09"
"154830","SALAZAR PEREZ GABY","ESTACIÓN DE SERVICIOS / GRIFOS","SAN MARTIN","EL DORADO","AGUA BLANCA","CARRETERA DE AGUA BLANCA A BELLAVISTA KM. 64 + 100","2026-08-06"
"154882","GRUPO DELGADO DE LOS RÍOS E.I.R.L.","ESTACIÓN DE SERVICIOS / GRIFOS","AMAZONAS","UTCUBAMBA","EL MILAGRO","AV. EL EJERCITO C-1, SECTOR EL MILAGRO","2026-08-06"
"15491","COESTI S.A.","ESTACIÓN DE SERVICIOS / GRIFOS","LIMA","LIMA","PACHACAMAC","AV. VICTOR MALASQUEZ S/N SECTOR NUEVO PROGRESO, MZ. V, LOTES 130 Y 131 (AHORA SEGÚN CONSTANCIA MUNICIPAL AV. VICTOR MALASQUEZ LTE. 217)","2026-08-08"
"15496","COESTI S.A.","EE.SS con GLP y GNV","LIMA","LIMA","SAN JUAN DE LURIGANCHO","AV. WIESSE SECTOR III, MZ. G8, LOTE 41, PROGRAMA CIUDAD MARISCAL CÁCERES","2026-08-08"
"154991","GRIFO BELEN","ESTACIÓN DE SERVICIOS / GRIFOS","PUNO","AZANGARO","AZANGARO","AV. HERMANOS FUENTES CON JR. COSTANERA MZ. A-2 LOT. 01, 02, 03 DE LA HABILITACIÓN URBANO ZONA ECOLOGICA CIUDAD BALSASPATA","2026-08-08"
"155085","JOSÉ JIMI HERNÁNDEZ ASTOCHADO","ESTACIÓN DE SERVICIOS / GRIFOS","AMAZONAS","BONGARA","JUMBILLA","LOTE 3A, MANZANA 49, CALLE AMAZONAS S/N - JUMBILLA","2026-08-06"
"155112","ESTACION DE SERVICIOS POLLOC S.R.L.","ESTACIÓN DE SERVICIOS / GRIFOS","CAJAMARCA","CAJAMARCA","ENCAÑADA","CARRETERA ASFALTADA CAJAMARCA-ENCAÑADA-CELENDIN, KM 27.4 - CENTRO POBLADO POLLOC","2026-08-03"
"155115","OJANAMA PANAIJO BRAULIO","GRIFOS RURALES CON ALMACENAMIENTO EN CILINDROS","SAN MARTIN","SAN MARTIN","CHAZUTA","CARRETERA CHAZUTA - SHAPAJA SECTOR LIMONRARCA","2026-08-04"
"15514","ELIZABETH FELICIA ACUÑA VILA","ESTACIÓN DE SERVICIOS / GRIFOS","PASCO","OXAPAMPA","VILLA RICA","AV. FAUSTINO SANCHEZ CARRION (MARGINAL S/N)","2026-08-08"
"15515","INVERSIONES SALAZAR E.I.R.L.","ESTACIÓN DE SERVICIO CON GASOCENTRO DE GLP","PASCO","PASCO","CHAUPIMARCA","JR. BOLOGNESI Nº 834","2026-08-07"
"155216","PETROEXPRESS SB S.A.C.","ESTACIÓN DE SERVICIOS / GRIFOS","LAMBAYEQUE","CHICLAYO","SAÑA","CALLE 24 DE JUNIO MZ 3A LOTE 1","2026-08-06"
"15522","ESTACIONES DE SERVICIO LUMIC SOCIEDAD ANONIMA CERRADA - E.S. LUMIC S.A.C.","ESTACIÓN DE SERVICIOS / GRIFOS","TACNA","TACNA","TACNA","AV. BASADRE Y FORERO N° 2210","2026-08-08"
"155265","ESTACION DE SERVICIOS MENDOZA S.A.C","ESTACIÓN DE SERVICIOS / GRIFOS","LORETO","DATEM DEL MARAÑON","MANSERICHE","CARRETERA BAGUA A SARAMIRIZA KM 268+110 C.P. FELIX FLORES","2026-08-06"
"155305","ROJAS COLLAZOS BRIAN EDU","ESTACIÓN DE SERVICIOS / GRIFOS","LORETO","DATEM DEL MARAÑON","MANSERICHE","CARRETERA BAGUA A SARAMIRIZA KM 268+480 - CP FELIX FLORES","2026-08-04"
"155339","GRUPO FCR E.I.R.L.","ESTACIÓN DE SERVICIOS / GRIFOS","CUSCO","URUBAMBA","CHINCHERO","SECTOR PIURAY","2026-08-08"
"155377","INVERSIONES CHAMIZ E.I.R.L","ESTACIÓN DE SERVICIOS / GRIFOS","LA LIBERTAD","SANCHEZ CARRION","HUAMACHUCO","CARRETERA HUAMACHUCO-CAJABAMBA KM. 7, SECTOR CHAMIZ, PREDIO EL RYGRAS","2026-08-06"
"155476","GRUPO ENERGYMIN E.I.R.L.","ESTACIÓN DE SERVICIOS / GRIFOS","ANCASH","ANTONIO RAYMONDI","LLAMELLIN","CARRETERA LLAMELLIN - CHINGAS, BARRIO CANCANAN","2026-08-06"
"155528","ESTACIONES DE SERVICIOS SHINTY","ESTACIÓN DE SERVICIOS / GRIFOS","UCAYALI","PADRE ABAD","PADRE ABAD","CASERIO MIGUEL GRAU I ETAPA PARCELA N° 4 CARRETERA FEDERICO BASADRE KM. 453+850","2026-08-07"
"155613","SORIA GUEVARA DAVID ALFREDO","GRIFOS FLOTANTES","LORETO","UCAYALI","CONTAMANA","MARGEN DERECHA DEL RIO UCAYALI, EN LA LOCALIDAD DE CONTAMANA","2026-08-05"
"155798","GRIFOS ESPINOZA","EE.SS con GLP y GNV","LIMA","LIMA","SAN MARTIN DE PORRES","AV. TOMÁS VALLE, PARCELA F, SECCIÓN C.","2026-08-09"
"155863","ESTACIONES DE SERVICIOS OCAÑA S.A.C.","ESTACIÓN DE SERVICIOS / GRIFOS","CAJAMARCA","SAN IGNACIO","SAN IGNACIO","INTERSECCION AV. CIRCUNVALACION OESTE Y CALLE AREQUIPA MZ. B LOTE 1 - HAB. URBANA SAN IGNACIO DE LOYOLA","2026-08-06"
"155868","NUTRIGAS S.A.C.","ESTACIÓN DE SERVICIO CON GASOCENTRO DE GLP","ICA","PISCO","PISCO","SECTOR PACHINGA / PREDIO LOS LAURELES LOTE 2 Y 3 AV. FERMIN TANGUIS S/N","2026-08-07"
"155898","GROUP MACKRE E.I.R.L.","ESTACIÓN DE SERVICIOS / GRIFOS","APURIMAC","ANDAHUAYLAS","SANTA MARIA DE CHICMO","AV. LOS INCAS S/N, CENTRO POBLADO CASCABAMBA MZ. T LOTE 4.","2026-08-04"
"155911","COESTI S.A.","ESTACIÓN DE SERVICIO CON GASOCENTRO DE GLP","LIMA","LIMA","LURIN","SUB LOTE B-1 PARCELA RUSTICA FUNDO. CARRETERA PANAMERICANA SUR ALTURA KM 34.5 Y PLAYA ARICA","2026-08-09"
"155915","HERKA SOLUCIONES E.I.R.L.","ESTACIÓN DE SERVICIOS / GRIFOS","AREQUIPA","AREQUIPA","CHARACATO","FUNDO SAN FRANCISCO ROSADO Y LAS FLORES, PAGO DE CULCHAPAMPA","2026-07-28"
"155922","GRIFOS CHAVEZ E.I.R.L.","ESTACIÓN DE SERVICIOS / GRIFOS","CAJAMARCA","CAJAMARCA","CAJAMARCA","AV. VIA DE EVITAMIENTO NORTE NRO. 621 (ESQ. CON PROL. REVILLA PEREZ) SECTOR 06 BARRIO EL BOSQUE","2026-08-08"
"155968","ESTACION DE SERVICIOS PLAZA E.I.R.L.","ESTACIÓN DE SERVICIO CON GASOCENTRO DE GLP","LAMBAYEQUE","CHICLAYO","CHICLAYO","MZ. S1 LOTE 14 - URB. CIUDAD DEL CHOFER","2026-08-08"
"155994","SERVICENTRO GLOBAL EMPRESA INDIVIDUAL DE RESPONSABILIDAD LIMITADA","ESTACIÓN DE SERVICIOS / GRIFOS","CUSCO","CUSCO","SAN JERONIMO","CIRCUNVALACION NORTE S/N CALLE ALMUDENA","2026-08-08"
"156017","ESTACION DE SERVICIOS EL PATO E.I.R.L.","ESTACIÓN DE SERVICIOS / GRIFOS","HUANUCO","PUERTO INCA","CODO DEL POZUZO","CARRETERA MARGINAL-5N (CARRETERA A SAN JUAN DE CODO) MARGEN DERECHA, CON UU.CC 047180","2026-08-07"
"156081","SERVICENTRO PARTICIPACION","ESTACIÓN DE SERVICIOS / GRIFOS","LORETO","MAYNAS","BELEN","AV. LA PARTICIPACIÓN N° 1396","2026-08-07"
"156082","INVERSIONES ORIDOM E.I.R.L.","GRIFOS RURALES CON ALMACENAMIENTO EN CILINDROS","LORETO","MAYNAS","MAZAN","CENTRO POBLADO MAZAN SECTOR I MZ 7 LT 1","2026-07-27"
"156084","ESTACION DE SERVICIO DON ANTONIO SOCIEDAD COMERCIAL DE RESPONSABILIDAD LIMITADA","ESTACIÓN DE SERVICIOS / GRIFOS","PIURA","MORROPON","CHULUCANAS","SECTOR HUAPALAS, ZONA DE CORAZÓN DE JESÚS, CON RRCC 56447-01  CARRETERA A CHULUCANAS","2026-08-05"
"156096","CORPORACION EL PAISA E.I.R.L.","ESTACIÓN DE SERVICIOS / GRIFOS","CAJAMARCA","JAEN","PUCARA","CARRETERA FERNANDO BELAUNDE TERRY Y LA CALLE COMERCIO CUADRA N° 1 CASERIO PUENTE TECHIN","2026-08-05"
"156101","CORPORACION E INVERSIONES SAN MIGUEL S.A.C.","ESTACIÓN DE SERVICIO CON GASOCENTRO DE GLP","JUNIN","HUANCAYO","HUAYUCACHI","AV. AYACUCHO S/N  PARAJE UNCHUCALLAY KM 134-135 BARRIO DE QUILLISPATA","2026-08-05"
"156110","ESTACIÓN Y SERVICIOS GENERALES GRUPO VILLALOBOS S.A.C.","ESTACIÓN DE SERVICIOS / GRIFOS","APURIMAC","COTABAMBAS","HAQUIRA","SECTOR PUCAPUCA DE LA COMUNIDAD CAMPESINA HUISTAC , CARRETERA HAQUIRA-PATAN","2026-08-07"
"156131","JJ & MB INVERSIONES S.A.C.","ESTACIÓN DE SERVICIO CON GASOCENTRO DE GLP","HUANCAVELICA","HUANCAVELICA","HUANCAVELICA","CARRETERA CENTRAL HUANCAVELICA CASTROVIRREYNA KM. 3.4  CENTRO POBLADO DE CALLQUI CHICO","2026-08-09"
"156189","GO GRIFOS TUMI","ESTACIÓN DE SERVICIOS / GRIFOS","PUNO","AZANGARO","SAMAN","CARRETERA JULIACA - HUANCANÉ KM. 25+600, DESVÍO SAMAN","2026-08-07"
"156235","MULTISERVICIOS YANASARA S.A.C.","ESTACIÓN DE SERVICIOS / GRIFOS","LA LIBERTAD","SANCHEZ CARRION","HUAMACHUCO","CARRETERA HUAMACHUCO RETAMAS CASERIO YANASARA PREDIO EL ESPINO","2026-08-05"
"156245","ESTACION DE SERVICIOS SEÑOR DE HUANCA BPM SOCIEDAD ANONIMA CERRADA","ESTACIÓN DE SERVICIOS / GRIFOS","CUSCO","CANCHIS","CHECACUPE","CARRETERA CUSCO - SICUANI KM. 1068+720 PREDIO PICCO PUNUCHINA","2026-08-08"
"156323","ESTACION DE SERVICIOS ANSA S.A.C.","ESTACIÓN DE SERVICIOS / GRIFOS","LORETO","MAYNAS","SAN JUAN BAUTISTA","CALLE POMA ROSA S/N ESQUINA CON CALLE JERUSALÉN, DEL COMITÉ DE DESARROLLO COMUNAL POMA ROSA S - B","2026-08-09"
"156326","MULTIVENSERVIS A Y J PUQUIS E.I.R.L.","ESTACIÓN DE SERVICIOS / GRIFOS","PUNO","HUANCANE","TARACO","CARRETERA JULIACA - HUANCANE KM. 36+986 CENTRO POBLADO DE PUQUIS","2026-08-07"
"156403","EMPRESA DE TRANSPORTES DE PASAJEROS DE SERVICIO RAPIDO SEÑOR DE LA ASCENCION DE CACHUY Nº 1 S.A.","ESTACIÓN DE SERVICIOS / GRIFOS","LIMA","CAÑETE","SAN VICENTE DE CAÑETE","CARRETERA PANAMERICANA SUR KM. 145","2026-08-07"
"156522","GRIFO DEL PUEBLO","ESTACIÓN DE SERVICIO CON GASOCENTRO DE GLP","PIURA","PIURA","TAMBO GRANDE","SECTOR LOCUTO, CARRETERA A TAMBOGRANDE KM 21","2026-08-07"
"156603","SERGAS CHINCHA S.A.C.","ESTACIÓN DE SERVICIO CON GASOCENTRO DE GLP","ICA","CHINCHA","PUEBLO NUEVO","CENTRO POBLADO PUEBLO NUEVO MZ. 4 A LOTE 10 Y 11 ETAPA - I","2026-08-08"
"15664","COESTI S.A.","EE.SS con GLP y GNV","LIMA","LIMA","CHACLACAYO","AV. NICOLAS AYLLON N° 1500","2026-08-08"
"156656","XACT PERU S.A.C.","ESTACIÓN DE SERVICIOS / GRIFOS","AREQUIPA","AREQUIPA","CERRO COLORADO","AV. PERÚ N° 1806, MZ. 30, LOTE 2, ZONA G, CENTRO POBLADO SEMIRURAL PACHACUTEC GRUPO ZONAL N° 24 Y 25","2026-08-05"
"15666","TERPEL CHORRILLOS","EE.SS con GLP y GNV","LIMA","LIMA","CHORRILLOS","AV. GUARDIA CIVIL Nº 203 ESQUINA AV. LOS GORRIONES","2026-08-05"
"156711","MEGA ESTACION DE SERVICIOS LOS DELFINES S.A.","ESTACIÓN DE SERVICIO CON GASOCENTRO DE GLP","LIMA","BARRANCA","PATIVILCA","PREDIO RURAL 8-1958815-016846- SECTOR JAZMIN PROYECTO PREDIOS DE PATIVILCA","2026-08-08"
"156777","ESTACION DE SERVICIOS UCAYALI S.C.R.L","ESTACIÓN DE SERVICIO CON GASOCENTRO DE GLP","UCAYALI","ATALAYA","RAYMONDI","AV. TENIENTE MEJIA INTERSECCION CON JR. MARIO DENIS PEZO MZ. 61 LT. 1,2,3 SECTOR JUNTA VECINAL 08 DE OCTUBRE","2026-08-08"
"156860","GASOCENTRO AUFRA SOCIEDAD ANONIMA CERRADA","GASOCENTROS DE GLP","LIMA","LIMA","VILLA MARIA DEL TRIUNFO","AV. PROGRESO ESQ. JR. SIMON BOLIVAR PP. JJ. JOSE CARLOS MARIATEGUI MZ. N 5 LOTE 9 ETAPA SEGUNDA SECTOR SANTA ROSA Y BELEN P03097270","2026-08-09"
"15691","INVERSIONES SAN LUIS S.R.L.","ESTACIÓN DE SERVICIOS / GRIFOS","AREQUIPA","ISLAY","MOLLENDO","KM. 6 Y 7 CARRETERA A MOLLENDO - MEJIA","2026-08-06"
"156926","SOLIER REYNOSO RAUL HUMBERTO","ESTACIÓN DE SERVICIOS / GRIFOS","LIMA","CAÑETE","MALA","PARCELA 101A, UC 12167, LOTES 12 AL 6 PROYECTO SAN PEDRO DE MALA, SECTOR BUJAMA","2026-08-08"
"15693","PATCI S.R.L","ESTACIÓN DE SERVICIOS / GRIFOS","ANCASH","HUARAZ","INDEPENDENCIA","AV. CENTENARIO N° 1520","2026-08-05"
"156958","ESTACION DE SERVICIOS SACRAMENTO S.A.C","ESTACIÓN DE SERVICIO CON GASOCENTRO DE GLP","ICA","ICA","SUBTANJALLA","A.H. LOS MEDANOS MZ, J LT. 14 Y LT. SUB 8","2026-08-08"
"15699","SERVICIOS MULTIPLES YACUMAMA E.I.R.L.","ESTACIÓN DE SERVICIOS / GRIFOS","UCAYALI","CORONEL PORTILLO","YARINACOCHA","AV. YARINA Nº 2210","2026-08-08"
"156999","VILCA PINTO OLIGARIO","ESTACIÓN DE SERVICIOS / GRIFOS","PUNO","MELGAR","UMACHIRI","AV. AREQUIPA S/N","2026-08-05"
"157008","OLIVERA AREVALO MARIA MARFISA","GRIFOS RURALES CON ALMACENAMIENTO EN CILINDROS","SAN MARTIN","LAMAS","CUÑUMBUQUI","MZ. B LT. 2 URB. FUNDO SAN GABRIEL","2026-07-13"
"157010","GRIFO DIEGO E.I.R.L","ESTACIÓN DE SERVICIO CON GASOCENTRO DE GLP","SAN MARTIN","TOCACHE","NUEVO PROGRESO","CASERIO CUCARACHA MZ. C LOTES DEL 01 AL 10 - CARRETERA FERNANDO BELAUNDE TERRY","2026-08-09"
"15702","GRIFO DUJI E.I.R.L.","ESTACIÓN DE SERVICIOS / GRIFOS","PUNO","LAMPA","CALAPUJA","KM. 28 CARRETERA PANAMERICANA JULIACA - CUSCO","2026-08-07"
"15703","GASOCENTRO SAN JOSE E.I.R.L.","ESTACIÓN DE SERVICIO CON GASOCENTRO DE GLP","HUANUCO","AMBO","AMBO","CARRETERA CENTRAL KM. 383 HUAYLLA","2026-08-07"
"157041","SERVICENTRO PUERTO INCA S.A.C.","ESTACIÓN DE SERVICIOS / GRIFOS","HUANUCO","PUERTO INCA","PUERTO INCA","AV. BELLAVISTA CON AV. MICAELA BASTIDAS MZ. 92 - LT. 09-11","2026-08-09"
"15705","ESTACION DE SERVICIOS BERNABELW E.I.R.L.","ESTACIÓN DE SERVICIOS / GRIFOS","AYACUCHO","HUAMANGA","CARMEN ALTO","AV. MARISCAL CACERES N° 311","2026-08-09"
"15706","RC PLUS GRIFOS S.A.C.","ESTACIÓN DE SERVICIOS / GRIFOS","PUNO","HUANCANE","TARACO","KM. 30.8 CARRETERA JULIACA - HUANCANE","2026-07-31"
"157064","EMPRESA PERUANA DE HIDROCARBUROS APOLO S.A.C. - EMPEHI APOLO S.A.C.","ESTACIÓN DE SERVICIOS / GRIFOS","CUSCO","LA CONVENCION","PICHARI","PREDIO PAMPA HERMOSA CODIGO 217696 SECTOR OMAYA BAJA","2026-08-07"
"15707","AUTRISA AUTOMOTRIZ ANDINA S.A.","ESTACIÓN DE SERVICIO CON GASOCENTRO DE GLP","AREQUIPA","AREQUIPA","AREQUIPA","CALLE JUNÍN N° 107","2026-08-09"
"15708","GRUPO J&C FERNANDEZ S.A.C.","ESTACIÓN DE SERVICIOS / GRIFOS","CUSCO","ANTA","PUCYURA","AV. ROSARIO KM. 19.5 PUCYURA","2026-08-03"
"15710","M & B GRIFOS SEÑOR DE HUANCA S.R.L.","ESTACIÓN DE SERVICIOS / GRIFOS","PUNO","CARABAYA","MACUSANI","AV. CENTENARIO Nº 438. BARRIO MIRAFLORES (ANTES AV. CENTENARIO S/N)","2026-08-06"
"15712","ALGESER E.I.R.L.","ESTACIÓN DE SERVICIOS / GRIFOS","AREQUIPA","AREQUIPA","CERRO COLORADO","ESQUINA CALLES N° 1 Y N° 2, LOTES N° 1 Y 2, MZ A, URB. SAN JUAN","2026-08-08"
"15713","ESTACION DE SERVICIOS SEBASTIAN S.A.C","ESTACIÓN DE SERVICIO CON GASOCENTRO DE GLP","LA LIBERTAD","ASCOPE","PAIJAN","CALLE JESUS DE NAZARETH N° 501 - 506 MZ. B LT. 4 Y 5 DE AAHH. LOS CEDROS - CARRETERA PANAMERICANA NORTE KM. 604","2026-08-08"
"157131","KINGAS S.A.C.","ESTACIÓN DE SERVICIO CON GASOCENTRO DE GLP","LIMA","LIMA","PACHACAMAC","AV. VICTOR MALASQUEZ CHACALTANA KM. 9.8 QUEBRADA MANCHAY Y RETAMAL","2026-08-07"
"15714","GRIFOS EL CHE II S.R.L.","ESTACIÓN DE SERVICIO CON GASOCENTRO DE GLP","LA LIBERTAD","TRUJILLO","LAREDO","CARRETERA AL INTERIOR KM. 20 SECTOR QUIRIHUAC","2026-08-07"
"15715","GRIFO KALIN E.I.R.L.","ESTACIÓN DE SERVICIOS / GRIFOS","LA LIBERTAD","TRUJILLO","TRUJILLO","ESQ. AV. AMERICA SUR N° 895 Y JR. MARIANO MELGAR N° 411 URB. SANTO DOMINGUITO","2026-08-08"
"15716","LUBRICENTRO Y SERVICIOS SANTA FE S.R..L.","ESTACIÓN DE SERVICIOS / GRIFOS","AREQUIPA","CAYLLOMA","MAJES","AV. AREQUIPA S/N, LOTES 9, 10 Y 11 MZ 'W', VILLA EL PEDREGAL, SECTOR NORTE","2026-08-07"
"15717","COMBUSTIBLES NAXA S.A.C.","ESTACIÓN DE SERVICIOS / GRIFOS","PIURA","PIURA","LAS LOMAS","AV. PANAMERICANA S/N.","2026-08-09"
"157185","EE.SS. MOCUPE S.A.C.","ESTACIÓN DE SERVICIO CON GASOCENTRO DE GLP","LAMBAYEQUE","CHICLAYO","LAGUNAS","CARRETERA PANAMERICANA NORTE UC 19500 - PREDIO DOS HERMANOS - VALLE CHANCAY SECTOR MOCUPE","2026-08-08"
"157216","ESTACION DE SERVICIOS PISCIS SAC","ESTACIÓN DE SERVICIOS / GRIFOS","ICA","PALPA","LLIPATA","PREDIO RUSTICO EL PALMO SECTOR SAN ANTONIO U.C. 01651","2026-08-07"
"15722","JANET MERCEDES ROJAS APAZA","ESTACIÓN DE SERVICIOS / GRIFOS","PUNO","MELGAR","AYAVIRI","ESQUINA SAENZ PEÑA Y AV. TUPAC AMARU N° 102","2026-08-08"
"15723","ESTACION DE SERVICIO NEVADO S.R.L.","ESTACIÓN DE SERVICIO CON GASOCENTRO DE GLP","PIURA","PIURA","PIURA","AV. MÁRTIRES DE UCHURACCAY Y ESQUINA CON FERMIN MALAGA","2026-08-08"
"15725","COESTI SA","EE.SS con GLP y GNV","PROV. CONST. DEL CALLAO","PROV. CONST. DEL CALLAO","LA PERLA","AV. LA PAZ N° 2326","2026-08-08"
"15727","SERVICENTRO TOKIO E.I.R.L.","ESTACIÓN DE SERVICIOS / GRIFOS","PROV. CONST. DEL CALLAO","PROV. CONST. DEL CALLAO","BELLAVISTA","ESQ. AV. GUARDIA CHALACA Y AV. SAENZ PEÑA N° 1513 - 1531","2026-08-08"
"15728","GRIFO SAN IGNACIO SAC","ESTACIÓN DE SERVICIOS / GRIFOS","AREQUIPA","AREQUIPA","LA JOYA","PANAMERICANA SUR KM. 975, SECTOR SAN JOSE","2026-08-08"
"157280","GRIFOS DAROL","ESTACIÓN DE SERVICIOS / GRIFOS","PUNO","CARABAYA","MACUSANI","AV. CENTENARIO S/N BARRIO MIRAFLORES","2026-08-07"
"15729","SERVICENTRO SAN HILARION S.A","ESTACIÓN DE SERVICIO CON GASOCENTRO DE GLP","LIMA","LIMA","SAN JUAN DE LURIGANCHO","INTERSECCION AV. CANTOGRANDE Y AV. LAS FLORES DE PRIMAVERA","2026-08-04"
"15731","ESTACION DE SERVICIOS BOLIVAR S.A.","EE.SS con GLP y GNV","LIMA","LIMA","SANTIAGO DE SURCO","AV. SANTIAGO DE SURCO Nº 4420","2026-08-09"
"15732","ESTACIÓN BOLOGNESI S.R.L.","ESTACIÓN DE SERVICIO CON GASOCENTRO DE GLP","PIURA","PIURA","PIURA","INTERSECCION AV. BOLOGNESI 160 Y CALLE LIBERTAD","2026-08-08"
"157323","CONSORCIO DE SERVICIOS SR S.A.C.","ESTACIÓN DE SERVICIO CON GASOCENTRO DE GLP","LA LIBERTAD","TRUJILLO","HUANCHACO","AV. LOS COCOTEROS MZ. R2 LOTE 01, CENTRO POBLADO VICTOR RAUL HAYA DE LA TORRE, SECTOR LOS HUERTOS","2026-08-04"
"157346","SERVICENTRO IRROMA","ESTACIÓN DE SERVICIOS / GRIFOS","LORETO","MAYNAS","SAN JUAN BAUTISTA","AV. JOSE ABELARDO QUIÑONES MZ P LOTE 7 AAHH FRANCISCO SECADA VIGNETA ESQUINA CON CALLE CORPAC","2026-08-08"
"15736","ESTACION DE SERVICIOS CHALLE E.I.R.L.","ESTACIÓN DE SERVICIO CON GASOCENTRO DE GLP","PIURA","TALARA","PARIÑAS","AV. PROLONGACIÓN IGNACIO MERINO MZ. A-1, LOTE 3","2026-08-08"
"157362","CORPORACION PETRO CENTRO SOCIEDAD ANÓNIMA CERRADA","ESTACIÓN DE SERVICIOS / GRIFOS","PASCO","PASCO","YANACANCHA","AV PROCERES MZ N LOTE 3 ASOCIACION PROVIVIENDA NUEVO AMANECER PUCAYACU","2026-08-05"
"157392","ESTACION DE SERVICIOS V & P S.R.L.","ESTACIÓN DE SERVICIOS / GRIFOS","LAMBAYEQUE","LAMBAYEQUE","JAYANCA","AV. TUPAC AMARU N° 707 ( EX PANAMERICANA NORTE)","2026-08-05"
"157407","BIOPLUS ESTACION DE SERVICIO SAC","ESTACIÓN DE SERVICIO CON GASOCENTRO DE GLP","SAN MARTIN","TOCACHE","TOCACHE","JR. FREDY ALIAGA C-23 N° 2300 CON JR. CLEMENTE FASABI C-03 N° 398","2026-08-05"
"157420","AERO GAS DEL NORTE SOCIEDAD ANONIMA  CERRADA","ESTACIÓN DE SERVICIO CON GASOCENTRO DE GLP","LA LIBERTAD","OTUZCO","AGALLPAMPA","PREDIO YAMOBAMBA SECTOR YAMOBAMBA","2026-08-07"
"157548","PETGASOL ENERGY E.I.R.L.","ESTACIÓN DE SERVICIO CON GASOCENTRO DE GLP","LA LIBERTAD","TRUJILLO","EL PORVENIR","ESQUINA AV. 12 DE NOVIEMBRE CON AV. LAS MAGNOLIAS, BARRIO LA VICTORIA, AA.HH. NUEVA FLORENCIA DE MORA, MZ. D LOTES 12 Y 13","2026-08-08"
"157600","A & V NEGOCIACIONES JUSTO JUEZ E.I.R.L.","ESTACIÓN DE SERVICIOS / GRIFOS","PUNO","MELGAR","AYAVIRI","ESQUINA ENTRE LOS JIRONES ATAHUALPA Y TUPAC AMARU SUB LOTE 1-A, MZ. G","2026-08-07"
"157637","GRIFO RODRICH CT E.I.R.L.","ESTACIÓN DE SERVICIOS / GRIFOS","PUNO","CHUCUITO","DESAGUADERO","CARRETERA DESAGUADERO - ILO N° 1693, BARRIO JOSE MARIA ARGUEDAS","2026-08-07"
"157664","PETRO CABALLOCOCHA S.A.C.","GRIFOS FLOTANTES","LORETO","MARISCAL RAMON CASTILLA","RAMON CASTILLA","MARGEN DERECHA DEL LAGO CABALLOCOCHA EN LA LOCALIDAD DE CABALLOCOCHA","2026-07-31"
"157764","CENTER GAS SAC","ESTACIÓN DE SERVICIO CON GASOCENTRO DE GLP","LIMA","LIMA","ANCON","PANAMERICANA NORTE KM 44.5, SUB LOTE A-1 ASOCIACION DE PRODUCTORES INDUSTRIALES PECUARIOS DE ANCÓN","2026-08-08"
"157800","GRIFOS HARP","ESTACIÓN DE SERVICIOS / GRIFOS","PUNO","AZANGARO","CAMINACA","CARRETERA JULIACA - HUANCANE KM. 16+30 PREDIO RURAL DENOMINADO SAN BARTOLOME N° 50-A","2026-08-08"
"157803","APAZA HANCCO ELOY GUILLERMO","ESTACIÓN DE SERVICIOS / GRIFOS","CUSCO","CUSCO","SAN JERONIMO","COMUNIDAD CAMPESINA DE PILLAO MZ. S-1","2026-08-03"
"157808","GRIFO VESNA","ESTACIÓN DE SERVICIOS / GRIFOS","JUNIN","HUANCAYO","HUALHUAS","CARRETERA CENTRAL - MARGEN IZQUIERDA KM 10","2026-08-08"
"157857","GRIFO JACH'A PAMPA","ESTACIÓN DE SERVICIOS / GRIFOS","PUNO","EL COLLAO","ILAVE","AV. FLORAL N° 1195-1197 ESQUINA CON LA AV. RAMÓN CASTILLA N° 694-696","2026-08-06"
"157873","ENRIQUEZ HUACAÑA ESTHER","ESTACIÓN DE SERVICIOS / GRIFOS","AYACUCHO","LA MAR","ANCO","CARRETERA SAN ANTONIO - KINTIPIRI","2026-08-04"
"157895","ESTACION DE SERVICIOS VALEFABRI","ESTACIÓN DE SERVICIOS / GRIFOS","UCAYALI","CORONEL PORTILLO","MANANTAY","AV. AVIACION ESQUINA CON CALLE 8 DE DICIEMBRE MZ. C LOTE NRO 16 A.H. VIRGEN DE LA PURISIMA","2026-08-08"
"157999","NEGOCIACIONES Y COMERCIALIZACION BAHUBALI S.A.C.","GRIFOS FLOTANTES","LORETO","MAYNAS","PUNCHANA","MARGEN DERECHA DEL RIO ITAYA","2026-08-05"
"158054","GRUPO PETROLEOS DORADOS S.R.L.","ESTACIÓN DE SERVICIOS / GRIFOS","PUNO","SANDIA","ALTO INAMBARI","PROLONGACIÓN JR. PALMERAS S/N","2026-08-05"
"158151","GASOLINERAS DEL NORTE E.I.R.L.","ESTACIÓN DE SERVICIO CON GASOCENTRO DE GLP","PIURA","SULLANA","MIGUEL CHECA","VALLE DEL MEDIO PIURA, SECTOR PAMPA DE CONGORA C.P., PARC. PREDIO SAN MIGUEL U.C 124383 MARGEN IZQUIERDA KM 14, CARRETERA PIURA - PAITA","2026-08-04"
"158170","ESTACION AYLLU S.A.C.","ESTACIÓN DE SERVICIO CON GASOCENTRO DE GLP","LIMA","LIMA","SAN JUAN DE LURIGANCHO","AV. SANTA ROSA S/N Y JR. PARQUINSONIAS MZ. D LOTE 5 URB. CANTO GRANDE UNIDAD 17","2026-08-09"
"158183","GROUP MACKRE E.I.R.L.","ESTACIÓN DE SERVICIOS / GRIFOS","APURIMAC","CHINCHEROS","ANCO-HUALLO","AV. LOS INCAS S/N  CENTRO POBLADO URIPA","2026-08-08"
"158216","ESTACION DE SERVICIOS LAS ORQUIDEAS & JC E.I.R.L.","ESTACIÓN DE SERVICIOS / GRIFOS","PASCO","OXAPAMPA","POZUZO","AV. REVERENDO PADRE JOSE EGG, SUB LOTE 8B","2026-08-05"
"158221","CULQUI HUAMAN EISTEN","GRIFOS RURALES CON ALMACENAMIENTO EN CILINDROS","AMAZONAS","CHACHAPOYAS","LA JALCA","JR. AMAZONAS S/N, CARRETERA NUEVA ESPERANZA  SECTOR OYAN, LA JALCA GRANDE","2026-08-04"
"158236","COMUNIDAD CAMPESINA DE MARKJO","ESTACIÓN DE SERVICIOS / GRIFOS","CUSCO","ANTA","ANTA","CARRETERA IZCUCHACA - HUAROCONDO","2026-08-05"
"158239","TERPEL PERU S.A.C","ESTACIÓN DE SERVICIOS / GRIFOS","LIMA","LIMA","SAN MIGUEL","AV. ELMER FAUCETT NRO. 320 MZ. C LOTE 25, URB. MARANGA V ETAPA","2026-08-07"
"158276","ESTACION PENTAC","ESTACIÓN DE SERVICIOS / GRIFOS","UCAYALI","CORONEL PORTILLO","YARINACOCHA","CARRETERA FEDERICO BASADRE KM. 14.500","2026-08-08"
"158279","NUESTRO GRIFO AGAMA SAC","ESTACIÓN DE SERVICIOS / GRIFOS","MOQUEGUA","MARISCAL NIETO","MOQUEGUA","CARRETERA A TOQUEPALA KM.3 PREDIO CHILICANE","2026-08-09"
"158328","ESTACION DE SERVICIOS SAN JOSE ORIENTE S.A.C.","ESTACIÓN DE SERVICIOS / GRIFOS","UCAYALI","CORONEL PORTILLO","YARINACOCHA","CARRETERA FEDERICO BASADRE KM. 12.3","2026-08-08"
"158339","SERVICENTRO DOMI E.I.R.L","ESTACIÓN DE SERVICIOS / GRIFOS","UCAYALI","CORONEL PORTILLO","YARINACOCHA","JR. ANDALUCIA ESQUINA CON JORGE CHAVEZ MZ. 58 LT. 06 CENTRO POBLADO SAN PABLO DE TUSHMO","2026-08-07"
"158400","INVERSIONES MCV SOCIEDAD ANONIMA CERRADA","ESTACIÓN DE SERVICIOS / GRIFOS","LAMBAYEQUE","LAMBAYEQUE","TUCUME","CALLE FEDERICO VILLAREAL S/N CP LA RAYA","2026-08-08"
"158476","SERVICENTRO JPHV S.A.C.","ESTACIÓN DE SERVICIO CON GASOCENTRO DE GLP","LIMA","CANTA","SANTA ROSA DE QUIVES","CARRETERA LIMA  CANTA KM. 36.85","2026-08-07"
"158478","SUPER SERVICENTRO SEÑOR DE CCOYLLORITTI SOCIEDAD COMERCIAL DE RESPONSABILIDAD LIMITADA","GRIFOS FLOTANTES","MADRE DE DIOS","TAMBOPATA","LABERINTO","MARGEN DERECHA DEL RÍO MADRE DE DIOS, SECTOR LABERINTO","2026-08-08"
"158485","GAS SHOP MOCUPE E.I.R.L.","ESTACIÓN DE SERVICIO CON GASOCENTRO DE GLP","LAMBAYEQUE","CHICLAYO","LAGUNAS","KILÓMETRO 747.160 PANAMERICANA NORTE - CENTRO POBLADO NUEVO MOCUPE","2026-08-05"
"158506","GRIFO PATITO EMPRESA INDIVIDUAL DE RESPONSABILIDAD LIMITADA","ESTACIÓN DE SERVICIOS / GRIFOS","LORETO","MAYNAS","SAN JUAN BAUTISTA","CARRETERA IQUITOS-NAUTA KM 39+760 CASERIO NUEVO HORIZONTE","2026-08-07"
"158510","ESTACION DE SERVICIOS PETROGAS PANGOA EMPRESA INDIVIDUAL DE RESPONSABILIDAD LIMITADA","ESTACIÓN DE SERVICIO CON GASOCENTRO DE GLP","JUNIN","SATIPO","PANGOA","CARRETERA MARGINAL PANGOA - MAZAMARI S/N C.P. CHAVINI","2026-08-08"
"158521","EMPRESA DE TRANSPORTES LDA CCORI S.R.L","ESTACIÓN DE SERVICIOS / GRIFOS","PUNO","LAMPA","CALAPUJA","CARRETERA CALAPUJA AZANGARO KM 2+630 PARCIALIDAD COLLANA SAN SEBASTIAN","2026-08-05"
"158651","GRIFO BARRANCA VIP S.A.C.","ESTACIÓN DE SERVICIO CON GASOCENTRO DE GLP","LIMA","BARRANCA","BARRANCA","CARRETERA NUEVA PANAMERICANA NORTE S/N KM. 193+800, PARCELA CHIU CHIU, NUEVA ESPERANZA","2026-08-07"
"158661","SERVICIOS VISTA FLORIDA S.A.C.","ESTACIÓN DE SERVICIO CON GASOCENTRO DE GLP","ICA","ICA","PARCONA","URB. VALLE ICA, SECTOR FLORIDA, LOTE 03 PARCELA 13, CARRETERA A PARCONA S/N","2026-08-09"
"158697","GRIFO JOAR S.R.L.","ESTACIÓN DE SERVICIO CON GASOCENTRO DE GLP","PASCO","OXAPAMPA","OXAPAMPA","AV SAN MARTIN S/N SECTOR 7F MIRAFLORES","2026-08-08"
"158748","GRIFO Y SERVICIOS MAYLO II E.I.R.L.","ESTACIÓN DE SERVICIO CON GASOCENTRO DE GLP","PIURA","SECHURA","SECHURA","CARRETERA SECHURA - PARACHIQUE KM. 87","2026-08-08"
"158749","UCV GRIFOS S.R.L.","ESTACIÓN DE SERVICIOS / GRIFOS","PIURA","PIURA","CASTILLA","URB. MIRAFLORES MZ A LOTES 3, 4 Y 6","2026-08-08"
"158758","TRANSROMER EIRL","GRIFOS FLOTANTES","LORETO","MAYNAS","IQUITOS","MARGEN DERECHA DEL RIO ITAYA","2026-08-08"
"158791","NATIVIDAD MARTA MANCHA GONZALES","ESTACIÓN DE SERVICIOS / GRIFOS","PUNO","SAN ROMAN","JULIACA","ESQUINA AVENIDA NICOLAS OTTO CON JR. ANTONY PERKIN S/N URB. TASA","2026-08-08"
"158799","GRIFO ALLYN","ESTACIÓN DE SERVICIOS / GRIFOS","PUNO","AZANGARO","AZANGARO","JR. LUIS RIVAROLA N° 1190, ESQ. CON JR. VÍA ALTERNA DE LA CARRETERA INTEROCEÁNICA BARRIO LIZANDRO LUNA","2026-08-05"
"158816","GRIFO TONYGAS","ESTACIÓN DE SERVICIOS / GRIFOS","PUNO","EL COLLAO","ILAVE","JR. 04 DE JUNIO ESQ. ENRIQUE GALLEGOS DEL BARRIO SAN MARTIN","2026-08-07"
"158854","SERVICENTRO EL COLONO S.A.C.","ESTACIÓN DE SERVICIOS / GRIFOS","AREQUIPA","CAYLLOMA","MAJES","LOTES N° 7 Y 8, SECTOR 3, ASENTAMIENTO CIUDAD MAJES, MODULO A","2026-08-05"
"158881","OYOLA AYALA CORNELIO ROBERTO","ESTACIÓN DE SERVICIOS / GRIFOS","ANCASH","CARLOS F. FITZCARRALD","SAN LUIS","AV. LOS HEROES S/N","2026-08-07"
"158904","SELVA SUR","ESTACIÓN DE SERVICIOS / GRIFOS","PUNO","SAN ROMAN","CARACOTO","AV. LIMA S/N PREDIO QUINSA CHIJI MOCCO","2026-08-08"
"158924","TO GO SERVIS S.A.C.","ESTACIÓN DE SERVICIOS / GRIFOS","UCAYALI","CORONEL PORTILLO","YARINACOCHA","JR. ALFONSO UGARTE ESQUINA CON JR. IPARIA MZ. 145 LT. 1B","2026-08-08"
"158937","ESTACION DE SERVICIO FAMAY","ESTACIÓN DE SERVICIOS / GRIFOS","PUNO","SAN ROMAN","SAN MIGUEL","URB. VILLA UNIVERSITARIA MZ. K-1, LTE. N° 4 Y 5, CENTRO POBLADO DE SANTA JARIA DE AYABACAS","2026-08-08"
"158944","INVERSIONES GENERALES Y EE. SS. NURAN","ESTACIÓN DE SERVICIOS / GRIFOS","APURIMAC","COTABAMBAS","HAQUIRA","CARRETERA HAQUIRA - CHALLHUAHUACHO S/N SECTOR COMUNIDAD ANEXA OCCRAÑAHUIN","2026-08-09"
"158945","MALAVER SALAZAR ASOCIADOS S.A.C.","ESTACIÓN DE SERVICIOS / GRIFOS","CAJAMARCA","CAJAMARCA","CAJAMARCA","AV. LA PAZ N° 906-908 ESQUINA JR. ARGENTINA N° 394-396-398","2026-08-08"
"158967","GRIFO YANGAS","ESTACIÓN DE SERVICIOS / GRIFOS","LIMA","CANTA","SANTA ROSA DE QUIVES","PREDIO BENDITA MAGDALENA UC 04169","2026-08-06"
"158979","COESTI S.A.","ESTACIÓN DE SERVICIO CON GASOCENTRO DE GLP","PROV. CONST. DEL CALLAO","PROV. CONST. DEL CALLAO","CALLAO","AV. NÉSTOR GAMBETTA ESQUINA CALLE Nº 01 MZ A LOTES 01 Y 02 PROGRAMA DE VIVIENDA ACUARIO","2026-08-09"
"159018","INVERSIONES GENERALES ORO NEGRO E.I.R.L.","ESTACIÓN DE SERVICIOS / GRIFOS","PUNO","MELGAR","ORURILLO","CARRETERA CAYRAHUIRE - ORURILLO, KILOMETRO 14 INTERSECCIÓN CON TROCHA CARROZABLE HACIA C.P. BALSASPATA","2026-08-06"
"159047","GRIFO DE COMBUSTIBLES  EL CHACARERO","ESTACIÓN DE SERVICIOS / GRIFOS","CAJAMARCA","SAN MIGUEL","SAN MIGUEL","PROLONG. 28 DE JULIO S/N (INTERSECCION PROL. PEDRO NOVOA Y CARRETERA AL CASERIO DE CALQUIS Y CASERIO SANTA ROSA)","2026-08-08"
"159062","COMBUSTIBLES JESUS DAVID & SERVICIOS GENERALES E.I.R.L.","ESTACIÓN DE SERVICIOS / GRIFOS","PIURA","SULLANA","BELLAVISTA","CALLE BERNAL MZA. 68 LOTE 119","2026-08-07"
"159114","GRIFOS FLORES E.I.R.L","ESTACIÓN DE SERVICIOS / GRIFOS","CAJAMARCA","SAN MARCOS","JOSE SABOGAL","SECTOR ASUNCION - LOTE S/N","2026-07-17"
"159135","SEGUNDO DANIEL IDROGO BUSTAMANTE","ESTACIÓN DE SERVICIOS / GRIFOS","CAJAMARCA","CHOTA","CHOTA","U.C.N N° 19773 - LA PLAYA - SECTOR AGAISBAMBA","2026-08-05"
"159185","DURAMAX","ESTACIÓN DE SERVICIOS / GRIFOS","PUNO","AZANGARO","ARAPA","CARRETERA JULIACA - ARAPA KM. 35+200","2026-08-07"
"159186","GRIFO PILARES","ESTACIÓN DE SERVICIOS / GRIFOS","PUNO","HUANCANE","HUANCANE","JR. 19 DE SETIEMBRE N° 201, ESQ- CON JR. JOSE INCLAN S/N MZ. C LTE 8 BARRIO PROGRESO","2026-08-08"
"159220","INVERSIONES LEO G&C S.A.C.","ESTACIÓN DE SERVICIOS / GRIFOS","CUSCO","CANCHIS","SICUANI","PREDIO RUSTICO CULLOMOCCO, SECTOR ONOCCORA B CRUZCUNCA","2026-08-06"
"159262","EMPRESA Y SERVICIOS PETROLEOS SELVA S.A.C.","GRIFOS FLOTANTES","LORETO","LORETO","NAUTA","MARGEN IZQUIERDO DEL RIO MARAÑON, EN LA LOCALIDAD DE NAUTA","2026-08-06"
"159271","PESQUERA ALTAIR S.A.C.","GRIFOS FLOTANTES","PIURA","PAITA","PAITA","SUB LOTE A ZONA INDUSTRIAL III, SECTOR TIERRA COLORADA","2026-08-03"
"159315","GRUPO D' GUADALUPE S.A.C.","ESTACIÓN DE SERVICIOS / GRIFOS","CUSCO","QUISPICANCHI","OROPESA","SECTOR PAMPA HERMITA MZ. B LT. 8","2026-08-08"
"159361","CORPORACION Y SERVICIOS G & H SYR'S SOCIEDAD ANONIMA CERRADA","ESTACIÓN DE SERVICIOS / GRIFOS","PUNO","SAN ROMAN","JULIACA","CARRETERA JULIACA - AREQUIPA KM. 5+00 - COMUNIDAD CENTRAL ESQUEN","2026-08-09"
"159399","ESTACION DE SERVICIOS VIVA SOCIEDAD ANONIMA CERRADA","ESTACIÓN DE SERVICIOS / GRIFOS","AMAZONAS","UTCUBAMBA","EL MILAGRO","CARRETERA FERNANDO BELAUNDE TERRY KM. 198 + 817 - CASERÍO SIEMPRE VIVA","2026-08-08"
"159409","ESTACION DE SERVICIOS PASTOR S.R.LTDA.","ESTACIÓN DE SERVICIOS / GRIFOS","HUANUCO","HUANUCO","PILLCO MARCA","PARCELA N° 108 PREDIO RURAL ANDABAMBA, FRENTE A LA VIA REGIONAL HUANUCO LIMA KM 7+226","2026-08-08"
"159462","NICANOR LOAYZA ENRIQUEZ","ESTACIÓN DE SERVICIOS / GRIFOS","CUSCO","CHUMBIVILCAS","SANTO TOMAS","AV. EMANCIPACION  SECTOR QQENQO PUCA PUCA MZ B 11","2026-08-03"
"159483","GRIFO 4A E.I.R.L.","ESTACIÓN DE SERVICIO CON GASOCENTRO DE GLP","LAMBAYEQUE","LAMBAYEQUE","OLMOS","CASERIO LOS PANALES - CARRETERA OLMOS A PIURA KM 84","2026-08-08"
"159485","ESTACION DE SERVICIOS GRUPO A & T PERU SOCIEDAD ANONIMA CERRADA","ESTACIÓN DE SERVICIO CON GASOCENTRO DE GLP","APURIMAC","ANDAHUAYLAS","SAN JERONIMO","CARRETERA ANDAHUAYLAS - ABANCAY SECTOR SONDOR","2026-08-08"
"159603","ESTACION DE SERVICIOS DOMINGUEZ E.I.R.L.","ESTACIÓN DE SERVICIO CON GASOCENTRO DE GLP","HUANUCO","LEONCIO PRADO","DANIEL ALOMIA ROBLES","PARCELA N° 30250 SECTOR LOS PEREGRINOS","2026-08-09"
"159642","MULTISERVICIOS GUAPISIMO S.A.C.","ESTACIÓN DE SERVICIOS / GRIFOS","CUSCO","CUSCO","SAYLLA","PREDIO RUSTICO DENOMINADO LA PAMPLONA UC 19510 SECTOR CONDEBAMBA VALLE HUATANAY","2026-08-03"
"159648","GASOLINERA YANUYACU S.R.L.","ESTACIÓN DE SERVICIOS / GRIFOS","CAJAMARCA","JAEN","JAEN","CARRETERA JAEN -SAN IGNACIO KM 26+401","2026-08-07"
"159649","PAUCAR LEON JEANETH GABRIELA","ESTACIÓN DE SERVICIOS / GRIFOS","JUNIN","CHANCHAMAYO","PERENE","CARRETERA MARGINAL (KM. 15.8 DESDE PICHANAQUI A LA MERCED - SECTOR KIVINAKI)","2026-08-08"
"159680","ESTACION DE SERVICIOS JUAN VILLARREAL","ESTACIÓN DE SERVICIOS / GRIFOS","LA LIBERTAD","SANCHEZ CARRION","HUAMACHUCO","CARRETERA HUAMACHUCO - CAJABAMBA KM 7 + 320, CASERIO SAUSACOCHA","2026-08-05"
"159686","EMPRESA DE TRANSPORTES Y COMBUSTIBLES LUZMY S.A.C.","ESTACIÓN DE SERVICIOS / GRIFOS","LAMBAYEQUE","CHICLAYO","TUMAN","SECTOR LOS GIRASOLES PAMPA EL TORO, CARRETERA CHICLAYO - CHONGOYAPE KM. 22.77","2026-08-08"
"159688","ESTACIÓN DE SERVICIOS MAZAMARI E.I.R.L.","ESTACIÓN DE SERVICIO CON GASOCENTRO DE GLP","JUNIN","SATIPO","MAZAMARI","CARRETERA MARGINAL PUERTO OCOPA KM 23+660","2026-08-08"
"159696","GRIFO FLOR ARICOMA E & G EMPRESA INDIVIDUAL DE RESPONSABILIDAD LIMITADA","ESTACIÓN DE SERVICIOS / GRIFOS","PUNO","AZANGARO","POTONI","AV. BRASIL S/N ESQ CON JR. JUNIN, URB NUEVA ALIANZA C.P. CARLOS GUTIERREZ","2026-08-07"
"159700","GRIFO EL AMIGO","ESTACIÓN DE SERVICIOS / GRIFOS","PUNO","SAN ROMAN","JULIACA","URB. SAN PAULINO LTS. 4 Y 5 DE LA MZ. J, JR. TUPAC YUPANQUI. ESQ. JR. SAN MARCOS","2026-08-07"
"159708","ESTACION DE SERVICIOS COOPERATIVA COMUNAL HUAYLLAY S.A.","ESTACIÓN DE SERVICIOS / GRIFOS","PASCO","PASCO","HUAYLLAY","JR PROGRESO S/N MZ I LOTE 1 SECT. BARRIO HUALGAYGAGA","2026-08-06"
"159717","DE LA CRUZ REYES DARIO","GRIFOS RURALES CON ALMACENAMIENTO EN CILINDROS","LORETO","UCAYALI","PAMPA HERMOSA","CARRETERA A ALTO CONTAMANA - CP NUEVO LORETO","2026-08-08"
"159732","MIRWAL SERVICES S.A.C.","ESTACIÓN DE SERVICIOS / GRIFOS","PIURA","PAITA","COLAN","CARRETERA PANAMERICANA NORTE PIURA - PAITA KM. 36 LOTE 2 MZ. 1 SECTOR PARTE ALTA","2026-08-05"
"159746","E.E.S.S. MALDONADO","ESTACIÓN DE SERVICIOS / GRIFOS","JUNIN","SATIPO","MAZAMARI","INTERSECCIÓN DE LA AV. PRIMAVERA CON LA AV. A. BOTTO BERNALES S/N","2026-08-08"
"159757","X TRAM S.A.C.","ESTACIÓN DE SERVICIOS / GRIFOS","LORETO","REQUENA","REQUENA","CALLE PADRE GINER S/N LT 9 MZ 19","2026-08-07"
"159764","SERVICENTRO FRANK S.A.C.","ESTACIÓN DE SERVICIO CON GASOCENTRO DE GLP","HUANUCO","LEONCIO PRADO","JOSE CRESPO Y CASTILLO","CARRETERA FERNANDO BELAUNDE TERRY KM 2.5 SECTOR GRAN UNIDAD MICAELA BASTIDAS CC PP - AUCAYACU","2026-08-05"
"159777","GRIFO PETRO ORIENTE S.A.C.","GRIFOS FLOTANTES","UCAYALI","CORONEL PORTILLO","CALLERIA","MARGEN DERECHO DEL RIO UCAYALI","2026-08-08"
"159817","ESTACION DE SERVICIO YAFER S.A.C.","ESTACIÓN DE SERVICIOS / GRIFOS","UCAYALI","CORONEL PORTILLO","CALLERIA","CARRETERA FEDERICO BASADRE MZ A LT 01 URBANIZACION SANTA MARINA","2026-08-08"
"159826","GRIFOS GRUPO YERCO S.R.L.","ESTACIÓN DE SERVICIOS / GRIFOS","PUNO","SAN ROMAN","JULIACA","AV. ANDRES AVELINO CACERES N° 305 URB. SANTA ADRIANA","2026-08-06"
"159831","FERNANDO CORONADO TORRES","ESTACIÓN DE SERVICIOS / GRIFOS","CAJAMARCA","CUTERVO","SOCOTA","LOTE 5 MZ. 24, CALLE ELEUTERIO DELGADO S/N ESQUINA CON PROLONGACION CHE GUEVARA","2026-08-04"
"159860","ESTACION DE SERVICIO GALLITO DE LAS ROCAS EMPRESA INDIVIDUAL DE RESPONSABILIDAD LIMITADA","ESTACIÓN DE SERVICIOS / GRIFOS","CUSCO","PAUCARTAMBO","KOSÑIPATA","PREDIO SANTA ROSA MARURI, PARCELA 7 SECTOR PILLCOPATA","2026-08-07"
"159878","ESTACION DE SERVICIOS BARRANCA","ESTACIÓN DE SERVICIO CON GASOCENTRO DE GLP","LIMA","BARRANCA","BARRANCA","SECTOR PAYCUAN EPS NUEVA ESPERANZA NUMERO DE PARCELA 59, CODIGO CATASTRAL 8 1958810 03536 PROYECTO NUEVA ESPERANZA","2026-08-08"
"159889","GRIFO RURAL ANITA","GRIFOS RURALES CON ALMACENAMIENTO EN CILINDROS","JUNIN","TARMA","PALCA","CARRETERA CENTRAL TARMA - CHANCHAMAYO S/N","2026-08-09"
"159897","NEGOCIOS  DECIEL EIRL","ESTACIÓN DE SERVICIOS / GRIFOS","TUMBES","TUMBES","TUMBES","CARRETERA VIA DE EVITAMIENTO CIRCUNVALACION S/N SECTOR VALLE HERMOSO","2026-08-05"
"159917","NEGOCIOS GLOBALES YAMED EMPRESA INDIVIDUAL DE RESPONSABILIDAD LIMITADA","ESTACIÓN DE SERVICIOS / GRIFOS","PUNO","HUANCANE","TARACO","ANTA RELAVE CCOJE MORRE SECTOR SACASCO CARRETERA JULIACA - HUANCANÉ KM. 32+160","2026-08-08"
"159971","FELDECON E.I.R.L.","ESTACIÓN DE SERVICIOS / GRIFOS","LA LIBERTAD","GRAN CHIMU","CASCAS","PREDIO SAN JUAN I SECTOR COJITAMBO","2026-08-07"
"159994","H M PETROL","ESTACIÓN DE SERVICIOS / GRIFOS","PUNO","SAN ROMAN","JULIACA","AV. FERROCARRIL ESQ. CON FELIBERTO QUISPE ZEA MZ. I LT. 05 Y PARTE DEL LT. 04 URB. COSTA ALEGRE","2026-08-05"
"160002","CORPORACION FERNANDO S EIRL","ESTACIÓN DE SERVICIO CON GASOCENTRO DE GLP","JUNIN","SATIPO","SATIPO","CARRETERA MARGINAL SATIPO - MAZAMARI S/N SECTOR BAJO TIMARINI","2026-08-08"
"160007","ESTACION DE SERVICIOS EL POTRILLO PIEDRA BLANCA","ESTACIÓN DE SERVICIOS / GRIFOS","LIMA","HUAURA","CHECRAS","CASERIO DE PIEDRA BLANCA S/N LACSAURA","2026-08-05"
"160021","ESTACION DE SERVICIOS MAR AZUL E.I.R.L.","ESTACIÓN DE SERVICIOS / GRIFOS","CAJAMARCA","CAJAMARCA","CAJAMARCA","PREDIO AGRARIO N° 10 DE LA COOPERATIVA AGRARIA DE TRABAJADORES LOS AYLLUS","2026-08-07"
"160069","EMPRESA DE TRANSPORTES JUNELY SAC","ESTACIÓN DE SERVICIOS / GRIFOS","UCAYALI","CORONEL PORTILLO","CALLERIA","AV. TUPAC AMARU ESQUINA CON CALLE 8","2026-08-09"
"160114","ESTACION DE SERVICIOS EL SOL DE PUCCHUN S.A.C.","ESTACIÓN DE SERVICIO CON GASOCENTRO DE GLP","AREQUIPA","CAMANA","MARISCAL CACERES","CENTRO POBLADO SANTA MÓNICA, ZONA A, MZ. H, SUB-LOTE 2, CARRETERA PANAMERICANA SUR S/N","2026-08-09"
"160153","GRIFO SERVIS GUEVARA & CIA EMPRESA INDIVIDUAL DE RESPONSABILIDAD LIMITADA","ESTACIÓN DE SERVICIOS / GRIFOS","PUNO","PUNO","PAUCARCOLLA","CARRETERA PUNO - JULIACA KM. 19+350 PARCIALIDAD YANICO CHIJIMOCCO PAMPA","2026-08-09"
"160167","INVERSIONES LEIVA E.I.R.L.","ESTACIÓN DE SERVICIOS / GRIFOS","SAN MARTIN","MARISCAL CACERES","JUANJUI","CARRETERA FERNANDO BELAUNDE TERRY KM 752.20","2026-08-05"
"160174","JODIMAG E.I.R.L","ESTACIÓN DE SERVICIOS / GRIFOS","SAN MARTIN","SAN MARTIN","CACATACHI","CARRETERA FERNANDO BELAUNDE TERRY ESQ. JR. SAN MARTIN","2026-08-06"
"160221","GRUPO COMERCIAL E INVERSIONES SANTA CLARA E.I.R.L.","ESTACIÓN DE SERVICIOS / GRIFOS","CAJAMARCA","SAN MIGUEL","TONGOD","JR. PROLONGACION AYACUCHO","2026-08-07"
"160235","CORPORACION FERRETERA DEL NORTE S.A.C.","ESTACIÓN DE SERVICIO CON GASOCENTRO DE GLP","LAMBAYEQUE","CHICLAYO","LA VICTORIA","AV. PAUL HARRIS NRO. 1995","2026-08-09"
"160274","PETROBAMBAS ESCORPION 1 S.A.C.","ESTACIÓN DE SERVICIOS / GRIFOS","CUSCO","PARURO","CCAPI","CARRETERA CUSCO - COYABAMBA KM. 105","2026-08-08"
"16028","GLOBAL FUEL SOCIEDAD ANONIMA","ESTACIÓN DE SERVICIOS / GRIFOS","LIMA","LIMA","RIMAC","AV. SAMUEL ALCAZAR N° 801","2026-08-07"
"160286","HERKA SOLUCIONES EIRL","ESTACIÓN DE SERVICIOS / GRIFOS","AREQUIPA","CAMANA","MARIANO NICOLAS VALCARCEL","CALLE OCOÑA Y URINSAYA, AA. HH. CARLOS PORTOCARRERO DONGO","2026-07-30"
"160291","TRANSPORTES MB E.I.R.L.","ESTACIÓN DE SERVICIOS / GRIFOS","LAMBAYEQUE","LAMBAYEQUE","OLMOS","PARCELA 2543 LOTE 08 SECTOR EL MUERTO CARRETERA OLMOS","2026-08-07"
"160295","MULTISERVICIOS SAUÑE E.I.R.L.","ESTACIÓN DE SERVICIOS / GRIFOS","APURIMAC","ANDAHUAYLAS","ANDAHUAYLAS","INTERSECCION DE LA AV. SESQUICENTENARIO CON AV. PARHUAS","2026-08-06"
"16032","JUSTO CESAR AYBAR BELLIDO ","ESTACIÓN DE SERVICIOS / GRIFOS","LIMA","HUARAL","HUARAL","AV. CIRCUNVALACION Y AV. LOS NATURALES","2026-08-07"
"160350","GRIFO BOLIVAR","ESTACIÓN DE SERVICIOS / GRIFOS","APURIMAC","COTABAMBAS","TAMBOBAMBA","CARRETERA COTABAMBAS - CUSCO, COMITE VECINAL CHECCHECALLA PALCARO","2026-08-03"
"160376","PACO DE LA TORRE RAUL","ESTACIÓN DE SERVICIO CON GASOCENTRO DE GLP","HUANCAVELICA","TAYACAJA","DANIEL HERNANDEZ","AV. PERU S/N","2026-08-07"
"160466","CORPORACION SWV PETROGAS E.I.R.L","ESTACIÓN DE SERVICIOS / GRIFOS","LORETO","MAYNAS","SAN JUAN BAUTISTA","CARRETERA IQUITOS NAUTA KM 57.5","2026-08-08"
"160468","GRUPO LOS MILAGROS E.I.R.L.","ESTACIÓN DE SERVICIO CON GASOCENTRO DE GLP","SAN MARTIN","TOCACHE","NUEVO PROGRESO","CARRETERA FERNANDO BELAUNDE TERRY S/N KM 89  CENTRO POBLADO MADRE MÍA","2026-08-08"
"160475","GRIFOS PETROMOBIL S.A.C.","ESTACIÓN DE SERVICIOS / GRIFOS","CAJAMARCA","CHOTA","CHOTA","CARRETERA CHOTA-TACABAMBA KM. 7.700","2026-08-08"
"160535","JK EL EXITO E.I.R.L.","ESTACIÓN DE SERVICIOS / GRIFOS","AYACUCHO","CANGALLO","LOS MOROCHUCOS","COMUNIDAD CAMPESINA DE PARIAHUANCA 9.5 KM DE LA CARRETERA TOCCTO CANGALLO","2026-08-08"
"160540","SERVICENTRO Y MULTISERVICIOS LUCHIN E.I.R.L.","ESTACIÓN DE SERVICIOS / GRIFOS","CUSCO","LA CONVENCION","ECHARATE","PREDIO EL RECUERDO CENTRO POBLADO DE PALMA REAL MZ. N LOTE 3","2026-08-04"
"160569","ESTACION DE SERVICIOS LA BONITA S.A.C.","ESTACIÓN DE SERVICIOS / GRIFOS","AREQUIPA","CARAVELI","ACARI","VÍA DE ACCESO A ACARÍ S/N, SECTOR MUNCHER","2026-08-08"
"160630","EMPRESA MULTISERVICIOS GENERALES 777 EL MAGNATE E.I.R.L.","ESTACIÓN DE SERVICIOS / GRIFOS","CAJAMARCA","CAJAMARCA","CAJAMARCA","PREDIO SANTA ROSA II-SECTOR PORCÓN BAJO","2026-08-09"
"160634","SERVICENTRO CACHICADAN E.I.R.L.","ESTACIÓN DE SERVICIOS / GRIFOS","LA LIBERTAD","SANTIAGO DE CHUCO","CACHICADAN","4.723% PREDIO LANGLABLAL UNIDAD CATASTRAL 015516 SECTOR ANGLAS CARRETERA SANTIAGO DE CHUCO-ANGASMARCA KM. 16+890 AV. TUPAC S/N BARRIO SAN MIGUEL","2026-08-07"
"160684","SERVICIOS GENERALES ALTO HUALLAGA EMPRESA INDIVIDUAL DE RESPONSABILIDAD LIMITADA","ESTACIÓN DE SERVICIOS / GRIFOS","HUANUCO","LEONCIO PRADO","JOSE CRESPO Y CASTILLO","ESQ. PROLONGACIÓN SÁNCHEZ CERRO CON JR. LAOS S/N-MZ. 22-LT. 04 SECTOR SANGAPILLA I","2026-08-07"
"160798","EL OVALO ESTACION & SERVICIOS GENERALES S.R.L - EL OVALO EST. & SERV. GENERALES S.R.L","ESTACIÓN DE SERVICIOS / GRIFOS","CAJAMARCA","CAJAMARCA","JESUS","CARRETERA A JESUS - CAJAMARCA KM 1264+145 CASERIO LA COLLPA","2026-08-03"
"160818","PERCY ZEGARRA QUIRITA","ESTACIÓN DE SERVICIOS / GRIFOS","AREQUIPA","CAYLLOMA","MAJES","CIUDAD DE MAJES, MODULO E, SECTOR 2, MZ E3, LOTE 09 Y LOTE 10","2026-08-07"
"160849","COESTI S.A.","ESTACIÓN DE SERVICIO CON GASOCENTRO DE GLP","LIMA","CAÑETE","CERRO AZUL","ALTURA DEL KM. 129.2 DE LA AUTOPISTA PANAMERICANA SUR","2026-08-08"
"160918","VIRTUAL GAS S.A.C.","EE.SS con GLP y GNV","PROV. CONST. DEL CALLAO","PROV. CONST. DEL CALLAO","VENTANILLA","CALLE ALONSO DE MOLINA 279, MZ. I-14 LT. 1 - ZONA INDUSTRIAL VENTANILLA","2026-08-08"
"160937","YURIMAGUAS HIDROCARBUROS S.A.C","ESTACIÓN DE SERVICIOS / GRIFOS","LORETO","DATEM DEL MARAÑON","MANSERICHE","CARRETERA SARAMIRIZA - CENTRO POBLADO FELIX FLORES","2026-08-08"
"160967","MAXITRUCK PERU S.A.C.","ESTACIÓN DE SERVICIO CON GASOCENTRO DE GLP","PROV. CONST. DEL CALLAO","PROV. CONST. DEL CALLAO","VENTANILLA","URBANIZACIÓN POPULAR DE INTERÉS SOCIAL PROYECTO ESPECIAL CIUDAD PACHACUTEC MZH LOTES 1 Y 20, SECTOR F, BARRIO XIII","2026-08-04"
"16100","PETRONEX PERU SOCIEDAD ANONIMA CERRADA","ESTACIÓN DE SERVICIO CON GASOCENTRO DE GLP","PROV. CONST. DEL CALLAO","PROV. CONST. DEL CALLAO","CALLAO","AV. TOMAS VALLE INTERSECCIÓN CON AV. PACASMAYO, MZ. C LOTE 1 Y 24 URB. JORGE CHÁVEZ","2026-08-09"
"161054","SERVICENTRO RONSOCO S.A.C.","ESTACIÓN DE SERVICIOS / GRIFOS","UCAYALI","CORONEL PORTILLO","CALLERIA","CARRETERA FEDERICO BASADRE KM. 10.200 FRACCION DE FUNDO VILLA SORIA","2026-08-08"
"161056","FOX PETRO S.A.C.","ESTACIÓN DE SERVICIOS / GRIFOS","AYACUCHO","LA MAR","TAMBO","CARRETERA TAMBO - SAN FRANCISCO KM 64 + 300, PREDIO CHULLCUPAMPA, PARCELA 8, SECTOR ROSAS PATA","2026-08-05"
"161061","VEGA ALARCON JOSE FRANCISCO","ESTACIÓN DE SERVICIOS / GRIFOS","SAN MARTIN","RIOJA","AWAJUN","AV. SAN FRANCISCO S/N LOTIZACION PRADERAS DEL MAYO MZ. 1 C.P SAN FRANCISCO","2026-08-04"
"161095","CORPORACION EDXXON FUEL E.I.R.L.","ESTACIÓN DE SERVICIOS / GRIFOS","PUNO","SAN ROMAN","JULIACA","CABAÑA PUCA PUENTE SECTOR YOCARA, CARRETERA AREQUIPAJULIACA KM 289+00","2026-08-08"
"161115","CORPORACION GUEVARA QUISPE S.R.L.","ESTACIÓN DE SERVICIOS / GRIFOS","CUSCO","URUBAMBA","HUAYLLABAMBA","PREDIO QUINSA KUCHO CHICHIPPATA - HUAYOCCARI","2026-08-07"
"161121","GRIFO FLOTANTE FABI 1","GRIFOS FLOTANTES","LORETO","MAYNAS","PUNCHANA","MARGEN DERECHA DEL RIO ITAYA","2026-08-08"
"161137","GRIFO FLOTANTE DOMI E.I.R.L.","GRIFOS FLOTANTES","UCAYALI","CORONEL PORTILLO","CALLERIA","PUERTO MASISEA","2026-08-09"
"161144","PETROL PARMEX EMPRESA INDIVIDUAL DE RESPONSABILIDAD LIMITADA","ESTACIÓN DE SERVICIO CON GASOCENTRO DE GLP","JUNIN","SATIPO","PANGOA","VIA NACIONAL S/N SECTOR LOS HUÉRFANOS","2026-08-08"
"161196","MARIA AUXILIADORA GASOLINERA S.C.R.L.","ESTACIÓN DE SERVICIO CON GASOCENTRO DE GLP","PIURA","SULLANA","SULLANA","MARGEN IZQUIERDA CARRETERA SULLANA PAITA SUB LOTE A ESQ. CON AV. TENIENTE AUGUSTO GUTIERREZ","2026-08-09"
"161200","GRIFO LA PARADA","ESTACIÓN DE SERVICIOS / GRIFOS","PUNO","PUNO","PUNO","CARRETERA PUNO - JULIACA KM 1351+700","2026-08-07"
"161201","JOSE JOSE SETRACONS SOCIEDAD COMERCIAL DE RESPONSABILIDAD LIMITADA","ESTACIÓN DE SERVICIOS / GRIFOS","PUNO","PUNO","PUNO","AV. TIQUILLACA N° 1221 Y 1223 MZ. A LOTES 02 Y 17, CENTRO POBLADO ALTO PUNO","2026-08-07"
"161249","FULGAS PLANTA ENVASADORA DE G.L.P S.A.","GASOCENTROS DE GLP","HUANUCO","HUANUCO","PILLCO MARCA","PARCELA N° 108 PREDIO RURAL ANDABAMBA, FRENTE A LA VIA REGIONAL HUANUCO LIMA KM 7+226","2026-08-07"
"161366","ESTACION DE SERVICIOS SOFIKAR E.I.R.L.","ESTACIÓN DE SERVICIOS / GRIFOS","CUSCO","LA CONVENCION","KIMBIRI","AV. LA CONVENCIÓN S/N, SECTOR PALMA DE ORO MZ. B, LOTES 02, 03, 04 Y 05","2026-08-01"
"161380","MULTISERVICIOS  NEGOCIOS SHADAY E.I.R.L","ESTACIÓN DE SERVICIOS / GRIFOS","CAJAMARCA","JAEN","BELLAVISTA","AV PERU S/N CENTRO POBLADO AMBATO-TAMBORAPA","2026-08-08"
"16143","COOPERATIVA DE SERVICIOS MULTIPLES ALAS PERUANAS","EE.SS con GLP y GNV","LIMA","LIMA","LIMA","ESQ. DE LA AV. VENEZUELA Nº 3343 CON JR. ARISTIDES DEL CARPIO, URB. INDUSTRIAL PALOMINO","2026-08-08"
"161496","ESTACION DE SERVICIO INOÑAN E.I.R.L.","ESTACIÓN DE SERVICIOS / GRIFOS","LAMBAYEQUE","LAMBAYEQUE","MORROPE","U.C. NRO. 26387 SANTA ROSA, SECTOR HUACA DE BARRO  VALLE CHANCAY","2026-08-08"
"161520","ESTACION DE SERVICIOS SIERRA NEVADA EL PINO S.A.C.","ESTACIÓN DE SERVICIOS / GRIFOS","ANCASH","HUARAZ","INDEPENDENCIA","AV. CENTENARIO S/N PREDIO CANCARYACU, SECTOR VICHAY","2026-08-07"
"161542","ESTACION DE SERVICIOS PETRO MAPI S.A.C.","ESTACIÓN DE SERVICIOS / GRIFOS","CUSCO","ANTA","CACHIMAYO","PREDIO DENOMINADO QUINTA ESPERANZA, SECTOR CAJAMARCA","2026-08-07"
"161569","SERVICENTRO AGUKI NORTE S.A. - AGUKI NORTE S.A.","EE.SS con GLP y GNV","LIMA","HUARAL","AUCALLAMA","ALTURA DEL KM 74 DE LA CARRETERA ANTIGUA PANAMERICANA NORTE  PREDIO RURAL CHACRA Y MAR","2026-08-07"
"16163","GRUPO GAMARRA S.A.C.","ESTACIÓN DE SERVICIO CON GASOCENTRO DE GLP","AREQUIPA","AREQUIPA","CERRO COLORADO","VÍA DE EVITAMIENTO KM. 03","2026-08-09"
"161661","ISMAEL PEREZ PEREZ ","ESTACIÓN DE SERVICIOS / GRIFOS","CAJAMARCA","CUTERVO","SANTO TOMAS","CARRETERA SANTO TOMAS - JAEN KM. 0.120","2026-08-08"
"161767","DAVICAM JUNIORS SOCIEDAD ANONIMA CERRADA","ESTACIÓN DE SERVICIOS / GRIFOS","AREQUIPA","ISLAY","PUNTA DE BOMBON","VÍA DE EVITAMIENTO-PROLONGACIÓN CALLE MICAELA BASTIDAS S/N, SECTOR LA CANOA, VALLE DEL TAMBO","2026-08-07"
"161905","LOGISTICA ISIDORO BERROCAL CORONADO SAC","ESTACIÓN DE SERVICIOS / GRIFOS","AREQUIPA","CARAVELI","CARAVELI","ASENTAMIENTO HUMANO ISIDORO BERROCAL CORONADO MZ W LOTE 01","2026-08-04"
"161912","GRIFO SALITRE","ESTACIÓN DE SERVICIOS / GRIFOS","CAJAMARCA","CONTUMAZA","TANTARICA","AV. CAJAMARCA S/N CASERIO EL SALITRE","2026-08-08"
"161968","ELEANOR EMPRESA INDIVIDUAL DE RESPONSABILIDAD LIMITADA","GRIFOS FLOTANTES","UCAYALI","ATALAYA","RAYMONDI","MARGEN DERECHA DEL RIO TAMBO","2026-08-06"
"161989","SERVICENTRO REPSOL QUICAPATA","ESTACIÓN DE SERVICIOS / GRIFOS","AYACUCHO","HUAMANGA","CARMEN ALTO","CENTRO POBLADO QUICAPATA MZ. A3, LOTE 2","2026-08-08"
"162102","ESTACION DE SERVICIOS MILAGROS QCC E.I.R.L.","ESTACIÓN DE SERVICIOS / GRIFOS","PASCO","OXAPAMPA","VILLA RICA","INTERSECCIÓN CON LA AVENIDA PICHIS PALCAZU Y LA AVENIDA EVITAMIENTO LOTE N°01 MZ.B, C.P SAN MIGUEL DE ENEÑAS","2026-08-04"
"162109","GRIFO ZACAS S.A.C.","ESTACIÓN DE SERVICIO CON GASOCENTRO DE GLP","PIURA","PAITA","COLAN","CARRETERA SULLANA - PAITA KM. 46, ANEXO NUEVO PARAISO CENTRO DE SAN LUCAS DE COLAN","2026-08-07"
"162110","GRIFO VIFAC","ESTACIÓN DE SERVICIOS / GRIFOS","PIURA","HUANCABAMBA","SAN MIGUEL DE EL FAIQUE","SECTOR LOMA LARGA BAJA S/N - CARRETERA PIURA - CANCHAQUE","2026-08-07"
"162132","COESTI S.A. EE SS CASMA","ESTACIÓN DE SERVICIOS / GRIFOS","ANCASH","CASMA","COMANDANTE NOEL","LOTE Nº 5B DEL FUNDO SANTA CATALINA, UBICACION RURAL VALLE TABON","2026-08-08"
"162136","B&O PINOS","ESTACIÓN DE SERVICIOS / GRIFOS","PUNO","HUANCANE","HUANCANE","AV. IGNACIO MIRANDA N° 631","2026-08-01"
"162137","TRANSPORTE DULCEMAR S.A.C.","ESTACIÓN DE SERVICIO CON GASOCENTRO DE GLP","ANCASH","SANTA","SANTA","PARCELA N° 227, PREDIO RUSTICO PRIMAVERA A-B-C","2026-08-07"
"162234","ESTACION DE SERVICIOS BYM-ALTO CHIRA S.A.C.","ESTACIÓN DE SERVICIOS / GRIFOS","PIURA","SULLANA","SULLANA","CARRETERA BELLAVISTA  HUANGALA CENTRO POBLADO EL CUCHO","2026-08-08"
"162280","GLOBAL D & F S.A.C.","ESTACIÓN DE SERVICIO CON GASOCENTRO DE GLP","AYACUCHO","HUANTA","HUANTA","CARRETERA HUANTA  HUANCAYO KM. 2+000 PREDIO ERA PATA U.C. 10179, SECTOR CHANCARAY","2026-08-07"
"162285","ESTACION PRIMAX  TICAPAMPA","ESTACIÓN DE SERVICIO CON GASOCENTRO DE GLP","ANCASH","RECUAY","TICAPAMPA","JR. LOS LIBERTADORES CENTRO POBLADO DE CAYAC CARRETERA HUARAZ- CATAC KM 547.50","2026-08-07"
"162289","COMPAÑIA PERUANA DE COMBUSTIBLES S.A.C.","ESTACIÓN DE SERVICIO CON GASOCENTRO DE GLP","LA LIBERTAD","TRUJILLO","TRUJILLO","URB. EL VALLE II ETAPA MZ. B LOTE 24","2026-08-08"
"162298","ML INVERSIONES LOGISTICAS S.A.C.","GRIFOS FLOTANTES","UCAYALI","CORONEL PORTILLO","CALLERIA","MARGEN DERECHO DEL RIO UCAYALI","2026-08-08"
"162305","ESTACION DE SERVICIOS R&G S.A.C.","ESTACIÓN DE SERVICIOS / GRIFOS","SAN MARTIN","BELLAVISTA","BELLAVISTA","AV. LIMA S/N (AV. LIMA ESQ. CON JR. APURÍMAC)","2026-08-08"
"162311","CORPORACION MYRA SAC","ESTACIÓN DE SERVICIOS / GRIFOS","LAMBAYEQUE","FERREÑAFE","PUEBLO NUEVO","CALLE FERNANDO FUENTES CLAVO S/N","2026-08-09"
"162332","SERVICENTRO 4 HERMANOS EIRL","ESTACIÓN DE SERVICIOS / GRIFOS","UCAYALI","CORONEL PORTILLO","CAMPOVERDE","PREDIO DENOMINADO SAN PEDRO I ETAPA PARCELA 8 A LA ALTURA DEL KM. 47.100 DE LA CARRETERA FEDERICO BASADRE","2026-08-08"
"162461","CAJUSOL TUÑOQUE JORGE NATIVIDAD","ESTACIÓN DE SERVICIOS / GRIFOS","LAMBAYEQUE","LAMBAYEQUE","TUCUME","CARRETERA MARAVILLA  LAS BANQUITAS  CASERIO SAN ISIDRO, SUB LOTE PARCELA N°12495  PREDIO SASAPE  SECTOR SASAPE","2026-08-07"
"162476","GRUPO LLAZPIER S.A.C.S.","ESTACIÓN DE SERVICIOS / GRIFOS","SAN MARTIN","RIOJA","POSIC","CARRETERA A SANTA ELENA ESQUINA CON JR. JORGE CHAVEZ S/N","2026-08-05"
"162494","INVERSIONES PDP S.A.C.","ESTACIÓN DE SERVICIO CON GASOCENTRO DE GLP","PROV. CONST. DEL CALLAO","PROV. CONST. DEL CALLAO","VENTANILLA","PROYECTO PILOTO NUEVO PACHACUTEC MZ. K1 LOTE 5A GRUPO RESIDENCIAL B4, SECTOR B","2026-08-08"
"162504","MACHACA CHIPANA JHON ALEXANDER","ESTACIÓN DE SERVICIOS / GRIFOS","PUNO","HUANCANE","TARACO","CARRETERA JULIACA - HUANCANÉ KM. 31+420 BARRIO PENTECOSTES","2026-07-25"
"162510","PETROLEOS Y SERVICIOS E.I.R.L.","GRIFOS FLOTANTES","UCAYALI","CORONEL PORTILLO","CALLERIA","MARGEN DERECHO DEL RIO UCAYALI","2026-08-08"
"162517","ESTACION DE SERVICIOS RURAL ALIANZA SOCIEDAD ANONIMA CERRADA","ESTACIÓN DE SERVICIOS / GRIFOS","PUNO","CARABAYA","MACUSANI","CARRETERA INTEROCEANICA SUR KM. 186+618","2026-08-06"
"162524","GASOLINERA DEL NORTE SCRL","ESTACIÓN DE SERVICIOS / GRIFOS","PIURA","MORROPON","LA MATANZA","CARRETERA LA MATANZA KM. 62 SEC. LAGUNA EL JABONILLO","2026-08-08"
"162525","CARRASCO NEIRA SERVANDO GARCES","ESTACIÓN DE SERVICIOS / GRIFOS","PIURA","HUANCABAMBA","HUANCABAMBA","SECTOR JIMACA, CARRETERA HUACABAMBA - SAPALACHE","2026-08-08"
"162595","SERVICENTRO MIGUELÓN SOCIEDAD ANONIMA CERRADA","ESTACIÓN DE SERVICIO CON GASOCENTRO DE GLP","JUNIN","CHANCHAMAYO","PICHANAQUI","CARRETERA MARGINAL PICHANAQUI - SATIPO KM. 74.5 AGUA DULCE 1RA ETAPA","2026-08-09"
"162617","ESTACION DE SERVICIOS HALCON S.R.L.","ESTACIÓN DE SERVICIOS / GRIFOS","CUSCO","LA CONVENCION","PICHARI","AV. BRASIL MZ. D LOTES 1 Y 2, ASOCIACIÓN DE VIVIENDA SAN JUAN DE LA FRONTERA, CENTRO POBLADO DE CCATUN RUMI","2026-08-05"
"162650","GO COMBUSTIBLES 7 S.A.C.","ESTACIÓN DE SERVICIOS / GRIFOS","LIMA","LIMA","SAN MIGUEL","AV. LA PAZ N° 194  198 ESQUINA CON CALLE LEONCIO PRADO N° 106","2026-08-07"
"162780","LAYME CHACOLLI EDILBERTO","ESTACIÓN DE SERVICIOS / GRIFOS","PUNO","CHUCUITO","POMATA","CARRETERA PANAMERICANA PUNO - DESAGUADERO KILOMETRO 1471+500","2026-08-04"
"162840","CHOQUEPATA CCANAHUIRI JOSE","ESTACIÓN DE SERVICIOS / GRIFOS","PUNO","MELGAR","NUÑOA","ESQUINA DE AVENIDA TUPAC AMARU S/N CON JIRON SAN PABLO","2026-08-03"
"162868","ESTACION DE SERVICIOS GRIFO TECSE E.I.R.L.","ESTACIÓN DE SERVICIOS / GRIFOS","CUSCO","ANTA","CHINCHAYPUJIO","COMUNIDAD CAMPESINA DE CHINCHAYPUJIO","2026-08-04"
"162932","ESTACION DE SERVICIOS BELLA DURMIENTE E.I.R.L.","ESTACIÓN DE SERVICIO CON GASOCENTRO DE GLP","HUANUCO","LEONCIO PRADO","RUPA-RUPA","JR. AUCAYACU N° 520","2026-08-07"
"162974","ESTACION DE SERVICIOS GRIFO MASTER S.R.L.","ESTACIÓN DE SERVICIO CON GASOCENTRO DE GLP","LAMBAYEQUE","CHICLAYO","MONSEFU","UNIDAD CATASTRAL NRO. 116283 PREDIO EL CIRUELO Y PARCELA NRO. 10508 PREDIO EL GUAYABO CARRETERA PANAMERICANA NORTE KM 773 SECTOR CALLANCA","2026-08-07"
"162996","GASOCENTRO AGUILA AZUL SAC","GASOCENTROS DE GLP","HUANUCO","HUANUCO","PILLCO MARCA","PARCELA 58 DEL PREDIO ANDABAMBA","2026-08-08"
"163017","DE LA CRUZ JULIAN ESTEBAN PERCY","ESTACIÓN DE SERVICIOS / GRIFOS","UCAYALI","PADRE ABAD","NESHUYA","CARRETERA FEDERICO BASADRE KM. 71-72 PARCELA 39B - PARCELACION SECTOR SAN JUAN 12 ETAPA","2026-08-08"
"163019","INVERSIONES Y COMBUSTIBLES KML EIRL","ESTACIÓN DE SERVICIOS / GRIFOS","LA LIBERTAD","PATAZ","PARCOY","JR. EL ENCANTO N° 590 ANEXO RETAMAS","2026-08-08"
"163088","ESTACION DE ENERGIAS EL CENTENARIO SOCIEDAD ANONIMA CERRADA ","ESTACIÓN DE SERVICIO CON GASOCENTRO DE GLP","AREQUIPA","AREQUIPA","SACHACA","AV. FERNANDINI N° 100","2026-08-09"
"16309","CORPORACION MASIPE S.A.C.","ESTACIÓN DE SERVICIO CON GASOCENTRO DE GLP","LA LIBERTAD","TRUJILLO","LA ESPERANZA","REACTIVACION 2011-2014 DECIMO NOVENA ETAPA, PANAMERICANA NORTE KM. 569","2026-08-03"
"163154","ESTACION VALLE CHICAMA S.A.C","ESTACIÓN DE SERVICIO CON GASOCENTRO DE GLP","LA LIBERTAD","ASCOPE","CHICAMA","AV. 11 DE FEBRERO ESQ. CON CA. SANTO TORIBIO DE MOGROVEJO Y CA. SAN JOSE MZ. LL LOTES 1, 2, 3, 4, 5 Y 6 (ALTURA CARRETERA PANAMERICANA NORTE KM. 590)","2026-08-08"
"163243","ESTACIONES Y SERVICIOS MHT EIRL","ESTACIÓN DE SERVICIO CON GASOCENTRO DE GLP","LAMBAYEQUE","CHICLAYO","CHICLAYO","CARRETERA CHICLAYO POMALCA KM 04 PUEBLO JOVEN SAN FÉLIX MZ. E LOTE NRO. 1","2026-08-07"
"163325","MULTISERVICIOS LOS ALAMOS EIRL","ESTACIÓN DE SERVICIOS / GRIFOS","LA LIBERTAD","CHEPEN","CHEPEN","ESQUINA AV. 28 DE JULIO N° 355 CON CALLE N° 1","2026-08-05"
"163333","SERVICENTRO PETROPAMPA S.A.C.","ESTACIÓN DE SERVICIOS / GRIFOS","LORETO","ALTO AMAZONAS","YURIMAGUAS","CARRETERA TARAPOTO YURIMAGUAS KM 86.95 CP MIGUEL GRAU","2026-08-08"
"163360","C & M SERVICENTROS SOCIEDAD ANONIMA CERRADA","ESTACIÓN DE SERVICIO CON GASOCENTRO DE GLP","LA LIBERTAD","TRUJILLO","LA ESPERANZA","PREDIO REACTIVACION 2007 1RA FASE - TETRAGESIMA CUARTA ETAPA / MZ. C13 LOTE 22, SECTOR PARQUE INDUSTRIAL","2026-08-07"
"163381","CORPORACION BILCON GAS SAC","ESTACIÓN DE SERVICIO CON GASOCENTRO DE GLP","LIMA","LIMA","VILLA MARIA DEL TRIUNFO","ASENTAMIENTO HUMANO VILLA MARIA DEL TRIUNFO MZ. E - 5 LOTE 5 - SECTOR VILLA MARIA DEL TRIUNFO","2026-08-09"
"163408","SERVICENTRO ESMAD S.A.C.","ESTACIÓN DE SERVICIOS / GRIFOS","CUSCO","ANTA","PUCYURA","URBANIZACION EL BOSQUE MZ. B LOTE 2","2026-08-07"
"163477","ESTACION SABINA","ESTACIÓN DE SERVICIOS / GRIFOS","LORETO","MAYNAS","IQUITOS","AV. SAN ANTONIO ESQUINA CON PERIODISTAS MZ. E, LOTE 35, PP  JJ SAN ANTONIO","2026-08-07"
"163481","GRIFO ISABELLA VG E.I.R.L.","ESTACIÓN DE SERVICIOS / GRIFOS","LAMBAYEQUE","FERREÑAFE","PITIPO","CALLE REAL, OTR. LA BALSA BATANGRANDE","2026-08-02"
"163489","GRIFO FLOTANTE LAS BRISAS EMPRESA INDIVIDUAL DE RESPONSABILIDAD LIMITADA","GRIFOS FLOTANTES","UCAYALI","ATALAYA","RAYMONDI","MARGEN IZQUIERDA DEL RIO TAMBO","2026-08-07"
"163494","AERO GAS DEL NORTE SOCIEDAD ANONIMA  CERRADA","ESTACIÓN DE SERVICIO CON GASOCENTRO DE GLP","LAMBAYEQUE","CHICLAYO","MONSEFU","LOTE 1 Y 2 PROLONGACION AV. VENEZUELA","2026-08-07"
"163519","NEGOCIACIONES ALTAGRACIA E.I.R.L.","ESTACIÓN DE SERVICIOS / GRIFOS","JUNIN","HUANCAYO","INGENIO","CALLE BOLOGNESI S/N CARRETERA A INGENIO","2026-08-08"
"163549","PETROLEOS SOLORZANO S.A.C","ESTACIÓN DE SERVICIO CON GASOCENTRO DE GLP","LIMA","BARRANCA","SUPE","PANAMERICANA NORTE KM 182, MZ. A LOTE N° 2, LOS HUACOS CHIRIMOYO EL PORVENIR","2026-08-08"
"163556","INVERSIONES LUCERO LUANA E.I.R.L.","ESTACIÓN DE SERVICIOS / GRIFOS","AYACUCHO","SUCRE","QUEROBAMBA","CENTRO POBLADO QUEROBAMBA MZ. B LOTE 06, SECTOR BARRIO SANTO DOMINGO","2026-08-06"
"163558","CENTRO COMERCIAL REQUEJO E.I.R.L.","GRIFOS FLOTANTES","LORETO","DATEM DEL MARAÑON","BARRANCA","MARGEN IZQUIERDO DEL RIO MARAÑON, EN EL POBLADO DE SAN LORENZO","2026-08-07"
"163559","SHILCAYO NORTE SAC","ESTACIÓN DE SERVICIO CON GASOCENTRO DE GLP","LAMBAYEQUE","CHICLAYO","LA VICTORIA","PREDIO CHACUPE, VALLE CHANCAY LAMBAYEQUE, SECTOR CHACUPE, U.C. 108780","2026-08-08"
"163588","GRIFO FLOTANTE RONY ARTURO EIRL","GRIFOS FLOTANTES","LORETO","LORETO","NAUTA","MARGEN IZQUIERDO DEL RIO AMAZONAS-CENTRO POBLADO SAN JOAQUIN DE OMAGUA","2026-08-01"
"163605","SUNI CHALLCO RICHAR","ESTACIÓN DE SERVICIOS / GRIFOS","PUNO","MELGAR","CUPI","CARRETERA AYAVIRI - LLALLI KM. 31+115 SECTOR MACHACMARCA","2026-08-07"
"163658","GRUPO J&C FERNANDEZ S.A.C.","ESTACIÓN DE SERVICIOS / GRIFOS","CUSCO","QUISPICANCHI","URCOS","SECTOR PAMPACHULLA - VALLE VILCANOTA SUR","2026-08-05"
"163683","ANCO GAS S.A.C.","ESTACIÓN DE SERVICIO CON GASOCENTRO DE GLP","LIMA","LIMA","CARABAYLLO","AV. CAMINO REAL N° 741, FUNDO CASA HUERTA CHACRA GRANDE UNIDAD CATASTRAL 11657","2026-08-07"
"163700","GRIFO DOS DE MAYO","ESTACIÓN DE SERVICIOS / GRIFOS","UCAYALI","CORONEL PORTILLO","YARINACOCHA","AV. DOS DE MAYO - FDO. LOS TRES HERMANITOS PARCELA 2A","2026-08-09"
"163714","INVERSIONES FLAMANTE SAN ANTONIO E.I.R.L","GRIFOS FLOTANTES","LORETO","DATEM DEL MARAÑON","BARRANCA","MARGEN DERECHA DEL RIO MARAÑON, EN LA LOCALIDAD DE SAN LORENZO","2026-08-03"
"163767","INVERSIONES KELMAIN S.A.C.","ESTACIÓN DE SERVICIOS / GRIFOS","AYACUCHO","HUAMANGA","JESUS NAZARENO","SECTOR YACUCUICA (REFERENCIA CARRETERA AYACUCHO - HUANTA KM 11)","2026-08-08"
"163776","ESTACION DE SERVICIOS PUMA SOCIEDAD ANONIMA CERRADA","ESTACIÓN DE SERVICIOS / GRIFOS","PUNO","CHUCUITO","POMATA","AV. PANAMERICANA SUR S/N MZ. F LT. 7 BARRIO KORIHUERTA","2026-08-08"
"163832","MULTISERVICIOS MARLON E.I.R.L.","ESTACIÓN DE SERVICIO CON GASOCENTRO DE GLP","AREQUIPA","AREQUIPA","MOLLEBAYA","CRUCE AV. CHARACATO Y AV. SÁNCHEZ CERRO (CRUCE YARABAMBA Y MOLLEBAYA) SECTOR MACHAHUAYA","2026-08-09"
"163864","INVERSIONES JL &CIA GRIFOS S.A.C.","ESTACIÓN DE SERVICIOS / GRIFOS","PUNO","SAN ROMAN","JULIACA","AV. CIRCUNVALACIÓN CON JR. CABANA S/N","2026-08-09"
"163897","ESTACION DE SERVICIOS ROMA","ESTACIÓN DE SERVICIOS / GRIFOS","LIMA","CAÑETE","NUEVO IMPERIAL","CENTRO POBLADO PUEBLO NUEVO DE CONTA AV. VICTOR ANDRES BELAUNDE MZ. X2 LOTE 6","2026-08-03"
"163917","NEGOCIACIONES Y REPRESENTACIONES JESUS CONTIGO","ESTACIÓN DE SERVICIO CON GASOCENTRO DE GLP","HUANUCO","PACHITEA","PANAO","LOTE YUNCAPALLPA CASERIO COLICOCHA CARRETERA HUANUCO-PANAO","2026-08-07"
"163956","LUSLINDA AREVALO VALLEJOS ","ESTACIÓN DE SERVICIOS / GRIFOS","CAJAMARCA","CUTERVO","CUTERVO","CARRETERA CUTERVO CHICLAYO A 2.5KM SECTOR CHAULLACOCHA","2026-08-03"
"163971","FREDY ELEUTERIO PONCE CHECALLA ","ESTACIÓN DE SERVICIOS / GRIFOS","PUNO","EL COLLAO","ILAVE","AV. HEROES DEL PACIFICO N° 600-602","2026-08-07"
"163972","ESTACION DE SERVICIOS MATITO EMPRESA INDIVIDUAL DE RESPONSABILIDAD LIMITADA","ESTACIÓN DE SERVICIOS / GRIFOS","HUANUCO","PUERTO INCA","CODO DEL POZUZO","JR. SARITA COLONIA MZ. M LOTE 01 EN EL CENTRO POBLADO DE CODO DEL POZUZO (ENTRADA DEL CP CODO DEL POZUZO).","2026-08-08"
"163976","GRIFO FLOTANTE JVE E.I.R.L.","GRIFOS FLOTANTES","LORETO","MARISCAL RAMON CASTILLA","RAMON CASTILLA","MARGEN IZQUIERDA DEL LAGO CABALLOCOCHA","2026-08-07"
"164022","TICAMERS SOCIEDAD COMERCIAL DE RESPONSABILIDAD LIMITADA","ESTACIÓN DE SERVICIOS / GRIFOS","PUNO","MELGAR","AYAVIRI","CARRETERA AYAVIRI - CUSCO KM 1+758 CCAPAC HANCCO","2026-08-05"
"164044","GRIFO ATICO SRL","ESTACIÓN DE SERVICIOS / GRIFOS","AREQUIPA","CAMANA","SAMUEL PASTOR","SECTOR LOS MOLINOS, CARRETERA PANAMERICANA SUR KM 832, FRENTE AL ESTADIO MUNICIPAL RAUL GORRITI DRAGO - SALIDA CAMANA","2026-08-08"
"164058","UCV GRIFOS S.R.L.","ESTACIÓN DE SERVICIOS / GRIFOS","PIURA","PIURA","CATACAOS","PREDIO SANTA ROSALÍA - ROSO DOS, SUB LOTE 1-AII, CARRETERA PIURA CATACAOS","2026-08-08"
"164124","BALTIMORE K & A E.I.R.L.","GRIFOS FLOTANTES","LORETO","UCAYALI","VARGAS GUERRA","MARGEN IZQUIERDA DEL RIO UCAYALI  LOCALIDAD DE ORELLANA","2026-08-09"
"164134","VIMALCA S.A.C.","ESTACIÓN DE SERVICIO CON GASOCENTRO DE GLP","LAMBAYEQUE","CHICLAYO","MONSEFU","CARRETERA MONSEFU LARAN U.C 09870 PREDIO LA HURTA - SECOR EL PALMO","2026-08-08"
"164152","ESTACION DE SERVICIOS EL PESCADITO","ESTACIÓN DE SERVICIOS / GRIFOS","HUANUCO","LEONCIO PRADO","PUCAYACU","CARRETERA FERNANDO BELAUNDE TERRY PREDIO LAS FLORES SECTOR PUCAYACU","2026-08-08"
"164158","MME INVERSIONES GENERALES SOCIEDAD COMERCIAL DE RESPONSABILIDAD LIMITADA","ESTACIÓN DE SERVICIOS / GRIFOS","LIMA","LIMA","SANTA ANITA","ESQ. AV. LOS CHANCAS DE ANDAHUAYLAS CON LA AV. ENCALADA MZ. L LOTES 7, 8 Y 9, COOPERATIVA LOS CHANCAS DE ANDAHUAYLAS","2026-08-05"
"164177","GRIFO SERAFIN LERMA","ESTACIÓN DE SERVICIOS / GRIFOS","PUNO","HUANCANE","PUSI","CARRETERA TARACO A CAPACHICA KM 17+200","2026-07-31"
"164179","SERVICENTRO PETRO INKA EMPRESA INDIVIDUAL DE RESPONSABILIDAD LIMITADA","ESTACIÓN DE SERVICIOS / GRIFOS","CUSCO","URUBAMBA","YUCAY","SECTOR PUNCUCHACRA - YUCAY","2026-08-08"
"164187","CORPORACION DE INVERSIONES Y SERVICIOS SALAZAR E.I.R.L.","ESTACIÓN DE SERVICIOS / GRIFOS","APURIMAC","ANDAHUAYLAS","TALAVERA","AV. HUALALACHI S/N (CARRETERA ANDAHUAYLAS - AYACUCHO)","2026-08-07"
"164188","HIDROPERU SP S.A.C.","ESTACIÓN DE SERVICIOS / GRIFOS","LAMBAYEQUE","CHICLAYO","NUEVA ARICA","SECTOR PAMPAS DE LEQUE LEQUE","2026-08-07"
"164191","POMA JOAQUIN ABELINO","ESTACIÓN DE SERVICIO CON GASOCENTRO DE GLP","JUNIN","SATIPO","PANGOA","SECTOR LOS HUÉRFANOS CC.NN. SAN RAMON DE PANGOA","2026-08-07"
"164292","AUTOSERVICIO CASA BLANCA S.A.C.","ESTACIÓN DE SERVICIOS / GRIFOS","LIMA","CAÑETE","CERRO AZUL","ANTIGUA PANAMERICANA SUR KM 134.5","2026-08-07"
"164294","GASOLINERA AVIACION E.I.R.L.","ESTACIÓN DE SERVICIOS / GRIFOS","UCAYALI","CORONEL PORTILLO","MANANTAY","AA.HH. LA PAZ SECTOR ROCA FUERTE MZ. 12 LT. 12 (ESQUINA AV. AVIACION CON JR. LAS MARGARITAS)","2026-08-08"
"164371","DIOMIRES HEREDIA CUBAS","ESTACIÓN DE SERVICIOS / GRIFOS","CAJAMARCA","JAEN","POMAHUACA","CARRETERA PALO BLANCO - JAEN KM. 45","2026-08-09"
"16439","BELLIDO GAS S.A.C.","ESTACIÓN DE SERVICIO CON GASOCENTRO DE GLP","LIMA","LIMA","ATE","AV. LA MOLINA N° 377, 379, 381, 397 PARCELA SEMIRUSTICA LA MOLINA, MZ. D PARCELA 04","2026-08-08"
"164400","EE.SS GOLONDRINAS S.A.C.","ESTACIÓN DE SERVICIO CON GASOCENTRO DE GLP","PIURA","SULLANA","MARCAVELICA","CARRETERA PANAMERICANA NORTE DEL CENTRO POBLADO LA GOLONDRINA MARGEN DERECHA","2026-08-08"
"164476","ALONZO GUERRA ELISEO JAMIL","GRIFOS RURALES CON ALMACENAMIENTO EN CILINDROS","UCAYALI","ATALAYA","TAHUANIA","JR. 14 DE ENERO S/N -CASERIO NUEVA ITALIA","2026-08-07"
"164479","COMBUSTIBLES HS SRL","ESTACIÓN DE SERVICIOS / GRIFOS","LIMA","LIMA","ATE","AV. NICOLAS AYLLON (EX CARRETERA CENTRAL) S/N MZ. ""B"" LOTES 5 Y 5-A U.C. 10022","2026-08-09"
"164506","ESTACION DE SERVICIOS SUD AMERICA S.R.LTDA.","ESTACIÓN DE SERVICIO CON GASOCENTRO DE GLP","SAN MARTIN","SAN MARTIN","LA BANDA DE SHILCAYO","AV. VÍA DE EVITAMIENTO CUADRA 28 S/N (REF. AL COSTADO DE KUBOTA)","2026-08-07"
"164515","CURO QUISPE IRMA FLAVIA","ESTACIÓN DE SERVICIOS / GRIFOS","PUNO","SAN ROMAN","JULIACA","AV. JULIACA N° 1756 CON JR. SAN SALVADOR S/N","2026-08-06"
"164516","TRANSPORTES SAN ANDICO S.R.L.","ESTACIÓN DE SERVICIO CON GASOCENTRO DE GLP","PIURA","SULLANA","IGNACIO ESCUDERO","CARRETERA PANAMERICANA NORTE PIURA - PREDIO DON AUGUSTO U.C. 7515946037368","2026-08-07"
"164532","T & P ESTACION DE SERVICIOS SOCIEDAD ANONIMA CERRADA","ESTACIÓN DE SERVICIO CON GASOCENTRO DE GLP","JUNIN","CONCEPCION","ORCOTUNA","CARRETERA CENTRAL MARGEN DERECHA KM 15.5","2026-08-08"
"164562","GASOLINERAS DEL NORTE E.I.R.L.","ESTACIÓN DE SERVICIO CON GASOCENTRO DE GLP","PIURA","TALARA","PARIÑAS","AL SUR DE CARRETERA PANAMERICANA NORTE SUB LOTE R-4 A1","2026-08-08"
"164597","PILOTOS GAS S.A.C.","ESTACIÓN DE SERVICIO CON GASOCENTRO DE GLP","APURIMAC","ABANCAY","TAMBURCO","CARRETERA PANAMERICANA ABANCAY - CUSCO (AV. TAMBURCO)","2026-08-08"
"164617","GRIFO LA PATRONA E.I.R.L.","ESTACIÓN DE SERVICIO CON GASOCENTRO DE GLP","LAMBAYEQUE","CHICLAYO","POMALCA","CARRETERA CHICLAYO POMALCA CAMPO PEREDO JUNTO AL C.P. EL LINO MZ F LOTE 11 SECTOR 21","2026-08-09"
"164732","GRIFO CONTINENTAL S.A.C.","ESTACIÓN DE SERVICIO CON GASOCENTRO DE GLP","LAMBAYEQUE","CHICLAYO","REQUE","1ER SUB LOTE QUE PERTENECIO AL 2DO SUB LOTE QUE FORMA PARTE DELPREDIO LA CALZADA","2026-08-08"
"164737","INVERSIONES MEDIO PUNTO S.A.C.","ESTACIÓN DE SERVICIOS / GRIFOS","LAMBAYEQUE","LAMBAYEQUE","MORROPE","SECTOR DE LA CRUZ DEL MEDANO VALLE DE CHANCAY S/N FUNDO MEDANO","2026-08-08"
"164738","ESTACION DE SERVICIOS REY DE REYES","ESTACIÓN DE SERVICIOS / GRIFOS","HUANCAVELICA","HUANCAVELICA","HUANDO","AV. HUANCAYO S/N LUGAR DENOMINADO CHUÑUPAMPA (CARRETERA HUANDO-HUANCAVELICA)","2026-08-07"
"164760","ESTACION DE SERVICIO PETROLEON","ESTACIÓN DE SERVICIOS / GRIFOS","ANCASH","HUARAZ","HUARAZ","JR. PRIMAVERA S/N SECTOR LOS PINOS","2026-08-09"
"164805","COMBUSTIBLES FERNANDEZ S.A.C.","ESTACIÓN DE SERVICIO CON GASOCENTRO DE GLP","LAMBAYEQUE","CHICLAYO","CHICLAYO","ESQUINA AV. AUGUSTO B. LEGUIA Y AV SALAS MZ G LOTE 19","2026-08-09"
"164810","A & F SAYANY S.A.C.","ESTACIÓN DE SERVICIOS / GRIFOS","PUNO","LAMPA","CALAPUJA","CARRETERA JULIACA-CUSCO KM. 23+650 SECTOR SANTIAGO DE TUTUCACHI AYRAMPUNI","2026-08-04"
"164820","3A PETRO COMERCIAL AMAZONICA E.I.R.L.","ESTACIÓN DE SERVICIOS / GRIFOS","UCAYALI","CORONEL PORTILLO","YARINACOCHA","AV. UNION MZ. 182 LT. 1A ASENTAMIENTO HUMANO 3 DE DICIEMBRE","2026-08-07"
"164889","GRIFO SAN JUAN DE CHOTA S.R.L.","ESTACIÓN DE SERVICIOS / GRIFOS","CAJAMARCA","CHOTA","CHOTA","PREDIO COLPAMAYO - U.C. N° 29299 - CASERÍO CONGA BLANCA - SECTOR N° 9","2026-08-07"
"164911","PETROLCENTER S.A.C.","ESTACIÓN DE SERVICIO CON GASOCENTRO DE GLP","AREQUIPA","AREQUIPA","CERRO COLORADO","MZ. 12, LOTE 7B, ZONA H, GRUPO ZONAL 24 Y 25 - SEMI RURAL PACHACUTEC","2026-08-09"
"164965","GRIFO GRUPO MACHACA E.I.R.L.","ESTACIÓN DE SERVICIOS / GRIFOS","PUNO","SANDIA","SANDIA","AV. SELVA ALEGRE S/N, SECTOR HUAYLLABAMBA","2026-08-08"
"165006","MULTISERVICIOS NUÑOA TEXAS S.A.C.","ESTACIÓN DE SERVICIOS / GRIFOS","PUNO","MELGAR","NUÑOA","URBANIZACIÓN AMPLIACIÓN SAN PEDRO II ETAPA, MANZANA K LOTE N° 01, ESQUINA AV. TÚPAC AMARU S/N CON AV. INCA GARCILAZO DE LA VEGA","2026-08-05"
"165088","MULTISERVICIOS URAPATA S.A.C.","ESTACIÓN DE SERVICIOS / GRIFOS","PUNO","CARABAYA","MACUSANI","KM 184 + 800 CARRETERA INTEROCEÁNICA, BARRIO MIRAFLORES PROLONGACIÓN AV. CENTENARIO S/N","2026-08-05"
"165094","SELVA MANTARO SERVICIOS E.I.R.L.","ESTACIÓN DE SERVICIOS / GRIFOS","SAN MARTIN","SAN MARTIN","LA BANDA DE SHILCAYO","AV. VIA DE EVITAMIENTO CUADRA 24","2026-08-07"
"165101","OCAMPO RODRIGUEZ ANTONIO","ESTACIÓN DE SERVICIOS / GRIFOS","AMAZONAS","RODRIGUEZ DE MENDOZA","OMIA","ANEXO EL LIMON S/N","2026-08-09"
"165103","ENERGIGAS S.A.C.","ESTABLECIMIENTO DE VENTA AL PUBLICO DE GNV","PIURA","PAITA","PAITA","ZONA ESPECIAL DE DESARROLLO - ZED PAITA (CARRETERA PAITA - SULLANA - ZED - PAITA), SUB REGIÓN LUCIANO CASTILLO COLONA","2026-07-16"
"16511","HINOSTROZA HUAMAN GERARDO","ESTACIÓN DE SERVICIOS / GRIFOS","AYACUCHO","HUAMANGA","AYACUCHO","AV. ARENALES N° 831","2026-08-07"
"165119","INVERSIONES FUERZA Y ENERGIA SOCIEDAD ANONIMA CERRADA","ESTACIÓN DE SERVICIOS / GRIFOS","AREQUIPA","CAYLLOMA","COPORAQUE","CARRETERA CHIVAY A COPORAQUE A 1.4 KM","2026-08-08"
"165216","ESTACION DE SERVICIOS VALENTINOS E.I.R.L.","ESTACIÓN DE SERVICIOS / GRIFOS","CUSCO","PARURO","HUANOQUITE","ANEXO TIHUICTY ( AL INGRESO DEL CENTRO POBLADO HUANOQUITE)","2026-08-08"
"165280","SERVICENTRO KINTO SOCIEDAD ANÓNIMA CERRADA","ESTACIÓN DE SERVICIOS / GRIFOS","CUSCO","CANAS","YANAOCA","SECTOR DE ILLIHUANI PAMPA (CARRETERA INTEGRACION KANA)","2026-08-05"
"165281","D BRISA INVERSIONES SOCIEDAD ANONIMA CERRADA","ESTACIÓN DE SERVICIOS / GRIFOS","AYACUCHO","HUANTA","LURICOCHA","PREDIO CHURRUPAMPA PARCELA P-06","2026-08-05"
"165321","ZORRILLA MONGE JAIME EDGARDO","ESTACIÓN DE SERVICIO CON GASOCENTRO DE GLP","JUNIN","CONCEPCION","MATAHUASI","CARRETERA CENTRAL MARGEN IZQUIERDA KM 96","2026-08-08"
"165343","PETRO PAITA S.A.C.","ESTACIÓN DE SERVICIO CON GASOCENTRO DE GLP","PIURA","PAITA","PAITA","LOTES 15,16 Y 17, ZONA COMERCIAL DE LA ZONA ALTA DE PAITA","2026-08-07"
"165344","SERVICIOS Y TRANSPORTES LEO & JC EMPRESA INDIVIDUAL DE RESPONSABILIDAD LIMITADA","ESTACIÓN DE SERVICIOS / GRIFOS","PIURA","PIURA","LAS LOMAS","AV. PANAMERICANA S/N AA.HH. MIRAFLORES","2026-08-08"
"165361","ESTACION DE SERVICIOS MARI CIELO S.R.L.","ESTACIÓN DE SERVICIOS / GRIFOS","CAJAMARCA","HUALGAYOC","BAMBAMARCA","CARRETERA CHOTA-BAMBAMARCA KM 189+400 PREDIO HUAQUILLA SECTOR SAN ANTONIO ALTO","2026-08-08"
"165398","MULTISERVICIOS GARCIA BRICEÑO S.A.C.","ESTACIÓN DE SERVICIOS / GRIFOS","LA LIBERTAD","TRUJILLO","SIMBAL","CARRETERA TRUJILLO - OTUZCO, VALLE MOCHE, SECTOR PEDREGAL U.C. 16533, PREDIO LA CONSTANCIA","2026-08-09"
"165444","CCAMA TAIPE MARITZA","GRIFOS RURALES CON ALMACENAMIENTO EN CILINDROS","HUANCAVELICA","ANGARAES","CCOCHACCASA","CARRETERA CENTRAL KM. 01, BARRIO PUTACCA, COMUNIDAD CAMPESINA CCOCHACCASA","2026-07-27"
"165487","AXEL GAS SAC","ESTACIÓN DE SERVICIOS / GRIFOS","LIMA","HUARAL","CHANCAY","PARCELA 41 U.C. 02503, ALTURA KM 87+300 PANAMERICANA NORTE","2026-08-08"
"165556","GRIFO HUACACHINA SAC","ESTACIÓN DE SERVICIO CON GASOCENTRO DE GLP","ICA","ICA","ICA","PREDIO DENOMINADO SAN JOSÉ LOTE A Y LOTE BERNAOLA CON U.C. N° 10978","2026-08-08"
"165565","HUMBERTO MANUEL FERNANDO LAZARO MARTINEZ","ESTACIÓN DE SERVICIOS / GRIFOS","PIURA","MORROPON","CHULUCANAS","CALLE AREQUIPA N° 601","2026-08-08"
"165600","COESTI S.A EESS ALTO MOCHE","EE.SS con GNV","LA LIBERTAD","TRUJILLO","MOCHE","SUB LOTE 1B GRUPO A, SECTOR V, FRENTE A LA CARRETERA PANAMERICANA NORTE","2026-08-08"
"165607","MACHACA QUISPE HORACIO","ESTACIÓN DE SERVICIOS / GRIFOS","PUNO","SAN ANTONIO DE PUTINA","ANANEA","JIRON ANTAHUILA S/N (BARRIO ANTAHUILA) CENTRO POBLADO LA RINCONADA","2026-08-07"
"165609","ZELADA PORTOCARRERO ARSENIO","ESTACIÓN DE SERVICIOS / GRIFOS","AMAZONAS","RODRIGUEZ DE MENDOZA","LIMABAMBA","JR. SANTO TORIBIO S/N MANZANA 9, LOTE 03.","2026-07-30"
"165651","ESTACION DE SERVICIOS MI GENTE S.A.C.","ESTACIÓN DE SERVICIOS / GRIFOS","SAN MARTIN","MARISCAL CACERES","HUICUNGO","JR. ARICA S/N C-8","2026-08-08"
"165668","EMPRESA COMUNAL DE SERVICIOS MULTIPLES OYON - ECOSERMO","ESTACIÓN DE SERVICIO CON GASOCENTRO DE GLP","LIMA","OYON","OYON","BARRIO MUYUCANCHA APROX. DE 2.1 KM. DESDE OYON POR LA CARRETERA A PAMPAHUAY, VILLA OYON","2026-08-07"
"165712","INVERSIONES LOS RAPIDOS S.A.C.","GRIFOS FLOTANTES","UCAYALI","CORONEL PORTILLO","CALLERIA","MALECON GRAU S/N","2026-08-07"
"165721","ESTACIN DE SERVICIOS BRANDOM","ESTACIÓN DE SERVICIOS / GRIFOS","AMAZONAS","RODRIGUEZ DE MENDOZA","MARISCAL BENAVIDES","CARRETERA A CHICLAYO - RODRIGUEZ DE MENDOZA KM 407+080","2026-07-23"
"165731","ESTACION SERVICIOS SAN MARTIN E.I.R.L.","ESTACIÓN DE SERVICIO CON GASOCENTRO DE GLP","CAJAMARCA","JAEN","BELLAVISTA","PARTE DEL PREDIO RUSTICO CON U.C. 15992 PREDIO DENOMINADO ""LA CATAGUA"" DEL VALLE SHUMBA, SECTOR TICUNGE, BATAN, TEMBLADERA - PAPAYAL","2026-08-08"
"165760","GRIFOS VEN TOURS","ESTACIÓN DE SERVICIOS / GRIFOS","CAJAMARCA","CAJAMARCA","LOS BAÑOS DEL INCA","SECTOR RINCONADA DE OTUZCO - CENTRO POBLADO MENOR DE OTUZCO, SECTOR LA CONGONA","2026-08-05"
"165774","ESTACION DE SERVICIOS PERU NORT S.R.L.","ESTACIÓN DE SERVICIO CON GASOCENTRO DE GLP","LAMBAYEQUE","CHICLAYO","CHICLAYO","AV. PACÍFICO S/N LOTE COMERCIAL 8 Y 9 URB CIUDAD DEL CHOFER","2026-08-07"
"165785","ESTACION DE SERVICIO HAWAI COMBAPATA SOCIEDAD ANONIMA CERRADA","ESTACIÓN DE SERVICIOS / GRIFOS","CUSCO","CANCHIS","COMBAPATA","PISTA PANAMERICANA SUR, LADO NOROESTE DE LA POBLACION DE COMBAPATA","2026-08-08"
"165809","PETROLEOS Y COMBUSTIBLES DEL PERU SOCIEDAD ANONIMA CERRADA","ESTACIÓN DE SERVICIO CON GASOCENTRO DE GLP","JUNIN","JAUJA","SINCOS","CARRETERA CENTRAL KM 90.5 MARGEN DERECHA","2026-08-09"
"165825","QUISPE RAMIREZ MARGARITA","ESTACIÓN DE SERVICIOS / GRIFOS","JUNIN","CONCEPCION","ACO","CALLE BOLOGNESI S/N","2026-08-08"
"165826","CORPORACION FERRETERA DEL NORTE S.A.C.","ESTACIÓN DE SERVICIO CON GASOCENTRO DE GLP","LAMBAYEQUE","LAMBAYEQUE","LAMBAYEQUE","SECTOR SIALUPE BACA , PREDIO DENOMINADO SIALUPE  U.C. N.º 116457","2026-08-09"
"165829","GASOCENTRO CHASQUI S.A.C.","ESTACIÓN DE SERVICIO CON GASOCENTRO DE GLP","LIMA","LIMA","PACHACAMAC","AV. VÍCTOR MALÁSQUEZ MZ. B, LT. 14-15 COMUNIDAD CAMPESINA SANTA ROSA DE MANCHAY","2026-08-06"
"16583","GRIFO¿S MAFER IV S.R.L.","ESTACIÓN DE SERVICIO CON GASOCENTRO DE GLP","AREQUIPA","AREQUIPA","AREQUIPA","AV. ALFONSO UGARTE N° 214","2026-08-08"
"16585","SERVICENTROS FYF SEÑOR DE MURUHUAY EIRL","ESTACIÓN DE SERVICIOS / GRIFOS","JUNIN","TARMA","TARMA","AV. MANUEL A. ODRIA Nº 1064","2026-08-08"
"16586","COESTI S.A","ESTACIÓN DE SERVICIO CON GASOCENTRO DE GLP","LIMA","LIMA","RIMAC","AV. FRANCISCO PIZARRO N°1207","2026-08-08"
"165911","ESTACION DE SERVICIOS RACE SOCIEDAD ANONIMA CERRADA","ESTACIÓN DE SERVICIO CON GASOCENTRO DE GLP","HUANUCO","LEONCIO PRADO","LUYANDO","PROYECTO DE ADJUDICACIÓN TULUMAYO I ETAPA -CASERÍO SANTA ROSA DE SHAPAJILLA","2026-08-07"
"16592","INVERSIONES JDSF S.A.C.","ESTACIÓN DE SERVICIO CON GASOCENTRO DE GLP","AREQUIPA","AREQUIPA","SACHACA","VARIANTE DE UCHUMAYO KM 1.5","2026-08-08"
"16593","SERVICENTRO RIGO S S.R.L.","ESTACIÓN DE SERVICIOS / GRIFOS","AREQUIPA","AREQUIPA","MIRAFLORES","AV. TENIENTE PALACIOS N° 220","2026-08-07"
"165949","SERVICENTRO SANTA ELENA E.I.R.L.","ESTACIÓN DE SERVICIO CON GASOCENTRO DE GLP","LA LIBERTAD","TRUJILLO","LAREDO","UNIDAD CATASTRAL N° 00049 SECTOR CATUAY ALTO, CENTRO POBLADO MENOCUHO","2026-08-08"
"16596","GLOBAL FUEL SOCIEDAD ANONIMA","ESTACIÓN DE SERVICIOS / GRIFOS","AREQUIPA","ISLAY","MOLLENDO","ESQ. AV. MARISCAL CASTILLA N° 832-844-848 CON CALLE AURELIO DE LA FUENTE N° 125","2026-08-07"
"16599","ESTACION DE SERVICIOS SAN JOSE S.A.C. SIMBILA","ESTACIÓN DE SERVICIOS / GRIFOS","PIURA","PIURA","CATACAOS","KM. 6.5 CARRETERA PIURA - CATACAOS","2026-08-08"
"16600","REPSOL COMERCIAL S.A.C.","ESTACIÓN DE SERVICIOS / GRIFOS","LIMA","LIMA","LIMA","AV. UNIVERSITARIA SUR N° 546, CON FRENTE CALLE MATERIALES N° 156","2026-08-09"
"16602","REPSOL COMERCIAL S.A.C","ESTACIÓN DE SERVICIOS / GRIFOS","LIMA","LIMA","MIRAFLORES","AV. PASEO DE LA REPUBLICA INTERSECCION CON LA AV. ANGAMOS N° 498","2026-08-09"
"166026","GRIFOS & INVERSIONES SAN JOSE SOCIEDAD ANONIMA CERRADA","ESTACIÓN DE SERVICIOS / GRIFOS","PUNO","SAN ROMAN","JULIACA","AV. CIRCUNVALACIÓN N° 1779-1785 ESQ. CON JR. COLISEO S/N","2026-08-08"
"166027","GRIFO JFAZ","ESTACIÓN DE SERVICIOS / GRIFOS","PUNO","PUNO","PUNO","JR. PAUCARCOLLA N° 220, BARRIO CERRO COLORADO","2026-08-05"
"16603","CONSULTORA NORQUEENS S.A.C.","ESTACIÓN DE SERVICIOS / GRIFOS","LIMA","HUARAL","HUARAL","LOTIZADORA SEÑOR DE LOS MILAGROS MZ. B LTS. 26 Y 27","2026-08-02"
"166030","GRIFO PETRO SAN ANTONIO E.I.R.L","ESTACIÓN DE SERVICIOS / GRIFOS","AMAZONAS","UTCUBAMBA","BAGUA GRANDE","CARR. FERNANDO BELAUNDE TERRY KM232 SECTOR SAN ANTONIO","2026-08-09"
"166049","GRUPO PETROLEX S.A.C.","ESTACIÓN DE SERVICIOS / GRIFOS","AREQUIPA","CONDESUYOS","RIO GRANDE","SECTOR DE CARAMA MZ. C, LOTE 15","2026-08-08"
"16607","ESTACION SERVICIOS SAN LUIS E.I.R.L.","ESTACIÓN DE SERVICIOS / GRIFOS","AMAZONAS","CHACHAPOYAS","CHACHAPOYAS","JR. DOS DE MAYO CUADRA 12 ESQ. CON JR. LA MERCED","2026-08-07"
"16608","CLARIGO S.A.C.","ESTACIÓN DE SERVICIO CON GASOCENTRO DE GLP","LIMA","LIMA","LURIGANCHO","AV. LAS FLORES Nº 750, URB. SANTA MARIA","2026-08-09"
"16610","GRIFOS TUCANO S.R.L","ESTACIÓN DE SERVICIOS / GRIFOS","AREQUIPA","AREQUIPA","PAUCARPATA","ESQ. CALLE LOS ANGELES CON JERUSALEN, LOTE Nº 1, MZ. T, ZONA A, PP.JJ. ISRAEL","2026-08-08"
"16612","GLOBAL FUEL SA","EE.SS con GLP y GNV","LIMA","LIMA","LIMA","AV. PETIT THOUARS N° 1148, URB. SANTA. BEATRIZ","2026-08-05"
"16613","ESTACION DE SERVICIOS SANTA LUCIA S.R.LTDA.","ESTACIÓN DE SERVICIOS / GRIFOS","AREQUIPA","CAYLLOMA","CHIVAY","AV. 22 DE AGOSTO N° 400","2026-08-08"
"166132","ALONZO GUERRA ELISEO JAMIL","GRIFOS RURALES CON ALMACENAMIENTO EN CILINDROS","UCAYALI","PADRE ABAD","ALEXANDER VON HUMBOLD","URB. EMANUEL MZ. 57 F LT. 13","2026-08-03"
"166134","ALONZO GUERRA ELISEO JAMIL","GRIFOS RURALES CON ALMACENAMIENTO EN CILINDROS","UCAYALI","CORONEL PORTILLO","MASISEA","CASERIO VILLA EL PESCADOR S/N","2026-08-05"
"16614","COESTI SAN JUAN","ESTACIÓN DE SERVICIOS / GRIFOS","AREQUIPA","AREQUIPA","LA JOYA","PUEBLO JOVEN PROGRESO KM. 48, MZ. VI, LOTES 1, 2, 3, 4 Y 5","2026-08-09"
"166151","ARAUJO VEGA LALO","ESTACIÓN DE SERVICIOS / GRIFOS","CUSCO","CHUMBIVILCAS","SANTO TOMAS","CCOÑEC UNO PATA S/N","2026-08-07"
"166158","ESTACION DE SERVICIOS PERCHALLE S.A.C.","ESTACIÓN DE SERVICIOS / GRIFOS","CAJAMARCA","SANTA CRUZ","SANTA CRUZ","CERCADO SANTA CRUZ, EL TINAJÓN S/N","2026-08-07"
"16616","COESTI S.A","ESTACIÓN DE SERVICIO CON GASOCENTRO DE GLP","LIMA","LIMA","CHORRILLOS","ESQ. DE LA AV. DEFENSORES DEL MORRO N° 360 CON LA AV. ALFONSO UGARTE","2026-08-08"
"16617","REPSOL COMERCIAL S.A.C.","ESTACIÓN DE SERVICIOS / GRIFOS","LIMA","LIMA","SURQUILLO","AV. JOSE GÁLVEZ BARRENECHEA N° 1146 (ANTES AV. PRINCIPAL) ESQ. CON CALLE 32 URB. VILLA VICTORIA","2026-08-09"
"16618","PACHACUTEC INVERSIONES GENERALES SRL","ESTACIÓN DE SERVICIO CON GASOCENTRO DE GLP","LIMA","LIMA","VILLA EL SALVADOR","ESQUINA AV. PACHACUTEC Y AV. EL SOL MZ. E LT. 1 PARQUE INDUSTRIAL","2026-08-09"
"166182","INVERSIONES VAT EMPRESA INDIVIDUAL DE RESPONSABILIDAD LIMITADA","GRIFOS FLOTANTES","LORETO","MAYNAS","NAPO","MARGEN IZQUIERDA DEL RIO NAPO","2026-08-06"
"166186","SERVICENTROS YORCH EIRL","ESTACIÓN DE SERVICIOS / GRIFOS","AYACUCHO","HUANTA","LLOCHEGUA","PREDIO PERIAVENTE ALTA PARCELA N°PAL-35 REFERENCIA CARRETERA HACIA CHOYMACOTA, ANEXO PERIAVENTE ALTA","2026-08-01"
"166188","ESTACION DE SERVICIO MUÑOZ E.I.R.L.","ESTACIÓN DE SERVICIO CON GASOCENTRO DE GLP","AREQUIPA","AREQUIPA","SOCABAYA","SECTOR ACEQUIA ALTA, PREDIO LA MONTOYA, AVENIDA SALAVERRY, U.C. 27696","2026-08-07"
"16619","COESTI SA","ESTACIÓN DE SERVICIOS / GRIFOS","LIMA","LIMA","SAN ISIDRO","AV. AUGUSTO PEREZ ARANIBAR (ANTES AV. DEL EJERCITO) N° 2199 ESQ. AV. SALAVERRY","2026-08-08"
"166196","PETRONEGOCIOS Y SERVICIOS GENERALES JANAMPASS S.A.C.","ESTACIÓN DE SERVICIOS / GRIFOS","AYACUCHO","HUANTA","SIVIA","PROLONGACIÓN AV. SIVIA S/N BARRIO HOSPITAL  CENTRO POBLADO TRIBOLINE","2026-08-03"
"16620","EMPRESA ESTACION DE SERVICIOS GENERALES JORGE E.I.R.L.","ESTACIÓN DE SERVICIOS / GRIFOS","MOQUEGUA","ILO","ILO","MZA. 15, SECTOR B, VIA COSTANERA SUR (ZONA CORRALITOS)","2026-08-08"
"166204","SERVICENTRO RADAR SOCIEDAD COMERCIAL DE RESPONSABILIDAD LIMITADA","ESTACIÓN DE SERVICIOS / GRIFOS","UCAYALI","CORONEL PORTILLO","CALLERIA","LOTE 01 MZ. B DE LA HAB. URB. MUNICIPAL SAN MARCOS","2026-08-08"
"16622","SERVICENTRO SANTA CECILIA S.A.C.","ESTACIÓN DE SERVICIO CON GASOCENTRO DE GLP","LIMA","LIMA","PUEBLO LIBRE","AV. SIMON BOLIVAR N° 499 ESQUINA CON JR. ISLAS HAWAI","2026-08-09"
"16625","SAN ANDRES ABANCAY E.I.R.L.","ESTACIÓN DE SERVICIOS / GRIFOS","APURIMAC","ABANCAY","ABANCAY","AV. PRADO S/N","2026-08-05"
"166257","INVERSIONES NUMAY PACÍFICO SOCIEDAD COMERCIAL DE RESPONSABILIDAD LIMITADA","ESTACIÓN DE SERVICIOS / GRIFOS","CUSCO","ESPINAR","ESPINAR","AV. COLON S/N CARRETERA ESPINAR - AREQUIPA","2026-08-07"
"166265","MAYTA GUERRA REMIGIO ANGELICO","ESTACIÓN DE SERVICIOS / GRIFOS","UCAYALI","CORONEL PORTILLO","CALLERIA","CARRETERA FEDERICO BASADRE MZ. A LT. 8, 9, 10,11,13,14 H.U.P. VILLA EMLITA","2026-08-05"
"166268","ESTACION DE SERVICIOS LA PERLA DEL HUASCAYACU S.A.C.","ESTACIÓN DE SERVICIOS / GRIFOS","SAN MARTIN","MOYOBAMBA","MOYOBAMBA","JR. BAGUA S/N CENTRO POBLADO PUEBLO LIBRE","2026-08-07"
"166273","OVF SOCIEDAD ANONIMA CERRADA","ESTACIÓN DE SERVICIO CON GASOCENTRO DE GLP","CAJAMARCA","JAEN","JAEN","PARCELA 'LA ESPERANZA', U.C. 003461, CARRETERA CHAMAYA - JAÉN KM 7.3","2026-08-07"
"166285","GRIFO GASOIL SOCIEDAD ANONIMA CERRADA - GRIFO GASOIL S.A.C.","ESTACIÓN DE SERVICIOS / GRIFOS","CUSCO","CHUMBIVILCAS","SANTO TOMAS","SECTOR SOÑAQUE, CARRETERA SANTO TOMAS - ESPINAR","2026-08-03"
"166294","PETROGRIZ GROUP S.A.C.","ESTACIÓN DE SERVICIOS / GRIFOS","AYACUCHO","CANGALLO","LOS MOROCHUCOS","AV. CHANQUIL S/Nº","2026-08-06"
"16630","INVERSIONES FOUR STARS EIRL","ESTACIÓN DE SERVICIOS / GRIFOS","AREQUIPA","AREQUIPA","CERRO COLORADO","AUTOPISTA 54, CALLE 5, LOTES 1 Y 2, MZ. L ASOC. FRANCISCO JAVIER DE LUNA PIZARRO","2026-08-07"
"16631","SERVICENTRO LA PAMPILLA SOCIEDAD COMERCIAL DE RESPONSABILIDAD LIMITADA-SERVICENTRO LA PAMPILLA S.R.L","EE.SS con GLP y GNV","PROV. CONST. DEL CALLAO","PROV. CONST. DEL CALLAO","CALLAO","AV. NESTOR GAMBETA, ESQUINA CALLE N° 6, SUB LOTE 01, URB. INDUSTRIAL OQUENDO","2026-08-08"
"166317","SERVICENTRO TEPHO S.R.L.","ESTACIÓN DE SERVICIOS / GRIFOS","AREQUIPA","AREQUIPA","CERRO COLORADO","ASOCIACIÓN DE VIVIENDA PEQUEÑOS ARTESANOS AMAZONAS MZ. E, LOTE 8, ZONA A","2026-08-08"
"16632","GRIFO GIANPIERO S.A.C.","ESTACIÓN DE SERVICIOS / GRIFOS","ICA","NAZCA","VISTA ALEGRE","PANAMERICANA SUR KM. 452.85","2026-08-08"
"166323","CORPORACION CHAGUALITO S.A.C.","ESTACIÓN DE SERVICIOS / GRIFOS","LA LIBERTAD","SANCHEZ CARRION","COCHORCO","CARRETERA HUAMACHUCO-TAYABAMBA S/N CASERIO CHAGUALITO","2026-08-04"
"166324","INVERSIONES DIESEL PACIFICO S.A.C.","ESTACIÓN DE SERVICIOS / GRIFOS","LIMA","HUARAL","HUARAL","LA HUACA P20 PROYECTO LA HUACA- INDIVIDUALES - P18013789, DESVIO VARIANTE PASAMAYO","2026-08-08"
"16633","SHILCAYO GRIFO S.R.","ESTACIÓN DE SERVICIOS / GRIFOS","SAN MARTIN","SAN MARTIN","LA BANDA DE SHILCAYO","JR. CABO ALBERTO LEVEAU N° 282","2026-08-08"
"166340","CORPORACION E INVERSIONES IBECE S.A.C.","ESTACIÓN DE SERVICIOS / GRIFOS","LIMA","HUAURA","VEGUETA","SECTOR LOS VIÑOS MATACABALLO PANAMERICANA NORTE KM 175+500","2026-08-07"
"166346","MONTERO NAJERA MIRIAM KAREN","ESTACIÓN DE SERVICIOS / GRIFOS","SAN MARTIN","TOCACHE","UCHIZA","CARRETERA UCHIZA - HUICTE KM. 1.500, UCHIZA","2026-07-24"
"166353","FULL TANK BELLAVISTA E.I.R.L.","ESTACIÓN DE SERVICIO CON GASOCENTRO DE GLP","AYACUCHO","HUAMANGA","SAN JUAN BAUTISTA","INTERSECCION ENTRE EL JR. JOSE CARLOS MARIATEGUI S/N Y CALLE S/N","2026-08-08"
"16636","REPSOL COMERCIAL S.A.C.","EE.SS con GLP y GNV","PROV. CONST. DEL CALLAO","PROV. CONST. DEL CALLAO","CALLAO","AV. ELMER FAUCETT 6000 Y ESQUINA CON NESTOR GAMBETA S/N","2026-08-08"
"16638","REPSOL COMERCIAL S.A.C.","ESTACIÓN DE SERVICIOS / GRIFOS","LIMA","LIMA","RIMAC","AV. 09 DE OCTUBRE Nº 508 (AV. CIRCUNVALACION KM. 6.5), PIEDRA LIZA","2026-08-09"
"16639","REPSOL COMERCIAL S.A.C.","ESTACIÓN DE SERVICIO CON GASOCENTRO DE GLP","LIMA","LIMA","ATE","AV. NICOLAS AYLLON N° 2970","2026-08-09"
"16640","REPSOL COMERCIAL S.A.C.","ESTACIÓN DE SERVICIOS / GRIFOS","LIMA","LIMA","SAN ISIDRO","AV. DEL PARQUE SUR N° 285 ESQ. AV. GUARDIA CIVIL","2026-08-09"
"16641","REPSOL COMERCIAL S.A.C.","ESTACIÓN DE SERVICIOS / GRIFOS","LIMA","LIMA","SANTIAGO DE SURCO","AV. TOMAS MARSANO ESQUINA CON AV. LOS PROCERES","2026-08-09"
"166411","SERVICENTRO ROBLES EMPRESA INDIVIDUAL DE RESPONSABILIDAD LIMITADA","ESTACIÓN DE SERVICIO CON GASOCENTRO DE GLP","JUNIN","HUANCAYO","PILCOMAYO","AV. CORONEL PARRA N° 1239","2026-08-09"
"16642","REPSOL COMERCIAL S.A.C.","ESTACIÓN DE SERVICIOS / GRIFOS","LIMA","LIMA","INDEPENDENCIA","AV. ALFREDO MENDIOLA N° 2000","2026-08-09"
"16643","ESTACION DE SERVICIOS AVIACION S.A.C.","ESTACIÓN DE SERVICIOS / GRIFOS","LIMA","LIMA","SAN BORJA","INTERSECCION DE LA AV. SAN BORJA NORTE Y LA AV. AVIACION N° 2680","2026-08-04"
"16644","GRIFOS ESPINOZA S.A.","EE.SS con GLP y GNV","LIMA","LIMA","LIMA","AV. AREQUIPA Nº 908, ESQUINA CON JR. EMILIO FERNANDEZ - URB. SANTA BEATRIZ","2026-08-05"
"16645","COESTI S.A. - E/S NAVAL","ESTACIÓN DE SERVICIOS / GRIFOS","LIMA","LIMA","SAN BORJA","AV. SAN LUIS Nº 2480","2026-08-09"
"166477","ESTACION DE SERVICIOS E INVERSIONES JIREH S.R.L.","ESTACIÓN DE SERVICIO CON GASOCENTRO DE GLP","LA LIBERTAD","TRUJILLO","HUANCHACO","PREDIO VALDIVIA, PARCELA G LOTE 09 Y 10","2026-08-07"
"16649","EE SS GASOLINAS DE AMERICA SAC","ESTACIÓN DE SERVICIO CON GASOCENTRO DE GLP","LIMA","LIMA","SAN ISIDRO","AV. PETIT THOUARS Nº 3305 - 3307","2026-08-08"
"16654","GRIFO LA LAGUNA S.A.C.","ESTACIÓN DE SERVICIOS / GRIFOS","ANCASH","HUARMEY","HUARMEY","PANAMERICANA NORTE KM 294 MZ. W LT. 7 AA.HH. LA VICTORIA","2026-08-07"
"166544","ESTACIONES SUR ANDINA S.R.L.","ESTACIÓN DE SERVICIOS / GRIFOS","AREQUIPA","CONDESUYOS","YANAQUIHUA","COMUNIDAD CAMPESINA DE ISPACAS, BARRIO CHAUPI, CALLE 5 DE AGOSTO S/N, MZ. P, LOTE 04","2026-08-03"
"166552","GRUPO CHAMET SOCIEDAD ANONIMA CERRADA","ESTACIÓN DE SERVICIOS / GRIFOS","PUNO","SANDIA","SANDIA","JR. SELVA ALEGRE S/N SECTOR HUAYLLABAMBA","2026-08-07"
"166560","ESTACION DE SERIVICOS COLPACK SAC","ESTACIÓN DE SERVICIOS / GRIFOS","LA LIBERTAD","SANCHEZ CARRION","HUAMACHUCO","CARRETERA TRUJILLO - HUAMACHUCO, PREDIO 31892","2026-08-03"
"166589","PRIMAX KEVIN 3","ESTACIÓN DE SERVICIOS / GRIFOS","SAN MARTIN","TOCACHE","NUEVO PROGRESO","CARRETERA FERNANDO BELAUNDE TERRY MZ. L, LOTE 03  CENTRO POBLADO RIO UCHIZA","2026-08-09"
"16662","MULTISERVICIOS ECOGAS S.A.C.","ESTACIÓN DE SERVICIOS / GRIFOS","CUSCO","CUSCO","CUSCO","ESQ. AV. APURIMAC CON CALLE AYAHUAICO N° 603","2026-08-08"
"16664","GRIFOS SAGITARIO S.R.L.","ESTACIÓN DE SERVICIO CON GASOCENTRO DE GLP","LIMA","HUAURA","HUACHO","ESQ. CALLE ECHENIQUE Y FRANCISCO VIDAL N° 903","2026-08-08"
"16666","BRAULIO ROGELIO MONTUFAR ARGOLLO","ESTACIÓN DE SERVICIOS / GRIFOS","PUNO","CHUCUITO","DESAGUADERO","KM. 2 CARRETERA DESAGUADERO - ILO, COMUNIDAD CAMPESINA LUPACA","2026-08-07"
"16667","ESTACIONES PETROL FAST SRL","ESTACIÓN DE SERVICIOS / GRIFOS","AREQUIPA","AREQUIPA","CHIGUATA","CALLE Nº 1, LOTE 6 MANZANA C, ASOCIACION DE GRANJEROS SANTO DOMINGO DE SAN BERNARDO","2026-08-07"
"16670","ESTACION BELEN","ESTACIÓN DE SERVICIOS / GRIFOS","LIMA","LIMA","MIRAFLORES","INTERSECCION DE LA AV. GENERAL CORDOVA N° 1025 Y AV. HIPOLITO UNANUE N° 370.","2026-08-07"
"16671","BEMCHO S.A.C.","ESTACIÓN DE SERVICIO CON GASOCENTRO DE GLP","LIMA","LIMA","LIMA","JR. SARGENTO ENRIQUE VILLAR 308 MZ. 12-B LT. 06 URB. SANTA BEATRIZ","2026-08-09"
"166710","EE.SS SANTISTEBAN","ESTACIÓN DE SERVICIOS / GRIFOS","LA LIBERTAD","SANCHEZ CARRION","HUAMACHUCO","CARRETERA HUAMACHUCO - CAJABAMBA S/N, CASERIO SHIRACMACA","2026-08-07"
"16672","COESTI S.A.- ESSANTAVICTORIA","ESTACIÓN DE SERVICIO CON GASOCENTRO DE GLP","LAMBAYEQUE","CHICLAYO","CHICLAYO","AV. JOSE BALTA Nº 012 Y CALLE LAS CASUARINAS Nº 120","2026-08-09"
"16673","MULTISERVICIOS FRANDAB EMPRESA INDIVIDUAL DE RESPONSABILIDAD LIMITADA","ESTACIÓN DE SERVICIOS / GRIFOS","AREQUIPA","ISLAY","COCACHACRA","CALLE DEÁN VALDIVIA S/N Y CALLE LIBERTAD N° 1312","2026-08-07"
"16675","COESTI SA EESS LARCO","ESTACIÓN DE SERVICIOS / GRIFOS","LA LIBERTAD","TRUJILLO","TRUJILLO","AV. VICTOR LARCO HERRERA N° 1132 URB. EL OVALO","2026-08-07"
"166754","GRIFOS SM & SL S.A.C.","ESTACIÓN DE SERVICIOS / GRIFOS","AMAZONAS","UTCUBAMBA","BAGUA GRANDE","CARRETERA FERNANDO BELAUNDE TERRY KM. 233 SECTOR SAN ANTONIO","2026-08-08"
"166758","CENTRO COMERCIAL REQUEJO E.I.R.L.","GRIFOS FLOTANTES","LORETO","DATEM DEL MARAÑON","BARRANCA","MARGEN IZQUIERDA DEL RÍO MARAÑÓN, EN LA LOCALIDAD DE SAN LORENZO","2026-08-06"
"166760","CENTRO COMERCIAL REQUEJO E.I.R.L.","GRIFOS FLOTANTES","LORETO","DATEM DEL MARAÑON","BARRANCA","MARGEN DERECHA DEL RIO MARAÑON, EN LA LOCALIDAD DE SAN LORENZO","2026-08-06"
"16677","EMPRESA DE TRANSPORTES NUEVO CALIFORNIA S.A.","ESTACIÓN DE SERVICIOS / GRIFOS","LA LIBERTAD","TRUJILLO","VICTOR LARCO HERRERA","VIA DE EVITAMIENTO MZ. J LT. 03-12, URB. LOS SAUCES","2026-08-08"
"16678","REPSOL COMERCIAL S.A.C.","ESTACIÓN DE SERVICIO CON GASOCENTRO DE GLP","TACNA","TACNA","TACNA","AV. HIPOLITO UNANUE N° 990. ESQUINA CON LA CALLE ENRIQUE QUIJANO","2026-08-09"
"166784","COMBUSTIBLES SELECTOS S.A.C.","ESTACIÓN DE SERVICIO CON GASOCENTRO DE GLP","LIMA","LIMA","CARABAYLLO","MZ. 29 LTS. 11,14,15,16,17 Y 18 NUEVA URBANIZACION TORRE BLANCA 2DA ETAPA","2026-08-07"
"166785","GRIFO CAROLINA","ESTACIÓN DE SERVICIOS / GRIFOS","PIURA","HUANCABAMBA","HUANCABAMBA","BARRIO CHALACO CALLE CHOQUEHUANCA N° 331","2026-08-07"
"16680","CONSORCIO SUPER GRIFO LA RIBERA SRL","ESTACIÓN DE SERVICIOS / GRIFOS","JUNIN","HUANCAYO","HUANCAYO","AV. DANIEL ALCIDES CARRION Nº 2265","2026-08-04"
"16681","INVERSIONES FIGUEROA S.R.L.","ESTACIÓN DE SERVICIOS / GRIFOS","LIMA","LIMA","SAN JUAN DE LURIGANCHO","ESQ. AV. SAN MARTIN Y AV. SANTA ROSA CANTO GRANDE, UNIDAD 12 MZ G LT. 5.","2026-07-31"
"16682","GRIFO SERVICENTRO SONIA EIRL","ESTACIÓN DE SERVICIO CON GASOCENTRO DE GLP","MADRE DE DIOS","TAMBOPATA","TAMBOPATA","AV. DOS DE MAYO, MZ. I , N° 677","2026-08-08"
"166822","SERVICENTRO PGM S.R.L.","ESTACIÓN DE SERVICIOS / GRIFOS","CUSCO","URUBAMBA","CHINCHERO","CARRETERA CUSCO - CHINCHERO KM. 26","2026-07-30"
"166827","ESTACION DE SERVICIO NEVADO S.R.L.","ESTACIÓN DE SERVICIO CON GASOCENTRO DE GLP","PIURA","PIURA","CASTILLA","CARRETERA LA OBRILLA, PARCELA 124895 Y 124896  CASERÍO SAN VICENTE","2026-08-08"
"16685","ESTACION DE SERVICIOS LOS LEONES SAC","ESTACIÓN DE SERVICIOS / GRIFOS","CAJAMARCA","JAEN","JAEN","AV. PAKAMUROS KM 20 SECTOR PUEBLO LIBRE","2026-08-09"
"166915","INVERSIONES MEME E.I.R.L.","ESTACIÓN DE SERVICIOS / GRIFOS","LAMBAYEQUE","LAMBAYEQUE","MORROPE","CALLE SAN ANTONIO S/N - CUADRA 2 - SECTOR LA OTRA BANDA","2026-08-07"
"16692","GRIFOS ISAAC NR S.A.C.","ESTACIÓN DE SERVICIO CON GASOCENTRO DE GLP","ANCASH","SANTA","CHIMBOTE","AV. PARDO N° 2296 P.J. MIRAFLORES I ZONA","2026-08-08"
"166930","MULTISERVICIOS SANTA INES E.I.R.L","ESTACIÓN DE SERVICIOS / GRIFOS","CUSCO","CUSCO","SAN SEBASTIAN","URBANIZACION TUPAC AMARU X-1","2026-08-05"
"166932","ESTACION DE SERVICIOS SAN JOSE S.A.C.","EE.SS con GLP y GNV","PIURA","SULLANA","SULLANA","MZ. A SUB LOTE 3A, ZONA INDUSTRIAL MUNICIPAL IV","2026-08-08"
"16694","ESTACION LA MAR PRIMAX","EE.SS con GLP y GNV","LIMA","LIMA","SAN MIGUEL","AV. LA MAR N° 2382 Y AV. RIVAGÜERO N° 810 URB. PANDO IV ETAPA (ANTES AV. RIVA AGUERO ESQ. CON LA MAR)","2026-08-08"
"16695","ESTACION DE SERVICIOS MORALES EIRL","ESTACIÓN DE SERVICIOS / GRIFOS","SAN MARTIN","SAN MARTIN","MORALES","JR. VICTORIA VASQUEZ N° 101 (ESQUINA AV. SALAVERRY N° 300)","2026-08-07"
"16696","EMPRESA DE TRANSPORTES & MULTISERVICIOS LEONARDO E.I.R.L.","ESTACIÓN DE SERVICIOS / GRIFOS","SAN MARTIN","RIOJA","RIOJA","JR. ANGAIZA N° 391-395 ESQUINA CON JR. JUAN SIMONS","2026-08-04"
"16698","SERVICENTRO Y MULTISERVICIOS SAN PEDRO S.A.C.","ESTACIÓN DE SERVICIO CON GASOCENTRO DE GLP","LA LIBERTAD","PACASMAYO","SAN PEDRO DE LLOC","CARRETERA PANAMERICANA NORTE KM. 670 - VIA DE EVITAMIENTO","2026-08-07"
"166981","ANTONIO OCAMPO RODRIGUEZ","ESTACIÓN DE SERVICIOS / GRIFOS","AMAZONAS","RODRIGUEZ DE MENDOZA","OMIA","AV. PROGRESO S/N CASERIO NUEVO CHIRIMOTO","2026-08-09"
"16699","CORPORACION CENTURION  S.A.C.","ESTACIÓN DE SERVICIOS / GRIFOS","APURIMAC","ANDAHUAYLAS","TALAVERA","AV. HUALALACHI N° 139","2026-08-07"
"16700","EMPRESA DE TRANSPORTES Y SERVICIOS VIRGEN DE LA PUERTA S.A. ","EE.SS con GLP y GNV","LIMA","LIMA","PUENTE PIEDRA","AV. REPUBLICA DE CROACIA N° 377, ZAPALLAL","2026-08-08"
"167004","INVERSIONES DOS FRONTERAS S.A.C","ESTACIÓN DE SERVICIOS / GRIFOS","LORETO","MAYNAS","BELEN","PUEBLO JOVEN 9 DE OCTUBRE II ETAPA; MZ. I, LT. 22A","2026-08-08"
"16701","SERVICENTRO V Y M YBAÑEZ SAC","ESTACIÓN DE SERVICIOS / GRIFOS","SAN MARTIN","SAN MARTIN","MORALES","AV. SALAVERRY N° 428","2026-08-03"
"16702","GRIFO RANESI SAC","ESTACIÓN DE SERVICIOS / GRIFOS","LIMA","LIMA","LURIGANCHO","AV. CIRCUNVALACION LT. 34 ASOCIACION DIGNIDAD NACIONAL HUACHIPA - SANTA MARIA DE HUACHIPA","2026-08-06"
"167020","MAINA MAX ESTACIONES DE SERVICIO S.A.C.","ESTACIÓN DE SERVICIO CON GASOCENTRO DE GLP","LAMBAYEQUE","CHICLAYO","LA VICTORIA","AV. PROLONGACION MIGUEL GRAU CON CA. SAN MARTIN - PREDIO CHACUPE U.C. 12079","2026-08-08"
"16703","COESTI SA","EE.SS con GNV","LIMA","LIMA","MIRAFLORES","AV. PASEO DE LA REPUBLICA N° 5545 ESQUINA CON LA AV. RICARDO PALMA","2026-08-09"
"16704","ESTACIÓN DE SERVICIOS EL BOSQUE SRL","ESTACIÓN DE SERVICIO CON GASOCENTRO DE GLP","TUMBES","TUMBES","TUMBES","AV TUMBES NORTE 2199 AAHH EL BOSQUE","2026-08-09"
"16706","CLARIGO S.A.C.","ESTACIÓN DE SERVICIO CON GASOCENTRO DE GLP","LIMA","LIMA","SAN JUAN DE LURIGANCHO","AV. CRUZ DE MOTUPE MZ N 1 LOTE 1, AA HH MONTENEGRO","2026-08-08"
"167064","ESTACION MORALITOS EMPRESA INDIVIDUAL DE RESPONSABILIDAD LIMITADA","ESTACIÓN DE SERVICIO CON GASOCENTRO DE GLP","JUNIN","CHANCHAMAYO","PERENE","AV. MARGINAL KM. 65, COMUNIDAD NATIVA BAJO ALDEA (CARRETERA PERENE - LA MERCED)","2026-08-09"
"16709","COESTI S.A. ES AEROPUERTO","ESTACIÓN DE SERVICIOS / GRIFOS","CUSCO","CUSCO","WANCHAQ","PARQUE INDUSTRIAL LOTE A-20","2026-08-09"
"167101","GRIFOS SAN PEDRITO J & L E.I.R.L.","ESTACIÓN DE SERVICIOS / GRIFOS","UCAYALI","CORONEL PORTILLO","MANANTAY","ASENTAMIENTO ASOCIACION DE MORADORES DEL AA.HH. GRIMANEZA PAREDES DE NITZUMA MZ. 56 LTS. 01 Y 20 (ESQUINA JR. MIGUEL GRAU Y JR. CIRO ALEGRIA)","2026-08-09"
"167107","INVERSIONES CRISTO MORADO S.A.C.","ESTACIÓN DE SERVICIOS / GRIFOS","UCAYALI","CORONEL PORTILLO","MANANTAY","AV. VIA DE EVITAMIENTO SUR N°1101 MZ. 1 LT. 1 URB. NUEVA AMERICA","2026-08-07"
"16712","INVERSIONES BJL S.A.C.","ESTACIÓN DE SERVICIOS / GRIFOS","PROV. CONST. DEL CALLAO","PROV. CONST. DEL CALLAO","BELLAVISTA","AV. JOSE GALVEZ N° 501","2026-08-08"
"16713","FERRETERIA HUERTOS DE SANTA ROSA S.A.C.","ESTACIÓN DE SERVICIO CON GASOCENTRO DE GLP","LIMA","LIMA","LURIN","ANTIGUA PANAMERICANA SUR, ESQ. CON AV. LOS ALAMOS MZ. A, LOTE 1","2026-08-08"
"167142","GRIFOS FAGA EIRL","ESTACIÓN DE SERVICIOS / GRIFOS","PUNO","SAN ROMAN","JULIACA","AV. CIRCUNVALACIÓN NORTE N° 2300, 2306 Y 2310 ESQ. CON EL JIRON PARINACOCHAS N° 101, 105, 109 Y 123 URBANIZACIÓN AMPLIACIÓN JORGE CHAVEZ","2026-08-07"
"16715","INVERSIONES SERVICENTRO GAEL E.I.R.L.","ESTACIÓN DE SERVICIOS / GRIFOS","LAMBAYEQUE","CHICLAYO","JOSE LEONARDO ORTIZ","ESQUINA MARIANO CORNEJO NRO. 698 Y AV. MEXICO NRO. 3191","2026-08-08"
"167153","GRIFO SAN ROQUE","ESTACIÓN DE SERVICIO CON GASOCENTRO DE GLP","LIMA","HUAROCHIRI","SANTA CRUZ DE COCACHACRA","AV. NICOLAS DE PIEROLA SUR, LOTE 2A, SECTOR PURHUAY, ALTURA DEL KM 47.100 DE LA CARRETERA CENTRAL","2026-08-08"
"16716","EMPRESA DE TRANSPORTE DE SERVICIOS MULTIPLES 3M S.A.","ESTACIÓN DE SERVICIOS / GRIFOS","CAJAMARCA","CAJAMARCA","CAJAMARCA","AV. MIGUEL CARDUCCI N° 790 - BARRIO SAMANA CRUZ","2026-08-04"
"16718","CASTILLA LOS ANDES E.I.R.L.","ESTACIÓN DE SERVICIO CON GASOCENTRO DE GLP","JUNIN","HUANCAYO","EL TAMBO","AV. MARISCAL CASTILLA N° 2896","2026-08-07"
"167196","ESTACION DE SERVICIOS YESSENIA S.A.C.","ESTACIÓN DE SERVICIO CON GASOCENTRO DE GLP","LA LIBERTAD","ASCOPE","CHICAMA","SECTOR LA PASCONA - LOTE LA PASCONA IV (B1), VALLE CHICAMA (ALTURA DEL KM 589, MARGEN DERECHA CARRETERA PANAMERICANA NORTE)","2026-08-08"
"16720","ESTACION DE SERVICIOS FORMULA UNO SAC","ESTACIÓN DE SERVICIO CON GASOCENTRO DE GLP","LAMBAYEQUE","CHICLAYO","CHICLAYO","AVENIDA EUFEMIO LORA Y LORA, PASAJE ITURREGUI Y CALLE FRANCISCO CUNEO","2026-08-08"
"16722","SERVICENTRO EL TRIANGULO DE ORO S.R.L.","ESTACIÓN DE SERVICIO CON GASOCENTRO DE GLP","PIURA","TALARA","EL ALTO","CARRETERA PANAMERICANA NORTE KM. 1190","2026-08-07"
"16723","SERVICENTRO SMILE S.A.","EE.SS con GLP y GNV","LIMA","LIMA","ATE","CALLE LOS ORFEBREROS N° 129, URB. INDUSTRIAL EL ARTESANO","2026-08-09"
"167236","GRIFOSOL ESTACIONES DE SERVICIOS E.I.R.L.","ESTACIÓN DE SERVICIOS / GRIFOS","UCAYALI","CORONEL PORTILLO","CALLERIA","ASOCIACION PRO VIVIENDA MELITA RUIZ DE PADILLA MANZANA E, LOTE 1 (ESQUINA AV. LLOQUE YUPANQUI Y JR. 29 DE DICIEMBRE)","2026-08-09"
"16724","ADRIATICO E.I.R.L.","ESTACIÓN DE SERVICIOS / GRIFOS","ICA","PISCO","PARACAS","ASOCIACION PRO VIVIENDA JULIO C. TELLO CALLE 2 Y 6, MZ. B, LOTES 9 Y 10","2026-08-08"
"167244","SIRCON PACHACUTEC E.I.R.L.","ESTACIÓN DE SERVICIO CON GASOCENTRO DE GLP","PROV. CONST. DEL CALLAO","PROV. CONST. DEL CALLAO","VENTANILLA","AV. G (AV. 200) ESQ. CON CALLE 19 Y CALLE 20 PROYECTO PILOTO NUEVO PACHACUTEC","2026-08-08"
"16725","ESTACION DE SERVICIOS MAYORAZGO S.A.","ESTACIÓN DE SERVICIO CON GASOCENTRO DE GLP","LIMA","LIMA","ATE","AV. PROLONGACION JAVIER PRADO ESQ. CON LA AV. B, URB. LOS PORTALES DE JAVIER PRADO","2026-08-08"
"167269","INVERSIONES PERU COMBUSTIBLES S.A.","GRIFOS FLOTANTES","UCAYALI","CORONEL PORTILLO","CALLERIA","MARGEN DERECHA DEL RIO UCAYALI","2026-08-09"
"16728","COESTI S.A","EE.SS con GNV","LIMA","LIMA","MAGDALENA DEL MAR","AV. BRASIL N° 4191 - 4193 ESQ. CON AV. DEL EJERCITO Y JR. HIPOLITO UNANUE","2026-08-08"
"167291","POMA ALEJANDRO JUAN DANIEL","ESTACIÓN DE SERVICIOS / GRIFOS","JUNIN","SATIPO","PANGOA","SECTOR LOS HUERFANOS CC.NN. - CARRETERA MARGINAL KM. 15+480 SAN RAMON DE PANGOA","2026-08-07"
"167326","ESTACION DE SERVICIOS JJR","ESTACIÓN DE SERVICIOS / GRIFOS","CAJAMARCA","CAJAMARCA","CAJAMARCA","KM 24.5 - CARRETERA DE CAJAMARCA A BAMBAMARCA","2026-08-05"
"167327","MULTISERVICIOS PACURITO S.A.C.","ESTACIÓN DE SERVICIOS / GRIFOS","APURIMAC","CHINCHEROS","OCOBAMBA","AV. ANDAHUAYLAS N° 591 Y 593","2026-08-07"
"16733","ESTACION  DE SERVICIOS BUENOS AIRES S.A.C.","ESTACIÓN DE SERVICIO CON GASOCENTRO DE GLP","ANCASH","SANTA","NUEVO CHIMBOTE","LOTE 15 MZ. E4 ZONA 3, SECTOR 74-75, ESQ. AV. ANCHOVETA Y AV. PACIFICO, URB.BUENOS AIRES","2026-08-08"
"16734","AUTO GAS S.A.C.","ESTACIÓN DE SERVICIOS / GRIFOS","AYACUCHO","HUAMANGA","SAN JUAN BAUTISTA","AV. MACHUPICCHU N° 100 (ANTES: AV. MACHUPICCHU / JR. BELGICA)","2026-07-31"
"167341","ESTACION DE SERVICIO SR. DE LA BUENA ESPERANZA EMPRESA INDIVIDUAL DE RESPONSABILIDAD LIMITADA","ESTACIÓN DE SERVICIOS / GRIFOS","PIURA","HUANCABAMBA","HUANCABAMBA","CALLE PUEBLO NUEVO S/N","2026-08-08"
"167348","MULTISERVICIOS EL SHILICO E.I.R.L","ESTACIÓN DE SERVICIOS / GRIFOS","CAJAMARCA","CELENDIN","SOROCHUCO","JR. VARGAS DEZA Y JR. TARAPACA","2026-08-06"
"16737","INVERSIONES EL PIBE S.A.C.","EE.SS con GNV","LIMA","LIMA","SAN MARTIN DE PORRES","AV. TOMAS VALLE MZ. I, LOTE 9 - A, URB. SAN PEDRO DE GARAGAY","2026-08-09"
"16738","GRIFO PANAMERICANA S.R.L.","ESTACIÓN DE SERVICIOS / GRIFOS","PUNO","PUNO","PLATERIA","CARRETERA PANAMERICANA PUNO-ILAVE KM 1384 - COMUNIDAD CAMACANI","2026-08-07"
"16741","SOL DE ACUARIO S.A.C.","ESTACIÓN DE SERVICIO CON GASOCENTRO DE GLP","JUNIN","CHANCHAMAYO","CHANCHAMAYO","AV. FRAY JERONIMO JIMENEZ 1020-1040-1060 URB. SAN CARLOS","2026-08-08"
"16742","V & Q  ASOCIADOS  S.A.C","ESTACIÓN DE SERVICIO CON GASOCENTRO DE GLP","LIMA","LIMA","SAN JUAN DE LURIGANCHO","ESQ. AV. SAN MARTIN Y AV. LIBERTAD MZ. K, LOTE 4, 5 Y 6 COOP. CANTO GRANDE","2026-08-08"
"16744","SANFLOR FARMIN SAC","EE.SS con GLP y GNV","LIMA","LIMA","LOS OLIVOS","AVENIDA UNIVERSITARIA Y AVENIDA GERARDO UNGER, MZ. A, LOTES 1, 2, 47 Y SUB LOTE 48  URB. INDUSTRIAL INFANTAS III ETAPA","2026-08-08"
"16746","INVERSIONES ENERGÉTICAS MINEROLOGÍA Y COMBUSTIBLES SAN FERMIN EIRL","ESTACIÓN DE SERVICIOS / GRIFOS","ANCASH","SANTA","SANTA","PANAMERICANA NORTE KM 441 - FUNDO SAN LUIS","2026-08-08"
"16747","WINS ESTACIONES DE SERVICIO S.R.L.","ESTACIÓN DE SERVICIOS / GRIFOS","LORETO","MAYNAS","IQUITOS","ESQ. CALLE FANNING N° 696 CON MARISCAL CACERES","2026-08-07"
"16748","COESTI S.A","ESTACIÓN DE SERVICIOS / GRIFOS","JUNIN","TARMA","TARMA","AV. CASTILLA Nº 207","2026-08-08"
"167483","PETROCURMA SOCIEDAD COMERCIAL DE RESPONSABILIDAD LIMITADA","ESTACIÓN DE SERVICIOS / GRIFOS","PUNO","HUANCANE","PUSI","CARRETERA JULIACA - HUANCANE KM. 11+160 PREDIO LLAN CRUCERO CCACCACHA","2026-08-08"
"16750","KRE S.A.","ESTACIÓN DE SERVICIOS / GRIFOS","LIMA","LIMA","SAN ISIDRO","AV. PETIT THOUARS N° 2795","2026-08-07"
"16751","PETROLEOS DEL PERU - PETROPERU S.A.","ESTACIÓN DE SERVICIOS / GRIFOS","LORETO","MAYNAS","IQUITOS","ESQUINA LORETO Y FIZTCARRALD","2026-08-08"
"16753","GRIFO SANTA MARIA","ESTACIÓN DE SERVICIOS / GRIFOS","JUNIN","CONCEPCION","CONCEPCION","AV. MARISCAL CACERES N° 528","2026-08-08"
"167555","ESTACIÓN DE SERVICIOS SEÑOR CAUTIVO","ESTACIÓN DE SERVICIO CON GASOCENTRO DE GLP","JUNIN","JAUJA","SAUSA","CARRETERA CENTRAL N° 451","2026-08-07"
"16756","ESTACION DE SERVICIOS GRIFO MASTER S.R.L.","EE.SS con GLP y GNV","LIMA","LIMA","LOS OLIVOS","AV. ALFREDO MENDIOLA ESQUINA CON CALLE 12, MANZANA E LOTES 05 AL 13 Y 16 AL 23 - ASOCIACION DE VIVIENDA RIO SANTA","2026-08-08"
"16757","COESTI S.A EE SS LOS POSTES","ESTACIÓN DE SERVICIO CON GASOCENTRO DE GLP","LA LIBERTAD","TRUJILLO","LA ESPERANZA","AV. JOSE GABRIEL CONDORCANQUI N° 2492","2026-08-08"
"16759","SUNNA OIL S.A.C.  EESS UNION","ESTACIÓN DE SERVICIO CON GASOCENTRO DE GLP","LA LIBERTAD","TRUJILLO","TRUJILLO","AV. PROLONGACION UNION Nº 1450, URB. RAZURI I ETAPA","2026-08-09"
"167600","ESTACION DE SERVICIO KILE SOCIEDAD ANONIMA CERRADA - EE.SS. KILE S.A.C.","ESTACIÓN DE SERVICIOS / GRIFOS","PUNO","PUNO","HUATA","AV. 22 DE AGOSTO S/N SECTOR COLLANA SEGUNDO","2026-08-07"
"16761","ESTACION DE SERVICIOS SUD AMERICA DEL ORIENTE EIRL","ESTACIÓN DE SERVICIO CON GASOCENTRO DE GLP","SAN MARTIN","RIOJA","NUEVA CAJAMARCA","AV. CAJAMARCA SUR S/N - CARRETERA FERNANDO BELAUNDE TERRY KM. 462","2026-08-08"
"167610","EMPRESA DE SERVICIOS ARANK'UMA SOCIEDAD COMERCIAL DE RESPONSABILIDAD LIMITADA","ESTACIÓN DE SERVICIOS / GRIFOS","APURIMAC","COTABAMBAS","MARA","CARRETERA MARA - CHALLHUAHUACHO","2026-08-07"
"16762","SUCESION SURCO ORUE PABLO FRANCISCO","ESTACIÓN DE SERVICIOS / GRIFOS","MADRE DE DIOS","TAMBOPATA","TAMBOPATA","AV. ERNESTO RIVERO N° 442","2026-08-05"
"167629","ESTACION DE SERVICIOS ARANIBAR","ESTACIÓN DE SERVICIOS / GRIFOS","APURIMAC","COTABAMBAS","HAQUIRA","SECTOR CHACA - URAN CCAYAU,CARRETERA HAQUIRA - CHALHUAHUACHO","2026-08-04"
"16766","GRIFOS ESPINOZA S. A.","EE.SS con GNV","LIMA","LIMA","MAGDALENA DEL MAR","AV. DEL EJERCITO N° 110 - 112 ESQUINA CON AV. BRASIL","2026-08-06"
"16767","GLOBAL FUEL S.A.","ESTACIÓN DE SERVICIOS / GRIFOS","TUMBES","TUMBES","TUMBES","AV. PANAMERICANA NORTE N° 1260 AA.HH. LAS MALVINAS MZ. G. LT. 5","2026-08-09"
"16770","INVERSIONES GASOIL EIRL","ESTACIÓN DE SERVICIOS / GRIFOS","MADRE DE DIOS","TAMBOPATA","TAMBOPATA","LOTE 10 MZ. 1423 CALLE REVERENDA MADRE ASCENCION NICOL","2026-08-07"
"16771","SUNNA OIL S.A.C.","ESTACIÓN DE SERVICIO CON GASOCENTRO DE GLP","LA LIBERTAD","TRUJILLO","TRUJILLO","INTERSECCION AV. RICARDO PALMA CON ANDRES BELAUNDE MZ. LL LOTE 12 URB. EL BOSQUE","2026-08-09"
"16772","VICENTE Y ROMUALDA  PRINCIPAL.","ESTACIÓN DE SERVICIOS / GRIFOS","LIMA","LIMA","ATE","ESQUINA AV. A CON CALLE 1, MZ. B. LOTES 12, 13 Y 14","2026-08-04"
"167725","ÑACARI PORRAS FLOR STEFFANY","GRIFOS FLOTANTES","UCAYALI","ATALAYA","RAYMONDI","MARGEN DERECHO DEL RIO TAMBO","2026-08-08"
"16774","ADMINISTRACION DE GRIFOS LEP S.A.C.","EE.SS con GNV","LIMA","LIMA","SAN MARTIN DE PORRES","AV. JOSE GRANDA Nº 3210, URB. EL ESTABLO","2026-08-08"
"16775","REPSOL COMERCIAL S.A.C.","EE.SS con GLP y GNV","LIMA","LIMA","ATE","AV. NICOLAS AYLLON Nº 1912","2026-08-09"
"16776","GRIFO AMERICA","ESTACIÓN DE SERVICIOS / GRIFOS","PUNO","SAN ROMAN","JULIACA","KM. 08 CARRETERA JULIACA - HUANCANE","2026-08-07"
"16777","SERVICENTRO SAROHI SRL","ESTACIÓN DE SERVICIOS / GRIFOS","PUNO","SAN ROMAN","JULIACA","AV. MANUEL NUÑEZ BUTRON Nº 200 CON JR. MARIANO PANDIA","2026-08-08"
"167778","ESTACION DE SERVICIOS EL PLEBEYO E.I.R.L.","GASOCENTRO DE GLP CON ESTABLECIMIENTO DE VENTA AL PUBLICO DE GNV","PROV. CONST. DEL CALLAO","PROV. CONST. DEL CALLAO","CALLAO","AV. ELMER FAUCETT N° 5395","2026-07-30"
"16778","INKA GRIFOS","ESTACIÓN DE SERVICIOS / GRIFOS","PUNO","SAN ROMAN","JULIACA","CARRETERA JULIACA - CUSCO KM. 6.5","2026-08-07"
"16779","GRIFO IVONNE Y DAYANA SAC","ESTACIÓN DE SERVICIO CON GASOCENTRO DE GLP","HUANUCO","HUANUCO","HUANUCO","JIRON MAYRO Nº 317","2026-08-07"
"16780","REPSOL COMERCIAL S.A.C.","ESTACIÓN DE SERVICIO CON GASOCENTRO DE GLP","LAMBAYEQUE","CHICLAYO","LA VICTORIA","AV. LOS INCAS Nº 100, LOTE 14 Y 14A, MZ. O - SECTOR 1","2026-08-07"
"16781","BENJAMIN ANGEL VENTURA RIVERA","ESTACIÓN DE SERVICIOS / GRIFOS","LIMA","LIMA","EL AGUSTINO","AA.HH. VICENTELO BAJO, COMITE 3, MZ. G (PISTA AUXILIAR VIA EVITAMIENTO  PUENTE PEDRO HUILCA)","2026-08-03"
"167819","ESTACION Y MULTISERVICIOS SECADA","ESTACIÓN DE SERVICIOS / GRIFOS","LORETO","MAYNAS","SAN JUAN BAUTISTA","AV. PARTICIPACIÓN CON PASAJE LOS GIRASOLES","2026-08-09"
"16783","INVERSIONES ORO NEGRO S.A.C.","ESTACIÓN DE SERVICIOS / GRIFOS","SAN MARTIN","SAN MARTIN","TARAPOTO","JR. TAHUANTINSUYO N° 102","2026-08-08"
"167836","CELESTE 2 S.A.C.","ESTACIÓN DE SERVICIOS / GRIFOS","PROV. CONST. DEL CALLAO","PROV. CONST. DEL CALLAO","VENTANILLA","AV. CENTRAL MZ 43 LT. D URB. PARQUE INDUSTRIAL PORCINO","2026-08-08"
"16785","EESS GUILLERMO SAC","ESTACIÓN DE SERVICIO CON GASOCENTRO DE GLP","HUANCAVELICA","ANGARAES","LIRCAY","JR. DE LA UNION N° 117-141 (ANTES 112), BARRIO BELLAVISTA","2026-08-05"
"16786","RONNY EWART CONDORI ARIZACA ","ESTACIÓN DE SERVICIOS / GRIFOS","PUNO","MELGAR","AYAVIRI","KM. 1.25 CARRETERA AYAVIRI - JULIACA (VILAPATA)","2026-08-07"
"167869","GRIFOS SAN MIGUEL EL CRUCE S. A. C","ESTACIÓN DE SERVICIOS / GRIFOS","CAJAMARCA","CHOTA","CHALAMARCA","PREDIO EL POTRERO DELGADO CENTRO POBLADO LA LIBERTAD-SANTA CLARA","2026-08-07"
"16787","SERVICENTRO SILLUSTANI","ESTACIÓN DE SERVICIOS / GRIFOS","PUNO","SAN ROMAN","JULIACA","JR. RICARDO PALMA Nº 340","2026-08-05"
"16788","COMBUSTIBLES EL PUEBLO E.I.R.L.","ESTACIÓN DE SERVICIOS / GRIFOS","LAMBAYEQUE","CHICLAYO","POMALCA","KM. 4 CARRETERA CHICLAYO - POMALCA","2026-08-05"
"16789","COESTI LA JOYA","ESTACIÓN DE SERVICIOS / GRIFOS","AREQUIPA","AREQUIPA","LA JOYA","CARRETERA PANAMERICANA SUR KM. 957.8 CRUCE LA JOYA","2026-08-09"
"16791","G & N GRIFOS S.A.","ESTACIÓN DE SERVICIO CON GASOCENTRO DE GLP","LA LIBERTAD","PACASMAYO","PACASMAYO","AV. LEONCIO PRADO MZ. 2 LT. 14 SECTOR RAZURI CENTRO","2026-08-07"
"167910","ESTACION DE SERVICIOS PUNTA SAL S.A.C.","ESTACIÓN DE SERVICIOS / GRIFOS","TUMBES","CONTRALMIRANTE VILLAR","CANOAS DE PUNTA SAL","CARRETERA PANAMERICANA NORTE PREDIO ERIAZO SECTOR QUEBRADA SECA","2026-08-08"
"16793","CHASKYGAS","ESTACIÓN DE SERVICIO CON GASOCENTRO DE GLP","AREQUIPA","AREQUIPA","AREQUIPA","AV. JESÚS N° 400","2026-08-09"
"167937","MULTISERVICIOS & LUBRICENTRO SR DE HUAMANTANGA EIRL","ESTACIÓN DE SERVICIO CON GASOCENTRO DE GLP","LIMA","LIMA","CARABAYLLO","UNIDAD CATASTRAL 12114, PARCELA 22, SECTOR A, FUNDO PUENTE PIEDRA","2026-08-07"
"16794","QUIROZ ABARCA ELIZABET","ESTACIÓN DE SERVICIOS / GRIFOS","PUNO","HUANCANE","COJATA","AV. TAMBOPATA S/N, SALIDA CARRETERA COJATA","2026-08-08"
"16795","NEGOCIOS E INVERSIONES LYSEN S.A.C.","ESTACIÓN DE SERVICIOS / GRIFOS","LA LIBERTAD","PATAZ","TAYABAMBA","AV. ALFONSO UGARTE ESQUINA CON JR. ENRIQUE MARQUINA","2026-08-07"
"167950","EMPRESA Y SERVICIOS PETROLEOS SELVA S.A.C.","GRIFOS FLOTANTES","LORETO","LORETO","TROMPETEROS","MARGEN DERECHA DEL RIO CORRIENTES","2026-08-08"
"167952","SOTO CHAMBI GILBERTO","ESTACIÓN DE SERVICIOS / GRIFOS","PUNO","HUANCANE","PUSI","CARRETERA PUSI A TARACO KILOMETRO 1+300","2026-08-08"
"16796","PETRO EXPLORIUM S.A.C.","ESTACIÓN DE SERVICIO CON GASOCENTRO DE GLP","LIMA","LIMA","CHORRILLOS","LOTE N° 08 MZ. M, URB. LA CAMPIÑA 3ERA ETAPA","2026-08-08"
"16800","GRIFO PECSA PETRO NAZCA SAC","ESTACIÓN DE SERVICIOS / GRIFOS","ICA","NAZCA","VISTA ALEGRE","CARRETERA PANAMERICANA SUR 445 - AV. PANAMERICANA SUR KM. 891","2026-08-05"
"16801","TRIGAM S.A.C ","ESTABLECIMIENTO DE VENTA AL PUBLICO DE GNV","LIMA","LIMA","SURQUILLO","AV, REPUBLICA DE PANAMA N° 5025","2026-08-09"
"16803","COESTI SA","ESTACIÓN DE SERVICIOS / GRIFOS","LIMA","LIMA","MAGDALENA DEL MAR","AV JAVIER PRADO N° 2504 ESQUINA CALLE FLORA TRISTAN","2026-08-08"
"16804","SERVICENTRO LOS ROSALES S.A.","EE.SS con GLP y GNV","LIMA","LIMA","SANTIAGO DE SURCO","AV. AYACUCHO Nº 140 - 144","2026-08-08"
"16805","COESTI S.A","EE.SS con GNV","LIMA","LIMA","SANTIAGO DE SURCO","AV. SANTIAGO DE SURCO CON AV. LOS PROCERES","2026-08-08"
"16806","EMPRESA DE TRANSPORTES E IMPORTACIONES Y SERVICIOS  S.A.","EE.SS con GLP y GNV","LIMA","LIMA","LOS OLIVOS","AV. UNIVERSITARIA ESQ. CARLOS IZAGUIRRE, MZ. A LOTES 1, 2, 3 Y 4 ASOCIACIÓN DE VIVIENDA SAN JUAN DE DIOS","2026-08-09"
"168076","TEXACO","ESTACIÓN DE SERVICIOS / GRIFOS","PUNO","AZANGARO","MUNANI","AV. JOSE CARLOS MARIATEGUI ESQUINA CON JR. JOSE OLAYA","2026-08-08"
"16808","GRIFO SAN MIGUEL EIRL","ESTACIÓN DE SERVICIOS / GRIFOS","AREQUIPA","AREQUIPA","CAYMA","AV. CHARCANI Nº 209, ASENTAMIENTO HUMANO SAN MARTIN DE PORRAS","2026-08-08"
"168084","GLOBAL FUEL SOCIEDAD ANONIMA","ESTACIÓN DE SERVICIOS / GRIFOS","PIURA","PAITA","COLAN","CENTRO POBLADO PUEBLO NUEVO DE COLAN MZ. 178 SUB LOTE 8-B","2026-08-09"
"16811","AERO GAS DEL NORTE SOCIEDAD ANONIMA  CERRADA","ESTACIÓN DE SERVICIOS / GRIFOS","LAMBAYEQUE","CHICLAYO","CHICLAYO","AVENIDA JUAN TOMIS STACK NRO. 1040-A","2026-08-07"
"16812","GASOLINERAS PIURA S.R.L.","ESTACIÓN DE SERVICIO CON GASOCENTRO DE GLP","PIURA","TALARA","PARIÑAS","AV. PANAMERICANA MZ. F1, LT. 31B, AA.HH. SAN SEBASTIAN","2026-08-08"
"16814","INVERSIONES Y REPRESENTACIONES PIMENTEL EMPRESA INDIVIDUAL DE RESPONSABILIDAD LIMITADA","ESTACIÓN DE SERVICIOS / GRIFOS","TUMBES","TUMBES","CORRALES","PANAMERICANA NORTE KM. 1264 + 210","2026-08-07"
"16815","ESTACION DE SERVICIOS ECA S.R.L","ESTACIÓN DE SERVICIOS / GRIFOS","PIURA","SECHURA","VICE","CARRETERA PIURA - SECHURA KM. 37 CASERIO BECARA","2026-08-07"
"16817","MULTISERVICIOS ECOGAS S.A.C.","EE.SS con GLP y GNV","LIMA","LIMA","SURQUILLO","AV. AVIACION N° 4269-4285 ESQUINA CON CALLE CLARA BARTON N° 121","2026-08-08"
"16818","GRUPO D & Z LUZ DE LOS ANDES E.I.R.L.","ESTACIÓN DE SERVICIOS / GRIFOS","PUNO","MELGAR","SANTA ROSA","AV. SIMON BOLIVAR NRO. S/N BAR. NUEVA ESPERANZA (COSTADO DE PARQUE LA AMISTAD)","2026-08-06"
"168251","SERVICENTRO LYANNA","ESTACIÓN DE SERVICIOS / GRIFOS","LORETO","LORETO","NAUTA","CALLE TRUJILLO MZ. N3, LOTE 8A - AA.HH. MARGINAL MANUEL PACAYA CRUCE CON AV. CIRCULAR","2026-08-08"
"168260","GRIFO CH'ALLA CH'ALLA E.I.R.L.","ESTACIÓN DE SERVICIOS / GRIFOS","PUNO","SANDIA","SAN JUAN DEL ORO","PROLONGACION AV. AGRICULTURA S/N BARRIO PUEBLO JOVEN LA UNION","2026-08-07"
"168273","DISTRIBUCIONES KHALEB S.A.C.","ESTACIÓN DE SERVICIOS / GRIFOS","AYACUCHO","LUCANAS","PUQUIO","JR. OCAÑA LOTE 24, MZ. 13  CENTRO POBLADO BARRIO CCAYAO","2026-08-09"
"168301","CORPORACION COGEL EMPRESA INDIVIDUAL DE RESPONSABILIDAD LIMITADA","ESTACIÓN DE SERVICIOS / GRIFOS","LORETO","LORETO","NAUTA","AV. CIRCULAR ESQUINA CON CALLE ARICA","2026-08-05"
"168335","GASOLINERA LOS REYES S.A.C.","ESTACIÓN DE SERVICIOS / GRIFOS","AREQUIPA","CAYLLOMA","MAJES","PROYECTO ESPECIAL MAJES SIGUAS SECCIÓN D ASENTAMIENTO 5 PARCELA 45","2026-08-08"
"168350","SR.DE HUANCA DE ACCOYPAMPA","ESTACIÓN DE SERVICIOS / GRIFOS","APURIMAC","COTABAMBAS","CHALLHUAHUACHO","SECTOR CARMEN ALTO S/N","2026-08-07"
"168370","ESTACION DE SERVICIOS LA PAZ F.C.H. E.I.R.L.","ESTACIÓN DE SERVICIOS / GRIFOS","CAJAMARCA","CAJAMARCA","CAJAMARCA","AV. LA PAZ CUADRA 20 S/N","2026-08-08"
"168396","ESTACION DE SERVICIOS CHAMPACCOCHA E.I.R.L.","ESTACIÓN DE SERVICIOS / GRIFOS","ICA","PISCO","HUMAY","CARRETERA VIA LOS LIBERTADORES PREDIO RUSTICO PARCELA 84 LOTE 2","2026-08-09"
"168424","CORDOVA JULCA NIDER","ESTACIÓN DE SERVICIO CON GASOCENTRO DE GLP","PIURA","PIURA","CASTILLA","CARRETERA PIURA CHULUCANAS A 1.5 KM DEL OVALO  SECTOR MEDIO PIURA","2026-08-07"
"168438","COESTI SAN CAMILO","ESTACIÓN DE SERVICIO CON GASOCENTRO DE GLP","AREQUIPA","AREQUIPA","LA JOYA","CARRETERA PANAMERICANA SUR KM. 983 SEC. SAN JOSÉ","2026-08-09"
"168447","LOGISTIC OPERATOR JOANS CAMACHO EMPRESA INDIVIDUAL DE RESPONSABILIDAD LIMITADA","ESTACIÓN DE SERVICIOS / GRIFOS","PUNO","SAN ROMAN","JULIACA","AV. INDUSTRIAL ESQ. CON JR. 01 LOTE G5C-1-A-1/ MZ- G-5 URB. MUNICIPAL TAPARACHI","2026-08-08"
"168491","INVERSIONES Y COMBUSTIBLES GATO E.I.R.L.","ESTACIÓN DE SERVICIOS / GRIFOS","LORETO","REQUENA","REQUENA","CALLE PADRE ALEGRE ESQUINA CON CALLE 11","2026-07-31"
"168503","VICUÑA MELENDRES WILLIAM MARCELO","GRIFOS RURALES CON ALMACENAMIENTO EN CILINDROS","UCAYALI","CORONEL PORTILLO","CAMPOVERDE","CARRETERA TOURNAVISTA KM. 16.700- CASERIO NUEVA ESPERANZA","2026-08-06"
"168507","COMBUSTIBLES DEL ORIENTE SAC","ESTACIÓN DE SERVICIOS / GRIFOS","UCAYALI","CORONEL PORTILLO","CALLERIA","CARRETERA FEDERICO BASADRE KM. 8.800 MZ. A LT. 01 'PROYECTO HABILITACION URBANA LAS PALMAS'","2026-08-08"
"168514","ESTACION DE SERVICIOS GENERALES ROALDI S.A.C.","ESTACIÓN DE SERVICIOS / GRIFOS","LA LIBERTAD","SANCHEZ CARRION","HUAMACHUCO","AVENIDA EJERCITO CUADRA N° 1","2026-08-06"
"168562","AERO GAS DEL NORTE S.A.C.","ESTACIÓN DE SERVICIO CON GASOCENTRO DE GLP","LIMA","LIMA","CARABAYLLO","LOTES 7, 8, 9 Y 10, MZ. A6, URB. SAN ANTONIO DE CARABAYLLO 3","2026-08-07"
"168593","FATIMA TRANSPORTE Y DISTRIBUCION","ESTACIÓN DE SERVICIOS / GRIFOS","PUNO","AZANGARO","ARAPA","JR. MAXIMO CHAMBI ZEA S/N SUB LOTE 2B MANZANA F","2026-08-07"
"168619","GASOCENTRO LUBEJO EMPRESA INDIVIDUAL DE RESPONSABILIDAD LIMITADA","GASOCENTROS DE GLP","HUANUCO","HUANUCO","SANTA MARIA DEL VALLE","CARRETERA CENTRAL LIMA - PUCALLPA KM 420.7","2026-08-09"
"168666","ESTACION 715 PETRO CHILCA","ESTACIÓN DE SERVICIO CON GASOCENTRO DE GLP","LIMA","CAÑETE","CHILCA","MZ. N, LOTE 02, ALTURA KM. 63.50 CARRETERA PANAMERICANA SUR LADO IZQUIERDO SENTIDO LIMA - CAÑETE","2026-08-07"
"168715","UCV GRIFOS SOCIEDAD COMERCIAL DE RESPONSABILIDAD LIMITADA - UCV GRIFOS S.R.L.","ESTACIÓN DE SERVICIOS / GRIFOS","PIURA","PAITA","COLAN","CARRETERA PAITA - SULLANA, NUEVO PARAISO DE COLAN","2026-08-07"
"168754","ESTACION DE SERVICIOS HUAYOBAMBA E.I.R.L","ESTACIÓN DE SERVICIO CON GASOCENTRO DE GLP","LA LIBERTAD","PACASMAYO","GUADALUPE","CARRETERA CIUDAD DE DIOS - CAJAMARCA KM. 3 U.C. N° 09861","2026-08-06"
"168791","JACINTO UMASI HERMANOS SOCIEDAD ANONIMA CERRADA","ESTACIÓN DE SERVICIOS / GRIFOS","CUSCO","ESPINAR","ESPINAR","ESQUINA DE LA VIA ARTERIAL (VIA CIRCUNVALACION ESPINAR-TINTAYA) CON PROL. JIRON NUEVA ALTA","2026-08-08"
"168793","MULTISERVICIOS CAMAX E.I.R.L","ESTACIÓN DE SERVICIOS / GRIFOS","SAN MARTIN","TOCACHE","UCHIZA","CARRETERA FERNANDO BELAUNDE TERRY MZ P 01 LOTE 01 CENTRO POBLADO BAJO HUAYNABE","2026-08-06"
"168796","ADMINISTRACION DE GRIFOS L&L ONE S.A.C.","EE.SS con GLP y GNV","LIMA","LIMA","CARABAYLLO","LOTE 09 MANZANA H ASOCIACION PRO VIVIENDA LOS SUYOS","2026-08-08"
"168811","CONSTANTINO RIVERA MONZON","ESTACIÓN DE SERVICIOS / GRIFOS","LIMA","OYON","PACHANGARA","VIA DE EVITAMIENTO S/N KM 105 + 500 AL 105 + 600","2026-08-07"
"168851","ESTACION DE SERVICIOS CHOQUEQUIRAO SOCIEDAD ANONIMA CERRADA","ESTACIÓN DE SERVICIOS / GRIFOS","CUSCO","ANTA","MOLLEPATA","CARRETERA HACIA LOS VALLES, SECTOR RUMI RUMI","2026-08-07"
"168886","COMBUSTIBLES RISO & AMC S.A.C.","ESTACIÓN DE SERVICIOS / GRIFOS","SAN MARTIN","SAN MARTIN","TARAPOTO","VIA DE EVITAMIENTO TARAPOTO KM 8.70  CARRETERA FERNANDO BELAUNDE TERRY","2026-08-08"
"168912","ESTACION DE SERVICIOS QUILMANA S.A.C.","ESTACIÓN DE SERVICIOS / GRIFOS","LIMA","CAÑETE","QUILMANA","CARRETERA IMPERIAL - QUILMANA S/N FUNDO HUAMAN DE LOS HEROES","2026-08-08"
"168932","INVERSIONES PETROMAR ELECTRIC E.I.R.L.","ESTACIÓN DE SERVICIOS / GRIFOS","HUANUCO","PUERTO INCA","PUERTO INCA","AV. FERNANDO BELAUNDE TERRY CENTRO POBLADO NUEVO PORVENIR KM.41","2026-08-09"
"168981","ESTACION DE SERVICIOS VILCAPLUS S.A.C","ESTACIÓN DE SERVICIOS / GRIFOS","SAN MARTIN","TOCACHE","TOCACHE","AV. PERU CUADRA 01 CENTRO POBLADO NUEVA ESPERANZA","2026-08-03"
"168985","AGA PETROLEOS S.A.C","ESTACIÓN DE SERVICIO CON GASOCENTRO DE GLP","PUNO","SAN ROMAN","JULIACA","CARRETERA JULIACA - AREQUIPA KM. 285+280","2026-08-07"
"169009","INNOVA TECH PHAJSI S.A.C.","ESTACIÓN DE SERVICIOS / GRIFOS","PUNO","PUNO","PICHACANI","AV. SAN MARTIN S/N Y CALLE JUAN VELASCO ALVARADO S/N, EN EL BARRIO VILLA HERMOSA DE LA LOCALIDAD DE LARAQUERI","2026-08-05"
"169019","CRUZ QUIQUIA ELDER DAVID","ESTACIÓN DE SERVICIO CON GASOCENTRO DE GLP","HUANUCO","HUANUCO","SAN PABLO DE PILLAO","VILLA TRANCA S/N","2026-08-07"
"169020","SERG & H GAS S.A.C.","ESTACIÓN DE SERVICIO CON GASOCENTRO DE GLP","ICA","CHINCHA","GROCIO PRADO","CENTRO POBLADO GROCIO PRADO MZ. B 2 LOTE 21","2026-08-08"
"169043","JOSE DOMINGO HERRERA SALAZAR","ESTACIÓN DE SERVICIOS / GRIFOS","AREQUIPA","ISLAY","DEAN VALDIVIA","PREDIO SAN FRANCISCO DE PAULA - SECTOR SAN FRANCISCO - VALLE DE TAMBO","2026-08-05"
"169050","MULTISERVICIOS PEPITO DAN S.A.C.","ESTACIÓN DE SERVICIOS / GRIFOS","PUNO","CARABAYA","MACUSANI","AV. SIMON BOLIVAR ESQUINA CON JR. SAN AGUSTIN S/N","2026-08-08"
"169051","INVERSIONES & COMERCIALIZADORA SR. DE LOS MILAGROS S.A.C.","ESTACIÓN DE SERVICIO CON GASOCENTRO DE GLP","HUANUCO","AMBO","CONCHAMARCA","CARRETERA HUÁNUCO - LIMA, SECTOR QUICACÁN","2026-08-03"
"169052","ESTACION DE SERVICIOS ZEUS","ESTACIÓN DE SERVICIO CON GASOCENTRO DE GLP","LIMA","LIMA","VILLA EL SALVADOR","ANTIGUA CARRETERA PANAMERICANA SUR KM 23.645","2026-08-08"
"169077","OPERADORES Y SUMINISTROS PERUANOS S.A.C.","GASOCENTRO DE GLP CON ESTABLECIMIENTO DE VENTA AL PUBLICO DE GNV","LIMA","LIMA","SAN JUAN DE LURIGANCHO","AV. LA PRINCIPAL MZ. B LOTE 5 URB. INDUSTRIAL CAMPOY","2026-08-07"
"169096","GRIFO LA PERRICHOLI HUACHIPA EMPRESA INDIVIDUAL DE RESPONSABILIDAD LIMITADA","ESTACIÓN DE SERVICIO CON GASOCENTRO DE GLP","HUANUCO","HUANUCO","HUANUCO","CARRETERA HUÁNUCO - LA UNIÓN KM 11.4 FUNDO PUCANANI","2026-08-07"
"169150","MULTISERVICIOS FLARMIA SOCIEDAD COMERCIAL DE RESPONSABILIDAD LIMITADA","ESTACIÓN DE SERVICIOS / GRIFOS","PUNO","SAN ROMAN","JULIACA","AV. CIRCUNVALACIÓN ESTE S/N ESQUINA CON AV. SANTA CRUZ, MANZANA E LOTES N° 1, 2, 5 Y 21","2026-08-07"
"169180","ESTACION DE SERVICIOS PETRO MIL. T.A.L. SOCIEDAD DE RESPONSABILIDAD LIMITADA","ESTACIÓN DE SERVICIOS / GRIFOS","CUSCO","ESPINAR","ESPINAR","AV. KANAMARCA A.P.V. TRES DE MAYO MZ. ""E"" LT. 1,2,3,4","2026-08-06"
"169189","GRIFO FLOTANTE GOLFO I S.A.C.","GRIFOS FLOTANTES","LORETO","MAYNAS","PUNCHANA","MARGEN DERECHA DEL RIO ITAYA","2026-08-04"
"169192","GRUPO FR PERÚ S.A.C.","ESTACIÓN DE SERVICIOS / GRIFOS","AREQUIPA","AREQUIPA","CERRO COLORADO","ESQUINA AV. PERÚ CON CALLE CHOQUEHUANCA, URB. SEMIRURAL PACHACÚTEC C-37-7","2026-08-08"
"169304","INVERSIONES CESMA S.A.C.","ESTACIÓN DE SERVICIOS / GRIFOS","AYACUCHO","LA MAR","SAN MIGUEL","INTERSECCION DE LA AV. SAN ANTONIO (CARRETERA SAN MIGUEL - SAN ANTONIO, VRAEM) Y JR TRES CRUCES DEL CENTRO POBLADO DE PATIBAMBA","2026-08-07"
"169325","INVERSIONES JL &CIA GRIFOS S.A.C.","ESTACIÓN DE SERVICIOS / GRIFOS","PUNO","SAN ROMAN","SAN MIGUEL","ESQ. AVENIDA 3 DE OCTUBRE CON JR. AEROPUERTO, LOTES 3-1, 3-2 MANZANA C-2 URBANIZACIÓN SAN JOSE II ETAPA","2026-08-08"
"169327","ESTACION DE SERVICIOS SANTA CATALINA","ESTACIÓN DE SERVICIOS / GRIFOS","SAN MARTIN","MARISCAL CACERES","CAMPANILLA","CARRETERA FERNANDO BELAUNDE TERRY KM. 61 + 700 - CENTRO POBLADO NUEVO JAEN","2026-08-09"
"169333","FLORES VERA ALEX PASTOR","ESTACIÓN DE SERVICIOS / GRIFOS","AMAZONAS","BAGUA","LA PECA","AV. CAJAMARCA S/N","2026-08-05"
"169341","ESTACION DE SERVICIO PETRO CENTRO CUSCO S.A.C.","ESTACIÓN DE SERVICIOS / GRIFOS","CUSCO","CUSCO","SAN JERONIMO","CALLE LOS SAUCES MZ. F LOTE N° 8","2026-08-08"
"169382","GASEOCENTRO ELIZABETH SAC","ESTACIÓN DE SERVICIO CON GASOCENTRO DE GLP","ANCASH","HUARAZ","INDEPENDENCIA","AV. CONFRATERNIDAD INTERNACIONAL OESTE S/N, SECTOR CENTENARIO","2026-08-08"
"169471","LLAYQUE ALBERCA YANINA RAQUEL","ESTACIÓN DE SERVICIOS / GRIFOS","LIMA","OYON","OYON","MZ. A LOTE 1 KM. 128 CAMINO OYON A VIROC MATICHACRA","2026-08-05"
"169499","CORPORACION CRUZANI S.A.C.","ESTACIÓN DE SERVICIOS / GRIFOS","MOQUEGUA","GENERAL SANCHEZ CERRO","ICHUÑA","SECTOR DE CRUZANI PAMPA, AVENIDA SAN IGNACIO DE LOYOLA S/N","2026-08-01"
"169505","ESTACION DE SERVIOS LAS PALMAS","ESTACIÓN DE SERVICIOS / GRIFOS","HUANUCO","LEONCIO PRADO","MARIANO DAMASO BERAUN","CASERIO LAS PALMAS CARRETERA HUÁNUCO - TINGO MARÍA","2026-08-07"
"169530","ESTACION DE SERVICIOS PESQUEDA 07 E.I.R.L.","ESTACIÓN DE SERVICIO CON GASOCENTRO DE GLP","LA LIBERTAD","TRUJILLO","TRUJILLO","AV. CAMINO REAL S/N SECTOR FALDAS CERRO PESQUEDA LOTE 7","2026-08-08"
"169540","ESTACION DE SERVICIOS MONICA ROCIO EIRL","ESTACIÓN DE SERVICIO CON GASOCENTRO DE GLP","PIURA","MORROPON","LA MATANZA","CARRETERA PIURA - OLMOS","2026-08-08"
"169599","SERVICENTRO JAKELINE S.C.R.LTDA.","ESTACIÓN DE SERVICIOS / GRIFOS","CUSCO","ANTA","CACHIMAYO","PREDIO CHUCLLACUNCA 2 FRACCION E-1 S/N, SECTOR CACHIMAYO PAMPA","2026-08-08"
"169613","VIPETROS SAC.","EE.SS con GLP y GNV","LIMA","CAÑETE","MALA","CARRETERA PANAMERICANA SUR KM. 92.5, CRUCE CON ENTRADA A BUJAMA Y CHOCAYA","2026-08-08"
"169664","ESTACION DE SERVICIO ANDROU","ESTACIÓN DE SERVICIOS / GRIFOS","CUSCO","CHUMBIVILCAS","CHAMACA","AV. ALAMEDA CORAZON DE CHUMBIVILCAS MZ-V LOTE 5","2026-07-27"
"169693","JAMBO COMBUSTIBLES","ESTACIÓN DE SERVICIOS / GRIFOS","PIURA","SULLANA","SULLANA","SECTOR CIENEGUILLO NORTE, CARRETERA DEL ALTO CHIRA  A LA TINA","2026-08-07"
"169753","EE.SS MI MANUELITO S.A.C","ESTACIÓN DE SERVICIOS / GRIFOS","LAMBAYEQUE","LAMBAYEQUE","MORROPE","CENTRO POBLADO LAGARTERA MZ C LOTE 17,18 Y SUB LOTE 19","2026-08-09"
"169760","JOEL SIMEI CRUZ GUTIERREZ ","ESTACIÓN DE SERVICIOS / GRIFOS","HUANUCO","HUANUCO","CHURUBAMBA","CARRETERA CENTRAL HUANUCO - TINGO MARIA KM. 23+270 CENTRO POBLADO DE CHULLQUI","2026-08-07"
"169841","KATHERINE FRIDA ANDIA MARIÑO","ESTACIÓN DE SERVICIOS / GRIFOS","APURIMAC","ANDAHUAYLAS","PACUCHA","CARRETERA ANDAHUAYLAS - ABANCAY SECTOR SONDOR","2026-08-07"
"169897","MILANZA E.I.R.L.","ESTACIÓN DE SERVICIOS / GRIFOS","APURIMAC","COTABAMBAS","CHALLHUAHUACHO","CARRETERA LONGITUDINAL SIERRA SUR CHALLHUAHUACHO - AYAVIRI SUR","2026-08-07"
"169905","ROJAS COTRINA YULY AYDE","ESTACIÓN DE SERVICIOS / GRIFOS","CAJAMARCA","SAN MARCOS","EDUARDO VILLANUEVA","CARRETERA LA GRAMA","2026-08-03"
"169917","ESTACION DE SERVICIOS CEREZAL E.I.R.L.","ESTACIÓN DE SERVICIOS / GRIFOS","PIURA","PIURA","PIURA","SECTOR CASERIO CEREZAL - MEDIO PIURA","2026-08-08"
"169926","COMBUSTIBLES ECOLOGICOS S.A.C.","ESTACIÓN DE SERVICIO CON GASOCENTRO DE GLP","JUNIN","HUANCAYO","HUALHUAS","CARRETERA CENTRAL PARAJE PACHARAQUI CHAUPIS , BARRIO CINCO ESQUINAS","2026-08-09"
"169972","CONTRERAS MACHUCA SOFIA","ESTACIÓN DE SERVICIOS / GRIFOS","HUANCAVELICA","ACOBAMBA","ROSARIO","CARRETERA PAUCARA  ACOBAMBA KM 72 CENTRO POBLADO PUCA CRUZ","2026-08-04"
"170005","GRIFO AVR NORTE E.I.R.L","ESTACIÓN DE SERVICIO CON GASOCENTRO DE GLP","LAMBAYEQUE","CHICLAYO","PIMENTEL","CALLE EL TRIUNFO SECTOR EL MILAGRO PREDIO SAN FELIX.","2026-08-09"
"170025","GOL INVERSIONES S.A.C.","ESTACIÓN DE SERVICIO CON GASOCENTRO DE GLP","ICA","ICA","SUBTANJALLA","RUR VALLE DE ICA PARCELA 199 LOTE 02 - SECTOR MACACONA","2026-08-08"
"170105","GRIFO EL HERMANO","ESTACIÓN DE SERVICIOS / GRIFOS","HUANUCO","MARAÑON","CHOLON","SECTOR AEROPUERTO S/N CENTRO POBLADO PARAISO","2026-08-01"
"170106","GRUPO NONATO ANDAHUASI E.I.R.L.","ESTACIÓN DE SERVICIOS / GRIFOS","LIMA","HUAURA","SAYAN","CARRETERA HUAURA-SAYAN KM. 40.5 LOTE 7 DEL CAMINO DE LA LOCALIDAD DE ANDAHUASI SECTOR SAN JUAN DE CAÑAS","2026-08-07"
"170115","CORPORACION VOY S.A.C.","ESTACIÓN DE SERVICIOS / GRIFOS","CAJAMARCA","CUTERVO","SANTO TOMAS","CARRETERA SANTO TOMAS-JAEN","2026-08-08"
"170116","MANZUR ENERGY SOCIEDAD ANONIMA CERRADA","GRIFOS FLOTANTES","LORETO","MAYNAS","IQUITOS","MARGEN DERECHA DEL RIO ITAYA","2026-07-20"
"170124","ZAVALA PEREZ","ESTACIÓN DE SERVICIOS / GRIFOS","LA LIBERTAD","SANTIAGO DE CHUCO","SANTIAGO DE CHUCO","CALLE HUAYATAN MZ. A LT. 09 SECTOR HUAYATAN","2026-08-09"
"170255","GRIFO ORO POINT S.A.C.","ESTACIÓN DE SERVICIO CON GASOCENTRO DE GLP","LA LIBERTAD","TRUJILLO","VICTOR LARCO HERRERA","AV. 2 DE MAYO N° 201 URB. VISTA ALEGRE","2026-08-08"
"170269","M & M SOMOS FE EN CRISTO SOCIEDAD ANONIMA CERRADA","ESTACIÓN DE SERVICIOS / GRIFOS","PUNO","MELGAR","AYAVIRI","AV. PEDRO VILCAPAZA N° 505 ESQUINA CON JOSE ENCINAS BARRIO MARIANO MELGAR","2026-08-08"
"170276","ESTACION DE SERVICIO JAVIER BORRERO E.I.R.L.","ESTACIÓN DE SERVICIOS / GRIFOS","PIURA","SULLANA","MIGUEL CHECA","MANZ. 163 LOTES 10, 11 Y 13 CENTRO POBLADO JIBITO","2026-08-07"
"170292","PETROREYES SAC","ESTACIÓN DE SERVICIOS / GRIFOS","LAMBAYEQUE","CHICLAYO","LAGUNAS","CARRETERA PANAMERICANA KM. 749 C.P. NUEVO MOCUPE","2026-08-08"
"170310","DACOR  GAS S.A.C.","ESTACIÓN DE SERVICIOS / GRIFOS","ANCASH","SANTA","NUEVO CHIMBOTE","CONJUNTO HABITACIONAL COMUNAL LAS BRISAS DEL MAR SECTOR I MZ 66 LOTE 1A-02-03-04-05-7A-7B","2026-08-08"
"170329","QUIÑONES RISCO BETY ISABEL","ESTACIÓN DE SERVICIOS / GRIFOS","LORETO","MAYNAS","SAN JUAN BAUTISTA","CARRETERA SANTO TOMAS KM. 4, ZONA DE EXPANSION, EN EL CASERIO SANTO TOMAS Nº 4050","2026-08-05"
"170336","SEÑOR DE LAS MONTAÑAS & CA SOCIEDAD ANÓNIMA CERRADA","ESTACIÓN DE SERVICIOS / GRIFOS","CUSCO","PAUCARTAMBO","KOSÑIPATA","PREDIO SANTA ROSA MARGEN IZQUIERDA FRACCION C","2026-08-06"
"170375","ESTACION DE SERVICIO LUWIN J & K SOCIEDAD ANONIMA CERRADA","ESTACIÓN DE SERVICIOS / GRIFOS","CUSCO","CUSCO","SAN JERONIMO","APV. TUPAC YUPANQUI MZ. A LOTE 7 Y 8","2026-08-07"
"170401","STL 5.0 S.A.C.","ESTACIÓN DE SERVICIOS / GRIFOS","PIURA","SULLANA","SULLANA","MZ. J LOTE 21 URB. ASOCIACIÓN DE VIVIENDA RAMIRO PRIALE PRIALE","2026-08-09"
"170403","GRUPO NONATO CHANCAYLLO E.I.R.L.","ESTACIÓN DE SERVICIOS / GRIFOS","LIMA","HUARAL","CHANCAY","CARRETERA PANAMERICANA NORTE KM. 87.5 LOTE 7 FUNDO CHANCAYLLO","2026-08-08"
"170484","DUBAI HOLDING SOCIEDAD ANONIMA CERRADA","ESTACIÓN DE SERVICIOS / GRIFOS","PUNO","SAN ROMAN","JULIACA","AV. CIRCUNVALACION ZONA NORTE N° 1367 ESQ. CON JR. TARMA S/N, URB. LAS MERCEDES MZ. D LT. N° 08","2026-08-05"
"170515","ESTACION DE SERVICIOS DON ALBERTO S.R.L.","ESTACIÓN DE SERVICIOS / GRIFOS","PIURA","PAITA","COLAN","AV. JORGE CHÁVEZ ESQ. JR. HUÁSCAR, MZ. 124, LOTES 1 Y 2","2026-08-01"
"170546","ESTACION DE SERVICIO OROYA UNSIHUAY E.I.R.L.","ESTACIÓN DE SERVICIOS / GRIFOS","JUNIN","HUANCAYO","HUALHUAS","CARRETERA CENTRAL S/N KM 10  MARGEN IZQUIERDA","2026-08-08"
"170615","COMPAÑIA PETROLERA Y GAS PONCE DE LA ROSA SOCIEDAD ANONIMA CERRADA","ESTACIÓN DE SERVICIO CON GASOCENTRO DE GLP","PASCO","PASCO","CHAUPIMARCA","AV. CARRETERA CENTRAL, MZ. 81, LOTE 1 AA.HH. TAHUANTINSUYO","2026-08-08"
"170624","GRIFOS PETROMOBIL S.A.C.","ESTACIÓN DE SERVICIOS / GRIFOS","CAJAMARCA","CHOTA","CHOTA","U.C. N° 7 7609270 29223, PREDIO DENOMINADO COLPAMAYO, CASERIO CONGA BLANCA","2026-08-08"
"170662","ESTACION DE SERVICIOS A & M E.I.R.L.","ESTACIÓN DE SERVICIOS / GRIFOS","APURIMAC","ABANCAY","CIRCA","INMUEBLE RUSTICO PAMPA DEL CONDOR RIO-2, CARRETERA PANAMERICANA ABANCAY - LIMA, SECTOR CASINCHIHUA.","2026-08-08"
"170712","TRANSPORTES DALU S.A.C.","ESTACIÓN DE SERVICIOS / GRIFOS","APURIMAC","ANDAHUAYLAS","TALAVERA","AV. SESQUICENTENARIO CON AV. ESPAÑA S/N","2026-08-07"
"170717","VICENTE SANABRIA JOSE STALIN","ESTACIÓN DE SERVICIOS / GRIFOS","LIMA","YAUYOS","CATAHUASI","CASERIO TAMBO ALT. KM 79 CARRETERA CAÑETE - YAUYOS","2026-08-04"
"170770","PETROLCIX E.I.R.L.","EE.SS con GLP y GNV","LAMBAYEQUE","CHICLAYO","CHICLAYO","CARRETERA PANAMERICANA NORTE KM. 789.5 - INTERSECCION CON AV. VENEZUELA","2026-08-08"
"170790","QUISOCALA HUANCO ALAN CRISTIAN","ESTACIÓN DE SERVICIOS / GRIFOS","PUNO","SAN ROMAN","JULIACA","AV. TACNA S/N CON JR. BOLOGENSI S/N, URB. NUEVE DE OCTUBRE","2026-08-08"
"170821","QUICAÑO RAVELO ANTONIO","ESTACIÓN DE SERVICIOS / GRIFOS","CAJAMARCA","CAJABAMBA","CACHACHI","LOTE EL NOGAL  SECTOR LA CURVA  C.P. ALGAMARCA","2026-07-31"
"170823","MONTES ROMERO ANTONIO","ESTACIÓN DE SERVICIOS / GRIFOS","HUANCAVELICA","TAYACAJA","PAMPAS","CENTRO POBLADO MANTACRA (CARRETERA MANTACRA  AYACUCHO)","2026-08-07"
"170846","RIVEROS SULLCA RICHARD JHON","GRIFOS RURALES CON ALMACENAMIENTO EN CILINDROS","UCAYALI","ATALAYA","RAYMONDI","CLL. PABLO ZAVALA MZ. 9 LT. 10 CENTRO POBLADO MALDONADILLO","2026-08-03"
"170888","PETSUR HYR SAC","ESTACIÓN DE SERVICIOS / GRIFOS","TACNA","TACNA","INCLAN","PARCELA N° 002-E. FILTRO N°3, RESERVORIO N° 9 DEL PROTER SAMA, ZONA I","2026-08-07"
"170891","TURPO PACHA VICTOR RAUL","ESTACIÓN DE SERVICIOS / GRIFOS","PUNO","LAMPA","CALAPUJA","CARRETERA PANAMERICANA JULIACA - CUSCO KM. 17+500, COMUNIDAD CAMPESINA ESTRELLA","2026-08-07"
"170949","SILVA OLIVEIRA NILDA LICET","ESTACIÓN DE SERVICIOS / GRIFOS","LORETO","ALTO AMAZONAS","BALSAPUERTO","CALLE MALECON GERMAN PINEDO S/N","2026-08-01"
"170951","ESTACION DE SERVICIOS ROYAL PRIX","ESTACIÓN DE SERVICIO CON GASOCENTRO DE GLP","LAMBAYEQUE","CHICLAYO","CHICLAYO","CALLE MARISCAL NIETO NRO. 300 ESQUINA CON CALLE FAUSTINO SARMIENTO","2026-08-08"
"171034","GRIFO FLOTANTE ORIDOM","GRIFOS FLOTANTES","LORETO","MAYNAS","PUNCHANA","MARGEN DERECHA RIO ITAYA","2026-08-01"
"171060","INVERSIONES ZAPATA VALDIVIEZO EIRL","ESTACIÓN DE SERVICIOS / GRIFOS","PIURA","SULLANA","SULLANA","CARRETERA PANAMERICANA NORTE KM. 5.5 DE LA ZONA INDUSTRIAL MUNICIPAL 5","2026-08-04"
"171173","SYR ESTACION DE SERVICIOS S.R.L.","ESTACIÓN DE SERVICIOS / GRIFOS","CAJAMARCA","CELENDIN","SUCRE","CENTRO POBLADO DE CRUZ CONGA","2026-08-08"
"171176","PETROVRAEM E.I.R.L.","ESTACIÓN DE SERVICIOS / GRIFOS","AYACUCHO","LA MAR","AYNA","CARRETERA AYACUCHO - SAN FRANCISCO KM. 130, PREDIO POTRERO HUAYCO","2026-08-09"
"171190","PULVISOL E.I.R.L.","ESTACIÓN DE SERVICIOS / GRIFOS","HUANCAVELICA","CHURCAMPA","PAUCARBAMBA","CARRETERA HUANCAYO - CHURCAMPA KM. 130 CENTRO POBLADO MENOR VISTA FLORIDA","2026-08-05"
"171198","INVERSIONES CGR E.I.R.L.","ESTACIÓN DE SERVICIOS / GRIFOS","CAJAMARCA","CAJAMARCA","LOS BAÑOS DEL INCA","CAR.CAJAMARCA-C.P. OTUZCO KM. 8.2 MZ A LOTE S/N C.P. BAJO OTUZCO","2026-08-05"
"171299","COMBUSTIBLES AMAZONICOS S.A.C.","GRIFOS RURALES CON ALMACENAMIENTO EN CILINDROS","UCAYALI","PADRE ABAD","NESHUYA","AV. VIRGEN DEL CARMEN MZ. 9 LT. 01 CASERIO VIRGEN DEL CARMEN","2026-07-10"
"171309","ESTACION DE SERVICIOS VILLA SAN ROQUE E.I.R.L.","ESTACIÓN DE SERVICIO CON GASOCENTRO DE GLP","CAJAMARCA","CAJAMARCA","CAJAMARCA","INTERSECCION AV. MANUEL SEOANE Y PROLONGACION AYACUCHO SECTOR 10 URB. SAN ANTONIO","2026-08-07"
"171312","MOORE ACOSTA GEDEON","ESTACIÓN DE SERVICIOS / GRIFOS","APURIMAC","CHINCHEROS","HUACCANA","CARRETERA HUACCANA - MOYACCASA S/N","2026-08-05"
"171313","COMPANIA OPERADORA DE LA SELVA","ESTACIÓN DE SERVICIOS / GRIFOS","UCAYALI","CORONEL PORTILLO","YARINACOCHA","CARRETERA FEDERICO BASADRE KM 13.","2026-08-09"
"171382","COESTI S.A.","ESTACIÓN DE SERVICIOS / GRIFOS","PROV. CONST. DEL CALLAO","PROV. CONST. DEL CALLAO","CALLAO","MZ D. LOTE 1, URB. PROGRESIVA LAS ORQUIDEAS II ETAPA","2026-08-09"
"171452","CORPORACION PERUANA DE COMMODITIES SOCIEDAD ANONIMA CERRADA","ESTACIÓN DE SERVICIO CON GASOCENTRO DE GLP","ICA","ICA","ICA","MZ. J, LOTE 1, ASENTAMIENTO HUMANO CERCADO","2026-08-08"
"171454","GRIFO LLAGADEN S.R.L.","ESTACIÓN DE SERVICIOS / GRIFOS","CAJAMARCA","CAJAMARCA","MAGDALENA","SECTOR LLAGADEN KM 123-CHOROPAMPA","2026-08-01"
"171534","SERVICENTRO DYLAN E.I.R.L.","ESTACIÓN DE SERVICIOS / GRIFOS","UCAYALI","PADRE ABAD","CURIMANA","JR. MOISES ASAYAC MZ. 6D LOTE 2","2026-08-08"
"171594","GRUPO ROVIYOL S.A.C.","ESTACIÓN DE SERVICIOS / GRIFOS","PUNO","SAN ROMAN","JULIACA","AVENIDA SAN MARTIN S/N, ESQUINA CON EL JIRON SAN MIGUEL S/N, LOTE 7, MZ F, URB. FLAVIO TORRES","2026-08-02"
"171660","CASTRO CHUPILLON ABDIAS","ESTACIÓN DE SERVICIOS / GRIFOS","CAJAMARCA","CHOTA","HUAMBOS","SECTOR CAMPO DEPORTIVO DEL BARRIO LA LOMA","2026-08-03"
"171663","A TRES C COMBUSTIBLES ICA E.I.R.L.","ESTACIÓN DE SERVICIO CON GASOCENTRO DE GLP","ICA","ICA","SUBTANJALLA","CARRETERA PANAMERICANA SUR PARCELA N° 40 U.C. 12304","2026-08-08"
"171680","COESTI S.A.","ESTACIÓN DE SERVICIO CON GASOCENTRO DE GLP","PROV. CONST. DEL CALLAO","PROV. CONST. DEL CALLAO","VENTANILLA","PARCELA A ALTURA KM 8 DE LA CARRETERA CALLAO - VENTANILLA","2026-08-08"
"171707","FLOTANTE SANTA CLARA","GRIFOS FLOTANTES","LORETO","MAYNAS","SAN JUAN BAUTISTA","MARGEN DERECHO DEL RIO NANAY","2026-08-07"
"171722","GRUPO AGUA DE LA VIDA S.A.C.","ESTACIÓN DE SERVICIOS / GRIFOS","APURIMAC","AYMARAES","CHALHUANCA","VIA PANAMERICANA ABANCAY  CHALHUANCA SECTOR HUALTANYANI","2026-08-05"
"171739","MEGA ESTACION LOS DELFINES CARACHACRA","ESTACIÓN DE SERVICIO CON GASOCENTRO DE GLP","LIMA","HUAROCHIRI","SANTA CRUZ DE COCACHACRA","CARRETERA CENTRAL KM. 51 ANEXO DE CARACHACRA","2026-08-09"
"171762","EE.SS GOLONDRINAS S.A.C.","ESTACIÓN DE SERVICIOS / GRIFOS","PIURA","SULLANA","IGNACIO ESCUDERO","CARRETERA PANAMERICANA NORTE","2026-08-08"
"171782","CHOQUEHUANCA ZAPANA GUIDO DENIS","ESTACIÓN DE SERVICIOS / GRIFOS","PUNO","AZANGARO","AZANGARO","CARRETERA AZANGARO - ASILLO KM. 6+800 SECTOR HUATA SAN ANTONIO 1","2026-07-31"
"171809","EMPRESA COMUNAL DE SERVICIOS MULTIPLES QUIULACOCHA - PASCO","ESTACIÓN DE SERVICIOS / GRIFOS","PASCO","PASCO","SIMON BOLIVAR","CARRETERA DEPARTAMENTAL PA-100 TRAMO QUIULACOCHA - CERRO DE PASCO","2026-08-04"
"171902","EMPRESA MINERA MALAGH E.I.R.L.","ESTACIÓN DE SERVICIOS / GRIFOS","AREQUIPA","CAMANA","MARIANO NICOLAS VALCARCEL","AV. URINSAYA S/N ASOC. URB. LAS PEÑAS ANEXO DE SECOCHA","2026-08-08"
"171917","ESTACION DE SERVICIOS ZAMILY E.I.R.L.","ESTACIÓN DE SERVICIOS / GRIFOS","CAJAMARCA","SAN MIGUEL","SAN MIGUEL","SECTOR EL LIPOC (KM. 3 CARRETERA A CHILETE)","2026-08-02"
"171934","ESTACION DE SERVICIOS LIN PETRO S.A.C.","ESTACIÓN DE SERVICIOS / GRIFOS","CUSCO","CHUMBIVILCAS","SANTO TOMAS","SECTOR CCOÑEC UNO PATA, LOTE E","2026-08-07"
"171977","GRIFO SEÑOR CAUTIVO EMPRESA INDIVIDUAL DE RESPONSABILIDAD LIMITADA","ESTACIÓN DE SERVICIOS / GRIFOS","PIURA","HUANCABAMBA","SONDORILLO","CARRETERA HUANCABAMBA  SONDORILLO, CRUCE CASERÍO LA SOCCHA","2026-08-07"
"172037","ESTACION DE ENERGIAS EL CENTENARIO SOCIEDAD ANONIMA CERRADA - ENERGIAS EL CENTENARIO S.A.C.","ESTACIÓN DE SERVICIO CON GASOCENTRO DE GLP","TACNA","TACNA","TACNA","PARQUE INDUSTRIAL MZ. E LT. 08 SUB LOTE 1","2026-08-09"
"172051","INVERSIONES Q & C YODER S.A.C.","ESTACIÓN DE SERVICIOS / GRIFOS","CUSCO","CANCHIS","SICUANI","PREDIO A-2-B MAHUAR CANCHA UNU RAQUI, PUERTO ARTURO EN LA INTERSECCION DE LA PISTA SICUANI PUNO Y SICUANI ESPINAR","2026-08-06"
"172071","GRUPO E INVERSIONES JJL ESTRELLA SOCIEDAD ANÓNIMA CERRADA","ESTACIÓN DE SERVICIOS / GRIFOS","PASCO","PASCO","PAUCARTAMBO","JIRON RAMON CASTILLA S/N CENTRO POBLADO DE SAN FRANCISCO","2026-08-04"
"172099","CORPORACION JULIESTA SOCIEDAD ANONIMA CERRADA","ESTACIÓN DE SERVICIOS / GRIFOS","MADRE DE DIOS","TAHUAMANU","TAHUAMANU","SECTOR SAN PEDRO","2026-08-05"
"172112","ESTACION DE SERVICIOS MACHI","ESTACIÓN DE SERVICIOS / GRIFOS","AYACUCHO","PARINACOCHAS","CORACORA","CARRETERA HUACCEPAMPA KM. 199","2026-08-04"
"172163","SERVICENTRO MIRADOR DE ORO S.R.L.","ESTACIÓN DE SERVICIOS / GRIFOS","MADRE DE DIOS","TAHUAMANU","TAHUAMANU","SECTOR VILLA ROCIO","2026-08-07"
"172172","GRIFO SAN MIGUEL","ESTACIÓN DE SERVICIOS / GRIFOS","PUNO","SAN ROMAN","SAN MIGUEL","AV. CIRCUNVALACIÓN N° 1014 ESQ. CON JR. HUASCARÁN N° 101","2026-07-28"
"172240","GRIFOS MESOL HERMANOS S.R.L.","ESTACIÓN DE SERVICIOS / GRIFOS","ANCASH","HUARAZ","HUARAZ","CAR. HUARAZ PATIVILCA KM. 5.5 CENTRO POBLADO DE TOCLLA","2026-08-06"
"172248","TESCA PETROL STATION S.R.L.","ESTACIÓN DE SERVICIOS / GRIFOS","CAJAMARCA","CAJAMARCA","LLACANORA","PREDIO EL PARAIZO - U.C. N° 6547- SECTOR YANAMARCA","2026-08-04"
"172283","PETRONEGOCIOS DIEGO E.I.R.L.","ESTACIÓN DE SERVICIOS / GRIFOS","CUSCO","LA CONVENCION","KIMBIRI","CARRETERA A KIMBIRI PREDIO CEDROCUCHO SECTOR SAMANIATO","2026-08-01"
"172351","ESTACION DE SERVICIO LAS MAGNOLIAS","ESTACIÓN DE SERVICIOS / GRIFOS","ANCASH","RECUAY","CATAC","PARCELA U.C. 8-2308915 - 90124 DEL SECTOR SAN MIGUEL DEL VALLE DEL SANTA","2026-08-04"
"172362","MULTISERVICIOS SAN GABRIEL EIRL","ESTACIÓN DE SERVICIOS / GRIFOS","AMAZONAS","UTCUBAMBA","YAMON","JR. COMERCIO S/N. MZA 08, LOTES 02 Y 03  CASERIO PUERTO MALLETA","2026-08-06"
"172374","CORPORACION CTM SOCIEDAD ANONIMA CERRADA","ESTACIÓN DE SERVICIOS / GRIFOS","PUNO","SAN ROMAN","JULIACA","URB. TAMBOPATA MZ. V LOTE 18 -A AV. TAMBOPATA ESQUINA CON JR. JOSE MARIA ARGUEDAS","2026-08-09"
"172379","ESTACION DE SERVICIOS JULIO E.I.R.L.","ESTACIÓN DE SERVICIOS / GRIFOS","TUMBES","CONTRALMIRANTE VILLAR","CASITAS","CARRETERA DEPARTAMENTAL BOCAPAN - CASITAS S/N SECTOR LA RINCONADA","2026-08-05"
"172381","I&N LILIAN CM S.A.C.","ESTACIÓN DE SERVICIO CON GASOCENTRO DE GLP","HUANCAVELICA","CHURCAMPA","ANCO","AV. 20 DE ENERO S/N","2026-08-05"
"172462","SERVICENTRO G & R S.A.C.","ESTACIÓN DE SERVICIOS / GRIFOS","PIURA","PIURA","PIURA","UC N° 7_ 5359430_020115 Y 7_5359430_020116, LA PROVIDENCIA, VALLE MEDIO PIURA  SECTOR EJIDOS DEL NORTE","2026-08-08"
"172474","J & A CONSTRUCTORA MANTENIMIENTO Y SERVICIOS GENERALES E.I.R.L.","ESTACIÓN DE SERVICIOS / GRIFOS","PUNO","MELGAR","ANTAUTA","CARRETERA INTEROCEANICA KM. 135+800","2026-08-04"
"172482","SERVICENTRO JL COPACABANA EMPRESA INDIVIDUAL DE RESPONSABILIDAD LIMITADA","ESTACIÓN DE SERVICIOS / GRIFOS","CUSCO","ANTA","ANTA","C.P. COMPONE, SECTOR SAN ISIDRO, AYLLY TUMIBAMBA S/N","2026-08-06"
"172498","CAYO CHOQUEHUANCA RAUL PERCY","ESTACIÓN DE SERVICIOS / GRIFOS","PUNO","AZANGARO","AZANGARO","CARRETERA AZANGARO - ASILLO KM. 1+300 SECTOR CCOMER MOCCO MAYCHUYO","2026-08-03"
"172553","ESTACION DE SERVICIOS SULLKATA S.A.C.","ESTACIÓN DE SERVICIOS / GRIFOS","PIURA","PIURA","TAMBO GRANDE","CAR. SULLANA TAMBOGRANDE KM 1061 - 1062","2026-08-07"
"172696","ESTACION DE SERVICIOS AMAF EMPRESA INDIVIDUAL DE RESPONSABILIDAD LIMITADA","ESTACIÓN DE SERVICIOS / GRIFOS","AREQUIPA","CAYLLOMA","MAJES","CALLE 322 CON CALLE 303, MZ. L 01, LOTE 18 - SECTOR 3","2026-08-07"
"172778","EMPRESA DE TRANSPORTES E INVERSIONES MARPIC S.A.","ESTACIÓN DE SERVICIOS / GRIFOS","ANCASH","HUARAZ","INDEPENDENCIA","PREDIO RUSTICO AUQUIS HERA, VALLE CALLEJON DE HUAYLAS SECTOR MITUCRO","2026-08-08"
"172795","GASOCENTRO VISTA ALEGRE S.A.C.","ESTACIÓN DE SERVICIO CON GASOCENTRO DE GLP","LAMBAYEQUE","LAMBAYEQUE","OLMOS","AV. 28 DE JULIO MZ. 1 LOTE 1 AA.HH. ALAN GARCIA PEREZ","2026-08-09"
"172841","VIVAR ANGELES PERCY GERARDO","ESTACIÓN DE SERVICIOS / GRIFOS","ANCASH","YUNGAY","YUNGAY","CARRETERA HUARAZ - CARAZ SECTOR PUNYAN","2026-08-07"
"172845","ESTACION DE SERVICIOS LA DOXA S.A.C.","ESTACIÓN DE SERVICIO CON GASOCENTRO DE GLP","ANCASH","SANTA","NUEVO CHIMBOTE","AV. AGRARIA Y CHINECAS MZ. 9-1A-1C, SECTOR SAN ANTONIO","2026-08-09"
"172862","PINTO AYALA JOHN FORTUNATO","ESTACIÓN DE SERVICIOS / GRIFOS","APURIMAC","ABANCAY","ABANCAY","VIA PANAMERICANA ABANCAY - CHALHUANACA","2026-08-07"
"172917","ADMINISTRACION DE GRIFOS L&L ONE S.A.C.","ESTACIÓN DE SERVICIOS / GRIFOS","ANCASH","SANTA","NUEVO CHIMBOTE","AV. CHINECAS CON CALLE S/N","2026-08-09"
"173005","ZAGA QUISPE LUIS ANGEL","ESTACIÓN DE SERVICIOS / GRIFOS","PUNO","AZANGARO","SAN ANTON","AV. TUPAC AMARU N° 636 ESQUINA CON PASAJE 8","2026-08-08"
"173013","NEGOCIOS Y TRANSPORTE BRIAN ALEXANDER E.I.R.L.","ESTACIÓN DE SERVICIOS / GRIFOS","LAMBAYEQUE","FERREÑAFE","PITIPO","AV. INCAHUASI S/N SECTOR BAJO MOTUPILLO CP MOTUPILLO","2026-08-04"
"173042","INVERSIONES VARGAS PEREZ","ESTACIÓN DE SERVICIOS / GRIFOS","AYACUCHO","VILCAS HUAMAN","VISCHONGO","BARRIO PAMPACHACRA, SECTOR SANTA BARBARA, REFERENCIA: CARRETERA CONDORCCOCHA - VILCAS HUAMAN (KM. 35+340)","2026-08-08"
"173065","SEGURA DIAZ ROYSER","GRIFOS RURALES CON ALMACENAMIENTO EN CILINDROS","SAN MARTIN","MOYOBAMBA","MOYOBAMBA","JR. 30 DE NOVIEMBRE S/N CRUCE CON JR. NARANJAL - C.P. PUEBLO LIBRE","2026-08-04"
"173069","CORPORACION Y SERVICIOS EL SALVADOR S.A.C.","ESTACIÓN DE SERVICIO CON GASOCENTRO DE GLP","ICA","CHINCHA","EL CARMEN","PREDIO GRANJA AVICOLA VANIA, SECTOR POZUELO SUR","2026-08-08"
"173085","MEGA ESTACION LOS DELFINES CHANCAY","ESTACIÓN DE SERVICIO CON GASOCENTRO DE GLP","LIMA","HUARAL","CHANCAY","CARRETERA PANAMERICANA NORTE ALTURA DEL KM 94.30 LOTE A. SECTOR CAYETANO  U.C 02364","2026-08-08"
"173112","GRIFOS TUNKIMAYO S.A.C.","ESTACIÓN DE SERVICIOS / GRIFOS","PUNO","SAN ROMAN","JULIACA","AV. PEDRO RUIZ GALLO S/N MZ. P LTS. 23 Y 01","2026-08-07"
"173136","ESTACIÓN DE SERVICIO LIMACPUNKO JOVITA E.I.R.L.","ESTACIÓN DE SERVICIOS / GRIFOS","CUSCO","QUISPICANCHI","MARCAPATA","PREDIO DENOMINADO LIMACPUNCO","2026-08-07"
"173142","XACT PERU S.A.C.","ESTACIÓN DE SERVICIOS / GRIFOS","CUSCO","ESPINAR","COPORAQUE","PREDIO NAZACCARA, UC. 90004, CARRETERA ESPINAR - COPORAQUE (ALTURA KM. 265+500)","2026-08-09"
"173144","ESTACION DE SERVICIOS J & F SAN ANDRES S.R.L.","ESTACIÓN DE SERVICIOS / GRIFOS","CAJAMARCA","CUTERVO","SAN ANDRES DE CUTERVO","INTERSECCION CALLE PARQUE NACIONAL Y CALLE ATILANO DIAZ HUANCAS","2026-08-05"
"173229","MULTISERVICIOS AINASHO EIRL","ESTACIÓN DE SERVICIOS / GRIFOS","AMAZONAS","UTCUBAMBA","CUMBA","CARRETERA PE-5N G KM 24+100 CORRAL QUEMADO - CUMBA","2026-08-07"
"173238","PAQUIYAURI NOA ROGELIO","ESTACIÓN DE SERVICIOS / GRIFOS","HUANCAVELICA","ANGARAES","LIRCAY","ANEXO DE OCCOPAMPA, COMUNIDAD DE CARHUAPATA","2026-08-05"
"173276","ESTACION DE SERVICIOS PAUCAR JLSA S.A.C.","ESTACIÓN DE SERVICIOS / GRIFOS","HUANCAVELICA","CHURCAMPA","PAUCARBAMBA","CARRETERA DE TUCUCCASA - PAUCARBAMBA KM. 30 ANEXO DE JAUCAPATA","2026-08-07"
"173285","ESTACION DE SERVICIOS  JIREH","ESTACIÓN DE SERVICIOS / GRIFOS","SAN MARTIN","BELLAVISTA","SAN PABLO","AV. TÚPAC AMARU S/N CUADRA 02  CENTRO POBLADO CONSUELO","2026-08-08"
"173348","GRIFO MORROPE E.I.R.L.","ESTACIÓN DE SERVICIO CON GASOCENTRO DE GLP","LAMBAYEQUE","LAMBAYEQUE","MORROPE","PREDIO ERNESTO SECTOR CRUCE LEQUE","2026-08-08"
"173354","GRUPO A&R SAC","ESTACIÓN DE SERVICIOS / GRIFOS","PUNO","AZANGARO","MUNANI","AV. CIRCUNVALACIÓN S/N ESQ. JR. FRANCISCO BOLOGNESI, URB. EZEQUIEL URVIOLA MZ. E-1 LOTES 7,8 Y 9","2026-08-06"
"173393","VILCA CHOQUE FREDY","ESTACIÓN DE SERVICIOS / GRIFOS","PUNO","PUNO","PUNO","JR. 9 DE OCTUBRE N° 580, BARRIO PROGRESO","2026-08-07"
"173446","COARI PACOMPIA JULIANA","ESTACIÓN DE SERVICIOS / GRIFOS","PUNO","SAN ROMAN","CARACOTO","CARRETERA CARACOTO-COATA, KM. 4+100 COMUNIDAD CAMPESINA CANCHI CHICO, SECTOR YANAMOCO QUEMULLANI","2026-08-08"
"173459","ESTACIONES DON BOSCO SOCIEDAD ANÓNIMA CERRADA","ESTACIÓN DE SERVICIO CON GASOCENTRO DE GLP","PIURA","PIURA","PIURA","AA.HH QUINTA JULIA MZ A LOTE 1","2026-08-08"
"173539","SERVICENTRO TROYA E.I.R.L.","ESTACIÓN DE SERVICIO CON GASOCENTRO DE GLP","CAJAMARCA","JAEN","JAEN","CALLE VILLANUEVA PINILLOS 1505 ESQUINA CON CALLE 28 DE JULIO","2026-08-09"
"173682","ESTACION DE SERVICIOS JAGUAR S.A.C.","ESTACIÓN DE SERVICIO CON GASOCENTRO DE GLP","CAJAMARCA","CAJABAMBA","CAJABAMBA","AV. LEONCIO MARTINEZ VEREAU N° 552  554 SECTOR TACSHANA","2026-07-31"
"173684","COMBUSTIBLES AMAZONICOS S.A.C.","ESTACIÓN DE SERVICIOS / GRIFOS","UCAYALI","CORONEL PORTILLO","CALLERIA","AV. HABILITACION URBANA MUNICIPAL ESQUINA AV. VIA DE EVITAMIENTO HAB. URB. PROGRESIVA ACEJUSA MZ. D LT. 12-13","2026-08-09"
"173701","VALENZUELA TELLO GREYSS LILIANA","GRIFOS RURALES CON ALMACENAMIENTO EN CILINDROS","HUANCAVELICA","ANGARAES","SECCLLA","CALLE ODILON CASINGA, COMUNIDAD DE SECCLLA","2026-08-04"
"173717","SERVICENTRO MAYTA","ESTACIÓN DE SERVICIOS / GRIFOS","UCAYALI","PADRE ABAD","ALEXANDER VON HUMBOLD","FDO. NUEVO P¿ROGRESO II SECTOR PRIMAVERA UU.CC. 022330 ALTURA DEL KM. 4 DE LA CARRETERA FERNANDO BELAUNDE TERRY","2026-08-08"
"173749","ACEITUNO RODRIGUEZ VIOLETA","ESTACIÓN DE SERVICIOS / GRIFOS","PUNO","PUNO","ATUNCOLLA","RUTA NACIONAL PE-3S, AUTOPISTA PUNO-JULIACA KM. 1334+550M","2026-08-06"
"173763","TORRES TRINIDAD VICTOR","ESTACIÓN DE SERVICIO CON GASOCENTRO DE GLP","HUANUCO","AMBO","CONCHAMARCA","PARCELA EL MIRADOR LOCALIDAD DE QUICACAN","2026-08-07"
"173887","ESPINOZA SEMPERTEGUI RICARDO","ESTACIÓN DE SERVICIOS / GRIFOS","CAJAMARCA","CHOTA","CHOTA","PREDIO EL MERME, SECTOR SANTA ROSA BAJO","2026-07-31"
"173892","ESTACIONES DE SERVICIOS MERCE T & C S.A.C.","ESTACIÓN DE SERVICIOS / GRIFOS","PIURA","HUANCABAMBA","HUANCABAMBA","CASERIO QUISPAMPA BAJO SECTOR EL BANCO, CARRETERA HUANCABAMBA - CANCHAQUE","2026-08-07"
"173973","SUPER GRIFO PUNO F & L S.R.L.","ESTACIÓN DE SERVICIOS / GRIFOS","PUNO","PUNO","PUNO","CARRETERA PUNO-JULIACA KILOMETRO 6+300, CENTRO POBLADO ALTO PUNO","2026-07-31"
"173974","MULTISERVICIOS KEMIT E.I.R.L.","ESTACIÓN DE SERVICIOS / GRIFOS","SAN MARTIN","TOCACHE","NUEVO PROGRESO","PARCELA 8-3659030-396208 VALLE ALTO HUALLAGA RAMAL DE ASPUZANA","2026-08-07"
"173999","MENDEZ LAZARO HERMES DENARIO","ESTACIÓN DE SERVICIOS / GRIFOS","LA LIBERTAD","OTUZCO","USQUIL","VIA EVITAMIENTO N° 301","2026-08-07"
"174026","SHAPIAMA CASTILLO LINDER WILLY","GRIFOS FLOTANTES","LORETO","MAYNAS","PUNCHANA","MARGEN DERECHA DEL RIO ITAYA - REFERENCIA ISLA IQUITOS","2026-08-04"
"174035","VERGARA ROMERO JENRRI","ESTACIÓN DE SERVICIOS / GRIFOS","AMAZONAS","UTCUBAMBA","BAGUA GRANDE","AV SANTA ROSA S/N CP ÑUNYA JALCA","2026-08-05"
"174067","GAS 777 SOCIEDAD ANONIMA CERRADA - GAS 777 S.A.C.","ESTACIÓN DE SERVICIO CON GASOCENTRO DE GLP","ICA","ICA","SUBTANJALLA","URB. LA ANGOSTURA II ETAPA MZ. U LOTE 17 - 18 AV. SAN JUAN BAUTISTA","2026-08-07"
"174166","CORPORACION ALDAYZ S.A.C.","ESTACIÓN DE SERVICIOS / GRIFOS","PUNO","SANDIA","CUYOCUYO","JR. ACOMARCA MZ B1 LTE 04 URB. SR. DE IMARUCOS","2026-08-07"
"174167","GRIFOS SANTA MARIA S.A.","ESTACIÓN DE SERVICIO CON GASOCENTRO DE GLP","LIMA","HUARAL","CHANCAY","AV. ROOSEVELT S/N","2026-08-08"
"174209","CCASO CCUNO CALIXTO","ESTACIÓN DE SERVICIOS / GRIFOS","PUNO","AZANGARO","SAN JOSE","PROLONGACIÓN DE LA AV. MÁRTIRES DE 20 DE ENERO MZ. B LOTE 04 URB. RÍO BLANCO 2DA. ETAPA, CENTRO POBLADO VÍRGEN DEL ROSARIO","2026-08-03"
"174221","ESTACION DE SERVICIOS EMAVIZA S.A.C.","ESTACIÓN DE SERVICIO CON GASOCENTRO DE GLP","AMAZONAS","CHACHAPOYAS","CHACHAPOYAS","KM 3.5 CARRETERA CHACHAPOYAS - PEDRO RUIZ","2026-08-08"
"174257","DANAHI SERVICE E.I.R.L.","ESTACIÓN DE SERVICIOS / GRIFOS","AREQUIPA","AREQUIPA","CERRO COLORADO","AV. VIA DE EVITAMIENTO KM. 6.7 ESQUINA CALLE LORETO S/N","2026-08-08"
"174492","ESTACION DE SERVICIOS PETROMAC","ESTACIÓN DE SERVICIOS / GRIFOS","CUSCO","ANTA","ANCAHUASI","AV. INTEROCEANICA S/N","2026-08-08"
"174551","GRIFO MI SOL","ESTACIÓN DE SERVICIOS / GRIFOS","JUNIN","CHANCHAMAYO","CHANCHAMAYO","AV. PERU S/N  SECTOR PAMPA DEL CARMEN","2026-08-08"
"174560","INVERSIONES Y SERVICIOS GENERALES IM & DV S.A.C.","ESTACIÓN DE SERVICIOS / GRIFOS","ANCASH","SANTA","MORO","MZ. I1, LOTES 1 Y 2 - AV. PRINCIPAL CARRETERA DE MORO A PAMPAROMAS - AA.HH. NUEVO MORO","2026-08-08"
"174594","Q¿ORI NICOLLE SOCIEDAD ANONIMA CERRADA - Q¿ORI NICOLLE S.A.C.","ESTACIÓN DE SERVICIOS / GRIFOS","CUSCO","CUSCO","SAN JERONIMO","CALLE PEDRO MENDIGURE  SECTOR LA RINCONADA","2026-08-05"
"174638","MAXITRUCK PERU S.A.C.","ESTACIÓN DE SERVICIO CON GASOCENTRO DE GLP","PROV. CONST. DEL CALLAO","PROV. CONST. DEL CALLAO","VENTANILLA","URB. POPULAR DE INTERES SOCIAL PARCELA MINI PARQUE INDUSTRIAL CERRO CACHITO MZ B LOTE 7","2026-08-08"
"174655","PAMU PLUSH S.A.C.","ESTACIÓN DE SERVICIO CON GASOCENTRO DE GLP","LAMBAYEQUE","CHICLAYO","CHICLAYO","SECTOR LAS PAMPAS","2026-08-09"
"174679","ESTACION DE SERVICIOS & TURISMO EL RAYO S.A.C.","ESTACIÓN DE SERVICIO CON GASOCENTRO DE GLP","SAN MARTIN","TOCACHE","UCHIZA","CARRETERA FERNANDO BELAUNDE TERRY KM 600+150 DE TOCACHE A PROGRESO - CASERIO HUAYNABE","2026-07-30"
"174681","ESTRELLA DEL NOR ORIENTE","ESTACIÓN DE SERVICIOS / GRIFOS","AMAZONAS","UTCUBAMBA","EL MILAGRO","CARRETERA FERNANDO BELAIINDE TERRY KM 203. SECTOREL TRIUNFO MARAÑON","2026-08-08"
"174720","ABANTO TORRES OLINDA MERCEDES","ESTACIÓN DE SERVICIOS / GRIFOS","CAJAMARCA","CAJAMARCA","LLACANORA","KM. 7 CARRETERA LLACANORA FRENTE A PLANTA DE CEMENTOS PACASMAYO","2026-08-08"
"174773","GRUPO EMPRESARIAL CAMPO VERDE S.A.C","ESTACIÓN DE SERVICIOS / GRIFOS","UCAYALI","CORONEL PORTILLO","CAMPOVERDE","CARRETERA FEDERICO BASADRE KM. 23 CASERIO SAN JOSE","2026-08-07"
"174787","VILCAPAZA QUISPE LUCIO EDWIN","ESTACIÓN DE SERVICIOS / GRIFOS","PUNO","SAN ANTONIO DE PUTINA","PUTINA","AVENIDA PROGRESO S/N, MANZANA Q, LOTES 3-4, BARRIO BELÉN","2026-08-04"
"174808","SERVICIOS GENERALES DASHERLYN E.I.R.L.","ESTACIÓN DE SERVICIO CON GASOCENTRO DE GLP","ANCASH","SANTA","CACERES DEL PERU","PREDIO SANTO DOMINGO C.P. / 8_8109000_03314 SECTOR VALLE NEPEÑA,JIMBE","2026-08-08"
"174815","EE.SS RIO MACHO","ESTACIÓN DE SERVICIOS / GRIFOS","UCAYALI","PADRE ABAD","NESHUYA","CARRETERA FEDERICO BASADRE KM. 62.00 FRACCION DEL FDO.SOFIA - MONTE ALEGRE","2026-08-08"
"174853","FUEL STATION CONTRERAS S.A.C.","ESTACIÓN DE SERVICIOS / GRIFOS","LIMA","LIMA","SAN MARTIN DE PORRES","AV. CARLOS ALBERTO IZAGUIRRE Y AV. BERTELLO URB. SAN CARLOS MZ. ""A"" LOTES 5, 6, 7, 8, 9, 24, 25, 26, 27, 28 Y 29","2026-08-08"
"174892","ESTACIÓN DE SERVICIOS SAN ISIDRO SOCIEDAD COMERCIAL DE RESPONSABILIDAD LIMITADA","ESTACIÓN DE SERVICIOS / GRIFOS","UCAYALI","CORONEL PORTILLO","CAMPOVERDE","VILLA RODAS PARCELA 2-2A SECTOR SANTA ROSA DE LIMA","2026-08-08"
"175097","MAGNA CONSUELO CHAVEZ RAMOS","ESTACIÓN DE SERVICIOS / GRIFOS","AMAZONAS","LUYA","TINGO","CARRETERA CHACHAPOYAS - BALSAS - PE - 08B KM 294+150 SECTOR GOLOMIA","2026-08-09"
"175108","ESTACION DE SERVICIOS HRG S.A.C.","ESTACIÓN DE SERVICIOS / GRIFOS","CUSCO","LA CONVENCION","MANITEA","CARRETERA TRONCAL KIMBIRI-LA CONVENCION S/N, CENTRO POBLADO TAHUANTINSUYO LOBO","2026-08-01"
"175150","GRIFO EL EUCALIPTO E.I.R.L.","ESTACIÓN DE SERVICIO CON GASOCENTRO DE GLP","LAMBAYEQUE","CHICLAYO","CAYALTI","AV PASEO DE LA REFORMA S/N","2026-08-05"
"175188","GUEVARA QUIROZ GRIMANES","ESTACIÓN DE SERVICIOS / GRIFOS","CAJAMARCA","CHOTA","COCHABAMBA","PREDIO DENOMINADO EL CHIRIMOYO, SECTOR EL CERCADO","2026-08-05"
"175215","GRUPO H GAS ANDINO S.A.C.","GASOCENTROS DE GLP","ANCASH","SANTA","CHIMBOTE","MZ. 1, LTS. 7 Y 8, AA.HH. SAN JUAN","2026-07-16"
"175231","ALANOCA DE CORDOVA JULIA","ESTACIÓN DE SERVICIOS / GRIFOS","CUSCO","QUISPICANCHI","LUCRE","VALLE VILCANOTA - SECTOR HUACARPAY - MANZANAYOC","2026-08-06"
"175371","CONSORCIO 3 DE AGOSTO S.A.C.","ESTACIÓN DE SERVICIOS / GRIFOS","LIMA","LIMA","CARABAYLLO","MANZANA E2, LOTE 10 DEL CENTRO POBLADO LOS HUERTOS DEL RIO SECO, VALLE DE MALA","2026-08-05"
"175424","ORIHUELA QUISPE YANET EDITH","ESTACIÓN DE SERVICIOS / GRIFOS","PUNO","LAMPA","CALAPUJA","CARRETERA PANAMERICANA JULIACA - CUSCO KILÓMETRO 1293 + 550","2026-08-01"
"175440","ESTACION DE SERVICIOS BEMART E.I.R.L.","ESTACIÓN DE SERVICIOS / GRIFOS","PIURA","HUANCABAMBA","HUANCABAMBA","SECTOR EL BANCO CASERIO QUISPAMPA BAJO","2026-08-04"
"175469","V & J MULTISERVICIOS SAN JOSE S.A.C.","ESTACIÓN DE SERVICIOS / GRIFOS","PUNO","SAN ROMAN","SAN MIGUEL","AV. HUANCANÉ ESQUINA CON EL JR. SAN ANTONIO","2026-08-08"
"175489","CORDOVA CORDOVA WILMER","ESTACIÓN DE SERVICIOS / GRIFOS","PIURA","MORROPON","CHALACO","CARRETERA CHALACO  PIURA, JR. PIURA N° 93","2026-08-08"
"175527","DE LA CRUZ ALONZO MILER ROMARIO","ESTACIÓN DE SERVICIOS / GRIFOS","UCAYALI","CORONEL PORTILLO","CAMPOVERDE","CARRETERA CAMOPO VERDE - TOURNAVISTA KM. 15600 CASERIO NUEVA ESPERANZA","2026-08-08"
"175593","GROUP SAMUSA S.A.C.","ESTACIÓN DE SERVICIO CON GASOCENTRO DE GLP","LIMA","LIMA","PUENTE PIEDRA","PREDIO RURAL TAMBO INGA, PARCELA 33-A. PROYECTO TAMBO INGA VALLE CHILLÓN (CARRETERA PANAMERICANA NORTE KM 28.5)","2026-08-08"
"175602","GRUPO MP S.A.C.","ESTACIÓN DE SERVICIOS / GRIFOS","LAMBAYEQUE","LAMBAYEQUE","MOCHUMI","PREDIO EL PALMO S/N SECTOR GARCIA VALLE CHANCAY","2026-08-07"
"175691","SUCATICONA SUCATICONA BEATRIZ","ESTACIÓN DE SERVICIOS / GRIFOS","PUNO","SAN ROMAN","JULIACA","AV. EGIPTO S/N, ESQUINA CON AV. UCAYALI S/N","2026-08-04"
"175706","GRIFOS EL GUITARRERO S.R.L.","ESTACIÓN DE SERVICIOS / GRIFOS","CAJAMARCA","CAJAMARCA","CAJAMARCA","CARRETERA A LA COSTA KM. 5+400 (MARGEN IZQUIERDO), PREDIO AGOPAMPA, SECTOR AYLAMBO","2026-08-08"
"175768","ESTACION DE SERVICIOS MARANATHA S.A.C.","ESTACIÓN DE SERVICIOS / GRIFOS","PIURA","SECHURA","VICE","DESVIÓ DISTRITO VICE, AVENIDA SECHURA, EN LA MZ. U3 LOTE 01 EN LA AMPLIACIÓN URBANA DEL AA.HH. SAN PEDRO DEL CENTRO POBLADO LA TORTUGA","2026-08-03"
"175802","HUANACO HUILLCA MOISES NICO","ESTACIÓN DE SERVICIOS / GRIFOS","PUNO","SAN ROMAN","JULIACA","AV. AEROPUERTO S/N ESQUINA CON AV. VIRGEN DE LAS MERCEDES S/N","2026-08-04"
"175833","ESTACION DE SERVICIOS BLACKGOLD J&S E.I.R.L.","ESTACIÓN DE SERVICIOS / GRIFOS","PUNO","AZANGARO","AZANGARO","HABILITACION URBANA ZONA ECOLOGICA CIUDAD BALZAPATA, MZ. M-1, LOTES 3, 4, 5 Y 6. CARRETERA AZÁNGARO  MUÑANI KM. 00+200","2026-08-05"
"175847","ESTACION DE SERVICIOS TLAM E.I.R.L.","ESTACIÓN DE SERVICIOS / GRIFOS","LAMBAYEQUE","CHICLAYO","CHONGOYAPE","CARRETERA CHICLAYO CHONGOYAPE KM 63+700 SECTOR PAREDONES","2026-08-07"
"175894","PETROGAS CHANCHAMAYO S.A.C.","ESTACIÓN DE SERVICIOS / GRIFOS","JUNIN","CHANCHAMAYO","CHANCHAMAYO","AV. CARLOS A. PESCHIERA N° 302-304","2026-08-01"
"175919","ESTACION DE SERVICIOS SACRAMENTO S.A.C","ESTACIÓN DE SERVICIO CON GASOCENTRO DE GLP","ICA","NAZCA","NAZCA","AV. GUARDIA CIVIL N° 350","2026-08-08"
"175937","CHOQUE ITO ROXANA","ESTACIÓN DE SERVICIOS / GRIFOS","PUNO","SAN ROMAN","JULIACA","ESQUINA JR. MASEY FERGUSON S/N CON AV. C. BENIQUE S/N, URB. SANTO TOMAS","2026-08-07"
"176032","GASOCENTRO GAST SOCIEDAD ANONIMA CERRADA - GASOGAST S.A.C.","ESTACIÓN DE SERVICIO CON GASOCENTRO DE GLP","LIMA","LIMA","CARABAYLLO","URB. EL BOULEVARD DE SAN ANTONIO, MZ. D9, LOTES DEL 23 AL 30 (AV. JOSÉ SACO ROJAS S/N ESQUINA CON AV. COMERCIAL)","2026-08-08"
"176033","A TRES C COMBUSTIBLES ICA E.I.R.L.","ESTACIÓN DE SERVICIO CON GASOCENTRO DE GLP","ICA","ICA","TATE","PANAMERICANA SUR M 314.260","2026-08-08"
"176085","GRIFO TRANCA SASAPE E.I.R.L.","ESTACIÓN DE SERVICIOS / GRIFOS","LAMBAYEQUE","LAMBAYEQUE","TUCUME","PARCELA 01 U.C 21369 SECTOR TRANCA SASAPE","2026-08-07"
"176119","GUEVARA HUANACUNI JERONIMO","ESTACIÓN DE SERVICIOS / GRIFOS","PUNO","SAN ROMAN","JULIACA","AV. CIRCUNVALACIÓN S/N ESQUINA CON CALLE N° 3, URBANIZACIÓN MIGUEL RAMOS ZELA","2026-08-08"
"176135","DACOR  GAS S.A.C.","GASOCENTROS DE GLP","ANCASH","SANTA","NUEVO CHIMBOTE","CONJUNTO HABITACIONAL COMUNAL BRISAS DEL MAR SECTOR I MZ 66 LOTES 1A-2-3-4-5-7A","2026-08-01"
"176147","CORPORACION PETRO CENTRO SOCIEDAD ANÓNIMA CERRADA","ESTACIÓN DE SERVICIO CON GASOCENTRO DE GLP","HUANUCO","AMBO","AMBO","CARRETERA CENTRAL KM 208+ 138 M","2026-08-04"
"176226","ESTACION VALLE HERMOSO ENERGY S.A.C.","ESTACIÓN DE SERVICIOS / GRIFOS","LA LIBERTAD","SANCHEZ CARRION","SANAGORAN","CALLE LAS PALMERAS S/N U.C. 34218 PREDIO LAS DELICIAS","2026-07-10"
"176250","GRIFO J Y E PAMEN S.A.C.","ESTACIÓN DE SERVICIOS / GRIFOS","PIURA","PIURA","TAMBO GRANDE","PREDIO TG-35 A LT 12 SUB LOTE 1 SECTOR TG-MALINGAS LOCALIDAD DE TEJEDORES CASERIO BELLO HORIZONTE","2026-08-07"
"176272","ESTACIÓN DE SERVICIO LA NOVIA J&R.S.R.L","ESTACIÓN DE SERVICIOS / GRIFOS","MADRE DE DIOS","TAHUAMANU","TAHUAMANU","CARRETERA INTEROCEANICA EN EL CENTRO POBLADO DE LA NOVIA","2026-08-07"
"176333","VELSANG COMERCIO SERVICIO CONSTRUCTOR S.A.C.","ESTACIÓN DE SERVICIOS / GRIFOS","LORETO","MAYNAS","SAN JUAN BAUTISTA","CARRETERA SANTO TOMAS KM S/N ESQUINA CON CALLE PAMPA HERMOSASU PASAJE S/N","2026-08-07"
"176351","HUAMAN TENORIO LUCY HAYDEE","ESTACIÓN DE SERVICIOS / GRIFOS","APURIMAC","CHINCHEROS","HUACCANA","LOTE 1 Y 12 MZ ""R"" CENTRO POBLADO TOCSO SAURI","2026-08-05"
"176435","JHONATTAN VLADIVOSTOV B Q EMPRESA INDIVIDUAL DE RESPONSABILIDAD LIMITADA","ESTACIÓN DE SERVICIOS / GRIFOS","PUNO","PUNO","MAÑAZO","AV. JULIACA N° 528","2026-08-05"
"176466","SULLCA IRIGOIN ALEXANDER","ESTACIÓN DE SERVICIOS / GRIFOS","HUANUCO","LAURICOCHA","JESUS","AV. LOS INCAS CON JR. HUAMALIES S/N","2026-07-24"
"176470","QUENAYA ARCE JAVIER","ESTACIÓN DE SERVICIOS / GRIFOS","PUNO","PUNO","ACORA","AVENIDA PANAMERICANA NORTE N° 511 Y AVENIDA PRÓCERES N° 106","2026-08-08"
"176547","FRANK CRISTHIAN ROSA VARGAS","ESTACIÓN DE SERVICIOS / GRIFOS","CUSCO","QUISPICANCHI","ANDAHUAYLILLAS","PREDIO RURAL DENOMINADO FUNDO RINCONADA - SECTOR MOLLEMOLLIYOC","2026-08-08"
"176685","FULGAS PLANTA ENVASADORA DE G.L.P. SOCIEDAD ANONIMA","GASOCENTROS DE GLP","JUNIN","CHANCHAMAYO","CHANCHAMAYO","AV. CARLOS A. PESCHIERA N° 302-304","2026-07-30"
"176739","ESTACION DE SERVICIOS ALVALU S.A.C.","ESTACIÓN DE SERVICIOS / GRIFOS","SAN MARTIN","HUALLAGA","PISCOYACU","JR. MORONA CDRA 01","2026-08-07"
"176767","NEGOCIOS E INVERSIONES DAREP S.A.C.","ESTACIÓN DE SERVICIOS / GRIFOS","LA LIBERTAD","BOLIVAR","BOLIVAR","AV. DOS DE MAYO 101, MZ. A LOTE S/N CASERIO SANTA BARBARA","2026-08-08"
"176780","INVERSIONES MIGUEL ANGELO E.I.R.L.","ESTACIÓN DE SERVICIO CON GASOCENTRO DE GLP","LAMBAYEQUE","LAMBAYEQUE","MORROPE","VALLE CHANCAY  LAMBAYEQUE, PREDIO SAN LORENZO HIGUERÓN UC N°117782, SECTOR SAN ANTONIO","2026-08-07"
"176786","CONTRERAS VARGAS LUIS FERNANDO","ESTACIÓN DE SERVICIOS / GRIFOS","HUANCAVELICA","HUANCAVELICA","HUANDO","ANEXO YANACCOLPA - CCARHUASPATA","2026-08-08"
"176817","ESTACION DE SERVICIOS LEON MF EMPRESA INDIVIDUAL DE RESPONSABILIDAD LIMITADA","ESTACIÓN DE SERVICIO CON GASOCENTRO DE GLP","JUNIN","CONCEPCION","MATAHUASI","CARRETERA CENTRAL S/N KM 101, LOTE 7","2026-08-09"
"176867","ESTACION DE SERVICIOS ALEX HALANOCA HUAYTA","ESTACIÓN DE SERVICIOS / GRIFOS","PUNO","LAMPA","LAMPA","CARRETERA JULIACA  LAMPA KM. 32","2026-08-04"
"176888","EE.SS. JOSWIL SAC","ESTACIÓN DE SERVICIOS / GRIFOS","APURIMAC","ANDAHUAYLAS","JOSE MARIA ARGUEDAS","CARRETERA ANDAHUAYLAS - PAMPACHIRI S/N","2026-08-07"
"176900","GRUPO TORVISCO S.A.","EE.SS con GLP y GNV","LIMA","LIMA","COMAS","AV. HEROES DEL ALTO CENEPA (EX-TRAPICHE) LOTE 40, URB. HUERTOS DE TUNGASUCA","2026-08-08"
"176923","BASILIO PRADO ROOSEVELT","ESTACIÓN DE SERVICIOS / GRIFOS","HUANUCO","HUAMALIES","MONZON","PREDIO SANTA ELENA SECTOR CACHICOTO","2026-08-03"
"176970","RJM PERU SOCIEDAD COMERCIAL DE RESPONSABILIDAD LIMITADA","GASOCENTROS DE GLP","JUNIN","HUANCAYO","EL TAMBO","AV. HUANCAVELICA N° 1655, ESQ. CON AV. JOSE CARLOS MARIATEGUI","2026-08-06"
"176999","RODAS SANTA CRUZ VICTOR RAUL","ESTACIÓN DE SERVICIOS / GRIFOS","CAJAMARCA","SANTA CRUZ","PULAN","POTRERO CHICO, LOTE 1","2026-08-04"
"177008","ESTACION DE SERVICIOS AICOM SOCIEDAD ANONIMA CERRADA","ESTACIÓN DE SERVICIOS / GRIFOS","APURIMAC","ABANCAY","CURAHUASI","CARRETERA PANAMERICANA CUSCO - ABANCAY, SECTOR OCCORURO LAYAMPAMPA","2026-08-07"
"177035","OPERADORES PERUANOS DE GESTIONES INTEGRALES S.A.C.","ESTACIÓN DE SERVICIOS / GRIFOS","LIMA","LIMA","PACHACAMAC","AV. PAUL POBLET LIND UC, 12079 PARCELA H-40, LOTE C Y D, MANCHAY BAJO, VALLE DE LURIN","2026-08-08"
"177051","SERVICENTRO MARES S.A.C.","GRIFOS FLOTANTES","MADRE DE DIOS","TAMBOPATA","TAMBOPATA","MARGEN IZQUIERDA RIO TAMBOPATA PUERTO, PUERTO TAMBOPATA - LOCALIDAD PUERTO MALDONADO","2026-07-29"
"177056","THF02 SCRL","ESTACIÓN DE SERVICIO CON GASOCENTRO DE GLP","ICA","ICA","SANTIAGO","CARRETERA PANAMERICANA SUR C.P. LA VENTA MZ. M LT. 2,3,4,5 Y 6","2026-08-07"
"177169","ESTELA TELLO WILDER","GRIFOS FLOTANTES","LORETO","DATEM DEL MARAÑON","MANSERICHE","MARGEN DERECHA DEL RIO MARAÑON, EN LA LOCALIDAD DE SARAMIRIZA","2026-08-08"
"177196","ESTACION DE SERVICIOS INVERSIONES DIAZ E.I.R.L.","ESTACIÓN DE SERVICIOS / GRIFOS","LIMA","HUARAL","HUARAL","AV. VICTORIA S/N URBANIZACIÓN POPULAR LOS PINOS S/N","2026-08-04"
"177200","GRUPO HBL S.A.C.","ESTACIÓN DE SERVICIO CON GASOCENTRO DE GLP","LIMA","LIMA","CARABAYLLO","AV. CAMINO REAL MZ. C, LOTE 1, AA.HH. ASOCIACION DE POBLADORES EL BOSQUE DE CARABAYLLO","2026-08-08"
"177258","MULTIVENTAS SAYLENI E.I.R.L.","GRIFOS FLOTANTES","LORETO","DATEM DEL MARAÑON","BARRANCA","MARGEN DERECHA DEL RIO MARAÑON, FRENTE A LA LOCALIDAD DE SAN LORENZO","2026-07-30"
"177259","INVERSIONES ESTMAR S.A.C.","GRIFOS FLOTANTES","LORETO","MAYNAS","BELEN","MARGEN DERECHA DEL RIO ITAYA","2026-08-09"
"177262","ONCAP S.A.C.","ESTACIÓN DE SERVICIO CON GASOCENTRO DE GLP","PROV. CONST. DEL CALLAO","PROV. CONST. DEL CALLAO","CALLAO","AV. REPUBLICA DE ARGENTINA MZ. K, LT. N° 1 Y N° 2  URBANIZACION INDUSTRIAL LA CHALACA","2026-08-09"
"177316","MIGUEL PETROL ESTACION DE SERVICIOS S.A.C.","ESTACIÓN DE SERVICIOS / GRIFOS","PIURA","PIURA","VEINTISEIS DE OCTUBRE","CARRETERA PIURA - SULLANA KM. 1048","2026-08-07"
"177344","SERVICIOS DIESEL EXPRESS EIRL","GRIFOS FLOTANTES","PIURA","PAITA","PAITA","BAHIA DE PAITA COORDENADAS LATITUD 05'04'34.594"";LONGITUD 81°06'54.631""","2026-07-31"
"177345","UCV GRIFOS S.R.L.","ESTACIÓN DE SERVICIOS / GRIFOS","PIURA","PIURA","CASTILLA","URB. EL BOSQUE MZ. Q LOTE 09 COOPERATIVA DE VIVIENDA DEL SECTOR PUBLICO AGRARIO EL BOSQUE - SECTOR 3","2026-08-08"
"177359","CORPORACION HILBERTH E.I.R.L.","ESTACIÓN DE SERVICIOS / GRIFOS","LAMBAYEQUE","LAMBAYEQUE","MORROPE","MZ A LOTE NRO. 21-25 DEL ANEXO SAN SEBASTIAN DEL CPM EL ROMERO","2026-08-03"
"177439","GRIFO ECOMAX S.A.C","GRIFOS RURALES CON ALMACENAMIENTO EN CILINDROS","SAN MARTIN","HUALLAGA","ALTO SAPOSOA","AV. PASARRAYA - CARRETERA SAPOSOA PASARRAYA S/N","2026-08-06"
"177457","MEDINA MARQUEZ JUANITO","GRIFOS FLOTANTES","UCAYALI","CORONEL PORTILLO","CALLERIA","MARGEN DERECHA DEL RIO UCAYALI","2026-08-09"
"177464","PETROBAZ S.A.C","ESTACIÓN DE SERVICIO CON GASOCENTRO DE GLP","LAMBAYEQUE","CHICLAYO","MONSEFU","LOTE 01- A, EL SALITRE NRO. 01 - SECTOR ACEQUIA GRANDE VALLE CHANCAY COD  PREDIO 7 -6259240 -08869, U.C. NRO. 08869","2026-08-07"
"177514","COMBUSTIBLES SAN ANDRES E.I.R.L.","ESTACIÓN DE SERVICIO CON GASOCENTRO DE GLP","LA LIBERTAD","TRUJILLO","LAREDO","CARRETERA LAREDO KM. 07, VALLE MOCHE, SECTOR ANEXO PERUVIAN","2026-08-08"
"177520","GAMA OPERADORES DE COMBUSTIBLES SAC","ESTACIÓN DE SERVICIOS / GRIFOS","APURIMAC","CHINCHEROS","CHINCHEROS","MZ ""E1"" LOTE 41 AV. FERNANDO BELAUNDE TERRY","2026-08-07"
"177548","EMPRESA ESTACION DE SERVICIOS PETROSUR BELATRIX S.A.C.","ESTACIÓN DE SERVICIOS / GRIFOS","AYACUCHO","HUAMANGA","CARMEN ALTO","PREDIO YANAMA, REFERENCIA: CARRETERA AYACUCHO - CUSCO (KM. 7+550)","2026-08-05"
"177559","MULTISERVICIOS SALINAS VASQUEZ MGA S.A.C.","ESTACIÓN DE SERVICIOS / GRIFOS","LA LIBERTAD","SANCHEZ CARRION","HUAMACHUCO","CARRETERA HUAMACHUCO - CAJABAMBA S/N, UC 15001, UC 14997, UC 14998, CASERÍO SHIRACMACA","2026-08-05"
"177579","RAMIREZ BOCANEGRA RENZO MARTIN","ESTACIÓN DE SERVICIOS / GRIFOS","LORETO","ALTO AMAZONAS","YURIMAGUAS","CARRETERA YURIMAGUAS MUNICHIS","2026-08-06"
"177599","X TRAM S.A.C.","ESTACIÓN DE SERVICIOS / GRIFOS","LORETO","REQUENA","REQUENA","CALLE JUAN PABLO II ESQUINA CON CALLE SAN MARTIN DE PORRAS","2026-08-07"
"177600","ESTACION DE SERVICIOS VIRGEN DE GUADALUPE E.I.R.L.","ESTACIÓN DE SERVICIOS / GRIFOS","AYACUCHO","HUAMANGA","JESUS NAZARENO","PATAPAMPA PARCELA N°67 REFERENCIA CARRETERA AYACUCHO-HUANTA KM 7+850,COMUNIDAD CAMPESINA MARISCAL ANDRES AVELINO CACERES","2026-08-08"
"177655","GAS MOVI SOCIEDAD COMERCIAL DE RESPONSABILIDAD LIMITADA","ESTACIÓN DE SERVICIO CON GASOCENTRO DE GLP","JUNIN","YAULI","SANTA ROSA DE SACCO","AV. AREVALO CARRETERA CENTRAL","2026-08-09"
"177663","ROJAS LESCANO SANTOS","ESTACIÓN DE SERVICIOS / GRIFOS","CAJAMARCA","CHOTA","CHOTA","AV. TACABAMBA N° 694-698","2026-08-09"
"177732","AE GRUPO NAZARENO S.A.C.","ESTACIÓN DE SERVICIO CON GASOCENTRO DE GLP","JUNIN","CONCEPCION","ORCOTUNA","CARRETERA CENTRAL MARGEN DERECHA PARAJE ""TORRE IV""","2026-08-05"
"177741","CORPORACION VALVOC S.A.C.","ESTACIÓN DE SERVICIOS / GRIFOS","ANCASH","BOLOGNESI","CHIQUIAN","AV. SANTA ROSA S/N SECTOR CHIQUIAN","2026-07-29"
"177771","ESTACION LA POSADA S.R.L.","ESTACIÓN DE SERVICIOS / GRIFOS","LORETO","MAYNAS","SAN JUAN BAUTISTA","CARRETERA IQUITOS NAUTA KM 1.5","2026-08-07"
"177882","RUIZ CASTRO JOSE MARCIAL","ESTACIÓN DE SERVICIOS / GRIFOS","AMAZONAS","RODRIGUEZ DE MENDOZA","LONGAR","AV. PRINCIPAL - ANEXO DE ARANJEZ, CASERIO SHUCUSH","2026-08-01"
"177910","ESTACION DE SERVICIOS LUIS BANCHERO ROSSI E.I.R.L.","ESTACIÓN DE SERVICIOS / GRIFOS","AREQUIPA","CARAVELI","CHALA","ASOCIACION DE PRODUCTORES ARTESANALES MZ C LOTE 01","2026-08-08"
"177949","SELECTOGAS SAC","GASOCENTROS DE GLP","AREQUIPA","ISLAY","DEAN VALDIVIA","PREDIO SAN FRANCISCO DE PAULA - SECTOR SAN FRANCISCO - VALLE DE TAMBO","2026-08-04"
"177983","QUISPE MERCADO ANGEL","ESTACIÓN DE SERVICIOS / GRIFOS","PUNO","SANDIA","ALTO INAMBARI","AV. INTEROCEANICA S/N ESQUINA CON JR. BELLAVISTA S/N","2026-08-04"
"177992","TRANSPORTES Y COMBUSTIBLES MILAAM EMPRESA INDIVIDUAL DE RESPONSABILIDAD LIMITADA","ESTACIÓN DE SERVICIOS / GRIFOS","AREQUIPA","ISLAY","MOLLENDO","P.J. ALTO LAS CRUCES MZ 9 LOTE 14","2026-08-08"
"178050","GRUPO DELEON S.A.C.","ESTACIÓN DE SERVICIOS / GRIFOS","AMAZONAS","LUYA","OCALLI","SECTOR LA LOMA, PREDIO DENOMINADO SEÑOR CAUTIVO","2026-08-04"
"178100","GRIFOS RAMIREZ R & C S.A.C.","ESTACIÓN DE SERVICIO CON GASOCENTRO DE GLP","LA LIBERTAD","PACASMAYO","GUADALUPE","CARRETERA CHICLAYO - CAJAMARCA, SECTOR LIMONCARRO S/N (CARRETERA CIUDAD DE DIOS - CAJAMARCA, SECTOR COGOLLAR - VALLE JEQUETEPEQUE, U.C. 09090)","2026-08-08"
"178103","JUSTOGAS S.A.C.","ESTACIÓN DE SERVICIO CON GASOCENTRO DE GLP","PIURA","PIURA","CASTILLA","AV. GUARDIA CIVIL S/N (ANTIGUA CARRETERA PANAMERICANA KM 250+74)","2026-08-07"
"178109","ESTACIÓN DE SERVICIOS CASAVERDE - GRUPO CR E.I.R.L.","ESTACIÓN DE SERVICIOS / GRIFOS","CUSCO","LA CONVENCION","PICHARI","CARRETERA HACIA MANTARO (PROYECCION AV. DEL EJERCITO S/N)","2026-08-04"
"178122","MIJAHUANGA CORONEL CHELITA","ESTACIÓN DE SERVICIOS / GRIFOS","SAN MARTIN","LAMAS","ALONSO DE ALVARADO","JR. LA PRIMAVERA S/N, CASERIO PINSHAPAMPA","2026-08-07"
"178176","ESTACION DE SERVICIOS SOLANO E.I.R.L.","ESTACIÓN DE SERVICIOS / GRIFOS","CAJAMARCA","SAN IGNACIO","SAN IGNACIO","CARRETERA SAN IGNACIO  NAMBALLE, C.P. MARIZAGUA S/N","2026-08-09"
"178213","INVERSIONES JAVIERIN I EMPRESA INDIVIDUAL DE RESPONSABILIDAD LIMITADA - INVERSIONES JAVIERIN I E.I.R","ESTACIÓN DE SERVICIOS / GRIFOS","CUSCO","QUISPICANCHI","HUARO","PREDIO RUSTICO DENOMINADO MOLLEMOCCO VALLE VILCANOTA","2026-08-08"
"178229","GRIFO INKA SOCIEDAD ANONIMA CERRADA","ESTACIÓN DE SERVICIOS / GRIFOS","CUSCO","LA CONVENCION","KIMBIRI","JR. CUSCO S/N MZ. F1, LOTE 01 SECTOR MARGARITA","2026-08-08"
"178261","GRIFOS & CONSTRUCCIONES LUC SAN FRANCISCO E.I.R.L.","ESTACIÓN DE SERVICIOS / GRIFOS","AMAZONAS","CHACHAPOYAS","CHACHAPOYAS","CAR. CARRETERA CHACHAPOYAS - PEDRO RUIZ PE - 08C KM 37+00 NRO SN","2026-08-08"
"178318","CUNYAS MEDINA YELSIN RUBEN","GRIFOS RURALES CON ALMACENAMIENTO EN CILINDROS","UCAYALI","ATALAYA","RAYMONDI","PASAJE DEL RIO MZ. 31 LT. 48 CASERIO STA. ROSA","2026-08-03"
"178320","CUNYAS MEDINA YELSIN RUBEN","GRIFOS RURALES CON ALMACENAMIENTO EN CILINDROS","UCAYALI","ATALAYA","RAYMONDI","PARCELA N° 9 FUNDO JERUSALEN CASERIO STA. ROSA","2026-08-03"
"178324","CONDORI CONDORI BANHER SOLIN","ESTACIÓN DE SERVICIOS / GRIFOS","MADRE DE DIOS","TAHUAMANU","TAHUAMANU","CP. SAN LUIS DE ALERTA. OTR. ALERTA VILLA ROCIO, PARCELA 30248 KM SN","2026-08-06"
"178326","CONDORI CONDORI BANHER SOLIN","ESTACIÓN DE SERVICIOS / GRIFOS","MADRE DE DIOS","TAHUAMANU","TAHUAMANU","ALERTA VILLA ROCIO, PARCELA 30248 CENTRO POBLADO SAN LUIS DE ALERTA","2026-07-23"
"178327","CUNYAS MEDINA YELSIN RUBEN","GRIFOS RURALES CON ALMACENAMIENTO EN CILINDROS","UCAYALI","ATALAYA","RAYMONDI","JR. MALECON MZ. 14 LT. 05 C.P. MALDONADILLO","2026-08-03"
"178364","GRUPO CORPORATIVO & GRIFOS ANFIO S.R.L.","ESTACIÓN DE SERVICIOS / GRIFOS","PUNO","SAN ROMAN","CABANILLAS","CARRETERA PUNO HUATAQUITA KM. 55 + 150","2026-08-08"
"17842","NEGOCIACIONES J.P.C. S.R.L.","ESTACIÓN DE SERVICIOS / GRIFOS","TACNA","TACNA","CALANA","CARRETERA TACNA - CALIENTES KM. 8.5","2026-08-07"
"178424","CORPORACION R & M SEÑOR DE MURUHUAY S.A.C.","ESTACIÓN DE SERVICIOS / GRIFOS","LIMA","CAÑETE","SAN VICENTE DE CAÑETE","C.P. NUEVO AYACUCHO  SECTOR VALLECITO S/N KM. 170.5","2026-08-07"
"17843","EMPRESA DE TRANSPORTES ACUARIO SAC","ESTACIÓN DE SERVICIO CON GASOCENTRO DE GLP","LA LIBERTAD","TRUJILLO","VICTOR LARCO HERRERA","AV. VICTOR LARCO HERRERA Nº 1234 - 1236 LOTE A1 URB. SANTA EDELMIRA","2026-08-09"
"178433","E.S PETROLSA REPSOL","ESTACIÓN DE SERVICIO CON GASOCENTRO DE GLP","LIMA","BARRANCA","BARRANCA","A-PARTE DE LA UC-03574 SECTOR CALATRABA VALLE PATIVILCA - PREDIO CALATRABA Y PAMPA PORTELLA","2026-08-08"
"17844","INVERSIONES RD S.A.C.","ESTACIÓN DE SERVICIOS / GRIFOS","LA LIBERTAD","TRUJILLO","TRUJILLO","ESQUINA AV. PESQUEDA CON CALLE LAS PONCIANAS MZ. 24 LOTE N° 10, URB. LA RINCONADA","2026-08-07"
"17845","SERVICENTRO BELEN S.R.LTDA.","ESTACIÓN DE SERVICIOS / GRIFOS","LORETO","MAYNAS","BELEN","CALLE ELÍAS AGUIRRE N° 1403","2026-08-07"
"17846","GRIFO FLOTANTE CESAR S.R.L.","GRIFOS FLOTANTES","LORETO","MAYNAS","PUNCHANA","MARGEN DERECHA DEL RIO NANAY","2026-07-30"
"17847","REPSOL COMERCIAL SAC","ESTACIÓN DE SERVICIOS / GRIFOS","ANCASH","SANTA","NUEVO CHIMBOTE","ESQUINA AV. PACIFICO Y JIMBE, URB. BUENOS AIRES","2026-08-08"
"17849","MULTISERVICIOS JAEN E.I.R.L.","ESTACIÓN DE SERVICIO CON GASOCENTRO DE GLP","CAJAMARCA","JAEN","JAEN","CARRETERA CHAMAYA JAEN KM. 11+640 SECTOR FILA ALTA","2026-08-07"
"17850","ESTACION DE SERVICIOS GASOCENTRO RAULITO SOCIEDAD ANONIMA CERRADA","ESTACIÓN DE SERVICIO CON GASOCENTRO DE GLP","HUANUCO","HUANUCO","HUANUCO","JR. VIÑA DEL RIO 061","2026-08-08"
"17851","COMBUSTIBLES Y LUBRICANTES SANTO TOMAS E.I.R.L","ESTACIÓN DE SERVICIO CON GASOCENTRO DE GLP","LA LIBERTAD","CHEPEN","CHEPEN","INTERSECCION CARRETERA PANAMERICANA NORTE CON AV. GONZALES CACEDA","2026-08-08"
"17852","PETRONEX PERU S.A.C.","ESTACIÓN DE SERVICIO CON GASOCENTRO DE GLP","LA LIBERTAD","VIRU","VIRU","CARRETERA PANAMERICANA NORTE KM. 518 ASENTAMIENTO HUMANO CALIFORNIA","2026-08-08"
"17853","GRIFO FLOTANTE SATELITE S.R.L.","GRIFOS FLOTANTES","LORETO","ALTO AMAZONAS","YURIMAGUAS","CALLE BOLIVAR N°509  PUERTO ABEL GUERRA, MARGEN IZQUIERDA DEL RIO HUALLAGA","2026-08-08"
"178531","GRUPO SCJ & ONOFRE'S S.A.C.","ESTACIÓN DE SERVICIOS / GRIFOS","LIMA","BARRANCA","BARRANCA","PREDIO RURAL CHIU CHIU A. NUMERO DE PARCELA 109A CODIGO CATASTRAL 04501, PROYECTO NUEVA ESPERANZA - EPS. CARRETERA PANAMERICANA NORTE KM 193.45","2026-08-09"
"178544","ESTACION DE SERVICIOS EL MATUTE S.C.R.L","ESTACIÓN DE SERVICIOS / GRIFOS","PIURA","HUANCABAMBA","HUANCABAMBA","ESQUINA CALLE S/N PASAJE S/N Y/O PASAJE SAIA AMORELLI - BARRIO SAN FRANCISCO","2026-08-07"
"17855","CRALM GROUP E.I.R.L.","GRIFOS FLOTANTES","LORETO","MAYNAS","IQUITOS","PUERTO LAO - MARGEN IZQUIERDA DEL RIO AMAZONAS","2026-08-07"
"17856","NEGOCIACIONES COMERCIALES NUEVO PERU E.I.R.L.","ESTACIÓN DE SERVICIOS / GRIFOS","LIMA","LIMA","SAN JUAN DE LURIGANCHO","AA.HH. SANTA MARIA, MZ. C1, LOTE 21","2026-08-04"
"17857","CORPORACION DE SERVICIOS  LAS LOMAS S.A.C","ESTACIÓN DE SERVICIOS / GRIFOS","PROV. CONST. DEL CALLAO","PROV. CONST. DEL CALLAO","VENTANILLA","AV. C, MZ. IV, LOTE 01, AA.HH. ASOCIACION DE POBLADORES DE VENTANILLA ALTA","2026-08-07"
"178573","MAGNA TAFUR ALVAREZ DE LIZARDO","ESTACIÓN DE SERVICIOS / GRIFOS","AMAZONAS","RODRIGUEZ DE MENDOZA","SAN NICOLAS","CARRETERA SAN NICOLAS - MENDOZA KM.3+200.SECTOR CRUZPATA","2026-08-07"
"17859","LIVORNO OIL TRADING S.A.C. ","EE.SS con GLP y GNV","LIMA","LIMA","LA VICTORIA","JR. ABTAO N° 784, ESQ. CON JR. HIPOLITO UNANUE","2026-08-03"
"17860","EL GRIFON","ESTACIÓN DE SERVICIOS / GRIFOS","LIMA","LIMA","SANTA ANITA","JR. JOSE CARLOS MARIATEGUI Nº 540 URB. UNIVERSAL","2026-08-09"
"178604","GRUPO MULTISERVICIOS ECOLORETO E.I.R.L.","ESTACIÓN DE SERVICIOS / GRIFOS","LORETO","UCAYALI","PAMPA HERMOSA","KM. 1 C.P. NUEVO LORETO - SECTOR CATAHUAYCO","2026-08-08"
"17861","SERVICENTRO PIZARRO S.A.C.","ESTACIÓN DE SERVICIO CON GASOCENTRO DE GLP","LIMA","LIMA","RIMAC","AV. FCO PIZARRO N° 800 ESQUINA AV. FELIPE ARANCIBIA N° 101","2026-08-09"
"17862","SERVICENTRO BERNY S.R.L.","ESTACIÓN DE SERVICIO CON GASOCENTRO DE GLP","LIMA","LIMA","VILLA MARIA DEL TRIUNFO","PUEBLO JOVEN JOSE CARLOS MARIATEGUI, ETAPA PRIMERA, AV. JULIO C. TELLO N° 101, MZ. E LOTE 01","2026-08-09"
"17864","PETRO OLIMPO S.A.C.","ESTACIÓN DE SERVICIOS / GRIFOS","LIMA","LIMA","SAN MARTIN DE PORRES","ESQ. AV. PROLONGACIÓN PACASMAYO Y AV. EL SOL DE NARANJAL PARCELA II EXFUNDO EL NARANJAL","2026-08-07"
"178649","GRIFOS TUMI","ESTACIÓN DE SERVICIOS / GRIFOS","PUNO","LAMPA","CALAPUJA","CARRETERA INTEROCEANICA TRAMO CALAPUJA-AZANGARO PE 34B KM. 2+300, EN MARGEN DERECHO (SECTOR OCCHILE - C.C. COLLANA SAN SEBASTIAN)","2026-08-05"
"17865","VILMA ROSA MELENDEZ PELAEZ","ESTACIÓN DE SERVICIO CON GASOCENTRO DE GLP","LIMA","LIMA","COMAS","AV. EL RETABLO ESQUINA CON CALLE 6, MZ. C, LOTE 1, URB. EL RETABLO","2026-08-08"
"178652","EDQUEN TIRADO VICTOR","ESTACIÓN DE SERVICIOS / GRIFOS","CAJAMARCA","HUALGAYOC","BAMBAMARCA","AV. UNION (CARRETERA BAMBAMARCA - CHOTA), C.P. SAN ANTONIO, PREDIO LA POSADILLA","2026-08-07"
"17866","ESTACION DE SERVICIOS SAN JOSE S.A.C.","ESTACIÓN DE SERVICIOS / GRIFOS","LIMA","CAÑETE","ASIA","KM. 98.20 AUTOPISTA PANAMERICANA SUR","2026-08-08"
"178667","GRIFO TUSHMO","ESTACIÓN DE SERVICIOS / GRIFOS","UCAYALI","CORONEL PORTILLO","YARINACOCHA","LOTE 2 MZ 6A DEL CENTRO POBLADO DE SAN PABLO DE TUSHMO PARCELA 2","2026-08-08"
"17867","REPSOL COMERCIAL S.A.C.","ESTACIÓN DE SERVICIOS / GRIFOS","LIMA","LIMA","LIMA","AV. ARGENTINA Nº 3003 - 3005","2026-08-09"
"17868","INVERSIONES JIARA SAC","ESTACIÓN DE SERVICIO CON GASOCENTRO DE GLP","LIMA","LIMA","SAN LUIS","AV. LAS TORRES N° 508, ESQUINA CON EL JR. MARISCAL ORBEGOSO, URB. EL PINO","2026-08-08"
"178684","ESTACION DE SERVICIOS PETROMAPI M.P.A. SAC","ESTACIÓN DE SERVICIOS / GRIFOS","APURIMAC","ABANCAY","ABANCAY","CARRETERA ABANCAY - CHALLHUANCA EN EL SECTOR QUITASOL - PACHACHACA","2026-08-08"
"17869","SERVICENTRO MUSA EIRL","ESTACIÓN DE SERVICIO CON GASOCENTRO DE GLP","LIMA","LIMA","LA MOLINA","AV. LA MOLINA ESTE Nº 2295, ESQUINA PUNTA PEJERREY - URB. EL SOL DE LA MOLINA","2026-08-08"
"17870","COESTI S.A.","EE.SS con GLP y GNV","LIMA","LIMA","LIMA","AV. NICOLAS DUEÑAS N° 308-310 ESQ. CON AV. ENRIQUE MEIGGS","2026-08-09"
"178701","GRIFO PETROCHICAS","ESTACIÓN DE SERVICIOS / GRIFOS","SAN MARTIN","SAN MARTIN","TARAPOTO","AV. CIRCUNVALACIÓN NRO. 1550","2026-08-05"
"178702","NEGOCIACION KIO SOCIEDAD ANONIMA CERRADA","ESTACIÓN DE SERVICIO CON GASOCENTRO DE GLP","ICA","ICA","ICA","CARRETERA PANAMERICANA SUR KM 301","2026-08-09"
"178703","CUNYAS MEDINA YELSIN RUBEN","GRIFOS RURALES CON ALMACENAMIENTO EN CILINDROS","UCAYALI","ATALAYA","RAYMONDI","AV.L CAMISEA MZ. 72 A LT. 05 C.P. MALDONADILLO","2026-08-03"
"178713","ESTACION DE SERVICIOS LLACUA SOCIEDAD ANONIMA CERRADA","ESTACIÓN DE SERVICIO CON GASOCENTRO DE GLP","LIMA","LIMA","ANCON","AV. LAS PYMES, ASOC. ONG. INSTITUTO DE PROMOCIÓN Y DESARROLLO DE LA PEQUEÑA Y MEDIANA EMPRESA - INDEPROPYME, MZ. L2, LOTES 04, 05, 06, 07, 08 Y 09","2026-08-07"
"17872","SERVICENTRO AVILA E.I.R.L.","ESTACIÓN DE SERVICIO CON GASOCENTRO DE GLP","HUANUCO","HUANUCO","AMARILIS","CARRETERA CENTRAL HUANUCO - TINGO MARIA KM 0.5 CENTRO POBLADO DE LLICUA","2026-08-07"
"17873","EESS YAVA SAC PISCO","ESTACIÓN DE SERVICIOS / GRIFOS","ICA","PISCO","PISCO","CARRETERA PANAMERICANA SUR KM. 228.8","2026-08-05"
"178759","ESTACION DE SERVICIOS HANS ADRIEL E.I.R.L.","ESTACIÓN DE SERVICIOS / GRIFOS","SAN MARTIN","RIOJA","PARDO MIGUEL","AV. MARGINAL N° 1210 KM. 417 + 950 CARRETERA FERNANDO BELAUNDE TERRY","2026-08-09"
"17876","GRIFO SAN MARTIN DE PORRAS S.R.L.","ESTACIÓN DE SERVICIO CON GASOCENTRO DE GLP","PIURA","MORROPON","CHULUCANAS","PROLONGACIÓN AV. RAMÓN CASTILLA KM. 2","2026-08-09"
"17877","ESTACION DE SERVICIOS LOS TALLANES S.R.L","ESTACIÓN DE SERVICIOS / GRIFOS","PIURA","PIURA","CATACAOS","CARRETERA PIURA - CATACAOS KM. 9","2026-08-07"
"17878","SERVICENTRO ORION S.R.L.","ESTACIÓN DE SERVICIOS / GRIFOS","PUNO","PUNO","PUNO","AV. EJERCITO S/N - CUARTEL MANCO CAPAC","2026-08-08"
"17879","GASOLINAS DE AMERICA","ESTACIÓN DE SERVICIO CON GASOCENTRO DE GLP","LIMA","LIMA","JESUS MARIA","AV. GENERAL GARZON N° 688","2026-08-08"
"17880","ESTACION DE SERVICIOS VILLA SAC","EE.SS con GLP y GNV","LIMA","LIMA","VILLA EL SALVADOR","AV. MARIA REICHE S/N SECTOR II,AMPLIACION 4TA. ETAPA, SECTOR 2, MZ. N, LOTE 22. PROG.HABITACIONAL PACHACAMAC","2026-08-08"
"178800","CUNO GUZMAN MERY","ESTACIÓN DE SERVICIOS / GRIFOS","PUNO","LAMPA","CALAPUJA","CARRETERA PANAMERICANA KM. 1290+400 JULIACA - CUSCO","2026-08-09"
"17881","TRANSPORTE Y SERVICIOS GENERALES H & C S.A.C.","ESTACIÓN DE SERVICIO CON GASOCENTRO DE GLP","LIMA","LIMA","LOS OLIVOS","AV. MARAÑON, MZ. A, LOTE 1, ESQUINA CON CALLE N° 1","2026-08-09"
"17882","CRESENCIO BARRIOS CORREA","ESTACIÓN DE SERVICIOS / GRIFOS","AMAZONAS","UTCUBAMBA","BAGUA GRANDE","AV. CHACHAPOYAS N° 1030 (SECTOR GONCHILLO)","2026-08-08"
"17884","EL SEÑOR DEL MAR S.A.C.","GRIFOS FLOTANTES","ANCASH","SANTA","CHIMBOTE","BAHIA EL FERROL, LATITUD 09°04'58' SUR LONGITUD 78°35'58' OESTE","2026-08-07"
"17885","CORPORACION ENRIQUE & JANIS E.I.R.L.","ESTACIÓN DE SERVICIO CON GASOCENTRO DE GLP","ANCASH","SANTA","NUEVO CHIMBOTE","AV. PACIFICO MZ. A-1 LOTES 8, 9, 18, 19 Y 20 URB. LAS CASUARINAS","2026-08-09"
"17887","PETROCENTRO ARIAS S.A.C.","ESTACIÓN DE SERVICIOS / GRIFOS","CAJAMARCA","SAN IGNACIO","SAN IGNACIO","AV. MARIANO MELGAR N° 250","2026-08-06"
"17890","RVC  GRIFOS SRL","ESTACIÓN DE SERVICIOS / GRIFOS","CUSCO","CALCA","CALCA","AV. VILCANOTA Nº 130","2026-08-09"
"178900","LEIVA PEREZ REINA ZENAIDA","ESTACIÓN DE SERVICIOS / GRIFOS","JUNIN","CHANCHAMAYO","PICHANAQUI","AV. MONTE ROSA S/N, LOTES 14, 15, 16 Y 17 MZ. J I ETAPA HABILITACION URBANA PROGRAMA RECIDENCIAL MONTE ROSA","2026-08-07"
"17893","ESTACION VALLE CHICAMA S.A.C","ESTACIÓN DE SERVICIO CON GASOCENTRO DE GLP","LA LIBERTAD","ASCOPE","CHICAMA","CARRETERA PANAMERICANA NORTE KM. 590 - MARGEN IZQUIERDA","2026-08-08"
"178934","ESTACION DE SERVICIOS THIAGO","ESTACIÓN DE SERVICIOS / GRIFOS","LIMA","BARRANCA","BARRANCA","AV. AVIACIÓN Nº 200-202-204 (ANTES AV. AVIACIÓN S/N ESQUINA CON JR. LOS EUCALIPTOS Y EL PASAJE 5 DE LAURIAMA)","2026-08-04"
"17894","ESTACION DE SERVICIOS INVERSIONES NIKAROLE SAC","ESTACIÓN DE SERVICIO CON GASOCENTRO DE GLP","LA LIBERTAD","ASCOPE","CHOCOPE","AV. LARCO N° 211 PUEBLO CHOCOPE (INTERSECCION CALLE VICTOR LARCO Y AV. ESCOLAR)","2026-08-07"
"17895","COMBUSTIBLES FERNANDEZ S.A.C.","ESTACIÓN DE SERVICIO CON GASOCENTRO DE GLP","LAMBAYEQUE","CHICLAYO","JOSE LEONARDO ORTIZ","PROLONGACIÓN AV. JOSÉ QUIÑONES NRO. 1165 - 1175, URBANIZACIÓN LAS MERCEDES","2026-08-07"
"17897","COESTI S.A.","ESTACIÓN DE SERVICIO CON GASOCENTRO DE GLP","PIURA","PIURA","PIURA","AV. LORETO N° 779","2026-07-31"
"178982","ESTACION DE SERVICIOS GRIFO EL TRIUNFO S.A.C.","ESTACIÓN DE SERVICIO CON GASOCENTRO DE GLP","JUNIN","CONCEPCION","MITO","PREDIO TURUMANYA PAMPA CARRETERA MITO - CONCEPCION","2026-08-08"
"178986","ESTACION DE SERVICIO PLUS ENERGY E.I.R.L.","ESTACIÓN DE SERVICIOS / GRIFOS","PIURA","MORROPON","LA MATANZA","AV. PERÚ KM. 5  SECTOR C.P. LAYNAS","2026-08-05"
"178992","ESTACION DE SERVICIOS FULL PERU E.I.R.L.","ESTACIÓN DE SERVICIOS / GRIFOS","SAN MARTIN","RIOJA","RIOJA","ESQUINA JR. IQUITOS CDRA. 10 CON JR. ARICA","2026-08-03"
"179006","ESTACION DE SERVICIOS NAVRAY S.A.C.","ESTACIÓN DE SERVICIOS / GRIFOS","JUNIN","CONCEPCION","ORCOTUNA","LOCALIDAD DE SAN ANTONIO, PARAJE YUCCHA, CARRETERA SICAYA - ACO - ORCOTUNA KM. 6.1","2026-08-07"
"179007","INGENIERIA CONSTRUCCION SUPERVISION Y SERVICIOS S.A.C.","ESTACIÓN DE SERVICIOS / GRIFOS","ANCASH","HUARI","HUARI","COMUNIDAD CAMPESINA SAN BARTOLOME DE ACOPALCA, CARRETERA HUARI-ACOPALCA S/N DE LA CIUDAD DE HUARI","2026-08-03"
"179009","CORPORACION BILCON GAS SOCIEDAD ANONIMA CERRADA","ESTACIÓN DE SERVICIO CON GASOCENTRO DE GLP","ICA","PISCO","INDEPENDENCIA","SECTOR MEDIA LUNA SUB LOTE N° 1","2026-08-08"
"179022","BELLIDO ENERGY S.R.L.","ESTACIÓN DE SERVICIOS / GRIFOS","CUSCO","LA CONVENCION","PICHARI","INTERSECCIÓN CARRETERA DE PENETRACIÓN CON JR. INDEPENDENCIA, PREDIO BUENA VISTA, C.P. NUEVO PROGRESO VALLE KIMPIRI.","2026-08-05"
"17903","GARODI S.R.L.","EE.SS con GLP y GNV","LIMA","HUAROCHIRI","SAN ANTONIO","AV. PACHACUTEC S/N (PROLONGACIÓN WIESE), MZ. C, LOTES 1, 2 Y 3, COMUNIDAD CAMPESINA JICAMARCA","2026-08-08"
"17904","NEGOCIACION OLIMPO S.A.","ESTACIÓN DE SERVICIOS / GRIFOS","LIMA","LIMA","ATE","AV. SEPARADORA INDUSTRIAL MZ. A, LTS. 32,35 URB. OLIMPO","2026-08-07"
"17905","CEPOCAR SRL","ESTACIÓN DE SERVICIO CON GASOCENTRO DE GLP","LIMA","LIMA","SAN JUAN DE LURIGANCHO","AV. STA. ROSA N 496 ESQ. CALLE LA PILA","2026-08-09"
"179057","AHUMADA PEREA JOSE MANUEL","ESTACIÓN DE SERVICIOS / GRIFOS","SAN MARTIN","PICOTA","PUCACACA","CAR. FERNANDO BELAUNDE TERRY KM. 472","2026-07-30"
"17906","COESTI S.A","EE.SS con GLP y GNV","LIMA","LIMA","SAN JUAN DE LURIGANCHO","AV. PROCERES DE LA INDEPENDENCIA N° 3299, ESQ. CON AV. EL BOSQUE, URB. CANTO GRANDE, MZ. B - LT. 06","2026-08-08"
"17907","ECAMEL S.A.C.","ESTACIÓN DE SERVICIOS / GRIFOS","LIMA","LIMA","ATE","AV. NICOLAS AYLLON MZ. B LOTES 01, 02, 03, 04, 05, 23, 24, 25 Y 26, KM. 15.1 (ANTES CARRETERA CENTRAL KM. 15.1)","2026-08-08"
"17908","SERVICIOS DE COMBUSTIBLES SANTA FE E.I.R.L.","ESTACIÓN DE SERVICIOS / GRIFOS","LIMA","LIMA","ANCON","AA.HH. LAS PALMERAS MZ. C, LT. 14 (ANTES SERPENTÍN DE PASAMAYO KM. 45.9 PANAMERICANA NORTE)","2026-08-08"
"179083","BETY ISABEL QUIÑONES RISCO","ESTACIÓN DE SERVICIOS / GRIFOS","LORETO","MAYNAS","SAN JUAN BAUTISTA","CALLE SAN VALENTÍN MZ. 09, LOTE 01, ZONA DE HABILITACIÓN URBANA 15 DE MAYO","2026-08-07"
"179084","ROSA VARGAS FRANK CRISTHIAN","ESTACIÓN DE SERVICIOS / GRIFOS","MADRE DE DIOS","TAHUAMANU","TAHUAMANU","CARRETERA INTEROCEÁNICA C.P. SAN LUIS DE ALERTA","2026-08-07"
"17910","AERO GAS DEL NORTE SOCIEDAD ANONIMA  CERRADA","ESTACIÓN DE SERVICIO CON GASOCENTRO DE GLP","LIMA","LIMA","SANTA ROSA","CARRETERA PANAMERICANA NORTE KM. 42","2026-08-08"
"17912","PETROGAS HOLDING S.A.C.","ESTACIÓN DE SERVICIO CON GASOCENTRO DE GLP","JUNIN","HUANCAYO","CHILCA","CALLE REAL Nº 1305","2026-08-09"
"17913","EE SS VIRGEN DE COCHARCAS","ESTACIÓN DE SERVICIO CON GASOCENTRO DE GLP","JUNIN","HUANCAYO","EL TAMBO","AV. HUANCAVELICA Nº 304 - 348","2026-08-08"
"179137","GRIFO SATURNO E.I.R.L.","ESTACIÓN DE SERVICIOS / GRIFOS","PIURA","SULLANA","MIGUEL CHECA","C.P/PARC. PREDIO SECTOR CHIRA 2. CU.C. 7525945566059","2026-07-29"
"179164","MOVILGAS S.R.L.","ESTACIÓN DE SERVICIO CON GASOCENTRO DE GLP","LIMA","LIMA","LURIGANCHO","LOTE 4 DEL PREDIO DENOMINADO EL CHAPARRAL SECTOR HUACHIPA AUTOPISTA RAMIRO PRIALE ALTURA KM 6.5","2026-08-08"
"17918","SERVICENTRO EL GALLITO S.C.R.L.","ESTACIÓN DE SERVICIOS / GRIFOS","MOQUEGUA","MARISCAL NIETO","MOQUEGUA","AV. ANDRES AVELINO CACERES S/N","2026-08-07"
"179191","GRIFO LAS TORRES","ESTACIÓN DE SERVICIO CON GASOCENTRO DE GLP","AREQUIPA","AREQUIPA","ALTO SELVA ALEGRE","ASOCIACION COMPLEJO ARTESANAL ALTO SELVA ALEGRE MZ C, LOTE 17","2026-08-09"
"179239","MULTISERVICIOS SANTA URSULA S.A.C.","ESTACIÓN DE SERVICIO CON GASOCENTRO DE GLP","LIMA","BARRANCA","SUPE","OVALO DEL CRUCE DE CARRETERA PANAMERICANA NORTE Y CARRETERA A CARAL","2026-08-07"
"17925","GRIFOS & INVERSIONES SAN JOSE S.A.C.","ESTACIÓN DE SERVICIOS / GRIFOS","PUNO","SAN ROMAN","JULIACA","AV. CIRCUNVALACIÓN N°761 ESQUINA CON JR. RAUL PORRAS BARRENECHEA","2026-08-08"
"179255","GASOLINERA SAN ANTONIO E.I.R.L.","ESTACIÓN DE SERVICIOS / GRIFOS","PIURA","PIURA","CASTILLA","URB. SAN ANTONIO MANZANA B LOTES 01 Y 02","2026-08-08"
"179284","EMPRESA HIDROCARBUROS AZUR S.A.C.","ESTACIÓN DE SERVICIOS / GRIFOS","PUNO","SAN ROMAN","CARACOTO","PREDIO C.P. VIZCACHANI (PREDIO N° 470) CARRETERA JULIACA - PUNO KM. 13+270","2026-08-08"
"179325","HERMANOS GARCIA CHURA SOCIEDAD ANONIMA CERRADA","ESTACIÓN DE SERVICIOS / GRIFOS","PUNO","AZANGARO","SAN ANTON","CARRETERA INTEROCEANICA KM. 111+900 (FUNDO RÚSTICO VILA CHUPA - NUEVA VILLA)","2026-08-08"
"179339","VELNEX","ESTACIÓN DE SERVICIOS / GRIFOS","CAJAMARCA","CAJAMARCA","JESUS","PROGRESIVA KM 4+932 - CARRETERA JESÚS A CAJAMARCA, CASERIO YANAMANGO, C.P. LA HUARACLLA","2026-08-08"
"179376","SONALY SOLUTIONS EIRL","ESTACIÓN DE SERVICIOS / GRIFOS","ANCASH","PALLASCA","CABANA","LOTE 16, 17 Y 17B DEL PREDIO LLOCOVER SALIDA A HUANDOVAL","2026-08-03"
"179405","GRIFO EL PROGRESO","ESTACIÓN DE SERVICIOS / GRIFOS","LAMBAYEQUE","CHICLAYO","PATAPO","CARRETERA CHICLAYO CHONGOYAPE KM 34+350 SECTOR PAMPA LOS BURROS","2026-08-04"
"17944","COESTI SA","EE.SS con GLP y GNV","LIMA","LIMA","BREÑA","AV. ARICA 481, ESQUINA CON JR. GENERAL VARELA Y JR. REBECA OQUENDO","2026-08-09"
"17945","ESTACION DE SERVICIOS NUEVO PROGRESO S.A.C.","ESTACIÓN DE SERVICIO CON GASOCENTRO DE GLP","LIMA","LIMA","VILLA MARIA DEL TRIUNFO","AV. PACHACUTEC CON AVENIDA Nº 4 LT. 2, 3, 4, 5 - AA.HH. NUEVO PROGRESO","2026-08-09"
"179451","GRUPO CARIÑITO","ESTACIÓN DE SERVICIO CON GASOCENTRO DE GLP","SAN MARTIN","RIOJA","RIOJA","CARRETERA FERNANDO BELAUNDE TERRY KM 462 - SECTOR EL PORVENIR","2026-08-07"
"17946","REPSOL COMERCIAL S.A.C.","ESTACIÓN DE SERVICIOS / GRIFOS","LIMA","LIMA","SANTIAGO DE SURCO","AV. EL DERBY N° 109 ESQUINA CON AV. EL POLO","2026-08-09"
"179468","ESTACION DE SERVICIOS VIRGEN DE SANTA INES","ESTACIÓN DE SERVICIOS / GRIFOS","HUANCAVELICA","HUAYTARA","PILPICHACA","AV. MANCO CAPAC S/N MZ., C LOTE 3-4, DE LA COMUNIDAD SANTA INES","2026-08-03"
"17947","ESTACION DE SERVICIO NIAGARA","ESTACIÓN DE SERVICIO CON GASOCENTRO DE GLP","LIMA","LIMA","LIMA","JR. ELVIRA GARCIA Y GARCIA Nº 2790, 2794, 2796.","2026-08-08"
"179478","MULTISERVICIOS CANCUN E.I.R.L.","ESTACIÓN DE SERVICIO CON GASOCENTRO DE GLP","AREQUIPA","AREQUIPA","CERRO COLORADO","ASENTAMIENTO POBLACIONAL URBANIZACION POPULAR DE INTERES SOCIAL EL SALVADOR ZONA B MZ E LOTE 09","2026-08-08"
"179485","ONCAP S.A.C.","ESTACIÓN DE SERVICIO CON GASOCENTRO DE GLP","PIURA","PIURA","CATACAOS","SECTOR SAN JOSE DE LA GOLONDRINA","2026-08-08"
"17949","ASIA GRIFOS Y SERVICIOS GENERALES SOCIEDAD ANONIMA CERRADA","ESTACIÓN DE SERVICIO CON GASOCENTRO DE GLP","LIMA","LIMA","PUENTE PIEDRA","AV. PUENTE PIEDRA N° 1218 KM. 32, PANAMERICANA NORTE","2026-08-09"
"17950","REPRESENTACIONES Y ASOCIADOS MICSA S.A.C.","ESTACIÓN DE SERVICIOS / GRIFOS","LIMA","LIMA","VILLA MARIA DEL TRIUNFO","AV. SALVADOR ALLENDE CON AV. MANCO CAPAC, LOTE 9, MZ. N2","2026-08-09"
"179500","SERVICENTRO EL NUEVO AMANECER SAC","ESTACIÓN DE SERVICIOS / GRIFOS","AREQUIPA","AREQUIPA","CAYMA","ASOC. MUJERES CON ESPERANZA ZONA C, EMBAJADA DE JAPÓN ALTO CAYMA, MZ. F, LOTE 01","2026-08-05"
"17951","INVERSIONES E INDUSTRIAS MIRFER S.A.C.","ESTACIÓN DE SERVICIO CON GASOCENTRO DE GLP","LIMA","HUAROCHIRI","RICARDO PALMA","KILOMETRO 42.200 CARRETERA CENTRAL","2026-08-07"
"179519","GRIFO SAN CARLOS","ESTACIÓN DE SERVICIOS / GRIFOS","APURIMAC","ANDAHUAYLAS","ANDAHUAYLAS","AV. CHOCCEPUQUIO S/N REFERENCIA ESQUINA DEL PUENTE SALINAS","2026-08-07"
"17952","NEGOCIACION KIO S.A.C. LURIN","ESTACIÓN DE SERVICIO CON GASOCENTRO DE GLP","LIMA","LIMA","LURIN","CARRETERA PANAMERICANA SUR KM. 25.62","2026-08-09"
"179529","SILYCARP INVERSIONES S.A.C.","ESTACIÓN DE SERVICIO CON GASOCENTRO DE GLP","LIMA","CAÑETE","MALA","PREDIO RURAL SAN CAYETANO, SECTOR ESCALA BAJA LOTES 1,2,3,9,10","2026-08-07"
"17953","REPSOL COMERCIAL  S.A.C.  ","ESTACIÓN DE SERVICIOS / GRIFOS","LIMA","LIMA","MIRAFLORES","AV. ROOSEVELT N° 5672 ESQ. AV. MONSEÑOR ROCA Y BOLOÑA N° 385","2026-08-09"
"179542","ESTACION DE SERVICIO DON ANTONIO SOCIEDAD COMERCIAL DE RESPONSABILIDAD LIMITADA","ESTACIÓN DE SERVICIOS / GRIFOS","PIURA","MORROPON","CHULUCANAS","BARRIO YAPATERA - EL CACAO ALTO PIURA","2026-08-08"
"179609","SERVICENTRO SALAS E HIJOS S.R.L.","ESTACIÓN DE SERVICIOS / GRIFOS","CUSCO","CHUMBIVILCAS","CHAMACA","CENTRO POBLADO UCHUCCARCCO  SECTOR TINCUYO LOMA","2026-08-08"
"179668","ESTACION DE SERVICIOS MI MECHITA S.R.L.","ESTACIÓN DE SERVICIOS / GRIFOS","LAMBAYEQUE","LAMBAYEQUE","MORROPE","CARRETERA MÓRROPE - ARBOSOL KM 2 +570 - SECTOR ARBOSOL","2026-08-05"
"179702","CHAMBI MAMANI HERON OMAR","ESTACIÓN DE SERVICIOS / GRIFOS","PUNO","SAN ANTONIO DE PUTINA","QUILCAPUNCU","ESQUINA AV. SANDIA S/N, CON JR. 26 DE NOVIEMBRE S/N, LOTE N° 1 DE LA MANZANA B-2 DEL BARRIO ALTO","2026-07-23"
"179709","ESTACION DE SERVICIOS VIRREY E.I.R.L.","ESTACIÓN DE SERVICIOS / GRIFOS","LIMA","LIMA","CARABAYLLO","MZ. A, LOTE 1, 2, 23 Y 24 DE PARAISO DE SAN LORENZO","2026-08-08"
"179720","GASOCENTRO VILLA P & G S.A.C.","GASOCENTROS DE GLP","LIMA","LIMA","CARABAYLLO","ESQUINA DE LA AV. LOMAS DE CARABAYLLO - AV. VILLA RICA MZ. A, LOTES 1 Y 2 AAHH. ASOCIACION AGROPECUARIA VILLA RICA","2026-08-08"
"179742","MANUEL ORTIZ CARHUAJULCA","ESTACIÓN DE SERVICIOS / GRIFOS","AMAZONAS","LUYA","CAMPORREDONDO","PROLONGACION AV. PIZARRO S/N - VILLA COCOCHO","2026-08-07"
"179837","ERNESTO DAVID SANDOVAL ALVARADO ","ESTACIÓN DE SERVICIOS / GRIFOS","PIURA","MORROPON","CHULUCANAS","AV. E. CHECA EGUIGUREN N° 301, C.P. CIUDAD DE CHULUCANAS, SECTOR V, MZ. 07, LOTE 17","2026-08-07"
"179883","RAFAEL CARRILLO INES","ESTACIÓN DE SERVICIOS / GRIFOS","HUANUCO","LEONCIO PRADO","PUEBLO NUEVO","CASERIO PUERTO MANUEL PRADO - CARRETERA FERNANDO BELAUNDE TERRY TINGO MARIA - AUCAYACU MARGEN DERECHA","2026-08-06"
"179894","ESTACION DE SERVICIO DON LUCHO S.A.C.","ESTACIÓN DE SERVICIOS / GRIFOS","PIURA","PIURA","TAMBO GRANDE","CARRETERA SULLANA  TAMBOGRANDE KM. 1052 VILLA LA PEÑITA","2026-08-08"
"179903","JP PERU GRIFOS DEL SUR SOCIEDAD COMERCIAL DE RESPONSABILIDAD LIMITADA","ESTACIÓN DE SERVICIOS / GRIFOS","PUNO","SAN ROMAN","SAN MIGUEL","JIRON IMANCIPACIÓN ESQUINA CON AVENIDA MANCO CAPAC S/N","2026-08-09"
"179946","QUISPE PEÑA MARGOT","ESTACIÓN DE SERVICIOS / GRIFOS","APURIMAC","GRAU","CHUQUIBAMBILLA","SECTOR ULLPUTO, VIA CHUQUIBAMBILLA A VILCABAMBA","2026-08-05"
"180009","LOPEZ GONZALES TULIO SERGIO","ESTACIÓN DE SERVICIOS / GRIFOS","LORETO","UCAYALI","VARGAS GUERRA","MANZANA 5 LOTE 71 (ESQUINA JR. MARISCAL CASTILLA CON JR. SARGENTO LORES","2026-08-04"
"180036","ESTACION DE SERVICIOS SEÑOR DE CHOCAN S.A.C.","ESTACIÓN DE SERVICIO CON GASOCENTRO DE GLP","PIURA","SULLANA","MARCAVELICA","PANAMERICA NORTE S/N KM 1425 + 420 ESQUINA CON JIRON PUNO, CENTRO POBLADO MENOR MALLARITOS","2026-08-09"
"180039","PETROGOLD FORTUNE S.A.C.","ESTACIÓN DE SERVICIOS / GRIFOS","PUNO","PUNO","PLATERIA","CARRETERA PANAMERICANA SUR PUNO - DESAGUADERO KM.29","2026-08-07"
"180166","ESTACION DE SERVICIOS MOLLEBAYA E.I.R.L.","ESTACIÓN DE SERVICIOS / GRIFOS","AREQUIPA","AREQUIPA","MOLLEBAYA","CARRETERA A YARABAMBA","2026-08-09"
"180263","SERGAS ICA S.A.C.","GASOCENTROS DE GLP","LIMA","LIMA","CIENEGUILLA","MZ. '37' LOTE 05, 3° ETAPA PARCELACION CIENEGUILLA AV. 'A', CARRETERA LIMA - HUAROCHIRI KM. 27.5","2026-08-07"
"180308","MACHACA APAZA YULY MARILÚ","ESTACIÓN DE SERVICIOS / GRIFOS","PUNO","SAN ROMAN","JULIACA","AV. LAMPA S/N ESQUINA CON JR. SACSAYHUAMAN S/N","2026-08-04"
"180321","ALFA PETROL S.A.C.","ESTACIÓN DE SERVICIOS / GRIFOS","CAJAMARCA","JAEN","COLASAY","MARGEN DERECHO DE LA CARRETERA JAÉN - CHONTALÍ, CENTRO POBLADO DE CHUNCHUQUILLO","2026-08-06"
"180412","RENTA CAR DISAMIR S.A.C.","ESTACIÓN DE SERVICIOS / GRIFOS","LIMA","LIMA","CIENEGUILLA","ANTIGUA CARRETERA A HUAROCHIRI ALT. KM. 3, PARCELA N° 22, PAMPA TINAJAS, COMUNIDAD CAMPESINA DE COLLANAC","2026-08-07"
"180426","LALO ARAUJO VEGA","ESTACIÓN DE SERVICIOS / GRIFOS","CUSCO","CHUMBIVILCAS","SANTO TOMAS","SECTOR CALVARIO, C.C. DE PFULLPURI, PUENTE CCOYO USCAMARCA","2026-08-07"
"180429","OBRAS SERVICIOS Y ESTACIONES DE SERVICIO E.I.R.L.","ESTACIÓN DE SERVICIOS / GRIFOS","CAJAMARCA","CAJAMARCA","LOS BAÑOS DEL INCA","FUNDO MOYOCOCHA  C.P. LA MOLINA","2026-08-08"
"180479","ESTACIONES DE SERVICIO LUMIC SOCIEDAD ANONIMA CERRADA - E.S. LUMIC S.A.C.","ESTACIÓN DE SERVICIOS / GRIFOS","TACNA","TACNA","INCLAN","CARRETERA PANAMERICANA SUR KM 1261","2026-08-07"
"180482","BUENAVENTURA OIL S.A.C.","ESTACIÓN DE SERVICIOS / GRIFOS","PUNO","SAN ROMAN","SAN MIGUEL","AV. MANCO CAPAC S/N ESQUINA CON JR. SIN NOMBRE","2026-08-05"
"180520","SURTIDORES MARK JUNIOR E.I.R.L.","ESTACIÓN DE SERVICIOS / GRIFOS","JUNIN","SATIPO","SATIPO","JR. FRANCISCO IRAZOLA Y JR. RUBEN CALLEGARI","2026-08-08"
"180664","VILLENA SERPA MARIBEL","ESTACIÓN DE SERVICIO CON GASOCENTRO DE GLP","HUANCAVELICA","HUANCAVELICA","HUANDO","MANZANA N, LOTE 01, CENTRO POBLADO DE HUANDO","2026-08-09"
"180694","TRANSPORTES Y SERVICIOS PETROMOVIL S.A.C.","ESTACIÓN DE SERVICIO CON GASOCENTRO DE GLP","ANCASH","HUARMEY","HUARMEY","MANZANA R, LOTE 06 - AAHH MARGINAL LA VICTORIA","2026-08-08"
"180705","NORPERU SERVICE STATION","ESTACIÓN DE SERVICIOS / GRIFOS","PIURA","MORROPON","CHULUCANAS","ZONA SANTA ROSA, VILLA VICUS, ALTURA VÍA INTEROCEÁNICA IIRSA NORTE KM. 202","2026-08-07"
"180748","INVERSIONES PACO HUAYCAN S.A.C.","ESTACIÓN DE SERVICIO CON GASOCENTRO DE GLP","LIMA","LIMA","ATE","AV. NICOLAS DE PIEROLA, ESQUINA CON AV. ALFONSO UGARTE, SUB LOTE 30H-C FUNDO LA ESTRELLA","2026-08-08"
"180784","COORPORACION J.K.A.M. S.R.L.","ESTACIÓN DE SERVICIOS / GRIFOS","MADRE DE DIOS","TAHUAMANU","TAHUAMANU","PREDIO DENOMINADO SAN HILARIO EN EL SECTOR ALERTA","2026-08-07"
"180804","LA NUEVA ESTACION DEL SUR RYH S.A.C.","ESTACIÓN DE SERVICIOS / GRIFOS","APURIMAC","ANDAHUAYLAS","ANDAHUAYLAS","AV. JORGE CHAVEZ S/N C.P. HUINCHOS - PATACCOCHA","2026-08-07"
"180805","PADILLA ZUÑIGA JUANA LUISA","ESTACIÓN DE SERVICIOS / GRIFOS","PUNO","SANDIA","YANAHUAYA","JR. 30 DE AGOSTO S/N° (CARRETERA TRONCAL SINA  YANAHUAYA KM. 50+600) (PREDIO URBANO BARRIO SANTA ROSA)","2026-08-02"
"180807","GRIFO LA ESQUINA S.A.C.","ESTACIÓN DE SERVICIOS / GRIFOS","AYACUCHO","HUANTA","LLOCHEGUA","NUEVA URB. MIRAFLORES INTERSECCION AV LAS ORQUIDEAS CON JR ASHANINCA MZ 5 LT 12 Y 13","2026-07-30"
"180817","RAFRAMAX S.A.C","ESTACIÓN DE SERVICIO CON GASOCENTRO DE GLP","SAN MARTIN","PICOTA","SAN CRISTOBAL","CARRETERA FERNANDO BELAUNDE TERRY ESQUINA CON JIRON HUALLAGA, SECTOR PUERTO RICO","2026-08-06"
"180825","GRUPO LIAM¿S & CAMPO VERDE E.I.R.L.","ESTACIÓN DE SERVICIOS / GRIFOS","PUNO","EL COLLAO","ILAVE","CARRETERA ILAVE - TACNA KM. 1 + 750","2026-08-09"
"180849","FAM HUISA EMPRESA INDIVIDUAL DE RESPONSABILIDAD LIMITADA","GRIFOS RURALES CON ALMACENAMIENTO EN CILINDROS","CUSCO","ESPINAR","ESPINAR","COM. HUANCANE BAJO KM 6 - ESPINAR","2026-08-06"
"180877","SERVICENTRO HALCON S.R.L.","ESTACIÓN DE SERVICIOS / GRIFOS","CUSCO","LA CONVENCION","CIELO PUNCO","CARRETERA TRONCAL KIMBIRI - CHIRUMPIARI","2026-08-05"
"180880","ESTACION DE SERVICIO HUAYTAPALLANA SAC","ESTACIÓN DE SERVICIOS / GRIFOS","JUNIN","HUANCAYO","EL TAMBO","AV. UNION S/N ANEXO HUALAHOYO","2026-07-31"
"180892","GRUPO EVISA EXTRACT S.A.C","ESTACIÓN DE SERVICIOS / GRIFOS","MADRE DE DIOS","TAHUAMANU","TAHUAMANU","SECTOR VALPARAISO CENTRO POBLADO SANTA MARIA","2026-08-05"
"180908","ESTACION DE SERVICIOS JERUSALEN S.R.L.","ESTACIÓN DE SERVICIOS / GRIFOS","SAN MARTIN","RIOJA","ELIAS SOPLIN VARGAS","MZ. 09 LOTE 11° Y 12, AV. LAS DELICIAS INTERSECCIÓN AV. CANAAN, SECTOR SEGUNDA JERUSALEN, I ETAPA","2026-08-08"
"180928","COMERCIAL MEXICO E IMPORTACIONES E.I.R.L.","ESTACIÓN DE SERVICIOS / GRIFOS","PIURA","PIURA","CASTILLA","AV. GRAU N° 1147 - AA.HH TALARITA MZ. U1 LT. 12","2026-08-08"
"180934","GOMEZ GALVEZ OLIVER","ESTACIÓN DE SERVICIOS / GRIFOS","CUSCO","LA CONVENCION","PICHARI","NUEVA UNION SHINCANTIRIATO","2026-08-01"
"180972","CONTRATISTA E INVERSIONES PUNTA OLIMPICA E.I.R.L.","ESTACIÓN DE SERVICIOS / GRIFOS","ANCASH","ASUNCION","CHACAS","JR. BUENOS AIRES Y JR. LIMA  SUB LOTE 98198  PREDIO SAN JUAN CRUZ","2026-08-01"
"180980","GRIFO PETROX","ESTACIÓN DE SERVICIOS / GRIFOS","PUNO","SAN ROMAN","SAN MIGUEL","ESQ. AV. CAMINACA S/N, LOTES 1, 2 Y 3, MZ. A - PREDIO CHIJI PAMPA GREGORIO CERCA SECTOR AYABACAS 3","2026-08-08"
"181038","ESTACIÓN DE SERVICIOS MAMÁ ANITA","ESTACIÓN DE SERVICIO CON GASOCENTRO DE GLP","JUNIN","HUANCAYO","PUCARA","AVENIDA 05 DE FEBRERO","2026-08-08"
"181051","GRIFO MEDINA","ESTACIÓN DE SERVICIOS / GRIFOS","PUNO","SAN ROMAN","CARACOTO","JR. LIMA S/N ESQUINA CON EL JR. SAN ROMÁN S/N LOTE 08 MANZANA P","2026-08-04"
"181079","PETROFAST S.A.C.","ESTACIÓN DE SERVICIO CON GASOCENTRO DE GLP","ICA","NAZCA","VISTA ALEGRE","CARRETERA PANAMERICANA SUR KM. 447.50 SECTOR UNIÓN","2026-08-08"
"181113","CASTRO CASTRO MARCO","ESTACIÓN DE SERVICIOS / GRIFOS","CUSCO","CHUMBIVILCAS","COLQUEMARCA","CARRETERAS SANTO TOMAS - COLQUEMARCA","2026-08-06"
"181145","ESTACION DE SERVICIOS MARAVILLAS E.I.R.L.","ESTACIÓN DE SERVICIOS / GRIFOS","MADRE DE DIOS","TAHUAMANU","TAHUAMANU","CARRETERA INTEROCEANICA CENTRO POBLADO SAN PEDRO","2026-08-08"
"181158","GRIFOS GRIMALDO","ESTACIÓN DE SERVICIOS / GRIFOS","PUNO","PUNO","MAÑAZO","AV. JULIACA N° 524","2026-08-02"
"181184","MAYTA FLORES ANGEL RENE","ESTACIÓN DE SERVICIOS / GRIFOS","PUNO","YUNGUYO","YUNGUYO","TRAMO YUNGUYO - YINICACHI KM. 2+0.07 C.P. DE POCCONA","2026-08-03"
"181266","HIDROCARBUROS DEL PERU-APTAY SOCIEDAD ANONIMA CERRADA","ESTACIÓN DE SERVICIOS / GRIFOS","PUNO","HUANCANE","HUANCANE","CARRETERA JULIACA - PUTINA KM. 54+850","2026-08-04"
"181280","MULTISERVICIOS EL CHAVITO S.A.C.","ESTACIÓN DE SERVICIOS / GRIFOS","CUSCO","PARURO","PACCARITAMBO","CENTRO POBLADO DE PACCARITAMBO, SECTOR HERMANOS AYAR MZ. A LOTE 5","2026-08-06"
"181282","INVERSIONES USCA CUELLAR S.A.C.S","ESTACIÓN DE SERVICIOS / GRIFOS","CUSCO","URUBAMBA","MARAS","CENTRO POBLADO CRUZPATA SECTOR I MZ. E2, LOTE 2 Y LOTE 3","2026-08-08"
"181309","SERVICENTRO ALEXANDRA E.I.R.L","GRIFOS FLOTANTES","LORETO","REQUENA","REQUENA","MARGEN IZQUIERDA DEL RIO TAPICHE, FRENTE A LA CIUDAD DE REQUENA","2026-07-22"
"181314","GROUPMAR S.A.C.S.","ESTACIÓN DE SERVICIOS / GRIFOS","LA LIBERTAD","BOLIVAR","BOLIVAR","CARRETERA BOLIVAR KM 00+26 CUJIBAMBA","2026-07-24"
"181326","CHANCOS MEDINA YHIMI","ESTACIÓN DE SERVICIOS / GRIFOS","AYACUCHO","HUAMANGA","AYACUCHO","INTERSECCION CALLE N°03 Y 04, MZ C LOTE 05,6A Y 6B LUGAR MOLLEPATA II ASOCIACION SANTA ISABEL DE MOLLEPATA II","2026-08-07"
"181361","CORPORACION RAMOS & ASOCIADOS SOCIEDAD ANONIMA CERRADA","ESTACIÓN DE SERVICIOS / GRIFOS","PUNO","SAN ROMAN","SAN MIGUEL","AVENIDA 3 DE OCTUBRE N° 500-508-510, ESQUINA CON JIRON REVOLUCIÓN N° 301-307, URBANIZACIÓN SAN JOSE II ETAPA","2026-08-08"
"181374","ZEVALLOS BLAS AUGUSTO","ESTACIÓN DE SERVICIO CON GASOCENTRO DE GLP","LIMA","HUARAL","HUARAL","AV. CIRCUNVALACIÓN SUR Y AV. ALAMEDA SUR (AV. ESTACION) PARTE DEL LOTE N° 8, SUB LOTE B Y SUB LOTE C","2026-08-08"
"181408","INVERSIONES SAN JOSE URCO SOCIEDAD COMERCIAL DE RESPONSABILIDAD LIMITADA","ESTACIÓN DE SERVICIOS / GRIFOS","CUSCO","CALCA","CALCA","SAN JOSE URCO SECTOR II PARCELA N° 24, CARRETERA CALCA - URUBAMBA","2026-08-07"
"181419","ESTACION DE SERVICIOS LOS PATOS SAC","ESTACIÓN DE SERVICIO CON GASOCENTRO DE GLP","ICA","ICA","ICA","RUR SECTOR ICA, PREDIO FUNDO LIMONCILLO LOTE A UC 66186","2026-08-08"
"181423","SERVICIOS MULTIPLES ROYER EMPRESA INDIVIDUAL DE RESPONSABILIDAD LIMITADA","ESTACIÓN DE SERVICIOS / GRIFOS","HUANUCO","PUERTO INCA","CODO DEL POZUZO","CENTRO POBLADO SAN JUAN DE CODO - CARRETERA A CODO DE POZUZO 1 KM. ANTES DE LLEGAR A SAN JUAN DE CODO","2026-08-08"
"181533","SERVICENTRO ORION S.R.L.","ESTACIÓN DE SERVICIOS / GRIFOS","PUNO","PUNO","CHUCUITO","CARRETERA PANAMERICANA SUR KM. 15 C.C. RAYA","2026-08-08"
"181549","PETRO CORP GROUP S.A.C.","ESTACIÓN DE SERVICIOS / GRIFOS","TACNA","TACNA","TACNA","AV. LITORAL S/N, MAGOLLO","2026-08-05"
"181595","GONZALES CHAMBI NIKE ROSSEL","ESTACIÓN DE SERVICIOS / GRIFOS","PUNO","SANDIA","PHARA","JR. PUNO S/N (CARRETERA A LA SELVA)","2026-07-29"
"181732","CT-GAS EL ARENAL S.A.C","ESTACIÓN DE SERVICIO CON GASOCENTRO DE GLP","PIURA","PIURA","CASTILLA","ESQUINA CARRETERA PANAMERICA NORTE-CHULUCANAS CON AV. S/N","2026-08-09"
"181783","INVERSIONES & NEGOCIOS ADELIR E.I.R.L.","ESTACIÓN DE SERVICIOS / GRIFOS","ICA","CHINCHA","GROCIO PRADO","LOTE Nº 1, SECTOR PAMPA DE ÑOCO","2026-08-06"
"18180","MOVILGAS","ESTACIÓN DE SERVICIO CON GASOCENTRO DE GLP","JUNIN","HUANCAYO","EL TAMBO","ESQUINA PROLONGACION JULIO SUMAR Y JR. SANTA ISABEL N° 2100","2026-08-09"
"181801","INKA INVESTMENTS E.I.R.L","ESTACIÓN DE SERVICIOS / GRIFOS","AREQUIPA","AREQUIPA","CAYMA","INTERSECCIÓN DE LA AV. 54 Y LA AV. CHARCANI DEL ASENTAMIENTO HUMANO 1º DE JUNIO, MANZANA C2, LOTES 13 Y 14, ZONA A","2026-08-08"
"181865","ESTACION DE SERVICIOS A A PANTA S.A.C","ESTACIÓN DE SERVICIOS / GRIFOS","PIURA","SULLANA","MARCAVELICA","CARRETERA SULLANA - TALARA S/N","2026-08-03"
"181866","CORTEZ ROJAS NANCY ELVA","ESTACIÓN DE SERVICIOS / GRIFOS","JUNIN","CHANCHAMAYO","PERENE","AV. CHANCHAMAYO S/N MZ. V; LOTE 8, 9 Y 15, CENTRO POBLADO MIRICHARO","2026-07-17"
"181873","PETROPAREDES S.A.C.","ESTACIÓN DE SERVICIOS / GRIFOS","PUNO","SAN ROMAN","SAN MIGUEL","CARRETERA JULIACA - HUANCANE KM. 5+100 DENOMINADO JATUN ÑAN PATA SANTA ROSA","2026-08-08"
"181898","MATI SERVICE S.A.C.","ESTACIÓN DE SERVICIO CON GASOCENTRO DE GLP","LIMA","HUAURA","VEGUETA","PREDIO RURAL LA MAQUINA CHICA - SECTOR MAZO, CÓDIGO CATASTRAL 11873, PROYECTO VEGUETA","2026-08-08"
"181942","ESTACION DE SERVICIOS LLAMO S.A.C.","ESTACIÓN DE SERVICIOS / GRIFOS","LAMBAYEQUE","CHICLAYO","TUMAN","CARRETERA CHICLAYO CHONGOYAPE KM 23+250 SECTOR POTRERO","2026-08-05"
"181964","COORPORACION HIGUERA & MAR E.I.R.L.","ESTACIÓN DE SERVICIOS / GRIFOS","TACNA","TACNA","LA YARADA LOS PALOS","ASOCIACION JUNTA DE COMPRADORES VILLA LOS PALOS, MZ. B, LOTE 10","2026-08-07"
"182023","GRIFOS GRAN PRIX S.A.C","ESTACIÓN DE SERVICIO CON GASOCENTRO DE GLP","LAMBAYEQUE","CHICLAYO","CHICLAYO","AVENIDA MARISCAL NIETO NUM 305 DE LA LOTIZACIÓN CASSINELLI","2026-08-08"
"182124","ARRIAGA HUAMAN JONATHAN","ESTACIÓN DE SERVICIOS / GRIFOS","CUSCO","PAUCARTAMBO","PAUCARTAMBO","BARRIO PIEDRA GRANDE, CALLE PROLONGACION ANGULO YABAR","2026-08-03"
"182145","QUISPE LUPACA SANDRA SONIA","ESTACIÓN DE SERVICIOS / GRIFOS","TACNA","TACNA","LA YARADA LOS PALOS","SECTOR LOS PALOS, COOPERATIVA POZA 54, PARCELA 4-B DEL C.P. LOS PALOS","2026-08-08"
"182175","MARITIMO Y FLUVIAL SOLUTIONS E.I.R.L.","GRIFOS FLOTANTES","LORETO","REQUENA","PUINAHUA","MARGEN IZQUIERDA DEL CANAL DE PUINAHUA","2026-08-01"
"182296","DELIA HUILLCA HUILLCA","GRIFOS RURALES CON ALMACENAMIENTO EN CILINDROS","CUSCO","CANAS","KUNTURKANKI","AVENIDA PICHIGUA Y PASAJE HUÁSCAR MZ V5 LOTE 4 DEL CENTRO POBLADO EL DESCANSO","2026-08-04"
"182376","GRIFO NUESTRO SEÑOR DE LOS MILAGROS S.A.C.","ESTACIÓN DE SERVICIOS / GRIFOS","AMAZONAS","LUYA","CAMPORREDONDO","CARRETERA CAMPORREDONDO COCOCHO S/N - TERRENO LAS AGUAS - C.P. COCOCHO","2026-08-05"
"182379","ERIK ZAVALETA LIPEZ","ESTACIÓN DE SERVICIOS / GRIFOS","CUSCO","CANCHIS","PITUMARCA","PREDIO SAUSIPAMPA - AVENIDA PROGRESO LOTE S/N","2026-08-08"
"182440","TRANSPORTES ACUARIO S.A.C.","ESTACIÓN DE SERVICIO CON GASOCENTRO DE GLP","CAJAMARCA","CAJAMARCA","LOS BAÑOS DEL INCA","PREDIO DENOMINADO VENECIA - SECTOR VENECIA","2026-08-08"
"182441","ESTACIONES Y SERVICIOS MHT EIRL","ESTACIÓN DE SERVICIO CON GASOCENTRO DE GLP","LAMBAYEQUE","CHICLAYO","CHICLAYO","FUNDO SANTA MARIA, SUBLOTES 06, 07, 08, 09 Y 10","2026-08-08"
"182447","ESTACION DE SERVICIOS LA LIMONERA CT E.I.R.L.","ESTACIÓN DE SERVICIO CON GASOCENTRO DE GLP","PIURA","SULLANA","SULLANA","PREDIO PARALES SECTOR PARKINSONIA VALLE DEL CHIRA U.C. 030610","2026-08-08"
"182486","EMPRESA DE TRANSPORTES Y SERVICIOS MULTIPLES ALFA S.A.","ESTACIÓN DE SERVICIOS / GRIFOS","JUNIN","HUANCAYO","HUAYUCACHI","JR. AYACUCHO S/N - BARRIO QUILLISPATA","2026-08-08"
"18266","GRIFO CAROLINA S.A.C.","ESTACIÓN DE SERVICIOS / GRIFOS","SAN MARTIN","SAN MARTIN","TARAPOTO","JR. MARTINEZ DE COMPAGÑON N° 688","2026-08-03"
"182768","GRIFOS RANGER Y  SERVICIOS SCRL","ESTACIÓN DE SERVICIOS / GRIFOS","PIURA","PIURA","CASTILLA","KM. 25 DE CARRETERA PIURA - CHULUCANAS","2026-08-08"
"18277","GRIFO DANIEL S.R.L.","ESTACIÓN DE SERVICIOS / GRIFOS","PIURA","MORROPON","CHULUCANAS","AV. RAMON CASTILLA N° 1532","2026-08-08"
"18282","GRUPO J&C FERNANDEZ SOCIEDAD ANONIMA CERRADA - GRUPO J&C FERNANDEZ S.A.C.","ESTACIÓN DE SERVICIOS / GRIFOS","CUSCO","CUSCO","POROY","KM. 9 CARRETERA CUSCO - ABANCAY","2026-08-08"
"182867","GEORGE CASTEL SRL","ESTACIÓN DE SERVICIOS / GRIFOS","CAJAMARCA","CAJAMARCA","JESUS","TERRENO RÚSTICO - PARCELA 138, DENOMINADO CABRA CORRAL CASERIO LA COLPA","2026-08-08"
"18288","ESTACION DE SERVICIOS GRIFO EL TRIUNFO S.A.C","ESTACIÓN DE SERVICIOS / GRIFOS","JUNIN","HUANCAYO","SAN JERONIMO DE TUNAN","CARRETERA CENTRAL KM. 18","2026-08-07"
"18289","COESTI S.A.","EE.SS con GLP y GNV","LIMA","LIMA","LA VICTORIA","ESQUINA AV. PASEO DE LA REPUBLICA CON AV. ISABEL LA CATOLICA S/N","2026-08-08"
"182892","EL 10 DE GSS E.I.R.L.","ESTACIÓN DE SERVICIO CON GASOCENTRO DE GLP","LAMBAYEQUE","CHICLAYO","MONSEFU","CE630054/CN9243098 UBI.RUR. VALLE CHANCAY-LAMBAYEQUE/SECTOR CALLANCA/PREDIO TAHUANTISUYO COD. PRED. 7-6309240-05464 AREA HA. 06987 U.C. 05464","2026-08-08"
"18291","SERVICENTRO JAKELINE S.C.R.LTDA.","ESTACIÓN DE SERVICIOS / GRIFOS","CUSCO","CUSCO","SAN SEBASTIAN","PROLONGACION AV. DE LA CULTURA Nº 1850","2026-08-08"
"18295","SERVICENTRO TRES ESTRELLAS S.A.C.","ESTACIÓN DE SERVICIOS / GRIFOS","CUSCO","QUISPICANCHI","HUARO","VIA CUSCO - URCOS KM. 39","2026-08-09"
"182952","COMBUSTIBLES HSIPERU & SERVICIOS GENERALES SOCIEDAD COMERCIAL DE RESPONSABILIDAD LIMITADA .                                OCIEDAD COMERCIAL DE RESPONSABILIDAD LIMITADA","ESTACIÓN DE SERVICIOS / GRIFOS","PIURA","PIURA","TAMBO GRANDE","CARRETERA SULLANA-TAMBOGRANDE S/N","2026-08-06"
"18296","CATALINA MENA MONGGO","ESTACIÓN DE SERVICIOS / GRIFOS","PIURA","PAITA","PAITA","AV. FRANCISCO BOLOGNESI N° 520 - P.J. 13 DE JULIO","2026-08-08"
"18297","ESTACIÓN DE SERVICIOS TUSILAGOS","ESTACIÓN DE SERVICIOS / GRIFOS","LIMA","LIMA","SAN JUAN DE LURIGANCHO","ASOCIACION PRO VIVIENDA LAS VIOLETAS MZ. S LT. 2","2026-08-08"
"18299","SOMOS FE E NCRISTO E.I.R.L.","ESTACIÓN DE SERVICIOS / GRIFOS","PUNO","MELGAR","AYAVIRI","PROLONGACIÓN AV. BALSAPATA S/N","2026-08-07"
"183006","GRIFO CHANCAYANA II SOCIEDAD ANONIMA CERRADA","ESTACIÓN DE SERVICIOS / GRIFOS","CUSCO","CALCA","PISAC","CARRETERA CALCA - PISAC, PREDIO RUSTICO ISLA PAPILON, SECTOR PLAYA TUCSAN","2026-08-08"
"18301","SERVICENTRO METROPOLITANO SUR EIRL","ESTACIÓN DE SERVICIOS / GRIFOS","CUSCO","CUSCO","SAN SEBASTIAN","PROLONGACION AV. DE LA CULTURA MZ. L LOTE 4 URB. NACIONES UNIDAS","2026-08-08"
"18303","CAPLINA I","ESTACIÓN DE SERVICIO CON GASOCENTRO DE GLP","TACNA","TACNA","TACNA","AV. JORGE BASADRE GROHMANN N° 348-356","2026-08-09"
"18304","ES CAPLINA II","ESTACIÓN DE SERVICIO CON GASOCENTRO DE GLP","TACNA","TACNA","CORONEL GREGORIO ALBARRACIN LANCHIPA","AVENIDA MUNICIPAL S/N, MZ A, LOTE 01","2026-08-08"
"18305","GRIFO VICTORIA","ESTACIÓN DE SERVICIO CON GASOCENTRO DE GLP","TACNA","TACNA","TACNA","PARQUE INDUSTRIAL MZ. J, LT 19, 20 Y 21","2026-08-07"
"18307","APOLLO¿S MARKET S.A.C. ","ESTACIÓN DE SERVICIOS / GRIFOS","LIMA","LIMA","LINCE","AV. PROLONGACION IQUITOS CDRA. 25 S/N.","2026-08-07"
"183086","MEGA ESTACION DE SERVICIOS LOS DELFINES S.A.","ESTACIÓN DE SERVICIO CON GASOCENTRO DE GLP","LIMA","BARRANCA","PATIVILCA","PREDIO RURAL, SECTOR JAZMIN CODIGO CATASTRAL 104453 PROYECTOS PREDIOS DE PATIVILCA","2026-08-08"
"183104","PETROEXPRESS SB S.A.C.","ESTACIÓN DE SERVICIO CON GASOCENTRO DE GLP","LAMBAYEQUE","LAMBAYEQUE","MORROPE","U.C. 094064 1A CASERIO CASA BLANCA","2026-08-08"
"183115","ESTACION DE SERVICIOS SALDANI S.A.C","ESTACIÓN DE SERVICIO CON GASOCENTRO DE GLP","ICA","PISCO","PISCO","SUB LOTE 8, SECTOR PACHINGA","2026-08-09"
"18314","COESTI SA","ESTACIÓN DE SERVICIO CON GASOCENTRO DE GLP","PIURA","PIURA","PIURA","ZONA INDUSTRIAL MZ. 235 LOTE 11 Y 12","2026-08-09"
"183181","A & M GEMELOS S.A.C.","ESTACIÓN DE SERVICIOS / GRIFOS","PUNO","SAN ROMAN","JULIACA","CARRETERA JULIACA - AREQUIPA KM. 281+700","2026-08-08"
"18320","DANIEL EIRL","ESTACIÓN DE SERVICIOS / GRIFOS","PIURA","PIURA","VEINTISEIS DE OCTUBRE","PROLONGACION AV. GULLMAN MZ. J, LT. 14 AA.HH. 31 DE ENERO","2026-08-08"
"183211","ESTACION DE SERVICIOS EL AGUAJAL SOCIEDAD ANONIMA CERRADA","ESTACIÓN DE SERVICIOS / GRIFOS","CUSCO","PAUCARTAMBO","KOSÑIPATA","SECTOR FORTALEZA, CENTRO POBLADO PATRIA","2026-08-09"
"18324","COESTI S.A","ESTACIÓN DE SERVICIO CON GASOCENTRO DE GLP","PIURA","SULLANA","SULLANA","AV. CHAMPAGNAT N° 1220","2026-08-09"
"183295","FULL GAS LARAN S.A.C.","GASOCENTROS DE GLP","ICA","CHINCHA","ALTO LARAN","CARRETERA ALTO LARAN KM. 5.5 SUB LOTE A2","2026-08-08"
"18330","LA ESPERANZA S.A.","ESTACIÓN DE SERVICIOS / GRIFOS","ICA","ICA","ICA","ESQ. DE CUTERVO Y GERONIMO DE CABRERA","2026-08-07"
"18332","LBC COMBUSTIBLES S.A.C.","ESTACIÓN DE SERVICIOS / GRIFOS","ICA","ICA","SANTIAGO","CARRETERA PANAMERICANA SUR KM. 329 - CASERIO LA VENTA","2026-08-08"
"183354","GROUP SAMUSA S.A.C.","ESTACIÓN DE SERVICIO CON GASOCENTRO DE GLP","LIMA","HUAURA","VEGUETA","PREDIO RURAL EL OTOÑO REMANENTE 1","2026-08-08"
"183358","CORPORATION WILCARDIE S.A.C.","ESTACIÓN DE SERVICIOS / GRIFOS","LIMA","BARRANCA","BARRANCA","CARRETERA PANAMERICANA NORTE KM. 195+800","2026-08-03"
"18336","EMGESA SAC","ESTACIÓN DE SERVICIOS / GRIFOS","PUNO","SAN ROMAN","JULIACA","JR. MARIANO NUÑEZ NRO. 708","2026-08-08"
"183419","ESTACION DE SERVICIOS SAN ROQUE SAC","ESTACIÓN DE SERVICIO CON GASOCENTRO DE GLP","LAMBAYEQUE","CHICLAYO","PIMENTEL","LOTE 1-SUB LOTE A DE LA CARRETERA CHICLAYO PIMENTEL KM 9","2026-08-07"
"18345","ESTACION DE SERVICIOS AEROPUERTO S.R.L.","ESTACIÓN DE SERVICIO CON GASOCENTRO DE GLP","PROV. CONST. DEL CALLAO","PROV. CONST. DEL CALLAO","CALLAO","AV. ELMER FAUCETT ESQUINA CON AV. TOMAS VALLE S/N","2026-08-08"
"18347","GASOLINERA DEL NORTE SOCIEDAD COMERCIAL DE RESPONSABILIDAD LIMITADA","ESTACIÓN DE SERVICIOS / GRIFOS","PIURA","SULLANA","SULLANA","VIA PERIFERICA SUR KM. 03 CARRETERA SULLANA - TAMBOGRANDE","2026-08-08"
"18350","GRIFO SAN IGNACIO SAC","ESTACIÓN DE SERVICIOS / GRIFOS","PIURA","PIURA","VEINTISEIS DE OCTUBRE","CARRETERA PIURA - PAITA KM. 9","2026-08-08"
"18351","COESTI S.A","EE.SS con GLP y GNV","LIMA","LIMA","SAN ISIDRO","AV. REPUBLICA DE PANAMA Nº 3690 - 3696","2026-08-08"
"18353","SERVICENTRO RAMIREZ SAC","ESTACIÓN DE SERVICIO CON GASOCENTRO DE GLP","LA LIBERTAD","TRUJILLO","TRUJILLO","AV. AMERICA SUR N° 2140 MZ. H LOTES 3, 4, 5, 6 Y 7 URB. SANTA MARIA","2026-08-09"
"183550","POWER THE MAN WISE E.I.R.L. - POMAWI E.I.R.L.","ESTACIÓN DE SERVICIOS / GRIFOS","ANCASH","HUARI","UCO","CARRETERA POMACHACA HUACAYBAMBA E INTERSECCIÓN PIUROJ UCO, C.P. PIUROJ","2026-08-05"
"18356","ES PROGRESO","ESTACIÓN DE SERVICIOS / GRIFOS","PIURA","PIURA","CASTILLA","AV. PROGRESO N° 1336 - 1338","2026-08-09"
"18357","COESTI SA","ESTACIÓN DE SERVICIOS / GRIFOS","PIURA","PIURA","CASTILLA","AV. PROGRESO N° 3062","2026-08-09"
"183579","ESTACION DE SERVICIOS PETROGAS S.A.C","ESTACIÓN DE SERVICIOS / GRIFOS","APURIMAC","ABANCAY","ABANCAY","LA PANAMERICANA KM 4.5 PUCCA CCATA , SECTOR QUITASOL, VALLE KOLKAQUE","2026-08-07"
"183617","VERAMENDI ORTEGA JUVER EUGENIO","ESTACIÓN DE SERVICIOS / GRIFOS","LORETO","UCAYALI","CONTAMANA","AV. SAN FRANCISCO DE ASIS S/N MANZANA 48 LOTE 8A1","2026-07-11"
"18363","ALEMAR S.R.L.","ESTACIÓN DE SERVICIOS / GRIFOS","PIURA","TALARA","LA BREA","AV. LORETO S/N LA DRAGA NEGRITOS","2026-08-08"
"183659","SOPLIN RODRIGUEZ FRANK EDISON","ESTACIÓN DE SERVICIOS / GRIFOS","LORETO","REQUENA","REQUENA","CALLE JUAN PABLO II MZ 63, LOTES 17, 18, 19 - AA.HH. REQUENA, I ETAPA, ZONA B","2026-07-31"
"18371","ESTACION DE SERVICIOS GRIFOS MARCAVELICA SAC","ESTACIÓN DE SERVICIOS / GRIFOS","PIURA","SULLANA","MARCAVELICA","CARRETERA PANAMERICANA NORTE N° 98","2026-08-07"
"18373","GRIFO LASER","ESTACIÓN DE SERVICIO CON GASOCENTRO DE GLP","ICA","ICA","PARCONA","CARRETERA ICA PARCONA KM. 001 + 150 VISTA ALEGRE","2026-08-08"
"18374","LA FLORIDA LOMAS S.A.C.","ESTACIÓN DE SERVICIO CON GASOCENTRO DE GLP","AREQUIPA","CARAVELI","LOMAS","CARRETERA PANAMERICANA SUR KM. 528","2026-08-04"
"18376","GRIFO JVF PETROL S.R.L.","ESTACIÓN DE SERVICIOS / GRIFOS","CAJAMARCA","JAEN","JAEN","CARRETERA MARGINAL CHAMAYA - JAEN KM 14 FILA ALTA","2026-08-06"
"18377","ESTACION DE SERVICIOS FAMHORA","ESTACIÓN DE SERVICIOS / GRIFOS","AMAZONAS","BONGARA","JAZAN","JR. CAHUIDE S/N. CARRETERA MARGINAL KM. 102","2026-08-08"
"18379","ESTACION DE SERVICIOS UTCUBAMBA E.I.R.L.","ESTACIÓN DE SERVICIOS / GRIFOS","AMAZONAS","UTCUBAMBA","BAGUA GRANDE","AV. CHACHAPOYAS Nº 3510 - LA ESPERANZA","2026-08-07"
"183794","ESTACION DE SERVICIOS TEO S.A.C.","ESTACIÓN DE SERVICIOS / GRIFOS","AYACUCHO","HUAMANGA","SOCOS","SECTOR LECCLESPAMPA REF. CARRETERA AYACUCHO-PISCO KM 13+400 ANEXO AMPUCCASA","2026-08-09"
"183795","TOMAYA BENITO NOEMI","ESTACIÓN DE SERVICIOS / GRIFOS","CUSCO","CHUMBIVILCAS","SANTO TOMAS","CARRETERA SANTO TOMAS - CUSCO CON CALLE CALVARIO S/N, URBANIZACION JORGE BASADRE","2026-08-07"
"183808","ESTACION DE SERVICIOS AMERICANO J & M E.I.R.L.","ESTACIÓN DE SERVICIOS / GRIFOS","CUSCO","ANTA","ANTA","CHUÑOTAMBILLO MANZANAYOC U.C. 1 79091 , FRACCION N° 3","2026-08-07"
"18385","GRIFO MONTOYA","ESTACIÓN DE SERVICIOS / GRIFOS","LIMA","LIMA","PACHACAMAC","AV. PAUL POBLET LIND MZ. 37 LOTE 1","2026-08-08"
"183856","ESTACION DE SERVICIOS VESCA E.I.R.L.","ESTACIÓN DE SERVICIOS / GRIFOS","LORETO","MAYNAS","SAN JUAN BAUTISTA","AV. ABELARDO QUIÑONES KM 4.5 ESQUINA CON CALLE 10 DE AGOSTO","2026-08-08"
"183868","ESTACION DE SERVICIOS RIO GRANDE E.I.R.L","ESTACIÓN DE SERVICIO CON GASOCENTRO DE GLP","ICA","PALPA","RIO GRANDE","CARRETERA RIO GRANDE, RIO GRANDE MZ 99 - SECTOR RIO GRANDE","2026-08-08"
"18388","GRIFO EL PORONGO","ESTACIÓN DE SERVICIOS / GRIFOS","CAJAMARCA","CAJAMARCA","LOS BAÑOS DEL INCA","CARRETERA BAÑOS DEL INCA KM 05","2026-08-06"
"18390","DIONICIO PONCE CHECALLA","ESTACIÓN DE SERVICIOS / GRIFOS","PUNO","PUNO","PICHACANI","CARRETERA PUNO-MOQUEGUA KM. 37.5 - LARAQUERI","2026-08-08"
"18391","SERVICENTRO SAN GREGORIO E.I.R.L.","ESTACIÓN DE SERVICIOS / GRIFOS","CUSCO","URUBAMBA","CHINCHERO","AV. MATEO PUMACAHUA Nº 100 KM. 29","2026-08-03"
"18393","SOLUCIONES PETROLERAS SEÑOR DE HUANCA S.A.C.","ESTACIÓN DE SERVICIOS / GRIFOS","APURIMAC","ABANCAY","CURAHUASI","AV. PANAMERICANA S/N","2026-08-04"
"183952","ESTACION DE SERVICIOS CORAZON DE JESUS SRL","ESTACIÓN DE SERVICIOS / GRIFOS","AMAZONAS","BAGUA","IMAZA","CALLE PAKUN S/N CENTRO POBLADO CHIRIACO","2026-08-08"
"18399","COESTI S.A ES GAR OIL","ESTACIÓN DE SERVICIOS / GRIFOS","CUSCO","CUSCO","SAN SEBASTIAN","AV. VELASCO ASTETE S/N","2026-08-04"
"18400","GASOLINERA DON ARMANDO S.A.C.","ESTACIÓN DE SERVICIOS / GRIFOS","LA LIBERTAD","ASCOPE","CASA GRANDE","MZ 14 LOTE 03 URB. 8 DE SETIEMBRE","2026-08-08"
"18401","GASOLINERAS  S.A.C.","EE.SS con GLP y GNV","LIMA","LIMA","LIMA","AV. 28 DE JULIO 159. ESQUINA CON AV. BRASIL","2026-08-09"
"18405","COESTI S.A EESS DIVINO NINO","ESTACIÓN DE SERVICIOS / GRIFOS","LAMBAYEQUE","CHICLAYO","MONSEFU","INTERSECCIÓN PANAMERICANA NORTE Y CARRETERA MONSEFU","2026-08-09"
"18406","GRIFO AMIGO S.A.","ESTACIÓN DE SERVICIO CON GASOCENTRO DE GLP","LA LIBERTAD","TRUJILLO","TRUJILLO","AV. AMERICA NORTE N° 2460 Y AV. NICOLAS DE PIEROLA N° 622","2026-08-07"
"18408","GRIFO ATICO SRL","ESTACIÓN DE SERVICIOS / GRIFOS","AREQUIPA","CARAVELI","ATICO","AV. AREQUIPA Nº 550","2026-08-09"
"18409","ESTACIÓN GALAXY","ESTACIÓN DE SERVICIOS / GRIFOS","PIURA","SULLANA","MARCAVELICA","PANAMERICANA NORTE KM. 1021","2026-08-09"
"184105","COESTI S.A.","GASOCENTRO DE GLP CON ESTABLECIMIENTO DE VENTA AL PUBLICO DE GNV","LIMA","LIMA","LA VICTORIA","AV. JAVIER PRADO ESTE N° 1059","2026-08-08"
"184112","EMPRESA MINER S.R.L.","ESTACIÓN DE SERVICIOS / GRIFOS","PUNO","CARABAYA","MACUSANI","CARRETERA INTEROCEANICA SUR TRAMO IV, KM. 180+550, C.C. BAÑO PAMPA JUCHUY PINAYA","2026-08-06"
"18412","GRIFO DEL PUEBLO","ESTACIÓN DE SERVICIOS / GRIFOS","PIURA","PIURA","TAMBO GRANDE","PANAMERICANA NORTE KM. 1061 - 1062","2026-08-08"
"18413","GRIFO ESCORPIO S.R.L.","ESTACIÓN DE SERVICIOS / GRIFOS","PROV. CONST. DEL CALLAO","PROV. CONST. DEL CALLAO","CALLAO","CRUCE AV. TOMAS VALLE Y ELMER FAUCETT","2026-08-08"
"18414","COESTI S.A. ES SACHACA","ESTACIÓN DE SERVICIOS / GRIFOS","AREQUIPA","AREQUIPA","SACHACA","AV. FERNANDINI S/N","2026-08-09"
"184149","EMPRESA COMUNAL Y SERVICIOS MULTIPLES HUARAUCACA","ESTACIÓN DE SERVICIO CON GASOCENTRO DE GLP","PASCO","PASCO","TINYAHUARCO","AVENIDA RAMON CASTILLA S/N ALTURA KM 109+300 RUTA NACIONAL PE-3N TRAMO: OROYA, JUNÍN, CARHUAMAYO, NINACACA, SHELBY, VILLA DE PASCO, COLQUIJIRCA, HUARI","2026-08-07"
"18415","ESTACION DE SERVICIOS VCOP S.A.C.","ESTACIÓN DE SERVICIOS / GRIFOS","AREQUIPA","AREQUIPA","AREQUIPA","AV. PARRA N° 371","2026-07-24"
"18416","GRIFO CORPORACION PETROPOLIS S.A.C.                                             ","ESTACIÓN DE SERVICIOS / GRIFOS","PUNO","LAMPA","CALAPUJA","CARRETERA JULIACA-CUSCO KM 10.8","2026-08-06"
"18417","ESTACION DE SERVICIOS ABAFI S.A.C.","ESTACIÓN DE SERVICIO CON GASOCENTRO DE GLP","PIURA","PIURA","CATACAOS","CARRETERA PANAMERICANA NORTE KM. 970 - CASERIO SAN PABLO","2026-08-08"
"18418","CARDENAS LIMA YANELA CONSUELO","ESTACIÓN DE SERVICIOS / GRIFOS","AREQUIPA","ISLAY","MOLLENDO","CARRETERA MOLLENDO-MATARANI KM. 01","2026-07-29"
"18419","GRIFO LATINO E.I.R.L.","ESTACIÓN DE SERVICIOS / GRIFOS","SAN MARTIN","SAN MARTIN","TARAPOTO","JR. JIMENEZ PIMENTEL N° 1261","2026-08-04"
"184206","ROBERTO MEDARDO MORALES REAL","ESTACIÓN DE SERVICIOS / GRIFOS","ANCASH","CARHUAZ","CARHUAZ","SECTOR YANAMARCA, DENOMINADO YANA KAKA. UUCC 46262","2026-08-07"
"18421","GRIFO MORONA COCHA EIRL","ESTACIÓN DE SERVICIOS / GRIFOS","LORETO","MAYNAS","IQUITOS","AV. EJERCITO N° 200","2026-08-08"
"18425","GRIFO LINO SOCIEDAD COMERCIAL DE RESPONSABILIDAD LIMITADA - GRIFO LINO S.R.L.","ESTACIÓN DE SERVICIOS / GRIFOS","MOQUEGUA","ILO","PACOCHA","AV. ANDRES AVELINO CACERES S/N, ESQUINA CALLE C","2026-08-07"
"18426","SERVICENTRO SAN JACINTO S.A.C.","ESTACIÓN DE SERVICIOS / GRIFOS","ANCASH","SANTA","NEPEÑA","AV. EL TUBO S/N CARRETERA SAN JACINTO KM. 20 SECTOR COCHARCAS","2026-08-07"
"184267","DE LA CRUZ ALONZO EVELYN DIANE","ESTACIÓN DE SERVICIOS / GRIFOS","UCAYALI","PADRE ABAD","ALEXANDER VON HUMBOLD","CASERIO PRIMAVERA -CARRETERA FERNANDO BELAUNDE TERRY KM. 40","2026-08-09"
"184268","ESTACION DE SERVICIOS EL AMANECER S.R.L.","ESTACIÓN DE SERVICIOS / GRIFOS","UCAYALI","CORONEL PORTILLO","CALLERIA","CARRETERA FEDERICO BASADRE KM. 10.500 MZ A LOTE 1 HABILITACIÓN URBANA  SAN VICENTE","2026-08-08"
"18427","PETROCENTRO MELGAR S.A.C.","ESTACIÓN DE SERVICIOS / GRIFOS","AREQUIPA","ISLAY","MOLLENDO","CA. LEOPOLDO FLORES LOTE 12 MZ. 32 ZONA A, ALTO DE LAS CRUCES","2026-08-07"
"18429","COESTI REPUBLICA","ESTACIÓN DE SERVICIOS / GRIFOS","LIMA","LIMA","SAN ISIDRO","AV. PASEO DE LA REPUBLICA Nº 3890 CON AV. ARAMBURU","2026-08-08"
"18430","FIDEL SAC","ESTACIÓN DE SERVICIOS / GRIFOS","LIMA","BARRANCA","SUPE","AV. FRANCISCO VIDAL Nº 155 (EX CARRETERA PANAMERICANA NORTE KM. 187.60)","2026-07-24"
"184308","CARRANZA SARCO FRANCIA VALENTINA","ESTACIÓN DE SERVICIOS / GRIFOS","PASCO","PASCO","HUAYLLAY","CENTRO POBLADO DE CANCHACUCHO MZ 1 F LT 3, 4, 5, 6, 7 Y 8","2026-08-07"
"18431","COMBUSTIBLES Y ENERGIAS SANTA LUCIA S.A.C.","ESTACIÓN DE SERVICIO CON GASOCENTRO DE GLP","LA LIBERTAD","PACASMAYO","SAN PEDRO DE LLOC","AV. PACASMAYO N° 705 AA.HH. LOS SAUCES","2026-08-08"
"18433","SERVICIOS SALES SOCIEDAD COMERCIAL DE RESPONSABILIDAD LIMITADA","ESTACIÓN DE SERVICIOS / GRIFOS","LORETO","MAYNAS","IQUITOS","JR. GONZALES VIGIL N°101 (EX AV. DEL EJERCITO)","2026-08-09"
"18434","ESTACION DE SERVICIOS R & Z DE TUMBES E.I.R.L.","ESTACIÓN DE SERVICIOS / GRIFOS","TUMBES","TUMBES","TUMBES","PANAMERICANA NORTE - KM N.º 1267 AA.HH. PUEBLO NUEVO","2026-08-08"
"184340","ATAUCURI ALVIZ AGUSTIN JULIAN","ESTACIÓN DE SERVICIOS / GRIFOS","AYACUCHO","PARINACOCHAS","PULLO","MZ. F LT. N° 02, DEL BARRIO LOS ÁNGELES DEL CENTRO POBLADO DE RELAVE","2026-08-05"
"184343","JOSE ALBERTO LEIVA CARDENAS","ESTACIÓN DE SERVICIOS / GRIFOS","LA LIBERTAD","ASCOPE","CHICAMA","CARRETERA SAUSAL - CASCAS, EL PALENQUE","2026-08-09"
"18435","GRIFO SAN PEDRO EIRL","ESTACIÓN DE SERVICIO CON GASOCENTRO DE GLP","SAN MARTIN","TOCACHE","TOCACHE","JR. FREDY ALIAGA N° 2351","2026-08-01"
"18436","GRUPO MASER S.R.L.","ESTACIÓN DE SERVICIOS / GRIFOS","PIURA","PIURA","LA ARENA","PROLONGACION CALLE EL COMERCIO S/N.","2026-08-04"
"18437","EST DE SER VALDIVIEZO E.I.R.L.","ESTACIÓN DE SERVICIOS / GRIFOS","PIURA","SULLANA","SULLANA","AV. BUENOS AIRES N° 790","2026-08-07"
"18438","GRIFO VIGMA S.R.L.","ESTACIÓN DE SERVICIOS / GRIFOS","PIURA","PIURA","PIURA","CARRETERA PIURA  SULLANA KM. 5","2026-08-08"
"18440","GRIFOS DIANA S.A.C.","EE.SS con GLP y GNV","LIMA","LIMA","LA VICTORIA","AV. MEXICO 700, ESQUINA CALLE JUAN CASTRO","2026-08-08"
"18441","SUCESIÓN ZEBALLOS ESCOBAR MEDARDO SILES","ESTACIÓN DE SERVICIOS / GRIFOS","MOQUEGUA","MARISCAL NIETO","MOQUEGUA","CARRETERA PANAMERICANA SUR KM. 1141","2026-08-07"
"184426","KOINONIA GRIFOS","ESTACIÓN DE SERVICIOS / GRIFOS","PUNO","MELGAR","UMACHIRI","CARRETERA CHUQUIBAMBILLA LLALLI KM. 3+100","2026-08-05"
"18444","ESTACION DE SERVICIOS GRIFO DENVER S.R.L.","ESTACIÓN DE SERVICIOS / GRIFOS","LIMA","HUARAL","HUARAL","ESQ. AV. CIRCUNVALACION SUR Y PROLONGACION LOS ANGELES","2026-08-07"
"184458","CORPORACION SANTA FER S.A.C.","ESTACIÓN DE SERVICIOS / GRIFOS","LA LIBERTAD","PATAZ","TAYABAMBA","CARRETERA HUANCASPATA  TAYABAMBA KM 68 ANEXO SUYOPAMPA","2026-08-07"
"18446","PETRONEX PERU SOCIEDAD ANONIMA CERRADA","ESTACIÓN DE SERVICIO CON GASOCENTRO DE GLP","LAMBAYEQUE","CHICLAYO","LA VICTORIA","PANAMERICANA NORTE KM 762","2026-08-07"
"18447","SILVIA TACZA NAVARRO","GRIFOS RURALES CON ALMACENAMIENTO EN CILINDROS","JUNIN","SATIPO","COVIRIALI","CARRETERA SATIPO - COVIRIALI KM. 1","2026-07-31"
"18448","PETRO SULLANA S.A.C.","ESTACIÓN DE SERVICIOS / GRIFOS","PIURA","SULLANA","SULLANA","AV. PANAMERICANA N° 1110","2026-08-08"
"184511","GRIFO BENCAR PETROLEUM PERÚ SOCIEDAD ANÓNIMA CERRADA","ESTACIÓN DE SERVICIOS / GRIFOS","CUSCO","CHUMBIVILCAS","SANTO TOMAS","CENTRO POBLADO SANTO TOMAS ANEXO Q¿ENCCO","2026-08-03"
"184513","SERVICENTRO LAS CAMELIAS SRL","ESTACIÓN DE SERVICIOS / GRIFOS","LORETO","MAYNAS","SAN JUAN BAUTISTA","CALLE LAS CAMELIAS, INTERSECCION CON PSJ AMAZONAS","2026-08-07"
"18452","GRIFO HUANUCO","ESTACIÓN DE SERVICIO CON GASOCENTRO DE GLP","HUANUCO","HUANUCO","AMARILIS","KM. 1.5 CARRETERA HUANUCO - TINGO MARIA URB. SANTA ELENA II MZ.B LOTE1","2026-08-09"
"184544","UMIÑA YTO MAX RAMIRO","ESTACIÓN DE SERVICIOS / GRIFOS","PUNO","PUNO","COATA","CARRETERA COATA - JULIACA ESQ. CON JR. LOS ANGELES S/N","2026-08-04"
"18456","REPSOL COMERCIAL S.A.C.","ESTACIÓN DE SERVICIOS / GRIFOS","CUSCO","CUSCO","CUSCO","ESQUINA AV. EJERCITO Y ALAMEDA PACHACUTEC S/N","2026-08-09"
"184579","EL GRIFO DEL ORIENTE S.A.C.","ESTACIÓN DE SERVICIOS / GRIFOS","UCAYALI","CORONEL PORTILLO","CAMPOVERDE","CARRETERA FEDERICO BASADRE KM. 25.500 FDO. MAKONDO CASERIO SAN JOSE","2026-08-08"
"18458","ESTACION DE SERVICIOS SUD AMERICA S.R.LTDA.","ESTACIÓN DE SERVICIO CON GASOCENTRO DE GLP","SAN MARTIN","SAN MARTIN","MORALES","PROLONGACION JR. PERU N° 821","2026-08-06"
"18459","TRANSPORTES Y SERVICIOS OBEMAN S.A.C","ESTACIÓN DE SERVICIOS / GRIFOS","ANCASH","SANTA","CHIMBOTE","AV. ENRIQUE MEIGGS N° 1220","2026-08-08"
"18460","SERGAS","GASOCENTROS DE GLP","LIMA","LIMA","INDEPENDENCIA","AV. CARLOS IZAGUIRRE N° 220","2026-08-09"
"184609","ALONZO VILLANUEVA SERGIO IGNACIO","ESTACIÓN DE SERVICIOS / GRIFOS","UCAYALI","CORONEL PORTILLO","NUEVA REQUENA","CARRETERA DE ACCESO A CAMPO VERDE - NUEVA REQUENA MZ. A 6- LT. 02","2026-08-07"
"184618","ESTACION DE SERVICIO DON ANTONIO SOCIEDAD COMERCIAL DE RESPONSABILIDAD LIMITADA","ESTACIÓN DE SERVICIOS / GRIFOS","PIURA","MORROPON","CHULUCANAS","UBIC. RUR. PREDIO CAMPANAS U.C. 11714","2026-08-05"
"184624","MENDOZA CIENFUEGOS TELMO JESUS","ESTACIÓN DE SERVICIOS / GRIFOS","AMAZONAS","BAGUA","LA PECA","AV. CAJAMARCA N° 726","2026-08-07"
"18463","ESTACION DE SERVICIOS SAN JOSE S.A.C.","ESTACIÓN DE SERVICIOS / GRIFOS","PIURA","PIURA","CASTILLA","ESQUINA AV. PROGRESO CON CALLE JUNIN S/N","2026-08-08"
"18464","IRACEMA YOVANNA GUERRA YUCRA","ESTACIÓN DE SERVICIOS / GRIFOS","PUNO","PUNO","PUNO","YANAMAYO KM 4.5 CARRETERA PUNO-JULIACA","2026-08-08"
"184690","EE.SS MALLARITOS S.A.C.","ESTACIÓN DE SERVICIO CON GASOCENTRO DE GLP","PIURA","SULLANA","QUERECOTILLO","CARRETERA SULLANA-QUERECOTILLO-SECTOR SOCOLA","2026-08-08"
"184702","GLOBAL FULL E.I.R.L.","ESTACIÓN DE SERVICIOS / GRIFOS","APURIMAC","ANDAHUAYLAS","TALAVERA","AV. CONFRATERNIDAD 495 CON JR. ANDAHUAYLAS S/N","2026-08-05"
"18471","GAS PERU GUADALUPE SAC","ESTACIÓN DE SERVICIO CON GASOCENTRO DE GLP","ICA","ICA","SALAS","PANAMERICANA SUR KM. 295 - GUADALUPE","2026-08-09"
"184712","YENNI VANESA RISCO OSORIO","ESTACIÓN DE SERVICIOS / GRIFOS","ANCASH","SANTA","CHIMBOTE","CARRETERA DE PENETRACION A HUALLANCA PARCELA 01307A - SECTOR RINCONADA ALTA","2026-08-04"
"18472","CORPORACION FULL PETROL S.A.C.","ESTACIÓN DE SERVICIOS / GRIFOS","CUSCO","CUSCO","SAN SEBASTIAN","AV. CUSCO Nº 420","2026-08-06"
"18473","SUCESION ESCOBAR MERCADO JULIA","ESTACIÓN DE SERVICIOS / GRIFOS","CUSCO","LA CONVENCION","SANTA ANA","AV. EDGAR DE LA TORRE NRO. 498 (ESQ. AV. EDGAR DE LA TORRE CON FRANCISCA)","2026-08-07"
"18474","JOSE CARLOS MEDINA VELASQUEZ S.A.","ESTACIÓN DE SERVICIO CON GASOCENTRO DE GLP","AREQUIPA","AREQUIPA","AREQUIPA","AV. INDEPENDENCIA N° 1243","2026-08-08"
"184753","GRIFO SANTA ELENA APG E.I.R.L.","ESTACIÓN DE SERVICIOS / GRIFOS","LAMBAYEQUE","CHICLAYO","TUMAN","KM 17 CARRETERA CHICLAYO CHONGOYA","2026-08-01"
"184765","HIPER C & D SOCIEDAD ANONIMA CERRADA","ESTACIÓN DE SERVICIOS / GRIFOS","PIURA","PIURA","CATACAOS","PREDIO INNOMINADO UC N°1383881 SECTOR SIMBILA DEL VALLE DE BAJO PIURA","2026-08-09"
"184838","ESTACION DE SERVICIOS ARTRU S.R.L.","ESTACIÓN DE SERVICIOS / GRIFOS","ANCASH","RECUAY","TICAPAMPA","SECTOR ICHICK HUISHCA S/N C.P. QUELIE JIRCA","2026-08-08"
"184846","ESTACION DE SERVICIOS PETROWIL S.R.L.","ESTACIÓN DE SERVICIOS / GRIFOS","PUNO","AZANGARO","SAN ANTON","CARRETERA INTEROCEANICA KM. 95+950, TRAMO DESVIO AZANGARO A INAMBARI","2026-08-01"
"184863","DIEGO LEON KENEDY DIEGO","ESTACIÓN DE SERVICIOS / GRIFOS","SAN MARTIN","TOCACHE","NUEVO PROGRESO","CARRETERA FERNANDO BELAUNDE TERRY KM. 850","2026-08-08"
"18487","LATINO SERVIS S.R.L.","ESTACIÓN DE SERVICIOS / GRIFOS","CUSCO","CUSCO","WANCHAQ","AV. HUAYRUROPATA N° 1935","2026-08-08"
"184872","JESUS CARLITOS ROJAS ZABALA","ESTACIÓN DE SERVICIOS / GRIFOS","ANCASH","MARISCAL LUZURIAGA","LLUMPA","CARRETERA LLUMPA - POMABAMBA S/N SECTOR DONDEZA","2026-08-07"
"18490","M Y R REY COMBUSTIBLES SRL","ESTACIÓN DE SERVICIOS / GRIFOS","LIMA","HUAURA","VEGUETA","PANAMERICANA NORTE KM. 167 + 400 METROS - SAN FELIPE","2026-08-08"
"18491","EMPRESA TEXAS ORCCORARA OIL S.R.L.","ESTACIÓN DE SERVICIOS / GRIFOS","PUNO","MELGAR","NUÑOA","JR. TARAPACA S/N. SALIDA A SANTA ROSA","2026-08-07"
"184925","SERVICENTRO JAPAY II SAC","ESTACIÓN DE SERVICIOS / GRIFOS","LORETO","MAYNAS","SAN JUAN BAUTISTA","CALLE BARRIOS ALTOS MZ D, LOTE 1, AAHH JORGE MONASI","2026-08-08"
"184939","RENYVAL E.I.R.L.","ESTACIÓN DE SERVICIOS / GRIFOS","LORETO","DATEM DEL MARAÑON","MANSERICHE","CARRETERA FELIX FLORES-SARAMIRIZA KM 4.0 - SARAMIRIZA","2026-08-06"
"184960","EMPRESA HANS E.I.R.L.","ESTACIÓN DE SERVICIOS / GRIFOS","AYACUCHO","LUCANAS","SANTA LUCIA","AV.PRÓCERES MZ E LOTE 1 CENTRO POBLADO HUANCA","2026-08-08"
"18498","ESCOH S.A.C.","ESTACIÓN DE SERVICIO CON GASOCENTRO DE GLP","LIMA","HUAROCHIRI","SANTA EULALIA","AV. SAN MARTIN CRUCE CON AV. SIMON BOLIVAR","2026-08-08"
"184995","DELGADO BARBOZA ALADINO","ESTACIÓN DE SERVICIOS / GRIFOS","CAJAMARCA","CHOTA","CHOTA","PREDIO DENOMINADO ""MUYA"" AV. LONGITUDINAL DE LA SIERRA CON U.C. 20798, COMUNIDAD DE PINGOBAMBA BAJO","2026-08-08"
"18500","ESTACION DE SERVICIOS BYM S.A.C.","ESTACIÓN DE SERVICIOS / GRIFOS","PIURA","SULLANA","SULLANA","AV. CHAMPAGNAT N° 1022 A.H. SANTA ROSA","2026-08-09"
"18501","ROOSSEVELT INVERSIONES GENERALES SRL","ESTACIÓN DE SERVICIOS / GRIFOS","LIMA","LIMA","SANTA ANITA","ESQ. AV. ENCALADA CON AV. HUANCARAMA (EX AV. FERROCARRIL) MZ. A3 LTS. 12 Y 13, URB. LAS PRADERAS","2026-08-07"
"18503","NEGOCIACIONES LOS ANGELES SAC","ESTACIÓN DE SERVICIO CON GASOCENTRO DE GLP","JUNIN","JAUJA","JAUJA","AV. 28 DE JULIO Nº 400","2026-08-08"
"185034","ESTACION DE SERVICIOS SAN JOSE S.A.C.","ESTACIÓN DE SERVICIO CON GASOCENTRO DE GLP","PIURA","PIURA","VEINTISEIS DE OCTUBRE","III ZONA INDUSTRIAL, MZ U, LT 11","2026-08-08"
"18504","ESTACION DE SERVICIOS SAN MIGUEL SRL","ESTACIÓN DE SERVICIO CON GASOCENTRO DE GLP","PIURA","SULLANA","SULLANA","AV. JOSE DE LAMA Y AV. CHAMPAGNAT","2026-08-08"
"18507","GLOBAL FUEL S.A","ESTACIÓN DE SERVICIO CON GASOCENTRO DE GLP","PIURA","PIURA","PIURA","AV. SANCHEZ CERRO N° 825","2026-08-08"
"185110","ESTACION DE SERVICIOS ENRIQUE S.A.C.","ESTACIÓN DE SERVICIOS / GRIFOS","SAN MARTIN","LAMAS","BARRANQUITA","AV. VIA DE EVITAMIENTO MZ. Y"", LOTE 01 Y COLINDA CON CALLE SIN NOMBRE","2026-08-05"
"185192","SERVICENTRO NAZARETH SRL","ESTACIÓN DE SERVICIOS / GRIFOS","SAN MARTIN","RIOJA","ELIAS SOPLIN VARGAS","AV. LAS DELICIAS ESQUINA CON AV. TOMAS PACHAMORA - SEGUNDA JERUSALEN","2026-08-07"
"185193","GRIFOS Y ESTACIONES ABDIEL ZAHIR E.I.R.L.","ESTACIÓN DE SERVICIOS / GRIFOS","CAJAMARCA","CHOTA","CHOTA","CARRETERA CHOTA - TACABAMBA - SECTOR SHITAPAMPA","2026-08-08"
"185224","GRIFOS ESPINOZA S.A.","ESTACIÓN DE SERVICIO CON GASOCENTRO DE GLP","LIMA","HUAURA","SANTA MARIA","CARRETERA PANAMERICANA NORTE KM 148.85 S/N (ANTES: CARRETERA PANAMERICANA NORTE KM 148.85  SECTOR AGUA DULCE Y LOTE N° 5-B DE LA PROLONGACIÓN DE LA A","2026-08-06"
"18525","SUCESION VIGNOLO ESQUERRE ORLANDO","ESTACIÓN DE SERVICIO CON GASOCENTRO DE GLP","PIURA","PIURA","CASTILLA","PROLONGACIÓN AV. GUARDIA CIVIL 2690","2026-08-08"
"18532","MULTISERVICIOS AJK VALIENTE","ESTACIÓN DE SERVICIOS / GRIFOS","PUNO","SAN ROMAN","JULIACA","PROLONGACIÓN AV. HEROES DE LA GUERRA DEL PACIFICO KM. 7.186","2026-08-07"
"18533","YVI HERMELINDA GALVEZ TRONCOS","ESTACIÓN DE SERVICIO CON GASOCENTRO DE GLP","LIMA","LIMA","INDEPENDENCIA","AV. CHINCHAYSUYO Nº 402 - 404, URB. TAHUANTINSUYO","2026-08-08"
"185335","LLANKASUN PERU E.I.R.L","ESTACIÓN DE SERVICIO CON GASOCENTRO DE GLP","ICA","ICA","OCUCAJE","C.P. OCUCAJE MZ. ""G1"" - LT. ""14"", ""15"", ""16"", ""17"" ""18""","2026-08-07"
"18535","INVERSIONES LEO G & C SOCIEDAD ANONIMA CERRADA","ESTACIÓN DE SERVICIOS / GRIFOS","CUSCO","CUSCO","SAN JERONIMO","PROLONGACION AV. DE LA CULTURA C-11 URB. 3 DE MAYO","2026-08-08"
"18538","REPSOL COMERCIAL S.A.C.","ESTACIÓN DE SERVICIO CON GASOCENTRO DE GLP","AREQUIPA","AREQUIPA","CERRO COLORADO","AV. AVIACION N° 2004","2026-08-09"
"18539","REPSOL COMERCIAL S.A.C.","ESTACIÓN DE SERVICIOS / GRIFOS","AREQUIPA","AREQUIPA","CAYMA","AV. BOLOGNESI N° 904","2026-08-08"
"18540","REPSOL COMERCIAL S.A.C.","ESTACIÓN DE SERVICIOS / GRIFOS","AREQUIPA","AREQUIPA","AREQUIPA","ESQUINA AV. JORGE CHAVEZ N° 531 Y CALLE GARCI CARBAJAL - IV CENTENARIO","2026-08-09"
"18541","ESTACION DE SERVICIOS ALFREDO S.A.C.","ESTACIÓN DE SERVICIOS / GRIFOS","CUSCO","CALCA","CALCA","AV. VILCANOTA Nº 1059","2026-08-09"
"185412","ESTACION BIO CHANKAS S.A.C.","ESTACIÓN DE SERVICIOS / GRIFOS","APURIMAC","ANDAHUAYLAS","ANDAHUAYLAS","AV. AYACUCHO S/N UNIDAD VECINAL VILLA SALINAS","2026-08-08"
"18542","GRIFOS CECILIA SRL","GRIFOS FLOTANTES","UCAYALI","CORONEL PORTILLO","CALLERIA","MALECON PUERTO LA HOYADA - MARGEN DERECHO DEL RIO UCAYALI","2026-08-08"
"185428","SERVICENTRO J & N E.I.R.L.","ESTACIÓN DE SERVICIOS / GRIFOS","UCAYALI","CORONEL PORTILLO","YARINACOCHA","AV. VILLA SELVA ESQUINA JR. CONOCOCHA MZ. 33 LT. 8-AH. VILLA SELVA","2026-08-06"
"185445","GRIFO FLOTANTE DOMI E.I.R.L.","ESTACIÓN DE SERVICIOS / GRIFOS","UCAYALI","PADRE ABAD","BOQUERON","CARRETERA FEDERICO BASADRE- FRACCION PARCELACION HIDAYACU PARCELA 1E","2026-08-07"
"185460","TANCHIVA LOPEZ LINDER","GRIFOS RURALES CON ALMACENAMIENTO EN CILINDROS","SAN MARTIN","MARISCAL CACERES","CAMPANILLA","CASERÍO FRANCISCO BOLOGNESI FRENTE A LA CARRETERA BELAÚNDE TERRY - CAMPANILLA (SAN MARTIN)","2026-08-03"
"185486","INVERSIONES HERMANOS ESPINOZA E & E S.A.C.","ESTACIÓN DE SERVICIOS / GRIFOS","HUANUCO","HUACAYBAMBA","HUACAYBAMBA","CODIGO DE PREDIO N° 8-2809005-088358 SECTOR DE QUICHIRAGRA (CARRETERA HUACAYBAMBA - PINRA)","2026-07-21"
"18550","REPSOL COMERCIAL S.A.C.","ESTACIÓN DE SERVICIOS / GRIFOS","LIMA","LIMA","CHORRILLOS","AV. ALAMEDA SUR INTERSECCIÓN CON LA AV. SAN MARCOS TERCERA ETAPA, SECTOR 2, MZ. C3-1, LT. 1","2026-08-09"
"18553","REPSOL COMERCIAL SAC","ESTACIÓN DE SERVICIO CON GASOCENTRO DE GLP","PROV. CONST. DEL CALLAO","PROV. CONST. DEL CALLAO","CARMEN DE LA LEGUA REYNOSO","AV. ELMER FAUCETT N° 377","2026-08-09"
"18555","REPSOL COMERCIAL S.A.C.","ESTACIÓN DE SERVICIOS / GRIFOS","LIMA","LIMA","ATE","AV. SEPARADORA INDUSTRIAL N° 3085, URB. MAYORAZGO CHICO, MZ. N, LOTES 7, 8, 9, 10, 11, 12, 13, 14, 15, 16 Y 17","2026-08-09"
"18558","GRIFO SAN IGNACIO SAC","ESTACIÓN DE SERVICIO CON GASOCENTRO DE GLP","LIMA","LIMA","SAN MARTIN DE PORRES","AV. ALFREDO MENDIOLA S/N, ALTURA KM. 21.5 CARRETERA PANAMERICANA NORTE","2026-08-09"
"185593","ESTACION DE SERVICIOS PETROROBLES S.A.C.","ESTACIÓN DE SERVICIOS / GRIFOS","SAN MARTIN","TOCACHE","SANTA LUCIA","AV. SANTA LUCIA MZ.64 FRACCION DE LOTE N° 2 - SECTOR SANTA LUCIA","2026-08-05"
"18561","ESTACIÓN DE SERVICIO Y GASOCENTRO MIRAFLORES S.R.L.","ESTACIÓN DE SERVICIO CON GASOCENTRO DE GLP","PIURA","PIURA","CASTILLA","CARRETERA PANAMERICANA SUR KM. 1 - URB. MIRAFLORES","2026-08-08"
"18564","EMPRESA SANTO TORIBIO S.A.C","ESTACIÓN DE SERVICIO CON GASOCENTRO DE GLP","LA LIBERTAD","TRUJILLO","TRUJILLO","AV. AMERICA SUR N° 360 ESQUINA CON AV. VALLEJO N° 1189 URB. ARANJUEZ","2026-08-08"
"18565","SATURNINA TENORIO Y COMPANIA SRL","ESTACIÓN DE SERVICIO CON GASOCENTRO DE GLP","TACNA","TACNA","TACNA","AV. LITORAL S/N, SECTOR PARA GRANDE","2026-08-08"
"18567","ONCAP S.A.C.","ESTACIÓN DE SERVICIOS / GRIFOS","LIMA","LIMA","SAN ISIDRO","AV. JOSE GALVEZ BARRENECHEA N° 520","2026-08-08"
"185677","ESTACION DE SERVICIOS LUBERK S.A.C","ESTACIÓN DE SERVICIOS / GRIFOS","PIURA","SECHURA","BERNAL","UC N° 64835 SECTOR EL NUCHE","2026-08-07"
"185679"," GREGORIO CHIROQUE SERNAQUE","ESTACIÓN DE SERVICIOS / GRIFOS","PIURA","PIURA","TAMBO GRANDE","SECTOR CASERIO CRUCE DE VEGA, CARRETERA TAMBOGRANDE CHULUCANAS","2026-08-07"
"18569","AGUKI COMBUSTIBLES LIQUIDOS S.A.                                   ","ESTACIÓN DE SERVICIOS / GRIFOS","PROV. CONST. DEL CALLAO","PROV. CONST. DEL CALLAO","CALLAO","AV. ELMER FAUCETT Nº 5482","2026-08-08"
"185696","MULTISERVICIOS MERCHAV PETROL S.A.C.","ESTACIÓN DE SERVICIOS / GRIFOS","LA LIBERTAD","TRUJILLO","POROTO","CARRETERA TRUJILLO - SAMNE KM. 36","2026-08-07"
"18570","COESTI S.A","ESTACIÓN DE SERVICIO CON GASOCENTRO DE GLP","ICA","PISCO","PISCO","AV. FERMIN TANGUIS, MZ. C, LOTE 1, ESQ. CON CALLE 5","2026-08-08"
"18571","GAS STATION AR S.A.C.","EE.SS con GLP y GNV","LIMA","LIMA","COMAS","AV. UNIVERSITARIA N° 9957, MZ-A1, LT 4, 5, 6 Y 7 - URB. LA ALBORADA - SEGUNDA ETAPA","2026-08-09"
"18572","SERVICENTRO ESPINOZA E.I.R.L.","ESTACIÓN DE SERVICIOS / GRIFOS","UCAYALI","PADRE ABAD","ALEXANDER VON HUMBOLD","AV. FERNANDO BELAUNDE TERRY JR. ARGENTINA MZ 07 LTS. 01 Y 02 C.P. ALEXANDER VON HUMBOLD (KM. 86 CARRETERA FEDERICO BASADRE)","2026-08-08"
"18573","SERVICENTRO GRAN CHIMU S.R.L.","ESTACIÓN DE SERVICIOS / GRIFOS","LA LIBERTAD","VIRU","VIRU","CARRETERA PANAMERICANA NORTE KM 514","2026-08-07"
"18574","PETROCENTRO YULIA S.A.C.","EE.SS con GLP y GNV","LIMA","LIMA","MAGDALENA DEL MAR","AV. JAVIER PRADO OESTE Nº 900-944-950-956. ESQUINA CON AV. JUAN DE ALIAGA","2026-08-07"
"18577","SERVICENTRO MADRID E HIJOS S.R.L.","ESTACIÓN DE SERVICIOS / GRIFOS","PIURA","PAITA","PAITA","CARRETERA PAITA - PIURA KM. 02","2026-08-07"
"18581","SERVICENTRO SAN JUAN S.R.L.","ESTACIÓN DE SERVICIOS / GRIFOS","UCAYALI","CORONEL PORTILLO","YARINACOCHA","CARRETERA FEDERICO BASADRE KM. 6.500","2026-08-08"
"185836","INVERSIONES NANDO SOCIEDAD ANONIMA CERRADA","ESTACIÓN DE SERVICIO CON GASOCENTRO DE GLP","LAMBAYEQUE","CHICLAYO","PICSI","CARRETERA CHICLAYO - FERREÑAFE KM 5+460 SECTOR QUEFE","2026-08-08"
"18584","PROVEEDORA DEL SUR EIRL","ESTACIÓN DE SERVICIOS / GRIFOS","MADRE DE DIOS","TAMBOPATA","TAMBOPATA","AV. MADRE DE DIOS CUADRA 8 ESQUINA JR. JUNIN","2026-08-08"
"18586","SERVICENTRO SECHURA EIRL","ESTACIÓN DE SERVICIOS / GRIFOS","PIURA","SECHURA","SECHURA","AV. PRIMAVERA URB. LA RIVERA S/N","2026-08-03"
"185861","VALENCIA ROCCA EDWIN","GRIFOS RURALES CON ALMACENAMIENTO EN CILINDROS","CUSCO","PARURO","HUANOQUITE","SECTOR WATANAY - MEDIA LUNA COMUNIDAD MASKA","2026-08-05"
"18587","VARGAS FLORES CINDI KAREN","ESTACIÓN DE SERVICIOS / GRIFOS","LORETO","ALTO AMAZONAS","YURIMAGUAS","MARISCAL CACERES N° 217","2026-08-09"
"18590","HIDROCARBUROS PERUANOS DE CALIDAD SRL","ESTACIÓN DE SERVICIO CON GASOCENTRO DE GLP","HUANUCO","HUANUCO","HUANUCO","CARRETERA HUANUCO - LA UNION Nº 353-369-383","2026-08-07"
"18591","ESTACION DE SERVICIOS LA FONDA","ESTACIÓN DE SERVICIO CON GASOCENTRO DE GLP","AREQUIPA","AREQUIPA","CERRO COLORADO","AV. AVIACIÓN N° 600","2026-08-08"
"185918","GASOCENTRO PIZANA","ESTACIÓN DE SERVICIO CON GASOCENTRO DE GLP","SAN MARTIN","TOCACHE","POLVORA","CARRETERA FERNANDO BELAUNDE TERRY SN - PIZANA","2026-08-07"
"18592","COESTI SA","ESTACIÓN DE SERVICIO CON GASOCENTRO DE GLP","JUNIN","HUANCAYO","EL TAMBO","AV. MARISCAL CASTILLA Nº 1810 ESQUINA JR. AGUIRRE MORALES","2026-08-08"
"18598","COESTI S.A. ES SUPER SERVICENTRO","EE.SS con GNV","CUSCO","CUSCO","SAN SEBASTIAN","PROLONGACIÓN AV. DE LA CULTURA N° 1506","2026-08-08"
"18599","INVERSIONES Y SERVICIOS RAICES S.A.C.","ESTACIÓN DE SERVICIOS / GRIFOS","CUSCO","CUSCO","WANCHAQ","AV. HUAYRUROPATA Nº 1700","2026-08-07"
"18600","ESTACION DE COMBUSTIBLE SMART S.A.C. ","ESTACIÓN DE SERVICIOS / GRIFOS","AREQUIPA","AREQUIPA","MARIANO MELGAR","AV. MARISCAL CASTILLA N° 1201","2026-08-04"
"186001","GRUPO CONSTRUCTOR FAMEK S.A.C","ESTACIÓN DE SERVICIOS / GRIFOS","AREQUIPA","AREQUIPA","MIRAFLORES","AV. PRO HOGAR N° 406","2026-08-09"
"18602","URPI HUACHORUNTO FRANCISCO","ESTACIÓN DE SERVICIOS / GRIFOS","JUNIN","CONCEPCION","NUEVE DE JULIO","AV. ORIENTE Nº 1114","2026-08-07"
"186077","FLORES AJAHUANA PEDRO","ESTACIÓN DE SERVICIOS / GRIFOS","PUNO","HUANCANE","COJATA","ESQ. AV. PANAMERICANA CON JR. PUNO S/N. MZ. D4 LT.3 URB. PRO-VIVIENDA VILLA COMBUCO","2026-08-05"
"18610","COMBUSTIBLES Y SERVICIOS RAM E.I.R.L.","ESTACIÓN DE SERVICIOS / GRIFOS","PIURA","SECHURA","SECHURA","CARRETERA SECHURA - PIURA KM. 1","2026-08-08"
"18613","GRIFOS VALEX","ESTACIÓN DE SERVICIOS / GRIFOS","ANCASH","HUARAZ","HUARAZ","AV. 27 DE NOVIEMBRE N° 725, URB. HUARUPAMPA","2026-08-07"
"18614","INVERSIONES & NEGOCIOS JHMT S.A.C.","ESTACIÓN DE SERVICIOS / GRIFOS","TACNA","TACNA","POCOLLAY","ESQ. AV. CELESTINO VARGAS Y MANUEL FLORES CALVO","2026-08-07"
"18615","GRIFO REDISUR E.I.R.L.","ESTACIÓN DE SERVICIOS / GRIFOS","MOQUEGUA","GENERAL SANCHEZ CERRO","OMATE","MZ B LOTE 2, SECTOR MOLLOJO","2026-08-09"
"186172","INVERSIONES PINTO MILLAN SAC","ESTACIÓN DE SERVICIO CON GASOCENTRO DE GLP","JUNIN","JAUJA","EL MANTARO","CARRETERA CENTRAL S/N - BARRIO ACOPAMPA CARRETERA JAUJA","2026-08-08"
"18618","ESTACION DE SERVICIOS VICTORIA","ESTACIÓN DE SERVICIO CON GASOCENTRO DE GLP","JUNIN","JAUJA","HUERTAS","AV. JUAN R. CASTRO S/N","2026-08-05"
"18622","YACHT CLUB ANCÓN","ESTACIÓN DE SERVICIOS / GRIFOS","LIMA","LIMA","ANCON","MALECON SAN MARTIN N° 873","2026-07-24"
"18624","GRIFO YIREH","ESTACIÓN DE SERVICIOS / GRIFOS","PUNO","YUNGUYO","YUNGUYO","AV. EJERCITO N° 874","2026-08-07"
"186244","ESTACION DE SERVICIOS EL CASTELLANO E.I.R.L.","ESTACIÓN DE SERVICIO CON GASOCENTRO DE GLP","PIURA","PIURA","CATACAOS","VALLE BAJO PIURA SECTOR LA LEGUA PREDIO S/N CP/ PARCELA 080840","2026-08-07"
"186251","ESTACION DE SERVICIOS PUMITA SOCIEDAD ANONIMA CERRADA","ESTACIÓN DE SERVICIOS / GRIFOS","LIMA","CAÑETE","PACARAN","CARRETERA CAÑETE-YAUYOS ANEXO JACAYA LOTE QUE FORMO PARTE DEL PREDIO ""LOS ANDENES"" U.C. 10011","2026-08-09"
"186267","PETROCENTRO ESTACION 2 E.I.R.L.","ESTACIÓN DE SERVICIOS / GRIFOS","PIURA","PIURA","TAMBO GRANDE","CASERIO EL SALTO - VALLE DE LOS INCAS","2026-08-08"
"186334","MAYTA ROJAS COVELINA","ESTACIÓN DE SERVICIOS / GRIFOS","UCAYALI","CORONEL PORTILLO","CALLERIA","MANZANA 4 LOTE 01 DEL AA.HH. LA SAGRADA FAMILIA DE NUEVA PUCALLPA KM. 13.200","2026-08-07"
"18638","BECO ENERGIA Y DISTRIBUCION SOCIEDAD ANONIMA CERRADA","ESTACIÓN DE SERVICIOS / GRIFOS","JUNIN","TARMA","TARMA","CARRETERA CENTRAL TARMA - ACOBAMBA KM. 36,8, SECTOR SAN JUAN DE POMACHACA","2026-08-06"
"18639","COESTI REPUBLICA DE PANAMA","ESTACIÓN DE SERVICIOS / GRIFOS","LIMA","LIMA","SURQUILLO","AV. REPÚBLICA DE PANAMÁ N° 5160","2026-08-09"
"186433","PROPAGAS EIRL","ESTACIÓN DE SERVICIOS / GRIFOS","LIMA","LIMA","VILLA EL SALVADOR","LOTE 4, MZ. C PARCELA I, DEL PARQUE INDUSTRIAL DEL CONO SUR, FRENTE AV. PACHACUTEC","2026-08-07"
"186440","ESTACION DE SERVICIOS RML S.A.C.","ESTACIÓN DE SERVICIOS / GRIFOS","LA LIBERTAD","PATAZ","PATAZ","SECTOR CURVA FUNDO LOS SHAMBOS","2026-08-07"
"186466","ESTACION DE SERVICIOS ANGELES STEACY S.R.L.","ESTACIÓN DE SERVICIOS / GRIFOS","CAJAMARCA","CAJAMARCA","CAJAMARCA","KM. 4 SALIDA A LA COSTA-ALTURA DEL CRUCE AYLAMBO - CENTRO POBLADO EL GUITARRERO","2026-08-08"
"18649","NEGOCIACIONES JHON  CHRISTIAN S.R.L.","ESTACIÓN DE SERVICIOS / GRIFOS","UCAYALI","CORONEL PORTILLO","CALLERIA","AV. CENTENARIO N° 299","2026-08-07"
"186506","PETROSUR NAZCA S.A.C.","ESTACIÓN DE SERVICIOS / GRIFOS","ICA","NAZCA","NAZCA","CARRETERA PANAMERICANA SUR KM. 440.5 PARCELA 01 A PARTE DEL PREDIO RUSTICO CURVE CON U.C. N° 10225","2026-08-09"
"186509","PID MULTISERVIS SOCOTA E.I.R.L.","ESTACIÓN DE SERVICIOS / GRIFOS","CAJAMARCA","CUTERVO","SOCOTA","JR. CUTERVO S/N","2026-08-01"
"186512","SERVICENTRO CORDILLERA AZUL","ESTACIÓN DE SERVICIOS / GRIFOS","SAN MARTIN","TOCACHE","NUEVO PROGRESO","SECTOR LA FRONTERA AMAZONICA S/N CENTRO POBLADO RAMAL DE ASPUZANA","2026-08-07"
"18654","ESTACION DE SERVICIOS SURTIDORES ACOSTA","ESTACIÓN DE SERVICIOS / GRIFOS","UCAYALI","PADRE ABAD","PADRE ABAD","CARRETERA FEDERICO BASADRE MZ. 170, LOTE 02, LOCALIDAD PAMPA YURAC - AGUAYTIA","2026-08-08"
"186544","DIEGO JULCA EDER GOYO","ESTACIÓN DE SERVICIOS / GRIFOS","HUANUCO","HUANUCO","CHINCHAO","AV. HUALLAGA S/N (CARRETERA CENTRAL S/N HUÁNUCO - TINGO MARÍA)","2026-08-07"
"18656","COESTI S. A.","ESTACIÓN DE SERVICIOS / GRIFOS","LIMA","HUAROCHIRI","SANTA CRUZ DE COCACHACRA","AV. NICOLAS DE PIEROLA SUR Nº 3021 (ALTURA DEL KM. 47.7 DE LA CARRETERA CENTRAL - CORCONA)","2026-08-08"
"186608","PETROLERA NOR ORIENTAL EIRL","ESTACIÓN DE SERVICIO CON GASOCENTRO DE GLP","LAMBAYEQUE","CHICLAYO","JOSE LEONARDO ORTIZ","AV. AUGUSTO B. LEGUÍA NRO. 1600","2026-08-08"
"18666","PALACIOS GAMARRA PERCY JOEL","ESTACIÓN DE SERVICIOS / GRIFOS","LIMA","LIMA","SAN MARTIN DE PORRES","ESQUINA DE LA AV. CANTA CALLAO Y LOS DOMINICOS MZ. E LOTE 7, URB. LAS BRISAS DE SANTA ROSA","2026-08-04"
"186660","ESTACION LUIS HUGO S.A.C","ESTACIÓN DE SERVICIOS / GRIFOS","LIMA","LIMA","LOS OLIVOS","AV. CORDIALIDAD CON AV. PROCERES DE HUANDOY, MZ. BBB-2, LT. 25, URB. LA FLORESTA","2026-08-08"
"186705","NEGOCIOS EJLR COMBUSTIBLES E.I.R.L.","GRIFOS FLOTANTES","LORETO","MARISCAL RAMON CASTILLA","YAVARI","MARGEN IZQUIERDA DEL RIOA YAVARI","2026-08-03"
"18677","INVERSIONES CALICANTO SRL","ESTACIÓN DE SERVICIOS / GRIFOS","UCAYALI","CORONEL PORTILLO","CALLERIA","JR. INDEPENDENCIA Nº 101","2026-08-09"
"18680","INVERSIONES SALMU S.A.C.","ESTACIÓN DE SERVICIOS / GRIFOS","UCAYALI","CORONEL PORTILLO","YARINACOCHA","CARRETERA FEDERICO BASADRE KM. 10.450 (ANTES KM 10.251)","2026-08-08"
"186828","ESTACION DE SERVICIOS  GAS PETRO","ESTACIÓN DE SERVICIO CON GASOCENTRO DE GLP","PIURA","PAITA","PAITA","A.H. MIGUEL GRAU SEMINARIO MZ. B LOTE 04 Y 07","2026-08-08"
"186839","ESTACION VIRGEN DE CHAPI E.I.R.L.","ESTACIÓN DE SERVICIOS / GRIFOS","MOQUEGUA","ILO","ILO","ASOCIACION GRANJA LOS OLIVARES, PARCELA 46","2026-08-07"
"18687","COESTI S.A","ESTACIÓN DE SERVICIO CON GASOCENTRO DE GLP","LIMA","LIMA","MIRAFLORES","AV. ANDRES AVELINO CACERES N° 120 ESQ. CON AV. RICARDO PALMA","2026-08-09"
"186871","HUANCAHUARI PALOMINO ANA SOLAR","ESTACIÓN DE SERVICIOS / GRIFOS","APURIMAC","CHINCHEROS","ANCO-HUALLO","AV. LOS INCAS - SECTOR MIRAFLORES","2026-08-07"
"186874","ESTACION DE SERVICIOS REY SALOMON S.A.C.","ESTACIÓN DE SERVICIOS / GRIFOS","CAJAMARCA","HUALGAYOC","BAMBAMARCA","AV. AMAZONAS N° 628","2026-08-07"
"18688","INTERNATIONAL OIL COMPANY OF THE PERU S.A.C.","ESTACIÓN DE SERVICIOS / GRIFOS","UCAYALI","CORONEL PORTILLO","YARINACOCHA","AV. YARINACOCHA N° 2800 MZ. 145 LOTE 04","2026-08-08"
"18689","COMPANIA OPERADORA DE LA SELVA","ESTACIÓN DE SERVICIOS / GRIFOS","UCAYALI","CORONEL PORTILLO","YARINACOCHA","AV. MIRAFLORES/ARBORIZACION NRO. 1439","2026-08-09"
"18690","COMBUSTIBLES DEL ORIENTE S.A.C","ESTACIÓN DE SERVICIOS / GRIFOS","UCAYALI","CORONEL PORTILLO","YARINACOCHA","AV. YARINA / CALLAO N° 1310 MZ 41 LOTE 01","2026-08-08"
"18694","GRIFO PALCAMAYO  E.I.R.L.","ESTACIÓN DE SERVICIOS / GRIFOS","JUNIN","TARMA","PALCAMAYO","JR. LIMA S/N","2026-08-05"
"18695","GRIFO CRUZ AYABACAS E.I.R.L.","ESTACIÓN DE SERVICIOS / GRIFOS","PUNO","SAN ROMAN","JULIACA","KM. 10.4 CARRETERA JULIACA - HUANCANE, CENTRO POBLADO AYABACAS","2026-08-07"
"186950","ESTACION DE SERVICIOS SACRAMENTO S.A.C","ESTACIÓN DE SERVICIO CON GASOCENTRO DE GLP","ICA","ICA","SALAS","SECTOR MACACONA, CARRETERA PANAMERICANA SUR","2026-08-08"
"18704","CORPORACION GEAMAR SAC","ESTACIÓN DE SERVICIO CON GASOCENTRO DE GLP","LIMA","LIMA","SAN MARTIN DE PORRES","AV. CARLOS IZAGUIRRE MZ. D LTES. 4, 5 Y 6. URBANIZACION CALIFORNIA","2026-08-08"
"187073","GRIFO ROMAL E.I.R.L.","ESTACIÓN DE SERVICIOS / GRIFOS","LAMBAYEQUE","CHICLAYO","CHONGOYAPE","CARRETERA CHICLAYO CHOTA - CHOTA KM 580 - CASERIO RACARUMI","2026-07-25"
"187263","COMBUSTIBLES Y LUBRICANTES JOSE KEVIN E.I.R.L.","GRIFOS FLOTANTES","PIURA","SECHURA","SECHURA","BAHIA DE LA CALETA, PUERTO RICO-BAYOVAR","2026-08-04"
"187377","CORPORACION VILLALUKYER S.A.C.","GASOCENTROS DE GLP","LIMA","LIMA","COMAS","AV. HÉROES DEL ALTO CENEPA (ANTES AUTOPISTA CHILLON TRAPICHE) LOTE 57 EX FUNDO CHACRA CERRO","2026-08-07"
"187387","FAMHORA SERVICIOS GENERALES S.A.C.","ESTACIÓN DE SERVICIOS / GRIFOS","AMAZONAS","BAGUA","BAGUA","CARRETERA BAGUA - COPALLIN KM 1+145 M - SECTOR CURVA BRUJO PATA","2026-08-07"
"187390","JR CASCARA INVERSIONES S.A.C.","ESTACIÓN DE SERVICIOS / GRIFOS","AYACUCHO","PAUCAR DEL SARA SARA","MARCABAMBA","AV. TUPAC AMARU MZ. R, LT.32, C.P MARCABAMBA","2026-08-07"
"187452","INVERSIONES WARUC S.A.C.","GRIFOS FLOTANTES","LORETO","MAYNAS","PUNCHANA","MARGEN DERECHA DEL RIO ITAYA-REFERENCIA FRENTE AL PUERTO HENRY","2026-08-08"
"187511","GROUP MACKRE E.I.R.L.","ESTACIÓN DE SERVICIOS / GRIFOS","APURIMAC","ANDAHUAYLAS","SAN JERONIMO","AV. CCORAWIRI CENTRO POBLADO DE LLIUPAPUQUIO","2026-08-08"
"187597","SORIA GUEVARA DAVID ALFREDO","ESTACIÓN DE SERVICIOS / GRIFOS","LORETO","UCAYALI","CONTAMANA","CALLE PUCALLPA ESQUINA CON CALLE JOSE OLAYA","2026-08-05"
"187668","MULTISERVICIOS EL CHOLAZO S.A.C.","ESTACIÓN DE SERVICIO CON GASOCENTRO DE GLP","LAMBAYEQUE","CHICLAYO","JOSE LEONARDO ORTIZ","CALLE TUPAC AMARU 171 - VILLA HERMOSA","2026-08-08"
"187790","ESTACION DE SERVICIOS COSCOMBA S.A.C.","ESTACIÓN DE SERVICIO CON GASOCENTRO DE GLP","PIURA","PIURA","VEINTISEIS DE OCTUBRE","PREDIO COSCOMBA, MARGEN IZQUIERDA AVENIDA EVITAMIENTO","2026-08-07"
"18781","CORPORACION D. NICK S.A.C.","ESTACIÓN DE SERVICIOS / GRIFOS","AREQUIPA","AREQUIPA","PAUCARPATA","AV. JESÚS KM. 07","2026-08-07"
"18782","GRIFO J Y E PAMEN S.A.C.","ESTACIÓN DE SERVICIOS / GRIFOS","PIURA","PIURA","TAMBO GRANDE","MZ. A LOTE 2 AA.HH. TUPAC AMARU - CPME CRUCETA","2026-08-06"
"18783","H & J GENESIS S.R.L","ESTACIÓN DE SERVICIOS / GRIFOS","PUNO","AZANGARO","SAN ANTON","AV. TUPAC AMARU S/N.","2026-08-05"
"18784","GRIFO PETRONOR SAC","ESTACIÓN DE SERVICIOS / GRIFOS","PUNO","HUANCANE","PUSI","KM. 10.8 CARRETERA JULIACA - HUANCANE CRUCE DESVIO PUSI","2026-08-08"
"18787","GRUPO GRAN PODER S.A.C. PRIMAX DOLORES","ESTACIÓN DE SERVICIO CON GASOCENTRO DE GLP","AREQUIPA","AREQUIPA","JOSE LUIS BUSTAMANTE Y RIVERO","AV. DOLORES S/N, MZ. LL, LOTES 02 Y 15, URB. LOS NARANJOS","2026-08-08"
"187881","ESTACION DE SERVICIO BELNORTE S.A.C.","ESTACIÓN DE SERVICIO CON GASOCENTRO DE GLP","ANCASH","SANTA","CHIMBOTE","MZ. C LOTES 11 Y 12, ZONA INDUSTRIAL LOS PINOS","2026-08-07"
"18789","ESTACION DE SERVICIOS S.A.C","ESTACIÓN DE SERVICIOS / GRIFOS","AREQUIPA","ISLAY","DEAN VALDIVIA","CALLE AREQUIPA S/N, LA CURVA","2026-08-07"
"18790","MARLY JESSICA VIZA ALVARO","ESTACIÓN DE SERVICIOS / GRIFOS","AREQUIPA","AREQUIPA","SANTA RITA DE SIGUAS","PANAMERICANA SUR KM. 931.5","2026-08-03"
"187935","GRIFO RURAL PUENTE BELLO E.I.R.L.","GRIFOS RURALES CON ALMACENAMIENTO EN CILINDROS","MOQUEGUA","MARISCAL NIETO","CARUMAS","AV. PERU - BRASIL,S/N, CENTRO POBLADO DE TITIRE","2026-08-07"
"18813","GRIFO LATINO S.A.C.","ESTACIÓN DE SERVICIOS / GRIFOS","CUSCO","ANTA","LIMATAMBO","KM. 73 CARRETERA CUSCO - ABANCAY","2026-08-07"
"18818","JLF ASOCIADOS S.A.C","ESTACIÓN DE SERVICIOS / GRIFOS","LIMA","LIMA","SAN BORJA","ESQ. AV. SAN BORJA NORTE N° 1415 Y AV. PASEO DEL BOSQUE N° 806","2026-08-08"
"18819","REPSOL COMERCIAL S.A.C.","ESTACIÓN DE SERVICIOS / GRIFOS","LIMA","LIMA","LA VICTORIA","AV. PASEO DE LA REPUBLICA N° 301","2026-08-09"
"18820","GLOBAL FUEL S.A. ","ESTACIÓN DE SERVICIOS / GRIFOS","LIMA","LIMA","MIRAFLORES","AV. COMANDANTE ESPINAR Nº 585 ESQUINA CON LA AV. ANGAMOS","2026-08-08"
"18821","GLOBAL FUEL S.A.","ESTACIÓN DE SERVICIOS / GRIFOS","LIMA","LIMA","MIRAFLORES","AV. BENAVIDES N° 2849","2026-08-05"
"18822","REPSOL COMERCIAL S.A.C. ","ESTACIÓN DE SERVICIO CON GASOCENTRO DE GLP","LIMA","LIMA","LIMA","AV. REPUBLICA DE ARGENTINA N° 2501  2505 CON JR. LEONARDO ARRIETA N° 760 - 786","2026-08-09"
"18824","REPSOL COMERCIAL SAC","ESTACIÓN DE SERVICIO CON GASOCENTRO DE GLP","LIMA","LIMA","LIMA","AV. TINGO MARIA N° 994, ESQUINA CON AV. REPUBLICA DE VENEZUELA N° 1820","2026-08-09"
"18825","GRIFO VICTORIA E.I.R.L.                                                  ","ESTACIÓN DE SERVICIOS / GRIFOS","LIMA","LIMA","BREÑA","JR. JORGE CHAVEZ 1087 ESQ. JR. OLMEDO N° 498","2026-08-08"
"18826","PETRO SAN MARTIN S.A.C.","ESTACIÓN DE SERVICIOS / GRIFOS","LIMA","LIMA","SAN MARTIN DE PORRES","LOTE 2-3 DE LA MANZANA V, URBANIZACIÓN PRO-SÉTIMO SECTOR - PARCELA A","2026-08-08"
"18827","GRIFO SR DE HUAMANTANGA EIRL","ESTACIÓN DE SERVICIO CON GASOCENTRO DE GLP","LIMA","LIMA","PUENTE PIEDRA","AV. SAN JUAN, MZ A, LOTE 3A, PAMPA LIBRE, KM. 1.5, CARRETERA AL CENTRO NUCLEAR DE HUARANGAL","2026-08-08"
"18828","ESTACION DE SERVICIOS EL SOL SAC","ESTACIÓN DE SERVICIOS / GRIFOS","LIMA","LIMA","CHORRILLOS","AV. SAN JUAN MZ. B-1 LT. 01- TUPAC AMARU DE VILLA","2026-08-06"
"18836","PETROCENTRO URUBAMBA S.A.C","ESTACIÓN DE SERVICIOS / GRIFOS","CUSCO","CUSCO","POROY","VIA ASFALTADA CUSCO ABANCAY KM 14","2026-08-08"
"18838","PETROCENTRO URUBAMBA S.A.C.","ESTACIÓN DE SERVICIOS / GRIFOS","CUSCO","CUSCO","CUSCO","AVENIDA APURIMAC Nº 417","2026-08-08"
"18839","ESTACION GAS EL OLAM E.I.R.L","ESTACIÓN DE SERVICIO CON GASOCENTRO DE GLP","HUANUCO","HUANUCO","AMARILIS","CARRETERA HUANUCO - TINGO MARIA KM. 1 (ANTES KM 0.5)","2026-08-09"
"18840","GRIFO SAN RAMON S.R.LTDA.","ESTACIÓN DE SERVICIOS / GRIFOS","PIURA","PIURA","PIURA","URB. SAN RAMON MZ. B1 LOTES 01 Y 22","2026-08-07"
"18842","GRIFO VIRGEN DE COCHARCAS E.I.R.L.","ESTACIÓN DE SERVICIOS / GRIFOS","JUNIN","HUANCAYO","SAPALLANGA","AV. FIDEL MIRANDA S/N. BARRIO SAN PEDRO","2026-08-05"
"18846","POMA QUISPE NICANOR SAMUEL","ESTACIÓN DE SERVICIOS / GRIFOS","JUNIN","CHANCHAMAYO","PERENE","AV. MARGINAL KM. 10 - SECTOR SAN JACINTO","2026-08-08"
"18848","COMERCIOS FLORENCIA DEL UCAYALI E.I.R.L","GRIFOS FLOTANTES","LORETO","MAYNAS","PUNCHANA","MARGEN IZQUIERDA DEL RIO AMAZONAS","2026-08-08"
"18850","PETRONEX PERU S.A.C.","ESTACIÓN DE SERVICIO CON GASOCENTRO DE GLP","LA LIBERTAD","TRUJILLO","TRUJILLO","ESQUINA AV. CESAR VALLEJO CON JR. LOS DIAMANTES, URB. LA RINCONADA","2026-08-05"
"18851","ESTACION DE SERVICIOS EL TRANSPORTISTA E.I.R.L.","ESTACIÓN DE SERVICIO CON GASOCENTRO DE GLP","LA LIBERTAD","ASCOPE","PAIJAN","PANAMERICANA NORTE KM 615","2026-08-08"
"18861","OPERADOR DE SERVICIOS VJ SAC","ESTACIÓN DE SERVICIOS / GRIFOS","LIMA","LIMA","CARABAYLLO","SUB. LOTE N° 1, DE LA PARCELA 60, COOPERATIVA AGRARIA DE USUARIOS MARIA PARADO DE BELLIDO - KM. 28 CARRETERA LIMA- CANTA","2026-08-05"
"18862","FFIJ LOGISTIC SAC      ESTACION AVA","ESTACIÓN DE SERVICIO CON GASOCENTRO DE GLP","LIMA","CAÑETE","SAN VICENTE DE CAÑETE","CARRETERA PANAMERICANA SUR KM. 145.25","2026-08-08"
"18863","ESTACION ATOCONGO SAC","ESTACIÓN DE SERVICIOS / GRIFOS","LIMA","LIMA","VILLA MARIA DEL TRIUNFO","CRUCE DE LA AV. 26 DE NOVIEMBRE Nº 2683 Y JR. MOCHE - AA. HH. VIRGEN DE LOURDES","2026-08-08"
"18864","ESTACION DE SERVICIOS LUCOCIZA S.A.C.","ESTACIÓN DE SERVICIOS / GRIFOS","LIMA","LIMA","VILLA MARIA DEL TRIUNFO","AV. PACHACUTEC N° 3601","2026-08-08"
"18865","OPERADORA LOGISTICA DE HIDROCARBUROS J&E S.A.C.","ESTACIÓN DE SERVICIOS / GRIFOS","LIMA","LIMA","COMAS","ESQUINA AV. TUPAC AMARU N° 4902 CON AV. FRANCISCO BOLOGNESI","2026-08-08"
"18866","COMERCIALIZADORA INDUSTRIAL LA MOLINA SAC","ESTACIÓN DE SERVICIO CON GASOCENTRO DE GLP","LIMA","LIMA","SAN JUAN DE MIRAFLORES","CARRETERA PANAMERICANA SUR KM. 17 AA.HH. LAS BRISAS","2026-08-08"
"18867","REPSOL COMERCIAL S.A.C.","ESTACIÓN DE SERVICIO CON GASOCENTRO DE GLP","LIMA","HUARAL","CHANCAY","CARRETERA PANAMERICANA NORTE KM. 77.5, FUNDO LAS SALINAS","2026-08-09"
"18868","CORPORACION DE PETROLEOS AM S.A.C.","ESTACIÓN DE SERVICIOS / GRIFOS","LIMA","LIMA","SAN JUAN DE LURIGANCHO","CALLE PURUCHUCO ESQ. CON HATUN COLLA MZ. M LT. 2 URB. MANGOMARCA BAJA","2026-08-08"
"18869","SERVICENTRO Y AFINES LAS AMERICAS E.I.R.L.","EE.SS con GLP y GNV","LIMA","LIMA","LA VICTORIA","AV. DE LAS AMERICAS ESQUINA CON AV. PARINACOCHAS N° 1683","2026-08-09"
"18870","INVERSIONES JULIO III SAC","ESTACIÓN DE SERVICIO CON GASOCENTRO DE GLP","LIMA","HUARAL","HUARAL","PARTE DE LA PARCELA U.C. 12131 MILAGROS BAJO - HUANDO","2026-08-08"
"18871","REPSOL COMERCIAL S.A.C. ","ESTACIÓN DE SERVICIOS / GRIFOS","LIMA","LIMA","SAN BORJA","AV. PRIMAVERA N° 1095, ESQUINA CON CALLE CANARIAS N° 101","2026-08-09"
"18872","REPSOL COMERCIAL S.A.C.","ESTACIÓN DE SERVICIO CON GASOCENTRO DE GLP","LIMA","LIMA","LIMA","AV. COLONIAL N° 140, 160, 164, 178, ESQUINA CON JR. HUAROCHIRI N° 591","2026-08-09"
"18873","REPSOL COMERCIAL SAC","ESTACIÓN DE SERVICIOS / GRIFOS","LIMA","LIMA","PACHACAMAC","AV. LIMA ESQ. CALLE LA PAZ, URB. LOS PORTALES DE PACHACAMAC","2026-08-09"
"18875","POWER PETROLEUM COMPANY SAC","ESTACIÓN DE SERVICIOS / GRIFOS","LIMA","LIMA","PUENTE PIEDRA","AV. NESTOR GAMBETTA S/N LOTIZACION LEONCIO PRADO, MZ. F, LOTE 83","2026-08-08"
"18876","WARI SERVICE SAC","ESTACIÓN DE SERVICIOS / GRIFOS","APURIMAC","ABANCAY","ABANCAY","CARRETERA PANAMERICANA ABANCAY- LIMA KM. 3","2026-08-06"
"18877","INVERSIONES Y NEGOCIOS YOLANDA E.I.R.L.","ESTACIÓN DE SERVICIOS / GRIFOS","LIMA","LIMA","SAN MARTIN DE PORRES","AV. ANGELICA GAMARRA MZ. I LT. 11-C SAN MARTIN DE PORRES","2026-08-06"
"18878","SERVICIO AUTOMOTRIZ SAN LUIS S.A.","ESTACIÓN DE SERVICIO CON GASOCENTRO DE GLP","LIMA","LIMA","CHORRILLOS","AV. ALAMEDA LOS HORIZONTES N° 1070, URB. LOS CEDROS","2026-08-09"
"18879","GLOBAL FUEL S.A.","ESTACIÓN DE SERVICIOS / GRIFOS","LIMA","LIMA","SAN ISIDRO","AV. CAMINO REAL N° 1298","2026-08-05"
"18881","ENERGIGAS SAC","EE.SS con GLP y GNV","LIMA","LIMA","LIMA","AV. VENEZUELA N° 2180 ESQ. CON EL JR. YUNGAY","2026-08-08"
"18882","REPSOL COMERCIAL S.A.C.","ESTACIÓN DE SERVICIOS / GRIFOS","LIMA","LIMA","INDEPENDENCIA","AV. TUPAC AMARU, ESQ. AV. TOMAS VALLE","2026-08-09"
"18883","REPSOL COMERCIAL S.A.C","ESTACIÓN DE SERVICIOS / GRIFOS","LIMA","LIMA","PUEBLO LIBRE","AV. BOLIVAR N° 330, ESQ. AV. DEL RIO","2026-08-09"
"19573","COSTA GAS TRUJILLO SAC","GASOCENTROS DE GLP","LA LIBERTAD","TRUJILLO","MOCHE","PASAJE LARREA UBICACION RURAL PREDIO FUNDO LARREA PARCELA SUB LOTE 02 U.C. SUB LOTE 2","2026-08-07"
"19836","SERVICENTRO LUCIANO SAC","ESTACIÓN DE SERVICIO CON GASOCENTRO DE GLP","AMAZONAS","UTCUBAMBA","BAGUA GRANDE","CARRETERA MARGINAL DE LA SELVA KM. 226","2026-08-09"
"19838","RENTA & VENTA FACIL E.I.R.L.","ESTACIÓN DE SERVICIOS / GRIFOS","ANCASH","HUARAZ","HUARAZ","CARRETERA HUARAZ - PATIVILCA N° 2541 (HUARAZ- TACLLAN)","2026-08-08"
"19839","GRIFOS VALEX","ESTACIÓN DE SERVICIOS / GRIFOS","ANCASH","HUARAZ","INDEPENDENCIA","CARRETERA A MONTERREY KM. 3.4  BARRIO VICHAY","2026-07-31"
"19840","DIMEXSA S.A.C","ESTACIÓN DE SERVICIO CON GASOCENTRO DE GLP","ANCASH","SANTA","CHIMBOTE","MZ. B, LOTES 1, 10, 11 Y 12 ZONA INDUSTRIAL LOS PINOS","2026-08-09"
"19842","FASTROL S.A.C.","ESTACIÓN DE SERVICIOS / GRIFOS","ANCASH","SANTA","CHIMBOTE","PANAMERICANA NORTE KM. 421 LOS PINOS","2026-08-05"
"19843","GRIFO MORO","ESTACIÓN DE SERVICIOS / GRIFOS","ANCASH","SANTA","MORO","JR. ALFONSO UGARTE S/N","2026-08-08"
"19844","PETROCENTRO LUAND PEC E.I.R.L.","ESTACIÓN DE SERVICIOS / GRIFOS","APURIMAC","ANDAHUAYLAS","ANDAHUAYLAS","AV. EL EJERCITO Nº 663","2026-08-08"
"19846","SAMUEL JAHER ARCE GUTIERREZ","ESTACIÓN DE SERVICIOS / GRIFOS","APURIMAC","ANDAHUAYLAS","TALAVERA","AV. SESQUICENTENARIO S/N SECTOR ARANJUEZ","2026-08-03"
"19848","ADMINISTRADOR DE ESTACIONES DE SERVICIOS DEL PERU","ESTACIÓN DE SERVICIO CON GASOCENTRO DE GLP","AREQUIPA","AREQUIPA","AREQUIPA","AV. LAMBRAMANI N° 201","2026-08-08"
"19849","ESCEN S.A.C.","ESTACIÓN DE SERVICIO CON GASOCENTRO DE GLP","AREQUIPA","AREQUIPA","ALTO SELVA ALEGRE","AV. AREQUIPA CUADRA Nº 1, S/N","2026-08-08"
"19850","ESTACION DE SERVICIOS SAN JOSE ESPINAR CUSCO ESPINAR SRL","ESTACIÓN DE SERVICIO CON GASOCENTRO DE GLP","AREQUIPA","AREQUIPA","CERRO COLORADO","VIA DE EVITAMIENTO KM. 6.5 SECTOR PAGO DE ZAMACOLA","2026-08-08"
"19851","ESTACION DE SERVICIOS CERRENO S.R.L","ESTACIÓN DE SERVICIOS / GRIFOS","AREQUIPA","AREQUIPA","CERRO COLORADO","AV. AVIACION KM 2.5","2026-08-08"
"19855","ESTACION DE SERVICIOS SAN JOSE ESPINAR CUSCO SRL","ESTACIÓN DE SERVICIO CON GASOCENTRO DE GLP","AREQUIPA","AREQUIPA","PAUCARPATA","CALLE PIZARRO LOTE N° 11, MZ. C, ESQ. CALLE 04 COOP. DE VIVIENDA PORONGOCHE N° 19","2026-08-08"
"19856","ESTACION DE SERVICIOS SANTO TOMAS DE LIMA S.A.C.","ESTACIÓN DE SERVICIOS / GRIFOS","AREQUIPA","AREQUIPA","PAUCARPATA","LOTE 6, MZ. 50, ZONA 'A', AV. PROLONGACION MARISCAL CASTILLA","2026-08-08"
"19857","INVERSIONES MEYCA E.I.R.L.","ESTACIÓN DE SERVICIOS / GRIFOS","AREQUIPA","AREQUIPA","PAUCARPATA","AV. AREQUIPA N° 1324 MZ. 10 LT. 14 - PUEBLO JOVEN MIGUEL GRAU","2026-08-09"
"19859","GRIFO SALAVERRY E.I.R.L.","ESTACIÓN DE SERVICIOS / GRIFOS","AREQUIPA","AREQUIPA","SOCABAYA","AV. SALAVERRY N° 100","2026-08-07"
"19860","GRIFO ARANCOTA S.A.C.","ESTACIÓN DE SERVICIOS / GRIFOS","AREQUIPA","AREQUIPA","TIABAYA","AV. PANAMERICANA S/N. KM. 8.5 VIA TIABAYA","2026-08-08"
"19861","SAN ISIDRO BELLAVISTA EIRL","ESTACIÓN DE SERVICIOS / GRIFOS","AREQUIPA","CASTILLA","URACA","SECTOR BELLAVISTA S/N CARRETERA A CORIRE","2026-08-07"
"19863","GLOBAL FUEL SOCIEDAD ANONIMA","ESTACIÓN DE SERVICIO CON GASOCENTRO DE GLP","CAJAMARCA","CAJAMARCA","CAJAMARCA","AV. INDEPENDENCIA N° 369","2026-08-08"
"19864","GRIFO GARRINCHA S.A.C.","ESTACIÓN DE SERVICIOS / GRIFOS","CAJAMARCA","CAJABAMBA","CAJABAMBA","AV. VICTOR RAUL HAYA DE LA TORRE N° 469","2026-08-03"
"19865","ESTACION DE SERVICIOS SANTA MARGARITA S.R.L.","ESTACIÓN DE SERVICIOS / GRIFOS","CAJAMARCA","CAJAMARCA","ENCAÑADA","JR. JORGE VILLANUEVA S/N","2026-08-09"
"19866","GRIFOS BURGA EIRL","ESTACIÓN DE SERVICIO CON GASOCENTRO DE GLP","CAJAMARCA","CHOTA","CHOTA","AV. INCA GARCILAZO DE LA VEGA Nº 918","2026-08-06"
"19867","GRIFO EL ARABE S.R.L.","ESTACIÓN DE SERVICIOS / GRIFOS","CAJAMARCA","CONTUMAZA","YONAN","CARRETERA TEMBLADERA - CAJAMARCA KM 56.5","2026-08-07"
"19868","EMPRESA DE LUBRICANTES Y SERVICIOS MARGINAL E.I.R.L.","ESTACIÓN DE SERVICIO CON GASOCENTRO DE GLP","CAJAMARCA","CUTERVO","CHOROS","CARRETERA MARGINAL KM. 150.100 CASERIO CUYCA","2026-08-07"
"19870","ESTACION DE SERVICIOS SUD AMERICA SRLTDA","ESTACIÓN DE SERVICIOS / GRIFOS","CAJAMARCA","JAEN","JAEN","CARRETERA OLMOS CORRAL QUEMADO KM 179 C.P. CHAMAYA - CASERIO PALO BLANCO","2026-08-07"
"19872","SERVICENTRO SICUANI SOCIEDAD COMERCIAL DE RESPONSABILIDAD LIMITADA","ESTACIÓN DE SERVICIOS / GRIFOS","CUSCO","CANCHIS","SICUANI","PROLONGACION AV. AREQUIPA S/N SECTOR SAN ANDRES CHECA","2026-08-06"
"19873","ESTACION DE SERV. SAN JOSEESPINAR CUSCO SRL","ESTACIÓN DE SERVICIOS / GRIFOS","CUSCO","CUSCO","POROY","CARRETERA CUSCO ABANCAY KM. 10  SECTOR HUAMPAR","2026-08-08"
"19874","JC COMBUSTIBLES DEL SUR S.A.C.S.","ESTACIÓN DE SERVICIOS / GRIFOS","CUSCO","CUSCO","SAN JERONIMO","PROLONGACIÓN AV. LA CULTURA S/N KM. 6","2026-08-08"
"19875","INVERSIONES GRAN PERU E.I.RL.","ESTACIÓN DE SERVICIOS / GRIFOS","CUSCO","CUSCO","SAN SEBASTIAN","AV. TUYRO TUPAC N° 2020 SECTOR AYMAMARCA","2026-08-07"
"19876","SERVICENTRO VIAL SOCIEDAD ANONIMA CERRADA - SERVICENTRO VIAL S.A.C.","ESTACIÓN DE SERVICIOS / GRIFOS","CUSCO","CUSCO","SAN SEBASTIAN","PROLONGACION AV. DE LA CULTURA N° 1431","2026-08-08"
"19877","GRIFO PETROLEOS DEL CUSCO EIRL","ESTACIÓN DE SERVICIOS / GRIFOS","CUSCO","CUSCO","SAYLLA","AV. CUSCO S/N","2026-08-07"
"19879","SERVICENTRO AMERICANO S.R.L.","ESTACIÓN DE SERVICIOS / GRIFOS","CUSCO","CUSCO","WANCHAQ","AV. DE LA CULTURA Nº 210","2026-08-08"
"19880","INVERSIONES CECO. S.A.C","ESTACIÓN DE SERVICIOS / GRIFOS","CUSCO","CUSCO","WANCHAQ","AV. DE LA CULTURA N° 722 Y AV. MICAELA BASTIDAS N° 139","2026-08-08"
"19883","ESTACION DE SERVICIO ROMAKATH","ESTACIÓN DE SERVICIOS / GRIFOS","CUSCO","URUBAMBA","CHINCHERO","VIA CUSCO - CHINCHEROS, SECTOR TAMBOCANCHA KM. 27.250","2026-08-07"
"19887","INVERSIONES ARIAS S.A.C.","ESTACIÓN DE SERVICIOS / GRIFOS","HUANUCO","LEONCIO PRADO","LUYANDO","CARRETERA FERNANDO BELAUNDE TERRY KM. 4.5 NARANJILLO","2026-08-03"
"19888","INVERSIONES CP SERVICIOS GENERALES S.A.C.","ESTACIÓN DE SERVICIO CON GASOCENTRO DE GLP","ICA","CHINCHA","CHINCHA ALTA","ESQUINA CALLE BOM BOM CORONADO Y CALLE LUIS MASSARO","2026-08-09"
"19889","ESTACION DE SERVICIO LOS ANDES E.I.R.L.","ESTACIÓN DE SERVICIOS / GRIFOS","ICA","ICA","SALAS","CARRETERA PANAMERICANA SUR KM. 295.4","2026-08-08"
"19890","ESTACION DE SERVICIOS LUPE S.A.C.","ESTACIÓN DE SERVICIO CON GASOCENTRO DE GLP","ICA","ICA","SANTIAGO","CARRETERA PANAMERICANA SUR KM. 329 + 720","2026-08-08"
"19893","GAS BLAYJOS S.A.C","ESTACIÓN DE SERVICIO CON GASOCENTRO DE GLP","ICA","PISCO","INDEPENDENCIA","CARRETERA LOS LIBERTADORES KM. 20","2026-08-09"
"19896","ESTACION DE SERVICIOS SEÑOR DE MURUHUAY E.I.R.L.","ESTACIÓN DE SERVICIO CON GASOCENTRO DE GLP","JUNIN","CHANCHAMAYO","CHANCHAMAYO","AV. FRAY JERONIMO JIMENEZ Nº 1561","2026-08-07"
"19897","INVERSIONES SAMARITANO E.I.R.L","ESTACIÓN DE SERVICIO CON GASOCENTRO DE GLP","JUNIN","CHANCHAMAYO","PERENE","CARRETERA CENTRAL MARGINAL S/N. CON CALLES B URB. SHANGANI","2026-08-05"
"19898","MAXIMILIANO JOAQUIN ATAO CAJA","ESTACIÓN DE SERVICIOS / GRIFOS","JUNIN","CHANCHAMAYO","SAN RAMON","AV. JUAN SANTOS ATAHUALPA S/N KM. 93, SECTOR HUACARA","2026-08-07"
"19899","COESTI S.A.","ESTACIÓN DE SERVICIO CON GASOCENTRO DE GLP","JUNIN","CONCEPCION","CONCEPCION","ESQUINA CARRETERA CENTRAL MARGEN IZQUIERDA KM. 21 CON AV. 8 DE DICIEMBRE","2026-08-08"
"19900","PALOMINO MARTINEZ PEDRO","ESTACIÓN DE SERVICIOS / GRIFOS","JUNIN","HUANCAYO","EL TAMBO","AV. FERROCARRIL Y JR. TRUJILLO Nº 105","2026-08-07"
"19902","EMPRESA DE TRANSPORTES GALMU S.A.C.","ESTACIÓN DE SERVICIOS / GRIFOS","JUNIN","HUANCAYO","EL TAMBO","AV. HUANCAVELICA 1485","2026-07-28"
"19903","NEGOCIACIONES M. PEREZ R. SOCIEDAD COMERCIAL DE RESPONSABILIDAD LIMITADA","ESTACIÓN DE SERVICIO CON GASOCENTRO DE GLP","JUNIN","HUANCAYO","HUANCAN","AV. PANAMERICANA SUR N° 2054","2026-08-07"
"19904","ESTACION DE SERVICIOS PETROX SAN SEBASTIAN","ESTACIÓN DE SERVICIO CON GASOCENTRO DE GLP","JUNIN","HUANCAYO","HUANCAYO","AV. PALIAN N° 1165 - SECTOR PALIAN","2026-08-08"
"19905","VICTOR RAUL LOPEZ CIFUENTES","ESTACIÓN DE SERVICIOS / GRIFOS","JUNIN","HUANCAYO","HUANCAYO","AV. DANIEL ALCIDES CARRION 1896. ESQ. CON AV. CATALINA HUANCA","2026-08-07"
"19906","FLORES ENERGY S.A.C.","ESTACIÓN DE SERVICIO CON GASOCENTRO DE GLP","JUNIN","HUANCAYO","HUAYUCACHI","AV. HEROES DE LA BREÑA N°460 C.P. HUAMANMARCA","2026-08-08"
"19909","PALOMINO MARTINEZ PEDRO","ESTACIÓN DE SERVICIOS / GRIFOS","JUNIN","HUANCAYO","SAPALLANGA","CALLE REAL S/N CARRETERA HUANCAYO - SAPALLANGA K.M. 6","2026-08-07"
"19910","GRIFO VELAZCO SAC","ESTACIÓN DE SERVICIO CON GASOCENTRO DE GLP","JUNIN","JAUJA","ACOLLA","AV. HUASCAR Nº 2309","2026-08-07"
"19911","NEGOCIACIONES SAN JUANITO S.A.C","ESTACIÓN DE SERVICIOS / GRIFOS","JUNIN","JAUJA","ATAURA","CARRETRA CENTRAL KM. 81 - SECTOR MAQUINHUAYO","2026-08-08"
"19912","ESTACION DE SERVICIOS SANTA ROSITA","ESTACIÓN DE SERVICIO CON GASOCENTRO DE GLP","JUNIN","JAUJA","JAUJA","AV. TARMA Nº 762 INTERSECCION CON JR. SALAVERRY","2026-08-08"
"19913","SAN VICENTE","ESTACIÓN DE SERVICIOS / GRIFOS","JUNIN","HUANCAYO","EL TAMBO","JR. AREQUIPA ESQ. CON MANUEL ALONSO N° 192","2026-08-08"
"19916","COESTI S.A","ESTACIÓN DE SERVICIO CON GASOCENTRO DE GLP","JUNIN","YAULI","SANTA ROSA DE SACCO","AV. MIGUEL GRAU CDRA. 1","2026-08-09"
"19918","GRIFO DELFIN S.A.C.","ESTACIÓN DE SERVICIOS / GRIFOS","LA LIBERTAD","TRUJILLO","MOCHE","CARRETERA PANAMERICANA NORTE - CURVA DE SUN MOCHE","2026-08-08"
"19920","GRUPO S & A S.A.C.","ESTACIÓN DE SERVICIO CON GASOCENTRO DE GLP","LA LIBERTAD","TRUJILLO","TRUJILLO","ESQUINA AV. RICARDO PALMA Y AV. AMERICA SUR, MZ. F-3, LOTE 08, URB. PALERMO","2026-08-07"
"19921","REPSOL COMERCIAL S.A.C.","ESTACIÓN DE SERVICIOS / GRIFOS","LA LIBERTAD","TRUJILLO","TRUJILLO","AV. LA MARINA N° 1100 - 1170 (CARRETERA PANAMERICANA SUR KM. 557), SECTOR LARREA U.C. 10627","2026-08-08"
"19922","GLOBAL FUEL SOCIEDAD ANONIMA","ESTACIÓN DE SERVICIOS / GRIFOS","LA LIBERTAD","TRUJILLO","TRUJILLO","AV. PERU N° 1550 URB. DANIEL HOYLE","2026-08-07"
"19923","COESTI SA EESS SANTA AMALIA","ESTACIÓN DE SERVICIO CON GASOCENTRO DE GLP","LA LIBERTAD","TRUJILLO","MOCHE","AV. LA MARINA KM 559 CARRETERA PANAMERICANA NORTE","2026-08-08"
"19924","ESTACION DE SERVICIOS TORRESTRELLA S.R.L.","ESTACIÓN DE SERVICIO CON GASOCENTRO DE GLP","LA LIBERTAD","TRUJILLO","TRUJILLO","AV. FEDERICO VILLARREAL N° 663 ESQUINA CON CALLE PUERTO ARGENTINO, EL PALOMAR","2026-08-08"
"19925","GRIFO DELFIN S.A.C.","ESTACIÓN DE SERVICIO CON GASOCENTRO DE GLP","LA LIBERTAD","TRUJILLO","TRUJILLO","AV. LA MARINA N° 1160 URB. LA PERLA","2026-08-09"
"19926","PETROCENTRO ESTACION N° 1 S.A.C.","ESTACIÓN DE SERVICIO CON GASOCENTRO DE GLP","LA LIBERTAD","VIRU","VIRU","CARRETERA PANAMERICANA NORTE KM. 517, SECTOR SAN IDELFONSO","2026-08-09"
"19928","INVERSIONES JEM  S.A.C","ESTACIÓN DE SERVICIO CON GASOCENTRO DE GLP","LAMBAYEQUE","CHICLAYO","CHICLAYO","AV. SALAVERRY NRO. 930 - URB. PATAZCA","2026-08-07"
"19929","ESTACION DE SERVICIOS RENACER E.I.R.L.","ESTACIÓN DE SERVICIOS / GRIFOS","LAMBAYEQUE","CHICLAYO","CAYALTI","CALLE SANTA ISABEL NRO. 1","2026-07-14"
"19930","COMBUSTIBLES ICA S.A.","ESTACIÓN DE SERVICIO CON GASOCENTRO DE GLP","LIMA","CAÑETE","SAN VICENTE DE CAÑETE","CARRETERA PANAMERICANA SUR KM. 143","2026-08-08"
"19933","MULTISERVICIOS ECOGAS S.A.C.","ESTACIÓN DE SERVICIO CON GASOCENTRO DE GLP","PROV. CONST. DEL CALLAO","PROV. CONST. DEL CALLAO","CALLAO","ESQ. AV. ARGENTINA CON JR. VENEZUELA","2026-08-09"
"19936","INVERSIONES Y NEGOCIOS HS S.A.C.","ESTACIÓN DE SERVICIO CON GASOCENTRO DE GLP","LIMA","HUARAL","AUCALLAMA","PARCELA N° 71B SECTOR CARLINI, EX HACIENDA BOZA LTDA. N° 15","2026-08-07"
"19937","SERVICIOS JAYLU PERU E.I.R.L.","ESTACIÓN DE SERVICIOS / GRIFOS","LIMA","HUARAL","AUCALLAMA","PARCELA 113-B BARRIO SAN JOSE S/N PALPA","2026-08-07"
"19938","GLOBAL FUEL S.A.","ESTACIÓN DE SERVICIO CON GASOCENTRO DE GLP","LIMA","HUARAL","CHANCAY","CARRETERA PANAMERICANA NORTE KM 85.5","2026-08-08"
"19942","ESTACION DE SERVICIOS HORNA SRL","ESTACIÓN DE SERVICIOS / GRIFOS","LIMA","LIMA","ATE","ESQ. AV. SEPARADORA INDUSTRIAL N° 809","2026-08-08"
"19943","L. DACRUZ SERVIS A & D  S.R.L.","ESTACIÓN DE SERVICIOS / GRIFOS","LIMA","LIMA","ATE","AV. METROPOLITANA MZ. J LOTE 42 B URB. TILDA","2026-08-07"
"19944","REPSOL COMERCIAL SAC","ESTACIÓN DE SERVICIOS / GRIFOS","LIMA","LIMA","BREÑA","AV. REPUBLICA DE VENEZUELA N° 1315","2026-08-08"
"19945","COESTI S.A.","ESTACIÓN DE SERVICIO CON GASOCENTRO DE GLP","LIMA","LIMA","LIMA","AV. OSCAR R. BENAVIDES N° 1380","2026-08-08"
"19946","ESTACION DE SERVICIOS CHACLACAYO SAC","ESTACIÓN DE SERVICIO CON GASOCENTRO DE GLP","LIMA","LIMA","CHACLACAYO","CARRETERA CENTRAL N° 1670 KM. 21.75, SECTOR PAMPA DE MORON","2026-08-04"
"19947","ESTAGAS ANCO S.A.C.","ESTACIÓN DE SERVICIOS / GRIFOS","LIMA","LIMA","COMAS","AV. PUNO N° 2383, ESQ. CALLE DIAMANTE","2026-08-07"
"19948","REPSOL COMERCIAL S.A.C.","ESTACIÓN DE SERVICIO CON GASOCENTRO DE GLP","LIMA","LIMA","EL AGUSTINO","AV. PRIMERO DE MAYO N° 3090","2026-08-09"
"19949","GASOCENTRO NORTE S.A.C.","ESTACIÓN DE SERVICIO CON GASOCENTRO DE GLP","LIMA","LIMA","INDEPENDENCIA","AV. GERARDO UNGER N° 3301 ESQ. CON JR. RUFINO MACEDO","2026-08-09"
"19952","SERVICENTRO TITI S.A.C.","EE.SS con GLP y GNV","LIMA","LIMA","LA VICTORIA","ESQUINA DE AV. SAN LUIS CON PABLO PATRÓN 120 URB. SAN PABLO","2026-08-08"
"19954","GO MANCO CAPAC S.A.C.","EE.SS con GLP y GNV","LIMA","LIMA","LA VICTORIA","AV. MANCO CAPAC N° 693","2026-08-09"
"19956","GRIFOS ESPINOZA S.A.","ESTACIÓN DE SERVICIOS / GRIFOS","LIMA","LIMA","LIMA","ESQ. AV. ZORRITOS S/N. CON MIGUEL BAQUERO N° 498","2026-08-04"
"19958","GRIFO SAN IGNACIO SAC","ESTACIÓN DE SERVICIOS / GRIFOS","LIMA","LIMA","LIMA","AV. ARENALES N° 881. ESQUINA EMILIO FERNANDEZ","2026-08-09"
"19960","RUBI ERMELINDA UGAZ DE GAMARRA ","ESTACIÓN DE SERVICIOS / GRIFOS","LIMA","LIMA","LURIN","JR. INDEPENDENCIA MZ.18 LOTES 1 Y 2 SAN PEDRO DE LURIN KM 39.5","2026-08-09"
"19963","REPSOL COMERCIAL S.A.C.","ESTACIÓN DE SERVICIOS / GRIFOS","LIMA","LIMA","MIRAFLORES","AV. DEL EJERCITO N° 290","2026-08-09"
"19964","GRIFOS TERESA DE CALCUTA S.A.C","ESTACIÓN DE SERVICIOS / GRIFOS","LIMA","LIMA","PACHACAMAC","CARRETERA CIENEGUILLA (AV. LA MOLINA) KM. 11.5 Y DESVIO A MANCHAY URB. MUSA","2026-08-05"
"19966","REPSOL COMERCIAL S.A.C","ESTACIÓN DE SERVICIOS / GRIFOS","LIMA","LIMA","PUEBLO LIBRE","AV. LA MARINA N° 325, ESQ. JR. TORRE TAGLE","2026-08-09"
"19967","TRANSERVIS PACIFICO S.A.C.","ESTACIÓN DE SERVICIOS / GRIFOS","LIMA","LIMA","PUENTE PIEDRA","CALLE SAN MARTIN MZ. E3, LOTE 2 - EL DORADO","2026-08-07"
"19968","CORPORACION KIO GAS S.A.C.","ESTACIÓN DE SERVICIO CON GASOCENTRO DE GLP","LIMA","LIMA","RIMAC","AV. LOS PROCERES Nº 199 - 199A, ESQUINA CON JR. GAMARRA","2026-08-08"
"19969","REPSOL COMERCIAL SAC","ESTACIÓN DE SERVICIO CON GASOCENTRO DE GLP","LIMA","LIMA","SAN JUAN DE LURIGANCHO","AV. PROCERES DE LA INDEPENDENCIA N° 5324","2026-08-08"
"19972","ESTACIÓN SANTA ROSA","ESTACIÓN DE SERVICIOS / GRIFOS","LIMA","LIMA","SAN JUAN DE LURIGANCHO","AV. SANTA ROSA, MZ. J LOTE 19 URB. LOS ÁLAMOS","2026-08-08"
"19973","GRIFOS COPA S.A.C.","ESTACIÓN DE SERVICIO CON GASOCENTRO DE GLP","LIMA","LIMA","SAN JUAN DE LURIGANCHO","AV. EL SOL ESQUINA CON AV. LOS ALAMOS, MZ. E. LOTES 20B Y 20A-1. URB. CANTO GRANDE","2026-08-09"
"19975","GRUVENI SRL","ESTACIÓN DE SERVICIOS / GRIFOS","LIMA","LIMA","SAN JUAN DE LURIGANCHO","INTERSECCION AV. CIRCUNVALACION Y CALLE V. MZ. D, LOTES. 3 Y 4, COOP. DE VIVIENDA LA UNION","2026-08-08"
"19976","INVERSIONES LUISAGAS S.A.C.","EE.SS con GLP y GNV","LIMA","LIMA","SAN JUAN DE MIRAFLORES","ASENTAMIENTO HUMANO HÉROES DE SAN JUAN - SECTOR 5, MZ. I, LOTE 24","2026-08-09"
"19977","AERO SERVICIOS S.A.C.","ESTACIÓN DE SERVICIOS / GRIFOS","LIMA","LIMA","SANTIAGO DE SURCO","AV. JUAN PABLO II N° 1294-1298","2026-08-09"
"19978","GRIVAR S.A.","ESTACIÓN DE SERVICIOS / GRIFOS","LIMA","LIMA","SAN JUAN DE MIRAFLORES","AV. DEFENSORES DE LIMA N° 630","2026-08-08"
"19980","COESTI S.A.","ESTACIÓN DE SERVICIOS / GRIFOS","LIMA","LIMA","SAN LUIS","AV. SAN JUAN N° 895","2026-07-31"
"19981","ESTACION SANTA RITA S.A.C.","ESTACIÓN DE SERVICIO CON GASOCENTRO DE GLP","LIMA","LIMA","SAN MARTIN DE PORRES","INTERSECCION DE LA AUTOPISTA CANTA CALLAO Y LA AV. CARLOS IZAGUIRRE","2026-08-09"
"19982","REPSOL COMERCIAL S.A.C.","ESTACIÓN DE SERVICIO CON GASOCENTRO DE GLP","LIMA","LIMA","SAN MARTIN DE PORRES","AV. UNIVERSITARIA NORTE N° 2901","2026-08-09"
"19983","REPSOL COMERCIAL S.A.C.","ESTACIÓN DE SERVICIOS / GRIFOS","LIMA","LIMA","SAN MARTIN DE PORRES","AV. TUPAC AMARU N° 1453","2026-08-09"
"19984","REPSOL COMERCIAL S.A.C.","ESTACIÓN DE SERVICIOS / GRIFOS","LIMA","LIMA","SAN MIGUEL","AV. ELMER FAUCETT N° 477-481 ESQ. CALLE HIDALGO  URB.MARANGA","2026-08-09"
"19985","COESTI S.A","ESTACIÓN DE SERVICIO CON GASOCENTRO DE GLP","LIMA","LIMA","SAN MIGUEL","AV. RAFAEL ESCARDO N° 250","2026-08-09"
"19986","DIEGO OSWALDO HUMARI QUISPE","ESTACIÓN DE SERVICIOS / GRIFOS","LIMA","LIMA","SANTA ANITA","AV. ALTO HUANCARAY MZ. B LTE. 6, ASOCIACION DE VIVIENDA SAN CARLOS","2026-08-09"
"19988","COMPAÑÍA PETROLERA PLUS SAC","ESTACIÓN DE SERVICIO CON GASOCENTRO DE GLP","LIMA","LIMA","SANTA ANITA","AV. HUANCARAY MZ. A-6, LOTES DEL 44 AL 47, URB. LAS FLORES","2026-08-09"
"19989","COESTI S.A.","EE.SS con GLP y GNV","LIMA","LIMA","SANTIAGO DE SURCO","AV. TOMAS MARSANO Nº 4080 ESQUINA CON AV. SURCO","2026-08-09"
"19990","EUROMAXX INVERSIONES GENERALES SAC","ESTACIÓN DE SERVICIOS / GRIFOS","LIMA","LIMA","VILLA EL SALVADOR","MZ. N LOTE 5 GRUPO 20 SECTOR 1 ESQ. CON AV. MICAELA BASTIDAS","2026-08-01"
"19991","ESTACION DE SERVICIOS LAS CONCHITAS E.I.R.L.","EE.SS con GLP y GNV","LIMA","LIMA","VILLA MARIA DEL TRIUNFO","AV PACHACUTEC Nº 6587 MZ D LOTES N° 14,16, 18, 19 SANTA ROSA DE TABLADA DE LURIN","2026-08-08"
"19993","GRIFO VALLE ALTO S.A.C.","ESTACIÓN DE SERVICIOS / GRIFOS","LIMA","LIMA","VILLA MARIA DEL TRIUNFO","CALLE SAN MARTIN DE PORRAS N° 413 MZ. 191, LOTES 18 Y 1 ETAPA V, PP.JJ. JOSE CARLOS MARIATEGUI","2026-08-07"
"19994","HYTEK AUTOGAS","ESTACIÓN DE SERVICIO CON GASOCENTRO DE GLP","LIMA","LIMA","VILLA MARIA DEL TRIUNFO","MZ. C, LOTE 1, GRUPO RESIDENCIAL N° 3, PUEBLO JOVEN NUEVO PROGRESO (AV. PACHACUTEC N° 8035)","2026-08-09"
"20000","GRIFO FLOTANTE ACOSTA I E.I.R.L.","GRIFOS FLOTANTES","LORETO","ALTO AMAZONAS","YURIMAGUAS","CALLE MALECÓN SHANUSI S/N-PUERTO GARCILAZO DE LA VEGA","2026-08-08"
"20002","COMBUSTIBLES DE LA SELVA SANTO TOMAS E.I.R.L.","ESTACIÓN DE SERVICIOS / GRIFOS","LORETO","MAYNAS","SAN JUAN BAUTISTA","CARRETERA SANTO TOMAS KM 1, MZ. A, LTS 1, 2, 3 Y 4  AA.HH. AEROPUERTO","2026-08-07"
"20003","GRIFO FLOTANTE OTORONGO S.R.L. ","ESTACIÓN DE SERVICIOS / GRIFOS","LORETO","MAYNAS","IQUITOS","PROLONGACION PUTUMAYO S/N ESQ. CON CALLE GARCIA CALDERON","2026-08-08"
"20011","SERV. ORO NEGRO MAZUKO","ESTACIÓN DE SERVICIOS / GRIFOS","MADRE DE DIOS","TAMBOPATA","INAMBARI","CARRETERA MAZUKO-PUERTO MAZUCO CON EL JR. QORIPAMPA MZ. A, LOTES 1, 2, 12, 13, 15, 16, 17 Y 18","2026-08-07"
"20012","LEOCUPER REPRESENTACIONES E.I.R.L.TDA","ESTACIÓN DE SERVICIOS / GRIFOS","MADRE DE DIOS","TAMBOPATA","INAMBARI","AV. INAMBARI MZA. 28, LOTE 13 - MAZUKO","2026-08-07"
"20018","WLEO REPRESENTACIONES S.R.L.","ESTACIÓN DE SERVICIOS / GRIFOS","MADRE DE DIOS","TAMBOPATA","TAMBOPATA","AV. FITZCARRALD Nº 902, ESQ. CON JR. ANCASH","2026-08-08"
"20019","MUNICIPALIDAD PROVINCIAL DE ILO","ESTACIÓN DE SERVICIOS / GRIFOS","MOQUEGUA","ILO","ILO","PAMPA INALAMBRICA SECTOR H-I, LOTE 1","2026-08-05"
"20021","GRIFO MUNICIPAL TORATA","ESTACIÓN DE SERVICIOS / GRIFOS","MOQUEGUA","MARISCAL NIETO","TORATA","CARRETERA BINACIONAL ILO DESAGUADERO - LA PAZ KM. 28","2026-08-08"
"20022","JOSE ANTONIO PALACIOS ESPINOZA","ESTACIÓN DE SERVICIOS / GRIFOS","PASCO","PASCO","CHAUPIMARCA","CARRETERA CENTRAL S/N MZ 2 LT. 24 AA.HH. TUPAC AMARU SECTOR 2","2026-08-05"
"20026","ALVARADO CALLE SEGISMUNDO","ESTACIÓN DE SERVICIOS / GRIFOS","PIURA","MORROPON","CHULUCANAS","KM. 50 CARRETERA CHULUCANAS","2026-08-08"
"20029","ESTACION DE SERVICIOS SAN JOSE S.A.C.","ESTACIÓN DE SERVICIOS / GRIFOS","PIURA","TALARA","LOS ORGANOS","CARRETERA PANAMERICANA NORTE KM. 1153 + 248 AL 1153 + 288","2026-08-08"
"20065","SERVICENTRO LALO HMRD EIRL.","ESTACIÓN DE SERVICIOS / GRIFOS","PUNO","PUNO","ACORA","AV. PANAMERICANA S/N","2026-08-07"
"20072","OMP PETRONEGOCIACIONES EMPRESA INDIVIDUAL DE RESPONSABILIDAD LIMITADA","ESTACIÓN DE SERVICIOS / GRIFOS","PUNO","PUNO","PUNO","KM. 5.042 CARRETERA PUNO - JULIACA","2026-07-30"
"20089","SERVIORIENTE S.C.R.LTDA.","ESTACIÓN DE SERVICIOS / GRIFOS","SAN MARTIN","MARISCAL CACERES","JUANJUI","JR. TRIUNFO N° 1162","2026-08-08"
"20094","SHILCAYO GRIFO SRL","ESTACIÓN DE SERVICIOS / GRIFOS","SAN MARTIN","SAN MARTIN","LA BANDA DE SHILCAYO","CARRETERA MARGINAL SUR S/N (CARRETERA TARAPOTO  YURIMAGUAS KM. 1.50)","2026-08-07"
"20095","SERVICENTRO LA MARGINAL S.A.C.","ESTACIÓN DE SERVICIOS / GRIFOS","SAN MARTIN","SAN MARTIN","TARAPOTO","JR. ORELLANA N° 716","2026-08-07"
"20097","ESTACION DE SERVICIOS ELISUR S.C.R.LTDA.","ESTACIÓN DE SERVICIO CON GASOCENTRO DE GLP","TACNA","TACNA","TACNA","AV. JORGE BASADRE GROHMANN Nº 560 - PAGO COLLANA","2026-08-09"
"20098","MULTISERVICIOS ECOGAS S.A.C.","ESTACIÓN DE SERVICIOS / GRIFOS","TACNA","TACNA","TACNA","AV. INDUSTRIAL Nº 1895 ESQUINA CON CALLE TACNA","2026-08-08"
"20099","COESTI S.A. TACNA 2","ESTACIÓN DE SERVICIO CON GASOCENTRO DE GLP","TACNA","TACNA","TACNA","AV. CIRCUNVALACION OESTE Nº 475","2026-08-09"
"20104","GRIFO CENTRAL","ESTACIÓN DE SERVICIOS / GRIFOS","UCAYALI","CORONEL PORTILLO","CALLERIA","AV. SAENZ PEÑA MZ. 148, LOTES 8 Y 10. ESQUINA CON JR. TARAPACA N° 100","2026-08-08"
"20109","NEGOCIACIONES NESHUYA SRL","ESTACIÓN DE SERVICIOS / GRIFOS","UCAYALI","PADRE ABAD","NESHUYA","CARRETERA FEDERICO BASADRE KM. 60.70 MONTE ALEGRE","2026-08-08"
"20110","ESTACION DE SERVICIOS SAN PEDRITO JZA EIRL","ESTACIÓN DE SERVICIO CON GASOCENTRO DE GLP","UCAYALI","PADRE ABAD","PADRE ABAD","CARRETERA FEDERICO BASADRE KM. 163","2026-08-08"
"20111","SERVICENTRO ROMA S.C.R.L.","ESTACIÓN DE SERVICIO CON GASOCENTRO DE GLP","UCAYALI","PADRE ABAD","PADRE ABAD","CARRETERA FEDERICO BASADRE KM. 165,00 - PAMPA YURAC","2026-08-09"
"20112","SERVICENTRO SANTA YSABEL S.A.C.","ESTACIÓN DE SERVICIOS / GRIFOS","AMAZONAS","UTCUBAMBA","BAGUA GRANDE","KM. 224 CARRETERA BELAUNDE TERRY (EX CARRETERA MARGINAL KM. 224)","2026-08-08"
"20117","YACHT CLUB PERUANO - SEDE PARACAS","ESTACIÓN DE SERVICIOS / GRIFOS","ICA","PISCO","PARACAS","CALLE BAHIA MZ. A LOTE 9","2026-08-07"
"20118","GRIFO LASER","ESTACIÓN DE SERVICIO CON GASOCENTRO DE GLP","ICA","ICA","SUBTANJALLA","PANAMERICANA SUR KM. 299","2026-08-08"
"20119","TRANSPORTES KAIRO¿S SOCIEDAD COMERCIAL DE RESPONSABILIDAD LIMITADA","ESTACIÓN DE SERVICIOS / GRIFOS","JUNIN","JAUJA","SAUSA","AV. HATUN XAUXA N° 403 ESQ. CON AV. CIRCUNVALACION","2026-08-07"
"20120","ESTACION DE SERVICIOS SURTIDORES LOZANO","ESTACIÓN DE SERVICIO CON GASOCENTRO DE GLP","JUNIN","CHANCHAMAYO","PICHANAQUI","AV. MARGINAL KM. 52.5","2026-08-05"
"20123","TEO COMBUSTIBLES S.A.C.","ESTACIÓN DE SERVICIO CON GASOCENTRO DE GLP","LA LIBERTAD","PACASMAYO","GUADALUPE","CARRETERA PACASMAYO-CAJAMARCA KM. 8.4 SECTOR MARISCAL CASTILLA","2026-08-08"
"20124","GRIFO VILLA HERMOSA S.A.C.","ESTACIÓN DE SERVICIO CON GASOCENTRO DE GLP","LIMA","LIMA","ATE","AV. A SUR CALLE 1 Y CALLE 2, RESIDENCIAL VILLA HERMOSA DE HUAYCAN","2026-08-09"
"20125","REPSOL COMERCIAL S.A.C.","ESTACIÓN DE SERVICIOS / GRIFOS","PROV. CONST. DEL CALLAO","PROV. CONST. DEL CALLAO","CALLAO","AV. NESTOR GAMBETTA N° 115","2026-08-09"
"20126","ESTACIONES DE SERVICIO MERLY  EIRL","ESTACIÓN DE SERVICIO CON GASOCENTRO DE GLP","LIMA","HUAURA","HUAURA","CARRETERA PANAMERICANA NORTE KM. 154","2026-08-04"
"20127","NEGOCIACIONES CMC D' HUARAL S.A.C.","ESTACIÓN DE SERVICIOS / GRIFOS","LIMA","HUARAL","HUARAL","AV. HUANDO S/N MZ. A, LOTE 1, LAS DELICIAS","2026-08-09"
"20129","COESTI S.A. ESFERRERO","ESTACIÓN DE SERVICIO CON GASOCENTRO DE GLP","LIMA","LIMA","LA MOLINA","ESQ. AV. RAUL FERRERO CON AV. ALAMEDA DEL CORREGIDOR","2026-08-09"
"20130","GRIFO VALCARD S.R.L.","ESTACIÓN DE SERVICIO CON GASOCENTRO DE GLP","LIMA","LIMA","SAN JUAN DE LURIGANCHO","AV. SANTA ROSA DE LIMA Nº 2091 - URB. LA HUAYRONA","2026-08-06"
"20135","ESTACION DE SERVICIOS TORRES E.I.R.L.","ESTACIÓN DE SERVICIOS / GRIFOS","SAN MARTIN","PICOTA","PICOTA","CARRETERA FERNANDO BELAUNDE TERRY KM. 59 (REF. FRENTE A DON POLLO)","2026-08-07"
"20785","NEGOCIACIONES C.V.Q. E.I.R.L.","ESTACIÓN DE SERVICIO CON GASOCENTRO DE GLP","JUNIN","YAULI","SANTA ROSA DE SACCO","AV. AREVALO S/N KM 164 CARRETERA CENTRAL","2026-08-08"
"20876","SUCESION INDIVISA ARIAS ARZAPALO DEMETRIO","ESTACIÓN DE SERVICIOS / GRIFOS","LIMA","LIMA","SAN JUAN DE LURIGANCHO","AV. PROCERES DE LA INDEPENDENCIA N° 3810-A ESQ. JR. LOS SOCIOLOGOS URB. MARISCAL CACERES","2026-08-08"
"20978","COMBUSTIBLES EL CARMEN SAC","ESTACIÓN DE SERVICIOS / GRIFOS","LAMBAYEQUE","CHICLAYO","CHICLAYO","AV. HIPOLITO UNANUE Nº 300","2026-08-07"
"20980","SERVICENTRO CELESTE S.A. ","ESTACIÓN DE SERVICIO CON GASOCENTRO DE GLP","PROV. CONST. DEL CALLAO","PROV. CONST. DEL CALLAO","CALLAO","AV. QUILCA S/N CUADRA 11, MZ. E, LT. 29, RESIDENCIAL AEROPUERTO, ESQ. CALLE SATURNO Y NEPTUNO","2026-08-08"
"20981","SERVICIOS DE COMBUSTIBLES SANTA FE EIRL","ESTACIÓN DE SERVICIO CON GASOCENTRO DE GLP","LIMA","HUARAL","HUARAL","AV. CHANCAY S/N, SECTOR PAMPA LARA SUB LOTE N° 6","2026-08-08"
"20982","ESTACION DE SERVICIOS LOS OLIVOS S. A. C.","ESTACIÓN DE SERVICIO CON GASOCENTRO DE GLP","LIMA","LIMA","LOS OLIVOS","AV. UNIVERSITARIA CDRA. 51, ESQUINA CON CALLE A","2026-08-09"
"20983","SURTIDORES E INVERSIONES MAX E.I.R.L.","ESTACIÓN DE SERVICIOS / GRIFOS","JUNIN","CHANCHAMAYO","SAN RAMON","AV. JUAN SANTOS ATAHUALPA S/N - URB. EL MILAGRO","2026-08-08"
"20987","GRIFO LAS COLINAS SRL","ESTACIÓN DE SERVICIOS / GRIFOS","LORETO","MAYNAS","SAN JUAN BAUTISTA","AV. ABELARDO QUIÑONES KM 2.5 ESQ. CON CALLE LOS FRUTALES MZ. D LOTES 01 Y 02-A","2026-08-09"
"20989","VINKRIX S.A.C.","ESTACIÓN DE SERVICIOS / GRIFOS","CUSCO","QUISPICANCHI","LUCRE","CARRETERA CUSCO - URCOS KM. 25 - HUACARPAY","2026-08-09"
"20990","SERVICENTRO TRANS OCEANICA E.I.R.L.","ESTACIÓN DE SERVICIOS / GRIFOS","CUSCO","CANCHIS","SICUANI","LOCALIDAD DE QUEHUAR KM. 119, VIA CUSCO - SICUANI","2026-08-09"
"20991","ESTACION DE SERVICIOS R Y S EIRL","ESTACIÓN DE SERVICIOS / GRIFOS","SAN MARTIN","SAN MARTIN","TARAPOTO","AV. VIA DE EVITAMIENTO N° 1890","2026-08-08"
"20993","MULTISERVICIOS ECOGAS S.A.C.","ESTACIÓN DE SERVICIO CON GASOCENTRO DE GLP","TACNA","TACNA","TACNA","ESQUINA AV. COLLPA CON AV. CRISTO REY","2026-08-08"
"20994","INVERSIONES BROWN S.R.L.","ESTACIÓN DE SERVICIOS / GRIFOS","AYACUCHO","HUAMANGA","AYACUCHO","JR. MANCO CAPAC N° 839 Y CALLE QUINUA","2026-07-31"
"20997","ESTACION DE SERVICIOS CARRETERO SAN JUAN S.R.L.","ESTACIÓN DE SERVICIOS / GRIFOS","PUNO","AZANGARO","AZANGARO","JR. LUIS RIVAROLA N° 223 BARRIO LIZANDRO LUNA","2026-08-07"
"20999","ESTACION DE SERVICIOS EL OLIVO E.I.R.L.","ESTACIÓN DE SERVICIOS / GRIFOS","APURIMAC","ABANCAY","ABANCAY","AV. VENEZUELA N° 110","2026-08-09"
"21001","REPSOL COMERCIAL S.A.C.","ESTACIÓN DE SERVICIOS / GRIFOS","LIMA","LIMA","SAN ISIDRO","AV. GUARDIA CIVIL N° 1109 ESQ. CON AV. DEL PARQUE SUR N° 314","2026-08-09"
"21003","PETRO EXPLORIUM S.A.C.","ESTACIÓN DE SERVICIO CON GASOCENTRO DE GLP","LIMA","LIMA","VILLA EL SALVADOR","AV. MARIA REICHE S/N. CON SEPARADORA INDUSTRIAL - URB. PACHACAMAC","2026-08-09"
"21004","LA JOYA DE SANTA ISABEL E.I.R.L.","ESTACIÓN DE SERVICIOS / GRIFOS","LIMA","LIMA","ATE","ESQ. AV. MIGUEL GRAU Y CALLE 4","2026-08-08"
"21005","SERVICENTRO LA ESTANCIA S.A.C.","ESTACIÓN DE SERVICIOS / GRIFOS","LIMA","HUAURA","SAYAN","VIA IRRIGACION SANTA ROSA - CRUCE SAN BOSCO","2026-08-04"
"21006","PETROCENTRO YULIA S.A.C.","EE.SS con GLP y GNV","LIMA","LIMA","SAN MIGUEL","AV. LA MARINA Nº 2789 ESQUINA CON AV. RAFAEL ESCARDO, URB MARANGA","2026-08-08"
"21007","ESTACION 715 LA MERCED","ESTACIÓN DE SERVICIOS / GRIFOS","LIMA","LIMA","ATE","ESQ. AV. URUBAMBA CON AV. LOS INGENIEROS","2026-08-08"
"21008","GRIFO PACIFICO","ESTACIÓN DE SERVICIO CON GASOCENTRO DE GLP","ICA","ICA","ICA","AV. ARENALES NRO. 1911","2026-08-08"
"21010","MARLUAN SERVICIOS GENERALES SRL","ESTACIÓN DE SERVICIOS / GRIFOS","AREQUIPA","AREQUIPA","JACOBO HUNTER","AV. PAISAJISTA S/N","2026-08-08"
"21011","M & S HIDROCARBUROS S.A.C.","ESTACIÓN DE SERVICIOS / GRIFOS","AREQUIPA","CAMANA","SAMUEL PASTOR","AV. LIMA N° 801","2026-08-06"
"21012","ESTACION DE SERVICIO PUCCHUN","ESTACIÓN DE SERVICIO CON GASOCENTRO DE GLP","AREQUIPA","CAMANA","MARISCAL CACERES","MZ. H, LT. N° 1, ANEXO PUCCHUN, CARRETERA PANAMERICANA SUR KM. 821","2026-08-08"
"21015"," MARTHA FLORIMER HEREDIA MONTENEGRO","ESTACIÓN DE SERVICIOS / GRIFOS","SAN MARTIN","PICOTA","SAN HILARION","CARRETERA MARGINAL SUR KM 79","2026-08-07"
"21016","INVERSIONES NCN S.A.C.","ESTACIÓN DE SERVICIOS / GRIFOS","SAN MARTIN","MOYOBAMBA","MOYOBAMBA","CARRETERA FERNANDO BELAUNDE TERRY KM. 503","2026-08-08"
"21017","PETRO CATACAOS S.A.C.","ESTACIÓN DE SERVICIOS / GRIFOS","PIURA","PIURA","CATACAOS","AV. CAYETANO HEREDIA N° 1102","2026-08-08"
"21020","INVERSIONES GRIFO VICTORIA S.A.C.","ESTACIÓN DE SERVICIOS / GRIFOS","AYACUCHO","HUAMANGA","SAN JUAN BAUTISTA","AV. CUSCO N° 277","2026-08-03"
"21030","EMPRESA DE TRANSPORTES Y SERVICIOS ALMIRANTE MIGUEL GRAU S.A.","ESTACIÓN DE SERVICIO CON GASOCENTRO DE GLP","LIMA","LIMA","SANTA ANITA","AV. COLECTORA CUADRA 4, MZ. ""A-19"" LOTE 3","2026-08-08"
"21031","GRIFO SAN IGNACIO SAC","ESTACIÓN DE SERVICIOS / GRIFOS","LIMA","LIMA","CHORRILLOS","ESQ. AV. HUAYLAS N° 600 CON JR. JUSTO NAVEDA N° 121","2026-08-05"
"21032","COESTI S.A","EE.SS con GLP y GNV","LIMA","LIMA","CHORRILLOS","AV. GUARDIA CIVIL N° 333","2026-08-09"
"21034","GASCORVILL  S.A.C.","ESTACIÓN DE SERVICIOS / GRIFOS","PROV. CONST. DEL CALLAO","PROV. CONST. DEL CALLAO","CALLAO","MZ. D, LTS. 3 - 4, URB. LAS COLINAS 1RA. ETAPA","2026-08-07"
"21035","INVERSIONES VENTURA A R E.I.R.L.","ESTACIÓN DE SERVICIOS / GRIFOS","LIMA","LIMA","SAN JUAN DE MIRAFLORES","AV. MIGUEL IGLESIAS MZ. J, LT. 8, COOPERATIVA DE VIVIENDA SAN MIGUEL DE APURIMAC","2026-08-08"
"21036","REPSOL COMERCIAL S.A.C. ","EE.SS con GNV","LIMA","LIMA","CHORRILLOS","AV. GUARDIA CIVIL N° 723 - 709 - 715, ESQUINA CON AV. EL SOL N° 1297 - 1283 - 1275 - 1269, URB. LA CAMPIÑA","2026-08-09"
"21037","COMERCIALIZADORA Y SERVICIOS DON MARCOS S.A.C.","ESTACIÓN DE SERVICIO CON GASOCENTRO DE GLP","LIMA","HUARAL","AUCALLAMA","VARIANTE AUTOPISTA HUARAL - LIMA KM. 09 SECTOR CARLINI","2026-08-08"
"21038","SERVICIOS GAIA S.A.C.","ESTACIÓN DE SERVICIOS / GRIFOS","LIMA","LIMA","CARABAYLLO","AV. TUPAC AMARU, ALTURA KM. 23 CARRETERA CANTA","2026-08-05"
"21039","GASOLES S.A.C.","ESTACIÓN DE SERVICIOS / GRIFOS","LA LIBERTAD","TRUJILLO","LA ESPERANZA","ESQUINA AV. TAHUANTINSUYO N° 1007 Y CALLE CARLOS M. DE ALVEAR N° 797","2026-08-07"
"21040","GRIFO AMIGO S.A.","ESTACIÓN DE SERVICIO CON GASOCENTRO DE GLP","LA LIBERTAD","TRUJILLO","TRUJILLO","AVENIDA PROLONGACION CESAR VALLEJO MANZANA 46A, URBANIZACION LA RINCONADA","2026-08-08"
"21043","SERVICENTRO NUEVA LUZ E.I.R.L.","ESTACIÓN DE SERVICIOS / GRIFOS","CUSCO","LA CONVENCION","SANTA ANA","CARRETERA QUILLABAMBA ECHARATE KM. 14 SECTOR CHAQUIMAYO","2026-08-08"
"21045","ALPEX GAS SOCIEDAD ANONIMA CERRADA - ALPEX GAS S.A.C","ESTACIÓN DE SERVICIOS / GRIFOS","AREQUIPA","AREQUIPA","CAYMA","ESQUINA CALLE TACNA CON AV. RAMON CASTILLA, URB. FRANCISCO BOLOGNESI","2026-08-07"
"21046","GRIFO SAN PEDRO S.R.L.","ESTACIÓN DE SERVICIOS / GRIFOS","AREQUIPA","AREQUIPA","CERRO COLORADO","AV. JUAN DE LA CRUZ CALIENES S/N","2026-08-08"
"21047","COESTI S.A.  ES DON CARLITOS","ESTACIÓN DE SERVICIO CON GASOCENTRO DE GLP","AREQUIPA","AREQUIPA","CERRO COLORADO","VARIANTE DE UCHUMAYO KM. 3.6 - SEMI RURAL PACHACUTEC","2026-08-08"
"21048","MENDOZA QUISPE SONIA","ESTACIÓN DE SERVICIOS / GRIFOS","AYACUCHO","LA MAR","TAMBO","JR. LOS LIBERTADORES S/N","2026-08-04"
"21052","COESTI S.A","EE.SS con GLP y GNV","LIMA","LIMA","LIMA","AV. MARISCAL OSCAR R. BENAVIDES Nº 871 (ANTES: AV. COLONIAL ESQ. AV. TINGO MARIA)","2026-08-09"
"21053","J.W. OLIVER S.A.C.","ESTACIÓN DE SERVICIOS / GRIFOS","LIMA","LIMA","SAN JUAN DE LURIGANCHO","AV. GRAN CHIMÚ Nº 1412","2026-08-07"
"21054","GLOBAL FUEL S.A.","ESTACIÓN DE SERVICIO CON GASOCENTRO DE GLP","LIMA","LIMA","SANTIAGO DE SURCO","AV. SANTIAGO DE SURCO N° 3291, ESQUINA CON LOS ALAMOS LOTES 4 Y 5","2026-08-08"
"21057","COESTI S.A.","ESTACIÓN DE SERVICIOS / GRIFOS","PROV. CONST. DEL CALLAO","PROV. CONST. DEL CALLAO","CALLAO","AV. MARCO POLO S/N ESQ. JR. ALBERTO SECADA N* 474","2026-08-08"
"21058","COMARSA & CIA. S.R.L.","ESTACIÓN DE SERVICIOS / GRIFOS","LIMA","LIMA","CARABAYLLO","AV. FELIPE MENDIZABAL MZ. K, LTS. 3 Y 4, URB TUNGASUCA","2026-08-04"
"21059","PETRO GAS TORRES EIRL","ESTACIÓN DE SERVICIOS / GRIFOS","JUNIN","SATIPO","RIO NEGRO","CARRETERA MARGINAL KM. 3.5 - SECTOR RIO ALBERTA","2026-08-07"
"21060","GRIFO CONTINENTAL SERVICE E.I.R.L","ESTACIÓN DE SERVICIOS / GRIFOS","CUSCO","CUSCO","SAN JERONIMO","AV. MANCO CAPAC Nº 133 C-2","2026-08-08"
"21096","GRUPO AZAÑERO INVERSIONISTAS EN COMBUSTIBLES S.A.C.","EE.SS con GLP y GNV","LIMA","LIMA","COMAS","AV. HEROES DEL ALTO CENEPA MZ. B LOTE 13 URB. CHACRA CERRO","2026-08-08"
"21142","PETROGAS E.I.R.L.","ESTACIÓN DE SERVICIO CON GASOCENTRO DE GLP","JUNIN","HUANCAYO","CHILCA","AV. 9 DE DICIEMBRE Nº 1104","2026-08-09"
"21145","ESTACION DE SERVICIOS VIRGEN DE LAS NIEVES S.A.C.","ESTACIÓN DE SERVICIOS / GRIFOS","ICA","ICA","LA TINGUIÑA","AV. EL PARQUE Nº 701","2026-08-07"
"21146","EMPRESA DE TRANSPORTES HUANCHACO S.A.","ESTACIÓN DE SERVICIO CON GASOCENTRO DE GLP","LA LIBERTAD","TRUJILLO","HUANCHACO","AV. CHAN CHAN Nº 104 Y CALLE 28 DE JULIO - CENTRO POBLADO VILLA DEL MAR","2026-08-08"
"21147","XACT PERU S.A.C.","ESTACIÓN DE SERVICIOS / GRIFOS","AREQUIPA","ISLAY","ISLAY","CARRETERA A MATARANI - AREQUIPA KM. 53+600","2026-08-09"
"21148","COMERCIALIZADORA DE COMBUSTIBLES FERNANDEZ HNOS. SRL.","ESTACIÓN DE SERVICIO CON GASOCENTRO DE GLP","AREQUIPA","CAMANA","CAMANA","AV. JOSE GRANDA N° 301","2026-08-07"
"21149","SERVICIOS LOGISTICOS VIMA SAC","ESTACIÓN DE SERVICIOS / GRIFOS","SAN MARTIN","BELLAVISTA","BELLAVISTA","JR. MOQUEGUA CON JR. AYACUCHO","2026-08-02"
"21151","ESTACION DE SERVICIOS SAN JOSE S.A.C. TALARA","ESTACIÓN DE SERVICIO CON GASOCENTRO DE GLP","PIURA","TALARA","PARIÑAS","AV. IGNACIO MERINO MZ. F, LOTE 12","2026-08-08"
"21152","AVA JANGAS - ESTACION DE SERVICIO TLT","ESTACIÓN DE SERVICIOS / GRIFOS","ANCASH","HUARAZ","JANGAS","CARRETERA HUARAZ CARAZ KM. 215.5 JANGAS","2026-08-08"
"21153","GRIFO SAN MIGUELITO S.R.L.","ESTACIÓN DE SERVICIOS / GRIFOS","AYACUCHO","HUAMANGA","SAN JUAN BAUTISTA","ESQ. AV. CUSCO - JR. FLORIDA S/N.","2026-08-08"
"21160","SERVICENTRO SAN PEDRO EIRL","ESTACIÓN DE SERVICIOS / GRIFOS","APURIMAC","CHINCHEROS","CHINCHEROS","AV. SAN MARTIN - LLIMPE S/N","2026-08-07"
"21162","OSCAR OLIVERA REQUEJO","GRIFOS RURALES CON ALMACENAMIENTO EN CILINDROS","AMAZONAS","UTCUBAMBA","CAJARURO","PROLONGACION AV. 27 DE OCTUBRE","2026-08-07"
"21163","INVERSIONES M Y E S.A.C.","ESTACIÓN DE SERVICIOS / GRIFOS","LIMA","LIMA","ATE","AV. JOSE CARLOS MARIATEGUI ESQ. CALLE B-8 HUAYCAN","2026-08-08"
"21185","SERVICETRO DANIEL EL DULCE","ESTACIÓN DE SERVICIOS / GRIFOS","LA LIBERTAD","SANTIAGO DE CHUCO","SANTIAGO DE CHUCO","ESQUINA PACO YUNQUE Y DADOS ETERNOS","2026-08-08"
"21186","RUBEN VALDIVIA GUZMAN","ESTACIÓN DE SERVICIOS / GRIFOS","CUSCO","CUSCO","SANTIAGO","AV. HERMANOS AYAR LOTE F-1-B, PP.JJ. BARRIO DE DIOS","2026-08-07"
"21188","ESTACION DE SERVICIOS PETROMAC","ESTACIÓN DE SERVICIOS / GRIFOS","CUSCO","CUSCO","POROY","CARRETERA CUSCO - ABANCAY KM. 13, SECTOR CACHARPARIPAMPA","2026-08-07"
"21190","COMBUSTIBLES DEL ORIENTE S.A.C.","ESTACIÓN DE SERVICIO CON GASOCENTRO DE GLP","UCAYALI","CORONEL PORTILLO","YARINACOCHA","CARRETERA FEDERICO BASADRE KM. 6.200 - PUCALLPA","2026-08-08"
"21191","GRUPO PURITA CALIDAD E.I.R.L.","ESTACIÓN DE SERVICIOS / GRIFOS","UCAYALI","PADRE ABAD","PADRE ABAD","CARRETERA FEDERICO BASADRE KM. 212","2026-08-09"
"21193","ESTACION DE SERVICIOS ECOPETROL S.A.C.","ESTACIÓN DE SERVICIOS / GRIFOS","UCAYALI","CORONEL PORTILLO","CAMPOVERDE","AV. 1º DE JUNIO Nº 549 - CAMPOVERDE","2026-08-06"
"21196","GRIFO PORVENIR AM SOCIEDAD COMERCIAL DE RESPONSABILIDAD LIMITADA","ESTACIÓN DE SERVICIOS / GRIFOS","UCAYALI","PADRE ABAD","PADRE ABAD","CARRETERA FEDERICO BASADRE KM. 209 - CASERIO MIGUEL GRAU","2026-08-08"
"21198","PEYSA I S.A.C.","ESTACIÓN DE SERVICIOS / GRIFOS","PIURA","HUANCABAMBA","HUANCABAMBA","CASERIO QUISPAMPA BAJA S/N","2026-08-03"
"21199","TECNICA DIESEL TRANS S.A.C.","ESTACIÓN DE SERVICIOS / GRIFOS","ANCASH","BOLOGNESI","HUALLANCA","JR. LEONCIO PRADO N° 500","2026-08-04"
"21200","GRIFO SAN FRANCISCO DE BORJA","ESTACIÓN DE SERVICIOS / GRIFOS","PUNO","CHUCUITO","ZEPITA","CARRETERA PANAMERICANA ZEPITA - DESAGUADERO KM. 138","2026-08-04"
"21202","SOL DE ORO","ESTACIÓN DE SERVICIO CON GASOCENTRO DE GLP","LIMA","LIMA","VILLA EL SALVADOR","ESQ. AV. EL SOL CON AV. PASTOR SEVILLA, SECTOR 2, GRUPO 21-A, MZ. ZC, LT. C","2026-08-08"
"21203","R & M SOLUCIONES Y SERVICIOS GENERALES S.A.C.","ESTACIÓN DE SERVICIOS / GRIFOS","LIMA","LIMA","SAN MARTIN DE PORRES","MZ D, LOTE 2 (INTERSECCION DE AV. CANTA CALLAO Y AV. LOS OLIVOS) ASOCIACION DE VIVIENDA MONTE AZUL","2026-08-07"
"21204","GRIFOS ESTRELLA DE DAVID E.I.R.L.","ESTACIÓN DE SERVICIOS / GRIFOS","LIMA","LIMA","COMAS","AV. UNIVERSITARIA MZ. C LTS. 32 Y 33 URB. SAN EULOGIO","2026-08-07"
"21205","G CELESTE S.A.C.","ESTACIÓN DE SERVICIO CON GASOCENTRO DE GLP","LIMA","HUARAL","CHANCAY","CARRETERA PANAMERICANA NORTE KM. 87.5","2026-08-08"
"21318","INVERSIONES EGOSOR S.A.C.","ESTACIÓN DE SERVICIOS / GRIFOS","JUNIN","JAUJA","MARCO","ESQ. AV. JAUJA Y AV. CIRCUNVALACION","2026-08-01"
"21319","JORGE LUIS GARCIA PALOMINO","ESTACIÓN DE SERVICIOS / GRIFOS","JUNIN","HUANCAYO","PUCARA","CALLE CHICLAYO Nº 260, BARRIO 28 DE JULIO","2026-08-09"
"21320","INVERSIONES YAHUARMAQUI SAC","ESTACIÓN DE SERVICIOS / GRIFOS","CUSCO","URUBAMBA","URUBAMBA","AV. CABO CONCHA TUPA S/N.","2026-08-05"
"21322","GRIFO VENECIA","ESTACIÓN DE SERVICIOS / GRIFOS","SAN MARTIN","BELLAVISTA","BELLAVISTA","ALAMEDA OLMEDO CARDENAS INFANTES / JR. ALFONSO UGARTE MZ. 62, LT. A","2026-08-08"
"21323","GRIFOS EL BUEN SAMARITANO E.I.R.L.","ESTACIÓN DE SERVICIOS / GRIFOS","CAJAMARCA","CUTERVO","CALLAYUC","KM 146 CARRETERA OLMOS  CORRAL QUEMADO","2026-08-08"
"21324","ESTACIONES DE SERVICIOS OCAÑA JAEN S.A.C.","ESTACIÓN DE SERVICIOS / GRIFOS","CAJAMARCA","JAEN","JAEN","CARRETERA OLMOS CORRAL QUEMADO KM. 180+500","2026-08-07"
"21325","ESTACION DE SERVICIO SAN FRANCISCO S.R.L.","ESTACIÓN DE SERVICIOS / GRIFOS","LAMBAYEQUE","CHICLAYO","JOSE LEONARDO ORTIZ","AV. MARIANO CORNEJO Nº 600","2026-08-07"
"21326","PALOMINO VENTURA MAXIMINA","ESTACIÓN DE SERVICIOS / GRIFOS","AYACUCHO","HUAMANGA","AYACUCHO","VIA LOS LIBERTADORES KM. 4.00 - HUASCAHURA CHICO","2026-08-08"
"21328","FERMIN MEJIA MALLQUI","ESTACIÓN DE SERVICIOS / GRIFOS","PROV. CONST. DEL CALLAO","PROV. CONST. DEL CALLAO","VENTANILLA","AV. A Y CALLE 1 MZ. Q-1, LOTE 04, URBANIZACION VENTANILLA ALTA","2026-08-06"
"21329","RAUL HUMBERTO SOLIER REYNOSO","ESTACIÓN DE SERVICIOS / GRIFOS","LIMA","LIMA","VILLA MARIA DEL TRIUNFO","AV. JOSE CARLOS MARIATEGUI N° 3310 ESQ. CON AV. ISIDORO SUAREZ","2026-08-07"
"21331","MARI LUZ QUIJHUA TIPO","ESTACIÓN DE SERVICIOS / GRIFOS","AREQUIPA","AREQUIPA","YURA","CARRETERA YURA S/N, ESQ. CON CALLE E-2, MZ. M, LT. N° 04, ZONA INDUSTRIAL LAS CANTERAS","2026-08-07"
"21332","MORALES CARDENAS ERNESTO ALONSO","ESTACIÓN DE SERVICIOS / GRIFOS","AREQUIPA","CAYLLOMA","MAJES","EJE URBANO LOTE N° 192 - EL PEDREGAL","2026-08-05"
"21333","RODAS PETROL S.A.C.","ESTACIÓN DE SERVICIOS / GRIFOS","PUNO","SAN ROMAN","JULIACA","ESQ. AV. CIRCUNVALACION CON JR. JAUREGUI N° 1225- BARRIO BELLAVISTA","2026-08-07"
"21353","ESTACION DE SERVICIOS SANTO TOMAS DE LIMA S.A.C.","ESTACIÓN DE SERVICIO CON GASOCENTRO DE GLP","PIURA","PIURA","CATACAOS","CARRETERA PANAMERICANA NORTE CRUCE PIURA - CHICLAYO - CATACAOS LA TINA DE PUNTALA","2026-08-08"
"21355","SATELITE DEL SUR SAC","ESTACIÓN DE SERVICIO CON GASOCENTRO DE GLP","TACNA","TACNA","TACNA","AV. COLLPA FRENTE AL OVALO CUSCO, VILLA SAN CARLOS MZ. A, LOTES 1 AL 6","2026-08-09"
"21356","RODAS PETROL S.A.C.","ESTACIÓN DE SERVICIOS / GRIFOS","PUNO","SAN ROMAN","JULIACA","AV. MANUEL NUÑEZ BUTRÓN Nº 330","2026-08-08"
"21358","COESTI S.A.","ESTACIÓN DE SERVICIO CON GASOCENTRO DE GLP","LIMA","LIMA","LURIN","PANAMERICANA SUR KM. 30 - PARCELA B21, PARCELA B21 A1, EX FUNDO SAN PEDRO","2026-08-09"
"21366","GRIFO PANY","ESTACIÓN DE SERVICIO CON GASOCENTRO DE GLP","ICA","ICA","PARCONA","ESQ. AV. SIETE N° 180, ESQ. CON CALLE ROSEDAL - SECTOR EL ROSEDAL","2026-08-08"
"21384","ESTACION DE SERVICIOS BELLAVISTA S.A.C.","ESTACIÓN DE SERVICIO CON GASOCENTRO DE GLP","JUNIN","HUANCAYO","SAN AGUSTIN","CARRETERA CENTRAL KM. 7 SECTOR BELLAVISTA","2026-08-08"
"21386","ARMANDO ORIHUELA GAMARRA","ESTACIÓN DE SERVICIOS / GRIFOS","JUNIN","TARMA","TARMA","AV. JUAN SANTOS ATAHUALPA S/N","2026-08-08"
"21389","COESTI S.A. EE SS ESPANA 2","ESTACIÓN DE SERVICIO CON GASOCENTRO DE GLP","LA LIBERTAD","TRUJILLO","TRUJILLO","ESQ. AV. ESPAÑA N° 1099 CON JR. MINERIA","2026-08-08"
"21390","PACIDAMA ENERGIA S.A.C.","ESTACIÓN DE SERVICIOS / GRIFOS","CUSCO","ANTA","CACHIMAYO","CARRETERA CUSCO - URUBAMBA KM. 12.5","2026-08-06"
"21392","ESTACION DE SERVICIOS EL AVENTURERO S.R.L.","ESTACIÓN DE SERVICIOS / GRIFOS","CAJAMARCA","CHOTA","CHOTA","AV. CARRETERA MARGINAL S/N KM 0+800 SECTOR TORIL","2026-08-02"
"21393","GRIFO TUMAN SAC","ESTACIÓN DE SERVICIOS / GRIFOS","LAMBAYEQUE","CHICLAYO","TUMAN","CARRETERA CHICLAYO - CHOGOYAPE KM. 18","2026-08-07"
"21394","ESTACION DE SERVICIO GRIFO JIM E.I.R.L","ESTACIÓN DE SERVICIOS / GRIFOS","PASCO","PASCO","CHAUPIMARCA","CARRETERA PASCO - LIMA, KM. 01, AA.HH. TAHUANTINSUYO","2026-08-08"
"21397","SERVOSA COMBUSTIBLES S.A.C.","EE.SS con GLP y GNV","LIMA","LIMA","ATE","CARRETERA CENTRAL KM. 16.50","2026-08-07"
"21398","COESTI S.A","ESTACIÓN DE SERVICIOS / GRIFOS","LIMA","HUARAL","CHANCAY","CARRETERA PANAMERICANA NORTE KM. 84.9","2026-08-08"
"21399","INVERSIONES COMERCIALES CEBLAZ SOCIEDAD ANONIMA CERRADA","ESTACIÓN DE SERVICIO CON GASOCENTRO DE GLP","AREQUIPA","AREQUIPA","CERRO COLORADO","PROLONGACION AV. EJERCITO N° 508","2026-08-09"
"21446","LIMA BANDA S.A.C.","ESTACIÓN DE SERVICIOS / GRIFOS","LIMA","LIMA","INDEPENDENCIA","AV. CARLOS IZAGUIRRE N° 220 ESQUINA CON CALLE NAPO","2026-08-08"
"21450","GRIFO SENOR DE LOS MILAGROS","ESTACIÓN DE SERVICIO CON GASOCENTRO DE GLP","TACNA","TACNA","CORONEL GREGORIO ALBARRACIN LANCHIPA","AV. VON HUMBOLT S/N, FUNDO LA PAMPA, PAGO ARUNTA, LOTES A-B","2026-08-09"
"21467","BENCAR S.R.L.","ESTACIÓN DE SERVICIOS / GRIFOS","MOQUEGUA","MARISCAL NIETO","TORATA","VILLA BOTIFLACA - CUAJONE","2026-07-31"
"21468","ESTACION PACIFICO S.A.C.","ESTACIÓN DE SERVICIOS / GRIFOS","ICA","ICA","ICA","CALLE LA MAR N° 308-326, ESQUINA CALLE DOS DE MAYO","2026-08-03"
"21482","MIOLENA S.A","ESTACIÓN DE SERVICIO CON GASOCENTRO DE GLP","LIMA","LIMA","SAN MARTIN DE PORRES","AV. CANTA CALLAO Y CALLE 2 - MZ. F, LT. 19 - 22, 38, 39, URB. BRISAS DE STA ROSA","2026-08-08"
"21483","INVERSIONES MULTIPLES NUEVO MUNDO S.A.C.","ESTACIÓN DE SERVICIO CON GASOCENTRO DE GLP","ANCASH","SANTA","CHIMBOTE","AV. CAMINO REAL MZ. N, LOTE 5, AA.HH. RAMAL PLAYA","2026-08-04"
"21490","SERVICENTRO ORO NEGRO S.R.L.","ESTACIÓN DE SERVICIOS / GRIFOS","PUNO","SAN ROMAN","JULIACA","URB PARQUE INDUSTRIAL TAPARACHI MZ C LOTE 18 SUB LOTE B","2026-08-05"
"21496","GRIFO VENECIA","ESTACIÓN DE SERVICIO CON GASOCENTRO DE GLP","SAN MARTIN","BELLAVISTA","BELLAVISTA","AV. BELLAVISTA S/N (CARRETERA FERNANDO BELAUNDE TERRY KM. 97)","2026-08-08"
"21510","SERVICIOS MULTIPLES POGAS S.A.C.","ESTACIÓN DE SERVICIOS / GRIFOS","LIMA","LIMA","VILLA MARIA DEL TRIUNFO","AV. 26 DE NOVIEMBRE N° 2415, ESQUINA CON CALLE ZAÑA AA.HH. NUEVA ESPERANZA","2026-08-07"
"21514","A & Y LOS ANDES EMPRESA INDIVIDUAL DE RESPONSABILIDAD LIMITADA","ESTACIÓN DE SERVICIOS / GRIFOS","JUNIN","HUANCAYO","CHILCA","CALLE REAL N° 1004","2026-08-09"
"21554","GRIFO SEÑOR DE SANTA CRUZ E.I.R.L.","ESTACIÓN DE SERVICIOS / GRIFOS","AYACUCHO","LA MAR","AYNA","AV. ALIANZA PARA EL PROGRESO S/N - MACHENTE","2026-08-08"
"21556","INVERSIONES GENERALES GAMID EMPRESA INDIVIDUAL DE RESPONSABILIDAD LIMITADA","ESTACIÓN DE SERVICIOS / GRIFOS","CUSCO","LA CONVENCION","SANTA ANA","AV. EDGAR DE LA TORRE S/N (SECTOR COCLA)","2026-08-01"
"21557","GRIFO PARQUE INDUSTRIAL EL ASESOR S.A.C.","ESTACIÓN DE SERVICIOS / GRIFOS","LIMA","LIMA","ATE","ESQUINA AV. C Y CALLE 5 PARQUE INDUSTRIAL EL ASESOR","2026-08-09"
"21558","COESTI S.A","ESTACIÓN DE SERVICIOS / GRIFOS","LIMA","LIMA","BARRANCO","AV. EL SOL Nº 697, ESQUINA CON AV. REPUBLICA DE PANAMA","2026-08-09"
"21559","PETRONEX PERU S.A.C.","ESTACIÓN DE SERVICIO CON GASOCENTRO DE GLP","MOQUEGUA","ILO","ILO","AV. 28 DE JULIO N° 605","2026-08-08"
"21560","CORPORACION DE SERVICIOS SUD AMERICA E.I.R.L","ESTACIÓN DE SERVICIOS / GRIFOS","SAN MARTIN","MOYOBAMBA","MOYOBAMBA","CARRETERA MARGINAL KM. 505 SECTOR UCHUGLLA","2026-08-08"
"21583","TOP SERVICE C Y T S.C.R.L.TDA.","ESTACIÓN DE SERVICIOS / GRIFOS","PUNO","SAN ROMAN","JULIACA","AV. CIRCUNVALACIÓN ZONA ESTE Nº 2202 URB. LOS ROSALES","2026-08-08"
"21620","INKA GRIFOS","ESTACIÓN DE SERVICIOS / GRIFOS","PUNO","SAN ROMAN","JULIACA","ESQ. AV. APIRAJ CON JR. ARTESANAL S/N","2026-08-03"
"21621","GRIFO TAMBINITO S.R.L.","ESTACIÓN DE SERVICIOS / GRIFOS","AYACUCHO","HUAMANGA","JESUS NAZARENO","CARRETERA AYACUCHO - HUANTA KM. 4.4.","2026-08-06"
"21622","ESTACION DE SERVICIOS MANCHEGO SRL","ESTACIÓN DE SERVICIO CON GASOCENTRO DE GLP","ICA","ICA","LA TINGUIÑA","AV. VICTORIO GOTUZZO N° 1102","2026-08-08"
"21623","NEGOCIACIONES JCKA S.A.C","ESTACIÓN DE SERVICIO CON GASOCENTRO DE GLP","AYACUCHO","HUAMANGA","ANDRES AVELINO CACERES","AV. 9 DE DICIEMBRE N° 1000 (SECTOR HUAMANHUAYRA)","2026-08-08"
"21626","AUCALLAMAS SAC","ESTACIÓN DE SERVICIOS / GRIFOS","LIMA","HUARAL","AUCALLAMA","CARRETERA PANAMERICANA NORTE KM. 75.1","2026-08-09"
"21630","EMPRESA COMERCIALIZADORA DE COMBUSTIBLES Y TRANSPORTES EL ANGEL E.I.R.L.","ESTACIÓN DE SERVICIOS / GRIFOS","AYACUCHO","HUAMANGA","ANDRES AVELINO CACERES","AV. DEL EJERCITO N° 391","2026-08-08"
"21635","GRIFO RIO GRANDE S.A.C","ESTACIÓN DE SERVICIOS / GRIFOS","SAN MARTIN","RIOJA","PARDO MIGUEL","ESQUINA AV. LOS NARANJOS Y AV. MARGINAL","2026-08-06"
"21636","ESTACION DE SERVICIOS ESPINOZA ORE HNOS S.R.L.","ESTACIÓN DE SERVICIO CON GASOCENTRO DE GLP","HUANCAVELICA","HUANCAVELICA","HUANCAVELICA","AV LOS INCAS N° 1003 - 1005","2026-08-09"
"21637","GRIFO TATE S.R.L.","ESTACIÓN DE SERVICIOS / GRIFOS","ICA","ICA","TATE","MZA. R LOTE. 1 CAS. CALDERONES (A 2 CUADRAS DE LA IGLESIA DE TATE)","2026-08-07"
"21638","A&V GRIFO E.I.R.L.","ESTACIÓN DE SERVICIOS / GRIFOS","CUSCO","CUSCO","POROY","CARRETERA CUSCO ABANCAY KM. 14","2026-08-05"
"21655","GRIOS ESTRELLA DE DAVID EIRL","ESTACIÓN DE SERVICIOS / GRIFOS","LA LIBERTAD","TRUJILLO","TRUJILLO","AV. RICARDO PALMA N° 504 ESQUINA CON AV. AMERICA SUR N° 1303-1305 URB. SANTO DOMINGUITO","2026-08-04"
"21660","REPSOL COMERCIAL S.A.C.","ESTACIÓN DE SERVICIOS / GRIFOS","LIMA","LIMA","VILLA EL SALVADOR","AV. CENTRAL CDRA. 6, SECTOR 1, GRUPO 3, MZ. J, LTS. 1, 2 Y 24","2026-08-09"
"21665","PRIMAX ARMENDARIZ","ESTACIÓN DE SERVICIOS / GRIFOS","LIMA","LIMA","MIRAFLORES","ESQ. AV. LA PAZ Y AV. ARMENDARIZ N° 575","2026-08-09"
"21727","GRIFO TICO TICO SAC","ESTACIÓN DE SERVICIO CON GASOCENTRO DE GLP","ICA","CHINCHA","PUEBLO NUEVO","AV. VICTOR ANDRES BELAUNDE N° 598 ESQUINA CON JR. SANTA ROSA MZ. 39 LOTES 38, 39, 40, 41 Y 42","2026-08-07"
"21728","GRIFO ALEXMATH","ESTACIÓN DE SERVICIOS / GRIFOS","AREQUIPA","AREQUIPA","MIRAFLORES","ESQUINA AV. GOYENECHE N° 701 CON CALLE MOQUEGUA","2026-08-08"
"21755","GPI CORPORACION E.I.R.L.","ESTACIÓN DE SERVICIOS / GRIFOS","JUNIN","HUANCAYO","PILCOMAYO","AV. CORONEL PARRA N° 2190","2026-08-07"
"21773","COMBUSTIBLES PERUANOS PETROIL S.A.C.","ESTACIÓN DE SERVICIOS / GRIFOS","ICA","PISCO","TUPAC AMARU INCA","CARRETERA PANAMERICANA SUR KM. 231 + 607","2026-08-09"
"21792","TRANSPORTE CASSA E.I.R.L.","ESTACIÓN DE SERVICIOS / GRIFOS","LIMA","HUARAL","HUARAL","PROLONG.AV. ESTACION S/N, LT.5, EX HACIENDA JESUS DEL VALLE","2026-08-08"
"21793","ESTACION PICHANAKI S.A.C","ESTACIÓN DE SERVICIO CON GASOCENTRO DE GLP","JUNIN","CHANCHAMAYO","PICHANAQUI","CARRETERA MARGINAL KM. 73 - ZOTARARI PARCELA Nº 30334","2026-08-09"
"21800","J & P ASOCIADOS S.R.L.","ESTACIÓN DE SERVICIO CON GASOCENTRO DE GLP","AREQUIPA","AREQUIPA","JOSE LUIS BUSTAMANTE Y RIVERO","ESQ. AV. VIDAURRAZAGA CON CALLE 1° DE MAYO","2026-08-09"
"21805","INVERSIONES NEYRA VALENCIA SAC","ESTACIÓN DE SERVICIOS / GRIFOS","SAN MARTIN","MOYOBAMBA","CALZADA","CARRETERA FERNANDO BELAUNDE TERRY KM. 493+820 SECTOR PROGRESO","2026-08-06"
"31653","EL OASIS DE ICA S.A.C.","EE.SS con GLP y GNV","ICA","ICA","SUBTANJALLA","CARRETERA PANAMERICANA SUR NRO. S/N KM 298.2","2026-08-06"
"31655","INVERSIONES Y REPRESENTACIONES EGAR S.A.C.","ESTACIÓN DE SERVICIO CON GASOCENTRO DE GLP","LIMA","HUARAL","HUARAL","PARCELA 42 EX FUNDO HUERTO ESQUIVEL (AV. CHANCAY KM. 8)","2026-08-07"
"31666","GRIFO FLOTANTE PETROMILG","GRIFOS FLOTANTES","UCAYALI","ATALAYA","RAYMONDI","ORILLAS DEL RIO TAMBO, JR. MALECON S/N, VILLA ATALAYA","2026-08-06"
"31667","GRIFO FLOTANTE MARIA EUGENIA E.I.R.L. ","GRIFOS FLOTANTES","LORETO","MAYNAS","PUNCHANA","PUERTO BELLAVISTA, MARGEN DERECHA DEL RIO NANAY","2026-08-07"
"31896","INVERSIONES CARLOS RAFAEL E.I.R.L.","ESTACIÓN DE SERVICIOS / GRIFOS","LORETO","ALTO AMAZONAS","YURIMAGUAS","CARRETERA TARAPOTO - YURIMAGUAS KM. 46 + 150 - PAMPA HERMOSA","2026-08-07"
"31899","DELTA LOS PORTALES EIRL","ESTACIÓN DE SERVICIO CON GASOCENTRO DE GLP","HUANUCO","HUANUCO","AMARILIS","AV. INTER REGIONAL HUANUCO - PUCALLPA Nº 1200","2026-08-05"
"31917","ESTACION DE SERVICIOS LI S.A.C.","EE.SS con GLP y GNV","LIMA","HUAURA","SANTA MARIA","CARRETERA PANAMERICANA NORTE N° 990, BARRIO VALDIVIA","2026-08-08"
"31924","GERMAN NUREÑA PRETEL","ESTACIÓN DE SERVICIOS / GRIFOS","CAJAMARCA","CONTUMAZA","YONAN","CARRETERA TEMBLADERA - CAJAMARCA KM 64 CASERIO YATAHUAL","2026-08-07"
"31927","REPSOL COMERCIAL S.A.C.","EE.SS con GLP y GNV","LIMA","LIMA","LA VICTORIA","AV. IQUITOS N° 1100. ESQUINA CON JIRON ITALIA N° 100","2026-08-09"
"31929","GRIFO EL SOL S.R.L.","ESTACIÓN DE SERVICIOS / GRIFOS","ANCASH","HUARAZ","TARICA","CARRETERA HUARAZ - CARAZ KM. 210 SECTOR MULLACA","2026-08-04"
"31936","AEROGAS DEL NORTE S.A.C.","ESTACIÓN DE SERVICIO CON GASOCENTRO DE GLP","LAMBAYEQUE","CHICLAYO","LA VICTORIA","AV. LOS ANDES CON ESQUINA ANTENOR ORREGO Nº 1387","2026-08-07"
"31945","GRIFO HALIGAS E.I.R.L. ","ESTACIÓN DE SERVICIOS / GRIFOS","PUNO","SAN ROMAN","CARACOTO","CARRETERA JULIACA - PUNO KM. 6.75","2026-07-30"
"31952","COMBUSTIBLES DEL ORIENTE S.A.C.","ESTACIÓN DE SERVICIOS / GRIFOS","UCAYALI","CORONEL PORTILLO","CALLERIA","AV. CENTENARIO Nº 147","2026-08-07"
"31976","SERVICENTRO MALDONADO","ESTACIÓN DE SERVICIOS / GRIFOS","MADRE DE DIOS","TAMBOPATA","TAMBOPATA","AV. ANDRES A. CACERES ESQUINA CON JR. JUANA BLANCO MZ. A LOTE 163 B","2026-08-08"
"31977","GRIFO  A1","ESTACIÓN DE SERVICIOS / GRIFOS","LIMA","HUAROCHIRI","SAN ANTONIO","AV. UNION MZ. Y2 LOTES 21 Y 22 JICAMARCA, ESQUINA JR. LOS OLIVOS","2026-08-07"
"31992","FORMULA 1 GRIFOS SAC","ESTACIÓN DE SERVICIO CON GASOCENTRO DE GLP","CAJAMARCA","JAEN","JAEN","CARRETERA OLMOS - CORRAL QUEMADO KM 182.35","2026-08-08"
"32007","ESTACION DE SERVICIOS MELCHORITA EIRL.","ESTACIÓN DE SERVICIOS / GRIFOS","SAN MARTIN","SAN MARTIN","TARAPOTO","AV. VIA DE EVITAMIENTO N° 582","2026-08-09"
"32640","SERVICENTRO HUALLANCA S.R.L.","ESTACIÓN DE SERVICIOS / GRIFOS","ANCASH","BOLOGNESI","HUALLANCA","AV. AREQUIPA S/N","2026-08-05"
"33160","CHUQUIPUL MACIZO FELIX","ESTACIÓN DE SERVICIOS / GRIFOS","AYACUCHO","HUAMANGA","AYACUCHO","CARRETERA VIA LOS LIBERTADORES KM. 4.9 SECTOR CHAMANAPATA","2026-08-08"
"33168","SERVICENTRO SAN RAFAEL E.I.R.L.","ESTACIÓN DE SERVICIOS / GRIFOS","SAN MARTIN","BELLAVISTA","SAN RAFAEL","CARRETERA FERNANDO BELAUNDE TERRY KM. 83","2026-08-07"
"33177","ESTACION DE SERVICIO SAN MARTIN","ESTACIÓN DE SERVICIO CON GASOCENTRO DE GLP","LIMA","HUARAL","HUARAL","ESQUINA AV. CIRCUNVALACION NORTE Y PROLONGACION MARISCAL CASTILLA MZ B LTS. 9, 10, 11 Y 12","2026-08-09"
"33178","VICTORIANO BELIZARIO AVILA","GRIFOS RURALES CON ALMACENAMIENTO EN CILINDROS","PUNO","PUNO","COATA","CARRETERA COATA - CAPACHICA KM. 19 CENTRO POBLADO ALMOSANCHE","2026-08-02"
"33246","GRIFO EL VOLANTE S.A.C. ","ESTACIÓN DE SERVICIOS / GRIFOS","CUSCO","QUISPICANCHI","LUCRE","CARRETERA CUSCO - URCOS KM. 25 SECTOR HUACARPAY","2026-08-05"
"33266","SERVICENTRO VIRGEN DE LA PUERTA E.I.R.L.","ESTACIÓN DE SERVICIO CON GASOCENTRO DE GLP","CAJAMARCA","CAJABAMBA","CAJABAMBA","JR. BALTA N° 513","2026-08-07"
"33301","ESTACION EL VOLANTE S.A.C.","ESTACIÓN DE SERVICIO CON GASOCENTRO DE GLP","ANCASH","SANTA","CHIMBOTE","PROLONGACION BUENOS AIRES KM 3.5, PARCELA 11035A Y 11035B, PREDIO LA RINCONADA, SECTOR SAN JOSE","2026-08-08"
"33329","COESTI S.A","ESTACIÓN DE SERVICIO CON GASOCENTRO DE GLP","LIMA","BARRANCA","BARRANCA","AV. RAMON CASTILLA N° 921","2026-08-09"
"33342","COESTI S.A.","EE.SS con GLP y GNV","LIMA","LIMA","LA VICTORIA","AV. AVIACION S/N, ALTURA CDRA. 15, OVALO ARRIOLA","2026-08-08"
"33352","NICOLAS ATILIO CARRION CALVO ","ESTACIÓN DE SERVICIOS / GRIFOS","ANCASH","YUNGAY","YUNGAY","AV. ARIAS GRAZZIANI S/N","2026-08-07"
"33366","SERVICIOS MULTIPLES LAS TORRECITAS S.R.L.","ESTACIÓN DE SERVICIOS / GRIFOS","CAJAMARCA","CAJAMARCA","CAJAMARCA","AV. RAFAEL HOYOS RUBIO N° 1589","2026-08-06"
"33371","GRIFO NACIONAL E.I.R.LTDA","ESTACIÓN DE SERVICIO CON GASOCENTRO DE GLP","JUNIN","HUANCAYO","CHILCA","AV. 9 DE DICIEMBRE Nº 1301","2026-08-05"
"33372","ESTACION DE SERVICIOS PECOLINE S.R.L.","ESTACIÓN DE SERVICIO CON GASOCENTRO DE GLP","LAMBAYEQUE","CHICLAYO","JOSE LEONARDO ORTIZ","INTERSECCION AV. CHICLAYO Y AV. BALTA, UPIS 1° DE MAYO","2026-08-07"
"33373","GYP INVERSIONES ISLAY","ESTACIÓN DE SERVICIOS / GRIFOS","AREQUIPA","ISLAY","MOLLENDO","AV. PANAMERICANA S/N INTERSECCION CON CALLE 10, URB. ALTO INCLAN, MZ. X, LT. 12, ZONA A","2026-08-08"
"33379","ESTACION DE SERVICIOS BELLAVISTA E.I.R.L.","ESTACIÓN DE SERVICIO CON GASOCENTRO DE GLP","JUNIN","CHANCHAMAYO","SAN RAMON","CARRETERA MARGINAL KM.101","2026-08-07"
"33410","ESTACION DE SERVICIOS GRIFO ALAMO E.I.R.L.","ESTACIÓN DE SERVICIO CON GASOCENTRO DE GLP","PROV. CONST. DEL CALLAO","PROV. CONST. DEL CALLAO","CALLAO","AV. PACASMAYO Y AV. COLECTORA, MZ O, LOTES 16A, 21A, 22, 22A, 23, 24 Y 25 ASOCIACIÓN PRO  VIVIENDA DE LOS TRABAJADORES PUERTO CALLAO II ETAPA","2026-08-08"
"33444","FULL PETROL SAC","ESTACIÓN DE SERVICIOS / GRIFOS","CUSCO","CANCHIS","SICUANI","VIA EVITAMIENTO ESQ. AV. SANTA CRUZ DE ACCOTA","2026-08-07"
"33452","ESTACIONES ALEJANDRO S.A.C.","ESTACIÓN DE SERVICIO CON GASOCENTRO DE GLP","ICA","ICA","SANTIAGO","CARRETERA PANAMERICANA SUR KM. 320 + 070 CASERIO CASA BLANCA","2026-08-09"
"33498","HIDROCARBUROS RIOS D Y D SAC","ESTACIÓN DE SERVICIOS / GRIFOS","HUANUCO","LEONCIO PRADO","RUPA-RUPA","AV. ANTONIO RAYMONDI N° 792","2026-08-03"
"33521","COESTI S.A.","ESTACIÓN DE SERVICIO CON GASOCENTRO DE GLP","LIMA","HUARAL","HUARAL","AV. CHANCAY S/N ESQUINA CON CALLE 3 DE OCTUBRE","2026-08-08"
"33541","GRIFO RACING EIRL","ESTACIÓN DE SERVICIO CON GASOCENTRO DE GLP","HUANUCO","HUANUCO","AMARILIS","CARRETERA CENTRAL HUANUCO - TINGO MARIA KM 2.5","2026-08-09"
"33542","A Y L S.R.L.","ESTACIÓN DE SERVICIOS / GRIFOS","AREQUIPA","AREQUIPA","CERRO COLORADO","ASOCIACIÓN DE VIVIENDA VILLA EL PARAISO, MZ G-1, LOTES Nº 01, 17 Y 18","2026-08-08"
"33543","SERVICENTRO VILCANOTA","ESTACIÓN DE SERVICIOS / GRIFOS","CUSCO","CANCHIS","SICUANI","AV. AREQUIPA N° 598","2026-08-08"
"33592","V T SERVICENTRO SAN JUAN E.I.R.L.","ESTACIÓN DE SERVICIOS / GRIFOS","PUNO","LAMPA","CALAPUJA","CARRETERA JULIACA-CUSCO KM. 23","2026-08-07"
"33646","REPSOL COMERCIAL S.A.C.","ESTACIÓN DE SERVICIOS / GRIFOS","AREQUIPA","CAMANA","NICOLAS DE PIEROLA","CARRETERA PANAMERICANA SUR KM. 828.95","2026-08-09"
"33657","LUISA ANGELICA TORRES VASQUEZ","ESTACIÓN DE SERVICIO CON GASOCENTRO DE GLP","LIMA","LIMA","ATE","AV. NICOLAS AYLLON (CARRETERA CENTRAL) KM. 12, SUBLOTE A DEL FUNDO SAN JUAN DE PARIACHI","2026-08-08"
"33678","ESTACION DE SERVICIOS PERCY CAR S.R.L.","ESTACIÓN DE SERVICIO CON GASOCENTRO DE GLP","LIMA","LIMA","VILLA EL SALVADOR","AV. PASTOR SEVILLA Y AV. MARIA REICHE, MZ. A LOTES 6, 7, 8 Y 9 SECTOR 2, 4TA ETAPA URB. PACHACAMAC","2026-08-09"
"33684","SERVICENTRO PASAMAYO S.A.C.","ESTACIÓN DE SERVICIO CON GASOCENTRO DE GLP","LIMA","HUARAL","AUCALLAMA","CARRETERA PANAMERICANA NORTE KM 66 SECTOR A, PASAMAYO","2026-08-08"
"33688","ESTACION DE SERVICIOS MULTIPLES AMAZONAS E.I.R.L.","ESTACIÓN DE SERVICIOS / GRIFOS","AMAZONAS","CHACHAPOYAS","CHACHAPOYAS","JR. DOS DE MAYO S/N CDRA. 13 BARRIO LA LAGUNA","2026-08-04"
"33876","REPSOL COMERCIAL S.A.C","ESTACIÓN DE SERVICIOS / GRIFOS","LA LIBERTAD","TRUJILLO","TRUJILLO","AV. NICOLAS DE PIEROLA N° 800-820 ESQUINA CON AV. TEODORO VARCARCEL N° 201-211 URB. PRIMAVERA","2026-08-09"
"33877","EE.SS. RURAL ALIANZA SAC","ESTACIÓN DE SERVICIOS / GRIFOS","PUNO","MELGAR","AYAVIRI","AV. LOS INCAS S/N MZ. E LT. 1-10 URB. VALLECITO AA.HH. PUEBLO LIBRE","2026-08-06"
"33884","INVERSIONES D'CEVALLOS S.R.L.","ESTACIÓN DE SERVICIOS / GRIFOS","SAN MARTIN","PICOTA","PICOTA","CARRETERA FERNANDO BELAUNDE TERRY SUR KM. 60","2026-08-07"
"33885","ESTACION DE SERVICIOS EL SALVADOR FC SAC","ESTACIÓN DE SERVICIOS / GRIFOS","CAJAMARCA","JAEN","SAN FELIPE","CARRETERA OLMOS-CORRAL QUEMADO KM 70+400 CASERIO 81","2026-08-08"
"33967","GRIFO CASTILLA E.I.R.L.","ESTACIÓN DE SERVICIOS / GRIFOS","AYACUCHO","HUAMANGA","AYACUCHO","AV. MARISCAL CASTILLA N° 789","2026-08-08"
"34004","GRIFO SAN CARLOS S.R.L.","ESTACIÓN DE SERVICIOS / GRIFOS","LA LIBERTAD","OTUZCO","OTUZCO","AV. TRUJILLO S/N BARRIO SAN REMIGIO DE BUENA VISTA","2026-08-09"
"34006","INVERSIONES MCV SAC","ESTACIÓN DE SERVICIOS / GRIFOS","JUNIN","HUANCAYO","SAN JERONIMO DE TUNAN","CARRETERA CENTRAL KM. 15.5 BARRIO TUNÁN","2026-08-08"
"34011","GRIFO EL SOL LAS PALOMAS SAC","ESTACIÓN DE SERVICIOS / GRIFOS","LIMA","LIMA","VILLA MARIA DEL TRIUNFO","AV. EL SOL N° 645","2026-08-09"
"34039","GRIFO PETROSOL SRL","ESTACIÓN DE SERVICIOS / GRIFOS","CAJAMARCA","JAEN","JAEN","CARRETERA JAEN-SAN IGNACIO KM 23 SECTOR LINDEROS","2026-08-07"
"34062","GAYETANO SANCHEZ VALVERDE","ESTACIÓN DE SERVICIOS / GRIFOS","PASCO","PASCO","CHAUPIMARCA","AV. ASOCIACION NUEVA ESPERANZA MZ. A LT. 1 LA ESPERANZA","2026-08-08"
"34063","ALFA COMBUSTIBLES 2 EIRL","ESTACIÓN DE SERVICIOS / GRIFOS","AREQUIPA","CASTILLA","URACA","AV. JUAN PABLO VIZCARDO Y GUZMAN S/N","2026-08-08"
"34080","PILOTOS GAS S.A.C.","ESTACIÓN DE SERVICIO CON GASOCENTRO DE GLP","APURIMAC","ANDAHUAYLAS","ANDAHUAYLAS","AV. JOSE MARIA ARGUEDAS NRO. 589","2026-08-08"
"34082","INVERSIONES DON BENJITA S.A.C.","ESTACIÓN DE SERVICIOS / GRIFOS","AMAZONAS","CHACHAPOYAS","CHACHAPOYAS","JR. LA MERCED N° 370","2026-08-03"
"34084","M Y A MULTISERVICIOS INVERSIONES GENERALES SOCIEDAD ANONIMA CERRADA","ESTACIÓN DE SERVICIOS / GRIFOS","PUNO","SAN ROMAN","JULIACA","CARRETERA JULIACA - CUSCO KM. 8+200 PARCIALIDAD ESCURI ARRIBA","2026-08-08"
"34085","REPRESENTACIONES FLORENCIO S.A.C.","ESTACIÓN DE SERVICIO CON GASOCENTRO DE GLP","LIMA","CAÑETE","SAN VICENTE DE CAÑETE","CARRETERA PANAMERICANA SUR KM. 148.4","2026-08-08"
"34088","GRIFO FLOTANTE MARIA EUGENIA EIRL","ESTACIÓN DE SERVICIOS / GRIFOS","LORETO","MAYNAS","SAN JUAN BAUTISTA","CARRETERA IQUITOS NAUTA KM. 5.5, QUISTOCOCHA","2026-08-07"
"34091","GRIFO MILLENIUM S,R,L.","ESTACIÓN DE SERVICIOS / GRIFOS","UCAYALI","CORONEL PORTILLO","CALLERIA","JR. SALAVERRY CON JR. UCAYALI N° 601","2026-08-08"
"34130","MULTISERVICIOS CAMACHO S.R.L.","ESTACIÓN DE SERVICIOS / GRIFOS","CAJAMARCA","SAN MARCOS","PEDRO GALVEZ","ESQUINA AV. PRIMAVERA CON JR. 13 SECTOR LA HUAYLLA","2026-08-05"
"34149","EL INCOMPRENDIDO S.A.C.","ESTACIÓN DE SERVICIOS / GRIFOS","LIMA","LIMA","VILLA MARIA DEL TRIUNFO","AV. VILLA MARIA DEL TRIUNFO N° 1988, ESQUINA CON CALLE INDEPENDENCIA, MZ. H-19 LOTE 15","2026-08-07"
"34161","GRIFO FLOTANTE PATITO","GRIFOS FLOTANTES","LORETO","MAYNAS","BELEN","MARGEN DERECHA DEL RIO ITAYA","2026-08-05"
"34178","SERVICIOS MULTIPLES SANTA CECILIA S.A.C.","EE.SS con GLP y GNV","LIMA","LIMA","LURIGANCHO","AUTOPISTA RAMIRO PRIALE KM 8.5, MZ. A, SUB LOTE 54-B, CENTRO POBLADO MENOR DE SANTA MARIA DE HUACHIPA","2026-08-08"
"34179","INVERSIONES MICE S.A.C.","EE.SS con GLP y GNV","LIMA","LIMA","VILLA EL SALVADOR","AV. MARIA REYCHE Y AV. SEPARADORA INDUSTRIAL IV ETAPA, URB. PACHACAMAC","2026-08-09"
"34285","GRIFO FLOTANTE SATELITE S.R.L.","ESTACIÓN DE SERVICIOS / GRIFOS","LORETO","ALTO AMAZONAS","YURIMAGUAS","CALLE FRANCISCO BARDALES N° 920, ESQUINA CALLE JORGE CHAVEZ","2026-08-08"
"34323","CORPORACION SAN IGNACIO DE RICALDI SOCIEDAD ANONIMA CERRADA COSAIR S.A.C.","ESTACIÓN DE SERVICIOS / GRIFOS","LIMA","OYON","OYON","AV. HUANUCO N° 280","2026-07-31"
"34343","ESTACION DE SERVICIOS GRIFO DENVER SRL","ESTACIÓN DE SERVICIOS / GRIFOS","LIMA","HUARAL","AUCALLAMA","CARRETERA PANAMERICANA NORTE KM 66 PASAMAYO","2026-08-07"
"34345","INVERSIONES GENERALES GAMIA EMPRESA INDIVIDUAL DE RESPONSABILIDAD LIMITADA","ESTACIÓN DE SERVICIOS / GRIFOS","CUSCO","ANTA","ANTA","CARRETERA CUSCO - ABANCAY KM. 26 FUNDO QUINTA MARIA, PUCRUPAMPA","2026-08-09"
"34443","PASCUAL FRETEL DAVID EDGAR","ESTACIÓN DE SERVICIOS / GRIFOS","UCAYALI","PADRE ABAD","PADRE ABAD","CARRETERA FEDERICO BASADRE KM. 214 CASERIO MIGUEL GRAU","2026-08-08"
"34444","EMPRESA COMERCIALIZADORA DE HIDROCARBUROS Y SERVICIOS ARIAS HERMANOS S.A.","ESTACIÓN DE SERVICIOS / GRIFOS","UCAYALI","CORONEL PORTILLO","CALLERIA","AV. CENTENARIO N° 1050 (CARRETERA FEDERICO BASADRE KM. 2.3","2026-08-09"
"34452","ESTACION DE SERVICIOS GASOCENTRO SAN MARTIN DE PORRES  SAC","ESTACIÓN DE SERVICIO CON GASOCENTRO DE GLP","SAN MARTIN","TOCACHE","TOCACHE","CARRETERA FERNANDO BELAUNDE TERRY KM. 17 MZ. '4' LT.11, DEL CENTRO POBLADO DE NUEVO BAMBAMARCA","2026-08-03"
"34453","ESTACIÓN DE SERVICIOS ARAGON S.R.L.","ESTACIÓN DE SERVICIOS / GRIFOS","AREQUIPA","AREQUIPA","MIRAFLORES","ESQ. AV. SAN MARTIN N° 5117 Y CALLE ICA PP.JJ. EL PORVENIR","2026-08-08"
"34456","OLEOCENTRO Y SERVICIOS CAUTIVO S.A.C","ESTACIÓN DE SERVICIOS / GRIFOS","PIURA","AYABACA","SUYO","CARRETERA PANAMERICANA NORTE SULLANA - SUYO KM.1131","2026-08-08"
"34457","SERVICENTRO PASAMAYO S.A.C.","ESTACIÓN DE SERVICIOS / GRIFOS","LIMA","LIMA","PUENTE PIEDRA","CARRETERA PANAMERICANA NORTE KM. 34 Y CALLE SANTA ROSA MZ. K-1, LOTE 12, CENTRO POBLADO ZAPALLAL","2026-08-07"
"34480","GRIFO CORIRE","ESTACIÓN DE SERVICIOS / GRIFOS","AREQUIPA","CASTILLA","URACA","AV. PROLONGACION PROGRESO S/N","2026-08-07"
"34491","EMPRESA DE TRANSPORTES MULTISERVICIOS SEÑOR DE LOS MILAGROS S.R.L.","ESTACIÓN DE SERVICIOS / GRIFOS","AYACUCHO","HUANTA","HUANTA","AV. MARISCAL CASTILLA N° 181, ESQ. CON SAENZ PEÑA","2026-08-09"
"34496","ESTACION DE SERVICIOS SAN ANTONIO S.A.C.","ESTACIÓN DE SERVICIOS / GRIFOS","ANCASH","YUNGAY","YUNGAY","KM. 259 + 200 CARRETERA HUARAZ - CARAZ- BARRIO CANYASBAMBA","2026-08-08"
"34547","COESTI S.A. EESS ESPANA 1","ESTACIÓN DE SERVICIO CON GASOCENTRO DE GLP","LA LIBERTAD","TRUJILLO","TRUJILLO","AV. ESPAÑA N° 2625 ESQUINA CON AV. 28 DE JULIO.","2026-08-08"
"34548","MAX GAS S.A.C.","ESTACIÓN DE SERVICIOS / GRIFOS","LIMA","LIMA","LA VICTORIA","AV. LUNA PIZARRO N° 1212, 1216, 1220 ESQUINA CALLE FRANCIA N° 584, 598","2026-08-08"
"34592","INVERSIONES PUQUIN S.A.C","ESTACIÓN DE SERVICIO CON GASOCENTRO DE GLP","CUSCO","CUSCO","SANTIAGO","AV. PROLONGACION ANTONIO LORENA S/N.","2026-08-08"
"34596","ESTACION DE SERVICIOS CRYSMAR E.I.R.L.","ESTACIÓN DE SERVICIO CON GASOCENTRO DE GLP","CAJAMARCA","CELENDIN","CELENDIN","AVENIDA CAJAMARCA S/N","2026-08-07"
"34604","EESS STA. TERESA DE JESUS S.A.C","ESTACIÓN DE SERVICIO CON GASOCENTRO DE GLP","JUNIN","JAUJA","SAUSA","CARRETERA CENTRAL N° 538","2026-08-06"
"34612","EMPRESA DE TRANSPORTES Y SERVICIOS EL SOL DE SANTA CLARA S.A.","ESTACIÓN DE SERVICIOS / GRIFOS","LIMA","LIMA","ATE","AV. SAN ALFONSO (LOTE 58) SANTA CLARA","2026-08-08"
"34622","INVERSIONES LIYHARID S.A.C.","ESTACIÓN DE SERVICIOS / GRIFOS","LA LIBERTAD","TRUJILLO","TRUJILLO","AV. CESAR VALLEJO N° 2091 ESQUINA CON CALLE LOS ZAFIROS - URB. LA RINCONADA","2026-08-07"
"34623","ESTACION DE SERVICIOS EL SOL S.R.L.","ESTACIÓN DE SERVICIOS / GRIFOS","ICA","NAZCA","NAZCA","CARRETERA PANAMERICANA SUR KM 441.85","2026-08-08"
"34649","GLMAR S.A.C.","ESTACIÓN DE SERVICIO CON GASOCENTRO DE GLP","LIMA","LIMA","SAN JUAN DE LURIGANCHO","ESQ. AV. DE LA FRATERNIDAD CON LA CALLE 19, MZ W-1, LOTES 15-16, AAHH. ENRIQUE MONTENEGRO","2026-08-08"
"34671","GRIFO SANTA ROSA SA","ESTACIÓN DE SERVICIOS / GRIFOS","LIMA","LIMA","LA VICTORIA","AV. BAUZATE Y MEZA ESQUINA JR. MENDOZA MERINO","2026-08-08"
"34740","GRIFO Y ESTACIONES MI LEYDI SAC","ESTACIÓN DE SERVICIO CON GASOCENTRO DE GLP","AMAZONAS","CHACHAPOYAS","CHACHAPOYAS","CARRETERA PEDRO RUIZ- CHACHAPOYAS KM 52 FUNDO VILLA DE PARIS","2026-08-07"
"34750","ESTACION DE SERVICIOS SANTA ROSA S.A.","ESTACIÓN DE SERVICIO CON GASOCENTRO DE GLP","AREQUIPA","AREQUIPA","CERRO COLORADO","VÍA DE EVITAMIENTO KM. 06","2026-08-08"
"34758","CRUZ DE MAYO EIRL","ESTACIÓN DE SERVICIOS / GRIFOS","CUSCO","QUISPICANCHI","LUCRE","CARRETERA CUSCO - URCOS KM. 25 HUACARPAY","2026-08-06"
"34770","REPSOL COMERCIAL S.A.C.","EE.SS con GLP y GNV","LIMA","LIMA","ATE","ESQ. AV. LOS INGENIEROS Y AV. SEPARADORA INDUSTRIAL N° 2503, MZ. E LOTE 14-2, URB. STA. RAQUEL 2DA. ETAPA","2026-08-09"
"34798","J. FLORES R. NEGOCIACIONES S.R.L.","ESTACIÓN DE SERVICIOS / GRIFOS","TACNA","TACNA","POCOLLAY","CARRETERA TACNA CALANA KM. 6","2026-08-07"
"34800","MHARA SERVICIOS MULTIPLES E.I.R.L. ","ESTACIÓN DE SERVICIOS / GRIFOS","AREQUIPA","AREQUIPA","SOCABAYA","CALLE JOSE MARIA ARGUEDAS N° 600","2026-08-08"
"34801","GRIFO NUEVO LURIN S.A.C.","ESTACIÓN DE SERVICIO CON GASOCENTRO DE GLP","LIMA","LIMA","LURIN","CALLE 5 MZ. F LOTE 01, URB. PROVIESA UNIVERSAL (NUEVO LURIN)","2026-08-08"
"34805","INVERSIONES KENY S.A.C.","ESTACIÓN DE SERVICIOS / GRIFOS","LIMA","LIMA","VILLA EL SALVADOR","ESQ. AV. MICAELA BASTIDAS Y MATEO PUMACAHUA SECTOR I, GRUPO 16 MZ. K, LT. 5 Y 6","2026-08-07"
"34820","ESTACION DE SERVICIOS LOS INCAS E.I.R.L.","ESTACIÓN DE SERVICIOS / GRIFOS","AREQUIPA","AREQUIPA","AREQUIPA","ESQ. DE AV. VIDAURRAZAGA CON CALLE BILLINGHURST, URB. PABLO VI, II ETAPA, MZ. L LT. 8","2026-08-08"
"34851","GRIFO SAN JUAN S.A","ESTACIÓN DE SERVICIOS / GRIFOS","LA LIBERTAD","SANCHEZ CARRION","HUAMACHUCO","ESQUINA JR. SANCHEZ CARRION CON JR. SANTIAGO ZAVALA","2026-08-03"
"34893","ESTACION DE SERVICIOS VILLARREAL S.R.L.","ESTACIÓN DE SERVICIO CON GASOCENTRO DE GLP","LA LIBERTAD","TRUJILLO","TRUJILLO","AVENIDA FEDERICO VILLARREAL N° 1310 ESQUINA CON CALLE JUAN DEL CORRAL N° 1095 URBANIZACION EL BOSQUE","2026-08-08"
"34928","ESTACION DE SERVICIOS MIRWAL S.A.C.","ESTACIÓN DE SERVICIO CON GASOCENTRO DE GLP","LIMA","LIMA","SAN JUAN DE MIRAFLORES","AV. MIGUEL IGLESIAS ESQUINA CON AV. ANDRES A. CACERES MZ. E, LOTES 14 Y 15, AA.HH. HEROES DE SAN JUAN","2026-08-09"
"34949","TRANSPCOM MAX E.I.R.L.","ESTACIÓN DE SERVICIO CON GASOCENTRO DE GLP","LIMA","HUAURA","VEGUETA","CARRETERA MAZO - VEGUETA S/N","2026-08-08"
"34968","INVERSIONES SOL DE HUAYCAN S.A","ESTACIÓN DE SERVICIO CON GASOCENTRO DE GLP","LIMA","HUAROCHIRI","SANTA CRUZ DE COCACHACRA","CARRETERA CENTRAL KM. 52-600, SANTA CRUZ DE COCACHACRA","2026-08-09"
"34975","SERVICENTROS MIGUEL GRAU S.R.L.","ESTACIÓN DE SERVICIOS / GRIFOS","AREQUIPA","AREQUIPA","PAUCARPATA","AV. MIGUEL GRAU ESQUINA CON CALLE LOS ALPES, PP.JJ. MIGUEL GRAU, MZ 1, LOTE 24A, ZONA B","2026-08-08"
"34987","LATINO SUR SAC","ESTACIÓN DE SERVICIOS / GRIFOS","CUSCO","CUSCO","SAN JERONIMO","AV. MANCO CAPAC N° 140 ESQUINA CON CALLE POLIBIO UMPIRE","2026-08-07"
"34989","COMBUSTIBLES Y SERVICIOS D & A S.A.C.","ESTACIÓN DE SERVICIOS / GRIFOS","AREQUIPA","AREQUIPA","CERRO COLORADO","INTERSECCIÓN DE LA AV. PERU CON LA AV. PUNO","2026-08-05"
"34997","GRIFO MICAELA E.I.R.L.","ESTACIÓN DE SERVICIO CON GASOCENTRO DE GLP","SAN MARTIN","SAN MARTIN","LA BANDA DE SHILCAYO","CARRETERA FERNANDO BELAUNDE TERRY KM 4.05","2026-08-05"
"35021","SERVICENTRO CERRO AZUL E.I.R.L.","ESTACIÓN DE SERVICIOS / GRIFOS","LIMA","CAÑETE","CERRO AZUL","CARRETERA PANAMERICANA SUR KM. 129+400","2026-08-03"
"35024","COESTI S.A.","ESTACIÓN DE SERVICIO CON GASOCENTRO DE GLP","LIMA","BARRANCA","SUPE PUERTO","CARRETERA PANAMERICANA NORTE KM 187 + 932.5, MANZANA URBANA 001-SUB LOTE 1, AA.HH. LETICIA","2026-08-09"
"35025","GLOBAL FUEL SAC","ESTACIÓN DE SERVICIO CON GASOCENTRO DE GLP","LIMA","LIMA","SANTIAGO DE SURCO","ESQUINA AV. EL POLO Y AV. RAUL FERRERO (CLUB GOLF LOS INCAS N° 493 MZ. C LT. 13)","2026-08-07"
"35059","GLOBAL FUEL S.A","EE.SS con GNV","LIMA","LIMA","SANTIAGO DE SURCO","AV.PRIMAVERA N° 1204-1212, ESQUINA CON JR. JERONIMO DE ALIAGA SUR (LTS. 25,26 DE LA MZ. H, URB. VALLE HERMOSO DE MONTERRICO - ZONA ESTE)","2026-08-07"
"35102","GRIFO JOAR SRL","ESTACIÓN DE SERVICIO CON GASOCENTRO DE GLP","PASCO","OXAPAMPA","OXAPAMPA","AV. SAN MARTIN N° 035 CERCADO CDRA. 1","2026-08-08"
"35104","ESTACION DE SERVICIOS GRIFO SANTA EULALIA S.R.L.","ESTACIÓN DE SERVICIO CON GASOCENTRO DE GLP","ANCASH","HUARAZ","INDEPENDENCIA","AVENIDA CENTENARIO S/N CUADRA 18, URBANIZACION CASCAPAMPA","2026-08-07"
"35118","SHILCAYO GRIFO S.R.L","ESTACIÓN DE SERVICIO CON GASOCENTRO DE GLP","SAN MARTIN","SAN MARTIN","MORALES","CARRETERA FERNANDO BELAUNDE TERRY KM. 5 - SECTOR LA PLANICIE","2026-08-08"
"35137","JHON MARINO","GRIFOS FLOTANTES","UCAYALI","CORONEL PORTILLO","CALLERIA","PUERTO MALECON GRAU S/N","2026-08-08"
"35232","CORPORACION GRIFERA SRL","ESTACIÓN DE SERVICIOS / GRIFOS","CUSCO","CUSCO","SAN SEBASTIAN","PROLONGACION AV. DE LA CULTURA S/N","2026-08-05"
"35251","REPSOL COMERCIAL S.A.C.","ESTACIÓN DE SERVICIOS / GRIFOS","LIMA","LIMA","CHORRILLOS","AV. DEFENSORES DEL MORRO (ANTES HUAYLAS) N° 2671 MZ. Z-1, LTS. 1, 2, 3, 4 Y 5. URB. SANTA LEONOR","2026-08-09"
"35257","MULTISERVI. SR. DE QUINUAPATA  E.I.R.L.","ESTACIÓN DE SERVICIO CON GASOCENTRO DE GLP","JUNIN","CHANCHAMAYO","SAN RAMON","AV. JUAN SANTOS ATAHUALPA S/N SECTOR HUACARA","2026-08-08"
"35258","CONSORCIO COMERCIAL SUDAMERICANA S.R.L","ESTACIÓN DE SERVICIO CON GASOCENTRO DE GLP","JUNIN","HUANCAYO","EL TAMBO","JR. JORGE CHAVEZ N° 101 ESQ. AV. FF.CC.","2026-08-09"
"35259","ESTACION DE SERVICIOS GRIFO YURA-EL PORVENIR S.R.L.","ESTACIÓN DE SERVICIOS / GRIFOS","AREQUIPA","AREQUIPA","YURA","CARRETERA AREQUIPA PUNO KM 19.465","2026-08-08"
"35325","SERVICENTRO LOVI","ESTACIÓN DE SERVICIOS / GRIFOS","ANCASH","SANTA","MORO","PARCELA 10250 D,E,F, EL SOCORRO","2026-08-06"
"35335","GRIFO PUNCHAUCA E.I.R.L.","ESTACIÓN DE SERVICIOS / GRIFOS","LIMA","LIMA","CARABAYLLO","CARRETERA LIMA - CANTA KM. 25","2026-08-01"
"35357","REPRESENTACIONES E INVERSIONES CAMAMA S.A.C.","ESTACIÓN DE SERVICIOS / GRIFOS","LIMA","LIMA","SAN JUAN DE MIRAFLORES","ESQ. AV. SAN JUAN Y CALLE CAJAMARCA MZ. R-10 LT. 12, SECTOR LEONCIO PRADO - PAMPLONA ALTA","2026-08-04"
"35408","EXPLORIUM S.A.C.","ESTACIÓN DE SERVICIO CON GASOCENTRO DE GLP","LIMA","LIMA","SAN JUAN DE LURIGANCHO","ESQ. AV. PROCERES DE LA INDEPENDENCIA (EX-WIESSE) / AV. AMPLIACION MARISCAL CACERES MZ P15 LT 124","2026-08-08"
"35621","HIRIDARAN E.I.R.L.","ESTACIÓN DE SERVICIOS / GRIFOS","LAMBAYEQUE","CHICLAYO","REQUE","CARRETERA PANAMERICANA NORTE KM. 756 + 750 LOTIZACION EL CERRILLO","2026-08-08"
"35624","ESTACION DE SERVICIO DON JULIAN EIRL","ESTACIÓN DE SERVICIOS / GRIFOS","LIMA","LIMA","ATE","AV SANTA ROSA N° 333","2026-08-03"
"35663","TORRES OLIVEROS MARTIN EFRAIN","ESTACIÓN DE SERVICIOS / GRIFOS","ANCASH","YUNGAY","YUNGAY","CARRETERA CENTRAL S/N","2026-08-07"
"35855","MI LUCERITO E.I.R.L.","ESTACIÓN DE SERVICIOS / GRIFOS","CAJAMARCA","SANTA CRUZ","SANTA CRUZ","AV. LOS MAESTROS S/N. SECTOR COTEL","2026-08-07"
"35859","PAS S.R.L.","ESTACIÓN DE SERVICIOS / GRIFOS","LAMBAYEQUE","CHICLAYO","CHICLAYO","ELVIRA GARCÍA Y GARCÍA Nº 359 PP.JJ. JOSE OLAYA","2026-08-09"
"35892","COMBUSPETROL E.I.R.L.","ESTACIÓN DE SERVICIO CON GASOCENTRO DE GLP","JUNIN","HUANCAYO","CHILCA","AV. PANAMERICANA SUR Nº 350","2026-08-08"
"36054","L Y L NEGOCIOS EIRL","ESTACIÓN DE SERVICIOS / GRIFOS","UCAYALI","CORONEL PORTILLO","CALLERIA","JR. ZARUMILLA N° 345 ESQUINA CON JR. ALFONSO UGARTE - PUCALLPA","2026-08-08"
"36159","BEZIM GROUP S.A.","ESTACIÓN DE SERVICIOS / GRIFOS","LIMA","LIMA","SAN JUAN DE MIRAFLORES","MZ. C LOTE 38, AA.HH. HEROES DE SAN JUAN, SECTOR 5 FRENTE A LA AV. MARIANO PASTOR SEVILLA (ANTES AV. PASTOR SEVILLA CRUCE CON LA AV. LOS GERANIOS)","2026-08-08"
"36352","HERKA SOLUCIONES E.I.R.L.","ESTACIÓN DE SERVICIOS / GRIFOS","AREQUIPA","AREQUIPA","JACOBO HUNTER","AV. FRANCISCO MOSTAJO N° 101 (ANTES AV. JOSE LUIS BUSTAMANTE Y RIVERO N° 101)","2026-08-08"
"36424","ESTACION DE SERVICIOS PALUCO S.R.L.","ESTACIÓN DE SERVICIOS / GRIFOS","AYACUCHO","HUAMANGA","ANDRES AVELINO CACERES","CARRETERA AYACUCHO - TAMBILLOS, KM 2.5, QUEBRADA HUATATAS","2026-08-09"
"36505","SERVICENTROS PLAZA SAC","ESTACIÓN DE SERVICIO CON GASOCENTRO DE GLP","AYACUCHO","HUAMANGA","AYACUCHO","PROLONGACION JR. LIBERTAD MZ. E1 LOTE 6 Y 7, URB. MARIA PARADO DE BELLIDO (EMADI)","2026-08-09"
"36538","ESTACION DE SERVICIOS LI S.A.C.","ESTACIÓN DE SERVICIO CON GASOCENTRO DE GLP","LIMA","HUAURA","HUALMAY","NUEVA PISTA HUACHO - CARQUIN S/N. SECTOR CAMPO ALEGRE","2026-08-09"
"36621","GYN GRIFOS SA","ESTACIÓN DE SERVICIO CON GASOCENTRO DE GLP","CAJAMARCA","CAJAMARCA","CAJAMARCA","VIA DE EVITAMIENTO CON PROLONGACION ANGAMOS LOTE 28 URB. JARDIN","2026-08-08"
"36670","GRIFO PIERINA","ESTACIÓN DE SERVICIOS / GRIFOS","LIMA","HUARAL","HUARAL","IRRIGACION LA ESPERANZA - SECTOR LA VIRGEN - LOTE N° 5-C","2026-08-07"
"36819","GRIFO SUPER GRUPO H&H SOCIEDAD ANONIMA CERRADA","ESTACIÓN DE SERVICIOS / GRIFOS","PUNO","SAN ROMAN","JULIACA","KM. 7.7 CARRETERA JULIACA - CUSCO","2026-08-07"
"36824","ESTACION DE SERVICIOS VICE S.A.C.","ESTACIÓN DE SERVICIO CON GASOCENTRO DE GLP","PIURA","SECHURA","VICE","MZ. A LOTE 03, AV. PROLONGACIÓN MIGUEL F. CERRO KM. 1.5 CARRETERA VICE - SECHURA","2026-08-07"
"36832","VAL TRADING S.A.C.","ESTACIÓN DE SERVICIOS / GRIFOS","LIMA","LIMA","LIMA","AV. SEBASTIAN LORENTE N° 698","2026-08-07"
"37010","COESTI S.A. YURA","ESTACIÓN DE SERVICIOS / GRIFOS","AREQUIPA","AREQUIPA","CERRO COLORADO","CARRETERA AREQUIPA YURA KM. 11 ASOCIACION CENTRO INDUSTRIAL LAS CANTERAS MZ. A LOTE 1","2026-08-09"
"37044","GRIFO SAN IGNACIO","EE.SS con GLP y GNV","LIMA","LIMA","VILLA MARIA DEL TRIUNFO","AV. PACHACUTEC N° 1700","2026-08-09"
"37125","ESTACION DE SERVICIOS CALIFORNIA EIRL","ESTACIÓN DE SERVICIOS / GRIFOS","PIURA","SECHURA","VICE","CARRETERA PIURA - SECHURA KM. 26.5","2026-08-08"
"37208","PETROCENTRO URUBAMBA SOCIEDAD ANONIMA CERRADA-PETROCENTRO URUBAMBA S.A.C","ESTACIÓN DE SERVICIOS / GRIFOS","CUSCO","CUSCO","CUSCO","CARRETERA CUSCO - ABANCAY KM. 6.5 URB. PICCHU TICA TICA","2026-08-08"
"37209","SERVICENTRO EL CHE S.R.L.","ESTACIÓN DE SERVICIOS / GRIFOS","CAJAMARCA","CAJAMARCA","CAJAMARCA","AV. ATAHUALPA N° 300","2026-08-09"
"37330","HBO HERF BENZ OPERATIONS S.A.C.","ESTACIÓN DE SERVICIOS / GRIFOS","AREQUIPA","CAMANA","SAMUEL PASTOR","PANAMERICANA SUR KM. 833","2026-08-09"
"37334","HI GAS S.A.C.","ESTACIÓN DE SERVICIO CON GASOCENTRO DE GLP","LIMA","LIMA","PUENTE PIEDRA","AV. PROLONGACIÓN JUAN LECAROS S/N ESQ. AV. COPACABANA, URB. LOS CRISANTEMOS","2026-08-08"
"37355","CORPORACION EL ORIENTE Y SERVICIOS S.R.L.","ESTACIÓN DE SERVICIOS / GRIFOS","PASCO","PASCO","TINYAHUARCO","CARRETERA CENTRAL KM. 288.5","2026-08-06"
"37363","GRIFO BELLAVISTA SAC","ESTACIÓN DE SERVICIOS / GRIFOS","AREQUIPA","AREQUIPA","JACOBO HUNTER","CALLE PRINCIPAL S/N - PUEBLO TRADICIONAL DE BELLAVISTA","2026-08-07"
"37415","ESTACION DE SERVICIOS CHALPON S.A.C.","ESTACIÓN DE SERVICIOS / GRIFOS","LAMBAYEQUE","FERREÑAFE","FERREÑAFE","AV. ANDRES AVELINO CACERES N°550","2026-08-08"
"37439","INVERSIONES FAGAMA S.A.C.","ESTACIÓN DE SERVICIOS / GRIFOS","LIMA","LIMA","SAN JUAN DE LURIGANCHO","AV. PROCERES MZ. H, LOTE 1A APV, COMPRADORES DE TERRENOS - CAMPOY","2026-08-08"
"37463","GRIFO SAN IGNACIO","ESTACIÓN DE SERVICIOS / GRIFOS","ICA","NAZCA","EL INGENIO","CARRETERA PANAMERICANA SUR KM. 416.3 PARCELA 27 - FUNDO SAN JOSE","2026-08-07"
"37464","GRIFO LOS ANGELES S.R.L","ESTACIÓN DE SERVICIOS / GRIFOS","PUNO","SAN ROMAN","JULIACA","CARRETERA JULIACA - AREQUIPA KM. 5.5","2026-08-05"
"37465","EESS SANLIMAX E.I.R.L","ESTACIÓN DE SERVICIO CON GASOCENTRO DE GLP","AREQUIPA","AREQUIPA","AREQUIPA","AV. VENEZUELA N° 219","2026-08-07"
"37548","IBIZA INVERSIONES GENERALES S.R.L","ESTACIÓN DE SERVICIOS / GRIFOS","LIMA","LIMA","INDEPENDENCIA","AV. JOSE GABRIEL CONDORCANQUI N° 1101-1103, URB. TUPAC AMARU","2026-08-06"
"37557","GRIFO CONTINENTAL S.A.C.","ESTACIÓN DE SERVICIOS / GRIFOS","CAJAMARCA","CAJAMARCA","CAJAMARCA","CARRETERA CAJAMARCA - CHILETE KM. 2 SECTOR SUR","2026-08-08"
"37610","REPSOL COMERCIAL S.A.C.","ESTACIÓN DE SERVICIOS / GRIFOS","LIMA","LIMA","LIMA","AV. COLONIAL N° 1817 - 1821","2026-08-09"
"37651","SAN PEDRO COMBUSTIBLES S.R.L.","ESTACIÓN DE SERVICIOS / GRIFOS","LIMA","HUAROCHIRI","RICARDO PALMA","CARRETERA CENTRAL KM 44.1 - SECTOR CUPICHE","2026-08-09"
"37654","INVERSIONES GOLD STAR EIRL","ESTACIÓN DE SERVICIO CON GASOCENTRO DE GLP","LIMA","LIMA","CARABAYLLO","AV. TUPAC AMARU KM. 17.5 MZ. B1 LT. 1-3 ASOC. DE VIVIENDA SANTA ROSA DE PUNCHAUCA","2026-08-08"
"37657","INVERSIONES CAPARACHIN & CAPCHA S.A.C.","ESTACIÓN DE SERVICIO CON GASOCENTRO DE GLP","JUNIN","CHANCHAMAYO","CHANCHAMAYO","CARRETERA CENTRAL KM 114-CENTRO POBLADO VAQUERIA","2026-08-08"
"37658","ESTACION DE SERICIOS SEÑOR DE OROPESA S.R.L.","ESTACIÓN DE SERVICIO CON GASOCENTRO DE GLP","HUANCAVELICA","HUANCAVELICA","HUANCAVELICA","AV. LOS INCAS N° 512 BARRIO SANTA ANA","2026-08-07"
"37714","PETROLEOS SOLORZANO S.A.C.","ESTACIÓN DE SERVICIO CON GASOCENTRO DE GLP","ICA","ICA","PARCONA","PROLONGACION MIGUEL GRAU MZA. 0801 LT. URB. SECTOR SAN JOSE  PREDIO LAS FLORES","2026-08-07"
"37760","ESTACION DE SERVICIO ROMAR SAC","ESTACIÓN DE SERVICIO CON GASOCENTRO DE GLP","LAMBAYEQUE","CHICLAYO","LA VICTORIA","AV. CHINCHAYSUYO N° 1485","2026-08-09"
"37791","GRIFO SAN CARLOS E.I.R.L.","ESTACIÓN DE SERVICIOS / GRIFOS","JUNIN","HUANCAYO","HUANCAYO","AV. SAN CARLOS Nº 698","2026-08-07"
"37792","INVERSIONES MAJ E.I.R.L.","ESTACIÓN DE SERVICIOS / GRIFOS","LA LIBERTAD","TRUJILLO","TRUJILLO","AV. TUPAC AMARU N° 383 URB. HUERTA GRANDE","2026-08-05"
"37796","BENCAR S.R.LTDA.","ESTACIÓN DE SERVICIOS / GRIFOS","MOQUEGUA","MARISCAL NIETO","TORATA","VILLA CUAJONE- CUAJONE MOQUEGUA","2026-07-30"
"37811","GRIFO Y SERVICIOS HORIZONTE SOCIEDAD COMERCIAL DE RESPONSABILIDAD LIMITADA","ESTACIÓN DE SERVICIO CON GASOCENTRO DE GLP","PIURA","PIURA","LA UNION","PROLONGACIÓN AV. LIMA Nº 156","2026-08-08"
"37812","PETRO MAX J.A.C. E.I.R.L.","ESTACIÓN DE SERVICIOS / GRIFOS","JUNIN","CHANCHAMAYO","PERENE","CARRETERA MARGINAL KM. 10 - SANTA ANA - VISTA ALEGRE","2026-08-07"
"37814","GRIFO CURIPATA S.R.L.","ESTACIÓN DE SERVICIOS / GRIFOS","JUNIN","YAULI","LA OROYA","LOTES TC-14 Y TC-15, URB. CURIPATA","2026-08-09"
"37830","ESTACION DE SERVICIOS SANTO TOMAS DE LIMA S.A.C.","ESTACIÓN DE SERVICIOS / GRIFOS","AREQUIPA","AREQUIPA","MARIANO MELGAR","AV. ARGENTINA N° 1542 - URB. GENERALISIMO SAN MARTIN","2026-08-07"
"37839","MICHUE INVERSIONES Y SERVICIOS GRLS SAC","ESTACIÓN DE SERVICIO CON GASOCENTRO DE GLP","SAN MARTIN","TOCACHE","TOCACHE","JR. FREDDY ALIAGA Nº 909","2026-08-04"
"37876","ESTACION DE SERVICIOS CRUZ DE MAYOGROUP CR Y FP SAC","ESTACIÓN DE SERVICIO CON GASOCENTRO DE GLP","JUNIN","JAUJA","JAUJA","AV. HUANCAYO N° 200, ESQUINA CON JR. BRUNO TERREROS","2026-08-09"
"37900","SERVICENTRO LA ESPERANZA SRL","ESTACIÓN DE SERVICIO CON GASOCENTRO DE GLP","TACNA","TACNA","CORONEL GREGORIO ALBARRACIN LANCHIPA","AV. MUNICIPAL MZ B-1 LOTE 01","2026-08-09"
"37966","GRIFO TIMON II","ESTACIÓN DE SERVICIOS / GRIFOS","LIMA","LIMA","LURIN","ANTIGUA CARRETERA PANAMERICANA SUR KM. 37.00 ESQUINA CALLE 1 Y AV CENTRAL, MZ. P2 LOTE 15, URB. NUEVO LURIN","2026-08-08"
"37981","ANGEL QUISPE GUERRA","ESTACIÓN DE SERVICIOS / GRIFOS","AYACUCHO","LA MAR","AYNA","AV. HUANTA S/N SECTOR AURORA - SAN FRANCISCO","2026-08-06"
"38010","GRIFO SANTA ROCIO EIRL","ESTACIÓN DE SERVICIOS / GRIFOS","LA LIBERTAD","CHEPEN","CHEPEN","CARRETERA CHEPEN - TALAMBO S/N KM. 4 SECTOR CERRO SERRANO","2026-08-07"
"38135","ADALBERTO J.V. SERVICIOS MULTIPLES MULTIPLES S.R.L.","ESTACIÓN DE SERVICIOS / GRIFOS","AREQUIPA","AREQUIPA","ALTO SELVA ALEGRE","ESQUINA DE LA AV. FRANCISCO MOSTAJO CON CALLE SANCHEZ CERRO, PUEBLO JOVEN INDEPENDENCIA","2026-08-08"
"38158","MULTISERVICIOS SANTA URSULA S.A.C.","ESTACIÓN DE SERVICIO CON GASOCENTRO DE GLP","LIMA","LIMA","LOS OLIVOS","ESQUINA DE LA AV. CENTRAL CON LA AV. HUANDOY MZ. H LT. 12 13 Y 14","2026-08-08"
"38170","GRIFO SERVICENTRO NUEVA DELHI EMPRESA INDIVIDUAL DE RESPONSABILIDAD LIMITADA","ESTACIÓN DE SERVICIOS / GRIFOS","PUNO","SAN ROMAN","JULIACA","CARRETERA JULIACA-PUNO KM 7.4","2026-08-07"
"38171","ESTACION DE SERVICIOS SAN LORENZO S.R.L. ","ESTACIÓN DE SERVICIOS / GRIFOS","AREQUIPA","AREQUIPA","MARIANO MELGAR","HUANUCO Nº 220, ESQUINA CON ELIAS AGUIRRE","2026-08-07"
"38192","CONSORCIO KINZUKO S.A.C.","ESTACIÓN DE SERVICIO CON GASOCENTRO DE GLP","LIMA","LIMA","SAN MARTIN DE PORRES","AV. CANTA CALLAO - MZ. J, LT. 16, 17, 18 Y 19. URB LAS BRISAS","2026-08-08"
"38199","GRIFO PEÑA SRL","ESTACIÓN DE SERVICIOS / GRIFOS","PUNO","EL COLLAO","ILAVE","AV. ENRIQUE GALLEGOS 828 - BARRIO SANTA ROSA","2026-08-09"
"38208","INVERSIONES SATELITE S.A.C","EE.SS con GLP y GNV","LIMA","LIMA","SAN JUAN DE MIRAFLORES","AV. PEDRO MIOTTA Nº 800-810 Y AV. BELISARIO SUAREZ, URB. ZONA INDUSTRIAL","2026-08-07"
"38277","GRIFO LATINO SOCIEDAD ANONIMA CERRADA","ESTACIÓN DE SERVICIOS / GRIFOS","CUSCO","CUSCO","WANCHAQ","AV. DE LA CULTURA N° 400 ESQ CALLE TACNA","2026-08-08"
"38281","CORPORACION CENTURION S.A.C.","ESTACIÓN DE SERVICIOS / GRIFOS","APURIMAC","ANDAHUAYLAS","ANDAHUAYLAS","AV. LOS CEDROS N° 420","2026-08-07"
"38288","GRUPO FENIX E.I.R.L.","ESTACIÓN DE SERVICIOS / GRIFOS","JUNIN","CHUPACA","AHUAC","AV. MARISCAL CACERES Nº 444","2026-08-04"
"38291","SERVICENTRO SAN FRANCISCO SAC","ESTACIÓN DE SERVICIOS / GRIFOS","PASCO","OXAPAMPA","OXAPAMPA","AV. SAN MARTIN 765","2026-08-08"
"38292","COMERCIAL Y SERVICIOS MULTIPLES FELICIA S.A.C.","ESTACIÓN DE SERVICIOS / GRIFOS","JUNIN","CHUPACA","HUACHAC","AV. ATAHUALPA Nº 106","2026-08-03"
"38310","GRIFO AYACUCHO EIRL","ESTACIÓN DE SERVICIOS / GRIFOS","AYACUCHO","HUAMANGA","AYACUCHO","CARRETERA VIA LOS LIBERTADORES KM. 2.5","2026-08-07"
"38317","ADELIT COMERCIALIZADORA Y SERVICIOS, S..R.L.","ESTACIÓN DE SERVICIOS / GRIFOS","APURIMAC","ABANCAY","ABANCAY","CARRETERA ABANCAY - LIMA KM. 15 + 500","2026-08-08"
"38324","ESTACION DE SERVICIOS CHASQUI E.I.R.LTDA","ESTACIÓN DE SERVICIO CON GASOCENTRO DE GLP","CUSCO","LA CONVENCION","KIMBIRI","AV. TÚPAC AMARU N° 1918","2026-08-02"
"38328","ESTACION YOKOHAMA S.A.C.","ESTACIÓN DE SERVICIO CON GASOCENTRO DE GLP","ICA","CHINCHA","SUNAMPE","AV MARISCAL BENAVIDES N° 1575 - CARRETERA PANAMERICANA SUR KM 196","2026-08-07"
"38345","GRIFO TACNA ICA","ESTACIÓN DE SERVICIOS / GRIFOS","ICA","ICA","ICA","CALLE TACNA N° 458","2026-08-07"
"38483","GRIFO HUANCANE","ESTACIÓN DE SERVICIOS / GRIFOS","PUNO","HUANCANE","HUANCANE","JR. PUNO N° 1026","2026-08-05"
"38498","CORPORACION DE SERVICIOS SUD AMERICA E.I.R.L.","ESTACIÓN DE SERVICIO CON GASOCENTRO DE GLP","SAN MARTIN","MOYOBAMBA","MOYOBAMBA","CARRETERA FERNANDO BELAUNDE TERRY KM 503 + 660 SECTOR FONAVI II URB. ALONSO DE ALVARADO","2026-08-08"
"38516","DON ISAAC CORPORATION EIRL","ESTACIÓN DE SERVICIOS / GRIFOS","SAN MARTIN","MOYOBAMBA","MOYOBAMBA","JR. 20 DE ABRIL CUADRA 11 ESQUINA CON JR. MANUEL DEL AGUILA","2026-08-09"
"38557","GRIFOS SAN ISIDRO LABRADOR E.I.R.L.","ESTACIÓN DE SERVICIOS / GRIFOS","CUSCO","CUSCO","SAN SEBASTIAN","URBANIZACION TUPAC AMARU T-1-14","2026-08-07"
"38628","GRIFOCENTRO PETROVAS EIRL","ESTACIÓN DE SERVICIOS / GRIFOS","SAN MARTIN","PICOTA","BUENOS AIRES","CARRETERA FERNANDO BELAUNDE TERRY SUR KM 42 ESQUINA CON JR. LORETO","2026-08-07"
"38642","SERVICENTRO CORPORACION COPACABANA EMPRESA INDIVIDUAL DE RESPONSABILIDAD LIMITADA","ESTACIÓN DE SERVICIOS / GRIFOS","CUSCO","LA CONVENCION","SANTA ANA","VIA QUILLABAMBA - KITENI KM. 1.4 SECTOR SAN PEDRO","2026-08-05"
"38655","COESTI S.A","EE.SS con GLP y GNV","LIMA","LIMA","SURQUILLO","AV. AVIACION N° 4524 ESQUINA CON LA AV. VILLARAN","2026-08-09"
"38656","ESTACION DE SERVICIOS SAN JOSE S.A.C.","ESTACIÓN DE SERVICIO CON GASOCENTRO DE GLP","PROV. CONST. DEL CALLAO","PROV. CONST. DEL CALLAO","BELLAVISTA","AV. SAENZ PEÑA N° 1100","2026-08-08"
"38662","GRIFOS ESPINOZA S.A.","EE.SS con GLP y GNV","LIMA","LIMA","SAN JUAN DE MIRAFLORES","AUTOPISTA PANAMERICANA SUR KM 18.5, SUB LOTE 29-A, FUNDO VILLA BAJA","2026-08-09"
"38667","SERVICENTRO EL ASESOR S.A.C.","EE.SS con GLP y GNV","LIMA","LIMA","SANTA ANITA","AV HUAROCHIRI N° 905, ESQUINA CON AV. ALTO HUANCARAY, MZ. H1, LOTES 2, 3, 4, 5 Y 6 URB. EL ASESOR","2026-08-09"
"38675","GRIFO PETROLEX","ESTACIÓN DE SERVICIOS / GRIFOS","AREQUIPA","AREQUIPA","CERRO COLORADO","KM. 06 VÍA DE EVITAMIENTO, URB SEMI RURAL PACHACUTEC","2026-08-09"
"38701","TRANSPORTES LAS VEGAS SA","ESTACIÓN DE SERVICIOS / GRIFOS","LIMA","LIMA","LOS OLIVOS","AV. ALFREDO MENDIOLA 6200 URB. MOLITALIA (PANAMERICANA NORTE KM. 20)","2026-08-08"
"38716","FLORES & LANE S.A.C.","ESTACIÓN DE SERVICIO CON GASOCENTRO DE GLP","LIMA","LIMA","CIENEGUILLA","AV. SAN MARTIN KM. 18.5, ESQ. CON CALLE RICARDO PALMA, MZ. H, LOTE N° 4, ZONA F, CENTRO POBLADO TAMBO VIEJO","2026-08-08"
"38730","GRIFO LOS GIRASOLES S.R.L.","ESTACIÓN DE SERVICIO CON GASOCENTRO DE GLP","LAMBAYEQUE","CHICLAYO","TUMAN","CARRETERA CHICLAYO - CHONGOYAPE KM. 22.5 SECTOR III PAMPA EL TORO","2026-08-08"
"38886","TRANSOCEANICA II E.I.R.L.","ESTACIÓN DE SERVICIOS / GRIFOS","MADRE DE DIOS","TAMBOPATA","TAMBOPATA","CARRETERA PUERTO MALDONADO - QUINCEMIL KM. 5.70","2026-08-07"
"38976","GRIFOS AQP S.R.L","ESTACIÓN DE SERVICIOS / GRIFOS","AREQUIPA","AREQUIPA","ALTO SELVA ALEGRE","ESQUINA AV. 15 DE AGOSTO CON CALLE N° 7, LOTES 1 Y 2, ASOCIACIÓN DE VIVIENDA VILLA CHACHAS","2026-08-07"
"39034","ESTACION MAX E.I.R.L.","ESTACIÓN DE SERVICIOS / GRIFOS","LORETO","MAYNAS","IQUITOS","JR. SAMANEZ OCAMPO N° 601, ESQUINA CON CALLE TAVARA WEST N° 500","2026-08-07"
"39147","GRIFO JHP EIRL","ESTACIÓN DE SERVICIOS / GRIFOS","CUSCO","QUISPICANCHI","URCOS","AV. MARIANO DE LOS SANTOS Nº 500 - 516","2026-08-08"
"39174","GRIFO LOS OLIVOS SAC","ESTACIÓN DE SERVICIOS / GRIFOS","SAN MARTIN","RIOJA","NUEVA CAJAMARCA","AV. CAJAMARCA NORTE N° 460 CRUCE CON CARRETERA AL DISTRITO DE SAN FERNANDO","2026-08-06"
"39227","REPSOL COMERCIAL S.A.C.","ESTACIÓN DE SERVICIOS / GRIFOS","LAMBAYEQUE","CHICLAYO","LA VICTORIA","AV. VICTOR RAUL HAYA DE LA TORRE N° 3240","2026-08-09"
"39228","GRIFO SOLO DIOS CON SU PODER SRL ","ESTACIÓN DE SERVICIOS / GRIFOS","LAMBAYEQUE","CHICLAYO","PATAPO","AV. CHOTA S/N CARRETERA CHICLAYO-CHONGOYAPE KM. 26 - SECTOR POSOPE ALTO","2026-08-07"
"39235","FRANKLIN ADOLFO DURAND SANCHEZ","ESTACIÓN DE SERVICIO CON GASOCENTRO DE GLP","HUANUCO","HUANUCO","HUANUCO","JR. 2 DE MAYO N° 293 - 297","2026-08-05"
"39248","ESTACION DE SERVICIOS LURIN S.A.C.","EE.SS con GLP y GNV","LIMA","LIMA","LURIN","ANTIGUA CARRETERA PANAMERICANA SUR KM. 31, MZ. C LT.2 HUERTOS DE VILLENA","2026-08-08"
"39356","MULTISERVICIOS SELVACOR S.A.C.","ESTACIÓN DE SERVICIO CON GASOCENTRO DE GLP","JUNIN","CHANCHAMAYO","CHANCHAMAYO","AV. FRAY JERÓNIMO JIMENEZ LOTES 1,2,3 Y 4 - MZ. B SAN CARLOS - BELLAVISTA","2026-08-08"
"39362","MULTISERVICIOS AURORA E.I.R.L.","ESTACIÓN DE SERVICIO CON GASOCENTRO DE GLP","PASCO","PASCO","YANACANCHA","CARRETERA CENTRAL KM. 332 - CAJAMARQUILLA - LA AURORA","2026-08-07"
"39417","PETROCENTRO REY DAVID S.A.C.","ESTACIÓN DE SERVICIOS / GRIFOS","AYACUCHO","PAUCAR DEL SARA SARA","PAUSA","AV. NESTOR CASTILLA S/N SECTOR CRUZ MISIONERO","2026-08-02"
"39424","MULTISERVICIOS ECOGAS SAC","EE.SS con GLP y GNV","LA LIBERTAD","TRUJILLO","TRUJILLO","AV. CESAR VALLERO NRO.1180-1186 URB.ARANJUEZ","2026-08-07"
"39429","PETROGROUP E.I.R.L.","ESTACIÓN DE SERVICIOS / GRIFOS","LIMA","LIMA","LA VICTORIA","JR. HUMBOLDT CON PROLONGACION HUAMANGA N° 619 (BERMA CENTRAL)","2026-08-08"
"39462","GOLD PETROL S.R.L.","ESTACIÓN DE SERVICIOS / GRIFOS","UCAYALI","CORONEL PORTILLO","CAMPOVERDE","AV. 1 DE JUNIO N° 1169 - CARRETERA FEDERICO BASADRE KM. 34.300","2026-08-07"
"39470","VICTORIA CACERES CURO","ESTACIÓN DE SERVICIO CON GASOCENTRO DE GLP","TACNA","TACNA","TACNA","CARRETERA TACNA BOCA DEL RIO, SECTOR PARA CANAL UCHUSUMA","2026-08-08"
"39475","YUDY ROJAS BALBIN","ESTACIÓN DE SERVICIOS / GRIFOS","JUNIN","CHANCHAMAYO","SAN RAMON","CARRETERA VIA SAN RAMON VITOC AV. JOSE AVELARDO QUIÑONES S/N - SECTOR EL MILAGRO","2026-08-08"
"39566","EMPRESA SERVICIO CONTINENTAL EIRL","ESTACIÓN DE SERVICIOS / GRIFOS","AYACUCHO","LA MAR","SAMUGARI","MZ. U LOTE 7, ANEXO PALMAPAMPA","2026-08-03"
"39570","GRIFO VELASQUEZ","ESTACIÓN DE SERVICIOS / GRIFOS","APURIMAC","ANDAHUAYLAS","ANDAHUAYLAS","AV. LAZARO CARRILLO N° 723","2026-08-02"
"39575","COESTI S.A.","EE.SS con GLP y GNV","ICA","ICA","PARCONA","AV. PROLONGACION GRAU CUADRA N° 2","2026-08-08"
"39576","ESTACION DE COMBUSTIBLES EL SOL S.A.C.","ESTACIÓN DE SERVICIO CON GASOCENTRO DE GLP","ICA","NAZCA","NAZCA","ESQ. AV. SAN CARLOS S/N CON CALLE SUCRE","2026-08-09"
"39577","GRUPO SANCHEZ S.A.C.","ESTACIÓN DE SERVICIOS / GRIFOS","ICA","CHINCHA","CHINCHA ALTA","AV. MARISCAL BENAVIDES N° 630","2026-08-06"
"39578","COESTI S.A.","ESTACIÓN DE SERVICIO CON GASOCENTRO DE GLP","ICA","PISCO","PISCO","AV. FERMIN TANGUIS Nº 200 - 220","2026-08-08"
"39579","ESTACION DE SERVICIOS EL OASIS DE ICA SAC ","ESTACIÓN DE SERVICIO CON GASOCENTRO DE GLP","ICA","NAZCA","NAZCA","CARRETERA PANAMERICANA SUR KM. 442.8 Y AV. LOS INCAS S/N.","2026-08-04"
"39589","SERVICENTRO EL DORADO SAC","ESTACIÓN DE SERVICIOS / GRIFOS","CUSCO","CANCHIS","SICUANI","CARRETERA SICUANI-JULIACA KM.5 CENTRO POBLADO SENCCA CHECTUYOC","2026-08-07"
"39590","GRIFOS BUENAVENTURA","ESTACIÓN DE SERVICIOS / GRIFOS","AREQUIPA","AREQUIPA","CERRO COLORADO","PROLONGACION AV. EL EJERCITO N° 708 - CERRITO LOS ALVAREZ","2026-08-08"
"39591","SILTA S.A.C. PETROPERÚ","ESTACIÓN DE SERVICIOS / GRIFOS","AREQUIPA","AREQUIPA","ALTO SELVA ALEGRE","AV. ESPAÑA N° 400","2026-08-08"
"39734","SERVICENTRO MODA S.A.C.","ESTACIÓN DE SERVICIOS / GRIFOS","AYACUCHO","LUCANAS","PUQUIO","AV. ARNALDO ALVARADO DEGREGORI S/N","2026-08-07"
"39735","GRIFO CANAAN","ESTACIÓN DE SERVICIOS / GRIFOS","APURIMAC","CHINCHEROS","ANCO-HUALLO","AV. LOS INCAS CDRA. 9 S/N-URB. URIPA","2026-08-07"
"39736","ANDRES GORBEÑA CUBA","ESTACIÓN DE SERVICIOS / GRIFOS","AREQUIPA","AREQUIPA","JOSE LUIS BUSTAMANTE Y RIVERO","AV. N° 2 (PRIMAVERA) ESQUINA CON LA CALLE 7, UPIS LAS ESMERALDAS","2026-08-08"
"39747","SERVICENTRO DAVISA S.R.L","ESTACIÓN DE SERVICIOS / GRIFOS","UCAYALI","PADRE ABAD","IRAZOLA","CARRETERA FEDERICO BASADRE KM. 60 - NESHUYA","2026-08-08"
"39783","ENERGIGAS SAC","EE.SS con GLP y GNV","LIMA","LIMA","PUEBLO LIBRE","AV. LA MARINA N° 589, ESQUINA CON AV. SUCRE N° 1201-1203","2026-08-09"
"39850","COESTI S.A. EESS UNION1","EE.SS con GLP y GNV","LA LIBERTAD","TRUJILLO","TRUJILLO","PROLONGACION UNION N° 1914","2026-08-08"
"39853","TRANS MURIEL INVERSIONES S.A.C.","ESTACIÓN DE SERVICIOS / GRIFOS","AYACUCHO","LUCANAS","PUQUIO","CARRETERA NAZCA - PUQUIO, KM 155+500","2026-08-07"
"39855","INVERSIONES ELCHER S.A.C.","ESTACIÓN DE SERVICIOS / GRIFOS","PROV. CONST. DEL CALLAO","PROV. CONST. DEL CALLAO","VENTANILLA","AV. A MZ. B1 LOTE 15 AA.HH. VENTANILLA ALTA","2026-08-08"
"39856","ESTACION 715 GAMBETA","EE.SS con GLP y GNV","PROV. CONST. DEL CALLAO","PROV. CONST. DEL CALLAO","CALLAO","AV. NÉSTOR GAMBETA KM. 7.1, MZ. B-6, LOTES 1,2,3,4,5,6,7,8,43,44,45 Y 46, ESQUINA CON CALLE BRASILIA COOP. DE VIVIENDA DE LOS TRABAJADORES DE ENAPU","2026-08-09"
"39862","GRIFOS ESTRELLA DE DAVID EIRL","ESTACIÓN DE SERVICIO CON GASOCENTRO DE GLP","LA LIBERTAD","TRUJILLO","TRUJILLO","AV. TUPAC AMARU 1699 - ALTO MOCHICA","2026-08-08"
"39864","CRM GAS SAC","ESTACIÓN DE SERVICIOS / GRIFOS","LAMBAYEQUE","LAMBAYEQUE","MOTUPE","AV. EL MAESTRO NRO. 2740 (ANTES CARRETERA PANAMERICANA NORTE KM. 840)","2026-08-09"
"39876","ORESTES MARTIN URBINA GALAN","ESTACIÓN DE SERVICIOS / GRIFOS","SAN MARTIN","MOYOBAMBA","MOYOBAMBA","CARRETERA FERNANDO BELAUNDE TERRY KM 0+120","2026-08-06"
"39877","L C OPERADOR DE COMBUSTIBLE S.A.C.","ESTACIÓN DE SERVICIO CON GASOCENTRO DE GLP","ICA","ICA","SANTIAGO","CARRETERA PANAMERICANA SUR KM. 332","2026-08-08"
"39882","SURTIDORES MANU S.A.C.","ESTACIÓN DE SERVICIOS / GRIFOS","CUSCO","CUSCO","SAN SEBASTIAN","PROLONGACION AV. DE LA CULTURA S/N","2026-08-07"
"39885","GRIFO TICLA","ESTACIÓN DE SERVICIOS / GRIFOS","SAN MARTIN","SAN MARTIN","MORALES","AV. SALAVERRY N° 895 CON JR. ALFONSO UGARTE C-8","2026-08-05"
"39898","SERVICENTRO NANCY E.I.R.L.","ESTACIÓN DE SERVICIOS / GRIFOS","SAN MARTIN","MARISCAL CACERES","JUANJUI","CARRETERA FERNANDO BELAUNDE TERRY S/N (FRENTE A PLANTA PAJATEN GAS)","2026-08-09"
"39907","ALBERTH NAHUM TINEO JUZCAMAYTA","ESTACIÓN DE SERVICIOS / GRIFOS","AYACUCHO","HUAMANGA","AYACUCHO","AV. 9 DE DICIEMBRE S/N CARRETERA A HUATATAS","2026-08-07"
"39922","SERVICENTRO FASTROL E.I.R.L.","ESTACIÓN DE SERVICIOS / GRIFOS","LA LIBERTAD","VIRU","VIRU","CARRETERA PANAMERICANA NORTE KM 509 MZ. D LOTE 19 - CENTRO POBLADO MENOR DE SAN JOSE","2026-08-08"
"39927","GRIFO SAMEGUA E.I.R.L.","ESTACIÓN DE SERVICIOS / GRIFOS","MOQUEGUA","MARISCAL NIETO","SAMEGUA","AV. ANDRES AVELINO CACERES S/N, MZA. K, LOTES 8 Y 9","2026-08-08"
"39945","EE SS GASOLINAS DE AMERICA SAC","ESTACIÓN DE SERVICIO CON GASOCENTRO DE GLP","LA LIBERTAD","TRUJILLO","EL PORVENIR","JIRON MANUEL UBALDE N° 1103","2026-08-08"
"39958","ESTACION DE SERVICIOS FORMULA 1","ESTACIÓN DE SERVICIO CON GASOCENTRO DE GLP","PASCO","PASCO","CHAUPIMARCA","AV. PRINCIPAL CHAUPIMARCA, MZ. 21, LOTE 8 AA.HH. TAHUANTINSUYO","2026-08-07"
"40010","GRIFOS SAN CARLOS","ESTACIÓN DE SERVICIOS / GRIFOS","APURIMAC","ANDAHUAYLAS","SAN JERONIMO","AV. PROLONGACION MARIANO MELGAR S/N","2026-08-08"
"40024","COESTI SA ES RESERVORIO","ESTACIÓN DE SERVICIOS / GRIFOS","AREQUIPA","AREQUIPA","JOSE LUIS BUSTAMANTE Y RIVERO","ESQUINA AV. PIZARRO CON AV. HARTLEY - URB. CASA BLANCA MZ. D, LOTE 08","2026-08-09"
"40067","ESTACION DE SERVICIOS EL GIRASOL EIRL","ESTACIÓN DE SERVICIO CON GASOCENTRO DE GLP","TUMBES","TUMBES","TUMBES","PANAMERICANA NORTE NRO. 1267 PJ PUEBLO NUEVO","2026-08-07"
"40069","GRIFO SARITA E.I.R.L.","ESTACIÓN DE SERVICIOS / GRIFOS","AREQUIPA","CAYLLOMA","CAYLLOMA","AV. AREQUIPA Nº 246","2026-08-08"
"40094","ESTACION DE SERVICIOS VILLACRES S.R.L","ESTACIÓN DE SERVICIOS / GRIFOS","SAN MARTIN","RIOJA","RIOJA","CARRETERA FERNANDO BELAUNDE TERRY KM.480+250 SECTOR LAS PALMERAS","2026-08-03"
"40146","ORIENTE COMBUSTIBLES Y DERIVADOS S.A.C.","ESTACIÓN DE SERVICIOS / GRIFOS","LORETO","MAYNAS","IQUITOS","CALLE CONDAMINE Nº 178. ESQ. CON CALLE NAUTA Nº 385-389","2026-08-08"
"40147","ESTACION DE SERVICIOS MONTECAR E.I.R.L.","ESTACIÓN DE SERVICIOS / GRIFOS","AMAZONAS","CHACHAPOYAS","CHACHAPOYAS","JR. UNION N° 942 BARRIO LA LAGUNA","2026-08-06"
"40155","COMPAÑIA OPERADORA DE LA SELVA","ESTACIÓN DE SERVICIOS / GRIFOS","LORETO","MAYNAS","SAN JUAN BAUTISTA","AV. ABELARDO QUIÑONES KM. 1.5","2026-08-09"
"40156","GASOLINERA CHINGOLO","ESTACIÓN DE SERVICIOS / GRIFOS","SAN MARTIN","PICOTA","SAN HILARION","CARRETERA FERNANDO BELAUNDE TERRY KM 79 N° 300","2026-08-08"
"40173","SERVICENTRO NANAY S.R.L","ESTACIÓN DE SERVICIOS / GRIFOS","LORETO","MAYNAS","PUNCHANA","AV. LA MARINA KM. 4.5","2026-08-08"
"40256","GLOBAL FUEL S.A.","ESTACIÓN DE SERVICIO CON GASOCENTRO DE GLP","TUMBES","ZARUMILLA","ZARUMILLA","CARRETERA PANAMERICANA NORTE KM. 1289+702 - AA.HH. CAMPO AMOR","2026-08-09"
"40270","ESTACION DE SERVICIOS LA COLMENA EIRL","ESTACIÓN DE SERVICIO CON GASOCENTRO DE GLP","JUNIN","CHUPACA","HUAMANCACA CHICO","ESQ. AV. 28 DE JULIO CON AV. MAX HONGLER","2026-08-03"
"40312","SATELITE DEL SUR SAC","ESTACIÓN DE SERVICIOS / GRIFOS","TACNA","TACNA","CORONEL GREGORIO ALBARRACIN LANCHIPA","AV. BOHEMIA TACNEÑA MZ. B LT. 1, 2 Y 3","2026-08-08"
"40332","MGM ESTACIONXPRESS","ESTACIÓN DE SERVICIOS / GRIFOS","LA LIBERTAD","TRUJILLO","HUANCHACO","AUTOPISTA TRUJILLO - HUANCHACO KM. 7","2026-08-08"
"40353","COESTI S.A.","EE.SS con GLP y GNV","LIMA","LIMA","SANTIAGO DE SURCO","AV. CIRCUNVALACION N° 377, ESQ. CON PROLONGACIÓN BENAVIDES","2026-08-08"
"40388","SERVICIOS LA ESPERANZA","ESTACIÓN DE SERVICIOS / GRIFOS","LA LIBERTAD","CHEPEN","PUEBLO NUEVO","JR. REAL N° 598","2026-08-07"
"40426","SELVA GRIFOS E.I.R.L.","ESTACIÓN DE SERVICIO CON GASOCENTRO DE GLP","SAN MARTIN","RIOJA","NUEVA CAJAMARCA","CARRETERA FERNANDO BELAUNDE TERRY KM 446 (EX KM. 457 + 227) SECTOR LA UNION","2026-08-07"
"40427","ESTACION DE SERVICIOS PIAMONTE S.A.C.","ESTACIÓN DE SERVICIOS / GRIFOS","LAMBAYEQUE","CHICLAYO","ETEN","CARRETERA PANAMERICANA NORTE KM. 753.9","2026-08-08"
"40432","ESTACION DE SERVICIOS CRUCE SAN JOAQUIN S.A.C.","ESTACIÓN DE SERVICIO CON GASOCENTRO DE GLP","ICA","ICA","ICA","AV. PROLONGACION ARENALES 1995 SECTOR 01 - SIN HABILITACION URBANA","2026-08-09"
"40435","SERVICENTRO MARÍA EDUARDA S.A.C.","ESTACIÓN DE SERVICIO CON GASOCENTRO DE GLP","CAJAMARCA","JAEN","JAEN","CARRETERA JAEN - SAN IGNACIO KM 25+280 SECTOR YANUYACU","2026-08-09"
"40437","JEROT S.A.C.","ESTACIÓN DE SERVICIO CON GASOCENTRO DE GLP","LIMA","LIMA","LOS OLIVOS","AV. LOS PROCERES MZ . NN-2, LOTES 1-6 URB. PUERTA DE PRO 2DA ETAPA","2026-08-07"
"40458","CORPORACION SURCO SOCIEDAD ANONIMA CERRADA","ESTACIÓN DE SERVICIOS / GRIFOS","MADRE DE DIOS","TAMBOPATA","TAMBOPATA","ESQUINA AV. ANDRES AVELINO CACERES Y JR. LOS ALPES","2026-08-07"
"40472","CORPORACION RIO BRANCO S A","ESTACIÓN DE SERVICIO CON GASOCENTRO DE GLP","LIMA","HUARAL","CHANCAY","CARRETERA PANAMERICANA NORTE KM. 92.5, MZ. A, LOTE 13, POBLADO 4 DE JUNIO, CHANCAYLLO.","2026-08-07"
"40482","EESS YAVA PETROCENTRO","ESTACIÓN DE SERVICIOS / GRIFOS","AYACUCHO","HUANTA","HUANTA","JR. GERVASIO SANTILLANA CUADRA 14","2026-08-08"
"40506","ESTACION DE SERVICIOS JESUS DE NAZARENO S.A.C.","ESTACIÓN DE SERVICIOS / GRIFOS","AYACUCHO","HUAMANGA","JESUS NAZARENO","JR JOSE SANTOS CHOCANO Nº 300,URB.SIMÓN BOLIVAR. C LOTE 1","2026-08-08"
"40508","GRIFO EL AMIGO","ESTACIÓN DE SERVICIOS / GRIFOS","SAN MARTIN","HUALLAGA","SAPOSOA","ESQUINA AV. LORETO CON JR. CAJAMARCA","2026-08-08"
"40510","CAIDIESEL S & R S.A.C.","ESTACIÓN DE SERVICIOS / GRIFOS","LA LIBERTAD","TRUJILLO","TRUJILLO","CARRETERA INDUSTRIAL MZ. C LOTE 2 PREDIO BAKIA","2026-08-08"
"40511","SHILCAYO GRIFO S.R.L","ESTACIÓN DE SERVICIO CON GASOCENTRO DE GLP","SAN MARTIN","SAN MARTIN","LA BANDA DE SHILCAYO","AV. VIA DE EVITAMIENTO CDRA 22","2026-08-08"
"40524","GRIFO PETROCASMA","ESTACIÓN DE SERVICIOS / GRIFOS","ANCASH","CASMA","CASMA","ESQUINA PANAMERICANA NORTE ALTURA KM 374 CON CALLE SECHIN LOTIZACIÓN CUNCAN MZ H LOTE 11","2026-08-08"
"40543","MULTISERVICIOS ARAGON S.R.L.","ESTACIÓN DE SERVICIOS / GRIFOS","AREQUIPA","AREQUIPA","YURA","AA. HH. APIAAR MZ. A LTS 05 Y 06 SECTOR 2","2026-08-08"
"40544","ESTACION DE SERVICIOS SAN JOSE ESPINAR CUSCO SRL","ESTACIÓN DE SERVICIO CON GASOCENTRO DE GLP","AREQUIPA","AREQUIPA","CAYMA","AV. RAMON CASTILLA Nº 1100, ESQ. CALLE NICOLAS DE PIEROLA MZ. X, ZONA C, LOTE 1, PUEBLO JOVEN LA TOMILLA","2026-08-08"
"40566","GRIFO LIBERTAD S.A.","ESTACIÓN DE SERVICIO CON GASOCENTRO DE GLP","LIMA","LIMA","SAN JUAN DE LURIGANCHO","AV. HEROES DEL DEL CENEPA ESQUINA CON LA CALLE D AA.HH SANTA MARIA","2026-08-08"
"40600","SERVICENTRO MANU S.R.L.","ESTACIÓN DE SERVICIOS / GRIFOS","MADRE DE DIOS","MANU","HUEPETUHE","AV. PROGRESO MZA. 140 LOTE 02 AAHH. PUEBLO UNIDO PARTE BAJA","2026-07-31"
"40605","ASOCIACION GREMIO DE PESCADORES DE PUCUSANA","ESTACIÓN DE SERVICIOS / GRIFOS","LIMA","LIMA","PUCUSANA","MALECON SAN MARTIN N° 100  102, PUCUSANA","2026-08-04"
"40615","SERVICENTRO VILUSSA S.A.C.","ESTACIÓN DE SERVICIOS / GRIFOS","LORETO","MAYNAS","SAN JUAN BAUTISTA","AV. ABELARDO QUIÑONES N° 4520","2026-08-08"
"40616","BEJARANO VELAZCO JOSE FERNANDO","ESTACIÓN DE SERVICIOS / GRIFOS","AREQUIPA","CASTILLA","APLAO","CALLE LIBERTAD N° 103","2026-08-07"
"40640","SERVICON S.A.C.","ESTACIÓN DE SERVICIOS / GRIFOS","SAN MARTIN","SAN MARTIN","MORALES","CARRETERA FERNANDO BELAUNDE TERRY NORTE KM. 1 + 360","2026-08-07"
"40659","INVERSIONES TITAN S.R.L","ESTACIÓN DE SERVICIO CON GASOCENTRO DE GLP","JUNIN","HUANCAYO","EL TAMBO","ESQ. AV. 13 DE NOVIEMBRENº 586 Y JR. AREQUIPA","2026-08-08"
"40709","COESTI S.A  MONTERRICO","EE.SS con GLP y GNV","LIMA","LIMA","LA MOLINA","AV. LA MOLINA Nº 580, ESQ. CON LA CALLE LAS MANDARINAS","2026-08-08"
"40731","H & P INGENIERÍA LÍQUIDA S.A.C.","ESTACIÓN DE SERVICIOS / GRIFOS","LIMA","LIMA","SAN MARTIN DE PORRES","AV. LOS DOMINICOS MZ. U, LT.18 - URBANIZACIÓN LOS CIPRESES","2026-08-09"
"40744","GRUPO MINSURCOM EIRL","ESTACIÓN DE SERVICIOS / GRIFOS","ICA","NAZCA","NAZCA","CALLE LIMA NO. 100","2026-08-05"
"40806","NEGOCIACIONES VIRGEN DE COPACABANA EMPRESA INDIVIDUAL DE RESPONSABILIDAD LIMITADA","ESTACIÓN DE SERVICIO CON GASOCENTRO DE GLP","MOQUEGUA","ILO","ILO","ESQ. AV PRINCIPAL Y AV Nº 1 CORREDOR COMERCIAL AREA Nº 5, SECTOR 4 - PAMPA INALAMBRICA","2026-08-07"
"40852","ESTACION DE SERVICIOS SAN MARTIN E.I.R.L.","ESTACIÓN DE SERVICIO CON GASOCENTRO DE GLP","CAJAMARCA","JAEN","JAEN","CARRETERA JAEN SAN IGNACIO KM. 21.5 CASERIO LINDEROS","2026-08-08"
"40944","SERVICENTRO HUANCHACO","ESTACIÓN DE SERVICIOS / GRIFOS","LA LIBERTAD","TRUJILLO","HUANCHACO","CRUCE HUANCHACO Y VIA DE EVITAMIENTO S/N SECTOR VALDIVIA BAJA","2026-08-07"
"40964","GASOCENTRO LOS HEROES S.A.C.","GASOCENTROS DE GLP","LIMA","LIMA","SAN JUAN DE MIRAFLORES","AV. LOS HEROES N° 1109","2026-08-07"
"40975","NEGOCIACIONES COMERCIALES SANTA OLGA S.A.C.","ESTACIÓN DE SERVICIOS / GRIFOS","LIMA","LIMA","EL AGUSTINO","AV. JOSE CARLOS MARIATEGUI MZ. H LOTE 24-COOP. DE VIVIENDA HUANCAYO","2026-08-08"
"40978","SERVICENTRO EL PIONERO E.I.R.L.","ESTACIÓN DE SERVICIOS / GRIFOS","LIMA","LIMA","LURIGANCHO","MZ. C1 LOTE 20 A2, URB. EL CLUB DE HUACHIPA","2026-08-07"
"40980","A Y D HIDROCARBUROS S.A.","ESTACIÓN DE SERVICIOS / GRIFOS","UCAYALI","CORONEL PORTILLO","YARINACOCHA","CARRETERA FEDERICO BASADRE KM.9.600","2026-08-09"
"41069","ESTACION DE SERVICIOS ROMERO EMPRESA INDIVIDUAL DE RESPONSABILIDAD LIMITADA","ESTACIÓN DE SERVICIOS / GRIFOS","JUNIN","HUANCAYO","HUAYUCACHI","AV. LOS HEROES DE LA BREÑA S/N CARR. CENTRAL HUANCAYO - AYACUCHO KM. 131.53","2026-08-08"
"41196","ESTACION DE SERVICIOS SANTO TOMAS DE LIMA S.A.C.","ESTACIÓN DE SERVICIOS / GRIFOS","AREQUIPA","AREQUIPA","PAUCARPATA","AV. JESUS Nº 900 ESQ. CON AV. INDUSTRIAL","2026-08-08"
"41198","ESTACIÓN DE SERVICIOS PRECISIÓN SRL","ESTACIÓN DE SERVICIO CON GASOCENTRO DE GLP","JUNIN","HUANCAYO","HUANCAYO","AV. PALIAN 465","2026-08-06"
"41216","ESTACION DE SERVICIOS Y GASOCENTRO PETROSUR EMPRESA INDIVIDUAL DE RESPONSABILIDAD LIMITADA","ESTACIÓN DE SERVICIOS / GRIFOS","JUNIN","HUANCAYO","PILCOMAYO","AV. CORONEL PARRA ESQ. JR. MANCO CAPAC","2026-08-09"
"41242","GASOLINERA VILLA HERMOSA E.I.R.L","ESTACIÓN DE SERVICIOS / GRIFOS","AREQUIPA","AREQUIPA","UCHUMAYO","EL CURAL, LATERAL 06, LOTE Nº 311, KM. 7.5","2026-08-08"
"41255","GRIFO LBJ EIRL","ESTACIÓN DE SERVICIOS / GRIFOS","HUANUCO","HUANUCO","SANTA MARIA DEL VALLE","CARRETERA CENTRAL LIMA - PUCALLPA KM 420.7","2026-08-06"
"41270","EMPRESA DE SERVICIOS DAYNE S.A.C.","ESTACIÓN DE SERVICIOS / GRIFOS","LIMA","LIMA","SAN MARTIN DE PORRES","AV. CANTA CALLAO MZ. A, LOTE 16, URB. MI TERRUÑO","2026-08-08"
"41283","REPSOL COMERCIAL S.A.C.","ESTACIÓN DE SERVICIO CON GASOCENTRO DE GLP","LIMA","HUARAL","HUARAL","AV. CHANCAY S/N Y JULIO C. TELLO URBANIZACION EL ROSARIO","2026-08-09"
"41292","ESTACIN DE SERVICIOS SERVIKYA SAC","ESTACIÓN DE SERVICIO CON GASOCENTRO DE GLP","LIMA","HUAURA","VEGUETA","CARRETERA PANAM. NORTE KM.169+033, SUB LOTE 2,PARCELA 43, PREDIO LA CHILAMPA CENTRO POBLADO MENOR MEDIO MUNDO","2026-08-07"
"41308","GRIFO BENIGNO QUISPE","ESTACIÓN DE SERVICIOS / GRIFOS","AYACUCHO","PARINACOCHAS","CORACORA","AV. PUMAHUIRI ESQUINA CON AV. BALTA","2026-08-04"
"41310","ESTACION DE SERVICIO VIRGEN DE LAS NIEVES SAC","ESTACIÓN DE SERVICIOS / GRIFOS","LIMA","LIMA","ATE","AV. CARRETERA CENTRAL KM. 13.5","2026-08-09"
"41317","MULTISERVICIOS ECOGAS S.A.C.","ESTACIÓN DE SERVICIO CON GASOCENTRO DE GLP","ICA","PISCO","SAN ANDRES","AV. LAS AMERICAS - ESQ. CON CALLE PEDEMONTE","2026-08-08"
"41369","NEYOR E.I.R.L.","ESTACIÓN DE SERVICIOS / GRIFOS","MOQUEGUA","ILO","ILO","AV. MARIANO LINO URQUIETA N° 743","2026-08-07"
"41370","GRIFO¿S SAN MARTIN S.A.C.","ESTACIÓN DE SERVICIOS / GRIFOS","AMAZONAS","UTCUBAMBA","BAGUA GRANDE","AV. CHACHAPOYAS N° 3140 SECTOR LA ESPERANZA","2026-08-07"
"41371","MULTISERVICIOS ROSER SRL","ESTACIÓN DE SERVICIOS / GRIFOS","APURIMAC","ANDAHUAYLAS","ANDAHUAYLAS","AV LAZARO CARRILLO N° 280","2026-08-07"
"41375","REPSOL COMERCIAL S.A.C.","EE.SS con GLP y GNV","LIMA","LIMA","SURQUILLO","AV. ANGAMOS ESTE N° 1715 ESQ. CON CALLE UNO","2026-08-09"
"41440","AVRIL COMPAÑIA DE ENERGIA Y CONSTRUCCION S.A.C.","ESTACIÓN DE SERVICIOS / GRIFOS","LIMA","LIMA","PUENTE PIEDRA","CARRETERA PANAMERICANA NORTE KM. 26.5 MZ. C LOTE 5-RESIDENCIAL SAN PEDRO","2026-08-08"
"41469","ESTACIONES DE SERVICIOS MERCE S.A.C.","ESTACIÓN DE SERVICIOS / GRIFOS","PIURA","HUANCABAMBA","HUANCABAMBA","AV. RAMON CASTILLA S/N","2026-08-05"
"41487","SUNNA OIL SAC","ESTACIÓN DE SERVICIO CON GASOCENTRO DE GLP","LIMA","LIMA","SAN MARTIN DE PORRES","INTERSECCION DE LA AV. UNIVERSITARIA Y AV. ANGELICA GAMARRA (LT. 01-B), URB. SANTO TOMAS DE GARAGAY","2026-08-09"
"41488","ESTACION DE SERVICIOS CANTO GRANDE","ESTACIÓN DE SERVICIOS / GRIFOS","LIMA","LIMA","SAN JUAN DE LURIGANCHO","AV. CANTO GRANDE N° 401, MZ I, LOTE 5, URB CANTO BELLO","2026-08-07"
"41493","ESTACION DE SERVICIOS MARIANO MELGAR","ESTACIÓN DE SERVICIOS / GRIFOS","AREQUIPA","AREQUIPA","MARIANO MELGAR","ESQUINA AV. LIMA N° 319-323 CON CALLE TUMBES URB. MARIANO MELGAR","2026-08-08"
"41519","EESS YUNGAY","ESTACIÓN DE SERVICIO CON GASOCENTRO DE GLP","ANCASH","YUNGAY","YUNGAY","CARRETERA CENTRAL HUARAZ - CARAZ S/N MZ.B LOTE 21 ZONA INDUSTRIAL","2026-08-07"
"41547","COESTI S.A.","ESTACIÓN DE SERVICIOS / GRIFOS","LIMA","LIMA","SANTIAGO DE SURCO","AV. JORGE CHAVEZ N° 870 - 877, ESQ. AV. ROOSVELT","2026-08-09"
"41554","GRIFOS MM S.A.C.","ESTACIÓN DE SERVICIO CON GASOCENTRO DE GLP","JUNIN","CHANCHAMAYO","PERENE","AV. MARGINAL S/N, AA.HH. HERMANAS PAUCAR SANGANI","2026-08-05"
"41556","INVERSIONES TUNA S.A.C.","ESTACIÓN DE SERVICIOS / GRIFOS","JUNIN","CONCEPCION","ORCOTUNA","CARRET. CENTRAL KM. 12 MARG. DERECHA","2026-08-07"
"41562","PETROLEMP GROUP S.A.C.","ESTACIÓN DE SERVICIOS / GRIFOS","LIMA","LIMA","VILLA MARIA DEL TRIUNFO","JR. CUSCO MZ. E-8 LOTE 14 A1, TABLADA DE LURIN","2026-08-08"
"41565","INVERSIONES ALABAZ","ESTACIÓN DE SERVICIOS / GRIFOS","LIMA","HUARAL","HUARAL","AV. CHANCAY N° 101 (ESQUINA CON AV. 2 DE MAYO)","2026-07-31"
"41566","GENARA LIDA RODRIGUEZ RODRIGUEZ","ESTACIÓN DE SERVICIOS / GRIFOS","LIMA","CAÑETE","MALA","AV MARCHAND S/N - PREDIO LA HUACA","2026-08-07"
"41569"," CONSUR PERU E.I.R.L. ","ESTACIÓN DE SERVICIO CON GASOCENTRO DE GLP","ANCASH","CARHUAZ","MARCARA","CARRETERA CENTRAL HUARAZ - CARAZ KM 22.5","2026-08-08"
"41707","NEGOCIACION YA S.A.C.","ESTACIÓN DE SERVICIOS / GRIFOS","LIMA","LIMA","SAN JUAN DE LURIGANCHO","AV. WIESSE, MZ. K-19, LOTE 15","2026-08-09"
"41728","GRIFOS ESPINOZA S.A.","ESTACIÓN DE SERVICIOS / GRIFOS","LIMA","LIMA","VILLA EL SALVADOR","ESQ. AV. MICAELA BASTIDAS Y CALLE 8 MZ. I GRUPO 19","2026-08-06"
"41768","INVERSIONES KATIMILA EIRL","ESTACIÓN DE SERVICIO CON GASOCENTRO DE GLP","UCAYALI","CORONEL PORTILLO","YARINACOCHA","AV. CENTENARIO KM. 4.150","2026-08-08"
"41777","GRIFO Y GASOCENTRO TOCACHE S.A.C.","ESTACIÓN DE SERVICIO CON GASOCENTRO DE GLP","SAN MARTIN","TOCACHE","TOCACHE","JR. BOLOGNESI CUADRA 01","2026-08-07"
"41779","ADA CECILIA MONTERO ZURICHAQUI ","ESTACIÓN DE SERVICIOS / GRIFOS","LIMA","LIMA","VILLA EL SALVADOR","AV. JOSE CARLOS MARIATEGUI S/N MZ. H, LOTES 16 Y 17, SECTOR III GRUPO 9","2026-08-07"
"41814","MARCO ANTONIO SURCO ATAUSUPA ","ESTACIÓN DE SERVICIOS / GRIFOS","MADRE DE DIOS","TAMBOPATA","INAMBARI","ESQUINA AV. INAMBARI Y AV. LOS CONQUISTADORES, CENTRO POBLADO MAZUKO","2026-08-06"
"41943","INVERSIONES MANYARI ESPIRITU SCRL","ESTACIÓN DE SERVICIOS / GRIFOS","JUNIN","JAUJA","CURICACA","CARRETERA CENTRAL KM 45.8 HUANCAYO - LA OROYA","2026-08-05"
"41951","EMPRESA MILAGRO DE DIOS S.A.C.","ESTACIÓN DE SERVICIOS / GRIFOS","CAJAMARCA","CUTERVO","CUTERVO","AV. SALOMON VILCHEZ S/N Y JR. JOAQUIN CAPELO","2026-08-05"
"42087","GRUPO GUZMAN VALDIVIA E.I.R.L","ESTACIÓN DE SERVICIOS / GRIFOS","AREQUIPA","ISLAY","PUNTA DE BOMBON","AV. AREQUIPA S/N, ESQUINA CON CALLE 3, SECTOR EL CRUCERO","2026-08-08"
"42088","REPSOL COMERCIAL S.A.C. ","ESTACIÓN DE SERVICIO CON GASOCENTRO DE GLP","LA LIBERTAD","TRUJILLO","HUANCHACO","CARRETERA PANAMERICANA NORTE KM. 569 EL MILAGRO","2026-08-08"
"42090","SERVICENTRO POSBEN S.A.C.","ESTACIÓN DE SERVICIO CON GASOCENTRO DE GLP","ICA","ICA","SALAS","CARRETA PANAMERICANA SUR KM 290.7","2026-08-08"
"42092","ESTACION DE SERVICIOS SAN ANTONIO S.A.C.","ESTACIÓN DE SERVICIOS / GRIFOS","ANCASH","HUAYLAS","CARAZ","CARRETERA CENTRAL N° 696","2026-08-08"
"42093","GRIFO MULTICENTRO CHEPEN  S.R.L.","ESTACIÓN DE SERVICIO CON GASOCENTRO DE GLP","LA LIBERTAD","CHEPEN","CHEPEN","CARRETERA PANAMERICANA NORTE KM. 697","2026-08-08"
"42094","REPUESTOS MIAMI S.R.L.","ESTACIÓN DE SERVICIOS / GRIFOS","MADRE DE DIOS","TAMBOPATA","INAMBARI","AV. PROLONGACION INAMBARI S/N","2026-08-07"
"42096","CORPORACION OIL GEMS SOCIEDAD ANONIMA CERRADA ","ESTACIÓN DE SERVICIOS / GRIFOS","LIMA","HUAURA","HUAURA","INTERSECCION PROL. SAN MARTIN Y AV. CORONEL PORTILLO (ANTES: INTER. ANT. Y NUE. P. NO. MZ. III. TIWIN)","2026-08-07"
"42175","GRIFO EL PIONERO S.C.R.L.","ESTACIÓN DE SERVICIO CON GASOCENTRO DE GLP","CAJAMARCA","CUTERVO","CUTERVO","AV. SAN JUAN S/N (CARRETERA CUTERVO-CHICLAYO KM 0.5)","2026-08-07"
"42183","GRIFO KAREN & CAROL SOCIEDAD COMERCIAL DE RESPONSABILIDAD LIMITADA","ESTACIÓN DE SERVICIOS / GRIFOS","LIMA","CAÑETE","MALA","AV. PANAMERICANA N° 352","2026-08-07"
"42189","GRIFO PILOTOS PACHACHACA","ESTACIÓN DE SERVICIOS / GRIFOS","APURIMAC","ABANCAY","ABANCAY","CARRETERA ABANCAY-CHALHUANCA KM. 8","2026-08-07"
"42212","JOSE ALONSO BEJARANO VELAZCO","ESTACIÓN DE SERVICIOS / GRIFOS","AREQUIPA","CASTILLA","URACA","AV. PROGRESO S/N, ANEXO BELLAVISTA S/N - CORIRE","2026-08-07"
"42236","SERVICIOS Y GRIFOS CAMARENA S.A.","ESTACIÓN DE SERVICIOS / GRIFOS","LIMA","LIMA","CARABAYLLO","ESQ. AV. UNIVERSITARIA Y AV. RIO CHILLON (CALLE CAMINO REAL), MZ. Q LOTE 01, URB. PROGRESIVA SANTA ROSA","2026-08-04"
"42239","SERVICENTRO SAN FRANCISCO S.A.C.","ESTACIÓN DE SERVICIOS / GRIFOS","AREQUIPA","ISLAY","COCACHACRA","ESQUINA AV. LIBERTAD N°1000 CON CALLE DEAN VALDIVIA","2026-08-08"
"42250","INVERSIONES GRAN CHIMU S.A.C.","ESTACIÓN DE SERVICIOS / GRIFOS","LA LIBERTAD","VIRU","CHAO","CARRETERA PANAMERICANA NORTE KM. 496 SECTOR JUAN VELASCO ALVARADO DE LA VILLA DE CHAO","2026-08-07"
"42260","SERVICENTRO RAMIREZ SAC","ESTACIÓN DE SERVICIO CON GASOCENTRO DE GLP","LA LIBERTAD","VIRU","CHAO","AV. VICTOR RAUL MZ. 2 LOTE 10 ASENTAMIENTO HUMANO PUENTE DE CHAO","2026-08-09"
"42296","TORRES BARRIOS SANTIAGO","ESTACIÓN DE SERVICIOS / GRIFOS","ICA","CHINCHA","GROCIO PRADO","AV. CENTENARIO 1266","2026-08-08"
"42304","CORMENTTI S.A.C.","ESTACIÓN DE SERVICIOS / GRIFOS","LIMA","OYON","OYON","AV. HUANUCO N° 340","2026-08-08"
"42317","GRIFOS MONTERREY S.R.L.","ESTACIÓN DE SERVICIO CON GASOCENTRO DE GLP","ANCASH","HUARAZ","HUARAZ","CARRETERA PATIVILCA - HUARAZ KM 194+200 SECTOR CHIHUIPAMPA","2026-08-09"
"42331","CORPORACION SAN ROQUE S.A.C.","ESTACIÓN DE SERVICIOS / GRIFOS","ANCASH","YUNGAY","MANCOS","CARRETERA CENTRAL S/N","2026-07-31"
"42374","ESTACION DE SERVICIOS GRUPO SAN CARLOS S.A.C.","ESTACIÓN DE SERVICIO CON GASOCENTRO DE GLP","ICA","CHINCHA","PUEBLO NUEVO","JR. ARICA NRO. 1821","2026-08-08"
"42387","COESTI SA","EE.SS con GLP y GNV","LIMA","LIMA","ATE","CARRETERA CENTRAL KM. 16 (AV. NICOLAS AYLLON S/N, MZ. A, LOTE 1) PROGRAMA DE VIVIENDA LAS PRADERAS","2026-08-08"
"42453","ESTACION DE SERVICIOS RIMEER  EIRL","ESTACIÓN DE SERVICIO CON GASOCENTRO DE GLP","LIMA","HUAURA","SANTA MARIA","AV. CENTENARIO S/N - BARRIO SAN LORENZO","2026-08-08"
"42466","GRUPO DE INVERSIONES LA DOLOROSA GRIFOS E.I.R.L.","ESTACIÓN DE SERVICIOS / GRIFOS","LORETO","ALTO AMAZONAS","YURIMAGUAS","PROLONGANCIÓN ZAMORA ESQUINA CON CALLE AVIACIÓN Y LA PROLONGACIÓN ALFONSO UGARTE -","2026-08-07"
"42469","SERVICENTRO SAN PEDRO EIRL","ESTACIÓN DE SERVICIOS / GRIFOS","APURIMAC","CHINCHEROS","ANCO-HUALLO","AV. LOS INCAS Y JR. PROLONGACION PACHACUTEC","2026-08-07"
"42500","CONSORCIO MARISSA S.A.C.","ESTACIÓN DE SERVICIOS / GRIFOS","LA LIBERTAD","VIRU","VIRU","CARRETERA PANAMERICANA NORTE KM. 513 SECTOR LOS PINOS-HUACA LARGA","2026-08-07"
"42510","REPRESENTACIONES Y SERVICIOS MIRAFLORES E.I.R.L.","ESTACIÓN DE SERVICIOS / GRIFOS","PIURA","SECHURA","BELLAVISTA DE LA UNION","CARRETERA BELLAVISTA SECHURA S/N","2026-08-07"
"42553","YAVA S.A.C.","ESTACIÓN DE SERVICIOS / GRIFOS","AYACUCHO","HUAMANGA","SOCOS","CARRETERA AYACUCHO - PISCO, KM 15 + 400, AMPPUCCASA","2026-08-08"
"42755","ANEGADA S.A.C.","ESTACIÓN DE SERVICIOS / GRIFOS","LIMA","LIMA","SAN ISIDRO","AV. JAVIER PRADO ESTE N° 311","2026-08-09"
"42769","REPSOL COMERCIAL SAC","EE.SS con GLP y GNV","LIMA","LIMA","LIMA","AV. NICOLAS DUEÑAS N° 606, 610, 616 (ANTES AV. NICOLAS DUEÑAS N° 590 CDRA 17 DE LA AV. ARGENTINA)","2026-08-09"
"42805","COESTI S.A.","ESTACIÓN DE SERVICIOS / GRIFOS","JUNIN","JUNIN","JUNIN","PROLONGACIÓN DE LA AV. MANUEL PRADO N° 1483 - LADO NORTE","2026-08-08"
"42819","DOMINGUEZ MORANTE MOISES GERMAN","ESTACIÓN DE SERVICIOS / GRIFOS","PIURA","PIURA","TAMBO GRANDE","TROCHA CARROZABLE TAMBOGRANDE A MALINGAS KM 1 MARGEN IZQUIERDO SECTOR CURBAN BAJO Y SAN RAMON","2026-08-07"
"42821","HEKLAND E.I.R.L.","ESTACIÓN DE SERVICIOS / GRIFOS","AYACUCHO","HUANTA","HUANTA","AV. CARLOS CH. HIRAOKA N° 405","2026-08-08"
"42879","GRIFO FRANZ E.I.R.L.","ESTACIÓN DE SERVICIOS / GRIFOS","UCAYALI","ATALAYA","RAYMONDI","CALLE NICOLAS VELA MZ.71 LT.01 VILLA ATALAYA","2026-08-05"
"42912","COESTI S.A. EESS QUIOLA","EE.SS con GNV","LAMBAYEQUE","LAMBAYEQUE","LAMBAYEQUE","CARRETERA PANAMERICANA NORTE KM 779+400","2026-08-08"
"42913","GRIFO XIOMY","ESTACIÓN DE SERVICIOS / GRIFOS","UCAYALI","CORONEL PORTILLO","YARINACOCHA","CARRETERA FEDERICO BASADRE KM. 12.200","2026-08-08"
"42927","M & Y SENOR DE MURUHUAY S.A.C","ESTACIÓN DE SERVICIO CON GASOCENTRO DE GLP","ICA","PISCO","INDEPENDENCIA","VIA LOS LIBERTADORES KM 15.5","2026-08-08"
"42967","GRIFO EL ECONOMICO MELCHORITA S.A.C.","ESTACIÓN DE SERVICIOS / GRIFOS","LIMA","LIMA","VILLA MARIA DEL TRIUNFO","JR. ANDRES AVELINO CACERES N° 995 MZ. 209 LT 11 VALLECITO ALTO","2026-08-08"
"43019","GGASOCENTRO SELVA","ESTACIÓN DE SERVICIO CON GASOCENTRO DE GLP","JUNIN","SATIPO","PANGOA","INTERSECCION DE AV. SONOMORO CON CALLE INDUSTRIAL","2026-08-08"
"43020","EESS MARIVEA","ESTACIÓN DE SERVICIO CON GASOCENTRO DE GLP","LIMA","HUAURA","SAYAN","CALLE LOS PATRIOTAS S/N, MZ. I, LOTES 37, 38, 39, 40 Y 41","2026-08-08"
"43021","EMPRESA DE SERVICIOS MULTIPLES LOS LAURELES DE MANCHAY S.A.C.","ESTACIÓN DE SERVICIOS / GRIFOS","LIMA","LIMA","PACHACAMAC","AV. VICTOR MALASQUEZ, PARCELA 7, COMUNIDAD CAMPESINA COLLANAC","2026-08-08"
"43023","ALVAUNSI S.A.C.","ESTACIÓN DE SERVICIOS / GRIFOS","LIMA","LIMA","COMAS","AV. UNIVERSITARIA ESQ. CON CALLE 15 MZ. Q-1 LOTES 30 Y 31 COOPERATIVA DE VIVIENDA PRIMAVERA","2026-08-07"
"43034","INVERSIONES JULIO III SAC","ESTACIÓN DE SERVICIOS / GRIFOS","LIMA","HUARAL","CHANCAY","CARRETERA HUARAL - CHANCAY KM.2.7, PARCELA 92-A SECTOR TORRE BLANCA","2026-08-08"
"43043","SANTIAGO ELEAZAR GALVEZ ALVA","ESTACIÓN DE SERVICIOS / GRIFOS","CAJAMARCA","CONTUMAZA","CHILETE","CARRETERA PACASMAYO CAJAMARCA KM 92 + 150 CASERÍO TABACAL","2026-08-07"
"43064","ESTACION DE SERVICIOS SANTA CRUZ DE COCACHACRA SAC","ESTACIÓN DE SERVICIOS / GRIFOS","LIMA","HUAROCHIRI","SANTA CRUZ DE COCACHACRA","AV. NICOLAS DE PIEROLA S/N CARRETERA CENTRAL KM. 52.8","2026-08-07"
"43215","XACT PERU S.A.C.","ESTACIÓN DE SERVICIOS / GRIFOS","CUSCO","ESPINAR","ESPINAR","SECTOR PARACCAY PATA (DESVIO CARRETERA CAYLLOMA - SANTO TOMAS)","2026-08-06"
"43234","SUPER SERVICENTRO SEÑOR DE CCOYLLORITTI S.R.L. ","ESTACIÓN DE SERVICIOS / GRIFOS","MADRE DE DIOS","TAMBOPATA","TAMBOPATA","JR. JUNÍN N° 1860 Y LA CALLE RAMÓN CASTILLO Y LA CALLE IGNACIO MERINO S/N.","2026-08-07"
"43245","GRIFOS ESPINOZA S.A.","EE.SS con GLP y GNV","LIMA","LIMA","PUENTE PIEDRA","CARRETERA PANAMERICANA NORTE KM. 27.5, PARCELA N° 10271- TAMBO INGA","2026-08-09"
"43301","GRIFOS CARU SRL","ESTACIÓN DE SERVICIOS / GRIFOS","ICA","CHINCHA","CHINCHA BAJA","CARRETERA PANAMERICANA SUR KM. 204.5","2026-08-08"
"43384","ESTACIÓN DE SERVICIOS 4LL FUELS BARRANCA","ESTACIÓN DE SERVICIOS / GRIFOS","LIMA","BARRANCA","BARRANCA","PANAMERICANA NORTE KM. 198","2026-07-31"
"43393","SERVICENTRO SR. DE LOS MILAGROS","ESTACIÓN DE SERVICIOS / GRIFOS","JUNIN","SATIPO","MAZAMARI","AV. LA CULTURA (AV. SUR OESTE) N° 143","2026-08-07"
"43397","SERVICIOS GENERALES FULL GRIFOS DEL PERU S.A.C.","ESTACIÓN DE SERVICIOS / GRIFOS","ICA","NAZCA","NAZCA","CARRETERA NASCA  PUQUIO KM 2.17, SECTOR CANTAYO","2026-08-07"
"43436","ERNABY S.A.C","ESTACIÓN DE SERVICIOS / GRIFOS","CUSCO","CUSCO","WANCHAQ","PARQUE INDUSTRIAL MZ H LOTES 1 Y 2, AV. VIA EXPRESA","2026-08-08"
"43452","GRIFO MAZECHI SAC","ESTACIÓN DE SERVICIO CON GASOCENTRO DE GLP","JUNIN","HUANCAYO","CHILCA","AV. HUANCAVELICA Nº 268","2026-08-08"
"43484","ESTACION DE SERVICIOS YAMPIER E.I.R.L.","ESTACIÓN DE SERVICIOS / GRIFOS","LAMBAYEQUE","LAMBAYEQUE","TUCUME","KM. 21 + 74.45 CRUCE BAYOVAR - ANTIGUA PANAMERICANA NORTE  SECTOR PUENTE EL PAVO","2026-08-08"
"43492","GRIFOS LOS DELFINES JR","ESTACIÓN DE SERVICIO CON GASOCENTRO DE GLP","LIMA","LIMA","LURIGANCHO","CARRETERA CENTRAL (AV. LIMA SUR) ESQUINA CON PASAJE JACARANDAES, SUB LOTE 34-B1, B2, B3","2026-08-09"
"43538","MARBELLA PERU S.A.C","ESTACIÓN DE SERVICIOS / GRIFOS","LIMA","HUARAL","AUCALLAMA","PARCELA 34 LT B1 - SECTOR CHACRA Y MAR - PASAMAYO","2026-08-04"
"43542","SELVA GRIFOS E.I.R.L.","ESTACIÓN DE SERVICIO CON GASOCENTRO DE GLP","SAN MARTIN","SAN MARTIN","MORALES","CARRETERA FERNANDO BELAUNDE TERRY KM 5.5","2026-08-07"
"43570","VILBO NEGOCIOS SAC","ESTACIÓN DE SERVICIOS / GRIFOS","LA LIBERTAD","TRUJILLO","TRUJILLO","AVENIDA MANSICHE ESQUINA CON AVENIDA PABLO CASALS, URB.LOS CEDROS","2026-08-07"
"43574","GO COMBUSTIBLES 10 SAC","GASOCENTROS DE GLP","LIMA","LIMA","BARRANCO","AV. REPUBLICA DE PANAMA N° 402 ESQ. JR. AURELIO DE SOUZA","2026-08-08"
"43594","GRIFO SF HOROSCOPO S.R.L.","ESTACIÓN DE SERVICIOS / GRIFOS","MADRE DE DIOS","TAMBOPATA","INAMBARI","PROLONGACION AV. INAMBARI S/N (CARRETERA MAZUKO - PUERTO MALDONADO)","2026-08-07"
"43627","GRIFOS SOYUZ S.A.","ESTACIÓN DE SERVICIOS / GRIFOS","LIMA","LIMA","LA VICTORIA","AV. MEXICO N° 333","2026-08-09"
"43650","ESTACION DE SERVICIOS Y GASOCENTRO LAS PALMERAS S.R.L.","ESTACIÓN DE SERVICIO CON GASOCENTRO DE GLP","HUANUCO","AMBO","AMBO","CARRETERA CENTRAL LIMA - HUANUCO KM. 386.5 - CENTRO POBLADO MENOR DE AYANCOCHA","2026-08-09"
"43657","SERVICENTRO PERENE E.I.R.L.","ESTACIÓN DE SERVICIOS / GRIFOS","JUNIN","CHANCHAMAYO","PICHANAQUI","AV. MARGINAL ESQUINA CON JIRON RAMON CASTILLA","2026-08-04"
"43662","GRIFO EL OVALO S.A.C.","ESTACIÓN DE SERVICIOS / GRIFOS","AYACUCHO","HUAMANGA","AYACUCHO","JR. PUNO N° 150, ESQUINA CON JR. UNTIVEROS","2026-08-09"
"43664","ESTACION DE SERVICIOS LOS ANDES HNOS S.A.C.","ESTACIÓN DE SERVICIOS / GRIFOS","HUANCAVELICA","TAYACAJA","DANIEL HERNANDEZ","AV. PERU N° 432","2026-08-09"
"43695","CORPORACION PERUANA DE INVERSIONES Y PRODUCCION S.A.","ESTACIÓN DE SERVICIOS / GRIFOS","ANCASH","CARHUAZ","YUNGAR","CARRETERA CENTRAL HUARAZ CARAZ, KM. 218","2026-08-07"
"43724","CORPORACION PERUANA DE INVERSIONES Y PRODUCCION SA","ESTACIÓN DE SERVICIOS / GRIFOS","ANCASH","CARHUAZ","TINCO","CARRETERA PATIVILCA - CARAZ KM 236+800 PARCELA 86-A","2026-08-06"
"43730","HFK COMBUSTIBLES S.A.C.","EE.SS con GLP y GNV","PROV. CONST. DEL CALLAO","PROV. CONST. DEL CALLAO","CALLAO","AV. NESTOR GAMBETTA S/N SUB LOTE 1 A Y SUB LOTE 1, EX FUNDO MARQUEZ (CARRETERA A VENTANILLA, KM. 14.5)","2026-08-08"
"43772","SORAYDA KALA HUAMAN","ESTACIÓN DE SERVICIOS / GRIFOS","AREQUIPA","CAYLLOMA","MAJES","CRUCE CARRETERA PANAMERICANA SUR CON CARRETERA AREQUIPA-MAJES-CAMANA, SECTOR EL SOLITARIO","2026-08-08"
"43777","ESTACION DE SERVICIO SANTA ANITA S.A.C.","ESTACIÓN DE SERVICIO CON GASOCENTRO DE GLP","LIMA","LIMA","SANTA ANITA","AV. METROPOLITANA MZ. C-8 LOTE 20","2026-08-08"
"43778","GASOCENTRO LIMAGAS MOLLENDO","GASOCENTROS DE GLP","AREQUIPA","ISLAY","MOLLENDO","MZ. C LOTES 1 Y 2 DE LA ASOCIACIÓN DE PEQUEÑOS INDUSTRIALES ARTESANALES DE MOLLENDO - APIAMO","2026-08-08"
"43786","BIO TALLERES S.A.C.","ESTACIÓN DE SERVICIOS / GRIFOS","PROV. CONST. DEL CALLAO","PROV. CONST. DEL CALLAO","VENTANILLA","AV. CHILLÓN, MZ. W, LOTES 1, 2, 3 Y 4, ASOCIACIÓN DE PROPIETARIOS CASA HUERTA VIRGEN DE LAS MERCEDES","2026-08-07"
"43846","EL AS SERVICIOS GENERALES E.I.R.L.","ESTACIÓN DE SERVICIOS / GRIFOS","CAJAMARCA","CAJAMARCA","CAJAMARCA","AV. SAN MARTIN N° 1250","2026-08-07"
"43875","GASOCENTRO EL SOL S.A.C.","EE.SS con GLP y GNV","LIMA","LIMA","CHORRILLOS","AV. GUARDIA CIVIL 698 ESQ. AV. EL SOL","2026-08-08"
"43901","ALICIA QUISPE QUINTO","ESTACIÓN DE SERVICIOS / GRIFOS","JUNIN","CHUPACA","AHUAC","AV. MARISCAL CACERES Nº 621","2026-08-07"
"43906","ESTACION DE SERVICIOS KANAFI E INVERSIONES E.I.R.L.","ESTACIÓN DE SERVICIOS / GRIFOS","AYACUCHO","HUAMANGA","JESUS NAZARENO","CARRETERA AYACUCHO-HUANTA KM 07","2026-08-08"
"43920","GRIFO ALANYA","ESTACIÓN DE SERVICIOS / GRIFOS","UCAYALI","ATALAYA","RAYMONDI","AV. MIGUEL GRAU ESQUINA CON JR. PANGOA - VILLA ATALAYA (ANTES JR. MALECON S/N)","2026-08-04"
"43930","TRADCOM E.I.R.L.","ESTACIÓN DE SERVICIO CON GASOCENTRO DE GLP","LIMA","HUAURA","SANTA MARIA","CARRETERA PANAMERICANA NORTE N° 1598","2026-08-09"
"43969","ESTACION SE SERVICIOS SAN MARTIN","ESTACIÓN DE SERVICIO CON GASOCENTRO DE GLP","AMAZONAS","BAGUA","LA PECA","AV. HÉROES DEL CENEPA CUADRA 21 S/N","2026-08-08"
"43982","LAS FLORES","ESTACIÓN DE SERVICIOS / GRIFOS","UCAYALI","CORONEL PORTILLO","MANANTAY","JR. LAS MERCEDES (INTERSECCIÓN CON AV. VENEZUELA). MZ J. LOTE 01. AAHH LAS FLORES","2026-08-08"
"44010","JORGE LUIS GARCIA PALOMINO","ESTACIÓN DE SERVICIOS / GRIFOS","JUNIN","JAUJA","EL MANTARO","CARRETERA CENTRAL KM. 89 S/N","2026-08-06"
"44093","ESTACION DE SERVICIO VIGEMAR S.A.C","ESTACIÓN DE SERVICIOS / GRIFOS","UCAYALI","CORONEL PORTILLO","YARINACOCHA","CARRETERA FEDERICO BASADRE KM. 8,760 MARGEN DERECHA FRENTE A AA.HH. MAGDALENA","2026-08-07"
"44109","ENERGIGAS S.A.C.","ESTACIÓN DE SERVICIO CON GASOCENTRO DE GLP","LA LIBERTAD","TRUJILLO","TRUJILLO","INTERSECCION AV. MIRAFLORES Nº 1703-1711-1743-1749-1759 CON AV. FEDERICO VILLAREAL NORTE Nº 800-808-840","2026-08-07"
"44120","PETROLEUM CONSULTING GROUP S.A.C.","ESTACIÓN DE SERVICIOS / GRIFOS","CAJAMARCA","JAEN","JAEN","CARRETERA FERNANDO BELAUNDE TERRY KM 172 CASERIO DE ZONANGA","2026-08-07"
"44165","DIESEL MAX S.R.L.","EE.SS con GLP y GNV","LIMA","HUAURA","HUALMAY","AV. CRUZ BLANCA N° 996 ANTIGUA CARRETERA PANAMERICANA NORTE KM. 151 + 345","2026-08-07"
"44174","ESTACION DE SERVICIOS UTCUBAMBA II S.R.L.","ESTACIÓN DE SERVICIO CON GASOCENTRO DE GLP","AMAZONAS","UTCUBAMBA","BAGUA GRANDE","CARRETERA FERNANDO BELAUNDE TERRY KM. 231+451 PREDIO SECTOR RIEGUILLO","2026-08-07"
"44177","GRIFO NAUTA","ESTACIÓN DE SERVICIOS / GRIFOS","LORETO","LORETO","NAUTA","CARRETERA NAUTA - IQUITOS KM. 1.7 CON AV. CIRCULAR","2026-08-09"
"44237","MANTARI MANTARI JANETE SOLAIDA","ESTACIÓN DE SERVICIO CON GASOCENTRO DE GLP","ICA","ICA","LOS AQUIJES","CARRETERA ICA - LOS AQUIJES - SUB LOTE N° 5-A SECTOR SUNAMPE","2026-08-08"
"44240","GRIFOS PEBSA S.A.","ESTACIÓN DE SERVICIOS / GRIFOS","LIMA","LIMA","VILLA EL SALVADOR","CARRETERA PANAMERICANA SUR KM. 19.8","2026-08-07"
"44269","FELIX VICENTE RAMIREZ OBREGON","ESTACIÓN DE SERVICIOS / GRIFOS","ANCASH","YUNGAY","YUNGAY","LADO OESTE DE LA CARRETERA CENTRAL HUARAZ - CARAZ KM.50 SECTOR HUANCHUY","2026-08-07"
"44325","DISTRIBUIDORA E IMPORTADORA  M & G SOCIEDAD ANONIMA CERRADA DISTRIBUIDORA E IMPORTADORA M & G S.A.C.","ESTACIÓN DE SERVICIOS / GRIFOS","LIMA","LIMA","COMAS","AV. REVOLUCIÓN N° 2976 5TA ZONA COLLIQUE","2026-08-07"
"44366","INVERSIONES GASOIL EIRL","ESTACIÓN DE SERVICIOS / GRIFOS","MADRE DE DIOS","TAMBOPATA","TAMBOPATA","AV. CIRCUNVALACION S/N LOTE 16 MANZANA 10 A.H. MONTERRICO","2026-08-07"
"44368","COMBUSTIBLES Y LUBRICANTES CARRASCO E.I.R.L","ESTACIÓN DE SERVICIOS / GRIFOS","PIURA","MORROPON","LA MATANZA","CENTRO POBLADO LAYNAS KM 8 CARRETERA LAYNAS A BUENOS AIRES","2026-08-07"
"44369","ESTACION DE SERVICIOS SALAZAR E.I.R.L.","ESTACIÓN DE SERVICIOS / GRIFOS","PIURA","TALARA","PARIÑAS","KM. 1090 CARETERA PANAMERICANA NORTE URB. LUIS NEGREIROS","2026-08-08"
"44371","GRIFO HALKON","ESTACIÓN DE SERVICIO CON GASOCENTRO DE GLP","TACNA","TACNA","CORONEL GREGORIO ALBARRACIN LANCHIPA","ASOCIACION DE VIVIENDA EL TERMINAL - MZ. B LOTES 14, 15, 16","2026-08-09"
"44416","ESTACION DE SERVICIOS GRUPO A Y T PERU SAC","ESTACIÓN DE SERVICIOS / GRIFOS","APURIMAC","ABANCAY","TAMBURCO","CARRETERA ABANCAY - APURIMAC KM 1.5","2026-08-08"
"44472","TORRE BLANCA INVERSIONES GENERALES SRL","ESTACIÓN DE SERVICIO CON GASOCENTRO DE GLP","LIMA","LIMA","CARABAYLLO","CARRETERA LIMA - CANTA KM. 23, PARCELA 283 (EX-FUNDO CAUDEVILLA - HUACOY PUNCHAUCA)","2026-08-09"
"44484","FELIX VICENTE RAMIREZ OBREGON","ESTACIÓN DE SERVICIOS / GRIFOS","ANCASH","CARHUAZ","ACOPAMPA","CARRETERA CENTRAL PATIVILCA-HUARAZ-CARAZ KM. 299 PREDIO HUANCHAC-PAMPA SECTOR PUNCULLACA","2026-08-08"
"44489","SERVICENTRO  BIZARRO  E.I.R.L.","ESTACIÓN DE SERVICIO CON GASOCENTRO DE GLP","PROV. CONST. DEL CALLAO","PROV. CONST. DEL CALLAO","VENTANILLA","ESQ. AV. LOS ARQUITECTOS Y AV. 225, MZ. A, LOTES 01, 23 Y 24. AA.HH. UPIS - CIUDAD PACHACUTEC","2026-08-08"
"44532","COESTI S.A EVITAMIENTO","ESTACIÓN DE SERVICIOS / GRIFOS","AREQUIPA","AREQUIPA","CERRO COLORADO","KM 06+239 VIA DE EVITAMIENTO IRRIGACION ZAMACOLA ZONA G","2026-08-09"
"44590","ESTACION DE SERVICIOS LA UNION S.A.C.","ESTACIÓN DE SERVICIO CON GASOCENTRO DE GLP","PIURA","PIURA","LA UNION","MZ.102 - LOTE 01, PROLONGACION AV. LIMA (ANTES KM.01 CARRETERA LA UNION - PIURA)","2026-08-07"
"44602","ESTACION DE SERVICIOS MARIA FERNANDA EIRL","ESTACIÓN DE SERVICIOS / GRIFOS","CAJAMARCA","CHOTA","CHOTA","CARRETERA CHOTA - TACABAMBA KM. 1 + 800 - SECTOR SHITAPAMPA","2026-08-06"
"44604","COESTI S.A  ES LA PURISIMA","ESTACIÓN DE SERVICIOS / GRIFOS","LAMBAYEQUE","CHICLAYO","CHICLAYO","INTERSECCION VIA DE EVITAMIENTO Y PROLONGACION AV. BOLOGNESI","2026-08-09"
"44632","GASOCENTRO Y AUTOSERVICIOS REAL S.A.C.","EE.SS con GLP y GNV","LIMA","HUAROCHIRI","SAN ANTONIO","MZ. AG LOTE 08 ANEXO 22 COMUNIDAD CAMPESINA JICAMARCA","2026-08-08"
"44661","GASOCENTRO VISTA ALEGRE S.A.C.","ESTACIÓN DE SERVICIO CON GASOCENTRO DE GLP","LAMBAYEQUE","CHICLAYO","JOSE LEONARDO ORTIZ","INTERSECCION DE LA AV. CHICLAYO CON CALLE SAN MARTIN N° 1801 URB. CARLOS STEIN CHAVEZ","2026-08-09"
"44673","ESTACION DE SERVICIOS DABRI E.I.R.L.","ESTACIÓN DE SERVICIOS / GRIFOS","AMAZONAS","BAGUA","BAGUA","AV. HEROES DEL CENEPA N° 2126 CUADRA 21 MZ 24 LTS. 3 Y 4","2026-08-09"
"44674","GRUPO EMPRESARIAL DEL CHIRA SA","ESTACIÓN DE SERVICIOS / GRIFOS","PIURA","SULLANA","SULLANA","SUB LOTE A-2 ZONA INDUSTRIAL MUNICIPAL IV SULLANA","2026-08-09"
"44675","EMPRESA COMUNAL DE SERVICIOS MULTIPLES RANCAS","ESTACIÓN DE SERVICIO CON GASOCENTRO DE GLP","LIMA","CAÑETE","SAN VICENTE DE CAÑETE","ANTIGUA PANAMERICANA SUR KM. 143","2026-08-07"
"44689","COMPAÑIA PERUANA DE PETROLEO GAS Y GASOLINA S.A.C.","ESTACIÓN DE SERVICIO CON GASOCENTRO DE GLP","ANCASH","SANTA","SANTA","CARRETERA PANAMERICANA NORTE KM. 443.5","2026-08-09"
"44703","ESTACION DE SERVICIOS LA PUNTA E.I.R.L.","ESTACIÓN DE SERVICIO CON GASOCENTRO DE GLP","LIMA","LIMA","LA MOLINA","JR. LA PUNTA MZ. 3-T LOTE 23, ESQ. CON AV. LA MOLINA, URB. EL SOL DE LA MOLINA","2026-08-05"
"44727","LUIS ALFREDO CABANILLAS GOICOCHEA","ESTACIÓN DE SERVICIOS / GRIFOS","CAJAMARCA","SAN PABLO","SAN PABLO","JR. BOLOGNESI ESQUINA CON JR. MIGUEL IGLESIAS","2026-08-07"
"44756","EMPRESA DE SERVICIOS Y COMERCIO EN GENERAL EL BAUL E.I.R.L.","ESTACIÓN DE SERVICIOS / GRIFOS","MOQUEGUA","MARISCAL NIETO","TORATA","CARRETERA BINACIONAL KM. 125 LOTE N° 08","2026-08-07"
"44840","GRANEL INDUSTRIAL S.A.C.","ESTACIÓN DE SERVICIO CON GASOCENTRO DE GLP","ANCASH","SANTA","CHIMBOTE","AV. ENRIQUE MEIGGS N° 1186-1189, MIRAFLORES ZONA 1","2026-08-08"
"44891","GRIFO 31 DE MAYO","ESTACIÓN DE SERVICIOS / GRIFOS","LA LIBERTAD","VIRU","VIRU","AV. VIRU N° 380","2026-08-07"
"44924","ROAN INVERSIONES  SOCIEDAD ANONIMA CERRADA","ESTACIÓN DE SERVICIOS / GRIFOS","LIMA","LIMA","COMAS","AV. PROLONGACIÓN REVOLUCIÓN 3501 MZ. A LOTE 3, 4 Y 5 AA.HH. SANTA ROSA DE COLLIQUE","2026-08-07"
"44926","CORPORACION Q & T S.A.C.","ESTACIÓN DE SERVICIOS / GRIFOS","LIMA","LIMA","CARABAYLLO","AV. TUPAC AMARU KM. 22.5 ZONA DE HUACOY CARRETERA LIMA  CANTA, ASENTAMIENTO HUMANO VILLA SAN ANTONIO","2026-08-08"
"44945","SERVICENTRO BARCELONA S.C.R.L","ESTACIÓN DE SERVICIOS / GRIFOS","SAN MARTIN","MOYOBAMBA","MOYOBAMBA","JR. 02 DE MAYO N° 603 (ANTES JR. 25 DE MAYO N° 597)","2026-08-08"
"44951","GRIFOS JVR & ARA E.I.R.L.","ESTACIÓN DE SERVICIOS / GRIFOS","CAJAMARCA","CUTERVO","CUTERVO","AV. SAN JUAN N° 1073","2026-08-08"
"45029","ADMINISTRACION DE GRIFOS LEP S.A.C.","ESTACIÓN DE SERVICIO CON GASOCENTRO DE GLP","PROV. CONST. DEL CALLAO","PROV. CONST. DEL CALLAO","CALLAO","AV. CONTRALMIRANTE MORA N° 299, ESQUINA CON CALLE SEGUNDA, URB. CHACARITA","2026-08-08"
"45058","GRIFO NUEVA YORK S.A.C.","ESTACIÓN DE SERVICIO CON GASOCENTRO DE GLP","SAN MARTIN","RIOJA","NUEVA CAJAMARCA","CARRETERA FERNANDO BELAUNDE TERRY KM. 458 - SECTOR LA UNION","2026-08-05"
"45062","INVERSIONES 8 DE DICIEMBRE GRIFO INMACULADA CONCEPCION EIRL.","ESTACIÓN DE SERVICIOS / GRIFOS","CUSCO","PAUCARTAMBO","KOSÑIPATA","AV. CUSCO S/N MZ. Q LOTE 1,2,3-PILCOPATA","2026-08-08"
"45081","FLORENCIA SOTO LOARDO","ESTACIÓN DE SERVICIO CON GASOCENTRO DE GLP","LIMA","LIMA","SANTA ANITA","AV. LOS CHANCAS CON CALLE N° 8, LOTE 26-27, ASOCIACIÓN DE VIVIENDA LOS PINOS","2026-08-08"
"45101","GRIFOS CRYSMAR E.I.R.L.","ESTACIÓN DE SERVICIOS / GRIFOS","SAN MARTIN","MOYOBAMBA","CALZADA","CARRETERA MARGINAL KM 486 - SECTOR SAN JUAN DE TANGUMI","2026-08-08"
"45106","GRIFO SERVICENTRO  EL PROGRESO","ESTACIÓN DE SERVICIOS / GRIFOS","ANCASH","CARHUAZ","CARHUAZ","CARRETERA HUARAZ - CARAZ KM 34","2026-08-06"
"45166","TRANSPORTES & GRIFOS ROSALES E.I.R.L.","ESTACIÓN DE SERVICIOS / GRIFOS","CAJAMARCA","CAJAMARCA","SAN JUAN","CARRETERA PACASMAYO - CAJAMARCA KM. 143","2026-08-07"
"45168","COORPORACION VCC E.I.R.L.","ESTACIÓN DE SERVICIO CON GASOCENTRO DE GLP","JUNIN","YAULI","SANTA ROSA DE SACCO","AV. AREVALO N°552","2026-08-08"
"45187","SERVICENTRO JABSA S.A.","ESTACIÓN DE SERVICIOS / GRIFOS","LIMA","LIMA","PUCUSANA","AV. LIMA N° 646","2026-07-30"
"45240","GASOCENTRO AUFRA SOCIEDAD ANONIMA CERRADA-GAUFRA S.A.C.","ESTACIÓN DE SERVICIO CON GASOCENTRO DE GLP","LIMA","LIMA","LOS OLIVOS","AV. UNIVERSITARIA ESQUINA CON LA AV. NARANJAL, MANZANA A, LOTES 1, 2, 3, 4, 5, 23, 24, 25 Y 26 DEL A. H. 19 DE MAYO","2026-08-08"
"45265","GRIFO LEON SERVIS","ESTACIÓN DE SERVICIOS / GRIFOS","PUNO","SAN ROMAN","JULIACA","AV. HEROES DE LA GUERRA DEL PACIFICO S/N KM. 3.5","2026-08-08"
"45283","IMPORTCOL IMPORTACIONES S.A.C.","ESTACIÓN DE SERVICIOS / GRIFOS","HUANUCO","AMBO","AMBO","CARRETERA CENTRAL KM. 210 ASENTAMIENTO HUMANO DE ISCO","2026-08-09"
"45286","EESS MARIA DEL CARMEN EIRL","ESTACIÓN DE SERVICIO CON GASOCENTRO DE GLP","JUNIN","TARMA","PALCA","CARRETERA CENTRAL TARMA - CHANCHAMAYO, PREDIO DENOMINADO CANCHAY 1-2 ANTACUCHO","2026-08-09"
"45330","COESTI S.A. EESS EL SALVADOR","ESTACIÓN DE SERVICIO CON GASOCENTRO DE GLP","ANCASH","SANTA","NUEVO CHIMBOTE","AA.HH. VILLA LAS PALMAS MZ. L LOTES 8, 9, 10, 11 Y 12","2026-08-06"
"45366","ESTACION FINLANDIA EIRL","EE.SS con GLP y GNV","ICA","ICA","LA TINGUIÑA","ESQ. DE LA AV. SIETE Y LA AV. FINLANDIA, C.P. SAN IDELFONSO, MZ.9 LT.02-A","2026-08-07"
"45393","NEXA","ESTACIÓN DE SERVICIOS / GRIFOS","CAJAMARCA","CAJAMARCA","CAJAMARCA","CARRETERA CAJAMARCA - SAN MARCOS KM 1+950 SECTOR HUACARIZ DE SAN MARTIN","2026-08-08"
"45398","ESTACION DE SERVICIOS Y COMERCIALIZADORA VIRGEN DEL BUEN PASO S.R.L.","ESTACIÓN DE SERVICIOS / GRIFOS","AREQUIPA","CAMANA","OCONA","CARRETERA PANAMERICANA SUR KM. 782, SECTOR PUMACOTO","2026-08-07"
"45439","PETRONEX PERU S.A.C.","EE.SS con GLP y GNV","LIMA","LIMA","LA VICTORIA","AV. JAIME BAUZATE Y MEZA N° 564-568","2026-08-07"
"45492","JUANA PONCE ZEGARRA ","ESTACIÓN DE SERVICIOS / GRIFOS","LIMA","LIMA","SAN MARTIN DE PORRES","AV. TANTAMAYO (EX. AV. CHUQUITANTA) Y AV. PACASMAYO (EX. AV. ALEJANDRO BERTELLO), MZ. B LT. 1 Y 2. URB. SAN JUAN BAUTISTA","2026-08-08"
"45510","PROVEEDORA DEL SUR EIRL","ESTACIÓN DE SERVICIOS / GRIFOS","MADRE DE DIOS","TAMBOPATA","TAMBOPATA","CARRETERA PUERTO MALDONADO - LABERINTO KM. 5 (SECTOR LA PASTORA)","2026-08-08"
"45569","ESTACION SR. DE LOS MILAGROS","ESTACIÓN DE SERVICIOS / GRIFOS","JUNIN","JAUJA","CURICACA","CARRETERA CENTRAL KM 42.5","2026-08-06"
"45639","SERGAS","ESTACIÓN DE SERVICIOS / GRIFOS","LIMA","LIMA","CIENEGUILLA","MZ. '37' LOTE 05, 3° ETAPA PARCELACION CIENEGUILLA AV. 'A', CARRETERA LIMA - HUAROCHIRI KM. 27.5","2026-08-08"
"45670","INVERSIONES HERMANOS LAURA SAMANIEGO S.A.C.","ESTACIÓN DE SERVICIOS / GRIFOS","LIMA","CAÑETE","SAN VICENTE DE CAÑETE","AV. MARISCAL OSCAR R. BENAVIDES (AUTOPISTA SAN VICENTE - IMPERIAL), SECTOR EL CHILCAL U.C. 06620 PARCELA 1, SUB LOTE A","2026-08-06"
"45698","GASOCENTRO LA ALBORADA S.R.L.","ESTACIÓN DE SERVICIO CON GASOCENTRO DE GLP","TUMBES","TUMBES","TUMBES","CARRETERA PANAMERICANA NORTE KM. 1270","2026-08-09"
"45716","SERVICENTRO ORTEGA E.I.R.L","ESTACIÓN DE SERVICIO CON GASOCENTRO DE GLP","JUNIN","SATIPO","MAZAMARI","INTERSECCION DE LA CARRETERA MAZAMARI - PUERTO OCOPA Y SAN MARTIN DE PANGOA","2026-08-09"
"45724","PETROPERU SELVA 11","ESTACIÓN DE SERVICIO CON GASOCENTRO DE GLP","UCAYALI","CORONEL PORTILLO","YARINACOCHA","CARR. FEDERICO BASADRE MARGEN DER KM 11.150 SECTOR 2 DE MAYO","2026-08-09"
"45728","BULCAR SOCIEDAD COMERCIAL DE RESPONSABILIDAD LIMITADA","ESTACIÓN DE SERVICIO CON GASOCENTRO DE GLP","PASCO","OXAPAMPA","VILLA RICA","AV PUERTO BERMUDEZ Nª 930","2026-08-08"
"55926","GRIFO SEÑOR DE CCOYLLORRITTI INVERSIONES ARMINTA E.I.R.L.","ESTACIÓN DE SERVICIOS / GRIFOS","CUSCO","CANCHIS","CHECACUPE","KM. 86 + 600, CARRETERA SICUANI","2026-08-03"
"55946","LUCIPETROL S.A.C.","ESTACIÓN DE SERVICIOS / GRIFOS","CAJAMARCA","JAEN","JAEN","ESQUINA AV. PAKAMUROS CON CALLE BOLIVAR Y MALECON QUEBRADA AMOJU","2026-08-07"
"55948","SANTA ISABEL GROUP S.R.L","ESTACIÓN DE SERVICIO CON GASOCENTRO DE GLP","ANCASH","HUARMEY","HUARMEY","PROLONGACION AV. AIJA S/N MZ. C LOTES 1, 2, 17 Y 18 URB. SAN JOSUE","2026-08-07"
"55949","SERVICENTRO EL CONDESUYANO E.I.R.L.","ESTACIÓN DE SERVICIOS / GRIFOS","AREQUIPA","CONDESUYOS","CHUQUIBAMBA","CARRETERA CHUQUIBAMBA A COTAHUASI - URB. LOS ERRANTES MZ.M LOTE 1","2026-08-05"
"55987","SHILCAYO GRIFO AMAZONASS SRL","ESTACIÓN DE SERVICIOS / GRIFOS","SAN MARTIN","RIOJA","RIOJA","CARRETERA FERNANDO BELAUNDE TERRY KM. 472","2026-08-07"
"55996","SERVICIOS GENERALES HETELU S.R.L.","GASOCENTROS DE GLP","JUNIN","JAUJA","JAUJA","AV. FRANCISCO CARLE N° 1785","2026-08-09"
"55999","ELIO SERVICE S.A.C.","ESTACIÓN DE SERVICIOS / GRIFOS","UCAYALI","CORONEL PORTILLO","YARINACOCHA","CARRETERA FEDERICO BASADRE KM 8.118","2026-08-08"
"57149","PETROMAR S.R.L.","ESTACIÓN DE SERVICIOS / GRIFOS","LAMBAYEQUE","LAMBAYEQUE","PACORA","CARRETERA PANAMERICANA NORTE KM 30 + 660","2026-08-08"
"58071","ESTACION DE SERVICIOS CONSORCIO CORASMA SCRL","ESTACIÓN DE SERVICIOS / GRIFOS","PASCO","PASCO","YANACANCHA","AV EL MINERO S/N URB. 27 DE NOVIEMBRE SECTOR 2","2026-08-06"
"58091","NEW CENTER VALENCIA SOCIEDAD ANONIMA CERRADA","ESTACIÓN DE SERVICIOS / GRIFOS","PUNO","SAN ROMAN","JULIACA","AV. CIRCUNVALACION ESTE Nº 950, URB. SAN ISIDRO","2026-08-08"
"60624","CORPORACION PERUANA DE INVERSIONES Y PRODUCCION S.A.","ESTACIÓN DE SERVICIOS / GRIFOS","ANCASH","HUARAZ","HUARAZ","CARRETERA PATIVILCA - HUARAZ KM. 190 + 800 AL 190 + 841, COLLCAPAMPA","2026-08-07"
"60644","ESTACION DE SERVICIOS EL HUAMANGUINO S.A.C.","ESTACIÓN DE SERVICIOS / GRIFOS","AYACUCHO","HUAMANGA","CARMEN ALTO","AV. CARMEN ALTO N° 236","2026-08-08"
"60668","ANCO GAS S.A.C.","EE.SS con GLP y GNV","LIMA","LIMA","CARABAYLLO","AV. CONDORCANQUI Nº 1294, URB. SANTO DOMINGO, 5TA ETAPA","2026-08-07"
"60674","ESTACION DE SERVICIOS GENERALES NAVARE SAC","ESTACIÓN DE SERVICIOS / GRIFOS","CAJAMARCA","CHOTA","TACABAMBA","JR. 28 DE JULIO S/N","2026-08-04"
"60738","GRIFO VIRGEN ASUNTA","ESTACIÓN DE SERVICIOS / GRIFOS","CUSCO","ANTA","LIMATAMBO","SECTOR PALACIO PAMPA VIA CUSCO - ABANCAY KM. 78","2026-08-04"
"60754","OPERADORA FERNANDA S.A.C.","ESTACIÓN DE SERVICIO CON GASOCENTRO DE GLP","ANCASH","SANTA","NUEVO CHIMBOTE","MZ. B LOTES 1 Y 2 P.J. VILLA MARÍA (CARRETERA PANAMERICANA) ESQ. AV. BRASIL","2026-08-09"
"60762","GAS LAS JUANAS S.A.C.","GASOCENTROS DE GLP","LIMA","LIMA","SAN JUAN DE MIRAFLORES","AA.HH. HEROES DE SAN JUAN MZ. D LOTE 2","2026-08-09"
"60799","EMPRESA DE TRANSPORTES SENOR DE LA MISERICORDIA S.A.","ESTACIÓN DE SERVICIOS / GRIFOS","LA LIBERTAD","TRUJILLO","LAREDO","ESQUINA AVENIDA JULIAN ARCE LARRETA Y EL JR. CARLOS MANUEL COX","2026-08-02"
"60840","ESTACION DE SERVICIO CORAZON DE JESUS","ESTACIÓN DE SERVICIOS / GRIFOS","JUNIN","JAUJA","ACOLLA","AV. HUASCAR S/N ESQUINA CON AV. NICOLAS OJEDA SECTOR CUARTO CUARTEL","2026-07-30"
"60862","INVERSIONES VIDAGAS S.A.C.","ESTACIÓN DE SERVICIO CON GASOCENTRO DE GLP","SAN MARTIN","TOCACHE","TOCACHE","AV. RICARDO PALMA N° 898","2026-08-08"
"60870","ESTACION DE SERVICIOS SAN ROQUE SAC","ESTACIÓN DE SERVICIO CON GASOCENTRO DE GLP","LAMBAYEQUE","LAMBAYEQUE","LAMBAYEQUE","CARRETERA PANAMERICANA NORTE KM 780 - SECTOR OESTE","2026-08-08"
"60874","ESTACION DE SERVICIOS Y GASOCENTRO PETROSUR E.I.R.L","ESTACIÓN DE SERVICIO CON GASOCENTRO DE GLP","HUANCAVELICA","TAYACAJA","DANIEL HERNANDEZ","AV. PERU S/N (ANEXO PAMPA BLANCA)","2026-08-09"
"60984","SERVICENTRO EL SOL EMPRESA INDIVIDUAL DE RESPONSABILIDAD LIMITADA","ESTACIÓN DE SERVICIO CON GASOCENTRO DE GLP","TACNA","TACNA","CIUDAD NUEVA","ZONA AUXILIAR DEL PARQUE INDUSTRIAL MZ. C, LOTE 19-20, CON FRENTE A LA CALLE JUAN VALER SANDOVAL","2026-08-07"
"61014","INVERSIONES BJL S.A.C.","ESTACIÓN DE SERVICIO CON GASOCENTRO DE GLP","PROV. CONST. DEL CALLAO","PROV. CONST. DEL CALLAO","VENTANILLA","MZ. I-4, LOTE 05 (ESQUINA AV. PRECURSORES Y JR. LA PAMPILLA), ZONA INDUSTRIAL","2026-08-08"
"61017","ESTACIÓN DE SERVICIOS SAN JOSÉ S.A.C - HUACHO","ESTACIÓN DE SERVICIOS / GRIFOS","LIMA","HUAURA","SANTA MARIA","CARRETERA PANAMERICANA NORTE KM 149","2026-08-08"
"61026","INVERSIONES NOBAL S.A.C.","ESTACIÓN DE SERVICIO CON GASOCENTRO DE GLP","LIMA","LIMA","LURIN","AUTOPISTA MANUEL DEL VALLE MZ.Z, SUB LT.B-1, URB. LOS HUERTOS DE LURIN","2026-08-08"
"61082","CONDORI CARRION ALEX","ESTACIÓN DE SERVICIOS / GRIFOS","CUSCO","ANTA","ANTA","JR JUNIN Nº 4 IZCUCHACA","2026-08-07"
"61093","SUPER GRIFOS FLORES S.A.C.","ESTACIÓN DE SERVICIO CON GASOCENTRO DE GLP","JUNIN","HUANCAYO","HUALHUAS","ZONA PACHARAQUI AUQUISH - ESQUINA CARRETERA CENTRAL KM 114 DE LA VIA LA OROYA - HUANCAYO Y AV BUENAVENTURA GAMARRA","2026-08-08"
"61123","LC OPERADOR DE COMBUSTIBLE","ESTACIÓN DE SERVICIO CON GASOCENTRO DE GLP","ICA","ICA","ICA","AV. SAN JOAQUIN VIEJO Nº 666","2026-08-07"
"61136","REPSOL COMERCIAL S.A.C.","ESTACIÓN DE SERVICIO CON GASOCENTRO DE GLP","LIMA","LIMA","SURQUILLO","AV REPUBLICA DE PANAMA Nº 5185","2026-07-31"
"61226","EL OASIS DE ICA S.A.C.","EE.SS con GLP y GNV","ICA","ICA","ICA","PREDIO RUSTICO SUB LOTE G2 - AV. LOS MAESTROS S/N","2026-08-07"
"61249","ESTACION DE SERVICIOS MONTALVO E.I.R.L.","ESTACIÓN DE SERVICIOS / GRIFOS","MOQUEGUA","MARISCAL NIETO","MOQUEGUA","MARGEN SUR CARRETERA BINACIONAL MOQUEGUA - TACNA, SECTOR MONTALVO","2026-08-08"
"61270","GASEOCENTRO ELIZABETH SAC","ESTACIÓN DE SERVICIO CON GASOCENTRO DE GLP","ANCASH","CASMA","CASMA","PROGRAMA DE VIVIENDA HABILITACIÓN URBANA ZONA ESTE LOTE 1 MZ K1","2026-08-07"
"61278","DBM & M S.A.C","ESTACIÓN DE SERVICIOS / GRIFOS","AREQUIPA","AREQUIPA","LA JOYA","CARRETERA PANAMERICANA SUR KM. 963","2026-08-08"
"61570","CONSORCIO PETRO CENTRAL SAC","ESTACIÓN DE SERVICIOS / GRIFOS","LIMA","LIMA","ATE","UNIDAD CATASTRAL 10715, SECTOR PACAYAL, FUNDO SAN JUAN DE PARIACHE, AV. NICOLAS AYLLON S/N","2026-08-08"
"61635","GRIFO AMANECER PATACINO S.A.C.","ESTACIÓN DE SERVICIOS / GRIFOS","LA LIBERTAD","PATAZ","TAYABAMBA","ESQUINA AV. LOS FRESNOS Y AV. LOS CIPRESES S/N","2026-08-08"
"61653","SERVICENTRO PETROMAX","ESTACIÓN DE SERVICIOS / GRIFOS","CAJAMARCA","JAEN","PUCARA","CARRETERA OLMOS CORRAL QUEMADO KM. 117","2026-08-08"
"61656","ESCOH S.A.C.","EE.SS con GNV","LIMA","LIMA","ATE","AV. NICOLAS AYLLON, ESQUINA CON AV. LA MOLINA","2026-08-08"
"61720","ESTACION DE SERVICIOS RONVEL S.A.C.","ESTACIÓN DE SERVICIOS / GRIFOS","CAJAMARCA","CAJABAMBA","CAJABAMBA","AV. VICTOR RAUL HAYA DE LA TORRE S/N","2026-08-09"
"61741","GASOCENTRO CISNE S.R.L","ESTACIÓN DE SERVICIO CON GASOCENTRO DE GLP","AREQUIPA","AREQUIPA","AREQUIPA","CALLE TOMAS SILES LT. N° 01, MZ. E, URB. EL PARQUE INDUSTRIAL","2026-08-08"
"61744","ESTACION DE SERVICIOS VILLA A & D S.A.C.","ESTACIÓN DE SERVICIOS / GRIFOS","LIMA","LIMA","CARABAYLLO","ESQUINA DE LA AV. LOMAS DE CARABAYLLO - AV. VILLA RICA MZ. A, LOTES 1 Y 2 AAHH. ASOCIACION AGROPECUARIA VILLA RICA","2026-08-07"
"61745","GRIFOS SAGITARIO S.R.L.","EE.SS con GLP y GNV","LIMA","HUAURA","SANTA MARIA","CARRETERA PANAMERICANA NORTE 1766 KM.150","2026-08-08"
"61753","RUBEN E HIJOS S.A.C","ESTACIÓN DE SERVICIO CON GASOCENTRO DE GLP","LIMA","HUAURA","SAYAN","CARRETERA HUACHO-SAYAN, MZ. C LOTE 3, AAHH. 9 DE OCTUBRE, IRRIGACION SANTA ROSA","2026-08-09"
"61799","MOVILGAS S.R.L.","ESTACIÓN DE SERVICIO CON GASOCENTRO DE GLP","JUNIN","HUANCAYO","CHILCA","AV. PANAMERICANA SUR N° 209","2026-08-08"
"61805","ESCOH S.A.C.","EE.SS con GLP y GNV","ICA","CHINCHA","CHINCHA ALTA","AV. MARISCAL OSCAR R. BENAVIDES N° 914 - 916","2026-08-08"
"61829","LAMAS CAPITAL S.R.L.","ESTACIÓN DE SERVICIOS / GRIFOS","SAN MARTIN","LAMAS","LAMAS","JR. TOBIAS NORIEGA CUADRA 5","2026-08-08"
"61858","GRIFO DANTE EMPRESA INDIVIDUAL DE RESPONSABILIDAD LIMITADA.","ESTACIÓN DE SERVICIOS / GRIFOS","MADRE DE DIOS","TAMBOPATA","INAMBARI","LOTE N° 5 DE LA MZ. G EN LA AV. INAMBARI S/N MAZUKO","2026-08-09"
"61859","MAQUINARIAS Y NEGOCIOS DIESEL S.A.C.","ESTACIÓN DE SERVICIO CON GASOCENTRO DE GLP","LA LIBERTAD","TRUJILLO","EL PORVENIR","ESQUINA AV. 26 DE MARZO CON AV. MIRAFLORES","2026-08-08"
"61860","GRUPO DE GESTION C S.A.","ESTACIÓN DE SERVICIO CON GASOCENTRO DE GLP","LAMBAYEQUE","CHICLAYO","LA VICTORIA","AV. VICTOR RAUL HAYA DE LA TORRE N° 2396 MZ 1 LT 5","2026-08-08"
"61861","EL REGALON S.A.C","ESTACIÓN DE SERVICIOS / GRIFOS","LIMA","LIMA","VILLA MARIA DEL TRIUNFO","AV. 27 DE DICIEMBRE MZ. 8S LOTE 9 SEGUNDO SECTOR SAN FRANCISCO TABLADA DE LURIN","2026-08-07"
"61877","VIKA & C SERVICES E.I.R.L.","ESTACIÓN DE SERVICIO CON GASOCENTRO DE GLP","PIURA","PIURA","TAMBO GRANDE","CARRETERA SULLANA A TAMBOGRANDE KM. 43","2026-08-08"
"61878","PETROCENTRO URUBAMBA SOCIEDAD ANONIMA CERRADA-PETROCENTRO URUBAMBA S.A.C","ESTACIÓN DE SERVICIOS / GRIFOS","CUSCO","URUBAMBA","URUBAMBA","URB. LA CAMPIÑA LOTE 7. MZ. A","2026-08-08"
"61902","ALTA VIDDA GAS S.A.C.","GASOCENTRO DE GLP CON ESTABLECIMIENTO DE VENTA AL PUBLICO DE GNV","LIMA","LIMA","SAN LUIS","AV. GRAL. FELIPE SANTIAGO SALAVERRY 341 URB. EL PINO","2026-08-08"
"61935","GRIFO AAPITAC","ESTACIÓN DE SERVICIOS / GRIFOS","TACNA","TACNA","POCOLLAY","ASOCIACION AAPITAC, MZ B ZONA B, LOTE 01","2026-08-08"
"61987","ESTACION DE SERVICIOS INVERSIONES SAN LORENZO S.A.C.","ESTACIÓN DE SERVICIO CON GASOCENTRO DE GLP","LA LIBERTAD","ASCOPE","ASCOPE","CARRETERA A CASAGRANDE KM. 0.5","2026-08-01"
"62002","GRIFO PECSA OROPESA","ESTACIÓN DE SERVICIOS / GRIFOS","CUSCO","QUISPICANCHI","OROPESA","COMUNIDAD CAMPESINA PINAGUA, URB. JOSE CARLOS MARIATEGUI LOTE 10-11-12 MZ. O - SECTOR CHINPAMPA","2026-08-05"
"62036","GRUPO VISTA ALEGRE S.A.C.","ESTACIÓN DE SERVICIO CON GASOCENTRO DE GLP","LA LIBERTAD","CHEPEN","CHEPEN","CARRETERA CHEPEN - TALAMBO KM 0+700","2026-08-05"
"62078","GASOCENTRO PRIMAV ERA","GASOCENTROS DE GLP","HUANUCO","HUANUCO","HUANUCO","JR. 28 DE JULIO N° 340","2026-08-08"
"62083","ENERGIGAS S.A.C.","EE.SS con GLP y GNV","ICA","ICA","PARCONA","AV. PROLONGACION GRAU - PARCELA 10-A","2026-08-08"
"62240","INVERSIONES JIARA SAC","EE.SS con GLP y GNV","LIMA","LIMA","BREÑA","AV. ARICA NRO. 1301","2026-08-08"
"62265","CONDORI CCALA FREDY","ESTACIÓN DE SERVICIOS / GRIFOS","CUSCO","QUISPICANCHI","QUIQUIJANA","AV. SAN MARTIN Nº 103","2026-08-07"
"62298","ESTACIONES ARGUELLES S.A.C","ESTACIÓN DE SERVICIOS / GRIFOS","LIMA","LIMA","SAN JUAN DE LURIGANCHO","AV. PRINCIPAL (FRANCISCO BOLOGNESI) S/N, MZ. A LOTES 19, 20 Y 21 AA.HH. VILLA CAMPOY","2026-08-05"
"62325","ESTACION X S.A.C.","ESTACIÓN DE SERVICIOS / GRIFOS","UCAYALI","CORONEL PORTILLO","MANANTAY","AV. TUPAC AMARU CON AV. BELLAVISTA MZ 47 LT 10 C AAHH. SAN FERNANDO","2026-08-09"
"62370","GRANEL INDUSTRIAL S.A.C.","ESTACIÓN DE SERVICIO CON GASOCENTRO DE GLP","ANCASH","SANTA","NUEVO CHIMBOTE","AV. PACIFICO MZ. I LT. 15 ESQUINA LOS PELICANOS","2026-08-08"
"62371","GLOBAL FUEL S.A","ESTACIÓN DE SERVICIOS / GRIFOS","CAJAMARCA","CAJAMARCA","CAJAMARCA","AV. INDEPENDENCIA S/N - SECTOR CRUZ BLANCA","2026-08-07"
"62373","ESTACION DE SERVICIOS PETRONORTE E.I.R.L.","ESTACIÓN DE SERVICIO CON GASOCENTRO DE GLP","LAMBAYEQUE","LAMBAYEQUE","LAMBAYEQUE","CARRETERA PANAMERICANA NORTE KM 791 + 79","2026-08-08"
"62494","MULTISERVICE MACROSUR SAC","ESTACIÓN DE SERVICIOS / GRIFOS","AREQUIPA","CAYLLOMA","MAJES","GRANJA FORESTAL G-377, SUB LOTE A, SECTOR EL PEDREGAL, SECCIÓN A","2026-08-08"
"62508","GRIFO PETRORIENTE E.I.R.L.","ESTACIÓN DE SERVICIOS / GRIFOS","SAN MARTIN","BELLAVISTA","BELLAVISTA","CARRETERA FERNANDO BELAUNDE TERRY KM. 95.40 CENTRO POBLADO LIMON","2026-08-08"
"62517","COESTI S.A. ES ULTRACOM VILLARREAL","ESTACIÓN DE SERVICIO CON GASOCENTRO DE GLP","LA LIBERTAD","TRUJILLO","TRUJILLO","AV. FEDERICO VILLAREAL N° 1001 - 1005 URB. RÁZURI","2026-08-08"
"62527","MULTISERVICIOS WILMERCITO SAC","ESTACIÓN DE SERVICIO CON GASOCENTRO DE GLP","LA LIBERTAD","TRUJILLO","EL PORVENIR","ASENTAMIENTO HUMANO INDOAMERICANO CALLE 20 DE SETIEMBRE N° 1098 MZ. 14 LT. 17","2026-08-08"
"62531","GRIFO J.H.P. E.I.R.LTDA.","ESTACIÓN DE SERVICIOS / GRIFOS","CUSCO","CUSCO","WANCHAQ","PARQUE INDUSTRIAL LOTE K-3-A","2026-08-08"
"62558","BERLINA CIERTO ROJAS","ESTACIÓN DE SERVICIOS / GRIFOS","LIMA","LIMA","COMAS","LOTE 1 SUBLOTE 3 - ZONA G PARCELACION RUSTICA DEL FUNDO CHACRA CERRO","2026-08-08"
"62582","LUIS ENRIQUE BECERRA JIMENEZ","ESTACIÓN DE SERVICIO CON GASOCENTRO DE GLP","PROV. CONST. DEL CALLAO","PROV. CONST. DEL CALLAO","VENTANILLA","AV. LOS TOPOGRAFOS MZ.N LT.1 GRUPO RESIDENCIAL BARRIO XVI SECTOR H PROYECTO ESPECIAL PACHACUTEC","2026-08-08"
"62603","CORPORACION GRIFERA DEL SUR S.A.C.","ESTACIÓN DE SERVICIOS / GRIFOS","ICA","NAZCA","NAZCA","CARRETERA NAZCA PUQUIO KM 2.5","2026-08-08"
"62608","LUZ & MELCH ASOCIADOS S.R.L.","ESTACIÓN DE SERVICIOS / GRIFOS","AREQUIPA","CARAVELI","ATICO","CARRETERA PANAMERICANA SUR KM 702 - ASENTAMIENTO HUMANO LA FLORIDA MZ. 107, LOTE 01","2026-08-09"
"62628","COESTI S.A. TACNA","ESTACIÓN DE SERVICIO CON GASOCENTRO DE GLP","TACNA","TACNA","TACNA","AV. INDUSTRIAL Nº 415 CON AVENIDA TARATA Y PASAJE S/N","2026-08-09"
"62646","SELVA COMBUSTIBLES EIRL","ESTACIÓN DE SERVICIO CON GASOCENTRO DE GLP","LORETO","ALTO AMAZONAS","YURIMAGUAS","CARRETERA YURIMAGUAS - TARAPOTO KM 3.8","2026-08-08"
"62680","CHASKYGAS","ESTACIÓN DE SERVICIO CON GASOCENTRO DE GLP","AREQUIPA","AREQUIPA","PAUCARPATA","AV. INDUSTRIAL CAYRO MZ. A, LOTE N° 01, URB. INDUSTRIAL CAYRO","2026-08-09"
"62696","ESTACION CHINCHA S.A.C.","ESTACIÓN DE SERVICIO CON GASOCENTRO DE GLP","ICA","CHINCHA","CHINCHA ALTA","AV. CENTENARIO N° 502","2026-08-07"
"62699","GRIFO EL JORDAN E.I.R.L.","ESTACIÓN DE SERVICIOS / GRIFOS","ANCASH","POMABAMBA","POMABAMBA","INTERSECCION JR. CHACHAPOYAS S/N CON PASAJE SIN NOMBRE, BARRIO PACHACHIN","2026-08-08"
"62704","CASTRO GARCIA SANTOS PEDRO","ESTACIÓN DE SERVICIOS / GRIFOS","TACNA","TACNA","LA YARADA LOS PALOS","CARRETERA TACNA - ILO. KM. 16+0.865 LA YARADA. ASENTAMIENTO 04","2026-08-05"
"62718","EMPRESA GARATE PAREDES S.A.C","ESTACIÓN DE SERVICIOS / GRIFOS","SAN MARTIN","MOYOBAMBA","SORITOR","JR. MIGUEL GRAU N° 245","2026-08-07"
"62776","GRIFO AMAZONAS","ESTACIÓN DE SERVICIOS / GRIFOS","UCAYALI","CORONEL PORTILLO","YARINACOCHA","JR 03 DE OCTUBRE ESQUINA CON JR. AGUAYTIA S/N","2026-08-08"
"62836","VEGA CERNA JULIA HILARIA","ESTACIÓN DE SERVICIOS / GRIFOS","ANCASH","YUNGAY","YANAMA","AV. INDEPENDENCIA S/N BARRIO SOCOS (ALTURA CARRETERA CENTRAL YUNGAY - POMABAMBA KM 80.2)","2026-07-31"
"62869","GRIFO SOTO E.I.R.L.","ESTACIÓN DE SERVICIOS / GRIFOS","PASCO","DANIEL ALCIDES CARRION","YANAHUANCA","JR. CARRION Nº 548 - 560","2026-08-04"
"62957","GRIFO SURTIDORES SAN MARCOS","ESTACIÓN DE SERVICIOS / GRIFOS","UCAYALI","PADRE ABAD","PADRE ABAD","CARRETERA FEDERICO BASADRE KM. 169.300 CASERIO MIRAFLORES-AGUAYTIA","2026-08-09"
"62976","ESTACION DE SERVICIOS SORITOR E.I.R.L.","ESTACIÓN DE SERVICIOS / GRIFOS","SAN MARTIN","MOYOBAMBA","SORITOR","CARRETERA SORITOR - CALZADA KM 001+114","2026-08-09"
"62981","EDUARDOS GROUP SOCIEDAD ANONIMA CERRADA - EDUARDOS GROUP S.A.C.","ESTACIÓN DE SERVICIOS / GRIFOS","CUSCO","CANCHIS","SICUANI","AV.PANAMERICANA KM 3700 - SECTOR PAMPA ANSA","2026-08-07"
"62992","SAM GAS SAC","ESTACIÓN DE SERVICIO CON GASOCENTRO DE GLP","LIMA","LIMA","LA VICTORIA","AV. JAVIER PRADO ESTE N° 1593","2026-08-08"
"62995","SERVICENTRO SELVA GAS SCRL.","ESTACIÓN DE SERVICIO CON GASOCENTRO DE GLP","UCAYALI","CORONEL PORTILLO","YARINACOCHA","LOTE 2, 2-A, 3 MZ. 174-A CENTRO POBLADO COMITE VECINAL BARRIO MIRAFLORES","2026-08-08"
"63111","CONSORCIO PETRO CENTRAL S.A.C.","ESTACIÓN DE SERVICIOS / GRIFOS","LIMA","HUAROCHIRI","SANTA CRUZ DE COCACHACRA","AV. NICOLAS AYLLON, MZ P, LOTE 4. CARRETERA CENTRAL KM 52.800","2026-08-08"
"63113","MARTHA LIDIA RAMOS PEREZ","ESTACIÓN DE SERVICIOS / GRIFOS","AYACUCHO","HUAMANGA","SAN JUAN BAUTISTA","AV. CUSCO N° 995","2026-08-04"
"63140","GRIFO Y SERVICIOS SANTA CLARA E.I.R.L.","ESTACIÓN DE SERVICIOS / GRIFOS","LORETO","MAYNAS","SAN JUAN BAUTISTA","ESQUINA CALLE GRAU CON PASAJE RUBIO, CASERIO SANTA CLARA DE NANAY","2026-08-08"
"63196","LIZARDO ZUMAETA JORGE","ESTACIÓN DE SERVICIOS / GRIFOS","AMAZONAS","RODRIGUEZ DE MENDOZA","SAN NICOLAS","AV. JUAN PARDO DE MIGUEL N° 403","2026-08-08"
"63205","SERVICENTRO TVA S.R.L","ESTACIÓN DE SERVICIOS / GRIFOS","LORETO","MAYNAS","SAN JUAN BAUTISTA","AV. DE LA PARTICIPACIÓN KM. 3 S/N, PARCELA A-2, PARCELACIÓN ASOCIACIÓN AGRARIA INCA ROCA","2026-08-07"
"63211","MACHACA QUISPE HORACIO","ESTACIÓN DE SERVICIOS / GRIFOS","PUNO","SAN ROMAN","JULIACA","KM. 01 + 100 CARRETREA JULIACA HUANCANE","2026-08-07"
"63285","ESTACIÓN DE SERVICIOS CENTRAL","ESTACIÓN DE SERVICIO CON GASOCENTRO DE GLP","PASCO","OXAPAMPA","VILLA RICA","AV. PUERTO BERMUDEZ N° 1294 SECTOR ZONA INDUSTRIAL","2026-08-08"
"63327","ESTACION DE SERVICIOS SALDAÑA EIRL","ESTACIÓN DE SERVICIOS / GRIFOS","CAJAMARCA","JAEN","JAEN","ESQUINA AV. PAKAMUROS CON CALLE ANTISUYO SECTOR PUEBLO NUEVO","2026-08-06"
"63381","EMPRESA COMUNAL DE SERVICIOS MULTIPLES RANCAS","ESTACIÓN DE SERVICIO CON GASOCENTRO DE GLP","PASCO","PASCO","YANACANCHA","AV. EL MINERO N° 100 ESQUINA CON AV LOS PROCERES MZ A LT 1","2026-08-08"
"63498","SERVICENTRO PETRONUEVE S.A.C","ESTACIÓN DE SERVICIOS / GRIFOS","UCAYALI","CORONEL PORTILLO","YARINACOCHA","CARRETERA FEDERICO BASADRE KM. 9.00 (MARGEN DERECHA)","2026-08-08"
"63516","ESTACION DE SERVICIOS TWALSS E.I.R.L.","ESTACIÓN DE SERVICIO CON GASOCENTRO DE GLP","HUANUCO","HUANUCO","PILLCO MARCA","PARCELA 107-1 ALTURA KM 400+190 VIA REGIONAL LIMA - PUCALLPA ZONA DE ANDABAMBA","2026-08-07"
"63591","VALNI S.A.C.","ESTACIÓN DE SERVICIO CON GASOCENTRO DE GLP","LIMA","LIMA","SAN JUAN DE LURIGANCHO","AV. EL SOL 527 A MZ F SUB-LOTE 16A URB. CANTO GRANDE","2026-08-08"
"63634","INVERSIONES M Y E S.A.C.","ESTACIÓN DE SERVICIO CON GASOCENTRO DE GLP","LIMA","HUAROCHIRI","SAN ANTONIO","AV. UNION JICAMARCA CON JR. LAS FLORES MZ. J LT. 23","2026-08-08"
"63802","ESTACION DE SERVICIO ZAMY S.R.L.","ESTACIÓN DE SERVICIOS / GRIFOS","LAMBAYEQUE","CHICLAYO","REQUE","AV. HUAYNACAPAC N° 200-202 A.H VILLA EL SOL","2026-08-07"
"63803","MARTIN EFRAIN TORRES OLIVEROS GRIFO PETRO PALMIRA-CARAZ","ESTACIÓN DE SERVICIOS / GRIFOS","ANCASH","HUAYLAS","CARAZ","AV. LUZURIAGA S/N CARRETERA CENTRAL CARAZ-HUARAZ KM. 635","2026-08-07"
"63861","MULTISERVICIOS ECOGAS S.A.C.","ESTACIÓN DE SERVICIO CON GASOCENTRO DE GLP","ICA","CHINCHA","CHINCHA BAJA","CARRETERA PANAMERICANA SUR KM 201 - 30","2026-08-08"
"63897","GRIFO Y GASOCENTRO DON ANTONIO S.R.L.","ESTACIÓN DE SERVICIOS / GRIFOS","AREQUIPA","CARAVELI","CARAVELI","INTERSECCIÓN DE LA AV. DOS DE MAYO Y CALLE Nº 2","2026-08-04"
"63898","AQUILES RUFO VERDE SALGADO","ESTACIÓN DE SERVICIO CON GASOCENTRO DE GLP","HUANUCO","HUANUCO","AMARILIS","CARRETERA CENTRAL HUANUCO - TINGO MARIA KM. 0+500, LLICUA BAJA","2026-08-06"
"63899","EXPERIENCIA PERUANA S.A.C.","EE.SS con GLP y GNV","LIMA","LIMA","BREÑA","JR. HUARAZ N° 1484 - 1494 ESQUINA CON JR. RESTAURACION","2026-08-08"
"63904","ESTACION DE SERVICIO SAN JOSE","GASOCENTROS DE GLP","LIMA","LIMA","LA VICTORIA","AV. HIPOLITO UNANUE N° 366, ESQ. CON JR. SAENZ PEÑA","2026-08-08"
"63910","INVERSIONES Y ASESORAMIENTO ESCORPIO S.A.C.","ESTACIÓN DE SERVICIOS / GRIFOS","LIMA","LIMA","PUCUSANA","CARRETERA PANAMERICANA SUR KM 57.00, PREDIO COMUNAL CHUTANA PAMPA PATITA","2026-08-07"
"63935","GRIFOS SERPENTIN S.A.C.","ESTACIÓN DE SERVICIOS / GRIFOS","LIMA","HUARAL","CHANCAY","CARRETERA PANAMERICANA NORTE KM. 85","2026-08-07"
"63969","MULTISERVICIOS WAIS E.I.R.L.","ESTACIÓN DE SERVICIOS / GRIFOS","LORETO","ALTO AMAZONAS","YURIMAGUAS","KM 2.5 CARRETERA YURIMAGUAS - TARAPOTO, BARRIO UNION","2026-08-07"
"63984","EMPRESA DE TRANSPORTES Y SERVICIOS VIRGEN DE LA PUERTA S.A.","EE.SS con GNV","LIMA","LIMA","ANCON","AV. LA FLORIDA CDRA. 12 MIRAMAR . LAS CONCHITAS","2026-08-08"
"63993","GRUPO DE INVERSIONES TAMASSON SOCIEDAD COMERCIAL DE RESPONSABILIDAD LIMITADA","ESTACIÓN DE SERVICIO CON GASOCENTRO DE GLP","TACNA","TACNA","CORONEL GREGORIO ALBARRACIN LANCHIPA","AV. LA BOHEMIA TACNEÑA S/N, MZ S-1, LOTE 1, 2, 34, 35 Y 36","2026-08-08"
"64009","PEDRO PALOMINO MARTINEZ","ESTACIÓN DE SERVICIO CON GASOCENTRO DE GLP","JUNIN","CONCEPCION","CONCEPCION","AV. ORIENTE N° 248","2026-08-09"
"64035","GO ORUE S.A.C","EE.SS con GNV","LIMA","LIMA","SURQUILLO","AV. REPUBLICA DE PANAMA 4120","2026-08-07"
"64036","CORGAS S.A.C.","EE.SS con GLP y GNV","LIMA","LIMA","ATE","AV. LAS TORRES 497, URB. LOS SAUCES","2026-08-09"
"64044","GRIFO ARGENTINA S.A.C.- GASAC","EE.SS con GLP y GNV","PROV. CONST. DEL CALLAO","PROV. CONST. DEL CALLAO","CALLAO","AV. ARGENTINA 3990","2026-08-07"
"64083","ESTACION DE SERVICIOS MAYTA E.I.R.L.","ESTACIÓN DE SERVICIOS / GRIFOS","UCAYALI","CORONEL PORTILLO","MANANTAY","ESQUINA DE AV. TUPAC AMARU CON JR. AGUAYTIA MZ 51 LOTE 04 - AA.HH. SAN FERNANDO","2026-08-08"
"64163","ISABEL ORFA BUIZA MINAYA","ESTACIÓN DE SERVICIOS / GRIFOS","AREQUIPA","CONDESUYOS","CHUQUIBAMBA","ESQUINA AV. AREQUIPA S/N CON CALLE PIZARRO","2026-08-04"
"64220","EMPRESA DE TRANSPORTES CONTINENTE EIRL","ESTACIÓN DE SERVICIO CON GASOCENTRO DE GLP","ICA","ICA","PARCONA","PREDIO RUSTICO PARCELA 14, PREDIO VISTA FLORIDA, CARRETERA ICA - PARCONA","2026-08-08"
"64224","SERVICENTRO PETROINCA S.A.C. ","ESTACIÓN DE SERVICIOS / GRIFOS","JUNIN","JAUJA","JAUJA","AV. FRANCISCO CARLE N° 1255 BARRIO CORMIS","2026-07-24"
"64236","ESTACION DE SERVICIOS PACIFICO S.A.C.","ESTACIÓN DE SERVICIOS / GRIFOS","CUSCO","QUISPICANCHI","OROPESA","CARRETERA CUSCO URCOS - KM 1001 + 500","2026-08-08"
"64242","NEGOCIACIONES KIVINAKI S.A.C.","ESTACIÓN DE SERVICIO CON GASOCENTRO DE GLP","JUNIN","CHANCHAMAYO","PERENE","CARRETERA MARGINAL KM. 56, CENTRO POBLADO MENOR SAN FERNANDO DE KIVINAKI","2026-08-09"
"64257","COESTI  S.A","EE.SS con GLP y GNV","PROV. CONST. DEL CALLAO","PROV. CONST. DEL CALLAO","CALLAO","ESQ. AV. QUILCA CON CALLE 10 - URB. SAN ALFONSO SANTA IRENE, MZ. A, LT. 01 Y 02","2026-08-09"
"64284","ESTACIÓN DE SERVICIOS ROSYND SOCIEDAD ANÓNIMA CERRADA - ESTACIÓN DE SERVICIOS ROSYND S.A.C.","ESTACIÓN DE SERVICIOS / GRIFOS","MADRE DE DIOS","TAMBOPATA","TAMBOPATA","AV. ANDRES AVELINO CACERES KM. 4.5","2026-08-05"
"64309","INVERSIONES RAMSAN EIRL","ESTACIÓN DE SERVICIOS / GRIFOS","LIMA","LIMA","ANCON","JR. PEDRO GAREZON N° 500","2026-08-09"
"64320","JAVIER MAURO ARCE LAZO","ESTACIÓN DE SERVICIOS / GRIFOS","AREQUIPA","AREQUIPA","CERRO COLORADO","CENTRO POBLADO SEMI RURAL PACHACUTEC, GRUPO ZONAL Nº 12, MZ. 19, LOTE 06, ZONA D","2026-08-03"
"64349","MULTISERVICIOS NUEVA ESPERANZA EMPRESA INDIVIDUAL DE RESPONSABILIDAD LIMITADA","ESTACIÓN DE SERVICIOS / GRIFOS","MADRE DE DIOS","MANU","HUEPETUHE","ASENTAMIENTO HUMANO PUEBLO UNIDO - CALLE 10 - HUEPETUHE","2026-08-08"
"64373","GRIFO SENOR DE LOCUMBA","ESTACIÓN DE SERVICIOS / GRIFOS","HUANCAVELICA","TAYACAJA","DANIEL HERNANDEZ","AV. PERÚ S/N ANEXO DE CHILCAS","2026-08-08"
"64378","DON ISAAC CORPORATION EIRL","ESTACIÓN DE SERVICIOS / GRIFOS","SAN MARTIN","SAN MARTIN","MORALES","AV. PERU Nº 402","2026-08-08"
"64381","ESTACION DE SERVICIOS RUAL SAC","ESTACIÓN DE SERVICIOS / GRIFOS","LIMA","CAÑETE","QUILMANA","LT. 19 - 2 CINCO ESQUINAS - CARRETERA DE IMPERIAL A QUILMANA (EX ANTIGUA PANAMERICANA)","2026-08-03"
"64393","PETRO MAX SOCIEDAD COMERCIAL DE RESPONSABILIDAD LIMITADA","ESTACIÓN DE SERVICIOS / GRIFOS","LORETO","MAYNAS","BELEN","AV. PARTICIPACIÓN, PARCELA 6, ZONA B, ASOCIACIÓN AGRARIA INCA ROCA","2026-08-07"
"64409","CONCESIONARIO PETRO SERVICE D.V. S.R.L.","ESTACIÓN DE SERVICIOS / GRIFOS","LIMA","LIMA","SAN JUAN DE MIRAFLORES","ESQ. AV. VISTA ALEGRE Y JR. 24 DE JUNIO, MZ.25, LT.22 AA.HH. 3 DE OCTUBRE DE VILLA","2026-08-08"
"64413","INVERSIONES Y AUTOSERVICIOS EL PUERTO SAC","ESTACIÓN DE SERVICIO CON GASOCENTRO DE GLP","AREQUIPA","ISLAY","MOLLENDO","LOTE N° 13 MANZANA I, ASOCIACION DE PEQUEÑOS INDUSTRIALES ARTESANALES DE MOLLENDO  APIAMO","2026-08-08"
"64419","EPAL NEGOCIOS S.A.C.","ESTACIÓN DE SERVICIO CON GASOCENTRO DE GLP","LIMA","LIMA","PUNTA NEGRA","ESQ. ANTIGUA PANAMERICANA SUR KM. 46.800. MZ. M, LT. 2-4 Y CALLE 18, LOCALIDAD PUNTA ROCAS","2026-08-09"
"64443","ESTACION DE SERVICIOS SAN JOSE S.A.C.","ESTACIÓN DE SERVICIOS / GRIFOS","LAMBAYEQUE","LAMBAYEQUE","OLMOS","KM 878 DE ANTIGUA PANAMERICANA NORTE - SECTOR FILOQUE CHICO","2026-08-07"
"64466","ESTACÓN DE SERVICIOS LA UNIÓN","ESTACIÓN DE SERVICIO CON GASOCENTRO DE GLP","PROV. CONST. DEL CALLAO","PROV. CONST. DEL CALLAO","VENTANILLA","AV. CAMINO DEL INCA Y LA CALLE N° 13, MZ.I, LT.9,10, 11 Y 12 SECTOR E, BARRIO X, UPIS PROYECTO ESPECIAL CIUDAD PACHACUTEC.","2026-08-08"
"6490","GASCO PERU S.A.C","GASOCENTROS DE GLP","LIMA","LIMA","CHORRILLOS","AV. HUAYLAS KM. 19 URB. VILLA BAJA","2026-08-07"
"6740","CONSORCIO EL NORTENO SAC","ESTACIÓN DE SERVICIO CON GASOCENTRO DE GLP","LIMA","LIMA","PUENTE PIEDRA","CARRETERA PANAMERICANA NORTE KM. 31.7","2026-08-09"
"6743","COESTI S.A","ESTACIÓN DE SERVICIO CON GASOCENTRO DE GLP","LIMA","LIMA","LINCE","AV. CESAR CANEVARO Nº 1598","2026-08-08"
"6746","CORPORACION VISTA ALEGRE S.A.C.","ESTACIÓN DE SERVICIO CON GASOCENTRO DE GLP","LIMA","LIMA","ATE","AV. NICOLAS AYLLON N° 4706 (LOTE A - FUNDO VISTA ALEGRE)","2026-08-09"
"6747","INVERSIONES PURITA CALIDAD S.R.L.","ESTACIÓN DE SERVICIOS / GRIFOS","LIMA","LIMA","ATE","AV. CIRCUMVALACION MZ. F LT.8","2026-08-08"
"6749","GRIFOS ESPINOZA S.A.","EE.SS con GLP y GNV","LIMA","LIMA","INDEPENDENCIA","AV. ALFREDO MENDIOLA N° 3550","2026-08-09"
"6751","REPSOL COMERCIAL S.A.C","ESTACIÓN DE SERVICIOS / GRIFOS","LIMA","LIMA","JESUS MARIA","AVENIDA GENERAL ALVAREZ DE ARENALES N° 400","2026-08-09"
"6753","SERVICENTRO EL NARANJITO S.A.C.","EE.SS con GLP y GNV","LIMA","LIMA","PUENTE PIEDRA","ASOCIACION DE PROPIETARIOS NARANJITO MZ. C LOTES 09,10 Y 11 CARRETERA PANAMERICANA NORTE KM. 28.5","2026-08-08"
"6754","GRIFO SAN IGNACIO","EE.SS con GNV","LIMA","LIMA","SAN MIGUEL","AV. VENEZUELA 4647","2026-08-09"
"6759","GLOBAL FUEL S.A.","ESTACIÓN DE SERVICIO CON GASOCENTRO DE GLP","LIMA","LIMA","VILLA MARIA DEL TRIUNFO","AV. PACHACUTEC N° 2334","2026-08-07"
"6762","FLD S.A.C","ESTACIÓN DE SERVICIOS / GRIFOS","PROV. CONST. DEL CALLAO","PROV. CONST. DEL CALLAO","LA PUNTA","PLAZA GALVEZ S/N","2026-08-07"
"6764","COESTI S.A","ESTACIÓN DE SERVICIOS / GRIFOS","LIMA","LIMA","MIRAFLORES","PASEO DE LA REPUBLICA NO. 5789","2026-08-09"
"6765","COESTI SAC","EE.SS con GLP y GNV","LIMA","LIMA","SAN ISIDRO","AV. REPUBLICA DE COLOMBIA N° 105-109","2026-08-07"
"6767","GRIFO SAN IGNACIO SAC","ESTACIÓN DE SERVICIOS / GRIFOS","LIMA","LIMA","CHACLACAYO","CARRETERA CENTRAL KM. 20.8","2026-08-08"
"6768","ALLE ESTACIONES S.A.C.","ESTACIÓN DE SERVICIO CON GASOCENTRO DE GLP","PROV. CONST. DEL CALLAO","PROV. CONST. DEL CALLAO","CALLAO","AV. ARGENTINA N° 2045","2026-08-07"
"6771","COESTI S.A.","ESTACIÓN DE SERVICIOS / GRIFOS","LIMA","LIMA","MIRAFLORES","JR. ARIAS SCHEREIBER N° 124, ESQ. JOSE SABOGAL","2026-08-09"
"6776","UNIVERSITARIA INVERSIONES GENERALES S.R.L.","ESTACIÓN DE SERVICIOS / GRIFOS","LIMA","LIMA","CARABAYLLO","AV. UNIVERSITARIA S/N MZ. F LTS. 1 Y 24 ASOCIACION CAUDEVILLA","2026-08-08"
"6777","ESTACION DE SERVICIOS CHIMU S.R.L.","ESTACIÓN DE SERVICIO CON GASOCENTRO DE GLP","LA LIBERTAD","TRUJILLO","TRUJILLO","AV. PROLONGACION UNION N° 2008-2010 LOTE C","2026-08-07"
"6779","COESTI S.A.","EE.SS con GLP y GNV","LIMA","LIMA","MAGDALENA DEL MAR","AV. DEL EJERCITO N° 965, 967 Y 973, LOTES 1, 3, 16C, 17 Y 18 DE LA MZ. 68, URB. SAN FELIPE","2026-08-08"
"6780","COESTI S.A.","EE.SS con GLP y GNV","LIMA","LIMA","SAN MIGUEL","AV. ELMER FAUCETT NO. 384","2026-08-09"
"6781","COESTI SA","EE.SS con GLP y GNV","LIMA","LIMA","LINCE","AV. ARENALES N° 2100","2026-08-08"
"6783","COESTI SA","EE.SS con GLP y GNV","LIMA","LIMA","LA VICTORIA","AV. NICOLAS ARRIOLA N° 295 URB. SANTA CATALINA","2026-08-08"
"6785","COESTI SA","EE.SS con GNV","LIMA","LIMA","BREÑA","AV. TINGO MARIA N° 1711","2026-08-08"
"6788","GLOBAL FUEL S.A","ESTACIÓN DE SERVICIOS / GRIFOS","LIMA","LIMA","SURQUILLO","AV. REPUBLICA DE PANAMA N° 4101 ESQ. AV. TOMAS MARSANO","2026-08-08"
"6791","PETRONEX PERÚ S.A.C.","ESTACIÓN DE SERVICIO CON GASOCENTRO DE GLP","LIMA","CAÑETE","CHILCA","CARRETERA PANAMERICANA SUR KM. 57.4","2026-08-08"
"6792","ESTACION DE SERVICIOS CORPAC S.A.","ESTACIÓN DE SERVICIOS / GRIFOS","LIMA","LIMA","SAN ISIDRO","AV. ENRIQUE CANAVAL MOREYRA N° 202","2026-08-07"
"6799","COESTI SA","ESTACIÓN DE SERVICIOS / GRIFOS","LIMA","LIMA","PUENTE PIEDRA","AV. LEONCIO PRADO N° 780 (PANAMERICANA NORTE KM. 34.5)","2026-08-09"
"6801","GRUPO ARIAS S.A.C.","ESTACIÓN DE SERVICIO CON GASOCENTRO DE GLP","LIMA","LIMA","CHACLACAYO","AV NICOLAS AYLLON N° 1202 Y ESQ AV LAS MAGNOLIAS (CARRETERA CENTRAL KM 25)","2026-08-09"
"6806","JOVEME S.A.C.","ESTACIÓN DE SERVICIOS / GRIFOS","LIMA","LIMA","SAN ISIDRO","AV. REPUBLICA DE PANAMA S/N CUADRA 32","2026-08-04"
"6808","CORPORACION JULCAN S.A.","EE.SS con GLP y GNV","LIMA","LIMA","SAN JUAN DE LURIGANCHO","AV. PROCERES DE LA INDEPENDENCIA N° 2556","2026-07-30"
"6809","SERVICENTRO JOSE GALVEZ S.A.","ESTACIÓN DE SERVICIO CON GASOCENTRO DE GLP","LIMA","LIMA","VILLA MARIA DEL TRIUNFO","AV. LIMA N° 1455","2026-08-09"
"6810","EXPLORIUM S.A.C.","ESTACIÓN DE SERVICIO CON GASOCENTRO DE GLP","LIMA","LIMA","SAN JUAN DE LURIGANCHO","MZ. O - 6 LT. 46 MARISCAL CACERES (ESQ. AV. PROCERES DE LA INDEPENDENCIA CON JR. MOSCU)","2026-08-08"
"6821","SERVICIOS RIGAL SAC","ESTACIÓN DE SERVICIO CON GASOCENTRO DE GLP","LIMA","LIMA","SURQUILLO","AV. PASEO DE LA REPUBLICA N° 4251","2026-08-08"
"6824","REPSOL COMERCIAL S.A.C.","ESTACIÓN DE SERVICIOS / GRIFOS","LIMA","LIMA","ATE","AV. LA MOLINA N° 448","2026-08-09"
"6825","INVERSIONES E INDUSTRIAS MIRFER S.A.C.","ESTACIÓN DE SERVICIOS / GRIFOS","JUNIN","YAULI","PACCHA","AV. TUPAC AMARU NO 103 ANEXO - SHINCAMACHAY","2026-08-06"
"6826","REPSOL COMERCIAL S.A.C","ESTACIÓN DE SERVICIOS / GRIFOS","LIMA","LIMA","LA MOLINA","AV. RAUL FERRERO N° 1313B CON CALLE LAS RETAMAS URB. LOS SIRIUS I ETAPA","2026-08-09"
"6827","GRIFO CENTRAL SAC","ESTACIÓN DE SERVICIOS / GRIFOS","LIMA","CAÑETE","SAN LUIS","AV. 28 DE JULIO N° 152","2026-08-05"
"6828","PETRONEX PERU SOCIEDAD ANONIMA CERRADA","ESTACIÓN DE SERVICIOS / GRIFOS","ICA","PISCO","SAN ANDRES","AV. GENARO MEDRANO N° 145","2026-08-08"
"6829","SERVICIOS GENERALES JDDR SAC","ESTACIÓN DE SERVICIO CON GASOCENTRO DE GLP","ICA","PISCO","SAN CLEMENTE","CARRETERA PANAMERICANA SUR KM 226","2026-08-09"
"6836","ATS AMERICA SAC","ESTACIÓN DE SERVICIO CON GASOCENTRO DE GLP","LIMA","LIMA","LURIGANCHO","AV. LIMA SUR Nº 895 - CHOSICA","2026-08-09"
"6837","ORGANIZACION FUTURO S.A.C.","EE.SS con GLP y GNV","LIMA","LIMA","LA MOLINA","AV. JAVIER PRADO ESTE N° 6651 URB. SANTA PATRICIA - III ETAPA","2026-08-09"
"6840","COESTI S.A.","EE.SS con GLP y GNV","LIMA","LIMA","SAN LUIS","AV. NICOLAS AYLLON N° 1340","2026-08-07"
"6841","COESTI S.A.","ESTACIÓN DE SERVICIO CON GASOCENTRO DE GLP","ICA","ICA","LOS AQUIJES","CARRETERA PANAMERICANA SUR KM. 307","2026-08-08"
"6844","A & M LA CANTUTA SAC","ESTACIÓN DE SERVICIO CON GASOCENTRO DE GLP","JUNIN","JAUJA","MUQUIYAUYO","CARRETERA CENTRAL KM. 36","2026-08-08"
"6847","ESTACION MIRAFLORES S.A.C","ESTACIÓN DE SERVICIO CON GASOCENTRO DE GLP","LA LIBERTAD","TRUJILLO","TRUJILLO","PROLONGACION AV. MIRAFLORES Nº 1937","2026-08-08"
"6848","PETRONEX PERU S.A.C.","ESTACIÓN DE SERVICIO CON GASOCENTRO DE GLP","LA LIBERTAD","TRUJILLO","LA ESPERANZA","AV. JOSE GABRIEL CONDORCANQUI N° 1241","2026-08-07"
"6849","GIOVANNI LEONCIO AGUIRRE MORENO ","ESTACIÓN DE SERVICIO CON GASOCENTRO DE GLP","LA LIBERTAD","TRUJILLO","TRUJILLO","AV. MANSICHE Nº 1110 URB. SANTA INES","2026-08-01"
"6853","ESTACION DE SERVICIOS AMERICANO SRL","ESTACIÓN DE SERVICIOS / GRIFOS","AYACUCHO","HUANTA","HUANTA","JR. GERVASIO SANTILLANA Nº 1090","2026-08-09"
"6858","MARIBEL SANCHEZ VERA","ESTACIÓN DE SERVICIOS / GRIFOS","AYACUCHO","HUANTA","HUANTA","AV. SAN MARTIN N° 335","2026-08-07"
"6864","ESTACION DE SERVICIOS REAL LA OROYA S.A. ","ESTACIÓN DE SERVICIOS / GRIFOS","JUNIN","YAULI","LA OROYA","CARRETERA CENTRAL KM. 164 LIMA - LA OROYA URBANIZACIÓN CURIPATA - HUAYNACANCHA","2026-08-07"
"6866"," MACAMIGER S.A.C.","ESTACIÓN DE SERVICIO CON GASOCENTRO DE GLP","ICA","PISCO","TUPAC AMARU INCA","PANAMERICANA SUR KM. 232","2026-08-09"
"6870","EMPRESA GRUPO QUINTO SA","ESTACIÓN DE SERVICIOS / GRIFOS","LIMA","LIMA","LOS OLIVOS","AV. UNIVERSITARIA ESQ. AV. CARLOS IZAGUIRRE","2026-08-08"
"6873","COESTI S.A","EE.SS con GLP y GNV","LIMA","LIMA","SANTIAGO DE SURCO","AV. SAN JUAN N° 112, URB. SANTA TERESA","2026-08-08"
"6874","REPSOL COMERCIAL S.A.C.","ESTACIÓN DE SERVICIO CON GASOCENTRO DE GLP","LIMA","LIMA","INDEPENDENCIA","AV. GERARDO UNGER N° 3689, MZ D LOTE 26, URB. HABILITACIÓN PANAMERICANA NORTE","2026-08-09"
"6876","REPSOL COMERCIAL S.A.C.","ESTACIÓN DE SERVICIOS / GRIFOS","LIMA","LIMA","BARRANCO","AV. REPUBLICA DE PANAMA N° 290","2026-08-09"
"6880","COESTI S.A","EE.SS con GLP y GNV","LIMA","LIMA","SAN MARTIN DE PORRES","AV. TOMAS VALLE N° 1981. ESQ. CALLE BAQUIJANO Y CARRILLO","2026-08-09"
"6884","ESTACION DE SERVICIOS SANDOVAL HNOS S.R.L.","ESTACIÓN DE SERVICIOS / GRIFOS","PIURA","PIURA","CATACAOS","CARRETERA PIURA - SECHURA KM. 11.5","2026-08-07"
"6889","PLANTA DE ABASTECIMIENTO DE COMBUSTIBLE LIQUIDOS AMERICAN PETROLEOS DEL NORTE E.I.R.L.","ESTACIÓN DE SERVICIOS / GRIFOS","TUMBES","ZARUMILLA","AGUAS VERDES","PANAMERICANA NORTE KM. 1292","2026-08-03"
"6890","PETRO 2 DE MAYO S.A.C.","ESTACIÓN DE SERVICIOS / GRIFOS","PROV. CONST. DEL CALLAO","PROV. CONST. DEL CALLAO","CALLAO","AV. DOS DE MAYO Nº 285, ESQ. CON JR. SUCRE","2026-08-07"
"6891","COMERCIALIZADORA DE COMBUSTIBLES TRIVE&NTILDE;O S.A.C.","ESTACIÓN DE SERVICIO CON GASOCENTRO DE GLP","ICA","ICA","ICA","AV. JOSÉ MATÍAS MANZANILLA N° 621-625","2026-08-07"
"6899","SERVICENTRO ORDESUR S.A.C.","ESTACIÓN DE SERVICIO CON GASOCENTRO DE GLP","ICA","CHINCHA","GROCIO PRADO","PANAMERICANA SUR KM. 196","2026-08-09"
"6900","INVERSIONES VILLAVICENCIO & HNOS S.A.C.","ESTACIÓN DE SERVICIO CON GASOCENTRO DE GLP","ICA","CHINCHA","CHINCHA ALTA","AV. SAN CRISTOBAL N° 117","2026-08-09"
"6906","ESTACION DE SERVICIOS ESTEL S.A.C.","ESTACIÓN DE SERVICIO CON GASOCENTRO DE GLP","LIMA","LIMA","COMAS","AV. UNIVERSITARIA NORTE NRO. 5771 - 5779, URB. SANTA ISOLINA","2026-08-09"
"6913","GRIFO DENNIS S.A.C.","ESTACIÓN DE SERVICIOS / GRIFOS","PROV. CONST. DEL CALLAO","PROV. CONST. DEL CALLAO","CALLAO","AV. LOS DOMINICOS Y BOCANEGRA MZ. A LT. 20 URB. SESQUICENTENARIO","2026-08-08"
"6914","GRIFO DENNIS S.A.C.","ESTACIÓN DE SERVICIOS / GRIFOS","LIMA","LIMA","INDEPENDENCIA","AV. CHINCHAYSUYO 315. ESQ. CON CALLE UNO","2026-08-08"
"6915","GRIFO DENNIS S.A.C.","ESTACIÓN DE SERVICIOS / GRIFOS","LIMA","LIMA","CARABAYLLO","AV.TUPAC AMARU N° 3590. AA.HH EL PROGRESO","2026-08-08"
"6927","JORGE AMADO GUTIERREZ ESAINE","ESTACIÓN DE SERVICIOS / GRIFOS","CAJAMARCA","CAJAMARCA","LOS BAÑOS DEL INCA","AV. MANCO CAPAC N° 375","2026-08-05"
"6939","GRIFO FLOTANTE OROX","GRIFOS FLOTANTES","UCAYALI","CORONEL PORTILLO","CALLERIA","MARGEN IZQUIERDA DEL RIO UCAYALI S/N","2026-08-08"
"6942","GRIFO SANTA ROSA EIRL","ESTACIÓN DE SERVICIOS / GRIFOS","ICA","PISCO","SAN CLEMENTE","AV. LOS LIBERTADORES 1107","2026-08-08"
"6943","ESTACION DE SERVICIOS VILLACURI","ESTACIÓN DE SERVICIO CON GASOCENTRO DE GLP","ICA","ICA","ICA","AV. PANAMERICANA SUR (ANTIGUA CARRETERA PANAMERICANA SUR) KM. 300.5, SAN JOAQUIN","2026-08-09"
"6946","SERVICENTRO LOS PREMIOS SAC","ESTACIÓN DE SERVICIOS / GRIFOS","AREQUIPA","AREQUIPA","TIABAYA","INTERSECCIÓN DE LA AV. AREQUIPA S/N CON LA CALLE JUNÍN","2026-08-07"
"6947","GRIFO FLOTANTE DOMI E.I.R.L.","GRIFOS FLOTANTES","UCAYALI","CORONEL PORTILLO","CALLERIA","MARGEN DERECHA DEL RIO UCAYALI","2026-08-07"
"6949","EE.SS.YASOIL","ESTACIÓN DE SERVICIOS / GRIFOS","AREQUIPA","AREQUIPA","MIRAFLORES","CALLE SAENZ PEÑA N° 107","2026-08-08"
"6950","EMPRESA SORIA Y COMPAÑIA SOCIEDAD COLECTIVA ","ESTACIÓN DE SERVICIO CON GASOCENTRO DE GLP","JUNIN","HUANCAYO","CHILCA","CALLE REAL Nº 564","2026-08-09"
"6951","REPSOL COMERCIAL S.A.C.","ESTACIÓN DE SERVICIO CON GASOCENTRO DE GLP","LIMA","HUARAL","CHANCAY","CARRETERA PANAMERICANA NORTE KM.82","2026-08-09"
"6954","ESTACION DE SERVICIOS EL TREBOL","ESTACIÓN DE SERVICIO CON GASOCENTRO DE GLP","HUANUCO","HUANUCO","HUANUCO","AV. 28 DE JULIO Nº 306-308","2026-08-07"
"6957","COESTI.S.A","ESTACIÓN DE SERVICIOS / GRIFOS","LIMA","LIMA","SAN MIGUEL","AV. LA MARINA N° 2001 ESQ. CON UNIVERSITARIA","2026-08-09"
"6958","COMPANIA  OPERADORA DE LA SELVA","ESTACIÓN DE SERVICIOS / GRIFOS","UCAYALI","CORONEL PORTILLO","CALLERIA","AV. JOSE FAUSTINO SANCHEZ CARRION N° 1450","2026-08-09"
"6960","EL GRIFITO S.A.","ESTACIÓN DE SERVICIOS / GRIFOS","LIMA","LIMA","SAN MARTIN DE PORRES","AV. TOMAS VALLE N° 2053  URB. SAN PEDRO DE GARAGAY","2026-08-08"
"6961","PEBSA COMBUSTIBLES S.A.","ESTACIÓN DE SERVICIO CON GASOCENTRO DE GLP","LIMA","LIMA","LA VICTORIA","AV. BAUZATE Y MEZA 1387 ESQ. JR. GIRIBALDI","2026-08-08"
"6968","ESTACION DE SERVICIOS PIURA S.R.L.","ESTACIÓN DE SERVICIO CON GASOCENTRO DE GLP","PIURA","PIURA","VEINTISEIS DE OCTUBRE","AV. GRAU N° 1401 ESQUINA CON AV. GULLMAN","2026-08-09"
"6971","COESTI S.A.","ESTACIÓN DE SERVICIOS / GRIFOS","PIURA","TALARA","PARIÑAS","ESQUINA AV. A Y B","2026-08-09"
"6974","SUPER GRIFO CHINCHA  S.A.C.","ESTACIÓN DE SERVICIO CON GASOCENTRO DE GLP","ICA","CHINCHA","CHINCHA ALTA","CARRETERA PANAMERICANA SUR KM 197.50 N° 791","2026-08-07"
"6975","ESTACION DE SERVICIOS DANIELA S.A.","ESTACIÓN DE SERVICIO CON GASOCENTRO DE GLP","ICA","CHINCHA","ALTO LARAN","CARRETERA PANAMERICANA SUR KM. 201.5","2026-08-08"
"6976","COESTI S.A.","EE.SS con GLP y GNV","ICA","CHINCHA","SUNAMPE","CARRETERA PANAMERICANA SUR KM 195.60","2026-08-08"
"6977","LUIS ALBERTO DOMINGO SÁNCHEZ ACEVEDO","ESTACIÓN DE SERVICIO CON GASOCENTRO DE GLP","ICA","CHINCHA","CHINCHA ALTA","ESQUINA JR. GRAU Nº 640 Y PANAMERICANA SUR KM. 199","2026-08-08"
"6978","COESTI S.A","ESTACIÓN DE SERVICIO CON GASOCENTRO DE GLP","ICA","CHINCHA","CHINCHA ALTA","AV. O. BENAVIDES N° 711","2026-08-08"
"6983","MULTISERVICIOS CHICAMA EIRL","ESTACIÓN DE SERVICIOS / GRIFOS","LA LIBERTAD","ASCOPE","CHICAMA","AV. ARRIAGA N° 604","2026-08-08"
"6986","INVERSIONES MULTIGRIFOS ASOCIADOS S.A.C.","ESTACIÓN DE SERVICIO CON GASOCENTRO DE GLP","ICA","CHINCHA","PUEBLO NUEVO","AV. VICTOR ANDRÉS BELAUNDE 420 - 428","2026-08-08"
"6987","ESTACION DE SERVICIOS GRIFO EL TRIUNFO S.A.C","ESTACIÓN DE SERVICIOS / GRIFOS","JUNIN","HUANCAYO","EL TAMBO","AV. MARISCAL CASTILLA Nº 4180","2026-08-05"
"6996","GASOLINERAS SAC","EE.SS con GLP y GNV","LIMA","LIMA","CHORRILLOS","AV. HUAYLAS N° 2355, URB. SANTA LEONOR","2026-08-09"
"7003","COESTI S.A","ESTACIÓN DE SERVICIOS / GRIFOS","LIMA","LIMA","LA MOLINA","AV. PROLONGACION JAVIER PRADO ESTE N° 610 - URB. LA RIVIERA DE MONTERRICO","2026-08-08"
"7004","INVERSIONES OCTANO S.A.","EE.SS con GNV","LIMA","LIMA","LA VICTORIA","JR. LUNA PIZARRO N° 696","2026-08-08"
"7006","GRIFO A Y R E.I.R.L.","ESTACIÓN DE SERVICIOS / GRIFOS","LORETO","ALTO AMAZONAS","YURIMAGUAS","JR. MARISCAL CASTILLA Nº 512","2026-08-08"
"7010","REPSOL COMERCIAL S.A.C.","ESTACIÓN DE SERVICIOS / GRIFOS","LIMA","LIMA","LA VICTORIA","AV. MEXICO N° 1291-1295 ESQUINA CON JR. PARINACOCHAS","2026-08-09"
"7017","COESTI S.A. - ES CURAL","ESTACIÓN DE SERVICIOS / GRIFOS","AREQUIPA","AREQUIPA","CERRO COLORADO","VARIANTE DE UCHUMAYO KM. 05","2026-08-08"
"7018","GRIFO SUR AREQUIPA E.I.R.L.","ESTACIÓN DE SERVICIO CON GASOCENTRO DE GLP","AREQUIPA","AREQUIPA","AREQUIPA","AV. JESUS Nº 302","2026-08-09"
"7021","MARLY JESSICA VIZA ALVARO","ESTACIÓN DE SERVICIOS / GRIFOS","AREQUIPA","CAMANA","JOSE MARIA QUIMPER","CARRETERA PANAMERICANA SUR KM. 825","2026-08-05"
"7022","REPSOL COMERCIAL S.A.C.","ESTACIÓN DE SERVICIO CON GASOCENTRO DE GLP","AREQUIPA","CAMANA","SAMUEL PASTOR","AV. SAMUEL PASTOR N° 1516","2026-08-09"
"7026","REPSOL COMERCIAL S.A.C.","ESTACIÓN DE SERVICIO CON GASOCENTRO DE GLP","LIMA","LIMA","SAN JUAN DE MIRAFLORES","AV. LOS HEROES N° 1366 -1372, URB. JARDIN","2026-08-09"
"7027","ESTACION DE SERVICIOS N 2 EX AEDO","ESTACIÓN DE SERVICIOS / GRIFOS","LIMA","CAÑETE","SAN VICENTE DE CAÑETE","AUTOPISTA SAN VICENTE - IMPERIAL (AV. MARISCAL BENAVIDES)","2026-08-07"
"7032","ESTACION DE SERVICIOS TOYCO ARRUANTEGUI","ESTACIÓN DE SERVICIOS / GRIFOS","PIURA","SULLANA","SULLANA","AV. SANTA ROSA Nº 504","2026-08-07"
"7038","NEGOCIACIONES ATENCIO S.A.C.","ESTACIÓN DE SERVICIOS / GRIFOS","LIMA","LIMA","LURIGANCHO","CARRETERA CENTRAL KM. 27.5","2026-08-06"
"7039","REPSOL COMERCIAL S.A.C.","ESTACIÓN DE SERVICIOS / GRIFOS","LIMA","LIMA","MIRAFLORES","AV. ANGAMOS OESTE N° 1685","2026-08-09"
"7040","REPSOL COMERCIAL S.A.C. ","ESTACIÓN DE SERVICIO CON GASOCENTRO DE GLP","LIMA","LIMA","CARABAYLLO","AV. TUPAC AMARU KM.16,5","2026-08-08"
"7041","REPSOL COMERCIAL S.A.C. ","ESTACIÓN DE SERVICIOS / GRIFOS","LIMA","LIMA","SANTIAGO DE SURCO","AV. ROOSELVELT Y PARQUE ALTO CDRA 6","2026-08-09"
"7042","A.B.G.S.A.C. EE.SS. ORRANTIA","ESTACIÓN DE SERVICIO CON GASOCENTRO DE GLP","LIMA","LIMA","SAN ISIDRO","AV. DOS DE MAYO 1340 - 1380, URB. RISSO","2026-08-09"
"7043","LOS SAUCES  PILCOMAYO","ESTACIÓN DE SERVICIOS / GRIFOS","JUNIN","HUANCAYO","PILCOMAYO","AV. LAS AMERICAS N° 2850","2026-08-08"
"7046","GLOBAL FUEL SOCIEDAD ANONIMA","ESTACIÓN DE SERVICIOS / GRIFOS","LIMA","LIMA","SANTIAGO DE SURCO","AV. PRIMAVERA Nº 1695 - CENTRO COMERCIAL MONTERRICO","2026-08-06"
"7058","COESTI S.A.","ESTACIÓN DE SERVICIO CON GASOCENTRO DE GLP","LIMA","LIMA","RIMAC","JR. VIRU Nº 606","2026-08-08"
"7066","CHEVROLANE IMPORT S.A.C.","ESTACIÓN DE SERVICIOS / GRIFOS","LORETO","MAYNAS","IQUITOS","AV. LA MARINA N° 185","2026-08-05"
"7067","SERVICENTRO DONATTO S.R.L.","ESTACIÓN DE SERVICIOS / GRIFOS","LORETO","MAYNAS","IQUITOS","AV. NAVARRO CAUPER ESQUINA CON PASAJE BELLO AMAZONAS MZ. D. LOTE 3","2026-08-08"
"7068","MUNDO PETROL S.A.C.","ESTACIÓN DE SERVICIOS / GRIFOS","LA LIBERTAD","ASCOPE","CHOCOPE","CARRETERA PANAMERICANA NORTE KM. 604","2026-08-08"
"7070","ESTACION DE SERVICIOS EL MILAGRO SAC","ESTACIÓN DE SERVICIO CON GASOCENTRO DE GLP","LA LIBERTAD","TRUJILLO","HUANCHACO","AV. MIGUEL GRAU N° 900 MZ. 60 LOTE 01 SECTOR III CENTRO POBLADO EL MILAGRO","2026-08-08"
"7072","COESTI S.A.","ESTACIÓN DE SERVICIO CON GASOCENTRO DE GLP","JUNIN","TARMA","TARMA","AV. PACHECO Nº 669 - 677","2026-08-09"
"7073","REPSOL COMERCIAL S.A.C.","ESTACIÓN DE SERVICIOS / GRIFOS","LIMA","LIMA","PUENTE PIEDRA","CARRETERA PANAMERICANA NORTE KM. 28.3","2026-08-09"
"7074","COMERCIO E INVERSIONES LAS PALMAS S.A.C","ESTACIÓN DE SERVICIOS / GRIFOS","JUNIN","CONCEPCION","CONCEPCION","CARRETERA CENTRAL KM. 22.5","2026-08-07"
"7075","SERVICENTRO TACNA","ESTACIÓN DE SERVICIO CON GASOCENTRO DE GLP","LIMA","LIMA","LA VICTORIA","AV. MEXICO Nº 210","2026-08-09"
"7076","UNO GAS SAN MARTIN","ESTACIÓN DE SERVICIO CON GASOCENTRO DE GLP","ICA","ICA","ICA","AV. JORGE CHAVEZ - CDRA. 1 - CASERIO SAN MARTIN","2026-08-06"
"7082","GRIFO YUNGUYO","ESTACIÓN DE SERVICIOS / GRIFOS","PUNO","YUNGUYO","YUNGUYO","AV. EJERCITO N°930","2026-08-09"
"7083","ESTACIÓN DE SERVICIO GERONIMO CABRERA E HIJOS SCRL","ESTACIÓN DE SERVICIOS / GRIFOS","PUNO","PUNO","PUNO","JR. LEONCIO PRADO N° 1448","2026-08-07"
"7084","COMBUSTIBLE ZAVALETA PERU E.I.R.L.","ESTACIÓN DE SERVICIOS / GRIFOS","LA LIBERTAD","ASCOPE","ASCOPE","AV. CHICLAYO MZ. 75 LOTE 2A SECTOR PAMPAS DE CARRERA","2026-08-08"
"7085","IMVERSIONES ARWATURO S.R.L.","ESTACIÓN DE SERVICIO CON GASOCENTRO DE GLP","JUNIN","HUANCAYO","HUANCAYO","JR. ANGARAES 362","2026-08-07"
"7086","REPSOL COMERCIAL S.A.C.","ESTACIÓN DE SERVICIOS / GRIFOS","LIMA","LIMA","SANTIAGO DE SURCO","AV. PROLONGACION PRIMAVERA N° 1120 MZ. P LT. 1-2","2026-08-09"
"7088","INVERSIONES LUMARCO S.A.","EE.SS con GLP y GNV","LIMA","LIMA","ATE","AV. NICOLAS AYLLON N° 8710-8720, CARRETERA LIMA - CHOSICA, ALT. KM. 11.20 (ANTES CARRETERA CENTRAL KM. 11.5)","2026-08-09"
"7089","ESTACION CORMAR S.A.","EE.SS con GLP y GNV","LIMA","LIMA","ATE","AV. CARRETERA CENTRAL S/N KM. 2.5 VITARTE ESQ. AV. INGENIEROS URB. BUENOS AMIGOS","2026-08-08"
"7096","COESTI S.A","EE.SS con GNV","LIMA","LIMA","CHORRILLOS","AV. CAMINOS DEL INCA N° 110-134, SUB LOTE 8-A, MZ. Ñ. URB. SAN JUAN BAUTISTA DE VILLA - PRIMERA ETAPA","2026-08-09"
"7098","ANGELES ESTACIONES Y SERVICIOS S.R.L.","ESTACIÓN DE SERVICIO CON GASOCENTRO DE GLP","CAJAMARCA","CAJAMARCA","CAJAMARCA","AV. INDEPENDENCIA Nº 288","2026-08-07"
"7102","MC COMBUSTIBLES E.I.R.L.","ESTACIÓN DE SERVICIOS / GRIFOS","AREQUIPA","AREQUIPA","JOSE LUIS BUSTAMANTE Y RIVERO","INTERSECCION AV. ANDRES A. CACERES, AV. HARTLEY Y CALLE 18","2026-08-09"
"7105","EURODISEL SOCIEDADANONIMA CERRADA","ESTACIÓN DE SERVICIOS / GRIFOS","PUNO","PUNO","PUNO","AV. PANAMERICANA INTERSECCION CON AV. DON BOSCO","2026-08-07"
"7106","ESTACION DE SERVICIOS VILLA RICA DE OROPESA S.R.L.","ESTACIÓN DE SERVICIO CON GASOCENTRO DE GLP","JUNIN","HUANCAYO","EL TAMBO","AV. MARISCAL CASTILLA N° 3312","2026-08-07"
"7108","SERVICENTRO HUARMEY SAC","ESTACIÓN DE SERVICIO CON GASOCENTRO DE GLP","ANCASH","HUARMEY","HUARMEY","CARRETERA PANAMERICANA NORTE KM. 294","2026-08-09"
"7109","COESTI S.A","EE.SS con GLP y GNV","LIMA","LIMA","LIMA","AV. TINGO MARIA N° 1172-1194, ESQ. CON RAUL PORRAS BARRENECHEA","2026-08-09"
"7111","COMERCIALIZADORA DE COMBUSTIBLES DELTA EIRL","ESTACIÓN DE SERVICIO CON GASOCENTRO DE GLP","HUANUCO","HUANUCO","PILLCO MARCA","AV. UNIVERSITARIA N 1510 - CAYHUAYNA","2026-08-05"
"7124","COESTI EL ROSARIO","EE.SS con GLP y GNV","LIMA","LIMA","SURQUILLO","AV. TOMAS MARSANO N° 1008 ESQUINA CON AV. ANGAMOS","2026-08-09"
"7130","REPSOL COMERCIAL S.A.C.","ESTACIÓN DE SERVICIOS / GRIFOS","LIMA","LIMA","MIRAFLORES","AV. AREQUIPA N° 4305","2026-08-09"
"7132","GLOBAL FUEL S.A.","ESTACIÓN DE SERVICIO CON GASOCENTRO DE GLP","LIMA","BARRANCA","BARRANCA","JR. LIMA N° 672 ESQUINA JR. CASTILLA N° 940","2026-08-08"
"7133","GLOBAL FUEL S.A.","ESTACIÓN DE SERVICIO CON GASOCENTRO DE GLP","PROV. CONST. DEL CALLAO","PROV. CONST. DEL CALLAO","VENTANILLA","AV. PRECURSORES N° 202 (EX CARRETERA A VENTANILLA KM. 5.5)","2026-08-08"
"7135","GLOBAL FUEL S.A.","ESTACIÓN DE SERVICIO CON GASOCENTRO DE GLP","LIMA","LIMA","PUEBLO LIBRE","AV. DEL RIO Nº 110","2026-08-04"
"7143","GRIFOS KAMT S.A.C.","ESTACIÓN DE SERVICIO CON GASOCENTRO DE GLP","LAMBAYEQUE","LAMBAYEQUE","LAMBAYEQUE","CARRETERA PANAMERICANA NORTE KM. 782 MOCCE","2026-08-07"
"7144","GRIFO WALO GAS","ESTACIÓN DE SERVICIOS / GRIFOS","LAMBAYEQUE","CHICLAYO","PIMENTEL","AV. JUAN VELASCO ALVARADO S/N KM.10 CARRETERA CHICLAYO - PIMENTEL","2026-08-05"
"7145","GRIFO MONSEFU EIRL","ESTACIÓN DE SERVICIO CON GASOCENTRO DE GLP","LAMBAYEQUE","CHICLAYO","MONSEFU","AV. MARISCAL CASTILLA NRO. 935","2026-08-06"
"7150","ESTACION DE SERVICIO MODELO S.A.C.","ESTACIÓN DE SERVICIOS / GRIFOS","LAMBAYEQUE","CHICLAYO","CHICLAYO","AV. JOSE BALTA Nº 1712","2026-08-07"
"7157","COESTI S.A.","EE.SS con GNV","LIMA","LIMA","ATE","AV. NICOLAS AYLLON Nº 2237","2026-08-08"
"7161","LMC COMBUSTIBLES S.A","EE.SS con GLP y GNV","LIMA","LIMA","SAN BORJA","AV. CIRCUNVALACION N° 2944","2026-08-08"
"7163","SERVICENTRO BERNY S.R.L.","ESTACIÓN DE SERVICIO CON GASOCENTRO DE GLP","LIMA","LIMA","LURIGANCHO","LOTE 6 MZ. G URB. NIEVERIA HUACHIPA","2026-08-08"
"7164","AUSTRAL STAR S.A.C","ESTACIÓN DE SERVICIO CON GASOCENTRO DE GLP","PASCO","OXAPAMPA","OXAPAMPA","AV. SAN MARTIN N° 833","2026-08-06"
"7166","GRIFO JUAN PABLO II EIRL","ESTACIÓN DE SERVICIOS / GRIFOS","PROV. CONST. DEL CALLAO","PROV. CONST. DEL CALLAO","LA PERLA","AV. LA MARINA N° 3805","2026-08-08"
"7170","COESTI S.A","EE.SS con GLP y GNV","LIMA","LIMA","LIMA","AV. COLONIAL N° 300 (ANTES AV. OSCAR R. BENAVIDES) ESQUINA CON JR. ASCOPE","2026-08-08"
"7177","ALLE ESTACIONES S.A.C.","ESTACIÓN DE SERVICIOS / GRIFOS","LIMA","LIMA","JESUS MARIA","AV. EDGARDO REBAGLIATI, ESQUINA CON JR. DOMINGO CUETO CUADRA 3","2026-08-08"
"7179","COESTI S.A SAN CARLOS","ESTACIÓN DE SERVICIO CON GASOCENTRO DE GLP","LIMA","LIMA","LURIN","CARRETERA PANAMERICANA SUR KM 29.50","2026-08-09"
"7181","GRIFOS ESPINOZA S.A.","EE.SS con GLP y GNV","LIMA","LIMA","LA MOLINA","AV. LA MOLINA N° 1595, URB. SOL DE LA MOLINA","2026-08-07"
"7183","AERO GAS DEL NORTE SOCIEDAD ANONIMA  CERRADA","ESTACIÓN DE SERVICIO CON GASOCENTRO DE GLP","LAMBAYEQUE","CHICLAYO","LA VICTORIA","CARRETERA PANAMERICANA NORTE KM 764 + 190 M SECTOR CHOSICA DEL NORTE","2026-08-07"
"7188","ESTACION DE SERVICIO CORAZON  DE JESUS S.A.C.","ESTACIÓN DE SERVICIO CON GASOCENTRO DE GLP","LIMA","LIMA","SAN JUAN DE LURIGANCHO","AV. PROCERES DE LA INDEPENDENCIA N° 197-199","2026-08-09"
"7192","ALRESA S.A.","ESTACIÓN DE SERVICIOS / GRIFOS","LIMA","HUARAL","CHANCAY","AV. ROOSEVELT N° 502","2026-08-08"
"7195","GRIFO EL PORVENIR S.R.L.","ESTACIÓN DE SERVICIO CON GASOCENTRO DE GLP","ANCASH","SANTA","NUEVO CHIMBOTE","AV. LA MARINA MZ P2 LOTE 1 - URB. LAS CASUARINAS","2026-08-09"
"7201","ESTACION DE SERVICIOS MERMA E HIJOS SCRL","ESTACIÓN DE SERVICIOS / GRIFOS","PUNO","EL COLLAO","ILAVE","AV. PANAMERICANA Nº 1012","2026-08-08"
"7207","ESTACION DE SERVICIOS LAS ABEJAS S.A.C","ESTACIÓN DE SERVICIO CON GASOCENTRO DE GLP","LA LIBERTAD","TRUJILLO","MOCHE","CARRETERA PANAMERICANA NORTE KM. 558 CALLE CARLOS DE LOS HEROS N° 374 SECTOR SUB RAMAL PREDIO LOS TALLOS","2026-08-08"
"7209","PETRONEX PERU S.A.C","ESTACIÓN DE SERVICIO CON GASOCENTRO DE GLP","PIURA","TALARA","PARIÑAS","PARQUE 31 - 39","2026-08-08"
"7211","ESTACION DE SERVICIO AURA VICE SOCIEDAD ANONIMA CERRADA","ESTACIÓN DE SERVICIOS / GRIFOS","PIURA","SECHURA","VICE","CARRETERA PIURA - SECHURA KM. 38.5","2026-08-08"
"7219","BIENVENIDO VENTURA PEÑA REYES","ESTACIÓN DE SERVICIOS / GRIFOS","PIURA","TALARA","LOS ORGANOS","PANAMERICANA NORTE KM. 1208","2026-08-07"
"7221","MULTISERVICIOS FRANDAB EMPRESA INDIVIDUAL DE RESPONSABILIDAD LIMITADA","ESTACIÓN DE SERVICIO CON GASOCENTRO DE GLP","AREQUIPA","ISLAY","DEAN VALDIVIA","AV. INDEPENDENCIA S/N ANEXO EL ARENAL","2026-08-03"
"7223","MAXIM SERVICIOS E.I.R.L.","ESTACIÓN DE SERVICIOS / GRIFOS","AREQUIPA","ISLAY","COCACHACRA","PANAMERICANA SUR KM 1045","2026-08-07"
"7227","GRUPO EMPRESARIAL MDM E.I.R.L.","ESTACIÓN DE SERVICIO CON GASOCENTRO DE GLP","MOQUEGUA","ILO","ILO","PAMPA INALAMBRICA KM. 40 - 41","2026-08-08"
"7229","ENERGASOL E.I.R.L.","ESTACIÓN DE SERVICIO CON GASOCENTRO DE GLP","JUNIN","HUANCAYO","PILCOMAYO","CARRETERA CENTRAL KM. 3 MARGEN DERECHA","2026-08-08"
"7233","ESTACION DE SERVICIOS Y GASOCENTRO ESPERANZA  SILYCARP INV SAC","ESTACIÓN DE SERVICIO CON GASOCENTRO DE GLP","LIMA","HUARAL","HUARAL","AV. VICTORIA S/N","2026-08-08"
"7245","GRIFO EL CAMPEON SRL","ESTACIÓN DE SERVICIO CON GASOCENTRO DE GLP","ANCASH","SANTA","NUEVO CHIMBOTE","MZ. P1 LOTE 19 PARCELA 12, SECTOR 72 URB. LAS CASUARINAS - BUENOS AIRES","2026-08-09"
"7247","REPSOL COMERCIAL S.A.C.","ESTACIÓN DE SERVICIOS / GRIFOS","LIMA","LIMA","LA MOLINA","AV. LA MOLINA N° 2880, URB. EL SAUCE DE LA RINCONADA","2026-08-09"
"7251","INVERSION QUINTO LYR EIRL","ESTACIÓN DE SERVICIOS / GRIFOS","LIMA","LIMA","SAN JUAN DE MIRAFLORES","AV. JUAN VELASCO ALVARADO N° 811-813-815 Y 817, COOP. VALLE DE SHARON","2026-08-07"
"7253","GESA DEL ORIENTE S.A.","ESTACIÓN DE SERVICIO CON GASOCENTRO DE GLP","HUANUCO","LEONCIO PRADO","RUPA-RUPA","AV. RAYMONDI N° 1001, TINGO MARIA","2026-08-08"
"7255","FULL OILS PETRO SOCIEDAD ANONIMA CERRADA-FULL OILS PETRO S.A.C.","ESTACIÓN DE SERVICIOS / GRIFOS","LIMA","LIMA","COMAS","AV. REVOLUCION N° 783 PRIMERA ZONA - COLLIQUE","2026-08-08"
"7264","SERVICENTRO SANTA CLARA S.A.C","ESTACIÓN DE SERVICIOS / GRIFOS","LIMA","HUAURA","SAYAN","CARRETERA HUACHO-SAYAN CRUCE SAN BOSCO S/N. - CENTRO POBLADO IRRIGACION SANTA ROSA.","2026-08-08"
"7272","JVD Y CIA S.R.L.","ESTACIÓN DE SERVICIOS / GRIFOS","PASCO","PASCO","CHAUPIMARCA","AV. CIRCUNVALACION ARENALES N° 117","2026-08-03"
"7276","GRIFO EL SALVADOR S.R.L.","EE.SS con GLP y GNV","LIMA","LIMA","LIMA","AV. VENEZUELA NRO. 2600","2026-08-07"
"7282","GRIFO SANTO DOMINGO DE GUZMAN S.A.C.","EE.SS con GLP y GNV","LIMA","LIMA","LURIGANCHO","AV. RAMIRO PRIALE CODIGO PREDIO/PARCELA 'L', SUB LOTE 28-B, SUB LOTE 23-A, DE LA ASOCIACION DIGNIDAD NACIONAL CON FRENTE AL SUB LOTE 23-D (CARRETERA R","2026-08-08"
"7287","MULTISERVICIOS AVE FENIX S.A.C.","ESTACIÓN DE SERVICIO CON GASOCENTRO DE GLP","AREQUIPA","AREQUIPA","CERRO COLORADO","VARIANTE DE UCHUMAYO KM. 03","2026-08-09"
"7296","GRIFOS DURAND S.A.C.","ESTACIÓN DE SERVICIO CON GASOCENTRO DE GLP","HUANUCO","HUANUCO","AMARILIS","CARRETERA HUANUCO-TINGOMARIA KM 3.5","2026-08-06"
"7298","ENERGICA S.R.L.","ESTACIÓN DE SERVICIO CON GASOCENTRO DE GLP","JUNIN","HUANCAYO","EL TAMBO","AV. MARISCAL CASTILLA N° 2699","2026-08-09"
"7302","GRIFOS ESPINOZA S.A.","EE.SS con GLP y GNV","LIMA","LIMA","ATE","AV. NICOLAS AYLLÓN N° 4359","2026-08-08"
"7304","ESTACIÓN DE SERVICIO PONCE  S.R.LTDA","ESTACIÓN DE SERVICIO CON GASOCENTRO DE GLP","LIMA","LIMA","SAN JUAN DE LURIGANCHO","COOPERATIVA VIVIENDA EL VALLE MZ. C, LOTE 25","2026-08-08"
"7309","COESTI S A","ESTACIÓN DE SERVICIOS / GRIFOS","LIMA","LIMA","SAN MARTIN DE PORRES","MZ. B, LT. 5 Y 15, URB. VILLA UNIVERSITARIA","2026-08-09"
"7310","COESTI SA","EE.SS con GLP y GNV","LIMA","LIMA","PUEBLO LIBRE","AV. BOLIVAR N° 1020. ESQ CON AV. GENERAL CORDOVA","2026-08-08"
"7316","CORPORACION PYX S.A.C.","EE.SS con GLP y GNV","LIMA","LIMA","LOS OLIVOS","AV. ANGELICA GAMARRA DE LEON VELARDE N° 1361","2026-08-09"
"7319","AUTO SERVICIO LA PERLA S.A.","ESTACIÓN DE SERVICIO CON GASOCENTRO DE GLP","PROV. CONST. DEL CALLAO","PROV. CONST. DEL CALLAO","LA PERLA","AV. VENEZUELA 1050","2026-08-08"
"7320","GRIFO GASOIL S.A.C.","ESTACIÓN DE SERVICIO CON GASOCENTRO DE GLP","LIMA","LIMA","SAN JUAN DE LURIGANCHO","AV. GRAN CHIMU N° 1988 URB. ZARATE","2026-08-09"
"7321","CORPORACION RIO BRANCO SA","EE.SS con GLP y GNV","JUNIN","HUANCAYO","PILCOMAYO","AV. CORONEL PARRA N° 270-280","2026-08-09"
"7322","TRANSPORTES Y SERVICIOS SANTA CRUZ S.A.","EE.SS con GLP y GNV","LIMA","LIMA","INDEPENDENCIA","AV. NARANJAL N° 299, URB. INDUSTRIAL NARANJAL","2026-08-09"
"7324","GAZEL PERU SAC","EE.SS con GLP y GNV","LIMA","LIMA","COMAS","AV. HEROES DEL ALTO CENEPA N° 1502, 1504, 1506, 1510, 1514","2026-08-05"
"7325","GRIFOS ESPINOZA S.A.","EE.SS con GLP y GNV","ICA","ICA","SUBTANJALLA","CARRETERA PANAMERICANA SUR KM. 300, SUB LOTE B","2026-08-09"
"7328","ESTACION DE SERVICIOS SIU S.A.C.","EE.SS con GLP y GNV","LIMA","HUAURA","SANTA MARIA","AV. PANAMERICANA NORTE N° 1270 (ANTES CARRETERA PANAMERICANA NORTE KM 148)","2026-08-08"
"7337","GRIFO LEON DEL SUR","ESTACIÓN DE SERVICIOS / GRIFOS","AREQUIPA","AREQUIPA","CERRO COLORADO","VARIANTE DE UCHUMAYO KM. 4","2026-08-08"
"7338","OLEUM R & A S.A.C.","ESTACIÓN DE SERVICIOS / GRIFOS","AREQUIPA","AREQUIPA","LA JOYA","AV. QUIÑONES MZ A LOTE 08 ZONA A","2026-07-31"
"7341","COESTI S.A. ES MONTERREY","ESTACIÓN DE SERVICIOS / GRIFOS","AREQUIPA","AREQUIPA","JOSE LUIS BUSTAMANTE Y RIVERO","AV. ESTADOS UNIDOS CON AV. DOLORES S/N.","2026-08-09"
"7343","VIPETROS S.A.C.","ESTACIÓN DE SERVICIOS / GRIFOS","AREQUIPA","AREQUIPA","LA JOYA","PANAMERICANA SUR KM. 967, PROGRESO KM 48","2026-08-08"
"7344","ESTACION PETRONILA","ESTACIÓN DE SERVICIOS / GRIFOS","AREQUIPA","AREQUIPA","JOSE LUIS BUSTAMANTE Y RIVERO","AV. LAMBRAMANI LOTE D-2B","2026-08-07"
"7345","EMOLU SAC","ESTACIÓN DE SERVICIOS / GRIFOS","AREQUIPA","AREQUIPA","CAYMA","AV. BOLOGNESI N° 200","2026-08-08"
"7346","DISTRIBUCIONES AREQUIPA S.A.C.","ESTACIÓN DE SERVICIOS / GRIFOS","AREQUIPA","AREQUIPA","AREQUIPA","AV. JORGE CHÁVEZ N° 801","2026-08-08"
"7347","T.R.M. S.A.C.","ESTACIÓN DE SERVICIO CON GASOCENTRO DE GLP","AREQUIPA","AREQUIPA","AREQUIPA","CALLE SAN AGUSTIN N° 400, ESQUINA CON AV. LA MARINA","2026-08-04"
"7349","COESTI SUR PERU","ESTACIÓN DE SERVICIOS / GRIFOS","AREQUIPA","AREQUIPA","AREQUIPA","AV. VENEZUELA N° 2515, ESQUINA CON CALLE JACINTO IBAÑEZ","2026-08-09"
"7350","COESTI S.A. ES YANAHUARA","ESTACIÓN DE SERVICIOS / GRIFOS","AREQUIPA","AREQUIPA","YANAHUARA","AV. EL EJERCITO N° 504","2026-08-08"
"7351","INVERSIONES MARINGA S.A.C.","ESTACIÓN DE SERVICIOS / GRIFOS","AREQUIPA","AREQUIPA","LA JOYA","PANAMERICANA SUR KM. 957 - EL CRUCE","2026-08-08"
"7352","ROSELLO OPERATIONS S.A.C.","ESTACIÓN DE SERVICIOS / GRIFOS","AREQUIPA","AREQUIPA","SACHACA","AV. ARANCOTA N° 100-104-106","2026-08-04"
"7353","COESTI ES UMACOLLO 2","ESTACIÓN DE SERVICIO CON GASOCENTRO DE GLP","AREQUIPA","AREQUIPA","AREQUIPA","CALLE RICARDO PALMA N° 502 - 504 UMACOLLO","2026-08-09"
"7356","SERVICENTRO CHACHANI E.I.R.L.","ESTACIÓN DE SERVICIOS / GRIFOS","AREQUIPA","AREQUIPA","CAYMA","AV. RAMÓN CASTILLA S/N.","2026-08-05"
"7357","GRUPO CONEXIS OUTSORCING S.A.C.","ESTACIÓN DE SERVICIOS / GRIFOS","AREQUIPA","AREQUIPA","AREQUIPA","AV. MARISCAL CASTILLA N° 170","2026-07-31"
"7362","GRIFOS ESSA PUCALLPA SAC","ESTACIÓN DE SERVICIOS / GRIFOS","UCAYALI","PADRE ABAD","PADRE ABAD","AV. FEDERICO BASADRE Nº 298-AGUAYTÍA","2026-08-07"
"7367","GRIFO MARIA DEL PILAR EIRL","ESTACIÓN DE SERVICIOS / GRIFOS","LAMBAYEQUE","CHICLAYO","REQUE","PANAMERICANA NORTE KM. 757","2026-08-07"
"7368","CRM GAS S.A.C.","ESTACIÓN DE SERVICIO CON GASOCENTRO DE GLP","LAMBAYEQUE","LAMBAYEQUE","MOTUPE","AV. EL MAESTRO NRO. 1061 URBANIZACION VILLARICA","2026-08-09"
"7373","SERVICIOS LA ESPERANZA","ESTACIÓN DE SERVICIOS / GRIFOS","LA LIBERTAD","PACASMAYO","GUADALUPE","AV. PACASMAYO S/N KM. 690 CARRETERA PANAMERICANA NORTE","2026-08-08"
"7375","SERVICIOS LA ESPERANZA","ESTACIÓN DE SERVICIOS / GRIFOS","LA LIBERTAD","PACASMAYO","SAN JOSE","CARRETERA PANAMERICANA NORTE KM. 678 CRUCE SAN JOSE","2026-08-08"
"7376","SHILCAYO NORTE S.A.C.","ESTACIÓN DE SERVICIO CON GASOCENTRO DE GLP","LAMBAYEQUE","CHICLAYO","CHICLAYO","AV. FRANCISCO BOLOGNESI NRO. 390","2026-08-07"
"7380","ESTACION DE ENERGIAS EL CENTENARIO S.A.C.","ESTACIÓN DE SERVICIOS / GRIFOS","AREQUIPA","AREQUIPA","JOSE LUIS BUSTAMANTE Y RIVERO","AV. PIZARRO N° 125","2026-08-08"
"7382","ESTACION DE SERVICIO EL MOLINO S.A.C.","ESTACIÓN DE SERVICIO CON GASOCENTRO DE GLP","AREQUIPA","AREQUIPA","SOCABAYA","CALLE GODOFREDO MANRIQUE NO. 100, CON SALAVERRY LARA","2026-08-07"
"7384","SERVICENTRO PTROMIL EIRL","ESTACIÓN DE SERVICIOS / GRIFOS","AREQUIPA","AREQUIPA","SACHACA","AV. TAHUAYCANI N° 103-A","2026-08-08"
"7386","SAN FRANCISCO S.R.L.","ESTACIÓN DE SERVICIOS / GRIFOS","AREQUIPA","AREQUIPA","PAUCARPATA","AV. JESUS N° 1618","2026-08-07"
"7387","DISTRIBUCIONES AREQUIPA S.A.C","ESTACIÓN DE SERVICIOS / GRIFOS","AREQUIPA","AREQUIPA","AREQUIPA","AV. INDEPENDENCIA Nº 552","2026-08-08"
"7389","GRIFO COPAR","ESTACIÓN DE SERVICIOS / GRIFOS","AREQUIPA","AREQUIPA","PAUCARPATA","AV. KENNEDY N° 801","2026-08-08"
"7391","COESTI S.A. YURA 2","ESTACIÓN DE SERVICIOS / GRIFOS","AREQUIPA","AREQUIPA","YURA","CARRETERA AREQUIPA - YURA - CUZCO KM. 25","2026-08-09"
"7401","COESTI S.A. SANTA MONICA","ESTACIÓN DE SERVICIOS / GRIFOS","AREQUIPA","AREQUIPA","CERRO COLORADO","CARRETERA A YURA KM. 11 - URB. HEROES DE BREÑA","2026-08-09"
"7416","COESTI S.A.","EE.SS con GNV","PIURA","PIURA","CASTILLA","AV. LUIS MONTERO S/N (ANTES AV. SAN PEDRO Nº 339) URB. MIRAFLORES I ETAPA","2026-08-09"
"7417","GRIFOS GES SAC","EE.SS con GLP y GNV","LIMA","LIMA","LA VICTORIA","AV. ISABEL LA CATOLICA N° 690","2026-08-09"
"7418","ARIAS CALLUPE MEDARDO NOLBERTO","ESTACIÓN DE SERVICIO CON GASOCENTRO DE GLP","HUANUCO","HUANUCO","HUANUCO","JR. HUALLAYCO N° 2200","2026-08-07"
"7420","RACING PLUS 38 EMPRESA INDIVIDUAL DE RESPONSABILIDAD LIMITADA","ESTACIÓN DE SERVICIO CON GASOCENTRO DE GLP","HUANUCO","HUANUCO","SANTA MARIA DEL VALLE","CARRETERA CENTRAL HUANUCO - TINGO MARIA KM. 10","2026-08-08"
"7429","INVERSIONES MALVELLIZ S.R.L.","ESTACIÓN DE SERVICIOS / GRIFOS","LIMA","CAÑETE","MALA","AV. PANAMERICANA SUR NO. 630","2026-08-08"
"7436","ASOCOCIACION DE PESCADORES ARTESANALES Y EXTRACTORES DE MARISCOS DE SAN ANDRES","ESTACIÓN DE SERVICIO CON GASOCENTRO DE GLP","ICA","PISCO","SAN ANDRES","AV. GENARO MEDRANO Nº 990","2026-08-07"
"7437","CORPORATION TOCJUN S.A.C.","ESTACIÓN DE SERVICIOS / GRIFOS","LIMA","BARRANCA","PARAMONGA","FRANCISCO VIDAL NRO. 1022","2026-08-06"
"7454","CORPORACION CEMOA S.A.C. ","ESTACIÓN DE SERVICIOS / GRIFOS","LIMA","LIMA","COMAS","AV. CARABAYLLO 1318 URB. LOS VIÑEDOS","2026-08-07"
"7457","PIURA GAS SAC","ESTACIÓN DE SERVICIO CON GASOCENTRO DE GLP","PIURA","PIURA","VEINTISEIS DE OCTUBRE","ASENTAMIENTO HUMANO NUEVA ESPERANZA-PRIMERA ETAPA- SECTOR A MZ C 3 LOTE 16 SECTOR 3","2026-08-07"
"7458","INVERSIONES REJU E.I.R.L.","ESTACIÓN DE SERVICIOS / GRIFOS","LIMA","HUARAL","HUARAL","KM. 8.185, PISTA HUARAL - VARIANTE PASAMAYO","2026-08-07"
"7461","MAVIE COMBUSTIBLES S.A.C.","ESTACIÓN DE SERVICIOS / GRIFOS","LIMA","LIMA","LA VICTORIA","AV. BAUZATE Y MEZA ESQ. PROLONGACION HUAMANGA S/N","2026-08-08"
"7466","SERVICENTRO PETROINCA S.A.C. ","ESTACIÓN DE SERVICIOS / GRIFOS","JUNIN","JAUJA","JAUJA","JR. JUNIN N° 190","2026-07-30"
"7467","ES CHILCA COESTI PRIMAX","EE.SS con GLP y GNV","LIMA","CAÑETE","CHILCA","AUTOPISTA PANAMERICANA SUR KM. 63.5","2026-08-09"
"7474","COESTI SA","ESTACIÓN DE SERVICIO CON GASOCENTRO DE GLP","LIMA","LIMA","PUNTA HERMOSA","ZONA MÁRTIR OLAYA MZ. 'D' LOTE 5 (ANTES: CARRETERA PANAMERICANA SUR KM. 43)","2026-08-09"
"7480","REYES JARA ENRIQUE","ESTACIÓN DE SERVICIOS / GRIFOS","CAJAMARCA","CONTUMAZA","YONAN","CARRETERA PACASMAYO - CAJAMARCA KM 47.7","2026-08-09"
"7486","CHECAPET SRL","ESTACIÓN DE SERVICIO CON GASOCENTRO DE GLP","LA LIBERTAD","TRUJILLO","TRUJILLO","AV. LARCO N° 193 URB. EL RECREO","2026-08-07"
"7494","GRANEL INDUSTRIAL S.A.C.","EE.SS con GLP y GNV","LA LIBERTAD","TRUJILLO","TRUJILLO","AV. PERU Nº 318 - 322","2026-08-08"
"7497","SERVICENTRO RAMIREZ SAC","ESTACIÓN DE SERVICIO CON GASOCENTRO DE GLP","LA LIBERTAD","TRUJILLO","TRUJILLO","AV. PROLONGACION MIRAFLORES N° 2325 URB. SANTA TERESA DE AVILA","2026-08-09"
"7499","GRIFO E INVERSIONES A & B E.I.R.L.","ESTACIÓN DE SERVICIOS / GRIFOS","LA LIBERTAD","TRUJILLO","TRUJILLO","AV. VICTOR ANDRES BELAUNDE N° 561 - 569 URB. SANTO DOMINGUITO","2026-08-04"
"7506","ESTACION DE SERVICIO PACIFICO S.R.L.","ESTACIÓN DE SERVICIO CON GASOCENTRO DE GLP","LA LIBERTAD","TRUJILLO","TRUJILLO","AV. NICOLAS DE PIEROLA Nº 1810 - 1850","2026-08-07"
"7512","COESTI S.A  EESS LA PERLA","ESTACIÓN DE SERVICIO CON GASOCENTRO DE GLP","LA LIBERTAD","TRUJILLO","TRUJILLO","AV. AMERICA SUR Nº 2677 - 2685 URB. LA PERLA","2026-08-08"
"7524","LUBRIGAS S.R.LTDA.","EE.SS con GLP y GNV","LIMA","LIMA","ATE","CARRETERA CENTRAL KM. 2.5. LOTE 6-A1","2026-08-07"
"7525","PETROGAS","ESTACIÓN DE SERVICIO CON GASOCENTRO DE GLP","JUNIN","HUANCAYO","HUANCAYO","AV. MARTIRES DEL PERIODISMO NRO 805","2026-08-08"
"7528","ESTACIÓN DE SERVICIOS GAMBETTA","ESTACIÓN DE SERVICIOS / GRIFOS","PROV. CONST. DEL CALLAO","PROV. CONST. DEL CALLAO","CALLAO","AV. NESTOR GAMBETA N° 1295","2026-08-09"
"7532","COMBUSAT S.A.C.","ESTACIÓN DE SERVICIOS / GRIFOS","ICA","NAZCA","NAZCA","AV. GUARDIA CIVIL S/N","2026-08-08"
"7533","FELIX CESAR CALDERON NUÑEZ","ESTACIÓN DE SERVICIO CON GASOCENTRO DE GLP","AREQUIPA","AREQUIPA","JACOBO HUNTER","AV. LAS AMERICAS N° 101","2026-08-08"
"7545","GRIFO MICHELL EIRL","ESTACIÓN DE SERVICIOS / GRIFOS","LAMBAYEQUE","LAMBAYEQUE","MOCHUMI","AV. SAN MARTIN N° 228","2026-08-08"
"7558","REPRESENTACIONES E IMPORTACIONES MIJ S.R.L.","EE.SS con GLP y GNV","LIMA","LIMA","LURIGANCHO","AV. RAMIRO PRIALE N° 5747 Y 5749, ASOCIACION DE PROPIETARIOS DIGNIDAD NACIONAL","2026-08-08"
"7568","RELUSA SERVICIOS GENERALES E.I.R.L.","ESTACIÓN DE SERVICIOS / GRIFOS","TUMBES","CONTRALMIRANTE VILLAR","ZORRITOS","AV. REPUBLICA DEL PERU Nº 230","2026-08-08"
"7569","GRIFO CONTROL SAC","ESTACIÓN DE SERVICIOS / GRIFOS","LIMA","LIMA","SAN MARTIN DE PORRES","AV. ZARUMILLA N° 810. URB. ZARUMILLA","2026-08-08"
"7571","ESTACION DE SERVICIOS BENETON S.A.","ESTACIÓN DE SERVICIO CON GASOCENTRO DE GLP","AREQUIPA","AREQUIPA","JOSE LUIS BUSTAMANTE Y RIVERO","URB. LAS BEGONIAS MZ E LOTE N° 14 CON FRENTE A LA AV. ANDRES AVELINO CACERES","2026-08-08"
"7575","GRIFO DUJI E.I.R.L.","ESTACIÓN DE SERVICIOS / GRIFOS","PUNO","PUNO","PUNO","AV. PANAMERICANA KM.5","2026-08-07"
"7577","ESTACION DE SERVICIO EXACT PERU","ESTACIÓN DE SERVICIOS / GRIFOS","AREQUIPA","AREQUIPA","YURA","CARRETERA AREQUIPA YURA KM. 15.5","2026-08-09"
"7578","SUPER CUSCO SRL","ESTACIÓN DE SERVICIOS / GRIFOS","CUSCO","CUSCO","SAN JERONIMO","URB. LARAPA LOTE A-1","2026-08-08"
"7593","CORPORACION GRIFERA SRLTDA","ESTACIÓN DE SERVICIOS / GRIFOS","AREQUIPA","AREQUIPA","CERRO COLORADO","CARRETERA AREQUIPA-YURA KM. 10, CENTRO INDUSTRIAL LAS CANTERAS","2026-08-07"
"7596","GRIFO SAN MARTIN S.A.C.","ESTACIÓN DE SERVICIOS / GRIFOS","CUSCO","CUSCO","WANCHAQ","AV. DE LA CULTURA N° 1620","2026-08-08"
"7598","PETROCENTRO URUBAMBA SAC","ESTACIÓN DE SERVICIOS / GRIFOS","CUSCO","ANTA","PUCYURA","URB. EL BOSQUE MZ. F LT. 1","2026-08-08"
"7602","INVERSIONES CHINCHERO INTERNACIONAL SOCIEDAD ANONIMA CERRADA - INVERSIONES CHINCHERO INTERNACIONAL","ESTACIÓN DE SERVICIOS / GRIFOS","CUSCO","LA CONVENCION","SANTA ANA","ESQUINA AV. RICARDO PALMA - JR. QUILLABAMBA Nº 528","2026-08-01"
"7616","GRIFOS GUEVARA S.R.L.","ESTACIÓN DE SERVICIO CON GASOCENTRO DE GLP","CAJAMARCA","JAEN","JAEN","AV. MESONES MURO Nº 700","2026-08-07"
"7631","PETROSERVICIOS CARAZ SAC","ESTACIÓN DE SERVICIOS / GRIFOS","ANCASH","HUAYLAS","CARAZ","JR. LUZURIAGA N° 340","2026-08-09"
"7632","AERO GAS DEL NORTE SOCIEDAD ANONIMA  CERRADA","ESTACIÓN DE SERVICIO CON GASOCENTRO DE GLP","ANCASH","CASMA","CASMA","AV LUIS ORMEÑO N° 591","2026-08-07"
"7635","TAMARIZ GRAZA KARINA YULISA","ESTACIÓN DE SERVICIOS / GRIFOS","ANCASH","CARHUAZ","ACOPAMPA","CARRETERA PATIVILCA - CARAZ KM. 230","2026-08-08"
"7643","LUBEMEBU S.A.C.","ESTACIÓN DE SERVICIO CON GASOCENTRO DE GLP","AREQUIPA","AREQUIPA","JOSE LUIS BUSTAMANTE Y RIVERO","AV. ALCIDES CARRION N° 853 - LA PAMPILLA","2026-08-09"
"7647","ESTACION CORZO S.A.C.","ESTACIÓN DE SERVICIOS / GRIFOS","AREQUIPA","AREQUIPA","SOCABAYA","CALLE LA OROYA Nº 100, URB. SAN MARTIN DE SOCABAYA MZ. E, LT. 02","2026-08-08"
"7661","LOZANO JIMENEZ MARIA ANTONIETA","ESTACIÓN DE SERVICIO CON GASOCENTRO DE GLP","LAMBAYEQUE","CHICLAYO","CHICLAYO","AV. JUAN TOMIS STACK N° 1045","2026-08-08"
"7667","ESTACION DE SERVICIOS BASASI","ESTACIÓN DE SERVICIOS / GRIFOS","CAJAMARCA","CELENDIN","CELENDIN","JR. AMAZONAS Nº 102","2026-08-04"
"7675","GRIFOS MORI S.A.C.","ESTACIÓN DE SERVICIOS / GRIFOS","LAMBAYEQUE","LAMBAYEQUE","LAMBAYEQUE","CARRETERA PANAMERICANA NORTE KM. 783 - MOCCE (A LA ALTURA DEL OVALO BAYOVAR)","2026-08-08"
"7681","V Y P LA FLORIDA S.C.R.L","ESTACIÓN DE SERVICIOS / GRIFOS","PASCO","PASCO","TINYAHUARCO","AV. RAMON CASTILLA S/N CARRETERA CENTRAL KM. 285 VILLA DE PASCO","2026-08-08"
"7682","PROGRASOL E.I.R.L.","ESTACIÓN DE SERVICIO CON GASOCENTRO DE GLP","JUNIN","HUANCAYO","SAN AGUSTIN","CARRETERA CENTRAL KM. 8.8 - MARGEN IZQUIERDA","2026-08-07"
"7685","ANTONIETA SATURNINA WAGNER SALMON","ESTACIÓN DE SERVICIOS / GRIFOS","PUNO","SAN ROMAN","JULIACA","AV. LOS HEROES DE LA GUERRA DEL PACIFICO KM. 2 CARRETERA JULIACA-AREQUIPA","2026-08-07"
"7686","WAGNER SALMON ANTONIETA SATURNINA","ESTACIÓN DE SERVICIOS / GRIFOS","PUNO","SAN ROMAN","JULIACA","AV. JOSE OLAYA N° 260","2026-08-07"
"7688","ESTACION DE SERVICIOS BALDEON S.C.R.L","ESTACIÓN DE SERVICIOS / GRIFOS","PASCO","PASCO","YANACANCHA","AV. LOS PROCERES N° 809 - 918 SECTOR SAN JUAN","2026-08-03"
"7690","GRIFO PANAMERICANO S.R.L","ESTACIÓN DE SERVICIO CON GASOCENTRO DE GLP","LA LIBERTAD","CHEPEN","CHEPEN","AV. PIURA N° 101","2026-08-08"
"7701","XACT SUPE","ESTACIÓN DE SERVICIOS / GRIFOS","LIMA","BARRANCA","SUPE","PANAMERICANA NORTE KM. 185","2026-07-27"
"7702","ESTACION DE SERVICIOS HUAURA S.A.C.","ESTACIÓN DE SERVICIO CON GASOCENTRO DE GLP","LIMA","HUAURA","HUALMAY","CARRETERA PANAMERICANA NORTE KM. 145, ESQUINA CON AV. PERALVILLO N° 2649","2026-08-08"
"7706","COESTI S.A.","EE.SS con GLP y GNV","LIMA","HUAURA","HUACHO","CALLE DOMINGO COLOMA N° 152","2026-08-09"
"7708","INVERSIONES Y GRIFOS CAMARENA S.A.","ESTACIÓN DE SERVICIOS / GRIFOS","LIMA","LIMA","VILLA EL SALVADOR","AV. PASTOR SEVILLA, SECTOR 1 GRUPO 22-A MANZANA M LOTES 16, 17, 18 Y 19","2026-08-07"
"7709","VILMA ROSA MELENDEZ PELAEZ","ESTACIÓN DE SERVICIO CON GASOCENTRO DE GLP","LIMA","LIMA","EL AGUSTINO","JR. SAN CARLOS N° 1881 INTERSECCION CON AV. ANCASH","2026-08-08"
"7722","GRUPO JUSAT S.A.C.","ESTACIÓN DE SERVICIOS / GRIFOS","JUNIN","JUNIN","CARHUAMAYO","AV. UNION N° 1341","2026-08-04"
"7723","SERVICENTRO OROYA SOCIEDAD ANONIMA CERRADA","ESTACIÓN DE SERVICIO CON GASOCENTRO DE GLP","JUNIN","YAULI","LA OROYA","CARRETERA CENTRAL KM. 0.5 LA OROYA - HUANCAYO","2026-08-09"
"7750","FLORES S.C.R.L.","ESTACIÓN DE SERVICIOS / GRIFOS","PASCO","PASCO","CHAUPIMARCA","JR. ALFONSO RIVERA N° 246","2026-08-01"
"7758","COESTI S.A","EE.SS con GLP y GNV","LIMA","LIMA","SAN JUAN DE LURIGANCHO","AV. PROCERES DE LA INDEPENDENCIA N° 2773-2785-2799 ESQUINA CON AV. EL SOL N° 388 - URB. SAN CARLOS","2026-08-08"
"7768","COMERCIALIZADORA E IMPORTADORA JOSE OLAYA S.A.","ESTACIÓN DE SERVICIOS / GRIFOS","LIMA","LIMA","SANTA ANITA","AV. LOS CHANCAS 502 - 504, COOPERATIVA ANDAHUAYLAS","2026-08-07"
"7770","EDS OVALO LA PERLA","EE.SS con GLP y GNV","PROV. CONST. DEL CALLAO","PROV. CONST. DEL CALLAO","LA PERLA","AV. LA MARINA N° 115 ESQ. CON AV. SANTA ROSA N° 135","2026-08-09"
"7774","SERVICENTRO AMAZONAS","ESTACIÓN DE SERVICIOS / GRIFOS","JUNIN","HUANCAYO","EL TAMBO","AV. HUANCAVELICA N° 1655, ESQ. CON AV. JOSE CARLOS MARIATEGUI","2026-08-08"
"7776","ANDIA QUISPE DAYNE GRACIELA","ESTACIÓN DE SERVICIOS / GRIFOS","PUNO","PUNO","PUNO","KM 4.8 DE CARRETERA PANAMERICANA SUR (PUNO-JULIACA)","2026-08-08"
"7777","GRIFO FENIX E.I.R.L.","ESTACIÓN DE SERVICIOS / GRIFOS","PUNO","EL COLLAO","ILAVE","AV. PANAMERICANA Nº 1465","2026-07-29"
"7800","REPSOL COMERCIAL S.A.C.","ESTACIÓN DE SERVICIOS / GRIFOS","LIMA","LIMA","CHORRILLOS","PROLONGACIÓN AV. DEFENSORES DEL MORRO (EX HUAYLAS) N° 324-326, ESQUINA AV. JOSÉ ANTONIO LAVALLE N° 105, URB. SAN JUAN BAUTISTA DE VILLA","2026-08-09"
"7806","TRIMAXSUR S.A.","EE.SS con GLP y GNV","LIMA","LIMA","LURIN","CARRETERA ANTIGUA PANAMERICANA SUR KM. 32, CALLE LOS ROSALES, MZ. U LOTE N° 01, A.H. HUERTOS DE LURÍN","2026-08-08"
"7812","REPSOL COMERCIAL S.A.C. ","ESTACIÓN DE SERVICIOS / GRIFOS","LIMA","CAÑETE","MALA","AUTOPISTA CARRETERA PANAMERICANA SUR KM. 88","2026-08-09"
"7819","PETRO REAL GAS E.I.R.L.","ESTACIÓN DE SERVICIO CON GASOCENTRO DE GLP","LIMA","HUAROCHIRI","SANTA EULALIA","AV. SIMON BOLIVAR Nº 1080 - 1170","2026-08-07"
"7823","COMUNIDAD CAMPESINA DE CATAC","ESTACIÓN DE SERVICIOS / GRIFOS","ANCASH","RECUAY","CATAC","CARRETERA PATIVILCA - HUARAZ KM 164 VILLA TURISTICA CATAC - SECTOR LLACSHAHUANCA","2026-08-09"
"7824","SERVICENTRO HUARAZ S.R.L. - SERVI S.R.L.","ESTACIÓN DE SERVICIOS / GRIFOS","ANCASH","HUARAZ","HUARAZ","AV. AGUSTIN GAMARRA Nº 332","2026-08-04"
"7826","INVERSIONES Y SERVICIOS SAN SEBASTIAN S.A.C.","ESTACIÓN DE SERVICIOS / GRIFOS","ANCASH","CASMA","COMANDANTE NOEL","PANAMERICANA NORTE KM. 383","2026-08-07"
"7830","CONSUR PERU E.I.R.L","ESTACIÓN DE SERVICIOS / GRIFOS","ANCASH","RECUAY","CATAC","AV. 31 DE MAYO N° 165","2026-08-08"
"7832","CORPORACION ENRIQUE & JANIS E.I.R.L.","ESTACIÓN DE SERVICIO CON GASOCENTRO DE GLP","ANCASH","SANTA","NUEVO CHIMBOTE","AV. VICTOR RAUL HAYA DE LA TORRE, ZONA INDUSTRIAL 1º DE MAYO MZ D' LOTES 8, 9, 10 Y 11","2026-08-09"
"7834","RENTA & VENTA FACIL E.I.R.L.","ESTACIÓN DE SERVICIO CON GASOCENTRO DE GLP","ANCASH","HUARAZ","HUARAZ","AV. RAYMONDI N° 540","2026-08-08"
"7840","ESTACION DE SERVICIOS SEÑOR DE LA SOLEDAD S.R.L.","ESTACIÓN DE SERVICIO CON GASOCENTRO DE GLP","ANCASH","SANTA","CHIMBOTE","CARRETERA CAMBIO PUENTE (PROLONGACIÓN AVENIDA BUENOS AIRES) PARCELA N° 11013-A, PREDIO RUSTICO LA RINCONADA","2026-08-05"
"7843","PETRO CENTRO LOS ANGELES SOCIEDAD POR ACCIONES CERRADA SIMPLIFICADA","ESTACIÓN DE SERVICIOS / GRIFOS","PUNO","SAN ROMAN","JULIACA","INTERSECCION JR. MANUEL NUÑEZ, CABANA Y JOSE DOMINGO CHOQUEHUANCA","2026-08-07"
"7846","GRIFO PETRO SUR E.I.R.L","ESTACIÓN DE SERVICIOS / GRIFOS","PUNO","SAN ROMAN","JULIACA","KM. 4 CARRETERA JULIACA-HUANCANE","2026-08-08"
"7857","REPSOL COMERCIAL SAC","ESTACIÓN DE SERVICIOS / GRIFOS","MOQUEGUA","MARISCAL NIETO","MOQUEGUA","CRUCE AV. ANDRES A. CACERES CON CARRETERA MOQUEGUA-TOQUEPALA","2026-08-09"
"7868","REPSOL COMERCIAL S.A.C.","EE.SS con GLP y GNV","LIMA","LIMA","SAN JUAN DE LURIGANCHO","AV. PROCERES DE LA INDEPENDENCIA Nº 1487 URB. LOS JARDINES DE SAN JUAN","2026-08-07"
"7870","SERVICENTRO SAN JOSE E.I.R.LTDA.","ESTACIÓN DE SERVICIOS / GRIFOS","APURIMAC","ABANCAY","ABANCAY","AV. ELIAS N° 101","2026-08-07"
"7895","LUCY BEATRIZ MEDINA BUSTINZA DE CAMACHO","ESTACIÓN DE SERVICIOS / GRIFOS","PUNO","SAN ROMAN","JULIACA","JR. ENRIQUE P. CACERES N° 332","2026-08-05"
"7897","PETRO EXPLORIUM S.A.C.","ESTACIÓN DE SERVICIO CON GASOCENTRO DE GLP","LIMA","LIMA","PUENTE PIEDRA","KM. 25 DE LA CARRETERA PANAMERICANA NORTE","2026-08-08"
"7907","GRIFO CESAR SRL","ESTACIÓN DE SERVICIOS / GRIFOS","LORETO","MAYNAS","PUNCHANA","AV. AUGUSTO FREYRE N°1625, ESQUINA CON CALLE TRUJILLO","2026-08-08"
"7908","GRIFOS TUCANO S.R.L.","ESTACIÓN DE SERVICIOS / GRIFOS","AREQUIPA","AREQUIPA","SOCABAYA","AV. PROLONGACIÓN UNIÓN Nº 105 PP.JJ. 4 DE OCTUBRE","2026-08-07"
"7921","ESTACION DE ENERGIAS EL CENTENARIO S.A.C","ESTACIÓN DE SERVICIO CON GASOCENTRO DE GLP","TACNA","TACNA","TACNA","AV. INDUSTRIAL N° 260 Y CALLE BRASIL N° 1315","2026-08-09"
"7938","PETROLERA DE TACNA EIRL","ESTACIÓN DE SERVICIOS / GRIFOS","TACNA","TACNA","ALTO DE LA ALIANZA","CARRETERA PANAMERICANA SUR KM. 1295 - 1296 N° S/N","2026-08-08"
"7944","GAS DAYTONA SRL","ESTACIÓN DE SERVICIO CON GASOCENTRO DE GLP","ANCASH","SANTA","NUEVO CHIMBOTE","AV. VICTOR RAUL HAYA DE LA TORRE MZ C LOTES 5 Y 6 PP.JJ. 1RO DE MAYO","2026-08-09"
"7945","GRIFOS SANTA MARIA","ESTACIÓN DE SERVICIO CON GASOCENTRO DE GLP","LIMA","HUARAL","HUARAL","CARRETERA LIMA - HUARAL S/N JESUS DEL VALLE KM 2","2026-08-08"
"7948","COESTI S.A. -  ES UMACOLLO","ESTACIÓN DE SERVICIO CON GASOCENTRO DE GLP","AREQUIPA","AREQUIPA","YANAHUARA","AV. JOSE A. QUIÑONES ESQ. CALLE S/N MZ. 1 LTS. 1,2,3, Y 4 URB VALENCIA, Y LT B-12. URB MAGISTERIAL","2026-08-09"
"7954","REPSOL COMERCIAL SAC","ESTACIÓN DE SERVICIOS / GRIFOS","LAMBAYEQUE","CHICLAYO","CHICLAYO","AV. PEDRO RUIZ NRO. 605 INTERSECCIÓN CON AV. LUIS GONZALES","2026-08-04"
"7955","COESTI LA MARINA","EE.SS con GLP y GNV","LIMA","LIMA","SAN MIGUEL","AV. LA MARINA N° 2185, ESQUINA AV. RIVA AGÜERO","2026-08-08"
"7960","INVERSIONES JESSKARSA E.I.R.L.","ESTACIÓN DE SERVICIO CON GASOCENTRO DE GLP","JUNIN","CHUPACA","CHUPACA","JR. MARIA MIRANDA Nº 250","2026-08-07"
"7970","PETRO BRISAS E.I.R.L.","ESTACIÓN DE SERVICIO CON GASOCENTRO DE GLP","LAMBAYEQUE","CHICLAYO","CHICLAYO","ESQUINA AVENIDA NACIONALISMO N° 540 Y AVENIDA EL CARMEN URB.LAS BRISAS","2026-08-08"
"7983","GRIFO SOLUCION EIRL","ESTACIÓN DE SERVICIOS / GRIFOS","PUNO","MELGAR","AYAVIRI","AV. BALSASPATA / LOS INCAS S/N PUEBLO LIBRE - CARRETERA AYAVIRI - PUNO","2026-08-08"
"7989","AQUILES DAVID POMA QUENTA","ESTACIÓN DE SERVICIOS / GRIFOS","PUNO","YUNGUYO","YUNGUYO","AV. TUPAC AMARU N° 751","2026-08-08"
"7991","RONNY GRIFOS","ESTACIÓN DE SERVICIOS / GRIFOS","PUNO","MELGAR","AYAVIRI","AV. MANCO CAPAC Nº 542","2026-08-04"
"7995","COMBUSPETROL E.I.R.L.","ESTACIÓN DE SERVICIO CON GASOCENTRO DE GLP","JUNIN","HUANCAYO","HUANCAYO","AV. MARTIRES DEL PERIODISMO N° 300-308, SAN CARLOS","2026-08-08"
"8003","REPSOL COMERCIAL S.A.C.","ESTACIÓN DE SERVICIOS / GRIFOS","PROV. CONST. DEL CALLAO","PROV. CONST. DEL CALLAO","CALLAO","AV. REPUBLICA DE ARGENTINA Nº 2920","2026-08-09"
"8010","SUCESION INDIVISA REGINO DOMINGO TUMBA VALDEZ","ESTACIÓN DE SERVICIOS / GRIFOS","MOQUEGUA","MARISCAL NIETO","MOQUEGUA","PANAMERICANA SUR KM. 1150, FUNDO LOS CHAMOS","2026-07-29"
"8016","GRIFO SAN SALVADOR E.I.R.L.","ESTACIÓN DE SERVICIOS / GRIFOS","PUNO","CHUCUITO","DESAGUADERO","KM. 145 CARRETERA PANAMERICANA SUR PUNO-DESAGUADERO","2026-08-01"
"8018","ROBHI GRIFOS S.R.L","ESTACIÓN DE SERVICIOS / GRIFOS","PUNO","SAN ROMAN","JULIACA","KM. 6 CARRETERA JULIACA -PUNO","2026-08-06"
"8019","UNIVERSIDAD NACIONAL DEL ALTIPLANO ","ESTACIÓN DE SERVICIOS / GRIFOS","PUNO","PUNO","PUNO","AV. FLORAL Nº 1335","2026-08-05"
"8024","ESTACION DE SERVICIOS LA PARADA","ESTACIÓN DE SERVICIOS / GRIFOS","PUNO","SAN ROMAN","JULIACA","CARRETERA SALIDA AREQUIPA KM. 2.5","2026-08-08"
"8029","QUISPE MEJIA MARY NELIDA","ESTACIÓN DE SERVICIOS / GRIFOS","PUNO","YUNGUYO","YUNGUYO","AV. EJERCITO N° 1190","2026-08-05"
"8030","SERVICENTRO JOMAFRI S.R.L.","ESTACIÓN DE SERVICIOS / GRIFOS","PUNO","PUNO","PUNO","AV. EJERCITO Nº 462 BARRIO SANTA ROSA (468)","2026-08-07"
"8032","PETRO LUMARA SAC","ESTABLECIMIENTO DE VENTA AL PUBLICO DE GNV","LIMA","LIMA","SAN JUAN DE LURIGANCHO","JR. CHINCHAYSUYO Nº 710","2026-07-17"
"8033","SUR EXPORT E.I.R.L.","EE.SS con GNV","LIMA","LIMA","SANTIAGO DE SURCO","JR. CERRO AZUL N° 227-233-237, URB. SAN IGNACIO DE MONTERRICO","2026-08-08"
"8035","COESTI S.A. ES SAN BORJA","EE.SS con GLP y GNV","LIMA","LIMA","SAN BORJA","AV. AGUSTIN DE LA ROSA TORO N° 1312-1330-1334-1342-1346-1354-1358 ESQUINA CON AV. JAVIER PRADO ESTE N° 3095 URB. JACARANDA II - SECTOR CINCO","2026-08-08"
"8038","ESTACION DE SERVICIOS DANIELA S.A.","ESTACIÓN DE SERVICIO CON GASOCENTRO DE GLP","ICA","ICA","SUBTANJALLA","CARRETERA PANAMERICANA SUR KM. 299.5 PARCELA 237-238","2026-08-08"
"8039","ESTACION GASOLINERA SRL","ESTABLECIMIENTO DE VENTA AL PUBLICO DE GNV","LIMA","LIMA","SAN JUAN DE LURIGANCHO","AV. PROCERES DE LA INDP.Y LOS POSTES MZ.Z LTS.3-4","2026-08-09"
"8044","GRIFO CURO","ESTACIÓN DE SERVICIO CON GASOCENTRO DE GLP","PIURA","SECHURA","SECHURA","KM. 01 CARRETERA SECHURA - BAYOVAR","2026-08-07"
"8054","G3A GRIFOS S.A.C.","EE.SS con GLP y GNV","LIMA","LIMA","LOS OLIVOS","AVENIDA UNIVERSITARIA NORTE MZA. C LTE. 1 URB. RESIDENCIAL COMERCIAL LOS OLIVOS","2026-08-08"
"8056","GRIFO SAN ANTONIO E.I.R.L.","ESTACIÓN DE SERVICIO CON GASOCENTRO DE GLP","LAMBAYEQUE","CHICLAYO","CHICLAYO","CARRETERA CHICLAYO - LAMBAYEQUE KM 03- P.J. LUIS ALBERTO SANCHEZ","2026-08-08"
"8059","ESTACION DE SERVICIOS SANTO TOMAS DE LIMA S.A.C.","ESTACIÓN DE SERVICIO CON GASOCENTRO DE GLP","PIURA","SULLANA","SULLANA","AV. PANAMERICANA NORTE KM. 1018","2026-08-08"
"8063","COESTI S.A","EE.SS con GLP y GNV","LIMA","LIMA","SANTIAGO DE SURCO","AV. JAVIER PRADO ESTE S/N CUADRA 44, URB. FUNDO MONTERRICO CHICO","2026-08-08"
"8065","COESTI S.A.","ESTACIÓN DE SERVICIO CON GASOCENTRO DE GLP","LIMA","LIMA","VILLA EL SALVADOR","AV. MATEO PUMACAHUA S/N. MZ. D, LOTE 1","2026-08-08"
"8068","GRIFOS VALEX","ESTACIÓN DE SERVICIOS / GRIFOS","ANCASH","HUARAZ","HUARAZ","AV. CONFRATERNIDAD INTERNACIONAL OESTE N° 301","2026-07-31"
"8069","AERO GAS DEL NORTE SOCIEDAD ANONIMA  CERRADA","EE.SS con GNV","LIMA","LIMA","SANTA ANITA","AV. SANTA ROSA N° 274","2026-08-08"
"8077","GRIFO PUERTO MALAGA","ESTACIÓN DE SERVICIOS / GRIFOS","CUSCO","LA CONVENCION","SANTA ANA","URPIPATA BAJA S/N KM. 1","2026-08-05"
"8082","ESTACION LOS JARDINES EIRL","EE.SS con GLP y GNV","LIMA","LIMA","SAN JUAN DE LURIGANCHO","AV. PROCERES DE LA INDEPENDENCIA Nº 1015 (MZ. G, LOTE 11 AL 19)","2026-08-08"
"8092","BUSINESS PLUS E.I.R.L.","ESTACIÓN DE SERVICIOS / GRIFOS","PIURA","SULLANA","SULLANA","KM. 5 CARRETERA SULLANA - TAMBOGRANDE","2026-08-05"
"8095","COESTI S.A ES EL ANGELITO","ESTACIÓN DE SERVICIO CON GASOCENTRO DE GLP","AREQUIPA","AREQUIPA","PAUCARPATA","AV. JESUS N° 1400","2026-08-08"
"8098","ENERGYGAS S.R.L.","ESTACIÓN DE SERVICIOS / GRIFOS","AREQUIPA","AREQUIPA","JOSE LUIS BUSTAMANTE Y RIVERO","AV. DOLORES N° 157","2026-08-07"
"8101","REPSOL COMERCIAL S.A.C.","ESTACIÓN DE SERVICIOS / GRIFOS","LIMA","LIMA","LA VICTORIA","AV. JAVIER PRADO ESTE Nº 1099 INTER. CON LA AV. NICOLAS ARRIOLA","2026-08-09"
"8103","GASOCENTRO Y GRIFO SAN MIGUEL E.I.R.L.","ESTACIÓN DE SERVICIO CON GASOCENTRO DE GLP","HUANUCO","HUANUCO","PILLCO MARCA","AV. UNIVERSITARIA N° 3003  CAYHUAYNA BAJA","2026-08-07"
"8111","GRUPO E E S.A.C.","ESTACIÓN DE SERVICIOS / GRIFOS","PASCO","PASCO","PAUCARTAMBO","AV. CERRO DE PASCO Nº 253 PAUCARTAMBO","2026-08-07"
"8113","GRIFO PANCHITO E.I.R.L.","ESTACIÓN DE SERVICIOS / GRIFOS","LORETO","MAYNAS","IQUITOS","AV. ALFONSO UGARTE Nº 983 ESQ. CON JR. RUFINO ECHENIQUE","2026-08-08"
"8115","SERVICENTRO PLAZA S.A.C.","ESTACIÓN DE SERVICIOS / GRIFOS","ICA","PISCO","HUMAY","CARRETERA LOS LIBERTADORES KM. 24.5","2026-08-08"
"8125","PCS SERVICIOS Y REPRESENTACIONES DIVERSAS SAC","ESTACIÓN DE SERVICIOS / GRIFOS","LIMA","HUAURA","HUACHO","CALLE LEONCIO PRADO N° 125","2026-08-07"
"8132","INVERSIONES Y COMERCIALIZACION MAKA S.A.C.","ESTACIÓN DE SERVICIOS / GRIFOS","LIMA","LIMA","LA MOLINA","AV. JAVIER PRADO ESTE N° 4885, URB. CAMACHO","2026-08-07"
"8136","SANTISTEBAN BROTHERS S.A.C.","ESTACIÓN DE SERVICIOS / GRIFOS","LA LIBERTAD","ASCOPE","RAZURI","AV. LEONCIO PRADO Nº 1204 MZ. F LOTE 01 CENTRO POBLADO MALABRIGO","2026-08-08"
"8149","ASFALTO Y DIESEL DEL PERU S.A.C","ESTACIÓN DE SERVICIOS / GRIFOS","LA LIBERTAD","TRUJILLO","TRUJILLO","AVENIDA AMERICA NORTE N° 699","2026-08-07"
"8153","GO PARDO S.A.C.","ESTACIÓN DE SERVICIOS / GRIFOS","LIMA","LIMA","LINCE","AV. JUAN PARDO DE ZELA N° 845 - 849","2026-08-09"
"8154","GRUPO VENEZUELA SAC","ESTACIÓN DE SERVICIO CON GASOCENTRO DE GLP","LIMA","LIMA","SAN MARTIN DE PORRES","AV. CARLOS IZAGUIRRE ESQUINA CON AV. SANTA ROSA MZ. A LOTE 19, URB. LA FLORIDA","2026-08-09"
"8157","GLOBAL FUEL S.A.","ESTACIÓN DE SERVICIO CON GASOCENTRO DE GLP","LIMA","LIMA","SANTA ANITA","AV. SANTIAGO DE CHUCO N° 501 ESQUINA CON AV. APURIMAC  COOPERATIVA UNIVERSAL","2026-08-07"
"8158","SHILCAYO GRIFO LORETO SRL","ESTACIÓN DE SERVICIOS / GRIFOS","LORETO","ALTO AMAZONAS","YURIMAGUAS","CALLE GARCILAZO N° 200 ESQUINA CON CALLE COMERCIO","2026-08-08"
"8165","ESTACION DE SERVICIOS ALTO MISTI EMPRESA INDIVIDUAL DE RESPONSABILIDAD LIMITADA","ESTACIÓN DE SERVICIOS / GRIFOS","AREQUIPA","AREQUIPA","MIRAFLORES","AV. TARAPACÁ Nº 1801","2026-08-05"
"8166","GRUPO FANNY S.C.R.L","ESTACIÓN DE SERVICIOS / GRIFOS","AREQUIPA","AREQUIPA","ALTO SELVA ALEGRE","CALLE MADRE DE DIOS N° 520","2026-08-09"
"8175","COESTI SA  EESS ULTRACOM HUANCHAQUITO","ESTACIÓN DE SERVICIO CON GASOCENTRO DE GLP","LA LIBERTAD","TRUJILLO","HUANCHACO","AUTOPISTA HUANCHACO KM. 2 SECTOR HUANCHAQUITO","2026-08-08"
"8176","ESTACION DE SERVICIOS EL PINO E.I.R.L.","EE.SS con GLP y GNV","LIMA","LIMA","SAN LUIS","JR. MANUEL ECHEANDIA N° 586 ESQ. CON AV. CIRCUNVALACIÓN MZ. A, LOTES 6,7 Y 8, URB. LOTIZACIÓN INDUSTRIAL EL PINO","2026-08-09"
"8179","COESTI S.A.  ES SAO PAULO","ESTACIÓN DE SERVICIOS / GRIFOS","AREQUIPA","AREQUIPA","AREQUIPA","AV. SALAVERRY N° 608-610 - URB. VALLECITO","2026-08-09"
"8182","BUENDIA PALACIN RENEE","ESTACIÓN DE SERVICIOS / GRIFOS","JUNIN","HUANCAYO","EL TAMBO","JR. NEMESIO RAEZ N° 1504","2026-08-08"
"8185","ESTACION DE SERVICIOS SAN JOSE ESPINAR CUSCO SRL","ESTACIÓN DE SERVICIOS / GRIFOS","CUSCO","ESPINAR","ESPINAR","AV. TINTAYA Nº 600","2026-08-08"
"8190","GEMINIS GAS STATION SERVICE E.I.R.L.","ESTACIÓN DE SERVICIOS / GRIFOS","AREQUIPA","CAYLLOMA","MAJES","LOTE 12, MZ. S C.P.S.B. EL PEDREGAL","2026-08-05"
"8191","GLOBAL FUEL S.A.","ESTACIÓN DE SERVICIO CON GASOCENTRO DE GLP","AREQUIPA","AREQUIPA","MARIANO MELGAR","AV. LIBERTADOR SIMÓN BOLÍVAR N° 1420","2026-08-08"
"8196","REPSOL COMERCIAL S.A.C. ","ESTACIÓN DE SERVICIO CON GASOCENTRO DE GLP","LIMA","LIMA","PUENTE PIEDRA","AV. PUENTE PIEDRA N° 1365","2026-08-09"
"8199","COESTI S.A ES SOCABAYA","ESTACIÓN DE SERVICIOS / GRIFOS","AREQUIPA","AREQUIPA","SOCABAYA","AV. SOCABAYA N° 794","2026-08-09"
"82091","AGUSTIN PUMA LIMA ","ESTACIÓN DE SERVICIOS / GRIFOS","CUSCO","LA CONVENCION","QUELLOUNO","AV. MANUEL FOLLANO S/N","2026-08-07"
"82100","DINOGAS ESTACIONES Y SERVICIOS S.A.C.","ESTACIÓN DE SERVICIO CON GASOCENTRO DE GLP","ANCASH","SANTA","CHIMBOTE","AV. VICTOR RAUL HAYA DE LA TORRE N° 3780 AA. HH. MIRAFLORES ALTO","2026-08-08"
"8213","COMBUSTIBLES Y LUBRICAMTES CESAR SRL","ESTACIÓN DE SERVICIOS / GRIFOS","LORETO","MAYNAS","IQUITOS","PABLO ROSELL N°795, ESQUINA CON AV. FREYRE","2026-08-03"
"82148","INVERSIONES JULIO III SAC","ESTACIÓN DE SERVICIO CON GASOCENTRO DE GLP","LIMA","LIMA","SAN MARTIN DE PORRES","INTERSECCION AV. CENTRAL Y AV. LAS TORRES MZ. C, LOTES 8, 9, 10 Y 11, ASOC. DE VIVIENDA. SANTA MARIA DE NARANJAL","2026-08-08"
"8215","GRIFOS ESPINOZA S.A.","EE.SS con GLP y GNV","ANCASH","SANTA","CHIMBOTE","CARRETERA PANAMERICANA NORTE KM. 423, MZ.D LTS. 1, 2, 3 Y 4, LOTIZACION INDUSTRIAL GRAN TRAPECIO","2026-08-09"
"82159","INVERSIONES PACO HUAYCAN S.A.C.","ESTACIÓN DE SERVICIOS / GRIFOS","LIMA","LIMA","ATE","AV. ANDRES AVELINO CACERES LOTE 9-10, MZ. P, AA. HH. HUAYCAN","2026-08-07"
"82160","ESTACION DE SERVICIOS ARIES","ESTACIÓN DE SERVICIOS / GRIFOS","AMAZONAS","BAGUA","LA PECA","INTERSECCION JR. LOS CEDROS Y AV. AGROPECUARIA","2026-08-09"
"82166","SERVICENTRO QM SAC","ESTACIÓN DE SERVICIOS / GRIFOS","CUSCO","CANCHIS","TINTA","CARRETERA CUSCO _ SICUANI KM 1085+085 SECTOR SUKCUÑA","2026-08-06"
"8217","JOTAS Y GES S.A.C.","ESTACIÓN DE SERVICIOS / GRIFOS","AREQUIPA","AREQUIPA","AREQUIPA","AV. DANIEL ALCIDES CARRION N° 120 - IV CENTENARIO","2026-08-08"
"82173","J&J ZORRILLA MONGE HERMANOS S.R.L.","ESTACIÓN DE SERVICIO CON GASOCENTRO DE GLP","HUANCAVELICA","ANGARAES","LIRCAY","JR. OLIMPICO Nº 310 - BELLAVISTA","2026-08-07"
"8219","GRILUSE S.R.L.","ESTACIÓN DE SERVICIOS / GRIFOS","LA LIBERTAD","VIRU","VIRU","CARRETERA PANAMERICANA NORTE KM. 517","2026-08-08"
"82208","ADISA INVERSIONES E.I.R.L.","ESTACIÓN DE SERVICIOS / GRIFOS","LIMA","LIMA","EL AGUSTINO","AV. FERROCARRIL ESQUINA CON PRIMERO DE MAYO, COOPERATIVA LOS HUANCAS, MZ N, LT. 1","2026-08-08"
"8222","EMPRESA DE TRANSPORTES UNIDOS DOCE DE NOVIEMBRE S.A.","ESTACIÓN DE SERVICIOS / GRIFOS","LIMA","LIMA","SAN JUAN DE MIRAFLORES","MZ. J-10. LT. 1 - PAMPLONA ALTA SECTOR LEONCIO PRADO","2026-08-07"
"82221","ESTACION DE SERVICIOS VILLANUEVA E.I.R.L.","ESTACIÓN DE SERVICIOS / GRIFOS","CAJAMARCA","CAJAMARCA","NAMORA","PROLONGACION 14 DE AGOSTO, KM. 23+997, CARRETERA CAJAMARCA - CAJABAMBA","2026-08-07"
"82231","SERVICENTRO CARIBE S.A.C.","ESTACIÓN DE SERVICIOS / GRIFOS","MADRE DE DIOS","TAMBOPATA","TAMBOPATA","ANDRES AVELINO CACERES Nº 422","2026-08-09"
"82234","SERVICENTRO TRES DE MAYO E.I.R.L.","ESTACIÓN DE SERVICIOS / GRIFOS","MADRE DE DIOS","TAMBOPATA","TAMBOPATA","ANDRES AVELINO CACERES KM. 4.2 LA PASTORA","2026-08-06"
"82237","GASOCENTROS L & S S.A.C.","GASOCENTROS DE GLP","JUNIN","HUANCAYO","HUANCAYO","AV. DANIEL ALCIDES CARRIÓN Nº 1896. ESQUINA CON AV. CATALINA HUANCA","2026-08-08"
"8224","GLOBAL FUEL S.A.","ESTACIÓN DE SERVICIO CON GASOCENTRO DE GLP","LIMA","LIMA","BREÑA","ESQUINA AV. ZORRITOS Y AV. TINGO MARÍA","2026-08-08"
"82247","ACOSTA SANTIVAÑEZ OSCAR GILBERTO","ESTACIÓN DE SERVICIO CON GASOCENTRO DE GLP","JUNIN","HUANCAYO","SAN JERONIMO DE TUNAN","CARRETERA CENTRAL KM. 16. BARRIO DOS DE MAYO","2026-08-09"
"8225","REPSOL COMERCIAL S.A.C.","ESTACIÓN DE SERVICIO CON GASOCENTRO DE GLP","LIMA","LIMA","ATE","AV. NICOLAS AYLLON N° 7174, URB. PARCELACIÓN LA ESTRELLA","2026-08-09"
"8226","FILLING PETROL S.A.C.","ESTACIÓN DE SERVICIOS / GRIFOS","LAMBAYEQUE","LAMBAYEQUE","ILLIMO","PANAMERICANA NORTE KM. 25","2026-08-04"
"82267","SERVICENTRO Y TRANSPORTES  CONTRERAS S.A.C.","ESTACIÓN DE SERVICIO CON GASOCENTRO DE GLP","LIMA","LIMA","SAN MARTIN DE PORRES","AV. BERTELLO MZ G LOTES 1, 2 Y 3, PROGRAMA DE VIVIENDA SAN REMO III Y LOTES 2 Y 3 DE LA MZ. B DEL PROGRAMA DE VIVIENDA FHILADELFIA IV ETAPA","2026-08-08"
"8227","VICENTE CAJO GUTIERREZ","ESTACIÓN DE SERVICIOS / GRIFOS","LAMBAYEQUE","LAMBAYEQUE","MOTUPE","JUAN PABLO II N° 787 Y EMILIANO NIÑO","2026-08-07"
"82275","SAN CARLOSS GRIFOS E.I.R.L. ","ESTACIÓN DE SERVICIO CON GASOCENTRO DE GLP","HUANUCO","LEONCIO PRADO","RUPA-RUPA","CARRETERA TINGO MARIA - HUANUCO, KM 2.7, SECTOR AFILADOR","2026-08-09"
"8228","COESTI SA DUENAS","ESTACIÓN DE SERVICIOS / GRIFOS","LIMA","LIMA","LIMA","AV. ARGENTINA N° 1801","2026-08-09"
"82284","ESTACION DE SERVICIOS VENTURA S.A.C","ESTACIÓN DE SERVICIOS / GRIFOS","LAMBAYEQUE","LAMBAYEQUE","MORROPE","CARRETERA PANAMERICANA NORTE KM 819+291","2026-08-09"
"8231","ESTACION DE SERVICIOS ETASA EIRL,","ESTACIÓN DE SERVICIO CON GASOCENTRO DE GLP","HUANUCO","AMBO","AMBO","CARRETERA CENTRAL KM 18 HUANUCO - LIMA (AV. PRIMAVERA N° 265)","2026-08-08"
"8232","GRIFO PANAMERICANA E.I.R.L.","ESTACIÓN DE SERVICIO CON GASOCENTRO DE GLP","JUNIN","HUANCAYO","HUANCAN","AV. PANAMERICANA SUR Nº 636","2026-08-09"
"8235","SHENANDOA S.A.C.","ESTACIÓN DE SERVICIOS / GRIFOS","LIMA","LIMA","SANTIAGO DE SURCO","AV. CAMINOS DEL INCA N° 194, URB. TAMBO DE MONTERRICO","2026-08-09"
"82358","ESTACIONES DEL NORTE S.A.C.","ESTACIÓN DE SERVICIOS / GRIFOS","PIURA","TALARA","MANCORA","AV. GRAU S/N PANAMERICANA NORTE KM. 1168 BARRIO LETICIA","2026-08-06"
"82362","SERVICENTROS MIGUEL GRAU S.R.L.","ESTACIÓN DE SERVICIO CON GASOCENTRO DE GLP","AREQUIPA","CAYLLOMA","MAJES","AV LOS COLONIZADORES, MANZANA O LOTE 58, ZONA PEDREGAL NORTE, SECCION A","2026-08-09"
"82419","EVER JUNIOR CARRASCO ORTEGA","ESTACIÓN DE SERVICIO CON GASOCENTRO DE GLP","LIMA","LIMA","SAN MARTIN DE PORRES","AV. 25 DE ENERO (ANTES 22 DE AGOSTO) SUB LOTE 5A Y 5D ESQUINA CALLE HACIENDA URB. INFANTAS","2026-08-09"
"82436","GAS PERU SAN JOAQUIN S.A.C.","ESTACIÓN DE SERVICIO CON GASOCENTRO DE GLP","ICA","ICA","ICA","AV. PANAMERICANA SUR Nº 100 Y 106 URB. EL CARMEN","2026-08-08"
"8245","ESTACION DE SERVICIOS SAN JOSE ESPINAR CUSCO SRL","ESTACIÓN DE SERVICIO CON GASOCENTRO DE GLP","AREQUIPA","AREQUIPA","MIRAFLORES","AV. PROGRESO N° 391","2026-08-08"
"82460","ENERGIGAS SAC","EE.SS con GLP y GNV","LIMA","LIMA","LIMA","AV. ARGENTINA Nº 1830-1858, ESQUINA CON AV. NICOLAS DUEÑAS","2026-08-08"
"8247","COESTI S.A.","ESTACIÓN DE SERVICIO CON GASOCENTRO DE GLP","LIMA","LIMA","MIRAFLORES","AV. EL EJERCITO N° 412-422","2026-08-09"
"82489","INVERSIONES ROSAS PAMPA S.A.C.","ESTACIÓN DE SERVICIOS / GRIFOS","AYACUCHO","LUCANAS","PUQUIO","CARRETERA NAZCA - CUZCO KM. 159.2","2026-08-07"
"82493","PETROL SERVICE E.I.R.L.","ESTACIÓN DE SERVICIOS / GRIFOS","ANCASH","CARHUAZ","ANTA","CARRETERA HUARAZ - CARAZ, KM 220 + 410 SECTOR PUNA PAMPA, PREDIOS JATUN PAMPA, ALLPA OCTINA Y ALLPA OCTINA LT. 1","2026-08-07"
"82526","SERVICENTRO MADRID E HIJOS S.R.L.","ESTACIÓN DE SERVICIO CON GASOCENTRO DE GLP","PIURA","PAITA","PAITA","CARRETERA PAITA SULLANA KM 2 ZONA COMERCIAL PAITA MZ II LOTE 27","2026-08-07"
"82562","SERVICENTRO GARLUFAK E.I.R.L.","ESTACIÓN DE SERVICIOS / GRIFOS","AYACUCHO","HUAMANGA","ANDRES AVELINO CACERES","AV. EJERCITO N° 905 - LOTIZACION CHAQUIBAMBA","2026-08-06"
"82564","GRIFO BARRANCA VIP S.A.C.","ESTACIÓN DE SERVICIO CON GASOCENTRO DE GLP","LIMA","HUAURA","HUALMAY","AV. DOMINGO MANDAMIENTO N° 1098 CON AV. CRUZ BLANCA","2026-08-08"
"82571","R & R NEGOCIACIONES S.R.L.","ESTACIÓN DE SERVICIO CON GASOCENTRO DE GLP","CUSCO","LA CONVENCION","PICHARI","ESQUINA DE LA AV. LA CULTURA CON PASAJE SAN ANDRES","2026-08-04"
"82579","PITS GNV S.A.C.","GASOCENTRO DE GLP CON ESTABLECIMIENTO DE VENTA AL PUBLICO DE GNV","LIMA","LIMA","VILLA MARIA DEL TRIUNFO","AV. NICOLAS DE PIEROLA N° 800 MZ. H-1, LOTE 16 ESQ. CON LA AV. VILLA MARIA","2026-08-09"
"82592","ESTACION DE SERVICIOS VITOR","ESTACIÓN DE SERVICIOS / GRIFOS","AREQUIPA","AREQUIPA","VITOR","ASENTAMIENTO HUMANO BARRIO NUEVO S/N. LOTES 07 Y 08 , ALTURA KM. 948. CARRETERA PANAMERICANA SUR","2026-08-06"
"82598","INVERSIONES LA AMISTAD SOCIEDAD COMERCIAL DE RESPONSABILIDAD LIMITADA","ESTACIÓN DE SERVICIOS / GRIFOS","CUSCO","ESPINAR","ESPINAR","A.P.V. TIPO GRANJA JUAN VELAZCO ALVARADO LTS. A-7 Y A-8- CARRETERA ESPINAR - AREQUIPA","2026-08-07"
"82629","GRIFO LASER","ESTACIÓN DE SERVICIO CON GASOCENTRO DE GLP","ICA","ICA","SAN JUAN BAUTISTA","AV. JORGE CHAVEZ LOTE 05, ASOCIACION DE VIVIENDA LOS LIBERTADORES (CARRETERA A SAN JUAN BAUTISTA)","2026-08-08"
"82643","GASOCENTRO MVILLAR EIRL","GASOCENTROS DE GLP","JUNIN","YAULI","SANTA ROSA DE SACCO","AV. AREVALO Nº 1091","2026-08-05"
"82644","LA ESPERANZA SAC","ESTACIÓN DE SERVICIOS / GRIFOS","LAMBAYEQUE","CHICLAYO","LAGUNAS","CARRETERA PANAMERICANA NORTE KM. 735 + 500 C.P. NUEVO MOCUPE","2026-08-08"
"8266","JYM INVERSIONES E.I.R.L.","ESTACIÓN DE SERVICIOS / GRIFOS","CUSCO","CALCA","CALCA","AV. VILCANOTA KM. 47","2026-08-09"
"8267","GRIFO SAN DIEGO","ESTACIÓN DE SERVICIOS / GRIFOS","LIMA","LIMA","SAN MARTIN DE PORRES","AV. SAN DIEGO Nº 1000 Y CALLE SANTA MARIA","2026-08-07"
"8270","GRIFO TAPIA EIRL.","ESTACIÓN DE SERVICIOS / GRIFOS","CUSCO","QUISPICANCHI","OROPESA","CARRETERA CUSCO - URCOS KM. 21","2026-08-08"
"82708","NINFA SALAZAR UNTIVEROS DE RODRIGUEZ","ESTACIÓN DE SERVICIO CON GASOCENTRO DE GLP","HUANCAVELICA","ACOBAMBA","ACOBAMBA","AV. UNIVERSITARIA Nº 392","2026-08-08"
"82712","CONSTRUCTORA VARGAS & ASOCIADOS S.R.L.","ESTACIÓN DE SERVICIOS / GRIFOS","ANCASH","HUARI","SAN MARCOS","AV. NICOLAS DE PIEROLA S/N LA FLORIDA, CARRETERA HUARAZ - HUARI KM 130","2026-08-08"
"82751","COMPANIA OPERADORA DE LA SELVA","ESTACIÓN DE SERVICIOS / GRIFOS","UCAYALI","CORONEL PORTILLO","CALLERIA","ESQUINA DE AV. SALVADOR ALLENDE CON AV. UNIÓN. MZ K. LT 13","2026-08-09"
"8278","ESTACION DE SERVICIOS NORDALEX E.I.R.L.","ESTACIÓN DE SERVICIO CON GASOCENTRO DE GLP","SAN MARTIN","MARISCAL CACERES","JUANJUI","CARRETERA FERNANDO BELAUNDE TERRY S/N KM. 1","2026-08-08"
"82816","INVERSIONES GENERALES DILEO PERU","ESTACIÓN DE SERVICIOS / GRIFOS","LIMA","LIMA","PUENTE PIEDRA","AV. EL TRIUNFO S/N MZ.Q-2, LOTE 5. PARCELACION ZAPALLAL","2026-08-08"
"82834","OCORIS 1 SAC","EE.SS con GLP y GNV","LIMA","LIMA","LIMA","AV. ARGENTINA 898 ESQUINA CON AV. ANTONIO DE ELIZALDE","2026-08-08"
"82852","GRIFO RURAL EL AMIGO","GRIFOS RURALES CON ALMACENAMIENTO EN CILINDROS","SAN MARTIN","LAMAS","LAMAS","CARRETERA LAMAS - CACATACHI KM. 1.5 - SECTOR JULAO","2026-08-08"
"8287","EL OVALO ESTACION & SERVICIOS GENERALES S.R.L - EL OVALO EST. & SERV. GENERALES S.R.L","ESTACIÓN DE SERVICIOS / GRIFOS","CAJAMARCA","CAJAMARCA","CAJAMARCA","AV. SAN MARTIN DE PORRES N° 2475 - 2485 ESQ. CON JR. SAN CAMILO N° 307 - 317","2026-08-08"
"82882","ESTACION DE SERVICIOS AXEL E.I.R.L.","ESTACIÓN DE SERVICIOS / GRIFOS","SAN MARTIN","RIOJA","NUEVA CAJAMARCA","CARRETERA FERNANDO BELAUNDE TERRY Nº 443+750, CASERIO ANGAIZA CPM NARANJILLO","2026-08-08"
"82884","GRIFO ORLANDO","ESTACIÓN DE SERVICIOS / GRIFOS","LA LIBERTAD","PACASMAYO","GUADALUPE","AV. NILA CERRUTI S/N LOTE 186 SECTOR CAFETAL III LA CALERA","2026-08-05"
"8289","GRIFOS JUAN DIEGO Y ASOCIADOS S.A.C.","ESTACIÓN DE SERVICIOS / GRIFOS","LAMBAYEQUE","FERREÑAFE","FERREÑAFE","AV. BATANGRANDE NRO. 398 U.V. SEÑOR DE LA JUSTICIA","2026-08-05"
"82902","ESTACIÓN SAN PABLO PLUS S.A.C.","ESTACIÓN DE SERVICIO CON GASOCENTRO DE GLP","LIMA","LIMA","VILLA EL SALVADOR","ESQ. AV. CENTRAL Y AV. CESAR VALLEJO, SECTOR 2, GRUPO 5, MZ. I, LOTES 1, 2 Y 24","2026-08-08"
"82903","COESTI S.A","EE.SS con GLP y GNV","LIMA","LIMA","LIMA","AV. GRAU N° 1308 ESQ JR. HUANUCO Nª 1101","2026-08-09"
"8292","HIDROCARBUROS PUERUANOS DE CALIDAD SRL","ESTACIÓN DE SERVICIO CON GASOCENTRO DE GLP","HUANUCO","HUANUCO","AMARILIS","CARRETERA CENTRAL KM. 5 HUANUCO - TINGO MARIA","2026-08-07"
"82957","M & S HIDROCARBUROS S.A.C.","ESTACIÓN DE SERVICIOS / GRIFOS","AREQUIPA","CAMANA","SAMUEL PASTOR","PANAMERICANA SUR KM 846 (ANTES KM. 834)","2026-07-31"
"8297","SHILCAYO GRIFO S.R.L","ESTACIÓN DE SERVICIO CON GASOCENTRO DE GLP","SAN MARTIN","SAN MARTIN","LA BANDA DE SHILCAYO","JR. GUILLERMO E. SISLEY REATEGUI CUADRA 6","2026-08-08"
"82985","ALTA VIDDA GAS S.A.C.","EE.SS con GLP y GNV","LIMA","LIMA","LOS OLIVOS","CALLE LOS HORNOS N° 149 ESQUINA CON GERARDO UNGER  URB. INDUSTRIAL NARANJAL","2026-08-08"
"82999","GASOCENTRO RUPAY  E.I.R.L.","ESTACIÓN DE SERVICIO CON GASOCENTRO DE GLP","JUNIN","CHUPACA","CHUPACA","JR. PETRONA APOALAYA S/N ESQUINA CON JR. SANTOS BRAVO S/N","2026-08-04"
"83002","GRIFO CHONGOYAPE","ESTACIÓN DE SERVICIOS / GRIFOS","LAMBAYEQUE","CHICLAYO","CHONGOYAPE","AV. CHICLAYO Nº 1925 - CERCADO","2026-08-03"
"83004","ADA PEREGRINA GALVEZ TRONCOS","ESTACIÓN DE SERVICIOS / GRIFOS","LIMA","LIMA","LOS OLIVOS","ESQUINA AV. PROCERES Y AV. PORTALES. MZ. V-4. LOTE 66. URB. PRO","2026-08-07"
"83013","WARI SERVICE SAC","ESTACIÓN DE SERVICIOS / GRIFOS","APURIMAC","AYMARAES","CHALHUANCA","AV. PANAMERICANA S/N, SECTOR URUBAMBA","2026-08-08"
"83023","COMPAÑÍA OPERADORA DE LA SELVA S.A.","ESTACIÓN DE SERVICIO CON GASOCENTRO DE GLP","UCAYALI","CORONEL PORTILLO","MANANTAY","AV. TUPAC AMARU MZ.C LOTE 08 - AA.HH. SANTA PETRONILA","2026-08-09"
"8303","GRIFO FLOTANTE MARIA EUGENIA E.I.R.L","ESTACIÓN DE SERVICIOS / GRIFOS","LORETO","MAYNAS","IQUITOS","AV. MARISCAL CACERES N° 2186","2026-08-07"
"83031","PETRONOR EIRL","ESTACIÓN DE SERVICIO CON GASOCENTRO DE GLP","LAMBAYEQUE","LAMBAYEQUE","TUCUME","CARRETERA PANAMERICANA NORTE ANTIGUA S/N - PUENTE EL PAVO","2026-08-07"
"83033","SERVICIOS GENERALES VARNASA S.R.L.","ESTACIÓN DE SERVICIOS / GRIFOS","LA LIBERTAD","ASCOPE","PAIJAN","CARRETERA PANAMERICANA NORTE UC 2474 Y 2475 MZ. 6 LOTE 6 Y 7 PUEBLO JOVEN SECTOR JORGE CHAVEZ","2026-08-07"
"83046","CLARIZA FLORA EVARISTO RAMOS","ESTACIÓN DE SERVICIO CON GASOCENTRO DE GLP","HUANUCO","YAROWILCA","CHAVINILLO","CARRETERA CENTRAL HUANUCO - LA UNION KM. 62.5. CENTRO POBLADO LLICLLATAMBO. CASERIO KUTIPUQUIO","2026-08-07"
"83056","RICHARD NUÑEZ ROLDAN ","ESTACIÓN DE SERVICIOS / GRIFOS","CUSCO","CUSCO","SANTIAGO","CARRETERA CUSCO PARURO PREDIO ROCA TARPEYA S/N","2026-08-07"
"8307","GLOBAL FUEL S.A.","ESTACIÓN DE SERVICIOS / GRIFOS","AREQUIPA","AREQUIPA","MIRAFLORES","ESQUINA TENIENTE PALACIOS N° 122 Y CALLE ELIAS AGUIRRE","2026-08-08"
"8310","GRIFO SANTA MARIA ROSA MISTICA S.R.L.","ESTACIÓN DE SERVICIO CON GASOCENTRO DE GLP","TUMBES","TUMBES","TUMBES","CARRETERA PANAMERICANA NORTE KM. 1276","2026-08-07"
"8312","INVERSIONES GRUPO OASIS SOCIEDAD ANONIMA CERRADA","ESTACIÓN DE SERVICIOS / GRIFOS","APURIMAC","ABANCAY","CURAHUASI","AV. PANAMERICANA N° 188","2026-08-05"
"83122","INVERSIONES Y MULTISERVICIOS SAMUEL ETÓ S.A.C.","ESTACIÓN DE SERVICIOS / GRIFOS","LA LIBERTAD","SANCHEZ CARRION","HUAMACHUCO","ESQUINA AVENIDA 10 DE JULIO CON JIRON RAMON CASTILLA, SECTOR LA QUINTA","2026-08-07"
"8313","REPUESTOS LIMA SOCIEDAD COMERCIAL DE RESPONSABILIDAD LIMITADA","ESTACIÓN DE SERVICIOS / GRIFOS","CUSCO","CUSCO","WANCHAQ","AV. GARCILASO N° 508","2026-08-07"
"83139","ESTACION DE SERVICIOS BERNA SOCIEDAD ANONIMA CERRADA","ESTACIÓN DE SERVICIOS / GRIFOS","UCAYALI","ATALAYA","RAYMONDI","CALLE RIMAC / JR. RIVAS ARAOS-MZ. 31-LT. 3B-3C","2026-08-06"
"83154","GASOCENTRO PETROGAS","ESTACIÓN DE SERVICIO CON GASOCENTRO DE GLP","SAN MARTIN","RIOJA","RIOJA","CARRETERA FERNANDO BELAUNDE TERRY KM. 470","2026-08-07"
"83162","AMÉRICA DIESEL","ESTACIÓN DE SERVICIOS / GRIFOS","LIMA","LIMA","CARABAYLLO","KM. 24.2 DE LA AV. TUPAC AMARU, MZ. E, LT. 09, ASOCIACIÓN DE VIVIENDA CASA HUERTA SIN NÚMERO","2026-08-05"
"83174","GLOBAL FUEL S.A.","ESTACIÓN DE SERVICIO CON GASOCENTRO DE GLP","LIMA","LIMA","LURIN","CARRETERA PANAMERICANA SUR KM. 24","2026-08-09"
"83193","SELVA COMBUSTIBLES E.I.R.L.","ESTACIÓN DE SERVICIOS / GRIFOS","LORETO","ALTO AMAZONAS","YURIMAGUAS","CARRETERA YURIMAGUAS - TARAPOTO KM 44 CENTRO POBLADO MENOR PAMPA HERMOSA","2026-08-08"
"83218","ESTACION DE SERVICIOS PETROSUR S.A.C.","ESTACIÓN DE SERVICIOS / GRIFOS","AYACUCHO","LA MAR","AYNA","AV. HUANTA N° 319-321 SAN FRANCISCO","2026-08-05"
"83265","GASAMAR SAC","GASOCENTRO DE GLP CON ESTABLECIMIENTO DE VENTA AL PUBLICO DE GNV","LIMA","LIMA","LURIN","ANTIGUA CARRETERA PANAMERICANA SUR, KM.40, ESQ. CON AV. LOS EUCALIPTOS MZ.F LT.9 URB. PREDIO SANTA GENOVEVA","2026-08-07"
"83289","ESTACION DE SERVICIOS ROCKY S.A.C.","ESTACIÓN DE SERVICIOS / GRIFOS","LORETO","LORETO","NAUTA","MZ. J1, LOTE 01, CARRETERA NAUTA IQUITOS KM. 1.00 + 100","2026-08-07"
"8330","CORPORACION ESCORPION SAC","ESTACIÓN DE SERVICIOS / GRIFOS","JUNIN","HUANCAYO","PILCOMAYO","AV. CORONEL PARRA 399","2026-08-08"
"83314","CATERER PERU GLOBAL SOCIEDAD ANONIMA CERRADA - CATERER PERU GLOBAL S.A.C.","ESTACIÓN DE SERVICIOS / GRIFOS","UCAYALI","CORONEL PORTILLO","CAMPOVERDE","CARRETERA FEDERICO BASADRE KM. 16.000","2026-08-08"
"8332","COESTI S.A","EE.SS con GLP y GNV","LIMA","LIMA","JESUS MARIA","GREGORIO ESCOBEDO ESQ. CON HUIRACOCHA","2026-08-08"
"83352","NEGOCIACIONES D&P S.A.C.","ESTACIÓN DE SERVICIOS / GRIFOS","LORETO","MAYNAS","PUNCHANA","AV. 28 DE JULIO ESQUINA CON CALLE BUENOS AIRES","2026-08-05"
"8336","ESTACION DE SERVICIO SANTA CATALINA S.A.C.","ESTACIÓN DE SERVICIOS / GRIFOS","LIMA","LIMA","LA VICTORIA","AV. JAVIER PRADO ESTE N° 1059","2026-08-09"
"83370","ESTACION DE SERVICIOS GK","ESTACIÓN DE SERVICIOS / GRIFOS","SAN MARTIN","TOCACHE","POLVORA","CARRETERA FERNANDO BELAÚNDE TERRY S/N ESQUINA CON JR. COMERCIO - POBLADO NUEVO HORIZONTE","2026-07-31"
"8341","ESTACION DE SERVICIOS SANCHEZ S.A.C.","ESTACIÓN DE SERVICIOS / GRIFOS","PIURA","SECHURA","SECHURA","CARRETERA SECHURA - BAYOVAR KM. 22","2026-08-03"
"83435","GLOBAL FUEL S.A.","EE.SS con GLP y GNV","LIMA","LIMA","LA VICTORIA","AV. BAUZATE Y MEZA N° 1050","2026-08-09"
"8344","EGA EMPRESARIAL S.A.C.","ESTACIÓN DE SERVICIOS / GRIFOS","LIMA","LIMA","SANTIAGO DE SURCO","AV. EL DERBY N° 118, MZ. A, LOTE 5, URB. EL DERBY","2026-08-08"
"83441","ESTACION DE SERVICIOS ESTRELLA DE DAVID.SAC","ESTACIÓN DE SERVICIOS / GRIFOS","CAJAMARCA","CHOTA","CHOTA","AV. PERU Nº 109","2026-08-03"
"8345","ESTACION DE SERVICOS VICTORIA'S S.R.L.","ESTACIÓN DE SERVICIO CON GASOCENTRO DE GLP","JUNIN","CHANCHAMAYO","SAN RAMON","AV. JUAN SANTOS ATAHUALPA N°1326","2026-08-07"
"8346","ESTACION DE SERVICIOS PASTOR S.R.LTDA","ESTACIÓN DE SERVICIOS / GRIFOS","HUANUCO","HUANUCO","AMARILIS","CARRETERA HUANUCO-TINGO MARIA KM. I.5 URB. LOS PORTALES DE MITOPAMPA","2026-08-08"
"8347","SERVICENTROS PLAZA S.A.C.","ESTACIÓN DE SERVICIO CON GASOCENTRO DE GLP","ICA","PISCO","INDEPENDENCIA","CARRETERA LOS LIBERTADORES KM. 19.5","2026-08-09"
"83503","CESAR BELIZARIO LEON  DELGADO","ESTACIÓN DE SERVICIO CON GASOCENTRO DE GLP","LAMBAYEQUE","LAMBAYEQUE","OLMOS","ANTIGUA CARRETERA PANAMERICANA NORTE KM. 879  CASERIO FILOQUE","2026-08-04"
"83522","JEVARO CENTRO ORIENTE SAC","ESTACIÓN DE SERVICIOS / GRIFOS","UCAYALI","CORONEL PORTILLO","MANANTAY","AV. COLONIZACION MZ. K. LT. 17 - 18","2026-08-08"
"8353","NAJAH GROUP S.A.C.","ESTACIÓN DE SERVICIO CON GASOCENTRO DE GLP","JUNIN","HUANCAYO","SAN AGUSTIN","CARRETERA CENTRAL KM. 6.5 BARRIO BELLAVISTA","2026-08-08"
"83533","INVESTMENT S.A.I.K. GAS AND FUEL SOCIEDAD ANÓNIMA CERRADA","ESTACIÓN DE SERVICIOS / GRIFOS","CUSCO","CUSCO","SAN SEBASTIAN","AV. VIA EXPRESA LOTE I-12, URB. VISTA ALEGRE","2026-08-08"
"8354","SUPER GRIFO CASTILLA S.R.L.","ESTACIÓN DE SERVICIOS / GRIFOS","AREQUIPA","CASTILLA","APLAO","CASQUINA S/N.","2026-08-07"
"83561","ESTACION DE SERVICIOS SEÑOR DE BURGOS E.I.R.L.","ESTACIÓN DE SERVICIO CON GASOCENTRO DE GLP","HUANUCO","HUANUCO","HUANUCO","JR. ALFONSO UGARTE N° 813","2026-08-08"
"83571","GRIFOS STL SRL","GRIFOS FLOTANTES","PIURA","PAITA","PAITA","BAHIA DEL PUERTO DE PAITA","2026-07-11"
"83593","ZETA GAS ANDINO S.A","GASOCENTROS DE GLP","AREQUIPA","AREQUIPA","SACHACA","AV. TAHUAYCANI N 103-A","2026-07-24"
"83621","GRIFO BELIZARIO E.I.R.L.","ESTACIÓN DE SERVICIOS / GRIFOS","PIURA","MORROPON","CHULUCANAS","CALLE PUNO 1138","2026-08-07"
"83638","REYES","ESTACIÓN DE SERVICIOS / GRIFOS","LAMBAYEQUE","CHICLAYO","LAGUNAS","CARRETERA PANAMERICANA NORTE KM. 749 + 201 - NUEVO MOCUPE","2026-08-07"
"8364","GRIFO CHAVIN       CALIDAD QUE RINDE ...MÁS.","ESTACIÓN DE SERVICIOS / GRIFOS","ANCASH","HUARI","CHAVIN DE HUANTAR","JR. 17 DE ENERO Nº 480","2026-08-07"
"83653","F & K ZEGARRA E.I.R.L.","ESTACIÓN DE SERVICIOS / GRIFOS","AREQUIPA","AREQUIPA","CERRO COLORADO","CALLE TUMBES S/N LOTE 3-B FUNDO EL REINTEGRO LATERAL 4 DEL VALLE DEL CHILI A.A.H.H. ALTO LA LIBERTAD","2026-08-07"
"8366","RED DE ESTACION Y SERVICIOS SAN FRANCISCO EMPRESA INDIVIDUAL DE RESPONSABILIDAD LIMITADA","ESTACIÓN DE SERVICIOS / GRIFOS","CUSCO","ANTA","ANTA","CARRETERA CUSCO-ABANCAY KM. 31","2026-08-08"
"83660","SERVICIOS MULTIPLES LYONS SOCIEDAD COMERCIAL DE RESPONSABILIDAD LIMITADA","ESTACIÓN DE SERVICIOS / GRIFOS","MADRE DE DIOS","MANU","MANU","AV. INTEGRACION S/N SALVACION","2026-07-31"
"83665","COESTI S.A","EE.SS con GLP y GNV","LIMA","LIMA","SAN JUAN DE LURIGANCHO","AV. PROCERES DE LA INDEPENDENCIA N° 701 - 709","2026-08-08"
"8369","GRIFOS GRAN PRIX","ESTACIÓN DE SERVICIOS / GRIFOS","CAJAMARCA","JAEN","JAEN","CARRETERA JAEN  CHAMAYA KM 3.5 SECTOR FILA ALTA","2026-08-08"
"83729","PETROMIX S.A.C.","ESTACIÓN DE SERVICIOS / GRIFOS","LIMA","LIMA","SAN MARTIN DE PORRES","AV. TANTAMAYO ESQUINA CON AV. CENTRAL, MZ. A, LOTES 3 Y 4, PROGRAMA DE VIVIENDA RESIDENCIAL, 1RA ETAPA","2026-08-08"
"83740","JUANA HURTADO CAMPO","ESTACIÓN DE SERVICIOS / GRIFOS","MADRE DE DIOS","TAMBOPATA","LABERINTO","VIA ACCESO AL CENTRO POBLADO LABERINTO - SUB LOTE A-2-B","2026-08-08"
"83748","SERVICENTRO ATENAS S.R.L.","ESTACIÓN DE SERVICIOS / GRIFOS","LORETO","MAYNAS","SAN JUAN BAUTISTA","CARRETERA IQUITOS  NAUTA N° 797 CON AV. LA PARTICIPACION","2026-08-08"
"83761","ADMINISTRACION DE GRIFOS LEP S.A.C.","EE.SS con GLP y GNV","LIMA","LIMA","LURIGANCHO","AV. LOS CISNES SUB LOTE 2, PARCELA PARAISO ESQ AV. RAMIRO PRIALE","2026-08-08"
"8377","SERVICENTRO TRANSPORTES Y SERVICIOS ESPINAR S.A.C","ESTACIÓN DE SERVICIOS / GRIFOS","AREQUIPA","AREQUIPA","JOSE LUIS BUSTAMANTE Y RIVERO","AV. CARACAS N° 1233","2026-08-08"
"8378","GRESVAL E.I.R.L.","ESTACIÓN DE SERVICIOS / GRIFOS","AREQUIPA","AREQUIPA","MARIANO MELGAR","AV. PROLONGACIÓN MARISCAL CASTILLA N° 1027","2026-08-07"
"8379","PETRONEX PERU SOCIEDAD ANONIMA CERRADA","ESTACIÓN DE SERVICIO CON GASOCENTRO DE GLP","AREQUIPA","AREQUIPA","LA JOYA","PANAMERICANA SUR KM.956- MZ. I, LOTE 02 PPJJ. EL TRIUNFO","2026-08-08"
"8380","ESTACION DE SERVICIOS GUARDIA CIVIL","ESTACIÓN DE SERVICIO CON GASOCENTRO DE GLP","AREQUIPA","AREQUIPA","PAUCARPATA","AV. GUARDIA CIVIL, MZ. B, LOTES 15, 16 Y 17, URB. GUARDIA CIVIL, SEGUNDA FASE, III ETAPA","2026-08-08"
"83801","AGUILAR QUISPE SABINA","ESTACIÓN DE SERVICIOS / GRIFOS","MADRE DE DIOS","MANU","MADRE DE DIOS","FRACCION DE LA PARCELA 3 DE LA UNIDAD CATASTRAL 30815 (CARRETERA BOCA COLORADO - PUNQUIRI CHICO)","2026-08-07"
"83807","ESTACION DE SERVICIOS JAYANCA S.R.L.","ESTACIÓN DE SERVICIO CON GASOCENTRO DE GLP","LAMBAYEQUE","LAMBAYEQUE","JAYANCA","ANTIGUA CARRETERA PANAMERICANA NORTE KM. 33 + 136.5","2026-08-08"
"83817","SERVICENTRO SANTA FELICIA SAC","ESTACIÓN DE SERVICIOS / GRIFOS","UCAYALI","CORONEL PORTILLO","MANANTAY","ESQUINA DE AV. AVIACION CON TUPAC AMARU, MZ. 39 LOTE 7,8,9 Y 10 DEL PREDIO SAN RAFAEL","2026-08-09"
"83835","ANA LUZMILA QUISPE MORALES","GRIFOS RURALES CON ALMACENAMIENTO EN CILINDROS","PUNO","AZANGARO","ARAPA","AV. SAN ROMAN S/N.","2026-08-08"
"8384","GRUPO GRAN PODER S.A.C.","ESTACIÓN DE SERVICIOS / GRIFOS","AREQUIPA","AREQUIPA","CERRO COLORADO","AV. LOS INCAS N° 601, SEMI RURAL PACHACUTEC","2026-08-08"
"8385","H Y Z NEGOCIACIONES Y SERVICIOS E.I.R.L.","ESTACIÓN DE SERVICIOS / GRIFOS","AMAZONAS","RODRIGUEZ DE MENDOZA","SAN NICOLAS","INTERSECCION JR. HUAYABAMBA Y JR. 1RO DE NOVIEMBRE","2026-08-07"
"8386","PACIDAMA ENERGIA S.A.C.","ESTACIÓN DE SERVICIO CON GASOCENTRO DE GLP","AREQUIPA","AREQUIPA","AREQUIPA","AV. LA PAZ N° 516 ESQUINA CON CALLE MANUEL MUÑOZ NAJAR","2026-08-09"
"8388","GRIFO INDEPENDENCIA","ESTACIÓN DE SERVICIOS / GRIFOS","AREQUIPA","AREQUIPA","ALTO SELVA ALEGRE","AV. FRANCISCO MOSTAJO N° 700, PP.JJ. INDEPENDENCIA","2026-08-08"
"83889","CESAR AUGUSTO VILCA QUISPE","ESTACIÓN DE SERVICIOS / GRIFOS","MADRE DE DIOS","TAMBOPATA","LABERINTO","AV. SANTO DOMINGO DE GUZMAN MZ. B LOTE 5 SANTO DOMINGO (ESQUINA CON CALLE EDUARDO ZAVALA ALTURA KM. 50)","2026-08-04"
"83891","INVERSIONES MYE SAC","ESTACIÓN DE SERVICIOS / GRIFOS","LIMA","LIMA","LURIGANCHO","MZ.A, LT. 1, PARCELA 4 DEL EX FUNDO CARAPONGO","2026-08-07"
"83926","VIJOGAS S.A.C.","EE.SS con GLP y GNV","LIMA","LIMA","ATE","AV. SANTA ROSA N 610, ESQUINA JR. LOS SAUCES","2026-08-08"
"8394","SUPER GRIFO 537 TRES CRUCES SCRL","ESTACIÓN DE SERVICIOS / GRIFOS","CUSCO","CUSCO","CUSCO","CALLE TRES CRUCES DE ORO N° 486","2026-08-06"
"83954","GASOCENTRO SATIPO EIRL","ESTACIÓN DE SERVICIO CON GASOCENTRO DE GLP","JUNIN","SATIPO","SATIPO","AV. ANTONIO RAYMONDI Nº 247","2026-08-08"
"83962","GRIFO JHP E.I.R.L.","ESTACIÓN DE SERVICIO CON GASOCENTRO DE GLP","AREQUIPA","AREQUIPA","PAUCARPATA","AV. JHON KENNEDY, MZ. D, LOTE Nº 3, URB. INDUSTRIAL CAYRO","2026-08-09"
"83963","SERVICENTRO PETRO HUAURA","ESTACIÓN DE SERVICIOS / GRIFOS","LIMA","HUAURA","HUAURA","CARRETERA HUAURA-SAYAN, KM.3.755, CASERIO DESAGRAVIO, U.C. 10612, SUB PARCELA B","2026-08-04"
"83993","ESTACIONES SUIZA GAS S.A.C.","GASOCENTROS DE GLP","LIMA","LIMA","PUEBLO LIBRE","AV. BOLIVAR N° 425","2026-08-07"
"83999","INVERSIONES VILHUA E.I.R.L.","ESTACIÓN DE SERVICIOS / GRIFOS","AYACUCHO","VILCAS HUAMAN","VILCAS HUAMAN","AV. HALCÓN SAGRADO S/N (CUADRA 3), BARRIO CRUZ PATA","2026-08-07"
"84011","ESTACION DE SERVICIOS EL AMIGO S.C.R.L.","ESTACIÓN DE SERVICIOS / GRIFOS","CAJAMARCA","CUTERVO","CUTERVO","CA. PROLONGACION LA MERCED S/N (CARRETERA CUTERVO-SOCOTA)","2026-08-07"
"8405","GLOBAL FUEL S.A.","ESTACIÓN DE SERVICIO CON GASOCENTRO DE GLP","AREQUIPA","AREQUIPA","AREQUIPA","AV. ALFONSO UGARTE N° 552-560, SECTOR TINGO CHICO","2026-08-08"
"84062","COMPANIA PERUANA DE PETROLEO GAS Y GASOLINA SAC","ESTACIÓN DE SERVICIO CON GASOCENTRO DE GLP","LA LIBERTAD","TRUJILLO","TRUJILLO","AV. AMERICA OESTE MZ. Z LT. 20, 21 Y 22 - URB. NATASHA ALTA","2026-08-08"
"84090","GASOCENTRO HOGAS","GASOCENTROS DE GLP","LIMA","LIMA","PUENTE PIEDRA","PROLONG. AV. BUENOS AIRES N° 2499 ZAPALLAL","2026-07-16"
"8410","SETRA DULCE CARMELO S.A.C.","ESTACIÓN DE SERVICIOS / GRIFOS","AREQUIPA","AREQUIPA","JACOBO HUNTER","LOTE 17, MZ. L, ZONA A, PP.JJ. DANIEL ALCIDES CARRION","2026-08-07"
"84101","PIURA GAS S.A.C.","GASOCENTROS DE GLP","PIURA","TALARA","PARIÑAS","MZ. A LOTE B URB. TALARA ALTA","2026-08-08"
"84109","BARRIENTOS ESTACION DE SERVICIOS","ESTACIÓN DE SERVICIOS / GRIFOS","CUSCO","LA CONVENCION","SANTA ANA","PROLONG. EDGAR DE LA TORRE S/N SECTOR JARAMILLUYOC","2026-08-04"
"8411","GRIFO HORIZONTE E.I.R.L.","ESTACIÓN DE SERVICIOS / GRIFOS","AREQUIPA","CARAVELI","CHALA","ASENTAMIENTO HUMANO MANUEL PRADO, MZ 73, LOTE 2A, (AV. EMANCIPACION S/N)","2026-08-08"
"8412","ADALBERTO J.V. SERVICIOS MULTIPLES S.R.L.","ESTACIÓN DE SERVICIOS / GRIFOS","AREQUIPA","AREQUIPA","JACOBO HUNTER","ESQ. MARISCAL NIETO Y CALLE URETA, MZ. B, LOTE 21, COOP. ANDRES AVELINO CACERES","2026-08-08"
"8414","GRIFO EL PEDREGAL S.R.L.","ESTACIÓN DE SERVICIOS / GRIFOS","AREQUIPA","CAYLLOMA","MAJES","SECTOR URBANO EL PEDREGAL, SECCION A, MZ. C, LOTE 1","2026-08-07"
"8415","COESTI S.A.  AMERICA NORTE 1","ESTACIÓN DE SERVICIOS / GRIFOS","LA LIBERTAD","TRUJILLO","TRUJILLO","INTERSECCION AV. AMERICA NORTE N° 1902 CON AV. TUPAC AMARU N° 805 URB. PRIMAVERA","2026-08-09"
"8418","SERVICENTRO ULLOA SRL","ESTACIÓN DE SERVICIOS / GRIFOS","LA LIBERTAD","TRUJILLO","TRUJILLO","AV. RICARDO PALMA N° 1275 ESQUINA CON AV. HONORIO DELGADO, URB. EL BOSQUE","2026-08-08"
"84184","ESTACION DE SERVICIOS GEMELOS GRIFO AD SRL.","ESTACIÓN DE SERVICIOS / GRIFOS","UCAYALI","ATALAYA","RAYMONDI","JR. DORIAN CAMPOS ESQUINA CALLE MOHENAS, MZ. 117, LOTE 1 Y 12, J.V. SEÑOR DE LOS MILAGROS - CENTRO POBLADO VILLA ATALAYA II ETAPA","2026-08-07"
"84187","GRIFO ALEX S.A.C.","ESTACIÓN DE SERVICIO CON GASOCENTRO DE GLP","LAMBAYEQUE","CHICLAYO","PATAPO","CARRETERA CHICLAYO - CHONGOYAPE KM 25 +100 100 SECTOR CRUZ TRES DE MAYO - POSOPE ALTO","2026-08-08"
"8420","COESTI S.A.","ESTACIÓN DE SERVICIO CON GASOCENTRO DE GLP","PIURA","PIURA","CASTILLA","AV. PROGRESO Nº 1702","2026-08-09"
"8421","COESTI S.A","ESTACIÓN DE SERVICIO CON GASOCENTRO DE GLP","PIURA","PIURA","PIURA","AV. SANCHEZ CERRO ESQUINA AV. SULLANA LOTES 09, 10, 11 URB. CLUB GRAU","2026-08-09"
"84210","ECONOGAS S.R.L","ESTACIÓN DE SERVICIO CON GASOCENTRO DE GLP","PIURA","PIURA","PIURA","MZ. O SUB LOTE C II ZONA INDUSTRIAL","2026-08-08"
"8424","SERVICENTRO PANAMERICANO SOCIEDAD COMERCIAL DE RESPONSABILIDAD LIMITADA","ESTACIÓN DE SERVICIOS / GRIFOS","PUNO","SAN ROMAN","JULIACA","TAPARACHI MZ. S - 5 LOTESS 01, 02, 03, 04, 17, 18, 19 Y 20","2026-08-07"
"8425","PETRO SUR E.I.R.L.","ESTACIÓN DE SERVICIOS / GRIFOS","PUNO","EL COLLAO","ILAVE","KM. 2 CARRETERA PANAMERICANA ILAVE-DESAGUADERO","2026-07-29"
"8426","CHOQUE CONDORI RENE JORGE","ESTACIÓN DE SERVICIOS / GRIFOS","PUNO","LAMPA","PUCARA","JR. PUMACAHUA S/N.","2026-08-07"
"8428","DAYNE GRACIELA ANDÍA QUISPE","ESTACIÓN DE SERVICIOS / GRIFOS","PUNO","CHUCUITO","DESAGUADERO","AV. PROLONGACION ILO S/N. CARRETERA DESAGUADERO-MAZOCRUZ","2026-08-07"
"84295","SERVICENTRO MAURI SAC","ESTACIÓN DE SERVICIOS / GRIFOS","UCAYALI","CORONEL PORTILLO","CALLERIA","AV. PROLONGACION SAN MARTIN N° 495, MZ. Ñ, LTS 2, 17, 18, 19 Y 20, AA.HH. 11 DE JULIO","2026-08-08"
"8432","HALCON GROUP SOCIEDAD ANONIMA CERRADA - HALCON GROUP S.A.C.","ESTACIÓN DE SERVICIOS / GRIFOS","AREQUIPA","AREQUIPA","UCHUMAYO","VARIANTE DE UCHUMAYO KM. 10","2026-08-08"
"84366","ESTACIÓN DE SERVICIOS SAN RAFAEL","ESTACIÓN DE SERVICIOS / GRIFOS","CAJAMARCA","HUALGAYOC","BAMBAMARCA","AVENIDA TUPAC AMARU N° 1071 - 1073","2026-08-07"
"84375","PETRONEX PERU SOCIEDAD ANONIMA CERRADA","ESTACIÓN DE SERVICIO CON GASOCENTRO DE GLP","LIMA","BARRANCA","BARRANCA","MZ A, LOTE 01 - CP LAS GARDENIAS (COSTADO DE PARQUE LAS GARDENIAS)","2026-08-07"
"84380","COMPANIA OPERADORA DE LA SELVA","ESTACIÓN DE SERVICIO CON GASOCENTRO DE GLP","UCAYALI","CORONEL PORTILLO","CALLERIA","AV. CENTENARIO Nº 488","2026-08-09"
"84403","HECTOR ALFONSO TORPOCO MAYTA","ESTACIÓN DE SERVICIO CON GASOCENTRO DE GLP","JUNIN","SATIPO","SATIPO","JR. AUGUSTO B. LEGUIA Nº 898, ESQ. CON JR. 28 DE JULIO","2026-08-07"
"8443","COESTI S.A.","ESTACIÓN DE SERVICIOS / GRIFOS","PIURA","PIURA","PIURA","AV. PANAMERICANA Y COUNTRY S/N URB. SAN EDUARDO","2026-08-09"
"8444","GRIFO CONTINENTAL S.A.C.","ESTACIÓN DE SERVICIOS / GRIFOS","CAJAMARCA","CAJAMARCA","CAJAMARCA","JR. ANGAMOS Nº 1108","2026-08-08"
"84456","GRIFO'S YUBALY EMPRESA INDIVIDUAL DE RESPONSABILIDAD LIMITADA","ESTACIÓN DE SERVICIOS / GRIFOS","CUSCO","URUBAMBA","URUBAMBA","AUTOPISTA URUBAMBA-OLLANTAYTAMBO KM 7.700 SECTOR YANAHUARA","2026-08-06"
"84478","AUTOMOTRIZ ANDINA S.A.","ESTACIÓN DE SERVICIO CON GASOCENTRO DE GLP","AREQUIPA","AREQUIPA","MIRAFLORES","AV. SEPÚLVEDA N° 434 ESQUINA CON AV. TENIENTE FERRE","2026-08-09"
"84487","GRIFO TORRES EIRL","ESTACIÓN DE SERVICIOS / GRIFOS","SAN MARTIN","MARISCAL CACERES","JUANJUI","JR. DOS DE MAYO CON PROLONGACIÓN DOS DE MAYO","2026-08-07"
"84522","ENERGIGAS S.A.C.","EE.SS con GLP y GNV","LIMA","LIMA","SAN MARTIN DE PORRES","AV. TOMAS VALLE N° 1207","2026-08-09"
"84523","GRIFO J.H.P. E.I.R.LTDA.","ESTACIÓN DE SERVICIOS / GRIFOS","LIMA","LIMA","LIMA","AV. OSCAR R. BENAVIDES INTERSECCIÓN JR. PRESBITERO GÁSPAR HERNÁNDEZ","2026-08-08"
"84568","ESTACION DE SERVICIOS PETROFAST SAC","ESTACIÓN DE SERVICIO CON GASOCENTRO DE GLP","TUMBES","TUMBES","CORRALES","CARRETERA PANAMERICANA NORTE KM 1266 + 579,6","2026-08-08"
"84582","GRUPO JUSAT S.A.C.","ESTACIÓN DE SERVICIO CON GASOCENTRO DE GLP","LIMA","HUAROCHIRI","SANTA EULALIA","AV. BOLIVAR S/N, SUB LOTES 2 C3 (CARRETERA CENTRAL LIMA - LA OROYA KM. 37.5)","2026-08-08"
"84583","INVERSIONES GRIFO MARANGANI EMPRESA INDIVIDUAL DE RESPONSABILIDAD LIMITADA","ESTACIÓN DE SERVICIOS / GRIFOS","CUSCO","CANCHIS","MARANGANI","CHECTUYOC SECTOR CHAUPI QQUECHAPAMPA CARRETERA PANAMERICANA","2026-08-08"
"84588","COESTI S.A  JAVIER PRADO 2","EE.SS con GLP y GNV","LIMA","LIMA","LA MOLINA","AV. JAVIER PRADO ESTE MZ. O - 6 LOTE 3, ESQUINA CALLE TOULON, URB. LA RIVERA DE MONTERRICO","2026-08-09"
"84595","GASOCENTRO IVONNE DAYANA E.I.R.L","GASOCENTROS DE GLP","HUANUCO","LEONCIO PRADO","RUPA-RUPA","AVENIDA TITO JAIME FERNANDEZ N° 723","2026-08-06"
"84657","ESTACION DE SERVICIOS SANTO TOMAS DE LIMA S.A.C.","ESTACIÓN DE SERVICIO CON GASOCENTRO DE GLP","LA LIBERTAD","PACASMAYO","SAN PEDRO DE LLOC","CARRETERA PANAMERICANA SUR - VIA EVITAMIENTO 122 (PANAMERICANA NORTE KM 658)","2026-08-08"
"84658","GRIFO AMERICANAS EIRL","ESTACIÓN DE SERVICIOS / GRIFOS","CUSCO","CANAS","YANAOCA","PROLONGACIÓN AV. TUPAC AMARU S/N","2026-08-08"
"84666","ENERGY GASS SRL","ESTACIÓN DE SERVICIO CON GASOCENTRO DE GLP","LAMBAYEQUE","CHICLAYO","CHICLAYO","CALLE LORETO 215 ZONA INDUSTRIAL PATAZCA","2026-08-09"
"84706","ESTACION DE SERVICIOS JAVIMARK S.A.C.","ESTACIÓN DE SERVICIOS / GRIFOS","AMAZONAS","BAGUA","BAGUA","CARRETERA BAGUA - EL MILAGRO KM 2+854","2026-08-07"
"8472","ESTACION DE SERVICIO PACIFICO S.R.L.","ESTACIÓN DE SERVICIO CON GASOCENTRO DE GLP","LA LIBERTAD","TRUJILLO","TRUJILLO","AV. AMERICA DEL NORTE Nº 108-114 ESQ. PROGN UNION Nº 1313","2026-08-09"
"84720","COMBUSTIBLES DEL ORIENTE S.A.C.","ESTACIÓN DE SERVICIOS / GRIFOS","UCAYALI","CORONEL PORTILLO","CALLERIA","JR. COMANDANTE BARRERA ESQUINA CON JR. INDEPENDENCIA 698 MZ. 347 LOTE 12","2026-08-07"
"84722","ESTACION DE SERVICIO MEXICO E.I.R.L.","ESTACIÓN DE SERVICIOS / GRIFOS","CAJAMARCA","JAEN","JAEN","AV. PAKAMUROS N° 1290","2026-08-05"
"8473","ESTACION DE SERVICIOS SANTO TOMAS DE LIMA S.A.C.","ESTACIÓN DE SERVICIOS / GRIFOS","AREQUIPA","AREQUIPA","SACHACA","CARRETERA VARIANTE DE UCHUMAYO KM 1.5","2026-08-08"
"8475","GRIFO AEROPUERTO 610 S.A.C.","ESTACIÓN DE SERVICIO CON GASOCENTRO DE GLP","AREQUIPA","CARAVELI","CHALA","CARRETERA PANAMERICANA SUR KM. 610","2026-08-07"
"84750","GRUPO AMERICANFER S.A.C.","ESTACIÓN DE SERVICIOS / GRIFOS","CUSCO","CUSCO","SAN SEBASTIAN","S/N VIA EXPRESA - URB. LOS MANANTIALES","2026-08-08"
"8479","COESTI S.A","EE.SS con GLP y GNV","LIMA","LIMA","SAN MIGUEL","AV. LA PAZ 1200, ESQUINA CALLE FRANCISCO DE ZELA","2026-08-08"
"84794","GRIFO ROMEL S.R.L.","GRIFOS FLOTANTES","LORETO","MAYNAS","PUNCHANA","MARGEN DERECHA DEL RIO NANAY, BALNEARIO BELLAVISTA NANAY","2026-08-04"
"8480","NEGRON BARDALEZ TRADING EIRL","ESTACIÓN DE SERVICIOS / GRIFOS","CUSCO","CUSCO","SAN SEBASTIAN","AV. DE LA CULTURA LOTE 8. URB. SANTA ROSA","2026-08-07"
"84805","COESTI S.A.","EE.SS con GLP y GNV","LIMA","LIMA","SAN JUAN DE LURIGANCHO","AV. MALECÓN CHECA EGUIGUREN N° 175-181","2026-08-09"
"84873","NEGOCIACIONES SHALOM S.R.L.","ESTACIÓN DE SERVICIOS / GRIFOS","AYACUCHO","HUAMANGA","AYACUCHO","ASENTAMIENTO HUMANO COVADONGA MZ. Q2 LOTE 14","2026-08-08"
"8488","INVERSIONES ARIAS S.A.C.","ESTACIÓN DE SERVICIOS / GRIFOS","HUANUCO","LEONCIO PRADO","RUPA-RUPA","AV. ENRIQUE PIMENTEL CON LA AV. SVEN ERICKSON LT.120 MZ.M","2026-08-06"
"84881","GRIFO CRISTO REY","ESTACIÓN DE SERVICIOS / GRIFOS","MADRE DE DIOS","TAMBOPATA","LABERINTO","N° 4 PARCELA (KM 49 SECTOR SANTO DOMINGO 100 MT DEL CRUCE)","2026-08-07"
"8489","ESTACION DE VENTA Y SERVICIOS MI CIELITO E.I.R.L.","ESTACIÓN DE SERVICIOS / GRIFOS","AMAZONAS","BONGARA","JAZAN","AVENIDA MARGINAL N° 161","2026-08-08"
"84908","MAX GAS SAC","ESTACIÓN DE SERVICIO CON GASOCENTRO DE GLP","PIURA","PIURA","VEINTISEIS DE OCTUBRE","PROLONGACION AV. SANCHEZ CERRO MZA. B - HABILITACION URBANA INDUSTRIAL - PARCELA J - ALTURA CARRETERA PANAMERICANA NORTE KM. 1004","2026-08-08"
"8492","GRIFO CENTRO MOTRIZ CHIVAY SOCIEDAD ANONIMA CERRADA","ESTACIÓN DE SERVICIOS / GRIFOS","AREQUIPA","CAYLLOMA","CHIVAY","AV. 22 DE AGOSTO Nº 601","2026-08-08"
"84956","ESTACIÓN DE SERVICIOS HERMANOS AYAR SOCIEDAD COMERCIAL DE RESPONSABILIDAD LIMITADA","ESTACIÓN DE SERVICIOS / GRIFOS","CUSCO","CUSCO","SANTIAGO","URB. JUAN ESPINOZA MEDRANO LOTE D-5","2026-08-07"
"8497","GRIFO PETROFAX","ESTACIÓN DE SERVICIOS / GRIFOS","PUNO","SAN ROMAN","JULIACA","AV. LAMPA N° 815","2026-08-06"
"84975","GRIFO BRISMAR EIRL","ESTACIÓN DE SERVICIOS / GRIFOS","AMAZONAS","BAGUA","BAGUA","JR. COMERCIO C-10 Y AV. CIRCUNVALACION C-9","2026-08-07"
"84981","AMADOR GUTIERREZ DELGADO","ESTACIÓN DE SERVICIOS / GRIFOS","MADRE DE DIOS","TAMBOPATA","INAMBARI","CAR. COMUNIDAD PALMERAS KM. 177","2026-08-07"
"84984","ESTACION DE SERVICIOS SAN LUIS EIRL II","ESTACIÓN DE SERVICIO CON GASOCENTRO DE GLP","AMAZONAS","UTCUBAMBA","BAGUA GRANDE","AV. CHACHAPOYAS MZ SL LOTE 8 SECTOR SAN LUIS","2026-08-07"
"85013","FAUSTO NONATO RAMOS","ESTACIÓN DE SERVICIOS / GRIFOS","LIMA","LIMA","CIENEGUILLA","AV. SAN MARTIN KM 17.8, MZ C - LT 2 Y 3 - ASOCIACION DE VIVIENDAS LA ESPERANZA DE CIENEGUILLA","2026-08-08"
"85055","SERVICENTRO CHAMPACCOCHA","ESTACIÓN DE SERVICIOS / GRIFOS","APURIMAC","ANDAHUAYLAS","SAN JERONIMO","CENTRO POBLADO CHAMPACCOCHA - CARRETERA ANDAHUAYLAS - ABANCAY","2026-08-07"
"8506","KAMAGI CORPORACION DE SERVICIOS GENERALES S.A.C.","ESTACIÓN DE SERVICIOS / GRIFOS","LIMA","LIMA","LOS OLIVOS","AV. ANGELICA GAMARRA MZ. B, LTS. 3 Y 4 - URB. EL TREBOL III ETAPA","2026-08-07"
"85065","GRIFO INAMBARI EMPRESA INDIVIDUAL DE RESPONSABILIDAD LIMITADA - GRIFO INAMBARI E.I.R.L.","ESTACIÓN DE SERVICIOS / GRIFOS","MADRE DE DIOS","TAMBOPATA","INAMBARI","FRACCION DE LA UNIDAD CATASTRAL Nº 30046 DE LA PARCELA 10 - SECTOR LAS PALMERAS","2026-08-07"
"8507","INVERSIONES PETRO GAS S&C E.I.R.L.","ESTACIÓN DE SERVICIO CON GASOCENTRO DE GLP","ICA","ICA","PARCONA","AV. PROLONGACION MIGUEL GRAU S/N (JUNTO PUENTE LA ACHIRANA)","2026-08-08"
"8508","SERVICENTRO CESAR SRL","ESTACIÓN DE SERVICIOS / GRIFOS","LORETO","MAYNAS","IQUITOS","AV. ALFONSO UGARTE N° 700-712 ESQ. CON BOLOGNESI N° 1296","2026-08-08"
"8509","FULL SERVICE SAN VICENTE S.R.L. - FUSEVI S.R.LTDA.","ESTACIÓN DE SERVICIO CON GASOCENTRO DE GLP","LIMA","CAÑETE","SAN VICENTE DE CAÑETE","AV. MARISCAL BENAVIDES N° 2433","2026-08-07"
"85107","INVERSIONES GASSURCO S.A.C.","EE.SS con GLP y GNV","LIMA","LIMA","SANTIAGO DE SURCO","AV. GUARDIA CIVIL N° 1024 MZ. B. LT 1, URB. SANTA ROSA DE SURCO","2026-08-08"
"8511","HENRY GUSTAVO GUERRA YUCRA","ESTACIÓN DE SERVICIOS / GRIFOS","PUNO","PUNO","PUNO","CARRETERA PUNO - MOQUEGUA KM 3 + 500","2026-08-07"
"85113","ESTACION DE SERVICIOS LOS NORTEÑOS S.A.C.","ESTACIÓN DE SERVICIOS / GRIFOS","LIMA","LIMA","LURIN","ZONA A PARC. HUERTOS DE SANTA GENOVEVA AV. ANT. PANAMERICANA SUR MZ. E LT. 1 SUB A","2026-08-06"
"85115","ARTURO DEL CARPIO DELGADO","ESTACIÓN DE SERVICIOS / GRIFOS","MADRE DE DIOS","TAMBOPATA","INAMBARI","FRACCIÓN DE LA PARCELA 29, MARGEN DERECHA DE LA CARRETERA INTEROCEÁNICA (TRAMO SANTA ROSA PUENTE INAMBARI)","2026-08-04"
"85117","ESTACION DE SERVICIOS NEW MEJIA E.I.R.L.","ESTACIÓN DE SERVICIOS / GRIFOS","CAJAMARCA","CUTERVO","CUTERVO","ESQUINA DE AV. SAN JUAN S/N Y AV CIRCUNVALACION","2026-08-08"
"85148","EMPRESA DE ESTACIÓN DE SERVICIOS BOLDMAR SOCIEDAD ANONIMA CERRADA","ESTACIÓN DE SERVICIO CON GASOCENTRO DE GLP","HUANUCO","LEONCIO PRADO","JOSE CRESPO Y CASTILLO","CARRETERA FERNANDO BELAUNDE TERRY KM 1 - AUCAYACU","2026-08-07"
"85151","MEGA GAS SAC","ESTACIÓN DE SERVICIO CON GASOCENTRO DE GLP","LAMBAYEQUE","CHICLAYO","CHICLAYO","AV. SALAVERRY 490 - URB. PATAZCA","2026-08-08"
"8516","GRIFO TAPIA EIRL.","ESTACIÓN DE SERVICIOS / GRIFOS","CUSCO","CUSCO","SAN JERONIMO","AV. MANCO CAPAC Nº 240","2026-08-08"
"8518","CHIE S.A.C.","EE.SS con GNV","LIMA","LIMA","BREÑA","JR. ORBEGOSO Nº 300, ESQUINA CON JR. HUARAZ","2026-08-08"
"8519","CORPORACION CAMAJEA S.A.C.","ESTACIÓN DE SERVICIO CON GASOCENTRO DE GLP","LIMA","LIMA","LOS OLIVOS","AV. NARANJAL INTERSECCION AV. CANTA CALLAO Y CALLE 11 MZ. P-3 LTS. 1,2 ,70 ,71 URB. LOS NARANJOS","2026-08-07"
"85210","PETRO  LUMARA SAC","EE.SS con GLP y GNV","LIMA","LIMA","SAN JUAN DE LURIGANCHO","AV. LAS LOMAS MZ. Q SUB LOTE1-A - URB. ZARATE","2026-08-08"
"8523","COESTI S.A. - ES SEÑOR DE CAÑA","ESTACIÓN DE SERVICIOS / GRIFOS","AREQUIPA","AREQUIPA","YANAHUARA","CALLE GRANDE N° 239","2026-08-08"
"85235","AXON PETROL S.A.C.","ESTACIÓN DE SERVICIOS / GRIFOS","CAJAMARCA","JAEN","JAEN","AV. PAKAMUROS N° 834 ESQ. CA. LEONCIO PRADO SECTOR MORRO SOLAR","2026-08-09"
"85236","COMBUSTIBLES RONALDO E.I.R.L.","ESTACIÓN DE SERVICIOS / GRIFOS","JUNIN","SATIPO","PANGOA","INTERSECCION AV. PANGOA Y CALLE KIATARI","2026-08-07"
"85237","ESTACION DE SERVICIOS GARCIA S.C.R.L.","ESTACIÓN DE SERVICIO CON GASOCENTRO DE GLP","HUANUCO","LEONCIO PRADO","RUPA-RUPA","AA.VV. LOS TINGALES LOTE Nº 10-B - AFILADOR","2026-08-09"
"85238","AREVALO SALAS GENY","ESTACIÓN DE SERVICIOS / GRIFOS","LORETO","ALTO AMAZONAS","YURIMAGUAS","CARRETERA MUNICHIS KM.1.5","2026-08-08"
"8524","J.A. Y F. INVERSIONES S.R.LTDA.","ESTACIÓN DE SERVICIOS / GRIFOS","LIMA","LIMA","VILLA EL SALVADOR","AV. MARIANO PASTOR SEV. ESQ. CON LA AV. C. VALLEJO","2026-08-08"
"85248","ESTACION DE SERVICIOS SAN ANTONIO","ESTACIÓN DE SERVICIOS / GRIFOS","AMAZONAS","RODRIGUEZ DE MENDOZA","MARISCAL BENAVIDES","AV. 28 DE JULIO S/N - CASERIO JUANDIL","2026-08-09"
"8526","GRIFOS KAMT S.A.C.","ESTACIÓN DE SERVICIO CON GASOCENTRO DE GLP","LA LIBERTAD","CHEPEN","CHEPEN","CARRETERA PANAMERICANA NORTE KM. 696.5","2026-08-07"
"8528","GRIFO VELOZ","ESTACIÓN DE SERVICIO CON GASOCENTRO DE GLP","ICA","ICA","ICA","CARRETERA PANAMERICANA SUR KM. 301 ZONA INDUSTRIAL LA ANGOSTURA","2026-08-07"
"85326","SERVICENTRO MAYTA SRL","ESTACIÓN DE SERVICIOS / GRIFOS","UCAYALI","PADRE ABAD","IRAZOLA","JUNTA VECINAL LAS PALMERAS MZ. Y-2, LOTE 01, CARRETERA FEDERICO BASADRE KM 110","2026-08-08"
"85327","SERVICENTRO ESPINOZA","ESTACIÓN DE SERVICIOS / GRIFOS","UCAYALI","CORONEL PORTILLO","CALLERIA","ESQUINA JR. ANTONIO MAYA DE BRITO CON JR. CALLERIA, MZ. H, LOTE 20","2026-08-08"
"8535","PETRONEX PERU S.A.C.","ESTACIÓN DE SERVICIO CON GASOCENTRO DE GLP","LA LIBERTAD","TRUJILLO","TRUJILLO","AV. VICTOR LARCO HERRERA N° 885 URB. LA MERCED","2026-08-08"
"8536","RODAS PETROL S.A.C.","ESTACIÓN DE SERVICIOS / GRIFOS","PUNO","SAN ROMAN","JULIACA","CARRETERA JULIACA - LAMPA KM. 3.5","2026-08-01"
"8537","NEGOCIACIONES ISRAEL E.I.R.L.","ESTACIÓN DE SERVICIOS / GRIFOS","PUNO","MELGAR","SANTA ROSA","AV. SIMON BOLIVAR S/N","2026-08-07"
"85379","ZETA GAS ANDINO S.A","GASOCENTROS DE GLP","AREQUIPA","AREQUIPA","CERRO COLORADO","INTERSECCION DE LA AV. PERU CON LA AV. PUNO","2026-07-24"
"8538","COESTI SA","EE.SS con GLP y GNV","LIMA","LIMA","MAGDALENA DEL MAR","JR. SALAVERRY N°478-480","2026-08-08"
"8539","REPSOL COMERCIAL S.A.C.","ESTACIÓN DE SERVICIOS / GRIFOS","LIMA","LIMA","SAN MIGUEL","AV. LA MARINA N° 2530","2026-08-09"
"85417","ESTACION DE SERVICIOS KALIN S.A.C","ESTACIÓN DE SERVICIO CON GASOCENTRO DE GLP","LA LIBERTAD","TRUJILLO","TRUJILLO","PROLONGACIÓN AV. CESAR VALLEJO MZ. 46-B LOTE 01 TERCERA ETAPA FASE II URB. LA RINCONADA","2026-08-08"
"8543","SERVICENTRO MIRAFLORES S.R.LTDA.","ESTACIÓN DE SERVICIOS / GRIFOS","AREQUIPA","AREQUIPA","MIRAFLORES","AV. TARAPACA 1001 - UNION EDIFICADORES MISTI","2026-08-08"
"8544","EMILIA ESTELA LUZA DE LLOSA","ESTACIÓN DE SERVICIOS / GRIFOS","AREQUIPA","AREQUIPA","SAN JUAN DE SIGUAS","CARRETERA PANAMERICANA SUR KM. 913","2026-08-06"
"85442","PETROCENTRO URUBAMBA S.A.C.","ESTACIÓN DE SERVICIOS / GRIFOS","CUSCO","URUBAMBA","URUBAMBA","CARRETERA URUBAMBA-OLLANTAYTAMBO LOTE Nº 1, SECTOR YANAHUARA","2026-08-08"
"85444","ALONSO TOCTO CHINCHAY","ESTACIÓN DE SERVICIOS / GRIFOS","PIURA","HUANCABAMBA","SAN MIGUEL DE EL FAIQUE","CARRETERA EL FAIQUE CANCHAQUE SECTOR HUAYANAY","2026-08-07"
"85448","NELLY ANTEZANA BARREDA","ESTACIÓN DE SERVICIOS / GRIFOS","CUSCO","LA CONVENCION","SANTA ANA","VIA SAMBARAY CARRETERA QUILLABAMBA ECHARATI SECTOR PITOBAMBA SAMBARAY","2026-08-05"
"85453","GRIFOS ESTRELLA DE DAVID E.I.R.L","ESTACIÓN DE SERVICIO CON GASOCENTRO DE GLP","LA LIBERTAD","TRUJILLO","TRUJILLO","MZ.W-3, LOTE 01, INTERSECCION DE LA AV.AMERICA OESTE Y AV. ANTENOR ORREGO URB. EL CORTIJO","2026-08-04"
"8546","FORMAS METALICAS S.A.","EE.SS con GNV","LIMA","LIMA","LIMA","AV. ARGENTINA Nº 915","2026-08-07"
"8547","DISTRIBUIDORA DE COMBUSTIBLE SAN MATEO S.R.L.","ESTACIÓN DE SERVICIOS / GRIFOS","LIMA","HUAROCHIRI","SAN MATEO","AV. LEGUIA N° 110","2026-08-03"
"85477","CGHL SAC","ESTACIÓN DE SERVICIO CON GASOCENTRO DE GLP","LA LIBERTAD","TRUJILLO","TRUJILLO","AV. CESAR VALLEJO MZ. 46 SUB LOTES C2-1A C2-1B URB LA RINCONADA IV ETAPA","2026-08-08"
"8548","JAMSI S.A.C.","ESTACIÓN DE SERVICIOS / GRIFOS","AREQUIPA","AREQUIPA","ALTO SELVA ALEGRE","ESQUINA AV. AREQUIPA Y CALLE TACNA","2026-08-05"
"8549","SERVICENTRO EL MAJEÑO S.R.L.","ESTACIÓN DE SERVICIOS / GRIFOS","AREQUIPA","CASTILLA","APLAO","CENTRO POBLADO COSOS MZ. K LOTE 1","2026-08-07"
"8550","ESTACION DE SERVICIOS WYE S.R.L","ESTACIÓN DE SERVICIOS / GRIFOS","AREQUIPA","AREQUIPA","JOSE LUIS BUSTAMANTE Y RIVERO","COOPERATIVA RIEGO DEL CHILI MZ. F LTS. 10 Y 11","2026-08-07"
"8552","COESTI S.A","ESTACIÓN DE SERVICIOS / GRIFOS","PIURA","PIURA","PIURA","AV. GRAU N° 1308","2026-08-09"
"85534","GASOCENTRO  Y AUTOSERVICIOS REAL  SAC","EE.SS con GLP y GNV","LIMA","LIMA","SAN JUAN DE LURIGANCHO","AV. PROCERES DE INDEPENDENCIA 2555. ESQ. CON JR. ESTRELLAS","2026-08-09"
"8555","GLOBAL FUEL S.A.","ESTACIÓN DE SERVICIOS / GRIFOS","AREQUIPA","AREQUIPA","JOSE LUIS BUSTAMANTE Y RIVERO","URB. LA ESTRELLA C-13","2026-08-07"
"8556","GLOBAL FUEL S.A.","ESTACIÓN DE SERVICIOS / GRIFOS","AREQUIPA","AREQUIPA","SOCABAYA","AVENIDA SAN FERNANDO ESQUINA CON JR. CHORRILLOS, MZ. A - LOTES 1 Y 2, ASOCIACIÓN DE VIVIENDA GRANJA VILLA DEL SUR","2026-08-07"
"8559","GRIFO SAN FRANCISCO DE ASIS SAC","ESTACIÓN DE SERVICIOS / GRIFOS","LAMBAYEQUE","LAMBAYEQUE","JAYANCA","CALLE DIEGO FERRE 204 - 210","2026-08-01"
"8561","SERGIO CABREJOS JARA","ESTACIÓN DE SERVICIO CON GASOCENTRO DE GLP","LAMBAYEQUE","FERREÑAFE","FERREÑAFE","AV. BATANGRANDE N.° 291","2026-08-08"
"8562","CONSORCIOS MORI S.R.L.","ESTACIÓN DE SERVICIOS / GRIFOS","LAMBAYEQUE","LAMBAYEQUE","LAMBAYEQUE","CARRETERA PANAMERICANA NORTE KM. 776.5","2026-08-05"
"85621","GRIFO FLOTANTE PRADERA I E.I.R.L.","GRIFOS RURALES CON ALMACENAMIENTO EN CILINDROS","LORETO","ALTO AMAZONAS","LAGUNAS","CALLE 09 DE FEBRERO S/N, AA.HH. SANTA GEMA","2026-08-07"
"8564","COESTI S.A","ESTACIÓN DE SERVICIO CON GASOCENTRO DE GLP","PIURA","PIURA","PIURA","ZONA INDUSTRIAL MZ. 248 LT. 1A","2026-08-09"
"85653","ADELINO RIVERA PEREZ","GRIFOS FLOTANTES","LORETO","DATEM DEL MARAÑON","BARRANCA","PUERTO DE EMBARCADERO DEL POBLADO DE SAN LORENZO-MARGEN IZQUIERDA RIO MARAÑON","2026-07-30"
"8566","R & K CONSTRUCTORES SAC","ESTACIÓN DE SERVICIOS / GRIFOS","CUSCO","QUISPICANCHI","URCOS","PROLONGACION MARIANO SANTOS S/N SECTOR CALICANTO","2026-08-05"
"85669","FEY PARTNERS S.A.C.","ESTACIÓN DE SERVICIOS / GRIFOS","LIMA","LIMA","ATE","AV. MARCO DE LA PUENTE LLANOS ESQ. CON CALLE 4 MZ. ""E"" LOTE 3B, URB. BARBADILLO","2026-08-09"
"85673","JL COMBUSTIBLES E.I.R.L.","GRIFOS FLOTANTES","LORETO","DATEM DEL MARAÑON","BARRANCA","PUERTO DE EMBARCADERO DEL POBLADO DE SAN LORENZO-MARGEN IZQUIERDA RIO MARAÑON","2026-08-05"
"85680","FRAMAR E HIJOS SRL","ESTACIÓN DE SERVICIOS / GRIFOS","AREQUIPA","AREQUIPA","SANTA RITA DE SIGUAS","AA.HH. NUEVA JUVENTUD, ZONA A, MZ. G, LOTE 1","2026-08-08"
"8569","SERVICENTRO SAN LUIS SRL","ESTACIÓN DE SERVICIO CON GASOCENTRO DE GLP","HUANUCO","HUANUCO","AMARILIS","AV. ESTEBAN PAVLETICH Nº 632, SECTOR 3 - SAN LUIS","2026-08-07"
"85698","COESTI S.A.","EE.SS con GLP y GNV","LIMA","LIMA","ATE","AV. NICOLAS AYLLON N° 2039","2026-08-08"
"8570","FRANCISCO CARBAJAL BERNAL S.A.","ESTACIÓN DE SERVICIOS / GRIFOS","AREQUIPA","AREQUIPA","YANAHUARA","VARIANTE DE UCHUMAYO KM. 3.5","2026-08-07"
"8572","GRIFO SEÑOR DE LA BUENA ESPERANZA","ESTACIÓN DE SERVICIOS / GRIFOS","CAJAMARCA","SANTA CRUZ","SANTA CRUZ","AV. LOS MAESTROS N° 230","2026-08-07"
"8576","SANTA ROSA E.I.R.L.","ESTACIÓN DE SERVICIOS / GRIFOS","SAN MARTIN","RIOJA","RIOJA","AV. CARRETERA MARGINAL OESTE N° 800-802","2026-08-07"
"85763","EDGAR FERNANDO NAVARRO BALVIN","ESTACIÓN DE SERVICIOS / GRIFOS","JUNIN","HUANCAYO","SICAYA","CALLE REAL Nº 496","2026-08-07"
"85781","ESTACION DE SERVICIOS LAS ORQUIDEAS S.A.C.","ESTACIÓN DE SERVICIO CON GASOCENTRO DE GLP","PASCO","OXAPAMPA","VILLA RICA","LT.Nº4 MZ P URB. MIRAFLORES-CARRETERA MARGINAL Y CALLE Nº 18","2026-08-07"
"8579","COMBUSTIBLES GRIFO SAN MARTIN DE PORRES S.A.C.","ESTACIÓN DE SERVICIOS / GRIFOS","ANCASH","BOLOGNESI","CHIQUIAN","AV. SANTA ROSA S/N","2026-07-31"
"8580","ENERGIGAS SAC","ESTACIÓN DE SERVICIO CON GASOCENTRO DE GLP","LIMA","LIMA","PUENTE PIEDRA","CARRETERA PANAMERICANA NORTE KM. 29,5","2026-08-09"
"8581","ESTACION DE SERVICIOS PASO DE LOS ANDES S.A.C.","ESTACIÓN DE SERVICIO CON GASOCENTRO DE GLP","LIMA","BARRANCA","BARRANCA","CARRETERA PANAMERICANA NORTE KM. 193. BARRIO DE ATAHUALPA","2026-08-07"
"8583","PETROSUR S.A.C.","EE.SS con GLP y GNV","LIMA","LIMA","VILLA EL SALVADOR","CARRETERA PANAMERICANA SUR KM. 19.5","2026-08-09"
"85854","PETROGAS S.A","GRIFOS FLOTANTES","UCAYALI","CORONEL PORTILLO","CALLERIA","MARGEN IZQUIERDA DEL RIO UCAYALI","2026-08-08"
"8586","COESTI  LA PAZ","ESTACIÓN DE SERVICIO CON GASOCENTRO DE GLP","LIMA","LIMA","SAN MIGUEL","AV. LA PAZ N° 915. ESQ. CON CALLE INCLAN","2026-08-09"
"8587","GRIFO MI AMANDITA EIRL","ESTACIÓN DE SERVICIO CON GASOCENTRO DE GLP","LAMBAYEQUE","CHICLAYO","JOSE LEONARDO ORTIZ","AV. AGRICULTURA N° 1101 AA.HH. VILLA HERMOSA (ANTES AV. AGRICULTURA ESQ. CON AV. LAMBAYEQUE)","2026-08-08"
"8588","ESTACION RIVER FRONT","ESTACIÓN DE SERVICIO CON GASOCENTRO DE GLP","PIURA","PIURA","CASTILLA","MALECON MARIA AUXILIADORA L0TE 34 URB. MIRAFLORES","2026-08-09"
"85884","GRIFO ISABELLA VG E.I.R.L.","ESTACIÓN DE SERVICIOS / GRIFOS","LAMBAYEQUE","FERREÑAFE","FERREÑAFE","AV. AUGUSTO B. LEGUIA Nª 499","2026-08-04"
"8590","REPSOL COMERCIAL S.A.C.","ESTACIÓN DE SERVICIOS / GRIFOS","LIMA","LIMA","CHACLACAYO","NICOLAS AYLLON Nº 2274","2026-08-09"
"8593","RC PLUS GRIFOS S.A.C.","ESTACIÓN DE SERVICIOS / GRIFOS","PUNO","HUANCANE","HUANCANE","AV. MARINA Nº 496","2026-08-08"
"8596","GRIFO SAN JORGE","ESTACIÓN DE SERVICIOS / GRIFOS","LA LIBERTAD","TRUJILLO","TRUJILLO","AV. TÚPAC AMARU CUADRA 15 URB. MOCHICA","2026-08-09"
"86030","ESTACION DE SERVICIOS YAOMA E.I.R.L.","ESTACIÓN DE SERVICIOS / GRIFOS","LIMA","LIMA","ATE","AV. 15 JULIO S/N. LOTES 10, 17 Y 18 ZONA K, PUEBLO JOVEN PROYECTO ESPECIAL HUAYCAN","2026-07-31"
"8606","GRIFO PILCOMAYO E.I.R.L.","ESTACIÓN DE SERVICIOS / GRIFOS","JUNIN","HUANCAYO","PILCOMAYO","AV CORONEL PARRA N° 1260","2026-08-07"
"86068","G. INVERSIONES SAC","ESTACIÓN DE SERVICIO CON GASOCENTRO DE GLP","AREQUIPA","ISLAY","MOLLENDO","CALLE N°2 ESQUINA CON CALLE N°10, MZ G, LOTE 7 ASOCIACIÓN APIAMO","2026-08-08"
"8609","BIODIESEL PERU INTERNACIONAL SAC","EE.SS con GLP y GNV","ICA","ICA","SUBTANJALLA","CARRETERA PANAMERICANA SUR KM. 299.5","2026-08-08"
"86115","SERVICENTRO SAUCE SOCIEDAD ANONIMA CERRADA","ESTACIÓN DE SERVICIOS / GRIFOS","SAN MARTIN","SAN MARTIN","SAUCE","ESQ. AVENIDA LETICIA / JR. SARGENTO LORES","2026-08-07"
"86138","COESTI TOMAS VALLE","EE.SS con GLP y GNV","LIMA","LIMA","LOS OLIVOS","AV. TOMAS VALLE, ESQUINA AV. BETA, SECCION A-1, FUNDO GARAGAY BAJO, SECTOR B","2026-08-09"
"86146","ESTACION DE SERVICIO PURUCHUCO S.A.C.","ESTACIÓN DE SERVICIO CON GASOCENTRO DE GLP","LIMA","LIMA","ATE","AV. NICOLAS AYLLON N° 4500, URB. LOS PORTALES DE JAVIER PRADO","2026-08-07"
"86148","ESTACION DE  SERVICIOS CONSORCIO CORASMA SCRL","ESTACIÓN DE SERVICIOS / GRIFOS","PASCO","PASCO","TINYAHUARCO","AV. DANIEL ALCIDES CARRION S/N - CARRETERA CENTRAL KM. 288","2026-08-06"
"8625","GRIFO DEL CARMEN E.I.R.L.","ESTACIÓN DE SERVICIOS / GRIFOS","CUSCO","LA CONVENCION","SANTA ANA","JR. LIBERTAD N° 212","2026-08-01"
"8626","SERVICENTRO CHALPON S.A.C.","ESTACIÓN DE SERVICIO CON GASOCENTRO DE GLP","AYACUCHO","HUAMANGA","JESUS NAZARENO","CARRETERA AYACUCHO - HUANTA KM. 4.6","2026-08-08"
"86266","ENERGIGAS SAC","EE.SS con GLP y GNV","LIMA","LIMA","LA MOLINA","AV. JAVIER PRADO ESTE N° 5411, ESQ. CON CALLE LOS ALBARICOQUES, MZ Q, LOTE 11","2026-08-08"
"86284","COESTI S.A.","EE.SS con GLP y GNV","LIMA","LIMA","LIMA","AV. UNIVERSITARIA SUR N° 498","2026-08-07"
"86285","KALPU SAC","ESTACIÓN DE SERVICIO CON GASOCENTRO DE GLP","LIMA","LIMA","CARABAYLLO","URB. SANTO DOMINGO 6TA ETAPA MZ L-2 LTS 25, 26, 27, 28, 29, 30","2026-08-08"
"8630","ESTACION DE SERVICIOS GASOCENTRO EL MILAGRO","ESTACIÓN DE SERVICIO CON GASOCENTRO DE GLP","JUNIN","CONCEPCION","MATAHUASI","CARRETERA CENTRAL KM. 95.75","2026-08-08"
"86309","REPRESENTACIONES PACIFICO G Y M S.A.C.","ESTACIÓN DE SERVICIOS / GRIFOS","TACNA","TACNA","TACNA","AV. JORGE BASADRE GROHMANN SUR N° 1009","2026-08-08"
"86362","GRIFO SAGRADO CORAZON DE JESUS SOCIEDAD ANONIMA CERRADA","ESTACIÓN DE SERVICIOS / GRIFOS","AMAZONAS","UTCUBAMBA","LONYA GRANDE","CARRETERA LONYA GRANDE - CAMPO REDONDO - SECTOR VISTA ALEGRE - EL TOCHAL","2026-08-07"
"86367","ESTACION DE SERVICIOS APOSTOL SANTIAGO","ESTACIÓN DE SERVICIOS / GRIFOS","AYACUCHO","PAUCAR DEL SARA SARA","PAUSA","ESQUINA DE LA QUEBRADA CAMAL HUAYCO Y AV. NESTOR CASTILLA","2026-08-01"
"8638","PETROCRIS SOCIEDAD ANONIMA CERRADA - PETROCRIS S.A.C","ESTACIÓN DE SERVICIOS / GRIFOS","CUSCO","ANTA","ANTA","CARRETERA CUSCO-ABANCAY KM 30 SECTOR INQUILPATA","2026-08-06"
"86387","AHV COMBUSTIBLES S.A.C.","ESTACIÓN DE SERVICIOS / GRIFOS","LIMA","LIMA","ATE","CARRETERA CENTRAL KM 13.650 GLORIA BAJA","2026-08-08"
"8640","RICHARD NUÑEZ ROLDAN ","ESTACIÓN DE SERVICIOS / GRIFOS","CUSCO","CUSCO","SAN SEBASTIAN","URB. SURIHUAYLLA GRANDE MZ. LL S/N","2026-08-07"
"8642","COMERCIALIZADORA DE COMBUSTIBLES TRIVE&AMP;NTILDE&#X3B;O S.A.C.","EE.SS con GLP y GNV","ICA","ICA","ICA","AV. JOSE MATIAS MANZANILLA N°200","2026-08-07"
"8643","SERVICENTRO SEÑOR  DE HUANCA","ESTACIÓN DE SERVICIOS / GRIFOS","PUNO","EL COLLAO","ILAVE","AV. PUNO Nº 961","2026-08-08"
"8644","GRIFO MARAVILLAS S.C.R.L.","ESTACIÓN DE SERVICIOS / GRIFOS","PUNO","SAN ROMAN","JULIACA","CARRETERA JULIACA - CUSCO KM. 3.5","2026-08-06"
"8645","GRIFO PETROMASS S.R.L.","ESTACIÓN DE SERVICIOS / GRIFOS","PUNO","PUNO","PUNO","CARRETERA PUNO-DESAGUADERO KM. 6.5","2026-08-08"
"8646","INVERSIONES ROBLIT S.R.LTDA.","ESTACIÓN DE SERVICIOS / GRIFOS","CUSCO","CALCA","PISAC","PROLONGACION AV. AMAZONAS N° 660","2026-08-05"
"8651","INVERSIONES F.R.L. SAC","ESTACIÓN DE SERVICIOS / GRIFOS","AYACUCHO","HUAMANGA","AYACUCHO","AV. INDEPENDENCIA Nº 583 - 585, URB. MARISCAL CACERES","2026-07-31"
"8654","COMBUSTIBLES DEL ORIENTE SAC.","ESTACIÓN DE SERVICIOS / GRIFOS","UCAYALI","CORONEL PORTILLO","CALLERIA","AV. SAN MARTIN Nº 899","2026-08-08"
"8656","ESTACION DE SERVICIOS CHRISMAR EIRL","ESTACIÓN DE SERVICIO CON GASOCENTRO DE GLP","JUNIN","CHANCHAMAYO","CHANCHAMAYO","AV. PERU Nº 552","2026-08-09"
"86574","ESCOH S.A.C.","ESTACIÓN DE SERVICIO CON GASOCENTRO DE GLP","ICA","PISCO","PISCO","AV. FERMIN TANGUIS S/N, MZ A LOTES 4 Y 5 LOTIZACIÓN JUAN JOSÉ","2026-08-08"
"86590","ESTACIÓN DE SERVICIO CORCONA S.A.C.","ESTACIÓN DE SERVICIO CON GASOCENTRO DE GLP","LIMA","HUAROCHIRI","SANTA CRUZ DE COCACHACRA","AV. NICOLAS DE PIEROLA SUR N° 3404 C.P.C. POB. CORCONA","2026-08-07"
"8660","GRIFO'S BARTOLOME DEL SUR E.I.R.L.","ESTACIÓN DE SERVICIOS / GRIFOS","PUNO","CHUCUITO","DESAGUADERO","AV. PANAMERICANA NORTE S/N.","2026-08-08"
"8661","GRIFO AJP JULIACA S.A.C.","ESTACIÓN DE SERVICIOS / GRIFOS","PUNO","SAN ROMAN","JULIACA","AV. HEROES DEL PACIFICO Nº 896 - URB. LOS CHOFERES","2026-07-30"
"8662","GRIFO'S PETROSELVA S.R.L.","ESTACIÓN DE SERVICIOS / GRIFOS","CAJAMARCA","JAEN","JAEN","AV MESONES MURO Nº 1015","2026-08-07"
"86624","GRIFO SANDOVAL E.I.R.L.","ESTACIÓN DE SERVICIOS / GRIFOS","LAMBAYEQUE","LAMBAYEQUE","MORROPE","CENTRO POBLADO CRUZ DEL MEDANO S/N","2026-08-07"
"8665","COMERCIAL CARMENCITA SRL","ESTACIÓN DE SERVICIOS / GRIFOS","ANCASH","SANTA","MACATE","CARRETERA CHIMBOTE CHUQUICARA KM 79","2026-08-07"
"8666","GRIFO SEÑOR DE LOCUMBA","ESTACIÓN DE SERVICIO CON GASOCENTRO DE GLP","MOQUEGUA","ILO","ILO","PARQUE INDUSTRIAL MZ A, LT 01 Y 29 - PAMPA INALAMBRICA","2026-08-08"
"86681","PETROCENTRO URUBAMBA S.A.C","ESTACIÓN DE SERVICIOS / GRIFOS","CUSCO","ANTA","ANTA","URBANIZACIÓN SANTA ROSA - JIRÓN JUNÍN S/N","2026-08-08"
"86684","ESTACION DE SERVICIOS VIRGEN DE COCHARCAS PAUCARA S.A.C.","ESTACIÓN DE SERVICIOS / GRIFOS","HUANCAVELICA","ACOBAMBA","PAUCARA","CALLE REAL Y CALLE LIBERTAD S/N","2026-08-09"
"86718","ESTACION DE SERVICIOS MAURICIO REVILLA SALAS S.R.L.","ESTACIÓN DE SERVICIO CON GASOCENTRO DE GLP","MOQUEGUA","MARISCAL NIETO","MOQUEGUA","AV. MANUEL C. DE LA TORRE S/N, MZ. A LOTE 5-A, SECTOR QUEBRADA LAS LECHUZAS","2026-08-09"
"8675","GLOBAL FUEL S.A. EE SS SANTO TORIBIO","ESTACIÓN DE SERVICIOS / GRIFOS","LAMBAYEQUE","CHICLAYO","CHICLAYO","AV. PANAMERICANA NORTE Nº 1006 (ANTES LADO NOROESTE DE LA INTERS. AV A.B. LEGUIA Y LA CARRETERA PANAMERICANA NORTE)","2026-08-09"
"8676","CORPORACION PETROGAS E.I.R.L.","ESTACIÓN DE SERVICIO CON GASOCENTRO DE GLP","LAMBAYEQUE","LAMBAYEQUE","MOTUPE","CARRETERA PANAMERICANA NORTE KM. 835","2026-08-08"
"8677","PETRONEX PERU SOCIEDAD ANONIMA CERRADA","ESTACIÓN DE SERVICIO CON GASOCENTRO DE GLP","LAMBAYEQUE","LAMBAYEQUE","LAMBAYEQUE","CARRETERA PANAMERCIANA NORTE KM 782 + 500","2026-08-05"
"8678","EMPRESA DE SERVICIOS MULTIPLES JEMARI E.I.R.L.","ESTACIÓN DE SERVICIOS / GRIFOS","MOQUEGUA","MARISCAL NIETO","MOQUEGUA","PROLONGACION MANUEL C. DE LA TORRE MZ. C LOTE 08, SECTOR YARACACHI","2026-08-08"
"8680","GRIFO JOSE OLAYA E.I.R.L.","ESTACIÓN DE SERVICIO CON GASOCENTRO DE GLP","JUNIN","HUANCAYO","HUANCAYO","AV. GIRALDEZ N° 379","2026-08-06"
"86806","ESTACION DE SERVICIOS LAUROS SAC","ESTACIÓN DE SERVICIOS / GRIFOS","PIURA","SECHURA","SECHURA","AV. BAYOVAR MZ. A LOTE 13 ZONA INDUSTRIAL N° 217","2026-08-08"
"8681","QUICK ENERGY S.A.C.","ESTACIÓN DE SERVICIOS / GRIFOS","JUNIN","JUNIN","CARHUAMAYO","AV. UNION Y JR. CUSCO","2026-08-07"
"8682","SERVICENTRO SAN CRISTOBAL S.R.LTDA","ESTACIÓN DE SERVICIO CON GASOCENTRO DE GLP","CUSCO","CUSCO","SAN JERONIMO","PROL. AV DE LA CULTURA S/N URB. TIPO HUERTA VERSALLES A-1","2026-08-09"
"8683","PILLAHUATA S.A.C.","ESTACIÓN DE SERVICIOS / GRIFOS","CUSCO","QUISPICANCHI","OCONGATE","CARRETERA CUSCO-MALDONADO KM. 76","2026-08-07"
"8687","PERU ANDES Y MAFER E.I.R.L.","ESTACIÓN DE SERVICIOS / GRIFOS","PUNO","EL COLLAO","ILAVE","AV. PACIFICO 333","2026-08-08"
"8688","GRIFO PETRO SUR E.I.R.LTDA.","ESTACIÓN DE SERVICIOS / GRIFOS","PUNO","LAMPA","CALAPUJA","CARRETERA PANAMERICANA KM. 6.5 JULIACA - CUSCO","2026-08-05"
"86899","LUZ ALEJANDRINA DIAZ CORDOVA","ESTACIÓN DE SERVICIOS / GRIFOS","CAJAMARCA","CONTUMAZA","CONTUMAZA","AV. SANCHEZ CARRION S/N CARRETERA PACASMAYO - CAJAMARCA KM 91.5","2026-08-07"
"8692","CHOQUEHUANCA NUÑEZ LAURA","ESTACIÓN DE SERVICIOS / GRIFOS","CUSCO","CALCA","YANATILE","JR. CALCA S/N, QUEBRADA HONDA","2026-08-05"
"8694","GRIFO TOBI EIRL","ESTACIÓN DE SERVICIOS / GRIFOS","LAMBAYEQUE","LAMBAYEQUE","MORROPE","CALLE CHINCHAYSUYO Nº 190","2026-08-07"
"8695","GRIFO CL HNOS SRL","ESTACIÓN DE SERVICIO CON GASOCENTRO DE GLP","LAMBAYEQUE","CHICLAYO","JOSE LEONARDO ORTIZ","AV. LAMBAYEQUE Nº 598 PUEBLO JOVEN RAMIRO PRIALE","2026-08-08"
"8698","CYE GRIFOS SAC","EE.SS con GNV","LIMA","LIMA","LOS OLIVOS","AV.UNIVERSITARIA NORTE CUADRA 53, MZ. P,LOTES 1,2,3,4,39,40,41 Y 42","2026-08-07"
"86995","TRANSPORTES UNIDOS MIJJ S.R.L.","ESTACIÓN DE SERVICIOS / GRIFOS","AREQUIPA","LA UNION","COTAHUASI","BARRIO DE CHACAYLLA CARRETERA A TOMEPAMPA KM. 2.7","2026-08-05"
"87014","GLOBAL FUEL S.A.","EE.SS con GLP y GNV","LIMA","LIMA","PUEBLO LIBRE","AV. SIMÓN BOLIVAR 496 - 498, ESQUINA JR. BELGRANO 110 - 120","2026-08-08"
"8703","ENECON INVERSIONES S.A.C.","ESTACIÓN DE SERVICIOS / GRIFOS","AYACUCHO","HUAMANGA","SAN JUAN BAUTISTA","AV. ARENALES N° 756","2026-08-09"
"87037","RAUL TORRES QUIQUIA","ESTACIÓN DE SERVICIOS / GRIFOS","LIMA","LIMA","ATE","AV. ANDRES AVELINO CACERES ZONA L LOTE 38, 39 Y 40 DEL PUEBLO JOVEN PROYECTO ESPECIAL HUAYCAN","2026-08-05"
"8705","PUNTO GAS S.A.C.","ESTACIÓN DE SERVICIO CON GASOCENTRO DE GLP","LIMA","LIMA","LIMA","AV. MARISCAL OSCAR R. BENAVIDES N° 1623 - 1657, URB. LA TRINIDAD","2026-08-08"
"87150","SERVICENTRO SAPORO SAC","ESTACIÓN DE SERVICIO CON GASOCENTRO DE GLP","ICA","CHINCHA","CHINCHA ALTA","CARRETERA PANAMERICANA SUR KM. 199, SUB LOTE 1, SECTOR PAGO DE ACEQUIA GRANDE- TOMA DE CALAS","2026-08-07"
"87168","SERVICENTRO ALRUMA S.R.L.","ESTACIÓN DE SERVICIOS / GRIFOS","PUNO","LAMPA","SANTA LUCIA","CARRETERA JULIACA-SANTA LUCÍA KM. 53, PROLONGACIÓN AV. TÚPAC AMARU S/N","2026-08-06"
"8718","GRIFO OLMOS S.A.C.","ESTACIÓN DE SERVICIOS / GRIFOS","LAMBAYEQUE","LAMBAYEQUE","OLMOS","ANTIGUA PANAMERICANA NORTE KM. 865","2026-08-08"
"87181","LUBEYMI E.I.R.L.","ESTACIÓN DE SERVICIO CON GASOCENTRO DE GLP","TACNA","TACNA","CORONEL GREGORIO ALBARRACIN LANCHIPA","AV. VON HUMBOLT SUB LOTE 2-A VIÑANI","2026-08-08"
"8720","ERNESTO AUGUSTO PALACIOS CHAMORRO","ESTACIÓN DE SERVICIO CON GASOCENTRO DE GLP","PASCO","PASCO","YANACANCHA","INTERSECCION AV. EL MINERO CON AV. GRAU","2026-08-07"
"8721","C.A. LOAYZA S.R.LTDA","ESTACIÓN DE SERVICIOS / GRIFOS","LA LIBERTAD","TRUJILLO","VICTOR LARCO HERRERA","INTERSECCIÓN AV. LARCO Y AV. HUAMÁN","2026-08-07"
"87228","INYSY SAC","ESTACIÓN DE SERVICIO CON GASOCENTRO DE GLP","LIMA","LIMA","ATE","AV. LOS VIRREYES MZ. B LT. 8-A EX FUNDO ZAVALETA","2026-08-07"
"8724","TRANSPORTES Y SERVICIOS ISO PETROL E.I.R.L.","ESTACIÓN DE SERVICIOS / GRIFOS","AREQUIPA","AREQUIPA","PAUCARPATA","AV. JESÚS KM. 8.5","2026-08-05"
"8726","INVERSIONES ESTACIÓN DE SERVICIOS SANTA ROSA S.A.C","ESTACIÓN DE SERVICIOS / GRIFOS","AYACUCHO","HUAMANGA","ANDRES AVELINO CACERES","AV.DEL EJERCITO N° 250","2026-08-03"
"87281","RECSA R & R S.R.L.","ESTACIÓN DE SERVICIO CON GASOCENTRO DE GLP","JUNIN","HUANCAYO","CHILCA","AV. LEONCIO PRADO Nº 958","2026-08-08"
"87309","SERVICENTRO VILUSSA SUCURSAL SAC","ESTACIÓN DE SERVICIOS / GRIFOS","LORETO","MAYNAS","PUNCHANA","RIBERA DEL RIO AMAZONAS FRENTE A LA CARRETERA SANTA MARIA DE NANAY-SECTOR NORTE","2026-08-08"
"87310","ESTACION DE SERVICIOS MARIA TERESA SOCIEDAD ANONIMA CERRADA","ESTACIÓN DE SERVICIOS / GRIFOS","PASCO","OXAPAMPA","PALCAZU","AV. BUENOS AIRES N° 753 MZ. D-1 LT. 05A, 05B, 06 Y 07 SECTOR 1","2026-08-07"
"87317","OSIRIS ESTACIONES DE SERVICIO S.A.C.","ESTACIÓN DE SERVICIO CON GASOCENTRO DE GLP","ANCASH","SANTA","CHIMBOTE","AV. ENRIQUE MEIGGS N° 1705 PP.JJ. MIRAFLORES ALTO","2026-08-09"
"8732","GRIFOS MAHANAIM PUCALLPA S.A.C.","ESTACIÓN DE SERVICIOS / GRIFOS","UCAYALI","CORONEL PORTILLO","CALLERIA","JR. 7 DE JUNIO Nº 326 / JR. REQUENA","2026-08-08"
"8733","PETROLERA DEL NORTE E.I.R.L.","ESTACIÓN DE SERVICIOS / GRIFOS","LAMBAYEQUE","CHICLAYO","LAGUNAS","AV. PANAMERICANA SUR NRO. 700","2026-08-07"
"87335","WILDER NELSON ROQUE ERQUINIGO","ESTACIÓN DE SERVICIOS / GRIFOS","PUNO","PUNO","ATUNCOLLA","AV. SILLUSTANI KM 8.50 - ANANSAYA","2026-08-04"
"87340","SERVICENTRO VALLE SAGRADO URUBAMBA S.R.L.","ESTACIÓN DE SERVICIOS / GRIFOS","CUSCO","URUBAMBA","URUBAMBA","AV. CABO CONCHATUPA, LOTES A-3, A-4","2026-08-08"
"8738","COESTI S.A. ES CHARACATO","ESTACIÓN DE SERVICIOS / GRIFOS","AREQUIPA","AREQUIPA","TIABAYA","VARIANTE DE UCHUMAYO KM. 06","2026-08-09"
"8743","EMPRESA DE TRANSPORTES PERU S.A.","ESTACIÓN DE SERVICIOS / GRIFOS","LIMA","LIMA","PUENTE PIEDRA","ESQ. LAS PALMERAS Y ACASIAS MZ. H, LT-12 LOTIZACION ENSENADA","2026-08-03"
"8745","CARLOS NICOLAS ONCEBAY ROMANI","ESTACIÓN DE SERVICIOS / GRIFOS","ICA","PALPA","PALPA","AV. GRAU S/N","2026-08-09"
"8746","REPSOL COMERCIAL S.A.C. ","ESTACIÓN DE SERVICIOS / GRIFOS","LA LIBERTAD","TRUJILLO","TRUJILLO","AV. NICOLAS DE PIEROLA N° 1251, URB. SAN FERNANDO","2026-08-08"
"8753","DISTRIBUIDORA GABY E.I.R.LTDA","ESTACIÓN DE SERVICIOS / GRIFOS","SAN MARTIN","SAN MARTIN","LA BANDA DE SHILCAYO","CARRETERA MARGINAL SUR KM. 2","2026-08-05"
"87538","YARINACOCHA COMPANY SAC","ESTACIÓN DE SERVICIOS / GRIFOS","UCAYALI","CORONEL PORTILLO","YARINACOCHA","CARRETERA FEDERICO BASADRE KM 7.800","2026-08-08"
"87554","REPSOL COMERCIAL S.A.C.","ESTACIÓN DE SERVICIOS / GRIFOS","LIMA","LIMA","SAN BORJA","AV. JAVIER PRADO ESTE Nº 3160","2026-08-09"
"8757","JUAN DE DIOS JORDAN CHILO ","ESTACIÓN DE SERVICIOS / GRIFOS","CUSCO","ESPINAR","ESPINAR","ESQ. AV. EJERCITO Y AV. MANUEL PRADO","2026-08-06"
"87590","ESTACION DE SERVICIOS LA FLORIDA S.A.C","ESTACIÓN DE SERVICIO CON GASOCENTRO DE GLP","JUNIN","CHANCHAMAYO","PICHANAQUI","CARRETERA MARGINAL KM. 74, C.P. LA FLORIDA, SECTOR KIMIRIKI - AGUA DULCE, PRIMERA ETAPA","2026-08-08"
"87636","GRIFO PETRO MELGAR S.A.C.","ESTACIÓN DE SERVICIOS / GRIFOS","PUNO","MELGAR","AYAVIRI","AV. GARCILAZO N° 323","2026-08-06"
"87637","JESUS BERNABE LLOSA LUZA","ESTACIÓN DE SERVICIOS / GRIFOS","AREQUIPA","AREQUIPA","LA JOYA","MZ. C LT. 9 PUEBLO JOVEN SAN LUIS LA CANO","2026-08-07"
"87646","GRIFOS¿S E INVERSIONES SHADAAY S.A.C.","ESTACIÓN DE SERVICIOS / GRIFOS","LA LIBERTAD","OTUZCO","OTUZCO","CENTRO POBLADO OTUZCO SECTOR RAMON CASTILLA MZ. 34 LT. 7","2026-08-09"
"8766","GRIFO LAS PIRAMIDES SAC","ESTACIÓN DE SERVICIOS / GRIFOS","LAMBAYEQUE","LAMBAYEQUE","TUCUME","CALLE FEDERICO VILLARREAL NRO. 894","2026-08-05"
"87660","INVERSIONES Y COMBUSTIBLES MANU S.C.R.L.","ESTACIÓN DE SERVICIOS / GRIFOS","MADRE DE DIOS","MANU","MANU","CARRETERA VILLA SALVACION - SHINTUYA S/N A 10 KM DEL POBLADO DE VILLA SALVACION","2026-08-06"
"8771","OLGA SALAZAR  SANTIVA SAC","ESTACIÓN DE SERVICIOS / GRIFOS","LIMA","LIMA","CHACLACAYO","AV. NICOLAS AYLLON N° 405","2026-08-08"
"8774","GRIFO MIRA E.I.R.L.","ESTACIÓN DE SERVICIOS / GRIFOS","AYACUCHO","HUANTA","HUANTA","JR. MIGUEL LAZON N° 203 Y JR. AYACUCHO N° 699","2026-08-07"
"87775","VELSANG COMERCIO SERVICIO CONSTRUCTOR S.A.C.","GRIFOS FLOTANTES","LORETO","MARISCAL RAMON CASTILLA","YAVARI","MARGEN DERECHA DEL RIO AMAZONAS, DEL POBLADO SANTA ROSA EN LA ISLA CHINERIA","2026-07-31"
"8778","INVERSIONES M & M S.R.L.","ESTACIÓN DE SERVICIOS / GRIFOS","AYACUCHO","HUAMANGA","JESUS NAZARENO","CARRETERA A HUANTA KM. 02","2026-08-03"
"87792","TO GRIFOS S.A.C","ESTACIÓN DE SERVICIOS / GRIFOS","LORETO","ALTO AMAZONAS","YURIMAGUAS","CARRETERA YURIMAGUAS - TARAPOTO KM. 3.7","2026-08-08"
"87823","GRIFO VIRGEN DE GUADALUPE & CB EIRL","ESTACIÓN DE SERVICIO CON GASOCENTRO DE GLP","ANCASH","CASMA","BUENA VISTA ALTA","CARRETERA CASMA - HUARAZ, MZ C LT 1, SECTOR LA PAMPA, CENTRO POBLADO MENOR BUENA VISTA BAJA","2026-08-07"
"8784","QUIJHUA TIPO MARI LUZ","ESTACIÓN DE SERVICIOS / GRIFOS","AREQUIPA","AREQUIPA","CERRO COLORADO","AV. EJERCITO N° 1095-A","2026-08-06"
"8787","GRIFO REPSOL SEÑOR DE AMANCAES","ESTACIÓN DE SERVICIOS / GRIFOS","AYACUCHO","HUAMANGA","ANDRES AVELINO CACERES","INTERSECCIÓN VIA DE EVITAMIENTO Y AV. SEÑOR DE AMANCAES","2026-08-01"
"87871","INVESIONES JESUS ES MI CAMINO EIRL","ESTACIÓN DE SERVICIOS / GRIFOS","MADRE DE DIOS","TAMBOPATA","INAMBARI","AGUAS FRIAS S/N","2026-08-09"
"87887","COESTI S. A. ES AMERICA NORTE II","ESTACIÓN DE SERVICIO CON GASOCENTRO DE GLP","LA LIBERTAD","TRUJILLO","TRUJILLO","AV. AMERICA NORTE N° 1085, MZ. I LOTE 27, ESQUINA CON AV. 9 DE OCTUBRE URB. LOS JARDINES","2026-08-08"
"87951","INVERSIONES KENY S.A.C.","ESTACIÓN DE SERVICIOS / GRIFOS","HUANUCO","HUANUCO","CHURUBAMBA","CARRETERA LIMA - TINGO MARIA KM. 427.500, CASERIO SAN JOSE DE CHULLQUI S/N","2026-08-08"
"8803","GRIFO ALTO DE AMADOS S.R.L.","ESTACIÓN DE SERVICIOS / GRIFOS","AREQUIPA","AREQUIPA","SACHACA","AV. HIPOLITO SANCHEZ TRUJILLO S/N - ALTO DE AMADOS","2026-08-08"
"88039","PETRONEX PERU S.A.C.","EE.SS con GLP y GNV","LIMA","LIMA","LA VICTORIA","AV. MANCO CAPAC N° 301, 305, 311, 317, 321, 333, 335 Y 337, ESQUINA CON JR. GARCIA NARANJO N° 304, 308 Y 312","2026-08-07"
"8807","ESTACIÓN DE ENERGÍAS EL CENTENARIO SOCIEDAD ANÓNIMA CERRADA","ESTACIÓN DE SERVICIO CON GASOCENTRO DE GLP","AREQUIPA","AREQUIPA","PAUCARPATA","AV. JESUS Nº 603","2026-08-08"
"88088","GRIFO SEÑOR DE LA BUENA ESPERANZA EIRL.","ESTACIÓN DE SERVICIOS / GRIFOS","LAMBAYEQUE","CHICLAYO","SAÑA","MZ. A-8 LOTE 5 - AV. AUGUSTO B. LEGUIA S/N URB. SAN ANDRES","2026-08-09"
"8810","COMPAIA OPERADORA DE LA SELVA SA","ESTACIÓN DE SERVICIOS / GRIFOS","LORETO","MAYNAS","PUNCHANA","AV. LA MARINA N°944","2026-08-09"
"8811","JEVARO S.A.C.","ESTACIÓN DE SERVICIO CON GASOCENTRO DE GLP","LIMA","LIMA","VILLA EL SALVADOR","AV. 200 MILLAS ESQ. CON AV. MICAELA BASTIDAS, MZ. C5, LOTE 12, GRUPO RESIDENCIAL 31 SECTOR 3","2026-08-08"
"8812","COESTI S.A. ES PROGRESO 2","ESTACIÓN DE SERVICIO CON GASOCENTRO DE GLP","AREQUIPA","AREQUIPA","MIRAFLORES","AVENIDA PROGRESO N° 401, ESQUINA CALLE CALVARIO MZ. L3 LT. 1","2026-08-09"
"88137","JOSE AIMITUMA CONTO","ESTACIÓN DE SERVICIOS / GRIFOS","MADRE DE DIOS","TAMBOPATA","INAMBARI","COMUNIDAD PALMERAS S/N KM 9,40 PARCELA Nº 26, CARRETERA PUENTE INAMBARI - MAZUKO","2026-08-07"
"8816","CONSUR PERU E.I.R.L.","ESTACIÓN DE SERVICIOS / GRIFOS","ANCASH","HUARAZ","HUARAZ","AV. FITZCARRALD N° 101","2026-08-08"
"8819","EESS YAVA TACNA","ESTACIÓN DE SERVICIOS / GRIFOS","TACNA","TACNA","CALANA","CARRETERA TACNA CALANA KM. 6,30","2026-08-05"
"8820","ESTACION DE SERVICIOS VAMA S.A.C.","ESTACIÓN DE SERVICIOS / GRIFOS","LIMA","LIMA","SAN JUAN DE MIRAFLORES","AV. DE LOS HEROES N° 1187 - 1189","2026-08-07"
"8821","BENCAR S.R.L.","ESTACIÓN DE SERVICIOS / GRIFOS","TACNA","JORGE BASADRE","ILABAYA","ASIENTO MINERO TOQUEPALA AREA - STAFF","2026-08-04"
"88228","EMPRESA DE TRANSPORTES EDILBERTO RAMOS S.A.C.","ESTACIÓN DE SERVICIOS / GRIFOS","LIMA","LIMA","VILLA EL SALVADOR","AV. PASTOR SEVILLA MZ..B-1 LT. 01 PP.JJ. EDILBERTO RAMOS, GRUPO RESIDENCIAL 3","2026-08-04"
"88267","I & N VIRGEN DE COPACABANA S.A.C.","ESTACIÓN DE SERVICIOS / GRIFOS","TACNA","TACNA","TACNA","AV. COLLPA S/N, PARCELA Nº 5, SECTOR LEGUIA, CECOAVI","2026-08-07"
"8827","NEGOCIACION PERU GOOL S.A.C.","ESTACIÓN DE SERVICIOS / GRIFOS","LIMA","CAÑETE","SAN VICENTE DE CAÑETE","CARRETERA PANAMERICANA SUR KM. 144.5","2026-08-08"
"88273","INVERCIONES Y ASOCIADOS RHL S.R.L.","ESTACIÓN DE SERVICIOS / GRIFOS","CUSCO","ESPINAR","ESPINAR","AV. CAYLLOMA MZ G LOTE 8","2026-08-07"
"88284","GRIFO TAMBOPATA S.R.L","ESTACIÓN DE SERVICIOS / GRIFOS","MADRE DE DIOS","TAMBOPATA","TAMBOPATA","JR. GONZALES PRADA Nº 1485","2026-08-07"
"8835","COMPAIA OPERADORA DE LA SELVA SA","ESTACIÓN DE SERVICIOS / GRIFOS","LORETO","MAYNAS","BELEN","AV. ABELARDO QUIÑONES N°845","2026-08-09"
"8836","ALICIA MAMANI MAMANI","ESTACIÓN DE SERVICIOS / GRIFOS","PUNO","EL COLLAO","ILAVE","AVENIDA ENRIQUE GALLEGOS N° 1266","2026-08-04"
"8838","ACOSTA COMBUSTIBLES SAC","ESTACIÓN DE SERVICIO CON GASOCENTRO DE GLP","LA LIBERTAD","TRUJILLO","TRUJILLO","AV. PROLONGACION SANTA N° 1720, URB. LOS GRANADOS","2026-08-08"
"88439","GRIFOS TESA","ESTACIÓN DE SERVICIO CON GASOCENTRO DE GLP","LIMA","LIMA","LOS OLIVOS","AV. ALFREDO MENDIOLA N° 6583  6585- 6589  6593  6597  6599, DE LOS LOTES 16 Y 17, MZ. 2E, PARCELACIÓN RESIDENCIAL SANTA LUISA II ETAPA","2026-08-08"
"88444","FULGAS PLANTA ENVASADORA DE GLP S.A.","GASOCENTROS DE GLP","HUANUCO","HUANUCO","AMARILIS","VIA REGIONAL HUANUCO TINGO MARIA (MARGEN DERECHA) KM. 1.5, URB LOS PORTALES DE MITOPAMPA","2026-08-07"
"88445","GRIFO EMMA J & L S.A.C.","ESTACIÓN DE SERVICIOS / GRIFOS","MADRE DE DIOS","TAHUAMANU","IBERIA","JR. GARCILASO DE LA VEGA MZ A LOTE 2 SECTOR MONTERRICO","2026-08-07"
"88489","ESTACION DE SERVICIOS PETROCESVAS","ESTACIÓN DE SERVICIOS / GRIFOS","JUNIN","SATIPO","SATIPO","CARRETERA MARGINAL Nº 331 SATIPO  LA MERCED","2026-08-03"
"8849","SAN SEBASTIAN GAS STATION E.I.R.L.","ESTACIÓN DE SERVICIO CON GASOCENTRO DE GLP","LAMBAYEQUE","CHICLAYO","CHICLAYO","KM. 2.5 CARRETERA CHICLAYO  POMALCA","2026-08-07"
"8850","PETRORED","ESTACIÓN DE SERVICIOS / GRIFOS","LAMBAYEQUE","CHICLAYO","REQUE","CARRETERA PANAMERICANA NORTE KM. 757","2026-08-08"
"8853","ESTACION DE SERVICIOS VILCA S.A.C.","ESTACIÓN DE SERVICIO CON GASOCENTRO DE GLP","JUNIN","JAUJA","ACOLLA","AV. HUASCAR S/N Y JR. 1° DE MAYO S/N.","2026-08-07"
"88554","SERVICENTRO PETROESMAD S.A.C.","ESTACIÓN DE SERVICIOS / GRIFOS","MADRE DE DIOS","MANU","MADRE DE DIOS","C.P. PUNKIRI CHICO AV. PRINCIPAL MZ. D1-LOTE 1","2026-08-07"
"8856","INVERSIONES BELETO E.I.R.L","ESTACIÓN DE SERVICIOS / GRIFOS","TACNA","JORGE BASADRE","LOCUMBA","PANAMERICANA SUR KM. 1205","2026-08-05"
"8857","SERVICENTRO EL OLIVAR S.A.C.","ESTACIÓN DE SERVICIO CON GASOCENTRO DE GLP","TACNA","TACNA","TACNA","AV. LITORAL N° 306","2026-08-08"
"8858","GRUPO TACNA HEROICA E.I.R.L.","ESTACIÓN DE SERVICIOS / GRIFOS","TACNA","TACNA","TACNA","PARQUE INDUSTRIAL MZ. H LOTE 19","2026-08-07"
"88596","LEEWARD NORBERTH CARRION BENITES","ESTACIÓN DE SERVICIO CON GASOCENTRO DE GLP","JUNIN","HUANCAYO","EL TAMBO","AV. EVITAMIENTO MZ. D, LOTE 1, ESQUINA CON JR. LIBERTAD","2026-08-09"
"88618","GRUPO DE GESTION C SA","ESTACIÓN DE SERVICIO CON GASOCENTRO DE GLP","LIMA","LIMA","INDEPENDENCIA","AV. GERARDO UNGER Nº 4885, URB NARANJAL","2026-08-08"
"88631","ESTACION DE SERVICIOS ZARITA TOCACHE EIRL","ESTACIÓN DE SERVICIOS / GRIFOS","SAN MARTIN","TOCACHE","TOCACHE","JR. JOSE GERMANY N° 421 (INTERSECCION CON EL JR. BOLOGNESI)","2026-08-08"
"88644","ESTACION DE SERVICIOS NORDALEX E.I.R.L.","ESTACIÓN DE SERVICIOS / GRIFOS","SAN MARTIN","MARISCAL CACERES","JUANJUI","ESQUINA JR. MARISCAL CASTILLA Y JR. DOS DE MAYO N° 567","2026-08-05"
"88682","GRIFO GUADALUPE SOCIEDAD ANONIMA CERRADA","ESTACIÓN DE SERVICIOS / GRIFOS","MADRE DE DIOS","MANU","HUEPETUHE","MANZANA 208, LOTES N° 21, 22, 23, 24, 25 Y 26 NUEVA EXPANSION URBANA","2026-08-05"
"88693","GLOBAL FUEL S.A.","ESTACIÓN DE SERVICIO CON GASOCENTRO DE GLP","LA LIBERTAD","TRUJILLO","VICTOR LARCO HERRERA","MZ. C LOTE 1 URB. LAS FLORES DEL GOLF II ETAPA","2026-08-07"
"88705","SERVICENTRO SANTA MARIA H & R E.I.R.L.","ESTACIÓN DE SERVICIOS / GRIFOS","MADRE DE DIOS","TAMBOPATA","TAMBOPATA","ESQUINA AV. CIRCUNVALACION Y JR. BAQUIJANO Y CARRILLO","2026-08-08"
"8871","GRUPO REGA SERVICIOS S.A.C.","ESTACIÓN DE SERVICIO CON GASOCENTRO DE GLP","PIURA","SULLANA","SULLANA","AV. BUENOS AIRES Nº 425","2026-08-08"
"88714","GRANEL INDUSTRIAL S.A.C.","ESTACIÓN DE SERVICIO CON GASOCENTRO DE GLP","LA LIBERTAD","TRUJILLO","TRUJILLO","AV. PROLONGACION UNION ESQUINA CALLE 08 MZ. S LOTE 06 URB. LOS PORTALES II ETAPA","2026-08-08"
"8872","ESTACION DE SERVICIOS SAN JOSE S.R.L.","ESTACIÓN DE SERVICIO CON GASOCENTRO DE GLP","LA LIBERTAD","TRUJILLO","VICTOR LARCO HERRERA","AV. VICTOR LARCO HERRERA N° 509 SECTOR BUENOS AIRES","2026-08-09"
"8873","ESTACION DE SERVICIOS KIKE E.I.R.L.","ESTACIÓN DE SERVICIO CON GASOCENTRO DE GLP","PIURA","SULLANA","SULLANA","ZONA INDUSTRIAL MZ. C LOTE 7","2026-08-09"
"8875","INVERSIONES & NEGOCIOS VIRGEN DE COPACABANA S.A.C. - I. & N. VIRGEN DE COPACABANA S.A.C.","ESTACIÓN DE SERVICIOS / GRIFOS","TACNA","TACNA","TACNA","CARRETERA PANAMERICANA SUR KM. 1303","2026-08-08"
"8878","SEMAR SAC","ESTACIÓN DE SERVICIO CON GASOCENTRO DE GLP","LA LIBERTAD","TRUJILLO","TRUJILLO","PROLONGACIÓN AV. CESAR VALLEJO, MZ. 04 LOTES 8 Y 9 ESQUINA CON CALLE BARITINA, URB. LA RINCONADA","2026-08-05"
"88810","J & C MARJU S.A.C.","ESTACIÓN DE SERVICIOS / GRIFOS","MADRE DE DIOS","TAMBOPATA","LAS PIEDRAS","CALLE ENRIQUE COLLAZOS ESQUINA CON JR. TAMBOPATA- PLANCHON","2026-08-08"
"88826","INVERSIONES VERASUR EIRL","ESTACIÓN DE SERVICIO CON GASOCENTRO DE GLP","ICA","CHINCHA","CHINCHA ALTA","LT 9C-1, PAMPA DE ÑOCO KM. 2 CARRETERA LARAN","2026-08-07"
"8884","LOZADA SEMINARIO GEORGINA ELENA","ESTACIÓN DE SERVICIOS / GRIFOS","PIURA","MORROPON","CHULUCANAS","PROLONGACION PUNO S/N","2026-07-30"
"8885","BACA PALACIOS CLARA LILIANA","ESTACIÓN DE SERVICIOS / GRIFOS","PIURA","MORROPON","CHULUCANAS","JR. APURIMAC N° 312","2026-08-08"
"8887","ESTACIÓN DE SERVICIOS SAC","EE.SS con GLP y GNV","LIMA","LIMA","SURQUILLO","AV. REPUBLICA DE PANAMA N° 4361 - 4395","2026-08-08"
"8889","ESTACION DE SERVICIO LUMAU R & H E.I.R.L.","ESTACIÓN DE SERVICIOS / GRIFOS","TACNA","TACNA","TACNA","CALLE ARIAS ARAGUEZ N° 620 ESQ. AV. LEGUIA S/N","2026-08-08"
"88920","ESTACION DE VENTA Y SERVICIOS MI ROMINA EIRL","ESTACIÓN DE SERVICIOS / GRIFOS","AMAZONAS","BONGARA","JAZAN","CARRETERA FERNANDO BELAUNDE TERRY KM. 294 + 880","2026-08-08"
"88934","INVERSIONES CHALAN DEL SUR E.I.R.L.","ESTACIÓN DE SERVICIOS / GRIFOS","MADRE DE DIOS","MANU","MADRE DE DIOS","CARRETERA PUNKIRI CHICO-BOCA COLORADO KM 36+500 COMUNIDAD DE PUNKIRI CHICO","2026-08-07"
"88935","ORO GRIFO MANU SOCIEDAD ANONIMA CERRADA","ESTACIÓN DE SERVICIOS / GRIFOS","MADRE DE DIOS","MANU","MADRE DE DIOS","CARRETERA BOCA COLORADO - PUNKIRI CHICO KM. 36 MARGEN IZQUIERDA","2026-08-05"
"8897","ANGELES HNOS SAC.","ESTACIÓN DE SERVICIOS / GRIFOS","LAMBAYEQUE","CHICLAYO","ETEN","AV. 8 DE OCTUBRE N° 330 - CIUDAD ETEN","2026-08-07"
"8899","BENICORP PRIMAX","ESTACIÓN DE SERVICIOS / GRIFOS","LAMBAYEQUE","LAMBAYEQUE","OLMOS","EX. CARRETERA PANAMERICANA NORTE KM. 874","2026-08-07"
"89004","TPA SERVICENTRO SRL","ESTACIÓN DE SERVICIOS / GRIFOS","TACNA","JORGE BASADRE","ITE","KM 1204 CARRETERA PANAMERICANA SUR SECTOR ALTO CAMIARA","2026-08-09"
"8901","INVERSIONES ISLAY S.A.C.","ESTACIÓN DE SERVICIOS / GRIFOS","AREQUIPA","ISLAY","MOLLENDO","AV. MARISCAL CASTILLA N° 1001","2026-08-04"
"89012","GRIFO LIDER","ESTACIÓN DE SERVICIO CON GASOCENTRO DE GLP","UCAYALI","CORONEL PORTILLO","YARINACOCHA","AV. UNIÓN, MZ. 306, LOTE 11 (REFERENCIA: ESQUIINA CON AV. ARBORIZACION)","2026-08-08"
"8903","SERVICENTRO SAN LUIS S.A.C.","ESTACIÓN DE SERVICIOS / GRIFOS","AREQUIPA","AREQUIPA","CERRO COLORADO","VARIANTE DE UCHUMAYO KM. 3.5","2026-08-08"
"89061","GAS POINT S.A.C","EE.SS con GLP y GNV","LIMA","LIMA","PUEBLO LIBRE","AV. UNIVERSITARIA ESQ. CON CALLE NN1","2026-08-08"
"89068","EMPRESA DE SERVICIOS MULTIPLES EXPRESO PACHACAMINO S.A.C.","ESTACIÓN DE SERVICIOS / GRIFOS","LIMA","HUAROCHIRI","SANTO DOMINGO DE LOS OLLERO","MZ. B, LOTE 1A, VILLA JARDIN CUCUYA, SECTOR EL MANZANO (ESQUINA AV. SANTO DOMINGO Y AV. LOS MITOS)","2026-07-30"
"89074","ESTACION DE SERVICIOS PELIKANO MANCORA","ESTACIÓN DE SERVICIO CON GASOCENTRO DE GLP","PIURA","TALARA","MANCORA","AV. GRAU S/N","2026-08-07"
"8909","COMERCIALIZADORA DE COMBUSTIBLES SANTIAGO S.A.C.","ESTACIÓN DE SERVICIOS / GRIFOS","ICA","ICA","SANTIAGO","CARRETERA PANAMERICANA SUR KM. 317.5","2026-08-04"
"8910","INVERSIONES Y TRANSPORTES OSITO S.A.C","ESTACIÓN DE SERVICIOS / GRIFOS","LAMBAYEQUE","CHICLAYO","CHONGOYAPE","AV. CHICLAYO Nº 3000","2026-08-08"
"8911","ESTACION DE SERVICIOS GAMEZ E.I.R.L","ESTACIÓN DE SERVICIOS / GRIFOS","LAMBAYEQUE","CHICLAYO","JOSE LEONARDO ORTIZ","AV. LAMBAYEQUE / CALLE SAN FERNANDO Nº 299 P.J. SANTA ANA","2026-08-07"
"8913","PETRO IGNACIO ESCUDERO","ESTACIÓN DE SERVICIOS / GRIFOS","PIURA","SULLANA","IGNACIO ESCUDERO","PANAMERICANA NORTE KM. 34 ANEXO SAN PEDRO","2026-08-07"
"89145","COESTI S.A. FORTALEZA","ESTACIÓN DE SERVICIO CON GASOCENTRO DE GLP","AREQUIPA","AREQUIPA","CERRO COLORADO","INTERSECCION AV LIBERTADOR SAN MARTIN CON LA AV. VIA DE EVITAMIENTO","2026-08-08"
"8915","SI SAC","ESTACIÓN DE SERVICIO CON GASOCENTRO DE GLP","JUNIN","HUANCAYO","EL TAMBO","AV. MARISCAL CASTILLA Nº 4788","2026-08-09"
"8916","ESTACION DE SERVICIOS ANGELES STEACY S.R.L.","ESTACIÓN DE SERVICIOS / GRIFOS","CAJAMARCA","CAJAMARCA","CAJAMARCA","JR. SARA MC DOUGALL N° 191","2026-08-08"
"89213","CORPORACIÓN VILLAVICENCIO S.A.C.","ESTACIÓN DE SERVICIO CON GASOCENTRO DE GLP","LIMA","LIMA","ATE","AV. MIGUEL GRAU, SUB LOTE 28-B, URB. SANTA CLARA","2026-08-08"
"89227","GRIFO MAFER EMPRESA INDIVIDUAL DE RESPONSABILIDAD LIMITADA ","ESTACIÓN DE SERVICIOS / GRIFOS","MADRE DE DIOS","TAMBOPATA","INAMBARI","FRACCION DE PARCELA 29 SECTOR DOS DE MAYO","2026-08-05"
"89230","COMBUSTIBLES Y SERVICIOS ESMERALDA S.A.C.","ESTACIÓN DE SERVICIOS / GRIFOS","AREQUIPA","AREQUIPA","CERRO COLORADO","VIA DE EVITAMIENTO KM 3","2026-08-07"
"89231","SULLY CLARIBEL ZAGACETA CHUQUINBALQUI","GRIFOS RURALES CON ALMACENAMIENTO EN CILINDROS","AMAZONAS","BONGARA","JAZAN","AV. SACSAYHUAMAN CUADRA 09 - PEDRO RUIZ GALLO","2026-07-31"
"89262","PETRO IQUITOS 1","ESTACIÓN DE SERVICIOS / GRIFOS","LORETO","MAYNAS","SAN JUAN BAUTISTA","CARRETERA IQUITOS - NAUTA KM. 1.0","2026-08-08"
"8928","GRIFO SANTA EMILIA E.I.R.L.","ESTACIÓN DE SERVICIOS / GRIFOS","PIURA","MORROPON","MORROPON","PROLONGACIÓN JR. E- LOPEZ N° 109 - MZ. 65 LT-17 MORROPÓN","2026-07-31"
"8932","GRIFO PUCARA S.R.L.","ESTACIÓN DE SERVICIOS / GRIFOS","CAJAMARCA","JAEN","PUCARA","CARRETERA FERNANDO BELAUNDE TERRY KM. 117","2026-08-07"
"89355","GRIFO ESPINOZA","ESTACIÓN DE SERVICIOS / GRIFOS","PASCO","PASCO","PAUCARTAMBO","AV. SIMON BOLIVAR S/N, MZ. E1, LOTE 11","2026-08-07"
"8940","MEDINA BUSINESS COMPANY S.A.C.","ESTACIÓN DE SERVICIOS / GRIFOS","CUSCO","CUSCO","SANTIAGO","PROLONGACION AV. ANTONIO LORENA Nº 1620","2026-08-08"
"8941","SERVICIOS Y REPRESENTACIONES TACNA S.A.C. ","ESTACIÓN DE SERVICIOS / GRIFOS","LIMA","LIMA","LA VICTORIA","AV. JAIME BAUZATE Y MEZA Nº 801 - 825","2026-08-08"
"8943","ESTACION DE SERVICIO AVA COLON","ESTACIÓN DE SERVICIOS / GRIFOS","AREQUIPA","AREQUIPA","PAUCARPATA","CALLE COLÓN N° 217","2026-08-08"
"8948","AUTOPASA EIRL","EE.SS con GLP y GNV","LIMA","CAÑETE","SAN VICENTE DE CAÑETE","CARRETERA PANAMERICANA SUR KM. 142.5","2026-08-08"
"8949","ESPINOZA DE PALACIOS ANTONIETA LUZ","ESTACIÓN DE SERVICIOS / GRIFOS","PASCO","PASCO","YANACANCHA","AV. LOS PROCERES Nº 911 SAN JUAN","2026-08-07"
"8950","FREMAR INTERNACIONAL SOCIEDAD ANONIMA CERRADA","ESTACIÓN DE SERVICIOS / GRIFOS","JUNIN","CHANCHAMAYO","PICHANAQUI","AV. MARGINAL N° 105 - ZONA BAJA","2026-08-05"
"89505","ESTACION DE SERVICIO BELNORTE S.A.C.","ESTACIÓN DE SERVICIO CON GASOCENTRO DE GLP","ANCASH","SANTA","CHIMBOTE","MZ. A LOTES 10 Y 11 ZONA INDUSTRIAL LOS PINOS","2026-08-06"
"8954","PLANTA DE ABASTECIMIENTO DE COMBUSTIBLE LIQUIDOS AMERICAN PETROLEOS DEL NORTE E.I.R.L.","ESTACIÓN DE SERVICIOS / GRIFOS","TUMBES","CONTRALMIRANTE VILLAR","CANOAS DE PUNTA SAL","PANAMERICANA NORTE KM. 1194","2026-08-08"
"89543","ADOLFO FIDEL VALDIVIA GIL","ESTACIÓN DE SERVICIOS / GRIFOS","CUSCO","CUSCO","SAYLLA","SECTOR CHINGO GRANDE S/N - ESQ. CARRETERA CUSCO - URCOS","2026-08-05"
"8956","ESTACION DE SERVICIO SAN CRISTOBAL S.A.C","ESTACIÓN DE SERVICIOS / GRIFOS","ICA","CHINCHA","GROCIO PRADO","PANAMERICANA SUR KM. 193","2026-08-08"
"8957","DISTRIBUIDORA DE COMBUSTIBLES EL NEGRO SOCIEDAD ANONIMA CERRADA - DISTRIBUIDORA DE COMBUSTIBLES EL N","ESTACIÓN DE SERVICIOS / GRIFOS","ICA","ICA","SANTIAGO","CARRETERA PANAMERICANA SUR KM 317 S/N","2026-08-07"
"89579","GANAGAS S.A.C.","EE.SS con GLP y GNV","LIMA","LIMA","SANTIAGO DE SURCO","AV. LOS PROCERES N° 655 MZ. 2866 LOTE 01, URBANIZACION MONTE SAN LORENZO","2026-08-08"
"8958","GRIFO LOS PORTALES SOCIEDAD ANONIMA CERRADA","ESTACIÓN DE SERVICIOS / GRIFOS","PROV. CONST. DEL CALLAO","PROV. CONST. DEL CALLAO","CALLAO","AV. ELMER FAUCETT N° 5395","2026-08-07"
"8960","DELTA PUCALLPA S.R.L.","ESTACIÓN DE SERVICIO CON GASOCENTRO DE GLP","UCAYALI","CORONEL PORTILLO","CALLERIA","AV. CENTENARIO N° 1310 (ANTES AV. CENTENARIO N° 3800)","2026-08-05"
"8961","SERVICENTRO DE TRANSPORTISTAS DE LA PROVINCIA DE PACASMAYO S.A.","ESTACIÓN DE SERVICIOS / GRIFOS","LA LIBERTAD","PACASMAYO","PACASMAYO","CARRETERA PANAMERICANA NORTE KM. 666","2026-08-08"
"8963","ESSO ENERGIA S.A.C.","ESTACIÓN DE SERVICIOS / GRIFOS","LIMA","LIMA","SAN JUAN DE LURIGANCHO","AV. LOS PROCERES MZ. W, LOTE 9 CAMPOY","2026-07-31"
"8970","GRIFOS COLCA EIRL","ESTACIÓN DE SERVICIOS / GRIFOS","ANCASH","BOLOGNESI","CAJACAY","CARRETERA PATIVILCA-HUARAZ KM. 83, CASERIO COLCA","2026-08-06"
"8971","INVERSIONES INESITA S.A.C.","ESTACIÓN DE SERVICIOS / GRIFOS","LORETO","MAYNAS","SAN JUAN BAUTISTA","AV. ABELARDO QUIÑONES N° 492","2026-08-07"
"8973","GRIFO EL METRO S.R.LTDA.","ESTACIÓN DE SERVICIOS / GRIFOS","LORETO","ALTO AMAZONAS","YURIMAGUAS","ESQ. CALLE FRANCISCO BARDALES Y INTE. CESAR LOPEZ ROJAS","2026-08-08"
"89764","SERVICENTROPRIMAVERA SRL","EE.SS con GLP y GNV","CAJAMARCA","CAJAMARCA","CAJAMARCA","ESQUINA VIA DE EVITAMIENTO SUR Y JIRON SAN JUAN DE DIOS S/N BARRIO SAN MARTIN DE PORRES, SECTOR Nº 10","2026-08-08"
"8977","ESTACION DE SERVICIOS GASOCENTRO RAULITO SOCIEDAD ANONIMA CERRADA","ESTACIÓN DE SERVICIO CON GASOCENTRO DE GLP","HUANUCO","HUANUCO","HUANUCO","JR. INDEPENDENCIA Nº 219","2026-08-08"
"8978","ESTACIÓN DE SERVICIOS MILAGRITOS & JVC S.R.L","ESTACIÓN DE SERVICIO CON GASOCENTRO DE GLP","AREQUIPA","AREQUIPA","SOCABAYA","AV. SALAVERRY N° 115, ESQUINA CON CALLE ACOSTA, PUEBLO TRADICIONAL LARA","2026-08-08"
"8979","COESTI S.S EESS SANTA ELENA","ESTACIÓN DE SERVICIO CON GASOCENTRO DE GLP","LAMBAYEQUE","CHICLAYO","CHICLAYO","AV JUAN TOMIS STACK Nº 205","2026-08-09"
"8980","COESTI S.A","ESTACIÓN DE SERVICIOS / GRIFOS","PIURA","SULLANA","SULLANA","CARRETERA SULLANA - TAMBOGRANDE KM 1021","2026-08-09"
"8987","ESTAGAS ANCO S.A.C.","ESTACIÓN DE SERVICIO CON GASOCENTRO DE GLP","LIMA","LIMA","COMAS","AV. TUPAC AMARU N° 6224 (ANTES 3242)","2026-08-07"
"8988","GRIFO PAIJAN SRL","ESTACIÓN DE SERVICIOS / GRIFOS","LA LIBERTAD","ASCOPE","PAIJAN","AV. PANAMERICANA N° 1354 ESQUINA CON JR. ROSALES, SECTOR MANCO CAPAC","2026-08-05"
"8991","ESTACION DE SERVICIOS NORDALEX E.I.R.L.","ESTACIÓN DE SERVICIO CON GASOCENTRO DE GLP","SAN MARTIN","MARISCAL CACERES","JUANJUI","CARRETERA FERNANDO BELAUNDE TERRY KM. 1.5","2026-08-08"
"89918","ESTACION DE SERVICIO SHADAY SAC","ESTACIÓN DE SERVICIOS / GRIFOS","SAN MARTIN","HUALLAGA","SAPOSOA","JR. PROLONGACION AMAZONAS S/N","2026-08-04"
"8992","ESTACION DE SERVICIOS ROSA ELENA EIRLTDA","ESTACIÓN DE SERVICIOS / GRIFOS","PIURA","PIURA","CASTILLA","CARRETERA PIURA-CHULUCANAS KM 8.8","2026-08-04"
"8993","GRIFO VIRGEN DE NATIVIDAD S.R.L","ESTACIÓN DE SERVICIOS / GRIFOS","PUNO","PUNO","ACORA","JR.PROLONGACION ACORA S/N","2026-08-07"
"8994","VICTOR FRANCISCO AGUILAR CCAMA","ESTACIÓN DE SERVICIOS / GRIFOS","PUNO","MELGAR","AYAVIRI","AV. MANCO CAPAC Nº 950","2026-08-08"
"89942","GRIFO ROCA SAC","ESTACIÓN DE SERVICIO CON GASOCENTRO DE GLP","LAMBAYEQUE","LAMBAYEQUE","MORROPE","CARRETERA PANAMERICANA NORTE KM. 803","2026-08-08"
"8995","GRIFO Y ESTACION DE SERVICIOS VIRU S.A.C.","ESTACIÓN DE SERVICIOS / GRIFOS","LA LIBERTAD","VIRU","VIRU","CARRETERA PANAMERICANA NORTE PARCELA UC Nº 10119 SANTA ELENA","2026-08-08"
"8996","COMPANIA OPERADORA DE LA SELVA","ESTACIÓN DE SERVICIOS / GRIFOS","UCAYALI","CORONEL PORTILLO","MANANTAY","AV. BELLAVISTA N° 290","2026-08-09"
"8997","SERVICENTRO PRIMAVERA SRL","ESTACIÓN DE SERVICIOS / GRIFOS","CAJAMARCA","SAN MARCOS","PEDRO GALVEZ","AV. PRIMAVERA N° 91","2026-08-08"
"8998","ESTACION DE SERVICIOS IMPERIAL S.A.C","ESTACIÓN DE SERVICIOS / GRIFOS","CUSCO","QUISPICANCHI","OROPESA","VIA CUSCO URCOS KM. 16.5","2026-08-09"
"8999","GRIFO GUADALUPE SOCIEDAD ANONIMA CERRADA","ESTACIÓN DE SERVICIOS / GRIFOS","CUSCO","CANCHIS","SICUANI","PROLONGACION AV. AREQUIPA 1212","2026-08-08"
"9001","MAXIMILIANA CACERES MARIÑO DE CARDENAS","ESTACIÓN DE SERVICIOS / GRIFOS","APURIMAC","ANDAHUAYLAS","SANTA MARIA DE CHICMO","CARRETERA ANDAHUAYLAS-AYACUCHO KM. 25 BARRIO NUEVA ESPERANZA","2026-08-05"
"90020","ESTACIÓN DE SERVICIOS GASPET S.R.L.","ESTACIÓN DE SERVICIOS / GRIFOS","UCAYALI","CORONEL PORTILLO","CALLERIA","JR. ALFREDO EGLINTON N° 300, URB. JUNTA DE SOCIOS DE IMOSA, ESQUINA CON AV. AMAZONAS","2026-08-09"
"9004","ALVARO ELMERSON GOMEZ HERRERA","ESTACIÓN DE SERVICIOS / GRIFOS","AREQUIPA","AREQUIPA","JOSE LUIS BUSTAMANTE Y RIVERO","AV. CARACAS S/N DESVÍO A SABANDÍA","2026-08-09"
"9008","GEODISEL SAC","ESTACIÓN DE SERVICIOS / GRIFOS","PUNO","SAN ROMAN","JULIACA","URB. CIUDAD SATELITE - CALLE NUEVA S/N","2026-08-04"
"90112","GRIFOS ALLIN CCAPAC SOCIEDAD ANONIMA CERRADA","ESTACIÓN DE SERVICIOS / GRIFOS","PUNO","CARABAYA","MACUSANI","PROLONGACION AV. BRASIL S/N URBANIZACION HEROES DEL CENEPA","2026-08-08"
"9012","WO S.A. ","EE.SS con GNV","LIMA","LIMA","SAN ISIDRO","AV. GUILLERMO PRESCOTT Nº 202 ESQ. CALLE BARCELONA","2026-08-07"
"9013","GRIFO SAN FELIPE","ESTACIÓN DE SERVICIOS / GRIFOS","AREQUIPA","AREQUIPA","CAYMA","UPIS RAFAEL BELAUNDE DIEZ CANSECO MZ. J, LTS. 1, 2 Y 18. ESQUINA AV. CHARCANI CON CALLE N° 19","2026-08-08"
"90137","CORPORACION CENTURION S.A.C.","ESTACIÓN DE SERVICIOS / GRIFOS","APURIMAC","ANDAHUAYLAS","ANDAHUAYLAS","AV. CONFRATERNIDAD Nº 1801","2026-08-05"
"90175","ESTACION DE SERVICIOS INTIYACU SAC","ESTACIÓN DE SERVICIO CON GASOCENTRO DE GLP","SAN MARTIN","BELLAVISTA","BELLAVISTA","JR. AUGUSTO B. LEGUIA Y CALLE S/N BARRIO INTIYACU ALTURA DEL KM. 100 DE LA CARRETERA FERNANDO BELAUNDE TERRY","2026-08-08"
"9018","AERO GAS DEL NORTE SOCIEDAD ANONIMA  CERRADA","ESTACIÓN DE SERVICIO CON GASOCENTRO DE GLP","LA LIBERTAD","PACASMAYO","SAN JOSE","CARRETERA A SAN JOSE LIMITE VERDUM","2026-08-08"
"90197","FABIAN CCOA AGUILAR","ESTACIÓN DE SERVICIOS / GRIFOS","MADRE DE DIOS","MANU","HUEPETUHE","AV. PRINCIPAL PARTE ALTA S/N AA.HH. PUEBLO UNIDO","2026-08-07"
"9021","OPERADORES DE ESTACIONES S.A.C.","EE.SS con GLP y GNV","LIMA","LIMA","LA VICTORIA","AV. CIRCUNVALACION Nº 1386","2026-08-08"
"90216","GRIFO EVAN E.I.R.L.","ESTACIÓN DE SERVICIOS / GRIFOS","CAJAMARCA","CUTERVO","CUTERVO","AV. SALOMON VILCHEZ MURGA S/N","2026-08-05"
"90236","GASOCENTRO RONALD SAC","ESTACIÓN DE SERVICIO CON GASOCENTRO DE GLP","AMAZONAS","CHACHAPOYAS","CHACHAPOYAS","CARRETERA SALIDA A CHICLAYO, UNIDAD CATASTRAL 027659 PREDIO ALFALFAR","2026-08-08"
"90238","TADI GRIFOS & SERVICIOS S.A.C.","ESTACIÓN DE SERVICIOS / GRIFOS","SAN MARTIN","RIOJA","NUEVA CAJAMARCA","AV. AMAZONAS MARGEN IZQUIERDA DE LA CARRETERA FERNANDO BELAUNDE TERRY, ALTURA KM. 430 + 725, BARRIO SINAI, CENTRO POBLADO NARANJILLO","2026-08-08"
"90240","COESTI S.A EE SS INTERNACIONAL","ESTACIÓN DE SERVICIO CON GASOCENTRO DE GLP","LAMBAYEQUE","LAMBAYEQUE","LAMBAYEQUE","CARRETERA PANAMERICANA NORTE KM 777","2026-08-09"
"9028","ESTACION EL VOLANTE S.A.C.","ESTACIÓN DE SERVICIO CON GASOCENTRO DE GLP","ANCASH","SANTA","CHIMBOTE","AV. BUENOS AIRES MZ. K1 LOTE 01, PUEBLO JOVEN EL PORVENIR","2026-08-08"
"90316","COPRINI S.A.C.","ESTACIÓN DE SERVICIO CON GASOCENTRO DE GLP","LIMA","LIMA","SAN MARTIN DE PORRES","AV. TANTAMAYO CRUCE CON CALLE LLATA, MZ A, LT. 22 Y 23  URB. SOL DE NARANJAL","2026-08-08"
"90380","GASOCENTRO ZETA GAS","GASOCENTROS DE GLP","LA LIBERTAD","TRUJILLO","TRUJILLO","AV. FEDERICO VILLARREAL MZ. G, LOTE. 2 URB. PRADERAS DEL NORTE","2026-07-22"
"9039","JOSUE RUFO TANTAVILCA CHUQUILLANQUI","ESTACIÓN DE SERVICIO CON GASOCENTRO DE GLP","LIMA","LIMA","SAN MARTIN DE PORRES","MZ. A, LOTE 26, ASOCIACION DE VIVIENDA OJIHUA INTERSECCION DE LA AV. LOS OLIVOS (EX SANTA ROSA) CON LA AUTOPISTA CANTA CALLAO","2026-08-08"
"90408","GRIFO JUAN PASTOR S.R.L.","ESTACIÓN DE SERVICIOS / GRIFOS","PIURA","SECHURA","SECHURA","AV. GRAU S/N CALETA LA BOCANA - PARACHIQUE","2026-08-08"
"90442","SERVICENTRO MARCOAURELIO E I R L","ESTACIÓN DE SERVICIOS / GRIFOS","MADRE DE DIOS","TAMBOPATA","TAMBOPATA","LOTE 4 MANZANA D PUERTO PASTORA","2026-08-08"
"90446","GRIFOS MONTERREY S.R.L.","ESTACIÓN DE SERVICIOS / GRIFOS","ANCASH","HUARI","SAN MARCOS","CARRETERA CATAC-CHAVIN KM 67.4","2026-08-05"
"9045","INVERSIONES NEYRA VALENCIA S.A.C.","ESTACIÓN DE SERVICIOS / GRIFOS","SAN MARTIN","RIOJA","RIOJA","CARRETERA FERNANDO BELAUNDE TERRY KM 481","2026-08-08"
"90450","ESTACION DE SERVICIOS PETROGAS  S.A.C.","ESTACIÓN DE SERVICIOS / GRIFOS","APURIMAC","ABANCAY","ABANCAY","AV. TAMBURCO S/N SECTOR QUISCAPAMPA","2026-08-07"
"90469","ESTACION DE SERVICIOS SACRAMENTO EIRL","ESTACIÓN DE SERVICIO CON GASOCENTRO DE GLP","ICA","PALPA","PALPA","CARRETERA PANAMERICANA SUR KM. 398.5, CASERIO SACRAMENTO","2026-08-08"
"9049","GRUPO REVILLA S.A.C.","ESTACIÓN DE SERVICIO CON GASOCENTRO DE GLP","LIMA","LIMA","VILLA EL SALVADOR","AV. REVOLUCIÓN ESQ AV. TALARA SECTOR 3 GRUPO 12 MZ. N LOTES 2, 3, 4 Y 5","2026-08-09"
"9050","SERVICENTRO PERENE EIRL","ESTACIÓN DE SERVICIO CON GASOCENTRO DE GLP","JUNIN","CHANCHAMAYO","PERENE","CARRETERA MARGINAL KM. 70","2026-08-07"
"9051","SERVICENTRO PERENE EIRL","ESTACIÓN DE SERVICIO CON GASOCENTRO DE GLP","JUNIN","CHANCHAMAYO","SAN RAMON","AV. VICTOR VILLACHICA GAMBINI N° 611, 625, 631 Y 635","2026-08-07"
"9053","INVERSIONES CRGV S.R.L.","ESTACIÓN DE SERVICIOS / GRIFOS","JUNIN","HUANCAYO","SAN JERONIMO DE TUNAN","CARRETERA CENTRAL KM. 18.5 MARGEN IZQUIERDA (ANTES CARRETERA CENTRAL KM. 18.5)","2026-08-08"
"9054","OCEANO SEAFOOD S.A.","ESTACIÓN DE SERVICIOS / GRIFOS","AREQUIPA","ISLAY","ISLAY","MUELLE PESQUERO S/N, TERMINAL MARITIMO DE MATARANI","2026-08-07"
"9057","MUNICIPALIDAD PROVINCIAL MARISCAL NIETO","ESTACIÓN DE SERVICIOS / GRIFOS","MOQUEGUA","MARISCAL NIETO","MOQUEGUA","AV. BALTA ESQUINA CON AV. 25 DE NOVIEMBRE S/N","2026-08-07"
"9065","PETROMAR E.I.R.L.","ESTACIÓN DE SERVICIOS / GRIFOS","HUANCAVELICA","HUANCAVELICA","HUANCAVELICA","AV. ANDRES A. CACERES S/N. - SECTOR TANCARPUQUIO","2026-08-04"
"90685","GRIFO EL PACIFICO SAC","GASOCENTRO DE GLP CON ESTABLECIMIENTO DE VENTA AL PUBLICO DE GNV","LIMA","LIMA","INDEPENDENCIA","AV. INDUSTRIAL N° 3491, ESQUINA CON AV. EL PACIFICO","2026-08-09"
"9069","MULTISERVICIOS ECOGAS S.A.C.","ESTACIÓN DE SERVICIO CON GASOCENTRO DE GLP","ICA","PISCO","PISCO","CARRETERA PANAMERICANA SUR KM. 229.3 SECTOR P.J. SAN MIGUEL","2026-08-07"
"9070","TPA SERVICENTRO S.R.L.","ESTACIÓN DE SERVICIOS / GRIFOS","MOQUEGUA","ILO","ILO","CARRETERA COSTANERA AL SUR, MANZANA D3 LOTE 23","2026-08-07"
"9071","INVERSIONES CARUAJULCA S.R.L.","ESTACIÓN DE SERVICIOS / GRIFOS","CAJAMARCA","HUALGAYOC","BAMBAMARCA","AV.TUPAC AMARU Nº 828","2026-08-08"
"9073","C.A. LOAYZA S.R.LTDA","ESTACIÓN DE SERVICIOS / GRIFOS","LA LIBERTAD","TRUJILLO","MOCHE","CARRETERA PANAMERICANA NORTE KM. 558","2026-08-07"
"9076","SHILCAYO GRIFO S.R.L","ESTACIÓN DE SERVICIOS / GRIFOS","SAN MARTIN","SAN MARTIN","TARAPOTO","ESQ. JR. CABO LALBERTO LEVEAU Y JR. MARTINEZ DE COMPAGNON","2026-08-05"
"9077","PETROGAS","ESTACIÓN DE SERVICIO CON GASOCENTRO DE GLP","JUNIN","HUANCAYO","CHILCA","AV. JACINTO IBARRA Nº 109","2026-08-08"
"9080","GASOLINERAS GRAN PRIX","ESTACIÓN DE SERVICIOS / GRIFOS","LIMA","LIMA","LINCE","AV. ARENALES Nº 1700","2026-08-08"
"90826","GRIFO CHANCAYANA SOCIEDAD ANONIMA CERRADA","ESTACIÓN DE SERVICIOS / GRIFOS","MADRE DE DIOS","MANU","MADRE DE DIOS","CARRETERA PUNKIRI CHICO-BOCA COLORADO, KM. 36.5, MARGEN IZQUIERDO","2026-08-08"
"9087","COESTI S.A.","EE.SS con GLP y GNV","LIMA","LIMA","PUEBLO LIBRE","AV. SUCRE N° 1070","2026-08-09"
"9089","IMVERSIONES ARWATURO S.R.L.","ESTACIÓN DE SERVICIO CON GASOCENTRO DE GLP","JUNIN","HUANCAYO","EL TAMBO","AV. HUANCAVELICA Nº 216","2026-08-09"
"90893","ENVASADORA ANDINA DE GAS COMPANY S.A.","GASOCENTRO DE GLP CON ESTABLECIMIENTO DE VENTA AL PUBLICO DE GNV","LIMA","LIMA","VILLA EL SALVADOR","AV. PACHACUTEC, MZ. B, LOTE 1, INTERSECCION CON CALLE 6","2026-08-09"
"9093","ESTACION DE SERVICIOS SANTA CATALINA","ESTACIÓN DE SERVICIO CON GASOCENTRO DE GLP","HUANUCO","LEONCIO PRADO","JOSE CRESPO Y CASTILLO","CARRETERA MARGINAL KM.54 - AUCAYACU","2026-08-06"
"9096","COESTI S.A.","ESTACIÓN DE SERVICIOS / GRIFOS","LIMA","HUARAL","CHANCAY","CARRETERA PANAMERICANA NORTE KM 90.30","2026-08-09"
"90967","GRIFO PAJARITO E.I.R.L.","ESTACIÓN DE SERVICIOS / GRIFOS","PIURA","AYABACA","AYABACA","AV. MANUEL FRANCISCO RENTERIA Nº 1010","2026-08-05"
"9097","SERVICENTRO AMARILIS","ESTACIÓN DE SERVICIO CON GASOCENTRO DE GLP","HUANUCO","HUANUCO","AMARILIS","AV. ESTEBAN PAVLETICH N° 616","2026-08-08"
"90972","GRIFO MERINO S.R.L.","ESTACIÓN DE SERVICIOS / GRIFOS","CAJAMARCA","CAJABAMBA","CAJABAMBA","AV. VICTOR RAUL HAYA DE LA TORRE N° 188-198 CON JR. LOS PINOS","2026-08-07"
"9098","ESCEN S.A.C.","ESTACIÓN DE SERVICIOS / GRIFOS","AREQUIPA","AREQUIPA","JOSE LUIS BUSTAMANTE Y RIVERO","AV. PORONGOCHE Nº 774","2026-08-07"
"9099","ESTACION DON FERNANDO SAC","ESTACIÓN DE SERVICIO CON GASOCENTRO DE GLP","LA LIBERTAD","TRUJILLO","HUANCHACO","CARRETERA PANAMERICANA NORTE KM. 570 CENTRO POBLADO EL MILAGRO","2026-08-08"
"90997","SERVICIOS GENERALES N.C.S. SOCIEDAD ANONIMA CERRADA","ESTACIÓN DE SERVICIOS / GRIFOS","SAN MARTIN","EL DORADO","SAN JOSE DE SISA","JR. BOLOGNESI C-9, C-10","2026-08-04"
"9100","CIRILA VARGAS CARDENAS","ESTACIÓN DE SERVICIOS / GRIFOS","MADRE DE DIOS","TAMBOPATA","TAMBOPATA","AV. DOS DE MAYO ESQUINA CON JR. MANU","2026-08-05"
"9103","GRIFOS  OBISPO E.I.R.L.","ESTACIÓN DE SERVICIO CON GASOCENTRO DE GLP","LIMA","HUAURA","HUAURA","AV. SAN FRANCISCO MZ. D LOTES 17,18,19 Y 20","2026-08-08"
"9105","INVERSIONES ARL ILO S.R.L.","ESTACIÓN DE SERVICIO CON GASOCENTRO DE GLP","MOQUEGUA","ILO","ILO","AV. MARISCAL CACERES S/N","2026-08-09"
"91117","INVERSIONES PETER EDEN S.A.C.","ESTACIÓN DE SERVICIOS / GRIFOS","LAMBAYEQUE","LAMBAYEQUE","MOCHUMI","CALLE SAN MARTIN Nº 1203 MZ 52 LOTE 4, PARTE DE LA SEXTA PARCELA TRAMO MOCHUMI - TUCUME","2026-08-07"
"91118","PILOTOS","ESTACIÓN DE SERVICIOS / GRIFOS","CUSCO","ANTA","CACHIMAYO","CARRETERA CUSCO ABANCAY KM. 15 SECTOR RECREO VALLE CACHIMAYO","2026-08-08"
"9113","COESTI S.A.","EE.SS con GLP y GNV","LIMA","LIMA","SAN ISIDRO","AV. JAVIER PRADO OESTE N° 1895 ESQUINA CALLE LOS CASTAÑOS","2026-08-08"
"91157","MULTISERVICIOS ROBIN E.I.R.L.","ESTACIÓN DE SERVICIOS / GRIFOS","AYACUCHO","HUAMANGA","JESUS NAZARENO","AV. LAS ROSAS Nº 620 - AA.HH. LAS ROSAS, MZ. A, LOTE 53, VIA EVITAMIENTO","2026-08-04"
"91182","GRIFO GUERRERO DEL ALTOMAYO E.I.R.L","ESTACIÓN DE SERVICIOS / GRIFOS","SAN MARTIN","RIOJA","NUEVA CAJAMARCA","CARRETERA FERNANDO BELAUNDE TERRY KM. 430 + 820  CENTRO POBLADO NARANJILLO","2026-08-07"
"9120","ESTACION DE SERVICIO LA FLORIDA-ICA S.A.C.","ESTACIÓN DE SERVICIO CON GASOCENTRO DE GLP","ICA","ICA","ICA","AV ARENALES N° 1234","2026-08-08"
"9121","LAS AMERICAS","ESTACIÓN DE SERVICIOS / GRIFOS","ICA","PISCO","PISCO","URB. EL BOSQUE MZ. A ESQ. AV. DE LAS AMERICAS Nº 1801","2026-08-07"
"91213","GE INVERSIONES EIRL","ESTACIÓN DE SERVICIO CON GASOCENTRO DE GLP","PIURA","SULLANA","SULLANA","CALLE 7 MZ. E-2 LOTE 1 ESQUINA CON CALLE 11 - PARQUE INDUSTRIAL","2026-08-08"
"9123","AERO GAS DEL NORTE S.A.C.","ESTACIÓN DE SERVICIO CON GASOCENTRO DE GLP","LAMBAYEQUE","CHICLAYO","JOSE LEONARDO ORTIZ","CALLE HUASCAR N° 988 - URRUNAGA","2026-08-07"
"91261","GRIFO PUNTO DE ORO E.I.R.L","ESTACIÓN DE SERVICIO CON GASOCENTRO DE GLP","LA LIBERTAD","TRUJILLO","VICTOR LARCO HERRERA","MZ. 32 LT. 5 PP.JJ. TUPAC AMARU - VISTA ALEGRE","2026-08-07"
"91262","GRIFO TABALOSOS E.I.R.L.","ESTACIÓN DE SERVICIOS / GRIFOS","SAN MARTIN","LAMAS","TABALOSOS","CARRETERA FERNANDO BELAUNDE TERRY KM 40, ESQUINA CON JR. LAMAS","2026-08-09"
"9128","JAVIER PEDRO CASTRO ARROYO","ESTACIÓN DE SERVICIOS / GRIFOS","LIMA","LIMA","LA VICTORIA","AV. SAN PABLO N° 651 ESQ. CON CALLE PEDRO DE LA GASCA","2026-08-05"
"91287","SERVICIOS E INVERSIONES ENERGYNOR E.I.R.L","ESTACIÓN DE SERVICIO CON GASOCENTRO DE GLP","LAMBAYEQUE","LAMBAYEQUE","SAN JOSE","CARRETERA CHICLAYO - SAN JOSE - MZ 35 - LOTES 1, 2, 16, 17 - URB. EL PESCADOR","2026-08-08"
"91341","SERVICIOS E INVERSIONES JMVASQUEZ","ESTACIÓN DE SERVICIOS / GRIFOS","LORETO","MAYNAS","IQUITOS","PASAJE AQUILES MARTINEZ MZ. A, LOTE 1 - AAHH JAVIER PEREZ DE CUELLAR","2026-08-07"
"91357","CORPORACION GRUPO FABIO S.A.C.","GRIFOS FLOTANTES","LORETO","MARISCAL RAMON CASTILLA","YAVARI","MARGEN DERECHA DEL RIO AMAZONAS, LOCALIDAD DE ISLA SANTA ROSA","2026-08-08"
"91385","GRIFO PETROMAT EMPRESA INDIVIDUAL DE RESPONSABILIDAD LIMITADA","ESTACIÓN DE SERVICIOS / GRIFOS","CUSCO","CUSCO","SAN JERONIMO","AV. 4 DE OCTUBRE S/N - OSCOLLOPAMPA","2026-08-08"
"91405","GRUPO AALPA S.A.C.","ESTACIÓN DE SERVICIO CON GASOCENTRO DE GLP","TUMBES","TUMBES","CORRALES","CARRETERA PANAMERICANA NORTE S/N PREDIO CARDALITOS, COD 04766 CPM SAN PEDRO DE LOS INCAS","2026-08-08"
"91460","COMBUSTIBLES DEL ORIENTE S.A.C","ESTACIÓN DE SERVICIOS / GRIFOS","UCAYALI","CORONEL PORTILLO","CALLERIA","JR. AUGUSTO B. LEGUIA Nº 700","2026-08-08"
"91472","ESTACION DE SERVICIOS ESPINOZA","ESTACIÓN DE SERVICIOS / GRIFOS","UCAYALI","PADRE ABAD","ALEXANDER VON HUMBOLD","CARRETERA FEDERICO BASADRE KM. 85+500 CENTRO POBLADO MENOR ALEXANDER VON HUMBOLDT","2026-08-08"
"9156","SERVICENTRO CLARA S.P. E.I.R.L.","ESTACIÓN DE SERVICIOS / GRIFOS","AREQUIPA","ISLAY","ISLAY","AV. AREQUIPA S/N, MATARANI","2026-08-09"
"91569","MARIA TELLO RUIZ","ESTACIÓN DE SERVICIOS / GRIFOS","SAN MARTIN","LAMAS","ALONSO DE ALVARADO","CARRETERA FERNANDO BELAUNDE TERRY KM. 533 + 700 C.P.M. PACAYZAPA","2026-08-07"
"91590","GRIFO BROWN CESAR","ESTACIÓN DE SERVICIOS / GRIFOS","MADRE DE DIOS","TAMBOPATA","TAMBOPATA","SUB LOTE FRACCION B-3 SECTOR LA PASTORA","2026-08-08"
"91594","OCORIS 3 S.A.C.","ESTACIÓN DE SERVICIOS / GRIFOS","PROV. CONST. DEL CALLAO","PROV. CONST. DEL CALLAO","CALLAO","AV. ELMER FAUCETT 735-739","2026-08-07"
"91597","GRIFO FLOTANTE PETRONAUTA","GRIFOS FLOTANTES","LORETO","LORETO","NAUTA","MARGEN IZQUIERDA DEL RIO MARAÑON, ALTURA DE LA CALLE AYACUCHO, MALECON BUENOS AIRES","2026-08-03"
"91618","SERVICENTRO Y MULTISERVICIOS DON MAURI S.R.L.","ESTACIÓN DE SERVICIOS / GRIFOS","AREQUIPA","CAYLLOMA","MAJES","SECTOR E, ASENTAMIENTO E-8, PARCELA 64","2026-08-07"
"9163","PETRONEX PERU S.A.C.","ESTACIÓN DE SERVICIO CON GASOCENTRO DE GLP","PIURA","TALARA","PARIÑAS","PANAMERICANA NORTE KM. 1087 MZ. A, LOTE 6 ZONA SEMI-INDUSTRIAL TALARA II ENACE","2026-08-08"
"91645","MULTISERVICIOS VELASQUEZ S.R.L.","ESTACIÓN DE SERVICIO CON GASOCENTRO DE GLP","CAJAMARCA","SAN MARCOS","PEDRO GALVEZ","AV. 28 DE JULIO S/N","2026-08-07"
"9165","GRUPO CASSA SAC","ESTACIÓN DE SERVICIOS / GRIFOS","LIMA","HUAROCHIRI","MATUCANA","CARRETERA CENTRAL KM. 77- CACACHAQUI","2026-08-08"
"91694","GLOBAL FUEL SOCIEDAD ANONIMA","ESTACIÓN DE SERVICIOS / GRIFOS","PIURA","PAITA","PAITA","CARRETERA PIURA - PAITA KM. 54.2","2026-08-05"
"9170","SANCHEZ INGARUCA ISABEL YOVANA","ESTACIÓN DE SERVICIO CON GASOCENTRO DE GLP","JUNIN","CHANCHAMAYO","CHANCHAMAYO","AV. FRAY JERONIMO JIMENEZ N°219 - URB. SAN CARLOS","2026-08-09"
"91742","VALENCIA CARHUAMACA HECTOR JUAN","ESTACIÓN DE SERVICIO CON GASOCENTRO DE GLP","JUNIN","HUANCAYO","HUANCAN","AV. GENERAL CORDOVA S/N ESQ. AV. 31 DE OCTUBRE","2026-08-06"
"9178","GRIFOS MIRAMAR S.A.C.","ESTACIÓN DE SERVICIOS / GRIFOS","LA LIBERTAD","TRUJILLO","MOCHE","CARRETERA PANAMERICANA NORTE KM. 552","2026-08-09"
"91786","GRUPO DE ESTACIONES C & L S.A.C.","ESTACIÓN DE SERVICIOS / GRIFOS","PUNO","SAN ANTONIO DE PUTINA","ANANEA","AV. SAN MARTIN N° 118 Y LA AV. CIRCUNVALACIÓN S/N, BARRIO PROGRESO","2026-08-08"
"9184","SHILCAYO GRIFO SRL","ESTACIÓN DE SERVICIO CON GASOCENTRO DE GLP","SAN MARTIN","MOYOBAMBA","MOYOBAMBA","CARRETERA FERNANDO BELAUNDE TERRY KM. 504 + 870","2026-08-07"
"9186","ESTACION DE SERVICIOS HUAMBOCANCHA","ESTACIÓN DE SERVICIOS / GRIFOS","CAJAMARCA","CAJAMARCA","CAJAMARCA","KM. 5 CARRETERA BAMBAMARCA","2026-08-09"
"9187","INVERSIONES FAMEVA SAC","ESTACIÓN DE SERVICIOS / GRIFOS","APURIMAC","ANDAHUAYLAS","SAN JERONIMO","AV. LEONCIO PRADO N° 322","2026-08-07"
"9188","GRIFO DANNY","ESTACIÓN DE SERVICIOS / GRIFOS","APURIMAC","ANDAHUAYLAS","SAN JERONIMO","AV. LEONCIO PRADO N° 535","2026-08-07"
"91884","ALEX FILIO PINTO AYALA","ESTACIÓN DE SERVICIOS / GRIFOS","APURIMAC","ANDAHUAYLAS","HUANCARAMA","AV. BOLIVAR S/N SECTOR MAZINGARA","2026-08-07"
"91891","INVERSIONES M Y E S.A.C.","ESTACIÓN DE SERVICIOS / GRIFOS","LIMA","LIMA","LURIGANCHO","AV. 5 DE AGOSTO (ANTES AV. LAS TORRES), MZ. B, LOTES 3 Y 4, ASOCIACION CASA HUERTA 1ERO. DE MAYO","2026-08-07"
"9192","PROSERVICIOS INTEGRADOS EN GAS SAC","EE.SS con GLP y GNV","PROV. CONST. DEL CALLAO","PROV. CONST. DEL CALLAO","VENTANILLA","AV. NESTOR GAMBETA KM. 18.26 (ANTES CARRETERA VENTANILLA KM. 5.9)","2026-08-08"
"9195","SERVICENTRO FAVALCA S.R.L.","ESTACIÓN DE SERVICIOS / GRIFOS","JUNIN","JUNIN","JUNIN","AV. MANUEL PRADO N° 504 (CARRETERA CENTRAL KM. 228)","2026-08-06"
"91969","CORDOVA MURRIETA VDA. DE BAZAN LUISA","ESTACIÓN DE SERVICIO CON GASOCENTRO DE GLP","SAN MARTIN","TOCACHE","NUEVO PROGRESO","CARRETERA FERNANDO BELAUNDE TERRY N° 1221","2026-08-08"
"9197","ESTACION DE SERVICIOS LA ESPERANZA EIRL","ESTACIÓN DE SERVICIO CON GASOCENTRO DE GLP","PASCO","OXAPAMPA","OXAPAMPA","AV.SAN MARTIN N° 1514","2026-08-07"
"9198","AERO GAS DEL NORTE SAC","ESTACIÓN DE SERVICIO CON GASOCENTRO DE GLP","LIMA","LIMA","CARABAYLLO","AV.UNIVERSITARIA INTERSECCION CON AV. ISABEL CHIMPU OCLLO","2026-08-08"
"91988","SERVICENTRO ELENA EMPRESA INDIVIDUAL DE RESPONSABILIDAD LIMITADA / SERV. ELENA EIRL","ESTACIÓN DE SERVICIOS / GRIFOS","CUSCO","CUSCO","SAN JERONIMO","MZ J - LOTES 1 Y 10 APV PICOL ORCOMPUGIO","2026-08-09"
"9199","INVERSIONES SCOTT S.A.C.","ESTACIÓN DE SERVICIOS / GRIFOS","LIMA","LIMA","CARABAYLLO","AV. CONDORCANQUI MZ. R, LOTE 19, URB. SANTO DOMINGO 1RA ETAPA","2026-08-08"
"9200","GRIFO LATINO SAC","ESTACIÓN DE SERVICIOS / GRIFOS","CUSCO","CUSCO","CUSCO","AV. PARDO Nº 864","2026-08-08"
"92006","ESTACION DE SERVICIO CON GASOCENTRO SAN ISIDRO","ESTACIÓN DE SERVICIO CON GASOCENTRO DE GLP","JUNIN","CHUPACA","TRES DE DICIEMBRE","JR. PROGRESO S/N ANEXO DE SAN ISIDRO","2026-08-07"
"9201","INVERSIONES LOARTE S.R.L.","ESTACIÓN DE SERVICIOS / GRIFOS","HUANUCO","DOS DE MAYO","LA UNION","JR. COMERCIO N°1565 - LA UNION","2026-08-04"
"92016","SERVICIOS MULTIPLES ACUARIO E.I.R.L","ESTACIÓN DE SERVICIOS / GRIFOS","LA LIBERTAD","ASCOPE","SANTIAGO DE CAO","MANZANA G5, LOTE 1, 2, 3, 4 SECTOR 4, CARTAVIO, CENTRO POBLADO CARTAVIO","2026-08-08"
"9203","CORPORACION MEGUSAC","ESTACIÓN DE SERVICIO CON GASOCENTRO DE GLP","LIMA","LIMA","COMAS","AV. REVOLUCION NRO. 1825, ESQ. JR. ICA, AA.HH. COLLIQUE","2026-08-08"
"92106","COESTI S.A","ESTACIÓN DE SERVICIO CON GASOCENTRO DE GLP","JUNIN","HUANCAYO","EL TAMBO","AV. JOSE CARLOS MARIATEGUI N° 600","2026-08-08"
"9212","COESTI S.A.  ES OVALO","ESTACIÓN DE SERVICIOS / GRIFOS","CUSCO","CUSCO","SANTIAGO","ALAMEDA PACHACUTEQ D-6","2026-08-08"
"92125","GRIFO MANANTAY","ESTACIÓN DE SERVICIOS / GRIFOS","UCAYALI","CORONEL PORTILLO","MANANTAY","MZ. C, LOTES 1, 19 Y 20 - AA. HH. SOL NACIENTE","2026-08-09"
"92130","ENERGIGAS SAC","GASOCENTRO DE GLP CON ESTABLECIMIENTO DE VENTA AL PUBLICO DE GNV","LIMA","LIMA","LA VICTORIA","AV. MANCO CAPAC N° 1189 Y JR. FRANCIA N° 423","2026-08-09"
"92154","SHILCAYO NORTE SOCIEDAD ANONIMA CERRADA","ESTACIÓN DE SERVICIO CON GASOCENTRO DE GLP","LAMBAYEQUE","CHICLAYO","CHICLAYO","AV. ELVIRA GARCÍA Y GARCÍA NRO. 298 - URB. PATAZCA","2026-08-08"
"92163","ESTACION DE SERVICIOS GIANELLA E.I.R.L","ESTACIÓN DE SERVICIO CON GASOCENTRO DE GLP","HUANUCO","LEONCIO PRADO","RUPA-RUPA","CARRETERA A MONZÓN, KM. 4.5, SECTOR JACINTILLO","2026-08-09"
"92165","TRANSFUELS LIPER E.I.R.L.","ESTACIÓN DE SERVICIO CON GASOCENTRO DE GLP","LIMA","HUAURA","HUACHO","AV. SAN MARTIN Nº 157, 163, 165 Y 169","2026-08-08"
"9218","COMBUSTIBLES HECMIRIS SOCIEDAD COMERCIAL DE RESPONSABILIDAD LIMITADA","ESTACIÓN DE SERVICIOS / GRIFOS","JUNIN","SATIPO","PANGOA","CALLE PERENE Nº 216, ESQUINA CALLE 3 DE NOVIEMBRE","2026-08-04"
"92191","ESTACION DE SERVICIOS PACANGUILLA E.I.R.L","ESTACIÓN DE SERVICIO CON GASOCENTRO DE GLP","LA LIBERTAD","CHEPEN","PACANGA","MZ. 62 LOTE 13 CENTRO POBLADO PACANGUILLA (ESQUINA AV. PANAMERICANA CON CALLE EL MILAGRO)","2026-08-08"
"9220","AVA ARAMBURU","EE.SS con GNV","LIMA","LIMA","SURQUILLO","AV. ANDRÉS ARAMBURÚ N° 904 - 908","2026-08-08"
"92270","PETROLEOS EL SOL E.I.R.L.","ESTACIÓN DE SERVICIO CON GASOCENTRO DE GLP","AREQUIPA","CARAVELI","CHALA","CENTRO POBLADO TRADICIONAL DE CHALA, LOTE 1, MZ.25","2026-08-08"
"92272","ONCAP S.A.C.","ESTACIÓN DE SERVICIO CON GASOCENTRO DE GLP","LIMA","LIMA","LA VICTORIA","AV. MEXICO N° 380-390, ESQUINA CON JR. LOS JACINTOS","2026-08-09"
"9228","BENCAR S.R.L.","ESTACIÓN DE SERVICIOS / GRIFOS","TACNA","JORGE BASADRE","ILABAYA","ASIENTO MINERO DE TOQUEPALA: AREA PLAZA","2026-08-05"
"92291","SERVICENTRO ALDO E.I.R.L.","ESTACIÓN DE SERVICIOS / GRIFOS","MADRE DE DIOS","TAMBOPATA","INAMBARI","FRACCION DE LA PARCELA 23-D-3 - PROYECTO DE ADJUDICACION SANTA ROSA","2026-08-08"
"9230","PETROGAS HOLDING S.A.C.","ESTACIÓN DE SERVICIO CON GASOCENTRO DE GLP","JUNIN","HUANCAYO","EL TAMBO","AV. LAS COLINAS N° 366 ESQUINA CON PASAJE LAS MONTAÑAS - PIO PATA","2026-08-09"
"9232","ESTACION DE SERVICIOS RETA S.A.C.","ESTACIÓN DE SERVICIO CON GASOCENTRO DE GLP","PIURA","PIURA","PIURA","ESQUINA AV. CIRCUNVALACION Y CESAR VALLEJO URB. SAN JOSE","2026-08-09"
"9233","COESTI S.A.","ESTACIÓN DE SERVICIOS / GRIFOS","LIMA","HUARAL","HUARAL","AV. CHANCAY NRO. 513","2026-08-08"
"9243","ESTACION DE SERVICIOS UNIVERSAL S.A.C.","ESTACIÓN DE SERVICIOS / GRIFOS","SAN MARTIN","SAN MARTIN","TARAPOTO","JR. JIMENEZ PIMENTEL N° 1560","2026-08-09"
"92461","ESTACIONES DE SERVICIOS MERCE HERMANOS S.A.C.","ESTACIÓN DE SERVICIOS / GRIFOS","PIURA","MORROPON","SALITRAL","AV. CUGLIEVAN S/N CARRETERA PIURA HUANCABAMBA KM. 37 CASERIO MALACASI","2026-08-08"
"9247","COESTI S.A","EE.SS con GNV","LIMA","LIMA","SANTIAGO DE SURCO","AV. BENAVIDES Y CAMINOS DEL INCA N° 2009 Y 2017, URB. LAS GARDENIAS, 3RA ETAPA","2026-08-09"
"9251","ESTACIONES MARITIMAS SERVIMAR S.A.C.","GRIFOS FLOTANTES","ANCASH","SANTA","CHIMBOTE","JR. MALECON GRAU S/N  LA CALETA  MUELLE GILDEMEISTER","2026-07-18"
"9256","ENERGIGAS S.A.C.","EE.SS con GLP y GNV","ANCASH","SANTA","CHIMBOTE","AV. VICTOR RAUL HAYA DE LA TORRE Nº 3850","2026-08-07"
"9257","COMBUSAT S.A.C.","ESTACIÓN DE SERVICIOS / GRIFOS","AREQUIPA","CARAVELI","CHALA","AV. EMANCIPACIÓN S/N, MZ. 39 LT 07 AA.HH. MANUEL PRADO","2026-08-08"
"92582","GRIFO BELIZARIO E.I.R.L.","ESTACIÓN DE SERVICIOS / GRIFOS","PIURA","MORROPON","CHULUCANAS","CASERIO LOS COCOS - CARRETERA CHULUCANAS YAPATERA KM. 03","2026-08-07"
"9259","CESAR BELIZARIO LEON DELGADO ","ESTACIÓN DE SERVICIO CON GASOCENTRO DE GLP","LAMBAYEQUE","CHICLAYO","LA VICTORIA","LOS AMAUTAS Nº 215","2026-08-09"
"9261","ALARCON MAMANI INES","ESTACIÓN DE SERVICIOS / GRIFOS","PUNO","SAN ROMAN","JULIACA","AV. INDEPENDENCIA N°369","2026-08-01"
"92638","SERVICENTRO LUCIA E.I.R.L.","ESTACIÓN DE SERVICIOS / GRIFOS","MADRE DE DIOS","TAMBOPATA","LAS PIEDRAS","MZ 4G LOTES 23,24 Y 18-B EL TRIUNFO","2026-08-04"
"92658","GRIFO MACHUPIICHU","ESTACIÓN DE SERVICIOS / GRIFOS","MADRE DE DIOS","TAMBOPATA","LAS PIEDRAS","CARRETERA PTO.MALDONADO - IBERIA-IÑAPARI KM 60","2026-08-08"
"92670","VALENTIN RONALD DEL CARPIO GUZMAN","ESTACIÓN DE SERVICIOS / GRIFOS","MADRE DE DIOS","MANU","HUEPETUHE","MANZANA 154-LOTES N° 09-11 Y 13","2026-08-03"
"92677","TORIBIO ERNESTO PEREZ VALER","ESTACIÓN DE SERVICIOS / GRIFOS","MADRE DE DIOS","MANU","HUEPETUHE","MANZANA 154 LOTES Nº 15, 17 Y 19","2026-08-07"
"9269","COESTI  S.A  ESPINAR 2","ESTACIÓN DE SERVICIO CON GASOCENTRO DE GLP","AREQUIPA","AREQUIPA","MIRAFLORES","AV. PROGRESO Nº 981-991 ESQUINA CON CALLE ESPINAR","2026-08-09"
"9271","ESTACION DE SERVICIOS TEXAS SAC","ESTACIÓN DE SERVICIOS / GRIFOS","TACNA","TACNA","TACNA","AV. JORGE BASADRE ESQ. CON PROLONG. DOS DE MAYO 692-695","2026-08-08"
"9273","ESTACION DE SERVICIOS DECAR S.A.C","ESTACIÓN DE SERVICIOS / GRIFOS","JUNIN","TARMA","TARMA","AV. MANUEL ODRIA N° 1848","2026-08-09"
"92756","GRUPO DON ANDRES S.A.C.","ESTACIÓN DE SERVICIOS / GRIFOS","MADRE DE DIOS","MANU","HUEPETUHE","AVENIDA PRINCIPAL, MANZANA 208 LOTES 1, 3 Y 5","2026-08-08"
"9279","COMERCIALIZADORA DE COMBUSTIBLES FERNANDEZ HERMANOS S.R.L.","ESTACIÓN DE SERVICIOS / GRIFOS","AREQUIPA","CAMANA","SAMUEL PASTOR","CARRETERA PANAMERICANA SUR KM. 840, LA PUNTA","2026-08-07"
"92831","ESTACION DE SERVICIOS A Y CH SAC","ESTACIÓN DE SERVICIOS / GRIFOS","LA LIBERTAD","GRAN CHIMU","CASCAS","AV. LIBERTAD S/N","2026-08-08"
"92847","GUTIS GAS STATION S.A.C","ESTACIÓN DE SERVICIO CON GASOCENTRO DE GLP","LA LIBERTAD","TRUJILLO","HUANCHACO","ESQUINA AV. NUEVO TRUJILLO Y CALLE PACASMAYO MZ. 66 LT. 10 C.P.M. VICTOR RAUL HAYA DE LA TORRE","2026-08-09"
"92856","ZETA GAS ANDINO S.A.","GASOCENTROS DE GLP","TACNA","TACNA","TACNA","AV. JORGE BASADRE ESQ. CON PROLONGACION DOS DE MAYO 692-695","2026-07-31"
"9287","GRIFOS LAYZON S.A.C.","ESTACIÓN DE SERVICIOS / GRIFOS","CAJAMARCA","CAJAMARCA","CAJAMARCA","AV. INDEPENDENCIA N° 1075","2026-08-06"
"9288","JC TRADING CORPORATION SAC","EE.SS con GLP y GNV","LIMA","LIMA","LURIGANCHO","AV. LAS TORRES MZ. K LOTE 6, ASOC. DIGNIDAD NACIONAL - HUACHIPA","2026-08-09"
"92944","GRIFO SAN MIGUEL","ESTACIÓN DE SERVICIOS / GRIFOS","AREQUIPA","AREQUIPA","SOCABAYA","UBIC. RUR. SECTOR-A, LOTE 4, U.C. LADRILLEROS SAN JUAN BAUTISTA DE LA COMUNIDAD CAMPESINA DE CHARACATO","2026-08-07"
"92951","ESTACIÓN DE SERVICIOS MILAGROS","ESTACIÓN DE SERVICIO CON GASOCENTRO DE GLP","JUNIN","TARMA","TARMA","CARRETERA CENTRAL TARMA - JAUJA KM 57.00 CARHUACATAC","2026-08-07"
"92959","ESTACION DE SERVICIO LOS MEDANOS S.A.C","ESTACIÓN DE SERVICIO CON GASOCENTRO DE GLP","LIMA","HUAURA","SAYAN","CARRETERA HUACHO - SAYAN, MZ. D, LT. 4 - LOS MEDANOS, SECTOR IRRIGACION SANTA ROSA","2026-08-07"
"92982","ALJUFA S.A.C.","ESTACIÓN DE SERVICIOS / GRIFOS","LAMBAYEQUE","FERREÑAFE","FERREÑAFE","AV. BATANGRANDE Nº 100 PUEBLO JOVEN SEÑOR DE LA JUSTICIA - FERREÑAFE","2026-08-07"
"92998","STEFANY ROSEMERY PINEDA BARAHONA","ESTACIÓN DE SERVICIOS / GRIFOS","LA LIBERTAD","CHEPEN","PACANGA","CALLE 27 DE OCTUBRE N° 80 (ESQUINA CON CALLE 29 DE DICIEMBRE)","2026-07-31"
"92999","SERVICENTRO EL IMPERIO SRL","ESTACIÓN DE SERVICIOS / GRIFOS","CUSCO","URUBAMBA","URUBAMBA","CARRET. URUBAMBA-OLLANTAYTAMBO APROX. A 150 M DE LAS INSTALACIONES DEL INSTITUTO SUPERIOR DE URUBAMBA-URB. LA CANTUTA","2026-08-04"
"93001","JUSTO PASTOR ARIAS ABARCA","ESTACIÓN DE SERVICIOS / GRIFOS","CAJAMARCA","SAN IGNACIO","SAN IGNACIO","AV. MARIANO MELGAR S/N ESQUINA CON CALLE SAN MARTIN","2026-08-07"
"93088","AERO GAS DEL NORTE SOCIEDAD ANONIMA  CERRADA","ESTACIÓN DE SERVICIO CON GASOCENTRO DE GLP","LAMBAYEQUE","CHICLAYO","MONSEFU","AV. VENEZUELA Nº 102 INTERSECCIÓN CON AV. MIRAFLORES","2026-08-07"
"93122","SERVICENTRO MELLIZO","ESTACIÓN DE SERVICIOS / GRIFOS","AYACUCHO","HUAMANGA","JESUS NAZARENO","MZ. B, LOTE 2, COMUNIDAD CAMPESINA TOTORA","2026-08-07"
"93131","MULTIVENTAS SAYLENI E.I.R.L.","GRIFOS FLOTANTES","LORETO","DATEM DEL MARAÑON","MANSERICHE","MARGEN DERECHA DEL RIO MARAÑON - REFERENCIA: PUERTO DEL POBLADO DE SARAMIRIZA","2026-08-03"
"93140","INVERSIONES NOBAL S.A.C.","ESTACIÓN DE SERVICIO CON GASOCENTRO DE GLP","LIMA","LIMA","VILLA EL SALVADOR","AV. SEPARADORA INDUSTRIAL ESQUINA CON CALLE C1 AGRUPAMIENTO PACHACAMAC MZ. B1 PARCELA 3C GRUPO B LOTE 25","2026-08-09"
"93142","GRIFOS DEL NORTE S.A.C.","ESTACIÓN DE SERVICIOS / GRIFOS","LA LIBERTAD","PACASMAYO","GUADALUPE","AV. NILA CERRUTI Nº 285","2026-08-07"
"9316","GRIFO TORRES E.I.R.L.","ESTACIÓN DE SERVICIOS / GRIFOS","SAN MARTIN","PICOTA","PICOTA","AV. FERNANDO BELAUNDE TERRY S/N (ANTES JR. LA MARGINAL 2DA CUADRA)","2026-08-05"
"93163","GRUPO TORRES MUÑOZ S.A.C.","ESTACIÓN DE SERVICIOS / GRIFOS","LA LIBERTAD","PATAZ","TAYABAMBA","PROLONGACION CALLE SIMON BOLIVAR ESQUINA CON CARRETERA A HUANCASPATA","2026-07-15"
"9317","GRIFO CUNAS S.A.C.","ESTACIÓN DE SERVICIO CON GASOCENTRO DE GLP","JUNIN","CHUPACA","CHUPACA","AV. 24 DE JUNIO NRO. 285","2026-08-07"
"93209","ESTACION DE SERVICIOS JANS S.R.L.","ESTACIÓN DE SERVICIOS / GRIFOS","PIURA","HUANCABAMBA","HUANCABAMBA","CALLE 02 DE MAYO Nº 733","2026-08-07"
"9322","GRIFO EL CONDOR","ESTACIÓN DE SERVICIOS / GRIFOS","AREQUIPA","AREQUIPA","YURA","URB. CIUDAD DE DIOS KM. 13, CARRETERA A YURA, MZ. R, LOTES. 1 Y 2, SECTOR A","2026-08-08"
"93239","ESTACION DE SERVICIOS EL TORITO","GASOCENTRO DE GLP CON ESTABLECIMIENTO DE VENTA AL PUBLICO DE GNV","LIMA","LIMA","SAN MARTIN DE PORRES","LOTE 4, MZ. D6, AV ALFREDO MENDIOLA N° 8050 - URB PRO SEXTO SECTOR","2026-08-06"
"9328","COMPANIA OPERADORA DE LA SELVA","ESTACIÓN DE SERVICIO CON GASOCENTRO DE GLP","UCAYALI","CORONEL PORTILLO","CALLERIA","JR. GUILLERMO SISLEY Nº 1200","2026-08-09"
"93284","COMPANIA PERUANA DE PETROLEO GAS Y GASOLINA SAC","GASOCENTROS DE GLP","LA LIBERTAD","TRUJILLO","TRUJILLO","AV. AMERICA NORTE N° 1200, ZONA RUSTICA DEL FUNDO HUERTA GRANDE LOTE V","2026-08-08"
"9329","SERVICENTRO LA ALAMEDA","ESTACIÓN DE SERVICIO CON GASOCENTRO DE GLP","LIMA","LIMA","CHORRILLOS","AV. ALAMEDA SUR ESQUINA CON CALLE LOS KEROS MZ. Q LOTE 11, URB. SAN JUAN BAUTISTA DE VILLA","2026-08-09"
"93305","TT SERVICIOS GENERALES E.I.R.L.","ESTACIÓN DE SERVICIOS / GRIFOS","ANCASH","YUNGAY","RANRAHIRCA","CARRETERA PATIVILCA - CARAZ KM. 249.1, PREDIO RANRAPUNTA, CARRETERA HUARAZ - CARAZ, SECTOR RANRAHIRCA","2026-08-05"
"93308","INVERSIONES KOKIS E.I.R.L.","ESTACIÓN DE SERVICIOS / GRIFOS","ANCASH","RECUAY","RECUAY","CARRETERA PATIVILCA - HUARAZ KM. 177.26","2026-08-08"
"9333","INVERSIONES Y SERVICIOS GALVEZ S.A.C.","ESTACIÓN DE SERVICIOS / GRIFOS","LA LIBERTAD","TRUJILLO","MOCHE","PANAMERICANA NORTE KM. 555","2026-08-09"
"9337","MULTISERVICIOS CHICLAYO S.R.L.","ESTACIÓN DE SERVICIO CON GASOCENTRO DE GLP","LAMBAYEQUE","CHICLAYO","CHICLAYO","AV. BOLOGNESI N° 690","2026-08-06"
"93384","ESTACIÓN SAN DIEGO","ESTACIÓN DE SERVICIO CON GASOCENTRO DE GLP","LIMA","LIMA","VILLA EL SALVADOR","AV. EL SOL MZ. J-1, LT. 04, URB. LAS VERTIENTES","2026-08-09"
"9342","CORPORACION GRIFERA SAC","ESTACIÓN DE SERVICIOS / GRIFOS","MADRE DE DIOS","TAMBOPATA","TAMBOPATA","AV. MADRE DE DIOS N° 181","2026-08-08"
"93425","PETRO LAS LOMAS S.A.C.","ESTACIÓN DE SERVICIOS / GRIFOS","PIURA","PIURA","LAS LOMAS","AV. BELLAVISTA S/N A.H. JUAN VELASCO ALVARADO","2026-08-08"
"9343","SERVICENTRO MARCO ANTONIO S.R.LTDA.","ESTACIÓN DE SERVICIOS / GRIFOS","LIMA","LIMA","VILLA MARIA DEL TRIUNFO","AV. VILLA MARIA Nº 1400","2026-08-08"
"9344","LIMABANDA S.A.C.","ESTACIÓN DE SERVICIOS / GRIFOS","LAMBAYEQUE","CHICLAYO","CHICLAYO","AV. VICTOR RAUL HAYA DE LA TORRE 250 ESQUINA CON CALLE LA FLORIDA","2026-08-08"
"93474","GRIFO PALUCO HUASCAHURA S.A.C.","ESTACIÓN DE SERVICIOS / GRIFOS","AYACUCHO","HUAMANGA","AYACUCHO","VIA LOS LIBERTADORES KM. 5 CURVA ACASIO SECTOR HUASCAHURA","2026-08-07"
"9348","GRIFO VIRGEN DE ALTA GRACIA E.I.R.LTDA","ESTACIÓN DE SERVICIOS / GRIFOS","PUNO","MELGAR","AYAVIRI","AV. MANCO CAPAC S/N BARRIO MANCO CAPAC","2026-08-08"
"93494","GRIFO MIKE","ESTACIÓN DE SERVICIOS / GRIFOS","SAN MARTIN","EL DORADO","SAN JOSE DE SISA","AV. SANTA ROSA CDRA. 06 - LAS PALMERAS","2026-08-07"
"93532","SJR SAC","ESTACIÓN DE SERVICIO CON GASOCENTRO DE GLP","LA LIBERTAD","TRUJILLO","TRUJILLO","ESQUINA AV. AMERICA SUR CON CALLE FRANCISCO MONTESINOS S/N (CALLE 4), MZ. C LOTE 02, URB. EL SOL","2026-08-08"
"93538","COESTI S.A","EE.SS con GNV","ICA","NAZCA","NAZCA","CARRETERA PANAMERICANA SUR KM 446 SECTOR CURVE S/N","2026-08-08"
"9354","ESTACION DE SERVICIOS NJK S.A.C.","ESTACIÓN DE SERVICIO CON GASOCENTRO DE GLP","LIMA","HUAURA","VEGUETA","AV. LAS AMERICAS N° 831 - PANAMERICANA NORTE KM 158","2026-08-05"
"9355","GLOBAL FUEL S.A.","ESTACIÓN DE SERVICIOS / GRIFOS","LIMA","LIMA","SAN ISIDRO","AV. GENERAL PEZET N° 1301","2026-08-04"
"93554","SERVICENTRO VARSOVIA E.I.R.L.","ESTACIÓN DE SERVICIOS / GRIFOS","LORETO","MAYNAS","SAN JUAN BAUTISTA","AV. ABELARDO QUIÑONEZ KM 1.7 ESQ. CON CALLE NUEVO SAN LORENZO","2026-08-08"
"9356","GRIFO VALERIA  VICTORIA S.A.C.","EE.SS con GNV","LIMA","LIMA","EL AGUSTINO","AV. JOSE RIVA AGUERO N° 411","2026-08-08"
"9357","ESTACION DE SERVICIOS NECOLI E.I.R.L.","ESTACIÓN DE SERVICIO CON GASOCENTRO DE GLP","LAMBAYEQUE","LAMBAYEQUE","LAMBAYEQUE","AV. RAMON CASTILLA N° 1443","2026-08-08"
"93573","ESTACION DE  SERVICIOS CONSORCIO SIROMA SCRL","ESTACIÓN DE SERVICIOS / GRIFOS","PASCO","PASCO","VICCO","ZONA INDUSTRIAL SECTOR 1 MZ 6 LOTES 03 AL 09","2026-08-05"
"93611","SERVICENTRO SANTA MARIA E.I.R.L.","ESTACIÓN DE SERVICIO CON GASOCENTRO DE GLP","CAJAMARCA","JAEN","JAEN","AV. PAKAMUROS CUADRA 4 CON CALLE LOS ROBLES","2026-08-09"
"93619","COMBUSTIBLES OYOTUN E.I.R.L.","ESTACIÓN DE SERVICIO CON GASOCENTRO DE GLP","LAMBAYEQUE","CHICLAYO","OYOTUN","AV. TARAPACA S/N - CENTRO","2026-08-07"
"9363","BRAULIO ROGELIO MONTUFAR ARGOLLO","ESTACIÓN DE SERVICIOS / GRIFOS","PUNO","CHUCUITO","JULI","AV. PANAMERICANA NORTE N° 413 ESQUINA AV. CASPA N° 122","2026-08-06"
"9364","FULL SERVICE LA MOLINA S.A.C","ESTACIÓN DE SERVICIO CON GASOCENTRO DE GLP","LIMA","LIMA","LA MOLINA","AV. LA MOLINA N° 2421","2026-08-05"
"93652","PETROVICH - TAX E.I.R.L.","ESTACIÓN DE SERVICIOS / GRIFOS","PIURA","PIURA","LA ARENA","AV. PRINCIPAL S/N VILLA VICHAYAL","2026-08-09"
"9368","GRIFO SAPHY","ESTACIÓN DE SERVICIOS / GRIFOS","CUSCO","CUSCO","CUSCO","CALLE SHAPY Nº 850","2026-08-08"
"93689","JAIME VILLALOBOS CELIS","ESTACIÓN DE SERVICIOS / GRIFOS","CAJAMARCA","SANTA CRUZ","SANTA CRUZ","AV. CAJAMARCA S/N","2026-08-07"
"9369","FEDERICO ANTONIO CARPIO VARGAS","ESTACIÓN DE SERVICIOS / GRIFOS","CUSCO","CANCHIS","SICUANI","AV. CONFEDERACION Nº 515","2026-08-08"
"9372","ESTACIÓN DE SERVICIOS ANCÓN S.A.","EE.SS con GLP y GNV","LIMA","LIMA","ANCON","PANAMERICANA NORTE KM. 44, URB. SAN JOSE, MZ. N LOTE 3","2026-08-05"
"93740","COESTI S.A.","ESTACIÓN DE SERVICIOS / GRIFOS","ICA","NAZCA","VISTA ALEGRE","CARRETERA PANAMERICANA SUR KM. 460.50","2026-08-08"
"93759","SANTIAGO CONDORI  RODRIGUEZ","ESTACIÓN DE SERVICIOS / GRIFOS","MADRE DE DIOS","TAMBOPATA","INAMBARI","FRACCION DE PARCELA Nº 20, UC 30474 - ALTO LIBERTAD ALTURA KM 98+500 CARRET. PTO MALDONADO-MAZUKO","2026-08-07"
"93814","GRIFO JURADO EIRL","ESTACIÓN DE SERVICIOS / GRIFOS","LA LIBERTAD","PATAZ","PARCOY","SECTOR BELLA AURORA, ZONA 18, COMUNIDAD CAMPESINA SEÑOR DE LOS DESAMPARADOS","2026-08-08"
"93854","SERVICENTRO PETROMOVIL S.A.C.","ESTACIÓN DE SERVICIOS / GRIFOS","CUSCO","QUISPICANCHI","ANDAHUAYLILLAS","CARR. CUSCO - URCOS SECTOR TAMBOPATA KM 32","2026-08-07"
"9386","INVERSIONES PAQUITA S.A.C.","ESTACIÓN DE SERVICIOS / GRIFOS","SAN MARTIN","RIOJA","RIOJA","JR. SANTO TORIBIO Nº 660","2026-07-30"
"9387","GRUPO RAMON VASQUEZ ZUMAETA S.A.C.","ESTACIÓN DE SERVICIOS / GRIFOS","SAN MARTIN","RIOJA","RIOJA","CARRETERA FERNANDO BELAUNDE TERRY KM. 481 SECTOR CAPIRONAL","2026-08-08"
"93917","TRANS VICTORIA S.A.C.","ESTACIÓN DE SERVICIOS / GRIFOS","AREQUIPA","AREQUIPA","MOLLEBAYA","ASOC. LADRILLEROS CONO SUR, MZ. M, LT. Nº 04","2026-08-08"
"9393","GRIFO PUTUMAYO E.I.R.L.","ESTACIÓN DE SERVICIOS / GRIFOS","LORETO","MAYNAS","IQUITOS","JR.PUTUMAYO N° 1678 ESQ. CON CALLE MAGDALENA NUEVA","2026-08-03"
"93948","GRIFO PUERTO CARLOS SOCIEDAD ANÓNIMA CERRADA","ESTACIÓN DE SERVICIOS / GRIFOS","MADRE DE DIOS","MANU","MADRE DE DIOS","CARRETERA BOCA COLORADO-PUNKIRI CHICO KM. 32+800","2026-08-05"
"93951","LOVIDACA SAC","ESTACIÓN DE SERVICIOS / GRIFOS","LORETO","UCAYALI","CONTAMANA","CALLE VICTOR RAUL HAYA DE LA TORRE S/N MZ N° 91 LOTE 7","2026-08-08"
"94031","LARGE HUMAN GROUP SAC","ESTACIÓN DE SERVICIOS / GRIFOS","LORETO","MAYNAS","SAN JUAN BAUTISTA","PROLONGACION MOORE MZ. R LT. 8 (AV. PARTICIPACION)","2026-08-08"
"94033","ESTACION DE SERVICIOS DURVAL","ESTACIÓN DE SERVICIOS / GRIFOS","MADRE DE DIOS","TAHUAMANU","IÑAPARI","CARRETERA INTEROCEANICA PTO MALDONADO IÑAPARI KM. 223","2026-08-05"
"94052","ESTACION DE SERVICIOS MAX PETROLL S.R.L.","ESTACIÓN DE SERVICIOS / GRIFOS","CAJAMARCA","JAEN","JAEN","CARRETERA CHAMAYA  SAN IGNACIO KM 14.5 SECTOR MONTE GRANDE","2026-08-07"
"94114","ESTACION DE SERVICIOS LA PERLA","ESTACIÓN DE SERVICIOS / GRIFOS","AREQUIPA","AREQUIPA","AREQUIPA","AV. INDEPENDENCIA NO. 869, ESQUINA CON CALLE AREVALO - URB. MUNICIPAL","2026-08-08"
"94120","COMUNIDAD CAMPESINA SAN MIGUEL DE UTCUYACU","ESTACIÓN DE SERVICIOS / GRIFOS","ANCASH","RECUAY","CATAC","CARRETERA PATIVILCA - HUARAZ KM. 533, CASERIO PARCO","2026-08-08"
"94124","SERVICENTRO PETROLEOS HUEPETUHE SOCIEDAD ANONIMA CERRADA - SERVICENTRO PETROLEOS HUEPETUHE S.A.C","ESTACIÓN DE SERVICIOS / GRIFOS","MADRE DE DIOS","MANU","HUEPETUHE","AV. HUEPETUHE SN SEGUNDA ETAPA MZA. H LOTE. 1 C.P. HUEPETUHE","2026-08-07"
"94134","SERVICENTRO ALICIA S.R.L.","ESTACIÓN DE SERVICIOS / GRIFOS","LORETO","ALTO AMAZONAS","YURIMAGUAS","CARRETERA YURIMAGUAS-TARAPOTO KM 3.5","2026-08-08"
"94166","NEGOCIACIONES GOLD BLACK PERU S.A.C.","ESTACIÓN DE SERVICIO CON GASOCENTRO DE GLP","JUNIN","CONCEPCION","MATAHUASI","CARRETERA CENTRAL N° 447, BARRIO DOS DE MAYO","2026-08-06"
"94176","ESTACION EL OVALO EIRL","EE.SS con GLP y GNV","ICA","ICA","ICA","AV FERNANDO LEON DE VIVERO S/N LOTE Nº 2 PREDIO MONTERRICO","2026-08-08"
"94186","SS LORETO S.A.C.","ESTACIÓN DE SERVICIOS / GRIFOS","LORETO","ALTO AMAZONAS","YURIMAGUAS","ESQUINA DE FRANCISCO BARDALEZ CON 28 DE JULIO","2026-08-08"
"94221","SARA GUTIERREZ CONDOR","ESTACIÓN DE SERVICIOS / GRIFOS","HUANUCO","AMBO","SAN RAFAEL","JR. PROGRESO N° 806","2026-08-09"
"9423","COESTI  GRANADA","ESTACIÓN DE SERVICIO CON GASOCENTRO DE GLP","LIMA","LIMA","SANTIAGO DE SURCO","AV. MARISCAL CASTILLA N° 905","2026-08-09"
"9424","KIO CAPITAL S.A.C.","ESTACIÓN DE SERVICIO CON GASOCENTRO DE GLP","LIMA","LIMA","CARABAYLLO","AV. TUPAC AMARU 10200  10202 (ALT. 18.5 KM. AV. TUPAC AMARU)","2026-08-09"
"94259","ESTACIONES DE SERVICIOS OCAÑA S.A.C.","ESTACIÓN DE SERVICIOS / GRIFOS","CAJAMARCA","SAN IGNACIO","SAN IGNACIO","CARRETERA JAEN - SAN IGNACIO S/N","2026-08-07"
"9426","SERVICIOS Y GRIFOS CAMARENA S.A.","ESTACIÓN DE SERVICIOS / GRIFOS","LIMA","LIMA","VILLA EL SALVADOR","SECTOR 03, GRUPO 19, MZ. M, LOTES. 1, 2, 3 Y 24","2026-08-03"
"9427","ESTACION DE SERVICIOS MY FRIEND SAC","ESTACIÓN DE SERVICIO CON GASOCENTRO DE GLP","CAJAMARCA","CAJAMARCA","CAJAMARCA","VIA EVITAMIENTO SUR N° 371 URB. LA RIVERA","2026-08-07"
"9428","MONTES BRAVO OLGA","ESTACIÓN DE SERVICIOS / GRIFOS","PUNO","MELGAR","AYAVIRI","AV. GARCILAZO N° 295","2026-08-05"
"94285","GRIFO JUAN DE DIOS I.C.R. E.I.R.L.","ESTACIÓN DE SERVICIOS / GRIFOS","ANCASH","CASMA","BUENA VISTA ALTA","CARRETERA CASMA - QUILLO KM 12, MZ. A LT. 1, CASERIO HUANCHUY, SECTOR PAREDON","2026-08-07"
"9429","IMPORTACIONES Y EXPORTACIONES SELVA  S.A.","ESTACIÓN DE SERVICIOS / GRIFOS","LIMA","LIMA","COMAS","AV. TUPAC AMARU ESQ. CON AV. METROPOLITANA","2026-08-08"
"9430","INVERSIONES GENERALES GAMID E.I.R.L.","EE.SS con GNV","CUSCO","LA CONVENCION","SANTA ANA","BALNEARIO SAMBARAY CARRETERA QUILLABAMBA - SAMBARAY S/N.","2026-08-01"
"9432","ENERGY OIL COMPANY S.A.C.","ESTACIÓN DE SERVICIO CON GASOCENTRO DE GLP","LIMA","LIMA","PUENTE PIEDRA","CARRETERA PANAMERICANA NORTE KM. 33.5","2026-08-09"
"9433","GRIFOS UNIDOS E.I.R.L.","ESTACIÓN DE SERVICIOS / GRIFOS","PUNO","SAN ROMAN","JULIACA","KM. 4.2 CARRETERA JULIACA - CUSCO","2026-08-06"
"94336","CORPORACION MEGUSAC","ESTACIÓN DE SERVICIO CON GASOCENTRO DE GLP","LIMA","LIMA","COMAS","AV. REVOLUCION CON AV. MARIA PARADO DE BELLIDO MZ. M, LOTES 34 Y 35 AA.HH. COLLIQUE V ZONA","2026-08-08"
"9434","INVERSIONES HECA S.A.C.","ESTACIÓN DE SERVICIO CON GASOCENTRO DE GLP","LIMA","HUAURA","SANTA MARIA","AV. TUPAC AMARU Nº 598","2026-08-08"
"9436","CESAR ANGELES MILLONES","ESTACIÓN DE SERVICIOS / GRIFOS","LAMBAYEQUE","CHICLAYO","ETEN PUERTO","PROLONGACION DIEGO FERRE Nº 849","2026-08-07"
"9440","FILSE S.A.C.","ESTACIÓN DE SERVICIOS / GRIFOS","LIMA","LIMA","COMAS","AV. METROPOLITANA N° 1905","2026-08-08"
"94408","COMBUSTIBLES EL PUEBLO E.I.R.L.","ESTACIÓN DE SERVICIOS / GRIFOS","LAMBAYEQUE","LAMBAYEQUE","JAYANCA","CARRETERA PANAMERICANA NORTE KM 32 + 628","2026-08-05"
"94418","SERVICENTRO TACNA 2","GASOCENTRO DE GLP CON ESTABLECIMIENTO DE VENTA AL PUBLICO DE GNV","LIMA","LIMA","LA VICTORIA","AV. NICOLAS AYLLON MZ. 306, LOTES 1, 2 Y 3. ESQ. CON AV. MEXICO, URB. SAN PABLO","2026-08-09"
"94440","PALOMINO MARTINEZ JACINTO","ESTACIÓN DE SERVICIOS / GRIFOS","HUANCAVELICA","TAYACAJA","AHUAYCHA","CALLE REAL S/N","2026-08-07"
"94446","PAMELA MILAGROS VASQUEZ ROMERO DE ESPINOZA","ESTACIÓN DE SERVICIOS / GRIFOS","LIMA","HUAROCHIRI","SAN ANTONIO","AV. TUPAC AMARU, COMUNIDAD CAMPESINA DE JICAMARCA ANEXO 22. PAMPAS DE CANTO GRANDE, MZ. CQ LOTE 1","2026-08-08"
"94447","ESTACIONES DE SERVICIOS OCAÑA S.A.C.","ESTACIÓN DE SERVICIOS / GRIFOS","CAJAMARCA","SAN IGNACIO","SAN IGNACIO","CARRETERA SAN IGNACIO - NAMBALLE KM. 1.5 - BARRIO LA CUEVA","2026-08-07"
"94455","REYES ELMER RAMIREZ CRUZ","ESTACIÓN DE SERVICIOS / GRIFOS","CAJAMARCA","SAN IGNACIO","LA COIPA","AV. MARTIN CUESTA S/N","2026-08-07"
"9446","ASIA GRIFOS Y SERVICIOS GENERALES S.A.C.","ESTACIÓN DE SERVICIO CON GASOCENTRO DE GLP","LIMA","CAÑETE","ASIA","CARRETERA PANAMERICANA SUR KM. 97.5","2026-08-08"
"94465","GRIFO'S SAMIRA S.A.C.","ESTACIÓN DE SERVICIOS / GRIFOS","CAJAMARCA","JAEN","BELLAVISTA","CARRETERA JAEN - SAN IGNACIO KM. 40 ENTRADA A CPM LA FLORESTA","2026-08-05"
"9447","ES SANCHEZ CERRO","ESTACIÓN DE SERVICIO CON GASOCENTRO DE GLP","PIURA","PIURA","PIURA","AV. SANCHEZ CERRO MZ. 224, LOTE 01-A, ZONA INDUSTRIAL ANTIGUA","2026-08-09"
"94476","MULTISERVICIOS ECOGAS S.A.C.","ESTACIÓN DE SERVICIO CON GASOCENTRO DE GLP","LIMA","LIMA","PUCUSANA","CARRETERA PANAMERICANA SUR KM. 56.80","2026-08-08"
"94557","ESTACION DE SERVICIOS  LA LUZ","ESTACIÓN DE SERVICIOS / GRIFOS","ANCASH","HUAYLAS","CARAZ","CARRETERA CARAZ-HUALLANCA S/N, U.C. 70440, SECTOR CUMPAYHUARA, BARRIO ICHOC HUAYLAS","2026-08-08"
"94582","MULTICENTRO ESPERANZA E.I.R.L.","ESTACIÓN DE SERVICIO CON GASOCENTRO DE GLP","LAMBAYEQUE","FERREÑAFE","PITIPO","AV. REAL S/N ENTRADA AL CENTRO POBLADO BATANGRANDE","2026-08-08"
"94614","GRIFO FLOTANTE TITIKAKA E.I.R.L.","GRIFOS FLOTANTES","PUNO","PUNO","PUNO","MUELLE TURISTICO DE PUNO","2026-08-06"
"9462","COESTI S.A","EE.SS con GNV","LIMA","LIMA","ATE","AV. NICOLAS AYLLÓN N° 2162","2026-08-08"
"9464","COESTI S.A","EE.SS con GLP y GNV","LIMA","LIMA","LA VICTORIA","AV. CANADA N 1189 - 1191, ESQ. CON CALLE VICTOR ALZAMORA","2026-08-08"
"94659","GRIFOS L.V. E.I.R.L","ESTACIÓN DE SERVICIOS / GRIFOS","CAJAMARCA","CAJAMARCA","NAMORA","JR. EL PORVENIR S/N, CASERIO OJO DE AGUA","2026-07-31"
"9466","ESTACIÓN OIL STAR","ESTACIÓN DE SERVICIOS / GRIFOS","LIMA","LIMA","COMAS","AV. HEROES DEL ALTO CENEPA (ANTES AUTOPISTA CHILLON TRAPICHE) LOTE 57 EX FUNDO CHACRA CERRO","2026-08-05"
"94684","DUOGAS S.A.","EE.SS con GLP y GNV","LIMA","LIMA","BREÑA","AV. ARICA N° 580 - 590 ESQ. CON JR. JORGE CHAVEZ","2026-08-08"
"9470","COESTI  EL VELOZ","ESTACIÓN DE SERVICIO CON GASOCENTRO DE GLP","AREQUIPA","AREQUIPA","CERRO COLORADO","AV. AVIACIÓN KM. 6.5","2026-08-09"
"94702","COMFERNORT E.I.R.L","ESTACIÓN DE SERVICIO CON GASOCENTRO DE GLP","LAMBAYEQUE","CHICLAYO","JOSE LEONARDO ORTIZ","AV. ARGENTINA NRO. 2600 P.J. LUJAN","2026-08-07"
"9471","GRIFO LOS TUMPIS SAC","ESTACIÓN DE SERVICIO CON GASOCENTRO DE GLP","TUMBES","TUMBES","TUMBES","AV. UNIVERSITARIA Nº 672 AA.HH. PAMPA GRANDE","2026-08-07"
"9472","SERVICELIB SAC","ESTACIÓN DE SERVICIO CON GASOCENTRO DE GLP","LA LIBERTAD","PACASMAYO","PACASMAYO","ESQUINA AV. LEONCIO PRADO Y GONZALO UGAS","2026-08-09"
"9473","REPSOL COMERCIAL S.A.C.","ESTACIÓN DE SERVICIOS / GRIFOS","LIMA","LIMA","MIRAFLORES","AV. AREQUIPA 5080 ESQ. CON ENRIQUE PALACIOS","2026-08-09"
"94735","ES ASIA  COESTI PRIMAX","ESTACIÓN DE SERVICIO CON GASOCENTRO DE GLP","LIMA","CAÑETE","ASIA","CARRETERA PANAMERICANA SUR KM 97.5 LOTE 30, FUNDO LA QUERENCIA","2026-08-09"
"9474","MAX GAS SOCIEDAD ANONIMA CERRADA","ESTACIÓN DE SERVICIO CON GASOCENTRO DE GLP","LAMBAYEQUE","CHICLAYO","CHICLAYO","KM 3.25 CARRETERA CHICLAYO - POMALCA","2026-08-05"
"9477","SERVICENTRO TACALA S.R.L.","ESTACIÓN DE SERVICIOS / GRIFOS","LIMA","LIMA","CHORRILLOS","AV. EL SOL S/N, ENTRE LOS NOGALES Y LOS LAURELES, MZ. A LT.4. AA.HH. TACALA","2026-08-08"
"94779","SERVICENTRO JICAMARCA","ESTACIÓN DE SERVICIO CON GASOCENTRO DE GLP","LIMA","HUAROCHIRI","SAN ANTONIO","AV. PACHACUTEC S/N MZ AÑ LOTE 11 Y 12 SECTOR CERCADO, PAMPA CANTO GRANDE","2026-08-06"
"9479","GRIFO PERLITA SAC","ESTACIÓN DE SERVICIOS / GRIFOS","LIMA","LIMA","LURIN","ANTIGUA PANAM.SUR KM.36.100 EX FUNDO SAN VICENTE","2026-08-07"
"9480","SERVICENTRO PANAMERICANA S.R.L.","ESTACIÓN DE SERVICIOS / GRIFOS","PUNO","EL COLLAO","ILAVE","KM. 53 DE LA CARRETERA PUNO-ILAVE","2026-08-07"
"94814","MAXIMILIANA HERRERAS CONDEMAITA","ESTACIÓN DE SERVICIOS / GRIFOS","AYACUCHO","HUAMANGA","PACAYCASA","CARRETERA AYACUCHO - QUINUA, SECTOR DE ORCASITAS","2026-08-08"
"94823","COMERCIOS IRENE Y MARIANO S.A.C.","ESTACIÓN DE SERVICIOS / GRIFOS","AYACUCHO","PARINACOCHAS","CORACORA","JR. SAN MARTIN S/N ESQUINA CON JR. LOS LIBERTADORES","2026-08-02"
"94827","PETRO NEGOCIOS DENNYS E.I.R.L.","ESTACIÓN DE SERVICIOS / GRIFOS","CUSCO","LA CONVENCION","KIMBIRI","AV. TUPAC AMARU S/N CARRETERA KIMBIRI - PICHARI","2026-08-08"
"94831","SERVICENTRO REQUENA S.A.C.","ESTACIÓN DE SERVICIOS / GRIFOS","LORETO","REQUENA","REQUENA","ESQ. CALLE PADRE GINER MZ. 20, LOTE 19 Y 20A CON CALLE 9 DE OCTUBRE - AAHH REQUENA ETAPA I, ZONA A","2026-08-01"
"9484","ENERGIGAS SAC","ESTACIÓN DE SERVICIO CON GASOCENTRO DE GLP","LIMA","LIMA","LA VICTORIA","AV. MANCO CAPAC N° 993, ESQUINA CON AV. ISABEL LA CATOLICA","2026-08-09"
"94860","GRIFO SOL DE MAYO S.A.C","ESTACIÓN DE SERVICIOS / GRIFOS","SAN MARTIN","RIOJA","PARDO MIGUEL","AV. PARDO MIGUEL CUADRA 1 CASERIO 3 DE MAYO","2026-08-06"
"94861","ESTACIÓN DE SERVICIOS SEÑOR DE LA MONTAÑA E.I.R.L.","ESTACIÓN DE SERVICIOS / GRIFOS","AMAZONAS","BONGARA","JAZAN","AV. CARRETERA MARGINAL KM 307 + 354 CASERIO SUYOBAMBA","2026-08-07"
"94862","RENE PEREZ TUANAMA","ESTACIÓN DE SERVICIOS / GRIFOS","SAN MARTIN","EL DORADO","SAN JOSE DE SISA","AV. 20 DE MAYO - CP 20 DE MAYO","2026-08-07"
"9487","PETROCENTRO GUEVARA E.I.R.L.","ESTACIÓN DE SERVICIOS / GRIFOS","CUSCO","URUBAMBA","URUBAMBA","AV. MARISCAL CASTILLA S/N. Y CABO CONCHATUPAC","2026-08-08"
"9488","GLOBAL FUEL S.A.","EE.SS con GLP y GNV","LIMA","LIMA","BARRANCO","AV. BOLOGNESI CUADRA 8, ESQ. CON CALLE TIRAVANTI","2026-08-07"
"9489","ESTACION CERRO AZUL S.A.C.","ESTACIÓN DE SERVICIO CON GASOCENTRO DE GLP","LIMA","CAÑETE","CERRO AZUL","CARRETERA PANAMERICANA SUR KM. 133","2026-08-09"
"9491","COESTI  LA 48","ESTACIÓN DE SERVICIOS / GRIFOS","AREQUIPA","AREQUIPA","LA JOYA","AA.HH. PROGRESO KM. 48 CARRETERA AREQUIPA-CAMANA","2026-08-09"
"94913","JK EL EXITO E.I.R.L.","ESTACIÓN DE SERVICIOS / GRIFOS","AYACUCHO","HUANTA","HUANTA","ESQUINA DE AV. MIGUEL LAZON CON JR. DOS DE MAYO LOTE 12G MZ. C1 BARRIO DE CINCO ESQUINAS","2026-08-08"
"94916","ESTACION DE SERVICIOS METRO S.A.C.","ESTACIÓN DE SERVICIOS / GRIFOS","ANCASH","SIHUAS","SIHUAS","JR.CENTENARIO S/N, BARRIO LA PLAYA SIHUAS HISTORICO","2026-08-08"
"94925","CORPORACION DE NEGOCIOS SUR PERU SAC","ESTACIÓN DE SERVICIOS / GRIFOS","ANCASH","HUARAZ","HUARAZ","AV. 27 DE NOVIEMBRE N° 1116, BARRIO CHALLHUA","2026-08-08"
"9493","SERVICENTRO A.Q.P. SRL","ESTACIÓN DE SERVICIOS / GRIFOS","AREQUIPA","AREQUIPA","ALTO SELVA ALEGRE","AV. GUTEMBERG N° 509","2026-08-07"
"9494","GRIFO FVI CELEMI SAC","ESTACIÓN DE SERVICIOS / GRIFOS","PUNO","SAN ROMAN","JULIACA","CARRETERA JULIACA-HUANCANE KM. 5.8","2026-08-02"
"94940","PRIMAX KEVIN 1","ESTACIÓN DE SERVICIO CON GASOCENTRO DE GLP","HUANUCO","AMBO","AMBO","CARRETERA AMBO - SAN RAFAEL KM. 375 MATIGRANDE","2026-08-08"
"94957","ESTACION DE SERVICIOS SANTO TOMAS DE LIMA S.A.C.","ESTACIÓN DE SERVICIOS / GRIFOS","AREQUIPA","AREQUIPA","MARIANO MELGAR","AV. ARGENTINA S/N, LOTE 7 MZ 1B, ZONA B, PP.JJ. GENERALISIMO JOSE DE SAN MARTIN","2026-08-07"
"9496","GRIFO REAL S.A.","ESTACIÓN DE SERVICIOS / GRIFOS","JUNIN","HUANCAYO","CHILCA","CALLE REAL 308 - 312","2026-08-07"
"9498","ESTACION DE SERVICIOS JUANCJUMER S.A.C.","ESTACIÓN DE SERVICIOS / GRIFOS","LA LIBERTAD","SANCHEZ CARRION","HUAMACHUCO","AV. 10 DE JULIO CUADRA 1","2026-08-04"
"9502","ESTACION DE SERVICIOS FRAY MARTIN SRL","ESTACIÓN DE SERVICIO CON GASOCENTRO DE GLP","ANCASH","SANTA","SANTA","CARRETERA PANAMERICANA NORTE KM. 442","2026-08-08"
"95023","INVERSIONES ESPINOZA Y ASOCIADOS S.A.C.","ESTACIÓN DE SERVICIOS / GRIFOS","PROV. CONST. DEL CALLAO","PROV. CONST. DEL CALLAO","VENTANILLA","AV. HUAYNA CAPAC ESQUINA CON CALLE SECHIN, MZ. B8, LOTES 1, 2, 3, 8 Y 9; GRUPO RESIDENCIAL B3, SECTOR B, PROYECTO PILOTO NUEVO PACHACÚTEC","2026-08-08"
"9503","GRIFO LINZAR E.I.R.L.","ESTACIÓN DE SERVICIOS / GRIFOS","JUNIN","HUANCAYO","SICAYA","CARRETERA CENTRAL KM. 7 - MARGEN DERECHA","2026-08-08"
"95036","ESTACION DE SERVICIOS RIO MAR","ESTACIÓN DE SERVICIOS / GRIFOS","LORETO","MAYNAS","BELEN","CALLE 4 MZ H, LOTE 5 - URB. RIO MAR 1ERA ZONA","2026-08-08"
"9506","SERVICENTRO LA MUYUNA","ESTACIÓN DE SERVICIOS / GRIFOS","SAN MARTIN","SAN MARTIN","TARAPOTO","JR. RAMON CASTILLA ESQUINA CON JR. LIMA","2026-08-07"
"9507","REPSOL COMERCIAL S.A.C.","ESTACIÓN DE SERVICIOS / GRIFOS","LIMA","LIMA","MIRAFLORES","AV. ROOSEVELT N° 6471, 6475, 6479, 6481, 6483, 6485, 6489, 6491 Y AV. 28 DE JULIO N° 1541","2026-08-09"
"95075","GRIFOS GUEVARA","ESTACIÓN DE SERVICIOS / GRIFOS","PUNO","SAN ROMAN","CARACOTO","JR. LIMA S/N - MZ. A LT. 14 - URB. SAN FELIPE","2026-08-08"
"9510","ESTACION DE SERVICIOS PETRO WORLD SAC","ESTACIÓN DE SERVICIO CON GASOCENTRO DE GLP","LIMA","LIMA","VILLA MARIA DEL TRIUNFO","AV. EL SOL N° 278, MZ. K1 LOTE 8 PRIMER HOGAR POLICIAL ZONA 1","2026-08-08"
"9511","ESTACION DE SERVICIOS OTOÑO S.A.C.","ESTACIÓN DE SERVICIOS / GRIFOS","LIMA","LIMA","LOS OLIVOS","AV. LOS PROCERES MZ. A LOTES 39,40. AA.HH. LOS JAZMINES","2026-08-07"
"95112","INVERSIONES KM H SAC","ESTACIÓN DE SERVICIOS / GRIFOS","AREQUIPA","AREQUIPA","UCHUMAYO","AV. PRINCIPAL S/N (ANTIGUA CARRETERA A CERRO VERDE), SECTOR PAMPAS NUEVAS","2026-08-07"
"9512","GRIFO DENNIS S.A.C.","EE.SS con GLP y GNV","LIMA","LIMA","SAN MARTIN DE PORRES","AV. CANTA CALLAO MZ.G LT.4, URB. LOS HUERTOS DEL NARANJAL","2026-08-08"
"9513","COESTI S.A","EE.SS con GLP y GNV","LIMA","LIMA","COMAS","AV. HEROES DEL ALTO CENEPA N° 697, LOTIZACIÓN FUNDO CHACRA CERRO","2026-08-09"
"9514","AUTOSERVICIOS SAN ISIDRO S.R.L.","ESTACIÓN DE SERVICIOS / GRIFOS","LIMA","LIMA","SANTIAGO DE SURCO","AV. BENAVIDES 4295 - URB. HIGUERETA","2026-08-09"
"9515","SERVICENTRO SHALOM S.A.C.","EE.SS con GLP y GNV","LIMA","LIMA","LIMA","AV. NACIONES UNIDAS 1222 MZ. K URB. SAN RAFAEL","2026-08-08"
"95155","INVERSIONES HANS ADRIEL S.A.C.","ESTACIÓN DE SERVICIOS / GRIFOS","LORETO","DATEM DEL MARAÑON","MANSERICHE","CARRETERA SARAMIRIZA - BAGUA KM. 2.0 - LOCALIDAD DE SARAMIRIZA","2026-08-02"
"9516","GRIFO DENNIS S.A.C.","ESTACIÓN DE SERVICIOS / GRIFOS","PROV. CONST. DEL CALLAO","PROV. CONST. DEL CALLAO","CALLAO","AV. BERTELLO MZ. U LT. 14 URB. ALBINO HERRERA","2026-08-08"
"95160","INVERSIONES DAMSCAR S.R.L.","ESTACIÓN DE SERVICIOS / GRIFOS","CAJAMARCA","HUALGAYOC","BAMBAMARCA","AV. RICARDO PALMA Nº 620","2026-08-01"
"9517","ESTACION DE SERVICIO PATIVILCA SAC","ESTACIÓN DE SERVICIOS / GRIFOS","LIMA","BARRANCA","PATIVILCA","JR. SAN MARTIN S/N CARRETERA PANAMERICANA NORTE KM. 210","2026-08-05"
"95173","GRIFO MÁS","ESTACIÓN DE SERVICIOS / GRIFOS","UCAYALI","CORONEL PORTILLO","CAMPOVERDE","CARRETERA FEDERICO BASADRE KM. 28.500","2026-08-08"
"9518","COESTI 28 DE JULIO","EE.SS con GLP y GNV","LIMA","LIMA","LA VICTORIA","AV. 28 DE JULIO N° 2200","2026-08-08"
"9519","ESTACION DE SERVICIOS PASO DE LOS ANDES S.A.C.","EE.SS con GLP y GNV","LIMA","LIMA","PUENTE PIEDRA","CARRETERA PANAMERICANA NORTE KM. 36.5","2026-08-07"
"9520","REPSOL COMERCIAL S.A.C.","EE.SS con GLP y GNV","LIMA","LIMA","LIMA","AV. OSCAR R. BENAVIDES N° 930","2026-08-09"
"9521","COESTI SA","ESTACIÓN DE SERVICIOS / GRIFOS","LIMA","LIMA","ATE","AV. NICOLAS AYLLON S/N KM 2.8, ESQ. CON TOMAS ALVA EDISON","2026-08-08"
"95210","INVERSIONES GRUPO MARAÑON S.A.C.","ESTACIÓN DE SERVICIOS / GRIFOS","HUANUCO","DOS DE MAYO","QUIVILLA","JR. CENTRAL N° 102","2026-08-07"
"95224","ESTACION DE SERVICIOS GRIFO ABANCAY EMPRESA INDIVIDUAL DE RESPONSABILIDAD LIMITADA","ESTACIÓN DE SERVICIOS / GRIFOS","APURIMAC","ABANCAY","ABANCAY","URB. BELLAVISTA BAJA KM. 1.5 LIMA - ABANCAY","2026-08-08"
"9523","PETRO CRYSMAR S.A.C.","ESTACIÓN DE SERVICIO CON GASOCENTRO DE GLP","LA LIBERTAD","ASCOPE","CHICAMA","CARRETERA PANAMERICANA NORTE KM. 574.3","2026-08-09"
"9524","GRIFO F & R S.A.C.","ESTACIÓN DE SERVICIOS / GRIFOS","LIMA","LIMA","LOS OLIVOS","URB. PROLIMA III ETAPA MZ. H LT. 31  PANAMERICANA NORTE","2026-08-04"
"95241","SERVICENTRO EL PAMPACOLQUINO EIRL","ESTACIÓN DE SERVICIOS / GRIFOS","AREQUIPA","CASTILLA","PAMPACOLCA","CENTRO POBLADO PAMPACOLCA MZ K, LOTE 3","2026-08-04"
"95244","FRANCISCO JAVIER ZEVALLOS ESPINOZA","ESTACIÓN DE SERVICIOS / GRIFOS","LA LIBERTAD","PATAZ","PARCOY","CARRETERA TRUJILLO-TAYABAMBA SECTOR LAS LAMAS ANEXO RETAMAS","2026-08-04"
"9525","PETRO CALLAO S.A.C. ","ESTACIÓN DE SERVICIOS / GRIFOS","PROV. CONST. DEL CALLAO","PROV. CONST. DEL CALLAO","CALLAO","AV. ARGENTINA N° 498, URB. CHACARITAS","2026-08-08"
"9526","ES EL CARMELO","EE.SS con GLP y GNV","LIMA","LIMA","SAN MIGUEL","AV. LA MARINA N° 3112  URB. MARANGA CUARTA ETAPA","2026-08-08"
"9527","SERVICENTRO HERBERT MEZA CACEDA E.I.R.L.","ESTACIÓN DE SERVICIOS / GRIFOS","LIMA","LIMA","PUEBLO LIBRE","AV. LA MARINA NO. 892","2026-08-07"
"9529","GRIFOS VITO S.A","EE.SS con GLP y GNV","LIMA","LIMA","SAN JUAN DE LURIGANCHO","AV. EL SOL Nº 101, CANTO GRANDE","2026-08-04"
"9530","EE SS MONTE EVEREST","ESTACIÓN DE SERVICIO CON GASOCENTRO DE GLP","LIMA","LIMA","SAN BARTOLO","ANTIGUA CARRETERA PANAMERICANA SUR KM 51.8","2026-08-09"
"9531","REPSOL COMERCIAL S.A.C. ","ESTACIÓN DE SERVICIO CON GASOCENTRO DE GLP","PROV. CONST. DEL CALLAO","PROV. CONST. DEL CALLAO","CALLAO","AV. CORONEL NESTOR GAMBETTA N° 10548","2026-08-09"
"95312","REPRESENTACIONES NEVADA SOCIEDAD COMERCIAL DE RESPONSABILIDAD LIMITADA","ESTACIÓN DE SERVICIOS / GRIFOS","PUNO","SAN ANTONIO DE PUTINA","ANANEA","AV. EL SOL DE ORO Nº 330","2026-08-08"
"95323","ESTEBAN RAMIREZ LAZO","ESTACIÓN DE SERVICIOS / GRIFOS","AYACUCHO","HUANTA","SIVIA","PROLONGACIÓN AV. HUANTA S/N, CARRETERA SIVIA  HUANTA, BARRIO BELLAVISTA, MZ. D, LOTES 2, 3 Y 4","2026-08-03"
"9535","REPSOL COMERCIAL SAC","ESTACIÓN DE SERVICIO CON GASOCENTRO DE GLP","PROV. CONST. DEL CALLAO","PROV. CONST. DEL CALLAO","BELLAVISTA","AV. ALMIRANTE GRAU N° 1300, ESQUINA CON LA CALLE VIGIL N° 335-355 (AV. BUENOS AIRES, ESQUINA CON LA CALLE VIGIL)","2026-08-09"
"95355","SERVICENTRO AGUKI S.A.","GASOCENTRO DE GLP CON ESTABLECIMIENTO DE VENTA AL PUBLICO DE GNV","PROV. CONST. DEL CALLAO","PROV. CONST. DEL CALLAO","CALLAO","AV. ELMER FAUCETT Nº 5482 (ANTES AV. ELMER FAUCETT MZ.A LOTES 1, 13 Y 14 SUBLOTE M-1 LOTIZACION INDUSTRIAL POCHA REGALADO-EX FUNDO TABOADA)","2026-08-08"
"9536","RAMPOIL S.A.C.","ESTACIÓN DE SERVICIOS / GRIFOS","LIMA","LIMA","RIMAC","CALLE DOMINGO ANGULO N° 131, EX. ALAMEDA DE LOS BOBOS, LT. 01 MZ. B, ESQUINA LA HUERTA","2026-08-09"
"9537","RAINFOREST DC S.A.C.","ESTACIÓN DE SERVICIOS / GRIFOS","LIMA","LIMA","SAN ISIDRO","AV. PETIT THOUARS N° 3929","2026-08-04"
"95380","SERVICENTRO LIMATAMBO S.R.L.","ESTACIÓN DE SERVICIOS / GRIFOS","CUSCO","ANTA","LIMATAMBO","CHINCHAYBAMBA S/N, KM 68 VIA CUSCO ABANCAY","2026-08-07"
"95385","SERVICENTRO TRANSPORTES  Y SERVICIOS ESPINAR S.A.C.","ESTACIÓN DE SERVICIO CON GASOCENTRO DE GLP","AREQUIPA","AREQUIPA","CERRO COLORADO","CARRETERA A YURA KM. 9, ESQUINA CON VIA DE EVITAMIENTO, SUB LOTE 4, RIO SECO, ANEXO ZAMACOLA","2026-08-08"
"95388","TRANS MURIEL INVER S.A.C. 	","ESTACIÓN DE SERVICIOS / GRIFOS","ICA","NAZCA","NAZCA","CARRETERA PANAMERICANA SUR KM. 444.75, SECTOR CURVE BAJO","2026-08-07"
"9539","COESTI S.A.","ESTACIÓN DE SERVICIOS / GRIFOS","LIMA","LIMA","MIRAFLORES","AV. BENAVIDES N° 2116","2026-08-09"
"9542","ESTACION DE SERVICIOS LA MARINA","ESTACIÓN DE SERVICIO CON GASOCENTRO DE GLP","PROV. CONST. DEL CALLAO","PROV. CONST. DEL CALLAO","LA PERLA","AV. LA MARINA N° 405-407 ESQ. CON CALLE ALEJANDRO MAGNO, URB. BENJAMIN DOIG LOSSIO","2026-08-08"
"9543","GASOCNTRO LAS MORAS EMPRESA INDIVIDUAL DE RESPONSABILIDAD LIMITADA","ESTACIÓN DE SERVICIO CON GASOCENTRO DE GLP","HUANUCO","HUANUCO","HUANUCO","JR. HUALLAYCO N° 1772","2026-08-07"
"95430","MARINA GAS S.A.C.","EE.SS con GLP y GNV","LIMA","LIMA","PUEBLO LIBRE","AV. LA MARINA Nº 787, ESQUINA CON JR. MARISCAL CASTILLA Nº 1650","2026-08-08"
"95444","SERVICENTRO SAN ALEJANDRO S.R.L","ESTACIÓN DE SERVICIOS / GRIFOS","UCAYALI","PADRE ABAD","IRAZOLA","COMITE DE PRODUCTORES AGRARIOS EL PORVENIR - PARCELA 27-B","2026-08-08"
"95445","ESTACION DE SERVICIOS PORVENIR II","ESTACIÓN DE SERVICIO CON GASOCENTRO DE GLP","PIURA","PIURA","CASTILLA","AV. TACNA Nº 700","2026-08-07"
"95448","LUIS ERNESTO ALEJANDRO ARAUJO","ESTACIÓN DE SERVICIOS / GRIFOS","ANCASH","SANTA","SANTA","PARCELA 15195 RINCONADA ALTA, CARRETERA SANTA  HUALLANCA (AV. VICTOR RAUL HAYA DE LA TORRE S/N - KM. 12.5)","2026-08-08"
"95453","ESTACION DE SERVICIOS YANSUR E.I.R.L.","ESTACIÓN DE SERVICIOS / GRIFOS","PUNO","SAN ROMAN","JULIACA","ESQ. AV. CIRCUNVALACIÓN N° 2710, CON JR. GUILLERMO BRICEÑO ROSA MEDINA S/N","2026-08-08"
"9547","PETRO CENTRO SAN PEDRO S.A.C.","ESTACIÓN DE SERVICIOS / GRIFOS","LIMA","BARRANCA","SUPE PUERTO","BARRIO LA PALMA - ALTURA KM. 191 PANAMERICANA NORTE","2026-08-07"
"9548","COMPAIA OPERADORA DE LA SELVA SA","ESTACIÓN DE SERVICIOS / GRIFOS","LORETO","MAYNAS","IQUITOS","ESQUINA CALLE FANNING CON CALLE CALVO DE ARAUJO N° 801","2026-08-08"
"9550","GRIFO 28 DE JULIO E.I.R.L.","ESTACIÓN DE SERVICIOS / GRIFOS","LORETO","MAYNAS","PUNCHANA","AV. 28 DE JULIO / INDEPENDENCIA","2026-08-05"
"95502","GRUPO DE GESTION C S.A.","ESTACIÓN DE SERVICIO CON GASOCENTRO DE GLP","AREQUIPA","AREQUIPA","CERRO COLORADO","AV. LAS CANTERAS S/N, CENTRO INDUSTRIAL LAS CANTERAS MZ. N, LOTE Nº 02","2026-08-08"
"9551","COESTI S.A.  LANIFICIO","ESTACIÓN DE SERVICIOS / GRIFOS","AREQUIPA","AREQUIPA","JOSE LUIS BUSTAMANTE Y RIVERO","AV. ANDRES AVELINO CACERES MZ. C LOTE 1","2026-08-09"
"9552","GRACIELA HUANCA DE MEZA","ESTACIÓN DE SERVICIOS / GRIFOS","AREQUIPA","AREQUIPA","PAUCARPATA","COOPERATIVA VILLA PORONGOCHE A-1","2026-08-07"
"95522","ESTACION DE SERVICIOS CRUCE SAN JOAQUIN S.A.C.","ESTACIÓN DE SERVICIO CON GASOCENTRO DE GLP","ICA","ICA","PARCONA","CALLE MALECON LA VICTORIA N° 543 Y 544 ESQUINA CON PASAJE LA TINGUIÑA","2026-08-08"
"9553","TRANSPORTES Y SERVICIOS MULTIPLES S.A.","ESTACIÓN DE SERVICIO CON GASOCENTRO DE GLP","ANCASH","SANTA","NUEVO CHIMBOTE","UPIS SAN DIEGO MZ B LOTE 33 - URB. BELLAMAR (AV. ANCHOVETA S/N)","2026-08-08"
"95531","SERVICENTRO SAN MIGUEL EIRL","GRIFOS FLOTANTES","MADRE DE DIOS","TAMBOPATA","LABERINTO","JR. PROLONGACIÓN MIGUEL GRAU NRO. S/N URB. CALLE DERECHA DEL RIO MDD MADRE DE DIOS","2026-08-08"
"95532","ESTACION DE SERVICIOS HUANCAYO","ESTACIÓN DE SERVICIOS / GRIFOS","UCAYALI","PADRE ABAD","ALEXANDER VON HUMBOLD","ESQUINA DE LA CARRETERA FERNANDO BELAUNDE TERRY CON JR. HUANUCO - CENTRO POBLADO VON HUMBOLT","2026-08-07"
"95538","KICHI GAS S.A.C.","GASOCENTROS DE GLP","LIMA","LIMA","SAN MARTIN DE PORRES","AV. TOMAS VALLE N° 2053  URB. SAN PEDRO DE GARAGAY","2026-08-08"
"9554","EL GUSHA","ESTACIÓN DE SERVICIO CON GASOCENTRO DE GLP","CAJAMARCA","CAJAMARCA","CAJAMARCA","AV. ATAHUALPA N° 554","2026-08-04"
"9555","MALAVER SALAZAR ASOCIADOS S.A.C.","ESTACIÓN DE SERVICIO CON GASOCENTRO DE GLP","CAJAMARCA","CAJAMARCA","CAJAMARCA","AV. EVITAMIENTO NORTE N° 1116, ESQUINA CON PASAJE JUAN PABLO II, LOTIZACION EL BOSQUE","2026-08-08"
"9556","SILVA NAVARRO JOSE LUIS","ESTACIÓN DE SERVICIOS / GRIFOS","AREQUIPA","AREQUIPA","SOCABAYA","AV. SOCABAYA Nº 101","2026-08-09"
"9557","GRIFO SUBTANJALLA SRL","ESTACIÓN DE SERVICIO CON GASOCENTRO DE GLP","ICA","ICA","SUBTANJALLA","CARRETERA PANAMERICANA SUR KM. 296","2026-08-09"
"9558","GRIFO EL SOL S.R.L.","ESTACIÓN DE SERVICIOS / GRIFOS","ANCASH","HUARAZ","HUARAZ","AV. 27 DE NOVIEMBRE Nº 1103","2026-08-04"
"95611","ESTACION DE SERVICIOS MARCONA S.A.C.","ESTACIÓN DE SERVICIO CON GASOCENTRO DE GLP","ICA","NAZCA","MARCONA","LOTE N° 10, ZONA INDUSTRIAL, AV. INDUSTRIAL ESQUINA CON CALLE S/N","2026-08-07"
"9562","ESTACION DE SERVICIOS SAN JOSE S.A.C. 1","ESTACIÓN DE SERVICIO CON GASOCENTRO DE GLP","PIURA","PIURA","PIURA","ESQUINA PROLONGACIÓN GRAU CON JIRÓN LAS LOMAS","2026-08-08"
"9563","GRIFO D.G. S.R.L.","ESTACIÓN DE SERVICIO CON GASOCENTRO DE GLP","PIURA","TALARA","LOS ORGANOS","AV. PANAMERICANA S/N","2026-08-07"
"9564","RICARDO TAPIA GUTIERREZ","ESTACIÓN DE SERVICIOS / GRIFOS","PUNO","SAN ROMAN","CABANILLAS","JR. SAN MARTIN Nº 222","2026-08-05"
"95643","SERVICENTRO PASAMAYO S.A.C.","ESTACIÓN DE SERVICIO CON GASOCENTRO DE GLP","LIMA","LIMA","PUENTE PIEDRA","AV. PERIURBANA Nº 1007 (PREDIO RURAL ZAPALLAL ALTO - EL DORADO)","2026-08-07"
"9565","ROBHI GRIFOS S R LTDA","ESTACIÓN DE SERVICIOS / GRIFOS","PUNO","SAN ROMAN","JULIACA","ESQ. RAMON CASTILLA Y CARABAYA N° 581","2026-08-08"
"95664","ESTACION DE SERVICIOS Y GRIFOS CORREA SRL","ESTACIÓN DE SERVICIOS / GRIFOS","CAJAMARCA","SAN MIGUEL","SAN MIGUEL","INTERSECCION JR. JOSE GALVEZ Y JR. RAMÓN CASTILLA","2026-08-08"
"9567","ROBHI GRIFOS S.R.L.","ESTACIÓN DE SERVICIOS / GRIFOS","PUNO","SAN ROMAN","JULIACA","AV HUANCANE MZA A-1 LOTES 15 Y 16","2026-08-08"
"95671","DISTRIBUIDORA E IMPORTADORA M & G S.A.C.","ESTACIÓN DE SERVICIOS / GRIFOS","LIMA","LIMA","COMAS","AV. UNIVERSITARIA KM.14 MZ. A1 LOTE 23 COOPERATIVA PRIMAVERA","2026-08-08"
"9568","REPSOL COMERCIAL SAC","ESTACIÓN DE SERVICIOS / GRIFOS","CUSCO","CUSCO","WANCHAQ","AV. INFANCIA Nº 551","2026-08-09"
"9569","CHARACATO SUPER GRIFO S.A.C.","ESTACIÓN DE SERVICIO CON GASOCENTRO DE GLP","SAN MARTIN","TOCACHE","TOCACHE","JR. FREDY ALIAGA N° 1135","2026-08-06"
"95719","ESTACION DE SERVICIOS GRIFO EL TRIUNFO S.A.C","ESTACIÓN DE SERVICIOS / GRIFOS","JUNIN","CHANCHAMAYO","CHANCHAMAYO","CARRETERA MARGINAL S/N ZONA DE QUIMIRI","2026-08-07"
"9572","LOS CIRUELOS SAC","ESTACIÓN DE SERVICIO CON GASOCENTRO DE GLP","LIMA","LIMA","SAN JUAN DE LURIGANCHO","AV. LOS PROCERES DE LA INDEPENDENCIA N° 2901,MZ. I LT. 10","2026-08-09"
"9573","SERVICENTRO GERMANICO F.H. S.A.C.","EE.SS con GLP y GNV","LIMA","LIMA","SANTIAGO DE SURCO","AV. REPUBLICA DE PANAMA N° 6901-A ESQ. CON AV. MARISCAL CASTILLA","2026-08-09"
"95739","CORPORACION HA  SAC","EE.SS con GLP y GNV","LIMA","LIMA","SAN MARTIN DE PORRES","AV. ALFREDO MENDIOLA N° 6810, ESQ. CON AV. SAN MIGUEL Y CALLE SAN LUIS","2026-08-09"
"9575","RED DE COMBUSTIBLES LIQUIDOS S.A.C.","ESTACIÓN DE SERVICIOS / GRIFOS","PROV. CONST. DEL CALLAO","PROV. CONST. DEL CALLAO","LA PERLA","JR. TARATA MZ. 1, LOTE 1, URB. LA PERLA","2026-08-08"
"95756","ESTACION DE SERVICIO TORTUGAS E.I.R.L.","ESTACIÓN DE SERVICIOS / GRIFOS","ANCASH","CASMA","COMANDANTE NOEL","BALNEARIO GUAYNUMA S/N","2026-07-31"
"95758","INVERSIONES PERU COMBUSTIBLES S.A.","GRIFOS FLOTANTES","LORETO","LORETO","NAUTA","MARGEN IZQUIERDA DEL RIO MARAÑON - REFERENCIA MALECON BUENOS AIRES CON CALLE AMAZONAS","2026-08-08"
"9576","PETRONEX PERU SOCIEDAD ANONIMA CERRADA","ESTACIÓN DE SERVICIO CON GASOCENTRO DE GLP","PROV. CONST. DEL CALLAO","PROV. CONST. DEL CALLAO","CALLAO","AV. ARGENTINA N° 333 Y JR. HUASCAR N° 102 URB. CHACARITAS","2026-08-09"
"95762","GRIFO FLOTANTE CLAUDIA E.I.R.L.","GRIFOS FLOTANTES","LORETO","LORETO","NAUTA","MARGEN IZQUIERDA DEL RIO MARAÑON - REF: PASAJE NAUTA","2026-07-29"
"95768","GRIFO ATICO SRL","ESTACIÓN DE SERVICIOS / GRIFOS","AREQUIPA","CARAVELI","CHALA","ASENTAMIENTO HUMANO IMPERIAL AGUADITA, MZ. 38, LOTES Nº 01 Y Nº 02","2026-08-08"
"9577","REPSOL COMERCIAL S.A.C.","ESTACIÓN DE SERVICIOS / GRIFOS","LIMA","LIMA","LA MOLINA","AV. LA MOLINA N° 1310 (EX AV. LA UNIVERSIDAD N° 210)","2026-08-09"
"95775","ZETA GAS ANDINO S.A.","GASOCENTROS DE GLP","PIURA","SULLANA","SULLANA","AV. CHAMPAGNAT N° 1022 URB. SANTA ROSA","2026-07-31"
"95784","GAS STATION ROY'S E.I.R.L.","ESTACIÓN DE SERVICIOS / GRIFOS","PUNO","SAN ANTONIO DE PUTINA","ANANEA","JR. LOS ARENALES Nº 95 - BARRIO PROGRESO","2026-08-08"
"9579","SHIMA INVERSIONES BARRANCA E.I.R.L.","ESTACIÓN DE SERVICIOS / GRIFOS","LIMA","HUAURA","HUACHO","AUGUSTO B. LEGUIA Y PROLONGACION ADAN ACEVEDO S/N","2026-08-07"
"9582","GRIFO DENNIS S.A.C.","ESTACIÓN DE SERVICIOS / GRIFOS","PROV. CONST. DEL CALLAO","PROV. CONST. DEL CALLAO","CALLAO","AV. LOS DOMINICOS. MZ. 63 LOTES 9 Y 10. URB. PREVI","2026-08-08"
"9583","EE.SS. EL ALAMO","ESTACIÓN DE SERVICIOS / GRIFOS","LIMA","LIMA","VILLA EL SALVADOR","CARRETERA PANAMERICANA SUR KM 23.5","2026-08-09"
"9584","REPSOL COMERCIAL S.A.C.","ESTACIÓN DE SERVICIOS / GRIFOS","LIMA","LIMA","SAN BORJA","AV. AVIACION N° 3401","2026-08-09"
"9585","GRIFO EL MILENIO E.I.R.L.","ESTACIÓN DE SERVICIO CON GASOCENTRO DE GLP","PIURA","PIURA","VEINTISEIS DE OCTUBRE","CARRETERA PANAMERICANA NORTE PIURA SULLANA KM 1046","2026-08-08"
"9587","AERO GAS DEL NORTE SOCIEDAD ANONIMA  CERRADA","EE.SS con GLP y GNV","LAMBAYEQUE","CHICLAYO","CHICLAYO","AV. VICTOR RAUL HAYA DE LA TORRE NRO. 539","2026-08-07"
"9588","COESTI  S.A","ESTACIÓN DE SERVICIOS / GRIFOS","PROV. CONST. DEL CALLAO","PROV. CONST. DEL CALLAO","CALLAO","AV. ARGENTINA N° 4247","2026-08-08"
"95891","CIRILA VARGAS CARDENAS","ESTACIÓN DE SERVICIOS / GRIFOS","MADRE DE DIOS","TAMBOPATA","INAMBARI","CARRETERA INTEROCEANICA KM. 110.5, VIRGEN DE LA CANDELARIA","2026-08-05"
"95918","AUGUSTA CCORIMANYA CANO","ESTACIÓN DE SERVICIOS / GRIFOS","MADRE DE DIOS","MANU","MADRE DE DIOS","CALLE EL PUERTO S/N PARTE BAJA-POBLADO BOCA COLORADO","2026-08-06"
"9592","SUCESION GARCIA CUBA MANUEL","ESTACIÓN DE SERVICIOS / GRIFOS","LIMA","LIMA","BREÑA","AV. VENEZUELA CUADRA 17 CON AV. ARICA CUADRA 15","2026-08-03"
"9593","COESTI  S.A.","EE.SS con GLP y GNV","LIMA","LIMA","SAN JUAN DE LURIGANCHO","AV. PRÓCERES DE LA INDEPENCIA Nº 104. URB ZARATE","2026-08-08"
"9597","GRIFO TAMBO DEL SOL HUAMAN S.C.R.L.","ESTACIÓN DE SERVICIO CON GASOCENTRO DE GLP","PASCO","PASCO","NINACACA","CARRETERA CENTRAL KM. 264","2026-08-07"
"96000","ESTACION DE SERVICIOS ELIZABETH - HUARAZ . CASMA","ESTACIÓN DE SERVICIO CON GASOCENTRO DE GLP","ANCASH","HUARAZ","INDEPENDENCIA","CARRETERA ASFALTADA CASMA-HUARAZ KM. 141.200 SECTOR PICUP,VALLE DEL CALLEJON DE HUAYLAS","2026-08-08"
"9602","AGD ESTACIONES S.A.C.","ESTACIÓN DE SERVICIO CON GASOCENTRO DE GLP","ANCASH","SANTA","CHIMBOTE","AV. ENRIQUE MEIGGS N° 730 - P. J. FLORIDA BAJA","2026-08-08"
"96057","ESTACION DE SERVICIOS EPYSA S.A.C. ","ESTACIÓN DE SERVICIOS / GRIFOS","LIMA","HUAROCHIRI","SAN ANTONIO","AV. INCA PACHACUTEC YUPANQUI ESQ. CON LA AV. HUAYNA CAPAC, MZ. AW, LOTE 9, SUB LOTE A, SECTOR CERCADO DE LA COMUNIDAD CAMPESINA DE JICAMARCA, ANEXO 22","2026-08-08"
"96059","GRIFOS ESSA DE TINGO MARIA SAC","ESTACIÓN DE SERVICIOS / GRIFOS","HUANUCO","LEONCIO PRADO","RUPA-RUPA","CARRETERA TINGO MARIA-HUANUCO KM. 2.5 SECTOR DE AFILADOR","2026-08-09"
"96095","ESTACION DE SERVICIOS MAX E.I.R.L.","ESTACIÓN DE SERVICIO CON GASOCENTRO DE GLP","JUNIN","CHANCHAMAYO","PERENE","CARRETERA MARGINAL KM 69 ASOC. PEQUEÑOS PRODUCTORES LA LIBERTAD FUNDO SANGANI","2026-08-07"
"96159","ALBERTO ANIBAL CABANILLAS GONZALES","GRIFOS RURALES CON ALMACENAMIENTO EN CILINDROS","LA LIBERTAD","CHEPEN","PACANGA","MZ. 57 LOTE Nº 04, CENTRO POBLADO VILLA PACANGA","2026-08-08"
"9616","COESTI S.A.","EE.SS con GLP y GNV","LIMA","LIMA","VILLA EL SALVADOR","AV. LIMA ESQUINA AV. MARIA REICHE, MZ. C, LOTE 17, AA.HH. VILLA LA PAZ","2026-08-08"
"96165","GRUPO CORCEL ESTACIÓN DE SERVICIOS S.A.C.","ESTACIÓN DE SERVICIOS / GRIFOS","UCAYALI","PADRE ABAD","IRAZOLA","CARRETERA FERNANDO BELAUNDE TERRY ESQ. CON CALLE TARMA C.P. ALEXANDER VON HUMBOLDT MZ. 31, LOTE 01","2026-08-07"
"9622","REPSOL COMERCIAL S.A.C.","ESTACIÓN DE SERVICIOS / GRIFOS","LIMA","LIMA","SAN ISIDRO","AV. PASEO PARODI 220","2026-08-09"
"9623","GRIFO HUANCAS  EIRL","ESTACIÓN DE SERVICIOS / GRIFOS","JUNIN","HUANCAYO","HUANCAYO","AV. SAN CARLOS Y JR. HUANCAS Nº 206","2026-08-07"
"9624","INVERSIONES SARA SOCIEDAD DE RESPONSABILIDAD LIMITADA","ESTACIÓN DE SERVICIOS / GRIFOS","CUSCO","CANCHIS","SICUANI","AV.CONFEDERACION N° 100","2026-08-09"
"96248","20 DE ABRIL EIRL","ESTACIÓN DE SERVICIOS / GRIFOS","SAN MARTIN","MOYOBAMBA","MOYOBAMBA","JR. PIURA CUADRA 6","2026-08-08"
"9626","E.S. PETRO COP","ESTACIÓN DE SERVICIOS / GRIFOS","PUNO","SAN ROMAN","JULIACA","KM. 5.4 CARRETERA JULIACA-CUSCO","2026-08-08"
"96260","CORPORACION CERON E HIJOS S.A.C.","GRIFOS FLOTANTES","LORETO","MAYNAS","NAPO","MARGEN DERECHA DEL RIO NAPO LOCALIDAD DE SANTA CLOTILDE","2026-08-08"
"96288","SERVICENTRO PAPIN II E.I.R.L.","ESTACIÓN DE SERVICIOS / GRIFOS","MADRE DE DIOS","TAHUAMANU","IÑAPARI","AV. LEÓN VELARDE S/N, POBLADO DE IÑAPARI","2026-08-01"
"96294","ESTACION CHAUPIN S.A.C.","ESTACIÓN DE SERVICIOS / GRIFOS","LIMA","CAÑETE","LUNAHUANA","ANEXO JITA KM 36.7 CARRETERA CAÑETE - YAUYOS","2026-08-06"
"96316","GAZEL PERU SAC","EE.SS con GLP y GNV","PROV. CONST. DEL CALLAO","PROV. CONST. DEL CALLAO","CALLAO","AV. REPUBLICA DE PANAMÁ MZ. 8, LOTES 5 Y 6, SUB-LOTE 1, URB. CHACARITAS","2026-08-08"
"96327","GASOLINERA CARIÑITO S.C.R.L.","ESTACIÓN DE SERVICIO CON GASOCENTRO DE GLP","AMAZONAS","UTCUBAMBA","BAGUA GRANDE","AV. CHACHAPOYAS N°1598 LT. 1, 2, 19 Y 20 MZ. V25","2026-08-07"
"96346","VAL HIDROCARBUROS S.A.C. ","ESTACIÓN DE SERVICIOS / GRIFOS","PROV. CONST. DEL CALLAO","PROV. CONST. DEL CALLAO","CALLAO","MZ. A LOTE 17, ESQUINA AV. ALFREDO PALACIOS CON CALLE SANTA FE","2026-08-08"
"9635","GRIFOSA SAC LIMA","EE.SS con GLP y GNV","LIMA","LIMA","LIMA","AV. OSCAR R. BENAVIDES NO. 2398","2026-08-08"
"96351","NEGOCIACIONES & INVERSIONES COCO S.A.C.","ESTACIÓN DE SERVICIOS / GRIFOS","CAJAMARCA","CAJABAMBA","CONDEBAMBA","PARCELA Nº 01 SECTOR EL HUAYO","2026-08-02"
"9639","GRIFO DON TOBI","ESTACIÓN DE SERVICIOS / GRIFOS","LAMBAYEQUE","LAMBAYEQUE","LAMBAYEQUE","MALECÓN MARISCAL URETA S/N  LADO ESTE","2026-08-09"
"96390","ESTACION DE SERVICIOS FREDY Y FRIDA EIRL","ESTACIÓN DE SERVICIOS / GRIFOS","HUANCAVELICA","TAYACAJA","DANIEL HERNANDEZ","AV. PERU S/N PAMPA BLANCA - PAMPAS","2026-08-09"
"96396","SERVICENTRO LAS ORQUIDEAS E.I.R.L.","ESTACIÓN DE SERVICIOS / GRIFOS","JUNIN","SATIPO","RIO NEGRO","CARRETERA MARGINAL SATIPO-RIO NEGRO KM. 1.8 ASOC. DE VIVIENDAS LAS ORQUIDEAS","2026-08-08"
"96397","PRIXTONE E.I.R.L.","ESTACIÓN DE SERVICIO CON GASOCENTRO DE GLP","PROV. CONST. DEL CALLAO","PROV. CONST. DEL CALLAO","VENTANILLA","ASOCIACIÓN TALLER SEÑOR DE LOS MILAGROS, MZ. B5 LT 02, 03, 04, 05 Y 06","2026-08-05"
"9645","ESTACION DE SERVICIOS ELIZABETH","ESTACIÓN DE SERVICIO CON GASOCENTRO DE GLP","ANCASH","CASMA","COMANDANTE NOEL","CARRETERA PANAMERICANA NORTE KM. 378.400","2026-08-07"
"9646","GRIFO VIRGEN DE LAS MERCEDES","ESTACIÓN DE SERVICIOS / GRIFOS","PUNO","SAN ROMAN","JULIACA","CIRCUNVALACION Nº 1216","2026-08-01"
"96485","SERVITRANSER S.A.C.","ESTACIÓN DE SERVICIOS / GRIFOS","AREQUIPA","CASTILLA","ORCOPAMPA","PROLONGACION AV. BUENAVENTURA S/N, MZ. A, LOTE N° 2,3,4,6,7 Y 8-SECTOR LONTOCCOYA","2026-08-06"
"9649","ESTACION DE SERVICIOS  EMOLU","ESTACIÓN DE SERVICIOS / GRIFOS","PUNO","PUNO","PUNO","AV. LA TORRE Nº 686-688","2026-08-08"
"96497","INVERSIONES JOCYMAS S.A.C.","GRIFOS FLOTANTES","PIURA","PAITA","PAITA","BAHIA DE PAITA / FRENTE A PUERTO NUEVO","2026-07-16"
"96518","SERVICENTRO PETRO GAS S.A.C. ","ESTACIÓN DE SERVICIO CON GASOCENTRO DE GLP","LIMA","LIMA","PACHACAMAC","AV. VICTOR MALASQUEZ ESQUINA CON AV. MIGUEL GRAU, SECTOR C, MANZANA C, LOTE 1, CENTRO POBLADO HUERTOS DE MANCHAY","2026-08-04"
"9652","GRIFOS ESPINOZA S.A.","EE.SS con GLP y GNV","LIMA","LIMA","VILLA MARIA DEL TRIUNFO","AV. PROLONGACION PACHACUTEC N° 5295","2026-08-07"
"96520","EKYS INVERSIONES SAC","ESTACIÓN DE SERVICIO CON GASOCENTRO DE GLP","LIMA","LIMA","VILLA MARIA DEL TRIUNFO","AV. JOSE CARLOS MARIATEGUI 1217","2026-08-08"
"9655","CIA VARGAS ING.ASOC.SERV.AFIN Y HNOS SAC","ESTACIÓN DE SERVICIOS / GRIFOS","AMAZONAS","RODRIGUEZ DE MENDOZA","SAN NICOLAS","ESQ. AV. AEROPUERTO, AV. EJÉRCITO Y JR. HUAYABAMBA","2026-08-08"
"96551","SERVICENTRO JESUS MARIA E.I.R.L.","ESTACIÓN DE SERVICIOS / GRIFOS","MADRE DE DIOS","TAMBOPATA","TAMBOPATA","FUNDO SAN FRANCISCO PARCELA N° 3, PROYECTO DE ADJUDICACION LA PASTORA KM. 6.5, CARRETERA PUERTO MALDONADO-QUINCEMIL","2026-08-07"
"96562","EMPRESA DE TRANSPORTES Y OPERADOR LOGISTICO MARY S.A.C.","ESTACIÓN DE SERVICIOS / GRIFOS","JUNIN","CHANCHAMAYO","CHANCHAMAYO","AV. MANUEL A. PINTO N° 403 SECTOR HUASA HUASI","2026-08-07"
"96564","ELSA MARIA SAMANIEGO GALVEZ","ESTACIÓN DE SERVICIO CON GASOCENTRO DE GLP","PASCO","OXAPAMPA","CONSTITUCION","AV. FERNANDO BELAUNDE TERRY, MZ. A, LOTE 8  C.P. PASEO LAS ARTES","2026-08-04"
"96566","CONSORCIO ORO NEGRO S.A.C. ","ESTACIÓN DE SERVICIO CON GASOCENTRO DE GLP","LIMA","LIMA","LURIGANCHO","AV. 24 DE SETIEMBRE, MZ. G, LT 21 - ASOCIACION PROVIVIENDA CAMPOSOL","2026-08-09"
"9659","ESTACION DE SERVICIOS HERCO SAC","EE.SS con GLP y GNV","LIMA","LIMA","LURIN","CARRETERA PANAMERICANA SUR KM. 33 PARCELA C-14 A, PREDIO LAS SALINAS","2026-08-07"
"9660","NEGOCIACIONES JESSMRA EIRL","ESTACIÓN DE SERVICIOS / GRIFOS","LORETO","MAYNAS","IQUITOS","JR. YAVARI 1572, ESQUINA CON PASAJE LAS CASTAÑAS","2026-08-08"
"96601","GRIFO SR. DE QOYLLOR RITTY E.I.R.L.","ESTACIÓN DE SERVICIOS / GRIFOS","CUSCO","CANCHIS","COMBAPATA","AV. SEÑOR DE HUANCA N° 744","2026-08-08"
"9661","ESTACION DE SERVICIO SANTA ROSA DE LIMA","ESTACIÓN DE SERVICIO CON GASOCENTRO DE GLP","JUNIN","CONCEPCION","SANTA ROSA DE OCOPA","AV. FRANCISCO IRAZOLA KM. 5.5","2026-08-08"
"9662","GRIFOS IMAGI S.R.L.","ESTACIÓN DE SERVICIOS / GRIFOS","PUNO","SAN ROMAN","CARACOTO","JR. LIMA Nº 100","2026-08-07"
"9664","SERVICENTRO HUAYNAROQUE EMPRESA INDIVIDUAL DE RESPONSABILIDAD LIMITADA","ESTACIÓN DE SERVICIOS / GRIFOS","PUNO","SAN ROMAN","JULIACA","CARRETERA JULIACA-AREQUIPA KM. 3.5 COMUNIDAD ESQUEN CENTRAL","2026-08-08"
"96643","CORPORACION PERUANA DE INVERSIONES Y PRODUCCION S.A.","ESTACIÓN DE SERVICIOS / GRIFOS","ANCASH","HUAYLAS","CARAZ","CARRETERA CENTRAL ESQUINA CON CALLE DANIEL VILLAR MZ. T, SUBLOTE 4A - YANACACHA","2026-08-06"
"96646","SERVICENTRO LA INMACULADA E.I.R.L.","ESTACIÓN DE SERVICIOS / GRIFOS","LIMA","LIMA","CHORRILLOS","ESQUINA AV. CORDILLERA NEGRA Y JR. VOLCAN COROPUNA MZ. E-13, LT. 5, URB. LAS DELICIAS DE VILLA","2026-08-07"
"9666","GRIFO LOS AMIGOS S.R.L","ESTACIÓN DE SERVICIOS / GRIFOS","PUNO","SAN ROMAN","JULIACA","JR. 8 DE NOVIEMBRE N° 990","2026-08-08"
"96681","EMPRESA DE SERVICIOS Y TRANSPORTES EL NEGRO E.I.R.L.","ESTACIÓN DE SERVICIO CON GASOCENTRO DE GLP","LIMA","LIMA","ATE","MZ. A LOTES 1, 2, 3, 4, 5 Y 6 DEL PROGRAMA DE VIVIENDA Y COMERCIO LAS PRADERAS DE PARIACHI","2026-08-09"
"96771","NEGOCIACIONES ESTACION DE SERVICIOS SANTA ROSA II S.A.C.","ESTACIÓN DE SERVICIOS / GRIFOS","CUSCO","LA CONVENCION","PICHARI","PROLONGACION DE LA AV. LA CULTURA S/N CARRETERA PICHARI - JATUN RUMI","2026-08-04"
"96778","WARI SERVICE SAC","ESTACIÓN DE SERVICIOS / GRIFOS","ICA","NAZCA","NAZCA","CARRETERA PANAMERICANA SUR KM 447, SECTOR CURVE, PARCELA 23","2026-08-08"
"96814","SERVICENTRO ARAGON S.R.L","ESTACIÓN DE SERVICIOS / GRIFOS","CUSCO","CALCA","PISAC","PROLONGACION AV. AMAZONAS S/N - SECTOR ERAPAMPA","2026-08-08"
"96869","GRIFOSA SAC","EE.SS con GLP y GNV","LIMA","CAÑETE","MALA","CARRETERA PANAMERICANA SUR KM. 86.5","2026-08-08"
"96884","GLOBAL FUEL S.A","ESTACIÓN DE SERVICIOS / GRIFOS","CAJAMARCA","CAJAMARCA","CAJAMARCA","JR. ANGAMOS ESQUINA CON JR. 13 DE JULIO","2026-08-07"
"96912","GRIFO SARAYACU S.R.L","ESTACIÓN DE SERVICIOS / GRIFOS","MADRE DE DIOS","TAMBOPATA","INAMBARI","FRACCIÓN DE LA PARCELA N° 5  PROYECTO DE ADJUDICACIÓN SARAYACU, CARRETERA CARROZABLE A SARAYACU","2026-08-07"
"96929","ESTACION DE SERVICIOS LEONOR S.A.C. ","ESTACIÓN DE SERVICIO CON GASOCENTRO DE GLP","ICA","NAZCA","VISTA ALEGRE","CARRETERA PANAMERICANA SUR KM 446 ESQ CON AV SIN NOMBRE SECTOR PANGARAVI BAJO","2026-08-07"
"96935","GRIFOS ESPINOZA S.A.","EE.SS con GLP y GNV","LIMA","HUAURA","SANTA MARIA","SECTOR AGUA DULCE - LOTE 01","2026-08-09"
"96937","MULTISERVICIOS ECOGAS S.A.C.","ESTACIÓN DE SERVICIO CON GASOCENTRO DE GLP","ICA","CHINCHA","CHINCHA ALTA","AV. GERARDO SOTELO Nº 490","2026-08-06"
"97017","GRIFO SEOR DE SIPAN  E.I.R.L","ESTACIÓN DE SERVICIO CON GASOCENTRO DE GLP","LAMBAYEQUE","CHICLAYO","CHICLAYO","CARRETERA CHICLAYO - POMALCA KM 3.5","2026-08-09"
"97022","LUBRICANTES Y MAQUINARIAS LUMA S.A.C.","ESTACIÓN DE SERVICIOS / GRIFOS","LORETO","MAYNAS","SAN JUAN BAUTISTA","CALLE 1 ESQUINA CON CALLE 6, CARRETERA IQUITOS-NAUTA KM. 2.5","2026-08-08"
"97026","SILVA MENDOZA LLEYSTEN MAYCOL","ESTACIÓN DE SERVICIOS / GRIFOS","SAN MARTIN","RIOJA","NUEVA CAJAMARCA","ESQUINA JR. RICARDO PALMA CON JR. COMERCIO CDRA. 11.","2026-08-08"
"97051","ESTACIONES DE SERVICIOS HIDRO PERÚ S.A.C.","ESTACIÓN DE SERVICIOS / GRIFOS","LORETO","ALTO AMAZONAS","YURIMAGUAS","CALLE 15 DE AGOSTO S/N ESQUINA CON CALLE JOSE CARLOS BECERRA PINTO","2026-08-07"
"97067","CORPORACION CASAVERDE-ROCA EMPRESA INDIVIDUAL DE RESPONSABILIDAD LIMITADA","ESTACIÓN DE SERVICIOS / GRIFOS","CUSCO","LA CONVENCION","PICHARI","PROLONGACION AV. LA CULTURA S/N","2026-08-08"
"97088","FUEL OASIS E.I.R.L.","ESTACIÓN DE SERVICIOS / GRIFOS","LAMBAYEQUE","LAMBAYEQUE","MOCHUMI","CALLE PROLONGACION SAN MARTIN NRO. 121","2026-08-04"
"97126","INVERSIONES MACONMIN S.R.L.","ESTACIÓN DE SERVICIOS / GRIFOS","CUSCO","ESPINAR","ESPINAR","LOTE N°8, MZ. M-1, PPJJ. ANTAPAMPA","2026-08-05"
"97130","INVERSIONES M Y E S.A.C. ","ESTACIÓN DE SERVICIOS / GRIFOS","LIMA","LIMA","LURIGANCHO","AV. SANTA CRUZ ESQUINA AV. CAJAMARQUILLA LOTE 1 Y LOTE 2, AA.HH. SANTA CRUZ DE CAJAMARQUILLA","2026-08-07"
"97149","GRIFO SANTISIMA CRUZ DE MOTUPE E.I.R.L.","ESTACIÓN DE SERVICIOS / GRIFOS","AMAZONAS","UTCUBAMBA","LONYA GRANDE","SECTOR LA AVISPA, CARRETERA LONYA GRANDE - CAMPO REDONDO","2026-08-07"
"97169","DISTRIBUIDORA DE REPUESTOS, LUBRICANTES Y COMBUSTIBLES S.R.L.","ESTACIÓN DE SERVICIOS / GRIFOS","LA LIBERTAD","PATAZ","PARCOY","CARRETERA TRUJILLO-TAYABAMBA S/N SECTOR EL ENCANTO CASERIO RETAMAS","2026-08-07"
"97173","SERVICE PETROLEUM COMPANY E.I.R.L.","ESTACIÓN DE SERVICIOS / GRIFOS","LORETO","MAYNAS","PUNCHANA","AV. 28 DE JULIO Nº 659 - 661","2026-08-08"
"97176","ESTACION DE SERVICIOS & FENIX SUR S.A.C.","ESTACIÓN DE SERVICIO CON GASOCENTRO DE GLP","LIMA","LIMA","VILLA EL SALVADOR","AA. HH. EDILBERTO RAMOS, GRUPO 01, MZ A LT 2, SUB LOTE 1 4TA ETAPA URB PACHACAMAC","2026-08-08"
"97217","ESTACION DE GASOLINA JESUS DE NAZARERTH SRL","ESTACIÓN DE SERVICIOS / GRIFOS","CAJAMARCA","CAJAMARCA","MAGDALENA","CARRETERA CIUDAD DE DIOS - CAJAMARCA KM. 126, CENTRO POBLADO SAN SEBASTIAN DE CHOROPAMPA","2026-08-07"
"97236","AXEL ENERGY S.A.C.","ESTACIÓN DE SERVICIOS / GRIFOS","LIMA","HUAURA","VEGUETA","CARRETERA PANAMERICANA NORTE KM 162+809 - SECTOR MIRAMAR","2026-08-07"
"97245","PETROAMERICA","ESTACIÓN DE SERVICIOS / GRIFOS","LORETO","MAYNAS","IQUITOS","JR. PUTUMAYO MZ. H LOTE 32, PUEBLO JOVEN STADIUM - ETAPA STADIUM","2026-08-09"
"97259","ESTACION DE SERVICIOS PICORITO E.I.R.L.","ESTACIÓN DE SERVICIOS / GRIFOS","AMAZONAS","UTCUBAMBA","BAGUA GRANDE","AV. CHACHAPOYAS LOTES 4-6 MZ. E25 - SECTOR LA ESPERANZA","2026-08-06"
"97272","INVERSIONES HANAN WANKA S.A.C.","ESTACIÓN DE SERVICIO CON GASOCENTRO DE GLP","JUNIN","CHUPACA","CHUPACA","AV. ANDRES AVELINO CACERES DORREGARAY S/N","2026-08-08"
"97298","XACT PERU S.A.C.","ESTACIÓN DE SERVICIOS / GRIFOS","ICA","NAZCA","NAZCA","CARRETERA PANAMERICANA SUR KM 446, PARCELA N° 16, SECTOR CURVE ALTO","2026-08-05"
"97326","ESTACION DE SERVICIOS LOS NATIVITOS SOCIEDAD ANONIMA CERRADA","ESTACIÓN DE SERVICIOS / GRIFOS","MADRE DE DIOS","TAMBOPATA","LAS PIEDRAS","JR. MAXIMO CONZA MZA L LOTE 3, EL TRIUNFO","2026-08-07"
"97328","COESTI S.A. ES FRUTALES","EE.SS con GLP y GNV","LIMA","LIMA","LA MOLINA","AV. LOS FRUTALES N° 994, ACUMULACIÓN DE LOS LOTES 1 Y 2, MANZANA A, URBANIZACIÓN CAMINO REAL","2026-08-08"
"97331","SERGAS COMBUSTIBLE S.A.C.","ESTACIÓN DE SERVICIO CON GASOCENTRO DE GLP","ICA","CHINCHA","CHINCHA ALTA","CARRETERA ALTO LARAN MZ. A LOTES 7, 8, 9, 10, 11, 12 Y 13, HABILITACION URBANA BUENAVENTURA","2026-08-08"
"97332","NINFA ROSARIO CAÑAZACA PAJA","ESTACIÓN DE SERVICIOS / GRIFOS","PUNO","MOHO","MOHO","AV. MIRAMAR S/N CARRETERA A HUANCANE. LOTES N° 04; 05; 06 Y 07- BARRIO MIRAMAR","2026-08-02"
"97351","COMBUSTIBLES EL ARABE E.I.R.L.","ESTACIÓN DE SERVICIOS / GRIFOS","PUNO","PUNO","PUNO","AV. SIMON BOLIVAR CUADRA 24 Y AV. EL EJERCITO CUADRA 6","2026-08-05"
"97409","ESTACION DE SERVICIOS LLOCHEGUA E.I.R.L.","ESTACIÓN DE SERVICIOS / GRIFOS","AYACUCHO","HUANTA","LLOCHEGUA","PROLONGACION AV. SIVIA S/N","2026-08-07"
"97421","ESTACION DE SERVICIOS SAN JERONIMO SAC","ESTACIÓN DE SERVICIOS / GRIFOS","CUSCO","QUISPICANCHI","OCONGATE","COMUNIDAD TINKE ANEXO CHECASPAMPA S/N","2026-08-08"
"97438","ESTACION DE SERVICIOS SAN JOSE ESPINAR CUSCO SRL","ESTACIÓN DE SERVICIOS / GRIFOS","APURIMAC","COTABAMBAS","CHALLHUAHUACHO","ASOCIACIÓN DE VIVIENDAS LOS ALAMOS S/N, SECTOR URAY CORRAL, AV. 18 DE NOVIEMBRE ESQUINA CON CALLE SANTA ROSA DE LIMA.","2026-08-09"
"97450","DORADO GRIFOS","ESTACIÓN DE SERVICIOS / GRIFOS","PUNO","SAN ANTONIO DE PUTINA","ANANEA","AV. SOL DE ORO S/N","2026-08-05"
"97457","INVERSIONES DE ABASTECIMIENTO Y SERVICIO AUTOMOTRIZ SIERRA S.R.L.","ESTACIÓN DE SERVICIO CON GASOCENTRO DE GLP","LIMA","BARRANCA","BARRANCA","JR. RAMON CASTILLA MARQUESADO N° 1290","2026-08-05"
"97482","PASCUAL TEOFILO RISCO GONZALES","ESTACIÓN DE SERVICIOS / GRIFOS","ANCASH","SANTA","SANTA","CARRETERA SANTA HUALLANCA KM. 23+960, MZ C LOTE N° 6, CENTRO POBLADO VINZOS","2026-08-07"
"97497","EMPRESA DE TRANSPORTES Y SERVICIOS BEA S.A.C.","ESTACIÓN DE SERVICIOS / GRIFOS","AREQUIPA","AREQUIPA","MOLLEBAYA","MANZANA G, LOTE 6, ASOCIACIÓN DE VIVIENDA DE LADRILLEROS DEL CONO SUR","2026-07-30"
"97499","DILMAR REYES ALBUJAR","ESTACIÓN DE SERVICIOS / GRIFOS","SAN MARTIN","RIOJA","RIOJA","CARRETERA FERNANDO BELAUNDE TERRY KM 467+750","2026-08-06"
"97519","ENECON INVERSIONES S.A.C.","ESTACIÓN DE SERVICIOS / GRIFOS","AYACUCHO","HUAMANGA","JESUS NAZARENO","CARRETERA AYACUCHO-HUANTA KM. 4.3","2026-08-09"
"97521","GRIFO ROMIL J & R SOCIEDAD COMERCIAL DE RESPONSABILIDAD LIMITADA","ESTACIÓN DE SERVICIOS / GRIFOS","MADRE DE DIOS","TAMBOPATA","LAS PIEDRAS","FRACCION DE LA PARCELA N° 8, CENTRO POBLADO MENOR ALEGRIA, CARRETERA INTEROCEANICA KM 61","2026-08-07"
"97529","KATHERINE ANALLI MANCO ARIAS","ESTACIÓN DE SERVICIOS / GRIFOS","LIMA","CAÑETE","ASIA","ANTIGUA CARRETERA PANAMERICANA SUR, ESQUINA CON CALLE 3, MZ. O, LOTE N° 1, ANEXO ROSARIO DE ASIA","2026-08-08"
"97551","VICENTE FLORES QUISPE","ESTACIÓN DE SERVICIOS / GRIFOS","AYACUCHO","HUANTA","LLOCHEGUA","CIUDAD NUEVA LLOCHEGUA, INTERSECCION DE LA CALLE 4, 5 Y 17 DE LA MZ. O1","2026-07-31"
"97591","SHILCAYO GRIFO AMAZONAS S.R.L.","ESTACIÓN DE SERVICIOS / GRIFOS","AMAZONAS","UTCUBAMBA","BAGUA GRANDE","CARRETERA FERNANDO BELAUNDE TERRY KM. 225 + 800 VALLE GONCHILLO","2026-08-04"
"97645","INVERSIONES ROXI A.R. E.I.R.L.","ESTACIÓN DE SERVICIOS / GRIFOS","CUSCO","URUBAMBA","CHINCHERO","VIA CUSCO- CHINCHERO-URUBAMBA KM. 28 PARAJE CHACAPUNKO","2026-08-07"
"97674","GRIFO WILSON EJJSA E.I.R.L.","ESTACIÓN DE SERVICIOS / GRIFOS","AREQUIPA","CAYLLOMA","CAYLLOMA","CALLE AREQUIPA N° 125","2026-08-04"
"97690","INVERSIONES PENGYOU S.A.C","ESTACIÓN DE SERVICIOS / GRIFOS","ANCASH","SANTA","CHIMBOTE","ESQUINA AV. JOSE PARDO CON JR. CASMA N° 499, MZ. R, LOTE 09, PUEBLO JOVEN MIRAMAR BAJO","2026-08-08"
"97728","GRIFO CAYNARACHI","ESTACIÓN DE SERVICIOS / GRIFOS","SAN MARTIN","LAMAS","CAYNARACHI","CARRETERA TARAPOTO-YURIMAGUAS KM 55.06","2026-08-03"
"97757","ESTACIÓN DE SERVICIOS AMIGO DAVID EMPRESA INDIVIDUAL DE RESPONSABILIDAD LIMITADA","ESTACIÓN DE SERVICIOS / GRIFOS","CUSCO","QUISPICANCHI","URCOS","CARRETERA CUSCO-SICUANI S/N, SECTOR CHUPAM HUARO-ANTACOCCAY-ANTARCCAYPAMPA","2026-07-29"
"97783","SEMAR SAC","GASOCENTROS DE GLP","LA LIBERTAD","TRUJILLO","TRUJILLO",".AV. TUPAC AMARU S/N SECTOR 2, MZ. F, LT 7, URB. ALTO MOCHICA","2026-07-28"
"97847","JOSE LUIS FLORES PAZ","ESTACIÓN DE SERVICIOS / GRIFOS","MADRE DE DIOS","TAMBOPATA","INAMBARI","FRACCION DE LA PARCELA N° 6 UNIDAD CATASTRAL N° 30007 SECTOR DOS DE MAYO","2026-08-05"
"97872","GRIFO Y GASOCENTRO APOSTOL SANTIAGO EIRL","ESTACIÓN DE SERVICIOS / GRIFOS","AREQUIPA","CARAVELI","ATICO","MZ. 121 LOTE 8, ASENTAMIENTO HUMANO LA FLORIDA","2026-08-06"
"97924","ES JARDINES","ESTACIÓN DE SERVICIO CON GASOCENTRO DE GLP","PIURA","PIURA","PIURA","MZ. P LOTES 01, 02, 03, 30 Y 31 ESQUINA AV. A CON PROLONGACION AV. CHULUCANAS - URB. LOS JARDINES","2026-08-09"
"97933","ESTACION DE SERVICIOS D & L E.I.R.L.","ESTACIÓN DE SERVICIOS / GRIFOS","SAN MARTIN","BELLAVISTA","BELLAVISTA","ESQ. JR. AUGUSTO B. LEGUIA CON JR. MARISCAL CACERES","2026-08-08"
"97948","ESTACION DE SERVICIOS LOBITOS SERVICE S.A.C.","ESTACIÓN DE SERVICIOS / GRIFOS","LIMA","HUAURA","VEGUETA","CARRETERA PANAMERICANA NORTE KM. 169.00-EX FUNDO LOS OLIVOS, IRRIGACION SAN FELIPE LOTE 02 MEDIO MUNDO","2026-08-08"
"97965","ESTACION DE SERVICIOS SORITOR E.I.R.L.","ESTACIÓN DE SERVICIO CON GASOCENTRO DE GLP","SAN MARTIN","RIOJA","ELIAS SOPLIN VARGAS","CARRETERA FERNANDO BELAUNDE TERRY KM 468","2026-08-06"
"97975","JANAMPA DE LA CRUZ HENRY","ESTACIÓN DE SERVICIOS / GRIFOS","AYACUCHO","HUANTA","SIVIA","PROLONGACION AV. HUANTA S/N","2026-08-05"
"98095","H BELLIDO TRANSPORTES S.A.C.","ESTACIÓN DE SERVICIO CON GASOCENTRO DE GLP","LIMA","LIMA","VILLA EL SALVADOR","PROLONGACIÓN AV. EL SOL MZ. I-1 LOTE 01 SUB LOTE 1A, COOPERATIVA LAS VERTIENTES","2026-08-08"
"98127","SANTA MARIA INVERSIONES GENERALES S.A.C.","ESTACIÓN DE SERVICIO CON GASOCENTRO DE GLP","PASCO","OXAPAMPA","OXAPAMPA","CARRETERA CENTRAL KM. 43.8, SECTOR LA ESPERANZA, BARRIO MIRAFLORES","2026-08-08"
"98168","INVERSIONES Y SERVICIOS SEMBLAS E.I.R.L.","ESTACIÓN DE SERVICIOS / GRIFOS","LIMA","LIMA","LURIGANCHO","MZ. J, LOTE 1, ASOCIACION HUERTA GRANJA EL AYLLU","2026-08-05"
"98180","COESTI S.A.","EE.SS con GNV","PIURA","PIURA","PIURA","MZ. A, LOTE A-1-A, SECTOR PARCELA J DE LA ZONA INDUSTRIAL","2026-08-09"
"98242","GRIFO PUERTO RICO SRL","ESTACIÓN DE SERVICIOS / GRIFOS","MADRE DE DIOS","TAMBOPATA","LAS PIEDRAS","CARRETERA INTEROCEANICA A.H. EL TRIUNFO-IBERIA KM 2 MARGEN IZQUIERDA","2026-08-08"
"98258","FELIX ASTO VEGA","ESTACIÓN DE SERVICIOS / GRIFOS","AYACUCHO","HUAMANGA","CARMEN ALTO","CARRETERA AYACUCHO-TOCTO, URB. COMUNIDAD CAMPESINA SAN CRISTÓBAL CASA HORCCO","2026-08-08"
"98276","OCTANO PERU S.A.C","ESTABLECIMIENTO DE VENTA AL PUBLICO DE GNV","LIMA","LIMA","SAN JUAN DE LURIGANCHO","MALECON CHECA N 2599 MAZ M SUB LOTE 3-B-B URB.LOTIZACION CAMPOY","2026-07-30"
"98296","EMPRESA DE TRANSPORTES VIRGEN DE LA CANDELARIA S.A.","ESTACIÓN DE SERVICIOS / GRIFOS","LIMA","CAÑETE","QUILMANA","CARRETERA IMPERIAL QUILMANA, KM. 12 PREDIO UC N° 10758A SECTOR 5 ESQUINAS","2026-08-07"
"98303","SERVICENTRO TODA UNA VIDA S.R.L.","ESTACIÓN DE SERVICIOS / GRIFOS","MADRE DE DIOS","TAMBOPATA","TAMBOPATA","CARRETERA PUERTO MALDONADO - CUSCO KM. 7+500","2026-08-08"
"98304","COESTI S.A.","ESTACIÓN DE SERVICIO CON GASOCENTRO DE GLP","PIURA","PIURA","PIURA","URB. LOS JARDINES DE COR PIURA MZ. N LOTES 15 - 18","2026-08-09"
"98312","CRGV GAS SAC","GASOCENTROS DE GLP","JUNIN","HUANCAYO","SAN JERONIMO DE TUNAN","CARRETERA CENTRAL KM. 18.5 MARGEN IZQUIERDA","2026-08-09"
"98319","GRIFO PANAMERICANA EIRL","ESTACIÓN DE SERVICIO CON GASOCENTRO DE GLP","JUNIN","HUANCAYO","SAN AGUSTIN","AV. SAN AGUSTIN Nº 1921","2026-08-09"
"98376","ROLEMAX","ESTACIÓN DE SERVICIOS / GRIFOS","LIMA","HUARAL","HUARAL","LOTIZADORA ISMAEL COLAN MZ E LOTES 8 Y 9","2026-08-09"
"98401","VILLANUEVA  ROJAS  MARTINES","ESTACIÓN DE SERVICIOS / GRIFOS","MADRE DE DIOS","TAMBOPATA","INAMBARI","COMUNIDAD SARAYACU MZ. C LOTE 08 ESQUINA AV. SARAYACU CON JR. CARHUAPAY","2026-08-08"
"98516","COMERCIALIZADORA DE GAS J Y G EIRL","GASOCENTROS DE GLP","ICA","CHINCHA","CHINCHA ALTA","AV. MARISCAL BENAVIDES N° 630","2026-08-08"
"98629","GRIFO BELLA UNION E.I.R.L. ","ESTACIÓN DE SERVICIOS / GRIFOS","AREQUIPA","CARAVELI","BELLA UNION","AV. FRANCISCO FLORES MZ. 15 LT. 3","2026-08-05"
"98643","COESTI GASCOP CHICLAYO","EE.SS con GNV","LAMBAYEQUE","CHICLAYO","CHICLAYO","FUNDO LA ESPERANZA (ESQUINA SUR OESTE) CRUCE EVITAMIENTO Y PROLONGACION AV BOLOGNESI","2026-08-09"
"98665","MARCOSA SAICO SUMIRE","ESTACIÓN DE SERVICIOS / GRIFOS","CUSCO","QUISPICANCHI","CAMANTI","PREDIO SANTA ISABEL, FRACCION DE LA U.C. 313284, A 1.1. KM. DEL POBLADO DE QUINCEMIL, CARRETERA INTEROCENICA","2026-08-07"
"98753","GUILLERMO CURI YAURI","ESTACIÓN DE SERVICIOS / GRIFOS","ANCASH","RECUAY","CATAC","CARRETERA PATIVILCA-HUARAZ KM. 542, SECTOR PARCO","2026-08-07"
"98755","ROSER GROUP S.A.C.","ESTACIÓN DE SERVICIOS / GRIFOS","APURIMAC","ANDAHUAYLAS","JOSE MARIA ARGUEDAS","ESQUINA AV. HUANCABAMBA CON JR. AVELINO QUISPE, C.P. HUANCABAMBA.","2026-08-08"
"98766","COMBUSTIBLES MOLINA B ENERGY E.I.R.L.","ESTACIÓN DE SERVICIOS / GRIFOS","LA LIBERTAD","TRUJILLO","POROTO","CENTRO POBLADO SHIRAN, SECTOR LA TRANCA KM. 36","2026-08-08"
"98899","ESTACION DE SERVICIOS SAN MIGUEL SP S.A.C","ESTACIÓN DE SERVICIOS / GRIFOS","LA LIBERTAD","PACASMAYO","SAN JOSE","PREDIO EL CHUNCHO SECTOR EL ROJAS CARRETERA A SAN JOSE C.P.M SAN MARTIN DE PORRES","2026-08-04"
"98903","TRANSPORTES Y SERVICIOS LAS GARZAS E.I.R.L.","ESTACIÓN DE SERVICIOS / GRIFOS","CUSCO","CUSCO","POROY","CARRETERA PANAMERICANA CUSCO-ABANCAY KM.12, SECTOR YANAMAYO","2026-08-08"
"98935","CIPRIANO MARTEL RAUL HEINZ","ESTACIÓN DE SERVICIO CON GASOCENTRO DE GLP","HUANUCO","PACHITEA","PANAO","JR. PACHITEA S/N - PREDIO CHUNCACUNA","2026-08-08"
"98985","RS PETROLEOS E.I.R.L.","ESTACIÓN DE SERVICIOS / GRIFOS","LORETO","ALTO AMAZONAS","YURIMAGUAS","CARRETERA YURIMAGUAS - TARAPOTO KM 2.5","2026-08-08"
"98994","EMPRESA DE TRANSPORTES UNIDOS S.A.","ESTACIÓN DE SERVICIOS / GRIFOS","LIMA","CAÑETE","IMPERIAL","LOTIZACION PINO MZ. A LOTE 1, CENTRO POBLADO MENOR SAN ISIDRO","2026-08-05"
"98999","GRIFO LA JOYA S.R.L.","ESTACIÓN DE SERVICIOS / GRIFOS","MADRE DE DIOS","TAMBOPATA","TAMBOPATA","AV. LA JOYA S/N. KM. 1.5-SECTOR LA JOYA","2026-08-08"
"99019","GRIFO BARRANCA VIP S.A.C.","ESTACIÓN DE SERVICIO CON GASOCENTRO DE GLP","LIMA","BARRANCA","BARRANCA","PARTE DEL SUB LOTE 1 Y SUB LOTE 2, CARRETERA PANAMERICANA NORTE KM. 191+506.50","2026-08-08"
"99040","GRIFO J Y E KARLITA E.I.R.L.","ESTACIÓN DE SERVICIOS / GRIFOS","CUSCO","ESPINAR","PALLPATA","A.P.V VILLA HUARCAPATA MANZANA G LOTES N° 1,2 Y 3","2026-08-07"
"99049","PETRO GAS CANDAMO S.A.C.","ESTACIÓN DE SERVICIOS / GRIFOS","MADRE DE DIOS","TAMBOPATA","INAMBARI","PROLONGACION INAMBARI NRO. S/N. SECTOR DOS DE MAYO","2026-08-07"
"99174","GRIFO HUAYNA PICCHU","ESTACIÓN DE SERVICIOS / GRIFOS","PUNO","SAN ROMAN","JULIACA","CARRETERA JULIACA-CUSCO KM. 13  SECTOR PARCELA KOJELA PASTO HUAYCO - CHINGORA","2026-08-07"
"99187","D & B COMBUSTIBLES DEL PERU SOCIEDAD ANONIMA CERRADA - D & B COMBUSTIBLES DEL PERU S.A.C.","ESTACIÓN DE SERVICIOS / GRIFOS","LIMA","CAÑETE","QUILMANA","PARCELA 19A Y 19B SECTOR CINCO ESQUINAS KM. 3 CARRETERA QUILMANA - IMPERIAL","2026-08-05"
"99233","SERVICENTRO MAVI  E.I.R.L.","ESTACIÓN DE SERVICIOS / GRIFOS","AREQUIPA","CASTILLA","ORCOPAMPA","URB. VISTA ALEGRE MANZANA 13 LOTE 16 S/N","2026-08-04"
"99250","GRIFO FLOTANTE ROSITA S.A.C","GRIFOS FLOTANTES","LORETO","MARISCAL RAMON CASTILLA","YAVARI","MARGEN DERECHA DEL RIO AMAZONAS  LOCALIDAD ISLA SANTA ROSA.","2026-08-09"
"99256","JAVIER ROBERTO TORRES CANTURIN","ESTACIÓN DE SERVICIOS / GRIFOS","JUNIN","SATIPO","PANGOA","CARRETERA MARGINAL S/N PANGOA-CUBANTIAS- SECTOR KIATARI-PAMPA TIGRE, VILLA MARIA II ETAPA","2026-08-07"
"99271","WARI SERVICE S.A.C.","ESTACIÓN DE SERVICIOS / GRIFOS","APURIMAC","ANDAHUAYLAS","SAN JERONIMO","AV. PANAMERICANA S/N. CENTRO POBLADO CHAMPACCOCHA","2026-08-08"
"99279","SERVICENTRO EL GRAN CHAPARRAL EMPRESA INDIVIDUAL DE RESPONSABILIDAD LIMITADA","ESTACIÓN DE SERVICIOS / GRIFOS","MOQUEGUA","GENERAL SANCHEZ CERRO","OMATE","SECTOR MOLLOJO S/N INGRESO AREQUIPA - OMATE","2026-07-30"
"99420","GRIFOS DOMINGUEZ SAC","ESTACIÓN DE SERVICIO CON GASOCENTRO DE GLP","ANCASH","SANTA","CHIMBOTE","AV. JOSE PARDO MZ. S2 LOTE 2 PUEBLO JOVEN MIRAFLORES ALTO","2026-08-09"
"99480","ESTACION DE SERVICIOS VALLEJOS E.I.R.L.","ESTACIÓN DE SERVICIOS / GRIFOS","LAMBAYEQUE","LAMBAYEQUE","JAYANCA","ANTOLIN FLORES Nº 186 - SECTOR PUENTE DE TABLA","2026-08-05"
"99596","SURTIDORES SAN MIGUEL E.I.R.L","ESTACIÓN DE SERVICIO CON GASOCENTRO DE GLP","JUNIN","SATIPO","SATIPO","AV. ANTONIO RAYMONDI N° 314 ESQUINA CON LA CALLE 8 - URB. SANTA LEONOR","2026-08-08"
"99632","ASTUR FUELS S.A.","ESTACIÓN DE SERVICIOS / GRIFOS","LA LIBERTAD","TRUJILLO","HUANCHACO","AA.HH. EL MILAGRO SECTOR X - 1° DE MAYO MZ. 1 LT. 2 (ESQUINA PANAMERICANA NORTE KM 572 Y AV. JOSE SANDOVAL)","2026-07-31"
"99732","GRIFO CURQ S.R.L.","ESTACIÓN DE SERVICIOS / GRIFOS","AYACUCHO","HUANTA","LLOCHEGUA","AV. MILTON CORDOVA MZ. O LOTE 1","2026-08-08"
"99787","PROVEEDORA DEL SUR EIRL","ESTACIÓN DE SERVICIOS / GRIFOS","MADRE DE DIOS","TAMBOPATA","TAMBOPATA","ESQUINA DE LA AV. AEROPUERTO CON LA AV. UNIVERSITARIA - OVALO LA JOYA","2026-08-08"
"99825","CORPORACION SURCO SOCIEDAD ANONIMA CERRADA","ESTACIÓN DE SERVICIOS / GRIFOS","MADRE DE DIOS","TAHUAMANU","IBERIA","ESQUINA CARRETERA PUERTO MALDONADO-IBERIA Y CALLE 7 DE JUNIO, BARRIO VILLA ESPERANZA-PROGRESO, LOTE 01, MZ. 144","2026-07-31"
"99871","INVERSIONES NCN SAC","ESTACIÓN DE SERVICIOS / GRIFOS","SAN MARTIN","RIOJA","NUEVA CAJAMARCA","AV. CAJAMARCA (CARRETERA FERNANDO BELAUNDE TERRY KM. 460) CRUCE CON CALLE SAN FERNANDO","2026-08-08"
"99881","GASOLINERA LINECO E.I.R.L.","ESTACIÓN DE SERVICIOS / GRIFOS","LAMBAYEQUE","CHICLAYO","JOSE LEONARDO ORTIZ","AV. JORGE CHAVEZ N° 321 PP.JJ FRANCISCO CABRERA","2026-08-07"
