NRO_REGISTRO,RUC,RAZON,DEPARTAMENTO,PROVINCIA,DISTRITO,DIRECCION,FCHA_REGISTRO,COD_PRODUCTO,PRODUCTO,PRECIO_VENTA,UNIDAD,CODIGO_OSINERG,ACTIVIDAD,COD_ACTIVIDAD,MARCA
0047-DMAY-15-2005,20100128218,PETROLEOS DEL PERU PETROPERU SA,MADRE DE DIOS,TAMBOPATA,TAMBOPATA,AV ANDRES AVELINO CACERES 1082,2026-08-04 08:55:19,124,GASOLINA REGULAR,18.61,Galones,42298,DISTRIBUIDOR MAYORISTA DE COMBUSTIBLES LIQUIDOS,048,
0047-DMAY-15-2005,20100128218,PETROLEOS DEL PERU PETROPERU SA,MADRE DE DIOS,TAMBOPATA,TAMBOPATA,AV ANDRES AVELINO CACERES 1082,2026-08-04 08:55:19,125,GASOLINA PREMIUM,18.77,Galones,42298,DISTRIBUIDOR MAYORISTA DE COMBUSTIBLES LIQUIDOS,048,
0047-DMAY-15-2005,20100128218,PETROLEOS DEL PERU PETROPERU SA,MADRE DE DIOS,TAMBOPATA,TAMBOPATA,AV ANDRES AVELINO CACERES 1082,2026-08-04 08:55:19,40,Diesel B5 S-50 UV,20.99,Galones,42298,DISTRIBUIDOR MAYORISTA DE COMBUSTIBLES LIQUIDOS,048,
0047-DMAY-15-2005,20100128218,PETROLEOS DEL PERU PETROPERU SA,MADRE DE DIOS,TAMBOPATA,TAMBOPATA,AV ANDRES AVELINO CACERES 1082,2026-08-04 08:55:19,45,Diesel B5 S-50,21.83,Galones,42298,DISTRIBUIDOR MAYORISTA DE COMBUSTIBLES LIQUIDOS,048,
104273-048-150723,20553167672,NUMAY S.A.,PROV. CONST. DEL CALLAO,PROV. CONST. DEL CALLAO,CALLAO,AV. NESTOR GAMBETTA N° 1265,2026-08-04 00:06:57,126,GASOHOL REGULAR,18.52,Galones,104273,DISTRIBUIDOR MAYORISTA DE COMBUSTIBLES LIQUIDOS,048,
104273-048-150723,20553167672,NUMAY S.A.,PROV. CONST. DEL CALLAO,PROV. CONST. DEL CALLAO,CALLAO,AV. NESTOR GAMBETTA N° 1265,2026-08-04 00:06:57,127,GASOHOL PREMIUM,18.93,Galones,104273,DISTRIBUIDOR MAYORISTA DE COMBUSTIBLES LIQUIDOS,048,
104273-048-150723,20553167672,NUMAY S.A.,PROV. CONST. DEL CALLAO,PROV. CONST. DEL CALLAO,CALLAO,AV. NESTOR GAMBETTA N° 1265,2026-08-04 00:06:57,40,Diesel B5 S-50 UV,23.63,Galones,104273,DISTRIBUIDOR MAYORISTA DE COMBUSTIBLES LIQUIDOS,048,
104273-048-150723,20553167672,NUMAY S.A.,PROV. CONST. DEL CALLAO,PROV. CONST. DEL CALLAO,CALLAO,AV. NESTOR GAMBETTA N° 1265,2026-08-04 00:06:57,45,Diesel B5 S-50,25.2,Galones,104273,DISTRIBUIDOR MAYORISTA DE COMBUSTIBLES LIQUIDOS,048,
104323-048-110723,20553167672,NUMAY S.A.,LIMA,LIMA,LURIN,CARRETERA PANAMERICANA SUR KM. 26.5,2026-08-04 07:46:13,126,GASOHOL REGULAR,18.52,Galones,104323,DISTRIBUIDOR MAYORISTA DE COMBUSTIBLES LIQUIDOS,048,
104323-048-110723,20553167672,NUMAY S.A.,LIMA,LIMA,LURIN,CARRETERA PANAMERICANA SUR KM. 26.5,2026-08-04 07:46:13,127,GASOHOL PREMIUM,18.93,Galones,104323,DISTRIBUIDOR MAYORISTA DE COMBUSTIBLES LIQUIDOS,048,
104323-048-110723,20553167672,NUMAY S.A.,LIMA,LIMA,LURIN,CARRETERA PANAMERICANA SUR KM. 26.5,2026-08-04 07:46:13,40,Diesel B5 S-50 UV,23.64,Galones,104323,DISTRIBUIDOR MAYORISTA DE COMBUSTIBLES LIQUIDOS,048,
104323-048-110723,20553167672,NUMAY S.A.,LIMA,LIMA,LURIN,CARRETERA PANAMERICANA SUR KM. 26.5,2026-08-04 07:46:13,45,Diesel B5 S-50,25.2,Galones,104323,DISTRIBUIDOR MAYORISTA DE COMBUSTIBLES LIQUIDOS,048,
105608-048-120723,20553167672,NUMAY S.A.,LAMBAYEQUE,CHICLAYO,ETEN PUERTO,CARRETERA PLAYA LOS LOBOS KM 05,2026-08-04 07:39:17,126,GASOHOL REGULAR,18.6,Galones,105608,DISTRIBUIDOR MAYORISTA DE COMBUSTIBLES LIQUIDOS,048,
105608-048-120723,20553167672,NUMAY S.A.,LAMBAYEQUE,CHICLAYO,ETEN PUERTO,CARRETERA PLAYA LOS LOBOS KM 05,2026-08-04 07:39:17,40,Diesel B5 S-50 UV,23.69,Galones,105608,DISTRIBUIDOR MAYORISTA DE COMBUSTIBLES LIQUIDOS,048,
105608-048-120723,20553167672,NUMAY S.A.,LAMBAYEQUE,CHICLAYO,ETEN PUERTO,CARRETERA PLAYA LOS LOBOS KM 05,2026-08-04 07:39:17,45,Diesel B5 S-50,25.26,Galones,105608,DISTRIBUIDOR MAYORISTA DE COMBUSTIBLES LIQUIDOS,048,
105609-048-140723,20553167672,NUMAY S.A.,ANCASH,SANTA,CHIMBOTE,BREA Y PARIÑAS KM 421,2026-08-04 09:38:42,126,GASOHOL REGULAR,18.7,Galones,105609,DISTRIBUIDOR MAYORISTA DE COMBUSTIBLES LIQUIDOS,048,
105609-048-140723,20553167672,NUMAY S.A.,ANCASH,SANTA,CHIMBOTE,BREA Y PARIÑAS KM 421,2026-08-04 09:38:42,40,Diesel B5 S-50 UV,23.53,Galones,105609,DISTRIBUIDOR MAYORISTA DE COMBUSTIBLES LIQUIDOS,048,
105609-048-140723,20553167672,NUMAY S.A.,ANCASH,SANTA,CHIMBOTE,BREA Y PARIÑAS KM 421,2026-08-04 09:38:42,45,Diesel B5 S-50,25.1,Galones,105609,DISTRIBUIDOR MAYORISTA DE COMBUSTIBLES LIQUIDOS,048,
105610-048-060723,20553167672,NUMAY S.A.,ICA,PISCO,SAN ANDRES,"CALLE GENARO MEDRANO S/N, CARRETERA PISCO PARACAS KM. 11.5",2026-07-14 10:06:38,126,GASOHOL REGULAR,15.83,Galones,105610,DISTRIBUIDOR MAYORISTA DE COMBUSTIBLES LIQUIDOS,048,
105610-048-060723,20553167672,NUMAY S.A.,ICA,PISCO,SAN ANDRES,"CALLE GENARO MEDRANO S/N, CARRETERA PISCO PARACAS KM. 11.5",2026-07-14 10:06:38,127,GASOHOL PREMIUM,16.05,Galones,105610,DISTRIBUIDOR MAYORISTA DE COMBUSTIBLES LIQUIDOS,048,
105610-048-060723,20553167672,NUMAY S.A.,ICA,PISCO,SAN ANDRES,"CALLE GENARO MEDRANO S/N, CARRETERA PISCO PARACAS KM. 11.5",2026-07-14 10:06:38,40,Diesel B5 S-50 UV,18.43,Galones,105610,DISTRIBUIDOR MAYORISTA DE COMBUSTIBLES LIQUIDOS,048,
105610-048-060723,20553167672,NUMAY S.A.,ICA,PISCO,SAN ANDRES,"CALLE GENARO MEDRANO S/N, CARRETERA PISCO PARACAS KM. 11.5",2026-07-14 10:06:38,45,Diesel B5 S-50,20,Galones,105610,DISTRIBUIDOR MAYORISTA DE COMBUSTIBLES LIQUIDOS,048,
105611-048-130723,20553167672,NUMAY SOCIEDAD ANONIMA - NUMAY S.A.,PIURA,PIURA,VEINTISEIS DE OCTUBRE,CARRETERA PIURA  SULLANA KM.  4.38 ZONA INDUSTRIAL PIURA,2026-08-04 07:27:41,126,GASOHOL REGULAR,18.25,Galones,105611,DISTRIBUIDOR MAYORISTA DE COMBUSTIBLES LIQUIDOS,048,
105611-048-130723,20553167672,NUMAY SOCIEDAD ANONIMA - NUMAY S.A.,PIURA,PIURA,VEINTISEIS DE OCTUBRE,CARRETERA PIURA  SULLANA KM.  4.38 ZONA INDUSTRIAL PIURA,2026-08-04 07:27:41,127,GASOHOL PREMIUM,18.92,Galones,105611,DISTRIBUIDOR MAYORISTA DE COMBUSTIBLES LIQUIDOS,048,
105611-048-130723,20553167672,NUMAY SOCIEDAD ANONIMA - NUMAY S.A.,PIURA,PIURA,VEINTISEIS DE OCTUBRE,CARRETERA PIURA  SULLANA KM.  4.38 ZONA INDUSTRIAL PIURA,2026-08-04 07:27:41,40,Diesel B5 S-50 UV,23.86,Galones,105611,DISTRIBUIDOR MAYORISTA DE COMBUSTIBLES LIQUIDOS,048,
105611-048-130723,20553167672,NUMAY SOCIEDAD ANONIMA - NUMAY S.A.,PIURA,PIURA,VEINTISEIS DE OCTUBRE,CARRETERA PIURA  SULLANA KM.  4.38 ZONA INDUSTRIAL PIURA,2026-08-04 07:27:41,45,Diesel B5 S-50,25.43,Galones,105611,DISTRIBUIDOR MAYORISTA DE COMBUSTIBLES LIQUIDOS,048,
105612-048-110723,20553167672,NUMAY S.A.,LA LIBERTAD,TRUJILLO,SALAVERRY,JR. PACASMAYO N° 16,2026-08-04 07:43:05,126,GASOHOL REGULAR,18.87,Galones,105612,DISTRIBUIDOR MAYORISTA DE COMBUSTIBLES LIQUIDOS,048,
105612-048-110723,20553167672,NUMAY S.A.,LA LIBERTAD,TRUJILLO,SALAVERRY,JR. PACASMAYO N° 16,2026-08-04 07:43:05,127,GASOHOL PREMIUM,20.22,Galones,105612,DISTRIBUIDOR MAYORISTA DE COMBUSTIBLES LIQUIDOS,048,
105612-048-110723,20553167672,NUMAY S.A.,LA LIBERTAD,TRUJILLO,SALAVERRY,JR. PACASMAYO N° 16,2026-08-04 07:43:05,40,Diesel B5 S-50 UV,24.52,Galones,105612,DISTRIBUIDOR MAYORISTA DE COMBUSTIBLES LIQUIDOS,048,
105612-048-110723,20553167672,NUMAY S.A.,LA LIBERTAD,TRUJILLO,SALAVERRY,JR. PACASMAYO N° 16,2026-08-04 07:43:05,45,Diesel B5 S-50,26.08,Galones,105612,DISTRIBUIDOR MAYORISTA DE COMBUSTIBLES LIQUIDOS,048,
105613-048-090723,20553167672,NUMAY S.A.,MOQUEGUA,ILO,ILO,"AV. MARIANO LINO URQUIETA 1003, URB. SECTOR 2",2026-08-04 09:02:16,127,GASOHOL PREMIUM,20.12,Galones,105613,DISTRIBUIDOR MAYORISTA DE COMBUSTIBLES LIQUIDOS,048,
105613-048-090723,20553167672,NUMAY S.A.,MOQUEGUA,ILO,ILO,"AV. MARIANO LINO URQUIETA 1003, URB. SECTOR 2",2026-08-04 09:02:16,40,Diesel B5 S-50 UV,24.54,Galones,105613,DISTRIBUIDOR MAYORISTA DE COMBUSTIBLES LIQUIDOS,048,
105613-048-090723,20553167672,NUMAY S.A.,MOQUEGUA,ILO,ILO,"AV. MARIANO LINO URQUIETA 1003, URB. SECTOR 2",2026-08-04 09:02:16,45,Diesel B5 S-50,26.11,Galones,105613,DISTRIBUIDOR MAYORISTA DE COMBUSTIBLES LIQUIDOS,048,
105614-048-050723,20553167672,NUMAY S.A.,AREQUIPA,ISLAY,MOLLENDO,"CALLE APURÍMAC S/N, ZONA INDUSTRIAL INCLÁN",2026-08-04 07:32:19,126,GASOHOL REGULAR,19.31,Galones,105614,DISTRIBUIDOR MAYORISTA DE COMBUSTIBLES LIQUIDOS,048,
105614-048-050723,20553167672,NUMAY S.A.,AREQUIPA,ISLAY,MOLLENDO,"CALLE APURÍMAC S/N, ZONA INDUSTRIAL INCLÁN",2026-08-04 07:32:19,127,GASOHOL PREMIUM,19.85,Galones,105614,DISTRIBUIDOR MAYORISTA DE COMBUSTIBLES LIQUIDOS,048,
105614-048-050723,20553167672,NUMAY S.A.,AREQUIPA,ISLAY,MOLLENDO,"CALLE APURÍMAC S/N, ZONA INDUSTRIAL INCLÁN",2026-08-04 07:32:19,40,Diesel B5 S-50 UV,24.29,Galones,105614,DISTRIBUIDOR MAYORISTA DE COMBUSTIBLES LIQUIDOS,048,
105614-048-050723,20553167672,NUMAY S.A.,AREQUIPA,ISLAY,MOLLENDO,"CALLE APURÍMAC S/N, ZONA INDUSTRIAL INCLÁN",2026-08-04 07:32:19,45,Diesel B5 S-50,25.86,Galones,105614,DISTRIBUIDOR MAYORISTA DE COMBUSTIBLES LIQUIDOS,048,
105920-048-130723,20553167672,NUMAY SOCIEDAD ANONIMA - NUMAY S.A.,PIURA,TALARA,PARIÑAS,ZONA INDUSTRIAL S/N TABLAZO  PLANTA DE ABASTECIMIENTO TALARA,2026-08-04 07:29:52,126,GASOHOL REGULAR,18.14,Galones,105920,DISTRIBUIDOR MAYORISTA DE COMBUSTIBLES LIQUIDOS,048,
105920-048-130723,20553167672,NUMAY SOCIEDAD ANONIMA - NUMAY S.A.,PIURA,TALARA,PARIÑAS,ZONA INDUSTRIAL S/N TABLAZO  PLANTA DE ABASTECIMIENTO TALARA,2026-08-04 07:29:52,127,GASOHOL PREMIUM,18.72,Galones,105920,DISTRIBUIDOR MAYORISTA DE COMBUSTIBLES LIQUIDOS,048,
105920-048-130723,20553167672,NUMAY SOCIEDAD ANONIMA - NUMAY S.A.,PIURA,TALARA,PARIÑAS,ZONA INDUSTRIAL S/N TABLAZO  PLANTA DE ABASTECIMIENTO TALARA,2026-08-04 07:29:52,40,Diesel B5 S-50 UV,23.66,Galones,105920,DISTRIBUIDOR MAYORISTA DE COMBUSTIBLES LIQUIDOS,048,
105920-048-130723,20553167672,NUMAY SOCIEDAD ANONIMA - NUMAY S.A.,PIURA,TALARA,PARIÑAS,ZONA INDUSTRIAL S/N TABLAZO  PLANTA DE ABASTECIMIENTO TALARA,2026-08-04 07:29:52,45,Diesel B5 S-50,25.23,Galones,105920,DISTRIBUIDOR MAYORISTA DE COMBUSTIBLES LIQUIDOS,048,
105922-048-190723,20553167672,NUMAY S.A.,LIMA,BARRANCA,SUPE PUERTO,CALLE CALLAO N° 445-460 - NUEVA VICTORIA,2026-08-04 09:40:28,126,GASOHOL REGULAR,18.38,Galones,105922,DISTRIBUIDOR MAYORISTA DE COMBUSTIBLES LIQUIDOS,048,
105922-048-190723,20553167672,NUMAY S.A.,LIMA,BARRANCA,SUPE PUERTO,CALLE CALLAO N° 445-460 - NUEVA VICTORIA,2026-08-04 09:40:28,127,GASOHOL PREMIUM,18.82,Galones,105922,DISTRIBUIDOR MAYORISTA DE COMBUSTIBLES LIQUIDOS,048,
105922-048-190723,20553167672,NUMAY S.A.,LIMA,BARRANCA,SUPE PUERTO,CALLE CALLAO N° 445-460 - NUEVA VICTORIA,2026-08-04 09:40:28,40,Diesel B5 S-50 UV,23.86,Galones,105922,DISTRIBUIDOR MAYORISTA DE COMBUSTIBLES LIQUIDOS,048,
105922-048-190723,20553167672,NUMAY S.A.,LIMA,BARRANCA,SUPE PUERTO,CALLE CALLAO N° 445-460 - NUEVA VICTORIA,2026-08-04 09:40:28,45,Diesel B5 S-50,25.43,Galones,105922,DISTRIBUIDOR MAYORISTA DE COMBUSTIBLES LIQUIDOS,048,
107594-048-130723,20553167672,NUMAY SOCIEDAD ANONIMA,PUNO,SAN ROMAN,JULIACA,URBANIZACIÓN ZONA INDUSTRIAL TAPARACHI CARRETERA KM 2.5 ZONA 1 BLOQUE G ,2026-08-04 08:24:17,126,GASOHOL REGULAR,20.11,Galones,107594,DISTRIBUIDOR MAYORISTA DE COMBUSTIBLES LIQUIDOS,048,
107594-048-130723,20553167672,NUMAY SOCIEDAD ANONIMA,PUNO,SAN ROMAN,JULIACA,URBANIZACIÓN ZONA INDUSTRIAL TAPARACHI CARRETERA KM 2.5 ZONA 1 BLOQUE G ,2026-08-04 08:24:17,40,Diesel B5 S-50 UV,24.92,Galones,107594,DISTRIBUIDOR MAYORISTA DE COMBUSTIBLES LIQUIDOS,048,
107594-048-130723,20553167672,NUMAY SOCIEDAD ANONIMA,PUNO,SAN ROMAN,JULIACA,URBANIZACIÓN ZONA INDUSTRIAL TAPARACHI CARRETERA KM 2.5 ZONA 1 BLOQUE G ,2026-08-04 08:24:17,45,Diesel B5 S-50,26.49,Galones,107594,DISTRIBUIDOR MAYORISTA DE COMBUSTIBLES LIQUIDOS,048,
107595-048-170723,20553167672,NUMAY SOCIEDAD ANONIMA,CUSCO,CUSCO,SAN JERONIMO,OSCOLLOPAMPA S/N.,2026-08-04 09:03:11,126,GASOHOL REGULAR,20.33,Galones,107595,DISTRIBUIDOR MAYORISTA DE COMBUSTIBLES LIQUIDOS,048,
107595-048-170723,20553167672,NUMAY SOCIEDAD ANONIMA,CUSCO,CUSCO,SAN JERONIMO,OSCOLLOPAMPA S/N.,2026-08-04 09:03:11,40,Diesel B5 S-50 UV,24.86,Galones,107595,DISTRIBUIDOR MAYORISTA DE COMBUSTIBLES LIQUIDOS,048,
107595-048-170723,20553167672,NUMAY SOCIEDAD ANONIMA,CUSCO,CUSCO,SAN JERONIMO,OSCOLLOPAMPA S/N.,2026-08-04 09:03:11,45,Diesel B5 S-50,26.43,Galones,107595,DISTRIBUIDOR MAYORISTA DE COMBUSTIBLES LIQUIDOS,048,
109671-048-070625,20503840121,REPSOL COMERCIAL SAC,PUNO,SAN ROMAN,JULIACA,URBANIZACIÓN ZONA INDUSTRIAL TAPARACHI CARRETERA KM 2.5 ZONA 1 BLOQUE G,2026-08-09 00:05:06,124,GASOLINA REGULAR,28.2,Galones,109671,DISTRIBUIDOR MAYORISTA DE COMBUSTIBLES LIQUIDOS,048,
109671-048-070625,20503840121,REPSOL COMERCIAL SAC,PUNO,SAN ROMAN,JULIACA,URBANIZACIÓN ZONA INDUSTRIAL TAPARACHI CARRETERA KM 2.5 ZONA 1 BLOQUE G,2026-08-09 00:05:06,126,GASOHOL REGULAR,26.28,Galones,109671,DISTRIBUIDOR MAYORISTA DE COMBUSTIBLES LIQUIDOS,048,
109671-048-070625,20503840121,REPSOL COMERCIAL SAC,PUNO,SAN ROMAN,JULIACA,URBANIZACIÓN ZONA INDUSTRIAL TAPARACHI CARRETERA KM 2.5 ZONA 1 BLOQUE G,2026-08-09 00:05:06,40,Diesel B5 S-50 UV,29.14,Galones,109671,DISTRIBUIDOR MAYORISTA DE COMBUSTIBLES LIQUIDOS,048,
109671-048-070625,20503840121,REPSOL COMERCIAL SAC,PUNO,SAN ROMAN,JULIACA,URBANIZACIÓN ZONA INDUSTRIAL TAPARACHI CARRETERA KM 2.5 ZONA 1 BLOQUE G,2026-08-09 00:05:06,45,Diesel B5 S-50,27.57,Galones,109671,DISTRIBUIDOR MAYORISTA DE COMBUSTIBLES LIQUIDOS,048,
112492-048-270426,20554545743,CORPORACION PRIMAX S.A.,PROV. CONST. DEL CALLAO,PROV. CONST. DEL CALLAO,CALLAO,AV. NESTOR GAMBETTA N° 1265,2026-07-17 12:00:11,126,GASOHOL REGULAR,13.34,Galones,112492,DISTRIBUIDOR MAYORISTA DE COMBUSTIBLES LIQUIDOS,048,
112492-048-270426,20554545743,CORPORACION PRIMAX S.A.,PROV. CONST. DEL CALLAO,PROV. CONST. DEL CALLAO,CALLAO,AV. NESTOR GAMBETTA N° 1265,2026-07-17 12:00:11,127,GASOHOL PREMIUM,13.5,Galones,112492,DISTRIBUIDOR MAYORISTA DE COMBUSTIBLES LIQUIDOS,048,
112492-048-270426,20554545743,CORPORACION PRIMAX S.A.,PROV. CONST. DEL CALLAO,PROV. CONST. DEL CALLAO,CALLAO,AV. NESTOR GAMBETTA N° 1265,2026-07-17 12:00:11,40,Diesel B5 S-50 UV,15.81,Galones,112492,DISTRIBUIDOR MAYORISTA DE COMBUSTIBLES LIQUIDOS,048,
112492-048-270426,20554545743,CORPORACION PRIMAX S.A.,PROV. CONST. DEL CALLAO,PROV. CONST. DEL CALLAO,CALLAO,AV. NESTOR GAMBETTA N° 1265,2026-07-17 12:00:12,45,Diesel B5 S-50,17.14,Galones,112492,DISTRIBUIDOR MAYORISTA DE COMBUSTIBLES LIQUIDOS,048,
112541-048-120226,20554545743,CORPORACION PRIMAX S.A.,PIURA,TALARA,PARIÑAS,ZONA INDUSTRIAL S/N TABLAZO  PLANTA DE ABASTECIMIENTO TALARA,2026-07-17 12:00:12,12,PETRÓLEO INDUSTRIAL Nº 6,13.63,Galones,112541,DISTRIBUIDOR MAYORISTA DE COMBUSTIBLES LIQUIDOS,048,
112541-048-120226,20554545743,CORPORACION PRIMAX S.A.,PIURA,TALARA,PARIÑAS,ZONA INDUSTRIAL S/N TABLAZO  PLANTA DE ABASTECIMIENTO TALARA,2026-07-17 12:00:12,124,GASOLINA REGULAR,13.56,Galones,112541,DISTRIBUIDOR MAYORISTA DE COMBUSTIBLES LIQUIDOS,048,
112541-048-120226,20554545743,CORPORACION PRIMAX S.A.,PIURA,TALARA,PARIÑAS,ZONA INDUSTRIAL S/N TABLAZO  PLANTA DE ABASTECIMIENTO TALARA,2026-07-17 12:00:13,125,GASOLINA PREMIUM,13.74,Galones,112541,DISTRIBUIDOR MAYORISTA DE COMBUSTIBLES LIQUIDOS,048,
112541-048-120226,20554545743,CORPORACION PRIMAX S.A.,PIURA,TALARA,PARIÑAS,ZONA INDUSTRIAL S/N TABLAZO  PLANTA DE ABASTECIMIENTO TALARA,2026-07-17 12:00:13,126,GASOHOL REGULAR,13.23,Galones,112541,DISTRIBUIDOR MAYORISTA DE COMBUSTIBLES LIQUIDOS,048,
112541-048-120226,20554545743,CORPORACION PRIMAX S.A.,PIURA,TALARA,PARIÑAS,ZONA INDUSTRIAL S/N TABLAZO  PLANTA DE ABASTECIMIENTO TALARA,2026-07-17 12:00:14,127,GASOHOL PREMIUM,13.43,Galones,112541,DISTRIBUIDOR MAYORISTA DE COMBUSTIBLES LIQUIDOS,048,
112541-048-120226,20554545743,CORPORACION PRIMAX S.A.,PIURA,TALARA,PARIÑAS,ZONA INDUSTRIAL S/N TABLAZO  PLANTA DE ABASTECIMIENTO TALARA,2026-07-17 12:00:14,40,Diesel B5 S-50 UV,16.32,Galones,112541,DISTRIBUIDOR MAYORISTA DE COMBUSTIBLES LIQUIDOS,048,
112541-048-120226,20554545743,CORPORACION PRIMAX S.A.,PIURA,TALARA,PARIÑAS,ZONA INDUSTRIAL S/N TABLAZO  PLANTA DE ABASTECIMIENTO TALARA,2026-07-17 12:00:15,45,Diesel B5 S-50,16.85,Galones,112541,DISTRIBUIDOR MAYORISTA DE COMBUSTIBLES LIQUIDOS,048,
112542-048-120226,20554545743,CORPORACION PRIMAX S.A.,PIURA,PIURA,VEINTISEIS DE OCTUBRE,CARRETERA PIURA - SULLANA KM 4.38 ZONA INDUSTRIAL PIURA,2026-07-17 12:00:15,126,GASOHOL REGULAR,13.33,Galones,112542,DISTRIBUIDOR MAYORISTA DE COMBUSTIBLES LIQUIDOS,048,
112542-048-120226,20554545743,CORPORACION PRIMAX S.A.,PIURA,PIURA,VEINTISEIS DE OCTUBRE,CARRETERA PIURA - SULLANA KM 4.38 ZONA INDUSTRIAL PIURA,2026-07-17 12:00:15,127,GASOHOL PREMIUM,13.6,Galones,112542,DISTRIBUIDOR MAYORISTA DE COMBUSTIBLES LIQUIDOS,048,
112542-048-120226,20554545743,CORPORACION PRIMAX S.A.,PIURA,PIURA,VEINTISEIS DE OCTUBRE,CARRETERA PIURA - SULLANA KM 4.38 ZONA INDUSTRIAL PIURA,2026-07-17 12:00:16,40,Diesel B5 S-50 UV,16.49,Galones,112542,DISTRIBUIDOR MAYORISTA DE COMBUSTIBLES LIQUIDOS,048,
112542-048-120226,20554545743,CORPORACION PRIMAX S.A.,PIURA,PIURA,VEINTISEIS DE OCTUBRE,CARRETERA PIURA - SULLANA KM 4.38 ZONA INDUSTRIAL PIURA,2026-07-17 12:00:16,45,Diesel B5 S-50,17.02,Galones,112542,DISTRIBUIDOR MAYORISTA DE COMBUSTIBLES LIQUIDOS,048,
112543-048-170226,20554545743,CORPORACION PRIMAX S.A. ,LIMA,LIMA,LURIN,CARRETERA PANAMERICANA SUR KM. 26.5,2026-07-17 12:00:16,12,PETRÓLEO INDUSTRIAL Nº 6,13.4,Galones,112543,DISTRIBUIDOR MAYORISTA DE COMBUSTIBLES LIQUIDOS,048,
112543-048-170226,20554545743,CORPORACION PRIMAX S.A. ,LIMA,LIMA,LURIN,CARRETERA PANAMERICANA SUR KM. 26.5,2026-07-17 12:00:17,126,GASOHOL REGULAR,13.34,Galones,112543,DISTRIBUIDOR MAYORISTA DE COMBUSTIBLES LIQUIDOS,048,
112543-048-170226,20554545743,CORPORACION PRIMAX S.A. ,LIMA,LIMA,LURIN,CARRETERA PANAMERICANA SUR KM. 26.5,2026-07-17 12:00:18,127,GASOHOL PREMIUM,13.5,Galones,112543,DISTRIBUIDOR MAYORISTA DE COMBUSTIBLES LIQUIDOS,048,
112543-048-170226,20554545743,CORPORACION PRIMAX S.A. ,LIMA,LIMA,LURIN,CARRETERA PANAMERICANA SUR KM. 26.5,2026-07-17 12:00:18,13,PETRÓLEO INDUSTRIAL Nº 500,13.19,Galones,112543,DISTRIBUIDOR MAYORISTA DE COMBUSTIBLES LIQUIDOS,048,
112543-048-170226,20554545743,CORPORACION PRIMAX S.A. ,LIMA,LIMA,LURIN,CARRETERA PANAMERICANA SUR KM. 26.5,2026-07-17 12:00:18,40,Diesel B5 S-50 UV,15.81,Galones,112543,DISTRIBUIDOR MAYORISTA DE COMBUSTIBLES LIQUIDOS,048,
112543-048-170226,20554545743,CORPORACION PRIMAX S.A. ,LIMA,LIMA,LURIN,CARRETERA PANAMERICANA SUR KM. 26.5,2026-07-17 12:00:19,45,Diesel B5 S-50,17.14,Galones,112543,DISTRIBUIDOR MAYORISTA DE COMBUSTIBLES LIQUIDOS,048,
112565-048-170226,20554545743,CORPORACIÓN PRIMAX S.A.,AREQUIPA,ISLAY,MOLLENDO,"CALLE APURÍMAC S/N, ZONA INDUSTRIAL INCLÁN",2026-07-17 12:00:19,126,GASOHOL REGULAR,13.79,Galones,112565,DISTRIBUIDOR MAYORISTA DE COMBUSTIBLES LIQUIDOS,048,
112565-048-170226,20554545743,CORPORACIÓN PRIMAX S.A.,AREQUIPA,ISLAY,MOLLENDO,"CALLE APURÍMAC S/N, ZONA INDUSTRIAL INCLÁN",2026-07-17 12:00:19,40,Diesel B5 S-50 UV,16.87,Galones,112565,DISTRIBUIDOR MAYORISTA DE COMBUSTIBLES LIQUIDOS,048,
112565-048-170226,20554545743,CORPORACIÓN PRIMAX S.A.,AREQUIPA,ISLAY,MOLLENDO,"CALLE APURÍMAC S/N, ZONA INDUSTRIAL INCLÁN",2026-07-17 12:00:20,45,Diesel B5 S-50,18.2,Galones,112565,DISTRIBUIDOR MAYORISTA DE COMBUSTIBLES LIQUIDOS,048,
112566-048-140825,20554545743,CORPORACION PRIMAX S.A.,MOQUEGUA,ILO,ILO,"AV. MARIANO LINO URQUIETA 1003, URB. SECTOR 2",2026-07-17 12:00:20,127,GASOHOL PREMIUM,14.51,Galones,112566,DISTRIBUIDOR MAYORISTA DE COMBUSTIBLES LIQUIDOS,048,
112566-048-140825,20554545743,CORPORACION PRIMAX S.A.,MOQUEGUA,ILO,ILO,"AV. MARIANO LINO URQUIETA 1003, URB. SECTOR 2",2026-07-17 12:00:20,40,Diesel B5 S-50 UV,17.08,Galones,112566,DISTRIBUIDOR MAYORISTA DE COMBUSTIBLES LIQUIDOS,048,
112566-048-140825,20554545743,CORPORACION PRIMAX S.A.,MOQUEGUA,ILO,ILO,"AV. MARIANO LINO URQUIETA 1003, URB. SECTOR 2",2026-07-17 12:00:21,45,Diesel B5 S-50,18.41,Galones,112566,DISTRIBUIDOR MAYORISTA DE COMBUSTIBLES LIQUIDOS,048,
112602-048-190326,20554545743,CORPORACION PRIMAX S.A.,ANCASH,SANTA,CHIMBOTE,"CALLE N° 3, N° 110, ZONA INDUSTRIAL GRAN TRAPECIO",2026-07-17 12:00:21,12,PETRÓLEO INDUSTRIAL Nº 6,13.67,Galones,112602,DISTRIBUIDOR MAYORISTA DE COMBUSTIBLES LIQUIDOS,048,
112602-048-190326,20554545743,CORPORACION PRIMAX S.A.,ANCASH,SANTA,CHIMBOTE,"CALLE N° 3, N° 110, ZONA INDUSTRIAL GRAN TRAPECIO",2026-07-17 12:00:21,126,GASOHOL REGULAR,13.27,Galones,112602,DISTRIBUIDOR MAYORISTA DE COMBUSTIBLES LIQUIDOS,048,
112602-048-190326,20554545743,CORPORACION PRIMAX S.A.,ANCASH,SANTA,CHIMBOTE,"CALLE N° 3, N° 110, ZONA INDUSTRIAL GRAN TRAPECIO",2026-07-17 12:00:22,13,PETRÓLEO INDUSTRIAL Nº 500,13.46,Galones,112602,DISTRIBUIDOR MAYORISTA DE COMBUSTIBLES LIQUIDOS,048,
112602-048-190326,20554545743,CORPORACION PRIMAX S.A.,ANCASH,SANTA,CHIMBOTE,"CALLE N° 3, N° 110, ZONA INDUSTRIAL GRAN TRAPECIO",2026-07-17 12:00:22,40,Diesel B5 S-50 UV,15.72,Galones,112602,DISTRIBUIDOR MAYORISTA DE COMBUSTIBLES LIQUIDOS,048,
112602-048-190326,20554545743,CORPORACION PRIMAX S.A.,ANCASH,SANTA,CHIMBOTE,"CALLE N° 3, N° 110, ZONA INDUSTRIAL GRAN TRAPECIO",2026-07-17 12:00:22,45,Diesel B5 S-50,17.05,Galones,112602,DISTRIBUIDOR MAYORISTA DE COMBUSTIBLES LIQUIDOS,048,
112603-048-140825,20554545743,CORPORACION PRIMAX S.A. ,ICA,PISCO,SAN ANDRES,"CALLE GENARO MEDRANO S/N, CARRETERA PISCO PARACAS KM. 11.5",2026-07-17 12:00:23,126,GASOHOL REGULAR,13.5,Galones,112603,DISTRIBUIDOR MAYORISTA DE COMBUSTIBLES LIQUIDOS,048,
112603-048-140825,20554545743,CORPORACION PRIMAX S.A. ,ICA,PISCO,SAN ANDRES,"CALLE GENARO MEDRANO S/N, CARRETERA PISCO PARACAS KM. 11.5",2026-07-17 12:00:23,127,GASOHOL PREMIUM,13.69,Galones,112603,DISTRIBUIDOR MAYORISTA DE COMBUSTIBLES LIQUIDOS,048,
112603-048-140825,20554545743,CORPORACION PRIMAX S.A. ,ICA,PISCO,SAN ANDRES,"CALLE GENARO MEDRANO S/N, CARRETERA PISCO PARACAS KM. 11.5",2026-07-17 12:00:23,40,Diesel B5 S-50 UV,15.7,Galones,112603,DISTRIBUIDOR MAYORISTA DE COMBUSTIBLES LIQUIDOS,048,
112603-048-140825,20554545743,CORPORACION PRIMAX S.A. ,ICA,PISCO,SAN ANDRES,"CALLE GENARO MEDRANO S/N, CARRETERA PISCO PARACAS KM. 11.5",2026-07-17 12:00:23,45,Diesel B5 S-50,17.03,Galones,112603,DISTRIBUIDOR MAYORISTA DE COMBUSTIBLES LIQUIDOS,048,
112604-048-270326,20554545743,CORPORACION PRIMAX S.A.,LAMBAYEQUE,CHICLAYO,ETEN PUERTO,"CARRETERA PUERTO ETEN KM. 1.5, PLAYA DE LOBOS",2026-07-17 12:00:24,124,GASOLINA REGULAR,13.71,Galones,112604,DISTRIBUIDOR MAYORISTA DE COMBUSTIBLES LIQUIDOS,048,
112604-048-270326,20554545743,CORPORACION PRIMAX S.A.,LAMBAYEQUE,CHICLAYO,ETEN PUERTO,"CARRETERA PUERTO ETEN KM. 1.5, PLAYA DE LOBOS",2026-07-17 12:00:24,126,GASOHOL REGULAR,13.19,Galones,112604,DISTRIBUIDOR MAYORISTA DE COMBUSTIBLES LIQUIDOS,048,
112604-048-270326,20554545743,CORPORACION PRIMAX S.A.,LAMBAYEQUE,CHICLAYO,ETEN PUERTO,"CARRETERA PUERTO ETEN KM. 1.5, PLAYA DE LOBOS",2026-07-17 12:00:24,40,Diesel B5 S-50 UV,15.85,Galones,112604,DISTRIBUIDOR MAYORISTA DE COMBUSTIBLES LIQUIDOS,048,
112604-048-270326,20554545743,CORPORACION PRIMAX S.A.,LAMBAYEQUE,CHICLAYO,ETEN PUERTO,"CARRETERA PUERTO ETEN KM. 1.5, PLAYA DE LOBOS",2026-07-17 12:00:25,45,Diesel B5 S-50,17.18,Galones,112604,DISTRIBUIDOR MAYORISTA DE COMBUSTIBLES LIQUIDOS,048,
112621-048-200326,20554545743,CORPORACION PRIMAX S.A. ,LIMA,BARRANCA,SUPE PUERTO,"CALLE CALLAO N° 445 - 460, NUEVA VICTORIA",2026-07-17 12:00:25,126,GASOHOL REGULAR,13.22,Galones,112621,DISTRIBUIDOR MAYORISTA DE COMBUSTIBLES LIQUIDOS,048,
112621-048-200326,20554545743,CORPORACION PRIMAX S.A. ,LIMA,BARRANCA,SUPE PUERTO,"CALLE CALLAO N° 445 - 460, NUEVA VICTORIA",2026-07-17 12:00:25,127,GASOHOL PREMIUM,13.4,Galones,112621,DISTRIBUIDOR MAYORISTA DE COMBUSTIBLES LIQUIDOS,048,
112621-048-200326,20554545743,CORPORACION PRIMAX S.A. ,LIMA,BARRANCA,SUPE PUERTO,"CALLE CALLAO N° 445 - 460, NUEVA VICTORIA",2026-07-17 12:00:26,40,Diesel B5 S-50 UV,16,Galones,112621,DISTRIBUIDOR MAYORISTA DE COMBUSTIBLES LIQUIDOS,048,
112621-048-200326,20554545743,CORPORACION PRIMAX S.A. ,LIMA,BARRANCA,SUPE PUERTO,"CALLE CALLAO N° 445 - 460, NUEVA VICTORIA",2026-07-17 12:00:26,45,Diesel B5 S-50,17.33,Galones,112621,DISTRIBUIDOR MAYORISTA DE COMBUSTIBLES LIQUIDOS,048,
112622-048-070426,20554545743,CORPORACION PRIMAX S.A.,LA LIBERTAD,TRUJILLO,SALAVERRY,FELIPE SANTIAGO SALAVERRY N° 100,2026-07-17 12:00:26,124,GASOLINA REGULAR,13.84,Galones,112622,DISTRIBUIDOR MAYORISTA DE COMBUSTIBLES LIQUIDOS,048,
112622-048-070426,20554545743,CORPORACION PRIMAX S.A.,LA LIBERTAD,TRUJILLO,SALAVERRY,FELIPE SANTIAGO SALAVERRY N° 100,2026-07-17 12:00:27,125,GASOLINA PREMIUM,14.98,Galones,112622,DISTRIBUIDOR MAYORISTA DE COMBUSTIBLES LIQUIDOS,048,
112622-048-070426,20554545743,CORPORACION PRIMAX S.A.,LA LIBERTAD,TRUJILLO,SALAVERRY,FELIPE SANTIAGO SALAVERRY N° 100,2026-07-17 12:00:27,126,GASOHOL REGULAR,13.41,Galones,112622,DISTRIBUIDOR MAYORISTA DE COMBUSTIBLES LIQUIDOS,048,
112622-048-070426,20554545743,CORPORACION PRIMAX S.A.,LA LIBERTAD,TRUJILLO,SALAVERRY,FELIPE SANTIAGO SALAVERRY N° 100,2026-07-17 12:00:27,127,GASOHOL PREMIUM,14.59,Galones,112622,DISTRIBUIDOR MAYORISTA DE COMBUSTIBLES LIQUIDOS,048,
112622-048-070426,20554545743,CORPORACION PRIMAX S.A.,LA LIBERTAD,TRUJILLO,SALAVERRY,FELIPE SANTIAGO SALAVERRY N° 100,2026-07-17 12:00:27,40,Diesel B5 S-50 UV,16.06,Galones,112622,DISTRIBUIDOR MAYORISTA DE COMBUSTIBLES LIQUIDOS,048,
112622-048-070426,20554545743,CORPORACION PRIMAX S.A.,LA LIBERTAD,TRUJILLO,SALAVERRY,FELIPE SANTIAGO SALAVERRY N° 100,2026-07-17 12:00:28,45,Diesel B5 S-50,17.39,Galones,112622,DISTRIBUIDOR MAYORISTA DE COMBUSTIBLES LIQUIDOS,048,
112623-048-140825,20554545743,CORPORACION PRIMAX SA,CUSCO,CUSCO,SAN JERONIMO,OSCOLLOPAMPA S/N,2026-07-17 12:00:28,126,GASOHOL REGULAR,14.65,Galones,112623,DISTRIBUIDOR MAYORISTA DE COMBUSTIBLES LIQUIDOS,048,
112623-048-140825,20554545743,CORPORACION PRIMAX SA,CUSCO,CUSCO,SAN JERONIMO,OSCOLLOPAMPA S/N,2026-07-17 12:00:28,40,Diesel B5 S-50 UV,17.35,Galones,112623,DISTRIBUIDOR MAYORISTA DE COMBUSTIBLES LIQUIDOS,048,
112623-048-140825,20554545743,CORPORACION PRIMAX SA,CUSCO,CUSCO,SAN JERONIMO,OSCOLLOPAMPA S/N,2026-07-17 12:00:29,45,Diesel B5 S-50,18.68,Galones,112623,DISTRIBUIDOR MAYORISTA DE COMBUSTIBLES LIQUIDOS,048,
112772-048-140825,20554545743,CORPORACION PRIMAX S.A.,PUNO,SAN ROMAN,JULIACA,URBANIZACIÓN ZONA INDUSTRIAL TAPARACHI CARRETERA KM.2.5 ZONA 1 BLOQUE G,2026-07-17 12:00:29,126,GASOHOL REGULAR,14.47,Galones,112772,DISTRIBUIDOR MAYORISTA DE COMBUSTIBLES LIQUIDOS,048,
112772-048-140825,20554545743,CORPORACION PRIMAX S.A.,PUNO,SAN ROMAN,JULIACA,URBANIZACIÓN ZONA INDUSTRIAL TAPARACHI CARRETERA KM.2.5 ZONA 1 BLOQUE G,2026-07-17 12:00:29,40,Diesel B5 S-50 UV,17.4,Galones,112772,DISTRIBUIDOR MAYORISTA DE COMBUSTIBLES LIQUIDOS,048,
112772-048-140825,20554545743,CORPORACION PRIMAX S.A.,PUNO,SAN ROMAN,JULIACA,URBANIZACIÓN ZONA INDUSTRIAL TAPARACHI CARRETERA KM.2.5 ZONA 1 BLOQUE G,2026-07-17 12:00:30,45,Diesel B5 S-50,18.73,Galones,112772,DISTRIBUIDOR MAYORISTA DE COMBUSTIBLES LIQUIDOS,048,
113814-048-250822,20259829594,REFINERIA LA PAMPILLA S.A.A.,PROV. CONST. DEL CALLAO,PROV. CONST. DEL CALLAO,CALLAO,AV. NÉSTOR GAMBETA  N° 1265,2026-08-05 08:20:37,125,GASOLINA PREMIUM,19.77,Galones,113814,DISTRIBUIDOR MAYORISTA DE COMBUSTIBLES LIQUIDOS,048,
113814-048-250822,20259829594,REFINERIA LA PAMPILLA S.A.A.,PROV. CONST. DEL CALLAO,PROV. CONST. DEL CALLAO,CALLAO,AV. NÉSTOR GAMBETA  N° 1265,2026-08-05 08:20:38,124,GASOLINA REGULAR,19.14,Galones,113814,DISTRIBUIDOR MAYORISTA DE COMBUSTIBLES LIQUIDOS,048,
113814-048-250822,20259829594,REFINERIA LA PAMPILLA S.A.A.,PROV. CONST. DEL CALLAO,PROV. CONST. DEL CALLAO,CALLAO,AV. NÉSTOR GAMBETA  N° 1265,2026-08-05 08:20:39,127,GASOHOL PREMIUM,19.32,Galones,113814,DISTRIBUIDOR MAYORISTA DE COMBUSTIBLES LIQUIDOS,048,
113814-048-250822,20259829594,REFINERIA LA PAMPILLA S.A.A.,PROV. CONST. DEL CALLAO,PROV. CONST. DEL CALLAO,CALLAO,AV. NÉSTOR GAMBETA  N° 1265,2026-08-05 08:20:40,126,GASOHOL REGULAR,18.9,Galones,113814,DISTRIBUIDOR MAYORISTA DE COMBUSTIBLES LIQUIDOS,048,
113814-048-250822,20259829594,REFINERIA LA PAMPILLA S.A.A.,PROV. CONST. DEL CALLAO,PROV. CONST. DEL CALLAO,CALLAO,AV. NÉSTOR GAMBETA  N° 1265,2026-08-05 08:20:41,45,Diesel B5 S-50,25.56,Galones,113814,DISTRIBUIDOR MAYORISTA DE COMBUSTIBLES LIQUIDOS,048,
113814-048-250822,20259829594,REFINERIA LA PAMPILLA S.A.A.,PROV. CONST. DEL CALLAO,PROV. CONST. DEL CALLAO,CALLAO,AV. NÉSTOR GAMBETA  N° 1265,2026-08-05 08:20:42,40,Diesel B5 S-50 UV,25.56,Galones,113814,DISTRIBUIDOR MAYORISTA DE COMBUSTIBLES LIQUIDOS,048,
115287-048-150825,20554545743,CORPORACION PRIMAX S.A.,PROV. CONST. DEL CALLAO,PROV. CONST. DEL CALLAO,VENTANILLA,CARRETERA A VENTANILLA KM. 25,2026-07-17 12:00:30,12,PETRÓLEO INDUSTRIAL Nº 6,13.4,Galones,115287,DISTRIBUIDOR MAYORISTA DE COMBUSTIBLES LIQUIDOS,048,
115287-048-150825,20554545743,CORPORACION PRIMAX S.A.,PROV. CONST. DEL CALLAO,PROV. CONST. DEL CALLAO,VENTANILLA,CARRETERA A VENTANILLA KM. 25,2026-07-17 12:00:30,124,GASOLINA REGULAR,13.45,Galones,115287,DISTRIBUIDOR MAYORISTA DE COMBUSTIBLES LIQUIDOS,048,
115287-048-150825,20554545743,CORPORACION PRIMAX S.A.,PROV. CONST. DEL CALLAO,PROV. CONST. DEL CALLAO,VENTANILLA,CARRETERA A VENTANILLA KM. 25,2026-07-17 12:00:30,125,GASOLINA PREMIUM,13.79,Galones,115287,DISTRIBUIDOR MAYORISTA DE COMBUSTIBLES LIQUIDOS,048,
115287-048-150825,20554545743,CORPORACION PRIMAX S.A.,PROV. CONST. DEL CALLAO,PROV. CONST. DEL CALLAO,VENTANILLA,CARRETERA A VENTANILLA KM. 25,2026-07-17 12:00:31,126,GASOHOL REGULAR,13.34,Galones,115287,DISTRIBUIDOR MAYORISTA DE COMBUSTIBLES LIQUIDOS,048,
115287-048-150825,20554545743,CORPORACION PRIMAX S.A.,PROV. CONST. DEL CALLAO,PROV. CONST. DEL CALLAO,VENTANILLA,CARRETERA A VENTANILLA KM. 25,2026-07-17 12:00:31,127,GASOHOL PREMIUM,13.5,Galones,115287,DISTRIBUIDOR MAYORISTA DE COMBUSTIBLES LIQUIDOS,048,
115287-048-150825,20554545743,CORPORACION PRIMAX S.A.,PROV. CONST. DEL CALLAO,PROV. CONST. DEL CALLAO,VENTANILLA,CARRETERA A VENTANILLA KM. 25,2026-07-17 12:00:31,13,PETRÓLEO INDUSTRIAL Nº 500,13.19,Galones,115287,DISTRIBUIDOR MAYORISTA DE COMBUSTIBLES LIQUIDOS,048,
115287-048-150825,20554545743,CORPORACION PRIMAX S.A.,PROV. CONST. DEL CALLAO,PROV. CONST. DEL CALLAO,VENTANILLA,CARRETERA A VENTANILLA KM. 25,2026-07-17 12:00:32,40,Diesel B5 S-50 UV,15.81,Galones,115287,DISTRIBUIDOR MAYORISTA DE COMBUSTIBLES LIQUIDOS,048,
115287-048-150825,20554545743,CORPORACION PRIMAX S.A.,PROV. CONST. DEL CALLAO,PROV. CONST. DEL CALLAO,VENTANILLA,CARRETERA A VENTANILLA KM. 25,2026-07-17 12:00:32,45,Diesel B5 S-50,17.14,Galones,115287,DISTRIBUIDOR MAYORISTA DE COMBUSTIBLES LIQUIDOS,048,
125524-048-180724,20600427734,HIDROCARBUROS DEL MUNDO S.A.C.,LIMA,BARRANCA,SUPE PUERTO,CALLE CALLAO NRO. 445-460,2026-08-04 07:31:50,126,GASOHOL REGULAR,18.47,Galones,125524,DISTRIBUIDOR MAYORISTA DE COMBUSTIBLES LIQUIDOS,048,
125524-048-180724,20600427734,HIDROCARBUROS DEL MUNDO S.A.C.,LIMA,BARRANCA,SUPE PUERTO,CALLE CALLAO NRO. 445-460,2026-08-04 07:31:50,40,Diesel B5 S-50 UV,23.95,Galones,125524,DISTRIBUIDOR MAYORISTA DE COMBUSTIBLES LIQUIDOS,048,
125524-048-180724,20600427734,HIDROCARBUROS DEL MUNDO S.A.C.,LIMA,BARRANCA,SUPE PUERTO,CALLE CALLAO NRO. 445-460,2026-08-04 07:31:50,45,Diesel B5 S-50,25.52,Galones,125524,DISTRIBUIDOR MAYORISTA DE COMBUSTIBLES LIQUIDOS,048,
125526-048-180724,20600427734,HIDROCARBUROS DEL MUNDO S.A.C.,LA LIBERTAD,TRUJILLO,SALAVERRY,PACASMAYO N° 16,2026-07-21 16:34:42,126,GASOHOL REGULAR,16.8,Galones,125526,DISTRIBUIDOR MAYORISTA DE COMBUSTIBLES LIQUIDOS,048,
125526-048-180724,20600427734,HIDROCARBUROS DEL MUNDO S.A.C.,LA LIBERTAD,TRUJILLO,SALAVERRY,PACASMAYO N° 16,2026-07-21 16:34:42,127,GASOHOL PREMIUM,18.28,Galones,125526,DISTRIBUIDOR MAYORISTA DE COMBUSTIBLES LIQUIDOS,048,
125526-048-180724,20600427734,HIDROCARBUROS DEL MUNDO S.A.C.,LA LIBERTAD,TRUJILLO,SALAVERRY,PACASMAYO N° 16,2026-07-21 16:34:42,40,Diesel B5 S-50 UV,21.99,Galones,125526,DISTRIBUIDOR MAYORISTA DE COMBUSTIBLES LIQUIDOS,048,
125526-048-180724,20600427734,HIDROCARBUROS DEL MUNDO S.A.C.,LA LIBERTAD,TRUJILLO,SALAVERRY,PACASMAYO N° 16,2026-07-21 16:34:42,45,Diesel B5 S-50,23.56,Galones,125526,DISTRIBUIDOR MAYORISTA DE COMBUSTIBLES LIQUIDOS,048,
125527-048-230426,20600427734,HIDROCARBUROS DEL MUNDO S.A.C.-HIDROMUNDO S.A.C.,LAMBAYEQUE,CHICLAYO,ETEN PUERTO,"CARRETERA PUERTO ETEN KM. 1.5, PLAYA DE LOBOS",2026-08-04 07:54:28,126,GASOHOL REGULAR,13.52,Galones,125527,DISTRIBUIDOR MAYORISTA DE COMBUSTIBLES LIQUIDOS,048,
125527-048-230426,20600427734,HIDROCARBUROS DEL MUNDO S.A.C.-HIDROMUNDO S.A.C.,LAMBAYEQUE,CHICLAYO,ETEN PUERTO,"CARRETERA PUERTO ETEN KM. 1.5, PLAYA DE LOBOS",2026-08-04 07:54:28,40,Diesel B5 S-50 UV,18.59,Galones,125527,DISTRIBUIDOR MAYORISTA DE COMBUSTIBLES LIQUIDOS,048,
125527-048-230426,20600427734,HIDROCARBUROS DEL MUNDO S.A.C.-HIDROMUNDO S.A.C.,LAMBAYEQUE,CHICLAYO,ETEN PUERTO,"CARRETERA PUERTO ETEN KM. 1.5, PLAYA DE LOBOS",2026-08-04 07:54:28,45,Diesel B5 S-50,19.92,Galones,125527,DISTRIBUIDOR MAYORISTA DE COMBUSTIBLES LIQUIDOS,048,
125528-048-180724,20600427734,HIDROCARBUROS DEL MUNDO S.A.C.-HIDROMUNDO S.A.C.,PIURA,PIURA,VEINTISEIS DE OCTUBRE,CARRETERA PIURA  SULLANA KM. 4.38 ZONA INDUSTRIAL PIURA,2026-07-25 11:47:27,126,GASOHOL REGULAR,12.06,Galones,125528,DISTRIBUIDOR MAYORISTA DE COMBUSTIBLES LIQUIDOS,048,
125528-048-180724,20600427734,HIDROCARBUROS DEL MUNDO S.A.C.-HIDROMUNDO S.A.C.,PIURA,PIURA,VEINTISEIS DE OCTUBRE,CARRETERA PIURA  SULLANA KM. 4.38 ZONA INDUSTRIAL PIURA,2026-07-25 11:47:27,127,GASOHOL PREMIUM,12.51,Galones,125528,DISTRIBUIDOR MAYORISTA DE COMBUSTIBLES LIQUIDOS,048,
125528-048-180724,20600427734,HIDROCARBUROS DEL MUNDO S.A.C.-HIDROMUNDO S.A.C.,PIURA,PIURA,VEINTISEIS DE OCTUBRE,CARRETERA PIURA  SULLANA KM. 4.38 ZONA INDUSTRIAL PIURA,2026-07-25 11:47:27,40,Diesel B5 S-50 UV,17.5,Galones,125528,DISTRIBUIDOR MAYORISTA DE COMBUSTIBLES LIQUIDOS,048,
125528-048-180724,20600427734,HIDROCARBUROS DEL MUNDO S.A.C.-HIDROMUNDO S.A.C.,PIURA,PIURA,VEINTISEIS DE OCTUBRE,CARRETERA PIURA  SULLANA KM. 4.38 ZONA INDUSTRIAL PIURA,2026-07-25 11:47:27,45,Diesel B5 S-50,18.83,Galones,125528,DISTRIBUIDOR MAYORISTA DE COMBUSTIBLES LIQUIDOS,048,
125530-048-140525,20600427734,HIDROCARBUROS DEL MUNDO S.A.C. - HIDROMUNDO S.A.C.,LIMA,LIMA,LURIN,CARRETERA PANAMERICANA SUR KM. 26.5,2026-07-16 06:55:12,124,GASOLINA REGULAR,11.55,Galones,125530,DISTRIBUIDOR MAYORISTA DE COMBUSTIBLES LIQUIDOS,048,
125530-048-140525,20600427734,HIDROCARBUROS DEL MUNDO S.A.C. - HIDROMUNDO S.A.C.,LIMA,LIMA,LURIN,CARRETERA PANAMERICANA SUR KM. 26.5,2026-07-16 06:55:12,125,GASOLINA PREMIUM,11.93,Galones,125530,DISTRIBUIDOR MAYORISTA DE COMBUSTIBLES LIQUIDOS,048,
125530-048-140525,20600427734,HIDROCARBUROS DEL MUNDO S.A.C. - HIDROMUNDO S.A.C.,LIMA,LIMA,LURIN,CARRETERA PANAMERICANA SUR KM. 26.5,2026-07-16 06:55:12,126,GASOHOL REGULAR,11.5,Galones,125530,DISTRIBUIDOR MAYORISTA DE COMBUSTIBLES LIQUIDOS,048,
125530-048-140525,20600427734,HIDROCARBUROS DEL MUNDO S.A.C. - HIDROMUNDO S.A.C.,LIMA,LIMA,LURIN,CARRETERA PANAMERICANA SUR KM. 26.5,2026-07-16 06:55:12,127,GASOHOL PREMIUM,11.68,Galones,125530,DISTRIBUIDOR MAYORISTA DE COMBUSTIBLES LIQUIDOS,048,
125530-048-140525,20600427734,HIDROCARBUROS DEL MUNDO S.A.C. - HIDROMUNDO S.A.C.,LIMA,LIMA,LURIN,CARRETERA PANAMERICANA SUR KM. 26.5,2026-07-16 06:55:12,40,Diesel B5 S-50 UV,15.04,Galones,125530,DISTRIBUIDOR MAYORISTA DE COMBUSTIBLES LIQUIDOS,048,
125530-048-140525,20600427734,HIDROCARBUROS DEL MUNDO S.A.C. - HIDROMUNDO S.A.C.,LIMA,LIMA,LURIN,CARRETERA PANAMERICANA SUR KM. 26.5,2026-07-16 06:55:12,45,Diesel B5 S-50,16.37,Galones,125530,DISTRIBUIDOR MAYORISTA DE COMBUSTIBLES LIQUIDOS,048,
125533-048-240724,20600427734,HIDROCARBUROS DEL MUNDO S.A.C.,PUNO,SAN ROMAN,JULIACA,URBANIZACIÓN ZONA INDUSTRIAL TAPARACHI CARRETERA KM 2.5 ZONA 1 BLOQUE G ,2026-07-21 08:39:38,126,GASOHOL REGULAR,13.02,Galones,125533,DISTRIBUIDOR MAYORISTA DE COMBUSTIBLES LIQUIDOS,048,
125533-048-240724,20600427734,HIDROCARBUROS DEL MUNDO S.A.C.,PUNO,SAN ROMAN,JULIACA,URBANIZACIÓN ZONA INDUSTRIAL TAPARACHI CARRETERA KM 2.5 ZONA 1 BLOQUE G ,2026-07-21 08:39:38,40,Diesel B5 S-50 UV,17.91,Galones,125533,DISTRIBUIDOR MAYORISTA DE COMBUSTIBLES LIQUIDOS,048,
125533-048-240724,20600427734,HIDROCARBUROS DEL MUNDO S.A.C.,PUNO,SAN ROMAN,JULIACA,URBANIZACIÓN ZONA INDUSTRIAL TAPARACHI CARRETERA KM 2.5 ZONA 1 BLOQUE G ,2026-07-21 08:39:38,45,Diesel B5 S-50,19.24,Galones,125533,DISTRIBUIDOR MAYORISTA DE COMBUSTIBLES LIQUIDOS,048,
125535-048-180724,20600427734,HIDROCARBUROS DEL MUNDO S.A.C.-HIDROMUNDO S.A.C.,PROV. CONST. DEL CALLAO,PROV. CONST. DEL CALLAO,CALLAO,AV. NESTOR GAMBETA NRO. 1265,2026-07-16 06:51:35,126,GASOHOL REGULAR,11.5,Galones,125535,DISTRIBUIDOR MAYORISTA DE COMBUSTIBLES LIQUIDOS,048,
125535-048-180724,20600427734,HIDROCARBUROS DEL MUNDO S.A.C.-HIDROMUNDO S.A.C.,PROV. CONST. DEL CALLAO,PROV. CONST. DEL CALLAO,CALLAO,AV. NESTOR GAMBETA NRO. 1265,2026-07-16 06:51:35,127,GASOHOL PREMIUM,11.68,Galones,125535,DISTRIBUIDOR MAYORISTA DE COMBUSTIBLES LIQUIDOS,048,
125535-048-180724,20600427734,HIDROCARBUROS DEL MUNDO S.A.C.-HIDROMUNDO S.A.C.,PROV. CONST. DEL CALLAO,PROV. CONST. DEL CALLAO,CALLAO,AV. NESTOR GAMBETA NRO. 1265,2026-07-16 06:51:35,40,Diesel B5 S-50 UV,15.04,Galones,125535,DISTRIBUIDOR MAYORISTA DE COMBUSTIBLES LIQUIDOS,048,
125535-048-180724,20600427734,HIDROCARBUROS DEL MUNDO S.A.C.-HIDROMUNDO S.A.C.,PROV. CONST. DEL CALLAO,PROV. CONST. DEL CALLAO,CALLAO,AV. NESTOR GAMBETA NRO. 1265,2026-07-16 06:51:35,45,Diesel B5 S-50,16.37,Galones,125535,DISTRIBUIDOR MAYORISTA DE COMBUSTIBLES LIQUIDOS,048,
125538-048-180724,20600427734,HIDROCARBUROS DEL MUNDO S.A.C.-HIDROMUNDO S.A.C.,ANCASH,SANTA,CHIMBOTE,BREA Y PARIÑAS KM. 421,2026-06-02 06:55:41,126,GASOHOL REGULAR,11.31,Galones,125538,DISTRIBUIDOR MAYORISTA DE COMBUSTIBLES LIQUIDOS,048,
125538-048-180724,20600427734,HIDROCARBUROS DEL MUNDO S.A.C.-HIDROMUNDO S.A.C.,ANCASH,SANTA,CHIMBOTE,BREA Y PARIÑAS KM. 421,2026-06-02 06:55:41,39,DIESEL B5 UV,14.35,Galones,125538,DISTRIBUIDOR MAYORISTA DE COMBUSTIBLES LIQUIDOS,048,
125538-048-180724,20600427734,HIDROCARBUROS DEL MUNDO S.A.C.-HIDROMUNDO S.A.C.,ANCASH,SANTA,CHIMBOTE,BREA Y PARIÑAS KM. 421,2026-06-02 06:55:41,40,Diesel B5 S-50 UV,14.35,Galones,125538,DISTRIBUIDOR MAYORISTA DE COMBUSTIBLES LIQUIDOS,048,
125538-048-180724,20600427734,HIDROCARBUROS DEL MUNDO S.A.C.-HIDROMUNDO S.A.C.,ANCASH,SANTA,CHIMBOTE,BREA Y PARIÑAS KM. 421,2026-06-02 06:55:41,45,Diesel B5 S-50,15.22,Galones,125538,DISTRIBUIDOR MAYORISTA DE COMBUSTIBLES LIQUIDOS,048,
125539-048-180724,20600427734,HIDROCARBUROS DEL MUNDO S.A.C.-HIDROMUNDO S.A.C.,CUSCO,CUSCO,SAN JERONIMO,OSCOLLOPAMPA S/N,2026-07-29 08:33:11,126,GASOHOL REGULAR,14.25,Galones,125539,DISTRIBUIDOR MAYORISTA DE COMBUSTIBLES LIQUIDOS,048,
125539-048-180724,20600427734,HIDROCARBUROS DEL MUNDO S.A.C.-HIDROMUNDO S.A.C.,CUSCO,CUSCO,SAN JERONIMO,OSCOLLOPAMPA S/N,2026-07-29 08:33:11,40,Diesel B5 S-50 UV,19.09,Galones,125539,DISTRIBUIDOR MAYORISTA DE COMBUSTIBLES LIQUIDOS,048,
125539-048-180724,20600427734,HIDROCARBUROS DEL MUNDO S.A.C.-HIDROMUNDO S.A.C.,CUSCO,CUSCO,SAN JERONIMO,OSCOLLOPAMPA S/N,2026-07-29 08:33:11,45,Diesel B5 S-50,20.42,Galones,125539,DISTRIBUIDOR MAYORISTA DE COMBUSTIBLES LIQUIDOS,048,
125540-048-170724,20600427734,HIDROCARBUROS DEL MUNDO S.A.C.-HIDROMUNDO S.A.C.,MOQUEGUA,ILO,ILO,"AV. MARIANO LINO URQUIETA 1003, URB. SECTOR 2",2026-07-21 16:26:57,127,GASOHOL PREMIUM,18.19,Galones,125540,DISTRIBUIDOR MAYORISTA DE COMBUSTIBLES LIQUIDOS,048,
125540-048-170724,20600427734,HIDROCARBUROS DEL MUNDO S.A.C.-HIDROMUNDO S.A.C.,MOQUEGUA,ILO,ILO,"AV. MARIANO LINO URQUIETA 1003, URB. SECTOR 2",2026-07-21 16:26:57,40,Diesel B5 S-50 UV,22.61,Galones,125540,DISTRIBUIDOR MAYORISTA DE COMBUSTIBLES LIQUIDOS,048,
125540-048-170724,20600427734,HIDROCARBUROS DEL MUNDO S.A.C.-HIDROMUNDO S.A.C.,MOQUEGUA,ILO,ILO,"AV. MARIANO LINO URQUIETA 1003, URB. SECTOR 2",2026-07-21 16:26:57,45,Diesel B5 S-50,24.18,Galones,125540,DISTRIBUIDOR MAYORISTA DE COMBUSTIBLES LIQUIDOS,048,
125541-048-180724,20600427734,HIDROCARBUROS DEL MUNDO S.A.C.,AREQUIPA,ISLAY,MOLLENDO,"CALLE APURÍMAC S/N, ZONA INDUSTRIAL INCLÁN",2026-08-04 06:32:32,124,GASOLINA REGULAR,20.24,Galones,125541,DISTRIBUIDOR MAYORISTA DE COMBUSTIBLES LIQUIDOS,048,
125541-048-180724,20600427734,HIDROCARBUROS DEL MUNDO S.A.C.,AREQUIPA,ISLAY,MOLLENDO,"CALLE APURÍMAC S/N, ZONA INDUSTRIAL INCLÁN",2026-08-04 06:32:32,125,GASOLINA PREMIUM,20.42,Galones,125541,DISTRIBUIDOR MAYORISTA DE COMBUSTIBLES LIQUIDOS,048,
125541-048-180724,20600427734,HIDROCARBUROS DEL MUNDO S.A.C.,AREQUIPA,ISLAY,MOLLENDO,"CALLE APURÍMAC S/N, ZONA INDUSTRIAL INCLÁN",2026-08-04 06:32:32,126,GASOHOL REGULAR,19.4,Galones,125541,DISTRIBUIDOR MAYORISTA DE COMBUSTIBLES LIQUIDOS,048,
125541-048-180724,20600427734,HIDROCARBUROS DEL MUNDO S.A.C.,AREQUIPA,ISLAY,MOLLENDO,"CALLE APURÍMAC S/N, ZONA INDUSTRIAL INCLÁN",2026-08-04 06:32:32,127,GASOHOL PREMIUM,19.94,Galones,125541,DISTRIBUIDOR MAYORISTA DE COMBUSTIBLES LIQUIDOS,048,
125541-048-180724,20600427734,HIDROCARBUROS DEL MUNDO S.A.C.,AREQUIPA,ISLAY,MOLLENDO,"CALLE APURÍMAC S/N, ZONA INDUSTRIAL INCLÁN",2026-08-04 06:32:32,40,Diesel B5 S-50 UV,24.39,Galones,125541,DISTRIBUIDOR MAYORISTA DE COMBUSTIBLES LIQUIDOS,048,
125541-048-180724,20600427734,HIDROCARBUROS DEL MUNDO S.A.C.,AREQUIPA,ISLAY,MOLLENDO,"CALLE APURÍMAC S/N, ZONA INDUSTRIAL INCLÁN",2026-08-04 06:32:32,45,Diesel B5 S-50,25.96,Galones,125541,DISTRIBUIDOR MAYORISTA DE COMBUSTIBLES LIQUIDOS,048,
136367-048-300422,20603111304,"MOBIL PETROLEUM OVERSEAS COMPANY LIMITED, SUCURSAL DEL PERU",PROV. CONST. DEL CALLAO,PROV. CONST. DEL CALLAO,CALLAO,AV. NESTOR GAMBETA N° 1265,2026-08-06 17:54:36,126,GASOHOL REGULAR,15.03,Galones,136367,DISTRIBUIDOR MAYORISTA DE COMBUSTIBLES LIQUIDOS,048,
136367-048-300422,20603111304,"MOBIL PETROLEUM OVERSEAS COMPANY LIMITED, SUCURSAL DEL PERU",PROV. CONST. DEL CALLAO,PROV. CONST. DEL CALLAO,CALLAO,AV. NESTOR GAMBETA N° 1265,2026-08-06 17:54:36,127,GASOHOL PREMIUM,16.09,Galones,136367,DISTRIBUIDOR MAYORISTA DE COMBUSTIBLES LIQUIDOS,048,
136367-048-300422,20603111304,"MOBIL PETROLEUM OVERSEAS COMPANY LIMITED, SUCURSAL DEL PERU",PROV. CONST. DEL CALLAO,PROV. CONST. DEL CALLAO,CALLAO,AV. NESTOR GAMBETA N° 1265,2026-08-06 17:54:36,40,Diesel B5 S-50 UV,19.09,Galones,136367,DISTRIBUIDOR MAYORISTA DE COMBUSTIBLES LIQUIDOS,048,
136367-048-300422,20603111304,"MOBIL PETROLEUM OVERSEAS COMPANY LIMITED, SUCURSAL DEL PERU",PROV. CONST. DEL CALLAO,PROV. CONST. DEL CALLAO,CALLAO,AV. NESTOR GAMBETA N° 1265,2026-08-06 17:54:36,45,Diesel B5 S-50,19.09,Galones,136367,DISTRIBUIDOR MAYORISTA DE COMBUSTIBLES LIQUIDOS,048,
138604-048-260918,20603111304," MOBIL PETROLEUM OVERSEAS COMPANY LIMITED, SUCURSAL DEL PERU ",ANCASH,SANTA,CHIMBOTE,AV BREA Y PARIÑAS KM 421,2026-08-06 17:58:39,40,Diesel B5 S-50 UV,19.23,Galones,138604,DISTRIBUIDOR MAYORISTA DE COMBUSTIBLES LIQUIDOS,048,
138604-048-260918,20603111304," MOBIL PETROLEUM OVERSEAS COMPANY LIMITED, SUCURSAL DEL PERU ",ANCASH,SANTA,CHIMBOTE,AV BREA Y PARIÑAS KM 421,2026-08-06 17:58:39,45,Diesel B5 S-50,19.23,Galones,138604,DISTRIBUIDOR MAYORISTA DE COMBUSTIBLES LIQUIDOS,048,
138605-048-130120,20603111304,"MOBIL PETROLEUM OVERSEAS COMPANY LIMITED, SUCURSAL DEL PERU ",ICA,PISCO,SAN ANDRES,CARRETERA A PARACAS KM 11.5 ,2026-08-06 17:56:59,40,Diesel B5 S-50 UV,19.23,Galones,138605,DISTRIBUIDOR MAYORISTA DE COMBUSTIBLES LIQUIDOS,048,
138605-048-130120,20603111304,"MOBIL PETROLEUM OVERSEAS COMPANY LIMITED, SUCURSAL DEL PERU ",ICA,PISCO,SAN ANDRES,CARRETERA A PARACAS KM 11.5 ,2026-08-06 17:56:59,45,Diesel B5 S-50,19.23,Galones,138605,DISTRIBUIDOR MAYORISTA DE COMBUSTIBLES LIQUIDOS,048,
138924-048-170426,20565643496,GLOBAL FUEL SOCIEDAD ANONIMA,PROV. CONST. DEL CALLAO,PROV. CONST. DEL CALLAO,CALLAO,AV. NESTOR GAMBETA N° 1265,2026-08-04 00:05:00,126,GASOHOL REGULAR,18.52,Galones,138924,DISTRIBUIDOR MAYORISTA DE COMBUSTIBLES LIQUIDOS,048,
138924-048-170426,20565643496,GLOBAL FUEL SOCIEDAD ANONIMA,PROV. CONST. DEL CALLAO,PROV. CONST. DEL CALLAO,CALLAO,AV. NESTOR GAMBETA N° 1265,2026-08-04 00:05:00,127,GASOHOL PREMIUM,18.93,Galones,138924,DISTRIBUIDOR MAYORISTA DE COMBUSTIBLES LIQUIDOS,048,
138924-048-170426,20565643496,GLOBAL FUEL SOCIEDAD ANONIMA,PROV. CONST. DEL CALLAO,PROV. CONST. DEL CALLAO,CALLAO,AV. NESTOR GAMBETA N° 1265,2026-08-04 00:05:00,40,Diesel B5 S-50 UV,23.63,Galones,138924,DISTRIBUIDOR MAYORISTA DE COMBUSTIBLES LIQUIDOS,048,
138924-048-170426,20565643496,GLOBAL FUEL SOCIEDAD ANONIMA,PROV. CONST. DEL CALLAO,PROV. CONST. DEL CALLAO,CALLAO,AV. NESTOR GAMBETA N° 1265,2026-08-04 00:05:00,45,Diesel B5 S-50,25.2,Galones,138924,DISTRIBUIDOR MAYORISTA DE COMBUSTIBLES LIQUIDOS,048,
140288-048-210426,20565643496,GLOBAL FUEL S.A.,ANCASH,SANTA,CHIMBOTE,"CALLE N° 3, N° 110, ZONA INDUSTRIAL GRAN TRAPECIO",2026-08-04 09:42:33,126,GASOHOL REGULAR,18.7,Galones,140288,DISTRIBUIDOR MAYORISTA DE COMBUSTIBLES LIQUIDOS,048,
140288-048-210426,20565643496,GLOBAL FUEL S.A.,ANCASH,SANTA,CHIMBOTE,"CALLE N° 3, N° 110, ZONA INDUSTRIAL GRAN TRAPECIO",2026-08-04 09:42:33,335,PETRÓLEO INDUSTRIAL Nº 500 GE,17.08,Galones,140288,DISTRIBUIDOR MAYORISTA DE COMBUSTIBLES LIQUIDOS,048,
140288-048-210426,20565643496,GLOBAL FUEL S.A.,ANCASH,SANTA,CHIMBOTE,"CALLE N° 3, N° 110, ZONA INDUSTRIAL GRAN TRAPECIO",2026-08-04 09:42:33,336,PETRÓLEO INDUSTRIAL Nº 6 GE,17.42,Galones,140288,DISTRIBUIDOR MAYORISTA DE COMBUSTIBLES LIQUIDOS,048,
140288-048-210426,20565643496,GLOBAL FUEL S.A.,ANCASH,SANTA,CHIMBOTE,"CALLE N° 3, N° 110, ZONA INDUSTRIAL GRAN TRAPECIO",2026-08-04 09:42:33,40,Diesel B5 S-50 UV,23.53,Galones,140288,DISTRIBUIDOR MAYORISTA DE COMBUSTIBLES LIQUIDOS,048,
140288-048-210426,20565643496,GLOBAL FUEL S.A.,ANCASH,SANTA,CHIMBOTE,"CALLE N° 3, N° 110, ZONA INDUSTRIAL GRAN TRAPECIO",2026-08-04 09:42:33,45,Diesel B5 S-50,25.1,Galones,140288,DISTRIBUIDOR MAYORISTA DE COMBUSTIBLES LIQUIDOS,048,
140291-048-220426,20565643496,GLOBAL FUEL S.A.,ICA,PISCO,SAN ANDRES,"CALLE GENARO MEDRANO S/N, CARRETERA PISCO PARACAS KM. 11.5",2026-07-14 10:07:54,126,GASOHOL REGULAR,15.83,Galones,140291,DISTRIBUIDOR MAYORISTA DE COMBUSTIBLES LIQUIDOS,048,
140291-048-220426,20565643496,GLOBAL FUEL S.A.,ICA,PISCO,SAN ANDRES,"CALLE GENARO MEDRANO S/N, CARRETERA PISCO PARACAS KM. 11.5",2026-07-14 10:07:54,127,GASOHOL PREMIUM,16.05,Galones,140291,DISTRIBUIDOR MAYORISTA DE COMBUSTIBLES LIQUIDOS,048,
140291-048-220426,20565643496,GLOBAL FUEL S.A.,ICA,PISCO,SAN ANDRES,"CALLE GENARO MEDRANO S/N, CARRETERA PISCO PARACAS KM. 11.5",2026-07-14 10:07:54,40,Diesel B5 S-50 UV,18.43,Galones,140291,DISTRIBUIDOR MAYORISTA DE COMBUSTIBLES LIQUIDOS,048,
140291-048-220426,20565643496,GLOBAL FUEL S.A.,ICA,PISCO,SAN ANDRES,"CALLE GENARO MEDRANO S/N, CARRETERA PISCO PARACAS KM. 11.5",2026-07-14 10:07:54,45,Diesel B5 S-50,20,Galones,140291,DISTRIBUIDOR MAYORISTA DE COMBUSTIBLES LIQUIDOS,048,
145829-048-270426,20304177552,PLUSPETROL PERU CORPORATION S.A.,PROV. CONST. DEL CALLAO,PROV. CONST. DEL CALLAO,CALLAO,AV. NESTOR GAMBETTA N° 1265,2026-05-12 17:33:50,126,GASOHOL REGULAR,10.64,Galones,145829,DISTRIBUIDOR MAYORISTA DE COMBUSTIBLES LIQUIDOS,048,
145829-048-270426,20304177552,PLUSPETROL PERU CORPORATION S.A.,PROV. CONST. DEL CALLAO,PROV. CONST. DEL CALLAO,CALLAO,AV. NESTOR GAMBETTA N° 1265,2026-05-12 17:33:50,127,GASOHOL PREMIUM,11.95,Galones,145829,DISTRIBUIDOR MAYORISTA DE COMBUSTIBLES LIQUIDOS,048,
145829-048-270426,20304177552,PLUSPETROL PERU CORPORATION S.A.,PROV. CONST. DEL CALLAO,PROV. CONST. DEL CALLAO,CALLAO,AV. NESTOR GAMBETTA N° 1265,2026-08-04 17:17:37,40,Diesel B5 S-50 UV,20.81,Galones,145829,DISTRIBUIDOR MAYORISTA DE COMBUSTIBLES LIQUIDOS,048,
145829-048-270426,20304177552,PLUSPETROL PERU CORPORATION S.A.,PROV. CONST. DEL CALLAO,PROV. CONST. DEL CALLAO,CALLAO,AV. NESTOR GAMBETTA N° 1265,2026-08-04 17:17:37,45,Diesel B5 S-50,20.92,Galones,145829,DISTRIBUIDOR MAYORISTA DE COMBUSTIBLES LIQUIDOS,048,
146268-048-170523,20600427734,HIDROCARBUROS DEL MUNDO S.A.C.-HIDROMUNDO S.A.C.,PROV. CONST. DEL CALLAO,PROV. CONST. DEL CALLAO,VENTANILLA,CARRETERA VENTANILLA KM 25,2026-07-25 06:48:10,124,GASOLINA REGULAR,17.27,Galones,146268,DISTRIBUIDOR MAYORISTA DE COMBUSTIBLES LIQUIDOS,048,
146268-048-170523,20600427734,HIDROCARBUROS DEL MUNDO S.A.C.-HIDROMUNDO S.A.C.,PROV. CONST. DEL CALLAO,PROV. CONST. DEL CALLAO,VENTANILLA,CARRETERA VENTANILLA KM 25,2026-07-25 06:48:10,125,GASOLINA PREMIUM,17.76,Galones,146268,DISTRIBUIDOR MAYORISTA DE COMBUSTIBLES LIQUIDOS,048,
146268-048-170523,20600427734,HIDROCARBUROS DEL MUNDO S.A.C.-HIDROMUNDO S.A.C.,PROV. CONST. DEL CALLAO,PROV. CONST. DEL CALLAO,VENTANILLA,CARRETERA VENTANILLA KM 25,2026-07-25 06:48:10,126,GASOHOL REGULAR,17.1,Galones,146268,DISTRIBUIDOR MAYORISTA DE COMBUSTIBLES LIQUIDOS,048,
146268-048-170523,20600427734,HIDROCARBUROS DEL MUNDO S.A.C.-HIDROMUNDO S.A.C.,PROV. CONST. DEL CALLAO,PROV. CONST. DEL CALLAO,VENTANILLA,CARRETERA VENTANILLA KM 25,2026-07-25 06:48:10,127,GASOHOL PREMIUM,17.38,Galones,146268,DISTRIBUIDOR MAYORISTA DE COMBUSTIBLES LIQUIDOS,048,
146268-048-170523,20600427734,HIDROCARBUROS DEL MUNDO S.A.C.-HIDROMUNDO S.A.C.,PROV. CONST. DEL CALLAO,PROV. CONST. DEL CALLAO,VENTANILLA,CARRETERA VENTANILLA KM 25,2026-07-25 06:48:10,40,Diesel B5 S-50 UV,21.7,Galones,146268,DISTRIBUIDOR MAYORISTA DE COMBUSTIBLES LIQUIDOS,048,
146268-048-170523,20600427734,HIDROCARBUROS DEL MUNDO S.A.C.-HIDROMUNDO S.A.C.,PROV. CONST. DEL CALLAO,PROV. CONST. DEL CALLAO,VENTANILLA,CARRETERA VENTANILLA KM 25,2026-07-25 06:48:10,45,Diesel B5 S-50,23.27,Galones,146268,DISTRIBUIDOR MAYORISTA DE COMBUSTIBLES LIQUIDOS,048,
147725-048-071124,20600427734,HIDROCARBUROS DEL MUNDO S.A.C.-HIDROMUNDO S.A.C.,PROV. CONST. DEL CALLAO,PROV. CONST. DEL CALLAO,CALLAO,"AV. NESTOR GAMBETTA KM. 11.5, LOTE B-2",2026-07-16 06:53:21,124,GASOLINA REGULAR,11.56,Galones,147725,DISTRIBUIDOR MAYORISTA DE COMBUSTIBLES LIQUIDOS,048,
147725-048-071124,20600427734,HIDROCARBUROS DEL MUNDO S.A.C.-HIDROMUNDO S.A.C.,PROV. CONST. DEL CALLAO,PROV. CONST. DEL CALLAO,CALLAO,"AV. NESTOR GAMBETTA KM. 11.5, LOTE B-2",2026-07-16 06:53:21,125,GASOLINA PREMIUM,11.91,Galones,147725,DISTRIBUIDOR MAYORISTA DE COMBUSTIBLES LIQUIDOS,048,
147725-048-071124,20600427734,HIDROCARBUROS DEL MUNDO S.A.C.-HIDROMUNDO S.A.C.,PROV. CONST. DEL CALLAO,PROV. CONST. DEL CALLAO,CALLAO,"AV. NESTOR GAMBETTA KM. 11.5, LOTE B-2",2026-07-16 06:53:21,126,GASOHOL REGULAR,11.5,Galones,147725,DISTRIBUIDOR MAYORISTA DE COMBUSTIBLES LIQUIDOS,048,
147725-048-071124,20600427734,HIDROCARBUROS DEL MUNDO S.A.C.-HIDROMUNDO S.A.C.,PROV. CONST. DEL CALLAO,PROV. CONST. DEL CALLAO,CALLAO,"AV. NESTOR GAMBETTA KM. 11.5, LOTE B-2",2026-07-16 06:53:21,127,GASOHOL PREMIUM,11.68,Galones,147725,DISTRIBUIDOR MAYORISTA DE COMBUSTIBLES LIQUIDOS,048,
147725-048-071124,20600427734,HIDROCARBUROS DEL MUNDO S.A.C.-HIDROMUNDO S.A.C.,PROV. CONST. DEL CALLAO,PROV. CONST. DEL CALLAO,CALLAO,"AV. NESTOR GAMBETTA KM. 11.5, LOTE B-2",2026-07-16 06:53:21,40,Diesel B5 S-50 UV,15.04,Galones,147725,DISTRIBUIDOR MAYORISTA DE COMBUSTIBLES LIQUIDOS,048,
147725-048-071124,20600427734,HIDROCARBUROS DEL MUNDO S.A.C.-HIDROMUNDO S.A.C.,PROV. CONST. DEL CALLAO,PROV. CONST. DEL CALLAO,CALLAO,"AV. NESTOR GAMBETTA KM. 11.5, LOTE B-2",2026-07-16 06:53:21,45,Diesel B5 S-50,16.37,Galones,147725,DISTRIBUIDOR MAYORISTA DE COMBUSTIBLES LIQUIDOS,048,
148002-048-061219,20304177552,PLUSPETROL PERU CORPORATION S.A.,ICA,PISCO,PARACAS,CARRETERA PISCO PARACAS KM. 14.5 PLAYA LOBERIAS,2026-08-04 17:17:30,40,Diesel B5 S-50 UV,20.81,Galones,148002,DISTRIBUIDOR MAYORISTA DE COMBUSTIBLES LIQUIDOS,048,
148002-048-061219,20304177552,PLUSPETROL PERU CORPORATION S.A.,ICA,PISCO,PARACAS,CARRETERA PISCO PARACAS KM. 14.5 PLAYA LOBERIAS,2026-08-04 17:17:30,45,Diesel B5 S-50,21.13,Galones,148002,DISTRIBUIDOR MAYORISTA DE COMBUSTIBLES LIQUIDOS,048,
148169-048-300626,20554545743,CORPORACION PRIMAX S.A.,PROV. CONST. DEL CALLAO,PROV. CONST. DEL CALLAO,CALLAO,"AV. NESTOR GAMBETTA KM. 11.5, LOTE B-2",2026-07-17 12:00:32,124,GASOLINA REGULAR,13.45,Galones,148169,DISTRIBUIDOR MAYORISTA DE COMBUSTIBLES LIQUIDOS,048,
148169-048-300626,20554545743,CORPORACION PRIMAX S.A.,PROV. CONST. DEL CALLAO,PROV. CONST. DEL CALLAO,CALLAO,"AV. NESTOR GAMBETTA KM. 11.5, LOTE B-2",2026-07-17 12:00:33,125,GASOLINA PREMIUM,13.79,Galones,148169,DISTRIBUIDOR MAYORISTA DE COMBUSTIBLES LIQUIDOS,048,
148169-048-300626,20554545743,CORPORACION PRIMAX S.A.,PROV. CONST. DEL CALLAO,PROV. CONST. DEL CALLAO,CALLAO,"AV. NESTOR GAMBETTA KM. 11.5, LOTE B-2",2026-07-17 12:00:33,126,GASOHOL REGULAR,13.34,Galones,148169,DISTRIBUIDOR MAYORISTA DE COMBUSTIBLES LIQUIDOS,048,
148169-048-300626,20554545743,CORPORACION PRIMAX S.A.,PROV. CONST. DEL CALLAO,PROV. CONST. DEL CALLAO,CALLAO,"AV. NESTOR GAMBETTA KM. 11.5, LOTE B-2",2026-07-17 12:00:33,127,GASOHOL PREMIUM,13.5,Galones,148169,DISTRIBUIDOR MAYORISTA DE COMBUSTIBLES LIQUIDOS,048,
148169-048-300626,20554545743,CORPORACION PRIMAX S.A.,PROV. CONST. DEL CALLAO,PROV. CONST. DEL CALLAO,CALLAO,"AV. NESTOR GAMBETTA KM. 11.5, LOTE B-2",2026-07-17 12:00:34,40,Diesel B5 S-50 UV,15.81,Galones,148169,DISTRIBUIDOR MAYORISTA DE COMBUSTIBLES LIQUIDOS,048,
148169-048-300626,20554545743,CORPORACION PRIMAX S.A.,PROV. CONST. DEL CALLAO,PROV. CONST. DEL CALLAO,CALLAO,"AV. NESTOR GAMBETTA KM. 11.5, LOTE B-2",2026-07-17 12:00:34,45,Diesel B5 S-50,17.14,Galones,148169,DISTRIBUIDOR MAYORISTA DE COMBUSTIBLES LIQUIDOS,048,
150064-048-270720,20600427734,HIDROCARBUROS DEL MUNDO S.A.C.-HIDROMUNDO S.A.C.,ICA,PISCO,PARACAS,CARRETERA PISCO PARACAS KM 14.5 PLAYA LOBERIAS,2026-08-04 07:34:37,40,Diesel B5 S-50 UV,23.6,Galones,150064,DISTRIBUIDOR MAYORISTA DE COMBUSTIBLES LIQUIDOS,048,
150064-048-270720,20600427734,HIDROCARBUROS DEL MUNDO S.A.C.-HIDROMUNDO S.A.C.,ICA,PISCO,PARACAS,CARRETERA PISCO PARACAS KM 14.5 PLAYA LOBERIAS,2026-08-04 07:34:37,45,Diesel B5 S-50,25.17,Galones,150064,DISTRIBUIDOR MAYORISTA DE COMBUSTIBLES LIQUIDOS,048,
152033-048-170426,20565643496,GLOBAL FUEL S.A.,PROV. CONST. DEL CALLAO,PROV. CONST. DEL CALLAO,CALLAO,"AV. NESTOR GAMBETTA KM. 11.5, LOTE B-2",2026-08-04 00:08:09,126,GASOHOL REGULAR,18.52,Galones,152033,DISTRIBUIDOR MAYORISTA DE COMBUSTIBLES LIQUIDOS,048,
152033-048-170426,20565643496,GLOBAL FUEL S.A.,PROV. CONST. DEL CALLAO,PROV. CONST. DEL CALLAO,CALLAO,"AV. NESTOR GAMBETTA KM. 11.5, LOTE B-2",2026-08-04 00:08:09,127,GASOHOL PREMIUM,18.93,Galones,152033,DISTRIBUIDOR MAYORISTA DE COMBUSTIBLES LIQUIDOS,048,
152033-048-170426,20565643496,GLOBAL FUEL S.A.,PROV. CONST. DEL CALLAO,PROV. CONST. DEL CALLAO,CALLAO,"AV. NESTOR GAMBETTA KM. 11.5, LOTE B-2",2026-08-04 00:08:09,40,Diesel B5 S-50 UV,23.63,Galones,152033,DISTRIBUIDOR MAYORISTA DE COMBUSTIBLES LIQUIDOS,048,
152033-048-170426,20565643496,GLOBAL FUEL S.A.,PROV. CONST. DEL CALLAO,PROV. CONST. DEL CALLAO,CALLAO,"AV. NESTOR GAMBETTA KM. 11.5, LOTE B-2",2026-08-04 00:08:09,45,Diesel B5 S-50,25.2,Galones,152033,DISTRIBUIDOR MAYORISTA DE COMBUSTIBLES LIQUIDOS,048,
152626-048-130226,20259829594,REFINERIA LA PAMPILLA S.A.A.,MOQUEGUA,ILO,ILO,"AV. MARIANO LINO URQUIETA 1003, URB SECTOR 2",2026-08-05 08:22:05,127,GASOHOL PREMIUM,20.12,Galones,152626,DISTRIBUIDOR MAYORISTA DE COMBUSTIBLES LIQUIDOS,048,
152626-048-130226,20259829594,REFINERIA LA PAMPILLA S.A.A.,MOQUEGUA,ILO,ILO,"AV. MARIANO LINO URQUIETA 1003, URB SECTOR 2",2026-08-05 08:22:29,125,GASOLINA PREMIUM,20.78,Galones,152626,DISTRIBUIDOR MAYORISTA DE COMBUSTIBLES LIQUIDOS,048,
152626-048-130226,20259829594,REFINERIA LA PAMPILLA S.A.A.,MOQUEGUA,ILO,ILO,"AV. MARIANO LINO URQUIETA 1003, URB SECTOR 2",2026-08-05 08:22:30,45,Diesel B5 S-50,26.11,Galones,152626,DISTRIBUIDOR MAYORISTA DE COMBUSTIBLES LIQUIDOS,048,
152626-048-130226,20259829594,REFINERIA LA PAMPILLA S.A.A.,MOQUEGUA,ILO,ILO,"AV. MARIANO LINO URQUIETA 1003, URB SECTOR 2",2026-08-05 08:22:31,40,Diesel B5 S-50 UV,26.11,Galones,152626,DISTRIBUIDOR MAYORISTA DE COMBUSTIBLES LIQUIDOS,048,
156111-048-240426,20565643496,GLOBAL FUEL SOCIEDAD ANONIMA,CUSCO,CUSCO,SAN JERONIMO,OSCOLLOPAMPA,2026-08-04 09:02:01,126,GASOHOL REGULAR,20.33,Galones,156111,DISTRIBUIDOR MAYORISTA DE COMBUSTIBLES LIQUIDOS,048,
156111-048-240426,20565643496,GLOBAL FUEL SOCIEDAD ANONIMA,CUSCO,CUSCO,SAN JERONIMO,OSCOLLOPAMPA,2026-08-04 09:02:01,40,Diesel B5 S-50 UV,24.86,Galones,156111,DISTRIBUIDOR MAYORISTA DE COMBUSTIBLES LIQUIDOS,048,
156111-048-240426,20565643496,GLOBAL FUEL SOCIEDAD ANONIMA,CUSCO,CUSCO,SAN JERONIMO,OSCOLLOPAMPA,2026-08-04 09:02:01,45,Diesel B5 S-50,26.43,Galones,156111,DISTRIBUIDOR MAYORISTA DE COMBUSTIBLES LIQUIDOS,048,
156125-048-180426,20565643496,GLOBAL FUEL S.A.,AREQUIPA,ISLAY,MOLLENDO,"CALLE APURÍMAC S/N, ZONA INDUSTRIAL INCLÁN",2026-08-04 07:20:17,126,GASOHOL REGULAR,19.31,Galones,156125,DISTRIBUIDOR MAYORISTA DE COMBUSTIBLES LIQUIDOS,048,
156125-048-180426,20565643496,GLOBAL FUEL S.A.,AREQUIPA,ISLAY,MOLLENDO,"CALLE APURÍMAC S/N, ZONA INDUSTRIAL INCLÁN",2026-08-04 07:20:17,127,GASOHOL PREMIUM,19.85,Galones,156125,DISTRIBUIDOR MAYORISTA DE COMBUSTIBLES LIQUIDOS,048,
156125-048-180426,20565643496,GLOBAL FUEL S.A.,AREQUIPA,ISLAY,MOLLENDO,"CALLE APURÍMAC S/N, ZONA INDUSTRIAL INCLÁN",2026-08-04 07:20:17,40,Diesel B5 S-50 UV,24.29,Galones,156125,DISTRIBUIDOR MAYORISTA DE COMBUSTIBLES LIQUIDOS,048,
156125-048-180426,20565643496,GLOBAL FUEL S.A.,AREQUIPA,ISLAY,MOLLENDO,"CALLE APURÍMAC S/N, ZONA INDUSTRIAL INCLÁN",2026-08-04 07:20:17,45,Diesel B5 S-50,25.86,Galones,156125,DISTRIBUIDOR MAYORISTA DE COMBUSTIBLES LIQUIDOS,048,
156132-048-290426,20565643496,GLOBAL FUEL S.A.,MOQUEGUA,ILO,ILO,"AV. MARIANO LINO URQUIETA 1003, URB. SECTOR 2    ",2026-08-04 09:00:00,127,GASOHOL PREMIUM,20.12,Galones,156132,DISTRIBUIDOR MAYORISTA DE COMBUSTIBLES LIQUIDOS,048,
156132-048-290426,20565643496,GLOBAL FUEL S.A.,MOQUEGUA,ILO,ILO,"AV. MARIANO LINO URQUIETA 1003, URB. SECTOR 2    ",2026-08-04 09:00:00,40,Diesel B5 S-50 UV,24.54,Galones,156132,DISTRIBUIDOR MAYORISTA DE COMBUSTIBLES LIQUIDOS,048,
156132-048-290426,20565643496,GLOBAL FUEL S.A.,MOQUEGUA,ILO,ILO,"AV. MARIANO LINO URQUIETA 1003, URB. SECTOR 2    ",2026-08-04 09:00:00,45,Diesel B5 S-50,26.11,Galones,156132,DISTRIBUIDOR MAYORISTA DE COMBUSTIBLES LIQUIDOS,048,
156140-048-220426,20565643496,GLOBAL FUEL S.A.,LA LIBERTAD,TRUJILLO,SALAVERRY,FELIPE SANTIAGO SALAVERRY N° 100,2026-08-04 07:41:59,126,GASOHOL REGULAR,18.87,Galones,156140,DISTRIBUIDOR MAYORISTA DE COMBUSTIBLES LIQUIDOS,048,
156140-048-220426,20565643496,GLOBAL FUEL S.A.,LA LIBERTAD,TRUJILLO,SALAVERRY,FELIPE SANTIAGO SALAVERRY N° 100,2026-08-04 07:41:59,127,GASOHOL PREMIUM,20.22,Galones,156140,DISTRIBUIDOR MAYORISTA DE COMBUSTIBLES LIQUIDOS,048,
156140-048-220426,20565643496,GLOBAL FUEL S.A.,LA LIBERTAD,TRUJILLO,SALAVERRY,FELIPE SANTIAGO SALAVERRY N° 100,2026-08-04 07:41:59,40,Diesel B5 S-50 UV,24.52,Galones,156140,DISTRIBUIDOR MAYORISTA DE COMBUSTIBLES LIQUIDOS,048,
156140-048-220426,20565643496,GLOBAL FUEL S.A.,LA LIBERTAD,TRUJILLO,SALAVERRY,FELIPE SANTIAGO SALAVERRY N° 100,2026-08-04 07:41:59,45,Diesel B5 S-50,26.08,Galones,156140,DISTRIBUIDOR MAYORISTA DE COMBUSTIBLES LIQUIDOS,048,
156145-048-170426,20565643496,GLOBAL FUEL SOCIEDAD ANONIMA,PROV. CONST. DEL CALLAO,PROV. CONST. DEL CALLAO,VENTANILLA,CARRETERA VENTANILLA KM 25,2026-08-04 00:07:44,126,GASOHOL REGULAR,18.52,Galones,156145,DISTRIBUIDOR MAYORISTA DE COMBUSTIBLES LIQUIDOS,048,
156145-048-170426,20565643496,GLOBAL FUEL SOCIEDAD ANONIMA,PROV. CONST. DEL CALLAO,PROV. CONST. DEL CALLAO,VENTANILLA,CARRETERA VENTANILLA KM 25,2026-08-04 00:07:44,127,GASOHOL PREMIUM,18.93,Galones,156145,DISTRIBUIDOR MAYORISTA DE COMBUSTIBLES LIQUIDOS,048,
156145-048-170426,20565643496,GLOBAL FUEL SOCIEDAD ANONIMA,PROV. CONST. DEL CALLAO,PROV. CONST. DEL CALLAO,VENTANILLA,CARRETERA VENTANILLA KM 25,2026-08-04 00:07:44,40,Diesel B5 S-50 UV,23.64,Galones,156145,DISTRIBUIDOR MAYORISTA DE COMBUSTIBLES LIQUIDOS,048,
156145-048-170426,20565643496,GLOBAL FUEL SOCIEDAD ANONIMA,PROV. CONST. DEL CALLAO,PROV. CONST. DEL CALLAO,VENTANILLA,CARRETERA VENTANILLA KM 25,2026-08-04 00:07:44,45,Diesel B5 S-50,25.2,Galones,156145,DISTRIBUIDOR MAYORISTA DE COMBUSTIBLES LIQUIDOS,048,
156151-048-230426,20565643496,GLOBAL FUEL SOCIEDAD ANONIMA,LAMBAYEQUE,CHICLAYO,ETEN PUERTO,"CARRETERA PUERTO ETEN KM. 1.5, PLAYA DE LOBOS",2026-08-04 07:38:08,126,GASOHOL REGULAR,18.6,Galones,156151,DISTRIBUIDOR MAYORISTA DE COMBUSTIBLES LIQUIDOS,048,
156151-048-230426,20565643496,GLOBAL FUEL SOCIEDAD ANONIMA,LAMBAYEQUE,CHICLAYO,ETEN PUERTO,"CARRETERA PUERTO ETEN KM. 1.5, PLAYA DE LOBOS",2026-08-04 07:38:08,40,Diesel B5 S-50 UV,23.69,Galones,156151,DISTRIBUIDOR MAYORISTA DE COMBUSTIBLES LIQUIDOS,048,
156151-048-230426,20565643496,GLOBAL FUEL SOCIEDAD ANONIMA,LAMBAYEQUE,CHICLAYO,ETEN PUERTO,"CARRETERA PUERTO ETEN KM. 1.5, PLAYA DE LOBOS",2026-08-04 07:38:08,45,Diesel B5 S-50,25.26,Galones,156151,DISTRIBUIDOR MAYORISTA DE COMBUSTIBLES LIQUIDOS,048,
156188-048-290426,20565643496,GLOBAL FUEL S.A.,PUNO,SAN ROMAN,JULIACA,URBANIZACIÓN ZONA INDUSTRIAL TAPARACHI CARRETERA KM 2.5 ZONA 1 BLOQUE G,2026-08-04 08:21:28,126,GASOHOL REGULAR,20.11,Galones,156188,DISTRIBUIDOR MAYORISTA DE COMBUSTIBLES LIQUIDOS,048,
156188-048-290426,20565643496,GLOBAL FUEL S.A.,PUNO,SAN ROMAN,JULIACA,URBANIZACIÓN ZONA INDUSTRIAL TAPARACHI CARRETERA KM 2.5 ZONA 1 BLOQUE G,2026-08-04 08:21:28,40,Diesel B5 S-50 UV,24.92,Galones,156188,DISTRIBUIDOR MAYORISTA DE COMBUSTIBLES LIQUIDOS,048,
156188-048-290426,20565643496,GLOBAL FUEL S.A.,PUNO,SAN ROMAN,JULIACA,URBANIZACIÓN ZONA INDUSTRIAL TAPARACHI CARRETERA KM 2.5 ZONA 1 BLOQUE G,2026-08-04 08:21:28,45,Diesel B5 S-50,26.49,Galones,156188,DISTRIBUIDOR MAYORISTA DE COMBUSTIBLES LIQUIDOS,048,
156959-048-220422,20603111304,"MOBIL PETROLEUM OVERSEAS COMPANY LIMITED, SUCURSAL DEL PERÚ",AREQUIPA,ISLAY,MOLLENDO,"HABILITACIÓN URBANA TIPO INDUSTRIAL, KM 0.75 DEL TRAMO FERROVIARIO MOLLENDO AREQUIPA",2026-08-06 17:59:53,126,GASOHOL REGULAR,14.94,Galones,156959,DISTRIBUIDOR MAYORISTA DE COMBUSTIBLES LIQUIDOS,048,
156959-048-220422,20603111304,"MOBIL PETROLEUM OVERSEAS COMPANY LIMITED, SUCURSAL DEL PERÚ",AREQUIPA,ISLAY,MOLLENDO,"HABILITACIÓN URBANA TIPO INDUSTRIAL, KM 0.75 DEL TRAMO FERROVIARIO MOLLENDO AREQUIPA",2026-08-06 17:59:53,127,GASOHOL PREMIUM,15.99,Galones,156959,DISTRIBUIDOR MAYORISTA DE COMBUSTIBLES LIQUIDOS,048,
156959-048-220422,20603111304,"MOBIL PETROLEUM OVERSEAS COMPANY LIMITED, SUCURSAL DEL PERÚ",AREQUIPA,ISLAY,MOLLENDO,"HABILITACIÓN URBANA TIPO INDUSTRIAL, KM 0.75 DEL TRAMO FERROVIARIO MOLLENDO AREQUIPA",2026-08-06 17:59:53,40,Diesel B5 S-50 UV,18.95,Galones,156959,DISTRIBUIDOR MAYORISTA DE COMBUSTIBLES LIQUIDOS,048,
156959-048-220422,20603111304,"MOBIL PETROLEUM OVERSEAS COMPANY LIMITED, SUCURSAL DEL PERÚ",AREQUIPA,ISLAY,MOLLENDO,"HABILITACIÓN URBANA TIPO INDUSTRIAL, KM 0.75 DEL TRAMO FERROVIARIO MOLLENDO AREQUIPA",2026-08-06 17:59:53,45,Diesel B5 S-50,18.95,Galones,156959,DISTRIBUIDOR MAYORISTA DE COMBUSTIBLES LIQUIDOS,048,
156960-048-291223,20554545743,CORPORACIÓN PRIMAX S.A.,AREQUIPA,ISLAY,MOLLENDO,"HABILITACIÓN URBANA TIPO INDUSTRIAL, KM 0.75 DEL TRAMO FERROVIARIO MOLLENDO AREQUIPA",2026-07-17 12:00:34,126,GASOHOL REGULAR,13.79,Galones,156960,DISTRIBUIDOR MAYORISTA DE COMBUSTIBLES LIQUIDOS,048,
156960-048-291223,20554545743,CORPORACIÓN PRIMAX S.A.,AREQUIPA,ISLAY,MOLLENDO,"HABILITACIÓN URBANA TIPO INDUSTRIAL, KM 0.75 DEL TRAMO FERROVIARIO MOLLENDO AREQUIPA",2026-07-17 12:00:34,127,GASOHOL PREMIUM,14.28,Galones,156960,DISTRIBUIDOR MAYORISTA DE COMBUSTIBLES LIQUIDOS,048,
156960-048-291223,20554545743,CORPORACIÓN PRIMAX S.A.,AREQUIPA,ISLAY,MOLLENDO,"HABILITACIÓN URBANA TIPO INDUSTRIAL, KM 0.75 DEL TRAMO FERROVIARIO MOLLENDO AREQUIPA",2026-07-17 12:00:35,40,Diesel B5 S-50 UV,16.87,Galones,156960,DISTRIBUIDOR MAYORISTA DE COMBUSTIBLES LIQUIDOS,048,
156960-048-291223,20554545743,CORPORACIÓN PRIMAX S.A.,AREQUIPA,ISLAY,MOLLENDO,"HABILITACIÓN URBANA TIPO INDUSTRIAL, KM 0.75 DEL TRAMO FERROVIARIO MOLLENDO AREQUIPA",2026-07-17 12:00:35,45,Diesel B5 S-50,18.2,Galones,156960,DISTRIBUIDOR MAYORISTA DE COMBUSTIBLES LIQUIDOS,048,
161803-048-250422,20603111304,"MOBIL PETROLEUM OVERSEAS COMPANY LIMITED, SUCURSAL DEL PERU",LA LIBERTAD,TRUJILLO,SALAVERRY,PACASMAYO N° 16. PUERTO SALAVERRY -  CÓDIGO POSTAL 13611,2026-08-06 18:02:23,40,Diesel B5 S-50 UV,19.23,Galones,161803,DISTRIBUIDOR MAYORISTA DE COMBUSTIBLES LIQUIDOS,048,
161803-048-250422,20603111304,"MOBIL PETROLEUM OVERSEAS COMPANY LIMITED, SUCURSAL DEL PERU",LA LIBERTAD,TRUJILLO,SALAVERRY,PACASMAYO N° 16. PUERTO SALAVERRY -  CÓDIGO POSTAL 13611,2026-08-06 18:02:23,45,Diesel B5 S-50,19.23,Galones,161803,DISTRIBUIDOR MAYORISTA DE COMBUSTIBLES LIQUIDOS,048,
162564-048-020925,20503840121,REPSOL COMERCIAL SAC,PROV. CONST. DEL CALLAO,PROV. CONST. DEL CALLAO,CALLAO,AV. NESTOR GAMBETTA Nº 1265,2026-07-01 16:23:49,124,GASOLINA REGULAR,24.21,Galones,162564,DISTRIBUIDOR MAYORISTA DE COMBUSTIBLES LIQUIDOS,048,
162564-048-020925,20503840121,REPSOL COMERCIAL SAC,PROV. CONST. DEL CALLAO,PROV. CONST. DEL CALLAO,CALLAO,AV. NESTOR GAMBETTA Nº 1265,2026-07-01 16:23:49,125,GASOLINA PREMIUM,25.75,Galones,162564,DISTRIBUIDOR MAYORISTA DE COMBUSTIBLES LIQUIDOS,048,
162564-048-020925,20503840121,REPSOL COMERCIAL SAC,PROV. CONST. DEL CALLAO,PROV. CONST. DEL CALLAO,CALLAO,AV. NESTOR GAMBETTA Nº 1265,2026-08-09 00:05:07,126,GASOHOL REGULAR,26.1,Galones,162564,DISTRIBUIDOR MAYORISTA DE COMBUSTIBLES LIQUIDOS,048,
162564-048-020925,20503840121,REPSOL COMERCIAL SAC,PROV. CONST. DEL CALLAO,PROV. CONST. DEL CALLAO,CALLAO,AV. NESTOR GAMBETTA Nº 1265,2026-08-09 00:05:07,127,GASOHOL PREMIUM,26.59,Galones,162564,DISTRIBUIDOR MAYORISTA DE COMBUSTIBLES LIQUIDOS,048,
162564-048-020925,20503840121,REPSOL COMERCIAL SAC,PROV. CONST. DEL CALLAO,PROV. CONST. DEL CALLAO,CALLAO,AV. NESTOR GAMBETTA Nº 1265,2026-08-09 00:05:07,40,Diesel B5 S-50 UV,28.86,Galones,162564,DISTRIBUIDOR MAYORISTA DE COMBUSTIBLES LIQUIDOS,048,
162564-048-020925,20503840121,REPSOL COMERCIAL SAC,PROV. CONST. DEL CALLAO,PROV. CONST. DEL CALLAO,CALLAO,AV. NESTOR GAMBETTA Nº 1265,2026-08-09 00:05:07,45,Diesel B5 S-50,28.12,Galones,162564,DISTRIBUIDOR MAYORISTA DE COMBUSTIBLES LIQUIDOS,048,
169026-048-210725,20610670068,MARATHON PETROLEUM PERU S.R.L.,PROV. CONST. DEL CALLAO,PROV. CONST. DEL CALLAO,CALLAO,AV. NESTOR GAMBETTA N° 1265,2026-08-04 10:31:11,126,GASOHOL REGULAR,18.52,Galones,169026,DISTRIBUIDOR MAYORISTA DE COMBUSTIBLES LIQUIDOS,048,
169026-048-210725,20610670068,MARATHON PETROLEUM PERU S.R.L.,PROV. CONST. DEL CALLAO,PROV. CONST. DEL CALLAO,CALLAO,AV. NESTOR GAMBETTA N° 1265,2026-08-04 10:31:11,127,GASOHOL PREMIUM,18.93,Galones,169026,DISTRIBUIDOR MAYORISTA DE COMBUSTIBLES LIQUIDOS,048,
169026-048-210725,20610670068,MARATHON PETROLEUM PERU S.R.L.,PROV. CONST. DEL CALLAO,PROV. CONST. DEL CALLAO,CALLAO,AV. NESTOR GAMBETTA N° 1265,2026-08-04 10:31:11,40,Diesel B5 S-50 UV,23.64,Galones,169026,DISTRIBUIDOR MAYORISTA DE COMBUSTIBLES LIQUIDOS,048,
169026-048-210725,20610670068,MARATHON PETROLEUM PERU S.R.L.,PROV. CONST. DEL CALLAO,PROV. CONST. DEL CALLAO,CALLAO,AV. NESTOR GAMBETTA N° 1265,2026-08-04 10:31:11,45,Diesel B5 S-50,25.2,Galones,169026,DISTRIBUIDOR MAYORISTA DE COMBUSTIBLES LIQUIDOS,048,
171270-048-190724,20600427734,HIDROCARBUROS DEL MUNDO S.A.C.-HIDROMUNDO S.A.C.,ICA,PISCO,SAN ANDRES,CALLE GENARO MEDRANO S/N CARRETERA  PISCO PARACAS KM.  11.5 ,2026-08-04 07:33:13,126,GASOHOL REGULAR,18.8,Galones,171270,DISTRIBUIDOR MAYORISTA DE COMBUSTIBLES LIQUIDOS,048,
171270-048-190724,20600427734,HIDROCARBUROS DEL MUNDO S.A.C.-HIDROMUNDO S.A.C.,ICA,PISCO,SAN ANDRES,CALLE GENARO MEDRANO S/N CARRETERA  PISCO PARACAS KM.  11.5 ,2026-08-04 07:33:13,127,GASOHOL PREMIUM,19.24,Galones,171270,DISTRIBUIDOR MAYORISTA DE COMBUSTIBLES LIQUIDOS,048,
171270-048-190724,20600427734,HIDROCARBUROS DEL MUNDO S.A.C.-HIDROMUNDO S.A.C.,ICA,PISCO,SAN ANDRES,CALLE GENARO MEDRANO S/N CARRETERA  PISCO PARACAS KM.  11.5 ,2026-08-04 07:33:13,40,Diesel B5 S-50 UV,23.6,Galones,171270,DISTRIBUIDOR MAYORISTA DE COMBUSTIBLES LIQUIDOS,048,
171270-048-190724,20600427734,HIDROCARBUROS DEL MUNDO S.A.C.-HIDROMUNDO S.A.C.,ICA,PISCO,SAN ANDRES,CALLE GENARO MEDRANO S/N CARRETERA  PISCO PARACAS KM.  11.5 ,2026-08-04 07:33:13,45,Diesel B5 S-50,25.17,Galones,171270,DISTRIBUIDOR MAYORISTA DE COMBUSTIBLES LIQUIDOS,048,
171583-048-271025,20554545743,CORPORACION PRIMAX S.A.,ICA,PISCO,PARACAS,CARRETERA PISCO - PARACAS KM. 14.5,2026-07-17 12:00:35,40,Diesel B5 S-50 UV,15.7,Galones,171583,DISTRIBUIDOR MAYORISTA DE COMBUSTIBLES LIQUIDOS,048,
171583-048-271025,20554545743,CORPORACION PRIMAX S.A.,ICA,PISCO,PARACAS,CARRETERA PISCO - PARACAS KM. 14.5,2026-07-17 12:00:36,45,Diesel B5 S-50,17.03,Galones,171583,DISTRIBUIDOR MAYORISTA DE COMBUSTIBLES LIQUIDOS,048,
172188-048-210426,20565643496,GLOBAL FUEL SOCIEDAD ANONIMA,LIMA,BARRANCA,SUPE PUERTO,CALLE CALLAO N° 445-460 NUEVA VICTORIA,2026-08-04 09:44:48,126,GASOHOL REGULAR,18.38,Galones,172188,DISTRIBUIDOR MAYORISTA DE COMBUSTIBLES LIQUIDOS,048,
172188-048-210426,20565643496,GLOBAL FUEL SOCIEDAD ANONIMA,LIMA,BARRANCA,SUPE PUERTO,CALLE CALLAO N° 445-460 NUEVA VICTORIA,2026-08-04 09:44:48,40,Diesel B5 S-50 UV,23.86,Galones,172188,DISTRIBUIDOR MAYORISTA DE COMBUSTIBLES LIQUIDOS,048,
172188-048-210426,20565643496,GLOBAL FUEL SOCIEDAD ANONIMA,LIMA,BARRANCA,SUPE PUERTO,CALLE CALLAO N° 445-460 NUEVA VICTORIA,2026-08-04 09:44:48,45,Diesel B5 S-50,25.43,Galones,172188,DISTRIBUIDOR MAYORISTA DE COMBUSTIBLES LIQUIDOS,048,
176340-048-190724,20600427734,HIDROCARBUROS DEL MUNDO S.A.C.-HIDROMUNDO S.A.C.,PIURA,TALARA,PARIÑAS,ZONA INDUSTRIAL S/N TABLAZO  PLANTA DE ABASTECIMIENTO TALARA,2026-07-25 11:45:21,126,GASOHOL REGULAR,11.97,Galones,176340,DISTRIBUIDOR MAYORISTA DE COMBUSTIBLES LIQUIDOS,048,
176340-048-190724,20600427734,HIDROCARBUROS DEL MUNDO S.A.C.-HIDROMUNDO S.A.C.,PIURA,TALARA,PARIÑAS,ZONA INDUSTRIAL S/N TABLAZO  PLANTA DE ABASTECIMIENTO TALARA,2026-07-25 11:45:21,127,GASOHOL PREMIUM,12.35,Galones,176340,DISTRIBUIDOR MAYORISTA DE COMBUSTIBLES LIQUIDOS,048,
176340-048-190724,20600427734,HIDROCARBUROS DEL MUNDO S.A.C.-HIDROMUNDO S.A.C.,PIURA,TALARA,PARIÑAS,ZONA INDUSTRIAL S/N TABLAZO  PLANTA DE ABASTECIMIENTO TALARA,2026-07-25 11:45:21,40,Diesel B5 S-50 UV,17.33,Galones,176340,DISTRIBUIDOR MAYORISTA DE COMBUSTIBLES LIQUIDOS,048,
176340-048-190724,20600427734,HIDROCARBUROS DEL MUNDO S.A.C.-HIDROMUNDO S.A.C.,PIURA,TALARA,PARIÑAS,ZONA INDUSTRIAL S/N TABLAZO  PLANTA DE ABASTECIMIENTO TALARA,2026-07-25 11:45:21,45,Diesel B5 S-50,18.66,Galones,176340,DISTRIBUIDOR MAYORISTA DE COMBUSTIBLES LIQUIDOS,048,
176706-048-080825,20556119636,XACT PERU S.A.C.,ICA,PISCO,PARACAS,CARRETERA PISCO PARACAS KM. 14.5 - PLAYA LOBERIA ,2026-06-16 15:08:17,40,Diesel B5 S-50 UV,17.26,Galones,176706,DISTRIBUIDOR MAYORISTA DE COMBUSTIBLES LIQUIDOS,048,
176706-048-080825,20556119636,XACT PERU S.A.C.,ICA,PISCO,PARACAS,CARRETERA PISCO PARACAS KM. 14.5 - PLAYA LOBERIA ,2026-06-16 15:08:17,45,Diesel B5 S-50,17.01,Galones,176706,DISTRIBUIDOR MAYORISTA DE COMBUSTIBLES LIQUIDOS,048,
177095-048-190925,20556119636,XACT PERU S.A.C.,AREQUIPA,ISLAY,MOLLENDO,"HABILITACIÓN URBANA TIPO INDUSTRIAL, KM 0.75 DEL TRAMO FERROVIARIO MOLLENDO AREQUIPA",2026-06-16 15:55:28,126,GASOHOL REGULAR,15.81,Galones,177095,DISTRIBUIDOR MAYORISTA DE COMBUSTIBLES LIQUIDOS,048,
177095-048-190925,20556119636,XACT PERU S.A.C.,AREQUIPA,ISLAY,MOLLENDO,"HABILITACIÓN URBANA TIPO INDUSTRIAL, KM 0.75 DEL TRAMO FERROVIARIO MOLLENDO AREQUIPA",2026-06-16 15:55:28,127,GASOHOL PREMIUM,16.53,Galones,177095,DISTRIBUIDOR MAYORISTA DE COMBUSTIBLES LIQUIDOS,048,
177095-048-190925,20556119636,XACT PERU S.A.C.,AREQUIPA,ISLAY,MOLLENDO,"HABILITACIÓN URBANA TIPO INDUSTRIAL, KM 0.75 DEL TRAMO FERROVIARIO MOLLENDO AREQUIPA",2026-06-16 15:55:28,40,Diesel B5 S-50 UV,17.68,Galones,177095,DISTRIBUIDOR MAYORISTA DE COMBUSTIBLES LIQUIDOS,048,
177095-048-190925,20556119636,XACT PERU S.A.C.,AREQUIPA,ISLAY,MOLLENDO,"HABILITACIÓN URBANA TIPO INDUSTRIAL, KM 0.75 DEL TRAMO FERROVIARIO MOLLENDO AREQUIPA",2026-06-16 15:55:28,45,Diesel B5 S-50,17.95,Galones,177095,DISTRIBUIDOR MAYORISTA DE COMBUSTIBLES LIQUIDOS,048,
177868-048-300626,20554545743,CORPORACION PRIMAX S.A.,PIURA,PAITA,PAITA,"ZONA INDUSTRIAL II, MZ S SUB LOTE B1, CARRETERA PAITA/SULLANA",2026-07-17 12:00:36,126,GASOHOL REGULAR,13.33,Galones,177868,DISTRIBUIDOR MAYORISTA DE COMBUSTIBLES LIQUIDOS,048,
177868-048-300626,20554545743,CORPORACION PRIMAX S.A.,PIURA,PAITA,PAITA,"ZONA INDUSTRIAL II, MZ S SUB LOTE B1, CARRETERA PAITA/SULLANA",2026-07-17 12:00:36,40,Diesel B5 S-50 UV,16.49,Galones,177868,DISTRIBUIDOR MAYORISTA DE COMBUSTIBLES LIQUIDOS,048,
177868-048-300626,20554545743,CORPORACION PRIMAX S.A.,PIURA,PAITA,PAITA,"ZONA INDUSTRIAL II, MZ S SUB LOTE B1, CARRETERA PAITA/SULLANA",2026-07-17 12:00:37,45,Diesel B5 S-50,17.02,Galones,177868,DISTRIBUIDOR MAYORISTA DE COMBUSTIBLES LIQUIDOS,048,
177908-048-080825,20556119636,XACT PERU S.A.C.,PROV. CONST. DEL CALLAO,PROV. CONST. DEL CALLAO,CALLAO,"AV. NESTOR GAMBETTA KM 11.5, LOTE B-2",2026-06-16 15:44:42,126,GASOHOL REGULAR,14.55,Galones,177908,DISTRIBUIDOR MAYORISTA DE COMBUSTIBLES LIQUIDOS,048,
177908-048-080825,20556119636,XACT PERU S.A.C.,PROV. CONST. DEL CALLAO,PROV. CONST. DEL CALLAO,CALLAO,"AV. NESTOR GAMBETTA KM 11.5, LOTE B-2",2026-06-16 15:44:42,127,GASOHOL PREMIUM,15.44,Galones,177908,DISTRIBUIDOR MAYORISTA DE COMBUSTIBLES LIQUIDOS,048,
177908-048-080825,20556119636,XACT PERU S.A.C.,PROV. CONST. DEL CALLAO,PROV. CONST. DEL CALLAO,CALLAO,"AV. NESTOR GAMBETTA KM 11.5, LOTE B-2",2026-06-16 15:44:42,40,Diesel B5 S-50 UV,16.68,Galones,177908,DISTRIBUIDOR MAYORISTA DE COMBUSTIBLES LIQUIDOS,048,
177908-048-080825,20556119636,XACT PERU S.A.C.,PROV. CONST. DEL CALLAO,PROV. CONST. DEL CALLAO,CALLAO,"AV. NESTOR GAMBETTA KM 11.5, LOTE B-2",2026-06-16 15:44:42,45,Diesel B5 S-50,16.67,Galones,177908,DISTRIBUIDOR MAYORISTA DE COMBUSTIBLES LIQUIDOS,048,
177931-048-281024,20513251506,VALERO PERU S.A.C.,PIURA,PAITA,PAITA,ZONA INDUSTRIAL II MZ. S SUB LOTE B1 CARRETERA PAITA - SULLANA,2026-08-08 07:49:11,124,GASOLINA REGULAR,23.64,Galones,177931,DISTRIBUIDOR MAYORISTA DE COMBUSTIBLES LIQUIDOS,048,
177931-048-281024,20513251506,VALERO PERU S.A.C.,PIURA,PAITA,PAITA,ZONA INDUSTRIAL II MZ. S SUB LOTE B1 CARRETERA PAITA - SULLANA,2026-08-08 07:49:11,126,GASOHOL REGULAR,23.15,Galones,177931,DISTRIBUIDOR MAYORISTA DE COMBUSTIBLES LIQUIDOS,048,
177931-048-281024,20513251506,VALERO PERU S.A.C.,PIURA,PAITA,PAITA,ZONA INDUSTRIAL II MZ. S SUB LOTE B1 CARRETERA PAITA - SULLANA,2026-08-08 07:49:11,40,Diesel B5 S-50 UV,24.79,Galones,177931,DISTRIBUIDOR MAYORISTA DE COMBUSTIBLES LIQUIDOS,048,
177931-048-281024,20513251506,VALERO PERU S.A.C.,PIURA,PAITA,PAITA,ZONA INDUSTRIAL II MZ. S SUB LOTE B1 CARRETERA PAITA - SULLANA,2026-08-08 07:49:11,45,Diesel B5 S-50,27.97,Galones,177931,DISTRIBUIDOR MAYORISTA DE COMBUSTIBLES LIQUIDOS,048,
178923-048-060325,20613460871,MEGA COMBUSTIBLES S.A.C.,AREQUIPA,ISLAY,MOLLENDO,"HABILITACIÓN URBANA TIPO INDUSTRIAL, KM 0.75 DEL TRAMO FERROVIARIO MOLLENDO AREQUIPA",2026-06-16 16:15:03,126,GASOHOL REGULAR,15.81,Galones,178923,DISTRIBUIDOR MAYORISTA DE COMBUSTIBLES LIQUIDOS,048,
178923-048-060325,20613460871,MEGA COMBUSTIBLES S.A.C.,AREQUIPA,ISLAY,MOLLENDO,"HABILITACIÓN URBANA TIPO INDUSTRIAL, KM 0.75 DEL TRAMO FERROVIARIO MOLLENDO AREQUIPA",2026-06-16 16:15:03,127,GASOHOL PREMIUM,16.53,Galones,178923,DISTRIBUIDOR MAYORISTA DE COMBUSTIBLES LIQUIDOS,048,
178923-048-060325,20613460871,MEGA COMBUSTIBLES S.A.C.,AREQUIPA,ISLAY,MOLLENDO,"HABILITACIÓN URBANA TIPO INDUSTRIAL, KM 0.75 DEL TRAMO FERROVIARIO MOLLENDO AREQUIPA",2026-06-16 16:15:03,40,Diesel B5 S-50 UV,17.67,Galones,178923,DISTRIBUIDOR MAYORISTA DE COMBUSTIBLES LIQUIDOS,048,
178923-048-060325,20613460871,MEGA COMBUSTIBLES S.A.C.,AREQUIPA,ISLAY,MOLLENDO,"HABILITACIÓN URBANA TIPO INDUSTRIAL, KM 0.75 DEL TRAMO FERROVIARIO MOLLENDO AREQUIPA",2026-06-16 16:15:03,45,Diesel B5 S-50,17.95,Galones,178923,DISTRIBUIDOR MAYORISTA DE COMBUSTIBLES LIQUIDOS,048,
178966-048-030226,20556119636,XACT PERU S.A.C.,AREQUIPA,ISLAY,MOLLENDO,CALLE APURIMAC S/N ZONA INDUSTRIAL INCLAN,2026-06-16 16:22:30,126,GASOHOL REGULAR,16.03,Galones,178966,DISTRIBUIDOR MAYORISTA DE COMBUSTIBLES LIQUIDOS,048,
178966-048-030226,20556119636,XACT PERU S.A.C.,AREQUIPA,ISLAY,MOLLENDO,CALLE APURIMAC S/N ZONA INDUSTRIAL INCLAN,2026-06-16 16:22:30,127,GASOHOL PREMIUM,16.69,Galones,178966,DISTRIBUIDOR MAYORISTA DE COMBUSTIBLES LIQUIDOS,048,
178966-048-030226,20556119636,XACT PERU S.A.C.,AREQUIPA,ISLAY,MOLLENDO,CALLE APURIMAC S/N ZONA INDUSTRIAL INCLAN,2026-06-16 16:22:30,40,Diesel B5 S-50 UV,18,Galones,178966,DISTRIBUIDOR MAYORISTA DE COMBUSTIBLES LIQUIDOS,048,
178966-048-030226,20556119636,XACT PERU S.A.C.,AREQUIPA,ISLAY,MOLLENDO,CALLE APURIMAC S/N ZONA INDUSTRIAL INCLAN,2026-06-16 16:22:30,45,Diesel B5 S-50,18.16,Galones,178966,DISTRIBUIDOR MAYORISTA DE COMBUSTIBLES LIQUIDOS,048,
179479-048-190925,20556119636,XACT PERU S.A.C.,PROV. CONST. DEL CALLAO,PROV. CONST. DEL CALLAO,CALLAO,AV. NESTOR GAMBETTA N° 1265,2026-06-16 16:32:23,126,GASOHOL REGULAR,15.11,Galones,179479,DISTRIBUIDOR MAYORISTA DE COMBUSTIBLES LIQUIDOS,048,
179479-048-190925,20556119636,XACT PERU S.A.C.,PROV. CONST. DEL CALLAO,PROV. CONST. DEL CALLAO,CALLAO,AV. NESTOR GAMBETTA N° 1265,2026-06-16 16:32:23,127,GASOHOL PREMIUM,16.04,Galones,179479,DISTRIBUIDOR MAYORISTA DE COMBUSTIBLES LIQUIDOS,048,
179479-048-190925,20556119636,XACT PERU S.A.C.,PROV. CONST. DEL CALLAO,PROV. CONST. DEL CALLAO,CALLAO,AV. NESTOR GAMBETTA N° 1265,2026-06-16 16:32:23,40,Diesel B5 S-50 UV,16.93,Galones,179479,DISTRIBUIDOR MAYORISTA DE COMBUSTIBLES LIQUIDOS,048,
179479-048-190925,20556119636,XACT PERU S.A.C.,PROV. CONST. DEL CALLAO,PROV. CONST. DEL CALLAO,CALLAO,AV. NESTOR GAMBETTA N° 1265,2026-06-16 16:32:23,45,Diesel B5 S-50,16.97,Galones,179479,DISTRIBUIDOR MAYORISTA DE COMBUSTIBLES LIQUIDOS,048,
181270-048-120226,20613460871,MEGA COMBUSTIBLES S.A.C.,PROV. CONST. DEL CALLAO,PROV. CONST. DEL CALLAO,CALLAO,AV. NESTOR GAMBETTA N° 1265,2026-06-16 16:37:41,126,GASOHOL REGULAR,15.11,Galones,181270,DISTRIBUIDOR MAYORISTA DE COMBUSTIBLES LIQUIDOS,048,
181270-048-120226,20613460871,MEGA COMBUSTIBLES S.A.C.,PROV. CONST. DEL CALLAO,PROV. CONST. DEL CALLAO,CALLAO,AV. NESTOR GAMBETTA N° 1265,2026-06-16 16:37:41,127,GASOHOL PREMIUM,16.04,Galones,181270,DISTRIBUIDOR MAYORISTA DE COMBUSTIBLES LIQUIDOS,048,
181270-048-120226,20613460871,MEGA COMBUSTIBLES S.A.C.,PROV. CONST. DEL CALLAO,PROV. CONST. DEL CALLAO,CALLAO,AV. NESTOR GAMBETTA N° 1265,2026-06-16 16:37:41,40,Diesel B5 S-50 UV,16.93,Galones,181270,DISTRIBUIDOR MAYORISTA DE COMBUSTIBLES LIQUIDOS,048,
181270-048-120226,20613460871,MEGA COMBUSTIBLES S.A.C.,PROV. CONST. DEL CALLAO,PROV. CONST. DEL CALLAO,CALLAO,AV. NESTOR GAMBETTA N° 1265,2026-06-16 16:37:41,45,Diesel B5 S-50,16.97,Galones,181270,DISTRIBUIDOR MAYORISTA DE COMBUSTIBLES LIQUIDOS,048,
182346-048-080426,20565643496,GLOBAL FUEL SOCIEDAD ANONIMA,ICA,PISCO,PARACAS,CARRETERA PISCO PARACAS KM.14.5,2026-08-04 00:35:44,40,Diesel B5 S-50 UV,23.5,Galones,182346,DISTRIBUIDOR MAYORISTA DE COMBUSTIBLES LIQUIDOS,048,
182346-048-080426,20565643496,GLOBAL FUEL SOCIEDAD ANONIMA,ICA,PISCO,PARACAS,CARRETERA PISCO PARACAS KM.14.5,2026-08-04 00:35:44,45,Diesel B5 S-50,25.07,Galones,182346,DISTRIBUIDOR MAYORISTA DE COMBUSTIBLES LIQUIDOS,048,
182508-048-140825,20613460871,MEGA COMBUSTIBLES S.A.C.,PROV. CONST. DEL CALLAO,PROV. CONST. DEL CALLAO,CALLAO,"AV. NESTOR GAMBETTA KM. 11.5, LOTE B-2",2026-06-16 16:17:48,126,GASOHOL REGULAR,14.58,Galones,182508,DISTRIBUIDOR MAYORISTA DE COMBUSTIBLES LIQUIDOS,048,
182508-048-140825,20613460871,MEGA COMBUSTIBLES S.A.C.,PROV. CONST. DEL CALLAO,PROV. CONST. DEL CALLAO,CALLAO,"AV. NESTOR GAMBETTA KM. 11.5, LOTE B-2",2026-06-16 16:17:48,127,GASOHOL PREMIUM,15.44,Galones,182508,DISTRIBUIDOR MAYORISTA DE COMBUSTIBLES LIQUIDOS,048,
182508-048-140825,20613460871,MEGA COMBUSTIBLES S.A.C.,PROV. CONST. DEL CALLAO,PROV. CONST. DEL CALLAO,CALLAO,"AV. NESTOR GAMBETTA KM. 11.5, LOTE B-2",2026-06-16 16:17:48,40,Diesel B5 S-50 UV,16.68,Galones,182508,DISTRIBUIDOR MAYORISTA DE COMBUSTIBLES LIQUIDOS,048,
182508-048-140825,20613460871,MEGA COMBUSTIBLES S.A.C.,PROV. CONST. DEL CALLAO,PROV. CONST. DEL CALLAO,CALLAO,"AV. NESTOR GAMBETTA KM. 11.5, LOTE B-2",2026-06-16 16:17:48,45,Diesel B5 S-50,16.68,Galones,182508,DISTRIBUIDOR MAYORISTA DE COMBUSTIBLES LIQUIDOS,048,
182596-048-260126,20613483749,CORPORACION AREMCO PERU S.A.C.,PROV. CONST. DEL CALLAO,PROV. CONST. DEL CALLAO,CALLAO,"AV. NESTOR GAMBETTA KM. 11.5, LOTE B-2",2026-08-07 16:42:46,126,GASOHOL REGULAR,16.2,Galones,182596,DISTRIBUIDOR MAYORISTA DE COMBUSTIBLES LIQUIDOS,048,
182596-048-260126,20613483749,CORPORACION AREMCO PERU S.A.C.,PROV. CONST. DEL CALLAO,PROV. CONST. DEL CALLAO,CALLAO,"AV. NESTOR GAMBETTA KM. 11.5, LOTE B-2",2026-08-07 16:42:46,127,GASOHOL PREMIUM,17.19,Galones,182596,DISTRIBUIDOR MAYORISTA DE COMBUSTIBLES LIQUIDOS,048,
182596-048-260126,20613483749,CORPORACION AREMCO PERU S.A.C.,PROV. CONST. DEL CALLAO,PROV. CONST. DEL CALLAO,CALLAO,"AV. NESTOR GAMBETTA KM. 11.5, LOTE B-2",2026-08-07 16:42:46,40,Diesel B5 S-50 UV,20.34,Galones,182596,DISTRIBUIDOR MAYORISTA DE COMBUSTIBLES LIQUIDOS,048,
182596-048-260126,20613483749,CORPORACION AREMCO PERU S.A.C.,PROV. CONST. DEL CALLAO,PROV. CONST. DEL CALLAO,CALLAO,"AV. NESTOR GAMBETTA KM. 11.5, LOTE B-2",2026-08-07 16:42:46,45,Diesel B5 S-50,20.34,Galones,182596,DISTRIBUIDOR MAYORISTA DE COMBUSTIBLES LIQUIDOS,048,
182840-048-041125,20512081372,NEGOCIACION KIO S.A.C.,LIMA,LIMA,LURIN,CARRETERA PANAMERICANA SUR KM 26.5,2026-08-04 18:37:22,126,GASOHOL REGULAR,18.51,Galones,182840,DISTRIBUIDOR MAYORISTA DE COMBUSTIBLES LIQUIDOS,048,
182840-048-041125,20512081372,NEGOCIACION KIO S.A.C.,LIMA,LIMA,LURIN,CARRETERA PANAMERICANA SUR KM 26.5,2026-08-04 18:37:22,127,GASOHOL PREMIUM,18.79,Galones,182840,DISTRIBUIDOR MAYORISTA DE COMBUSTIBLES LIQUIDOS,048,
182840-048-041125,20512081372,NEGOCIACION KIO S.A.C.,LIMA,LIMA,LURIN,CARRETERA PANAMERICANA SUR KM 26.5,2026-08-04 18:37:22,40,Diesel B5 S-50 UV,23.63,Galones,182840,DISTRIBUIDOR MAYORISTA DE COMBUSTIBLES LIQUIDOS,048,
182840-048-041125,20512081372,NEGOCIACION KIO S.A.C.,LIMA,LIMA,LURIN,CARRETERA PANAMERICANA SUR KM 26.5,2026-08-04 18:37:22,45,Diesel B5 S-50,25.2,Galones,182840,DISTRIBUIDOR MAYORISTA DE COMBUSTIBLES LIQUIDOS,048,
182944-048-191225,20613460871,MEGA COMBUSTIBLES S.A.C.,PROV. CONST. DEL CALLAO,PROV. CONST. DEL CALLAO,VENTANILLA,CARRETERA A VENTANILLA KM. 25,2026-06-16 16:42:13,126,GASOHOL REGULAR,14.63,Galones,182944,DISTRIBUIDOR MAYORISTA DE COMBUSTIBLES LIQUIDOS,048,
182944-048-191225,20613460871,MEGA COMBUSTIBLES S.A.C.,PROV. CONST. DEL CALLAO,PROV. CONST. DEL CALLAO,VENTANILLA,CARRETERA A VENTANILLA KM. 25,2026-06-16 16:42:13,127,GASOHOL PREMIUM,15.57,Galones,182944,DISTRIBUIDOR MAYORISTA DE COMBUSTIBLES LIQUIDOS,048,
182944-048-191225,20613460871,MEGA COMBUSTIBLES S.A.C.,PROV. CONST. DEL CALLAO,PROV. CONST. DEL CALLAO,VENTANILLA,CARRETERA A VENTANILLA KM. 25,2026-06-16 16:42:13,40,Diesel B5 S-50 UV,17.17,Galones,182944,DISTRIBUIDOR MAYORISTA DE COMBUSTIBLES LIQUIDOS,048,
182944-048-191225,20613460871,MEGA COMBUSTIBLES S.A.C.,PROV. CONST. DEL CALLAO,PROV. CONST. DEL CALLAO,VENTANILLA,CARRETERA A VENTANILLA KM. 25,2026-06-16 16:42:13,45,Diesel B5 S-50,17.23,Galones,182944,DISTRIBUIDOR MAYORISTA DE COMBUSTIBLES LIQUIDOS,048,
183517-048-270326,20613460871,MEGA COMBUSTIBLES S.A.C.,PUNO,SAN ROMAN,JULIACA,URBANIZACION ZONA INDUSTRIAL TAPARACHI CARRETERA KM 2.5 ZONA 1 BLOQUE G,2026-06-16 17:06:51,126,GASOHOL REGULAR,16.85,Galones,183517,DISTRIBUIDOR MAYORISTA DE COMBUSTIBLES LIQUIDOS,048,
183517-048-270326,20613460871,MEGA COMBUSTIBLES S.A.C.,PUNO,SAN ROMAN,JULIACA,URBANIZACION ZONA INDUSTRIAL TAPARACHI CARRETERA KM 2.5 ZONA 1 BLOQUE G,2026-06-16 17:06:51,40,Diesel B5 S-50 UV,19.3,Galones,183517,DISTRIBUIDOR MAYORISTA DE COMBUSTIBLES LIQUIDOS,048,
183517-048-270326,20613460871,MEGA COMBUSTIBLES S.A.C.,PUNO,SAN ROMAN,JULIACA,URBANIZACION ZONA INDUSTRIAL TAPARACHI CARRETERA KM 2.5 ZONA 1 BLOQUE G,2026-06-16 17:06:51,45,Diesel B5 S-50,19.48,Galones,183517,DISTRIBUIDOR MAYORISTA DE COMBUSTIBLES LIQUIDOS,048,
183936-048-151225,20556119636,XACT PERU S.A.C.,MOQUEGUA,ILO,ILO,"AV. MARIANO LINO URQUIETA 1003, URB. SECTOR 2",2026-06-16 17:08:20,127,GASOHOL PREMIUM,17.1,Galones,183936,DISTRIBUIDOR MAYORISTA DE COMBUSTIBLES LIQUIDOS,048,
183936-048-151225,20556119636,XACT PERU S.A.C.,MOQUEGUA,ILO,ILO,"AV. MARIANO LINO URQUIETA 1003, URB. SECTOR 2",2026-06-16 17:08:20,40,Diesel B5 S-50 UV,17.96,Galones,183936,DISTRIBUIDOR MAYORISTA DE COMBUSTIBLES LIQUIDOS,048,
183936-048-151225,20556119636,XACT PERU S.A.C.,MOQUEGUA,ILO,ILO,"AV. MARIANO LINO URQUIETA 1003, URB. SECTOR 2",2026-06-16 17:08:20,45,Diesel B5 S-50,18.09,Galones,183936,DISTRIBUIDOR MAYORISTA DE COMBUSTIBLES LIQUIDOS,048,
184010-048-230326,20613460871,MEGA COMBUSTIBLES S.A.C.,ANCASH,SANTA,CHIMBOTE,"CALLE N° 3, N° 110, ZONA INDUSTRIAL GRAN TRAPECIO",2026-06-16 17:38:13,126,GASOHOL REGULAR,15.02,Galones,184010,DISTRIBUIDOR MAYORISTA DE COMBUSTIBLES LIQUIDOS,048,
184010-048-230326,20613460871,MEGA COMBUSTIBLES S.A.C.,ANCASH,SANTA,CHIMBOTE,"CALLE N° 3, N° 110, ZONA INDUSTRIAL GRAN TRAPECIO",2026-06-16 17:38:13,40,Diesel B5 S-50 UV,17.85,Galones,184010,DISTRIBUIDOR MAYORISTA DE COMBUSTIBLES LIQUIDOS,048,
184010-048-230326,20613460871,MEGA COMBUSTIBLES S.A.C.,ANCASH,SANTA,CHIMBOTE,"CALLE N° 3, N° 110, ZONA INDUSTRIAL GRAN TRAPECIO",2026-06-16 17:38:13,45,Diesel B5 S-50,19.18,Galones,184010,DISTRIBUIDOR MAYORISTA DE COMBUSTIBLES LIQUIDOS,048,
184541-048-111225,20512081372,'NEGOCIACION KIO' SOCIEDAD ANONIMA CERRADA,PROV. CONST. DEL CALLAO,PROV. CONST. DEL CALLAO,CALLAO,AV. NESTOR GAMBETA 1265,2026-08-08 08:48:56,126,GASOHOL REGULAR,16.64,Galones,184541,DISTRIBUIDOR MAYORISTA DE COMBUSTIBLES LIQUIDOS,048,
184541-048-111225,20512081372,'NEGOCIACION KIO' SOCIEDAD ANONIMA CERRADA,PROV. CONST. DEL CALLAO,PROV. CONST. DEL CALLAO,CALLAO,AV. NESTOR GAMBETA 1265,2026-08-08 08:48:56,127,GASOHOL PREMIUM,17.77,Galones,184541,DISTRIBUIDOR MAYORISTA DE COMBUSTIBLES LIQUIDOS,048,
184541-048-111225,20512081372,'NEGOCIACION KIO' SOCIEDAD ANONIMA CERRADA,PROV. CONST. DEL CALLAO,PROV. CONST. DEL CALLAO,CALLAO,AV. NESTOR GAMBETA 1265,2026-08-08 08:48:56,40,Diesel B5 S-50 UV,19.67,Galones,184541,DISTRIBUIDOR MAYORISTA DE COMBUSTIBLES LIQUIDOS,048,
184541-048-111225,20512081372,'NEGOCIACION KIO' SOCIEDAD ANONIMA CERRADA,PROV. CONST. DEL CALLAO,PROV. CONST. DEL CALLAO,CALLAO,AV. NESTOR GAMBETA 1265,2026-08-08 08:48:56,45,Diesel B5 S-50,19.67,Galones,184541,DISTRIBUIDOR MAYORISTA DE COMBUSTIBLES LIQUIDOS,048,
184698-048-011225,20613460871,MEGA COMBUSTIBLES S.A.C.,AREQUIPA,ISLAY,MOLLENDO,"CALLE APURÍMAC S/N, ZONA INDUSTRIAL INCLÁN",2026-06-16 16:26:42,126,GASOHOL REGULAR,16.03,Galones,184698,DISTRIBUIDOR MAYORISTA DE COMBUSTIBLES LIQUIDOS,048,
184698-048-011225,20613460871,MEGA COMBUSTIBLES S.A.C.,AREQUIPA,ISLAY,MOLLENDO,"CALLE APURÍMAC S/N, ZONA INDUSTRIAL INCLÁN",2026-06-16 16:26:42,127,GASOHOL PREMIUM,16.69,Galones,184698,DISTRIBUIDOR MAYORISTA DE COMBUSTIBLES LIQUIDOS,048,
184698-048-011225,20613460871,MEGA COMBUSTIBLES S.A.C.,AREQUIPA,ISLAY,MOLLENDO,"CALLE APURÍMAC S/N, ZONA INDUSTRIAL INCLÁN",2026-06-16 16:26:42,40,Diesel B5 S-50 UV,18,Galones,184698,DISTRIBUIDOR MAYORISTA DE COMBUSTIBLES LIQUIDOS,048,
184698-048-011225,20613460871,MEGA COMBUSTIBLES S.A.C.,AREQUIPA,ISLAY,MOLLENDO,"CALLE APURÍMAC S/N, ZONA INDUSTRIAL INCLÁN",2026-06-16 16:26:42,45,Diesel B5 S-50,18.16,Galones,184698,DISTRIBUIDOR MAYORISTA DE COMBUSTIBLES LIQUIDOS,048,
184777-048-211225,20613460871,MEGA COMBUSTIBLES S.A.C.,LA LIBERTAD,TRUJILLO,SALAVERRY,PACASMAYO N° 16,2026-06-16 16:53:03,126,GASOHOL REGULAR,15.28,Galones,184777,DISTRIBUIDOR MAYORISTA DE COMBUSTIBLES LIQUIDOS,048,
184777-048-211225,20613460871,MEGA COMBUSTIBLES S.A.C.,LA LIBERTAD,TRUJILLO,SALAVERRY,PACASMAYO N° 16,2026-06-16 16:53:03,127,GASOHOL PREMIUM,16.61,Galones,184777,DISTRIBUIDOR MAYORISTA DE COMBUSTIBLES LIQUIDOS,048,
184777-048-211225,20613460871,MEGA COMBUSTIBLES S.A.C.,LA LIBERTAD,TRUJILLO,SALAVERRY,PACASMAYO N° 16,2026-06-16 16:53:03,40,Diesel B5 S-50 UV,18.11,Galones,184777,DISTRIBUIDOR MAYORISTA DE COMBUSTIBLES LIQUIDOS,048,
184777-048-211225,20613460871,MEGA COMBUSTIBLES S.A.C.,LA LIBERTAD,TRUJILLO,SALAVERRY,PACASMAYO N° 16,2026-06-16 16:53:03,45,Diesel B5 S-50,18.42,Galones,184777,DISTRIBUIDOR MAYORISTA DE COMBUSTIBLES LIQUIDOS,048,
185779-048-170326,20613460871,MEGA COMBUSTIBLES S.A.C.,LIMA,LIMA,LURIN,CARRETERA PANAMERICANA SUR KM 26.5,2026-06-16 17:42:45,126,GASOHOL REGULAR,15.81,Galones,185779,DISTRIBUIDOR MAYORISTA DE COMBUSTIBLES LIQUIDOS,048,
185779-048-170326,20613460871,MEGA COMBUSTIBLES S.A.C.,LIMA,LIMA,LURIN,CARRETERA PANAMERICANA SUR KM 26.5,2026-06-16 17:42:45,127,GASOHOL PREMIUM,16.53,Galones,185779,DISTRIBUIDOR MAYORISTA DE COMBUSTIBLES LIQUIDOS,048,
185779-048-170326,20613460871,MEGA COMBUSTIBLES S.A.C.,LIMA,LIMA,LURIN,CARRETERA PANAMERICANA SUR KM 26.5,2026-06-16 17:42:45,40,Diesel B5 S-50 UV,18.55,Galones,185779,DISTRIBUIDOR MAYORISTA DE COMBUSTIBLES LIQUIDOS,048,
185779-048-170326,20613460871,MEGA COMBUSTIBLES S.A.C.,LIMA,LIMA,LURIN,CARRETERA PANAMERICANA SUR KM 26.5,2026-06-16 17:42:45,45,Diesel B5 S-50,18.94,Galones,185779,DISTRIBUIDOR MAYORISTA DE COMBUSTIBLES LIQUIDOS,048,
185790-048-190226,20613460871,MEGA COMBUSTIBLES S.A.C.,CUSCO,CUSCO,SAN JERONIMO,OSCOLLOPAMPA,2026-06-16 17:15:58,126,GASOHOL REGULAR,16.89,Galones,185790,DISTRIBUIDOR MAYORISTA DE COMBUSTIBLES LIQUIDOS,048,
185790-048-190226,20613460871,MEGA COMBUSTIBLES S.A.C.,CUSCO,CUSCO,SAN JERONIMO,OSCOLLOPAMPA,2026-06-16 17:15:58,40,Diesel B5 S-50 UV,19.16,Galones,185790,DISTRIBUIDOR MAYORISTA DE COMBUSTIBLES LIQUIDOS,048,
185790-048-190226,20613460871,MEGA COMBUSTIBLES S.A.C.,CUSCO,CUSCO,SAN JERONIMO,OSCOLLOPAMPA,2026-06-16 17:15:58,45,Diesel B5 S-50,19.2,Galones,185790,DISTRIBUIDOR MAYORISTA DE COMBUSTIBLES LIQUIDOS,048,
185792-048-010326,20613460871,MEGA COMBUSTIBLES S.A.C.,PIURA,TALARA,PARIÑAS,ZONA INDUSTRIAL S/N TABLAZO  PLANTA DE ABASTECIMIENTO TALARA,2026-06-16 17:40:41,126,GASOHOL REGULAR,15.72,Galones,185792,DISTRIBUIDOR MAYORISTA DE COMBUSTIBLES LIQUIDOS,048,
185792-048-010326,20613460871,MEGA COMBUSTIBLES S.A.C.,PIURA,TALARA,PARIÑAS,ZONA INDUSTRIAL S/N TABLAZO  PLANTA DE ABASTECIMIENTO TALARA,2026-06-16 17:40:41,127,GASOHOL PREMIUM,16.2,Galones,185792,DISTRIBUIDOR MAYORISTA DE COMBUSTIBLES LIQUIDOS,048,
185792-048-010326,20613460871,MEGA COMBUSTIBLES S.A.C.,PIURA,TALARA,PARIÑAS,ZONA INDUSTRIAL S/N TABLAZO  PLANTA DE ABASTECIMIENTO TALARA,2026-06-16 17:40:41,40,Diesel B5 S-50 UV,18.61,Galones,185792,DISTRIBUIDOR MAYORISTA DE COMBUSTIBLES LIQUIDOS,048,
185792-048-010326,20613460871,MEGA COMBUSTIBLES S.A.C.,PIURA,TALARA,PARIÑAS,ZONA INDUSTRIAL S/N TABLAZO  PLANTA DE ABASTECIMIENTO TALARA,2026-06-16 17:40:41,45,Diesel B5 S-50,18.88,Galones,185792,DISTRIBUIDOR MAYORISTA DE COMBUSTIBLES LIQUIDOS,048,
185793-048-010326,20613460871,MEGA COMBUSTIBLES S.A.C.,PIURA,PIURA,VEINTISEIS DE OCTUBRE,CARRETERA PIURASULLANA KM 4.38  ZONA INDUSTRIAL PIURA,2026-06-16 17:34:42,126,GASOHOL REGULAR,15.77,Galones,185793,DISTRIBUIDOR MAYORISTA DE COMBUSTIBLES LIQUIDOS,048,
185793-048-010326,20613460871,MEGA COMBUSTIBLES S.A.C.,PIURA,PIURA,VEINTISEIS DE OCTUBRE,CARRETERA PIURASULLANA KM 4.38  ZONA INDUSTRIAL PIURA,2026-06-16 17:34:42,127,GASOHOL PREMIUM,16.34,Galones,185793,DISTRIBUIDOR MAYORISTA DE COMBUSTIBLES LIQUIDOS,048,
185793-048-010326,20613460871,MEGA COMBUSTIBLES S.A.C.,PIURA,PIURA,VEINTISEIS DE OCTUBRE,CARRETERA PIURASULLANA KM 4.38  ZONA INDUSTRIAL PIURA,2026-06-16 17:34:42,40,Diesel B5 S-50 UV,18.75,Galones,185793,DISTRIBUIDOR MAYORISTA DE COMBUSTIBLES LIQUIDOS,048,
185793-048-010326,20613460871,MEGA COMBUSTIBLES S.A.C.,PIURA,PIURA,VEINTISEIS DE OCTUBRE,CARRETERA PIURASULLANA KM 4.38  ZONA INDUSTRIAL PIURA,2026-06-16 17:34:42,45,Diesel B5 S-50,19.32,Galones,185793,DISTRIBUIDOR MAYORISTA DE COMBUSTIBLES LIQUIDOS,048,
185805-048-220226,20613460871,MEGA COMBUSTIBLES S.A.C.,MOQUEGUA,ILO,ILO,"AV. MARIANO LINO URQUIETA N°1003, URB. SECTOR 2",2026-06-16 17:10:02,127,GASOHOL PREMIUM,17.11,Galones,185805,DISTRIBUIDOR MAYORISTA DE COMBUSTIBLES LIQUIDOS,048,
185805-048-220226,20613460871,MEGA COMBUSTIBLES S.A.C.,MOQUEGUA,ILO,ILO,"AV. MARIANO LINO URQUIETA N°1003, URB. SECTOR 2",2026-06-16 17:10:02,40,Diesel B5 S-50 UV,17.96,Galones,185805,DISTRIBUIDOR MAYORISTA DE COMBUSTIBLES LIQUIDOS,048,
185805-048-220226,20613460871,MEGA COMBUSTIBLES S.A.C.,MOQUEGUA,ILO,ILO,"AV. MARIANO LINO URQUIETA N°1003, URB. SECTOR 2",2026-06-16 17:10:02,45,Diesel B5 S-50,18.09,Galones,185805,DISTRIBUIDOR MAYORISTA DE COMBUSTIBLES LIQUIDOS,048,
185895-048-230326,20613460871,MEGA COMBUSTIBLES S.A.C.,LAMBAYEQUE,CHICLAYO,ETEN PUERTO,"CARRETERA PUERTO ETEN KM. 1.5, PLAYA DE LOBOS",2026-06-16 17:01:32,126,GASOHOL REGULAR,15.38,Galones,185895,DISTRIBUIDOR MAYORISTA DE COMBUSTIBLES LIQUIDOS,048,
185895-048-230326,20613460871,MEGA COMBUSTIBLES S.A.C.,LAMBAYEQUE,CHICLAYO,ETEN PUERTO,"CARRETERA PUERTO ETEN KM. 1.5, PLAYA DE LOBOS",2026-06-16 17:01:32,40,Diesel B5 S-50 UV,18.68,Galones,185895,DISTRIBUIDOR MAYORISTA DE COMBUSTIBLES LIQUIDOS,048,
185895-048-230326,20613460871,MEGA COMBUSTIBLES S.A.C.,LAMBAYEQUE,CHICLAYO,ETEN PUERTO,"CARRETERA PUERTO ETEN KM. 1.5, PLAYA DE LOBOS",2026-06-16 17:01:32,45,Diesel B5 S-50,20.78,Galones,185895,DISTRIBUIDOR MAYORISTA DE COMBUSTIBLES LIQUIDOS,048,
186037-048-210426,20614395886,GRUPO EKOFUEL S.A.,AREQUIPA,ISLAY,MOLLENDO,"HABILITACIÓN URBANA TIPO INDUSTRIAL, KM. 0.75 DEL TRAMO FERROVIARIO MOLLENDO AREQUIPA",2026-07-14 08:39:35,126,GASOHOL REGULAR,15.61,Galones,186037,DISTRIBUIDOR MAYORISTA DE COMBUSTIBLES LIQUIDOS,048,
186037-048-210426,20614395886,GRUPO EKOFUEL S.A.,AREQUIPA,ISLAY,MOLLENDO,"HABILITACIÓN URBANA TIPO INDUSTRIAL, KM. 0.75 DEL TRAMO FERROVIARIO MOLLENDO AREQUIPA",2026-07-14 08:39:35,127,GASOHOL PREMIUM,16.73,Galones,186037,DISTRIBUIDOR MAYORISTA DE COMBUSTIBLES LIQUIDOS,048,
186037-048-210426,20614395886,GRUPO EKOFUEL S.A.,AREQUIPA,ISLAY,MOLLENDO,"HABILITACIÓN URBANA TIPO INDUSTRIAL, KM. 0.75 DEL TRAMO FERROVIARIO MOLLENDO AREQUIPA",2026-07-14 08:39:35,40,Diesel B5 S-50 UV,18.41,Galones,186037,DISTRIBUIDOR MAYORISTA DE COMBUSTIBLES LIQUIDOS,048,
186037-048-210426,20614395886,GRUPO EKOFUEL S.A.,AREQUIPA,ISLAY,MOLLENDO,"HABILITACIÓN URBANA TIPO INDUSTRIAL, KM. 0.75 DEL TRAMO FERROVIARIO MOLLENDO AREQUIPA",2026-07-14 08:39:35,45,Diesel B5 S-50,18.44,Galones,186037,DISTRIBUIDOR MAYORISTA DE COMBUSTIBLES LIQUIDOS,048,
186758-048-180526,20613460871,MEGA COMBUSTIBLES S.A.C.,ICA,PISCO,PARACAS,CARRETERA PISCO - PARACAS KM. 14.5,2026-06-16 16:16:41,40,Diesel B5 S-50 UV,17.01,Galones,186758,DISTRIBUIDOR MAYORISTA DE COMBUSTIBLES LIQUIDOS,048,
186758-048-180526,20613460871,MEGA COMBUSTIBLES S.A.C.,ICA,PISCO,PARACAS,CARRETERA PISCO - PARACAS KM. 14.5,2026-06-16 16:16:41,45,Diesel B5 S-50,17.26,Galones,186758,DISTRIBUIDOR MAYORISTA DE COMBUSTIBLES LIQUIDOS,048,
186760-048-140526,20613483749,CORPORACION AREMCO PERU S.A.C.,PROV. CONST. DEL CALLAO,PROV. CONST. DEL CALLAO,CALLAO,AV. NESTOR GAMBETTA N° 1265,2026-08-07 16:45:45,40,Diesel B5 S-50 UV,20.98,Galones,186760,DISTRIBUIDOR MAYORISTA DE COMBUSTIBLES LIQUIDOS,048,
186760-048-140526,20613483749,CORPORACION AREMCO PERU S.A.C.,PROV. CONST. DEL CALLAO,PROV. CONST. DEL CALLAO,CALLAO,AV. NESTOR GAMBETTA N° 1265,2026-08-07 16:45:45,45,Diesel B5 S-50,21.09,Galones,186760,DISTRIBUIDOR MAYORISTA DE COMBUSTIBLES LIQUIDOS,048,
187875-048-170626,20615772225,BEAL HIDROCARBUROS S.A.C.,PROV. CONST. DEL CALLAO,PROV. CONST. DEL CALLAO,CALLAO,AV. NESTOR GAMBETTA KM. 11.5 LOTE B-2,2026-08-04 12:23:16,126,GASOHOL REGULAR,17.87,Galones,187875,DISTRIBUIDOR MAYORISTA DE COMBUSTIBLES LIQUIDOS,048,
187875-048-170626,20615772225,BEAL HIDROCARBUROS S.A.C.,PROV. CONST. DEL CALLAO,PROV. CONST. DEL CALLAO,CALLAO,AV. NESTOR GAMBETTA KM. 11.5 LOTE B-2,2026-08-04 12:23:16,127,GASOHOL PREMIUM,18.86,Galones,187875,DISTRIBUIDOR MAYORISTA DE COMBUSTIBLES LIQUIDOS,048,
187875-048-170626,20615772225,BEAL HIDROCARBUROS S.A.C.,PROV. CONST. DEL CALLAO,PROV. CONST. DEL CALLAO,CALLAO,AV. NESTOR GAMBETTA KM. 11.5 LOTE B-2,2026-08-04 12:23:16,40,Diesel B5 S-50 UV,22.08,Galones,187875,DISTRIBUIDOR MAYORISTA DE COMBUSTIBLES LIQUIDOS,048,
187875-048-170626,20615772225,BEAL HIDROCARBUROS S.A.C.,PROV. CONST. DEL CALLAO,PROV. CONST. DEL CALLAO,CALLAO,AV. NESTOR GAMBETTA KM. 11.5 LOTE B-2,2026-08-04 12:23:16,45,Diesel B5 S-50,22.08,Galones,187875,DISTRIBUIDOR MAYORISTA DE COMBUSTIBLES LIQUIDOS,048,
33779-048-200526,20100128218,PETROLEOS DEL PERU PETROPERU SA,LAMBAYEQUE,CHICLAYO,ETEN PUERTO,"CARRETERA PUERTO ETEN KM. 1.5, PLAYA DE LOBOS",2026-05-22 08:29:30,344,Diesel B5 S-50 GE,21,Galones,33779,DISTRIBUIDOR MAYORISTA DE COMBUSTIBLES LIQUIDOS,048,
33779-048-200526,20100128218,PETROLEOS DEL PERU PETROPERU SA,LAMBAYEQUE,CHICLAYO,ETEN PUERTO,"CARRETERA PUERTO ETEN KM. 1.5, PLAYA DE LOBOS",2026-08-04 10:22:11,124,GASOLINA REGULAR,19.32,Galones,33779,DISTRIBUIDOR MAYORISTA DE COMBUSTIBLES LIQUIDOS,048,
33779-048-200526,20100128218,PETROLEOS DEL PERU PETROPERU SA,LAMBAYEQUE,CHICLAYO,ETEN PUERTO,"CARRETERA PUERTO ETEN KM. 1.5, PLAYA DE LOBOS",2026-08-04 10:22:11,126,GASOHOL REGULAR,18.6,Galones,33779,DISTRIBUIDOR MAYORISTA DE COMBUSTIBLES LIQUIDOS,048,
33779-048-200526,20100128218,PETROLEOS DEL PERU PETROPERU SA,LAMBAYEQUE,CHICLAYO,ETEN PUERTO,"CARRETERA PUERTO ETEN KM. 1.5, PLAYA DE LOBOS",2026-08-04 10:22:11,40,Diesel B5 S-50 UV,23.69,Galones,33779,DISTRIBUIDOR MAYORISTA DE COMBUSTIBLES LIQUIDOS,048,
33779-048-200526,20100128218,PETROLEOS DEL PERU PETROPERU SA,LAMBAYEQUE,CHICLAYO,ETEN PUERTO,"CARRETERA PUERTO ETEN KM. 1.5, PLAYA DE LOBOS",2026-08-04 10:22:11,45,Diesel B5 S-50,25.26,Galones,33779,DISTRIBUIDOR MAYORISTA DE COMBUSTIBLES LIQUIDOS,048,
33780-048-031225,20100128218,PETROLEOS DEL PERU - PETROPERU S.A.,LA LIBERTAD,TRUJILLO,SALAVERRY,PACASMAYO N° 16,2026-08-04 13:00:26,124,GASOLINA REGULAR,19.47,Galones,33780,DISTRIBUIDOR MAYORISTA DE COMBUSTIBLES LIQUIDOS,048,
33780-048-031225,20100128218,PETROLEOS DEL PERU - PETROPERU S.A.,LA LIBERTAD,TRUJILLO,SALAVERRY,PACASMAYO N° 16,2026-08-04 13:00:26,125,GASOLINA PREMIUM,20.79,Galones,33780,DISTRIBUIDOR MAYORISTA DE COMBUSTIBLES LIQUIDOS,048,
33780-048-031225,20100128218,PETROLEOS DEL PERU - PETROPERU S.A.,LA LIBERTAD,TRUJILLO,SALAVERRY,PACASMAYO N° 16,2026-08-04 13:00:26,126,GASOHOL REGULAR,18.86,Galones,33780,DISTRIBUIDOR MAYORISTA DE COMBUSTIBLES LIQUIDOS,048,
33780-048-031225,20100128218,PETROLEOS DEL PERU - PETROPERU S.A.,LA LIBERTAD,TRUJILLO,SALAVERRY,PACASMAYO N° 16,2026-08-04 13:00:26,127,GASOHOL PREMIUM,20.22,Galones,33780,DISTRIBUIDOR MAYORISTA DE COMBUSTIBLES LIQUIDOS,048,
33780-048-031225,20100128218,PETROLEOS DEL PERU - PETROPERU S.A.,LA LIBERTAD,TRUJILLO,SALAVERRY,PACASMAYO N° 16,2026-08-04 13:00:26,344,Diesel B5 S-50 GE,26.09,Galones,33780,DISTRIBUIDOR MAYORISTA DE COMBUSTIBLES LIQUIDOS,048,
33780-048-031225,20100128218,PETROLEOS DEL PERU - PETROPERU S.A.,LA LIBERTAD,TRUJILLO,SALAVERRY,PACASMAYO N° 16,2026-08-04 13:00:26,40,Diesel B5 S-50 UV,24.52,Galones,33780,DISTRIBUIDOR MAYORISTA DE COMBUSTIBLES LIQUIDOS,048,
33780-048-031225,20100128218,PETROLEOS DEL PERU - PETROPERU S.A.,LA LIBERTAD,TRUJILLO,SALAVERRY,PACASMAYO N° 16,2026-08-04 13:00:26,45,Diesel B5 S-50,26.09,Galones,33780,DISTRIBUIDOR MAYORISTA DE COMBUSTIBLES LIQUIDOS,048,
33781-048-160123,20100128218,PETROLEOS DEL PERU PETROPERU SA,ANCASH,SANTA,CHIMBOTE,AV. BREA Y PARIÑAS KM. 421,2026-08-04 07:29:20,124,GASOLINA REGULAR,19.41,Galones,33781,DISTRIBUIDOR MAYORISTA DE COMBUSTIBLES LIQUIDOS,048,
33781-048-160123,20100128218,PETROLEOS DEL PERU PETROPERU SA,ANCASH,SANTA,CHIMBOTE,AV. BREA Y PARIÑAS KM. 421,2026-08-04 07:29:20,126,GASOHOL REGULAR,18.78,Galones,33781,DISTRIBUIDOR MAYORISTA DE COMBUSTIBLES LIQUIDOS,048,
33781-048-160123,20100128218,PETROLEOS DEL PERU PETROPERU SA,ANCASH,SANTA,CHIMBOTE,AV. BREA Y PARIÑAS KM. 421,2026-08-04 07:29:20,344,Diesel B5 S-50 GE,25.18,Galones,33781,DISTRIBUIDOR MAYORISTA DE COMBUSTIBLES LIQUIDOS,048,
33781-048-160123,20100128218,PETROLEOS DEL PERU PETROPERU SA,ANCASH,SANTA,CHIMBOTE,AV. BREA Y PARIÑAS KM. 421,2026-08-04 07:29:20,40,Diesel B5 S-50 UV,23.61,Galones,33781,DISTRIBUIDOR MAYORISTA DE COMBUSTIBLES LIQUIDOS,048,
33781-048-160123,20100128218,PETROLEOS DEL PERU PETROPERU SA,ANCASH,SANTA,CHIMBOTE,AV. BREA Y PARIÑAS KM. 421,2026-08-04 07:29:20,45,Diesel B5 S-50,25.18,Galones,33781,DISTRIBUIDOR MAYORISTA DE COMBUSTIBLES LIQUIDOS,048,
33782-048-230622,20100128218,PETROLEOS DEL PERU - PETROPERU S.A.,LIMA,BARRANCA,SUPE PUERTO,CALLE CALLAO N° 445-460 NUEVA VICTORIA,2026-06-02 15:19:57,126,GASOHOL REGULAR,16,Galones,33782,DISTRIBUIDOR MAYORISTA DE COMBUSTIBLES LIQUIDOS,048,
33782-048-230622,20100128218,PETROLEOS DEL PERU - PETROPERU S.A.,LIMA,BARRANCA,SUPE PUERTO,CALLE CALLAO N° 445-460 NUEVA VICTORIA,2026-06-02 15:19:57,127,GASOHOL PREMIUM,16.87,Galones,33782,DISTRIBUIDOR MAYORISTA DE COMBUSTIBLES LIQUIDOS,048,
33782-048-230622,20100128218,PETROLEOS DEL PERU - PETROPERU S.A.,LIMA,BARRANCA,SUPE PUERTO,CALLE CALLAO N° 445-460 NUEVA VICTORIA,2026-08-04 08:58:55,124,GASOLINA REGULAR,18.46,Galones,33782,DISTRIBUIDOR MAYORISTA DE COMBUSTIBLES LIQUIDOS,048,
33782-048-230622,20100128218,PETROLEOS DEL PERU - PETROPERU S.A.,LIMA,BARRANCA,SUPE PUERTO,CALLE CALLAO N° 445-460 NUEVA VICTORIA,2026-08-04 08:58:55,125,GASOLINA PREMIUM,18.9,Galones,33782,DISTRIBUIDOR MAYORISTA DE COMBUSTIBLES LIQUIDOS,048,
33782-048-230622,20100128218,PETROLEOS DEL PERU - PETROPERU S.A.,LIMA,BARRANCA,SUPE PUERTO,CALLE CALLAO N° 445-460 NUEVA VICTORIA,2026-08-04 08:58:55,40,Diesel B5 S-50 UV,23.94,Galones,33782,DISTRIBUIDOR MAYORISTA DE COMBUSTIBLES LIQUIDOS,048,
33782-048-230622,20100128218,PETROLEOS DEL PERU - PETROPERU S.A.,LIMA,BARRANCA,SUPE PUERTO,CALLE CALLAO N° 445-460 NUEVA VICTORIA,2026-08-04 08:58:55,45,Diesel B5 S-50,25.51,Galones,33782,DISTRIBUIDOR MAYORISTA DE COMBUSTIBLES LIQUIDOS,048,
33783-048-070725,20100128218,PETROLEOS DEL PERU - PETROPERU S.A. ,ICA,PISCO,SAN ANDRES,"CALLE GENARO MEDRANO S/N, CARRTEREA PISCO PARACAS KM. 11.5",2026-07-30 08:58:25,10,TURBO A-1,13.92,Galones,33783,DISTRIBUIDOR MAYORISTA DE COMBUSTIBLES LIQUIDOS,048,
33783-048-070725,20100128218,PETROLEOS DEL PERU - PETROPERU S.A. ,ICA,PISCO,SAN ANDRES,"CALLE GENARO MEDRANO S/N, CARRTEREA PISCO PARACAS KM. 11.5",2026-08-04 10:15:54,124,GASOLINA REGULAR,19.08,Galones,33783,DISTRIBUIDOR MAYORISTA DE COMBUSTIBLES LIQUIDOS,048,
33783-048-070725,20100128218,PETROLEOS DEL PERU - PETROPERU S.A. ,ICA,PISCO,SAN ANDRES,"CALLE GENARO MEDRANO S/N, CARRTEREA PISCO PARACAS KM. 11.5",2026-08-04 10:15:54,125,GASOLINA PREMIUM,19.52,Galones,33783,DISTRIBUIDOR MAYORISTA DE COMBUSTIBLES LIQUIDOS,048,
33783-048-070725,20100128218,PETROLEOS DEL PERU - PETROPERU S.A. ,ICA,PISCO,SAN ANDRES,"CALLE GENARO MEDRANO S/N, CARRTEREA PISCO PARACAS KM. 11.5",2026-08-04 10:15:54,126,GASOHOL REGULAR,18.79,Galones,33783,DISTRIBUIDOR MAYORISTA DE COMBUSTIBLES LIQUIDOS,048,
33783-048-070725,20100128218,PETROLEOS DEL PERU - PETROPERU S.A. ,ICA,PISCO,SAN ANDRES,"CALLE GENARO MEDRANO S/N, CARRTEREA PISCO PARACAS KM. 11.5",2026-08-04 10:15:54,127,GASOHOL PREMIUM,19.23,Galones,33783,DISTRIBUIDOR MAYORISTA DE COMBUSTIBLES LIQUIDOS,048,
33783-048-070725,20100128218,PETROLEOS DEL PERU - PETROPERU S.A. ,ICA,PISCO,SAN ANDRES,"CALLE GENARO MEDRANO S/N, CARRTEREA PISCO PARACAS KM. 11.5",2026-08-04 10:15:54,40,Diesel B5 S-50 UV,23.59,Galones,33783,DISTRIBUIDOR MAYORISTA DE COMBUSTIBLES LIQUIDOS,048,
33783-048-070725,20100128218,PETROLEOS DEL PERU - PETROPERU S.A. ,ICA,PISCO,SAN ANDRES,"CALLE GENARO MEDRANO S/N, CARRTEREA PISCO PARACAS KM. 11.5",2026-08-04 10:15:54,45,Diesel B5 S-50,25.16,Galones,33783,DISTRIBUIDOR MAYORISTA DE COMBUSTIBLES LIQUIDOS,048,
33784-048-260525,20100128218,PETRÓLEOS DEL PERÚ  PETROPERÚ S.A.,AREQUIPA,ISLAY,MOLLENDO,"CALLE APURÍMAC S/N, ZONA INDUSTRIAL INCLÁN",2026-07-30 07:21:26,124,GASOLINA REGULAR,19.33,Galones,33784,DISTRIBUIDOR MAYORISTA DE COMBUSTIBLES LIQUIDOS,048,
33784-048-260525,20100128218,PETRÓLEOS DEL PERÚ  PETROPERÚ S.A.,AREQUIPA,ISLAY,MOLLENDO,"CALLE APURÍMAC S/N, ZONA INDUSTRIAL INCLÁN",2026-07-30 07:21:26,125,GASOLINA PREMIUM,19.47,Galones,33784,DISTRIBUIDOR MAYORISTA DE COMBUSTIBLES LIQUIDOS,048,
33784-048-260525,20100128218,PETRÓLEOS DEL PERÚ  PETROPERÚ S.A.,AREQUIPA,ISLAY,MOLLENDO,"CALLE APURÍMAC S/N, ZONA INDUSTRIAL INCLÁN",2026-07-30 07:21:26,126,GASOHOL REGULAR,18.5,Galones,33784,DISTRIBUIDOR MAYORISTA DE COMBUSTIBLES LIQUIDOS,048,
33784-048-260525,20100128218,PETRÓLEOS DEL PERÚ  PETROPERÚ S.A.,AREQUIPA,ISLAY,MOLLENDO,"CALLE APURÍMAC S/N, ZONA INDUSTRIAL INCLÁN",2026-07-30 07:21:26,127,GASOHOL PREMIUM,19,Galones,33784,DISTRIBUIDOR MAYORISTA DE COMBUSTIBLES LIQUIDOS,048,
33784-048-260525,20100128218,PETRÓLEOS DEL PERÚ  PETROPERÚ S.A.,AREQUIPA,ISLAY,MOLLENDO,"CALLE APURÍMAC S/N, ZONA INDUSTRIAL INCLÁN",2026-07-30 07:21:26,344,Diesel B5 S-50 GE,25.28,Galones,33784,DISTRIBUIDOR MAYORISTA DE COMBUSTIBLES LIQUIDOS,048,
33784-048-260525,20100128218,PETRÓLEOS DEL PERÚ  PETROPERÚ S.A.,AREQUIPA,ISLAY,MOLLENDO,"CALLE APURÍMAC S/N, ZONA INDUSTRIAL INCLÁN",2026-07-30 07:21:26,40,Diesel B5 S-50 UV,23.71,Galones,33784,DISTRIBUIDOR MAYORISTA DE COMBUSTIBLES LIQUIDOS,048,
33784-048-260525,20100128218,PETRÓLEOS DEL PERÚ  PETROPERÚ S.A.,AREQUIPA,ISLAY,MOLLENDO,"CALLE APURÍMAC S/N, ZONA INDUSTRIAL INCLÁN",2026-07-30 07:21:26,45,Diesel B5 S-50,25.28,Galones,33784,DISTRIBUIDOR MAYORISTA DE COMBUSTIBLES LIQUIDOS,048,
33785-048-180822,20100128218,PETROLEOS DEL PERU - PETROPERU S.A.,MOQUEGUA,ILO,ILO,AV. LINO URQUIETA N° 1003  TERMINAL ILO,2026-07-14 09:33:57,127,GASOHOL PREMIUM,17.03,Galones,33785,DISTRIBUIDOR MAYORISTA DE COMBUSTIBLES LIQUIDOS,048,
33785-048-180822,20100128218,PETROLEOS DEL PERU - PETROPERU S.A.,MOQUEGUA,ILO,ILO,AV. LINO URQUIETA N° 1003  TERMINAL ILO,2026-07-14 09:33:57,40,Diesel B5 S-50 UV,20.06,Galones,33785,DISTRIBUIDOR MAYORISTA DE COMBUSTIBLES LIQUIDOS,048,
33785-048-180822,20100128218,PETROLEOS DEL PERU - PETROPERU S.A.,MOQUEGUA,ILO,ILO,AV. LINO URQUIETA N° 1003  TERMINAL ILO,2026-07-14 09:33:57,45,Diesel B5 S-50,21.63,Galones,33785,DISTRIBUIDOR MAYORISTA DE COMBUSTIBLES LIQUIDOS,048,
33786-048-231222,20100128218,PETROLEOS DEL PERU PETROPERU SA,CUSCO,CUSCO,SAN JERONIMO,OSCOLLOPAMPA S/N,2026-08-07 10:23:27,06,GASOLINA 84,17.92,Galones,33786,DISTRIBUIDOR MAYORISTA DE COMBUSTIBLES LIQUIDOS,048,
33786-048-231222,20100128218,PETROLEOS DEL PERU PETROPERU SA,CUSCO,CUSCO,SAN JERONIMO,OSCOLLOPAMPA S/N,2026-08-07 10:23:27,126,GASOHOL REGULAR,20.41,Galones,33786,DISTRIBUIDOR MAYORISTA DE COMBUSTIBLES LIQUIDOS,048,
33786-048-231222,20100128218,PETROLEOS DEL PERU PETROPERU SA,CUSCO,CUSCO,SAN JERONIMO,OSCOLLOPAMPA S/N,2026-08-07 10:23:27,40,Diesel B5 S-50 UV,24.94,Galones,33786,DISTRIBUIDOR MAYORISTA DE COMBUSTIBLES LIQUIDOS,048,
33786-048-231222,20100128218,PETROLEOS DEL PERU PETROPERU SA,CUSCO,CUSCO,SAN JERONIMO,OSCOLLOPAMPA S/N,2026-08-07 10:23:27,45,Diesel B5 S-50,26.51,Galones,33786,DISTRIBUIDOR MAYORISTA DE COMBUSTIBLES LIQUIDOS,048,
33787-048-131224,20100128218,PETROLEOS DEL PERU - PETROPERU S.A. - PLANTA DE VENTAS JULIACA,PUNO,SAN ROMAN,JULIACA,"URBANIZACIÓN ZONA INDUSTRIAL TAPARACHI CARRETERA KM 2.5, ZONA 1 BLOQUE G",2026-08-04 07:56:29,126,GASOHOL REGULAR,20.2,Galones,33787,DISTRIBUIDOR MAYORISTA DE COMBUSTIBLES LIQUIDOS,048,
33787-048-131224,20100128218,PETROLEOS DEL PERU - PETROPERU S.A. - PLANTA DE VENTAS JULIACA,PUNO,SAN ROMAN,JULIACA,"URBANIZACIÓN ZONA INDUSTRIAL TAPARACHI CARRETERA KM 2.5, ZONA 1 BLOQUE G",2026-08-04 07:56:29,40,Diesel B5 S-50 UV,25,Galones,33787,DISTRIBUIDOR MAYORISTA DE COMBUSTIBLES LIQUIDOS,048,
33787-048-131224,20100128218,PETROLEOS DEL PERU - PETROPERU S.A. - PLANTA DE VENTAS JULIACA,PUNO,SAN ROMAN,JULIACA,"URBANIZACIÓN ZONA INDUSTRIAL TAPARACHI CARRETERA KM 2.5, ZONA 1 BLOQUE G",2026-08-04 07:56:29,45,Diesel B5 S-50,26.57,Galones,33787,DISTRIBUIDOR MAYORISTA DE COMBUSTIBLES LIQUIDOS,048,
33788-048-200625,20100128218,PETROLEOS DEL PERU  PETROPERU S.A.,LORETO,ALTO AMAZONAS,YURIMAGUAS,CALLE PROGRESO 1050,2026-08-04 16:15:42,06,GASOLINA 84,15.17,Galones,33788,DISTRIBUIDOR MAYORISTA DE COMBUSTIBLES LIQUIDOS,048,
33788-048-200625,20100128218,PETROLEOS DEL PERU  PETROPERU S.A.,LORETO,ALTO AMAZONAS,YURIMAGUAS,CALLE PROGRESO 1050,2026-08-04 16:15:42,39,DIESEL B5 UV,20.08,Galones,33788,DISTRIBUIDOR MAYORISTA DE COMBUSTIBLES LIQUIDOS,048,
33788-048-200625,20100128218,PETROLEOS DEL PERU  PETROPERU S.A.,LORETO,ALTO AMAZONAS,YURIMAGUAS,CALLE PROGRESO 1050,2026-08-04 16:15:42,44,DIESEL B5,21.41,Galones,33788,DISTRIBUIDOR MAYORISTA DE COMBUSTIBLES LIQUIDOS,048,
33789-048-050725,20100128218,PETROLEOS DEL PERU - PETROPERU S.A.,LORETO,MAYNAS,PUNCHANA,CALLE PADRE EDILBERTO VALLE S/N,2026-07-07 07:29:26,10,TURBO A-1,29.83,Galones,33789,DISTRIBUIDOR MAYORISTA DE COMBUSTIBLES LIQUIDOS,048,
33789-048-050725,20100128218,PETROLEOS DEL PERU - PETROPERU S.A.,LORETO,MAYNAS,PUNCHANA,CALLE PADRE EDILBERTO VALLE S/N,2026-07-07 07:29:26,336,PETRÓLEO INDUSTRIAL Nº 6 GE,9.73,Galones,33789,DISTRIBUIDOR MAYORISTA DE COMBUSTIBLES LIQUIDOS,048,
33789-048-050725,20100128218,PETROLEOS DEL PERU - PETROPERU S.A.,LORETO,MAYNAS,PUNCHANA,CALLE PADRE EDILBERTO VALLE S/N,2026-08-04 11:45:26,06,GASOLINA 84,16.25,Galones,33789,DISTRIBUIDOR MAYORISTA DE COMBUSTIBLES LIQUIDOS,048,
33789-048-050725,20100128218,PETROLEOS DEL PERU - PETROPERU S.A.,LORETO,MAYNAS,PUNCHANA,CALLE PADRE EDILBERTO VALLE S/N,2026-08-04 11:45:26,124,GASOLINA REGULAR,17.6,Galones,33789,DISTRIBUIDOR MAYORISTA DE COMBUSTIBLES LIQUIDOS,048,
33789-048-050725,20100128218,PETROLEOS DEL PERU - PETROPERU S.A.,LORETO,MAYNAS,PUNCHANA,CALLE PADRE EDILBERTO VALLE S/N,2026-08-04 11:45:26,39,DIESEL B5 UV,21.14,Galones,33789,DISTRIBUIDOR MAYORISTA DE COMBUSTIBLES LIQUIDOS,048,
33789-048-050725,20100128218,PETROLEOS DEL PERU - PETROPERU S.A.,LORETO,MAYNAS,PUNCHANA,CALLE PADRE EDILBERTO VALLE S/N,2026-08-04 11:45:26,44,DIESEL B5,22.47,Galones,33789,DISTRIBUIDOR MAYORISTA DE COMBUSTIBLES LIQUIDOS,048,
33790-048-230624,20100128218,PETROLEOS DEL PERU PETROPERU SA,SAN MARTIN,SAN MARTIN,TARAPOTO,AV. AVIACIÓN N° 620 (AL INTERIOR DE CÓRPAC  MTC) - BARRIO HUAYCO,2026-08-04 07:29:40,124,GASOLINA REGULAR,20.32,Galones,33790,DISTRIBUIDOR MAYORISTA DE COMBUSTIBLES LIQUIDOS,048,
33790-048-230624,20100128218,PETROLEOS DEL PERU PETROPERU SA,SAN MARTIN,SAN MARTIN,TARAPOTO,AV. AVIACIÓN N° 620 (AL INTERIOR DE CÓRPAC  MTC) - BARRIO HUAYCO,2026-08-04 07:29:40,125,GASOLINA PREMIUM,20.76,Galones,33790,DISTRIBUIDOR MAYORISTA DE COMBUSTIBLES LIQUIDOS,048,
33790-048-230624,20100128218,PETROLEOS DEL PERU PETROPERU SA,SAN MARTIN,SAN MARTIN,TARAPOTO,AV. AVIACIÓN N° 620 (AL INTERIOR DE CÓRPAC  MTC) - BARRIO HUAYCO,2026-08-04 07:29:40,40,Diesel B5 S-50 UV,25.32,Galones,33790,DISTRIBUIDOR MAYORISTA DE COMBUSTIBLES LIQUIDOS,048,
33790-048-230624,20100128218,PETROLEOS DEL PERU PETROPERU SA,SAN MARTIN,SAN MARTIN,TARAPOTO,AV. AVIACIÓN N° 620 (AL INTERIOR DE CÓRPAC  MTC) - BARRIO HUAYCO,2026-08-04 07:29:40,45,Diesel B5 S-50,26.9,Galones,33790,DISTRIBUIDOR MAYORISTA DE COMBUSTIBLES LIQUIDOS,048,
33791-048-290925,20100128218,PETROLEOS DEL PERU - PETROPERU SA,PIURA,TALARA,PARIÑAS,ZONA INDUSTRIAL S/N TABLAZO  PLANTA DE ABASTECIMIENTO TALARA,2026-07-24 15:01:54,49,GLP - G,2.9,Kilogramos,33791,DISTRIBUIDOR MAYORISTA DE COMBUSTIBLES LIQUIDOS,048,
33791-048-290925,20100128218,PETROLEOS DEL PERU - PETROPERU SA,PIURA,TALARA,PARIÑAS,ZONA INDUSTRIAL S/N TABLAZO  PLANTA DE ABASTECIMIENTO TALARA,2026-07-24 15:02:28,10,TURBO A-1,7.11,Galones,33791,DISTRIBUIDOR MAYORISTA DE COMBUSTIBLES LIQUIDOS,048,
33791-048-290925,20100128218,PETROLEOS DEL PERU - PETROPERU SA,PIURA,TALARA,PARIÑAS,ZONA INDUSTRIAL S/N TABLAZO  PLANTA DE ABASTECIMIENTO TALARA,2026-07-24 15:02:28,124,GASOLINA REGULAR,17.05,Galones,33791,DISTRIBUIDOR MAYORISTA DE COMBUSTIBLES LIQUIDOS,048,
33791-048-290925,20100128218,PETROLEOS DEL PERU - PETROPERU SA,PIURA,TALARA,PARIÑAS,ZONA INDUSTRIAL S/N TABLAZO  PLANTA DE ABASTECIMIENTO TALARA,2026-07-24 15:02:28,125,GASOLINA PREMIUM,17.48,Galones,33791,DISTRIBUIDOR MAYORISTA DE COMBUSTIBLES LIQUIDOS,048,
33791-048-290925,20100128218,PETROLEOS DEL PERU - PETROPERU SA,PIURA,TALARA,PARIÑAS,ZONA INDUSTRIAL S/N TABLAZO  PLANTA DE ABASTECIMIENTO TALARA,2026-07-24 15:02:28,126,GASOHOL REGULAR,16.62,Galones,33791,DISTRIBUIDOR MAYORISTA DE COMBUSTIBLES LIQUIDOS,048,
33791-048-290925,20100128218,PETROLEOS DEL PERU - PETROPERU SA,PIURA,TALARA,PARIÑAS,ZONA INDUSTRIAL S/N TABLAZO  PLANTA DE ABASTECIMIENTO TALARA,2026-07-24 15:02:28,127,GASOHOL PREMIUM,17.07,Galones,33791,DISTRIBUIDOR MAYORISTA DE COMBUSTIBLES LIQUIDOS,048,
33791-048-290925,20100128218,PETROLEOS DEL PERU - PETROPERU SA,PIURA,TALARA,PARIÑAS,ZONA INDUSTRIAL S/N TABLAZO  PLANTA DE ABASTECIMIENTO TALARA,2026-07-24 15:02:28,40,Diesel B5 S-50 UV,22.21,Galones,33791,DISTRIBUIDOR MAYORISTA DE COMBUSTIBLES LIQUIDOS,048,
33791-048-290925,20100128218,PETROLEOS DEL PERU - PETROPERU SA,PIURA,TALARA,PARIÑAS,ZONA INDUSTRIAL S/N TABLAZO  PLANTA DE ABASTECIMIENTO TALARA,2026-07-24 15:02:28,45,Diesel B5 S-50,23.78,Galones,33791,DISTRIBUIDOR MAYORISTA DE COMBUSTIBLES LIQUIDOS,048,
33792-048-070722,20100128218,PETROLEOS DEL PERU - PETROPERU S.A.,PIURA,PIURA,VEINTISEIS DE OCTUBRE,CARRETERA PIURA  SULLANA KM.  4.38  ZONA INDUSTRIAL PIURA,2026-08-04 07:27:31,124,GASOLINA REGULAR,17.41,Galones,33792,DISTRIBUIDOR MAYORISTA DE COMBUSTIBLES LIQUIDOS,048,
33792-048-070722,20100128218,PETROLEOS DEL PERU - PETROPERU S.A.,PIURA,PIURA,VEINTISEIS DE OCTUBRE,CARRETERA PIURA  SULLANA KM.  4.38  ZONA INDUSTRIAL PIURA,2026-08-04 07:27:31,125,GASOLINA PREMIUM,18.11,Galones,33792,DISTRIBUIDOR MAYORISTA DE COMBUSTIBLES LIQUIDOS,048,
33792-048-070722,20100128218,PETROLEOS DEL PERU - PETROPERU S.A.,PIURA,PIURA,VEINTISEIS DE OCTUBRE,CARRETERA PIURA  SULLANA KM.  4.38  ZONA INDUSTRIAL PIURA,2026-08-04 07:27:31,126,GASOHOL REGULAR,16.89,Galones,33792,DISTRIBUIDOR MAYORISTA DE COMBUSTIBLES LIQUIDOS,048,
33792-048-070722,20100128218,PETROLEOS DEL PERU - PETROPERU S.A.,PIURA,PIURA,VEINTISEIS DE OCTUBRE,CARRETERA PIURA  SULLANA KM.  4.38  ZONA INDUSTRIAL PIURA,2026-08-04 07:27:31,127,GASOHOL PREMIUM,17.59,Galones,33792,DISTRIBUIDOR MAYORISTA DE COMBUSTIBLES LIQUIDOS,048,
33792-048-070722,20100128218,PETROLEOS DEL PERU - PETROPERU S.A.,PIURA,PIURA,VEINTISEIS DE OCTUBRE,CARRETERA PIURA  SULLANA KM.  4.38  ZONA INDUSTRIAL PIURA,2026-08-04 07:27:31,40,Diesel B5 S-50 UV,22.1,Galones,33792,DISTRIBUIDOR MAYORISTA DE COMBUSTIBLES LIQUIDOS,048,
33792-048-070722,20100128218,PETROLEOS DEL PERU - PETROPERU S.A.,PIURA,PIURA,VEINTISEIS DE OCTUBRE,CARRETERA PIURA  SULLANA KM.  4.38  ZONA INDUSTRIAL PIURA,2026-08-04 07:27:31,45,Diesel B5 S-50,23.67,Galones,33792,DISTRIBUIDOR MAYORISTA DE COMBUSTIBLES LIQUIDOS,048,
33793-048-110725,20100128218,PETROLEOS DEL PERU - PETROPERU S.A.,LIMA,LIMA,LURIN,CARRETERA PANAMERICANA SUR KM. 26.5,2026-08-04 09:00:08,124,GASOLINA REGULAR,18.75,Galones,33793,DISTRIBUIDOR MAYORISTA DE COMBUSTIBLES LIQUIDOS,048,
33793-048-110725,20100128218,PETROLEOS DEL PERU - PETROPERU S.A.,LIMA,LIMA,LURIN,CARRETERA PANAMERICANA SUR KM. 26.5,2026-08-04 09:00:08,125,GASOLINA PREMIUM,19.41,Galones,33793,DISTRIBUIDOR MAYORISTA DE COMBUSTIBLES LIQUIDOS,048,
33793-048-110725,20100128218,PETROLEOS DEL PERU - PETROPERU S.A.,LIMA,LIMA,LURIN,CARRETERA PANAMERICANA SUR KM. 26.5,2026-08-04 09:00:08,126,GASOHOL REGULAR,18.52,Galones,33793,DISTRIBUIDOR MAYORISTA DE COMBUSTIBLES LIQUIDOS,048,
33793-048-110725,20100128218,PETROLEOS DEL PERU - PETROPERU S.A.,LIMA,LIMA,LURIN,CARRETERA PANAMERICANA SUR KM. 26.5,2026-08-04 09:00:08,127,GASOHOL PREMIUM,18.93,Galones,33793,DISTRIBUIDOR MAYORISTA DE COMBUSTIBLES LIQUIDOS,048,
33793-048-110725,20100128218,PETROLEOS DEL PERU - PETROPERU S.A.,LIMA,LIMA,LURIN,CARRETERA PANAMERICANA SUR KM. 26.5,2026-08-04 09:00:08,40,Diesel B5 S-50 UV,25.2,Galones,33793,DISTRIBUIDOR MAYORISTA DE COMBUSTIBLES LIQUIDOS,048,
33793-048-110725,20100128218,PETROLEOS DEL PERU - PETROPERU S.A.,LIMA,LIMA,LURIN,CARRETERA PANAMERICANA SUR KM. 26.5,2026-08-04 09:00:08,45,Diesel B5 S-50,24.63,Galones,33793,DISTRIBUIDOR MAYORISTA DE COMBUSTIBLES LIQUIDOS,048,
33794-048-120722,20100128218,PETROPERU S.A.,PROV. CONST. DEL CALLAO,PROV. CONST. DEL CALLAO,CALLAO,AV. NESTOR GAMBETTA N° 1265,2026-08-04 11:07:29,126,GASOHOL REGULAR,18.6,Galones,33794,DISTRIBUIDOR MAYORISTA DE COMBUSTIBLES LIQUIDOS,048,
33794-048-120722,20100128218,PETROPERU S.A.,PROV. CONST. DEL CALLAO,PROV. CONST. DEL CALLAO,CALLAO,AV. NESTOR GAMBETTA N° 1265,2026-08-04 11:07:29,127,GASOHOL PREMIUM,19.01,Galones,33794,DISTRIBUIDOR MAYORISTA DE COMBUSTIBLES LIQUIDOS,048,
33794-048-120722,20100128218,PETROPERU S.A.,PROV. CONST. DEL CALLAO,PROV. CONST. DEL CALLAO,CALLAO,AV. NESTOR GAMBETTA N° 1265,2026-08-04 11:07:29,40,Diesel B5 S-50 UV,23.72,Galones,33794,DISTRIBUIDOR MAYORISTA DE COMBUSTIBLES LIQUIDOS,048,
33794-048-120722,20100128218,PETROPERU S.A.,PROV. CONST. DEL CALLAO,PROV. CONST. DEL CALLAO,CALLAO,AV. NESTOR GAMBETTA N° 1265,2026-08-04 11:07:29,45,Diesel B5 S-50,25.29,Galones,33794,DISTRIBUIDOR MAYORISTA DE COMBUSTIBLES LIQUIDOS,048,
33797-048-190226,20259829594,REFINERIA LA PAMPILLA S.A.A,PROV. CONST. DEL CALLAO,PROV. CONST. DEL CALLAO,VENTANILLA,CARRETERA VENTANILLA KM. 25,2026-08-05 08:20:28,125,GASOLINA PREMIUM,19.39,Galones,33797,DISTRIBUIDOR MAYORISTA DE COMBUSTIBLES LIQUIDOS,048,
33797-048-190226,20259829594,REFINERIA LA PAMPILLA S.A.A,PROV. CONST. DEL CALLAO,PROV. CONST. DEL CALLAO,VENTANILLA,CARRETERA VENTANILLA KM. 25,2026-08-05 08:20:29,124,GASOLINA REGULAR,18.74,Galones,33797,DISTRIBUIDOR MAYORISTA DE COMBUSTIBLES LIQUIDOS,048,
33797-048-190226,20259829594,REFINERIA LA PAMPILLA S.A.A,PROV. CONST. DEL CALLAO,PROV. CONST. DEL CALLAO,VENTANILLA,CARRETERA VENTANILLA KM. 25,2026-08-05 08:20:30,127,GASOHOL PREMIUM,18.93,Galones,33797,DISTRIBUIDOR MAYORISTA DE COMBUSTIBLES LIQUIDOS,048,
33797-048-190226,20259829594,REFINERIA LA PAMPILLA S.A.A,PROV. CONST. DEL CALLAO,PROV. CONST. DEL CALLAO,VENTANILLA,CARRETERA VENTANILLA KM. 25,2026-08-05 08:20:31,126,GASOHOL REGULAR,18.52,Galones,33797,DISTRIBUIDOR MAYORISTA DE COMBUSTIBLES LIQUIDOS,048,
33797-048-190226,20259829594,REFINERIA LA PAMPILLA S.A.A,PROV. CONST. DEL CALLAO,PROV. CONST. DEL CALLAO,VENTANILLA,CARRETERA VENTANILLA KM. 25,2026-08-05 08:20:33,45,Diesel B5 S-50,25.2,Galones,33797,DISTRIBUIDOR MAYORISTA DE COMBUSTIBLES LIQUIDOS,048,
33797-048-190226,20259829594,REFINERIA LA PAMPILLA S.A.A,PROV. CONST. DEL CALLAO,PROV. CONST. DEL CALLAO,VENTANILLA,CARRETERA VENTANILLA KM. 25,2026-08-05 08:20:34,40,Diesel B5 S-50 UV,25.2,Galones,33797,DISTRIBUIDOR MAYORISTA DE COMBUSTIBLES LIQUIDOS,048,
33797-048-190226,20259829594,REFINERIA LA PAMPILLA S.A.A,PROV. CONST. DEL CALLAO,PROV. CONST. DEL CALLAO,VENTANILLA,CARRETERA VENTANILLA KM. 25,2026-08-05 08:20:35,12,PETRÓLEO INDUSTRIAL Nº 6,17.11,Galones,33797,DISTRIBUIDOR MAYORISTA DE COMBUSTIBLES LIQUIDOS,048,
33797-048-190226,20259829594,REFINERIA LA PAMPILLA S.A.A,PROV. CONST. DEL CALLAO,PROV. CONST. DEL CALLAO,VENTANILLA,CARRETERA VENTANILLA KM. 25,2026-08-05 08:20:36,13,PETRÓLEO INDUSTRIAL Nº 500,16.77,Galones,33797,DISTRIBUIDOR MAYORISTA DE COMBUSTIBLES LIQUIDOS,048,
33797-048-190226,20259829594,REFINERIA LA PAMPILLA S.A.A,PROV. CONST. DEL CALLAO,PROV. CONST. DEL CALLAO,VENTANILLA,CARRETERA VENTANILLA KM. 25,2026-08-05 08:22:11,10,TURBO A-1,28.35,Galones,33797,DISTRIBUIDOR MAYORISTA DE COMBUSTIBLES LIQUIDOS,048,
33798-048-030524,20259829594,REFINERIA LA PAMPILLA S.A.A.,LIMA,BARRANCA,SUPE PUERTO,CALLE CALLAO N° 445- 460  NUEVA VICTORIA,2026-08-05 08:20:55,126,GASOHOL REGULAR,18.92,Galones,33798,DISTRIBUIDOR MAYORISTA DE COMBUSTIBLES LIQUIDOS,048,
33798-048-030524,20259829594,REFINERIA LA PAMPILLA S.A.A.,LIMA,BARRANCA,SUPE PUERTO,CALLE CALLAO N° 445- 460  NUEVA VICTORIA,2026-08-05 08:22:18,124,GASOLINA REGULAR,19.08,Galones,33798,DISTRIBUIDOR MAYORISTA DE COMBUSTIBLES LIQUIDOS,048,
33798-048-030524,20259829594,REFINERIA LA PAMPILLA S.A.A.,LIMA,BARRANCA,SUPE PUERTO,CALLE CALLAO N° 445- 460  NUEVA VICTORIA,2026-08-05 08:22:19,45,Diesel B5 S-50,25.43,Galones,33798,DISTRIBUIDOR MAYORISTA DE COMBUSTIBLES LIQUIDOS,048,
33798-048-030524,20259829594,REFINERIA LA PAMPILLA S.A.A.,LIMA,BARRANCA,SUPE PUERTO,CALLE CALLAO N° 445- 460  NUEVA VICTORIA,2026-08-05 08:22:20,40,Diesel B5 S-50 UV,25.43,Galones,33798,DISTRIBUIDOR MAYORISTA DE COMBUSTIBLES LIQUIDOS,048,
33799-048-270622,20259829594,REFINERIA LA PAMPILLA S.A.A.,LA LIBERTAD,TRUJILLO,SALAVERRY,JR. PACASMAYO N° 16,2026-08-05 08:20:48,125,GASOLINA PREMIUM,20.79,Galones,33799,DISTRIBUIDOR MAYORISTA DE COMBUSTIBLES LIQUIDOS,048,
33799-048-270622,20259829594,REFINERIA LA PAMPILLA S.A.A.,LA LIBERTAD,TRUJILLO,SALAVERRY,JR. PACASMAYO N° 16,2026-08-05 08:20:49,124,GASOLINA REGULAR,19.47,Galones,33799,DISTRIBUIDOR MAYORISTA DE COMBUSTIBLES LIQUIDOS,048,
33799-048-270622,20259829594,REFINERIA LA PAMPILLA S.A.A.,LA LIBERTAD,TRUJILLO,SALAVERRY,JR. PACASMAYO N° 16,2026-08-05 08:20:50,127,GASOHOL PREMIUM,20.22,Galones,33799,DISTRIBUIDOR MAYORISTA DE COMBUSTIBLES LIQUIDOS,048,
33799-048-270622,20259829594,REFINERIA LA PAMPILLA S.A.A.,LA LIBERTAD,TRUJILLO,SALAVERRY,JR. PACASMAYO N° 16,2026-08-05 08:20:51,126,GASOHOL REGULAR,19.45,Galones,33799,DISTRIBUIDOR MAYORISTA DE COMBUSTIBLES LIQUIDOS,048,
33799-048-270622,20259829594,REFINERIA LA PAMPILLA S.A.A.,LA LIBERTAD,TRUJILLO,SALAVERRY,JR. PACASMAYO N° 16,2026-08-05 08:22:12,45,Diesel B5 S-50,26.09,Galones,33799,DISTRIBUIDOR MAYORISTA DE COMBUSTIBLES LIQUIDOS,048,
33799-048-270622,20259829594,REFINERIA LA PAMPILLA S.A.A.,LA LIBERTAD,TRUJILLO,SALAVERRY,JR. PACASMAYO N° 16,2026-08-05 08:22:14,40,Diesel B5 S-50 UV,26.09,Galones,33799,DISTRIBUIDOR MAYORISTA DE COMBUSTIBLES LIQUIDOS,048,
33800-048-060722,20259829594,REFINERIA LA PAMPILLA S.A.A.,AREQUIPA,ISLAY,MOLLENDO,CALLE APURÍMAC N° 401  TERMINAL MOLLENDO,2026-08-05 08:22:03,124,GASOLINA REGULAR,20.15,Galones,33800,DISTRIBUIDOR MAYORISTA DE COMBUSTIBLES LIQUIDOS,048,
33800-048-060722,20259829594,REFINERIA LA PAMPILLA S.A.A.,AREQUIPA,ISLAY,MOLLENDO,CALLE APURÍMAC N° 401  TERMINAL MOLLENDO,2026-08-05 08:22:04,45,Diesel B5 S-50,25.87,Galones,33800,DISTRIBUIDOR MAYORISTA DE COMBUSTIBLES LIQUIDOS,048,
33800-048-060722,20259829594,REFINERIA LA PAMPILLA S.A.A.,AREQUIPA,ISLAY,MOLLENDO,CALLE APURÍMAC N° 401  TERMINAL MOLLENDO,2026-08-05 08:22:25,125,GASOLINA PREMIUM,20.33,Galones,33800,DISTRIBUIDOR MAYORISTA DE COMBUSTIBLES LIQUIDOS,048,
33800-048-060722,20259829594,REFINERIA LA PAMPILLA S.A.A.,AREQUIPA,ISLAY,MOLLENDO,CALLE APURÍMAC N° 401  TERMINAL MOLLENDO,2026-08-05 08:22:26,127,GASOHOL PREMIUM,19.85,Galones,33800,DISTRIBUIDOR MAYORISTA DE COMBUSTIBLES LIQUIDOS,048,
33800-048-060722,20259829594,REFINERIA LA PAMPILLA S.A.A.,AREQUIPA,ISLAY,MOLLENDO,CALLE APURÍMAC N° 401  TERMINAL MOLLENDO,2026-08-05 08:22:27,126,GASOHOL REGULAR,19.31,Galones,33800,DISTRIBUIDOR MAYORISTA DE COMBUSTIBLES LIQUIDOS,048,
33800-048-060722,20259829594,REFINERIA LA PAMPILLA S.A.A.,AREQUIPA,ISLAY,MOLLENDO,CALLE APURÍMAC N° 401  TERMINAL MOLLENDO,2026-08-05 08:22:28,40,Diesel B5 S-50 UV,25.87,Galones,33800,DISTRIBUIDOR MAYORISTA DE COMBUSTIBLES LIQUIDOS,048,
33801-048-040722,20259829594,REFINERIA LA PAMPILLA S.A.A,ANCASH,SANTA,CHIMBOTE,AV. BREA Y PARIÑAS KM. 421,2026-06-23 10:30:46,13,PETRÓLEO INDUSTRIAL Nº 500,16.34,Galones,33801,DISTRIBUIDOR MAYORISTA DE COMBUSTIBLES LIQUIDOS,048,
33801-048-040722,20259829594,REFINERIA LA PAMPILLA S.A.A,ANCASH,SANTA,CHIMBOTE,AV. BREA Y PARIÑAS KM. 421,2026-08-05 08:20:52,124,GASOLINA REGULAR,19.33,Galones,33801,DISTRIBUIDOR MAYORISTA DE COMBUSTIBLES LIQUIDOS,048,
33801-048-040722,20259829594,REFINERIA LA PAMPILLA S.A.A,ANCASH,SANTA,CHIMBOTE,AV. BREA Y PARIÑAS KM. 421,2026-08-05 08:20:53,40,Diesel B5 S-50 UV,25.69,Galones,33801,DISTRIBUIDOR MAYORISTA DE COMBUSTIBLES LIQUIDOS,048,
33801-048-040722,20259829594,REFINERIA LA PAMPILLA S.A.A,ANCASH,SANTA,CHIMBOTE,AV. BREA Y PARIÑAS KM. 421,2026-08-05 08:22:15,126,GASOHOL REGULAR,19.34,Galones,33801,DISTRIBUIDOR MAYORISTA DE COMBUSTIBLES LIQUIDOS,048,
33801-048-040722,20259829594,REFINERIA LA PAMPILLA S.A.A,ANCASH,SANTA,CHIMBOTE,AV. BREA Y PARIÑAS KM. 421,2026-08-05 08:22:16,45,Diesel B5 S-50,25.69,Galones,33801,DISTRIBUIDOR MAYORISTA DE COMBUSTIBLES LIQUIDOS,048,
33801-048-040722,20259829594,REFINERIA LA PAMPILLA S.A.A,ANCASH,SANTA,CHIMBOTE,AV. BREA Y PARIÑAS KM. 421,2026-08-05 08:22:17,12,PETRÓLEO INDUSTRIAL Nº 6,17.43,Galones,33801,DISTRIBUIDOR MAYORISTA DE COMBUSTIBLES LIQUIDOS,048,
33802-048-141122,20259829594,REFINERIA LA PAMPILLA S.A.A. ,LAMBAYEQUE,CHICLAYO,ETEN PUERTO,CARRETERA PLAYA LOBOS  KM 5,2026-08-05 08:20:44,124,GASOLINA REGULAR,19.93,Galones,33802,DISTRIBUIDOR MAYORISTA DE COMBUSTIBLES LIQUIDOS,048,
33802-048-141122,20259829594,REFINERIA LA PAMPILLA S.A.A. ,LAMBAYEQUE,CHICLAYO,ETEN PUERTO,CARRETERA PLAYA LOBOS  KM 5,2026-08-05 08:20:45,126,GASOHOL REGULAR,19.52,Galones,33802,DISTRIBUIDOR MAYORISTA DE COMBUSTIBLES LIQUIDOS,048,
33802-048-141122,20259829594,REFINERIA LA PAMPILLA S.A.A. ,LAMBAYEQUE,CHICLAYO,ETEN PUERTO,CARRETERA PLAYA LOBOS  KM 5,2026-08-05 08:20:46,45,Diesel B5 S-50,26.11,Galones,33802,DISTRIBUIDOR MAYORISTA DE COMBUSTIBLES LIQUIDOS,048,
33802-048-141122,20259829594,REFINERIA LA PAMPILLA S.A.A. ,LAMBAYEQUE,CHICLAYO,ETEN PUERTO,CARRETERA PLAYA LOBOS  KM 5,2026-08-05 08:20:47,40,Diesel B5 S-50 UV,26.11,Galones,33802,DISTRIBUIDOR MAYORISTA DE COMBUSTIBLES LIQUIDOS,048,
33803-048-140622,20259829594,REFINERIA LA PAMPILLA S.A.A.-RELAPASA,ICA,PISCO,SAN ANDRES,CARRETERA PARACAS N° 11.5,2026-08-05 08:20:57,124,GASOLINA REGULAR,19,Galones,33803,DISTRIBUIDOR MAYORISTA DE COMBUSTIBLES LIQUIDOS,048,
33803-048-140622,20259829594,REFINERIA LA PAMPILLA S.A.A.-RELAPASA,ICA,PISCO,SAN ANDRES,CARRETERA PARACAS N° 11.5,2026-08-05 08:20:58,45,Diesel B5 S-50,25.08,Galones,33803,DISTRIBUIDOR MAYORISTA DE COMBUSTIBLES LIQUIDOS,048,
33803-048-140622,20259829594,REFINERIA LA PAMPILLA S.A.A.-RELAPASA,ICA,PISCO,SAN ANDRES,CARRETERA PARACAS N° 11.5,2026-08-05 08:22:21,125,GASOLINA PREMIUM,19.44,Galones,33803,DISTRIBUIDOR MAYORISTA DE COMBUSTIBLES LIQUIDOS,048,
33803-048-140622,20259829594,REFINERIA LA PAMPILLA S.A.A.-RELAPASA,ICA,PISCO,SAN ANDRES,CARRETERA PARACAS N° 11.5,2026-08-05 08:22:22,127,GASOHOL PREMIUM,19.15,Galones,33803,DISTRIBUIDOR MAYORISTA DE COMBUSTIBLES LIQUIDOS,048,
33803-048-140622,20259829594,REFINERIA LA PAMPILLA S.A.A.-RELAPASA,ICA,PISCO,SAN ANDRES,CARRETERA PARACAS N° 11.5,2026-08-05 08:22:23,126,GASOHOL REGULAR,18.71,Galones,33803,DISTRIBUIDOR MAYORISTA DE COMBUSTIBLES LIQUIDOS,048,
33803-048-140622,20259829594,REFINERIA LA PAMPILLA S.A.A.-RELAPASA,ICA,PISCO,SAN ANDRES,CARRETERA PARACAS N° 11.5,2026-08-05 08:22:24,40,Diesel B5 S-50 UV,25.08,Galones,33803,DISTRIBUIDOR MAYORISTA DE COMBUSTIBLES LIQUIDOS,048,
33805-048-160622,20259829594,REFINERIA LA PAMPILLA S.A.A,CUSCO,CUSCO,SAN JERONIMO,OSCOLLOPAMPA S/N ,2026-08-05 08:22:08,45,Diesel B5 S-50,26.43,Galones,33805,DISTRIBUIDOR MAYORISTA DE COMBUSTIBLES LIQUIDOS,048,
33805-048-160622,20259829594,REFINERIA LA PAMPILLA S.A.A,CUSCO,CUSCO,SAN JERONIMO,OSCOLLOPAMPA S/N ,2026-08-05 08:22:09,40,Diesel B5 S-50 UV,26.43,Galones,33805,DISTRIBUIDOR MAYORISTA DE COMBUSTIBLES LIQUIDOS,048,
33805-048-160622,20259829594,REFINERIA LA PAMPILLA S.A.A,CUSCO,CUSCO,SAN JERONIMO,OSCOLLOPAMPA S/N ,2026-08-05 08:22:35,124,GASOLINA REGULAR,21.14,Galones,33805,DISTRIBUIDOR MAYORISTA DE COMBUSTIBLES LIQUIDOS,048,
33805-048-160622,20259829594,REFINERIA LA PAMPILLA S.A.A,CUSCO,CUSCO,SAN JERONIMO,OSCOLLOPAMPA S/N ,2026-08-05 08:22:36,126,GASOHOL REGULAR,20.33,Galones,33805,DISTRIBUIDOR MAYORISTA DE COMBUSTIBLES LIQUIDOS,048,
33806-048-240622,20259829594,REFINERIA LA PAMPILLA S.A.A,PUNO,SAN ROMAN,JULIACA,CARRETERA TAPARACHI S/N,2026-08-05 08:22:06,124,GASOLINA REGULAR,20.93,Galones,33806,DISTRIBUIDOR MAYORISTA DE COMBUSTIBLES LIQUIDOS,048,
33806-048-240622,20259829594,REFINERIA LA PAMPILLA S.A.A,PUNO,SAN ROMAN,JULIACA,CARRETERA TAPARACHI S/N,2026-08-05 08:22:07,40,Diesel B5 S-50 UV,26.49,Galones,33806,DISTRIBUIDOR MAYORISTA DE COMBUSTIBLES LIQUIDOS,048,
33806-048-240622,20259829594,REFINERIA LA PAMPILLA S.A.A,PUNO,SAN ROMAN,JULIACA,CARRETERA TAPARACHI S/N,2026-08-05 08:22:33,126,GASOHOL REGULAR,20.12,Galones,33806,DISTRIBUIDOR MAYORISTA DE COMBUSTIBLES LIQUIDOS,048,
33806-048-240622,20259829594,REFINERIA LA PAMPILLA S.A.A,PUNO,SAN ROMAN,JULIACA,CARRETERA TAPARACHI S/N,2026-08-05 08:22:34,45,Diesel B5 S-50,26.49,Galones,33806,DISTRIBUIDOR MAYORISTA DE COMBUSTIBLES LIQUIDOS,048,
33807-048-080726,20503840121,REPSOL COMERCIAL S.A.C.,PROV. CONST. DEL CALLAO,PROV. CONST. DEL CALLAO,VENTANILLA,CARRETERA VENTANILLA KM. 25,2026-08-09 00:05:05,12,PETRÓLEO INDUSTRIAL Nº 6,14.88,Galones,33807,DISTRIBUIDOR MAYORISTA DE COMBUSTIBLES LIQUIDOS,048,
33807-048-080726,20503840121,REPSOL COMERCIAL S.A.C.,PROV. CONST. DEL CALLAO,PROV. CONST. DEL CALLAO,VENTANILLA,CARRETERA VENTANILLA KM. 25,2026-08-09 00:05:05,124,GASOLINA REGULAR,27.8,Galones,33807,DISTRIBUIDOR MAYORISTA DE COMBUSTIBLES LIQUIDOS,048,
33807-048-080726,20503840121,REPSOL COMERCIAL S.A.C.,PROV. CONST. DEL CALLAO,PROV. CONST. DEL CALLAO,VENTANILLA,CARRETERA VENTANILLA KM. 25,2026-08-09 00:05:05,125,GASOLINA PREMIUM,29.21,Galones,33807,DISTRIBUIDOR MAYORISTA DE COMBUSTIBLES LIQUIDOS,048,
33807-048-080726,20503840121,REPSOL COMERCIAL S.A.C.,PROV. CONST. DEL CALLAO,PROV. CONST. DEL CALLAO,VENTANILLA,CARRETERA VENTANILLA KM. 25,2026-08-09 00:05:05,126,GASOHOL REGULAR,26.1,Galones,33807,DISTRIBUIDOR MAYORISTA DE COMBUSTIBLES LIQUIDOS,048,
33807-048-080726,20503840121,REPSOL COMERCIAL S.A.C.,PROV. CONST. DEL CALLAO,PROV. CONST. DEL CALLAO,VENTANILLA,CARRETERA VENTANILLA KM. 25,2026-08-09 00:05:05,127,GASOHOL PREMIUM,26.59,Galones,33807,DISTRIBUIDOR MAYORISTA DE COMBUSTIBLES LIQUIDOS,048,
33807-048-080726,20503840121,REPSOL COMERCIAL S.A.C.,PROV. CONST. DEL CALLAO,PROV. CONST. DEL CALLAO,VENTANILLA,CARRETERA VENTANILLA KM. 25,2026-08-09 00:05:05,13,PETRÓLEO INDUSTRIAL Nº 500,14.67,Galones,33807,DISTRIBUIDOR MAYORISTA DE COMBUSTIBLES LIQUIDOS,048,
33807-048-080726,20503840121,REPSOL COMERCIAL S.A.C.,PROV. CONST. DEL CALLAO,PROV. CONST. DEL CALLAO,VENTANILLA,CARRETERA VENTANILLA KM. 25,2026-08-09 00:05:05,40,Diesel B5 S-50 UV,28.86,Galones,33807,DISTRIBUIDOR MAYORISTA DE COMBUSTIBLES LIQUIDOS,048,
33807-048-080726,20503840121,REPSOL COMERCIAL S.A.C.,PROV. CONST. DEL CALLAO,PROV. CONST. DEL CALLAO,VENTANILLA,CARRETERA VENTANILLA KM. 25,2026-08-09 00:05:05,45,Diesel B5 S-50,28.12,Galones,33807,DISTRIBUIDOR MAYORISTA DE COMBUSTIBLES LIQUIDOS,048,
33808-048-230625,20503840121,REPSOL COMERCIAL S.A.C.,MOQUEGUA,ILO,ILO,"AV. MARIANO LINO URQUIETA 1003, URB. SECTOR 2",2026-07-01 16:21:26,125,GASOLINA PREMIUM,25.33,Galones,33808,DISTRIBUIDOR MAYORISTA DE COMBUSTIBLES LIQUIDOS,048,
33808-048-230625,20503840121,REPSOL COMERCIAL S.A.C.,MOQUEGUA,ILO,ILO,"AV. MARIANO LINO URQUIETA 1003, URB. SECTOR 2",2026-08-09 00:05:07,127,GASOHOL PREMIUM,26.08,Galones,33808,DISTRIBUIDOR MAYORISTA DE COMBUSTIBLES LIQUIDOS,048,
33808-048-230625,20503840121,REPSOL COMERCIAL S.A.C.,MOQUEGUA,ILO,ILO,"AV. MARIANO LINO URQUIETA 1003, URB. SECTOR 2",2026-08-09 00:05:07,40,Diesel B5 S-50 UV,28.84,Galones,33808,DISTRIBUIDOR MAYORISTA DE COMBUSTIBLES LIQUIDOS,048,
33808-048-230625,20503840121,REPSOL COMERCIAL S.A.C.,MOQUEGUA,ILO,ILO,"AV. MARIANO LINO URQUIETA 1003, URB. SECTOR 2",2026-08-09 00:05:07,45,Diesel B5 S-50,27.27,Galones,33808,DISTRIBUIDOR MAYORISTA DE COMBUSTIBLES LIQUIDOS,048,
33809-048-200526,20503840121,REPSOL COMERCIAL SAC,LA LIBERTAD,TRUJILLO,SALAVERRY,FELIPE SANTIAGO SALAVERRY NRO. 100,2026-07-01 15:56:40,124,GASOLINA REGULAR,23.57,Galones,33809,DISTRIBUIDOR MAYORISTA DE COMBUSTIBLES LIQUIDOS,048,
33809-048-200526,20503840121,REPSOL COMERCIAL SAC,LA LIBERTAD,TRUJILLO,SALAVERRY,FELIPE SANTIAGO SALAVERRY NRO. 100,2026-07-01 15:56:40,125,GASOLINA PREMIUM,24.7,Galones,33809,DISTRIBUIDOR MAYORISTA DE COMBUSTIBLES LIQUIDOS,048,
33809-048-200526,20503840121,REPSOL COMERCIAL SAC,LA LIBERTAD,TRUJILLO,SALAVERRY,FELIPE SANTIAGO SALAVERRY NRO. 100,2026-08-09 00:05:02,126,GASOHOL REGULAR,25.09,Galones,33809,DISTRIBUIDOR MAYORISTA DE COMBUSTIBLES LIQUIDOS,048,
33809-048-200526,20503840121,REPSOL COMERCIAL SAC,LA LIBERTAD,TRUJILLO,SALAVERRY,FELIPE SANTIAGO SALAVERRY NRO. 100,2026-08-09 00:05:02,127,GASOHOL PREMIUM,25.49,Galones,33809,DISTRIBUIDOR MAYORISTA DE COMBUSTIBLES LIQUIDOS,048,
33809-048-200526,20503840121,REPSOL COMERCIAL SAC,LA LIBERTAD,TRUJILLO,SALAVERRY,FELIPE SANTIAGO SALAVERRY NRO. 100,2026-08-09 00:05:02,40,Diesel B5 S-50 UV,28.31,Galones,33809,DISTRIBUIDOR MAYORISTA DE COMBUSTIBLES LIQUIDOS,048,
33809-048-200526,20503840121,REPSOL COMERCIAL SAC,LA LIBERTAD,TRUJILLO,SALAVERRY,FELIPE SANTIAGO SALAVERRY NRO. 100,2026-08-09 00:05:02,45,Diesel B5 S-50,26.74,Galones,33809,DISTRIBUIDOR MAYORISTA DE COMBUSTIBLES LIQUIDOS,048,
33810-048-230625,20503840121,REPSOL COMERCIAL S.A.C.,LIMA,BARRANCA,SUPE PUERTO,CALLE CALLAO N° 445-460 NUEVA VICTORIA,2026-07-01 16:04:04,124,GASOLINA REGULAR,23.21,Galones,33810,DISTRIBUIDOR MAYORISTA DE COMBUSTIBLES LIQUIDOS,048,
33810-048-230625,20503840121,REPSOL COMERCIAL S.A.C.,LIMA,BARRANCA,SUPE PUERTO,CALLE CALLAO N° 445-460 NUEVA VICTORIA,2026-08-09 00:05:05,126,GASOHOL REGULAR,25.05,Galones,33810,DISTRIBUIDOR MAYORISTA DE COMBUSTIBLES LIQUIDOS,048,
33810-048-230625,20503840121,REPSOL COMERCIAL S.A.C.,LIMA,BARRANCA,SUPE PUERTO,CALLE CALLAO N° 445-460 NUEVA VICTORIA,2026-08-09 00:05:05,40,Diesel B5 S-50 UV,28.12,Galones,33810,DISTRIBUIDOR MAYORISTA DE COMBUSTIBLES LIQUIDOS,048,
33810-048-230625,20503840121,REPSOL COMERCIAL S.A.C.,LIMA,BARRANCA,SUPE PUERTO,CALLE CALLAO N° 445-460 NUEVA VICTORIA,2026-08-09 00:05:05,45,Diesel B5 S-50,26.55,Galones,33810,DISTRIBUIDOR MAYORISTA DE COMBUSTIBLES LIQUIDOS,048,
33811-048-200526,20503840121,REPSOL COMERCIAL SAC,ANCASH,SANTA,CHIMBOTE,"CALLE NRO. 3, NRO. 110, ZONA INDUSTRIAL GRAN TRAPECIO",2026-07-01 15:59:51,124,GASOLINA REGULAR,23.32,Galones,33811,DISTRIBUIDOR MAYORISTA DE COMBUSTIBLES LIQUIDOS,048,
33811-048-200526,20503840121,REPSOL COMERCIAL SAC,ANCASH,SANTA,CHIMBOTE,"CALLE NRO. 3, NRO. 110, ZONA INDUSTRIAL GRAN TRAPECIO",2026-08-09 00:05:03,12,PETRÓLEO INDUSTRIAL Nº 6,15.47,Galones,33811,DISTRIBUIDOR MAYORISTA DE COMBUSTIBLES LIQUIDOS,048,
33811-048-200526,20503840121,REPSOL COMERCIAL SAC,ANCASH,SANTA,CHIMBOTE,"CALLE NRO. 3, NRO. 110, ZONA INDUSTRIAL GRAN TRAPECIO",2026-08-09 00:05:03,126,GASOHOL REGULAR,25.17,Galones,33811,DISTRIBUIDOR MAYORISTA DE COMBUSTIBLES LIQUIDOS,048,
33811-048-200526,20503840121,REPSOL COMERCIAL SAC,ANCASH,SANTA,CHIMBOTE,"CALLE NRO. 3, NRO. 110, ZONA INDUSTRIAL GRAN TRAPECIO",2026-08-09 00:05:03,40,Diesel B5 S-50 UV,28.24,Galones,33811,DISTRIBUIDOR MAYORISTA DE COMBUSTIBLES LIQUIDOS,048,
33811-048-200526,20503840121,REPSOL COMERCIAL SAC,ANCASH,SANTA,CHIMBOTE,"CALLE NRO. 3, NRO. 110, ZONA INDUSTRIAL GRAN TRAPECIO",2026-08-09 00:05:03,45,Diesel B5 S-50,26.67,Galones,33811,DISTRIBUIDOR MAYORISTA DE COMBUSTIBLES LIQUIDOS,048,
33812-048-190625,20503840121,REPSOL COMERCIAL S.A.C.,AREQUIPA,ISLAY,MOLLENDO,"CALLE APURÍMAC S/N, ZONA INDUSTRIAL INCLÁN",2026-08-09 00:05:04,124,GASOLINA REGULAR,27.27,Galones,33812,DISTRIBUIDOR MAYORISTA DE COMBUSTIBLES LIQUIDOS,048,
33812-048-190625,20503840121,REPSOL COMERCIAL S.A.C.,AREQUIPA,ISLAY,MOLLENDO,"CALLE APURÍMAC S/N, ZONA INDUSTRIAL INCLÁN",2026-08-09 00:05:04,125,GASOLINA PREMIUM,28.68,Galones,33812,DISTRIBUIDOR MAYORISTA DE COMBUSTIBLES LIQUIDOS,048,
33812-048-190625,20503840121,REPSOL COMERCIAL S.A.C.,AREQUIPA,ISLAY,MOLLENDO,"CALLE APURÍMAC S/N, ZONA INDUSTRIAL INCLÁN",2026-08-09 00:05:04,126,GASOHOL REGULAR,25.55,Galones,33812,DISTRIBUIDOR MAYORISTA DE COMBUSTIBLES LIQUIDOS,048,
33812-048-190625,20503840121,REPSOL COMERCIAL S.A.C.,AREQUIPA,ISLAY,MOLLENDO,"CALLE APURÍMAC S/N, ZONA INDUSTRIAL INCLÁN",2026-08-09 00:05:04,127,GASOHOL PREMIUM,26.02,Galones,33812,DISTRIBUIDOR MAYORISTA DE COMBUSTIBLES LIQUIDOS,048,
33812-048-190625,20503840121,REPSOL COMERCIAL S.A.C.,AREQUIPA,ISLAY,MOLLENDO,"CALLE APURÍMAC S/N, ZONA INDUSTRIAL INCLÁN",2026-08-09 00:05:04,40,Diesel B5 S-50 UV,28.76,Galones,33812,DISTRIBUIDOR MAYORISTA DE COMBUSTIBLES LIQUIDOS,048,
33812-048-190625,20503840121,REPSOL COMERCIAL S.A.C.,AREQUIPA,ISLAY,MOLLENDO,"CALLE APURÍMAC S/N, ZONA INDUSTRIAL INCLÁN",2026-08-09 00:05:04,45,Diesel B5 S-50,27.19,Galones,33812,DISTRIBUIDOR MAYORISTA DE COMBUSTIBLES LIQUIDOS,048,
33813-048-240625,20503840121,REPSOL COMERCIAL S.A.C.,ICA,PISCO,SAN ANDRES,"CALLE GENARO MEDRANO S/N, CARRETERA PISCO PARACAS KM 11.5 ",2026-07-01 16:08:39,124,GASOLINA REGULAR,23.28,Galones,33813,DISTRIBUIDOR MAYORISTA DE COMBUSTIBLES LIQUIDOS,048,
33813-048-240625,20503840121,REPSOL COMERCIAL S.A.C.,ICA,PISCO,SAN ANDRES,"CALLE GENARO MEDRANO S/N, CARRETERA PISCO PARACAS KM 11.5 ",2026-07-01 16:08:39,125,GASOLINA PREMIUM,24.77,Galones,33813,DISTRIBUIDOR MAYORISTA DE COMBUSTIBLES LIQUIDOS,048,
33813-048-240625,20503840121,REPSOL COMERCIAL S.A.C.,ICA,PISCO,SAN ANDRES,"CALLE GENARO MEDRANO S/N, CARRETERA PISCO PARACAS KM 11.5 ",2026-08-09 00:05:01,126,GASOHOL REGULAR,25.1,Galones,33813,DISTRIBUIDOR MAYORISTA DE COMBUSTIBLES LIQUIDOS,048,
33813-048-240625,20503840121,REPSOL COMERCIAL S.A.C.,ICA,PISCO,SAN ANDRES,"CALLE GENARO MEDRANO S/N, CARRETERA PISCO PARACAS KM 11.5 ",2026-08-09 00:05:01,127,GASOHOL PREMIUM,25.54,Galones,33813,DISTRIBUIDOR MAYORISTA DE COMBUSTIBLES LIQUIDOS,048,
33813-048-240625,20503840121,REPSOL COMERCIAL S.A.C.,ICA,PISCO,SAN ANDRES,"CALLE GENARO MEDRANO S/N, CARRETERA PISCO PARACAS KM 11.5 ",2026-08-09 00:05:01,40,Diesel B5 S-50 UV,28.33,Galones,33813,DISTRIBUIDOR MAYORISTA DE COMBUSTIBLES LIQUIDOS,048,
33813-048-240625,20503840121,REPSOL COMERCIAL S.A.C.,ICA,PISCO,SAN ANDRES,"CALLE GENARO MEDRANO S/N, CARRETERA PISCO PARACAS KM 11.5 ",2026-08-09 00:05:01,45,Diesel B5 S-50,26.76,Galones,33813,DISTRIBUIDOR MAYORISTA DE COMBUSTIBLES LIQUIDOS,048,
33814-048-260526,20503840121,REPSOL COMERCIAL SAC,LAMBAYEQUE,CHICLAYO,ETEN PUERTO,"CARRETERA PUERTO ETEN KM. 1.5, PLAYA DE LOBOS",2026-08-09 00:05:02,124,GASOLINA REGULAR,26.92,Galones,33814,DISTRIBUIDOR MAYORISTA DE COMBUSTIBLES LIQUIDOS,048,
33814-048-260526,20503840121,REPSOL COMERCIAL SAC,LAMBAYEQUE,CHICLAYO,ETEN PUERTO,"CARRETERA PUERTO ETEN KM. 1.5, PLAYA DE LOBOS",2026-08-09 00:05:02,126,GASOHOL REGULAR,25.16,Galones,33814,DISTRIBUIDOR MAYORISTA DE COMBUSTIBLES LIQUIDOS,048,
33814-048-260526,20503840121,REPSOL COMERCIAL SAC,LAMBAYEQUE,CHICLAYO,ETEN PUERTO,"CARRETERA PUERTO ETEN KM. 1.5, PLAYA DE LOBOS",2026-08-09 00:05:02,40,Diesel B5 S-50 UV,28.3,Galones,33814,DISTRIBUIDOR MAYORISTA DE COMBUSTIBLES LIQUIDOS,048,
33814-048-260526,20503840121,REPSOL COMERCIAL SAC,LAMBAYEQUE,CHICLAYO,ETEN PUERTO,"CARRETERA PUERTO ETEN KM. 1.5, PLAYA DE LOBOS",2026-08-09 00:05:02,45,Diesel B5 S-50,26.73,Galones,33814,DISTRIBUIDOR MAYORISTA DE COMBUSTIBLES LIQUIDOS,048,
33817-048-280525,20503840121,REPSOL COMERCIAL S.A.C.,CUSCO,CUSCO,SAN JERONIMO,OSCOLLOPAMPA S/N,2026-08-09 00:05:06,124,GASOLINA REGULAR,28.4,Galones,33817,DISTRIBUIDOR MAYORISTA DE COMBUSTIBLES LIQUIDOS,048,
33817-048-280525,20503840121,REPSOL COMERCIAL S.A.C.,CUSCO,CUSCO,SAN JERONIMO,OSCOLLOPAMPA S/N,2026-08-09 00:05:06,126,GASOHOL REGULAR,26.51,Galones,33817,DISTRIBUIDOR MAYORISTA DE COMBUSTIBLES LIQUIDOS,048,
33817-048-280525,20503840121,REPSOL COMERCIAL S.A.C.,CUSCO,CUSCO,SAN JERONIMO,OSCOLLOPAMPA S/N,2026-08-09 00:05:06,40,Diesel B5 S-50 UV,29.27,Galones,33817,DISTRIBUIDOR MAYORISTA DE COMBUSTIBLES LIQUIDOS,048,
33817-048-280525,20503840121,REPSOL COMERCIAL S.A.C.,CUSCO,CUSCO,SAN JERONIMO,OSCOLLOPAMPA S/N,2026-08-09 00:05:06,45,Diesel B5 S-50,27.7,Galones,33817,DISTRIBUIDOR MAYORISTA DE COMBUSTIBLES LIQUIDOS,048,
34229-048-070722,20100128218,PETROLEOS DEL PERU - PETROPERU S.A.,UCAYALI,CORONEL PORTILLO,CALLERIA,AV. CENTENARIO N°1281,2026-08-04 06:54:23,124,GASOLINA REGULAR,16.62,Galones,34229,DISTRIBUIDOR MAYORISTA DE COMBUSTIBLES LIQUIDOS,048,
34229-048-070722,20100128218,PETROLEOS DEL PERU - PETROPERU S.A.,UCAYALI,CORONEL PORTILLO,CALLERIA,AV. CENTENARIO N°1281,2026-08-04 06:54:23,39,DIESEL B5 UV,20.25,Galones,34229,DISTRIBUIDOR MAYORISTA DE COMBUSTIBLES LIQUIDOS,048,
34229-048-070722,20100128218,PETROLEOS DEL PERU - PETROPERU S.A.,UCAYALI,CORONEL PORTILLO,CALLERIA,AV. CENTENARIO N°1281,2026-08-04 06:54:23,44,DIESEL B5,21.58,Galones,34229,DISTRIBUIDOR MAYORISTA DE COMBUSTIBLES LIQUIDOS,048,
34712-048-170724,20100128218,PETROLEOS DEL PERU S. A.  PLANTA DE VENTAS EL MILAGRO,AMAZONAS,UTCUBAMBA,EL MILAGRO,"ESTACIÓN Nº 7, CASERIO EL VALOR",2026-06-20 08:01:58,104,TURBO A-1 EXPORT,28.84,Galones,34712,DISTRIBUIDOR MAYORISTA DE COMBUSTIBLES LIQUIDOS,048,
34712-048-170724,20100128218,PETROLEOS DEL PERU S. A.  PLANTA DE VENTAS EL MILAGRO,AMAZONAS,UTCUBAMBA,EL MILAGRO,"ESTACIÓN Nº 7, CASERIO EL VALOR",2026-08-04 07:50:20,10,TURBO A-1,28.98,Galones,34712,DISTRIBUIDOR MAYORISTA DE COMBUSTIBLES LIQUIDOS,048,
34712-048-170724,20100128218,PETROLEOS DEL PERU S. A.  PLANTA DE VENTAS EL MILAGRO,AMAZONAS,UTCUBAMBA,EL MILAGRO,"ESTACIÓN Nº 7, CASERIO EL VALOR",2026-08-04 07:50:20,124,GASOLINA REGULAR,19.73,Galones,34712,DISTRIBUIDOR MAYORISTA DE COMBUSTIBLES LIQUIDOS,048,
34712-048-170724,20100128218,PETROLEOS DEL PERU S. A.  PLANTA DE VENTAS EL MILAGRO,AMAZONAS,UTCUBAMBA,EL MILAGRO,"ESTACIÓN Nº 7, CASERIO EL VALOR",2026-08-04 07:50:20,40,Diesel B5 S-50 UV,24.75,Galones,34712,DISTRIBUIDOR MAYORISTA DE COMBUSTIBLES LIQUIDOS,048,
34712-048-170724,20100128218,PETROLEOS DEL PERU S. A.  PLANTA DE VENTAS EL MILAGRO,AMAZONAS,UTCUBAMBA,EL MILAGRO,"ESTACIÓN Nº 7, CASERIO EL VALOR",2026-08-04 07:50:20,45,Diesel B5 S-50,26.32,Galones,34712,DISTRIBUIDOR MAYORISTA DE COMBUSTIBLES LIQUIDOS,048,
84533-048-030822,20513251506,VALERO PERU S.A.C.,PROV. CONST. DEL CALLAO,PROV. CONST. DEL CALLAO,CALLAO,"AV. NESTOR GAMBETTA KM. 11.5, LOTE B-2",2026-08-08 07:44:53,124,GASOLINA REGULAR,23.32,Galones,84533,DISTRIBUIDOR MAYORISTA DE COMBUSTIBLES LIQUIDOS,048,
84533-048-030822,20513251506,VALERO PERU S.A.C.,PROV. CONST. DEL CALLAO,PROV. CONST. DEL CALLAO,CALLAO,"AV. NESTOR GAMBETTA KM. 11.5, LOTE B-2",2026-08-08 07:44:53,125,GASOLINA PREMIUM,24.24,Galones,84533,DISTRIBUIDOR MAYORISTA DE COMBUSTIBLES LIQUIDOS,048,
84533-048-030822,20513251506,VALERO PERU S.A.C.,PROV. CONST. DEL CALLAO,PROV. CONST. DEL CALLAO,CALLAO,"AV. NESTOR GAMBETTA KM. 11.5, LOTE B-2",2026-08-08 07:44:53,126,GASOHOL REGULAR,23.1,Galones,84533,DISTRIBUIDOR MAYORISTA DE COMBUSTIBLES LIQUIDOS,048,
84533-048-030822,20513251506,VALERO PERU S.A.C.,PROV. CONST. DEL CALLAO,PROV. CONST. DEL CALLAO,CALLAO,"AV. NESTOR GAMBETTA KM. 11.5, LOTE B-2",2026-08-08 07:44:53,127,GASOHOL PREMIUM,24.07,Galones,84533,DISTRIBUIDOR MAYORISTA DE COMBUSTIBLES LIQUIDOS,048,
84533-048-030822,20513251506,VALERO PERU S.A.C.,PROV. CONST. DEL CALLAO,PROV. CONST. DEL CALLAO,CALLAO,"AV. NESTOR GAMBETTA KM. 11.5, LOTE B-2",2026-08-08 07:44:53,40,Diesel B5 S-50 UV,24.79,Galones,84533,DISTRIBUIDOR MAYORISTA DE COMBUSTIBLES LIQUIDOS,048,
84533-048-030822,20513251506,VALERO PERU S.A.C.,PROV. CONST. DEL CALLAO,PROV. CONST. DEL CALLAO,CALLAO,"AV. NESTOR GAMBETTA KM. 11.5, LOTE B-2",2026-08-08 07:44:53,45,Diesel B5 S-50,27.77,Galones,84533,DISTRIBUIDOR MAYORISTA DE COMBUSTIBLES LIQUIDOS,048,
