CODIGO_OSINERG,DIRECCION,DISTRITO,direccion_consultada,lat,lon,pase,osm_class,osm_type,display_name
100012,"AV. LAS LOMAS DE CARABAYLLO (VÍA PERIURBANA TRAMO I-C), MZ. A, LOTE 01 - ASOCIACIÓN AGROPECUARIA LOS PALOMARES",CARABAYLLO,"AV. LAS LOMAS DE CARABAYLLO, CARABAYLLO, LIMA, PERU",-11.880961,-77.026379,3,highway,residential,"Calle Las Palmeras, Asentamiento Humano Lomas de Carabayllo, Santo Domingo, Carabayllo, Lima, Lima Metropolitana, Lima, 15318, Perú"
100155,"AV. NICOLAS ARRIOLA N° 710, URB. SANTA CATALINA ",LA VICTORIA,"AV. NICOLAS ARRIOLA 710, LA VICTORIA, LIMA, PERU",-12.089836,-77.022164,1,highway,tertiary,"Calle Manuel Méndez, Urbanización Santa Catalina, La Victoria, Lima, Lima Metropolitana, Lima, 15033, Perú"
100232,"AV. PAUL POBLET, MZ. ""C"" SUB LOTE 1-A, HUERTO DE PACHACAMAC",PACHACAMAC,"AV. PAUL POBLET, PACHACAMAC, LIMA, PERU",-12.177944,-76.863256,3,highway,primary,"Avenida Paul Poblet, Manchay Bajo, Picapiedra, Pachacámac, Lima, Lima Metropolitana, Lima, 15822, Perú"
101467,"CALLE TACNA ESQUINA CON CALLE ABANCAY MZ. 77, LOTES 1 Y 2, AA.HH. SANTA ROSA",PUENTE PIEDRA,"CALLE TACNA ESQUINA CON CALLE ABANCAY MZ. 77, LOTES 1 Y 2, PUENTE PIEDRA, LIMA, PERU",,,0,,,
101850,"SECTOR 1 GRUPO 25A - MZ. I, LT. 1",VILLA EL SALVADOR,"SECTOR 1 GRUPO 25A - MZ. I, LT. 1, VILLA EL SALVADOR, LIMA, PERU",,,0,,,
104256,"AV. LAS TORRES MZ. D LOTE 14, URB. ALAMEDA DE HUACHIPA",LURIGANCHO,"AV. LAS TORRES, LURIGANCHO, LIMA, PERU",-12.014101,-76.900994,3,highway,trunk,"Avenida Las Torres, Lurigancho, Lima, Lima Metropolitana, Lima, 15487, Perú"
104367,"LOTE 2B, LA RINCONADA PAMPLONA ALTA",SAN JUAN DE MIRAFLORES,"LOTE 2B, LA RINCONADA PAMPLONA ALTA, SAN JUAN DE MIRAFLORES, LIMA, PERU",,,0,,,
104494,"AV. NICOLAS AYLLON Nº 3620, CARRETERA CENTRAL ESQUINA CON AV. ATE",ATE,"AV. NICOLAS AYLLON 3620, ATE, LIMA, PERU",-12.064047,-76.9891,2,highway,primary,"Avenida Nicolás de Ayllón, Valdiviezo, Ate, Lima, Lima Metropolitana, Lima, 15019, Perú"
104953,"AV. LIMA N° 2000, P.J. VILLA POETA JOSE GALVEZ PARCELA B MZ. 159, LOTE 4",VILLA MARIA DEL TRIUNFO,"AV. LIMA 2000, VILLA MARIA DEL TRIUNFO, LIMA, PERU",-12.214392,-76.906603,2,highway,secondary,"Avenida Lima, José Gálvez Barrenechea, Villa María del Triunfo, Lima, Lima Metropolitana, Lima, 15822, Perú"
105356," AV. 200 ESQUINA CON CALLE S/N, MZ. A, LOTE 21 - PARQUE INDUSTRIAL PACHACUTEC",VENTANILLA,"AV. 200 ESQUINA CON CALLE, MZ. A, LOTE 21 - PARQUE INDUSTRIAL PACHACUTEC, VENTANILLA, LIMA, PERU",,,0,,,
105599,"AV. CARAPONGO Y CALLE LOS ROBLES, MZ. D, LOTE 1  URB. POPULAR NUEVO HORIZONTE CARAPONGO",LURIGANCHO,"AV. CARAPONGO, LURIGANCHO, LIMA, PERU",-12.007436,-76.886948,3,highway,tertiary,"Avenida Carapongo, Carapongo, Lurigancho, Lima, Lima Metropolitana, Lima, 15487, Perú"
105730,AV. NESTOR GAMBETA KM. 6.5,VENTANILLA,"AV. NESTOR GAMBETA KM. 6.5, VENTANILLA, LIMA, PERU",,,0,,,
106020,"ESQUINA AV. 200 CON CALLE 32 MZ K, LOTE 1 Y 26, ASENTAMIENTO HUMANO JAIME JOSHIYAMA.",CALLAO,"ESQUINA AV. 200 CON CALLE 32 MZ K, LOTE 1 Y 26, CALLAO, LIMA, PERU",,,0,,,
106767,AV. VENEZUELA ESQUINA CON AV. RIVA AGUERO,SAN MIGUEL,"AV. VENEZUELA ESQUINA CON AV. RIVA AGUERO, SAN MIGUEL, LIMA, PERU",,,0,,,
107193,AV. MEXICO NRO. 295 ESQUINA CON AV. MANCO CAPAC,LA VICTORIA,"AV. MEXICO 295, LA VICTORIA, LIMA, PERU",-12.076707,-77.028203,2,highway,primary,"Avenida México, Urbanización Balconcillo, La Victoria, Lima, Lima Metropolitana, Lima, 15046, Perú"
107381,"AV. 5 DE AGOSTO CON CALLE LOS ANGELES MZ. A LOTES 1, 2 Y 23 DEL PROGRAMA DE VIVIENDA Y COMERCIO SAN VALENTIN DE HUACHIPA",LURIGANCHO,"AV. 5 DE AGOSTO CON CALLE LOS ANGELES MZ. A LOTES 1, 2 Y 23 DEL, LURIGANCHO, LIMA, PERU",,,0,,,
107602," LOTES 7 Y 8 DE PUNCHAUCA, CAUDIVILLA Y ANEXO CONCON Y HUACOY ( AV. TUPAC AMARU KM. 22.50)",CARABAYLLO,"LOTES 7 Y 8 DE PUNCHAUCA, CAUDIVILLA Y ANEXO CONCON Y HUACOY, CARABAYLLO, LIMA, PERU",,,0,,,
108311,"MALECON SAN MARTIN - MANZANA 50. LOTES 6, 7, 8, 51 Y 52. SECTOR BALNEARIO",PUCUSANA,"MALECON. SAN MARTIN - MANZANA 50, PUCUSANA, LIMA, PERU",-12.480755,-76.797989,2,highway,residential,"Malecon San Martín, Pucusana, Lima, Lima Metropolitana, Lima, 15866, Perú"
108688,AV. SAN JUAN DE DIOS CON CALLE 7  MZ- C1- LTE-1 URB. LOTIZACION INDUSTRIAL,PUENTE PIEDRA,"AV. SAN JUAN DE DIOS CON CALLE 7 MZ- C1- LTE-1, PUENTE PIEDRA, LIMA, PERU",,,0,,,
108709,AV. LEONCIO PRADO Nº 344 - ZAPALLAL,PUENTE PIEDRA,"AV. LEONCIO PRADO 344 - ZAPALLAL, PUENTE PIEDRA, LIMA, PERU",-11.837432,-77.108289,1,highway,tertiary,"Calle Leoncio Prado, Zapallal, Puente Piedra, Lima, Lima Metropolitana, Lima, 15122, Perú"
109801,"AV. UNIVERSITARIA NORTE N° 8290 (MZ. P, LT 1-38) URB. SAN AGUSTIN 2DA. ETAPA",COMAS,"AV. UNIVERSITARIA NORTE 8290, COMAS, LIMA, PERU",,,0,,,
110659,"AV. LAS LOMAS DE CARABAYLLO MZ- B LTES 14,15 Y 16 - PROGRAMA DE VIVIENDA SAN JOSE",CARABAYLLO,"AV. LAS LOMAS DE CARABAYLLO, CARABAYLLO, LIMA, PERU",-11.880961,-77.026379,3,highway,residential,"Calle Las Palmeras, Asentamiento Humano Lomas de Carabayllo, Santo Domingo, Carabayllo, Lima, Lima Metropolitana, Lima, 15318, Perú"
111552,"ASOCIACION DE PROPIETARIOS SEÑOR DE HUANCA MZ. D, LOTE 1 ",CIENEGUILLA,"ASOCIACION DE PROPIETARIOS SEÑOR DE HUANCA MZ. D, LOTE 1, CIENEGUILLA, LIMA, PERU",,,0,,,
112178,"AV. FRANCISCO PIZARRO Nº 770, 772, 774, 776, 778, 780, 782, 784 Y 786 ESQ. CON AV. FELIPE ARANCIBIA",RIMAC,"AV. FRANCISCO PIZARRO 770, RIMAC, LIMA, PERU",-12.030808,-77.042026,2,highway,secondary,"Avenida Francisco Pizarro, Urbanización Villacampa, Rímac, Lima, Lima Metropolitana, Lima, 15025, Perú"
113128,"AV. LOS INCAS CON AV. SINCHI ROCA, MZ. A, LT. 18",COMAS,"AV. LOS INCAS CON AV. SINCHI ROCA, MZ. A, LT. 18, COMAS, LIMA, PERU",,,0,,,
114073,AV. NICOLAS ARRIOLA N° 1003,LA VICTORIA,"AV. NICOLAS ARRIOLA 1003, LA VICTORIA, LIMA, PERU",-12.089836,-77.022164,1,highway,tertiary,"Calle Manuel Méndez, Urbanización Santa Catalina, La Victoria, Lima, Lima Metropolitana, Lima, 15033, Perú"
115245,CALLE LIMA SUR N° 1529 (EX CARRETERA CENTRAL) PARTE DEL LOTE 43 DEL FUNDO MOYOPAMPA ,LURIGANCHO,"CALLE. LIMA SUR 1529, LURIGANCHO, LIMA, PERU",-11.940357,-76.701063,2,amenity,place_of_worship,"Las Asambleas de Dios del Peru, Calle Trujillo Sur, El Jardín, San Antonio, Chosica, Lurigancho, Lima, Lima Metropolitana, Lima, 15468, Perú"
115931,"AV. UNIVERSITARIA S/N, MZ. A  LOTES 15 Y 16 PROGRAMA DE VIVIENDA LAS MERCEDES",CARABAYLLO,"AV. UNIVERSITARIA, CARABAYLLO, LIMA, PERU",-11.87522,-77.024625,3,highway,secondary,"Avenida Universitaria, AH Nueva Estrella, El Progreso, Carabayllo, Lima, Lima Metropolitana, Lima, 15321, Perú"
116243,"AV. IQUITOS 967-969,973-979,983-989-993-997-999 Y AV. ISABEL LA CATÓLICA 201-203,221-229,233",LA VICTORIA,"AV. IQUITOS 967, LA VICTORIA, LIMA, PERU",-12.069823,-77.028618,2,place,house,"967, Avenida Iquitos, La Victoria, Lima, Lima Metropolitana, Lima, 15011, Perú"
116395,"AV. CARAPONGO MZ. H LOTE 1-2, URB. LOS TULIPANES DE CARAPONGO",LURIGANCHO,"AV. CARAPONGO, LURIGANCHO, LIMA, PERU",-12.007436,-76.886948,3,highway,tertiary,"Avenida Carapongo, Carapongo, Lurigancho, Lima, Lima Metropolitana, Lima, 15487, Perú"
116752,"AV. 200 Y AV. 150  IZQUIERDA, MZ. L¿2 LOTE 4, GRUPO RESIDENCIAL B4 SECTOR B PROYECTO PILOTO NUEVO PACHACUTEC",VENTANILLA,"AV. 200 Y AV. 150, VENTANILLA, LIMA, PERU",-11.883898,-77.123233,2,boundary,administrative,"Ventanilla, Callao, Lima Metropolitana, Callao, 07051, Perú"
116829,CARRETERA CENTRAL KM 14.800 ESQUINA  CON AV. GLORIA - GLORIA ALTA,ATE,"CARRETERA. CENTRAL KM 14, ATE, LIMA, PERU",-12.00823,-76.859993,2,highway,trunk,"Carretera Central, San Germán, Ate, Lima, Lima Metropolitana, Lima, 15487, Perú"
117443,"AV. GUARDIA CHALACA MZ. 24 LOTE 17, ESQUINA CON AV. SAENZ PEÑA, URB. SANTA MARIA",CALLAO,"AV. GUARDIA CHALACA MZ. 24, CALLAO, LIMA, PERU",-12.055722,-77.133202,2,highway,primary,"Avenida Guardia Chalaca, Santa Marina, Callao, Lima Metropolitana, Callao, 07001, Perú"
117590,"PREDIO RURAL SAN PEDRO LOTE UNICO, VALLE DE LURIN, ANTIGUA PANAMERICANA SUR, KM. 34.5",LURIN,"PANAMERICANA. SUR, LURIN, LIMA, PERU",-12.277955,-76.869162,3,highway,residential,"Auxiliar Antigua Panamericana Sur, Las Virreinas, Fundo San José, Lurín, Lima, Lima Metropolitana, Lima, 15823, Perú"
118132,BAHIA DEL CALLAO,CALLAO,"BAHIA DEL CALLAO, CALLAO, LIMA, PERU",-12.045961,-77.081672,1,highway,tertiary,"Bahía, Urbanización Industrial Wiese, Lima, Lima Metropolitana, Lima, 07006, Perú"
118240,"AV. UNIVERSITARIA CRUCE CON AV. MANUEL PRADO MZ. B LOTE 04,05,06,07 Y 08 PROGRAMA DE VIVIENDA SANTA ROSA ",CARABAYLLO,"AV. UNIVERSITARIA CRUCE CON AV. MANUEL PRADO MZ. B LOTE 04,05,06,07 Y 08, CARABAYLLO, LIMA, PERU",,,0,,,
118280,"AV. SANTA ROSA MZ. D, LOTE 01 - ASOCIACION DE PROPIETARIOS LOS PARRALES DE PUENTE PIEDRA",PUENTE PIEDRA,"AV. SANTA ROSA, PUENTE PIEDRA, LIMA, PERU",-11.87488,-77.077943,3,highway,secondary,"Avenida Santa Rosa, Urbanización Augusto Bedoya, Puente Piedra, Lima, Lima Metropolitana, Lima, 15118, Perú"
118693,"MZ. A LOTE 1, URB. LOS TULIPANES ",LURIGANCHO,"MZ. A LOTE 1, LURIGANCHO, LIMA, PERU",,,0,,,
118799,"LOTE25,MZ.N¿, AGRUPAMIENTO PACHACAMAC,SECTOR SEGUNDO,PARCELAA/BARRIO1(ALT.INTERSECC DE LAS AV.SEPARADORA INDUSTRIAL Y AV.PROLONGACION UNIVERSITARIA)",VILLA EL SALVADOR,"LOTE25,MZ.N, VILLA EL SALVADOR, LIMA, PERU",,,0,,,
120987,"AV. LAS TORRES MZ. F, SUB LOTE 6A, ESQUINA CON AV. HUACHIPA, LOTIZACIÓN LA CAPITANA - SANTA MARÍA DE HUACHIPA",LURIGANCHO,"AV. LAS TORRES, LURIGANCHO, LIMA, PERU",-12.014101,-76.900994,3,highway,trunk,"Avenida Las Torres, Lurigancho, Lima, Lima Metropolitana, Lima, 15487, Perú"
121053,"SECTOR 1, GRUPO 22, MZ. I, LOTE 01",VILLA EL SALVADOR,"SECTOR 1, GRUPO 22, MZ. I, LOTE 01, VILLA EL SALVADOR, LIMA, PERU",,,0,,,
121126,"AV. ANDRES AVELINO CACERES LT 15, ZONA H,  PJ PROYECTO ESPECIAL HUAYCAN",ATE,"AV. ANDRES AVELINO CACERES LT 15, ATE, LIMA, PERU",-11.997311,-76.834668,2,highway,secondary,"Avenida Andrés Avelino Cáceres, Pariachi, Huaycán, Ate, Lima, Lima Metropolitana, Lima, 15474, Perú"
121358,"AV. CHOSICA-CARRETERA CAJAMARQUILLA, PARCELA 89, LOTE 89-B, URB. CAJAMARQUILLA, SEGUNDA ETAPA, ESQUINA CALLE 03.",LURIGANCHO,"AV. CHOSICA-CARRETERA CAJAMARQUILLA, PARCELA 89, LOTE 89-B, LURIGANCHO, LIMA, PERU",,,0,,,
121965,AV. LAS TORRES Y ESQ. AV. CAJAMARQUILLA (AV. MEDIA LUNA) PARCELA MEDIA LUNA MZ. E LOTE 7 ,LURIGANCHO,"AV. LAS TORRES, LURIGANCHO, LIMA, PERU",-12.014101,-76.900994,3,highway,trunk,"Avenida Las Torres, Lurigancho, Lima, Lima Metropolitana, Lima, 15487, Perú"
122618,PARCELA 6 COOPERATIVA AGRARIA MARIA PARADO DE BELLIDO,CARABAYLLO,"PARCELA 6, CARABAYLLO, LIMA, PERU",-11.794993,-76.989292,1,boundary,administrative,"Carabayllo, Lima, Lima Metropolitana, Lima, Perú"
123168,"MZ. A, LOTES 65, 66, 1, URBANIZACIÓN TUNGASUCA",CARABAYLLO,"MZ. A, LOTES 65, 66, 1, CARABAYLLO, LIMA, PERU",,,0,,,
123546,AV. LOS PROCERES ESQ. CON AV. CONFRATERNIDAD MZ D2 LOTES 29-41 URB. SANTA ANA,LOS OLIVOS,"AV. LOS PROCERES ESQ. CON AV. CONFRATERNIDAD MZ D2 LOTES 29-41, LOS OLIVOS, LIMA, PERU",,,0,,,
123796,AV. UNIVERSITARIA N° 100  URB. SANTA ISABEL,CARABAYLLO,"AV. UNIVERSITARIA 100, CARABAYLLO, LIMA, PERU",-11.897723,-77.038386,1,highway,residential,"Avenida Universitaria, Carabayllo, Lima, Lima Metropolitana, Lima, 15316, Perú"
123805,"AV. INDUSTRIAL, MZ. F LOTE 5, ESQUINA AV. SAN JUAN, URB. LAS VEGAS",PUENTE PIEDRA,"AV. INDUSTRIAL, PUENTE PIEDRA, LIMA, PERU",-11.86717,-77.066096,3,highway,residential,"Avenida Industrial, Las Casuarinas, Urbanización Augusto Bedoya, Puente Piedra, Lima, Lima Metropolitana, Lima, 15118, Perú"
123985,"CARRETERA CENTRAL SUB PARCELA 8A DE LA PARCELA N°10015 EX FUNDO PARIACHI MZ. A LT. 1 Y 2, PROGRAMA DE VIVIENDA 'LAS PONCIANAS DE PARIACHI'",ATE,"CARRETERA CENTRAL SUB PARCELA 8A DE LA PARCELA 10015 EX, ATE, LIMA, PERU",,,0,,,
124175,"AV. LOS ARQUITECTOS S/N MZ A LOTES 10-12 SECTOR G BARRIO XV GRUPO RESIDENCIAL 4, PROYECTO ESPECIAL PACHACUTEC",VENTANILLA,"AV. LOS ARQUITECTOS, VENTANILLA, LIMA, PERU",-11.814768,-77.135253,3,highway,primary,"Avenida Los Arquitectos, Ancón, Lima, Lima Metropolitana, Lima, 15122, Perú"
124260,AV. SAN MARTIN DE PORRAS MZ CL 1 LOTE 18-19 CANTO GRANDE  ,SAN JUAN DE LURIGANCHO,"AV. SAN MARTIN DE PORRAS MZ CL 1 LOTE 18-19 CANTO GRANDE, SAN JUAN DE LURIGANCHO, LIMA, PERU",,,0,,,
125601,AV. REPUBLICA DE CROACIA (ANTES AV. LEONCIO PRADO) CON AV. COPACABANA KM 35 DE LA PANAMERICANA. NORTE MZ. N LT 186,PUENTE PIEDRA,"AV. REPUBLICA DE CROACIA CON AV. COPACABANA KM 35 DE LA PANAMERICANA. NORTE MZ. N LT 186, PUENTE PIEDRA, LIMA, PERU",,,0,,,
125695,"AV. HEROES DEL ALTO CENEPA, LTE 27 (AUTOPISTA TRAPICHE - CHILLON)",COMAS,"AV. HEROES DEL ALTO CENEPA, LTE 27, COMAS, LIMA, PERU",,,0,,,
125850,MZ. N LOTE 9 PARCELACION SEMI RUSTICA DEL FUNDO CANTO GRANDE 2DA ETAPA,SAN JUAN DE LURIGANCHO,"MZ. N LOTE 9, SAN JUAN DE LURIGANCHO, LIMA, PERU",,,0,,,
125855,AV. DEFENSORES DEL MORRO (EX AV. HUAYLAS) N° 1391 H.U. EL MORRO,CHORRILLOS,"AV. DEFENSORES DEL MORRO 1391, CHORRILLOS, LIMA, PERU",-12.207947,-76.989066,2,highway,primary,"Avenida Prolongación Defensores del Morro, Delicias de Villa, Chorrillos, Lima, Lima Metropolitana, Lima, 15067, Perú"
126097,LOTIZACION SEMI RUSTICA LEONCIO PRADO LOTE 108 MZ I,PUENTE PIEDRA,"LOTIZACION SEMI RUSTICA LEONCIO PRADO LOTE 108 MZ I, PUENTE PIEDRA, LIMA, PERU",,,0,,,
128675,ALFREDO MENDIOLA N° 700 - 704 URB. PALAO,SAN MARTIN DE PORRES,"ALFREDO MENDIOLA 700 - 704, SAN MARTIN DE PORRES, LIMA, PERU",-12.019894,-77.059707,1,shop,yes,"Zocalos Perú, Avenida Alfredo Mendiola, Palao, San Martín de Porres, Lima, Lima Metropolitana, Lima, 15102, Perú"
129641,"SUB LOTE 1-A QUE FORMO PARTE DEL LOTE 1 DE LA MZ F, URB. CANTO GRANDE UNIDAD 12	",SAN JUAN DE LURIGANCHO,"SUB LOTE 1-A QUE FORMO PARTE DEL LOTE 1 DE LA MZ F, SAN JUAN DE LURIGANCHO, LIMA, PERU",,,0,,,
130599,AV. RETAMAL S/N MZ. I LT. 10 AL 15 ASOCIACION DE VIVIENDA ECOLOGICA-AVIECO QUEBRADA RETAMAL,PACHACAMAC,"AV. RETAMAL, PACHACAMAC, LIMA, PERU",-12.152108,-76.875178,3,place,square,"Plaza Cívica de la Quebrada Retamal, Pachacámac, Lima, Lima Metropolitana, Lima, 15594, Perú"
130775,"AV. LA PAZ Y CALLE GRAN MARISCAL AGUSTIN GAMARRA MESSIA (ANTES JIRON) DENOMINADO LOTE 246, SUBLOTE A,B,C Y D DE LA MZ. 14 URBANIZACIÓN MIRAMAR..",SAN MIGUEL,"AV. LA PAZ, SAN MIGUEL, LIMA, PERU",-12.088531,-77.086813,3,highway,secondary,"Avenida La Paz, San Miguel, Lima, Lima Metropolitana, Lima, 15032, Perú"
131174,"MZ 1-B, LOTE 02 SUB PARCELA 1-E (3ERA ETAPA) NUEVA URBANIZACION TORRE BLANCA",CARABAYLLO,"MZ 1-B, LOTE 02 SUB PARCELA 1-E NUEVA, CARABAYLLO, LIMA, PERU",,,0,,,
132204,"AV. NICOLAS ARRIOLA N° 2140 ESQUINA CON AV. SAN LUIS, URBANIZACION  SAN LUIS",SAN LUIS,"AV. NICOLAS ARRIOLA 2140, SAN LUIS, LIMA, PERU",-12.072172,-77.002457,2,place,house,"2140, Avenida Nicolás Arriola, Mariscal Ramón Castilla, San Luis, Lima, Lima Metropolitana, Lima, 15019, Perú"
132211,CARRETERA CENTRAL KM. 22.700	,CHACLACAYO,"CARRETERA CENTRAL KM. 22.700, CHACLACAYO, LIMA, PERU",-11.995374,-76.830708,1,office,telecommunication,"Oberthur Technologies Of Peru S.A., Km. 17.5, Carretera Central, Villa Rica Baja, Villa Rica, Chaclacayo, Lima, Lima Metropolitana, Lima, 15474, Perú"
133099,AV. JOSÉ CARLOS MARIATEGUI N° 1184-1292 ,VILLA MARIA DEL TRIUNFO,"AV. JOSÉ CARLOS MARIATEGUI 1184, VILLA MARIA DEL TRIUNFO, LIMA, PERU",-12.14855,-76.950786,2,highway,secondary,"Avenida José Carlos Mariátegui, Villa Limatambo, Vallecito, Villa María del Triunfo, Lima, Lima Metropolitana, Lima, 15811, Perú"
133262,UNIVERSITARIA S/N CRUCE CON CALLE 2,CARABAYLLO,"UNIVERSITARIA CRUCE CON CALLE 2, CARABAYLLO, LIMA, PERU",,,0,,,
134060,AV. JOSÉ SACO ROJAS MZ.B LOTE 9 PROGRAMA DE VIVIENDA LAS DALIAS,CARABAYLLO,"AV. JOSÉ SACO ROJAS, CARABAYLLO, LIMA, PERU",-11.858213,-77.043528,3,highway,construction,"Avenida José Saco Rojas, Las Flores, San Antonio, San Pedro de Carabayllo, Carabayllo, Lima, Lima Metropolitana, Lima, 15121, Perú"
134913,"A.H. PROYECTO INTEGRAL ALIANZA INDUSTRIAL DE LAS LOMAS MZ. C LOTE 5 - SECTOR CRUZ DEL NORTE 1, ZONA BAJA ",CARABAYLLO,"A.H. PROYECTO INTEGRAL ALIANZA INDUSTRIAL DE LAS LOMAS MZ. C LOTE 5 - SECTOR CRUZ DEL NORTE 1, ZONA BAJA, CARABAYLLO, LIMA, PERU",,,0,,,
135513,"AV. LURIGANCHO MZ. B LOTE 10 A,B,C,D, E Y SUB LOTE 10 F1",SAN JUAN DE LURIGANCHO,"AV. LURIGANCHO, SAN JUAN DE LURIGANCHO, LIMA, PERU",-12.016792,-76.99539,3,highway,primary,"Avenida Lurigancho, Mangomarca, San Juan de Lurigancho, Lima, Lima Metropolitana, Lima, 15427, Perú"
135731,"AV. X-5 MZ. G-1 LOTES 5, 6 Y 7 (ANTIGUA PANAMERICANA SUR)",LURIN,"AV. X-5, LURIN, LIMA, PERU",-12.265391,-76.830136,3,highway,tertiary,"Av. Panpas de Lurín, Urbanización Praderas de Lurín, Lurín, Lima, Lima Metropolitana, Lima, 15823, Perú"
136355,AV. NICOLAS AYLLON (ANTES CARRETERA CENTRAL) PREDIO SEMI RUSTICO PARIACHI PARCELA 10906,ATE,"AV. NICOLAS AYLLON PREDIO SEMI RUSTICO PARIACHI PARCELA 10906, ATE, LIMA, PERU",,,0,,,
137892,"AV. LOS ALISOS, ESQUINA CON AV. MANUEL MUJICA GALLO LT 1A, 1, 2, 3, 4, 5 Y 36 MZ. A, PROGRAMA DE VIVIENDA Y COMERCIO RESIDENCIAL EL ROSARIO",CALLAO,"AV. LOS ALISOS, CALLAO, LIMA, PERU",-11.977221,-77.112899,3,highway,tertiary,"Avenida Los Alisos, Oquendo, Callao, Lima Metropolitana, Callao, 15112, Perú"
138446,"ASOC. DE VIVIENDA CASA TALLER SANTA MARGARITA MZ L LOTE 3, 4, 5-A",VENTANILLA,"ASOC. DE VIVIENDA CASA TALLER SANTA MARGARITA MZ L LOTE 3, 4, 5-A, VENTANILLA, LIMA, PERU",,,0,,,
138914,"COOPERATIVA DE VIVIENDA VILLA DEL MAR N° 104-LADO B, AV 1RO DE MAYO N° 2289 Y N° 2291 Y PSJ. VILLA N° 194 Y 196",EL AGUSTINO,"AV. 1RO DE MAYO, EL AGUSTINO, LIMA, PERU",-12.030287,-77.005042,3,highway,residential,"Avenida Malecon de la Amistad, El Agustino, Lima, Lima Metropolitana, Lima, 15401, Perú"
13930,"AV. ANGAMOS ESTE N° 1159 (ANTES: AV. PRIMAVERA N° 1159), URB. VALLE HERMOSO DE MONTERRICO ",SANTIAGO DE SURCO,"AV. ANGAMOS ESTE 1159, SANTIAGO DE SURCO, LIMA, PERU",-12.110594,-76.982607,1,highway,primary,"Avenida Primavera, Bella Luz, Urb. Chacarilla del Estanque (Surco), Santiago de Surco, Lima, Lima Metropolitana, Lima, 51132, Perú"
139411,PARCELACIÓN HUERTOS DE VILLENA MZ. B LT. 4,PACHACAMAC,"PARCELACIÓN HUERTOS DE VILLENA MZ. B LT. 4, PACHACAMAC, LIMA, PERU",,,0,,,
142077,INTERSECCION DE LA AV. LOS HALCONES Y LA CALLE SAN LUIS DE NIEVERIA LOTE 3B,LURIGANCHO,"AV. LOS HALCONES, LURIGANCHO, LIMA, PERU",-12.013222,-76.999857,3,highway,residential,"Los Halcones, El Sauce, San Juan de Lurigancho, Lima, Lima Metropolitana, Lima, 15427, Perú"
142258,MZ 'G' LTE 7 ALT. KM 33.50 CARRETERA LIMA - CANTA,CARABAYLLO,"MZ G LTE 7, CARABAYLLO, LIMA, PERU",,,0,,,
142298,URB. SANTA MARIA 5TA ETAPA MZ. C-1 LOTE 01,CARABAYLLO,"URB. SANTA MARIA 5TA ETAPA MZ. C-1 LOTE 01, CARABAYLLO, LIMA, PERU",,,0,,,
142686,"LOTE 1 MZ. A-I ASOCIACION URB. POPULAR LOS CEDROS DE VILLA, SECTOR CAJAMARQUILLA, ESQUINA AV. CAJAMARQUILLA Y CALLE LOS CEDROS",LURIGANCHO,"AV. CAJAMARQUILLA, LURIGANCHO, LIMA, PERU",-11.983362,-76.909587,3,highway,tertiary,"Avenida Cajamarquilla, Mirador de Niveria, Lurigancho, Lima, Lima Metropolitana, Lima, 15487, Perú"
142938, AV. MEXICO N° 2383 INTERSECCION CON JR. VIRREY LA SERNA ,LA VICTORIA,"AV. MEXICO 2383, LA VICTORIA, LIMA, PERU",-12.065748,-77.004306,1,place,house,"2383, Avenida México, Fortis, La Victoria, Lima, Lima Metropolitana, Lima, 15019, Perú"
144228,JR. LAS RETAMAS MZ. A LOTE 01 COOPERATIVA DE VIVIENDA LAS PIRAMIDES,EL AGUSTINO,"JR. LAS RETAMAS MZ. A LOTE 01, EL AGUSTINO, LIMA, PERU",,,0,,,
144359,AV. VENEZUELA N° 3300,LIMA,"AV. VENEZUELA 3300, LIMA, LIMA, PERU",-12.063088,-77.097525,1,highway,secondary,"Auxiliar Avenida República de Venezuela, Villalba, San Miguel, Lima, Lima Metropolitana, Lima, 06011, Perú"
144374,"PANAMERICANA SUR MZ. P, LOTES 18, 19, 20, COOPERATIVA DE VIVIENDA AMERICA S.R.LTDA",SAN JUAN DE MIRAFLORES,"PANAMERICANA. SUR, SAN JUAN DE MIRAFLORES, LIMA, PERU",-12.170824,-76.978892,3,highway,secondary,"Panamericana Sur, José Joaquin Inclan, San Juan de Miraflores, Lima, Lima Metropolitana, Lima, 15801, Perú"
144526,"LOTE 1, CON FRENTE A LA AV. HEROES ALTO CENEPA - EX FUNDO CHACRA CERRO",COMAS,"LOTE 1, CON, COMAS, LIMA, PERU",,,0,,,
144855,AV. ALAMEDA N° 180,LURIGANCHO,"AV. ALAMEDA 180, LURIGANCHO, LIMA, PERU",-11.958563,-76.996576,1,place,house,"180, Avenida Naciones Unidas, Proyecto Especiales, Bayóvar, San Juan de Lurigancho, Lima, Lima Metropolitana, Lima, 15423, Perú"
14583,INTERSECCION DE AV. OSCAR R. BENAVIDES N° 4600 Y AV. SAN JOSE URB. SAN JOSE,BELLAVISTA,"AV. OSCAR R. BENAVIDES 4600, BELLAVISTA, LIMA, PERU",-12.051713,-77.087325,2,highway,primary,"Avenida Óscar Raimundo Benavides, Lima, Lima Metropolitana, Lima, 07006, Perú"
14622,"AV. EVITAMIENTO N° 1904 MZ. B LOTES 1-6, URB. LOS PARQUES DE MONTERRICO",ATE,"AV. EVITAMIENTO 1904, ATE, LIMA, PERU",-12.080993,-76.978542,2,highway,residential,"Avenida Vía de Evitamiento, Salamanca, Ate, Lima, Lima Metropolitana, Lima, 15022, Perú"
14627,AV. MANUEL PRADO N° 816,CARABAYLLO,"AV. MANUEL PRADO 816, CARABAYLLO, LIMA, PERU",-11.870771,-77.02021,1,highway,secondary,"Avenida Manuel Prado, AH Heroes de la Guerra Del Pacifico, El Progreso, Carabayllo, Lima, Lima Metropolitana, Lima, 15321, Perú"
14628,AV. TUPAC AMARU KM. 22. CARRETERA A CANTA - ASOCIACION LOS ROSALES DE CHILLON,CARABAYLLO,"AV. TUPAC AMARU KM. 22, CARABAYLLO, LIMA, PERU",-11.90735,-77.03232,2,highway,trunk,"Avenida Túpac Amaru, Asentamiento Humano 1º de Noviembre, Carabayllo, Lima, Lima Metropolitana, Lima, 15313, Perú"
14632,"CALLE CONSTELACION AUSTRAL MZ. D-1 LOTE 10, URB. PARCELACION LA CAMPIÑA",CHORRILLOS,"CALLE CONSTELACION AUSTRAL MZ. D-1 LOTE 10, CHORRILLOS, LIMA, PERU",,,0,,,
14633,"ESQUINA AV. GUARDIA CIVIL N° 702 Y AV. EL SOL, URB. LA CAMPIÑA",CHORRILLOS,"AV. GUARDIA CIVIL 702, CHORRILLOS, LIMA, PERU",-12.184236,-77.003786,2,highway,secondary,"Avenida Guardia Civil Sur, Sarita Colonia, Chorrillos, Lima, Lima Metropolitana, Lima, 15067, Perú"
14637,"ESQUINA DE LA AV. UNIVERSITARIA Y AV. MEXICO CALLE L, MZ. D, LOTE 34, 35 Y 36 URB. SANTA ISOLINA 2DA ETAPA",COMAS,"AV. UNIVERSITARIA, COMAS, LIMA, PERU",-11.937545,-77.057914,3,highway,primary,"Avenida Universitaria, Santa Luzmila, Comas, Lima, Lima Metropolitana, Lima, 15314, Perú"
14643,AV. TUPAC AMARU MZ. G LT. 1 Y 2 COOP. VIVIENDA SANTA LIGIA,INDEPENDENCIA,"AV. TUPAC AMARU, INDEPENDENCIA, LIMA, PERU",-12.005548,-77.054007,3,highway,primary,"Avenida Túpac Amaru, Urbanización Mesa Redonda, El Ermitaño, Independencia, Lima, Lima Metropolitana, Lima, 15028, Perú"
14645,"AV. CUBA N° 116 - 120,  ESQ. CON AV. ARENALES N° 990",JESUS MARIA,"AV. CUBA 116, JESUS MARIA, LIMA, PERU",-12.075203,-77.045911,2,highway,secondary,"Avenida Cuba, Oyague, Jesús María, Lima, Lima Metropolitana, Lima, 15072, Perú"
14646,AV. FAUSTINO SANCHEZ CARRION Nº 471 ESQUINA CON JR. ESTADOS UNIDOS,JESUS MARIA,"AV. FAUSTINO SANCHEZ CARRION 471, JESUS MARIA, LIMA, PERU",-12.09295,-77.053215,2,highway,primary,"Avenida Faustino Sanchez Carrión, Jesús María, Lima, Lima Metropolitana, Lima, 15076, Perú"
14648,"AV. MELGAREJO, ESQ. CON LA AV. UNIVERSIDAD",LA MOLINA,"AV. MELGAREJO, LA MOLINA, LIMA, PERU",-12.068164,-76.938428,3,highway,primary,"Avenida Melgarejo, Santa Patricia 1era Etapa, La Molina, Lima, Lima Metropolitana, Lima, 15012, Perú"
14682,AV. JAVIER PRADO ESTE N° 5313 CON AV. LOS FRUTALES,LA MOLINA,"AV. JAVIER PRADO ESTE 5313, LA MOLINA, LIMA, PERU",-12.083561,-76.97192,2,highway,primary,"Avenida Javier Prado Este, Camacho, La Molina, Lima, Lima Metropolitana, Lima, 10051, Perú"
14687,AUTOPISTA VENTANILLA MZ. G LT. 100 LEONCIO PRADO,PUENTE PIEDRA,"AUTOPISTA VENTANILLA MZ. G LT. 100 LEONCIO PRADO, PUENTE PIEDRA, LIMA, PERU",,,0,,,
14691,AV. JOSE GALVEZ BARRENECHEA ESQ. CON LA CALLE 32,SAN BORJA,"AV. JOSE GALVEZ BARRENECHEA ESQ. CON LA CALLE 32, SAN BORJA, LIMA, PERU",,,0,,,
14693,AV. JOSE GALVEZ BARRENECHEA Nº 211 ESQUINA CON AV. DEL PARQUE NORTE Nº 590,SAN ISIDRO,"AV. JOSE GALVEZ BARRENECHEA 211, SAN ISIDRO, LIMA, PERU",-12.097697,-77.012765,2,highway,secondary,"Avenida José Gálvez Barrenechea, Corpac, San Isidro, Lima, Lima Metropolitana, Lima, 15000, Perú"
14706,AV. LA PRINCIPAL MZ. B LOTE 5 URB. INDUSTRIAL CAMPOY,SAN JUAN DE LURIGANCHO,"AV. LA PRINCIPAL MZ. B LOTE 5, SAN JUAN DE LURIGANCHO, LIMA, PERU",,,0,,,
14711,AV.FRATERNIDAD MZ. K LOTES 7 Y 8 AA.HH. ENRIQUE MONTENEGRO,SAN JUAN DE LURIGANCHO,"AV.FRATERNIDAD MZ. K LOTES 7 Y 8, SAN JUAN DE LURIGANCHO, LIMA, PERU",,,0,,,
14715,AV. NICOLAS ARRIOLA N° 3191,SAN LUIS,"AV. NICOLAS ARRIOLA 3191, SAN LUIS, LIMA, PERU",-12.073433,-76.991983,1,highway,tertiary,"Avenida Nicolas Arriola, La Viña, San Luis, Lima, Lima Metropolitana, Lima, 15022, Perú"
14722,AV. ALFREDO MENDIOLA N° 1395 - URB. LA MILLA,SAN MARTIN DE PORRES,"AV. ALFREDO MENDIOLA 1395, SAN MARTIN DE PORRES, LIMA, PERU",-12.015074,-77.06049,1,place,house,"1395, Avenida Alfredo Mendiola, Fiori, Palao, San Martín de Porres, Lima, Lima Metropolitana, Lima, 15103, Perú"
14725,AV. PERU N° 3207,SAN MARTIN DE PORRES,"AV. PERU 3207, SAN MARTIN DE PORRES, LIMA, PERU",-11.982771,-77.094518,1,highway,residential,"Avenida Perú, Urbanización Virgen del Rosario ll Etapa, Santa Rosa, San Martín de Porres, Lima, Lima Metropolitana, Lima, 15109, Perú"
147378,"AV. NESTOR GAMBETTA Y AV. LOS ALISOS MZ. A LOTES 06 Y 07 SECCION C PARCELA 2, EX FUNDO OQUENDO KM 8.5 CARRETERA A VENTANILLA",CALLAO,"AV. NESTOR GAMBETTA, CALLAO, LIMA, PERU",-11.875407,-77.126709,3,highway,trunk,"Avenida Coronel Nestor Gambetta, Urbanización Pedro Cueva Vásquez, Ventanilla, Callao, Lima Metropolitana, Callao, 07051, Perú"
14742,AV. SANTIAGO DE SURCO N° 3600 MZ. MI LOTE-3 URB. LOS ROSALES,SANTIAGO DE SURCO,"AV. SANTIAGO DE SURCO 3600, SANTIAGO DE SURCO, LIMA, PERU",-12.146957,-76.987633,2,highway,primary,"Avenida Santiago de Surco, AA.HH. San Roque, Santiago de Surco, Lima, Lima Metropolitana, Lima, 15029, Perú"
14754,"AV. ANGAMOS ESTE N° 2398, URB. LA CALERA DE LA MERCED",SURQUILLO,"AV. ANGAMOS ESTE 2398, SURQUILLO, LIMA, PERU",-12.113527,-77.02558,1,highway,primary,"Avenida Angamos Este, Surquillo Viejo, Surquillo, Lima, Lima Metropolitana, Lima, 15047, Perú"
14756,ESQ. INCA OLLANTA Y AV. AMAZONAS - P.J JOSE CARLOS MARIATEGUI MZ. 207 L0TE. 10 ETAPA 5 SECTOR VALLECITO ALTO,VILLA MARIA DEL TRIUNFO,"ESQ. INCA OLLANTA Y AV. AMAZONAS - P.J JOSE CARLOS MARIATEGUI MZ. 207 L0TE. 10, VILLA MARIA DEL TRIUNFO, LIMA, PERU",,,0,,,
14758,AV. PACHACUTEC N° 5955,VILLA MARIA DEL TRIUNFO,"AV. PACHACUTEC 5955, VILLA MARIA DEL TRIUNFO, LIMA, PERU",-12.170883,-76.949658,1,highway,tertiary,"Avenida Pachacútec, Villa María del Triunfo, Lima, Lima Metropolitana, Lima, 15809, Perú"
148481,"AV. LAS TORRES LOTE 13 A,  ASOCIACION DIGNIDAD NACIONAL	",LURIGANCHO,"AV. LAS TORRES LOTE 13, LURIGANCHO, LIMA, PERU",-12.014101,-76.900994,2,highway,trunk,"Avenida Las Torres, Lurigancho, Lima, Lima Metropolitana, Lima, 15487, Perú"
14872,"AV. JOSE CARLOS MARIATEGUI, ESQ. AV. REVOLUCION. SECTOR 3 GRUPO 15 MZ. A, LTS. 12 Y 13",VILLA EL SALVADOR,"AV. JOSE CARLOS MARIATEGUI, VILLA EL SALVADOR, LIMA, PERU",-12.219683,-76.929589,3,highway,secondary,"Avenida José Carlos Mariátegui, Sector 3, Villa El Salvador, Lima, Lima Metropolitana, Lima, 15834, Perú"
149727,AV. DANIEL ALCIDES CARRION 501 C.P. SANTA CLARA,ATE,"AV. DANIEL ALCIDES CARRION 501, ATE, LIMA, PERU",-12.020146,-76.877106,2,highway,tertiary,"Avenida Daniel Alcides Carrión, Santa Clara, Ate, Lima, Lima Metropolitana, Lima, 15487, Perú"
150207,"AUTOPISTA HACIA VENTANILLA (AV. NESTOR GAMBETTA), SUB PARCELA A6-2B-1",VENTANILLA,"AUTOPISTA HACIA VENTANILLA, SUB PARCELA A6-2B-1, VENTANILLA, LIMA, PERU",,,0,,,
150681,"AV. CANTA CALLAO, PARCELA Nº 59, U. C. Nº 10668, EX COOPERATIVA DE PRODUCCIÓN VIRGEN DEL ROSARIO, LTDA. Nº 77",SAN MARTIN DE PORRES,"AV. CANTA CALLAO, SAN MARTIN DE PORRES, LIMA, PERU",-11.984776,-77.100044,3,highway,secondary,"Avenida Canta Callao, Santa Rosa, San Martín de Porres, Lima, Lima Metropolitana, Lima, 15109, Perú"
151955,AV. ANGELICA GAMARRA 848,LOS OLIVOS,"AV. ANGELICA GAMARRA 848, LOS OLIVOS, LIMA, PERU",-12.006474,-77.076828,1,highway,secondary,"Avenida Angélica Gamarra, El Trébol, Chavarría, Los Olivos, Lima, Lima Metropolitana, Lima, 15031, Perú"
15206,AV. BRASIL N° 699,JESUS MARIA,"AV. BRASIL 699, JESUS MARIA, LIMA, PERU",-12.066277,-77.046099,1,place,house,"699, Avenida Brasil, Jesús María, Lima, Lima Metropolitana, Lima, 15083, Perú"
15207,ESQ. DE LA AV. SAN LUIS N° 2605 CON SAN BORJA SUR,SAN BORJA,"AV. SAN LUIS 2605, SAN BORJA, LIMA, PERU",-12.088585,-76.996314,2,highway,secondary,"Avenida San Luis, Jacaranda, San Borja, Lima, Lima Metropolitana, Lima, 15041, Perú"
15211,"AV. TOMAS VALLE,  ESQ. CON AV. LOS DOMINICOS - URB. JORGE CHAVEZ",CALLAO,"AV. TOMAS VALLE, CALLAO, LIMA, PERU",-12.012173,-77.092721,3,highway,primary,"Avenida Tomás Valle, Urbanización Vipol, Bocanegra, Callao, Lima Metropolitana, Callao, 07036, Perú"
15215,AV. 28 DE JULIO N° 904,MIRAFLORES,"AV. 28 DE JULIO 904, MIRAFLORES, LIMA, PERU",-12.129627,-77.022762,1,highway,secondary,"Avenida 28 de Julio, San Antonio, Miraflores, Lima, Lima Metropolitana, Lima, 15048, Perú"
15219,ESQUINA AV. SALAVERRY Y AV. CUBA,JESUS MARIA,"AV. SALAVERRY, JESUS MARIA, LIMA, PERU",-12.069546,-77.039902,3,highway,secondary,"Avenida General Salaverry, Santa Beatriz, Jesús María, Lima, Lima Metropolitana, Lima, 15083, Perú"
15223,AV. SALAVERRY ESQ. AV. MARIATEGUI,JESUS MARIA,"AV. SALAVERRY ESQ. AV. MARIATEGUI, JESUS MARIA, LIMA, PERU",,,0,,,
152285,"CALLE SAN CARLOS RD, MZ. C LOTE 14",ATE,"CALLE. SAN CARLOS RD, ATE, LIMA, PERU",-12.023442,-76.905779,3,highway,residential,"Calle San Carlos, Vitarte, Ate, Lima, Lima Metropolitana, Lima, 15487, Perú"
15233,"MZ. 2-A , LOTES 1 Y 1A,  URBANIZACION PERU PRIMERA ZONA",SAN MARTIN DE PORRES,"MZ. 2-A, LOTES 1 Y 1A, SAN MARTIN DE PORRES, LIMA, PERU",,,0,,,
15234,AV. DEL EJERCITO N° 1295,MIRAFLORES,"AV. DEL EJERCITO 1295, MIRAFLORES, LIMA, PERU",-12.111601,-77.049975,1,highway,secondary,"Avenida Del Ejército, Miraflores, Lima, Lima Metropolitana, Lima, 15027, Perú"
15235,ESQUINA DE LA  AV. VICTOR MALASQUEZ Y CALLE 71 LOS HUERTOS DE MANCHAY,PACHACAMAC,"AV. VICTOR MALASQUEZ, PACHACAMAC, LIMA, PERU",-12.152315,-76.87004,3,highway,primary,"Avenida Victor Malásquez, Santa Rosa de Manchay, Manchay Bajo, Picapiedra, Pachacámac, Lima, Lima Metropolitana, Lima, 15594, Perú"
153877,CARRETERA A CANTA KM 35 (PROLONGACION AVENIDA TUPAC AMARU) COOPERATIVA MARIA PARADO DE BELLIDO PARCELA 29 - CENTRO POBLADO DE CHOCAS,CARABAYLLO,"CARRETERA A CANTA KM 35, CARABAYLLO, LIMA, PERU",-11.764223,-76.983655,1,highway,tertiary,"Carretera a Canta, Buena Vista, El Olivar, Carabayllo, Lima, Lima Metropolitana, Lima, Perú"
154354,"AV. LOS CASTILLOS Nº 340, URB. INDUSTRIAL SANTA ROSA",ATE,"AV. LOS CASTILLOS 340, ATE, LIMA, PERU",-12.057548,-76.968836,1,highway,unclassified,"Avenida Los Castillos, Ate, Lima, Lima Metropolitana, Lima, 15008, Perú"
15491,"AV. VICTOR MALASQUEZ S/N SECTOR NUEVO PROGRESO, MZ. V, LOTES 130 Y 131 (AHORA SEGÚN CONSTANCIA MUNICIPAL AV. VICTOR MALASQUEZ LTE. 217)",PACHACAMAC,"AV. VICTOR MALASQUEZ, PACHACAMAC, LIMA, PERU",-12.152315,-76.87004,1,highway,primary,"Avenida Victor Malásquez, Santa Rosa de Manchay, Manchay Bajo, Picapiedra, Pachacámac, Lima, Lima Metropolitana, Lima, 15594, Perú"
15496,"AV. WIESSE SECTOR III, MZ. G8, LOTE 41, PROGRAMA CIUDAD MARISCAL CÁCERES",SAN JUAN DE LURIGANCHO,"AV. WIESSE, SAN JUAN DE LURIGANCHO, LIMA, PERU",-11.96492,-76.991699,1,office,company,"UFIS PERU, Avenida Fernando Wiesse, Los Artesanos, San Juan de Lurigancho, Lima, Lima Metropolitana, Lima, 15423, Perú"
155798,"AV. TOMÁS VALLE, PARCELA F, SECCIÓN C.",SAN MARTIN DE PORRES,"AV. TOMÁS VALLE, SAN MARTIN DE PORRES, LIMA, PERU",-12.010763,-77.069194,3,highway,secondary,"Avenida Tomás Valle, San Germán Etapa 1, San Martín de Porres, Lima, Lima Metropolitana, Lima, 15302, Perú"
155911,SUB LOTE B-1 PARCELA RUSTICA FUNDO. CARRETERA PANAMERICANA SUR ALTURA KM 34.5 Y PLAYA ARICA,LURIN,"SUB LOTE B-1 PARCELA RUSTICA, LURIN, LIMA, PERU",,,0,,,
15664,AV. NICOLAS AYLLON N° 1500,CHACLACAYO,"AV. NICOLAS AYLLON 1500, CHACLACAYO, LIMA, PERU",-11.977779,-76.77886,1,highway,trunk,"Avenida Nicolás Ayllón, Asociación Huascarán, Chaclacayo, Lima, Lima Metropolitana, Lima, 15472, Perú"
15666,AV. GUARDIA CIVIL Nº 203 ESQUINA AV. LOS GORRIONES,CHORRILLOS,"AV. GUARDIA CIVIL 203, CHORRILLOS, LIMA, PERU",-12.174213,-76.99287,2,highway,secondary,"Avenida Guardia Civil Sur, Chorrillos, Lima, Lima Metropolitana, Lima, 15054, Perú"
157131,AV. VICTOR MALASQUEZ CHACALTANA KM. 9.8 QUEBRADA MANCHAY Y RETAMAL,PACHACAMAC,"AV. VICTOR MALASQUEZ CHACALTANA KM. 9.8 QUEBRADA MANCHAY Y RETAMAL, PACHACAMAC, LIMA, PERU",,,0,,,
15725,AV. LA PAZ N° 2326,LA PERLA,"AV. LA PAZ 2326, LA PERLA, LIMA, PERU",-12.077312,-77.110349,1,highway,secondary,"Avenida La Paz, Chepén, San Miguel, Lima, Lima Metropolitana, Lima, 15087, Perú"
15727,ESQ. AV. GUARDIA CHALACA Y AV. SAENZ PEÑA N° 1513 - 1531,BELLAVISTA,"AV. GUARDIA CHALACA, BELLAVISTA, LIMA, PERU",-12.063333,-77.122177,3,highway,primary,"Avenida Guardia Chalaca, Bellavista, Callao, Lima Metropolitana, Callao, 07016, Perú"
15729,INTERSECCION AV. CANTOGRANDE Y AV. LAS FLORES DE PRIMAVERA,SAN JUAN DE LURIGANCHO,"INTERSECCION AV. CANTOGRANDE Y AV. LAS FLORES DE PRIMAVERA, SAN JUAN DE LURIGANCHO, LIMA, PERU",,,0,,,
15731,AV. SANTIAGO DE SURCO Nº 4420,SANTIAGO DE SURCO,"AV. SANTIAGO DE SURCO 4420, SANTIAGO DE SURCO, LIMA, PERU",-12.146957,-76.987633,1,highway,primary,"Avenida Santiago de Surco, AA.HH. San Roque, Santiago de Surco, Lima, Lima Metropolitana, Lima, 15029, Perú"
157764,"PANAMERICANA NORTE KM 44.5, SUB LOTE A-1 ASOCIACION DE PRODUCTORES INDUSTRIALES PECUARIOS DE ANCÓN",ANCON,"PANAMERICANA. NORTE KM 44, ANCON, LIMA, PERU",-11.713258,-77.174835,2,highway,motorway,"Carretera Panamericana Norte, Ancón, Lima, Lima Metropolitana, Lima, Perú"
158170,AV. SANTA ROSA S/N Y JR. PARQUINSONIAS MZ. D LOTE 5 URB. CANTO GRANDE UNIDAD 17,SAN JUAN DE LURIGANCHO,"AV. SANTA ROSA, SAN JUAN DE LURIGANCHO, LIMA, PERU",-11.989773,-76.996736,3,highway,secondary,"Avenida Santa Rosa de Lima, Agrupación Nueva Esperanza, San Juan de Lurigancho, Lima, Lima Metropolitana, Lima, 15438, Perú"
158239,"AV. ELMER FAUCETT NRO. 320 MZ. C LOTE 25, URB. MARANGA V ETAPA",SAN MIGUEL,"AV. ELMER FAUCETT 320, SAN MIGUEL, LIMA, PERU",-12.070059,-77.098168,2,highway,primary,"Avenida Elmer Faucett, Maranga 4, San Miguel, Lima, Lima Metropolitana, Lima, 15087, Perú"
158979,AV. NÉSTOR GAMBETTA ESQUINA CALLE Nº 01 MZ A LOTES 01 Y 02 PROGRAMA DE VIVIENDA ACUARIO,CALLAO,"AV. NÉSTOR GAMBETTA ESQUINA CALLE 01 MZ A LOTES 01 Y 02, CALLAO, LIMA, PERU",,,0,,,
16028,AV. SAMUEL ALCAZAR N° 801,RIMAC,"AV. SAMUEL ALCAZAR 801, RIMAC, LIMA, PERU",-12.026951,-77.033278,1,highway,secondary,"Avenida Samuel Alcázar, Unidad Vecinal del Rimac, Rímac, Lima, Lima Metropolitana, Lima, 15025, Perú"
160918,"CALLE ALONSO DE MOLINA 279, MZ. I-14 LT. 1 - ZONA INDUSTRIAL VENTANILLA",VENTANILLA,"CALLE. ALONSO DE MOLINA 279, VENTANILLA, LIMA, PERU",-11.862587,-77.126511,2,highway,residential,"Calle Alonso de Molina, Ventanilla, Callao, Lima Metropolitana, Callao, 07056, Perú"
160967,"URBANIZACIÓN POPULAR DE INTERÉS SOCIAL PROYECTO ESPECIAL CIUDAD PACHACUTEC MZH LOTES 1 Y 20, SECTOR F, BARRIO XIII",VENTANILLA,"URBANIZACIÓN POPULAR DE INTERÉS SOCIAL PROYECTO ESPECIAL CIUDAD PACHACUTEC MZH LOTES 1 Y 20, SECTOR F, BARRIO XIII, VENTANILLA, LIMA, PERU",,,0,,,
16100,"AV. TOMAS VALLE INTERSECCIÓN CON AV. PACASMAYO, MZ. C LOTE 1 Y 24 URB. JORGE CHÁVEZ",CALLAO,"AV. TOMAS VALLE, CALLAO, LIMA, PERU",-12.012173,-77.092721,1,highway,primary,"Avenida Tomás Valle, Urbanización Vipol, Bocanegra, Callao, Lima Metropolitana, Callao, 07036, Perú"
16143,"ESQ. DE LA  AV. VENEZUELA Nº 3343 CON JR. ARISTIDES DEL CARPIO, URB. INDUSTRIAL PALOMINO",LIMA,"AV. VENEZUELA 3343, LIMA, LIMA, PERU",-12.059488,-77.076414,2,highway,construction,"Avenida República de Venezuela, Pando Etapa 3, Lima, Lima Metropolitana, Lima, 15084, Perú"
162494,"PROYECTO PILOTO NUEVO PACHACUTEC MZ. K1 LOTE 5A GRUPO RESIDENCIAL B4, SECTOR B",VENTANILLA,"PROYECTO PILOTO NUEVO PACHACUTEC MZ. K1 LOTE 5A GRUPO RESIDENCIAL B4, VENTANILLA, LIMA, PERU",,,0,,,
162650,AV. LA PAZ N° 194  198 ESQUINA CON CALLE LEONCIO PRADO N° 106,SAN MIGUEL,"AV. LA PAZ 194, SAN MIGUEL, LIMA, PERU",-12.079114,-77.094787,2,boundary,administrative,"San Miguel, Lima, Lima Metropolitana, Lima, Perú"
163381,ASENTAMIENTO HUMANO VILLA MARIA DEL TRIUNFO MZ. E - 5 LOTE 5 - SECTOR VILLA MARIA DEL TRIUNFO,VILLA MARIA DEL TRIUNFO,"ASENTAMIENTO HUMANO VILLA MARIA DEL TRIUNFO MZ. E - 5 LOTE 5 - SECTOR VILLA MARIA DEL TRIUNFO, VILLA MARIA DEL TRIUNFO, LIMA, PERU",,,0,,,
163683,"AV. CAMINO REAL N° 741, FUNDO CASA HUERTA CHACRA GRANDE UNIDAD CATASTRAL 11657",CARABAYLLO,"AV. CAMINO REAL 741, CARABAYLLO, LIMA, PERU",-11.8797,-77.024685,1,highway,tertiary,"Avenida Camino Real, Ampliación Los Florales, Santo Domingo, Carabayllo, Lima, Lima Metropolitana, Lima, 15321, Perú"
164158,"ESQ. AV. LOS CHANCAS DE ANDAHUAYLAS CON LA AV. ENCALADA MZ. L LOTES 7, 8 Y 9, COOPERATIVA LOS CHANCAS DE ANDAHUAYLAS",SANTA ANITA,"ESQ. AV. LOS CHANCAS DE ANDAHUAYLAS CON LA AV. ENCALADA MZ. L LOTES 7, 8 Y 9, SANTA ANITA, LIMA, PERU",,,0,,,
16439,"AV. LA MOLINA N° 377, 379, 381, 397 PARCELA SEMIRUSTICA LA MOLINA, MZ. D  PARCELA 04",ATE,"AV. LA MOLINA 377, ATE, LIMA, PERU",-12.060372,-76.961925,2,highway,secondary,"Avenida La Molina, Ate, Lima, Lima Metropolitana, Lima, 15008, Perú"
164479,"AV. NICOLAS AYLLON (EX CARRETERA CENTRAL) S/N MZ. ""B"" LOTES 5 Y 5-A U.C. 10022",ATE,"AV. NICOLAS AYLLON, ATE, LIMA, PERU",-12.064047,-76.9891,3,highway,primary,"Avenida Nicolás de Ayllón, Valdiviezo, Ate, Lima, Lima Metropolitana, Lima, 15019, Perú"
165829,"AV. VÍCTOR MALÁSQUEZ MZ. B, LT. 14-15 COMUNIDAD CAMPESINA SANTA ROSA DE MANCHAY",PACHACAMAC,"AV. VÍCTOR MALÁSQUEZ, PACHACAMAC, LIMA, PERU",-12.151287,-76.870528,3,highway,primary,"Avenida Victor Malásquez, Santa Rosa de Manchay, Manchay Bajo, Cardal, Pachacámac, Lima, Lima Metropolitana, Lima, 15594, Perú"
16586,AV. FRANCISCO PIZARRO N°1207,RIMAC,"AV. FRANCISCO PIZARRO 1207, RIMAC, LIMA, PERU",-12.030808,-77.042026,1,highway,secondary,"Avenida Francisco Pizarro, Urbanización Villacampa, Rímac, Lima, Lima Metropolitana, Lima, 15025, Perú"
16600,"AV. UNIVERSITARIA  SUR  N° 546, CON  FRENTE  CALLE  MATERIALES  N° 156",LIMA,"AV. UNIVERSITARIA SUR 546, CON, LIMA, LIMA, PERU",,,0,,,
16602,AV. PASEO DE LA REPUBLICA INTERSECCION CON LA AV. ANGAMOS N° 498,MIRAFLORES,"AV. PASEO DE LA REPUBLICA, MIRAFLORES, LIMA, PERU",-12.126403,-77.023529,1,highway,primary,"Avenida Paseo de la República, San Antonio, Miraflores, Lima, Lima Metropolitana, Lima, 10574, Perú"
16608,"AV. LAS FLORES Nº 750, URB. SANTA MARIA",LURIGANCHO,"AV. LAS FLORES 750, LURIGANCHO, LIMA, PERU",-11.946363,-76.711663,1,highway,trunk,"Avenida Lima Sur, El Jardín, Chosica, Lurigancho, Lima, Lima Metropolitana, Lima, 15468, Perú"
16612,"AV. PETIT THOUARS N° 1148, URB. SANTA. BEATRIZ",LIMA,"AV. PETIT THOUARS 1148, LIMA, LIMA, PERU",-12.082865,-77.033552,1,highway,secondary,"Avenida Petit Thouars, Lince, Lima, Lima Metropolitana, Lima, 15046, Perú"
16616,ESQ. DE LA AV. DEFENSORES DEL MORRO N° 360 CON LA AV. ALFONSO UGARTE,CHORRILLOS,"AV. DEFENSORES DEL MORRO 360, CHORRILLOS, LIMA, PERU",-12.207947,-76.989066,2,highway,primary,"Avenida Prolongación Defensores del Morro, Delicias de Villa, Chorrillos, Lima, Lima Metropolitana, Lima, 15067, Perú"
16617,AV. JOSE GÁLVEZ BARRENECHEA N° 1146 (ANTES AV. PRINCIPAL) ESQ. CON CALLE 32 URB. VILLA VICTORIA,SURQUILLO,"AV. JOSE GÁLVEZ BARRENECHEA 1146, SURQUILLO, LIMA, PERU",-12.108403,-77.010012,2,highway,secondary,"Avenida José Gálvez Barrenechea, La Merced, San Borja, Lima, Lima Metropolitana, Lima, 15000, Perú"
16618,ESQUINA AV. PACHACUTEC Y AV. EL SOL MZ. E  LT. 1 PARQUE INDUSTRIAL,VILLA EL SALVADOR,"AV. PACHACUTEC, VILLA EL SALVADOR, LIMA, PERU",-12.199327,-76.932692,3,highway,residential,"Avenida Pachacútec, Villa El Salvador, Lima, Lima Metropolitana, Lima, 15818, Perú"
16619,AV. AUGUSTO PEREZ ARANIBAR (ANTES AV. DEL EJERCITO) N° 2199 ESQ. AV. SALAVERRY,SAN ISIDRO,"AV. AUGUSTO PEREZ ARANIBAR 2199, SAN ISIDRO, LIMA, PERU",-12.099513,-77.064836,2,highway,secondary,"Avenida Del Ejército, Magdalena, Magdalena del Mar, Lima, Lima Metropolitana, Lima, 15076, Perú"
16622,AV. SIMON BOLIVAR N° 499 ESQUINA CON JR. ISLAS HAWAI,PUEBLO LIBRE,"AV. SIMON BOLIVAR 499, PUEBLO LIBRE, LIMA, PERU",-12.07245,-77.066503,2,highway,secondary,"Avenida Simón Bolivar, Pueblo Libre, Lima, Lima Metropolitana, Lima, 15084, Perú"
16631,"AV. NESTOR GAMBETA, ESQUINA CALLE N° 6, SUB LOTE 01, URB. INDUSTRIAL OQUENDO",CALLAO,"AV. NESTOR GAMBETA, CALLAO, LIMA, PERU",-12.042637,-77.116499,3,highway,tertiary,"Avenida de la Alameda, Gambetta Baja, Callao, Lima Metropolitana, Callao, 07026, Perú"
16636,AV. ELMER FAUCETT 6000 Y ESQUINA CON NESTOR GAMBETA S/N,CALLAO,"AV. ELMER FAUCETT 6000, CALLAO, LIMA, PERU",-12.062458,-77.097096,2,highway,primary,"Avenida Elmer Faucett, Condominio Nuevavista, Bellavista, Callao, Lima Metropolitana, Callao, 06011, Perú"
16638,"AV. 09 DE OCTUBRE Nº 508 (AV. CIRCUNVALACION KM. 6.5), PIEDRA LIZA",RIMAC,"AV. 09 DE OCTUBRE 508, PIEDRA LIZA, RIMAC, LIMA, PERU",,,0,,,
16639,AV. NICOLAS AYLLON N° 2970 ,ATE,"AV. NICOLAS AYLLON 2970, ATE, LIMA, PERU",-12.064047,-76.9891,1,highway,primary,"Avenida Nicolás de Ayllón, Valdiviezo, Ate, Lima, Lima Metropolitana, Lima, 15019, Perú"
16640,AV. DEL PARQUE SUR N° 285 ESQ. AV. GUARDIA CIVIL,SAN ISIDRO,"AV. DEL PARQUE SUR 285, SAN ISIDRO, LIMA, PERU",-12.104026,-77.011695,2,highway,secondary,"Avenida del Parque Sur, San Isidro, Lima, Lima Metropolitana, Lima, 15000, Perú"
16641,AV. TOMAS MARSANO ESQUINA CON AV. LOS PROCERES,SANTIAGO DE SURCO,"AV. TOMAS MARSANO ESQUINA CON AV. LOS PROCERES, SANTIAGO DE SURCO, LIMA, PERU",,,0,,,
16642,AV. ALFREDO MENDIOLA N° 2000,INDEPENDENCIA,"AV. ALFREDO MENDIOLA 2000, INDEPENDENCIA, LIMA, PERU",-11.98841,-77.064135,1,highway,secondary,"Avenida Alfredo Mendiola, Urbanización El Naranjal, Independencia, Lima, Lima Metropolitana, Lima, 15311, Perú"
16643,INTERSECCION DE LA AV. SAN BORJA NORTE Y LA AV. AVIACION N° 2680,SAN BORJA,"AV. SAN BORJA NORTE, SAN BORJA, LIMA, PERU",-12.093283,-76.99743,3,highway,secondary,"Avenida San Borja Norte, San Borja, Lima, Lima Metropolitana, Lima, 15041, Perú"
16644,"AV. AREQUIPA  Nº 908, ESQUINA CON JR. EMILIO FERNANDEZ - URB. SANTA BEATRIZ",LIMA,"AV. AREQUIPA 908, LIMA, LIMA, PERU",-12.09944,-77.032362,2,highway,secondary,"Avenida Arequipa, Chacarilla, San Isidro, Lima, Lima Metropolitana, Lima, 15073, Perú"
16645,AV. SAN LUIS Nº 2480,SAN BORJA,"AV. SAN LUIS 2480, SAN BORJA, LIMA, PERU",-12.088585,-76.996314,1,highway,secondary,"Avenida San Luis, Jacaranda, San Borja, Lima, Lima Metropolitana, Lima, 15041, Perú"
16649,AV. PETIT THOUARS Nº 3305 - 3307,SAN ISIDRO,"AV. PETIT THOUARS 3305 - 3307, SAN ISIDRO, LIMA, PERU",-12.091464,-77.032335,1,highway,secondary,"Avenida Petit Thouars, San Isidro, Lima, Lima Metropolitana, Lima, 15494, Perú"
16670,INTERSECCION DE LA AV. GENERAL CORDOVA N° 1025 Y AV. HIPOLITO UNANUE N° 370.,MIRAFLORES,"AV. GENERAL CORDOVA 1025, MIRAFLORES, LIMA, PERU",-12.109302,-77.048328,2,highway,tertiary,"Avenida General Córdova, Miraflores, Lima, Lima Metropolitana, Lima, 15027, Perú"
16671,JR. SARGENTO ENRIQUE VILLAR 308 MZ. 12-B LT. 06 URB. SANTA BEATRIZ,LIMA,"JR. SARGENTO ENRIQUE VILLAR 308 MZ. 12-B LT. 06, LIMA, LIMA, PERU",,,0,,,
166784,"MZ. 29 LTS. 11,14,15,16,17 Y 18 NUEVA URBANIZACION TORRE BLANCA 2DA ETAPA",CARABAYLLO,"MZ. 29 LTS. 11,14,15,16,17 Y 18 NUEVA, CARABAYLLO, LIMA, PERU",,,0,,,
16681,"ESQ. AV. SAN MARTIN Y AV. SANTA ROSA CANTO GRANDE, UNIDAD 12 MZ G LT. 5.",SAN JUAN DE LURIGANCHO,"AV. SAN MARTIN, SAN JUAN DE LURIGANCHO, LIMA, PERU",-11.968159,-77.004017,3,highway,secondary,"Avenida San Martín de Porres, Urbanización Los Jazmines, San Juan de Lurigancho, Lima, Lima Metropolitana, Lima, 15423, Perú"
16694,AV. LA MAR N° 2382 Y AV. RIVAGÜERO N° 810 URB. PANDO IV ETAPA (ANTES AV. RIVA AGUERO ESQ. CON LA MAR),SAN MIGUEL,"AV. LA MAR 2382, SAN MIGUEL, LIMA, PERU",-12.074373,-77.085026,2,highway,secondary,"Prolongación Avenida Mariscal José de la Mar, San Miguel, Lima, Lima Metropolitana, Lima, 15032, Perú"
16700,"AV. REPUBLICA DE CROACIA N° 377, ZAPALLAL",PUENTE PIEDRA,"AV. REPUBLICA DE CROACIA 377, ZAPALLAL, PUENTE PIEDRA, LIMA, PERU",,,0,,,
16702,AV. CIRCUNVALACION LT. 34 ASOCIACION DIGNIDAD NACIONAL HUACHIPA - SANTA MARIA DE HUACHIPA,LURIGANCHO,"AV. CIRCUNVALACION LT. 34, LURIGANCHO, LIMA, PERU",-11.970926,-76.785897,1,highway,living_street,"Avenida Circunvalación, Club Residencial Los Girasoles de Huampaní, Lurigancho, Lima, Lima Metropolitana, Lima, 15464, Perú"
16703,AV. PASEO DE LA REPUBLICA N° 5545 ESQUINA CON LA AV. RICARDO PALMA,MIRAFLORES,"AV. PASEO DE LA REPUBLICA 5545, MIRAFLORES, LIMA, PERU",-12.131336,-77.021966,2,highway,primary,"Avenida Paseo de la República, San Antonio, Miraflores, Lima, Lima Metropolitana, Lima, 15048, Perú"
16706,"AV. CRUZ DE MOTUPE MZ N 1 LOTE 1, AA HH MONTENEGRO",SAN JUAN DE LURIGANCHO,"AV. CRUZ DE MOTUPE, SAN JUAN DE LURIGANCHO, LIMA, PERU",-11.938727,-76.973533,3,highway,primary,"Avenida Fernando Wiesse, Cruz de Motupe, Jicamarca - Anexo 22, San Juan de Lurigancho, Lima, Lima Metropolitana, Lima, 15453, Perú"
16712,AV. JOSE GALVEZ N° 501,BELLAVISTA,"AV. JOSE GALVEZ 501, BELLAVISTA, LIMA, PERU",-12.067621,-77.131966,1,highway,secondary,"Avenida José Gálvez, Bellavista, Callao, Lima Metropolitana, Callao, 07016, Perú"
16713,"ANTIGUA PANAMERICANA SUR, ESQ. CON AV. LOS ALAMOS MZ. A, LOTE 1",LURIN,"PANAMERICANA. SUR, LURIN, LIMA, PERU",-12.277955,-76.869162,3,highway,residential,"Auxiliar Antigua Panamericana Sur, Las Virreinas, Fundo San José, Lurín, Lima, Lima Metropolitana, Lima, 15823, Perú"
16723,"CALLE LOS ORFEBREROS N° 129, URB. INDUSTRIAL EL ARTESANO",ATE,"CALLE LOS ORFEBREROS 129, ATE, LIMA, PERU",,,0,,,
167244,AV. G (AV. 200) ESQ. CON CALLE 19 Y CALLE 20 PROYECTO PILOTO  NUEVO PACHACUTEC,VENTANILLA,"AV. G ESQ. CON CALLE 19 Y CALLE 20 PROYECTO PILOTO NUEVO PACHACUTEC, VENTANILLA, LIMA, PERU",,,0,,,
16725,"AV. PROLONGACION JAVIER PRADO ESQ. CON LA AV. B, URB. LOS PORTALES DE JAVIER PRADO",ATE,"AV. PROLONGACION JAVIER PRADO ESQ. CON LA AV. B, ATE, LIMA, PERU",,,0,,,
16728,AV. BRASIL N° 4191 - 4193 ESQ. CON AV. DEL EJERCITO Y JR. HIPOLITO UNANUE,MAGDALENA DEL MAR,"AV. BRASIL 4191, MAGDALENA DEL MAR, LIMA, PERU",-12.092427,-77.068229,2,highway,primary,"Avenida Brasil, Magdalena, Magdalena del Mar, Lima, Lima Metropolitana, Lima, 15086, Perú"
16737,"AV. TOMAS VALLE MZ. I, LOTE 9 - A, URB. SAN PEDRO DE GARAGAY",SAN MARTIN DE PORRES,"AV. TOMAS VALLE, SAN MARTIN DE PORRES, LIMA, PERU",-12.013023,-77.08332,3,highway,primary,"Avenida Tomás Valle, Daniel Alcides Carrión, Garagay, San Martín de Porres, Lima, Lima Metropolitana, Lima, 15031, Perú"
16742,"ESQ. AV. SAN MARTIN Y AV. LIBERTAD MZ. K, LOTE 4, 5 Y 6 COOP. CANTO GRANDE",SAN JUAN DE LURIGANCHO,"AV. SAN MARTIN, SAN JUAN DE LURIGANCHO, LIMA, PERU",-11.968159,-77.004017,3,highway,secondary,"Avenida San Martín de Porres, Urbanización Los Jazmines, San Juan de Lurigancho, Lima, Lima Metropolitana, Lima, 15423, Perú"
16744,"AVENIDA UNIVERSITARIA Y AVENIDA GERARDO UNGER, MZ. A, LOTES 1, 2, 47 Y SUB LOTE 48  URB. INDUSTRIAL INFANTAS III ETAPA",LOS OLIVOS,"AVENIDA. UNIVERSITARIA, LOS OLIVOS, LIMA, PERU",-11.961647,-77.063477,3,highway,primary,"Avenida Universitaria, Los Olivos, Lima, Lima Metropolitana, Lima, 15328, Perú"
16750,AV. PETIT THOUARS  N° 2795,SAN ISIDRO,"AV. PETIT THOUARS 2795, SAN ISIDRO, LIMA, PERU",-12.091464,-77.032335,1,highway,secondary,"Avenida Petit Thouars, San Isidro, Lima, Lima Metropolitana, Lima, 15494, Perú"
16756,"AV. ALFREDO MENDIOLA ESQUINA CON CALLE 12, MANZANA E LOTES 05 AL 13 Y 16 AL 23 - ASOCIACION DE VIVIENDA RIO SANTA ",LOS OLIVOS,"AV. ALFREDO MENDIOLA ESQUINA CON CALLE 12, MANZANA E LOTES 05 AL 13 Y 16 AL 23, LOS OLIVOS, LIMA, PERU",,,0,,,
16766,AV.  DEL EJERCITO N° 110 - 112 ESQUINA CON AV. BRASIL,MAGDALENA DEL MAR,"AV. DEL EJERCITO 110, MAGDALENA DEL MAR, LIMA, PERU",-12.100802,-77.061536,2,highway,secondary,"Avenida Del Ejército, Magdalena, Magdalena del Mar, Lima, Lima Metropolitana, Lima, 15076, Perú"
16772,"ESQUINA AV. A CON CALLE 1, MZ. B. LOTES 12, 13 Y 14",ATE,"ESQUINA AV. A CON CALLE 1, MZ. B. LOTES 12, 13 Y 14, ATE, LIMA, PERU",,,0,,,
16774,"AV. JOSE GRANDA Nº 3210, URB. EL ESTABLO",SAN MARTIN DE PORRES,"AV. JOSE GRANDA 3210, SAN MARTIN DE PORRES, LIMA, PERU",-12.024058,-77.080392,1,highway,secondary,"Avenida José Granda, El Establo, Condevilla Señor, San Martín de Porres, Lima, Lima Metropolitana, Lima, 15107, Perú"
16775,AV. NICOLAS AYLLON Nº 1912,ATE,"AV. NICOLAS AYLLON 1912, ATE, LIMA, PERU",-12.064047,-76.9891,1,highway,primary,"Avenida Nicolás de Ayllón, Valdiviezo, Ate, Lima, Lima Metropolitana, Lima, 15019, Perú"
167778,AV. ELMER FAUCETT N° 5395,CALLAO,"AV. ELMER FAUCETT 5395, CALLAO, LIMA, PERU",-12.06248,-77.097245,1,highway,primary,"Avenida Elmer Faucett, Bellavista, Callao, Lima Metropolitana, Callao, 06011, Perú"
16781,"AA.HH. VICENTELO BAJO, COMITE 3, MZ. G (PISTA AUXILIAR VIA EVITAMIENTO  PUENTE PEDRO HUILCA)",EL AGUSTINO,"AA.HH. VICENTELO BAJO, COMITE 3, MZ. G, EL AGUSTINO, LIMA, PERU",,,0,,,
167836,AV. CENTRAL MZ 43 LT. D URB. PARQUE INDUSTRIAL PORCINO,VENTANILLA,"AV. CENTRAL, VENTANILLA, LIMA, PERU",-11.909175,-77.103025,3,highway,tertiary,"Calle Central, Ventanilla, Callao, Lima Metropolitana, Callao, 07051, Perú"
167937,"UNIDAD CATASTRAL 12114, PARCELA 22, SECTOR A, FUNDO PUENTE PIEDRA",CARABAYLLO,"UNIDAD CATASTRAL 12114, PARCELA 22, CARABAYLLO, LIMA, PERU",,,0,,,
16796,"LOTE N° 08 MZ. M, URB. LA CAMPIÑA 3ERA ETAPA",CHORRILLOS,"LOTE 08 MZ. M, CHORRILLOS, LIMA, PERU",,,0,,,
16801,"AV, REPUBLICA DE PANAMA N° 5025",SURQUILLO,"AV, REPUBLICA DE PANAMA 5025, SURQUILLO, LIMA, PERU",-12.10368,-77.01862,1,highway,primary,"Avenida República de Panamá, El Aeropuerto, Surquillo, Lima, Lima Metropolitana, Lima, 15000, Perú"
16803,AV JAVIER PRADO N° 2504 ESQUINA CALLE FLORA TRISTAN,MAGDALENA DEL MAR,"AV. JAVIER PRADO 2504, MAGDALENA DEL MAR, LIMA, PERU",-12.09356,-77.05715,2,amenity,fuel,"Primax, 2504, Avenida Javier Prado Oeste, Campo de Polo, Orrantia del Mar, Magdalena del Mar, Lima, Lima Metropolitana, Lima, 15076, Perú"
16804,AV. AYACUCHO Nº 140 - 144,SANTIAGO DE SURCO,"AV. AYACUCHO 140 - 144, SANTIAGO DE SURCO, LIMA, PERU",-12.139644,-76.999485,1,highway,secondary,"Avenida Ayacucho, Virreynas, Surco Viejo, Santiago de Surco, Lima, Lima Metropolitana, Lima, 15049, Perú"
16805,AV.  SANTIAGO DE SURCO CON AV. LOS PROCERES,SANTIAGO DE SURCO,"AV. SANTIAGO DE SURCO CON AV. LOS PROCERES, SANTIAGO DE SURCO, LIMA, PERU",,,0,,,
16806,"AV. UNIVERSITARIA ESQ. CARLOS IZAGUIRRE, MZ. A LOTES 1, 2, 3 Y 4 ASOCIACIÓN DE VIVIENDA SAN JUAN DE DIOS",LOS OLIVOS,"AV. UNIVERSITARIA ESQ. CARLOS IZAGUIRRE, MZ. A LOTES 1, 2, 3 Y 4, LOS OLIVOS, LIMA, PERU",,,0,,,
16817,AV. AVIACION N° 4269-4285 ESQUINA CON CALLE CLARA BARTON N° 121,SURQUILLO,"AV. AVIACION 4269, SURQUILLO, LIMA, PERU",-12.115909,-76.999011,2,highway,primary,"Avenida Aviación, Urb. CAPEBCO, Surquillo, Lima, Lima Metropolitana, Lima, 15036, Perú"
168562,"LOTES 7, 8, 9 Y 10, MZ. A6, URB. SAN ANTONIO DE CARABAYLLO 3",CARABAYLLO,"LOTES 7, 8, 9 Y 10, MZ. A6, CARABAYLLO, LIMA, PERU",,,0,,,
168796,LOTE 09 MANZANA H ASOCIACION PRO VIVIENDA LOS SUYOS,CARABAYLLO,"LOTE 09 MANZANA H, CARABAYLLO, LIMA, PERU",,,0,,,
169052,ANTIGUA CARRETERA PANAMERICANA SUR KM 23.645,VILLA EL SALVADOR,"CARRETERA. PANAMERICANA SUR KM 23, VILLA EL SALVADOR, LIMA, PERU",-12.225938,-76.971349,2,highway,motorway,"Carretera Panamericana Sur, Villa El Salvador, Lima, Lima Metropolitana, Lima, 15842, Perú"
169077,AV. LA PRINCIPAL MZ. B LOTE 5 URB. INDUSTRIAL CAMPOY,SAN JUAN DE LURIGANCHO,"AV. LA PRINCIPAL MZ. B LOTE 5, SAN JUAN DE LURIGANCHO, LIMA, PERU",,,0,,,
171382,"MZ D. LOTE 1, URB. PROGRESIVA LAS ORQUIDEAS II ETAPA",CALLAO,"MZ D. LOTE 1, CALLAO, LIMA, PERU",,,0,,,
171680,PARCELA A ALTURA KM 8 DE LA CARRETERA CALLAO - VENTANILLA,VENTANILLA,"CARRETERA. CALLAO - VENTANILLA, VENTANILLA, LIMA, PERU",-11.819533,-77.126451,3,highway,trunk,"Carretera Panamericana Norte, Ventanilla, Callao, Lima Metropolitana, Callao, 15122, Perú"
174638,URB. POPULAR DE INTERES SOCIAL PARCELA MINI PARQUE INDUSTRIAL CERRO CACHITO MZ B LOTE 7,VENTANILLA,"URB. POPULAR DE INTERES SOCIAL PARCELA MINI PARQUE INDUSTRIAL CERRO CACHITO MZ B LOTE 7, VENTANILLA, LIMA, PERU",,,0,,,
174853,"AV. CARLOS ALBERTO IZAGUIRRE Y AV. BERTELLO URB. SAN CARLOS MZ. ""A"" LOTES 5, 6, 7, 8, 9, 24, 25, 26, 27, 28 Y 29",SAN MARTIN DE PORRES,"AV. CARLOS ALBERTO IZAGUIRRE, SAN MARTIN DE PORRES, LIMA, PERU",-11.990939,-77.088818,3,highway,primary,"Avenida Carlos Alberto Izaguirre, Santa Rosa, San Martín de Porres, Lima, Lima Metropolitana, Lima, 15109, Perú"
175371,"MANZANA E2, LOTE 10 DEL CENTRO POBLADO LOS HUERTOS DEL RIO SECO, VALLE DE MALA",CARABAYLLO,"MANZANA E2, LOTE 10 DEL CENTRO POBLADO LOS HUERTOS DEL RIO SECO, VALLE DE MALA, CARABAYLLO, LIMA, PERU",,,0,,,
175593,"PREDIO RURAL TAMBO INGA, PARCELA 33-A. PROYECTO TAMBO INGA VALLE CHILLÓN (CARRETERA PANAMERICANA NORTE KM 28.5)",PUENTE PIEDRA,"PREDIO RURAL TAMBO INGA, PARCELA 33-A. PROYECTO TAMBO INGA VALLE CHILLÓN, PUENTE PIEDRA, LIMA, PERU",,,0,,,
176032,"URB. EL BOULEVARD DE SAN ANTONIO, MZ. D9, LOTES DEL 23 AL 30 (AV. JOSÉ SACO ROJAS S/N ESQUINA CON AV. COMERCIAL)",CARABAYLLO,"URB. EL BOULEVARD DE SAN ANTONIO, MZ. D9, LOTES DEL 23 AL 30, CARABAYLLO, LIMA, PERU",,,0,,,
176900,"AV. HEROES DEL ALTO CENEPA (EX-TRAPICHE) LOTE 40, URB. HUERTOS DE TUNGASUCA",COMAS,"AV. HEROES DEL ALTO CENEPA LOTE 40, COMAS, LIMA, PERU",,,0,,,
177035,"AV. PAUL POBLET LIND UC, 12079 PARCELA H-40, LOTE C Y D, MANCHAY BAJO, VALLE DE LURIN",PACHACAMAC,"AV. PAUL POBLET LIND UC, 12079 PARCELA H-40, LOTE C Y D, MANCHAY BAJO, VALLE DE LURIN, PACHACAMAC, LIMA, PERU",,,0,,,
177200,"AV. CAMINO REAL MZ. C, LOTE 1, AA.HH. ASOCIACION DE POBLADORES EL BOSQUE DE CARABAYLLO",CARABAYLLO,"AV. CAMINO REAL, CARABAYLLO, LIMA, PERU",-11.8797,-77.024685,3,highway,tertiary,"Avenida Camino Real, Ampliación Los Florales, Santo Domingo, Carabayllo, Lima, Lima Metropolitana, Lima, 15321, Perú"
177262,"AV. REPUBLICA DE ARGENTINA MZ. K, LT. N° 1 Y N° 2  URBANIZACION INDUSTRIAL LA CHALACA",CALLAO,"AV. REPUBLICA DE ARGENTINA, CALLAO, LIMA, PERU",-12.047159,-77.084485,3,highway,secondary,"Avenida República de Argentina, Villa Señor De Los Milagros, Carmen de la Legua Reynoso, Carmen de La Legua-Reynoso, Callao, Lima Metropolitana, Callao, 07006, Perú"
17856,"AA.HH. SANTA MARIA, MZ. C1, LOTE 21",SAN JUAN DE LURIGANCHO,"AA.HH. SANTA MARIA, MZ. C1, LOTE 21, SAN JUAN DE LURIGANCHO, LIMA, PERU",,,0,,,
17857,"AV. C, MZ. IV, LOTE 01, AA.HH. ASOCIACION DE POBLADORES DE VENTANILLA ALTA",VENTANILLA,"AV. C, MZ. IV, LOTE 01, VENTANILLA, LIMA, PERU",,,0,,,
17859,"JR. ABTAO N° 784, ESQ. CON JR. HIPOLITO UNANUE",LA VICTORIA,"JR. ABTAO 784, ESQ. CON JR. HIPOLITO UNANUE, LA VICTORIA, LIMA, PERU",,,0,,,
17860,JR. JOSE CARLOS MARIATEGUI Nº 540 URB. UNIVERSAL,SANTA ANITA,"JR. JOSE CARLOS MARIATEGUI 540, SANTA ANITA, LIMA, PERU",,,0,,,
17861,AV. FCO PIZARRO N° 800 ESQUINA AV. FELIPE ARANCIBIA N° 101,RIMAC,"AV. FCO PIZARRO 800 ESQUINA AV. FELIPE ARANCIBIA 101, RIMAC, LIMA, PERU",,,0,,,
17862,"PUEBLO JOVEN JOSE CARLOS MARIATEGUI, ETAPA PRIMERA, AV. JULIO C. TELLO N° 101, MZ. E LOTE 01 ",VILLA MARIA DEL TRIUNFO,"PUEBLO JOVEN JOSE CARLOS MARIATEGUI, VILLA MARIA DEL TRIUNFO, LIMA, PERU",,,0,,,
17864,ESQ. AV. PROLONGACIÓN PACASMAYO Y AV. EL SOL DE NARANJAL PARCELA II EXFUNDO EL NARANJAL,SAN MARTIN DE PORRES,"AV. PROLONGACIÓN PACASMAYO, SAN MARTIN DE PORRES, LIMA, PERU",-11.976739,-77.106132,3,highway,secondary,"Avenida Pacasmayo, San Martín de Porres, Lima, Lima Metropolitana, Lima, 15112, Perú"
17865,"AV. EL RETABLO ESQUINA CON CALLE 6, MZ. C, LOTE 1, URB. EL RETABLO",COMAS,"AV. EL RETABLO ESQUINA CON CALLE 6, MZ. C, LOTE 1, COMAS, LIMA, PERU",,,0,,,
17867,AV. ARGENTINA Nº 3003 - 3005,LIMA,"AV. ARGENTINA 3003 - 3005, LIMA, LIMA, PERU",-12.046478,-77.076717,1,highway,secondary,"Avenida República de Argentina, Mirones, Lima, Lima Metropolitana, Lima, 07006, Perú"
17868,"AV. LAS TORRES N° 508, ESQUINA CON EL JR. MARISCAL ORBEGOSO, URB. EL PINO",SAN LUIS,"AV. LAS TORRES 508, SAN LUIS, LIMA, PERU",-12.070505,-76.988659,2,highway,secondary,"Avenida De Las Torres, Urbanización El Pino, San Luis, Lima, Lima Metropolitana, Lima, 15022, Perú"
17869,"AV. LA MOLINA ESTE Nº 2295, ESQUINA PUNTA PEJERREY - URB.  EL SOL DE LA MOLINA ",LA MOLINA,"AV. LA MOLINA ESTE 2295, LA MOLINA, LIMA, PERU",-12.069717,-76.948844,2,amenity,place_of_worship,"Templo de Lima Perú, 6420, Avenida Javier Prado Este, Santa Patricia 2da Etapa, La Molina, Lima, Lima Metropolitana, Lima, 15024, Perú"
17870,AV. NICOLAS DUEÑAS N° 308-310 ESQ. CON AV. ENRIQUE MEIGGS,LIMA,"AV. NICOLAS DUEÑAS 308, LIMA, LIMA, PERU",-12.03576,-77.066092,2,highway,secondary,"Avenida Nicolás Dueñas, 1 de Octubre, Lima, Lima Metropolitana, Lima, 15101, Perú"
178713,"AV. LAS PYMES, ASOC. ONG. INSTITUTO DE PROMOCIÓN Y DESARROLLO DE LA PEQUEÑA Y MEDIANA EMPRESA - INDEPROPYME, MZ. L2, LOTES 04, 05, 06, 07, 08 Y 09 ",ANCON,"AV. LAS PYMES, ASOC. ONG. INSTITUTO DE PROMOCIÓN Y DESARROLLO DE LA PEQUEÑA Y MEDIANA EMPRESA - INDEPROPYME, MZ. L2, LOTES 04, 05, 06, 07, 08 Y 09, ANCON, LIMA, PERU",,,0,,,
17879,AV. GENERAL GARZON N° 688,JESUS MARIA,"AV. GENERAL GARZON 688, JESUS MARIA, LIMA, PERU",-12.075873,-77.052543,1,shop,travel_agency,"Latin Tours Perú, Avenida General Eugenio Garzón, Oyague, Jesús María, Lima, Lima Metropolitana, Lima, 15081, Perú"
17880,"AV. MARIA REICHE S/N SECTOR II,AMPLIACION 4TA. ETAPA, SECTOR 2, MZ. N, LOTE 22. PROG.HABITACIONAL PACHACAMAC",VILLA EL SALVADOR,"AV. MARIA REICHE, VILLA EL SALVADOR, LIMA, PERU",-12.243438,-76.918845,1,highway,primary,"Avenida María Reiche, Sector 4, Villa El Salvador, Lima, Lima Metropolitana, Lima, 15841, Perú"
17881,"AV. MARAÑON, MZ. A, LOTE 1, ESQUINA CON CALLE N° 1 ",LOS OLIVOS,"AV. MARAÑON, LOS OLIVOS, LIMA, PERU",-11.971631,-77.069773,3,highway,tertiary,"Avenida Río Marañon, Los Olivos, Lima, Lima Metropolitana, Lima, 15306, Perú"
17904,"AV. SEPARADORA INDUSTRIAL MZ. A, LTS. 32,35 URB. OLIMPO",ATE,"AV. SEPARADORA INDUSTRIAL, ATE, LIMA, PERU",-12.059659,-76.950385,3,highway,secondary,"Avenida Separadora Industrial, Mayorazgo, Ate, Lima, Lima Metropolitana, Lima, 00051, Perú"
17905,AV. STA. ROSA N 496 ESQ. CALLE LA PILA,SAN JUAN DE LURIGANCHO,"AV. STA. ROSA N 496, SAN JUAN DE LURIGANCHO, LIMA, PERU",-11.989359,-76.996559,2,highway,secondary,"Avenida Santa Rosa de Lima, Agrupación Nueva Esperanza, San Juan de Lurigancho, Lima, Lima Metropolitana, Lima, 15438, Perú"
17906,"AV. PROCERES DE LA INDEPENDENCIA N° 3299, ESQ. CON AV. EL BOSQUE, URB. CANTO GRANDE, MZ. B - LT. 06",SAN JUAN DE LURIGANCHO,"AV. PROCERES DE LA INDEPENDENCIA 3299, SAN JUAN DE LURIGANCHO, LIMA, PERU",-11.9821,-77.005708,2,highway,primary,"Avenida Fernando Wiesse, San Carlos (II etapa), San Juan de Lurigancho, Lima, Lima Metropolitana, Lima, 15423, Perú"
17907,"AV. NICOLAS AYLLON MZ. B LOTES 01, 02, 03, 04, 05, 23, 24, 25 Y 26, KM. 15.1 (ANTES CARRETERA CENTRAL KM. 15.1)",ATE,"AV. NICOLAS AYLLON, ATE, LIMA, PERU",-12.064047,-76.9891,3,highway,primary,"Avenida Nicolás de Ayllón, Valdiviezo, Ate, Lima, Lima Metropolitana, Lima, 15019, Perú"
17908,"AA.HH. LAS PALMERAS MZ. C, LT. 14 (ANTES SERPENTÍN DE PASAMAYO KM. 45.9 PANAMERICANA NORTE)",ANCON,"AA.HH. LAS PALMERAS MZ. C, LT. 14, ANCON, LIMA, PERU",,,0,,,
17910,CARRETERA PANAMERICANA NORTE KM. 42,SANTA ROSA,"CARRETERA PANAMERICANA NORTE KM. 42, SANTA ROSA, LIMA, PERU",-11.782578,-77.156788,1,highway,trunk,"Carretera Panamericana Norte, Ancón, Lima, Lima Metropolitana, Lima, 15123, Perú"
179164,LOTE 4 DEL PREDIO DENOMINADO EL CHAPARRAL SECTOR HUACHIPA AUTOPISTA RAMIRO PRIALE ALTURA KM 6.5,LURIGANCHO,"LOTE 4 DEL PREDIO DENOMINADO EL CHAPARRAL, LURIGANCHO, LIMA, PERU",,,0,,,
17944,"AV. ARICA 481, ESQUINA CON JR. GENERAL VARELA Y JR. REBECA OQUENDO",BREÑA,"AV. ARICA 481, BREÑA, LIMA, PERU",-12.059575,-77.043606,2,highway,primary,"Avenida Arica, José Pablo, Chacra Colorada, Breña, Lima, Lima Metropolitana, Lima, 15083, Perú"
17945,"AV. PACHACUTEC CON AVENIDA Nº 4 LT. 2, 3, 4, 5 - AA.HH. NUEVO PROGRESO ",VILLA MARIA DEL TRIUNFO,"AV. PACHACUTEC CON AVENIDA 4 LT. 2, 3, 4, 5, VILLA MARIA DEL TRIUNFO, LIMA, PERU",,,0,,,
17946,AV. EL DERBY N° 109 ESQUINA CON AV. EL POLO,SANTIAGO DE SURCO,"AV. EL DERBY 109, SANTIAGO DE SURCO, LIMA, PERU",-12.099107,-76.969613,2,highway,primary,"Avenida El Derby, El Cortijo, Monterrico, Santiago de Surco, Lima, Lima Metropolitana, Lima, 15023, Perú"
17947,"JR.  ELVIRA GARCIA Y GARCIA  Nº  2790, 2794, 2796.",LIMA,"JR. ELVIRA GARCIA Y GARCIA 2790, 2794, 2796, LIMA, LIMA, PERU",,,0,,,
17949,"AV. PUENTE PIEDRA N° 1218 KM. 32, PANAMERICANA NORTE",PUENTE PIEDRA,"AV. PUENTE PIEDRA 1218, PUENTE PIEDRA, LIMA, PERU",-11.859082,-77.081275,2,highway,secondary,"Avenida Puente Piedra, Puente Piedra, Lima, Lima Metropolitana, Lima, 15118, Perú"
17950,"AV. SALVADOR ALLENDE CON AV. MANCO CAPAC, LOTE 9, MZ. N2",VILLA MARIA DEL TRIUNFO,"AV. SALVADOR ALLENDE CON AV. MANCO CAPAC, LOTE 9, MZ. N2, VILLA MARIA DEL TRIUNFO, LIMA, PERU",,,0,,,
17952,CARRETERA PANAMERICANA SUR KM. 25.62,LURIN,"CARRETERA. PANAMERICANA SUR KM. 25, LURIN, LIMA, PERU",-12.317877,-76.830235,2,highway,motorway,"Carretera Panamericana Sur, Villa Nueva Navarra, Punta Hermosa, Lima, Lima Metropolitana, Lima, 15846, Perú"
17953,AV. ROOSEVELT N° 5672 ESQ. AV. MONSEÑOR ROCA Y BOLOÑA N° 385,MIRAFLORES,"AV. ROOSEVELT 5672, MIRAFLORES, LIMA, PERU",-12.122388,-77.018209,2,highway,primary,"Avenida Roosevelt, El Rosedal, Miraflores, Lima, Lima Metropolitana, Lima, 15048, Perú"
179709,"MZ. A, LOTE 1, 2, 23 Y 24 DE PARAISO DE SAN LORENZO ",CARABAYLLO,"MZ. A, LOTE 1, 2, 23 Y 24 DE PARAISO DE SAN LORENZO, CARABAYLLO, LIMA, PERU",,,0,,,
180412,"ANTIGUA CARRETERA A HUAROCHIRI ALT. KM. 3, PARCELA N° 22, PAMPA TINAJAS, COMUNIDAD CAMPESINA DE COLLANAC",CIENEGUILLA,"ANTIGUA CARRETERA A HUAROCHIRI, CIENEGUILLA, LIMA, PERU",,,0,,,
180748,"AV. NICOLAS DE PIEROLA, ESQUINA CON AV. ALFONSO UGARTE, SUB LOTE 30H-C FUNDO LA ESTRELLA",ATE,"AV. NICOLAS DE PIEROLA, ATE, LIMA, PERU",-12.025203,-76.893734,3,highway,tertiary,"Avenida Nicolas de Pierola, Cooperativa Manilsa, Santa Clara, Ate, Lima, Lima Metropolitana, Lima, 15487, Perú"
18289,ESQUINA AV. PASEO DE LA REPUBLICA CON AV. ISABEL LA CATOLICA S/N,LA VICTORIA,"ESQUINA AV. PASEO DE LA REPUBLICA CON AV. ISABEL LA CATOLICA, LA VICTORIA, LIMA, PERU",,,0,,,
18297,ASOCIACION PRO VIVIENDA LAS VIOLETAS MZ. S LT. 2,SAN JUAN DE LURIGANCHO,"ASOCIACION PRO VIVIENDA LAS VIOLETAS MZ. S LT. 2, SAN JUAN DE LURIGANCHO, LIMA, PERU",,,0,,,
18307,AV. PROLONGACION IQUITOS CDRA. 25 S/N.,LINCE,"AV. PROLONGACION IQUITOS CDRA. 25, LINCE, LIMA, PERU",,,0,,,
18345,AV. ELMER FAUCETT ESQUINA CON AV. TOMAS VALLE S/N,CALLAO,"AV. ELMER FAUCETT ESQUINA CON AV. TOMAS VALLE, CALLAO, LIMA, PERU",,,0,,,
18351,AV. REPUBLICA DE PANAMA  Nº 3690 - 3696,SAN ISIDRO,"AV. REPUBLICA DE PANAMA 3690 - 3696, SAN ISIDRO, LIMA, PERU",-12.093251,-77.022626,1,highway,primary,"Avenida República de Panamá, Santa Ana, San Isidro, Lima, Lima Metropolitana, Lima, 15036, Perú"
18385,AV. PAUL POBLET LIND MZ. 37 LOTE 1,PACHACAMAC,"AV. PAUL POBLET LIND MZ. 37 LOTE 1, PACHACAMAC, LIMA, PERU",,,0,,,
18401,AV. 28 DE JULIO 159. ESQUINA CON AV. BRASIL,LIMA,"AV. 28 DE JULIO 159, LIMA, LIMA, PERU",-12.065342,-77.044759,2,place,house,"159, Avenida 28 de Julio, Jesús María, Lima, Lima Metropolitana, Lima, 15083, Perú"
184105,AV. JAVIER PRADO ESTE N° 1059,LA VICTORIA,"AV. JAVIER PRADO ESTE 1059, LA VICTORIA, LIMA, PERU",-12.090323,-77.020404,1,highway,secondary,"Avenida Javier Prado Este, La Victoria, Lima, Lima Metropolitana, Lima, 15033, Perú"
18413,CRUCE AV. TOMAS VALLE Y ELMER FAUCETT,CALLAO,"AV. TOMAS VALLE, CALLAO, LIMA, PERU",-12.012173,-77.092721,3,highway,primary,"Avenida Tomás Valle, Urbanización Vipol, Bocanegra, Callao, Lima Metropolitana, Callao, 07036, Perú"
18429,AV. PASEO DE LA REPUBLICA Nº 3890 CON AV. ARAMBURU,SAN ISIDRO,"AV. PASEO DE LA REPUBLICA 3890, SAN ISIDRO, LIMA, PERU",-12.09407,-77.023465,2,highway,primary,"Avenida Paseo de la República, Santa Ana, San Isidro, Lima, Lima Metropolitana, Lima, 15036, Perú"
18440,"AV. MEXICO 700, ESQUINA CALLE JUAN CASTRO",LA VICTORIA,"AV. MEXICO 700, LA VICTORIA, LIMA, PERU",-12.076707,-77.028203,2,highway,primary,"Avenida México, Urbanización Balconcillo, La Victoria, Lima, Lima Metropolitana, Lima, 15046, Perú"
18501,"ESQ. AV. ENCALADA CON AV. HUANCARAMA (EX AV. FERROCARRIL) MZ. A3 LTS. 12 Y 13, URB. LAS PRADERAS",SANTA ANITA,"ESQ. AV. ENCALADA CON AV. HUANCARAMA MZ. A3 LTS. 12 Y 13, SANTA ANITA, LIMA, PERU",,,0,,,
18533,"AV. CHINCHAYSUYO Nº 402 - 404, URB. TAHUANTINSUYO",INDEPENDENCIA,"AV. CHINCHAYSUYO 402 - 404, INDEPENDENCIA, LIMA, PERU",-11.977999,-77.051273,1,highway,secondary,"Avenida Chinchaysuyo, Urbanización Túpac Amaru, Tahuantinsuyo, Independencia, Lima, Lima Metropolitana, Lima, 15332, Perú"
18550,"AV. ALAMEDA SUR INTERSECCIÓN CON LA AV. SAN MARCOS TERCERA ETAPA, SECTOR 2, MZ. C3-1, LT. 1",CHORRILLOS,"AV. ALAMEDA SUR, CHORRILLOS, LIMA, PERU",-12.201443,-77.014423,1,highway,secondary,"Avenida Alameda Sur, Bello Horizonte, Los Cedros, Chorrillos, Lima, Lima Metropolitana, Lima, 15067, Perú"
18553,AV. ELMER FAUCETT N° 377,CARMEN DE LA LEGUA REYNOSO,"AV. ELMER FAUCETT 377, CARMEN DE LA LEGUA REYNOSO, LIMA, PERU",-12.039649,-77.099132,1,highway,trunk,"Avenida Elmer Faucett, 22 de Octubre, Carmen de la Legua Reynoso, Carmen de La Legua-Reynoso, Callao, Lima Metropolitana, Callao, 07006, Perú"
18555,"AV. SEPARADORA INDUSTRIAL N° 3085, URB. MAYORAZGO CHICO, MZ. N, LOTES 7, 8, 9, 10, 11, 12, 13, 14, 15, 16 Y 17",ATE,"AV. SEPARADORA INDUSTRIAL 3085, ATE, LIMA, PERU",-12.048989,-76.939137,1,highway,secondary,"Avenida Separadora Industrial, Mayorazgo, Ate, Lima, Lima Metropolitana, Lima, 00051, Perú"
18558,"AV. ALFREDO MENDIOLA S/N, ALTURA KM. 21.5 CARRETERA PANAMERICANA NORTE",SAN MARTIN DE PORRES,"AV. ALFREDO MENDIOLA, SAN MARTIN DE PORRES, LIMA, PERU",-12.024272,-77.058568,1,highway,secondary,"Avenida Alfredo Mendiola, Palao, San Martín de Porres, Lima, Lima Metropolitana, Lima, 15102, Perú"
18567,AV. JOSE GALVEZ BARRENECHEA N° 520,SAN ISIDRO,"AV. JOSE GALVEZ BARRENECHEA 520, SAN ISIDRO, LIMA, PERU",-12.091019,-77.013942,1,highway,secondary,"Avenida José Gálvez Barrenechea, San Isidro, Lima, Lima Metropolitana, Lima, 15036, Perú"
18569,AV. ELMER FAUCETT Nº 5482,CALLAO,"AV. ELMER FAUCETT 5482, CALLAO, LIMA, PERU",-12.062458,-77.097096,1,highway,primary,"Avenida Elmer Faucett, Condominio Nuevavista, Bellavista, Callao, Lima Metropolitana, Callao, 06011, Perú"
18571,"AV. UNIVERSITARIA N° 9957, MZ-A1, LT 4, 5, 6 Y 7 - URB. LA ALBORADA - SEGUNDA ETAPA",COMAS,"AV. UNIVERSITARIA 9957, COMAS, LIMA, PERU",-11.937545,-77.057914,2,highway,primary,"Avenida Universitaria, Santa Luzmila, Comas, Lima, Lima Metropolitana, Lima, 15314, Perú"
18574,AV. JAVIER PRADO OESTE Nº 900-944-950-956. ESQUINA CON AV. JUAN DE ALIAGA,MAGDALENA DEL MAR,"AV. JAVIER PRADO OESTE 900, MAGDALENA DEL MAR, LIMA, PERU",-12.093354,-77.059401,2,highway,primary,"Avenida Javier Prado Oeste, Magdalena, Magdalena del Mar, Lima, Lima Metropolitana, Lima, 15076, Perú"
18622,MALECON SAN MARTIN N° 873                                                                           ,ANCON,"MALECON SAN MARTIN 873, ANCON, LIMA, PERU",-11.775961,-77.179934,1,highway,footway,"Malecon San Martín, Ancón, Lima, Lima Metropolitana, Lima, 15123, Perú"
18639,AV. REPÚBLICA DE PANAMÁ N° 5160 ,SURQUILLO,"AV. REPÚBLICA DE PANAMÁ 5160, SURQUILLO, LIMA, PERU",-12.105683,-77.018578,1,highway,primary,"Avenida República de Panamá, El Aeropuerto, Surquillo, Lima, Lima Metropolitana, Lima, 15000, Perú"
186433,"LOTE 4, MZ. C PARCELA I, DEL PARQUE INDUSTRIAL DEL CONO SUR, FRENTE AV. PACHACUTEC",VILLA EL SALVADOR,"LOTE 4, MZ. C PARCELA I, DEL PARQUE INDUSTRIAL DEL CONO SUR, VILLA EL SALVADOR, LIMA, PERU",,,0,,,
18666,"ESQUINA DE LA AV. CANTA CALLAO Y LOS DOMINICOS MZ. E LOTE 7, URB. LAS BRISAS DE SANTA ROSA",SAN MARTIN DE PORRES,"AV. CANTA CALLAO, SAN MARTIN DE PORRES, LIMA, PERU",-11.984776,-77.100044,3,highway,secondary,"Avenida Canta Callao, Santa Rosa, San Martín de Porres, Lima, Lima Metropolitana, Lima, 15109, Perú"
186660,"AV. CORDIALIDAD CON AV. PROCERES DE HUANDOY, MZ. BBB-2, LT. 25, URB. LA FLORESTA",LOS OLIVOS,"AV. CORDIALIDAD CON AV. PROCERES DE HUANDOY, MZ. BBB-2, LT. 25, LOS OLIVOS, LIMA, PERU",,,0,,,
18687,AV. ANDRES AVELINO CACERES N° 120 ESQ. CON AV. RICARDO PALMA,MIRAFLORES,"AV. ANDRES AVELINO CACERES 120, MIRAFLORES, LIMA, PERU",-12.154106,-76.965876,2,highway,residential,"Avenida Andres Avelino Caceres, El Arenal, San Juan de Miraflores, Lima, Lima Metropolitana, Lima, 15801, Perú"
18704,"AV. CARLOS  IZAGUIRRE  MZ. D LTES. 4, 5 Y 6.  URBANIZACION CALIFORNIA         ",SAN MARTIN DE PORRES,"AV. CARLOS IZAGUIRRE, SAN MARTIN DE PORRES, LIMA, PERU",-11.990966,-77.093744,3,amenity,place_of_worship,"Iglesia Cristiana Pentecostal del Peru, Avenida Carlos Alberto Izaguirre, Santa Rosa, San Martín de Porres, Lima, Lima Metropolitana, Lima, 15109, Perú"
18818,ESQ. AV. SAN BORJA NORTE N° 1415 Y AV. PASEO DEL BOSQUE N° 806,SAN BORJA,"AV. SAN BORJA NORTE 1415, SAN BORJA, LIMA, PERU",-12.093416,-76.998859,2,highway,secondary,"Avenida San Borja Norte, San Borja, Lima, Lima Metropolitana, Lima, 15041, Perú"
18819,AV. PASEO DE LA REPUBLICA N° 301,LA VICTORIA,"AV. PASEO DE LA REPUBLICA 301, LA VICTORIA, LIMA, PERU",-12.061287,-77.03452,1,place,house,"301, Avenida Paseo de la República, La Victoria, Lima, Lima Metropolitana, Lima, 15083, Perú"
18820,AV. COMANDANTE ESPINAR Nº 585 ESQUINA CON LA AV. ANGAMOS,MIRAFLORES,"AV. COMANDANTE ESPINAR 585, MIRAFLORES, LIMA, PERU",-12.111093,-77.036805,2,highway,secondary,"Avenida Comandante Espinar, América, Miraflores, Lima, Lima Metropolitana, Lima, 15074, Perú"
18821,AV. BENAVIDES N° 2849,MIRAFLORES,"AV. BENAVIDES 2849, MIRAFLORES, LIMA, PERU",-12.120924,-77.030229,1,highway,secondary,"Avenida Diagonal, Miraflores, Lima, Lima Metropolitana, Lima, 15074, Perú"
18822,AV. REPUBLICA DE ARGENTINA N° 2501  2505 CON JR. LEONARDO ARRIETA N° 760 - 786,LIMA,"AV. REPUBLICA DE ARGENTINA 2501, LIMA, LIMA, PERU",-12.043856,-77.050946,2,highway,tertiary,"Avenida República de Argentina, Lima, Lima Metropolitana, Lima, 15079, Perú"
18824,"AV. TINGO MARIA N° 994, ESQUINA CON AV. REPUBLICA DE VENEZUELA N° 1820",LIMA,"AV. TINGO MARIA 994, LIMA, LIMA, PERU",-12.143009,-76.945611,2,highway,residential,"Avenida Tingo María, Vallecito, Villa María del Triunfo, Lima, Lima Metropolitana, Lima, 15088, Perú"
18825,JR. JORGE CHAVEZ 1087 ESQ. JR. OLMEDO N° 498                                                        ,BREÑA,"JR. JORGE CHAVEZ 1087 ESQ. JR. OLMEDO 498, BREÑA, LIMA, PERU",,,0,,,
18826,"LOTE 2-3 DE LA MANZANA V, URBANIZACIÓN PRO-SÉTIMO SECTOR - PARCELA A",SAN MARTIN DE PORRES,"LOTE 2-3 DE LA MANZANA V, SAN MARTIN DE PORRES, LIMA, PERU",,,0,,,
18827,"AV. SAN JUAN, MZ A, LOTE 3A, PAMPA LIBRE, KM. 1.5, CARRETERA AL CENTRO NUCLEAR DE HUARANGAL",PUENTE PIEDRA,"AV. SAN JUAN, PUENTE PIEDRA, LIMA, PERU",-11.856918,-77.084465,3,highway,secondary,"Avenida San Juan, Puente Piedra, Lima, Lima Metropolitana, Lima, 15118, Perú"
18828,AV. SAN JUAN MZ. B-1 LT. 01- TUPAC AMARU DE VILLA,CHORRILLOS,"AV. SAN JUAN, CHORRILLOS, LIMA, PERU",-12.197613,-76.977851,3,highway,secondary,"Avenida San Juan, Las Brisas de Villa, Chorrillos, Lima, Lima Metropolitana, Lima, 15829, Perú"
18861,"SUB. LOTE N° 1, DE LA PARCELA 60, COOPERATIVA AGRARIA DE USUARIOS MARIA PARADO DE BELLIDO - KM. 28 CARRETERA LIMA- CANTA",CARABAYLLO,"SUB. LOTE 1, DE LA PARCELA 60, CARABAYLLO, LIMA, PERU",,,0,,,
18863,CRUCE DE LA AV. 26 DE NOVIEMBRE Nº 2683 Y JR. MOCHE - AA. HH. VIRGEN DE LOURDES,VILLA MARIA DEL TRIUNFO,"AV. 26 DE NOVIEMBRE 2683, VILLA MARIA DEL TRIUNFO, LIMA, PERU",-12.168708,-76.918667,2,highway,secondary,"Avenida 26 de Noviembre, Virgen de Lourdes, Villa María del Triunfo, Lima, Lima Metropolitana, Lima, 15818, Perú"
18864,AV. PACHACUTEC N° 3601,VILLA MARIA DEL TRIUNFO,"AV. PACHACUTEC 3601, VILLA MARIA DEL TRIUNFO, LIMA, PERU",-12.166682,-76.951861,1,highway,primary,"Avenida Pachacútec, Villa Jardín, Villa María del Triunfo, Lima, Lima Metropolitana, Lima, 15809, Perú"
18865,ESQUINA AV. TUPAC AMARU N° 4902 CON AV. FRANCISCO BOLOGNESI,COMAS,"AV. TUPAC AMARU 4902, COMAS, LIMA, PERU",-11.923044,-77.042495,2,highway,tertiary,"Avenida Túpac Amaru, Villa Oropeza, Año Nuevo, Comas, Lima, Lima Metropolitana, Lima, 15326, Perú"
18866,CARRETERA PANAMERICANA SUR KM. 17 AA.HH. LAS BRISAS,SAN JUAN DE MIRAFLORES,"CARRETERA PANAMERICANA SUR KM. 17, SAN JUAN DE MIRAFLORES, LIMA, PERU",-12.207208,-76.974195,1,building,yes,"Nexcom S.A.C, Km. 17.2 V.E.S, Carretera Panamericana Sur, Las Brisas de Villa, Villa El Salvador, Lima, Lima Metropolitana, Lima, 15829, Perú"
18868,CALLE PURUCHUCO ESQ. CON HATUN COLLA MZ. M LT. 2 URB. MANGOMARCA BAJA,SAN JUAN DE LURIGANCHO,"CALLE PURUCHUCO ESQ. CON HATUN COLLA MZ. M LT. 2, SAN JUAN DE LURIGANCHO, LIMA, PERU",,,0,,,
18869,AV. DE LAS AMERICAS ESQUINA CON AV. PARINACOCHAS N° 1683,LA VICTORIA,"AV. DE LAS AMERICAS ESQUINA CON AV. PARINACOCHAS 1683, LA VICTORIA, LIMA, PERU",,,0,,,
18871,"AV. PRIMAVERA N° 1095, ESQUINA CON CALLE CANARIAS N° 101",SAN BORJA,"AV. PRIMAVERA 1095, SAN BORJA, LIMA, PERU",-12.11132,-76.993491,2,highway,primary,"Avenida Primavera, El Bosque Etapa Dos, San Borja, Lima, Lima Metropolitana, Lima, 15037, Perú"
18872,"AV. COLONIAL N° 140, 160, 164, 178, ESQUINA CON JR. HUAROCHIRI N° 591",LIMA,"AV. COLONIAL 140, LIMA, LIMA, PERU",-12.0463,-77.043591,2,place,house,"140, Avenida Óscar Raimundo Benavides, Lima, Lima Metropolitana, Lima, 15082, Perú"
18873,"AV. LIMA ESQ. CALLE LA PAZ, URB. LOS PORTALES DE PACHACAMAC",PACHACAMAC,"AV. LIMA ESQ. CALLE LA PAZ, PACHACAMAC, LIMA, PERU",,,0,,,
18875,"AV. NESTOR GAMBETTA S/N LOTIZACION LEONCIO PRADO, MZ. F, LOTE 83",PUENTE PIEDRA,"AV. NESTOR GAMBETTA LOTIZACION LEONCIO PRADO, MZ. F, LOTE 83, PUENTE PIEDRA, LIMA, PERU",,,0,,,
18877,AV. ANGELICA GAMARRA MZ. I LT. 11-C  SAN MARTIN DE PORRES,SAN MARTIN DE PORRES,"AV. ANGELICA GAMARRA, SAN MARTIN DE PORRES, LIMA, PERU",-12.00852,-77.086604,3,highway,tertiary,"Avenida Angélica Gamarra, Urbanización Antares, Garagay, San Martín de Porres, Lima, Lima Metropolitana, Lima, 15108, Perú"
18878,"AV. ALAMEDA LOS HORIZONTES N° 1070, URB. LOS CEDROS",CHORRILLOS,"AV. ALAMEDA LOS HORIZONTES 1070, CHORRILLOS, LIMA, PERU",-12.204122,-77.008031,1,highway,secondary,"Avenida Alameda Los Horizontes, La Encantada de Villa, Los Cedros, Chorrillos, Lima, Lima Metropolitana, Lima, 15067, Perú"
18879,AV. CAMINO REAL N° 1298,SAN ISIDRO,"AV. CAMINO REAL 1298, SAN ISIDRO, LIMA, PERU",-12.102403,-77.038499,1,highway,secondary,"Avenida Camino Real, El Rosario, San Isidro, Lima, Lima Metropolitana, Lima, 15073, Perú"
18881,AV. VENEZUELA N° 2180 ESQ. CON EL JR. YUNGAY,LIMA,"AV. VENEZUELA 2180, LIMA, LIMA, PERU",-12.056356,-77.06258,2,amenity,fuel,"Energigas, 2180, Avenida República de Venezuela, Cata, Mirones, Lima, Lima Metropolitana, Lima, 15082, Perú"
18882,"AV. TUPAC AMARU, ESQ. AV. TOMAS VALLE",INDEPENDENCIA,"AV. TUPAC AMARU, INDEPENDENCIA, LIMA, PERU",-12.005548,-77.054007,3,highway,primary,"Avenida Túpac Amaru, Urbanización Mesa Redonda, El Ermitaño, Independencia, Lima, Lima Metropolitana, Lima, 15028, Perú"
18883,"AV. BOLIVAR N° 330, ESQ. AV. DEL RIO",PUEBLO LIBRE,"AV. BOLIVAR 330, ESQ. AV. DEL RIO, PUEBLO LIBRE, LIMA, PERU",-12.07245,-77.066503,1,highway,secondary,"Avenida Simón Bolivar, Pueblo Libre, Lima, Lima Metropolitana, Lima, 15084, Perú"
19933,ESQ. AV. ARGENTINA CON JR. VENEZUELA,CALLAO,"ESQ. AV. ARGENTINA CON JR. VENEZUELA, CALLAO, LIMA, PERU",,,0,,,
19942,ESQ. AV. SEPARADORA INDUSTRIAL N° 809,ATE,"AV. SEPARADORA INDUSTRIAL 809, ATE, LIMA, PERU",-12.064337,-76.971605,2,highway,tertiary,"Avenida Separadora Industrial, Ate, Lima, Lima Metropolitana, Lima, 15008, Perú"
19943,AV. METROPOLITANA MZ. J LOTE 42 B URB. TILDA,ATE,"AV. METROPOLITANA, ATE, LIMA, PERU",-12.030149,-76.927522,3,highway,primary,"Avenida Metropolitana, Antiguo Mercado Ceres, Vitarte, Ate, Lima, Lima Metropolitana, Lima, 15498, Perú"
19944,AV. REPUBLICA DE VENEZUELA N° 1315,BREÑA,"AV. REPUBLICA DE VENEZUELA 1315, BREÑA, LIMA, PERU",-12.054623,-77.043649,1,highway,secondary,"Avenida República de Venezuela, Huerta La Virreyna, Chacra Colorada, Breña, Lima, Lima Metropolitana, Lima, 15082, Perú"
19945,AV. OSCAR R. BENAVIDES N° 1380,LIMA,"AV. OSCAR R. BENAVIDES 1380, LIMA, LIMA, PERU",-11.874112,-77.013277,1,highway,residential,"Jirón Mariscal R. Benavides Este, AH El Paraiso, El Progreso, Carabayllo, Lima, Lima Metropolitana, Lima, 15321, Perú"
19946,"CARRETERA CENTRAL N° 1670 KM. 21.75, SECTOR PAMPA DE MORON",CHACLACAYO,"CARRETERA. CENTRAL 1670, CHACLACAYO, LIMA, PERU",-11.982741,-76.800024,2,highway,trunk,"Carretera Central, Asociación Huascarán, Villa Rica, Chaclacayo, Lima, Lima Metropolitana, Lima, 15476, Perú"
19947,"AV. PUNO N° 2383, ESQ. CALLE DIAMANTE",COMAS,"AV. PUNO 2383, COMAS, LIMA, PERU",-11.954782,-77.045775,2,highway,tertiary,"Avenida Puno, Cerro Sinai, Comas, Lima, Lima Metropolitana, Lima, 15312, Perú"
19948,AV. PRIMERO DE MAYO N° 3090,EL AGUSTINO,"AV. PRIMERO DE MAYO 3090, EL AGUSTINO, LIMA, PERU",,,0,,,
19949,AV. GERARDO UNGER N° 3301 ESQ. CON JR. RUFINO MACEDO,INDEPENDENCIA,"AV. GERARDO UNGER 3301, INDEPENDENCIA, LIMA, PERU",-12.004731,-77.05448,2,highway,primary,"Avenida Túpac Amaru, Urbanización Mesa Redonda, El Ermitaño, Independencia, Lima, Lima Metropolitana, Lima, 15028, Perú"
19952,ESQUINA DE AV. SAN LUIS CON PABLO PATRÓN  120 URB. SAN PABLO,LA VICTORIA,"ESQUINA DE AV. SAN LUIS CON PABLO PATRÓN 120, LA VICTORIA, LIMA, PERU",,,0,,,
19954,AV. MANCO CAPAC N° 693,LA VICTORIA,"AV. MANCO CAPAC 693, LA VICTORIA, LIMA, PERU",-12.074263,-77.027865,1,highway,primary,"Avenida Manco Cápac, Matute, La Victoria, Lima, Lima Metropolitana, Lima, 15046, Perú"
19956,ESQ. AV. ZORRITOS S/N. CON MIGUEL BAQUERO N° 498,LIMA,"ESQ. AV. ZORRITOS. CON MIGUEL BAQUERO 498, LIMA, LIMA, PERU",,,0,,,
19958,AV. ARENALES N° 881. ESQUINA EMILIO FERNANDEZ,LIMA,"AV. ARENALES 881, LIMA, LIMA, PERU",-12.213832,-76.879355,2,highway,residential,"Avenida Arenales, Pachacámac, Quebrada Verde, Pachacámac, Lima, Lima Metropolitana, Lima, 15822, Perú"
19960,JR. INDEPENDENCIA MZ.18 LOTES 1 Y 2 SAN PEDRO DE LURIN KM 39.5,LURIN,"JR. INDEPENDENCIA MZ.18 LOTES 1 Y 2 SAN PEDRO DE LURIN KM 39.5, LURIN, LIMA, PERU",,,0,,,
19963,AV. DEL EJERCITO N° 290,MIRAFLORES,"AV. DEL EJERCITO 290, MIRAFLORES, LIMA, PERU",-12.111601,-77.049975,1,highway,secondary,"Avenida Del Ejército, Miraflores, Lima, Lima Metropolitana, Lima, 15027, Perú"
19964,CARRETERA CIENEGUILLA (AV. LA MOLINA) KM. 11.5 Y DESVIO A MANCHAY URB. MUSA,PACHACAMAC,"CARRETERA CIENEGUILLA KM. 11.5 Y DESVIO A MANCHAY, PACHACAMAC, LIMA, PERU",,,0,,,
19966,"AV. LA MARINA N° 325, ESQ. JR. TORRE TAGLE",PUEBLO LIBRE,"AV. LA MARINA 325, PUEBLO LIBRE, LIMA, PERU",-12.085202,-77.064383,2,highway,primary,"Avenida de La Marina, Pueblo Libre, Lima, Lima Metropolitana, Lima, 15084, Perú"
19967,"CALLE SAN MARTIN MZ. E3, LOTE 2 - EL DORADO",PUENTE PIEDRA,"CALLE. SAN MARTIN, PUENTE PIEDRA, LIMA, PERU",-11.871399,-77.074836,3,highway,residential,"Calle San Martin, Urbanización Santo Domingo, Urbanización Augusto Bedoya, Puente Piedra, Lima, Lima Metropolitana, Lima, 15118, Perú"
19968,"AV. LOS PROCERES Nº 199 - 199A, ESQUINA CON JR. GAMARRA",RIMAC,"AV. LOS PROCERES 199, RIMAC, LIMA, PERU",-12.031074,-77.043391,2,highway,residential,"Avenida Los Próceres, Urbanización Villacampa, Rímac, Lima, Lima Metropolitana, Lima, 15102, Perú"
19969,AV. PROCERES DE LA INDEPENDENCIA N° 5324,SAN JUAN DE LURIGANCHO,"AV. PROCERES DE LA INDEPENDENCIA 5324, SAN JUAN DE LURIGANCHO, LIMA, PERU",-11.9821,-77.005708,1,highway,primary,"Avenida Fernando Wiesse, San Carlos (II etapa), San Juan de Lurigancho, Lima, Lima Metropolitana, Lima, 15423, Perú"
19972,"AV. SANTA ROSA, MZ. J LOTE 19 URB. LOS ÁLAMOS",SAN JUAN DE LURIGANCHO,"AV. SANTA ROSA, SAN JUAN DE LURIGANCHO, LIMA, PERU",-11.989773,-76.996736,3,highway,secondary,"Avenida Santa Rosa de Lima, Agrupación Nueva Esperanza, San Juan de Lurigancho, Lima, Lima Metropolitana, Lima, 15438, Perú"
19973,"AV. EL SOL ESQUINA CON AV. LOS ALAMOS, MZ. E. LOTES 20B Y 20A-1. URB. CANTO GRANDE",SAN JUAN DE LURIGANCHO,"AV. EL SOL ESQUINA CON AV. LOS ALAMOS, MZ. E. LOTES 20B Y 20A-1, SAN JUAN DE LURIGANCHO, LIMA, PERU",,,0,,,
19975,"INTERSECCION AV. CIRCUNVALACION Y CALLE V. MZ. D, LOTES. 3 Y 4, COOP. DE VIVIENDA LA UNION",SAN JUAN DE LURIGANCHO,"AV. CIRCUNVALACION, SAN JUAN DE LURIGANCHO, LIMA, PERU",-11.972948,-76.99121,3,highway,residential,"Avenida Circunvalación, Eduardo de la Pinella, Juan Pablo II, San Juan de Lurigancho, Lima, Lima Metropolitana, Lima, 15438, Perú"
19976,"ASENTAMIENTO HUMANO HÉROES DE SAN JUAN - SECTOR 5, MZ. I, LOTE 24",SAN JUAN DE MIRAFLORES,"ASENTAMIENTO HUMANO HÉROES DE SAN JUAN - SECTOR 5, MZ. I, LOTE 24, SAN JUAN DE MIRAFLORES, LIMA, PERU",,,0,,,
19977,AV. JUAN PABLO II N° 1294-1298,SANTIAGO DE SURCO,"AV. JUAN PABLO II 1294, SANTIAGO DE SURCO, LIMA, PERU",-12.096806,-76.964759,2,highway,residential,"Calle Juan Pablo II, Tradiciones Monterrico, Monterrico, Santiago de Surco, Lima, Lima Metropolitana, Lima, 15023, Perú"
19978,AV. DEFENSORES DE LIMA N° 630,SAN JUAN DE MIRAFLORES,"AV. DEFENSORES DE LIMA 630, SAN JUAN DE MIRAFLORES, LIMA, PERU",-12.145274,-76.971812,1,highway,secondary,"Avenida Defensores de Lima, El Brillante, Pamplona, San Juan de Miraflores, Lima, Lima Metropolitana, Lima, 15803, Perú"
19980,AV. SAN JUAN N° 895,SAN LUIS,"AV. SAN JUAN 895, SAN LUIS, LIMA, PERU",-12.074554,-76.99894,1,highway,tertiary,"Avenida San Juan, La Viña, San Luis, Lima, Lima Metropolitana, Lima, 15019, Perú"
19981,INTERSECCION DE LA AUTOPISTA CANTA CALLAO Y LA AV. CARLOS IZAGUIRRE,SAN MARTIN DE PORRES,"AV. CARLOS IZAGUIRRE, SAN MARTIN DE PORRES, LIMA, PERU",-11.990966,-77.093744,3,amenity,place_of_worship,"Iglesia Cristiana Pentecostal del Peru, Avenida Carlos Alberto Izaguirre, Santa Rosa, San Martín de Porres, Lima, Lima Metropolitana, Lima, 15109, Perú"
19982,AV. UNIVERSITARIA NORTE N° 2901,SAN MARTIN DE PORRES,"AV. UNIVERSITARIA NORTE 2901, SAN MARTIN DE PORRES, LIMA, PERU",-11.985629,-77.079446,1,highway,primary,"Avenida Universitaria, Urbanización Rosario del Norte, San Martín de Porres, Lima, Lima Metropolitana, Lima, 15301, Perú"
19983,AV. TUPAC AMARU N° 1453,SAN MARTIN DE PORRES,"AV. TUPAC AMARU 1453, SAN MARTIN DE PORRES, LIMA, PERU",-12.026711,-77.065364,1,highway,residential,"Avenida Tupac Amaru, Perú 1ra Zona, San Martín de Porres, Lima, Lima Metropolitana, Lima, 15101, Perú"
19984,AV. ELMER FAUCETT N° 477-481 ESQ. CALLE HIDALGO  URB.MARANGA,SAN MIGUEL,"AV. ELMER FAUCETT 477, SAN MIGUEL, LIMA, PERU",-12.065899,-77.097248,2,highway,primary,"Avenida Elmer Faucett, Maranga 5, San Miguel, Lima, Lima Metropolitana, Lima, 06011, Perú"
19985,AV. RAFAEL ESCARDO N° 250,SAN MIGUEL,"AV. RAFAEL ESCARDO 250, SAN MIGUEL, LIMA, PERU",-12.067298,-77.093089,1,highway,tertiary,"Avenida Rafael Escardó, Residencial Callao, San Miguel, Lima, Lima Metropolitana, Lima, 15087, Perú"
19986,"AV. ALTO HUANCARAY MZ. B LTE. 6, ASOCIACION DE VIVIENDA SAN CARLOS",SANTA ANITA,"AV. ALTO HUANCARAY, SANTA ANITA, LIMA, PERU",-12.039151,-76.957338,3,highway,primary,"Avenida Huancaray, Santa Anita, Lima, Lima Metropolitana, Lima, 15009, Perú"
19988,"AV. HUANCARAY MZ. A-6, LOTES DEL 44 AL 47, URB. LAS FLORES",SANTA ANITA,"AV. HUANCARAY, SANTA ANITA, LIMA, PERU",-12.036877,-76.951613,3,highway,primary,"Avenida Huancaray, Santa Anita, Lima, Lima Metropolitana, Lima, 15009, Perú"
19989,AV. TOMAS MARSANO Nº 4080 ESQUINA CON AV. SURCO,SANTIAGO DE SURCO,"AV. TOMAS MARSANO 4080, SANTIAGO DE SURCO, LIMA, PERU",-12.127433,-77.00194,2,highway,primary,"Avenida Tomás Marsano, Canupus, Higuereta, Santiago de Surco, Lima, Lima Metropolitana, Lima, 15038, Perú"
19990,MZ. N LOTE 5 GRUPO 20 SECTOR 1 ESQ. CON AV. MICAELA BASTIDAS,VILLA EL SALVADOR,"AV. MICAELA BASTIDAS, VILLA EL SALVADOR, LIMA, PERU",-12.199863,-76.951349,3,highway,tertiary,"Avenida Micaela Bastidas, Sector 1, Villa El Salvador, Lima, Lima Metropolitana, Lima, 15829, Perú"
19991,"AV PACHACUTEC Nº 6587 MZ D LOTES N° 14,16, 18, 19 SANTA ROSA DE TABLADA DE LURIN",VILLA MARIA DEL TRIUNFO,"AV. PACHACUTEC 6587, VILLA MARIA DEL TRIUNFO, LIMA, PERU",-12.162988,-76.955021,2,highway,primary,"Avenida Pachacútec, Villa Jardín, Villa María del Triunfo, Lima, Lima Metropolitana, Lima, 15809, Perú"
19993,"CALLE SAN MARTIN DE PORRAS N° 413  MZ. 191, LOTES 18 Y 1 ETAPA V, PP.JJ. JOSE CARLOS MARIATEGUI",VILLA MARIA DEL TRIUNFO,"CALLE SAN MARTIN DE PORRAS 413 MZ. 191, LOTES 18 Y 1, VILLA MARIA DEL TRIUNFO, LIMA, PERU",,,0,,,
19994,"MZ. C, LOTE 1, GRUPO RESIDENCIAL N° 3, PUEBLO JOVEN NUEVO PROGRESO (AV. PACHACUTEC N° 8035)",VILLA MARIA DEL TRIUNFO,"MZ. C, LOTE 1, GRUPO RESIDENCIAL 3, PUEBLO JOVEN NUEVO PROGRESO, VILLA MARIA DEL TRIUNFO, LIMA, PERU",,,0,,,
20124,"AV. A SUR CALLE 1 Y CALLE 2, RESIDENCIAL VILLA HERMOSA DE HUAYCAN",ATE,"AV. A SUR CALLE 1 Y CALLE 2, RESIDENCIAL VILLA HERMOSA DE HUAYCAN, ATE, LIMA, PERU",,,0,,,
20125,AV. NESTOR GAMBETTA N° 115,CALLAO,"AV. NESTOR GAMBETTA 115, CALLAO, LIMA, PERU",-12.04459,-77.126418,1,highway,primary,"Avenida Coronel Nestor Gambetta, Ramon Castilla, Callao, Lima Metropolitana, Callao, 07001, Perú"
20129,ESQ. AV. RAUL FERRERO CON AV. ALAMEDA DEL CORREGIDOR,LA MOLINA,"ESQ. AV. RAUL FERRERO CON AV. ALAMEDA DEL CORREGIDOR, LA MOLINA, LIMA, PERU",,,0,,,
20130,AV. SANTA ROSA DE LIMA Nº 2091 - URB. LA HUAYRONA,SAN JUAN DE LURIGANCHO,"AV. SANTA ROSA DE LIMA 2091, SAN JUAN DE LURIGANCHO, LIMA, PERU",-11.971046,-76.992326,1,highway,secondary,"Avenida Santa Rosa de Lima, Eduardo de la Pinella, San Juan de Lurigancho, Lima, Lima Metropolitana, Lima, 15423, Perú"
20876,AV. PROCERES DE LA INDEPENDENCIA N° 3810-A ESQ. JR. LOS SOCIOLOGOS URB. MARISCAL CACERES,SAN JUAN DE LURIGANCHO,"AV. PROCERES DE LA INDEPENDENCIA 3810, SAN JUAN DE LURIGANCHO, LIMA, PERU",-11.9821,-77.005708,2,highway,primary,"Avenida Fernando Wiesse, San Carlos (II etapa), San Juan de Lurigancho, Lima, Lima Metropolitana, Lima, 15423, Perú"
20980,"AV. QUILCA  S/N CUADRA 11, MZ. E, LT. 29, RESIDENCIAL AEROPUERTO, ESQ. CALLE SATURNO Y NEPTUNO",CALLAO,"AV. QUILCA CUADRA 11, MZ. E, LT. 29, RESIDENCIAL AEROPUERTO, ESQ. CALLE SATURNO Y NEPTUNO, CALLAO, LIMA, PERU",,,0,,,
20982,"AV. UNIVERSITARIA CDRA. 51, ESQUINA CON CALLE A",LOS OLIVOS,"AV. UNIVERSITARIA CDRA. 51, ESQUINA CON CALLE A, LOS OLIVOS, LIMA, PERU",,,0,,,
21001,AV. GUARDIA CIVIL N° 1109 ESQ. CON AV. DEL PARQUE SUR N° 314,SAN ISIDRO,"AV. GUARDIA CIVIL 1109, SAN ISIDRO, LIMA, PERU",-12.1008,-77.013703,2,highway,secondary,"Avenida Guardia Civil, Corpac, San Isidro, Lima, Lima Metropolitana, Lima, 15000, Perú"
21003,AV. MARIA REICHE S/N. CON SEPARADORA INDUSTRIAL - URB. PACHACAMAC,VILLA EL SALVADOR,"AV. MARIA REICHE. CON SEPARADORA INDUSTRIAL, VILLA EL SALVADOR, LIMA, PERU",,,0,,,
21004,ESQ. AV. MIGUEL GRAU Y CALLE 4,ATE,"AV. MIGUEL GRAU, ATE, LIMA, PERU",-12.060772,-76.992833,3,highway,residential,"Avenida Miguel Grau, Valdiviezo, Ate, Lima, Lima Metropolitana, Lima, 15019, Perú"
21006,"AV. LA MARINA Nº 2789 ESQUINA CON AV. RAFAEL ESCARDO, URB MARANGA",SAN MIGUEL,"AV. LA MARINA 2789, SAN MIGUEL, LIMA, PERU",-12.072912,-77.103178,2,highway,secondary,"Avenida de La Marina, Rafael Escardó, San Miguel, Lima, Lima Metropolitana, Lima, 15087, Perú"
21007,ESQ. AV. URUBAMBA CON AV. LOS INGENIEROS,ATE,"ESQ. AV. URUBAMBA CON AV. LOS INGENIEROS, ATE, LIMA, PERU",,,0,,,
21030,"AV. COLECTORA CUADRA 4, MZ. ""A-19"" LOTE 3",SANTA ANITA,"AV. COLECTORA CUADRA 4, SANTA ANITA, LIMA, PERU",-12.04592,-76.9584,2,highway,secondary,"Avenida Colectora Industrial, Santa Anita, Lima, Lima Metropolitana, Lima, 15009, Perú"
21031,ESQ. AV. HUAYLAS N° 600 CON JR. JUSTO NAVEDA N° 121,CHORRILLOS,"AV. HUAYLAS 600, CHORRILLOS, LIMA, PERU",-12.17626,-77.01733,2,highway,primary,"Avenida Defensores del Morro, Chorrillos, Lima, Lima Metropolitana, Lima, 15064, Perú"
21032,AV. GUARDIA CIVIL N° 333,CHORRILLOS,"AV. GUARDIA CIVIL 333, CHORRILLOS, LIMA, PERU",-12.174213,-76.99287,1,highway,secondary,"Avenida Guardia Civil Sur, Chorrillos, Lima, Lima Metropolitana, Lima, 15054, Perú"
21034,"MZ. D, LTS. 3 - 4,  URB. LAS COLINAS 1RA. ETAPA",CALLAO,"MZ. D, LTS. 3 - 4, CALLAO, LIMA, PERU",-11.875222,-77.124133,1,landuse,residential,"Mz 18, Ventanilla, Callao, Lima Metropolitana, Callao, Perú"
21035,"AV. MIGUEL IGLESIAS MZ. J, LT. 8, COOPERATIVA DE VIVIENDA SAN MIGUEL DE APURIMAC",SAN JUAN DE MIRAFLORES,"AV. MIGUEL IGLESIAS, SAN JUAN DE MIRAFLORES, LIMA, PERU",-12.173482,-76.962466,3,highway,secondary,"Avenida Miguel Iglesias, Los Cedros del Sur, San Juan de Miraflores, Lima, Lima Metropolitana, Lima, 15828, Perú"
21036,"AV. GUARDIA CIVIL N° 723 - 709 - 715, ESQUINA CON AV. EL SOL N° 1297 - 1283 - 1275 - 1269, URB. LA CAMPIÑA",CHORRILLOS,"AV. GUARDIA CIVIL 723, CHORRILLOS, LIMA, PERU",-12.17299,-76.991954,2,highway,secondary,"Avenida Guardia Civil Sur, Chorrillos, Lima, Lima Metropolitana, Lima, 15054, Perú"
21038,"AV. TUPAC AMARU, ALTURA KM. 23 CARRETERA CANTA",CARABAYLLO,"AV. TUPAC AMARU, CARABAYLLO, LIMA, PERU",-11.90735,-77.03232,1,highway,trunk,"Avenida Túpac Amaru, Asentamiento Humano 1º de Noviembre, Carabayllo, Lima, Lima Metropolitana, Lima, 15313, Perú"
21052,AV. MARISCAL OSCAR R. BENAVIDES Nº 871 (ANTES: AV. COLONIAL ESQ. AV. TINGO MARIA),LIMA,"AV. MARISCAL OSCAR R. BENAVIDES 871, LIMA, LIMA, PERU",-12.120924,-77.030229,1,highway,secondary,"Avenida Diagonal, Miraflores, Lima, Lima Metropolitana, Lima, 15074, Perú"
21053,AV. GRAN CHIMÚ Nº 1412,SAN JUAN DE LURIGANCHO,"AV. GRAN CHIMÚ 1412, SAN JUAN DE LURIGANCHO, LIMA, PERU",-12.024264,-76.988386,1,amenity,fuel,"Grifo Repsol, 1412, Avenida Gran Chimú, Zárate, San Juan de Lurigancho, Lima, Lima Metropolitana, Lima, 15427, Perú"
21054,"AV. SANTIAGO DE SURCO N° 3291, ESQUINA CON LOS ALAMOS LOTES 4 Y 5 ",SANTIAGO DE SURCO,"AV. SANTIAGO DE SURCO 3291, SANTIAGO DE SURCO, LIMA, PERU",-12.146957,-76.987633,2,highway,primary,"Avenida Santiago de Surco, AA.HH. San Roque, Santiago de Surco, Lima, Lima Metropolitana, Lima, 15029, Perú"
21057,AV. MARCO POLO S/N ESQ. JR. ALBERTO SECADA N* 474,CALLAO,"AV. MARCO POLO ESQ. JR. ALBERTO SECADA N* 474, CALLAO, LIMA, PERU",,,0,,,
21058,"AV. FELIPE MENDIZABAL MZ. K, LTS. 3 Y 4, URB TUNGASUCA",CARABAYLLO,"AV. FELIPE MENDIZABAL, CARABAYLLO, LIMA, PERU",-11.898106,-77.039011,3,highway,residential,"Jirón Felipe Mendizábal, Carabayllo, Lima, Lima Metropolitana, Lima, 15316, Perú"
21096,AV. HEROES DEL ALTO CENEPA MZ. B LOTE 13 URB. CHACRA CERRO,COMAS,"AV. HEROES DEL ALTO CENEPA MZ. B LOTE 13, COMAS, LIMA, PERU",,,0,,,
21163,AV. JOSE CARLOS MARIATEGUI ESQ. CALLE B-8 HUAYCAN,ATE,"AV. JOSE CARLOS MARIATEGUI ESQ. CALLE B-8 HUAYCAN, ATE, LIMA, PERU",,,0,,,
21202,"ESQ. AV. EL SOL CON AV. PASTOR SEVILLA, SECTOR 2, GRUPO 21-A, MZ. ZC, LT. C",VILLA EL SALVADOR,"ESQ. AV. EL SOL CON AV. PASTOR SEVILLA, VILLA EL SALVADOR, LIMA, PERU",,,0,,,
21203,"MZ D, LOTE 2 (INTERSECCION DE AV. CANTA CALLAO Y AV. LOS OLIVOS) ASOCIACION DE VIVIENDA MONTE AZUL",SAN MARTIN DE PORRES,"MZ D, LOTE 2, SAN MARTIN DE PORRES, LIMA, PERU",,,0,,,
21204,AV. UNIVERSITARIA MZ. C LTS. 32 Y 33 URB. SAN EULOGIO,COMAS,"AV. UNIVERSITARIA, COMAS, LIMA, PERU",-11.937545,-77.057914,3,highway,primary,"Avenida Universitaria, Santa Luzmila, Comas, Lima, Lima Metropolitana, Lima, 15314, Perú"
21328,"AV. A Y CALLE 1 MZ. Q-1, LOTE 04, URBANIZACION VENTANILLA ALTA",VENTANILLA,"AV. A Y CALLE 1 MZ. Q-1, LOTE 04, VENTANILLA, LIMA, PERU",,,0,,,
21329,AV. JOSE CARLOS MARIATEGUI N° 3310 ESQ. CON AV. ISIDORO SUAREZ,VILLA MARIA DEL TRIUNFO,"AV. JOSE CARLOS MARIATEGUI 3310, VILLA MARIA DEL TRIUNFO, LIMA, PERU",-12.132935,-76.937718,2,highway,residential,"Avenida José Carlos Mariátegui, Villa Limatambo, San Gabriel Alto, Villa María del Triunfo, Lima, Lima Metropolitana, Lima, 15088, Perú"
21358,"PANAMERICANA SUR KM. 30 - PARCELA B21, PARCELA B21 A1, EX FUNDO SAN PEDRO",LURIN,"PANAMERICANA. SUR KM. 30, LURIN, LIMA, PERU",-12.283332,-76.878411,2,highway,motorway,"Carretera Panamericana Sur, Fundo San José, Lurín, Lima, Lima Metropolitana, Lima, 15823, Perú"
21397,CARRETERA CENTRAL KM. 16.50,ATE,"CARRETERA. CENTRAL KM. 16, ATE, LIMA, PERU",-12.021489,-76.906437,2,highway,primary,"Avenida Nicolás de Ayllón, Vitarte, Ate, Lima, Lima Metropolitana, Lima, 15487, Perú"
21446,AV. CARLOS IZAGUIRRE N° 220 ESQUINA CON CALLE  NAPO,INDEPENDENCIA,"AV. CARLOS IZAGUIRRE 220, INDEPENDENCIA, LIMA, PERU",-11.989291,-77.057827,2,amenity,pharmacy,"Boticas Perú, 119, Avenida Carlos Alberto Izaguirre, Independencia, Lima, Lima Metropolitana, Lima, 15311, Perú"
21482,"AV. CANTA CALLAO Y CALLE 2 - MZ. F, LT. 19 - 22, 38, 39, URB. BRISAS DE STA ROSA",SAN MARTIN DE PORRES,"AV. CANTA CALLAO, SAN MARTIN DE PORRES, LIMA, PERU",-11.984776,-77.100044,3,highway,secondary,"Avenida Canta Callao, Santa Rosa, San Martín de Porres, Lima, Lima Metropolitana, Lima, 15109, Perú"
21510,"AV. 26 DE NOVIEMBRE N° 2415, ESQUINA CON CALLE ZAÑA AA.HH. NUEVA ESPERANZA",VILLA MARIA DEL TRIUNFO,"AV. 26 DE NOVIEMBRE 2415, VILLA MARIA DEL TRIUNFO, LIMA, PERU",-12.168708,-76.918667,2,highway,secondary,"Avenida 26 de Noviembre, Virgen de Lourdes, Villa María del Triunfo, Lima, Lima Metropolitana, Lima, 15818, Perú"
21557,ESQUINA AV. C Y CALLE 5 PARQUE INDUSTRIAL EL ASESOR,ATE,"ESQUINA AV. C Y CALLE 5 PARQUE INDUSTRIAL EL ASESOR, ATE, LIMA, PERU",,,0,,,
21558,"AV. EL SOL Nº 697, ESQUINA CON AV. REPUBLICA DE PANAMA",BARRANCO,"AV. EL SOL 697, BARRANCO, LIMA, PERU",-12.143959,-77.020268,2,boundary,administrative,"Barranco, Lima, Lima Metropolitana, Lima, Perú"
21660,"AV. CENTRAL CDRA. 6, SECTOR 1, GRUPO 3, MZ. J, LTS. 1, 2 Y 24",VILLA EL SALVADOR,"AV. CENTRAL CDRA. 6, VILLA EL SALVADOR, LIMA, PERU",,,0,,,
21665,ESQ. AV. LA PAZ Y AV. ARMENDARIZ N° 575,MIRAFLORES,"AV. LA PAZ, MIRAFLORES, LIMA, PERU",-12.128801,-77.026727,3,highway,tertiary,"Avenida La Paz, Armendáriz, Miraflores, Lima, Lima Metropolitana, Lima, 15074, Perú"
31927,AV. IQUITOS N° 1100. ESQUINA CON JIRON ITALIA N° 100,LA VICTORIA,"AV. IQUITOS 1100, LA VICTORIA, LIMA, PERU",-12.071546,-77.029585,2,place,house,"1100, Avenida Iquitos, La Victoria, Lima, Lima Metropolitana, Lima, 15046, Perú"
33342,"AV. AVIACION S/N, ALTURA CDRA. 15, OVALO ARRIOLA",LA VICTORIA,"AV. AVIACION, LA VICTORIA, LIMA, PERU",-12.074625,-77.01097,1,highway,primary,"Avenida Aviación, Tradiciones Peruanas, La Victoria, Lima, Lima Metropolitana, Lima, 15021, Perú"
33410,"AV. PACASMAYO Y AV. COLECTORA, MZ O, LOTES 16A, 21A, 22, 22A, 23, 24 Y 25 ASOCIACIÓN PRO  VIVIENDA DE LOS TRABAJADORES PUERTO CALLAO II ETAPA",CALLAO,"AV. PACASMAYO, CALLAO, LIMA, PERU",-12.022671,-77.091433,3,highway,secondary,"Avenida Pacasmayo, El Olivar, Callao, Lima Metropolitana, Callao, 51131, Perú"
33657,"AV. NICOLAS AYLLON (CARRETERA CENTRAL) KM. 12, SUBLOTE A DEL FUNDO SAN JUAN DE PARIACHI",ATE,"AV. NICOLAS AYLLON KM. 12, ATE, LIMA, PERU",-12.064047,-76.9891,2,highway,primary,"Avenida Nicolás de Ayllón, Valdiviezo, Ate, Lima, Lima Metropolitana, Lima, 15019, Perú"
33678,"AV. PASTOR SEVILLA Y AV. MARIA REICHE, MZ. A LOTES 6, 7, 8 Y 9 SECTOR 2, 4TA ETAPA URB. PACHACAMAC",VILLA EL SALVADOR,"AV. PASTOR SEVILLA, VILLA EL SALVADOR, LIMA, PERU",-12.210626,-76.950339,3,highway,bus_stop,"Arriba Perú, Avenida Mariano Pastor Sevilla, Villa El Salvador, Lima, Lima Metropolitana, Lima, 15829, Perú"
34011,AV. EL SOL N° 645,VILLA MARIA DEL TRIUNFO,"AV. EL SOL 645, VILLA MARIA DEL TRIUNFO, LIMA, PERU",-12.176644,-76.918968,1,boundary,administrative,"Villa María del Triunfo, Lima, Lima Metropolitana, Lima, Perú"
34149,"AV. VILLA MARIA DEL TRIUNFO N° 1988, ESQUINA CON CALLE INDEPENDENCIA, MZ. H-19 LOTE 15",VILLA MARIA DEL TRIUNFO,"AV. VILLA MARIA DEL TRIUNFO 1988, VILLA MARIA DEL TRIUNFO, LIMA, PERU",-12.18487,-76.922685,2,amenity,kindergarten,"Institución educativa inicial Estrellitas Del Peru, Avenida Almirante Miguel Grau, Tablada de Lurín, Villa María del Triunfo, Lima, Lima Metropolitana, Lima, 15818, Perú"
34178,"AUTOPISTA RAMIRO PRIALE KM 8.5, MZ. A, SUB LOTE 54-B, CENTRO POBLADO MENOR DE SANTA MARIA DE HUACHIPA",LURIGANCHO,"AUTOPISTA RAMIRO PRIALE KM 8.5, MZ. A, SUB LOTE 54-B, CENTRO POBLADO MENOR DE SANTA MARIA DE HUACHIPA, LURIGANCHO, LIMA, PERU",,,0,,,
34179,"AV. MARIA REYCHE Y AV. SEPARADORA INDUSTRIAL IV ETAPA, URB. PACHACAMAC",VILLA EL SALVADOR,"AV. MARIA REYCHE Y AV. SEPARADORA INDUSTRIAL IV, VILLA EL SALVADOR, LIMA, PERU",,,0,,,
34457,"CARRETERA PANAMERICANA NORTE KM. 34 Y CALLE SANTA ROSA MZ. K-1, LOTE 12, CENTRO POBLADO ZAPALLAL",PUENTE PIEDRA,"CARRETERA. PANAMERICANA NORTE KM. 34, PUENTE PIEDRA, LIMA, PERU",-11.870684,-77.070451,2,highway,trunk,"Carretera Panamericana Norte, Urbanización Santo Domingo, Urbanización Augusto Bedoya, Puente Piedra, Lima, Lima Metropolitana, Lima, 15118, Perú"
34548,"AV. LUNA PIZARRO N° 1212, 1216, 1220 ESQUINA CALLE FRANCIA N° 584, 598",LA VICTORIA,"AV. LUNA PIZARRO 1212, LA VICTORIA, LIMA, PERU",-12.061698,-77.028022,2,highway,tertiary,"Jirón Javier Luna Pizarro, Barrio Obrero, La Victoria, Lima, Lima Metropolitana, Lima, 15001, Perú"
34612,AV. SAN ALFONSO (LOTE 58) SANTA CLARA,ATE,"AV. SAN ALFONSO SANTA CLARA, ATE, LIMA, PERU",-12.020894,-76.885986,1,highway,tertiary,"Avenida San Alfonso, Condominio El Bosque, Santa Clara, Ate, Lima, Lima Metropolitana, Lima, 15487, Perú"
34649,"ESQ. AV. DE LA FRATERNIDAD CON LA CALLE 19, MZ W-1, LOTES 15-16, AAHH. ENRIQUE MONTENEGRO",SAN JUAN DE LURIGANCHO,"ESQ. AV. DE LA FRATERNIDAD CON LA CALLE 19, MZ W-1, LOTES 15-16, SAN JUAN DE LURIGANCHO, LIMA, PERU",,,0,,,
34671,AV. BAUZATE Y MEZA ESQUINA JR. MENDOZA MERINO,LA VICTORIA,"AV. BAUZATE, LA VICTORIA, LIMA, PERU",-12.064078,-77.025524,3,highway,secondary,"Avenida Jaime Bausate y Meza, Barrio Mendoza, La Victoria, Lima, Lima Metropolitana, Lima, 15011, Perú"
34770,"ESQ. AV. LOS INGENIEROS Y AV. SEPARADORA INDUSTRIAL N° 2503, MZ. E LOTE 14-2, URB. STA. RAQUEL 2DA. ETAPA",ATE,"AV. LOS INGENIEROS, ATE, LIMA, PERU",-12.056419,-76.952398,3,highway,tertiary,"Avenida Los Ingenieros, Ate, Lima, Lima Metropolitana, Lima, 00051, Perú"
34801,"CALLE 5 MZ. F LOTE 01, URB. PROVIESA UNIVERSAL (NUEVO LURIN)",LURIN,"CALLE 5 MZ. F LOTE 01, LURIN, LIMA, PERU",,,0,,,
34805,"ESQ. AV. MICAELA BASTIDAS Y MATEO PUMACAHUA  SECTOR I, GRUPO 16 MZ. K, LT. 5 Y 6",VILLA EL SALVADOR,"AV. MICAELA BASTIDAS, VILLA EL SALVADOR, LIMA, PERU",-12.199863,-76.951349,3,highway,tertiary,"Avenida Micaela Bastidas, Sector 1, Villa El Salvador, Lima, Lima Metropolitana, Lima, 15829, Perú"
34928,"AV. MIGUEL IGLESIAS ESQUINA CON AV. ANDRES A. CACERES MZ. E, LOTES 14 Y 15, AA.HH. HEROES DE SAN JUAN",SAN JUAN DE MIRAFLORES,"AV. MIGUEL IGLESIAS ESQUINA CON AV. ANDRES A. CACERES MZ. E, LOTES 14 Y 15, SAN JUAN DE MIRAFLORES, LIMA, PERU",,,0,,,
35025,ESQUINA AV. EL POLO Y AV. RAUL FERRERO (CLUB GOLF LOS INCAS N° 493 MZ. C LT. 13),SANTIAGO DE SURCO,"AV. EL POLO, SANTIAGO DE SURCO, LIMA, PERU",-12.099188,-76.97083,3,highway,secondary,"Avenida El Polo, El Derby de Monterrico, Monterrico, Santiago de Surco, Lima, Lima Metropolitana, Lima, 15023, Perú"
35059,"AV.PRIMAVERA N° 1204-1212, ESQUINA CON JR. JERONIMO DE ALIAGA SUR (LTS. 25,26 DE LA MZ. H, URB. VALLE HERMOSO DE MONTERRICO - ZONA ESTE)",SANTIAGO DE SURCO,"AV.PRIMAVERA 1204-1212, ESQUINA CON JR. JERONIMO DE ALIAGA SUR, SANTIAGO DE SURCO, LIMA, PERU",,,0,,,
35251,"AV. DEFENSORES DEL MORRO (ANTES HUAYLAS) N° 2671 MZ. Z-1, LTS. 1, 2, 3, 4 Y 5. URB. SANTA LEONOR",CHORRILLOS,"AV. DEFENSORES DEL MORRO 2671, CHORRILLOS, LIMA, PERU",-12.207947,-76.989066,2,highway,primary,"Avenida Prolongación Defensores del Morro, Delicias de Villa, Chorrillos, Lima, Lima Metropolitana, Lima, 15067, Perú"
35335,CARRETERA LIMA - CANTA KM. 25,CARABAYLLO,"CARRETERA LIMA - CANTA KM. 25, CARABAYLLO, LIMA, PERU",,,0,,,
35357,"ESQ. AV. SAN JUAN Y CALLE CAJAMARCA MZ. R-10 LT. 12, SECTOR LEONCIO PRADO - PAMPLONA ALTA",SAN JUAN DE MIRAFLORES,"AV. SAN JUAN, SAN JUAN DE MIRAFLORES, LIMA, PERU",-12.169484,-76.972051,3,highway,residential,"Avenida San Juan, Zona B, San Juan de Miraflores, Lima, Lima Metropolitana, Lima, 15801, Perú"
35408,ESQ. AV. PROCERES DE LA INDEPENDENCIA (EX-WIESSE) / AV. AMPLIACION MARISCAL CACERES MZ P15 LT 124,SAN JUAN DE LURIGANCHO,"ESQ. AV. PROCERES DE LA INDEPENDENCIA / AV. AMPLIACION MARISCAL CACERES MZ P15 LT 124, SAN JUAN DE LURIGANCHO, LIMA, PERU",,,0,,,
35624,AV SANTA ROSA N° 333,ATE,"AV SANTA ROSA 333, ATE, LIMA, PERU",-12.016154,-76.874913,1,highway,residential,"Avenida Santa Rosa, San Juan, Santa Clara, Ate, Lima, Lima Metropolitana, Lima, 15487, Perú"
36159,"MZ. C LOTE 38, AA.HH. HEROES DE SAN JUAN, SECTOR 5 FRENTE A LA AV. MARIANO PASTOR SEVILLA (ANTES AV. PASTOR SEVILLA CRUCE CON LA AV. LOS GERANIOS)",SAN JUAN DE MIRAFLORES,"AV. MARIANO PASTOR SEVILLA, SAN JUAN DE MIRAFLORES, LIMA, PERU",-12.182795,-76.966067,3,highway,secondary,"Avenida Mariano Pastor Sevilla, Trebol Azul, San Juan de Miraflores, Lima, Lima Metropolitana, Lima, 15828, Perú"
36832,AV. SEBASTIAN LORENTE N° 698,LIMA,"AV. SEBASTIAN LORENTE 698, LIMA, LIMA, PERU",-12.049395,-77.012897,1,place,house,"698, Avenida Sebastián Lorente, Barrio Cinco Esquinas, Urbanización Barrios Altos, Lima, Lima Metropolitana, Lima, 15003, Perú"
37044,AV. PACHACUTEC N° 1700,VILLA MARIA DEL TRIUNFO,"AV. PACHACUTEC 1700, VILLA MARIA DEL TRIUNFO, LIMA, PERU",-12.171376,-76.949184,1,highway,primary,"Avenida Pachacútec, Villa María del Triunfo, Lima, Lima Metropolitana, Lima, 15809, Perú"
37334,"AV. PROLONGACIÓN JUAN LECAROS S/N ESQ. AV. COPACABANA, URB. LOS CRISANTEMOS",PUENTE PIEDRA,"AV. PROLONGACIÓN JUAN LECAROS ESQ. AV. COPACABANA, PUENTE PIEDRA, LIMA, PERU",,,0,,,
37439,"AV. PROCERES MZ. H, LOTE 1A APV, COMPRADORES DE TERRENOS - CAMPOY",SAN JUAN DE LURIGANCHO,"AV. PROCERES, SAN JUAN DE LURIGANCHO, LIMA, PERU",-12.007002,-76.960217,3,highway,tertiary,"Avenida Los Próceres, San Juan de Lurigancho, Lima, Lima Metropolitana, Lima, 15457, Perú"
37548,"AV. JOSE GABRIEL CONDORCANQUI N° 1101-1103,  URB. TUPAC AMARU",INDEPENDENCIA,"AV. JOSE GABRIEL CONDORCANQUI 1101-1103, INDEPENDENCIA, LIMA, PERU",-11.971557,-77.042038,1,highway,secondary,"Avenida Jose Gabriel Condorcanqui, Tahuantinsuyo, Independencia, Lima, Lima Metropolitana, Lima, 15331, Perú"
37610,AV. COLONIAL N° 1817 - 1821,LIMA,"AV. COLONIAL 1817 - 1821, LIMA, LIMA, PERU",-12.048085,-77.059284,1,highway,primary,"Avenida Óscar Raimundo Benavides, Lima, Lima Metropolitana, Lima, 15082, Perú"
37654,AV. TUPAC AMARU KM. 17.5 MZ. B1 LT. 1-3 ASOC. DE VIVIENDA SANTA ROSA DE PUNCHAUCA,CARABAYLLO,"AV. TUPAC AMARU KM. 17, CARABAYLLO, LIMA, PERU",-11.81157,-76.989322,2,highway,trunk,"Avenida Túpac Amaru, Punchauca, Caballero, El Rosario, Carabayllo, Lima, Lima Metropolitana, Lima, Perú"
37966,"ANTIGUA CARRETERA PANAMERICANA SUR KM. 37.00 ESQUINA CALLE 1 Y AV CENTRAL, MZ. P2 LOTE 15, URB. NUEVO LURIN",LURIN,"CARRETERA. PANAMERICANA SUR KM. 37, LURIN, LIMA, PERU",-12.255825,-76.922252,2,highway,motorway,"Carretera Panamericana Sur, Lurín, Lima, Lima Metropolitana, Lima, 15841, Perú"
38158,ESQUINA DE LA AV. CENTRAL CON LA AV. HUANDOY MZ. H LT. 12 13 Y 14,LOS OLIVOS,"ESQUINA DE LA AV. CENTRAL CON LA AV. HUANDOY MZ. H LT. 12 13 Y 14, LOS OLIVOS, LIMA, PERU",,,0,,,
38192,"AV. CANTA CALLAO -  MZ. J, LT. 16, 17, 18 Y 19. URB LAS BRISAS",SAN MARTIN DE PORRES,"AV. CANTA CALLAO, SAN MARTIN DE PORRES, LIMA, PERU",-11.984776,-77.100044,3,highway,secondary,"Avenida Canta Callao, Santa Rosa, San Martín de Porres, Lima, Lima Metropolitana, Lima, 15109, Perú"
38208,"AV. PEDRO MIOTTA Nº 800-810 Y AV. BELISARIO SUAREZ, URB. ZONA INDUSTRIAL ",SAN JUAN DE MIRAFLORES,"AV. PEDRO MIOTTA 800, SAN JUAN DE MIRAFLORES, LIMA, PERU",-12.168035,-76.977986,2,highway,secondary,"Avenida Pedro Miotta, Zona B, San Juan de Miraflores, Lima, Lima Metropolitana, Lima, 15801, Perú"
38655,AV. AVIACION N° 4524 ESQUINA CON LA AV. VILLARAN,SURQUILLO,"AV. AVIACION 4524, SURQUILLO, LIMA, PERU",-12.112213,-77.00024,2,highway,primary,"Avenida Aviación, Urb. La Calera de la Merced, Surquillo, Lima, Lima Metropolitana, Lima, 15038, Perú"
38656,AV. SAENZ PEÑA N° 1100,BELLAVISTA,"AV. SAENZ PEÑA 1100, BELLAVISTA, LIMA, PERU",-12.059399,-77.131018,1,highway,secondary,"Avenida Sáenz Peña, Bellavista, Callao, Lima Metropolitana, Callao, 07001, Perú"
38662,"AUTOPISTA PANAMERICANA SUR KM 18.5, SUB LOTE 29-A, FUNDO VILLA BAJA",SAN JUAN DE MIRAFLORES,"PANAMERICANA. SUR KM 18, SAN JUAN DE MIRAFLORES, LIMA, PERU",-12.170824,-76.978892,2,highway,secondary,"Panamericana Sur, José Joaquin Inclan, San Juan de Miraflores, Lima, Lima Metropolitana, Lima, 15801, Perú"
38667,"AV HUAROCHIRI N° 905, ESQUINA CON AV. ALTO HUANCARAY, MZ. H1, LOTES 2, 3, 4, 5 Y 6 URB. EL ASESOR",SANTA ANITA,"AV. HUAROCHIRI 905, SANTA ANITA, LIMA, PERU",-12.032418,-76.956385,2,highway,tertiary,"Avenida Huarochiri, Santa Anita, Lima, Lima Metropolitana, Lima, 15009, Perú"
38701,AV. ALFREDO MENDIOLA 6200 URB. MOLITALIA (PANAMERICANA NORTE KM. 20),LOS OLIVOS,"AV. ALFREDO MENDIOLA 6200, LOS OLIVOS, LIMA, PERU",-11.990647,-77.064418,1,highway,secondary,"Avenida Alfredo Mendiola, Urbanización Panamericana Norte, Los Olivos, Lima, Lima Metropolitana, Lima, 15311, Perú"
38716,"AV. SAN MARTIN KM. 18.5, ESQ. CON CALLE RICARDO PALMA, MZ. H, LOTE N° 4, ZONA F, CENTRO POBLADO TAMBO VIEJO",CIENEGUILLA,"AV. SAN MARTIN KM. 18, CIENEGUILLA, LIMA, PERU",-12.108494,-76.826198,2,highway,residential,"Avenida San Martín, Magda Portal, Tambo Viejo, Cieneguilla, Lima, Lima Metropolitana, Lima, 15594, Perú"
39248,"ANTIGUA CARRETERA PANAMERICANA SUR KM. 31, MZ. C LT.2 HUERTOS DE VILLENA",LURIN,"CARRETERA. PANAMERICANA SUR KM. 31, LURIN, LIMA, PERU",-12.283332,-76.878411,2,highway,motorway,"Carretera Panamericana Sur, Fundo San José, Lurín, Lima, Lima Metropolitana, Lima, 15823, Perú"
39429,JR. HUMBOLDT CON PROLONGACION HUAMANGA N° 619 (BERMA CENTRAL),LA VICTORIA,"JR. HUMBOLDT CON PROLONGACION HUAMANGA 619, LA VICTORIA, LIMA, PERU",,,0,,,
39783,"AV. LA MARINA N° 589, ESQUINA CON AV. SUCRE N° 1201-1203",PUEBLO LIBRE,"AV. LA MARINA 589, PUEBLO LIBRE, LIMA, PERU",-12.085202,-77.064383,2,highway,primary,"Avenida de La Marina, Pueblo Libre, Lima, Lima Metropolitana, Lima, 15084, Perú"
39855,AV. A MZ. B1 LOTE 15 AA.HH. VENTANILLA ALTA,VENTANILLA,"AV. A MZ. B, VENTANILLA, LIMA, PERU",-11.883898,-77.123233,3,boundary,administrative,"Ventanilla, Callao, Lima Metropolitana, Callao, 07051, Perú"
39856,"AV. NÉSTOR GAMBETA KM. 7.1, MZ. B-6, LOTES 1,2,3,4,5,6,7,8,43,44,45 Y 46, ESQUINA CON CALLE BRASILIA COOP. DE VIVIENDA DE LOS TRABAJADORES DE ENAPU",CALLAO,"AV. NÉSTOR GAMBETA KM. 7, CALLAO, LIMA, PERU",-12.042637,-77.116499,2,highway,tertiary,"Avenida de la Alameda, Gambetta Baja, Callao, Lima Metropolitana, Callao, 07026, Perú"
40353,"AV. CIRCUNVALACION N° 377, ESQ. CON PROLONGACIÓN BENAVIDES",SANTIAGO DE SURCO,"AV. CIRCUNVALACION 377, SANTIAGO DE SURCO, LIMA, PERU",-12.089227,-76.98109,2,highway,primary,"Avenida Circunvalación, Monterrico, Santiago de Surco, Lima, Lima Metropolitana, Lima, 15023, Perú"
40437,"AV. LOS PROCERES MZ . NN-2, LOTES 1-6 URB. PUERTA DE PRO 2DA ETAPA",LOS OLIVOS,"AV. LOS PROCERES, LOS OLIVOS, LIMA, PERU",-11.980698,-77.084947,3,highway,secondary,"Avenida Los Próceres de Huandoy, Rosario del Norte, Los Olivos, Lima, Lima Metropolitana, Lima, 15109, Perú"
40566,AV. HEROES DEL DEL CENEPA ESQUINA CON LA CALLE D AA.HH SANTA MARIA,SAN JUAN DE LURIGANCHO,"AV. HEROES DEL DEL CENEPA ESQUINA CON LA CALLE D, SAN JUAN DE LURIGANCHO, LIMA, PERU",,,0,,,
40605,"MALECON SAN MARTIN N° 100  102, PUCUSANA",PUCUSANA,"MALECON SAN MARTIN 100 - 102, PUCUSANA, PUCUSANA, LIMA, PERU",-12.480755,-76.797989,1,highway,residential,"Malecon San Martín, Pucusana, Lima, Lima Metropolitana, Lima, 15866, Perú"
40709,"AV. LA MOLINA Nº 580, ESQ. CON LA CALLE LAS MANDARINAS ",LA MOLINA,"AV. LA MOLINA 580, LA MOLINA, LIMA, PERU",-12.075941,-76.934837,2,highway,primary,"Avenida La Molina, Haras de la Molina, La Molina, Lima, Lima Metropolitana, Lima, 15051, Perú"
40731,"AV. LOS DOMINICOS MZ. U, LT.18 - URBANIZACIÓN LOS CIPRESES",SAN MARTIN DE PORRES,"AV. LOS DOMINICOS, SAN MARTIN DE PORRES, LIMA, PERU",-11.990718,-77.10691,3,highway,secondary,"Avenida Los Dominicos, San Martín de Porres, Lima, Lima Metropolitana, Lima, 15112, Perú"
40975,AV. JOSE CARLOS MARIATEGUI MZ. H LOTE 24-COOP. DE VIVIENDA HUANCAYO,EL AGUSTINO,"AV. JOSE CARLOS MARIATEGUI, EL AGUSTINO, LIMA, PERU",-12.045667,-76.987861,3,highway,residential,"Avenida José Carlos Mariategui, El Agustino, Lima, Lima Metropolitana, Lima, 15006, Perú"
40978,"MZ. C1 LOTE 20 A2, URB. EL CLUB DE HUACHIPA",LURIGANCHO,"MZ. C1 LOTE 20 A2, LURIGANCHO, LIMA, PERU",,,0,,,
41270,"AV. CANTA CALLAO MZ. A, LOTE 16, URB. MI TERRUÑO",SAN MARTIN DE PORRES,"AV. CANTA CALLAO, SAN MARTIN DE PORRES, LIMA, PERU",-11.984776,-77.100044,3,highway,secondary,"Avenida Canta Callao, Santa Rosa, San Martín de Porres, Lima, Lima Metropolitana, Lima, 15109, Perú"
41310,AV. CARRETERA CENTRAL KM. 13.5,ATE,"AV. CARRETERA CENTRAL KM. 13, ATE, LIMA, PERU",-12.050094,-76.952955,2,amenity,fuel,"Petro Perú, Avenida Nicolás de Ayllón, Ate, Lima, Lima Metropolitana, Lima, 15009, Perú"
41375,AV. ANGAMOS ESTE N° 1715 ESQ. CON CALLE UNO,SURQUILLO,"AV. ANGAMOS ESTE 1715, SURQUILLO, LIMA, PERU",-12.112591,-77.013912,2,highway,primary,"Avenida Angamos Este, El Cóndor, Surquillo Viejo, Surquillo, Lima, Lima Metropolitana, Lima, 15047, Perú"
41440,CARRETERA PANAMERICANA NORTE KM. 26.5 MZ. C LOTE 5-RESIDENCIAL SAN PEDRO,PUENTE PIEDRA,"CARRETERA. PANAMERICANA NORTE KM. 26, PUENTE PIEDRA, LIMA, PERU",-11.888577,-77.068437,2,highway,trunk,"Avenida Panamericana Norte, Puente Piedra, Lima, Lima Metropolitana, Lima, 15117, Perú"
41487,"INTERSECCION DE LA AV. UNIVERSITARIA Y AV. ANGELICA GAMARRA (LT. 01-B), URB. SANTO TOMAS DE GARAGAY",SAN MARTIN DE PORRES,"AV. UNIVERSITARIA, SAN MARTIN DE PORRES, LIMA, PERU",-12.009606,-77.081568,3,highway,primary,"Avenida Universitaria, Daniel Alcides Carrión, Garagay, San Martín de Porres, Lima, Lima Metropolitana, Lima, 15031, Perú"
41488,"AV. CANTO GRANDE N° 401, MZ I, LOTE 5, URB CANTO BELLO",SAN JUAN DE LURIGANCHO,"AV. CANTO GRANDE 401, SAN JUAN DE LURIGANCHO, LIMA, PERU",-11.976889,-77.0098,2,place,house,"401, Avenida Canto Grande, Urbanización San Rafael, San Juan de Lurigancho, Lima, Lima Metropolitana, Lima, 15423, Perú"
41547,"AV. JORGE CHAVEZ N° 870 - 877, ESQ. AV. ROOSVELT",SANTIAGO DE SURCO,"AV. JORGE CHAVEZ 870, SANTIAGO DE SURCO, LIMA, PERU",-12.144282,-76.991823,2,highway,tertiary,"Avenida Antares, La Virreyna, Santiago de Surco, Lima, Lima Metropolitana, Lima, 15803, Perú"
41562,"JR. CUSCO MZ. E-8 LOTE 14 A1, TABLADA DE LURIN",VILLA MARIA DEL TRIUNFO,"JR. CUSCO MZ. E-8 LOTE 14 A1, TABLADA DE LURIN, VILLA MARIA DEL TRIUNFO, LIMA, PERU",,,0,,,
41707,"AV. WIESSE, MZ. K-19, LOTE 15 ",SAN JUAN DE LURIGANCHO,"AV. WIESSE, SAN JUAN DE LURIGANCHO, LIMA, PERU",-11.96492,-76.991699,3,office,company,"UFIS PERU, Avenida Fernando Wiesse, Los Artesanos, San Juan de Lurigancho, Lima, Lima Metropolitana, Lima, 15423, Perú"
41728,ESQ. AV. MICAELA BASTIDAS Y CALLE 8 MZ. I GRUPO 19 ,VILLA EL SALVADOR,"AV. MICAELA BASTIDAS, VILLA EL SALVADOR, LIMA, PERU",-12.199863,-76.951349,3,highway,tertiary,"Avenida Micaela Bastidas, Sector 1, Villa El Salvador, Lima, Lima Metropolitana, Lima, 15829, Perú"
41779,"AV. JOSE CARLOS MARIATEGUI S/N MZ. H, LOTES 16 Y 17, SECTOR III GRUPO 9",VILLA EL SALVADOR,"AV. JOSE CARLOS MARIATEGUI, VILLA EL SALVADOR, LIMA, PERU",-12.219683,-76.929589,3,highway,secondary,"Avenida José Carlos Mariátegui, Sector 3, Villa El Salvador, Lima, Lima Metropolitana, Lima, 15834, Perú"
42236,"ESQ. AV. UNIVERSITARIA Y AV. RIO CHILLON (CALLE CAMINO REAL), MZ. Q LOTE 01, URB. PROGRESIVA SANTA ROSA",CARABAYLLO,"AV. UNIVERSITARIA, CARABAYLLO, LIMA, PERU",-11.87522,-77.024625,3,highway,secondary,"Avenida Universitaria, AH Nueva Estrella, El Progreso, Carabayllo, Lima, Lima Metropolitana, Lima, 15321, Perú"
42387,"CARRETERA CENTRAL KM. 16 (AV. NICOLAS AYLLON S/N, MZ. A, LOTE 1) PROGRAMA DE VIVIENDA LAS PRADERAS",ATE,"CARRETERA CENTRAL KM. 16, ATE, LIMA, PERU",-12.021489,-76.906437,1,highway,primary,"Avenida Nicolás de Ayllón, Vitarte, Ate, Lima, Lima Metropolitana, Lima, 15487, Perú"
42755,AV. JAVIER PRADO ESTE  N° 311,SAN ISIDRO,"AV. JAVIER PRADO ESTE 311, SAN ISIDRO, LIMA, PERU",-12.09086,-77.022859,1,highway,motorway,"Avenida Javier Prado Este, Centro financiero de San Isidro, San Isidro, Lima, Lima Metropolitana, Lima, 15033, Perú"
42769,"AV. NICOLAS DUEÑAS N° 606, 610, 616 (ANTES AV. NICOLAS DUEÑAS N° 590 CDRA 17 DE LA AV. ARGENTINA)",LIMA,"AV. NICOLAS DUEÑAS 606, LIMA, LIMA, PERU",-12.03533,-77.065858,2,highway,secondary,"Avenida Nicolás Dueñas, Lima, Lima Metropolitana, Lima, 15101, Perú"
42967,JR. ANDRES AVELINO CACERES N° 995 MZ. 209 LT 11 VALLECITO ALTO,VILLA MARIA DEL TRIUNFO,"JR. ANDRES AVELINO CACERES 995 MZ. 209 LT 11 VALLECITO ALTO, VILLA MARIA DEL TRIUNFO, LIMA, PERU",,,0,,,
43021,"AV. VICTOR MALASQUEZ, PARCELA 7, COMUNIDAD CAMPESINA COLLANAC",PACHACAMAC,"AV. VICTOR MALASQUEZ, PACHACAMAC, LIMA, PERU",-12.152315,-76.87004,3,highway,primary,"Avenida Victor Malásquez, Santa Rosa de Manchay, Manchay Bajo, Picapiedra, Pachacámac, Lima, Lima Metropolitana, Lima, 15594, Perú"
43023,AV. UNIVERSITARIA ESQ. CON CALLE 15 MZ. Q-1 LOTES 30 Y 31 COOPERATIVA DE VIVIENDA PRIMAVERA,COMAS,"AV. UNIVERSITARIA ESQ. CON CALLE 15 MZ. Q-1 LOTES 30 Y 31, COMAS, LIMA, PERU",,,0,,,
43245,"CARRETERA PANAMERICANA NORTE KM. 27.5, PARCELA N° 10271- TAMBO INGA",PUENTE PIEDRA,"CARRETERA. PANAMERICANA NORTE KM. 27, PUENTE PIEDRA, LIMA, PERU",-11.864573,-77.074839,2,highway,trunk,"Carretera Panamericana Norte, Urbanización Santo Domingo, Urbanización Augusto Bedoya, Puente Piedra, Lima, Lima Metropolitana, Lima, 15118, Perú"
43492,"CARRETERA CENTRAL (AV. LIMA SUR) ESQUINA CON PASAJE JACARANDAES, SUB LOTE 34-B1, B2, B3",LURIGANCHO,"CARRETERA CENTRAL ESQUINA CON PASAJE JACARANDAES, SUB LOTE 34-B1, B2, B3, LURIGANCHO, LIMA, PERU",,,0,,,
43627,AV. MEXICO N° 333,LA VICTORIA,"AV. MEXICO 333, LA VICTORIA, LIMA, PERU",-12.076508,-77.026614,1,amenity,bus_station,"Perú Bus/Soyuz - Terminal de Cercanías (Cargo), 333, Avenida México, Urbanización Balconcillo, La Victoria, Lima, Lima Metropolitana, Lima, 15046, Perú"
43730,"AV. NESTOR GAMBETTA S/N SUB LOTE 1 A Y SUB LOTE 1, EX FUNDO MARQUEZ (CARRETERA A VENTANILLA, KM. 14.5)",CALLAO,"AV. NESTOR GAMBETTA SUB LOTE 1 A Y SUB LOTE 1, EX, CALLAO, LIMA, PERU",,,0,,,
43777,AV. METROPOLITANA MZ. C-8 LOTE 20 ,SANTA ANITA,"AV. METROPOLITANA, SANTA ANITA, LIMA, PERU",-12.035812,-76.948906,3,highway,primary,"Avenida Metropolitana, Santa Anita, Lima, Lima Metropolitana, Lima, 15009, Perú"
43786,"AV. CHILLÓN, MZ. W, LOTES 1, 2, 3 Y 4, ASOCIACIÓN DE PROPIETARIOS CASA HUERTA VIRGEN DE LAS MERCEDES",VENTANILLA,"AV. CHILLÓN, VENTANILLA, LIMA, PERU",-11.946622,-77.103919,3,highway,unclassified,"Avenida del Bierzo, Ventanilla, Callao, Lima Metropolitana, Callao, 15113, Perú"
43875,AV. GUARDIA CIVIL 698 ESQ. AV. EL SOL,CHORRILLOS,"AV. GUARDIA CIVIL 698, CHORRILLOS, LIMA, PERU",-12.17299,-76.991954,2,highway,secondary,"Avenida Guardia Civil Sur, Chorrillos, Lima, Lima Metropolitana, Lima, 15054, Perú"
44240,CARRETERA PANAMERICANA SUR KM. 19.8,VILLA EL SALVADOR,"CARRETERA. PANAMERICANA SUR KM. 19, VILLA EL SALVADOR, LIMA, PERU",-12.222692,-76.976885,2,amenity,university,"Universidad Científica del Sur, Km. 19, Carretera Panamericana Sur, Villa El Salvador, Lima, Lima Metropolitana, Lima, 15829, Perú"
44325,AV. REVOLUCIÓN N° 2976 5TA ZONA COLLIQUE,COMAS,"AV. REVOLUCIÓN 2976, COMAS, LIMA, PERU",-11.916131,-77.040841,2,highway,primary,"Avenida Revolución, Año Nuevo, Comas, Lima, Lima Metropolitana, Lima, 15313, Perú"
44472,"CARRETERA LIMA - CANTA KM. 23, PARCELA 283 (EX-FUNDO CAUDEVILLA - HUACOY PUNCHAUCA) ",CARABAYLLO,"CARRETERA LIMA - CANTA KM. 23, PARCELA 283, CARABAYLLO, LIMA, PERU",,,0,,,
44489,"ESQ. AV. LOS ARQUITECTOS Y AV. 225, MZ. A, LOTES 01, 23 Y 24. AA.HH. UPIS - CIUDAD PACHACUTEC ",VENTANILLA,"AV. LOS ARQUITECTOS, VENTANILLA, LIMA, PERU",-11.814768,-77.135253,3,highway,primary,"Avenida Los Arquitectos, Ancón, Lima, Lima Metropolitana, Lima, 15122, Perú"
44703,"JR. LA PUNTA  MZ. 3-T  LOTE 23, ESQ. CON AV. LA MOLINA, URB. EL SOL DE LA MOLINA",LA MOLINA,"JR. LA PUNTA MZ. 3-T LOTE 23, ESQ. CON AV. LA MOLINA, LA MOLINA, LIMA, PERU",,,0,,,
44924,"AV. PROLONGACIÓN REVOLUCIÓN 3501 MZ. A LOTE 3, 4 Y 5 AA.HH. SANTA ROSA DE COLLIQUE",COMAS,"AV. PROLONGACIÓN REVOLUCIÓN 3501 MZ. A LOTE 3, 4 Y 5, COMAS, LIMA, PERU",,,0,,,
44926,"AV. TUPAC AMARU KM. 22.5 ZONA DE HUACOY CARRETERA LIMA  CANTA, ASENTAMIENTO HUMANO VILLA SAN ANTONIO",CARABAYLLO,"AV. TUPAC AMARU KM. 22, CARABAYLLO, LIMA, PERU",-11.90735,-77.03232,2,highway,trunk,"Avenida Túpac Amaru, Asentamiento Humano 1º de Noviembre, Carabayllo, Lima, Lima Metropolitana, Lima, 15313, Perú"
45029,"AV. CONTRALMIRANTE MORA N° 299, ESQUINA CON CALLE SEGUNDA, URB. CHACARITA",CALLAO,"AV. CONTRALMIRANTE MORA 299, CALLAO, LIMA, PERU",-12.049001,-77.134707,2,highway,secondary,"Avenida Contralmirante Mora, San Juan Bosco, Callao, Lima Metropolitana, Callao, 07001, Perú"
45081,"AV. LOS CHANCAS CON CALLE N° 8, LOTE 26-27, ASOCIACIÓN DE VIVIENDA LOS PINOS",SANTA ANITA,"AV. LOS CHANCAS CON CALLE 8, SANTA ANITA, LIMA, PERU",-12.034391,-76.953828,2,highway,secondary,"Avenida Los Chancas de Andahuaylas, Santa Anita, Lima, Lima Metropolitana, Lima, 15009, Perú"
45187,AV. LIMA N° 646,PUCUSANA,"AV. LIMA 646, PUCUSANA, LIMA, PERU",-12.489775,-76.794192,1,highway,primary,"Avenida Lima, Pucusana, Lima, Lima Metropolitana, Lima, 15866, Perú"
45240,"AV. UNIVERSITARIA ESQUINA CON LA AV. NARANJAL, MANZANA A, LOTES 1, 2, 3, 4, 5, 23, 24, 25 Y 26 DEL A. H. 19 DE MAYO",LOS OLIVOS,"AV. UNIVERSITARIA ESQUINA CON LA AV. NARANJAL, MANZANA A, LOTES 1, 2, 3, 4, 5, 23, 24, 25 Y 26 DEL A. H. 19 DE MAYO, LOS OLIVOS, LIMA, PERU",,,0,,,
45439,AV. JAIME BAUZATE Y MEZA N° 564-568,LA VICTORIA,"AV. JAIME BAUZATE Y MEZA 564-568, LA VICTORIA, LIMA, PERU",-12.064078,-77.025524,1,highway,secondary,"Avenida Jaime Bausate y Meza, Barrio Mendoza, La Victoria, Lima, Lima Metropolitana, Lima, 15011, Perú"
45492,"AV. TANTAMAYO (EX. AV. CHUQUITANTA) Y AV. PACASMAYO (EX. AV. ALEJANDRO BERTELLO), MZ. B LT. 1 Y 2. URB. SAN JUAN BAUTISTA ",SAN MARTIN DE PORRES,"AV. TANTAMAYO, SAN MARTIN DE PORRES, LIMA, PERU",-11.960775,-77.095519,3,highway,tertiary,"Avenida Tantamayo, Chuquitanta, San Martín de Porres, Lima, Lima Metropolitana, Lima, 15113, Perú"
45639,"MZ. '37' LOTE 05, 3° ETAPA PARCELACION CIENEGUILLA AV. 'A', CARRETERA LIMA - HUAROCHIRI KM. 27.5",CIENEGUILLA,"MZ. 37 LOTE 05, 3°, CIENEGUILLA, LIMA, PERU",,,0,,,
60668,"AV. CONDORCANQUI Nº 1294, URB. SANTO DOMINGO, 5TA ETAPA",CARABAYLLO,"AV. CONDORCANQUI 1294, CARABAYLLO, LIMA, PERU",-11.893434,-77.039951,1,highway,secondary,"Avenida Mariano Condorcanqui, Carabayllo, Lima, Lima Metropolitana, Lima, 15316, Perú"
61014,"MZ. I-4,  LOTE 05 (ESQUINA AV. PRECURSORES Y JR. LA PAMPILLA), ZONA INDUSTRIAL",VENTANILLA,"MZ. I-4, LOTE 05, ZONA INDUSTRIAL, VENTANILLA, LIMA, PERU",,,0,,,
61026,"AUTOPISTA MANUEL DEL VALLE MZ.Z, SUB LT.B-1, URB. LOS HUERTOS DE LURIN",LURIN,"AUTOPISTA MANUEL DEL VALLE MZ.Z, SUB LT.B-1, LURIN, LIMA, PERU",,,0,,,
61136,AV REPUBLICA DE PANAMA Nº 5185,SURQUILLO,"AV REPUBLICA DE PANAMA 5185, SURQUILLO, LIMA, PERU",-12.10368,-77.01862,1,highway,primary,"Avenida República de Panamá, El Aeropuerto, Surquillo, Lima, Lima Metropolitana, Lima, 15000, Perú"
61570,"UNIDAD CATASTRAL 10715, SECTOR PACAYAL, FUNDO SAN JUAN DE PARIACHE, AV. NICOLAS AYLLON S/N",ATE,"AV. NICOLAS AYLLON, ATE, LIMA, PERU",-12.064047,-76.9891,3,highway,primary,"Avenida Nicolás de Ayllón, Valdiviezo, Ate, Lima, Lima Metropolitana, Lima, 15019, Perú"
61656,"AV. NICOLAS AYLLON, ESQUINA CON AV. LA MOLINA",ATE,"AV. NICOLAS AYLLON, ATE, LIMA, PERU",-12.064047,-76.9891,3,highway,primary,"Avenida Nicolás de Ayllón, Valdiviezo, Ate, Lima, Lima Metropolitana, Lima, 15019, Perú"
61744,"ESQUINA DE LA AV. LOMAS DE CARABAYLLO - AV. VILLA RICA MZ. A, LOTES 1 Y 2 AAHH. ASOCIACION AGROPECUARIA VILLA RICA",CARABAYLLO,"ESQUINA DE LA AV. LOMAS DE CARABAYLLO - AV. VILLA RICA MZ. A, LOTES 1 Y 2, CARABAYLLO, LIMA, PERU",,,0,,,
61861,AV. 27 DE DICIEMBRE MZ. 8S LOTE 9 SEGUNDO SECTOR SAN FRANCISCO TABLADA DE LURIN,VILLA MARIA DEL TRIUNFO,"AV. 27 DE DICIEMBRE, VILLA MARIA DEL TRIUNFO, LIMA, PERU",-12.186664,-76.922695,3,highway,residential,"Avenida 27 de Diciembre, Tablada de Lurín, Villa María del Triunfo, Lima, Lima Metropolitana, Lima, 15818, Perú"
61902,AV. GRAL. FELIPE SANTIAGO SALAVERRY 341 URB. EL PINO,SAN LUIS,"AV. GRAL. FELIPE SANTIAGO SALAVERRY 341, SAN LUIS, LIMA, PERU",,,0,,,
62240,AV. ARICA NRO. 1301,BREÑA,"AV. ARICA 1301, BREÑA, LIMA, PERU",-12.059656,-77.04363,1,highway,primary,"Avenida Arica, José Pablo, Chacra Colorada, Breña, Lima, Lima Metropolitana, Lima, 15083, Perú"
62298,"AV. PRINCIPAL (FRANCISCO BOLOGNESI) S/N,  MZ. A  LOTES 19, 20 Y 21 AA.HH. VILLA CAMPOY  ",SAN JUAN DE LURIGANCHO,"AV. PRINCIPAL, SAN JUAN DE LURIGANCHO, LIMA, PERU",-12.020454,-76.955673,3,highway,secondary,"Avenida Francisco Bolognesi, Campoy, San Juan de Lurigancho, Lima, Lima Metropolitana, Lima, 15457, Perú"
62558,LOTE 1 SUBLOTE 3 - ZONA G PARCELACION RUSTICA DEL FUNDO CHACRA CERRO,COMAS,"LOTE 1 SUBLOTE 3 - ZONA G, COMAS, LIMA, PERU",,,0,,,
62582,AV. LOS TOPOGRAFOS MZ.N LT.1 GRUPO RESIDENCIAL BARRIO XVI SECTOR H PROYECTO ESPECIAL PACHACUTEC,VENTANILLA,"AV. LOS TOPOGRAFOS, VENTANILLA, LIMA, PERU",-11.850859,-77.13797,3,highway,secondary,"Los Topógrafos, Asentamiento Humano Balnearios, Pachacútec, Ventanilla, Callao, Lima Metropolitana, Callao, 07056, Perú"
62992,AV. JAVIER PRADO ESTE N° 1593,LA VICTORIA,"AV. JAVIER PRADO ESTE 1593, LA VICTORIA, LIMA, PERU",-12.089274,-77.012374,1,highway,motorway,"Avenida Javier Prado Este, La Victoria, Lima, Lima Metropolitana, Lima, 15036, Perú"
63591,AV. EL SOL 527 A MZ F SUB-LOTE 16A URB. CANTO GRANDE,SAN JUAN DE LURIGANCHO,"AV. EL SOL 527, SAN JUAN DE LURIGANCHO, LIMA, PERU",-11.948751,-76.977911,2,boundary,administrative,"San Juan de Lurigancho, Lima, Lima Metropolitana, Lima, Perú"
63899,JR. HUARAZ N° 1484 - 1494 ESQUINA CON JR. RESTAURACION,BREÑA,"JR. HUARAZ 1484 - 1494 ESQUINA CON JR. RESTAURACION, BREÑA, LIMA, PERU",,,0,,,
63910,"CARRETERA PANAMERICANA SUR KM 57.00, PREDIO COMUNAL CHUTANA PAMPA PATITA ",PUCUSANA,"CARRETERA. PANAMERICANA SUR KM 57, PUCUSANA, LIMA, PERU",-12.431179,-76.753168,2,highway,motorway,"Carretera Panamericana Sur, Margarita Navarro de Chauca, Lomas de Marchán, Pucusana, Lima, Lima Metropolitana, Lima, 15956, Perú"
63984,AV. LA FLORIDA CDRA. 12 MIRAMAR . LAS CONCHITAS,ANCON,"AV. LA FLORIDA CDRA. 12, ANCON, LIMA, PERU",-11.769684,-77.169909,2,highway,tertiary,"Avenida La Florida, Ancón, Lima, Lima Metropolitana, Lima, 15123, Perú"
64035,AV. REPUBLICA DE PANAMA 4120,SURQUILLO,"AV. REPUBLICA DE PANAMA 4120, SURQUILLO, LIMA, PERU",-12.10368,-77.01862,1,highway,primary,"Avenida República de Panamá, El Aeropuerto, Surquillo, Lima, Lima Metropolitana, Lima, 15000, Perú"
64036,"AV. LAS TORRES 497, URB. LOS SAUCES",ATE,"AV. LAS TORRES 497, ATE, LIMA, PERU",-12.016218,-76.898511,1,highway,trunk,"Avenida Las Torres, Santa Clara, Ate, Lima, Lima Metropolitana, Lima, 15487, Perú"
64044,AV. ARGENTINA 3990 ,CALLAO,"AV. ARGENTINA 3990, CALLAO, LIMA, PERU",-12.047159,-77.084485,1,highway,secondary,"Avenida República de Argentina, Villa Señor De Los Milagros, Carmen de la Legua Reynoso, Carmen de La Legua-Reynoso, Callao, Lima Metropolitana, Callao, 07006, Perú"
64257,"ESQ. AV. QUILCA CON CALLE 10 - URB. SAN ALFONSO SANTA IRENE, MZ. A, LT. 01 Y 02",CALLAO,"ESQ. AV. QUILCA CON CALLE 10, CALLAO, LIMA, PERU",,,0,,,
64309,JR. PEDRO GAREZON N° 500,ANCON,"JR. PEDRO GAREZON 500, ANCON, LIMA, PERU",,,0,,,
64409,"ESQ. AV. VISTA ALEGRE Y JR. 24 DE JUNIO, MZ.25, LT.22 AA.HH. 3 DE OCTUBRE DE VILLA",SAN JUAN DE MIRAFLORES,"ESQ. AV. VISTA ALEGRE Y JR. 24 DE JUNIO, MZ.25, LT.22, SAN JUAN DE MIRAFLORES, LIMA, PERU",,,0,,,
64419,"ESQ. ANTIGUA PANAMERICANA SUR KM. 46.800. MZ. M, LT. 2-4 Y CALLE 18, LOCALIDAD PUNTA ROCAS ",PUNTA NEGRA,"PANAMERICANA. SUR KM. 46, PUNTA NEGRA, LIMA, PERU",-12.349876,-76.806783,2,highway,motorway,"Carretera Panamericana Sur, Punta Negra, Lima, Lima Metropolitana, Lima, 15851, Perú"
64466,"AV. CAMINO DEL INCA Y LA CALLE N° 13, MZ.I, LT.9,10, 11 Y 12 SECTOR E, BARRIO X, UPIS PROYECTO ESPECIAL CIUDAD PACHACUTEC.",VENTANILLA,"AV. CAMINO DEL INCA, VENTANILLA, LIMA, PERU",-11.844988,-77.148808,3,highway,secondary,"Avenida Camino Del Inca Derecha, Pachacútec, Ventanilla, Callao, Lima Metropolitana, Callao, 07056, Perú"
6740,CARRETERA PANAMERICANA NORTE KM. 31.7,PUENTE PIEDRA,"CARRETERA. PANAMERICANA NORTE KM. 31, PUENTE PIEDRA, LIMA, PERU",-11.864573,-77.074839,2,highway,trunk,"Carretera Panamericana Norte, Urbanización Santo Domingo, Urbanización Augusto Bedoya, Puente Piedra, Lima, Lima Metropolitana, Lima, 15118, Perú"
6743,AV. CESAR CANEVARO Nº 1598,LINCE,"AV. CESAR CANEVARO 1598, LINCE, LIMA, PERU",-12.085555,-77.048379,1,place,house,"1598, Avenida General César Canevaro, Risso, Lince, Lima, Lima Metropolitana, Lima, 51015, Perú"
6746,AV. NICOLAS AYLLON N° 4706 (LOTE A - FUNDO VISTA ALEGRE),ATE,"AV. NICOLAS AYLLON 4706, ATE, LIMA, PERU",-12.064047,-76.9891,1,highway,primary,"Avenida Nicolás de Ayllón, Valdiviezo, Ate, Lima, Lima Metropolitana, Lima, 15019, Perú"
6747,AV. CIRCUMVALACION  MZ. F LT.8,ATE,"AV. CIRCUMVALACION MZ. F LT.8, ATE, LIMA, PERU",,,0,,,
6749,AV. ALFREDO MENDIOLA N° 3550,INDEPENDENCIA,"AV. ALFREDO MENDIOLA 3550, INDEPENDENCIA, LIMA, PERU",-12.006404,-77.061492,1,highway,primary,"Avenida Alfredo Mendiola, Urbanización Mesa Redonda, Independencia, Lima, Lima Metropolitana, Lima, 15028, Perú"
6751,AVENIDA GENERAL ALVAREZ DE ARENALES N° 400,JESUS MARIA,"AVENIDA GENERAL ALVAREZ DE ARENALES 400, JESUS MARIA, LIMA, PERU",,,0,,,
6753,"ASOCIACION DE PROPIETARIOS NARANJITO MZ. C LOTES 09,10 Y 11 CARRETERA PANAMERICANA NORTE KM. 28.5",PUENTE PIEDRA,"CARRETERA. PANAMERICANA NORTE KM. 28, PUENTE PIEDRA, LIMA, PERU",-11.888577,-77.068437,2,highway,trunk,"Avenida Panamericana Norte, Puente Piedra, Lima, Lima Metropolitana, Lima, 15117, Perú"
6754,AV. VENEZUELA 4647,SAN MIGUEL,"AV. VENEZUELA 4647, SAN MIGUEL, LIMA, PERU",-12.06039,-77.079273,1,highway,primary,"Avenida República de Venezuela, San Miguel, Lima, Lima Metropolitana, Lima, 07006, Perú"
6759,AV. PACHACUTEC N° 2334,VILLA MARIA DEL TRIUNFO,"AV. PACHACUTEC 2334, VILLA MARIA DEL TRIUNFO, LIMA, PERU",-12.170883,-76.949658,1,highway,tertiary,"Avenida Pachacútec, Villa María del Triunfo, Lima, Lima Metropolitana, Lima, 15809, Perú"
6762,PLAZA GALVEZ S/N,LA PUNTA,"PLAZA GALVEZ, LA PUNTA, LIMA, PERU",-12.067803,-77.158175,1,leisure,park,"Plaza Galvez, La Punta, Callao, Lima Metropolitana, Callao, Perú"
6764,PASEO DE LA REPUBLICA NO. 5789,MIRAFLORES,"PASEO DE LA REPUBLICA NO. 5789, MIRAFLORES, LIMA, PERU",-12.129696,-77.022496,1,highway,primary,"Avenida Paseo de la República, San Antonio, Miraflores, Lima, Lima Metropolitana, Lima, 15048, Perú"
6765,AV. REPUBLICA DE COLOMBIA N° 105-109,SAN ISIDRO,"AV. REPUBLICA DE COLOMBIA 105-109, SAN ISIDRO, LIMA, PERU",-12.098244,-77.028279,1,highway,residential,"Avenida República de Colombia, Chacarilla, San Isidro, Lima, Lima Metropolitana, Lima, 15073, Perú"
6767,CARRETERA CENTRAL KM. 20.8,CHACLACAYO,"CARRETERA. CENTRAL KM. 20, CHACLACAYO, LIMA, PERU",-11.982741,-76.800024,2,highway,trunk,"Carretera Central, Asociación Huascarán, Villa Rica, Chaclacayo, Lima, Lima Metropolitana, Lima, 15476, Perú"
6768,AV. ARGENTINA N° 2045,CALLAO,"AV. ARGENTINA 2045, CALLAO, LIMA, PERU",-12.047159,-77.084485,1,highway,secondary,"Avenida República de Argentina, Villa Señor De Los Milagros, Carmen de la Legua Reynoso, Carmen de La Legua-Reynoso, Callao, Lima Metropolitana, Callao, 07006, Perú"
6771,"JR. ARIAS SCHEREIBER N° 124, ESQ. JOSE SABOGAL",MIRAFLORES,"JR. ARIAS SCHEREIBER 124, ESQ. JOSE SABOGAL, MIRAFLORES, LIMA, PERU",,,0,,,
6776,AV. UNIVERSITARIA S/N MZ. F LTS. 1 Y 24 ASOCIACION CAUDEVILLA,CARABAYLLO,"AV. UNIVERSITARIA, CARABAYLLO, LIMA, PERU",-11.87522,-77.024625,3,highway,secondary,"Avenida Universitaria, AH Nueva Estrella, El Progreso, Carabayllo, Lima, Lima Metropolitana, Lima, 15321, Perú"
6779,"AV. DEL EJERCITO N° 965, 967 Y 973, LOTES 1, 3, 16C, 17 Y 18 DE LA MZ. 68, URB. SAN FELIPE",MAGDALENA DEL MAR,"AV. DEL EJERCITO 965, MAGDALENA DEL MAR, LIMA, PERU",-12.098836,-77.067098,2,highway,secondary,"Avenida Del Ejército, Magdalena, Magdalena del Mar, Lima, Lima Metropolitana, Lima, 15076, Perú"
6780,AV. ELMER FAUCETT NO. 384,SAN MIGUEL,"AV. ELMER FAUCETT NO, SAN MIGUEL, LIMA, PERU",-12.065899,-77.097248,3,highway,primary,"Avenida Elmer Faucett, Maranga 5, San Miguel, Lima, Lima Metropolitana, Lima, 06011, Perú"
6781,AV. ARENALES N° 2100,LINCE,"AV. ARENALES 2100, LINCE, LIMA, PERU",-12.07969,-77.036346,1,highway,secondary,"Avenida Álvarez de Arenales, Jesús María, Lima, Lima Metropolitana, Lima, 15046, Perú"
6783,AV. NICOLAS ARRIOLA N° 295 URB. SANTA CATALINA,LA VICTORIA,"AV. NICOLAS ARRIOLA 295, LA VICTORIA, LIMA, PERU",-12.089836,-77.022164,1,highway,tertiary,"Calle Manuel Méndez, Urbanización Santa Catalina, La Victoria, Lima, Lima Metropolitana, Lima, 15033, Perú"
6785,AV. TINGO MARIA N° 1711,BREÑA,"AV. TINGO MARIA 1711, BREÑA, LIMA, PERU",-12.060443,-77.058778,1,highway,secondary,"Avenida Tingo María, Proveedores Unidos, Azcona, Breña, Lima, Lima Metropolitana, Lima, 15081, Perú"
6788,AV. REPUBLICA DE PANAMA N° 4101 ESQ. AV. TOMAS MARSANO,SURQUILLO,"AV. REPUBLICA DE PANAMA 4101, SURQUILLO, LIMA, PERU",-12.10279,-77.018638,2,highway,primary,"Avenida República de Panamá, El Aeropuerto, Surquillo, Lima, Lima Metropolitana, Lima, 15000, Perú"
6792,AV. ENRIQUE CANAVAL MOREYRA N° 202,SAN ISIDRO,"AV. ENRIQUE CANAVAL MOREYRA 202, SAN ISIDRO, LIMA, PERU",-12.097888,-77.019386,1,shop,mobile_phone,"Viettel Perú, 559, Avenida Enrique Canaval y Moreyra, El Palomar, San Isidro, Lima, Lima Metropolitana, Lima, 15000, Perú"
6799,AV. LEONCIO PRADO N° 780 (PANAMERICANA NORTE KM. 34.5),PUENTE PIEDRA,"AV. LEONCIO PRADO 780, PUENTE PIEDRA, LIMA, PERU",-11.837432,-77.108289,1,highway,tertiary,"Calle Leoncio Prado, Zapallal, Puente Piedra, Lima, Lima Metropolitana, Lima, 15122, Perú"
6801,AV NICOLAS AYLLON N° 1202 Y ESQ AV LAS MAGNOLIAS (CARRETERA CENTRAL KM 25),CHACLACAYO,"AV. NICOLAS AYLLON 1202, CHACLACAYO, LIMA, PERU",-11.977779,-76.77886,2,highway,trunk,"Avenida Nicolás Ayllón, Asociación Huascarán, Chaclacayo, Lima, Lima Metropolitana, Lima, 15472, Perú"
6806,AV. REPUBLICA DE PANAMA S/N CUADRA 32,SAN ISIDRO,"AV. REPUBLICA DE PANAMA CUADRA 32, SAN ISIDRO, LIMA, PERU",,,0,,,
6808,AV. PROCERES DE LA INDEPENDENCIA N° 2556,SAN JUAN DE LURIGANCHO,"AV. PROCERES DE LA INDEPENDENCIA 2556, SAN JUAN DE LURIGANCHO, LIMA, PERU",-11.9821,-77.005708,1,highway,primary,"Avenida Fernando Wiesse, San Carlos (II etapa), San Juan de Lurigancho, Lima, Lima Metropolitana, Lima, 15423, Perú"
6809,AV. LIMA N° 1455 ,VILLA MARIA DEL TRIUNFO,"AV. LIMA 1455, VILLA MARIA DEL TRIUNFO, LIMA, PERU",-12.214392,-76.906603,1,highway,secondary,"Avenida Lima, José Gálvez Barrenechea, Villa María del Triunfo, Lima, Lima Metropolitana, Lima, 15822, Perú"
6810,MZ. O - 6 LT. 46 MARISCAL CACERES (ESQ. AV. PROCERES DE LA INDEPENDENCIA CON JR. MOSCU),SAN JUAN DE LURIGANCHO,"MZ. O - 6 LT. 46 MARISCAL CACERES, SAN JUAN DE LURIGANCHO, LIMA, PERU",,,0,,,
6821,AV. PASEO DE LA REPUBLICA N° 4251,SURQUILLO,"AV. PASEO DE LA REPUBLICA 4251, SURQUILLO, LIMA, PERU",-12.107676,-77.02618,1,amenity,fuel,"Grifo Rigal, 4251, Avenida Paseo de la República, Vict. de Emp. de Min. Viv., Surquillo Viejo, Surquillo, Lima, Lima Metropolitana, Lima, 15047, Perú"
6824,AV. LA MOLINA N° 448,ATE,"AV. LA MOLINA 448, ATE, LIMA, PERU",-12.056498,-76.96372,1,highway,secondary,"Avenida La Molina, Ate, Lima, Lima Metropolitana, Lima, 15008, Perú"
6826,AV. RAUL FERRERO N° 1313B CON CALLE LAS RETAMAS URB. LOS SIRIUS I ETAPA,LA MOLINA,"AV. RAUL FERRERO, LA MOLINA, LIMA, PERU",-12.090092,-76.949512,3,highway,secondary,"Avenida Raúl Ferrero, El Remanso 1 Etapa, La Molina, Lima, Lima Metropolitana, Lima, 15024, Perú"
6836,AV. LIMA SUR Nº 895 - CHOSICA,LURIGANCHO,"AV. LIMA SUR 895 - CHOSICA, LURIGANCHO, LIMA, PERU",-11.941318,-76.701141,1,highway,trunk,"Avenida Lima Sur, Pedregal Alto, San Antonio, Chosica, Lurigancho, Lima, Lima Metropolitana, Lima, 15468, Perú"
6837,AV. JAVIER PRADO ESTE N° 6651 URB. SANTA PATRICIA - III ETAPA,LA MOLINA,"AV. JAVIER PRADO ESTE 6651, LA MOLINA, LIMA, PERU",-12.072315,-76.958132,1,highway,primary,"Avenida Javier Prado Este, La Molina, Lima, Lima Metropolitana, Lima, 10051, Perú"
6840,AV. NICOLAS AYLLON N° 1340,SAN LUIS,"AV. NICOLAS AYLLON 1340, SAN LUIS, LIMA, PERU",-12.06358,-76.99942,1,highway,primary,"Avenida Nicolás de Ayllón, San Pablo, San Luis, Lima, Lima Metropolitana, Lima, 15019, Perú"
6870,AV. UNIVERSITARIA ESQ. AV. CARLOS IZAGUIRRE,LOS OLIVOS,"AV. UNIVERSITARIA ESQ. AV. CARLOS IZAGUIRRE, LOS OLIVOS, LIMA, PERU",,,0,,,
6873,"AV. SAN JUAN N° 112, URB. SANTA TERESA",SANTIAGO DE SURCO,"AV. SAN JUAN 112, SANTIAGO DE SURCO, LIMA, PERU",-12.145274,-76.971812,1,highway,secondary,"Avenida Defensores de Lima, El Brillante, Pamplona, San Juan de Miraflores, Lima, Lima Metropolitana, Lima, 15803, Perú"
6874,"AV. GERARDO UNGER N° 3689, MZ D LOTE 26, URB. HABILITACIÓN PANAMERICANA NORTE",INDEPENDENCIA,"AV. GERARDO UNGER 3689, INDEPENDENCIA, LIMA, PERU",-12.004731,-77.05448,2,highway,primary,"Avenida Túpac Amaru, Urbanización Mesa Redonda, El Ermitaño, Independencia, Lima, Lima Metropolitana, Lima, 15028, Perú"
6876,AV. REPUBLICA DE PANAMA N° 290,BARRANCO,"AV. REPUBLICA DE PANAMA 290, BARRANCO, LIMA, PERU",-12.140312,-77.017846,1,highway,residential,"Avenida República de Panamá, Barranco, Lima, Lima Metropolitana, Lima, 15049, Perú"
6880,AV. TOMAS VALLE N° 1981. ESQ. CALLE BAQUIJANO Y CARRILLO,SAN MARTIN DE PORRES,"AV. TOMAS VALLE 1981, SAN MARTIN DE PORRES, LIMA, PERU",-12.010763,-77.069194,2,highway,secondary,"Avenida Tomás Valle, San Germán Etapa 1, San Martín de Porres, Lima, Lima Metropolitana, Lima, 15302, Perú"
6890,"AV. DOS DE MAYO Nº 285, ESQ. CON JR. SUCRE",CALLAO,"AV. DOS DE MAYO 285, ESQ. CON JR. SUCRE, CALLAO, LIMA, PERU",,,0,,,
6906,"AV. UNIVERSITARIA NORTE NRO. 5771 - 5779, URB. SANTA ISOLINA",COMAS,"AV. UNIVERSITARIA NORTE 5771 - 5779, COMAS, LIMA, PERU",,,0,,,
6913,AV. LOS DOMINICOS Y BOCANEGRA MZ. A LT. 20 URB. SESQUICENTENARIO,CALLAO,"AV. LOS DOMINICOS, CALLAO, LIMA, PERU",-12.004338,-77.099319,3,highway,residential,"Avenida Los Dominicos, Los Nardos, Callao, San Martín de Porres, Lima, Lima Metropolitana, Lima, 15108, Perú"
6914,AV. CHINCHAYSUYO 315. ESQ. CON CALLE UNO,INDEPENDENCIA,"AV. CHINCHAYSUYO 315, INDEPENDENCIA, LIMA, PERU",-11.977999,-77.051273,2,highway,secondary,"Avenida Chinchaysuyo, Urbanización Túpac Amaru, Tahuantinsuyo, Independencia, Lima, Lima Metropolitana, Lima, 15332, Perú"
6915,AV.TUPAC AMARU N° 3590. AA.HH EL PROGRESO,CARABAYLLO,"AV.TUPAC AMARU 3590, CARABAYLLO, LIMA, PERU",-11.90735,-77.03232,1,highway,trunk,"Avenida Túpac Amaru, Asentamiento Humano 1º de Noviembre, Carabayllo, Lima, Lima Metropolitana, Lima, 15313, Perú"
6957,AV. LA MARINA N° 2001 ESQ. CON UNIVERSITARIA,SAN MIGUEL,"AV. LA MARINA 2001, SAN MIGUEL, LIMA, PERU",-12.072912,-77.103178,2,highway,secondary,"Avenida de La Marina, Rafael Escardó, San Miguel, Lima, Lima Metropolitana, Lima, 15087, Perú"
6960,AV. TOMAS VALLE N° 2053  URB. SAN PEDRO DE GARAGAY,SAN MARTIN DE PORRES,"AV. TOMAS VALLE 2053, SAN MARTIN DE PORRES, LIMA, PERU",-12.012183,-77.087383,1,highway,primary,"Avenida Tomás Valle, San Pedro de Garagay, Garagay, San Martín de Porres, Lima, Lima Metropolitana, Lima, 15031, Perú"
6961,AV. BAUZATE Y MEZA 1387 ESQ. JR. GIRIBALDI,LA VICTORIA,"AV. BAUZATE Y MEZA 1387, LA VICTORIA, LIMA, PERU",-12.064078,-77.025524,2,highway,secondary,"Avenida Jaime Bausate y Meza, Barrio Mendoza, La Victoria, Lima, Lima Metropolitana, Lima, 15011, Perú"
6996,"AV. HUAYLAS N° 2355, URB. SANTA LEONOR",CHORRILLOS,"AV. HUAYLAS 2355, CHORRILLOS, LIMA, PERU",-12.17626,-77.01733,1,highway,primary,"Avenida Defensores del Morro, Chorrillos, Lima, Lima Metropolitana, Lima, 15064, Perú"
7003,AV. PROLONGACION JAVIER PRADO ESTE N° 610 - URB. LA RIVIERA DE MONTERRICO,LA MOLINA,"AV. PROLONGACION JAVIER PRADO ESTE 610, LA MOLINA, LIMA, PERU",,,0,,,
7004,JR. LUNA PIZARRO N° 696,LA VICTORIA,"JR. LUNA PIZARRO 696, LA VICTORIA, LIMA, PERU",,,0,,,
7010,AV. MEXICO N° 1291-1295 ESQUINA CON JR. PARINACOCHAS,LA VICTORIA,"AV. MEXICO 1291, LA VICTORIA, LIMA, PERU",-12.076984,-77.028834,2,highway,primary,"Avenida México, Santa Beatriz, Lima, Lima Metropolitana, Lima, 15046, Perú"
7026,"AV. LOS HEROES N° 1366 -1372, URB. JARDIN",SAN JUAN DE MIRAFLORES,"AV. LOS HEROES 1366 -1372, SAN JUAN DE MIRAFLORES, LIMA, PERU",-12.157526,-76.96351,1,highway,primary,"Avenida Los Héroes, El Arenal, San Juan de Miraflores, Lima, Lima Metropolitana, Lima, 15811, Perú"
7038,CARRETERA CENTRAL KM. 27.5,LURIGANCHO,"CARRETERA CENTRAL KM. 27.5, LURIGANCHO, LIMA, PERU",-11.962589,-76.739462,1,highway,trunk,"Carretera Central, Lurigancho, Lima, Lima Metropolitana, Lima, 15472, Perú"
7039,AV. ANGAMOS OESTE N° 1685,MIRAFLORES,"AV. ANGAMOS OESTE 1685, MIRAFLORES, LIMA, PERU",-12.113853,-77.031869,1,highway,primary,"Avenida Angamos Oeste, América, Miraflores, Lima, Lima Metropolitana, Lima, 10574, Perú"
7040,"AV. TUPAC AMARU KM.16,5",CARABAYLLO,"AV. TUPAC AMARU, CARABAYLLO, LIMA, PERU",-11.90735,-77.03232,3,highway,trunk,"Avenida Túpac Amaru, Asentamiento Humano 1º de Noviembre, Carabayllo, Lima, Lima Metropolitana, Lima, 15313, Perú"
7041,AV. ROOSELVELT Y  PARQUE ALTO CDRA 6,SANTIAGO DE SURCO,"AV. ROOSELVELT Y PARQUE ALTO CDRA 6, SANTIAGO DE SURCO, LIMA, PERU",,,0,,,
7042,"AV. DOS DE MAYO  1340 - 1380, URB. RISSO",SAN ISIDRO,"AV. DOS DE MAYO 1340 - 1380, SAN ISIDRO, LIMA, PERU",-12.090643,-77.033685,1,highway,tertiary,"Avenida Dos de Mayo, San Isidro, Lima, Lima Metropolitana, Lima, 15494, Perú"
7046,AV. PRIMAVERA Nº 1695 - CENTRO COMERCIAL MONTERRICO,SANTIAGO DE SURCO,"AV. PRIMAVERA 1695, SANTIAGO DE SURCO, LIMA, PERU",-12.104041,-76.963897,2,highway,primary,"Avenida Primavera, Parque Primavera, Monterrico, Santiago de Surco, Lima, Lima Metropolitana, Lima, 15023, Perú"
7058,JR. VIRU Nº 606,RIMAC,"JR. VIRU 606, RIMAC, LIMA, PERU",,,0,,,
7073,CARRETERA PANAMERICANA NORTE KM. 28.3,PUENTE PIEDRA,"CARRETERA. PANAMERICANA NORTE KM. 28, PUENTE PIEDRA, LIMA, PERU",-11.888577,-77.068437,2,highway,trunk,"Avenida Panamericana Norte, Puente Piedra, Lima, Lima Metropolitana, Lima, 15117, Perú"
7075,AV. MEXICO Nº 210,LA VICTORIA,"AV. MEXICO 210, LA VICTORIA, LIMA, PERU",-12.076707,-77.028203,1,highway,primary,"Avenida México, Urbanización Balconcillo, La Victoria, Lima, Lima Metropolitana, Lima, 15046, Perú"
7086,AV. PROLONGACION PRIMAVERA N° 1120 MZ. P LT. 1-2,SANTIAGO DE SURCO,"AV. PROLONGACION PRIMAVERA 1120 MZ. P LT. 1-2, SANTIAGO DE SURCO, LIMA, PERU",,,0,,,
7088,"AV. NICOLAS AYLLON N° 8710-8720, CARRETERA LIMA - CHOSICA, ALT. KM. 11.20 (ANTES CARRETERA CENTRAL KM. 11.5)",ATE,"AV. NICOLAS AYLLON 8710, ATE, LIMA, PERU",-12.064047,-76.9891,2,highway,primary,"Avenida Nicolás de Ayllón, Valdiviezo, Ate, Lima, Lima Metropolitana, Lima, 15019, Perú"
7089,AV. CARRETERA CENTRAL S/N KM. 2.5 VITARTE ESQ. AV. INGENIEROS URB. BUENOS AMIGOS,ATE,"AV. CARRETERA CENTRAL, ATE, LIMA, PERU",-12.050094,-76.952955,3,amenity,fuel,"Petro Perú, Avenida Nicolás de Ayllón, Ate, Lima, Lima Metropolitana, Lima, 15009, Perú"
7096,"AV. CAMINOS DEL INCA N° 110-134, SUB LOTE 8-A, MZ. Ñ. URB. SAN JUAN BAUTISTA DE VILLA - PRIMERA ETAPA",CHORRILLOS,"AV. CAMINOS DEL INCA 110, CHORRILLOS, LIMA, PERU",-12.200496,-76.99638,2,highway,primary,"Avenida Caminos del Inca, Delicias de Villa, Chorrillos, Lima, Lima Metropolitana, Lima, 15067, Perú"
7109,"AV. TINGO MARIA N° 1172-1194, ESQ. CON RAUL PORRAS BARRENECHEA",LIMA,"AV. TINGO MARIA 1172, LIMA, LIMA, PERU",-12.143009,-76.945611,2,highway,residential,"Avenida Tingo María, Vallecito, Villa María del Triunfo, Lima, Lima Metropolitana, Lima, 15088, Perú"
7124,AV. TOMAS MARSANO N° 1008 ESQUINA CON AV. ANGAMOS,SURQUILLO,"AV. TOMAS MARSANO 1008, SURQUILLO, LIMA, PERU",-12.126316,-77.002746,2,highway,primary,"Avenida Tomás Marsano, El Pedregal, Surquillo, Lima, Lima Metropolitana, Lima, 15038, Perú"
7130,AV. AREQUIPA N° 4305,MIRAFLORES,"AV. AREQUIPA 4305, MIRAFLORES, LIMA, PERU",-12.117983,-77.02905,1,highway,secondary,"Avenida Arequipa, Miraflores, Lima, Lima Metropolitana, Lima, 10574, Perú"
7133,AV. PRECURSORES N° 202 (EX CARRETERA A VENTANILLA KM. 5.5),VENTANILLA,"AV. PRECURSORES 202, VENTANILLA, LIMA, PERU",,,0,,,
7135,AV. DEL RIO Nº 110,PUEBLO LIBRE,"AV. DEL RIO 110, PUEBLO LIBRE, LIMA, PERU",-12.076639,-77.067858,1,boundary,administrative,"Pueblo Libre, Lima, Lima Metropolitana, Lima, 15084, Perú"
7157,AV. NICOLAS AYLLON Nº 2237,ATE,"AV. NICOLAS AYLLON 2237, ATE, LIMA, PERU",-12.064047,-76.9891,1,highway,primary,"Avenida Nicolás de Ayllón, Valdiviezo, Ate, Lima, Lima Metropolitana, Lima, 15019, Perú"
7161,AV. CIRCUNVALACION N° 2944,SAN BORJA,"AV. CIRCUNVALACION 2944, SAN BORJA, LIMA, PERU",-12.083045,-76.984938,1,highway,primary,"Avenida Circunvalación, Javier Prado, San Borja, Lima, Lima Metropolitana, Lima, 15022, Perú"
7163,LOTE 6 MZ. G URB. NIEVERIA HUACHIPA,LURIGANCHO,"LOTE 6 MZ. G, LURIGANCHO, LIMA, PERU",,,0,,,
7166,AV. LA MARINA  N° 3805,LA PERLA,"AV. LA MARINA 3805, LA PERLA, LIMA, PERU",-12.071472,-77.107401,1,highway,secondary,"Avenida de La Marina, La Perla, Callao, Lima Metropolitana, Callao, 07011, Perú"
7170,AV. COLONIAL N° 300 (ANTES AV. OSCAR R. BENAVIDES) ESQUINA CON JR. ASCOPE,LIMA,"AV. COLONIAL 300, LIMA, LIMA, PERU",-12.046833,-77.045617,2,amenity,restaurant,"Trattoría Italia, 300, Avenida Óscar Raimundo Benavides, Lima, Lima Metropolitana, Lima, 15082, Perú"
7177,"AV. EDGARDO REBAGLIATI, ESQUINA CON JR. DOMINGO CUETO CUADRA 3",JESUS MARIA,"AV. EDGARDO REBAGLIATI, JESUS MARIA, LIMA, PERU",-12.079854,-77.040146,3,highway,tertiary,"Avenida Edgardo Rebagliati, Jesús María, Lima, Lima Metropolitana, Lima, 15072, Perú"
7179,CARRETERA PANAMERICANA SUR KM 29.50,LURIN,"CARRETERA. PANAMERICANA SUR KM 29, LURIN, LIMA, PERU",-12.317877,-76.830235,2,highway,motorway,"Carretera Panamericana Sur, Villa Nueva Navarra, Punta Hermosa, Lima, Lima Metropolitana, Lima, 15846, Perú"
7181,"AV. LA MOLINA N° 1595, URB. SOL DE LA MOLINA",LA MOLINA,"AV. LA MOLINA 1595, LA MOLINA, LIMA, PERU",-12.08616,-76.897529,1,highway,primary,"Avenida La Molina, El Sol de la Molina, La Molina, Lima, Lima Metropolitana, Lima, 15593, Perú"
7188,AV. PROCERES DE LA INDEPENDENCIA N° 197-199,SAN JUAN DE LURIGANCHO,"AV. PROCERES DE LA INDEPENDENCIA 197-199, SAN JUAN DE LURIGANCHO, LIMA, PERU",-11.984731,-77.006561,1,highway,primary,"Avenida Fernando Wiesse, San Carlos (II etapa), San Juan de Lurigancho, Lima, Lima Metropolitana, Lima, 15419, Perú"
7247,"AV. LA MOLINA N° 2880, URB. EL SAUCE DE LA RINCONADA",LA MOLINA,"AV. LA MOLINA 2880, LA MOLINA, LIMA, PERU",-12.086238,-76.907877,1,highway,primary,"Avenida La Molina, La Molina, Lima, Lima Metropolitana, Lima, 15026, Perú"
7251,"AV. JUAN VELASCO ALVARADO N° 811-813-815 Y 817, COOP. VALLE DE SHARON",SAN JUAN DE MIRAFLORES,"AV. JUAN VELASCO ALVARADO 811, SAN JUAN DE MIRAFLORES, LIMA, PERU",-12.172249,-76.966752,2,highway,tertiary,"Avenida Juan Velasco Alvarado, República Federal Alemana, San Juan de Miraflores, Lima, Lima Metropolitana, Lima, 15801, Perú"
7255,AV. REVOLUCION N° 783 PRIMERA ZONA - COLLIQUE,COMAS,"AV. REVOLUCION 783, COMAS, LIMA, PERU",-11.915098,-77.03342,2,highway,primary,"Avenida Revolución, Collique Zona 2, Collique, Comas, Lima, Lima Metropolitana, Lima, 15313, Perú"
7276,AV. VENEZUELA NRO. 2600,LIMA,"AV. VENEZUELA 2600, LIMA, LIMA, PERU",-12.063007,-77.10132,1,highway,primary,"Avenida República de Venezuela, Condominio Nuevavista, Bellavista, Callao, Lima Metropolitana, Callao, 06011, Perú"
7282,"AV. RAMIRO PRIALE CODIGO PREDIO/PARCELA 'L', SUB LOTE 28-B, SUB LOTE 23-A, DE LA ASOCIACION DIGNIDAD NACIONAL CON FRENTE AL SUB LOTE 23-D (CARRETERA R",LURIGANCHO,"AV. RAMIRO PRIALE CODIGO PREDIO/PARCELA L, SUB LOTE 28-B, SUB LOTE 23-A, DE LA, LURIGANCHO, LIMA, PERU",,,0,,,
7302,AV. NICOLAS AYLLÓN N° 4359,ATE,"AV. NICOLAS AYLLÓN 4359, ATE, LIMA, PERU",-12.064047,-76.9891,1,highway,primary,"Avenida Nicolás de Ayllón, Valdiviezo, Ate, Lima, Lima Metropolitana, Lima, 15019, Perú"
7304,"COOPERATIVA VIVIENDA EL VALLE MZ. C, LOTE 25",SAN JUAN DE LURIGANCHO,"COOPERATIVA VIVIENDA EL VALLE MZ. C, LOTE 25, SAN JUAN DE LURIGANCHO, LIMA, PERU",,,0,,,
7309,"MZ. B, LT. 5 Y 15, URB. VILLA UNIVERSITARIA",SAN MARTIN DE PORRES,"MZ. B, LT. 5 Y 15, SAN MARTIN DE PORRES, LIMA, PERU",-11.964146,-77.090504,1,place,city_block,"Mz. Ñ, Urbanización Vipol de Naranjal, San Martín de Porres, Lima, Lima Metropolitana, Lima, Perú"
7310,AV. BOLIVAR N° 1020. ESQ CON AV. GENERAL CORDOVA,PUEBLO LIBRE,"AV. BOLIVAR 1020, PUEBLO LIBRE, LIMA, PERU",-12.07245,-77.066503,2,highway,secondary,"Avenida Simón Bolivar, Pueblo Libre, Lima, Lima Metropolitana, Lima, 15084, Perú"
7316,AV. ANGELICA GAMARRA DE LEON VELARDE N° 1361,LOS OLIVOS,"AV. ANGELICA GAMARRA DE LEON VELARDE 1361, LOS OLIVOS, LIMA, PERU",,,0,,,
7319,AV. VENEZUELA 1050,LA PERLA,"AV. VENEZUELA 1050, LA PERLA, LIMA, PERU",-12.063101,-77.101251,1,highway,secondary,"Auxiliar Avenida República de Venezuela, Bellavista, Callao, Lima Metropolitana, Callao, 06011, Perú"
7320,AV. GRAN CHIMU N° 1988 URB. ZARATE,SAN JUAN DE LURIGANCHO,"AV. GRAN CHIMU 1988, SAN JUAN DE LURIGANCHO, LIMA, PERU",-12.02432,-76.983338,1,highway,tertiary,"Avenida Gran Chimú, Mangomarca, San Juan de Lurigancho, Lima, Lima Metropolitana, Lima, 15427, Perú"
7322,"AV. NARANJAL N° 299, URB. INDUSTRIAL NARANJAL",INDEPENDENCIA,"AV. NARANJAL 299, INDEPENDENCIA, LIMA, PERU",-11.977339,-77.062798,1,place,house,"299, Avenida Naranjal, Urbanización Industrial El Naranjal, Independencia, Lima, Lima Metropolitana, Lima, 15304, Perú"
7324,"AV. HEROES DEL ALTO CENEPA N° 1502, 1504, 1506, 1510, 1514",COMAS,"AV. HEROES DEL ALTO CENEPA 1502, 1504, 1506, 1510, 1514, COMAS, LIMA, PERU",,,0,,,
7417,AV. ISABEL LA CATOLICA N° 690 ,LA VICTORIA,"AV. ISABEL LA CATOLICA 690, LA VICTORIA, LIMA, PERU",-12.070316,-77.029119,1,highway,tertiary,"Avenida Isabel La Católica, La Victoria, Lima, Lima Metropolitana, Lima, 15018, Perú"
7454,AV. CARABAYLLO  1318  URB. LOS VIÑEDOS,COMAS,"AV. CARABAYLLO 1318, COMAS, LIMA, PERU",-11.953776,-77.056894,1,highway,secondary,"Avenida Carabayllo, El Parral, El Carmen, Comas, Lima, Lima Metropolitana, Lima, 15312, Perú"
7461,AV. BAUZATE Y MEZA ESQ. PROLONGACION HUAMANGA S/N,LA VICTORIA,"AV. BAUZATE, LA VICTORIA, LIMA, PERU",-12.064078,-77.025524,3,highway,secondary,"Avenida Jaime Bausate y Meza, Barrio Mendoza, La Victoria, Lima, Lima Metropolitana, Lima, 15011, Perú"
7474,ZONA MÁRTIR OLAYA MZ. 'D' LOTE  5 (ANTES: CARRETERA PANAMERICANA SUR KM. 43),PUNTA HERMOSA,"ZONA MÁRTIR OLAYA MZ. D LOTE 5, PUNTA HERMOSA, LIMA, PERU",,,0,,,
7524,CARRETERA CENTRAL KM. 2.5. LOTE 6-A1,ATE,"CARRETERA. CENTRAL KM. 2, ATE, LIMA, PERU",-12.00823,-76.859993,2,highway,trunk,"Carretera Central, San Germán, Ate, Lima, Lima Metropolitana, Lima, 15487, Perú"
7528,AV. NESTOR GAMBETA N° 1295,CALLAO,"AV. NESTOR GAMBETA 1295, CALLAO, LIMA, PERU",-12.042637,-77.116499,1,highway,tertiary,"Avenida de la Alameda, Gambetta Baja, Callao, Lima Metropolitana, Callao, 07026, Perú"
7558,"AV. RAMIRO PRIALE N° 5747 Y 5749, ASOCIACION DE PROPIETARIOS DIGNIDAD NACIONAL",LURIGANCHO,"AV. RAMIRO PRIALE 5747, LURIGANCHO, LIMA, PERU",-12.020835,-76.931961,2,highway,residential,"Avenida Auxiliar Ramiro Prialé, Santa María de Huachipa, Lurigancho, Lima, Lima Metropolitana, Lima, 15498, Perú"
7569,AV. ZARUMILLA N° 810. URB. ZARUMILLA,SAN MARTIN DE PORRES,"AV. ZARUMILLA 810, SAN MARTIN DE PORRES, LIMA, PERU",-12.035881,-77.046125,1,highway,motorway,"Vía de Evitamiento, Zarumilla Alta, San Martín de Porres, Lima, Lima Metropolitana, Lima, 15079, Perú"
7708,"AV. PASTOR SEVILLA, SECTOR 1 GRUPO 22-A MANZANA M LOTES 16, 17, 18 Y 19",VILLA EL SALVADOR,"AV. PASTOR SEVILLA, VILLA EL SALVADOR, LIMA, PERU",-12.210626,-76.950339,1,highway,bus_stop,"Arriba Perú, Avenida Mariano Pastor Sevilla, Villa El Salvador, Lima, Lima Metropolitana, Lima, 15829, Perú"
7709,JR. SAN CARLOS N° 1881 INTERSECCION CON AV. ANCASH,EL AGUSTINO,"JR. SAN CARLOS 1881, EL AGUSTINO, LIMA, PERU",,,0,,,
7758,AV. PROCERES DE LA INDEPENDENCIA N° 2773-2785-2799 ESQUINA CON AV. EL SOL N° 388 - URB. SAN CARLOS,SAN JUAN DE LURIGANCHO,"AV. PROCERES DE LA INDEPENDENCIA 2773, SAN JUAN DE LURIGANCHO, LIMA, PERU",-11.9821,-77.005708,2,highway,primary,"Avenida Fernando Wiesse, San Carlos (II etapa), San Juan de Lurigancho, Lima, Lima Metropolitana, Lima, 15423, Perú"
7768,"AV. LOS CHANCAS 502 - 504, COOPERATIVA ANDAHUAYLAS",SANTA ANITA,"AV. LOS CHANCAS 502 - 504, SANTA ANITA, LIMA, PERU",-12.039362,-76.968422,1,highway,secondary,"Avenida Los Chancas de Andahuaylas, Santa Anita, Lima, Lima Metropolitana, Lima, 15007, Perú"
7770,AV. LA MARINA N° 115 ESQ. CON AV. SANTA ROSA N° 135,LA PERLA,"AV. LA MARINA 115, LA PERLA, LIMA, PERU",-12.071472,-77.107401,2,highway,secondary,"Avenida de La Marina, La Perla, Callao, Lima Metropolitana, Callao, 07011, Perú"
7800,"PROLONGACIÓN AV. DEFENSORES DEL MORRO (EX HUAYLAS) N° 324-326, ESQUINA AV. JOSÉ ANTONIO LAVALLE N° 105, URB. SAN JUAN BAUTISTA DE VILLA",CHORRILLOS,"PROLONGACIÓN AV. DEFENSORES DEL MORRO 324-326, ESQUINA AV. JOSÉ ANTONIO LAVALLE 105, CHORRILLOS, LIMA, PERU",,,0,,,
7806,"CARRETERA ANTIGUA PANAMERICANA SUR KM. 32, CALLE LOS ROSALES, MZ. U LOTE N° 01, A.H. HUERTOS DE LURÍN",LURIN,"CARRETERA ANTIGUA PANAMERICANA SUR KM. 32, CALLE LOS ROSALES, MZ. U LOTE 01, LURIN, LIMA, PERU",,,0,,,
7868,AV. PROCERES DE LA INDEPENDENCIA Nº 1487 URB. LOS JARDINES DE SAN JUAN,SAN JUAN DE LURIGANCHO,"AV. PROCERES DE LA INDEPENDENCIA 1487, SAN JUAN DE LURIGANCHO, LIMA, PERU",-11.9821,-77.005708,1,highway,primary,"Avenida Fernando Wiesse, San Carlos (II etapa), San Juan de Lurigancho, Lima, Lima Metropolitana, Lima, 15423, Perú"
7897,KM. 25 DE LA CARRETERA PANAMERICANA NORTE,PUENTE PIEDRA,"CARRETERA. PANAMERICANA NORTE, PUENTE PIEDRA, LIMA, PERU",-11.831485,-77.116138,3,highway,trunk,"Carretera Panamericana Norte, Zapallal, Puente Piedra, Lima, Lima Metropolitana, Lima, 15122, Perú"
7955,"AV. LA MARINA N° 2185, ESQUINA AV. RIVA AGÜERO",SAN MIGUEL,"AV. LA MARINA 2185, SAN MIGUEL, LIMA, PERU",-12.072912,-77.103178,2,highway,secondary,"Avenida de La Marina, Rafael Escardó, San Miguel, Lima, Lima Metropolitana, Lima, 15087, Perú"
8003,AV. REPUBLICA DE ARGENTINA Nº 2920,CALLAO,"AV. REPUBLICA DE ARGENTINA 2920, CALLAO, LIMA, PERU",-12.047159,-77.084485,1,highway,secondary,"Avenida República de Argentina, Villa Señor De Los Milagros, Carmen de la Legua Reynoso, Carmen de La Legua-Reynoso, Callao, Lima Metropolitana, Callao, 07006, Perú"
8032,JR. CHINCHAYSUYO Nº 710,SAN JUAN DE LURIGANCHO,"JR. CHINCHAYSUYO 710, SAN JUAN DE LURIGANCHO, LIMA, PERU",,,0,,,
8033,"JR. CERRO AZUL N° 227-233-237, URB. SAN IGNACIO DE MONTERRICO",SANTIAGO DE SURCO,"JR. CERRO AZUL 227-233-237, SANTIAGO DE SURCO, LIMA, PERU",,,0,,,
8035,AV. AGUSTIN  DE LA ROSA TORO N° 1312-1330-1334-1342-1346-1354-1358 ESQUINA CON AV. JAVIER PRADO ESTE N° 3095 URB. JACARANDA II - SECTOR CINCO,SAN BORJA,"AV. AGUSTIN DE LA ROSA TORO 1312, SAN BORJA, LIMA, PERU",-12.083758,-76.993108,2,highway,tertiary,"Avenida Agustín de la Rosa Toro, Jacaranda, San Borja, Lima, Lima Metropolitana, Lima, 15041, Perú"
8039,AV. PROCERES DE LA INDP.Y LOS POSTES MZ.Z LTS.3-4,SAN JUAN DE LURIGANCHO,"AV. PROCERES DE LA INDP.Y LOS POSTES MZ.Z LTS.3-4, SAN JUAN DE LURIGANCHO, LIMA, PERU",,,0,,,
8054,AVENIDA UNIVERSITARIA NORTE MZA. C LTE. 1 URB. RESIDENCIAL COMERCIAL LOS OLIVOS,LOS OLIVOS,"AVENIDA UNIVERSITARIA NORTE MZA. C LTE. 1, LOS OLIVOS, LIMA, PERU",,,0,,,
8063,"AV. JAVIER PRADO ESTE S/N CUADRA 44, URB. FUNDO MONTERRICO CHICO",SANTIAGO DE SURCO,"AV. JAVIER PRADO ESTE CUADRA 44, SANTIAGO DE SURCO, LIMA, PERU",,,0,,,
8065,"AV. MATEO PUMACAHUA S/N. MZ. D, LOTE 1",VILLA EL SALVADOR,"AV. MATEO PUMACAHUA, VILLA EL SALVADOR, LIMA, PERU",-12.18394,-76.944453,3,highway,secondary,"Avenida Mateo Pumacahua, Villa El Salvador, Lima, Lima Metropolitana, Lima, 15828, Perú"
8069,AV. SANTA ROSA N° 274,SANTA ANITA,"AV. SANTA ROSA 274, SANTA ANITA, LIMA, PERU",-12.051478,-76.961766,1,highway,tertiary,"Avenida Santa Rosa, Santa Anita, Lima, Lima Metropolitana, Lima, 15008, Perú"
8082,"AV. PROCERES DE LA INDEPENDENCIA Nº 1015 (MZ. G, LOTE 11 AL 19)",SAN JUAN DE LURIGANCHO,"AV. PROCERES DE LA INDEPENDENCIA 1015, SAN JUAN DE LURIGANCHO, LIMA, PERU",-12.017604,-77.002842,1,amenity,fuel,"Petroperú, 1015, Avenida Próceres de la Independencia, El Pueblito, Zárate, San Juan de Lurigancho, Lima, Lima Metropolitana, Lima, 15401, Perú"
8101,AV. JAVIER PRADO ESTE Nº 1099 INTER. CON LA  AV. NICOLAS ARRIOLA,LA VICTORIA,"AV. JAVIER PRADO ESTE 1099, LA VICTORIA, LIMA, PERU",-12.089274,-77.012374,1,highway,motorway,"Avenida Javier Prado Este, La Victoria, Lima, Lima Metropolitana, Lima, 15036, Perú"
8132,"AV. JAVIER PRADO ESTE N° 4885, URB. CAMACHO",LA MOLINA,"AV. JAVIER PRADO ESTE 4885, LA MOLINA, LIMA, PERU",-12.072315,-76.958132,1,highway,primary,"Avenida Javier Prado Este, La Molina, Lima, Lima Metropolitana, Lima, 10051, Perú"
8153,AV. JUAN PARDO DE ZELA N° 845 - 849,LINCE,"AV. JUAN PARDO DE ZELA 845 - 849, LINCE, LIMA, PERU",-12.08306,-77.031429,1,highway,secondary,"Avenida Juan Pardo de Zela, Lince, Lima, Lima Metropolitana, Lima, 15046, Perú"
8154,"AV. CARLOS IZAGUIRRE ESQUINA CON AV. SANTA ROSA MZ. A LOTE 19, URB. LA FLORIDA",SAN MARTIN DE PORRES,"AV. CARLOS IZAGUIRRE ESQUINA CON AV. SANTA ROSA MZ. A LOTE 19, SAN MARTIN DE PORRES, LIMA, PERU",,,0,,,
8157,AV. SANTIAGO DE CHUCO N° 501 ESQUINA CON AV. APURIMAC  COOPERATIVA UNIVERSAL,SANTA ANITA,"AV. SANTIAGO DE CHUCO 501, SANTA ANITA, LIMA, PERU",-12.042145,-76.972815,2,highway,primary,"Avenida Santiago de Chuco, Santa Anita, Lima, Lima Metropolitana, Lima, 15007, Perú"
8176,"JR. MANUEL ECHEANDIA N° 586 ESQ. CON AV. CIRCUNVALACIÓN MZ. A, LOTES 6,7 Y 8, URB. LOTIZACIÓN INDUSTRIAL EL PINO",SAN LUIS,"JR. MANUEL ECHEANDIA 586 ESQ. CON AV. CIRCUNVALACIÓN MZ. A, LOTES 6,7 Y 8, SAN LUIS, LIMA, PERU",,,0,,,
8196,AV. PUENTE PIEDRA N° 1365,PUENTE PIEDRA,"AV. PUENTE PIEDRA 1365, PUENTE PIEDRA, LIMA, PERU",-11.859082,-77.081275,1,highway,secondary,"Avenida Puente Piedra, Puente Piedra, Lima, Lima Metropolitana, Lima, 15118, Perú"
82148,"INTERSECCION AV. CENTRAL Y AV. LAS TORRES MZ. C, LOTES 8, 9, 10 Y 11, ASOC. DE VIVIENDA. SANTA MARIA DE NARANJAL ",SAN MARTIN DE PORRES,"AV. CENTRAL, SAN MARTIN DE PORRES, LIMA, PERU",-11.95784,-77.088651,3,highway,tertiary,"Avenida Central, San Martín de Porres, Lima, Lima Metropolitana, Lima, 15113, Perú"
82159,"AV. ANDRES AVELINO CACERES LOTE 9-10, MZ. P, AA. HH. HUAYCAN",ATE,"AV. ANDRES AVELINO CACERES LOTE 9, ATE, LIMA, PERU",-12.001849,-76.832691,2,highway,secondary,"Avenida Andrés Avelino Cáceres, Pariachi, Huaycán, Ate, Lima, Lima Metropolitana, Lima, 15474, Perú"
82208,"AV. FERROCARRIL ESQUINA CON PRIMERO DE MAYO, COOPERATIVA LOS HUANCAS, MZ N, LT. 1",EL AGUSTINO,"AV. FERROCARRIL ESQUINA CON PRIMERO DE MAYO, EL AGUSTINO, LIMA, PERU",,,0,,,
8222,MZ. J-10. LT. 1 - PAMPLONA ALTA SECTOR LEONCIO PRADO,SAN JUAN DE MIRAFLORES,"MZ. J-10. LT. 1 - PAMPLONA ALTA, SAN JUAN DE MIRAFLORES, LIMA, PERU",,,0,,,
8224,ESQUINA AV. ZORRITOS Y AV. TINGO MARÍA,BREÑA,"AV. ZORRITOS, BREÑA, LIMA, PERU",-12.049889,-77.049484,3,highway,secondary,"Jirón Zorritos, Chacra Colorada, Breña, Lima, Lima Metropolitana, Lima, 15082, Perú"
8225,"AV. NICOLAS AYLLON N° 7174, URB. PARCELACIÓN LA ESTRELLA",ATE,"AV. NICOLAS AYLLON 7174, ATE, LIMA, PERU",-12.064047,-76.9891,1,highway,primary,"Avenida Nicolás de Ayllón, Valdiviezo, Ate, Lima, Lima Metropolitana, Lima, 15019, Perú"
82267,"AV. BERTELLO MZ G LOTES 1, 2 Y 3, PROGRAMA DE VIVIENDA SAN REMO III Y LOTES 2 Y 3 DE LA MZ. B DEL PROGRAMA DE VIVIENDA FHILADELFIA IV ETAPA",SAN MARTIN DE PORRES,"AV. BERTELLO, SAN MARTIN DE PORRES, LIMA, PERU",-11.99675,-77.112915,3,highway,secondary,"Avenida Bertello, San Remo, San Martín de Porres, Lima, Lima Metropolitana, Lima, 15112, Perú"
8228,AV. ARGENTINA N° 1801,LIMA,"AV. ARGENTINA 1801, LIMA, LIMA, PERU",-12.046368,-77.075546,1,highway,secondary,"Avenida República de Argentina, Urbanización Industrial Wiese, Mirones, Lima, Lima Metropolitana, Lima, 07006, Perú"
8235,"AV. CAMINOS DEL INCA N° 194, URB. TAMBO DE MONTERRICO ",SANTIAGO DE SURCO,"AV. CAMINOS DEL INCA 194, SANTIAGO DE SURCO, LIMA, PERU",-12.138936,-76.984361,1,highway,secondary,"Avenida Caminos del Inca, Prolongación Benavides, Santiago de Surco, Lima, Lima Metropolitana, Lima, 15803, Perú"
82419,AV. 25 DE ENERO (ANTES 22 DE AGOSTO) SUB LOTE 5A Y 5D ESQUINA CALLE HACIENDA URB. INFANTAS,SAN MARTIN DE PORRES,"AV. 25 DE ENERO SUB LOTE 5A Y 5D ESQUINA CALLE HACIENDA, SAN MARTIN DE PORRES, LIMA, PERU",,,0,,,
82460,"AV. ARGENTINA Nº 1830-1858, ESQUINA CON AV. NICOLAS DUEÑAS",LIMA,"AV. ARGENTINA 1830, LIMA, LIMA, PERU",-12.046368,-77.075546,2,highway,secondary,"Avenida República de Argentina, Urbanización Industrial Wiese, Mirones, Lima, Lima Metropolitana, Lima, 07006, Perú"
8247,AV. EL EJERCITO N° 412-422,MIRAFLORES,"AV. EL EJERCITO 412-422, MIRAFLORES, LIMA, PERU",,,0,,,
82579," AV. NICOLAS DE PIEROLA N° 800 MZ. H-1, LOTE 16 ESQ. CON LA AV. VILLA MARIA ",VILLA MARIA DEL TRIUNFO,"AV. NICOLAS DE PIEROLA 800, VILLA MARIA DEL TRIUNFO, LIMA, PERU",-12.165325,-76.95131,2,highway,secondary,"Avenida Nicolás de Piérola, Villa Jardín, Villa María del Triunfo, Lima, Lima Metropolitana, Lima, 15809, Perú"
8267,AV. SAN DIEGO Nº 1000 Y CALLE SANTA MARIA,SAN MARTIN DE PORRES,"AV. SAN DIEGO 1000, SAN MARTIN DE PORRES, LIMA, PERU",-11.9532,-77.091599,2,highway,residential,"Avenida San Diego de Alcalá, San Martín de Porres, Lima, Lima Metropolitana, Lima, 15113, Perú"
82816,"AV. EL TRIUNFO S/N MZ.Q-2, LOTE 5. PARCELACION ZAPALLAL",PUENTE PIEDRA,"AV. EL TRIUNFO MZ.Q-2, LOTE 5, PUENTE PIEDRA, LIMA, PERU",,,0,,,
82834,AV. ARGENTINA 898 ESQUINA CON AV. ANTONIO DE ELIZALDE,LIMA,"AV. ARGENTINA 898, LIMA, LIMA, PERU",-12.046144,-77.073084,2,highway,secondary,"Avenida República de Argentina, Primero de Setiembre, Mirones, Lima, Lima Metropolitana, Lima, 15101, Perú"
82902,"ESQ. AV. CENTRAL Y AV. CESAR VALLEJO, SECTOR 2, GRUPO 5, MZ. I, LOTES 1, 2 Y 24 ",VILLA EL SALVADOR,"AV. CENTRAL, VILLA EL SALVADOR, LIMA, PERU",-12.214483,-76.932802,3,highway,tertiary,"Avenida Central, Sector 3, Villa El Salvador, Lima, Lima Metropolitana, Lima, 15834, Perú"
82903,AV. GRAU N° 1308 ESQ JR. HUANUCO Nª 1101,LIMA,"AV. GRAU 1308, LIMA, LIMA, PERU",-12.057092,-77.016426,2,place,house,"1308, Avenida Almirante Miguel Grau, Quinta Olavide, Urbanización Barrios Altos, Lima, Lima Metropolitana, Lima, 15011, Perú"
82985,CALLE LOS HORNOS N° 149 ESQUINA CON GERARDO UNGER  URB. INDUSTRIAL NARANJAL,LOS OLIVOS,"CALLE LOS HORNOS 149 ESQUINA CON GERARDO UNGER, LOS OLIVOS, LIMA, PERU",,,0,,,
83004,ESQUINA AV. PROCERES Y AV. PORTALES. MZ. V-4. LOTE 66. URB. PRO,LOS OLIVOS,"AV. PROCERES, LOS OLIVOS, LIMA, PERU",-11.980698,-77.084947,3,highway,secondary,"Avenida Los Próceres de Huandoy, Rosario del Norte, Los Olivos, Lima, Lima Metropolitana, Lima, 15109, Perú"
83162,"KM. 24.2 DE LA AV. TUPAC AMARU, MZ. E, LT. 09, ASOCIACIÓN DE VIVIENDA CASA HUERTA SIN NÚMERO",CARABAYLLO,"AV. TUPAC AMARU, CARABAYLLO, LIMA, PERU",-11.90735,-77.03232,3,highway,trunk,"Avenida Túpac Amaru, Asentamiento Humano 1º de Noviembre, Carabayllo, Lima, Lima Metropolitana, Lima, 15313, Perú"
83174,CARRETERA PANAMERICANA SUR KM. 24,LURIN,"CARRETERA PANAMERICANA SUR KM. 24, LURIN, LIMA, PERU",-12.255825,-76.922252,1,highway,motorway,"Carretera Panamericana Sur, Lurín, Lima, Lima Metropolitana, Lima, 15841, Perú"
83265,"ANTIGUA CARRETERA PANAMERICANA SUR, KM.40, ESQ. CON AV. LOS EUCALIPTOS MZ.F LT.9 URB. PREDIO SANTA GENOVEVA",LURIN,"CARRETERA. PANAMERICANA SUR, LURIN, LIMA, PERU",-12.317877,-76.830235,3,highway,motorway,"Carretera Panamericana Sur, Villa Nueva Navarra, Punta Hermosa, Lima, Lima Metropolitana, Lima, 15846, Perú"
8332,GREGORIO ESCOBEDO ESQ. CON HUIRACOCHA,JESUS MARIA,"GREGORIO ESCOBEDO ESQ. CON HUIRACOCHA, JESUS MARIA, LIMA, PERU",,,0,,,
8336,AV. JAVIER PRADO ESTE N° 1059,LA VICTORIA,"AV. JAVIER PRADO ESTE 1059, LA VICTORIA, LIMA, PERU",-12.090323,-77.020404,1,highway,secondary,"Avenida Javier Prado Este, La Victoria, Lima, Lima Metropolitana, Lima, 15033, Perú"
83435,AV. BAUZATE Y MEZA N° 1050,LA VICTORIA,"AV. BAUZATE Y MEZA 1050, LA VICTORIA, LIMA, PERU",-12.064078,-77.025524,1,highway,secondary,"Avenida Jaime Bausate y Meza, Barrio Mendoza, La Victoria, Lima, Lima Metropolitana, Lima, 15011, Perú"
8344,"AV. EL DERBY N° 118, MZ. A, LOTE 5, URB. EL DERBY",SANTIAGO DE SURCO,"AV. EL DERBY 118, SANTIAGO DE SURCO, LIMA, PERU",-12.098863,-76.970408,2,highway,primary,"Avenida El Derby, El Cortijo, Monterrico, Santiago de Surco, Lima, Lima Metropolitana, Lima, 15023, Perú"
83665,AV. PROCERES DE LA INDEPENDENCIA N° 701 - 709 ,SAN JUAN DE LURIGANCHO,"AV. PROCERES DE LA INDEPENDENCIA 701 - 709, SAN JUAN DE LURIGANCHO, LIMA, PERU",-11.9821,-77.005708,1,highway,primary,"Avenida Fernando Wiesse, San Carlos (II etapa), San Juan de Lurigancho, Lima, Lima Metropolitana, Lima, 15423, Perú"
83729,"AV. TANTAMAYO ESQUINA CON AV. CENTRAL, MZ. A, LOTES 3 Y 4, PROGRAMA DE VIVIENDA RESIDENCIAL, 1RA ETAPA ",SAN MARTIN DE PORRES,"AV. TANTAMAYO ESQUINA CON AV. CENTRAL, MZ. A, LOTES 3 Y 4, SAN MARTIN DE PORRES, LIMA, PERU",,,0,,,
83761,"AV. LOS CISNES SUB LOTE 2, PARCELA PARAISO ESQ AV. RAMIRO PRIALE",LURIGANCHO,"AV. LOS CISNES SUB LOTE 2, PARCELA PARAISO ESQ AV. RAMIRO PRIALE, LURIGANCHO, LIMA, PERU",,,0,,,
83891,"MZ.A, LT. 1, PARCELA 4 DEL EX FUNDO CARAPONGO",LURIGANCHO,"MZ.A, LT. 1, PARCELA 4 DEL EX, LURIGANCHO, LIMA, PERU",,,0,,,
83926,"AV. SANTA ROSA N 610, ESQUINA JR. LOS SAUCES",ATE,"AV. SANTA ROSA N, ATE, LIMA, PERU",-12.064575,-76.978664,3,highway,secondary,"Avenida Santa Rosa, Ate, Lima, Lima Metropolitana, Lima, 15002, Perú"
84522,AV. TOMAS VALLE  N° 1207,SAN MARTIN DE PORRES,"AV. TOMAS VALLE 1207, SAN MARTIN DE PORRES, LIMA, PERU",-12.012225,-77.075054,1,place,house,"1207, Avenida Tomás Valle, San Amadeo de Garay, Garagay, San Martín de Porres, Lima, Lima Metropolitana, Lima, 15103, Perú"
84523,AV. OSCAR R. BENAVIDES INTERSECCIÓN JR. PRESBITERO GÁSPAR HERNÁNDEZ,LIMA,"AV. OSCAR R. BENAVIDES, LIMA, LIMA, PERU",-11.874112,-77.013277,1,highway,residential,"Jirón Mariscal R. Benavides Este, AH El Paraiso, El Progreso, Carabayllo, Lima, Lima Metropolitana, Lima, 15321, Perú"
84588,"AV. JAVIER PRADO ESTE MZ. O - 6 LOTE 3, ESQUINA CALLE TOULON, URB. LA RIVERA DE MONTERRICO",LA MOLINA,"AV. JAVIER PRADO ESTE, LA MOLINA, LIMA, PERU",-12.083561,-76.97192,3,highway,primary,"Avenida Javier Prado Este, Camacho, La Molina, Lima, Lima Metropolitana, Lima, 10051, Perú"
8479,"AV. LA PAZ 1200, ESQUINA CALLE FRANCISCO DE ZELA",SAN MIGUEL,"AV. LA PAZ 1200, SAN MIGUEL, LIMA, PERU",-12.082,-77.101257,2,highway,secondary,"Avenida La Paz, San Miguel, Lima, Lima Metropolitana, Lima, 15087, Perú"
84805,AV. MALECÓN CHECA EGUIGUREN N° 175-181,SAN JUAN DE LURIGANCHO,"AV. MALECÓN CHECA EGUIGUREN 175-181, SAN JUAN DE LURIGANCHO, LIMA, PERU",,,0,,,
85013,"AV. SAN MARTIN KM 17.8, MZ C - LT 2 Y 3 - ASOCIACION DE VIVIENDAS LA ESPERANZA DE CIENEGUILLA",CIENEGUILLA,"AV. SAN MARTIN KM 17, CIENEGUILLA, LIMA, PERU",-12.105598,-76.829855,2,highway,residential,"Avenida San Martín, Magda Portal, Tambo Viejo, Cieneguilla, Lima, Lima Metropolitana, Lima, 15594, Perú"
8506,"AV. ANGELICA GAMARRA MZ. B, LTS. 3 Y 4 - URB. EL TREBOL III ETAPA",LOS OLIVOS,"AV. ANGELICA GAMARRA, LOS OLIVOS, LIMA, PERU",-12.006033,-77.07332,3,highway,secondary,"Avenida Angélica Gamarra, El Trébol, Chavarría, Los Olivos, Lima, Lima Metropolitana, Lima, 15302, Perú"
85107,"AV. GUARDIA CIVIL N° 1024 MZ. B. LT 1, URB. SANTA ROSA DE SURCO",SANTIAGO DE SURCO,"AV. GUARDIA CIVIL 1024, SANTIAGO DE SURCO, LIMA, PERU",-12.1665,-76.990431,2,highway,secondary,"Avenida Guardia Civil Sur, Los Jardines, Santiago de Surco, Lima, Lima Metropolitana, Lima, 15054, Perú"
85113,ZONA A PARC. HUERTOS DE SANTA GENOVEVA AV. ANT. PANAMERICANA SUR MZ. E LT. 1 SUB A,LURIN,"ZONA A PARC. HUERTOS DE SANTA GENOVEVA AV. ANT. PANAMERICANA SUR MZ. E LT. 1 SUB A, LURIN, LIMA, PERU",,,0,,,
8518,"JR. ORBEGOSO Nº 300, ESQUINA CON JR. HUARAZ",BREÑA,"JR. ORBEGOSO 300, ESQUINA CON JR. HUARAZ, BREÑA, LIMA, PERU",,,0,,,
8519,"AV. NARANJAL INTERSECCION AV. CANTA CALLAO Y CALLE 11 MZ. P-3 LTS. 1,2 ,70 ,71 URB. LOS NARANJOS",LOS OLIVOS,"AV. NARANJAL, LOS OLIVOS, LIMA, PERU",-11.978338,-77.070216,1,highway,secondary,"Avenida Naranjal, Carlos Cueto Fernandini, Los Olivos, Lima, Lima Metropolitana, Lima, 15304, Perú"
85210,AV. LAS LOMAS MZ. Q SUB LOTE1-A - URB. ZARATE,SAN JUAN DE LURIGANCHO,"AV. LAS LOMAS, SAN JUAN DE LURIGANCHO, LIMA, PERU",-12.026436,-76.991381,3,highway,secondary,"Avenida Las Lomas, Zárate, San Juan de Lurigancho, Lima, Lima Metropolitana, Lima, 15427, Perú"
8524,AV. MARIANO PASTOR SEV. ESQ. CON LA AV. C. VALLEJO,VILLA EL SALVADOR,"AV. MARIANO PASTOR SEV. ESQ. CON LA AV. C. VALLEJO, VILLA EL SALVADOR, LIMA, PERU",,,0,,,
8538,JR.  SALAVERRY N°478-480,MAGDALENA DEL MAR,"JR. SALAVERRY 478-480, MAGDALENA DEL MAR, LIMA, PERU",,,0,,,
8539,AV. LA MARINA N° 2530,SAN MIGUEL,"AV. LA MARINA 2530, SAN MIGUEL, LIMA, PERU",-12.077612,-77.089852,1,amenity,fuel,"Repsol, 2530, Avenida La Marina, Maranga 2, San Miguel, Lima, Lima Metropolitana, Lima, 15087, Perú"
8546,AV. ARGENTINA Nº 915,LIMA,"AV. ARGENTINA 915, LIMA, LIMA, PERU",-12.046368,-77.075546,1,highway,secondary,"Avenida República de Argentina, Urbanización Industrial Wiese, Mirones, Lima, Lima Metropolitana, Lima, 07006, Perú"
85534,AV. PROCERES DE INDEPENDENCIA  2555. ESQ. CON JR. ESTRELLAS ,SAN JUAN DE LURIGANCHO,"AV. PROCERES DE INDEPENDENCIA 2555, SAN JUAN DE LURIGANCHO, LIMA, PERU",-12.007182,-77.003898,2,amenity,atm,"BCP, Avenida Próceres de la Independencia, San Juan de Lurigancho, Lima, Lima Metropolitana, Lima, 15431, Perú"
85669,"AV. MARCO DE LA PUENTE LLANOS ESQ. CON CALLE 4 MZ. ""E"" LOTE 3B, URB. BARBADILLO",ATE,"AV. MARCO DE LA PUENTE LLANOS ESQ. CON CALLE 4 MZ. E LOTE 3B, ATE, LIMA, PERU",,,0,,,
85698,AV. NICOLAS AYLLON N° 2039,ATE,"AV. NICOLAS AYLLON 2039, ATE, LIMA, PERU",-12.064047,-76.9891,1,highway,primary,"Avenida Nicolás de Ayllón, Valdiviezo, Ate, Lima, Lima Metropolitana, Lima, 15019, Perú"
8580,"CARRETERA PANAMERICANA NORTE KM. 29,5",PUENTE PIEDRA,"CARRETERA. PANAMERICANA NORTE KM. 29, PUENTE PIEDRA, LIMA, PERU",-11.870684,-77.070451,2,highway,trunk,"Carretera Panamericana Norte, Urbanización Santo Domingo, Urbanización Augusto Bedoya, Puente Piedra, Lima, Lima Metropolitana, Lima, 15118, Perú"
8583,CARRETERA PANAMERICANA SUR KM. 19.5,VILLA EL SALVADOR,"CARRETERA PANAMERICANA SUR KM. 19.5, VILLA EL SALVADOR, LIMA, PERU",-12.232171,-76.963956,1,highway,motorway,"Carretera Panamericana Sur, Villa El Salvador, Lima, Lima Metropolitana, Lima, 15842, Perú"
8586,AV. LA PAZ N° 915. ESQ. CON CALLE INCLAN,SAN MIGUEL,"AV. LA PAZ 915, SAN MIGUEL, LIMA, PERU",-12.079114,-77.094787,2,boundary,administrative,"San Miguel, Lima, Lima Metropolitana, Lima, Perú"
8590,NICOLAS AYLLON Nº 2274,CHACLACAYO,"NICOLAS AYLLON 2274, CHACLACAYO, LIMA, PERU",-11.971046,-76.753142,1,amenity,fuel,"Repsol, 2274, Avenida Nicolás Ayllón, Chaclacayo, Lima, Lima Metropolitana, Lima, 15472, Perú"
86030,"AV. 15 JULIO S/N. LOTES 10, 17 Y 18 ZONA K, PUEBLO JOVEN PROYECTO ESPECIAL HUAYCAN",ATE,"AV. 15 JULIO. LOTES 10, 17 Y 18 ZONA K, PUEBLO JOVEN PROYECTO ESPECIAL HUAYCAN, ATE, LIMA, PERU",,,0,,,
86138,"AV. TOMAS VALLE, ESQUINA AV. BETA, SECCION A-1, FUNDO GARAGAY BAJO, SECTOR B",LOS OLIVOS,"AV. TOMAS VALLE, LOS OLIVOS, LIMA, PERU",-12.007526,-77.062045,3,highway,secondary,"Avenida Tomás Valle, Los Olivos, Lima, Lima Metropolitana, Lima, 15302, Perú"
86146,"AV. NICOLAS AYLLON N° 4500, URB. LOS PORTALES DE JAVIER PRADO",ATE,"AV. NICOLAS AYLLON 4500, ATE, LIMA, PERU",-12.064047,-76.9891,1,highway,primary,"Avenida Nicolás de Ayllón, Valdiviezo, Ate, Lima, Lima Metropolitana, Lima, 15019, Perú"
86266,"AV. JAVIER PRADO ESTE N° 5411, ESQ. CON CALLE LOS ALBARICOQUES, MZ Q, LOTE 11",LA MOLINA,"AV. JAVIER PRADO ESTE 5411, LA MOLINA, LIMA, PERU",-12.072315,-76.958132,2,highway,primary,"Avenida Javier Prado Este, La Molina, Lima, Lima Metropolitana, Lima, 10051, Perú"
86284,AV. UNIVERSITARIA SUR N° 498,LIMA,"AV. UNIVERSITARIA SUR 498, LIMA, LIMA, PERU",,,0,,,
86285,"URB. SANTO DOMINGO 6TA ETAPA MZ L-2 LTS 25, 26, 27, 28, 29, 30",CARABAYLLO,"URB. SANTO DOMINGO 6TA ETAPA MZ L-2 LTS 25, 26, 27, 28, 29, 30, CARABAYLLO, LIMA, PERU",,,0,,,
86387,CARRETERA CENTRAL KM 13.650 GLORIA BAJA,ATE,"CARRETERA CENTRAL KM 13.650 GLORIA BAJA, ATE, LIMA, PERU",-12.00823,-76.859993,1,highway,trunk,"Carretera Central, San Germán, Ate, Lima, Lima Metropolitana, Lima, 15487, Perú"
8698,"AV.UNIVERSITARIA NORTE CUADRA 53, MZ. P,LOTES 1,2,3,4,39,40,41 Y 42",LOS OLIVOS,"AV.UNIVERSITARIA NORTE CUADRA 53, MZ. P,LOTES 1,2,3,4,39,40,41 Y 42, LOS OLIVOS, LIMA, PERU",,,0,,,
87014,"AV. SIMÓN BOLIVAR 496 - 498, ESQUINA JR. BELGRANO 110 - 120",PUEBLO LIBRE,"AV. SIMÓN BOLIVAR 496, PUEBLO LIBRE, LIMA, PERU",-12.071422,-77.072944,2,highway,secondary,"Avenida Simón Bolivar, Pueblo Libre, Lima, Lima Metropolitana, Lima, 15084, Perú"
87037,"AV. ANDRES AVELINO CACERES ZONA L LOTE 38, 39 Y 40 DEL PUEBLO JOVEN PROYECTO ESPECIAL HUAYCAN",ATE,"AV. ANDRES AVELINO CACERES ZONA L LOTE 38, 39 Y 40 DEL PUEBLO JOVEN PROYECTO ESPECIAL HUAYCAN, ATE, LIMA, PERU",,,0,,,
8705,"AV. MARISCAL OSCAR R. BENAVIDES N° 1623 - 1657, URB. LA TRINIDAD",LIMA,"AV. MARISCAL OSCAR R. BENAVIDES 1623 - 1657, LIMA, LIMA, PERU",-12.120924,-77.030229,1,highway,secondary,"Avenida Diagonal, Miraflores, Lima, Lima Metropolitana, Lima, 15074, Perú"
87228,AV. LOS VIRREYES MZ. B LT. 8-A EX FUNDO ZAVALETA,ATE,"AV. LOS VIRREYES, ATE, LIMA, PERU",-12.02977,-76.938781,3,highway,tertiary,"Avenida Los Virreyes, Vitarte, Ate, Lima, Lima Metropolitana, Lima, 15498, Perú"
8743,"ESQ. LAS PALMERAS Y ACASIAS MZ. H, LT-12 LOTIZACION ENSENADA",PUENTE PIEDRA,"ESQ. LAS PALMERAS Y ACASIAS MZ. H, LT-12 LOTIZACION ENSENADA, PUENTE PIEDRA, LIMA, PERU",,,0,,,
87554,AV. JAVIER PRADO ESTE Nº 3160,SAN BORJA,"AV. JAVIER PRADO ESTE 3160, SAN BORJA, LIMA, PERU",-12.087248,-76.998748,1,highway,primary,"Avenida Javier Prado Este, San Juan Macías, San Borja, Lima, Lima Metropolitana, Lima, 15041, Perú"
8771,AV. NICOLAS AYLLON  N° 405,CHACLACAYO,"AV. NICOLAS AYLLON 405, CHACLACAYO, LIMA, PERU",-11.968607,-76.747133,1,highway,trunk,"Avenida Nicolás Ayllón, Chaclacayo, Lima, Lima Metropolitana, Lima, 15472, Perú"
88039,"AV. MANCO CAPAC N° 301, 305, 311, 317, 321, 333, 335 Y 337, ESQUINA CON JR. GARCIA NARANJO N° 304, 308 Y 312",LA VICTORIA,"AV. MANCO CAPAC 301, LA VICTORIA, LIMA, PERU",-12.074263,-77.027865,2,highway,primary,"Avenida Manco Cápac, Matute, La Victoria, Lima, Lima Metropolitana, Lima, 15046, Perú"
8811,"AV. 200 MILLAS ESQ. CON AV. MICAELA BASTIDAS, MZ. C5, LOTE 12, GRUPO RESIDENCIAL 31 SECTOR 3",VILLA EL SALVADOR,"AV. 200 MILLAS ESQ. CON AV. MICAELA BASTIDAS, MZ. C5, LOTE 12, GRUPO RESIDENCIAL 31, VILLA EL SALVADOR, LIMA, PERU",,,0,,,
8820,AV. DE LOS HEROES N° 1187 - 1189,SAN JUAN DE MIRAFLORES,"AV. DE LOS HEROES 1187 - 1189, SAN JUAN DE MIRAFLORES, LIMA, PERU",-12.153349,-76.972579,1,amenity,pharmacy,"Boticas Peru, Avenida Los Héroes, Ciudad de Dios, San Juan de Miraflores, Lima, Lima Metropolitana, Lima, 15801, Perú"
88228,"AV. PASTOR SEVILLA MZ..B-1 LT. 01 PP.JJ. EDILBERTO RAMOS, GRUPO RESIDENCIAL 3",VILLA EL SALVADOR,"AV. PASTOR SEVILLA, VILLA EL SALVADOR, LIMA, PERU",-12.210626,-76.950339,3,highway,bus_stop,"Arriba Perú, Avenida Mariano Pastor Sevilla, Villa El Salvador, Lima, Lima Metropolitana, Lima, 15829, Perú"
88439,"AV. ALFREDO MENDIOLA N° 6583  6585- 6589  6593  6597  6599, DE LOS LOTES 16 Y 17, MZ. 2E, PARCELACIÓN RESIDENCIAL SANTA LUISA II ETAPA",LOS OLIVOS,"AV. ALFREDO MENDIOLA 6583, LOS OLIVOS, LIMA, PERU",-11.990647,-77.064418,2,highway,secondary,"Avenida Alfredo Mendiola, Urbanización Panamericana Norte, Los Olivos, Lima, Lima Metropolitana, Lima, 15311, Perú"
88618,"AV. GERARDO UNGER Nº 4885, URB NARANJAL",INDEPENDENCIA,"AV. GERARDO UNGER 4885, URB NARANJAL, INDEPENDENCIA, LIMA, PERU",-11.986327,-77.058173,1,highway,tertiary,"Avenida Gerardo Unger, Urbanización El Naranjal, Tahuantinsuyo, Independencia, Lima, Lima Metropolitana, Lima, 15311, Perú"
8887,AV. REPUBLICA DE PANAMA N° 4361 - 4395,SURQUILLO,"AV. REPUBLICA DE PANAMA 4361 - 4395, SURQUILLO, LIMA, PERU",-12.10368,-77.01862,1,highway,primary,"Avenida República de Panamá, El Aeropuerto, Surquillo, Lima, Lima Metropolitana, Lima, 15000, Perú"
89061,AV. UNIVERSITARIA ESQ. CON CALLE NN1,PUEBLO LIBRE,"AV. UNIVERSITARIA ESQ. CON CALLE NN1, PUEBLO LIBRE, LIMA, PERU",,,0,,,
89213,"AV. MIGUEL GRAU, SUB LOTE 28-B, URB. SANTA CLARA",ATE,"AV. MIGUEL GRAU, ATE, LIMA, PERU",-12.060772,-76.992833,3,highway,residential,"Avenida Miguel Grau, Valdiviezo, Ate, Lima, Lima Metropolitana, Lima, 15019, Perú"
8941,AV. JAIME BAUZATE Y MEZA Nº 801 - 825,LA VICTORIA,"AV. JAIME BAUZATE, LA VICTORIA, LIMA, PERU",-12.063138,-77.018286,3,highway,secondary,"Avenida Jaime Bausate y Meza, Urbanización El Porvenir, La Victoria, Lima, Lima Metropolitana, Lima, 15011, Perú"
89579,"AV. LOS PROCERES N° 655 MZ. 2866 LOTE 01, URBANIZACION MONTE SAN LORENZO",SANTIAGO DE SURCO,"AV. LOS PROCERES 655, SANTIAGO DE SURCO, LIMA, PERU",-12.157781,-76.989056,2,highway,secondary,"Avenida Los Próceres, Urb. Residencial Telefónica del Perú, Santiago de Surco, Lima, Lima Metropolitana, Lima, 15056, Perú"
8958,AV. ELMER FAUCETT N° 5395,CALLAO,"AV. ELMER FAUCETT 5395, CALLAO, LIMA, PERU",-12.06248,-77.097245,1,highway,primary,"Avenida Elmer Faucett, Bellavista, Callao, Lima Metropolitana, Callao, 06011, Perú"
8963,"AV. LOS PROCERES MZ. W, LOTE 9 CAMPOY",SAN JUAN DE LURIGANCHO,"AV. LOS PROCERES, SAN JUAN DE LURIGANCHO, LIMA, PERU",-12.015671,-76.964519,3,highway,secondary,"Avenida Los Próceres, Campoy, San Juan de Lurigancho, Lima, Lima Metropolitana, Lima, 15457, Perú"
8987,AV. TUPAC AMARU N° 6224 (ANTES 3242),COMAS,"AV. TUPAC AMARU 6224, COMAS, LIMA, PERU",-11.923044,-77.042495,1,highway,tertiary,"Avenida Túpac Amaru, Villa Oropeza, Año Nuevo, Comas, Lima, Lima Metropolitana, Lima, 15326, Perú"
9012,AV. GUILLERMO PRESCOTT Nº 202 ESQ. CALLE BARCELONA,SAN ISIDRO,"AV. GUILLERMO PRESCOTT 202, SAN ISIDRO, LIMA, PERU",-12.086068,-77.048476,2,highway,secondary,"Avenida Guillermo Prescott, San Isidro, Lima, Lima Metropolitana, Lima, 15976, Perú"
9021,AV. CIRCUNVALACION Nº 1386,LA VICTORIA,"AV. CIRCUNVALACION 1386, LA VICTORIA, LIMA, PERU",-12.064531,-76.999557,1,place,house,"1386, Avenida Circunvalación, La Victoria, Lima, Lima Metropolitana, Lima, 15019, Perú"
90316,"AV. TANTAMAYO CRUCE CON CALLE LLATA, MZ A, LT. 22 Y 23  URB. SOL DE NARANJAL",SAN MARTIN DE PORRES,"AV. TANTAMAYO CRUCE CON CALLE LLATA, MZ A, LT. 22 Y 23, SAN MARTIN DE PORRES, LIMA, PERU",,,0,,,
9039,"MZ. A, LOTE 26, ASOCIACION DE VIVIENDA OJIHUA INTERSECCION DE LA AV. LOS OLIVOS (EX SANTA ROSA) CON LA AUTOPISTA CANTA CALLAO",SAN MARTIN DE PORRES,"MZ. A, LOTE 26, SAN MARTIN DE PORRES, LIMA, PERU",,,0,,,
9049,"AV. REVOLUCIÓN ESQ AV. TALARA SECTOR 3 GRUPO 12 MZ. N LOTES 2, 3, 4 Y 5",VILLA EL SALVADOR,"AV. REVOLUCIÓN ESQ AV. TALARA, VILLA EL SALVADOR, LIMA, PERU",,,0,,,
90685,"AV. INDUSTRIAL N° 3491, ESQUINA CON AV. EL PACIFICO",INDEPENDENCIA,"AV. INDUSTRIAL 3491, INDEPENDENCIA, LIMA, PERU",-11.996652,-77.058489,2,highway,secondary,"Avenida Industrial, Urbanización Mesa Redonda, El Ermitaño, Independencia, Lima, Lima Metropolitana, Lima, 15311, Perú"
9080,AV. ARENALES Nº 1700,LINCE,"AV. ARENALES 1700, LINCE, LIMA, PERU",-12.080369,-77.036236,1,highway,secondary,"Avenida Álvarez de Arenales, Lince, Lima, Lima Metropolitana, Lima, 15046, Perú"
9087,AV. SUCRE N° 1070,PUEBLO LIBRE,"AV. SUCRE 1070, PUEBLO LIBRE, LIMA, PERU",-12.081919,-77.066619,1,place,house,"1070, Avenida Antonio José de Sucre, Pueblo Libre, Lima, Lima Metropolitana, Lima, 15084, Perú"
90893,"AV. PACHACUTEC, MZ. B, LOTE 1, INTERSECCION CON CALLE 6",VILLA EL SALVADOR,"AV. PACHACUTEC, VILLA EL SALVADOR, LIMA, PERU",-12.199327,-76.932692,3,highway,residential,"Avenida Pachacútec, Villa El Salvador, Lima, Lima Metropolitana, Lima, 15818, Perú"
9113,AV. JAVIER PRADO OESTE N° 1895 ESQUINA CALLE LOS CASTAÑOS,SAN ISIDRO,"AV. JAVIER PRADO OESTE 1895, SAN ISIDRO, LIMA, PERU",-12.094883,-77.052636,2,highway,primary,"Avenida Javier Prado Oeste, San Felipe, Orrantia del Mar, San Isidro, Lima, Lima Metropolitana, Lima, 15076, Perú"
9128,AV. SAN PABLO N° 651 ESQ. CON CALLE PEDRO DE LA GASCA,LA VICTORIA,"AV. SAN PABLO 651, LA VICTORIA, LIMA, PERU",-12.068273,-77.009279,2,highway,tertiary,"Avenida San Pablo, San Pablo, La Victoria, Lima, Lima Metropolitana, Lima, 15018, Perú"
91594,AV. ELMER FAUCETT 735-739,CALLAO,"AV. ELMER FAUCETT 735-739, CALLAO, LIMA, PERU",-12.062458,-77.097096,1,highway,primary,"Avenida Elmer Faucett, Condominio Nuevavista, Bellavista, Callao, Lima Metropolitana, Callao, 06011, Perú"
91891,"AV. 5 DE AGOSTO (ANTES AV. LAS TORRES), MZ. B, LOTES 3 Y 4, ASOCIACION CASA HUERTA 1ERO. DE MAYO",LURIGANCHO,"AV. 5 DE AGOSTO, LURIGANCHO, LIMA, PERU",-11.983815,-76.93955,3,highway,primary,"Avenida 5 de Agosto, San Antonio, Lurigancho, Lima, Lima Metropolitana, Lima, 15457, Perú"
9192,AV. NESTOR GAMBETA KM. 18.26 (ANTES CARRETERA VENTANILLA KM. 5.9),VENTANILLA,"AV. NESTOR GAMBETA KM. 18.26, VENTANILLA, LIMA, PERU",,,0,,,
9198,AV.UNIVERSITARIA INTERSECCION CON AV. ISABEL CHIMPU OCLLO,CARABAYLLO,"AV.UNIVERSITARIA, CARABAYLLO, LIMA, PERU",-11.894753,-77.036998,1,highway,primary,"Avenida Universitaria, Carabayllo, Lima, Lima Metropolitana, Lima, 15316, Perú"
9199,"AV. CONDORCANQUI MZ. R, LOTE 19, URB. SANTO DOMINGO 1RA ETAPA",CARABAYLLO,"AV. CONDORCANQUI, CARABAYLLO, LIMA, PERU",-11.879998,-77.031919,3,highway,secondary,"Avenida Mariano Condorcanqui, Santo Domingo, Carabayllo, Lima, Lima Metropolitana, Lima, 15318, Perú"
9203,"AV. REVOLUCION NRO. 1825, ESQ. JR. ICA, AA.HH. COLLIQUE",COMAS,"AV. REVOLUCION 1825, ESQ. JR. ICA, COMAS, LIMA, PERU",-11.916131,-77.040841,1,highway,primary,"Avenida Revolución, Año Nuevo, Comas, Lima, Lima Metropolitana, Lima, 15313, Perú"
92130,AV. MANCO CAPAC N° 1189 Y JR. FRANCIA N° 423,LA VICTORIA,"AV. MANCO CAPAC 1189, LA VICTORIA, LIMA, PERU",-12.074263,-77.027865,2,highway,primary,"Avenida Manco Cápac, Matute, La Victoria, Lima, Lima Metropolitana, Lima, 15046, Perú"
9220,AV. ANDRÉS ARAMBURÚ N° 904 - 908,SURQUILLO,"AV. ANDRÉS ARAMBURÚ 904 - 908, SURQUILLO, LIMA, PERU",-12.102608,-77.024493,1,highway,secondary,"Avenida Andrés Aramburú, Vict. de Emp. de Min. Viv., Surquillo, Lima, Lima Metropolitana, Lima, 15000, Perú"
92272,"AV. MEXICO N° 380-390, ESQUINA CON JR. LOS JACINTOS ",LA VICTORIA,"AV. MEXICO 380, LA VICTORIA, LIMA, PERU",-12.076984,-77.028834,2,highway,primary,"Avenida México, Santa Beatriz, Lima, Lima Metropolitana, Lima, 15046, Perú"
9247,"AV. BENAVIDES Y CAMINOS DEL INCA N° 2009 Y 2017, URB. LAS GARDENIAS, 3RA ETAPA",SANTIAGO DE SURCO,"AV. BENAVIDES, SANTIAGO DE SURCO, LIMA, PERU",-12.130838,-76.978773,3,highway,primary,"Avenida Alfredo Benavides, San Ignacio de Monterrico, Santiago de Surco, Lima, Lima Metropolitana, Lima, 10853, Perú"
9288,"AV. LAS TORRES MZ. K LOTE 6, ASOC. DIGNIDAD NACIONAL - HUACHIPA",LURIGANCHO,"AV. LAS TORRES, LURIGANCHO, LIMA, PERU",-12.014101,-76.900994,3,highway,trunk,"Avenida Las Torres, Lurigancho, Lima, Lima Metropolitana, Lima, 15487, Perú"
93140,AV. SEPARADORA INDUSTRIAL ESQUINA CON CALLE C1 AGRUPAMIENTO PACHACAMAC MZ. B1 PARCELA 3C GRUPO B LOTE 25,VILLA EL SALVADOR,"AV. SEPARADORA INDUSTRIAL ESQUINA CON CALLE C1, VILLA EL SALVADOR, LIMA, PERU",,,0,,,
93239,"LOTE 4, MZ. D6, AV ALFREDO MENDIOLA N° 8050 - URB PRO SEXTO SECTOR",SAN MARTIN DE PORRES,"AV. ALFREDO MENDIOLA 8050, SAN MARTIN DE PORRES, LIMA, PERU",-12.024272,-77.058568,2,highway,secondary,"Avenida Alfredo Mendiola, Palao, San Martín de Porres, Lima, Lima Metropolitana, Lima, 15102, Perú"
9329,"AV. ALAMEDA SUR  ESQUINA CON CALLE LOS KEROS  MZ. Q LOTE 11, URB. SAN JUAN BAUTISTA DE VILLA",CHORRILLOS,"AV. ALAMEDA SUR ESQUINA CON CALLE LOS KEROS MZ. Q LOTE 11, CHORRILLOS, LIMA, PERU",,,0,,,
93384,"AV. EL SOL MZ. J-1, LT. 04, URB. LAS VERTIENTES",VILLA EL SALVADOR,"AV. EL SOL MZ. J-1, LT. 04, VILLA EL SALVADOR, LIMA, PERU",-12.216894,-76.94915,1,boundary,administrative,"Villa El Salvador, Lima, Lima Metropolitana, Lima, Perú"
9343,AV. VILLA MARIA Nº 1400,VILLA MARIA DEL TRIUNFO,"AV. VILLA MARIA 1400, VILLA MARIA DEL TRIUNFO, LIMA, PERU",-12.154385,-76.932806,1,highway,residential,"Avenida Villa María, El Paraíso, Villa María del Triunfo, Lima, Lima Metropolitana, Lima, 15088, Perú"
9355,AV. GENERAL  PEZET N° 1301,SAN ISIDRO,"AV. GENERAL PEZET, SAN ISIDRO, LIMA, PERU",-12.100548,-77.058918,3,highway,tertiary,"Avenida General Juan Antonio Pezet, Country Club, Orrantia del Mar, San Isidro, Lima, Lima Metropolitana, Lima, 15076, Perú"
9356,AV. JOSE RIVA AGUERO N°  411,EL AGUSTINO,"AV. JOSE RIVA AGUERO 411, EL AGUSTINO, LIMA, PERU",-12.050342,-77.002364,1,amenity,school,"Institución Educativa Nuevo Peru, Avenida José de la Riva Aguero, Ancieta Alta, El Agustino, Lima, Lima Metropolitana, Lima, 15006, Perú"
9364,AV. LA MOLINA N° 2421,LA MOLINA,"AV. LA MOLINA 2421, LA MOLINA, LIMA, PERU",-12.08616,-76.897529,1,highway,primary,"Avenida La Molina, El Sol de la Molina, La Molina, Lima, Lima Metropolitana, Lima, 15593, Perú"
9372,"PANAMERICANA NORTE KM. 44, URB. SAN JOSE, MZ. N LOTE 3",ANCON,"PANAMERICANA NORTE KM. 44, ANCON, LIMA, PERU",-11.783148,-77.156402,1,highway,trunk,"Carretera Panamericana Norte, Santa Rosa, Lima, Lima Metropolitana, Lima, 15123, Perú"
9423,AV. MARISCAL CASTILLA N° 905,SANTIAGO DE SURCO,"AV. MARISCAL CASTILLA 905, SANTIAGO DE SURCO, LIMA, PERU",-12.13632,-77.005332,1,highway,secondary,"Avenida Mariscal Ramón Castilla, La Capullana, Surco Viejo, Santiago de Surco, Lima, Lima Metropolitana, Lima, 15049, Perú"
9424,AV. TUPAC AMARU 10200  10202 (ALT. 18.5 KM. AV. TUPAC AMARU),CARABAYLLO,"AV. TUPAC AMARU 10200 - 10202, CARABAYLLO, LIMA, PERU",-11.81157,-76.989322,1,highway,trunk,"Avenida Túpac Amaru, Punchauca, Caballero, El Rosario, Carabayllo, Lima, Lima Metropolitana, Lima, Perú"
9426,"SECTOR 03, GRUPO 19, MZ. M, LOTES. 1, 2, 3 Y 24",VILLA EL SALVADOR,"SECTOR 03, GRUPO 19, MZ. M, LOTES. 1, 2, 3 Y 24, VILLA EL SALVADOR, LIMA, PERU",,,0,,,
9429,AV. TUPAC AMARU ESQ. CON AV. METROPOLITANA,COMAS,"AV. TUPAC AMARU ESQ. CON AV. METROPOLITANA, COMAS, LIMA, PERU",,,0,,,
9432,CARRETERA PANAMERICANA NORTE KM. 33.5,PUENTE PIEDRA,"CARRETERA PANAMERICANA NORTE KM. 33.5, PUENTE PIEDRA, LIMA, PERU",-11.864573,-77.074839,1,highway,trunk,"Carretera Panamericana Norte, Urbanización Santo Domingo, Urbanización Augusto Bedoya, Puente Piedra, Lima, Lima Metropolitana, Lima, 15118, Perú"
94336,"AV. REVOLUCION CON AV. MARIA PARADO DE BELLIDO MZ. M, LOTES 34 Y 35 AA.HH. COLLIQUE V ZONA",COMAS,"AV. REVOLUCION CON AV. MARIA PARADO DE BELLIDO MZ. M, LOTES 34 Y 35, COMAS, LIMA, PERU",,,0,,,
9440,AV. METROPOLITANA N° 1905,COMAS,"AV. METROPOLITANA 1905, COMAS, LIMA, PERU",-11.93766,-77.06791,1,highway,secondary,"Avenida Gerardo Unger, Alameda Algarrobos, Comas, Lima, Lima Metropolitana, Lima, 15314, Perú"
94476,CARRETERA PANAMERICANA SUR KM. 56.80,PUCUSANA,"CARRETERA. PANAMERICANA SUR KM. 56, PUCUSANA, LIMA, PERU",-12.431179,-76.753168,2,highway,motorway,"Carretera Panamericana Sur, Margarita Navarro de Chauca, Lomas de Marchán, Pucusana, Lima, Lima Metropolitana, Lima, 15956, Perú"
9462,AV. NICOLAS AYLLÓN N° 2162,ATE,"AV. NICOLAS AYLLÓN 2162, ATE, LIMA, PERU",-12.064047,-76.9891,1,highway,primary,"Avenida Nicolás de Ayllón, Valdiviezo, Ate, Lima, Lima Metropolitana, Lima, 15019, Perú"
9464,"AV. CANADA N 1189 - 1191, ESQ. CON CALLE VICTOR ALZAMORA",LA VICTORIA,"AV. CANADA N 1189, LA VICTORIA, LIMA, PERU",-12.081465,-77.02245,2,highway,secondary,"Avenida Canadá, Urbanización Balconcillo, La Victoria, Lima, Lima Metropolitana, Lima, 15034, Perú"
9466,AV. HEROES DEL ALTO CENEPA (ANTES AUTOPISTA CHILLON TRAPICHE) LOTE 57 EX FUNDO CHACRA CERRO,COMAS,"AV. HEROES DEL ALTO CENEPA LOTE 57 EX, COMAS, LIMA, PERU",,,0,,,
94684,AV. ARICA N° 580 - 590 ESQ. CON JR. JORGE CHAVEZ ,BREÑA,"AV. ARICA 580, BREÑA, LIMA, PERU",-12.059575,-77.043606,2,highway,primary,"Avenida Arica, José Pablo, Chacra Colorada, Breña, Lima, Lima Metropolitana, Lima, 15083, Perú"
9473,AV. AREQUIPA 5080  ESQ. CON ENRIQUE PALACIOS,MIRAFLORES,"AV. AREQUIPA 5080, MIRAFLORES, LIMA, PERU",-12.106116,-77.031065,2,highway,secondary,"Avenida Arequipa, Barboncito, Miraflores, Lima, Lima Metropolitana, Lima, 15073, Perú"
9477,"AV. EL SOL S/N, ENTRE LOS NOGALES Y LOS LAURELES, MZ. A LT.4. AA.HH. TACALA",CHORRILLOS,"AV. EL SOL, CHORRILLOS, LIMA, PERU",-12.182571,-77.013658,3,highway,tertiary,"Avenida El Sol, Chorrillos, Lima, Lima Metropolitana, Lima, 15066, Perú"
9479,ANTIGUA PANAM.SUR KM.36.100 EX FUNDO SAN VICENTE,LURIN,"ANTIGUA PANAM.SUR KM.36.100 EX, LURIN, LIMA, PERU",,,0,,,
9484,"AV. MANCO CAPAC N° 993, ESQUINA CON AV. ISABEL LA CATOLICA",LA VICTORIA,"AV. MANCO CAPAC 993, LA VICTORIA, LIMA, PERU",-12.074263,-77.027865,2,highway,primary,"Avenida Manco Cápac, Matute, La Victoria, Lima, Lima Metropolitana, Lima, 15046, Perú"
9488,"AV. BOLOGNESI CUADRA 8, ESQ. CON CALLE TIRAVANTI",BARRANCO,"AV. BOLOGNESI CUADRA 8, BARRANCO, LIMA, PERU",-12.147118,-77.019762,2,highway,primary,"Avenida Coronel Fransisco Bolognesi, Barranco, Lima, Lima Metropolitana, Lima, 15063, Perú"
95023,"AV. HUAYNA CAPAC ESQUINA CON CALLE SECHIN, MZ. B8, LOTES 1, 2, 3, 8 Y 9; GRUPO RESIDENCIAL B3, SECTOR B, PROYECTO PILOTO NUEVO PACHACÚTEC",VENTANILLA,"AV. HUAYNA CAPAC ESQUINA CON CALLE SECHIN, MZ. B8, LOTES 1, 2, 3, 8 Y 9; GRUPO RESIDENCIAL B3, VENTANILLA, LIMA, PERU",,,0,,,
9507,"AV. ROOSEVELT N° 6471, 6475, 6479, 6481, 6483, 6485, 6489, 6491 Y AV. 28 DE JULIO N° 1541",MIRAFLORES,"AV. ROOSEVELT 6471, MIRAFLORES, LIMA, PERU",-12.122388,-77.018209,2,highway,primary,"Avenida Roosevelt, El Rosedal, Miraflores, Lima, Lima Metropolitana, Lima, 15048, Perú"
9510,"AV. EL SOL N° 278, MZ. K1 LOTE 8 PRIMER HOGAR POLICIAL ZONA 1",VILLA MARIA DEL TRIUNFO,"AV. EL SOL 278, VILLA MARIA DEL TRIUNFO, LIMA, PERU",-12.176644,-76.918968,2,boundary,administrative,"Villa María del Triunfo, Lima, Lima Metropolitana, Lima, Perú"
9511,"AV. LOS PROCERES MZ. A LOTES 39,40. AA.HH. LOS JAZMINES",LOS OLIVOS,"AV. LOS PROCERES, LOS OLIVOS, LIMA, PERU",-11.980698,-77.084947,3,highway,secondary,"Avenida Los Próceres de Huandoy, Rosario del Norte, Los Olivos, Lima, Lima Metropolitana, Lima, 15109, Perú"
9512,"AV. CANTA CALLAO MZ.G LT.4, URB. LOS HUERTOS DEL NARANJAL",SAN MARTIN DE PORRES,"AV. CANTA CALLAO, SAN MARTIN DE PORRES, LIMA, PERU",-11.984776,-77.100044,3,highway,secondary,"Avenida Canta Callao, Santa Rosa, San Martín de Porres, Lima, Lima Metropolitana, Lima, 15109, Perú"
9513,"AV. HEROES DEL ALTO CENEPA N° 697, LOTIZACIÓN FUNDO CHACRA CERRO",COMAS,"AV. HEROES DEL ALTO CENEPA 697, LOTIZACIÓN, COMAS, LIMA, PERU",,,0,,,
9514,AV. BENAVIDES 4295 - URB. HIGUERETA,SANTIAGO DE SURCO,"AV. BENAVIDES 4295, SANTIAGO DE SURCO, LIMA, PERU",-12.130841,-76.979188,1,highway,primary,"Avenida Alfredo Benavides, San Ignacio de Monterrico, Santiago de Surco, Lima, Lima Metropolitana, Lima, 10853, Perú"
9515,AV. NACIONES UNIDAS 1222 MZ. K URB. SAN RAFAEL,LIMA,"AV. NACIONES UNIDAS 1222, LIMA, LIMA, PERU",-12.05096,-77.060405,2,highway,secondary,"Avenida Naciones Unidas, Chacra Ríos Norte, Mirones, Lima, Lima Metropolitana, Lima, 15082, Perú"
9516,AV. BERTELLO MZ. U LT. 14 URB. ALBINO HERRERA,CALLAO,"AV. BERTELLO, CALLAO, LIMA, PERU",-11.996718,-77.112619,3,highway,primary,"Avenida Paseo Japón, San Remo, San Martín de Porres, Lima, Lima Metropolitana, Lima, 15112, Perú"
9518,AV. 28 DE JULIO N° 2200,LA VICTORIA,"AV. 28 DE JULIO 2200, LA VICTORIA, LIMA, PERU",-12.063588,-77.032975,1,highway,secondary,"Avenida 28 de Julio, La Victoria, Lima, Lima Metropolitana, Lima, 15001, Perú"
9519,CARRETERA PANAMERICANA NORTE KM. 36.5,PUENTE PIEDRA,"CARRETERA PANAMERICANA NORTE KM. 36.5, PUENTE PIEDRA, LIMA, PERU",-11.888577,-77.068437,1,highway,trunk,"Avenida Panamericana Norte, Puente Piedra, Lima, Lima Metropolitana, Lima, 15117, Perú"
9520,AV. OSCAR R. BENAVIDES N° 930,LIMA,"AV. OSCAR R. BENAVIDES 930, LIMA, LIMA, PERU",-11.874112,-77.013277,1,highway,residential,"Jirón Mariscal R. Benavides Este, AH El Paraiso, El Progreso, Carabayllo, Lima, Lima Metropolitana, Lima, 15321, Perú"
9521,"AV. NICOLAS AYLLON S/N KM 2.8, ESQ. CON TOMAS ALVA EDISON ",ATE,"AV. NICOLAS AYLLON KM 2, ATE, LIMA, PERU",-12.064047,-76.9891,2,highway,primary,"Avenida Nicolás de Ayllón, Valdiviezo, Ate, Lima, Lima Metropolitana, Lima, 15019, Perú"
9524,URB. PROLIMA III ETAPA MZ. H LT. 31  PANAMERICANA NORTE,LOS OLIVOS,"PANAMERICANA. NORTE, LOS OLIVOS, LIMA, PERU",-11.992628,-77.065321,3,place,neighbourhood,"Urbanización Panamericana Norte, Los Olivos, Lima, Lima Metropolitana, Lima, 15311, Perú"
9525,"AV. ARGENTINA N° 498, URB. CHACARITAS",CALLAO,"AV. ARGENTINA 498, CALLAO, LIMA, PERU",-12.047159,-77.084485,1,highway,secondary,"Avenida República de Argentina, Villa Señor De Los Milagros, Carmen de la Legua Reynoso, Carmen de La Legua-Reynoso, Callao, Lima Metropolitana, Callao, 07006, Perú"
9526,AV. LA MARINA N° 3112  URB. MARANGA CUARTA ETAPA,SAN MIGUEL,"AV. LA MARINA 3112, SAN MIGUEL, LIMA, PERU",-12.075696,-77.096113,1,highway,residential,"Avenida La Marina, Maranga 2, San Miguel, Lima, Lima Metropolitana, Lima, 15087, Perú"
9527,AV. LA MARINA NO. 892,PUEBLO LIBRE,"AV. LA MARINA NO. 892, PUEBLO LIBRE, LIMA, PERU",-12.078367,-77.080107,1,highway,primary,"Avenida de La Marina, Pueblo Libre, Lima, Lima Metropolitana, Lima, 15032, Perú"
9529,"AV. EL SOL Nº 101, CANTO GRANDE",SAN JUAN DE LURIGANCHO,"AV. EL SOL 101, CANTO GRANDE, SAN JUAN DE LURIGANCHO, LIMA, PERU",-11.941806,-76.981841,1,highway,residential,"Canto Grande, Cruz de Motupe, San Juan de Lurigancho, Lima, Lima Metropolitana, Lima, 15423, Perú"
9530,ANTIGUA CARRETERA PANAMERICANA SUR KM 51.8,SAN BARTOLO,"CARRETERA. PANAMERICANA SUR KM 51, SAN BARTOLO, LIMA, PERU",-12.386633,-76.768632,2,highway,motorway,"Carretera Panamericana Sur, San Bartolo, Lima, Lima Metropolitana, Lima, 15856, Perú"
9531,AV. CORONEL NESTOR GAMBETTA N° 10548,CALLAO,"AV. CORONEL NESTOR GAMBETTA 10548, CALLAO, LIMA, PERU",-11.840754,-77.11409,1,highway,trunk,"Avenida Coronel Nestor Gambetta, Zapallal, Puente Piedra, Lima, Lima Metropolitana, Lima, 07056, Perú"
9535,"AV. ALMIRANTE GRAU N° 1300, ESQUINA CON LA CALLE VIGIL N° 335-355 (AV. BUENOS AIRES, ESQUINA CON LA CALLE VIGIL)",BELLAVISTA,"AV. ALMIRANTE GRAU 1300, BELLAVISTA, LIMA, PERU",-12.060161,-77.129657,2,highway,secondary,"Avenida Buenos Aires, Bellavista, Callao, Lima Metropolitana, Callao, 07001, Perú"
95355,"AV. ELMER FAUCETT Nº 5482 (ANTES AV. ELMER FAUCETT MZ.A LOTES 1, 13 Y 14 SUBLOTE M-1 LOTIZACION INDUSTRIAL POCHA REGALADO-EX FUNDO TABOADA)",CALLAO,"AV. ELMER FAUCETT 5482, CALLAO, LIMA, PERU",-12.062458,-77.097096,1,highway,primary,"Avenida Elmer Faucett, Condominio Nuevavista, Bellavista, Callao, Lima Metropolitana, Callao, 06011, Perú"
9536,"CALLE DOMINGO ANGULO N° 131, EX. ALAMEDA DE LOS BOBOS, LT. 01 MZ. B, ESQUINA LA HUERTA",RIMAC,"CALLE DOMINGO ANGULO 131, EX. ALAMEDA DE LOS BOBOS, LT. 01 MZ. B, ESQUINA LA HUERTA, RIMAC, LIMA, PERU",,,0,,,
9537,AV. PETIT THOUARS N° 3929,SAN ISIDRO,"AV. PETIT THOUARS 3929, SAN ISIDRO, LIMA, PERU",-12.091464,-77.032335,1,highway,secondary,"Avenida Petit Thouars, San Isidro, Lima, Lima Metropolitana, Lima, 15494, Perú"
9539,AV. BENAVIDES N° 2116,MIRAFLORES,"AV. BENAVIDES 2116, MIRAFLORES, LIMA, PERU",-12.120924,-77.030229,1,highway,secondary,"Avenida Diagonal, Miraflores, Lima, Lima Metropolitana, Lima, 15074, Perú"
9542,"AV. LA MARINA N° 405-407 ESQ. CON CALLE ALEJANDRO MAGNO, URB. BENJAMIN DOIG LOSSIO",LA PERLA,"AV. LA MARINA 405, LA PERLA, LIMA, PERU",-12.071472,-77.107401,2,highway,secondary,"Avenida de La Marina, La Perla, Callao, Lima Metropolitana, Callao, 07011, Perú"
95430,"AV. LA MARINA Nº 787, ESQUINA CON JR. MARISCAL CASTILLA Nº 1650",PUEBLO LIBRE,"AV. LA MARINA 787, PUEBLO LIBRE, LIMA, PERU",-12.085202,-77.064383,2,highway,primary,"Avenida de La Marina, Pueblo Libre, Lima, Lima Metropolitana, Lima, 15084, Perú"
95643,AV. PERIURBANA Nº 1007 (PREDIO RURAL ZAPALLAL ALTO - EL DORADO),PUENTE PIEDRA,"AV. PERIURBANA 1007, PUENTE PIEDRA, LIMA, PERU",,,0,,,
95671,AV. UNIVERSITARIA KM.14 MZ. A1 LOTE 23 COOPERATIVA PRIMAVERA,COMAS,"AV. UNIVERSITARIA, COMAS, LIMA, PERU",-11.937545,-77.057914,3,highway,primary,"Avenida Universitaria, Santa Luzmila, Comas, Lima, Lima Metropolitana, Lima, 15314, Perú"
9572,"AV. LOS PROCERES DE LA INDEPENDENCIA N° 2901,MZ. I LT. 10",SAN JUAN DE LURIGANCHO,"AV. LOS PROCERES DE LA INDEPENDENCIA 2901,MZ. I LT. 10, SAN JUAN DE LURIGANCHO, LIMA, PERU",-11.987172,-77.007545,1,amenity,bank,"BCP, Avenida Próceres de la Independencia, Los Ángeles, San Juan de Lurigancho, Lima, Lima Metropolitana, Lima, 15419, Perú"
9573,AV. REPUBLICA DE PANAMA N° 6901-A ESQ. CON AV. MARISCAL CASTILLA,SANTIAGO DE SURCO,"AV. REPUBLICA DE PANAMA 6901, SANTIAGO DE SURCO, LIMA, PERU",-12.13464,-77.017859,2,highway,primary,"Avenida República de Panamá, Las Lilas, Santiago de Surco, Lima, Lima Metropolitana, Lima, 15049, Perú"
95739,"AV. ALFREDO MENDIOLA N° 6810, ESQ. CON AV. SAN MIGUEL Y CALLE SAN LUIS",SAN MARTIN DE PORRES,"AV. ALFREDO MENDIOLA 6810, SAN MARTIN DE PORRES, LIMA, PERU",-12.029872,-77.057056,2,highway,secondary,"Avenida Alfredo Mendiola, Zarumilla Derecha, Urbanización Ingeniería, San Martín de Porres, Lima, Lima Metropolitana, Lima, 15102, Perú"
9575,"JR. TARATA MZ. 1, LOTE 1, URB. LA PERLA",LA PERLA,"JR. TARATA MZ. 1, LOTE 1, LA PERLA, LIMA, PERU",,,0,,,
9576,AV. ARGENTINA N° 333 Y JR. HUASCAR N° 102 URB. CHACARITAS,CALLAO,"AV. ARGENTINA 333, CALLAO, LIMA, PERU",-12.047159,-77.084485,2,highway,secondary,"Avenida República de Argentina, Villa Señor De Los Milagros, Carmen de la Legua Reynoso, Carmen de La Legua-Reynoso, Callao, Lima Metropolitana, Callao, 07006, Perú"
9577,AV. LA MOLINA N° 1310 (EX AV. LA UNIVERSIDAD N° 210) ,LA MOLINA,"AV. LA MOLINA 1310, LA MOLINA, LIMA, PERU",-12.08616,-76.897529,1,highway,primary,"Avenida La Molina, El Sol de la Molina, La Molina, Lima, Lima Metropolitana, Lima, 15593, Perú"
9582,AV. LOS DOMINICOS. MZ. 63 LOTES 9 Y 10. URB. PREVI,CALLAO,"AV. LOS DOMINICOS. MZ. 63, CALLAO, LIMA, PERU",-12.004338,-77.099319,2,highway,residential,"Avenida Los Dominicos, Los Nardos, Callao, San Martín de Porres, Lima, Lima Metropolitana, Lima, 15108, Perú"
9583,CARRETERA PANAMERICANA SUR KM 23.5,VILLA EL SALVADOR,"CARRETERA PANAMERICANA SUR KM 23.5, VILLA EL SALVADOR, LIMA, PERU",-12.22031,-76.976399,1,highway,motorway,"Carretera Panamericana Sur, Villa El Salvador, Lima, Lima Metropolitana, Lima, 15829, Perú"
9584,AV. AVIACION N° 3401,SAN BORJA,"AV. AVIACION 3401, SAN BORJA, LIMA, PERU",-12.096635,-77.00227,1,highway,primary,"Avenida Aviación, San Borja, Lima, Lima Metropolitana, Lima, 15041, Perú"
9588,AV. ARGENTINA N° 4247,CALLAO,"AV. ARGENTINA 4247, CALLAO, LIMA, PERU",-12.047159,-77.084485,1,highway,secondary,"Avenida República de Argentina, Villa Señor De Los Milagros, Carmen de la Legua Reynoso, Carmen de La Legua-Reynoso, Callao, Lima Metropolitana, Callao, 07006, Perú"
9592,AV. VENEZUELA CUADRA 17 CON AV. ARICA CUADRA 15,BREÑA,"AV. VENEZUELA CUADRA 17 CON AV. ARICA CUADRA 15, BREÑA, LIMA, PERU",,,0,,,
9593,AV. PRÓCERES DE LA INDEPENCIA Nº 104. URB ZARATE,SAN JUAN DE LURIGANCHO,"AV. PRÓCERES DE LA INDEPENCIA 104. URB ZARATE, SAN JUAN DE LURIGANCHO, LIMA, PERU",,,0,,,
9616,"AV. LIMA ESQUINA AV. MARIA REICHE, MZ. C, LOTE 17, AA.HH. VILLA LA PAZ",VILLA EL SALVADOR,"AV. LIMA ESQUINA AV. MARIA REICHE, MZ. C, LOTE 17, VILLA EL SALVADOR, LIMA, PERU",,,0,,,
9622,AV. PASEO PARODI 220,SAN ISIDRO,"AV. PASEO PARODI 220, SAN ISIDRO, LIMA, PERU",-12.093302,-77.030517,1,highway,tertiary,"Avenida Paseo Parodi, Chacarilla, San Isidro, Lima, Lima Metropolitana, Lima, 15494, Perú"
96316,"AV. REPUBLICA DE PANAMÁ MZ. 8, LOTES 5 Y 6, SUB-LOTE 1, URB. CHACARITAS",CALLAO,"AV. REPUBLICA DE PANAMÁ, CALLAO, LIMA, PERU",-12.057127,-77.132952,3,highway,secondary,"Avenida República de Panamá, Santa Marina, Callao, Lima Metropolitana, Callao, 07001, Perú"
96346,"MZ. A LOTE 17, ESQUINA AV. ALFREDO PALACIOS CON CALLE SANTA FE",CALLAO,"MZ. A LOTE 17, ESQUINA AV. ALFREDO PALACIOS CON CALLE SANTA FE, CALLAO, LIMA, PERU",,,0,,,
9635,AV. OSCAR R. BENAVIDES NO. 2398,LIMA,"AV. OSCAR R. BENAVIDES NO. 2398, LIMA, LIMA, PERU",-11.874112,-77.013277,1,highway,residential,"Jirón Mariscal R. Benavides Este, AH El Paraiso, El Progreso, Carabayllo, Lima, Lima Metropolitana, Lima, 15321, Perú"
96397,"ASOCIACIÓN TALLER SEÑOR DE LOS MILAGROS, MZ. B5 LT 02, 03, 04, 05 Y 06",VENTANILLA,"ASOCIACIÓN TALLER SEÑOR DE LOS MILAGROS, MZ. B5 LT 02, 03, 04, 05 Y 06, VENTANILLA, LIMA, PERU",,,0,,,
96518,"AV. VICTOR MALASQUEZ ESQUINA CON AV. MIGUEL GRAU, SECTOR C, MANZANA C, LOTE 1, CENTRO POBLADO HUERTOS DE MANCHAY",PACHACAMAC,"AV. VICTOR MALASQUEZ ESQUINA CON AV. MIGUEL GRAU, PACHACAMAC, LIMA, PERU",,,0,,,
9652,AV. PROLONGACION PACHACUTEC N° 5295,VILLA MARIA DEL TRIUNFO,"AV. PROLONGACION PACHACUTEC 5295, VILLA MARIA DEL TRIUNFO, LIMA, PERU",,,0,,,
96520,AV. JOSE CARLOS MARIATEGUI 1217,VILLA MARIA DEL TRIUNFO,"AV. JOSE CARLOS MARIATEGUI 1217, VILLA MARIA DEL TRIUNFO, LIMA, PERU",-12.224012,-76.914547,1,highway,residential,"Avenida José Carlos Mariátegui, Villa María del Triunfo, Lima, Lima Metropolitana, Lima, 15822, Perú"
96566,"AV. 24 DE SETIEMBRE, MZ. G, LT 21 - ASOCIACION PROVIVIENDA CAMPOSOL",LURIGANCHO,"AV. 24 DE SETIEMBRE, LURIGANCHO, LIMA, PERU",-12.002429,-76.872407,3,highway,tertiary,"Calle 24 de Setiembre, Carapongo, Lurigancho, Lima, Lima Metropolitana, Lima, 15487, Perú"
9659,"CARRETERA PANAMERICANA SUR KM. 33 PARCELA C-14 A, PREDIO LAS SALINAS",LURIN,"CARRETERA. PANAMERICANA SUR KM. 33, LURIN, LIMA, PERU",-12.317877,-76.830235,2,highway,motorway,"Carretera Panamericana Sur, Villa Nueva Navarra, Punta Hermosa, Lima, Lima Metropolitana, Lima, 15846, Perú"
96646,"ESQUINA AV. CORDILLERA NEGRA Y JR. VOLCAN COROPUNA MZ. E-13, LT. 5, URB. LAS DELICIAS DE VILLA",CHORRILLOS,"AV. CORDILLERA NEGRA, CHORRILLOS, LIMA, PERU",-12.198442,-76.98888,3,highway,residential,"Avenida Cordillera Negra, Túpac Amaru de Villa, Delicias de Villa, Chorrillos, Lima, Lima Metropolitana, Lima, 15067, Perú"
96681,"MZ. A LOTES 1, 2, 3, 4, 5 Y 6 DEL PROGRAMA DE VIVIENDA Y COMERCIO LAS PRADERAS DE PARIACHI ",ATE,"MZ. A LOTES 1, 2, 3, 4, 5 Y 6 DEL, ATE, LIMA, PERU",,,0,,,
97130,"AV. SANTA CRUZ ESQUINA AV. CAJAMARQUILLA LOTE 1 Y LOTE 2, AA.HH. SANTA CRUZ DE CAJAMARQUILLA",LURIGANCHO,"AV. SANTA CRUZ ESQUINA AV. CAJAMARQUILLA LOTE 1 Y LOTE 2, LURIGANCHO, LIMA, PERU",,,0,,,
97176,"AA. HH. EDILBERTO RAMOS, GRUPO 01, MZ A LT 2, SUB LOTE 1 4TA ETAPA URB PACHACAMAC",VILLA EL SALVADOR,"AA. HH. EDILBERTO RAMOS, GRUPO 01, MZ A LT 2, SUB LOTE 1 4TA ETAPA URB PACHACAMAC, VILLA EL SALVADOR, LIMA, PERU",,,0,,,
97328,"AV. LOS FRUTALES N° 994, ACUMULACIÓN DE LOS LOTES 1 Y 2, MANZANA A, URBANIZACIÓN CAMINO REAL",LA MOLINA,"AV. LOS FRUTALES 994, LA MOLINA, LIMA, PERU",-12.070264,-76.964696,2,highway,secondary,"Avenida Los Frutales, Matazango, La Molina, Lima, Lima Metropolitana, Lima, 10051, Perú"
98095,"PROLONGACIÓN AV. EL SOL MZ. I-1 LOTE 01 SUB LOTE 1A, COOPERATIVA LAS VERTIENTES",VILLA EL SALVADOR,"PROLONGACIÓN AV. EL SOL MZ. I-1 LOTE 01 SUB LOTE 1A, VILLA EL SALVADOR, LIMA, PERU",,,0,,,
98168,"MZ. J, LOTE 1, ASOCIACION HUERTA GRANJA EL AYLLU",LURIGANCHO,"MZ. J, LOTE 1, LURIGANCHO, LIMA, PERU",,,0,,,
98276,MALECON CHECA N 2599 MAZ M SUB LOTE 3-B-B URB.LOTIZACION CAMPOY,SAN JUAN DE LURIGANCHO,"MALECON. CHECA N, SAN JUAN DE LURIGANCHO, LIMA, PERU",-12.025975,-76.985968,3,highway,primary,"Avenida Malecón Miguel Checa Eguiguren, Zárate, San Juan de Lurigancho, Lima, Lima Metropolitana, Lima, 15427, Perú"
43574,AV. REPUBLICA DE PANAMA N° 402 ESQ. JR. AURELIO DE SOUZA,BARRANCO,"AV. REPUBLICA DE PANAMA 402, BARRANCO, LIMA, PERU",-12.137581,-77.017874,2,highway,primary,"Avenida República de Panamá, Barranco, Lima, Lima Metropolitana, Lima, 15049, Perú"
6490,AV. HUAYLAS KM. 19 URB. VILLA BAJA,CHORRILLOS,"AV. HUAYLAS KM. 19, CHORRILLOS, LIMA, PERU",-12.178684,-77.014986,1,highway,primary,"Avenida Defensores del Morro, Chorrillos, Lima, Lima Metropolitana, Lima, 15064, Perú"
124098," AV. LA MOLINA N° 448, MZ. H2, LOTE 07, URB. LOTIZACION INDUSTRIAL EL ARTESANO ",ATE,"AV. LA MOLINA 448, ATE, LIMA, PERU",-12.056498,-76.96372,2,highway,secondary,"Avenida La Molina, Ate, Lima, Lima Metropolitana, Lima, 15008, Perú"
125276,"AV. LOS CASTILLOS Nº 340, URB. INDUSTRIAL SANTA ROSA",ATE,"AV. LOS CASTILLOS 340, ATE, LIMA, PERU",-12.057548,-76.968836,1,highway,unclassified,"Avenida Los Castillos, Ate, Lima, Lima Metropolitana, Lima, 15008, Perú"
141548,CARRETERA PANAMERICANA SUR KM. 19.8,VILLA EL SALVADOR,"CARRETERA. PANAMERICANA SUR KM. 19, VILLA EL SALVADOR, LIMA, PERU",-12.222692,-76.976885,2,amenity,university,"Universidad Científica del Sur, Km. 19, Carretera Panamericana Sur, Villa El Salvador, Lima, Lima Metropolitana, Lima, 15829, Perú"
127967,"ESQUINA AV. CORDILLERA NEGRA Y JR. VOLCAN COROPUNA MZ E-13, LT. 5, URB. LAS DELICIAS DE VILLA",CHORRILLOS,"AV. CORDILLERA NEGRA, CHORRILLOS, LIMA, PERU",-12.198442,-76.98888,3,highway,residential,"Avenida Cordillera Negra, Túpac Amaru de Villa, Delicias de Villa, Chorrillos, Lima, Lima Metropolitana, Lima, 15067, Perú"
179720,"ESQUINA DE LA AV. LOMAS DE CARABAYLLO - AV. VILLA RICA MZ. A, LOTES 1 Y 2 AAHH. ASOCIACION AGROPECUARIA VILLA RICA ",CARABAYLLO,"ESQUINA DE LA AV. LOMAS DE CARABAYLLO - AV. VILLA RICA MZ. A, LOTES 1 Y 2, CARABAYLLO, LIMA, PERU",,,0,,,
180263,"MZ. '37' LOTE 05, 3° ETAPA PARCELACION CIENEGUILLA AV. 'A', CARRETERA LIMA - HUAROCHIRI KM. 27.5",CIENEGUILLA,"MZ. 37 LOTE 05, 3°, CIENEGUILLA, LIMA, PERU",,,0,,,
40964,AV. LOS HEROES N° 1109,SAN JUAN DE MIRAFLORES,"AV. LOS HEROES 1109, SAN JUAN DE MIRAFLORES, LIMA, PERU",-12.151093,-76.980007,1,highway,secondary,"Avenida Los Héroes, Jesús Poderoso, San Juan de Miraflores, Lima, Lima Metropolitana, Lima, 15029, Perú"
100048,AV. 1 DE MAYO MZ. E LT 32-33 1ER SECTOR COOP. VIV. VIRGEN DE COCHARCAS,VILLA EL SALVADOR,"AV. 1 DE MAYO, VILLA EL SALVADOR, LIMA, PERU",-12.226999,-76.93933,3,place,neighbourhood,"Primero de Mayo, Sector 3, Villa El Salvador, Lima, Lima Metropolitana, Lima, Perú"
95538,AV. TOMAS VALLE N° 2053  URB. SAN PEDRO DE GARAGAY,SAN MARTIN DE PORRES,"AV. TOMAS VALLE 2053, SAN MARTIN DE PORRES, LIMA, PERU",-12.012183,-77.087383,1,highway,primary,"Avenida Tomás Valle, San Pedro de Garagay, Garagay, San Martín de Porres, Lima, Lima Metropolitana, Lima, 15031, Perú"
156860,AV. PROGRESO ESQ. JR. SIMON BOLIVAR PP. JJ. JOSE CARLOS MARIATEGUI MZ. N 5 LOTE 9 ETAPA SEGUNDA SECTOR SANTA ROSA Y BELEN P03097270,VILLA MARIA DEL TRIUNFO,"AV. PROGRESO ESQ. JR. SIMON BOLIVAR PP. JJ. JOSE CARLOS MARIATEGUI MZ. N 5 LOTE 9, VILLA MARIA DEL TRIUNFO, LIMA, PERU",,,0,,,
94418,"AV. NICOLAS AYLLON MZ. 306, LOTES 1, 2 Y 3. ESQ. CON AV. MEXICO, URB. SAN PABLO",LA VICTORIA,"AV. NICOLAS AYLLON, LA VICTORIA, LIMA, PERU",-12.063411,-77.000606,3,highway,primary,"Avenida Nicolás de Ayllón, La Victoria, Lima, Lima Metropolitana, Lima, 15019, Perú"
137879,AV. UNIVERSITARIA MZ. G LOTE 9 URB. SANTA ISOLINA,COMAS,"AV. UNIVERSITARIA, COMAS, LIMA, PERU",-11.937545,-77.057914,3,highway,primary,"Avenida Universitaria, Santa Luzmila, Comas, Lima, Lima Metropolitana, Lima, 15314, Perú"
84090,PROLONG. AV. BUENOS AIRES N° 2499 ZAPALLAL,PUENTE PIEDRA,"AV. BUENOS AIRES 2499, PUENTE PIEDRA, LIMA, PERU",-11.844888,-77.100154,2,highway,secondary,"Avenida Buenos Aires, Zapallal, Puente Piedra, Lima, Lima Metropolitana, Lima, 15122, Perú"
145111,"ASOCIACION DE VIVIENDA CASA TALLER SANTA MARGARITA MZ L LTS 3,4 Y 5-A",VENTANILLA,"ASOCIACION DE VIVIENDA CASA TALLER SANTA MARGARITA MZ L LTS 3,4 Y 5-A, VENTANILLA, LIMA, PERU",,,0,,,
60762,AA.HH. HEROES DE SAN JUAN MZ. D LOTE 2,SAN JUAN DE MIRAFLORES,"AA.HH. HEROES DE SAN JUAN MZ. D LOTE 2, SAN JUAN DE MIRAFLORES, LIMA, PERU",,,0,,,
83993,AV. BOLIVAR N° 425,PUEBLO LIBRE,"AV. BOLIVAR 425, PUEBLO LIBRE, LIMA, PERU",-12.07245,-77.066503,1,highway,secondary,"Avenida Simón Bolivar, Pueblo Libre, Lima, Lima Metropolitana, Lima, 15084, Perú"
63904,"AV. HIPOLITO UNANUE N° 366, ESQ. CON JR. SAENZ PEÑA",LA VICTORIA,"AV. HIPOLITO UNANUE 366, LA VICTORIA, LIMA, PERU",-12.066757,-77.025531,2,highway,residential,"Jirón Hipólito Unánue, Barrio Mendoza, La Victoria, Lima, Lima Metropolitana, Lima, 15011, Perú"
187377,AV. HÉROES DEL ALTO CENEPA (ANTES AUTOPISTA CHILLON TRAPICHE) LOTE 57 EX FUNDO CHACRA CERRO,COMAS,"AV. HÉROES DEL ALTO CENEPA LOTE 57 EX, COMAS, LIMA, PERU",,,0,,,
116182,CARRETERA CENTRAL KM 14.5,ATE,"CARRETERA CENTRAL KM 14.5, ATE, LIMA, PERU",-12.021489,-76.906437,1,highway,primary,"Avenida Nicolás de Ayllón, Vitarte, Ate, Lima, Lima Metropolitana, Lima, 15487, Perú"
18460,AV. CARLOS IZAGUIRRE N° 220,INDEPENDENCIA,"AV. CARLOS IZAGUIRRE 220, INDEPENDENCIA, LIMA, PERU",-11.989291,-77.057827,1,amenity,pharmacy,"Boticas Perú, 119, Avenida Carlos Alberto Izaguirre, Independencia, Lima, Lima Metropolitana, Lima, 15311, Perú"
